# frequency_cm-1 intensity_normalized
0.000000000000000000e+00 1.523995341621153235e-03
2.123772717368805074e-01 1.529905627111625673e-03
4.247545434737610148e-01 1.535851497863438596e-03
6.371318152106415500e-01 1.541833242052355422e-03
8.495090869475220297e-01 1.547851150780292810e-03
1.061886358684402509e+00 1.553905518111037970e-03
1.274263630421283100e+00 1.559996641106483565e-03
1.486640902158163469e+00 1.566124819863377177e-03
1.699018173895044059e+00 1.572290357550594443e-03
1.911395445631924650e+00 1.578493560446951258e-03
2.123772717368805019e+00 1.584734737979557424e-03
2.336149989105685609e+00 1.591014202762723899e-03
2.548527260842566200e+00 1.597332270637432088e-03
2.760904532579446791e+00 1.603689260711373870e-03
2.973281804316326937e+00 1.610085495399571007e-03
3.185659076053207528e+00 1.616521300465588711e-03
3.398036347790088119e+00 1.622997005063344213e-03
3.610413619526968709e+00 1.629512941779530290e-03
3.822790891263849300e+00 1.636069446676652024e-03
4.035168163000729891e+00 1.642666859336706052e-03
4.247545434737610037e+00 1.649305522905486271e-03
4.459922706474491072e+00 1.655985784137554376e-03
4.672299978211371219e+00 1.662707993441866561e-03
4.884677249948251365e+00 1.669472504928074148e-03
5.097054521685132400e+00 1.676279676453513350e-03
5.309431793422012547e+00 1.683129869670889562e-03
5.521809065158893581e+00 1.690023450076673980e-03
5.734186336895773728e+00 1.696960787060213622e-03
5.946563608632653875e+00 1.703942253953585114e-03
6.158940880369534909e+00 1.710968228082185077e-03
6.371318152106415056e+00 1.718039090816088788e-03
6.583695423843296091e+00 1.725155227622168861e-03
6.796072695580176237e+00 1.732317028117009083e-03
7.008449967317056384e+00 1.739524886120612105e-03
7.220827239053937419e+00 1.746779199710920064e-03
7.433204510790817565e+00 1.754080371279163972e-03
7.645581782527698600e+00 1.761428807586045558e-03
7.857959054264578747e+00 1.768824919818789065e-03
8.070336326001459781e+00 1.776269123649047623e-03
8.282713597738339928e+00 1.783761839291706040e-03
8.495090869475220074e+00 1.791303491564582608e-03
8.707468141212100221e+00 1.798894509949039693e-03
8.919845412948982144e+00 1.806535328651538231e-03
9.132222684685862291e+00 1.814226386666135905e-03
9.344599956422742437e+00 1.821968127837951361e-03
9.556977228159622584e+00 1.829761000927613949e-03
9.769354499896502730e+00 1.837605459676708557e-03
9.981731771633384653e+00 1.845501962874247824e-03
1.019410904337026480e+01 1.853450974424172620e-03
1.040648631510714495e+01 1.861452963413912434e-03
1.061886358684402509e+01 1.869508404184015010e-03
1.083124085858090524e+01 1.877617776398876224e-03
1.104361813031778716e+01 1.885781565118575418e-03
1.125599540205466731e+01 1.894000260871849580e-03
1.146837267379154746e+01 1.902274359730214389e-03
1.168074994552842760e+01 1.910604363383265744e-03
1.189312721726530775e+01 1.918990779215172830e-03
1.210550448900218967e+01 1.927434120382392211e-03
1.231788176073906982e+01 1.935934905892613142e-03
1.253025903247594997e+01 1.944493660684975958e-03
1.274263630421283011e+01 1.953110915711566559e-03
1.295501357594971026e+01 1.961787208020224736e-03
1.316739084768659218e+01 1.970523080838680868e-03
1.337976811942347233e+01 1.979319083660055663e-03
1.359214539116035247e+01 1.988175772329734900e-03
1.380452266289723262e+01 1.997093709133659911e-03
1.401689993463411277e+01 2.006073462888046614e-03
1.422927720637099469e+01 2.015115609030564310e-03
1.444165447810787484e+01 2.024220729713008086e-03
1.465403174984475498e+01 2.033389413895483021e-03
1.486640902158163513e+01 2.042622257442130562e-03
1.507878629331851528e+01 2.051919863218434805e-03
1.529116356505539720e+01 2.061282841190122551e-03
1.550354083679227735e+01 2.070711808523703103e-03
1.571591810852915749e+01 2.080207389688669504e-03
1.592829538026603764e+01 2.089770216561393727e-03
1.614067265200291956e+01 2.099400928530750950e-03
1.635304992373979971e+01 2.109100172605503278e-03
1.656542719547667986e+01 2.118868603523478469e-03
1.677780446721356000e+01 2.128706883862577053e-03
1.699018173895044015e+01 2.138615684153635614e-03
1.720255901068732030e+01 2.148595682995203902e-03
1.741493628242420044e+01 2.158647567170243146e-03
1.762731355416108059e+01 2.168772031764804129e-03
1.783969082589796429e+01 2.178969780288715803e-03
1.805206809763484443e+01 2.189241524798324779e-03
1.826444536937172458e+01 2.199587986021321693e-03
1.847682264110860473e+01 2.210009893483699979e-03
1.868919991284548487e+01 2.220507985638889552e-03
1.890157718458236502e+01 2.231083009999104867e-03
1.911395445631924517e+01 2.241735723268945511e-03
1.932633172805612531e+01 2.252466891481307455e-03
1.953870899979300546e+01 2.263277290135639209e-03
1.975108627152988561e+01 2.274167704338592774e-03
1.996346354326676931e+01 2.285138928947118373e-03
2.017584081500364945e+01 2.296191768714046788e-03
2.038821808674052960e+01 2.307327038436217826e-03
2.060059535847740975e+01 2.318545563105195266e-03
2.081297263021428989e+01 2.329848178060625954e-03
2.102534990195117004e+01 2.341235729146296830e-03
2.123772717368805019e+01 2.352709072868941053e-03
2.145010444542493033e+01 2.364269076559850479e-03
2.166248171716181048e+01 2.375916618539352602e-03
2.187485898889869063e+01 2.387652588284204860e-03
2.208723626063557433e+01 2.399477886597972242e-03
2.229961353237245447e+01 2.411393425784444551e-03
2.251199080410933462e+01 2.423400129824156667e-03
2.272436807584621477e+01 2.435498934554078572e-03
2.293674534758309491e+01 2.447690787850530670e-03
2.314912261931997506e+01 2.459976649815403312e-03
2.336149989105685520e+01 2.472357492965742559e-03
2.357387716279373535e+01 2.484834302426765489e-03
2.378625443453061550e+01 2.497408076128392225e-03
2.399863170626749564e+01 2.510079825005350623e-03
2.421100897800437934e+01 2.522850573200939063e-03
2.442338624974125949e+01 2.535721358274524093e-03
2.463576352147813964e+01 2.548693231412839291e-03
2.484814079321501978e+01 2.561767257645180748e-03
2.506051806495189993e+01 2.574944516062574636e-03
2.527289533668878008e+01 2.588226100040992312e-03
2.548527260842566022e+01 2.601613117468723133e-03
2.569764988016254037e+01 2.615106690977953528e-03
2.591002715189942052e+01 2.628707958180687230e-03
2.612240442363630066e+01 2.642418071909070389e-03
2.633478169537318436e+01 2.656238200460213968e-03
2.654715896711006451e+01 2.670169527845631802e-03
2.675953623884694466e+01 2.684213254045376279e-03
2.697191351058382480e+01 2.698370595266974016e-03
2.718429078232070495e+01 2.712642784209279029e-03
2.739666805405758510e+01 2.727031070331324084e-03
2.760904532579446524e+01 2.741536720126310726e-03
2.782142259753134539e+01 2.756161017400829069e-03
2.803379986926822554e+01 2.770905263559421405e-03
2.824617714100510923e+01 2.785770777894623629e-03
2.845855441274198938e+01 2.800758897882583368e-03
2.867093168447886953e+01 2.815870979484391429e-03
2.888330895621574967e+01 2.831108397453258388e-03
2.909568622795262982e+01 2.846472545647640417e-03
2.930806349968950997e+01 2.861964837350484351e-03
2.952044077142639011e+01 2.877586705594687398e-03
2.973281804316327026e+01 2.893339603494944103e-03
2.994519531490015041e+01 2.909225004586109362e-03
3.015757258663703055e+01 2.925244403168217149e-03
3.036994985837391425e+01 2.941399314658321891e-03
3.058232713011079440e+01 2.957691275949303044e-03
3.079470440184767455e+01 2.974121845775794595e-03
3.100708167358455469e+01 2.990692605087415593e-03
3.121945894532143484e+01 3.007405157429425286e-03
3.143183621705831499e+01 3.024261129331040545e-03
3.164421348879519513e+01 3.041262170701521800e-03
3.185659076053207528e+01 3.058409955234255191e-03
3.206896803226895543e+01 3.075706180818993992e-03
3.228134530400583913e+01 3.093152569962446651e-03
3.249372257574271572e+01 3.110750870217414855e-03
3.270609984747959942e+01 3.128502854620680666e-03
3.291847711921647601e+01 3.146410322139821421e-03
3.313085439095335971e+01 3.164475098129219521e-03
3.334323166269023631e+01 3.182699034795404176e-03
3.355560893442712000e+01 3.201084011672010021e-03
3.376798620616400370e+01 3.219631936104558161e-03
3.398036347790088030e+01 3.238344743745262197e-03
3.419274074963776400e+01 3.257224399058166690e-03
3.440511802137464059e+01 3.276272895834778532e-03
3.461749529311152429e+01 3.295492257720520398e-03
3.482987256484840088e+01 3.314884538752204887e-03
3.504224983658528458e+01 3.334451823906835980e-03
3.525462710832216118e+01 3.354196229661981967e-03
3.546700438005904488e+01 3.374119904568031666e-03
3.567938165179592858e+01 3.394225029832565951e-03
3.589175892353280517e+01 3.414513819917222755e-03
3.610413619526968887e+01 3.434988523147271960e-03
3.631651346700656546e+01 3.455651422334272277e-03
3.652889073874344916e+01 3.476504835412113237e-03
3.674126801048032576e+01 3.497551116086745904e-03
3.695364528221720946e+01 3.518792654500005595e-03
3.716602255395408605e+01 3.540231877907782081e-03
3.737839982569096975e+01 3.561871251372990439e-03
3.759077709742784634e+01 3.583713278473638335e-03
3.780315436916473004e+01 3.605760502026404343e-03
3.801553164090161374e+01 3.628015504826102421e-03
3.822790891263849034e+01 3.650480910401441518e-03
3.844028618437537403e+01 3.673159383787485358e-03
3.865266345611225063e+01 3.696053632315223977e-03
3.886504072784913433e+01 3.719166406418721905e-03
3.907741799958601092e+01 3.742500500460246328e-03
3.928979527132289462e+01 3.766058753573896939e-03
3.950217254305977121e+01 3.789844050528119995e-03
3.971454981479665491e+01 3.813859322607708081e-03
3.992692708653353861e+01 3.838107548515673310e-03
4.013930435827041521e+01 3.862591755295591983e-03
4.035168163000729891e+01 3.887315019274918161e-03
4.056405890174417550e+01 3.912280467029786990e-03
4.077643617348105920e+01 3.937491276371943121e-03
4.098881344521793579e+01 3.962950677358284719e-03
4.120119071695481949e+01 3.988661953323687469e-03
4.141356798869169609e+01 4.014628441937684485e-03
4.162594526042857979e+01 4.040853536285648334e-03
4.183832253216546349e+01 4.067340685975117005e-03
4.205069980390234008e+01 4.094093398267942968e-03
4.226307707563922378e+01 4.121115239238959220e-03
4.247545434737610037e+01 4.148409834961838856e-03
4.268783161911298407e+01 4.175980872722939198e-03
4.290020889084986067e+01 4.203832102263823506e-03
4.311258616258674436e+01 4.231967337053287731e-03
4.332496343432362096e+01 4.260390455589652126e-03
4.353734070606050466e+01 4.289105402734184197e-03
4.374971797779738125e+01 4.318116191076461392e-03
4.396209524953426495e+01 4.347426902332592047e-03
4.417447252127114865e+01 4.377041688777156755e-03
4.438684979300802524e+01 4.406964774709847682e-03
4.459922706474490894e+01 4.437200457957733019e-03
4.481160433648178554e+01 4.467753111414142324e-03
4.502398160821866924e+01 4.498627184615223117e-03
4.523635887995554583e+01 4.529827205355178334e-03
4.544873615169242953e+01 4.561357781341324365e-03
4.566111342342930612e+01 4.593223601890034785e-03
4.587349069516618982e+01 4.625429439664789297e-03
4.608586796690307352e+01 4.657980152457471060e-03
4.629824523863995012e+01 4.690880685014176162e-03
4.651062251037683382e+01 4.724136070906798969e-03
4.672299978211371041e+01 4.757751434451710018e-03
4.693537705385059411e+01 4.791731992676876925e-03
4.714775432558747070e+01 4.826083057338835178e-03
4.736013159732435440e+01 4.860810036990959038e-03
4.757250886906123100e+01 4.895918439104511403e-03
4.778488614079811470e+01 4.931413872244042561e-03
4.799726341253499129e+01 4.967302048298685192e-03
4.820964068427187499e+01 5.003588784771057819e-03
4.842201795600875869e+01 5.040280007125405581e-03
4.863439522774563528e+01 5.077381751196793740e-03
4.884677249948251898e+01 5.114900165663145877e-03
4.905914977121939557e+01 5.152841514581992487e-03
4.927152704295627927e+01 5.191212179993901464e-03
4.948390431469315587e+01 5.230018664594556811e-03
4.969628158643003957e+01 5.269267594477614058e-03
4.990865885816691616e+01 5.308965721950411470e-03
5.012103612990379986e+01 5.349119928424809524e-03
5.033341340164068356e+01 5.389737227385424205e-03
5.054579067337756015e+01 5.430824767437635037e-03
5.075816794511444385e+01 5.472389835437830273e-03
5.097054521685132045e+01 5.514439859708403745e-03
5.118292248858820415e+01 5.556982413340181767e-03
5.139529976032508074e+01 5.600025217584926433e-03
5.160767703206196444e+01 5.643576145340814879e-03
5.182005430379884103e+01 5.687643224733743806e-03
5.203243157553572473e+01 5.732234642797516717e-03
5.224480884727260133e+01 5.777358749256008598e-03
5.245718611900948503e+01 5.823024060410586684e-03
5.266956339074636873e+01 5.869239263136086758e-03
5.288194066248324532e+01 5.916013218988868186e-03
5.309431793422012902e+01 5.963354968430515171e-03
5.330669520595700561e+01 6.011273735170914734e-03
5.351907247769388931e+01 6.059778930634599804e-03
5.373144974943076591e+01 6.108880158554314335e-03
5.394382702116764960e+01 6.158587219696021013e-03
5.415620429290452620e+01 6.208910116719576489e-03
5.436858156464140990e+01 6.259859059179613897e-03
5.458095883637829360e+01 6.311444468671184582e-03
5.479333610811517019e+01 6.363676984125044879e-03
5.500571337985205389e+01 6.416567467257482463e-03
5.521809065158893048e+01 6.470127008179908136e-03
5.543046792332581418e+01 6.524366931173565531e-03
5.564284519506269078e+01 6.579298800634884696e-03
5.585522246679957448e+01 6.634934427197322973e-03
5.606759973853645107e+01 6.691285874035608587e-03
5.627997701027333477e+01 6.748365463358693521e-03
5.649235428201021847e+01 6.806185783097817681e-03
5.670473155374709506e+01 6.864759693796432423e-03
5.691710882548397876e+01 6.924100335708949228e-03
5.712948609722085536e+01 6.984221136115560322e-03
5.734186336895773906e+01 7.045135816860680772e-03
5.755424064069461565e+01 7.106858402122771465e-03
5.776661791243149935e+01 7.169403226423796786e-03
5.797899518416837594e+01 7.232784942886638473e-03
5.819137245590525964e+01 7.297018531749377770e-03
5.840374972764213624e+01 7.362119309145501167e-03
5.861612699937901994e+01 7.428102936159604493e-03
5.882850427111590363e+01 7.494985428168438220e-03
5.904088154285278023e+01 7.562783164477654592e-03
5.925325881458966393e+01 7.631512898264907786e-03
5.946563608632654052e+01 7.701191766840479597e-03
5.967801335806342422e+01 7.771837302237088844e-03
5.989039062980030081e+01 7.843467442140858448e-03
6.010276790153718451e+01 7.916100541176191233e-03
6.031514517327406111e+01 7.989755382557485117e-03
6.052752244501094481e+01 8.064451190121522950e-03
6.073989971674782851e+01 8.140207640754603888e-03
6.095227698848470510e+01 8.217044877229391295e-03
6.116465426022158880e+01 8.294983521466849433e-03
6.137703153195846539e+01 8.374044688239398390e-03
6.158940880369534909e+01 8.454249999332145299e-03
6.180178607543222569e+01 8.535621598179629274e-03
6.201416334716910939e+01 8.618182164996476824e-03
6.222654061890598598e+01 8.701954932420903968e-03
6.243891789064286968e+01 8.786963701691132347e-03
6.265129516237974627e+01 8.873232859375329573e-03
6.286367243411662997e+01 8.960787394676908782e-03
6.307604970585351367e+01 9.049652917337719718e-03
6.328842697759039027e+01 9.139855676162851952e-03
6.350080424932727396e+01 9.231422578191728415e-03
6.371318152106415056e+01 9.324381208541303659e-03
6.392555879280103426e+01 9.418759850948326198e-03
6.413793606453791085e+01 9.514587509038883659e-03
6.435031333627479455e+01 9.611893928354684619e-03
6.456269060801167825e+01 9.710709619166870213e-03
6.477506787974854774e+01 9.811065880109656051e-03
6.498744515148543144e+01 9.912994822667470229e-03
6.519982242322231514e+01 1.001652939655083008e-02
6.541219969495919884e+01 1.012170341599799225e-02
6.562457696669608254e+01 1.022855158704091480e-02
6.583695423843295202e+01 1.033710953577607339e-02
6.604933151016983572e+01 1.044741383768249890e-02
6.626170878190671942e+01 1.055950204803134812e-02
6.647408605364360312e+01 1.067341273343367335e-02
6.668646332538047261e+01 1.078918550457502040e-02
6.689884059711735631e+01 1.090686105018801554e-02
6.711121786885424001e+01 1.102648117231643486e-02
6.732359514059112371e+01 1.114808882292709150e-02
6.753597241232800741e+01 1.127172814192832148e-02
6.774834968406487690e+01 1.139744449665702763e-02
6.796072695580176060e+01 1.152528452289916690e-02
6.817310422753864430e+01 1.165529616751171879e-02
6.838548149927552799e+01 1.178752873271786232e-02
6.859785877101239748e+01 1.192203292215034648e-02
6.881023604274928118e+01 1.205886088872212304e-02
6.902261331448616488e+01 1.219806628440705913e-02
6.923499058622304858e+01 1.233970431201812136e-02
6.944736785795993228e+01 1.248383177907453311e-02
6.965974512969680177e+01 1.263050715385447866e-02
6.987212240143368547e+01 1.277979062373471066e-02
7.008449967317056917e+01 1.293174415592373595e-02
7.029687694490745287e+01 1.308643156070110093e-02
7.050925421664432236e+01 1.324391855728089887e-02
7.072163148838120605e+01 1.340427284242414439e-02
7.093400876011808975e+01 1.356756416193114108e-02
7.114638603185497345e+01 1.373386438515224704e-02
7.135876330359185715e+01 1.390324758266270333e-02
7.157114057532872664e+01 1.407579010725512093e-02
7.178351784706561034e+01 1.425157067841187862e-02
7.199589511880249404e+01 1.443067047042813876e-02
7.220827239053937774e+01 1.461317320436613006e-02
7.242064966227624723e+01 1.479916524403105012e-02
7.263302693401313093e+01 1.498873569616970131e-02
7.284540420575001463e+01 1.518197651510423164e-02
7.305778147748689832e+01 1.537898261202557890e-02
7.327015874922378202e+01 1.557985196918362444e-02
7.348253602096065151e+01 1.578468575922505751e-02
7.369491329269753521e+01 1.599358846994413177e-02
7.390729056443441891e+01 1.620666803472680870e-02
7.411966783617130261e+01 1.642403596898554807e-02
7.433204510790817210e+01 1.664580751289892330e-02
7.454442237964505580e+01 1.687210178078921846e-02
7.475679965138193950e+01 1.710304191749052044e-02
7.496917692311882320e+01 1.733875526208135745e-02
7.518155419485569269e+01 1.757937351937805676e-02
7.539393146659257638e+01 1.782503293960914156e-02
7.560630873832946008e+01 1.807587450671644877e-02
7.581868601006634378e+01 1.833204413575639791e-02
7.603106328180322748e+01 1.859369287990349229e-02
7.624344055354009697e+01 1.886097714758961513e-02
7.645581782527698067e+01 1.913405893034597280e-02
7.666819509701386437e+01 1.941310604194981804e-02
7.688057236875074807e+01 1.969829236951677054e-02
7.709294964048761756e+01 1.998979813721962068e-02
7.730532691222450126e+01 2.028781018335882105e-02
7.751770418396138496e+01 2.059252225155575738e-02
7.773008145569826866e+01 2.090413529689098826e-02
7.794245872743515235e+01 2.122285780786238932e-02
7.815483599917202184e+01 2.154890614509612917e-02
7.836721327090890554e+01 2.188250489780526470e-02
7.857959054264578924e+01 2.222388725905636436e-02
7.879196781438267294e+01 2.257329542097665301e-02
7.900434508611954243e+01 2.293098099110972912e-02
7.921672235785642613e+01 2.329720543121067966e-02
7.942909962959330983e+01 2.367224051985905922e-02
7.964147690133019353e+01 2.405636884036409587e-02
7.985385417306707723e+01 2.444988429553784232e-02
8.006623144480394672e+01 2.485309265102261106e-02
8.027860871654083041e+01 2.526631210897742688e-02
8.049098598827771411e+01 2.568987391405586768e-02
8.070336326001459781e+01 2.612412299374585953e-02
8.091574053175146730e+01 2.656941863529012349e-02
8.112811780348835100e+01 2.702613520156683935e-02
8.134049507522523470e+01 2.749466288848267242e-02
8.155287234696211840e+01 2.797540852661827351e-02
8.176524961869900210e+01 2.846879643006791985e-02
8.197762689043587159e+01 2.897526929563369255e-02
8.219000416217275529e+01 2.949528915577188243e-02
8.240238143390963899e+01 3.002933838894421281e-02
8.261475870564652269e+01 3.057792079130526933e-02
8.282713597738339217e+01 3.114156271395688777e-02
8.303951324912027587e+01 3.172081427032701767e-02
8.325189052085715957e+01 3.231625061858277304e-02
8.346426779259404327e+01 3.292847332437270208e-02
8.367664506433092697e+01 3.355811180960784068e-02
8.388902233606779646e+01 3.420582489344491106e-02
8.410139960780468016e+01 3.487230243212598169e-02
8.431377687954156386e+01 3.555826706486334143e-02
8.452615415127844756e+01 3.626447607354122554e-02
8.473853142301531705e+01 3.699172336463775468e-02
8.495090869475220074e+01 3.774084158246125698e-02
8.516328596648908444e+01 3.851270436354550103e-02
8.537566323822596814e+01 3.930822874286900304e-02
8.558804050996283763e+01 4.012837772345558690e-02
8.580041778169972133e+01 4.097416302188972709e-02
8.601279505343660503e+01 4.184664800334347151e-02
8.622517232517348873e+01 4.274695082087615755e-02
8.643754959691037243e+01 4.367624777503735511e-02
8.664992686864724192e+01 4.463577691119338664e-02
8.686230414038412562e+01 4.562684187351772475e-02
8.707468141212100932e+01 4.665081603624641332e-02
8.728705868385789302e+01 4.770914693462242895e-02
8.749943595559476250e+01 4.880336101994298820e-02
8.771181322733164620e+01 4.993506876530930116e-02
8.792419049906852990e+01 5.110597015106812385e-02
8.813656777080541360e+01 5.231786056155958431e-02
8.834894504254229730e+01 5.357263712765801544e-02
8.856132231427916679e+01 5.487230555274615756e-02
8.877369958601605049e+01 5.621898746322186169e-02
8.898607685775293419e+01 5.761492832842619871e-02
8.919845412948981789e+01 5.906250599904672854e-02
8.941083140122668738e+01 6.056423991760882808e-02
8.962320867296357108e+01 6.212280105967724064e-02
8.983558594470045477e+01 6.374102266987474730e-02
9.004796321643733847e+01 6.542191186284636306e-02
9.026034048817422217e+01 6.716866216588567029e-02
9.047271775991109166e+01 6.898466708716233242e-02
9.068509503164797536e+01 7.087353480138940121e-02
9.089747230338485906e+01 7.283910405340333905e-02
9.110984957512174276e+01 7.488546138956304887e-02
9.132222684685861225e+01 7.701695983715198257e-02
9.153460411859549595e+01 7.923823916315907157e-02
9.174698139033237965e+01 8.155424785596129822e-02
9.195935866206926335e+01 8.397026698659490473e-02
9.217173593380614705e+01 8.649193612050122548e-02
9.238411320554301653e+01 8.912528146590788236e-02
9.259649047727990023e+01 9.187674646134449952e-02
9.280886774901678393e+01 9.475322502216032561e-02
9.302124502075366763e+01 9.776209768424715119e-02
9.323362229249053712e+01 1.009112709023190085e-01
9.344599956422742082e+01 1.042092197798646369e-01
9.365837683596430452e+01 1.076650345279334675e-01
9.387075410770118822e+01 1.112884709697983671e-01
9.408313137943805771e+01 1.150900054275892231e-01
9.429550865117494141e+01 1.190808943443579099e-01
9.450788592291182511e+01 1.232732390094894576e-01
9.472026319464870880e+01 1.276800557653573198e-01
9.493264046638559250e+01 1.323153520764702717e-01
9.514501773812246199e+01 1.371942088363298229e-01
9.535739500985934569e+01 1.423328692681413432e-01
9.556977228159622939e+01 1.477488347386596568e-01
9.578214955333311309e+01 1.534609677436879205e-01
9.599452682506998258e+01 1.594896022311322603e-01
9.620690409680686628e+01 1.658566612929271156e-01
9.641928136854374998e+01 1.725857820675472387e-01
9.663165864028063368e+01 1.797024474336992028e-01
9.684403591201751738e+01 1.872341237220744858e-01
9.705641318375438686e+01 1.952104031992671629e-01
9.726879045549127056e+01 2.036631494527485486e-01
9.748116772722815426e+01 2.126266429865068530e-01
9.769354499896503796e+01 2.221377232720027350e-01
9.790592227070190745e+01 2.322359221248823380e-01
9.811829954243879115e+01 2.429635815171992674e-01
9.833067681417567485e+01 2.543659466948115511e-01
9.854305408591255855e+01 2.664912226405760642e-01
9.875543135764944225e+01 2.793905783793516062e-01
9.896780862938631174e+01 2.931180792192879525e-01
9.918018590112319544e+01 3.077305216146123956e-01
9.939256317286007913e+01 3.232871387693305731e-01
9.960494044459696283e+01 3.398491372525195287e-01
9.981731771633383232e+01 3.574790156935225283e-01
1.000296949880707160e+02 3.762396061078188692e-01
1.002420722598075997e+02 3.961927667984139756e-01
1.004544495315444834e+02 4.173976436141444979e-01
1.006668268032813671e+02 4.399084046192208164e-01
1.008792040750182366e+02 4.637713436053318983e-01
1.010915813467551203e+02 4.890212429589914644e-01
1.013039586184920040e+02 5.156768900059929273e-01
1.015163358902288877e+02 5.437356584116338487e-01
1.017287131619657572e+02 5.731671044919524061e-01
1.019410904337026409e+02 6.039055958818555503e-01
1.021534677054395246e+02 6.358420962426782896e-01
1.023658449771764083e+02 6.688153831532523963e-01
1.025782222489132920e+02 7.026031819436100445e-01
1.027905995206501615e+02 7.369139527874271067e-01
1.030029767923870452e+02 7.713803545313567822e-01
1.032153540641239289e+02 8.055556884965978659e-01
1.034277313358608126e+02 8.389148352935984487e-01
1.036401086075976821e+02 8.708612491036881176e-01
1.038524858793345658e+02 9.007413646115142170e-01
1.040648631510714495e+02 9.278672112029215935e-01
1.042772404228083332e+02 9.515470780201786827e-01
1.044896176945452027e+02 9.711227897423835298e-01
1.047019949662820864e+02 9.860107233862021037e-01
1.049143722380189701e+02 9.957424308504587707e-01
1.051267495097558538e+02 1.000000000000000000e+00
1.053391267814927375e+02 9.986414021399531160e-01
1.055515040532296069e+02 9.917121611168062678e-01
1.057638813249664906e+02 9.794415900876891623e-01
1.059762585967033743e+02 9.622241660480538306e-01
1.061886358684402580e+02 9.405888006712418425e-01
1.064010131401771275e+02 9.151603160489357736e-01
1.066133904119140112e+02 8.866180524920114214e-01
1.068257676836508949e+02 8.556562115613088881e-01
1.070381449553877786e+02 8.229495021653527864e-01
1.072505222271246623e+02 7.891262681481960861e-01
1.074628994988615318e+02 7.547498847760090168e-01
1.076752767705984155e+02 7.203080735003519752e-01
1.078876540423352992e+02 6.862090216585188251e-01
1.081000313140721829e+02 6.527828119398294549e-01
1.083124085858090524e+02 6.202865958522895129e-01
1.085247858575459361e+02 5.889120856410077209e-01
1.087371631292828198e+02 5.587941923068328043e-01
1.089495404010197035e+02 5.300199265098105572e-01
1.091619176727565872e+02 5.026369533667957024e-01
1.093742949444934567e+02 4.766614242191204998e-01
1.095866722162303404e+02 4.520848886553638923e-01
1.097990494879672241e+02 4.288802198091994367e-01
1.100114267597041078e+02 4.070065723622189879e-01
1.102238040314409773e+02 3.864134449812404726e-01
1.104361813031778610e+02 3.670439461696602401e-01
1.106485585749147447e+02 3.488373725163754768e-01
1.108609358466516284e+02 3.317312072515060106e-01
1.110733131183885121e+02 3.156626394333020835e-01
1.112856903901253816e+02 3.005696931912366088e-01
1.114980676618622653e+02 2.863920443514250680e-01
1.117104449335991490e+02 2.730715897850473084e-01
1.119228222053360327e+02 2.605528236956247135e-01
1.121351994770729021e+02 2.487830651640264568e-01
1.123475767488097858e+02 2.377125727246632847e-01
1.125599540205466695e+02 2.272945745302608345e-01
1.127723312922835532e+02 2.174852366729402298e-01
1.129847085640204369e+02 2.082435873256712755e-01
1.131970858357573064e+02 1.995314103987800292e-01
1.134094631074941901e+02 1.913131192238759215e-01
1.136218403792310738e+02 1.835556182476496545e-01
1.138342176509679575e+02 1.762281587219764745e-01
1.140465949227048270e+02 1.693021928132787401e-01
1.142589721944417107e+02 1.627512293379426156e-01
1.144713494661785944e+02 1.565506933913989596e-01
1.146837267379154781e+02 1.506777914186698819e-01
1.148961040096523476e+02 1.451113827272265677e-01
1.151084812813892313e+02 1.398318580314117654e-01
1.153208585531261150e+02 1.348210253116270130e-01
1.155332358248629987e+02 1.300620030472014743e-01
1.157456130965998824e+02 1.255391207206657811e-01
1.159579903683367519e+02 1.212378263782534771e-01
1.161703676400736356e+02 1.171446009553362422e-01
1.163827449118105193e+02 1.132468790271466685e-01
1.165951221835474030e+02 1.095329756175327379e-01
1.168074994552842725e+02 1.059920186862369079e-01
1.170198767270211562e+02 1.026138869140840737e-01
1.172322539987580399e+02 9.938915241232322562e-02
1.174446312704949236e+02 9.630902799472960962e-02
1.176570085422318073e+02 9.336531866711585137e-02
1.178693858139686768e+02 9.055037700720242055e-02
1.180817630857055605e+02 8.785706212734671616e-02
1.182941403574424442e+02 8.527870193266000320e-02
1.185065176291793279e+02 8.280905840699309683e-02
1.187188949009161973e+02 8.044229567877889120e-02
1.189312721726530810e+02 7.817295063749185591e-02
1.191436494443899647e+02 7.599590588936977475e-02
1.193560267161268484e+02 7.390636485791653165e-02
1.195684039878637321e+02 7.189982885053519679e-02
1.197807812596006016e+02 6.997207592739247695e-02
1.199931585313374853e+02 6.811914142231202673e-02
1.202055358030743690e+02 6.633729997816228963e-02
1.204179130748112527e+02 6.462304897088155808e-02
1.206302903465481222e+02 6.297309320702974833e-02
1.208426676182850059e+02 6.138433078961708089e-02
1.210550448900218896e+02 5.985384005600179191e-02
1.212674221617587733e+02 5.837886749991950258e-02
1.214797994334956570e+02 5.695681659727410556e-02
1.216921767052325265e+02 5.558523746223011791e-02
1.219045539769694102e+02 5.426181726645290526e-02
1.221169312487062939e+02 5.298437136010298448e-02
1.223293085204431776e+02 5.175083503843600635e-02
1.225416857921800471e+02 5.055925590265119424e-02
1.227540630639169308e+02 4.940778676799242874e-02
1.229664403356538145e+02 4.829467907608751831e-02
1.231788176073906982e+02 4.721827677213528279e-02
1.233911948791275819e+02 4.617701061085960346e-02
1.236035721508644514e+02 4.516939285816348737e-02
1.238159494226013351e+02 4.419401235816584894e-02
1.240283266943382188e+02 4.324952993781389782e-02
1.242407039660751025e+02 4.233467412355003401e-02
1.244530812378119720e+02 4.144823714660401948e-02
1.246654585095488557e+02 4.058907121538649077e-02
1.248778357812857394e+02 3.975608503520402376e-02
1.250902130530226231e+02 3.894824055710520427e-02
1.253025903247594925e+02 3.816454993912490878e-02
1.255149675964963762e+02 3.740407270452241612e-02
1.257273448682332599e+02 3.666591308282830808e-02
1.259397221399701436e+02 3.594921752062722048e-02
1.261520994117070273e+02 3.525317235002565358e-02
1.263644766834438968e+02 3.457700160368781805e-02
1.265768539551807805e+02 3.391996496617946666e-02
1.267892312269176642e+02 3.328135585214583164e-02
1.270016084986545479e+02 3.266049960256972584e-02
1.272139857703914174e+02 3.205675179101870331e-02
1.274263630421283011e+02 3.146949663239704403e-02
1.276387403138651848e+02 3.089814548727765411e-02
1.278511175856020685e+02 3.034213545540133394e-02
1.280634948573389522e+02 2.980092805240409926e-02
1.282758721290758217e+02 2.927400796426738935e-02
1.284882494008127196e+02 2.876088187438591987e-02
1.287006266725495891e+02 2.826107735851793312e-02
1.289130039442864586e+02 2.777414184321960744e-02
1.291253812160233565e+02 2.729964162368239342e-02
1.293377584877602260e+02 2.683716093717840659e-02
1.295501357594970955e+02 2.638630108858621565e-02
1.297625130312339934e+02 2.594667962471762859e-02
1.299748903029708629e+02 2.551792955439197846e-02
1.301872675747077608e+02 2.509969861141512354e-02
1.303996448464446303e+02 2.469164855781705650e-02
1.306120221181814998e+02 2.429345452487918083e-02
1.308243993899183977e+02 2.390480438965235030e-02
1.310367766616552672e+02 2.352539818481922188e-02
1.312491539333921651e+02 2.315494753989811444e-02
1.314615312051290346e+02 2.279317515191979851e-02
1.316739084768659040e+02 2.243981428382951435e-02
1.318862857486028020e+02 2.209460828898336671e-02
1.320986630203396714e+02 2.175731016021273390e-02
1.323110402920765694e+02 2.142768210202926349e-02
1.325234175638134388e+02 2.110549512463603256e-02
1.327357948355503083e+02 2.079052865849343942e-02
1.329481721072872062e+02 2.048257018827010639e-02
1.331605493790240757e+02 2.018141490508127203e-02
1.333729266507609452e+02 1.988686537598614509e-02
1.335853039224978431e+02 1.959873122978065402e-02
1.337976811942347126e+02 1.931682885818062842e-02
1.340100584659716105e+02 1.904098113154622032e-02
1.342224357377084800e+02 1.877101712835132011e-02
1.344348130094453495e+02 1.850677187764836890e-02
1.346471902811822474e+02 1.824808611382597312e-02
1.348595675529191169e+02 1.799480604299782613e-02
1.350719448246560148e+02 1.774678312040076436e-02
1.352843220963928843e+02 1.750387383821798426e-02
1.354966993681297538e+02 1.726593952327596521e-02
1.357090766398666517e+02 1.703284614409775882e-02
1.359214539116035212e+02 1.680446412682426449e-02
1.361338311833404191e+02 1.658066817954357772e-02
1.363462084550772886e+02 1.636133712459571232e-02
1.365585857268141581e+02 1.614635373844343705e-02
1.367709629985510560e+02 1.593560459872463836e-02
1.369833402702879255e+02 1.572897993812248998e-02
1.371957175420247950e+02 1.552637350471003375e-02
1.374080948137616929e+02 1.532768242844597707e-02
1.376204720854985624e+02 1.513280709351538973e-02
1.378328493572354603e+02 1.494165101622630352e-02
1.380452266289723298e+02 1.475412072818953202e-02
1.382576039007091993e+02 1.457012566452296765e-02
1.384699811724460972e+02 1.438957805683678190e-02
1.386823584441829667e+02 1.421239283076827613e-02
1.388947357159198646e+02 1.403848750784764815e-02
1.391071129876567340e+02 1.386778211148841956e-02
1.393194902593936035e+02 1.370019907690584252e-02
1.395318675311305014e+02 1.353566316477845984e-02
1.397442448028673709e+02 1.337410137847664868e-02
1.399566220746042404e+02 1.321544288469153096e-02
1.401689993463411383e+02 1.305961893730650004e-02
1.403813766180780078e+02 1.290656280436157897e-02
1.405937538898149057e+02 1.275620969796814955e-02
1.408061311615517752e+02 1.260849670703994424e-02
1.410185084332886447e+02 1.246336273271150992e-02
1.412308857050255426e+02 1.232074842632336839e-02
1.414432629767624121e+02 1.218059612985816602e-02
1.416556402484993100e+02 1.204284981871809289e-02
1.418680175202361795e+02 1.190745504673986280e-02
1.420803947919730490e+02 1.177435889334776595e-02
1.422927720637099469e+02 1.164350991275107938e-02
1.425051493354468164e+02 1.151485808509624363e-02
1.427175266071837143e+02 1.138835476948842421e-02
1.429299038789205838e+02 1.126395265880197026e-02
1.431422811506574533e+02 1.114160573620209815e-02
1.433546584223943512e+02 1.102126923330490338e-02
1.435670356941312207e+02 1.090289958990560415e-02
1.437794129658680902e+02 1.078645441520833907e-02
1.439917902376049881e+02 1.067189245049440620e-02
1.442041675093418576e+02 1.055917353316834610e-02
1.444165447810787555e+02 1.044825856212416165e-02
1.446289220528156250e+02 1.033910946437709318e-02
1.448412993245524945e+02 1.023168916290820296e-02
1.450536765962893924e+02 1.012596154567210228e-02
1.452660538680262619e+02 1.002189143572012296e-02
1.454784311397631598e+02 9.919444562393204406e-03
1.456908084115000293e+02 9.818587533541535753e-03
1.459031856832368987e+02 9.719287808729014377e-03
1.461155629549737966e+02 9.621513673383352491e-03
1.463279402267106661e+02 9.525234213853818813e-03
1.465403174984475640e+02 9.430419293340413373e-03
1.467526947701844335e+02 9.337039528660297932e-03
1.469650720419213030e+02 9.245066267818038280e-03
1.471774493136582009e+02 9.154471568348518384e-03
1.473898265853950704e+02 9.065228176402160068e-03
1.476022038571319399e+02 8.977309506543572001e-03
1.478145811288688378e+02 8.890689622236193357e-03
1.480269584006057073e+02 8.805343216986418614e-03
1.482393356723426052e+02 8.721245596121892166e-03
1.484517129440794747e+02 8.638372659179952007e-03
1.486640902158163442e+02 8.556700882882829762e-03
1.488764674875532421e+02 8.476207304677659329e-03
1.490888447592901116e+02 8.396869506819937962e-03
1.493012220310270095e+02 8.318665600980003003e-03
1.495135993027638790e+02 8.241574213353263650e-03
1.497259765745007485e+02 8.165574470255230685e-03
1.499383538462376464e+02 8.090645984183620493e-03
1.501507311179745159e+02 8.016768840330335336e-03
1.503631083897113854e+02 7.943923583526680404e-03
1.505754856614482833e+02 7.872091205606283199e-03
1.507878629331851528e+02 7.801253133170369877e-03
1.510002402049220507e+02 7.731391215740901490e-03
1.512126174766589202e+02 7.662487714287700112e-03
1.514249947483957897e+02 7.594525290116018422e-03
1.516373720201326876e+02 7.527486994101851084e-03
1.518497492918695571e+02 7.461356256262602002e-03
1.520621265636064550e+02 7.396116875651120512e-03
1.522745038353433245e+02 7.331753010561960042e-03
1.524868811070801939e+02 7.268249169038686758e-03
1.526992583788170919e+02 7.205590199671883626e-03
1.529116356505539613e+02 7.143761282677713043e-03
1.531240129222908593e+02 7.082747921247229891e-03
1.533363901940277287e+02 7.022535933157317799e-03
1.535487674657645982e+02 6.963111442634027648e-03
1.537611447375014961e+02 6.904460872459898015e-03
1.539735220092383656e+02 6.846570936316876202e-03
1.541858992809752351e+02 6.789428631356763007e-03
1.543982765527121330e+02 6.733021230991709759e-03
1.546106538244490025e+02 6.677336277897175619e-03
1.548230310961859004e+02 6.622361577220315168e-03
1.550354083679227699e+02 6.568085189987002241e-03
1.552477856396596394e+02 6.514495426700752344e-03
1.554601629113965373e+02 6.461580841127335072e-03
1.556725401831334068e+02 6.409330224258937350e-03
1.558849174548703047e+02 6.357732598451851930e-03
1.560972947266071742e+02 6.306777211732262321e-03
1.563096719983440437e+02 6.256453532264405655e-03
1.565220492700809416e+02 6.206751242976033325e-03
1.567344265418178111e+02 6.157660236336019895e-03
1.569468038135547090e+02 6.109170609279183234e-03
1.571591810852915785e+02 6.061272658273721484e-03
1.573715583570284480e+02 6.013956874526564869e-03
1.575839356287653459e+02 5.967213939322403571e-03
1.577963129005022154e+02 5.921034719492078262e-03
1.580086901722390849e+02 5.875410263006241099e-03
1.582210674439759828e+02 5.830331794690403122e-03
1.584334447157128523e+02 5.785790712057588096e-03
1.586458219874497502e+02 5.741778581254789425e-03
1.588581992591866197e+02 5.698287133119908990e-03
1.590705765309234891e+02 5.655308259345540219e-03
1.592829538026603871e+02 5.612834008746475471e-03
1.594953310743972565e+02 5.570856583627679069e-03
1.597077083461341545e+02 5.529368336249599128e-03
1.599200856178710239e+02 5.488361765388003605e-03
1.601324628896078934e+02 5.447829512985288315e-03
1.603448401613447913e+02 5.407764360890636619e-03
1.605572174330816608e+02 5.368159227686299453e-03
1.607695947048185303e+02 5.329007165597353726e-03
1.609819719765554282e+02 5.290301357482552098e-03
1.611943492482922977e+02 5.252035113903780021e-03
1.614067265200291956e+02 5.214201870271756474e-03
1.616191037917660651e+02 5.176795184065829947e-03
1.618314810635029346e+02 5.139808732125547737e-03
1.620438583352398325e+02 5.103236308012010572e-03
1.622562356069767020e+02 5.067071819436917007e-03
1.624686128787135999e+02 5.031309285757283589e-03
1.626809901504504694e+02 4.995942835534041872e-03
1.628933674221873389e+02 4.960966704152530368e-03
1.631057446939242368e+02 4.926375231503203958e-03
1.633181219656611063e+02 4.892162859720797403e-03
1.635304992373980042e+02 4.858324130980196977e-03
1.637428765091348737e+02 4.824853685347543948e-03
1.639552537808717432e+02 4.791746258684847354e-03
1.641676310526086411e+02 4.758996680606695714e-03
1.643800083243455106e+02 4.726599872487571505e-03
1.645923855960823801e+02 4.694550845518282584e-03
1.648047628678192780e+02 4.662844698810226889e-03
1.650171401395561475e+02 4.631476617546109557e-03
1.652295174112930454e+02 4.600441871175757654e-03
1.654418946830299149e+02 4.569735811655930083e-03
1.656542719547667843e+02 4.539353871732729716e-03
1.658666492265036823e+02 4.509291563265575148e-03
1.660790264982405517e+02 4.479544475591544679e-03
1.662914037699774497e+02 4.450108273928940657e-03
1.665037810417143191e+02 4.420978697819110542e-03
1.667161583134511886e+02 4.392151559605361570e-03
1.669285355851880865e+02 4.363622742948049596e-03
1.671409128569249560e+02 4.335388201374851605e-03
1.673532901286618539e+02 4.307443956865213142e-03
1.675656674003987234e+02 4.279786098468157073e-03
1.677780446721355929e+02 4.252410780952450148e-03
1.679904219438724908e+02 4.225314223488345865e-03
1.682027992156093603e+02 4.198492708360044082e-03
1.684151764873462298e+02 4.171942579708012161e-03
1.686275537590831277e+02 4.145660242300435588e-03
1.688399310308199972e+02 4.119642160333020046e-03
1.690523083025568951e+02 4.093884856256340896e-03
1.692646855742937646e+02 4.068384909630129442e-03
1.694770628460306341e+02 4.043138956003672867e-03
1.696894401177675320e+02 4.018143685821744943e-03
1.699018173895044015e+02 3.993395843355369325e-03
1.701141946612412994e+02 3.968892225656740595e-03
1.703265719329781689e+02 3.944629681537761834e-03
1.705389492047150384e+02 3.920605110571498755e-03
1.707513264764519363e+02 3.896815462116041701e-03
1.709637037481888058e+02 3.873257734360174408e-03
1.711760810199256753e+02 3.849928973390270154e-03
1.713884582916625732e+02 3.826826272277919147e-03
1.716008355633994427e+02 3.803946770187757211e-03
1.718132128351363406e+02 3.781287651504941939e-03
1.720255901068732101e+02 3.758846144981856097e-03
1.722379673786100795e+02 3.736619522903487055e-03
1.724503446503469775e+02 3.714605100271061583e-03
1.726627219220838469e+02 3.692800234003480210e-03
1.728750991938207449e+02 3.671202322156063257e-03
1.730874764655576143e+02 3.649808803156257692e-03
1.732998537372944838e+02 3.628617155055806082e-03
1.735122310090313817e+02 3.607624894799034160e-03
1.737246082807682512e+02 3.586829577506838070e-03
1.739369855525051491e+02 3.566228795775974909e-03
1.741493628242420186e+02 3.545820178993320040e-03
1.743617400959788881e+02 3.525601392664679153e-03
1.745741173677157860e+02 3.505570137757857158e-03
1.747864946394526555e+02 3.485724150059597935e-03
1.749988719111895250e+02 3.466061199546076593e-03
1.752112491829264229e+02 3.446579089766614677e-03
1.754236264546632924e+02 3.427275657240331196e-03
1.756360037264001903e+02 3.408148770865352620e-03
1.758483809981370598e+02 3.389196331340374110e-03
1.760607582698739293e+02 3.370416270598187297e-03
1.762731355416108272e+02 3.351806551250968193e-03
1.764855128133476967e+02 3.333365166047015139e-03
1.766978900850845946e+02 3.315090137338634960e-03
1.769102673568214641e+02 3.296979516560997765e-03
1.771226446285583336e+02 3.279031383721619976e-03
1.773350219002952315e+02 3.261243846900273042e-03
1.775473991720321010e+02 3.243615041759089716e-03
1.777597764437689989e+02 3.226143131062567376e-03
1.779721537155058684e+02 3.208826304207325689e-03
1.781845309872427379e+02 3.191662776761311146e-03
1.783969082589796358e+02 3.174650790012297982e-03
1.786092855307165053e+02 3.157788610525436544e-03
1.788216628024533748e+02 3.141074529709643112e-03
1.790340400741902727e+02 3.124506863392639052e-03
1.792464173459271422e+02 3.108083951404467995e-03
1.794587946176640401e+02 3.091804157169221294e-03
1.796711718894009095e+02 3.075665867304894999e-03
1.798835491611377790e+02 3.059667491231087780e-03
1.800959264328746769e+02 3.043807460784451330e-03
1.803083037046115464e+02 3.028084229841666863e-03
1.805206809763484443e+02 3.012496273949784656e-03
1.807330582480853138e+02 2.997042089963803009e-03
1.809454355198221833e+02 2.981720195691261576e-03
1.811578127915590812e+02 2.966529129543751028e-03
1.813701900632959507e+02 2.951467450195163853e-03
1.815825673350328202e+02 2.936533736246521066e-03
1.817949446067697181e+02 2.921726585897259452e-03
1.820073218785065876e+02 2.907044616622831042e-03
1.822196991502434855e+02 2.892486464858448278e-03
1.824320764219803550e+02 2.878050785688896808e-03
1.826444536937172245e+02 2.863736252544216414e-03
1.828568309654541224e+02 2.849541556901182861e-03
1.830692082371909919e+02 2.835465407990434960e-03
1.832815855089278898e+02 2.821506532509118932e-03
1.834939627806647593e+02 2.807663674338960712e-03
1.837063400524016288e+02 2.793935594269613548e-03
1.839187173241385267e+02 2.780321069727200237e-03
1.841310945958753962e+02 2.766818894507925512e-03
1.843434718676122941e+02 2.753427878516639341e-03
1.845558491393491636e+02 2.740146847510273060e-03
1.847682264110860331e+02 2.726974642846013465e-03
1.849806036828229310e+02 2.713910121234142884e-03
1.851929809545598005e+02 2.700952154495440266e-03
1.854053582262966700e+02 2.688099629323021430e-03
1.856177354980335679e+02 2.675351447048569028e-03
1.858301127697704374e+02 2.662706523412831667e-03
1.860424900415073353e+02 2.650163788340298074e-03
1.862548673132442048e+02 2.637722185717993831e-03
1.864672445849810742e+02 2.625380673178270147e-03
1.866796218567179722e+02 2.613138221885538248e-03
1.868919991284548416e+02 2.600993816326861371e-03
1.871043764001917395e+02 2.588946454106289853e-03
1.873167536719286090e+02 2.576995145742931072e-03
1.875291309436654785e+02 2.565138914472601603e-03
1.877415082154023764e+02 2.553376796053046394e-03
1.879538854871392459e+02 2.541707838572627390e-03
1.881662627588761154e+02 2.530131102262404841e-03
1.883786400306130133e+02 2.518645659311563156e-03
1.885910173023498828e+02 2.507250593686101078e-03
1.888033945740867807e+02 2.495945000950712880e-03
1.890157718458236502e+02 2.484727988093822417e-03
1.892281491175605197e+02 2.473598673355671164e-03
1.894405263892974176e+02 2.462556186059431176e-03
1.896529036610342871e+02 2.451599666445271851e-03
1.898652809327711850e+02 2.440728265507301122e-03
1.900776582045080545e+02 2.429941144833368954e-03
1.902900354762449240e+02 2.419237476447622104e-03
1.905024127479818219e+02 2.408616442655807117e-03
1.907147900197186914e+02 2.398077235893231358e-03
1.909271672914555893e+02 2.387619058575340437e-03
1.911395445631924588e+02 2.377241122950875165e-03
1.913519218349293283e+02 2.366942650957528683e-03
1.915642991066662262e+02 2.356722874080082516e-03
1.917766763784030957e+02 2.346581033210963854e-03
1.919890536501399652e+02 2.336516378513161640e-03
1.922014309218768631e+02 2.326528169285484084e-03
1.924138081936137326e+02 2.316615673830093453e-03
1.926261854653506305e+02 2.306778169322268226e-03
1.928385627370875000e+02 2.297014941682380511e-03
1.930509400088243694e+02 2.287325285450002386e-03
1.932633172805612674e+02 2.277708503660140753e-03
1.934756945522981368e+02 2.268163907721540418e-03
1.936880718240350348e+02 2.258690817297006378e-03
1.939004490957719042e+02 2.249288560185737969e-03
1.941128263675087737e+02 2.239956472207601992e-03
1.943252036392456716e+02 2.230693897089330077e-03
1.945375809109825411e+02 2.221500186352604739e-03
1.947499581827194390e+02 2.212374699203976860e-03
1.949623354544563085e+02 2.203316802426609836e-03
1.951747127261931780e+02 2.194325870273790106e-03
1.953870899979300759e+02 2.185401284364190625e-03
1.955994672696669454e+02 2.176542433578843028e-03
1.958118445414038149e+02 2.167748713959787715e-03
1.960242218131407128e+02 2.159019528610373658e-03
1.962365990848775823e+02 2.150354287597186671e-03
1.964489763566144802e+02 2.141752407853545880e-03
1.966613536283513497e+02 2.133213313084580520e-03
1.968737309000882192e+02 2.124736433673822880e-03
1.970861081718251171e+02 2.116321206591307864e-03
1.972984854435619866e+02 2.107967075303157460e-03
1.975108627152988845e+02 2.099673489682589867e-03
1.977232399870357540e+02 2.091439905922376670e-03
1.979356172587726235e+02 2.083265786448676958e-03
1.981479945305095214e+02 2.075150599836249679e-03
1.983603718022463909e+02 2.067093820725014307e-03
1.985727490739832604e+02 2.059094929737921228e-03
1.987851263457201583e+02 2.051153413400132706e-03
1.989975036174570278e+02 2.043268764059473670e-03
1.992098808891939257e+02 2.035440479808126295e-03
1.994222581609307952e+02 2.027668064405565782e-03
1.996346354326676646e+02 2.019951027202694389e-03
1.998470127044045626e+02 2.012288883067161159e-03
2.000593899761414320e+02 2.004681152309854310e-03
2.002717672478783300e+02 1.997127360612524667e-03
2.004841445196151994e+02 1.989627038956544042e-03
2.006965217913520689e+02 1.982179723552758652e-03
2.009088990630889668e+02 1.974784955772429344e-03
2.011212763348258363e+02 1.967442282079246482e-03
2.013336536065627342e+02 1.960151253962367449e-03
2.015460308782996037e+02 1.952911427870511474e-03
2.017584081500364732e+02 1.945722365147041066e-03
2.019707854217733711e+02 1.938583631966046350e-03
2.021831626935102406e+02 1.931494799269409084e-03
2.023955399652471101e+02 1.924455442704809055e-03
2.026079172369840080e+02 1.917465142564688712e-03
2.028202945087208775e+02 1.910523483726138264e-03
2.030326717804577754e+02 1.903630055591679386e-03
2.032450490521946449e+02 1.896784452030964409e-03
2.034574263239315144e+02 1.889986271323327270e-03
2.036698035956684123e+02 1.883235116101221115e-03
2.038821808674052818e+02 1.876530593294495081e-03
2.040945581391421797e+02 1.869872314075498535e-03
2.043069354108790492e+02 1.863259893805019503e-03
2.045193126826159187e+02 1.856692951979014563e-03
2.047316899543528166e+02 1.850171112176142354e-03
2.049440672260896861e+02 1.843694002006072063e-03
2.051564444978265840e+02 1.837261253058551516e-03
2.053688217695634535e+02 1.830872500853242008e-03
2.055811990413003230e+02 1.824527384790276948e-03
2.057935763130372209e+02 1.818225548101560585e-03
2.060059535847740904e+02 1.811966637802779915e-03
2.062183308565109598e+02 1.805750304646112003e-03
2.064307081282478578e+02 1.799576203073635378e-03
2.066430853999847272e+02 1.793443991171413858e-03
2.068554626717216252e+02 1.787353330624252140e-03
2.070678399434584946e+02 1.781303886671107336e-03
2.072802172151953641e+02 1.775295328061151246e-03
2.074925944869322620e+02 1.769327327010465157e-03
2.077049717586691315e+02 1.763399559159363906e-03
2.079173490304060294e+02 1.757511703530332528e-03
2.081297263021428989e+02 1.751663442486573298e-03
2.083421035738797684e+02 1.745854461691140639e-03
2.085544808456166663e+02 1.740084450066669728e-03
2.087668581173535358e+02 1.734353099755678654e-03
2.089792353890904053e+02 1.728660106081435438e-03
2.091916126608273032e+02 1.723005167509385595e-03
2.094039899325641727e+02 1.717387985609128507e-03
2.096163672043010706e+02 1.711808265016931570e-03
2.098287444760379401e+02 1.706265713398777981e-03
2.100411217477748096e+02 1.700760041413934944e-03
2.102534990195117075e+02 1.695290962679036218e-03
2.104658762912485770e+02 1.689858193732677715e-03
2.106782535629854749e+02 1.684461454000494695e-03
2.108906308347223444e+02 1.679100465760750924e-03
2.111030081064592139e+02 1.673774954110387970e-03
2.113153853781961118e+02 1.668484646931564768e-03
2.115277626499329813e+02 1.663229274858659930e-03
2.117401399216698792e+02 1.658008571245726814e-03
2.119525171934067487e+02 1.652822272134413933e-03
2.121648944651436182e+02 1.647670116222314709e-03
2.123772717368805161e+02 1.642551844831770204e-03
2.125896490086173856e+02 1.637467201879095127e-03
2.128020262803542551e+02 1.632415933844226681e-03
2.130144035520911530e+02 1.627397789740798626e-03
2.132267808238280224e+02 1.622412521086621495e-03
2.134391580955649204e+02 1.617459881874566121e-03
2.136515353673017898e+02 1.612539628543851154e-03
2.138639126390386593e+02 1.607651519951720006e-03
2.140762899107755572e+02 1.602795317345501831e-03
2.142886671825124267e+02 1.597970784335059780e-03
2.145010444542493246e+02 1.593177686865604415e-03
2.147134217259861941e+02 1.588415793190885725e-03
2.149257989977230636e+02 1.583684873846739893e-03
2.151381762694599615e+02 1.578984701624996457e-03
2.153505535411968310e+02 1.574315051547743030e-03
2.155629308129337289e+02 1.569675700841924836e-03
2.157753080846705984e+02 1.565066428914297682e-03
2.159876853564074679e+02 1.560487017326709453e-03
2.162000626281443658e+02 1.555937249771713804e-03
2.164124398998812353e+02 1.551416912048514526e-03
2.166248171716181048e+02 1.546925792039224347e-03
2.168371944433550027e+02 1.542463679685443989e-03
2.170495717150918722e+02 1.538030366965153269e-03
2.172619489868287701e+02 1.533625647869904041e-03
2.174743262585656396e+02 1.529249318382323863e-03
2.176867035303025091e+02 1.524901176453906772e-03
2.178990808020394070e+02 1.520581021983105022e-03
2.181114580737762765e+02 1.516288656793710315e-03
2.183238353455131744e+02 1.512023884613510191e-03
2.185362126172500439e+02 1.507786511053237164e-03
2.187485898889869134e+02 1.503576343585782396e-03
2.189609671607238113e+02 1.499393191525690613e-03
2.191733444324606808e+02 1.495236866008918270e-03
2.193857217041975503e+02 1.491107179972855174e-03
2.195980989759344482e+02 1.487003948136608484e-03
2.198104762476713177e+02 1.482926986981543882e-03
2.200228535194082156e+02 1.478876114732074597e-03
2.202352307911450850e+02 1.474851151336705000e-03
2.204476080628819545e+02 1.470851918449314448e-03
2.206599853346188524e+02 1.466878239410686607e-03
2.208723626063557219e+02 1.462929939230275984e-03
2.210847398780926198e+02 1.459006844568205407e-03
2.212971171498294893e+02 1.455108783717501582e-03
2.215094944215663588e+02 1.451235586586551839e-03
2.217218716933032567e+02 1.447387084681788774e-03
2.219342489650401262e+02 1.443563111090598230e-03
2.221466262367770241e+02 1.439763500464439575e-03
2.223590035085138936e+02 1.435988089002187803e-03
2.225713807802507631e+02 1.432236714433681194e-03
2.227837580519876610e+02 1.428509216003483011e-03
2.229961353237245305e+02 1.424805434454847657e-03
2.232085125954614000e+02 1.421125212013886561e-03
2.234208898671982979e+02 1.417468392373938315e-03
2.236332671389351674e+02 1.413834820680136359e-03
2.238456444106720653e+02 1.410224343514165750e-03
2.240580216824089348e+02 1.406636808879218551e-03
2.242703989541458043e+02 1.403072066185132461e-03
2.244827762258827022e+02 1.399529966233719171e-03
2.246951534976195717e+02 1.396010361204276171e-03
2.249075307693564696e+02 1.392513104639276798e-03
2.251199080410933391e+02 1.389038051430244169e-03
2.253322853128302086e+02 1.385585057803795112e-03
2.255446625845671065e+02 1.382153981307860605e-03
2.257570398563039760e+02 1.378744680798080343e-03
2.259694171280408739e+02 1.375357016424360364e-03
2.261817943997777434e+02 1.371990849617601331e-03
2.263941716715146129e+02 1.368646043076588575e-03
2.266065489432515108e+02 1.365322460755045639e-03
2.268189262149883803e+02 1.362019967848847844e-03
2.270313034867252497e+02 1.358738430783389605e-03
2.272436807584621477e+02 1.355477717201112198e-03
2.274560580301990171e+02 1.352237695949182455e-03
2.276684353019359150e+02 1.349018237067319123e-03
2.278808125736727845e+02 1.345819211775774703e-03
2.280931898454096540e+02 1.342640492463459314e-03
2.283055671171465519e+02 1.339481952676210494e-03
2.285179443888834214e+02 1.336343467105208065e-03
2.287303216606203193e+02 1.333224911575526042e-03
2.289426989323571888e+02 1.330126163034829829e-03
2.291550762040940583e+02 1.327047099542201774e-03
2.293674534758309562e+02 1.323987600257110504e-03
2.295798307475678257e+02 1.320947545428511867e-03
2.297922080193046952e+02 1.317926816384075222e-03
2.300045852910415931e+02 1.314925295519548060e-03
2.302169625627784626e+02 1.311942866288246402e-03
2.304293398345153605e+02 1.308979413190667707e-03
2.306417171062522300e+02 1.306034821764233455e-03
2.308540943779890995e+02 1.303108978573154020e-03
2.310664716497259974e+02 1.300201771198411082e-03
2.312788489214628669e+02 1.297313088227866444e-03
2.314912261931997648e+02 1.294442819246482967e-03
2.317036034649366343e+02 1.291590854826667580e-03
2.319159807366735038e+02 1.288757086518724226e-03
2.321283580084104017e+02 1.285941406841424779e-03
2.323407352801472712e+02 1.283143709272691405e-03
2.325531125518841691e+02 1.280363888240386048e-03
2.327654898236210386e+02 1.277601839113216148e-03
2.329778670953579081e+02 1.274857458191738574e-03
2.331902443670948060e+02 1.272130642699480230e-03
2.334026216388316755e+02 1.269421290774156883e-03
2.336149989105685449e+02 1.266729301458997163e-03
2.338273761823054429e+02 1.264054574694170640e-03
2.340397534540423123e+02 1.261397011308315217e-03
2.342521307257792103e+02 1.258756513010163844e-03
2.344645079975160797e+02 1.256132982380272914e-03
2.346768852692529492e+02 1.253526322862841746e-03
2.348892625409898471e+02 1.250936438757634626e-03
2.351016398127267166e+02 1.248363235211993709e-03
2.353140170844636145e+02 1.245806618212945156e-03
2.355263943562004840e+02 1.243266494579400687e-03
2.357387716279373535e+02 1.240742771954445002e-03
2.359511488996742514e+02 1.238235358797718172e-03
2.361635261714111209e+02 1.235744164377885861e-03
2.363759034431480188e+02 1.233269098765193018e-03
2.365882807148848883e+02 1.230810072824110825e-03
2.368006579866217578e+02 1.228366998206062780e-03
2.370130352583586557e+02 1.225939787342238607e-03
2.372254125300955252e+02 1.223528353436492515e-03
2.374377898018323947e+02 1.221132610458319084e-03
2.376501670735692926e+02 1.218752473135915242e-03
2.378625443453061621e+02 1.216387856949321597e-03
2.380749216170430600e+02 1.214038678123637938e-03
2.382872988887799295e+02 1.211704853622325899e-03
2.384996761605167990e+02 1.209386301140579715e-03
2.387120534322536969e+02 1.207082939098779806e-03
2.389244307039905664e+02 1.204794686636019444e-03
2.391368079757274643e+02 1.202521463603705137e-03
2.393491852474643338e+02 1.200263190559231179e-03
2.395615625192012033e+02 1.198019788759727058e-03
2.397739397909381012e+02 1.195791180155875762e-03
2.399863170626749707e+02 1.193577287385806261e-03
2.401986943344118401e+02 1.191378033769048637e-03
2.404110716061487381e+02 1.189193343300566207e-03
2.406234488778856075e+02 1.187023140644852693e-03
2.408358261496225055e+02 1.184867351130094656e-03
2.410482034213593749e+02 1.182725900742405498e-03
2.412605806930962444e+02 1.180598716120119084e-03
2.414729579648331423e+02 1.178485724548155146e-03
2.416853352365700118e+02 1.176386853952443882e-03
2.418977125083069097e+02 1.174302032894414954e-03
2.421100897800437792e+02 1.172231190565552628e-03
2.423224670517806487e+02 1.170174256782007286e-03
2.425348443235175466e+02 1.168131161979272864e-03
2.427472215952544161e+02 1.166101837206922828e-03
2.429595988669913140e+02 1.164086214123405578e-03
2.431719761387281835e+02 1.162084224990900553e-03
2.433843534104650530e+02 1.160095802670229638e-03
2.435967306822019509e+02 1.158120880615830803e-03
2.438091079539388204e+02 1.156159392870783568e-03
2.440214852256756899e+02 1.154211274061896914e-03
2.442338624974125878e+02 1.152276459394844469e-03
2.444462397691494573e+02 1.150354884649364313e-03
2.446586170408863552e+02 1.148446486174506268e-03
2.448709943126232247e+02 1.146551200883934914e-03
2.450833715843600942e+02 1.144668966251286826e-03
2.452957488560969921e+02 1.142799720305578753e-03
2.455081261278338616e+02 1.140943401626669153e-03
2.457205033995707595e+02 1.139099949340769595e-03
2.459328806713076290e+02 1.137269303116008635e-03
2.461452579430444985e+02 1.135451403158042102e-03
2.463576352147813964e+02 1.133646190205719320e-03
2.465700124865182659e+02 1.131853605526791842e-03
2.467823897582551638e+02 1.130073590913673997e-03
2.469947670299920333e+02 1.128306088679251586e-03
2.472071443017289027e+02 1.126551041652736540e-03
2.474195215734658007e+02 1.124808393175566901e-03
2.476318988452026701e+02 1.123078087097360150e-03
2.478442761169395396e+02 1.121360067771900353e-03
2.480566533886764375e+02 1.119654280053183210e-03
2.482690306604133070e+02 1.117960669291497532e-03
2.484814079321502049e+02 1.116279181329553772e-03
2.486937852038870744e+02 1.114609762498655491e-03
2.489061624756239439e+02 1.112952359614915489e-03
2.491185397473608418e+02 1.111306919975513360e-03
2.493309170190977113e+02 1.109673391354997060e-03
2.495432942908346092e+02 1.108051722001622856e-03
2.497556715625714787e+02 1.106441860633740597e-03
2.499680488343083482e+02 1.104843756436218018e-03
2.501804261060452461e+02 1.103257359056905801e-03
2.503928033777821156e+02 1.101682618603141896e-03
2.506051806495189851e+02 1.100119485638297468e-03
2.508175579212558830e+02 1.098567911178359923e-03
2.510299351929927525e+02 1.097027846688556491e-03
2.512423124647296504e+02 1.095499244080013574e-03
2.514546897364665199e+02 1.093982055706458180e-03
2.516670670082033894e+02 1.092476234360952080e-03
2.518794442799402873e+02 1.090981733272667177e-03
2.520918215516771568e+02 1.089498506103695353e-03
2.523041988234140547e+02 1.088026506945893868e-03
2.525165760951509242e+02 1.086565690317771535e-03
2.527289533668877937e+02 1.085116011161403951e-03
2.529413306386246916e+02 1.083677424839387098e-03
2.531537079103615611e+02 1.082249887131828472e-03
2.533660851820984590e+02 1.080833354233366825e-03
2.535784624538353285e+02 1.079427782750232026e-03
2.537908397255721979e+02 1.078033129697333328e-03
2.540032169973090959e+02 1.076649352495385797e-03
2.542155942690459653e+02 1.075276408968066670e-03
2.544279715407828348e+02 1.073914257339204882e-03
2.546403488125197327e+02 1.072562856230005078e-03
2.548527260842566022e+02 1.071222164656301110e-03
2.550651033559935001e+02 1.069892142025843365e-03
2.552774806277303696e+02 1.068572748135616013e-03
2.554898578994672391e+02 1.067263943169185483e-03
2.557022351712041370e+02 1.065965687694081683e-03
2.559146124429410065e+02 1.064677942659207404e-03
2.561269897146779044e+02 1.063400669392278956e-03
2.563393669864147455e+02 1.062133829597296936e-03
2.565517442581516434e+02 1.060877385352046063e-03
2.567641215298885413e+02 1.059631299105624497e-03
2.569764988016254392e+02 1.058395533676003081e-03
2.571888760733622803e+02 1.057170052247611474e-03
2.574012533450991782e+02 1.055954818368954858e-03
2.576136306168360761e+02 1.054749795950256667e-03
2.578260078885729172e+02 1.053554949261132105e-03
2.580383851603098151e+02 1.052370242928285949e-03
2.582507624320467130e+02 1.051195641933241583e-03
2.584631397037835541e+02 1.050031111610092360e-03
2.586755169755204520e+02 1.048876617643284843e-03
2.588878942472573499e+02 1.047732126065426331e-03
2.591002715189941910e+02 1.046597603255117973e-03
2.593126487907310889e+02 1.045473015934814121e-03
2.595250260624679868e+02 1.044358331168711816e-03
2.597374033342048847e+02 1.043253516360658504e-03
2.599497806059417258e+02 1.042158539252092909e-03
2.601621578776786237e+02 1.041073367920003706e-03
2.603745351494155216e+02 1.039997970774920273e-03
2.605869124211523626e+02 1.038932316558924046e-03
2.607992896928892606e+02 1.037876374343682647e-03
2.610116669646261585e+02 1.036830113528515234e-03
2.612240442363629995e+02 1.035793503838473243e-03
2.614364215080998974e+02 1.034766515322453227e-03
2.616487987798367953e+02 1.033749118351326391e-03
2.618611760515736933e+02 1.032741283616096318e-03
2.620735533233105343e+02 1.031742982126079454e-03
2.622859305950474322e+02 1.030754185207103822e-03
2.624983078667843301e+02 1.029774864499738950e-03
2.627106851385211712e+02 1.028804991957541198e-03
2.629230624102580691e+02 1.027844539845324022e-03
2.631354396819949670e+02 1.026893480737451660e-03
2.633478169537318081e+02 1.025951787516155792e-03
2.635601942254687060e+02 1.025019433369868047e-03
2.637725714972056039e+02 1.024096391791582414e-03
2.639849487689424450e+02 1.023182636577234803e-03
2.641973260406793429e+02 1.022278141824101670e-03
2.644097033124162408e+02 1.021382881929227496e-03
2.646220805841531387e+02 1.020496831587864618e-03
2.648344578558899798e+02 1.019619965791940166e-03
2.650468351276268777e+02 1.018752259828540349e-03
2.652592123993637756e+02 1.017893689278417512e-03
2.654715896711006167e+02 1.017044230014515398e-03
2.656839669428375146e+02 1.016203858200516973e-03
2.658963442145744125e+02 1.015372550289410239e-03
2.661087214863112536e+02 1.014550283022075308e-03
2.663210987580481515e+02 1.013737033425890759e-03
2.665334760297850494e+02 1.012932778813359965e-03
2.667458533015218904e+02 1.012137496780756048e-03
2.669582305732587884e+02 1.011351165206788314e-03
2.671706078449956863e+02 1.010573762251284081e-03
2.673829851167325842e+02 1.009805266353894357e-03
2.675953623884694252e+02 1.009045656232814264e-03
2.678077396602063232e+02 1.008294910883524931e-03
2.680201169319432211e+02 1.007553009577552517e-03
2.682324942036800621e+02 1.006819931861247398e-03
2.684448714754169600e+02 1.006095657554579399e-03
2.686572487471538579e+02 1.005380166749954068e-03
2.688696260188906990e+02 1.004673439811044986e-03
2.690820032906275969e+02 1.003975457371644080e-03
2.692943805623644948e+02 1.003286200334533402e-03
2.695067578341013359e+02 1.002605649870368619e-03
2.697191351058382338e+02 1.001933787416585918e-03
2.699315123775751317e+02 1.001270594676323443e-03
2.701438896493120296e+02 1.000616053617360080e-03
2.703562669210488707e+02 9.999701464710746175e-04
2.705686441927857686e+02 9.993328557314168446e-04
2.707810214645226665e+02 9.987041641539027084e-04
2.709933987362595076e+02 9.980840547546198857e-04
2.712057760079964055e+02 9.974725108092528676e-04
2.714181532797333034e+02 9.968695158521290785e-04
2.716305305514701445e+02 9.962750536752730188e-04
2.718429078232070424e+02 9.956891083274859930e-04
2.720552850949439403e+02 9.951116641134345134e-04
2.722676623666808382e+02 9.945427055927636394e-04
2.724800396384176793e+02 9.939822175792185563e-04
2.726924169101545772e+02 9.934301851397858880e-04
2.729047941818914751e+02 9.928865935938540905e-04
2.731171714536283162e+02 9.923514285123857716e-04
2.733295487253652141e+02 9.918246757171058411e-04
2.735419259971021120e+02 9.913063212797104760e-04
2.737543032688389530e+02 9.907963515210867125e-04
2.739666805405758510e+02 9.902947530105500346e-04
2.741790578123127489e+02 9.898015125650984434e-04
2.743914350840495899e+02 9.893166172486812706e-04
2.746038123557864878e+02 9.888400543714823045e-04
2.748161896275233858e+02 9.883718114892224311e-04
2.750285668992602837e+02 9.879118764024720327e-04
2.752409441709971247e+02 9.874602371559846378e-04
2.754533214427340226e+02 9.870168820380409783e-04
2.756656987144709205e+02 9.865817995798121295e-04
2.758780759862077616e+02 9.861549785547341421e-04
2.760904532579446595e+02 9.857364079779026237e-04
2.763028305296815574e+02 9.853260771054768614e-04
2.765152078014183985e+02 9.849239754341038936e-04
2.767275850731552964e+02 9.845300927003534236e-04
2.769399623448921943e+02 9.841444188801709483e-04
2.771523396166290354e+02 9.837669441883447642e-04
2.773647168883659333e+02 9.833976590779849002e-04
2.775770941601028312e+02 9.830365542400232998e-04
2.777894714318397291e+02 9.826836206027211602e-04
2.780018487035765702e+02 9.823388493311964367e-04
2.782142259753134681e+02 9.820022318269634905e-04
2.784266032470503660e+02 9.816737597274881322e-04
2.786389805187872071e+02 9.813534249057567597e-04
2.788513577905241050e+02 9.810412194698604586e-04
2.790637350622610029e+02 9.807371357625931964e-04
2.792761123339978440e+02 9.804411663610651962e-04
2.794884896057347419e+02 9.801533040763282367e-04
2.797008668774716398e+02 9.798735419530195997e-04
2.799132441492084808e+02 9.796018732690168606e-04
2.801256214209453788e+02 9.793382915351069896e-04
2.803379986926822767e+02 9.790827904946723670e-04
2.805503759644191746e+02 9.788353641233893745e-04
2.807627532361560156e+02 9.785960066289399982e-04
2.809751305078929136e+02 9.783647124507399099e-04
2.811875077796298115e+02 9.781414762596795601e-04
2.813998850513666525e+02 9.779262929578795820e-04
2.816122623231035504e+02 9.777191576784602899e-04
2.818246395948404484e+02 9.775200657853252723e-04
2.820370168665772894e+02 9.773290128729588636e-04
2.822493941383141873e+02 9.771459947662385764e-04
2.824617714100510852e+02 9.769710075202605454e-04
2.826741486817879832e+02 9.768040474201797156e-04
2.828865259535248242e+02 9.766451109810639093e-04
2.830989032252617221e+02 9.764941949477610105e-04
2.833112804969986200e+02 9.763512962947825226e-04
2.835236577687354611e+02 9.762164122261979661e-04
2.837360350404723590e+02 9.760895401755460832e-04
2.839484123122092569e+02 9.759706778057589431e-04
2.841607895839460980e+02 9.758598230090988418e-04
2.843731668556829959e+02 9.757569739071123320e-04
2.845855441274198938e+02 9.756621288505939018e-04
2.847979213991567349e+02 9.755752864195692785e-04
2.850102986708936328e+02 9.754964454232856706e-04
2.852226759426305307e+02 9.754256049002239110e-04
2.854350532143674286e+02 9.753627641181172132e-04
2.856474304861042697e+02 9.753079225739902033e-04
2.858598077578411676e+02 9.752610799942064077e-04
2.860721850295780655e+02 9.752222363345359069e-04
2.862845623013149066e+02 9.751913917802303633e-04
2.864969395730518045e+02 9.751685467461176709e-04
2.867093168447887024e+02 9.751537018767079913e-04
2.869216941165255434e+02 9.751468580463144246e-04
2.871340713882624414e+02 9.751480163591871256e-04
2.873464486599993393e+02 9.751571781496634660e-04
2.875588259317361803e+02 9.751743449823308809e-04
2.877712032034730782e+02 9.751995186522033777e-04
2.879835804752099762e+02 9.752327011849145234e-04
2.881959577469468741e+02 9.752738948369214919e-04
2.884083350186837151e+02 9.753231020957276506e-04
2.886207122904206130e+02 9.753803256801142543e-04
2.888330895621575110e+02 9.754455685403911128e-04
2.890454668338943520e+02 9.755188338586591847e-04
2.892578441056312499e+02 9.756001250490883500e-04
2.894702213773681478e+02 9.756894457582081931e-04
2.896825986491049889e+02 9.757867998652163498e-04
2.898949759208418868e+02 9.758921914822984555e-04
2.901073531925787847e+02 9.760056249549633805e-04
2.903197304643156258e+02 9.761271048623939694e-04
2.905321077360525237e+02 9.762566360178122002e-04
2.907444850077894216e+02 9.763942234688571375e-04
2.909568622795263195e+02 9.765398724979809913e-04
2.911692395512631606e+02 9.766935886228566687e-04
2.913816168230000585e+02 9.768553775968027812e-04
2.915939940947369564e+02 9.770252454092212286e-04
2.918063713664737975e+02 9.772031982860516965e-04
2.920187486382106954e+02 9.773892426902402487e-04
2.922311259099475933e+02 9.775833853222220138e-04
2.924435031816844344e+02 9.777856331204210025e-04
2.926558804534213323e+02 9.779959932617644531e-04
2.928682577251582302e+02 9.782144731622106210e-04
2.930806349968951281e+02 9.784410804772945662e-04
2.932930122686319692e+02 9.786758231026867344e-04
2.935053895403688671e+02 9.789187091747701859e-04
2.937177668121057650e+02 9.791697470712286671e-04
2.939301440838426061e+02 9.794289454116552815e-04
2.941425213555795040e+02 9.796963130581730871e-04
2.943548986273164019e+02 9.799718591160739081e-04
2.945672758990532429e+02 9.802555929344705914e-04
2.947796531707901408e+02 9.805475241069666094e-04
2.949920304425270388e+02 9.808476624723417095e-04
2.952044077142638798e+02 9.811560181152529595e-04
2.954167849860007777e+02 9.814726013669522724e-04
2.956291622577376756e+02 9.817974228060193272e-04
2.958415395294745736e+02 9.821304932591122701e-04
2.960539168012114146e+02 9.824718238017335955e-04
2.962662940729483125e+02 9.828214257590122890e-04
2.964786713446852104e+02 9.831793107065035352e-04
2.966910486164220515e+02 9.835454904710042544e-04
2.969034258881589494e+02 9.839199771313862034e-04
2.971158031598958473e+02 9.843027830194446895e-04
2.973281804316326884e+02 9.846939207207650643e-04
2.975405577033695863e+02 9.850934030756063487e-04
2.977529349751064842e+02 9.855012431798015546e-04
2.979653122468433253e+02 9.859174543856755700e-04
2.981776895185802232e+02 9.863420503029795249e-04
2.983900667903171211e+02 9.867750447998444550e-04
2.986024440620540190e+02 9.872164520037503624e-04
2.988148213337908601e+02 9.876662863025152238e-04
2.990271986055277580e+02 9.881245623452996132e-04
2.992395758772646559e+02 9.885912950436304050e-04
2.994519531490014970e+02 9.890664995724429091e-04
2.996643304207383949e+02 9.895501913711397032e-04
2.998767076924752928e+02 9.900423861446694136e-04
3.000890849642121339e+02 9.905430998646237110e-04
3.003014622359490318e+02 9.910523487703507863e-04
3.005138395076859297e+02 9.915701493700900763e-04
3.007262167794227707e+02 9.920965184421249878e-04
3.009385940511596687e+02 9.926314730359538357e-04
3.011509713228965666e+02 9.931750304734802970e-04
3.013633485946334645e+02 9.937272083502242479e-04
3.015757258663703055e+02 9.942880245365490807e-04
3.017881031381072034e+02 9.948574971789124390e-04
3.020004804098441014e+02 9.954356447011338677e-04
3.022128576815809424e+02 9.960224858056824105e-04
3.024252349533178403e+02 9.966180394749854596e-04
3.026376122250547382e+02 9.972223249727569030e-04
3.028499894967915793e+02 9.978353618453460888e-04
3.030623667685284772e+02 9.984571699231054379e-04
3.032747440402653751e+02 9.990877693217829932e-04
3.034871213120022730e+02 9.997271804439297142e-04
3.036994985837391141e+02 1.000375423980333659e-03
3.039118758554760120e+02 1.001032520911469999e-03
3.041242531272129099e+02 1.001698492508977913e-03
3.043366303989497510e+02 1.002373360337152023e-03
3.045490076706866489e+02 1.003057146254463959e-03
3.047613849424235468e+02 1.003749872415098023e-03
3.049737622141603879e+02 1.004451561270511793e-03
3.051861394858972858e+02 1.005162235571022741e-03
3.053985167576341837e+02 1.005881918367410033e-03
3.056108940293710248e+02 1.006610633012544522e-03
3.058232713011079227e+02 1.007348403163039552e-03
3.060356485728448206e+02 1.008095252780924532e-03
3.062480258445817185e+02 1.008851206135342364e-03
3.064604031163185596e+02 1.009616287804270072e-03
3.066727803880554575e+02 1.010390522676264148e-03
3.068851576597923554e+02 1.011173935952225204e-03
3.070975349315291965e+02 1.011966553147194275e-03
3.073099122032660944e+02 1.012768400092167124e-03
3.075222894750029923e+02 1.013579502935935866e-03
3.077346667467398333e+02 1.014399888146952930e-03
3.079470440184767313e+02 1.015229582515225814e-03
3.081594212902136292e+02 1.016068613154227657e-03
3.083717985619504702e+02 1.016917007502842526e-03
3.085841758336873681e+02 1.017774793327331064e-03
3.087965531054242661e+02 1.018641998723323261e-03
3.090089303771611640e+02 1.019518652117837884e-03
3.092213076488980050e+02 1.020404782271327939e-03
3.094336849206349029e+02 1.021300418279752790e-03
3.096460621923718008e+02 1.022205589576677615e-03
3.098584394641086419e+02 1.023120325935399089e-03
3.100708167358455398e+02 1.024044657471100779e-03
3.102831940075824377e+02 1.024978614643032391e-03
3.104955712793192788e+02 1.025922228256721542e-03
3.107079485510561767e+02 1.026875529466211119e-03
3.109203258227930746e+02 1.027838549776325262e-03
3.111327030945299157e+02 1.028811321044964403e-03
3.113450803662668136e+02 1.029793875485432615e-03
3.115574576380037115e+02 1.030786245668787295e-03
3.117698349097406094e+02 1.031788464526226575e-03
3.119822121814774505e+02 1.032800565351502109e-03
3.121945894532143484e+02 1.033822581803362428e-03
3.124069667249512463e+02 1.034854547908030126e-03
3.126193439966880874e+02 1.035896498061704852e-03
3.128317212684249853e+02 1.036948467033103590e-03
3.130440985401618832e+02 1.038010489966027404e-03
3.132564758118987243e+02 1.039082602381964388e-03
3.134688530836356222e+02 1.040164840182722112e-03
3.136812303553725201e+02 1.041257239653092803e-03
3.138936076271094180e+02 1.042359837463553880e-03
3.141059848988462591e+02 1.043472670673000141e-03
3.143183621705831570e+02 1.044595776731509782e-03
3.145307394423200549e+02 1.045729193483145103e-03
3.147431167140568959e+02 1.046872959168785536e-03
3.149554939857937939e+02 1.048027112429000991e-03
3.151678712575306918e+02 1.049191692306953184e-03
3.153802485292675328e+02 1.050366738251337943e-03
3.155926258010044307e+02 1.051552290119362430e-03
3.158050030727413287e+02 1.052748388179755752e-03
3.160173803444781697e+02 1.053955073115820772e-03
3.162297576162150676e+02 1.055172386028521920e-03
3.164421348879519655e+02 1.056400368439605955e-03
3.166545121596888634e+02 1.057639062294769578e-03
3.168668894314257045e+02 1.058888509966856737e-03
3.170792667031626024e+02 1.060148754259101697e-03
3.172916439748995003e+02 1.061419838408405279e-03
3.175040212466363414e+02 1.062701806088657726e-03
3.177163985183732393e+02 1.063994701414095823e-03
3.179287757901101372e+02 1.065298568942703175e-03
3.181411530618469783e+02 1.066613453679653200e-03
3.183535303335838762e+02 1.067939401080791146e-03
3.185659076053207741e+02 1.069276457056158843e-03
3.187782848770576152e+02 1.070624667973562802e-03
3.189906621487945131e+02 1.071984080662187000e-03
3.192030394205314110e+02 1.073354742416244255e-03
3.194154166922683089e+02 1.074736700998676821e-03
3.196277939640051500e+02 1.076130004644899277e-03
3.198401712357420479e+02 1.077534702066587592e-03
3.200525485074789458e+02 1.078950842455512213e-03
3.202649257792157869e+02 1.080378475487417779e-03
3.204773030509526848e+02 1.081817651325953566e-03
3.206896803226895827e+02 1.083268420626643403e-03
3.209020575944264237e+02 1.084730834540911532e-03
3.211144348661633217e+02 1.086204944720152270e-03
3.213268121379002196e+02 1.087690803319848456e-03
3.215391894096370606e+02 1.089188463003742382e-03
3.217515666813739585e+02 1.090697976948057021e-03
3.219639439531108565e+02 1.092219398845762149e-03
3.221763212248477544e+02 1.093752782910899658e-03
3.223886984965845954e+02 1.095298183882956796e-03
3.226010757683214933e+02 1.096855657031293183e-03
3.228134530400583913e+02 1.098425258159619862e-03
3.230258303117952323e+02 1.100007043610532354e-03
3.232382075835321302e+02 1.101601070270103551e-03
3.234505848552690281e+02 1.103207395572522800e-03
3.236629621270058692e+02 1.104826077504797444e-03
3.238753393987427671e+02 1.106457174611512025e-03
3.240877166704796650e+02 1.108100745999637815e-03
3.243000939422165629e+02 1.109756851343408684e-03
3.245124712139534040e+02 1.111425550889250102e-03
3.247248484856903019e+02 1.113106905460770155e-03
3.249372257574271998e+02 1.114800976463811060e-03
3.251496030291640409e+02 1.116507825891558574e-03
3.253619803009009388e+02 1.118227516329719498e-03
3.255743575726378367e+02 1.119960110961754247e-03
3.257867348443746778e+02 1.121705673574178172e-03
3.259991121161115757e+02 1.123464268561926186e-03
3.262114893878484736e+02 1.125235960933779851e-03
3.264238666595853147e+02 1.127020816317862327e-03
3.266362439313222126e+02 1.128818900967201852e-03
3.268486212030591105e+02 1.130630281765356579e-03
3.270609984747960084e+02 1.132455026232115749e-03
3.272733757465328495e+02 1.134293202529263085e-03
3.274857530182697474e+02 1.136144879466416315e-03
3.276981302900066453e+02 1.138010126506931296e-03
3.279105075617434863e+02 1.139889013773884427e-03
3.281228848334803843e+02 1.141781612056124448e-03
3.283352621052172822e+02 1.143687992814397102e-03
3.285476393769541232e+02 1.145608228187548283e-03
3.287600166486910211e+02 1.147542390998800921e-03
3.289723939204279191e+02 1.149490554762106235e-03
3.291847711921647601e+02 1.151452793688577175e-03
3.293971484639016580e+02 1.153429182692998619e-03
3.296095257356385559e+02 1.155419797400416074e-03
3.298219030073754539e+02 1.157424714152807850e-03
3.300342802791122949e+02 1.159444010015835526e-03
3.302466575508491928e+02 1.161477762785684178e-03
3.304590348225860907e+02 1.163526050995976986e-03
3.306714120943229318e+02 1.165588953924782869e-03
3.308837893660598297e+02 1.167666551601710201e-03
3.310961666377967276e+02 1.169758924815080979e-03
3.313085439095335687e+02 1.171866155119201695e-03
3.315209211812704666e+02 1.173988324841721605e-03
3.317332984530073645e+02 1.176125517091078593e-03
3.319456757247442056e+02 1.178277815764040880e-03
3.321580529964811035e+02 1.180445305553345014e-03
3.323704302682180014e+02 1.182628071955419725e-03
3.325828075399548993e+02 1.184826201278214950e-03
3.327951848116917404e+02 1.187039780649123012e-03
3.330075620834286383e+02 1.189268898023003018e-03
3.332199393551655362e+02 1.191513642190298065e-03
3.334323166269023773e+02 1.193774102785261082e-03
3.336446938986392752e+02 1.196050370294281283e-03
3.338570711703761731e+02 1.198342536064312324e-03
3.340694484421130142e+02 1.200650692311408226e-03
3.342818257138499121e+02 1.202974932129369668e-03
3.344942029855868100e+02 1.205315349498490033e-03
3.347065802573237079e+02 1.207672039294421795e-03
3.349189575290605489e+02 1.210045097297145688e-03
3.351313348007974469e+02 1.212434620200062829e-03
3.353437120725343448e+02 1.214840705619189398e-03
3.355560893442711858e+02 1.217263452102477529e-03
3.357684666160080837e+02 1.219702959139251771e-03
3.359808438877449817e+02 1.222159327169761774e-03
3.361932211594818227e+02 1.224632657594859012e-03
3.364055984312187206e+02 1.227123052785799272e-03
3.366179757029556185e+02 1.229630616094163319e-03
3.368303529746924596e+02 1.232155451861906585e-03
3.370427302464293575e+02 1.234697665431544380e-03
3.372551075181662554e+02 1.237257363156453981e-03
3.374674847899031533e+02 1.239834652411319835e-03
3.376798620616399944e+02 1.242429641602705616e-03
3.378922393333768923e+02 1.245042440179768093e-03
3.381046166051137902e+02 1.247673158645102838e-03
3.383169938768506313e+02 1.250321908565732399e-03
3.385293711485875292e+02 1.252988802584237586e-03
3.387417484203244271e+02 1.255673954430028185e-03
3.389541256920612682e+02 1.258377478930762430e-03
3.391665029637981661e+02 1.261099492023918037e-03
3.393788802355350640e+02 1.263840110768501808e-03
3.395912575072719051e+02 1.266599453356923814e-03
3.398036347790088030e+02 1.269377639127020540e-03
3.400160120507457009e+02 1.272174788574232003e-03
3.402283893224825988e+02 1.274991023363943000e-03
3.404407665942194399e+02 1.277826466343981579e-03
3.406531438659563378e+02 1.280681241557286420e-03
3.408655211376932357e+02 1.283555474254731215e-03
3.410778984094300768e+02 1.286449290908124685e-03
3.412902756811669747e+02 1.289362819223383852e-03
3.415026529529038726e+02 1.292296188153869074e-03
3.417150302246407136e+02 1.295249527913907087e-03
3.419274074963776116e+02 1.298222969992488809e-03
3.421397847681145095e+02 1.301216647167143447e-03
3.423521620398513505e+02 1.304230693518003631e-03
3.425645393115882484e+02 1.307265244442054435e-03
3.427769165833251463e+02 1.310320436667569526e-03
3.429892938550620443e+02 1.313396408268743126e-03
3.432016711267988853e+02 1.316493298680515176e-03
3.434140483985357832e+02 1.319611248713597074e-03
3.436264256702726811e+02 1.322750400569693225e-03
3.438388029420095222e+02 1.325910897856931838e-03
3.440511802137464201e+02 1.329092885605503678e-03
3.442635574854833180e+02 1.332296510283503344e-03
3.444759347572201591e+02 1.335521919812992803e-03
3.446883120289570570e+02 1.338769263586279392e-03
3.449006893006939549e+02 1.342038692482409347e-03
3.451130665724308528e+02 1.345330358883890754e-03
3.453254438441676939e+02 1.348644416693638983e-03
3.455378211159045918e+02 1.351981021352157818e-03
3.457501983876414897e+02 1.355340329854946325e-03
3.459625756593783308e+02 1.358722500770150315e-03
3.461749529311152287e+02 1.362127694256453411e-03
3.463873302028521266e+02 1.365556072081209465e-03
3.465997074745889677e+02 1.369007797638827160e-03
3.468120847463258656e+02 1.372483035969408087e-03
3.470244620180627635e+02 1.375981953777635942e-03
3.472368392897996046e+02 1.379504719451931120e-03
3.474492165615365025e+02 1.383051503083870294e-03
3.476615938332734004e+02 1.386622476487867940e-03
3.478739711050102983e+02 1.390217813221138231e-03
3.480863483767471394e+02 1.393837688603930588e-03
3.482987256484840373e+02 1.397482279740049071e-03
3.485111029202209352e+02 1.401151765537651502e-03
3.487234801919577762e+02 1.404846326730345429e-03
3.489358574636946742e+02 1.408566145898580962e-03
3.491482347354315721e+02 1.412311407491332639e-03
3.493606120071684131e+02 1.416082297848095728e-03
3.495729892789053110e+02 1.419879005221191728e-03
3.497853665506422089e+02 1.423701719798379410e-03
3.499977438223790500e+02 1.427550633725793933e-03
3.502101210941159479e+02 1.431425941131209915e-03
3.504224983658528458e+02 1.435327838147625002e-03
3.506348756375897437e+02 1.439256522937190164e-03
3.508472529093265848e+02 1.443212195715473049e-03
3.510596301810634827e+02 1.447195058776071545e-03
3.512720074528003806e+02 1.451205316515572982e-03
3.514843847245372217e+02 1.455243175458874154e-03
3.516967619962741196e+02 1.459308844284870187e-03
3.519091392680110175e+02 1.463402533852497080e-03
3.521215165397478586e+02 1.467524457227163464e-03
3.523338938114847565e+02 1.471674829707561192e-03
3.525462710832216544e+02 1.475853868852852356e-03
3.527586483549584955e+02 1.480061794510262665e-03
3.529710256266953934e+02 1.484298828843072732e-03
3.531834028984322913e+02 1.488565196359007683e-03
3.533957801701691892e+02 1.492861123939048101e-03
3.536081574419060303e+02 1.497186840866660115e-03
3.538205347136429282e+02 1.501542578857454615e-03
3.540329119853798261e+02 1.505928572089271483e-03
3.542452892571166672e+02 1.510345057232716573e-03
3.544576665288535651e+02 1.514792273482145615e-03
3.546700438005904630e+02 1.519270462587096315e-03
3.548824210723273040e+02 1.523779868884194257e-03
3.550947983440642020e+02 1.528320739329529785e-03
3.553071756158010999e+02 1.532893323531507590e-03
3.555195528875379978e+02 1.537497873784192436e-03
3.557319301592748388e+02 1.542134645101145589e-03
3.559443074310117368e+02 1.546803895249775377e-03
3.561566847027486347e+02 1.551505884786184321e-03
3.563690619744854757e+02 1.556240877090555100e-03
3.565814392462223736e+02 1.561009138403061719e-03
3.567938165179592716e+02 1.565810937860316046e-03
3.570061937896961126e+02 1.570646547532367513e-03
3.572185710614330105e+02 1.575516242460268989e-03
3.574309483331699084e+02 1.580420300694195587e-03
3.576433256049067495e+02 1.585359003332151989e-03
3.578557028766436474e+02 1.590332634559273907e-03
3.580680801483805453e+02 1.595341481687710455e-03
3.582804574201174432e+02 1.600385835197129731e-03
3.584928346918542843e+02 1.605465988775840432e-03
3.587052119635911822e+02 1.610582239362544485e-03
3.589175892353280801e+02 1.615734887188723708e-03
3.591299665070649212e+02 1.620924235821690883e-03
3.593423437788018191e+02 1.626150592208297409e-03
3.595547210505387170e+02 1.631414266719315555e-03
3.597670983222755581e+02 1.636715573194512862e-03
3.599794755940124560e+02 1.642054828988429548e-03
3.601918528657493539e+02 1.647432355016853695e-03
3.604042301374861950e+02 1.652848475804037827e-03
3.606166074092230929e+02 1.658303519530646662e-03
3.608289846809599908e+02 1.663797818082452321e-03
3.610413619526968887e+02 1.669331707099797795e-03
3.612537392244337298e+02 1.674905526027838879e-03
3.614661164961706277e+02 1.680519618167582553e-03
3.616784937679075256e+02 1.686174330727717051e-03
3.618908710396443666e+02 1.691870014877277411e-03
3.621032483113812646e+02 1.697607025799145221e-03
3.623156255831181625e+02 1.703385722744390996e-03
3.625280028548550035e+02 1.709206469087486309e-03
3.627403801265919014e+02 1.715069632382410381e-03
3.629527573983287994e+02 1.720975584419631634e-03
3.631651346700656404e+02 1.726924701284020995e-03
3.633775119418025383e+02 1.732917363413701960e-03
3.635898892135394362e+02 1.738953955659825043e-03
3.638022664852763342e+02 1.745034867347331452e-03
3.640146437570131752e+02 1.751160492336690166e-03
3.642270210287500731e+02 1.757331229086645701e-03
3.644393983004869710e+02 1.763547480717969629e-03
3.646517755722238121e+02 1.769809655078269850e-03
3.648641528439607100e+02 1.776118164807853703e-03
3.650765301156976079e+02 1.782473427406662276e-03
3.652889073874344490e+02 1.788875865302311675e-03
3.655012846591713469e+02 1.795325905919258188e-03
3.657136619309082448e+02 1.801823981749089932e-03
3.659260392026450859e+02 1.808370530421991602e-03
3.661384164743819838e+02 1.814965994779398160e-03
3.663507937461188817e+02 1.821610822947839848e-03
3.665631710178557796e+02 1.828305468414029257e-03
3.667755482895926207e+02 1.835050390101195450e-03
3.669879255613295186e+02 1.841846052446706765e-03
3.672003028330664165e+02 1.848692925480972327e-03
3.674126801048032576e+02 1.855591484907690575e-03
3.676250573765401555e+02 1.862542212185448916e-03
3.678374346482770534e+02 1.869545594610681890e-03
3.680498119200138945e+02 1.876602125402056362e-03
3.682621891917507924e+02 1.883712303786281564e-03
3.684745664634876903e+02 1.890876635085367860e-03
3.686869437352245882e+02 1.898095630805389294e-03
3.688993210069614292e+02 1.905369808726752739e-03
3.691116982786983272e+02 1.912699692996023973e-03
3.693240755504352251e+02 1.920085814219314995e-03
3.695364528221720661e+02 1.927528709557290061e-03
3.697488300939089640e+02 1.935028922821821007e-03
3.699612073656458620e+02 1.942587004574287523e-03
3.701735846373827030e+02 1.950203512225606077e-03
3.703859619091196009e+02 1.957879010137995521e-03
3.705983391808564988e+02 1.965614069728502129e-03
3.708107164525933399e+02 1.973409269574342637e-03
3.710230937243302378e+02 1.981265195520105164e-03
3.712354709960671357e+02 1.989182440786799785e-03
3.714478482678040336e+02 1.997161606082863920e-03
3.716602255395408747e+02 2.005203299717101505e-03
3.718726028112777726e+02 2.013308137713641817e-03
3.720849800830146705e+02 2.021476743928907541e-03
3.722973573547515116e+02 2.029709750170693560e-03
3.725097346264884095e+02 2.038007796319352572e-03
3.727221118982253074e+02 2.046371530451140865e-03
3.729344891699621485e+02 2.054801608963784977e-03
3.731468664416990464e+02 2.063298696704309997e-03
3.733592437134359443e+02 2.071863467099140793e-03
3.735716209851727854e+02 2.080496602286579805e-03
3.737839982569096833e+02 2.089198793251681365e-03
3.739963755286465812e+02 2.097970739963546383e-03
3.742087528003834791e+02 2.106813151515148867e-03
3.744211300721203202e+02 2.115726746265685597e-03
3.746335073438572181e+02 2.124712251985554773e-03
3.748458846155941160e+02 2.133770406003960163e-03
3.750582618873309571e+02 2.142901955359255255e-03
3.752706391590678550e+02 2.152107656952055147e-03
3.754830164308047529e+02 2.161388277701156973e-03
3.756953937025415939e+02 2.170744594702370307e-03
3.759077709742784918e+02 2.180177395390298783e-03
3.761201482460153898e+02 2.189687477703109765e-03
3.763325255177522308e+02 2.199275650250405705e-03
3.765449027894891287e+02 2.208942732484237958e-03
3.767572800612260266e+02 2.218689554873307275e-03
3.769696573329629246e+02 2.228516959080467652e-03
3.771820346046997656e+02 2.238425798143568648e-03
3.773944118764366635e+02 2.248416936659727253e-03
3.776067891481735614e+02 2.258491250973083085e-03
3.778191664199104025e+02 2.268649629366132313e-03
3.780315436916473004e+02 2.278892972254728359e-03
3.782439209633841983e+02 2.289222192386776260e-03
3.784562982351210394e+02 2.299638215044767699e-03
3.786686755068579373e+02 2.310141978252209204e-03
3.788810527785948352e+02 2.320734432984009402e-03
3.790934300503317331e+02 2.331416543380959803e-03
3.793058073220685742e+02 2.342189286968355058e-03
3.795181845938054721e+02 2.353053654878890615e-03
3.797305618655423700e+02 2.364010652079865087e-03
3.799429391372792111e+02 2.375061297604859952e-03
3.801553164090161090e+02 2.386206624789960311e-03
3.803676936807530069e+02 2.397447681514587852e-03
3.805800709524898480e+02 2.408785530447117747e-03
3.807924482242267459e+02 2.420221249295340191e-03
3.810048254959636438e+02 2.431755931061874154e-03
3.812172027677004849e+02 2.443390684304673835e-03
3.814295800394373828e+02 2.455126633402734525e-03
3.816419573111742807e+02 2.466964918827091544e-03
3.818543345829111786e+02 2.478906697417263601e-03
3.820667118546480197e+02 2.490953142663262024e-03
3.822790891263849176e+02 2.503105444993282934e-03
3.824914663981218155e+02 2.515364812067202079e-03
3.827038436698586565e+02 2.527732469076041447e-03
3.829162209415955545e+02 2.540209659047534731e-03
3.831285982133324524e+02 2.552797643157888804e-03
3.833409754850692934e+02 2.565497701049959320e-03
3.835533527568061913e+02 2.578311131157951918e-03
3.837657300285430892e+02 2.591239251038775226e-03
3.839781073002799303e+02 2.604283397710263365e-03
3.841904845720168282e+02 2.617444927996397195e-03
3.844028618437537261e+02 2.630725218879663516e-03
3.846152391154906240e+02 2.644125667860783811e-03
3.848276163872274651e+02 2.657647693325935253e-03
3.850399936589643630e+02 2.671292734921681695e-03
3.852523709307012609e+02 2.685062253937744742e-03
3.854647482024381020e+02 2.698957733697879020e-03
3.856771254741749999e+02 2.712980679958993876e-03
3.858895027459118978e+02 2.727132621318715828e-03
3.861018800176487389e+02 2.741415109631637620e-03
3.863142572893856368e+02 2.755829720434451683e-03
3.865266345611225347e+02 2.770378053380137973e-03
3.867390118328593758e+02 2.785061732681496770e-03
3.869513891045962737e+02 2.799882407564236765e-03
3.871637663763331716e+02 2.814841752729798849e-03
3.873761436480700695e+02 2.829941468828236530e-03
3.875885209198069106e+02 2.845183282941355501e-03
3.878008981915438085e+02 2.860568949076386890e-03
3.880132754632807064e+02 2.876100248670416214e-03
3.882256527350175475e+02 2.891778991105905475e-03
3.884380300067544454e+02 2.907607014237542989e-03
3.886504072784913433e+02 2.923586184930683767e-03
3.888627845502281843e+02 2.939718399611739117e-03
3.890751618219650823e+02 2.956005584830777820e-03
3.892875390937019802e+02 2.972449697836615154e-03
3.894999163654388781e+02 2.989052727164797849e-03
3.897122936371757191e+02 3.005816693238723934e-03
3.899246709089126171e+02 3.022743648984308612e-03
3.901370481806495150e+02 3.039835680458467197e-03
3.903494254523863560e+02 3.057094907491845343e-03
3.905618027241232539e+02 3.074523484346144368e-03
3.907741799958601518e+02 3.092123600386366498e-03
3.909865572675969929e+02 3.109897480768452314e-03
3.911989345393338908e+02 3.127847387142682935e-03
3.914113118110707887e+02 3.145975618373198640e-03
3.916236890828076298e+02 3.164284511274167815e-03
3.918360663545445277e+02 3.182776441362973087e-03
3.920484436262814256e+02 3.201453823630858765e-03
3.922608208980183235e+02 3.220319113331557379e-03
3.924731981697551646e+02 3.239374806788326410e-03
3.926855754414920625e+02 3.258623442219936439e-03
3.928979527132289604e+02 3.278067600586030087e-03
3.931103299849658015e+02 3.297709906452489688e-03
3.933227072567026994e+02 3.317553028877288143e-03
3.935350845284395973e+02 3.337599682317347709e-03
3.937474618001764384e+02 3.357852627557061584e-03
3.939598390719133363e+02 3.378314672659032958e-03
3.941722163436502342e+02 3.398988673937572338e-03
3.943845936153870753e+02 3.419877536955702978e-03
3.945969708871239732e+02 3.440984217546255546e-03
3.948093481588608711e+02 3.462311722857667855e-03
3.950217254305977690e+02 3.483863112425291102e-03
3.952341027023346101e+02 3.505641499268820609e-03
3.954464799740715080e+02 3.527650051016646433e-03
3.956588572458084059e+02 3.549891991057786515e-03
3.958712345175452469e+02 3.572370599722293153e-03
3.960836117892821449e+02 3.595089215490887818e-03
3.962959890610190428e+02 3.618051236234584144e-03
3.965083663327558838e+02 3.641260120485279635e-03
3.967207436044927817e+02 3.664719388738137042e-03
3.969331208762296797e+02 3.688432624786603265e-03
3.971454981479665207e+02 3.712403477091126124e-03
3.973578754197034186e+02 3.736635660182485805e-03
3.975702526914403165e+02 3.761132956100684665e-03
3.977826299631772144e+02 3.785899215870534244e-03
3.979950072349140555e+02 3.810938361014932618e-03
3.982073845066509534e+02 3.836254385107008662e-03
3.984197617783878513e+02 3.861851355362135464e-03
3.986321390501246924e+02 3.887733414271171174e-03
3.988445163218615903e+02 3.913904781276038823e-03
3.990568935935984882e+02 3.940369754488868073e-03
3.992692708653353293e+02 3.967132712456109683e-03
3.994816481370722272e+02 3.994198115968904637e-03
3.996940254088091251e+02 4.021570509921045845e-03
3.999064026805460230e+02 4.049254525216094101e-03
4.001187799522828641e+02 4.077254880725006587e-03
4.003311572240197620e+02 4.105576385295927645e-03
4.005435344957566599e+02 4.134223939817592043e-03
4.007559117674935010e+02 4.163202539338124904e-03
4.009682890392303989e+02 4.192517275240885410e-03
4.011806663109672968e+02 4.222173337479027434e-03
4.013930435827041379e+02 4.252176016870733849e-03
4.016054208544410358e+02 4.282530707456963341e-03
4.018177981261779337e+02 4.313242908923546788e-03
4.020301753979147747e+02 4.344318229089826761e-03
4.022425526696516727e+02 4.375762386465846358e-03
4.024549299413885706e+02 4.407581212880162976e-03
4.026673072131254685e+02 4.439780656180697394e-03
4.028796844848623095e+02 4.472366783010807423e-03
4.030920617565992075e+02 4.505345781663068483e-03
4.033044390283361054e+02 4.538723965013136824e-03
4.035168163000729464e+02 4.572507773536417172e-03
4.037291935718098443e+02 4.606703778410142953e-03
4.039415708435467423e+02 4.641318684703553583e-03
4.041539481152835833e+02 4.676359334659190709e-03
4.043663253870204812e+02 4.711832711068229471e-03
4.045787026587573791e+02 4.747745940742821580e-03
4.047910799304942202e+02 4.784106298088825968e-03
4.050034572022311181e+02 4.820921208782179626e-03
4.052158344739680160e+02 4.858198253552232365e-03
4.054282117457049139e+02 4.895945172075809836e-03
4.056405890174417550e+02 4.934169866985574013e-03
4.058529662891786529e+02 4.972880407996624168e-03
4.060653435609155508e+02 5.012085036155146910e-03
4.062777208326523919e+02 5.051792168213515427e-03
4.064900981043892898e+02 5.092010401135970039e-03
4.067024753761261877e+02 5.132748516739301867e-03
4.069148526478630288e+02 5.174015486473354346e-03
4.071272299195999267e+02 5.215820476346046293e-03
4.073396071913368246e+02 5.258172851997847466e-03
4.075519844630736657e+02 5.301082183931089473e-03
4.077643617348105636e+02 5.344558252899413338e-03
4.079767390065474615e+02 5.388611055462877962e-03
4.081891162782843594e+02 5.433250809714762833e-03
4.084014935500212005e+02 5.478487961185989942e-03
4.086138708217580984e+02 5.524333188933555627e-03
4.088262480934949963e+02 5.570797411819406429e-03
4.090386253652318373e+02 5.617891794986775052e-03
4.092510026369687353e+02 5.665627756540983842e-03
4.094633799087056332e+02 5.714016974442001628e-03
4.096757571804424742e+02 5.763071393616646040e-03
4.098881344521793721e+02 5.812803233298369406e-03
4.101005117239162701e+02 5.863224994602801374e-03
4.103128889956531680e+02 5.914349468347995971e-03
4.105252662673900090e+02 5.966189743128228438e-03
4.107376435391269069e+02 6.018759213650882837e-03
4.109500208108638049e+02 6.072071589346054662e-03
4.111623980826006459e+02 6.126140903259348798e-03
4.113747753543375438e+02 6.180981521238373966e-03
4.115871526260744417e+02 6.236608151423960432e-03
4.117995298978112828e+02 6.293035854057885820e-03
4.120119071695481807e+02 6.350280051619103770e-03
4.122242844412850786e+02 6.408356539300909954e-03
4.124366617130219197e+02 6.467281495842434023e-03
4.126490389847588176e+02 6.527071494728097639e-03
4.128614162564957155e+02 6.587743515769119325e-03
4.130737935282326134e+02 6.649314957082382016e-03
4.132861707999694545e+02 6.711803647481921070e-03
4.134985480717063524e+02 6.775227859299593272e-03
4.137109253434432503e+02 6.839606321651570640e-03
4.139233026151800914e+02 6.904958234168840671e-03
4.141356798869169893e+02 6.971303281210041239e-03
4.143480571586538872e+02 7.038661646575923754e-03
4.145604344303907283e+02 7.107054028746010582e-03
4.147728117021276262e+02 7.176501656658494134e-03
4.149851889738645241e+02 7.247026306055389527e-03
4.151975662456013652e+02 7.318650316416456733e-03
4.154099435173382631e+02 7.391396608505984914e-03
4.156223207890751610e+02 7.465288702557656628e-03
4.158346980608120589e+02 7.540350737124429555e-03
4.160470753325489000e+02 7.616607488620940648e-03
4.162594526042857979e+02 7.694084391587805924e-03
4.164718298760226958e+02 7.772807559707992260e-03
4.166842071477595368e+02 7.852803807607630290e-03
4.168965844194964347e+02 7.934100673474534307e-03
4.171089616912333327e+02 8.016726442529409011e-03
4.173213389629701737e+02 8.100710171386849706e-03
4.175337162347070716e+02 8.186081713344603439e-03
4.177460935064439695e+02 8.272871744641309769e-03
4.179584707781808106e+02 8.361111791725600942e-03
4.181708480499177085e+02 8.450834259580949567e-03
4.183832253216546064e+02 8.542072461152769997e-03
4.185956025933915043e+02 8.634860647927353541e-03
4.188079798651283454e+02 8.729234041713827483e-03
4.190203571368652433e+02 8.825228867683563086e-03
4.192327344086021412e+02 8.922882388723579403e-03
4.194451116803389823e+02 9.022232941164205419e-03
4.196574889520758802e+02 9.123319971943684784e-03
4.198698662238127781e+02 9.226184077275536785e-03
4.200822434955496192e+02 9.330867042888772028e-03
4.202946207672865171e+02 9.437411885913843737e-03
4.205069980390234150e+02 9.545862898491042428e-03
4.207193753107603129e+02 9.656265693183006468e-03
4.209317525824971540e+02 9.768667250276155678e-03
4.211441298542340519e+02 9.883115967061336868e-03
4.213565071259709498e+02 9.999661709187859446e-03
4.215688843977077909e+02 1.011835586419135985e-02
4.217812616694446888e+02 1.023925139730037619e-02
4.219936389411815867e+02 1.036240290963231017e-02
4.222060162129184278e+02 1.048786669889637500e-02
4.224183934846553257e+02 1.061570082272670842e-02
4.226307707563922236e+02 1.074596516477564594e-02
4.228431480281290646e+02 1.087872150370535959e-02
4.230555252998659626e+02 1.101403358522281412e-02
4.232679025716028605e+02 1.115196719731126850e-02
4.234802798433397584e+02 1.129259024882111467e-02
4.236926571150765994e+02 1.143597285159100342e-02
4.239050343868134973e+02 1.158218740628092457e-02
4.241174116585503953e+02 1.173130869210849483e-02
4.243297889302872363e+02 1.188341396069199363e-02
4.245421662020241342e+02 1.203858303421464181e-02
4.247545434737610321e+02 1.219689840813714850e-02
4.249669207454978732e+02 1.235844535870009656e-02
4.251792980172347711e+02 1.252331205547105135e-02
4.253916752889716690e+02 1.269158967920644074e-02
4.256040525607085101e+02 1.286337254531580258e-02
4.258164298324454080e+02 1.303875823323224700e-02
4.260288071041823059e+02 1.321784772201139817e-02
4.262411843759192038e+02 1.340074553250227875e-02
4.264535616476560449e+02 1.358755987645325972e-02
4.266659389193929428e+02 1.377840281293984601e-02
4.268783161911298407e+02 1.397339041252422878e-02
4.270906934628666818e+02 1.417264292958387954e-02
4.273030707346035797e+02 1.437628498327286550e-02
4.275154480063404776e+02 1.458444574760918086e-02
4.277278252780773187e+02 1.479725915121428599e-02
4.279402025498142166e+02 1.501486408726403557e-02
4.281525798215511145e+02 1.523740463424599553e-02
4.283649570932879556e+02 1.546503028815912964e-02
4.285773343650248535e+02 1.569789620683201964e-02
4.287897116367617514e+02 1.593616346708049206e-02
4.290020889084986493e+02 1.617999933547576222e-02
4.292144661802354904e+02 1.642957755354350347e-02
4.294268434519723883e+02 1.668507863827188228e-02
4.296392207237092862e+02 1.694669019886442529e-02
4.298515979954461272e+02 1.721460727074027725e-02
4.300639752671830252e+02 1.748903266785170260e-02
4.302763525389199231e+02 1.777017735446312016e-02
4.304887298106567641e+02 1.805826083761808559e-02
4.307011070823936620e+02 1.835351158160510726e-02
4.309134843541305600e+02 1.865616744582630424e-02
4.311258616258674579e+02 1.896647614757543399e-02
4.313382388976042989e+02 1.928469575133753139e-02
4.315506161693411968e+02 1.961109518634171489e-02
4.317629934410780947e+02 1.994595479422249518e-02
4.319753707128149358e+02 2.028956690878463628e-02
4.321877479845518337e+02 2.064223647001176692e-02
4.324001252562887316e+02 2.100428167461843021e-02
4.326125025280255727e+02 2.137603466562058158e-02
4.328248797997624706e+02 2.175784226358409498e-02
4.330372570714993685e+02 2.215006674241335252e-02
4.332496343432362096e+02 2.255308665276412397e-02
4.334620116149731075e+02 2.296729769640074373e-02
4.336743888867100054e+02 2.339311365507533783e-02
4.338867661584469033e+02 2.383096737779063709e-02
4.340991434301837444e+02 2.428131183060837014e-02
4.343115207019206423e+02 2.474462121349949029e-02
4.345238979736575402e+02 2.522139214908849375e-02
4.347362752453943813e+02 2.571214494853993685e-02
4.349486525171312792e+02 2.621742496025734198e-02
4.351610297888681771e+02 2.673780400752815561e-02
4.353734070606050182e+02 2.727388192175703510e-02
4.355857843323419161e+02 2.782628817847633898e-02
4.357981616040788140e+02 2.839568364392285049e-02
4.360105388758156550e+02 2.898276244062807788e-02
4.362229161475525530e+02 2.958825394118050345e-02
4.364352934192894509e+02 3.021292490009780396e-02
4.366476706910263488e+02 3.085758173460438972e-02
4.368600479627631898e+02 3.152307296603566039e-02
4.370724252345000878e+02 3.221029183461365797e-02
4.372848025062369857e+02 3.292017910144873216e-02
4.374971797779738267e+02 3.365372605284770030e-02
4.377095570497107246e+02 3.441197772333959987e-02
4.379219343214476226e+02 3.519603635529219843e-02
4.381343115931844636e+02 3.600706511460054909e-02
4.383466888649213615e+02 3.684629208367955905e-02
4.385590661366582594e+02 3.771501455491719362e-02
4.387714434083951005e+02 3.861460364986198102e-02
4.389838206801319984e+02 3.954650929172749685e-02
4.391961979518688963e+02 4.051226556133513679e-02
4.394085752236057942e+02 4.151349646940872412e-02
4.396209524953426353e+02 4.255192218118122177e-02
4.398333297670795332e+02 4.362936573263172940e-02
4.400457070388164311e+02 4.474776028133913008e-02
4.402580843105532722e+02 4.590915693897761746e-02
4.404704615822901701e+02 4.711573323688880016e-02
4.406828388540270680e+02 4.836980228100209306e-02
4.408952161257639091e+02 4.967382265768081895e-02
4.411075933975008070e+02 5.103040915785664322e-02
4.413199706692377049e+02 5.244234439314451879e-02
4.415323479409746028e+02 5.391259138454839589e-02
4.417447252127114439e+02 5.544430721188216976e-02
4.419571024844483418e+02 5.704085782022303569e-02
4.421694797561852397e+02 5.870583408858146696e-02
4.423818570279220808e+02 6.044306927558554254e-02
4.425942342996589787e+02 6.225665796731463808e-02
4.428066115713958766e+02 6.415097666351651795e-02
4.430189888431327176e+02 6.613070615030361421e-02
4.432313661148696156e+02 6.820085581997006874e-02
4.434437433866065135e+02 7.036679011176938392e-02
4.436561206583433545e+02 7.263425726122979542e-02
4.438684979300802524e+02 7.500942055963530364e-02
4.440808752018171504e+02 7.749889233944054490e-02
4.442932524735540483e+02 8.010977091524511262e-02
4.445056297452908893e+02 8.284968072295326169e-02
4.447180070170277872e+02 8.572681591124786671e-02
4.449303842887646852e+02 8.874998764848658628e-02
4.451427615605015262e+02 9.192867541338721471e-02
4.453551388322384241e+02 9.527308253763727697e-02
4.455675161039753220e+02 9.879419626069173288e-02
4.457798933757121631e+02 1.025038525386418320e-01
4.459922706474490610e+02 1.064148058163331828e-01
4.462046479191859589e+02 1.105408039201133258e-01
4.464170251909228000e+02 1.148966681514854010e-01
4.466294024626596979e+02 1.194983785514805441e-01
4.468417797343965958e+02 1.243631641516155656e-01
4.470541570061334937e+02 1.295095978169490958e-01
4.472665342778703348e+02 1.349576950034626910e-01
4.474789115496072327e+02 1.407290153752578099e-01
4.476912888213441306e+02 1.468467657308194507e-01
4.479036660930809717e+02 1.533359020397412897e-01
4.481160433648178696e+02 1.602232275517796456e-01
4.483284206365547675e+02 1.675374828601762511e-01
4.485407979082916086e+02 1.753094224217493780e-01
4.487531751800285065e+02 1.835718702866016572e-01
4.489655524517654044e+02 1.923597455880055596e-01
4.491779297235022455e+02 2.017100455940213366e-01
4.493903069952391434e+02 2.116617707231926437e-01
4.496026842669760413e+02 2.222557717703219082e-01
4.498150615387129392e+02 2.335344945744654288e-01
4.500274388104497802e+02 2.455415914138081857e-01
4.502398160821866782e+02 2.583213615090739768e-01
4.504521933539235761e+02 2.719179752344522694e-01
4.506645706256604171e+02 2.863744282138786512e-01
4.508769478973973150e+02 3.017311629200681300e-01
4.510893251691342130e+02 3.180242875801682634e-01
4.513017024408710540e+02 3.352833165614901856e-01
4.515140797126079519e+02 3.535283551445141392e-01
4.517264569843448498e+02 3.727666578206440540e-01
4.519388342560817478e+02 3.929885072302798377e-01
4.521512115278185888e+02 4.141623959940792243e-01
4.523635887995554867e+02 4.362295523262605945e-01
4.525759660712923846e+02 4.590979389941954314e-01
4.527883433430292257e+02 4.826359791611212202e-01
4.530007206147661236e+02 5.066664233770553638e-01
4.532130978865030215e+02 5.309609634705703129e-01
4.534254751582398626e+02 5.552364033667124277e-01
4.536378524299767605e+02 5.791533795937652274e-01
4.538502297017136584e+02 6.023187326297794186e-01
4.540626069734504995e+02 6.242925961527621137e-01
4.542749842451873974e+02 6.446010232114559590e-01
4.544873615169242953e+02 6.627544541366471309e-01
4.546997387886611932e+02 6.782715487386905551e-01
4.549121160603980343e+02 6.907069333801235667e-01
4.551244933321349322e+02 6.996804238331093551e-01
4.553368706038718301e+02 7.049045222257092069e-01
4.555492478756086712e+02 7.062067061146409808e-01
4.557616251473455691e+02 7.035434043156573169e-01
4.559740024190824670e+02 6.970035966290134555e-01
4.561863796908193081e+02 6.868014925431040751e-01
4.563987569625562060e+02 6.732593914285038839e-01
4.566111342342931039e+02 6.567832138189306779e-01
4.568235115060299449e+02 6.378340178658526982e-01
4.570358887777668428e+02 6.168989544391144664e-01
4.572482660495037408e+02 5.944646419874589638e-01
4.574606433212406387e+02 5.709950713564021507e-01
4.576730205929774797e+02 5.469151423282285762e-01
4.578853978647143776e+02 5.226000123547769327e-01
4.580977751364512756e+02 4.983697438197264296e-01
4.583101524081881166e+02 4.744883171692642621e-01
4.585225296799250145e+02 4.511659104168582735e-01
4.587349069516619124e+02 4.285633688227178384e-01
4.589472842233987535e+02 4.067979296339870876e-01
4.591596614951356514e+02 3.859494619599254106e-01
4.593720387668725493e+02 3.660666846920550555e-01
4.595844160386093904e+02 3.471730075882181743e-01
4.597967933103462883e+02 3.292717889094441963e-01
4.600091705820831862e+02 3.123509143816514677e-01
4.602215478538200841e+02 2.963866798747271103e-01
4.604339251255569252e+02 2.813470099768141108e-01
4.606463023972938231e+02 2.671940731859032692e-01
4.608586796690307210e+02 2.538863678156742520e-01
4.610710569407675621e+02 2.413803559378274732e-01
4.612834342125044600e+02 2.296317196112990233e-01
4.614958114842413579e+02 2.185963070614448389e-01
4.617081887559781990e+02 2.082308282707268088e-01
4.619205660277150969e+02 1.984933508527021440e-01
4.621329432994519948e+02 1.893436388389914959e-01
4.623453205711888927e+02 1.807433695122067641e-01
4.625576978429257338e+02 1.726562568417897847e-01
4.627700751146626317e+02 1.650481044599891867e-01
4.629824523863995296e+02 1.578868064072381783e-01
4.631948296581363707e+02 1.511423099927506897e-01
4.634072069298732686e+02 1.447865519532033907e-01
4.636195842016101665e+02 1.387933765430574562e-01
4.638319614733470075e+02 1.331384421538478469e-01
4.640443387450839055e+02 1.277991214465056258e-01
4.642567160168208034e+02 1.227543987119126961e-01
4.644690932885576444e+02 1.179847671839361622e-01
4.646814705602945423e+02 1.134721282608135429e-01
4.648938478320314402e+02 1.091996939992354032e-01
4.651062251037683382e+02 1.051518937936970211e-01
4.653186023755051792e+02 1.013142858118449979e-01
4.655309796472420771e+02 9.767347350047687893e-02
4.657433569189789750e+02 9.421702728761369161e-02
4.659557341907158161e+02 9.093341146839341305e-02
4.661681114624527140e+02 8.781191616463225602e-02
4.663804887341896119e+02 8.484259418030409838e-02
4.665928660059264530e+02 8.201620253058355958e-02
4.668052432776633509e+02 7.932414839484698554e-02
4.670176205494002488e+02 7.675843922962508059e-02
4.672299978211370899e+02 7.431163677253807553e-02
4.674423750928739878e+02 7.197681467015303036e-02
4.676547523646108857e+02 6.974751946939644620e-02
4.678671296363477836e+02 6.761773472212193048e-02
4.680795069080846247e+02 6.558184796456305310e-02
4.682918841798215226e+02 6.363462034675795853e-02
4.685042614515584205e+02 6.177115870104309125e-02
4.687166387232952616e+02 5.998688985284519187e-02
4.689290159950321595e+02 5.827753699098926765e-02
4.691413932667690574e+02 5.663909792829687623e-02
4.693537705385058985e+02 5.506782509622674265e-02
4.695661478102427964e+02 5.356020712964159464e-02
4.697785250819796943e+02 5.211295190937761251e-02
4.699909023537165353e+02 5.072297094112260957e-02
4.702032796254534333e+02 4.938736495920926367e-02
4.704156568971903312e+02 4.810341065327649462e-02
4.706280341689272291e+02 4.686854842437612051e-02
4.708404114406640701e+02 4.568037108506754068e-02
4.710527887124009681e+02 4.453661342534143142e-02
4.712651659841378660e+02 4.343514257292747233e-02
4.714775432558747070e+02 4.237394908267002464e-02
4.716899205276116049e+02 4.135113869528360409e-02
4.719022977993485028e+02 4.036492471093256623e-02
4.721146750710853439e+02 3.941362092776175274e-02
4.723270523428222418e+02 3.849563509979138376e-02
4.725394296145591397e+02 3.760946287249317121e-02
4.727518068862960376e+02 3.675368215791787602e-02
4.729641841580328787e+02 3.592694791449940056e-02
4.731765614297697766e+02 3.512798729961289640e-02
4.733889387015066745e+02 3.435559516566882854e-02
4.736013159732435156e+02 3.360862987297631027e-02
4.738136932449804135e+02 3.288600939485784164e-02
4.740260705167173114e+02 3.218670769254232400e-02
4.742384477884541525e+02 3.150975133922211124e-02
4.744508250601910504e+02 3.085421637436801257e-02
4.746632023319279483e+02 3.021922537094751463e-02
4.748755796036647894e+02 2.960394469960448902e-02
4.750879568754016873e+02 2.900758197515811848e-02
4.753003341471385852e+02 2.842938367196049324e-02
4.755127114188754831e+02 2.786863289572863445e-02
4.757250886906123242e+02 2.732464730046006013e-02
4.759374659623492221e+02 2.679677713994054258e-02
4.761498432340861200e+02 2.628440344418316033e-02
4.763622205058229611e+02 2.578693631189007962e-02
4.765745977775598590e+02 2.530381331072554391e-02
4.767869750492967569e+02 2.483449797782383631e-02
4.769993523210335979e+02 2.437847841353469810e-02
4.772117295927704959e+02 2.393526596194661335e-02
4.774241068645073938e+02 2.350439397221843613e-02
4.776364841362442348e+02 2.308541663519651788e-02
4.778488614079811327e+02 2.267790789021167583e-02
4.780612386797180307e+02 2.228146039732977618e-02
4.782736159514549286e+02 2.189568457067637627e-02
4.784859932231917696e+02 2.152020766878115846e-02
4.786983704949286675e+02 2.115467293818074079e-02
4.789107477666655655e+02 2.079873880679408010e-02
4.791231250384024065e+02 2.045207812383200222e-02
4.793355023101393044e+02 2.011437744323716845e-02
4.795478795818762023e+02 1.978533634786371065e-02
4.797602568536130434e+02 1.946466681180102423e-02
4.799726341253499413e+02 1.915209259842994352e-02
4.801850113970868392e+02 1.884734869196829851e-02
4.803973886688236803e+02 1.855018076041531697e-02
4.806097659405605782e+02 1.826034464795061457e-02
4.808221432122974761e+02 1.797760589497642003e-02
4.810345204840343740e+02 1.770173928411220357e-02
4.812468977557712151e+02 1.743252841056797120e-02
4.814592750275081130e+02 1.716976527542551229e-02
4.816716522992450109e+02 1.691324990045714113e-02
4.818840295709818520e+02 1.666278996319940642e-02
4.820964068427187499e+02 1.641820045108576334e-02
4.823087841144556478e+02 1.617930333352006131e-02
4.825211613861924889e+02 1.594592725084363616e-02
4.827335386579293868e+02 1.571790721921809131e-02
4.829459159296662847e+02 1.549508435050838545e-02
4.831582932014031826e+02 1.527730558630753695e-02
4.833706704731400237e+02 1.506442344530063877e-02
4.835830477448769216e+02 1.485629578321474679e-02
4.837954250166138195e+02 1.465278556464974860e-02
4.840078022883506605e+02 1.445376064612731437e-02
4.842201795600875585e+02 1.425909356973740008e-02
4.844325568318244564e+02 1.406866136679976904e-02
4.846449341035612974e+02 1.388234537099224467e-02
4.848573113752981953e+02 1.370003104043184330e-02
4.850696886470350933e+02 1.352160778822608656e-02
4.852820659187719343e+02 1.334696882103912456e-02
4.854944431905088322e+02 1.317601098524589023e-02
4.857068204622457301e+02 1.300863462027263516e-02
4.859191977339826281e+02 1.284474341874456207e-02
4.861315750057194691e+02 1.268424429308500669e-02
4.863439522774563670e+02 1.252704724822998987e-02
4.865563295491932649e+02 1.237306526014269985e-02
4.867687068209301060e+02 1.222221415982893862e-02
4.869810840926670039e+02 1.207441252257292555e-02
4.871934613644039018e+02 1.192958156212868548e-02
4.874058386361407429e+02 1.178764502961615786e-02
4.876182159078776408e+02 1.164852911688624149e-02
4.878305931796145387e+02 1.151216236413218907e-02
4.880429704513513798e+02 1.137847557153603625e-02
4.882553477230882777e+02 1.124740171475147217e-02
4.884677249948251756e+02 1.111887586403530713e-02
4.886801022665620735e+02 1.099283510684913312e-02
4.888924795382989146e+02 1.086921847376343814e-02
4.891048568100358125e+02 1.074796686750473067e-02
4.893172340817727104e+02 1.062902299499553400e-02
4.895296113535095515e+02 1.051233130224409236e-02
4.897419886252464494e+02 1.039783791194905278e-02
4.899543658969833473e+02 1.028549056369147154e-02
4.901667431687201884e+02 1.017523855659245753e-02
4.903791204404570863e+02 1.006703269432175814e-02
4.905914977121939842e+02 9.960825232348730074e-03
4.908038749839308252e+02 9.856569827331750772e-03
4.910162522556677231e+02 9.754221488548434765e-03
4.912286295274046211e+02 9.653736531273804031e-03
4.914410067991415190e+02 9.555072532017679435e-03
4.916533840708783600e+02 9.458188285537814932e-03
4.918657613426152579e+02 9.363043763548918250e-03
4.920781386143521559e+02 9.269600075052251975e-03
4.922905158860889969e+02 9.177819428213506575e-03
4.925028931578258948e+02 9.087665093720779380e-03
4.927152704295627927e+02 8.999101369557964761e-03
4.929276477012996338e+02 8.912093547131263310e-03
4.931400249730365317e+02 8.826607878690289136e-03
4.933524022447734296e+02 8.742611545988017777e-03
4.935647795165103275e+02 8.660072630125879856e-03
4.937771567882471686e+02 8.578960082533693479e-03
4.939895340599840665e+02 8.499243697035868336e-03
4.942019113317209644e+02 8.420894082958254798e-03
4.944142886034578055e+02 8.343882639231402568e-03
4.946266658751947034e+02 8.268181529448671852e-03
4.948390431469316013e+02 8.193763657839565548e-03
4.950514204186684424e+02 8.120602646119964158e-03
4.952637976904053403e+02 8.048672811183243611e-03
4.954761749621422382e+02 7.977949143597926757e-03
4.956885522338790793e+02 7.908407286878553141e-03
4.959009295056159772e+02 7.840023517498514311e-03
4.961133067773528751e+02 7.772774725614980951e-03
4.963256840490897730e+02 7.706638396476921636e-03
4.965380613208266141e+02 7.641592592489130677e-03
4.967504385925635120e+02 7.577615935905879924e-03
4.969628158643004099e+02 7.514687592129530233e-03
4.971751931360372510e+02 7.452787253589821664e-03
4.973875704077741489e+02 7.391895124181266721e-03
4.975999476795110468e+02 7.331991904236893204e-03
4.978123249512478878e+02 7.273058776017204269e-03
4.980247022229847857e+02 7.215077389694548628e-03
4.982370794947216837e+02 7.158029849813913464e-03
4.984494567664585247e+02 7.101898702211617564e-03
4.986618340381954226e+02 7.046666921374528797e-03
4.988742113099323205e+02 6.992317898223228065e-03
4.990865885816692185e+02 6.938835428302742199e-03
4.992989658534060595e+02 6.886203700365821356e-03
4.995113431251429574e+02 6.834407285333783319e-03
4.997237203968798553e+02 6.783431125621140582e-03
4.999360976686166964e+02 6.733260524810182751e-03
5.001484749403535943e+02 6.683881137662752749e-03
5.003608522120904922e+02 6.635278960456887296e-03
5.005732294838273333e+02 6.587440321636215020e-03
5.007856067555642312e+02 6.540351872760820015e-03
5.009979840273011291e+02 6.494000579748744444e-03
5.012103612990379702e+02 6.448373714397410451e-03
5.014227385707748681e+02 6.403458846175000621e-03
5.016351158425117660e+02 6.359243834272252510e-03
5.018474931142486639e+02 6.315716819905148847e-03
5.020598703859855050e+02 6.272866218859810689e-03
5.022722476577224029e+02 6.230680714270874811e-03
5.024846249294593008e+02 6.189149249625370414e-03
5.026970022011961419e+02 6.148261021983937591e-03
5.029093794729330398e+02 6.108005475411971627e-03
5.031217567446699377e+02 6.068372294613457590e-03
5.033341340164067788e+02 6.029351398760373314e-03
5.035465112881436767e+02 5.990932935510943913e-03
5.037588885598805746e+02 5.953107275210461208e-03
5.039712658316174725e+02 5.915865005268215737e-03
5.041836431033543136e+02 5.879196924704730050e-03
5.043960203750912115e+02 5.843094038863445513e-03
5.046083976468281094e+02 5.807547554281469390e-03
5.048207749185649504e+02 5.772548873713897848e-03
5.050331521903018483e+02 5.738089591306672066e-03
5.052455294620387463e+02 5.704161487913131899e-03
5.054579067337755873e+02 5.670756526549363026e-03
5.056702840055124852e+02 5.637866847983851598e-03
5.058826612772493831e+02 5.605484766457137329e-03
5.060950385489862242e+02 5.573602765527072705e-03
5.063074158207231221e+02 5.542213494035706269e-03
5.065197930924600200e+02 5.511309762193917182e-03
5.067321703641969179e+02 5.480884537779893637e-03
5.069445476359337590e+02 5.450930942447917114e-03
5.071569249076706569e+02 5.421442248143860769e-03
5.073693021794075548e+02 5.392411873624159725e-03
5.075816794511443959e+02 5.363833381074812473e-03
5.077940567228812938e+02 5.335700472827372386e-03
5.080064339946181917e+02 5.308006988168954311e-03
5.082188112663550328e+02 5.280746900243205727e-03
5.084311885380919307e+02 5.253914313039485112e-03
5.086435658098288286e+02 5.227503458467616833e-03
5.088559430815656697e+02 5.201508693515445245e-03
5.090683203533025676e+02 5.175924497486749862e-03
5.092806976250394655e+02 5.150745469317138080e-03
5.094930748967763634e+02 5.125966324965428728e-03
5.097054521685132045e+02 5.101581894878366719e-03
5.099178294402501024e+02 5.077587121526407586e-03
5.101302067119870003e+02 5.053977057008548351e-03
5.103425839837238414e+02 5.030746860724051063e-03
5.105549612554607393e+02 5.007891797109151680e-03
5.107673385271976372e+02 4.985407233436891204e-03
5.109797157989344782e+02 4.963288637678135717e-03
5.111920930706713762e+02 4.941531576422072275e-03
5.114044703424082741e+02 4.920131712854502321e-03
5.116168476141451151e+02 4.899084804792189218e-03
5.118292248858820130e+02 4.878386702771716869e-03
5.120416021576188541e+02 4.858033348191355405e-03
5.122539794293558089e+02 4.838020771504328472e-03
5.124663567010926499e+02 4.818345090462207089e-03
5.126787339728294910e+02 4.799002508406831520e-03
5.128911112445664457e+02 4.779989312609622329e-03
5.131034885163032868e+02 4.761301872656892829e-03
5.133158657880402416e+02 4.742936638879813316e-03
5.135282430597770826e+02 4.724890140828051296e-03
5.137406203315139237e+02 4.707158985785632292e-03
5.139529976032508785e+02 4.689739857328137362e-03
5.141653748749877195e+02 4.672629513920025651e-03
5.143777521467245606e+02 4.655824787550955253e-03
5.145901294184615153e+02 4.639322582410261055e-03
5.148025066901983564e+02 4.623119873598492344e-03
5.150148839619351975e+02 4.607213705874988428e-03
5.152272612336721522e+02 4.591601192440740269e-03
5.154396385054089933e+02 4.576279513755548457e-03
5.156520157771458344e+02 4.561245916388557281e-03
5.158643930488827891e+02 4.546497711901469237e-03
5.160767703206196302e+02 4.532032275763578713e-03
5.162891475923564713e+02 4.517847046297747936e-03
5.165015248640934260e+02 4.503939523656763991e-03
5.167139021358302671e+02 4.490307268829226914e-03
5.169262794075671081e+02 4.476947902674234189e-03
5.171386566793040629e+02 4.463859104984314354e-03
5.173510339510409040e+02 4.451038613575890660e-03
5.175634112227777450e+02 4.438484223406564434e-03
5.177757884945146998e+02 4.426193785718755824e-03
5.179881657662515408e+02 4.414165207209041868e-03
5.182005430379883819e+02 4.402396449222556116e-03
5.184129203097253367e+02 4.390885526972047349e-03
5.186252975814621777e+02 4.379630508780965083e-03
5.188376748531991325e+02 4.368629515350054039e-03
5.190500521249359736e+02 4.357880719047068155e-03
5.192624293966728146e+02 4.347382343218989149e-03
5.194748066684097694e+02 4.337132661526416598e-03
5.196871839401466104e+02 4.327129997299635107e-03
5.198995612118834515e+02 4.317372722915898027e-03
5.201119384836204063e+02 4.307859259197596366e-03
5.203243157553572473e+02 4.298588074830887035e-03
5.205366930270940884e+02 4.289557685804363217e-03
5.207490702988310431e+02 4.280766654867456354e-03
5.209614475705678842e+02 4.272213591008236673e-03
5.211738248423047253e+02 4.263897148950175110e-03
5.213862021140416800e+02 4.255816028667668005e-03
5.215985793857785211e+02 4.247968974919961137e-03
5.218109566575153622e+02 4.240354776803130499e-03
5.220233339292523169e+02 4.232972267319937663e-03
5.222357112009891580e+02 4.225820322967224069e-03
5.224480884727259991e+02 4.218897863340571007e-03
5.226604657444629538e+02 4.212203850756039702e-03
5.228728430161997949e+02 4.205737289888722592e-03
5.230852202879366359e+02 4.199497227427851677e-03
5.232975975596735907e+02 4.193482751748320823e-03
5.235099748314104318e+02 4.187692992598376560e-03
5.237223521031473865e+02 4.182127120803265721e-03
5.239347293748842276e+02 4.176784347984741075e-03
5.241471066466210686e+02 4.171663926296145623e-03
5.243594839183580234e+02 4.166765148173023556e-03
5.245718611900948645e+02 4.162087346099036661e-03
5.247842384618317055e+02 4.157629892387065644e-03
5.249966157335686603e+02 4.153392198975389658e-03
5.252089930053055014e+02 4.149373717238800940e-03
5.254213702770423424e+02 4.145573937814546125e-03
5.256337475487792972e+02 4.141992390442996233e-03
5.258461248205161382e+02 4.138628643822984607e-03
5.260585020922529793e+02 4.135482305481667960e-03
5.262708793639899341e+02 4.132553021658900982e-03
5.264832566357267751e+02 4.129840477206031708e-03
5.266956339074636162e+02 4.127344395499057787e-03
5.269080111792005710e+02 4.125064538366125452e-03
5.271203884509374120e+02 4.123000706029313067e-03
5.273327657226742531e+02 4.121152737060674101e-03
5.275451429944112078e+02 4.119520508352542999e-03
5.277575202661480489e+02 4.118103935102069256e-03
5.279698975378848900e+02 4.116902970809998771e-03
5.281822748096218447e+02 4.115917607293701624e-03
5.283946520813586858e+02 4.115147874714476621e-03
5.286070293530955269e+02 4.114593841619149962e-03
5.288194066248324816e+02 4.114255614996000995e-03
5.290317838965693227e+02 4.114133340345090505e-03
5.292441611683062774e+02 4.114227201763001954e-03
5.294565384400431185e+02 4.114537422042098894e-03
5.296689157117799596e+02 4.115064262784355782e-03
5.298812929835169143e+02 4.115808024529851554e-03
5.300936702552537554e+02 4.116769046899998799e-03
5.303060475269905965e+02 4.117947708755656001e-03
5.305184247987275512e+02 4.119344428370181818e-03
5.307308020704643923e+02 4.120959663617595331e-03
5.309431793422012333e+02 4.122793912175948955e-03
5.311555566139381881e+02 4.124847711746074466e-03
5.313679338856750292e+02 4.127121640285834857e-03
5.315803111574118702e+02 4.129616316260068497e-03
5.317926884291488250e+02 4.132332398906377394e-03
5.320050657008856660e+02 4.135270588516950369e-03
5.322174429726225071e+02 4.138431626736635387e-03
5.324298202443594619e+02 4.141816296877430179e-03
5.326421975160963029e+02 4.145425424249643553e-03
5.328545747878331440e+02 4.149259876509938175e-03
5.330669520595700988e+02 4.153320564026502862e-03
5.332793293313069398e+02 4.157608440261592077e-03
5.334917066030437809e+02 4.162124502171736171e-03
5.337040838747807356e+02 4.166869790625854844e-03
5.339164611465175767e+02 4.171845390841582603e-03
5.341288384182545315e+02 4.177052432840139273e-03
5.343412156899913725e+02 4.182492091920002319e-03
5.345535929617282136e+02 4.188165589149774742e-03
5.347659702334651683e+02 4.194074191880562547e-03
5.349783475052020094e+02 4.200219214278198311e-03
5.351907247769388505e+02 4.206602017875764495e-03
5.354031020486758052e+02 4.213224012146720918e-03
5.356154793204126463e+02 4.220086655099069238e-03
5.358278565921494874e+02 4.227191453891040139e-03
5.360402338638864421e+02 4.234539965468638034e-03
5.362526111356232832e+02 4.242133797225561970e-03
5.364649884073601243e+02 4.249974607685997122e-03
5.366773656790970790e+02 4.258064107210706231e-03
5.368897429508339201e+02 4.266404058726966549e-03
5.371021202225707611e+02 4.274996278482908266e-03
5.373144974943077159e+02 4.283842636826761842e-03
5.375268747660445570e+02 4.292945059011577143e-03
5.377392520377813980e+02 4.302305526026084861e-03
5.379516293095183528e+02 4.311926075452220640e-03
5.381640065812551939e+02 4.321808802349979758e-03
5.383763838529920349e+02 4.331955860170317966e-03
5.385887611247289897e+02 4.342369461696695201e-03
5.388011383964658307e+02 4.353051880016001185e-03
5.390135156682026718e+02 4.364005449519660004e-03
5.392258929399396266e+02 4.375232566935572873e-03
5.394382702116764676e+02 4.386735692391730002e-03
5.396506474834134224e+02 4.398517350512377161e-03
5.398630247551502634e+02 4.410580131547420409e-03
5.400754020268871045e+02 4.422926692536148854e-03
5.402877792986240593e+02 4.435559758506004042e-03
5.405001565703609003e+02 4.448482123707406428e-03
5.407125338420977414e+02 4.461696652885691061e-03
5.409249111138346962e+02 4.475206282591003351e-03
5.411372883855715372e+02 4.489014022527296373e-03
5.413496656573083783e+02 4.503122956941550334e-03
5.415620429290453330e+02 4.517536246054218614e-03
5.417744202007821741e+02 4.532257127532121621e-03
5.419867974725190152e+02 4.547288918005059147e-03
5.421991747442559699e+02 4.562635014627244509e-03
5.424115520159928110e+02 4.578298896684931778e-03
5.426239292877296521e+02 4.594284127251622128e-03
5.428363065594666068e+02 4.610594354892125213e-03
5.430486838312034479e+02 4.627233315416930115e-03
5.432610611029402889e+02 4.644204833688503516e-03
5.434734383746772437e+02 4.661512825480858616e-03
5.436858156464140848e+02 4.679161299394096578e-03
5.438981929181509258e+02 4.697154358825627457e-03
5.441105701898878806e+02 4.715496203999648347e-03
5.443229474616247217e+02 4.734191134056726230e-03
5.445353247333616764e+02 4.753243549205404123e-03
5.447477020050985175e+02 4.772657952937532297e-03
5.449600792768353585e+02 4.792438954309571029e-03
5.451724565485723133e+02 4.812591270291680275e-03
5.453848338203091544e+02 4.833119728186813235e-03
5.455972110920459954e+02 4.854029268122131424e-03
5.458095883637829502e+02 4.875324945614820278e-03
5.460219656355197912e+02 4.897011934214792923e-03
5.462343429072566323e+02 4.919095528226831264e-03
5.464467201789935871e+02 4.941581145514528824e-03
5.466590974507304281e+02 4.964474330388772734e-03
5.468714747224672692e+02 4.987780756583639306e-03
5.470838519942042240e+02 5.011506230322345171e-03
5.472962292659410650e+02 5.035656693476303625e-03
5.475086065376779061e+02 5.060238226820498904e-03
5.477209838094148608e+02 5.085257053388150816e-03
5.479333610811517019e+02 5.110719541928068071e-03
5.481457383528885430e+02 5.136632210468299389e-03
5.483581156246254977e+02 5.163001729989393981e-03
5.485704928963623388e+02 5.189834928211112947e-03
5.487828701680991799e+02 5.217138793496598793e-03
5.489952474398361346e+02 5.244920478877738816e-03
5.492076247115729757e+02 5.273187306206046122e-03
5.494200019833098168e+02 5.301946770433512215e-03
5.496323792550467715e+02 5.331206544027682938e-03
5.498447565267836126e+02 5.360974481525776839e-03
5.500571337985205673e+02 5.391258624232870590e-03
5.502695110702574084e+02 5.422067205068846485e-03
5.504818883419942495e+02 5.453408653569837873e-03
5.506942656137312042e+02 5.485291601049266559e-03
5.509066428854680453e+02 5.517724885924340725e-03
5.511190201572048863e+02 5.550717559214116137e-03
5.513313974289418411e+02 5.584278890214985740e-03
5.515437747006786822e+02 5.618418372360220805e-03
5.517561519724155232e+02 5.653145729270391516e-03
5.519685292441524780e+02 5.688470921001362139e-03
5.521809065158893191e+02 5.724404150497287153e-03
5.523932837876261601e+02 5.760955870256345181e-03
5.526056610593631149e+02 5.798136789216785415e-03
5.528180383310999559e+02 5.835957879871677377e-03
5.530304156028367970e+02 5.874430385621116565e-03
5.532427928745737518e+02 5.913565828370493695e-03
5.534551701463105928e+02 5.953376016384296504e-03
5.536675474180474339e+02 5.993873052405393649e-03
5.538799246897843886e+02 6.035069342049542880e-03
5.540923019615212297e+02 6.076977602485918693e-03
5.543046792332580708e+02 6.119610871414872706e-03
5.545170565049950255e+02 6.162982516354094040e-03
5.547294337767318666e+02 6.207106244245373487e-03
5.549418110484688214e+02 6.251996111394772862e-03
5.551541883202056624e+02 6.297666533758757186e-03
5.553665655919425035e+02 6.344132297590676650e-03
5.555789428636794582e+02 6.391408570461340824e-03
5.557913201354162993e+02 6.439510912668872621e-03
5.560036974071531404e+02 6.488455289053712133e-03
5.562160746788900951e+02 6.538258081234676021e-03
5.564284519506269362e+02 6.588936100283365044e-03
5.566408292223637773e+02 6.640506599855066673e-03
5.568532064941007320e+02 6.692987289794347441e-03
5.570655837658375731e+02 6.746396350235160308e-03
5.572779610375744141e+02 6.800752446216173572e-03
5.574903383093113689e+02 6.856074742832278524e-03
5.577027155810482100e+02 6.912382920944916583e-03
5.579150928527850510e+02 6.969697193475049742e-03
5.581274701245220058e+02 7.028038322302806312e-03
5.583398473962588469e+02 7.087427635799861854e-03
5.585522246679956879e+02 7.147887047021891059e-03
5.587646019397326427e+02 7.209439072588794996e-03
5.589769792114694837e+02 7.272106852282728302e-03
5.591893564832063248e+02 7.335914169395321358e-03
5.594017337549432796e+02 7.400885471856194150e-03
5.596141110266801206e+02 7.467045894177311467e-03
5.598264882984169617e+02 7.534421280249442923e-03
5.600388655701539165e+02 7.603038207027890821e-03
5.602512428418907575e+02 7.672924009147343710e-03
5.604636201136277123e+02 7.744106804507972994e-03
5.606759973853645533e+02 7.816615520875430309e-03
5.608883746571013944e+02 7.890479923541934490e-03
5.611007519288383492e+02 7.965730644095713256e-03
5.613131292005751902e+02 8.042399210349949687e-03
5.615255064723120313e+02 8.120518077485011643e-03
5.617378837440489860e+02 8.200120660459353852e-03
5.619502610157858271e+02 8.281241367748548576e-03
5.621626382875226682e+02 8.363915636475005924e-03
5.623750155592596229e+02 8.448179968993059508e-03
5.625873928309964640e+02 8.534071970998728315e-03
5.627997701027333051e+02 8.621630391237177990e-03
5.630121473744702598e+02 8.710895162883511983e-03
5.632245246462071009e+02 8.801907446677987440e-03
5.634369019179439420e+02 8.894709675900986864e-03
5.636492791896808967e+02 8.989345603276579014e-03
5.638616564614177378e+02 9.085860349899596566e-03
5.640740337331545788e+02 9.184300456286449005e-03
5.642864110048915336e+02 9.284713935654042086e-03
5.644987882766283747e+02 9.387150329538429885e-03
5.647111655483652157e+02 9.491660765871065206e-03
5.649235428201021705e+02 9.598298019635766870e-03
5.651359200918390115e+02 9.707116576237859520e-03
5.653482973635759663e+02 9.818172697724754719e-03
5.655606746353128074e+02 9.931524492002956339e-03
5.657730519070496484e+02 1.004723198520830058e-02
5.659854291787866032e+02 1.016535719739196549e-02
5.661978064505234443e+02 1.028596422169644753e-02
5.664101837222602853e+02 1.040911930720588366e-02
5.666225609939972401e+02 1.053489094566442685e-02
5.668349382657340811e+02 1.066334996226941077e-02
5.670473155374709222e+02 1.079456961075877033e-02
5.672596928092078770e+02 1.092862567302334449e-02
5.674720700809447180e+02 1.106559656349065737e-02
5.676844473526815591e+02 1.120556343854186600e-02
5.678968246244185138e+02 1.134861031123766614e-02
5.681092018961553549e+02 1.149482417164793442e-02
5.683215791678921960e+02 1.164429511309844102e-02
5.685339564396291507e+02 1.179711646466530782e-02
5.687463337113659918e+02 1.195338493027093933e-02
5.689587109831028329e+02 1.211320073475768630e-02
5.691710882548397876e+02 1.227666777733722216e-02
5.693834655265766287e+02 1.244389379284144802e-02
5.695958427983134698e+02 1.261499052122845056e-02
5.698082200700504245e+02 1.279007388582404509e-02
5.700205973417872656e+02 1.296926418081341230e-02
5.702329746135241066e+02 1.315268626853139527e-02
5.704453518852610614e+02 1.334046978713382403e-02
5.706577291569979025e+02 1.353274936927378012e-02
5.708701064287348572e+02 1.372966487244894895e-02
5.710824837004716983e+02 1.393136162172766562e-02
5.712948609722085394e+02 1.413799066561538878e-02
5.715072382439454941e+02 1.434970904586974939e-02
5.717196155156823352e+02 1.456668008213206529e-02
5.719319927874191762e+02 1.478907367230351474e-02
5.721443700591561310e+02 1.501706660965631580e-02
5.723567473308929721e+02 1.525084291774306440e-02
5.725691246026298131e+02 1.549059420424329404e-02
5.727815018743667679e+02 1.573652003496437551e-02
5.729938791461036089e+02 1.598882832930491674e-02
5.732062564178404500e+02 1.624773577858408882e-02
5.734186336895774048e+02 1.651346828873908462e-02
5.736310109613142458e+02 1.678626144900714073e-02
5.738433882330510869e+02 1.706636102832858465e-02
5.740557655047880417e+02 1.735402350133301991e-02
5.742681427765248827e+02 1.764951660591457250e-02
5.744805200482617238e+02 1.795311993455435753e-02
5.746928973199986785e+02 1.826512556170841947e-02
5.749052745917355196e+02 1.858583870976162136e-02
5.751176518634723607e+02 1.891557845624181750e-02
5.753300291352093154e+02 1.925467848519339317e-02
5.755424064069461565e+02 1.960348788584157995e-02
5.757547836786831112e+02 1.996237200192662806e-02
5.759671609504199523e+02 2.033171333534907615e-02
5.761795382221567934e+02 2.071191250806962356e-02
5.763919154938937481e+02 2.110338928651461776e-02
5.766042927656305892e+02 2.150658367309048191e-02
5.768166700373674303e+02 2.192195706978710898e-02
5.770290473091043850e+02 2.234999351925471070e-02
5.772414245808412261e+02 2.279120102919135818e-02
5.774538018525780672e+02 2.324611298636628659e-02
5.776661791243150219e+02 2.371528966712995942e-02
5.778785563960518630e+02 2.419931985184829021e-02
5.780909336677887040e+02 2.469882255133355048e-02
5.783033109395256588e+02 2.521444885402993746e-02
5.785156882112624999e+02 2.574688390347618788e-02
5.787280654829993409e+02 2.629684901639625649e-02
5.789404427547362957e+02 2.686510395266753642e-02
5.791528200264731367e+02 2.745244934941539969e-02
5.793651972982099778e+02 2.805972933256880089e-02
5.795775745699469326e+02 2.868783432039317960e-02
5.797899518416837736e+02 2.933770403482746994e-02
5.800023291134206147e+02 3.001033073788117456e-02
5.802147063851575695e+02 3.070676271190367693e-02
5.804270836568944105e+02 3.142810800426352330e-02
5.806394609286312516e+02 3.217553845885903763e-02
5.808518382003682063e+02 3.295029405893649260e-02
5.810642154721050474e+02 3.375368760796711165e-02
5.812765927438420022e+02 3.458710977782050028e-02
5.814889700155788432e+02 3.545203455618262112e-02
5.817013472873156843e+02 3.635002512817910730e-02
5.819137245590526391e+02 3.728274023041770052e-02
5.821261018307894801e+02 3.825194101927044399e-02
5.823384791025263212e+02 3.925949849915064127e-02
5.825508563742632759e+02 4.030740156083237324e-02
5.827632336460001170e+02 4.139776568458204686e-02
5.829756109177369581e+02 4.253284236801844337e-02
5.831879881894739128e+02 4.371502934421409720e-02
5.834003654612107539e+02 4.494688166167883081e-02
5.836127427329475950e+02 4.623112370451221836e-02
5.838251200046845497e+02 4.757066223819807205e-02
5.840374972764213908e+02 4.896860057431764307e-02
5.842498745481582318e+02 5.042825395584676906e-02
5.844622518198951866e+02 5.195316627367264906e-02
5.846746290916320277e+02 5.354712823456950210e-02
5.848870063633688687e+02 5.521419711102090039e-02
5.850993836351058235e+02 5.695871821390015993e-02
5.853117609068426646e+02 5.878534824008540410e-02
5.855241381785795056e+02 6.069908065837593958e-02
5.857365154503164604e+02 6.270527330835315438e-02
5.859488927220533014e+02 6.480967839785520268e-02
5.861612699937902562e+02 6.701847509499507527e-02
5.863736472655270973e+02 6.933830491952704123e-02
5.865860245372639383e+02 7.177631014519367247e-02
5.867984018090008931e+02 7.434017542817028534e-02
5.870107790807377341e+02 7.703817287567993333e-02
5.872231563524745752e+02 7.987921076128826070e-02
5.874355336242115300e+02 8.287288607688912678e-02
5.876479108959483710e+02 8.602954108293767166e-02
5.878602881676852121e+02 8.936032397393851856e-02
5.880726654394221669e+02 9.287725371032538868e-02
5.882850427111590079e+02 9.659328897415588033e-02
5.884974199828958490e+02 1.005224010758673236e-01
5.887097972546328037e+02 1.046796504618702495e-01
5.889221745263696448e+02 1.090812662344880779e-01
5.891345517981064859e+02 1.137447277793347949e-01
5.893469290698434406e+02 1.186888471790795846e-01
5.895593063415802817e+02 1.239338505500630627e-01
5.897716836133171228e+02 1.295014557361599539e-01
5.899840608850540775e+02 1.354149428921383735e-01
5.901964381567909186e+02 1.416992133379323948e-01
5.904088154285277597e+02 1.483808306074017869e-01
5.906211927002647144e+02 1.554880357825312864e-01
5.908335699720015555e+02 1.630507269200973941e-01
5.910459472437383965e+02 1.711003895587521750e-01
5.912583245154753513e+02 1.796699618546467869e-01
5.914707017872121924e+02 1.887936137552270743e-01
5.916830790589491471e+02 1.985064147280996005e-01
5.918954563306859882e+02 2.088438589075345686e-01
5.921078336024228292e+02 2.198412101851650868e-01
5.923202108741597840e+02 2.315326229751058784e-01
5.925325881458966251e+02 2.439499875729799760e-01
5.927449654176334661e+02 2.571214429773509558e-01
5.929573426893704209e+02 2.710694959912334778e-01
5.931697199611072620e+02 2.858086852366404917e-01
5.933820972328441030e+02 3.013427350492883794e-01
5.935944745045810578e+02 3.176611606381907760e-01
5.938068517763178988e+02 3.347353168780097810e-01
5.940192290480547399e+02 3.525139338076204165e-01
5.942316063197916947e+02 3.709182575012385241e-01
5.944439835915285357e+02 3.898370193142264295e-01
5.946563608632653768e+02 4.091215899596101213e-01
5.948687381350023315e+02 4.285818312646462735e-01
5.950811154067391726e+02 4.479833213799984670e-01
5.952934926784760137e+02 4.670467686897383786e-01
5.955058699502129684e+02 4.854505009716053587e-01
5.957182472219498095e+02 5.028368635754084659e-01
5.959306244936866506e+02 5.188231274252326219e-01
5.961430017654236053e+02 5.330170577677559862e-01
5.963553790371604464e+02 5.450366357626212910e-01
5.965677563088974011e+02 5.545326327023731849e-01
5.967801335806342422e+02 5.612119606278180850e-01
5.969925108523710833e+02 5.648591652042446176e-01
5.972048881241080380e+02 5.653532856795335793e-01
5.974172653958448791e+02 5.626777036490394623e-01
5.976296426675817202e+02 5.569215173650611250e-01
5.978420199393186749e+02 5.482722332906277973e-01
5.980543972110555160e+02 5.370008711300677806e-01
5.982667744827923570e+02 5.234416254691998116e-01
5.984791517545293118e+02 5.079687954151582696e-01
5.986915290262661529e+02 4.909737130025555452e-01
5.989039062980029939e+02 4.728439540265085839e-01
5.991162835697399487e+02 4.539463840886401313e-01
5.993286608414767898e+02 4.346147861448967364e-01
5.995410381132136308e+02 4.151421037202402409e-01
5.997534153849505856e+02 3.957768152553544638e-01
5.999657926566874266e+02 3.767226568085489946e-01
6.001781699284242677e+02 3.581408069361532998e-01
6.003905472001612225e+02 3.401536864847833908e-01
6.006029244718980635e+02 3.228496496963581541e-01
6.008153017436349046e+02 3.062880025543763818e-01
6.010276790153718594e+02 2.905039450718696625e-01
6.012400562871087004e+02 2.755131758969520117e-01
6.014524335588455415e+02 2.613160112267950974e-01
6.016648108305824962e+02 2.479009542758625895e-01
6.018771881023193373e+02 2.352477094850128625e-01
6.020895653740562921e+02 2.233296722197011530e-01
6.023019426457931331e+02 2.121159451453920874e-01
6.025143199175299742e+02 2.015729415196930718e-01
6.027266971892669289e+02 1.916656371635321598e-01
6.029390744610037700e+02 1.823585297943583483e-01
6.031514517327406111e+02 1.736163588180669459e-01
6.033638290044775658e+02 1.654046320005296833e-01
6.035762062762144069e+02 1.576899985779365299e-01
6.037885835479512480e+02 1.504405018530286797e-01
6.040009608196882027e+02 1.436257384436219198e-01
6.042133380914250438e+02 1.372169462171106413e-01
6.044257153631618849e+02 1.311870385751606749e-01
6.046380926348988396e+02 1.255105991029276669e-01
6.048504699066356807e+02 1.201638475934592581e-01
6.050628471783725217e+02 1.151245860162716517e-01
6.052752244501094765e+02 1.103721310344615847e-01
6.054876017218463176e+02 1.058872381076466640e-01
6.056999789935831586e+02 1.016520209780955447e-01
6.059123562653201134e+02 9.764986936346831126e-02
6.061247335370569544e+02 9.386536691978086822e-02
6.063371108087937955e+02 9.028421094979684203e-02
6.065494880805307503e+02 8.689313487973576722e-02
6.067618653522675913e+02 8.367983418216297375e-02
6.069742426240045461e+02 8.063289616229099566e-02
6.071866198957413872e+02 7.774173383019070127e-02
6.073989971674782282e+02 7.499652393768316272e-02
6.076113744392151830e+02 7.238814915467112199e-02
6.078237517109520240e+02 6.990814428586668294e-02
6.080361289826888651e+02 6.754864637830998442e-02
6.082485062544258199e+02 6.530234853709306064e-02
6.084608835261626609e+02 6.316245724682709173e-02
6.086732607978995020e+02 6.112265298634395050e-02
6.088856380696364567e+02 5.917705392127235037e-02
6.090980153413732978e+02 5.732018246136719175e-02
6.093103926131101389e+02 5.554693447536722395e-02
6.095227698848470936e+02 5.385255096452390422e-02
6.097351471565839347e+02 5.223259200582683337e-02
6.099475244283207758e+02 5.068291278677680006e-02
6.101599017000577305e+02 4.919964156482975470e-02
6.103722789717945716e+02 4.777915939592931177e-02
6.105846562435314127e+02 4.641808148768801490e-02
6.107970335152683674e+02 4.511324004358147066e-02
6.110094107870052085e+02 4.386166847480779674e-02
6.112217880587420495e+02 4.266058686623203089e-02
6.114341653304790043e+02 4.150738859203043085e-02
6.116465426022158454e+02 4.039962798520613241e-02
6.118589198739526864e+02 3.933500897312130345e-02
6.120712971456896412e+02 3.831137459859113720e-02
6.122836744174264823e+02 3.732669735288384610e-02
6.124960516891634370e+02 3.637907025324720739e-02
6.127084289609002781e+02 3.546669860336591068e-02
6.129208062326371191e+02 3.458789238041175274e-02
6.131331835043740739e+02 3.374105919721955699e-02
6.133455607761109150e+02 3.292469779253115458e-02
6.135579380478477560e+02 3.213739200629882331e-02
6.137703153195847108e+02 3.137780520074637258e-02
6.139826925913215518e+02 3.064467509124584738e-02
6.141950698630583929e+02 2.993680895414492851e-02
6.144074471347953477e+02 2.925307918149618394e-02
6.146198244065321887e+02 2.859241915518546603e-02
6.148322016782690298e+02 2.795381941528952627e-02
6.150445789500059846e+02 2.733632409962793997e-02
6.152569562217428256e+02 2.673902763340229444e-02
6.154693334934796667e+02 2.616107164958309667e-02
6.156817107652166214e+02 2.560164212232499126e-02
6.158940880369534625e+02 2.505996669715100308e-02
6.161064653086903036e+02 2.453531220298841437e-02
6.163188425804272583e+02 2.402698233237022044e-02
6.165312198521640994e+02 2.353431547722477368e-02
6.167435971239009405e+02 2.305668270869720010e-02
6.169559743956378952e+02 2.259348589038522731e-02
6.171683516673747363e+02 2.214415591521621055e-02
6.173807289391116910e+02 2.170815105697136704e-02
6.175931062108485321e+02 2.128495542818390623e-02
6.178054834825853732e+02 2.087407753677637812e-02
6.180178607543223279e+02 2.047504893441251528e-02
6.182302380260591690e+02 2.008742295007716339e-02
6.184426152977960101e+02 1.971077350289956662e-02
6.186549925695329648e+02 1.934469398870026363e-02
6.188673698412698059e+02 1.898879623515731946e-02
6.190797471130066469e+02 1.864270952087470484e-02
6.192921243847436017e+02 1.830607965399599218e-02
6.195045016564804428e+02 1.797856810632728758e-02
6.197168789282172838e+02 1.765985119923353316e-02
6.199292561999542386e+02 1.734961933785289512e-02
6.201416334716910796e+02 1.704757629042262523e-02
6.203540107434279207e+02 1.675343850974380863e-02
6.205663880151648755e+02 1.646693449403177981e-02
6.207787652869017165e+02 1.618780418459282028e-02
6.209911425586385576e+02 1.591579839795065690e-02
6.212035198303755124e+02 1.565067829021919363e-02
6.214158971021123534e+02 1.539221485166897795e-02
6.216282743738491945e+02 1.514018842957917839e-02
6.218406516455861492e+02 1.489438827760316240e-02
6.220530289173229903e+02 1.465461212999465308e-02
6.222654061890598314e+02 1.442066579915510065e-02
6.224777834607967861e+02 1.419236279507145662e-02
6.226901607325336272e+02 1.396952396530708011e-02
6.229025380042705820e+02 1.375197715429858636e-02
6.231149152760074230e+02 1.353955688079910326e-02
6.233272925477442641e+02 1.333210403237904303e-02
6.235396698194812188e+02 1.312946557597389000e-02
6.237520470912180599e+02 1.293149428353065726e-02
6.239644243629549010e+02 1.273804847186703858e-02
6.241768016346918557e+02 1.254899175591728429e-02
6.243891789064286968e+02 1.236419281458933477e-02
6.246015561781655379e+02 1.218352516850744298e-02
6.248139334499024926e+02 1.200686696896328953e-02
6.250263107216393337e+02 1.183410079743876277e-02
6.252386879933761747e+02 1.166511347510363998e-02
6.254510652651131295e+02 1.149979588173114138e-02
6.256634425368499706e+02 1.133804278350634270e-02
6.258758198085868116e+02 1.117975266923499321e-02
6.260881970803237664e+02 1.102482759449263661e-02
6.263005743520606075e+02 1.087317303327968790e-02
6.265129516237974485e+02 1.072469773677450604e-02
6.267253288955344033e+02 1.057931359880314413e-02
6.269377061672712443e+02 1.043693552766512302e-02
6.271500834390080854e+02 1.029748132397603246e-02
6.273624607107450402e+02 1.016087156420992024e-02
6.275748379824818812e+02 1.002702948964085718e-02
6.277872152542188360e+02 9.895880900400742808e-03
6.279995925259556770e+02 9.767354054389229892e-03
6.282119697976925181e+02 9.641379570783004463e-03
6.284243470694294729e+02 9.517890337910055176e-03
6.286367243411663139e+02 9.396821425265398930e-03
6.288491016129031550e+02 9.278109999457615290e-03
6.290614788846401098e+02 9.161695243889106041e-03
6.292738561563769508e+02 9.047518281982261379e-03
6.294862334281137919e+02 8.935522103774299479e-03
6.296986106998507466e+02 8.825651495714906952e-03
6.299109879715875877e+02 8.717852973508383174e-03
6.301233652433244288e+02 8.612074717850613098e-03
6.303357425150613835e+02 8.508266512920959618e-03
6.305481197867982246e+02 8.406379687495160041e-03
6.307604970585350657e+02 8.306367058552527674e-03
6.309728743302720204e+02 8.208182877259065369e-03
6.311852516020088615e+02 8.111782777212896145e-03
6.313976288737457025e+02 8.017123724844411187e-03
6.316100061454826573e+02 7.924163971870736359e-03
6.318223834172194984e+02 7.832863009707809882e-03
6.320347606889563394e+02 7.743181525748536742e-03
6.322471379606932942e+02 7.655081361421517926e-03
6.324595152324301353e+02 7.568525471947934284e-03
6.326718925041669763e+02 7.483477887718407995e-03
6.328842697759039311e+02 7.399903677216895619e-03
6.330966470476407721e+02 7.317768911421143954e-03
6.333090243193777269e+02 7.237040629612730147e-03
6.335214015911145680e+02 7.157686806534634127e-03
6.337337788628514090e+02 7.079676320834975799e-03
6.339461561345883638e+02 7.002978924740960870e-03
6.341585334063252049e+02 6.927565214908368123e-03
6.343709106780620459e+02 6.853406604394637891e-03
6.345832879497990007e+02 6.780475295707257509e-03
6.347956652215358417e+02 6.708744254880387621e-03
6.350080424932726828e+02 6.638187186535011650e-03
6.352204197650096376e+02 6.568778509880986334e-03
6.354327970367464786e+02 6.500493335620445914e-03
6.356451743084833197e+02 6.433307443713856544e-03
6.358575515802202744e+02 6.367197261972911901e-03
6.360699288519571155e+02 6.302139845445101085e-03
6.362823061236939566e+02 6.238112856556511134e-03
6.364946833954309113e+02 6.175094545981875058e-03
6.367070606671677524e+02 6.113063734211395851e-03
6.369194379389045935e+02 6.051999793785305462e-03
6.371318152106415482e+02 5.991882632169345108e-03
