# frequency_cm-1 xx xy xz yx yy yz zx zy zz
0.00000000 1.0506450267e+01 -2.4145565032e-04 -1.3345466313e-04 -2.4645565032e-04 1.0506475442e+01 -1.3257872965e-04 -1.6145466313e-04 -1.7357872965e-04 1.0506366989e+01
0.41272609 1.0506451218e+01 -2.4145571699e-04 -1.3345470016e-04 -2.4645571699e-04 1.0506476393e+01 -1.3257877721e-04 -1.6145470016e-04 -1.7357877721e-04 1.0506367940e+01
0.82545217 1.0506454071e+01 -2.4145591702e-04 -1.3345481125e-04 -2.4645591702e-04 1.0506479246e+01 -1.3257891990e-04 -1.6145481125e-04 -1.7357891990e-04 1.0506370793e+01
1.23817826 1.0506458826e+01 -2.4145625040e-04 -1.3345499640e-04 -2.4645625040e-04 1.0506484001e+01 -1.3257915772e-04 -1.6145499640e-04 -1.7357915772e-04 1.0506375548e+01
1.65090435 1.0506465484e+01 -2.4145671714e-04 -1.3345525561e-04 -2.4645671714e-04 1.0506490659e+01 -1.3257949066e-04 -1.6145525561e-04 -1.7357949066e-04 1.0506382205e+01
2.06363044 1.0506474043e+01 -2.4145731723e-04 -1.3345558889e-04 -2.4645731723e-04 1.0506499218e+01 -1.3257991874e-04 -1.6145558889e-04 -1.7357991874e-04 1.0506390765e+01
2.47635652 1.0506484505e+01 -2.4145805068e-04 -1.3345599623e-04 -2.4645805068e-04 1.0506509680e+01 -1.3258044195e-04 -1.6145599623e-04 -1.7358044195e-04 1.0506401226e+01
2.88908261 1.0506496869e+01 -2.4145891749e-04 -1.3345647763e-04 -2.4645891749e-04 1.0506522045e+01 -1.3258106029e-04 -1.6145647763e-04 -1.7358106029e-04 1.0506413590e+01
3.30180870 1.0506511135e+01 -2.4145991766e-04 -1.3345703309e-04 -2.4645991766e-04 1.0506536311e+01 -1.3258177377e-04 -1.6145703309e-04 -1.7358177377e-04 1.0506427856e+01
3.71453479 1.0506527304e+01 -2.4146105120e-04 -1.3345766263e-04 -2.4646105120e-04 1.0506552480e+01 -1.3258258238e-04 -1.6145766263e-04 -1.7358258238e-04 1.0506444024e+01
4.12726087 1.0506545375e+01 -2.4146231811e-04 -1.3345836623e-04 -2.4646231811e-04 1.0506570551e+01 -1.3258348614e-04 -1.6145836623e-04 -1.7358348614e-04 1.0506462095e+01
4.53998696 1.0506565349e+01 -2.4146371839e-04 -1.3345914390e-04 -2.4646371839e-04 1.0506590525e+01 -1.3258448504e-04 -1.6145914390e-04 -1.7358448504e-04 1.0506482068e+01
4.95271305 1.0506587225e+01 -2.4146525206e-04 -1.3345999565e-04 -2.4646525206e-04 1.0506612401e+01 -1.3258557909e-04 -1.6145999565e-04 -1.7358557909e-04 1.0506503944e+01
5.36543913 1.0506611003e+01 -2.4146691910e-04 -1.3346092148e-04 -2.4646691910e-04 1.0506636180e+01 -1.3258676829e-04 -1.6146092148e-04 -1.7358676829e-04 1.0506527721e+01
5.77816522 1.0506636685e+01 -2.4146871954e-04 -1.3346192138e-04 -2.4646871954e-04 1.0506661861e+01 -1.3258805265e-04 -1.6146192138e-04 -1.7358805265e-04 1.0506553402e+01
6.19089131 1.0506664269e+01 -2.4147065337e-04 -1.3346299536e-04 -2.4647065337e-04 1.0506689445e+01 -1.3258943216e-04 -1.6146299536e-04 -1.7358943216e-04 1.0506580985e+01
6.60361740 1.0506693756e+01 -2.4147272060e-04 -1.3346414343e-04 -2.4647272060e-04 1.0506718932e+01 -1.3259090685e-04 -1.6146414343e-04 -1.7359090685e-04 1.0506610472e+01
7.01634348 1.0506725145e+01 -2.4147492124e-04 -1.3346536559e-04 -2.4647492124e-04 1.0506750323e+01 -1.3259247671e-04 -1.6146536559e-04 -1.7359247671e-04 1.0506641861e+01
7.42906957 1.0506758438e+01 -2.4147725530e-04 -1.3346666184e-04 -2.4647725530e-04 1.0506783616e+01 -1.3259414175e-04 -1.6146666184e-04 -1.7359414175e-04 1.0506675153e+01
7.84179566 1.0506793634e+01 -2.4147972278e-04 -1.3346803219e-04 -2.4647972278e-04 1.0506818812e+01 -1.3259590197e-04 -1.6146803219e-04 -1.7359590197e-04 1.0506710348e+01
8.25452175 1.0506830734e+01 -2.4148232369e-04 -1.3346947663e-04 -2.4648232369e-04 1.0506855912e+01 -1.3259775738e-04 -1.6146947663e-04 -1.7359775738e-04 1.0506747446e+01
8.66724783 1.0506869736e+01 -2.4148505805e-04 -1.3347099519e-04 -2.4648505805e-04 1.0506894915e+01 -1.3259970798e-04 -1.6147099519e-04 -1.7359970798e-04 1.0506786448e+01
9.07997392 1.0506910643e+01 -2.4148792585e-04 -1.3347258785e-04 -2.4648792585e-04 1.0506935821e+01 -1.3260175380e-04 -1.6147258785e-04 -1.7360175380e-04 1.0506827353e+01
9.49270001 1.0506953453e+01 -2.4149092711e-04 -1.3347425462e-04 -2.4649092711e-04 1.0506978632e+01 -1.3260389482e-04 -1.6147425462e-04 -1.7360389482e-04 1.0506870162e+01
9.90542609 1.0506998167e+01 -2.4149406184e-04 -1.3347599551e-04 -2.4649406184e-04 1.0507023346e+01 -1.3260613107e-04 -1.6147599551e-04 -1.7360613107e-04 1.0506914875e+01
10.31815218 1.0507044784e+01 -2.4149733004e-04 -1.3347781053e-04 -2.4649733004e-04 1.0507069964e+01 -1.3260846254e-04 -1.6147781053e-04 -1.7360846254e-04 1.0506961491e+01
10.73087827 1.0507093306e+01 -2.4150073174e-04 -1.3347969967e-04 -2.4650073174e-04 1.0507118486e+01 -1.3261088925e-04 -1.6147969967e-04 -1.7361088925e-04 1.0507010012e+01
11.14360436 1.0507143733e+01 -2.4150426694e-04 -1.3348166296e-04 -2.4650426694e-04 1.0507168913e+01 -1.3261341121e-04 -1.6148166296e-04 -1.7361341121e-04 1.0507060437e+01
11.55633044 1.0507196063e+01 -2.4150793565e-04 -1.3348370038e-04 -2.4650793565e-04 1.0507221244e+01 -1.3261602842e-04 -1.6148370038e-04 -1.7361602842e-04 1.0507112766e+01
11.96905653 1.0507250299e+01 -2.4151173789e-04 -1.3348581195e-04 -2.4651173789e-04 1.0507275480e+01 -1.3261874090e-04 -1.6148581195e-04 -1.7361874090e-04 1.0507167000e+01
12.38178262 1.0507306439e+01 -2.4151567366e-04 -1.3348799767e-04 -2.4651567366e-04 1.0507331620e+01 -1.3262154866e-04 -1.6148799767e-04 -1.7362154866e-04 1.0507223139e+01
12.79450871 1.0507364484e+01 -2.4151974298e-04 -1.3349025755e-04 -2.4651974298e-04 1.0507389666e+01 -1.3262445170e-04 -1.6149025755e-04 -1.7362445170e-04 1.0507281183e+01
13.20723479 1.0507424435e+01 -2.4152394587e-04 -1.3349259160e-04 -2.4652394587e-04 1.0507449617e+01 -1.3262745003e-04 -1.6149259160e-04 -1.7362745003e-04 1.0507341132e+01
13.61996088 1.0507486291e+01 -2.4152828234e-04 -1.3349499982e-04 -2.4652828234e-04 1.0507511474e+01 -1.3263054368e-04 -1.6149499982e-04 -1.7363054368e-04 1.0507402986e+01
14.03268697 1.0507550052e+01 -2.4153275239e-04 -1.3349748222e-04 -2.4653275239e-04 1.0507575236e+01 -1.3263373264e-04 -1.6149748222e-04 -1.7363373264e-04 1.0507466746e+01
14.44541305 1.0507615720e+01 -2.4153735605e-04 -1.3350003881e-04 -2.4653735605e-04 1.0507640903e+01 -1.3263701693e-04 -1.6150003881e-04 -1.7363701693e-04 1.0507532411e+01
14.85813914 1.0507683293e+01 -2.4154209334e-04 -1.3350266960e-04 -2.4654209334e-04 1.0507708478e+01 -1.3264039657e-04 -1.6150266960e-04 -1.7364039657e-04 1.0507599983e+01
15.27086523 1.0507752773e+01 -2.4154696426e-04 -1.3350537459e-04 -2.4654696426e-04 1.0507777958e+01 -1.3264387156e-04 -1.6150537459e-04 -1.7364387156e-04 1.0507669461e+01
15.68359132 1.0507824159e+01 -2.4155196884e-04 -1.3350815380e-04 -2.4655196884e-04 1.0507849345e+01 -1.3264744193e-04 -1.6150815380e-04 -1.7364744193e-04 1.0507740846e+01
16.09631740 1.0507897453e+01 -2.4155710708e-04 -1.3351100722e-04 -2.4655710708e-04 1.0507922638e+01 -1.3265110767e-04 -1.6151100722e-04 -1.7365110767e-04 1.0507814137e+01
16.50904349 1.0507972653e+01 -2.4156237901e-04 -1.3351393487e-04 -2.4656237901e-04 1.0507997839e+01 -1.3265486881e-04 -1.6151393487e-04 -1.7365486881e-04 1.0507889335e+01
16.92176958 1.0508049760e+01 -2.4156778465e-04 -1.3351693676e-04 -2.4656778465e-04 1.0508074947e+01 -1.3265872536e-04 -1.6151693676e-04 -1.7365872536e-04 1.0507966441e+01
17.33449567 1.0508128775e+01 -2.4157332401e-04 -1.3352001289e-04 -2.4657332401e-04 1.0508153963e+01 -1.3266267733e-04 -1.6152001289e-04 -1.7366267733e-04 1.0508045454e+01
17.74722175 1.0508209698e+01 -2.4157899711e-04 -1.3352316329e-04 -2.4657899711e-04 1.0508234887e+01 -1.3266672474e-04 -1.6152316329e-04 -1.7366672474e-04 1.0508126375e+01
18.15994784 1.0508292529e+01 -2.4158480397e-04 -1.3352638794e-04 -2.4658480397e-04 1.0508317718e+01 -1.3267086761e-04 -1.6152638794e-04 -1.7367086761e-04 1.0508209203e+01
18.57267393 1.0508377269e+01 -2.4159074460e-04 -1.3352968687e-04 -2.4659074460e-04 1.0508402458e+01 -1.3267510594e-04 -1.6152968687e-04 -1.7367510594e-04 1.0508293941e+01
18.98540001 1.0508463917e+01 -2.4159681904e-04 -1.3353306009e-04 -2.4659681904e-04 1.0508489107e+01 -1.3267943976e-04 -1.6153306009e-04 -1.7367943976e-04 1.0508380586e+01
19.39812610 1.0508552474e+01 -2.4160302729e-04 -1.3353650760e-04 -2.4660302729e-04 1.0508577665e+01 -1.3268386908e-04 -1.6153650760e-04 -1.7368386908e-04 1.0508469141e+01
19.81085219 1.0508642940e+01 -2.4160936938e-04 -1.3354002941e-04 -2.4660936938e-04 1.0508668132e+01 -1.3268839391e-04 -1.6154002941e-04 -1.7368839391e-04 1.0508559605e+01
20.22357828 1.0508735316e+01 -2.4161584533e-04 -1.3354362555e-04 -2.4661584533e-04 1.0508760508e+01 -1.3269301428e-04 -1.6154362555e-04 -1.7369301428e-04 1.0508651978e+01
20.63630436 1.0508829602e+01 -2.4162245516e-04 -1.3354729600e-04 -2.4662245516e-04 1.0508854795e+01 -1.3269773021e-04 -1.6154729600e-04 -1.7369773021e-04 1.0508746262e+01
21.04903045 1.0508925798e+01 -2.4162919890e-04 -1.3355104080e-04 -2.4662919890e-04 1.0508950991e+01 -1.3270254170e-04 -1.6155104080e-04 -1.7370254170e-04 1.0508842455e+01
21.46175654 1.0509023904e+01 -2.4163607656e-04 -1.3355485994e-04 -2.4663607656e-04 1.0509049099e+01 -1.3270744877e-04 -1.6155485994e-04 -1.7370744877e-04 1.0508940559e+01
21.87448263 1.0509123922e+01 -2.4164308816e-04 -1.3355875344e-04 -2.4664308816e-04 1.0509149117e+01 -1.3271245146e-04 -1.6155875344e-04 -1.7371245146e-04 1.0509040574e+01
22.28720871 1.0509225850e+01 -2.4165023374e-04 -1.3356272132e-04 -2.4665023374e-04 1.0509251046e+01 -1.3271754976e-04 -1.6156272132e-04 -1.7371754976e-04 1.0509142500e+01
22.69993480 1.0509329690e+01 -2.4165751332e-04 -1.3356676358e-04 -2.4665751332e-04 1.0509354887e+01 -1.3272274371e-04 -1.6156676358e-04 -1.7372274371e-04 1.0509246337e+01
23.11266089 1.0509435443e+01 -2.4166492691e-04 -1.3357088023e-04 -2.4666492691e-04 1.0509460640e+01 -1.3272803332e-04 -1.6157088023e-04 -1.7372803332e-04 1.0509352087e+01
23.52538697 1.0509543107e+01 -2.4167247454e-04 -1.3357507129e-04 -2.4667247454e-04 1.0509568305e+01 -1.3273341861e-04 -1.6157507129e-04 -1.7373341861e-04 1.0509459748e+01
23.93811306 1.0509652684e+01 -2.4168015624e-04 -1.3357933678e-04 -2.4668015624e-04 1.0509677883e+01 -1.3273889960e-04 -1.6157933678e-04 -1.7373889960e-04 1.0509569323e+01
24.35083915 1.0509764174e+01 -2.4168797204e-04 -1.3358367669e-04 -2.4668797204e-04 1.0509789374e+01 -1.3274447632e-04 -1.6158367669e-04 -1.7374447632e-04 1.0509680810e+01
24.76356524 1.0509877577e+01 -2.4169592195e-04 -1.3358809106e-04 -2.4669592195e-04 1.0509902778e+01 -1.3275014878e-04 -1.6158809106e-04 -1.7375014878e-04 1.0509794210e+01
25.17629132 1.0509992895e+01 -2.4170400601e-04 -1.3359257988e-04 -2.4670400601e-04 1.0510018097e+01 -1.3275591700e-04 -1.6159257988e-04 -1.7375591700e-04 1.0509909524e+01
25.58901741 1.0510110126e+01 -2.4171222425e-04 -1.3359714317e-04 -2.4671222425e-04 1.0510135329e+01 -1.3276178100e-04 -1.6159714317e-04 -1.7376178100e-04 1.0510026753e+01
26.00174350 1.0510229272e+01 -2.4172057668e-04 -1.3360178096e-04 -2.4672057668e-04 1.0510254476e+01 -1.3276774082e-04 -1.6160178096e-04 -1.7376774082e-04 1.0510145896e+01
26.41446958 1.0510350333e+01 -2.4172906334e-04 -1.3360649324e-04 -2.4672906334e-04 1.0510375538e+01 -1.3277379646e-04 -1.6160649324e-04 -1.7377379646e-04 1.0510266954e+01
26.82719567 1.0510473310e+01 -2.4173768425e-04 -1.3361128004e-04 -2.4673768425e-04 1.0510498515e+01 -1.3277994795e-04 -1.6161128004e-04 -1.7377994795e-04 1.0510389927e+01
27.23992176 1.0510598202e+01 -2.4174643945e-04 -1.3361614136e-04 -2.4674643945e-04 1.0510623408e+01 -1.3278619532e-04 -1.6161614136e-04 -1.7378619532e-04 1.0510514816e+01
27.65264785 1.0510725010e+01 -2.4175532896e-04 -1.3362107723e-04 -2.4675532896e-04 1.0510750218e+01 -1.3279253859e-04 -1.6162107723e-04 -1.7379253859e-04 1.0510641621e+01
28.06537393 1.0510853735e+01 -2.4176435281e-04 -1.3362608766e-04 -2.4676435281e-04 1.0510878944e+01 -1.3279897778e-04 -1.6162608766e-04 -1.7379897778e-04 1.0510770343e+01
28.47810002 1.0510984377e+01 -2.4177351103e-04 -1.3363117267e-04 -2.4677351103e-04 1.0511009587e+01 -1.3280551291e-04 -1.6163117267e-04 -1.7380551291e-04 1.0510900981e+01
28.89082611 1.0511116937e+01 -2.4178280366e-04 -1.3363633226e-04 -2.4678280366e-04 1.0511142148e+01 -1.3281214401e-04 -1.6163633226e-04 -1.7381214401e-04 1.0511033538e+01
29.30355220 1.0511251415e+01 -2.4179223072e-04 -1.3364156645e-04 -2.4679223072e-04 1.0511276626e+01 -1.3281887111e-04 -1.6164156645e-04 -1.7381887111e-04 1.0511168012e+01
29.71627828 1.0511387811e+01 -2.4180179224e-04 -1.3364687527e-04 -2.4680179224e-04 1.0511413024e+01 -1.3282569423e-04 -1.6164687527e-04 -1.7382569423e-04 1.0511304405e+01
30.12900437 1.0511526127e+01 -2.4181148826e-04 -1.3365225872e-04 -2.4681148826e-04 1.0511551340e+01 -1.3283261339e-04 -1.6165225872e-04 -1.7383261339e-04 1.0511442716e+01
30.54173046 1.0511666361e+01 -2.4182131881e-04 -1.3365771682e-04 -2.4682131881e-04 1.0511691576e+01 -1.3283962863e-04 -1.6165771682e-04 -1.7383962863e-04 1.0511582947e+01
30.95445654 1.0511808516e+01 -2.4183128392e-04 -1.3366324959e-04 -2.4683128392e-04 1.0511833731e+01 -1.3284673996e-04 -1.6166324959e-04 -1.7384673996e-04 1.0511725098e+01
31.36718263 1.0511952591e+01 -2.4184138362e-04 -1.3366885705e-04 -2.4684138362e-04 1.0511977807e+01 -1.3285394741e-04 -1.6166885705e-04 -1.7385394741e-04 1.0511869169e+01
31.77990872 1.0512098586e+01 -2.4185161795e-04 -1.3367453921e-04 -2.4685161795e-04 1.0512123804e+01 -1.3286125102e-04 -1.6167453921e-04 -1.7386125102e-04 1.0512015161e+01
32.19263481 1.0512246503e+01 -2.4186198693e-04 -1.3368029609e-04 -2.4686198693e-04 1.0512271722e+01 -1.3286865080e-04 -1.6168029609e-04 -1.7386865080e-04 1.0512163074e+01
32.60536089 1.0512396342e+01 -2.4187249062e-04 -1.3368612770e-04 -2.4687249062e-04 1.0512421562e+01 -1.3287614679e-04 -1.6168612770e-04 -1.7387614679e-04 1.0512312909e+01
33.01808698 1.0512548104e+01 -2.4188312903e-04 -1.3369203407e-04 -2.4688312903e-04 1.0512573325e+01 -1.3288373901e-04 -1.6169203407e-04 -1.7388373901e-04 1.0512464667e+01
33.43081307 1.0512701788e+01 -2.4189390221e-04 -1.3369801521e-04 -2.4689390221e-04 1.0512727010e+01 -1.3289142749e-04 -1.6169801521e-04 -1.7389142749e-04 1.0512618347e+01
33.84353916 1.0512857396e+01 -2.4190481019e-04 -1.3370407114e-04 -2.4690481019e-04 1.0512882619e+01 -1.3289921226e-04 -1.6170407114e-04 -1.7389921226e-04 1.0512773951e+01
34.25626524 1.0513014927e+01 -2.4191585301e-04 -1.3371020188e-04 -2.4691585301e-04 1.0513040152e+01 -1.3290709335e-04 -1.6171020188e-04 -1.7390709335e-04 1.0512931478e+01
34.66899133 1.0513174384e+01 -2.4192703070e-04 -1.3371640744e-04 -2.4692703070e-04 1.0513199609e+01 -1.3291507079e-04 -1.6171640744e-04 -1.7391507079e-04 1.0513090930e+01
35.08171742 1.0513335765e+01 -2.4193834330e-04 -1.3372268785e-04 -2.4693834330e-04 1.0513360992e+01 -1.3292314461e-04 -1.6172268785e-04 -1.7392314461e-04 1.0513252307e+01
35.49444350 1.0513499071e+01 -2.4194979085e-04 -1.3372904312e-04 -2.4694979085e-04 1.0513524300e+01 -1.3293131484e-04 -1.6172904312e-04 -1.7393131484e-04 1.0513415610e+01
35.90716959 1.0513664304e+01 -2.4196137338e-04 -1.3373547327e-04 -2.4696137338e-04 1.0513689534e+01 -1.3293958150e-04 -1.6173547327e-04 -1.7393958150e-04 1.0513580838e+01
36.31989568 1.0513831464e+01 -2.4197309094e-04 -1.3374197833e-04 -2.4697309094e-04 1.0513856695e+01 -1.3294794464e-04 -1.6174197833e-04 -1.7394794464e-04 1.0513747994e+01
36.73262177 1.0514000551e+01 -2.4198494357e-04 -1.3374855830e-04 -2.4698494357e-04 1.0514025783e+01 -1.3295640428e-04 -1.6174855830e-04 -1.7395640428e-04 1.0513917076e+01
37.14534785 1.0514171566e+01 -2.4199693129e-04 -1.3375521322e-04 -2.4699693129e-04 1.0514196799e+01 -1.3296496045e-04 -1.6175521322e-04 -1.7396496045e-04 1.0514088086e+01
37.55807394 1.0514344509e+01 -2.4200905416e-04 -1.3376194310e-04 -2.4700905416e-04 1.0514369744e+01 -1.3297361318e-04 -1.6176194310e-04 -1.7397361318e-04 1.0514261025e+01
37.97080003 1.0514519381e+01 -2.4202131221e-04 -1.3376874797e-04 -2.4702131221e-04 1.0514544617e+01 -1.3298236251e-04 -1.6176874797e-04 -1.7398236251e-04 1.0514435893e+01
38.38352612 1.0514696183e+01 -2.4203370549e-04 -1.3377562783e-04 -2.4703370549e-04 1.0514721421e+01 -1.3299120847e-04 -1.6177562783e-04 -1.7399120847e-04 1.0514612690e+01
38.79625220 1.0514874915e+01 -2.4204623403e-04 -1.3378258272e-04 -2.4704623403e-04 1.0514900154e+01 -1.3300015110e-04 -1.6178258272e-04 -1.7400015110e-04 1.0514791418e+01
39.20897829 1.0515055578e+01 -2.4205889788e-04 -1.3378961265e-04 -2.4705889788e-04 1.0515080819e+01 -1.3300919042e-04 -1.6178961265e-04 -1.7400919042e-04 1.0514972076e+01
39.62170438 1.0515238173e+01 -2.4207169707e-04 -1.3379671764e-04 -2.4707169707e-04 1.0515263414e+01 -1.3301832647e-04 -1.6179671764e-04 -1.7401832647e-04 1.0515154666e+01
40.03443046 1.0515422699e+01 -2.4208463166e-04 -1.3380389772e-04 -2.4708463166e-04 1.0515447942e+01 -1.3302755928e-04 -1.6180389772e-04 -1.7402755928e-04 1.0515339187e+01
40.44715655 1.0515609159e+01 -2.4209770168e-04 -1.3381115291e-04 -2.4709770168e-04 1.0515634403e+01 -1.3303688890e-04 -1.6181115291e-04 -1.7403688890e-04 1.0515525642e+01
40.85988264 1.0515797552e+01 -2.4211090717e-04 -1.3381848323e-04 -2.4711090717e-04 1.0515822797e+01 -1.3304631534e-04 -1.6181848323e-04 -1.7404631534e-04 1.0515714030e+01
41.27260873 1.0515987878e+01 -2.4212424819e-04 -1.3382588870e-04 -2.4712424819e-04 1.0516013125e+01 -1.3305583866e-04 -1.6182588870e-04 -1.7405583866e-04 1.0515904351e+01
41.68533481 1.0516180140e+01 -2.4213772477e-04 -1.3383336935e-04 -2.4713772477e-04 1.0516205388e+01 -1.3306545888e-04 -1.6183336935e-04 -1.7406545888e-04 1.0516096608e+01
42.09806090 1.0516374336e+01 -2.4215133697e-04 -1.3384092519e-04 -2.4715133697e-04 1.0516399586e+01 -1.3307517604e-04 -1.6184092519e-04 -1.7407517604e-04 1.0516290799e+01
42.51078699 1.0516570469e+01 -2.4216508482e-04 -1.3384855625e-04 -2.4716508482e-04 1.0516595721e+01 -1.3308499018e-04 -1.6184855625e-04 -1.7408499018e-04 1.0516486927e+01
42.92351308 1.0516768538e+01 -2.4217896837e-04 -1.3385626256e-04 -2.4717896837e-04 1.0516793792e+01 -1.3309490133e-04 -1.6185626256e-04 -1.7409490133e-04 1.0516684991e+01
43.33623916 1.0516968545e+01 -2.4219298766e-04 -1.3386404413e-04 -2.4719298766e-04 1.0516993800e+01 -1.3310490954e-04 -1.6186404413e-04 -1.7410490954e-04 1.0516884993e+01
43.74896525 1.0517170490e+01 -2.4220714275e-04 -1.3387190098e-04 -2.4720714275e-04 1.0517195746e+01 -1.3311501483e-04 -1.6187190098e-04 -1.7411501483e-04 1.0517086932e+01
44.16169134 1.0517374373e+01 -2.4222143369e-04 -1.3387983315e-04 -2.4722143369e-04 1.0517399631e+01 -1.3312521724e-04 -1.6187983315e-04 -1.7412521724e-04 1.0517290810e+01
44.57441742 1.0517580196e+01 -2.4223586051e-04 -1.3388784066e-04 -2.4723586051e-04 1.0517605456e+01 -1.3313551683e-04 -1.6188784066e-04 -1.7413551683e-04 1.0517496628e+01
44.98714351 1.0517787959e+01 -2.4225042327e-04 -1.3389592353e-04 -2.4725042327e-04 1.0517813220e+01 -1.3314591361e-04 -1.6189592353e-04 -1.7414591361e-04 1.0517704386e+01
45.39986960 1.0517997663e+01 -2.4226512201e-04 -1.3390408178e-04 -2.4726512201e-04 1.0518022926e+01 -1.3315640764e-04 -1.6190408178e-04 -1.7415640764e-04 1.0517914084e+01
45.81259569 1.0518209309e+01 -2.4227995679e-04 -1.3391231545e-04 -2.4727995679e-04 1.0518234573e+01 -1.3316699895e-04 -1.6191231545e-04 -1.7416699895e-04 1.0518125724e+01
46.22532177 1.0518422897e+01 -2.4229492765e-04 -1.3392062455e-04 -2.4729492765e-04 1.0518448162e+01 -1.3317768758e-04 -1.6192062455e-04 -1.7417768758e-04 1.0518339306e+01
46.63804786 1.0518638427e+01 -2.4231003464e-04 -1.3392900910e-04 -2.4731003464e-04 1.0518663695e+01 -1.3318847357e-04 -1.6192900910e-04 -1.7418847357e-04 1.0518554831e+01
47.05077395 1.0518855902e+01 -2.4232527782e-04 -1.3393746915e-04 -2.4732527782e-04 1.0518881171e+01 -1.3319935696e-04 -1.6193746915e-04 -1.7419935696e-04 1.0518772300e+01
47.46350004 1.0519075321e+01 -2.4234065723e-04 -1.3394600470e-04 -2.4734065723e-04 1.0519100591e+01 -1.3321033779e-04 -1.6194600470e-04 -1.7421033779e-04 1.0518991713e+01
47.87622612 1.0519296685e+01 -2.4235617293e-04 -1.3395461579e-04 -2.4735617293e-04 1.0519321957e+01 -1.3322141611e-04 -1.6195461579e-04 -1.7422141611e-04 1.0519213072e+01
48.28895221 1.0519519996e+01 -2.4237182496e-04 -1.3396330244e-04 -2.4737182496e-04 1.0519545270e+01 -1.3323259196e-04 -1.6196330244e-04 -1.7423259196e-04 1.0519436376e+01
48.70167830 1.0519745253e+01 -2.4238761339e-04 -1.3397206468e-04 -2.4738761339e-04 1.0519770528e+01 -1.3324386537e-04 -1.6197206468e-04 -1.7424386537e-04 1.0519661628e+01
49.11440438 1.0519972457e+01 -2.4240353825e-04 -1.3398090253e-04 -2.4740353825e-04 1.0519997735e+01 -1.3325523639e-04 -1.6198090253e-04 -1.7425523639e-04 1.0519888826e+01
49.52713047 1.0520201611e+01 -2.4241959962e-04 -1.3398981603e-04 -2.4741959962e-04 1.0520226890e+01 -1.3326670506e-04 -1.6198981603e-04 -1.7426670506e-04 1.0520117974e+01
49.93985656 1.0520432713e+01 -2.4243579753e-04 -1.3399880520e-04 -2.4743579753e-04 1.0520457994e+01 -1.3327827143e-04 -1.6199880520e-04 -1.7427827143e-04 1.0520349070e+01
50.35258265 1.0520665765e+01 -2.4245213204e-04 -1.3400787006e-04 -2.4745213204e-04 1.0520691047e+01 -1.3328993554e-04 -1.6200787006e-04 -1.7428993554e-04 1.0520582116e+01
50.76530873 1.0520900768e+01 -2.4246860321e-04 -1.3401701064e-04 -2.4746860321e-04 1.0520926052e+01 -1.3330169743e-04 -1.6201701064e-04 -1.7430169743e-04 1.0520817112e+01
51.17803482 1.0521137722e+01 -2.4248521110e-04 -1.3402622698e-04 -2.4748521110e-04 1.0521163008e+01 -1.3331355714e-04 -1.6202622698e-04 -1.7431355714e-04 1.0521054061e+01
51.59076091 1.0521376629e+01 -2.4250195575e-04 -1.3403551909e-04 -2.4750195575e-04 1.0521401917e+01 -1.3332551473e-04 -1.6203551909e-04 -1.7432551473e-04 1.0521292961e+01
52.00348700 1.0521617489e+01 -2.4251883722e-04 -1.3404488701e-04 -2.4751883722e-04 1.0521642779e+01 -1.3333757024e-04 -1.6204488701e-04 -1.7433757024e-04 1.0521533815e+01
52.41621308 1.0521860303e+01 -2.4253585558e-04 -1.3405433077e-04 -2.4753585558e-04 1.0521885594e+01 -1.3334972370e-04 -1.6205433077e-04 -1.7434972370e-04 1.0521776623e+01
52.82893917 1.0522105072e+01 -2.4255301087e-04 -1.3406385038e-04 -2.4755301087e-04 1.0522130365e+01 -1.3336197518e-04 -1.6206385038e-04 -1.7436197518e-04 1.0522021385e+01
53.24166526 1.0522351796e+01 -2.4257030316e-04 -1.3407344590e-04 -2.4757030316e-04 1.0522377092e+01 -1.3337432471e-04 -1.6207344590e-04 -1.7437432471e-04 1.0522268103e+01
53.65439134 1.0522600477e+01 -2.4258773250e-04 -1.3408311733e-04 -2.4758773250e-04 1.0522625774e+01 -1.3338677234e-04 -1.6208311733e-04 -1.7438677234e-04 1.0522516778e+01
54.06711743 1.0522851116e+01 -2.4260529895e-04 -1.3409286471e-04 -2.4760529895e-04 1.0522876415e+01 -1.3339931811e-04 -1.6209286471e-04 -1.7439931811e-04 1.0522767409e+01
54.47984352 1.0523103712e+01 -2.4262300257e-04 -1.3410268808e-04 -2.4762300257e-04 1.0523129013e+01 -1.3341196208e-04 -1.6210268808e-04 -1.7441196208e-04 1.0523020000e+01
54.89256961 1.0523358268e+01 -2.4264084341e-04 -1.3411258745e-04 -2.4764084341e-04 1.0523383571e+01 -1.3342470430e-04 -1.6211258745e-04 -1.7442470430e-04 1.0523274549e+01
55.30529569 1.0523614784e+01 -2.4265882155e-04 -1.3412256286e-04 -2.4765882155e-04 1.0523640089e+01 -1.3343754480e-04 -1.6212256286e-04 -1.7443754480e-04 1.0523531058e+01
55.71802178 1.0523873261e+01 -2.4267693703e-04 -1.3413261435e-04 -2.4767693703e-04 1.0523898568e+01 -1.3345048364e-04 -1.6213261435e-04 -1.7445048364e-04 1.0523789528e+01
56.13074787 1.0524133699e+01 -2.4269518992e-04 -1.3414274193e-04 -2.4769518992e-04 1.0524159008e+01 -1.3346352087e-04 -1.6214274193e-04 -1.7446352087e-04 1.0524049960e+01
56.54347396 1.0524396101e+01 -2.4271358028e-04 -1.3415294565e-04 -2.4771358028e-04 1.0524421412e+01 -1.3347665653e-04 -1.6215294565e-04 -1.7447665653e-04 1.0524312354e+01
56.95620004 1.0524660466e+01 -2.4273210818e-04 -1.3416322552e-04 -2.4773210818e-04 1.0524685778e+01 -1.3348989069e-04 -1.6216322552e-04 -1.7448989069e-04 1.0524576712e+01
57.36892613 1.0524926795e+01 -2.4275077366e-04 -1.3417358159e-04 -2.4775077366e-04 1.0524952110e+01 -1.3350322337e-04 -1.6217358159e-04 -1.7450322337e-04 1.0524843034e+01
57.78165222 1.0525195090e+01 -2.4276957681e-04 -1.3418401389e-04 -2.4776957681e-04 1.0525220407e+01 -1.3351665465e-04 -1.6218401389e-04 -1.7451665465e-04 1.0525111322e+01
58.19437830 1.0525465351e+01 -2.4278851767e-04 -1.3419452244e-04 -2.4778851767e-04 1.0525490670e+01 -1.3353018456e-04 -1.6219452244e-04 -1.7453018456e-04 1.0525381576e+01
58.60710439 1.0525737579e+01 -2.4280759631e-04 -1.3420510728e-04 -2.4780759631e-04 1.0525762900e+01 -1.3354381316e-04 -1.6220510728e-04 -1.7454381316e-04 1.0525653798e+01
59.01983048 1.0526011776e+01 -2.4282681280e-04 -1.3421576844e-04 -2.4782681280e-04 1.0526037099e+01 -1.3355754049e-04 -1.6221576844e-04 -1.7455754049e-04 1.0525927987e+01
59.43255657 1.0526287942e+01 -2.4284616720e-04 -1.3422650596e-04 -2.4784616720e-04 1.0526313267e+01 -1.3357136662e-04 -1.6222650596e-04 -1.7457136662e-04 1.0526204146e+01
59.84528265 1.0526566078e+01 -2.4286565958e-04 -1.3423731986e-04 -2.4786565958e-04 1.0526591405e+01 -1.3358529160e-04 -1.6223731986e-04 -1.7458529160e-04 1.0526482274e+01
60.25800874 1.0526846185e+01 -2.4288528999e-04 -1.3424821017e-04 -2.4788528999e-04 1.0526871514e+01 -1.3359931547e-04 -1.6224821017e-04 -1.7459931547e-04 1.0526762374e+01
60.67073483 1.0527128264e+01 -2.4290505852e-04 -1.3425917694e-04 -2.4790505852e-04 1.0527153595e+01 -1.3361343829e-04 -1.6225917694e-04 -1.7461343829e-04 1.0527044446e+01
61.08346092 1.0527412316e+01 -2.4292496521e-04 -1.3427022019e-04 -2.4792496521e-04 1.0527437650e+01 -1.3362766011e-04 -1.6227022019e-04 -1.7462766011e-04 1.0527328491e+01
61.49618700 1.0527698342e+01 -2.4294501015e-04 -1.3428133996e-04 -2.4794501015e-04 1.0527723678e+01 -1.3364198099e-04 -1.6228133996e-04 -1.7464198099e-04 1.0527614509e+01
61.90891309 1.0527986343e+01 -2.4296519339e-04 -1.3429253629e-04 -2.4796519339e-04 1.0528011681e+01 -1.3365640098e-04 -1.6229253629e-04 -1.7465640098e-04 1.0527902503e+01
62.32163918 1.0528276321e+01 -2.4298551501e-04 -1.3430380920e-04 -2.4798551501e-04 1.0528301661e+01 -1.3367092013e-04 -1.6230380920e-04 -1.7467092013e-04 1.0528192473e+01
62.73436526 1.0528568275e+01 -2.4300597508e-04 -1.3431515872e-04 -2.4800597508e-04 1.0528593617e+01 -1.3368553851e-04 -1.6231515872e-04 -1.7468553851e-04 1.0528484419e+01
63.14709135 1.0528862207e+01 -2.4302657365e-04 -1.3432658491e-04 -2.4802657365e-04 1.0528887552e+01 -1.3370025616e-04 -1.6232658491e-04 -1.7470025616e-04 1.0528778344e+01
63.55981744 1.0529158118e+01 -2.4304731081e-04 -1.3433808778e-04 -2.4804731081e-04 1.0529183465e+01 -1.3371507314e-04 -1.6233808778e-04 -1.7471507314e-04 1.0529074247e+01
63.97254353 1.0529456010e+01 -2.4306818661e-04 -1.3434966738e-04 -2.4806818661e-04 1.0529481359e+01 -1.3372998951e-04 -1.6234966738e-04 -1.7472998951e-04 1.0529372131e+01
64.38526961 1.0529755882e+01 -2.4308920114e-04 -1.3436132373e-04 -2.4808920114e-04 1.0529781234e+01 -1.3374500533e-04 -1.6236132373e-04 -1.7474500533e-04 1.0529671996e+01
64.79799570 1.0530057737e+01 -2.4311035446e-04 -1.3437305688e-04 -2.4811035446e-04 1.0530083091e+01 -1.3376012065e-04 -1.6237305688e-04 -1.7476012065e-04 1.0529973842e+01
65.21072179 1.0530361575e+01 -2.4313164664e-04 -1.3438486687e-04 -2.4813164664e-04 1.0530386931e+01 -1.3377533552e-04 -1.6238486687e-04 -1.7477533552e-04 1.0530277672e+01
65.62344788 1.0530667397e+01 -2.4315307776e-04 -1.3439675371e-04 -2.4815307776e-04 1.0530692755e+01 -1.3379065001e-04 -1.6239675371e-04 -1.7479065001e-04 1.0530583486e+01
66.03617396 1.0530975204e+01 -2.4317464788e-04 -1.3440871747e-04 -2.4817464788e-04 1.0531000565e+01 -1.3380606418e-04 -1.6240871747e-04 -1.7480606418e-04 1.0530891286e+01
66.44890005 1.0531284998e+01 -2.4319635709e-04 -1.3442075816e-04 -2.4819635709e-04 1.0531310361e+01 -1.3382157807e-04 -1.6242075816e-04 -1.7482157807e-04 1.0531201071e+01
66.86162614 1.0531596779e+01 -2.4321820544e-04 -1.3443287582e-04 -2.4821820544e-04 1.0531622144e+01 -1.3383719176e-04 -1.6243287582e-04 -1.7483719176e-04 1.0531512844e+01
67.27435222 1.0531910549e+01 -2.4324019302e-04 -1.3444507050e-04 -2.4824019302e-04 1.0531935917e+01 -1.3385290530e-04 -1.6244507050e-04 -1.7485290530e-04 1.0531826606e+01
67.68707831 1.0532226308e+01 -2.4326231990e-04 -1.3445734223e-04 -2.4826231990e-04 1.0532251678e+01 -1.3386871876e-04 -1.6245734223e-04 -1.7486871876e-04 1.0532142357e+01
68.09980440 1.0532544058e+01 -2.4328458616e-04 -1.3446969105e-04 -2.4828458616e-04 1.0532569431e+01 -1.3388463218e-04 -1.6246969105e-04 -1.7488463218e-04 1.0532460099e+01
68.51253049 1.0532863800e+01 -2.4330699187e-04 -1.3448211699e-04 -2.4830699187e-04 1.0532889175e+01 -1.3390064563e-04 -1.6248211699e-04 -1.7490064563e-04 1.0532779832e+01
68.92525657 1.0533185535e+01 -2.4332953710e-04 -1.3449462010e-04 -2.4832953710e-04 1.0533210913e+01 -1.3391675918e-04 -1.6249462010e-04 -1.7491675918e-04 1.0533101559e+01
69.33798266 1.0533509264e+01 -2.4335222193e-04 -1.3450720041e-04 -2.4835222193e-04 1.0533534644e+01 -1.3393297288e-04 -1.6250720041e-04 -1.7493297288e-04 1.0533425279e+01
69.75070875 1.0533834988e+01 -2.4337504644e-04 -1.3451985795e-04 -2.4837504644e-04 1.0533860370e+01 -1.3394928679e-04 -1.6251985795e-04 -1.7494928679e-04 1.0533750995e+01
70.16343484 1.0534162709e+01 -2.4339801071e-04 -1.3453259278e-04 -2.4839801071e-04 1.0534188093e+01 -1.3396570099e-04 -1.6253259278e-04 -1.7496570099e-04 1.0534078707e+01
70.57616092 1.0534492427e+01 -2.4342111480e-04 -1.3454540492e-04 -2.4842111480e-04 1.0534517814e+01 -1.3398221552e-04 -1.6254540492e-04 -1.7498221552e-04 1.0534408416e+01
70.98888701 1.0534824143e+01 -2.4344435881e-04 -1.3455829441e-04 -2.4844435881e-04 1.0534849533e+01 -1.3399883046e-04 -1.6255829441e-04 -1.7499883046e-04 1.0534740124e+01
71.40161310 1.0535157859e+01 -2.4346774281e-04 -1.3457126131e-04 -2.4846774281e-04 1.0535183252e+01 -1.3401554586e-04 -1.6257126131e-04 -1.7501554586e-04 1.0535073832e+01
71.81433918 1.0535493577e+01 -2.4349126687e-04 -1.3458430564e-04 -2.4849126687e-04 1.0535518971e+01 -1.3403236179e-04 -1.6258430564e-04 -1.7503236179e-04 1.0535409540e+01
72.22706527 1.0535831296e+01 -2.4351493108e-04 -1.3459742744e-04 -2.4851493108e-04 1.0535856693e+01 -1.3404927831e-04 -1.6259742744e-04 -1.7504927831e-04 1.0535747250e+01
72.63979136 1.0536171019e+01 -2.4353873552e-04 -1.3461062676e-04 -2.4853873552e-04 1.0536196419e+01 -1.3406629550e-04 -1.6261062676e-04 -1.7506629550e-04 1.0536086964e+01
73.05251745 1.0536512746e+01 -2.4356268027e-04 -1.3462390363e-04 -2.4856268027e-04 1.0536538148e+01 -1.3408341341e-04 -1.6262390363e-04 -1.7508341341e-04 1.0536428682e+01
73.46524353 1.0536856478e+01 -2.4358676541e-04 -1.3463725810e-04 -2.4858676541e-04 1.0536881884e+01 -1.3410063210e-04 -1.6263725810e-04 -1.7510063210e-04 1.0536772406e+01
73.87796962 1.0537202218e+01 -2.4361099101e-04 -1.3465069021e-04 -2.4861099101e-04 1.0537227626e+01 -1.3411795165e-04 -1.6265069021e-04 -1.7511795165e-04 1.0537118137e+01
74.29069571 1.0537549966e+01 -2.4363535717e-04 -1.3466419999e-04 -2.4863535717e-04 1.0537575376e+01 -1.3413537213e-04 -1.6266419999e-04 -1.7513537213e-04 1.0537465875e+01
74.70342179 1.0537899723e+01 -2.4365986396e-04 -1.3467778750e-04 -2.4865986396e-04 1.0537925136e+01 -1.3415289358e-04 -1.6267778750e-04 -1.7515289358e-04 1.0537815623e+01
75.11614788 1.0538251490e+01 -2.4368451148e-04 -1.3469145276e-04 -2.4868451148e-04 1.0538276906e+01 -1.3417051610e-04 -1.6269145276e-04 -1.7517051610e-04 1.0538167381e+01
75.52887397 1.0538605269e+01 -2.4370929979e-04 -1.3470519583e-04 -2.4870929979e-04 1.0538630688e+01 -1.3418823973e-04 -1.6270519583e-04 -1.7518823973e-04 1.0538521151e+01
75.94160006 1.0538961061e+01 -2.4373422899e-04 -1.3471901675e-04 -2.4873422899e-04 1.0538986482e+01 -1.3420606455e-04 -1.6271901675e-04 -1.7520606455e-04 1.0538876934e+01
76.35432614 1.0539318868e+01 -2.4375929915e-04 -1.3473291555e-04 -2.4875929915e-04 1.0539344291e+01 -1.3422399063e-04 -1.6273291555e-04 -1.7522399063e-04 1.0539234731e+01
76.76705223 1.0539678690e+01 -2.4378451038e-04 -1.3474689228e-04 -2.4878451038e-04 1.0539704116e+01 -1.3424201804e-04 -1.6274689228e-04 -1.7524201804e-04 1.0539594543e+01
77.17977832 1.0540040528e+01 -2.4380986274e-04 -1.3476094698e-04 -2.4880986274e-04 1.0540065957e+01 -1.3426014684e-04 -1.6276094698e-04 -1.7526014684e-04 1.0539956372e+01
77.59250441 1.0540404385e+01 -2.4383535633e-04 -1.3477507970e-04 -2.4883535633e-04 1.0540429816e+01 -1.3427837711e-04 -1.6277507970e-04 -1.7527837711e-04 1.0540320219e+01
78.00523049 1.0540770260e+01 -2.4386099123e-04 -1.3478929048e-04 -2.4886099123e-04 1.0540795695e+01 -1.3429670891e-04 -1.6278929048e-04 -1.7529670891e-04 1.0540686086e+01
78.41795658 1.0541138157e+01 -2.4388676753e-04 -1.3480357936e-04 -2.4888676753e-04 1.0541163594e+01 -1.3431514232e-04 -1.6280357936e-04 -1.7531514232e-04 1.0541053972e+01
78.83068267 1.0541508075e+01 -2.4391268532e-04 -1.3481794638e-04 -2.4891268532e-04 1.0541533515e+01 -1.3433367740e-04 -1.6281794638e-04 -1.7533367740e-04 1.0541423881e+01
79.24340875 1.0541880016e+01 -2.4393874468e-04 -1.3483239160e-04 -2.4893874468e-04 1.0541905459e+01 -1.3435231422e-04 -1.6283239160e-04 -1.7535231422e-04 1.0541795812e+01
79.65613484 1.0542253982e+01 -2.4396494571e-04 -1.3484691505e-04 -2.4896494571e-04 1.0542279428e+01 -1.3437105287e-04 -1.6284691505e-04 -1.7537105287e-04 1.0542169768e+01
80.06886093 1.0542629973e+01 -2.4399128849e-04 -1.3486151679e-04 -2.4899128849e-04 1.0542655422e+01 -1.3438989340e-04 -1.6286151679e-04 -1.7538989340e-04 1.0542545750e+01
80.48158702 1.0543007992e+01 -2.4401777311e-04 -1.3487619684e-04 -2.4901777311e-04 1.0543033443e+01 -1.3440883590e-04 -1.6287619684e-04 -1.7540883590e-04 1.0542923759e+01
80.89431310 1.0543388039e+01 -2.4404439967e-04 -1.3489095527e-04 -2.4904439967e-04 1.0543413493e+01 -1.3442788043e-04 -1.6289095527e-04 -1.7542788043e-04 1.0543303796e+01
81.30703919 1.0543770115e+01 -2.4407116825e-04 -1.3490579211e-04 -2.4907116825e-04 1.0543795573e+01 -1.3444702707e-04 -1.6290579211e-04 -1.7544702707e-04 1.0543685862e+01
81.71976528 1.0544154223e+01 -2.4409807894e-04 -1.3492070741e-04 -2.4909807894e-04 1.0544179683e+01 -1.3446627589e-04 -1.6292070741e-04 -1.7546627589e-04 1.0544069960e+01
82.13249137 1.0544540363e+01 -2.4412513184e-04 -1.3493570122e-04 -2.4912513184e-04 1.0544565826e+01 -1.3448562696e-04 -1.6293570122e-04 -1.7548562696e-04 1.0544456090e+01
82.54521745 1.0544928537e+01 -2.4415232704e-04 -1.3495077358e-04 -2.4915232704e-04 1.0544954003e+01 -1.3450508037e-04 -1.6295077358e-04 -1.7550508037e-04 1.0544844254e+01
82.95794354 1.0545318746e+01 -2.4417966462e-04 -1.3496592454e-04 -2.4917966462e-04 1.0545344215e+01 -1.3452463618e-04 -1.6296592454e-04 -1.7552463618e-04 1.0545234452e+01
83.37066963 1.0545710992e+01 -2.4420714469e-04 -1.3498115415e-04 -2.4920714469e-04 1.0545736464e+01 -1.3454429447e-04 -1.6298115415e-04 -1.7554429447e-04 1.0545626688e+01
83.78339571 1.0546105275e+01 -2.4423476734e-04 -1.3499646245e-04 -2.4923476734e-04 1.0546130750e+01 -1.3456405531e-04 -1.6299646245e-04 -1.7556405531e-04 1.0546020961e+01
84.19612180 1.0546501598e+01 -2.4426253266e-04 -1.3501184949e-04 -2.4926253266e-04 1.0546527076e+01 -1.3458391879e-04 -1.6301184949e-04 -1.7558391879e-04 1.0546417273e+01
84.60884789 1.0546899961e+01 -2.4429044075e-04 -1.3502731531e-04 -2.4929044075e-04 1.0546925442e+01 -1.3460388497e-04 -1.6302731531e-04 -1.7560388497e-04 1.0546815626e+01
85.02157398 1.0547300367e+01 -2.4431849170e-04 -1.3504285997e-04 -2.4931849170e-04 1.0547325851e+01 -1.3462395395e-04 -1.6304285997e-04 -1.7562395395e-04 1.0547216021e+01
85.43430006 1.0547702816e+01 -2.4434668560e-04 -1.3505848351e-04 -2.4934668560e-04 1.0547728303e+01 -1.3464412578e-04 -1.6305848351e-04 -1.7564412578e-04 1.0547618460e+01
85.84702615 1.0548107310e+01 -2.4437502256e-04 -1.3507418599e-04 -2.4937502256e-04 1.0548132800e+01 -1.3466440055e-04 -1.6307418599e-04 -1.7566440055e-04 1.0548022943e+01
86.25975224 1.0548513850e+01 -2.4440350267e-04 -1.3508996744e-04 -2.4940350267e-04 1.0548539343e+01 -1.3468477834e-04 -1.6308996744e-04 -1.7568477834e-04 1.0548429472e+01
86.67247833 1.0548922438e+01 -2.4443212603e-04 -1.3510582792e-04 -2.4943212603e-04 1.0548947934e+01 -1.3470525923e-04 -1.6310582792e-04 -1.7570525923e-04 1.0548838050e+01
87.08520441 1.0549333075e+01 -2.4446089273e-04 -1.3512176748e-04 -2.4946089273e-04 1.0549358574e+01 -1.3472584330e-04 -1.6312176748e-04 -1.7572584330e-04 1.0549248676e+01
87.49793050 1.0549745763e+01 -2.4448980288e-04 -1.3513778616e-04 -2.4948980288e-04 1.0549771265e+01 -1.3474653062e-04 -1.6313778616e-04 -1.7574653062e-04 1.0549661353e+01
87.91065659 1.0550160503e+01 -2.4451885657e-04 -1.3515388402e-04 -2.4951885657e-04 1.0550186008e+01 -1.3476732128e-04 -1.6315388402e-04 -1.7576732128e-04 1.0550076082e+01
88.32338267 1.0550577296e+01 -2.4454805390e-04 -1.3517006110e-04 -2.4954805390e-04 1.0550602805e+01 -1.3478821535e-04 -1.6317006110e-04 -1.7578821535e-04 1.0550492865e+01
88.73610876 1.0550996145e+01 -2.4457739497e-04 -1.3518631746e-04 -2.4957739497e-04 1.0551021657e+01 -1.3480921292e-04 -1.6318631746e-04 -1.7580921292e-04 1.0550911702e+01
89.14883485 1.0551417050e+01 -2.4460687989e-04 -1.3520265315e-04 -2.4960687989e-04 1.0551442565e+01 -1.3483031407e-04 -1.6320265315e-04 -1.7583031407e-04 1.0551332596e+01
89.56156094 1.0551840013e+01 -2.4463650875e-04 -1.3521906821e-04 -2.4963650875e-04 1.0551865531e+01 -1.3485151888e-04 -1.6321906821e-04 -1.7585151888e-04 1.0551755548e+01
89.97428702 1.0552265035e+01 -2.4466628165e-04 -1.3523556270e-04 -2.4966628165e-04 1.0552290557e+01 -1.3487282743e-04 -1.6323556270e-04 -1.7587282743e-04 1.0552180560e+01
90.38701311 1.0552692119e+01 -2.4469619871e-04 -1.3525213666e-04 -2.4969619871e-04 1.0552717644e+01 -1.3489423980e-04 -1.6325213666e-04 -1.7589423980e-04 1.0552607632e+01
90.79973920 1.0553121265e+01 -2.4472626001e-04 -1.3526879016e-04 -2.4972626001e-04 1.0553146793e+01 -1.3491575609e-04 -1.6326879016e-04 -1.7591575609e-04 1.0553036767e+01
91.21246529 1.0553552475e+01 -2.4475646566e-04 -1.3528552323e-04 -2.4975646566e-04 1.0553578007e+01 -1.3493737636e-04 -1.6328552323e-04 -1.7593737636e-04 1.0553467966e+01
91.62519137 1.0553985751e+01 -2.4478681577e-04 -1.3530233594e-04 -2.4978681577e-04 1.0554011286e+01 -1.3495910071e-04 -1.6330233594e-04 -1.7595910071e-04 1.0553901230e+01
92.03791746 1.0554421094e+01 -2.4481731045e-04 -1.3531922833e-04 -2.4981731045e-04 1.0554446632e+01 -1.3498092921e-04 -1.6331922833e-04 -1.7598092921e-04 1.0554336562e+01
92.45064355 1.0554858505e+01 -2.4484794978e-04 -1.3533620046e-04 -2.4984794978e-04 1.0554884047e+01 -1.3500286196e-04 -1.6333620046e-04 -1.7600286196e-04 1.0554773962e+01
92.86336963 1.0555297987e+01 -2.4487873389e-04 -1.3535325238e-04 -2.4987873389e-04 1.0555323532e+01 -1.3502489904e-04 -1.6335325238e-04 -1.7602489904e-04 1.0555213432e+01
93.27609572 1.0555739541e+01 -2.4490966287e-04 -1.3537038414e-04 -2.4990966287e-04 1.0555765088e+01 -1.3504704054e-04 -1.6337038414e-04 -1.7604704054e-04 1.0555654974e+01
93.68882181 1.0556183167e+01 -2.4494073684e-04 -1.3538759580e-04 -2.4994073684e-04 1.0556208719e+01 -1.3506928653e-04 -1.6338759580e-04 -1.7606928653e-04 1.0556098589e+01
94.10154790 1.0556628869e+01 -2.4497195590e-04 -1.3540488741e-04 -2.4997195590e-04 1.0556654424e+01 -1.3509163711e-04 -1.6340488741e-04 -1.7609163711e-04 1.0556544279e+01
94.51427398 1.0557076647e+01 -2.4500332015e-04 -1.3542225902e-04 -2.5000332015e-04 1.0557102205e+01 -1.3511409237e-04 -1.6342225902e-04 -1.7611409237e-04 1.0556992046e+01
94.92700007 1.0557526503e+01 -2.4503482971e-04 -1.3543971068e-04 -2.5003482971e-04 1.0557552065e+01 -1.3513665239e-04 -1.6343971068e-04 -1.7613665239e-04 1.0557441890e+01
95.33972616 1.0557978439e+01 -2.4506648468e-04 -1.3545724246e-04 -2.5006648468e-04 1.0558004004e+01 -1.3515931725e-04 -1.6345724246e-04 -1.7615931725e-04 1.0557893814e+01
95.75245225 1.0558432457e+01 -2.4509828517e-04 -1.3547485440e-04 -2.5009828517e-04 1.0558458025e+01 -1.3518208706e-04 -1.6347485440e-04 -1.7618208706e-04 1.0558347820e+01
96.16517833 1.0558888557e+01 -2.4513023130e-04 -1.3549254657e-04 -2.5013023130e-04 1.0558914129e+01 -1.3520496188e-04 -1.6349254657e-04 -1.7620496188e-04 1.0558803908e+01
96.57790442 1.0559346741e+01 -2.4516232317e-04 -1.3551031900e-04 -2.5016232317e-04 1.0559372317e+01 -1.3522794183e-04 -1.6351031900e-04 -1.7622794183e-04 1.0559262081e+01
96.99063051 1.0559807012e+01 -2.4519456089e-04 -1.3552817177e-04 -2.5019456089e-04 1.0559832591e+01 -1.3525102698e-04 -1.6352817177e-04 -1.7625102698e-04 1.0559722339e+01
97.40335659 1.0560269371e+01 -2.4522694458e-04 -1.3554610493e-04 -2.5022694458e-04 1.0560294953e+01 -1.3527421742e-04 -1.6354610493e-04 -1.7627421742e-04 1.0560184686e+01
97.81608268 1.0560733819e+01 -2.4525947434e-04 -1.3556411852e-04 -2.5025947434e-04 1.0560759405e+01 -1.3529751325e-04 -1.6356411852e-04 -1.7629751325e-04 1.0560649122e+01
98.22880877 1.0561200358e+01 -2.4529215029e-04 -1.3558221261e-04 -2.5029215029e-04 1.0561225947e+01 -1.3532091456e-04 -1.6358221261e-04 -1.7632091456e-04 1.0561115649e+01
98.64153486 1.0561668990e+01 -2.4532497254e-04 -1.3560038726e-04 -2.5032497254e-04 1.0561694583e+01 -1.3534442143e-04 -1.6360038726e-04 -1.7634442143e-04 1.0561584268e+01
99.05426094 1.0562139716e+01 -2.4535794120e-04 -1.3561864252e-04 -2.5035794120e-04 1.0562165312e+01 -1.3536803397e-04 -1.6361864252e-04 -1.7636803397e-04 1.0562054982e+01
99.46698703 1.0562612539e+01 -2.4539105639e-04 -1.3563697845e-04 -2.5039105639e-04 1.0562638138e+01 -1.3539175225e-04 -1.6363697845e-04 -1.7639175225e-04 1.0562527792e+01
99.87971312 1.0563087459e+01 -2.4542431823e-04 -1.3565539510e-04 -2.5042431823e-04 1.0563113062e+01 -1.3541557638e-04 -1.6365539510e-04 -1.7641557638e-04 1.0563002700e+01
100.29243921 1.0563564478e+01 -2.4545772682e-04 -1.3567389253e-04 -2.5045772682e-04 1.0563590086e+01 -1.3543950645e-04 -1.6367389253e-04 -1.7643950645e-04 1.0563479707e+01
100.70516529 1.0564043599e+01 -2.4549128229e-04 -1.3569247080e-04 -2.5049128229e-04 1.0564069210e+01 -1.3546354255e-04 -1.6369247080e-04 -1.7646354255e-04 1.0563958815e+01
101.11789138 1.0564524823e+01 -2.4552498474e-04 -1.3571112998e-04 -2.5052498474e-04 1.0564550438e+01 -1.3548768478e-04 -1.6371112998e-04 -1.7648768478e-04 1.0564440027e+01
101.53061747 1.0565008152e+01 -2.4555883430e-04 -1.3572987010e-04 -2.5055883430e-04 1.0565033770e+01 -1.3551193323e-04 -1.6372987010e-04 -1.7651193323e-04 1.0564923342e+01
101.94334355 1.0565493586e+01 -2.4559283109e-04 -1.3574869124e-04 -2.5059283109e-04 1.0565519208e+01 -1.3553628799e-04 -1.6374869124e-04 -1.7653628799e-04 1.0565408765e+01
102.35606964 1.0565981129e+01 -2.4562697522e-04 -1.3576759346e-04 -2.5062697522e-04 1.0566006755e+01 -1.3556074916e-04 -1.6376759346e-04 -1.7656074916e-04 1.0565896295e+01
102.76879573 1.0566470782e+01 -2.4566126680e-04 -1.3578657681e-04 -2.5066126680e-04 1.0566496411e+01 -1.3558531684e-04 -1.6378657681e-04 -1.7658531684e-04 1.0566385935e+01
103.18152182 1.0566962546e+01 -2.4569570597e-04 -1.3580564135e-04 -2.5069570597e-04 1.0566988179e+01 -1.3560999112e-04 -1.6380564135e-04 -1.7660999112e-04 1.0566877686e+01
103.59424790 1.0567456424e+01 -2.4573029283e-04 -1.3582478714e-04 -2.5073029283e-04 1.0567482061e+01 -1.3563477211e-04 -1.6382478714e-04 -1.7663477211e-04 1.0567371551e+01
104.00697399 1.0567952417e+01 -2.4576502752e-04 -1.3584401425e-04 -2.5076502752e-04 1.0567978057e+01 -1.3565965989e-04 -1.6384401425e-04 -1.7665965989e-04 1.0567867531e+01
104.41970008 1.0568450526e+01 -2.4579991014e-04 -1.3586332272e-04 -2.5079991014e-04 1.0568476171e+01 -1.3568465456e-04 -1.6386332272e-04 -1.7668465456e-04 1.0568365627e+01
104.83242617 1.0568950755e+01 -2.4583494082e-04 -1.3588271263e-04 -2.5083494082e-04 1.0568976403e+01 -1.3570975623e-04 -1.6388271263e-04 -1.7670975623e-04 1.0568865843e+01
105.24515225 1.0569453104e+01 -2.4587011968e-04 -1.3590218403e-04 -2.5087011968e-04 1.0569478755e+01 -1.3573496500e-04 -1.6390218403e-04 -1.7673496500e-04 1.0569368178e+01
105.65787834 1.0569957575e+01 -2.4590544685e-04 -1.3592173698e-04 -2.5090544685e-04 1.0569983230e+01 -1.3576028095e-04 -1.6392173698e-04 -1.7676028095e-04 1.0569872636e+01
106.07060443 1.0570464170e+01 -2.4594092244e-04 -1.3594137155e-04 -2.5094092244e-04 1.0570489830e+01 -1.3578570420e-04 -1.6394137155e-04 -1.7678570420e-04 1.0570379218e+01
106.48333051 1.0570972891e+01 -2.4597654659e-04 -1.3596108780e-04 -2.5097654659e-04 1.0570998555e+01 -1.3581123483e-04 -1.6396108780e-04 -1.7681123483e-04 1.0570887926e+01
106.89605660 1.0571483740e+01 -2.4601231941e-04 -1.3598088579e-04 -2.5101231941e-04 1.0571509408e+01 -1.3583687296e-04 -1.6398088579e-04 -1.7683687296e-04 1.0571398762e+01
107.30878269 1.0571996719e+01 -2.4604824103e-04 -1.3600076557e-04 -2.5104824103e-04 1.0572022390e+01 -1.3586261869e-04 -1.6400076557e-04 -1.7686261869e-04 1.0571911727e+01
107.72150878 1.0572511829e+01 -2.4608431157e-04 -1.3602072722e-04 -2.5108431157e-04 1.0572537504e+01 -1.3588847210e-04 -1.6402072722e-04 -1.7688847210e-04 1.0572426823e+01
108.13423486 1.0573029072e+01 -2.4612053117e-04 -1.3604077080e-04 -2.5112053117e-04 1.0573054751e+01 -1.3591443332e-04 -1.6404077080e-04 -1.7691443332e-04 1.0572944053e+01
108.54696095 1.0573548451e+01 -2.4615689994e-04 -1.3606089636e-04 -2.5115689994e-04 1.0573574133e+01 -1.3594050243e-04 -1.6406089636e-04 -1.7694050243e-04 1.0573463418e+01
108.95968704 1.0574069966e+01 -2.4619341801e-04 -1.3608110398e-04 -2.5119341801e-04 1.0574095653e+01 -1.3596667955e-04 -1.6408110398e-04 -1.7696667955e-04 1.0573984920e+01
109.37241313 1.0574593621e+01 -2.4623008551e-04 -1.3610139371e-04 -2.5123008551e-04 1.0574619311e+01 -1.3599296477e-04 -1.6410139371e-04 -1.7699296477e-04 1.0574508561e+01
109.78513921 1.0575119416e+01 -2.4626690258e-04 -1.3612176562e-04 -2.5126690258e-04 1.0575145110e+01 -1.3601935820e-04 -1.6412176562e-04 -1.7701935820e-04 1.0575034342e+01
110.19786530 1.0575647354e+01 -2.4630386933e-04 -1.3614221978e-04 -2.5130386933e-04 1.0575673052e+01 -1.3604585995e-04 -1.6414221978e-04 -1.7704585995e-04 1.0575562266e+01
110.61059139 1.0576177436e+01 -2.4634098590e-04 -1.3616275624e-04 -2.5134098590e-04 1.0576203139e+01 -1.3607247012e-04 -1.6416275624e-04 -1.7707247012e-04 1.0576092335e+01
111.02331747 1.0576709665e+01 -2.4637825241e-04 -1.3618337508e-04 -2.5137825241e-04 1.0576735372e+01 -1.3609918881e-04 -1.6418337508e-04 -1.7709918881e-04 1.0576624550e+01
111.43604356 1.0577244043e+01 -2.4641566901e-04 -1.3620407635e-04 -2.5141566901e-04 1.0577269753e+01 -1.3612601613e-04 -1.6420407635e-04 -1.7712601613e-04 1.0577158913e+01
111.84876965 1.0577780571e+01 -2.4645323581e-04 -1.3622486013e-04 -2.5145323581e-04 1.0577806285e+01 -1.3615295219e-04 -1.6422486013e-04 -1.7715295219e-04 1.0577695427e+01
112.26149574 1.0578319251e+01 -2.4649095295e-04 -1.3624572647e-04 -2.5149095295e-04 1.0578344969e+01 -1.3617999709e-04 -1.6424572647e-04 -1.7717999709e-04 1.0578234093e+01
112.67422182 1.0578860085e+01 -2.4652882056e-04 -1.3626667545e-04 -2.5152882056e-04 1.0578885808e+01 -1.3620715094e-04 -1.6426667545e-04 -1.7720715094e-04 1.0578774913e+01
113.08694791 1.0579403076e+01 -2.4656683877e-04 -1.3628770713e-04 -2.5156683877e-04 1.0579428803e+01 -1.3623441386e-04 -1.6428770713e-04 -1.7723441386e-04 1.0579317890e+01
113.49967400 1.0579948225e+01 -2.4660500773e-04 -1.3630882158e-04 -2.5160500773e-04 1.0579973956e+01 -1.3626178594e-04 -1.6430882158e-04 -1.7726178594e-04 1.0579863024e+01
113.91240009 1.0580495533e+01 -2.4664332755e-04 -1.3633001886e-04 -2.5164332755e-04 1.0580521269e+01 -1.3628926729e-04 -1.6433001886e-04 -1.7728926729e-04 1.0580410319e+01
114.32512617 1.0581045005e+01 -2.4668179839e-04 -1.3635129904e-04 -2.5168179839e-04 1.0581070744e+01 -1.3631685803e-04 -1.6435129904e-04 -1.7731685803e-04 1.0580959775e+01
114.73785226 1.0581596640e+01 -2.4672042036e-04 -1.3637266218e-04 -2.5172042036e-04 1.0581622383e+01 -1.3634455827e-04 -1.6437266218e-04 -1.7734455827e-04 1.0581511396e+01
115.15057835 1.0582150441e+01 -2.4675919361e-04 -1.3639410836e-04 -2.5175919361e-04 1.0582176189e+01 -1.3637236811e-04 -1.6439410836e-04 -1.7737236811e-04 1.0582065183e+01
115.56330443 1.0582706411e+01 -2.4679811827e-04 -1.3641563765e-04 -2.5179811827e-04 1.0582732163e+01 -1.3640028767e-04 -1.6441563765e-04 -1.7740028767e-04 1.0582621138e+01
115.97603052 1.0583264550e+01 -2.4683719448e-04 -1.3643725011e-04 -2.5183719448e-04 1.0583290307e+01 -1.3642831706e-04 -1.6443725011e-04 -1.7742831706e-04 1.0583179263e+01
116.38875661 1.0583824862e+01 -2.4687642238e-04 -1.3645894580e-04 -2.5187642238e-04 1.0583850623e+01 -1.3645645638e-04 -1.6445894580e-04 -1.7745645638e-04 1.0583739560e+01
116.80148270 1.0584387349e+01 -2.4691580211e-04 -1.3648072481e-04 -2.5191580211e-04 1.0584413113e+01 -1.3648470576e-04 -1.6448072481e-04 -1.7748470576e-04 1.0584302032e+01
117.21420878 1.0584952011e+01 -2.4695533380e-04 -1.3650258719e-04 -2.5195533380e-04 1.0584977780e+01 -1.3651306530e-04 -1.6450258719e-04 -1.7751306530e-04 1.0584866679e+01
117.62693487 1.0585518852e+01 -2.4699501759e-04 -1.3652453301e-04 -2.5199501759e-04 1.0585544625e+01 -1.3654153511e-04 -1.6452453301e-04 -1.7754153511e-04 1.0585433505e+01
118.03966096 1.0586087873e+01 -2.4703485363e-04 -1.3654656236e-04 -2.5203485363e-04 1.0586113650e+01 -1.3657011532e-04 -1.6454656236e-04 -1.7757011532e-04 1.0586002512e+01
118.45238704 1.0586659076e+01 -2.4707484205e-04 -1.3656867529e-04 -2.5207484205e-04 1.0586684858e+01 -1.3659880604e-04 -1.6456867529e-04 -1.7759880604e-04 1.0586573700e+01
118.86511313 1.0587232465e+01 -2.4711498300e-04 -1.3659087187e-04 -2.5211498300e-04 1.0587258251e+01 -1.3662760737e-04 -1.6459087187e-04 -1.7762760737e-04 1.0587147073e+01
119.27783922 1.0587808040e+01 -2.4715527661e-04 -1.3661315218e-04 -2.5215527661e-04 1.0587833830e+01 -1.3665651944e-04 -1.6461315218e-04 -1.7765651944e-04 1.0587722633e+01
119.69056531 1.0588385803e+01 -2.4719572303e-04 -1.3663551629e-04 -2.5219572303e-04 1.0588411598e+01 -1.3668554236e-04 -1.6463551629e-04 -1.7768554236e-04 1.0588300382e+01
120.10329139 1.0588965758e+01 -2.4723632240e-04 -1.3665796427e-04 -2.5223632240e-04 1.0588991557e+01 -1.3671467625e-04 -1.6465796427e-04 -1.7771467625e-04 1.0588880321e+01
120.51601748 1.0589547905e+01 -2.4727707487e-04 -1.3668049619e-04 -2.5227707487e-04 1.0589573709e+01 -1.3674392123e-04 -1.6468049619e-04 -1.7774392123e-04 1.0589462453e+01
120.92874357 1.0590132247e+01 -2.4731798058e-04 -1.3670311212e-04 -2.5231798058e-04 1.0590158056e+01 -1.3677327740e-04 -1.6470311212e-04 -1.7777327740e-04 1.0590046780e+01
121.34146966 1.0590718787e+01 -2.4735903967e-04 -1.3672581213e-04 -2.5235903967e-04 1.0590744600e+01 -1.3680274489e-04 -1.6472581213e-04 -1.7780274489e-04 1.0590633305e+01
121.75419574 1.0591307526e+01 -2.4740025229e-04 -1.3674859629e-04 -2.5240025229e-04 1.0591333343e+01 -1.3683232383e-04 -1.6474859629e-04 -1.7783232383e-04 1.0591222028e+01
122.16692183 1.0591898467e+01 -2.4744161859e-04 -1.3677146469e-04 -2.5244161859e-04 1.0591924289e+01 -1.3686201431e-04 -1.6477146469e-04 -1.7786201431e-04 1.0591812953e+01
122.57964792 1.0592491611e+01 -2.4748313870e-04 -1.3679441739e-04 -2.5248313870e-04 1.0592517437e+01 -1.3689181648e-04 -1.6479441739e-04 -1.7789181648e-04 1.0592406082e+01
122.99237400 1.0593086962e+01 -2.4752481279e-04 -1.3681745446e-04 -2.5252481279e-04 1.0593112792e+01 -1.3692173044e-04 -1.6481745446e-04 -1.7792173044e-04 1.0593001417e+01
123.40510009 1.0593684520e+01 -2.4756664099e-04 -1.3684057597e-04 -2.5256664099e-04 1.0593710355e+01 -1.3695175631e-04 -1.6484057597e-04 -1.7795175631e-04 1.0593598959e+01
123.81782618 1.0594284288e+01 -2.4760862346e-04 -1.3686378201e-04 -2.5260862346e-04 1.0594310128e+01 -1.3698189422e-04 -1.6486378201e-04 -1.7798189422e-04 1.0594198712e+01
124.23055227 1.0594886269e+01 -2.4765076035e-04 -1.3688707265e-04 -2.5265076035e-04 1.0594912114e+01 -1.3701214429e-04 -1.6488707265e-04 -1.7801214429e-04 1.0594800677e+01
124.64327835 1.0595490465e+01 -2.4769305179e-04 -1.3691044795e-04 -2.5269305179e-04 1.0595516314e+01 -1.3704250665e-04 -1.6491044795e-04 -1.7804250665e-04 1.0595404857e+01
125.05600444 1.0596096878e+01 -2.4773549796e-04 -1.3693390800e-04 -2.5273549796e-04 1.0596122731e+01 -1.3707298140e-04 -1.6493390800e-04 -1.7807298140e-04 1.0596011254e+01
125.46873053 1.0596705509e+01 -2.4777809898e-04 -1.3695745287e-04 -2.5277809898e-04 1.0596731367e+01 -1.3710356868e-04 -1.6495745287e-04 -1.7810356868e-04 1.0596619869e+01
125.88145662 1.0597316362e+01 -2.4782085503e-04 -1.3698108263e-04 -2.5282085503e-04 1.0597342225e+01 -1.3713426860e-04 -1.6498108263e-04 -1.7813426860e-04 1.0597230706e+01
126.29418270 1.0597929439e+01 -2.4786376624e-04 -1.3700479736e-04 -2.5286376624e-04 1.0597955306e+01 -1.3716508130e-04 -1.6500479736e-04 -1.7816508130e-04 1.0597843767e+01
126.70690879 1.0598544741e+01 -2.4790683277e-04 -1.3702859714e-04 -2.5290683277e-04 1.0598570613e+01 -1.3719600690e-04 -1.6502859714e-04 -1.7819600690e-04 1.0598459053e+01
127.11963488 1.0599162271e+01 -2.4795005478e-04 -1.3705248204e-04 -2.5295005478e-04 1.0599188148e+01 -1.3722704552e-04 -1.6505248204e-04 -1.7822704552e-04 1.0599076567e+01
127.53236096 1.0599782032e+01 -2.4799343242e-04 -1.3707645214e-04 -2.5299343242e-04 1.0599807913e+01 -1.3725819729e-04 -1.6507645214e-04 -1.7825819729e-04 1.0599696312e+01
127.94508705 1.0600404026e+01 -2.4803696585e-04 -1.3710050751e-04 -2.5303696585e-04 1.0600429912e+01 -1.3728946234e-04 -1.6510050751e-04 -1.7828946234e-04 1.0600318289e+01
128.35781314 1.0601028254e+01 -2.4808065521e-04 -1.3712464824e-04 -2.5308065521e-04 1.0601054145e+01 -1.3732084078e-04 -1.6512464824e-04 -1.7832084078e-04 1.0600942501e+01
128.77053923 1.0601654720e+01 -2.4812450066e-04 -1.3714887439e-04 -2.5312450066e-04 1.0601680615e+01 -1.3735233275e-04 -1.6514887439e-04 -1.7835233275e-04 1.0601568951e+01
129.18326531 1.0602283425e+01 -2.4816850237e-04 -1.3717318606e-04 -2.5316850237e-04 1.0602309325e+01 -1.3738393838e-04 -1.6517318606e-04 -1.7838393838e-04 1.0602197639e+01
129.59599140 1.0602914373e+01 -2.4821266049e-04 -1.3719758330e-04 -2.5321266049e-04 1.0602940277e+01 -1.3741565779e-04 -1.6519758330e-04 -1.7841565779e-04 1.0602828570e+01
130.00871749 1.0603547564e+01 -2.4825697518e-04 -1.3722206622e-04 -2.5325697518e-04 1.0603573474e+01 -1.3744749112e-04 -1.6522206622e-04 -1.7844749112e-04 1.0603461745e+01
130.42144358 1.0604183002e+01 -2.4830144659e-04 -1.3724663487e-04 -2.5330144659e-04 1.0604208917e+01 -1.3747943848e-04 -1.6524663487e-04 -1.7847943848e-04 1.0604097166e+01
130.83416966 1.0604820689e+01 -2.4834607488e-04 -1.3727128935e-04 -2.5334607488e-04 1.0604846608e+01 -1.3751150002e-04 -1.6527128935e-04 -1.7851150002e-04 1.0604734836e+01
131.24689575 1.0605460627e+01 -2.4839086022e-04 -1.3729602973e-04 -2.5339086022e-04 1.0605486551e+01 -1.3754367586e-04 -1.6529602973e-04 -1.7854367586e-04 1.0605374758e+01
131.65962184 1.0606102819e+01 -2.4843580277e-04 -1.3732085609e-04 -2.5343580277e-04 1.0606128748e+01 -1.3757596614e-04 -1.6532085609e-04 -1.7857596614e-04 1.0606016933e+01
132.07234792 1.0606747267e+01 -2.4848090268e-04 -1.3734576851e-04 -2.5348090268e-04 1.0606773201e+01 -1.3760837098e-04 -1.6534576851e-04 -1.7860837098e-04 1.0606661364e+01
132.48507401 1.0607393973e+01 -2.4852616011e-04 -1.3737076707e-04 -2.5352616011e-04 1.0607419912e+01 -1.3764089051e-04 -1.6537076707e-04 -1.7864089051e-04 1.0607308053e+01
132.89780010 1.0608042940e+01 -2.4857157524e-04 -1.3739585184e-04 -2.5357157524e-04 1.0608068884e+01 -1.3767352488e-04 -1.6539585184e-04 -1.7867352488e-04 1.0607957003e+01
133.31052619 1.0608694171e+01 -2.4861714822e-04 -1.3742102293e-04 -2.5361714822e-04 1.0608720119e+01 -1.3770627421e-04 -1.6542102293e-04 -1.7870627421e-04 1.0608608217e+01
133.72325227 1.0609347667e+01 -2.4866287922e-04 -1.3744628039e-04 -2.5366287922e-04 1.0609373620e+01 -1.3773913863e-04 -1.6544628039e-04 -1.7873913863e-04 1.0609261696e+01
134.13597836 1.0610003431e+01 -2.4870876840e-04 -1.3747162432e-04 -2.5370876840e-04 1.0610029389e+01 -1.3777211829e-04 -1.6547162432e-04 -1.7877211829e-04 1.0609917442e+01
134.54870445 1.0610661465e+01 -2.4875481593e-04 -1.3749705480e-04 -2.5375481593e-04 1.0610687429e+01 -1.3780521331e-04 -1.6549705480e-04 -1.7880521331e-04 1.0610575460e+01
134.96143054 1.0611321773e+01 -2.4880102197e-04 -1.3752257190e-04 -2.5380102197e-04 1.0611347742e+01 -1.3783842383e-04 -1.6552257190e-04 -1.7883842383e-04 1.0611235750e+01
135.37415662 1.0611984356e+01 -2.4884738668e-04 -1.3754817571e-04 -2.5384738668e-04 1.0612010330e+01 -1.3787174998e-04 -1.6554817571e-04 -1.7887174998e-04 1.0611898316e+01
135.78688271 1.0612649217e+01 -2.4889391025e-04 -1.3757386632e-04 -2.5389391025e-04 1.0612675195e+01 -1.3790519191e-04 -1.6557386632e-04 -1.7890519191e-04 1.0612563159e+01
136.19960880 1.0613316358e+01 -2.4894059282e-04 -1.3759964381e-04 -2.5394059282e-04 1.0613342342e+01 -1.3793874975e-04 -1.6559964381e-04 -1.7893874975e-04 1.0613230283e+01
136.61233488 1.0613985782e+01 -2.4898743458e-04 -1.3762550825e-04 -2.5398743458e-04 1.0614011771e+01 -1.3797242364e-04 -1.6562550825e-04 -1.7897242364e-04 1.0613899689e+01
137.02506097 1.0614657492e+01 -2.4903443569e-04 -1.3765145974e-04 -2.5403443569e-04 1.0614683485e+01 -1.3800621371e-04 -1.6565145974e-04 -1.7900621371e-04 1.0614571381e+01
137.43778706 1.0615331489e+01 -2.4908159632e-04 -1.3767749836e-04 -2.5408159632e-04 1.0615357488e+01 -1.3804012011e-04 -1.6567749836e-04 -1.7904012011e-04 1.0615245361e+01
137.85051315 1.0616007777e+01 -2.4912891663e-04 -1.3770362419e-04 -2.5412891663e-04 1.0616033781e+01 -1.3807414296e-04 -1.6570362419e-04 -1.7907414296e-04 1.0615921631e+01
138.26323923 1.0616686357e+01 -2.4917639681e-04 -1.3772983731e-04 -2.5417639681e-04 1.0616712366e+01 -1.3810828243e-04 -1.6572983731e-04 -1.7910828243e-04 1.0616600193e+01
138.67596532 1.0617367233e+01 -2.4922403703e-04 -1.3775613782e-04 -2.5422403703e-04 1.0617393248e+01 -1.3814253863e-04 -1.6575613782e-04 -1.7914253863e-04 1.0617281052e+01
139.08869141 1.0618050407e+01 -2.4927183745e-04 -1.3778252579e-04 -2.5427183745e-04 1.0618076427e+01 -1.3817691172e-04 -1.6578252579e-04 -1.7917691172e-04 1.0617964208e+01
139.50141750 1.0618735882e+01 -2.4931979824e-04 -1.3780900132e-04 -2.5431979824e-04 1.0618761906e+01 -1.3821140184e-04 -1.6580900132e-04 -1.7921140184e-04 1.0618649664e+01
139.91414358 1.0619423659e+01 -2.4936791959e-04 -1.3783556448e-04 -2.5436791959e-04 1.0619449689e+01 -1.3824600912e-04 -1.6583556448e-04 -1.7924600912e-04 1.0619337424e+01
140.32686967 1.0620113743e+01 -2.4941620167e-04 -1.3786221537e-04 -2.5441620167e-04 1.0620139778e+01 -1.3828073372e-04 -1.6586221537e-04 -1.7928073372e-04 1.0620027489e+01
140.73959576 1.0620806134e+01 -2.4946464465e-04 -1.3788895407e-04 -2.5446464465e-04 1.0620832175e+01 -1.3831557577e-04 -1.6588895407e-04 -1.7931557577e-04 1.0620719862e+01
141.15232184 1.0621500837e+01 -2.4951324871e-04 -1.3791578067e-04 -2.5451324871e-04 1.0621526882e+01 -1.3835053541e-04 -1.6591578067e-04 -1.7935053541e-04 1.0621414547e+01
141.56504793 1.0622197853e+01 -2.4956201402e-04 -1.3794269526e-04 -2.5456201402e-04 1.0622223904e+01 -1.3838561280e-04 -1.6594269526e-04 -1.7938561280e-04 1.0622111544e+01
141.97777402 1.0622897185e+01 -2.4961094076e-04 -1.3796969792e-04 -2.5461094076e-04 1.0622923241e+01 -1.3842080808e-04 -1.6596969792e-04 -1.7942080808e-04 1.0622810858e+01
142.39050011 1.0623598836e+01 -2.4966002911e-04 -1.3799678874e-04 -2.5466002911e-04 1.0623624897e+01 -1.3845612138e-04 -1.6599678874e-04 -1.7945612138e-04 1.0623512490e+01
142.80322619 1.0624302808e+01 -2.4970927925e-04 -1.3802396781e-04 -2.5470927925e-04 1.0624328875e+01 -1.3849155287e-04 -1.6602396781e-04 -1.7949155287e-04 1.0624216444e+01
143.21595228 1.0625009104e+01 -2.4975869135e-04 -1.3805123522e-04 -2.5475869135e-04 1.0625035176e+01 -1.3852710268e-04 -1.6605123522e-04 -1.7952710268e-04 1.0624922722e+01
143.62867837 1.0625717727e+01 -2.4980826561e-04 -1.3807859105e-04 -2.5480826561e-04 1.0625743804e+01 -1.3856277096e-04 -1.6607859105e-04 -1.7956277096e-04 1.0625631326e+01
144.04140446 1.0626428679e+01 -2.4985800218e-04 -1.3810603541e-04 -2.5485800218e-04 1.0626454762e+01 -1.3859855787e-04 -1.6610603541e-04 -1.7959855787e-04 1.0626342259e+01
144.45413054 1.0627141963e+01 -2.4990790127e-04 -1.3813356836e-04 -2.5490790127e-04 1.0627168051e+01 -1.3863446354e-04 -1.6613356836e-04 -1.7963446354e-04 1.0627055525e+01
144.86685663 1.0627857582e+01 -2.4995796305e-04 -1.3816119002e-04 -2.5495796305e-04 1.0627883676e+01 -1.3867048813e-04 -1.6616119002e-04 -1.7967048813e-04 1.0627771125e+01
145.27958272 1.0628575539e+01 -2.5000818770e-04 -1.3818890046e-04 -2.5500818770e-04 1.0628601638e+01 -1.3870663179e-04 -1.6618890046e-04 -1.7970663179e-04 1.0628489063e+01
145.69230880 1.0629295835e+01 -2.5005857541e-04 -1.3821669978e-04 -2.5505857541e-04 1.0629321940e+01 -1.3874289466e-04 -1.6621669978e-04 -1.7974289466e-04 1.0629209340e+01
146.10503489 1.0630018474e+01 -2.5010912636e-04 -1.3824458806e-04 -2.5510912636e-04 1.0630044584e+01 -1.3877927691e-04 -1.6624458806e-04 -1.7977927691e-04 1.0629931961e+01
146.51776098 1.0630743459e+01 -2.5015984073e-04 -1.3827256541e-04 -2.5515984073e-04 1.0630769575e+01 -1.3881577867e-04 -1.6627256541e-04 -1.7981577867e-04 1.0630656926e+01
146.93048707 1.0631470792e+01 -2.5021071872e-04 -1.3830063190e-04 -2.5521071872e-04 1.0631496913e+01 -1.3885240011e-04 -1.6630063190e-04 -1.7985240011e-04 1.0631384241e+01
147.34321315 1.0632200477e+01 -2.5026176050e-04 -1.3832878764e-04 -2.5526176050e-04 1.0632226603e+01 -1.3888914137e-04 -1.6632878764e-04 -1.7988914137e-04 1.0632113906e+01
147.75593924 1.0632932515e+01 -2.5031296627e-04 -1.3835703272e-04 -2.5531296627e-04 1.0632958647e+01 -1.3892600260e-04 -1.6635703272e-04 -1.7992600260e-04 1.0632845925e+01
148.16866533 1.0633666910e+01 -2.5036433621e-04 -1.3838536722e-04 -2.5536433621e-04 1.0633693047e+01 -1.3896298397e-04 -1.6638536722e-04 -1.7996298397e-04 1.0633580300e+01
148.58139142 1.0634403664e+01 -2.5041587051e-04 -1.3841379124e-04 -2.5541587051e-04 1.0634429807e+01 -1.3900008563e-04 -1.6641379124e-04 -1.8000008563e-04 1.0634317035e+01
148.99411750 1.0635142780e+01 -2.5046756936e-04 -1.3844230488e-04 -2.5546756936e-04 1.0635168929e+01 -1.3903730772e-04 -1.6644230488e-04 -1.8003730772e-04 1.0635056132e+01
149.40684359 1.0635884262e+01 -2.5051943294e-04 -1.3847090822e-04 -2.5551943294e-04 1.0635910416e+01 -1.3907465042e-04 -1.6647090822e-04 -1.8007465042e-04 1.0635797594e+01
149.81956968 1.0636628111e+01 -2.5057146146e-04 -1.3849960137e-04 -2.5557146146e-04 1.0636654271e+01 -1.3911211386e-04 -1.6649960137e-04 -1.8011211386e-04 1.0636541424e+01
150.23229576 1.0637374331e+01 -2.5062365510e-04 -1.3852838441e-04 -2.5562365510e-04 1.0637400496e+01 -1.3914969822e-04 -1.6652838441e-04 -1.8014969822e-04 1.0637287624e+01
150.64502185 1.0638122924e+01 -2.5067601405e-04 -1.3855725744e-04 -2.5567601405e-04 1.0638149096e+01 -1.3918740364e-04 -1.6655725744e-04 -1.8018740364e-04 1.0638036198e+01
151.05774794 1.0638873894e+01 -2.5072853850e-04 -1.3858622056e-04 -2.5572853850e-04 1.0638900071e+01 -1.3922523028e-04 -1.6658622056e-04 -1.8022523028e-04 1.0638787147e+01
151.47047403 1.0639627243e+01 -2.5078122866e-04 -1.3861527386e-04 -2.5578122866e-04 1.0639653426e+01 -1.3926317831e-04 -1.6661527386e-04 -1.8026317831e-04 1.0639540477e+01
151.88320011 1.0640382974e+01 -2.5083408470e-04 -1.3864441744e-04 -2.5583408470e-04 1.0640409162e+01 -1.3930124789e-04 -1.6664441744e-04 -1.8030124789e-04 1.0640296188e+01
152.29592620 1.0641141090e+01 -2.5088710684e-04 -1.3867365139e-04 -2.5588710684e-04 1.0641167284e+01 -1.3933943916e-04 -1.6667365139e-04 -1.8033943916e-04 1.0641054284e+01
152.70865229 1.0641901593e+01 -2.5094029526e-04 -1.3870297581e-04 -2.5594029526e-04 1.0641927793e+01 -1.3937775230e-04 -1.6670297581e-04 -1.8037775230e-04 1.0641814768e+01
153.12137838 1.0642664488e+01 -2.5099365016e-04 -1.3873239080e-04 -2.5599365016e-04 1.0642690694e+01 -1.3941618747e-04 -1.6673239080e-04 -1.8041618747e-04 1.0642577642e+01
153.53410446 1.0643429776e+01 -2.5104717173e-04 -1.3876189645e-04 -2.5604717173e-04 1.0643455988e+01 -1.3945474482e-04 -1.6676189645e-04 -1.8045474482e-04 1.0643342910e+01
153.94683055 1.0644197461e+01 -2.5110086018e-04 -1.3879149286e-04 -2.5610086018e-04 1.0644223678e+01 -1.3949342452e-04 -1.6679149286e-04 -1.8049342452e-04 1.0644110575e+01
154.35955664 1.0644967545e+01 -2.5115471570e-04 -1.3882118013e-04 -2.5615471570e-04 1.0644993769e+01 -1.3953222673e-04 -1.6682118013e-04 -1.8053222673e-04 1.0644880639e+01
154.77228272 1.0645740032e+01 -2.5120873850e-04 -1.3885095836e-04 -2.5620873850e-04 1.0645766261e+01 -1.3957115162e-04 -1.6685095836e-04 -1.8057115162e-04 1.0645653105e+01
155.18500881 1.0646514924e+01 -2.5126292876e-04 -1.3888082765e-04 -2.5626292876e-04 1.0646541159e+01 -1.3961019935e-04 -1.6688082765e-04 -1.8061019935e-04 1.0646427977e+01
155.59773490 1.0647292225e+01 -2.5131728670e-04 -1.3891078808e-04 -2.5631728670e-04 1.0647318466e+01 -1.3964937008e-04 -1.6691078808e-04 -1.8064937008e-04 1.0647205258e+01
156.01046099 1.0648071937e+01 -2.5137181252e-04 -1.3894083978e-04 -2.5637181252e-04 1.0648098184e+01 -1.3968866398e-04 -1.6694083978e-04 -1.8068866398e-04 1.0647984949e+01
156.42318707 1.0648854064e+01 -2.5142650641e-04 -1.3897098282e-04 -2.5642650641e-04 1.0648880316e+01 -1.3972808122e-04 -1.6697098282e-04 -1.8072808122e-04 1.0648767055e+01
156.83591316 1.0649638608e+01 -2.5148136858e-04 -1.3900121732e-04 -2.5648136858e-04 1.0649664866e+01 -1.3976762196e-04 -1.6700121732e-04 -1.8076762196e-04 1.0649551578e+01
157.24863925 1.0650425572e+01 -2.5153639924e-04 -1.3903154338e-04 -2.5653639924e-04 1.0650451836e+01 -1.3980728638e-04 -1.6703154338e-04 -1.8080728638e-04 1.0650338522e+01
157.66136534 1.0651214960e+01 -2.5159159858e-04 -1.3906196109e-04 -2.5659159858e-04 1.0651241230e+01 -1.3984707463e-04 -1.6706196109e-04 -1.8084707463e-04 1.0651127889e+01
158.07409142 1.0652006774e+01 -2.5164696682e-04 -1.3909247055e-04 -2.5664696682e-04 1.0652033050e+01 -1.3988698689e-04 -1.6709247055e-04 -1.8088698689e-04 1.0651919682e+01
158.48681751 1.0652801017e+01 -2.5170250415e-04 -1.3912307187e-04 -2.5670250415e-04 1.0652827300e+01 -1.3992702332e-04 -1.6712307187e-04 -1.8092702332e-04 1.0652713905e+01
158.89954360 1.0653597694e+01 -2.5175821080e-04 -1.3915376515e-04 -2.5675821080e-04 1.0653623982e+01 -1.3996718411e-04 -1.6715376515e-04 -1.8096718411e-04 1.0653510560e+01
159.31226968 1.0654396806e+01 -2.5181408695e-04 -1.3918455050e-04 -2.5681408695e-04 1.0654423100e+01 -1.4000746941e-04 -1.6718455050e-04 -1.8100746941e-04 1.0654309651e+01
159.72499577 1.0655198356e+01 -2.5187013283e-04 -1.3921542800e-04 -2.5687013283e-04 1.0655224657e+01 -1.4004787940e-04 -1.6721542800e-04 -1.8104787940e-04 1.0655111181e+01
160.13772186 1.0656002349e+01 -2.5192634864e-04 -1.3924639777e-04 -2.5692634864e-04 1.0656028656e+01 -1.4008841426e-04 -1.6724639777e-04 -1.8108841426e-04 1.0655915152e+01
160.55044795 1.0656808786e+01 -2.5198273459e-04 -1.3927745992e-04 -2.5698273459e-04 1.0656835099e+01 -1.4012907414e-04 -1.6727745992e-04 -1.8112907414e-04 1.0656721569e+01
160.96317403 1.0657617672e+01 -2.5203929090e-04 -1.3930861453e-04 -2.5703929090e-04 1.0657643991e+01 -1.4016985924e-04 -1.6730861453e-04 -1.8116985924e-04 1.0657530433e+01
161.37590012 1.0658429009e+01 -2.5209601776e-04 -1.3933986173e-04 -2.5709601776e-04 1.0658455334e+01 -1.4021076971e-04 -1.6733986173e-04 -1.8121076971e-04 1.0658341748e+01
161.78862621 1.0659242800e+01 -2.5215291541e-04 -1.3937120160e-04 -2.5715291541e-04 1.0659269131e+01 -1.4025180575e-04 -1.6737120160e-04 -1.8125180575e-04 1.0659155518e+01
162.20135230 1.0660059048e+01 -2.5220998404e-04 -1.3940263426e-04 -2.5720998404e-04 1.0660085386e+01 -1.4029296751e-04 -1.6740263426e-04 -1.8129296751e-04 1.0659971745e+01
162.61407838 1.0660877757e+01 -2.5226722387e-04 -1.3943415982e-04 -2.5726722387e-04 1.0660904101e+01 -1.4033425518e-04 -1.6743415982e-04 -1.8133425518e-04 1.0660790433e+01
163.02680447 1.0661698930e+01 -2.5232463512e-04 -1.3946577837e-04 -2.5732463512e-04 1.0661725280e+01 -1.4037566893e-04 -1.6746577837e-04 -1.8137566893e-04 1.0661611584e+01
163.43953056 1.0662522570e+01 -2.5238221800e-04 -1.3949749002e-04 -2.5738221800e-04 1.0662548927e+01 -1.4041720895e-04 -1.6749749002e-04 -1.8141720895e-04 1.0662435203e+01
163.85225664 1.0663348681e+01 -2.5243997273e-04 -1.3952929488e-04 -2.5743997273e-04 1.0663375043e+01 -1.4045887541e-04 -1.6752929488e-04 -1.8145887541e-04 1.0663261291e+01
164.26498273 1.0664177264e+01 -2.5249789952e-04 -1.3956119306e-04 -2.5749789952e-04 1.0664203633e+01 -1.4050066848e-04 -1.6756119306e-04 -1.8150066848e-04 1.0664089853e+01
164.67770882 1.0665008325e+01 -2.5255599860e-04 -1.3959318466e-04 -2.5755599860e-04 1.0665034700e+01 -1.4054258835e-04 -1.6759318466e-04 -1.8154258835e-04 1.0664920891e+01
165.09043491 1.0665841865e+01 -2.5261427018e-04 -1.3962526979e-04 -2.5761427018e-04 1.0665868246e+01 -1.4058463520e-04 -1.6762526979e-04 -1.8158463520e-04 1.0665754410e+01
165.50316099 1.0666677888e+01 -2.5267271448e-04 -1.3965744856e-04 -2.5767271448e-04 1.0666704276e+01 -1.4062680920e-04 -1.6765744856e-04 -1.8162680920e-04 1.0666590411e+01
165.91588708 1.0667516398e+01 -2.5273133172e-04 -1.3968972107e-04 -2.5773133172e-04 1.0667542792e+01 -1.4066911055e-04 -1.6768972107e-04 -1.8166911055e-04 1.0667428899e+01
166.32861317 1.0668357397e+01 -2.5279012212e-04 -1.3972208744e-04 -2.5779012212e-04 1.0668383798e+01 -1.4071153942e-04 -1.6772208744e-04 -1.8171153942e-04 1.0668269876e+01
166.74133925 1.0669200890e+01 -2.5284908590e-04 -1.3975454777e-04 -2.5784908590e-04 1.0669227296e+01 -1.4075409599e-04 -1.6775454777e-04 -1.8175409599e-04 1.0669113346e+01
167.15406534 1.0670046878e+01 -2.5290822329e-04 -1.3978710218e-04 -2.5790822329e-04 1.0670073291e+01 -1.4079678045e-04 -1.6778710218e-04 -1.8179678045e-04 1.0669959313e+01
167.56679143 1.0670895367e+01 -2.5296753451e-04 -1.3981975076e-04 -2.5796753451e-04 1.0670921786e+01 -1.4083959298e-04 -1.6781975076e-04 -1.8183959298e-04 1.0670807778e+01
167.97951752 1.0671746358e+01 -2.5302701978e-04 -1.3985249364e-04 -2.5802701978e-04 1.0671772783e+01 -1.4088253376e-04 -1.6785249364e-04 -1.8188253376e-04 1.0671658747e+01
168.39224360 1.0672599855e+01 -2.5308667933e-04 -1.3988533092e-04 -2.5808667933e-04 1.0672626287e+01 -1.4092560299e-04 -1.6788533092e-04 -1.8192560299e-04 1.0672512222e+01
168.80496969 1.0673455862e+01 -2.5314651338e-04 -1.3991826272e-04 -2.5814651338e-04 1.0673482300e+01 -1.4096880085e-04 -1.6791826272e-04 -1.8196880085e-04 1.0673368206e+01
169.21769578 1.0674314381e+01 -2.5320652217e-04 -1.3995128914e-04 -2.5820652217e-04 1.0674340827e+01 -1.4101212752e-04 -1.6795128914e-04 -1.8201212752e-04 1.0674226703e+01
169.63042187 1.0675175417e+01 -2.5326670591e-04 -1.3998441029e-04 -2.5826670591e-04 1.0675201869e+01 -1.4105558320e-04 -1.6798441029e-04 -1.8205558320e-04 1.0675087716e+01
170.04314795 1.0676038973e+01 -2.5332706483e-04 -1.4001762629e-04 -2.5832706483e-04 1.0676065431e+01 -1.4109916807e-04 -1.6801762629e-04 -1.8209916807e-04 1.0675951249e+01
170.45587404 1.0676905051e+01 -2.5338759917e-04 -1.4005093725e-04 -2.5838759917e-04 1.0676931516e+01 -1.4114288232e-04 -1.6805093725e-04 -1.8214288232e-04 1.0676817305e+01
170.86860013 1.0677773656e+01 -2.5344830915e-04 -1.4008434329e-04 -2.5844830915e-04 1.0677800128e+01 -1.4118672613e-04 -1.6808434329e-04 -1.8218672613e-04 1.0677685887e+01
171.28132621 1.0678644791e+01 -2.5350919501e-04 -1.4011784451e-04 -2.5850919501e-04 1.0678671270e+01 -1.4123069971e-04 -1.6811784451e-04 -1.8223069971e-04 1.0678556999e+01
171.69405230 1.0679518460e+01 -2.5357025698e-04 -1.4015144102e-04 -2.5857025698e-04 1.0679544944e+01 -1.4127480324e-04 -1.6815144102e-04 -1.8227480324e-04 1.0679430645e+01
172.10677839 1.0680394665e+01 -2.5363149528e-04 -1.4018513296e-04 -2.5863149528e-04 1.0680421156e+01 -1.4131903691e-04 -1.6818513296e-04 -1.8231903691e-04 1.0680306827e+01
172.51950448 1.0681273410e+01 -2.5369291016e-04 -1.4021892042e-04 -2.5869291016e-04 1.0681299908e+01 -1.4136340092e-04 -1.6821892042e-04 -1.8236340092e-04 1.0681185549e+01
172.93223056 1.0682154699e+01 -2.5375450184e-04 -1.4025280352e-04 -2.5875450184e-04 1.0682181203e+01 -1.4140789546e-04 -1.6825280352e-04 -1.8240789546e-04 1.0682066814e+01
173.34495665 1.0683038535e+01 -2.5381627056e-04 -1.4028678238e-04 -2.5881627056e-04 1.0683065046e+01 -1.4145252072e-04 -1.6828678238e-04 -1.8245252072e-04 1.0682950627e+01
173.75768274 1.0683924921e+01 -2.5387821656e-04 -1.4032085711e-04 -2.5887821656e-04 1.0683951439e+01 -1.4149727689e-04 -1.6832085711e-04 -1.8249727689e-04 1.0683836990e+01
174.17040883 1.0684813862e+01 -2.5394034007e-04 -1.4035502783e-04 -2.5894034007e-04 1.0684840387e+01 -1.4154216419e-04 -1.6835502783e-04 -1.8254216419e-04 1.0684725908e+01
174.58313491 1.0685705360e+01 -2.5400264133e-04 -1.4038929465e-04 -2.5900264133e-04 1.0685731892e+01 -1.4158718279e-04 -1.6838929465e-04 -1.8258718279e-04 1.0685617382e+01
174.99586100 1.0686599420e+01 -2.5406512058e-04 -1.4042365769e-04 -2.5906512058e-04 1.0686625958e+01 -1.4163233290e-04 -1.6842365769e-04 -1.8263233290e-04 1.0686511418e+01
175.40858709 1.0687496044e+01 -2.5412777805e-04 -1.4045811708e-04 -2.5912777805e-04 1.0687522589e+01 -1.4167761471e-04 -1.6845811708e-04 -1.8267761471e-04 1.0687408019e+01
175.82131317 1.0688395237e+01 -2.5419061399e-04 -1.4049267292e-04 -2.5919061399e-04 1.0688421789e+01 -1.4172302842e-04 -1.6849267292e-04 -1.8272302842e-04 1.0688307188e+01
176.23403926 1.0689297001e+01 -2.5425362864e-04 -1.4052732533e-04 -2.5925362864e-04 1.0689323560e+01 -1.4176857424e-04 -1.6852732533e-04 -1.8276857424e-04 1.0689208929e+01
176.64676535 1.0690201341e+01 -2.5431682224e-04 -1.4056207443e-04 -2.5931682224e-04 1.0690227907e+01 -1.4181425236e-04 -1.6856207443e-04 -1.8281425236e-04 1.0690113245e+01
177.05949144 1.0691108260e+01 -2.5438019503e-04 -1.4059692034e-04 -2.5938019503e-04 1.0691134832e+01 -1.4186006297e-04 -1.6859692034e-04 -1.8286006297e-04 1.0691020140e+01
177.47221752 1.0692017761e+01 -2.5444374726e-04 -1.4063186319e-04 -2.5944374726e-04 1.0692044341e+01 -1.4190600630e-04 -1.6863186319e-04 -1.8290600630e-04 1.0691929617e+01
177.88494361 1.0692929849e+01 -2.5450747917e-04 -1.4066690308e-04 -2.5950747917e-04 1.0692956436e+01 -1.4195208253e-04 -1.6866690308e-04 -1.8295208253e-04 1.0692841681e+01
178.29766970 1.0693844527e+01 -2.5457139100e-04 -1.4070204014e-04 -2.5957139100e-04 1.0693871120e+01 -1.4199829186e-04 -1.6870204014e-04 -1.8299829186e-04 1.0693756335e+01
178.71039579 1.0694761798e+01 -2.5463548300e-04 -1.4073727449e-04 -2.5963548300e-04 1.0694788398e+01 -1.4204463451e-04 -1.6873727449e-04 -1.8304463451e-04 1.0694673582e+01
179.12312187 1.0695681667e+01 -2.5469975541e-04 -1.4077260625e-04 -2.5969975541e-04 1.0695708274e+01 -1.4209111067e-04 -1.6877260625e-04 -1.8309111067e-04 1.0695593426e+01
179.53584796 1.0696604136e+01 -2.5476420849e-04 -1.4080803554e-04 -2.5976420849e-04 1.0696630750e+01 -1.4213772056e-04 -1.6880803554e-04 -1.8313772056e-04 1.0696515871e+01
179.94857405 1.0697529210e+01 -2.5482884249e-04 -1.4084356248e-04 -2.5982884249e-04 1.0697555831e+01 -1.4218446437e-04 -1.6884356248e-04 -1.8318446437e-04 1.0697440921e+01
180.36130013 1.0698456892e+01 -2.5489365765e-04 -1.4087918720e-04 -2.5989365765e-04 1.0698483520e+01 -1.4223134232e-04 -1.6887918720e-04 -1.8323134232e-04 1.0698368578e+01
180.77402622 1.0699387186e+01 -2.5495865422e-04 -1.4091490981e-04 -2.5995865422e-04 1.0699413821e+01 -1.4227835461e-04 -1.6891490981e-04 -1.8327835461e-04 1.0699298848e+01
181.18675231 1.0700320096e+01 -2.5502383245e-04 -1.4095073044e-04 -2.6002383245e-04 1.0700346738e+01 -1.4232550144e-04 -1.6895073044e-04 -1.8332550144e-04 1.0700231733e+01
181.59947840 1.0701255625e+01 -2.5508919260e-04 -1.4098664921e-04 -2.6008919260e-04 1.0701282274e+01 -1.4237278304e-04 -1.6898664921e-04 -1.8337278304e-04 1.0701167237e+01
182.01220448 1.0702193777e+01 -2.5515473492e-04 -1.4102266625e-04 -2.6015473492e-04 1.0702220434e+01 -1.4242019960e-04 -1.6902266625e-04 -1.8342019960e-04 1.0702105365e+01
182.42493057 1.0703134556e+01 -2.5522045966e-04 -1.4105878168e-04 -2.6022045966e-04 1.0703161220e+01 -1.4246775134e-04 -1.6905878168e-04 -1.8346775134e-04 1.0703046120e+01
182.83765666 1.0704077966e+01 -2.5528636708e-04 -1.4109499563e-04 -2.6028636708e-04 1.0704104637e+01 -1.4251543847e-04 -1.6909499563e-04 -1.8351543847e-04 1.0703989505e+01
183.25038275 1.0705024011e+01 -2.5535245743e-04 -1.4113130821e-04 -2.6035245743e-04 1.0705050689e+01 -1.4256326120e-04 -1.6913130821e-04 -1.8356326120e-04 1.0704935524e+01
183.66310883 1.0705972694e+01 -2.5541873098e-04 -1.4116771956e-04 -2.6041873098e-04 1.0705999379e+01 -1.4261121975e-04 -1.6916771956e-04 -1.8361121975e-04 1.0705884182e+01
184.07583492 1.0706924019e+01 -2.5548518796e-04 -1.4120422979e-04 -2.6048518796e-04 1.0706950711e+01 -1.4265931432e-04 -1.6920422979e-04 -1.8365931432e-04 1.0706835482e+01
184.48856101 1.0707877990e+01 -2.5555182866e-04 -1.4124083904e-04 -2.6055182866e-04 1.0707904689e+01 -1.4270754513e-04 -1.6924083904e-04 -1.8370754513e-04 1.0707789428e+01
184.90128709 1.0708834611e+01 -2.5561865332e-04 -1.4127754744e-04 -2.6061865332e-04 1.0708861317e+01 -1.4275591240e-04 -1.6927754744e-04 -1.8375591240e-04 1.0708746024e+01
185.31401318 1.0709793885e+01 -2.5568566220e-04 -1.4131435510e-04 -2.6068566220e-04 1.0709820599e+01 -1.4280441635e-04 -1.6931435510e-04 -1.8380441635e-04 1.0709705273e+01
185.72673927 1.0710755817e+01 -2.5575285557e-04 -1.4135126217e-04 -2.6075285557e-04 1.0710782539e+01 -1.4285305718e-04 -1.6935126217e-04 -1.8385305718e-04 1.0710667180e+01
186.13946536 1.0711720411e+01 -2.5582023369e-04 -1.4138826875e-04 -2.6082023369e-04 1.0711747139e+01 -1.4290183512e-04 -1.6938826875e-04 -1.8390183512e-04 1.0711631748e+01
186.55219144 1.0712687670e+01 -2.5588779682e-04 -1.4142537499e-04 -2.6088779682e-04 1.0712714406e+01 -1.4295075039e-04 -1.6942537499e-04 -1.8395075039e-04 1.0712598981e+01
186.96491753 1.0713657598e+01 -2.5595554523e-04 -1.4146258101e-04 -2.6095554523e-04 1.0713684341e+01 -1.4299980320e-04 -1.6946258101e-04 -1.8399980320e-04 1.0713568884e+01
187.37764362 1.0714630199e+01 -2.5602347917e-04 -1.4149988694e-04 -2.6102347917e-04 1.0714656950e+01 -1.4304899378e-04 -1.6949988694e-04 -1.8404899378e-04 1.0714541459e+01
187.79036971 1.0715605478e+01 -2.5609159892e-04 -1.4153729291e-04 -2.6109159892e-04 1.0715632235e+01 -1.4309832234e-04 -1.6953729291e-04 -1.8409832234e-04 1.0715516712e+01
188.20309579 1.0716583437e+01 -2.5615990474e-04 -1.4157479905e-04 -2.6115990474e-04 1.0716610202e+01 -1.4314778910e-04 -1.6957479905e-04 -1.8414778910e-04 1.0716494646e+01
188.61582188 1.0717564082e+01 -2.5622839690e-04 -1.4161240549e-04 -2.6122839690e-04 1.0717590854e+01 -1.4319739430e-04 -1.6961240549e-04 -1.8419739430e-04 1.0717475265e+01
189.02854797 1.0718547415e+01 -2.5629707567e-04 -1.4165011237e-04 -2.6129707567e-04 1.0718574196e+01 -1.4324713814e-04 -1.6965011237e-04 -1.8424713814e-04 1.0718458572e+01
189.44127405 1.0719533442e+01 -2.5636594132e-04 -1.4168791980e-04 -2.6136594132e-04 1.0719560230e+01 -1.4329702087e-04 -1.6968791980e-04 -1.8429702087e-04 1.0719444573e+01
189.85400014 1.0720522166e+01 -2.5643499411e-04 -1.4172582793e-04 -2.6143499411e-04 1.0720548961e+01 -1.4334704269e-04 -1.6972582793e-04 -1.8434704269e-04 1.0720433271e+01
190.26672623 1.0721513591e+01 -2.5650423432e-04 -1.4176383688e-04 -2.6150423432e-04 1.0721540393e+01 -1.4339720384e-04 -1.6976383688e-04 -1.8439720384e-04 1.0721424670e+01
190.67945232 1.0722507721e+01 -2.5657366223e-04 -1.4180194680e-04 -2.6157366223e-04 1.0722534531e+01 -1.4344750454e-04 -1.6980194680e-04 -1.8444750454e-04 1.0722418773e+01
191.09217840 1.0723504560e+01 -2.5664327809e-04 -1.4184015780e-04 -2.6164327809e-04 1.0723531378e+01 -1.4349794503e-04 -1.6984015780e-04 -1.8449794503e-04 1.0723415586e+01
191.50490449 1.0724504112e+01 -2.5671308220e-04 -1.4187847003e-04 -2.6171308220e-04 1.0724530938e+01 -1.4354852552e-04 -1.6987847003e-04 -1.8454852552e-04 1.0724415112e+01
191.91763058 1.0725506382e+01 -2.5678307482e-04 -1.4191688362e-04 -2.6178307482e-04 1.0725533215e+01 -1.4359924624e-04 -1.6991688362e-04 -1.8459924624e-04 1.0725417356e+01
192.33035667 1.0726511373e+01 -2.5685325623e-04 -1.4195539871e-04 -2.6185325623e-04 1.0726538214e+01 -1.4365010744e-04 -1.6995539871e-04 -1.8465010744e-04 1.0726422320e+01
192.74308275 1.0727519090e+01 -2.5692362671e-04 -1.4199401542e-04 -2.6192362671e-04 1.0727545938e+01 -1.4370110933e-04 -1.6999401542e-04 -1.8470110933e-04 1.0727430011e+01
193.15580884 1.0728529537e+01 -2.5699418653e-04 -1.4203273389e-04 -2.6199418653e-04 1.0728556393e+01 -1.4375225215e-04 -1.7003273389e-04 -1.8475225215e-04 1.0728440431e+01
193.56853493 1.0729542717e+01 -2.5706493598e-04 -1.4207155427e-04 -2.6206493598e-04 1.0729569581e+01 -1.4380353612e-04 -1.7007155427e-04 -1.8480353612e-04 1.0729453584e+01
193.98126101 1.0730558635e+01 -2.5713587532e-04 -1.4211047668e-04 -2.6213587532e-04 1.0730585507e+01 -1.4385496150e-04 -1.7011047668e-04 -1.8485496150e-04 1.0730469476e+01
194.39398710 1.0731577296e+01 -2.5720700486e-04 -1.4214950126e-04 -2.6220700486e-04 1.0731604175e+01 -1.4390652850e-04 -1.7014950126e-04 -1.8490652850e-04 1.0731488109e+01
194.80671319 1.0732598703e+01 -2.5727832486e-04 -1.4218862815e-04 -2.6227832486e-04 1.0732625589e+01 -1.4395823736e-04 -1.7018862815e-04 -1.8495823736e-04 1.0732509489e+01
195.21943928 1.0733622860e+01 -2.5734983561e-04 -1.4222785749e-04 -2.6234983561e-04 1.0733649754e+01 -1.4401008832e-04 -1.7022785749e-04 -1.8501008832e-04 1.0733533620e+01
195.63216536 1.0734649772e+01 -2.5742153739e-04 -1.4226718941e-04 -2.6242153739e-04 1.0734676674e+01 -1.4406208162e-04 -1.7026718941e-04 -1.8506208162e-04 1.0734560505e+01
196.04489145 1.0735679443e+01 -2.5749343049e-04 -1.4230662405e-04 -2.6249343049e-04 1.0735706353e+01 -1.4411421748e-04 -1.7030662405e-04 -1.8511421748e-04 1.0735590149e+01
196.45761754 1.0736711878e+01 -2.5756551520e-04 -1.4234616156e-04 -2.6256551520e-04 1.0736738795e+01 -1.4416649616e-04 -1.7034616156e-04 -1.8516649616e-04 1.0736622556e+01
196.87034363 1.0737747080e+01 -2.5763779179e-04 -1.4238580207e-04 -2.6263779179e-04 1.0737774005e+01 -1.4421891789e-04 -1.7038580207e-04 -1.8521891789e-04 1.0737657730e+01
197.28306971 1.0738785053e+01 -2.5771026056e-04 -1.4242554571e-04 -2.6271026056e-04 1.0738811987e+01 -1.4427148290e-04 -1.7042554571e-04 -1.8527148290e-04 1.0738695677e+01
197.69579580 1.0739825803e+01 -2.5778292181e-04 -1.4246539264e-04 -2.6278292181e-04 1.0739852744e+01 -1.4432419145e-04 -1.7046539264e-04 -1.8532419145e-04 1.0739736399e+01
198.10852189 1.0740869333e+01 -2.5785577580e-04 -1.4250534299e-04 -2.6285577580e-04 1.0740896282e+01 -1.4437704376e-04 -1.7050534299e-04 -1.8537704376e-04 1.0740779901e+01
198.52124797 1.0741915648e+01 -2.5792882285e-04 -1.4254539690e-04 -2.6292882285e-04 1.0741942605e+01 -1.4443004010e-04 -1.7054539690e-04 -1.8543004010e-04 1.0741826189e+01
198.93397406 1.0742964752e+01 -2.5800206324e-04 -1.4258555452e-04 -2.6300206324e-04 1.0742991717e+01 -1.4448318068e-04 -1.7058555452e-04 -1.8548318068e-04 1.0742875265e+01
199.34670015 1.0744016649e+01 -2.5807549725e-04 -1.4262581598e-04 -2.6307549725e-04 1.0744043622e+01 -1.4453646578e-04 -1.7062581598e-04 -1.8553646578e-04 1.0743927134e+01
199.75942624 1.0745071344e+01 -2.5814912520e-04 -1.4266618144e-04 -2.6314912520e-04 1.0745098325e+01 -1.4458989561e-04 -1.7066618144e-04 -1.8558989561e-04 1.0744981801e+01
200.17215232 1.0746128841e+01 -2.5822294736e-04 -1.4270665102e-04 -2.6322294736e-04 1.0746155830e+01 -1.4464347044e-04 -1.7070665102e-04 -1.8564347044e-04 1.0746039271e+01
200.58487841 1.0747189145e+01 -2.5829696405e-04 -1.4274722488e-04 -2.6329696405e-04 1.0747216142e+01 -1.4469719051e-04 -1.7074722488e-04 -1.8569719051e-04 1.0747099546e+01
200.99760450 1.0748252259e+01 -2.5837117554e-04 -1.4278790316e-04 -2.6337117554e-04 1.0748279265e+01 -1.4475105607e-04 -1.7078790316e-04 -1.8575105607e-04 1.0748162633e+01
201.41033059 1.0749318189e+01 -2.5844558215e-04 -1.4282868601e-04 -2.6344558215e-04 1.0749345203e+01 -1.4480506737e-04 -1.7082868601e-04 -1.8580506737e-04 1.0749228535e+01
201.82305667 1.0750386939e+01 -2.5852018417e-04 -1.4286957356e-04 -2.6352018417e-04 1.0750413960e+01 -1.4485922465e-04 -1.7086957356e-04 -1.8585922465e-04 1.0750297256e+01
202.23578276 1.0751458513e+01 -2.5859498190e-04 -1.4291056597e-04 -2.6359498190e-04 1.0751485543e+01 -1.4491352817e-04 -1.7091056597e-04 -1.8591352817e-04 1.0751368802e+01
202.64850885 1.0752532916e+01 -2.5866997564e-04 -1.4295166338e-04 -2.6366997564e-04 1.0752559954e+01 -1.4496797818e-04 -1.7095166338e-04 -1.8596797818e-04 1.0752443177e+01
203.06123493 1.0753610152e+01 -2.5874516570e-04 -1.4299286593e-04 -2.6374516570e-04 1.0753637198e+01 -1.4502257493e-04 -1.7099286593e-04 -1.8602257493e-04 1.0753520384e+01
203.47396102 1.0754690226e+01 -2.5882055237e-04 -1.4303417378e-04 -2.6382055237e-04 1.0754717280e+01 -1.4507731868e-04 -1.7103417378e-04 -1.8607731868e-04 1.0754600430e+01
203.88668711 1.0755773142e+01 -2.5889613596e-04 -1.4307558707e-04 -2.6389613596e-04 1.0755800204e+01 -1.4513220967e-04 -1.7107558707e-04 -1.8613220967e-04 1.0755683317e+01
204.29941320 1.0756858905e+01 -2.5897191678e-04 -1.4311710595e-04 -2.6397191678e-04 1.0756885975e+01 -1.4518724817e-04 -1.7111710595e-04 -1.8618724817e-04 1.0756769051e+01
204.71213928 1.0757947519e+01 -2.5904789514e-04 -1.4315873056e-04 -2.6404789514e-04 1.0757974598e+01 -1.4524243442e-04 -1.7115873056e-04 -1.8624243442e-04 1.0757857637e+01
205.12486537 1.0759038989e+01 -2.5912407133e-04 -1.4320046106e-04 -2.6412407133e-04 1.0759066076e+01 -1.4529776870e-04 -1.7120046106e-04 -1.8629776870e-04 1.0758949078e+01
205.53759146 1.0760133320e+01 -2.5920044567e-04 -1.4324229759e-04 -2.6420044567e-04 1.0760160415e+01 -1.4535325125e-04 -1.7124229759e-04 -1.8635325125e-04 1.0760043380e+01
205.95031755 1.0761230516e+01 -2.5927701847e-04 -1.4328424031e-04 -2.6427701847e-04 1.0761257619e+01 -1.4540888233e-04 -1.7128424031e-04 -1.8640888233e-04 1.0761140547e+01
206.36304363 1.0762330582e+01 -2.5935379003e-04 -1.4332628937e-04 -2.6435379003e-04 1.0762357693e+01 -1.4546466220e-04 -1.7132628937e-04 -1.8646466220e-04 1.0762240583e+01
206.77576972 1.0763433521e+01 -2.5943076068e-04 -1.4336844491e-04 -2.6443076068e-04 1.0763460642e+01 -1.4552059113e-04 -1.7136844491e-04 -1.8652059113e-04 1.0763343494e+01
207.18849581 1.0764539340e+01 -2.5950793071e-04 -1.4341070708e-04 -2.6450793071e-04 1.0764566469e+01 -1.4557666938e-04 -1.7141070708e-04 -1.8657666938e-04 1.0764449284e+01
207.60122189 1.0765648043e+01 -2.5958530046e-04 -1.4345307605e-04 -2.6458530046e-04 1.0765675180e+01 -1.4563289721e-04 -1.7145307605e-04 -1.8663289721e-04 1.0765557957e+01
208.01394798 1.0766759634e+01 -2.5966287022e-04 -1.4349555195e-04 -2.6466287022e-04 1.0766786780e+01 -1.4568927488e-04 -1.7149555195e-04 -1.8668927488e-04 1.0766669519e+01
208.42667407 1.0767874118e+01 -2.5974064032e-04 -1.4353813495e-04 -2.6474064032e-04 1.0767901272e+01 -1.4574580265e-04 -1.7153813495e-04 -1.8674580265e-04 1.0767783974e+01
208.83940016 1.0768991500e+01 -2.5981861108e-04 -1.4358082520e-04 -2.6481861108e-04 1.0769018662e+01 -1.4580248080e-04 -1.7158082520e-04 -1.8680248080e-04 1.0768901326e+01
209.25212624 1.0770111785e+01 -2.5989678280e-04 -1.4362362284e-04 -2.6489678280e-04 1.0770138955e+01 -1.4585930958e-04 -1.7162362284e-04 -1.8685930958e-04 1.0770021581e+01
209.66485233 1.0771234976e+01 -2.5997515582e-04 -1.4366652804e-04 -2.6497515582e-04 1.0771262155e+01 -1.4591628928e-04 -1.7166652804e-04 -1.8691628928e-04 1.0771144743e+01
210.07757842 1.0772361080e+01 -2.6005373044e-04 -1.4370954095e-04 -2.6505373044e-04 1.0772388268e+01 -1.4597342014e-04 -1.7170954095e-04 -1.8697342014e-04 1.0772270817e+01
210.49030451 1.0773490100e+01 -2.6013250700e-04 -1.4375266172e-04 -2.6513250700e-04 1.0773517297e+01 -1.4603070245e-04 -1.7175266172e-04 -1.8703070245e-04 1.0773399807e+01
210.90303059 1.0774622042e+01 -2.6021148582e-04 -1.4379589051e-04 -2.6521148582e-04 1.0774649247e+01 -1.4608813648e-04 -1.7179589051e-04 -1.8708813648e-04 1.0774531720e+01
211.31575668 1.0775756911e+01 -2.6029066721e-04 -1.4383922748e-04 -2.6529066721e-04 1.0775784125e+01 -1.4614572249e-04 -1.7183922748e-04 -1.8714572249e-04 1.0775666558e+01
211.72848277 1.0776894711e+01 -2.6037005150e-04 -1.4388267279e-04 -2.6537005150e-04 1.0776921933e+01 -1.4620346076e-04 -1.7188267279e-04 -1.8720346076e-04 1.0776804328e+01
212.14120885 1.0778035447e+01 -2.6044963903e-04 -1.4392622658e-04 -2.6544963903e-04 1.0778062678e+01 -1.4626135156e-04 -1.7192622658e-04 -1.8726135156e-04 1.0777945034e+01
212.55393494 1.0779179124e+01 -2.6052943010e-04 -1.4396988902e-04 -2.6552943010e-04 1.0779206363e+01 -1.4631939517e-04 -1.7196988902e-04 -1.8731939517e-04 1.0779088680e+01
212.96666103 1.0780325746e+01 -2.6060942507e-04 -1.4401366026e-04 -2.6560942507e-04 1.0780352994e+01 -1.4637759185e-04 -1.7201366026e-04 -1.8737759185e-04 1.0780235273e+01
213.37938712 1.0781475320e+01 -2.6068962424e-04 -1.4405754047e-04 -2.6568962424e-04 1.0781502577e+01 -1.4643594190e-04 -1.7205754047e-04 -1.8743594190e-04 1.0781384816e+01
213.79211320 1.0782627849e+01 -2.6077002796e-04 -1.4410152981e-04 -2.6577002796e-04 1.0782655114e+01 -1.4649444557e-04 -1.7210152981e-04 -1.8749444557e-04 1.0782537314e+01
214.20483929 1.0783783339e+01 -2.6085063655e-04 -1.4414562843e-04 -2.6585063655e-04 1.0783810613e+01 -1.4655310317e-04 -1.7214562843e-04 -1.8755310317e-04 1.0783692774e+01
214.61756538 1.0784941794e+01 -2.6093145034e-04 -1.4418983649e-04 -2.6593145034e-04 1.0784969077e+01 -1.4661191495e-04 -1.7218983649e-04 -1.8761191495e-04 1.0784851198e+01
215.03029146 1.0786103220e+01 -2.6101246968e-04 -1.4423415416e-04 -2.6601246968e-04 1.0786130512e+01 -1.4667088120e-04 -1.7223415416e-04 -1.8767088120e-04 1.0786012593e+01
215.44301755 1.0787267621e+01 -2.6109369489e-04 -1.4427858159e-04 -2.6609369489e-04 1.0787294922e+01 -1.4673000221e-04 -1.7227858159e-04 -1.8773000221e-04 1.0787176964e+01
215.85574364 1.0788435003e+01 -2.6117512632e-04 -1.4432311896e-04 -2.6617512632e-04 1.0788462312e+01 -1.4678927825e-04 -1.7232311896e-04 -1.8778927825e-04 1.0788344315e+01
216.26846973 1.0789605370e+01 -2.6125676429e-04 -1.4436776641e-04 -2.6625676429e-04 1.0789632688e+01 -1.4684870962e-04 -1.7236776641e-04 -1.8784870962e-04 1.0789514651e+01
216.68119581 1.0790778728e+01 -2.6133860915e-04 -1.4441252412e-04 -2.6633860915e-04 1.0790806055e+01 -1.4690829658e-04 -1.7241252412e-04 -1.8790829658e-04 1.0790687978e+01
217.09392190 1.0791955081e+01 -2.6142066123e-04 -1.4445739224e-04 -2.6642066123e-04 1.0791982418e+01 -1.4696803944e-04 -1.7245739224e-04 -1.8796803944e-04 1.0791864300e+01
217.50664799 1.0793134436e+01 -2.6150292088e-04 -1.4450237095e-04 -2.6650292088e-04 1.0793161781e+01 -1.4702793847e-04 -1.7250237095e-04 -1.8802793847e-04 1.0793043623e+01
217.91937408 1.0794316795e+01 -2.6158538844e-04 -1.4454746040e-04 -2.6658538844e-04 1.0794344150e+01 -1.4708799396e-04 -1.7254746040e-04 -1.8808799396e-04 1.0794225952e+01
218.33210016 1.0795502166e+01 -2.6166806425e-04 -1.4459266076e-04 -2.6666806425e-04 1.0795529529e+01 -1.4714820620e-04 -1.7259266076e-04 -1.8814820620e-04 1.0795411292e+01
218.74482625 1.0796690553e+01 -2.6175094865e-04 -1.4463797220e-04 -2.6675094865e-04 1.0796717925e+01 -1.4720857548e-04 -1.7263797220e-04 -1.8820857548e-04 1.0796599647e+01
219.15755234 1.0797881961e+01 -2.6183404199e-04 -1.4468339488e-04 -2.6683404199e-04 1.0797909342e+01 -1.4726910210e-04 -1.7268339488e-04 -1.8826910210e-04 1.0797791023e+01
219.57027842 1.0799076395e+01 -2.6191734462e-04 -1.4472892897e-04 -2.6691734462e-04 1.0799103786e+01 -1.4732978633e-04 -1.7272892897e-04 -1.8832978633e-04 1.0798985426e+01
219.98300451 1.0800273861e+01 -2.6200085689e-04 -1.4477457463e-04 -2.6700085689e-04 1.0800301260e+01 -1.4739062848e-04 -1.7277457463e-04 -1.8839062848e-04 1.0800182860e+01
220.39573060 1.0801474364e+01 -2.6208457914e-04 -1.4482033204e-04 -2.6708457914e-04 1.0801501772e+01 -1.4745162885e-04 -1.7282033204e-04 -1.8845162885e-04 1.0801383331e+01
220.80845669 1.0802677908e+01 -2.6216851172e-04 -1.4486620136e-04 -2.6716851172e-04 1.0802705326e+01 -1.4751278771e-04 -1.7286620136e-04 -1.8851278771e-04 1.0802586843e+01
221.22118277 1.0803884500e+01 -2.6225265498e-04 -1.4491218277e-04 -2.6725265498e-04 1.0803911926e+01 -1.4757410537e-04 -1.7291218277e-04 -1.8857410537e-04 1.0803793403e+01
221.63390886 1.0805094143e+01 -2.6233700929e-04 -1.4495827642e-04 -2.6733700929e-04 1.0805121579e+01 -1.4763558213e-04 -1.7295827642e-04 -1.8863558213e-04 1.0805003015e+01
222.04663495 1.0806306845e+01 -2.6242157498e-04 -1.4500448249e-04 -2.6742157498e-04 1.0806334290e+01 -1.4769721829e-04 -1.7300448249e-04 -1.8869721829e-04 1.0806215684e+01
222.45936104 1.0807522610e+01 -2.6250635242e-04 -1.4505080115e-04 -2.6750635242e-04 1.0807550064e+01 -1.4775901414e-04 -1.7305080115e-04 -1.8875901414e-04 1.0807431417e+01
222.87208712 1.0808741442e+01 -2.6259134195e-04 -1.4509723258e-04 -2.6759134195e-04 1.0808768906e+01 -1.4782096998e-04 -1.7309723258e-04 -1.8882096998e-04 1.0808650217e+01
223.28481321 1.0809963349e+01 -2.6267654395e-04 -1.4514377694e-04 -2.6767654395e-04 1.0809990821e+01 -1.4788308611e-04 -1.7314377694e-04 -1.8888308611e-04 1.0809872091e+01
223.69753930 1.0811188334e+01 -2.6276195877e-04 -1.4519043440e-04 -2.6776195877e-04 1.0811215816e+01 -1.4794536285e-04 -1.7319043440e-04 -1.8894536285e-04 1.0811097044e+01
224.11026538 1.0812416403e+01 -2.6284758676e-04 -1.4523720514e-04 -2.6784758676e-04 1.0812443895e+01 -1.4800780048e-04 -1.7323720514e-04 -1.8900780048e-04 1.0812325081e+01
224.52299147 1.0813647563e+01 -2.6293342828e-04 -1.4528408934e-04 -2.6793342828e-04 1.0813675063e+01 -1.4807039932e-04 -1.7328408934e-04 -1.8907039932e-04 1.0813556208e+01
224.93571756 1.0814881817e+01 -2.6301948371e-04 -1.4533108715e-04 -2.6801948371e-04 1.0814909327e+01 -1.4813315967e-04 -1.7333108715e-04 -1.8913315967e-04 1.0814790429e+01
225.34844365 1.0816119171e+01 -2.6310575340e-04 -1.4537819877e-04 -2.6810575340e-04 1.0816146691e+01 -1.4819608183e-04 -1.7337819877e-04 -1.8919608183e-04 1.0816027751e+01
225.76116973 1.0817359632e+01 -2.6319223772e-04 -1.4542542436e-04 -2.6819223772e-04 1.0817387161e+01 -1.4825916612e-04 -1.7342542436e-04 -1.8925916612e-04 1.0817268179e+01
226.17389582 1.0818603204e+01 -2.6327893704e-04 -1.4547276410e-04 -2.6827893704e-04 1.0818630742e+01 -1.4832241285e-04 -1.7347276410e-04 -1.8932241285e-04 1.0818511718e+01
226.58662191 1.0819849893e+01 -2.6336585171e-04 -1.4552021817e-04 -2.6836585171e-04 1.0819877440e+01 -1.4838582232e-04 -1.7352021817e-04 -1.8938582232e-04 1.0819758374e+01
226.99934800 1.0821099704e+01 -2.6345298211e-04 -1.4556778674e-04 -2.6845298211e-04 1.0821127261e+01 -1.4844939484e-04 -1.7356778674e-04 -1.8944939484e-04 1.0821008152e+01
227.41207408 1.0822352643e+01 -2.6354032861e-04 -1.4561546999e-04 -2.6854032861e-04 1.0822380210e+01 -1.4851313073e-04 -1.7361546999e-04 -1.8951313073e-04 1.0822261058e+01
227.82480017 1.0823608715e+01 -2.6362789158e-04 -1.4566326809e-04 -2.6862789158e-04 1.0823636291e+01 -1.4857703031e-04 -1.7366326809e-04 -1.8957703031e-04 1.0823517097e+01
228.23752626 1.0824867927e+01 -2.6371567140e-04 -1.4571118123e-04 -2.6871567140e-04 1.0824895512e+01 -1.4864109387e-04 -1.7371118123e-04 -1.8964109387e-04 1.0824776275e+01
228.65025234 1.0826130283e+01 -2.6380366843e-04 -1.4575920959e-04 -2.6880366843e-04 1.0826157878e+01 -1.4870532175e-04 -1.7375920959e-04 -1.8970532175e-04 1.0826038597e+01
229.06297843 1.0827395788e+01 -2.6389188304e-04 -1.4580735334e-04 -2.6889188304e-04 1.0827423393e+01 -1.4876971426e-04 -1.7380735334e-04 -1.8976971426e-04 1.0827304070e+01
229.47570452 1.0828664450e+01 -2.6398031563e-04 -1.4585561266e-04 -2.6898031563e-04 1.0828692064e+01 -1.4883427171e-04 -1.7385561266e-04 -1.8983427171e-04 1.0828572698e+01
229.88843061 1.0829936273e+01 -2.6406896656e-04 -1.4590398774e-04 -2.6906896656e-04 1.0829963897e+01 -1.4889899443e-04 -1.7390398774e-04 -1.8989899443e-04 1.0829844487e+01
230.30115669 1.0831211263e+01 -2.6415783621e-04 -1.4595247875e-04 -2.6915783621e-04 1.0831238896e+01 -1.4896388273e-04 -1.7395247875e-04 -1.8996388273e-04 1.0831119443e+01
230.71388278 1.0832489425e+01 -2.6424692496e-04 -1.4600108588e-04 -2.6924692496e-04 1.0832517069e+01 -1.4902893694e-04 -1.7400108588e-04 -1.9002893694e-04 1.0832397572e+01
231.12660887 1.0833770766e+01 -2.6433623319e-04 -1.4604980931e-04 -2.6933623319e-04 1.0833798419e+01 -1.4909415738e-04 -1.7404980931e-04 -1.9009415738e-04 1.0833678878e+01
231.53933496 1.0835055291e+01 -2.6442576129e-04 -1.4609864922e-04 -2.6942576129e-04 1.0835082954e+01 -1.4915954437e-04 -1.7409864922e-04 -1.9015954437e-04 1.0834963369e+01
231.95206104 1.0836343006e+01 -2.6451550964e-04 -1.4614760580e-04 -2.6951550964e-04 1.0836370678e+01 -1.4922509824e-04 -1.7414760580e-04 -1.9022509824e-04 1.0836251050e+01
232.36478713 1.0837633916e+01 -2.6460547863e-04 -1.4619667923e-04 -2.6960547863e-04 1.0837661598e+01 -1.4929081931e-04 -1.7419667923e-04 -1.9029081931e-04 1.0837541926e+01
232.77751322 1.0838928027e+01 -2.6469566863e-04 -1.4624586970e-04 -2.6969566863e-04 1.0838955719e+01 -1.4935670791e-04 -1.7424586970e-04 -1.9035670791e-04 1.0838836003e+01
233.19023930 1.0840225346e+01 -2.6478608005e-04 -1.4629517738e-04 -2.6978608005e-04 1.0840253048e+01 -1.4942276438e-04 -1.7429517738e-04 -1.9042276438e-04 1.0840133287e+01
233.60296539 1.0841525877e+01 -2.6487671326e-04 -1.4634460247e-04 -2.6987671326e-04 1.0841553589e+01 -1.4948898903e-04 -1.7434460247e-04 -1.9048898903e-04 1.0841433784e+01
234.01569148 1.0842829627e+01 -2.6496756866e-04 -1.4639414516e-04 -2.6996756866e-04 1.0842857349e+01 -1.4955538220e-04 -1.7439414516e-04 -1.9055538220e-04 1.0842737499e+01
234.42841757 1.0844136602e+01 -2.6505864664e-04 -1.4644380562e-04 -2.7005864664e-04 1.0844164333e+01 -1.4962194423e-04 -1.7444380562e-04 -1.9062194423e-04 1.0844044439e+01
234.84114365 1.0845446807e+01 -2.6514994759e-04 -1.4649358405e-04 -2.7014994759e-04 1.0845474548e+01 -1.4968867544e-04 -1.7449358405e-04 -1.9068867544e-04 1.0845354610e+01
235.25386974 1.0846760248e+01 -2.6524147191e-04 -1.4654348064e-04 -2.7024147191e-04 1.0846788000e+01 -1.4975557617e-04 -1.7454348064e-04 -1.9075557617e-04 1.0846668016e+01
235.66659583 1.0848076932e+01 -2.6533322000e-04 -1.4659349557e-04 -2.7033322000e-04 1.0848104693e+01 -1.4982264676e-04 -1.7459349557e-04 -1.9082264676e-04 1.0847984665e+01
236.07932192 1.0849396863e+01 -2.6542519224e-04 -1.4664362903e-04 -2.7042519224e-04 1.0849424635e+01 -1.4988988754e-04 -1.7464362903e-04 -1.9088988754e-04 1.0849304561e+01
236.49204800 1.0850720049e+01 -2.6551738904e-04 -1.4669388122e-04 -2.7051738904e-04 1.0850747830e+01 -1.4995729885e-04 -1.7469388122e-04 -1.9095729885e-04 1.0850627712e+01
236.90477409 1.0852046495e+01 -2.6560981080e-04 -1.4674425233e-04 -2.7060981080e-04 1.0852074286e+01 -1.5002488103e-04 -1.7474425233e-04 -1.9102488103e-04 1.0851954123e+01
237.31750018 1.0853376206e+01 -2.6570245792e-04 -1.4679474254e-04 -2.7070245792e-04 1.0853404008e+01 -1.5009263442e-04 -1.7479474254e-04 -1.9109263442e-04 1.0853283799e+01
237.73022626 1.0854709190e+01 -2.6579533081e-04 -1.4684535205e-04 -2.7079533081e-04 1.0854737002e+01 -1.5016055936e-04 -1.7484535205e-04 -1.9116055936e-04 1.0854616748e+01
238.14295235 1.0856045452e+01 -2.6588842986e-04 -1.4689608105e-04 -2.7088842986e-04 1.0856073274e+01 -1.5022865620e-04 -1.7489608105e-04 -1.9122865620e-04 1.0855952974e+01
238.55567844 1.0857384998e+01 -2.6598175548e-04 -1.4694692973e-04 -2.7098175548e-04 1.0857412830e+01 -1.5029692528e-04 -1.7494692973e-04 -1.9129692528e-04 1.0857292485e+01
238.96840453 1.0858727835e+01 -2.6607530808e-04 -1.4699789830e-04 -2.7107530808e-04 1.0858755677e+01 -1.5036536694e-04 -1.7499789830e-04 -1.9136536694e-04 1.0858635285e+01
239.38113061 1.0860073967e+01 -2.6616908806e-04 -1.4704898693e-04 -2.7116908806e-04 1.0860101820e+01 -1.5043398154e-04 -1.7504898693e-04 -1.9143398154e-04 1.0859981382e+01
239.79385670 1.0861423402e+01 -2.6626309584e-04 -1.4710019583e-04 -2.7126309584e-04 1.0861451265e+01 -1.5050276942e-04 -1.7510019583e-04 -1.9150276942e-04 1.0861330782e+01
240.20658279 1.0862776146e+01 -2.6635733183e-04 -1.4715152520e-04 -2.7135733183e-04 1.0862804019e+01 -1.5057173092e-04 -1.7515152520e-04 -1.9157173092e-04 1.0862683489e+01
240.61930888 1.0864132204e+01 -2.6645179644e-04 -1.4720297522e-04 -2.7145179644e-04 1.0864160087e+01 -1.5064086641e-04 -1.7520297522e-04 -1.9164086641e-04 1.0864039512e+01
241.03203496 1.0865491584e+01 -2.6654649008e-04 -1.4725454610e-04 -2.7154649008e-04 1.0865519477e+01 -1.5071017623e-04 -1.7525454610e-04 -1.9171017623e-04 1.0865398855e+01
241.44476105 1.0866854290e+01 -2.6664141317e-04 -1.4730623803e-04 -2.7164141317e-04 1.0866882194e+01 -1.5077966073e-04 -1.7530623803e-04 -1.9177966073e-04 1.0866761525e+01
241.85748714 1.0868220330e+01 -2.6673656612e-04 -1.4735805122e-04 -2.7173656612e-04 1.0868248244e+01 -1.5084932027e-04 -1.7535805122e-04 -1.9184932027e-04 1.0868127529e+01
242.27021322 1.0869589709e+01 -2.6683194936e-04 -1.4740998586e-04 -2.7183194936e-04 1.0869617633e+01 -1.5091915521e-04 -1.7540998586e-04 -1.9191915521e-04 1.0869496871e+01
242.68293931 1.0870962434e+01 -2.6692756330e-04 -1.4746204214e-04 -2.7192756330e-04 1.0870990369e+01 -1.5098916590e-04 -1.7546204214e-04 -1.9198916590e-04 1.0870869560e+01
243.09566540 1.0872338511e+01 -2.6702340836e-04 -1.4751422028e-04 -2.7202340836e-04 1.0872366457e+01 -1.5105935270e-04 -1.7551422028e-04 -1.9205935270e-04 1.0872245601e+01
243.50839149 1.0873717947e+01 -2.6711948497e-04 -1.4756652047e-04 -2.7211948497e-04 1.0873745903e+01 -1.5112971597e-04 -1.7556652047e-04 -1.9212971597e-04 1.0873625000e+01
243.92111757 1.0875100748e+01 -2.6721579355e-04 -1.4761894291e-04 -2.7221579355e-04 1.0875128714e+01 -1.5120025607e-04 -1.7561894291e-04 -1.9220025607e-04 1.0875007764e+01
244.33384366 1.0876486919e+01 -2.6731233452e-04 -1.4767148780e-04 -2.7231233452e-04 1.0876514896e+01 -1.5127097337e-04 -1.7567148780e-04 -1.9227097337e-04 1.0876393899e+01
244.74656975 1.0877876468e+01 -2.6740910831e-04 -1.4772415535e-04 -2.7240910831e-04 1.0877904456e+01 -1.5134186822e-04 -1.7572415535e-04 -1.9234186822e-04 1.0877783411e+01
245.15929584 1.0879269401e+01 -2.6750611535e-04 -1.4777694577e-04 -2.7250611535e-04 1.0879297399e+01 -1.5141294100e-04 -1.7577694577e-04 -1.9241294100e-04 1.0879176307e+01
245.57202192 1.0880665725e+01 -2.6760335607e-04 -1.4782985924e-04 -2.7260335607e-04 1.0880693733e+01 -1.5148419206e-04 -1.7582985924e-04 -1.9248419206e-04 1.0880572594e+01
245.98474801 1.0882065445e+01 -2.6770083090e-04 -1.4788289599e-04 -2.7270083090e-04 1.0882093464e+01 -1.5155562178e-04 -1.7588289599e-04 -1.9255562178e-04 1.0881972277e+01
246.39747410 1.0883468569e+01 -2.6779854027e-04 -1.4793605621e-04 -2.7279854027e-04 1.0883496598e+01 -1.5162723052e-04 -1.7593605621e-04 -1.9262723052e-04 1.0883375363e+01
246.81020018 1.0884875102e+01 -2.6789648462e-04 -1.4798934011e-04 -2.7289648462e-04 1.0884903142e+01 -1.5169901866e-04 -1.7598934011e-04 -1.9269901866e-04 1.0884781859e+01
247.22292627 1.0886285051e+01 -2.6799466438e-04 -1.4804274790e-04 -2.7299466438e-04 1.0886313102e+01 -1.5177098656e-04 -1.7604274790e-04 -1.9277098656e-04 1.0886191771e+01
247.63565236 1.0887698424e+01 -2.6809307999e-04 -1.4809627978e-04 -2.7309307999e-04 1.0887726485e+01 -1.5184313461e-04 -1.7609627978e-04 -1.9284313461e-04 1.0887605106e+01
248.04837845 1.0889115225e+01 -2.6819173188e-04 -1.4814993596e-04 -2.7319173188e-04 1.0889143298e+01 -1.5191546316e-04 -1.7614993596e-04 -1.9291546316e-04 1.0889021870e+01
248.46110453 1.0890535463e+01 -2.6829062051e-04 -1.4820371665e-04 -2.7329062051e-04 1.0890563546e+01 -1.5198797261e-04 -1.7620371665e-04 -1.9298797261e-04 1.0890442069e+01
248.87383062 1.0891959143e+01 -2.6838974630e-04 -1.4825762207e-04 -2.7338974630e-04 1.0891987237e+01 -1.5206066332e-04 -1.7625762207e-04 -1.9306066332e-04 1.0891865712e+01
249.28655671 1.0893386272e+01 -2.6848910971e-04 -1.4831165241e-04 -2.7348910971e-04 1.0893414377e+01 -1.5213353568e-04 -1.7631165241e-04 -1.9313353568e-04 1.0893292803e+01
249.69928280 1.0894816857e+01 -2.6858871117e-04 -1.4836580790e-04 -2.7358871117e-04 1.0894844973e+01 -1.5220659006e-04 -1.7636580790e-04 -1.9320659006e-04 1.0894723350e+01
250.11200888 1.0896250905e+01 -2.6868855113e-04 -1.4842008873e-04 -2.7368855113e-04 1.0896279031e+01 -1.5227982685e-04 -1.7642008873e-04 -1.9327982685e-04 1.0896157360e+01
250.52473497 1.0897688421e+01 -2.6878863005e-04 -1.4847449513e-04 -2.7378863005e-04 1.0897716559e+01 -1.5235324643e-04 -1.7647449513e-04 -1.9335324643e-04 1.0897594838e+01
250.93746106 1.0899129414e+01 -2.6888894836e-04 -1.4852902731e-04 -2.7388894836e-04 1.0899157562e+01 -1.5242684918e-04 -1.7652902731e-04 -1.9342684918e-04 1.0899035792e+01
251.35018714 1.0900573889e+01 -2.6898950653e-04 -1.4858368547e-04 -2.7398950653e-04 1.0900602049e+01 -1.5250063548e-04 -1.7658368547e-04 -1.9350063548e-04 1.0900480229e+01
251.76291323 1.0902021854e+01 -2.6909030500e-04 -1.4863846984e-04 -2.7409030500e-04 1.0902050024e+01 -1.5257460573e-04 -1.7663846984e-04 -1.9357460573e-04 1.0901928156e+01
252.17563932 1.0903473315e+01 -2.6919134422e-04 -1.4869338063e-04 -2.7419134422e-04 1.0903501496e+01 -1.5264876032e-04 -1.7669338063e-04 -1.9364876032e-04 1.0903379578e+01
252.58836541 1.0904928279e+01 -2.6929262466e-04 -1.4874841805e-04 -2.7429262466e-04 1.0904956471e+01 -1.5272309962e-04 -1.7674841805e-04 -1.9372309962e-04 1.0904834503e+01
253.00109149 1.0906386753e+01 -2.6939414676e-04 -1.4880358232e-04 -2.7439414676e-04 1.0906414956e+01 -1.5279762404e-04 -1.7680358232e-04 -1.9379762404e-04 1.0906292938e+01
253.41381758 1.0907848743e+01 -2.6949591099e-04 -1.4885887366e-04 -2.7449591099e-04 1.0907876958e+01 -1.5287233397e-04 -1.7685887366e-04 -1.9387233397e-04 1.0907754890e+01
253.82654367 1.0909314257e+01 -2.6959791781e-04 -1.4891429228e-04 -2.7459791781e-04 1.0909342483e+01 -1.5294722980e-04 -1.7691429228e-04 -1.9394722980e-04 1.0909220365e+01
254.23926976 1.0910783302e+01 -2.6970016768e-04 -1.4896983840e-04 -2.7470016768e-04 1.0910811539e+01 -1.5302231192e-04 -1.7696983840e-04 -1.9402231192e-04 1.0910689371e+01
254.65199584 1.0912255884e+01 -2.6980266106e-04 -1.4902551225e-04 -2.7480266106e-04 1.0912284132e+01 -1.5309758073e-04 -1.7702551225e-04 -1.9409758073e-04 1.0912161914e+01
255.06472193 1.0913732011e+01 -2.6990539842e-04 -1.4908131403e-04 -2.7490539842e-04 1.0913760270e+01 -1.5317303664e-04 -1.7708131403e-04 -1.9417303664e-04 1.0913638001e+01
255.47744802 1.0915211689e+01 -2.7000838022e-04 -1.4913724398e-04 -2.7500838022e-04 1.0915239959e+01 -1.5324868003e-04 -1.7713724398e-04 -1.9424868003e-04 1.0915117640e+01
255.89017410 1.0916694925e+01 -2.7011160693e-04 -1.4919330231e-04 -2.7511160693e-04 1.0916723207e+01 -1.5332451132e-04 -1.7719330231e-04 -1.9432451132e-04 1.0916600837e+01
256.30290019 1.0918181727e+01 -2.7021507902e-04 -1.4924948924e-04 -2.7521507902e-04 1.0918210020e+01 -1.5340053090e-04 -1.7724948924e-04 -1.9440053090e-04 1.0918087599e+01
256.71562628 1.0919672101e+01 -2.7031879697e-04 -1.4930580500e-04 -2.7531879697e-04 1.0919700405e+01 -1.5347673918e-04 -1.7730580500e-04 -1.9447673918e-04 1.0919577934e+01
257.12835237 1.0921166055e+01 -2.7042276124e-04 -1.4936224980e-04 -2.7542276124e-04 1.0921194370e+01 -1.5355313656e-04 -1.7736224980e-04 -1.9455313656e-04 1.0921071848e+01
257.54107845 1.0922663596e+01 -2.7052697231e-04 -1.4941882388e-04 -2.7552697231e-04 1.0922691922e+01 -1.5362972345e-04 -1.7741882388e-04 -1.9462972345e-04 1.0922569348e+01
257.95380454 1.0924164730e+01 -2.7063143066e-04 -1.4947552745e-04 -2.7563143066e-04 1.0924193068e+01 -1.5370650027e-04 -1.7747552745e-04 -1.9470650027e-04 1.0924070443e+01
258.36653063 1.0925669465e+01 -2.7073613676e-04 -1.4953236075e-04 -2.7573613676e-04 1.0925697815e+01 -1.5378346741e-04 -1.7753236075e-04 -1.9478346741e-04 1.0925575138e+01
258.77925671 1.0927177809e+01 -2.7084109110e-04 -1.4958932400e-04 -2.7584109110e-04 1.0927206170e+01 -1.5386062530e-04 -1.7758932400e-04 -1.9486062530e-04 1.0927083442e+01
259.19198280 1.0928689768e+01 -2.7094629415e-04 -1.4964641742e-04 -2.7594629415e-04 1.0928718140e+01 -1.5393797434e-04 -1.7764641742e-04 -1.9493797434e-04 1.0928595360e+01
259.60470889 1.0930205349e+01 -2.7105174640e-04 -1.4970364124e-04 -2.7605174640e-04 1.0930233733e+01 -1.5401551495e-04 -1.7770364124e-04 -1.9501551495e-04 1.0930110902e+01
260.01743498 1.0931724561e+01 -2.7115744833e-04 -1.4976099570e-04 -2.7615744833e-04 1.0931752956e+01 -1.5409324755e-04 -1.7776099570e-04 -1.9509324755e-04 1.0931630073e+01
260.43016106 1.0933247409e+01 -2.7126340043e-04 -1.4981848101e-04 -2.7626340043e-04 1.0933275816e+01 -1.5417117255e-04 -1.7781848101e-04 -1.9517117255e-04 1.0933152881e+01
260.84288715 1.0934773902e+01 -2.7136960318e-04 -1.4987609742e-04 -2.7636960318e-04 1.0934802321e+01 -1.5424929037e-04 -1.7787609742e-04 -1.9524929037e-04 1.0934679333e+01
261.25561324 1.0936304047e+01 -2.7147605708e-04 -1.4993384514e-04 -2.7647605708e-04 1.0936332477e+01 -1.5432760144e-04 -1.7793384514e-04 -1.9532760144e-04 1.0936209437e+01
261.66833933 1.0937837851e+01 -2.7158276262e-04 -1.4999172441e-04 -2.7658276262e-04 1.0937866293e+01 -1.5440610617e-04 -1.7799172441e-04 -1.9540610617e-04 1.0937743200e+01
262.08106541 1.0939375322e+01 -2.7168972029e-04 -1.5004973547e-04 -2.7668972029e-04 1.0939403775e+01 -1.5448480499e-04 -1.7804973547e-04 -1.9548480499e-04 1.0939280630e+01
262.49379150 1.0940916466e+01 -2.7179693058e-04 -1.5010787854e-04 -2.7679693058e-04 1.0940944931e+01 -1.5456369833e-04 -1.7810787854e-04 -1.9556369833e-04 1.0940821733e+01
262.90651759 1.0942461292e+01 -2.7190439399e-04 -1.5016615386e-04 -2.7690439399e-04 1.0942489769e+01 -1.5464278662e-04 -1.7816615386e-04 -1.9564278662e-04 1.0942366518e+01
263.31924367 1.0944009807e+01 -2.7201211102e-04 -1.5022456166e-04 -2.7701211102e-04 1.0944038295e+01 -1.5472207027e-04 -1.7822456166e-04 -1.9572207027e-04 1.0943914992e+01
263.73196976 1.0945562018e+01 -2.7212008217e-04 -1.5028310218e-04 -2.7712008217e-04 1.0945590518e+01 -1.5480154973e-04 -1.7828310218e-04 -1.9580154973e-04 1.0945467161e+01
264.14469585 1.0947117933e+01 -2.7222830794e-04 -1.5034177565e-04 -2.7722830794e-04 1.0947146445e+01 -1.5488122542e-04 -1.7834177565e-04 -1.9588122542e-04 1.0947023035e+01
264.55742194 1.0948677559e+01 -2.7233678883e-04 -1.5040058231e-04 -2.7733678883e-04 1.0948706083e+01 -1.5496109778e-04 -1.7840058231e-04 -1.9596109778e-04 1.0948582620e+01
264.97014802 1.0950240904e+01 -2.7244552535e-04 -1.5045952239e-04 -2.7744552535e-04 1.0950269440e+01 -1.5504116724e-04 -1.7845952239e-04 -1.9604116724e-04 1.0950145924e+01
265.38287411 1.0951807976e+01 -2.7255451800e-04 -1.5051859615e-04 -2.7755451800e-04 1.0951836524e+01 -1.5512143424e-04 -1.7851859615e-04 -1.9612143424e-04 1.0951712954e+01
265.79560020 1.0953378783e+01 -2.7266376730e-04 -1.5057780380e-04 -2.7766376730e-04 1.0953407342e+01 -1.5520189921e-04 -1.7857780380e-04 -1.9620189921e-04 1.0953283718e+01
266.20832629 1.0954953331e+01 -2.7277327375e-04 -1.5063714559e-04 -2.7777327375e-04 1.0954981902e+01 -1.5528256261e-04 -1.7863714559e-04 -1.9628256261e-04 1.0954858224e+01
266.62105237 1.0956531628e+01 -2.7288303787e-04 -1.5069662177e-04 -2.7788303787e-04 1.0956560212e+01 -1.5536342486e-04 -1.7869662177e-04 -1.9636342486e-04 1.0956436480e+01
267.03377846 1.0958113683e+01 -2.7299306016e-04 -1.5075623257e-04 -2.7799306016e-04 1.0958142279e+01 -1.5544448642e-04 -1.7875623257e-04 -1.9644448642e-04 1.0958018493e+01
267.44650455 1.0959699503e+01 -2.7310334115e-04 -1.5081597824e-04 -2.7810334115e-04 1.0959728110e+01 -1.5552574772e-04 -1.7881597824e-04 -1.9652574772e-04 1.0959604270e+01
267.85923063 1.0961289096e+01 -2.7321388136e-04 -1.5087585901e-04 -2.7821388136e-04 1.0961317715e+01 -1.5560720922e-04 -1.7887585901e-04 -1.9660720922e-04 1.0961193820e+01
268.27195672 1.0962882469e+01 -2.7332468129e-04 -1.5093587513e-04 -2.7832468129e-04 1.0962911100e+01 -1.5568887135e-04 -1.7893587513e-04 -1.9668887135e-04 1.0962787151e+01
268.68468281 1.0964479630e+01 -2.7343574148e-04 -1.5099602685e-04 -2.7843574148e-04 1.0964508274e+01 -1.5577073458e-04 -1.7899602685e-04 -1.9677073458e-04 1.0964384270e+01
269.09740890 1.0966080588e+01 -2.7354706244e-04 -1.5105631441e-04 -2.7854706244e-04 1.0966109244e+01 -1.5585279936e-04 -1.7905631441e-04 -1.9685279936e-04 1.0965985185e+01
269.51013498 1.0967685350e+01 -2.7365864470e-04 -1.5111673805e-04 -2.7865864470e-04 1.0967714018e+01 -1.5593506613e-04 -1.7911673805e-04 -1.9693506613e-04 1.0967589904e+01
269.92286107 1.0969293923e+01 -2.7377048879e-04 -1.5117729802e-04 -2.7877048879e-04 1.0969322604e+01 -1.5601753535e-04 -1.7917729802e-04 -1.9701753535e-04 1.0969198435e+01
270.33558716 1.0970906317e+01 -2.7388259523e-04 -1.5123799457e-04 -2.7888259523e-04 1.0970935010e+01 -1.5610020747e-04 -1.7923799457e-04 -1.9710020747e-04 1.0970810786e+01
270.74831325 1.0972522539e+01 -2.7399496456e-04 -1.5129882795e-04 -2.7899496456e-04 1.0972551243e+01 -1.5618308297e-04 -1.7929882795e-04 -1.9718308297e-04 1.0972426964e+01
271.16103933 1.0974142596e+01 -2.7410759730e-04 -1.5135979841e-04 -2.7910759730e-04 1.0974171313e+01 -1.5626616229e-04 -1.7935979841e-04 -1.9726616229e-04 1.0974046978e+01
271.57376542 1.0975766497e+01 -2.7422049400e-04 -1.5142090618e-04 -2.7922049400e-04 1.0975795227e+01 -1.5634944590e-04 -1.7942090618e-04 -1.9734944590e-04 1.0975670836e+01
271.98649151 1.0977394250e+01 -2.7433365518e-04 -1.5148215154e-04 -2.7933365518e-04 1.0977422992e+01 -1.5643293426e-04 -1.7948215154e-04 -1.9743293426e-04 1.0977298546e+01
272.39921759 1.0979025863e+01 -2.7444708138e-04 -1.5154353472e-04 -2.7944708138e-04 1.0979054618e+01 -1.5651662783e-04 -1.7954353472e-04 -1.9751662783e-04 1.0978930116e+01
272.81194368 1.0980661345e+01 -2.7456077314e-04 -1.5160505598e-04 -2.7956077314e-04 1.0980690111e+01 -1.5660052709e-04 -1.7960505598e-04 -1.9760052709e-04 1.0980565553e+01
273.22466977 1.0982300702e+01 -2.7467473101e-04 -1.5166671557e-04 -2.7967473101e-04 1.0982329481e+01 -1.5668463250e-04 -1.7966671557e-04 -1.9768463250e-04 1.0982204867e+01
273.63739586 1.0983943944e+01 -2.7478895553e-04 -1.5172851374e-04 -2.7978895553e-04 1.0983972735e+01 -1.5676894454e-04 -1.7972851374e-04 -1.9776894454e-04 1.0983848065e+01
274.05012194 1.0985591078e+01 -2.7490344724e-04 -1.5179045076e-04 -2.7990344724e-04 1.0985619882e+01 -1.5685346366e-04 -1.7979045076e-04 -1.9785346366e-04 1.0985495155e+01
274.46284803 1.0987242113e+01 -2.7501820669e-04 -1.5185252687e-04 -2.8001820669e-04 1.0987270929e+01 -1.5693819036e-04 -1.7985252687e-04 -1.9793819036e-04 1.0987146146e+01
274.87557412 1.0988897057e+01 -2.7513323443e-04 -1.5191474233e-04 -2.8013323443e-04 1.0988925886e+01 -1.5702312510e-04 -1.7991474233e-04 -1.9802312510e-04 1.0988801046e+01
275.28830021 1.0990555918e+01 -2.7524853100e-04 -1.5197709739e-04 -2.8024853100e-04 1.0990584760e+01 -1.5710826836e-04 -1.7997709739e-04 -1.9810826836e-04 1.0990459863e+01
275.70102629 1.0992218705e+01 -2.7536409697e-04 -1.5203959233e-04 -2.8036409697e-04 1.0992247559e+01 -1.5719362062e-04 -1.8003959233e-04 -1.9819362062e-04 1.0992122606e+01
276.11375238 1.0993885426e+01 -2.7547993288e-04 -1.5210222738e-04 -2.8047993288e-04 1.0993914293e+01 -1.5727918237e-04 -1.8010222738e-04 -1.9827918237e-04 1.0993789282e+01
276.52647847 1.0995556089e+01 -2.7559603930e-04 -1.5216500282e-04 -2.8059603930e-04 1.0995584968e+01 -1.5736495408e-04 -1.8016500282e-04 -1.9836495408e-04 1.0995459900e+01
276.93920455 1.0997230703e+01 -2.7571241678e-04 -1.5222791891e-04 -2.8071241678e-04 1.0997259595e+01 -1.5745093623e-04 -1.8022791891e-04 -1.9845093623e-04 1.0997134469e+01
277.35193064 1.0998909275e+01 -2.7582906588e-04 -1.5229097590e-04 -2.8082906588e-04 1.0998938180e+01 -1.5753712933e-04 -1.8029097590e-04 -1.9853712933e-04 1.0998812997e+01
277.76465673 1.1000591816e+01 -2.7594598717e-04 -1.5235417405e-04 -2.8094598717e-04 1.1000620733e+01 -1.5762353385e-04 -1.8035417405e-04 -1.9862353385e-04 1.1000495493e+01
278.17738282 1.1002278332e+01 -2.7606318120e-04 -1.5241751364e-04 -2.8106318120e-04 1.1002307262e+01 -1.5771015028e-04 -1.8041751364e-04 -1.9871015028e-04 1.1002181964e+01
278.59010890 1.1003968833e+01 -2.7618064855e-04 -1.5248099492e-04 -2.8118064855e-04 1.1003997776e+01 -1.5779697912e-04 -1.8048099492e-04 -1.9879697912e-04 1.1003872420e+01
279.00283499 1.1005663327e+01 -2.7629838978e-04 -1.5254461815e-04 -2.8129838978e-04 1.1005692283e+01 -1.5788402086e-04 -1.8054461815e-04 -1.9888402086e-04 1.1005566869e+01
279.41556108 1.1007361822e+01 -2.7641640547e-04 -1.5260838361e-04 -2.8141640547e-04 1.1007390791e+01 -1.5797127599e-04 -1.8060838361e-04 -1.9897127599e-04 1.1007265319e+01
279.82828717 1.1009064328e+01 -2.7653469618e-04 -1.5267229156e-04 -2.8153469618e-04 1.1009093310e+01 -1.5805874502e-04 -1.8067229156e-04 -1.9905874502e-04 1.1008967779e+01
280.24101325 1.1010770853e+01 -2.7665326249e-04 -1.5273634226e-04 -2.8165326249e-04 1.1010799848e+01 -1.5814642845e-04 -1.8073634226e-04 -1.9914642845e-04 1.1010674259e+01
280.65373934 1.1012481405e+01 -2.7677210498e-04 -1.5280053599e-04 -2.8177210498e-04 1.1012510413e+01 -1.5823432676e-04 -1.8080053599e-04 -1.9923432676e-04 1.1012384765e+01
281.06646543 1.1014195994e+01 -2.7689122423e-04 -1.5286487301e-04 -2.8189122423e-04 1.1014225015e+01 -1.5832244048e-04 -1.8086487301e-04 -1.9932244048e-04 1.1014099308e+01
281.47919151 1.1015914627e+01 -2.7701062081e-04 -1.5292935359e-04 -2.8201062081e-04 1.1015943661e+01 -1.5841077009e-04 -1.8092935359e-04 -1.9941077009e-04 1.1015817896e+01
281.89191760 1.1017637315e+01 -2.7713029532e-04 -1.5299397801e-04 -2.8213029532e-04 1.1017666362e+01 -1.5849931612e-04 -1.8099397801e-04 -1.9949931612e-04 1.1017540537e+01
282.30464369 1.1019364065e+01 -2.7725024832e-04 -1.5305874653e-04 -2.8225024832e-04 1.1019393125e+01 -1.5858807907e-04 -1.8105874653e-04 -1.9958807907e-04 1.1019267241e+01
282.71736978 1.1021094886e+01 -2.7737048041e-04 -1.5312365942e-04 -2.8237048041e-04 1.1021123959e+01 -1.5867705944e-04 -1.8112365942e-04 -1.9967705944e-04 1.1020998016e+01
283.13009586 1.1022829787e+01 -2.7749099219e-04 -1.5318871697e-04 -2.8249099219e-04 1.1022858873e+01 -1.5876625776e-04 -1.8118871697e-04 -1.9976625776e-04 1.1022732871e+01
283.54282195 1.1024568778e+01 -2.7761178423e-04 -1.5325391944e-04 -2.8261178423e-04 1.1024597877e+01 -1.5885567454e-04 -1.8125391944e-04 -1.9985567454e-04 1.1024471815e+01
283.95554804 1.1026311866e+01 -2.7773285714e-04 -1.5331926711e-04 -2.8273285714e-04 1.1026340979e+01 -1.5894531028e-04 -1.8131926711e-04 -1.9994531028e-04 1.1026214857e+01
284.36827413 1.1028059062e+01 -2.7785421150e-04 -1.5338476025e-04 -2.8285421150e-04 1.1028088187e+01 -1.5903516553e-04 -1.8138476025e-04 -2.0003516553e-04 1.1027962005e+01
284.78100021 1.1029810373e+01 -2.7797584791e-04 -1.5345039915e-04 -2.8297584791e-04 1.1029839512e+01 -1.5912524078e-04 -1.8145039915e-04 -2.0012524078e-04 1.1029713270e+01
285.19372630 1.1031565809e+01 -2.7809776698e-04 -1.5351618407e-04 -2.8309776698e-04 1.1031594962e+01 -1.5921553657e-04 -1.8151618407e-04 -2.0021553657e-04 1.1031468660e+01
285.60645239 1.1033325380e+01 -2.7821996931e-04 -1.5358211530e-04 -2.8321996931e-04 1.1033354546e+01 -1.5930605342e-04 -1.8158211530e-04 -2.0030605342e-04 1.1033228183e+01
286.01917847 1.1035089093e+01 -2.7834245549e-04 -1.5364819312e-04 -2.8334245549e-04 1.1035118273e+01 -1.5939679186e-04 -1.8164819312e-04 -2.0039679186e-04 1.1034991849e+01
286.43190456 1.1036856959e+01 -2.7846522613e-04 -1.5371441780e-04 -2.8346522613e-04 1.1036886152e+01 -1.5948775242e-04 -1.8171441780e-04 -2.0048775242e-04 1.1036759668e+01
286.84463065 1.1038628986e+01 -2.7858828185e-04 -1.5378078964e-04 -2.8358828185e-04 1.1038658192e+01 -1.5957893562e-04 -1.8178078964e-04 -2.0057893562e-04 1.1038531648e+01
287.25735674 1.1040405184e+01 -2.7871162325e-04 -1.5384730890e-04 -2.8371162325e-04 1.1040434403e+01 -1.5967034200e-04 -1.8184730890e-04 -2.0067034200e-04 1.1040307798e+01
287.67008282 1.1042185561e+01 -2.7883525094e-04 -1.5391397588e-04 -2.8383525094e-04 1.1042214794e+01 -1.5976197209e-04 -1.8191397588e-04 -2.0076197209e-04 1.1042088127e+01
288.08280891 1.1043970127e+01 -2.7895916553e-04 -1.5398079085e-04 -2.8395916553e-04 1.1043999374e+01 -1.5985382643e-04 -1.8198079085e-04 -2.0085382643e-04 1.1043872646e+01
288.49553500 1.1045758892e+01 -2.7908336765e-04 -1.5404775411e-04 -2.8408336765e-04 1.1045788152e+01 -1.5994590556e-04 -1.8204775411e-04 -2.0094590556e-04 1.1045661363e+01
288.90826109 1.1047551864e+01 -2.7920785792e-04 -1.5411486593e-04 -2.8420785792e-04 1.1047581138e+01 -1.6003821002e-04 -1.8211486593e-04 -2.0103821002e-04 1.1047454287e+01
289.32098717 1.1049349054e+01 -2.7933263694e-04 -1.5418212661e-04 -2.8433263694e-04 1.1049378341e+01 -1.6013074036e-04 -1.8218212661e-04 -2.0113074036e-04 1.1049251428e+01
289.73371326 1.1051150469e+01 -2.7945770535e-04 -1.5424953644e-04 -2.8445770535e-04 1.1051179770e+01 -1.6022349711e-04 -1.8224953644e-04 -2.0122349711e-04 1.1051052796e+01
290.14643935 1.1052956120e+01 -2.7958306377e-04 -1.5431709569e-04 -2.8458306377e-04 1.1052985435e+01 -1.6031648083e-04 -1.8231709569e-04 -2.0131648083e-04 1.1052858399e+01
290.55916543 1.1054766017e+01 -2.7970871283e-04 -1.5438480466e-04 -2.8470871283e-04 1.1054795345e+01 -1.6040969205e-04 -1.8238480466e-04 -2.0140969205e-04 1.1054668247e+01
290.97189152 1.1056580168e+01 -2.7983465315e-04 -1.5445266365e-04 -2.8483465315e-04 1.1056609510e+01 -1.6050313135e-04 -1.8245266365e-04 -2.0150313135e-04 1.1056482349e+01
291.38461761 1.1058398583e+01 -2.7996088538e-04 -1.5452067294e-04 -2.8496088538e-04 1.1058427939e+01 -1.6059679926e-04 -1.8252067294e-04 -2.0159679926e-04 1.1058300716e+01
291.79734370 1.1060221272e+01 -2.8008741014e-04 -1.5458883282e-04 -2.8508741014e-04 1.1060250642e+01 -1.6069069635e-04 -1.8258883282e-04 -2.0169069635e-04 1.1060123356e+01
292.21006978 1.1062048244e+01 -2.8021422806e-04 -1.5465714360e-04 -2.8521422806e-04 1.1062077628e+01 -1.6078482316e-04 -1.8265714360e-04 -2.0178482316e-04 1.1061950280e+01
292.62279587 1.1063879510e+01 -2.8034133980e-04 -1.5472560555e-04 -2.8534133980e-04 1.1063908907e+01 -1.6087918027e-04 -1.8272560555e-04 -2.0187918027e-04 1.1063781496e+01
293.03552196 1.1065715077e+01 -2.8046874598e-04 -1.5479421898e-04 -2.8546874598e-04 1.1065744489e+01 -1.6097376823e-04 -1.8279421898e-04 -2.0197376823e-04 1.1065617015e+01
293.44824805 1.1067554958e+01 -2.8059644725e-04 -1.5486298419e-04 -2.8559644725e-04 1.1067584383e+01 -1.6106858760e-04 -1.8286298419e-04 -2.0206858760e-04 1.1067456845e+01
293.86097413 1.1069399160e+01 -2.8072444427e-04 -1.5493190147e-04 -2.8572444427e-04 1.1069428599e+01 -1.6116363896e-04 -1.8293190147e-04 -2.0216363896e-04 1.1069300998e+01
294.27370022 1.1071247694e+01 -2.8085273766e-04 -1.5500097112e-04 -2.8585273766e-04 1.1071277147e+01 -1.6125892287e-04 -1.8300097112e-04 -2.0225892287e-04 1.1071149483e+01
294.68642631 1.1073100569e+01 -2.8098132810e-04 -1.5507019343e-04 -2.8598132810e-04 1.1073130037e+01 -1.6135443990e-04 -1.8307019343e-04 -2.0235443990e-04 1.1073002309e+01
295.09915239 1.1074957796e+01 -2.8111021621e-04 -1.5513956872e-04 -2.8611021621e-04 1.1074987278e+01 -1.6145019062e-04 -1.8313956872e-04 -2.0245019062e-04 1.1074859486e+01
295.51187848 1.1076819384e+01 -2.8123940268e-04 -1.5520909727e-04 -2.8623940268e-04 1.1076848880e+01 -1.6154617561e-04 -1.8320909727e-04 -2.0254617561e-04 1.1076721024e+01
295.92460457 1.1078685344e+01 -2.8136888813e-04 -1.5527877940e-04 -2.8636888813e-04 1.1078714854e+01 -1.6164239545e-04 -1.8327877940e-04 -2.0264239545e-04 1.1078586934e+01
296.33733066 1.1080555684e+01 -2.8149867325e-04 -1.5534861540e-04 -2.8649867325e-04 1.1080585208e+01 -1.6173885072e-04 -1.8334861540e-04 -2.0273885072e-04 1.1080457224e+01
296.75005674 1.1082430416e+01 -2.8162875869e-04 -1.5541860558e-04 -2.8662875869e-04 1.1082459954e+01 -1.6183554199e-04 -1.8341860558e-04 -2.0283554199e-04 1.1082331906e+01
297.16278283 1.1084309549e+01 -2.8175914511e-04 -1.5548875025e-04 -2.8675914511e-04 1.1084339101e+01 -1.6193246985e-04 -1.8348875025e-04 -2.0293246985e-04 1.1084210988e+01
297.57550892 1.1086193093e+01 -2.8188983318e-04 -1.5555904970e-04 -2.8688983318e-04 1.1086222660e+01 -1.6202963489e-04 -1.8355904970e-04 -2.0302963489e-04 1.1086094482e+01
297.98823501 1.1088081058e+01 -2.8202082357e-04 -1.5562950426e-04 -2.8702082357e-04 1.1088110639e+01 -1.6212703769e-04 -1.8362950426e-04 -2.0312703769e-04 1.1087982396e+01
298.40096109 1.1089973454e+01 -2.8215211696e-04 -1.5570011421e-04 -2.8715211696e-04 1.1090003050e+01 -1.6222467885e-04 -1.8370011421e-04 -2.0322467885e-04 1.1089874742e+01
298.81368718 1.1091870293e+01 -2.8228371400e-04 -1.5577087989e-04 -2.8728371400e-04 1.1091899903e+01 -1.6232255896e-04 -1.8377087989e-04 -2.0332255896e-04 1.1091771530e+01
299.22641327 1.1093771582e+01 -2.8241561539e-04 -1.5584180158e-04 -2.8741561539e-04 1.1093801207e+01 -1.6242067861e-04 -1.8384180158e-04 -2.0342067861e-04 1.1093672769e+01
299.63913935 1.1095677334e+01 -2.8254782179e-04 -1.5591287961e-04 -2.8754782179e-04 1.1095706973e+01 -1.6251903840e-04 -1.8391287961e-04 -2.0351903840e-04 1.1095578469e+01
300.05186544 1.1097587559e+01 -2.8268033389e-04 -1.5598411429e-04 -2.8768033389e-04 1.1097617212e+01 -1.6261763894e-04 -1.8398411429e-04 -2.0361763894e-04 1.1097488642e+01
300.46459153 1.1099502265e+01 -2.8281315238e-04 -1.5605550593e-04 -2.8781315238e-04 1.1099531933e+01 -1.6271648081e-04 -1.8405550593e-04 -2.0371648081e-04 1.1099403298e+01
300.87731762 1.1101421465e+01 -2.8294627793e-04 -1.5612705484e-04 -2.8794627793e-04 1.1101451147e+01 -1.6281556464e-04 -1.8412705484e-04 -2.0381556464e-04 1.1101322446e+01
301.29004370 1.1103345168e+01 -2.8307971124e-04 -1.5619876135e-04 -2.8807971124e-04 1.1103374865e+01 -1.6291489102e-04 -1.8419876135e-04 -2.0391489102e-04 1.1103246098e+01
301.70276979 1.1105273385e+01 -2.8321345300e-04 -1.5627062576e-04 -2.8821345300e-04 1.1105303096e+01 -1.6301446056e-04 -1.8427062576e-04 -2.0401446056e-04 1.1105174263e+01
302.11549588 1.1107206126e+01 -2.8334750390e-04 -1.5634264839e-04 -2.8834750390e-04 1.1107235852e+01 -1.6311427388e-04 -1.8434264839e-04 -2.0411427388e-04 1.1107106952e+01
302.52822197 1.1109143401e+01 -2.8348186464e-04 -1.5641482956e-04 -2.8848186464e-04 1.1109173142e+01 -1.6321433158e-04 -1.8441482956e-04 -2.0421433158e-04 1.1109044175e+01
302.94094805 1.1111085222e+01 -2.8361653591e-04 -1.5648716960e-04 -2.8861653591e-04 1.1111114978e+01 -1.6331463429e-04 -1.8448716960e-04 -2.0431463429e-04 1.1110985944e+01
303.35367414 1.1113031599e+01 -2.8375151841e-04 -1.5655966881e-04 -2.8875151841e-04 1.1113061370e+01 -1.6341518263e-04 -1.8455966881e-04 -2.0441518263e-04 1.1112932269e+01
303.76640023 1.1114982542e+01 -2.8388681286e-04 -1.5663232753e-04 -2.8888681286e-04 1.1115012328e+01 -1.6351597721e-04 -1.8463232753e-04 -2.0451597721e-04 1.1114883160e+01
304.17912631 1.1116938063e+01 -2.8402241995e-04 -1.5670514607e-04 -2.8902241995e-04 1.1116967863e+01 -1.6361701866e-04 -1.8470514607e-04 -2.0461701866e-04 1.1116838628e+01
304.59185240 1.1118898171e+01 -2.8415834039e-04 -1.5677812477e-04 -2.8915834039e-04 1.1118927986e+01 -1.6371830760e-04 -1.8477812477e-04 -2.0471830760e-04 1.1118798683e+01
305.00457849 1.1120862877e+01 -2.8429457490e-04 -1.5685126393e-04 -2.8929457490e-04 1.1120892707e+01 -1.6381984467e-04 -1.8485126393e-04 -2.0481984467e-04 1.1120763337e+01
305.41730458 1.1122832193e+01 -2.8443112418e-04 -1.5692456390e-04 -2.8943112418e-04 1.1122862038e+01 -1.6392163049e-04 -1.8492456390e-04 -2.0492163049e-04 1.1122732601e+01
305.83003066 1.1124806130e+01 -2.8456798896e-04 -1.5699802499e-04 -2.8956798896e-04 1.1124835990e+01 -1.6402366570e-04 -1.8499802499e-04 -2.0502366570e-04 1.1124706484e+01
306.24275675 1.1126784697e+01 -2.8470516995e-04 -1.5707164753e-04 -2.8970516995e-04 1.1126814572e+01 -1.6412595093e-04 -1.8507164753e-04 -2.0512595093e-04 1.1126684998e+01
306.65548284 1.1128767906e+01 -2.8484266787e-04 -1.5714543185e-04 -2.8984266787e-04 1.1128797796e+01 -1.6422848683e-04 -1.8514543185e-04 -2.0522848683e-04 1.1128668154e+01
307.06820892 1.1130755768e+01 -2.8498048345e-04 -1.5721937829e-04 -2.8998048345e-04 1.1130785673e+01 -1.6433127402e-04 -1.8521937829e-04 -2.0533127402e-04 1.1130655962e+01
307.48093501 1.1132748294e+01 -2.8511861741e-04 -1.5729348717e-04 -2.9011861741e-04 1.1132778214e+01 -1.6443431316e-04 -1.8529348717e-04 -2.0543431316e-04 1.1132648435e+01
307.89366110 1.1134745494e+01 -2.8525707049e-04 -1.5736775883e-04 -2.9025707049e-04 1.1134775430e+01 -1.6453760489e-04 -1.8536775883e-04 -2.0553760489e-04 1.1134645582e+01
308.30638719 1.1136747381e+01 -2.8539584341e-04 -1.5744219359e-04 -2.9039584341e-04 1.1136777331e+01 -1.6464114987e-04 -1.8544219359e-04 -2.0564114987e-04 1.1136647415e+01
308.71911327 1.1138753964e+01 -2.8553493691e-04 -1.5751679180e-04 -2.9053493691e-04 1.1138783930e+01 -1.6474494873e-04 -1.8551679180e-04 -2.0574494873e-04 1.1138653944e+01
309.13183936 1.1140765256e+01 -2.8567435173e-04 -1.5759155379e-04 -2.9067435173e-04 1.1140795237e+01 -1.6484900213e-04 -1.8559155379e-04 -2.0584900213e-04 1.1140665182e+01
309.54456545 1.1142781267e+01 -2.8581408860e-04 -1.5766647989e-04 -2.9081408860e-04 1.1142811264e+01 -1.6495331074e-04 -1.8566647989e-04 -2.0595331074e-04 1.1142681139e+01
309.95729154 1.1144802009e+01 -2.8595414827e-04 -1.5774157044e-04 -2.9095414827e-04 1.1144832020e+01 -1.6505787521e-04 -1.8574157044e-04 -2.0605787521e-04 1.1144701826e+01
310.37001762 1.1146827492e+01 -2.8609453149e-04 -1.5781682579e-04 -2.9109453149e-04 1.1146857519e+01 -1.6516269619e-04 -1.8581682579e-04 -2.0616269619e-04 1.1146727255e+01
310.78274371 1.1148857729e+01 -2.8623523900e-04 -1.5789224626e-04 -2.9123523900e-04 1.1148887771e+01 -1.6526777436e-04 -1.8589224626e-04 -2.0626777436e-04 1.1148757438e+01
311.19546980 1.1150892730e+01 -2.8637627155e-04 -1.5796783221e-04 -2.9137627155e-04 1.1150922788e+01 -1.6537311038e-04 -1.8596783221e-04 -2.0637311038e-04 1.1150792384e+01
311.60819588 1.1152932507e+01 -2.8651762989e-04 -1.5804358398e-04 -2.9151762989e-04 1.1152962580e+01 -1.6547870492e-04 -1.8604358398e-04 -2.0647870492e-04 1.1152832106e+01
312.02092197 1.1154977071e+01 -2.8665931479e-04 -1.5811950190e-04 -2.9165931479e-04 1.1155007160e+01 -1.6558455865e-04 -1.8611950190e-04 -2.0658455865e-04 1.1154876616e+01
312.43364806 1.1157026434e+01 -2.8680132700e-04 -1.5819558632e-04 -2.9180132700e-04 1.1157056539e+01 -1.6569067225e-04 -1.8619558632e-04 -2.0669067225e-04 1.1156925924e+01
312.84637415 1.1159080608e+01 -2.8694366728e-04 -1.5827183759e-04 -2.9194366728e-04 1.1159110728e+01 -1.6579704638e-04 -1.8627183759e-04 -2.0679704638e-04 1.1158980042e+01
313.25910023 1.1161139603e+01 -2.8708633640e-04 -1.5834825606e-04 -2.9208633640e-04 1.1161169739e+01 -1.6590368174e-04 -1.8634825606e-04 -2.0690368174e-04 1.1161038982e+01
313.67182632 1.1163203432e+01 -2.8722933512e-04 -1.5842484207e-04 -2.9222933512e-04 1.1163233584e+01 -1.6601057901e-04 -1.8642484207e-04 -2.0701057901e-04 1.1163102756e+01
314.08455241 1.1165272106e+01 -2.8737266422e-04 -1.5850159597e-04 -2.9237266422e-04 1.1165302273e+01 -1.6611773886e-04 -1.8650159597e-04 -2.0711773886e-04 1.1165171374e+01
314.49727850 1.1167345637e+01 -2.8751632446e-04 -1.5857851811e-04 -2.9251632446e-04 1.1167375820e+01 -1.6622516200e-04 -1.8657851811e-04 -2.0722516200e-04 1.1167244849e+01
314.91000458 1.1169424037e+01 -2.8766031662e-04 -1.5865560884e-04 -2.9266031662e-04 1.1169454235e+01 -1.6633284910e-04 -1.8665560884e-04 -2.0733284910e-04 1.1169323193e+01
315.32273067 1.1171507317e+01 -2.8780464149e-04 -1.5873286852e-04 -2.9280464149e-04 1.1171537531e+01 -1.6644080086e-04 -1.8673286852e-04 -2.0744080086e-04 1.1171406417e+01
315.73545676 1.1173595489e+01 -2.8794929984e-04 -1.5881029750e-04 -2.9294929984e-04 1.1173625719e+01 -1.6654901798e-04 -1.8681029750e-04 -2.0754901798e-04 1.1173494533e+01
316.14818284 1.1175688565e+01 -2.8809429246e-04 -1.5888789614e-04 -2.9309429246e-04 1.1175718811e+01 -1.6665750116e-04 -1.8688789614e-04 -2.0765750116e-04 1.1175587553e+01
316.56090893 1.1177786558e+01 -2.8823962013e-04 -1.5896566478e-04 -2.9323962013e-04 1.1177816820e+01 -1.6676625109e-04 -1.8696566478e-04 -2.0776625109e-04 1.1177685489e+01
316.97363502 1.1179889478e+01 -2.8838528364e-04 -1.5904360379e-04 -2.9338528364e-04 1.1179919756e+01 -1.6687526849e-04 -1.8704360379e-04 -2.0787526849e-04 1.1179788353e+01
317.38636111 1.1181997338e+01 -2.8853128380e-04 -1.5912171352e-04 -2.9353128380e-04 1.1182027632e+01 -1.6698455406e-04 -1.8712171352e-04 -2.0798455406e-04 1.1181896156e+01
317.79908719 1.1184110150e+01 -2.8867762138e-04 -1.5919999434e-04 -2.9367762138e-04 1.1184140461e+01 -1.6709410850e-04 -1.8719999434e-04 -2.0809410850e-04 1.1184008912e+01
318.21181328 1.1186227927e+01 -2.8882429720e-04 -1.5927844661e-04 -2.9382429720e-04 1.1186258253e+01 -1.6720393254e-04 -1.8727844661e-04 -2.0820393254e-04 1.1186126631e+01
318.62453937 1.1188350680e+01 -2.8897131205e-04 -1.5935707068e-04 -2.9397131205e-04 1.1188381022e+01 -1.6731402689e-04 -1.8735707068e-04 -2.0831402689e-04 1.1188249327e+01
319.03726546 1.1190478421e+01 -2.8911866674e-04 -1.5943586693e-04 -2.9411866674e-04 1.1190508779e+01 -1.6742439227e-04 -1.8743586693e-04 -2.0842439227e-04 1.1190377011e+01
319.44999154 1.1192611163e+01 -2.8926636207e-04 -1.5951483570e-04 -2.9426636207e-04 1.1192641537e+01 -1.6753502939e-04 -1.8751483570e-04 -2.0853502939e-04 1.1192509696e+01
319.86271763 1.1194748918e+01 -2.8941439886e-04 -1.5959397738e-04 -2.9441439886e-04 1.1194779309e+01 -1.6764593899e-04 -1.8759397738e-04 -2.0864593899e-04 1.1194647393e+01
320.27544372 1.1196891698e+01 -2.8956277792e-04 -1.5967329233e-04 -2.9456277792e-04 1.1196922105e+01 -1.6775712178e-04 -1.8767329233e-04 -2.0875712178e-04 1.1196790116e+01
320.68816980 1.1199039516e+01 -2.8971150007e-04 -1.5975278092e-04 -2.9471150007e-04 1.1199069939e+01 -1.6786857851e-04 -1.8775278092e-04 -2.0886857851e-04 1.1198937876e+01
321.10089589 1.1201192384e+01 -2.8986056612e-04 -1.5983244350e-04 -2.9486056612e-04 1.1201222824e+01 -1.6798030990e-04 -1.8783244350e-04 -2.0898030990e-04 1.1201090686e+01
321.51362198 1.1203350315e+01 -2.9000997691e-04 -1.5991228047e-04 -2.9500997691e-04 1.1203380771e+01 -1.6809231669e-04 -1.8791228047e-04 -2.0909231669e-04 1.1203248559e+01
321.92634807 1.1205513321e+01 -2.9015973324e-04 -1.5999229218e-04 -2.9515973324e-04 1.1205543793e+01 -1.6820459962e-04 -1.8799229218e-04 -2.0920459962e-04 1.1205411506e+01
322.33907415 1.1207681414e+01 -2.9030983596e-04 -1.6007247901e-04 -2.9530983596e-04 1.1207711903e+01 -1.6831715943e-04 -1.8807247901e-04 -2.0931715943e-04 1.1207579541e+01
322.75180024 1.1209854608e+01 -2.9046028590e-04 -1.6015284134e-04 -2.9546028590e-04 1.1209885113e+01 -1.6842999687e-04 -1.8815284134e-04 -2.0942999687e-04 1.1209752677e+01
323.16452633 1.1212032915e+01 -2.9061108389e-04 -1.6023337953e-04 -2.9561108389e-04 1.1212063437e+01 -1.6854311267e-04 -1.8823337953e-04 -2.0954311267e-04 1.1211930925e+01
323.57725242 1.1214216347e+01 -2.9076223076e-04 -1.6031409398e-04 -2.9576223076e-04 1.1214246886e+01 -1.6865650761e-04 -1.8831409398e-04 -2.0965650761e-04 1.1214114298e+01
323.98997850 1.1216404918e+01 -2.9091372737e-04 -1.6039498504e-04 -2.9591372737e-04 1.1216435473e+01 -1.6877018242e-04 -1.8839498504e-04 -2.0977018242e-04 1.1216302810e+01
324.40270459 1.1218598640e+01 -2.9106557455e-04 -1.6047605311e-04 -2.9606557455e-04 1.1218629212e+01 -1.6888413786e-04 -1.8847605311e-04 -2.0988413786e-04 1.1218496473e+01
324.81543068 1.1220797526e+01 -2.9121777315e-04 -1.6055729857e-04 -2.9621777315e-04 1.1220828115e+01 -1.6899837471e-04 -1.8855729857e-04 -2.0999837471e-04 1.1220695300e+01
325.22815676 1.1223001589e+01 -2.9137032402e-04 -1.6063872179e-04 -2.9637032402e-04 1.1223032194e+01 -1.6911289371e-04 -1.8863872179e-04 -2.1011289371e-04 1.1222899304e+01
325.64088285 1.1225210842e+01 -2.9152322802e-04 -1.6072032316e-04 -2.9652322802e-04 1.1225241464e+01 -1.6922769563e-04 -1.8872032316e-04 -2.1022769563e-04 1.1225108498e+01
326.05360894 1.1227425298e+01 -2.9167648600e-04 -1.6080210307e-04 -2.9667648600e-04 1.1227455937e+01 -1.6934278126e-04 -1.8880210307e-04 -2.1034278126e-04 1.1227322894e+01
326.46633503 1.1229644970e+01 -2.9183009883e-04 -1.6088406189e-04 -2.9683009883e-04 1.1229675626e+01 -1.6945815134e-04 -1.8888406189e-04 -2.1045815134e-04 1.1229542506e+01
326.87906111 1.1231869871e+01 -2.9198406736e-04 -1.6096620002e-04 -2.9698406736e-04 1.1231900544e+01 -1.6957380668e-04 -1.8896620002e-04 -2.1057380668e-04 1.1231767347e+01
327.29178720 1.1234100015e+01 -2.9213839246e-04 -1.6104851784e-04 -2.9713839246e-04 1.1234130704e+01 -1.6968974803e-04 -1.8904851784e-04 -2.1068974803e-04 1.1233997431e+01
327.70451329 1.1236335414e+01 -2.9229307501e-04 -1.6113101575e-04 -2.9729307501e-04 1.1236366120e+01 -1.6980597618e-04 -1.8913101575e-04 -2.1080597618e-04 1.1236232769e+01
328.11723938 1.1238576081e+01 -2.9244811587e-04 -1.6121369414e-04 -2.9744811587e-04 1.1238606805e+01 -1.6992249193e-04 -1.8921369414e-04 -2.1092249193e-04 1.1238473376e+01
328.52996546 1.1240822031e+01 -2.9260351592e-04 -1.6129655339e-04 -2.9760351592e-04 1.1240852771e+01 -1.7003929605e-04 -1.8929655339e-04 -2.1103929605e-04 1.1240719266e+01
328.94269155 1.1243073276e+01 -2.9275927605e-04 -1.6137959390e-04 -2.9775927605e-04 1.1243104033e+01 -1.7015638934e-04 -1.8937959390e-04 -2.1115638934e-04 1.1242970450e+01
329.35541764 1.1245329830e+01 -2.9291539713e-04 -1.6146281606e-04 -2.9791539713e-04 1.1245360604e+01 -1.7027377259e-04 -1.8946281606e-04 -2.1127377259e-04 1.1245226943e+01
329.76814372 1.1247591705e+01 -2.9307188005e-04 -1.6154622028e-04 -2.9807188005e-04 1.1247622497e+01 -1.7039144660e-04 -1.8954622028e-04 -2.1139144660e-04 1.1247488758e+01
330.18086981 1.1249858917e+01 -2.9322872570e-04 -1.6162980695e-04 -2.9822872570e-04 1.1249889726e+01 -1.7050941218e-04 -1.8962980695e-04 -2.1150941218e-04 1.1249755908e+01
330.59359590 1.1252131478e+01 -2.9338593497e-04 -1.6171357646e-04 -2.9838593497e-04 1.1252162305e+01 -1.7062767012e-04 -1.8971357646e-04 -2.1162767012e-04 1.1252028408e+01
331.00632199 1.1254409402e+01 -2.9354350876e-04 -1.6179752922e-04 -2.9854350876e-04 1.1254440246e+01 -1.7074622124e-04 -1.8979752922e-04 -2.1174622124e-04 1.1254306270e+01
331.41904807 1.1256692703e+01 -2.9370144798e-04 -1.6188166564e-04 -2.9870144798e-04 1.1256723564e+01 -1.7086506635e-04 -1.8988166564e-04 -2.1186506635e-04 1.1256589509e+01
331.83177416 1.1258981394e+01 -2.9385975351e-04 -1.6196598610e-04 -2.9885975351e-04 1.1259012272e+01 -1.7098420625e-04 -1.8996598610e-04 -2.1198420625e-04 1.1258878139e+01
332.24450025 1.1261275488e+01 -2.9401842627e-04 -1.6205049102e-04 -2.9901842627e-04 1.1261306384e+01 -1.7110364177e-04 -1.9005049102e-04 -2.1210364177e-04 1.1261172172e+01
332.65722634 1.1263575001e+01 -2.9417746717e-04 -1.6213518081e-04 -2.9917746717e-04 1.1263605915e+01 -1.7122337373e-04 -1.9013518081e-04 -2.1222337373e-04 1.1263471622e+01
333.06995242 1.1265879946e+01 -2.9433687712e-04 -1.6222005586e-04 -2.9933687712e-04 1.1265910877e+01 -1.7134340296e-04 -1.9022005586e-04 -2.1234340296e-04 1.1265776505e+01
333.48267851 1.1268190336e+01 -2.9449665704e-04 -1.6230511659e-04 -2.9949665704e-04 1.1268221285e+01 -1.7146373028e-04 -1.9030511659e-04 -2.1246373028e-04 1.1268086833e+01
333.89540460 1.1270506186e+01 -2.9465680785e-04 -1.6239036341e-04 -2.9965680785e-04 1.1270537152e+01 -1.7158435652e-04 -1.9039036341e-04 -2.1258435652e-04 1.1270402620e+01
334.30813068 1.1272827510e+01 -2.9481733047e-04 -1.6247579672e-04 -2.9981733047e-04 1.1272858494e+01 -1.7170528251e-04 -1.9047579672e-04 -2.1270528251e-04 1.1272723882e+01
334.72085677 1.1275154322e+01 -2.9497822583e-04 -1.6256141695e-04 -2.9997822583e-04 1.1275185323e+01 -1.7182650911e-04 -1.9056141695e-04 -2.1282650911e-04 1.1275050631e+01
335.13358286 1.1277486636e+01 -2.9513949486e-04 -1.6264722450e-04 -3.0013949486e-04 1.1277517655e+01 -1.7194803714e-04 -1.9064722450e-04 -2.1294803714e-04 1.1277382881e+01
335.54630895 1.1279824465e+01 -2.9530113849e-04 -1.6273321979e-04 -3.0030113849e-04 1.1279855502e+01 -1.7206986745e-04 -1.9073321979e-04 -2.1306986745e-04 1.1279720648e+01
335.95903503 1.1282167826e+01 -2.9546315766e-04 -1.6281940324e-04 -3.0046315766e-04 1.1282198880e+01 -1.7219200089e-04 -1.9081940324e-04 -2.1319200089e-04 1.1282063945e+01
336.37176112 1.1284516731e+01 -2.9562555332e-04 -1.6290577526e-04 -3.0062555332e-04 1.1284547803e+01 -1.7231443832e-04 -1.9090577526e-04 -2.1331443832e-04 1.1284412787e+01
336.78448721 1.1286871195e+01 -2.9578832640e-04 -1.6299233627e-04 -3.0078832640e-04 1.1286902286e+01 -1.7243718059e-04 -1.9099233627e-04 -2.1343718059e-04 1.1286767187e+01
337.19721330 1.1289231233e+01 -2.9595147786e-04 -1.6307908671e-04 -3.0095147786e-04 1.1289262341e+01 -1.7256022855e-04 -1.9107908671e-04 -2.1356022855e-04 1.1289127162e+01
337.60993938 1.1291596859e+01 -2.9611500864e-04 -1.6316602698e-04 -3.0111500864e-04 1.1291627985e+01 -1.7268358308e-04 -1.9116602698e-04 -2.1368358308e-04 1.1291492724e+01
338.02266547 1.1293968088e+01 -2.9627891971e-04 -1.6325315751e-04 -3.0127891971e-04 1.1293999232e+01 -1.7280724503e-04 -1.9125315751e-04 -2.1380724503e-04 1.1293863888e+01
338.43539156 1.1296344933e+01 -2.9644321203e-04 -1.6334047872e-04 -3.0144321203e-04 1.1296376096e+01 -1.7293121527e-04 -1.9134047872e-04 -2.1393121527e-04 1.1296240670e+01
338.84811764 1.1298727411e+01 -2.9660788654e-04 -1.6342799106e-04 -3.0160788654e-04 1.1298758591e+01 -1.7305549469e-04 -1.9142799106e-04 -2.1405549469e-04 1.1298623083e+01
339.26084373 1.1301115535e+01 -2.9677294423e-04 -1.6351569493e-04 -3.0177294423e-04 1.1301146734e+01 -1.7318008416e-04 -1.9151569493e-04 -2.1418008416e-04 1.1301011143e+01
339.67356982 1.1303509321e+01 -2.9693838606e-04 -1.6360359077e-04 -3.0193838606e-04 1.1303540537e+01 -1.7330498455e-04 -1.9160359077e-04 -2.1430498455e-04 1.1303404863e+01
340.08629591 1.1305908782e+01 -2.9710421301e-04 -1.6369167902e-04 -3.0210421301e-04 1.1305940017e+01 -1.7343019675e-04 -1.9169167902e-04 -2.1443019675e-04 1.1305804260e+01
340.49902199 1.1308313935e+01 -2.9727042605e-04 -1.6377996010e-04 -3.0227042605e-04 1.1308345188e+01 -1.7355572166e-04 -1.9177996010e-04 -2.1455572166e-04 1.1308209348e+01
340.91174808 1.1310724794e+01 -2.9743702617e-04 -1.6386843445e-04 -3.0243702617e-04 1.1310756065e+01 -1.7368156015e-04 -1.9186843445e-04 -2.1468156015e-04 1.1310620142e+01
341.32447417 1.1313141374e+01 -2.9760401435e-04 -1.6395710250e-04 -3.0260401435e-04 1.1313172664e+01 -1.7380771314e-04 -1.9195710250e-04 -2.1480771314e-04 1.1313036656e+01
341.73720026 1.1315563690e+01 -2.9777139157e-04 -1.6404596470e-04 -3.0277139157e-04 1.1315594998e+01 -1.7393418151e-04 -1.9204596470e-04 -2.1493418151e-04 1.1315458906e+01
342.14992634 1.1317991757e+01 -2.9793915884e-04 -1.6413502147e-04 -3.0293915884e-04 1.1318023083e+01 -1.7406096617e-04 -1.9213502147e-04 -2.1506096617e-04 1.1317886908e+01
342.56265243 1.1320425590e+01 -2.9810731715e-04 -1.6422427327e-04 -3.0310731715e-04 1.1320456935e+01 -1.7418806803e-04 -1.9222427327e-04 -2.1518806803e-04 1.1320320675e+01
342.97537852 1.1322865205e+01 -2.9827586749e-04 -1.6431372052e-04 -3.0327586749e-04 1.1322896569e+01 -1.7431548799e-04 -1.9231372052e-04 -2.1531548799e-04 1.1322760224e+01
343.38810460 1.1325310617e+01 -2.9844481088e-04 -1.6440336368e-04 -3.0344481088e-04 1.1325341999e+01 -1.7444322698e-04 -1.9240336368e-04 -2.1544322698e-04 1.1325205570e+01
343.80083069 1.1327761841e+01 -2.9861414832e-04 -1.6449320319e-04 -3.0361414832e-04 1.1327793242e+01 -1.7457128591e-04 -1.9249320319e-04 -2.1557128591e-04 1.1327656728e+01
344.21355678 1.1330218893e+01 -2.9878388082e-04 -1.6458323949e-04 -3.0378388082e-04 1.1330250312e+01 -1.7469966569e-04 -1.9258323949e-04 -2.1569966569e-04 1.1330113713e+01
344.62628287 1.1332681788e+01 -2.9895400940e-04 -1.6467347304e-04 -3.0395400940e-04 1.1332713226e+01 -1.7482836727e-04 -1.9267347304e-04 -2.1582836727e-04 1.1332576542e+01
345.03900895 1.1335150541e+01 -2.9912453508e-04 -1.6476390427e-04 -3.0412453508e-04 1.1335181999e+01 -1.7495739156e-04 -1.9276390427e-04 -2.1595739156e-04 1.1335045229e+01
345.45173504 1.1337625170e+01 -2.9929545888e-04 -1.6485453365e-04 -3.0429545888e-04 1.1337656645e+01 -1.7508673951e-04 -1.9285453365e-04 -2.1608673951e-04 1.1337519790e+01
345.86446113 1.1340105688e+01 -2.9946678183e-04 -1.6494536162e-04 -3.0446678183e-04 1.1340137182e+01 -1.7521641204e-04 -1.9294536162e-04 -2.1621641204e-04 1.1340000240e+01
346.27718722 1.1342592111e+01 -2.9963850497e-04 -1.6503638864e-04 -3.0463850497e-04 1.1342623625e+01 -1.7534641011e-04 -1.9303638864e-04 -2.1634641011e-04 1.1342486597e+01
346.68991330 1.1345084457e+01 -2.9981062931e-04 -1.6512761517e-04 -3.0481062931e-04 1.1345115989e+01 -1.7547673465e-04 -1.9312761517e-04 -2.1647673465e-04 1.1344978875e+01
347.10263939 1.1347582739e+01 -2.9998315592e-04 -1.6521904165e-04 -3.0498315592e-04 1.1347614291e+01 -1.7560738661e-04 -1.9321904165e-04 -2.1660738661e-04 1.1347477090e+01
347.51536548 1.1350086975e+01 -3.0015608582e-04 -1.6531066855e-04 -3.0515608582e-04 1.1350118545e+01 -1.7573836696e-04 -1.9331066855e-04 -2.1673836696e-04 1.1349981258e+01
347.92809156 1.1352597180e+01 -3.0032942007e-04 -1.6540249633e-04 -3.0532942007e-04 1.1352628770e+01 -1.7586967664e-04 -1.9340249633e-04 -2.1686967664e-04 1.1352491395e+01
348.34081765 1.1355113370e+01 -3.0050315972e-04 -1.6549452545e-04 -3.0550315972e-04 1.1355144979e+01 -1.7600131662e-04 -1.9349452545e-04 -2.1700131662e-04 1.1355007517e+01
348.75354374 1.1357635562e+01 -3.0067730583e-04 -1.6558675637e-04 -3.0567730583e-04 1.1357667190e+01 -1.7613328787e-04 -1.9358675637e-04 -2.1713328787e-04 1.1357529641e+01
349.16626983 1.1360163772e+01 -3.0085185945e-04 -1.6567918956e-04 -3.0585185945e-04 1.1360195419e+01 -1.7626559135e-04 -1.9367918956e-04 -2.1726559135e-04 1.1360057781e+01
349.57899591 1.1362698015e+01 -3.0102682165e-04 -1.6577182549e-04 -3.0602682165e-04 1.1362729681e+01 -1.7639822804e-04 -1.9377182549e-04 -2.1739822804e-04 1.1362591956e+01
349.99172200 1.1365238308e+01 -3.0120219349e-04 -1.6586466461e-04 -3.0620219349e-04 1.1365269994e+01 -1.7653119892e-04 -1.9386466461e-04 -2.1753119892e-04 1.1365132180e+01
350.40444809 1.1367784668e+01 -3.0137797605e-04 -1.6595770741e-04 -3.0637797605e-04 1.1367816373e+01 -1.7666450496e-04 -1.9395770741e-04 -2.1766450496e-04 1.1367678471e+01
350.81717418 1.1370337111e+01 -3.0155417041e-04 -1.6605095435e-04 -3.0655417041e-04 1.1370368835e+01 -1.7679814716e-04 -1.9405095435e-04 -2.1779814716e-04 1.1370230845e+01
351.22990026 1.1372895653e+01 -3.0173077764e-04 -1.6614440591e-04 -3.0673077764e-04 1.1372927397e+01 -1.7693212650e-04 -1.9414440591e-04 -2.1793212650e-04 1.1372789318e+01
351.64262635 1.1375460311e+01 -3.0190779884e-04 -1.6623806255e-04 -3.0690779884e-04 1.1375492074e+01 -1.7706644399e-04 -1.9423806255e-04 -2.1806644399e-04 1.1375353906e+01
352.05535244 1.1378031101e+01 -3.0208523508e-04 -1.6633192476e-04 -3.0708523508e-04 1.1378062884e+01 -1.7720110061e-04 -1.9433192476e-04 -2.1820110061e-04 1.1377924627e+01
352.46807852 1.1380608041e+01 -3.0226308746e-04 -1.6642599302e-04 -3.0726308746e-04 1.1380639844e+01 -1.7733609738e-04 -1.9442599302e-04 -2.1833609738e-04 1.1380501497e+01
352.88080461 1.1383191147e+01 -3.0244135709e-04 -1.6652026779e-04 -3.0744135709e-04 1.1383222970e+01 -1.7747143530e-04 -1.9452026779e-04 -2.1847143530e-04 1.1383084533e+01
353.29353070 1.1385780436e+01 -3.0262004505e-04 -1.6661474957e-04 -3.0762004505e-04 1.1385812278e+01 -1.7760711538e-04 -1.9461474957e-04 -2.1860711538e-04 1.1385673752e+01
353.70625679 1.1388375925e+01 -3.0279915247e-04 -1.6670943884e-04 -3.0779915247e-04 1.1388407786e+01 -1.7774313864e-04 -1.9470943884e-04 -2.1874313864e-04 1.1388269170e+01
354.11898287 1.1390977630e+01 -3.0297868044e-04 -1.6680433608e-04 -3.0797868044e-04 1.1391009512e+01 -1.7787950610e-04 -1.9480433608e-04 -2.1887950610e-04 1.1390870805e+01
354.53170896 1.1393585570e+01 -3.0315863008e-04 -1.6689944178e-04 -3.0815863008e-04 1.1393617471e+01 -1.7801621879e-04 -1.9489944178e-04 -2.1901621879e-04 1.1393478673e+01
354.94443505 1.1396199760e+01 -3.0333900252e-04 -1.6699475642e-04 -3.0833900252e-04 1.1396231681e+01 -1.7815327773e-04 -1.9499475642e-04 -2.1915327773e-04 1.1396092793e+01
355.35716113 1.1398820218e+01 -3.0351979887e-04 -1.6709028049e-04 -3.0851979887e-04 1.1398852159e+01 -1.7829068395e-04 -1.9509028049e-04 -2.1929068395e-04 1.1398713180e+01
355.76988722 1.1401446961e+01 -3.0370102027e-04 -1.6718601450e-04 -3.0870102027e-04 1.1401478922e+01 -1.7842843851e-04 -1.9518601450e-04 -2.1942843851e-04 1.1401339852e+01
356.18261331 1.1404080008e+01 -3.0388266784e-04 -1.6728195891e-04 -3.0888266784e-04 1.1404111988e+01 -1.7856654243e-04 -1.9528195891e-04 -2.1956654243e-04 1.1403972826e+01
356.59533940 1.1406719374e+01 -3.0406474273e-04 -1.6737811424e-04 -3.0906474273e-04 1.1406751374e+01 -1.7870499677e-04 -1.9537811424e-04 -2.1970499677e-04 1.1406612121e+01
357.00806548 1.1409365077e+01 -3.0424724607e-04 -1.6747448098e-04 -3.0924724607e-04 1.1409397098e+01 -1.7884380257e-04 -1.9547448098e-04 -2.1984380257e-04 1.1409257753e+01
357.42079157 1.1412017136e+01 -3.0443017901e-04 -1.6757105963e-04 -3.0943017901e-04 1.1412049177e+01 -1.7898296090e-04 -1.9557105963e-04 -2.1998296090e-04 1.1411909739e+01
357.83351766 1.1414675567e+01 -3.0461354270e-04 -1.6766785068e-04 -3.0961354270e-04 1.1414707628e+01 -1.7912247282e-04 -1.9566785068e-04 -2.2012247282e-04 1.1414568098e+01
358.24624375 1.1417340388e+01 -3.0479733829e-04 -1.6776485465e-04 -3.0979733829e-04 1.1417372470e+01 -1.7926233938e-04 -1.9576485465e-04 -2.2026233938e-04 1.1417232847e+01
358.65896983 1.1420011617e+01 -3.0498156695e-04 -1.6786207202e-04 -3.0998156695e-04 1.1420043719e+01 -1.7940256167e-04 -1.9586207202e-04 -2.2040256167e-04 1.1419904004e+01
359.07169592 1.1422689272e+01 -3.0516622984e-04 -1.6795950331e-04 -3.1016622984e-04 1.1422721394e+01 -1.7954314075e-04 -1.9595950331e-04 -2.2054314075e-04 1.1422581586e+01
359.48442201 1.1425373371e+01 -3.0535132812e-04 -1.6805714902e-04 -3.1035132812e-04 1.1425405514e+01 -1.7968407771e-04 -1.9605714902e-04 -2.2068407771e-04 1.1425265612e+01
359.89714809 1.1428063931e+01 -3.0553686298e-04 -1.6815500966e-04 -3.1053686298e-04 1.1428096094e+01 -1.7982537362e-04 -1.9615500966e-04 -2.2082537362e-04 1.1427956099e+01
360.30987418 1.1430760971e+01 -3.0572283558e-04 -1.6825308574e-04 -3.1072283558e-04 1.1430793155e+01 -1.7996702959e-04 -1.9625308574e-04 -2.2096702959e-04 1.1430653065e+01
360.72260027 1.1433464509e+01 -3.0590924712e-04 -1.6835137778e-04 -3.1090924712e-04 1.1433496713e+01 -1.8010904669e-04 -1.9635137778e-04 -2.2110904669e-04 1.1433356530e+01
361.13532636 1.1436174562e+01 -3.0609609877e-04 -1.6844988628e-04 -3.1109609877e-04 1.1436206787e+01 -1.8025142603e-04 -1.9644988628e-04 -2.2125142603e-04 1.1436066510e+01
361.54805244 1.1438891150e+01 -3.0628339173e-04 -1.6854861177e-04 -3.1128339173e-04 1.1438923395e+01 -1.8039416872e-04 -1.9654861177e-04 -2.2139416872e-04 1.1438783023e+01
361.96077853 1.1441614290e+01 -3.0647112720e-04 -1.6864755476e-04 -3.1147112720e-04 1.1441646556e+01 -1.8053727585e-04 -1.9664755476e-04 -2.2153727585e-04 1.1441506090e+01
362.37350462 1.1444344001e+01 -3.0665930638e-04 -1.6874671576e-04 -3.1165930638e-04 1.1444376288e+01 -1.8068074855e-04 -1.9674671576e-04 -2.2168074855e-04 1.1444235726e+01
362.78623071 1.1447080301e+01 -3.0684793047e-04 -1.6884609531e-04 -3.1184793047e-04 1.1447112609e+01 -1.8082458793e-04 -1.9684609531e-04 -2.2182458793e-04 1.1446971952e+01
363.19895679 1.1449823210e+01 -3.0703700069e-04 -1.6894569392e-04 -3.1203700069e-04 1.1449855538e+01 -1.8096879511e-04 -1.9694569392e-04 -2.2196879511e-04 1.1449714786e+01
363.61168288 1.1452572745e+01 -3.0722651824e-04 -1.6904551212e-04 -3.1222651824e-04 1.1452605094e+01 -1.8111337122e-04 -1.9704551212e-04 -2.2211337122e-04 1.1452464246e+01
364.02440897 1.1455328925e+01 -3.0741648436e-04 -1.6914555043e-04 -3.1241648436e-04 1.1455361295e+01 -1.8125831739e-04 -1.9714555043e-04 -2.2225831739e-04 1.1455220351e+01
364.43713505 1.1458091769e+01 -3.0760690027e-04 -1.6924580939e-04 -3.1260690027e-04 1.1458124160e+01 -1.8140363476e-04 -1.9724580939e-04 -2.2240363476e-04 1.1457983120e+01
364.84986114 1.1460861295e+01 -3.0779776720e-04 -1.6934628952e-04 -3.1279776720e-04 1.1460893708e+01 -1.8154932448e-04 -1.9734628952e-04 -2.2254932448e-04 1.1460752571e+01
365.26258723 1.1463637524e+01 -3.0798908637e-04 -1.6944699135e-04 -3.1298908637e-04 1.1463669958e+01 -1.8169538768e-04 -1.9744699135e-04 -2.2269538768e-04 1.1463528725e+01
365.67531332 1.1466420474e+01 -3.0818085905e-04 -1.6954791542e-04 -3.1318085905e-04 1.1466452928e+01 -1.8184182552e-04 -1.9754791542e-04 -2.2284182552e-04 1.1466311598e+01
366.08803940 1.1469210163e+01 -3.0837308646e-04 -1.6964906227e-04 -3.1337308646e-04 1.1469242639e+01 -1.8198863916e-04 -1.9764906227e-04 -2.2298863916e-04 1.1469101212e+01
366.50076549 1.1472006611e+01 -3.0856576986e-04 -1.6975043243e-04 -3.1356576986e-04 1.1472039108e+01 -1.8213582977e-04 -1.9775043243e-04 -2.2313582977e-04 1.1471897584e+01
366.91349158 1.1474809838e+01 -3.0875891050e-04 -1.6985202644e-04 -3.1375891050e-04 1.1474842356e+01 -1.8228339850e-04 -1.9785202644e-04 -2.2328339850e-04 1.1474700734e+01
367.32621767 1.1477619862e+01 -3.0895250965e-04 -1.6995384485e-04 -3.1395250965e-04 1.1477652402e+01 -1.8243134653e-04 -1.9795384485e-04 -2.2343134653e-04 1.1477510682e+01
367.73894375 1.1480436704e+01 -3.0914656857e-04 -1.7005588819e-04 -3.1414656857e-04 1.1480469265e+01 -1.8257967504e-04 -1.9805588819e-04 -2.2357967504e-04 1.1480327447e+01
368.15166984 1.1483260382e+01 -3.0934108853e-04 -1.7015815702e-04 -3.1434108853e-04 1.1483292964e+01 -1.8272838521e-04 -1.9815815702e-04 -2.2372838521e-04 1.1483151048e+01
368.56439593 1.1486090916e+01 -3.0953607081e-04 -1.7026065187e-04 -3.1453607081e-04 1.1486123520e+01 -1.8287747823e-04 -1.9826065187e-04 -2.2387747823e-04 1.1485981505e+01
368.97712201 1.1488928325e+01 -3.0973151668e-04 -1.7036337331e-04 -3.1473151668e-04 1.1488960951e+01 -1.8302695530e-04 -1.9836337331e-04 -2.2402695530e-04 1.1488818837e+01
369.38984810 1.1491772630e+01 -3.0992742744e-04 -1.7046632187e-04 -3.1492742744e-04 1.1491805278e+01 -1.8317681761e-04 -1.9846632187e-04 -2.2417681761e-04 1.1491663065e+01
369.80257419 1.1494623851e+01 -3.1012380437e-04 -1.7056949812e-04 -3.1512380437e-04 1.1494656520e+01 -1.8332706636e-04 -1.9856949812e-04 -2.2432706636e-04 1.1494514208e+01
370.21530028 1.1497482007e+01 -3.1032064878e-04 -1.7067290261e-04 -3.1532064878e-04 1.1497514697e+01 -1.8347770278e-04 -1.9867290261e-04 -2.2447770278e-04 1.1497372286e+01
370.62802636 1.1500347117e+01 -3.1051796195e-04 -1.7077653589e-04 -3.1551796195e-04 1.1500379830e+01 -1.8362872806e-04 -1.9877653589e-04 -2.2462872806e-04 1.1500237318e+01
371.04075245 1.1503219204e+01 -3.1071574520e-04 -1.7088039852e-04 -3.1571574520e-04 1.1503251938e+01 -1.8378014343e-04 -1.9888039852e-04 -2.2478014343e-04 1.1503109326e+01
371.45347854 1.1506098285e+01 -3.1091399985e-04 -1.7098449107e-04 -3.1591399985e-04 1.1506131041e+01 -1.8393195013e-04 -1.9898449107e-04 -2.2493195013e-04 1.1505988329e+01
371.86620463 1.1508984382e+01 -3.1111272720e-04 -1.7108881410e-04 -3.1611272720e-04 1.1509017160e+01 -1.8408414937e-04 -1.9908881410e-04 -2.2508414937e-04 1.1508874348e+01
372.27893071 1.1511877515e+01 -3.1131192859e-04 -1.7119336817e-04 -3.1631192859e-04 1.1511910315e+01 -1.8423674239e-04 -1.9919336817e-04 -2.2523674239e-04 1.1511767402e+01
372.69165680 1.1514777704e+01 -3.1151160533e-04 -1.7129815385e-04 -3.1651160533e-04 1.1514810526e+01 -1.8438973045e-04 -1.9929815385e-04 -2.2538973045e-04 1.1514667512e+01
373.10438289 1.1517684970e+01 -3.1171175877e-04 -1.7140317171e-04 -3.1671175877e-04 1.1517717815e+01 -1.8454311478e-04 -1.9940317171e-04 -2.2554311478e-04 1.1517574698e+01
373.51710897 1.1520599334e+01 -3.1191239024e-04 -1.7150842231e-04 -3.1691239024e-04 1.1520632200e+01 -1.8469689663e-04 -1.9950842231e-04 -2.2569689663e-04 1.1520488982e+01
373.92983506 1.1523520815e+01 -3.1211350109e-04 -1.7161390624e-04 -3.1711350109e-04 1.1523553704e+01 -1.8485107728e-04 -1.9961390624e-04 -2.2585107728e-04 1.1523410384e+01
374.34256115 1.1526449435e+01 -3.1231509266e-04 -1.7171962407e-04 -3.1731509266e-04 1.1526482346e+01 -1.8500565798e-04 -1.9971962407e-04 -2.2600565798e-04 1.1526338924e+01
374.75528724 1.1529385215e+01 -3.1251716632e-04 -1.7182557637e-04 -3.1751716632e-04 1.1529418148e+01 -1.8516064000e-04 -1.9982557637e-04 -2.2616064000e-04 1.1529274624e+01
375.16801332 1.1532328175e+01 -3.1271972341e-04 -1.7193176373e-04 -3.1771972341e-04 1.1532361131e+01 -1.8531602461e-04 -1.9993176373e-04 -2.2631602461e-04 1.1532217504e+01
375.58073941 1.1535278337e+01 -3.1292276532e-04 -1.7203818672e-04 -3.1792276532e-04 1.1535311315e+01 -1.8547181311e-04 -2.0003818672e-04 -2.2647181311e-04 1.1535167585e+01
375.99346550 1.1538235721e+01 -3.1312629341e-04 -1.7214484593e-04 -3.1812629341e-04 1.1538268722e+01 -1.8562800678e-04 -2.0014484593e-04 -2.2662800678e-04 1.1538124889e+01
376.40619159 1.1541200350e+01 -3.1333030906e-04 -1.7225174194e-04 -3.1833030906e-04 1.1541233373e+01 -1.8578460691e-04 -2.0025174194e-04 -2.2678460691e-04 1.1541089436e+01
376.81891767 1.1544172243e+01 -3.1353481365e-04 -1.7235887534e-04 -3.1853481365e-04 1.1544205289e+01 -1.8594161480e-04 -2.0035887534e-04 -2.2694161480e-04 1.1544061248e+01
377.23164376 1.1547151422e+01 -3.1373980857e-04 -1.7246624672e-04 -3.1873980857e-04 1.1547184491e+01 -1.8609903175e-04 -2.0046624672e-04 -2.2709903175e-04 1.1547040347e+01
377.64436985 1.1550137910e+01 -3.1394529522e-04 -1.7257385668e-04 -3.1894529522e-04 1.1550171001e+01 -1.8625685908e-04 -2.0057385668e-04 -2.2725685908e-04 1.1550026753e+01
378.05709593 1.1553131727e+01 -3.1415127500e-04 -1.7268170580e-04 -3.1915127500e-04 1.1553164841e+01 -1.8641509810e-04 -2.0068170580e-04 -2.2741509810e-04 1.1553020488e+01
378.46982202 1.1556132895e+01 -3.1435774931e-04 -1.7278979468e-04 -3.1935774931e-04 1.1556166032e+01 -1.8657375014e-04 -2.0078979468e-04 -2.2757375014e-04 1.1556021574e+01
378.88254811 1.1559141436e+01 -3.1456471956e-04 -1.7289812392e-04 -3.1956471956e-04 1.1559174596e+01 -1.8673281653e-04 -2.0089812392e-04 -2.2773281653e-04 1.1559030033e+01
379.29527420 1.1562157371e+01 -3.1477218718e-04 -1.7300669412e-04 -3.1977218718e-04 1.1562190554e+01 -1.8689229859e-04 -2.0100669412e-04 -2.2789229859e-04 1.1562045886e+01
379.70800028 1.1565180723e+01 -3.1498015359e-04 -1.7311550588e-04 -3.1998015359e-04 1.1565213929e+01 -1.8705219768e-04 -2.0111550588e-04 -2.2805219768e-04 1.1565069155e+01
380.12072637 1.1568211514e+01 -3.1518862021e-04 -1.7322455980e-04 -3.2018862021e-04 1.1568244742e+01 -1.8721251513e-04 -2.0122455980e-04 -2.2821251513e-04 1.1568099863e+01
380.53345246 1.1571249765e+01 -3.1539758848e-04 -1.7333385650e-04 -3.2039758848e-04 1.1571283017e+01 -1.8737325230e-04 -2.0133385650e-04 -2.2837325230e-04 1.1571138031e+01
380.94617855 1.1574295499e+01 -3.1560705984e-04 -1.7344339658e-04 -3.2060705984e-04 1.1574328774e+01 -1.8753441055e-04 -2.0144339658e-04 -2.2853441055e-04 1.1574183681e+01
381.35890463 1.1577348738e+01 -3.1581703575e-04 -1.7355318065e-04 -3.2081703575e-04 1.1577382036e+01 -1.8769599125e-04 -2.0155318065e-04 -2.2869599125e-04 1.1577236837e+01
381.77163072 1.1580409504e+01 -3.1602751765e-04 -1.7366320933e-04 -3.2102751765e-04 1.1580442826e+01 -1.8785799577e-04 -2.0166320933e-04 -2.2885799577e-04 1.1580297520e+01
382.18435681 1.1583477821e+01 -3.1623850700e-04 -1.7377348323e-04 -3.2123850700e-04 1.1583511165e+01 -1.8802042548e-04 -2.0177348323e-04 -2.2902042548e-04 1.1583365752e+01
382.59708289 1.1586553710e+01 -3.1645000527e-04 -1.7388400297e-04 -3.2145000527e-04 1.1586587078e+01 -1.8818328177e-04 -2.0188400297e-04 -2.2918328177e-04 1.1586441557e+01
383.00980898 1.1589637194e+01 -3.1666201393e-04 -1.7399476916e-04 -3.2166201393e-04 1.1589670585e+01 -1.8834656603e-04 -2.0199476916e-04 -2.2934656603e-04 1.1589524957e+01
383.42253507 1.1592728296e+01 -3.1687453445e-04 -1.7410578243e-04 -3.2187453445e-04 1.1592761711e+01 -1.8851027966e-04 -2.0210578243e-04 -2.2951027966e-04 1.1592615975e+01
383.83526116 1.1595827039e+01 -3.1708756833e-04 -1.7421704341e-04 -3.2208756833e-04 1.1595860478e+01 -1.8867442406e-04 -2.0221704341e-04 -2.2967442406e-04 1.1595714633e+01
384.24798724 1.1598933446e+01 -3.1730111705e-04 -1.7432855272e-04 -3.2230111705e-04 1.1598966908e+01 -1.8883900064e-04 -2.0232855272e-04 -2.2983900064e-04 1.1598820955e+01
384.66071333 1.1602047539e+01 -3.1751518210e-04 -1.7444031099e-04 -3.2251518210e-04 1.1602081025e+01 -1.8900401081e-04 -2.0244031099e-04 -2.3000401081e-04 1.1601934963e+01
385.07343942 1.1605169343e+01 -3.1772976500e-04 -1.7455231884e-04 -3.2272976500e-04 1.1605202853e+01 -1.8916945601e-04 -2.0255231884e-04 -2.3016945601e-04 1.1605056681e+01
385.48616551 1.1608298880e+01 -3.1794486724e-04 -1.7466457692e-04 -3.2294486724e-04 1.1608332413e+01 -1.8933533765e-04 -2.0266457692e-04 -2.3033533765e-04 1.1608186132e+01
385.89889159 1.1611436173e+01 -3.1816049035e-04 -1.7477708586e-04 -3.2316049035e-04 1.1611469731e+01 -1.8950165718e-04 -2.0277708586e-04 -2.3050165718e-04 1.1611323340e+01
386.31161768 1.1614581247e+01 -3.1837663584e-04 -1.7488984630e-04 -3.2337663584e-04 1.1614614829e+01 -1.8966841604e-04 -2.0288984630e-04 -2.3066841604e-04 1.1614468328e+01
386.72434377 1.1617734124e+01 -3.1859330524e-04 -1.7500285887e-04 -3.2359330524e-04 1.1617767730e+01 -1.8983561568e-04 -2.0300285887e-04 -2.3083561568e-04 1.1617621119e+01
387.13706985 1.1620894829e+01 -3.1881050009e-04 -1.7511612422e-04 -3.2381050009e-04 1.1620928459e+01 -1.9000325754e-04 -2.0311612422e-04 -2.3100325754e-04 1.1620781737e+01
387.54979594 1.1624063385e+01 -3.1902822192e-04 -1.7522964300e-04 -3.2402822192e-04 1.1624097038e+01 -1.9017134311e-04 -2.0322964300e-04 -2.3117134311e-04 1.1623950206e+01
387.96252203 1.1627239816e+01 -3.1924647229e-04 -1.7534341585e-04 -3.2424647229e-04 1.1627273493e+01 -1.9033987384e-04 -2.0334341585e-04 -2.3133987384e-04 1.1627126550e+01
388.37524812 1.1630424145e+01 -3.1946525274e-04 -1.7545744341e-04 -3.2446525274e-04 1.1630457847e+01 -1.9050885121e-04 -2.0345744341e-04 -2.3150885121e-04 1.1630310792e+01
388.78797420 1.1633616398e+01 -3.1968456484e-04 -1.7557172635e-04 -3.2468456484e-04 1.1633650124e+01 -1.9067827671e-04 -2.0357172635e-04 -2.3167827671e-04 1.1633502957e+01
389.20070029 1.1636816598e+01 -3.1990441015e-04 -1.7568626532e-04 -3.2490441015e-04 1.1636850349e+01 -1.9084815182e-04 -2.0368626532e-04 -2.3184815182e-04 1.1636703069e+01
389.61342638 1.1640024769e+01 -3.2012479025e-04 -1.7580106097e-04 -3.2512479025e-04 1.1640058544e+01 -1.9101847804e-04 -2.0380106097e-04 -2.3201847804e-04 1.1639911153e+01
390.02615247 1.1643240937e+01 -3.2034570672e-04 -1.7591611396e-04 -3.2534570672e-04 1.1643274736e+01 -1.9118925688e-04 -2.0391611396e-04 -2.3218925688e-04 1.1643127232e+01
390.43887855 1.1646465124e+01 -3.2056716113e-04 -1.7603142496e-04 -3.2556716113e-04 1.1646498948e+01 -1.9136048985e-04 -2.0403142496e-04 -2.3236048985e-04 1.1646351331e+01
390.85160464 1.1649697357e+01 -3.2078915510e-04 -1.7614699462e-04 -3.2578915510e-04 1.1649731206e+01 -1.9153217846e-04 -2.0414699462e-04 -2.3253217846e-04 1.1649583475e+01
391.26433073 1.1652937659e+01 -3.2101169020e-04 -1.7626282361e-04 -3.2601169020e-04 1.1652971533e+01 -1.9170432425e-04 -2.0426282361e-04 -2.3270432425e-04 1.1652823689e+01
391.67705681 1.1656186056e+01 -3.2123476806e-04 -1.7637891261e-04 -3.2623476806e-04 1.1656219954e+01 -1.9187692873e-04 -2.0437891261e-04 -2.3287692873e-04 1.1656071997e+01
392.08978290 1.1659442572e+01 -3.2145839028e-04 -1.7649526228e-04 -3.2645839028e-04 1.1659476495e+01 -1.9204999346e-04 -2.0449526228e-04 -2.3304999346e-04 1.1659328424e+01
392.50250899 1.1662707233e+01 -3.2168255849e-04 -1.7661187329e-04 -3.2668255849e-04 1.1662741181e+01 -1.9222351998e-04 -2.0461187329e-04 -2.3322351998e-04 1.1662592995e+01
392.91523508 1.1665980064e+01 -3.2190727431e-04 -1.7672874633e-04 -3.2690727431e-04 1.1666014036e+01 -1.9239750984e-04 -2.0472874633e-04 -2.3339750984e-04 1.1665865736e+01
393.32796116 1.1669261089e+01 -3.2213253938e-04 -1.7684588207e-04 -3.2713253938e-04 1.1669295087e+01 -1.9257196460e-04 -2.0484588207e-04 -2.3357196460e-04 1.1669146671e+01
393.74068725 1.1672550335e+01 -3.2235835533e-04 -1.7696328118e-04 -3.2735835533e-04 1.1672584357e+01 -1.9274688584e-04 -2.0496328118e-04 -2.3374688584e-04 1.1672435826e+01
394.15341334 1.1675847826e+01 -3.2258472382e-04 -1.7708094437e-04 -3.2758472382e-04 1.1675881874e+01 -1.9292227513e-04 -2.0508094437e-04 -2.3392227513e-04 1.1675733227e+01
394.56613943 1.1679153589e+01 -3.2281164650e-04 -1.7719887230e-04 -3.2781164650e-04 1.1679187661e+01 -1.9309813405e-04 -2.0519887230e-04 -2.3409813405e-04 1.1679038899e+01
394.97886551 1.1682467648e+01 -3.2303912503e-04 -1.7731706567e-04 -3.2803912503e-04 1.1682501746e+01 -1.9327446419e-04 -2.0531706567e-04 -2.3427446419e-04 1.1682352868e+01
395.39159160 1.1685790031e+01 -3.2326716108e-04 -1.7743552517e-04 -3.2826716108e-04 1.1685824154e+01 -1.9345126715e-04 -2.0543552517e-04 -2.3445126715e-04 1.1685675159e+01
395.80431769 1.1689120762e+01 -3.2349575633e-04 -1.7755425149e-04 -3.2849575633e-04 1.1689154911e+01 -1.9362854454e-04 -2.0555425149e-04 -2.3462854454e-04 1.1689005799e+01
396.21704377 1.1692459869e+01 -3.2372491246e-04 -1.7767324533e-04 -3.2872491246e-04 1.1692494043e+01 -1.9380629798e-04 -2.0567324533e-04 -2.3480629798e-04 1.1692344814e+01
396.62976986 1.1695807376e+01 -3.2395463116e-04 -1.7779250739e-04 -3.2895463116e-04 1.1695841575e+01 -1.9398452907e-04 -2.0579250739e-04 -2.3498452907e-04 1.1695692229e+01
397.04249595 1.1699163310e+01 -3.2418491413e-04 -1.7791203836e-04 -3.2918491413e-04 1.1699197536e+01 -1.9416323946e-04 -2.0591203836e-04 -2.3516323946e-04 1.1699048071e+01
397.45522204 1.1702527699e+01 -3.2441576308e-04 -1.7803183896e-04 -3.2941576308e-04 1.1702561949e+01 -1.9434243077e-04 -2.0603183896e-04 -2.3534243077e-04 1.1702412367e+01
397.86794812 1.1705900567e+01 -3.2464717971e-04 -1.7815190988e-04 -3.2964717971e-04 1.1705934843e+01 -1.9452210466e-04 -2.0615190988e-04 -2.3552210466e-04 1.1705785143e+01
398.28067421 1.1709281942e+01 -3.2487916575e-04 -1.7827225184e-04 -3.2987916575e-04 1.1709316244e+01 -1.9470226277e-04 -2.0627225184e-04 -2.3570226277e-04 1.1709166425e+01
398.69340030 1.1712671851e+01 -3.2511172292e-04 -1.7839286555e-04 -3.3011172292e-04 1.1712706179e+01 -1.9488290677e-04 -2.0639286555e-04 -2.3588290677e-04 1.1712556241e+01
399.10612639 1.1716070320e+01 -3.2534485296e-04 -1.7851375172e-04 -3.3034485296e-04 1.1716104674e+01 -1.9506403832e-04 -2.0651375172e-04 -2.3606403832e-04 1.1715954616e+01
399.51885247 1.1719477377e+01 -3.2557855761e-04 -1.7863491107e-04 -3.3057855761e-04 1.1719511757e+01 -1.9524565910e-04 -2.0663491107e-04 -2.3624565910e-04 1.1719361579e+01
399.93157856 1.1722893048e+01 -3.2581283862e-04 -1.7875634431e-04 -3.3081283862e-04 1.1722927454e+01 -1.9542777079e-04 -2.0675634431e-04 -2.3642777079e-04 1.1722777157e+01
400.34430465 1.1726317361e+01 -3.2604769775e-04 -1.7887805218e-04 -3.3104769775e-04 1.1726351793e+01 -1.9561037508e-04 -2.0687805218e-04 -2.3661037508e-04 1.1726201375e+01
400.75703073 1.1729750343e+01 -3.2628313676e-04 -1.7900003538e-04 -3.3128313676e-04 1.1729784801e+01 -1.9579347369e-04 -2.0700003538e-04 -2.3679347369e-04 1.1729634263e+01
401.16975682 1.1733192022e+01 -3.2651915742e-04 -1.7912229466e-04 -3.3151915742e-04 1.1733226506e+01 -1.9597706830e-04 -2.0712229466e-04 -2.3697706830e-04 1.1733075847e+01
401.58248291 1.1736642424e+01 -3.2675576152e-04 -1.7924483074e-04 -3.3175576152e-04 1.1736676935e+01 -1.9616116064e-04 -2.0724483074e-04 -2.3716116064e-04 1.1736526155e+01
401.99520900 1.1740101579e+01 -3.2699295084e-04 -1.7936764435e-04 -3.3199295084e-04 1.1740136116e+01 -1.9634575244e-04 -2.0736764435e-04 -2.3734575244e-04 1.1739985214e+01
402.40793508 1.1743569513e+01 -3.2723072718e-04 -1.7949073623e-04 -3.3223072718e-04 1.1743604076e+01 -1.9653084543e-04 -2.0749073623e-04 -2.3753084543e-04 1.1743453053e+01
402.82066117 1.1747046255e+01 -3.2746909233e-04 -1.7961410711e-04 -3.3246909233e-04 1.1747080845e+01 -1.9671644135e-04 -2.0761410711e-04 -2.3771644135e-04 1.1746929699e+01
403.23338726 1.1750531833e+01 -3.2770804812e-04 -1.7973775775e-04 -3.3270804812e-04 1.1750566449e+01 -1.9690254194e-04 -2.0773775775e-04 -2.3790254194e-04 1.1750415181e+01
403.64611334 1.1754026275e+01 -3.2794759636e-04 -1.7986168887e-04 -3.3294759636e-04 1.1754060918e+01 -1.9708914897e-04 -2.0786168887e-04 -2.3808914897e-04 1.1753909527e+01
404.05883943 1.1757529609e+01 -3.2818773888e-04 -1.7998590123e-04 -3.3318773888e-04 1.1757564279e+01 -1.9727626421e-04 -2.0798590123e-04 -2.3827626421e-04 1.1757412764e+01
404.47156552 1.1761041864e+01 -3.2842847751e-04 -1.8011039557e-04 -3.3342847751e-04 1.1761076560e+01 -1.9746388943e-04 -2.0811039557e-04 -2.3846388943e-04 1.1760924922e+01
404.88429161 1.1764563068e+01 -3.2866981410e-04 -1.8023517265e-04 -3.3366981410e-04 1.1764597791e+01 -1.9765202640e-04 -2.0823517265e-04 -2.3865202640e-04 1.1764446030e+01
405.29701769 1.1768093251e+01 -3.2891175049e-04 -1.8036023323e-04 -3.3391175049e-04 1.1768128001e+01 -1.9784067694e-04 -2.0836023323e-04 -2.3884067694e-04 1.1767976115e+01
405.70974378 1.1771632441e+01 -3.2915428855e-04 -1.8048557805e-04 -3.3415428855e-04 1.1771667217e+01 -1.9802984283e-04 -2.0848557805e-04 -2.3902984283e-04 1.1771515207e+01
406.12246987 1.1775180666e+01 -3.2939743014e-04 -1.8061120788e-04 -3.3439743014e-04 1.1775215470e+01 -1.9821952589e-04 -2.0861120788e-04 -2.3921952589e-04 1.1775063335e+01
406.53519596 1.1778737957e+01 -3.2964117714e-04 -1.8073712349e-04 -3.3464117714e-04 1.1778772788e+01 -1.9840972793e-04 -2.0873712349e-04 -2.3940972793e-04 1.1778620527e+01
406.94792204 1.1782304342e+01 -3.2988553143e-04 -1.8086332563e-04 -3.3488553143e-04 1.1782339200e+01 -1.9860045079e-04 -2.0886332563e-04 -2.3960045079e-04 1.1782186814e+01
407.36064813 1.1785879850e+01 -3.3013049490e-04 -1.8098981507e-04 -3.3513049490e-04 1.1785914736e+01 -1.9879169630e-04 -2.0898981507e-04 -2.3979169630e-04 1.1785762224e+01
407.77337422 1.1789464512e+01 -3.3037606946e-04 -1.8111659260e-04 -3.3537606946e-04 1.1789499425e+01 -1.9898346630e-04 -2.0911659260e-04 -2.3998346630e-04 1.1789346787e+01
408.18610030 1.1793058357e+01 -3.3062225701e-04 -1.8124365898e-04 -3.3562225701e-04 1.1793093297e+01 -1.9917576265e-04 -2.0924365898e-04 -2.4017576265e-04 1.1792940533e+01
408.59882639 1.1796661415e+01 -3.3086905947e-04 -1.8137101498e-04 -3.3586905947e-04 1.1796696383e+01 -1.9936858722e-04 -2.0937101498e-04 -2.4036858722e-04 1.1796543492e+01
409.01155248 1.1800273715e+01 -3.3111647876e-04 -1.8149866140e-04 -3.3611647876e-04 1.1800308710e+01 -1.9956194187e-04 -2.0949866140e-04 -2.4056194187e-04 1.1800155692e+01
409.42427857 1.1803895289e+01 -3.3136451682e-04 -1.8162659901e-04 -3.3636451682e-04 1.1803930311e+01 -1.9975582849e-04 -2.0962659901e-04 -2.4075582849e-04 1.1803777165e+01
409.83700465 1.1807526164e+01 -3.3161317559e-04 -1.8175482860e-04 -3.3661317559e-04 1.1807561215e+01 -1.9995024897e-04 -2.0975482860e-04 -2.4095024897e-04 1.1807407941e+01
410.24973074 1.1811166374e+01 -3.3186245702e-04 -1.8188335095e-04 -3.3686245702e-04 1.1811201452e+01 -2.0014520521e-04 -2.0988335095e-04 -2.4114520521e-04 1.1811048050e+01
410.66245683 1.1814815947e+01 -3.3211236307e-04 -1.8201216686e-04 -3.3711236307e-04 1.1814851052e+01 -2.0034069911e-04 -2.1001216686e-04 -2.4134069911e-04 1.1814697522e+01
411.07518292 1.1818474914e+01 -3.3236289571e-04 -1.8214127713e-04 -3.3736289571e-04 1.1818510047e+01 -2.0053673261e-04 -2.1014127713e-04 -2.4153673261e-04 1.1818356388e+01
411.48790900 1.1822143306e+01 -3.3261405692e-04 -1.8227068255e-04 -3.3761405692e-04 1.1822178468e+01 -2.0073330763e-04 -2.1027068255e-04 -2.4173330763e-04 1.1822024679e+01
411.90063509 1.1825821154e+01 -3.3286584868e-04 -1.8240038392e-04 -3.3786584868e-04 1.1825856344e+01 -2.0093042609e-04 -2.1040038392e-04 -2.4193042609e-04 1.1825702426e+01
412.31336118 1.1829508490e+01 -3.3311827298e-04 -1.8253038205e-04 -3.3811827298e-04 1.1829543707e+01 -2.0112808997e-04 -2.1053038205e-04 -2.4212808997e-04 1.1829389659e+01
412.72608726 1.1833205343e+01 -3.3337133183e-04 -1.8266067774e-04 -3.3837133183e-04 1.1833240589e+01 -2.0132630120e-04 -2.1066067774e-04 -2.4232630120e-04 1.1833086411e+01
413.13881335 1.1836911746e+01 -3.3362502725e-04 -1.8279127180e-04 -3.3862502725e-04 1.1836947020e+01 -2.0152506176e-04 -2.1079127180e-04 -2.4252506176e-04 1.1836792711e+01
413.55153944 1.1840627731e+01 -3.3387936125e-04 -1.8292216504e-04 -3.3887936125e-04 1.1840663033e+01 -2.0172437363e-04 -2.1092216504e-04 -2.4272437363e-04 1.1840508593e+01
413.96426553 1.1844353327e+01 -3.3413433586e-04 -1.8305335829e-04 -3.3913433586e-04 1.1844388658e+01 -2.0192423878e-04 -2.1105335829e-04 -2.4292423878e-04 1.1844234087e+01
414.37699161 1.1848088568e+01 -3.3438995313e-04 -1.8318485236e-04 -3.3938995313e-04 1.1848123927e+01 -2.0212465923e-04 -2.1118485236e-04 -2.4312465923e-04 1.1847969224e+01
414.78971770 1.1851833486e+01 -3.3464621510e-04 -1.8331664807e-04 -3.3964621510e-04 1.1851868873e+01 -2.0232563696e-04 -2.1131664807e-04 -2.4332563696e-04 1.1851714038e+01
415.20244379 1.1855588111e+01 -3.3490312382e-04 -1.8344874625e-04 -3.3990312382e-04 1.1855623527e+01 -2.0252717401e-04 -2.1144874625e-04 -2.4352717401e-04 1.1855468560e+01
415.61516988 1.1859352478e+01 -3.3516068138e-04 -1.8358114772e-04 -3.4016068138e-04 1.1859387922e+01 -2.0272927239e-04 -2.1158114772e-04 -2.4372927239e-04 1.1859232822e+01
416.02789596 1.1863126617e+01 -3.3541888983e-04 -1.8371385332e-04 -3.4041888983e-04 1.1863162090e+01 -2.0293193415e-04 -2.1171385332e-04 -2.4393193415e-04 1.1863006857e+01
416.44062205 1.1866910561e+01 -3.3567775127e-04 -1.8384686388e-04 -3.4067775127e-04 1.1866946064e+01 -2.0313516133e-04 -2.1184686388e-04 -2.4413516133e-04 1.1866790697e+01
416.85334814 1.1870704344e+01 -3.3593726780e-04 -1.8398018023e-04 -3.4093726780e-04 1.1870739875e+01 -2.0333895598e-04 -2.1198018023e-04 -2.4433895598e-04 1.1870584374e+01
417.26607422 1.1874507997e+01 -3.3619744151e-04 -1.8411380323e-04 -3.4119744151e-04 1.1874543558e+01 -2.0354332018e-04 -2.1211380323e-04 -2.4454332018e-04 1.1874387923e+01
417.67880031 1.1878321555e+01 -3.3645827452e-04 -1.8424773371e-04 -3.4145827452e-04 1.1878357144e+01 -2.0374825600e-04 -2.1224773371e-04 -2.4474825600e-04 1.1878201374e+01
418.09152640 1.1882145049e+01 -3.3671976895e-04 -1.8438197251e-04 -3.4171976895e-04 1.1882180667e+01 -2.0395376553e-04 -2.1238197251e-04 -2.4495376553e-04 1.1882024763e+01
418.50425249 1.1885978513e+01 -3.3698192694e-04 -1.8451652050e-04 -3.4198192694e-04 1.1886014161e+01 -2.0415985087e-04 -2.1251652050e-04 -2.4515985087e-04 1.1885858121e+01
418.91697857 1.1889821981e+01 -3.3724475063e-04 -1.8465137852e-04 -3.4224475063e-04 1.1889857658e+01 -2.0436651412e-04 -2.1265137852e-04 -2.4536651412e-04 1.1889701483e+01
419.32970466 1.1893675486e+01 -3.3750824217e-04 -1.8478654744e-04 -3.4250824217e-04 1.1893711193e+01 -2.0457375742e-04 -2.1278654744e-04 -2.4557375742e-04 1.1893554881e+01
419.74243075 1.1897539063e+01 -3.3777240372e-04 -1.8492202810e-04 -3.4277240372e-04 1.1897574798e+01 -2.0478158288e-04 -2.1292202810e-04 -2.4578158288e-04 1.1897418350e+01
420.15515684 1.1901412744e+01 -3.3803723746e-04 -1.8505782137e-04 -3.4303723746e-04 1.1901448509e+01 -2.0498999265e-04 -2.1305782137e-04 -2.4598999265e-04 1.1901291924e+01
420.56788292 1.1905296564e+01 -3.3830274556e-04 -1.8519392813e-04 -3.4330274556e-04 1.1905332358e+01 -2.0519898888e-04 -2.1319392813e-04 -2.4619898888e-04 1.1905175636e+01
420.98060901 1.1909190557e+01 -3.3856893021e-04 -1.8533034923e-04 -3.4356893021e-04 1.1909226381e+01 -2.0540857373e-04 -2.1333034923e-04 -2.4640857373e-04 1.1909069521e+01
421.39333510 1.1913094757e+01 -3.3883579363e-04 -1.8546708556e-04 -3.4383579363e-04 1.1913130611e+01 -2.0561874939e-04 -2.1346708556e-04 -2.4661874939e-04 1.1912973614e+01
421.80606118 1.1917009200e+01 -3.3910333802e-04 -1.8560413798e-04 -3.4410333802e-04 1.1917045084e+01 -2.0582951802e-04 -2.1360413798e-04 -2.4682951802e-04 1.1916887948e+01
422.21878727 1.1920933919e+01 -3.3937156559e-04 -1.8574150738e-04 -3.4437156559e-04 1.1920969833e+01 -2.0604088184e-04 -2.1374150738e-04 -2.4704088184e-04 1.1920812558e+01
422.63151336 1.1924868950e+01 -3.3964047859e-04 -1.8587919464e-04 -3.4464047859e-04 1.1924904894e+01 -2.0625284304e-04 -2.1387919464e-04 -2.4725284304e-04 1.1924747480e+01
423.04423945 1.1928814327e+01 -3.3991007925e-04 -1.8601720065e-04 -3.4491007925e-04 1.1928850301e+01 -2.0646540384e-04 -2.1401720065e-04 -2.4746540384e-04 1.1928692748e+01
423.45696553 1.1932770086e+01 -3.4018036983e-04 -1.8615552630e-04 -3.4518036983e-04 1.1932806091e+01 -2.0667856648e-04 -2.1415552630e-04 -2.4767856648e-04 1.1932648397e+01
423.86969162 1.1936736263e+01 -3.4045135259e-04 -1.8629417248e-04 -3.4545135259e-04 1.1936772297e+01 -2.0689233319e-04 -2.1429417248e-04 -2.4789233319e-04 1.1936614464e+01
424.28241771 1.1940712892e+01 -3.4072302980e-04 -1.8643314008e-04 -3.4572302980e-04 1.1940748957e+01 -2.0710670623e-04 -2.1443314008e-04 -2.4810670623e-04 1.1940590983e+01
424.69514380 1.1944700010e+01 -3.4099540374e-04 -1.8657243001e-04 -3.4599540374e-04 1.1944736105e+01 -2.0732168786e-04 -2.1457243001e-04 -2.4832168786e-04 1.1944577990e+01
425.10786988 1.1948697651e+01 -3.4126847671e-04 -1.8671204317e-04 -3.4626847671e-04 1.1948733777e+01 -2.0753728036e-04 -2.1471204317e-04 -2.4853728036e-04 1.1948575520e+01
425.52059597 1.1952705854e+01 -3.4154225101e-04 -1.8685198047e-04 -3.4654225101e-04 1.1952742010e+01 -2.0775348602e-04 -2.1485198047e-04 -2.4875348602e-04 1.1952583611e+01
425.93332206 1.1956724652e+01 -3.4181672895e-04 -1.8699224281e-04 -3.4681672895e-04 1.1956760839e+01 -2.0797030712e-04 -2.1499224281e-04 -2.4897030712e-04 1.1956602298e+01
426.34604814 1.1960754084e+01 -3.4209191287e-04 -1.8713283112e-04 -3.4709191287e-04 1.1960790301e+01 -2.0818774599e-04 -2.1513283112e-04 -2.4918774599e-04 1.1960631618e+01
426.75877423 1.1964794185e+01 -3.4236780509e-04 -1.8727374630e-04 -3.4736780509e-04 1.1964830433e+01 -2.0840580495e-04 -2.1527374630e-04 -2.4940580495e-04 1.1964671607e+01
427.17150032 1.1968844992e+01 -3.4264440797e-04 -1.8741498928e-04 -3.4764440797e-04 1.1968881271e+01 -2.0862448633e-04 -2.1541498928e-04 -2.4962448633e-04 1.1968722302e+01
427.58422641 1.1972906542e+01 -3.4292172385e-04 -1.8755656098e-04 -3.4792172385e-04 1.1972942853e+01 -2.0884379248e-04 -2.1555656098e-04 -2.4984379248e-04 1.1972783739e+01
427.99695249 1.1976978873e+01 -3.4319975512e-04 -1.8769846233e-04 -3.4819975512e-04 1.1977015214e+01 -2.0906372576e-04 -2.1569846233e-04 -2.5006372576e-04 1.1976855956e+01
428.40967858 1.1981062021e+01 -3.4347850415e-04 -1.8784069426e-04 -3.4847850415e-04 1.1981098393e+01 -2.0928428854e-04 -2.1584069426e-04 -2.5028428854e-04 1.1980938991e+01
428.82240467 1.1985156024e+01 -3.4375797332e-04 -1.8798325771e-04 -3.4875797332e-04 1.1985192427e+01 -2.0950548319e-04 -2.1598325771e-04 -2.5050548319e-04 1.1985032880e+01
429.23513076 1.1989260919e+01 -3.4403816505e-04 -1.8812615361e-04 -3.4903816505e-04 1.1989297354e+01 -2.0972731213e-04 -2.1612615361e-04 -2.5072731213e-04 1.1989137661e+01
429.64785684 1.1993376745e+01 -3.4431908173e-04 -1.8826938290e-04 -3.4931908173e-04 1.1993413211e+01 -2.0994977775e-04 -2.1626938290e-04 -2.5094977775e-04 1.1993253372e+01
430.06058293 1.1997503538e+01 -3.4460072581e-04 -1.8841294654e-04 -3.4960072581e-04 1.1997540036e+01 -2.1017288247e-04 -2.1641294654e-04 -2.5117288247e-04 1.1997380051e+01
430.47330902 1.2001641339e+01 -3.4488309971e-04 -1.8855684547e-04 -3.4988309971e-04 1.2001677868e+01 -2.1039662874e-04 -2.1655684547e-04 -2.5139662874e-04 1.2001517736e+01
430.88603510 1.2005790184e+01 -3.4516620587e-04 -1.8870108065e-04 -3.5016620587e-04 1.2005826745e+01 -2.1062101899e-04 -2.1670108065e-04 -2.5162101899e-04 1.2005666466e+01
431.29876119 1.2009950112e+01 -3.4545004676e-04 -1.8884565302e-04 -3.5045004676e-04 1.2009986705e+01 -2.1084605569e-04 -2.1684565302e-04 -2.5184605569e-04 1.2009826279e+01
431.71148728 1.2014121163e+01 -3.4573462485e-04 -1.8899056355e-04 -3.5073462485e-04 1.2014157787e+01 -2.1107174130e-04 -2.1699056355e-04 -2.5207174130e-04 1.2013997213e+01
432.12421337 1.2018303375e+01 -3.4601994262e-04 -1.8913581321e-04 -3.5101994262e-04 1.2018340031e+01 -2.1129807831e-04 -2.1713581321e-04 -2.5229807831e-04 1.2018179308e+01
432.53693945 1.2022496786e+01 -3.4630600255e-04 -1.8928140296e-04 -3.5130600255e-04 1.2022533474e+01 -2.1152506922e-04 -2.1728140296e-04 -2.5252506922e-04 1.2022372603e+01
432.94966554 1.2026701437e+01 -3.4659280715e-04 -1.8942733377e-04 -3.5159280715e-04 1.2026738157e+01 -2.1175271654e-04 -2.1742733377e-04 -2.5275271654e-04 1.2026577137e+01
433.36239163 1.2030917367e+01 -3.4688035895e-04 -1.8957360662e-04 -3.5188035895e-04 1.2030954119e+01 -2.1198102278e-04 -2.1757360662e-04 -2.5298102278e-04 1.2030792950e+01
433.77511772 1.2035144615e+01 -3.4716866046e-04 -1.8972022249e-04 -3.5216866046e-04 1.2035181400e+01 -2.1220999050e-04 -2.1772022249e-04 -2.5320999050e-04 1.2035020080e+01
434.18784380 1.2039383222e+01 -3.4745771422e-04 -1.8986718235e-04 -3.5245771422e-04 1.2039420039e+01 -2.1243962224e-04 -2.1786718235e-04 -2.5343962224e-04 1.2039258569e+01
434.60056989 1.2043633227e+01 -3.4774752279e-04 -1.9001448721e-04 -3.5274752279e-04 1.2043670077e+01 -2.1266992055e-04 -2.1801448721e-04 -2.5366992055e-04 1.2043508456e+01
435.01329598 1.2047894671e+01 -3.4803808874e-04 -1.9016213803e-04 -3.5303808874e-04 1.2047931553e+01 -2.1290088803e-04 -2.1816213803e-04 -2.5390088803e-04 1.2047769781e+01
435.42602206 1.2052167594e+01 -3.4832941463e-04 -1.9031013583e-04 -3.5332941463e-04 1.2052204509e+01 -2.1313252726e-04 -2.1831013583e-04 -2.5413252726e-04 1.2052042585e+01
435.83874815 1.2056452037e+01 -3.4862150305e-04 -1.9045848159e-04 -3.5362150305e-04 1.2056488984e+01 -2.1336484084e-04 -2.1845848159e-04 -2.5436484084e-04 1.2056326908e+01
436.25147424 1.2060748041e+01 -3.4891435660e-04 -1.9060717632e-04 -3.5391435660e-04 1.2060785020e+01 -2.1359783139e-04 -2.1860717632e-04 -2.5459783139e-04 1.2060622792e+01
436.66420033 1.2065055646e+01 -3.4920797790e-04 -1.9075622103e-04 -3.5420797790e-04 1.2065092658e+01 -2.1383150155e-04 -2.1875622103e-04 -2.5483150155e-04 1.2064930277e+01
437.07692641 1.2069374894e+01 -3.4950236958e-04 -1.9090561672e-04 -3.5450236958e-04 1.2069411939e+01 -2.1406585396e-04 -2.1890561672e-04 -2.5506585396e-04 1.2069249404e+01
437.48965250 1.2073705826e+01 -3.4979753425e-04 -1.9105536441e-04 -3.5479753425e-04 1.2073742905e+01 -2.1430089128e-04 -2.1905536441e-04 -2.5530089128e-04 1.2073580216e+01
437.90237859 1.2078048485e+01 -3.5009347459e-04 -1.9120546511e-04 -3.5509347459e-04 1.2078085597e+01 -2.1453661619e-04 -2.1920546511e-04 -2.5553661619e-04 1.2077922754e+01
438.31510468 1.2082402912e+01 -3.5039019324e-04 -1.9135591985e-04 -3.5539019324e-04 1.2082440057e+01 -2.1477303137e-04 -2.1935591985e-04 -2.5577303137e-04 1.2082277059e+01
438.72783076 1.2086769148e+01 -3.5068769289e-04 -1.9150672965e-04 -3.5568769289e-04 1.2086806326e+01 -2.1501013952e-04 -2.1950672965e-04 -2.5601013952e-04 1.2086643173e+01
439.14055685 1.2091147237e+01 -3.5098597621e-04 -1.9165789553e-04 -3.5598597621e-04 1.2091184449e+01 -2.1524794337e-04 -2.1965789553e-04 -2.5624794337e-04 1.2091021140e+01
439.55328294 1.2095537221e+01 -3.5128504592e-04 -1.9180941854e-04 -3.5628504592e-04 1.2095574466e+01 -2.1548644565e-04 -2.1980941854e-04 -2.5648644565e-04 1.2095411001e+01
439.96600902 1.2099939142e+01 -3.5158490472e-04 -1.9196129971e-04 -3.5658490472e-04 1.2099976420e+01 -2.1572564910e-04 -2.1996129971e-04 -2.5672564910e-04 1.2099812799e+01
440.37873511 1.2104353043e+01 -3.5188555534e-04 -1.9211354008e-04 -3.5688555534e-04 1.2104390356e+01 -2.1596555648e-04 -2.2011354008e-04 -2.5696555648e-04 1.2104226577e+01
440.79146120 1.2108778968e+01 -3.5218700052e-04 -1.9226614070e-04 -3.5718700052e-04 1.2108816314e+01 -2.1620617057e-04 -2.2026614070e-04 -2.5720617057e-04 1.2108652379e+01
441.20418729 1.2113216960e+01 -3.5248924301e-04 -1.9241910261e-04 -3.5748924301e-04 1.2113254340e+01 -2.1644749416e-04 -2.2041910261e-04 -2.5744749416e-04 1.2113090246e+01
441.61691337 1.2117667062e+01 -3.5279228558e-04 -1.9257242687e-04 -3.5779228558e-04 1.2117704476e+01 -2.1668953006e-04 -2.2057242687e-04 -2.5768953006e-04 1.2117540224e+01
442.02963946 1.2122129319e+01 -3.5309613100e-04 -1.9272611453e-04 -3.5809613100e-04 1.2122166767e+01 -2.1693228108e-04 -2.2072611453e-04 -2.5793228108e-04 1.2122002356e+01
442.44236555 1.2126603773e+01 -3.5340078207e-04 -1.9288016667e-04 -3.5840078207e-04 1.2126641255e+01 -2.1717575007e-04 -2.2088016667e-04 -2.5817575007e-04 1.2126476685e+01
442.85509164 1.2131090470e+01 -3.5370624159e-04 -1.9303458433e-04 -3.5870624159e-04 1.2131127986e+01 -2.1741993987e-04 -2.2103458433e-04 -2.5841993987e-04 1.2130963257e+01
443.26781772 1.2135589454e+01 -3.5401251238e-04 -1.9318936860e-04 -3.5901251238e-04 1.2135627004e+01 -2.1766485335e-04 -2.2118936860e-04 -2.5866485335e-04 1.2135462115e+01
443.68054381 1.2140100769e+01 -3.5431959727e-04 -1.9334452054e-04 -3.5931959727e-04 1.2140138354e+01 -2.1791049340e-04 -2.2134452054e-04 -2.5891049340e-04 1.2139973304e+01
444.09326990 1.2144624460e+01 -3.5462749912e-04 -1.9350004124e-04 -3.5962749912e-04 1.2144662080e+01 -2.1815686290e-04 -2.2150004124e-04 -2.5915686290e-04 1.2144496868e+01
444.50599598 1.2149160573e+01 -3.5493622077e-04 -1.9365593177e-04 -3.5993622077e-04 1.2149198227e+01 -2.1840396478e-04 -2.2165593177e-04 -2.5940396478e-04 1.2149032854e+01
444.91872207 1.2153709153e+01 -3.5524576510e-04 -1.9381219323e-04 -3.6024576510e-04 1.2153746842e+01 -2.1865180197e-04 -2.2181219323e-04 -2.5965180197e-04 1.2153581307e+01
445.33144816 1.2158270245e+01 -3.5555613501e-04 -1.9396882670e-04 -3.6055613501e-04 1.2158307969e+01 -2.1890037741e-04 -2.2196882670e-04 -2.5990037741e-04 1.2158142271e+01
445.74417425 1.2162843895e+01 -3.5586733339e-04 -1.9412583328e-04 -3.6086733339e-04 1.2162881654e+01 -2.1914969405e-04 -2.2212583328e-04 -2.6014969405e-04 1.2162715793e+01
446.15690033 1.2167430149e+01 -3.5617936316e-04 -1.9428321407e-04 -3.6117936316e-04 1.2167467943e+01 -2.1939975489e-04 -2.2228321407e-04 -2.6039975489e-04 1.2167301919e+01
446.56962642 1.2172029054e+01 -3.5649222724e-04 -1.9444097017e-04 -3.6149222724e-04 1.2172066882e+01 -2.1965056291e-04 -2.2244097017e-04 -2.6065056291e-04 1.2171900694e+01
446.98235251 1.2176640655e+01 -3.5680592859e-04 -1.9459910269e-04 -3.6180592859e-04 1.2176678519e+01 -2.1990212112e-04 -2.2259910269e-04 -2.6090212112e-04 1.2176512166e+01
447.39507859 1.2181265000e+01 -3.5712047015e-04 -1.9475761274e-04 -3.6212047015e-04 1.2181302899e+01 -2.2015443256e-04 -2.2275761274e-04 -2.6115443256e-04 1.2181136382e+01
447.80780468 1.2185902135e+01 -3.5743585491e-04 -1.9491650145e-04 -3.6243585491e-04 1.2185940070e+01 -2.2040750025e-04 -2.2291650145e-04 -2.6140750025e-04 1.2185773387e+01
448.22053077 1.2190552108e+01 -3.5775208585e-04 -1.9507576992e-04 -3.6275208585e-04 1.2190590078e+01 -2.2066132727e-04 -2.2307576992e-04 -2.6166132727e-04 1.2190423230e+01
448.63325686 1.2195214966e+01 -3.5806916597e-04 -1.9523541928e-04 -3.6306916597e-04 1.2195252972e+01 -2.2091591669e-04 -2.2323541928e-04 -2.6191591669e-04 1.2195085957e+01
449.04598294 1.2199890757e+01 -3.5838709829e-04 -1.9539545068e-04 -3.6338709829e-04 1.2199928799e+01 -2.2117127161e-04 -2.2339545068e-04 -2.6217127161e-04 1.2199761617e+01
449.45870903 1.2204579529e+01 -3.5870588584e-04 -1.9555586523e-04 -3.6370588584e-04 1.2204617606e+01 -2.2142739513e-04 -2.2355586523e-04 -2.6242739513e-04 1.2204450258e+01
449.87143512 1.2209281330e+01 -3.5902553166e-04 -1.9571666408e-04 -3.6402553166e-04 1.2209319443e+01 -2.2168429038e-04 -2.2371666408e-04 -2.6268429038e-04 1.2209151926e+01
450.28416121 1.2213996208e+01 -3.5934603883e-04 -1.9587784837e-04 -3.6434603883e-04 1.2214034357e+01 -2.2194196051e-04 -2.2387784837e-04 -2.6294196051e-04 1.2213866672e+01
450.69688729 1.2218724212e+01 -3.5966741040e-04 -1.9603941924e-04 -3.6466741040e-04 1.2218762397e+01 -2.2220040868e-04 -2.2403941924e-04 -2.6320040868e-04 1.2218594543e+01
451.10961338 1.2223465390e+01 -3.5998964948e-04 -1.9620137786e-04 -3.6498964948e-04 1.2223503612e+01 -2.2245963807e-04 -2.2420137786e-04 -2.6345963807e-04 1.2223335589e+01
451.52233947 1.2228219793e+01 -3.6031275917e-04 -1.9636372538e-04 -3.6531275917e-04 1.2228258050e+01 -2.2271965188e-04 -2.2436372538e-04 -2.6371965188e-04 1.2228089858e+01
451.93506555 1.2232987469e+01 -3.6063674259e-04 -1.9652646296e-04 -3.6563674259e-04 1.2233025763e+01 -2.2298045332e-04 -2.2452646296e-04 -2.6398045332e-04 1.2232857400e+01
452.34779164 1.2237768468e+01 -3.6096160289e-04 -1.9668959175e-04 -3.6596160289e-04 1.2237806799e+01 -2.2324204563e-04 -2.2468959175e-04 -2.6424204563e-04 1.2237638265e+01
452.76051773 1.2242562840e+01 -3.6128734320e-04 -1.9685311295e-04 -3.6628734320e-04 1.2242601207e+01 -2.2350443206e-04 -2.2485311295e-04 -2.6450443206e-04 1.2242432502e+01
453.17324382 1.2247370636e+01 -3.6161396671e-04 -1.9701702771e-04 -3.6661396671e-04 1.2247409039e+01 -2.2376761588e-04 -2.2501702771e-04 -2.6476761588e-04 1.2247240162e+01
453.58596990 1.2252191904e+01 -3.6194147659e-04 -1.9718133723e-04 -3.6694147659e-04 1.2252230345e+01 -2.2403160037e-04 -2.2518133723e-04 -2.6503160037e-04 1.2252061296e+01
453.99869599 1.2257026697e+01 -3.6226987605e-04 -1.9734604267e-04 -3.6726987605e-04 1.2257065175e+01 -2.2429638885e-04 -2.2534604267e-04 -2.6529638885e-04 1.2256895953e+01
454.41142208 1.2261875066e+01 -3.6259916829e-04 -1.9751114524e-04 -3.6759916829e-04 1.2261913580e+01 -2.2456198463e-04 -2.2551114524e-04 -2.6556198463e-04 1.2261744185e+01
454.82414817 1.2266737060e+01 -3.6292935656e-04 -1.9767664613e-04 -3.6792935656e-04 1.2266775612e+01 -2.2482839107e-04 -2.2567664613e-04 -2.6582839107e-04 1.2266606043e+01
455.23687425 1.2271612733e+01 -3.6326044410e-04 -1.9784254653e-04 -3.6826044410e-04 1.2271651322e+01 -2.2509561151e-04 -2.2584254653e-04 -2.6609561151e-04 1.2271481578e+01
455.64960034 1.2276502135e+01 -3.6359243417e-04 -1.9800884765e-04 -3.6859243417e-04 1.2276540761e+01 -2.2536364935e-04 -2.2600884765e-04 -2.6636364935e-04 1.2276370843e+01
456.06232643 1.2281405319e+01 -3.6392533006e-04 -1.9817555069e-04 -3.6892533006e-04 1.2281443983e+01 -2.2563250798e-04 -2.2617555069e-04 -2.6663250798e-04 1.2281273889e+01
456.47505251 1.2286322337e+01 -3.6425913506e-04 -1.9834265687e-04 -3.6925913506e-04 1.2286361038e+01 -2.2590219083e-04 -2.2634265687e-04 -2.6690219083e-04 1.2286190769e+01
456.88777860 1.2291253241e+01 -3.6459385248e-04 -1.9851016741e-04 -3.6959385248e-04 1.2291291980e+01 -2.2617270132e-04 -2.2651016741e-04 -2.6717270132e-04 1.2291121534e+01
457.30050469 1.2296198085e+01 -3.6492948565e-04 -1.9867808353e-04 -3.6992948565e-04 1.2296236862e+01 -2.2644404292e-04 -2.2667808353e-04 -2.6744404292e-04 1.2296066239e+01
457.71323078 1.2301156921e+01 -3.6526603793e-04 -1.9884640645e-04 -3.7026603793e-04 1.2301195736e+01 -2.2671621911e-04 -2.2684640645e-04 -2.6771621911e-04 1.2301024935e+01
458.12595686 1.2306129803e+01 -3.6560351266e-04 -1.9901513740e-04 -3.7060351266e-04 1.2306168656e+01 -2.2698923338e-04 -2.2701513740e-04 -2.6798923338e-04 1.2305997677e+01
458.53868295 1.2311116785e+01 -3.6594191324e-04 -1.9918427763e-04 -3.7094191324e-04 1.2311155675e+01 -2.2726308925e-04 -2.2718427763e-04 -2.6826308925e-04 1.2310984518e+01
458.95140904 1.2316117920e+01 -3.6628124306e-04 -1.9935382838e-04 -3.7128124306e-04 1.2316156849e+01 -2.2753779026e-04 -2.2735382838e-04 -2.6853779026e-04 1.2315985512e+01
459.36413513 1.2321133263e+01 -3.6662150553e-04 -1.9952379088e-04 -3.7162150553e-04 1.2321172230e+01 -2.2781333996e-04 -2.2752379088e-04 -2.6881333996e-04 1.2321000714e+01
459.77686121 1.2326162868e+01 -3.6696270409e-04 -1.9969416640e-04 -3.7196270409e-04 1.2326201873e+01 -2.2808974193e-04 -2.2769416640e-04 -2.6908974193e-04 1.2326030177e+01
460.18958730 1.2331206790e+01 -3.6730484218e-04 -1.9986495619e-04 -3.7230484218e-04 1.2331245833e+01 -2.2836699977e-04 -2.2786495619e-04 -2.6936699977e-04 1.2331073957e+01
460.60231339 1.2336265083e+01 -3.6764792327e-04 -2.0003616151e-04 -3.7264792327e-04 1.2336304166e+01 -2.2864511710e-04 -2.2803616151e-04 -2.6964511710e-04 1.2336132108e+01
461.01503947 1.2341337805e+01 -3.6799195084e-04 -2.0020778363e-04 -3.7299195084e-04 1.2341376926e+01 -2.2892409755e-04 -2.2820778363e-04 -2.6992409755e-04 1.2341204686e+01
461.42776556 1.2346425009e+01 -3.6833692840e-04 -2.0037982381e-04 -3.7333692840e-04 1.2346464169e+01 -2.2920394478e-04 -2.2837982381e-04 -2.7020394478e-04 1.2346291747e+01
461.84049165 1.2351526753e+01 -3.6868285947e-04 -2.0055228334e-04 -3.7368285947e-04 1.2351565952e+01 -2.2948466248e-04 -2.2855228334e-04 -2.7048466248e-04 1.2351393347e+01
462.25321774 1.2356643092e+01 -3.6902974757e-04 -2.0072516350e-04 -3.7402974757e-04 1.2356682330e+01 -2.2976625435e-04 -2.2872516350e-04 -2.7076625435e-04 1.2356509542e+01
462.66594382 1.2361774083e+01 -3.6937759627e-04 -2.0089846558e-04 -3.7437759627e-04 1.2361813360e+01 -2.3004872411e-04 -2.2889846558e-04 -2.7104872411e-04 1.2361640388e+01
463.07866991 1.2366919783e+01 -3.6972640913e-04 -2.0107219086e-04 -3.7472640913e-04 1.2366959099e+01 -2.3033207550e-04 -2.2907219086e-04 -2.7133207550e-04 1.2366785942e+01
463.49139600 1.2372080249e+01 -3.7007618976e-04 -2.0124634064e-04 -3.7507618976e-04 1.2372119605e+01 -2.3061631229e-04 -2.2924634064e-04 -2.7161631229e-04 1.2371946262e+01
463.90412209 1.2377255538e+01 -3.7042694176e-04 -2.0142091622e-04 -3.7542694176e-04 1.2377294933e+01 -2.3090143827e-04 -2.2942091622e-04 -2.7190143827e-04 1.2377121405e+01
464.31684817 1.2382445708e+01 -3.7077866875e-04 -2.0159591892e-04 -3.7577866875e-04 1.2382485143e+01 -2.3118745725e-04 -2.2959591892e-04 -2.7218745725e-04 1.2382311429e+01
464.72957426 1.2387650818e+01 -3.7113137438e-04 -2.0177135005e-04 -3.7613137438e-04 1.2387690293e+01 -2.3147437305e-04 -2.2977135005e-04 -2.7247437305e-04 1.2387516392e+01
465.14230035 1.2392870925e+01 -3.7148506233e-04 -2.0194721091e-04 -3.7648506233e-04 1.2392910440e+01 -2.3176218954e-04 -2.2994721091e-04 -2.7276218954e-04 1.2392736351e+01
465.55502643 1.2398106089e+01 -3.7183973627e-04 -2.0212350285e-04 -3.7683973627e-04 1.2398145643e+01 -2.3205091059e-04 -2.3012350285e-04 -2.7305091059e-04 1.2397971367e+01
465.96775252 1.2403356368e+01 -3.7219539990e-04 -2.0230022717e-04 -3.7719539990e-04 1.2403395963e+01 -2.3234054010e-04 -2.3030022717e-04 -2.7334054010e-04 1.2403221498e+01
466.38047861 1.2408621821e+01 -3.7255205695e-04 -2.0247738523e-04 -3.7755205695e-04 1.2408661457e+01 -2.3263108199e-04 -2.3047738523e-04 -2.7363108199e-04 1.2408486802e+01
466.79320470 1.2413902510e+01 -3.7290971116e-04 -2.0265497834e-04 -3.7790971116e-04 1.2413942185e+01 -2.3292254020e-04 -2.3065497834e-04 -2.7392254020e-04 1.2413767341e+01
467.20593078 1.2419198492e+01 -3.7326836628e-04 -2.0283300787e-04 -3.7826836628e-04 1.2419238208e+01 -2.3321491870e-04 -2.3083300787e-04 -2.7421491870e-04 1.2419063174e+01
467.61865687 1.2424509829e+01 -3.7362802611e-04 -2.0301147517e-04 -3.7862802611e-04 1.2424549586e+01 -2.3350822149e-04 -2.3101147517e-04 -2.7450822149e-04 1.2424374361e+01
468.03138296 1.2429836582e+01 -3.7398869443e-04 -2.0319038157e-04 -3.7898869443e-04 1.2429876379e+01 -2.3380245257e-04 -2.3119038157e-04 -2.7480245257e-04 1.2429700962e+01
468.44410905 1.2435178810e+01 -3.7435037507e-04 -2.0336972845e-04 -3.7935037507e-04 1.2435218648e+01 -2.3409761598e-04 -2.3136972845e-04 -2.7509761598e-04 1.2435043040e+01
468.85683513 1.2440536576e+01 -3.7471307187e-04 -2.0354951717e-04 -3.7971307187e-04 1.2440576455e+01 -2.3439371579e-04 -2.3154951717e-04 -2.7539371579e-04 1.2440400654e+01
469.26956122 1.2445909942e+01 -3.7507678868e-04 -2.0372974911e-04 -3.8007678868e-04 1.2445949861e+01 -2.3469075607e-04 -2.3172974911e-04 -2.7569075607e-04 1.2445773867e+01
469.68228731 1.2451298968e+01 -3.7544152938e-04 -2.0391042563e-04 -3.8044152938e-04 1.2451338929e+01 -2.3498874094e-04 -2.3191042563e-04 -2.7598874094e-04 1.2451162741e+01
470.09501339 1.2456703717e+01 -3.7580729787e-04 -2.0409154813e-04 -3.8080729787e-04 1.2456743720e+01 -2.3528767454e-04 -2.3209154813e-04 -2.7628767454e-04 1.2456567337e+01
470.50773948 1.2462124253e+01 -3.7617409807e-04 -2.0427311799e-04 -3.8117409807e-04 1.2462164297e+01 -2.3558756101e-04 -2.3227311799e-04 -2.7658756101e-04 1.2461987719e+01
470.92046557 1.2467560637e+01 -3.7654193392e-04 -2.0445513660e-04 -3.8154193392e-04 1.2467600723e+01 -2.3588840454e-04 -2.3245513660e-04 -2.7688840454e-04 1.2467423949e+01
471.33319166 1.2473012934e+01 -3.7691080939e-04 -2.0463760536e-04 -3.8191080939e-04 1.2473053061e+01 -2.3619020934e-04 -2.3263760536e-04 -2.7719020934e-04 1.2472876091e+01
471.74591774 1.2478481206e+01 -3.7728072844e-04 -2.0482052568e-04 -3.8228072844e-04 1.2478521375e+01 -2.3649297964e-04 -2.3282052568e-04 -2.7749297964e-04 1.2478344209e+01
472.15864383 1.2483965519e+01 -3.7765169508e-04 -2.0500389896e-04 -3.8265169508e-04 1.2484005729e+01 -2.3679671969e-04 -2.3300389896e-04 -2.7779671969e-04 1.2483828365e+01
472.57136992 1.2489465935e+01 -3.7802371334e-04 -2.0518772663e-04 -3.8302371334e-04 1.2489506188e+01 -2.3710143379e-04 -2.3318772663e-04 -2.7810143379e-04 1.2489328626e+01
472.98409601 1.2494982520e+01 -3.7839678726e-04 -2.0537201010e-04 -3.8339678726e-04 1.2495022815e+01 -2.3740712622e-04 -2.3337201010e-04 -2.7840712622e-04 1.2494845055e+01
473.39682209 1.2500515340e+01 -3.7877092090e-04 -2.0555675080e-04 -3.8377092090e-04 1.2500555677e+01 -2.3771380134e-04 -2.3355675080e-04 -2.7871380134e-04 1.2500377717e+01
473.80954818 1.2506064458e+01 -3.7914611835e-04 -2.0574195017e-04 -3.8414611835e-04 1.2506104838e+01 -2.3802146349e-04 -2.3374195017e-04 -2.7902146349e-04 1.2505926678e+01
474.22227427 1.2511629942e+01 -3.7952238372e-04 -2.0592760964e-04 -3.8452238372e-04 1.2511670364e+01 -2.3833011707e-04 -2.3392760964e-04 -2.7933011707e-04 1.2511492003e+01
474.63500035 1.2517211857e+01 -3.7989972113e-04 -2.0611373065e-04 -3.8489972113e-04 1.2517252322e+01 -2.3863976648e-04 -2.3411373065e-04 -2.7963976648e-04 1.2517073760e+01
475.04772644 1.2522810270e+01 -3.8027813474e-04 -2.0630031467e-04 -3.8527813474e-04 1.2522850777e+01 -2.3895041616e-04 -2.3430031467e-04 -2.7995041616e-04 1.2522672014e+01
475.46045253 1.2528425247e+01 -3.8065762872e-04 -2.0648736313e-04 -3.8565762872e-04 1.2528465798e+01 -2.3926207058e-04 -2.3448736313e-04 -2.8026207058e-04 1.2528286831e+01
475.87317862 1.2534056856e+01 -3.8103820726e-04 -2.0667487752e-04 -3.8603820726e-04 1.2534097450e+01 -2.3957473423e-04 -2.3467487752e-04 -2.8057473423e-04 1.2533918280e+01
476.28590470 1.2539705165e+01 -3.8141987459e-04 -2.0686285928e-04 -3.8641987459e-04 1.2539745801e+01 -2.3988841162e-04 -2.3486285928e-04 -2.8088841162e-04 1.2539566428e+01
476.69863079 1.2545370240e+01 -3.8180263494e-04 -2.0705130990e-04 -3.8680263494e-04 1.2545410921e+01 -2.4020310731e-04 -2.3505130990e-04 -2.8120310731e-04 1.2545231343e+01
477.11135688 1.2551052152e+01 -3.8218649257e-04 -2.0724023086e-04 -3.8718649257e-04 1.2551092876e+01 -2.4051882586e-04 -2.3524023086e-04 -2.8151882586e-04 1.2550913093e+01
477.52408297 1.2556750968e+01 -3.8257145178e-04 -2.0742962364e-04 -3.8757145178e-04 1.2556791735e+01 -2.4083557187e-04 -2.3542962364e-04 -2.8183557187e-04 1.2556611747e+01
477.93680905 1.2562466758e+01 -3.8295751686e-04 -2.0761948974e-04 -3.8795751686e-04 1.2562507569e+01 -2.4115334998e-04 -2.3561948974e-04 -2.8215334998e-04 1.2562327374e+01
478.34953514 1.2568199591e+01 -3.8334469215e-04 -2.0780983064e-04 -3.8834469215e-04 1.2568240445e+01 -2.4147216484e-04 -2.3580983064e-04 -2.8247216484e-04 1.2568060044e+01
478.76226123 1.2573949537e+01 -3.8373298200e-04 -2.0800064786e-04 -3.8873298200e-04 1.2573990435e+01 -2.4179202113e-04 -2.3600064786e-04 -2.8279202113e-04 1.2573809826e+01
479.17498731 1.2579716666e+01 -3.8412239079e-04 -2.0819194290e-04 -3.8912239079e-04 1.2579757608e+01 -2.4211292357e-04 -2.3619194290e-04 -2.8311292357e-04 1.2579576791e+01
479.58771340 1.2585501049e+01 -3.8451292292e-04 -2.0838371728e-04 -3.8951292292e-04 1.2585542036e+01 -2.4243487690e-04 -2.3638371728e-04 -2.8343487690e-04 1.2585361009e+01
480.00043949 1.2591302757e+01 -3.8490458281e-04 -2.0857597253e-04 -3.8990458281e-04 1.2591343788e+01 -2.4275788589e-04 -2.3657597253e-04 -2.8375788589e-04 1.2591162552e+01
480.41316558 1.2597121861e+01 -3.8529737491e-04 -2.0876871016e-04 -3.9029737491e-04 1.2597162937e+01 -2.4308195534e-04 -2.3676871016e-04 -2.8408195534e-04 1.2596981490e+01
480.82589166 1.2602958434e+01 -3.8569130370e-04 -2.0896193171e-04 -3.9069130370e-04 1.2602999554e+01 -2.4340709008e-04 -2.3696193171e-04 -2.8440709008e-04 1.2602817897e+01
481.23861775 1.2608812547e+01 -3.8608637366e-04 -2.0915563873e-04 -3.9108637366e-04 1.2608853713e+01 -2.4373329497e-04 -2.3715563873e-04 -2.8473329497e-04 1.2608671843e+01
481.65134384 1.2614684274e+01 -3.8648258932e-04 -2.0934983276e-04 -3.9148258932e-04 1.2614725484e+01 -2.4406057489e-04 -2.3734983276e-04 -2.8506057489e-04 1.2614543403e+01
482.06406993 1.2620573687e+01 -3.8687995523e-04 -2.0954451534e-04 -3.9187995523e-04 1.2620614942e+01 -2.4438893477e-04 -2.3754451534e-04 -2.8538893477e-04 1.2620432648e+01
482.47679601 1.2626480860e+01 -3.8727847594e-04 -2.0973968805e-04 -3.9227847594e-04 1.2626522161e+01 -2.4471837956e-04 -2.3773968805e-04 -2.8571837956e-04 1.2626339652e+01
482.88952210 1.2632405867e+01 -3.8767815606e-04 -2.0993535245e-04 -3.9267815606e-04 1.2632447213e+01 -2.4504891423e-04 -2.3793535245e-04 -2.8604891423e-04 1.2632264490e+01
483.30224819 1.2638348782e+01 -3.8807900021e-04 -2.1013151010e-04 -3.9307900021e-04 1.2638390173e+01 -2.4538054379e-04 -2.3813151010e-04 -2.8638054379e-04 1.2638207235e+01
483.71497427 1.2644309680e+01 -3.8848101302e-04 -2.1032816259e-04 -3.9348101302e-04 1.2644351116e+01 -2.4571327328e-04 -2.3832816259e-04 -2.8671327328e-04 1.2644167963e+01
484.12770036 1.2650288636e+01 -3.8888419916e-04 -2.1052531150e-04 -3.9388419916e-04 1.2650330118e+01 -2.4604710779e-04 -2.3852531150e-04 -2.8704710779e-04 1.2650146748e+01
484.54042645 1.2656285725e+01 -3.8928856334e-04 -2.1072295841e-04 -3.9428856334e-04 1.2656327254e+01 -2.4638205240e-04 -2.3872295841e-04 -2.8738205240e-04 1.2656143666e+01
484.95315254 1.2662301025e+01 -3.8969411026e-04 -2.1092110493e-04 -3.9469411026e-04 1.2662342599e+01 -2.4671811226e-04 -2.3892110493e-04 -2.8771811226e-04 1.2662158794e+01
485.36587862 1.2668334610e+01 -3.9010084468e-04 -2.1111975266e-04 -3.9510084468e-04 1.2668376231e+01 -2.4705529254e-04 -2.3911975266e-04 -2.8805529254e-04 1.2668192207e+01
485.77860471 1.2674386559e+01 -3.9050877136e-04 -2.1131890322e-04 -3.9550877136e-04 1.2674428226e+01 -2.4739359842e-04 -2.3931890322e-04 -2.8839359842e-04 1.2674243983e+01
486.19133080 1.2680456948e+01 -3.9091789510e-04 -2.1151855820e-04 -3.9591789510e-04 1.2680498661e+01 -2.4773303515e-04 -2.3951855820e-04 -2.8873303515e-04 1.2680314198e+01
486.60405689 1.2686545855e+01 -3.9132822073e-04 -2.1171871925e-04 -3.9632822073e-04 1.2686587615e+01 -2.4807360799e-04 -2.3971871925e-04 -2.8907360799e-04 1.2686402931e+01
487.01678297 1.2692653359e+01 -3.9173975310e-04 -2.1191938798e-04 -3.9673975310e-04 1.2692695166e+01 -2.4841532223e-04 -2.3991938798e-04 -2.8941532223e-04 1.2692510261e+01
487.42950906 1.2698779538e+01 -3.9215249708e-04 -2.1212056603e-04 -3.9715249708e-04 1.2698821392e+01 -2.4875818320e-04 -2.4012056603e-04 -2.8975818320e-04 1.2698636264e+01
487.84223515 1.2704924472e+01 -3.9256645757e-04 -2.1232225506e-04 -3.9756645757e-04 1.2704966372e+01 -2.4910219628e-04 -2.4032225506e-04 -2.9010219628e-04 1.2704781022e+01
488.25496123 1.2711088239e+01 -3.9298163951e-04 -2.1252445669e-04 -3.9798163951e-04 1.2711130187e+01 -2.4944736685e-04 -2.4052445669e-04 -2.9044736685e-04 1.2710944613e+01
488.66768732 1.2717270920e+01 -3.9339804786e-04 -2.1272717260e-04 -3.9839804786e-04 1.2717312915e+01 -2.4979370035e-04 -2.4072717260e-04 -2.9079370035e-04 1.2717127117e+01
489.08041341 1.2723472596e+01 -3.9381568759e-04 -2.1293040444e-04 -3.9881568759e-04 1.2723514639e+01 -2.5014120225e-04 -2.4093040444e-04 -2.9114120225e-04 1.2723328615e+01
489.49313950 1.2729693347e+01 -3.9423456372e-04 -2.1313415388e-04 -3.9923456372e-04 1.2729735437e+01 -2.5048987803e-04 -2.4113415388e-04 -2.9148987803e-04 1.2729549189e+01
489.90586558 1.2735933256e+01 -3.9465468129e-04 -2.1333842260e-04 -3.9965468129e-04 1.2735975394e+01 -2.5083973325e-04 -2.4133842260e-04 -2.9183973325e-04 1.2735788918e+01
490.31859167 1.2742192403e+01 -3.9507604537e-04 -2.1354321228e-04 -4.0007604537e-04 1.2742234589e+01 -2.5119077346e-04 -2.4154321228e-04 -2.9219077346e-04 1.2742047886e+01
490.73131776 1.2748470871e+01 -3.9549866105e-04 -2.1374852461e-04 -4.0049866105e-04 1.2748513105e+01 -2.5154300428e-04 -2.4174852461e-04 -2.9254300428e-04 1.2748326174e+01
491.14404385 1.2754768744e+01 -3.9592253346e-04 -2.1395436128e-04 -4.0092253346e-04 1.2754811026e+01 -2.5189643133e-04 -2.4195436128e-04 -2.9289643133e-04 1.2754623866e+01
491.55676993 1.2761086104e+01 -3.9634766775e-04 -2.1416072401e-04 -4.0134766775e-04 1.2761128434e+01 -2.5225106031e-04 -2.4216072401e-04 -2.9325106031e-04 1.2760941045e+01
491.96949602 1.2767423036e+01 -3.9677406911e-04 -2.1436761449e-04 -4.0177406911e-04 1.2767465414e+01 -2.5260689692e-04 -2.4236761449e-04 -2.9360689692e-04 1.2767277795e+01
492.38222211 1.2773779623e+01 -3.9720174273e-04 -2.1457503445e-04 -4.0220174273e-04 1.2773822050e+01 -2.5296394691e-04 -2.4257503445e-04 -2.9396394691e-04 1.2773634200e+01
492.79494819 1.2780155951e+01 -3.9763069387e-04 -2.1478298561e-04 -4.0263069387e-04 1.2780198427e+01 -2.5332221607e-04 -2.4278298561e-04 -2.9432221607e-04 1.2780010345e+01
493.20767428 1.2786552104e+01 -3.9806092779e-04 -2.1499146969e-04 -4.0306092779e-04 1.2786594630e+01 -2.5368171022e-04 -2.4299146969e-04 -2.9468171022e-04 1.2786406315e+01
493.62040037 1.2792968170e+01 -3.9849244979e-04 -2.1520048844e-04 -4.0349244979e-04 1.2793010744e+01 -2.5404243522e-04 -2.4320048844e-04 -2.9504243522e-04 1.2792822196e+01
494.03312646 1.2799404233e+01 -3.9892526519e-04 -2.1541004361e-04 -4.0392526519e-04 1.2799446857e+01 -2.5440439696e-04 -2.4341004361e-04 -2.9540439696e-04 1.2799258074e+01
494.44585254 1.2805860382e+01 -3.9935937936e-04 -2.1562013694e-04 -4.0435937936e-04 1.2805903054e+01 -2.5476760138e-04 -2.4362013694e-04 -2.9576760138e-04 1.2805714037e+01
494.85857863 1.2812336702e+01 -3.9979479768e-04 -2.1583077019e-04 -4.0479479768e-04 1.2812379425e+01 -2.5513205446e-04 -2.4383077019e-04 -2.9613205446e-04 1.2812190172e+01
495.27130472 1.2818833283e+01 -4.0023152557e-04 -2.1604194513e-04 -4.0523152557e-04 1.2818876055e+01 -2.5549776221e-04 -2.4404194513e-04 -2.9649776221e-04 1.2818686566e+01
495.68403080 1.2825350212e+01 -4.0066956848e-04 -2.1625366353e-04 -4.0566956848e-04 1.2825393034e+01 -2.5586473067e-04 -2.4425366353e-04 -2.9686473067e-04 1.2825203308e+01
496.09675689 1.2831887579e+01 -4.0110893188e-04 -2.1646592716e-04 -4.0610893188e-04 1.2831930451e+01 -2.5623296594e-04 -2.4446592716e-04 -2.9723296594e-04 1.2831740486e+01
496.50948298 1.2838445472e+01 -4.0154962130e-04 -2.1667873783e-04 -4.0654962130e-04 1.2838488395e+01 -2.5660247414e-04 -2.4467873783e-04 -2.9760247414e-04 1.2838298191e+01
496.92220907 1.2845023983e+01 -4.0199164226e-04 -2.1689209732e-04 -4.0699164226e-04 1.2845066955e+01 -2.5697326146e-04 -2.4489209732e-04 -2.9797326146e-04 1.2844876512e+01
497.33493515 1.2851623200e+01 -4.0243500035e-04 -2.1710600743e-04 -4.0743500035e-04 1.2851666224e+01 -2.5734533408e-04 -2.4510600743e-04 -2.9834533408e-04 1.2851475540e+01
497.74766124 1.2858243216e+01 -4.0287970117e-04 -2.1732046997e-04 -4.0787970117e-04 1.2858286290e+01 -2.5771869827e-04 -2.4532046997e-04 -2.9871869827e-04 1.2858095365e+01
498.16038733 1.2864884122e+01 -4.0332575035e-04 -2.1753548676e-04 -4.0832575035e-04 1.2864927247e+01 -2.5809336031e-04 -2.4553548676e-04 -2.9909336031e-04 1.2864736080e+01
498.57311342 1.2871546011e+01 -4.0377315356e-04 -2.1775105963e-04 -4.0877315356e-04 1.2871589186e+01 -2.5846932654e-04 -2.4575105963e-04 -2.9946932654e-04 1.2871397776e+01
498.98583950 1.2878228974e+01 -4.0422191650e-04 -2.1796719039e-04 -4.0922191650e-04 1.2878272201e+01 -2.5884660332e-04 -2.4596719039e-04 -2.9984660332e-04 1.2878080547e+01
499.39856559 1.2884933105e+01 -4.0467204491e-04 -2.1818388090e-04 -4.0967204491e-04 1.2884976383e+01 -2.5922519707e-04 -2.4618388090e-04 -3.0022519707e-04 1.2884784485e+01
499.81129168 1.2891658497e+01 -4.0512354455e-04 -2.1840113299e-04 -4.1012354455e-04 1.2891701827e+01 -2.5960511425e-04 -2.4640113299e-04 -3.0060511425e-04 1.2891509683e+01
500.22401776 1.2898405246e+01 -4.0557642123e-04 -2.1861894852e-04 -4.1057642123e-04 1.2898448628e+01 -2.5998636135e-04 -2.4661894852e-04 -3.0098636135e-04 1.2898256238e+01
500.63674385 1.2905173447e+01 -4.0603068076e-04 -2.1883732934e-04 -4.1103068076e-04 1.2905216880e+01 -2.6036894492e-04 -2.4683732934e-04 -3.0136894492e-04 1.2905024243e+01
501.04946994 1.2911963193e+01 -4.0648632903e-04 -2.1905627734e-04 -4.1148632903e-04 1.2912006679e+01 -2.6075287153e-04 -2.4705627734e-04 -3.0175287153e-04 1.2911813794e+01
501.46219603 1.2918774583e+01 -4.0694337192e-04 -2.1927579438e-04 -4.1194337192e-04 1.2918818121e+01 -2.6113814782e-04 -2.4727579438e-04 -3.0213814782e-04 1.2918624987e+01
501.87492211 1.2925607712e+01 -4.0740181538e-04 -2.1949588234e-04 -4.1240181538e-04 1.2925651302e+01 -2.6152478047e-04 -2.4749588234e-04 -3.0252478047e-04 1.2925457918e+01
502.28764820 1.2932462677e+01 -4.0786166536e-04 -2.1971654311e-04 -4.1286166536e-04 1.2932506320e+01 -2.6191277617e-04 -2.4771654311e-04 -3.0291277617e-04 1.2932312686e+01
502.70037429 1.2939339577e+01 -4.0832292787e-04 -2.1993777860e-04 -4.1332292787e-04 1.2939383272e+01 -2.6230214170e-04 -2.4793777860e-04 -3.0330214170e-04 1.2939189387e+01
503.11310038 1.2946238510e+01 -4.0878560895e-04 -2.2015959071e-04 -4.1378560895e-04 1.2946282258e+01 -2.6269288385e-04 -2.4815959071e-04 -3.0369288385e-04 1.2946088121e+01
503.52582646 1.2953159575e+01 -4.0924971467e-04 -2.2038198134e-04 -4.1424971467e-04 1.2953203376e+01 -2.6308500948e-04 -2.4838198134e-04 -3.0408500948e-04 1.2953008985e+01
503.93855255 1.2960102871e+01 -4.0971525114e-04 -2.2060495243e-04 -4.1471525114e-04 1.2960146725e+01 -2.6347852549e-04 -2.4860495243e-04 -3.0447852549e-04 1.2959952081e+01
504.35127864 1.2967068499e+01 -4.1018222449e-04 -2.2082850590e-04 -4.1518222449e-04 1.2967112406e+01 -2.6387343881e-04 -2.4882850590e-04 -3.0487343881e-04 1.2966917507e+01
504.76400472 1.2974056559e+01 -4.1065064090e-04 -2.2105264369e-04 -4.1565064090e-04 1.2974100520e+01 -2.6426975643e-04 -2.4905264369e-04 -3.0526975643e-04 1.2973905366e+01
505.17673081 1.2981067154e+01 -4.1112050660e-04 -2.2127736774e-04 -4.1612050660e-04 1.2981111169e+01 -2.6466748538e-04 -2.4927736774e-04 -3.0566748538e-04 1.2980915758e+01
505.58945690 1.2988100385e+01 -4.1159182782e-04 -2.2150267999e-04 -4.1659182782e-04 1.2988144453e+01 -2.6506663276e-04 -2.4950267999e-04 -3.0606663276e-04 1.2987948785e+01
506.00218299 1.2995156354e+01 -4.1206461086e-04 -2.2172858243e-04 -4.1706461086e-04 1.2995200477e+01 -2.6546720567e-04 -2.4972858243e-04 -3.0646720567e-04 1.2995004550e+01
506.41490907 1.3002235166e+01 -4.1253886203e-04 -2.2195507700e-04 -4.1753886203e-04 1.3002279343e+01 -2.6586921132e-04 -2.4995507700e-04 -3.0686921132e-04 1.3002083157e+01
506.82763516 1.3009336924e+01 -4.1301458770e-04 -2.2218216568e-04 -4.1801458770e-04 1.3009381155e+01 -2.6627265691e-04 -2.5018216568e-04 -3.0727265691e-04 1.3009184709e+01
507.24036125 1.3016461733e+01 -4.1349179426e-04 -2.2240985046e-04 -4.1849179426e-04 1.3016506019e+01 -2.6667754972e-04 -2.5040985046e-04 -3.0767754972e-04 1.3016309311e+01
507.65308734 1.3023609697e+01 -4.1397048816e-04 -2.2263813333e-04 -4.1897048816e-04 1.3023654038e+01 -2.6708389708e-04 -2.5063813333e-04 -3.0808389708e-04 1.3023457069e+01
508.06581342 1.3030780924e+01 -4.1445067585e-04 -2.2286701629e-04 -4.1945067585e-04 1.3030825320e+01 -2.6749170636e-04 -2.5086701629e-04 -3.0849170636e-04 1.3030628088e+01
508.47853951 1.3037975519e+01 -4.1493236386e-04 -2.2309650134e-04 -4.1993236386e-04 1.3038019970e+01 -2.6790098497e-04 -2.5109650134e-04 -3.0890098497e-04 1.3037822474e+01
508.89126560 1.3045193590e+01 -4.1541555873e-04 -2.2332659051e-04 -4.2041555873e-04 1.3045238097e+01 -2.6831174040e-04 -2.5132659051e-04 -3.0931174040e-04 1.3045040336e+01
509.30399168 1.3052435245e+01 -4.1590026704e-04 -2.2355728580e-04 -4.2090026704e-04 1.3052479807e+01 -2.6872398017e-04 -2.5155728580e-04 -3.0972398017e-04 1.3052281781e+01
509.71671777 1.3059700592e+01 -4.1638649544e-04 -2.2378858926e-04 -4.2138649544e-04 1.3059745209e+01 -2.6913771184e-04 -2.5178858926e-04 -3.1013771184e-04 1.3059546917e+01
510.12944386 1.3066989740e+01 -4.1687425057e-04 -2.2402050291e-04 -4.2187425057e-04 1.3067034413e+01 -2.6955294305e-04 -2.5202050291e-04 -3.1055294305e-04 1.3066835853e+01
510.54216995 1.3074302800e+01 -4.1736353915e-04 -2.2425302882e-04 -4.2236353915e-04 1.3074347529e+01 -2.6996968148e-04 -2.5225302882e-04 -3.1096968148e-04 1.3074148700e+01
510.95489603 1.3081639881e+01 -4.1785436792e-04 -2.2448616903e-04 -4.2285436792e-04 1.3081684667e+01 -2.7038793485e-04 -2.5248616903e-04 -3.1138793485e-04 1.3081485569e+01
511.36762212 1.3089001096e+01 -4.1834674366e-04 -2.2471992561e-04 -4.2334674366e-04 1.3089045938e+01 -2.7080771096e-04 -2.5271992561e-04 -3.1180771096e-04 1.3088846570e+01
511.78034821 1.3096386556e+01 -4.1884067321e-04 -2.2495430063e-04 -4.2384067321e-04 1.3096431455e+01 -2.7122901763e-04 -2.5295430063e-04 -3.1222901763e-04 1.3096231815e+01
512.19307430 1.3103796374e+01 -4.1933616342e-04 -2.2518929616e-04 -4.2433616342e-04 1.3103841330e+01 -2.7165186276e-04 -2.5318929616e-04 -3.1265186276e-04 1.3103641418e+01
512.60580038 1.3111230664e+01 -4.1983322121e-04 -2.2542491431e-04 -4.2483322121e-04 1.3111275676e+01 -2.7207625429e-04 -2.5342491431e-04 -3.1307625429e-04 1.3111075491e+01
513.01852647 1.3118689539e+01 -4.2033185352e-04 -2.2566115716e-04 -4.2533185352e-04 1.3118734608e+01 -2.7250220022e-04 -2.5366115716e-04 -3.1350220022e-04 1.3118534149e+01
513.43125256 1.3126173114e+01 -4.2083206734e-04 -2.2589802681e-04 -4.2583206734e-04 1.3126218241e+01 -2.7292970862e-04 -2.5389802681e-04 -3.1392970862e-04 1.3126017507e+01
513.84397864 1.3133681505e+01 -4.2133386971e-04 -2.2613552538e-04 -4.2633386971e-04 1.3133726690e+01 -2.7335878758e-04 -2.5413552538e-04 -3.1435878758e-04 1.3133525679e+01
514.25670473 1.3141214828e+01 -4.2183726770e-04 -2.2637365500e-04 -4.2683726770e-04 1.3141260071e+01 -2.7378944528e-04 -2.5437365500e-04 -3.1478944528e-04 1.3141058783e+01
514.66943082 1.3148773201e+01 -4.2234226842e-04 -2.2661241779e-04 -4.2734226842e-04 1.3148818501e+01 -2.7422168994e-04 -2.5461241779e-04 -3.1522168994e-04 1.3148616936e+01
515.08215691 1.3156356740e+01 -4.2284887904e-04 -2.2685181588e-04 -4.2784887904e-04 1.3156402099e+01 -2.7465552984e-04 -2.5485181588e-04 -3.1565552984e-04 1.3156200255e+01
515.49488299 1.3163965565e+01 -4.2335710675e-04 -2.2709185144e-04 -4.2835710675e-04 1.3164010982e+01 -2.7509097333e-04 -2.5509185144e-04 -3.1609097333e-04 1.3163808858e+01
515.90760908 1.3171599795e+01 -4.2386695881e-04 -2.2733252660e-04 -4.2886695881e-04 1.3171645271e+01 -2.7552802879e-04 -2.5533252660e-04 -3.1652802879e-04 1.3171442865e+01
516.32033517 1.3179259550e+01 -4.2437844250e-04 -2.2757384353e-04 -4.2937844250e-04 1.3179305084e+01 -2.7596670469e-04 -2.5557384353e-04 -3.1696670469e-04 1.3179102397e+01
516.73306126 1.3186944950e+01 -4.2489156515e-04 -2.2781580441e-04 -4.2989156515e-04 1.3186990543e+01 -2.7640700953e-04 -2.5581580441e-04 -3.1740700953e-04 1.3186787573e+01
517.14578734 1.3194656118e+01 -4.2540633416e-04 -2.2805841142e-04 -4.3040633416e-04 1.3194701770e+01 -2.7684895189e-04 -2.5605841142e-04 -3.1784895189e-04 1.3194498515e+01
517.55851343 1.3202393175e+01 -4.2592275693e-04 -2.2830166674e-04 -4.3092275693e-04 1.3202438887e+01 -2.7729254042e-04 -2.5630166674e-04 -3.1829254042e-04 1.3202235347e+01
517.97123952 1.3210156245e+01 -4.2644084093e-04 -2.2854557257e-04 -4.3144084093e-04 1.3210202016e+01 -2.7773778379e-04 -2.5654557257e-04 -3.1873778379e-04 1.3209998190e+01
518.38396560 1.3217945451e+01 -4.2696059369e-04 -2.2879013112e-04 -4.3196059369e-04 1.3217991282e+01 -2.7818469077e-04 -2.5679013112e-04 -3.1918469077e-04 1.3217787169e+01
518.79669169 1.3225760919e+01 -4.2748202276e-04 -2.2903534460e-04 -4.3248202276e-04 1.3225806810e+01 -2.7863327018e-04 -2.5703534460e-04 -3.1963327018e-04 1.3225602408e+01
519.20941778 1.3233602773e+01 -4.2800513575e-04 -2.2928121524e-04 -4.3300513575e-04 1.3233648724e+01 -2.7908353090e-04 -2.5728121524e-04 -3.2008353090e-04 1.3233444034e+01
519.62214387 1.3241471141e+01 -4.2852994030e-04 -2.2952774526e-04 -4.3352994030e-04 1.3241517153e+01 -2.7953548187e-04 -2.5752774526e-04 -3.2053548187e-04 1.3241312171e+01
520.03486995 1.3249366149e+01 -4.2905644413e-04 -2.2977493691e-04 -4.3405644413e-04 1.3249412221e+01 -2.7998913209e-04 -2.5777493691e-04 -3.2098913209e-04 1.3249206949e+01
520.44759604 1.3257287926e+01 -4.2958465496e-04 -2.3002279243e-04 -4.3458465496e-04 1.3257334059e+01 -2.8044449065e-04 -2.5802279243e-04 -3.2144449065e-04 1.3257128494e+01
520.86032213 1.3265236599e+01 -4.3011458061e-04 -2.3027131409e-04 -4.3511458061e-04 1.3265282793e+01 -2.8090156667e-04 -2.5827131409e-04 -3.2190156667e-04 1.3265076935e+01
521.27304822 1.3273212300e+01 -4.3064622891e-04 -2.3052050415e-04 -4.3564622891e-04 1.3273258555e+01 -2.8136036935e-04 -2.5852050415e-04 -3.2236036935e-04 1.3273052402e+01
521.68577430 1.3281215158e+01 -4.3117960775e-04 -2.3077036489e-04 -4.3617960775e-04 1.3281261474e+01 -2.8182090797e-04 -2.5877036489e-04 -3.2282090797e-04 1.3281055025e+01
522.09850039 1.3289245304e+01 -4.3171472507e-04 -2.3102089859e-04 -4.3671472507e-04 1.3289291682e+01 -2.8228319184e-04 -2.5902089859e-04 -3.2328319184e-04 1.3289084937e+01
522.51122648 1.3297302871e+01 -4.3225158886e-04 -2.3127210754e-04 -4.3725158886e-04 1.3297349311e+01 -2.8274723038e-04 -2.5927210754e-04 -3.2374723038e-04 1.3297142268e+01
522.92395256 1.3305387992e+01 -4.3279020716e-04 -2.3152399405e-04 -4.3779020716e-04 1.3305434494e+01 -2.8321303306e-04 -2.5952399405e-04 -3.2421303306e-04 1.3305227152e+01
523.33667865 1.3313500801e+01 -4.3333058805e-04 -2.3177656042e-04 -4.3833058805e-04 1.3313547366e+01 -2.8368060939e-04 -2.5977656042e-04 -3.2468060939e-04 1.3313339723e+01
523.74940474 1.3321641433e+01 -4.3387273967e-04 -2.3202980898e-04 -4.3887273967e-04 1.3321688060e+01 -2.8414996899e-04 -2.6002980898e-04 -3.2514996899e-04 1.3321480116e+01
524.16213083 1.3329810023e+01 -4.3441667022e-04 -2.3228374206e-04 -4.3941667022e-04 1.3329856712e+01 -2.8462112154e-04 -2.6028374206e-04 -3.2562112154e-04 1.3329648466e+01
524.57485691 1.3338006708e+01 -4.3496238793e-04 -2.3253836198e-04 -4.3996238793e-04 1.3338053460e+01 -2.8509407677e-04 -2.6053836198e-04 -3.2609407677e-04 1.3337844911e+01
524.98758300 1.3346231625e+01 -4.3550990108e-04 -2.3279367111e-04 -4.4050990108e-04 1.3346278440e+01 -2.8556884449e-04 -2.6079367111e-04 -3.2656884449e-04 1.3346069587e+01
525.40030909 1.3354484913e+01 -4.3605921803e-04 -2.3304967179e-04 -4.4105921803e-04 1.3354531792e+01 -2.8604543459e-04 -2.6104967179e-04 -3.2704543459e-04 1.3354322632e+01
525.81303518 1.3362766711e+01 -4.3661034717e-04 -2.3330636638e-04 -4.4161034717e-04 1.3362813653e+01 -2.8652385704e-04 -2.6130636638e-04 -3.2752385704e-04 1.3362604187e+01
526.22576126 1.3371077159e+01 -4.3716329695e-04 -2.3356375727e-04 -4.4216329695e-04 1.3371124166e+01 -2.8700412184e-04 -2.6156375727e-04 -3.2800412184e-04 1.3370914392e+01
526.63848735 1.3379416399e+01 -4.3771807586e-04 -2.3382184684e-04 -4.4271807586e-04 1.3379463469e+01 -2.8748623912e-04 -2.6182184684e-04 -3.2848623912e-04 1.3379253386e+01
527.05121344 1.3387784573e+01 -4.3827469246e-04 -2.3408063746e-04 -4.4327469246e-04 1.3387831707e+01 -2.8797021903e-04 -2.6208063746e-04 -3.2897021903e-04 1.3387621314e+01
527.46393952 1.3396181823e+01 -4.3883315536e-04 -2.3434013156e-04 -4.4383315536e-04 1.3396229022e+01 -2.8845607184e-04 -2.6234013156e-04 -3.2945607184e-04 1.3396018317e+01
527.87666561 1.3404608294e+01 -4.3939347322e-04 -2.3460033153e-04 -4.4439347322e-04 1.3404655557e+01 -2.8894380787e-04 -2.6260033153e-04 -3.2994380787e-04 1.3404444540e+01
528.28939170 1.3413064130e+01 -4.3995565475e-04 -2.3486123979e-04 -4.4495565475e-04 1.3413111459e+01 -2.8943343751e-04 -2.6286123979e-04 -3.3043343751e-04 1.3412900128e+01
528.70211779 1.3421549478e+01 -4.4051970874e-04 -2.3512285877e-04 -4.4551970874e-04 1.3421596872e+01 -2.8992497125e-04 -2.6312285877e-04 -3.3092497125e-04 1.3421385226e+01
529.11484387 1.3430064485e+01 -4.4108564400e-04 -2.3538519092e-04 -4.4608564400e-04 1.3430111944e+01 -2.9041841964e-04 -2.6338519092e-04 -3.3141841964e-04 1.3429899982e+01
529.52756996 1.3438609297e+01 -4.4165346942e-04 -2.3564823866e-04 -4.4665346942e-04 1.3438656822e+01 -2.9091379330e-04 -2.6364823866e-04 -3.3191379330e-04 1.3438444543e+01
529.94029605 1.3447184065e+01 -4.4222319394e-04 -2.3591200447e-04 -4.4722319394e-04 1.3447231656e+01 -2.9141110297e-04 -2.6391200447e-04 -3.3241110297e-04 1.3447019058e+01
530.35302214 1.3455788938e+01 -4.4279482656e-04 -2.3617649080e-04 -4.4779482656e-04 1.3455836595e+01 -2.9191035941e-04 -2.6417649080e-04 -3.3291035941e-04 1.3455623678e+01
530.76574822 1.3464424068e+01 -4.4336837632e-04 -2.3644170013e-04 -4.4836837632e-04 1.3464471791e+01 -2.9241157350e-04 -2.6444170013e-04 -3.3341157350e-04 1.3464258552e+01
531.17847431 1.3473089605e+01 -4.4394385235e-04 -2.3670763494e-04 -4.4894385235e-04 1.3473137394e+01 -2.9291475620e-04 -2.6470763494e-04 -3.3391475620e-04 1.3472923834e+01
531.59120040 1.3481785703e+01 -4.4452126381e-04 -2.3697429773e-04 -4.4952126381e-04 1.3481833559e+01 -2.9341991853e-04 -2.6497429773e-04 -3.3441991853e-04 1.3481619675e+01
532.00392648 1.3490512515e+01 -4.4510061993e-04 -2.3724169098e-04 -4.5010061993e-04 1.3490560439e+01 -2.9392707161e-04 -2.6524169098e-04 -3.3492707161e-04 1.3490346231e+01
532.41665257 1.3499270198e+01 -4.4568193000e-04 -2.3750981722e-04 -4.5068193000e-04 1.3499318189e+01 -2.9443622664e-04 -2.6550981722e-04 -3.3543622664e-04 1.3499103655e+01
532.82937866 1.3508058907e+01 -4.4626520337e-04 -2.3777867897e-04 -4.5126520337e-04 1.3508106965e+01 -2.9494739489e-04 -2.6577867897e-04 -3.3594739489e-04 1.3507892104e+01
533.24210475 1.3516878799e+01 -4.4685044944e-04 -2.3804827874e-04 -4.5185044944e-04 1.3516926925e+01 -2.9546058774e-04 -2.6604827874e-04 -3.3646058774e-04 1.3516711736e+01
533.65483083 1.3525730032e+01 -4.4743767768e-04 -2.3831861909e-04 -4.5243767768e-04 1.3525778226e+01 -2.9597581663e-04 -2.6631861909e-04 -3.3697581663e-04 1.3525562707e+01
534.06755692 1.3534612766e+01 -4.4802689763e-04 -2.3858970256e-04 -4.5302689763e-04 1.3534661028e+01 -2.9649309311e-04 -2.6658970256e-04 -3.3749309311e-04 1.3534445179e+01
534.48028301 1.3543527161e+01 -4.4861811887e-04 -2.3886153170e-04 -4.5361811887e-04 1.3543575492e+01 -2.9701242879e-04 -2.6686153170e-04 -3.3801242879e-04 1.3543359310e+01
534.89300910 1.3552473379e+01 -4.4921135106e-04 -2.3913410909e-04 -4.5421135106e-04 1.3552521778e+01 -2.9753383539e-04 -2.6713410909e-04 -3.3853383539e-04 1.3552305263e+01
535.30573518 1.3561451581e+01 -4.4980660391e-04 -2.3940743729e-04 -4.5480660391e-04 1.3561500050e+01 -2.9805732471e-04 -2.6740743729e-04 -3.3905732471e-04 1.3561283200e+01
535.71846127 1.3570461933e+01 -4.5040388720e-04 -2.3968151889e-04 -4.5540388720e-04 1.3570510471e+01 -2.9858290864e-04 -2.6768151889e-04 -3.3958290864e-04 1.3570293285e+01
536.13118736 1.3579504598e+01 -4.5100321077e-04 -2.3995635649e-04 -4.5600321077e-04 1.3579553206e+01 -2.9911059916e-04 -2.6795635649e-04 -3.4011059916e-04 1.3579335683e+01
536.54391344 1.3588579743e+01 -4.5160458454e-04 -2.4023195269e-04 -4.5660458454e-04 1.3588628420e+01 -2.9964040834e-04 -2.6823195269e-04 -3.4064040834e-04 1.3588410559e+01
536.95663953 1.3597687535e+01 -4.5220801847e-04 -2.4050831010e-04 -4.5720801847e-04 1.3597736282e+01 -3.0017234835e-04 -2.6850831010e-04 -3.4117234835e-04 1.3597518081e+01
537.36936562 1.3606828142e+01 -4.5281352259e-04 -2.4078543135e-04 -4.5781352259e-04 1.3606876960e+01 -3.0070643143e-04 -2.6878543135e-04 -3.4170643143e-04 1.3606658417e+01
537.78209171 1.3616001734e+01 -4.5342110702e-04 -2.4106331906e-04 -4.5842110702e-04 1.3616050622e+01 -3.0124266995e-04 -2.6906331906e-04 -3.4224266995e-04 1.3615831736e+01
538.19481779 1.3625208481e+01 -4.5403078191e-04 -2.4134197588e-04 -4.5903078191e-04 1.3625257439e+01 -3.0178107634e-04 -2.6934197588e-04 -3.4278107634e-04 1.3625038210e+01
538.60754388 1.3634448555e+01 -4.5464255751e-04 -2.4162140446e-04 -4.5964255751e-04 1.3634497584e+01 -3.0232166314e-04 -2.6962140446e-04 -3.4332166314e-04 1.3634278010e+01
539.02026997 1.3643722129e+01 -4.5525644412e-04 -2.4190160745e-04 -4.6025644412e-04 1.3643771230e+01 -3.0286444299e-04 -2.6990160745e-04 -3.4386444299e-04 1.3643551309e+01
539.43299606 1.3653029377e+01 -4.5587245210e-04 -2.4218258753e-04 -4.6087245210e-04 1.3653078550e+01 -3.0340942863e-04 -2.7018258753e-04 -3.4440942863e-04 1.3652858281e+01
539.84572214 1.3662370475e+01 -4.5649059190e-04 -2.4246434737e-04 -4.6149059190e-04 1.3662419720e+01 -3.0395663288e-04 -2.7046434737e-04 -3.4495663288e-04 1.3662199101e+01
540.25844823 1.3671745600e+01 -4.5711087402e-04 -2.4274688967e-04 -4.6211087402e-04 1.3671794916e+01 -3.0450606868e-04 -2.7074688967e-04 -3.4550606868e-04 1.3671573947e+01
540.67117432 1.3681154929e+01 -4.5773330904e-04 -2.4303021711e-04 -4.6273330904e-04 1.3681204318e+01 -3.0505774906e-04 -2.7103021711e-04 -3.4605774906e-04 1.3680982997e+01
541.08390040 1.3690598641e+01 -4.5835790761e-04 -2.4331433242e-04 -4.6335790761e-04 1.3690648103e+01 -3.0561168715e-04 -2.7131433242e-04 -3.4661168715e-04 1.3690426429e+01
541.49662649 1.3700076918e+01 -4.5898468044e-04 -2.4359923829e-04 -4.6398468044e-04 1.3700126452e+01 -3.0616789619e-04 -2.7159923829e-04 -3.4716789619e-04 1.3699904423e+01
541.90935258 1.3709589940e+01 -4.5961363833e-04 -2.4388493746e-04 -4.6461363833e-04 1.3709639548e+01 -3.0672638950e-04 -2.7188493746e-04 -3.4772638950e-04 1.3709417163e+01
542.32207867 1.3719137892e+01 -4.6024479213e-04 -2.4417143266e-04 -4.6524479213e-04 1.3719187573e+01 -3.0728718054e-04 -2.7217143266e-04 -3.4828718054e-04 1.3718964830e+01
542.73480475 1.3728720956e+01 -4.6087815279e-04 -2.4445872663e-04 -4.6587815279e-04 1.3728770711e+01 -3.0785028285e-04 -2.7245872663e-04 -3.4885028285e-04 1.3728547608e+01
543.14753084 1.3738339319e+01 -4.6151373130e-04 -2.4474682214e-04 -4.6651373130e-04 1.3738389147e+01 -3.0841571009e-04 -2.7274682214e-04 -3.4941571009e-04 1.3738165685e+01
543.56025693 1.3747993167e+01 -4.6215153875e-04 -2.4503572193e-04 -4.6715153875e-04 1.3748043070e+01 -3.0898347600e-04 -2.7303572193e-04 -3.4998347600e-04 1.3747819246e+01
543.97298301 1.3757682689e+01 -4.6279158630e-04 -2.4532542879e-04 -4.6779158630e-04 1.3757732667e+01 -3.0955359446e-04 -2.7332542879e-04 -3.5055359446e-04 1.3757508479e+01
544.38570910 1.3767408075e+01 -4.6343388516e-04 -2.4561594550e-04 -4.6843388516e-04 1.3767458128e+01 -3.1012607945e-04 -2.7361594550e-04 -3.5112607945e-04 1.3767233575e+01
544.79843519 1.3777169515e+01 -4.6407844665e-04 -2.4590727483e-04 -4.6907844665e-04 1.3777219643e+01 -3.1070094506e-04 -2.7390727483e-04 -3.5170094506e-04 1.3776994724e+01
545.21116128 1.3786967202e+01 -4.6472528215e-04 -2.4619941961e-04 -4.6972528215e-04 1.3787017405e+01 -3.1127820547e-04 -2.7419941961e-04 -3.5227820547e-04 1.3786792118e+01
545.62388736 1.3796801330e+01 -4.6537440312e-04 -2.4649238262e-04 -4.7037440312e-04 1.3796851608e+01 -3.1185787501e-04 -2.7449238262e-04 -3.5285787501e-04 1.3796625952e+01
546.03661345 1.3806672092e+01 -4.6602582109e-04 -2.4678616670e-04 -4.7102582109e-04 1.3806722447e+01 -3.1243996810e-04 -2.7478616670e-04 -3.5343996810e-04 1.3806496420e+01
546.44933954 1.3816579687e+01 -4.6667954767e-04 -2.4708077467e-04 -4.7167954767e-04 1.3816630118e+01 -3.1302449928e-04 -2.7508077467e-04 -3.5402449928e-04 1.3816403719e+01
546.86206563 1.3826524312e+01 -4.6733559457e-04 -2.4737620937e-04 -4.7233559457e-04 1.3826574819e+01 -3.1361148319e-04 -2.7537620937e-04 -3.5461148319e-04 1.3826348046e+01
547.27479171 1.3836506166e+01 -4.6799397354e-04 -2.4767247364e-04 -4.7299397354e-04 1.3836556750e+01 -3.1420093462e-04 -2.7567247364e-04 -3.5520093462e-04 1.3836329602e+01
547.68751780 1.3846525451e+01 -4.6865469645e-04 -2.4796957033e-04 -4.7365469645e-04 1.3846576112e+01 -3.1479286846e-04 -2.7596957033e-04 -3.5579286846e-04 1.3846348587e+01
548.10024389 1.3856582367e+01 -4.6931777522e-04 -2.4826750232e-04 -4.7431777522e-04 1.3856633106e+01 -3.1538729970e-04 -2.7626750232e-04 -3.5638729970e-04 1.3856405202e+01
548.51296997 1.3866677120e+01 -4.6998322188e-04 -2.4856627248e-04 -4.7498322188e-04 1.3866727936e+01 -3.1598424349e-04 -2.7656627248e-04 -3.5698424349e-04 1.3866499653e+01
548.92569606 1.3876809914e+01 -4.7065104851e-04 -2.4886588368e-04 -4.7565104851e-04 1.3876860808e+01 -3.1658371508e-04 -2.7686588368e-04 -3.5758371508e-04 1.3876632143e+01
549.33842215 1.3886980956e+01 -4.7132126730e-04 -2.4916633883e-04 -4.7632126730e-04 1.3887031929e+01 -3.1718572983e-04 -2.7716633883e-04 -3.5818572983e-04 1.3886802881e+01
549.75114824 1.3897190454e+01 -4.7199389050e-04 -2.4946764082e-04 -4.7699389050e-04 1.3897241505e+01 -3.1779030324e-04 -2.7746764082e-04 -3.5879030324e-04 1.3897012073e+01
550.16387432 1.3907438618e+01 -4.7266893047e-04 -2.4976979256e-04 -4.7766893047e-04 1.3907489748e+01 -3.1839745095e-04 -2.7776979256e-04 -3.5939745095e-04 1.3907259930e+01
550.57660041 1.3917725660e+01 -4.7334639965e-04 -2.5007279697e-04 -4.7834639965e-04 1.3917776869e+01 -3.1900718869e-04 -2.7807279697e-04 -3.6000718869e-04 1.3917546663e+01
550.98932650 1.3928051791e+01 -4.7402631053e-04 -2.5037665698e-04 -4.7902631053e-04 1.3928103080e+01 -3.1961953235e-04 -2.7837665698e-04 -3.6061953235e-04 1.3927872484e+01
551.40205259 1.3938417227e+01 -4.7470867574e-04 -2.5068137553e-04 -4.7970867574e-04 1.3938468595e+01 -3.2023449793e-04 -2.7868137553e-04 -3.6123449793e-04 1.3938237609e+01
551.81477867 1.3948822183e+01 -4.7539350797e-04 -2.5098695556e-04 -4.8039350797e-04 1.3948873631e+01 -3.2085210158e-04 -2.7898695556e-04 -3.6185210158e-04 1.3948642252e+01
552.22750476 1.3959266877e+01 -4.7608081998e-04 -2.5129340003e-04 -4.8108081998e-04 1.3959318406e+01 -3.2147235955e-04 -2.7929340003e-04 -3.6247235955e-04 1.3959086632e+01
552.64023085 1.3969751528e+01 -4.7677062465e-04 -2.5160071190e-04 -4.8177062465e-04 1.3969803138e+01 -3.2209528826e-04 -2.7960071190e-04 -3.6309528826e-04 1.3969570968e+01
553.05295693 1.3980276357e+01 -4.7746293495e-04 -2.5190889414e-04 -4.8246293495e-04 1.3980328048e+01 -3.2272090423e-04 -2.7990889414e-04 -3.6372090423e-04 1.3980095481e+01
553.46568302 1.3990841586e+01 -4.7815776391e-04 -2.5221794974e-04 -4.8315776391e-04 1.3990893358e+01 -3.2334922415e-04 -2.8021794974e-04 -3.6434922415e-04 1.3990660392e+01
553.87840911 1.4001447440e+01 -4.7885512467e-04 -2.5252788168e-04 -4.8385512467e-04 1.4001499294e+01 -3.2398026482e-04 -2.8052788168e-04 -3.6498026482e-04 1.4001265927e+01
554.29113520 1.4012094144e+01 -4.7955503047e-04 -2.5283869297e-04 -4.8455503047e-04 1.4012146080e+01 -3.2461404318e-04 -2.8083869297e-04 -3.6561404318e-04 1.4011912311e+01
554.70386128 1.4022781925e+01 -4.8025749464e-04 -2.5315038661e-04 -4.8525749464e-04 1.4022833944e+01 -3.2525057634e-04 -2.8115038661e-04 -3.6625057634e-04 1.4022599770e+01
555.11658737 1.4033511014e+01 -4.8096253058e-04 -2.5346296561e-04 -4.8596253058e-04 1.4033563115e+01 -3.2588988151e-04 -2.8146296561e-04 -3.6688988151e-04 1.4033328535e+01
555.52931346 1.4044281640e+01 -4.8167015181e-04 -2.5377643301e-04 -4.8667015181e-04 1.4044333824e+01 -3.2653197606e-04 -2.8177643301e-04 -3.6753197606e-04 1.4044098837e+01
555.94203955 1.4055094036e+01 -4.8238037193e-04 -2.5409079183e-04 -4.8738037193e-04 1.4055146303e+01 -3.2717687752e-04 -2.8209079183e-04 -3.6817687752e-04 1.4054910907e+01
556.35476563 1.4065948437e+01 -4.8309320465e-04 -2.5440604511e-04 -4.8809320465e-04 1.4066000788e+01 -3.2782460355e-04 -2.8240604511e-04 -3.6882460355e-04 1.4065764981e+01
556.76749172 1.4076845078e+01 -4.8380866377e-04 -2.5472219591e-04 -4.8880866377e-04 1.4076897513e+01 -3.2847517196e-04 -2.8272219591e-04 -3.6947517196e-04 1.4076661293e+01
557.18021781 1.4087784198e+01 -4.8452676318e-04 -2.5503924729e-04 -4.8952676318e-04 1.4087836718e+01 -3.2912860070e-04 -2.8303924729e-04 -3.7012860070e-04 1.4087600083e+01
557.59294389 1.4098766037e+01 -4.8524751687e-04 -2.5535720231e-04 -4.9024751687e-04 1.4098818641e+01 -3.2978490789e-04 -2.8335720231e-04 -3.7078490789e-04 1.4098581590e+01
558.00566998 1.4109790835e+01 -4.8597093896e-04 -2.5567606404e-04 -4.9097093896e-04 1.4109843524e+01 -3.3044411178e-04 -2.8367606404e-04 -3.7144411178e-04 1.4109606055e+01
558.41839607 1.4120858837e+01 -4.8669704361e-04 -2.5599583557e-04 -4.9169704361e-04 1.4120911611e+01 -3.3110623080e-04 -2.8399583557e-04 -3.7210623080e-04 1.4120673722e+01
558.83112216 1.4131970287e+01 -4.8742584514e-04 -2.5631651999e-04 -4.9242584514e-04 1.4132023146e+01 -3.3177128350e-04 -2.8431651999e-04 -3.7277128350e-04 1.4131784836e+01
559.24384824 1.4143125432e+01 -4.8815735794e-04 -2.5663812040e-04 -4.9315735794e-04 1.4143178378e+01 -3.3243928862e-04 -2.8463812040e-04 -3.7343928862e-04 1.4142939644e+01
559.65657433 1.4154324522e+01 -4.8889159652e-04 -2.5696063990e-04 -4.9389159652e-04 1.4154377554e+01 -3.3311026504e-04 -2.8496063990e-04 -3.7411026504e-04 1.4154138395e+01
560.06930042 1.4165567806e+01 -4.8962857546e-04 -2.5728408161e-04 -4.9462857546e-04 1.4165620925e+01 -3.3378423180e-04 -2.8528408161e-04 -3.7478423180e-04 1.4165381339e+01
560.48202651 1.4176855539e+01 -4.9036830950e-04 -2.5760844865e-04 -4.9536830950e-04 1.4176908745e+01 -3.3446120812e-04 -2.8560844865e-04 -3.7546120812e-04 1.4176668730e+01
560.89475259 1.4188187975e+01 -4.9111081343e-04 -2.5793374416e-04 -4.9611081343e-04 1.4188241268e+01 -3.3514121336e-04 -2.8593374416e-04 -3.7614121336e-04 1.4188000823e+01
561.30747868 1.4199565370e+01 -4.9185610218e-04 -2.5825997126e-04 -4.9685610218e-04 1.4199618751e+01 -3.3582426706e-04 -2.8625997126e-04 -3.7682426706e-04 1.4199377873e+01
561.72020477 1.4210987984e+01 -4.9260419078e-04 -2.5858713311e-04 -4.9760419078e-04 1.4211041453e+01 -3.3651038892e-04 -2.8658713311e-04 -3.7751038892e-04 1.4210800140e+01
562.13293085 1.4222456076e+01 -4.9335509438e-04 -2.5891523286e-04 -4.9835509438e-04 1.4222509633e+01 -3.3719959880e-04 -2.8691523286e-04 -3.7819959880e-04 1.4222267884e+01
562.54565694 1.4233969909e+01 -4.9410882820e-04 -2.5924427366e-04 -4.9910882820e-04 1.4234023555e+01 -3.3789191676e-04 -2.8724427366e-04 -3.7889191676e-04 1.4233781368e+01
562.95838303 1.4245529749e+01 -4.9486540762e-04 -2.5957425869e-04 -4.9986540762e-04 1.4245583484e+01 -3.3858736300e-04 -2.8757425869e-04 -3.7958736300e-04 1.4245340857e+01
563.37110912 1.4257135862e+01 -4.9562484810e-04 -2.5990519112e-04 -5.0062484810e-04 1.4257189687e+01 -3.3928595791e-04 -2.8790519112e-04 -3.8028595791e-04 1.4256946617e+01
563.78383520 1.4268788516e+01 -4.9638716522e-04 -2.6023707412e-04 -5.0138716522e-04 1.4268842431e+01 -3.3998772206e-04 -2.8823707412e-04 -3.8098772206e-04 1.4268598917e+01
564.19656129 1.4280487983e+01 -4.9715237468e-04 -2.6056991090e-04 -5.0215237468e-04 1.4280541988e+01 -3.4069267618e-04 -2.8856991090e-04 -3.8169267618e-04 1.4280298029e+01
564.60928738 1.4292234536e+01 -4.9792049228e-04 -2.6090370464e-04 -5.0292049228e-04 1.4292288632e+01 -3.4140084120e-04 -2.8890370464e-04 -3.8240084120e-04 1.4292044225e+01
565.02201347 1.4304028451e+01 -4.9869153396e-04 -2.6123845855e-04 -5.0369153396e-04 1.4304082637e+01 -3.4211223822e-04 -2.8923845855e-04 -3.8311223822e-04 1.4303837780e+01
565.43473955 1.4315870003e+01 -4.9946551576e-04 -2.6157417583e-04 -5.0446551576e-04 1.4315924281e+01 -3.4282688853e-04 -2.8957417583e-04 -3.8382688853e-04 1.4315678972e+01
565.84746564 1.4327759473e+01 -5.0024245383e-04 -2.6191085970e-04 -5.0524245383e-04 1.4327813843e+01 -3.4354481360e-04 -2.8991085970e-04 -3.8454481360e-04 1.4327568080e+01
566.26019173 1.4339697143e+01 -5.0102236445e-04 -2.6224851338e-04 -5.0602236445e-04 1.4339751605e+01 -3.4426603508e-04 -2.9024851338e-04 -3.8526603508e-04 1.4339505386e+01
566.67291781 1.4351683297e+01 -5.0180526401e-04 -2.6258714010e-04 -5.0680526401e-04 1.4351737851e+01 -3.4499057483e-04 -2.9058714010e-04 -3.8599057483e-04 1.4351491174e+01
567.08564390 1.4363718220e+01 -5.0259116906e-04 -2.6292674310e-04 -5.0759116906e-04 1.4363772867e+01 -3.4571845488e-04 -2.9092674310e-04 -3.8671845488e-04 1.4363525731e+01
567.49836999 1.4375802202e+01 -5.0338009620e-04 -2.6326732561e-04 -5.0838009620e-04 1.4375856942e+01 -3.4644969748e-04 -2.9126732561e-04 -3.8744969748e-04 1.4375609344e+01
567.91109608 1.4387935533e+01 -5.0417206223e-04 -2.6360889087e-04 -5.0917206223e-04 1.4387990367e+01 -3.4718432505e-04 -2.9160889087e-04 -3.8818432505e-04 1.4387742304e+01
568.32382216 1.4400118506e+01 -5.0496708402e-04 -2.6395144215e-04 -5.0996708402e-04 1.4400173434e+01 -3.4792236022e-04 -2.9195144215e-04 -3.8892236022e-04 1.4399924905e+01
568.73654825 1.4412351417e+01 -5.0576517858e-04 -2.6429498269e-04 -5.1076517858e-04 1.4412406439e+01 -3.4866382582e-04 -2.9229498269e-04 -3.8966382582e-04 1.4412157442e+01
569.14927434 1.4424634562e+01 -5.0656636307e-04 -2.6463951576e-04 -5.1156636307e-04 1.4424689680e+01 -3.4940874488e-04 -2.9263951576e-04 -3.9040874488e-04 1.4424440212e+01
569.56200043 1.4436968244e+01 -5.0737065474e-04 -2.6498504462e-04 -5.1237065474e-04 1.4437023456e+01 -3.5015714063e-04 -2.9298504462e-04 -3.9115714063e-04 1.4436773517e+01
569.97472651 1.4449352763e+01 -5.0817807100e-04 -2.6533157256e-04 -5.1317807100e-04 1.4449408072e+01 -3.5090903653e-04 -2.9333157256e-04 -3.9190903653e-04 1.4449157657e+01
570.38745260 1.4461788426e+01 -5.0898862937e-04 -2.6567910284e-04 -5.1398862937e-04 1.4461843830e+01 -3.5166445621e-04 -2.9367910284e-04 -3.9266445621e-04 1.4461592939e+01
570.80017869 1.4474275539e+01 -5.0980234751e-04 -2.6602763876e-04 -5.1480234751e-04 1.4474331040e+01 -3.5242342356e-04 -2.9402763876e-04 -3.9342342356e-04 1.4474079670e+01
571.21290477 1.4486814413e+01 -5.1061924321e-04 -2.6637718359e-04 -5.1561924321e-04 1.4486870010e+01 -3.5318596263e-04 -2.9437718359e-04 -3.9418596263e-04 1.4486618159e+01
571.62563086 1.4499405359e+01 -5.1143933440e-04 -2.6672774063e-04 -5.1643933440e-04 1.4499461054e+01 -3.5395209772e-04 -2.9472774063e-04 -3.9495209772e-04 1.4499208720e+01
572.03835695 1.4512048693e+01 -5.1226263915e-04 -2.6707931317e-04 -5.1726263915e-04 1.4512104486e+01 -3.5472185335e-04 -2.9507931317e-04 -3.9572185335e-04 1.4511851666e+01
572.45108304 1.4524744733e+01 -5.1308917564e-04 -2.6743190452e-04 -5.1808917564e-04 1.4524800623e+01 -3.5549525425e-04 -2.9543190452e-04 -3.9649525425e-04 1.4524547316e+01
572.86380912 1.4537493798e+01 -5.1391896221e-04 -2.6778551797e-04 -5.1891896221e-04 1.4537549787e+01 -3.5627232538e-04 -2.9578551797e-04 -3.9727232538e-04 1.4537295990e+01
573.27653521 1.4550296212e+01 -5.1475201733e-04 -2.6814015684e-04 -5.1975201733e-04 1.4550352299e+01 -3.5705309191e-04 -2.9614015684e-04 -3.9805309191e-04 1.4550098010e+01
573.68926130 1.4563152298e+01 -5.1558835963e-04 -2.6849582444e-04 -5.2058835963e-04 1.4563208485e+01 -3.5783757926e-04 -2.9649582444e-04 -3.9883757926e-04 1.4562953702e+01
574.10198739 1.4576062387e+01 -5.1642800784e-04 -2.6885252408e-04 -5.2142800784e-04 1.4576118673e+01 -3.5862581306e-04 -2.9685252408e-04 -3.9962581306e-04 1.4575863394e+01
574.51471347 1.4589026807e+01 -5.1727098089e-04 -2.6921025907e-04 -5.2227098089e-04 1.4589083194e+01 -3.5941781921e-04 -2.9721025907e-04 -4.0041781921e-04 1.4588827415e+01
574.92743956 1.4602045893e+01 -5.1811729779e-04 -2.6956903275e-04 -5.2311729779e-04 1.4602102381e+01 -3.6021362380e-04 -2.9756903275e-04 -4.0121362380e-04 1.4601846101e+01
575.34016565 1.4615119981e+01 -5.1896697776e-04 -2.6992884842e-04 -5.2396697776e-04 1.4615176570e+01 -3.6101325319e-04 -2.9792884842e-04 -4.0201325319e-04 1.4614919787e+01
575.75289173 1.4628249410e+01 -5.1982004011e-04 -2.7028970943e-04 -5.2482004011e-04 1.4628306100e+01 -3.6181673397e-04 -2.9828970943e-04 -4.0281673397e-04 1.4628048811e+01
576.16561782 1.4641434521e+01 -5.2067650434e-04 -2.7065161908e-04 -5.2567650434e-04 1.4641491313e+01 -3.6262409297e-04 -2.9865161908e-04 -4.0362409297e-04 1.4641233516e+01
576.57834391 1.4654675659e+01 -5.2153639007e-04 -2.7101458072e-04 -5.2653639007e-04 1.4654732553e+01 -3.6343535729e-04 -2.9901458072e-04 -4.0443535729e-04 1.4654474245e+01
576.99107000 1.4667973171e+01 -5.2239971710e-04 -2.7137859768e-04 -5.2739971710e-04 1.4668030168e+01 -3.6425055426e-04 -2.9937859768e-04 -4.0525055426e-04 1.4667771348e+01
577.40379608 1.4681327409e+01 -5.2326650535e-04 -2.7174367328e-04 -5.2826650535e-04 1.4681384509e+01 -3.6506971146e-04 -2.9974367328e-04 -4.0606971146e-04 1.4681125173e+01
577.81652217 1.4694738724e+01 -5.2413677493e-04 -2.7210981086e-04 -5.2913677493e-04 1.4694795927e+01 -3.6589285673e-04 -3.0010981086e-04 -4.0689285673e-04 1.4694536074e+01
578.22924826 1.4708207473e+01 -5.2501054608e-04 -2.7247701376e-04 -5.3001054608e-04 1.4708264781e+01 -3.6672001818e-04 -3.0047701376e-04 -4.0772001818e-04 1.4708004407e+01
578.64197435 1.4721734015e+01 -5.2588783920e-04 -2.7284528531e-04 -5.3088783920e-04 1.4721791427e+01 -3.6755122418e-04 -3.0084528531e-04 -4.0855122418e-04 1.4721530531e+01
579.05470043 1.4735318713e+01 -5.2676867487e-04 -2.7321462885e-04 -5.3176867487e-04 1.4735376230e+01 -3.6838650335e-04 -3.0121462885e-04 -4.0938650335e-04 1.4735114808e+01
579.46742652 1.4748961931e+01 -5.2765307379e-04 -2.7358504771e-04 -5.3265307379e-04 1.4749019554e+01 -3.6922588458e-04 -3.0158504771e-04 -4.1022588458e-04 1.4748757605e+01
579.88015261 1.4762664038e+01 -5.2854105686e-04 -2.7395654523e-04 -5.3354105686e-04 1.4762721767e+01 -3.7006939704e-04 -3.0195654523e-04 -4.1106939704e-04 1.4762459288e+01
580.29287869 1.4776425405e+01 -5.2943264513e-04 -2.7432912473e-04 -5.3443264513e-04 1.4776483241e+01 -3.7091707018e-04 -3.0232912473e-04 -4.1191707018e-04 1.4776220229e+01
580.70560478 1.4790246407e+01 -5.3032785981e-04 -2.7470278957e-04 -5.3532785981e-04 1.4790304350e+01 -3.7176893371e-04 -3.0270278957e-04 -4.1276893371e-04 1.4790040803e+01
581.11833087 1.4804127422e+01 -5.3122672228e-04 -2.7507754307e-04 -5.3622672228e-04 1.4804185472e+01 -3.7262501764e-04 -3.0307754307e-04 -4.1362501764e-04 1.4803921387e+01
581.53105696 1.4818068830e+01 -5.3212925408e-04 -2.7545338856e-04 -5.3712925408e-04 1.4818126987e+01 -3.7348535224e-04 -3.0345338856e-04 -4.1448535224e-04 1.4817862363e+01
581.94378304 1.4832071016e+01 -5.3303547695e-04 -2.7583032937e-04 -5.3803547695e-04 1.4832129281e+01 -3.7434996808e-04 -3.0383032937e-04 -4.1534996808e-04 1.4831864114e+01
582.35650913 1.4846134366e+01 -5.3394541277e-04 -2.7620836883e-04 -5.3894541277e-04 1.4846192741e+01 -3.7521889603e-04 -3.0420836883e-04 -4.1621889603e-04 1.4845927028e+01
582.76923522 1.4860259272e+01 -5.3485908359e-04 -2.7658751027e-04 -5.3985908359e-04 1.4860317756e+01 -3.7609216724e-04 -3.0458751027e-04 -4.1709216724e-04 1.4860051495e+01
583.18196131 1.4874446128e+01 -5.3577651167e-04 -2.7696775700e-04 -5.4077651167e-04 1.4874504722e+01 -3.7696981315e-04 -3.0496775700e-04 -4.1796981315e-04 1.4874237910e+01
583.59468739 1.4888695331e+01 -5.3669771940e-04 -2.7734911235e-04 -5.4169771940e-04 1.4888754035e+01 -3.7785186553e-04 -3.0534911235e-04 -4.1885186553e-04 1.4888486670e+01
584.00741348 1.4903007282e+01 -5.3762272940e-04 -2.7773157963e-04 -5.4262272940e-04 1.4903066097e+01 -3.7873835643e-04 -3.0573157963e-04 -4.1973835643e-04 1.4902798176e+01
584.42013957 1.4917382386e+01 -5.3855156442e-04 -2.7811516216e-04 -5.4355156442e-04 1.4917441312e+01 -3.7962931821e-04 -3.0611516216e-04 -4.2062931821e-04 1.4917172832e+01
584.83286565 1.4931821049e+01 -5.3948424743e-04 -2.7849986324e-04 -5.4448424743e-04 1.4931880087e+01 -3.8052478355e-04 -3.0649986324e-04 -4.2152478355e-04 1.4931611046e+01
585.24559174 1.4946323685e+01 -5.4042080156e-04 -2.7888568617e-04 -5.4542080156e-04 1.4946382835e+01 -3.8142478545e-04 -3.0688568617e-04 -4.2242478545e-04 1.4946113229e+01
585.65831783 1.4960890707e+01 -5.4136125014e-04 -2.7927263424e-04 -5.4636125014e-04 1.4960949969e+01 -3.8232935720e-04 -3.0727263424e-04 -4.2332935720e-04 1.4960679797e+01
586.07104392 1.4975522533e+01 -5.4230561667e-04 -2.7966071077e-04 -5.4730561667e-04 1.4975581909e+01 -3.8323853246e-04 -3.0766071077e-04 -4.2423853246e-04 1.4975311168e+01
586.48377000 1.4990219587e+01 -5.4325392486e-04 -2.8004991902e-04 -5.4825392486e-04 1.4990279077e+01 -3.8415234517e-04 -3.0804991902e-04 -4.2515234517e-04 1.4990007763e+01
586.89649609 1.5004982295e+01 -5.4420619861e-04 -2.8044026227e-04 -5.4920619861e-04 1.5005041899e+01 -3.8507082963e-04 -3.0844026227e-04 -4.2607082963e-04 1.5004770009e+01
587.30922218 1.5019811084e+01 -5.4516246199e-04 -2.8083174381e-04 -5.5016246199e-04 1.5019870803e+01 -3.8599402047e-04 -3.0883174381e-04 -4.2699402047e-04 1.5019598335e+01
587.72194826 1.5034706390e+01 -5.4612273929e-04 -2.8122436689e-04 -5.5112273929e-04 1.5034766224e+01 -3.8692195264e-04 -3.0922436689e-04 -4.2792195264e-04 1.5034493176e+01
588.13467435 1.5049668649e+01 -5.4708705497e-04 -2.8161813477e-04 -5.5208705497e-04 1.5049728599e+01 -3.8785466147e-04 -3.0961813477e-04 -4.2885466147e-04 1.5049454966e+01
588.54740044 1.5064698302e+01 -5.4805543373e-04 -2.8201305070e-04 -5.5305543373e-04 1.5064758368e+01 -3.8879218261e-04 -3.1001305070e-04 -4.2979218261e-04 1.5064484149e+01
588.96012653 1.5079795794e+01 -5.4902790043e-04 -2.8240911791e-04 -5.5402790043e-04 1.5079855977e+01 -3.8973455205e-04 -3.1040911791e-04 -4.3073455205e-04 1.5079581168e+01
589.37285261 1.5094961574e+01 -5.5000448015e-04 -2.8280633965e-04 -5.5500448015e-04 1.5095021874e+01 -3.9068180617e-04 -3.1080633965e-04 -4.3168180617e-04 1.5094746473e+01
589.78557870 1.5110196094e+01 -5.5098519819e-04 -2.8320471913e-04 -5.5598519819e-04 1.5110256513e+01 -3.9163398169e-04 -3.1120471913e-04 -4.3263398169e-04 1.5109980516e+01
590.19830479 1.5125499812e+01 -5.5197008002e-04 -2.8360425956e-04 -5.5697008002e-04 1.5125560349e+01 -3.9259111569e-04 -3.1160425956e-04 -4.3359111569e-04 1.5125283754e+01
590.61103088 1.5140873189e+01 -5.5295915135e-04 -2.8400496413e-04 -5.5795915135e-04 1.5140933845e+01 -3.9355324563e-04 -3.1200496413e-04 -4.3455324563e-04 1.5140656648e+01
591.02375696 1.5156316688e+01 -5.5395243810e-04 -2.8440683604e-04 -5.5895243810e-04 1.5156377465e+01 -3.9452040934e-04 -3.1240683604e-04 -4.3552040934e-04 1.5156099663e+01
591.43648305 1.5171830781e+01 -5.5494996639e-04 -2.8480987846e-04 -5.5994996639e-04 1.5171891677e+01 -3.9549264502e-04 -3.1280987846e-04 -4.3649264502e-04 1.5171613268e+01
591.84920914 1.5187415939e+01 -5.5595176256e-04 -2.8521409455e-04 -5.6095176256e-04 1.5187476956e+01 -3.9646999127e-04 -3.1321409455e-04 -4.3746999127e-04 1.5187197937e+01
592.26193522 1.5203072641e+01 -5.5695785317e-04 -2.8561948747e-04 -5.6195785317e-04 1.5203133780e+01 -3.9745248707e-04 -3.1361948747e-04 -4.3845248707e-04 1.5202854146e+01
592.67466131 1.5218801369e+01 -5.5796826499e-04 -2.8602606034e-04 -5.6296826499e-04 1.5218862629e+01 -3.9844017177e-04 -3.1402606034e-04 -4.3944017177e-04 1.5218582379e+01
593.08738740 1.5234602608e+01 -5.5898302504e-04 -2.8643381629e-04 -5.6398302504e-04 1.5234663991e+01 -3.9943308516e-04 -3.1443381629e-04 -4.4043308516e-04 1.5234383121e+01
593.50011349 1.5250476850e+01 -5.6000216054e-04 -2.8684275842e-04 -5.6500216054e-04 1.5250538356e+01 -4.0043126739e-04 -3.1484275842e-04 -4.4143126739e-04 1.5250256862e+01
593.91283957 1.5266424589e+01 -5.6102569894e-04 -2.8725288983e-04 -5.6602569894e-04 1.5266486219e+01 -4.0143475904e-04 -3.1525288983e-04 -4.4243475904e-04 1.5266204099e+01
594.32556566 1.5282446326e+01 -5.6205366792e-04 -2.8766421358e-04 -5.6705366792e-04 1.5282508079e+01 -4.0244360111e-04 -3.1566421358e-04 -4.4344360111e-04 1.5282225330e+01
594.73829175 1.5298542564e+01 -5.6308609541e-04 -2.8807673273e-04 -5.6808609541e-04 1.5298604442e+01 -4.0345783500e-04 -3.1607673273e-04 -4.4445783500e-04 1.5298321060e+01
595.15101784 1.5314713812e+01 -5.6412300954e-04 -2.8849045031e-04 -5.6912300954e-04 1.5314775816e+01 -4.0447750253e-04 -3.1649045031e-04 -4.4547750253e-04 1.5314491798e+01
595.56374392 1.5330960583e+01 -5.6516443870e-04 -2.8890536936e-04 -5.7016443870e-04 1.5331022713e+01 -4.0550264596e-04 -3.1690536936e-04 -4.4650264596e-04 1.5330738056e+01
595.97647001 1.5347283397e+01 -5.6621041153e-04 -2.8932149285e-04 -5.7121041153e-04 1.5347345653e+01 -4.0653330798e-04 -3.1732149285e-04 -4.4753330798e-04 1.5347060353e+01
596.38919610 1.5363682775e+01 -5.6726095688e-04 -2.8973882378e-04 -5.7226095688e-04 1.5363745158e+01 -4.0756953172e-04 -3.1773882378e-04 -4.4856953172e-04 1.5363459212e+01
596.80192218 1.5380159245e+01 -5.6831610386e-04 -2.9015736511e-04 -5.7331610386e-04 1.5380221757e+01 -4.0861136076e-04 -3.1815736511e-04 -4.4961136076e-04 1.5379935161e+01
597.21464827 1.5396713340e+01 -5.6937588184e-04 -2.9057711976e-04 -5.7437588184e-04 1.5396775980e+01 -4.0965883911e-04 -3.1857711976e-04 -4.5065883911e-04 1.5396488732e+01
597.62737436 1.5413345598e+01 -5.7044032041e-04 -2.9099809065e-04 -5.7544032041e-04 1.5413408367e+01 -4.1071201126e-04 -3.1899809065e-04 -4.5171201126e-04 1.5413120463e+01
598.04010045 1.5430056560e+01 -5.7150944943e-04 -2.9142028067e-04 -5.7650944943e-04 1.5430119459e+01 -4.1177092215e-04 -3.1942028067e-04 -4.5277092215e-04 1.5429830895e+01
598.45282653 1.5446846775e+01 -5.7258329903e-04 -2.9184369269e-04 -5.7758329903e-04 1.5446909804e+01 -4.1283561718e-04 -3.1984369269e-04 -4.5383561718e-04 1.5446620577e+01
598.86555262 1.5463716794e+01 -5.7366189956e-04 -2.9226832954e-04 -5.7866189956e-04 1.5463779954e+01 -4.1390614224e-04 -3.2026832954e-04 -4.5490614224e-04 1.5463490061e+01
599.27827871 1.5480667177e+01 -5.7474528166e-04 -2.9269419404e-04 -5.7974528166e-04 1.5480730468e+01 -4.1498254369e-04 -3.2069419404e-04 -4.5598254369e-04 1.5480439906e+01
599.69100480 1.5497698485e+01 -5.7583347623e-04 -2.9312128898e-04 -5.8083347623e-04 1.5497761909e+01 -4.1606486838e-04 -3.2112128898e-04 -4.5706486838e-04 1.5497470673e+01
600.10373088 1.5514811288e+01 -5.7692651441e-04 -2.9354961711e-04 -5.8192651441e-04 1.5514874844e+01 -4.1715316364e-04 -3.2154961711e-04 -4.5815316364e-04 1.5514582931e+01
600.51645697 1.5532006158e+01 -5.7802442763e-04 -2.9397918118e-04 -5.8302442763e-04 1.5532069848e+01 -4.1824747733e-04 -3.2197918118e-04 -4.5924747733e-04 1.5531777254e+01
600.92918306 1.5549283675e+01 -5.7912724759e-04 -2.9440998386e-04 -5.8412724759e-04 1.5549347499e+01 -4.1934785779e-04 -3.2240998386e-04 -4.6034785779e-04 1.5549054221e+01
601.34190914 1.5566644423e+01 -5.8023500627e-04 -2.9484202784e-04 -5.8523500627e-04 1.5566708382e+01 -4.2045435386e-04 -3.2284202784e-04 -4.6145435386e-04 1.5566414416e+01
601.75463523 1.5584088993e+01 -5.8134773591e-04 -2.9527531576e-04 -5.8634773591e-04 1.5584153087e+01 -4.2156701493e-04 -3.2327531576e-04 -4.6256701493e-04 1.5583858430e+01
602.16736132 1.5601617980e+01 -5.8246546904e-04 -2.9570985020e-04 -5.8746546904e-04 1.5601682210e+01 -4.2268589091e-04 -3.2370985020e-04 -4.6368589091e-04 1.5601386857e+01
602.58008741 1.5619231985e+01 -5.8358823847e-04 -2.9614563376e-04 -5.8858823847e-04 1.5619296352e+01 -4.2381103221e-04 -3.2414563376e-04 -4.6481103221e-04 1.5619000300e+01
602.99281349 1.5636931615e+01 -5.8471607730e-04 -2.9658266895e-04 -5.8971607730e-04 1.5636996120e+01 -4.2494248981e-04 -3.2458266895e-04 -4.6594248981e-04 1.5636699365e+01
603.40553958 1.5654717483e+01 -5.8584901892e-04 -2.9702095828e-04 -5.9084901892e-04 1.5654782126e+01 -4.2608031524e-04 -3.2502095828e-04 -4.6708031524e-04 1.5654484665e+01
603.81826567 1.5672590209e+01 -5.8698709701e-04 -2.9746050420e-04 -5.9198709701e-04 1.5672654991e+01 -4.2722456056e-04 -3.2546050420e-04 -4.6822456056e-04 1.5672356818e+01
604.23099176 1.5690550416e+01 -5.8813034553e-04 -2.9790130915e-04 -5.9313034553e-04 1.5690615337e+01 -4.2837527841e-04 -3.2590130915e-04 -4.6937527841e-04 1.5690316451e+01
604.64371784 1.5708598735e+01 -5.8927879878e-04 -2.9834337550e-04 -5.9427879878e-04 1.5708663797e+01 -4.2953252200e-04 -3.2634337550e-04 -4.7053252200e-04 1.5708364192e+01
605.05644393 1.5726735803e+01 -5.9043249131e-04 -2.9878670559e-04 -5.9543249131e-04 1.5726801006e+01 -4.3069634509e-04 -3.2678670559e-04 -4.7169634509e-04 1.5726500679e+01
605.46917002 1.5744962263e+01 -5.9159145801e-04 -2.9923130172e-04 -5.9659145801e-04 1.5745027608e+01 -4.3186680206e-04 -3.2723130172e-04 -4.7286680206e-04 1.5744726555e+01
605.88189610 1.5763278765e+01 -5.9275573407e-04 -2.9967716614e-04 -5.9775573407e-04 1.5763344251e+01 -4.3304394785e-04 -3.2767716614e-04 -4.7404394785e-04 1.5763042468e+01
606.29462219 1.5781685963e+01 -5.9392535500e-04 -3.0012430106e-04 -5.9892535500e-04 1.5781751592e+01 -4.3422783802e-04 -3.2812430106e-04 -4.7522783802e-04 1.5781449075e+01
606.70734828 1.5800184519e+01 -5.9510035661e-04 -3.0057270865e-04 -6.0010035661e-04 1.5800250292e+01 -4.3541852874e-04 -3.2857270865e-04 -4.7641852874e-04 1.5799947037e+01
607.12007437 1.5818775102e+01 -5.9628077503e-04 -3.0102239102e-04 -6.0128077503e-04 1.5818841020e+01 -4.3661607677e-04 -3.2902239102e-04 -4.7761607677e-04 1.5818537023e+01
607.53280045 1.5837458387e+01 -5.9746664672e-04 -3.0147335024e-04 -6.0246664672e-04 1.5837524450e+01 -4.3782053953e-04 -3.2947335024e-04 -4.7882053953e-04 1.5837219707e+01
607.94552654 1.5856235055e+01 -5.9865800847e-04 -3.0192558831e-04 -6.0365800847e-04 1.5856301264e+01 -4.3903197504e-04 -3.2992558831e-04 -4.8003197504e-04 1.5855995770e+01
608.35825263 1.5875105794e+01 -5.9985489739e-04 -3.0237910721e-04 -6.0485489739e-04 1.5875172150e+01 -4.4025044199e-04 -3.3037910721e-04 -4.8125044199e-04 1.5874865901e+01
608.77097872 1.5894071299e+01 -6.0105735093e-04 -3.0283390884e-04 -6.0605735093e-04 1.5894137803e+01 -4.4147599970e-04 -3.3083390884e-04 -4.8247599970e-04 1.5893830795e+01
609.18370480 1.5913132273e+01 -6.0226540687e-04 -3.0328999505e-04 -6.0726540687e-04 1.5913198924e+01 -4.4270870815e-04 -3.3128999505e-04 -4.8370870815e-04 1.5912891154e+01
609.59643089 1.5932289423e+01 -6.0347910334e-04 -3.0374736764e-04 -6.0847910334e-04 1.5932356224e+01 -4.4394862800e-04 -3.3174736764e-04 -4.8494862800e-04 1.5932047687e+01
610.00915698 1.5951543467e+01 -6.0469847881e-04 -3.0420602834e-04 -6.0969847881e-04 1.5951610417e+01 -4.4519582059e-04 -3.3220602834e-04 -4.8619582059e-04 1.5951301108e+01
610.42188306 1.5970895126e+01 -6.0592357209e-04 -3.0466597884e-04 -6.1092357209e-04 1.5970962227e+01 -4.4645034792e-04 -3.3266597884e-04 -4.8745034792e-04 1.5970652142e+01
610.83460915 1.5990345131e+01 -6.0715442235e-04 -3.0512722075e-04 -6.1215442235e-04 1.5990412383e+01 -4.4771227272e-04 -3.3312722075e-04 -4.8871227272e-04 1.5990101518e+01
611.24733524 1.6009894220e+01 -6.0839106912e-04 -3.0558975561e-04 -6.1339106912e-04 1.6009961624e+01 -4.4898165840e-04 -3.3358975561e-04 -4.8998165840e-04 1.6009649974e+01
611.66006133 1.6029543137e+01 -6.0963355230e-04 -3.0605358492e-04 -6.1463355230e-04 1.6029610694e+01 -4.5025856910e-04 -3.3405358492e-04 -4.9125856910e-04 1.6029298255e+01
612.07278741 1.6049292635e+01 -6.1088191211e-04 -3.0651871010e-04 -6.1588191211e-04 1.6049360346e+01 -4.5154306968e-04 -3.3451871010e-04 -4.9254306968e-04 1.6049047113e+01
612.48551350 1.6069143474e+01 -6.1213618920e-04 -3.0698513248e-04 -6.1713618920e-04 1.6069211339e+01 -4.5283522575e-04 -3.3498513248e-04 -4.9383522575e-04 1.6068897308e+01
612.89823959 1.6089096421e+01 -6.1339642455e-04 -3.0745285336e-04 -6.1839642455e-04 1.6089164442e+01 -4.5413510364e-04 -3.3545285336e-04 -4.9513510364e-04 1.6088849608e+01
613.31096568 1.6109152252e+01 -6.1466265953e-04 -3.0792187392e-04 -6.1966265953e-04 1.6109220430e+01 -4.5544277045e-04 -3.3592187392e-04 -4.9644277045e-04 1.6108904788e+01
613.72369176 1.6129311751e+01 -6.1593493588e-04 -3.0839219531e-04 -6.2093493588e-04 1.6129380085e+01 -4.5675829406e-04 -3.3639219531e-04 -4.9775829406e-04 1.6129063632e+01
614.13641785 1.6149575709e+01 -6.1721329575e-04 -3.0886381858e-04 -6.2221329575e-04 1.6149644201e+01 -4.5808174311e-04 -3.3686381858e-04 -4.9908174311e-04 1.6149326930e+01
614.54914394 1.6169944924e+01 -6.1849778166e-04 -3.0933674468e-04 -6.2349778166e-04 1.6170013575e+01 -4.5941318704e-04 -3.3733674468e-04 -5.0041318704e-04 1.6169695483e+01
614.96187002 1.6190420206e+01 -6.1978843653e-04 -3.0981097453e-04 -6.2478843653e-04 1.6190489016e+01 -4.6075269608e-04 -3.3781097453e-04 -5.0175269608e-04 1.6190170097e+01
615.37459611 1.6211002368e+01 -6.2108530368e-04 -3.1028650891e-04 -6.2608530368e-04 1.6211071339e+01 -4.6210034128e-04 -3.3828650891e-04 -5.0310034128e-04 1.6210751589e+01
615.78732220 1.6231692237e+01 -6.2238842683e-04 -3.1076334856e-04 -6.2738842683e-04 1.6231761369e+01 -4.6345619452e-04 -3.3876334856e-04 -5.0445619452e-04 1.6231440783e+01
616.20004829 1.6252490645e+01 -6.2369785012e-04 -3.1124149410e-04 -6.2869785012e-04 1.6252559938e+01 -4.6482032850e-04 -3.3924149410e-04 -5.0582032850e-04 1.6252238512e+01
616.61277437 1.6273398432e+01 -6.2501361808e-04 -3.1172094608e-04 -6.3001361808e-04 1.6273467889e+01 -4.6619281677e-04 -3.3972094608e-04 -5.0719281677e-04 1.6273145617e+01
617.02550046 1.6294416450e+01 -6.2633577567e-04 -3.1220170494e-04 -6.3133577567e-04 1.6294486070e+01 -4.6757373375e-04 -3.4020170494e-04 -5.0857373375e-04 1.6294162948e+01
617.43822655 1.6315545557e+01 -6.2766436829e-04 -3.1268377103e-04 -6.3266436829e-04 1.6315615342e+01 -4.6896315473e-04 -3.4068377103e-04 -5.0996315473e-04 1.6315291363e+01
617.85095264 1.6336786621e+01 -6.2899944173e-04 -3.1316714461e-04 -6.3399944173e-04 1.6336856572e+01 -4.7036115588e-04 -3.4116714461e-04 -5.1136115588e-04 1.6336531732e+01
618.26367872 1.6358140519e+01 -6.3034104226e-04 -3.1365182584e-04 -6.3534104226e-04 1.6358210636e+01 -4.7176781426e-04 -3.4165182584e-04 -5.1276781426e-04 1.6357884931e+01
618.67640481 1.6379608138e+01 -6.3168921654e-04 -3.1413781475e-04 -6.3668921654e-04 1.6379678422e+01 -4.7318320785e-04 -3.4213781475e-04 -5.1418320785e-04 1.6379351846e+01
619.08913090 1.6401190372e+01 -6.3304401169e-04 -3.1462511129e-04 -6.3804401169e-04 1.6401260825e+01 -4.7460741557e-04 -3.4262511129e-04 -5.1560741557e-04 1.6400933372e+01
619.50185698 1.6422888128e+01 -6.3440547531e-04 -3.1511371530e-04 -6.3940547531e-04 1.6422958750e+01 -4.7604051723e-04 -3.4311371530e-04 -5.1704051723e-04 1.6422630415e+01
619.91458307 1.6444702318e+01 -6.3577365539e-04 -3.1560362650e-04 -6.4077365539e-04 1.6444773110e+01 -4.7748259365e-04 -3.4360362650e-04 -5.1848259365e-04 1.6444443889e+01
620.32730916 1.6466633868e+01 -6.3714860043e-04 -3.1609484449e-04 -6.4214860043e-04 1.6466704831e+01 -4.7893372656e-04 -3.4409484449e-04 -5.1993372656e-04 1.6466374718e+01
620.74003525 1.6488683712e+01 -6.3853035938e-04 -3.1658736876e-04 -6.4353035938e-04 1.6488754847e+01 -4.8039399872e-04 -3.4458736876e-04 -5.2139399872e-04 1.6488423836e+01
621.15276133 1.6510852792e+01 -6.3991898165e-04 -3.1708119868e-04 -6.4491898165e-04 1.6510924100e+01 -4.8186349384e-04 -3.4508119868e-04 -5.2286349384e-04 1.6510592187e+01
621.56548742 1.6533142065e+01 -6.4131451713e-04 -3.1757633349e-04 -6.4631451713e-04 1.6533213547e+01 -4.8334229667e-04 -3.4557633349e-04 -5.2434229667e-04 1.6532880725e+01
621.97821351 1.6555552493e+01 -6.4271701618e-04 -3.1807277230e-04 -6.4771701618e-04 1.6555624149e+01 -4.8483049296e-04 -3.4607277230e-04 -5.2583049296e-04 1.6555290413e+01
622.39093960 1.6578085051e+01 -6.4412652968e-04 -3.1857051411e-04 -6.4912652968e-04 1.6578156884e+01 -4.8632816952e-04 -3.4657051411e-04 -5.2732816952e-04 1.6577822228e+01
622.80366568 1.6600740724e+01 -6.4554310897e-04 -3.1906955775e-04 -6.5054310897e-04 1.6600812734e+01 -4.8783541420e-04 -3.4706955775e-04 -5.2883541420e-04 1.6600477153e+01
623.21639177 1.6623520509e+01 -6.4696680589e-04 -3.1956990195e-04 -6.5196680589e-04 1.6623592696e+01 -4.8935231593e-04 -3.4756990195e-04 -5.3035231593e-04 1.6623256185e+01
623.62911786 1.6646425411e+01 -6.4839767280e-04 -3.2007154528e-04 -6.5339767280e-04 1.6646497777e+01 -4.9087896471e-04 -3.4807154528e-04 -5.3187896471e-04 1.6646160329e+01
624.04184394 1.6669456447e+01 -6.4983576255e-04 -3.2057448615e-04 -6.5483576255e-04 1.6669528993e+01 -4.9241545166e-04 -3.4857448615e-04 -5.3341545166e-04 1.6669190603e+01
624.45457003 1.6692614648e+01 -6.5128112853e-04 -3.2107872286e-04 -6.5628112853e-04 1.6692687374e+01 -4.9396186902e-04 -3.4907872286e-04 -5.3496186902e-04 1.6692348036e+01
624.86729612 1.6715901051e+01 -6.5273382462e-04 -3.2158425352e-04 -6.5773382462e-04 1.6715973959e+01 -4.9551831015e-04 -3.4958425352e-04 -5.3651831015e-04 1.6715633667e+01
625.28002221 1.6739316708e+01 -6.5419390527e-04 -3.2209107610e-04 -6.5919390527e-04 1.6739389799e+01 -4.9708486958e-04 -3.5009107610e-04 -5.3808486958e-04 1.6739048547e+01
625.69274829 1.6762862681e+01 -6.5566142543e-04 -3.2259918842e-04 -6.6066142543e-04 1.6762935957e+01 -4.9866164300e-04 -3.5059918842e-04 -5.3966164300e-04 1.6762593738e+01
626.10547438 1.6786540045e+01 -6.5713644060e-04 -3.2310858812e-04 -6.6213644060e-04 1.6786613506e+01 -5.0024872730e-04 -3.5110858812e-04 -5.4124872730e-04 1.6786270315e+01
626.51820047 1.6810349887e+01 -6.5861900684e-04 -3.2361927266e-04 -6.6361900684e-04 1.6810423533e+01 -5.0184622057e-04 -3.5161927266e-04 -5.4284622057e-04 1.6810079365e+01
626.93092656 1.6834293303e+01 -6.6010918076e-04 -3.2413123937e-04 -6.6510918076e-04 1.6834367136e+01 -5.0345422212e-04 -3.5213123937e-04 -5.4445422212e-04 1.6834021984e+01
627.34365264 1.6858371404e+01 -6.6160701951e-04 -3.2464448536e-04 -6.6660701951e-04 1.6858445426e+01 -5.0507283252e-04 -3.5264448536e-04 -5.4607283252e-04 1.6858099283e+01
627.75637873 1.6882585313e+01 -6.6311258085e-04 -3.2515900757e-04 -6.6811258085e-04 1.6882659524e+01 -5.0670215360e-04 -3.5315900757e-04 -5.4770215360e-04 1.6882312384e+01
628.16910482 1.6906936165e+01 -6.6462592307e-04 -3.2567480277e-04 -6.6962592307e-04 1.6907010567e+01 -5.0834228846e-04 -3.5367480277e-04 -5.4934228846e-04 1.6906662424e+01
628.58183090 1.6931425108e+01 -6.6614710508e-04 -3.2619186751e-04 -6.7114710508e-04 1.6931499701e+01 -5.0999334152e-04 -3.5419186751e-04 -5.5099334152e-04 1.6931150549e+01
628.99455699 1.6956053303e+01 -6.6767618635e-04 -3.2671019818e-04 -6.7267618635e-04 1.6956128088e+01 -5.1165541853e-04 -3.5471019818e-04 -5.5265541853e-04 1.6955777920e+01
629.40728308 1.6980821922e+01 -6.6921322698e-04 -3.2722979094e-04 -6.7421322698e-04 1.6980896901e+01 -5.1332862656e-04 -3.5522979094e-04 -5.5432862656e-04 1.6980545710e+01
629.82000917 1.7005732154e+01 -6.7075828763e-04 -3.2775064175e-04 -6.7575828763e-04 1.7005807328e+01 -5.1501307407e-04 -3.5575064175e-04 -5.5601307407e-04 1.7005455108e+01
630.23273525 1.7030785198e+01 -6.7231142961e-04 -3.2827274637e-04 -6.7731142961e-04 1.7030860568e+01 -5.1670887090e-04 -3.5627274637e-04 -5.5770887090e-04 1.7030507313e+01
630.64546134 1.7055982269e+01 -6.7387271484e-04 -3.2879610033e-04 -6.7887271484e-04 1.7056057836e+01 -5.1841612828e-04 -3.5679610033e-04 -5.5941612828e-04 1.7055703538e+01
631.05818743 1.7081324594e+01 -6.7544220586e-04 -3.2932069894e-04 -6.8044220586e-04 1.7081400359e+01 -5.2013495891e-04 -3.5732069894e-04 -5.6113495891e-04 1.7081045012e+01
631.47091352 1.7106813415e+01 -6.7701996584e-04 -3.2984653729e-04 -6.8201996584e-04 1.7106889380e+01 -5.2186547692e-04 -3.5784653729e-04 -5.6286547692e-04 1.7106532977e+01
631.88363960 1.7132449988e+01 -6.7860605860e-04 -3.3037361023e-04 -6.8360605860e-04 1.7132526153e+01 -5.2360779792e-04 -3.5837361023e-04 -5.6460779792e-04 1.7132168688e+01
632.29636569 1.7158235583e+01 -6.8020054862e-04 -3.3090191238e-04 -6.8520054862e-04 1.7158311950e+01 -5.2536203902e-04 -3.5890191238e-04 -5.6636203902e-04 1.7157953415e+01
632.70909178 1.7184171486e+01 -6.8180350104e-04 -3.3143143811e-04 -6.8680350104e-04 1.7184248056e+01 -5.2712831887e-04 -3.5943143811e-04 -5.6812831887e-04 1.7183888444e+01
633.12181786 1.7210258996e+01 -6.8341498163e-04 -3.3196218152e-04 -6.8841498163e-04 1.7210335770e+01 -5.2890675765e-04 -3.5996218152e-04 -5.6990675765e-04 1.7209975074e+01
633.53454395 1.7236499428e+01 -6.8503505688e-04 -3.3249413649e-04 -6.9003505688e-04 1.7236576408e+01 -5.3069747714e-04 -3.6049413649e-04 -5.7169747714e-04 1.7236214621e+01
633.94727004 1.7262894112e+01 -6.8666379396e-04 -3.3302729659e-04 -6.9166379396e-04 1.7262971299e+01 -5.3250060069e-04 -3.6102729659e-04 -5.7350060069e-04 1.7262608413e+01
634.35999613 1.7289444394e+01 -6.8830126070e-04 -3.3356165517e-04 -6.9330126070e-04 1.7289521788e+01 -5.3431625330e-04 -3.6156165517e-04 -5.7531625330e-04 1.7289157798e+01
634.77272221 1.7316151634e+01 -6.8994752566e-04 -3.3409720525e-04 -6.9494752566e-04 1.7316229238e+01 -5.3614456161e-04 -3.6209720525e-04 -5.7714456161e-04 1.7315864134e+01
635.18544830 1.7343017211e+01 -6.9160265810e-04 -3.3463393961e-04 -6.9660265810e-04 1.7343095025e+01 -5.3798565396e-04 -3.6263393961e-04 -5.7898565396e-04 1.7342728801e+01
635.59817439 1.7370042517e+01 -6.9326672801e-04 -3.3517185072e-04 -6.9826672801e-04 1.7370120543e+01 -5.3983966037e-04 -3.6317185072e-04 -5.8083966037e-04 1.7369753191e+01
636.01090047 1.7397228962e+01 -6.9493980611e-04 -3.3571093073e-04 -6.9993980611e-04 1.7397307201e+01 -5.4170671262e-04 -3.6371093073e-04 -5.8270671262e-04 1.7396938714e+01
636.42362656 1.7424577972e+01 -6.9662196384e-04 -3.3625117153e-04 -7.0162196384e-04 1.7424656426e+01 -5.4358694423e-04 -3.6425117153e-04 -5.8458694423e-04 1.7424286795e+01
636.83635265 1.7452090991e+01 -6.9831327339e-04 -3.3679256464e-04 -7.0331327339e-04 1.7452169661e+01 -5.4548049054e-04 -3.6479256464e-04 -5.8648049054e-04 1.7451798879e+01
637.24907874 1.7479769479e+01 -7.0001380774e-04 -3.3733510131e-04 -7.0501380774e-04 1.7479848366e+01 -5.4738748869e-04 -3.6533510131e-04 -5.8838748869e-04 1.7479476426e+01
637.66180482 1.7507614914e+01 -7.0172364059e-04 -3.3787877243e-04 -7.0672364059e-04 1.7507694019e+01 -5.4930807770e-04 -3.6587877243e-04 -5.9030807770e-04 1.7507320912e+01
638.07453091 1.7535628791e+01 -7.0344284646e-04 -3.3842356856e-04 -7.0844284646e-04 1.7535708116e+01 -5.5124239844e-04 -3.6642356856e-04 -5.9224239844e-04 1.7535333835e+01
638.48725700 1.7563812624e+01 -7.0517150062e-04 -3.3896947990e-04 -7.1017150062e-04 1.7563892169e+01 -5.5319059372e-04 -3.6696947990e-04 -5.9419059372e-04 1.7563516706e+01
638.89998309 1.7592167944e+01 -7.0690967917e-04 -3.3951649631e-04 -7.1190967917e-04 1.7592247711e+01 -5.5515280830e-04 -3.6751649631e-04 -5.9615280830e-04 1.7591871057e+01
639.31270917 1.7620696300e+01 -7.0865745900e-04 -3.4006460729e-04 -7.1365745900e-04 1.7620776291e+01 -5.5712918891e-04 -3.6806460729e-04 -5.9812918891e-04 1.7620398438e+01
639.72543526 1.7649399262e+01 -7.1041491783e-04 -3.4061380194e-04 -7.1541491783e-04 1.7649479479e+01 -5.5911988429e-04 -3.6861380194e-04 -6.0011988429e-04 1.7649100418e+01
640.13816135 1.7678278417e+01 -7.1218213418e-04 -3.4116406901e-04 -7.1718213418e-04 1.7678358861e+01 -5.6112504525e-04 -3.6916406901e-04 -6.0212504525e-04 1.7677978584e+01
640.55088743 1.7707335373e+01 -7.1395918745e-04 -3.4171539683e-04 -7.1895918745e-04 1.7707416044e+01 -5.6314482465e-04 -3.6971539683e-04 -6.0414482465e-04 1.7707034544e+01
640.96361352 1.7736571755e+01 -7.1574615787e-04 -3.4226777333e-04 -7.2074615787e-04 1.7736652656e+01 -5.6517937751e-04 -3.7026777333e-04 -6.0617937751e-04 1.7736269923e+01
641.37633961 1.7765989210e+01 -7.1754312653e-04 -3.4282118604e-04 -7.2254312653e-04 1.7766070342e+01 -5.6722886096e-04 -3.7082118604e-04 -6.0822886096e-04 1.7765686368e+01
641.78906570 1.7795589406e+01 -7.1935017540e-04 -3.4337562207e-04 -7.2435017540e-04 1.7795670770e+01 -5.6929343437e-04 -3.7137562207e-04 -6.1029343437e-04 1.7795285546e+01
642.20179178 1.7825374028e+01 -7.2116738733e-04 -3.4393106808e-04 -7.2616738733e-04 1.7825455626e+01 -5.7137325930e-04 -3.7193106808e-04 -6.1237325930e-04 1.7825069144e+01
642.61451787 1.7855344786e+01 -7.2299484607e-04 -3.4448751028e-04 -7.2799484607e-04 1.7855426619e+01 -5.7346849959e-04 -3.7248751028e-04 -6.1446849959e-04 1.7855038869e+01
643.02724396 1.7885503408e+01 -7.2483263629e-04 -3.4504493445e-04 -7.2983263629e-04 1.7885585478e+01 -5.7557932140e-04 -3.7304493445e-04 -6.1657932140e-04 1.7885196451e+01
643.43997005 1.7915851644e+01 -7.2668084357e-04 -3.4560332589e-04 -7.3168084357e-04 1.7915933953e+01 -5.7770589323e-04 -3.7360332589e-04 -6.1870589323e-04 1.7915543640e+01
643.85269613 1.7946391268e+01 -7.2853955441e-04 -3.4616266940e-04 -7.3353955441e-04 1.7946473817e+01 -5.7984838596e-04 -3.7416266940e-04 -6.2084838596e-04 1.7946082209e+01
644.26542222 1.7977124074e+01 -7.3040885628e-04 -3.4672294933e-04 -7.3540885628e-04 1.7977206865e+01 -5.8200697291e-04 -3.7472294933e-04 -6.2300697291e-04 1.7976813952e+01
644.67814831 1.8008051879e+01 -7.3228883760e-04 -3.4728414948e-04 -7.3728883760e-04 1.8008134913e+01 -5.8418182987e-04 -3.7528414948e-04 -6.2518182987e-04 1.8007740687e+01
645.09087439 1.8039176523e+01 -7.3417958775e-04 -3.4784625317e-04 -7.3917958775e-04 1.8039259801e+01 -5.8637313514e-04 -3.7584625317e-04 -6.2737313514e-04 1.8038864252e+01
645.50360048 1.8070499869e+01 -7.3608119711e-04 -3.4840924317e-04 -7.4108119711e-04 1.8070583393e+01 -5.8858106960e-04 -3.7640924317e-04 -6.2958106960e-04 1.8070186511e+01
645.91632657 1.8102023803e+01 -7.3799375704e-04 -3.4897310172e-04 -7.4299375704e-04 1.8102107575e+01 -5.9080581672e-04 -3.7697310172e-04 -6.3180581672e-04 1.8101709351e+01
646.32905266 1.8133750237e+01 -7.3991735994e-04 -3.4953781048e-04 -7.4491735994e-04 1.8133834259e+01 -5.9304756262e-04 -3.7753781048e-04 -6.3404756262e-04 1.8133434682e+01
646.74177874 1.8165681105e+01 -7.4185209921e-04 -3.5010335058e-04 -7.4685209921e-04 1.8165765378e+01 -5.9530649613e-04 -3.7810335058e-04 -6.3630649613e-04 1.8165364439e+01
647.15450483 1.8197818367e+01 -7.4379806930e-04 -3.5066970252e-04 -7.4879806930e-04 1.8197902893e+01 -5.9758280882e-04 -3.7866970252e-04 -6.3858280882e-04 1.8197500581e+01
647.56723092 1.8230164007e+01 -7.4575536570e-04 -3.5123684623e-04 -7.5075536570e-04 1.8230248788e+01 -5.9987669507e-04 -3.7923684623e-04 -6.4087669507e-04 1.8229845094e+01
647.97995701 1.8262720037e+01 -7.4772408498e-04 -3.5180476100e-04 -7.5272408498e-04 1.8262805074e+01 -6.0218835209e-04 -3.7980476100e-04 -6.4318835209e-04 1.8262399988e+01
648.39268309 1.8295488493e+01 -7.4970432478e-04 -3.5237342552e-04 -7.5470432478e-04 1.8295573787e+01 -6.0451798001e-04 -3.8037342552e-04 -6.4551798001e-04 1.8295167298e+01
648.80540918 1.8328471436e+01 -7.5169618387e-04 -3.5294281779e-04 -7.5669618387e-04 1.8328556990e+01 -6.0686578189e-04 -3.8094281779e-04 -6.4786578189e-04 1.8328149088e+01
649.21813527 1.8361670956e+01 -7.5369976208e-04 -3.5351291520e-04 -7.5869976208e-04 1.8361756772e+01 -6.0923196381e-04 -3.8151291520e-04 -6.5023196381e-04 1.8361347446e+01
649.63086135 1.8395089171e+01 -7.5571516041e-04 -3.5408369441e-04 -7.6071516041e-04 1.8395175250e+01 -6.1161673491e-04 -3.8208369441e-04 -6.5261673491e-04 1.8394764489e+01
650.04358744 1.8428728223e+01 -7.5774248098e-04 -3.5465513140e-04 -7.6274248098e-04 1.8428814567e+01 -6.1402030744e-04 -3.8265513140e-04 -6.5502030744e-04 1.8428402361e+01
650.45631353 1.8462590286e+01 -7.5978182707e-04 -3.5522720145e-04 -7.6478182707e-04 1.8462676897e+01 -6.1644289683e-04 -3.8322720145e-04 -6.5744289683e-04 1.8462263234e+01
650.86903962 1.8496677560e+01 -7.6183330315e-04 -3.5579987908e-04 -7.6683330315e-04 1.8496764440e+01 -6.1888472173e-04 -3.8379987908e-04 -6.5988472173e-04 1.8496349310e+01
651.28176570 1.8530992275e+01 -7.6389701487e-04 -3.5637313807e-04 -7.6889701487e-04 1.8531079425e+01 -6.2134600410e-04 -3.8437313807e-04 -6.6234600410e-04 1.8530662817e+01
651.69449179 1.8565536691e+01 -7.6597306907e-04 -3.5694695142e-04 -7.7097306907e-04 1.8565624113e+01 -6.2382696923e-04 -3.8494695142e-04 -6.6482696923e-04 1.8565206015e+01
652.10721788 1.8600313097e+01 -7.6806157386e-04 -3.5752129135e-04 -7.7306157386e-04 1.8600400793e+01 -6.2632784586e-04 -3.8552129135e-04 -6.6732784586e-04 1.8599981194e+01
652.51994397 1.8635323812e+01 -7.7016263854e-04 -3.5809612926e-04 -7.7516263854e-04 1.8635411785e+01 -6.2884886617e-04 -3.8609612926e-04 -6.6984886617e-04 1.8634990673e+01
652.93267005 1.8670571189e+01 -7.7227637370e-04 -3.5867143572e-04 -7.7727637370e-04 1.8670659439e+01 -6.3139026592e-04 -3.8667143572e-04 -6.7239026592e-04 1.8670236802e+01
653.34539614 1.8706057608e+01 -7.7440289120e-04 -3.5924718042e-04 -7.7940289120e-04 1.8706146138e+01 -6.3395228445e-04 -3.8724718042e-04 -6.7495228445e-04 1.8705721966e+01
653.75812223 1.8741785485e+01 -7.7654230419e-04 -3.5982333222e-04 -7.8154230419e-04 1.8741874297e+01 -6.3653516480e-04 -3.8782333222e-04 -6.7753516480e-04 1.8741448576e+01
654.17084831 1.8777757267e+01 -7.7869472714e-04 -3.6039985903e-04 -7.8369472714e-04 1.8777846363e+01 -6.3913915375e-04 -3.8839985903e-04 -6.8013915375e-04 1.8777419082e+01
654.58357440 1.8813975434e+01 -7.8086027584e-04 -3.6097672788e-04 -7.8586027584e-04 1.8814064816e+01 -6.4176450191e-04 -3.8897672788e-04 -6.8276450191e-04 1.8813635962e+01
654.99630049 1.8850442500e+01 -7.8303906744e-04 -3.6155390482e-04 -7.8803906744e-04 1.8850532170e+01 -6.4441146377e-04 -3.8955390482e-04 -6.8541146377e-04 1.8850101731e+01
655.40902658 1.8887161013e+01 -7.8523122046e-04 -3.6213135494e-04 -7.9023122046e-04 1.8887250973e+01 -6.4708029779e-04 -3.9013135494e-04 -6.8808029779e-04 1.8886818937e+01
655.82175266 1.8924133556e+01 -7.8743685480e-04 -3.6270904234e-04 -7.9243685480e-04 1.8924223808e+01 -6.4977126649e-04 -3.9070904234e-04 -6.9077126649e-04 1.8923790163e+01
656.23447875 1.8961362749e+01 -7.8965609176e-04 -3.6328693008e-04 -7.9465609176e-04 1.8961453294e+01 -6.5248463649e-04 -3.9128693008e-04 -6.9348463649e-04 1.8961018026e+01
656.64720484 1.8998851244e+01 -7.9188905411e-04 -3.6386498020e-04 -7.9688905411e-04 1.8998942086e+01 -6.5522067864e-04 -3.9186498020e-04 -6.9622067864e-04 1.8998505182e+01
657.05993093 1.9036601735e+01 -7.9413586602e-04 -3.6444315362e-04 -7.9913586602e-04 1.9036692875e+01 -6.5797966803e-04 -3.9244315362e-04 -6.9897966803e-04 1.9036254322e+01
657.47265701 1.9074616948e+01 -7.9639665315e-04 -3.6502141019e-04 -8.0139665315e-04 1.9074708389e+01 -6.6076188416e-04 -3.9302141019e-04 -7.0176188416e-04 1.9074268174e+01
657.88538310 1.9112899652e+01 -7.9867154266e-04 -3.6559970861e-04 -8.0367154266e-04 1.9112991395e+01 -6.6356761095e-04 -3.9359970861e-04 -7.0456761095e-04 1.9112549505e+01
658.29810919 1.9151452651e+01 -8.0096066322e-04 -3.6617800642e-04 -8.0596066322e-04 1.9151544699e+01 -6.6639713689e-04 -3.9417800642e-04 -7.0739713689e-04 1.9151101120e+01
658.71083527 1.9190278790e+01 -8.0326414501e-04 -3.6675625997e-04 -8.0826414501e-04 1.9190371145e+01 -6.6925075508e-04 -3.9475625997e-04 -7.1025075508e-04 1.9189925864e+01
659.12356136 1.9229380954e+01 -8.0558211980e-04 -3.6733442436e-04 -8.1058211980e-04 1.9229473618e+01 -6.7212876333e-04 -3.9533442436e-04 -7.1312876333e-04 1.9229026620e+01
659.53628745 1.9268762067e+01 -8.0791472091e-04 -3.6791245347e-04 -8.1291472091e-04 1.9268855043e+01 -6.7503146429e-04 -3.9591245347e-04 -7.1603146429e-04 1.9268406314e+01
659.94901354 1.9308425097e+01 -8.1026208329e-04 -3.6849029984e-04 -8.1526208329e-04 1.9308518386e+01 -6.7795916550e-04 -3.9649029984e-04 -7.1895916550e-04 1.9308067913e+01
660.36173962 1.9348373052e+01 -8.1262434350e-04 -3.6906791474e-04 -8.1762434350e-04 1.9348466658e+01 -6.8091217953e-04 -3.9706791474e-04 -7.2191217953e-04 1.9348014425e+01
660.77446571 1.9388608985e+01 -8.1500163974e-04 -3.6964524802e-04 -8.2000163974e-04 1.9388702908e+01 -6.8389082402e-04 -3.9764524802e-04 -7.2489082402e-04 1.9388248902e+01
661.18719180 1.9429135990e+01 -8.1739411190e-04 -3.7022224818e-04 -8.2239411190e-04 1.9429230234e+01 -6.8689542186e-04 -3.9822224818e-04 -7.2789542186e-04 1.9428774440e+01
661.59991789 1.9469957208e+01 -8.1980190156e-04 -3.7079886226e-04 -8.2480190156e-04 1.9470051776e+01 -6.8992630125e-04 -3.9879886226e-04 -7.3092630125e-04 1.9469594178e+01
662.01264397 1.9511075823e+01 -8.2222515202e-04 -3.7137503584e-04 -8.2722515202e-04 1.9511170717e+01 -6.9298379578e-04 -3.9937503584e-04 -7.3398379578e-04 1.9510711300e+01
662.42537006 1.9552495068e+01 -8.2466400835e-04 -3.7195071297e-04 -8.2966400835e-04 1.9552590290e+01 -6.9606824463e-04 -3.9995071297e-04 -7.3706824463e-04 1.9552129040e+01
662.83809615 1.9594218221e+01 -8.2711861735e-04 -3.7252583616e-04 -8.3211861735e-04 1.9594313773e+01 -6.9917999257e-04 -4.0052583616e-04 -7.4017999257e-04 1.9593850673e+01
663.25082223 1.9636248606e+01 -8.2958912767e-04 -3.7310034632e-04 -8.3458912767e-04 1.9636344492e+01 -7.0231939019e-04 -4.0110034632e-04 -7.4331939019e-04 1.9635879527e+01
663.66354832 1.9678589600e+01 -8.3207568974e-04 -3.7367418273e-04 -8.3707568974e-04 1.9678685821e+01 -7.0548679391e-04 -4.0167418273e-04 -7.4648679391e-04 1.9678218976e+01
664.07627441 1.9721244626e+01 -8.3457845589e-04 -3.7424728298e-04 -8.3957845589e-04 1.9721341185e+01 -7.0868256620e-04 -4.0224728298e-04 -7.4968256620e-04 1.9720872443e+01
664.48900050 1.9764217158e+01 -8.3709758029e-04 -3.7481958294e-04 -8.4209758029e-04 1.9764314058e+01 -7.1190707562e-04 -4.0281958294e-04 -7.5290707562e-04 1.9763843403e+01
664.90172658 1.9807510723e+01 -8.3963321904e-04 -3.7539101670e-04 -8.4463321904e-04 1.9807607966e+01 -7.1516069701e-04 -4.0339101670e-04 -7.5616069701e-04 1.9807135382e+01
665.31445267 1.9851128899e+01 -8.4218553018e-04 -3.7596151652e-04 -8.4718553018e-04 1.9851226489e+01 -7.1844381158e-04 -4.0396151652e-04 -7.5944381158e-04 1.9850751957e+01
665.72717876 1.9895075318e+01 -8.4475467370e-04 -3.7653101280e-04 -8.4975467370e-04 1.9895173256e+01 -7.2175680708e-04 -4.0453101280e-04 -7.6275680708e-04 1.9894696762e+01
666.13990485 1.9939353665e+01 -8.4734081161e-04 -3.7709943403e-04 -8.5234081161e-04 1.9939451954e+01 -7.2510007790e-04 -4.0509943403e-04 -7.6610007790e-04 1.9938973480e+01
666.55263093 1.9983967681e+01 -8.4994410793e-04 -3.7766670670e-04 -8.5494410793e-04 1.9984066324e+01 -7.2847402525e-04 -4.0566670670e-04 -7.6947402525e-04 1.9983585853e+01
666.96535702 2.0028921164e+01 -8.5256472874e-04 -3.7823275528e-04 -8.5756472874e-04 2.0029020165e+01 -7.3187905724e-04 -4.0623275528e-04 -7.7287905724e-04 2.0028537678e+01
667.37808311 2.0074217970e+01 -8.5520284221e-04 -3.7879750216e-04 -8.6020284221e-04 2.0074317330e+01 -7.3531558912e-04 -4.0679750216e-04 -7.7631558912e-04 2.0073832810e+01
667.79080919 2.0119862010e+01 -8.5785861862e-04 -3.7936086758e-04 -8.6285861862e-04 2.0119961732e+01 -7.3878404336e-04 -4.0736086758e-04 -7.7978404336e-04 2.0119475162e+01
668.20353528 2.0165857258e+01 -8.6053223042e-04 -3.7992276959e-04 -8.6553223042e-04 2.0165957346e+01 -7.4228484981e-04 -4.0792276959e-04 -7.8328484981e-04 2.0165468706e+01
668.61626137 2.0212207749e+01 -8.6322385222e-04 -3.8048312396e-04 -8.6822385222e-04 2.0212308205e+01 -7.4581844591e-04 -4.0848312396e-04 -7.8681844591e-04 2.0211817478e+01
669.02898746 2.0258917577e+01 -8.6593366087e-04 -3.8104184417e-04 -8.7093366087e-04 2.0259018404e+01 -7.4938527680e-04 -4.0904184417e-04 -7.9038527680e-04 2.0258525571e+01
669.44171354 2.0305990901e+01 -8.6866183546e-04 -3.8159884127e-04 -8.7366183546e-04 2.0306092103e+01 -7.5298579552e-04 -4.0959884127e-04 -7.9398579552e-04 2.0305597144e+01
669.85443963 2.0353431944e+01 -8.7140855735e-04 -3.8215402387e-04 -8.7640855735e-04 2.0353533523e+01 -7.5662046315e-04 -4.1015402387e-04 -7.9762046315e-04 2.0353036420e+01
670.26716572 2.0401244995e+01 -8.7417401025e-04 -3.8270729808e-04 -8.7917401025e-04 2.0401346954e+01 -7.6028974903e-04 -4.1070729808e-04 -8.0128974903e-04 2.0400847687e+01
670.67989181 2.0449434409e+01 -8.7695838020e-04 -3.8325856739e-04 -8.8195838020e-04 2.0449536752e+01 -7.6399413090e-04 -4.1125856739e-04 -8.0499413090e-04 2.0449035301e+01
671.09261789 2.0498004610e+01 -8.7976185565e-04 -3.8380773262e-04 -8.8476185565e-04 2.0498107339e+01 -7.6773409512e-04 -4.1180773262e-04 -8.0873409512e-04 2.0497603684e+01
671.50534398 2.0546960090e+01 -8.8258462746e-04 -3.8435469187e-04 -8.8758462746e-04 2.0547063209e+01 -7.7151013681e-04 -4.1235469187e-04 -8.1251013681e-04 2.0546557330e+01
671.91807007 2.0596305413e+01 -8.8542688897e-04 -3.8489934040e-04 -8.9042688897e-04 2.0596408925e+01 -7.7532276013e-04 -4.1289934040e-04 -8.1632276013e-04 2.0595900802e+01
672.33079615 2.0646045215e+01 -8.8828883602e-04 -3.8544157060e-04 -8.9328883602e-04 2.0646149123e+01 -7.7917247838e-04 -4.1344157060e-04 -8.2017247838e-04 2.0645638735e+01
672.74352224 2.0696184207e+01 -8.9117066699e-04 -3.8598127184e-04 -8.9617066699e-04 2.0696288514e+01 -7.8305981428e-04 -4.1398127184e-04 -8.2405981428e-04 2.0695775840e+01
673.15624833 2.0746727172e+01 -8.9407258283e-04 -3.8651833046e-04 -8.9907258283e-04 2.0746831882e+01 -7.8698530017e-04 -4.1451833046e-04 -8.2798530017e-04 2.0746316900e+01
673.56897442 2.0797678972e+01 -8.9699478714e-04 -3.8705262963e-04 -9.0199478714e-04 2.0797784088e+01 -7.9094947818e-04 -4.1505262963e-04 -8.3194947818e-04 2.0797266776e+01
673.98170050 2.0849044546e+01 -8.9993748614e-04 -3.8758404929e-04 -9.0493748614e-04 2.0849150072e+01 -7.9495290052e-04 -4.1558404929e-04 -8.3595290052e-04 2.0848630409e+01
674.39442659 2.0900828914e+01 -9.0290088880e-04 -3.8811246604e-04 -9.0790088880e-04 2.0900934853e+01 -7.9899612966e-04 -4.1611246604e-04 -8.3999612966e-04 2.0900412816e+01
674.80715268 2.0953037177e+01 -9.0588520679e-04 -3.8863775305e-04 -9.1088520679e-04 2.0953143532e+01 -8.0307973858e-04 -4.1663775305e-04 -8.4407973858e-04 2.0952619099e+01
675.21987877 2.1005674517e+01 -9.0889065460e-04 -3.8915977996e-04 -9.1389065460e-04 2.1005781292e+01 -8.0720431102e-04 -4.1715977996e-04 -8.4820431102e-04 2.1005254440e+01
675.63260485 2.1058746203e+01 -9.1191744954e-04 -3.8967841279e-04 -9.1691744954e-04 2.1058853402e+01 -8.1137044172e-04 -4.1767841279e-04 -8.5237044172e-04 2.1058324108e+01
676.04533094 2.1112257590e+01 -9.1496581179e-04 -3.9019351381e-04 -9.1996581179e-04 2.1112365216e+01 -8.1557873667e-04 -4.1819351381e-04 -8.5657873667e-04 2.1111833456e+01
676.45805703 2.1166214121e+01 -9.1803596445e-04 -3.9070494146e-04 -9.2303596445e-04 2.1166322177e+01 -8.1982981338e-04 -4.1870494146e-04 -8.6082981338e-04 2.1165787928e+01
676.87078311 2.1220621328e+01 -9.2112813360e-04 -3.9121255022e-04 -9.2612813360e-04 2.1220729819e+01 -8.2412430116e-04 -4.1921255022e-04 -8.6512430116e-04 2.1220193055e+01
677.28350920 2.1275484836e+01 -9.2424254832e-04 -3.9171619052e-04 -9.2924254832e-04 2.1275593765e+01 -8.2846284136e-04 -4.1971619052e-04 -8.6946284136e-04 2.1275054463e+01
677.69623529 2.1330810363e+01 -9.2737944075e-04 -3.9221570855e-04 -9.3237944075e-04 2.1330919734e+01 -8.3284608769e-04 -4.2021570855e-04 -8.7384608769e-04 2.1330377869e+01
678.10896138 2.1386603724e+01 -9.3053904613e-04 -3.9271094626e-04 -9.3553904613e-04 2.1386713541e+01 -8.3727470651e-04 -4.2071094626e-04 -8.7827470651e-04 2.1386169087e+01
678.52168746 2.1442870831e+01 -9.3372160288e-04 -3.9320174109e-04 -9.3872160288e-04 2.1442981098e+01 -8.4174937710e-04 -4.2120174109e-04 -8.8274937710e-04 2.1442434029e+01
678.93441355 2.1499617694e+01 -9.3692735261e-04 -3.9368792598e-04 -9.4192735261e-04 2.1499728415e+01 -8.4627079199e-04 -4.2168792598e-04 -8.8727079199e-04 2.1499178706e+01
679.34713964 2.1556850429e+01 -9.4015654017e-04 -3.9416932911e-04 -9.4515654017e-04 2.1556961607e+01 -8.5083965730e-04 -4.2216932911e-04 -8.9183965730e-04 2.1556409231e+01
679.75986573 2.1614575251e+01 -9.4340941375e-04 -3.9464577384e-04 -9.4840941375e-04 2.1614686892e+01 -8.5545669302e-04 -4.2264577384e-04 -8.9645669302e-04 2.1614131822e+01
680.17259181 2.1672798486e+01 -9.4668622488e-04 -3.9511707857e-04 -9.5168622488e-04 2.1672910593e+01 -8.6012263337e-04 -4.2311707857e-04 -9.0112263337e-04 2.1672352803e+01
680.58531790 2.1731526566e+01 -9.4998722851e-04 -3.9558305651e-04 -9.5498722851e-04 2.1731639143e+01 -8.6483822715e-04 -4.2358305651e-04 -9.0583822715e-04 2.1731078604e+01
680.99804399 2.1790766034e+01 -9.5331268305e-04 -3.9604351562e-04 -9.5831268305e-04 2.1790879085e+01 -8.6960423809e-04 -4.2404351562e-04 -9.1060423809e-04 2.1790315770e+01
681.41077007 2.1850523546e+01 -9.5666285044e-04 -3.9649825840e-04 -9.6166285044e-04 2.1850637076e+01 -8.7442144522e-04 -4.2449825840e-04 -9.1542144522e-04 2.1850070957e+01
681.82349616 2.1910805876e+01 -9.6003799619e-04 -3.9694708174e-04 -9.6503799619e-04 2.1910919888e+01 -8.7929064322e-04 -4.2494708174e-04 -9.2029064322e-04 2.1910350936e+01
682.23622225 2.1971619912e+01 -9.6343838944e-04 -3.9738977676e-04 -9.6843838944e-04 2.1971734413e+01 -8.8421264285e-04 -4.2538977676e-04 -9.2521264285e-04 2.1971162597e+01
682.64894834 2.2032972668e+01 -9.6686430304e-04 -3.9782612860e-04 -9.7186430304e-04 2.2033087661e+01 -8.8918827131e-04 -4.2582612860e-04 -9.3018827131e-04 2.2032512953e+01
683.06167442 2.2094871278e+01 -9.7031601357e-04 -3.9825591627e-04 -9.7531601357e-04 2.2094986767e+01 -8.9421837269e-04 -4.2625591627e-04 -9.3521837269e-04 2.2094409136e+01
683.47440051 2.2157323003e+01 -9.7379380143e-04 -3.9867891248e-04 -9.7879380143e-04 2.2157438992e+01 -8.9930380834e-04 -4.2667891248e-04 -9.4030380834e-04 2.2156858409e+01
683.88712660 2.2220335232e+01 -9.7729795090e-04 -3.9909488340e-04 -9.8229795090e-04 2.2220451728e+01 -9.0444545736e-04 -4.2709488340e-04 -9.4544545736e-04 2.2219868160e+01
684.29985268 2.2283915488e+01 -9.8082875016e-04 -3.9950358848e-04 -9.8582875016e-04 2.2284032494e+01 -9.0964421701e-04 -4.2750358848e-04 -9.5064421701e-04 2.2283445911e+01
684.71257877 2.2348071428e+01 -9.8438649141e-04 -3.9990478026e-04 -9.8938649141e-04 2.2348188949e+01 -9.1490100317e-04 -4.2790478026e-04 -9.5590100317e-04 2.2347599318e+01
685.12530486 2.2412810847e+01 -9.8797147090e-04 -4.0029820414e-04 -9.9297147090e-04 2.2412928888e+01 -9.2021675086e-04 -4.2829820414e-04 -9.6121675086e-04 2.2412336175e+01
685.53803095 2.2478141678e+01 -9.9158398900e-04 -4.0068359815e-04 -9.9658398900e-04 2.2478260244e+01 -9.2559241466e-04 -4.2868359815e-04 -9.6659241466e-04 2.2477664419e+01
685.95075703 2.2544072003e+01 -9.9522435028e-04 -4.0106069274e-04 -1.0002243503e-03 2.2544191099e+01 -9.3102896929e-04 -4.2906069274e-04 -9.7202896929e-04 2.2543592127e+01
686.36348312 2.2610610049e+01 -9.9889286353e-04 -4.0142921054e-04 -1.0038928635e-03 2.2610729680e+01 -9.3652741005e-04 -4.2942921054e-04 -9.7752741005e-04 2.2610127526e+01
686.77620921 2.2677764192e+01 -1.0025898419e-03 -4.0178886611e-04 -1.0075898419e-03 2.2677884363e+01 -9.4208875343e-04 -4.2978886611e-04 -9.8308875343e-04 2.2677278993e+01
687.18893530 2.2745542965e+01 -1.0063156029e-03 -4.0213936570e-04 -1.0113156029e-03 2.2745663682e+01 -9.4771403761e-04 -4.3013936570e-04 -9.8871403761e-04 2.2745055061e+01
687.60166138 2.2813955059e+01 -1.0100704685e-03 -4.0248040693e-04 -1.0150704685e-03 2.2814076326e+01 -9.5340432305e-04 -4.3048040693e-04 -9.9440432305e-04 2.2813464418e+01
688.01438747 2.2883009323e+01 -1.0138547652e-03 -4.0281167863e-04 -1.0188547652e-03 2.2883131146e+01 -9.5916069308e-04 -4.3081167863e-04 -1.0001606931e-03 2.2882515915e+01
688.42711356 2.2952714775e+01 -1.0176688242e-03 -4.0313286044e-04 -1.0226688242e-03 2.2952837159e+01 -9.6498425449e-04 -4.3113286044e-04 -1.0059842545e-03 2.2952218568e+01
688.83983964 2.3023080599e+01 -1.0215129812e-03 -4.0344362260e-04 -1.0265129812e-03 2.3023203551e+01 -9.7087613818e-04 -4.3144362260e-04 -1.0118761382e-03 2.3022581562e+01
689.25256573 2.3094116155e+01 -1.0253875767e-03 -4.0374362562e-04 -1.0303875767e-03 2.3094239679e+01 -9.7683749974e-04 -4.3174362562e-04 -1.0178374997e-03 2.3093614255e+01
689.66529182 2.3165830978e+01 -1.0292929562e-03 -4.0403251996e-04 -1.0342929562e-03 2.3165955080e+01 -9.8286952022e-04 -4.3203251996e-04 -1.0238695202e-03 2.3165326181e+01
690.07801791 2.3238234784e+01 -1.0332294698e-03 -4.0430994574e-04 -1.0382294698e-03 2.3238359469e+01 -9.8897340670e-04 -4.3230994574e-04 -1.0299734067e-03 2.3237727057e+01
690.49074399 2.3311337476e+01 -1.0371974727e-03 -4.0457553234e-04 -1.0421974727e-03 2.3311462751e+01 -9.9515039309e-04 -4.3257553234e-04 -1.0361503931e-03 2.3310826784e+01
690.90347008 2.3385149145e+01 -1.0411973254e-03 -4.0482889813e-04 -1.0461973254e-03 2.3385275017e+01 -1.0014017408e-03 -4.3282889813e-04 -1.0424017408e-03 2.3384635455e+01
691.31619617 2.3459680081e+01 -1.0452293931e-03 -4.0506965008e-04 -1.0502293931e-03 2.3459806553e+01 -1.0077287395e-03 -4.3306965008e-04 -1.0487287395e-03 2.3459163356e+01
691.72892226 2.3534940767e+01 -1.0492940465e-03 -4.0529738337e-04 -1.0542940465e-03 2.3535067848e+01 -1.0141327079e-03 -4.3329738337e-04 -1.0551327079e-03 2.3534420972e+01
692.14164834 2.3610941895e+01 -1.0533916615e-03 -4.0551168101e-04 -1.0583916615e-03 2.3611069589e+01 -1.0206149947e-03 -4.3351168101e-04 -1.0616149947e-03 2.3610418993e+01
692.55437443 2.3687694364e+01 -1.0575226194e-03 -4.0571211346e-04 -1.0625226194e-03 2.3687822679e+01 -1.0271769790e-03 -4.3371211346e-04 -1.0681769790e-03 2.3687168318e+01
692.96710052 2.3765209287e+01 -1.0616873070e-03 -4.0589823821e-04 -1.0666873070e-03 2.3765338229e+01 -1.0338200717e-03 -4.3389823821e-04 -1.0748200717e-03 2.3764680059e+01
693.37982660 2.3843497998e+01 -1.0658861166e-03 -4.0606959933e-04 -1.0708861166e-03 2.3843627573e+01 -1.0405457159e-03 -4.3406959933e-04 -1.0815457159e-03 2.3842965549e+01
693.79255269 2.3922572054e+01 -1.0701194460e-03 -4.0622572705e-04 -1.0751194460e-03 2.3922702269e+01 -1.0473553883e-03 -4.3422572705e-04 -1.0883553883e-03 2.3922036345e+01
694.20527878 2.4002443244e+01 -1.0743876990e-03 -4.0636613727e-04 -1.0793876990e-03 2.4002574105e+01 -1.0542505997e-03 -4.3436613727e-04 -1.0952505997e-03 2.4001904235e+01
694.61800487 2.4083123592e+01 -1.0786912850e-03 -4.0649033111e-04 -1.0836912850e-03 2.4083255107e+01 -1.0612328961e-03 -4.3449033111e-04 -1.1022328961e-03 2.4082581243e+01
695.03073095 2.4164625365e+01 -1.0830306193e-03 -4.0659779439e-04 -1.0880306193e-03 2.4164757540e+01 -1.0683038598e-03 -4.3459779439e-04 -1.1093038598e-03 2.4164079634e+01
695.44345704 2.4246961078e+01 -1.0874061233e-03 -4.0668799713e-04 -1.0924061233e-03 2.4247093920e+01 -1.0754651105e-03 -4.3468799713e-04 -1.1164651105e-03 2.4246411923e+01
695.85618313 2.4330143500e+01 -1.0918182244e-03 -4.0676039299e-04 -1.0968182244e-03 2.4330277017e+01 -1.0827183062e-03 -4.3476039299e-04 -1.1237183062e-03 2.4329590878e+01
696.26890922 2.4414185662e+01 -1.0962673560e-03 -4.0681441872e-04 -1.1012673560e-03 2.4414319860e+01 -1.0900651444e-03 -4.3481441872e-04 -1.1310651444e-03 2.4413629529e+01
696.68163530 2.4499100861e+01 -1.1007539581e-03 -4.0684949361e-04 -1.1057539581e-03 2.4499235748e+01 -1.0975073632e-03 -4.3484949361e-04 -1.1385073632e-03 2.4498541174e+01
697.09436139 2.4584902670e+01 -1.1052784767e-03 -4.0686501887e-04 -1.1102784767e-03 2.4585038254e+01 -1.1050467426e-03 -4.3486501887e-04 -1.1460467426e-03 2.4584339383e+01
697.50708748 2.4671604944e+01 -1.1098413646e-03 -4.0686037699e-04 -1.1148413646e-03 2.4671741231e+01 -1.1126851056e-03 -4.3486037699e-04 -1.1536851056e-03 2.4671038010e+01
697.91981356 2.4759221825e+01 -1.1144430808e-03 -4.0683493112e-04 -1.1194430808e-03 2.4759358824e+01 -1.1204243196e-03 -4.3483493112e-04 -1.1614243196e-03 2.4758651198e+01
698.33253965 2.4847767753e+01 -1.1190840911e-03 -4.0678802437e-04 -1.1240840911e-03 2.4847905471e+01 -1.1282662977e-03 -4.3478802437e-04 -1.1692662977e-03 2.4847193384e+01
698.74526574 2.4937257471e+01 -1.1237648680e-03 -4.0671897914e-04 -1.1287648680e-03 2.4937395918e+01 -1.1362129999e-03 -4.3471897914e-04 -1.1772129999e-03 2.4936679313e+01
699.15799183 2.5027706037e+01 -1.1284858908e-03 -4.0662709639e-04 -1.1334858908e-03 2.5027845219e+01 -1.1442664348e-03 -4.3462709639e-04 -1.1852664348e-03 2.5027124039e+01
699.57071791 2.5119128825e+01 -1.1332476458e-03 -4.0651165484e-04 -1.1382476458e-03 2.5119268751e+01 -1.1524286607e-03 -4.3451165484e-04 -1.1934286607e-03 2.5118542938e+01
699.98344400 2.5211541543e+01 -1.1380506263e-03 -4.0637191026e-04 -1.1430506263e-03 2.5211682221e+01 -1.1607017876e-03 -4.3437191026e-04 -1.2017017876e-03 2.5210951713e+01
700.39617009 2.5304960232e+01 -1.1428953326e-03 -4.0620709459e-04 -1.1478953326e-03 2.5305101671e+01 -1.1690879783e-03 -4.3420709459e-04 -1.2100879783e-03 2.5304366409e+01
700.80889618 2.5399401285e+01 -1.1477822723e-03 -4.0601641513e-04 -1.1527822723e-03 2.5399543493e+01 -1.1775894504e-03 -4.3401641513e-04 -1.2185894504e-03 2.5398803414e+01
701.22162226 2.5494881447e+01 -1.1527119604e-03 -4.0579905362e-04 -1.1577119604e-03 2.5495024434e+01 -1.1862084776e-03 -4.3379905362e-04 -1.2272084776e-03 2.5494279474e+01
701.63434835 2.5591417831e+01 -1.1576849191e-03 -4.0555416536e-04 -1.1626849191e-03 2.5591561605e+01 -1.1949473918e-03 -4.3355416536e-04 -1.2359473918e-03 2.5590811700e+01
702.04707444 2.5689027927e+01 -1.1627016783e-03 -4.0528087825e-04 -1.1677016783e-03 2.5689172497e+01 -1.2038085848e-03 -4.3328087825e-04 -1.2448085848e-03 2.5688417581e+01
702.45980052 2.5787729608e+01 -1.1677627754e-03 -4.0497829175e-04 -1.1727627754e-03 2.5787874984e+01 -1.2127945102e-03 -4.3297829175e-04 -1.2537945102e-03 2.5787114990e+01
702.87252661 2.5887541148e+01 -1.1728687555e-03 -4.0464547592e-04 -1.1778687555e-03 2.5887687339e+01 -1.2219076852e-03 -4.3264547592e-04 -1.2629076852e-03 2.5886922198e+01
703.28525270 2.5988481226e+01 -1.1780201717e-03 -4.0428147026e-04 -1.1830201717e-03 2.5988628242e+01 -1.2311506928e-03 -4.3228147026e-04 -1.2721506928e-03 2.5987857885e+01
703.69797879 2.6090568942e+01 -1.1832175847e-03 -4.0388528266e-04 -1.1882175847e-03 2.6090716793e+01 -1.2405261839e-03 -4.3188528266e-04 -1.2815261839e-03 2.6089941148e+01
704.11070487 2.6193823827e+01 -1.1884615634e-03 -4.0345588818e-04 -1.1934615634e-03 2.6193972523e+01 -1.2500368793e-03 -4.3145588818e-04 -1.2910368793e-03 2.6193191517e+01
704.52343096 2.6298265856e+01 -1.1937526847e-03 -4.0299222786e-04 -1.1987526847e-03 2.6298415405e+01 -1.2596855722e-03 -4.3099222786e-04 -1.3006855722e-03 2.6297628966e+01
704.93615705 2.6403915457e+01 -1.1990915337e-03 -4.0249320744e-04 -1.2040915337e-03 2.6404065872e+01 -1.2694751303e-03 -4.3049320744e-04 -1.3104751303e-03 2.6403273923e+01
705.34888314 2.6510793531e+01 -1.2044787038e-03 -4.0195769604e-04 -1.2094787038e-03 2.6510944821e+01 -1.2794084984e-03 -4.2995769604e-04 -1.3204084984e-03 2.6510147285e+01
705.76160922 2.6618921459e+01 -1.2099147968e-03 -4.0138452479e-04 -1.2149147968e-03 2.6619073635e+01 -1.2894887011e-03 -4.2938452479e-04 -1.3304887011e-03 2.6618270434e+01
706.17433531 2.6728321119e+01 -1.2154004228e-03 -4.0077248538e-04 -1.2204004228e-03 2.6728474192e+01 -1.2997188448e-03 -4.2877248538e-04 -1.3407188448e-03 2.6727665245e+01
706.58706140 2.6839014899e+01 -1.2209362006e-03 -4.0012032858e-04 -1.2259362006e-03 2.6839168880e+01 -1.3101021213e-03 -4.2812032858e-04 -1.3511021213e-03 2.6838354106e+01
706.99978748 2.6951025714e+01 -1.2265227576e-03 -3.9942676265e-04 -1.2315227576e-03 2.6951180614e+01 -1.3206418098e-03 -4.2742676265e-04 -1.3616418098e-03 2.6950359929e+01
707.41251357 2.7064377019e+01 -1.2321607298e-03 -3.9869045175e-04 -1.2371607298e-03 2.7064532850e+01 -1.3313412807e-03 -4.2669045175e-04 -1.3723412807e-03 2.7063706169e+01
707.82523966 2.7179092826e+01 -1.2378507622e-03 -3.9791001418e-04 -1.2428507622e-03 2.7179249600e+01 -1.3422039977e-03 -4.2591001418e-04 -1.3832039977e-03 2.7178416835e+01
708.23796575 2.7295197722e+01 -1.2435935084e-03 -3.9708402069e-04 -1.2485935084e-03 2.7295355451e+01 -1.3532335218e-03 -4.2508402069e-04 -1.3942335218e-03 2.7294516513e+01
708.65069183 2.7412716883e+01 -1.2493896312e-03 -3.9621099255e-04 -1.2543896312e-03 2.7412875578e+01 -1.3644335143e-03 -4.2421099255e-04 -1.4054335143e-03 2.7412030378e+01
709.06341792 2.7531676094e+01 -1.2552398021e-03 -3.9528939965e-04 -1.2602398021e-03 2.7531835768e+01 -1.3758077402e-03 -4.2328939965e-04 -1.4168077402e-03 2.7530984212e+01
709.47614401 2.7652101767e+01 -1.2611447019e-03 -3.9431765849e-04 -1.2661447019e-03 2.7652262433e+01 -1.3873600719e-03 -4.2231765849e-04 -1.4283600719e-03 2.7651404426e+01
709.88887010 2.7774020960e+01 -1.2671050205e-03 -3.9329413006e-04 -1.2721050205e-03 2.7774182630e+01 -1.3990944927e-03 -4.2129413006e-04 -1.4400944927e-03 2.7773318075e+01
710.30159618 2.7897461395e+01 -1.2731214568e-03 -3.9221711762e-04 -1.2781214568e-03 2.7897624082e+01 -1.4110151012e-03 -4.2021711762e-04 -1.4520151012e-03 2.7896752881e+01
710.71432227 2.8022451482e+01 -1.2791947191e-03 -3.9108486445e-04 -1.2841947191e-03 2.8022615200e+01 -1.4231261147e-03 -4.1908486445e-04 -1.4641261147e-03 2.8021737251e+01
711.12704836 2.8149020336e+01 -1.2853255248e-03 -3.8989555137e-04 -1.2903255248e-03 2.8149185100e+01 -1.4354318740e-03 -4.1789555137e-04 -1.4764318740e-03 2.8148300300e+01
711.53977444 2.8277197805e+01 -1.2915146007e-03 -3.8864729428e-04 -1.2965146007e-03 2.8277363626e+01 -1.4479368475e-03 -4.1664729428e-04 -1.4889368475e-03 2.8276471870e+01
711.95250053 2.8407014484e+01 -1.2977626829e-03 -3.8733814152e-04 -1.3027626829e-03 2.8407181378e+01 -1.4606456355e-03 -4.1533814152e-04 -1.5016456355e-03 2.8406282558e+01
712.36522662 2.8538501747e+01 -1.3040705167e-03 -3.8596607112e-04 -1.3090705167e-03 2.8538669729e+01 -1.4735629758e-03 -4.1396607112e-04 -1.5145629758e-03 2.8537763733e+01
712.77795271 2.8671691768e+01 -1.3104388568e-03 -3.8452898789e-04 -1.3154388568e-03 2.8671860851e+01 -1.4866937477e-03 -4.1252898789e-04 -1.5276937477e-03 2.8670947568e+01
713.19067879 2.8806617545e+01 -1.3168684672e-03 -3.8302472047e-04 -1.3218684672e-03 2.8806787745e+01 -1.5000429779e-03 -4.1102472047e-04 -1.5410429779e-03 2.8805867058e+01
713.60340488 2.8943312929e+01 -1.3233601212e-03 -3.8145101811e-04 -1.3283601212e-03 2.8943484261e+01 -1.5136158456e-03 -4.0945101811e-04 -1.5546158456e-03 2.8942556053e+01
714.01613097 2.9081812650e+01 -1.3299146014e-03 -3.7980554743e-04 -1.3349146014e-03 2.9081985131e+01 -1.5274176880e-03 -4.0780554743e-04 -1.5684176880e-03 2.9081049281e+01
714.42885706 2.9222152349e+01 -1.3365326995e-03 -3.7808588893e-04 -1.3415326995e-03 2.9222325994e+01 -1.5414540067e-03 -4.0608588893e-04 -1.5824540067e-03 2.9221382378e+01
714.84158314 2.9364368601e+01 -1.3432152164e-03 -3.7628953339e-04 -1.3482152164e-03 2.9364543426e+01 -1.5557304732e-03 -4.0428953339e-04 -1.5967304732e-03 2.9363591917e+01
715.25430923 2.9508498951e+01 -1.3499629621e-03 -3.7441387807e-04 -1.3549629621e-03 2.9508674973e+01 -1.5702529360e-03 -4.0241387807e-04 -1.6112529360e-03 2.9507715442e+01
715.66703532 2.9654581944e+01 -1.3567767556e-03 -3.7245622272e-04 -1.3617767556e-03 2.9654759180e+01 -1.5850274264e-03 -4.0045622272e-04 -1.6260274264e-03 2.9653791495e+01
716.07976140 2.9802657161e+01 -1.3636574247e-03 -3.7041376547e-04 -1.3686574247e-03 2.9802835629e+01 -1.6000601667e-03 -3.9841376547e-04 -1.6410601667e-03 2.9801859653e+01
716.49248749 2.9952765249e+01 -1.3706058059e-03 -3.6828359842e-04 -1.3756058059e-03 2.9952944966e+01 -1.6153575762e-03 -3.9628359842e-04 -1.6563575762e-03 2.9951960561e+01
716.90521358 3.0104947961e+01 -1.3776227444e-03 -3.6606270307e-04 -1.3826227444e-03 3.0105128944e+01 -1.6309262798e-03 -3.9406270307e-04 -1.6719262798e-03 3.0104135968e+01
717.31793967 3.0259248190e+01 -1.3847090936e-03 -3.6374794551e-04 -1.3897090936e-03 3.0259430459e+01 -1.6467731158e-03 -3.9174794551e-04 -1.6877731158e-03 3.0258428765e+01
717.73066575 3.0415710011e+01 -1.3918657153e-03 -3.6133607142e-04 -1.3968657153e-03 3.0415893585e+01 -1.6629051438e-03 -3.8933607142e-04 -1.7039051438e-03 3.0414883024e+01
718.14339184 3.0574378721e+01 -1.3990934790e-03 -3.5882370074e-04 -1.4040934790e-03 3.0574563619e+01 -1.6793296539e-03 -3.8682370074e-04 -1.7203296539e-03 3.0573544037e+01
718.55611793 3.0735300879e+01 -1.4063932622e-03 -3.5620732213e-04 -1.4113932622e-03 3.0735487121e+01 -1.6960541756e-03 -3.8420732213e-04 -1.7370541756e-03 3.0734458362e+01
718.96884402 3.0898524353e+01 -1.4137659493e-03 -3.5348328716e-04 -1.4187659493e-03 3.0898711959e+01 -1.7130864878e-03 -3.8148328716e-04 -1.7540864878e-03 3.0897673861e+01
719.38157010 3.1064098363e+01 -1.4212124323e-03 -3.5064780415e-04 -1.4262124323e-03 3.1064287354e+01 -1.7304346279e-03 -3.7864780415e-04 -1.7714346279e-03 3.1063239753e+01
719.79429619 3.1232073530e+01 -1.4287336094e-03 -3.4769693178e-04 -1.4337336094e-03 3.1232263927e+01 -1.7481069034e-03 -3.7569693178e-04 -1.7891069034e-03 3.1231206653e+01
720.20702228 3.1402501927e+01 -1.4363303854e-03 -3.4462657229e-04 -1.4413303854e-03 3.1402693752e+01 -1.7661119019e-03 -3.7262657229e-04 -1.8071119019e-03 3.1401626632e+01
720.61974836 3.1575437129e+01 -1.4440036707e-03 -3.4143246438e-04 -1.4490036707e-03 3.1575630403e+01 -1.7844585034e-03 -3.6943246438e-04 -1.8254585034e-03 3.1574553259e+01
721.03247445 3.1750934265e+01 -1.4517543809e-03 -3.3811017576e-04 -1.4567543809e-03 3.1751129012e+01 -1.8031558917e-03 -3.6611017576e-04 -1.8441558917e-03 3.1750041660e+01
721.44520054 3.1929050081e+01 -1.4595834366e-03 -3.3465509526e-04 -1.4645834366e-03 3.1929246323e+01 -1.8222135676e-03 -3.6265509526e-04 -1.8632135676e-03 3.1928148577e+01
721.85792663 3.2109842991e+01 -1.4674917624e-03 -3.3106242456e-04 -1.4724917624e-03 3.2110040752e+01 -1.8416413616e-03 -3.5906242456e-04 -1.8826413616e-03 3.2108932419e+01
722.27065271 3.2293373144e+01 -1.4754802863e-03 -3.2732716950e-04 -1.4804802863e-03 3.2293572448e+01 -1.8614494484e-03 -3.5532716950e-04 -1.9024494484e-03 3.2292453331e+01
722.68337880 3.2479702486e+01 -1.4835499389e-03 -3.2344413090e-04 -1.4885499389e-03 3.2479903358e+01 -1.8816483609e-03 -3.5144413090e-04 -1.9226483609e-03 3.2478773253e+01
723.09610489 3.2668894824e+01 -1.4917016531e-03 -3.1940789489e-04 -1.4967016531e-03 3.2669097290e+01 -1.9022490062e-03 -3.4740789489e-04 -1.9432490062e-03 3.2667955990e+01
723.50883098 3.2861015903e+01 -1.4999363623e-03 -3.1521282278e-04 -1.5049363623e-03 3.2861219989e+01 -1.9232626809e-03 -3.4321282278e-04 -1.9642626809e-03 3.2860067279e+01
723.92155706 3.3056133471e+01 -1.5082550002e-03 -3.1085304032e-04 -1.5132550002e-03 3.3056339204e+01 -1.9447010885e-03 -3.3885304032e-04 -1.9857010885e-03 3.3055174863e+01
724.33428315 3.3254317361e+01 -1.5166584997e-03 -3.0632242639e-04 -1.5216584997e-03 3.3254524767e+01 -1.9665763572e-03 -3.3432242639e-04 -2.0075763572e-03 3.3253348571e+01
724.74700924 3.3455639566e+01 -1.5251477911e-03 -3.0161460112e-04 -1.5301477911e-03 3.3455848674e+01 -1.9889010582e-03 -3.2961460112e-04 -2.0299010582e-03 3.3454660390e+01
725.15973532 3.3660174328e+01 -1.5337238018e-03 -2.9672291332e-04 -1.5387238018e-03 3.3660385166e+01 -2.0116882255e-03 -3.2472291332e-04 -2.0526882255e-03 3.3659184554e+01
725.57246141 3.3867998218e+01 -1.5423874540e-03 -2.9164042722e-04 -1.5473874540e-03 3.3868210816e+01 -2.0349513765e-03 -3.1964042722e-04 -2.0759513765e-03 3.3866997632e+01
725.98518750 3.4079190235e+01 -1.5511396639e-03 -2.8635990850e-04 -1.5561396639e-03 3.4079404623e+01 -2.0587045337e-03 -3.1435990850e-04 -2.0997045337e-03 3.4078178613e+01
726.39791359 3.4293831894e+01 -1.5599813401e-03 -2.8087380949e-04 -1.5649813401e-03 3.4294048103e+01 -2.0829622476e-03 -3.0887380949e-04 -2.1239622476e-03 3.4292809007e+01
726.81063967 3.4512007331e+01 -1.5689133813e-03 -2.7517425363e-04 -1.5739133813e-03 3.4512225392e+01 -2.1077396204e-03 -3.0317425363e-04 -2.1487396204e-03 3.4510972944e+01
727.22336576 3.4733803405e+01 -1.5779366749e-03 -2.6925301895e-04 -1.5829366749e-03 3.4734023352e+01 -2.1330523317e-03 -2.9725301895e-04 -2.1740523317e-03 3.4732757276e+01
727.63609185 3.4959309811e+01 -1.5870520950e-03 -2.6310152069e-04 -1.5920520950e-03 3.4959531676e+01 -2.1589166650e-03 -2.9110152069e-04 -2.1999166650e-03 3.4958251688e+01
728.04881793 3.5188619188e+01 -1.5962604998e-03 -2.5671079289e-04 -1.6012604998e-03 3.5188843006e+01 -2.1853495356e-03 -2.8471079289e-04 -2.2263495356e-03 3.5187548814e+01
728.46154402 3.5421827246e+01 -1.6055627297e-03 -2.5007146898e-04 -1.6105627297e-03 3.5422053052e+01 -2.2123685206e-03 -2.7807146898e-04 -2.2533685206e-03 3.5420744356e+01
728.87427011 3.5659032890e+01 -1.6149596043e-03 -2.4317376111e-04 -1.6199596043e-03 3.5659260720e+01 -2.2399918896e-03 -2.7117376111e-04 -2.2809918896e-03 3.5657937210e+01
729.28699620 3.5900338351e+01 -1.6244519198e-03 -2.3600743848e-04 -1.6294519198e-03 3.5900568243e+01 -2.2682386381e-03 -2.6400743848e-04 -2.3092386381e-03 3.5899229598e+01
729.69972228 3.6145849326e+01 -1.6340404461e-03 -2.2856180422e-04 -1.6390404461e-03 3.6146081317e+01 -2.2971285219e-03 -2.5656180422e-04 -2.3381285219e-03 3.6144727211e+01
730.11244837 3.6395675124e+01 -1.6437259233e-03 -2.2082567101e-04 -1.6487259233e-03 3.6395909254e+01 -2.3266820940e-03 -2.4882567101e-04 -2.3676820940e-03 3.6394539345e+01
730.52517446 3.6649928818e+01 -1.6535090583e-03 -2.1278733529e-04 -1.6585090583e-03 3.6650165127e+01 -2.3569207430e-03 -2.4078733529e-04 -2.3979207430e-03 3.6648779067e+01
730.93790055 3.6908727407e+01 -1.6633905208e-03 -2.0443454977e-04 -1.6683905208e-03 3.6908965937e+01 -2.3878667345e-03 -2.3243454977e-04 -2.4288667345e-03 3.6907563364e+01
731.35062663 3.7172191984e+01 -1.6733709396e-03 -1.9575449453e-04 -1.6783709396e-03 3.7172432777e+01 -2.4195432538e-03 -2.2375449453e-04 -2.4605432538e-03 3.7171013319e+01
731.76335272 3.7440447913e+01 -1.6834508978e-03 -1.8673374617e-04 -1.6884508978e-03 3.7440691013e+01 -2.4519744519e-03 -2.1473374617e-04 -2.4929744519e-03 3.7439254285e+01
732.17607881 3.7713625016e+01 -1.6936309280e-03 -1.7735824525e-04 -1.6986309280e-03 3.7713870467e+01 -2.4851854936e-03 -2.0535824525e-04 -2.5261854936e-03 3.7712416074e+01
732.58880489 3.7991857770e+01 -1.7039115072e-03 -1.6761326160e-04 -1.7089115072e-03 3.7992105619e+01 -2.5192026086e-03 -1.9561326160e-04 -2.5602026086e-03 3.7990633149e+01
733.00153098 3.8275285512e+01 -1.7142930512e-03 -1.5748335764e-04 -1.7192930512e-03 3.8275535806e+01 -2.5540531458e-03 -1.8548335764e-04 -2.5950531458e-03 3.8274044837e+01
733.41425707 3.8564052656e+01 -1.7247759088e-03 -1.4695234941e-04 -1.7297759088e-03 3.8564305446e+01 -2.5897656304e-03 -1.7495234941e-04 -2.6307656304e-03 3.8562795539e+01
733.82698316 3.8858308925e+01 -1.7353603546e-03 -1.3600326509e-04 -1.7403603546e-03 3.8858564259e+01 -2.6263698241e-03 -1.6400326509e-04 -2.6673698241e-03 3.8857034964e+01
734.23970924 3.9158209586e+01 -1.7460465828e-03 -1.2461830106e-04 -1.7510465828e-03 3.9158467518e+01 -2.6638967900e-03 -1.5261830106e-04 -2.7048967900e-03 3.9156918366e+01
734.65243533 3.9463915710e+01 -1.7568346990e-03 -1.1277877515e-04 -1.7618346990e-03 3.9464176293e+01 -2.7023789598e-03 -1.4077877515e-04 -2.7433789598e-03 3.9462606801e+01
735.06516142 3.9775594435e+01 -1.7677247122e-03 -1.0046507696e-04 -1.7727247122e-03 3.9775857724e+01 -2.7418502067e-03 -1.2846507696e-04 -2.7828502067e-03 3.9774267392e+01
735.47788751 4.0093419250e+01 -1.7787165260e-03 -8.7656615043e-05 -1.7837165260e-03 4.0093685302e+01 -2.7823459211e-03 -1.1565661504e-04 -2.8233459211e-03 4.0092073612e+01
735.89061359 4.0417570291e+01 -1.7898099291e-03 -7.4331760716e-05 -1.7948099291e-03 4.0417839165e+01 -2.8239030920e-03 -1.0233176072e-04 -2.8649030920e-03 4.0416205582e+01
736.30333968 4.0748234657e+01 -1.8010045850e-03 -6.0467788290e-05 -1.8060045850e-03 4.0748506414e+01 -2.8665603932e-03 -8.8467788290e-05 -2.9075603932e-03 4.0746850383e+01
736.71606577 4.1085606739e+01 -1.8123000209e-03 -4.6040811467e-05 -1.8173000209e-03 4.1085881440e+01 -2.9103582742e-03 -7.4040811467e-05 -2.9513582742e-03 4.1084202387e+01
737.12879185 4.1429888570e+01 -1.8236956156e-03 -3.1025715636e-05 -1.8286956156e-03 4.1430166280e+01 -2.9553390573e-03 -5.9025715636e-05 -2.9963390573e-03 4.1428463609e+01
737.54151794 4.1781290194e+01 -1.8351905870e-03 -1.5396085786e-05 -1.8401905870e-03 4.1781570981e+01 -3.0015470406e-03 -4.3396085786e-05 -3.0425470406e-03 4.1779844074e+01
737.95424403 4.2140030059e+01 -1.8467839779e-03 8.7587028168e-07 -1.8517839779e-03 4.2140313990e+01 -3.0490286073e-03 -2.7124129718e-05 -3.0900286073e-03 4.2138562209e+01
738.36697012 4.2506335424e+01 -1.8584746411e-03 1.7819403737e-05 -1.8634746411e-03 4.2506622571e+01 -3.0978323417e-03 -1.0180596263e-05 -3.1388323417e-03 4.2504845252e+01
738.77969620 4.2880442802e+01 -1.8702612236e-03 3.5465311851e-05 -1.8752612236e-03 4.2880733238e+01 -3.1480091532e-03 7.4653118508e-06 -3.1890091532e-03 4.2878929692e+01
739.19242229 4.3262598413e+01 -1.8821421488e-03 5.3846030892e-05 -1.8871421488e-03 4.3262892214e+01 -3.1996124071e-03 2.5846030892e-05 -3.2406124071e-03 4.3261061728e+01
739.60514838 4.3653058680e+01 -1.8941155981e-03 7.2995735115e-05 -1.8991155981e-03 4.3653355924e+01 -3.2526980647e-03 4.4995735115e-05 -3.2936980647e-03 4.3651497755e+01
740.01787447 4.4052090740e+01 -1.9061794905e-03 9.2950442274e-05 -1.9111794905e-03 4.4052391508e+01 -3.3073248317e-03 6.4950442274e-05 -3.3483248317e-03 4.4050504886e+01
740.43060055 4.4459972992e+01 -1.9183314616e-03 1.1374812617e-04 -1.9233314616e-03 4.4460277368e+01 -3.3635543159e-03 8.5748126166e-05 -3.4045543159e-03 4.4458361492e+01
740.84332664 4.4876995677e+01 -1.9305688394e-03 1.3542883660e-04 -1.9355688394e-03 4.4877303748e+01 -3.4214511960e-03 1.0742883660e-04 -3.4624511960e-03 4.4875357787e+01
741.25605273 4.5303461491e+01 -1.9428886200e-03 1.5803482733e-04 -1.9478886200e-03 4.5303773348e+01 -3.4810834004e-03 1.3003482733e-04 -3.5220834004e-03 4.5301796436e+01
741.66877881 4.5739686236e+01 -1.9552874403e-03 1.8161069254e-04 -1.9602874403e-03 4.5740001971e+01 -3.5425222975e-03 1.5361069254e-04 -3.5835222975e-03 4.5737993209e+01
742.08150490 4.6185999508e+01 -1.9677615492e-03 2.0620351223e-04 -1.9727615492e-03 4.6186319217e+01 -3.6058428987e-03 1.7820351223e-04 -3.6468428987e-03 4.6184277669e+01
742.49423099 4.6642745428e+01 -1.9803067764e-03 2.3186300749e-04 -1.9853067764e-03 4.6643069211e+01 -3.6711240742e-03 2.0386300749e-04 -3.7121240742e-03 4.6640993903e+01
742.90695708 4.7110283417e+01 -1.9929184992e-03 2.5864170575e-04 -1.9979184992e-03 4.7110611378e+01 -3.7384487831e-03 2.3064170575e-04 -3.7794487831e-03 4.7108501295e+01
743.31968316 4.7588989020e+01 -2.0055916069e-03 2.8659511717e-04 -2.0105916069e-03 4.7589321266e+01 -3.8079043174e-03 2.5859511717e-04 -3.8489043174e-03 4.7587175350e+01
743.73240925 4.8079254775e+01 -2.0183204621e-03 3.1578192242e-04 -2.0233204621e-03 4.8079591418e+01 -3.8795825630e-03 2.8778192242e-04 -3.9205825630e-03 4.8077408569e+01
744.14513534 4.8581491143e+01 -2.0310988603e-03 3.4626417281e-04 -2.0360988603e-03 4.8581832298e+01 -3.9535802764e-03 3.1826417281e-04 -3.9945802764e-03 4.8579611367e+01
744.55786143 4.9096127490e+01 -2.0439199858e-03 3.7810750329e-04 -2.0489199858e-03 4.9096473277e+01 -4.0299993792e-03 3.5010750329e-04 -4.0709993792e-03 4.9094213067e+01
744.97058751 4.9623613127e+01 -2.0567763651e-03 4.1138135913e-04 -2.0617763651e-03 4.9623963671e+01 -4.1089472716e-03 3.8338135913e-04 -4.1499472716e-03 4.9621662932e+01
745.38331360 5.0164418423e+01 -2.0696598173e-03 4.4615923694e-04 -2.0746598173e-03 5.0164773854e+01 -4.1905371655e-03 4.1815923694e-04 -4.2315371655e-03 5.0162431282e+01
745.79603969 5.0719035979e+01 -2.0825614013e-03 4.8251894061e-04 -2.0875614013e-03 5.0719396432e+01 -4.2748884378e-03 4.5451894061e-04 -4.3158884378e-03 5.0717010664e+01
746.20876577 5.1287981876e+01 -2.0954713597e-03 5.2054285303e-04 -2.1004713597e-03 5.1288347491e+01 -4.3621270062e-03 4.9254285303e-04 -4.4031270062e-03 5.1285917105e+01
746.62149186 5.1871797005e+01 -2.1083790595e-03 5.6031822383e-04 -2.1133790595e-03 5.1872167926e+01 -4.4523857266e-03 5.3231822383e-04 -4.4933857266e-03 5.1869691437e+01
747.03421795 5.2471048469e+01 -2.1212729301e-03 6.0193747400e-04 -2.1262729301e-03 5.2471424850e+01 -4.5458048151e-03 5.7393747400e-04 -4.5868048151e-03 5.2468900702e+01
747.44694404 5.3086331083e+01 -2.1341403972e-03 6.4549851744e-04 -2.1391403972e-03 5.3086713080e+01 -4.6425322932e-03 6.1749851744e-04 -4.6835322932e-03 5.3084139650e+01
747.85967012 5.3718268956e+01 -2.1469678151e-03 6.9110509971e-04 -2.1519678151e-03 5.3718656734e+01 -4.7427244587e-03 6.6310509971e-04 -4.7837244587e-03 5.3716032320e+01
748.27239621 5.4367517172e+01 -2.1597403952e-03 7.3886715396e-04 -2.1647403952e-03 5.4367910903e+01 -4.8465463814e-03 7.1086715396e-04 -4.8875463814e-03 5.4365233725e+01
748.68512230 5.5034763576e+01 -2.1724421328e-03 7.8890117363e-04 -2.1774421328e-03 5.5035163437e+01 -4.9541724237e-03 7.6090117363e-04 -4.9951724237e-03 5.5032431632e+01
749.09784839 5.5720730656e+01 -2.1850557326e-03 8.4133060102e-04 -2.1900557326e-03 5.5721136834e+01 -5.0657867869e-03 8.1333060102e-04 -5.1067867869e-03 5.5718348450e+01
749.51057447 5.6426177549e+01 -2.1975625330e-03 8.9628623053e-04 -2.2025625330e-03 5.6426590238e+01 -5.1815840810e-03 8.6828623053e-04 -5.2225840810e-03 5.6423743229e+01
749.92330056 5.7151902147e+01 -2.2099424306e-03 9.5390662446e-04 -2.2149424306e-03 5.7152321551e+01 -5.3017699167e-03 9.2590662446e-04 -5.3427699167e-03 5.7149413772e+01
750.33602665 5.7898743335e+01 -2.2221738076e-03 1.0143385385e-03 -2.2271738076e-03 5.7899169664e+01 -5.4265615177e-03 9.8633853850e-04 -5.4675615177e-03 5.7896198868e+01
750.74875273 5.8667583339e+01 -2.2342334621e-03 1.0777373528e-03 -2.2392334621e-03 5.8668016813e+01 -5.5561883492e-03 1.0497373528e-03 -5.5971883492e-03 5.8664980643e+01
751.16147882 5.9459350204e+01 -2.2460965448e-03 1.1442675034e-03 -2.2510965448e-03 5.9459791056e+01 -5.6908927569e-03 1.1162675034e-03 -5.7318927569e-03 5.9456687035e+01
751.57420491 6.0275020397e+01 -2.2577365063e-03 1.2141029064e-03 -2.2627365063e-03 6.0275468867e+01 -5.8309306108e-03 1.1861029064e-03 -5.8719306108e-03 6.0272294400e+01
751.98693100 6.1115621527e+01 -2.2691250571e-03 1.2874273656e-03 -2.2741250571e-03 6.1116077868e+01 -5.9765719429e-03 1.2594273656e-03 -6.0175719429e-03 6.1112830228e+01
752.39965708 6.1982235188e+01 -2.2802321475e-03 1.3644349517e-03 -2.2852321475e-03 6.1982699663e+01 -6.1281015679e-03 1.3364349517e-03 -6.1691015679e-03 6.1979375988e+01
752.81238317 6.2875999912e+01 -2.2910259737e-03 1.4453303357e-03 -2.2960259737e-03 6.2876472796e+01 -6.2858196690e-03 1.4173303357e-03 -6.3268196690e-03 6.2873070081e+01
753.22510926 6.3798114223e+01 -2.3014730174e-03 1.5303290580e-03 -2.3064730174e-03 6.3798595806e+01 -6.4500423299e-03 1.5023290580e-03 -6.4910423299e-03 6.3795110892e+01
753.63783535 6.4749839776e+01 -2.3115381317e-03 1.6196577055e-03 -2.3165381317e-03 6.4750330360e+01 -6.6211019833e-03 1.5916577055e-03 -6.6621019833e-03 6.4746759932e+01
754.05056143 6.5732504553e+01 -2.3211846858e-03 1.7135539640e-03 -2.3261846858e-03 6.5733004454e+01 -6.7993477446e-03 1.6855539640e-03 -6.8403477446e-03 6.5729345027e+01
754.46328752 6.6747506086e+01 -2.3303747858e-03 1.8122665038e-03 -2.3353747858e-03 6.6748015635e+01 -6.9851455831e-03 1.7842665038e-03 -7.0261455831e-03 6.6744263551e+01
754.87601361 6.7796314669e+01 -2.3390695934e-03 1.9160546447e-03 -2.3440695934e-03 6.7796834214e+01 -7.1788782780e-03 1.8880546447e-03 -7.2198782780e-03 6.7792985630e+01
755.28873969 6.8880476490e+01 -2.3472297698e-03 2.0251877330e-03 -2.3522297698e-03 6.8881006393e+01 -7.3809450854e-03 1.9971877330e-03 -7.4219450854e-03 6.8877057276e+01
755.70146578 7.0001616613e+01 -2.3548160797e-03 2.1399441441e-03 -2.3598160797e-03 7.0002157255e+01 -7.5917610267e-03 2.1119441441e-03 -7.6327610267e-03 6.9998103371e+01
756.11419187 7.1161441715e+01 -2.3617901968e-03 2.2606098041e-03 -2.3667901968e-03 7.1161993494e+01 -7.8117556846e-03 2.2326098041e-03 -7.8527556846e-03 7.1157830404e+01
756.52691796 7.2361742439e+01 -2.3681157682e-03 2.3874760915e-03 -2.3731157682e-03 7.2362305772e+01 -8.0413713621e-03 2.3594760915e-03 -8.0823713621e-03 7.2358028823e+01
756.93964404 7.3604395212e+01 -2.3737598036e-03 2.5208369487e-03 -2.3787598036e-03 7.3604970536e+01 -8.2810604191e-03 2.4928369487e-03 -8.3220604191e-03 7.3600574857e+01
757.35237013 7.4891363306e+01 -2.3786944775e-03 2.6609849842e-03 -2.3836944775e-03 7.4891951077e+01 -8.5312815590e-03 2.6329849842e-03 -8.5722815590e-03 7.4887431575e+01
757.76509622 7.6224696880e+01 -2.3828994532e-03 2.8082062889e-03 -2.3878994532e-03 7.6225297575e+01 -8.7924947688e-03 2.7802062889e-03 -8.8334947688e-03 7.6220648933e+01
758.17782231 7.7606531654e+01 -2.3863648671e-03 2.9627736206e-03 -2.3913648671e-03 7.7607145772e+01 -9.0651545437e-03 2.9347736206e-03 -9.1061545437e-03 7.7602362450e+01
758.59054839 7.9039085793e+01 -2.3890951469e-03 3.1249375123e-03 -2.3940951469e-03 7.9039713854e+01 -9.3497009270e-03 3.0969375123e-03 -9.3907009270e-03 7.9034790095e+01
759.00327448 8.0524654420e+01 -2.3911138867e-03 3.2949147477e-03 -2.3961138867e-03 8.0525296966e+01 -9.6465477695e-03 3.2669147477e-03 -9.6875477695e-03 8.0520226806e+01
759.41600057 8.2065601084e+01 -2.3924700582e-03 3.4728734947e-03 -2.3974700582e-03 8.2066258679e+01 -9.9560674541e-03 3.4448734947e-03 -9.9970674541e-03 8.2061035964e+01
759.82872665 8.3664345265e+01 -2.3932459136e-03 3.6589141957e-03 -2.3982459136e-03 8.3665018492e+01 -1.0278571130e-02 3.6309141957e-03 -1.0319571130e-02 8.3659636905e+01
760.24145274 8.5323344787e+01 -2.3935670334e-03 3.8530450755e-03 -2.3985670334e-03 8.5324034252e+01 -1.0614283235e-02 3.8250450755e-03 -1.0655283235e-02 8.5318487349e+01
760.65417883 8.7045071701e+01 -2.3936150925e-03 4.0551508108e-03 -2.3986150925e-03 8.7045778026e+01 -1.0963308769e-02 4.0271508108e-03 -1.1004308769e-02 8.7040059286e+01
761.06690492 8.8831979786e+01 -2.3936440778e-03 4.2649525156e-03 -2.3986440778e-03 8.8832703611e+01 -1.1325591343e-02 4.2369525156e-03 -1.1366591343e-02 8.8826806510e+01
761.47963100 9.0686461362e+01 -2.3940008852e-03 4.4819566907e-03 -2.3990008852e-03 9.0687203338e+01 -1.1700859506e-02 4.4539566907e-03 -1.1741859506e-02 9.0681121438e+01
761.89235709 9.2610790421e+01 -2.3951514845e-03 4.7053901414e-03 -2.4001514845e-03 9.2611551206e+01 -1.2088558156e-02 4.6773901414e-03 -1.2129558156e-02 9.2605278284e+01
762.30508318 9.4607048329e+01 -2.3977141598e-03 4.9341170538e-03 -2.4027141598e-03 9.4607828584e+01 -1.2487761001e-02 4.9061170538e-03 -1.2528761001e-02 9.4601358790e+01
762.71780927 9.6677027294e+01 -2.4025017445e-03 5.1665333814e-03 -2.4075017445e-03 9.6677827669e+01 -1.2897058879e-02 5.1385333814e-03 -1.2938058879e-02 9.6671155745e+01
763.13053535 9.8822105499e+01 -2.4105752885e-03 5.4004323850e-03 -2.4155752885e-03 9.8822926627e+01 -1.3314417419e-02 5.3724323850e-03 -1.3355417419e-02 9.8816048173e+01
763.54326144 1.0104308616e+02 -2.4233122471e-03 5.6328335237e-03 -2.4283122471e-03 1.0104392863e+02 -1.3736995712e-02 5.6048335237e-03 -1.3777995712e-02 1.0103684047e+02
763.95598753 1.0333999065e+02 -2.4424930832e-03 5.8597648463e-03 -2.4474930832e-03 1.0334085501e+02 -1.4160915526e-02 5.8317648463e-03 -1.4201915526e-02 1.0333355564e+02
764.36871361 1.0571179323e+02 -2.4704111716e-03 6.0759865145e-03 -2.4754111716e-03 1.0571267993e+02 -1.4580967860e-02 6.0479865145e-03 -1.4621967860e-02 1.0570517012e+02
764.78143970 1.0815608161e+02 -2.5100120782e-03 6.2746400437e-03 -2.5150120782e-03 1.0815699099e+02 -1.4990240407e-02 6.2466400437e-03 -1.5031240407e-02 1.0814927453e+02
765.19416579 1.1066862344e+02 -2.5650696798e-03 6.4468042722e-03 -2.5700696798e-03 1.1066955568e+02 -1.5379645628e-02 6.4188042722e-03 -1.5420645628e-02 1.1066164034e+02
765.60689188 1.1324281397e+02 -2.6404081289e-03 6.5809350357e-03 -2.6454081289e-03 1.1324376903e+02 -1.5737324740e-02 6.5529350357e-03 -1.5778324740e-02 1.1323566777e+02
766.01961796 1.1586897382e+02 -2.7421802517e-03 6.6621612990e-03 -2.7471802517e-03 1.1586995136e+02 -1.6047898299e-02 6.6341612990e-03 -1.6088898299e-02 1.1586168395e+02
766.43234405 1.1853345917e+02 -2.8782143148e-03 6.6714066617e-03 -2.8832143148e-03 1.1853445848e+02 -1.6291529673e-02 6.6434066617e-03 -1.6332529673e-02 1.1852605342e+02
766.84507014 1.2121753857e+02 -3.0584417111e-03 6.5843028747e-03 -3.0634417111e-03 1.2121855844e+02 -1.6442764777e-02 6.5563028747e-03 -1.6483764777e-02 1.2121005546e+02
767.25779623 1.2389598258e+02 -3.2954170798e-03 6.3698633883e-03 -3.3004170798e-03 1.2389702115e+02 -1.6469112119e-02 6.3418633883e-03 -1.6510112119e-02 1.2388847436e+02
767.67052231 1.2653530559e+02 -3.6049380884e-03 5.9888937096e-03 -3.6099380884e-03 1.2653636017e+02 -1.6329335105e-02 5.9608937096e-03 -1.6370335105e-02 1.2652784192e+02
768.08324840 1.2909159514e+02 -4.0067619549e-03 5.3921375978e-03 -4.0117619549e-03 1.2909266199e+02 -1.5971449970e-02 5.3641375978e-03 -1.6012449970e-02 1.2908426765e+02
768.49597449 1.3150786799e+02 -4.5253955962e-03 4.5182036978e-03 -4.5303955962e-03 1.3150894201e+02 -1.5330467554e-02 4.4902036978e-03 -1.5371467554e-02 1.3150079577e+02
768.90870057 1.3371091042e+02 -5.1908997379e-03 3.2914010048e-03 -5.1958997379e-03 1.3371198487e+02 -1.4326000612e-02 3.2634010048e-03 -1.4367000612e-02 1.3370424659e+02
769.32142666 1.3560760423e+02 -6.0395854897e-03 1.6197548500e-03 -6.0445854897e-03 1.3560867028e+02 -1.2860002161e-02 1.5917548500e-03 -1.2901002161e-02 1.3560154337e+02
769.73415275 1.3708082623e+02 -7.1143833204e-03 -6.0629460299e-04 -7.1193833204e-03 1.3708187255e+02 -1.0815133027e-02 -6.3429460299e-04 -1.0856133027e-02 1.3707561261e+02
770.14687884 1.3798516227e+02 -8.4645170653e-03 -3.5136624678e-03 -8.4695170653e-03 1.3798617453e+02 -8.0546090146e-03 -3.5416624678e-03 -8.0956090146e-03 1.3798109814e+02
770.55960492 1.3814292588e+02 -1.0143912884e-02 -7.2435271737e-03 -1.0148912884e-02 1.3814388630e+02 -4.4248708013e-03 -7.2715271737e-03 -4.4658708013e-03 1.3814037865e+02
770.97233101 1.3734134746e+02 -1.2207527151e-02 -1.1943452872e-02 -1.2212527151e-02 1.3734223443e+02 2.3696814888e-04 -1.1971452872e-02 1.9596814888e-04 1.3734075380e+02
771.38505710 1.3533231760e+02 -1.4704544610e-02 -1.7752223301e-02 -1.4709544610e-02 1.3533310551e+02 6.0883287694e-03 -1.7780223301e-02 6.0473287694e-03 1.3533418136e+02
771.79778319 1.3183669434e+02 -1.7667318329e-02 -2.4774634429e-02 -1.7672318329e-02 1.3183735382e+02 1.3256162675e-02 -2.4802634429e-02 1.3215162675e-02 1.3184157401e+02
772.21050927 1.2655578160e+02 -2.1095260210e-02 -3.3044178959e-02 -2.1100260210e-02 1.2655628037e+02 2.1799488832e-02 -3.3072178959e-02 2.1758488832e-02 1.2656426205e+02
772.62323536 1.1919284120e+02 -2.4934035451e-02 -4.2474085875e-02 -2.4939035451e-02 1.1919314581e+02 3.1659671008e-02 -4.2502085875e-02 3.1618671008e-02 1.1920548448e+02
773.03596145 1.0948687599e+02 -2.9052756983e-02 -5.2802485405e-02 -2.9057756983e-02 1.0948695457e+02 4.2603875867e-02 -5.2830485405e-02 4.2562875867e-02 1.0950414832e+02
773.44868753 9.7258732843e+01 -3.3225431903e-02 -6.3545665143e-02 -3.3230431903e-02 9.7258558948e+01 5.4175350199e-02 -6.3573665143e-02 5.4134350199e-02 9.7280910550e+01
773.86141362 8.2465333321e+01 -3.7126687279e-02 -7.3982297288e-02 -3.7131687279e-02 8.2464890439e+01 6.5673237296e-02 -7.4010297288e-02 6.5632237296e-02 8.2492399979e+01
774.27413971 6.5251944466e+01 -4.0353271164e-02 -8.3195458835e-02 -4.0358271164e-02 6.5251230323e+01 7.6189022496e-02 -8.3223458835e-02 7.6148022496e-02 6.5283502917e+01
774.68686580 4.5986885893e+01 -4.2478478365e-02 -9.0190171830e-02 -4.2483478365e-02 4.5985915391e+01 8.4718299311e-02 -9.0218171830e-02 8.4677299311e-02 4.6022116771e+01
775.09959188 2.5261600382e+01 -4.3134576110e-02 -9.4077383834e-02 -4.3139576110e-02 2.5260405921e+01 9.0340489902e-02 -9.4105383834e-02 9.0299489902e-02 2.5299295778e+01
775.51231797 3.8451433936e+00 -4.2101938090e-02 -9.4278079990e-02 -4.2106938090e-02 3.8437719021e+00 9.2422245947e-02 -9.4306079990e-02 9.2381245947e-02 3.8838258795e+00
775.92504406 -1.7403945114e+01 -3.9372693650e-02 -9.0675340764e-02 -3.9377693650e-02 -1.7405438031e+01 9.0773751958e-02 -9.0703340764e-02 9.0732751958e-02 -1.7365837481e+01
776.33777014 -3.7649112183e+01 -3.5161486745e-02 -8.3651042200e-02 -3.5166486745e-02 -3.7650669541e+01 8.5694393772e-02 -8.3679042200e-02 8.5653393772e-02 -3.7613021007e+01
776.75049623 -5.6181417793e+01 -2.9857202441e-02 -7.3990239440e-02 -2.9862202441e-02 -5.6182988020e+01 7.7888654174e-02 -7.4018239440e-02 7.7847654174e-02 -5.6148493968e+01
777.16322232 -7.2492666068e+01 -2.3935101779e-02 -6.2693610359e-02 -2.3940101779e-02 -7.2494207729e+01 6.8289332041e-02 -6.2721610359e-02 6.8248332041e-02 -7.2463672943e+01
777.57594841 -8.6302794574e+01 -1.7862716771e-02 -5.0770828161e-02 -1.7867716771e-02 -8.6304278362e+01 5.7858102786e-02 -5.0798828161e-02 5.7817102786e-02 -8.6278094438e+01
777.98867449 -9.7544622908e+01 -1.2028550942e-02 -3.9079938096e-02 -1.2033550942e-02 -9.7546031223e+01 4.7427264357e-02 -3.9107938096e-02 4.7386264357e-02 -9.7524229870e+01
778.40140058 -1.0632029334e+02 -6.7066374426e-03 -2.8243420486e-02 -6.7116374426e-03 -1.0632161831e+02 3.7613904219e-02 -2.8271420486e-02 3.7572904219e-02 -1.0630396245e+02
778.81412667 -1.1284665252e+02 -2.0539690912e-03 -1.8636222402e-02 -2.0589690912e-03 -1.1284789338e+02 2.8803397857e-02 -1.8664222402e-02 2.8762397857e-02 -1.1283397613e+02
779.22685276 -1.1740330422e+02 1.8708816913e-03 -1.0421284205e-02 1.8658816913e-03 -1.1740446483e+02 2.1179539795e-02 -1.0449284205e-02 2.1138539795e-02 -1.1739379611e+02
779.63957884 -1.2029103906e+02 5.0805211921e-03 -3.6054442932e-03 5.0755211921e-03 -1.2029212583e+02 1.4775495752e-02 -3.6334442932e-03 1.4734495752e-02 -1.2028419741e+02
780.05230493 -1.2180295088e+02 7.6319198173e-03 1.9041624876e-03 7.6269198173e-03 -1.2180397126e+02 9.5263542909e-03 1.8761624876e-03 9.4853542909e-03 -1.2179829940e+02
780.46503102 -1.2220711997e+02 9.6046674239e-03 6.2536744097e-03 9.5996674239e-03 -1.2220808154e+02 5.3129594276e-03 6.2256744097e-03 5.2719594276e-03 -1.2220423083e+02
780.87775710 -1.2173823762e+02 1.1085573312e-02 9.6091753674e-03 1.1080573312e-02 -1.2173914747e+02 1.9937304562e-03 9.5811753674e-03 1.9527304562e-03 -1.2173674097e+02
781.29048319 -1.2059533807e+02 1.2158996034e-02 1.2135423766e-02 1.2153996034e-02 -1.2059620256e+02 -5.7475819230e-04 1.2107423766e-02 -6.1575819230e-04 -1.2059492306e+02
781.70320928 -1.1894324241e+02 1.2901562021e-02 1.3983925901e-02 1.2896562021e-02 -1.1894406708e+02 -2.5259987905e-03 1.3955925901e-02 -2.5669987905e-03 -1.1894365322e+02
782.11593537 -1.1691595324e+02 1.3379884484e-02 1.5287464344e-02 1.3374884484e-02 -1.1691674283e+02 -3.9779062273e-03 1.5259464344e-02 -4.0189062273e-03 -1.1691698273e+02
782.52866145 -1.1462083243e+02 1.3650141862e-02 1.6158675976e-02 1.3645141862e-02 -1.1462159094e+02 -5.0310610297e-03 1.6130675976e-02 -5.0720610297e-03 -1.1462231501e+02
782.94138754 -1.1214285746e+02 1.3758691673e-02 1.6690925989e-02 1.3753691673e-02 -1.1214358823e+02 -5.7691883790e-03 1.6662925989e-02 -5.8101883790e-03 -1.1214466213e+02
783.35411363 -1.0954857583e+02 1.3743176317e-02 1.6960311996e-02 1.3738176317e-02 -1.0954928168e+02 -6.2607677108e-03 1.6932311996e-02 -6.3017677108e-03 -1.0955059996e+02
783.76683972 -1.0688958535e+02 1.3633789908e-02 1.7028081406e-02 1.3628789908e-02 -1.0689026863e+02 -6.5610877808e-03 1.7000081406e-02 -6.6020877808e-03 -1.0689174917e+02
784.17956580 -1.0420549190e+02 1.3454521097e-02 1.6943055768e-02 1.3449521097e-02 -1.0420615459e+02 -6.7143545403e-03 1.6915055768e-02 -6.7553545403e-03 -1.0420773396e+02
784.59229189 -1.0152636445e+02 1.3224280128e-02 1.6743855554e-02 1.3219280128e-02 -1.0152700822e+02 -6.7556483468e-03 1.6715855554e-02 -6.7966483468e-03 -1.0152863782e+02
785.00501798 -9.8874739037e+01 1.2957874225e-02 1.6460839486e-02 1.2952874225e-02 -9.8875365308e+01 -6.7126420121e-03 1.6432839486e-02 -6.7536420121e-03 -9.8877008260e+01
785.41774406 -9.6267235295e+01 1.2666826599e-02 1.6117740596e-02 1.2661826599e-02 -9.6267845284e+01 -6.6070567199e-03 1.6089740596e-02 -6.6480567199e-03 -9.6269473936e+01
785.83047015 -9.3715849208e+01 1.2360050242e-02 1.5733016472e-02 1.2355050242e-02 -9.3716443965e+01 -6.4558672416e-03 1.5705016472e-02 -6.4968672416e-03 -9.3718037872e+01
786.24319624 -9.1228980392e+01 1.2044394395e-02 1.5320946817e-02 1.2039394395e-02 -9.1229560832e+01 -6.2722836755e-03 1.5292946817e-02 -6.3132836755e-03 -9.1231105174e+01
786.65592233 -8.8812244603e+01 1.1725083316e-02 1.4892516103e-02 1.1720083316e-02 -8.8812811530e+01 -6.0665421611e-03 1.4864516103e-02 -6.1075421611e-03 -8.8814295855e+01
787.06864841 -8.6469114072e+01 1.1406066037e-02 1.4456118024e-02 1.1401066037e-02 -8.6469668197e+01 -5.8465366736e-03 1.4428118024e-02 -5.8875366736e-03 -8.6471085434e+01
787.48137450 -8.4201420738e+01 1.1090293744e-02 1.4018114704e-02 1.1085293744e-02 -8.4201962696e+01 -5.6183209939e-03 1.3990114704e-02 -5.6593209939e-03 -8.4203308375e+01
787.89410059 -8.2009750821e+01 1.0779938947e-02 1.3583278899e-02 1.0774938947e-02 -8.2010281185e+01 -5.3865059530e-03 1.3555278899e-02 -5.4275059530e-03 -8.2011552828e+01
788.30682668 -7.9893753559e+01 1.0476568201e-02 1.3155142746e-02 1.0471568201e-02 -7.9894272848e+01 -5.1545729348e-03 1.3127142746e-02 -5.1955729348e-03 -7.9895469489e+01
788.71955276 -7.7852382287e+01 1.0181277964e-02 1.2736272285e-02 1.0176277964e-02 -7.7852890975e+01 -4.9251208287e-03 1.2708272285e-02 -4.9661208287e-03 -7.7854012789e+01
789.13227885 -7.5884082280e+01 9.8948013141e-03 1.2328483273e-02 9.8898013141e-03 -7.5884580803e+01 -4.7000603150e-03 1.2300483273e-02 -4.7410603150e-03 -7.5885628810e+01
789.54500494 -7.3986936744e+01 9.6175916800e-03 1.1933010682e-02 9.6125916800e-03 -7.3987425504e+01 -4.4807665905e-03 1.1905010682e-02 -4.5217665905e-03 -7.3988401345e+01
789.95773102 -7.2158779939e+01 9.3498884806e-03 1.1550641721e-02 9.3448884806e-03 -7.2159259309e+01 -4.2681993576e-03 1.1522641721e-02 -4.3091993576e-03 -7.2160165067e+01
790.37045711 -7.0397284494e+01 9.0917685294e-03 1.1181820164e-02 9.0867685294e-03 -7.0397754822e+01 -4.0629970537e-03 1.1153820164e-02 -4.1039970537e-03 -7.0398592884e+01
790.78318320 -6.8700028477e+01 8.8431862519e-03 1.0826728120e-02 8.8381862519e-03 -6.8700490089e+01 -3.8655508246e-03 1.0798728120e-02 -3.9065508246e-03 -6.8701263040e+01
791.19590929 -6.7064546589e+01 8.6040051088e-03 1.0485350065e-02 8.5990051088e-03 -6.7064999791e+01 -3.6760625668e-03 1.0457350065e-02 -3.7170625668e-03 -6.7065710335e+01
791.60863537 -6.5488368921e+01 8.3740221083e-03 1.0157522924e-02 8.3690221083e-03 -6.5488814001e+01 -3.4945904438e-03 1.0129522924e-02 -3.5355904438e-03 -6.5489464897e+01
792.02136146 -6.3969049970e+01 8.1529868849e-03 9.8429751902e-03 8.1479868849e-03 -6.3969487200e+01 -3.3210845456e-03 9.8149751902e-03 -3.3620845456e-03 -6.3970081214e+01
792.43408755 -6.2504190046e+01 7.9406165078e-03 9.5413574219e-03 7.9356165078e-03 -6.2504619685e+01 -3.1554147929e-03 9.5133574219e-03 -3.1964147929e-03 -6.2505159555e+01
792.84681364 -6.1091450743e+01 7.7366069324e-03 9.2522659462e-03 7.7316069324e-03 -6.1091873035e+01 -2.9973927338e-03 9.2242659462e-03 -3.0383927338e-03 -6.1092361448e+01
793.25953972 -5.9728565787e+01 7.5406418115e-03 8.9752612266e-03 7.5356418115e-03 -5.9728980964e+01 -2.8467885302e-03 8.9472612266e-03 -2.8877885302e-03 -5.9729420533e+01
793.67226581 -5.8413348297e+01 7.3523992332e-03 8.7098820268e-03 7.3473992332e-03 -5.8413756580e+01 -2.7033441556e-03 8.6818820268e-03 -2.7443441556e-03 -5.8414149832e+01
794.08499190 -5.7143695282e+01 7.1715568291e-03 8.4556562684e-03 7.1665568291e-03 -5.7144096882e+01 -2.5667836055e-03 8.4276562684e-03 -2.6077836055e-03 -5.7144446252e+01
794.49771798 -5.5917590013e+01 6.9977956051e-03 8.2121092893e-03 6.9927956051e-03 -5.5917985133e+01 -2.4368207564e-03 8.1841092893e-03 -2.4778207564e-03 -5.5918292954e+01
794.91044407 -5.4733102774e+01 6.8308027693e-03 7.9787700588e-03 6.8258027693e-03 -5.4733491604e+01 -2.3131653710e-03 7.9507700588e-03 -2.3541653710e-03 -5.4733760108e+01
795.32317016 -5.3588390386e+01 6.6702737770e-03 7.7551757899e-03 6.6652737770e-03 -5.3588773111e+01 -2.1955276456e-03 7.7271757899e-03 -2.2365276456e-03 -5.3589004426e+01
795.73589625 -5.2481694832e+01 6.5159137649e-03 7.5408752962e-03 6.5109137649e-03 -5.2482071627e+01 -2.0836216109e-03 7.5128752962e-03 -2.1246216109e-03 -5.2482267779e+01
796.14862233 -5.1411341206e+01 6.3674385090e-03 7.3354313676e-03 6.3624385090e-03 -5.1411712242e+01 -1.9771676331e-03 7.3074313676e-03 -2.0181676331e-03 -5.1411875154e+01
796.56134842 -5.0375735199e+01 6.2245750159e-03 7.1384223819e-03 6.2195750159e-03 -5.0376100636e+01 -1.8758942097e-03 7.1104223819e-03 -1.9168942097e-03 -5.0376232136e+01
796.97407451 -4.9373360251e+01 6.0870618304e-03 6.9494433245e-03 6.0820618304e-03 -4.9373720245e+01 -1.7795392161e-03 6.9214433245e-03 -1.8205392161e-03 -4.9373822063e+01
797.38680060 -4.8402774501e+01 5.9546491278e-03 6.7681063499e-03 5.9496491278e-03 -4.8403129200e+01 -1.6878507232e-03 6.7401063499e-03 -1.7288507232e-03 -4.8403202975e+01
797.79952668 -4.7462607615e+01 5.8270986422e-03 6.5940409951e-03 5.8220986422e-03 -4.7462957164e+01 -1.6005874847e-03 6.5660409951e-03 -1.6415874847e-03 -4.7463004447e+01
798.21225277 -4.6551557570e+01 5.7041834744e-03 6.4268941267e-03 5.6991834744e-03 -4.6551902105e+01 -1.5175191689e-03 6.3988941267e-03 -1.5585191689e-03 -4.6551924363e+01
798.62497886 -4.5668387429e+01 5.5856878096e-03 6.2663296908e-03 5.5806878096e-03 -4.5668727084e+01 -1.4384263981e-03 6.2383296908e-03 -1.4794263981e-03 -4.5668725703e+01
799.03770494 -4.4811922167e+01 5.4714065729e-03 6.1120283155e-03 5.4664065729e-03 -4.4812257069e+01 -1.3631006397e-03 6.0840283155e-03 -1.4041006397e-03 -4.4812233360e+01
799.45043103 -4.3981045564e+01 5.3611450407e-03 5.9636868103e-03 5.3561450407e-03 -4.3981375835e+01 -1.2913439911e-03 5.9356868103e-03 -1.3323439911e-03 -4.3981331037e+01
799.86315712 -4.3174697186e+01 5.2547184251e-03 5.8210175922e-03 5.2497184251e-03 -4.3175022945e+01 -1.2229688845e-03 5.7930175922e-03 -1.2639688845e-03 -4.3174958227e+01
800.27588321 -4.2391869475e+01 5.1519514419e-03 5.6837480646e-03 5.1469514419e-03 -4.2392190835e+01 -1.1577977369e-03 5.6557480646e-03 -1.1987977369e-03 -4.2392107302e+01
800.68860929 -4.1631604950e+01 5.0526778729e-03 5.5516199694e-03 5.0476778729e-03 -4.1631922022e+01 -1.0956625625e-03 5.5236199694e-03 -1.1366625625e-03 -4.1631820718e+01
801.10133538 -4.0892993534e+01 4.9567401284e-03 5.4243887249e-03 4.9517401284e-03 -4.0893306424e+01 -1.0364045626e-03 5.3963887249e-03 -1.0774045626e-03 -4.0893188335e+01
801.51406147 -4.0175170001e+01 4.8639888156e-03 5.3018227636e-03 4.8589888156e-03 -4.0175478811e+01 -9.7987370288e-04 5.2738227636e-03 -1.0208737029e-03 -4.0175344867e+01
801.92678756 -3.9477311544e+01 4.7742823172e-03 5.1837028770e-03 4.7692823172e-03 -3.9477616372e+01 -9.2592828722e-04 5.1557028770e-03 -9.6692828722e-04 -3.9477467454e+01
802.33951364 -3.8798635472e+01 4.6874863822e-03 5.0698215741e-03 4.6824863822e-03 -3.8798936414e+01 -8.7443453403e-04 5.0418215741e-03 -9.1543453403e-04 -3.8798773353e+01
802.75223973 -3.8138397024e+01 4.6034737315e-03 4.9599824579e-03 4.5984737315e-03 -3.8138694172e+01 -8.2526616005e-04 4.9319824579e-03 -8.6626616005e-04 -3.8138517754e+01
803.16496582 -3.7495887300e+01 4.5221236792e-03 4.8539996246e-03 4.5171236792e-03 -3.7496180743e+01 -7.7830397489e-04 4.8259996246e-03 -8.1930397489e-04 -3.7495991709e+01
803.57769190 -3.6870431306e+01 4.4433217708e-03 4.7516970857e-03 4.4383217708e-03 -3.6870721129e+01 -7.3343548902e-04 4.7236970857e-03 -7.7443548902e-04 -3.6870520183e+01
803.99041799 -3.6261386106e+01 4.3669594383e-03 4.6529082155e-03 4.3619594383e-03 -3.6261672393e+01 -6.9055453669e-04 4.6249082155e-03 -7.3155453669e-04 -3.6261460197e+01
804.40314408 -3.5668139081e+01 4.2929336720e-03 4.5574752246e-03 4.2879336720e-03 -3.5668421913e+01 -6.4956091504e-04 4.5294752246e-03 -6.9056091504e-04 -3.5668199094e+01
804.81587017 -3.5090106284e+01 4.2211467100e-03 4.4652486597e-03 4.2161467100e-03 -3.5090385738e+01 -6.1036003988e-04 4.4372486597e-03 -6.5136003988e-04 -3.5090152891e+01
805.22859625 -3.4526730892e+01 4.1515057435e-03 4.3760869286e-03 4.1465057435e-03 -3.4527007043e+01 -5.7286261845e-04 4.3480869286e-03 -6.1386261845e-04 -3.4526764729e+01
805.64132234 -3.3977481741e+01 4.0839226384e-03 4.2898558510e-03 4.0789226384e-03 -3.3977754663e+01 -5.3698433914e-04 4.2618558510e-03 -5.7798433914e-04 -3.3977503413e+01
806.05404843 -3.3441851959e+01 4.0183136728e-03 4.2064282340e-03 4.0133136728e-03 -3.3442121722e+01 -5.0264557784e-04 4.1784282340e-03 -5.4364557784e-04 -3.3441862039e+01
806.46677452 -3.2919357659e+01 3.9545992886e-03 4.1256834715e-03 3.9495992886e-03 -3.2919624331e+01 -4.6977112060e-04 4.0976834715e-03 -5.1077112060e-04 -3.2919356693e+01
806.87950060 -3.2409536729e+01 3.8927038583e-03 4.0475071660e-03 3.8877038583e-03 -3.2409800377e+01 -4.3828990202e-04 4.0195071660e-03 -4.7928990202e-04 -3.2409525233e+01
807.29222669 -3.1911947674e+01 3.8325554645e-03 3.9717907734e-03 3.8275554645e-03 -3.1912208362e+01 -4.0813475886e-04 3.9437907734e-03 -4.4913475886e-04 -3.1911926140e+01
807.70495278 -3.1426168541e+01 3.7740856932e-03 3.8984312674e-03 3.7690856932e-03 -3.1426426330e+01 -3.7924219812e-04 3.8704312674e-03 -4.2024219812e-04 -3.1426137435e+01
808.11767886 -3.0951795890e+01 3.7172294381e-03 3.8273308247e-03 3.7122294381e-03 -3.0952050842e+01 -3.5155217899e-04 3.7993308247e-03 -3.9255217899e-04 -3.0951755658e+01
808.53040495 -3.0488443844e+01 3.6619247180e-03 3.7583965286e-03 3.6569247180e-03 -3.0488696017e+01 -3.2500790801e-04 3.7303965286e-03 -3.6600790801e-04 -3.0488394907e+01
808.94313104 -3.0035743175e+01 3.6081125033e-03 3.6915400906e-03 3.6031125033e-03 -3.0035992626e+01 -2.9955564664e-04 3.6635400906e-03 -3.4055564664e-04 -3.0035685936e+01
809.35585713 -2.9593340456e+01 3.5557365545e-03 3.6266775885e-03 3.5507365545e-03 -2.9593587240e+01 -2.7514453062e-04 3.5986775885e-03 -3.1614453062e-04 -2.9593275296e+01
809.76858321 -2.9160897257e+01 3.5047432694e-03 3.5637292205e-03 3.4997432694e-03 -2.9161141428e+01 -2.5172640058e-04 3.5357292205e-03 -2.9272640058e-04 -2.9160824541e+01
810.18130930 -2.8738089384e+01 3.4550815394e-03 3.5026190742e-03 3.4500815394e-03 -2.8738330994e+01 -2.2925564296e-04 3.4746190742e-03 -2.7025564296e-04 -2.8738009458e+01
810.59403539 -2.8324606170e+01 3.4067026146e-03 3.4432749097e-03 3.4017026146e-03 -2.8324845268e+01 -2.0768904092e-04 3.4152749097e-03 -2.4868904092e-04 -2.8324519363e+01
811.00676148 -2.7920149794e+01 3.3595599772e-03 3.3856279553e-03 3.3545599772e-03 -2.7920386431e+01 -1.8698563451e-04 3.3576279553e-03 -2.2798563451e-04 -2.7920056422e+01
811.41948756 -2.7524434654e+01 3.3136092216e-03 3.3296127163e-03 3.3086092216e-03 -2.7524668876e+01 -1.6710658943e-04 3.3016127163e-03 -2.0810658943e-04 -2.7524335015e+01
811.83221365 -2.7137186758e+01 3.2688079427e-03 3.2751667949e-03 3.2638079427e-03 -2.7137418613e+01 -1.4801507407e-04 3.2471667949e-03 -1.8901507407e-04 -2.7137081139e+01
812.24493974 -2.6758143165e+01 3.2251156297e-03 3.2222307209e-03 3.2201156297e-03 -2.6758372697e+01 -1.2967614419e-04 3.1942307209e-03 -1.7067614419e-04 -2.6758031838e+01
812.65766582 -2.6387051445e+01 3.1824935668e-03 3.1707477929e-03 3.1774935668e-03 -2.6387278698e+01 -1.1205663462e-04 3.1427477929e-03 -1.5305663462e-04 -2.6386934670e+01
813.07039191 -2.6023669177e+01 3.1409047400e-03 3.1206639291e-03 3.1359047400e-03 -2.6023894195e+01 -9.5125057891e-05 3.0926639291e-03 -1.3612505789e-04 -2.6023547203e+01
813.48311800 -2.5667763471e+01 3.1003137483e-03 3.0719275262e-03 3.0953137483e-03 -2.5667986294e+01 -7.8851508920e-05 3.0439275262e-03 -1.1985150892e-04 -2.5667636533e+01
813.89584409 -2.5319110514e+01 3.0606867213e-03 3.0244893277e-03 3.0556867213e-03 -2.5319331183e+01 -6.3207575760e-05 2.9964893277e-03 -1.0420757576e-04 -2.5318978838e+01
814.30857017 -2.4977495147e+01 3.0219912405e-03 2.9783022999e-03 3.0169912405e-03 -2.4977713701e+01 -4.8166255709e-05 2.9503022999e-03 -8.9166255709e-05 -2.4977358950e+01
814.72129626 -2.4642710460e+01 2.9841962659e-03 2.9333215141e-03 2.9791962659e-03 -2.4642926937e+01 -3.3701876640e-05 2.9053215141e-03 -7.4701876640e-05 -2.4642569946e+01
815.13402235 -2.4314557409e+01 2.9472720666e-03 2.8895040374e-03 2.9422720666e-03 -2.4314771846e+01 -1.9790023090e-05 2.8615040374e-03 -6.0790023090e-05 -2.4314412776e+01
815.54674844 -2.3992844455e+01 2.9111901550e-03 2.8468088286e-03 2.9061901550e-03 -2.3993056889e+01 -6.4074669045e-06 2.8188088286e-03 -4.7407466905e-05 -2.3992695891e+01
815.95947452 -2.3677387222e+01 2.8759232253e-03 2.8051966408e-03 2.8709232253e-03 -2.3677597689e+01 6.4678979540e-06 2.7771966408e-03 -3.4532102046e-05 -2.3677234907e+01
816.37220061 -2.3368008174e+01 2.8414450952e-03 2.7646299294e-03 2.8364450952e-03 -2.3368216707e+01 1.8857116662e-05 2.7366299294e-03 -2.2142883338e-05 -2.3367852279e+01
816.78492670 -2.3064536305e+01 2.8077306506e-03 2.7250727656e-03 2.8027306506e-03 -2.3064742938e+01 3.0780231071e-05 2.6970727656e-03 -1.0219768929e-05 -2.3064376995e+01
817.19765278 -2.2766806848e+01 2.7747557938e-03 2.6864907546e-03 2.7697557938e-03 -2.2767011614e+01 4.2256333840e-05 2.6584907546e-03 1.2563338397e-06 -2.2766644281e+01
817.61037887 -2.2474661002e+01 2.7424973946e-03 2.6488509587e-03 2.7374973946e-03 -2.2474863933e+01 5.3303619308e-05 2.6208509587e-03 1.2303619308e-05 -2.2474495328e+01
818.02310496 -2.2187945667e+01 2.7109332439e-03 2.6121218247e-03 2.7059332439e-03 -2.2188146793e+01 6.3939431372e-05 2.5841218247e-03 2.2939431372e-05 -2.2187777029e+01
818.43583105 -2.1906513194e+01 2.6800420094e-03 2.5762731152e-03 2.6750420094e-03 -2.1906712547e+01 7.4180308542e-05 2.5482731152e-03 3.3180308542e-05 -2.1906341731e+01
818.84855713 -2.1630221154e+01 2.6498031950e-03 2.5412758442e-03 2.6448031950e-03 -2.1630418762e+01 8.4042026327e-05 2.5132758442e-03 4.3042026327e-05 -2.1630046997e+01
819.26128322 -2.1358932108e+01 2.6201971007e-03 2.5071022158e-03 2.6151971007e-03 -2.1359128001e+01 9.3539637168e-05 2.4791022158e-03 5.2539637168e-05 -2.1358755385e+01
819.67400931 -2.1092513399e+01 2.5912047864e-03 2.4737255665e-03 2.5862047864e-03 -2.1092707605e+01 1.0268750804e-04 2.4457255665e-03 6.1687508041e-05 -2.1092334230e+01
820.08673540 -2.0830836945e+01 2.5628080361e-03 2.4411203110e-03 2.5578080361e-03 -2.0831029492e+01 1.1149935589e-04 2.4131203110e-03 7.0499355892e-05 -2.0830655447e+01
820.49946148 -2.0573779053e+01 2.5349893250e-03 2.4092618903e-03 2.5299893250e-03 -2.0573969966e+01 1.1998828102e-04 2.3812618903e-03 7.8988281022e-05 -2.0573595335e+01
820.91218757 -2.0321220226e+01 2.5077317881e-03 2.3781267231e-03 2.5027317881e-03 -2.0321409534e+01 1.2816679858e-04 2.3501267231e-03 8.7166798575e-05 -2.0321034397e+01
821.32491366 -2.0073045001e+01 2.4810191899e-03 2.3476921599e-03 2.4760191899e-03 -2.0073232728e+01 1.3604686823e-04 2.3196921599e-03 9.5046868233e-05 -2.0072857162e+01
821.73763974 -1.9829141774e+01 2.4548358968e-03 2.3179364390e-03 2.4498358968e-03 -1.9829327945e+01 1.4363992223e-04 2.2899364390e-03 1.0263992223e-04 -1.9828952023e+01
822.15036583 -1.9589402647e+01 2.4291668498e-03 2.2888386458e-03 2.4241668498e-03 -1.9589587286e+01 1.5095689179e-04 2.2608386458e-03 1.0995689179e-04 -1.9589211078e+01
822.56309192 -1.9353723275e+01 2.4039975392e-03 2.2603786731e-03 2.3989975392e-03 -1.9353906406e+01 1.5800823209e-04 2.2323786731e-03 1.1700823209e-04 -1.9353529978e+01
822.97581801 -1.9122002726e+01 2.3793139806e-03 2.2325371845e-03 2.3743139806e-03 -1.9122184373e+01 1.6480394580e-04 2.2045371845e-03 1.2380394580e-04 -1.9121807788e+01
823.38854409 -1.8894143344e+01 2.3551026917e-03 2.2052955792e-03 2.3501026917e-03 -1.8894323529e+01 1.7135360540e-04 2.1772955792e-03 1.3035360540e-04 -1.8893946847e+01
823.80127018 -1.8670050615e+01 2.3313506711e-03 2.1786359587e-03 2.3263506711e-03 -1.8670229361e+01 1.7766637419e-04 2.1506359587e-03 1.3666637419e-04 -1.8669852639e+01
824.21399627 -1.8449633050e+01 2.3080453767e-03 2.1525410954e-03 2.3030453767e-03 -1.8449810379e+01 1.8375102621e-04 2.1245410954e-03 1.4275102621e-04 -1.8449433672e+01
824.62672235 -1.8232802062e+01 2.2851747072e-03 2.1269944024e-03 2.2801747072e-03 -1.8232977994e+01 1.8961596498e-04 2.0989944024e-03 1.4861596498e-04 -1.8232601354e+01
825.03944844 -1.8019471854e+01 2.2627269826e-03 2.1019799056e-03 2.2577269826e-03 -1.8019646411e+01 1.9526924138e-04 2.0739799056e-03 1.5426924138e-04 -1.8019269887e+01
825.45217453 -1.7809559312e+01 2.2406909268e-03 2.0774822164e-03 2.2356909268e-03 -1.7809732514e+01 2.0071857044e-04 2.0494822164e-03 1.5971857044e-04 -1.7809356154e+01
