# frequency_cm-1 xx xy xz yx yy yz zx zy zz
0.00000000 0.0000000000e+00 0.0000000000e+00 0.0000000000e+00 0.0000000000e+00 0.0000000000e+00 0.0000000000e+00 0.0000000000e+00 0.0000000000e+00 0.0000000000e+00
0.23682053 1.3301732935e-02 6.0124757779e-17 0.0000000000e+00 6.0124757779e-17 1.3301732935e-02 0.0000000000e+00 0.0000000000e+00 0.0000000000e+00 2.5775671284e-04
0.47364107 2.6604422808e-02 1.2024951556e-16 0.0000000000e+00 1.2024951556e-16 2.6604422808e-02 0.0000000000e+00 0.0000000000e+00 0.0000000000e+00 5.1551519840e-04
0.71046160 3.9909026728e-02 1.8038590111e-16 0.0000000000e+00 1.8038590111e-16 3.9909026728e-02 0.0000000000e+00 0.0000000000e+00 0.0000000000e+00 7.7327722946e-04
0.94728214 5.3216502148e-02 2.4052840654e-16 0.0000000000e+00 2.4052840654e-16 5.3216502148e-02 0.0000000000e+00 0.0000000000e+00 0.0000000000e+00 1.0310445788e-03
1.18410267 6.6527807041e-02 3.0070151137e-16 0.0000000000e+00 3.0070151137e-16 6.6527807041e-02 0.0000000000e+00 0.0000000000e+00 0.0000000000e+00 1.2888190194e-03
1.42092321 7.9843900067e-02 3.6089175186e-16 0.0000000000e+00 3.6089175186e-16 7.9843900067e-02 0.0000000000e+00 0.0000000000e+00 0.0000000000e+00 1.5466023243e-03
1.65774374 9.3165740749e-02 4.2110157597e-16 0.0000000000e+00 4.2110157597e-16 9.3165740749e-02 0.0000000000e+00 0.0000000000e+00 0.0000000000e+00 1.8043962666e-03
1.89456427 1.0649428965e-01 4.8133098369e-16 0.0000000000e+00 4.8133098369e-16 1.0649428965e-01 0.0000000000e+00 0.0000000000e+00 0.0000000000e+00 2.0622026197e-03
2.13138481 1.1983050853e-01 5.4161914225e-16 0.0000000000e+00 5.4161914225e-16 1.1983050853e-01 0.0000000000e+00 0.0000000000e+00 0.0000000000e+00 2.3200231573e-03
2.36820534 1.3317536054e-01 6.0194646805e-16 0.0000000000e+00 6.0194646805e-16 1.3317536054e-01 0.0000000000e+00 0.0000000000e+00 0.0000000000e+00 2.5778596530e-03
2.60502588 1.4652981040e-01 6.6229337746e-16 0.0000000000e+00 6.6229337746e-16 1.4652981040e-01 0.0000000000e+00 0.0000000000e+00 0.0000000000e+00 2.8357138811e-03
2.84184641 1.5989482455e-01 7.2271862133e-16 0.0000000000e+00 7.2271862133e-16 1.5989482455e-01 0.0000000000e+00 0.0000000000e+00 0.0000000000e+00 3.0935876160e-03
3.07866695 1.7327137133e-01 7.8314876111e-16 0.0000000000e+00 7.8314876111e-16 1.7327137133e-01 0.0000000000e+00 0.0000000000e+00 0.0000000000e+00 3.3514826323e-03
3.31548748 1.8666042117e-01 8.4369150667e-16 0.0000000000e+00 8.4369150667e-16 1.8666042117e-01 0.0000000000e+00 0.0000000000e+00 0.0000000000e+00 3.6094007052e-03
3.55230801 2.0006294677e-01 9.0427341946e-16 0.0000000000e+00 9.0427341946e-16 2.0006294677e-01 0.0000000000e+00 0.0000000000e+00 0.0000000000e+00 3.8673436102e-03
3.78912855 2.1347992327e-01 9.6489449948e-16 0.0000000000e+00 9.6489449948e-16 2.1347992327e-01 0.0000000000e+00 0.0000000000e+00 0.0000000000e+00 4.1253131233e-03
4.02594908 2.2691232840e-01 1.0256330812e-15 0.0000000000e+00 1.0256330812e-15 2.2691232840e-01 0.0000000000e+00 0.0000000000e+00 0.0000000000e+00 4.3833110207e-03
4.26276962 2.4036114271e-01 1.0864108301e-15 0.0000000000e+00 1.0864108301e-15 2.4036114271e-01 0.0000000000e+00 0.0000000000e+00 0.0000000000e+00 4.6413390795e-03
4.49959015 2.5382734973e-01 1.1472277463e-15 0.0000000000e+00 1.1472277463e-15 2.5382734973e-01 0.0000000000e+00 0.0000000000e+00 0.0000000000e+00 4.8993990769e-03
4.73641069 2.6731193613e-01 1.2082013314e-15 0.0000000000e+00 1.2082013314e-15 2.6731193613e-01 0.0000000000e+00 0.0000000000e+00 0.0000000000e+00 5.1574927910e-03
4.97323122 2.8081589193e-01 1.2692532509e-15 0.0000000000e+00 1.2692532509e-15 2.8081589193e-01 0.0000000000e+00 0.0000000000e+00 0.0000000000e+00 5.4156220003e-03
5.21005175 2.9434021066e-01 1.3303835049e-15 0.0000000000e+00 1.3303835049e-15 2.9434021066e-01 0.0000000000e+00 0.0000000000e+00 0.0000000000e+00 5.6737884839e-03
5.44687229 3.0788588959e-01 1.3916018852e-15 0.0000000000e+00 1.3916018852e-15 3.0788588959e-01 0.0000000000e+00 0.0000000000e+00 0.0000000000e+00 5.9319940215e-03
5.68369282 3.2145392984e-01 1.4529573508e-15 0.0000000000e+00 1.4529573508e-15 3.2145392984e-01 0.0000000000e+00 0.0000000000e+00 0.0000000000e+00 6.1902403937e-03
5.92051336 3.3504533664e-01 1.5143226082e-15 0.0000000000e+00 1.5143226082e-15 3.3504533664e-01 0.0000000000e+00 0.0000000000e+00 0.0000000000e+00 6.4485293815e-03
6.15733389 3.4866111949e-01 1.5759326608e-15 0.0000000000e+00 1.5759326608e-15 3.4866111949e-01 0.0000000000e+00 0.0000000000e+00 0.0000000000e+00 6.7068627670e-03
6.39415443 3.6230229233e-01 1.6376112560e-15 0.0000000000e+00 1.6376112560e-15 3.6230229233e-01 0.0000000000e+00 0.0000000000e+00 0.0000000000e+00 6.9652423326e-03
6.63097496 3.7596987377e-01 1.6992898512e-15 0.0000000000e+00 1.6992898512e-15 3.7596987377e-01 0.0000000000e+00 0.0000000000e+00 0.0000000000e+00 7.2236698620e-03
6.86779549 3.8966488725e-01 1.7612719925e-15 0.0000000000e+00 1.7612719925e-15 3.8966488725e-01 0.0000000000e+00 0.0000000000e+00 0.0000000000e+00 7.4821471392e-03
7.10461603 4.0338836127e-01 1.8232737173e-15 0.0000000000e+00 1.8232737173e-15 4.0338836127e-01 0.0000000000e+00 0.0000000000e+00 0.0000000000e+00 7.7406759496e-03
7.34143656 4.1714132954e-01 1.8854125275e-15 0.0000000000e+00 1.8854125275e-15 4.1714132954e-01 0.0000000000e+00 0.0000000000e+00 0.0000000000e+00 7.9992580790e-03
7.57825710 4.3092483123e-01 1.9477471738e-15 0.0000000000e+00 1.9477471738e-15 4.3092483123e-01 0.0000000000e+00 0.0000000000e+00 0.0000000000e+00 8.2578953145e-03
7.81507763 4.4473991111e-01 2.0101993219e-15 0.0000000000e+00 2.0101993219e-15 4.4473991111e-01 0.0000000000e+00 0.0000000000e+00 0.0000000000e+00 8.5165894439e-03
8.05189817 4.5858761983e-01 2.0728081388e-15 0.0000000000e+00 2.0728081388e-15 4.5858761983e-01 0.0000000000e+00 0.0000000000e+00 0.0000000000e+00 8.7753422560e-03
8.28871870 4.7246901405e-01 2.1355736247e-15 0.0000000000e+00 2.1355736247e-15 4.7246901405e-01 0.0000000000e+00 0.0000000000e+00 0.0000000000e+00 9.0341555409e-03
8.52553923 4.8638515668e-01 2.1984370286e-15 0.0000000000e+00 2.1984370286e-15 4.8638515668e-01 0.0000000000e+00 0.0000000000e+00 0.0000000000e+00 9.2930310892e-03
8.76235977 5.0033711710e-01 2.2615354359e-15 0.0000000000e+00 2.2615354359e-15 5.0033711710e-01 0.0000000000e+00 0.0000000000e+00 0.0000000000e+00 9.5519706932e-03
8.99918030 5.1432597135e-01 2.3246925940e-15 0.0000000000e+00 2.3246925940e-15 5.1432597135e-01 0.0000000000e+00 0.0000000000e+00 0.0000000000e+00 9.8109761458e-03
9.23600084 5.2835280234e-01 2.3880260047e-15 0.0000000000e+00 2.3880260047e-15 5.2835280234e-01 0.0000000000e+00 0.0000000000e+00 0.0000000000e+00 1.0070049241e-02
9.47282137 5.4241870009e-01 2.4518098386e-15 0.0000000000e+00 2.4518098386e-15 5.4241870009e-01 0.0000000000e+00 0.0000000000e+00 0.0000000000e+00 1.0329191775e-02
9.70964191 5.5652476193e-01 2.5154565871e-15 0.0000000000e+00 2.5154565871e-15 5.5652476193e-01 0.0000000000e+00 0.0000000000e+00 0.0000000000e+00 1.0588405544e-02
9.94646244 5.7067209272e-01 2.5794166735e-15 0.0000000000e+00 2.5794166735e-15 5.7067209272e-01 0.0000000000e+00 0.0000000000e+00 0.0000000000e+00 1.0847692345e-02
10.18328297 5.8486180508e-01 2.6435138451e-15 0.0000000000e+00 2.6435138451e-15 5.8486180508e-01 0.0000000000e+00 0.0000000000e+00 0.0000000000e+00 1.1107053979e-02
10.42010351 5.9909501960e-01 2.7079439383e-15 0.0000000000e+00 2.7079439383e-15 5.9909501960e-01 0.0000000000e+00 0.0000000000e+00 0.0000000000e+00 1.1366492244e-02
10.65692404 6.1337286511e-01 2.7725111167e-15 0.0000000000e+00 2.7725111167e-15 6.1337286511e-01 0.0000000000e+00 0.0000000000e+00 0.0000000000e+00 1.1626008944e-02
10.89374458 6.2769647886e-01 2.8370782951e-15 0.0000000000e+00 2.8370782951e-15 6.2769647886e-01 0.0000000000e+00 0.0000000000e+00 0.0000000000e+00 1.1885605880e-02
11.13056511 6.4206700679e-01 2.9021546475e-15 0.0000000000e+00 2.9021546475e-15 6.4206700679e-01 0.0000000000e+00 0.0000000000e+00 0.0000000000e+00 1.2145284858e-02
11.36738565 6.5648560374e-01 2.9671918327e-15 0.0000000000e+00 2.9671918327e-15 6.5648560374e-01 0.0000000000e+00 0.0000000000e+00 0.0000000000e+00 1.2405047683e-02
11.60420618 6.7095343374e-01 3.0326990247e-15 0.0000000000e+00 3.0326990247e-15 6.7095343374e-01 0.0000000000e+00 0.0000000000e+00 0.0000000000e+00 1.2664896162e-02
11.84102671 6.8547167020e-01 3.0982258002e-15 0.0000000000e+00 3.0982258002e-15 6.8547167020e-01 0.0000000000e+00 0.0000000000e+00 0.0000000000e+00 1.2924832105e-02
12.07784725 7.0004149618e-01 3.1642225825e-15 0.0000000000e+00 3.1642225825e-15 7.0004149618e-01 0.0000000000e+00 0.0000000000e+00 0.0000000000e+00 1.3184857322e-02
12.31466778 7.1466410464e-01 3.2301997812e-15 0.0000000000e+00 3.2301997812e-15 7.1466410464e-01 0.0000000000e+00 0.0000000000e+00 0.0000000000e+00 1.3444973624e-02
12.55148832 7.2934069870e-01 3.2966665703e-15 0.0000000000e+00 3.2966665703e-15 7.2934069870e-01 0.0000000000e+00 0.0000000000e+00 0.0000000000e+00 1.3705182825e-02
12.78830885 7.4407249191e-01 3.3632704447e-15 0.0000000000e+00 3.3632704447e-15 7.4407249191e-01 0.0000000000e+00 0.0000000000e+00 0.0000000000e+00 1.3965486741e-02
13.02512939 7.5886070847e-01 3.4300505716e-15 0.0000000000e+00 3.4300505716e-15 7.5886070847e-01 0.0000000000e+00 0.0000000000e+00 0.0000000000e+00 1.4225887186e-02
13.26194992 7.7370658354e-01 3.4971636200e-15 0.0000000000e+00 3.4971636200e-15 7.7370658354e-01 0.0000000000e+00 0.0000000000e+00 0.0000000000e+00 1.4486385981e-02
13.49877045 7.8861136350e-01 3.5645312554e-15 0.0000000000e+00 3.5645312554e-15 7.8861136350e-01 0.0000000000e+00 0.0000000000e+00 0.0000000000e+00 1.4746984945e-02
13.73559099 8.0357630620e-01 3.6322513958e-15 0.0000000000e+00 3.6322513958e-15 8.0357630620e-01 0.0000000000e+00 0.0000000000e+00 0.0000000000e+00 1.5007685900e-02
13.97241152 8.1860268127e-01 3.7001282051e-15 0.0000000000e+00 3.7001282051e-15 8.1860268127e-01 0.0000000000e+00 0.0000000000e+00 0.0000000000e+00 1.5268490669e-02
14.20923206 8.3369177038e-01 3.7683183523e-15 0.0000000000e+00 3.7683183523e-15 8.3369177038e-01 0.0000000000e+00 0.0000000000e+00 0.0000000000e+00 1.5529401078e-02
14.44605259 8.4884486757e-01 3.8366260012e-15 0.0000000000e+00 3.8366260012e-15 8.4884486757e-01 0.0000000000e+00 0.0000000000e+00 0.0000000000e+00 1.5790418954e-02
14.68287313 8.6406327946e-01 3.9054428241e-15 0.0000000000e+00 3.9054428241e-15 8.6406327946e-01 0.0000000000e+00 0.0000000000e+00 0.0000000000e+00 1.6051546126e-02
14.91969366 8.7934832564e-01 3.9745729848e-15 0.0000000000e+00 3.9745729848e-15 8.7934832564e-01 0.0000000000e+00 0.0000000000e+00 0.0000000000e+00 1.6312784424e-02
15.15651419 8.9470133892e-01 4.0440164833e-15 0.0000000000e+00 4.0440164833e-15 8.9470133892e-01 0.0000000000e+00 0.0000000000e+00 0.0000000000e+00 1.6574135683e-02
15.39333473 9.1012366563e-01 4.1137341525e-15 0.0000000000e+00 4.1137341525e-15 9.1012366563e-01 0.0000000000e+00 0.0000000000e+00 0.0000000000e+00 1.6835601736e-02
15.63015526 9.2561666596e-01 4.1838043267e-15 0.0000000000e+00 4.1838043267e-15 9.2561666596e-01 0.0000000000e+00 0.0000000000e+00 0.0000000000e+00 1.7097184421e-02
15.86697580 9.4118171429e-01 4.2540311699e-15 0.0000000000e+00 4.2540311699e-15 9.4118171429e-01 0.0000000000e+00 0.0000000000e+00 0.0000000000e+00 1.7358885575e-02
16.10379633 9.5682019944e-01 4.3248846887e-15 0.0000000000e+00 4.3248846887e-15 9.5682019944e-01 0.0000000000e+00 0.0000000000e+00 0.0000000000e+00 1.7620707042e-02
16.34061687 9.7253352509e-01 4.3958557092e-15 0.0000000000e+00 4.3958557092e-15 9.7253352509e-01 0.0000000000e+00 0.0000000000e+00 0.0000000000e+00 1.7882650662e-02
16.57743740 9.8832311005e-01 4.4671792348e-15 0.0000000000e+00 4.4671792348e-15 9.8832311005e-01 0.0000000000e+00 0.0000000000e+00 0.0000000000e+00 1.8144718281e-02
16.81425793 1.0041903886e+00 4.5388160982e-15 0.0000000000e+00 4.5388160982e-15 1.0041903886e+00 0.0000000000e+00 0.0000000000e+00 0.0000000000e+00 1.8406911748e-02
17.05107847 1.0201368110e+00 4.6110796373e-15 0.0000000000e+00 4.6110796373e-15 1.0201368110e+00 0.0000000000e+00 0.0000000000e+00 0.0000000000e+00 1.8669232910e-02
17.28789900 1.0361638435e+00 4.6833431764e-15 0.0000000000e+00 4.6833431764e-15 1.0361638435e+00 0.0000000000e+00 0.0000000000e+00 0.0000000000e+00 1.8931683620e-02
17.52471954 1.0522729689e+00 4.7561942239e-15 0.0000000000e+00 4.7561942239e-15 1.0522729689e+00 0.0000000000e+00 0.0000000000e+00 0.0000000000e+00 1.9194265732e-02
17.76154007 1.0684656872e+00 4.8294369438e-15 0.0000000000e+00 4.8294369438e-15 1.0684656872e+00 0.0000000000e+00 0.0000000000e+00 0.0000000000e+00 1.9456981101e-02
17.99836061 1.0847435153e+00 4.9029146670e-15 0.0000000000e+00 4.9029146670e-15 1.0847435153e+00 0.0000000000e+00 0.0000000000e+00 0.0000000000e+00 1.9719831588e-02
18.23518114 1.1011079882e+00 4.9770582331e-15 0.0000000000e+00 4.9770582331e-15 1.1011079882e+00 0.0000000000e+00 0.0000000000e+00 0.0000000000e+00 1.9982819051e-02
18.47200167 1.1175606584e+00 5.0512017993e-15 0.0000000000e+00 5.0512017993e-15 1.1175606584e+00 0.0000000000e+00 0.0000000000e+00 0.0000000000e+00 2.0245945356e-02
18.70882221 1.1341030974e+00 5.1262462117e-15 0.0000000000e+00 5.1262462117e-15 1.1341030974e+00 0.0000000000e+00 0.0000000000e+00 0.0000000000e+00 2.0509212367e-02
18.94564274 1.1507368952e+00 5.2013297913e-15 0.0000000000e+00 5.2013297913e-15 1.1507368952e+00 0.0000000000e+00 0.0000000000e+00 0.0000000000e+00 2.0772621952e-02
19.18246328 1.1674636611e+00 5.2770792139e-15 0.0000000000e+00 5.2770792139e-15 1.1674636611e+00 0.0000000000e+00 0.0000000000e+00 0.0000000000e+00 2.1036175983e-02
19.41928381 1.1842850242e+00 5.3527503020e-15 0.0000000000e+00 5.3527503020e-15 1.1842850242e+00 0.0000000000e+00 0.0000000000e+00 0.0000000000e+00 2.1299876333e-02
19.65610435 1.2012026337e+00 5.4297139086e-15 0.0000000000e+00 5.4297139086e-15 1.2012026337e+00 0.0000000000e+00 0.0000000000e+00 0.0000000000e+00 2.1563724876e-02
19.89292488 1.2182181590e+00 5.5063250103e-15 0.0000000000e+00 5.5063250103e-15 1.2182181590e+00 0.0000000000e+00 0.0000000000e+00 0.0000000000e+00 2.1827723493e-02
20.12974541 1.2353332910e+00 5.5839152926e-15 0.0000000000e+00 5.5839152926e-15 1.2353332910e+00 0.0000000000e+00 0.0000000000e+00 0.0000000000e+00 2.2091874063e-02
20.36656595 1.2525497415e+00 5.6615055750e-15 0.0000000000e+00 5.6615055750e-15 1.2525497415e+00 0.0000000000e+00 0.0000000000e+00 0.0000000000e+00 2.2356178470e-02
20.60338648 1.2698692445e+00 5.7400358708e-15 0.0000000000e+00 5.7400358708e-15 1.2698692445e+00 0.0000000000e+00 0.0000000000e+00 0.0000000000e+00 2.2620638600e-02
20.84020702 1.2872935563e+00 5.8188795046e-15 0.0000000000e+00 5.8188795046e-15 1.2872935563e+00 0.0000000000e+00 0.0000000000e+00 0.0000000000e+00 2.2885256344e-02
21.07702755 1.3048244559e+00 5.8980364761e-15 0.0000000000e+00 5.8980364761e-15 1.3048244559e+00 0.0000000000e+00 0.0000000000e+00 0.0000000000e+00 2.3150033591e-02
21.31384809 1.3224637457e+00 5.9774676183e-15 0.0000000000e+00 5.9774676183e-15 1.3224637457e+00 0.0000000000e+00 0.0000000000e+00 0.0000000000e+00 2.3414972237e-02
21.55066862 1.3402132519e+00 6.0578779412e-15 0.0000000000e+00 6.0578779412e-15 1.3402132519e+00 0.0000000000e+00 0.0000000000e+00 0.0000000000e+00 2.3680074180e-02
21.78748915 1.3580748250e+00 6.1386016019e-15 0.0000000000e+00 6.1386016019e-15 1.3580748250e+00 0.0000000000e+00 0.0000000000e+00 0.0000000000e+00 2.3945341320e-02
22.02430969 1.3760503403e+00 6.2199519384e-15 0.0000000000e+00 6.2199519384e-15 1.3760503403e+00 0.0000000000e+00 0.0000000000e+00 0.0000000000e+00 2.4210775559e-02
22.26113022 1.3941416985e+00 6.3016156126e-15 0.0000000000e+00 6.3016156126e-15 1.3941416985e+00 0.0000000000e+00 0.0000000000e+00 0.0000000000e+00 2.4476378804e-02
22.49795076 1.4123508263e+00 6.3839059626e-15 0.0000000000e+00 6.3839059626e-15 1.4123508263e+00 0.0000000000e+00 0.0000000000e+00 0.0000000000e+00 2.4742152965e-02
22.73477129 1.4306796766e+00 6.4667838210e-15 0.0000000000e+00 6.4667838210e-15 1.4306796766e+00 0.0000000000e+00 0.0000000000e+00 0.0000000000e+00 2.5008099952e-02
22.97159183 1.4491302296e+00 6.5503275222e-15 0.0000000000e+00 6.5503275222e-15 1.4491302296e+00 0.0000000000e+00 0.0000000000e+00 0.0000000000e+00 2.5274221682e-02
23.20841236 1.4677044927e+00 6.6341845614e-15 0.0000000000e+00 6.6341845614e-15 1.4677044927e+00 0.0000000000e+00 0.0000000000e+00 0.0000000000e+00 2.5540520073e-02
23.44523289 1.4864045020e+00 6.7186682762e-15 0.0000000000e+00 6.7186682762e-15 1.4864045020e+00 0.0000000000e+00 0.0000000000e+00 0.0000000000e+00 2.5806997045e-02
23.68205343 1.5052323218e+00 6.8037786667e-15 0.0000000000e+00 6.8037786667e-15 1.5052323218e+00 0.0000000000e+00 0.0000000000e+00 0.0000000000e+00 2.6073654523e-02
23.91887396 1.5241900463e+00 6.8895157329e-15 0.0000000000e+00 6.8895157329e-15 1.5241900463e+00 0.0000000000e+00 0.0000000000e+00 0.0000000000e+00 2.6340494435e-02
24.15569450 1.5432797993e+00 6.9758403075e-15 0.0000000000e+00 6.9758403075e-15 1.5432797993e+00 0.0000000000e+00 0.0000000000e+00 0.0000000000e+00 2.6607518713e-02
24.39251503 1.5625037356e+00 7.0628698922e-15 0.0000000000e+00 7.0628698922e-15 1.5625037356e+00 0.0000000000e+00 0.0000000000e+00 0.0000000000e+00 2.6874729288e-02
24.62933557 1.5818640409e+00 7.1504478182e-15 0.0000000000e+00 7.1504478182e-15 1.5818640409e+00 0.0000000000e+00 0.0000000000e+00 0.0000000000e+00 2.7142128101e-02
24.86615610 1.6013629333e+00 7.2383782492e-15 0.0000000000e+00 7.2383782492e-15 1.6013629333e+00 0.0000000000e+00 0.0000000000e+00 0.0000000000e+00 2.7409717090e-02
25.10297663 1.6210026632e+00 7.3269353560e-15 0.0000000000e+00 7.3269353560e-15 1.6210026632e+00 0.0000000000e+00 0.0000000000e+00 0.0000000000e+00 2.7677498200e-02
25.33979717 1.6407855146e+00 7.4164324762e-15 0.0000000000e+00 7.4164324762e-15 1.6407855146e+00 0.0000000000e+00 0.0000000000e+00 0.0000000000e+00 2.7945473378e-02
25.57661770 1.6607138054e+00 7.5065562721e-15 0.0000000000e+00 7.5065562721e-15 1.6607138054e+00 0.0000000000e+00 0.0000000000e+00 0.0000000000e+00 2.8213644576e-02
25.81343824 1.6807898884e+00 7.5973067437e-15 0.0000000000e+00 7.5973067437e-15 1.6807898884e+00 0.0000000000e+00 0.0000000000e+00 0.0000000000e+00 2.8482013748e-02
26.05025877 1.7010161517e+00 7.6889972288e-15 0.0000000000e+00 7.6889972288e-15 1.7010161517e+00 0.0000000000e+00 0.0000000000e+00 0.0000000000e+00 2.8750582851e-02
26.28707931 1.7213950201e+00 7.7812752224e-15 0.0000000000e+00 7.7812752224e-15 1.7213950201e+00 0.0000000000e+00 0.0000000000e+00 0.0000000000e+00 2.9019353847e-02
26.52389984 1.7419289551e+00 7.8736315504e-15 0.0000000000e+00 7.8736315504e-15 1.7419289551e+00 0.0000000000e+00 0.0000000000e+00 0.0000000000e+00 2.9288328701e-02
26.76072037 1.7626204564e+00 7.9674762331e-15 0.0000000000e+00 7.9674762331e-15 1.7626204564e+00 0.0000000000e+00 0.0000000000e+00 0.0000000000e+00 2.9557509382e-02
26.99754091 1.7834720620e+00 8.0616342537e-15 0.0000000000e+00 8.0616342537e-15 1.7834720620e+00 0.0000000000e+00 0.0000000000e+00 0.0000000000e+00 2.9826897861e-02
27.23436144 1.8044863498e+00 8.1564189500e-15 0.0000000000e+00 8.1564189500e-15 1.8044863498e+00 0.0000000000e+00 0.0000000000e+00 0.0000000000e+00 3.0096496115e-02
27.47118198 1.8256659378e+00 8.2525353321e-15 0.0000000000e+00 8.2525353321e-15 1.8256659378e+00 0.0000000000e+00 0.0000000000e+00 0.0000000000e+00 3.0366306123e-02
27.70800251 1.8470134856e+00 8.3489650520e-15 0.0000000000e+00 8.3489650520e-15 1.8470134856e+00 0.0000000000e+00 0.0000000000e+00 0.0000000000e+00 3.0636329869e-02
27.94482305 1.8685316945e+00 8.4462564510e-15 0.0000000000e+00 8.4462564510e-15 1.8685316945e+00 0.0000000000e+00 0.0000000000e+00 0.0000000000e+00 3.0906569340e-02
28.18164358 1.8902233092e+00 8.5441745256e-15 0.0000000000e+00 8.5441745256e-15 1.8902233092e+00 0.0000000000e+00 0.0000000000e+00 0.0000000000e+00 3.1177026527e-02
28.41846411 1.9120911182e+00 8.6431109483e-15 0.0000000000e+00 8.6431109483e-15 1.9120911182e+00 0.0000000000e+00 0.0000000000e+00 0.0000000000e+00 3.1447703425e-02
28.65528465 1.9341379552e+00 8.7425957121e-15 0.0000000000e+00 8.7425957121e-15 1.9341379552e+00 0.0000000000e+00 0.0000000000e+00 0.0000000000e+00 3.1718602032e-02
28.89210518 1.9563666996e+00 8.8430988240e-15 0.0000000000e+00 8.8430988240e-15 1.9563666996e+00 0.0000000000e+00 0.0000000000e+00 0.0000000000e+00 3.1989724352e-02
29.12892572 1.9787802779e+00 8.9444636148e-15 0.0000000000e+00 8.9444636148e-15 1.9787802779e+00 0.0000000000e+00 0.0000000000e+00 0.0000000000e+00 3.2261072391e-02
29.36574625 2.0013816644e+00 9.0468467537e-15 0.0000000000e+00 9.0468467537e-15 2.0013816644e+00 0.0000000000e+00 0.0000000000e+00 0.0000000000e+00 3.2532648161e-02
29.60256679 2.0241738827e+00 9.1497782338e-15 0.0000000000e+00 9.1497782338e-15 2.0241738827e+00 0.0000000000e+00 0.0000000000e+00 0.0000000000e+00 3.2804453675e-02
29.83938732 2.0471600063e+00 9.2540413997e-15 0.0000000000e+00 9.2540413997e-15 2.0471600063e+00 0.0000000000e+00 0.0000000000e+00 0.0000000000e+00 3.3076490953e-02
30.07620785 2.0703431600e+00 9.3589312412e-15 0.0000000000e+00 9.3589312412e-15 2.0703431600e+00 0.0000000000e+00 0.0000000000e+00 0.0000000000e+00 3.3348762017e-02
30.31302839 2.0937265209e+00 9.4636644139e-15 0.0000000000e+00 9.4636644139e-15 2.0937265209e+00 0.0000000000e+00 0.0000000000e+00 0.0000000000e+00 3.3621268896e-02
30.54984892 2.1173133197e+00 9.5704342825e-15 0.0000000000e+00 9.5704342825e-15 2.1173133197e+00 0.0000000000e+00 0.0000000000e+00 0.0000000000e+00 3.3894013621e-02
30.78666946 2.1411068418e+00 9.6778308268e-15 0.0000000000e+00 9.6778308268e-15 2.1411068418e+00 0.0000000000e+00 0.0000000000e+00 0.0000000000e+00 3.4166998227e-02
31.02348999 2.1651104284e+00 9.7870290636e-15 0.0000000000e+00 9.7870290636e-15 2.1651104284e+00 0.0000000000e+00 0.0000000000e+00 0.0000000000e+00 3.4440224755e-02
31.26031053 2.1893274781e+00 9.8963056350e-15 0.0000000000e+00 9.8963056350e-15 2.1893274781e+00 0.0000000000e+00 0.0000000000e+00 0.0000000000e+00 3.4713695248e-02
31.49713106 2.2137614477e+00 1.0006757223e-14 0.0000000000e+00 1.0006757223e-14 2.2137614477e+00 0.0000000000e+00 0.0000000000e+00 0.0000000000e+00 3.4987411756e-02
31.73395159 2.2384158539e+00 1.0118462163e-14 0.0000000000e+00 1.0118462163e-14 2.2384158539e+00 0.0000000000e+00 0.0000000000e+00 0.0000000000e+00 3.5261376332e-02
31.97077213 2.2632942746e+00 1.0230245437e-14 0.0000000000e+00 1.0230245437e-14 2.2632942746e+00 0.0000000000e+00 0.0000000000e+00 0.0000000000e+00 3.5535591033e-02
32.20759266 2.2884003500e+00 1.0343830403e-14 0.0000000000e+00 1.0343830403e-14 2.2884003500e+00 0.0000000000e+00 0.0000000000e+00 0.0000000000e+00 3.5810057922e-02
32.44441320 2.3137377844e+00 1.0458747056e-14 0.0000000000e+00 1.0458747056e-14 2.3137377844e+00 0.0000000000e+00 0.0000000000e+00 0.0000000000e+00 3.6084779065e-02
32.68123373 2.3393103473e+00 1.0574212049e-14 0.0000000000e+00 1.0574212049e-14 2.3393103473e+00 0.0000000000e+00 0.0000000000e+00 0.0000000000e+00 3.6359756533e-02
32.91805427 2.3651218753e+00 1.0691008729e-14 0.0000000000e+00 1.0691008729e-14 2.3651218753e+00 0.0000000000e+00 0.0000000000e+00 0.0000000000e+00 3.6634992402e-02
33.15487480 2.3911762731e+00 1.0809058760e-14 0.0000000000e+00 1.0809058760e-14 2.3911762731e+00 0.0000000000e+00 0.0000000000e+00 0.0000000000e+00 3.6910488754e-02
33.39169533 2.4174775155e+00 1.0928205473e-14 0.0000000000e+00 1.0928205473e-14 2.4174775155e+00 0.0000000000e+00 0.0000000000e+00 0.0000000000e+00 3.7186247672e-02
33.62851587 2.4440296488e+00 1.1048135531e-14 0.0000000000e+00 1.1048135531e-14 2.4440296488e+00 0.0000000000e+00 0.0000000000e+00 0.0000000000e+00 3.7462271246e-02
33.86533640 2.4708367926e+00 1.1169240606e-14 0.0000000000e+00 1.1169240606e-14 2.4708367926e+00 0.0000000000e+00 0.0000000000e+00 0.0000000000e+00 3.7738561573e-02
34.10215694 2.4979031413e+00 1.1291677366e-14 0.0000000000e+00 1.1291677366e-14 2.4979031413e+00 0.0000000000e+00 0.0000000000e+00 0.0000000000e+00 3.8015120750e-02
34.33897747 2.5252329659e+00 1.1415289144e-14 0.0000000000e+00 1.1415289144e-14 2.5252329659e+00 0.0000000000e+00 0.0000000000e+00 0.0000000000e+00 3.8291950883e-02
34.57579801 2.5528306160e+00 1.1539527597e-14 0.0000000000e+00 1.1539527597e-14 2.5528306160e+00 0.0000000000e+00 0.0000000000e+00 0.0000000000e+00 3.8569054081e-02
34.81261854 2.5807005213e+00 1.1665724411e-14 0.0000000000e+00 1.1665724411e-14 2.5807005213e+00 0.0000000000e+00 0.0000000000e+00 0.0000000000e+00 3.8846432458e-02
35.04943907 2.6088471936e+00 1.1792547902e-14 0.0000000000e+00 1.1792547902e-14 2.6088471936e+00 0.0000000000e+00 0.0000000000e+00 0.0000000000e+00 3.9124088132e-02
35.28625961 2.6372752289e+00 1.1921799760e-14 0.0000000000e+00 1.1921799760e-14 2.6372752289e+00 0.0000000000e+00 0.0000000000e+00 0.0000000000e+00 3.9402023230e-02
35.52308014 2.6659893091e+00 1.2051129953e-14 0.0000000000e+00 1.2051129953e-14 2.6659893091e+00 0.0000000000e+00 0.0000000000e+00 0.0000000000e+00 3.9680239879e-02
35.75990068 2.6949942042e+00 1.2182261839e-14 0.0000000000e+00 1.2182261839e-14 2.6949942042e+00 0.0000000000e+00 0.0000000000e+00 0.0000000000e+00 3.9958740214e-02
35.99672121 2.7242947743e+00 1.2314725410e-14 0.0000000000e+00 1.2314725410e-14 2.7242947743e+00 0.0000000000e+00 0.0000000000e+00 0.0000000000e+00 4.0237526375e-02
36.23354175 2.7538959721e+00 1.2448363998e-14 0.0000000000e+00 1.2448363998e-14 2.7538959721e+00 0.0000000000e+00 0.0000000000e+00 0.0000000000e+00 4.0516600506e-02
36.47036228 2.7838028443e+00 1.2583882614e-14 0.0000000000e+00 1.2583882614e-14 2.7838028443e+00 0.0000000000e+00 0.0000000000e+00 0.0000000000e+00 4.0795964758e-02
36.70718281 2.8140205348e+00 1.2720106239e-14 0.0000000000e+00 1.2720106239e-14 2.8140205348e+00 0.0000000000e+00 0.0000000000e+00 0.0000000000e+00 4.1075621286e-02
36.94400335 2.8445542865e+00 1.2858758233e-14 0.0000000000e+00 1.2858758233e-14 2.8445542865e+00 0.0000000000e+00 0.0000000000e+00 0.0000000000e+00 4.1355572250e-02
37.18082388 2.8754094436e+00 1.2998115237e-14 0.0000000000e+00 1.2998115237e-14 2.8754094436e+00 0.0000000000e+00 0.0000000000e+00 0.0000000000e+00 4.1635819817e-02
37.41764442 2.9065914545e+00 1.3138647257e-14 0.0000000000e+00 1.3138647257e-14 2.9065914545e+00 0.0000000000e+00 0.0000000000e+00 0.0000000000e+00 4.1916366157e-02
37.65446495 2.9381058738e+00 1.3281764315e-14 0.0000000000e+00 1.3281764315e-14 2.9381058738e+00 0.0000000000e+00 0.0000000000e+00 0.0000000000e+00 4.2197213448e-02
37.89128548 2.9699583654e+00 1.3425508049e-14 0.0000000000e+00 1.3425508049e-14 2.9699583654e+00 0.0000000000e+00 0.0000000000e+00 0.0000000000e+00 4.2478363872e-02
38.12810602 3.0021547048e+00 1.3571053475e-14 0.0000000000e+00 1.3571053475e-14 3.0021547048e+00 0.0000000000e+00 0.0000000000e+00 0.0000000000e+00 4.2759819617e-02
38.36492655 3.0347007821e+00 1.3717852253e-14 0.0000000000e+00 1.3717852253e-14 3.0347007821e+00 0.0000000000e+00 0.0000000000e+00 0.0000000000e+00 4.3041582877e-02
38.60174709 3.0676026045e+00 1.3866609392e-14 0.0000000000e+00 1.3866609392e-14 3.0676026045e+00 0.0000000000e+00 0.0000000000e+00 0.0000000000e+00 4.3323655850e-02
38.83856762 3.1008662995e+00 1.4017794899e-14 0.0000000000e+00 1.4017794899e-14 3.1008662995e+00 0.0000000000e+00 0.0000000000e+00 0.0000000000e+00 4.3606040742e-02
39.07538816 3.1344981179e+00 1.4169058741e-14 0.0000000000e+00 1.4169058741e-14 3.1344981179e+00 0.0000000000e+00 0.0000000000e+00 0.0000000000e+00 4.3888739763e-02
39.31220869 3.1685044366e+00 1.4322750951e-14 0.0000000000e+00 1.4322750951e-14 3.1685044366e+00 0.0000000000e+00 0.0000000000e+00 0.0000000000e+00 4.4171755128e-02
39.54902922 3.2028917619e+00 1.4478323188e-14 0.0000000000e+00 1.4478323188e-14 3.2028917619e+00 0.0000000000e+00 0.0000000000e+00 0.0000000000e+00 4.4455089062e-02
39.78584976 3.2376667329e+00 1.4635853786e-14 0.0000000000e+00 1.4635853786e-14 3.2376667329e+00 0.0000000000e+00 0.0000000000e+00 0.0000000000e+00 4.4738743790e-02
40.02267029 3.2728361246e+00 1.4795264412e-14 0.0000000000e+00 1.4795264412e-14 3.2728361246e+00 0.0000000000e+00 0.0000000000e+00 0.0000000000e+00 4.5022721548e-02
40.25949083 3.3084068514e+00 1.4955301713e-14 0.0000000000e+00 1.4955301713e-14 3.3084068514e+00 0.0000000000e+00 0.0000000000e+00 0.0000000000e+00 4.5307024575e-02
40.49631136 3.3443859708e+00 1.5118394058e-14 0.0000000000e+00 1.5118394058e-14 3.3443859708e+00 0.0000000000e+00 0.0000000000e+00 0.0000000000e+00 4.5591655116e-02
40.73313190 3.3807806868e+00 1.5282739755e-14 0.0000000000e+00 1.5282739755e-14 3.3807806868e+00 0.0000000000e+00 0.0000000000e+00 0.0000000000e+00 4.5876615424e-02
40.96995243 3.4175983540e+00 1.5449043813e-14 0.0000000000e+00 1.5449043813e-14 3.4175983540e+00 0.0000000000e+00 0.0000000000e+00 0.0000000000e+00 4.6161907758e-02
41.20677296 3.4548464810e+00 1.5617776239e-14 0.0000000000e+00 1.5617776239e-14 3.4548464810e+00 0.0000000000e+00 0.0000000000e+00 0.0000000000e+00 4.6447534379e-02
41.44359350 3.4925327348e+00 1.5787840351e-14 0.0000000000e+00 1.5787840351e-14 3.4925327348e+00 0.0000000000e+00 0.0000000000e+00 0.0000000000e+00 4.6733497560e-02
41.68041403 3.5306649446e+00 1.5960411166e-14 0.0000000000e+00 1.5960411166e-14 3.5306649446e+00 0.0000000000e+00 0.0000000000e+00 0.0000000000e+00 4.7019799577e-02
41.91723457 3.5692511063e+00 1.6134783673e-14 0.0000000000e+00 1.6134783673e-14 3.5692511063e+00 0.0000000000e+00 0.0000000000e+00 0.0000000000e+00 4.7306442712e-02
42.15405510 3.6082993865e+00 1.6311114542e-14 0.0000000000e+00 1.6311114542e-14 3.6082993865e+00 0.0000000000e+00 0.0000000000e+00 0.0000000000e+00 4.7593429254e-02
42.39087564 3.6478181274e+00 1.6490422120e-14 0.0000000000e+00 1.6490422120e-14 3.6478181274e+00 0.0000000000e+00 0.0000000000e+00 0.0000000000e+00 4.7880761500e-02
42.62769617 3.6878158511e+00 1.6671218053e-14 0.0000000000e+00 1.6671218053e-14 3.6878158511e+00 0.0000000000e+00 0.0000000000e+00 0.0000000000e+00 4.8168441750e-02
42.86451670 3.7283012644e+00 1.6854364020e-14 0.0000000000e+00 1.6854364020e-14 3.7283012644e+00 0.0000000000e+00 0.0000000000e+00 0.0000000000e+00 4.8456472314e-02
43.10133724 3.7692832638e+00 1.7039390014e-14 0.0000000000e+00 1.7039390014e-14 3.7692832638e+00 0.0000000000e+00 0.0000000000e+00 0.0000000000e+00 4.8744855506e-02
43.33815777 3.8107709406e+00 1.7227001045e-14 0.0000000000e+00 1.7227001045e-14 3.8107709406e+00 0.0000000000e+00 0.0000000000e+00 0.0000000000e+00 4.9033593648e-02
43.57497831 3.8527735858e+00 1.7417118779e-14 0.0000000000e+00 1.7417118779e-14 3.8527735858e+00 0.0000000000e+00 0.0000000000e+00 0.0000000000e+00 4.9322689067e-02
43.81179884 3.8953006960e+00 1.7609038205e-14 0.0000000000e+00 1.7609038205e-14 3.8953006960e+00 0.0000000000e+00 0.0000000000e+00 0.0000000000e+00 4.9612144099e-02
44.04861938 3.9383619785e+00 1.7804169344e-14 0.0000000000e+00 1.7804169344e-14 3.9383619785e+00 0.0000000000e+00 0.0000000000e+00 0.0000000000e+00 4.9901961085e-02
44.28543991 3.9819673570e+00 1.8001102176e-14 0.0000000000e+00 1.8001102176e-14 3.9819673570e+00 0.0000000000e+00 0.0000000000e+00 0.0000000000e+00 5.0192142374e-02
44.52226044 4.0261269780e+00 1.8200541710e-14 0.0000000000e+00 1.8200541710e-14 4.0261269780e+00 0.0000000000e+00 0.0000000000e+00 0.0000000000e+00 5.0482690319e-02
44.75908098 4.0708512162e+00 1.8402566282e-14 0.0000000000e+00 1.8402566282e-14 4.0708512162e+00 0.0000000000e+00 0.0000000000e+00 0.0000000000e+00 5.0773607284e-02
44.99590151 4.1161506813e+00 1.8607097556e-14 0.0000000000e+00 1.8607097556e-14 4.1161506813e+00 0.0000000000e+00 0.0000000000e+00 0.0000000000e+00 5.1064895638e-02
45.23272205 4.1620362244e+00 1.8815388885e-14 0.0000000000e+00 1.8815388885e-14 4.1620362244e+00 0.0000000000e+00 0.0000000000e+00 0.0000000000e+00 5.1356557755e-02
45.46954258 4.2085189444e+00 1.9026030247e-14 0.0000000000e+00 1.9026030247e-14 4.2085189444e+00 0.0000000000e+00 0.0000000000e+00 0.0000000000e+00 5.1648596019e-02
45.70636312 4.2556101950e+00 1.9238081630e-14 0.0000000000e+00 1.9238081630e-14 4.2556101950e+00 0.0000000000e+00 0.0000000000e+00 0.0000000000e+00 5.1941012819e-02
45.94318365 4.3033215921e+00 1.9453893066e-14 0.0000000000e+00 1.9453893066e-14 4.3033215921e+00 0.0000000000e+00 0.0000000000e+00 0.0000000000e+00 5.2233810553e-02
46.18000418 4.3516650210e+00 1.9673464557e-14 0.0000000000e+00 1.9673464557e-14 4.3516650210e+00 0.0000000000e+00 0.0000000000e+00 0.0000000000e+00 5.2526991625e-02
46.41682472 4.4006526438e+00 1.9894211064e-14 0.0000000000e+00 1.9894211064e-14 4.4006526438e+00 0.0000000000e+00 0.0000000000e+00 0.0000000000e+00 5.2820558447e-02
46.65364525 4.4502969074e+00 2.0118717626e-14 0.0000000000e+00 2.0118717626e-14 4.4502969074e+00 0.0000000000e+00 0.0000000000e+00 0.0000000000e+00 5.3114513436e-02
46.89046579 4.5006105517e+00 2.0345809225e-14 0.0000000000e+00 2.0345809225e-14 4.5006105517e+00 0.0000000000e+00 0.0000000000e+00 0.0000000000e+00 5.3408859020e-02
47.12728632 4.5516066180e+00 2.0576582543e-14 0.0000000000e+00 2.0576582543e-14 4.5516066180e+00 0.0000000000e+00 0.0000000000e+00 0.0000000000e+00 5.3703597631e-02
47.36410686 4.6032984572e+00 2.0809940898e-14 0.0000000000e+00 2.0809940898e-14 4.6032984572e+00 0.0000000000e+00 0.0000000000e+00 0.0000000000e+00 5.3998731710e-02
47.60092739 4.6556997395e+00 2.1046980974e-14 0.0000000000e+00 2.1046980974e-14 4.6556997395e+00 0.0000000000e+00 0.0000000000e+00 0.0000000000e+00 5.4294263706e-02
47.83774792 4.7088244628e+00 2.1287859437e-14 0.0000000000e+00 2.1287859437e-14 4.7088244628e+00 0.0000000000e+00 0.0000000000e+00 0.0000000000e+00 5.4590196074e-02
48.07456846 4.7626869631e+00 2.1531166269e-14 0.0000000000e+00 2.1531166269e-14 4.7626869631e+00 0.0000000000e+00 0.0000000000e+00 0.0000000000e+00 5.4886531278e-02
48.31138899 4.8173019237e+00 2.1777058138e-14 0.0000000000e+00 2.1777058138e-14 4.8173019237e+00 0.0000000000e+00 0.0000000000e+00 0.0000000000e+00 5.5183271789e-02
48.54820953 4.8726843858e+00 2.2029138430e-14 0.0000000000e+00 2.2029138430e-14 4.8726843858e+00 0.0000000000e+00 0.0000000000e+00 0.0000000000e+00 5.5480420087e-02
48.78503006 4.9288497588e+00 2.2282550407e-14 0.0000000000e+00 2.2282550407e-14 4.9288497588e+00 0.0000000000e+00 0.0000000000e+00 0.0000000000e+00 5.5777978657e-02
49.02185060 4.9858138317e+00 2.2539644104e-14 0.0000000000e+00 2.2539644104e-14 4.9858138317e+00 0.0000000000e+00 0.0000000000e+00 0.0000000000e+00 5.6075949993e-02
49.25867113 5.0435927837e+00 2.2800654523e-14 0.0000000000e+00 2.2800654523e-14 5.0435927837e+00 0.0000000000e+00 0.0000000000e+00 0.0000000000e+00 5.6374336599e-02
49.49549166 5.1022031967e+00 2.3065268328e-14 0.0000000000e+00 2.3065268328e-14 5.1022031967e+00 0.0000000000e+00 0.0000000000e+00 0.0000000000e+00 5.6673140984e-02
49.73231220 5.1616620667e+00 2.3334895539e-14 0.0000000000e+00 2.3334895539e-14 5.1616620667e+00 0.0000000000e+00 0.0000000000e+00 0.0000000000e+00 5.6972365667e-02
49.96913273 5.2219868169e+00 2.3608361138e-14 0.0000000000e+00 2.3608361138e-14 5.2219868169e+00 0.0000000000e+00 0.0000000000e+00 0.0000000000e+00 5.7272013174e-02
50.20595327 5.2831953103e+00 2.3884255105e-14 0.0000000000e+00 2.3884255105e-14 5.2831953103e+00 0.0000000000e+00 0.0000000000e+00 0.0000000000e+00 5.7572086039e-02
50.44277380 5.3453058633e+00 2.4165240812e-14 0.0000000000e+00 2.4165240812e-14 5.3453058633e+00 0.0000000000e+00 0.0000000000e+00 0.0000000000e+00 5.7872586804e-02
50.67959434 5.4083372596e+00 2.4449908238e-14 0.0000000000e+00 2.4449908238e-14 5.4083372596e+00 0.0000000000e+00 0.0000000000e+00 0.0000000000e+00 5.8173518021e-02
50.91641487 5.4723087648e+00 2.4739745739e-14 0.0000000000e+00 2.4739745739e-14 5.4723087648e+00 0.0000000000e+00 0.0000000000e+00 0.0000000000e+00 5.8474882248e-02
51.15323540 5.5372401410e+00 2.5033186626e-14 0.0000000000e+00 2.5033186626e-14 5.5372401410e+00 0.0000000000e+00 0.0000000000e+00 0.0000000000e+00 5.8776682052e-02
51.39005594 5.6031516625e+00 2.5330387566e-14 0.0000000000e+00 2.5330387566e-14 5.6031516625e+00 0.0000000000e+00 0.0000000000e+00 0.0000000000e+00 5.9078920010e-02
51.62687647 5.6700641319e+00 2.5632758580e-14 0.0000000000e+00 2.5632758580e-14 5.6700641319e+00 0.0000000000e+00 0.0000000000e+00 0.0000000000e+00 5.9381598705e-02
51.86369701 5.7379988965e+00 2.5941239683e-14 0.0000000000e+00 2.5941239683e-14 5.7379988965e+00 0.0000000000e+00 0.0000000000e+00 0.0000000000e+00 5.9684720729e-02
52.10051754 5.8069778657e+00 2.6253480839e-14 0.0000000000e+00 2.6253480839e-14 5.8069778657e+00 0.0000000000e+00 0.0000000000e+00 0.0000000000e+00 5.9988288685e-02
52.33733808 5.8770235291e+00 2.6569482050e-14 0.0000000000e+00 2.6569482050e-14 5.8770235291e+00 0.0000000000e+00 0.0000000000e+00 0.0000000000e+00 6.0292305181e-02
52.57415861 5.9481589745e+00 2.6890496666e-14 0.0000000000e+00 2.6890496666e-14 5.9481589745e+00 0.0000000000e+00 0.0000000000e+00 0.0000000000e+00 6.0596772836e-02
52.81097914 6.0204079078e+00 2.7217934707e-14 0.0000000000e+00 2.7217934707e-14 6.0204079078e+00 0.0000000000e+00 0.0000000000e+00 0.0000000000e+00 6.0901694277e-02
53.04779968 6.0937946722e+00 2.7548976134e-14 0.0000000000e+00 2.7548976134e-14 6.0937946722e+00 0.0000000000e+00 0.0000000000e+00 0.0000000000e+00 6.1207072141e-02
53.28462021 6.1683442697e+00 2.7886284318e-14 0.0000000000e+00 2.7886284318e-14 6.1683442697e+00 0.0000000000e+00 0.0000000000e+00 0.0000000000e+00 6.1512909072e-02
53.52144075 6.2440823822e+00 2.8228605907e-14 0.0000000000e+00 2.8228605907e-14 6.2440823822e+00 0.0000000000e+00 0.0000000000e+00 0.0000000000e+00 6.1819207724e-02
53.75826128 6.3210353936e+00 2.8577350921e-14 0.0000000000e+00 2.8577350921e-14 6.3210353936e+00 0.0000000000e+00 0.0000000000e+00 0.0000000000e+00 6.2125970759e-02
53.99508182 6.3992304136e+00 2.8929699321e-14 0.0000000000e+00 2.8929699321e-14 6.3992304136e+00 0.0000000000e+00 0.0000000000e+00 0.0000000000e+00 6.2433200849e-02
54.23190235 6.4786953012e+00 2.9289724498e-14 0.0000000000e+00 2.9289724498e-14 6.4786953012e+00 0.0000000000e+00 0.0000000000e+00 0.0000000000e+00 6.2740900676e-02
54.46872288 6.5594586900e+00 2.9654606412e-14 0.0000000000e+00 2.9654606412e-14 6.5594586900e+00 0.0000000000e+00 0.0000000000e+00 0.0000000000e+00 6.3049072928e-02
54.70554342 6.6415500141e+00 3.0025755082e-14 0.0000000000e+00 3.0025755082e-14 6.6415500141e+00 0.0000000000e+00 0.0000000000e+00 0.0000000000e+00 6.3357720307e-02
54.94236395 6.7249995350e+00 3.0403170509e-14 0.0000000000e+00 3.0403170509e-14 6.7249995350e+00 0.0000000000e+00 0.0000000000e+00 0.0000000000e+00 6.3666845519e-02
55.17918449 6.8098383699e+00 3.0786852692e-14 0.0000000000e+00 3.0786852692e-14 6.8098383699e+00 0.0000000000e+00 0.0000000000e+00 0.0000000000e+00 6.3976451282e-02
55.41600502 6.8960985207e+00 3.1176958302e-14 0.0000000000e+00 3.1176958302e-14 6.8960985207e+00 0.0000000000e+00 0.0000000000e+00 0.0000000000e+00 6.4286540325e-02
55.65282556 6.9838129044e+00 3.1574427350e-14 0.0000000000e+00 3.1574427350e-14 6.9838129044e+00 0.0000000000e+00 0.0000000000e+00 0.0000000000e+00 6.4597115384e-02
55.88964609 7.0730153846e+00 3.1977066473e-14 0.0000000000e+00 3.1977066473e-14 7.0730153846e+00 0.0000000000e+00 0.0000000000e+00 0.0000000000e+00 6.4908179206e-02
56.12646662 7.1637408044e+00 3.2387069036e-14 0.0000000000e+00 3.2387069036e-14 7.1637408044e+00 0.0000000000e+00 0.0000000000e+00 0.0000000000e+00 6.5219734545e-02
56.36328716 7.2560250203e+00 3.2803495024e-14 0.0000000000e+00 3.2803495024e-14 7.2560250203e+00 0.0000000000e+00 0.0000000000e+00 0.0000000000e+00 6.5531784168e-02
56.60010769 7.3499049384e+00 3.3228537802e-14 0.0000000000e+00 3.3228537802e-14 7.3499049384e+00 0.0000000000e+00 0.0000000000e+00 0.0000000000e+00 6.5844330850e-02
56.83692823 7.4454185504e+00 3.3661100689e-14 0.0000000000e+00 3.3661100689e-14 7.4454185504e+00 0.0000000000e+00 0.0000000000e+00 0.0000000000e+00 6.6157377377e-02
57.07374876 7.5426049732e+00 3.4099930332e-14 0.0000000000e+00 3.4099930332e-14 7.5426049732e+00 0.0000000000e+00 0.0000000000e+00 0.0000000000e+00 6.6470926543e-02
57.31056930 7.6415044881e+00 3.4547533435e-14 0.0000000000e+00 3.4547533435e-14 7.6415044881e+00 0.0000000000e+00 0.0000000000e+00 0.0000000000e+00 6.6784981153e-02
57.54738983 7.7421585833e+00 3.5002813315e-14 0.0000000000e+00 3.5002813315e-14 7.7421585833e+00 0.0000000000e+00 0.0000000000e+00 0.0000000000e+00 6.7099544023e-02
57.78421036 7.8446099969e+00 3.5465456634e-14 0.0000000000e+00 3.5465456634e-14 7.8446099969e+00 0.0000000000e+00 0.0000000000e+00 0.0000000000e+00 6.7414617977e-02
58.02103090 7.9489027628e+00 3.5938283433e-14 0.0000000000e+00 3.5938283433e-14 7.9489027628e+00 0.0000000000e+00 0.0000000000e+00 0.0000000000e+00 6.7730205851e-02
58.25785143 8.0550822575e+00 3.6417220320e-14 0.0000000000e+00 3.6417220320e-14 8.0550822575e+00 0.0000000000e+00 0.0000000000e+00 0.0000000000e+00 6.8046310489e-02
58.49467197 8.1631952498e+00 3.6906184017e-14 0.0000000000e+00 3.6906184017e-14 8.1631952498e+00 0.0000000000e+00 0.0000000000e+00 0.0000000000e+00 6.8362934748e-02
58.73149250 8.2732899521e+00 3.7405174526e-14 0.0000000000e+00 3.7405174526e-14 8.2732899521e+00 0.0000000000e+00 0.0000000000e+00 0.0000000000e+00 6.8680081494e-02
58.96831304 8.3854160741e+00 3.7909335108e-14 0.0000000000e+00 3.7909335108e-14 8.3854160741e+00 0.0000000000e+00 0.0000000000e+00 0.0000000000e+00 6.8997753602e-02
59.20513357 8.4996248789e+00 3.8428379239e-14 0.0000000000e+00 3.8428379239e-14 8.4996248789e+00 0.0000000000e+00 0.0000000000e+00 0.0000000000e+00 6.9315953961e-02
59.44195410 8.6159692412e+00 3.8952593443e-14 0.0000000000e+00 3.8952593443e-14 8.6159692412e+00 0.0000000000e+00 0.0000000000e+00 0.0000000000e+00 6.9634685467e-02
59.67877464 8.7345037085e+00 3.9491691195e-14 0.0000000000e+00 3.9491691195e-14 8.7345037085e+00 0.0000000000e+00 0.0000000000e+00 0.0000000000e+00 6.9953951029e-02
59.91559517 8.8552845648e+00 4.0035802352e-14 0.0000000000e+00 4.0035802352e-14 8.8552845648e+00 0.0000000000e+00 0.0000000000e+00 0.0000000000e+00 7.0273753565e-02
60.15241571 8.9783698971e+00 4.0592447023e-14 0.0000000000e+00 4.0592447023e-14 8.9783698971e+00 0.0000000000e+00 0.0000000000e+00 0.0000000000e+00 7.0594096004e-02
60.38923624 9.1038196650e+00 4.1161781876e-14 0.0000000000e+00 4.1161781876e-14 9.1038196650e+00 0.0000000000e+00 0.0000000000e+00 0.0000000000e+00 7.0914981289e-02
60.62605678 9.2316957734e+00 4.1738480169e-14 0.0000000000e+00 4.1738480169e-14 9.2316957734e+00 0.0000000000e+00 0.0000000000e+00 0.0000000000e+00 7.1236412368e-02
60.86287731 9.3620621484e+00 4.2327711975e-14 0.0000000000e+00 4.2327711975e-14 9.3620621484e+00 0.0000000000e+00 0.0000000000e+00 0.0000000000e+00 7.1558392206e-02
61.09969784 9.4949848166e+00 4.2926970592e-14 0.0000000000e+00 4.2926970592e-14 9.4949848166e+00 0.0000000000e+00 0.0000000000e+00 0.0000000000e+00 7.1880923775e-02
61.33651838 9.6305319884e+00 4.3541426094e-14 0.0000000000e+00 4.3541426094e-14 9.6305319884e+00 0.0000000000e+00 0.0000000000e+00 0.0000000000e+00 7.2204010059e-02
61.57333891 9.7687741449e+00 4.4165751738e-14 0.0000000000e+00 4.4165751738e-14 9.7687741449e+00 0.0000000000e+00 0.0000000000e+00 0.0000000000e+00 7.2527654055e-02
61.81015945 9.9097841287e+00 4.4802767564e-14 0.0000000000e+00 4.4802767564e-14 9.9097841287e+00 0.0000000000e+00 0.0000000000e+00 0.0000000000e+00 7.2851858769e-02
62.04697998 1.0053637239e+01 4.5452160235e-14 0.0000000000e+00 4.5452160235e-14 1.0053637239e+01 0.0000000000e+00 0.0000000000e+00 0.0000000000e+00 7.3176627220e-02
62.28380052 1.0200411333e+01 4.6116593123e-14 0.0000000000e+00 4.6116593123e-14 1.0200411333e+01 0.0000000000e+00 0.0000000000e+00 0.0000000000e+00 7.3501962438e-02
62.52062105 1.0350186926e+01 4.6796066227e-14 0.0000000000e+00 4.6796066227e-14 1.0350186926e+01 0.0000000000e+00 0.0000000000e+00 0.0000000000e+00 7.3827867463e-02
62.75744158 1.0503047305e+01 4.7485722810e-14 0.0000000000e+00 4.7485722810e-14 1.0503047305e+01 0.0000000000e+00 0.0000000000e+00 0.0000000000e+00 7.4154345348e-02
62.99426212 1.0659078644e+01 4.8190262941e-14 0.0000000000e+00 4.8190262941e-14 1.0659078644e+01 0.0000000000e+00 0.0000000000e+00 0.0000000000e+00 7.4481399159e-02
63.23108265 1.0818370120e+01 4.8909999957e-14 0.0000000000e+00 4.8909999957e-14 1.0818370120e+01 0.0000000000e+00 0.0000000000e+00 0.0000000000e+00 7.4809031970e-02
63.46790319 1.0981014041e+01 4.9647127223e-14 0.0000000000e+00 4.9647127223e-14 1.0981014041e+01 0.0000000000e+00 0.0000000000e+00 0.0000000000e+00 7.5137246871e-02
63.70472372 1.1147105980e+01 5.0396788002e-14 0.0000000000e+00 5.0396788002e-14 1.1147105980e+01 0.0000000000e+00 0.0000000000e+00 0.0000000000e+00 7.5466046961e-02
63.94154426 1.1316744912e+01 5.1166502404e-14 0.0000000000e+00 5.1166502404e-14 1.1316744912e+01 0.0000000000e+00 0.0000000000e+00 0.0000000000e+00 7.5795435353e-02
64.17836479 1.1490033359e+01 5.1948906987e-14 0.0000000000e+00 5.1948906987e-14 1.1490033359e+01 0.0000000000e+00 0.0000000000e+00 0.0000000000e+00 7.6125415169e-02
64.41518532 1.1667077545e+01 5.2748858490e-14 0.0000000000e+00 5.2748858490e-14 1.1667077545e+01 0.0000000000e+00 0.0000000000e+00 0.0000000000e+00 7.6455989546e-02
64.65200586 1.1847987555e+01 5.3566200243e-14 0.0000000000e+00 5.3566200243e-14 1.1847987555e+01 0.0000000000e+00 0.0000000000e+00 0.0000000000e+00 7.6787161632e-02
64.88882639 1.2032877505e+01 5.4403595617e-14 0.0000000000e+00 5.4403595617e-14 1.2032877505e+01 0.0000000000e+00 0.0000000000e+00 0.0000000000e+00 7.7118934588e-02
65.12564693 1.2221865718e+01 5.5258537911e-14 0.0000000000e+00 5.5258537911e-14 1.2221865718e+01 0.0000000000e+00 0.0000000000e+00 0.0000000000e+00 7.7451311587e-02
65.36246746 1.2415074913e+01 5.6131183792e-14 0.0000000000e+00 5.6131183792e-14 1.2415074913e+01 0.0000000000e+00 0.0000000000e+00 0.0000000000e+00 7.7784295814e-02
65.59928800 1.2612632396e+01 5.7026233329e-14 0.0000000000e+00 5.7026233329e-14 1.2612632396e+01 0.0000000000e+00 0.0000000000e+00 0.0000000000e+00 7.8117890466e-02
65.83610853 1.2814670273e+01 5.7938986454e-14 0.0000000000e+00 5.7938986454e-14 1.2814670273e+01 0.0000000000e+00 0.0000000000e+00 0.0000000000e+00 7.8452098756e-02
66.07292906 1.3021325664e+01 5.8874143234e-14 0.0000000000e+00 5.8874143234e-14 1.3021325664e+01 0.0000000000e+00 0.0000000000e+00 0.0000000000e+00 7.8786923905e-02
66.30974960 1.3232740931e+01 5.9829353636e-14 0.0000000000e+00 5.9829353636e-14 1.3232740931e+01 0.0000000000e+00 0.0000000000e+00 0.0000000000e+00 7.9122369150e-02
66.54657013 1.3449063919e+01 6.0807124362e-14 0.0000000000e+00 6.0807124362e-14 1.3449063919e+01 0.0000000000e+00 0.0000000000e+00 0.0000000000e+00 7.9458437739e-02
66.78339067 1.3670448213e+01 6.1809962115e-14 0.0000000000e+00 6.1809962115e-14 1.3670448213e+01 0.0000000000e+00 0.0000000000e+00 0.0000000000e+00 7.9795132934e-02
67.02021120 1.3897053400e+01 6.2833010159e-14 0.0000000000e+00 6.2833010159e-14 1.3897053400e+01 0.0000000000e+00 0.0000000000e+00 0.0000000000e+00 8.0132458011e-02
67.25703174 1.4129045358e+01 6.3880968562e-14 0.0000000000e+00 6.3880968562e-14 1.4129045358e+01 0.0000000000e+00 0.0000000000e+00 0.0000000000e+00 8.0470416257e-02
67.49385227 1.4366596548e+01 6.4956657363e-14 0.0000000000e+00 6.4956657363e-14 1.4366596548e+01 0.0000000000e+00 0.0000000000e+00 0.0000000000e+00 8.0809010973e-02
67.73067280 1.4609886330e+01 6.6057256522e-14 0.0000000000e+00 6.6057256522e-14 1.4609886330e+01 0.0000000000e+00 0.0000000000e+00 0.0000000000e+00 8.1148245473e-02
67.96749334 1.4859101295e+01 6.7182922708e-14 0.0000000000e+00 6.7182922708e-14 1.4859101295e+01 0.0000000000e+00 0.0000000000e+00 0.0000000000e+00 8.1488123086e-02
68.20431387 1.5114435613e+01 6.8338825996e-14 0.0000000000e+00 6.8338825996e-14 1.5114435613e+01 0.0000000000e+00 0.0000000000e+00 0.0000000000e+00 8.1828647153e-02
68.44113441 1.5376091408e+01 6.9519639642e-14 0.0000000000e+00 6.9519639642e-14 1.5376091408e+01 0.0000000000e+00 0.0000000000e+00 0.0000000000e+00 8.2169821028e-02
68.67795494 1.5644279142e+01 7.0733040423e-14 0.0000000000e+00 7.0733040423e-14 1.5644279142e+01 0.0000000000e+00 0.0000000000e+00 0.0000000000e+00 8.2511648080e-02
68.91477548 1.5919218034e+01 7.1979185008e-14 0.0000000000e+00 7.1979185008e-14 1.5919218034e+01 0.0000000000e+00 0.0000000000e+00 0.0000000000e+00 8.2854131691e-02
69.15159601 1.6201136495e+01 7.3252746654e-14 0.0000000000e+00 7.3252746654e-14 1.6201136495e+01 0.0000000000e+00 0.0000000000e+00 0.0000000000e+00 8.3197275257e-02
69.38841654 1.6490272588e+01 7.4561558807e-14 0.0000000000e+00 7.4561558807e-14 1.6490272588e+01 0.0000000000e+00 0.0000000000e+00 0.0000000000e+00 8.3541082189e-02
69.62523708 1.6786874526e+01 7.5900294724e-14 0.0000000000e+00 7.5900294724e-14 1.6786874526e+01 0.0000000000e+00 0.0000000000e+00 0.0000000000e+00 8.3885555910e-02
69.86205761 1.7091201181e+01 7.7279137884e-14 0.0000000000e+00 7.7279137884e-14 1.7091201181e+01 0.0000000000e+00 0.0000000000e+00 0.0000000000e+00 8.4230699857e-02
70.09887815 1.7403522642e+01 7.8688218146e-14 0.0000000000e+00 7.8688218146e-14 1.7403522642e+01 0.0000000000e+00 0.0000000000e+00 0.0000000000e+00 8.4576517484e-02
70.33569868 1.7724120791e+01 8.0137248982e-14 0.0000000000e+00 8.0137248982e-14 1.7724120791e+01 0.0000000000e+00 0.0000000000e+00 0.0000000000e+00 8.4923012257e-02
70.57251922 1.8053289928e+01 8.1626543730e-14 0.0000000000e+00 8.1626543730e-14 1.8053289928e+01 0.0000000000e+00 0.0000000000e+00 0.0000000000e+00 8.5270187657e-02
70.80933975 1.8391337422e+01 8.3155632384e-14 0.0000000000e+00 8.3155632384e-14 1.8391337422e+01 0.0000000000e+00 0.0000000000e+00 0.0000000000e+00 8.5618047178e-02
71.04616028 1.8738584410e+01 8.4725141619e-14 0.0000000000e+00 8.4725141619e-14 1.8738584410e+01 0.0000000000e+00 0.0000000000e+00 0.0000000000e+00 8.5966594331e-02
71.28298082 1.9095366535e+01 8.6339614834e-14 0.0000000000e+00 8.6339614834e-14 1.9095366535e+01 0.0000000000e+00 0.0000000000e+00 0.0000000000e+00 8.6315832641e-02
71.51980135 1.9462034733e+01 8.7994351961e-14 0.0000000000e+00 8.7994351961e-14 1.9462034733e+01 0.0000000000e+00 0.0000000000e+00 0.0000000000e+00 8.6665765646e-02
71.75662189 1.9838956069e+01 8.9699066474e-14 0.0000000000e+00 8.9699066474e-14 1.9838956069e+01 0.0000000000e+00 0.0000000000e+00 0.0000000000e+00 8.7016396901e-02
71.99344242 2.0226514623e+01 9.1449058304e-14 0.0000000000e+00 9.1449058304e-14 2.0226514623e+01 0.0000000000e+00 0.0000000000e+00 0.0000000000e+00 8.7367729975e-02
72.23026296 2.0625112441e+01 9.3259054330e-14 0.0000000000e+00 9.3259054330e-14 2.0625112441e+01 0.0000000000e+00 0.0000000000e+00 0.0000000000e+00 8.7719768452e-02
72.46708349 2.1035170536e+01 9.5114327674e-14 0.0000000000e+00 9.5114327674e-14 2.1035170536e+01 0.0000000000e+00 0.0000000000e+00 0.0000000000e+00 8.8072515931e-02
72.70390402 2.1457129963e+01 9.7014564998e-14 0.0000000000e+00 9.7014564998e-14 2.1457129963e+01 0.0000000000e+00 0.0000000000e+00 0.0000000000e+00 8.8425976028e-02
72.94072456 2.1891452964e+01 9.8984989998e-14 0.0000000000e+00 9.8984989998e-14 2.1891452964e+01 0.0000000000e+00 0.0000000000e+00 0.0000000000e+00 8.8780152370e-02
73.17754509 2.2338624185e+01 1.0100554905e-13 0.0000000000e+00 1.0100554905e-13 2.2338624185e+01 0.0000000000e+00 0.0000000000e+00 0.0000000000e+00 8.9135048605e-02
73.41436563 2.2799151978e+01 1.0308642564e-13 0.0000000000e+00 1.0308642564e-13 2.2799151978e+01 0.0000000000e+00 0.0000000000e+00 0.0000000000e+00 8.9490668392e-02
73.65118616 2.3273569788e+01 1.0523231983e-13 0.0000000000e+00 1.0523231983e-13 2.3273569788e+01 0.0000000000e+00 0.0000000000e+00 0.0000000000e+00 8.9847015409e-02
73.88800670 2.3762437636e+01 1.0744354496e-13 0.0000000000e+00 1.0744354496e-13 2.3762437636e+01 0.0000000000e+00 0.0000000000e+00 0.0000000000e+00 9.0204093347e-02
74.12482723 2.4266343707e+01 1.0972480110e-13 0.0000000000e+00 1.0972480110e-13 2.4266343707e+01 0.0000000000e+00 0.0000000000e+00 0.0000000000e+00 9.0561905915e-02
74.36164776 2.4785906042e+01 1.1207138817e-13 0.0000000000e+00 1.1207138817e-13 2.4785906042e+01 0.0000000000e+00 0.0000000000e+00 0.0000000000e+00 9.0920456836e-02
74.59846830 2.5321774352e+01 1.1449301966e-13 0.0000000000e+00 1.1449301966e-13 2.5321774352e+01 0.0000000000e+00 0.0000000000e+00 0.0000000000e+00 9.1279749850e-02
74.83528883 2.5874631959e+01 1.1698985223e-13 0.0000000000e+00 1.1698985223e-13 2.5874631959e+01 0.0000000000e+00 0.0000000000e+00 0.0000000000e+00 9.1639788715e-02
75.07210937 2.6445197877e+01 1.1957708276e-13 0.0000000000e+00 1.1957708276e-13 2.6445197877e+01 0.0000000000e+00 0.0000000000e+00 0.0000000000e+00 9.2000577201e-02
75.30892990 2.7034229040e+01 1.2223935771e-13 0.0000000000e+00 1.2223935771e-13 2.7034229040e+01 0.0000000000e+00 0.0000000000e+00 0.0000000000e+00 9.2362119099e-02
75.54575044 2.7642522690e+01 1.2498701722e-13 0.0000000000e+00 1.2498701722e-13 2.7642522690e+01 0.0000000000e+00 0.0000000000e+00 0.0000000000e+00 9.2724418213e-02
75.78257097 2.8270918947e+01 1.2782977477e-13 0.0000000000e+00 1.2782977477e-13 2.8270918947e+01 0.0000000000e+00 0.0000000000e+00 0.0000000000e+00 9.3087478366e-02
76.01939150 2.8920303560e+01 1.3076293028e-13 0.0000000000e+00 1.3076293028e-13 2.8920303560e+01 0.0000000000e+00 0.0000000000e+00 0.0000000000e+00 9.3451303395e-02
76.25621204 2.9591610865e+01 1.3380121063e-13 0.0000000000e+00 1.3380121063e-13 2.9591610865e+01 0.0000000000e+00 0.0000000000e+00 0.0000000000e+00 9.3815897157e-02
76.49303257 3.0285826971e+01 1.3693975909e-13 0.0000000000e+00 1.3693975909e-13 3.0285826971e+01 0.0000000000e+00 0.0000000000e+00 0.0000000000e+00 9.4181263524e-02
76.72985311 3.1003993181e+01 1.4018875915e-13 0.0000000000e+00 1.4018875915e-13 3.1003993181e+01 0.0000000000e+00 0.0000000000e+00 0.0000000000e+00 9.4547406385e-02
76.96667364 3.1747209676e+01 1.4354789745e-13 0.0000000000e+00 1.4354789745e-13 3.1747209676e+01 0.0000000000e+00 0.0000000000e+00 0.0000000000e+00 9.4914329647e-02
77.20349418 3.2516639489e+01 1.4702751415e-13 0.0000000000e+00 1.4702751415e-13 3.2516639489e+01 0.0000000000e+00 0.0000000000e+00 0.0000000000e+00 9.5282037232e-02
77.44031471 3.3313512777e+01 1.5063732272e-13 0.0000000000e+00 1.5063732272e-13 3.3313512777e+01 0.0000000000e+00 0.0000000000e+00 0.0000000000e+00 9.5650533083e-02
77.67713524 3.4139131445e+01 1.5436745302e-13 0.0000000000e+00 1.5436745302e-13 3.4139131445e+01 0.0000000000e+00 0.0000000000e+00 0.0000000000e+00 9.6019821159e-02
77.91395578 3.4994874123e+01 1.5823795868e-13 0.0000000000e+00 1.5823795868e-13 3.4994874123e+01 0.0000000000e+00 0.0000000000e+00 0.0000000000e+00 9.6389905434e-02
78.15077631 3.5882201550e+01 1.6224899636e-13 0.0000000000e+00 1.6224899636e-13 3.5882201550e+01 0.0000000000e+00 0.0000000000e+00 0.0000000000e+00 9.6760789903e-02
78.38759685 3.6802662393e+01 1.6641043619e-13 0.0000000000e+00 1.6641043619e-13 3.6802662393e+01 0.0000000000e+00 0.0000000000e+00 0.0000000000e+00 9.7132478578e-02
78.62441738 3.7757899537e+01 1.7073214834e-13 0.0000000000e+00 1.7073214834e-13 3.7757899537e+01 0.0000000000e+00 0.0000000000e+00 0.0000000000e+00 9.7504975489e-02
78.86123792 3.8749656895e+01 1.7521428945e-13 0.0000000000e+00 1.7521428945e-13 3.8749656895e+01 0.0000000000e+00 0.0000000000e+00 0.0000000000e+00 9.7878284682e-02
79.09805845 3.9779786791e+01 1.7986688635e-13 0.0000000000e+00 1.7986688635e-13 3.9779786791e+01 0.0000000000e+00 0.0000000000e+00 0.0000000000e+00 9.8252410224e-02
79.33487898 4.0850257952e+01 1.8472017614e-13 0.0000000000e+00 1.8472017614e-13 4.0850257952e+01 0.0000000000e+00 0.0000000000e+00 0.0000000000e+00 9.8627356200e-02
79.57169952 4.1963164185e+01 1.8974376504e-13 0.0000000000e+00 1.8974376504e-13 4.1963164185e+01 0.0000000000e+00 0.0000000000e+00 0.0000000000e+00 9.9003126710e-02
79.80852005 4.3120733795e+01 1.9497807364e-13 0.0000000000e+00 1.9497807364e-13 4.3120733795e+01 0.0000000000e+00 0.0000000000e+00 0.0000000000e+00 9.9379725878e-02
80.04534059 4.4325339811e+01 2.0043281541e-13 0.0000000000e+00 2.0043281541e-13 4.4325339811e+01 0.0000000000e+00 0.0000000000e+00 0.0000000000e+00 9.9757157841e-02
80.28216112 4.5579511108e+01 2.0609827688e-13 0.0000000000e+00 2.0609827688e-13 4.5579511108e+01 0.0000000000e+00 0.0000000000e+00 0.0000000000e+00 1.0013542676e-01
80.51898166 4.6885944505e+01 2.1200422513e-13 0.0000000000e+00 2.1200422513e-13 4.6885944505e+01 0.0000000000e+00 0.0000000000e+00 0.0000000000e+00 1.0051453681e-01
80.75580219 4.8247517932e+01 2.1816100033e-13 0.0000000000e+00 2.1816100033e-13 4.8247517932e+01 0.0000000000e+00 0.0000000000e+00 0.0000000000e+00 1.0089449219e-01
80.99262272 4.9667304780e+01 2.2457831594e-13 0.0000000000e+00 2.2457831594e-13 4.9667304780e+01 0.0000000000e+00 0.0000000000e+00 0.0000000000e+00 1.0127529711e-01
81.22944326 5.1148589539e+01 2.3128656573e-13 0.0000000000e+00 2.3128656573e-13 5.1148589539e+01 0.0000000000e+00 0.0000000000e+00 0.0000000000e+00 1.0165695582e-01
81.46626379 5.2694884861e+01 2.3827540956e-13 0.0000000000e+00 2.3827540956e-13 5.2694884861e+01 0.0000000000e+00 0.0000000000e+00 0.0000000000e+00 1.0203947255e-01
81.70308433 5.4309950191e+01 2.4557508452e-13 0.0000000000e+00 2.4557508452e-13 5.4309950191e+01 0.0000000000e+00 0.0000000000e+00 0.0000000000e+00 1.0242285160e-01
81.93990486 5.5997812114e+01 2.5320580091e-13 0.0000000000e+00 2.5320580091e-13 5.5997812114e+01 0.0000000000e+00 0.0000000000e+00 0.0000000000e+00 1.0280709724e-01
82.17672540 5.7762786602e+01 2.6118745568e-13 0.0000000000e+00 2.6118745568e-13 5.7762786602e+01 0.0000000000e+00 0.0000000000e+00 0.0000000000e+00 1.0319221380e-01
82.41354593 5.9609503346e+01 2.6953978912e-13 0.0000000000e+00 2.6953978912e-13 5.9609503346e+01 0.0000000000e+00 0.0000000000e+00 0.0000000000e+00 1.0357820560e-01
82.65036646 6.1542932385e+01 2.7828348151e-13 0.0000000000e+00 2.7828348151e-13 6.1542932385e+01 0.0000000000e+00 0.0000000000e+00 0.0000000000e+00 1.0396507700e-01
82.88718700 6.3568413279e+01 2.8745817010e-13 0.0000000000e+00 2.8745817010e-13 6.3568413279e+01 0.0000000000e+00 0.0000000000e+00 0.0000000000e+00 1.0435283238e-01
83.12400753 6.5691687058e+01 2.9702406099e-13 0.0000000000e+00 2.9702406099e-13 6.5691687058e+01 0.0000000000e+00 0.0000000000e+00 0.0000000000e+00 1.0474147613e-01
83.36082807 6.7918931262e+01 3.0711118937e-13 0.0000000000e+00 3.0711118937e-13 6.7918931262e+01 0.0000000000e+00 0.0000000000e+00 0.0000000000e+00 1.0513101265e-01
83.59764860 7.0256798363e+01 3.1767976134e-13 0.0000000000e+00 3.1767976134e-13 7.0256798363e+01 0.0000000000e+00 0.0000000000e+00 0.0000000000e+00 1.0552144639e-01
83.83446914 7.2712457917e+01 3.2878962442e-13 0.0000000000e+00 3.2878962442e-13 7.2712457917e+01 0.0000000000e+00 0.0000000000e+00 0.0000000000e+00 1.0591278181e-01
84.07128967 7.5293642835e+01 3.4046114558e-13 0.0000000000e+00 3.4046114558e-13 7.5293642835e+01 0.0000000000e+00 0.0000000000e+00 0.0000000000e+00 1.0630502337e-01
84.30811020 7.8008700165e+01 3.5273411873e-13 0.0000000000e+00 3.5273411873e-13 7.8008700165e+01 0.0000000000e+00 0.0000000000e+00 0.0000000000e+00 1.0669817557e-01
84.54493074 8.0866646850e+01 3.6564896443e-13 0.0000000000e+00 3.6564896443e-13 8.0866646850e+01 0.0000000000e+00 0.0000000000e+00 0.0000000000e+00 1.0709224294e-01
84.78175127 8.3877230934e+01 3.7926568690e-13 0.0000000000e+00 3.7926568690e-13 8.3877230934e+01 0.0000000000e+00 0.0000000000e+00 0.0000000000e+00 1.0748723001e-01
85.01857181 8.7050998750e+01 3.9362408003e-13 0.0000000000e+00 3.9362408003e-13 8.7050998750e+01 0.0000000000e+00 0.0000000000e+00 0.0000000000e+00 1.0788314135e-01
85.25539234 9.0399368637e+01 4.0878508803e-13 0.0000000000e+00 4.0878508803e-13 9.0399368637e+01 0.0000000000e+00 0.0000000000e+00 0.0000000000e+00 1.0827998153e-01
85.49221288 9.3934711787e+01 4.2474792756e-13 0.0000000000e+00 4.2474792756e-13 9.3934711787e+01 0.0000000000e+00 0.0000000000e+00 0.0000000000e+00 1.0867775516e-01
85.72903341 9.7670440837e+01 4.4165344399e-13 0.0000000000e+00 4.4165344399e-13 9.7670440837e+01 0.0000000000e+00 0.0000000000e+00 0.0000000000e+00 1.0907646687e-01
85.96585394 1.0162110684e+02 4.5952137758e-13 0.0000000000e+00 4.5952137758e-13 1.0162110684e+02 0.0000000000e+00 0.0000000000e+00 0.0000000000e+00 1.0947612130e-01
86.20267448 1.0580250525e+02 4.7843209950e-13 0.0000000000e+00 4.7843209950e-13 1.0580250525e+02 0.0000000000e+00 0.0000000000e+00 0.0000000000e+00 1.0987672313e-01
86.43949501 1.1023179156e+02 4.9844577062e-13 0.0000000000e+00 4.9844577062e-13 1.1023179156e+02 0.0000000000e+00 0.0000000000e+00 0.0000000000e+00 1.1027827705e-01
86.67631555 1.1492760713e+02 5.1968286933e-13 0.0000000000e+00 5.1968286933e-13 1.1492760713e+02 0.0000000000e+00 0.0000000000e+00 0.0000000000e+00 1.1068078777e-01
86.91313608 1.1991021572e+02 5.4222329677e-13 0.0000000000e+00 5.4222329677e-13 1.1991021572e+02 0.0000000000e+00 0.0000000000e+00 0.0000000000e+00 1.1108426003e-01
87.14995662 1.2520165102e+02 5.6614773746e-13 0.0000000000e+00 5.6614773746e-13 1.2520165102e+02 0.0000000000e+00 0.0000000000e+00 0.0000000000e+00 1.1148869859e-01
87.38677715 1.3082587524e+02 5.9157588643e-13 0.0000000000e+00 5.9157588643e-13 1.3082587524e+02 0.0000000000e+00 0.0000000000e+00 0.0000000000e+00 1.1189410823e-01
87.62359768 1.3680894862e+02 6.1860832513e-13 0.0000000000e+00 6.1860832513e-13 1.3680894862e+02 0.0000000000e+00 0.0000000000e+00 0.0000000000e+00 1.1230049377e-01
87.86041822 1.4317920893e+02 6.4740548255e-13 0.0000000000e+00 6.4740548255e-13 1.4317920893e+02 0.0000000000e+00 0.0000000000e+00 0.0000000000e+00 1.1270786002e-01
88.09723875 1.4996745968e+02 6.7812794432e-13 0.0000000000e+00 6.7812794432e-13 1.4996745968e+02 0.0000000000e+00 0.0000000000e+00 0.0000000000e+00 1.1311621184e-01
88.33405929 1.5720716449e+02 7.1085561158e-13 0.0000000000e+00 7.1085561158e-13 1.5720716449e+02 0.0000000000e+00 0.0000000000e+00 0.0000000000e+00 1.1352555411e-01
88.57087982 1.6493464409e+02 7.4582944115e-13 0.0000000000e+00 7.4582944115e-13 1.6493464409e+02 0.0000000000e+00 0.0000000000e+00 0.0000000000e+00 1.1393589173e-01
88.80770036 1.7318927031e+02 7.8312933416e-13 0.0000000000e+00 7.8312933416e-13 1.7318927031e+02 0.0000000000e+00 0.0000000000e+00 0.0000000000e+00 1.1434722962e-01
89.04452089 1.8201364941e+02 8.2303619799e-13 0.0000000000e+00 8.2303619799e-13 1.8201364941e+02 0.0000000000e+00 0.0000000000e+00 0.0000000000e+00 1.1475957273e-01
89.28134142 1.9145378385e+02 8.6571061828e-13 0.0000000000e+00 8.6571061828e-13 1.9145378385e+02 0.0000000000e+00 0.0000000000e+00 0.0000000000e+00 1.1517292602e-01
89.51816196 2.0155919761e+02 9.1143318908e-13 0.0000000000e+00 9.1143318908e-13 2.0155919761e+02 0.0000000000e+00 0.0000000000e+00 0.0000000000e+00 1.1558729451e-01
89.75498249 2.1238300481e+02 9.6036418267e-13 0.0000000000e+00 9.6036418267e-13 2.1238300481e+02 0.0000000000e+00 0.0000000000e+00 0.0000000000e+00 1.1600268320e-01
89.99180303 2.2398189493e+02 1.0128247703e-12 0.0000000000e+00 1.0128247703e-12 2.2398189493e+02 0.0000000000e+00 0.0000000000e+00 0.0000000000e+00 1.1641909714e-01
90.22862356 2.3641599899e+02 1.0690554389e-12 0.0000000000e+00 1.0690554389e-12 2.3641599899e+02 0.0000000000e+00 0.0000000000e+00 0.0000000000e+00 1.1683654140e-01
90.46544410 2.4974859065e+02 1.1293367824e-12 0.0000000000e+00 1.1293367824e-12 2.4974859065e+02 0.0000000000e+00 0.0000000000e+00 0.0000000000e+00 1.1725502107e-01
90.70226463 2.6404556266e+02 1.1939898154e-12 0.0000000000e+00 1.1939898154e-12 2.6404556266e+02 0.0000000000e+00 0.0000000000e+00 0.0000000000e+00 1.1767454128e-01
90.93908516 2.7937460336e+02 1.2632954453e-12 0.0000000000e+00 1.2632954453e-12 2.7937460336e+02 0.0000000000e+00 0.0000000000e+00 0.0000000000e+00 1.1809510718e-01
91.17590570 2.9580397883e+02 1.3376545878e-12 0.0000000000e+00 1.3376545878e-12 2.9580397883e+02 0.0000000000e+00 0.0000000000e+00 0.0000000000e+00 1.1851672392e-01
91.41272623 3.1340080539e+02 1.4171473009e-12 0.0000000000e+00 1.4171473009e-12 3.1340080539e+02 0.0000000000e+00 0.0000000000e+00 0.0000000000e+00 1.1893939671e-01
91.64954677 3.3222867428e+02 1.5022550280e-12 0.0000000000e+00 1.5022550280e-12 3.3222867428e+02 0.0000000000e+00 0.0000000000e+00 0.0000000000e+00 1.1936313076e-01
91.88636730 3.5234446874e+02 1.5932185693e-12 0.0000000000e+00 1.5932185693e-12 3.5234446874e+02 0.0000000000e+00 0.0000000000e+00 0.0000000000e+00 1.1978793134e-01
92.12318784 3.7379419659e+02 1.6901980405e-12 0.0000000000e+00 1.6901980405e-12 3.7379419659e+02 0.0000000000e+00 0.0000000000e+00 0.0000000000e+00 1.2021380370e-01
92.36000837 3.9660765526e+02 1.7934343983e-12 0.0000000000e+00 1.7934343983e-12 3.9660765526e+02 0.0000000000e+00 0.0000000000e+00 0.0000000000e+00 1.2064075315e-01
92.59682890 4.2079176109e+02 1.9027669004e-12 0.0000000000e+00 1.9027669004e-12 4.2079176109e+02 0.0000000000e+00 0.0000000000e+00 0.0000000000e+00 1.2106878502e-01
92.83364944 4.4632242349e+02 2.0181958602e-12 0.0000000000e+00 2.0181958602e-12 4.4632242349e+02 0.0000000000e+00 0.0000000000e+00 0.0000000000e+00 1.2149790466e-01
93.07046997 4.7313494571e+02 2.1394803208e-12 0.0000000000e+00 2.1394803208e-12 4.7313494571e+02 0.0000000000e+00 0.0000000000e+00 0.0000000000e+00 1.2192811745e-01
93.30729051 5.0111310798e+02 2.2659788798e-12 0.0000000000e+00 2.2659788798e-12 5.0111310798e+02 0.0000000000e+00 0.0000000000e+00 0.0000000000e+00 1.2235942880e-01
93.54411104 5.3007735643e+02 2.3970496645e-12 0.0000000000e+00 2.3970496645e-12 5.3007735643e+02 0.0000000000e+00 0.0000000000e+00 0.0000000000e+00 1.2279184414e-01
93.78093158 5.5977289588e+02 2.5313288720e-12 0.0000000000e+00 2.5313288720e-12 5.5977289588e+02 0.0000000000e+00 0.0000000000e+00 0.0000000000e+00 1.2322536893e-01
94.01775211 5.8985895916e+02 2.6673729549e-12 0.0000000000e+00 2.6673729549e-12 5.8985895916e+02 0.0000000000e+00 0.0000000000e+00 0.0000000000e+00 1.2366000867e-01
94.25457264 6.1990105949e+02 2.8030960231e-12 0.0000000000e+00 2.8030960231e-12 6.1990105949e+02 0.0000000000e+00 0.0000000000e+00 0.0000000000e+00 1.2409576886e-01
94.49139318 6.4936852695e+02 2.9362522278e-12 0.0000000000e+00 2.9362522278e-12 6.4936852695e+02 0.0000000000e+00 0.0000000000e+00 0.0000000000e+00 1.2453265506e-01
94.72821371 6.7763992526e+02 3.0642748620e-12 0.0000000000e+00 3.0642748620e-12 6.7763992526e+02 0.0000000000e+00 0.0000000000e+00 0.0000000000e+00 1.2497067284e-01
94.96503425 7.0401882087e+02 3.1834739027e-12 0.0000000000e+00 3.1834739027e-12 7.0401882087e+02 0.0000000000e+00 0.0000000000e+00 0.0000000000e+00 1.2540982780e-01
95.20185478 7.2776160635e+02 3.2909616283e-12 0.0000000000e+00 3.2909616283e-12 7.2776160635e+02 0.0000000000e+00 0.0000000000e+00 0.0000000000e+00 1.2585012557e-01
95.43867532 7.4811752065e+02 3.3828874301e-12 0.0000000000e+00 3.3828874301e-12 7.4811752065e+02 0.0000000000e+00 0.0000000000e+00 0.0000000000e+00 1.2629157181e-01
95.67549585 7.6437872530e+02 3.4565246423e-12 0.0000000000e+00 3.4565246423e-12 7.6437872530e+02 0.0000000000e+00 0.0000000000e+00 0.0000000000e+00 1.2673417220e-01
95.91231638 7.7593566599e+02 3.5086643720e-12 0.0000000000e+00 3.5086643720e-12 7.7593566599e+02 0.0000000000e+00 0.0000000000e+00 0.0000000000e+00 1.2717793247e-01
96.14913692 7.8233066390e+02 3.5375415873e-12 0.0000000000e+00 3.5375415873e-12 7.8233066390e+02 0.0000000000e+00 0.0000000000e+00 0.0000000000e+00 1.2762285835e-01
96.38595745 7.8330157403e+02 3.5418737962e-12 0.0000000000e+00 3.5418737962e-12 7.8330157403e+02 0.0000000000e+00 0.0000000000e+00 0.0000000000e+00 1.2806895563e-01
96.62277799 7.7880806766e+02 3.5216597456e-12 0.0000000000e+00 3.5216597456e-12 7.7880806766e+02 0.0000000000e+00 0.0000000000e+00 0.0000000000e+00 1.2851623011e-01
96.85959852 7.6903575672e+02 3.4773816622e-12 0.0000000000e+00 3.4773816622e-12 7.6903575672e+02 0.0000000000e+00 0.0000000000e+00 0.0000000000e+00 1.2896468762e-01
97.09641906 7.5437739021e+02 3.4112852385e-12 0.0000000000e+00 3.4112852385e-12 7.5437739021e+02 0.0000000000e+00 0.0000000000e+00 0.0000000000e+00 1.2941433403e-01
97.33323959 7.3539459007e+02 3.3254557376e-12 0.0000000000e+00 3.3254557376e-12 7.3539459007e+02 0.0000000000e+00 0.0000000000e+00 0.0000000000e+00 1.2986517524e-01
97.57006012 7.1276683452e+02 3.2231023659e-12 0.0000000000e+00 3.2231023659e-12 7.1276683452e+02 0.0000000000e+00 0.0000000000e+00 0.0000000000e+00 1.3031721716e-01
97.80688066 6.8723582601e+02 3.1075938183e-12 0.0000000000e+00 3.1075938183e-12 6.8723582601e+02 0.0000000000e+00 0.0000000000e+00 0.0000000000e+00 1.3077046577e-01
98.04370119 6.5955286670e+02 2.9824595323e-12 0.0000000000e+00 2.9824595323e-12 6.5955286670e+02 0.0000000000e+00 0.0000000000e+00 0.0000000000e+00 1.3122492704e-01
98.28052173 6.3043490263e+02 2.8507473450e-12 0.0000000000e+00 2.8507473450e-12 6.3043490263e+02 0.0000000000e+00 0.0000000000e+00 0.0000000000e+00 1.3168060699e-01
98.51734226 6.0053229777e+02 2.7155060337e-12 0.0000000000e+00 2.7155060337e-12 6.0053229777e+02 0.0000000000e+00 0.0000000000e+00 0.0000000000e+00 1.3213751168e-01
98.75416280 5.7040893246e+02 2.5794628908e-12 0.0000000000e+00 2.5794628908e-12 5.7040893246e+02 0.0000000000e+00 0.0000000000e+00 0.0000000000e+00 1.3259564718e-01
98.99098333 5.4053338358e+02 2.4443820084e-12 0.0000000000e+00 2.4443820084e-12 5.4053338358e+02 0.0000000000e+00 0.0000000000e+00 0.0000000000e+00 1.3305501961e-01
99.22780386 5.1127890222e+02 2.3120281053e-12 0.0000000000e+00 2.3120281053e-12 5.1127890222e+02 0.0000000000e+00 0.0000000000e+00 0.0000000000e+00 1.3351563512e-01
99.46462440 4.8292957678e+02 2.1836852398e-12 0.0000000000e+00 2.1836852398e-12 4.8292957678e+02 0.0000000000e+00 0.0000000000e+00 0.0000000000e+00 1.3397749988e-01
99.70144493 4.5569024256e+02 2.0606362171e-12 0.0000000000e+00 2.0606362171e-12 4.5569024256e+02 0.0000000000e+00 0.0000000000e+00 0.0000000000e+00 1.3444062010e-01
99.93826547 4.2969814532e+02 1.9430420929e-12 0.0000000000e+00 1.9430420929e-12 4.2969814532e+02 0.0000000000e+00 0.0000000000e+00 0.0000000000e+00 1.3490500203e-01
100.17508600 4.0503490014e+02 1.8314640551e-12 0.0000000000e+00 1.8314640551e-12 4.0503490014e+02 0.0000000000e+00 0.0000000000e+00 0.0000000000e+00 1.3537065194e-01
100.41190654 3.8173778995e+02 1.7261427473e-12 0.0000000000e+00 1.7261427473e-12 3.8173778995e+02 0.0000000000e+00 0.0000000000e+00 0.0000000000e+00 1.3583757614e-01
100.64872707 3.5980986030e+02 1.6269979550e-12 0.0000000000e+00 1.6269979550e-12 3.5980986030e+02 0.0000000000e+00 0.0000000000e+00 0.0000000000e+00 1.3630578097e-01
100.88554760 3.3922857144e+02 1.5339494637e-12 0.0000000000e+00 1.5339494637e-12 3.3922857144e+02 0.0000000000e+00 0.0000000000e+00 0.0000000000e+00 1.3677527281e-01
101.12236814 3.1995297403e+02 1.4468365311e-12 0.0000000000e+00 1.4468365311e-12 3.1995297403e+02 0.0000000000e+00 0.0000000000e+00 0.0000000000e+00 1.3724605807e-01
101.35918867 3.0192949897e+02 1.3653389259e-12 0.0000000000e+00 1.3653389259e-12 3.0192949897e+02 0.0000000000e+00 0.0000000000e+00 0.0000000000e+00 1.3771814318e-01
101.59600921 2.8509651704e+02 1.2892156913e-12 0.0000000000e+00 1.2892156913e-12 2.8509651704e+02 0.0000000000e+00 0.0000000000e+00 0.0000000000e+00 1.3819153464e-01
101.83282974 2.6938784929e+02 1.2181459694e-12 0.0000000000e+00 1.2181459694e-12 2.6938784929e+02 0.0000000000e+00 0.0000000000e+00 0.0000000000e+00 1.3866623895e-01
102.06965028 2.5473540863e+02 1.1518891167e-12 0.0000000000e+00 1.1518891167e-12 2.5473540863e+02 0.0000000000e+00 0.0000000000e+00 0.0000000000e+00 1.3914226265e-01
102.30647081 2.4107113960e+02 1.0900838546e-12 0.0000000000e+00 1.0900838546e-12 2.4107113960e+02 0.0000000000e+00 0.0000000000e+00 0.0000000000e+00 1.3961961234e-01
102.54329134 2.2832840208e+02 1.0324500592e-12 0.0000000000e+00 1.0324500592e-12 2.2832840208e+02 0.0000000000e+00 0.0000000000e+00 0.0000000000e+00 1.4009829462e-01
102.78011188 2.1644292251e+02 9.7874677366e-13 0.0000000000e+00 9.7874677366e-13 2.1644292251e+02 0.0000000000e+00 0.0000000000e+00 0.0000000000e+00 1.4057831616e-01
103.01693241 2.0535341393e+02 9.2857292553e-13 0.0000000000e+00 9.2857292553e-13 2.0535341393e+02 0.0000000000e+00 0.0000000000e+00 0.0000000000e+00 1.4105968363e-01
103.25375295 1.9500194689e+02 8.8176777251e-13 0.0000000000e+00 8.8176777251e-13 1.9500194689e+02 0.0000000000e+00 0.0000000000e+00 0.0000000000e+00 1.4154240377e-01
103.49057348 1.8533413564e+02 8.3805119056e-13 0.0000000000e+00 8.3805119056e-13 1.8533413564e+02 0.0000000000e+00 0.0000000000e+00 0.0000000000e+00 1.4202648333e-01
103.72739402 1.7629919056e+02 7.9718222290e-13 0.0000000000e+00 7.9718222290e-13 1.7629919056e+02 0.0000000000e+00 0.0000000000e+00 0.0000000000e+00 1.4251192912e-01
103.96421455 1.6784987548e+02 7.5896033329e-13 0.0000000000e+00 7.5896033329e-13 1.6784987548e+02 0.0000000000e+00 0.0000000000e+00 0.0000000000e+00 1.4299874796e-01
104.20103508 1.5994239985e+02 7.2326520002e-13 0.0000000000e+00 7.2326520002e-13 1.5994239985e+02 0.0000000000e+00 0.0000000000e+00 0.0000000000e+00 1.4348694673e-01
104.43785562 1.5253626793e+02 6.8973554456e-13 0.0000000000e+00 6.8973554456e-13 1.5253626793e+02 0.0000000000e+00 0.0000000000e+00 0.0000000000e+00 1.4397653233e-01
104.67467615 1.4559410161e+02 6.5837199357e-13 0.0000000000e+00 6.5837199357e-13 1.4559410161e+02 0.0000000000e+00 0.0000000000e+00 0.0000000000e+00 1.4446751172e-01
104.91149669 1.3908144920e+02 6.2889348303e-13 0.0000000000e+00 6.2889348303e-13 1.3908144920e+02 0.0000000000e+00 0.0000000000e+00 0.0000000000e+00 1.4495989187e-01
105.14831722 1.3296658875e+02 6.0125990568e-13 0.0000000000e+00 6.0125990568e-13 1.3296658875e+02 0.0000000000e+00 0.0000000000e+00 0.0000000000e+00 1.4545367980e-01
105.38513776 1.2722033223e+02 5.7527072531e-13 0.0000000000e+00 5.7527072531e-13 1.2722033223e+02 0.0000000000e+00 0.0000000000e+00 0.0000000000e+00 1.4594888259e-01
105.62195829 1.2181583487e+02 5.5084541409e-13 0.0000000000e+00 5.5084541409e-13 1.2181583487e+02 0.0000000000e+00 0.0000000000e+00 0.0000000000e+00 1.4644550731e-01
105.85877882 1.1672841226e+02 5.2782448306e-13 0.0000000000e+00 5.2782448306e-13 1.1672841226e+02 0.0000000000e+00 0.0000000000e+00 0.0000000000e+00 1.4694356112e-01
106.09559936 1.1193536732e+02 5.0614651802e-13 0.0000000000e+00 5.0614651802e-13 1.1193536732e+02 0.0000000000e+00 0.0000000000e+00 0.0000000000e+00 1.4744305119e-01
106.33241989 1.0741582771e+02 4.8571219085e-13 0.0000000000e+00 4.8571219085e-13 1.0741582771e+02 0.0000000000e+00 0.0000000000e+00 0.0000000000e+00 1.4794398473e-01
106.56924043 1.0315059439e+02 4.6642060679e-13 0.0000000000e+00 4.6642060679e-13 1.0315059439e+02 0.0000000000e+00 0.0000000000e+00 0.0000000000e+00 1.4844636900e-01
106.80606096 9.9122001261e+01 4.4819217801e-13 0.0000000000e+00 4.4819217801e-13 9.9122001261e+01 0.0000000000e+00 0.0000000000e+00 0.0000000000e+00 1.4895021129e-01
107.04288150 9.5313785557e+01 4.3098679727e-13 0.0000000000e+00 4.3098679727e-13 9.5313785557e+01 0.0000000000e+00 0.0000000000e+00 0.0000000000e+00 1.4945551895e-01
107.27970203 9.1710968698e+01 4.1470356980e-13 0.0000000000e+00 4.1470356980e-13 9.1710968698e+01 0.0000000000e+00 0.0000000000e+00 0.0000000000e+00 1.4996229934e-01
107.51652256 8.8299746938e+01 3.9928233472e-13 0.0000000000e+00 3.9928233472e-13 8.8299746938e+01 0.0000000000e+00 0.0000000000e+00 0.0000000000e+00 1.5047055989e-01
107.75334310 8.5067391289e+01 3.8464350423e-13 0.0000000000e+00 3.8464350423e-13 8.5067391289e+01 0.0000000000e+00 0.0000000000e+00 0.0000000000e+00 1.5098030805e-01
107.99016363 8.2002156032e+01 3.7078676498e-13 0.0000000000e+00 3.7078676498e-13 8.2002156032e+01 0.0000000000e+00 0.0000000000e+00 0.0000000000e+00 1.5149155132e-01
108.22698417 7.9093195207e+01 3.5763190248e-13 0.0000000000e+00 3.5763190248e-13 7.9093195207e+01 0.0000000000e+00 0.0000000000e+00 0.0000000000e+00 1.5200429724e-01
108.46380470 7.6330486437e+01 3.4513880951e-13 0.0000000000e+00 3.4513880951e-13 7.6330486437e+01 0.0000000000e+00 0.0000000000e+00 0.0000000000e+00 1.5251855340e-01
108.70062524 7.3704761506e+01 3.3328711909e-13 0.0000000000e+00 3.3328711909e-13 7.3704761506e+01 0.0000000000e+00 0.0000000000e+00 0.0000000000e+00 1.5303432741e-01
108.93744577 7.1207443088e+01 3.2197718980e-13 0.0000000000e+00 3.2197718980e-13 7.1207443088e+01 0.0000000000e+00 0.0000000000e+00 0.0000000000e+00 1.5355162696e-01
109.17426630 6.8830587128e+01 3.1122876191e-13 0.0000000000e+00 3.1122876191e-13 6.8830587128e+01 0.0000000000e+00 0.0000000000e+00 0.0000000000e+00 1.5407045975e-01
109.41108684 6.6566830346e+01 3.0098167456e-13 0.0000000000e+00 3.0098167456e-13 6.6566830346e+01 0.0000000000e+00 0.0000000000e+00 0.0000000000e+00 1.5459083353e-01
109.64790737 6.4409342427e+01 2.9123561442e-13 0.0000000000e+00 2.9123561442e-13 6.4409342427e+01 0.0000000000e+00 0.0000000000e+00 0.0000000000e+00 1.5511275610e-01
109.88472791 6.2351782448e+01 2.8193104730e-13 0.0000000000e+00 2.8193104730e-13 6.2351782448e+01 0.0000000000e+00 0.0000000000e+00 0.0000000000e+00 1.5563623530e-01
110.12154844 6.0388259185e+01 2.7305763304e-13 0.0000000000e+00 2.7305763304e-13 6.0388259185e+01 0.0000000000e+00 0.0000000000e+00 0.0000000000e+00 1.5616127902e-01
110.35836897 5.8513294911e+01 2.6458529121e-13 0.0000000000e+00 2.6458529121e-13 5.8513294911e+01 0.0000000000e+00 0.0000000000e+00 0.0000000000e+00 1.5668789519e-01
110.59518951 5.6721792385e+01 2.5647391457e-13 0.0000000000e+00 2.5647391457e-13 5.6721792385e+01 0.0000000000e+00 0.0000000000e+00 0.0000000000e+00 1.5721609178e-01
110.83201004 5.5009004733e+01 2.4873352994e-13 0.0000000000e+00 2.4873352994e-13 5.5009004733e+01 0.0000000000e+00 0.0000000000e+00 0.0000000000e+00 1.5774587682e-01
111.06883058 5.3370507945e+01 2.4132403006e-13 0.0000000000e+00 2.4132403006e-13 5.3370507945e+01 0.0000000000e+00 0.0000000000e+00 0.0000000000e+00 1.5827725835e-01
111.30565111 5.1802175755e+01 2.3422536132e-13 0.0000000000e+00 2.3422536132e-13 5.1802175755e+01 0.0000000000e+00 0.0000000000e+00 0.0000000000e+00 1.5881024451e-01
111.54247165 5.0300156680e+01 2.2743721038e-13 0.0000000000e+00 2.2743721038e-13 5.0300156680e+01 0.0000000000e+00 0.0000000000e+00 0.0000000000e+00 1.5934484344e-01
111.77929218 4.8860853021e+01 2.2093012348e-13 0.0000000000e+00 2.2093012348e-13 4.8860853021e+01 0.0000000000e+00 0.0000000000e+00 0.0000000000e+00 1.5988106335e-01
112.01611271 4.7480901645e+01 2.1469376047e-13 0.0000000000e+00 2.1469376047e-13 4.7480901645e+01 0.0000000000e+00 0.0000000000e+00 0.0000000000e+00 1.6041891248e-01
112.25293325 4.6157156384e+01 2.0870806774e-13 0.0000000000e+00 2.0870806774e-13 4.6157156384e+01 0.0000000000e+00 0.0000000000e+00 0.0000000000e+00 1.6095839914e-01
112.48975378 4.4886671910e+01 2.0295299165e-13 0.0000000000e+00 2.0295299165e-13 4.4886671910e+01 0.0000000000e+00 0.0000000000e+00 0.0000000000e+00 1.6149953166e-01
112.72657432 4.3666688938e+01 1.9743824568e-13 0.0000000000e+00 1.9743824568e-13 4.3666688938e+01 0.0000000000e+00 0.0000000000e+00 0.0000000000e+00 1.6204231844e-01
112.96339485 4.2494620660e+01 1.9214471623e-13 0.0000000000e+00 1.9214471623e-13 4.2494620660e+01 0.0000000000e+00 0.0000000000e+00 0.0000000000e+00 1.6258676793e-01
113.20021539 4.1368040274e+01 1.8705140966e-13 0.0000000000e+00 1.8705140966e-13 4.1368040274e+01 0.0000000000e+00 0.0000000000e+00 0.0000000000e+00 1.6313288860e-01
113.43703592 4.0284669533e+01 1.8215832597e-13 0.0000000000e+00 1.8215832597e-13 4.0284669533e+01 0.0000000000e+00 0.0000000000e+00 0.0000000000e+00 1.6368068900e-01
113.67385645 3.9242368207e+01 1.7743569806e-13 0.0000000000e+00 1.7743569806e-13 3.9242368207e+01 0.0000000000e+00 0.0000000000e+00 0.0000000000e+00 1.6423017770e-01
113.91067699 3.8239124388e+01 1.7290420624e-13 0.0000000000e+00 1.7290420624e-13 3.8239124388e+01 0.0000000000e+00 0.0000000000e+00 0.0000000000e+00 1.6478136336e-01
114.14749752 3.7273045562e+01 1.6852248990e-13 0.0000000000e+00 1.6852248990e-13 3.7273045562e+01 0.0000000000e+00 0.0000000000e+00 0.0000000000e+00 1.6533425465e-01
114.38431806 3.6342350377e+01 1.6432156949e-13 0.0000000000e+00 1.6432156949e-13 3.6342350377e+01 0.0000000000e+00 0.0000000000e+00 0.0000000000e+00 1.6588886031e-01
114.62113859 3.5445361055e+01 1.6027105125e-13 0.0000000000e+00 1.6027105125e-13 3.5445361055e+01 0.0000000000e+00 0.0000000000e+00 0.0000000000e+00 1.6644518912e-01
114.85795913 3.4580496382e+01 1.5636090836e-13 0.0000000000e+00 1.5636090836e-13 3.4580496382e+01 0.0000000000e+00 0.0000000000e+00 0.0000000000e+00 1.6700324992e-01
115.09477966 3.3746265242e+01 1.5258111400e-13 0.0000000000e+00 1.5258111400e-13 3.3746265242e+01 0.0000000000e+00 0.0000000000e+00 0.0000000000e+00 1.6756305161e-01
115.33160019 3.2941260633e+01 1.4894169501e-13 0.0000000000e+00 1.4894169501e-13 3.2941260633e+01 0.0000000000e+00 0.0000000000e+00 0.0000000000e+00 1.6812460311e-01
115.56842073 3.2164154137e+01 1.4542259774e-13 0.0000000000e+00 1.4542259774e-13 3.2164154137e+01 0.0000000000e+00 0.0000000000e+00 0.0000000000e+00 1.6868791343e-01
115.80524126 3.1413690798e+01 1.4203353567e-13 0.0000000000e+00 1.4203353567e-13 3.1413690798e+01 0.0000000000e+00 0.0000000000e+00 0.0000000000e+00 1.6925299161e-01
116.04206180 3.0688684383e+01 1.3875508186e-13 0.0000000000e+00 1.3875508186e-13 3.0688684383e+01 0.0000000000e+00 0.0000000000e+00 0.0000000000e+00 1.6981984674e-01
116.27888233 2.9988012983e+01 1.3558723631e-13 0.0000000000e+00 1.3558723631e-13 2.9988012983e+01 0.0000000000e+00 0.0000000000e+00 0.0000000000e+00 1.7038848798e-01
116.51570287 2.9310614941e+01 1.3252404560e-13 0.0000000000e+00 1.3252404560e-13 2.9310614941e+01 0.0000000000e+00 0.0000000000e+00 0.0000000000e+00 1.7095892454e-01
116.75252340 2.8655485066e+01 1.2956143633e-13 0.0000000000e+00 1.2956143633e-13 2.8655485066e+01 0.0000000000e+00 0.0000000000e+00 0.0000000000e+00 1.7153116565e-01
116.98934393 2.8021671118e+01 1.2669408177e-13 0.0000000000e+00 1.2669408177e-13 2.8021671118e+01 0.0000000000e+00 0.0000000000e+00 0.0000000000e+00 1.7210522066e-01
117.22616447 2.7408270550e+01 1.2392198191e-13 0.0000000000e+00 1.2392198191e-13 2.7408270550e+01 0.0000000000e+00 0.0000000000e+00 0.0000000000e+00 1.7268109891e-01
117.46298500 2.6814427463e+01 1.2123479660e-13 0.0000000000e+00 1.2123479660e-13 2.6814427463e+01 0.0000000000e+00 0.0000000000e+00 0.0000000000e+00 1.7325880983e-01
117.69980554 2.6239329786e+01 1.1863346586e-13 0.0000000000e+00 1.1863346586e-13 2.6239329786e+01 0.0000000000e+00 0.0000000000e+00 0.0000000000e+00 1.7383836290e-01
117.93662607 2.5682206648e+01 1.1611673634e-13 0.0000000000e+00 1.1611673634e-13 2.5682206648e+01 0.0000000000e+00 0.0000000000e+00 0.0000000000e+00 1.7441976766e-01
118.17344661 2.5142325921e+01 1.1367552124e-13 0.0000000000e+00 1.1367552124e-13 2.5142325921e+01 0.0000000000e+00 0.0000000000e+00 0.0000000000e+00 1.7500303370e-01
118.41026714 2.4618991939e+01 1.1130950722e-13 0.0000000000e+00 1.1130950722e-13 2.4618991939e+01 0.0000000000e+00 0.0000000000e+00 0.0000000000e+00 1.7558817065e-01
118.64708767 2.4111543369e+01 1.0901869428e-13 0.0000000000e+00 1.0901869428e-13 2.4111543369e+01 0.0000000000e+00 0.0000000000e+00 0.0000000000e+00 1.7617518824e-01
118.88390821 2.3619351218e+01 1.0678804220e-13 0.0000000000e+00 1.0678804220e-13 2.3619351218e+01 0.0000000000e+00 0.0000000000e+00 0.0000000000e+00 1.7676409621e-01
119.12072874 2.3141816978e+01 1.0462757780e-13 0.0000000000e+00 1.0462757780e-13 2.3141816978e+01 0.0000000000e+00 0.0000000000e+00 0.0000000000e+00 1.7735490440e-01
119.35754928 2.2678370890e+01 1.0253228767e-13 0.0000000000e+00 1.0253228767e-13 2.2678370890e+01 0.0000000000e+00 0.0000000000e+00 0.0000000000e+00 1.7794762267e-01
119.59436981 2.2228470320e+01 1.0049684507e-13 0.0000000000e+00 1.0049684507e-13 2.2228470320e+01 0.0000000000e+00 0.0000000000e+00 0.0000000000e+00 1.7854226098e-01
119.83119035 2.1791598242e+01 9.8521876672e-14 0.0000000000e+00 9.8521876672e-14 2.1791598242e+01 0.0000000000e+00 0.0000000000e+00 0.0000000000e+00 1.7913882931e-01
120.06801088 2.1367261815e+01 9.6602055734e-14 0.0000000000e+00 9.6602055734e-14 2.1367261815e+01 0.0000000000e+00 0.0000000000e+00 0.0000000000e+00 1.7973733772e-01
120.30483141 2.0954991055e+01 9.4737382254e-14 0.0000000000e+00 9.4737382254e-14 2.0954991055e+01 0.0000000000e+00 0.0000000000e+00 0.0000000000e+00 1.8033779633e-01
120.54165195 2.0554337585e+01 9.2932869640e-14 0.0000000000e+00 9.2932869640e-14 2.0554337585e+01 0.0000000000e+00 0.0000000000e+00 0.0000000000e+00 1.8094021533e-01
120.77847248 2.0164873466e+01 9.1168777607e-14 0.0000000000e+00 9.1168777607e-14 2.0164873466e+01 0.0000000000e+00 0.0000000000e+00 0.0000000000e+00 1.8154460494e-01
121.01529302 1.9786190101e+01 8.9454192952e-14 0.0000000000e+00 8.9454192952e-14 1.9786190101e+01 0.0000000000e+00 0.0000000000e+00 0.0000000000e+00 1.8215097548e-01
121.25211355 1.9417897205e+01 8.7790055690e-14 0.0000000000e+00 8.7790055690e-14 1.9417897205e+01 0.0000000000e+00 0.0000000000e+00 0.0000000000e+00 1.8275933729e-01
121.48893409 1.9059621838e+01 8.6166025671e-14 0.0000000000e+00 8.6166025671e-14 1.9059621838e+01 0.0000000000e+00 0.0000000000e+00 0.0000000000e+00 1.8336970082e-01
121.72575462 1.8711007496e+01 8.4592129706e-14 0.0000000000e+00 8.4592129706e-14 1.8711007496e+01 0.0000000000e+00 0.0000000000e+00 0.0000000000e+00 1.8398207655e-01
121.96257515 1.8371713257e+01 8.3058027647e-14 0.0000000000e+00 8.3058027647e-14 1.8371713257e+01 0.0000000000e+00 0.0000000000e+00 0.0000000000e+00 1.8459647503e-01
122.19939569 1.8041412980e+01 8.1564346169e-14 0.0000000000e+00 8.1564346169e-14 1.8041412980e+01 0.0000000000e+00 0.0000000000e+00 0.0000000000e+00 1.8521290688e-01
122.43621622 1.7719794546e+01 8.0111085272e-14 0.0000000000e+00 8.0111085272e-14 1.7719794546e+01 0.0000000000e+00 0.0000000000e+00 0.0000000000e+00 1.8583138278e-01
122.67303676 1.7406559152e+01 7.8697618281e-14 0.0000000000e+00 7.8697618281e-14 1.7406559152e+01 0.0000000000e+00 0.0000000000e+00 0.0000000000e+00 1.8645191348e-01
122.90985729 1.7101420633e+01 7.7314231722e-14 0.0000000000e+00 7.7314231722e-14 1.7101420633e+01 0.0000000000e+00 0.0000000000e+00 0.0000000000e+00 1.8707450979e-01
123.14667783 1.6804104839e+01 7.5970639069e-14 0.0000000000e+00 7.5970639069e-14 1.6804104839e+01 0.0000000000e+00 0.0000000000e+00 0.0000000000e+00 1.8769918258e-01
123.38349836 1.6514349033e+01 7.4662453591e-14 0.0000000000e+00 7.4662453591e-14 1.6514349033e+01 0.0000000000e+00 0.0000000000e+00 0.0000000000e+00 1.8832594281e-01
123.62031889 1.6231901334e+01 7.3384348547e-14 0.0000000000e+00 7.3384348547e-14 1.6231901334e+01 0.0000000000e+00 0.0000000000e+00 0.0000000000e+00 1.8895480147e-01
123.85713943 1.5956520188e+01 7.2136323934e-14 0.0000000000e+00 7.2136323934e-14 1.5956520188e+01 0.0000000000e+00 0.0000000000e+00 0.0000000000e+00 1.8958576966e-01
124.09395996 1.5687973863e+01 7.0923393160e-14 0.0000000000e+00 7.0923393160e-14 1.5687973863e+01 0.0000000000e+00 0.0000000000e+00 0.0000000000e+00 1.9021885851e-01
124.33078050 1.5426039983e+01 6.9740542818e-14 0.0000000000e+00 6.9740542818e-14 1.5426039983e+01 0.0000000000e+00 0.0000000000e+00 0.0000000000e+00 1.9085407925e-01
124.56760103 1.5170505075e+01 6.8582759503e-14 0.0000000000e+00 6.8582759503e-14 1.5170505075e+01 0.0000000000e+00 0.0000000000e+00 0.0000000000e+00 1.9149144316e-01
124.80442157 1.4921164156e+01 6.7457563324e-14 0.0000000000e+00 6.7457563324e-14 1.4921164156e+01 0.0000000000e+00 0.0000000000e+00 0.0000000000e+00 1.9213096158e-01
125.04124210 1.4677820326e+01 6.6354927469e-14 0.0000000000e+00 6.6354927469e-14 1.4677820326e+01 0.0000000000e+00 0.0000000000e+00 0.0000000000e+00 1.9277264595e-01
125.27806263 1.4440284396e+01 6.5279865343e-14 0.0000000000e+00 6.5279865343e-14 1.4440284396e+01 0.0000000000e+00 0.0000000000e+00 0.0000000000e+00 1.9341650777e-01
125.51488317 1.4208374529e+01 6.4232063610e-14 0.0000000000e+00 6.4232063610e-14 1.4208374529e+01 0.0000000000e+00 0.0000000000e+00 0.0000000000e+00 1.9406255858e-01
125.75170370 1.3981915903e+01 6.3207135539e-14 0.0000000000e+00 6.3207135539e-14 1.3981915903e+01 0.0000000000e+00 0.0000000000e+00 0.0000000000e+00 1.9471081004e-01
125.98852424 1.3760740388e+01 6.2207274495e-14 0.0000000000e+00 6.2207274495e-14 1.3760740388e+01 0.0000000000e+00 0.0000000000e+00 0.0000000000e+00 1.9536127386e-01
126.22534477 1.3544686248e+01 6.1229973776e-14 0.0000000000e+00 6.1229973776e-14 1.3544686248e+01 0.0000000000e+00 0.0000000000e+00 0.0000000000e+00 1.9601396181e-01
126.46216531 1.3333597849e+01 6.0277740083e-14 0.0000000000e+00 6.0277740083e-14 1.3333597849e+01 0.0000000000e+00 0.0000000000e+00 0.0000000000e+00 1.9666888575e-01
126.69898584 1.3127325389e+01 5.9343053310e-14 0.0000000000e+00 5.9343053310e-14 1.3127325389e+01 0.0000000000e+00 0.0000000000e+00 0.0000000000e+00 1.9732605761e-01
126.93580637 1.2925724636e+01 5.8433120225e-14 0.0000000000e+00 5.8433120225e-14 1.2925724636e+01 0.0000000000e+00 0.0000000000e+00 0.0000000000e+00 1.9798548940e-01
127.17262691 1.2728656688e+01 5.7541360736e-14 0.0000000000e+00 5.7541360736e-14 1.2728656688e+01 0.0000000000e+00 0.0000000000e+00 0.0000000000e+00 1.9864719320e-01
127.40944744 1.2535987734e+01 5.6669028192e-14 0.0000000000e+00 5.6669028192e-14 1.2535987734e+01 0.0000000000e+00 0.0000000000e+00 0.0000000000e+00 1.9931118116e-01
127.64626798 1.2347588838e+01 5.5817062609e-14 0.0000000000e+00 5.5817062609e-14 1.2347588838e+01 0.0000000000e+00 0.0000000000e+00 0.0000000000e+00 1.9997746552e-01
127.88308851 1.2163335725e+01 5.4985150646e-14 0.0000000000e+00 5.4985150646e-14 1.2163335725e+01 0.0000000000e+00 0.0000000000e+00 0.0000000000e+00 2.0064605857e-01
128.11990905 1.1983108584e+01 5.4168592238e-14 0.0000000000e+00 5.4168592238e-14 1.1983108584e+01 0.0000000000e+00 0.0000000000e+00 0.0000000000e+00 2.0131697272e-01
128.35672958 1.1806791877e+01 5.3371774114e-14 0.0000000000e+00 5.3371774114e-14 1.1806791877e+01 0.0000000000e+00 0.0000000000e+00 0.0000000000e+00 2.0199022041e-01
128.59355011 1.1634274156e+01 5.2592189571e-14 0.0000000000e+00 5.2592189571e-14 1.1634274156e+01 0.0000000000e+00 0.0000000000e+00 0.0000000000e+00 2.0266581420e-01
128.83037065 1.1465447896e+01 5.1827958581e-14 0.0000000000e+00 5.1827958581e-14 1.1465447896e+01 0.0000000000e+00 0.0000000000e+00 0.0000000000e+00 2.0334376671e-01
129.06719118 1.1300209328e+01 5.1081587849e-14 0.0000000000e+00 5.1081587849e-14 1.1300209328e+01 0.0000000000e+00 0.0000000000e+00 0.0000000000e+00 2.0402409064e-01
129.30401172 1.1138458286e+01 5.0349630657e-14 0.0000000000e+00 5.0349630657e-14 1.1138458286e+01 0.0000000000e+00 0.0000000000e+00 0.0000000000e+00 2.0470679877e-01
129.54083225 1.0980098056e+01 4.9633340358e-14 0.0000000000e+00 4.9633340358e-14 1.0980098056e+01 0.0000000000e+00 0.0000000000e+00 0.0000000000e+00 2.0539190396e-01
129.77765279 1.0825035235e+01 4.8931463599e-14 0.0000000000e+00 4.8931463599e-14 1.0825035235e+01 0.0000000000e+00 0.0000000000e+00 0.0000000000e+00 2.0607941917e-01
130.01447332 1.0673179600e+01 4.8244940394e-14 0.0000000000e+00 4.8244940394e-14 1.0673179600e+01 0.0000000000e+00 0.0000000000e+00 0.0000000000e+00 2.0676935741e-01
130.25129385 1.0524443976e+01 4.7573457405e-14 0.0000000000e+00 4.7573457405e-14 1.0524443976e+01 0.0000000000e+00 0.0000000000e+00 0.0000000000e+00 2.0746173180e-01
130.48811439 1.0378744115e+01 4.6914507930e-14 0.0000000000e+00 4.6914507930e-14 1.0378744115e+01 0.0000000000e+00 0.0000000000e+00 0.0000000000e+00 2.0815655553e-01
130.72493492 1.0235998581e+01 4.6268091968e-14 0.0000000000e+00 4.6268091968e-14 1.0235998581e+01 0.0000000000e+00 0.0000000000e+00 0.0000000000e+00 2.0885384189e-01
130.96175546 1.0096128636e+01 4.5636716223e-14 0.0000000000e+00 4.5636716223e-14 1.0096128636e+01 0.0000000000e+00 0.0000000000e+00 0.0000000000e+00 2.0955360424e-01
131.19857599 9.9590581347e+00 4.5015367288e-14 0.0000000000e+00 4.5015367288e-14 9.9590581347e+00 0.0000000000e+00 0.0000000000e+00 0.0000000000e+00 2.1025585602e-01
131.43539653 9.8247134252e+00 4.4409058570e-14 0.0000000000e+00 4.4409058570e-14 9.8247134252e+00 0.0000000000e+00 0.0000000000e+00 0.0000000000e+00 2.1096061077e-01
131.67221706 9.6930232497e+00 4.3812776662e-14 0.0000000000e+00 4.3812776662e-14 9.6930232497e+00 0.0000000000e+00 0.0000000000e+00 0.0000000000e+00 2.1166788212e-01
131.90903759 9.5639186532e+00 4.3229028268e-14 0.0000000000e+00 4.3229028268e-14 9.5639186532e+00 0.0000000000e+00 0.0000000000e+00 0.0000000000e+00 2.1237768378e-01
132.14585813 9.4373328950e+00 4.2654993348e-14 0.0000000000e+00 4.2654993348e-14 9.4373328950e+00 0.0000000000e+00 0.0000000000e+00 0.0000000000e+00 2.1309002954e-01
132.38267866 9.3132013643e+00 4.2094118616e-14 0.0000000000e+00 4.2094118616e-14 9.3132013643e+00 0.0000000000e+00 0.0000000000e+00 0.0000000000e+00 2.1380493329e-01
132.61949920 9.1914614993e+00 4.1545464060e-14 0.0000000000e+00 4.1545464060e-14 9.1914614993e+00 0.0000000000e+00 0.0000000000e+00 0.0000000000e+00 2.1452240902e-01
132.85631973 9.0720527105e+00 4.1004329612e-14 0.0000000000e+00 4.1004329612e-14 9.0720527105e+00 0.0000000000e+00 0.0000000000e+00 0.0000000000e+00 2.1524247080e-01
133.09314027 8.9549163064e+00 4.0473221975e-14 0.0000000000e+00 4.0473221975e-14 8.9549163064e+00 0.0000000000e+00 0.0000000000e+00 0.0000000000e+00 2.1596513277e-01
133.32996080 8.8399954231e+00 3.9954647852e-14 0.0000000000e+00 3.9954647852e-14 8.8399954231e+00 0.0000000000e+00 0.0000000000e+00 0.0000000000e+00 2.1669040920e-01
133.56678133 8.7272349568e+00 3.9446100539e-14 0.0000000000e+00 3.9446100539e-14 8.7272349568e+00 0.0000000000e+00 0.0000000000e+00 0.0000000000e+00 2.1741831443e-01
133.80360187 8.6165814988e+00 3.8945073335e-14 0.0000000000e+00 3.8945073335e-14 8.6165814988e+00 0.0000000000e+00 0.0000000000e+00 0.0000000000e+00 2.1814886289e-01
134.04042240 8.5079832740e+00 3.8454072941e-14 0.0000000000e+00 3.8454072941e-14 8.5079832740e+00 0.0000000000e+00 0.0000000000e+00 0.0000000000e+00 2.1888206913e-01
134.27724294 8.4013900811e+00 3.7972786021e-14 0.0000000000e+00 3.7972786021e-14 8.4013900811e+00 0.0000000000e+00 0.0000000000e+00 0.0000000000e+00 2.1961794777e-01
134.51406347 8.2967532359e+00 3.7499645884e-14 0.0000000000e+00 3.7499645884e-14 8.2967532359e+00 0.0000000000e+00 0.0000000000e+00 0.0000000000e+00 2.2035651353e-01
134.75088401 8.1940255170e+00 3.7033712518e-14 0.0000000000e+00 3.7033712518e-14 8.1940255170e+00 0.0000000000e+00 0.0000000000e+00 0.0000000000e+00 2.2109778123e-01
134.98770454 8.0931611135e+00 3.6577805962e-14 0.0000000000e+00 3.6577805962e-14 8.0931611135e+00 0.0000000000e+00 0.0000000000e+00 0.0000000000e+00 2.2184176580e-01
135.22452507 7.9941155746e+00 3.6131612879e-14 0.0000000000e+00 3.6131612879e-14 7.9941155746e+00 0.0000000000e+00 0.0000000000e+00 0.0000000000e+00 2.2258848224e-01
135.46134561 7.8968457621e+00 3.5689806527e-14 0.0000000000e+00 3.5689806527e-14 7.8968457621e+00 0.0000000000e+00 0.0000000000e+00 0.0000000000e+00 2.2333794567e-01
135.69816614 7.8013098041e+00 3.5258966998e-14 0.0000000000e+00 3.5258966998e-14 7.8013098041e+00 0.0000000000e+00 0.0000000000e+00 0.0000000000e+00 2.2409017130e-01
135.93498668 7.7074670508e+00 3.4834080889e-14 0.0000000000e+00 3.4834080889e-14 7.7074670508e+00 0.0000000000e+00 0.0000000000e+00 0.0000000000e+00 2.2484517446e-01
136.17180721 7.6152780320e+00 3.4417028225e-14 0.0000000000e+00 3.4417028225e-14 7.6152780320e+00 0.0000000000e+00 0.0000000000e+00 0.0000000000e+00 2.2560297054e-01
136.40862775 7.5247044169e+00 3.4007495670e-14 0.0000000000e+00 3.4007495670e-14 7.5247044169e+00 0.0000000000e+00 0.0000000000e+00 0.0000000000e+00 2.2636357509e-01
136.64544828 7.4357089742e+00 3.3605796560e-14 0.0000000000e+00 3.3605796560e-14 7.4357089742e+00 0.0000000000e+00 0.0000000000e+00 0.0000000000e+00 2.2712700370e-01
136.88226881 7.3482555353e+00 3.3209737532e-14 0.0000000000e+00 3.3209737532e-14 7.3482555353e+00 0.0000000000e+00 0.0000000000e+00 0.0000000000e+00 2.2789327212e-01
137.11908935 7.2623089579e+00 3.2821825287e-14 0.0000000000e+00 3.2821825287e-14 7.2623089579e+00 0.0000000000e+00 0.0000000000e+00 0.0000000000e+00 2.2866239616e-01
137.35590988 7.1778350914e+00 3.2438299772e-14 0.0000000000e+00 3.2438299772e-14 7.1778350914e+00 0.0000000000e+00 0.0000000000e+00 0.0000000000e+00 2.2943439176e-01
137.59273042 7.0948007437e+00 3.2064174393e-14 0.0000000000e+00 3.2064174393e-14 7.0948007437e+00 0.0000000000e+00 0.0000000000e+00 0.0000000000e+00 2.3020927497e-01
137.82955095 7.0131736490e+00 3.1694435743e-14 0.0000000000e+00 3.1694435743e-14 7.0131736490e+00 0.0000000000e+00 0.0000000000e+00 0.0000000000e+00 2.3098706193e-01
138.06637149 6.9329224375e+00 3.1331590525e-14 0.0000000000e+00 3.1331590525e-14 6.9329224375e+00 0.0000000000e+00 0.0000000000e+00 0.0000000000e+00 2.3176776890e-01
138.30319202 6.8540166053e+00 3.0974698727e-14 0.0000000000e+00 3.0974698727e-14 6.8540166053e+00 0.0000000000e+00 0.0000000000e+00 0.0000000000e+00 2.3255141225e-01
138.54001255 6.7764264863e+00 3.0622820334e-14 0.0000000000e+00 3.0622820334e-14 6.7764264863e+00 0.0000000000e+00 0.0000000000e+00 0.0000000000e+00 2.3333800844e-01
138.77683309 6.7001232245e+00 3.0278462049e-14 0.0000000000e+00 3.0278462049e-14 6.7001232245e+00 0.0000000000e+00 0.0000000000e+00 0.0000000000e+00 2.3412757407e-01
139.01365362 6.6250787481e+00 2.9939117169e-14 0.0000000000e+00 2.9939117169e-14 6.6250787481e+00 0.0000000000e+00 0.0000000000e+00 0.0000000000e+00 2.3492012583e-01
139.25047416 6.5512657439e+00 2.9604472357e-14 0.0000000000e+00 2.9604472357e-14 6.5512657439e+00 0.0000000000e+00 0.0000000000e+00 0.0000000000e+00 2.3571568054e-01
139.48729469 6.4786576329e+00 2.9276720978e-14 0.0000000000e+00 2.9276720978e-14 6.4786576329e+00 0.0000000000e+00 0.0000000000e+00 0.0000000000e+00 2.3651425511e-01
139.72411523 6.4072285469e+00 2.8953669666e-14 0.0000000000e+00 2.8953669666e-14 6.4072285469e+00 0.0000000000e+00 0.0000000000e+00 0.0000000000e+00 2.3731586659e-01
139.96093576 6.3369533058e+00 2.8635318422e-14 0.0000000000e+00 2.8635318422e-14 6.3369533058e+00 0.0000000000e+00 0.0000000000e+00 0.0000000000e+00 2.3812053213e-01
140.19775629 6.2678073958e+00 2.8322293921e-14 0.0000000000e+00 2.8322293921e-14 6.2678073958e+00 0.0000000000e+00 0.0000000000e+00 0.0000000000e+00 2.3892826899e-01
140.43457683 6.1997669487e+00 2.8014596163e-14 0.0000000000e+00 2.8014596163e-14 6.1997669487e+00 0.0000000000e+00 0.0000000000e+00 0.0000000000e+00 2.3973909458e-01
140.67139736 6.1328087211e+00 2.7712538486e-14 0.0000000000e+00 2.7712538486e-14 6.1328087211e+00 0.0000000000e+00 0.0000000000e+00 0.0000000000e+00 2.4055302638e-01
140.90821790 6.0669100756e+00 2.7414867539e-14 0.0000000000e+00 2.7414867539e-14 6.0669100756e+00 0.0000000000e+00 0.0000000000e+00 0.0000000000e+00 2.4137008203e-01
141.14503843 6.0020489614e+00 2.7121896660e-14 0.0000000000e+00 2.7121896660e-14 6.0020489614e+00 0.0000000000e+00 0.0000000000e+00 0.0000000000e+00 2.4219027928e-01
141.38185897 5.9382038967e+00 2.6832685834e-14 0.0000000000e+00 2.6832685834e-14 5.9382038967e+00 0.0000000000e+00 0.0000000000e+00 0.0000000000e+00 2.4301363598e-01
141.61867950 5.8753539509e+00 2.6548488414e-14 0.0000000000e+00 2.6548488414e-14 5.8753539509e+00 0.0000000000e+00 0.0000000000e+00 0.0000000000e+00 2.4384017012e-01
141.85550003 5.8134787277e+00 2.6269304400e-14 0.0000000000e+00 2.6269304400e-14 5.8134787277e+00 0.0000000000e+00 0.0000000000e+00 0.0000000000e+00 2.4466989983e-01
142.09232057 5.7525583492e+00 2.5992627088e-14 0.0000000000e+00 2.5992627088e-14 5.7525583492e+00 0.0000000000e+00 0.0000000000e+00 0.0000000000e+00 2.4550284333e-01
142.32914110 5.6925734401e+00 2.5722216533e-14 0.0000000000e+00 2.5722216533e-14 5.6925734401e+00 0.0000000000e+00 0.0000000000e+00 0.0000000000e+00 2.4633901899e-01
142.56596164 5.6335051122e+00 2.5454626019e-14 0.0000000000e+00 2.5454626019e-14 5.6335051122e+00 0.0000000000e+00 0.0000000000e+00 0.0000000000e+00 2.4717844529e-01
142.80278217 5.5753349505e+00 2.5191422234e-14 0.0000000000e+00 2.5191422234e-14 5.5753349505e+00 0.0000000000e+00 0.0000000000e+00 0.0000000000e+00 2.4802114085e-01
143.03960271 5.5180449983e+00 2.4932291841e-14 0.0000000000e+00 2.4932291841e-14 5.5180449983e+00 0.0000000000e+00 0.0000000000e+00 0.0000000000e+00 2.4886712441e-01
143.27642324 5.4616177444e+00 2.4676921503e-14 0.0000000000e+00 2.4676921503e-14 5.4616177444e+00 0.0000000000e+00 0.0000000000e+00 0.0000000000e+00 2.4971641485e-01
143.51324377 5.4060361093e+00 2.4425311218e-14 0.0000000000e+00 2.4425311218e-14 5.4060361093e+00 0.0000000000e+00 0.0000000000e+00 0.0000000000e+00 2.5056903118e-01
143.75006431 5.3512834328e+00 2.4177460988e-14 0.0000000000e+00 2.4177460988e-14 5.3512834328e+00 0.0000000000e+00 0.0000000000e+00 0.0000000000e+00 2.5142499252e-01
143.98688484 5.2973434619e+00 2.3933684149e-14 0.0000000000e+00 2.3933684149e-14 5.2973434619e+00 0.0000000000e+00 0.0000000000e+00 0.0000000000e+00 2.5228431814e-01
144.22370538 5.2442003387e+00 2.3693040689e-14 0.0000000000e+00 2.3693040689e-14 5.2442003387e+00 0.0000000000e+00 0.0000000000e+00 0.0000000000e+00 2.5314702746e-01
144.46052591 5.1918385887e+00 2.3456783958e-14 0.0000000000e+00 2.3456783958e-14 5.1918385887e+00 0.0000000000e+00 0.0000000000e+00 0.0000000000e+00 2.5401314000e-01
144.69734645 5.1402431107e+00 2.3223973944e-14 0.0000000000e+00 2.3223973944e-14 5.1402431107e+00 0.0000000000e+00 0.0000000000e+00 0.0000000000e+00 2.5488267544e-01
144.93416698 5.0893991649e+00 2.2993670632e-14 0.0000000000e+00 2.2993670632e-14 5.0893991649e+00 0.0000000000e+00 0.0000000000e+00 0.0000000000e+00 2.5575565360e-01
145.17098751 5.0392923635e+00 2.2767127375e-14 0.0000000000e+00 2.2767127375e-14 5.0392923635e+00 0.0000000000e+00 0.0000000000e+00 0.0000000000e+00 2.5663209443e-01
145.40780805 4.9899086601e+00 2.2543090820e-14 0.0000000000e+00 2.2543090820e-14 4.9899086601e+00 0.0000000000e+00 0.0000000000e+00 0.0000000000e+00 2.5751201801e-01
145.64462858 4.9412343405e+00 2.2323754333e-14 0.0000000000e+00 2.2323754333e-14 4.9412343405e+00 0.0000000000e+00 0.0000000000e+00 0.0000000000e+00 2.5839544457e-01
145.88144912 4.8932560131e+00 2.2106297872e-14 0.0000000000e+00 2.2106297872e-14 4.8932560131e+00 0.0000000000e+00 0.0000000000e+00 0.0000000000e+00 2.5928239450e-01
146.11826965 4.8459605998e+00 2.1892288128e-14 0.0000000000e+00 2.1892288128e-14 4.8459605998e+00 0.0000000000e+00 0.0000000000e+00 0.0000000000e+00 2.6017288831e-01
146.35509019 4.7993353274e+00 2.1682038439e-14 0.0000000000e+00 2.1682038439e-14 4.7993353274e+00 0.0000000000e+00 0.0000000000e+00 0.0000000000e+00 2.6106694665e-01
146.59191072 4.7533677190e+00 2.1474295451e-14 0.0000000000e+00 2.1474295451e-14 4.7533677190e+00 0.0000000000e+00 0.0000000000e+00 0.0000000000e+00 2.6196459035e-01
146.82873125 4.7080455860e+00 2.1267805815e-14 0.0000000000e+00 2.1267805815e-14 4.7080455860e+00 0.0000000000e+00 0.0000000000e+00 0.0000000000e+00 2.6286584034e-01
147.06555179 4.6633570200e+00 2.1066329585e-14 0.0000000000e+00 2.1066329585e-14 4.6633570200e+00 0.0000000000e+00 0.0000000000e+00 0.0000000000e+00 2.6377071775e-01
147.30237232 4.6192903851e+00 2.0867360057e-14 0.0000000000e+00 2.0867360057e-14 4.6192903851e+00 0.0000000000e+00 0.0000000000e+00 0.0000000000e+00 2.6467924381e-01
147.53919286 4.5758343107e+00 2.0670897232e-14 0.0000000000e+00 2.0670897232e-14 4.5758343107e+00 0.0000000000e+00 0.0000000000e+00 0.0000000000e+00 2.6559143993e-01
147.77601339 4.5329776841e+00 2.0477254448e-14 0.0000000000e+00 2.0477254448e-14 4.5329776841e+00 0.0000000000e+00 0.0000000000e+00 0.0000000000e+00 2.6650732768e-01
148.01283393 4.4907096434e+00 2.0285491691e-14 0.0000000000e+00 2.0285491691e-14 4.4907096434e+00 0.0000000000e+00 0.0000000000e+00 0.0000000000e+00 2.6742692876e-01
148.24965446 4.4490195710e+00 2.0096862312e-14 0.0000000000e+00 2.0096862312e-14 4.4490195710e+00 0.0000000000e+00 0.0000000000e+00 0.0000000000e+00 2.6835026503e-01
148.48647499 4.4078970871e+00 1.9911366311e-14 0.0000000000e+00 1.9911366311e-14 4.4078970871e+00 0.0000000000e+00 0.0000000000e+00 0.0000000000e+00 2.6927735852e-01
148.72329553 4.3673320430e+00 1.9727750337e-14 0.0000000000e+00 1.9727750337e-14 4.3673320430e+00 0.0000000000e+00 0.0000000000e+00 0.0000000000e+00 2.7020823140e-01
148.96011606 4.3273145154e+00 1.9546327729e-14 0.0000000000e+00 1.9546327729e-14 4.3273145154e+00 0.0000000000e+00 0.0000000000e+00 0.0000000000e+00 2.7114290602e-01
149.19693660 4.2878348001e+00 1.9368665174e-14 0.0000000000e+00 1.9368665174e-14 4.2878348001e+00 0.0000000000e+00 0.0000000000e+00 0.0000000000e+00 2.7208140487e-01
149.43375713 4.2488834063e+00 1.9192255971e-14 0.0000000000e+00 1.9192255971e-14 4.2488834063e+00 0.0000000000e+00 0.0000000000e+00 0.0000000000e+00 2.7302375062e-01
149.67057767 4.2104510512e+00 1.9018353470e-14 0.0000000000e+00 1.9018353470e-14 4.2104510512e+00 0.0000000000e+00 0.0000000000e+00 0.0000000000e+00 2.7396996607e-01
149.90739820 4.1725286544e+00 1.8846957672e-14 0.0000000000e+00 1.8846957672e-14 4.1725286544e+00 0.0000000000e+00 0.0000000000e+00 0.0000000000e+00 2.7492007424e-01
150.14421873 4.1351073325e+00 1.8677128563e-14 0.0000000000e+00 1.8677128563e-14 4.1351073325e+00 0.0000000000e+00 0.0000000000e+00 0.0000000000e+00 2.7587409826e-01
150.38103927 4.0981783944e+00 1.8509492820e-14 0.0000000000e+00 1.8509492820e-14 4.0981783944e+00 0.0000000000e+00 0.0000000000e+00 0.0000000000e+00 2.7683206146e-01
150.61785980 4.0617333359e+00 1.8345617130e-14 0.0000000000e+00 1.8345617130e-14 4.0617333359e+00 0.0000000000e+00 0.0000000000e+00 0.0000000000e+00 2.7779398734e-01
150.85468034 4.0257638353e+00 1.8182994791e-14 0.0000000000e+00 1.8182994791e-14 4.0257638353e+00 0.0000000000e+00 0.0000000000e+00 0.0000000000e+00 2.7875989954e-01
151.09150087 3.9902617484e+00 1.8022879156e-14 0.0000000000e+00 1.8022879156e-14 3.9902617484e+00 0.0000000000e+00 0.0000000000e+00 0.0000000000e+00 2.7972982191e-01
151.32832141 3.9552191043e+00 1.7863390196e-14 0.0000000000e+00 1.7863390196e-14 3.9552191043e+00 0.0000000000e+00 0.0000000000e+00 0.0000000000e+00 2.8070377846e-01
151.56514194 3.9206281005e+00 1.7707034614e-14 0.0000000000e+00 1.7707034614e-14 3.9206281005e+00 0.0000000000e+00 0.0000000000e+00 0.0000000000e+00 2.8168179335e-01
151.80196247 3.8864810995e+00 1.7552559060e-14 0.0000000000e+00 1.7552559060e-14 3.8864810995e+00 0.0000000000e+00 0.0000000000e+00 0.0000000000e+00 2.8266389097e-01
152.03878301 3.8527706236e+00 1.7400276870e-14 0.0000000000e+00 1.7400276870e-14 3.8527706236e+00 0.0000000000e+00 0.0000000000e+00 0.0000000000e+00 2.8365009583e-01
152.27560354 3.8194893518e+00 1.7249248032e-14 0.0000000000e+00 1.7249248032e-14 3.8194893518e+00 0.0000000000e+00 0.0000000000e+00 0.0000000000e+00 2.8464043265e-01
152.51242408 3.7866301155e+00 1.7100412558e-14 0.0000000000e+00 1.7100412558e-14 3.7866301155e+00 0.0000000000e+00 0.0000000000e+00 0.0000000000e+00 2.8563492634e-01
152.74924461 3.7541858946e+00 1.6954397125e-14 0.0000000000e+00 1.6954397125e-14 3.7541858946e+00 0.0000000000e+00 0.0000000000e+00 0.0000000000e+00 2.8663360198e-01
152.98606515 3.7221498141e+00 1.6809321706e-14 0.0000000000e+00 1.6809321706e-14 3.7221498141e+00 0.0000000000e+00 0.0000000000e+00 0.0000000000e+00 2.8763648482e-01
153.22288568 3.6905151403e+00 1.6666126313e-14 0.0000000000e+00 1.6666126313e-14 3.6905151403e+00 0.0000000000e+00 0.0000000000e+00 0.0000000000e+00 2.8864360033e-01
153.45970621 3.6592752775e+00 1.6524810948e-14 0.0000000000e+00 1.6524810948e-14 3.6592752775e+00 0.0000000000e+00 0.0000000000e+00 0.0000000000e+00 2.8965497413e-01
153.69652675 3.6284237646e+00 1.6385375610e-14 0.0000000000e+00 1.6385375610e-14 3.6284237646e+00 0.0000000000e+00 0.0000000000e+00 0.0000000000e+00 2.9067063207e-01
153.93334728 3.5979542717e+00 1.6247506961e-14 0.0000000000e+00 1.6247506961e-14 3.5979542717e+00 0.0000000000e+00 0.0000000000e+00 0.0000000000e+00 2.9169060016e-01
154.17016782 3.5678605972e+00 1.6111205001e-14 0.0000000000e+00 1.6111205001e-14 3.5678605972e+00 0.0000000000e+00 0.0000000000e+00 0.0000000000e+00 2.9271490461e-01
154.40698835 3.5381366642e+00 1.5976783068e-14 0.0000000000e+00 1.5976783068e-14 3.5381366642e+00 0.0000000000e+00 0.0000000000e+00 0.0000000000e+00 2.9374357183e-01
154.64380889 3.5087765182e+00 1.5844241162e-14 0.0000000000e+00 1.5844241162e-14 3.5087765182e+00 0.0000000000e+00 0.0000000000e+00 0.0000000000e+00 2.9477662842e-01
154.88062942 3.4797743234e+00 1.5712952607e-14 0.0000000000e+00 1.5712952607e-14 3.4797743234e+00 0.0000000000e+00 0.0000000000e+00 0.0000000000e+00 2.9581410120e-01
155.11744995 3.4511243605e+00 1.5583544080e-14 0.0000000000e+00 1.5583544080e-14 3.4511243605e+00 0.0000000000e+00 0.0000000000e+00 0.0000000000e+00 2.9685601716e-01
155.35427049 3.4228210237e+00 1.5455075566e-14 0.0000000000e+00 1.5455075566e-14 3.4228210237e+00 0.0000000000e+00 0.0000000000e+00 0.0000000000e+00 2.9790240350e-01
155.59109102 3.3948588178e+00 1.5328800417e-14 0.0000000000e+00 1.5328800417e-14 3.3948588178e+00 0.0000000000e+00 0.0000000000e+00 0.0000000000e+00 2.9895328764e-01
155.82791156 3.3672323560e+00 1.5203778619e-14 0.0000000000e+00 1.5203778619e-14 3.3672323560e+00 0.0000000000e+00 0.0000000000e+00 0.0000000000e+00 3.0000869718e-01
156.06473209 3.3399363571e+00 1.5080636849e-14 0.0000000000e+00 1.5080636849e-14 3.3399363571e+00 0.0000000000e+00 0.0000000000e+00 0.0000000000e+00 3.0106865996e-01
156.30155263 3.3129656431e+00 1.4958121754e-14 0.0000000000e+00 1.4958121754e-14 3.3129656431e+00 0.0000000000e+00 0.0000000000e+00 0.0000000000e+00 3.0213320399e-01
156.53837316 3.2863151365e+00 1.4838113361e-14 0.0000000000e+00 1.4838113361e-14 3.2863151365e+00 0.0000000000e+00 0.0000000000e+00 0.0000000000e+00 3.0320235753e-01
156.77519369 3.2599798586e+00 1.4718731645e-14 0.0000000000e+00 1.4718731645e-14 3.2599798586e+00 0.0000000000e+00 0.0000000000e+00 0.0000000000e+00 3.0427614902e-01
157.01201423 3.2339549268e+00 1.4600916617e-14 0.0000000000e+00 1.4600916617e-14 3.2339549268e+00 0.0000000000e+00 0.0000000000e+00 0.0000000000e+00 3.0535460714e-01
157.24883476 3.2082355521e+00 1.4484668279e-14 0.0000000000e+00 1.4484668279e-14 3.2082355521e+00 0.0000000000e+00 0.0000000000e+00 0.0000000000e+00 3.0643776078e-01
157.48565530 3.1828170378e+00 1.4369986630e-14 0.0000000000e+00 1.4369986630e-14 3.1828170378e+00 0.0000000000e+00 0.0000000000e+00 0.0000000000e+00 3.0752563903e-01
157.72247583 3.1576947765e+00 1.4255931657e-14 0.0000000000e+00 1.4255931657e-14 3.1576947765e+00 0.0000000000e+00 0.0000000000e+00 0.0000000000e+00 3.0861827123e-01
157.95929637 3.1328642485e+00 1.4143443372e-14 0.0000000000e+00 1.4143443372e-14 3.1328642485e+00 0.0000000000e+00 0.0000000000e+00 0.0000000000e+00 3.0971568692e-01
158.19611690 3.1083210200e+00 1.4032521777e-14 0.0000000000e+00 1.4032521777e-14 3.1083210200e+00 0.0000000000e+00 0.0000000000e+00 0.0000000000e+00 3.1081791589e-01
158.43293743 3.0840607406e+00 1.3923166872e-14 0.0000000000e+00 1.3923166872e-14 3.0840607406e+00 0.0000000000e+00 0.0000000000e+00 0.0000000000e+00 3.1192498813e-01
158.66975797 3.0600791420e+00 1.3814438642e-14 0.0000000000e+00 1.3814438642e-14 3.0600791420e+00 0.0000000000e+00 0.0000000000e+00 0.0000000000e+00 3.1303693388e-01
158.90657850 3.0363720357e+00 1.3706337087e-14 0.0000000000e+00 1.3706337087e-14 3.0363720357e+00 0.0000000000e+00 0.0000000000e+00 0.0000000000e+00 3.1415378359e-01
159.14339904 3.0129353114e+00 1.3601055573e-14 0.0000000000e+00 1.3601055573e-14 3.0129353114e+00 0.0000000000e+00 0.0000000000e+00 0.0000000000e+00 3.1527556797e-01
159.38021957 2.9897649355e+00 1.3495774059e-14 0.0000000000e+00 1.3495774059e-14 2.9897649355e+00 0.0000000000e+00 0.0000000000e+00 0.0000000000e+00 3.1640231794e-01
159.61704011 2.9668569490e+00 1.3392372573e-14 0.0000000000e+00 1.3392372573e-14 2.9668569490e+00 0.0000000000e+00 0.0000000000e+00 0.0000000000e+00 3.1753406468e-01
159.85386064 2.9442074660e+00 1.3289911099e-14 0.0000000000e+00 1.3289911099e-14 2.9442074660e+00 0.0000000000e+00 0.0000000000e+00 0.0000000000e+00 3.1867083960e-01
160.09068117 2.9218126720e+00 1.3188702977e-14 0.0000000000e+00 1.3188702977e-14 2.9218126720e+00 0.0000000000e+00 0.0000000000e+00 0.0000000000e+00 3.1981267434e-01
160.32750171 2.8996688228e+00 1.3088121531e-14 0.0000000000e+00 1.3088121531e-14 2.8996688228e+00 0.0000000000e+00 0.0000000000e+00 0.0000000000e+00 3.2095960082e-01
160.56432224 2.8777722422e+00 1.2989733450e-14 0.0000000000e+00 1.2989733450e-14 2.8777722422e+00 0.0000000000e+00 0.0000000000e+00 0.0000000000e+00 3.2211165116e-01
160.80114278 2.8561193212e+00 1.2891032030e-14 0.0000000000e+00 1.2891032030e-14 2.8561193212e+00 0.0000000000e+00 0.0000000000e+00 0.0000000000e+00 3.2326885777e-01
161.03796331 2.8347065161e+00 1.2795463989e-14 0.0000000000e+00 1.2795463989e-14 2.8347065161e+00 0.0000000000e+00 0.0000000000e+00 0.0000000000e+00 3.2443125328e-01
161.27478385 2.8135303472e+00 1.2698955935e-14 0.0000000000e+00 1.2698955935e-14 2.8135303472e+00 0.0000000000e+00 0.0000000000e+00 0.0000000000e+00 3.2559887060e-01
161.51160438 2.7925873977e+00 1.2603701232e-14 0.0000000000e+00 1.2603701232e-14 2.7925873977e+00 0.0000000000e+00 0.0000000000e+00 0.0000000000e+00 3.2677174289e-01
161.74842491 2.7718743119e+00 1.2510326556e-14 0.0000000000e+00 1.2510326556e-14 2.7718743119e+00 0.0000000000e+00 0.0000000000e+00 0.0000000000e+00 3.2794990355e-01
161.98524545 2.7513877943e+00 1.2418205231e-14 0.0000000000e+00 1.2418205231e-14 2.7513877943e+00 0.0000000000e+00 0.0000000000e+00 0.0000000000e+00 3.2913338625e-01
162.22206598 2.7311246077e+00 1.2325457231e-14 0.0000000000e+00 1.2325457231e-14 2.7311246077e+00 0.0000000000e+00 0.0000000000e+00 0.0000000000e+00 3.3032222495e-01
162.45888652 2.7110815730e+00 1.2234589258e-14 0.0000000000e+00 1.2234589258e-14 2.7110815730e+00 0.0000000000e+00 0.0000000000e+00 0.0000000000e+00 3.3151645384e-01
162.69570705 2.6912555668e+00 1.2144974636e-14 0.0000000000e+00 1.2144974636e-14 2.6912555668e+00 0.0000000000e+00 0.0000000000e+00 0.0000000000e+00 3.3271610740e-01
162.93252759 2.6716435211e+00 1.2056613365e-14 0.0000000000e+00 1.2056613365e-14 2.6716435211e+00 0.0000000000e+00 0.0000000000e+00 0.0000000000e+00 3.3392122036e-01
163.16934812 2.6522424217e+00 1.1968878770e-14 0.0000000000e+00 1.1968878770e-14 2.6522424217e+00 0.0000000000e+00 0.0000000000e+00 0.0000000000e+00 3.3513182776e-01
163.40616865 2.6330493071e+00 1.1881770851e-14 0.0000000000e+00 1.1881770851e-14 2.6330493071e+00 0.0000000000e+00 0.0000000000e+00 0.0000000000e+00 3.3634796487e-01
163.64298919 2.6140612677e+00 1.1795916283e-14 0.0000000000e+00 1.1795916283e-14 2.6140612677e+00 0.0000000000e+00 0.0000000000e+00 0.0000000000e+00 3.3756966728e-01
163.87980972 2.5952754442e+00 1.1711315067e-14 0.0000000000e+00 1.1711315067e-14 2.5952754442e+00 0.0000000000e+00 0.0000000000e+00 0.0000000000e+00 3.3879697085e-01
164.11663026 2.5766890272e+00 1.1626713850e-14 0.0000000000e+00 1.1626713850e-14 2.5766890272e+00 0.0000000000e+00 0.0000000000e+00 0.0000000000e+00 3.4002991170e-01
164.35345079 2.5582992555e+00 1.1543365985e-14 0.0000000000e+00 1.1543365985e-14 2.5582992555e+00 0.0000000000e+00 0.0000000000e+00 0.0000000000e+00 3.4126852626e-01
164.59027133 2.5401034157e+00 1.1461271471e-14 0.0000000000e+00 1.1461271471e-14 2.5401034157e+00 0.0000000000e+00 0.0000000000e+00 0.0000000000e+00 3.4251285126e-01
164.82709186 2.5220988407e+00 1.1380430309e-14 0.0000000000e+00 1.1380430309e-14 2.5220988407e+00 0.0000000000e+00 0.0000000000e+00 0.0000000000e+00 3.4376292370e-01
165.06391239 2.5042829092e+00 1.1299589146e-14 0.0000000000e+00 1.1299589146e-14 2.5042829092e+00 0.0000000000e+00 0.0000000000e+00 0.0000000000e+00 3.4501878089e-01
165.30073293 2.4866530444e+00 1.1220001335e-14 0.0000000000e+00 1.1220001335e-14 2.4866530444e+00 0.0000000000e+00 0.0000000000e+00 0.0000000000e+00 3.4628046042e-01
165.53755346 2.4692067134e+00 1.1141040200e-14 0.0000000000e+00 1.1141040200e-14 2.4692067134e+00 0.0000000000e+00 0.0000000000e+00 0.0000000000e+00 3.4754800020e-01
165.77437400 2.4519414262e+00 1.1062705740e-14 0.0000000000e+00 1.1062705740e-14 2.4519414262e+00 0.0000000000e+00 0.0000000000e+00 0.0000000000e+00 3.4882143844e-01
166.01119453 2.4348547345e+00 1.0984997956e-14 0.0000000000e+00 1.0984997956e-14 2.4348547345e+00 0.0000000000e+00 0.0000000000e+00 0.0000000000e+00 3.5010081366e-01
166.24801507 2.4179442316e+00 1.0909170199e-14 0.0000000000e+00 1.0909170199e-14 2.4179442316e+00 0.0000000000e+00 0.0000000000e+00 0.0000000000e+00 3.5138616467e-01
166.48483560 2.4012075508e+00 1.0833342442e-14 0.0000000000e+00 1.0833342442e-14 2.4012075508e+00 0.0000000000e+00 0.0000000000e+00 0.0000000000e+00 3.5267753062e-01
166.72165613 2.3846423650e+00 1.0758141361e-14 0.0000000000e+00 1.0758141361e-14 2.3846423650e+00 0.0000000000e+00 0.0000000000e+00 0.0000000000e+00 3.5397495095e-01
166.95847667 2.3682463861e+00 1.0683566955e-14 0.0000000000e+00 1.0683566955e-14 2.3682463861e+00 0.0000000000e+00 0.0000000000e+00 0.0000000000e+00 3.5527846545e-01
167.19529720 2.3520173635e+00 1.0610872577e-14 0.0000000000e+00 1.0610872577e-14 2.3520173635e+00 0.0000000000e+00 0.0000000000e+00 0.0000000000e+00 3.5658811421e-01
167.43211774 2.3359530843e+00 1.0537551522e-14 0.0000000000e+00 1.0537551522e-14 2.3359530843e+00 0.0000000000e+00 0.0000000000e+00 0.0000000000e+00 3.5790393764e-01
167.66893827 2.3200513717e+00 1.0466110495e-14 0.0000000000e+00 1.0466110495e-14 2.3200513717e+00 0.0000000000e+00 0.0000000000e+00 0.0000000000e+00 3.5922597649e-01
167.90575881 2.3043100848e+00 1.0394669468e-14 0.0000000000e+00 1.0394669468e-14 2.3043100848e+00 0.0000000000e+00 0.0000000000e+00 0.0000000000e+00 3.6055427186e-01
168.14257934 2.2887271180e+00 1.0323855116e-14 0.0000000000e+00 1.0323855116e-14 2.2887271180e+00 0.0000000000e+00 0.0000000000e+00 0.0000000000e+00 3.6188886514e-01
168.37939987 2.2733003997e+00 1.0254920792e-14 0.0000000000e+00 1.0254920792e-14 2.2733003997e+00 0.0000000000e+00 0.0000000000e+00 0.0000000000e+00 3.6322979811e-01
168.61622041 2.2580278922e+00 1.0185359791e-14 0.0000000000e+00 1.0185359791e-14 2.2580278922e+00 0.0000000000e+00 0.0000000000e+00 0.0000000000e+00 3.6457711284e-01
168.85304094 2.2429075910e+00 1.0116425467e-14 0.0000000000e+00 1.0116425467e-14 2.2429075910e+00 0.0000000000e+00 0.0000000000e+00 0.0000000000e+00 3.6593085179e-01
169.08986148 2.2279375236e+00 1.0048744494e-14 0.0000000000e+00 1.0048744494e-14 2.2279375236e+00 0.0000000000e+00 0.0000000000e+00 0.0000000000e+00 3.6729105774e-01
169.32668201 2.2131157497e+00 9.9816901961e-15 0.0000000000e+00 9.9816901961e-15 2.2131157497e+00 0.0000000000e+00 0.0000000000e+00 0.0000000000e+00 3.6865777383e-01
169.56350255 2.1984403600e+00 9.9158892499e-15 0.0000000000e+00 9.9158892499e-15 2.1984403600e+00 0.0000000000e+00 0.0000000000e+00 0.0000000000e+00 3.7003104357e-01
169.80032308 2.1839094758e+00 9.8494616280e-15 0.0000000000e+00 9.8494616280e-15 2.1839094758e+00 0.0000000000e+00 0.0000000000e+00 0.0000000000e+00 3.7141091080e-01
170.03714361 2.1695212484e+00 9.7842873576e-15 0.0000000000e+00 9.7842873576e-15 2.1695212484e+00 0.0000000000e+00 0.0000000000e+00 0.0000000000e+00 3.7279741975e-01
170.27396415 2.1552738585e+00 9.7197397627e-15 0.0000000000e+00 9.7197397627e-15 2.1552738585e+00 0.0000000000e+00 0.0000000000e+00 0.0000000000e+00 3.7419061499e-01
170.51078468 2.1411655158e+00 9.6558188436e-15 0.0000000000e+00 9.6558188436e-15 2.1411655158e+00 0.0000000000e+00 0.0000000000e+00 0.0000000000e+00 3.7559054149e-01
170.74760522 2.1271944581e+00 9.5931512758e-15 0.0000000000e+00 9.5931512758e-15 2.1271944581e+00 0.0000000000e+00 0.0000000000e+00 0.0000000000e+00 3.7699724457e-01
170.98442575 2.1133589511e+00 9.5304837080e-15 0.0000000000e+00 9.5304837080e-15 2.1133589511e+00 0.0000000000e+00 0.0000000000e+00 0.0000000000e+00 3.7841076994e-01
171.22124629 2.0996572878e+00 9.4684428159e-15 0.0000000000e+00 9.4684428159e-15 2.0996572878e+00 0.0000000000e+00 0.0000000000e+00 0.0000000000e+00 3.7983116367e-01
171.45806682 2.0860877880e+00 9.4070285995e-15 0.0000000000e+00 9.4070285995e-15 2.0860877880e+00 0.0000000000e+00 0.0000000000e+00 0.0000000000e+00 3.8125847225e-01
171.69488735 2.0726487975e+00 9.3462410588e-15 0.0000000000e+00 9.3462410588e-15 2.0726487975e+00 0.0000000000e+00 0.0000000000e+00 0.0000000000e+00 3.8269274253e-01
171.93170789 2.0593386881e+00 9.2854535180e-15 0.0000000000e+00 9.2854535180e-15 2.0593386881e+00 0.0000000000e+00 0.0000000000e+00 0.0000000000e+00 3.8413402177e-01
172.16852842 2.0461558568e+00 9.2259193286e-15 0.0000000000e+00 9.2259193286e-15 2.0461558568e+00 0.0000000000e+00 0.0000000000e+00 0.0000000000e+00 3.8558235761e-01
172.40534896 2.0330987254e+00 9.1663851392e-15 0.0000000000e+00 9.1663851392e-15 2.0330987254e+00 0.0000000000e+00 0.0000000000e+00 0.0000000000e+00 3.8703779810e-01
172.64216949 2.0201657402e+00 9.1081043012e-15 0.0000000000e+00 9.1081043012e-15 2.0201657402e+00 0.0000000000e+00 0.0000000000e+00 0.0000000000e+00 3.8850039170e-01
172.87899003 2.0073553711e+00 9.0504501388e-15 0.0000000000e+00 9.0504501388e-15 2.0073553711e+00 0.0000000000e+00 0.0000000000e+00 0.0000000000e+00 3.8997018726e-01
173.11581056 1.9946661118e+00 8.9927959765e-15 0.0000000000e+00 8.9927959765e-15 1.9946661118e+00 0.0000000000e+00 0.0000000000e+00 0.0000000000e+00 3.9144723408e-01
173.35263109 1.9820964788e+00 8.9357684898e-15 0.0000000000e+00 8.9357684898e-15 1.9820964788e+00 0.0000000000e+00 0.0000000000e+00 0.0000000000e+00 3.9293158183e-01
173.58945163 1.9696450114e+00 8.8793676788e-15 0.0000000000e+00 8.8793676788e-15 1.9696450114e+00 0.0000000000e+00 0.0000000000e+00 0.0000000000e+00 3.9442328064e-01
173.82627216 1.9573102709e+00 8.8242202192e-15 0.0000000000e+00 8.8242202192e-15 1.9573102709e+00 0.0000000000e+00 0.0000000000e+00 0.0000000000e+00 3.9592238104e-01
174.06309270 1.9450908407e+00 8.7690727595e-15 0.0000000000e+00 8.7690727595e-15 1.9450908407e+00 0.0000000000e+00 0.0000000000e+00 0.0000000000e+00 3.9742893400e-01
174.29991323 1.9329853253e+00 8.7132986242e-15 0.0000000000e+00 8.7132986242e-15 1.9329853253e+00 0.0000000000e+00 0.0000000000e+00 0.0000000000e+00 3.9894299094e-01
174.53673377 1.9209923504e+00 8.6594045159e-15 0.0000000000e+00 8.6594045159e-15 1.9209923504e+00 0.0000000000e+00 0.0000000000e+00 0.0000000000e+00 4.0046460369e-01
174.77355430 1.9091105622e+00 8.6055104076e-15 0.0000000000e+00 8.6055104076e-15 1.9091105622e+00 0.0000000000e+00 0.0000000000e+00 0.0000000000e+00 4.0199382454e-01
175.01037483 1.8973386275e+00 8.5522429750e-15 0.0000000000e+00 8.5522429750e-15 1.8973386275e+00 0.0000000000e+00 0.0000000000e+00 0.0000000000e+00 4.0353070622e-01
175.24719537 1.8856752327e+00 8.4996022181e-15 0.0000000000e+00 8.4996022181e-15 1.8856752327e+00 0.0000000000e+00 0.0000000000e+00 0.0000000000e+00 4.0507530193e-01
175.48401590 1.8741190838e+00 8.4469614611e-15 0.0000000000e+00 8.4469614611e-15 1.8741190838e+00 0.0000000000e+00 0.0000000000e+00 0.0000000000e+00 4.0662766532e-01
175.72083644 1.8626689061e+00 8.3949473799e-15 0.0000000000e+00 8.3949473799e-15 1.8626689061e+00 0.0000000000e+00 0.0000000000e+00 0.0000000000e+00 4.0818785048e-01
175.95765697 1.8513234438e+00 8.3441866500e-15 0.0000000000e+00 8.3441866500e-15 1.8513234438e+00 0.0000000000e+00 0.0000000000e+00 0.0000000000e+00 4.0975591199e-01
176.19447751 1.8400814595e+00 8.2927992444e-15 0.0000000000e+00 8.2927992444e-15 1.8400814595e+00 0.0000000000e+00 0.0000000000e+00 0.0000000000e+00 4.1133190491e-01
176.43129804 1.8289417341e+00 8.2420385145e-15 0.0000000000e+00 8.2420385145e-15 1.8289417341e+00 0.0000000000e+00 0.0000000000e+00 0.0000000000e+00 4.1291588475e-01
176.66811857 1.8179030664e+00 8.1925311359e-15 0.0000000000e+00 8.1925311359e-15 1.8179030664e+00 0.0000000000e+00 0.0000000000e+00 0.0000000000e+00 4.1450790751e-01
176.90493911 1.8069642728e+00 8.1430237574e-15 0.0000000000e+00 8.1430237574e-15 1.8069642728e+00 0.0000000000e+00 0.0000000000e+00 0.0000000000e+00 4.1610802970e-01
177.14175964 1.7961241868e+00 8.0935163788e-15 0.0000000000e+00 8.0935163788e-15 1.7961241868e+00 0.0000000000e+00 0.0000000000e+00 0.0000000000e+00 4.1771630829e-01
177.37858018 1.7853816592e+00 8.0452623517e-15 0.0000000000e+00 8.0452623517e-15 1.7853816592e+00 0.0000000000e+00 0.0000000000e+00 0.0000000000e+00 4.1933280076e-01
177.61540071 1.7747355572e+00 7.9970083245e-15 0.0000000000e+00 7.9970083245e-15 1.7747355572e+00 0.0000000000e+00 0.0000000000e+00 0.0000000000e+00 4.2095756511e-01
177.85222125 1.7641847644e+00 7.9487542973e-15 0.0000000000e+00 7.9487542973e-15 1.7641847644e+00 0.0000000000e+00 0.0000000000e+00 0.0000000000e+00 4.2259065981e-01
178.08904178 1.7537281806e+00 7.9023802971e-15 0.0000000000e+00 7.9023802971e-15 1.7537281806e+00 0.0000000000e+00 0.0000000000e+00 0.0000000000e+00 4.2423214386e-01
178.32586231 1.7433647215e+00 7.8547529456e-15 0.0000000000e+00 7.8547529456e-15 1.7433647215e+00 0.0000000000e+00 0.0000000000e+00 0.0000000000e+00 4.2588207680e-01
178.56268285 1.7330933182e+00 7.8083789454e-15 0.0000000000e+00 7.8083789454e-15 1.7330933182e+00 0.0000000000e+00 0.0000000000e+00 0.0000000000e+00 4.2754051867e-01
178.79950338 1.7229129171e+00 7.7626316210e-15 0.0000000000e+00 7.7626316210e-15 1.7229129171e+00 0.0000000000e+00 0.0000000000e+00 0.0000000000e+00 4.2920753004e-01
179.03632392 1.7128224798e+00 7.7168842965e-15 0.0000000000e+00 7.7168842965e-15 1.7128224798e+00 0.0000000000e+00 0.0000000000e+00 0.0000000000e+00 4.3088317202e-01
179.27314445 1.7028209825e+00 7.6717636477e-15 0.0000000000e+00 7.6717636477e-15 1.7028209825e+00 0.0000000000e+00 0.0000000000e+00 0.0000000000e+00 4.3256750626e-01
179.50996499 1.6929074159e+00 7.6260163232e-15 0.0000000000e+00 7.6260163232e-15 1.6929074159e+00 0.0000000000e+00 0.0000000000e+00 0.0000000000e+00 4.3426059495e-01
179.74678552 1.6830807851e+00 7.5827757014e-15 0.0000000000e+00 7.5827757014e-15 1.6830807851e+00 0.0000000000e+00 0.0000000000e+00 0.0000000000e+00 4.3596250085e-01
179.98360605 1.6733401093e+00 7.5382817283e-15 0.0000000000e+00 7.5382817283e-15 1.6733401093e+00 0.0000000000e+00 0.0000000000e+00 0.0000000000e+00 4.3767328726e-01
180.22042659 1.6636844213e+00 7.4944144309e-15 0.0000000000e+00 7.4944144309e-15 1.6636844213e+00 0.0000000000e+00 0.0000000000e+00 0.0000000000e+00 4.3939301805e-01
180.45724712 1.6541127675e+00 7.4505471334e-15 0.0000000000e+00 7.4505471334e-15 1.6541127675e+00 0.0000000000e+00 0.0000000000e+00 0.0000000000e+00 4.4112175767e-01
180.69406766 1.6446242079e+00 7.4085598630e-15 0.0000000000e+00 7.4085598630e-15 1.6446242079e+00 0.0000000000e+00 0.0000000000e+00 0.0000000000e+00 4.4285957112e-01
180.93088819 1.6352178152e+00 7.3653192412e-15 0.0000000000e+00 7.3653192412e-15 1.6352178152e+00 0.0000000000e+00 0.0000000000e+00 0.0000000000e+00 4.4460652402e-01
181.16770873 1.6258926754e+00 7.3227052951e-15 0.0000000000e+00 7.3227052951e-15 1.6258926754e+00 0.0000000000e+00 0.0000000000e+00 0.0000000000e+00 4.4636268254e-01
181.40452926 1.6166478870e+00 7.2807180247e-15 0.0000000000e+00 7.2807180247e-15 1.6166478870e+00 0.0000000000e+00 0.0000000000e+00 0.0000000000e+00 4.4812811347e-01
181.64134979 1.6074825609e+00 7.2393574300e-15 0.0000000000e+00 7.2393574300e-15 1.6074825609e+00 0.0000000000e+00 0.0000000000e+00 0.0000000000e+00 4.4990288420e-01
181.87817033 1.5983958204e+00 7.1986235109e-15 0.0000000000e+00 7.1986235109e-15 1.5983958204e+00 0.0000000000e+00 0.0000000000e+00 0.0000000000e+00 4.5168706272e-01
182.11499086 1.5893868009e+00 7.1572629162e-15 0.0000000000e+00 7.1572629162e-15 1.5893868009e+00 0.0000000000e+00 0.0000000000e+00 0.0000000000e+00 4.5348071763e-01
182.35181140 1.5804546495e+00 7.1171556728e-15 0.0000000000e+00 7.1171556728e-15 1.5804546495e+00 0.0000000000e+00 0.0000000000e+00 0.0000000000e+00 4.5528391817e-01
182.58863193 1.5715985252e+00 7.0770484294e-15 0.0000000000e+00 7.0770484294e-15 1.5715985252e+00 0.0000000000e+00 0.0000000000e+00 0.0000000000e+00 4.5709673420e-01
182.82545246 1.5628175983e+00 7.0375678617e-15 0.0000000000e+00 7.0375678617e-15 1.5628175983e+00 0.0000000000e+00 0.0000000000e+00 0.0000000000e+00 4.5891923620e-01
183.06227300 1.5541110505e+00 6.9980872940e-15 0.0000000000e+00 6.9980872940e-15 1.5541110505e+00 0.0000000000e+00 0.0000000000e+00 0.0000000000e+00 4.6075149531e-01
183.29909353 1.5454780745e+00 6.9586067263e-15 0.0000000000e+00 6.9586067263e-15 1.5454780745e+00 0.0000000000e+00 0.0000000000e+00 0.0000000000e+00 4.6259358331e-01
183.53591407 1.5369178741e+00 6.9197528343e-15 0.0000000000e+00 6.9197528343e-15 1.5369178741e+00 0.0000000000e+00 0.0000000000e+00 0.0000000000e+00 4.6444557265e-01
183.77273460 1.5284296638e+00 6.8815256180e-15 0.0000000000e+00 6.8815256180e-15 1.5284296638e+00 0.0000000000e+00 0.0000000000e+00 0.0000000000e+00 4.6630753643e-01
184.00955514 1.5200126686e+00 6.8439250773e-15 0.0000000000e+00 6.8439250773e-15 1.5200126686e+00 0.0000000000e+00 0.0000000000e+00 0.0000000000e+00 4.6817954841e-01
184.24637567 1.5116661241e+00 6.8063245366e-15 0.0000000000e+00 6.8063245366e-15 1.5116661241e+00 0.0000000000e+00 0.0000000000e+00 0.0000000000e+00 4.7006168306e-01
184.48319620 1.5033892759e+00 6.7680973203e-15 0.0000000000e+00 6.7680973203e-15 1.5033892759e+00 0.0000000000e+00 0.0000000000e+00 0.0000000000e+00 4.7195401551e-01
184.72001674 1.4951813799e+00 6.7304967796e-15 0.0000000000e+00 6.7304967796e-15 1.4951813799e+00 0.0000000000e+00 0.0000000000e+00 0.0000000000e+00 4.7385662159e-01
184.95683727 1.4870417018e+00 6.6941495903e-15 0.0000000000e+00 6.6941495903e-15 1.4870417018e+00 0.0000000000e+00 0.0000000000e+00 0.0000000000e+00 4.7576957783e-01
185.19365781 1.4789695172e+00 6.6571757253e-15 0.0000000000e+00 6.6571757253e-15 1.4789695172e+00 0.0000000000e+00 0.0000000000e+00 0.0000000000e+00 4.7769296147e-01
185.43047834 1.4709641111e+00 6.6214552117e-15 0.0000000000e+00 6.6214552117e-15 1.4709641111e+00 0.0000000000e+00 0.0000000000e+00 0.0000000000e+00 4.7962685047e-01
185.66729888 1.4630247782e+00 6.5851080224e-15 0.0000000000e+00 6.5851080224e-15 1.4630247782e+00 0.0000000000e+00 0.0000000000e+00 0.0000000000e+00 4.8157132352e-01
185.90411941 1.4551508224e+00 6.5500141844e-15 0.0000000000e+00 6.5500141844e-15 1.4551508224e+00 0.0000000000e+00 0.0000000000e+00 0.0000000000e+00 4.8352646002e-01
186.14093994 1.4473415567e+00 6.5142936708e-15 0.0000000000e+00 6.5142936708e-15 1.4473415567e+00 0.0000000000e+00 0.0000000000e+00 0.0000000000e+00 4.8549234013e-01
186.37776048 1.4395963032e+00 6.4791998328e-15 0.0000000000e+00 6.4791998328e-15 1.4395963032e+00 0.0000000000e+00 0.0000000000e+00 0.0000000000e+00 4.8746904476e-01
186.61458101 1.4319143928e+00 6.4447326705e-15 0.0000000000e+00 6.4447326705e-15 1.4319143928e+00 0.0000000000e+00 0.0000000000e+00 0.0000000000e+00 4.8945665557e-01
186.85140155 1.4242951654e+00 6.4096388326e-15 0.0000000000e+00 6.4096388326e-15 1.4242951654e+00 0.0000000000e+00 0.0000000000e+00 0.0000000000e+00 4.9145525498e-01
187.08822208 1.4167379691e+00 6.3757983460e-15 0.0000000000e+00 6.3757983460e-15 1.4167379691e+00 0.0000000000e+00 0.0000000000e+00 0.0000000000e+00 4.9346492620e-01
187.32504262 1.4092421608e+00 6.3413311837e-15 0.0000000000e+00 6.3413311837e-15 1.4092421608e+00 0.0000000000e+00 0.0000000000e+00 0.0000000000e+00 4.9548575322e-01
187.56186315 1.4018071056e+00 6.3081173728e-15 0.0000000000e+00 6.3081173728e-15 1.4018071056e+00 0.0000000000e+00 0.0000000000e+00 0.0000000000e+00 4.9751782082e-01
187.79868368 1.3944321769e+00 6.2749035619e-15 0.0000000000e+00 6.2749035619e-15 1.3944321769e+00 0.0000000000e+00 0.0000000000e+00 0.0000000000e+00 4.9956121458e-01
188.03550422 1.3871167560e+00 6.2416897509e-15 0.0000000000e+00 6.2416897509e-15 1.3871167560e+00 0.0000000000e+00 0.0000000000e+00 0.0000000000e+00 5.0161602089e-01
188.27232475 1.3798602324e+00 6.2084759400e-15 0.0000000000e+00 6.2084759400e-15 1.3798602324e+00 0.0000000000e+00 0.0000000000e+00 0.0000000000e+00 5.0368232696e-01
188.50914529 1.3726620033e+00 6.1758888048e-15 0.0000000000e+00 6.1758888048e-15 1.3726620033e+00 0.0000000000e+00 0.0000000000e+00 0.0000000000e+00 5.0576022083e-01
188.74596582 1.3655214736e+00 6.1439283452e-15 0.0000000000e+00 6.1439283452e-15 1.3655214736e+00 0.0000000000e+00 0.0000000000e+00 0.0000000000e+00 5.0784979139e-01
188.98278636 1.3584380559e+00 6.1113412099e-15 0.0000000000e+00 6.1113412099e-15 1.3584380559e+00 0.0000000000e+00 0.0000000000e+00 0.0000000000e+00 5.0995112837e-01
189.21960689 1.3514111702e+00 6.0800074261e-15 0.0000000000e+00 6.0800074261e-15 1.3514111702e+00 0.0000000000e+00 0.0000000000e+00 0.0000000000e+00 5.1206432234e-01
189.45642742 1.3444402440e+00 6.0474202908e-15 0.0000000000e+00 6.0474202908e-15 1.3444402440e+00 0.0000000000e+00 0.0000000000e+00 0.0000000000e+00 5.1418946477e-01
189.69324796 1.3375247118e+00 6.0167131826e-15 0.0000000000e+00 6.0167131826e-15 1.3375247118e+00 0.0000000000e+00 0.0000000000e+00 0.0000000000e+00 5.1632664798e-01
189.93006849 1.3306640155e+00 5.9853793987e-15 0.0000000000e+00 5.9853793987e-15 1.3306640155e+00 0.0000000000e+00 0.0000000000e+00 0.0000000000e+00 5.1847596520e-01
190.16688903 1.3238576040e+00 5.9546722905e-15 0.0000000000e+00 5.9546722905e-15 1.3238576040e+00 0.0000000000e+00 0.0000000000e+00 0.0000000000e+00 5.2063751056e-01
190.40370956 1.3171049331e+00 5.9239651823e-15 0.0000000000e+00 5.9239651823e-15 1.3171049331e+00 0.0000000000e+00 0.0000000000e+00 0.0000000000e+00 5.2281137906e-01
190.64053010 1.3104054654e+00 5.8938847497e-15 0.0000000000e+00 5.8938847497e-15 1.3104054654e+00 0.0000000000e+00 0.0000000000e+00 0.0000000000e+00 5.2499766667e-01
190.87735063 1.3037586702e+00 5.8631776415e-15 0.0000000000e+00 5.8631776415e-15 1.3037586702e+00 0.0000000000e+00 0.0000000000e+00 0.0000000000e+00 5.2719647027e-01
191.11417116 1.2971640237e+00 5.8337238847e-15 0.0000000000e+00 5.8337238847e-15 1.2971640237e+00 0.0000000000e+00 0.0000000000e+00 0.0000000000e+00 5.2940788766e-01
191.35099170 1.2906210083e+00 5.8042701278e-15 0.0000000000e+00 5.8042701278e-15 1.2906210083e+00 0.0000000000e+00 0.0000000000e+00 0.0000000000e+00 5.3163201763e-01
191.58781223 1.2841291129e+00 5.7748163710e-15 0.0000000000e+00 5.7748163710e-15 1.2841291129e+00 0.0000000000e+00 0.0000000000e+00 0.0000000000e+00 5.3386895990e-01
191.82463277 1.2776878330e+00 5.7453626141e-15 0.0000000000e+00 5.7453626141e-15 1.2776878330e+00 0.0000000000e+00 0.0000000000e+00 0.0000000000e+00 5.3611881519e-01
192.06145330 1.2712966700e+00 5.7165355329e-15 0.0000000000e+00 5.7165355329e-15 1.2712966700e+00 0.0000000000e+00 0.0000000000e+00 0.0000000000e+00 5.3838168519e-01
192.29827384 1.2649551317e+00 5.6877084518e-15 0.0000000000e+00 5.6877084518e-15 1.2649551317e+00 0.0000000000e+00 0.0000000000e+00 0.0000000000e+00 5.4065767260e-01
192.53509437 1.2586627319e+00 5.6595080462e-15 0.0000000000e+00 5.6595080462e-15 1.2586627319e+00 0.0000000000e+00 0.0000000000e+00 0.0000000000e+00 5.4294688111e-01
192.77191490 1.2524189903e+00 5.6306809651e-15 0.0000000000e+00 5.6306809651e-15 1.2524189903e+00 0.0000000000e+00 0.0000000000e+00 0.0000000000e+00 5.4524941544e-01
193.00873544 1.2462234325e+00 5.6031072352e-15 0.0000000000e+00 5.6031072352e-15 1.2462234325e+00 0.0000000000e+00 0.0000000000e+00 0.0000000000e+00 5.4756538136e-01
193.24555597 1.2400755901e+00 5.5742801541e-15 0.0000000000e+00 5.5742801541e-15 1.2400755901e+00 0.0000000000e+00 0.0000000000e+00 0.0000000000e+00 5.4989488567e-01
193.48237651 1.2339750001e+00 5.5467064242e-15 0.0000000000e+00 5.5467064242e-15 1.2339750001e+00 0.0000000000e+00 0.0000000000e+00 0.0000000000e+00 5.5223803622e-01
193.71919704 1.2279212055e+00 5.5197593701e-15 0.0000000000e+00 5.5197593701e-15 1.2279212055e+00 0.0000000000e+00 0.0000000000e+00 0.0000000000e+00 5.5459494194e-01
193.95601758 1.2219137544e+00 5.4928123160e-15 0.0000000000e+00 5.4928123160e-15 1.2219137544e+00 0.0000000000e+00 0.0000000000e+00 0.0000000000e+00 5.5696571286e-01
194.19283811 1.2159522009e+00 5.4658652618e-15 0.0000000000e+00 5.4658652618e-15 1.2159522009e+00 0.0000000000e+00 0.0000000000e+00 0.0000000000e+00 5.5935046008e-01
194.42965864 1.2100361040e+00 5.4382915320e-15 0.0000000000e+00 5.4382915320e-15 1.2100361040e+00 0.0000000000e+00 0.0000000000e+00 0.0000000000e+00 5.6174929582e-01
194.66647918 1.2041650284e+00 5.4119711535e-15 0.0000000000e+00 5.4119711535e-15 1.2041650284e+00 0.0000000000e+00 0.0000000000e+00 0.0000000000e+00 5.6416233343e-01
194.90329971 1.1983385439e+00 5.3862774507e-15 0.0000000000e+00 5.3862774507e-15 1.1983385439e+00 0.0000000000e+00 0.0000000000e+00 0.0000000000e+00 5.6658968738e-01
195.14012025 1.1925562253e+00 5.3599570723e-15 0.0000000000e+00 5.3599570723e-15 1.1925562253e+00 0.0000000000e+00 0.0000000000e+00 0.0000000000e+00 5.6903147331e-01
195.37694078 1.1868176528e+00 5.3336366938e-15 0.0000000000e+00 5.3336366938e-15 1.1868176528e+00 0.0000000000e+00 0.0000000000e+00 0.0000000000e+00 5.7148780801e-01
195.61376132 1.1811224114e+00 5.3079429910e-15 0.0000000000e+00 5.3079429910e-15 1.1811224114e+00 0.0000000000e+00 0.0000000000e+00 0.0000000000e+00 5.7395880945e-01
195.85058185 1.1754700911e+00 5.2822492882e-15 0.0000000000e+00 5.2822492882e-15 1.1754700911e+00 0.0000000000e+00 0.0000000000e+00 0.0000000000e+00 5.7644459679e-01
196.08740238 1.1698602868e+00 5.2565555854e-15 0.0000000000e+00 5.2565555854e-15 1.1698602868e+00 0.0000000000e+00 0.0000000000e+00 0.0000000000e+00 5.7894529041e-01
196.32422292 1.1642925982e+00 5.2308618826e-15 0.0000000000e+00 5.2308618826e-15 1.1642925982e+00 0.0000000000e+00 0.0000000000e+00 0.0000000000e+00 5.8146101191e-01
196.56104345 1.1587666299e+00 5.2057948555e-15 0.0000000000e+00 5.2057948555e-15 1.1587666299e+00 0.0000000000e+00 0.0000000000e+00 0.0000000000e+00 5.8399188410e-01
196.79786399 1.1532819908e+00 5.1813545041e-15 0.0000000000e+00 5.1813545041e-15 1.1532819908e+00 0.0000000000e+00 0.0000000000e+00 0.0000000000e+00 5.8653803108e-01
197.03468452 1.1478382947e+00 5.1569141527e-15 0.0000000000e+00 5.1569141527e-15 1.1478382947e+00 0.0000000000e+00 0.0000000000e+00 0.0000000000e+00 5.8909957819e-01
197.27150506 1.1424351600e+00 5.1324738012e-15 0.0000000000e+00 5.1324738012e-15 1.1424351600e+00 0.0000000000e+00 0.0000000000e+00 0.0000000000e+00 5.9167665206e-01
197.50832559 1.1370722093e+00 5.1074067741e-15 0.0000000000e+00 5.1074067741e-15 1.1370722093e+00 0.0000000000e+00 0.0000000000e+00 0.0000000000e+00 5.9426938062e-01
197.74514612 1.1317490699e+00 5.0829664227e-15 0.0000000000e+00 5.0829664227e-15 1.1317490699e+00 0.0000000000e+00 0.0000000000e+00 0.0000000000e+00 5.9687789312e-01
197.98196666 1.1264653733e+00 5.0591527469e-15 0.0000000000e+00 5.0591527469e-15 1.1264653733e+00 0.0000000000e+00 0.0000000000e+00 0.0000000000e+00 5.9950232014e-01
198.21878719 1.1212207553e+00 5.0353390712e-15 0.0000000000e+00 5.0353390712e-15 1.1212207553e+00 0.0000000000e+00 0.0000000000e+00 0.0000000000e+00 6.0214279359e-01
198.45560773 1.1160148561e+00 5.0121520711e-15 0.0000000000e+00 5.0121520711e-15 1.1160148561e+00 0.0000000000e+00 0.0000000000e+00 0.0000000000e+00 6.0479944676e-01
198.69242826 1.1108473197e+00 4.9889650710e-15 0.0000000000e+00 4.9889650710e-15 1.1108473197e+00 0.0000000000e+00 0.0000000000e+00 0.0000000000e+00 6.0747241432e-01
198.92924880 1.1057177948e+00 4.9657780709e-15 0.0000000000e+00 4.9657780709e-15 1.1057177948e+00 0.0000000000e+00 0.0000000000e+00 0.0000000000e+00 6.1016183233e-01
199.16606933 1.1006259336e+00 4.9425910708e-15 0.0000000000e+00 4.9425910708e-15 1.1006259336e+00 0.0000000000e+00 0.0000000000e+00 0.0000000000e+00 6.1286783828e-01
199.40288986 1.0955713926e+00 4.9194040708e-15 0.0000000000e+00 4.9194040708e-15 1.0955713926e+00 0.0000000000e+00 0.0000000000e+00 0.0000000000e+00 6.1559057107e-01
199.63971040 1.0905538323e+00 4.8962170707e-15 0.0000000000e+00 4.8962170707e-15 1.0905538323e+00 0.0000000000e+00 0.0000000000e+00 0.0000000000e+00 6.1833017108e-01
199.87653093 1.0855729169e+00 4.8742834220e-15 0.0000000000e+00 4.8742834220e-15 1.0855729169e+00 0.0000000000e+00 0.0000000000e+00 0.0000000000e+00 6.2108678013e-01
200.11335147 1.0806283147e+00 4.8517230976e-15 0.0000000000e+00 4.8517230976e-15 1.0806283147e+00 0.0000000000e+00 0.0000000000e+00 0.0000000000e+00 6.2386054156e-01
200.35017200 1.0757196975e+00 4.8291627732e-15 0.0000000000e+00 4.8291627732e-15 1.0757196975e+00 0.0000000000e+00 0.0000000000e+00 0.0000000000e+00 6.2665160019e-01
200.58699254 1.0708467411e+00 4.8072291244e-15 0.0000000000e+00 4.8072291244e-15 1.0708467411e+00 0.0000000000e+00 0.0000000000e+00 0.0000000000e+00 6.2946010237e-01
200.82381307 1.0660091248e+00 4.7852954757e-15 0.0000000000e+00 4.7852954757e-15 1.0660091248e+00 0.0000000000e+00 0.0000000000e+00 0.0000000000e+00 6.3228619601e-01
201.06063360 1.0612065317e+00 4.7639885027e-15 0.0000000000e+00 4.7639885027e-15 1.0612065317e+00 0.0000000000e+00 0.0000000000e+00 0.0000000000e+00 6.3513003058e-01
201.29745414 1.0564386485e+00 4.7414281783e-15 0.0000000000e+00 4.7414281783e-15 1.0564386485e+00 0.0000000000e+00 0.0000000000e+00 0.0000000000e+00 6.3799175711e-01
201.53427467 1.0517051652e+00 4.7207478809e-15 0.0000000000e+00 4.7207478809e-15 1.0517051652e+00 0.0000000000e+00 0.0000000000e+00 0.0000000000e+00 6.4087152827e-01
201.77109521 1.0470057756e+00 4.6988142322e-15 0.0000000000e+00 4.6988142322e-15 1.0470057756e+00 0.0000000000e+00 0.0000000000e+00 0.0000000000e+00 6.4376949834e-01
202.00791574 1.0423401768e+00 4.6781339348e-15 0.0000000000e+00 4.6781339348e-15 1.0423401768e+00 0.0000000000e+00 0.0000000000e+00 0.0000000000e+00 6.4668582324e-01
202.24473628 1.0377080693e+00 4.6574536374e-15 0.0000000000e+00 4.6574536374e-15 1.0377080693e+00 0.0000000000e+00 0.0000000000e+00 0.0000000000e+00 6.4962066057e-01
202.48155681 1.0331091571e+00 4.6355199887e-15 0.0000000000e+00 4.6355199887e-15 1.0331091571e+00 0.0000000000e+00 0.0000000000e+00 0.0000000000e+00 6.5257416961e-01
202.71837734 1.0285431473e+00 4.6154663670e-15 0.0000000000e+00 4.6154663670e-15 1.0285431473e+00 0.0000000000e+00 0.0000000000e+00 0.0000000000e+00 6.5554651135e-01
202.95519788 1.0240097504e+00 4.5947860697e-15 0.0000000000e+00 4.5947860697e-15 1.0240097504e+00 0.0000000000e+00 0.0000000000e+00 0.0000000000e+00 6.5853784852e-01
203.19201841 1.0195086802e+00 4.5741057723e-15 0.0000000000e+00 4.5741057723e-15 1.0195086802e+00 0.0000000000e+00 0.0000000000e+00 0.0000000000e+00 6.6154834561e-01
203.42883895 1.0150396535e+00 4.5540521506e-15 0.0000000000e+00 4.5540521506e-15 1.0150396535e+00 0.0000000000e+00 0.0000000000e+00 0.0000000000e+00 6.6457816886e-01
203.66565948 1.0106023904e+00 4.5339985289e-15 0.0000000000e+00 4.5339985289e-15 1.0106023904e+00 0.0000000000e+00 0.0000000000e+00 0.0000000000e+00 6.6762748635e-01
203.90248002 1.0061966140e+00 4.5133182315e-15 0.0000000000e+00 4.5133182315e-15 1.0061966140e+00 0.0000000000e+00 0.0000000000e+00 0.0000000000e+00 6.7069646795e-01
204.13930055 1.0018220506e+00 4.4938912855e-15 0.0000000000e+00 4.4938912855e-15 1.0018220506e+00 0.0000000000e+00 0.0000000000e+00 0.0000000000e+00 6.7378528540e-01
204.37612108 9.9747842935e-01 4.4744643395e-15 0.0000000000e+00 4.4744643395e-15 9.9747842935e-01 0.0000000000e+00 0.0000000000e+00 0.0000000000e+00 6.7689411230e-01
204.61294162 9.9316548249e-01 4.4544107178e-15 0.0000000000e+00 4.4544107178e-15 9.9316548249e-01 0.0000000000e+00 0.0000000000e+00 0.0000000000e+00 6.8002312416e-01
204.84976215 9.8888294518e-01 4.4349837718e-15 0.0000000000e+00 4.4349837718e-15 9.8888294518e-01 0.0000000000e+00 0.0000000000e+00 0.0000000000e+00 6.8317249840e-01
205.08658269 9.8463055550e-01 4.4155568258e-15 0.0000000000e+00 4.4155568258e-15 9.8463055550e-01 0.0000000000e+00 0.0000000000e+00 0.0000000000e+00 6.8634241439e-01
205.32340322 9.8040805438e-01 4.3961298798e-15 0.0000000000e+00 4.3961298798e-15 9.8040805438e-01 0.0000000000e+00 0.0000000000e+00 0.0000000000e+00 6.8953305348e-01
205.56022376 9.7621518558e-01 4.3773296095e-15 0.0000000000e+00 4.3773296095e-15 9.7621518558e-01 0.0000000000e+00 0.0000000000e+00 0.0000000000e+00 6.9274459901e-01
205.79704429 9.7205169568e-01 4.3591560148e-15 0.0000000000e+00 4.3591560148e-15 9.7205169568e-01 0.0000000000e+00 0.0000000000e+00 0.0000000000e+00 6.9597723634e-01
206.03386482 9.6791733399e-01 4.3397290688e-15 0.0000000000e+00 4.3397290688e-15 9.6791733399e-01 0.0000000000e+00 0.0000000000e+00 0.0000000000e+00 6.9923115291e-01
206.27068536 9.6381185256e-01 4.3215554741e-15 0.0000000000e+00 4.3215554741e-15 9.6381185256e-01 0.0000000000e+00 0.0000000000e+00 0.0000000000e+00 7.0250653822e-01
206.50750589 9.5973500612e-01 4.3027552038e-15 0.0000000000e+00 4.3027552038e-15 9.5973500612e-01 0.0000000000e+00 0.0000000000e+00 0.0000000000e+00 7.0580358387e-01
206.74432643 9.5568655207e-01 4.2845816091e-15 0.0000000000e+00 4.2845816091e-15 9.5568655207e-01 0.0000000000e+00 0.0000000000e+00 0.0000000000e+00 7.0912248360e-01
206.98114696 9.5166625041e-01 4.2664080145e-15 0.0000000000e+00 4.2664080145e-15 9.5166625041e-01 0.0000000000e+00 0.0000000000e+00 0.0000000000e+00 7.1246343333e-01
207.21796750 9.4767386374e-01 4.2482344198e-15 0.0000000000e+00 4.2482344198e-15 9.4767386374e-01 0.0000000000e+00 0.0000000000e+00 0.0000000000e+00 7.1582663117e-01
207.45478803 9.4370915721e-01 4.2300608252e-15 0.0000000000e+00 4.2300608252e-15 9.4370915721e-01 0.0000000000e+00 0.0000000000e+00 0.0000000000e+00 7.1921227743e-01
207.69160856 9.3977189850e-01 4.2118872305e-15 0.0000000000e+00 4.2118872305e-15 9.3977189850e-01 0.0000000000e+00 0.0000000000e+00 0.0000000000e+00 7.2262057470e-01
207.92842910 9.3586185777e-01 4.1937136359e-15 0.0000000000e+00 4.1937136359e-15 9.3586185777e-01 0.0000000000e+00 0.0000000000e+00 0.0000000000e+00 7.2605172784e-01
208.16524963 9.3197880763e-01 4.1767933926e-15 0.0000000000e+00 4.1767933926e-15 9.3197880763e-01 0.0000000000e+00 0.0000000000e+00 0.0000000000e+00 7.2950594403e-01
208.40207017 9.2812252315e-01 4.1592464736e-15 0.0000000000e+00 4.1592464736e-15 9.2812252315e-01 0.0000000000e+00 0.0000000000e+00 0.0000000000e+00 7.3298343279e-01
208.63889070 9.2429278176e-01 4.1416995546e-15 0.0000000000e+00 4.1416995546e-15 9.2429278176e-01 0.0000000000e+00 0.0000000000e+00 0.0000000000e+00 7.3648440602e-01
208.87571124 9.2048936329e-01 4.1247793113e-15 0.0000000000e+00 4.1247793113e-15 9.2048936329e-01 0.0000000000e+00 0.0000000000e+00 0.0000000000e+00 7.4000907803e-01
209.11253177 9.1671204987e-01 4.1066057167e-15 0.0000000000e+00 4.1066057167e-15 9.1671204987e-01 0.0000000000e+00 0.0000000000e+00 0.0000000000e+00 7.4355766558e-01
209.34935230 9.1296062598e-01 4.0903121490e-15 0.0000000000e+00 4.0903121490e-15 9.1296062598e-01 0.0000000000e+00 0.0000000000e+00 0.0000000000e+00 7.4713038790e-01
209.58617284 9.0923487836e-01 4.0733919057e-15 0.0000000000e+00 4.0733919057e-15 9.0923487836e-01 0.0000000000e+00 0.0000000000e+00 0.0000000000e+00 7.5072746674e-01
209.82299337 9.0553459599e-01 4.0564716624e-15 0.0000000000e+00 4.0564716624e-15 9.0553459599e-01 0.0000000000e+00 0.0000000000e+00 0.0000000000e+00 7.5434912638e-01
210.05981391 9.0185957009e-01 4.0401780948e-15 0.0000000000e+00 4.0401780948e-15 9.0185957009e-01 0.0000000000e+00 0.0000000000e+00 0.0000000000e+00 7.5799559369e-01
210.29663444 8.9820959406e-01 4.0226311758e-15 0.0000000000e+00 4.0226311758e-15 8.9820959406e-01 0.0000000000e+00 0.0000000000e+00 0.0000000000e+00 7.6166709815e-01
210.53345498 8.9458446350e-01 4.0069642839e-15 0.0000000000e+00 4.0069642839e-15 8.9458446350e-01 0.0000000000e+00 0.0000000000e+00 0.0000000000e+00 7.6536387191e-01
210.77027551 8.9098397611e-01 3.9906707163e-15 0.0000000000e+00 3.9906707163e-15 8.9098397611e-01 0.0000000000e+00 0.0000000000e+00 0.0000000000e+00 7.6908614979e-01
211.00709604 8.8740793175e-01 3.9737504730e-15 0.0000000000e+00 3.9737504730e-15 8.8740793175e-01 0.0000000000e+00 0.0000000000e+00 0.0000000000e+00 7.7283416934e-01
211.24391658 8.8385613232e-01 3.9580835810e-15 0.0000000000e+00 3.9580835810e-15 8.8385613232e-01 0.0000000000e+00 0.0000000000e+00 0.0000000000e+00 7.7660817089e-01
211.48073711 8.8032838184e-01 3.9417900134e-15 0.0000000000e+00 3.9417900134e-15 8.8032838184e-01 0.0000000000e+00 0.0000000000e+00 0.0000000000e+00 7.8040839756e-01
211.71755765 8.7682448632e-01 3.9261231214e-15 0.0000000000e+00 3.9261231214e-15 8.7682448632e-01 0.0000000000e+00 0.0000000000e+00 0.0000000000e+00 7.8423509531e-01
211.95437818 8.7334425380e-01 3.9104562295e-15 0.0000000000e+00 3.9104562295e-15 8.7334425380e-01 0.0000000000e+00 0.0000000000e+00 0.0000000000e+00 7.8808851299e-01
212.19119872 8.6988749434e-01 3.8947893376e-15 0.0000000000e+00 3.8947893376e-15 8.6988749434e-01 0.0000000000e+00 0.0000000000e+00 0.0000000000e+00 7.9196890238e-01
212.42801925 8.6645401991e-01 3.8784957699e-15 0.0000000000e+00 3.8784957699e-15 8.6645401991e-01 0.0000000000e+00 0.0000000000e+00 0.0000000000e+00 7.9587651821e-01
212.66483978 8.6304364447e-01 3.8634555537e-15 0.0000000000e+00 3.8634555537e-15 8.6304364447e-01 0.0000000000e+00 0.0000000000e+00 0.0000000000e+00 7.9981161823e-01
212.90166032 8.5965618387e-01 3.8477886617e-15 0.0000000000e+00 3.8477886617e-15 8.5965618387e-01 0.0000000000e+00 0.0000000000e+00 0.0000000000e+00 8.0377446323e-01
213.13848085 8.5629145587e-01 3.8327484455e-15 0.0000000000e+00 3.8327484455e-15 8.5629145587e-01 0.0000000000e+00 0.0000000000e+00 0.0000000000e+00 8.0776531711e-01
213.37530139 8.5294928009e-01 3.8177082292e-15 0.0000000000e+00 3.8177082292e-15 8.5294928009e-01 0.0000000000e+00 0.0000000000e+00 0.0000000000e+00 8.1178444688e-01
213.61212192 8.4962947802e-01 3.8020413372e-15 0.0000000000e+00 3.8020413372e-15 8.4962947802e-01 0.0000000000e+00 0.0000000000e+00 0.0000000000e+00 8.1583212276e-01
213.84894246 8.4633187295e-01 3.7876277966e-15 0.0000000000e+00 3.7876277966e-15 8.4633187295e-01 0.0000000000e+00 0.0000000000e+00 0.0000000000e+00 8.1990861817e-01
214.08576299 8.4305628999e-01 3.7725875804e-15 0.0000000000e+00 3.7725875804e-15 8.4305628999e-01 0.0000000000e+00 0.0000000000e+00 0.0000000000e+00 8.2401420983e-01
214.32258352 8.3980255604e-01 3.7575473641e-15 0.0000000000e+00 3.7575473641e-15 8.3980255604e-01 0.0000000000e+00 0.0000000000e+00 0.0000000000e+00 8.2814917777e-01
214.55940406 8.3657049976e-01 3.7425071478e-15 0.0000000000e+00 3.7425071478e-15 8.3657049976e-01 0.0000000000e+00 0.0000000000e+00 0.0000000000e+00 8.3231380538e-01
214.79622459 8.3335995155e-01 3.7280936073e-15 0.0000000000e+00 3.7280936073e-15 8.3335995155e-01 0.0000000000e+00 0.0000000000e+00 0.0000000000e+00 8.3650837949e-01
215.03304513 8.3017074352e-01 3.7136800667e-15 0.0000000000e+00 3.7136800667e-15 8.3017074352e-01 0.0000000000e+00 0.0000000000e+00 0.0000000000e+00 8.4073319038e-01
215.26986566 8.2700270949e-01 3.6992665261e-15 0.0000000000e+00 3.6992665261e-15 8.2700270949e-01 0.0000000000e+00 0.0000000000e+00 0.0000000000e+00 8.4498853185e-01
215.50668620 8.2385568498e-01 3.6848529855e-15 0.0000000000e+00 3.6848529855e-15 8.2385568498e-01 0.0000000000e+00 0.0000000000e+00 0.0000000000e+00 8.4927470127e-01
215.74350673 8.2072950714e-01 3.6704394449e-15 0.0000000000e+00 3.6704394449e-15 8.2072950714e-01 0.0000000000e+00 0.0000000000e+00 0.0000000000e+00 8.5359199964e-01
215.98032726 8.1762401478e-01 3.6566525800e-15 0.0000000000e+00 3.6566525800e-15 8.1762401478e-01 0.0000000000e+00 0.0000000000e+00 0.0000000000e+00 8.5794073161e-01
216.21714780 8.1453904832e-01 3.6422390394e-15 0.0000000000e+00 3.6422390394e-15 8.1453904832e-01 0.0000000000e+00 0.0000000000e+00 0.0000000000e+00 8.6232120560e-01
216.45396833 8.1147444981e-01 3.6290788502e-15 0.0000000000e+00 3.6290788502e-15 8.1147444981e-01 0.0000000000e+00 0.0000000000e+00 0.0000000000e+00 8.6673373378e-01
216.69078887 8.0843006284e-01 3.6146653096e-15 0.0000000000e+00 3.6146653096e-15 8.0843006284e-01 0.0000000000e+00 0.0000000000e+00 0.0000000000e+00 8.7117863216e-01
216.92760940 8.0540573261e-01 3.6008784447e-15 0.0000000000e+00 3.6008784447e-15 8.0540573261e-01 0.0000000000e+00 0.0000000000e+00 0.0000000000e+00 8.7565622065e-01
217.16442994 8.0240130584e-01 3.5870915798e-15 0.0000000000e+00 3.5870915798e-15 8.0240130584e-01 0.0000000000e+00 0.0000000000e+00 0.0000000000e+00 8.8016682314e-01
217.40125047 7.9941663080e-01 3.5739313905e-15 0.0000000000e+00 3.5739313905e-15 7.9941663080e-01 0.0000000000e+00 0.0000000000e+00 0.0000000000e+00 8.8471076748e-01
217.63807100 7.9645155725e-01 3.5595178499e-15 0.0000000000e+00 3.5595178499e-15 7.9645155725e-01 0.0000000000e+00 0.0000000000e+00 0.0000000000e+00 8.8928838564e-01
217.87489154 7.9350593646e-01 3.5469843364e-15 0.0000000000e+00 3.5469843364e-15 7.9350593646e-01 0.0000000000e+00 0.0000000000e+00 0.0000000000e+00 8.9390001370e-01
218.11171207 7.9057962118e-01 3.5331974715e-15 0.0000000000e+00 3.5331974715e-15 7.9057962118e-01 0.0000000000e+00 0.0000000000e+00 0.0000000000e+00 8.9854599194e-01
218.34853261 7.8767246561e-01 3.5200372822e-15 0.0000000000e+00 3.5200372822e-15 7.8767246561e-01 0.0000000000e+00 0.0000000000e+00 0.0000000000e+00 9.0322666489e-01
218.58535314 7.8478432539e-01 3.5068770930e-15 0.0000000000e+00 3.5068770930e-15 7.8478432539e-01 0.0000000000e+00 0.0000000000e+00 0.0000000000e+00 9.0794238141e-01
218.82217368 7.8191505761e-01 3.4937169038e-15 0.0000000000e+00 3.4937169038e-15 7.8191505761e-01 0.0000000000e+00 0.0000000000e+00 0.0000000000e+00 9.1269349475e-01
219.05899421 7.7906452075e-01 3.4805567145e-15 0.0000000000e+00 3.4805567145e-15 7.7906452075e-01 0.0000000000e+00 0.0000000000e+00 0.0000000000e+00 9.1748036260e-01
219.29581474 7.7623257469e-01 3.4680232010e-15 0.0000000000e+00 3.4680232010e-15 7.7623257469e-01 0.0000000000e+00 0.0000000000e+00 0.0000000000e+00 9.2230334719e-01
219.53263528 7.7341908069e-01 3.4548630117e-15 0.0000000000e+00 3.4548630117e-15 7.7341908069e-01 0.0000000000e+00 0.0000000000e+00 0.0000000000e+00 9.2716281532e-01
219.76945581 7.7062390137e-01 3.4429561739e-15 0.0000000000e+00 3.4429561739e-15 7.7062390137e-01 0.0000000000e+00 0.0000000000e+00 0.0000000000e+00 9.3205913846e-01
220.00627635 7.6784690071e-01 3.4297959846e-15 0.0000000000e+00 3.4297959846e-15 7.6784690071e-01 0.0000000000e+00 0.0000000000e+00 0.0000000000e+00 9.3699269280e-01
220.24309688 7.6508794400e-01 3.4172624711e-15 0.0000000000e+00 3.4172624711e-15 7.6508794400e-01 0.0000000000e+00 0.0000000000e+00 0.0000000000e+00 9.4196385936e-01
220.47991742 7.6234689787e-01 3.4047289575e-15 0.0000000000e+00 3.4047289575e-15 7.6234689787e-01 0.0000000000e+00 0.0000000000e+00 0.0000000000e+00 9.4697302400e-01
220.71673795 7.5962363023e-01 3.3921954440e-15 0.0000000000e+00 3.3921954440e-15 7.5962363023e-01 0.0000000000e+00 0.0000000000e+00 0.0000000000e+00 9.5202057756e-01
220.95355848 7.5691801031e-01 3.3796619304e-15 0.0000000000e+00 3.3796619304e-15 7.5691801031e-01 0.0000000000e+00 0.0000000000e+00 0.0000000000e+00 9.5710691589e-01
221.19037902 7.5422990858e-01 3.3671284168e-15 0.0000000000e+00 3.3671284168e-15 7.5422990858e-01 0.0000000000e+00 0.0000000000e+00 0.0000000000e+00 9.6223243997e-01
221.42719955 7.5155919679e-01 3.3558482546e-15 0.0000000000e+00 3.3558482546e-15 7.5155919679e-01 0.0000000000e+00 0.0000000000e+00 0.0000000000e+00 9.6739755593e-01
221.66402009 7.4890574792e-01 3.3439414168e-15 0.0000000000e+00 3.3439414168e-15 7.4890574792e-01 0.0000000000e+00 0.0000000000e+00 0.0000000000e+00 9.7260267520e-01
221.90084062 7.4626943620e-01 3.3314079032e-15 0.0000000000e+00 3.3314079032e-15 7.4626943620e-01 0.0000000000e+00 0.0000000000e+00 0.0000000000e+00 9.7784821454e-01
222.13766116 7.4365013706e-01 3.3195010653e-15 0.0000000000e+00 3.3195010653e-15 7.4365013706e-01 0.0000000000e+00 0.0000000000e+00 0.0000000000e+00 9.8313459615e-01
222.37448169 7.4104772715e-01 3.3082209031e-15 0.0000000000e+00 3.3082209031e-15 7.4104772715e-01 0.0000000000e+00 0.0000000000e+00 0.0000000000e+00 9.8846224773e-01
222.61130222 7.3846208429e-01 3.2963140652e-15 0.0000000000e+00 3.2963140652e-15 7.3846208429e-01 0.0000000000e+00 0.0000000000e+00 0.0000000000e+00 9.9383160260e-01
222.84812276 7.3589308749e-01 3.2844072274e-15 0.0000000000e+00 3.2844072274e-15 7.3589308749e-01 0.0000000000e+00 0.0000000000e+00 0.0000000000e+00 9.9924309977e-01
223.08494329 7.3334061693e-01 3.2725003895e-15 0.0000000000e+00 3.2725003895e-15 7.3334061693e-01 0.0000000000e+00 0.0000000000e+00 0.0000000000e+00 1.0046971840e+00
223.32176383 7.3080455393e-01 3.2605935516e-15 0.0000000000e+00 3.2605935516e-15 7.3080455393e-01 0.0000000000e+00 0.0000000000e+00 0.0000000000e+00 1.0101943060e+00
223.55858436 7.2828478096e-01 3.2493133894e-15 0.0000000000e+00 3.2493133894e-15 7.2828478096e-01 0.0000000000e+00 0.0000000000e+00 0.0000000000e+00 1.0157349224e+00
223.79540490 7.2578118160e-01 3.2380332272e-15 0.0000000000e+00 3.2380332272e-15 7.2578118160e-01 0.0000000000e+00 0.0000000000e+00 0.0000000000e+00 1.0213194959e+00
224.03222543 7.2329364057e-01 3.2261263893e-15 0.0000000000e+00 3.2261263893e-15 7.2329364057e-01 0.0000000000e+00 0.0000000000e+00 0.0000000000e+00 1.0269484952e+00
224.26904596 7.2082204366e-01 3.2148462271e-15 0.0000000000e+00 3.2148462271e-15 7.2082204366e-01 0.0000000000e+00 0.0000000000e+00 0.0000000000e+00 1.0326223956e+00
224.50586650 7.1836627778e-01 3.2041927406e-15 0.0000000000e+00 3.2041927406e-15 7.1836627778e-01 0.0000000000e+00 0.0000000000e+00 0.0000000000e+00 1.0383416785e+00
224.74268703 7.1592623089e-01 3.1929125784e-15 0.0000000000e+00 3.1929125784e-15 7.1592623089e-01 0.0000000000e+00 0.0000000000e+00 0.0000000000e+00 1.0441068318e+00
224.97950757 7.1350179205e-01 3.1822590919e-15 0.0000000000e+00 3.1822590919e-15 7.1350179205e-01 0.0000000000e+00 0.0000000000e+00 0.0000000000e+00 1.0499183499e+00
225.21632810 7.1109285133e-01 3.1709789297e-15 0.0000000000e+00 3.1709789297e-15 7.1109285133e-01 0.0000000000e+00 0.0000000000e+00 0.0000000000e+00 1.0557767342e+00
225.45314864 7.0869929989e-01 3.1596987675e-15 0.0000000000e+00 3.1596987675e-15 7.0869929989e-01 0.0000000000e+00 0.0000000000e+00 0.0000000000e+00 1.0616824923e+00
225.68996917 7.0632102990e-01 3.1490452810e-15 0.0000000000e+00 3.1490452810e-15 7.0632102990e-01 0.0000000000e+00 0.0000000000e+00 0.0000000000e+00 1.0676361393e+00
225.92678970 7.0395793454e-01 3.1383917944e-15 0.0000000000e+00 3.1383917944e-15 7.0395793454e-01 0.0000000000e+00 0.0000000000e+00 0.0000000000e+00 1.0736381969e+00
226.16361024 7.0160990803e-01 3.1277383079e-15 0.0000000000e+00 3.1277383079e-15 7.0160990803e-01 0.0000000000e+00 0.0000000000e+00 0.0000000000e+00 1.0796891941e+00
226.40043077 6.9927684555e-01 3.1170848214e-15 0.0000000000e+00 3.1170848214e-15 6.9927684555e-01 0.0000000000e+00 0.0000000000e+00 0.0000000000e+00 1.0857896670e+00
226.63725131 6.9695864331e-01 3.1064313349e-15 0.0000000000e+00 3.1064313349e-15 6.9695864331e-01 0.0000000000e+00 0.0000000000e+00 0.0000000000e+00 1.0919401592e+00
226.87407184 6.9465519846e-01 3.0964045240e-15 0.0000000000e+00 3.0964045240e-15 6.9465519846e-01 0.0000000000e+00 0.0000000000e+00 0.0000000000e+00 1.0981412216e+00
227.11089238 6.9236640915e-01 3.0857510375e-15 0.0000000000e+00 3.0857510375e-15 6.9236640915e-01 0.0000000000e+00 0.0000000000e+00 0.0000000000e+00 1.1043934128e+00
227.34771291 6.9009217448e-01 3.0750975510e-15 0.0000000000e+00 3.0750975510e-15 6.9009217448e-01 0.0000000000e+00 0.0000000000e+00 0.0000000000e+00 1.1106972991e+00
227.58453344 6.8783239447e-01 3.0644440645e-15 0.0000000000e+00 3.0644440645e-15 6.8783239447e-01 0.0000000000e+00 0.0000000000e+00 0.0000000000e+00 1.1170534548e+00
227.82135398 6.8558697010e-01 3.0550439293e-15 0.0000000000e+00 3.0550439293e-15 6.8558697010e-01 0.0000000000e+00 0.0000000000e+00 0.0000000000e+00 1.1234624619e+00
228.05817451 6.8335580329e-01 3.0443904428e-15 0.0000000000e+00 3.0443904428e-15 6.8335580329e-01 0.0000000000e+00 0.0000000000e+00 0.0000000000e+00 1.1299249106e+00
228.29499505 6.8113879685e-01 3.0343636319e-15 0.0000000000e+00 3.0343636319e-15 6.8113879685e-01 0.0000000000e+00 0.0000000000e+00 0.0000000000e+00 1.1364413996e+00
228.53181558 6.7893585452e-01 3.0237101454e-15 0.0000000000e+00 3.0237101454e-15 6.7893585452e-01 0.0000000000e+00 0.0000000000e+00 0.0000000000e+00 1.1430125357e+00
228.76863612 6.7674688092e-01 3.0143100102e-15 0.0000000000e+00 3.0143100102e-15 6.7674688092e-01 0.0000000000e+00 0.0000000000e+00 0.0000000000e+00 1.1496389342e+00
229.00545665 6.7457178157e-01 3.0036565237e-15 0.0000000000e+00 3.0036565237e-15 6.7457178157e-01 0.0000000000e+00 0.0000000000e+00 0.0000000000e+00 1.1563212194e+00
229.24227718 6.7241046287e-01 2.9942563885e-15 0.0000000000e+00 2.9942563885e-15 6.7241046287e-01 0.0000000000e+00 0.0000000000e+00 0.0000000000e+00 1.1630600241e+00
229.47909772 6.7026283208e-01 2.9842295777e-15 0.0000000000e+00 2.9842295777e-15 6.7026283208e-01 0.0000000000e+00 0.0000000000e+00 0.0000000000e+00 1.1698559901e+00
229.71591825 6.6812879734e-01 2.9742027669e-15 0.0000000000e+00 2.9742027669e-15 6.6812879734e-01 0.0000000000e+00 0.0000000000e+00 0.0000000000e+00 1.1767097686e+00
229.95273879 6.6600826762e-01 2.9648026317e-15 0.0000000000e+00 2.9648026317e-15 6.6600826762e-01 0.0000000000e+00 0.0000000000e+00 0.0000000000e+00 1.1836220199e+00
230.18955932 6.6390115275e-01 2.9554024965e-15 0.0000000000e+00 2.9554024965e-15 6.6390115275e-01 0.0000000000e+00 0.0000000000e+00 0.0000000000e+00 1.1905934135e+00
230.42637986 6.6180736339e-01 2.9453756857e-15 0.0000000000e+00 2.9453756857e-15 6.6180736339e-01 0.0000000000e+00 0.0000000000e+00 0.0000000000e+00 1.1976246290e+00
230.66320039 6.5972681103e-01 2.9359755505e-15 0.0000000000e+00 2.9359755505e-15 6.5972681103e-01 0.0000000000e+00 0.0000000000e+00 0.0000000000e+00 1.2047163553e+00
230.90002092 6.5765940797e-01 2.9272020910e-15 0.0000000000e+00 2.9272020910e-15 6.5765940797e-01 0.0000000000e+00 0.0000000000e+00 0.0000000000e+00 1.2118692915e+00
231.13684146 6.5560506732e-01 2.9171752802e-15 0.0000000000e+00 2.9171752802e-15 6.5560506732e-01 0.0000000000e+00 0.0000000000e+00 0.0000000000e+00 1.2190841469e+00
231.37366199 6.5356370300e-01 2.9077751450e-15 0.0000000000e+00 2.9077751450e-15 6.5356370300e-01 0.0000000000e+00 0.0000000000e+00 0.0000000000e+00 1.2263616407e+00
231.61048253 6.5153522972e-01 2.8990016855e-15 0.0000000000e+00 2.8990016855e-15 6.5153522972e-01 0.0000000000e+00 0.0000000000e+00 0.0000000000e+00 1.2337025028e+00
231.84730306 6.4951956297e-01 2.8889748747e-15 0.0000000000e+00 2.8889748747e-15 6.4951956297e-01 0.0000000000e+00 0.0000000000e+00 0.0000000000e+00 1.2411074740e+00
232.08412360 6.4751661901e-01 2.8802014152e-15 0.0000000000e+00 2.8802014152e-15 6.4751661901e-01 0.0000000000e+00 0.0000000000e+00 0.0000000000e+00 1.2485773054e+00
232.32094413 6.4552631490e-01 2.8714279557e-15 0.0000000000e+00 2.8714279557e-15 6.4552631490e-01 0.0000000000e+00 0.0000000000e+00 0.0000000000e+00 1.2561127594e+00
232.55776466 6.4354856842e-01 2.8614011449e-15 0.0000000000e+00 2.8614011449e-15 6.4354856842e-01 0.0000000000e+00 0.0000000000e+00 0.0000000000e+00 1.2637146098e+00
232.79458520 6.4158329813e-01 2.8526276854e-15 0.0000000000e+00 2.8526276854e-15 6.4158329813e-01 0.0000000000e+00 0.0000000000e+00 0.0000000000e+00 1.2713836416e+00
233.03140573 6.3963042332e-01 2.8438542259e-15 0.0000000000e+00 2.8438542259e-15 6.3963042332e-01 0.0000000000e+00 0.0000000000e+00 0.0000000000e+00 1.2791206513e+00
233.26822627 6.3768986405e-01 2.8363341177e-15 0.0000000000e+00 2.8363341177e-15 6.3768986405e-01 0.0000000000e+00 0.0000000000e+00 0.0000000000e+00 1.2869264475e+00
233.50504680 6.3576154107e-01 2.8263073069e-15 0.0000000000e+00 2.8263073069e-15 6.3576154107e-01 0.0000000000e+00 0.0000000000e+00 0.0000000000e+00 1.2948018506e+00
233.74186734 6.3384537588e-01 2.8162804961e-15 0.0000000000e+00 2.8162804961e-15 6.3384537588e-01 0.0000000000e+00 0.0000000000e+00 0.0000000000e+00 1.3027476935e+00
233.97868787 6.3194129068e-01 2.8100137393e-15 0.0000000000e+00 2.8100137393e-15 6.3194129068e-01 0.0000000000e+00 0.0000000000e+00 0.0000000000e+00 1.3107648214e+00
234.21550840 6.3004920840e-01 2.7999869284e-15 0.0000000000e+00 2.7999869284e-15 6.3004920840e-01 0.0000000000e+00 0.0000000000e+00 0.0000000000e+00 1.3188540922e+00
234.45232894 6.2816905265e-01 2.7924668203e-15 0.0000000000e+00 2.7924668203e-15 6.2816905265e-01 0.0000000000e+00 0.0000000000e+00 0.0000000000e+00 1.3270163768e+00
234.68914947 6.2630074775e-01 2.7824400095e-15 0.0000000000e+00 2.7824400095e-15 6.2630074775e-01 0.0000000000e+00 0.0000000000e+00 0.0000000000e+00 1.3352525592e+00
234.92597001 6.2444421870e-01 2.7749199013e-15 0.0000000000e+00 2.7749199013e-15 6.2444421870e-01 0.0000000000e+00 0.0000000000e+00 0.0000000000e+00 1.3435635368e+00
235.16279054 6.2259939119e-01 2.7661464418e-15 0.0000000000e+00 2.7661464418e-15 6.2259939119e-01 0.0000000000e+00 0.0000000000e+00 0.0000000000e+00 1.3519502207e+00
235.39961108 6.2076619158e-01 2.7573729823e-15 0.0000000000e+00 2.7573729823e-15 6.2076619158e-01 0.0000000000e+00 0.0000000000e+00 0.0000000000e+00 1.3604135359e+00
235.63643161 6.1894454690e-01 2.7485995228e-15 0.0000000000e+00 2.7485995228e-15 6.1894454690e-01 0.0000000000e+00 0.0000000000e+00 0.0000000000e+00 1.3689544215e+00
235.87325214 6.1713438483e-01 2.7410794147e-15 0.0000000000e+00 2.7410794147e-15 6.1713438483e-01 0.0000000000e+00 0.0000000000e+00 0.0000000000e+00 1.3775738310e+00
236.11007268 6.1533563373e-01 2.7323059552e-15 0.0000000000e+00 2.7323059552e-15 6.1533563373e-01 0.0000000000e+00 0.0000000000e+00 0.0000000000e+00 1.3862727326e+00
236.34689321 6.1354822259e-01 2.7247858471e-15 0.0000000000e+00 2.7247858471e-15 6.1354822259e-01 0.0000000000e+00 0.0000000000e+00 0.0000000000e+00 1.3950521094e+00
236.58371375 6.1177208104e-01 2.7160123876e-15 0.0000000000e+00 2.7160123876e-15 6.1177208104e-01 0.0000000000e+00 0.0000000000e+00 0.0000000000e+00 1.4039129599e+00
236.82053428 6.1000713935e-01 2.7072389281e-15 0.0000000000e+00 2.7072389281e-15 6.1000713935e-01 0.0000000000e+00 0.0000000000e+00 0.0000000000e+00 1.4128562979e+00
237.05735482 6.0825332844e-01 2.6997188200e-15 0.0000000000e+00 2.6997188200e-15 6.0825332844e-01 0.0000000000e+00 0.0000000000e+00 0.0000000000e+00 1.4218831530e+00
237.29417535 6.0651057982e-01 2.6921987118e-15 0.0000000000e+00 2.6921987118e-15 6.0651057982e-01 0.0000000000e+00 0.0000000000e+00 0.0000000000e+00 1.4309945711e+00
237.53099588 6.0477882565e-01 2.6834252524e-15 0.0000000000e+00 2.6834252524e-15 6.0477882565e-01 0.0000000000e+00 0.0000000000e+00 0.0000000000e+00 1.4401916143e+00
237.76781642 6.0305799868e-01 2.6759051442e-15 0.0000000000e+00 2.6759051442e-15 6.0305799868e-01 0.0000000000e+00 0.0000000000e+00 0.0000000000e+00 1.4494753615e+00
238.00463695 6.0134803226e-01 2.6683850361e-15 0.0000000000e+00 2.6683850361e-15 6.0134803226e-01 0.0000000000e+00 0.0000000000e+00 0.0000000000e+00 1.4588469085e+00
238.24145749 5.9964886038e-01 2.6596115766e-15 0.0000000000e+00 2.6596115766e-15 5.9964886038e-01 0.0000000000e+00 0.0000000000e+00 0.0000000000e+00 1.4683073687e+00
238.47827802 5.9796041758e-01 2.6533448198e-15 0.0000000000e+00 2.6533448198e-15 5.9796041758e-01 0.0000000000e+00 0.0000000000e+00 0.0000000000e+00 1.4778578729e+00
238.71509856 5.9628263901e-01 2.6445713603e-15 0.0000000000e+00 2.6445713603e-15 5.9628263901e-01 0.0000000000e+00 0.0000000000e+00 0.0000000000e+00 1.4874995701e+00
238.95191909 5.9461546040e-01 2.6383046036e-15 0.0000000000e+00 2.6383046036e-15 5.9461546040e-01 0.0000000000e+00 0.0000000000e+00 0.0000000000e+00 1.4972336275e+00
239.18873962 5.9295881807e-01 2.6307844954e-15 0.0000000000e+00 2.6307844954e-15 5.9295881807e-01 0.0000000000e+00 0.0000000000e+00 0.0000000000e+00 1.5070612311e+00
239.42556016 5.9131264888e-01 2.6220110359e-15 0.0000000000e+00 2.6220110359e-15 5.9131264888e-01 0.0000000000e+00 0.0000000000e+00 0.0000000000e+00 1.5169835861e+00
239.66238069 5.8967689029e-01 2.6132375764e-15 0.0000000000e+00 2.6132375764e-15 5.8967689029e-01 0.0000000000e+00 0.0000000000e+00 0.0000000000e+00 1.5270019168e+00
239.89920123 5.8805148031e-01 2.6082241710e-15 0.0000000000e+00 2.6082241710e-15 5.8805148031e-01 0.0000000000e+00 0.0000000000e+00 0.0000000000e+00 1.5371174676e+00
240.13602176 5.8643635750e-01 2.5994507115e-15 0.0000000000e+00 2.5994507115e-15 5.8643635750e-01 0.0000000000e+00 0.0000000000e+00 0.0000000000e+00 1.5473315030e+00
240.37284230 5.8483146098e-01 2.5919306034e-15 0.0000000000e+00 2.5919306034e-15 5.8483146098e-01 0.0000000000e+00 0.0000000000e+00 0.0000000000e+00 1.5576453082e+00
240.60966283 5.8323673041e-01 2.5844104953e-15 0.0000000000e+00 2.5844104953e-15 5.8323673041e-01 0.0000000000e+00 0.0000000000e+00 0.0000000000e+00 1.5680601893e+00
240.84648336 5.8165210599e-01 2.5768903871e-15 0.0000000000e+00 2.5768903871e-15 5.8165210599e-01 0.0000000000e+00 0.0000000000e+00 0.0000000000e+00 1.5785774738e+00
241.08330390 5.8007752847e-01 2.5706236304e-15 0.0000000000e+00 2.5706236304e-15 5.8007752847e-01 0.0000000000e+00 0.0000000000e+00 0.0000000000e+00 1.5891985110e+00
241.32012443 5.7851293912e-01 2.5631035222e-15 0.0000000000e+00 2.5631035222e-15 5.7851293912e-01 0.0000000000e+00 0.0000000000e+00 0.0000000000e+00 1.5999246727e+00
241.55694497 5.7695827972e-01 2.5555834141e-15 0.0000000000e+00 2.5555834141e-15 5.7695827972e-01 0.0000000000e+00 0.0000000000e+00 0.0000000000e+00 1.6107573530e+00
241.79376550 5.7541349260e-01 2.5493166573e-15 0.0000000000e+00 2.5493166573e-15 5.7541349260e-01 0.0000000000e+00 0.0000000000e+00 0.0000000000e+00 1.6216979697e+00
242.03058604 5.7387852059e-01 2.5417965492e-15 0.0000000000e+00 2.5417965492e-15 5.7387852059e-01 0.0000000000e+00 0.0000000000e+00 0.0000000000e+00 1.6327479637e+00
242.26740657 5.7235330703e-01 2.5355297924e-15 0.0000000000e+00 2.5355297924e-15 5.7235330703e-01 0.0000000000e+00 0.0000000000e+00 0.0000000000e+00 1.6439088003e+00
242.50422710 5.7083779578e-01 2.5280096843e-15 0.0000000000e+00 2.5280096843e-15 5.7083779578e-01 0.0000000000e+00 0.0000000000e+00 0.0000000000e+00 1.6551819693e+00
242.74104764 5.6933193119e-01 2.5204895761e-15 0.0000000000e+00 2.5204895761e-15 5.6933193119e-01 0.0000000000e+00 0.0000000000e+00 0.0000000000e+00 1.6665689856e+00
242.97786817 5.6783565812e-01 2.5142228194e-15 0.0000000000e+00 2.5142228194e-15 5.6783565812e-01 0.0000000000e+00 0.0000000000e+00 0.0000000000e+00 1.6780713896e+00
243.21468871 5.6634892190e-01 2.5067027112e-15 0.0000000000e+00 2.5067027112e-15 5.6634892190e-01 0.0000000000e+00 0.0000000000e+00 0.0000000000e+00 1.6896907481e+00
243.45150924 5.6487166837e-01 2.5016893058e-15 0.0000000000e+00 2.5016893058e-15 5.6487166837e-01 0.0000000000e+00 0.0000000000e+00 0.0000000000e+00 1.7014286541e+00
243.68832978 5.6340384386e-01 2.4941691977e-15 0.0000000000e+00 2.4941691977e-15 5.6340384386e-01 0.0000000000e+00 0.0000000000e+00 0.0000000000e+00 1.7132867280e+00
243.92515031 5.6194539515e-01 2.4866490895e-15 0.0000000000e+00 2.4866490895e-15 5.6194539515e-01 0.0000000000e+00 0.0000000000e+00 0.0000000000e+00 1.7252666181e+00
244.16197084 5.6049626952e-01 2.4803823327e-15 0.0000000000e+00 2.4803823327e-15 5.6049626952e-01 0.0000000000e+00 0.0000000000e+00 0.0000000000e+00 1.7373700007e+00
244.39879138 5.5905641472e-01 2.4728622246e-15 0.0000000000e+00 2.4728622246e-15 5.5905641472e-01 0.0000000000e+00 0.0000000000e+00 0.0000000000e+00 1.7495985813e+00
244.63561191 5.5762577895e-01 2.4665954678e-15 0.0000000000e+00 2.4665954678e-15 5.5762577895e-01 0.0000000000e+00 0.0000000000e+00 0.0000000000e+00 1.7619540946e+00
244.87243245 5.5620431090e-01 2.4615820624e-15 0.0000000000e+00 2.4615820624e-15 5.5620431090e-01 0.0000000000e+00 0.0000000000e+00 0.0000000000e+00 1.7744383056e+00
245.10925298 5.5479195970e-01 2.4540619543e-15 0.0000000000e+00 2.4540619543e-15 5.5479195970e-01 0.0000000000e+00 0.0000000000e+00 0.0000000000e+00 1.7870530100e+00
245.34607352 5.5338867493e-01 2.4465418461e-15 0.0000000000e+00 2.4465418461e-15 5.5338867493e-01 0.0000000000e+00 0.0000000000e+00 0.0000000000e+00 1.7998000349e+00
245.58289405 5.5199440664e-01 2.4415284407e-15 0.0000000000e+00 2.4415284407e-15 5.5199440664e-01 0.0000000000e+00 0.0000000000e+00 0.0000000000e+00 1.8126812393e+00
245.81971458 5.5060910531e-01 2.4340083326e-15 0.0000000000e+00 2.4340083326e-15 5.5060910531e-01 0.0000000000e+00 0.0000000000e+00 0.0000000000e+00 1.8256985153e+00
246.05653512 5.4923272187e-01 2.4277415758e-15 0.0000000000e+00 2.4277415758e-15 5.4923272187e-01 0.0000000000e+00 0.0000000000e+00 0.0000000000e+00 1.8388537878e+00
246.29335565 5.4786520770e-01 2.4227281704e-15 0.0000000000e+00 2.4227281704e-15 5.4786520770e-01 0.0000000000e+00 0.0000000000e+00 0.0000000000e+00 1.8521490165e+00
246.53017619 5.4650651458e-01 2.4164614136e-15 0.0000000000e+00 2.4164614136e-15 5.4650651458e-01 0.0000000000e+00 0.0000000000e+00 0.0000000000e+00 1.8655861953e+00
246.76699672 5.4515659477e-01 2.4089413055e-15 0.0000000000e+00 2.4089413055e-15 5.4515659477e-01 0.0000000000e+00 0.0000000000e+00 0.0000000000e+00 1.8791673542e+00
247.00381726 5.4381540092e-01 2.4026745487e-15 0.0000000000e+00 2.4026745487e-15 5.4381540092e-01 0.0000000000e+00 0.0000000000e+00 0.0000000000e+00 1.8928945594e+00
247.24063779 5.4248288612e-01 2.3976611433e-15 0.0000000000e+00 2.3976611433e-15 5.4248288612e-01 0.0000000000e+00 0.0000000000e+00 0.0000000000e+00 1.9067699140e+00
247.47745832 5.4115900387e-01 2.3913943865e-15 0.0000000000e+00 2.3913943865e-15 5.4115900387e-01 0.0000000000e+00 0.0000000000e+00 0.0000000000e+00 1.9207955594e+00
247.71427886 5.3984370810e-01 2.3851276297e-15 0.0000000000e+00 2.3851276297e-15 5.3984370810e-01 0.0000000000e+00 0.0000000000e+00 0.0000000000e+00 1.9349736756e+00
247.95109939 5.3853695315e-01 2.3801142243e-15 0.0000000000e+00 2.3801142243e-15 5.3853695315e-01 0.0000000000e+00 0.0000000000e+00 0.0000000000e+00 1.9493064822e+00
248.18791993 5.3723869377e-01 2.3725941162e-15 0.0000000000e+00 2.3725941162e-15 5.3723869377e-01 0.0000000000e+00 0.0000000000e+00 0.0000000000e+00 1.9637962392e+00
248.42474046 5.3594888510e-01 2.3675807107e-15 0.0000000000e+00 2.3675807107e-15 5.3594888510e-01 0.0000000000e+00 0.0000000000e+00 0.0000000000e+00 1.9784452482e+00
248.66156100 5.3466748271e-01 2.3600606026e-15 0.0000000000e+00 2.3600606026e-15 5.3466748271e-01 0.0000000000e+00 0.0000000000e+00 0.0000000000e+00 1.9932558528e+00
248.89838153 5.3339444254e-01 2.3550471972e-15 0.0000000000e+00 2.3550471972e-15 5.3339444254e-01 0.0000000000e+00 0.0000000000e+00 0.0000000000e+00 2.0082304401e+00
249.13520206 5.3212972095e-01 2.3487804404e-15 0.0000000000e+00 2.3487804404e-15 5.3212972095e-01 0.0000000000e+00 0.0000000000e+00 0.0000000000e+00 2.0233714411e+00
249.37202260 5.3087327469e-01 2.3437670350e-15 0.0000000000e+00 2.3437670350e-15 5.3087327469e-01 0.0000000000e+00 0.0000000000e+00 0.0000000000e+00 2.0386813321e+00
249.60884313 5.2962506087e-01 2.3362469269e-15 0.0000000000e+00 2.3362469269e-15 5.2962506087e-01 0.0000000000e+00 0.0000000000e+00 0.0000000000e+00 2.0541626355e+00
249.84566367 5.2838503704e-01 2.3312335214e-15 0.0000000000e+00 2.3312335214e-15 5.2838503704e-01 0.0000000000e+00 0.0000000000e+00 0.0000000000e+00 2.0698179209e+00
250.08248420 5.2715316107e-01 2.3262201160e-15 0.0000000000e+00 2.3262201160e-15 5.2715316107e-01 0.0000000000e+00 0.0000000000e+00 0.0000000000e+00 2.0856498063e+00
250.31930474 5.2592939127e-01 2.3212067106e-15 0.0000000000e+00 2.3212067106e-15 5.2592939127e-01 0.0000000000e+00 0.0000000000e+00 0.0000000000e+00 2.1016609587e+00
250.55612527 5.2471368627e-01 2.3149399538e-15 0.0000000000e+00 2.3149399538e-15 5.2471368627e-01 0.0000000000e+00 0.0000000000e+00 0.0000000000e+00 2.1178540959e+00
250.79294580 5.2350600513e-01 2.3086731970e-15 0.0000000000e+00 2.3086731970e-15 5.2350600513e-01 0.0000000000e+00 0.0000000000e+00 0.0000000000e+00 2.1342319871e+00
251.02976634 5.2230630723e-01 2.3024064403e-15 0.0000000000e+00 2.3024064403e-15 5.2230630723e-01 0.0000000000e+00 0.0000000000e+00 0.0000000000e+00 2.1507974545e+00
251.26658687 5.2111455234e-01 2.2973930348e-15 0.0000000000e+00 2.2973930348e-15 5.2111455234e-01 0.0000000000e+00 0.0000000000e+00 0.0000000000e+00 2.1675533742e+00
251.50340741 5.1993070061e-01 2.2923796294e-15 0.0000000000e+00 2.2923796294e-15 5.1993070061e-01 0.0000000000e+00 0.0000000000e+00 0.0000000000e+00 2.1845026774e+00
251.74022794 5.1875471252e-01 2.2861128726e-15 0.0000000000e+00 2.2861128726e-15 5.1875471252e-01 0.0000000000e+00 0.0000000000e+00 0.0000000000e+00 2.2016483520e+00
251.97704848 5.1758654893e-01 2.2810994672e-15 0.0000000000e+00 2.2810994672e-15 5.1758654893e-01 0.0000000000e+00 0.0000000000e+00 0.0000000000e+00 2.2189934437e+00
252.21386901 5.1642617105e-01 2.2760860618e-15 0.0000000000e+00 2.2760860618e-15 5.1642617105e-01 0.0000000000e+00 0.0000000000e+00 0.0000000000e+00 2.2365410574e+00
252.45068954 5.1527354044e-01 2.2710726564e-15 0.0000000000e+00 2.2710726564e-15 5.1527354044e-01 0.0000000000e+00 0.0000000000e+00 0.0000000000e+00 2.2542943585e+00
252.68751008 5.1412861900e-01 2.2648058996e-15 0.0000000000e+00 2.2648058996e-15 5.1412861900e-01 0.0000000000e+00 0.0000000000e+00 0.0000000000e+00 2.2722565743e+00
252.92433061 5.1299136901e-01 2.2610458455e-15 0.0000000000e+00 2.2610458455e-15 5.1299136901e-01 0.0000000000e+00 0.0000000000e+00 0.0000000000e+00 2.2904309959e+00
253.16115115 5.1186175305e-01 2.2560324401e-15 0.0000000000e+00 2.2560324401e-15 5.1186175305e-01 0.0000000000e+00 0.0000000000e+00 0.0000000000e+00 2.3088209788e+00
253.39797168 5.1073973408e-01 2.2510190347e-15 0.0000000000e+00 2.2510190347e-15 5.1073973408e-01 0.0000000000e+00 0.0000000000e+00 0.0000000000e+00 2.3274299456e+00
253.63479222 5.0962527538e-01 2.2447522779e-15 0.0000000000e+00 2.2447522779e-15 5.0962527538e-01 0.0000000000e+00 0.0000000000e+00 0.0000000000e+00 2.3462613864e+00
253.87161275 5.0851834057e-01 2.2397388725e-15 0.0000000000e+00 2.2397388725e-15 5.0851834057e-01 0.0000000000e+00 0.0000000000e+00 0.0000000000e+00 2.3653188613e+00
254.10843328 5.0741889361e-01 2.2347254670e-15 0.0000000000e+00 2.2347254670e-15 5.0741889361e-01 0.0000000000e+00 0.0000000000e+00 0.0000000000e+00 2.3846060019e+00
254.34525382 5.0632689877e-01 2.2297120616e-15 0.0000000000e+00 2.2297120616e-15 5.0632689877e-01 0.0000000000e+00 0.0000000000e+00 0.0000000000e+00 2.4041265125e+00
254.58207435 5.0524232067e-01 2.2234453048e-15 0.0000000000e+00 2.2234453048e-15 5.0524232067e-01 0.0000000000e+00 0.0000000000e+00 0.0000000000e+00 2.4238841726e+00
254.81889489 5.0416512425e-01 2.2196852508e-15 0.0000000000e+00 2.2196852508e-15 5.0416512425e-01 0.0000000000e+00 0.0000000000e+00 0.0000000000e+00 2.4438828382e+00
255.05571542 5.0309527477e-01 2.2146718454e-15 0.0000000000e+00 2.2146718454e-15 5.0309527477e-01 0.0000000000e+00 0.0000000000e+00 0.0000000000e+00 2.4641264440e+00
255.29253596 5.0203273781e-01 2.2084050886e-15 0.0000000000e+00 2.2084050886e-15 5.0203273781e-01 0.0000000000e+00 0.0000000000e+00 0.0000000000e+00 2.4846190051e+00
255.52935649 5.0097747929e-01 2.2033916832e-15 0.0000000000e+00 2.2033916832e-15 5.0097747929e-01 0.0000000000e+00 0.0000000000e+00 0.0000000000e+00 2.5053646190e+00
255.76617702 4.9992946540e-01 2.1996316291e-15 0.0000000000e+00 2.1996316291e-15 4.9992946540e-01 0.0000000000e+00 0.0000000000e+00 0.0000000000e+00 2.5263674679e+00
256.00299756 4.9888866269e-01 2.1946182237e-15 0.0000000000e+00 2.1946182237e-15 4.9888866269e-01 0.0000000000e+00 0.0000000000e+00 0.0000000000e+00 2.5476318203e+00
256.23981809 4.9785503800e-01 2.1896048182e-15 0.0000000000e+00 2.1896048182e-15 4.9785503800e-01 0.0000000000e+00 0.0000000000e+00 0.0000000000e+00 2.5691620336e+00
256.47663863 4.9682855848e-01 2.1845914128e-15 0.0000000000e+00 2.1845914128e-15 4.9682855848e-01 0.0000000000e+00 0.0000000000e+00 0.0000000000e+00 2.5909625564e+00
256.71345916 4.9580919159e-01 2.1808313588e-15 0.0000000000e+00 2.1808313588e-15 4.9580919159e-01 0.0000000000e+00 0.0000000000e+00 0.0000000000e+00 2.6130379301e+00
256.95027969 4.9479690509e-01 2.1745646020e-15 0.0000000000e+00 2.1745646020e-15 4.9479690509e-01 0.0000000000e+00 0.0000000000e+00 0.0000000000e+00 2.6353927920e+00
257.18710023 4.9379166705e-01 2.1695511966e-15 0.0000000000e+00 2.1695511966e-15 4.9379166705e-01 0.0000000000e+00 0.0000000000e+00 0.0000000000e+00 2.6580318775e+00
257.42392076 4.9279344583e-01 2.1657911425e-15 0.0000000000e+00 2.1657911425e-15 4.9279344583e-01 0.0000000000e+00 0.0000000000e+00 0.0000000000e+00 2.6809600223e+00
257.66074130 4.9180221010e-01 2.1607777371e-15 0.0000000000e+00 2.1607777371e-15 4.9180221010e-01 0.0000000000e+00 0.0000000000e+00 0.0000000000e+00 2.7041821653e+00
257.89756183 4.9081792880e-01 2.1557643316e-15 0.0000000000e+00 2.1557643316e-15 4.9081792880e-01 0.0000000000e+00 0.0000000000e+00 0.0000000000e+00 2.7277033510e+00
258.13438237 4.8984057120e-01 2.1520042776e-15 0.0000000000e+00 2.1520042776e-15 4.8984057120e-01 0.0000000000e+00 0.0000000000e+00 0.0000000000e+00 2.7515287327e+00
258.37120290 4.8887010684e-01 2.1469908722e-15 0.0000000000e+00 2.1469908722e-15 4.8887010684e-01 0.0000000000e+00 0.0000000000e+00 0.0000000000e+00 2.7756635745e+00
258.60802343 4.8790650555e-01 2.1432308181e-15 0.0000000000e+00 2.1432308181e-15 4.8790650555e-01 0.0000000000e+00 0.0000000000e+00 0.0000000000e+00 2.8001132551e+00
258.84484397 4.8694973744e-01 2.1382174127e-15 0.0000000000e+00 2.1382174127e-15 4.8694973744e-01 0.0000000000e+00 0.0000000000e+00 0.0000000000e+00 2.8248832699e+00
259.08166450 4.8599977293e-01 2.1344573586e-15 0.0000000000e+00 2.1344573586e-15 4.8599977293e-01 0.0000000000e+00 0.0000000000e+00 0.0000000000e+00 2.8499792349e+00
259.31848504 4.8505658269e-01 2.1294439532e-15 0.0000000000e+00 2.1294439532e-15 4.8505658269e-01 0.0000000000e+00 0.0000000000e+00 0.0000000000e+00 2.8754068891e+00
259.55530557 4.8412013771e-01 2.1256838991e-15 0.0000000000e+00 2.1256838991e-15 4.8412013771e-01 0.0000000000e+00 0.0000000000e+00 0.0000000000e+00 2.9011720984e+00
259.79212611 4.8319040922e-01 2.1206704937e-15 0.0000000000e+00 2.1206704937e-15 4.8319040922e-01 0.0000000000e+00 0.0000000000e+00 0.0000000000e+00 2.9272808584e+00
260.02894664 4.8226736874e-01 2.1156570883e-15 0.0000000000e+00 2.1156570883e-15 4.8226736874e-01 0.0000000000e+00 0.0000000000e+00 0.0000000000e+00 2.9537392985e+00
260.26576717 4.8135098809e-01 2.1106436828e-15 0.0000000000e+00 2.1106436828e-15 4.8135098809e-01 0.0000000000e+00 0.0000000000e+00 0.0000000000e+00 2.9805536848e+00
260.50258771 4.8044123933e-01 2.1068836288e-15 0.0000000000e+00 2.1068836288e-15 4.8044123933e-01 0.0000000000e+00 0.0000000000e+00 0.0000000000e+00 3.0077304243e+00
260.73940824 4.7953809481e-01 2.1043769261e-15 0.0000000000e+00 2.1043769261e-15 4.7953809481e-01 0.0000000000e+00 0.0000000000e+00 0.0000000000e+00 3.0352760682e+00
260.97622878 4.7864152713e-01 2.0981101693e-15 0.0000000000e+00 2.0981101693e-15 4.7864152713e-01 0.0000000000e+00 0.0000000000e+00 0.0000000000e+00 3.0631973166e+00
261.21304931 4.7775150919e-01 2.0943501152e-15 0.0000000000e+00 2.0943501152e-15 4.7775150919e-01 0.0000000000e+00 0.0000000000e+00 0.0000000000e+00 3.0915010217e+00
261.44986985 4.7686801413e-01 2.0905900612e-15 0.0000000000e+00 2.0905900612e-15 4.7686801413e-01 0.0000000000e+00 0.0000000000e+00 0.0000000000e+00 3.1201941925e+00
261.68669038 4.7599101535e-01 2.0868300071e-15 0.0000000000e+00 2.0868300071e-15 4.7599101535e-01 0.0000000000e+00 0.0000000000e+00 0.0000000000e+00 3.1492839988e+00
261.92351091 4.7512048654e-01 2.0830699530e-15 0.0000000000e+00 2.0830699530e-15 4.7512048654e-01 0.0000000000e+00 0.0000000000e+00 0.0000000000e+00 3.1787777760e+00
262.16033145 4.7425640164e-01 2.0793098990e-15 0.0000000000e+00 2.0793098990e-15 4.7425640164e-01 0.0000000000e+00 0.0000000000e+00 0.0000000000e+00 3.2086830292e+00
262.39715198 4.7339873482e-01 2.0755498449e-15 0.0000000000e+00 2.0755498449e-15 4.7339873482e-01 0.0000000000e+00 0.0000000000e+00 0.0000000000e+00 3.2390074386e+00
262.63397252 4.7254746055e-01 2.0705364395e-15 0.0000000000e+00 2.0705364395e-15 4.7254746055e-01 0.0000000000e+00 0.0000000000e+00 0.0000000000e+00 3.2697588637e+00
262.87079305 4.7170255352e-01 2.0655230340e-15 0.0000000000e+00 2.0655230340e-15 4.7170255352e-01 0.0000000000e+00 0.0000000000e+00 0.0000000000e+00 3.3009453487e+00
263.10761359 4.7086398871e-01 2.0630163313e-15 0.0000000000e+00 2.0630163313e-15 4.7086398871e-01 0.0000000000e+00 0.0000000000e+00 0.0000000000e+00 3.3325751280e+00
263.34443412 4.7003174132e-01 2.0580029259e-15 0.0000000000e+00 2.0580029259e-15 4.7003174132e-01 0.0000000000e+00 0.0000000000e+00 0.0000000000e+00 3.3646566309e+00
263.58125465 4.6920578681e-01 2.0542428718e-15 0.0000000000e+00 2.0542428718e-15 4.6920578681e-01 0.0000000000e+00 0.0000000000e+00 0.0000000000e+00 3.3971984876e+00
263.81807519 4.6838610090e-01 2.0504828178e-15 0.0000000000e+00 2.0504828178e-15 4.6838610090e-01 0.0000000000e+00 0.0000000000e+00 0.0000000000e+00 3.4302095353e+00
264.05489572 4.6757265954e-01 2.0467227637e-15 0.0000000000e+00 2.0467227637e-15 4.6757265954e-01 0.0000000000e+00 0.0000000000e+00 0.0000000000e+00 3.4636988232e+00
264.29171626 4.6676543894e-01 2.0429627096e-15 0.0000000000e+00 2.0429627096e-15 4.6676543894e-01 0.0000000000e+00 0.0000000000e+00 0.0000000000e+00 3.4976756196e+00
264.52853679 4.6596441556e-01 2.0392026556e-15 0.0000000000e+00 2.0392026556e-15 4.6596441556e-01 0.0000000000e+00 0.0000000000e+00 0.0000000000e+00 3.5321494177e+00
264.76535733 4.6516956607e-01 2.0354426015e-15 0.0000000000e+00 2.0354426015e-15 4.6516956607e-01 0.0000000000e+00 0.0000000000e+00 0.0000000000e+00 3.5671299424e+00
265.00217786 4.6438086742e-01 2.0316825474e-15 0.0000000000e+00 2.0316825474e-15 4.6438086742e-01 0.0000000000e+00 0.0000000000e+00 0.0000000000e+00 3.6026271571e+00
265.23899839 4.6359829678e-01 2.0279224934e-15 0.0000000000e+00 2.0279224934e-15 4.6359829678e-01 0.0000000000e+00 0.0000000000e+00 0.0000000000e+00 3.6386512706e+00
265.47581893 4.6282183157e-01 2.0254157907e-15 0.0000000000e+00 2.0254157907e-15 4.6282183157e-01 0.0000000000e+00 0.0000000000e+00 0.0000000000e+00 3.6752127444e+00
265.71263946 4.6205144942e-01 2.0216557366e-15 0.0000000000e+00 2.0216557366e-15 4.6205144942e-01 0.0000000000e+00 0.0000000000e+00 0.0000000000e+00 3.7123223004e+00
265.94946000 4.6128712822e-01 2.0178956825e-15 0.0000000000e+00 2.0178956825e-15 4.6128712822e-01 0.0000000000e+00 0.0000000000e+00 0.0000000000e+00 3.7499909285e+00
266.18628053 4.6052884610e-01 2.0141356285e-15 0.0000000000e+00 2.0141356285e-15 4.6052884610e-01 0.0000000000e+00 0.0000000000e+00 0.0000000000e+00 3.7882298948e+00
266.42310107 4.5977658140e-01 2.0103755744e-15 0.0000000000e+00 2.0103755744e-15 4.5977658140e-01 0.0000000000e+00 0.0000000000e+00 0.0000000000e+00 3.8270507497e+00
266.65992160 4.5903031271e-01 2.0066155203e-15 0.0000000000e+00 2.0066155203e-15 4.5903031271e-01 0.0000000000e+00 0.0000000000e+00 0.0000000000e+00 3.8664653370e+00
266.89674213 4.5829001883e-01 2.0028554663e-15 0.0000000000e+00 2.0028554663e-15 4.5829001883e-01 0.0000000000e+00 0.0000000000e+00 0.0000000000e+00 3.9064858022e+00
267.13356267 4.5755567882e-01 1.9990954122e-15 0.0000000000e+00 1.9990954122e-15 4.5755567882e-01 0.0000000000e+00 0.0000000000e+00 0.0000000000e+00 3.9471246026e+00
267.37038320 4.5682727194e-01 1.9953353581e-15 0.0000000000e+00 1.9953353581e-15 4.5682727194e-01 0.0000000000e+00 0.0000000000e+00 0.0000000000e+00 3.9883945160e+00
267.60720374 4.5610477767e-01 1.9928286554e-15 0.0000000000e+00 1.9928286554e-15 4.5610477767e-01 0.0000000000e+00 0.0000000000e+00 0.0000000000e+00 4.0303086514e+00
267.84402427 4.5538817576e-01 1.9890686014e-15 0.0000000000e+00 1.9890686014e-15 4.5538817576e-01 0.0000000000e+00 0.0000000000e+00 0.0000000000e+00 4.0728804587e+00
268.08084481 4.5467744613e-01 1.9853085473e-15 0.0000000000e+00 1.9853085473e-15 4.5467744613e-01 0.0000000000e+00 0.0000000000e+00 0.0000000000e+00 4.1161237400e+00
268.31766534 4.5397256895e-01 1.9815484932e-15 0.0000000000e+00 1.9815484932e-15 4.5397256895e-01 0.0000000000e+00 0.0000000000e+00 0.0000000000e+00 4.1600526601e+00
268.55448587 4.5327352461e-01 1.9790417905e-15 0.0000000000e+00 1.9790417905e-15 4.5327352461e-01 0.0000000000e+00 0.0000000000e+00 0.0000000000e+00 4.2046817583e+00
268.79130641 4.5258029372e-01 1.9765350878e-15 0.0000000000e+00 1.9765350878e-15 4.5258029372e-01 0.0000000000e+00 0.0000000000e+00 0.0000000000e+00 4.2500259602e+00
269.02812694 4.5189285709e-01 1.9715216824e-15 0.0000000000e+00 1.9715216824e-15 4.5189285709e-01 0.0000000000e+00 0.0000000000e+00 0.0000000000e+00 4.2961005902e+00
269.26494748 4.5121119579e-01 1.9677616283e-15 0.0000000000e+00 1.9677616283e-15 4.5121119579e-01 0.0000000000e+00 0.0000000000e+00 0.0000000000e+00 4.3429213840e+00
269.50176801 4.5053529106e-01 1.9652549256e-15 0.0000000000e+00 1.9652549256e-15 4.5053529106e-01 0.0000000000e+00 0.0000000000e+00 0.0000000000e+00 4.3905045022e+00
269.73858855 4.4986512437e-01 1.9627482229e-15 0.0000000000e+00 1.9627482229e-15 4.4986512437e-01 0.0000000000e+00 0.0000000000e+00 0.0000000000e+00 4.4388665441e+00
269.97540908 4.4920067743e-01 1.9589881688e-15 0.0000000000e+00 1.9589881688e-15 4.4920067743e-01 0.0000000000e+00 0.0000000000e+00 0.0000000000e+00 4.4880245615e+00
270.21222961 4.4854193212e-01 1.9564814661e-15 0.0000000000e+00 1.9564814661e-15 4.4854193212e-01 0.0000000000e+00 0.0000000000e+00 0.0000000000e+00 4.5379960745e+00
270.44905015 4.4788887057e-01 1.9527214120e-15 0.0000000000e+00 1.9527214120e-15 4.4788887057e-01 0.0000000000e+00 0.0000000000e+00 0.0000000000e+00 4.5887990859e+00
270.68587068 4.4724147509e-01 1.9489613580e-15 0.0000000000e+00 1.9489613580e-15 4.4724147509e-01 0.0000000000e+00 0.0000000000e+00 0.0000000000e+00 4.6404520979e+00
270.92269122 4.4659972824e-01 1.9477080066e-15 0.0000000000e+00 1.9477080066e-15 4.4659972824e-01 0.0000000000e+00 0.0000000000e+00 0.0000000000e+00 4.6929741287e+00
271.15951175 4.4596361273e-01 1.9426946012e-15 0.0000000000e+00 1.9426946012e-15 4.4596361273e-01 0.0000000000e+00 0.0000000000e+00 0.0000000000e+00 4.7463847295e+00
271.39633229 4.4533311154e-01 1.9414412498e-15 0.0000000000e+00 1.9414412498e-15 4.4533311154e-01 0.0000000000e+00 0.0000000000e+00 0.0000000000e+00 4.8007040028e+00
271.63315282 4.4470820781e-01 1.9376811958e-15 0.0000000000e+00 1.9376811958e-15 4.4470820781e-01 0.0000000000e+00 0.0000000000e+00 0.0000000000e+00 4.8559526207e+00
271.86997335 4.4408888492e-01 1.9351744931e-15 0.0000000000e+00 1.9351744931e-15 4.4408888492e-01 0.0000000000e+00 0.0000000000e+00 0.0000000000e+00 4.9121518448e+00
272.10679389 4.4347512642e-01 1.9314144390e-15 0.0000000000e+00 1.9314144390e-15 4.4347512642e-01 0.0000000000e+00 0.0000000000e+00 0.0000000000e+00 4.9693235460e+00
272.34361442 4.4286691610e-01 1.9289077363e-15 0.0000000000e+00 1.9289077363e-15 4.4286691610e-01 0.0000000000e+00 0.0000000000e+00 0.0000000000e+00 5.0274902259e+00
272.58043496 4.4226423793e-01 1.9251476822e-15 0.0000000000e+00 1.9251476822e-15 4.4226423793e-01 0.0000000000e+00 0.0000000000e+00 0.0000000000e+00 5.0866750382e+00
272.81725549 4.4166707608e-01 1.9226409795e-15 0.0000000000e+00 1.9226409795e-15 4.4166707608e-01 0.0000000000e+00 0.0000000000e+00 0.0000000000e+00 5.1469018119e+00
273.05407603 4.4107541493e-01 1.9188809254e-15 0.0000000000e+00 1.9188809254e-15 4.4107541493e-01 0.0000000000e+00 0.0000000000e+00 0.0000000000e+00 5.2081950747e+00
273.29089656 4.4048923907e-01 1.9176275741e-15 0.0000000000e+00 1.9176275741e-15 4.4048923907e-01 0.0000000000e+00 0.0000000000e+00 0.0000000000e+00 5.2705800775e+00
273.52771709 4.3990853327e-01 1.9126141687e-15 0.0000000000e+00 1.9126141687e-15 4.3990853327e-01 0.0000000000e+00 0.0000000000e+00 0.0000000000e+00 5.3340828207e+00
273.76453763 4.3933328251e-01 1.9113608173e-15 0.0000000000e+00 1.9113608173e-15 4.3933328251e-01 0.0000000000e+00 0.0000000000e+00 0.0000000000e+00 5.3987300802e+00
274.00135816 4.3876347196e-01 1.9076007632e-15 0.0000000000e+00 1.9076007632e-15 4.3876347196e-01 0.0000000000e+00 0.0000000000e+00 0.0000000000e+00 5.4645494356e+00
274.23817870 4.3819908700e-01 1.9050940605e-15 0.0000000000e+00 1.9050940605e-15 4.3819908700e-01 0.0000000000e+00 0.0000000000e+00 0.0000000000e+00 5.5315692991e+00
274.47499923 4.3764011318e-01 1.9025873578e-15 0.0000000000e+00 1.9025873578e-15 4.3764011318e-01 0.0000000000e+00 0.0000000000e+00 0.0000000000e+00 5.5998189459e+00
274.71181977 4.3708653628e-01 1.8988273037e-15 0.0000000000e+00 1.8988273037e-15 4.3708653628e-01 0.0000000000e+00 0.0000000000e+00 0.0000000000e+00 5.6693285455e+00
274.94864030 4.3653834224e-01 1.8975739524e-15 0.0000000000e+00 1.8975739524e-15 4.3653834224e-01 0.0000000000e+00 0.0000000000e+00 0.0000000000e+00 5.7401291948e+00
275.18546083 4.3599551723e-01 1.8950672497e-15 0.0000000000e+00 1.8950672497e-15 4.3599551723e-01 0.0000000000e+00 0.0000000000e+00 0.0000000000e+00 5.8122529521e+00
275.42228137 4.3545804757e-01 1.8913071956e-15 0.0000000000e+00 1.8913071956e-15 4.3545804757e-01 0.0000000000e+00 0.0000000000e+00 0.0000000000e+00 5.8857328730e+00
275.65910190 4.3492591981e-01 1.8888004929e-15 0.0000000000e+00 1.8888004929e-15 4.3492591981e-01 0.0000000000e+00 0.0000000000e+00 0.0000000000e+00 5.9606030478e+00
275.89592244 4.3439912067e-01 1.8875471415e-15 0.0000000000e+00 1.8875471415e-15 4.3439912067e-01 0.0000000000e+00 0.0000000000e+00 0.0000000000e+00 6.0368986401e+00
276.13274297 4.3387763707e-01 1.8837870875e-15 0.0000000000e+00 1.8837870875e-15 4.3387763707e-01 0.0000000000e+00 0.0000000000e+00 0.0000000000e+00 6.1146559281e+00
276.36956351 4.3336145611e-01 1.8812803848e-15 0.0000000000e+00 1.8812803848e-15 4.3336145611e-01 0.0000000000e+00 0.0000000000e+00 0.0000000000e+00 6.1939123463e+00
276.60638404 4.3285056509e-01 1.8787736821e-15 0.0000000000e+00 1.8787736821e-15 4.3285056509e-01 0.0000000000e+00 0.0000000000e+00 0.0000000000e+00 6.2747065303e+00
276.84320457 4.3234495149e-01 1.8775203307e-15 0.0000000000e+00 1.8775203307e-15 4.3234495149e-01 0.0000000000e+00 0.0000000000e+00 0.0000000000e+00 6.3570783630e+00
277.08002511 4.3184460298e-01 1.8750136280e-15 0.0000000000e+00 1.8750136280e-15 4.3184460298e-01 0.0000000000e+00 0.0000000000e+00 0.0000000000e+00 6.4410690232e+00
277.31684564 4.3134950743e-01 1.8712535739e-15 0.0000000000e+00 1.8712535739e-15 4.3134950743e-01 0.0000000000e+00 0.0000000000e+00 0.0000000000e+00 6.5267210358e+00
277.55366618 4.3085965287e-01 1.8687468712e-15 0.0000000000e+00 1.8687468712e-15 4.3085965287e-01 0.0000000000e+00 0.0000000000e+00 0.0000000000e+00 6.6140783252e+00
277.79048671 4.3037502755e-01 1.8674935199e-15 0.0000000000e+00 1.8674935199e-15 4.3037502755e-01 0.0000000000e+00 0.0000000000e+00 0.0000000000e+00 6.7031862703e+00
278.02730725 4.2989561986e-01 1.8649868171e-15 0.0000000000e+00 1.8649868171e-15 4.2989561986e-01 0.0000000000e+00 0.0000000000e+00 0.0000000000e+00 6.7940917628e+00
278.26412778 4.2942141842e-01 1.8624801144e-15 0.0000000000e+00 1.8624801144e-15 4.2942141842e-01 0.0000000000e+00 0.0000000000e+00 0.0000000000e+00 6.8868432672e+00
278.50094831 4.2895241202e-01 1.8612267631e-15 0.0000000000e+00 1.8612267631e-15 4.2895241202e-01 0.0000000000e+00 0.0000000000e+00 0.0000000000e+00 6.9814908852e+00
278.73776885 4.2848858960e-01 1.8574667090e-15 0.0000000000e+00 1.8574667090e-15 4.2848858960e-01 0.0000000000e+00 0.0000000000e+00 0.0000000000e+00 7.0780864210e+00
278.97458938 4.2802994034e-01 1.8549600063e-15 0.0000000000e+00 1.8549600063e-15 4.2802994034e-01 0.0000000000e+00 0.0000000000e+00 0.0000000000e+00 7.1766834518e+00
279.21140992 4.2757645356e-01 1.8524533036e-15 0.0000000000e+00 1.8524533036e-15 4.2757645356e-01 0.0000000000e+00 0.0000000000e+00 0.0000000000e+00 7.2773374005e+00
279.44823045 4.2712811878e-01 1.8511999522e-15 0.0000000000e+00 1.8511999522e-15 4.2712811878e-01 0.0000000000e+00 0.0000000000e+00 0.0000000000e+00 7.3801056118e+00
279.68505099 4.2668492569e-01 1.8486932495e-15 0.0000000000e+00 1.8486932495e-15 4.2668492569e-01 0.0000000000e+00 0.0000000000e+00 0.0000000000e+00 7.4850474327e+00
279.92187152 4.2624686417e-01 1.8461865468e-15 0.0000000000e+00 1.8461865468e-15 4.2624686417e-01 0.0000000000e+00 0.0000000000e+00 0.0000000000e+00 7.5922242963e+00
280.15869205 4.2581392428e-01 1.8449331955e-15 0.0000000000e+00 1.8449331955e-15 4.2581392428e-01 0.0000000000e+00 0.0000000000e+00 0.0000000000e+00 7.7016998101e+00
280.39551259 4.2538609626e-01 1.8411731414e-15 0.0000000000e+00 1.8411731414e-15 4.2538609626e-01 0.0000000000e+00 0.0000000000e+00 0.0000000000e+00 7.8135398485e+00
280.63233312 4.2496337052e-01 1.8399197900e-15 0.0000000000e+00 1.8399197900e-15 4.2496337052e-01 0.0000000000e+00 0.0000000000e+00 0.0000000000e+00 7.9278126496e+00
280.86915366 4.2454573766e-01 1.8386664387e-15 0.0000000000e+00 1.8386664387e-15 4.2454573766e-01 0.0000000000e+00 0.0000000000e+00 0.0000000000e+00 8.0445889176e+00
281.10597419 4.2413318845e-01 1.8349063846e-15 0.0000000000e+00 1.8349063846e-15 4.2413318845e-01 0.0000000000e+00 0.0000000000e+00 0.0000000000e+00 8.1639419297e+00
281.34279473 4.2372571385e-01 1.8336530333e-15 0.0000000000e+00 1.8336530333e-15 4.2372571385e-01 0.0000000000e+00 0.0000000000e+00 0.0000000000e+00 8.2859476484e+00
281.57961526 4.2332330498e-01 1.8323996819e-15 0.0000000000e+00 1.8323996819e-15 4.2332330498e-01 0.0000000000e+00 0.0000000000e+00 0.0000000000e+00 8.4106848402e+00
281.81643579 4.2292595315e-01 1.8298929792e-15 0.0000000000e+00 1.8298929792e-15 4.2292595315e-01 0.0000000000e+00 0.0000000000e+00 0.0000000000e+00 8.5382351995e+00
282.05325633 4.2253364984e-01 1.8273862765e-15 0.0000000000e+00 1.8273862765e-15 4.2253364984e-01 0.0000000000e+00 0.0000000000e+00 0.0000000000e+00 8.6686834799e+00
282.29007686 4.2214638672e-01 1.8261329251e-15 0.0000000000e+00 1.8261329251e-15 4.2214638672e-01 0.0000000000e+00 0.0000000000e+00 0.0000000000e+00 8.8021176312e+00
282.52689740 4.2176415562e-01 1.8223728711e-15 0.0000000000e+00 1.8223728711e-15 4.2176415562e-01 0.0000000000e+00 0.0000000000e+00 0.0000000000e+00 8.9386289450e+00
282.76371793 4.2138694855e-01 1.8211195197e-15 0.0000000000e+00 1.8211195197e-15 4.2138694855e-01 0.0000000000e+00 0.0000000000e+00 0.0000000000e+00 9.0783122065e+00
283.00053847 4.2101475770e-01 1.8198661683e-15 0.0000000000e+00 1.8198661683e-15 4.2101475770e-01 0.0000000000e+00 0.0000000000e+00 0.0000000000e+00 9.2212658556e+00
283.23735900 4.2064757542e-01 1.8173594656e-15 0.0000000000e+00 1.8173594656e-15 4.2064757542e-01 0.0000000000e+00 0.0000000000e+00 0.0000000000e+00 9.3675921560e+00
283.47417953 4.2028539427e-01 1.8161061143e-15 0.0000000000e+00 1.8161061143e-15 4.2028539427e-01 0.0000000000e+00 0.0000000000e+00 0.0000000000e+00 9.5173973736e+00
283.71100007 4.1992820694e-01 1.8148527629e-15 0.0000000000e+00 1.8148527629e-15 4.1992820694e-01 0.0000000000e+00 0.0000000000e+00 0.0000000000e+00 9.6707919648e+00
283.94782060 4.1957600632e-01 1.8123460602e-15 0.0000000000e+00 1.8123460602e-15 4.1957600632e-01 0.0000000000e+00 0.0000000000e+00 0.0000000000e+00 9.8278907748e+00
284.18464114 4.1922878548e-01 1.8098393575e-15 0.0000000000e+00 1.8098393575e-15 4.1922878548e-01 0.0000000000e+00 0.0000000000e+00 0.0000000000e+00 9.9888132470e+00
284.42146167 4.1888653763e-01 1.8085860061e-15 0.0000000000e+00 1.8085860061e-15 4.1888653763e-01 0.0000000000e+00 0.0000000000e+00 0.0000000000e+00 1.0153683644e+01
284.65828221 4.1854925620e-01 1.8060793034e-15 0.0000000000e+00 1.8060793034e-15 4.1854925620e-01 0.0000000000e+00 0.0000000000e+00 0.0000000000e+00 1.0322631282e+01
284.89510274 4.1821693475e-01 1.8035726007e-15 0.0000000000e+00 1.8035726007e-15 4.1821693475e-01 0.0000000000e+00 0.0000000000e+00 0.0000000000e+00 1.0495790776e+01
285.13192327 4.1788956704e-01 1.8035726007e-15 0.0000000000e+00 1.8035726007e-15 4.1788956704e-01 0.0000000000e+00 0.0000000000e+00 0.0000000000e+00 1.0673302302e+01
285.36874381 4.1756714700e-01 1.8023192494e-15 0.0000000000e+00 1.8023192494e-15 4.1756714700e-01 0.0000000000e+00 0.0000000000e+00 0.0000000000e+00 1.0855311872e+01
285.60556434 4.1724966871e-01 1.7998125467e-15 0.0000000000e+00 1.7998125467e-15 4.1724966871e-01 0.0000000000e+00 0.0000000000e+00 0.0000000000e+00 1.1041971625e+01
285.84238488 4.1693712645e-01 1.7973058439e-15 0.0000000000e+00 1.7973058439e-15 4.1693712645e-01 0.0000000000e+00 0.0000000000e+00 0.0000000000e+00 1.1233440137e+01
286.07920541 4.1662951465e-01 1.7960524926e-15 0.0000000000e+00 1.7960524926e-15 4.1662951465e-01 0.0000000000e+00 0.0000000000e+00 0.0000000000e+00 1.1429882747e+01
286.31602595 4.1632682794e-01 1.7947991412e-15 0.0000000000e+00 1.7947991412e-15 4.1632682794e-01 0.0000000000e+00 0.0000000000e+00 0.0000000000e+00 1.1631471904e+01
286.55284648 4.1602906108e-01 1.7935457899e-15 0.0000000000e+00 1.7935457899e-15 4.1602906108e-01 0.0000000000e+00 0.0000000000e+00 0.0000000000e+00 1.1838387533e+01
286.78966701 4.1573620905e-01 1.7910390872e-15 0.0000000000e+00 1.7910390872e-15 4.1573620905e-01 0.0000000000e+00 0.0000000000e+00 0.0000000000e+00 1.2050817424e+01
287.02648755 4.1544826696e-01 1.7910390872e-15 0.0000000000e+00 1.7910390872e-15 4.1544826696e-01 0.0000000000e+00 0.0000000000e+00 0.0000000000e+00 1.2268957644e+01
287.26330808 4.1516523012e-01 1.7885323845e-15 0.0000000000e+00 1.7885323845e-15 4.1516523012e-01 0.0000000000e+00 0.0000000000e+00 0.0000000000e+00 1.2493012978e+01
287.50012862 4.1488709398e-01 1.7860256817e-15 0.0000000000e+00 1.7860256817e-15 4.1488709398e-01 0.0000000000e+00 0.0000000000e+00 0.0000000000e+00 1.2723197388e+01
287.73694915 4.1461385420e-01 1.7860256817e-15 0.0000000000e+00 1.7860256817e-15 4.1461385420e-01 0.0000000000e+00 0.0000000000e+00 0.0000000000e+00 1.2959734511e+01
287.97376969 4.1434550658e-01 1.7835189790e-15 0.0000000000e+00 1.7835189790e-15 4.1434550658e-01 0.0000000000e+00 0.0000000000e+00 0.0000000000e+00 1.3202858181e+01
288.21059022 4.1408204711e-01 1.7822656277e-15 0.0000000000e+00 1.7822656277e-15 4.1408204711e-01 0.0000000000e+00 0.0000000000e+00 0.0000000000e+00 1.3452812990e+01
288.44741075 4.1382347194e-01 1.7810122763e-15 0.0000000000e+00 1.7810122763e-15 4.1382347194e-01 0.0000000000e+00 0.0000000000e+00 0.0000000000e+00 1.3709854876e+01
288.68423129 4.1356977739e-01 1.7797589250e-15 0.0000000000e+00 1.7797589250e-15 4.1356977739e-01 0.0000000000e+00 0.0000000000e+00 0.0000000000e+00 1.3974251757e+01
288.92105182 4.1332095996e-01 1.7785055736e-15 0.0000000000e+00 1.7785055736e-15 4.1332095996e-01 0.0000000000e+00 0.0000000000e+00 0.0000000000e+00 1.4246284206e+01
289.15787236 4.1307701631e-01 1.7772522223e-15 0.0000000000e+00 1.7772522223e-15 4.1307701631e-01 0.0000000000e+00 0.0000000000e+00 0.0000000000e+00 1.4526246160e+01
289.39469289 4.1283794327e-01 1.7747455195e-15 0.0000000000e+00 1.7747455195e-15 4.1283794327e-01 0.0000000000e+00 0.0000000000e+00 0.0000000000e+00 1.4814445689e+01
289.63151343 4.1260373787e-01 1.7734921682e-15 0.0000000000e+00 1.7734921682e-15 4.1260373787e-01 0.0000000000e+00 0.0000000000e+00 0.0000000000e+00 1.5111205808e+01
289.86833396 4.1237439726e-01 1.7734921682e-15 0.0000000000e+00 1.7734921682e-15 4.1237439726e-01 0.0000000000e+00 0.0000000000e+00 0.0000000000e+00 1.5416865343e+01
290.10515449 4.1214991881e-01 1.7709854655e-15 0.0000000000e+00 1.7709854655e-15 4.1214991881e-01 0.0000000000e+00 0.0000000000e+00 0.0000000000e+00 1.5731779861e+01
290.34197503 4.1193030002e-01 1.7709854655e-15 0.0000000000e+00 1.7709854655e-15 4.1193030002e-01 0.0000000000e+00 0.0000000000e+00 0.0000000000e+00 1.6056322660e+01
290.57879556 4.1171553860e-01 1.7684787628e-15 0.0000000000e+00 1.7684787628e-15 4.1171553860e-01 0.0000000000e+00 0.0000000000e+00 0.0000000000e+00 1.6390885824e+01
290.81561610 4.1150563240e-01 1.7684787628e-15 0.0000000000e+00 1.7684787628e-15 4.1150563240e-01 0.0000000000e+00 0.0000000000e+00 0.0000000000e+00 1.6735881359e+01
291.05243663 4.1130057945e-01 1.7659720601e-15 0.0000000000e+00 1.7659720601e-15 4.1130057945e-01 0.0000000000e+00 0.0000000000e+00 0.0000000000e+00 1.7091742400e+01
291.28925717 4.1110037796e-01 1.7659720601e-15 0.0000000000e+00 1.7659720601e-15 4.1110037796e-01 0.0000000000e+00 0.0000000000e+00 0.0000000000e+00 1.7458924509e+01
291.52607770 4.1090502630e-01 1.7634653573e-15 0.0000000000e+00 1.7634653573e-15 4.1090502630e-01 0.0000000000e+00 0.0000000000e+00 0.0000000000e+00 1.7837907064e+01
291.76289823 4.1071452302e-01 1.7634653573e-15 0.0000000000e+00 1.7634653573e-15 4.1071452302e-01 0.0000000000e+00 0.0000000000e+00 0.0000000000e+00 1.8229194747e+01
291.99971877 4.1052886683e-01 1.7622120060e-15 0.0000000000e+00 1.7622120060e-15 4.1052886683e-01 0.0000000000e+00 0.0000000000e+00 0.0000000000e+00 1.8633319140e+01
292.23653930 4.1034805662e-01 1.7622120060e-15 0.0000000000e+00 1.7622120060e-15 4.1034805662e-01 0.0000000000e+00 0.0000000000e+00 0.0000000000e+00 1.9050840438e+01
292.47335984 4.1017209146e-01 1.7597053033e-15 0.0000000000e+00 1.7597053033e-15 4.1017209146e-01 0.0000000000e+00 0.0000000000e+00 0.0000000000e+00 1.9482349290e+01
292.71018037 4.1000097057e-01 1.7597053033e-15 0.0000000000e+00 1.7597053033e-15 4.1000097057e-01 0.0000000000e+00 0.0000000000e+00 0.0000000000e+00 1.9928468773e+01
292.94700091 4.0983469337e-01 1.7597053033e-15 0.0000000000e+00 1.7597053033e-15 4.0983469337e-01 0.0000000000e+00 0.0000000000e+00 0.0000000000e+00 2.0389856521e+01
293.18382144 4.0967325942e-01 1.7546918979e-15 0.0000000000e+00 1.7546918979e-15 4.0967325942e-01 0.0000000000e+00 0.0000000000e+00 0.0000000000e+00 2.0867207010e+01
293.42064197 4.0951666848e-01 1.7546918979e-15 0.0000000000e+00 1.7546918979e-15 4.0951666848e-01 0.0000000000e+00 0.0000000000e+00 0.0000000000e+00 2.1361254017e+01
293.65746251 4.0936492048e-01 1.7546918979e-15 0.0000000000e+00 1.7546918979e-15 4.0936492048e-01 0.0000000000e+00 0.0000000000e+00 0.0000000000e+00 2.1872773279e+01
293.89428304 4.0921801550e-01 1.7546918979e-15 0.0000000000e+00 1.7546918979e-15 4.0921801550e-01 0.0000000000e+00 0.0000000000e+00 0.0000000000e+00 2.2402585345e+01
294.13110358 4.0907595381e-01 1.7546918979e-15 0.0000000000e+00 1.7546918979e-15 4.0907595381e-01 0.0000000000e+00 0.0000000000e+00 0.0000000000e+00 2.2951558665e+01
294.36792411 4.0893873586e-01 1.7521851951e-15 0.0000000000e+00 1.7521851951e-15 4.0893873586e-01 0.0000000000e+00 0.0000000000e+00 0.0000000000e+00 2.3520612916e+01
294.60474465 4.0880636226e-01 1.7521851951e-15 0.0000000000e+00 1.7521851951e-15 4.0880636226e-01 0.0000000000e+00 0.0000000000e+00 0.0000000000e+00 2.4110722604e+01
294.84156518 4.0867883381e-01 1.7496784924e-15 0.0000000000e+00 1.7496784924e-15 4.0867883381e-01 0.0000000000e+00 0.0000000000e+00 0.0000000000e+00 2.4722920943e+01
295.07838571 4.0855615147e-01 1.7496784924e-15 0.0000000000e+00 1.7496784924e-15 4.0855615147e-01 0.0000000000e+00 0.0000000000e+00 0.0000000000e+00 2.5358304070e+01
295.31520625 4.0843831637e-01 1.7496784924e-15 0.0000000000e+00 1.7496784924e-15 4.0843831637e-01 0.0000000000e+00 0.0000000000e+00 0.0000000000e+00 2.6018035589e+01
295.55202678 4.0832532983e-01 1.7471717897e-15 0.0000000000e+00 1.7471717897e-15 4.0832532983e-01 0.0000000000e+00 0.0000000000e+00 0.0000000000e+00 2.6703351508e+01
295.78884732 4.0821719334e-01 1.7471717897e-15 0.0000000000e+00 1.7471717897e-15 4.0821719334e-01 0.0000000000e+00 0.0000000000e+00 0.0000000000e+00 2.7415565584e+01
296.02566785 4.0811390856e-01 1.7446650870e-15 0.0000000000e+00 1.7446650870e-15 4.0811390856e-01 0.0000000000e+00 0.0000000000e+00 0.0000000000e+00 2.8156075118e+01
296.26248839 4.0801547735e-01 1.7471717897e-15 0.0000000000e+00 1.7471717897e-15 4.0801547735e-01 0.0000000000e+00 0.0000000000e+00 0.0000000000e+00 2.8926367256e+01
296.49930892 4.0792190170e-01 1.7446650870e-15 0.0000000000e+00 1.7446650870e-15 4.0792190170e-01 0.0000000000e+00 0.0000000000e+00 0.0000000000e+00 2.9728025823e+01
296.73612945 4.0783318383e-01 1.7446650870e-15 0.0000000000e+00 1.7446650870e-15 4.0783318383e-01 0.0000000000e+00 0.0000000000e+00 0.0000000000e+00 3.0562738762e+01
296.97294999 4.0774932609e-01 1.7421583843e-15 0.0000000000e+00 1.7421583843e-15 4.0774932609e-01 0.0000000000e+00 0.0000000000e+00 0.0000000000e+00 3.1432306221e+01
297.20977052 4.0767033105e-01 1.7421583843e-15 0.0000000000e+00 1.7421583843e-15 4.0767033105e-01 0.0000000000e+00 0.0000000000e+00 0.0000000000e+00 3.2338649357e+01
297.44659106 4.0759620142e-01 1.7421583843e-15 0.0000000000e+00 1.7421583843e-15 4.0759620142e-01 0.0000000000e+00 0.0000000000e+00 0.0000000000e+00 3.3283819936e+01
297.68341159 4.0752694012e-01 1.7396516816e-15 0.0000000000e+00 1.7396516816e-15 4.0752694012e-01 0.0000000000e+00 0.0000000000e+00 0.0000000000e+00 3.4270010787e+01
297.92023213 4.0746255022e-01 1.7421583843e-15 0.0000000000e+00 1.7421583843e-15 4.0746255022e-01 0.0000000000e+00 0.0000000000e+00 0.0000000000e+00 3.5299567219e+01
298.15705266 4.0740303499e-01 1.7396516816e-15 0.0000000000e+00 1.7396516816e-15 4.0740303499e-01 0.0000000000e+00 0.0000000000e+00 0.0000000000e+00 3.6374999477e+01
298.39387319 4.0734839789e-01 1.7396516816e-15 0.0000000000e+00 1.7396516816e-15 4.0734839789e-01 0.0000000000e+00 0.0000000000e+00 0.0000000000e+00 3.7498996357e+01
298.63069373 4.0729864252e-01 1.7371449789e-15 0.0000000000e+00 1.7371449789e-15 4.0729864252e-01 0.0000000000e+00 0.0000000000e+00 0.0000000000e+00 3.8674440083e+01
298.86751426 4.0725377271e-01 1.7371449789e-15 0.0000000000e+00 1.7371449789e-15 4.0725377271e-01 0.0000000000e+00 0.0000000000e+00 0.0000000000e+00 3.9904422588e+01
299.10433480 4.0721379243e-01 1.7371449789e-15 0.0000000000e+00 1.7371449789e-15 4.0721379243e-01 0.0000000000e+00 0.0000000000e+00 0.0000000000e+00 4.1192263327e+01
299.34115533 4.0717870586e-01 1.7371449789e-15 0.0000000000e+00 1.7371449789e-15 4.0717870586e-01 0.0000000000e+00 0.0000000000e+00 0.0000000000e+00 4.2541528794e+01
299.57797587 4.0714851734e-01 1.7371449789e-15 0.0000000000e+00 1.7371449789e-15 4.0714851734e-01 0.0000000000e+00 0.0000000000e+00 0.0000000000e+00 4.3956053901e+01
299.81479640 4.0712323142e-01 1.7346382762e-15 0.0000000000e+00 1.7346382762e-15 4.0712323142e-01 0.0000000000e+00 0.0000000000e+00 0.0000000000e+00 4.5439965420e+01
300.05161693 4.0710285282e-01 1.7371449789e-15 0.0000000000e+00 1.7371449789e-15 4.0710285282e-01 0.0000000000e+00 0.0000000000e+00 0.0000000000e+00 4.6997707690e+01
300.28843747 4.0708738643e-01 1.7371449789e-15 0.0000000000e+00 1.7371449789e-15 4.0708738643e-01 0.0000000000e+00 0.0000000000e+00 0.0000000000e+00 4.8634070828e+01
300.52525800 4.0707683735e-01 1.7346382762e-15 0.0000000000e+00 1.7346382762e-15 4.0707683735e-01 0.0000000000e+00 0.0000000000e+00 0.0000000000e+00 5.0354221686e+01
300.76207854 4.0707121085e-01 1.7346382762e-15 0.0000000000e+00 1.7346382762e-15 4.0707121085e-01 0.0000000000e+00 0.0000000000e+00 0.0000000000e+00 5.2163737832e+01
300.99889907 4.0707051240e-01 1.7321315735e-15 0.0000000000e+00 1.7321315735e-15 4.0707051240e-01 0.0000000000e+00 0.0000000000e+00 0.0000000000e+00 5.4068644865e+01
301.23571961 4.0707474764e-01 1.7346382762e-15 0.0000000000e+00 1.7346382762e-15 4.0707474764e-01 0.0000000000e+00 0.0000000000e+00 0.0000000000e+00 5.6075457367e+01
301.47254014 4.0708392240e-01 1.7346382762e-15 0.0000000000e+00 1.7346382762e-15 4.0708392240e-01 0.0000000000e+00 0.0000000000e+00 0.0000000000e+00 5.8191223862e+01
301.70936067 4.0709804272e-01 1.7321315735e-15 0.0000000000e+00 1.7321315735e-15 4.0709804272e-01 0.0000000000e+00 0.0000000000e+00 0.0000000000e+00 6.0423576141e+01
301.94618121 4.0711711481e-01 1.7346382762e-15 0.0000000000e+00 1.7346382762e-15 4.0711711481e-01 0.0000000000e+00 0.0000000000e+00 0.0000000000e+00 6.2780783357e+01
302.18300174 4.0714114506e-01 1.7346382762e-15 0.0000000000e+00 1.7346382762e-15 4.0714114506e-01 0.0000000000e+00 0.0000000000e+00 0.0000000000e+00 6.5271811290e+01
302.41982228 4.0717014008e-01 1.7321315735e-15 0.0000000000e+00 1.7321315735e-15 4.0717014008e-01 0.0000000000e+00 0.0000000000e+00 0.0000000000e+00 6.7906387218e+01
302.65664281 4.0720410665e-01 1.7346382762e-15 0.0000000000e+00 1.7346382762e-15 4.0720410665e-01 0.0000000000e+00 0.0000000000e+00 0.0000000000e+00 7.0695070806e+01
302.89346335 4.0724305175e-01 1.7321315735e-15 0.0000000000e+00 1.7321315735e-15 4.0724305175e-01 0.0000000000e+00 0.0000000000e+00 0.0000000000e+00 7.3649331435e+01
303.13028388 4.0728698255e-01 1.7346382762e-15 0.0000000000e+00 1.7346382762e-15 4.0728698255e-01 0.0000000000e+00 0.0000000000e+00 0.0000000000e+00 7.6781632325e+01
303.36710441 4.0733590641e-01 1.7321315735e-15 0.0000000000e+00 1.7321315735e-15 4.0733590641e-01 0.0000000000e+00 0.0000000000e+00 0.0000000000e+00 8.0105521790e+01
303.60392495 4.0738983089e-01 1.7321315735e-15 0.0000000000e+00 1.7321315735e-15 4.0738983089e-01 0.0000000000e+00 0.0000000000e+00 0.0000000000e+00 8.3635731794e+01
303.84074548 4.0744876376e-01 1.7321315735e-15 0.0000000000e+00 1.7321315735e-15 4.0744876376e-01 0.0000000000e+00 0.0000000000e+00 0.0000000000e+00 8.7388283881e+01
304.07756602 4.0751271295e-01 1.7321315735e-15 0.0000000000e+00 1.7321315735e-15 4.0751271295e-01 0.0000000000e+00 0.0000000000e+00 0.0000000000e+00 9.1380602264e+01
304.31438655 4.0758168662e-01 1.7321315735e-15 0.0000000000e+00 1.7321315735e-15 4.0758168662e-01 0.0000000000e+00 0.0000000000e+00 0.0000000000e+00 9.5631633545e+01
304.55120709 4.0765569312e-01 1.7321315735e-15 0.0000000000e+00 1.7321315735e-15 4.0765569312e-01 0.0000000000e+00 0.0000000000e+00 0.0000000000e+00 1.0016197206e+02
304.78802762 4.0773474098e-01 1.7321315735e-15 0.0000000000e+00 1.7321315735e-15 4.0773474098e-01 0.0000000000e+00 0.0000000000e+00 0.0000000000e+00 1.0499398919e+02
305.02484815 4.0781883897e-01 1.7321315735e-15 0.0000000000e+00 1.7321315735e-15 4.0781883897e-01 0.0000000000e+00 0.0000000000e+00 0.0000000000e+00 1.1015196408e+02
305.26166869 4.0790799601e-01 1.7321315735e-15 0.0000000000e+00 1.7321315735e-15 4.0790799601e-01 0.0000000000e+00 0.0000000000e+00 0.0000000000e+00 1.1566221208e+02
305.49848922 4.0800222127e-01 1.7321315735e-15 0.0000000000e+00 1.7321315735e-15 4.0800222127e-01 0.0000000000e+00 0.0000000000e+00 0.0000000000e+00 1.2155320553e+02
305.73530976 4.0810152410e-01 1.7321315735e-15 0.0000000000e+00 1.7321315735e-15 4.0810152410e-01 0.0000000000e+00 0.0000000000e+00 0.0000000000e+00 1.2785567946e+02
305.97213029 4.0820591404e-01 1.7346382762e-15 0.0000000000e+00 1.7346382762e-15 4.0820591404e-01 0.0000000000e+00 0.0000000000e+00 0.0000000000e+00 1.3460271218e+02
306.20895083 4.0831540086e-01 1.7321315735e-15 0.0000000000e+00 1.7321315735e-15 4.0831540086e-01 0.0000000000e+00 0.0000000000e+00 0.0000000000e+00 1.4182976683e+02
306.44577136 4.0842999453e-01 1.7346382762e-15 0.0000000000e+00 1.7346382762e-15 4.0842999453e-01 0.0000000000e+00 0.0000000000e+00 0.0000000000e+00 1.4957467583e+02
306.68259189 4.0854970522e-01 1.7321315735e-15 0.0000000000e+00 1.7321315735e-15 4.0854970522e-01 0.0000000000e+00 0.0000000000e+00 0.0000000000e+00 1.5787754392e+02
306.91941243 4.0867454331e-01 1.7346382762e-15 0.0000000000e+00 1.7346382762e-15 4.0867454331e-01 0.0000000000e+00 0.0000000000e+00 0.0000000000e+00 1.6678053871e+02
307.15623296 4.0880451939e-01 1.7321315735e-15 0.0000000000e+00 1.7321315735e-15 4.0880451939e-01 0.0000000000e+00 0.0000000000e+00 0.0000000000e+00 1.7632752816e+02
307.39305350 4.0893964427e-01 1.7346382762e-15 0.0000000000e+00 1.7346382762e-15 4.0893964427e-01 0.0000000000e+00 0.0000000000e+00 0.0000000000e+00 1.8656351408e+02
307.62987403 4.0907992895e-01 1.7346382762e-15 0.0000000000e+00 1.7346382762e-15 4.0907992895e-01 0.0000000000e+00 0.0000000000e+00 0.0000000000e+00 1.9753379797e+02
307.86669457 4.0922538467e-01 1.7346382762e-15 0.0000000000e+00 1.7346382762e-15 4.0922538467e-01 0.0000000000e+00 0.0000000000e+00 0.0000000000e+00 2.0928280118e+02
308.10351510 4.0937602286e-01 1.7321315735e-15 0.0000000000e+00 1.7321315735e-15 4.0937602286e-01 0.0000000000e+00 0.0000000000e+00 0.0000000000e+00 2.2185244647e+02
308.34033563 4.0953185517e-01 1.7346382762e-15 0.0000000000e+00 1.7346382762e-15 4.0953185517e-01 0.0000000000e+00 0.0000000000e+00 0.0000000000e+00 2.3527999390e+02
308.57715617 4.0969289349e-01 1.7346382762e-15 0.0000000000e+00 1.7346382762e-15 4.0969289349e-01 0.0000000000e+00 0.0000000000e+00 0.0000000000e+00 2.4959521257e+02
308.81397670 4.0985914988e-01 1.7346382762e-15 0.0000000000e+00 1.7346382762e-15 4.0985914988e-01 0.0000000000e+00 0.0000000000e+00 0.0000000000e+00 2.6481676733e+02
309.05079724 4.1003063667e-01 1.7346382762e-15 0.0000000000e+00 1.7346382762e-15 4.1003063667e-01 0.0000000000e+00 0.0000000000e+00 0.0000000000e+00 2.8094771021e+02
309.28761777 4.1020736637e-01 1.7346382762e-15 0.0000000000e+00 1.7346382762e-15 4.1020736637e-01 0.0000000000e+00 0.0000000000e+00 0.0000000000e+00 2.9797000162e+02
309.52443831 4.1038935175e-01 1.7346382762e-15 0.0000000000e+00 1.7346382762e-15 4.1038935175e-01 0.0000000000e+00 0.0000000000e+00 0.0000000000e+00 3.1583805711e+02
309.76125884 4.1057660576e-01 1.7346382762e-15 0.0000000000e+00 1.7346382762e-15 4.1057660576e-01 0.0000000000e+00 0.0000000000e+00 0.0000000000e+00 3.3447143551e+02
309.99807937 4.1076914160e-01 1.7371449789e-15 0.0000000000e+00 1.7371449789e-15 4.1076914160e-01 0.0000000000e+00 0.0000000000e+00 0.0000000000e+00 3.5374696828e+02
310.23489991 4.1096697269e-01 1.7371449789e-15 0.0000000000e+00 1.7371449789e-15 4.1096697269e-01 0.0000000000e+00 0.0000000000e+00 0.0000000000e+00 3.7349088407e+02
310.47172044 4.1117011269e-01 1.7371449789e-15 0.0000000000e+00 1.7371449789e-15 4.1117011269e-01 0.0000000000e+00 0.0000000000e+00 0.0000000000e+00 3.9347180326e+02
310.70854098 4.1137857545e-01 1.7371449789e-15 0.0000000000e+00 1.7371449789e-15 4.1137857545e-01 0.0000000000e+00 0.0000000000e+00 0.0000000000e+00 4.1339583165e+02
310.94536151 4.1159237510e-01 1.7396516816e-15 0.0000000000e+00 1.7396516816e-15 4.1159237510e-01 0.0000000000e+00 0.0000000000e+00 0.0000000000e+00 4.3290530495e+02
311.18218205 4.1181152596e-01 1.7396516816e-15 0.0000000000e+00 1.7396516816e-15 4.1181152596e-01 0.0000000000e+00 0.0000000000e+00 0.0000000000e+00 4.5158291328e+02
311.41900258 4.1203604260e-01 1.7396516816e-15 0.0000000000e+00 1.7396516816e-15 4.1203604260e-01 0.0000000000e+00 0.0000000000e+00 0.0000000000e+00 4.6896282187e+02
311.65582311 4.1226593983e-01 1.7396516816e-15 0.0000000000e+00 1.7396516816e-15 4.1226593983e-01 0.0000000000e+00 0.0000000000e+00 0.0000000000e+00 4.8454984986e+02
311.89264365 4.1250123267e-01 1.7421583843e-15 0.0000000000e+00 1.7421583843e-15 4.1250123267e-01 0.0000000000e+00 0.0000000000e+00 0.0000000000e+00 4.9784668893e+02
312.12946418 4.1274193642e-01 1.7421583843e-15 0.0000000000e+00 1.7421583843e-15 4.1274193642e-01 0.0000000000e+00 0.0000000000e+00 0.0000000000e+00 5.0838759450e+02
312.36628472 4.1298806657e-01 1.7421583843e-15 0.0000000000e+00 1.7421583843e-15 4.1298806657e-01 0.0000000000e+00 0.0000000000e+00 0.0000000000e+00 5.1577523609e+02
312.60310525 4.1323963889e-01 1.7421583843e-15 0.0000000000e+00 1.7421583843e-15 4.1323963889e-01 0.0000000000e+00 0.0000000000e+00 0.0000000000e+00 5.1971592183e+02
312.83992579 4.1349666937e-01 1.7446650870e-15 0.0000000000e+00 1.7446650870e-15 4.1349666937e-01 0.0000000000e+00 0.0000000000e+00 0.0000000000e+00 5.2004776774e+02
313.07674632 4.1375917424e-01 1.7421583843e-15 0.0000000000e+00 1.7421583843e-15 4.1375917424e-01 0.0000000000e+00 0.0000000000e+00 0.0000000000e+00 5.1675697466e+02
313.31356685 4.1402716999e-01 1.7446650870e-15 0.0000000000e+00 1.7446650870e-15 4.1402716999e-01 0.0000000000e+00 0.0000000000e+00 0.0000000000e+00 5.0997923986e+02
313.55038739 4.1430067336e-01 1.7471717897e-15 0.0000000000e+00 1.7471717897e-15 4.1430067336e-01 0.0000000000e+00 0.0000000000e+00 0.0000000000e+00 4.9998604004e+02
313.78720792 4.1457970131e-01 1.7471717897e-15 0.0000000000e+00 1.7471717897e-15 4.1457970131e-01 0.0000000000e+00 0.0000000000e+00 0.0000000000e+00 4.8715830790e+02
314.02402846 4.1486427109e-01 1.7496784924e-15 0.0000000000e+00 1.7496784924e-15 4.1486427109e-01 0.0000000000e+00 0.0000000000e+00 0.0000000000e+00 4.7195208836e+02
314.26084899 4.1515440017e-01 1.7496784924e-15 0.0000000000e+00 1.7496784924e-15 4.1515440017e-01 0.0000000000e+00 0.0000000000e+00 0.0000000000e+00 4.5486159482e+02
314.49766953 4.1545010628e-01 1.7496784924e-15 0.0000000000e+00 1.7496784924e-15 4.1545010628e-01 0.0000000000e+00 0.0000000000e+00 0.0000000000e+00 4.3638464525e+02
314.73449006 4.1575140743e-01 1.7521851951e-15 0.0000000000e+00 1.7521851951e-15 4.1575140743e-01 0.0000000000e+00 0.0000000000e+00 0.0000000000e+00 4.1699409617e+02
314.97131059 4.1605832185e-01 1.7521851951e-15 0.0000000000e+00 1.7521851951e-15 4.1605832185e-01 0.0000000000e+00 0.0000000000e+00 0.0000000000e+00 3.9711715708e+02
315.20813113 4.1637086805e-01 1.7521851951e-15 0.0000000000e+00 1.7521851951e-15 4.1637086805e-01 0.0000000000e+00 0.0000000000e+00 0.0000000000e+00 3.7712285577e+02
315.44495166 4.1668906481e-01 1.7546918979e-15 0.0000000000e+00 1.7546918979e-15 4.1668906481e-01 0.0000000000e+00 0.0000000000e+00 0.0000000000e+00 3.5731674954e+02
315.68177220 4.1701293116e-01 1.7571986006e-15 0.0000000000e+00 1.7571986006e-15 4.1701293116e-01 0.0000000000e+00 0.0000000000e+00 0.0000000000e+00 3.3794133060e+02
315.91859273 4.1734248639e-01 1.7571986006e-15 0.0000000000e+00 1.7571986006e-15 4.1734248639e-01 0.0000000000e+00 0.0000000000e+00 0.0000000000e+00 3.1918039052e+02
316.15541327 4.1767775006e-01 1.7571986006e-15 0.0000000000e+00 1.7571986006e-15 4.1767775006e-01 0.0000000000e+00 0.0000000000e+00 0.0000000000e+00 3.0116574519e+02
316.39223380 4.1801874202e-01 1.7597053033e-15 0.0000000000e+00 1.7597053033e-15 4.1801874202e-01 0.0000000000e+00 0.0000000000e+00 0.0000000000e+00 2.8398502708e+02
316.62905433 4.1836548237e-01 1.7571986006e-15 0.0000000000e+00 1.7571986006e-15 4.1836548237e-01 0.0000000000e+00 0.0000000000e+00 0.0000000000e+00 2.6768960675e+02
316.86587487 4.1871799148e-01 1.7597053033e-15 0.0000000000e+00 1.7597053033e-15 4.1871799148e-01 0.0000000000e+00 0.0000000000e+00 0.0000000000e+00 2.5230203528e+02
317.10269540 4.1907629000e-01 1.7622120060e-15 0.0000000000e+00 1.7622120060e-15 4.1907629000e-01 0.0000000000e+00 0.0000000000e+00 0.0000000000e+00 2.3782266724e+02
317.33951594 4.1944039888e-01 1.7622120060e-15 0.0000000000e+00 1.7622120060e-15 4.1944039888e-01 0.0000000000e+00 0.0000000000e+00 0.0000000000e+00 2.2423531946e+02
317.57633647 4.1981033932e-01 1.7647187087e-15 0.0000000000e+00 1.7647187087e-15 4.1981033932e-01 0.0000000000e+00 0.0000000000e+00 0.0000000000e+00 2.1151195237e+02
317.81315701 4.2018613281e-01 1.7647187087e-15 0.0000000000e+00 1.7647187087e-15 4.2018613281e-01 0.0000000000e+00 0.0000000000e+00 0.0000000000e+00 1.9961643894e+02
318.04997754 4.2056780113e-01 1.7647187087e-15 0.0000000000e+00 1.7647187087e-15 4.2056780113e-01 0.0000000000e+00 0.0000000000e+00 0.0000000000e+00 1.8850752704e+02
318.28679807 4.2095536634e-01 1.7672254114e-15 0.0000000000e+00 1.7672254114e-15 4.2095536634e-01 0.0000000000e+00 0.0000000000e+00 0.0000000000e+00 1.7814111557e+02
318.52361861 4.2134885080e-01 1.7697321141e-15 0.0000000000e+00 1.7697321141e-15 4.2134885080e-01 0.0000000000e+00 0.0000000000e+00 0.0000000000e+00 1.6847196397e+02
318.76043914 4.2174827714e-01 1.7722388168e-15 0.0000000000e+00 1.7722388168e-15 4.2174827714e-01 0.0000000000e+00 0.0000000000e+00 0.0000000000e+00 1.5945494462e+02
318.99725968 4.2215366830e-01 1.7722388168e-15 0.0000000000e+00 1.7722388168e-15 4.2215366830e-01 0.0000000000e+00 0.0000000000e+00 0.0000000000e+00 1.5104593378e+02
319.23408021 4.2256504752e-01 1.7722388168e-15 0.0000000000e+00 1.7722388168e-15 4.2256504752e-01 0.0000000000e+00 0.0000000000e+00 0.0000000000e+00 1.4320242169e+02
319.47090075 4.2298243832e-01 1.7747455195e-15 0.0000000000e+00 1.7747455195e-15 4.2298243832e-01 0.0000000000e+00 0.0000000000e+00 0.0000000000e+00 1.3588390815e+02
319.70772128 4.2340586453e-01 1.7722388168e-15 0.0000000000e+00 1.7722388168e-15 4.2340586453e-01 0.0000000000e+00 0.0000000000e+00 0.0000000000e+00 1.2905213655e+02
319.94454181 4.2383535029e-01 1.7772522223e-15 0.0000000000e+00 1.7772522223e-15 4.2383535029e-01 0.0000000000e+00 0.0000000000e+00 0.0000000000e+00 1.2267120874e+02
320.18136235 4.2427092003e-01 1.7772522223e-15 0.0000000000e+00 1.7772522223e-15 4.2427092003e-01 0.0000000000e+00 0.0000000000e+00 0.0000000000e+00 1.1670761350e+02
320.41818288 4.2471259850e-01 1.7797589250e-15 0.0000000000e+00 1.7797589250e-15 4.2471259850e-01 0.0000000000e+00 0.0000000000e+00 0.0000000000e+00 1.1113019377e+02
320.65500342 4.2516041075e-01 1.7822656277e-15 0.0000000000e+00 1.7822656277e-15 4.2516041075e-01 0.0000000000e+00 0.0000000000e+00 0.0000000000e+00 1.0591007215e+02
320.89182395 4.2561438217e-01 1.7822656277e-15 0.0000000000e+00 1.7822656277e-15 4.2561438217e-01 0.0000000000e+00 0.0000000000e+00 0.0000000000e+00 1.0102054884e+02
321.12864449 4.2607453843e-01 1.7872790331e-15 0.0000000000e+00 1.7872790331e-15 4.2607453843e-01 0.0000000000e+00 0.0000000000e+00 0.0000000000e+00 9.6436983035e+01
321.36546502 4.2654090554e-01 1.7872790331e-15 0.0000000000e+00 1.7872790331e-15 4.2654090554e-01 0.0000000000e+00 0.0000000000e+00 0.0000000000e+00 9.2136665385e+01
321.60228555 4.2701350982e-01 1.7872790331e-15 0.0000000000e+00 1.7872790331e-15 4.2701350982e-01 0.0000000000e+00 0.0000000000e+00 0.0000000000e+00 8.8098687409e+01
321.83910609 4.2749237794e-01 1.7897857358e-15 0.0000000000e+00 1.7897857358e-15 4.2749237794e-01 0.0000000000e+00 0.0000000000e+00 0.0000000000e+00 8.4303811689e+01
322.07592662 4.2797753685e-01 1.7922924385e-15 0.0000000000e+00 1.7922924385e-15 4.2797753685e-01 0.0000000000e+00 0.0000000000e+00 0.0000000000e+00 8.0734345661e+01
322.31274716 4.2846901388e-01 1.7922924385e-15 0.0000000000e+00 1.7922924385e-15 4.2846901388e-01 0.0000000000e+00 0.0000000000e+00 0.0000000000e+00 7.7374020775e+01
322.54956769 4.2896683667e-01 1.7947991412e-15 0.0000000000e+00 1.7947991412e-15 4.2896683667e-01 0.0000000000e+00 0.0000000000e+00 0.0000000000e+00 7.4207878148e+01
322.78638823 4.2947103318e-01 1.7947991412e-15 0.0000000000e+00 1.7947991412e-15 4.2947103318e-01 0.0000000000e+00 0.0000000000e+00 0.0000000000e+00 7.1222161311e+01
323.02320876 4.2998163173e-01 1.7973058439e-15 0.0000000000e+00 1.7973058439e-15 4.2998163173e-01 0.0000000000e+00 0.0000000000e+00 0.0000000000e+00 6.8404216294e+01
323.26002929 4.3049866099e-01 1.8023192494e-15 0.0000000000e+00 1.8023192494e-15 4.3049866099e-01 0.0000000000e+00 0.0000000000e+00 0.0000000000e+00 6.5742399067e+01
323.49684983 4.3102214994e-01 1.8023192494e-15 0.0000000000e+00 1.8023192494e-15 4.3102214994e-01 0.0000000000e+00 0.0000000000e+00 0.0000000000e+00 6.3225990125e+01
323.73367036 4.3155212795e-01 1.8048259521e-15 0.0000000000e+00 1.8048259521e-15 4.3155212795e-01 0.0000000000e+00 0.0000000000e+00 0.0000000000e+00 6.0845115954e+01
323.97049090 4.3208862470e-01 1.8048259521e-15 0.0000000000e+00 1.8048259521e-15 4.3208862470e-01 0.0000000000e+00 0.0000000000e+00 0.0000000000e+00 5.8590676996e+01
324.20731143 4.3263167026e-01 1.8098393575e-15 0.0000000000e+00 1.8098393575e-15 4.3263167026e-01 0.0000000000e+00 0.0000000000e+00 0.0000000000e+00 5.6454281713e+01
324.44413197 4.3318129504e-01 1.8098393575e-15 0.0000000000e+00 1.8098393575e-15 4.3318129504e-01 0.0000000000e+00 0.0000000000e+00 0.0000000000e+00 5.4428186334e+01
324.68095250 4.3373752980e-01 1.8098393575e-15 0.0000000000e+00 1.8098393575e-15 4.3373752980e-01 0.0000000000e+00 0.0000000000e+00 0.0000000000e+00 5.2505239843e+01
324.91777303 4.3430040569e-01 1.8148527629e-15 0.0000000000e+00 1.8148527629e-15 4.3430040569e-01 0.0000000000e+00 0.0000000000e+00 0.0000000000e+00 5.0678833820e+01
325.15459357 4.3486995421e-01 1.8148527629e-15 0.0000000000e+00 1.8148527629e-15 4.3486995421e-01 0.0000000000e+00 0.0000000000e+00 0.0000000000e+00 4.8942856715e+01
325.39141410 4.3544620723e-01 1.8173594656e-15 0.0000000000e+00 1.8173594656e-15 4.3544620723e-01 0.0000000000e+00 0.0000000000e+00 0.0000000000e+00 4.7291652189e+01
325.62823464 4.3602919700e-01 1.8198661683e-15 0.0000000000e+00 1.8198661683e-15 4.3602919700e-01 0.0000000000e+00 0.0000000000e+00 0.0000000000e+00 4.5719981163e+01
325.86505517 4.3661895615e-01 1.8223728711e-15 0.0000000000e+00 1.8223728711e-15 4.3661895615e-01 0.0000000000e+00 0.0000000000e+00 0.0000000000e+00 4.4222987253e+01
326.10187571 4.3721551768e-01 1.8248795738e-15 0.0000000000e+00 1.8248795738e-15 4.3721551768e-01 0.0000000000e+00 0.0000000000e+00 0.0000000000e+00 4.2796165279e+01
326.33869624 4.3781891499e-01 1.8273862765e-15 0.0000000000e+00 1.8273862765e-15 4.3781891499e-01 0.0000000000e+00 0.0000000000e+00 0.0000000000e+00 4.1435332581e+01
326.57551677 4.3842918186e-01 1.8273862765e-15 0.0000000000e+00 1.8273862765e-15 4.3842918186e-01 0.0000000000e+00 0.0000000000e+00 0.0000000000e+00 4.0136602864e+01
326.81233731 4.3904635247e-01 1.8273862765e-15 0.0000000000e+00 1.8273862765e-15 4.3904635247e-01 0.0000000000e+00 0.0000000000e+00 0.0000000000e+00 3.8896362368e+01
327.04915784 4.3967046137e-01 1.8323996819e-15 0.0000000000e+00 1.8323996819e-15 4.3967046137e-01 0.0000000000e+00 0.0000000000e+00 0.0000000000e+00 3.7711248120e+01
327.28597838 4.4030154355e-01 1.8349063846e-15 0.0000000000e+00 1.8349063846e-15 4.4030154355e-01 0.0000000000e+00 0.0000000000e+00 0.0000000000e+00 3.6578128097e+01
327.52279891 4.4093963437e-01 1.8349063846e-15 0.0000000000e+00 1.8349063846e-15 4.4093963437e-01 0.0000000000e+00 0.0000000000e+00 0.0000000000e+00 3.5494083111e+01
327.75961945 4.4158476961e-01 1.8374130873e-15 0.0000000000e+00 1.8374130873e-15 4.4158476961e-01 0.0000000000e+00 0.0000000000e+00 0.0000000000e+00 3.4456390264e+01
327.99643998 4.4223698548e-01 1.8424264927e-15 0.0000000000e+00 1.8424264927e-15 4.4223698548e-01 0.0000000000e+00 0.0000000000e+00 0.0000000000e+00 3.3462507819e+01
328.23326051 4.4289631857e-01 1.8424264927e-15 0.0000000000e+00 1.8424264927e-15 4.4289631857e-01 0.0000000000e+00 0.0000000000e+00 0.0000000000e+00 3.2510061368e+01
328.47008105 4.4356280591e-01 1.8449331955e-15 0.0000000000e+00 1.8449331955e-15 4.4356280591e-01 0.0000000000e+00 0.0000000000e+00 0.0000000000e+00 3.1596831173e+01
328.70690158 4.4423648496e-01 1.8524533036e-15 0.0000000000e+00 1.8524533036e-15 4.4423648496e-01 0.0000000000e+00 0.0000000000e+00 0.0000000000e+00 3.0720740565e+01
328.94372212 4.4491739359e-01 1.8499466009e-15 0.0000000000e+00 1.8499466009e-15 4.4491739359e-01 0.0000000000e+00 0.0000000000e+00 0.0000000000e+00 2.9879845323e+01
329.18054265 4.4560557011e-01 1.8524533036e-15 0.0000000000e+00 1.8524533036e-15 4.4560557011e-01 0.0000000000e+00 0.0000000000e+00 0.0000000000e+00 2.9072323924e+01
329.41736318 4.4630105328e-01 1.8549600063e-15 0.0000000000e+00 1.8549600063e-15 4.4630105328e-01 0.0000000000e+00 0.0000000000e+00 0.0000000000e+00 2.8296468598e+01
329.65418372 4.4700388229e-01 1.8599734117e-15 0.0000000000e+00 1.8599734117e-15 4.4700388229e-01 0.0000000000e+00 0.0000000000e+00 0.0000000000e+00 2.7550677118e+01
329.89100425 4.4771409676e-01 1.8599734117e-15 0.0000000000e+00 1.8599734117e-15 4.4771409676e-01 0.0000000000e+00 0.0000000000e+00 0.0000000000e+00 2.6833445244e+01
330.12782479 4.4843173678e-01 1.8624801144e-15 0.0000000000e+00 1.8624801144e-15 4.4843173678e-01 0.0000000000e+00 0.0000000000e+00 0.0000000000e+00 2.6143359784e+01
330.36464532 4.4915684290e-01 1.8674935199e-15 0.0000000000e+00 1.8674935199e-15 4.4915684290e-01 0.0000000000e+00 0.0000000000e+00 0.0000000000e+00 2.5479092204e+01
330.60146586 4.4988945610e-01 1.8700002226e-15 0.0000000000e+00 1.8700002226e-15 4.4988945610e-01 0.0000000000e+00 0.0000000000e+00 0.0000000000e+00 2.4839392736e+01
330.83828639 4.5062961786e-01 1.8725069253e-15 0.0000000000e+00 1.8725069253e-15 4.5062961786e-01 0.0000000000e+00 0.0000000000e+00 0.0000000000e+00 2.4223084959e+01
331.07510692 4.5137737009e-01 1.8750136280e-15 0.0000000000e+00 1.8750136280e-15 4.5137737009e-01 0.0000000000e+00 0.0000000000e+00 0.0000000000e+00 2.3629060791e+01
331.31192746 4.5213275522e-01 1.8775203307e-15 0.0000000000e+00 1.8775203307e-15 4.5213275522e-01 0.0000000000e+00 0.0000000000e+00 0.0000000000e+00 2.3056275873e+01
331.54874799 4.5289581610e-01 1.8800270334e-15 0.0000000000e+00 1.8800270334e-15 4.5289581610e-01 0.0000000000e+00 0.0000000000e+00 0.0000000000e+00 2.2503745298e+01
331.78556853 4.5366659612e-01 1.8825337361e-15 0.0000000000e+00 1.8825337361e-15 4.5366659612e-01 0.0000000000e+00 0.0000000000e+00 0.0000000000e+00 2.1970539674e+01
332.02238906 4.5444513913e-01 1.8875471415e-15 0.0000000000e+00 1.8875471415e-15 4.5444513913e-01 0.0000000000e+00 0.0000000000e+00 0.0000000000e+00 2.1455781469e+01
332.25920960 4.5523148946e-01 1.8900538443e-15 0.0000000000e+00 1.8900538443e-15 4.5523148946e-01 0.0000000000e+00 0.0000000000e+00 0.0000000000e+00 2.0958641641e+01
332.49603013 4.5602569197e-01 1.8900538443e-15 0.0000000000e+00 1.8900538443e-15 4.5602569197e-01 0.0000000000e+00 0.0000000000e+00 0.0000000000e+00 2.0478336508e+01
332.73285066 4.5682779201e-01 1.8975739524e-15 0.0000000000e+00 1.8975739524e-15 4.5682779201e-01 0.0000000000e+00 0.0000000000e+00 0.0000000000e+00 2.0014124846e+01
332.96967120 4.5763783542e-01 1.8975739524e-15 0.0000000000e+00 1.8975739524e-15 4.5763783542e-01 0.0000000000e+00 0.0000000000e+00 0.0000000000e+00 1.9565305207e+01
333.20649173 4.5845586858e-01 1.9000806551e-15 0.0000000000e+00 1.9000806551e-15 4.5845586858e-01 0.0000000000e+00 0.0000000000e+00 0.0000000000e+00 1.9131213417e+01
333.44331227 4.5928193839e-01 1.9025873578e-15 0.0000000000e+00 1.9025873578e-15 4.5928193839e-01 0.0000000000e+00 0.0000000000e+00 0.0000000000e+00 1.8711220265e+01
333.68013280 4.6011609226e-01 1.9050940605e-15 0.0000000000e+00 1.9050940605e-15 4.6011609226e-01 0.0000000000e+00 0.0000000000e+00 0.0000000000e+00 1.8304729343e+01
333.91695334 4.6095837813e-01 1.9101074659e-15 0.0000000000e+00 1.9101074659e-15 4.6095837813e-01 0.0000000000e+00 0.0000000000e+00 0.0000000000e+00 1.7911175047e+01
334.15377387 4.6180884450e-01 1.9126141687e-15 0.0000000000e+00 1.9126141687e-15 4.6180884450e-01 0.0000000000e+00 0.0000000000e+00 0.0000000000e+00 1.7530020711e+01
334.39059440 4.6266754038e-01 1.9151208714e-15 0.0000000000e+00 1.9151208714e-15 4.6266754038e-01 0.0000000000e+00 0.0000000000e+00 0.0000000000e+00 1.7160756874e+01
334.62741494 4.6353451535e-01 1.9176275741e-15 0.0000000000e+00 1.9176275741e-15 4.6353451535e-01 0.0000000000e+00 0.0000000000e+00 0.0000000000e+00 1.6802899660e+01
334.86423547 4.6440981955e-01 1.9251476822e-15 0.0000000000e+00 1.9251476822e-15 4.6440981955e-01 0.0000000000e+00 0.0000000000e+00 0.0000000000e+00 1.6455989272e+01
335.10105601 4.6529350365e-01 1.9251476822e-15 0.0000000000e+00 1.9251476822e-15 4.6529350365e-01 0.0000000000e+00 0.0000000000e+00 0.0000000000e+00 1.6119588588e+01
335.33787654 4.6618561891e-01 1.9276543849e-15 0.0000000000e+00 1.9276543849e-15 4.6618561891e-01 0.0000000000e+00 0.0000000000e+00 0.0000000000e+00 1.5793281843e+01
335.57469708 4.6708621717e-01 1.9326677903e-15 0.0000000000e+00 1.9326677903e-15 4.6708621717e-01 0.0000000000e+00 0.0000000000e+00 0.0000000000e+00 1.5476673409e+01
335.81151761 4.6799535082e-01 1.9351744931e-15 0.0000000000e+00 1.9351744931e-15 4.6799535082e-01 0.0000000000e+00 0.0000000000e+00 0.0000000000e+00 1.5169386646e+01
336.04833814 4.6891307286e-01 1.9401878985e-15 0.0000000000e+00 1.9401878985e-15 4.6891307286e-01 0.0000000000e+00 0.0000000000e+00 0.0000000000e+00 1.4871062832e+01
336.28515868 4.6983943687e-01 1.9426946012e-15 0.0000000000e+00 1.9426946012e-15 4.6983943687e-01 0.0000000000e+00 0.0000000000e+00 0.0000000000e+00 1.4581360158e+01
336.52197921 4.7077449703e-01 1.9477080066e-15 0.0000000000e+00 1.9477080066e-15 4.7077449703e-01 0.0000000000e+00 0.0000000000e+00 0.0000000000e+00 1.4299952796e+01
336.75879975 4.7171830813e-01 1.9502147093e-15 0.0000000000e+00 1.9502147093e-15 4.7171830813e-01 0.0000000000e+00 0.0000000000e+00 0.0000000000e+00 1.4026530015e+01
336.99562028 4.7267092556e-01 1.9552281147e-15 0.0000000000e+00 1.9552281147e-15 4.7267092556e-01 0.0000000000e+00 0.0000000000e+00 0.0000000000e+00 1.3760795358e+01
337.23244082 4.7363240534e-01 1.9577348175e-15 0.0000000000e+00 1.9577348175e-15 4.7363240534e-01 0.0000000000e+00 0.0000000000e+00 0.0000000000e+00 1.3502465875e+01
337.46926135 4.7460280410e-01 1.9627482229e-15 0.0000000000e+00 1.9627482229e-15 4.7460280410e-01 0.0000000000e+00 0.0000000000e+00 0.0000000000e+00 1.3251271390e+01
337.70608188 4.7558217913e-01 1.9652549256e-15 0.0000000000e+00 1.9652549256e-15 4.7558217913e-01 0.0000000000e+00 0.0000000000e+00 0.0000000000e+00 1.3006953830e+01
337.94290242 4.7657058833e-01 1.9677616283e-15 0.0000000000e+00 1.9677616283e-15 4.7657058833e-01 0.0000000000e+00 0.0000000000e+00 0.0000000000e+00 1.2769266583e+01
338.17972295 4.7756809026e-01 1.9727750337e-15 0.0000000000e+00 1.9727750337e-15 4.7756809026e-01 0.0000000000e+00 0.0000000000e+00 0.0000000000e+00 1.2537973894e+01
338.41654349 4.7857474414e-01 1.9752817364e-15 0.0000000000e+00 1.9752817364e-15 4.7857474414e-01 0.0000000000e+00 0.0000000000e+00 0.0000000000e+00 1.2312850310e+01
338.65336402 4.7959060983e-01 1.9828018446e-15 0.0000000000e+00 1.9828018446e-15 4.7959060983e-01 0.0000000000e+00 0.0000000000e+00 0.0000000000e+00 1.2093680141e+01
338.89018456 4.8061574788e-01 1.9828018446e-15 0.0000000000e+00 1.9828018446e-15 4.8061574788e-01 0.0000000000e+00 0.0000000000e+00 0.0000000000e+00 1.1880256967e+01
339.12700509 4.8165021950e-01 1.9853085473e-15 0.0000000000e+00 1.9853085473e-15 4.8165021950e-01 0.0000000000e+00 0.0000000000e+00 0.0000000000e+00 1.1672383165e+01
339.36382562 4.8269408661e-01 1.9903219527e-15 0.0000000000e+00 1.9903219527e-15 4.8269408661e-01 0.0000000000e+00 0.0000000000e+00 0.0000000000e+00 1.1469869469e+01
339.60064616 4.8374741180e-01 2.0003487636e-15 0.0000000000e+00 2.0003487636e-15 4.8374741180e-01 0.0000000000e+00 0.0000000000e+00 0.0000000000e+00 1.1272534549e+01
339.83746669 4.8481025835e-01 2.0003487636e-15 0.0000000000e+00 2.0003487636e-15 4.8481025835e-01 0.0000000000e+00 0.0000000000e+00 0.0000000000e+00 1.1080204621e+01
340.07428723 4.8588269028e-01 2.0053621690e-15 0.0000000000e+00 2.0053621690e-15 4.8588269028e-01 0.0000000000e+00 0.0000000000e+00 0.0000000000e+00 1.0892713079e+01
340.31110776 4.8696477231e-01 2.0103755744e-15 0.0000000000e+00 2.0103755744e-15 4.8696477231e-01 0.0000000000e+00 0.0000000000e+00 0.0000000000e+00 1.0709900137e+01
340.54792830 4.8805656988e-01 2.0103755744e-15 0.0000000000e+00 2.0103755744e-15 4.8805656988e-01 0.0000000000e+00 0.0000000000e+00 0.0000000000e+00 1.0531612508e+01
340.78474883 4.8915814916e-01 2.0153889798e-15 0.0000000000e+00 2.0153889798e-15 4.8915814916e-01 0.0000000000e+00 0.0000000000e+00 0.0000000000e+00 1.0357703084e+01
341.02156936 4.9026957709e-01 2.0204023852e-15 0.0000000000e+00 2.0204023852e-15 4.9026957709e-01 0.0000000000e+00 0.0000000000e+00 0.0000000000e+00 1.0188030648e+01
341.25838990 4.9139092133e-01 2.0254157907e-15 0.0000000000e+00 2.0254157907e-15 4.9139092133e-01 0.0000000000e+00 0.0000000000e+00 0.0000000000e+00 1.0022459591e+01
341.49521043 4.9252225030e-01 2.0304291961e-15 0.0000000000e+00 2.0304291961e-15 4.9252225030e-01 0.0000000000e+00 0.0000000000e+00 0.0000000000e+00 9.8608596494e+00
341.73203097 4.9366363322e-01 2.0354426015e-15 0.0000000000e+00 2.0354426015e-15 4.9366363322e-01 0.0000000000e+00 0.0000000000e+00 0.0000000000e+00 9.7031056582e+00
341.96885150 4.9481514005e-01 2.0404560069e-15 0.0000000000e+00 2.0404560069e-15 4.9481514005e-01 0.0000000000e+00 0.0000000000e+00 0.0000000000e+00 9.5490773121e+00
342.20567204 4.9597684157e-01 2.0404560069e-15 0.0000000000e+00 2.0404560069e-15 4.9597684157e-01 0.0000000000e+00 0.0000000000e+00 0.0000000000e+00 9.3986589440e+00
342.44249257 4.9714880932e-01 2.0454694124e-15 0.0000000000e+00 2.0454694124e-15 4.9714880932e-01 0.0000000000e+00 0.0000000000e+00 0.0000000000e+00 9.2517393128e+00
342.67931310 4.9833111567e-01 2.0504828178e-15 0.0000000000e+00 2.0504828178e-15 4.9833111567e-01 0.0000000000e+00 0.0000000000e+00 0.0000000000e+00 9.1082114032e+00
342.91613364 4.9952383381e-01 2.0554962232e-15 0.0000000000e+00 2.0554962232e-15 4.9952383381e-01 0.0000000000e+00 0.0000000000e+00 0.0000000000e+00 8.9679722359e+00
343.15295417 5.0072703773e-01 2.0605096286e-15 0.0000000000e+00 2.0605096286e-15 5.0072703773e-01 0.0000000000e+00 0.0000000000e+00 0.0000000000e+00 8.8309226869e+00
343.38977471 5.0194080229e-01 2.0655230340e-15 0.0000000000e+00 2.0655230340e-15 5.0194080229e-01 0.0000000000e+00 0.0000000000e+00 0.0000000000e+00 8.6969673171e+00
343.62659524 5.0316520316e-01 2.0655230340e-15 0.0000000000e+00 2.0655230340e-15 5.0316520316e-01 0.0000000000e+00 0.0000000000e+00 0.0000000000e+00 8.5660142101e+00
343.86341578 5.0440031688e-01 2.0705364395e-15 0.0000000000e+00 2.0705364395e-15 5.0440031688e-01 0.0000000000e+00 0.0000000000e+00 0.0000000000e+00 8.4379748179e+00
344.10023631 5.0564622087e-01 2.0805632503e-15 0.0000000000e+00 2.0805632503e-15 5.0564622087e-01 0.0000000000e+00 0.0000000000e+00 0.0000000000e+00 8.3127638151e+00
344.33705684 5.0690299340e-01 2.0855766557e-15 0.0000000000e+00 2.0855766557e-15 5.0690299340e-01 0.0000000000e+00 0.0000000000e+00 0.0000000000e+00 8.1902989597e+00
344.57387738 5.0817071365e-01 2.0855766557e-15 0.0000000000e+00 2.0855766557e-15 5.0817071365e-01 0.0000000000e+00 0.0000000000e+00 0.0000000000e+00 8.0705009610e+00
344.81069791 5.0944946168e-01 2.0905900612e-15 0.0000000000e+00 2.0905900612e-15 5.0944946168e-01 0.0000000000e+00 0.0000000000e+00 0.0000000000e+00 7.9532933546e+00
345.04751845 5.1073931847e-01 2.1006168720e-15 0.0000000000e+00 2.1006168720e-15 5.1073931847e-01 0.0000000000e+00 0.0000000000e+00 0.0000000000e+00 7.8386023825e+00
345.28433898 5.1204036592e-01 2.1006168720e-15 0.0000000000e+00 2.1006168720e-15 5.1204036592e-01 0.0000000000e+00 0.0000000000e+00 0.0000000000e+00 7.7263568799e+00
345.52115952 5.1335268686e-01 2.1056302774e-15 0.0000000000e+00 2.1056302774e-15 5.1335268686e-01 0.0000000000e+00 0.0000000000e+00 0.0000000000e+00 7.6164881668e+00
345.75798005 5.1467636505e-01 2.1156570883e-15 0.0000000000e+00 2.1156570883e-15 5.1467636505e-01 0.0000000000e+00 0.0000000000e+00 0.0000000000e+00 7.5089299456e+00
345.99480058 5.1601148523e-01 2.1206704937e-15 0.0000000000e+00 2.1206704937e-15 5.1601148523e-01 0.0000000000e+00 0.0000000000e+00 0.0000000000e+00 7.4036182028e+00
346.23162112 5.1735813308e-01 2.1256838991e-15 0.0000000000e+00 2.1256838991e-15 5.1735813308e-01 0.0000000000e+00 0.0000000000e+00 0.0000000000e+00 7.3004911156e+00
346.46844165 5.1871639529e-01 2.1256838991e-15 0.0000000000e+00 2.1256838991e-15 5.1871639529e-01 0.0000000000e+00 0.0000000000e+00 0.0000000000e+00 7.1994889633e+00
346.70526219 5.2008635950e-01 2.1306973045e-15 0.0000000000e+00 2.1306973045e-15 5.2008635950e-01 0.0000000000e+00 0.0000000000e+00 0.0000000000e+00 7.1005540424e+00
346.94208272 5.2146811440e-01 2.1407241154e-15 0.0000000000e+00 2.1407241154e-15 5.2146811440e-01 0.0000000000e+00 0.0000000000e+00 0.0000000000e+00 7.0036305858e+00
347.17890326 5.2286174965e-01 2.1457375208e-15 0.0000000000e+00 2.1457375208e-15 5.2286174965e-01 0.0000000000e+00 0.0000000000e+00 0.0000000000e+00 6.9086646853e+00
347.41572379 5.2426735598e-01 2.1507509262e-15 0.0000000000e+00 2.1507509262e-15 5.2426735598e-01 0.0000000000e+00 0.0000000000e+00 0.0000000000e+00 6.8156042189e+00
347.65254432 5.2568502513e-01 2.1557643316e-15 0.0000000000e+00 2.1557643316e-15 5.2568502513e-01 0.0000000000e+00 0.0000000000e+00 0.0000000000e+00 6.7243987800e+00
347.88936486 5.2711484991e-01 2.1607777371e-15 0.0000000000e+00 2.1607777371e-15 5.2711484991e-01 0.0000000000e+00 0.0000000000e+00 0.0000000000e+00 6.6349996102e+00
348.12618539 5.2855692420e-01 2.1657911425e-15 0.0000000000e+00 2.1657911425e-15 5.2855692420e-01 0.0000000000e+00 0.0000000000e+00 0.0000000000e+00 6.5473595361e+00
348.36300593 5.3001134296e-01 2.1758179533e-15 0.0000000000e+00 2.1758179533e-15 5.3001134296e-01 0.0000000000e+00 0.0000000000e+00 0.0000000000e+00 6.4614329074e+00
348.59982646 5.3147820224e-01 2.1758179533e-15 0.0000000000e+00 2.1758179533e-15 5.3147820224e-01 0.0000000000e+00 0.0000000000e+00 0.0000000000e+00 6.3771755390e+00
348.83664700 5.3295759921e-01 2.1808313588e-15 0.0000000000e+00 2.1808313588e-15 5.3295759921e-01 0.0000000000e+00 0.0000000000e+00 0.0000000000e+00 6.2945446549e+00
349.07346753 5.3444963216e-01 2.1908581696e-15 0.0000000000e+00 2.1908581696e-15 5.3444963216e-01 0.0000000000e+00 0.0000000000e+00 0.0000000000e+00 6.2134988350e+00
349.31028806 5.3595440051e-01 2.1958715750e-15 0.0000000000e+00 2.1958715750e-15 5.3595440051e-01 0.0000000000e+00 0.0000000000e+00 0.0000000000e+00 6.1339979638e+00
349.54710860 5.3747200485e-01 2.2008849804e-15 0.0000000000e+00 2.2008849804e-15 5.3747200485e-01 0.0000000000e+00 0.0000000000e+00 0.0000000000e+00 6.0560031820e+00
349.78392913 5.3900254693e-01 2.2008849804e-15 0.0000000000e+00 2.2008849804e-15 5.3900254693e-01 0.0000000000e+00 0.0000000000e+00 0.0000000000e+00 5.9794768395e+00
350.02074967 5.4054612968e-01 2.2159251967e-15 0.0000000000e+00 2.2159251967e-15 5.4054612968e-01 0.0000000000e+00 0.0000000000e+00 0.0000000000e+00 5.9043824510e+00
350.25757020 5.4210285723e-01 2.2159251967e-15 0.0000000000e+00 2.2159251967e-15 5.4210285723e-01 0.0000000000e+00 0.0000000000e+00 0.0000000000e+00 5.8306846525e+00
350.49439074 5.4367283493e-01 2.2209386021e-15 0.0000000000e+00 2.2209386021e-15 5.4367283493e-01 0.0000000000e+00 0.0000000000e+00 0.0000000000e+00 5.7583491614e+00
350.73121127 5.4525616937e-01 2.2259520076e-15 0.0000000000e+00 2.2259520076e-15 5.4525616937e-01 0.0000000000e+00 0.0000000000e+00 0.0000000000e+00 5.6873427363e+00
350.96803180 5.4685296836e-01 2.2359788184e-15 0.0000000000e+00 2.2359788184e-15 5.4685296836e-01 0.0000000000e+00 0.0000000000e+00 0.0000000000e+00 5.6176331398e+00
351.20485234 5.4846334100e-01 2.2460056293e-15 0.0000000000e+00 2.2460056293e-15 5.4846334100e-01 0.0000000000e+00 0.0000000000e+00 0.0000000000e+00 5.5491891025e+00
351.44167287 5.5008739765e-01 2.2460056293e-15 0.0000000000e+00 2.2460056293e-15 5.5008739765e-01 0.0000000000e+00 0.0000000000e+00 0.0000000000e+00 5.4819802885e+00
351.67849341 5.5172524997e-01 2.2560324401e-15 0.0000000000e+00 2.2560324401e-15 5.5172524997e-01 0.0000000000e+00 0.0000000000e+00 0.0000000000e+00 5.4159772621e+00
351.91531394 5.5337701096e-01 2.2610458455e-15 0.0000000000e+00 2.2610458455e-15 5.5337701096e-01 0.0000000000e+00 0.0000000000e+00 0.0000000000e+00 5.3511514561e+00
352.15213448 5.5504279492e-01 2.2710726564e-15 0.0000000000e+00 2.2710726564e-15 5.5504279492e-01 0.0000000000e+00 0.0000000000e+00 0.0000000000e+00 5.2874751414e+00
352.38895501 5.5672271751e-01 2.2760860618e-15 0.0000000000e+00 2.2760860618e-15 5.5672271751e-01 0.0000000000e+00 0.0000000000e+00 0.0000000000e+00 5.2249213977e+00
352.62577554 5.5841689576e-01 2.2810994672e-15 0.0000000000e+00 2.2810994672e-15 5.5841689576e-01 0.0000000000e+00 0.0000000000e+00 0.0000000000e+00 5.1634640856e+00
352.86259608 5.6012544808e-01 2.2861128726e-15 0.0000000000e+00 2.2861128726e-15 5.6012544808e-01 0.0000000000e+00 0.0000000000e+00 0.0000000000e+00 5.1030778193e+00
353.09941661 5.6184849429e-01 2.2961396835e-15 0.0000000000e+00 2.2961396835e-15 5.6184849429e-01 0.0000000000e+00 0.0000000000e+00 0.0000000000e+00 5.0437379415e+00
353.33623715 5.6358615564e-01 2.2961396835e-15 0.0000000000e+00 2.2961396835e-15 5.6358615564e-01 0.0000000000e+00 0.0000000000e+00 0.0000000000e+00 4.9854204975e+00
353.57305768 5.6533855480e-01 2.3061664943e-15 0.0000000000e+00 2.3061664943e-15 5.6533855480e-01 0.0000000000e+00 0.0000000000e+00 0.0000000000e+00 4.9281022124e+00
353.80987822 5.6710581593e-01 2.3161933052e-15 0.0000000000e+00 2.3161933052e-15 5.6710581593e-01 0.0000000000e+00 0.0000000000e+00 0.0000000000e+00 4.8717604675e+00
354.04669875 5.6888806464e-01 2.3212067106e-15 0.0000000000e+00 2.3212067106e-15 5.6888806464e-01 0.0000000000e+00 0.0000000000e+00 0.0000000000e+00 4.8163732786e+00
354.28351928 5.7068542809e-01 2.3262201160e-15 0.0000000000e+00 2.3262201160e-15 5.7068542809e-01 0.0000000000e+00 0.0000000000e+00 0.0000000000e+00 4.7619192746e+00
354.52033982 5.7249803490e-01 2.3362469269e-15 0.0000000000e+00 2.3362469269e-15 5.7249803490e-01 0.0000000000e+00 0.0000000000e+00 0.0000000000e+00 4.7083776775e+00
354.75716035 5.7432601529e-01 2.3412603323e-15 0.0000000000e+00 2.3412603323e-15 5.7432601529e-01 0.0000000000e+00 0.0000000000e+00 0.0000000000e+00 4.6557282825e+00
354.99398089 5.7616950101e-01 2.3462737377e-15 0.0000000000e+00 2.3462737377e-15 5.7616950101e-01 0.0000000000e+00 0.0000000000e+00 0.0000000000e+00 4.6039514392e+00
355.23080142 5.7802862541e-01 2.3512871431e-15 0.0000000000e+00 2.3512871431e-15 5.7802862541e-01 0.0000000000e+00 0.0000000000e+00 0.0000000000e+00 4.5530280338e+00
355.46762196 5.7990352345e-01 2.3663273594e-15 0.0000000000e+00 2.3663273594e-15 5.7990352345e-01 0.0000000000e+00 0.0000000000e+00 0.0000000000e+00 4.5029394714e+00
355.70444249 5.8179433171e-01 2.3763541702e-15 0.0000000000e+00 2.3763541702e-15 5.8179433171e-01 0.0000000000e+00 0.0000000000e+00 0.0000000000e+00 4.4536676592e+00
355.94126302 5.8370118844e-01 2.3763541702e-15 0.0000000000e+00 2.3763541702e-15 5.8370118844e-01 0.0000000000e+00 0.0000000000e+00 0.0000000000e+00 4.4051949907e+00
356.17808356 5.8562423354e-01 2.3863809811e-15 0.0000000000e+00 2.3863809811e-15 5.8562423354e-01 0.0000000000e+00 0.0000000000e+00 0.0000000000e+00 4.3575043297e+00
356.41490409 5.8756360863e-01 2.3964077919e-15 0.0000000000e+00 2.3964077919e-15 5.8756360863e-01 0.0000000000e+00 0.0000000000e+00 0.0000000000e+00 4.3105789956e+00
356.65172463 5.8951945705e-01 2.4064346028e-15 0.0000000000e+00 2.4064346028e-15 5.8951945705e-01 0.0000000000e+00 0.0000000000e+00 0.0000000000e+00 4.2644027490e+00
356.88854516 5.9149192388e-01 2.4064346028e-15 0.0000000000e+00 2.4064346028e-15 5.9149192388e-01 0.0000000000e+00 0.0000000000e+00 0.0000000000e+00 4.2189597779e+00
357.12536570 5.9348115599e-01 2.4164614136e-15 0.0000000000e+00 2.4164614136e-15 5.9348115599e-01 0.0000000000e+00 0.0000000000e+00 0.0000000000e+00 4.1742346838e+00
357.36218623 5.9548730201e-01 2.4264882245e-15 0.0000000000e+00 2.4264882245e-15 5.9548730201e-01 0.0000000000e+00 0.0000000000e+00 0.0000000000e+00 4.1302124696e+00
357.59900676 5.9751051244e-01 2.4315016299e-15 0.0000000000e+00 2.4315016299e-15 5.9751051244e-01 0.0000000000e+00 0.0000000000e+00 0.0000000000e+00 4.0868785264e+00
357.83582730 5.9955093959e-01 2.4415284407e-15 0.0000000000e+00 2.4415284407e-15 5.9955093959e-01 0.0000000000e+00 0.0000000000e+00 0.0000000000e+00 4.0442186221e+00
358.07264783 6.0160873766e-01 2.4465418461e-15 0.0000000000e+00 2.4465418461e-15 6.0160873766e-01 0.0000000000e+00 0.0000000000e+00 0.0000000000e+00 4.0022188894e+00
358.30946837 6.0368406275e-01 2.4565686570e-15 0.0000000000e+00 2.4565686570e-15 6.0368406275e-01 0.0000000000e+00 0.0000000000e+00 0.0000000000e+00 3.9608658152e+00
358.54628890 6.0577707288e-01 2.4665954678e-15 0.0000000000e+00 2.4665954678e-15 6.0577707288e-01 0.0000000000e+00 0.0000000000e+00 0.0000000000e+00 3.9201462290e+00
358.78310944 6.0788792805e-01 2.4716088733e-15 0.0000000000e+00 2.4716088733e-15 6.0788792805e-01 0.0000000000e+00 0.0000000000e+00 0.0000000000e+00 3.8800472936e+00
359.01992997 6.1001679020e-01 2.4766222787e-15 0.0000000000e+00 2.4766222787e-15 6.1001679020e-01 0.0000000000e+00 0.0000000000e+00 0.0000000000e+00 3.8405564941e+00
359.25675050 6.1216382333e-01 2.4916624949e-15 0.0000000000e+00 2.4916624949e-15 6.1216382333e-01 0.0000000000e+00 0.0000000000e+00 0.0000000000e+00 3.8016616288e+00
359.49357104 6.1432919346e-01 2.5016893058e-15 0.0000000000e+00 2.5016893058e-15 6.1432919346e-01 0.0000000000e+00 0.0000000000e+00 0.0000000000e+00 3.7633507998e+00
359.73039157 6.1651306866e-01 2.5067027112e-15 0.0000000000e+00 2.5067027112e-15 6.1651306866e-01 0.0000000000e+00 0.0000000000e+00 0.0000000000e+00 3.7256124038e+00
359.96721211 6.1871561914e-01 2.5117161166e-15 0.0000000000e+00 2.5117161166e-15 6.1871561914e-01 0.0000000000e+00 0.0000000000e+00 0.0000000000e+00 3.6884351237e+00
360.20403264 6.2093701721e-01 2.5217429275e-15 0.0000000000e+00 2.5217429275e-15 6.2093701721e-01 0.0000000000e+00 0.0000000000e+00 0.0000000000e+00 3.6518079198e+00
360.44085318 6.2317743736e-01 2.5317697383e-15 0.0000000000e+00 2.5317697383e-15 6.2317743736e-01 0.0000000000e+00 0.0000000000e+00 0.0000000000e+00 3.6157200221e+00
360.67767371 6.2543705627e-01 2.5417965492e-15 0.0000000000e+00 2.5417965492e-15 6.2543705627e-01 0.0000000000e+00 0.0000000000e+00 0.0000000000e+00 3.5801609223e+00
360.91449424 6.2771605285e-01 2.5468099546e-15 0.0000000000e+00 2.5468099546e-15 6.2771605285e-01 0.0000000000e+00 0.0000000000e+00 0.0000000000e+00 3.5451203660e+00
361.15131478 6.3001460825e-01 2.5568367654e-15 0.0000000000e+00 2.5568367654e-15 6.3001460825e-01 0.0000000000e+00 0.0000000000e+00 0.0000000000e+00 3.5105883458e+00
361.38813531 6.3233290594e-01 2.5718769817e-15 0.0000000000e+00 2.5718769817e-15 6.3233290594e-01 0.0000000000e+00 0.0000000000e+00 0.0000000000e+00 3.4765550939e+00
361.62495585 6.3467113169e-01 2.5768903871e-15 0.0000000000e+00 2.5768903871e-15 6.3467113169e-01 0.0000000000e+00 0.0000000000e+00 0.0000000000e+00 3.4430110754e+00
361.86177638 6.3702947365e-01 2.5869171980e-15 0.0000000000e+00 2.5869171980e-15 6.3702947365e-01 0.0000000000e+00 0.0000000000e+00 0.0000000000e+00 3.4099469816e+00
362.09859692 6.3940812235e-01 2.5969440088e-15 0.0000000000e+00 2.5969440088e-15 6.3940812235e-01 0.0000000000e+00 0.0000000000e+00 0.0000000000e+00 3.3773537238e+00
362.33541745 6.4180727077e-01 2.6019574142e-15 0.0000000000e+00 2.6019574142e-15 6.4180727077e-01 0.0000000000e+00 0.0000000000e+00 0.0000000000e+00 3.3452224268e+00
362.57223798 6.4422711434e-01 2.6119842251e-15 0.0000000000e+00 2.6119842251e-15 6.4422711434e-01 0.0000000000e+00 0.0000000000e+00 0.0000000000e+00 3.3135444231e+00
362.80905852 6.4666785101e-01 2.6270244414e-15 0.0000000000e+00 2.6270244414e-15 6.4666785101e-01 0.0000000000e+00 0.0000000000e+00 0.0000000000e+00 3.2823112472e+00
363.04587905 6.4912968124e-01 2.6320378468e-15 0.0000000000e+00 2.6320378468e-15 6.4912968124e-01 0.0000000000e+00 0.0000000000e+00 0.0000000000e+00 3.2515146297e+00
363.28269959 6.5161280812e-01 2.6420646576e-15 0.0000000000e+00 2.6420646576e-15 6.5161280812e-01 0.0000000000e+00 0.0000000000e+00 0.0000000000e+00 3.2211464923e+00
363.51952012 6.5411743731e-01 2.6520914685e-15 0.0000000000e+00 2.6520914685e-15 6.5411743731e-01 0.0000000000e+00 0.0000000000e+00 0.0000000000e+00 3.1911989421e+00
363.75634066 6.5664377716e-01 2.6671316847e-15 0.0000000000e+00 2.6671316847e-15 6.5664377716e-01 0.0000000000e+00 0.0000000000e+00 0.0000000000e+00 3.1616642668e+00
363.99316119 6.5919203871e-01 2.6721450902e-15 0.0000000000e+00 2.6721450902e-15 6.5919203871e-01 0.0000000000e+00 0.0000000000e+00 0.0000000000e+00 3.1325349297e+00
364.22998172 6.6176243574e-01 2.6821719010e-15 0.0000000000e+00 2.6821719010e-15 6.6176243574e-01 0.0000000000e+00 0.0000000000e+00 0.0000000000e+00 3.1038035650e+00
364.46680226 6.6435518481e-01 2.6921987118e-15 0.0000000000e+00 2.6921987118e-15 6.6435518481e-01 0.0000000000e+00 0.0000000000e+00 0.0000000000e+00 3.0754629730e+00
364.70362279 6.6697050531e-01 2.7022255227e-15 0.0000000000e+00 2.7022255227e-15 6.6697050531e-01 0.0000000000e+00 0.0000000000e+00 0.0000000000e+00 3.0475061158e+00
364.94044333 6.6960861949e-01 2.7122523335e-15 0.0000000000e+00 2.7122523335e-15 6.6960861949e-01 0.0000000000e+00 0.0000000000e+00 0.0000000000e+00 3.0199261130e+00
365.17726386 6.7226975251e-01 2.7172657390e-15 0.0000000000e+00 2.7172657390e-15 6.7226975251e-01 0.0000000000e+00 0.0000000000e+00 0.0000000000e+00 2.9927162372e+00
365.41408440 6.7495413251e-01 2.7373193606e-15 0.0000000000e+00 2.7373193606e-15 6.7495413250e-01 0.0000000000e+00 0.0000000000e+00 0.0000000000e+00 2.9658699104e+00
365.65090493 6.7766199059e-01 2.7423327661e-15 0.0000000000e+00 2.7423327661e-15 6.7766199059e-01 0.0000000000e+00 0.0000000000e+00 0.0000000000e+00 2.9393806996e+00
365.88772546 6.8039356094e-01 2.7573729823e-15 0.0000000000e+00 2.7573729823e-15 6.8039356094e-01 0.0000000000e+00 0.0000000000e+00 0.0000000000e+00 2.9132423134e+00
366.12454600 6.8314908082e-01 2.7623863878e-15 0.0000000000e+00 2.7623863878e-15 6.8314908082e-01 0.0000000000e+00 0.0000000000e+00 0.0000000000e+00 2.8874485979e+00
366.36136653 6.8592879066e-01 2.7724131986e-15 0.0000000000e+00 2.7724131986e-15 6.8592879066e-01 0.0000000000e+00 0.0000000000e+00 0.0000000000e+00 2.8619935334e+00
366.59818707 6.8873293405e-01 2.7874534149e-15 0.0000000000e+00 2.7874534149e-15 6.8873293405e-01 0.0000000000e+00 0.0000000000e+00 0.0000000000e+00 2.8368712306e+00
366.83500760 6.9156175785e-01 2.8024936311e-15 0.0000000000e+00 2.8024936311e-15 6.9156175785e-01 0.0000000000e+00 0.0000000000e+00 0.0000000000e+00 2.8120759277e+00
367.07182814 6.9441551220e-01 2.8125204420e-15 0.0000000000e+00 2.8125204420e-15 6.9441551220e-01 0.0000000000e+00 0.0000000000e+00 0.0000000000e+00 2.7876019867e+00
367.30864867 6.9729445060e-01 2.8175338474e-15 0.0000000000e+00 2.8175338474e-15 6.9729445060e-01 0.0000000000e+00 0.0000000000e+00 0.0000000000e+00 2.7634438903e+00
367.54546920 7.0019882993e-01 2.8325740637e-15 0.0000000000e+00 2.8325740637e-15 7.0019882993e-01 0.0000000000e+00 0.0000000000e+00 0.0000000000e+00 2.7395962390e+00
367.78228974 7.0312891055e-01 2.8476142799e-15 0.0000000000e+00 2.8476142799e-15 7.0312891055e-01 0.0000000000e+00 0.0000000000e+00 0.0000000000e+00 2.7160537480e+00
368.01911027 7.0608495630e-01 2.8526276854e-15 0.0000000000e+00 2.8526276854e-15 7.0608495630e-01 0.0000000000e+00 0.0000000000e+00 0.0000000000e+00 2.6928112442e+00
368.25593081 7.0906723460e-01 2.8676679016e-15 0.0000000000e+00 2.8676679016e-15 7.0906723460e-01 0.0000000000e+00 0.0000000000e+00 0.0000000000e+00 2.6698636634e+00
368.49275134 7.1207601650e-01 2.8726813071e-15 0.0000000000e+00 2.8726813071e-15 7.1207601650e-01 0.0000000000e+00 0.0000000000e+00 0.0000000000e+00 2.6472060478e+00
368.72957188 7.1511157669e-01 2.8877215233e-15 0.0000000000e+00 2.8877215233e-15 7.1511157669e-01 0.0000000000e+00 0.0000000000e+00 0.0000000000e+00 2.6248335431e+00
368.96639241 7.1817419365e-01 2.9027617396e-15 0.0000000000e+00 2.9027617396e-15 7.1817419365e-01 0.0000000000e+00 0.0000000000e+00 0.0000000000e+00 2.6027413959e+00
369.20321294 7.2126414961e-01 2.9178019559e-15 0.0000000000e+00 2.9178019559e-15 7.2126414961e-01 0.0000000000e+00 0.0000000000e+00 0.0000000000e+00 2.5809249513e+00
369.44003348 7.2438173070e-01 2.9228153613e-15 0.0000000000e+00 2.9228153613e-15 7.2438173070e-01 0.0000000000e+00 0.0000000000e+00 0.0000000000e+00 2.5593796505e+00
369.67685401 7.2752722694e-01 2.9378555775e-15 0.0000000000e+00 2.9378555775e-15 7.2752722694e-01 0.0000000000e+00 0.0000000000e+00 0.0000000000e+00 2.5381010284e+00
369.91367455 7.3070093235e-01 2.9528957938e-15 0.0000000000e+00 2.9528957938e-15 7.3070093235e-01 0.0000000000e+00 0.0000000000e+00 0.0000000000e+00 2.5170847113e+00
370.15049508 7.3390314501e-01 2.9679360101e-15 0.0000000000e+00 2.9679360101e-15 7.3390314501e-01 0.0000000000e+00 0.0000000000e+00 0.0000000000e+00 2.4963264144e+00
370.38731562 7.3713416708e-01 2.9779628209e-15 0.0000000000e+00 2.9779628209e-15 7.3713416708e-01 0.0000000000e+00 0.0000000000e+00 0.0000000000e+00 2.4758219402e+00
370.62413615 7.4039430496e-01 2.9879896318e-15 0.0000000000e+00 2.9879896318e-15 7.4039430496e-01 0.0000000000e+00 0.0000000000e+00 0.0000000000e+00 2.4555671759e+00
370.86095668 7.4368386925e-01 2.9980164426e-15 0.0000000000e+00 2.9980164426e-15 7.4368386925e-01 0.0000000000e+00 0.0000000000e+00 0.0000000000e+00 2.4355580917e+00
371.09777722 7.4700317489e-01 3.0130566589e-15 0.0000000000e+00 3.0130566589e-15 7.4700317489e-01 0.0000000000e+00 0.0000000000e+00 0.0000000000e+00 2.4157907384e+00
371.33459775 7.5035254124e-01 3.0280968751e-15 0.0000000000e+00 3.0280968751e-15 7.5035254124e-01 0.0000000000e+00 0.0000000000e+00 0.0000000000e+00 2.3962612458e+00
371.57141829 7.5373229208e-01 3.0481504968e-15 0.0000000000e+00 3.0481504968e-15 7.5373229208e-01 0.0000000000e+00 0.0000000000e+00 0.0000000000e+00 2.3769658208e+00
371.80823882 7.5714275577e-01 3.0531639023e-15 0.0000000000e+00 3.0531639023e-15 7.5714275577e-01 0.0000000000e+00 0.0000000000e+00 0.0000000000e+00 2.3579007454e+00
372.04505936 7.6058426528e-01 3.0682041185e-15 0.0000000000e+00 3.0682041185e-15 7.6058426528e-01 0.0000000000e+00 0.0000000000e+00 0.0000000000e+00 2.3390623751e+00
372.28187989 7.6405715824e-01 3.0832443348e-15 0.0000000000e+00 3.0832443348e-15 7.6405715824e-01 0.0000000000e+00 0.0000000000e+00 0.0000000000e+00 2.3204471369e+00
372.51870042 7.6756177709e-01 3.0982845511e-15 0.0000000000e+00 3.0982845511e-15 7.6756177709e-01 0.0000000000e+00 0.0000000000e+00 0.0000000000e+00 2.3020515281e+00
372.75552096 7.7109846912e-01 3.1133247673e-15 0.0000000000e+00 3.1133247673e-15 7.7109846912e-01 0.0000000000e+00 0.0000000000e+00 0.0000000000e+00 2.2838721141e+00
372.99234149 7.7466758653e-01 3.1233515782e-15 0.0000000000e+00 3.1233515782e-15 7.7466758653e-01 0.0000000000e+00 0.0000000000e+00 0.0000000000e+00 2.2659055272e+00
373.22916203 7.7826948655e-01 3.1383917944e-15 0.0000000000e+00 3.1383917944e-15 7.7826948655e-01 0.0000000000e+00 0.0000000000e+00 0.0000000000e+00 2.2481484648e+00
373.46598256 7.8190453152e-01 3.1484186053e-15 0.0000000000e+00 3.1484186053e-15 7.8190453152e-01 0.0000000000e+00 0.0000000000e+00 0.0000000000e+00 2.2305976882e+00
373.70280310 7.8557308896e-01 3.1684722270e-15 0.0000000000e+00 3.1684722270e-15 7.8557308896e-01 0.0000000000e+00 0.0000000000e+00 0.0000000000e+00 2.2132500208e+00
373.93962363 7.8927553167e-01 3.1885258487e-15 0.0000000000e+00 3.1885258487e-15 7.8927553167e-01 0.0000000000e+00 0.0000000000e+00 0.0000000000e+00 2.1961023469e+00
374.17644416 7.9301223781e-01 3.1985526595e-15 0.0000000000e+00 3.1985526595e-15 7.9301223781e-01 0.0000000000e+00 0.0000000000e+00 0.0000000000e+00 2.1791516102e+00
374.41326470 7.9678359102e-01 3.2085794704e-15 0.0000000000e+00 3.2085794704e-15 7.9678359102e-01 0.0000000000e+00 0.0000000000e+00 0.0000000000e+00 2.1623948124e+00
374.65008523 8.0058998046e-01 3.2186062812e-15 0.0000000000e+00 3.2186062812e-15 8.0058998046e-01 0.0000000000e+00 0.0000000000e+00 0.0000000000e+00 2.1458290120e+00
374.88690577 8.0443180098e-01 3.2386599029e-15 0.0000000000e+00 3.2386599029e-15 8.0443180098e-01 0.0000000000e+00 0.0000000000e+00 0.0000000000e+00 2.1294513231e+00
375.12372630 8.0830945315e-01 3.2486867137e-15 0.0000000000e+00 3.2486867137e-15 8.0830945315e-01 0.0000000000e+00 0.0000000000e+00 0.0000000000e+00 2.1132589140e+00
375.36054684 8.1222334338e-01 3.2687403354e-15 0.0000000000e+00 3.2687403354e-15 8.1222334338e-01 0.0000000000e+00 0.0000000000e+00 0.0000000000e+00 2.0972490058e+00
375.59736737 8.1617388405e-01 3.2887939571e-15 0.0000000000e+00 3.2887939571e-15 8.1617388405e-01 0.0000000000e+00 0.0000000000e+00 0.0000000000e+00 2.0814188716e+00
375.83418790 8.2016149358e-01 3.3088475788e-15 0.0000000000e+00 3.3088475788e-15 8.2016149358e-01 0.0000000000e+00 0.0000000000e+00 0.0000000000e+00 2.0657658351e+00
376.07100844 8.2418659655e-01 3.3188743897e-15 0.0000000000e+00 3.3188743897e-15 8.2418659655e-01 0.0000000000e+00 0.0000000000e+00 0.0000000000e+00 2.0502872697e+00
376.30782897 8.2824962380e-01 3.3389280113e-15 0.0000000000e+00 3.3389280113e-15 8.2824962380e-01 0.0000000000e+00 0.0000000000e+00 0.0000000000e+00 2.0349805971e+00
376.54464951 8.3235101256e-01 3.3489548222e-15 0.0000000000e+00 3.3489548222e-15 8.3235101256e-01 0.0000000000e+00 0.0000000000e+00 0.0000000000e+00 2.0198432864e+00
376.78147004 8.3649120653e-01 3.3690084439e-15 0.0000000000e+00 3.3690084439e-15 8.3649120653e-01 0.0000000000e+00 0.0000000000e+00 0.0000000000e+00 2.0048728530e+00
377.01829058 8.4067065602e-01 3.3890620656e-15 0.0000000000e+00 3.3890620656e-15 8.4067065602e-01 0.0000000000e+00 0.0000000000e+00 0.0000000000e+00 1.9900668578e+00
377.25511111 8.4488981808e-01 3.3990888764e-15 0.0000000000e+00 3.3990888764e-15 8.4488981808e-01 0.0000000000e+00 0.0000000000e+00 0.0000000000e+00 1.9754229060e+00
377.49193164 8.4914915656e-01 3.4191424981e-15 0.0000000000e+00 3.4191424981e-15 8.4914915656e-01 0.0000000000e+00 0.0000000000e+00 0.0000000000e+00 1.9609386459e+00
377.72875218 8.5344914231e-01 3.4291693089e-15 0.0000000000e+00 3.4291693089e-15 8.5344914231e-01 0.0000000000e+00 0.0000000000e+00 0.0000000000e+00 1.9466117687e+00
377.96557271 8.5779025324e-01 3.4492229306e-15 0.0000000000e+00 3.4492229306e-15 8.5779025324e-01 0.0000000000e+00 0.0000000000e+00 0.0000000000e+00 1.9324400068e+00
378.20239325 8.6217297450e-01 3.4692765523e-15 0.0000000000e+00 3.4692765523e-15 8.6217297450e-01 0.0000000000e+00 0.0000000000e+00 0.0000000000e+00 1.9184211333e+00
378.43921378 8.6659779856e-01 3.4893301740e-15 0.0000000000e+00 3.4893301740e-15 8.6659779856e-01 0.0000000000e+00 0.0000000000e+00 0.0000000000e+00 1.9045529611e+00
378.67603432 8.7106522537e-01 3.4993569849e-15 0.0000000000e+00 3.4993569849e-15 8.7106522537e-01 0.0000000000e+00 0.0000000000e+00 0.0000000000e+00 1.8908333421e+00
378.91285485 8.7557576252e-01 3.5194106065e-15 0.0000000000e+00 3.5194106065e-15 8.7557576252e-01 0.0000000000e+00 0.0000000000e+00 0.0000000000e+00 1.8772601662e+00
379.14967538 8.8012992532e-01 3.5494910391e-15 0.0000000000e+00 3.5494910391e-15 8.8012992532e-01 0.0000000000e+00 0.0000000000e+00 0.0000000000e+00 1.8638313605e+00
379.38649592 8.8472823698e-01 3.5595178499e-15 0.0000000000e+00 3.5595178499e-15 8.8472823698e-01 0.0000000000e+00 0.0000000000e+00 0.0000000000e+00 1.8505448888e+00
379.62331645 8.8937122876e-01 3.5695446608e-15 0.0000000000e+00 3.5695446608e-15 8.8937122876e-01 0.0000000000e+00 0.0000000000e+00 0.0000000000e+00 1.8373987504e+00
379.86013699 8.9405944008e-01 3.5795714716e-15 0.0000000000e+00 3.5795714716e-15 8.9405944008e-01 0.0000000000e+00 0.0000000000e+00 0.0000000000e+00 1.8243909799e+00
380.09695752 8.9879341872e-01 3.6096519042e-15 0.0000000000e+00 3.6096519042e-15 8.9879341872e-01 0.0000000000e+00 0.0000000000e+00 0.0000000000e+00 1.8115196457e+00
380.33377806 9.0357372094e-01 3.6297055258e-15 0.0000000000e+00 3.6297055258e-15 9.0357372094e-01 0.0000000000e+00 0.0000000000e+00 0.0000000000e+00 1.7987828502e+00
380.57059859 9.0840091164e-01 3.6497591475e-15 0.0000000000e+00 3.6497591475e-15 9.0840091164e-01 0.0000000000e+00 0.0000000000e+00 0.0000000000e+00 1.7861787284e+00
380.80741912 9.1327556453e-01 3.6597859584e-15 0.0000000000e+00 3.6597859584e-15 9.1327556453e-01 0.0000000000e+00 0.0000000000e+00 0.0000000000e+00 1.7737054475e+00
381.04423966 9.1819826230e-01 3.6898663909e-15 0.0000000000e+00 3.6898663909e-15 9.1819826230e-01 0.0000000000e+00 0.0000000000e+00 0.0000000000e+00 1.7613612061e+00
381.28106019 9.2316959676e-01 3.7099200126e-15 0.0000000000e+00 3.7099200126e-15 9.2316959676e-01 0.0000000000e+00 0.0000000000e+00 0.0000000000e+00 1.7491442338e+00
381.51788073 9.2819016905e-01 3.7199468234e-15 0.0000000000e+00 3.7199468234e-15 9.2819016905e-01 0.0000000000e+00 0.0000000000e+00 0.0000000000e+00 1.7370527905e+00
381.75470126 9.3326058978e-01 3.7500272560e-15 0.0000000000e+00 3.7500272560e-15 9.3326058978e-01 0.0000000000e+00 0.0000000000e+00 0.0000000000e+00 1.7250851654e+00
381.99152180 9.3838147924e-01 3.7700808777e-15 0.0000000000e+00 3.7700808777e-15 9.3838147924e-01 0.0000000000e+00 0.0000000000e+00 0.0000000000e+00 1.7132396771e+00
382.22834233 9.4355346756e-01 3.7801076885e-15 0.0000000000e+00 3.7801076885e-15 9.4355346756e-01 0.0000000000e+00 0.0000000000e+00 0.0000000000e+00 1.7015146722e+00
382.46516286 9.4877719490e-01 3.8101881210e-15 0.0000000000e+00 3.8101881210e-15 9.4877719490e-01 0.0000000000e+00 0.0000000000e+00 0.0000000000e+00 1.6899085255e+00
382.70198340 9.5405331165e-01 3.8202149319e-15 0.0000000000e+00 3.8202149319e-15 9.5405331165e-01 0.0000000000e+00 0.0000000000e+00 0.0000000000e+00 1.6784196388e+00
382.93880393 9.5938247861e-01 3.8402685536e-15 0.0000000000e+00 3.8402685536e-15 9.5938247861e-01 0.0000000000e+00 0.0000000000e+00 0.0000000000e+00 1.6670464410e+00
383.17562447 9.6476536723e-01 3.8703489861e-15 0.0000000000e+00 3.8703489861e-15 9.6476536723e-01 0.0000000000e+00 0.0000000000e+00 0.0000000000e+00 1.6557873867e+00
383.41244500 9.7020265976e-01 3.8904026078e-15 0.0000000000e+00 3.8904026078e-15 9.7020265976e-01 0.0000000000e+00 0.0000000000e+00 0.0000000000e+00 1.6446409566e+00
383.64926554 9.7569504949e-01 3.9104562295e-15 0.0000000000e+00 3.9104562295e-15 9.7569504949e-01 0.0000000000e+00 0.0000000000e+00 0.0000000000e+00 1.6336056564e+00
383.88608607 9.8124324097e-01 3.9405366620e-15 0.0000000000e+00 3.9405366620e-15 9.8124324097e-01 0.0000000000e+00 0.0000000000e+00 0.0000000000e+00 1.6226800166e+00
384.12290660 9.8684795019e-01 3.9505634729e-15 0.0000000000e+00 3.9505634729e-15 9.8684795019e-01 0.0000000000e+00 0.0000000000e+00 0.0000000000e+00 1.6118625916e+00
384.35972714 9.9250990486e-01 3.9906707163e-15 0.0000000000e+00 3.9906707163e-15 9.9250990486e-01 0.0000000000e+00 0.0000000000e+00 0.0000000000e+00 1.6011519598e+00
384.59654767 9.9822984459e-01 4.0107243379e-15 0.0000000000e+00 4.0107243379e-15 9.9822984459e-01 0.0000000000e+00 0.0000000000e+00 0.0000000000e+00 1.5905467227e+00
384.83336821 1.0040085212e+00 4.0207511488e-15 0.0000000000e+00 4.0207511488e-15 1.0040085212e+00 0.0000000000e+00 0.0000000000e+00 0.0000000000e+00 1.5800455047e+00
385.07018874 1.0098466987e+00 4.0408047705e-15 0.0000000000e+00 4.0408047705e-15 1.0098466987e+00 0.0000000000e+00 0.0000000000e+00 0.0000000000e+00 1.5696469524e+00
385.30700928 1.0157451541e+00 4.0708852030e-15 0.0000000000e+00 4.0708852030e-15 1.0157451541e+00 0.0000000000e+00 0.0000000000e+00 0.0000000000e+00 1.5593497344e+00
385.54382981 1.0217046769e+00 4.0909388247e-15 0.0000000000e+00 4.0909388247e-15 1.0217046769e+00 0.0000000000e+00 0.0000000000e+00 0.0000000000e+00 1.5491525407e+00
385.78065034 1.0277260700e+00 4.1109924464e-15 0.0000000000e+00 4.1109924464e-15 1.0277260700e+00 0.0000000000e+00 0.0000000000e+00 0.0000000000e+00 1.5390540827e+00
386.01747088 1.0338101496e+00 4.1410728789e-15 0.0000000000e+00 4.1410728789e-15 1.0338101496e+00 0.0000000000e+00 0.0000000000e+00 0.0000000000e+00 1.5290530919e+00
386.25429141 1.0399577457e+00 4.1711533115e-15 0.0000000000e+00 4.1711533115e-15 1.0399577457e+00 0.0000000000e+00 0.0000000000e+00 0.0000000000e+00 1.5191483206e+00
386.49111195 1.0461697021e+00 4.1912069332e-15 0.0000000000e+00 4.1912069332e-15 1.0461697021e+00 0.0000000000e+00 0.0000000000e+00 0.0000000000e+00 1.5093385408e+00
386.72793248 1.0524468768e+00 4.2112605548e-15 0.0000000000e+00 4.2112605548e-15 1.0524468768e+00 0.0000000000e+00 0.0000000000e+00 0.0000000000e+00 1.4996225439e+00
386.96475302 1.0587901425e+00 4.2413409874e-15 0.0000000000e+00 4.2413409874e-15 1.0587901425e+00 0.0000000000e+00 0.0000000000e+00 0.0000000000e+00 1.4899991405e+00
387.20157355 1.0652003866e+00 4.2613946091e-15 0.0000000000e+00 4.2613946091e-15 1.0652003866e+00 0.0000000000e+00 0.0000000000e+00 0.0000000000e+00 1.4804671601e+00
387.43839408 1.0716785116e+00 4.2914750416e-15 0.0000000000e+00 4.2914750416e-15 1.0716785116e+00 0.0000000000e+00 0.0000000000e+00 0.0000000000e+00 1.4710254505e+00
387.67521462 1.0782254355e+00 4.3115286633e-15 0.0000000000e+00 4.3115286633e-15 1.0782254355e+00 0.0000000000e+00 0.0000000000e+00 0.0000000000e+00 1.4616728776e+00
387.91203515 1.0848420919e+00 4.3416090958e-15 0.0000000000e+00 4.3416090958e-15 1.0848420919e+00 0.0000000000e+00 0.0000000000e+00 0.0000000000e+00 1.4524083250e+00
388.14885569 1.0915294305e+00 4.3716895284e-15 0.0000000000e+00 4.3716895284e-15 1.0915294305e+00 0.0000000000e+00 0.0000000000e+00 0.0000000000e+00 1.4432306937e+00
388.38567622 1.0982884176e+00 4.3917431501e-15 0.0000000000e+00 4.3917431501e-15 1.0982884176e+00 0.0000000000e+00 0.0000000000e+00 0.0000000000e+00 1.4341389019e+00
388.62249676 1.1051200359e+00 4.4218235826e-15 0.0000000000e+00 4.4218235826e-15 1.1051200359e+00 0.0000000000e+00 0.0000000000e+00 0.0000000000e+00 1.4251318845e+00
388.85931729 1.1120252854e+00 4.4519040151e-15 0.0000000000e+00 4.4519040151e-15 1.1120252854e+00 0.0000000000e+00 0.0000000000e+00 0.0000000000e+00 1.4162085927e+00
389.09613782 1.1190051835e+00 4.4719576368e-15 0.0000000000e+00 4.4719576368e-15 1.1190051835e+00 0.0000000000e+00 0.0000000000e+00 0.0000000000e+00 1.4073679941e+00
389.33295836 1.1260607653e+00 4.5120648802e-15 0.0000000000e+00 4.5120648802e-15 1.1260607653e+00 0.0000000000e+00 0.0000000000e+00 0.0000000000e+00 1.3986090720e+00
389.56977889 1.1331930843e+00 4.5421453127e-15 0.0000000000e+00 4.5421453127e-15 1.1331930843e+00 0.0000000000e+00 0.0000000000e+00 0.0000000000e+00 1.3899308253e+00
389.80659943 1.1404032122e+00 4.5621989344e-15 0.0000000000e+00 4.5621989344e-15 1.1404032122e+00 0.0000000000e+00 0.0000000000e+00 0.0000000000e+00 1.3813322681e+00
390.04341996 1.1476922401e+00 4.6023061778e-15 0.0000000000e+00 4.6023061778e-15 1.1476922401e+00 0.0000000000e+00 0.0000000000e+00 0.0000000000e+00 1.3728124297e+00
390.28024050 1.1550612779e+00 4.6223597995e-15 0.0000000000e+00 4.6223597995e-15 1.1550612779e+00 0.0000000000e+00 0.0000000000e+00 0.0000000000e+00 1.3643703539e+00
390.51706103 1.1625114558e+00 4.6424134212e-15 0.0000000000e+00 4.6424134212e-15 1.1625114558e+00 0.0000000000e+00 0.0000000000e+00 0.0000000000e+00 1.3560050990e+00
390.75388156 1.1700439239e+00 4.6724938537e-15 0.0000000000e+00 4.6724938537e-15 1.1700439239e+00 0.0000000000e+00 0.0000000000e+00 0.0000000000e+00 1.3477157377e+00
390.99070210 1.1776598529e+00 4.7025742862e-15 0.0000000000e+00 4.7025742862e-15 1.1776598529e+00 0.0000000000e+00 0.0000000000e+00 0.0000000000e+00 1.3395013564e+00
391.22752263 1.1853604347e+00 4.7326547188e-15 0.0000000000e+00 4.7326547188e-15 1.1853604347e+00 0.0000000000e+00 0.0000000000e+00 0.0000000000e+00 1.3313610552e+00
391.46434317 1.1931468825e+00 4.7727619622e-15 0.0000000000e+00 4.7727619622e-15 1.1931468825e+00 0.0000000000e+00 0.0000000000e+00 0.0000000000e+00 1.3232939478e+00
391.70116370 1.2010204317e+00 4.8028423947e-15 0.0000000000e+00 4.8028423947e-15 1.2010204317e+00 0.0000000000e+00 0.0000000000e+00 0.0000000000e+00 1.3152991611e+00
391.93798424 1.2089823401e+00 4.8228960164e-15 0.0000000000e+00 4.8228960164e-15 1.2089823401e+00 0.0000000000e+00 0.0000000000e+00 0.0000000000e+00 1.3073758347e+00
392.17480477 1.2170338884e+00 4.8730300706e-15 0.0000000000e+00 4.8730300706e-15 1.2170338884e+00 0.0000000000e+00 0.0000000000e+00 0.0000000000e+00 1.2995231213e+00
392.41162530 1.2251763808e+00 4.9031105031e-15 0.0000000000e+00 4.9031105031e-15 1.2251763808e+00 0.0000000000e+00 0.0000000000e+00 0.0000000000e+00 1.2917401859e+00
392.64844584 1.2334111454e+00 4.9331909357e-15 0.0000000000e+00 4.9331909357e-15 1.2334111454e+00 0.0000000000e+00 0.0000000000e+00 0.0000000000e+00 1.2840262058e+00
392.88526637 1.2417395348e+00 4.9632713682e-15 0.0000000000e+00 4.9632713682e-15 1.2417395348e+00 0.0000000000e+00 0.0000000000e+00 0.0000000000e+00 1.2763803704e+00
393.12208691 1.2501629267e+00 5.0033786116e-15 0.0000000000e+00 5.0033786116e-15 1.2501629267e+00 0.0000000000e+00 0.0000000000e+00 0.0000000000e+00 1.2688018811e+00
393.35890744 1.2586827245e+00 5.0334590441e-15 0.0000000000e+00 5.0334590441e-15 1.2586827245e+00 0.0000000000e+00 0.0000000000e+00 0.0000000000e+00 1.2612899507e+00
393.59572798 1.2673003574e+00 5.0535126658e-15 0.0000000000e+00 5.0535126658e-15 1.2673003574e+00 0.0000000000e+00 0.0000000000e+00 0.0000000000e+00 1.2538438037e+00
393.83254851 1.2760172818e+00 5.0936199092e-15 0.0000000000e+00 5.0936199092e-15 1.2760172818e+00 0.0000000000e+00 0.0000000000e+00 0.0000000000e+00 1.2464626757e+00
394.06936904 1.2848349811e+00 5.1337271526e-15 0.0000000000e+00 5.1337271526e-15 1.2848349811e+00 0.0000000000e+00 0.0000000000e+00 0.0000000000e+00 1.2391458134e+00
394.30618958 1.2937549668e+00 5.1638075851e-15 0.0000000000e+00 5.1638075851e-15 1.2937549668e+00 0.0000000000e+00 0.0000000000e+00 0.0000000000e+00 1.2318924743e+00
394.54301011 1.3027787791e+00 5.1938880176e-15 0.0000000000e+00 5.1938880176e-15 1.3027787791e+00 0.0000000000e+00 0.0000000000e+00 0.0000000000e+00 1.2247019268e+00
394.77983065 1.3119079873e+00 5.2339952610e-15 0.0000000000e+00 5.2339952610e-15 1.3119079873e+00 0.0000000000e+00 0.0000000000e+00 0.0000000000e+00 1.2175734496e+00
395.01665118 1.3211441907e+00 5.2741025044e-15 0.0000000000e+00 5.2741025044e-15 1.3211441907e+00 0.0000000000e+00 0.0000000000e+00 0.0000000000e+00 1.2105063317e+00
395.25347172 1.3304890191e+00 5.3142097478e-15 0.0000000000e+00 5.3142097478e-15 1.3304890191e+00 0.0000000000e+00 0.0000000000e+00 0.0000000000e+00 1.2034998723e+00
395.49029225 1.3399441339e+00 5.3543169912e-15 0.0000000000e+00 5.3543169912e-15 1.3399441339e+00 0.0000000000e+00 0.0000000000e+00 0.0000000000e+00 1.1965533807e+00
395.72711278 1.3495112281e+00 5.3944242345e-15 0.0000000000e+00 5.3944242345e-15 1.3495112281e+00 0.0000000000e+00 0.0000000000e+00 0.0000000000e+00 1.1896661757e+00
395.96393332 1.3591920279e+00 5.4345314779e-15 0.0000000000e+00 5.4345314779e-15 1.3591920279e+00 0.0000000000e+00 0.0000000000e+00 0.0000000000e+00 1.1828375860e+00
396.20075385 1.3689882926e+00 5.4746387213e-15 0.0000000000e+00 5.4746387213e-15 1.3689882926e+00 0.0000000000e+00 0.0000000000e+00 0.0000000000e+00 1.1760669497e+00
396.43757439 1.3789018163e+00 5.4946923430e-15 0.0000000000e+00 5.4946923430e-15 1.3789018163e+00 0.0000000000e+00 0.0000000000e+00 0.0000000000e+00 1.1693536141e+00
396.67439492 1.3889344278e+00 5.5347995864e-15 0.0000000000e+00 5.5347995864e-15 1.3889344278e+00 0.0000000000e+00 0.0000000000e+00 0.0000000000e+00 1.1626969357e+00
396.91121546 1.3990879920e+00 5.5849336406e-15 0.0000000000e+00 5.5849336406e-15 1.3990879920e+00 0.0000000000e+00 0.0000000000e+00 0.0000000000e+00 1.1560962802e+00
397.14803599 1.4093644108e+00 5.6150140731e-15 0.0000000000e+00 5.6150140731e-15 1.4093644108e+00 0.0000000000e+00 0.0000000000e+00 0.0000000000e+00 1.1495510218e+00
397.38485652 1.4197656234e+00 5.6651481273e-15 0.0000000000e+00 5.6651481273e-15 1.4197656234e+00 0.0000000000e+00 0.0000000000e+00 0.0000000000e+00 1.1430605437e+00
397.62167706 1.4302936078e+00 5.7152821816e-15 0.0000000000e+00 5.7152821816e-15 1.4302936078e+00 0.0000000000e+00 0.0000000000e+00 0.0000000000e+00 1.1366242375e+00
397.85849759 1.4409503815e+00 5.7553894250e-15 0.0000000000e+00 5.7553894250e-15 1.4409503815e+00 0.0000000000e+00 0.0000000000e+00 0.0000000000e+00 1.1302415032e+00
398.09531813 1.4517380023e+00 5.7754430466e-15 0.0000000000e+00 5.7754430466e-15 1.4517380023e+00 0.0000000000e+00 0.0000000000e+00 0.0000000000e+00 1.1239117492e+00
398.33213866 1.4626585695e+00 5.8155502900e-15 0.0000000000e+00 5.8155502900e-15 1.4626585695e+00 0.0000000000e+00 0.0000000000e+00 0.0000000000e+00 1.1176343920e+00
398.56895920 1.4737142248e+00 5.8757111551e-15 0.0000000000e+00 5.8757111551e-15 1.4737142248e+00 0.0000000000e+00 0.0000000000e+00 0.0000000000e+00 1.1114088559e+00
398.80577973 1.4849071534e+00 5.9158183985e-15 0.0000000000e+00 5.9158183985e-15 1.4849071534e+00 0.0000000000e+00 0.0000000000e+00 0.0000000000e+00 1.1052345733e+00
399.04260026 1.4962395848e+00 5.9559256419e-15 0.0000000000e+00 5.9559256419e-15 1.4962395848e+00 0.0000000000e+00 0.0000000000e+00 0.0000000000e+00 1.0991109844e+00
399.27942080 1.5077137942e+00 6.0160865069e-15 0.0000000000e+00 6.0160865069e-15 1.5077137942e+00 0.0000000000e+00 0.0000000000e+00 0.0000000000e+00 1.0930375369e+00
399.51624133 1.5193321036e+00 6.0361401286e-15 0.0000000000e+00 6.0361401286e-15 1.5193321036e+00 0.0000000000e+00 0.0000000000e+00 0.0000000000e+00 1.0870136858e+00
399.75306187 1.5310968828e+00 6.0963009937e-15 0.0000000000e+00 6.0963009937e-15 1.5310968828e+00 0.0000000000e+00 0.0000000000e+00 0.0000000000e+00 1.0810388939e+00
399.98988240 1.5430105506e+00 6.1364082371e-15 0.0000000000e+00 6.1364082371e-15 1.5430105506e+00 0.0000000000e+00 0.0000000000e+00 0.0000000000e+00 1.0751126309e+00
400.22670294 1.5550755760e+00 6.1965691021e-15 0.0000000000e+00 6.1965691021e-15 1.5550755760e+00 0.0000000000e+00 0.0000000000e+00 0.0000000000e+00 1.0692343738e+00
400.46352347 1.5672944797e+00 6.2366763455e-15 0.0000000000e+00 6.2366763455e-15 1.5672944797e+00 0.0000000000e+00 0.0000000000e+00 0.0000000000e+00 1.0634036066e+00
400.70034400 1.5796698351e+00 6.2968372106e-15 0.0000000000e+00 6.2968372106e-15 1.5796698351e+00 0.0000000000e+00 0.0000000000e+00 0.0000000000e+00 1.0576198202e+00
400.93716454 1.5922042697e+00 6.3569980756e-15 0.0000000000e+00 6.3569980756e-15 1.5922042697e+00 0.0000000000e+00 0.0000000000e+00 0.0000000000e+00 1.0518825122e+00
401.17398507 1.6049004666e+00 6.3971053190e-15 0.0000000000e+00 6.3971053190e-15 1.6049004666e+00 0.0000000000e+00 0.0000000000e+00 0.0000000000e+00 1.0461911871e+00
401.41080561 1.6177611659e+00 6.4572661841e-15 0.0000000000e+00 6.4572661841e-15 1.6177611659e+00 0.0000000000e+00 0.0000000000e+00 0.0000000000e+00 1.0405453558e+00
401.64762614 1.6307891658e+00 6.4973734275e-15 0.0000000000e+00 6.4973734275e-15 1.6307891658e+00 0.0000000000e+00 0.0000000000e+00 0.0000000000e+00 1.0349445357e+00
401.88444668 1.6439873246e+00 6.5575342925e-15 0.0000000000e+00 6.5575342925e-15 1.6439873246e+00 0.0000000000e+00 0.0000000000e+00 0.0000000000e+00 1.0293882507e+00
402.12126721 1.6573585619e+00 6.5976415359e-15 0.0000000000e+00 6.5976415359e-15 1.6573585619e+00 0.0000000000e+00 0.0000000000e+00 0.0000000000e+00 1.0238760309e+00
402.35808774 1.6709058605e+00 6.6578024010e-15 0.0000000000e+00 6.6578024010e-15 1.6709058605e+00 0.0000000000e+00 0.0000000000e+00 0.0000000000e+00 1.0184074125e+00
402.59490828 1.6846322674e+00 6.7179632661e-15 0.0000000000e+00 6.7179632661e-15 1.6846322674e+00 0.0000000000e+00 0.0000000000e+00 0.0000000000e+00 1.0129819379e+00
402.83172881 1.6985408964e+00 6.7580705094e-15 0.0000000000e+00 6.7580705094e-15 1.6985408964e+00 0.0000000000e+00 0.0000000000e+00 0.0000000000e+00 1.0075991554e+00
403.06854935 1.7126349290e+00 6.8182313745e-15 0.0000000000e+00 6.8182313745e-15 1.7126349290e+00 0.0000000000e+00 0.0000000000e+00 0.0000000000e+00 1.0022586192e+00
403.30536988 1.7269176166e+00 6.8783922396e-15 0.0000000000e+00 6.8783922396e-15 1.7269176166e+00 0.0000000000e+00 0.0000000000e+00 0.0000000000e+00 9.9695988938e-01
403.54219041 1.7413922825e+00 6.9385531046e-15 0.0000000000e+00 6.9385531046e-15 1.7413922825e+00 0.0000000000e+00 0.0000000000e+00 0.0000000000e+00 9.9170253165e-01
403.77901095 1.7560623232e+00 6.9987139697e-15 0.0000000000e+00 6.9987139697e-15 1.7560623232e+00 0.0000000000e+00 0.0000000000e+00 0.0000000000e+00 9.8648611734e-01
404.01583148 1.7709312110e+00 7.0588748348e-15 0.0000000000e+00 7.0588748348e-15 1.7709312110e+00 0.0000000000e+00 0.0000000000e+00 0.0000000000e+00 9.8131022335e-01
404.25265202 1.7860024957e+00 7.1190356999e-15 0.0000000000e+00 7.1190356999e-15 1.7860024957e+00 0.0000000000e+00 0.0000000000e+00 0.0000000000e+00 9.7617443200e-01
404.48947255 1.8012798068e+00 7.1591429432e-15 0.0000000000e+00 7.1591429432e-15 1.8012798068e+00 0.0000000000e+00 0.0000000000e+00 0.0000000000e+00 9.7107833098e-01
404.72629309 1.8167668553e+00 7.2193038083e-15 0.0000000000e+00 7.2193038083e-15 1.8167668553e+00 0.0000000000e+00 0.0000000000e+00 0.0000000000e+00 9.6602151326e-01
404.96311362 1.8324674366e+00 7.2794646734e-15 0.0000000000e+00 7.2794646734e-15 1.8324674366e+00 0.0000000000e+00 0.0000000000e+00 0.0000000000e+00 9.6100357702e-01
405.19993415 1.8483854321e+00 7.3396255384e-15 0.0000000000e+00 7.3396255384e-15 1.8483854321e+00 0.0000000000e+00 0.0000000000e+00 0.0000000000e+00 9.5602412554e-01
405.43675469 1.8645248119e+00 7.3997864035e-15 0.0000000000e+00 7.3997864035e-15 1.8645248119e+00 0.0000000000e+00 0.0000000000e+00 0.0000000000e+00 9.5108276717e-01
405.67357522 1.8808896373e+00 7.4800008903e-15 0.0000000000e+00 7.4800008903e-15 1.8808896373e+00 0.0000000000e+00 0.0000000000e+00 0.0000000000e+00 9.4617911519e-01
405.91039576 1.8974840630e+00 7.5401617553e-15 0.0000000000e+00 7.5401617553e-15 1.8974840630e+00 0.0000000000e+00 0.0000000000e+00 0.0000000000e+00 9.4131278781e-01
406.14721629 1.9143123401e+00 7.6203762421e-15 0.0000000000e+00 7.6203762421e-15 1.9143123401e+00 0.0000000000e+00 0.0000000000e+00 0.0000000000e+00 9.3648340803e-01
406.38403683 1.9313788184e+00 7.6805371072e-15 0.0000000000e+00 7.6805371072e-15 1.9313788184e+00 0.0000000000e+00 0.0000000000e+00 0.0000000000e+00 9.3169060361e-01
406.62085736 1.9486879494e+00 7.7406979722e-15 0.0000000000e+00 7.7406979722e-15 1.9486879494e+00 0.0000000000e+00 0.0000000000e+00 0.0000000000e+00 9.2693400695e-01
406.85767789 1.9662442890e+00 7.8209124590e-15 0.0000000000e+00 7.8209124590e-15 1.9662442890e+00 0.0000000000e+00 0.0000000000e+00 0.0000000000e+00 9.2221325510e-01
407.09449843 1.9840525006e+00 7.9011269458e-15 0.0000000000e+00 7.9011269458e-15 1.9840525006e+00 0.0000000000e+00 0.0000000000e+00 0.0000000000e+00 9.1752798961e-01
407.33131896 2.0021173581e+00 7.9612878108e-15 0.0000000000e+00 7.9612878108e-15 2.0021173581e+00 0.0000000000e+00 0.0000000000e+00 0.0000000000e+00 9.1287785651e-01
407.56813950 2.0204437489e+00 8.0415022976e-15 0.0000000000e+00 8.0415022976e-15 2.0204437489e+00 0.0000000000e+00 0.0000000000e+00 0.0000000000e+00 9.0826250622e-01
407.80496003 2.0390366775e+00 8.1016631627e-15 0.0000000000e+00 8.1016631627e-15 2.0390366775e+00 0.0000000000e+00 0.0000000000e+00 0.0000000000e+00 9.0368159349e-01
408.04178057 2.0579012685e+00 8.1818776494e-15 0.0000000000e+00 8.1818776494e-15 2.0579012685e+00 0.0000000000e+00 0.0000000000e+00 0.0000000000e+00 8.9913477736e-01
408.27860110 2.0770427700e+00 8.2620921362e-15 0.0000000000e+00 8.2620921362e-15 2.0770427700e+00 0.0000000000e+00 0.0000000000e+00 0.0000000000e+00 8.9462172106e-01
408.51542163 2.0964665579e+00 8.3423066229e-15 0.0000000000e+00 8.3423066229e-15 2.0964665579e+00 0.0000000000e+00 0.0000000000e+00 0.0000000000e+00 8.9014209196e-01
408.75224217 2.1161781387e+00 8.4225211097e-15 0.0000000000e+00 8.4225211097e-15 2.1161781387e+00 0.0000000000e+00 0.0000000000e+00 0.0000000000e+00 8.8569556153e-01
408.98906270 2.1361831539e+00 8.4826819748e-15 0.0000000000e+00 8.4826819748e-15 2.1361831539e+00 0.0000000000e+00 0.0000000000e+00 0.0000000000e+00 8.8128180525e-01
409.22588324 2.1564873838e+00 8.5829500832e-15 0.0000000000e+00 8.5829500832e-15 2.1564873838e+00 0.0000000000e+00 0.0000000000e+00 0.0000000000e+00 8.7690050257e-01
409.46270377 2.1770967516e+00 8.6631645700e-15 0.0000000000e+00 8.6631645700e-15 2.1770967516e+00 0.0000000000e+00 0.0000000000e+00 0.0000000000e+00 8.7255133683e-01
409.69952431 2.1980173279e+00 8.7433790567e-15 0.0000000000e+00 8.7433790567e-15 2.1980173279e+00 0.0000000000e+00 0.0000000000e+00 0.0000000000e+00 8.6823399526e-01
409.93634484 2.2192553346e+00 8.8235935435e-15 0.0000000000e+00 8.8235935435e-15 2.2192553346e+00 0.0000000000e+00 0.0000000000e+00 0.0000000000e+00 8.6394816883e-01
410.17316537 2.2408171500e+00 8.9238616519e-15 0.0000000000e+00 8.9238616519e-15 2.2408171500e+00 0.0000000000e+00 0.0000000000e+00 0.0000000000e+00 8.5969355229e-01
410.40998591 2.2627093130e+00 9.0040761387e-15 0.0000000000e+00 9.0040761387e-15 2.2627093130e+00 0.0000000000e+00 0.0000000000e+00 0.0000000000e+00 8.5546984406e-01
410.64680644 2.2849385283e+00 9.0842906254e-15 0.0000000000e+00 9.0842906254e-15 2.2849385283e+00 0.0000000000e+00 0.0000000000e+00 0.0000000000e+00 8.5127674619e-01
410.88362698 2.3075116716e+00 9.1845587339e-15 0.0000000000e+00 9.1845587339e-15 2.3075116716e+00 0.0000000000e+00 0.0000000000e+00 0.0000000000e+00 8.4711396430e-01
411.12044751 2.3304357943e+00 9.2647732207e-15 0.0000000000e+00 9.2647732207e-15 2.3304357943e+00 0.0000000000e+00 0.0000000000e+00 0.0000000000e+00 8.4298120755e-01
411.35726805 2.3537181294e+00 9.3650413291e-15 0.0000000000e+00 9.3650413291e-15 2.3537181294e+00 0.0000000000e+00 0.0000000000e+00 0.0000000000e+00 8.3887818858e-01
411.59408858 2.3773660970e+00 9.4252021942e-15 0.0000000000e+00 9.4252021942e-15 2.3773660970e+00 0.0000000000e+00 0.0000000000e+00 0.0000000000e+00 8.3480462344e-01
411.83090911 2.4013873099e+00 9.5254703026e-15 0.0000000000e+00 9.5254703026e-15 2.4013873099e+00 0.0000000000e+00 0.0000000000e+00 0.0000000000e+00 8.3076023158e-01
412.06772965 2.4257895799e+00 9.6257384111e-15 0.0000000000e+00 9.6257384111e-15 2.4257895799e+00 0.0000000000e+00 0.0000000000e+00 0.0000000000e+00 8.2674473576e-01
412.30455018 2.4505809239e+00 9.7260065195e-15 0.0000000000e+00 9.7260065195e-15 2.4505809239e+00 0.0000000000e+00 0.0000000000e+00 0.0000000000e+00 8.2275786203e-01
412.54137072 2.4757695704e+00 9.8262746280e-15 0.0000000000e+00 9.8262746280e-15 2.4757695704e+00 0.0000000000e+00 0.0000000000e+00 0.0000000000e+00 8.1879933969e-01
412.77819125 2.5013639663e+00 9.9265427364e-15 0.0000000000e+00 9.9265427364e-15 2.5013639663e+00 0.0000000000e+00 0.0000000000e+00 0.0000000000e+00 8.1486890120e-01
413.01501179 2.5273727839e+00 1.0026810845e-14 0.0000000000e+00 1.0026810845e-14 2.5273727839e+00 0.0000000000e+00 0.0000000000e+00 0.0000000000e+00 8.1096628219e-01
413.25183232 2.5538049277e+00 1.0127078953e-14 0.0000000000e+00 1.0127078953e-14 2.5538049277e+00 0.0000000000e+00 0.0000000000e+00 0.0000000000e+00 8.0709122139e-01
413.48865285 2.5806695426e+00 1.0247400683e-14 0.0000000000e+00 1.0247400683e-14 2.5806695426e+00 0.0000000000e+00 0.0000000000e+00 0.0000000000e+00 8.0324346057e-01
413.72547339 2.6079760211e+00 1.0347668792e-14 0.0000000000e+00 1.0347668792e-14 2.6079760211e+00 0.0000000000e+00 0.0000000000e+00 0.0000000000e+00 7.9942274454e-01
413.96229392 2.6357340117e+00 1.0467990522e-14 0.0000000000e+00 1.0467990522e-14 2.6357340117e+00 0.0000000000e+00 0.0000000000e+00 0.0000000000e+00 7.9562882106e-01
414.19911446 2.6639534270e+00 1.0568258630e-14 0.0000000000e+00 1.0568258630e-14 2.6639534270e+00 0.0000000000e+00 0.0000000000e+00 0.0000000000e+00 7.9186144083e-01
414.43593499 2.6926444529e+00 1.0688580361e-14 0.0000000000e+00 1.0688580361e-14 2.6926444529e+00 0.0000000000e+00 0.0000000000e+00 0.0000000000e+00 7.8812035745e-01
414.67275553 2.7218175570e+00 1.0788848469e-14 0.0000000000e+00 1.0788848469e-14 2.7218175570e+00 0.0000000000e+00 0.0000000000e+00 0.0000000000e+00 7.8440532736e-01
414.90957606 2.7514834984e+00 1.0949277443e-14 0.0000000000e+00 1.0949277443e-14 2.7514834984e+00 0.0000000000e+00 0.0000000000e+00 0.0000000000e+00 7.8071610982e-01
415.14639659 2.7816533376e+00 1.1069599173e-14 0.0000000000e+00 1.1069599173e-14 2.7816533376e+00 0.0000000000e+00 0.0000000000e+00 0.0000000000e+00 7.7705246683e-01
415.38321713 2.8123384462e+00 1.1109706416e-14 0.0000000000e+00 1.1109706416e-14 2.8123384462e+00 0.0000000000e+00 0.0000000000e+00 0.0000000000e+00 7.7341416318e-01
415.62003766 2.8435505175e+00 1.1230028146e-14 0.0000000000e+00 1.1230028146e-14 2.8435505175e+00 0.0000000000e+00 0.0000000000e+00 0.0000000000e+00 7.6980096630e-01
415.85685820 2.8753015779e+00 1.1390457120e-14 0.0000000000e+00 1.1390457120e-14 2.8753015779e+00 0.0000000000e+00 0.0000000000e+00 0.0000000000e+00 7.6621264632e-01
416.09367873 2.9076039979e+00 1.1510778850e-14 0.0000000000e+00 1.1510778850e-14 2.9076039979e+00 0.0000000000e+00 0.0000000000e+00 0.0000000000e+00 7.6264897598e-01
416.33049927 2.9404705040e+00 1.1671207823e-14 0.0000000000e+00 1.1671207823e-14 2.9404705040e+00 0.0000000000e+00 0.0000000000e+00 0.0000000000e+00 7.5910973059e-01
416.56731980 2.9739141911e+00 1.1791529554e-14 0.0000000000e+00 1.1791529554e-14 2.9739141911e+00 0.0000000000e+00 0.0000000000e+00 0.0000000000e+00 7.5559468804e-01
416.80414033 3.0079485353e+00 1.1951958527e-14 0.0000000000e+00 1.1951958527e-14 3.0079485353e+00 0.0000000000e+00 0.0000000000e+00 0.0000000000e+00 7.5210362873e-01
417.04096087 3.0425874071e+00 1.2072280257e-14 0.0000000000e+00 1.2072280257e-14 3.0425874071e+00 0.0000000000e+00 0.0000000000e+00 0.0000000000e+00 7.4863633552e-01
417.27778140 3.0778450856e+00 1.2192601987e-14 0.0000000000e+00 1.2192601987e-14 3.0778450856e+00 0.0000000000e+00 0.0000000000e+00 0.0000000000e+00 7.4519259375e-01
417.51460194 3.1137362728e+00 1.2353030961e-14 0.0000000000e+00 1.2353030961e-14 3.1137362728e+00 0.0000000000e+00 0.0000000000e+00 0.0000000000e+00 7.4177219116e-01
417.75142247 3.1502761085e+00 1.2473352691e-14 0.0000000000e+00 1.2473352691e-14 3.1502761085e+00 0.0000000000e+00 0.0000000000e+00 0.0000000000e+00 7.3837491787e-01
417.98824301 3.1874801862e+00 1.2633781665e-14 0.0000000000e+00 1.2633781665e-14 3.1874801862e+00 0.0000000000e+00 0.0000000000e+00 0.0000000000e+00 7.3500056638e-01
418.22506354 3.2253645694e+00 1.2794210638e-14 0.0000000000e+00 1.2794210638e-14 3.2253645694e+00 0.0000000000e+00 0.0000000000e+00 0.0000000000e+00 7.3164893147e-01
418.46188407 3.2639458087e+00 1.2914532368e-14 0.0000000000e+00 1.2914532368e-14 3.2639458087e+00 0.0000000000e+00 0.0000000000e+00 0.0000000000e+00 7.2831981024e-01
418.69870461 3.3032409594e+00 1.3074961342e-14 0.0000000000e+00 1.3074961342e-14 3.3032409594e+00 0.0000000000e+00 0.0000000000e+00 0.0000000000e+00 7.2501300203e-01
418.93552514 3.3432675999e+00 1.3235390315e-14 0.0000000000e+00 1.3235390315e-14 3.3432675999e+00 0.0000000000e+00 0.0000000000e+00 0.0000000000e+00 7.2172830842e-01
419.17234568 3.3840438516e+00 1.3395819289e-14 0.0000000000e+00 1.3395819289e-14 3.3840438516e+00 0.0000000000e+00 0.0000000000e+00 0.0000000000e+00 7.1846553319e-01
419.40916621 3.4255883984e+00 1.3556248262e-14 0.0000000000e+00 1.3556248262e-14 3.4255883984e+00 0.0000000000e+00 0.0000000000e+00 0.0000000000e+00 7.1522448228e-01
419.64598675 3.4679205078e+00 1.3716677236e-14 0.0000000000e+00 1.3716677236e-14 3.4679205078e+00 0.0000000000e+00 0.0000000000e+00 0.0000000000e+00 7.1200496378e-01
419.88280728 3.5110600533e+00 1.3917213453e-14 0.0000000000e+00 1.3917213453e-14 3.5110600533e+00 0.0000000000e+00 0.0000000000e+00 0.0000000000e+00 7.0880678788e-01
420.11962781 3.5550275368e+00 1.4077642426e-14 0.0000000000e+00 1.4077642426e-14 3.5550275368e+00 0.0000000000e+00 0.0000000000e+00 0.0000000000e+00 7.0562976688e-01
420.35644835 3.5998441127e+00 1.4278178643e-14 0.0000000000e+00 1.4278178643e-14 3.5998441127e+00 0.0000000000e+00 0.0000000000e+00 0.0000000000e+00 7.0247371511e-01
420.59326888 3.6455316129e+00 1.4438607617e-14 0.0000000000e+00 1.4438607617e-14 3.6455316129e+00 0.0000000000e+00 0.0000000000e+00 0.0000000000e+00 6.9933844895e-01
420.83008942 3.6921125727e+00 1.4639143834e-14 0.0000000000e+00 1.4639143834e-14 3.6921125727e+00 0.0000000000e+00 0.0000000000e+00 0.0000000000e+00 6.9622378677e-01
421.06690995 3.7396102583e+00 1.4799572807e-14 0.0000000000e+00 1.4799572807e-14 3.7396102583e+00 0.0000000000e+00 0.0000000000e+00 0.0000000000e+00 6.9312954893e-01
421.30373049 3.7880486953e+00 1.5000109024e-14 0.0000000000e+00 1.5000109024e-14 3.7880486953e+00 0.0000000000e+00 0.0000000000e+00 0.0000000000e+00 6.9005555774e-01
421.54055102 3.8374526981e+00 1.5200645241e-14 0.0000000000e+00 1.5200645241e-14 3.8374526981e+00 0.0000000000e+00 0.0000000000e+00 0.0000000000e+00 6.8700163742e-01
421.77737155 3.8878479017e+00 1.5401181458e-14 0.0000000000e+00 1.5401181458e-14 3.8878479017e+00 0.0000000000e+00 0.0000000000e+00 0.0000000000e+00 6.8396761412e-01
422.01419209 3.9392607936e+00 1.5641824918e-14 0.0000000000e+00 1.5641824918e-14 3.9392607936e+00 0.0000000000e+00 0.0000000000e+00 0.0000000000e+00 6.8095331584e-01
422.25101262 3.9917187485e+00 1.5802253892e-14 0.0000000000e+00 1.5802253892e-14 3.9917187485e+00 0.0000000000e+00 0.0000000000e+00 0.0000000000e+00 6.7795857246e-01
422.48783316 4.0452500636e+00 1.6002790108e-14 0.0000000000e+00 1.6002790108e-14 4.0452500636e+00 0.0000000000e+00 0.0000000000e+00 0.0000000000e+00 6.7498321566e-01
422.72465369 4.0998839961e+00 1.6243433569e-14 0.0000000000e+00 1.6243433569e-14 4.0998839961e+00 0.0000000000e+00 0.0000000000e+00 0.0000000000e+00 6.7202707894e-01
422.96147423 4.1556508026e+00 1.6484077029e-14 0.0000000000e+00 1.6484077029e-14 4.1556508026e+00 0.0000000000e+00 0.0000000000e+00 0.0000000000e+00 6.6908999759e-01
423.19829476 4.2125817798e+00 1.6684613246e-14 0.0000000000e+00 1.6684613246e-14 4.2125817798e+00 0.0000000000e+00 0.0000000000e+00 0.0000000000e+00 6.6617180864e-01
423.43511529 4.2707093076e+00 1.6925256706e-14 0.0000000000e+00 1.6925256706e-14 4.2707093076e+00 0.0000000000e+00 0.0000000000e+00 0.0000000000e+00 6.6327235088e-01
423.67193583 4.3300668942e+00 1.7165900166e-14 0.0000000000e+00 1.7165900166e-14 4.3300668942e+00 0.0000000000e+00 0.0000000000e+00 0.0000000000e+00 6.6039146480e-01
423.90875636 4.3906892233e+00 1.7406543627e-14 0.0000000000e+00 1.7406543627e-14 4.3906892233e+00 0.0000000000e+00 0.0000000000e+00 0.0000000000e+00 6.5752899257e-01
424.14557690 4.4526122037e+00 1.7647187087e-14 0.0000000000e+00 1.7647187087e-14 4.4526122037e+00 0.0000000000e+00 0.0000000000e+00 0.0000000000e+00 6.5468477807e-01
424.38239743 4.5158730214e+00 1.7927937791e-14 0.0000000000e+00 1.7927937791e-14 4.5158730214e+00 0.0000000000e+00 0.0000000000e+00 0.0000000000e+00 6.5185866680e-01
424.61921797 4.5805101940e+00 1.8168581251e-14 0.0000000000e+00 1.8168581251e-14 4.5805101940e+00 0.0000000000e+00 0.0000000000e+00 0.0000000000e+00 6.4905050589e-01
424.85603850 4.6465636280e+00 1.8409224711e-14 0.0000000000e+00 1.8409224711e-14 4.6465636280e+00 0.0000000000e+00 0.0000000000e+00 0.0000000000e+00 6.4626014408e-01
425.09285903 4.7140746795e+00 1.8689975415e-14 0.0000000000e+00 1.8689975415e-14 4.7140746795e+00 0.0000000000e+00 0.0000000000e+00 0.0000000000e+00 6.4348743172e-01
425.32967957 4.7830862166e+00 1.8930618875e-14 0.0000000000e+00 1.8930618875e-14 4.7830862166e+00 0.0000000000e+00 0.0000000000e+00 0.0000000000e+00 6.4073222071e-01
425.56650010 4.8536426867e+00 1.9251476822e-14 0.0000000000e+00 1.9251476822e-14 4.8536426867e+00 0.0000000000e+00 0.0000000000e+00 0.0000000000e+00 6.3799436449e-01
425.80332064 4.9257901857e+00 1.9532227526e-14 0.0000000000e+00 1.9532227526e-14 4.9257901857e+00 0.0000000000e+00 0.0000000000e+00 0.0000000000e+00 6.3527371805e-01
426.04014117 4.9995765321e+00 1.9812978229e-14 0.0000000000e+00 1.9812978229e-14 4.9995765321e+00 0.0000000000e+00 0.0000000000e+00 0.0000000000e+00 6.3257013787e-01
426.27696171 5.0750513439e+00 2.0093728933e-14 0.0000000000e+00 2.0093728933e-14 5.0750513439e+00 0.0000000000e+00 0.0000000000e+00 0.0000000000e+00 6.2988348195e-01
426.51378224 5.1522661201e+00 2.0414586880e-14 0.0000000000e+00 2.0414586880e-14 5.1522661201e+00 0.0000000000e+00 0.0000000000e+00 0.0000000000e+00 6.2721360973e-01
426.75060277 5.2312743262e+00 2.0735444827e-14 0.0000000000e+00 2.0735444827e-14 5.2312743262e+00 0.0000000000e+00 0.0000000000e+00 0.0000000000e+00 6.2456038213e-01
426.98742331 5.3121314849e+00 2.1056302774e-14 0.0000000000e+00 2.1056302774e-14 5.3121314849e+00 0.0000000000e+00 0.0000000000e+00 0.0000000000e+00 6.2192366150e-01
427.22424384 5.3948952706e+00 2.1377160721e-14 0.0000000000e+00 2.1377160721e-14 5.3948952706e+00 0.0000000000e+00 0.0000000000e+00 0.0000000000e+00 6.1930331159e-01
427.46106438 5.4796256101e+00 2.1738125912e-14 0.0000000000e+00 2.1738125912e-14 5.4796256101e+00 0.0000000000e+00 0.0000000000e+00 0.0000000000e+00 6.1669919758e-01
427.69788491 5.5663847878e+00 2.2058983859e-14 0.0000000000e+00 2.2058983859e-14 5.5663847878e+00 0.0000000000e+00 0.0000000000e+00 0.0000000000e+00 6.1411118602e-01
427.93470545 5.6552375572e+00 2.2460056293e-14 0.0000000000e+00 2.2460056293e-14 5.6552375572e+00 0.0000000000e+00 0.0000000000e+00 0.0000000000e+00 6.1153914483e-01
428.17152598 5.7462512587e+00 2.2780914240e-14 0.0000000000e+00 2.2780914240e-14 5.7462512587e+00 0.0000000000e+00 0.0000000000e+00 0.0000000000e+00 6.0898294328e-01
428.40834651 5.8394959437e+00 2.3101772187e-14 0.0000000000e+00 2.3101772187e-14 5.8394959437e+00 0.0000000000e+00 0.0000000000e+00 0.0000000000e+00 6.0644245196e-01
428.64516705 5.9350445051e+00 2.3502844620e-14 0.0000000000e+00 2.3502844620e-14 5.9350445051e+00 0.0000000000e+00 0.0000000000e+00 0.0000000000e+00 6.0391754280e-01
428.88198758 6.0329728164e+00 2.3903917054e-14 0.0000000000e+00 2.3903917054e-14 6.0329728164e+00 0.0000000000e+00 0.0000000000e+00 0.0000000000e+00 6.0140808903e-01
429.11880812 6.1333598777e+00 2.4304989488e-14 0.0000000000e+00 2.4304989488e-14 6.1333598777e+00 0.0000000000e+00 0.0000000000e+00 0.0000000000e+00 5.9891396514e-01
429.35562865 6.2362879704e+00 2.4706061922e-14 0.0000000000e+00 2.4706061922e-14 6.2362879704e+00 0.0000000000e+00 0.0000000000e+00 0.0000000000e+00 5.9643504693e-01
429.59244919 6.3418428208e+00 2.5107134356e-14 0.0000000000e+00 2.5107134356e-14 6.3418428208e+00 0.0000000000e+00 0.0000000000e+00 0.0000000000e+00 5.9397121141e-01
429.82926972 6.4501137732e+00 2.5588421276e-14 0.0000000000e+00 2.5588421276e-14 6.4501137732e+00 0.0000000000e+00 0.0000000000e+00 0.0000000000e+00 5.9152233687e-01
430.06609025 6.5611939733e+00 2.5989493710e-14 0.0000000000e+00 2.5989493710e-14 6.5611939733e+00 0.0000000000e+00 0.0000000000e+00 0.0000000000e+00 5.8908830279e-01
430.30291079 6.6751805622e+00 2.6390566144e-14 0.0000000000e+00 2.6390566144e-14 6.6751805622e+00 0.0000000000e+00 0.0000000000e+00 0.0000000000e+00 5.8666898989e-01
430.53973132 6.7921748820e+00 2.6871853064e-14 0.0000000000e+00 2.6871853064e-14 6.7921748820e+00 0.0000000000e+00 0.0000000000e+00 0.0000000000e+00 5.8426428007e-01
430.77655186 6.9122826941e+00 2.7433354472e-14 0.0000000000e+00 2.7433354472e-14 6.9122826941e+00 0.0000000000e+00 0.0000000000e+00 0.0000000000e+00 5.8187405641e-01
431.01337239 7.0356144099e+00 2.7914641392e-14 0.0000000000e+00 2.7914641392e-14 7.0356144099e+00 0.0000000000e+00 0.0000000000e+00 0.0000000000e+00 5.7949820315e-01
431.25019293 7.1622853366e+00 2.8395928313e-14 0.0000000000e+00 2.8395928313e-14 7.1622853366e+00 0.0000000000e+00 0.0000000000e+00 0.0000000000e+00 5.7713660571e-01
431.48701346 7.2924159370e+00 2.8957429720e-14 0.0000000000e+00 2.8957429720e-14 7.2924159370e+00 0.0000000000e+00 0.0000000000e+00 0.0000000000e+00 5.7478915061e-01
431.72383399 7.4261321066e+00 2.9438716641e-14 0.0000000000e+00 2.9438716641e-14 7.4261321066e+00 0.0000000000e+00 0.0000000000e+00 0.0000000000e+00 5.7245572554e-01
431.96065453 7.5635654671e+00 2.9920003561e-14 0.0000000000e+00 2.9920003561e-14 7.5635654671e+00 0.0000000000e+00 0.0000000000e+00 0.0000000000e+00 5.7013621927e-01
432.19747506 7.7048536785e+00 3.0561719455e-14 0.0000000000e+00 3.0561719455e-14 7.7048536785e+00 0.0000000000e+00 0.0000000000e+00 0.0000000000e+00 5.6783052167e-01
432.43429560 7.8501407716e+00 3.1123220862e-14 0.0000000000e+00 3.1123220862e-14 7.8501407716e+00 0.0000000000e+00 0.0000000000e+00 0.0000000000e+00 5.6553852371e-01
432.67111613 7.9995775010e+00 3.1684722270e-14 0.0000000000e+00 3.1684722270e-14 7.9995775010e+00 0.0000000000e+00 0.0000000000e+00 0.0000000000e+00 5.6326011743e-01
432.90793667 8.1533217218e+00 3.2326438164e-14 0.0000000000e+00 3.2326438164e-14 8.1533217218e+00 0.0000000000e+00 0.0000000000e+00 0.0000000000e+00 5.6099519593e-01
433.14475720 8.3115387898e+00 3.2887939571e-14 0.0000000000e+00 3.2887939571e-14 8.3115387898e+00 0.0000000000e+00 0.0000000000e+00 0.0000000000e+00 5.5874365334e-01
433.38157773 8.4744019890e+00 3.3609869952e-14 0.0000000000e+00 3.3609869952e-14 8.4744019890e+00 0.0000000000e+00 0.0000000000e+00 0.0000000000e+00 5.5650538487e-01
433.61839827 8.6420929867e+00 3.4251585846e-14 0.0000000000e+00 3.4251585846e-14 8.6420929867e+00 0.0000000000e+00 0.0000000000e+00 0.0000000000e+00 5.5428028670e-01
433.85521880 8.8148023192e+00 3.4893301740e-14 0.0000000000e+00 3.4893301740e-14 8.8148023192e+00 0.0000000000e+00 0.0000000000e+00 0.0000000000e+00 5.5206825605e-01
434.09203934 8.9927299107e+00 3.5615232121e-14 0.0000000000e+00 3.5615232121e-14 8.9927299107e+00 0.0000000000e+00 0.0000000000e+00 0.0000000000e+00 5.4986919115e-01
434.32885987 9.1760856267e+00 3.6417376989e-14 0.0000000000e+00 3.6417376989e-14 9.1760856267e+00 0.0000000000e+00 0.0000000000e+00 0.0000000000e+00 5.4768299120e-01
434.56568041 9.3650898656e+00 3.7139307369e-14 0.0000000000e+00 3.7139307369e-14 9.3650898656e+00 0.0000000000e+00 0.0000000000e+00 0.0000000000e+00 5.4550955638e-01
434.80250094 9.5599741920e+00 3.7941452237e-14 0.0000000000e+00 3.7941452237e-14 9.5599741920e+00 0.0000000000e+00 0.0000000000e+00 0.0000000000e+00 5.4334878783e-01
435.03932147 9.7609820129e+00 3.8663382618e-14 0.0000000000e+00 3.8663382618e-14 9.7609820129e+00 0.0000000000e+00 0.0000000000e+00 0.0000000000e+00 5.4120058767e-01
435.27614201 9.9683693025e+00 3.9465527485e-14 0.0000000000e+00 3.9465527485e-14 9.9683693025e+00 0.0000000000e+00 0.0000000000e+00 0.0000000000e+00 5.3906485892e-01
435.51296254 1.0182405378e+01 4.0347886840e-14 0.0000000000e+00 4.0347886840e-14 1.0182405378e+01 0.0000000000e+00 0.0000000000e+00 0.0000000000e+00 5.3694150558e-01
435.74978308 1.0403373732e+01 4.1150031707e-14 0.0000000000e+00 4.1150031707e-14 1.0403373732e+01 0.0000000000e+00 0.0000000000e+00 0.0000000000e+00 5.3483043254e-01
435.98660361 1.0631572921e+01 4.2112605548e-14 0.0000000000e+00 4.2112605548e-14 1.0631572921e+01 0.0000000000e+00 0.0000000000e+00 0.0000000000e+00 5.3273154560e-01
436.22342415 1.0867317529e+01 4.2994964903e-14 0.0000000000e+00 4.2994964903e-14 1.0867317529e+01 0.0000000000e+00 0.0000000000e+00 0.0000000000e+00 5.3064475149e-01
436.46024468 1.1110939187e+01 4.4117967717e-14 0.0000000000e+00 4.4117967717e-14 1.1110939187e+01 0.0000000000e+00 0.0000000000e+00 0.0000000000e+00 5.2856995779e-01
436.69706521 1.1362787680e+01 4.5080541559e-14 0.0000000000e+00 4.5080541559e-14 1.1362787680e+01 0.0000000000e+00 0.0000000000e+00 0.0000000000e+00 5.2650707300e-01
436.93388575 1.1623232135e+01 4.6043115400e-14 0.0000000000e+00 4.6043115400e-14 1.1623232135e+01 0.0000000000e+00 0.0000000000e+00 0.0000000000e+00 5.2445600645e-01
437.17070628 1.1892662296e+01 4.7166118214e-14 0.0000000000e+00 4.7166118214e-14 1.1892662296e+01 0.0000000000e+00 0.0000000000e+00 0.0000000000e+00 5.2241666837e-01
437.40752682 1.2171489894e+01 4.8128692055e-14 0.0000000000e+00 4.8128692055e-14 1.2171489894e+01 0.0000000000e+00 0.0000000000e+00 0.0000000000e+00 5.2038896981e-01
437.64434735 1.2460150134e+01 4.9251694870e-14 0.0000000000e+00 4.9251694870e-14 1.2460150134e+01 0.0000000000e+00 0.0000000000e+00 0.0000000000e+00 5.1837282267e-01
437.88116789 1.2759103281e+01 5.0535126658e-14 0.0000000000e+00 5.0535126658e-14 1.2759103281e+01 0.0000000000e+00 0.0000000000e+00 0.0000000000e+00 5.1636813969e-01
438.11798842 1.3068836388e+01 5.1818558446e-14 0.0000000000e+00 5.1818558446e-14 1.3068836388e+01 0.0000000000e+00 0.0000000000e+00 0.0000000000e+00 5.1437483442e-01
438.35480895 1.3389865147e+01 5.2941561261e-14 0.0000000000e+00 5.2941561261e-14 1.3389865147e+01 0.0000000000e+00 0.0000000000e+00 0.0000000000e+00 5.1239282123e-01
438.59162949 1.3722735893e+01 5.4224993049e-14 0.0000000000e+00 5.4224993049e-14 1.3722735893e+01 0.0000000000e+00 0.0000000000e+00 0.0000000000e+00 5.1042201530e-01
438.82845002 1.4068027776e+01 5.5668853811e-14 0.0000000000e+00 5.5668853811e-14 1.4068027776e+01 0.0000000000e+00 0.0000000000e+00 0.0000000000e+00 5.0846233257e-01
439.06527056 1.4426355099e+01 5.7112714572e-14 0.0000000000e+00 5.7112714572e-14 1.4426355099e+01 0.0000000000e+00 0.0000000000e+00 0.0000000000e+00 5.0651368982e-01
439.30209109 1.4798369856e+01 5.8556575334e-14 0.0000000000e+00 5.8556575334e-14 1.4798369856e+01 0.0000000000e+00 0.0000000000e+00 0.0000000000e+00 5.0457600455e-01
439.53891163 1.5184764477e+01 6.0160865069e-14 0.0000000000e+00 6.0160865069e-14 1.5184764477e+01 0.0000000000e+00 0.0000000000e+00 0.0000000000e+00 5.0264919508e-01
439.77573216 1.5586274807e+01 6.1765154804e-14 0.0000000000e+00 6.1765154804e-14 1.5586274807e+01 0.0000000000e+00 0.0000000000e+00 0.0000000000e+00 5.0073318045e-01
440.01255269 1.6003683334e+01 6.3369444540e-14 0.0000000000e+00 6.3369444540e-14 1.6003683334e+01 0.0000000000e+00 0.0000000000e+00 0.0000000000e+00 4.9882788047e-01
440.24937323 1.6437822688e+01 6.5134163248e-14 0.0000000000e+00 6.5134163248e-14 1.6437822688e+01 0.0000000000e+00 0.0000000000e+00 0.0000000000e+00 4.9693321568e-01
440.48619376 1.6889579453e+01 6.6898881957e-14 0.0000000000e+00 6.6898881957e-14 1.6889579453e+01 0.0000000000e+00 0.0000000000e+00 0.0000000000e+00 4.9504910738e-01
440.72301430 1.7359898300e+01 6.8663600666e-14 0.0000000000e+00 6.8663600666e-14 1.7359898300e+01 0.0000000000e+00 0.0000000000e+00 0.0000000000e+00 4.9317547757e-01
440.95983483 1.7849786486e+01 7.0588748348e-14 0.0000000000e+00 7.0588748348e-14 1.7849786486e+01 0.0000000000e+00 0.0000000000e+00 0.0000000000e+00 4.9131224897e-01
441.19665537 1.8360318753e+01 7.2674325004e-14 0.0000000000e+00 7.2674325004e-14 1.8360318753e+01 0.0000000000e+00 0.0000000000e+00 0.0000000000e+00 4.8945934503e-01
441.43347590 1.8892642660e+01 7.4759901659e-14 0.0000000000e+00 7.4759901659e-14 1.8892642660e+01 0.0000000000e+00 0.0000000000e+00 0.0000000000e+00 4.8761668988e-01
441.67029643 1.9447984397e+01 7.6845478315e-14 0.0000000000e+00 7.6845478315e-14 1.9447984397e+01 0.0000000000e+00 0.0000000000e+00 0.0000000000e+00 4.8578420837e-01
441.90711697 2.0027655132e+01 7.9251912918e-14 0.0000000000e+00 7.9251912918e-14 2.0027655132e+01 0.0000000000e+00 0.0000000000e+00 0.0000000000e+00 4.8396182601e-01
442.14393750 2.0633057926e+01 8.1658347521e-14 0.0000000000e+00 8.1658347521e-14 2.0633057926e+01 0.0000000000e+00 0.0000000000e+00 0.0000000000e+00 4.8214946900e-01
442.38075804 2.1265695302e+01 8.4064782123e-14 0.0000000000e+00 8.4064782123e-14 2.1265695302e+01 0.0000000000e+00 0.0000000000e+00 0.0000000000e+00 4.8034706423e-01
442.61757857 2.1927177505e+01 8.6952503647e-14 0.0000000000e+00 8.6952503647e-14 2.1927177505e+01 0.0000000000e+00 0.0000000000e+00 0.0000000000e+00 4.7855453922e-01
442.85439911 2.2619231543e+01 8.9519367223e-14 0.0000000000e+00 8.9519367223e-14 2.2619231543e+01 0.0000000000e+00 0.0000000000e+00 0.0000000000e+00 4.7677182218e-01
443.09121964 2.3343711079e+01 9.2407088746e-14 0.0000000000e+00 9.2407088746e-14 2.3343711079e+01 0.0000000000e+00 0.0000000000e+00 0.0000000000e+00 4.7499884195e-01
443.32804017 2.4102607261e+01 9.5294810270e-14 0.0000000000e+00 9.5294810270e-14 2.4102607261e+01 0.0000000000e+00 0.0000000000e+00 0.0000000000e+00 4.7323552802e-01
443.56486071 2.4898060592e+01 9.8503389740e-14 0.0000000000e+00 9.8503389740e-14 2.4898060592e+01 0.0000000000e+00 0.0000000000e+00 0.0000000000e+00 4.7148181053e-01
443.80168124 2.5732373937e+01 1.0203282716e-13 0.0000000000e+00 1.0203282716e-13 2.5732373937e+01 0.0000000000e+00 0.0000000000e+00 0.0000000000e+00 4.6973762022e-01
444.03850178 2.6608026789e+01 1.0524140663e-13 0.0000000000e+00 1.0524140663e-13 2.6608026789e+01 0.0000000000e+00 0.0000000000e+00 0.0000000000e+00 4.6800288849e-01
444.27532231 2.7527690917e+01 1.0909170199e-13 0.0000000000e+00 1.0909170199e-13 2.7527690917e+01 0.0000000000e+00 0.0000000000e+00 0.0000000000e+00 4.6627754731e-01
444.51214285 2.8494247545e+01 1.1262113941e-13 0.0000000000e+00 1.1262113941e-13 2.8494247545e+01 0.0000000000e+00 0.0000000000e+00 0.0000000000e+00 4.6456152931e-01
444.74896338 2.9510806202e+01 1.1679229272e-13 0.0000000000e+00 1.1679229272e-13 2.9510806202e+01 0.0000000000e+00 0.0000000000e+00 0.0000000000e+00 4.6285476768e-01
444.98578391 3.0580725418e+01 1.2096344603e-13 0.0000000000e+00 1.2096344603e-13 3.0580725418e+01 0.0000000000e+00 0.0000000000e+00 0.0000000000e+00 4.6115719624e-01
445.22260445 3.1707635448e+01 1.2545545729e-13 0.0000000000e+00 1.2545545729e-13 3.1707635448e+01 0.0000000000e+00 0.0000000000e+00 0.0000000000e+00 4.5946874937e-01
445.45942498 3.2895463210e+01 1.3026832650e-13 0.0000000000e+00 1.3026832650e-13 3.2895463210e+01 0.0000000000e+00 0.0000000000e+00 0.0000000000e+00 4.5778936206e-01
445.69624552 3.4148459660e+01 1.3508119570e-13 0.0000000000e+00 1.3508119570e-13 3.4148459660e+01 0.0000000000e+00 0.0000000000e+00 0.0000000000e+00 4.5611896986e-01
445.93306605 3.5471229803e+01 1.4021492285e-13 0.0000000000e+00 1.4021492285e-13 3.5471229803e+01 0.0000000000e+00 0.0000000000e+00 0.0000000000e+00 4.5445750891e-01
446.16988659 3.6868765603e+01 1.4599036590e-13 0.0000000000e+00 1.4599036590e-13 3.6868765603e+01 0.0000000000e+00 0.0000000000e+00 0.0000000000e+00 4.5280491589e-01
446.40670712 3.8346482000e+01 1.5144495100e-13 0.0000000000e+00 1.5144495100e-13 3.8346482000e+01 0.0000000000e+00 0.0000000000e+00 0.0000000000e+00 4.5116112805e-01
446.64352765 3.9910256301e+01 1.5786210994e-13 0.0000000000e+00 1.5786210994e-13 3.9910256301e+01 0.0000000000e+00 0.0000000000e+00 0.0000000000e+00 4.4952608321e-01
446.88034819 4.1566471167e+01 1.6427926888e-13 0.0000000000e+00 1.6427926888e-13 4.1566471167e+01 0.0000000000e+00 0.0000000000e+00 0.0000000000e+00 4.4789971972e-01
447.11716872 4.3322061422e+01 1.7133814372e-13 0.0000000000e+00 1.7133814372e-13 4.3322061422e+01 0.0000000000e+00 0.0000000000e+00 0.0000000000e+00 4.4628197647e-01
447.35398926 4.5184564880e+01 1.7839701855e-13 0.0000000000e+00 1.7839701855e-13 4.5184564880e+01 0.0000000000e+00 0.0000000000e+00 0.0000000000e+00 4.4467279289e-01
447.59080979 4.7162177311e+01 1.8609760928e-13 0.0000000000e+00 1.8609760928e-13 4.7162177311e+01 0.0000000000e+00 0.0000000000e+00 0.0000000000e+00 4.4307210895e-01
447.82763033 4.9263811614e+01 1.9508163180e-13 0.0000000000e+00 1.9508163180e-13 4.9263811614e+01 0.0000000000e+00 0.0000000000e+00 0.0000000000e+00 4.4147986513e-01
448.06445086 5.1499161137e+01 2.0342393842e-13 0.0000000000e+00 2.0342393842e-13 5.1499161137e+01 0.0000000000e+00 0.0000000000e+00 0.0000000000e+00 4.3989600245e-01
448.30127139 5.3878766878e+01 2.1304967683e-13 0.0000000000e+00 2.1304967683e-13 5.3878766878e+01 0.0000000000e+00 0.0000000000e+00 0.0000000000e+00 4.3832046241e-01
448.53809193 5.6414088119e+01 2.2331713114e-13 0.0000000000e+00 2.2331713114e-13 5.6414088119e+01 0.0000000000e+00 0.0000000000e+00 0.0000000000e+00 4.3675318706e-01
448.77491246 5.9117575638e+01 2.3358458544e-13 0.0000000000e+00 2.3358458544e-13 5.9117575638e+01 0.0000000000e+00 0.0000000000e+00 0.0000000000e+00 4.3519411892e-01
449.01173300 6.2002746237e+01 2.4513547154e-13 0.0000000000e+00 2.4513547154e-13 6.2002746237e+01 0.0000000000e+00 0.0000000000e+00 0.0000000000e+00 4.3364320103e-01
449.24855353 6.5084256672e+01 2.5732807352e-13 0.0000000000e+00 2.5732807352e-13 6.5084256672e+01 0.0000000000e+00 0.0000000000e+00 0.0000000000e+00 4.3210037691e-01
449.48537407 6.8377974247e+01 2.7016239140e-13 0.0000000000e+00 2.7016239140e-13 6.8377974247e+01 0.0000000000e+00 0.0000000000e+00 0.0000000000e+00 4.3056559056e-01
449.72219460 7.1901040238e+01 2.8428014107e-13 0.0000000000e+00 2.8428014107e-13 7.1901040238e+01 0.0000000000e+00 0.0000000000e+00 0.0000000000e+00 4.2903878649e-01
449.95901513 7.5671920867e+01 2.9903960664e-13 0.0000000000e+00 2.9903960664e-13 7.5671920867e+01 0.0000000000e+00 0.0000000000e+00 0.0000000000e+00 4.2751990967e-01
450.19583567 7.9710438654e+01 3.1508250399e-13 0.0000000000e+00 3.1508250399e-13 7.9710438654e+01 0.0000000000e+00 0.0000000000e+00 0.0000000000e+00 4.2600890555e-01
450.43265620 8.4037774582e+01 3.3176711723e-13 0.0000000000e+00 3.3176711723e-13 8.4037774582e+01 0.0000000000e+00 0.0000000000e+00 0.0000000000e+00 4.2450572002e-01
450.66947674 8.8676428395e+01 3.5037687816e-13 0.0000000000e+00 3.5037687816e-13 8.8676428395e+01 0.0000000000e+00 0.0000000000e+00 0.0000000000e+00 4.2301029949e-01
450.90629727 9.3650120482e+01 3.6962835499e-13 0.0000000000e+00 3.6962835499e-13 9.3650120482e+01 0.0000000000e+00 0.0000000000e+00 0.0000000000e+00 4.2152259077e-01
451.14311781 9.8983614016e+01 3.9144669538e-13 0.0000000000e+00 3.9144669538e-13 9.8983614016e+01 0.0000000000e+00 0.0000000000e+00 0.0000000000e+00 4.2004254116e-01
451.37993834 1.0470243014e+02 4.1326503578e-13 0.0000000000e+00 4.1326503578e-13 1.0470243014e+02 0.0000000000e+00 0.0000000000e+00 0.0000000000e+00 4.1857009839e-01
451.61675887 1.1083242212e+02 4.3765023976e-13 0.0000000000e+00 4.3765023976e-13 1.1083242212e+02 0.0000000000e+00 0.0000000000e+00 0.0000000000e+00 4.1710521065e-01
451.85357941 1.1739916658e+02 4.6331887552e-13 0.0000000000e+00 4.6331887552e-13 1.1739916658e+02 0.0000000000e+00 0.0000000000e+00 0.0000000000e+00 4.1564782656e-01
452.09039994 1.2442712130e+02 4.9155437486e-13 0.0000000000e+00 4.9155437486e-13 1.2442712130e+02 0.0000000000e+00 0.0000000000e+00 0.0000000000e+00 4.1419789518e-01
452.32722048 1.3193849077e+02 5.2107330599e-13 0.0000000000e+00 5.2107330599e-13 1.3193849077e+02 0.0000000000e+00 0.0000000000e+00 0.0000000000e+00 4.1275536599e-01
452.56404101 1.3995173359e+02 5.5315910069e-13 0.0000000000e+00 5.5315910069e-13 1.3995173359e+02 0.0000000000e+00 0.0000000000e+00 0.0000000000e+00 4.1132018892e-01
452.80086155 1.4847964255e+02 5.8652832718e-13 0.0000000000e+00 5.8652832718e-13 1.4847964255e+02 0.0000000000e+00 0.0000000000e+00 0.0000000000e+00 4.0989231431e-01
453.03768208 1.5752693134e+02 6.2246441725e-13 0.0000000000e+00 6.2246441725e-13 1.5752693134e+02 0.0000000000e+00 0.0000000000e+00 0.0000000000e+00 4.0847169290e-01
453.27450261 1.6708727749e+02 6.6096737089e-13 0.0000000000e+00 6.6096737089e-13 1.6708727749e+02 0.0000000000e+00 0.0000000000e+00 0.0000000000e+00 4.0705827587e-01
453.51132315 1.7713980438e+02 6.9818689275e-13 0.0000000000e+00 6.9818689275e-13 1.7713980438e+02 0.0000000000e+00 0.0000000000e+00 0.0000000000e+00 4.0565201480e-01
453.74814368 1.8764504438e+02 7.4182357355e-13 0.0000000000e+00 7.4182357355e-13 1.8764504438e+02 0.0000000000e+00 0.0000000000e+00 0.0000000000e+00 4.0425286168e-01
453.98496422 1.9854051850e+02 7.8546025434e-13 0.0000000000e+00 7.8546025434e-13 1.9854051850e+02 0.0000000000e+00 0.0000000000e+00 0.0000000000e+00 4.0286076889e-01
454.22178475 2.0973620101e+02 8.2909693514e-13 0.0000000000e+00 8.2909693514e-13 2.0973620101e+02 0.0000000000e+00 0.0000000000e+00 0.0000000000e+00 4.0147568922e-01
454.45860529 2.2111030977e+02 8.7530047951e-13 0.0000000000e+00 8.7530047951e-13 2.2111030977e+02 0.0000000000e+00 0.0000000000e+00 0.0000000000e+00 4.0009757585e-01
454.69542582 2.3250606281e+02 9.1893716031e-13 0.0000000000e+00 9.1893716031e-13 2.3250606281e+02 0.0000000000e+00 0.0000000000e+00 0.0000000000e+00 3.9872638235e-01
454.93224635 2.4373023634e+02 9.6514070468e-13 0.0000000000e+00 9.6514070468e-13 2.4373023634e+02 0.0000000000e+00 0.0000000000e+00 0.0000000000e+00 3.9736206266e-01
455.16906689 2.5455449376e+02 1.0062105219e-12 0.0000000000e+00 1.0062105219e-12 2.5455449376e+02 0.0000000000e+00 0.0000000000e+00 0.0000000000e+00 3.9600457114e-01
455.40588742 2.6472044974e+02 1.0472803391e-12 0.0000000000e+00 1.0472803391e-12 2.6472044974e+02 0.0000000000e+00 0.0000000000e+00 0.0000000000e+00 3.9465386248e-01
455.64270796 2.7394920046e+02 1.0832164292e-12 0.0000000000e+00 1.0832164292e-12 2.7394920046e+02 0.0000000000e+00 0.0000000000e+00 0.0000000000e+00 3.9330989179e-01
455.87952849 2.8195552601e+02 1.1140187921e-12 0.0000000000e+00 1.1140187921e-12 2.8195552601e+02 0.0000000000e+00 0.0000000000e+00 0.0000000000e+00 3.9197261452e-01
456.11634903 2.8846615705e+02 1.1396874279e-12 0.0000000000e+00 1.1396874279e-12 2.8846615705e+02 0.0000000000e+00 0.0000000000e+00 0.0000000000e+00 3.9064198650e-01
456.35316956 2.9324051182e+02 1.1602223365e-12 0.0000000000e+00 1.1602223365e-12 2.9324051182e+02 0.0000000000e+00 0.0000000000e+00 0.0000000000e+00 3.8931796391e-01
456.58999009 2.9609138974e+02 1.1704897908e-12 0.0000000000e+00 1.1704897908e-12 2.9609138974e+02 0.0000000000e+00 0.0000000000e+00 0.0000000000e+00 3.8800050331e-01
456.82681063 2.9690256816e+02 1.1730566544e-12 0.0000000000e+00 1.1730566544e-12 2.9690256816e+02 0.0000000000e+00 0.0000000000e+00 0.0000000000e+00 3.8668956161e-01
457.06363116 2.9564036078e+02 1.1679229272e-12 0.0000000000e+00 1.1679229272e-12 2.9564036078e+02 0.0000000000e+00 0.0000000000e+00 0.0000000000e+00 3.8538509606e-01
457.30045170 2.9235705661e+02 1.1550886093e-12 0.0000000000e+00 1.1550886093e-12 2.9235705661e+02 0.0000000000e+00 0.0000000000e+00 0.0000000000e+00 3.8408706427e-01
457.53727223 2.8718559892e+02 1.1371205643e-12 0.0000000000e+00 1.1371205643e-12 2.8718559892e+02 0.0000000000e+00 0.0000000000e+00 0.0000000000e+00 3.8279542419e-01
457.77409277 2.8032649117e+02 1.1088850650e-12 0.0000000000e+00 1.1088850650e-12 2.8032649117e+02 0.0000000000e+00 0.0000000000e+00 0.0000000000e+00 3.8151013413e-01
458.01091330 2.7202925823e+02 1.0755158385e-12 0.0000000000e+00 1.0755158385e-12 2.7202925823e+02 0.0000000000e+00 0.0000000000e+00 0.0000000000e+00 3.8023115271e-01
458.24773383 2.6257149297e+02 1.0370128848e-12 0.0000000000e+00 1.0370128848e-12 2.6257149297e+02 0.0000000000e+00 0.0000000000e+00 0.0000000000e+00 3.7895843892e-01
458.48455437 2.5223847209e+02 9.9850993118e-13 0.0000000000e+00 9.9850993118e-13 2.5223847209e+02 0.0000000000e+00 0.0000000000e+00 0.0000000000e+00 3.7769195205e-01
458.72137490 2.4130567530e+02 9.5230638680e-13 0.0000000000e+00 9.5230638680e-13 2.4130567530e+02 0.0000000000e+00 0.0000000000e+00 0.0000000000e+00 3.7643165174e-01
458.95819544 2.3002558249e+02 9.0866970601e-13 0.0000000000e+00 9.0866970601e-13 2.3002558249e+02 0.0000000000e+00 0.0000000000e+00 0.0000000000e+00 3.7517749796e-01
459.19501597 2.1861915841e+02 8.6503302521e-13 0.0000000000e+00 8.6503302521e-13 2.1861915841e+02 0.0000000000e+00 0.0000000000e+00 0.0000000000e+00 3.7392945097e-01
459.43183651 2.0727167810e+02 8.2139634441e-13 0.0000000000e+00 8.2139634441e-13 2.0727167810e+02 0.0000000000e+00 0.0000000000e+00 0.0000000000e+00 3.7268747139e-01
459.66865704 1.9613208779e+02 7.7519280004e-13 0.0000000000e+00 7.7519280004e-13 1.9613208779e+02 0.0000000000e+00 0.0000000000e+00 0.0000000000e+00 3.7145152013e-01
459.90547757 1.8531491952e+02 7.3155611924e-13 0.0000000000e+00 7.3155611924e-13 1.8531491952e+02 0.0000000000e+00 0.0000000000e+00 0.0000000000e+00 3.7022155844e-01
460.14229811 1.7490381028e+02 6.9048630202e-13 0.0000000000e+00 6.9048630202e-13 1.7490381028e+02 0.0000000000e+00 0.0000000000e+00 0.0000000000e+00 3.6899754785e-01
460.37911864 1.6495583027e+02 6.5198334838e-13 0.0000000000e+00 6.5198334838e-13 1.6495583027e+02 0.0000000000e+00 0.0000000000e+00 0.0000000000e+00 3.6777945021e-01
460.61593918 1.5550602426e+02 6.1348039473e-13 0.0000000000e+00 6.1348039473e-13 1.5550602426e+02 0.0000000000e+00 0.0000000000e+00 0.0000000000e+00 3.6656722769e-01
460.85275971 1.4657176591e+02 5.7882773645e-13 0.0000000000e+00 5.7882773645e-13 1.4657176591e+02 0.0000000000e+00 0.0000000000e+00 0.0000000000e+00 3.6536084274e-01
461.08958025 1.3815668910e+02 5.4674194175e-13 0.0000000000e+00 5.4674194175e-13 1.3815668910e+02 0.0000000000e+00 0.0000000000e+00 0.0000000000e+00 3.6416025813e-01
461.32640078 1.3025408472e+02 5.1465614705e-13 0.0000000000e+00 5.1465614705e-13 1.3025408472e+02 0.0000000000e+00 0.0000000000e+00 0.0000000000e+00 3.6296543690e-01
461.56322131 1.2284973605e+02 4.8513721592e-13 0.0000000000e+00 4.8513721592e-13 1.2284973605e+02 0.0000000000e+00 0.0000000000e+00 0.0000000000e+00 3.6177634240e-01
461.80004185 1.1592421935e+02 4.5818514837e-13 0.0000000000e+00 4.5818514837e-13 1.1592421935e+02 0.0000000000e+00 0.0000000000e+00 0.0000000000e+00 3.6059293827e-01
462.03686238 1.0945472469e+02 4.3251651260e-13 0.0000000000e+00 4.3251651260e-13 1.0945472469e+02 0.0000000000e+00 0.0000000000e+00 0.0000000000e+00 3.5941518845e-01
462.27368292 1.0341646454e+02 4.0813130863e-13 0.0000000000e+00 4.0813130863e-13 1.0341646454e+02 0.0000000000e+00 0.0000000000e+00 0.0000000000e+00 3.5824305713e-01
462.51050345 9.7783739027e+01 3.8631296823e-13 0.0000000000e+00 3.8631296823e-13 9.7783739027e+01 0.0000000000e+00 0.0000000000e+00 0.0000000000e+00 3.5707650881e-01
462.74732399 9.2530722467e+01 3.6577805962e-13 0.0000000000e+00 3.6577805962e-13 9.2530722467e+01 0.0000000000e+00 0.0000000000e+00 0.0000000000e+00 3.5591550827e-01
462.98414452 8.7632028244e+01 3.4652658280e-13 0.0000000000e+00 3.4652658280e-13 8.7632028244e+01 0.0000000000e+00 0.0000000000e+00 0.0000000000e+00 3.5476002056e-01
463.22096505 8.3063100582e+01 3.2791682187e-13 0.0000000000e+00 3.2791682187e-13 8.3063100582e+01 0.0000000000e+00 0.0000000000e+00 0.0000000000e+00 3.5361001099e-01
463.45778559 7.8800473368e+01 3.1123220862e-13 0.0000000000e+00 3.1123220862e-13 7.8800473368e+01 0.0000000000e+00 0.0000000000e+00 0.0000000000e+00 3.5246544518e-01
463.69460612 7.4821928526e+01 2.9583102717e-13 0.0000000000e+00 2.9583102717e-13 7.4821928526e+01 0.0000000000e+00 0.0000000000e+00 0.0000000000e+00 3.5132628898e-01
463.93142666 7.1106579740e+01 2.8107156160e-13 0.0000000000e+00 2.8107156160e-13 7.1106579740e+01 0.0000000000e+00 0.0000000000e+00 0.0000000000e+00 3.5019250852e-01
464.16824719 6.7634901762e+01 2.6759552783e-13 0.0000000000e+00 2.6759552783e-13 6.7634901762e+01 0.0000000000e+00 0.0000000000e+00 0.0000000000e+00 3.4906407021e-01
464.40506773 6.4388720922e+01 2.5411949405e-13 0.0000000000e+00 2.5411949405e-13 6.4388720922e+01 0.0000000000e+00 0.0000000000e+00 0.0000000000e+00 3.4794094070e-01
464.64188826 6.1351178761e+01 2.4256860796e-13 0.0000000000e+00 2.4256860796e-13 6.1351178761e+01 0.0000000000e+00 0.0000000000e+00 0.0000000000e+00 3.4682308692e-01
464.87870879 5.8506677812e+01 2.3101772187e-13 0.0000000000e+00 2.3101772187e-13 5.8506677812e+01 0.0000000000e+00 0.0000000000e+00 0.0000000000e+00 3.4571047603e-01
465.11552933 5.5840816211e+01 2.2075026756e-13 0.0000000000e+00 2.2075026756e-13 5.5840816211e+01 0.0000000000e+00 0.0000000000e+00 0.0000000000e+00 3.4460307547e-01
465.35234986 5.3340316096e+01 2.1048281326e-13 0.0000000000e+00 2.1048281326e-13 5.3340316096e+01 0.0000000000e+00 0.0000000000e+00 0.0000000000e+00 3.4350085292e-01
465.58917040 5.0992949338e+01 2.0149879074e-13 0.0000000000e+00 2.0149879074e-13 5.0992949338e+01 0.0000000000e+00 0.0000000000e+00 0.0000000000e+00 3.4240377631e-01
465.82599093 4.8787463172e+01 1.9251476822e-13 0.0000000000e+00 1.9251476822e-13 4.8787463172e+01 0.0000000000e+00 0.0000000000e+00 0.0000000000e+00 3.4131181382e-01
466.06281147 4.6713507446e+01 1.8417246160e-13 0.0000000000e+00 1.8417246160e-13 4.6713507446e+01 0.0000000000e+00 0.0000000000e+00 0.0000000000e+00 3.4022493387e-01
466.29963200 4.4761564687e+01 1.7647187087e-13 0.0000000000e+00 1.7647187087e-13 4.4761564687e+01 0.0000000000e+00 0.0000000000e+00 0.0000000000e+00 3.3914310514e-01
466.53645253 4.2922883712e+01 1.6941299603e-13 0.0000000000e+00 1.6941299603e-13 4.2922883712e+01 0.0000000000e+00 0.0000000000e+00 0.0000000000e+00 3.3806629654e-01
466.77327307 4.1189417199e+01 1.6299583709e-13 0.0000000000e+00 1.6299583709e-13 4.1189417199e+01 0.0000000000e+00 0.0000000000e+00 0.0000000000e+00 3.3699447720e-01
467.01009360 3.9553763434e+01 1.5657867815e-13 0.0000000000e+00 1.5657867815e-13 3.9553763434e+01 0.0000000000e+00 0.0000000000e+00 0.0000000000e+00 3.3592761652e-01
467.24691414 3.8009112248e+01 1.5048237716e-13 0.0000000000e+00 1.5048237716e-13 3.8009112248e+01 0.0000000000e+00 0.0000000000e+00 0.0000000000e+00 3.3486568411e-01
467.48373467 3.6549195093e+01 1.4438607617e-13 0.0000000000e+00 1.4438607617e-13 3.6549195093e+01 0.0000000000e+00 0.0000000000e+00 0.0000000000e+00 3.3380864983e-01
467.72055521 3.5168239074e+01 1.3893149107e-13 0.0000000000e+00 1.3893149107e-13 3.5168239074e+01 0.0000000000e+00 0.0000000000e+00 0.0000000000e+00 3.3275648374e-01
467.95737574 3.3860924770e+01 1.3411862186e-13 0.0000000000e+00 1.3411862186e-13 3.3860924770e+01 0.0000000000e+00 0.0000000000e+00 0.0000000000e+00 3.3170915617e-01
468.19419627 3.2622347602e+01 1.2898489471e-13 0.0000000000e+00 1.2898489471e-13 3.2622347602e+01 0.0000000000e+00 0.0000000000e+00 0.0000000000e+00 3.3066663763e-01
468.43101681 3.1447982507e+01 1.2449288345e-13 0.0000000000e+00 1.2449288345e-13 3.1447982507e+01 0.0000000000e+00 0.0000000000e+00 0.0000000000e+00 3.2962889890e-01
468.66783734 3.0333651693e+01 1.2000087219e-13 0.0000000000e+00 1.2000087219e-13 3.0333651693e+01 0.0000000000e+00 0.0000000000e+00 0.0000000000e+00 3.2859591095e-01
468.90465788 2.9275495210e+01 1.1582971888e-13 0.0000000000e+00 1.1582971888e-13 2.9275495210e+01 0.0000000000e+00 0.0000000000e+00 0.0000000000e+00 3.2756764498e-01
469.14147841 2.8269944132e+01 1.1197942352e-13 0.0000000000e+00 1.1197942352e-13 2.8269944132e+01 0.0000000000e+00 0.0000000000e+00 0.0000000000e+00 3.2654407240e-01
469.37829895 2.7313696117e+01 1.0812912815e-13 0.0000000000e+00 1.0812912815e-13 2.7313696117e+01 0.0000000000e+00 0.0000000000e+00 0.0000000000e+00 3.2552516484e-01
469.61511948 2.6403693144e+01 1.0459969073e-13 0.0000000000e+00 1.0459969073e-13 2.6403693144e+01 0.0000000000e+00 0.0000000000e+00 0.0000000000e+00 3.2451089416e-01
469.85194001 2.5537101233e+01 1.0107025332e-13 0.0000000000e+00 1.0107025332e-13 2.5537101233e+01 0.0000000000e+00 0.0000000000e+00 0.0000000000e+00 3.2350123241e-01
470.08876055 2.4711291973e+01 9.7861673846e-14 0.0000000000e+00 9.7861673846e-14 2.4711291973e+01 0.0000000000e+00 0.0000000000e+00 0.0000000000e+00 3.2249615185e-01
470.32558108 2.3923825688e+01 9.4973952323e-14 0.0000000000e+00 9.4973952323e-14 2.3923825688e+01 0.0000000000e+00 0.0000000000e+00 0.0000000000e+00 3.2149562496e-01
470.56240162 2.3172436109e+01 9.1765372852e-14 0.0000000000e+00 9.1765372852e-14 2.3172436109e+01 0.0000000000e+00 0.0000000000e+00 0.0000000000e+00 3.2049962443e-01
470.79922215 2.2455016384e+01 8.8877651329e-14 0.0000000000e+00 8.8877651329e-14 2.2455016384e+01 0.0000000000e+00 0.0000000000e+00 0.0000000000e+00 3.1950812314e-01
471.03604269 2.1769606334e+01 8.6310787753e-14 0.0000000000e+00 8.6310787753e-14 2.1769606334e+01 0.0000000000e+00 0.0000000000e+00 0.0000000000e+00 3.1852109417e-01
471.27286322 2.1114380816e+01 8.3423066229e-14 0.0000000000e+00 8.3423066229e-14 2.1114380816e+01 0.0000000000e+00 0.0000000000e+00 0.0000000000e+00 3.1753851082e-01
471.50968375 2.0487639110e+01 8.1016631627e-14 0.0000000000e+00 8.1016631627e-14 2.0487639110e+01 0.0000000000e+00 0.0000000000e+00 0.0000000000e+00 3.1656034658e-01
471.74650429 1.9887795214e+01 7.8449768050e-14 0.0000000000e+00 7.8449768050e-14 1.9887795214e+01 0.0000000000e+00 0.0000000000e+00 0.0000000000e+00 3.1558657512e-01
471.98332482 1.9313368984e+01 7.6364191395e-14 0.0000000000e+00 7.6364191395e-14 1.9313368984e+01 0.0000000000e+00 0.0000000000e+00 0.0000000000e+00 3.1461717034e-01
472.22014536 1.8762978027e+01 7.4118185765e-14 0.0000000000e+00 7.4118185765e-14 1.8762978027e+01 0.0000000000e+00 0.0000000000e+00 0.0000000000e+00 3.1365210629e-01
472.45696589 1.8235330284e+01 7.2193038083e-14 0.0000000000e+00 7.2193038083e-14 1.8235330284e+01 0.0000000000e+00 0.0000000000e+00 0.0000000000e+00 3.1269135726e-01
472.69378643 1.7729217241e+01 7.0107461427e-14 0.0000000000e+00 7.0107461427e-14 1.7729217241e+01 0.0000000000e+00 0.0000000000e+00 0.0000000000e+00 3.1173489769e-01
472.93060696 1.7243507702e+01 6.8182313745e-14 0.0000000000e+00 6.8182313745e-14 1.7243507702e+01 0.0000000000e+00 0.0000000000e+00 0.0000000000e+00 3.1078270223e-01
473.16742749 1.6777142087e+01 6.6417595036e-14 0.0000000000e+00 6.6417595036e-14 1.6777142087e+01 0.0000000000e+00 0.0000000000e+00 0.0000000000e+00 3.0983474571e-01
473.40424803 1.6329127196e+01 6.4492447354e-14 0.0000000000e+00 6.4492447354e-14 1.6329127196e+01 0.0000000000e+00 0.0000000000e+00 0.0000000000e+00 3.0889100314e-01
473.64106856 1.5898531401e+01 6.2888157619e-14 0.0000000000e+00 6.2888157619e-14 1.5898531401e+01 0.0000000000e+00 0.0000000000e+00 0.0000000000e+00 3.0795144974e-01
473.87788910 1.5484480227e+01 6.1283867884e-14 0.0000000000e+00 6.1283867884e-14 1.5484480227e+01 0.0000000000e+00 0.0000000000e+00 0.0000000000e+00 3.0701606087e-01
474.11470963 1.5086152297e+01 5.9679578149e-14 0.0000000000e+00 5.9679578149e-14 1.5086152297e+01 0.0000000000e+00 0.0000000000e+00 0.0000000000e+00 3.0608481210e-01
474.35153017 1.4702775587e+01 5.8235717387e-14 0.0000000000e+00 5.8235717387e-14 1.4702775587e+01 0.0000000000e+00 0.0000000000e+00 0.0000000000e+00 3.0515767917e-01
474.58835070 1.4333623990e+01 5.6631427652e-14 0.0000000000e+00 5.6631427652e-14 1.4333623990e+01 0.0000000000e+00 0.0000000000e+00 0.0000000000e+00 3.0423463801e-01
474.82517123 1.3978014142e+01 5.5187566890e-14 0.0000000000e+00 5.5187566890e-14 1.3978014142e+01 0.0000000000e+00 0.0000000000e+00 0.0000000000e+00 3.0331566470e-01
475.06199177 1.3635302496e+01 5.3904135102e-14 0.0000000000e+00 5.3904135102e-14 1.3635302496e+01 0.0000000000e+00 0.0000000000e+00 0.0000000000e+00 3.0240073551e-01
475.29881230 1.3304882628e+01 5.2620703314e-14 0.0000000000e+00 5.2620703314e-14 1.3304882628e+01 0.0000000000e+00 0.0000000000e+00 0.0000000000e+00 3.0148982688e-01
475.53563284 1.2986182740e+01 5.1337271526e-14 0.0000000000e+00 5.1337271526e-14 1.2986182740e+01 0.0000000000e+00 0.0000000000e+00 0.0000000000e+00 3.0058291543e-01
475.77245337 1.2678663359e+01 5.0214268711e-14 0.0000000000e+00 5.0214268711e-14 1.2678663359e+01 0.0000000000e+00 0.0000000000e+00 0.0000000000e+00 2.9967997793e-01
476.00927390 1.2381815206e+01 4.8930836923e-14 0.0000000000e+00 4.8930836923e-14 1.2381815206e+01 0.0000000000e+00 0.0000000000e+00 0.0000000000e+00 2.9878099133e-01
476.24609444 1.2095157226e+01 4.7647405135e-14 0.0000000000e+00 4.7647405135e-14 1.2095157226e+01 0.0000000000e+00 0.0000000000e+00 0.0000000000e+00 2.9788593276e-01
476.48291497 1.1818234760e+01 4.6684831294e-14 0.0000000000e+00 4.6684831294e-14 1.1818234760e+01 0.0000000000e+00 0.0000000000e+00 0.0000000000e+00 2.9699477949e-01
476.71973551 1.1550617857e+01 4.5561828479e-14 0.0000000000e+00 4.5561828479e-14 1.1550617857e+01 0.0000000000e+00 0.0000000000e+00 0.0000000000e+00 2.9610750896e-01
476.95655604 1.1291899704e+01 4.4599254638e-14 0.0000000000e+00 4.4599254638e-14 1.1291899704e+01 0.0000000000e+00 0.0000000000e+00 0.0000000000e+00 2.9522409879e-01
477.19337658 1.1041695166e+01 4.3636680797e-14 0.0000000000e+00 4.3636680797e-14 1.1041695166e+01 0.0000000000e+00 0.0000000000e+00 0.0000000000e+00 2.9434452674e-01
477.43019711 1.0799639442e+01 4.2674106956e-14 0.0000000000e+00 4.2674106956e-14 1.0799639442e+01 0.0000000000e+00 0.0000000000e+00 0.0000000000e+00 2.9346877074e-01
477.66701764 1.0565386804e+01 4.1791747601e-14 0.0000000000e+00 4.1791747601e-14 1.0565386804e+01 0.0000000000e+00 0.0000000000e+00 0.0000000000e+00 2.9259680888e-01
477.90383818 1.0338609429e+01 4.0909388247e-14 0.0000000000e+00 4.0909388247e-14 1.0338609429e+01 0.0000000000e+00 0.0000000000e+00 0.0000000000e+00 2.9172861940e-01
478.14065871 1.0118996317e+01 4.0027028893e-14 0.0000000000e+00 4.0027028893e-14 1.0118996317e+01 0.0000000000e+00 0.0000000000e+00 0.0000000000e+00 2.9086418069e-01
478.37747925 9.9062522728e+00 3.9224884025e-14 0.0000000000e+00 3.9224884025e-14 9.9062522728e+00 0.0000000000e+00 0.0000000000e+00 0.0000000000e+00 2.9000347132e-01
478.61429978 9.7000969707e+00 3.8422739158e-14 0.0000000000e+00 3.8422739158e-14 9.7000969707e+00 0.0000000000e+00 0.0000000000e+00 0.0000000000e+00 2.8914646998e-01
478.85112032 9.5002640721e+00 3.7620594290e-14 0.0000000000e+00 3.7620594290e-14 9.5002640721e+00 0.0000000000e+00 0.0000000000e+00 0.0000000000e+00 2.8829315554e-01
479.08794085 9.3065004076e+00 3.6898663909e-14 0.0000000000e+00 3.6898663909e-14 9.3065004076e+00 0.0000000000e+00 0.0000000000e+00 0.0000000000e+00 2.8744350699e-01
479.32476138 9.1185652128e+00 3.6096519042e-14 0.0000000000e+00 3.6096519042e-14 9.1185652128e+00 0.0000000000e+00 0.0000000000e+00 0.0000000000e+00 2.8659750351e-01
479.56158192 8.9362294142e+00 3.5454803147e-14 0.0000000000e+00 3.5454803147e-14 8.9362294142e+00 0.0000000000e+00 0.0000000000e+00 0.0000000000e+00 2.8575512438e-01
479.79840245 8.7592749626e+00 3.4652658280e-14 0.0000000000e+00 3.4652658280e-14 8.7592749626e+00 0.0000000000e+00 0.0000000000e+00 0.0000000000e+00 2.8491634907e-01
480.03522299 8.5874942093e+00 3.4010942386e-14 0.0000000000e+00 3.4010942386e-14 8.5874942093e+00 0.0000000000e+00 0.0000000000e+00 0.0000000000e+00 2.8408115716e-01
480.27204352 8.4206893231e+00 3.3369226492e-14 0.0000000000e+00 3.3369226492e-14 8.4206893231e+00 0.0000000000e+00 0.0000000000e+00 0.0000000000e+00 2.8324952840e-01
480.50886406 8.2586717444e+00 3.2727510598e-14 0.0000000000e+00 3.2727510598e-14 8.2586717444e+00 0.0000000000e+00 0.0000000000e+00 0.0000000000e+00 2.8242144268e-01
480.74568459 8.1012616741e+00 3.2085794704e-14 0.0000000000e+00 3.2085794704e-14 8.1012616741e+00 0.0000000000e+00 0.0000000000e+00 0.0000000000e+00 2.8159688000e-01
480.98250512 7.9482875945e+00 3.1444078810e-14 0.0000000000e+00 3.1444078810e-14 7.9482875945e+00 0.0000000000e+00 0.0000000000e+00 0.0000000000e+00 2.8077582055e-01
481.21932566 7.7995858204e+00 3.0882577402e-14 0.0000000000e+00 3.0882577402e-14 7.7995858204e+00 0.0000000000e+00 0.0000000000e+00 0.0000000000e+00 2.7995824462e-01
481.45614619 7.6550000780e+00 3.0321075995e-14 0.0000000000e+00 3.0321075995e-14 7.6550000780e+00 0.0000000000e+00 0.0000000000e+00 0.0000000000e+00 2.7914413265e-01
481.69296673 7.5143811096e+00 2.9759574588e-14 0.0000000000e+00 2.9759574588e-14 7.5143811096e+00 0.0000000000e+00 0.0000000000e+00 0.0000000000e+00 2.7833346523e-01
481.92978726 7.3775863025e+00 2.9198073180e-14 0.0000000000e+00 2.9198073180e-14 7.3775863025e+00 0.0000000000e+00 0.0000000000e+00 0.0000000000e+00 2.7752622306e-01
482.16660780 7.2444793405e+00 2.8716786260e-14 0.0000000000e+00 2.8716786260e-14 7.2444793405e+00 0.0000000000e+00 0.0000000000e+00 0.0000000000e+00 2.7672238700e-01
482.40342833 7.1149298759e+00 2.8155284852e-14 0.0000000000e+00 2.8155284852e-14 7.1149298759e+00 0.0000000000e+00 0.0000000000e+00 0.0000000000e+00 2.7592193803e-01
482.64024886 6.9888132217e+00 2.7673997932e-14 0.0000000000e+00 2.7673997932e-14 6.9888132217e+00 0.0000000000e+00 0.0000000000e+00 0.0000000000e+00 2.7512485726e-01
482.87706940 6.8660100616e+00 2.7192711011e-14 0.0000000000e+00 2.7192711011e-14 6.8660100616e+00 0.0000000000e+00 0.0000000000e+00 0.0000000000e+00 2.7433112594e-01
483.11388993 6.7464061769e+00 2.6711424091e-14 0.0000000000e+00 2.6711424091e-14 6.7464061769e+00 0.0000000000e+00 0.0000000000e+00 0.0000000000e+00 2.7354072545e-01
483.35071047 6.6298921900e+00 2.6230137170e-14 0.0000000000e+00 2.6230137170e-14 6.6298921900e+00 0.0000000000e+00 0.0000000000e+00 0.0000000000e+00 2.7275363729e-01
483.58753100 6.5163633216e+00 2.5829064736e-14 0.0000000000e+00 2.5829064736e-14 6.5163633216e+00 0.0000000000e+00 0.0000000000e+00 0.0000000000e+00 2.7196984310e-01
483.82435154 6.4057191630e+00 2.5347777816e-14 0.0000000000e+00 2.5347777816e-14 6.4057191630e+00 0.0000000000e+00 0.0000000000e+00 0.0000000000e+00 2.7118932463e-01
484.06117207 6.2978634607e+00 2.5026919869e-14 0.0000000000e+00 2.5026919869e-14 6.2978634607e+00 0.0000000000e+00 0.0000000000e+00 0.0000000000e+00 2.7041206377e-01
484.29799260 6.1927039133e+00 2.4545632948e-14 0.0000000000e+00 2.4545632948e-14 6.1927039133e+00 0.0000000000e+00 0.0000000000e+00 0.0000000000e+00 2.6963804253e-01
484.53481314 6.0901519799e+00 2.4144560514e-14 0.0000000000e+00 2.4144560514e-14 6.0901519799e+00 0.0000000000e+00 0.0000000000e+00 0.0000000000e+00 2.6886724305e-01
484.77163367 5.9901226987e+00 2.3743488081e-14 0.0000000000e+00 2.3743488081e-14 5.9901226987e+00 0.0000000000e+00 0.0000000000e+00 0.0000000000e+00 2.6809964758e-01
485.00845421 5.8925345168e+00 2.3342415647e-14 0.0000000000e+00 2.3342415647e-14 5.8925345168e+00 0.0000000000e+00 0.0000000000e+00 0.0000000000e+00 2.6733523851e-01
485.24527474 5.7973091278e+00 2.3021557700e-14 0.0000000000e+00 2.3021557700e-14 5.7973091278e+00 0.0000000000e+00 0.0000000000e+00 0.0000000000e+00 2.6657399832e-01
485.48209528 5.7043713194e+00 2.2620485266e-14 0.0000000000e+00 2.2620485266e-14 5.7043713194e+00 0.0000000000e+00 0.0000000000e+00 0.0000000000e+00 2.6581590966e-01
485.71891581 5.6136488288e+00 2.2299627319e-14 0.0000000000e+00 2.2299627319e-14 5.6136488288e+00 0.0000000000e+00 0.0000000000e+00 0.0000000000e+00 2.6506095524e-01
485.95573634 5.5250722059e+00 2.1898554885e-14 0.0000000000e+00 2.1898554885e-14 5.5250722059e+00 0.0000000000e+00 0.0000000000e+00 0.0000000000e+00 2.6430911794e-01
486.19255688 5.4385746837e+00 2.1577696938e-14 0.0000000000e+00 2.1577696938e-14 5.4385746837e+00 0.0000000000e+00 0.0000000000e+00 0.0000000000e+00 2.6356038071e-01
486.42937741 5.3540920559e+00 2.1176624504e-14 0.0000000000e+00 2.1176624504e-14 5.3540920559e+00 0.0000000000e+00 0.0000000000e+00 0.0000000000e+00 2.6281472666e-01
486.66619795 5.2715625604e+00 2.0855766557e-14 0.0000000000e+00 2.0855766557e-14 5.2715625604e+00 0.0000000000e+00 0.0000000000e+00 0.0000000000e+00 2.6207213898e-01
486.90301848 5.1909267695e+00 2.0534908610e-14 0.0000000000e+00 2.0534908610e-14 5.1909267695e+00 0.0000000000e+00 0.0000000000e+00 0.0000000000e+00 2.6133260100e-01
487.13983902 5.1121274852e+00 2.0254157907e-14 0.0000000000e+00 2.0254157907e-14 5.1121274852e+00 0.0000000000e+00 0.0000000000e+00 0.0000000000e+00 2.6059609614e-01
487.37665955 5.0351096404e+00 1.9933299960e-14 0.0000000000e+00 1.9933299960e-14 5.0351096404e+00 0.0000000000e+00 0.0000000000e+00 0.0000000000e+00 2.5986260795e-01
487.61348008 4.9598202048e+00 1.9652549256e-14 0.0000000000e+00 1.9652549256e-14 4.9598202048e+00 0.0000000000e+00 0.0000000000e+00 0.0000000000e+00 2.5913212009e-01
487.85030062 4.8862080955e+00 1.9371798552e-14 0.0000000000e+00 1.9371798552e-14 4.8862080955e+00 0.0000000000e+00 0.0000000000e+00 0.0000000000e+00 2.5840461632e-01
488.08712115 4.8142240928e+00 1.9050940605e-14 0.0000000000e+00 1.9050940605e-14 4.8142240928e+00 0.0000000000e+00 0.0000000000e+00 0.0000000000e+00 2.5768008051e-01
488.32394169 4.7438207591e+00 1.8770189902e-14 0.0000000000e+00 1.8770189902e-14 4.7438207591e+00 0.0000000000e+00 0.0000000000e+00 0.0000000000e+00 2.5695849665e-01
488.56076222 4.6749523630e+00 1.8489439198e-14 0.0000000000e+00 1.8489439198e-14 4.6749523630e+00 0.0000000000e+00 0.0000000000e+00 0.0000000000e+00 2.5623984882e-01
488.79758276 4.6075748063e+00 1.8208688494e-14 0.0000000000e+00 1.8208688494e-14 4.6075748063e+00 0.0000000000e+00 0.0000000000e+00 0.0000000000e+00 2.5552412124e-01
489.03440329 4.5416455549e+00 1.8008152277e-14 0.0000000000e+00 1.8008152277e-14 4.5416455549e+00 0.0000000000e+00 0.0000000000e+00 0.0000000000e+00 2.5481129819e-01
489.27122382 4.4771235731e+00 1.7727401574e-14 0.0000000000e+00 1.7727401574e-14 4.4771235731e+00 0.0000000000e+00 0.0000000000e+00 0.0000000000e+00 2.5410136410e-01
489.50804436 4.4139692609e+00 1.7486758113e-14 0.0000000000e+00 1.7486758113e-14 4.4139692609e+00 0.0000000000e+00 0.0000000000e+00 0.0000000000e+00 2.5339430347e-01
489.74486489 4.3521443948e+00 1.7246114653e-14 0.0000000000e+00 1.7246114653e-14 4.3521443948e+00 0.0000000000e+00 0.0000000000e+00 0.0000000000e+00 2.5269010092e-01
489.98168543 4.2916120708e+00 1.6965363950e-14 0.0000000000e+00 1.6965363950e-14 4.2916120708e+00 0.0000000000e+00 0.0000000000e+00 0.0000000000e+00 2.5198874117e-01
490.21850596 4.2323366503e+00 1.6764827733e-14 0.0000000000e+00 1.6764827733e-14 4.2323366503e+00 0.0000000000e+00 0.0000000000e+00 0.0000000000e+00 2.5129020904e-01
490.45532650 4.1742837089e+00 1.6564291516e-14 0.0000000000e+00 1.6564291516e-14 4.1742837089e+00 0.0000000000e+00 0.0000000000e+00 0.0000000000e+00 2.5059448946e-01
490.69214703 4.1174199873e+00 1.6323648055e-14 0.0000000000e+00 1.6323648055e-14 4.1174199873e+00 0.0000000000e+00 0.0000000000e+00 0.0000000000e+00 2.4990156744e-01
490.92896756 4.0617133442e+00 1.6083004595e-14 0.0000000000e+00 1.6083004595e-14 4.0617133442e+00 0.0000000000e+00 0.0000000000e+00 0.0000000000e+00 2.4921142811e-01
491.16578810 4.0071327122e+00 1.5882468378e-14 0.0000000000e+00 1.5882468378e-14 4.0071327122e+00 0.0000000000e+00 0.0000000000e+00 0.0000000000e+00 2.4852405669e-01
491.40260863 3.9536480550e+00 1.5641824918e-14 0.0000000000e+00 1.5641824918e-14 3.9536480550e+00 0.0000000000e+00 0.0000000000e+00 0.0000000000e+00 2.4783943850e-01
491.63942917 3.9012303265e+00 1.5441288701e-14 0.0000000000e+00 1.5441288701e-14 3.9012303265e+00 0.0000000000e+00 0.0000000000e+00 0.0000000000e+00 2.4715755895e-01
491.87624970 3.8498514326e+00 1.5240752484e-14 0.0000000000e+00 1.5240752484e-14 3.8498514326e+00 0.0000000000e+00 0.0000000000e+00 0.0000000000e+00 2.4647840355e-01
492.11307024 3.7994841940e+00 1.5040216267e-14 0.0000000000e+00 1.5040216267e-14 3.7994841940e+00 0.0000000000e+00 0.0000000000e+00 0.0000000000e+00 2.4580195792e-01
492.34989077 3.7501023105e+00 1.4879787294e-14 0.0000000000e+00 1.4879787294e-14 3.7501023105e+00 0.0000000000e+00 0.0000000000e+00 0.0000000000e+00 2.4512820775e-01
492.58671130 3.7016803278e+00 1.4639143834e-14 0.0000000000e+00 1.4639143834e-14 3.7016803278e+00 0.0000000000e+00 0.0000000000e+00 0.0000000000e+00 2.4445713884e-01
492.82353184 3.6541936045e+00 1.4478714860e-14 0.0000000000e+00 1.4478714860e-14 3.6541936045e+00 0.0000000000e+00 0.0000000000e+00 0.0000000000e+00 2.4378873709e-01
493.06035237 3.6076182821e+00 1.4278178643e-14 0.0000000000e+00 1.4278178643e-14 3.6076182821e+00 0.0000000000e+00 0.0000000000e+00 0.0000000000e+00 2.4312298846e-01
493.29717291 3.5619312548e+00 1.4077642426e-14 0.0000000000e+00 1.4077642426e-14 3.5619312548e+00 0.0000000000e+00 0.0000000000e+00 0.0000000000e+00 2.4245987904e-01
493.53399344 3.5171101417e+00 1.3917213453e-14 0.0000000000e+00 1.3917213453e-14 3.5171101417e+00 0.0000000000e+00 0.0000000000e+00 0.0000000000e+00 2.4179939499e-01
493.77081398 3.4731332595e+00 1.3756784479e-14 0.0000000000e+00 1.3756784479e-14 3.4731332595e+00 0.0000000000e+00 0.0000000000e+00 0.0000000000e+00 2.4114152256e-01
494.00763451 3.4299795970e+00 1.3596355506e-14 0.0000000000e+00 1.3596355506e-14 3.4299795970e+00 0.0000000000e+00 0.0000000000e+00 0.0000000000e+00 2.4048624811e-01
494.24445504 3.3876287899e+00 1.3395819289e-14 0.0000000000e+00 1.3395819289e-14 3.3876287899e+00 0.0000000000e+00 0.0000000000e+00 0.0000000000e+00 2.3983355806e-01
494.48127558 3.3460610976e+00 1.3275497559e-14 0.0000000000e+00 1.3275497559e-14 3.3460610976e+00 0.0000000000e+00 0.0000000000e+00 0.0000000000e+00 2.3918343893e-01
494.71809611 3.3052573803e+00 1.3115068585e-14 0.0000000000e+00 1.3115068585e-14 3.3052573803e+00 0.0000000000e+00 0.0000000000e+00 0.0000000000e+00 2.3853587734e-01
494.95491665 3.2651990772e+00 1.2954639612e-14 0.0000000000e+00 1.2954639612e-14 3.2651990772e+00 0.0000000000e+00 0.0000000000e+00 0.0000000000e+00 2.3789085999e-01
495.19173718 3.2258681858e+00 1.2794210638e-14 0.0000000000e+00 1.2794210638e-14 3.2258681858e+00 0.0000000000e+00 0.0000000000e+00 0.0000000000e+00 2.3724837365e-01
495.42855772 3.1872472420e+00 1.2633781665e-14 0.0000000000e+00 1.2633781665e-14 3.1872472420e+00 0.0000000000e+00 0.0000000000e+00 0.0000000000e+00 2.3660840520e-01
495.66537825 3.1493193008e+00 1.2513459934e-14 0.0000000000e+00 1.2513459934e-14 3.1493193008e+00 0.0000000000e+00 0.0000000000e+00 0.0000000000e+00 2.3597094158e-01
495.90219878 3.1120679179e+00 1.2353030961e-14 0.0000000000e+00 1.2353030961e-14 3.1120679179e+00 0.0000000000e+00 0.0000000000e+00 0.0000000000e+00 2.3533596984e-01
496.13901932 3.0754771325e+00 1.2192601987e-14 0.0000000000e+00 1.2192601987e-14 3.0754771325e+00 0.0000000000e+00 0.0000000000e+00 0.0000000000e+00 2.3470347709e-01
496.37583985 3.0395314500e+00 1.2032173014e-14 0.0000000000e+00 1.2032173014e-14 3.0395314500e+00 0.0000000000e+00 0.0000000000e+00 0.0000000000e+00 2.3407345055e-01
496.61266039 3.0042158261e+00 1.1911851284e-14 0.0000000000e+00 1.1911851284e-14 3.0042158261e+00 0.0000000000e+00 0.0000000000e+00 0.0000000000e+00 2.3344587749e-01
496.84948092 2.9695156508e+00 1.1751422310e-14 0.0000000000e+00 1.1751422310e-14 2.9695156508e+00 0.0000000000e+00 0.0000000000e+00 0.0000000000e+00 2.3282074529e-01
497.08630146 2.9354167342e+00 1.1631100580e-14 0.0000000000e+00 1.1631100580e-14 2.9354167342e+00 0.0000000000e+00 0.0000000000e+00 0.0000000000e+00 2.3219804140e-01
497.32312199 2.9019052914e+00 1.1510778850e-14 0.0000000000e+00 1.1510778850e-14 2.9019052914e+00 0.0000000000e+00 0.0000000000e+00 0.0000000000e+00 2.3157775334e-01
497.55994252 2.8689679292e+00 1.1350349876e-14 0.0000000000e+00 1.1350349876e-14 2.8689679292e+00 0.0000000000e+00 0.0000000000e+00 0.0000000000e+00 2.3095986872e-01
497.79676306 2.8365916329e+00 1.1270135390e-14 0.0000000000e+00 1.1270135390e-14 2.8365916329e+00 0.0000000000e+00 0.0000000000e+00 0.0000000000e+00 2.3034437524e-01
498.03358359 2.8047637531e+00 1.1109706416e-14 0.0000000000e+00 1.1109706416e-14 2.8047637531e+00 0.0000000000e+00 0.0000000000e+00 0.0000000000e+00 2.2973126065e-01
498.27040413 2.7734719941e+00 1.0989384686e-14 0.0000000000e+00 1.0989384686e-14 2.7734719941e+00 0.0000000000e+00 0.0000000000e+00 0.0000000000e+00 2.2912051282e-01
498.50722466 2.7427044017e+00 1.0909170199e-14 0.0000000000e+00 1.0909170199e-14 2.7427044017e+00 0.0000000000e+00 0.0000000000e+00 0.0000000000e+00 2.2851211965e-01
498.74404520 2.7124493522e+00 1.0728687604e-14 0.0000000000e+00 1.0728687604e-14 2.7124493522e+00 0.0000000000e+00 0.0000000000e+00 0.0000000000e+00 2.2790606914e-01
498.98086573 2.6826955413e+00 1.0608365874e-14 0.0000000000e+00 1.0608365874e-14 2.6826955413e+00 0.0000000000e+00 0.0000000000e+00 0.0000000000e+00 2.2730234938e-01
499.21768626 2.6534319739e+00 1.0488044144e-14 0.0000000000e+00 1.0488044144e-14 2.6534319739e+00 0.0000000000e+00 0.0000000000e+00 0.0000000000e+00 2.2670094852e-01
499.45450680 2.6246479537e+00 1.0407829657e-14 0.0000000000e+00 1.0407829657e-14 2.6246479537e+00 0.0000000000e+00 0.0000000000e+00 0.0000000000e+00 2.2610185477e-01
499.69132733 2.5963330740e+00 1.0287507927e-14 0.0000000000e+00 1.0287507927e-14 2.5963330740e+00 0.0000000000e+00 0.0000000000e+00 0.0000000000e+00 2.2550505645e-01
499.92814787 2.5684772078e+00 1.0167186197e-14 0.0000000000e+00 1.0167186197e-14 2.5684772078e+00 0.0000000000e+00 0.0000000000e+00 0.0000000000e+00 2.2491054192e-01
500.16496840 2.5410704995e+00 1.0066918088e-14 0.0000000000e+00 1.0066918088e-14 2.5410704995e+00 0.0000000000e+00 0.0000000000e+00 0.0000000000e+00 2.2431829964e-01
500.40178894 2.5141033556e+00 9.9666499798e-15 0.0000000000e+00 9.9666499798e-15 2.5141033556e+00 0.0000000000e+00 0.0000000000e+00 0.0000000000e+00 2.2372831812e-01
500.63860947 2.4875664369e+00 9.8663818713e-15 0.0000000000e+00 9.8663818713e-15 2.4875664369e+00 0.0000000000e+00 0.0000000000e+00 0.0000000000e+00 2.2314058596e-01
500.87543000 2.4614506502e+00 9.7460601412e-15 0.0000000000e+00 9.7460601412e-15 2.4614506502e+00 0.0000000000e+00 0.0000000000e+00 0.0000000000e+00 2.2255509183e-01
501.11225054 2.4357471408e+00 9.6457920328e-15 0.0000000000e+00 9.6457920328e-15 2.4357471408e+00 0.0000000000e+00 0.0000000000e+00 0.0000000000e+00 2.2197182445e-01
501.34907107 2.4104472847e+00 9.5455239243e-15 0.0000000000e+00 9.5455239243e-15 2.4104472847e+00 0.0000000000e+00 0.0000000000e+00 0.0000000000e+00 2.2139077265e-01
501.58589161 2.3855426818e+00 9.4452558159e-15 0.0000000000e+00 9.4452558159e-15 2.3855426818e+00 0.0000000000e+00 0.0000000000e+00 0.0000000000e+00 2.2081192528e-01
501.82271214 2.3610251489e+00 9.3449877074e-15 0.0000000000e+00 9.3449877074e-15 2.3610251489e+00 0.0000000000e+00 0.0000000000e+00 0.0000000000e+00 2.2023527131e-01
502.05953268 2.3368867128e+00 9.2647732207e-15 0.0000000000e+00 9.2647732207e-15 2.3368867128e+00 0.0000000000e+00 0.0000000000e+00 0.0000000000e+00 2.1966079974e-01
502.29635321 2.3131196044e+00 9.1645051122e-15 0.0000000000e+00 9.1645051122e-15 2.3131196044e+00 0.0000000000e+00 0.0000000000e+00 0.0000000000e+00 2.1908849966e-01
502.53317374 2.2897162517e+00 9.0842906254e-15 0.0000000000e+00 9.0842906254e-15 2.2897162517e+00 0.0000000000e+00 0.0000000000e+00 0.0000000000e+00 2.1851836022e-01
502.76999428 2.2666692746e+00 8.9840225170e-15 0.0000000000e+00 8.9840225170e-15 2.2666692746e+00 0.0000000000e+00 0.0000000000e+00 0.0000000000e+00 2.1795037064e-01
503.00681481 2.2439714788e+00 8.8837544086e-15 0.0000000000e+00 8.8837544086e-15 2.2439714788e+00 0.0000000000e+00 0.0000000000e+00 0.0000000000e+00 2.1738452022e-01
503.24363535 2.2216158500e+00 8.8035399218e-15 0.0000000000e+00 8.8035399218e-15 2.2216158500e+00 0.0000000000e+00 0.0000000000e+00 0.0000000000e+00 2.1682079829e-01
503.48045588 2.1995955489e+00 8.7233254350e-15 0.0000000000e+00 8.7233254350e-15 2.1995955489e+00 0.0000000000e+00 0.0000000000e+00 0.0000000000e+00 2.1625919428e-01
503.71727642 2.1779039058e+00 8.6431109483e-15 0.0000000000e+00 8.6431109483e-15 2.1779039058e+00 0.0000000000e+00 0.0000000000e+00 0.0000000000e+00 2.1569969768e-01
503.95409695 2.1565344158e+00 8.5428428398e-15 0.0000000000e+00 8.5428428398e-15 2.1565344158e+00 0.0000000000e+00 0.0000000000e+00 0.0000000000e+00 2.1514229804e-01
504.19091748 2.1354807337e+00 8.4626283531e-15 0.0000000000e+00 8.4626283531e-15 2.1354807337e+00 0.0000000000e+00 0.0000000000e+00 0.0000000000e+00 2.1458698496e-01
504.42773802 2.1147366693e+00 8.3824138663e-15 0.0000000000e+00 8.3824138663e-15 2.1147366693e+00 0.0000000000e+00 0.0000000000e+00 0.0000000000e+00 2.1403374813e-01
504.66455855 2.0942961832e+00 8.3021993795e-15 0.0000000000e+00 8.3021993795e-15 2.0942961832e+00 0.0000000000e+00 0.0000000000e+00 0.0000000000e+00 2.1348257729e-01
504.90137909 2.0741533822e+00 8.2219848928e-15 0.0000000000e+00 8.2219848928e-15 2.0741533822e+00 0.0000000000e+00 0.0000000000e+00 0.0000000000e+00 2.1293346225e-01
505.13819962 2.0543025151e+00 8.1417704060e-15 0.0000000000e+00 8.1417704060e-15 2.0543025151e+00 0.0000000000e+00 0.0000000000e+00 0.0000000000e+00 2.1238639287e-01
505.37502016 2.0347379686e+00 8.0615559193e-15 0.0000000000e+00 8.0615559193e-15 2.0347379686e+00 0.0000000000e+00 0.0000000000e+00 0.0000000000e+00 2.1184135909e-01
505.61184069 2.0154542635e+00 7.9813414325e-15 0.0000000000e+00 7.9813414325e-15 2.0154542635e+00 0.0000000000e+00 0.0000000000e+00 0.0000000000e+00 2.1129835089e-01
505.84866122 1.9964460508e+00 7.9211805674e-15 0.0000000000e+00 7.9211805674e-15 1.9964460508e+00 0.0000000000e+00 0.0000000000e+00 0.0000000000e+00 2.1075735832e-01
506.08548176 1.9777081077e+00 7.8409660807e-15 0.0000000000e+00 7.8409660807e-15 1.9777081077e+00 0.0000000000e+00 0.0000000000e+00 0.0000000000e+00 2.1021837152e-01
506.32230229 1.9592353349e+00 7.7808052156e-15 0.0000000000e+00 7.7808052156e-15 1.9592353349e+00 0.0000000000e+00 0.0000000000e+00 0.0000000000e+00 2.0968138064e-01
506.55912283 1.9410227520e+00 7.7005907289e-15 0.0000000000e+00 7.7005907289e-15 1.9410227520e+00 0.0000000000e+00 0.0000000000e+00 0.0000000000e+00 2.0914637592e-01
506.79594336 1.9230654953e+00 7.6203762421e-15 0.0000000000e+00 7.6203762421e-15 1.9230654953e+00 0.0000000000e+00 0.0000000000e+00 0.0000000000e+00 2.0861334766e-01
507.03276390 1.9053588135e+00 7.5602153770e-15 0.0000000000e+00 7.5602153770e-15 1.9053588135e+00 0.0000000000e+00 0.0000000000e+00 0.0000000000e+00 2.0808228620e-01
507.26958443 1.8878980656e+00 7.4800008903e-15 0.0000000000e+00 7.4800008903e-15 1.8878980656e+00 0.0000000000e+00 0.0000000000e+00 0.0000000000e+00 2.0755318197e-01
507.50640496 1.8706787169e+00 7.4198400252e-15 0.0000000000e+00 7.4198400252e-15 1.8706787169e+00 0.0000000000e+00 0.0000000000e+00 0.0000000000e+00 2.0702602543e-01
507.74322550 1.8536963370e+00 7.3596791601e-15 0.0000000000e+00 7.3596791601e-15 1.8536963370e+00 0.0000000000e+00 0.0000000000e+00 0.0000000000e+00 2.0650080711e-01
507.98004603 1.8369465961e+00 7.2995182951e-15 0.0000000000e+00 7.2995182951e-15 1.8369465961e+00 0.0000000000e+00 0.0000000000e+00 0.0000000000e+00 2.0597751759e-01
508.21686657 1.8204252629e+00 7.2193038083e-15 0.0000000000e+00 7.2193038083e-15 1.8204252629e+00 0.0000000000e+00 0.0000000000e+00 0.0000000000e+00 2.0545614752e-01
508.45368710 1.8041282018e+00 7.1591429432e-15 0.0000000000e+00 7.1591429432e-15 1.8041282018e+00 0.0000000000e+00 0.0000000000e+00 0.0000000000e+00 2.0493668759e-01
508.69050764 1.7880513699e+00 7.0789284565e-15 0.0000000000e+00 7.0789284565e-15 1.7880513699e+00 0.0000000000e+00 0.0000000000e+00 0.0000000000e+00 2.0441912857e-01
508.92732817 1.7721908152e+00 7.0187675914e-15 0.0000000000e+00 7.0187675914e-15 1.7721908152e+00 0.0000000000e+00 0.0000000000e+00 0.0000000000e+00 2.0390346125e-01
509.16414870 1.7565426735e+00 6.9586067263e-15 0.0000000000e+00 6.9586067263e-15 1.7565426735e+00 0.0000000000e+00 0.0000000000e+00 0.0000000000e+00 2.0338967652e-01
509.40096924 1.7411031667e+00 6.8984458613e-15 0.0000000000e+00 6.8984458613e-15 1.7411031667e+00 0.0000000000e+00 0.0000000000e+00 0.0000000000e+00 2.0287776528e-01
509.63778977 1.7258685999e+00 6.8382849962e-15 0.0000000000e+00 6.8382849962e-15 1.7258685999e+00 0.0000000000e+00 0.0000000000e+00 0.0000000000e+00 2.0236771851e-01
509.87461031 1.7108353596e+00 6.7781241311e-15 0.0000000000e+00 6.7781241311e-15 1.7108353596e+00 0.0000000000e+00 0.0000000000e+00 0.0000000000e+00 2.0185952725e-01
510.11143084 1.6959999117e+00 6.7380168878e-15 0.0000000000e+00 6.7380168878e-15 1.6959999117e+00 0.0000000000e+00 0.0000000000e+00 0.0000000000e+00 2.0135318257e-01
510.34825138 1.6813587988e+00 6.6778560227e-15 0.0000000000e+00 6.6778560227e-15 1.6813587988e+00 0.0000000000e+00 0.0000000000e+00 0.0000000000e+00 2.0084867562e-01
510.58507191 1.6669086390e+00 6.6176951576e-15 0.0000000000e+00 6.6176951576e-15 1.6669086390e+00 0.0000000000e+00 0.0000000000e+00 0.0000000000e+00 2.0034599759e-01
510.82189244 1.6526461232e+00 6.5575342925e-15 0.0000000000e+00 6.5575342925e-15 1.6526461232e+00 0.0000000000e+00 0.0000000000e+00 0.0000000000e+00 1.9984513971e-01
511.05871298 1.6385680139e+00 6.4973734275e-15 0.0000000000e+00 6.4973734275e-15 1.6385680139e+00 0.0000000000e+00 0.0000000000e+00 0.0000000000e+00 1.9934609328e-01
511.29553351 1.6246711427e+00 6.4572661841e-15 0.0000000000e+00 6.4572661841e-15 1.6246711427e+00 0.0000000000e+00 0.0000000000e+00 0.0000000000e+00 1.9884884965e-01
511.53235405 1.6109524090e+00 6.3971053190e-15 0.0000000000e+00 6.3971053190e-15 1.6109524090e+00 0.0000000000e+00 0.0000000000e+00 0.0000000000e+00 1.9835340021e-01
511.76917458 1.5974087783e+00 6.3369444540e-15 0.0000000000e+00 6.3369444540e-15 1.5974087783e+00 0.0000000000e+00 0.0000000000e+00 0.0000000000e+00 1.9785973642e-01
512.00599512 1.5840372801e+00 6.2968372106e-15 0.0000000000e+00 6.2968372106e-15 1.5840372801e+00 0.0000000000e+00 0.0000000000e+00 0.0000000000e+00 1.9736784978e-01
512.24281565 1.5708350067e+00 6.2366763455e-15 0.0000000000e+00 6.2366763455e-15 1.5708350067e+00 0.0000000000e+00 0.0000000000e+00 0.0000000000e+00 1.9687773183e-01
512.47963618 1.5577991114e+00 6.1965691021e-15 0.0000000000e+00 6.1965691021e-15 1.5577991114e+00 0.0000000000e+00 0.0000000000e+00 0.0000000000e+00 1.9638937418e-01
512.71645672 1.5449268070e+00 6.1364082371e-15 0.0000000000e+00 6.1364082371e-15 1.5449268070e+00 0.0000000000e+00 0.0000000000e+00 0.0000000000e+00 1.9590276847e-01
512.95327725 1.5322153644e+00 6.0762473720e-15 0.0000000000e+00 6.0762473720e-15 1.5322153644e+00 0.0000000000e+00 0.0000000000e+00 0.0000000000e+00 1.9541790641e-01
513.19009779 1.5196621112e+00 6.0361401286e-15 0.0000000000e+00 6.0361401286e-15 1.5196621112e+00 0.0000000000e+00 0.0000000000e+00 0.0000000000e+00 1.9493477975e-01
513.42691832 1.5072644300e+00 5.9960328852e-15 0.0000000000e+00 5.9960328852e-15 1.5072644300e+00 0.0000000000e+00 0.0000000000e+00 0.0000000000e+00 1.9445338027e-01
513.66373886 1.4950197574e+00 5.9559256419e-15 0.0000000000e+00 5.9559256419e-15 1.4950197574e+00 0.0000000000e+00 0.0000000000e+00 0.0000000000e+00 1.9397369984e-01
513.90055939 1.4829255824e+00 5.8957647768e-15 0.0000000000e+00 5.8957647768e-15 1.4829255824e+00 0.0000000000e+00 0.0000000000e+00 0.0000000000e+00 1.9349573033e-01
514.13737992 1.4709794454e+00 5.8356039117e-15 0.0000000000e+00 5.8356039117e-15 1.4709794454e+00 0.0000000000e+00 0.0000000000e+00 0.0000000000e+00 1.9301946370e-01
514.37420046 1.4591789367e+00 5.7954966683e-15 0.0000000000e+00 5.7954966683e-15 1.4591789367e+00 0.0000000000e+00 0.0000000000e+00 0.0000000000e+00 1.9254489193e-01
514.61102099 1.4475216952e+00 5.7553894250e-15 0.0000000000e+00 5.7553894250e-15 1.4475216952e+00 0.0000000000e+00 0.0000000000e+00 0.0000000000e+00 1.9207200705e-01
514.84784153 1.4360054077e+00 5.6952285599e-15 0.0000000000e+00 5.6952285599e-15 1.4360054077e+00 0.0000000000e+00 0.0000000000e+00 0.0000000000e+00 1.9160080116e-01
515.08466206 1.4246278074e+00 5.6751749382e-15 0.0000000000e+00 5.6751749382e-15 1.4246278074e+00 0.0000000000e+00 0.0000000000e+00 0.0000000000e+00 1.9113126637e-01
515.32148260 1.4133866726e+00 5.6150140731e-15 0.0000000000e+00 5.6150140731e-15 1.4133866726e+00 0.0000000000e+00 0.0000000000e+00 0.0000000000e+00 1.9066339485e-01
515.55830313 1.4022798262e+00 5.5749068297e-15 0.0000000000e+00 5.5749068297e-15 1.4022798262e+00 0.0000000000e+00 0.0000000000e+00 0.0000000000e+00 1.9019717884e-01
515.79512366 1.3913051340e+00 5.5147459647e-15 0.0000000000e+00 5.5147459647e-15 1.3913051340e+00 0.0000000000e+00 0.0000000000e+00 0.0000000000e+00 1.8973261060e-01
516.03194420 1.3804605042e+00 5.4946923430e-15 0.0000000000e+00 5.4946923430e-15 1.3804605042e+00 0.0000000000e+00 0.0000000000e+00 0.0000000000e+00 1.8926968243e-01
516.26876473 1.3697438861e+00 5.4345314779e-15 0.0000000000e+00 5.4345314779e-15 1.3697438861e+00 0.0000000000e+00 0.0000000000e+00 0.0000000000e+00 1.8880838669e-01
516.50558527 1.3591532692e+00 5.3944242345e-15 0.0000000000e+00 5.3944242345e-15 1.3591532692e+00 0.0000000000e+00 0.0000000000e+00 0.0000000000e+00 1.8834871579e-01
516.74240580 1.3486866822e+00 5.3543169912e-15 0.0000000000e+00 5.3543169912e-15 1.3486866822e+00 0.0000000000e+00 0.0000000000e+00 0.0000000000e+00 1.8789066215e-01
516.97922634 1.3383421925e+00 5.3142097478e-15 0.0000000000e+00 5.3142097478e-15 1.3383421925e+00 0.0000000000e+00 0.0000000000e+00 0.0000000000e+00 1.8743421828e-01
517.21604687 1.3281179045e+00 5.2741025044e-15 0.0000000000e+00 5.2741025044e-15 1.3281179045e+00 0.0000000000e+00 0.0000000000e+00 0.0000000000e+00 1.8697937670e-01
517.45286740 1.3180119597e+00 5.2339952610e-15 0.0000000000e+00 5.2339952610e-15 1.3180119597e+00 0.0000000000e+00 0.0000000000e+00 0.0000000000e+00 1.8652612999e-01
517.68968794 1.3080225348e+00 5.1938880176e-15 0.0000000000e+00 5.1938880176e-15 1.3080225348e+00 0.0000000000e+00 0.0000000000e+00 0.0000000000e+00 1.8607447075e-01
517.92650847 1.2981478420e+00 5.1638075851e-15 0.0000000000e+00 5.1638075851e-15 1.2981478420e+00 0.0000000000e+00 0.0000000000e+00 0.0000000000e+00 1.8562439166e-01
518.16332901 1.2883861272e+00 5.1136735309e-15 0.0000000000e+00 5.1136735309e-15 1.2883861272e+00 0.0000000000e+00 0.0000000000e+00 0.0000000000e+00 1.8517588542e-01
518.40014954 1.2787356700e+00 5.0835930983e-15 0.0000000000e+00 5.0835930983e-15 1.2787356700e+00 0.0000000000e+00 0.0000000000e+00 0.0000000000e+00 1.8472894476e-01
518.63697008 1.2691947823e+00 5.0434858550e-15 0.0000000000e+00 5.0434858550e-15 1.2691947823e+00 0.0000000000e+00 0.0000000000e+00 0.0000000000e+00 1.8428356247e-01
518.87379061 1.2597618082e+00 5.0033786116e-15 0.0000000000e+00 5.0033786116e-15 1.2597618082e+00 0.0000000000e+00 0.0000000000e+00 0.0000000000e+00 1.8383973139e-01
519.11061114 1.2504351225e+00 4.9632713682e-15 0.0000000000e+00 4.9632713682e-15 1.2504351225e+00 0.0000000000e+00 0.0000000000e+00 0.0000000000e+00 1.8339744437e-01
519.34743168 1.2412131309e+00 4.9331909357e-15 0.0000000000e+00 4.9331909357e-15 1.2412131309e+00 0.0000000000e+00 0.0000000000e+00 0.0000000000e+00 1.8295669433e-01
519.58425221 1.2320942686e+00 4.8930836923e-15 0.0000000000e+00 4.8930836923e-15 1.2320942686e+00 0.0000000000e+00 0.0000000000e+00 0.0000000000e+00 1.8251747421e-01
519.82107275 1.2230770001e+00 4.8529764489e-15 0.0000000000e+00 4.8529764489e-15 1.2230770001e+00 0.0000000000e+00 0.0000000000e+00 0.0000000000e+00 1.8207977701e-01
520.05789328 1.2141598180e+00 4.8228960164e-15 0.0000000000e+00 4.8228960164e-15 1.2141598180e+00 0.0000000000e+00 0.0000000000e+00 0.0000000000e+00 1.8164359575e-01
520.29471382 1.2053412432e+00 4.7827887730e-15 0.0000000000e+00 4.7827887730e-15 1.2053412432e+00 0.0000000000e+00 0.0000000000e+00 0.0000000000e+00 1.8120892351e-01
520.53153435 1.1966198234e+00 4.7527083405e-15 0.0000000000e+00 4.7527083405e-15 1.1966198234e+00 0.0000000000e+00 0.0000000000e+00 0.0000000000e+00 1.8077575339e-01
520.76835488 1.1879941332e+00 4.7226279079e-15 0.0000000000e+00 4.7226279079e-15 1.1879941332e+00 0.0000000000e+00 0.0000000000e+00 0.0000000000e+00 1.8034407854e-01
521.00517542 1.1794627732e+00 4.6925474754e-15 0.0000000000e+00 4.6925474754e-15 1.1794627732e+00 0.0000000000e+00 0.0000000000e+00 0.0000000000e+00 1.7991389215e-01
521.24199595 1.1710243692e+00 4.6424134212e-15 0.0000000000e+00 4.6424134212e-15 1.1710243692e+00 0.0000000000e+00 0.0000000000e+00 0.0000000000e+00 1.7948518744e-01
521.47881649 1.1626775722e+00 4.6123329886e-15 0.0000000000e+00 4.6123329886e-15 1.1626775722e+00 0.0000000000e+00 0.0000000000e+00 0.0000000000e+00 1.7905795769e-01
521.71563702 1.1544210575e+00 4.5722257453e-15 0.0000000000e+00 4.5722257453e-15 1.1544210575e+00 0.0000000000e+00 0.0000000000e+00 0.0000000000e+00 1.7863219618e-01
521.95245756 1.1462535242e+00 4.5421453127e-15 0.0000000000e+00 4.5421453127e-15 1.1462535242e+00 0.0000000000e+00 0.0000000000e+00 0.0000000000e+00 1.7820789626e-01
522.18927809 1.1381736947e+00 4.5220916910e-15 0.0000000000e+00 4.5220916910e-15 1.1381736947e+00 0.0000000000e+00 0.0000000000e+00 0.0000000000e+00 1.7778505131e-01
522.42609862 1.1301803145e+00 4.4819844477e-15 0.0000000000e+00 4.4819844477e-15 1.1301803145e+00 0.0000000000e+00 0.0000000000e+00 0.0000000000e+00 1.7736365474e-01
522.66291916 1.1222721510e+00 4.4519040151e-15 0.0000000000e+00 4.4519040151e-15 1.1222721510e+00 0.0000000000e+00 0.0000000000e+00 0.0000000000e+00 1.7694370001e-01
522.89973969 1.1144479938e+00 4.4218235826e-15 0.0000000000e+00 4.4218235826e-15 1.1144479938e+00 0.0000000000e+00 0.0000000000e+00 0.0000000000e+00 1.7652518060e-01
523.13656023 1.1067066539e+00 4.4017699609e-15 0.0000000000e+00 4.4017699609e-15 1.1067066539e+00 0.0000000000e+00 0.0000000000e+00 0.0000000000e+00 1.7610809004e-01
523.37338076 1.0990469631e+00 4.3616627175e-15 0.0000000000e+00 4.3616627175e-15 1.0990469631e+00 0.0000000000e+00 0.0000000000e+00 0.0000000000e+00 1.7569242190e-01
523.61020130 1.0914677738e+00 4.3315822850e-15 0.0000000000e+00 4.3315822850e-15 1.0914677738e+00 0.0000000000e+00 0.0000000000e+00 0.0000000000e+00 1.7527816976e-01
523.84702183 1.0839679584e+00 4.3015018524e-15 0.0000000000e+00 4.3015018524e-15 1.0839679584e+00 0.0000000000e+00 0.0000000000e+00 0.0000000000e+00 1.7486532727e-01
524.08384236 1.0765464092e+00 4.2714214199e-15 0.0000000000e+00 4.2714214199e-15 1.0765464092e+00 0.0000000000e+00 0.0000000000e+00 0.0000000000e+00 1.7445388810e-01
524.32066290 1.0692020375e+00 4.2413409874e-15 0.0000000000e+00 4.2413409874e-15 1.0692020375e+00 0.0000000000e+00 0.0000000000e+00 0.0000000000e+00 1.7404384594e-01
524.55748343 1.0619337735e+00 4.2212873657e-15 0.0000000000e+00 4.2212873657e-15 1.0619337735e+00 0.0000000000e+00 0.0000000000e+00 0.0000000000e+00 1.7363519455e-01
524.79430397 1.0547405660e+00 4.1912069332e-15 0.0000000000e+00 4.1912069332e-15 1.0547405660e+00 0.0000000000e+00 0.0000000000e+00 0.0000000000e+00 1.7322792769e-01
525.03112450 1.0476213818e+00 4.1611265006e-15 0.0000000000e+00 4.1611265006e-15 1.0476213818e+00 0.0000000000e+00 0.0000000000e+00 0.0000000000e+00 1.7282203917e-01
525.26794504 1.0405752054e+00 4.1310460681e-15 0.0000000000e+00 4.1310460681e-15 1.0405752054e+00 0.0000000000e+00 0.0000000000e+00 0.0000000000e+00 1.7241752284e-01
525.50476557 1.0336010386e+00 4.1109924464e-15 0.0000000000e+00 4.1109924464e-15 1.0336010386e+00 0.0000000000e+00 0.0000000000e+00 0.0000000000e+00 1.7201437259e-01
525.74158610 1.0266979003e+00 4.0809120139e-15 0.0000000000e+00 4.0809120139e-15 1.0266979003e+00 0.0000000000e+00 0.0000000000e+00 0.0000000000e+00 1.7161258231e-01
525.97840664 1.0198648260e+00 4.0508315813e-15 0.0000000000e+00 4.0508315813e-15 1.0198648260e+00 0.0000000000e+00 0.0000000000e+00 0.0000000000e+00 1.7121214596e-01
526.21522717 1.0131008675e+00 4.0207511488e-15 0.0000000000e+00 4.0207511488e-15 1.0131008675e+00 0.0000000000e+00 0.0000000000e+00 0.0000000000e+00 1.7081305752e-01
526.45204771 1.0064050926e+00 4.0006975271e-15 0.0000000000e+00 4.0006975271e-15 1.0064050926e+00 0.0000000000e+00 0.0000000000e+00 0.0000000000e+00 1.7041531100e-01
526.68886824 9.9977658484e-01 3.9806439054e-15 0.0000000000e+00 3.9806439054e-15 9.9977658484e-01 0.0000000000e+00 0.0000000000e+00 0.0000000000e+00 1.7001890045e-01
526.92568878 9.9321444292e-01 3.9505634729e-15 0.0000000000e+00 3.9505634729e-15 9.9321444292e-01 0.0000000000e+00 0.0000000000e+00 0.0000000000e+00 1.6962381994e-01
527.16250931 9.8671778073e-01 3.9204830403e-15 0.0000000000e+00 3.9204830403e-15 9.8671778073e-01 0.0000000000e+00 0.0000000000e+00 0.0000000000e+00 1.6923006360e-01
527.39932984 9.8028572685e-01 3.9004294187e-15 0.0000000000e+00 3.9004294187e-15 9.8028572685e-01 0.0000000000e+00 0.0000000000e+00 0.0000000000e+00 1.6883762556e-01
527.63615038 9.7391742431e-01 3.8803757970e-15 0.0000000000e+00 3.8803757970e-15 9.7391742431e-01 0.0000000000e+00 0.0000000000e+00 0.0000000000e+00 1.6844650000e-01
527.87297091 9.6761203029e-01 3.8402685536e-15 0.0000000000e+00 3.8402685536e-15 9.6761203029e-01 0.0000000000e+00 0.0000000000e+00 0.0000000000e+00 1.6805668113e-01
528.10979145 9.6136871589e-01 3.8302417427e-15 0.0000000000e+00 3.8302417427e-15 9.6136871589e-01 0.0000000000e+00 0.0000000000e+00 0.0000000000e+00 1.6766816318e-01
528.34661198 9.5518666576e-01 3.8001613102e-15 0.0000000000e+00 3.8001613102e-15 9.5518666576e-01 0.0000000000e+00 0.0000000000e+00 0.0000000000e+00 1.6728094044e-01
528.58343252 9.4906507793e-01 3.7801076885e-15 0.0000000000e+00 3.7801076885e-15 9.4906507793e-01 0.0000000000e+00 0.0000000000e+00 0.0000000000e+00 1.6689500721e-01
528.82025305 9.4300316350e-01 3.7500272560e-15 0.0000000000e+00 3.7500272560e-15 9.4300316350e-01 0.0000000000e+00 0.0000000000e+00 0.0000000000e+00 1.6651035782e-01
529.05707358 9.3700014639e-01 3.7199468234e-15 0.0000000000e+00 3.7199468234e-15 9.3700014639e-01 0.0000000000e+00 0.0000000000e+00 0.0000000000e+00 1.6612698664e-01
529.29389412 9.3105526311e-01 3.6998932018e-15 0.0000000000e+00 3.6998932018e-15 9.3105526311e-01 0.0000000000e+00 0.0000000000e+00 0.0000000000e+00 1.6574488806e-01
529.53071465 9.2516776247e-01 3.6798395801e-15 0.0000000000e+00 3.6798395801e-15 9.2516776247e-01 0.0000000000e+00 0.0000000000e+00 0.0000000000e+00 1.6536405651e-01
529.76753519 9.1933690542e-01 3.6597859584e-15 0.0000000000e+00 3.6597859584e-15 9.1933690542e-01 0.0000000000e+00 0.0000000000e+00 0.0000000000e+00 1.6498448645e-01
530.00435572 9.1356196472e-01 3.6397323367e-15 0.0000000000e+00 3.6397323367e-15 9.1356196472e-01 0.0000000000e+00 0.0000000000e+00 0.0000000000e+00 1.6460617236e-01
530.24117626 9.0784222481e-01 3.6096519042e-15 0.0000000000e+00 3.6096519042e-15 9.0784222481e-01 0.0000000000e+00 0.0000000000e+00 0.0000000000e+00 1.6422910877e-01
530.47799679 9.0217698151e-01 3.5895982825e-15 0.0000000000e+00 3.5895982825e-15 9.0217698151e-01 0.0000000000e+00 0.0000000000e+00 0.0000000000e+00 1.6385329023e-01
530.71481732 8.9656554185e-01 3.5695446608e-15 0.0000000000e+00 3.5695446608e-15 8.9656554185e-01 0.0000000000e+00 0.0000000000e+00 0.0000000000e+00 1.6347871130e-01
530.95163786 8.9100722383e-01 3.5494910391e-15 0.0000000000e+00 3.5494910391e-15 8.9100722383e-01 0.0000000000e+00 0.0000000000e+00 0.0000000000e+00 1.6310536660e-01
531.18845839 8.8550135623e-01 3.5194106065e-15 0.0000000000e+00 3.5194106065e-15 8.8550135623e-01 0.0000000000e+00 0.0000000000e+00 0.0000000000e+00 1.6273325076e-01
531.42527893 8.8004727840e-01 3.5093837957e-15 0.0000000000e+00 3.5093837957e-15 8.8004727840e-01 0.0000000000e+00 0.0000000000e+00 0.0000000000e+00 1.6236235845e-01
531.66209946 8.7464434006e-01 3.4692765523e-15 0.0000000000e+00 3.4692765523e-15 8.7464434006e-01 0.0000000000e+00 0.0000000000e+00 0.0000000000e+00 1.6199268435e-01
531.89892000 8.6929190111e-01 3.4492229306e-15 0.0000000000e+00 3.4492229306e-15 8.6929190111e-01 0.0000000000e+00 0.0000000000e+00 0.0000000000e+00 1.6162422321e-01
532.13574053 8.6398933142e-01 3.4391961198e-15 0.0000000000e+00 3.4391961198e-15 8.6398933142e-01 0.0000000000e+00 0.0000000000e+00 0.0000000000e+00 1.6125696975e-01
532.37256106 8.5873601067e-01 3.4091156873e-15 0.0000000000e+00 3.4091156873e-15 8.5873601067e-01 0.0000000000e+00 0.0000000000e+00 0.0000000000e+00 1.6089091878e-01
532.60938160 8.5353132817e-01 3.3890620656e-15 0.0000000000e+00 3.3890620656e-15 8.5353132817e-01 0.0000000000e+00 0.0000000000e+00 0.0000000000e+00 1.6052606508e-01
532.84620213 8.4837468264e-01 3.3690084439e-15 0.0000000000e+00 3.3690084439e-15 8.4837468264e-01 0.0000000000e+00 0.0000000000e+00 0.0000000000e+00 1.6016240350e-01
533.08302267 8.4326548210e-01 3.3489548222e-15 0.0000000000e+00 3.3489548222e-15 8.4326548210e-01 0.0000000000e+00 0.0000000000e+00 0.0000000000e+00 1.5979992889e-01
533.31984320 8.3820314363e-01 3.3289012005e-15 0.0000000000e+00 3.3289012005e-15 8.3820314363e-01 0.0000000000e+00 0.0000000000e+00 0.0000000000e+00 1.5943863616e-01
533.55666374 8.3318709325e-01 3.3088475788e-15 0.0000000000e+00 3.3088475788e-15 8.3318709325e-01 0.0000000000e+00 0.0000000000e+00 0.0000000000e+00 1.5907852022e-01
533.79348427 8.2821676577e-01 3.2988207680e-15 0.0000000000e+00 3.2988207680e-15 8.2821676577e-01 0.0000000000e+00 0.0000000000e+00 0.0000000000e+00 1.5871957601e-01
534.03030480 8.2329160455e-01 3.2787671463e-15 0.0000000000e+00 3.2787671463e-15 8.2329160455e-01 0.0000000000e+00 0.0000000000e+00 0.0000000000e+00 1.5836179850e-01
534.26712534 8.1841106144e-01 3.2486867137e-15 0.0000000000e+00 3.2486867137e-15 8.1841106144e-01 0.0000000000e+00 0.0000000000e+00 0.0000000000e+00 1.5800518270e-01
534.50394587 8.1357459658e-01 3.2286330920e-15 0.0000000000e+00 3.2286330920e-15 8.1357459658e-01 0.0000000000e+00 0.0000000000e+00 0.0000000000e+00 1.5764972363e-01
534.74076641 8.0878167823e-01 3.2186062812e-15 0.0000000000e+00 3.2186062812e-15 8.0878167823e-01 0.0000000000e+00 0.0000000000e+00 0.0000000000e+00 1.5729541634e-01
534.97758694 8.0403178266e-01 3.1985526595e-15 0.0000000000e+00 3.1985526595e-15 8.0403178266e-01 0.0000000000e+00 0.0000000000e+00 0.0000000000e+00 1.5694225591e-01
535.21440748 7.9932439400e-01 3.1784990378e-15 0.0000000000e+00 3.1784990378e-15 7.9932439400e-01 0.0000000000e+00 0.0000000000e+00 0.0000000000e+00 1.5659023745e-01
535.45122801 7.9465900408e-01 3.1584454161e-15 0.0000000000e+00 3.1584454161e-15 7.9465900408e-01 0.0000000000e+00 0.0000000000e+00 0.0000000000e+00 1.5623935609e-01
535.68804854 7.9003511232e-01 3.1383917944e-15 0.0000000000e+00 3.1383917944e-15 7.9003511232e-01 0.0000000000e+00 0.0000000000e+00 0.0000000000e+00 1.5588960698e-01
535.92486908 7.8545222556e-01 3.1183381728e-15 0.0000000000e+00 3.1183381728e-15 7.8545222556e-01 0.0000000000e+00 0.0000000000e+00 0.0000000000e+00 1.5554098530e-01
536.16168961 7.8090985796e-01 3.1083113619e-15 0.0000000000e+00 3.1083113619e-15 7.8090985796e-01 0.0000000000e+00 0.0000000000e+00 0.0000000000e+00 1.5519348627e-01
536.39851015 7.7640753086e-01 3.0882577402e-15 0.0000000000e+00 3.0882577402e-15 7.7640753086e-01 0.0000000000e+00 0.0000000000e+00 0.0000000000e+00 1.5484710512e-01
536.63533068 7.7194477264e-01 3.0682041185e-15 0.0000000000e+00 3.0682041185e-15 7.7194477264e-01 0.0000000000e+00 0.0000000000e+00 0.0000000000e+00 1.5450183711e-01
536.87215122 7.6752111862e-01 3.0581773077e-15 0.0000000000e+00 3.0581773077e-15 7.6752111862e-01 0.0000000000e+00 0.0000000000e+00 0.0000000000e+00 1.5415767751e-01
537.10897175 7.6313611091e-01 3.0381236860e-15 0.0000000000e+00 3.0381236860e-15 7.6313611091e-01 0.0000000000e+00 0.0000000000e+00 0.0000000000e+00 1.5381462164e-01
537.34579228 7.5878929831e-01 3.0180700643e-15 0.0000000000e+00 3.0180700643e-15 7.5878929831e-01 0.0000000000e+00 0.0000000000e+00 0.0000000000e+00 1.5347266483e-01
537.58261282 7.5448023619e-01 2.9980164426e-15 0.0000000000e+00 2.9980164426e-15 7.5448023619e-01 0.0000000000e+00 0.0000000000e+00 0.0000000000e+00 1.5313180245e-01
537.81943335 7.5020848639e-01 2.9879896318e-15 0.0000000000e+00 2.9879896318e-15 7.5020848639e-01 0.0000000000e+00 0.0000000000e+00 0.0000000000e+00 1.5279202986e-01
538.05625389 7.4597361708e-01 2.9679360101e-15 0.0000000000e+00 2.9679360101e-15 7.4597361708e-01 0.0000000000e+00 0.0000000000e+00 0.0000000000e+00 1.5245334248e-01
538.29307442 7.4177520265e-01 2.9478823884e-15 0.0000000000e+00 2.9478823884e-15 7.4177520265e-01 0.0000000000e+00 0.0000000000e+00 0.0000000000e+00 1.5211573574e-01
538.52989496 7.3761282364e-01 2.9378555775e-15 0.0000000000e+00 2.9378555775e-15 7.3761282364e-01 0.0000000000e+00 0.0000000000e+00 0.0000000000e+00 1.5177920509e-01
538.76671549 7.3348606659e-01 2.9278287667e-15 0.0000000000e+00 2.9278287667e-15 7.3348606659e-01 0.0000000000e+00 0.0000000000e+00 0.0000000000e+00 1.5144374601e-01
539.00353602 7.2939452396e-01 2.9077751450e-15 0.0000000000e+00 2.9077751450e-15 7.2939452396e-01 0.0000000000e+00 0.0000000000e+00 0.0000000000e+00 1.5110935401e-01
539.24035656 7.2533779405e-01 2.8877215233e-15 0.0000000000e+00 2.8877215233e-15 7.2533779405e-01 0.0000000000e+00 0.0000000000e+00 0.0000000000e+00 1.5077602460e-01
539.47717709 7.2131548083e-01 2.8676679016e-15 0.0000000000e+00 2.8676679016e-15 7.2131548083e-01 0.0000000000e+00 0.0000000000e+00 0.0000000000e+00 1.5044375334e-01
539.71399763 7.1732719394e-01 2.8576410908e-15 0.0000000000e+00 2.8576410908e-15 7.1732719394e-01 0.0000000000e+00 0.0000000000e+00 0.0000000000e+00 1.5011253580e-01
539.95081816 7.1337254850e-01 2.8476142799e-15 0.0000000000e+00 2.8476142799e-15 7.1337254850e-01 0.0000000000e+00 0.0000000000e+00 0.0000000000e+00 1.4978236758e-01
540.18763870 7.0945116508e-01 2.8275606583e-15 0.0000000000e+00 2.8275606583e-15 7.0945116508e-01 0.0000000000e+00 0.0000000000e+00 0.0000000000e+00 1.4945324428e-01
540.42445923 7.0556266960e-01 2.8075070366e-15 0.0000000000e+00 2.8075070366e-15 7.0556266960e-01 0.0000000000e+00 0.0000000000e+00 0.0000000000e+00 1.4912516156e-01
540.66127976 7.0170669320e-01 2.7974802257e-15 0.0000000000e+00 2.7974802257e-15 7.0170669320e-01 0.0000000000e+00 0.0000000000e+00 0.0000000000e+00 1.4879811508e-01
540.89810030 6.9788287220e-01 2.7724131986e-15 0.0000000000e+00 2.7724131986e-15 6.9788287220e-01 0.0000000000e+00 0.0000000000e+00 0.0000000000e+00 1.4847210052e-01
541.13492083 6.9409084799e-01 2.7623863878e-15 0.0000000000e+00 2.7623863878e-15 6.9409084799e-01 0.0000000000e+00 0.0000000000e+00 0.0000000000e+00 1.4814711359e-01
541.37174137 6.9033026695e-01 2.7473461715e-15 0.0000000000e+00 2.7473461715e-15 6.9033026695e-01 0.0000000000e+00 0.0000000000e+00 0.0000000000e+00 1.4782315003e-01
541.60856190 6.8660078037e-01 2.7323059552e-15 0.0000000000e+00 2.7323059552e-15 6.8660078037e-01 0.0000000000e+00 0.0000000000e+00 0.0000000000e+00 1.4750020557e-01
541.84538244 6.8290204434e-01 2.7222791444e-15 0.0000000000e+00 2.7222791444e-15 6.8290204434e-01 0.0000000000e+00 0.0000000000e+00 0.0000000000e+00 1.4717827601e-01
542.08220297 6.7923371974e-01 2.7022255227e-15 0.0000000000e+00 2.7022255227e-15 6.7923371974e-01 0.0000000000e+00 0.0000000000e+00 0.0000000000e+00 1.4685735713e-01
542.31902350 6.7559547207e-01 2.6921987118e-15 0.0000000000e+00 2.6921987118e-15 6.7559547207e-01 0.0000000000e+00 0.0000000000e+00 0.0000000000e+00 1.4653744476e-01
542.55584404 6.7198697146e-01 2.6721450902e-15 0.0000000000e+00 2.6721450902e-15 6.7198697146e-01 0.0000000000e+00 0.0000000000e+00 0.0000000000e+00 1.4621853473e-01
542.79266457 6.6840789253e-01 2.6621182793e-15 0.0000000000e+00 2.6621182793e-15 6.6840789253e-01 0.0000000000e+00 0.0000000000e+00 0.0000000000e+00 1.4590062290e-01
543.02948511 6.6485791434e-01 2.6470780630e-15 0.0000000000e+00 2.6470780630e-15 6.6485791434e-01 0.0000000000e+00 0.0000000000e+00 0.0000000000e+00 1.4558370516e-01
543.26630564 6.6133672033e-01 2.6320378468e-15 0.0000000000e+00 2.6320378468e-15 6.6133672033e-01 0.0000000000e+00 0.0000000000e+00 0.0000000000e+00 1.4526777741e-01
543.50312618 6.5784399823e-01 2.6220110359e-15 0.0000000000e+00 2.6220110359e-15 6.5784399823e-01 0.0000000000e+00 0.0000000000e+00 0.0000000000e+00 1.4495283558e-01
543.73994671 6.5437944000e-01 2.6069708197e-15 0.0000000000e+00 2.6069708197e-15 6.5437944000e-01 0.0000000000e+00 0.0000000000e+00 0.0000000000e+00 1.4463887560e-01
543.97676724 6.5094274177e-01 2.5919306034e-15 0.0000000000e+00 2.5919306034e-15 6.5094274177e-01 0.0000000000e+00 0.0000000000e+00 0.0000000000e+00 1.4432589345e-01
544.21358778 6.4753360373e-01 2.5768903871e-15 0.0000000000e+00 2.5768903871e-15 6.4753360373e-01 0.0000000000e+00 0.0000000000e+00 0.0000000000e+00 1.4401388512e-01
544.45040831 6.4415173012e-01 2.5618501709e-15 0.0000000000e+00 2.5618501709e-15 6.4415173012e-01 0.0000000000e+00 0.0000000000e+00 0.0000000000e+00 1.4370284660e-01
544.68722885 6.4079682915e-01 2.5518233600e-15 0.0000000000e+00 2.5518233600e-15 6.4079682915e-01 0.0000000000e+00 0.0000000000e+00 0.0000000000e+00 1.4339277394e-01
544.92404938 6.3746861290e-01 2.5367831438e-15 0.0000000000e+00 2.5367831438e-15 6.3746861290e-01 0.0000000000e+00 0.0000000000e+00 0.0000000000e+00 1.4308366317e-01
545.16086992 6.3416679730e-01 2.5267563329e-15 0.0000000000e+00 2.5267563329e-15 6.3416679730e-01 0.0000000000e+00 0.0000000000e+00 0.0000000000e+00 1.4277551036e-01
545.39769045 6.3089110207e-01 2.5167295221e-15 0.0000000000e+00 2.5167295221e-15 6.3089110207e-01 0.0000000000e+00 0.0000000000e+00 0.0000000000e+00 1.4246831161e-01
545.63451098 6.2764125060e-01 2.5016893058e-15 0.0000000000e+00 2.5016893058e-15 6.2764125060e-01 0.0000000000e+00 0.0000000000e+00 0.0000000000e+00 1.4216206301e-01
545.87133152 6.2441696998e-01 2.4866490895e-15 0.0000000000e+00 2.4866490895e-15 6.2441696998e-01 0.0000000000e+00 0.0000000000e+00 0.0000000000e+00 1.4185676071e-01
546.10815205 6.2121799088e-01 2.4716088733e-15 0.0000000000e+00 2.4716088733e-15 6.2121799088e-01 0.0000000000e+00 0.0000000000e+00 0.0000000000e+00 1.4155240084e-01
546.34497259 6.1804404751e-01 2.4615820624e-15 0.0000000000e+00 2.4615820624e-15 6.1804404751e-01 0.0000000000e+00 0.0000000000e+00 0.0000000000e+00 1.4124897957e-01
546.58179312 6.1489487757e-01 2.4465418461e-15 0.0000000000e+00 2.4465418461e-15 6.1489487757e-01 0.0000000000e+00 0.0000000000e+00 0.0000000000e+00 1.4094649309e-01
546.81861366 6.1177022217e-01 2.4365150353e-15 0.0000000000e+00 2.4365150353e-15 6.1177022217e-01 0.0000000000e+00 0.0000000000e+00 0.0000000000e+00 1.4064493760e-01
547.05543419 6.0866982583e-01 2.4264882245e-15 0.0000000000e+00 2.4264882245e-15 6.0866982583e-01 0.0000000000e+00 0.0000000000e+00 0.0000000000e+00 1.4034430934e-01
547.29225472 6.0559343637e-01 2.4114480082e-15 0.0000000000e+00 2.4114480082e-15 6.0559343637e-01 0.0000000000e+00 0.0000000000e+00 0.0000000000e+00 1.4004460453e-01
547.52907526 6.0254080489e-01 2.3964077919e-15 0.0000000000e+00 2.3964077919e-15 6.0254080489e-01 0.0000000000e+00 0.0000000000e+00 0.0000000000e+00 1.3974581946e-01
547.76589579 5.9951168570e-01 2.3913943865e-15 0.0000000000e+00 2.3913943865e-15 5.9951168570e-01 0.0000000000e+00 0.0000000000e+00 0.0000000000e+00 1.3944795039e-01
548.00271633 5.9650583632e-01 2.3763541702e-15 0.0000000000e+00 2.3763541702e-15 5.9650583632e-01 0.0000000000e+00 0.0000000000e+00 0.0000000000e+00 1.3915099362e-01
548.23953686 5.9352301733e-01 2.3663273594e-15 0.0000000000e+00 2.3663273594e-15 5.9352301733e-01 0.0000000000e+00 0.0000000000e+00 0.0000000000e+00 1.3885494549e-01
548.47635739 5.9056299245e-01 2.3512871431e-15 0.0000000000e+00 2.3512871431e-15 5.9056299245e-01 0.0000000000e+00 0.0000000000e+00 0.0000000000e+00 1.3855980231e-01
548.71317793 5.8762552837e-01 2.3362469269e-15 0.0000000000e+00 2.3362469269e-15 5.8762552837e-01 0.0000000000e+00 0.0000000000e+00 0.0000000000e+00 1.3826556046e-01
548.94999846 5.8471039481e-01 2.3262201160e-15 0.0000000000e+00 2.3262201160e-15 5.8471039481e-01 0.0000000000e+00 0.0000000000e+00 0.0000000000e+00 1.3797221630e-01
549.18681900 5.8181736439e-01 2.3161933052e-15 0.0000000000e+00 2.3161933052e-15 5.8181736439e-01 0.0000000000e+00 0.0000000000e+00 0.0000000000e+00 1.3767976623e-01
549.42363953 5.7894621263e-01 2.3061664943e-15 0.0000000000e+00 2.3061664943e-15 5.7894621263e-01 0.0000000000e+00 0.0000000000e+00 0.0000000000e+00 1.3738820666e-01
549.66046007 5.7609671790e-01 2.2961396835e-15 0.0000000000e+00 2.2961396835e-15 5.7609671790e-01 0.0000000000e+00 0.0000000000e+00 0.0000000000e+00 1.3709753401e-01
549.89728060 5.7326866138e-01 2.2861128726e-15 0.0000000000e+00 2.2861128726e-15 5.7326866138e-01 0.0000000000e+00 0.0000000000e+00 0.0000000000e+00 1.3680774473e-01
550.13410113 5.7046182700e-01 2.2710726564e-15 0.0000000000e+00 2.2710726564e-15 5.7046182700e-01 0.0000000000e+00 0.0000000000e+00 0.0000000000e+00 1.3651883528e-01
550.37092167 5.6767600140e-01 2.2610458455e-15 0.0000000000e+00 2.2610458455e-15 5.6767600140e-01 0.0000000000e+00 0.0000000000e+00 0.0000000000e+00 1.3623080215e-01
550.60774220 5.6491097393e-01 2.2510190347e-15 0.0000000000e+00 2.2510190347e-15 5.6491097393e-01 0.0000000000e+00 0.0000000000e+00 0.0000000000e+00 1.3594364184e-01
550.84456274 5.6216653655e-01 2.2409922238e-15 0.0000000000e+00 2.2409922238e-15 5.6216653655e-01 0.0000000000e+00 0.0000000000e+00 0.0000000000e+00 1.3565735085e-01
551.08138327 5.5944248382e-01 2.2309654130e-15 0.0000000000e+00 2.2309654130e-15 5.5944248382e-01 0.0000000000e+00 0.0000000000e+00 0.0000000000e+00 1.3537192574e-01
551.31820381 5.5673861287e-01 2.2209386021e-15 0.0000000000e+00 2.2209386021e-15 5.5673861287e-01 0.0000000000e+00 0.0000000000e+00 0.0000000000e+00 1.3508736304e-01
551.55502434 5.5405472335e-01 2.2109117913e-15 0.0000000000e+00 2.2109117913e-15 5.5405472335e-01 0.0000000000e+00 0.0000000000e+00 0.0000000000e+00 1.3480365932e-01
551.79184487 5.5139061739e-01 2.2008849804e-15 0.0000000000e+00 2.2008849804e-15 5.5139061739e-01 0.0000000000e+00 0.0000000000e+00 0.0000000000e+00 1.3452081117e-01
552.02866541 5.4874609957e-01 2.1858447642e-15 0.0000000000e+00 2.1858447642e-15 5.4874609957e-01 0.0000000000e+00 0.0000000000e+00 0.0000000000e+00 1.3423881519e-01
552.26548594 5.4612097687e-01 2.1808313588e-15 0.0000000000e+00 2.1808313588e-15 5.4612097687e-01 0.0000000000e+00 0.0000000000e+00 0.0000000000e+00 1.3395766800e-01
552.50230648 5.4351505867e-01 2.1657911425e-15 0.0000000000e+00 2.1657911425e-15 5.4351505867e-01 0.0000000000e+00 0.0000000000e+00 0.0000000000e+00 1.3367736624e-01
552.73912701 5.4092815667e-01 2.1507509262e-15 0.0000000000e+00 2.1507509262e-15 5.4092815667e-01 0.0000000000e+00 0.0000000000e+00 0.0000000000e+00 1.3339790655e-01
552.97594755 5.3836008487e-01 2.1457375208e-15 0.0000000000e+00 2.1457375208e-15 5.3836008487e-01 0.0000000000e+00 0.0000000000e+00 0.0000000000e+00 1.3311928561e-01
553.21276808 5.3581065956e-01 2.1357107100e-15 0.0000000000e+00 2.1357107100e-15 5.3581065956e-01 0.0000000000e+00 0.0000000000e+00 0.0000000000e+00 1.3284150010e-01
553.44958861 5.3327969926e-01 2.1256838991e-15 0.0000000000e+00 2.1256838991e-15 5.3327969926e-01 0.0000000000e+00 0.0000000000e+00 0.0000000000e+00 1.3256454672e-01
553.68640915 5.3076702470e-01 2.1106436828e-15 0.0000000000e+00 2.1106436828e-15 5.3076702470e-01 0.0000000000e+00 0.0000000000e+00 0.0000000000e+00 1.3228842218e-01
553.92322968 5.2827245878e-01 2.1006168720e-15 0.0000000000e+00 2.1006168720e-15 5.2827245878e-01 0.0000000000e+00 0.0000000000e+00 0.0000000000e+00 1.3201312323e-01
554.16005022 5.2579582654e-01 2.0956034666e-15 0.0000000000e+00 2.0956034666e-15 5.2579582654e-01 0.0000000000e+00 0.0000000000e+00 0.0000000000e+00 1.3173864662e-01
554.39687075 5.2333695514e-01 2.0855766557e-15 0.0000000000e+00 2.0855766557e-15 5.2333695514e-01 0.0000000000e+00 0.0000000000e+00 0.0000000000e+00 1.3146498910e-01
554.63369129 5.2089567382e-01 2.0755498449e-15 0.0000000000e+00 2.0755498449e-15 5.2089567382e-01 0.0000000000e+00 0.0000000000e+00 0.0000000000e+00 1.3119214746e-01
554.87051182 5.1847181386e-01 2.0655230340e-15 0.0000000000e+00 2.0655230340e-15 5.1847181386e-01 0.0000000000e+00 0.0000000000e+00 0.0000000000e+00 1.3092011849e-01
555.10733235 5.1606520856e-01 2.0554962232e-15 0.0000000000e+00 2.0554962232e-15 5.1606520856e-01 0.0000000000e+00 0.0000000000e+00 0.0000000000e+00 1.3064889901e-01
555.34415289 5.1367569324e-01 2.0454694124e-15 0.0000000000e+00 2.0454694124e-15 5.1367569324e-01 0.0000000000e+00 0.0000000000e+00 0.0000000000e+00 1.3037848585e-01
555.58097342 5.1130310516e-01 2.0404560069e-15 0.0000000000e+00 2.0404560069e-15 5.1130310516e-01 0.0000000000e+00 0.0000000000e+00 0.0000000000e+00 1.3010887585e-01
555.81779396 5.0894728351e-01 2.0304291961e-15 0.0000000000e+00 2.0304291961e-15 5.0894728351e-01 0.0000000000e+00 0.0000000000e+00 0.0000000000e+00 1.2984006587e-01
556.05461449 5.0660806941e-01 2.0204023852e-15 0.0000000000e+00 2.0204023852e-15 5.0660806941e-01 0.0000000000e+00 0.0000000000e+00 0.0000000000e+00 1.2957205279e-01
556.29143503 5.0428530585e-01 2.0103755744e-15 0.0000000000e+00 2.0103755744e-15 5.0428530585e-01 0.0000000000e+00 0.0000000000e+00 0.0000000000e+00 1.2930483348e-01
556.52825556 5.0197883767e-01 2.0053621690e-15 0.0000000000e+00 2.0053621690e-15 5.0197883767e-01 0.0000000000e+00 0.0000000000e+00 0.0000000000e+00 1.2903840487e-01
556.76507609 4.9968851154e-01 1.9903219527e-15 0.0000000000e+00 1.9903219527e-15 4.9968851154e-01 0.0000000000e+00 0.0000000000e+00 0.0000000000e+00 1.2877276386e-01
557.00189663 4.9741417595e-01 1.9802951419e-15 0.0000000000e+00 1.9802951419e-15 4.9741417595e-01 0.0000000000e+00 0.0000000000e+00 0.0000000000e+00 1.2850790740e-01
557.23871716 4.9515568115e-01 1.9752817364e-15 0.0000000000e+00 1.9752817364e-15 4.9515568115e-01 0.0000000000e+00 0.0000000000e+00 0.0000000000e+00 1.2824383243e-01
557.47553770 4.9291287913e-01 1.9702683310e-15 0.0000000000e+00 1.9702683310e-15 4.9291287913e-01 0.0000000000e+00 0.0000000000e+00 0.0000000000e+00 1.2798053591e-01
557.71235823 4.9068562364e-01 1.9602415202e-15 0.0000000000e+00 1.9602415202e-15 4.9068562364e-01 0.0000000000e+00 0.0000000000e+00 0.0000000000e+00 1.2771801484e-01
557.94917877 4.8847377011e-01 1.9502147093e-15 0.0000000000e+00 1.9502147093e-15 4.8847377011e-01 0.0000000000e+00 0.0000000000e+00 0.0000000000e+00 1.2745626619e-01
558.18599930 4.8627717566e-01 1.9401878985e-15 0.0000000000e+00 1.9401878985e-15 4.8627717566e-01 0.0000000000e+00 0.0000000000e+00 0.0000000000e+00 1.2719528697e-01
558.42281983 4.8409569905e-01 1.9351744931e-15 0.0000000000e+00 1.9351744931e-15 4.8409569905e-01 0.0000000000e+00 0.0000000000e+00 0.0000000000e+00 1.2693507422e-01
558.65964037 4.8192920071e-01 1.9251476822e-15 0.0000000000e+00 1.9251476822e-15 4.8192920071e-01 0.0000000000e+00 0.0000000000e+00 0.0000000000e+00 1.2667562497e-01
558.89646090 4.7977754263e-01 1.9151208714e-15 0.0000000000e+00 1.9151208714e-15 4.7977754263e-01 0.0000000000e+00 0.0000000000e+00 0.0000000000e+00 1.2641693626e-01
559.13328144 4.7764058843e-01 1.9050940605e-15 0.0000000000e+00 1.9050940605e-15 4.7764058843e-01 0.0000000000e+00 0.0000000000e+00 0.0000000000e+00 1.2615900516e-01
559.37010197 4.7551820329e-01 1.8950672497e-15 0.0000000000e+00 1.8950672497e-15 4.7551820329e-01 0.0000000000e+00 0.0000000000e+00 0.0000000000e+00 1.2590182876e-01
559.60692251 4.7341025391e-01 1.8850404388e-15 0.0000000000e+00 1.8850404388e-15 4.7341025391e-01 0.0000000000e+00 0.0000000000e+00 0.0000000000e+00 1.2564540414e-01
559.84374304 4.7131660854e-01 1.8800270334e-15 0.0000000000e+00 1.8800270334e-15 4.7131660854e-01 0.0000000000e+00 0.0000000000e+00 0.0000000000e+00 1.2538972842e-01
560.08056357 4.6923713692e-01 1.8700002226e-15 0.0000000000e+00 1.8700002226e-15 4.6923713692e-01 0.0000000000e+00 0.0000000000e+00 0.0000000000e+00 1.2513479871e-01
560.31738411 4.6717171028e-01 1.8599734117e-15 0.0000000000e+00 1.8599734117e-15 4.6717171028e-01 0.0000000000e+00 0.0000000000e+00 0.0000000000e+00 1.2488061215e-01
560.55420464 4.6512020131e-01 1.8549600063e-15 0.0000000000e+00 1.8549600063e-15 4.6512020131e-01 0.0000000000e+00 0.0000000000e+00 0.0000000000e+00 1.2462716589e-01
560.79102518 4.6308248414e-01 1.8449331955e-15 0.0000000000e+00 1.8449331955e-15 4.6308248414e-01 0.0000000000e+00 0.0000000000e+00 0.0000000000e+00 1.2437445708e-01
561.02784571 4.6105843432e-01 1.8399197900e-15 0.0000000000e+00 1.8399197900e-15 4.6105843432e-01 0.0000000000e+00 0.0000000000e+00 0.0000000000e+00 1.2412248292e-01
561.26466625 4.5904792881e-01 1.8349063846e-15 0.0000000000e+00 1.8349063846e-15 4.5904792881e-01 0.0000000000e+00 0.0000000000e+00 0.0000000000e+00 1.2387124058e-01
561.50148678 4.5705084596e-01 1.8198661683e-15 0.0000000000e+00 1.8198661683e-15 4.5705084596e-01 0.0000000000e+00 0.0000000000e+00 0.0000000000e+00 1.2362072726e-01
561.73830731 4.5506706546e-01 1.8148527629e-15 0.0000000000e+00 1.8148527629e-15 4.5506706546e-01 0.0000000000e+00 0.0000000000e+00 0.0000000000e+00 1.2337094019e-01
561.97512785 4.5309646839e-01 1.8048259521e-15 0.0000000000e+00 1.8048259521e-15 4.5309646839e-01 0.0000000000e+00 0.0000000000e+00 0.0000000000e+00 1.2312187659e-01
562.21194838 4.5113893712e-01 1.7998125467e-15 0.0000000000e+00 1.7998125467e-15 4.5113893712e-01 0.0000000000e+00 0.0000000000e+00 0.0000000000e+00 1.2287353371e-01
562.44876892 4.4919435534e-01 1.7897857358e-15 0.0000000000e+00 1.7897857358e-15 4.4919435534e-01 0.0000000000e+00 0.0000000000e+00 0.0000000000e+00 1.2262590880e-01
562.68558945 4.4726260806e-01 1.7847723304e-15 0.0000000000e+00 1.7847723304e-15 4.4726260806e-01 0.0000000000e+00 0.0000000000e+00 0.0000000000e+00 1.2237899912e-01
562.92240999 4.4534358154e-01 1.7797589250e-15 0.0000000000e+00 1.7797589250e-15 4.4534358154e-01 0.0000000000e+00 0.0000000000e+00 0.0000000000e+00 1.2213280197e-01
563.15923052 4.4343716330e-01 1.7747455195e-15 0.0000000000e+00 1.7747455195e-15 4.4343716330e-01 0.0000000000e+00 0.0000000000e+00 0.0000000000e+00 1.2188731463e-01
563.39605105 4.4154324212e-01 1.7647187087e-15 0.0000000000e+00 1.7647187087e-15 4.4154324212e-01 0.0000000000e+00 0.0000000000e+00 0.0000000000e+00 1.2164253442e-01
563.63287159 4.3966170799e-01 1.7546918979e-15 0.0000000000e+00 1.7546918979e-15 4.3966170799e-01 0.0000000000e+00 0.0000000000e+00 0.0000000000e+00 1.2139845864e-01
563.86969212 4.3779245214e-01 1.7496784924e-15 0.0000000000e+00 1.7496784924e-15 4.3779245214e-01 0.0000000000e+00 0.0000000000e+00 0.0000000000e+00 1.2115508464e-01
564.10651266 4.3593536694e-01 1.7446650870e-15 0.0000000000e+00 1.7446650870e-15 4.3593536694e-01 0.0000000000e+00 0.0000000000e+00 0.0000000000e+00 1.2091240975e-01
564.34333319 4.3409034600e-01 1.7346382762e-15 0.0000000000e+00 1.7346382762e-15 4.3409034600e-01 0.0000000000e+00 0.0000000000e+00 0.0000000000e+00 1.2067043134e-01
564.58015373 4.3225728406e-01 1.7296248707e-15 0.0000000000e+00 1.7296248707e-15 4.3225728406e-01 0.0000000000e+00 0.0000000000e+00 0.0000000000e+00 1.2042914678e-01
564.81697426 4.3043607700e-01 1.7195980599e-15 0.0000000000e+00 1.7195980599e-15 4.3043607700e-01 0.0000000000e+00 0.0000000000e+00 0.0000000000e+00 1.2018855345e-01
565.05379479 4.2862662187e-01 1.7145846545e-15 0.0000000000e+00 1.7145846545e-15 4.2862662187e-01 0.0000000000e+00 0.0000000000e+00 0.0000000000e+00 1.1994864874e-01
565.29061533 4.2682881679e-01 1.7045578436e-15 0.0000000000e+00 1.7045578436e-15 4.2682881679e-01 0.0000000000e+00 0.0000000000e+00 0.0000000000e+00 1.1970943005e-01
565.52743586 4.2504256103e-01 1.6995444382e-15 0.0000000000e+00 1.6995444382e-15 4.2504256103e-01 0.0000000000e+00 0.0000000000e+00 0.0000000000e+00 1.1947089482e-01
565.76425640 4.2326775491e-01 1.6945310328e-15 0.0000000000e+00 1.6945310328e-15 4.2326775491e-01 0.0000000000e+00 0.0000000000e+00 0.0000000000e+00 1.1923304046e-01
566.00107693 4.2150429986e-01 1.6794908165e-15 0.0000000000e+00 1.6794908165e-15 4.2150429986e-01 0.0000000000e+00 0.0000000000e+00 0.0000000000e+00 1.1899586443e-01
566.23789747 4.1975209835e-01 1.6694640057e-15 0.0000000000e+00 1.6694640057e-15 4.1975209835e-01 0.0000000000e+00 0.0000000000e+00 0.0000000000e+00 1.1875936417e-01
566.47471800 4.1801105391e-01 1.6694640057e-15 0.0000000000e+00 1.6694640057e-15 4.1801105391e-01 0.0000000000e+00 0.0000000000e+00 0.0000000000e+00 1.1852353716e-01
566.71153853 4.1628107108e-01 1.6594371948e-15 0.0000000000e+00 1.6594371948e-15 4.1628107108e-01 0.0000000000e+00 0.0000000000e+00 0.0000000000e+00 1.1828838087e-01
566.94835907 4.1456205546e-01 1.6544237894e-15 0.0000000000e+00 1.6544237894e-15 4.1456205546e-01 0.0000000000e+00 0.0000000000e+00 0.0000000000e+00 1.1805389279e-01
567.18517960 4.1285391363e-01 1.6443969786e-15 0.0000000000e+00 1.6443969786e-15 4.1285391363e-01 0.0000000000e+00 0.0000000000e+00 0.0000000000e+00 1.1782007043e-01
567.42200014 4.1115655316e-01 1.6393835731e-15 0.0000000000e+00 1.6393835731e-15 4.1115655316e-01 0.0000000000e+00 0.0000000000e+00 0.0000000000e+00 1.1758691129e-01
567.65882067 4.0946988263e-01 1.6343701677e-15 0.0000000000e+00 1.6343701677e-15 4.0946988263e-01 0.0000000000e+00 0.0000000000e+00 0.0000000000e+00 1.1735441291e-01
567.89564121 4.0779381158e-01 1.6243433569e-15 0.0000000000e+00 1.6243433569e-15 4.0779381158e-01 0.0000000000e+00 0.0000000000e+00 0.0000000000e+00 1.1712257282e-01
568.13246174 4.0612825048e-01 1.6193299514e-15 0.0000000000e+00 1.6193299514e-15 4.0612825048e-01 0.0000000000e+00 0.0000000000e+00 0.0000000000e+00 1.1689138857e-01
568.36928227 4.0447311078e-01 1.6143165460e-15 0.0000000000e+00 1.6143165460e-15 4.0447311078e-01 0.0000000000e+00 0.0000000000e+00 0.0000000000e+00 1.1666085772e-01
568.60610281 4.0282830485e-01 1.6042897352e-15 0.0000000000e+00 1.6042897352e-15 4.0282830485e-01 0.0000000000e+00 0.0000000000e+00 0.0000000000e+00 1.1643097783e-01
568.84292334 4.0119374598e-01 1.5992763298e-15 0.0000000000e+00 1.5992763298e-15 4.0119374598e-01 0.0000000000e+00 0.0000000000e+00 0.0000000000e+00 1.1620174650e-01
569.07974388 3.9956934838e-01 1.5942629243e-15 0.0000000000e+00 1.5942629243e-15 3.9956934838e-01 0.0000000000e+00 0.0000000000e+00 0.0000000000e+00 1.1597316131e-01
569.31656441 3.9795502714e-01 1.5892495189e-15 0.0000000000e+00 1.5892495189e-15 3.9795502714e-01 0.0000000000e+00 0.0000000000e+00 0.0000000000e+00 1.1574521987e-01
569.55338495 3.9635069826e-01 1.5792227081e-15 0.0000000000e+00 1.5792227081e-15 3.9635069826e-01 0.0000000000e+00 0.0000000000e+00 0.0000000000e+00 1.1551791979e-01
569.79020548 3.9475627860e-01 1.5742093026e-15 0.0000000000e+00 1.5742093026e-15 3.9475627860e-01 0.0000000000e+00 0.0000000000e+00 0.0000000000e+00 1.1529125871e-01
570.02702601 3.9317168588e-01 1.5742093026e-15 0.0000000000e+00 1.5742093026e-15 3.9317168588e-01 0.0000000000e+00 0.0000000000e+00 0.0000000000e+00 1.1506523425e-01
570.26384655 3.9159683870e-01 1.5641824918e-15 0.0000000000e+00 1.5641824918e-15 3.9159683870e-01 0.0000000000e+00 0.0000000000e+00 0.0000000000e+00 1.1483984406e-01
570.50066708 3.9003165649e-01 1.5591690864e-15 0.0000000000e+00 1.5591690864e-15 3.9003165649e-01 0.0000000000e+00 0.0000000000e+00 0.0000000000e+00 1.1461508582e-01
570.73748762 3.8847605949e-01 1.5541556810e-15 0.0000000000e+00 1.5541556810e-15 3.8847605949e-01 0.0000000000e+00 0.0000000000e+00 0.0000000000e+00 1.1439095717e-01
570.97430815 3.8692996881e-01 1.5491422755e-15 0.0000000000e+00 1.5491422755e-15 3.8692996881e-01 0.0000000000e+00 0.0000000000e+00 0.0000000000e+00 1.1416745581e-01
571.21112869 3.8539330633e-01 1.5391154647e-15 0.0000000000e+00 1.5391154647e-15 3.8539330633e-01 0.0000000000e+00 0.0000000000e+00 0.0000000000e+00 1.1394457943e-01
571.44794922 3.8386599476e-01 1.5341020593e-15 0.0000000000e+00 1.5341020593e-15 3.8386599476e-01 0.0000000000e+00 0.0000000000e+00 0.0000000000e+00 1.1372232573e-01
571.68476975 3.8234795758e-01 1.5290886538e-15 0.0000000000e+00 1.5290886538e-15 3.8234795758e-01 0.0000000000e+00 0.0000000000e+00 0.0000000000e+00 1.1350069241e-01
571.92159029 3.8083911909e-01 1.5240752484e-15 0.0000000000e+00 1.5240752484e-15 3.8083911909e-01 0.0000000000e+00 0.0000000000e+00 0.0000000000e+00 1.1327967721e-01
572.15841082 3.7933940432e-01 1.5140484376e-15 0.0000000000e+00 1.5140484376e-15 3.7933940432e-01 0.0000000000e+00 0.0000000000e+00 0.0000000000e+00 1.1305927785e-01
572.39523136 3.7784873909e-01 1.5090350322e-15 0.0000000000e+00 1.5090350322e-15 3.7784873909e-01 0.0000000000e+00 0.0000000000e+00 0.0000000000e+00 1.1283949208e-01
572.63205189 3.7636704998e-01 1.5040216267e-15 0.0000000000e+00 1.5040216267e-15 3.7636704998e-01 0.0000000000e+00 0.0000000000e+00 0.0000000000e+00 1.1262031766e-01
572.86887243 3.7489426429e-01 1.4990082213e-15 0.0000000000e+00 1.4990082213e-15 3.7489426429e-01 0.0000000000e+00 0.0000000000e+00 0.0000000000e+00 1.1240175234e-01
573.10569296 3.7343031007e-01 1.4939948159e-15 0.0000000000e+00 1.4939948159e-15 3.7343031007e-01 0.0000000000e+00 0.0000000000e+00 0.0000000000e+00 1.1218379390e-01
573.34251349 3.7197511611e-01 1.4839680050e-15 0.0000000000e+00 1.4839680050e-15 3.7197511611e-01 0.0000000000e+00 0.0000000000e+00 0.0000000000e+00 1.1196644013e-01
573.57933403 3.7052861191e-01 1.4789545996e-15 0.0000000000e+00 1.4789545996e-15 3.7052861191e-01 0.0000000000e+00 0.0000000000e+00 0.0000000000e+00 1.1174968881e-01
573.81615456 3.6909072766e-01 1.4739411942e-15 0.0000000000e+00 1.4739411942e-15 3.6909072766e-01 0.0000000000e+00 0.0000000000e+00 0.0000000000e+00 1.1153353776e-01
574.05297510 3.6766139428e-01 1.4639143834e-15 0.0000000000e+00 1.4639143834e-15 3.6766139428e-01 0.0000000000e+00 0.0000000000e+00 0.0000000000e+00 1.1131798479e-01
574.28979563 3.6624054338e-01 1.4589009779e-15 0.0000000000e+00 1.4589009779e-15 3.6624054338e-01 0.0000000000e+00 0.0000000000e+00 0.0000000000e+00 1.1110302771e-01
574.52661617 3.6482810723e-01 1.4538875725e-15 0.0000000000e+00 1.4538875725e-15 3.6482810723e-01 0.0000000000e+00 0.0000000000e+00 0.0000000000e+00 1.1088866438e-01
574.76343670 3.6342401881e-01 1.4488741671e-15 0.0000000000e+00 1.4488741671e-15 3.6342401881e-01 0.0000000000e+00 0.0000000000e+00 0.0000000000e+00 1.1067489262e-01
575.00025723 3.6202821174e-01 1.4438607617e-15 0.0000000000e+00 1.4438607617e-15 3.6202821174e-01 0.0000000000e+00 0.0000000000e+00 0.0000000000e+00 1.1046171029e-01
575.23707777 3.6064062032e-01 1.4388473562e-15 0.0000000000e+00 1.4388473562e-15 3.6064062032e-01 0.0000000000e+00 0.0000000000e+00 0.0000000000e+00 1.1024911526e-01
575.47389830 3.5926117948e-01 1.4338339508e-15 0.0000000000e+00 1.4338339508e-15 3.5926117948e-01 0.0000000000e+00 0.0000000000e+00 0.0000000000e+00 1.1003710540e-01
575.71071884 3.5788982483e-01 1.4288205454e-15 0.0000000000e+00 1.4288205454e-15 3.5788982483e-01 0.0000000000e+00 0.0000000000e+00 0.0000000000e+00 1.0982567859e-01
575.94753937 3.5652649258e-01 1.4238071400e-15 0.0000000000e+00 1.4238071400e-15 3.5652649258e-01 0.0000000000e+00 0.0000000000e+00 0.0000000000e+00 1.0961483272e-01
576.18435991 3.5517111960e-01 1.4187937345e-15 0.0000000000e+00 1.4187937345e-15 3.5517111960e-01 0.0000000000e+00 0.0000000000e+00 0.0000000000e+00 1.0940456570e-01
576.42118044 3.5382364336e-01 1.4137803291e-15 0.0000000000e+00 1.4137803291e-15 3.5382364336e-01 0.0000000000e+00 0.0000000000e+00 0.0000000000e+00 1.0919487543e-01
576.65800097 3.5248400195e-01 1.4087669237e-15 0.0000000000e+00 1.4087669237e-15 3.5248400195e-01 0.0000000000e+00 0.0000000000e+00 0.0000000000e+00 1.0898575984e-01
576.89482151 3.5115213408e-01 1.4037535183e-15 0.0000000000e+00 1.4037535183e-15 3.5115213408e-01 0.0000000000e+00 0.0000000000e+00 0.0000000000e+00 1.0877721686e-01
577.13164204 3.4982797905e-01 1.3987401129e-15 0.0000000000e+00 1.3987401129e-15 3.4982797905e-01 0.0000000000e+00 0.0000000000e+00 0.0000000000e+00 1.0856924441e-01
577.36846258 3.4851147674e-01 1.3937267074e-15 0.0000000000e+00 1.3937267074e-15 3.4851147674e-01 0.0000000000e+00 0.0000000000e+00 0.0000000000e+00 1.0836184046e-01
577.60528311 3.4720256765e-01 1.3887133020e-15 0.0000000000e+00 1.3887133020e-15 3.4720256765e-01 0.0000000000e+00 0.0000000000e+00 0.0000000000e+00 1.0815500296e-01
577.84210365 3.4590119282e-01 1.3836998966e-15 0.0000000000e+00 1.3836998966e-15 3.4590119282e-01 0.0000000000e+00 0.0000000000e+00 0.0000000000e+00 1.0794872988e-01
578.07892418 3.4460729390e-01 1.3761797885e-15 0.0000000000e+00 1.3761797885e-15 3.4460729390e-01 0.0000000000e+00 0.0000000000e+00 0.0000000000e+00 1.0774301918e-01
578.31574471 3.4332081309e-01 1.3736730857e-15 0.0000000000e+00 1.3736730857e-15 3.4332081309e-01 0.0000000000e+00 0.0000000000e+00 0.0000000000e+00 1.0753786886e-01
578.55256525 3.4204169313e-01 1.3686596803e-15 0.0000000000e+00 1.3686596803e-15 3.4204169313e-01 0.0000000000e+00 0.0000000000e+00 0.0000000000e+00 1.0733327691e-01
578.78938578 3.4076987735e-01 1.3636462749e-15 0.0000000000e+00 1.3636462749e-15 3.4076987735e-01 0.0000000000e+00 0.0000000000e+00 0.0000000000e+00 1.0712924134e-01
579.02620632 3.3950530960e-01 1.3561261668e-15 0.0000000000e+00 1.3561261668e-15 3.3950530960e-01 0.0000000000e+00 0.0000000000e+00 0.0000000000e+00 1.0692576014e-01
579.26302685 3.3824793428e-01 1.3511127613e-15 0.0000000000e+00 1.3511127613e-15 3.3824793428e-01 0.0000000000e+00 0.0000000000e+00 0.0000000000e+00 1.0672283135e-01
579.49984739 3.3699769633e-01 1.3460993559e-15 0.0000000000e+00 1.3460993559e-15 3.3699769633e-01 0.0000000000e+00 0.0000000000e+00 0.0000000000e+00 1.0652045299e-01
579.73666792 3.3575454119e-01 1.3410859505e-15 0.0000000000e+00 1.3410859505e-15 3.3575454119e-01 0.0000000000e+00 0.0000000000e+00 0.0000000000e+00 1.0631862310e-01
579.97348845 3.3451841486e-01 1.3360725451e-15 0.0000000000e+00 1.3360725451e-15 3.3451841486e-01 0.0000000000e+00 0.0000000000e+00 0.0000000000e+00 1.0611733972e-01
580.21030899 3.3328926384e-01 1.3335658424e-15 0.0000000000e+00 1.3335658424e-15 3.3328926384e-01 0.0000000000e+00 0.0000000000e+00 0.0000000000e+00 1.0591660092e-01
580.44712952 3.3206703512e-01 1.3260457342e-15 0.0000000000e+00 1.3260457342e-15 3.3206703512e-01 0.0000000000e+00 0.0000000000e+00 0.0000000000e+00 1.0571640475e-01
580.68395006 3.3085167623e-01 1.3235390315e-15 0.0000000000e+00 1.3235390315e-15 3.3085167623e-01 0.0000000000e+00 0.0000000000e+00 0.0000000000e+00 1.0551674929e-01
580.92077059 3.2964313517e-01 1.3185256261e-15 0.0000000000e+00 1.3185256261e-15 3.2964313517e-01 0.0000000000e+00 0.0000000000e+00 0.0000000000e+00 1.0531763262e-01
581.15759113 3.2844136046e-01 1.3135122207e-15 0.0000000000e+00 1.3135122207e-15 3.2844136046e-01 0.0000000000e+00 0.0000000000e+00 0.0000000000e+00 1.0511905282e-01
581.39441166 3.2724630106e-01 1.3084988153e-15 0.0000000000e+00 1.3084988153e-15 3.2724630106e-01 0.0000000000e+00 0.0000000000e+00 0.0000000000e+00 1.0492100800e-01
581.63123219 3.2605790647e-01 1.3034854098e-15 0.0000000000e+00 1.3034854098e-15 3.2605790647e-01 0.0000000000e+00 0.0000000000e+00 0.0000000000e+00 1.0472349626e-01
581.86805273 3.2487612663e-01 1.3009787071e-15 0.0000000000e+00 1.3009787071e-15 3.2487612663e-01 0.0000000000e+00 0.0000000000e+00 0.0000000000e+00 1.0452651571e-01
582.10487326 3.2370091196e-01 1.2934585990e-15 0.0000000000e+00 1.2934585990e-15 3.2370091196e-01 0.0000000000e+00 0.0000000000e+00 0.0000000000e+00 1.0433006448e-01
582.34169380 3.2253221333e-01 1.2909518963e-15 0.0000000000e+00 1.2909518963e-15 3.2253221333e-01 0.0000000000e+00 0.0000000000e+00 0.0000000000e+00 1.0413414070e-01
582.57851433 3.2136998210e-01 1.2884451936e-15 0.0000000000e+00 1.2884451936e-15 3.2136998210e-01 0.0000000000e+00 0.0000000000e+00 0.0000000000e+00 1.0393874251e-01
582.81533487 3.2021417007e-01 1.2809250854e-15 0.0000000000e+00 1.2809250854e-15 3.2021417007e-01 0.0000000000e+00 0.0000000000e+00 0.0000000000e+00 1.0374386805e-01
583.05215540 3.1906472948e-01 1.2734049773e-15 0.0000000000e+00 1.2734049773e-15 3.1906472948e-01 0.0000000000e+00 0.0000000000e+00 0.0000000000e+00 1.0354951548e-01
583.28897593 3.1792161304e-01 1.2708982746e-15 0.0000000000e+00 1.2708982746e-15 3.1792161304e-01 0.0000000000e+00 0.0000000000e+00 0.0000000000e+00 1.0335568297e-01
583.52579647 3.1678477386e-01 1.2658848692e-15 0.0000000000e+00 1.2658848692e-15 3.1678477386e-01 0.0000000000e+00 0.0000000000e+00 0.0000000000e+00 1.0316236868e-01
583.76261700 3.1565416553e-01 1.2633781665e-15 0.0000000000e+00 1.2633781665e-15 3.1565416553e-01 0.0000000000e+00 0.0000000000e+00 0.0000000000e+00 1.0296957080e-01
583.99943754 3.1452974204e-01 1.2583647610e-15 0.0000000000e+00 1.2583647610e-15 3.1452974204e-01 0.0000000000e+00 0.0000000000e+00 0.0000000000e+00 1.0277728751e-01
584.23625807 3.1341145782e-01 1.2533513556e-15 0.0000000000e+00 1.2533513556e-15 3.1341145782e-01 0.0000000000e+00 0.0000000000e+00 0.0000000000e+00 1.0258551700e-01
584.47307861 3.1229926772e-01 1.2483379502e-15 0.0000000000e+00 1.2483379502e-15 3.1229926772e-01 0.0000000000e+00 0.0000000000e+00 0.0000000000e+00 1.0239425749e-01
584.70989914 3.1119312699e-01 1.2433245448e-15 0.0000000000e+00 1.2433245448e-15 3.1119312699e-01 0.0000000000e+00 0.0000000000e+00 0.0000000000e+00 1.0220350718e-01
584.94671967 3.1009299131e-01 1.2408178421e-15 0.0000000000e+00 1.2408178421e-15 3.1009299131e-01 0.0000000000e+00 0.0000000000e+00 0.0000000000e+00 1.0201326430e-01
585.18354021 3.0899881675e-01 1.2358044366e-15 0.0000000000e+00 1.2358044366e-15 3.0899881675e-01 0.0000000000e+00 0.0000000000e+00 0.0000000000e+00 1.0182352706e-01
585.42036074 3.0791055981e-01 1.2332977339e-15 0.0000000000e+00 1.2332977339e-15 3.0791055981e-01 0.0000000000e+00 0.0000000000e+00 0.0000000000e+00 1.0163429370e-01
585.65718128 3.0682817736e-01 1.2282843285e-15 0.0000000000e+00 1.2282843285e-15 3.0682817736e-01 0.0000000000e+00 0.0000000000e+00 0.0000000000e+00 1.0144556246e-01
585.89400181 3.0575162667e-01 1.2232709231e-15 0.0000000000e+00 1.2232709231e-15 3.0575162667e-01 0.0000000000e+00 0.0000000000e+00 0.0000000000e+00 1.0125733161e-01
586.13082235 3.0468086542e-01 1.2182575177e-15 0.0000000000e+00 1.2182575177e-15 3.0468086542e-01 0.0000000000e+00 0.0000000000e+00 0.0000000000e+00 1.0106959938e-01
586.36764288 3.0361585164e-01 1.2157508149e-15 0.0000000000e+00 1.2157508149e-15 3.0361585164e-01 0.0000000000e+00 0.0000000000e+00 0.0000000000e+00 1.0088236404e-01
586.60446341 3.0255654377e-01 1.2107374095e-15 0.0000000000e+00 1.2107374095e-15 3.0255654377e-01 0.0000000000e+00 0.0000000000e+00 0.0000000000e+00 1.0069562388e-01
586.84128395 3.0150290061e-01 1.2082307068e-15 0.0000000000e+00 1.2082307068e-15 3.0150290061e-01 0.0000000000e+00 0.0000000000e+00 0.0000000000e+00 1.0050937716e-01
587.07810448 3.0045488135e-01 1.2032173014e-15 0.0000000000e+00 1.2032173014e-15 3.0045488135e-01 0.0000000000e+00 0.0000000000e+00 0.0000000000e+00 1.0032362218e-01
587.31492502 2.9941244552e-01 1.1956971933e-15 0.0000000000e+00 1.1956971933e-15 2.9941244552e-01 0.0000000000e+00 0.0000000000e+00 0.0000000000e+00 1.0013835723e-01
587.55174555 2.9837555305e-01 1.1931904905e-15 0.0000000000e+00 1.1931904905e-15 2.9837555305e-01 0.0000000000e+00 0.0000000000e+00 0.0000000000e+00 9.9953580605e-02
587.78856609 2.9734416420e-01 1.1881770851e-15 0.0000000000e+00 1.1881770851e-15 2.9734416420e-01 0.0000000000e+00 0.0000000000e+00 0.0000000000e+00 9.9769290624e-02
588.02538662 2.9631823960e-01 1.1856703824e-15 0.0000000000e+00 1.1856703824e-15 2.9631823960e-01 0.0000000000e+00 0.0000000000e+00 0.0000000000e+00 9.9585485602e-02
588.26220715 2.9529774024e-01 1.1806569770e-15 0.0000000000e+00 1.1806569770e-15 2.9529774024e-01 0.0000000000e+00 0.0000000000e+00 0.0000000000e+00 9.9402163860e-02
588.49902769 2.9428262745e-01 1.1756435716e-15 0.0000000000e+00 1.1756435716e-15 2.9428262745e-01 0.0000000000e+00 0.0000000000e+00 0.0000000000e+00 9.9219323730e-02
588.73584822 2.9327286290e-01 1.1756435716e-15 0.0000000000e+00 1.1756435716e-15 2.9327286290e-01 0.0000000000e+00 0.0000000000e+00 0.0000000000e+00 9.9036963551e-02
588.97266876 2.9226840861e-01 1.1706301661e-15 0.0000000000e+00 1.1706301661e-15 2.9226840861e-01 0.0000000000e+00 0.0000000000e+00 0.0000000000e+00 9.8855081667e-02
589.20948929 2.9126922694e-01 1.1681234634e-15 0.0000000000e+00 1.1681234634e-15 2.9126922694e-01 0.0000000000e+00 0.0000000000e+00 0.0000000000e+00 9.8673676431e-02
589.44630983 2.9027528058e-01 1.1631100580e-15 0.0000000000e+00 1.1631100580e-15 2.9027528058e-01 0.0000000000e+00 0.0000000000e+00 0.0000000000e+00 9.8492746202e-02
589.68313036 2.8928653256e-01 1.1580966526e-15 0.0000000000e+00 1.1580966526e-15 2.8928653256e-01 0.0000000000e+00 0.0000000000e+00 0.0000000000e+00 9.8312289348e-02
589.91995089 2.8830294622e-01 1.1555899499e-15 0.0000000000e+00 1.1555899499e-15 2.8830294622e-01 0.0000000000e+00 0.0000000000e+00 0.0000000000e+00 9.8132304240e-02
590.15677143 2.8732448523e-01 1.1505765444e-15 0.0000000000e+00 1.1505765444e-15 2.8732448523e-01 0.0000000000e+00 0.0000000000e+00 0.0000000000e+00 9.7952789260e-02
590.39359196 2.8635111359e-01 1.1480698417e-15 0.0000000000e+00 1.1480698417e-15 2.8635111359e-01 0.0000000000e+00 0.0000000000e+00 0.0000000000e+00 9.7773742795e-02
590.63041250 2.8538279560e-01 1.1455631390e-15 0.0000000000e+00 1.1455631390e-15 2.8538279560e-01 0.0000000000e+00 0.0000000000e+00 0.0000000000e+00 9.7595163239e-02
590.86723303 2.8441949590e-01 1.1405497336e-15 0.0000000000e+00 1.1405497336e-15 2.8441949590e-01 0.0000000000e+00 0.0000000000e+00 0.0000000000e+00 9.7417048994e-02
591.10405357 2.8346117942e-01 1.1355363282e-15 0.0000000000e+00 1.1355363282e-15 2.8346117942e-01 0.0000000000e+00 0.0000000000e+00 0.0000000000e+00 9.7239398466e-02
591.34087410 2.8250781140e-01 1.1305229228e-15 0.0000000000e+00 1.1305229228e-15 2.8250781140e-01 0.0000000000e+00 0.0000000000e+00 0.0000000000e+00 9.7062210071e-02
591.57769463 2.8155935738e-01 1.1255095173e-15 0.0000000000e+00 1.1255095173e-15 2.8155935738e-01 0.0000000000e+00 0.0000000000e+00 0.0000000000e+00 9.6885482230e-02
591.81451517 2.8061578322e-01 1.1204961119e-15 0.0000000000e+00 1.1204961119e-15 2.8061578322e-01 0.0000000000e+00 0.0000000000e+00 0.0000000000e+00 9.6709213371e-02
592.05133570 2.7967705505e-01 1.1179894092e-15 0.0000000000e+00 1.1179894092e-15 2.7967705505e-01 0.0000000000e+00 0.0000000000e+00 0.0000000000e+00 9.6533401929e-02
592.28815624 2.7874313931e-01 1.1154827065e-15 0.0000000000e+00 1.1154827065e-15 2.7874313931e-01 0.0000000000e+00 0.0000000000e+00 0.0000000000e+00 9.6358046345e-02
592.52497677 2.7781400274e-01 1.1129760038e-15 0.0000000000e+00 1.1129760038e-15 2.7781400274e-01 0.0000000000e+00 0.0000000000e+00 0.0000000000e+00 9.6183145067e-02
592.76179731 2.7688961235e-01 1.1104693011e-15 0.0000000000e+00 1.1104693011e-15 2.7688961235e-01 0.0000000000e+00 0.0000000000e+00 0.0000000000e+00 9.6008696549e-02
592.99861784 2.7596993544e-01 1.1054558956e-15 0.0000000000e+00 1.1054558956e-15 2.7596993544e-01 0.0000000000e+00 0.0000000000e+00 0.0000000000e+00 9.5834699254e-02
593.23543837 2.7505493961e-01 1.1004424902e-15 0.0000000000e+00 1.1004424902e-15 2.7505493961e-01 0.0000000000e+00 0.0000000000e+00 0.0000000000e+00 9.5661151647e-02
593.47225891 2.7414459271e-01 1.0979357875e-15 0.0000000000e+00 1.0979357875e-15 2.7414459271e-01 0.0000000000e+00 0.0000000000e+00 0.0000000000e+00 9.5488052204e-02
593.70907944 2.7323886289e-01 1.0954290848e-15 0.0000000000e+00 1.0954290848e-15 2.7323886289e-01 0.0000000000e+00 0.0000000000e+00 0.0000000000e+00 9.5315399405e-02
593.94589998 2.7233771856e-01 1.0904156794e-15 0.0000000000e+00 1.0904156794e-15 2.7233771856e-01 0.0000000000e+00 0.0000000000e+00 0.0000000000e+00 9.5143191737e-02
594.18272051 2.7144112842e-01 1.0879089767e-15 0.0000000000e+00 1.0879089767e-15 2.7144112842e-01 0.0000000000e+00 0.0000000000e+00 0.0000000000e+00 9.4971427693e-02
594.41954105 2.7054906141e-01 1.0854022740e-15 0.0000000000e+00 1.0854022740e-15 2.7054906141e-01 0.0000000000e+00 0.0000000000e+00 0.0000000000e+00 9.4800105772e-02
594.65636158 2.6966148676e-01 1.0803888685e-15 0.0000000000e+00 1.0803888685e-15 2.6966148676e-01 0.0000000000e+00 0.0000000000e+00 0.0000000000e+00 9.4629224481e-02
594.89318211 2.6877837394e-01 1.0778821658e-15 0.0000000000e+00 1.0778821658e-15 2.6877837394e-01 0.0000000000e+00 0.0000000000e+00 0.0000000000e+00 9.4458782331e-02
595.13000265 2.6789969271e-01 1.0728687604e-15 0.0000000000e+00 1.0728687604e-15 2.6789969271e-01 0.0000000000e+00 0.0000000000e+00 0.0000000000e+00 9.4288777842e-02
595.36682318 2.6702541305e-01 1.0703620577e-15 0.0000000000e+00 1.0703620577e-15 2.6702541305e-01 0.0000000000e+00 0.0000000000e+00 0.0000000000e+00 9.4119209538e-02
595.60364372 2.6615550524e-01 1.0653486523e-15 0.0000000000e+00 1.0653486523e-15 2.6615550524e-01 0.0000000000e+00 0.0000000000e+00 0.0000000000e+00 9.3950075949e-02
595.84046425 2.6528993976e-01 1.0603352468e-15 0.0000000000e+00 1.0603352468e-15 2.6528993976e-01 0.0000000000e+00 0.0000000000e+00 0.0000000000e+00 9.3781375613e-02
596.07728479 2.6442868738e-01 1.0603352468e-15 0.0000000000e+00 1.0603352468e-15 2.6442868738e-01 0.0000000000e+00 0.0000000000e+00 0.0000000000e+00 9.3613107073e-02
596.31410532 2.6357171910e-01 1.0553218414e-15 0.0000000000e+00 1.0553218414e-15 2.6357171910e-01 0.0000000000e+00 0.0000000000e+00 0.0000000000e+00 9.3445268878e-02
596.55092585 2.6271900617e-01 1.0503084360e-15 0.0000000000e+00 1.0503084360e-15 2.6271900617e-01 0.0000000000e+00 0.0000000000e+00 0.0000000000e+00 9.3277859583e-02
596.78774639 2.6187052008e-01 1.0478017333e-15 0.0000000000e+00 1.0478017333e-15 2.6187052008e-01 0.0000000000e+00 0.0000000000e+00 0.0000000000e+00 9.3110877750e-02
597.02456692 2.6102623256e-01 1.0452950306e-15 0.0000000000e+00 1.0452950306e-15 2.6102623256e-01 0.0000000000e+00 0.0000000000e+00 0.0000000000e+00 9.2944321945e-02
597.26138746 2.6018611557e-01 1.0427883279e-15 0.0000000000e+00 1.0427883279e-15 2.6018611557e-01 0.0000000000e+00 0.0000000000e+00 0.0000000000e+00 9.2778190743e-02
597.49820799 2.5935014132e-01 1.0377749224e-15 0.0000000000e+00 1.0377749224e-15 2.5935014132e-01 0.0000000000e+00 0.0000000000e+00 0.0000000000e+00 9.2612482722e-02
597.73502853 2.5851828223e-01 1.0377749224e-15 0.0000000000e+00 1.0377749224e-15 2.5851828223e-01 0.0000000000e+00 0.0000000000e+00 0.0000000000e+00 9.2447196468e-02
597.97184906 2.5769051098e-01 1.0302548143e-15 0.0000000000e+00 1.0302548143e-15 2.5769051098e-01 0.0000000000e+00 0.0000000000e+00 0.0000000000e+00 9.2282330571e-02
598.20866959 2.5686680045e-01 1.0277481116e-15 0.0000000000e+00 1.0277481116e-15 2.5686680045e-01 0.0000000000e+00 0.0000000000e+00 0.0000000000e+00 9.2117883628e-02
598.44549013 2.5604712376e-01 1.0277481116e-15 0.0000000000e+00 1.0277481116e-15 2.5604712376e-01 0.0000000000e+00 0.0000000000e+00 0.0000000000e+00 9.1953854242e-02
598.68231066 2.5523145424e-01 1.0227347062e-15 0.0000000000e+00 1.0227347062e-15 2.5523145424e-01 0.0000000000e+00 0.0000000000e+00 0.0000000000e+00 9.1790241022e-02
598.91913120 2.5441976548e-01 1.0202280035e-15 0.0000000000e+00 1.0202280035e-15 2.5441976548e-01 0.0000000000e+00 0.0000000000e+00 0.0000000000e+00 9.1627042582e-02
599.15595173 2.5361203123e-01 1.0152145980e-15 0.0000000000e+00 1.0152145980e-15 2.5361203123e-01 0.0000000000e+00 0.0000000000e+00 0.0000000000e+00 9.1464257541e-02
599.39277227 2.5280822550e-01 1.0127078953e-15 0.0000000000e+00 1.0127078953e-15 2.5280822550e-01 0.0000000000e+00 0.0000000000e+00 0.0000000000e+00 9.1301884526e-02
599.62959280 2.5200832249e-01 1.0127078953e-15 0.0000000000e+00 1.0127078953e-15 2.5200832249e-01 0.0000000000e+00 0.0000000000e+00 0.0000000000e+00 9.1139922167e-02
599.86641333 2.5121229664e-01 1.0102011926e-15 0.0000000000e+00 1.0102011926e-15 2.5121229664e-01 0.0000000000e+00 0.0000000000e+00 0.0000000000e+00 9.0978369102e-02
600.10323387 2.5042012258e-01 1.0026810845e-15 0.0000000000e+00 1.0026810845e-15 2.5042012258e-01 0.0000000000e+00 0.0000000000e+00 0.0000000000e+00 9.0817223973e-02
600.34005440 2.4963177514e-01 9.9766767906e-16 0.0000000000e+00 9.9766767906e-16 2.4963177514e-01 0.0000000000e+00 0.0000000000e+00 0.0000000000e+00 9.0656485429e-02
600.57687494 2.4884722938e-01 9.9516097635e-16 0.0000000000e+00 9.9516097635e-16 2.4884722938e-01 0.0000000000e+00 0.0000000000e+00 0.0000000000e+00 9.0496152124e-02
600.81369547 2.4806646054e-01 9.9265427364e-16 0.0000000000e+00 9.9265427364e-16 2.4806646054e-01 0.0000000000e+00 0.0000000000e+00 0.0000000000e+00 9.0336222716e-02
601.05051601 2.4728944409e-01 9.9265427364e-16 0.0000000000e+00 9.9265427364e-16 2.4728944409e-01 0.0000000000e+00 0.0000000000e+00 0.0000000000e+00 9.0176695870e-02
601.28733654 2.4651615567e-01 9.8764086822e-16 0.0000000000e+00 9.8764086822e-16 2.4651615567e-01 0.0000000000e+00 0.0000000000e+00 0.0000000000e+00 9.0017570258e-02
601.52415707 2.4574657114e-01 9.8262746280e-16 0.0000000000e+00 9.8262746280e-16 2.4574657114e-01 0.0000000000e+00 0.0000000000e+00 0.0000000000e+00 8.9858844554e-02
601.76097761 2.4498066655e-01 9.8262746280e-16 0.0000000000e+00 9.8262746280e-16 2.4498066655e-01 0.0000000000e+00 0.0000000000e+00 0.0000000000e+00 8.9700517440e-02
601.99779814 2.4421841814e-01 9.8012076009e-16 0.0000000000e+00 9.8012076009e-16 2.4421841814e-01 0.0000000000e+00 0.0000000000e+00 0.0000000000e+00 8.9542587603e-02
602.23461868 2.4345980235e-01 9.7510735466e-16 0.0000000000e+00 9.7510735466e-16 2.4345980235e-01 0.0000000000e+00 0.0000000000e+00 0.0000000000e+00 8.9385053734e-02
602.47143921 2.4270479579e-01 9.7260065195e-16 0.0000000000e+00 9.7260065195e-16 2.4270479579e-01 0.0000000000e+00 0.0000000000e+00 0.0000000000e+00 8.9227914531e-02
602.70825975 2.4195337530e-01 9.7009394924e-16 0.0000000000e+00 9.7009394924e-16 2.4195337530e-01 0.0000000000e+00 0.0000000000e+00 0.0000000000e+00 8.9071168697e-02
602.94508028 2.4120551786e-01 9.6758724653e-16 0.0000000000e+00 9.6758724653e-16 2.4120551786e-01 0.0000000000e+00 0.0000000000e+00 0.0000000000e+00 8.8914814940e-02
603.18190081 2.4046120067e-01 9.6257384111e-16 0.0000000000e+00 9.6257384111e-16 2.4046120067e-01 0.0000000000e+00 0.0000000000e+00 0.0000000000e+00 8.8758851972e-02
603.41872135 2.3972040109e-01 9.6006713840e-16 0.0000000000e+00 9.6006713840e-16 2.3972040109e-01 0.0000000000e+00 0.0000000000e+00 0.0000000000e+00 8.8603278513e-02
603.65554188 2.3898309669e-01 9.5756043568e-16 0.0000000000e+00 9.5756043568e-16 2.3898309669e-01 0.0000000000e+00 0.0000000000e+00 0.0000000000e+00 8.8448093286e-02
603.89236242 2.3824926518e-01 9.5505373297e-16 0.0000000000e+00 9.5505373297e-16 2.3824926518e-01 0.0000000000e+00 0.0000000000e+00 0.0000000000e+00 8.8293295020e-02
604.12918295 2.3751888447e-01 9.5254703026e-16 0.0000000000e+00 9.5254703026e-16 2.3751888447e-01 0.0000000000e+00 0.0000000000e+00 0.0000000000e+00 8.8138882450e-02
604.36600349 2.3679193267e-01 9.5004032755e-16 0.0000000000e+00 9.5004032755e-16 2.3679193267e-01 0.0000000000e+00 0.0000000000e+00 0.0000000000e+00 8.7984854314e-02
604.60282402 2.3606838801e-01 9.4753362484e-16 0.0000000000e+00 9.4753362484e-16 2.3606838801e-01 0.0000000000e+00 0.0000000000e+00 0.0000000000e+00 8.7831209356e-02
604.83964455 2.3534822895e-01 9.4252021942e-16 0.0000000000e+00 9.4252021942e-16 2.3534822895e-01 0.0000000000e+00 0.0000000000e+00 0.0000000000e+00 8.7677946327e-02
605.07646509 2.3463143407e-01 9.4001351671e-16 0.0000000000e+00 9.4001351671e-16 2.3463143407e-01 0.0000000000e+00 0.0000000000e+00 0.0000000000e+00 8.7525063981e-02
605.31328562 2.3391798217e-01 9.3500011128e-16 0.0000000000e+00 9.3500011128e-16 2.3391798217e-01 0.0000000000e+00 0.0000000000e+00 0.0000000000e+00 8.7372561078e-02
605.55010616 2.3320785217e-01 9.3500011128e-16 0.0000000000e+00 9.3500011128e-16 2.3320785217e-01 0.0000000000e+00 0.0000000000e+00 0.0000000000e+00 8.7220436382e-02
605.78692669 2.3250102319e-01 9.3249340857e-16 0.0000000000e+00 9.3249340857e-16 2.3250102319e-01 0.0000000000e+00 0.0000000000e+00 0.0000000000e+00 8.7068688662e-02
606.02374723 2.3179747451e-01 9.2748000315e-16 0.0000000000e+00 9.2748000315e-16 2.3179747451e-01 0.0000000000e+00 0.0000000000e+00 0.0000000000e+00 8.6917316694e-02
606.26056776 2.3109718555e-01 9.2497330044e-16 0.0000000000e+00 9.2497330044e-16 2.3109718555e-01 0.0000000000e+00 0.0000000000e+00 0.0000000000e+00 8.6766319256e-02
606.49738829 2.3040013592e-01 9.2246659773e-16 0.0000000000e+00 9.2246659773e-16 2.3040013592e-01 0.0000000000e+00 0.0000000000e+00 0.0000000000e+00 8.6615695134e-02
606.73420883 2.2970630538e-01 9.1995989502e-16 0.0000000000e+00 9.1995989502e-16 2.2970630538e-01 0.0000000000e+00 0.0000000000e+00 0.0000000000e+00 8.6465443117e-02
606.97102936 2.2901567385e-01 9.1745319231e-16 0.0000000000e+00 9.1745319231e-16 2.2901567385e-01 0.0000000000e+00 0.0000000000e+00 0.0000000000e+00 8.6315561999e-02
607.20784990 2.2832822140e-01 9.1745319231e-16 0.0000000000e+00 9.1745319231e-16 2.2832822140e-01 0.0000000000e+00 0.0000000000e+00 0.0000000000e+00 8.6166050579e-02
607.44467043 2.2764392826e-01 9.1494648959e-16 0.0000000000e+00 9.1494648959e-16 2.2764392826e-01 0.0000000000e+00 0.0000000000e+00 0.0000000000e+00 8.6016907661e-02
607.68149097 2.2696277481e-01 9.0993308417e-16 0.0000000000e+00 9.0993308417e-16 2.2696277481e-01 0.0000000000e+00 0.0000000000e+00 0.0000000000e+00 8.5868132053e-02
607.91831150 2.2628474161e-01 9.0993308417e-16 0.0000000000e+00 9.0993308417e-16 2.2628474161e-01 0.0000000000e+00 0.0000000000e+00 0.0000000000e+00 8.5719722571e-02
608.15513203 2.2560980933e-01 9.0742638146e-16 0.0000000000e+00 9.0742638146e-16 2.2560980933e-01 0.0000000000e+00 0.0000000000e+00 0.0000000000e+00 8.5571678030e-02
608.39195257 2.2493795882e-01 9.0241297604e-16 0.0000000000e+00 9.0241297604e-16 2.2493795882e-01 0.0000000000e+00 0.0000000000e+00 0.0000000000e+00 8.5423997256e-02
608.62877310 2.2426917106e-01 8.9990627333e-16 0.0000000000e+00 8.9990627333e-16 2.2426917106e-01 0.0000000000e+00 0.0000000000e+00 0.0000000000e+00 8.5276679075e-02
608.86559364 2.2360342719e-01 8.9739957062e-16 0.0000000000e+00 8.9739957062e-16 2.2360342719e-01 0.0000000000e+00 0.0000000000e+00 0.0000000000e+00 8.5129722320e-02
609.10241417 2.2294070849e-01 8.9489286790e-16 0.0000000000e+00 8.9489286790e-16 2.2294070849e-01 0.0000000000e+00 0.0000000000e+00 0.0000000000e+00 8.4983125828e-02
609.33923471 2.2228099639e-01 8.9238616519e-16 0.0000000000e+00 8.9238616519e-16 2.2228099639e-01 0.0000000000e+00 0.0000000000e+00 0.0000000000e+00 8.4836888441e-02
609.57605524 2.2162427246e-01 8.8737275977e-16 0.0000000000e+00 8.8737275977e-16 2.2162427246e-01 0.0000000000e+00 0.0000000000e+00 0.0000000000e+00 8.4691009005e-02
609.81287577 2.2097051840e-01 8.8486605706e-16 0.0000000000e+00 8.8486605706e-16 2.2097051840e-01 0.0000000000e+00 0.0000000000e+00 0.0000000000e+00 8.4545486371e-02
610.04969631 2.2031971607e-01 8.8235935435e-16 0.0000000000e+00 8.8235935435e-16 2.2031971607e-01 0.0000000000e+00 0.0000000000e+00 0.0000000000e+00 8.4400319395e-02
610.28651684 2.1967184747e-01 8.7985265164e-16 0.0000000000e+00 8.7985265164e-16 2.1967184747e-01 0.0000000000e+00 0.0000000000e+00 0.0000000000e+00 8.4255506938e-02
610.52333738 2.1902689471e-01 8.7734594893e-16 0.0000000000e+00 8.7734594893e-16 2.1902689471e-01 0.0000000000e+00 0.0000000000e+00 0.0000000000e+00 8.4111047863e-02
610.76015791 2.1838484007e-01 8.7483924621e-16 0.0000000000e+00 8.7483924621e-16 2.1838484007e-01 0.0000000000e+00 0.0000000000e+00 0.0000000000e+00 8.3966941040e-02
610.99697845 2.1774566595e-01 8.7233254350e-16 0.0000000000e+00 8.7233254350e-16 2.1774566595e-01 0.0000000000e+00 0.0000000000e+00 0.0000000000e+00 8.3823185342e-02
611.23379898 2.1710935487e-01 8.7233254350e-16 0.0000000000e+00 8.7233254350e-16 2.1710935487e-01 0.0000000000e+00 0.0000000000e+00 0.0000000000e+00 8.3679779648e-02
611.47061951 2.1647588952e-01 8.6731913808e-16 0.0000000000e+00 8.6731913808e-16 2.1647588952e-01 0.0000000000e+00 0.0000000000e+00 0.0000000000e+00 8.3536722841e-02
611.70744005 2.1584525268e-01 8.6731913808e-16 0.0000000000e+00 8.6731913808e-16 2.1584525268e-01 0.0000000000e+00 0.0000000000e+00 0.0000000000e+00 8.3394013807e-02
611.94426058 2.1521742730e-01 8.6481243537e-16 0.0000000000e+00 8.6481243537e-16 2.1521742730e-01 0.0000000000e+00 0.0000000000e+00 0.0000000000e+00 8.3251651439e-02
612.18108112 2.1459239642e-01 8.6230573266e-16 0.0000000000e+00 8.6230573266e-16 2.1459239642e-01 0.0000000000e+00 0.0000000000e+00 0.0000000000e+00 8.3109634631e-02
612.41790165 2.1397014324e-01 8.5729232724e-16 0.0000000000e+00 8.5729232724e-16 2.1397014324e-01 0.0000000000e+00 0.0000000000e+00 0.0000000000e+00 8.2967962284e-02
612.65472219 2.1335065108e-01 8.5729232724e-16 0.0000000000e+00 8.5729232724e-16 2.1335065108e-01 0.0000000000e+00 0.0000000000e+00 0.0000000000e+00 8.2826633303e-02
612.89154272 2.1273390336e-01 8.5478562452e-16 0.0000000000e+00 8.5478562452e-16 2.1273390336e-01 0.0000000000e+00 0.0000000000e+00 0.0000000000e+00 8.2685646597e-02
613.12836325 2.1211988367e-01 8.5227892181e-16 0.0000000000e+00 8.5227892181e-16 2.1211988367e-01 0.0000000000e+00 0.0000000000e+00 0.0000000000e+00 8.2545001079e-02
613.36518379 2.1150857569e-01 8.4977221910e-16 0.0000000000e+00 8.4977221910e-16 2.1150857569e-01 0.0000000000e+00 0.0000000000e+00 0.0000000000e+00 8.2404695666e-02
613.60200432 2.1089996323e-01 8.4726551639e-16 0.0000000000e+00 8.4726551639e-16 2.1089996323e-01 0.0000000000e+00 0.0000000000e+00 0.0000000000e+00 8.2264729280e-02
613.83882486 2.1029403022e-01 8.4475881368e-16 0.0000000000e+00 8.4475881368e-16 2.1029403022e-01 0.0000000000e+00 0.0000000000e+00 0.0000000000e+00 8.2125100847e-02
614.07564539 2.0969076072e-01 8.4225211097e-16 0.0000000000e+00 8.4225211097e-16 2.0969076072e-01 0.0000000000e+00 0.0000000000e+00 0.0000000000e+00 8.1985809298e-02
614.31246593 2.0909013889e-01 8.3974540826e-16 0.0000000000e+00 8.3974540826e-16 2.0909013889e-01 0.0000000000e+00 0.0000000000e+00 0.0000000000e+00 8.1846853567e-02
614.54928646 2.0849214904e-01 8.3473200284e-16 0.0000000000e+00 8.3473200284e-16 2.0849214904e-01 0.0000000000e+00 0.0000000000e+00 0.0000000000e+00 8.1708232593e-02
614.78610699 2.0789677557e-01 8.3222530012e-16 0.0000000000e+00 8.3222530012e-16 2.0789677557e-01 0.0000000000e+00 0.0000000000e+00 0.0000000000e+00 8.1569945318e-02
615.02292753 2.0730400300e-01 8.2971859741e-16 0.0000000000e+00 8.2971859741e-16 2.0730400300e-01 0.0000000000e+00 0.0000000000e+00 0.0000000000e+00 8.1431990689e-02
615.25974806 2.0671381597e-01 8.2721189470e-16 0.0000000000e+00 8.2721189470e-16 2.0671381597e-01 0.0000000000e+00 0.0000000000e+00 0.0000000000e+00 8.1294367658e-02
615.49656860 2.0612619924e-01 8.2721189470e-16 0.0000000000e+00 8.2721189470e-16 2.0612619924e-01 0.0000000000e+00 0.0000000000e+00 0.0000000000e+00 8.1157075179e-02
615.73338913 2.0554113766e-01 8.2470519199e-16 0.0000000000e+00 8.2470519199e-16 2.0554113766e-01 0.0000000000e+00 0.0000000000e+00 0.0000000000e+00 8.1020112213e-02
615.97020967 2.0495861623e-01 8.2219848928e-16 0.0000000000e+00 8.2219848928e-16 2.0495861623e-01 0.0000000000e+00 0.0000000000e+00 0.0000000000e+00 8.0883477722e-02
616.20703020 2.0437862002e-01 8.2219848928e-16 0.0000000000e+00 8.2219848928e-16 2.0437862002e-01 0.0000000000e+00 0.0000000000e+00 0.0000000000e+00 8.0747170674e-02
616.44385073 2.0380113423e-01 8.1718508386e-16 0.0000000000e+00 8.1718508386e-16 2.0380113423e-01 0.0000000000e+00 0.0000000000e+00 0.0000000000e+00 8.0611190040e-02
616.68067127 2.0322614418e-01 8.1718508386e-16 0.0000000000e+00 8.1718508386e-16 2.0322614418e-01 0.0000000000e+00 0.0000000000e+00 0.0000000000e+00 8.0475534796e-02
616.91749180 2.0265363528e-01 8.1217167843e-16 0.0000000000e+00 8.1217167843e-16 2.0265363528e-01 0.0000000000e+00 0.0000000000e+00 0.0000000000e+00 8.0340203921e-02
617.15431234 2.0208359304e-01 8.1217167843e-16 0.0000000000e+00 8.1217167843e-16 2.0208359304e-01 0.0000000000e+00 0.0000000000e+00 0.0000000000e+00 8.0205196398e-02
617.39113287 2.0151600311e-01 8.0966497572e-16 0.0000000000e+00 8.0966497572e-16 2.0151600311e-01 0.0000000000e+00 0.0000000000e+00 0.0000000000e+00 8.0070511216e-02
617.62795341 2.0095085122e-01 8.0715827301e-16 0.0000000000e+00 8.0715827301e-16 2.0095085122e-01 0.0000000000e+00 0.0000000000e+00 0.0000000000e+00 7.9936147365e-02
617.86477394 2.0038812319e-01 8.0465157030e-16 0.0000000000e+00 8.0465157030e-16 2.0038812319e-01 0.0000000000e+00 0.0000000000e+00 0.0000000000e+00 7.9802103841e-02
618.10159447 1.9982780498e-01 8.0214486759e-16 0.0000000000e+00 8.0214486759e-16 1.9982780498e-01 0.0000000000e+00 0.0000000000e+00 0.0000000000e+00 7.9668379642e-02
618.33841501 1.9926988263e-01 7.9963816488e-16 0.0000000000e+00 7.9963816488e-16 1.9926988263e-01 0.0000000000e+00 0.0000000000e+00 0.0000000000e+00 7.9534973773e-02
618.57523554 1.9871434229e-01 7.9963816488e-16 0.0000000000e+00 7.9963816488e-16 1.9871434229e-01 0.0000000000e+00 0.0000000000e+00 0.0000000000e+00 7.9401885239e-02
618.81205608 1.9816117019e-01 7.9713146217e-16 0.0000000000e+00 7.9713146217e-16 1.9816117019e-01 0.0000000000e+00 0.0000000000e+00 0.0000000000e+00 7.9269113052e-02
619.04887661 1.9761035269e-01 7.9462475946e-16 0.0000000000e+00 7.9462475946e-16 1.9761035269e-01 0.0000000000e+00 0.0000000000e+00 0.0000000000e+00 7.9136656226e-02
619.28569715 1.9706187624e-01 7.9462475946e-16 0.0000000000e+00 7.9462475946e-16 1.9706187624e-01 0.0000000000e+00 0.0000000000e+00 0.0000000000e+00 7.9004513780e-02
619.52251768 1.9651572737e-01 7.8710465132e-16 0.0000000000e+00 7.8710465132e-16 1.9651572737e-01 0.0000000000e+00 0.0000000000e+00 0.0000000000e+00 7.8872684735e-02
619.75933821 1.9597189273e-01 7.8459794861e-16 0.0000000000e+00 7.8459794861e-16 1.9597189273e-01 0.0000000000e+00 0.0000000000e+00 0.0000000000e+00 7.8741168118e-02
619.99615875 1.9543035905e-01 7.8459794861e-16 0.0000000000e+00 7.8459794861e-16 1.9543035905e-01 0.0000000000e+00 0.0000000000e+00 0.0000000000e+00 7.8609962959e-02
620.23297928 1.9489111316e-01 7.7958454319e-16 0.0000000000e+00 7.7958454319e-16 1.9489111316e-01 0.0000000000e+00 0.0000000000e+00 0.0000000000e+00 7.8479068290e-02
620.46979982 1.9435414200e-01 7.7958454319e-16 0.0000000000e+00 7.7958454319e-16 1.9435414200e-01 0.0000000000e+00 0.0000000000e+00 0.0000000000e+00 7.8348483150e-02
620.70662035 1.9381943258e-01 7.7707784048e-16 0.0000000000e+00 7.7707784048e-16 1.9381943258e-01 0.0000000000e+00 0.0000000000e+00 0.0000000000e+00 7.8218206579e-02
620.94344089 1.9328697202e-01 7.7457113777e-16 0.0000000000e+00 7.7457113777e-16 1.9328697202e-01 0.0000000000e+00 0.0000000000e+00 0.0000000000e+00 7.8088237622e-02
621.18026142 1.9275674752e-01 7.7457113777e-16 0.0000000000e+00 7.7457113777e-16 1.9275674752e-01 0.0000000000e+00 0.0000000000e+00 0.0000000000e+00 7.7958575327e-02
621.41708195 1.9222874638e-01 7.7206443505e-16 0.0000000000e+00 7.7206443505e-16 1.9222874638e-01 0.0000000000e+00 0.0000000000e+00 0.0000000000e+00 7.7829218745e-02
621.65390249 1.9170295599e-01 7.6955773234e-16 0.0000000000e+00 7.6955773234e-16 1.9170295599e-01 0.0000000000e+00 0.0000000000e+00 0.0000000000e+00 7.7700166934e-02
621.89072302 1.9117936383e-01 7.6955773234e-16 0.0000000000e+00 7.6955773234e-16 1.9117936383e-01 0.0000000000e+00 0.0000000000e+00 0.0000000000e+00 7.7571418951e-02
622.12754356 1.9065795747e-01 7.6454432692e-16 0.0000000000e+00 7.6454432692e-16 1.9065795747e-01 0.0000000000e+00 0.0000000000e+00 0.0000000000e+00 7.7442973860e-02
622.36436409 1.9013872456e-01 7.6454432692e-16 0.0000000000e+00 7.6454432692e-16 1.9013872456e-01 0.0000000000e+00 0.0000000000e+00 0.0000000000e+00 7.7314830727e-02
622.60118462 1.8962165284e-01 7.6203762421e-16 0.0000000000e+00 7.6203762421e-16 1.8962165284e-01 0.0000000000e+00 0.0000000000e+00 0.0000000000e+00 7.7186988622e-02
622.83800516 1.8910673014e-01 7.5953092150e-16 0.0000000000e+00 7.5953092150e-16 1.8910673014e-01 0.0000000000e+00 0.0000000000e+00 0.0000000000e+00 7.7059446618e-02
623.07482569 1.8859394439e-01 7.5953092150e-16 0.0000000000e+00 7.5953092150e-16 1.8859394439e-01 0.0000000000e+00 0.0000000000e+00 0.0000000000e+00 7.6932203793e-02
623.31164623 1.8808328358e-01 7.5702421879e-16 0.0000000000e+00 7.5702421879e-16 1.8808328358e-01 0.0000000000e+00 0.0000000000e+00 0.0000000000e+00 7.6805259228e-02
623.54846676 1.8757473580e-01 7.5326416472e-16 0.0000000000e+00 7.5326416472e-16 1.8757473580e-01 0.0000000000e+00 0.0000000000e+00 0.0000000000e+00 7.6678612005e-02
623.78528730 1.8706828922e-01 7.5075746201e-16 0.0000000000e+00 7.5075746201e-16 1.8706828922e-01 0.0000000000e+00 0.0000000000e+00 0.0000000000e+00 7.6552261214e-02
624.02210783 1.8656393210e-01 7.4950411065e-16 0.0000000000e+00 7.4950411065e-16 1.8656393210e-01 0.0000000000e+00 0.0000000000e+00 0.0000000000e+00 7.6426205945e-02
624.25892836 1.8606165276e-01 7.4825075930e-16 0.0000000000e+00 7.4825075930e-16 1.8606165276e-01 0.0000000000e+00 0.0000000000e+00 0.0000000000e+00 7.6300445293e-02
624.49574890 1.8556143964e-01 7.4574405659e-16 0.0000000000e+00 7.4574405659e-16 1.8556143964e-01 0.0000000000e+00 0.0000000000e+00 0.0000000000e+00 7.6174978355e-02
624.73256943 1.8506328122e-01 7.4449070523e-16 0.0000000000e+00 7.4449070523e-16 1.8506328122e-01 0.0000000000e+00 0.0000000000e+00 0.0000000000e+00 7.6049804233e-02
624.96938997 1.8456716610e-01 7.4198400252e-16 0.0000000000e+00 7.4198400252e-16 1.8456716610e-01 0.0000000000e+00 0.0000000000e+00 0.0000000000e+00 7.5924922033e-02
625.20621050 1.8407308292e-01 7.3947729981e-16 0.0000000000e+00 7.3947729981e-16 1.8407308292e-01 0.0000000000e+00 0.0000000000e+00 0.0000000000e+00 7.5800330861e-02
625.44303104 1.8358102043e-01 7.3697059710e-16 0.0000000000e+00 7.3697059710e-16 1.8358102043e-01 0.0000000000e+00 0.0000000000e+00 0.0000000000e+00 7.5676029830e-02
625.67985157 1.8309096744e-01 7.3571724574e-16 0.0000000000e+00 7.3571724574e-16 1.8309096744e-01 0.0000000000e+00 0.0000000000e+00 0.0000000000e+00 7.5552018055e-02
625.91667210 1.8260291285e-01 7.3446389439e-16 0.0000000000e+00 7.3446389439e-16 1.8260291285e-01 0.0000000000e+00 0.0000000000e+00 0.0000000000e+00 7.5428294655e-02
626.15349264 1.8211684563e-01 7.3195719168e-16 0.0000000000e+00 7.3195719168e-16 1.8211684563e-01 0.0000000000e+00 0.0000000000e+00 0.0000000000e+00 7.5304858750e-02
626.39031317 1.8163275483e-01 7.2945048896e-16 0.0000000000e+00 7.2945048896e-16 1.8163275483e-01 0.0000000000e+00 0.0000000000e+00 0.0000000000e+00 7.5181709466e-02
626.62713371 1.8115062958e-01 7.2819713761e-16 0.0000000000e+00 7.2819713761e-16 1.8115062958e-01 0.0000000000e+00 0.0000000000e+00 0.0000000000e+00 7.5058845931e-02
626.86395424 1.8067045907e-01 7.2569043490e-16 0.0000000000e+00 7.2569043490e-16 1.8067045907e-01 0.0000000000e+00 0.0000000000e+00 0.0000000000e+00 7.4936267277e-02
627.10077478 1.8019223258e-01 7.2443708354e-16 0.0000000000e+00 7.2443708354e-16 1.8019223258e-01 0.0000000000e+00 0.0000000000e+00 0.0000000000e+00 7.4813972639e-02
627.33759531 1.7971593946e-01 7.2193038083e-16 0.0000000000e+00 7.2193038083e-16 1.7971593946e-01 0.0000000000e+00 0.0000000000e+00 0.0000000000e+00 7.4691961154e-02
627.57441584 1.7924156913e-01 7.2067702947e-16 0.0000000000e+00 7.2067702947e-16 1.7924156913e-01 0.0000000000e+00 0.0000000000e+00 0.0000000000e+00 7.4570231965e-02
627.81123638 1.7876911108e-01 7.1817032676e-16 0.0000000000e+00 7.1817032676e-16 1.7876911108e-01 0.0000000000e+00 0.0000000000e+00 0.0000000000e+00 7.4448784215e-02
628.04805691 1.7829855488e-01 7.1691697541e-16 0.0000000000e+00 7.1691697541e-16 1.7829855488e-01 0.0000000000e+00 0.0000000000e+00 0.0000000000e+00 7.4327617054e-02
628.28487745 1.7782989017e-01 7.1441027270e-16 0.0000000000e+00 7.1441027270e-16 1.7782989017e-01 0.0000000000e+00 0.0000000000e+00 0.0000000000e+00 7.4206729631e-02
628.52169798 1.7736310667e-01 7.1441027270e-16 0.0000000000e+00 7.1441027270e-16 1.7736310667e-01 0.0000000000e+00 0.0000000000e+00 0.0000000000e+00 7.4086121101e-02
628.75851852 1.7689819414e-01 7.1190356999e-16 0.0000000000e+00 7.1190356999e-16 1.7689819414e-01 0.0000000000e+00 0.0000000000e+00 0.0000000000e+00 7.3965790621e-02
628.99533905 1.7643514244e-01 7.0939686727e-16 0.0000000000e+00 7.0939686727e-16 1.7643514244e-01 0.0000000000e+00 0.0000000000e+00 0.0000000000e+00 7.3845737353e-02
629.23215958 1.7597394148e-01 7.0689016456e-16 0.0000000000e+00 7.0689016456e-16 1.7597394148e-01 0.0000000000e+00 0.0000000000e+00 0.0000000000e+00 7.3725960459e-02
629.46898012 1.7551458127e-01 7.0563681321e-16 0.0000000000e+00 7.0563681321e-16 1.7551458127e-01 0.0000000000e+00 0.0000000000e+00 0.0000000000e+00 7.3606459107e-02
629.70580065 1.7505705184e-01 7.0438346185e-16 0.0000000000e+00 7.0438346185e-16 1.7505705184e-01 0.0000000000e+00 0.0000000000e+00 0.0000000000e+00 7.3487232467e-02
629.94262119 1.7460134333e-01 7.0187675914e-16 0.0000000000e+00 7.0187675914e-16 1.7460134333e-01 0.0000000000e+00 0.0000000000e+00 0.0000000000e+00 7.3368279711e-02
630.17944172 1.7414744592e-01 6.9937005643e-16 0.0000000000e+00 6.9937005643e-16 1.7414744592e-01 0.0000000000e+00 0.0000000000e+00 0.0000000000e+00 7.3249600017e-02
630.41626226 1.7369534988e-01 6.9811670507e-16 0.0000000000e+00 6.9811670507e-16 1.7369534988e-01 0.0000000000e+00 0.0000000000e+00 0.0000000000e+00 7.3131192562e-02
630.65308279 1.7324504551e-01 6.9686335372e-16 0.0000000000e+00 6.9686335372e-16 1.7324504551e-01 0.0000000000e+00 0.0000000000e+00 0.0000000000e+00 7.3013056530e-02
630.88990332 1.7279652322e-01 6.9435665101e-16 0.0000000000e+00 6.9435665101e-16 1.7279652322e-01 0.0000000000e+00 0.0000000000e+00 0.0000000000e+00 7.2895191105e-02
631.12672386 1.7234977346e-01 6.9310329965e-16 0.0000000000e+00 6.9310329965e-16 1.7234977346e-01 0.0000000000e+00 0.0000000000e+00 0.0000000000e+00 7.2777595477e-02
631.36354439 1.7190478674e-01 6.9184994830e-16 0.0000000000e+00 6.9184994830e-16 1.7190478674e-01 0.0000000000e+00 0.0000000000e+00 0.0000000000e+00 7.2660268837e-02
631.60036493 1.7146155364e-01 6.9059659694e-16 0.0000000000e+00 6.9059659694e-16 1.7146155364e-01 0.0000000000e+00 0.0000000000e+00 0.0000000000e+00 7.2543210379e-02
631.83718546 1.7102006481e-01 6.8683654287e-16 0.0000000000e+00 6.8683654287e-16 1.7102006481e-01 0.0000000000e+00 0.0000000000e+00 0.0000000000e+00 7.2426419300e-02
632.07400600 1.7058031096e-01 6.8558319152e-16 0.0000000000e+00 6.8558319152e-16 1.7058031096e-01 0.0000000000e+00 0.0000000000e+00 0.0000000000e+00 7.2309894801e-02
632.31082653 1.7014228285e-01 6.8432984016e-16 0.0000000000e+00 6.8432984016e-16 1.7014228285e-01 0.0000000000e+00 0.0000000000e+00 0.0000000000e+00 7.2193636086e-02
632.54764706 1.6970597132e-01 6.8182313745e-16 0.0000000000e+00 6.8182313745e-16 1.6970597132e-01 0.0000000000e+00 0.0000000000e+00 0.0000000000e+00 7.2077642360e-02
632.78446760 1.6927136725e-01 6.8056978610e-16 0.0000000000e+00 6.8056978610e-16 1.6927136725e-01 0.0000000000e+00 0.0000000000e+00 0.0000000000e+00 7.1961912834e-02
633.02128813 1.6883846161e-01 6.7931643474e-16 0.0000000000e+00 6.7931643474e-16 1.6883846161e-01 0.0000000000e+00 0.0000000000e+00 0.0000000000e+00 7.1846446718e-02
633.25810867 1.6840724541e-01 6.7806308338e-16 0.0000000000e+00 6.7806308338e-16 1.6840724541e-01 0.0000000000e+00 0.0000000000e+00 0.0000000000e+00 7.1731243229e-02
633.49492920 1.6797770971e-01 6.7555638067e-16 0.0000000000e+00 6.7555638067e-16 1.6797770971e-01 0.0000000000e+00 0.0000000000e+00 0.0000000000e+00 7.1616301585e-02
633.73174974 1.6754984566e-01 6.7430302932e-16 0.0000000000e+00 6.7430302932e-16 1.6754984566e-01 0.0000000000e+00 0.0000000000e+00 0.0000000000e+00 7.1501621005e-02
633.96857027 1.6712364444e-01 6.7179632661e-16 0.0000000000e+00 6.7179632661e-16 1.6712364444e-01 0.0000000000e+00 0.0000000000e+00 0.0000000000e+00 7.1387200715e-02
634.20539080 1.6669909731e-01 6.7179632661e-16 0.0000000000e+00 6.7179632661e-16 1.6669909731e-01 0.0000000000e+00 0.0000000000e+00 0.0000000000e+00 7.1273039941e-02
634.44221134 1.6627619556e-01 6.6928962389e-16 0.0000000000e+00 6.6928962389e-16 1.6627619556e-01 0.0000000000e+00 0.0000000000e+00 0.0000000000e+00 7.1159137912e-02
634.67903187 1.6585493058e-01 6.6678292118e-16 0.0000000000e+00 6.6678292118e-16 1.6585493058e-01 0.0000000000e+00 0.0000000000e+00 0.0000000000e+00 7.1045493860e-02
634.91585241 1.6543529377e-01 6.6552956983e-16 0.0000000000e+00 6.6552956983e-16 1.6543529377e-01 0.0000000000e+00 0.0000000000e+00 0.0000000000e+00 7.0932107022e-02
635.15267294 1.6501727663e-01 6.6302286712e-16 0.0000000000e+00 6.6302286712e-16 1.6501727663e-01 0.0000000000e+00 0.0000000000e+00 0.0000000000e+00 7.0818976634e-02
635.38949348 1.6460087068e-01 6.6176951576e-16 0.0000000000e+00 6.6176951576e-16 1.6460087068e-01 0.0000000000e+00 0.0000000000e+00 0.0000000000e+00 7.0706101938e-02
635.62631401 1.6418606751e-01 6.5926281305e-16 0.0000000000e+00 6.5926281305e-16 1.6418606751e-01 0.0000000000e+00 0.0000000000e+00 0.0000000000e+00 7.0593482178e-02
635.86313454 1.6377285878e-01 6.5800946169e-16 0.0000000000e+00 6.5800946169e-16 1.6377285878e-01 0.0000000000e+00 0.0000000000e+00 0.0000000000e+00 7.0481116599e-02
636.09995508 1.6336123618e-01 6.5675611034e-16 0.0000000000e+00 6.5675611034e-16 1.6336123618e-01 0.0000000000e+00 0.0000000000e+00 0.0000000000e+00 7.0369004451e-02
636.33677561 1.6295119147e-01 6.5550275898e-16 0.0000000000e+00 6.5550275898e-16 1.6295119147e-01 0.0000000000e+00 0.0000000000e+00 0.0000000000e+00 7.0257144985e-02
636.57359615 1.6254271645e-01 6.5424940763e-16 0.0000000000e+00 6.5424940763e-16 1.6254271645e-01 0.0000000000e+00 0.0000000000e+00 0.0000000000e+00 7.0145537457e-02
636.81041668 1.6213580299e-01 6.5299605627e-16 0.0000000000e+00 6.5299605627e-16 1.6213580299e-01 0.0000000000e+00 0.0000000000e+00 0.0000000000e+00 7.0034181124e-02
637.04723722 1.6173044301e-01 6.5174270492e-16 0.0000000000e+00 6.5174270492e-16 1.6173044301e-01 0.0000000000e+00 0.0000000000e+00 0.0000000000e+00 6.9923075246e-02
637.28405775 1.6132662847e-01 6.4923600221e-16 0.0000000000e+00 6.4923600221e-16 1.6132662847e-01 0.0000000000e+00 0.0000000000e+00 0.0000000000e+00 6.9812219085e-02
637.52087828 1.6092435140e-01 6.4672929949e-16 0.0000000000e+00 6.4672929949e-16 1.6092435140e-01 0.0000000000e+00 0.0000000000e+00 0.0000000000e+00 6.9701611908e-02
637.75769882 1.6052360387e-01 6.4547594814e-16 0.0000000000e+00 6.4547594814e-16 1.6052360387e-01 0.0000000000e+00 0.0000000000e+00 0.0000000000e+00 6.9591252982e-02
637.99451935 1.6012437799e-01 6.4422259678e-16 0.0000000000e+00 6.4422259678e-16 1.6012437799e-01 0.0000000000e+00 0.0000000000e+00 0.0000000000e+00 6.9481141578e-02
638.23133989 1.5972666595e-01 6.4171589407e-16 0.0000000000e+00 6.4171589407e-16 1.5972666595e-01 0.0000000000e+00 0.0000000000e+00 0.0000000000e+00 6.9371276970e-02
638.46816042 1.5933045997e-01 6.4046254272e-16 0.0000000000e+00 6.4046254272e-16 1.5933045997e-01 0.0000000000e+00 0.0000000000e+00 0.0000000000e+00 6.9261658433e-02
638.70498096 1.5893575233e-01 6.3920919136e-16 0.0000000000e+00 6.3920919136e-16 1.5893575233e-01 0.0000000000e+00 0.0000000000e+00 0.0000000000e+00 6.9152285247e-02
638.94180149 1.5854253536e-01 6.3795584000e-16 0.0000000000e+00 6.3795584000e-16 1.5854253536e-01 0.0000000000e+00 0.0000000000e+00 0.0000000000e+00 6.9043156694e-02
639.17862202 1.5815080142e-01 6.3670248865e-16 0.0000000000e+00 6.3670248865e-16 1.5815080142e-01 0.0000000000e+00 0.0000000000e+00 0.0000000000e+00 6.8934272056e-02
639.41544256 1.5776054295e-01 6.3419578594e-16 0.0000000000e+00 6.3419578594e-16 1.5776054295e-01 0.0000000000e+00 0.0000000000e+00 0.0000000000e+00 6.8825630621e-02
639.65226309 1.5737175241e-01 6.3294243458e-16 0.0000000000e+00 6.3294243458e-16 1.5737175241e-01 0.0000000000e+00 0.0000000000e+00 0.0000000000e+00 6.8717231678e-02
639.88908363 1.5698442233e-01 6.3294243458e-16 0.0000000000e+00 6.3294243458e-16 1.5698442233e-01 0.0000000000e+00 0.0000000000e+00 0.0000000000e+00 6.8609074518e-02
640.12590416 1.5659854528e-01 6.3043573187e-16 0.0000000000e+00 6.3043573187e-16 1.5659854528e-01 0.0000000000e+00 0.0000000000e+00 0.0000000000e+00 6.8501158437e-02
640.36272470 1.5621411387e-01 6.2792902916e-16 0.0000000000e+00 6.2792902916e-16 1.5621411387e-01 0.0000000000e+00 0.0000000000e+00 0.0000000000e+00 6.8393482730e-02
640.59954523 1.5583112077e-01 6.2667567780e-16 0.0000000000e+00 6.2667567780e-16 1.5583112077e-01 0.0000000000e+00 0.0000000000e+00 0.0000000000e+00 6.8286046698e-02
640.83636576 1.5544955869e-01 6.2542232645e-16 0.0000000000e+00 6.2542232645e-16 1.5544955869e-01 0.0000000000e+00 0.0000000000e+00 0.0000000000e+00 6.8178849643e-02
641.07318630 1.5506942038e-01 6.2416897509e-16 0.0000000000e+00 6.2416897509e-16 1.5506942038e-01 0.0000000000e+00 0.0000000000e+00 0.0000000000e+00 6.8071890868e-02
641.31000683 1.5469069866e-01 6.2291562374e-16 0.0000000000e+00 6.2291562374e-16 1.5469069866e-01 0.0000000000e+00 0.0000000000e+00 0.0000000000e+00 6.7965169682e-02
641.54682737 1.5431338636e-01 6.2040892103e-16 0.0000000000e+00 6.2040892103e-16 1.5431338636e-01 0.0000000000e+00 0.0000000000e+00 0.0000000000e+00 6.7858685393e-02
641.78364790 1.5393747640e-01 6.1915556967e-16 0.0000000000e+00 6.1915556967e-16 1.5393747640e-01 0.0000000000e+00 0.0000000000e+00 0.0000000000e+00 6.7752437313e-02
642.02046844 1.5356296169e-01 6.1790221831e-16 0.0000000000e+00 6.1790221831e-16 1.5356296169e-01 0.0000000000e+00 0.0000000000e+00 0.0000000000e+00 6.7646424758e-02
642.25728897 1.5318983524e-01 6.1664886696e-16 0.0000000000e+00 6.1664886696e-16 1.5318983524e-01 0.0000000000e+00 0.0000000000e+00 0.0000000000e+00 6.7540647044e-02
642.49410950 1.5281809006e-01 6.1539551560e-16 0.0000000000e+00 6.1539551560e-16 1.5281809006e-01 0.0000000000e+00 0.0000000000e+00 0.0000000000e+00 6.7435103490e-02
642.73093004 1.5244771924e-01 6.1414216425e-16 0.0000000000e+00 6.1414216425e-16 1.5244771924e-01 0.0000000000e+00 0.0000000000e+00 0.0000000000e+00 6.7329793419e-02
642.96775057 1.5207871589e-01 6.1288881289e-16 0.0000000000e+00 6.1288881289e-16 1.5207871589e-01 0.0000000000e+00 0.0000000000e+00 0.0000000000e+00 6.7224716154e-02
643.20457111 1.5171107316e-01 6.1163546154e-16 0.0000000000e+00 6.1163546154e-16 1.5171107316e-01 0.0000000000e+00 0.0000000000e+00 0.0000000000e+00 6.7119871023e-02
643.44139164 1.5134478427e-01 6.0912875883e-16 0.0000000000e+00 6.0912875883e-16 1.5134478427e-01 0.0000000000e+00 0.0000000000e+00 0.0000000000e+00 6.7015257354e-02
643.67821218 1.5097984246e-01 6.0787540747e-16 0.0000000000e+00 6.0787540747e-16 1.5097984246e-01 0.0000000000e+00 0.0000000000e+00 0.0000000000e+00 6.6910874480e-02
643.91503271 1.5061624102e-01 6.0536870476e-16 0.0000000000e+00 6.0536870476e-16 1.5061624102e-01 0.0000000000e+00 0.0000000000e+00 0.0000000000e+00 6.6806721734e-02
644.15185324 1.5025397327e-01 6.0536870476e-16 0.0000000000e+00 6.0536870476e-16 1.5025397327e-01 0.0000000000e+00 0.0000000000e+00 0.0000000000e+00 6.6702798452e-02
644.38867378 1.4989303260e-01 6.0286200205e-16 0.0000000000e+00 6.0286200205e-16 1.4989303260e-01 0.0000000000e+00 0.0000000000e+00 0.0000000000e+00 6.6599103974e-02
644.62549431 1.4953341241e-01 6.0160865069e-16 0.0000000000e+00 6.0160865069e-16 1.4953341241e-01 0.0000000000e+00 0.0000000000e+00 0.0000000000e+00 6.6495637640e-02
644.86231485 1.4917510616e-01 6.0035529934e-16 0.0000000000e+00 6.0035529934e-16 1.4917510616e-01 0.0000000000e+00 0.0000000000e+00 0.0000000000e+00 6.6392398794e-02
645.09913538 1.4881810735e-01 5.9910194798e-16 0.0000000000e+00 5.9910194798e-16 1.4881810735e-01 0.0000000000e+00 0.0000000000e+00 0.0000000000e+00 6.6289386781e-02
645.33595592 1.4846240951e-01 5.9784859663e-16 0.0000000000e+00 5.9784859663e-16 1.4846240951e-01 0.0000000000e+00 0.0000000000e+00 0.0000000000e+00 6.6186600951e-02
645.57277645 1.4810800622e-01 5.9659524527e-16 0.0000000000e+00 5.9659524527e-16 1.4810800622e-01 0.0000000000e+00 0.0000000000e+00 0.0000000000e+00 6.6084040652e-02
645.80959698 1.4775489110e-01 5.9534189391e-16 0.0000000000e+00 5.9534189391e-16 1.4775489110e-01 0.0000000000e+00 0.0000000000e+00 0.0000000000e+00 6.5981705239e-02
646.04641752 1.4740305780e-01 5.9408854256e-16 0.0000000000e+00 5.9408854256e-16 1.4740305780e-01 0.0000000000e+00 0.0000000000e+00 0.0000000000e+00 6.5879594065e-02
646.28323805 1.4705250002e-01 5.9283519120e-16 0.0000000000e+00 5.9283519120e-16 1.4705250002e-01 0.0000000000e+00 0.0000000000e+00 0.0000000000e+00 6.5777706489e-02
646.52005859 1.4670321149e-01 5.9032848849e-16 0.0000000000e+00 5.9032848849e-16 1.4670321149e-01 0.0000000000e+00 0.0000000000e+00 0.0000000000e+00 6.5676041871e-02
646.75687912 1.4635518599e-01 5.8907513714e-16 0.0000000000e+00 5.8907513714e-16 1.4635518599e-01 0.0000000000e+00 0.0000000000e+00 0.0000000000e+00 6.5574599571e-02
646.99369966 1.4600841733e-01 5.8656843442e-16 0.0000000000e+00 5.8656843442e-16 1.4600841733e-01 0.0000000000e+00 0.0000000000e+00 0.0000000000e+00 6.5473378954e-02
647.23052019 1.4566289936e-01 5.8656843442e-16 0.0000000000e+00 5.8656843442e-16 1.4566289936e-01 0.0000000000e+00 0.0000000000e+00 0.0000000000e+00 6.5372379387e-02
647.46734072 1.4531862596e-01 5.8531508307e-16 0.0000000000e+00 5.8531508307e-16 1.4531862596e-01 0.0000000000e+00 0.0000000000e+00 0.0000000000e+00 6.5271600239e-02
647.70416126 1.4497559107e-01 5.8406173171e-16 0.0000000000e+00 5.8406173171e-16 1.4497559107e-01 0.0000000000e+00 0.0000000000e+00 0.0000000000e+00 6.5171040880e-02
647.94098179 1.4463378864e-01 5.8280838036e-16 0.0000000000e+00 5.8280838036e-16 1.4463378864e-01 0.0000000000e+00 0.0000000000e+00 0.0000000000e+00 6.5070700684e-02
648.17780233 1.4429321268e-01 5.8155502900e-16 0.0000000000e+00 5.8155502900e-16 1.4429321268e-01 0.0000000000e+00 0.0000000000e+00 0.0000000000e+00 6.4970579025e-02
648.41462286 1.4395385722e-01 5.7904832629e-16 0.0000000000e+00 5.7904832629e-16 1.4395385722e-01 0.0000000000e+00 0.0000000000e+00 0.0000000000e+00 6.4870675282e-02
648.65144340 1.4361571634e-01 5.7904832629e-16 0.0000000000e+00 5.7904832629e-16 1.4361571634e-01 0.0000000000e+00 0.0000000000e+00 0.0000000000e+00 6.4770988835e-02
648.88826393 1.4327878414e-01 5.7779497494e-16 0.0000000000e+00 5.7779497494e-16 1.4327878414e-01 0.0000000000e+00 0.0000000000e+00 0.0000000000e+00 6.4671519065e-02
649.12508446 1.4294305478e-01 5.7654162358e-16 0.0000000000e+00 5.7654162358e-16 1.4294305478e-01 0.0000000000e+00 0.0000000000e+00 0.0000000000e+00 6.4572265356e-02
649.36190500 1.4260852243e-01 5.7528827222e-16 0.0000000000e+00 5.7528827222e-16 1.4260852243e-01 0.0000000000e+00 0.0000000000e+00 0.0000000000e+00 6.4473227095e-02
649.59872553 1.4227518130e-01 5.7278156951e-16 0.0000000000e+00 5.7278156951e-16 1.4227518130e-01 0.0000000000e+00 0.0000000000e+00 0.0000000000e+00 6.4374403671e-02
649.83554607 1.4194302566e-01 5.7152821816e-16 0.0000000000e+00 5.7152821816e-16 1.4194302566e-01 0.0000000000e+00 0.0000000000e+00 0.0000000000e+00 6.4275794473e-02
650.07236660 1.4161204979e-01 5.7027486680e-16 0.0000000000e+00 5.7027486680e-16 1.4161204979e-01 0.0000000000e+00 0.0000000000e+00 0.0000000000e+00 6.4177398896e-02
650.30918714 1.4128224801e-01 5.6902151545e-16 0.0000000000e+00 5.6902151545e-16 1.4128224801e-01 0.0000000000e+00 0.0000000000e+00 0.0000000000e+00 6.4079216333e-02
650.54600767 1.4095361467e-01 5.6651481273e-16 0.0000000000e+00 5.6651481273e-16 1.4095361467e-01 0.0000000000e+00 0.0000000000e+00 0.0000000000e+00 6.3981246182e-02
650.78282820 1.4062614418e-01 5.6651481273e-16 0.0000000000e+00 5.6651481273e-16 1.4062614418e-01 0.0000000000e+00 0.0000000000e+00 0.0000000000e+00 6.3883487842e-02
651.01964874 1.4029983094e-01 5.6526146138e-16 0.0000000000e+00 5.6526146138e-16 1.4029983094e-01 0.0000000000e+00 0.0000000000e+00 0.0000000000e+00 6.3785940715e-02
651.25646927 1.3997466942e-01 5.6275475867e-16 0.0000000000e+00 5.6275475867e-16 1.3997466942e-01 0.0000000000e+00 0.0000000000e+00 0.0000000000e+00 6.3688604203e-02
651.49328981 1.3965065411e-01 5.6275475867e-16 0.0000000000e+00 5.6275475867e-16 1.3965065411e-01 0.0000000000e+00 0.0000000000e+00 0.0000000000e+00 6.3591477713e-02
651.73011034 1.3932777954e-01 5.6150140731e-16 0.0000000000e+00 5.6150140731e-16 1.3932777954e-01 0.0000000000e+00 0.0000000000e+00 0.0000000000e+00 6.3494560651e-02
651.96693088 1.3900604026e-01 5.6024805596e-16 0.0000000000e+00 5.6024805596e-16 1.3900604026e-01 0.0000000000e+00 0.0000000000e+00 0.0000000000e+00 6.3397852428e-02
652.20375141 1.3868543086e-01 5.5899470460e-16 0.0000000000e+00 5.5899470460e-16 1.3868543086e-01 0.0000000000e+00 0.0000000000e+00 0.0000000000e+00 6.3301352455e-02
652.44057194 1.3836594596e-01 5.5774135325e-16 0.0000000000e+00 5.5774135325e-16 1.3836594596e-01 0.0000000000e+00 0.0000000000e+00 0.0000000000e+00 6.3205060146e-02
652.67739248 1.3804758023e-01 5.5648800189e-16 0.0000000000e+00 5.5648800189e-16 1.3804758023e-01 0.0000000000e+00 0.0000000000e+00 0.0000000000e+00 6.3108974917e-02
652.91421301 1.3773032834e-01 5.5398129918e-16 0.0000000000e+00 5.5398129918e-16 1.3773032834e-01 0.0000000000e+00 0.0000000000e+00 0.0000000000e+00 6.3013096185e-02
653.15103355 1.3741418502e-01 5.5398129918e-16 0.0000000000e+00 5.5398129918e-16 1.3741418502e-01 0.0000000000e+00 0.0000000000e+00 0.0000000000e+00 6.2917423371e-02
653.38785408 1.3709914501e-01 5.5272794782e-16 0.0000000000e+00 5.5272794782e-16 1.3709914501e-01 0.0000000000e+00 0.0000000000e+00 0.0000000000e+00 6.2821955897e-02
653.62467462 1.3678520310e-01 5.5147459647e-16 0.0000000000e+00 5.5147459647e-16 1.3678520310e-01 0.0000000000e+00 0.0000000000e+00 0.0000000000e+00 6.2726693185e-02
653.86149515 1.3647235410e-01 5.5022124511e-16 0.0000000000e+00 5.5022124511e-16 1.3647235410e-01 0.0000000000e+00 0.0000000000e+00 0.0000000000e+00 6.2631634663e-02
654.09831568 1.3616059285e-01 5.4896789376e-16 0.0000000000e+00 5.4896789376e-16 1.3616059285e-01 0.0000000000e+00 0.0000000000e+00 0.0000000000e+00 6.2536779758e-02
654.33513622 1.3584991424e-01 5.4771454240e-16 0.0000000000e+00 5.4771454240e-16 1.3584991424e-01 0.0000000000e+00 0.0000000000e+00 0.0000000000e+00 6.2442127901e-02
654.57195675 1.3554031315e-01 5.4646119105e-16 0.0000000000e+00 5.4646119105e-16 1.3554031315e-01 0.0000000000e+00 0.0000000000e+00 0.0000000000e+00 6.2347678522e-02
654.80877729 1.3523178453e-01 5.4520783969e-16 0.0000000000e+00 5.4520783969e-16 1.3523178453e-01 0.0000000000e+00 0.0000000000e+00 0.0000000000e+00 6.2253431056e-02
655.04559782 1.3492432334e-01 5.4395448833e-16 0.0000000000e+00 5.4395448833e-16 1.3492432334e-01 0.0000000000e+00 0.0000000000e+00 0.0000000000e+00 6.2159384939e-02
655.28241836 1.3461792458e-01 5.4270113698e-16 0.0000000000e+00 5.4270113698e-16 1.3461792458e-01 0.0000000000e+00 0.0000000000e+00 0.0000000000e+00 6.2065539608e-02
655.51923889 1.3431258328e-01 5.4144778562e-16 0.0000000000e+00 5.4144778562e-16 1.3431258328e-01 0.0000000000e+00 0.0000000000e+00 0.0000000000e+00 6.1971894504e-02
655.75605942 1.3400829447e-01 5.4019443427e-16 0.0000000000e+00 5.4019443427e-16 1.3400829447e-01 0.0000000000e+00 0.0000000000e+00 0.0000000000e+00 6.1878449067e-02
655.99287996 1.3370505326e-01 5.3768773156e-16 0.0000000000e+00 5.3768773156e-16 1.3370505326e-01 0.0000000000e+00 0.0000000000e+00 0.0000000000e+00 6.1785202742e-02
656.22970049 1.3340285474e-01 5.3643438020e-16 0.0000000000e+00 5.3643438020e-16 1.3340285474e-01 0.0000000000e+00 0.0000000000e+00 0.0000000000e+00 6.1692154974e-02
656.46652103 1.3310169406e-01 5.3643438020e-16 0.0000000000e+00 5.3643438020e-16 1.3310169406e-01 0.0000000000e+00 0.0000000000e+00 0.0000000000e+00 6.1599305211e-02
656.70334156 1.3280156639e-01 5.3392767749e-16 0.0000000000e+00 5.3392767749e-16 1.3280156639e-01 0.0000000000e+00 0.0000000000e+00 0.0000000000e+00 6.1506652901e-02
656.94016210 1.3250246693e-01 5.3392767749e-16 0.0000000000e+00 5.3392767749e-16 1.3250246693e-01 0.0000000000e+00 0.0000000000e+00 0.0000000000e+00 6.1414197496e-02
657.17698263 1.3220439090e-01 5.3267432613e-16 0.0000000000e+00 5.3267432613e-16 1.3220439090e-01 0.0000000000e+00 0.0000000000e+00 0.0000000000e+00 6.1321938450e-02
657.41380316 1.3190733356e-01 5.3142097478e-16 0.0000000000e+00 5.3142097478e-16 1.3190733356e-01 0.0000000000e+00 0.0000000000e+00 0.0000000000e+00 6.1229875217e-02
657.65062370 1.3161129018e-01 5.3016762342e-16 0.0000000000e+00 5.3016762342e-16 1.3161129018e-01 0.0000000000e+00 0.0000000000e+00 0.0000000000e+00 6.1138007254e-02
657.88744423 1.3131625607e-01 5.2891427207e-16 0.0000000000e+00 5.2891427207e-16 1.3131625607e-01 0.0000000000e+00 0.0000000000e+00 0.0000000000e+00 6.1046334020e-02
658.12426477 1.3102222658e-01 5.2766092071e-16 0.0000000000e+00 5.2766092071e-16 1.3102222658e-01 0.0000000000e+00 0.0000000000e+00 0.0000000000e+00 6.0954854976e-02
658.36108530 1.3072919706e-01 5.2640756936e-16 0.0000000000e+00 5.2640756936e-16 1.3072919706e-01 0.0000000000e+00 0.0000000000e+00 0.0000000000e+00 6.0863569584e-02
658.59790584 1.3043716291e-01 5.2640756936e-16 0.0000000000e+00 5.2640756936e-16 1.3043716291e-01 0.0000000000e+00 0.0000000000e+00 0.0000000000e+00 6.0772477308e-02
658.83472637 1.3014611954e-01 5.2515421800e-16 0.0000000000e+00 5.2515421800e-16 1.3014611954e-01 0.0000000000e+00 0.0000000000e+00 0.0000000000e+00 6.0681577615e-02
659.07154690 1.2985606239e-01 5.2390086664e-16 0.0000000000e+00 5.2390086664e-16 1.2985606239e-01 0.0000000000e+00 0.0000000000e+00 0.0000000000e+00 6.0590869972e-02
659.30836744 1.2956698694e-01 5.2264751529e-16 0.0000000000e+00 5.2264751529e-16 1.2956698694e-01 0.0000000000e+00 0.0000000000e+00 0.0000000000e+00 6.0500353850e-02
659.54518797 1.2927888868e-01 5.2014081258e-16 0.0000000000e+00 5.2014081258e-16 1.2927888868e-01 0.0000000000e+00 0.0000000000e+00 0.0000000000e+00 6.0410028720e-02
659.78200851 1.2899176314e-01 5.2014081258e-16 0.0000000000e+00 5.2014081258e-16 1.2899176314e-01 0.0000000000e+00 0.0000000000e+00 0.0000000000e+00 6.0319894056e-02
660.01882904 1.2870560586e-01 5.1888746122e-16 0.0000000000e+00 5.1888746122e-16 1.2870560586e-01 0.0000000000e+00 0.0000000000e+00 0.0000000000e+00 6.0229949332e-02
660.25564958 1.2842041241e-01 5.1763410987e-16 0.0000000000e+00 5.1763410987e-16 1.2842041241e-01 0.0000000000e+00 0.0000000000e+00 0.0000000000e+00 6.0140194026e-02
660.49247011 1.2813617840e-01 5.1763410987e-16 0.0000000000e+00 5.1763410987e-16 1.2813617840e-01 0.0000000000e+00 0.0000000000e+00 0.0000000000e+00 6.0050627617e-02
660.72929064 1.2785289945e-01 5.1512740716e-16 0.0000000000e+00 5.1512740716e-16 1.2785289945e-01 0.0000000000e+00 0.0000000000e+00 0.0000000000e+00 5.9961249586e-02
660.96611118 1.2757057121e-01 5.1387405580e-16 0.0000000000e+00 5.1387405580e-16 1.2757057121e-01 0.0000000000e+00 0.0000000000e+00 0.0000000000e+00 5.9872059413e-02
661.20293171 1.2728918936e-01 5.1262070444e-16 0.0000000000e+00 5.1262070444e-16 1.2728918936e-01 0.0000000000e+00 0.0000000000e+00 0.0000000000e+00 5.9783056585e-02
661.43975225 1.2700874959e-01 5.1262070444e-16 0.0000000000e+00 5.1262070444e-16 1.2700874959e-01 0.0000000000e+00 0.0000000000e+00 0.0000000000e+00 5.9694240587e-02
661.67657278 1.2672924763e-01 5.1136735309e-16 0.0000000000e+00 5.1136735309e-16 1.2672924763e-01 0.0000000000e+00 0.0000000000e+00 0.0000000000e+00 5.9605610905e-02
661.91339332 1.2645067923e-01 5.1011400173e-16 0.0000000000e+00 5.1011400173e-16 1.2645067923e-01 0.0000000000e+00 0.0000000000e+00 0.0000000000e+00 5.9517167031e-02
662.15021385 1.2617304015e-01 5.1011400173e-16 0.0000000000e+00 5.1011400173e-16 1.2617304015e-01 0.0000000000e+00 0.0000000000e+00 0.0000000000e+00 5.9428908455e-02
662.38703438 1.2589632621e-01 5.0886065038e-16 0.0000000000e+00 5.0886065038e-16 1.2589632621e-01 0.0000000000e+00 0.0000000000e+00 0.0000000000e+00 5.9340834669e-02
662.62385492 1.2562053322e-01 5.0635394767e-16 0.0000000000e+00 5.0635394767e-16 1.2562053322e-01 0.0000000000e+00 0.0000000000e+00 0.0000000000e+00 5.9252945169e-02
662.86067545 1.2534565702e-01 5.0384724495e-16 0.0000000000e+00 5.0384724495e-16 1.2534565702e-01 0.0000000000e+00 0.0000000000e+00 0.0000000000e+00 5.9165239450e-02
663.09749599 1.2507169348e-01 5.0384724495e-16 0.0000000000e+00 5.0384724495e-16 1.2507169348e-01 0.0000000000e+00 0.0000000000e+00 0.0000000000e+00 5.9077717011e-02
663.33431652 1.2479863850e-01 5.0259389360e-16 0.0000000000e+00 5.0259389360e-16 1.2479863850e-01 0.0000000000e+00 0.0000000000e+00 0.0000000000e+00 5.8990377352e-02
663.57113706 1.2452648799e-01 5.0134054224e-16 0.0000000000e+00 5.0134054224e-16 1.2452648799e-01 0.0000000000e+00 0.0000000000e+00 0.0000000000e+00 5.8903219973e-02
663.80795759 1.2425523788e-01 5.0134054224e-16 0.0000000000e+00 5.0134054224e-16 1.2425523788e-01 0.0000000000e+00 0.0000000000e+00 0.0000000000e+00 5.8816244378e-02
664.04477812 1.2398488415e-01 4.9883383953e-16 0.0000000000e+00 4.9883383953e-16 1.2398488415e-01 0.0000000000e+00 0.0000000000e+00 0.0000000000e+00 5.8729450072e-02
664.28159866 1.2371542277e-01 4.9883383953e-16 0.0000000000e+00 4.9883383953e-16 1.2371542277e-01 0.0000000000e+00 0.0000000000e+00 0.0000000000e+00 5.8642836562e-02
664.51841919 1.2344684976e-01 4.9758048818e-16 0.0000000000e+00 4.9758048818e-16 1.2344684976e-01 0.0000000000e+00 0.0000000000e+00 0.0000000000e+00 5.8556403354e-02
664.75523973 1.2317916113e-01 4.9632713682e-16 0.0000000000e+00 4.9632713682e-16 1.2317916113e-01 0.0000000000e+00 0.0000000000e+00 0.0000000000e+00 5.8470149959e-02
664.99206026 1.2291235295e-01 4.9632713682e-16 0.0000000000e+00 4.9632713682e-16 1.2291235295e-01 0.0000000000e+00 0.0000000000e+00 0.0000000000e+00 5.8384075889e-02
665.22888080 1.2264642129e-01 4.9507378547e-16 0.0000000000e+00 4.9507378547e-16 1.2264642129e-01 0.0000000000e+00 0.0000000000e+00 0.0000000000e+00 5.8298180656e-02
665.46570133 1.2238136224e-01 4.9507378547e-16 0.0000000000e+00 4.9507378547e-16 1.2238136224e-01 0.0000000000e+00 0.0000000000e+00 0.0000000000e+00 5.8212463776e-02
665.70252186 1.2211717193e-01 4.9256708275e-16 0.0000000000e+00 4.9256708275e-16 1.2211717193e-01 0.0000000000e+00 0.0000000000e+00 0.0000000000e+00 5.8126924764e-02
665.93934240 1.2185384648e-01 4.9131373140e-16 0.0000000000e+00 4.9131373140e-16 1.2185384648e-01 0.0000000000e+00 0.0000000000e+00 0.0000000000e+00 5.8041563138e-02
666.17616293 1.2159138207e-01 4.9131373140e-16 0.0000000000e+00 4.9131373140e-16 1.2159138207e-01 0.0000000000e+00 0.0000000000e+00 0.0000000000e+00 5.7956378419e-02
666.41298347 1.2132977488e-01 4.8880702869e-16 0.0000000000e+00 4.8880702869e-16 1.2132977488e-01 0.0000000000e+00 0.0000000000e+00 0.0000000000e+00 5.7871370127e-02
666.64980400 1.2106902111e-01 4.8755367733e-16 0.0000000000e+00 4.8755367733e-16 1.2106902111e-01 0.0000000000e+00 0.0000000000e+00 0.0000000000e+00 5.7786537785e-02
666.88662454 1.2080911698e-01 4.8630032598e-16 0.0000000000e+00 4.8630032598e-16 1.2080911698e-01 0.0000000000e+00 0.0000000000e+00 0.0000000000e+00 5.7701880918e-02
667.12344507 1.2055005875e-01 4.8630032598e-16 0.0000000000e+00 4.8630032598e-16 1.2055005875e-01 0.0000000000e+00 0.0000000000e+00 0.0000000000e+00 5.7617399052e-02
667.36026560 1.2029184268e-01 4.8504697462e-16 0.0000000000e+00 4.8504697462e-16 1.2029184268e-01 0.0000000000e+00 0.0000000000e+00 0.0000000000e+00 5.7533091713e-02
667.59708614 1.2003446506e-01 4.8379362326e-16 0.0000000000e+00 4.8379362326e-16 1.2003446506e-01 0.0000000000e+00 0.0000000000e+00 0.0000000000e+00 5.7448958432e-02
667.83390667 1.1977792220e-01 4.8254027191e-16 0.0000000000e+00 4.8254027191e-16 1.1977792220e-01 0.0000000000e+00 0.0000000000e+00 0.0000000000e+00 5.7364998739e-02
668.07072721 1.1952221043e-01 4.8254027191e-16 0.0000000000e+00 4.8254027191e-16 1.1952221043e-01 0.0000000000e+00 0.0000000000e+00 0.0000000000e+00 5.7281212167e-02
668.30754774 1.1926732609e-01 4.8128692055e-16 0.0000000000e+00 4.8128692055e-16 1.1926732609e-01 0.0000000000e+00 0.0000000000e+00 0.0000000000e+00 5.7197598248e-02
668.54436828 1.1901326557e-01 4.8003356920e-16 0.0000000000e+00 4.8003356920e-16 1.1901326557e-01 0.0000000000e+00 0.0000000000e+00 0.0000000000e+00 5.7114156520e-02
668.78118881 1.1876002524e-01 4.7878021784e-16 0.0000000000e+00 4.7878021784e-16 1.1876002524e-01 0.0000000000e+00 0.0000000000e+00 0.0000000000e+00 5.7030886518e-02
669.01800934 1.1850760152e-01 4.7878021784e-16 0.0000000000e+00 4.7878021784e-16 1.1850760152e-01 0.0000000000e+00 0.0000000000e+00 0.0000000000e+00 5.6947787782e-02
669.25482988 1.1825599084e-01 4.7752686649e-16 0.0000000000e+00 4.7752686649e-16 1.1825599084e-01 0.0000000000e+00 0.0000000000e+00 0.0000000000e+00 5.6864859851e-02
669.49165041 1.1800518965e-01 4.7627351513e-16 0.0000000000e+00 4.7627351513e-16 1.1800518965e-01 0.0000000000e+00 0.0000000000e+00 0.0000000000e+00 5.6782102267e-02
669.72847095 1.1775519441e-01 4.7627351513e-16 0.0000000000e+00 4.7627351513e-16 1.1775519441e-01 0.0000000000e+00 0.0000000000e+00 0.0000000000e+00 5.6699514573e-02
669.96529148 1.1750600162e-01 4.7251346106e-16 0.0000000000e+00 4.7251346106e-16 1.1750600162e-01 0.0000000000e+00 0.0000000000e+00 0.0000000000e+00 5.6617096314e-02
670.20211202 1.1725760778e-01 4.7251346106e-16 0.0000000000e+00 4.7251346106e-16 1.1725760778e-01 0.0000000000e+00 0.0000000000e+00 0.0000000000e+00 5.6534847036e-02
670.43893255 1.1701000943e-01 4.7251346106e-16 0.0000000000e+00 4.7251346106e-16 1.1701000943e-01 0.0000000000e+00 0.0000000000e+00 0.0000000000e+00 5.6452766286e-02
670.67575308 1.1676320310e-01 4.7000675835e-16 0.0000000000e+00 4.7000675835e-16 1.1676320310e-01 0.0000000000e+00 0.0000000000e+00 0.0000000000e+00 5.6370853614e-02
670.91257362 1.1651718536e-01 4.7000675835e-16 0.0000000000e+00 4.7000675835e-16 1.1651718536e-01 0.0000000000e+00 0.0000000000e+00 0.0000000000e+00 5.6289108571e-02
671.14939415 1.1627195280e-01 4.7000675835e-16 0.0000000000e+00 4.7000675835e-16 1.1627195280e-01 0.0000000000e+00 0.0000000000e+00 0.0000000000e+00 5.6207530708e-02
671.38621469 1.1602750202e-01 4.6875340700e-16 0.0000000000e+00 4.6875340700e-16 1.1602750202e-01 0.0000000000e+00 0.0000000000e+00 0.0000000000e+00 5.6126119579e-02
671.62303522 1.1578382964e-01 4.6624670429e-16 0.0000000000e+00 4.6624670429e-16 1.1578382964e-01 0.0000000000e+00 0.0000000000e+00 0.0000000000e+00 5.6044874740e-02
671.85985576 1.1554093230e-01 4.6624670429e-16 0.0000000000e+00 4.6624670429e-16 1.1554093230e-01 0.0000000000e+00 0.0000000000e+00 0.0000000000e+00 5.5963795747e-02
672.09667629 1.1529880665e-01 4.6499335293e-16 0.0000000000e+00 4.6499335293e-16 1.1529880665e-01 0.0000000000e+00 0.0000000000e+00 0.0000000000e+00 5.5882882158e-02
672.33349682 1.1505744938e-01 4.6374000158e-16 0.0000000000e+00 4.6374000158e-16 1.1505744938e-01 0.0000000000e+00 0.0000000000e+00 0.0000000000e+00 5.5802133532e-02
672.57031736 1.1481685717e-01 4.6374000158e-16 0.0000000000e+00 4.6374000158e-16 1.1481685717e-01 0.0000000000e+00 0.0000000000e+00 0.0000000000e+00 5.5721549431e-02
672.80713789 1.1457702674e-01 4.6374000158e-16 0.0000000000e+00 4.6374000158e-16 1.1457702674e-01 0.0000000000e+00 0.0000000000e+00 0.0000000000e+00 5.5641129417e-02
673.04395843 1.1433795482e-01 4.6248665022e-16 0.0000000000e+00 4.6248665022e-16 1.1433795482e-01 0.0000000000e+00 0.0000000000e+00 0.0000000000e+00 5.5560873054e-02
673.28077896 1.1409963816e-01 4.6123329886e-16 0.0000000000e+00 4.6123329886e-16 1.1409963816e-01 0.0000000000e+00 0.0000000000e+00 0.0000000000e+00 5.5480779907e-02
673.51759950 1.1386207352e-01 4.5872659615e-16 0.0000000000e+00 4.5872659615e-16 1.1386207352e-01 0.0000000000e+00 0.0000000000e+00 0.0000000000e+00 5.5400849543e-02
673.75442003 1.1362525768e-01 4.5747324480e-16 0.0000000000e+00 4.5747324480e-16 1.1362525768e-01 0.0000000000e+00 0.0000000000e+00 0.0000000000e+00 5.5321081529e-02
673.99124056 1.1338918744e-01 4.5747324480e-16 0.0000000000e+00 4.5747324480e-16 1.1338918744e-01 0.0000000000e+00 0.0000000000e+00 0.0000000000e+00 5.5241475437e-02
674.22806110 1.1315385963e-01 4.5621989344e-16 0.0000000000e+00 4.5621989344e-16 1.1315385963e-01 0.0000000000e+00 0.0000000000e+00 0.0000000000e+00 5.5162030836e-02
674.46488163 1.1291927107e-01 4.5621989344e-16 0.0000000000e+00 4.5621989344e-16 1.1291927107e-01 0.0000000000e+00 0.0000000000e+00 0.0000000000e+00 5.5082747299e-02
674.70170217 1.1268541862e-01 4.5496654209e-16 0.0000000000e+00 4.5496654209e-16 1.1268541862e-01 0.0000000000e+00 0.0000000000e+00 0.0000000000e+00 5.5003624399e-02
674.93852270 1.1245229914e-01 4.5371319073e-16 0.0000000000e+00 4.5371319073e-16 1.1245229914e-01 0.0000000000e+00 0.0000000000e+00 0.0000000000e+00 5.4924661713e-02
675.17534324 1.1221990953e-01 4.5371319073e-16 0.0000000000e+00 4.5371319073e-16 1.1221990953e-01 0.0000000000e+00 0.0000000000e+00 0.0000000000e+00 5.4845858817e-02
675.41216377 1.1198824668e-01 4.5245983937e-16 0.0000000000e+00 4.5245983937e-16 1.1198824668e-01 0.0000000000e+00 0.0000000000e+00 0.0000000000e+00 5.4767215288e-02
675.64898430 1.1175730750e-01 4.5120648802e-16 0.0000000000e+00 4.5120648802e-16 1.1175730750e-01 0.0000000000e+00 0.0000000000e+00 0.0000000000e+00 5.4688730706e-02
675.88580484 1.1152708895e-01 4.5120648802e-16 0.0000000000e+00 4.5120648802e-16 1.1152708895e-01 0.0000000000e+00 0.0000000000e+00 0.0000000000e+00 5.4610404652e-02
676.12262537 1.1129758796e-01 4.4869978531e-16 0.0000000000e+00 4.4869978531e-16 1.1129758796e-01 0.0000000000e+00 0.0000000000e+00 0.0000000000e+00 5.4532236708e-02
676.35944591 1.1106880150e-01 4.4869978531e-16 0.0000000000e+00 4.4869978531e-16 1.1106880150e-01 0.0000000000e+00 0.0000000000e+00 0.0000000000e+00 5.4454226457e-02
676.59626644 1.1084072656e-01 4.4869978531e-16 0.0000000000e+00 4.4869978531e-16 1.1084072656e-01 0.0000000000e+00 0.0000000000e+00 0.0000000000e+00 5.4376373484e-02
676.83308698 1.1061336015e-01 4.4744643395e-16 0.0000000000e+00 4.4744643395e-16 1.1061336015e-01 0.0000000000e+00 0.0000000000e+00 0.0000000000e+00 5.4298677376e-02
677.06990751 1.1038669926e-01 4.4619308260e-16 0.0000000000e+00 4.4619308260e-16 1.1038669926e-01 0.0000000000e+00 0.0000000000e+00 0.0000000000e+00 5.4221137720e-02
677.30672804 1.1016074094e-01 4.4368637989e-16 0.0000000000e+00 4.4368637989e-16 1.1016074094e-01 0.0000000000e+00 0.0000000000e+00 0.0000000000e+00 5.4143754104e-02
677.54354858 1.0993548223e-01 4.4368637989e-16 0.0000000000e+00 4.4368637989e-16 1.0993548223e-01 0.0000000000e+00 0.0000000000e+00 0.0000000000e+00 5.4066526120e-02
677.78036911 1.0971092020e-01 4.4243302853e-16 0.0000000000e+00 4.4243302853e-16 1.0971092020e-01 0.0000000000e+00 0.0000000000e+00 0.0000000000e+00 5.3989453358e-02
678.01718965 1.0948705193e-01 4.4243302853e-16 0.0000000000e+00 4.4243302853e-16 1.0948705193e-01 0.0000000000e+00 0.0000000000e+00 0.0000000000e+00 5.3912535412e-02
678.25401018 1.0926387450e-01 4.4117967717e-16 0.0000000000e+00 4.4117967717e-16 1.0926387450e-01 0.0000000000e+00 0.0000000000e+00 0.0000000000e+00 5.3835771876e-02
678.49083072 1.0904138503e-01 4.3992632582e-16 0.0000000000e+00 4.3992632582e-16 1.0904138503e-01 0.0000000000e+00 0.0000000000e+00 0.0000000000e+00 5.3759162345e-02
678.72765125 1.0881958065e-01 4.3992632582e-16 0.0000000000e+00 4.3992632582e-16 1.0881958065e-01 0.0000000000e+00 0.0000000000e+00 0.0000000000e+00 5.3682706416e-02
678.96447178 1.0859845848e-01 4.3741962311e-16 0.0000000000e+00 4.3741962311e-16 1.0859845848e-01 0.0000000000e+00 0.0000000000e+00 0.0000000000e+00 5.3606403688e-02
679.20129232 1.0837801570e-01 4.3741962311e-16 0.0000000000e+00 4.3741962311e-16 1.0837801570e-01 0.0000000000e+00 0.0000000000e+00 0.0000000000e+00 5.3530253759e-02
679.43811285 1.0815824946e-01 4.3741962311e-16 0.0000000000e+00 4.3741962311e-16 1.0815824946e-01 0.0000000000e+00 0.0000000000e+00 0.0000000000e+00 5.3454256231e-02
679.67493339 1.0793915696e-01 4.3616627175e-16 0.0000000000e+00 4.3616627175e-16 1.0793915696e-01 0.0000000000e+00 0.0000000000e+00 0.0000000000e+00 5.3378410706e-02
679.91175392 1.0772073539e-01 4.3491292040e-16 0.0000000000e+00 4.3491292040e-16 1.0772073539e-01 0.0000000000e+00 0.0000000000e+00 0.0000000000e+00 5.3302716786e-02
680.14857446 1.0750298196e-01 4.3491292040e-16 0.0000000000e+00 4.3491292040e-16 1.0750298196e-01 0.0000000000e+00 0.0000000000e+00 0.0000000000e+00 5.3227174077e-02
680.38539499 1.0728589391e-01 4.3365956904e-16 0.0000000000e+00 4.3365956904e-16 1.0728589391e-01 0.0000000000e+00 0.0000000000e+00 0.0000000000e+00 5.3151782185e-02
680.62221552 1.0706946848e-01 4.3365956904e-16 0.0000000000e+00 4.3365956904e-16 1.0706946848e-01 0.0000000000e+00 0.0000000000e+00 0.0000000000e+00 5.3076540717e-02
680.85903606 1.0685370293e-01 4.3240621768e-16 0.0000000000e+00 4.3240621768e-16 1.0685370293e-01 0.0000000000e+00 0.0000000000e+00 0.0000000000e+00 5.3001449280e-02
681.09585659 1.0663859452e-01 4.2989951497e-16 0.0000000000e+00 4.2989951497e-16 1.0663859452e-01 0.0000000000e+00 0.0000000000e+00 0.0000000000e+00 5.2926507486e-02
681.33267713 1.0642414055e-01 4.2864616362e-16 0.0000000000e+00 4.2864616362e-16 1.0642414055e-01 0.0000000000e+00 0.0000000000e+00 0.0000000000e+00 5.2851714944e-02
681.56949766 1.0621033832e-01 4.2864616362e-16 0.0000000000e+00 4.2864616362e-16 1.0621033832e-01 0.0000000000e+00 0.0000000000e+00 0.0000000000e+00 5.2777071267e-02
681.80631820 1.0599718513e-01 4.2864616362e-16 0.0000000000e+00 4.2864616362e-16 1.0599718513e-01 0.0000000000e+00 0.0000000000e+00 0.0000000000e+00 5.2702576069e-02
682.04313873 1.0578467833e-01 4.2613946091e-16 0.0000000000e+00 4.2613946091e-16 1.0578467833e-01 0.0000000000e+00 0.0000000000e+00 0.0000000000e+00 5.2628228964e-02
682.27995926 1.0557281525e-01 4.2613946091e-16 0.0000000000e+00 4.2613946091e-16 1.0557281525e-01 0.0000000000e+00 0.0000000000e+00 0.0000000000e+00 5.2554029569e-02
682.51677980 1.0536159324e-01 4.2613946091e-16 0.0000000000e+00 4.2613946091e-16 1.0536159324e-01 0.0000000000e+00 0.0000000000e+00 0.0000000000e+00 5.2479977500e-02
682.75360033 1.0515100968e-01 4.2488610955e-16 0.0000000000e+00 4.2488610955e-16 1.0515100968e-01 0.0000000000e+00 0.0000000000e+00 0.0000000000e+00 5.2406072375e-02
682.99042087 1.0494106196e-01 4.2363275820e-16 0.0000000000e+00 4.2363275820e-16 1.0494106196e-01 0.0000000000e+00 0.0000000000e+00 0.0000000000e+00 5.2332313815e-02
683.22724140 1.0473174746e-01 4.2237940684e-16 0.0000000000e+00 4.2237940684e-16 1.0473174746e-01 0.0000000000e+00 0.0000000000e+00 0.0000000000e+00 5.2258701441e-02
683.46406194 1.0452306360e-01 4.2237940684e-16 0.0000000000e+00 4.2237940684e-16 1.0452306360e-01 0.0000000000e+00 0.0000000000e+00 0.0000000000e+00 5.2185234874e-02
683.70088247 1.0431500780e-01 4.2237940684e-16 0.0000000000e+00 4.2237940684e-16 1.0431500780e-01 0.0000000000e+00 0.0000000000e+00 0.0000000000e+00 5.2111913737e-02
683.93770300 1.0410757751e-01 4.2112605548e-16 0.0000000000e+00 4.2112605548e-16 1.0410757751e-01 0.0000000000e+00 0.0000000000e+00 0.0000000000e+00 5.2038737656e-02
684.17452354 1.0390077016e-01 4.1987270413e-16 0.0000000000e+00 4.1987270413e-16 1.0390077016e-01 0.0000000000e+00 0.0000000000e+00 0.0000000000e+00 5.1965706256e-02
684.41134407 1.0369458323e-01 4.1861935277e-16 0.0000000000e+00 4.1861935277e-16 1.0369458323e-01 0.0000000000e+00 0.0000000000e+00 0.0000000000e+00 5.1892819163e-02
684.64816461 1.0348901418e-01 4.1861935277e-16 0.0000000000e+00 4.1861935277e-16 1.0348901418e-01 0.0000000000e+00 0.0000000000e+00 0.0000000000e+00 5.1820076007e-02
684.88498514 1.0328406052e-01 4.1736600142e-16 0.0000000000e+00 4.1736600142e-16 1.0328406052e-01 0.0000000000e+00 0.0000000000e+00 0.0000000000e+00 5.1747476416e-02
685.12180568 1.0307971974e-01 4.1611265006e-16 0.0000000000e+00 4.1611265006e-16 1.0307971974e-01 0.0000000000e+00 0.0000000000e+00 0.0000000000e+00 5.1675020020e-02
685.35862621 1.0287598936e-01 4.1485929871e-16 0.0000000000e+00 4.1485929871e-16 1.0287598936e-01 0.0000000000e+00 0.0000000000e+00 0.0000000000e+00 5.1602706452e-02
685.59544674 1.0267286691e-01 4.1485929871e-16 0.0000000000e+00 4.1485929871e-16 1.0267286691e-01 0.0000000000e+00 0.0000000000e+00 0.0000000000e+00 5.1530535344e-02
685.83226728 1.0247034992e-01 4.1360594735e-16 0.0000000000e+00 4.1360594735e-16 1.0247034992e-01 0.0000000000e+00 0.0000000000e+00 0.0000000000e+00 5.1458506330e-02
686.06908781 1.0226843595e-01 4.1360594735e-16 0.0000000000e+00 4.1360594735e-16 1.0226843595e-01 0.0000000000e+00 0.0000000000e+00 0.0000000000e+00 5.1386619045e-02
686.30590835 1.0206712256e-01 4.1109924464e-16 0.0000000000e+00 4.1109924464e-16 1.0206712256e-01 0.0000000000e+00 0.0000000000e+00 0.0000000000e+00 5.1314873126e-02
686.54272888 1.0186640734e-01 4.1109924464e-16 0.0000000000e+00 4.1109924464e-16 1.0186640734e-01 0.0000000000e+00 0.0000000000e+00 0.0000000000e+00 5.1243268209e-02
686.77954942 1.0166628787e-01 4.0984589328e-16 0.0000000000e+00 4.0984589328e-16 1.0166628787e-01 0.0000000000e+00 0.0000000000e+00 0.0000000000e+00 5.1171803935e-02
687.01636995 1.0146676175e-01 4.1109924464e-16 0.0000000000e+00 4.1109924464e-16 1.0146676175e-01 0.0000000000e+00 0.0000000000e+00 0.0000000000e+00 5.1100479942e-02
687.25319048 1.0126782661e-01 4.0984589328e-16 0.0000000000e+00 4.0984589328e-16 1.0126782661e-01 0.0000000000e+00 0.0000000000e+00 0.0000000000e+00 5.1029295871e-02
687.49001102 1.0106948007e-01 4.0859254193e-16 0.0000000000e+00 4.0859254193e-16 1.0106948007e-01 0.0000000000e+00 0.0000000000e+00 0.0000000000e+00 5.0958251365e-02
687.72683155 1.0087171976e-01 4.0859254193e-16 0.0000000000e+00 4.0859254193e-16 1.0087171976e-01 0.0000000000e+00 0.0000000000e+00 0.0000000000e+00 5.0887346067e-02
687.96365209 1.0067454334e-01 4.0733919057e-16 0.0000000000e+00 4.0733919057e-16 1.0067454334e-01 0.0000000000e+00 0.0000000000e+00 0.0000000000e+00 5.0816579620e-02
688.20047262 1.0047794847e-01 4.0608583922e-16 0.0000000000e+00 4.0608583922e-16 1.0047794847e-01 0.0000000000e+00 0.0000000000e+00 0.0000000000e+00 5.0745951671e-02
688.43729316 1.0028193282e-01 4.0608583922e-16 0.0000000000e+00 4.0608583922e-16 1.0028193282e-01 0.0000000000e+00 0.0000000000e+00 0.0000000000e+00 5.0675461866e-02
688.67411369 1.0008649409e-01 4.0608583922e-16 0.0000000000e+00 4.0608583922e-16 1.0008649409e-01 0.0000000000e+00 0.0000000000e+00 0.0000000000e+00 5.0605109852e-02
688.91093422 9.9891629961e-02 4.0232578515e-16 0.0000000000e+00 4.0232578515e-16 9.9891629961e-02 0.0000000000e+00 0.0000000000e+00 0.0000000000e+00 5.0534895279e-02
689.14775476 9.9697338155e-02 4.0232578515e-16 0.0000000000e+00 4.0232578515e-16 9.9697338155e-02 0.0000000000e+00 0.0000000000e+00 0.0000000000e+00 5.0464817796e-02
689.38457529 9.9503616388e-02 4.0107243379e-16 0.0000000000e+00 4.0107243379e-16 9.9503616388e-02 0.0000000000e+00 0.0000000000e+00 0.0000000000e+00 5.0394877054e-02
689.62139583 9.9310462395e-02 4.0107243379e-16 0.0000000000e+00 4.0107243379e-16 9.9310462395e-02 0.0000000000e+00 0.0000000000e+00 0.0000000000e+00 5.0325072706e-02
689.85821636 9.9117873918e-02 3.9981908244e-16 0.0000000000e+00 3.9981908244e-16 9.9117873918e-02 0.0000000000e+00 0.0000000000e+00 0.0000000000e+00 5.0255404405e-02
690.09503690 9.8925848713e-02 3.9981908244e-16 0.0000000000e+00 3.9981908244e-16 9.8925848713e-02 0.0000000000e+00 0.0000000000e+00 0.0000000000e+00 5.0185871805e-02
690.33185743 9.8734384546e-02 3.9919240676e-16 0.0000000000e+00 3.9919240676e-16 9.8734384546e-02 0.0000000000e+00 0.0000000000e+00 0.0000000000e+00 5.0116474561e-02
690.56867796 9.8543479196e-02 3.9856573108e-16 0.0000000000e+00 3.9856573108e-16 9.8543479196e-02 0.0000000000e+00 0.0000000000e+00 0.0000000000e+00 5.0047212330e-02
690.80549850 9.8353130451e-02 3.9731237973e-16 0.0000000000e+00 3.9731237973e-16 9.8353130451e-02 0.0000000000e+00 0.0000000000e+00 0.0000000000e+00 4.9978084769e-02
691.04231903 9.8163336111e-02 3.9668570405e-16 0.0000000000e+00 3.9668570405e-16 9.8163336111e-02 0.0000000000e+00 0.0000000000e+00 0.0000000000e+00 4.9909091537e-02
691.27913957 9.7974093988e-02 3.9605902837e-16 0.0000000000e+00 3.9605902837e-16 9.7974093988e-02 0.0000000000e+00 0.0000000000e+00 0.0000000000e+00 4.9840232295e-02
691.51596010 9.7785401902e-02 3.9543235269e-16 0.0000000000e+00 3.9543235269e-16 9.7785401902e-02 0.0000000000e+00 0.0000000000e+00 0.0000000000e+00 4.9771506701e-02
691.75278064 9.7597257686e-02 3.9480567702e-16 0.0000000000e+00 3.9480567702e-16 9.7597257686e-02 0.0000000000e+00 0.0000000000e+00 0.0000000000e+00 4.9702914419e-02
691.98960117 9.7409659185e-02 3.9355232566e-16 0.0000000000e+00 3.9355232566e-16 9.7409659185e-02 0.0000000000e+00 0.0000000000e+00 0.0000000000e+00 4.9634455112e-02
692.22642170 9.7222604252e-02 3.9292564998e-16 0.0000000000e+00 3.9292564998e-16 9.7222604252e-02 0.0000000000e+00 0.0000000000e+00 0.0000000000e+00 4.9566128442e-02
692.46324224 9.7036090751e-02 3.9229897431e-16 0.0000000000e+00 3.9229897431e-16 9.7036090751e-02 0.0000000000e+00 0.0000000000e+00 0.0000000000e+00 4.9497934076e-02
692.70006277 9.6850116560e-02 3.9104562295e-16 0.0000000000e+00 3.9104562295e-16 9.6850116560e-02 0.0000000000e+00 0.0000000000e+00 0.0000000000e+00 4.9429871680e-02
692.93688331 9.6664679562e-02 3.9104562295e-16 0.0000000000e+00 3.9104562295e-16 9.6664679562e-02 0.0000000000e+00 0.0000000000e+00 0.0000000000e+00 4.9361940919e-02
693.17370384 9.6479777656e-02 3.8979227159e-16 0.0000000000e+00 3.8979227159e-16 9.6479777656e-02 0.0000000000e+00 0.0000000000e+00 0.0000000000e+00 4.9294141463e-02
693.41052438 9.6295408747e-02 3.8916559592e-16 0.0000000000e+00 3.8916559592e-16 9.6295408747e-02 0.0000000000e+00 0.0000000000e+00 0.0000000000e+00 4.9226472981e-02
693.64734491 9.6111570753e-02 3.8853892024e-16 0.0000000000e+00 3.8853892024e-16 9.6111570753e-02 0.0000000000e+00 0.0000000000e+00 0.0000000000e+00 4.9158935143e-02
693.88416544 9.5928261601e-02 3.8728556888e-16 0.0000000000e+00 3.8728556888e-16 9.5928261601e-02 0.0000000000e+00 0.0000000000e+00 0.0000000000e+00 4.9091527620e-02
694.12098598 9.5745479230e-02 3.8665889321e-16 0.0000000000e+00 3.8665889321e-16 9.5745479230e-02 0.0000000000e+00 0.0000000000e+00 0.0000000000e+00 4.9024250085e-02
694.35780651 9.5563221586e-02 3.8665889321e-16 0.0000000000e+00 3.8665889321e-16 9.5563221586e-02 0.0000000000e+00 0.0000000000e+00 0.0000000000e+00 4.8957102210e-02
694.59462705 9.5381486629e-02 3.8540554185e-16 0.0000000000e+00 3.8540554185e-16 9.5381486629e-02 0.0000000000e+00 0.0000000000e+00 0.0000000000e+00 4.8890083670e-02
694.83144758 9.5200272325e-02 3.8477886617e-16 0.0000000000e+00 3.8477886617e-16 9.5200272325e-02 0.0000000000e+00 0.0000000000e+00 0.0000000000e+00 4.8823194141e-02
695.06826811 9.5019576652e-02 3.8415219049e-16 0.0000000000e+00 3.8415219049e-16 9.5019576652e-02 0.0000000000e+00 0.0000000000e+00 0.0000000000e+00 4.8756433298e-02
695.30508865 9.4839397600e-02 3.8352551482e-16 0.0000000000e+00 3.8352551482e-16 9.4839397600e-02 0.0000000000e+00 0.0000000000e+00 0.0000000000e+00 4.8689800820e-02
695.54190918 9.4659733165e-02 3.8289883914e-16 0.0000000000e+00 3.8289883914e-16 9.4659733165e-02 0.0000000000e+00 0.0000000000e+00 0.0000000000e+00 4.8623296384e-02
695.77872972 9.4480581354e-02 3.8227216346e-16 0.0000000000e+00 3.8227216346e-16 9.4480581354e-02 0.0000000000e+00 0.0000000000e+00 0.0000000000e+00 4.8556919669e-02
696.01555025 9.4301940186e-02 3.8101881210e-16 0.0000000000e+00 3.8101881210e-16 9.4301940186e-02 0.0000000000e+00 0.0000000000e+00 0.0000000000e+00 4.8490670357e-02
696.25237079 9.4123807688e-02 3.8039213643e-16 0.0000000000e+00 3.8039213643e-16 9.4123807688e-02 0.0000000000e+00 0.0000000000e+00 0.0000000000e+00 4.8424548127e-02
696.48919132 9.3946181895e-02 3.7976546075e-16 0.0000000000e+00 3.7976546075e-16 9.3946181895e-02 0.0000000000e+00 0.0000000000e+00 0.0000000000e+00 4.8358552664e-02
696.72601185 9.3769060854e-02 3.7913878507e-16 0.0000000000e+00 3.7913878507e-16 9.3769060854e-02 0.0000000000e+00 0.0000000000e+00 0.0000000000e+00 4.8292683650e-02
696.96283239 9.3592442621e-02 3.7851210939e-16 0.0000000000e+00 3.7851210939e-16 9.3592442621e-02 0.0000000000e+00 0.0000000000e+00 0.0000000000e+00 4.8226940768e-02
697.19965292 9.3416325261e-02 3.7788543372e-16 0.0000000000e+00 3.7788543372e-16 9.3416325261e-02 0.0000000000e+00 0.0000000000e+00 0.0000000000e+00 4.8161323706e-02
697.43647346 9.3240706848e-02 3.7725875804e-16 0.0000000000e+00 3.7725875804e-16 9.3240706848e-02 0.0000000000e+00 0.0000000000e+00 0.0000000000e+00 4.8095832147e-02
697.67329399 9.3065585466e-02 3.7663208236e-16 0.0000000000e+00 3.7663208236e-16 9.3065585466e-02 0.0000000000e+00 0.0000000000e+00 0.0000000000e+00 4.8030465781e-02
697.91011453 9.2890959210e-02 3.7537873100e-16 0.0000000000e+00 3.7537873100e-16 9.2890959210e-02 0.0000000000e+00 0.0000000000e+00 0.0000000000e+00 4.7965224295e-02
698.14693506 9.2716826180e-02 3.7475205533e-16 0.0000000000e+00 3.7475205533e-16 9.2716826180e-02 0.0000000000e+00 0.0000000000e+00 0.0000000000e+00 4.7900107378e-02
698.38375559 9.2543184489e-02 3.7412537965e-16 0.0000000000e+00 3.7412537965e-16 9.2543184489e-02 0.0000000000e+00 0.0000000000e+00 0.0000000000e+00 4.7835114721e-02
698.62057613 9.2370032257e-02 3.7349870397e-16 0.0000000000e+00 3.7349870397e-16 9.2370032257e-02 0.0000000000e+00 0.0000000000e+00 0.0000000000e+00 4.7770246014e-02
698.85739666 9.2197367615e-02 3.7287202829e-16 0.0000000000e+00 3.7287202829e-16 9.2197367615e-02 0.0000000000e+00 0.0000000000e+00 0.0000000000e+00 4.7705500949e-02
699.09421720 9.2025188701e-02 3.7224535262e-16 0.0000000000e+00 3.7224535262e-16 9.2025188701e-02 0.0000000000e+00 0.0000000000e+00 0.0000000000e+00 4.7640879219e-02
699.33103773 9.1853493664e-02 3.7161867694e-16 0.0000000000e+00 3.7161867694e-16 9.1853493664e-02 0.0000000000e+00 0.0000000000e+00 0.0000000000e+00 4.7576380518e-02
699.56785827 9.1682280659e-02 3.7099200126e-16 0.0000000000e+00 3.7099200126e-16 9.1682280659e-02 0.0000000000e+00 0.0000000000e+00 0.0000000000e+00 4.7512004542e-02
699.80467880 9.1511547853e-02 3.7036532558e-16 0.0000000000e+00 3.7036532558e-16 9.1511547853e-02 0.0000000000e+00 0.0000000000e+00 0.0000000000e+00 4.7447750985e-02
700.04149933 9.1341293420e-02 3.6973864990e-16 0.0000000000e+00 3.6973864990e-16 9.1341293420e-02 0.0000000000e+00 0.0000000000e+00 0.0000000000e+00 4.7383619544e-02
700.27831987 9.1171515543e-02 3.6848529855e-16 0.0000000000e+00 3.6848529855e-16 9.1171515543e-02 0.0000000000e+00 0.0000000000e+00 0.0000000000e+00 4.7319609918e-02
700.51514040 9.1002212415e-02 3.6785862287e-16 0.0000000000e+00 3.6785862287e-16 9.1002212415e-02 0.0000000000e+00 0.0000000000e+00 0.0000000000e+00 4.7255721804e-02
700.75196094 9.0833382236e-02 3.6723194719e-16 0.0000000000e+00 3.6723194719e-16 9.0833382236e-02 0.0000000000e+00 0.0000000000e+00 0.0000000000e+00 4.7191954902e-02
700.98878147 9.0665023214e-02 3.6660527152e-16 0.0000000000e+00 3.6660527152e-16 9.0665023214e-02 0.0000000000e+00 0.0000000000e+00 0.0000000000e+00 4.7128308912e-02
701.22560201 9.0497133569e-02 3.6597859584e-16 0.0000000000e+00 3.6597859584e-16 9.0497133569e-02 0.0000000000e+00 0.0000000000e+00 0.0000000000e+00 4.7064783536e-02
701.46242254 9.0329711527e-02 3.6597859584e-16 0.0000000000e+00 3.6597859584e-16 9.0329711527e-02 0.0000000000e+00 0.0000000000e+00 0.0000000000e+00 4.7001378477e-02
701.69924307 9.0162755321e-02 3.6472524448e-16 0.0000000000e+00 3.6472524448e-16 9.0162755321e-02 0.0000000000e+00 0.0000000000e+00 0.0000000000e+00 4.6938093436e-02
701.93606361 8.9996263196e-02 3.6472524448e-16 0.0000000000e+00 3.6472524448e-16 8.9996263196e-02 0.0000000000e+00 0.0000000000e+00 0.0000000000e+00 4.6874928119e-02
702.17288414 8.9830233403e-02 3.6347189313e-16 0.0000000000e+00 3.6347189313e-16 8.9830233403e-02 0.0000000000e+00 0.0000000000e+00 0.0000000000e+00 4.6811882230e-02
702.40970468 8.9664664202e-02 3.6284521745e-16 0.0000000000e+00 3.6284521745e-16 8.9664664202e-02 0.0000000000e+00 0.0000000000e+00 0.0000000000e+00 4.6748955474e-02
702.64652521 8.9499553862e-02 3.6159186609e-16 0.0000000000e+00 3.6159186609e-16 8.9499553862e-02 0.0000000000e+00 0.0000000000e+00 0.0000000000e+00 4.6686147560e-02
702.88334575 8.9334900658e-02 3.6096519042e-16 0.0000000000e+00 3.6096519042e-16 8.9334900658e-02 0.0000000000e+00 0.0000000000e+00 0.0000000000e+00 4.6623458194e-02
703.12016628 8.9170702875e-02 3.6096519042e-16 0.0000000000e+00 3.6096519042e-16 8.9170702875e-02 0.0000000000e+00 0.0000000000e+00 0.0000000000e+00 4.6560887085e-02
703.35698681 8.9006958806e-02 3.6033851474e-16 0.0000000000e+00 3.6033851474e-16 8.9006958806e-02 0.0000000000e+00 0.0000000000e+00 0.0000000000e+00 4.6498433942e-02
703.59380735 8.8843666752e-02 3.5971183906e-16 0.0000000000e+00 3.5971183906e-16 8.8843666752e-02 0.0000000000e+00 0.0000000000e+00 0.0000000000e+00 4.6436098475e-02
703.83062788 8.8680825022e-02 3.5908516338e-16 0.0000000000e+00 3.5908516338e-16 8.8680825022e-02 0.0000000000e+00 0.0000000000e+00 0.0000000000e+00 4.6373880397e-02
704.06744842 8.8518431932e-02 3.5783181203e-16 0.0000000000e+00 3.5783181203e-16 8.8518431932e-02 0.0000000000e+00 0.0000000000e+00 0.0000000000e+00 4.6311779419e-02
704.30426895 8.8356485808e-02 3.5783181203e-16 0.0000000000e+00 3.5783181203e-16 8.8356485808e-02 0.0000000000e+00 0.0000000000e+00 0.0000000000e+00 4.6249795253e-02
704.54108949 8.8194984982e-02 3.5720513635e-16 0.0000000000e+00 3.5720513635e-16 8.8194984982e-02 0.0000000000e+00 0.0000000000e+00 0.0000000000e+00 4.6187927614e-02
704.77791002 8.8033927794e-02 3.5595178499e-16 0.0000000000e+00 3.5595178499e-16 8.8033927794e-02 0.0000000000e+00 0.0000000000e+00 0.0000000000e+00 4.6126176216e-02
705.01473055 8.7873312594e-02 3.5532510931e-16 0.0000000000e+00 3.5532510931e-16 8.7873312594e-02 0.0000000000e+00 0.0000000000e+00 0.0000000000e+00 4.6064540776e-02
705.25155109 8.7713137738e-02 3.5469843364e-16 0.0000000000e+00 3.5469843364e-16 8.7713137738e-02 0.0000000000e+00 0.0000000000e+00 0.0000000000e+00 4.6003021008e-02
705.48837162 8.7553401588e-02 3.5469843364e-16 0.0000000000e+00 3.5469843364e-16 8.7553401588e-02 0.0000000000e+00 0.0000000000e+00 0.0000000000e+00 4.5941616631e-02
705.72519216 8.7394102518e-02 3.5344508228e-16 0.0000000000e+00 3.5344508228e-16 8.7394102518e-02 0.0000000000e+00 0.0000000000e+00 0.0000000000e+00 4.5880327363e-02
705.96201269 8.7235238905e-02 3.5344508228e-16 0.0000000000e+00 3.5344508228e-16 8.7235238905e-02 0.0000000000e+00 0.0000000000e+00 0.0000000000e+00 4.5819152923e-02
706.19883323 8.7076809137e-02 3.5219173093e-16 0.0000000000e+00 3.5219173093e-16 8.7076809137e-02 0.0000000000e+00 0.0000000000e+00 0.0000000000e+00 4.5758093030e-02
706.43565376 8.6918811609e-02 3.5219173093e-16 0.0000000000e+00 3.5219173093e-16 8.6918811609e-02 0.0000000000e+00 0.0000000000e+00 0.0000000000e+00 4.5697147405e-02
706.67247429 8.6761244722e-02 3.5156505525e-16 0.0000000000e+00 3.5156505525e-16 8.6761244722e-02 0.0000000000e+00 0.0000000000e+00 0.0000000000e+00 4.5636315769e-02
706.90929483 8.6604106885e-02 3.5031170389e-16 0.0000000000e+00 3.5031170389e-16 8.6604106885e-02 0.0000000000e+00 0.0000000000e+00 0.0000000000e+00 4.5575597846e-02
707.14611536 8.6447396516e-02 3.4968502821e-16 0.0000000000e+00 3.4968502821e-16 8.6447396516e-02 0.0000000000e+00 0.0000000000e+00 0.0000000000e+00 4.5514993358e-02
707.38293590 8.6291112038e-02 3.4905835254e-16 0.0000000000e+00 3.4905835254e-16 8.6291112038e-02 0.0000000000e+00 0.0000000000e+00 0.0000000000e+00 4.5454502030e-02
707.61975643 8.6135251883e-02 3.4843167686e-16 0.0000000000e+00 3.4843167686e-16 8.6135251883e-02 0.0000000000e+00 0.0000000000e+00 0.0000000000e+00 4.5394123585e-02
707.85657697 8.5979814490e-02 3.4780500118e-16 0.0000000000e+00 3.4780500118e-16 8.5979814490e-02 0.0000000000e+00 0.0000000000e+00 0.0000000000e+00 4.5333857751e-02
708.09339750 8.5824798305e-02 3.4717832550e-16 0.0000000000e+00 3.4717832550e-16 8.5824798305e-02 0.0000000000e+00 0.0000000000e+00 0.0000000000e+00 4.5273704252e-02
708.33021803 8.5670201781e-02 3.4717832550e-16 0.0000000000e+00 3.4717832550e-16 8.5670201781e-02 0.0000000000e+00 0.0000000000e+00 0.0000000000e+00 4.5213662817e-02
708.56703857 8.5516023379e-02 3.4655164983e-16 0.0000000000e+00 3.4655164983e-16 8.5516023379e-02 0.0000000000e+00 0.0000000000e+00 0.0000000000e+00 4.5153733175e-02
708.80385910 8.5362261566e-02 3.4592497415e-16 0.0000000000e+00 3.4592497415e-16 8.5362261566e-02 0.0000000000e+00 0.0000000000e+00 0.0000000000e+00 4.5093915052e-02
709.04067964 8.5208914817e-02 3.4529829847e-16 0.0000000000e+00 3.4529829847e-16 8.5208914817e-02 0.0000000000e+00 0.0000000000e+00 0.0000000000e+00 4.5034208181e-02
709.27750017 8.5055981613e-02 3.4404494711e-16 0.0000000000e+00 3.4404494711e-16 8.5055981613e-02 0.0000000000e+00 0.0000000000e+00 0.0000000000e+00 4.4974612291e-02
709.51432071 8.4903460444e-02 3.4341827144e-16 0.0000000000e+00 3.4341827144e-16 8.4903460444e-02 0.0000000000e+00 0.0000000000e+00 0.0000000000e+00 4.4915127113e-02
709.75114124 8.4751349806e-02 3.4341827144e-16 0.0000000000e+00 3.4341827144e-16 8.4751349806e-02 0.0000000000e+00 0.0000000000e+00 0.0000000000e+00 4.4855752380e-02
709.98796177 8.4599648200e-02 3.4279159576e-16 0.0000000000e+00 3.4279159576e-16 8.4599648200e-02 0.0000000000e+00 0.0000000000e+00 0.0000000000e+00 4.4796487825e-02
710.22478231 8.4448354137e-02 3.4216492008e-16 0.0000000000e+00 3.4216492008e-16 8.4448354137e-02 0.0000000000e+00 0.0000000000e+00 0.0000000000e+00 4.4737333182e-02
710.46160284 8.4297466133e-02 3.4091156873e-16 0.0000000000e+00 3.4091156873e-16 8.4297466133e-02 0.0000000000e+00 0.0000000000e+00 0.0000000000e+00 4.4678288184e-02
