# frequency_cm-1 xx xy xz yx yy yz zx zy zz
0.00000000 1.8025918801e+01 2.1746556634e-03 0.0000000000e+00 2.1746556634e-03 1.8025919606e+01 0.0000000000e+00 0.0000000000e+00 0.0000000000e+00 4.5452414084e+00
0.50000000 1.8025919601e+01 2.1746559595e-03 0.0000000000e+00 2.1746559595e-03 1.8025920406e+01 0.0000000000e+00 0.0000000000e+00 0.0000000000e+00 4.5452415021e+00
1.00000000 1.8025922002e+01 2.1746568480e-03 0.0000000000e+00 2.1746568480e-03 1.8025922807e+01 0.0000000000e+00 0.0000000000e+00 0.0000000000e+00 4.5452417832e+00
1.50000000 1.8025926003e+01 2.1746583288e-03 0.0000000000e+00 2.1746583288e-03 1.8025926808e+01 0.0000000000e+00 0.0000000000e+00 0.0000000000e+00 4.5452422517e+00
2.00000000 1.8025931605e+01 2.1746604020e-03 0.0000000000e+00 2.1746604020e-03 1.8025932410e+01 0.0000000000e+00 0.0000000000e+00 0.0000000000e+00 4.5452429076e+00
2.50000000 1.8025938807e+01 2.1746630674e-03 0.0000000000e+00 2.1746630674e-03 1.8025939612e+01 0.0000000000e+00 0.0000000000e+00 0.0000000000e+00 4.5452437509e+00
3.00000000 1.8025947610e+01 2.1746663252e-03 0.0000000000e+00 2.1746663252e-03 1.8025948414e+01 0.0000000000e+00 0.0000000000e+00 0.0000000000e+00 4.5452447816e+00
3.50000000 1.8025958013e+01 2.1746701754e-03 0.0000000000e+00 2.1746701754e-03 1.8025958817e+01 0.0000000000e+00 0.0000000000e+00 0.0000000000e+00 4.5452459996e+00
4.00000000 1.8025970016e+01 2.1746746179e-03 0.0000000000e+00 2.1746746179e-03 1.8025970821e+01 0.0000000000e+00 0.0000000000e+00 0.0000000000e+00 4.5452474052e+00
4.50000000 1.8025983620e+01 2.1746796527e-03 0.0000000000e+00 2.1746796527e-03 1.8025984425e+01 0.0000000000e+00 0.0000000000e+00 0.0000000000e+00 4.5452489981e+00
5.00000000 1.8025998825e+01 2.1746852799e-03 0.0000000000e+00 2.1746852799e-03 1.8025999630e+01 0.0000000000e+00 0.0000000000e+00 0.0000000000e+00 4.5452507784e+00
5.50000000 1.8026015630e+01 2.1746914995e-03 0.0000000000e+00 2.1746914995e-03 1.8026016435e+01 0.0000000000e+00 0.0000000000e+00 0.0000000000e+00 4.5452527462e+00
6.00000000 1.8026034036e+01 2.1746983115e-03 0.0000000000e+00 2.1746983115e-03 1.8026034841e+01 0.0000000000e+00 0.0000000000e+00 0.0000000000e+00 4.5452549014e+00
6.50000000 1.8026054043e+01 2.1747057159e-03 0.0000000000e+00 2.1747057159e-03 1.8026054848e+01 0.0000000000e+00 0.0000000000e+00 0.0000000000e+00 4.5452572441e+00
7.00000000 1.8026075650e+01 2.1747137126e-03 0.0000000000e+00 2.1747137126e-03 1.8026076455e+01 0.0000000000e+00 0.0000000000e+00 0.0000000000e+00 4.5452597743e+00
7.50000000 1.8026098858e+01 2.1747223018e-03 0.0000000000e+00 2.1747223018e-03 1.8026099663e+01 0.0000000000e+00 0.0000000000e+00 0.0000000000e+00 4.5452624919e+00
8.00000000 1.8026123667e+01 2.1747314834e-03 0.0000000000e+00 2.1747314834e-03 1.8026124472e+01 0.0000000000e+00 0.0000000000e+00 0.0000000000e+00 4.5452653970e+00
8.50000000 1.8026150076e+01 2.1747412575e-03 0.0000000000e+00 2.1747412575e-03 1.8026150881e+01 0.0000000000e+00 0.0000000000e+00 0.0000000000e+00 4.5452684896e+00
9.00000000 1.8026178087e+01 2.1747516240e-03 0.0000000000e+00 2.1747516240e-03 1.8026178892e+01 0.0000000000e+00 0.0000000000e+00 0.0000000000e+00 4.5452717697e+00
9.50000000 1.8026207698e+01 2.1747625830e-03 0.0000000000e+00 2.1747625830e-03 1.8026208503e+01 0.0000000000e+00 0.0000000000e+00 0.0000000000e+00 4.5452752373e+00
10.00000000 1.8026238910e+01 2.1747741346e-03 0.0000000000e+00 2.1747741346e-03 1.8026239715e+01 0.0000000000e+00 0.0000000000e+00 0.0000000000e+00 4.5452788925e+00
10.50000000 1.8026271723e+01 2.1747862786e-03 0.0000000000e+00 2.1747862786e-03 1.8026272528e+01 0.0000000000e+00 0.0000000000e+00 0.0000000000e+00 4.5452827352e+00
11.00000000 1.8026306138e+01 2.1747990151e-03 0.0000000000e+00 2.1747990151e-03 1.8026306943e+01 0.0000000000e+00 0.0000000000e+00 0.0000000000e+00 4.5452867655e+00
11.50000000 1.8026342153e+01 2.1748123443e-03 0.0000000000e+00 2.1748123443e-03 1.8026342958e+01 0.0000000000e+00 0.0000000000e+00 0.0000000000e+00 4.5452909835e+00
12.00000000 1.8026379769e+01 2.1748262660e-03 0.0000000000e+00 2.1748262660e-03 1.8026380574e+01 0.0000000000e+00 0.0000000000e+00 0.0000000000e+00 4.5452953890e+00
12.50000000 1.8026418987e+01 2.1748407803e-03 0.0000000000e+00 2.1748407803e-03 1.8026419792e+01 0.0000000000e+00 0.0000000000e+00 0.0000000000e+00 4.5452999821e+00
13.00000000 1.8026459806e+01 2.1748558872e-03 0.0000000000e+00 2.1748558872e-03 1.8026460611e+01 0.0000000000e+00 0.0000000000e+00 0.0000000000e+00 4.5453047629e+00
13.50000000 1.8026502226e+01 2.1748715868e-03 0.0000000000e+00 2.1748715868e-03 1.8026503031e+01 0.0000000000e+00 0.0000000000e+00 0.0000000000e+00 4.5453097314e+00
14.00000000 1.8026546248e+01 2.1748878791e-03 0.0000000000e+00 2.1748878791e-03 1.8026547053e+01 0.0000000000e+00 0.0000000000e+00 0.0000000000e+00 4.5453148875e+00
14.50000000 1.8026591871e+01 2.1749047640e-03 0.0000000000e+00 2.1749047640e-03 1.8026592676e+01 0.0000000000e+00 0.0000000000e+00 0.0000000000e+00 4.5453202314e+00
15.00000000 1.8026639096e+01 2.1749222417e-03 0.0000000000e+00 2.1749222417e-03 1.8026639901e+01 0.0000000000e+00 0.0000000000e+00 0.0000000000e+00 4.5453257630e+00
15.50000000 1.8026687922e+01 2.1749403122e-03 0.0000000000e+00 2.1749403122e-03 1.8026688727e+01 0.0000000000e+00 0.0000000000e+00 0.0000000000e+00 4.5453314824e+00
16.00000000 1.8026738350e+01 2.1749589754e-03 0.0000000000e+00 2.1749589754e-03 1.8026739155e+01 0.0000000000e+00 0.0000000000e+00 0.0000000000e+00 4.5453373896e+00
16.50000000 1.8026790380e+01 2.1749782315e-03 0.0000000000e+00 2.1749782315e-03 1.8026791185e+01 0.0000000000e+00 0.0000000000e+00 0.0000000000e+00 4.5453434846e+00
17.00000000 1.8026844012e+01 2.1749980804e-03 0.0000000000e+00 2.1749980804e-03 1.8026844817e+01 0.0000000000e+00 0.0000000000e+00 0.0000000000e+00 4.5453497674e+00
17.50000000 1.8026899246e+01 2.1750185222e-03 0.0000000000e+00 2.1750185222e-03 1.8026900051e+01 0.0000000000e+00 0.0000000000e+00 0.0000000000e+00 4.5453562381e+00
18.00000000 1.8026956081e+01 2.1750395569e-03 0.0000000000e+00 2.1750395569e-03 1.8026956886e+01 0.0000000000e+00 0.0000000000e+00 0.0000000000e+00 4.5453628967e+00
18.50000000 1.8027014519e+01 2.1750611846e-03 0.0000000000e+00 2.1750611846e-03 1.8027015324e+01 0.0000000000e+00 0.0000000000e+00 0.0000000000e+00 4.5453697433e+00
19.00000000 1.8027074560e+01 2.1750834052e-03 0.0000000000e+00 2.1750834052e-03 1.8027075365e+01 0.0000000000e+00 0.0000000000e+00 0.0000000000e+00 4.5453767778e+00
19.50000000 1.8027136202e+01 2.1751062189e-03 0.0000000000e+00 2.1751062189e-03 1.8027137007e+01 0.0000000000e+00 0.0000000000e+00 0.0000000000e+00 4.5453840002e+00
20.00000000 1.8027199447e+01 2.1751296256e-03 0.0000000000e+00 2.1751296256e-03 1.8027200252e+01 0.0000000000e+00 0.0000000000e+00 0.0000000000e+00 4.5453914107e+00
20.50000000 1.8027264295e+01 2.1751536254e-03 0.0000000000e+00 2.1751536254e-03 1.8027265100e+01 0.0000000000e+00 0.0000000000e+00 0.0000000000e+00 4.5453990093e+00
21.00000000 1.8027330745e+01 2.1751782184e-03 0.0000000000e+00 2.1751782184e-03 1.8027331550e+01 0.0000000000e+00 0.0000000000e+00 0.0000000000e+00 4.5454067959e+00
21.50000000 1.8027398798e+01 2.1752034046e-03 0.0000000000e+00 2.1752034046e-03 1.8027399603e+01 0.0000000000e+00 0.0000000000e+00 0.0000000000e+00 4.5454147707e+00
22.00000000 1.8027468454e+01 2.1752291839e-03 0.0000000000e+00 2.1752291839e-03 1.8027469259e+01 0.0000000000e+00 0.0000000000e+00 0.0000000000e+00 4.5454229336e+00
22.50000000 1.8027539713e+01 2.1752555566e-03 0.0000000000e+00 2.1752555566e-03 1.8027540518e+01 0.0000000000e+00 0.0000000000e+00 0.0000000000e+00 4.5454312847e+00
23.00000000 1.8027612575e+01 2.1752825225e-03 0.0000000000e+00 2.1752825225e-03 1.8027613380e+01 0.0000000000e+00 0.0000000000e+00 0.0000000000e+00 4.5454398241e+00
23.50000000 1.8027687040e+01 2.1753100818e-03 0.0000000000e+00 2.1753100818e-03 1.8027687845e+01 0.0000000000e+00 0.0000000000e+00 0.0000000000e+00 4.5454485517e+00
24.00000000 1.8027763108e+01 2.1753382345e-03 0.0000000000e+00 2.1753382345e-03 1.8027763913e+01 0.0000000000e+00 0.0000000000e+00 0.0000000000e+00 4.5454574676e+00
24.50000000 1.8027840780e+01 2.1753669806e-03 0.0000000000e+00 2.1753669806e-03 1.8027841585e+01 0.0000000000e+00 0.0000000000e+00 0.0000000000e+00 4.5454665719e+00
25.00000000 1.8027920056e+01 2.1753963202e-03 0.0000000000e+00 2.1753963202e-03 1.8027920861e+01 0.0000000000e+00 0.0000000000e+00 0.0000000000e+00 4.5454758645e+00
25.50000000 1.8028000935e+01 2.1754262533e-03 0.0000000000e+00 2.1754262533e-03 1.8028001740e+01 0.0000000000e+00 0.0000000000e+00 0.0000000000e+00 4.5454853456e+00
26.00000000 1.8028083418e+01 2.1754567800e-03 0.0000000000e+00 2.1754567800e-03 1.8028084224e+01 0.0000000000e+00 0.0000000000e+00 0.0000000000e+00 4.5454950151e+00
26.50000000 1.8028167506e+01 2.1754879004e-03 0.0000000000e+00 2.1754879004e-03 1.8028168311e+01 0.0000000000e+00 0.0000000000e+00 0.0000000000e+00 4.5455048732e+00
27.00000000 1.8028253197e+01 2.1755196144e-03 0.0000000000e+00 2.1755196144e-03 1.8028254002e+01 0.0000000000e+00 0.0000000000e+00 0.0000000000e+00 4.5455149198e+00
27.50000000 1.8028340493e+01 2.1755519222e-03 0.0000000000e+00 2.1755519222e-03 1.8028341298e+01 0.0000000000e+00 0.0000000000e+00 0.0000000000e+00 4.5455251550e+00
28.00000000 1.8028429393e+01 2.1755848238e-03 0.0000000000e+00 2.1755848238e-03 1.8028430198e+01 0.0000000000e+00 0.0000000000e+00 0.0000000000e+00 4.5455355789e+00
28.50000000 1.8028519897e+01 2.1756183192e-03 0.0000000000e+00 2.1756183192e-03 1.8028520702e+01 0.0000000000e+00 0.0000000000e+00 0.0000000000e+00 4.5455461914e+00
29.00000000 1.8028612006e+01 2.1756524085e-03 0.0000000000e+00 2.1756524085e-03 1.8028612812e+01 0.0000000000e+00 0.0000000000e+00 0.0000000000e+00 4.5455569927e+00
29.50000000 1.8028705721e+01 2.1756870918e-03 0.0000000000e+00 2.1756870918e-03 1.8028706526e+01 0.0000000000e+00 0.0000000000e+00 0.0000000000e+00 4.5455679828e+00
30.00000000 1.8028801040e+01 2.1757223690e-03 0.0000000000e+00 2.1757223690e-03 1.8028801845e+01 0.0000000000e+00 0.0000000000e+00 0.0000000000e+00 4.5455791617e+00
30.50000000 1.8028897964e+01 2.1757582404e-03 0.0000000000e+00 2.1757582404e-03 1.8028898769e+01 0.0000000000e+00 0.0000000000e+00 0.0000000000e+00 4.5455905295e+00
31.00000000 1.8028996494e+01 2.1757947058e-03 0.0000000000e+00 2.1757947058e-03 1.8028997299e+01 0.0000000000e+00 0.0000000000e+00 0.0000000000e+00 4.5456020862e+00
31.50000000 1.8029096629e+01 2.1758317655e-03 0.0000000000e+00 2.1758317655e-03 1.8029097434e+01 0.0000000000e+00 0.0000000000e+00 0.0000000000e+00 4.5456138319e+00
32.00000000 1.8029198370e+01 2.1758694194e-03 0.0000000000e+00 2.1758694194e-03 1.8029199175e+01 0.0000000000e+00 0.0000000000e+00 0.0000000000e+00 4.5456257667e+00
32.50000000 1.8029301717e+01 2.1759076676e-03 0.0000000000e+00 2.1759076676e-03 1.8029302522e+01 0.0000000000e+00 0.0000000000e+00 0.0000000000e+00 4.5456378905e+00
33.00000000 1.8029406669e+01 2.1759465102e-03 0.0000000000e+00 2.1759465102e-03 1.8029407475e+01 0.0000000000e+00 0.0000000000e+00 0.0000000000e+00 4.5456502035e+00
33.50000000 1.8029513228e+01 2.1759859472e-03 0.0000000000e+00 2.1759859472e-03 1.8029514033e+01 0.0000000000e+00 0.0000000000e+00 0.0000000000e+00 4.5456627056e+00
34.00000000 1.8029621393e+01 2.1760259787e-03 0.0000000000e+00 2.1760259787e-03 1.8029622199e+01 0.0000000000e+00 0.0000000000e+00 0.0000000000e+00 4.5456753971e+00
34.50000000 1.8029731165e+01 2.1760666048e-03 0.0000000000e+00 2.1760666048e-03 1.8029731970e+01 0.0000000000e+00 0.0000000000e+00 0.0000000000e+00 4.5456882778e+00
35.00000000 1.8029842543e+01 2.1761078255e-03 0.0000000000e+00 2.1761078255e-03 1.8029843349e+01 0.0000000000e+00 0.0000000000e+00 0.0000000000e+00 4.5457013479e+00
35.50000000 1.8029955529e+01 2.1761496409e-03 0.0000000000e+00 2.1761496409e-03 1.8029956334e+01 0.0000000000e+00 0.0000000000e+00 0.0000000000e+00 4.5457146074e+00
36.00000000 1.8030070121e+01 2.1761920511e-03 0.0000000000e+00 2.1761920511e-03 1.8030070926e+01 0.0000000000e+00 0.0000000000e+00 0.0000000000e+00 4.5457280564e+00
36.50000000 1.8030186320e+01 2.1762350561e-03 0.0000000000e+00 2.1762350561e-03 1.8030187126e+01 0.0000000000e+00 0.0000000000e+00 0.0000000000e+00 4.5457416950e+00
37.00000000 1.8030304127e+01 2.1762786561e-03 0.0000000000e+00 2.1762786561e-03 1.8030304933e+01 0.0000000000e+00 0.0000000000e+00 0.0000000000e+00 4.5457555231e+00
37.50000000 1.8030423542e+01 2.1763228510e-03 0.0000000000e+00 2.1763228510e-03 1.8030424347e+01 0.0000000000e+00 0.0000000000e+00 0.0000000000e+00 4.5457695410e+00
38.00000000 1.8030544564e+01 2.1763676409e-03 0.0000000000e+00 2.1763676409e-03 1.8030545370e+01 0.0000000000e+00 0.0000000000e+00 0.0000000000e+00 4.5457837485e+00
38.50000000 1.8030667195e+01 2.1764130260e-03 0.0000000000e+00 2.1764130260e-03 1.8030668000e+01 0.0000000000e+00 0.0000000000e+00 0.0000000000e+00 4.5457981458e+00
39.00000000 1.8030791434e+01 2.1764590063e-03 0.0000000000e+00 2.1764590063e-03 1.8030792239e+01 0.0000000000e+00 0.0000000000e+00 0.0000000000e+00 4.5458127330e+00
39.50000000 1.8030917281e+01 2.1765055818e-03 0.0000000000e+00 2.1765055818e-03 1.8030918086e+01 0.0000000000e+00 0.0000000000e+00 0.0000000000e+00 4.5458275101e+00
40.00000000 1.8031044737e+01 2.1765527527e-03 0.0000000000e+00 2.1765527527e-03 1.8031045542e+01 0.0000000000e+00 0.0000000000e+00 0.0000000000e+00 4.5458424772e+00
40.50000000 1.8031173801e+01 2.1766005191e-03 0.0000000000e+00 2.1766005191e-03 1.8031174607e+01 0.0000000000e+00 0.0000000000e+00 0.0000000000e+00 4.5458576344e+00
41.00000000 1.8031304475e+01 2.1766488809e-03 0.0000000000e+00 2.1766488809e-03 1.8031305281e+01 0.0000000000e+00 0.0000000000e+00 0.0000000000e+00 4.5458729816e+00
41.50000000 1.8031436758e+01 2.1766978383e-03 0.0000000000e+00 2.1766978383e-03 1.8031437564e+01 0.0000000000e+00 0.0000000000e+00 0.0000000000e+00 4.5458885191e+00
42.00000000 1.8031570650e+01 2.1767473914e-03 0.0000000000e+00 2.1767473914e-03 1.8031571456e+01 0.0000000000e+00 0.0000000000e+00 0.0000000000e+00 4.5459042468e+00
42.50000000 1.8031706153e+01 2.1767975403e-03 0.0000000000e+00 2.1767975403e-03 1.8031706958e+01 0.0000000000e+00 0.0000000000e+00 0.0000000000e+00 4.5459201648e+00
43.00000000 1.8031843265e+01 2.1768482849e-03 0.0000000000e+00 2.1768482849e-03 1.8031844070e+01 0.0000000000e+00 0.0000000000e+00 0.0000000000e+00 4.5459362732e+00
43.50000000 1.8031981987e+01 2.1768996255e-03 0.0000000000e+00 2.1768996255e-03 1.8031982793e+01 0.0000000000e+00 0.0000000000e+00 0.0000000000e+00 4.5459525721e+00
44.00000000 1.8032122320e+01 2.1769515621e-03 0.0000000000e+00 2.1769515621e-03 1.8032123125e+01 0.0000000000e+00 0.0000000000e+00 0.0000000000e+00 4.5459690615e+00
44.50000000 1.8032264263e+01 2.1770040948e-03 0.0000000000e+00 2.1770040948e-03 1.8032265068e+01 0.0000000000e+00 0.0000000000e+00 0.0000000000e+00 4.5459857415e+00
45.00000000 1.8032407817e+01 2.1770572236e-03 0.0000000000e+00 2.1770572236e-03 1.8032408623e+01 0.0000000000e+00 0.0000000000e+00 0.0000000000e+00 4.5460026122e+00
45.50000000 1.8032552982e+01 2.1771109487e-03 0.0000000000e+00 2.1771109487e-03 1.8032553788e+01 0.0000000000e+00 0.0000000000e+00 0.0000000000e+00 4.5460196737e+00
46.00000000 1.8032699758e+01 2.1771652701e-03 0.0000000000e+00 2.1771652701e-03 1.8032700564e+01 0.0000000000e+00 0.0000000000e+00 0.0000000000e+00 4.5460369260e+00
46.50000000 1.8032848147e+01 2.1772201879e-03 0.0000000000e+00 2.1772201879e-03 1.8032848952e+01 0.0000000000e+00 0.0000000000e+00 0.0000000000e+00 4.5460543692e+00
47.00000000 1.8032998146e+01 2.1772757023e-03 0.0000000000e+00 2.1772757023e-03 1.8032998952e+01 0.0000000000e+00 0.0000000000e+00 0.0000000000e+00 4.5460720035e+00
47.50000000 1.8033149758e+01 2.1773318133e-03 0.0000000000e+00 2.1773318133e-03 1.8033150564e+01 0.0000000000e+00 0.0000000000e+00 0.0000000000e+00 4.5460898287e+00
48.00000000 1.8033302982e+01 2.1773885210e-03 0.0000000000e+00 2.1773885210e-03 1.8033303788e+01 0.0000000000e+00 0.0000000000e+00 0.0000000000e+00 4.5461078452e+00
48.50000000 1.8033457819e+01 2.1774458255e-03 0.0000000000e+00 2.1774458255e-03 1.8033458625e+01 0.0000000000e+00 0.0000000000e+00 0.0000000000e+00 4.5461260528e+00
49.00000000 1.8033614269e+01 2.1775037269e-03 0.0000000000e+00 2.1775037269e-03 1.8033615075e+01 0.0000000000e+00 0.0000000000e+00 0.0000000000e+00 4.5461444518e+00
49.50000000 1.8033772331e+01 2.1775622253e-03 0.0000000000e+00 2.1775622253e-03 1.8033773137e+01 0.0000000000e+00 0.0000000000e+00 0.0000000000e+00 4.5461630422e+00
50.00000000 1.8033932007e+01 2.1776213207e-03 0.0000000000e+00 2.1776213207e-03 1.8033932813e+01 0.0000000000e+00 0.0000000000e+00 0.0000000000e+00 4.5461818240e+00
50.50000000 1.8034093297e+01 2.1776810134e-03 0.0000000000e+00 2.1776810134e-03 1.8034094103e+01 0.0000000000e+00 0.0000000000e+00 0.0000000000e+00 4.5462007974e+00
51.00000000 1.8034256200e+01 2.1777413033e-03 0.0000000000e+00 2.1777413033e-03 1.8034257006e+01 0.0000000000e+00 0.0000000000e+00 0.0000000000e+00 4.5462199624e+00
51.50000000 1.8034420718e+01 2.1778021906e-03 0.0000000000e+00 2.1778021906e-03 1.8034421524e+01 0.0000000000e+00 0.0000000000e+00 0.0000000000e+00 4.5462393192e+00
52.00000000 1.8034586850e+01 2.1778636753e-03 0.0000000000e+00 2.1778636753e-03 1.8034587656e+01 0.0000000000e+00 0.0000000000e+00 0.0000000000e+00 4.5462588678e+00
52.50000000 1.8034754596e+01 2.1779257577e-03 0.0000000000e+00 2.1779257577e-03 1.8034755402e+01 0.0000000000e+00 0.0000000000e+00 0.0000000000e+00 4.5462786083e+00
53.00000000 1.8034923957e+01 2.1779884377e-03 0.0000000000e+00 2.1779884377e-03 1.8034924764e+01 0.0000000000e+00 0.0000000000e+00 0.0000000000e+00 4.5462985407e+00
53.50000000 1.8035094934e+01 2.1780517155e-03 0.0000000000e+00 2.1780517155e-03 1.8035095740e+01 0.0000000000e+00 0.0000000000e+00 0.0000000000e+00 4.5463186653e+00
54.00000000 1.8035267526e+01 2.1781155912e-03 0.0000000000e+00 2.1781155912e-03 1.8035268332e+01 0.0000000000e+00 0.0000000000e+00 0.0000000000e+00 4.5463389820e+00
54.50000000 1.8035441734e+01 2.1781800649e-03 0.0000000000e+00 2.1781800649e-03 1.8035442540e+01 0.0000000000e+00 0.0000000000e+00 0.0000000000e+00 4.5463594910e+00
55.00000000 1.8035617558e+01 2.1782451367e-03 0.0000000000e+00 2.1782451367e-03 1.8035618364e+01 0.0000000000e+00 0.0000000000e+00 0.0000000000e+00 4.5463801923e+00
55.50000000 1.8035794998e+01 2.1783108067e-03 0.0000000000e+00 2.1783108067e-03 1.8035795805e+01 0.0000000000e+00 0.0000000000e+00 0.0000000000e+00 4.5464010861e+00
56.00000000 1.8035974055e+01 2.1783770750e-03 0.0000000000e+00 2.1783770750e-03 1.8035974862e+01 0.0000000000e+00 0.0000000000e+00 0.0000000000e+00 4.5464221724e+00
56.50000000 1.8036154729e+01 2.1784439417e-03 0.0000000000e+00 2.1784439417e-03 1.8036155536e+01 0.0000000000e+00 0.0000000000e+00 0.0000000000e+00 4.5464434513e+00
57.00000000 1.8036337020e+01 2.1785114070e-03 0.0000000000e+00 2.1785114070e-03 1.8036337827e+01 0.0000000000e+00 0.0000000000e+00 0.0000000000e+00 4.5464649230e+00
57.50000000 1.8036520929e+01 2.1785794709e-03 0.0000000000e+00 2.1785794709e-03 1.8036521735e+01 0.0000000000e+00 0.0000000000e+00 0.0000000000e+00 4.5464865874e+00
58.00000000 1.8036706456e+01 2.1786481335e-03 0.0000000000e+00 2.1786481335e-03 1.8036707262e+01 0.0000000000e+00 0.0000000000e+00 0.0000000000e+00 4.5465084448e+00
58.50000000 1.8036893600e+01 2.1787173950e-03 0.0000000000e+00 2.1787173950e-03 1.8036894406e+01 0.0000000000e+00 0.0000000000e+00 0.0000000000e+00 4.5465304952e+00
59.00000000 1.8037082363e+01 2.1787872555e-03 0.0000000000e+00 2.1787872555e-03 1.8037083170e+01 0.0000000000e+00 0.0000000000e+00 0.0000000000e+00 4.5465527388e+00
59.50000000 1.8037272745e+01 2.1788577151e-03 0.0000000000e+00 2.1788577151e-03 1.8037273551e+01 0.0000000000e+00 0.0000000000e+00 0.0000000000e+00 4.5465751755e+00
60.00000000 1.8037464746e+01 2.1789287739e-03 0.0000000000e+00 2.1789287739e-03 1.8037465552e+01 0.0000000000e+00 0.0000000000e+00 0.0000000000e+00 4.5465978056e+00
60.50000000 1.8037658366e+01 2.1790004321e-03 0.0000000000e+00 2.1790004321e-03 1.8037659173e+01 0.0000000000e+00 0.0000000000e+00 0.0000000000e+00 4.5466206290e+00
61.00000000 1.8037853606e+01 2.1790726896e-03 0.0000000000e+00 2.1790726896e-03 1.8037854413e+01 0.0000000000e+00 0.0000000000e+00 0.0000000000e+00 4.5466436460e+00
61.50000000 1.8038050466e+01 2.1791455468e-03 0.0000000000e+00 2.1791455468e-03 1.8038051273e+01 0.0000000000e+00 0.0000000000e+00 0.0000000000e+00 4.5466668566e+00
62.00000000 1.8038248946e+01 2.1792190036e-03 0.0000000000e+00 2.1792190036e-03 1.8038249753e+01 0.0000000000e+00 0.0000000000e+00 0.0000000000e+00 4.5466902609e+00
62.50000000 1.8038449047e+01 2.1792930602e-03 0.0000000000e+00 2.1792930602e-03 1.8038449854e+01 0.0000000000e+00 0.0000000000e+00 0.0000000000e+00 4.5467138591e+00
63.00000000 1.8038650769e+01 2.1793677168e-03 0.0000000000e+00 2.1793677168e-03 1.8038651576e+01 0.0000000000e+00 0.0000000000e+00 0.0000000000e+00 4.5467376512e+00
63.50000000 1.8038854113e+01 2.1794429734e-03 0.0000000000e+00 2.1794429734e-03 1.8038854919e+01 0.0000000000e+00 0.0000000000e+00 0.0000000000e+00 4.5467616373e+00
64.00000000 1.8039059078e+01 2.1795188302e-03 0.0000000000e+00 2.1795188302e-03 1.8039059884e+01 0.0000000000e+00 0.0000000000e+00 0.0000000000e+00 4.5467858176e+00
64.50000000 1.8039265665e+01 2.1795952872e-03 0.0000000000e+00 2.1795952872e-03 1.8039266472e+01 0.0000000000e+00 0.0000000000e+00 0.0000000000e+00 4.5468101921e+00
65.00000000 1.8039473874e+01 2.1796723447e-03 0.0000000000e+00 2.1796723447e-03 1.8039474681e+01 0.0000000000e+00 0.0000000000e+00 0.0000000000e+00 4.5468347610e+00
65.50000000 1.8039683706e+01 2.1797500028e-03 0.0000000000e+00 2.1797500028e-03 1.8039684513e+01 0.0000000000e+00 0.0000000000e+00 0.0000000000e+00 4.5468595244e+00
66.00000000 1.8039895161e+01 2.1798282615e-03 0.0000000000e+00 2.1798282615e-03 1.8039895968e+01 0.0000000000e+00 0.0000000000e+00 0.0000000000e+00 4.5468844824e+00
66.50000000 1.8040108240e+01 2.1799071210e-03 0.0000000000e+00 2.1799071210e-03 1.8040109047e+01 0.0000000000e+00 0.0000000000e+00 0.0000000000e+00 4.5469096351e+00
67.00000000 1.8040322942e+01 2.1799865815e-03 0.0000000000e+00 2.1799865815e-03 1.8040323749e+01 0.0000000000e+00 0.0000000000e+00 0.0000000000e+00 4.5469349826e+00
67.50000000 1.8040539268e+01 2.1800666431e-03 0.0000000000e+00 2.1800666431e-03 1.8040540075e+01 0.0000000000e+00 0.0000000000e+00 0.0000000000e+00 4.5469605250e+00
68.00000000 1.8040757219e+01 2.1801473058e-03 0.0000000000e+00 2.1801473058e-03 1.8040758026e+01 0.0000000000e+00 0.0000000000e+00 0.0000000000e+00 4.5469862624e+00
68.50000000 1.8040976794e+01 2.1802285699e-03 0.0000000000e+00 2.1802285699e-03 1.8040977601e+01 0.0000000000e+00 0.0000000000e+00 0.0000000000e+00 4.5470121950e+00
69.00000000 1.8041197995e+01 2.1803104354e-03 0.0000000000e+00 2.1803104354e-03 1.8041198802e+01 0.0000000000e+00 0.0000000000e+00 0.0000000000e+00 4.5470383229e+00
69.50000000 1.8041420821e+01 2.1803929025e-03 0.0000000000e+00 2.1803929025e-03 1.8041421628e+01 0.0000000000e+00 0.0000000000e+00 0.0000000000e+00 4.5470646462e+00
70.00000000 1.8041645273e+01 2.1804759714e-03 0.0000000000e+00 2.1804759714e-03 1.8041646080e+01 0.0000000000e+00 0.0000000000e+00 0.0000000000e+00 4.5470911650e+00
70.50000000 1.8041871352e+01 2.1805596422e-03 0.0000000000e+00 2.1805596422e-03 1.8041872159e+01 0.0000000000e+00 0.0000000000e+00 0.0000000000e+00 4.5471178794e+00
71.00000000 1.8042099057e+01 2.1806439149e-03 0.0000000000e+00 2.1806439149e-03 1.8042099864e+01 0.0000000000e+00 0.0000000000e+00 0.0000000000e+00 4.5471447896e+00
71.50000000 1.8042328389e+01 2.1807287898e-03 0.0000000000e+00 2.1807287898e-03 1.8042329196e+01 0.0000000000e+00 0.0000000000e+00 0.0000000000e+00 4.5471718956e+00
72.00000000 1.8042559348e+01 2.1808142670e-03 0.0000000000e+00 2.1808142670e-03 1.8042560155e+01 0.0000000000e+00 0.0000000000e+00 0.0000000000e+00 4.5471991976e+00
72.50000000 1.8042791935e+01 2.1809003467e-03 0.0000000000e+00 2.1809003467e-03 1.8042792743e+01 0.0000000000e+00 0.0000000000e+00 0.0000000000e+00 4.5472266958e+00
73.00000000 1.8043026151e+01 2.1809870289e-03 0.0000000000e+00 2.1809870289e-03 1.8043026958e+01 0.0000000000e+00 0.0000000000e+00 0.0000000000e+00 4.5472543901e+00
73.50000000 1.8043261995e+01 2.1810743138e-03 0.0000000000e+00 2.1810743138e-03 1.8043262802e+01 0.0000000000e+00 0.0000000000e+00 0.0000000000e+00 4.5472822809e+00
74.00000000 1.8043499467e+01 2.1811622016e-03 0.0000000000e+00 2.1811622016e-03 1.8043500275e+01 0.0000000000e+00 0.0000000000e+00 0.0000000000e+00 4.5473103681e+00
74.50000000 1.8043738569e+01 2.1812506923e-03 0.0000000000e+00 2.1812506923e-03 1.8043739377e+01 0.0000000000e+00 0.0000000000e+00 0.0000000000e+00 4.5473386520e+00
75.00000000 1.8043979301e+01 2.1813397863e-03 0.0000000000e+00 2.1813397863e-03 1.8043980109e+01 0.0000000000e+00 0.0000000000e+00 0.0000000000e+00 4.5473671326e+00
75.50000000 1.8044221663e+01 2.1814294835e-03 0.0000000000e+00 2.1814294835e-03 1.8044222470e+01 0.0000000000e+00 0.0000000000e+00 0.0000000000e+00 4.5473958100e+00
76.00000000 1.8044465656e+01 2.1815197842e-03 0.0000000000e+00 2.1815197842e-03 1.8044466463e+01 0.0000000000e+00 0.0000000000e+00 0.0000000000e+00 4.5474246845e+00
76.50000000 1.8044711279e+01 2.1816106885e-03 0.0000000000e+00 2.1816106885e-03 1.8044712086e+01 0.0000000000e+00 0.0000000000e+00 0.0000000000e+00 4.5474537561e+00
77.00000000 1.8044958534e+01 2.1817021965e-03 0.0000000000e+00 2.1817021965e-03 1.8044959341e+01 0.0000000000e+00 0.0000000000e+00 0.0000000000e+00 4.5474830250e+00
77.50000000 1.8045207420e+01 2.1817943084e-03 0.0000000000e+00 2.1817943084e-03 1.8045208227e+01 0.0000000000e+00 0.0000000000e+00 0.0000000000e+00 4.5475124913e+00
78.00000000 1.8045457938e+01 2.1818870243e-03 0.0000000000e+00 2.1818870243e-03 1.8045458746e+01 0.0000000000e+00 0.0000000000e+00 0.0000000000e+00 4.5475421551e+00
78.50000000 1.8045710090e+01 2.1819803445e-03 0.0000000000e+00 2.1819803445e-03 1.8045710897e+01 0.0000000000e+00 0.0000000000e+00 0.0000000000e+00 4.5475720165e+00
79.00000000 1.8045963874e+01 2.1820742690e-03 0.0000000000e+00 2.1820742690e-03 1.8045964681e+01 0.0000000000e+00 0.0000000000e+00 0.0000000000e+00 4.5476020758e+00
79.50000000 1.8046219291e+01 2.1821687980e-03 0.0000000000e+00 2.1821687980e-03 1.8046220099e+01 0.0000000000e+00 0.0000000000e+00 0.0000000000e+00 4.5476323330e+00
80.00000000 1.8046476342e+01 2.1822639317e-03 0.0000000000e+00 2.1822639317e-03 1.8046477150e+01 0.0000000000e+00 0.0000000000e+00 0.0000000000e+00 4.5476627883e+00
80.50000000 1.8046735028e+01 2.1823596702e-03 0.0000000000e+00 2.1823596702e-03 1.8046735835e+01 0.0000000000e+00 0.0000000000e+00 0.0000000000e+00 4.5476934418e+00
81.00000000 1.8046995348e+01 2.1824560137e-03 0.0000000000e+00 2.1824560137e-03 1.8046996155e+01 0.0000000000e+00 0.0000000000e+00 0.0000000000e+00 4.5477242936e+00
81.50000000 1.8047257303e+01 2.1825529623e-03 0.0000000000e+00 2.1825529623e-03 1.8047258111e+01 0.0000000000e+00 0.0000000000e+00 0.0000000000e+00 4.5477553439e+00
82.00000000 1.8047520894e+01 2.1826505163e-03 0.0000000000e+00 2.1826505163e-03 1.8047521701e+01 0.0000000000e+00 0.0000000000e+00 0.0000000000e+00 4.5477865929e+00
82.50000000 1.8047786120e+01 2.1827486757e-03 0.0000000000e+00 2.1827486757e-03 1.8047786928e+01 0.0000000000e+00 0.0000000000e+00 0.0000000000e+00 4.5478180406e+00
83.00000000 1.8048052983e+01 2.1828474407e-03 0.0000000000e+00 2.1828474407e-03 1.8048053791e+01 0.0000000000e+00 0.0000000000e+00 0.0000000000e+00 4.5478496872e+00
83.50000000 1.8048321483e+01 2.1829468115e-03 0.0000000000e+00 2.1829468115e-03 1.8048322291e+01 0.0000000000e+00 0.0000000000e+00 0.0000000000e+00 4.5478815329e+00
84.00000000 1.8048591621e+01 2.1830467882e-03 0.0000000000e+00 2.1830467882e-03 1.8048592428e+01 0.0000000000e+00 0.0000000000e+00 0.0000000000e+00 4.5479135778e+00
84.50000000 1.8048863395e+01 2.1831473711e-03 0.0000000000e+00 2.1831473711e-03 1.8048864203e+01 0.0000000000e+00 0.0000000000e+00 0.0000000000e+00 4.5479458221e+00
85.00000000 1.8049136809e+01 2.1832485603e-03 0.0000000000e+00 2.1832485603e-03 1.8049137617e+01 0.0000000000e+00 0.0000000000e+00 0.0000000000e+00 4.5479782658e+00
85.50000000 1.8049411860e+01 2.1833503559e-03 0.0000000000e+00 2.1833503559e-03 1.8049412668e+01 0.0000000000e+00 0.0000000000e+00 0.0000000000e+00 4.5480109092e+00
86.00000000 1.8049688551e+01 2.1834527581e-03 0.0000000000e+00 2.1834527581e-03 1.8049689359e+01 0.0000000000e+00 0.0000000000e+00 0.0000000000e+00 4.5480437524e+00
86.50000000 1.8049966881e+01 2.1835557671e-03 0.0000000000e+00 2.1835557671e-03 1.8049967689e+01 0.0000000000e+00 0.0000000000e+00 0.0000000000e+00 4.5480767955e+00
87.00000000 1.8050246852e+01 2.1836593830e-03 0.0000000000e+00 2.1836593830e-03 1.8050247660e+01 0.0000000000e+00 0.0000000000e+00 0.0000000000e+00 4.5481100387e+00
87.50000000 1.8050528462e+01 2.1837636061e-03 0.0000000000e+00 2.1837636061e-03 1.8050529271e+01 0.0000000000e+00 0.0000000000e+00 0.0000000000e+00 4.5481434821e+00
88.00000000 1.8050811714e+01 2.1838684365e-03 0.0000000000e+00 2.1838684365e-03 1.8050812522e+01 0.0000000000e+00 0.0000000000e+00 0.0000000000e+00 4.5481771260e+00
88.50000000 1.8051096607e+01 2.1839738744e-03 0.0000000000e+00 2.1839738744e-03 1.8051097416e+01 0.0000000000e+00 0.0000000000e+00 0.0000000000e+00 4.5482109704e+00
89.00000000 1.8051383142e+01 2.1840799199e-03 0.0000000000e+00 2.1840799199e-03 1.8051383951e+01 0.0000000000e+00 0.0000000000e+00 0.0000000000e+00 4.5482450155e+00
89.50000000 1.8051671320e+01 2.1841865733e-03 0.0000000000e+00 2.1841865733e-03 1.8051672128e+01 0.0000000000e+00 0.0000000000e+00 0.0000000000e+00 4.5482792614e+00
90.00000000 1.8051961140e+01 2.1842938346e-03 0.0000000000e+00 2.1842938346e-03 1.8051961948e+01 0.0000000000e+00 0.0000000000e+00 0.0000000000e+00 4.5483137084e+00
90.50000000 1.8052252603e+01 2.1844017041e-03 0.0000000000e+00 2.1844017041e-03 1.8052253412e+01 0.0000000000e+00 0.0000000000e+00 0.0000000000e+00 4.5483483565e+00
91.00000000 1.8052545711e+01 2.1845101820e-03 0.0000000000e+00 2.1845101820e-03 1.8052546519e+01 0.0000000000e+00 0.0000000000e+00 0.0000000000e+00 4.5483832060e+00
91.50000000 1.8052840462e+01 2.1846192684e-03 0.0000000000e+00 2.1846192684e-03 1.8052841271e+01 0.0000000000e+00 0.0000000000e+00 0.0000000000e+00 4.5484182569e+00
92.00000000 1.8053136858e+01 2.1847289636e-03 0.0000000000e+00 2.1847289636e-03 1.8053137667e+01 0.0000000000e+00 0.0000000000e+00 0.0000000000e+00 4.5484535095e+00
92.50000000 1.8053434900e+01 2.1848392676e-03 0.0000000000e+00 2.1848392676e-03 1.8053435708e+01 0.0000000000e+00 0.0000000000e+00 0.0000000000e+00 4.5484889639e+00
93.00000000 1.8053734587e+01 2.1849501807e-03 0.0000000000e+00 2.1849501807e-03 1.8053735396e+01 0.0000000000e+00 0.0000000000e+00 0.0000000000e+00 4.5485246203e+00
93.50000000 1.8054035921e+01 2.1850617031e-03 0.0000000000e+00 2.1850617031e-03 1.8054036729e+01 0.0000000000e+00 0.0000000000e+00 0.0000000000e+00 4.5485604788e+00
94.00000000 1.8054338901e+01 2.1851738350e-03 0.0000000000e+00 2.1851738350e-03 1.8054339710e+01 0.0000000000e+00 0.0000000000e+00 0.0000000000e+00 4.5485965397e+00
94.50000000 1.8054643528e+01 2.1852865765e-03 0.0000000000e+00 2.1852865765e-03 1.8054644337e+01 0.0000000000e+00 0.0000000000e+00 0.0000000000e+00 4.5486328029e+00
95.00000000 1.8054949804e+01 2.1853999278e-03 0.0000000000e+00 2.1853999278e-03 1.8054950612e+01 0.0000000000e+00 0.0000000000e+00 0.0000000000e+00 4.5486692688e+00
95.50000000 1.8055257727e+01 2.1855138891e-03 0.0000000000e+00 2.1855138891e-03 1.8055258536e+01 0.0000000000e+00 0.0000000000e+00 0.0000000000e+00 4.5487059376e+00
96.00000000 1.8055567299e+01 2.1856284606e-03 0.0000000000e+00 2.1856284606e-03 1.8055568108e+01 0.0000000000e+00 0.0000000000e+00 0.0000000000e+00 4.5487428092e+00
96.50000000 1.8055878521e+01 2.1857436425e-03 0.0000000000e+00 2.1857436425e-03 1.8055879330e+01 0.0000000000e+00 0.0000000000e+00 0.0000000000e+00 4.5487798840e+00
97.00000000 1.8056191392e+01 2.1858594350e-03 0.0000000000e+00 2.1858594350e-03 1.8056192201e+01 0.0000000000e+00 0.0000000000e+00 0.0000000000e+00 4.5488171621e+00
97.50000000 1.8056505914e+01 2.1859758383e-03 0.0000000000e+00 2.1859758383e-03 1.8056506723e+01 0.0000000000e+00 0.0000000000e+00 0.0000000000e+00 4.5488546437e+00
98.00000000 1.8056822086e+01 2.1860928525e-03 0.0000000000e+00 2.1860928525e-03 1.8056822895e+01 0.0000000000e+00 0.0000000000e+00 0.0000000000e+00 4.5488923290e+00
98.50000000 1.8057139910e+01 2.1862104779e-03 0.0000000000e+00 2.1862104779e-03 1.8057140719e+01 0.0000000000e+00 0.0000000000e+00 0.0000000000e+00 4.5489302180e+00
99.00000000 1.8057459386e+01 2.1863287146e-03 0.0000000000e+00 2.1863287146e-03 1.8057460195e+01 0.0000000000e+00 0.0000000000e+00 0.0000000000e+00 4.5489683111e+00
99.50000000 1.8057780514e+01 2.1864475629e-03 0.0000000000e+00 2.1864475629e-03 1.8057781323e+01 0.0000000000e+00 0.0000000000e+00 0.0000000000e+00 4.5490066083e+00
100.00000000 1.8058103295e+01 2.1865670230e-03 0.0000000000e+00 2.1865670230e-03 1.8058104104e+01 0.0000000000e+00 0.0000000000e+00 0.0000000000e+00 4.5490451099e+00
100.50000000 1.8058427729e+01 2.1866870950e-03 0.0000000000e+00 2.1866870950e-03 1.8058428539e+01 0.0000000000e+00 0.0000000000e+00 0.0000000000e+00 4.5490838160e+00
101.00000000 1.8058753818e+01 2.1868077792e-03 0.0000000000e+00 2.1868077792e-03 1.8058754627e+01 0.0000000000e+00 0.0000000000e+00 0.0000000000e+00 4.5491227268e+00
101.50000000 1.8059081561e+01 2.1869290757e-03 0.0000000000e+00 2.1869290757e-03 1.8059082371e+01 0.0000000000e+00 0.0000000000e+00 0.0000000000e+00 4.5491618424e+00
102.00000000 1.8059410959e+01 2.1870509847e-03 0.0000000000e+00 2.1870509847e-03 1.8059411769e+01 0.0000000000e+00 0.0000000000e+00 0.0000000000e+00 4.5492011632e+00
102.50000000 1.8059742013e+01 2.1871735066e-03 0.0000000000e+00 2.1871735066e-03 1.8059742823e+01 0.0000000000e+00 0.0000000000e+00 0.0000000000e+00 4.5492406891e+00
103.00000000 1.8060074724e+01 2.1872966413e-03 0.0000000000e+00 2.1872966413e-03 1.8060075533e+01 0.0000000000e+00 0.0000000000e+00 0.0000000000e+00 4.5492804205e+00
103.50000000 1.8060409090e+01 2.1874203893e-03 0.0000000000e+00 2.1874203893e-03 1.8060409900e+01 0.0000000000e+00 0.0000000000e+00 0.0000000000e+00 4.5493203576e+00
104.00000000 1.8060745115e+01 2.1875447506e-03 0.0000000000e+00 2.1875447506e-03 1.8060745924e+01 0.0000000000e+00 0.0000000000e+00 0.0000000000e+00 4.5493605004e+00
104.50000000 1.8061082797e+01 2.1876697254e-03 0.0000000000e+00 2.1876697254e-03 1.8061083606e+01 0.0000000000e+00 0.0000000000e+00 0.0000000000e+00 4.5494008491e+00
105.00000000 1.8061422137e+01 2.1877953141e-03 0.0000000000e+00 2.1877953141e-03 1.8061422947e+01 0.0000000000e+00 0.0000000000e+00 0.0000000000e+00 4.5494414041e+00
105.50000000 1.8061763137e+01 2.1879215167e-03 0.0000000000e+00 2.1879215167e-03 1.8061763947e+01 0.0000000000e+00 0.0000000000e+00 0.0000000000e+00 4.5494821654e+00
106.00000000 1.8062105796e+01 2.1880483336e-03 0.0000000000e+00 2.1880483336e-03 1.8062106606e+01 0.0000000000e+00 0.0000000000e+00 0.0000000000e+00 4.5495231332e+00
106.50000000 1.8062450115e+01 2.1881757649e-03 0.0000000000e+00 2.1881757649e-03 1.8062450925e+01 0.0000000000e+00 0.0000000000e+00 0.0000000000e+00 4.5495643078e+00
107.00000000 1.8062796095e+01 2.1883038107e-03 0.0000000000e+00 2.1883038107e-03 1.8062796905e+01 0.0000000000e+00 0.0000000000e+00 0.0000000000e+00 4.5496056893e+00
107.50000000 1.8063143737e+01 2.1884324715e-03 0.0000000000e+00 2.1884324715e-03 1.8063144547e+01 0.0000000000e+00 0.0000000000e+00 0.0000000000e+00 4.5496472779e+00
108.00000000 1.8063493040e+01 2.1885617473e-03 0.0000000000e+00 2.1885617473e-03 1.8063493850e+01 0.0000000000e+00 0.0000000000e+00 0.0000000000e+00 4.5496890738e+00
108.50000000 1.8063844005e+01 2.1886916383e-03 0.0000000000e+00 2.1886916383e-03 1.8063844815e+01 0.0000000000e+00 0.0000000000e+00 0.0000000000e+00 4.5497310772e+00
109.00000000 1.8064196634e+01 2.1888221448e-03 0.0000000000e+00 2.1888221448e-03 1.8064197444e+01 0.0000000000e+00 0.0000000000e+00 0.0000000000e+00 4.5497732883e+00
109.50000000 1.8064550926e+01 2.1889532671e-03 0.0000000000e+00 2.1889532671e-03 1.8064551736e+01 0.0000000000e+00 0.0000000000e+00 0.0000000000e+00 4.5498157073e+00
110.00000000 1.8064906883e+01 2.1890850052e-03 0.0000000000e+00 2.1890850052e-03 1.8064907693e+01 0.0000000000e+00 0.0000000000e+00 0.0000000000e+00 4.5498583344e+00
110.50000000 1.8065264504e+01 2.1892173595e-03 0.0000000000e+00 2.1892173595e-03 1.8065265314e+01 0.0000000000e+00 0.0000000000e+00 0.0000000000e+00 4.5499011698e+00
111.00000000 1.8065623791e+01 2.1893503302e-03 0.0000000000e+00 2.1893503302e-03 1.8065624601e+01 0.0000000000e+00 0.0000000000e+00 0.0000000000e+00 4.5499442136e+00
111.50000000 1.8065984744e+01 2.1894839174e-03 0.0000000000e+00 2.1894839174e-03 1.8065985554e+01 0.0000000000e+00 0.0000000000e+00 0.0000000000e+00 4.5499874661e+00
112.00000000 1.8066347363e+01 2.1896181214e-03 0.0000000000e+00 2.1896181214e-03 1.8066348173e+01 0.0000000000e+00 0.0000000000e+00 0.0000000000e+00 4.5500309276e+00
112.50000000 1.8066711649e+01 2.1897529425e-03 0.0000000000e+00 2.1897529425e-03 1.8066712460e+01 0.0000000000e+00 0.0000000000e+00 0.0000000000e+00 4.5500745981e+00
113.00000000 1.8067077604e+01 2.1898883808e-03 0.0000000000e+00 2.1898883808e-03 1.8067078414e+01 0.0000000000e+00 0.0000000000e+00 0.0000000000e+00 4.5501184779e+00
113.50000000 1.8067445226e+01 2.1900244366e-03 0.0000000000e+00 2.1900244366e-03 1.8067446037e+01 0.0000000000e+00 0.0000000000e+00 0.0000000000e+00 4.5501625672e+00
114.00000000 1.8067814518e+01 2.1901611101e-03 0.0000000000e+00 2.1901611101e-03 1.8067815329e+01 0.0000000000e+00 0.0000000000e+00 0.0000000000e+00 4.5502068662e+00
114.50000000 1.8068185480e+01 2.1902984016e-03 0.0000000000e+00 2.1902984016e-03 1.8068186290e+01 0.0000000000e+00 0.0000000000e+00 0.0000000000e+00 4.5502513751e+00
115.00000000 1.8068558112e+01 2.1904363112e-03 0.0000000000e+00 2.1904363112e-03 1.8068558922e+01 0.0000000000e+00 0.0000000000e+00 0.0000000000e+00 4.5502960941e+00
115.50000000 1.8068932414e+01 2.1905748392e-03 0.0000000000e+00 2.1905748392e-03 1.8068933225e+01 0.0000000000e+00 0.0000000000e+00 0.0000000000e+00 4.5503410234e+00
116.00000000 1.8069308388e+01 2.1907139858e-03 0.0000000000e+00 2.1907139858e-03 1.8069309199e+01 0.0000000000e+00 0.0000000000e+00 0.0000000000e+00 4.5503861633e+00
116.50000000 1.8069686035e+01 2.1908537513e-03 0.0000000000e+00 2.1908537513e-03 1.8069686846e+01 0.0000000000e+00 0.0000000000e+00 0.0000000000e+00 4.5504315139e+00
117.00000000 1.8070065354e+01 2.1909941359e-03 0.0000000000e+00 2.1909941359e-03 1.8070066165e+01 0.0000000000e+00 0.0000000000e+00 0.0000000000e+00 4.5504770755e+00
117.50000000 1.8070446346e+01 2.1911351398e-03 0.0000000000e+00 2.1911351398e-03 1.8070447157e+01 0.0000000000e+00 0.0000000000e+00 0.0000000000e+00 4.5505228482e+00
118.00000000 1.8070829013e+01 2.1912767632e-03 0.0000000000e+00 2.1912767632e-03 1.8070829824e+01 0.0000000000e+00 0.0000000000e+00 0.0000000000e+00 4.5505688324e+00
118.50000000 1.8071213354e+01 2.1914190065e-03 0.0000000000e+00 2.1914190065e-03 1.8071214165e+01 0.0000000000e+00 0.0000000000e+00 0.0000000000e+00 4.5506150281e+00
119.00000000 1.8071599371e+01 2.1915618698e-03 0.0000000000e+00 2.1915618698e-03 1.8071600182e+01 0.0000000000e+00 0.0000000000e+00 0.0000000000e+00 4.5506614356e+00
119.50000000 1.8071987064e+01 2.1917053534e-03 0.0000000000e+00 2.1917053534e-03 1.8071987875e+01 0.0000000000e+00 0.0000000000e+00 0.0000000000e+00 4.5507080552e+00
120.00000000 1.8072376433e+01 2.1918494575e-03 0.0000000000e+00 2.1918494575e-03 1.8072377244e+01 0.0000000000e+00 0.0000000000e+00 0.0000000000e+00 4.5507548870e+00
120.50000000 1.8072767479e+01 2.1919941823e-03 0.0000000000e+00 2.1919941823e-03 1.8072768291e+01 0.0000000000e+00 0.0000000000e+00 0.0000000000e+00 4.5508019313e+00
121.00000000 1.8073160204e+01 2.1921395281e-03 0.0000000000e+00 2.1921395281e-03 1.8073161015e+01 0.0000000000e+00 0.0000000000e+00 0.0000000000e+00 4.5508491883e+00
121.50000000 1.8073554607e+01 2.1922854952e-03 0.0000000000e+00 2.1922854952e-03 1.8073555418e+01 0.0000000000e+00 0.0000000000e+00 0.0000000000e+00 4.5508966582e+00
122.00000000 1.8073950689e+01 2.1924320838e-03 0.0000000000e+00 2.1924320838e-03 1.8073951501e+01 0.0000000000e+00 0.0000000000e+00 0.0000000000e+00 4.5509443413e+00
122.50000000 1.8074348451e+01 2.1925792941e-03 0.0000000000e+00 2.1925792941e-03 1.8074349263e+01 0.0000000000e+00 0.0000000000e+00 0.0000000000e+00 4.5509922377e+00
123.00000000 1.8074747894e+01 2.1927271264e-03 0.0000000000e+00 2.1927271264e-03 1.8074748706e+01 0.0000000000e+00 0.0000000000e+00 0.0000000000e+00 4.5510403477e+00
123.50000000 1.8075149018e+01 2.1928755809e-03 0.0000000000e+00 2.1928755809e-03 1.8075149830e+01 0.0000000000e+00 0.0000000000e+00 0.0000000000e+00 4.5510886715e+00
124.00000000 1.8075551824e+01 2.1930246579e-03 0.0000000000e+00 2.1930246579e-03 1.8075552636e+01 0.0000000000e+00 0.0000000000e+00 0.0000000000e+00 4.5511372094e+00
124.50000000 1.8075956313e+01 2.1931743576e-03 0.0000000000e+00 2.1931743576e-03 1.8075957125e+01 0.0000000000e+00 0.0000000000e+00 0.0000000000e+00 4.5511859615e+00
125.00000000 1.8076362485e+01 2.1933246802e-03 0.0000000000e+00 2.1933246802e-03 1.8076363296e+01 0.0000000000e+00 0.0000000000e+00 0.0000000000e+00 4.5512349281e+00
125.50000000 1.8076770341e+01 2.1934756261e-03 0.0000000000e+00 2.1934756261e-03 1.8076771152e+01 0.0000000000e+00 0.0000000000e+00 0.0000000000e+00 4.5512841095e+00
126.00000000 1.8077179881e+01 2.1936271955e-03 0.0000000000e+00 2.1936271955e-03 1.8077180693e+01 0.0000000000e+00 0.0000000000e+00 0.0000000000e+00 4.5513335058e+00
126.50000000 1.8077591107e+01 2.1937793886e-03 0.0000000000e+00 2.1937793886e-03 1.8077591919e+01 0.0000000000e+00 0.0000000000e+00 0.0000000000e+00 4.5513831173e+00
127.00000000 1.8078004019e+01 2.1939322058e-03 0.0000000000e+00 2.1939322058e-03 1.8078004831e+01 0.0000000000e+00 0.0000000000e+00 0.0000000000e+00 4.5514329443e+00
127.50000000 1.8078418617e+01 2.1940856471e-03 0.0000000000e+00 2.1940856471e-03 1.8078419429e+01 0.0000000000e+00 0.0000000000e+00 0.0000000000e+00 4.5514829869e+00
128.00000000 1.8078834903e+01 2.1942397130e-03 0.0000000000e+00 2.1942397130e-03 1.8078835715e+01 0.0000000000e+00 0.0000000000e+00 0.0000000000e+00 4.5515332454e+00
128.50000000 1.8079252877e+01 2.1943944036e-03 0.0000000000e+00 2.1943944036e-03 1.8079253689e+01 0.0000000000e+00 0.0000000000e+00 0.0000000000e+00 4.5515837201e+00
129.00000000 1.8079672540e+01 2.1945497192e-03 0.0000000000e+00 2.1945497192e-03 1.8079673352e+01 0.0000000000e+00 0.0000000000e+00 0.0000000000e+00 4.5516344111e+00
129.50000000 1.8080093892e+01 2.1947056602e-03 0.0000000000e+00 2.1947056602e-03 1.8080094705e+01 0.0000000000e+00 0.0000000000e+00 0.0000000000e+00 4.5516853188e+00
130.00000000 1.8080516935e+01 2.1948622266e-03 0.0000000000e+00 2.1948622266e-03 1.8080517747e+01 0.0000000000e+00 0.0000000000e+00 0.0000000000e+00 4.5517364433e+00
130.50000000 1.8080941669e+01 2.1950194189e-03 0.0000000000e+00 2.1950194189e-03 1.8080942481e+01 0.0000000000e+00 0.0000000000e+00 0.0000000000e+00 4.5517877849e+00
131.00000000 1.8081368094e+01 2.1951772373e-03 0.0000000000e+00 2.1951772373e-03 1.8081368906e+01 0.0000000000e+00 0.0000000000e+00 0.0000000000e+00 4.5518393439e+00
131.50000000 1.8081796211e+01 2.1953356819e-03 0.0000000000e+00 2.1953356819e-03 1.8081797024e+01 0.0000000000e+00 0.0000000000e+00 0.0000000000e+00 4.5518911205e+00
132.00000000 1.8082226022e+01 2.1954947532e-03 0.0000000000e+00 2.1954947532e-03 1.8082226835e+01 0.0000000000e+00 0.0000000000e+00 0.0000000000e+00 4.5519431149e+00
132.50000000 1.8082657526e+01 2.1956544514e-03 0.0000000000e+00 2.1956544514e-03 1.8082658339e+01 0.0000000000e+00 0.0000000000e+00 0.0000000000e+00 4.5519953274e+00
133.00000000 1.8083090725e+01 2.1958147767e-03 0.0000000000e+00 2.1958147767e-03 1.8083091538e+01 0.0000000000e+00 0.0000000000e+00 0.0000000000e+00 4.5520477583e+00
133.50000000 1.8083525620e+01 2.1959757294e-03 0.0000000000e+00 2.1959757294e-03 1.8083526432e+01 0.0000000000e+00 0.0000000000e+00 0.0000000000e+00 4.5521004077e+00
134.00000000 1.8083962210e+01 2.1961373098e-03 0.0000000000e+00 2.1961373098e-03 1.8083963023e+01 0.0000000000e+00 0.0000000000e+00 0.0000000000e+00 4.5521532759e+00
134.50000000 1.8084400497e+01 2.1962995181e-03 0.0000000000e+00 2.1962995181e-03 1.8084401310e+01 0.0000000000e+00 0.0000000000e+00 0.0000000000e+00 4.5522063633e+00
135.00000000 1.8084840481e+01 2.1964623547e-03 0.0000000000e+00 2.1964623547e-03 1.8084841294e+01 0.0000000000e+00 0.0000000000e+00 0.0000000000e+00 4.5522596700e+00
135.50000000 1.8085282164e+01 2.1966258197e-03 0.0000000000e+00 2.1966258197e-03 1.8085282977e+01 0.0000000000e+00 0.0000000000e+00 0.0000000000e+00 4.5523131963e+00
136.00000000 1.8085725545e+01 2.1967899136e-03 0.0000000000e+00 2.1967899136e-03 1.8085726358e+01 0.0000000000e+00 0.0000000000e+00 0.0000000000e+00 4.5523669424e+00
136.50000000 1.8086170626e+01 2.1969546365e-03 0.0000000000e+00 2.1969546365e-03 1.8086171440e+01 0.0000000000e+00 0.0000000000e+00 0.0000000000e+00 4.5524209086e+00
137.00000000 1.8086617408e+01 2.1971199887e-03 0.0000000000e+00 2.1971199887e-03 1.8086618221e+01 0.0000000000e+00 0.0000000000e+00 0.0000000000e+00 4.5524750953e+00
137.50000000 1.8087065891e+01 2.1972859705e-03 0.0000000000e+00 2.1972859705e-03 1.8087066704e+01 0.0000000000e+00 0.0000000000e+00 0.0000000000e+00 4.5525295025e+00
138.00000000 1.8087516076e+01 2.1974525822e-03 0.0000000000e+00 2.1974525822e-03 1.8087516889e+01 0.0000000000e+00 0.0000000000e+00 0.0000000000e+00 4.5525841306e+00
138.50000000 1.8087967963e+01 2.1976198241e-03 0.0000000000e+00 2.1976198241e-03 1.8087968777e+01 0.0000000000e+00 0.0000000000e+00 0.0000000000e+00 4.5526389799e+00
139.00000000 1.8088421554e+01 2.1977876964e-03 0.0000000000e+00 2.1977876964e-03 1.8088422368e+01 0.0000000000e+00 0.0000000000e+00 0.0000000000e+00 4.5526940506e+00
139.50000000 1.8088876850e+01 2.1979561995e-03 0.0000000000e+00 2.1979561995e-03 1.8088877663e+01 0.0000000000e+00 0.0000000000e+00 0.0000000000e+00 4.5527493429e+00
140.00000000 1.8089333850e+01 2.1981253335e-03 0.0000000000e+00 2.1981253335e-03 1.8089334663e+01 0.0000000000e+00 0.0000000000e+00 0.0000000000e+00 4.5528048572e+00
140.50000000 1.8089792556e+01 2.1982950989e-03 0.0000000000e+00 2.1982950989e-03 1.8089793370e+01 0.0000000000e+00 0.0000000000e+00 0.0000000000e+00 4.5528605938e+00
141.00000000 1.8090252969e+01 2.1984654959e-03 0.0000000000e+00 2.1984654959e-03 1.8090253782e+01 0.0000000000e+00 0.0000000000e+00 0.0000000000e+00 4.5529165527e+00
141.50000000 1.8090715088e+01 2.1986365247e-03 0.0000000000e+00 2.1986365247e-03 1.8090715902e+01 0.0000000000e+00 0.0000000000e+00 0.0000000000e+00 4.5529727345e+00
142.00000000 1.8091178916e+01 2.1988081857e-03 0.0000000000e+00 2.1988081857e-03 1.8091179730e+01 0.0000000000e+00 0.0000000000e+00 0.0000000000e+00 4.5530291392e+00
142.50000000 1.8091644453e+01 2.1989804792e-03 0.0000000000e+00 2.1989804792e-03 1.8091645267e+01 0.0000000000e+00 0.0000000000e+00 0.0000000000e+00 4.5530857672e+00
143.00000000 1.8092111700e+01 2.1991534054e-03 0.0000000000e+00 2.1991534054e-03 1.8092112514e+01 0.0000000000e+00 0.0000000000e+00 0.0000000000e+00 4.5531426188e+00
143.50000000 1.8092580657e+01 2.1993269646e-03 0.0000000000e+00 2.1993269646e-03 1.8092581471e+01 0.0000000000e+00 0.0000000000e+00 0.0000000000e+00 4.5531996942e+00
144.00000000 1.8093051325e+01 2.1995011572e-03 0.0000000000e+00 2.1995011572e-03 1.8093052139e+01 0.0000000000e+00 0.0000000000e+00 0.0000000000e+00 4.5532569938e+00
144.50000000 1.8093523706e+01 2.1996759834e-03 0.0000000000e+00 2.1996759834e-03 1.8093524520e+01 0.0000000000e+00 0.0000000000e+00 0.0000000000e+00 4.5533145177e+00
145.00000000 1.8093997799e+01 2.1998514435e-03 0.0000000000e+00 2.1998514435e-03 1.8093998613e+01 0.0000000000e+00 0.0000000000e+00 0.0000000000e+00 4.5533722662e+00
145.50000000 1.8094473606e+01 2.2000275378e-03 0.0000000000e+00 2.2000275378e-03 1.8094474420e+01 0.0000000000e+00 0.0000000000e+00 0.0000000000e+00 4.5534302398e+00
146.00000000 1.8094951127e+01 2.2002042667e-03 0.0000000000e+00 2.2002042667e-03 1.8094951942e+01 0.0000000000e+00 0.0000000000e+00 0.0000000000e+00 4.5534884385e+00
146.50000000 1.8095430364e+01 2.2003816303e-03 0.0000000000e+00 2.2003816303e-03 1.8095431178e+01 0.0000000000e+00 0.0000000000e+00 0.0000000000e+00 4.5535468627e+00
147.00000000 1.8095911317e+01 2.2005596291e-03 0.0000000000e+00 2.2005596291e-03 1.8095912131e+01 0.0000000000e+00 0.0000000000e+00 0.0000000000e+00 4.5536055128e+00
147.50000000 1.8096393986e+01 2.2007382633e-03 0.0000000000e+00 2.2007382633e-03 1.8096394801e+01 0.0000000000e+00 0.0000000000e+00 0.0000000000e+00 4.5536643889e+00
148.00000000 1.8096878373e+01 2.2009175332e-03 0.0000000000e+00 2.2009175332e-03 1.8096879188e+01 0.0000000000e+00 0.0000000000e+00 0.0000000000e+00 4.5537234913e+00
148.50000000 1.8097364479e+01 2.2010974392e-03 0.0000000000e+00 2.2010974392e-03 1.8097365294e+01 0.0000000000e+00 0.0000000000e+00 0.0000000000e+00 4.5537828204e+00
149.00000000 1.8097852305e+01 2.2012779814e-03 0.0000000000e+00 2.2012779814e-03 1.8097853119e+01 0.0000000000e+00 0.0000000000e+00 0.0000000000e+00 4.5538423764e+00
149.50000000 1.8098341850e+01 2.2014591603e-03 0.0000000000e+00 2.2014591603e-03 1.8098342665e+01 0.0000000000e+00 0.0000000000e+00 0.0000000000e+00 4.5539021597e+00
150.00000000 1.8098833116e+01 2.2016409762e-03 0.0000000000e+00 2.2016409762e-03 1.8098833931e+01 0.0000000000e+00 0.0000000000e+00 0.0000000000e+00 4.5539621704e+00
150.50000000 1.8099326105e+01 2.2018234292e-03 0.0000000000e+00 2.2018234292e-03 1.8099326919e+01 0.0000000000e+00 0.0000000000e+00 0.0000000000e+00 4.5540224090e+00
151.00000000 1.8099820815e+01 2.2020065199e-03 0.0000000000e+00 2.2020065199e-03 1.8099821630e+01 0.0000000000e+00 0.0000000000e+00 0.0000000000e+00 4.5540828757e+00
151.50000000 1.8100317250e+01 2.2021902484e-03 0.0000000000e+00 2.2021902484e-03 1.8100318065e+01 0.0000000000e+00 0.0000000000e+00 0.0000000000e+00 4.5541435707e+00
152.00000000 1.8100815409e+01 2.2023746151e-03 0.0000000000e+00 2.2023746151e-03 1.8100816224e+01 0.0000000000e+00 0.0000000000e+00 0.0000000000e+00 4.5542044944e+00
152.50000000 1.8101315293e+01 2.2025596203e-03 0.0000000000e+00 2.2025596203e-03 1.8101316108e+01 0.0000000000e+00 0.0000000000e+00 0.0000000000e+00 4.5542656472e+00
153.00000000 1.8101816903e+01 2.2027452643e-03 0.0000000000e+00 2.2027452643e-03 1.8101817718e+01 0.0000000000e+00 0.0000000000e+00 0.0000000000e+00 4.5543270292e+00
153.50000000 1.8102320240e+01 2.2029315474e-03 0.0000000000e+00 2.2029315474e-03 1.8102321055e+01 0.0000000000e+00 0.0000000000e+00 0.0000000000e+00 4.5543886407e+00
154.00000000 1.8102825305e+01 2.2031184700e-03 0.0000000000e+00 2.2031184700e-03 1.8102826120e+01 0.0000000000e+00 0.0000000000e+00 0.0000000000e+00 4.5544504822e+00
154.50000000 1.8103332098e+01 2.2033060323e-03 0.0000000000e+00 2.2033060323e-03 1.8103332913e+01 0.0000000000e+00 0.0000000000e+00 0.0000000000e+00 4.5545125538e+00
155.00000000 1.8103840621e+01 2.2034942346e-03 0.0000000000e+00 2.2034942346e-03 1.8103841436e+01 0.0000000000e+00 0.0000000000e+00 0.0000000000e+00 4.5545748560e+00
155.50000000 1.8104350874e+01 2.2036830774e-03 0.0000000000e+00 2.2036830774e-03 1.8104351690e+01 0.0000000000e+00 0.0000000000e+00 0.0000000000e+00 4.5546373889e+00
156.00000000 1.8104862858e+01 2.2038725609e-03 0.0000000000e+00 2.2038725609e-03 1.8104863674e+01 0.0000000000e+00 0.0000000000e+00 0.0000000000e+00 4.5547001530e+00
156.50000000 1.8105376575e+01 2.2040626855e-03 0.0000000000e+00 2.2040626855e-03 1.8105377391e+01 0.0000000000e+00 0.0000000000e+00 0.0000000000e+00 4.5547631484e+00
157.00000000 1.8105892024e+01 2.2042534514e-03 0.0000000000e+00 2.2042534514e-03 1.8105892840e+01 0.0000000000e+00 0.0000000000e+00 0.0000000000e+00 4.5548263756e+00
157.50000000 1.8106409208e+01 2.2044448589e-03 0.0000000000e+00 2.2044448589e-03 1.8106410023e+01 0.0000000000e+00 0.0000000000e+00 0.0000000000e+00 4.5548898347e+00
158.00000000 1.8106928126e+01 2.2046369085e-03 0.0000000000e+00 2.2046369085e-03 1.8106928941e+01 0.0000000000e+00 0.0000000000e+00 0.0000000000e+00 4.5549535263e+00
158.50000000 1.8107448779e+01 2.2048296005e-03 0.0000000000e+00 2.2048296005e-03 1.8107449595e+01 0.0000000000e+00 0.0000000000e+00 0.0000000000e+00 4.5550174505e+00
159.00000000 1.8107971169e+01 2.2050229351e-03 0.0000000000e+00 2.2050229351e-03 1.8107971985e+01 0.0000000000e+00 0.0000000000e+00 0.0000000000e+00 4.5550816076e+00
159.50000000 1.8108495297e+01 2.2052169126e-03 0.0000000000e+00 2.2052169126e-03 1.8108496113e+01 0.0000000000e+00 0.0000000000e+00 0.0000000000e+00 4.5551459980e+00
160.00000000 1.8109021162e+01 2.2054115336e-03 0.0000000000e+00 2.2054115336e-03 1.8109021979e+01 0.0000000000e+00 0.0000000000e+00 0.0000000000e+00 4.5552106221e+00
160.50000000 1.8109548767e+01 2.2056067981e-03 0.0000000000e+00 2.2056067981e-03 1.8109549584e+01 0.0000000000e+00 0.0000000000e+00 0.0000000000e+00 4.5552754800e+00
161.00000000 1.8110078112e+01 2.2058027067e-03 0.0000000000e+00 2.2058027067e-03 1.8110078929e+01 0.0000000000e+00 0.0000000000e+00 0.0000000000e+00 4.5553405722e+00
161.50000000 1.8110609198e+01 2.2059992596e-03 0.0000000000e+00 2.2059992596e-03 1.8110610015e+01 0.0000000000e+00 0.0000000000e+00 0.0000000000e+00 4.5554058990e+00
162.00000000 1.8111142026e+01 2.2061964572e-03 0.0000000000e+00 2.2061964572e-03 1.8111142842e+01 0.0000000000e+00 0.0000000000e+00 0.0000000000e+00 4.5554714606e+00
162.50000000 1.8111676597e+01 2.2063942997e-03 0.0000000000e+00 2.2063942997e-03 1.8111677413e+01 0.0000000000e+00 0.0000000000e+00 0.0000000000e+00 4.5555372575e+00
163.00000000 1.8112212911e+01 2.2065927876e-03 0.0000000000e+00 2.2065927876e-03 1.8112213727e+01 0.0000000000e+00 0.0000000000e+00 0.0000000000e+00 4.5556032899e+00
163.50000000 1.8112750970e+01 2.2067919211e-03 0.0000000000e+00 2.2067919211e-03 1.8112751786e+01 0.0000000000e+00 0.0000000000e+00 0.0000000000e+00 4.5556695581e+00
164.00000000 1.8113290774e+01 2.2069917007e-03 0.0000000000e+00 2.2069917007e-03 1.8113291591e+01 0.0000000000e+00 0.0000000000e+00 0.0000000000e+00 4.5557360626e+00
164.50000000 1.8113832325e+01 2.2071921266e-03 0.0000000000e+00 2.2071921266e-03 1.8113833142e+01 0.0000000000e+00 0.0000000000e+00 0.0000000000e+00 4.5558028035e+00
165.00000000 1.8114375623e+01 2.2073931992e-03 0.0000000000e+00 2.2073931992e-03 1.8114376440e+01 0.0000000000e+00 0.0000000000e+00 0.0000000000e+00 4.5558697813e+00
165.50000000 1.8114920670e+01 2.2075949189e-03 0.0000000000e+00 2.2075949189e-03 1.8114921487e+01 0.0000000000e+00 0.0000000000e+00 0.0000000000e+00 4.5559369963e+00
166.00000000 1.8115467465e+01 2.2077972859e-03 0.0000000000e+00 2.2077972859e-03 1.8115468282e+01 0.0000000000e+00 0.0000000000e+00 0.0000000000e+00 4.5560044489e+00
166.50000000 1.8116016011e+01 2.2080003007e-03 0.0000000000e+00 2.2080003007e-03 1.8116016828e+01 0.0000000000e+00 0.0000000000e+00 0.0000000000e+00 4.5560721392e+00
167.00000000 1.8116566308e+01 2.2082039636e-03 0.0000000000e+00 2.2082039636e-03 1.8116567126e+01 0.0000000000e+00 0.0000000000e+00 0.0000000000e+00 4.5561400678e+00
167.50000000 1.8117118357e+01 2.2084082748e-03 0.0000000000e+00 2.2084082748e-03 1.8117119175e+01 0.0000000000e+00 0.0000000000e+00 0.0000000000e+00 4.5562082349e+00
168.00000000 1.8117672159e+01 2.2086132349e-03 0.0000000000e+00 2.2086132349e-03 1.8117672977e+01 0.0000000000e+00 0.0000000000e+00 0.0000000000e+00 4.5562766409e+00
168.50000000 1.8118227715e+01 2.2088188441e-03 0.0000000000e+00 2.2088188441e-03 1.8118228533e+01 0.0000000000e+00 0.0000000000e+00 0.0000000000e+00 4.5563452860e+00
169.00000000 1.8118785026e+01 2.2090251027e-03 0.0000000000e+00 2.2090251027e-03 1.8118785844e+01 0.0000000000e+00 0.0000000000e+00 0.0000000000e+00 4.5564141708e+00
169.50000000 1.8119344093e+01 2.2092320112e-03 0.0000000000e+00 2.2092320112e-03 1.8119344911e+01 0.0000000000e+00 0.0000000000e+00 0.0000000000e+00 4.5564832954e+00
170.00000000 1.8119904916e+01 2.2094395699e-03 0.0000000000e+00 2.2094395699e-03 1.8119905734e+01 0.0000000000e+00 0.0000000000e+00 0.0000000000e+00 4.5565526602e+00
170.50000000 1.8120467498e+01 2.2096477791e-03 0.0000000000e+00 2.2096477791e-03 1.8120468316e+01 0.0000000000e+00 0.0000000000e+00 0.0000000000e+00 4.5566222657e+00
171.00000000 1.8121031838e+01 2.2098566392e-03 0.0000000000e+00 2.2098566392e-03 1.8121032656e+01 0.0000000000e+00 0.0000000000e+00 0.0000000000e+00 4.5566921121e+00
171.50000000 1.8121597938e+01 2.2100661506e-03 0.0000000000e+00 2.2100661506e-03 1.8121598755e+01 0.0000000000e+00 0.0000000000e+00 0.0000000000e+00 4.5567621998e+00
172.00000000 1.8122165798e+01 2.2102763135e-03 0.0000000000e+00 2.2102763135e-03 1.8122166616e+01 0.0000000000e+00 0.0000000000e+00 0.0000000000e+00 4.5568325291e+00
172.50000000 1.8122735420e+01 2.2104871285e-03 0.0000000000e+00 2.2104871285e-03 1.8122736238e+01 0.0000000000e+00 0.0000000000e+00 0.0000000000e+00 4.5569031005e+00
173.00000000 1.8123306805e+01 2.2106985958e-03 0.0000000000e+00 2.2106985958e-03 1.8123307623e+01 0.0000000000e+00 0.0000000000e+00 0.0000000000e+00 4.5569739141e+00
173.50000000 1.8123879953e+01 2.2109107158e-03 0.0000000000e+00 2.2109107158e-03 1.8123880771e+01 0.0000000000e+00 0.0000000000e+00 0.0000000000e+00 4.5570449705e+00
174.00000000 1.8124454866e+01 2.2111234888e-03 0.0000000000e+00 2.2111234888e-03 1.8124455684e+01 0.0000000000e+00 0.0000000000e+00 0.0000000000e+00 4.5571162700e+00
174.50000000 1.8125031544e+01 2.2113369153e-03 0.0000000000e+00 2.2113369153e-03 1.8125032362e+01 0.0000000000e+00 0.0000000000e+00 0.0000000000e+00 4.5571878128e+00
175.00000000 1.8125609989e+01 2.2115509956e-03 0.0000000000e+00 2.2115509956e-03 1.8125610807e+01 0.0000000000e+00 0.0000000000e+00 0.0000000000e+00 4.5572595995e+00
175.50000000 1.8126190201e+01 2.2117657300e-03 0.0000000000e+00 2.2117657300e-03 1.8126191020e+01 0.0000000000e+00 0.0000000000e+00 0.0000000000e+00 4.5573316303e+00
176.00000000 1.8126772182e+01 2.2119811190e-03 0.0000000000e+00 2.2119811190e-03 1.8126773001e+01 0.0000000000e+00 0.0000000000e+00 0.0000000000e+00 4.5574039056e+00
176.50000000 1.8127355933e+01 2.2121971629e-03 0.0000000000e+00 2.2121971629e-03 1.8127356752e+01 0.0000000000e+00 0.0000000000e+00 0.0000000000e+00 4.5574764257e+00
177.00000000 1.8127941454e+01 2.2124138621e-03 0.0000000000e+00 2.2124138621e-03 1.8127942273e+01 0.0000000000e+00 0.0000000000e+00 0.0000000000e+00 4.5575491912e+00
177.50000000 1.8128528747e+01 2.2126312169e-03 0.0000000000e+00 2.2126312169e-03 1.8128529566e+01 0.0000000000e+00 0.0000000000e+00 0.0000000000e+00 4.5576222022e+00
178.00000000 1.8129117812e+01 2.2128492277e-03 0.0000000000e+00 2.2128492277e-03 1.8129118631e+01 0.0000000000e+00 0.0000000000e+00 0.0000000000e+00 4.5576954592e+00
178.50000000 1.8129708651e+01 2.2130678949e-03 0.0000000000e+00 2.2130678949e-03 1.8129709470e+01 0.0000000000e+00 0.0000000000e+00 0.0000000000e+00 4.5577689625e+00
179.00000000 1.8130301264e+01 2.2132872189e-03 0.0000000000e+00 2.2132872189e-03 1.8130302083e+01 0.0000000000e+00 0.0000000000e+00 0.0000000000e+00 4.5578427126e+00
179.50000000 1.8130895653e+01 2.2135072001e-03 0.0000000000e+00 2.2135072001e-03 1.8130896472e+01 0.0000000000e+00 0.0000000000e+00 0.0000000000e+00 4.5579167098e+00
180.00000000 1.8131491819e+01 2.2137278387e-03 0.0000000000e+00 2.2137278387e-03 1.8131492638e+01 0.0000000000e+00 0.0000000000e+00 0.0000000000e+00 4.5579909544e+00
180.50000000 1.8132089762e+01 2.2139491353e-03 0.0000000000e+00 2.2139491353e-03 1.8132090582e+01 0.0000000000e+00 0.0000000000e+00 0.0000000000e+00 4.5580654469e+00
181.00000000 1.8132689484e+01 2.2141710902e-03 0.0000000000e+00 2.2141710902e-03 1.8132690304e+01 0.0000000000e+00 0.0000000000e+00 0.0000000000e+00 4.5581401876e+00
181.50000000 1.8133290986e+01 2.2143937037e-03 0.0000000000e+00 2.2143937037e-03 1.8133291806e+01 0.0000000000e+00 0.0000000000e+00 0.0000000000e+00 4.5582151770e+00
182.00000000 1.8133894269e+01 2.2146169764e-03 0.0000000000e+00 2.2146169764e-03 1.8133895088e+01 0.0000000000e+00 0.0000000000e+00 0.0000000000e+00 4.5582904153e+00
182.50000000 1.8134499333e+01 2.2148409084e-03 0.0000000000e+00 2.2148409084e-03 1.8134500153e+01 0.0000000000e+00 0.0000000000e+00 0.0000000000e+00 4.5583659030e+00
183.00000000 1.8135106181e+01 2.2150655003e-03 0.0000000000e+00 2.2150655003e-03 1.8135107000e+01 0.0000000000e+00 0.0000000000e+00 0.0000000000e+00 4.5584416405e+00
183.50000000 1.8135714812e+01 2.2152907524e-03 0.0000000000e+00 2.2152907524e-03 1.8135715632e+01 0.0000000000e+00 0.0000000000e+00 0.0000000000e+00 4.5585176281e+00
184.00000000 1.8136325228e+01 2.2155166651e-03 0.0000000000e+00 2.2155166651e-03 1.8136326048e+01 0.0000000000e+00 0.0000000000e+00 0.0000000000e+00 4.5585938662e+00
184.50000000 1.8136937430e+01 2.2157432388e-03 0.0000000000e+00 2.2157432388e-03 1.8136938250e+01 0.0000000000e+00 0.0000000000e+00 0.0000000000e+00 4.5586703553e+00
185.00000000 1.8137551419e+01 2.2159704739e-03 0.0000000000e+00 2.2159704739e-03 1.8137552239e+01 0.0000000000e+00 0.0000000000e+00 0.0000000000e+00 4.5587470957e+00
185.50000000 1.8138167197e+01 2.2161983708e-03 0.0000000000e+00 2.2161983708e-03 1.8138168017e+01 0.0000000000e+00 0.0000000000e+00 0.0000000000e+00 4.5588240878e+00
186.00000000 1.8138784763e+01 2.2164269298e-03 0.0000000000e+00 2.2164269298e-03 1.8138785583e+01 0.0000000000e+00 0.0000000000e+00 0.0000000000e+00 4.5589013320e+00
186.50000000 1.8139404120e+01 2.2166561514e-03 0.0000000000e+00 2.2166561514e-03 1.8139404940e+01 0.0000000000e+00 0.0000000000e+00 0.0000000000e+00 4.5589788287e+00
187.00000000 1.8140025268e+01 2.2168860360e-03 0.0000000000e+00 2.2168860360e-03 1.8140026088e+01 0.0000000000e+00 0.0000000000e+00 0.0000000000e+00 4.5590565783e+00
187.50000000 1.8140648209e+01 2.2171165839e-03 0.0000000000e+00 2.2171165839e-03 1.8140649029e+01 0.0000000000e+00 0.0000000000e+00 0.0000000000e+00 4.5591345812e+00
188.00000000 1.8141272943e+01 2.2173477957e-03 0.0000000000e+00 2.2173477957e-03 1.8141273763e+01 0.0000000000e+00 0.0000000000e+00 0.0000000000e+00 4.5592128379e+00
188.50000000 1.8141899471e+01 2.2175796715e-03 0.0000000000e+00 2.2175796715e-03 1.8141900292e+01 0.0000000000e+00 0.0000000000e+00 0.0000000000e+00 4.5592913486e+00
189.00000000 1.8142527795e+01 2.2178122120e-03 0.0000000000e+00 2.2178122120e-03 1.8142528616e+01 0.0000000000e+00 0.0000000000e+00 0.0000000000e+00 4.5593701138e+00
189.50000000 1.8143157916e+01 2.2180454174e-03 0.0000000000e+00 2.2180454174e-03 1.8143158737e+01 0.0000000000e+00 0.0000000000e+00 0.0000000000e+00 4.5594491340e+00
190.00000000 1.8143789835e+01 2.2182792881e-03 0.0000000000e+00 2.2182792881e-03 1.8143790656e+01 0.0000000000e+00 0.0000000000e+00 0.0000000000e+00 4.5595284095e+00
190.50000000 1.8144423553e+01 2.2185138247e-03 0.0000000000e+00 2.2185138247e-03 1.8144424374e+01 0.0000000000e+00 0.0000000000e+00 0.0000000000e+00 4.5596079407e+00
191.00000000 1.8145059071e+01 2.2187490274e-03 0.0000000000e+00 2.2187490274e-03 1.8145059892e+01 0.0000000000e+00 0.0000000000e+00 0.0000000000e+00 4.5596877280e+00
191.50000000 1.8145696390e+01 2.2189848968e-03 0.0000000000e+00 2.2189848968e-03 1.8145697211e+01 0.0000000000e+00 0.0000000000e+00 0.0000000000e+00 4.5597677720e+00
192.00000000 1.8146335511e+01 2.2192214331e-03 0.0000000000e+00 2.2192214331e-03 1.8146336332e+01 0.0000000000e+00 0.0000000000e+00 0.0000000000e+00 4.5598480729e+00
192.50000000 1.8146976435e+01 2.2194586368e-03 0.0000000000e+00 2.2194586368e-03 1.8146977257e+01 0.0000000000e+00 0.0000000000e+00 0.0000000000e+00 4.5599286312e+00
193.00000000 1.8147619164e+01 2.2196965084e-03 0.0000000000e+00 2.2196965084e-03 1.8147619986e+01 0.0000000000e+00 0.0000000000e+00 0.0000000000e+00 4.5600094473e+00
193.50000000 1.8148263699e+01 2.2199350482e-03 0.0000000000e+00 2.2199350482e-03 1.8148264521e+01 0.0000000000e+00 0.0000000000e+00 0.0000000000e+00 4.5600905216e+00
194.00000000 1.8148910040e+01 2.2201742567e-03 0.0000000000e+00 2.2201742567e-03 1.8148910862e+01 0.0000000000e+00 0.0000000000e+00 0.0000000000e+00 4.5601718546e+00
194.50000000 1.8149558189e+01 2.2204141342e-03 0.0000000000e+00 2.2204141342e-03 1.8149559011e+01 0.0000000000e+00 0.0000000000e+00 0.0000000000e+00 4.5602534466e+00
195.00000000 1.8150208147e+01 2.2206546812e-03 0.0000000000e+00 2.2206546812e-03 1.8150208969e+01 0.0000000000e+00 0.0000000000e+00 0.0000000000e+00 4.5603352982e+00
195.50000000 1.8150859915e+01 2.2208958981e-03 0.0000000000e+00 2.2208958981e-03 1.8150860737e+01 0.0000000000e+00 0.0000000000e+00 0.0000000000e+00 4.5604174097e+00
196.00000000 1.8151513495e+01 2.2211377854e-03 0.0000000000e+00 2.2211377854e-03 1.8151514317e+01 0.0000000000e+00 0.0000000000e+00 0.0000000000e+00 4.5604997815e+00
196.50000000 1.8152168886e+01 2.2213803433e-03 0.0000000000e+00 2.2213803433e-03 1.8152169709e+01 0.0000000000e+00 0.0000000000e+00 0.0000000000e+00 4.5605824142e+00
197.00000000 1.8152826092e+01 2.2216235725e-03 0.0000000000e+00 2.2216235725e-03 1.8152826914e+01 0.0000000000e+00 0.0000000000e+00 0.0000000000e+00 4.5606653080e+00
197.50000000 1.8153485111e+01 2.2218674732e-03 0.0000000000e+00 2.2218674732e-03 1.8153485934e+01 0.0000000000e+00 0.0000000000e+00 0.0000000000e+00 4.5607484635e+00
198.00000000 1.8154145947e+01 2.2221120459e-03 0.0000000000e+00 2.2221120459e-03 1.8154146769e+01 0.0000000000e+00 0.0000000000e+00 0.0000000000e+00 4.5608318811e+00
198.50000000 1.8154808599e+01 2.2223572911e-03 0.0000000000e+00 2.2223572911e-03 1.8154809422e+01 0.0000000000e+00 0.0000000000e+00 0.0000000000e+00 4.5609155612e+00
199.00000000 1.8155473070e+01 2.2226032092e-03 0.0000000000e+00 2.2226032092e-03 1.8155473893e+01 0.0000000000e+00 0.0000000000e+00 0.0000000000e+00 4.5609995043e+00
199.50000000 1.8156139360e+01 2.2228498005e-03 0.0000000000e+00 2.2228498005e-03 1.8156140182e+01 0.0000000000e+00 0.0000000000e+00 0.0000000000e+00 4.5610837107e+00
200.00000000 1.8156807470e+01 2.2230970656e-03 0.0000000000e+00 2.2230970656e-03 1.8156808293e+01 0.0000000000e+00 0.0000000000e+00 0.0000000000e+00 4.5611681811e+00
200.50000000 1.8157477402e+01 2.2233450048e-03 0.0000000000e+00 2.2233450048e-03 1.8157478225e+01 0.0000000000e+00 0.0000000000e+00 0.0000000000e+00 4.5612529157e+00
201.00000000 1.8158149156e+01 2.2235936187e-03 0.0000000000e+00 2.2235936187e-03 1.8158149979e+01 0.0000000000e+00 0.0000000000e+00 0.0000000000e+00 4.5613379150e+00
201.50000000 1.8158822735e+01 2.2238429075e-03 0.0000000000e+00 2.2238429075e-03 1.8158823558e+01 0.0000000000e+00 0.0000000000e+00 0.0000000000e+00 4.5614231795e+00
202.00000000 1.8159498138e+01 2.2240928718e-03 0.0000000000e+00 2.2240928718e-03 1.8159498961e+01 0.0000000000e+00 0.0000000000e+00 0.0000000000e+00 4.5615087097e+00
202.50000000 1.8160175368e+01 2.2243435120e-03 0.0000000000e+00 2.2243435120e-03 1.8160176191e+01 0.0000000000e+00 0.0000000000e+00 0.0000000000e+00 4.5615945060e+00
203.00000000 1.8160854425e+01 2.2245948286e-03 0.0000000000e+00 2.2245948286e-03 1.8160855249e+01 0.0000000000e+00 0.0000000000e+00 0.0000000000e+00 4.5616805688e+00
203.50000000 1.8161535311e+01 2.2248468219e-03 0.0000000000e+00 2.2248468219e-03 1.8161536135e+01 0.0000000000e+00 0.0000000000e+00 0.0000000000e+00 4.5617668986e+00
204.00000000 1.8162218027e+01 2.2250994924e-03 0.0000000000e+00 2.2250994924e-03 1.8162218851e+01 0.0000000000e+00 0.0000000000e+00 0.0000000000e+00 4.5618534958e+00
204.50000000 1.8162902574e+01 2.2253528406e-03 0.0000000000e+00 2.2253528406e-03 1.8162903398e+01 0.0000000000e+00 0.0000000000e+00 0.0000000000e+00 4.5619403610e+00
205.00000000 1.8163588953e+01 2.2256068669e-03 0.0000000000e+00 2.2256068669e-03 1.8163589777e+01 0.0000000000e+00 0.0000000000e+00 0.0000000000e+00 4.5620274945e+00
205.50000000 1.8164277165e+01 2.2258615717e-03 0.0000000000e+00 2.2258615717e-03 1.8164277989e+01 0.0000000000e+00 0.0000000000e+00 0.0000000000e+00 4.5621148969e+00
206.00000000 1.8164967213e+01 2.2261169555e-03 0.0000000000e+00 2.2261169555e-03 1.8164968036e+01 0.0000000000e+00 0.0000000000e+00 0.0000000000e+00 4.5622025685e+00
206.50000000 1.8165659095e+01 2.2263730188e-03 0.0000000000e+00 2.2263730188e-03 1.8165659919e+01 0.0000000000e+00 0.0000000000e+00 0.0000000000e+00 4.5622905099e+00
207.00000000 1.8166352815e+01 2.2266297619e-03 0.0000000000e+00 2.2266297619e-03 1.8166353639e+01 0.0000000000e+00 0.0000000000e+00 0.0000000000e+00 4.5623787216e+00
207.50000000 1.8167048374e+01 2.2268871854e-03 0.0000000000e+00 2.2268871854e-03 1.8167049198e+01 0.0000000000e+00 0.0000000000e+00 0.0000000000e+00 4.5624672040e+00
208.00000000 1.8167745771e+01 2.2271452897e-03 0.0000000000e+00 2.2271452897e-03 1.8167746596e+01 0.0000000000e+00 0.0000000000e+00 0.0000000000e+00 4.5625559575e+00
208.50000000 1.8168445010e+01 2.2274040752e-03 0.0000000000e+00 2.2274040752e-03 1.8168445834e+01 0.0000000000e+00 0.0000000000e+00 0.0000000000e+00 4.5626449827e+00
209.00000000 1.8169146090e+01 2.2276635424e-03 0.0000000000e+00 2.2276635424e-03 1.8169146915e+01 0.0000000000e+00 0.0000000000e+00 0.0000000000e+00 4.5627342800e+00
209.50000000 1.8169849014e+01 2.2279236917e-03 0.0000000000e+00 2.2279236917e-03 1.8169849838e+01 0.0000000000e+00 0.0000000000e+00 0.0000000000e+00 4.5628238499e+00
210.00000000 1.8170553782e+01 2.2281845237e-03 0.0000000000e+00 2.2281845237e-03 1.8170554606e+01 0.0000000000e+00 0.0000000000e+00 0.0000000000e+00 4.5629136929e+00
210.50000000 1.8171260395e+01 2.2284460387e-03 0.0000000000e+00 2.2284460387e-03 1.8171261220e+01 0.0000000000e+00 0.0000000000e+00 0.0000000000e+00 4.5630038095e+00
211.00000000 1.8171968856e+01 2.2287082373e-03 0.0000000000e+00 2.2287082373e-03 1.8171969681e+01 0.0000000000e+00 0.0000000000e+00 0.0000000000e+00 4.5630942001e+00
211.50000000 1.8172679164e+01 2.2289711198e-03 0.0000000000e+00 2.2289711198e-03 1.8172679989e+01 0.0000000000e+00 0.0000000000e+00 0.0000000000e+00 4.5631848652e+00
212.00000000 1.8173391322e+01 2.2292346868e-03 0.0000000000e+00 2.2292346868e-03 1.8173392147e+01 0.0000000000e+00 0.0000000000e+00 0.0000000000e+00 4.5632758054e+00
212.50000000 1.8174105331e+01 2.2294989387e-03 0.0000000000e+00 2.2294989387e-03 1.8174106156e+01 0.0000000000e+00 0.0000000000e+00 0.0000000000e+00 4.5633670211e+00
213.00000000 1.8174821192e+01 2.2297638760e-03 0.0000000000e+00 2.2297638760e-03 1.8174822017e+01 0.0000000000e+00 0.0000000000e+00 0.0000000000e+00 4.5634585127e+00
213.50000000 1.8175538905e+01 2.2300294991e-03 0.0000000000e+00 2.2300294991e-03 1.8175539731e+01 0.0000000000e+00 0.0000000000e+00 0.0000000000e+00 4.5635502809e+00
214.00000000 1.8176258473e+01 2.2302958085e-03 0.0000000000e+00 2.2302958085e-03 1.8176259299e+01 0.0000000000e+00 0.0000000000e+00 0.0000000000e+00 4.5636423260e+00
214.50000000 1.8176979897e+01 2.2305628047e-03 0.0000000000e+00 2.2305628047e-03 1.8176980723e+01 0.0000000000e+00 0.0000000000e+00 0.0000000000e+00 4.5637346487e+00
215.00000000 1.8177703178e+01 2.2308304882e-03 0.0000000000e+00 2.2308304882e-03 1.8177704003e+01 0.0000000000e+00 0.0000000000e+00 0.0000000000e+00 4.5638272493e+00
215.50000000 1.8178428317e+01 2.2310988594e-03 0.0000000000e+00 2.2310988594e-03 1.8178429142e+01 0.0000000000e+00 0.0000000000e+00 0.0000000000e+00 4.5639201284e+00
216.00000000 1.8179155315e+01 2.2313679187e-03 0.0000000000e+00 2.2313679187e-03 1.8179156141e+01 0.0000000000e+00 0.0000000000e+00 0.0000000000e+00 4.5640132865e+00
216.50000000 1.8179884174e+01 2.2316376668e-03 0.0000000000e+00 2.2316376668e-03 1.8179885000e+01 0.0000000000e+00 0.0000000000e+00 0.0000000000e+00 4.5641067241e+00
217.00000000 1.8180614896e+01 2.2319081040e-03 0.0000000000e+00 2.2319081040e-03 1.8180615722e+01 0.0000000000e+00 0.0000000000e+00 0.0000000000e+00 4.5642004417e+00
217.50000000 1.8181347480e+01 2.2321792308e-03 0.0000000000e+00 2.2321792308e-03 1.8181348306e+01 0.0000000000e+00 0.0000000000e+00 0.0000000000e+00 4.5642944398e+00
218.00000000 1.8182081930e+01 2.2324510477e-03 0.0000000000e+00 2.2324510477e-03 1.8182082756e+01 0.0000000000e+00 0.0000000000e+00 0.0000000000e+00 4.5643887189e+00
218.50000000 1.8182818245e+01 2.2327235552e-03 0.0000000000e+00 2.2327235552e-03 1.8182819071e+01 0.0000000000e+00 0.0000000000e+00 0.0000000000e+00 4.5644832796e+00
219.00000000 1.8183556427e+01 2.2329967538e-03 0.0000000000e+00 2.2329967538e-03 1.8183557254e+01 0.0000000000e+00 0.0000000000e+00 0.0000000000e+00 4.5645781223e+00
219.50000000 1.8184296479e+01 2.2332706439e-03 0.0000000000e+00 2.2332706439e-03 1.8184297305e+01 0.0000000000e+00 0.0000000000e+00 0.0000000000e+00 4.5646732475e+00
220.00000000 1.8185038399e+01 2.2335452260e-03 0.0000000000e+00 2.2335452260e-03 1.8185039226e+01 0.0000000000e+00 0.0000000000e+00 0.0000000000e+00 4.5647686559e+00
220.50000000 1.8185782192e+01 2.2338205007e-03 0.0000000000e+00 2.2338205007e-03 1.8185783018e+01 0.0000000000e+00 0.0000000000e+00 0.0000000000e+00 4.5648643478e+00
221.00000000 1.8186527856e+01 2.2340964684e-03 0.0000000000e+00 2.2340964684e-03 1.8186528683e+01 0.0000000000e+00 0.0000000000e+00 0.0000000000e+00 4.5649603239e+00
221.50000000 1.8187275395e+01 2.2343731295e-03 0.0000000000e+00 2.2343731295e-03 1.8187276222e+01 0.0000000000e+00 0.0000000000e+00 0.0000000000e+00 4.5650565847e+00
222.00000000 1.8188024808e+01 2.2346504846e-03 0.0000000000e+00 2.2346504846e-03 1.8188025635e+01 0.0000000000e+00 0.0000000000e+00 0.0000000000e+00 4.5651531306e+00
222.50000000 1.8188776098e+01 2.2349285343e-03 0.0000000000e+00 2.2349285343e-03 1.8188776925e+01 0.0000000000e+00 0.0000000000e+00 0.0000000000e+00 4.5652499622e+00
223.00000000 1.8189529266e+01 2.2352072788e-03 0.0000000000e+00 2.2352072788e-03 1.8189530093e+01 0.0000000000e+00 0.0000000000e+00 0.0000000000e+00 4.5653470801e+00
223.50000000 1.8190284313e+01 2.2354867189e-03 0.0000000000e+00 2.2354867189e-03 1.8190285140e+01 0.0000000000e+00 0.0000000000e+00 0.0000000000e+00 4.5654444848e+00
224.00000000 1.8191041241e+01 2.2357668549e-03 0.0000000000e+00 2.2357668549e-03 1.8191042068e+01 0.0000000000e+00 0.0000000000e+00 0.0000000000e+00 4.5655421768e+00
224.50000000 1.8191800050e+01 2.2360476873e-03 0.0000000000e+00 2.2360476873e-03 1.8191800877e+01 0.0000000000e+00 0.0000000000e+00 0.0000000000e+00 4.5656401566e+00
225.00000000 1.8192560742e+01 2.2363292167e-03 0.0000000000e+00 2.2363292167e-03 1.8192561570e+01 0.0000000000e+00 0.0000000000e+00 0.0000000000e+00 4.5657384248e+00
225.50000000 1.8193323319e+01 2.2366114436e-03 0.0000000000e+00 2.2366114436e-03 1.8193324147e+01 0.0000000000e+00 0.0000000000e+00 0.0000000000e+00 4.5658369820e+00
226.00000000 1.8194087782e+01 2.2368943684e-03 0.0000000000e+00 2.2368943684e-03 1.8194088610e+01 0.0000000000e+00 0.0000000000e+00 0.0000000000e+00 4.5659358286e+00
226.50000000 1.8194854132e+01 2.2371779916e-03 0.0000000000e+00 2.2371779916e-03 1.8194854960e+01 0.0000000000e+00 0.0000000000e+00 0.0000000000e+00 4.5660349653e+00
227.00000000 1.8195622371e+01 2.2374623139e-03 0.0000000000e+00 2.2374623139e-03 1.8195623199e+01 0.0000000000e+00 0.0000000000e+00 0.0000000000e+00 4.5661343925e+00
227.50000000 1.8196392499e+01 2.2377473356e-03 0.0000000000e+00 2.2377473356e-03 1.8196393328e+01 0.0000000000e+00 0.0000000000e+00 0.0000000000e+00 4.5662341109e+00
228.00000000 1.8197164519e+01 2.2380330572e-03 0.0000000000e+00 2.2380330572e-03 1.8197165348e+01 0.0000000000e+00 0.0000000000e+00 0.0000000000e+00 4.5663341209e+00
228.50000000 1.8197938432e+01 2.2383194794e-03 0.0000000000e+00 2.2383194794e-03 1.8197939260e+01 0.0000000000e+00 0.0000000000e+00 0.0000000000e+00 4.5664344232e+00
229.00000000 1.8198714239e+01 2.2386066025e-03 0.0000000000e+00 2.2386066025e-03 1.8198715067e+01 0.0000000000e+00 0.0000000000e+00 0.0000000000e+00 4.5665350183e+00
229.50000000 1.8199491941e+01 2.2388944271e-03 0.0000000000e+00 2.2388944271e-03 1.8199492769e+01 0.0000000000e+00 0.0000000000e+00 0.0000000000e+00 4.5666359067e+00
230.00000000 1.8200271540e+01 2.2391829538e-03 0.0000000000e+00 2.2391829538e-03 1.8200272369e+01 0.0000000000e+00 0.0000000000e+00 0.0000000000e+00 4.5667370891e+00
230.50000000 1.8201053037e+01 2.2394721830e-03 0.0000000000e+00 2.2394721830e-03 1.8201053866e+01 0.0000000000e+00 0.0000000000e+00 0.0000000000e+00 4.5668385659e+00
231.00000000 1.8201836434e+01 2.2397621152e-03 0.0000000000e+00 2.2397621152e-03 1.8201837263e+01 0.0000000000e+00 0.0000000000e+00 0.0000000000e+00 4.5669403377e+00
231.50000000 1.8202621732e+01 2.2400527510e-03 0.0000000000e+00 2.2400527510e-03 1.8202622561e+01 0.0000000000e+00 0.0000000000e+00 0.0000000000e+00 4.5670424052e+00
232.00000000 1.8203408932e+01 2.2403440908e-03 0.0000000000e+00 2.2403440908e-03 1.8203409761e+01 0.0000000000e+00 0.0000000000e+00 0.0000000000e+00 4.5671447689e+00
232.50000000 1.8204198036e+01 2.2406361353e-03 0.0000000000e+00 2.2406361353e-03 1.8204198866e+01 0.0000000000e+00 0.0000000000e+00 0.0000000000e+00 4.5672474293e+00
233.00000000 1.8204989046e+01 2.2409288849e-03 0.0000000000e+00 2.2409288849e-03 1.8204989875e+01 0.0000000000e+00 0.0000000000e+00 0.0000000000e+00 4.5673503871e+00
233.50000000 1.8205781962e+01 2.2412223401e-03 0.0000000000e+00 2.2412223401e-03 1.8205782791e+01 0.0000000000e+00 0.0000000000e+00 0.0000000000e+00 4.5674536427e+00
234.00000000 1.8206576786e+01 2.2415165015e-03 0.0000000000e+00 2.2415165015e-03 1.8206577615e+01 0.0000000000e+00 0.0000000000e+00 0.0000000000e+00 4.5675571969e+00
234.50000000 1.8207373519e+01 2.2418113696e-03 0.0000000000e+00 2.2418113696e-03 1.8207374349e+01 0.0000000000e+00 0.0000000000e+00 0.0000000000e+00 4.5676610501e+00
235.00000000 1.8208172164e+01 2.2421069449e-03 0.0000000000e+00 2.2421069449e-03 1.8208172994e+01 0.0000000000e+00 0.0000000000e+00 0.0000000000e+00 4.5677652030e+00
235.50000000 1.8208972721e+01 2.2424032280e-03 0.0000000000e+00 2.2424032280e-03 1.8208973551e+01 0.0000000000e+00 0.0000000000e+00 0.0000000000e+00 4.5678696561e+00
236.00000000 1.8209775191e+01 2.2427002193e-03 0.0000000000e+00 2.2427002193e-03 1.8209776021e+01 0.0000000000e+00 0.0000000000e+00 0.0000000000e+00 4.5679744101e+00
236.50000000 1.8210579577e+01 2.2429979195e-03 0.0000000000e+00 2.2429979195e-03 1.8210580407e+01 0.0000000000e+00 0.0000000000e+00 0.0000000000e+00 4.5680794655e+00
237.00000000 1.8211385880e+01 2.2432963290e-03 0.0000000000e+00 2.2432963290e-03 1.8211386710e+01 0.0000000000e+00 0.0000000000e+00 0.0000000000e+00 4.5681848229e+00
237.50000000 1.8212194100e+01 2.2435954484e-03 0.0000000000e+00 2.2435954484e-03 1.8212194931e+01 0.0000000000e+00 0.0000000000e+00 0.0000000000e+00 4.5682904830e+00
238.00000000 1.8213004240e+01 2.2438952782e-03 0.0000000000e+00 2.2438952782e-03 1.8213005071e+01 0.0000000000e+00 0.0000000000e+00 0.0000000000e+00 4.5683964462e+00
238.50000000 1.8213816302e+01 2.2441958190e-03 0.0000000000e+00 2.2441958190e-03 1.8213817132e+01 0.0000000000e+00 0.0000000000e+00 0.0000000000e+00 4.5685027133e+00
239.00000000 1.8214630285e+01 2.2444970713e-03 0.0000000000e+00 2.2444970713e-03 1.8214631116e+01 0.0000000000e+00 0.0000000000e+00 0.0000000000e+00 4.5686092848e+00
239.50000000 1.8215446193e+01 2.2447990355e-03 0.0000000000e+00 2.2447990355e-03 1.8215447024e+01 0.0000000000e+00 0.0000000000e+00 0.0000000000e+00 4.5687161613e+00
240.00000000 1.8216264026e+01 2.2451017124e-03 0.0000000000e+00 2.2451017124e-03 1.8216264857e+01 0.0000000000e+00 0.0000000000e+00 0.0000000000e+00 4.5688233434e+00
240.50000000 1.8217083785e+01 2.2454051024e-03 0.0000000000e+00 2.2454051024e-03 1.8217084616e+01 0.0000000000e+00 0.0000000000e+00 0.0000000000e+00 4.5689308318e+00
241.00000000 1.8217905474e+01 2.2457092061e-03 0.0000000000e+00 2.2457092061e-03 1.8217906305e+01 0.0000000000e+00 0.0000000000e+00 0.0000000000e+00 4.5690386271e+00
241.50000000 1.8218729091e+01 2.2460140239e-03 0.0000000000e+00 2.2460140239e-03 1.8218729923e+01 0.0000000000e+00 0.0000000000e+00 0.0000000000e+00 4.5691467298e+00
242.00000000 1.8219554641e+01 2.2463195566e-03 0.0000000000e+00 2.2463195566e-03 1.8219555472e+01 0.0000000000e+00 0.0000000000e+00 0.0000000000e+00 4.5692551406e+00
242.50000000 1.8220382122e+01 2.2466258045e-03 0.0000000000e+00 2.2466258045e-03 1.8220382954e+01 0.0000000000e+00 0.0000000000e+00 0.0000000000e+00 4.5693638601e+00
243.00000000 1.8221211539e+01 2.2469327683e-03 0.0000000000e+00 2.2469327683e-03 1.8221212370e+01 0.0000000000e+00 0.0000000000e+00 0.0000000000e+00 4.5694728890e+00
243.50000000 1.8222042891e+01 2.2472404485e-03 0.0000000000e+00 2.2472404485e-03 1.8222043722e+01 0.0000000000e+00 0.0000000000e+00 0.0000000000e+00 4.5695822278e+00
244.00000000 1.8222876180e+01 2.2475488457e-03 0.0000000000e+00 2.2475488457e-03 1.8222877012e+01 0.0000000000e+00 0.0000000000e+00 0.0000000000e+00 4.5696918772e+00
244.50000000 1.8223711408e+01 2.2478579604e-03 0.0000000000e+00 2.2478579604e-03 1.8223712240e+01 0.0000000000e+00 0.0000000000e+00 0.0000000000e+00 4.5698018378e+00
245.00000000 1.8224548576e+01 2.2481677932e-03 0.0000000000e+00 2.2481677932e-03 1.8224549408e+01 0.0000000000e+00 0.0000000000e+00 0.0000000000e+00 4.5699121103e+00
245.50000000 1.8225387686e+01 2.2484783446e-03 0.0000000000e+00 2.2484783446e-03 1.8225388518e+01 0.0000000000e+00 0.0000000000e+00 0.0000000000e+00 4.5700226952e+00
246.00000000 1.8226228739e+01 2.2487896153e-03 0.0000000000e+00 2.2487896153e-03 1.8226229571e+01 0.0000000000e+00 0.0000000000e+00 0.0000000000e+00 4.5701335933e+00
246.50000000 1.8227071737e+01 2.2491016056e-03 0.0000000000e+00 2.2491016056e-03 1.8227072570e+01 0.0000000000e+00 0.0000000000e+00 0.0000000000e+00 4.5702448052e+00
247.00000000 1.8227916682e+01 2.2494143164e-03 0.0000000000e+00 2.2494143164e-03 1.8227917514e+01 0.0000000000e+00 0.0000000000e+00 0.0000000000e+00 4.5703563314e+00
247.50000000 1.8228763574e+01 2.2497277480e-03 0.0000000000e+00 2.2497277480e-03 1.8228764406e+01 0.0000000000e+00 0.0000000000e+00 0.0000000000e+00 4.5704681727e+00
248.00000000 1.8229612415e+01 2.2500419010e-03 0.0000000000e+00 2.2500419010e-03 1.8229613248e+01 0.0000000000e+00 0.0000000000e+00 0.0000000000e+00 4.5705803297e+00
248.50000000 1.8230463208e+01 2.2503567761e-03 0.0000000000e+00 2.2503567761e-03 1.8230464041e+01 0.0000000000e+00 0.0000000000e+00 0.0000000000e+00 4.5706928031e+00
249.00000000 1.8231315953e+01 2.2506723738e-03 0.0000000000e+00 2.2506723738e-03 1.8231316786e+01 0.0000000000e+00 0.0000000000e+00 0.0000000000e+00 4.5708055934e+00
249.50000000 1.8232170652e+01 2.2509886946e-03 0.0000000000e+00 2.2509886946e-03 1.8232171485e+01 0.0000000000e+00 0.0000000000e+00 0.0000000000e+00 4.5709187015e+00
250.00000000 1.8233027306e+01 2.2513057392e-03 0.0000000000e+00 2.2513057392e-03 1.8233028139e+01 0.0000000000e+00 0.0000000000e+00 0.0000000000e+00 4.5710321278e+00
250.50000000 1.8233885918e+01 2.2516235081e-03 0.0000000000e+00 2.2516235081e-03 1.8233886751e+01 0.0000000000e+00 0.0000000000e+00 0.0000000000e+00 4.5711458731e+00
251.00000000 1.8234746488e+01 2.2519420019e-03 0.0000000000e+00 2.2519420019e-03 1.8234747321e+01 0.0000000000e+00 0.0000000000e+00 0.0000000000e+00 4.5712599381e+00
251.50000000 1.8235609018e+01 2.2522612211e-03 0.0000000000e+00 2.2522612211e-03 1.8235609852e+01 0.0000000000e+00 0.0000000000e+00 0.0000000000e+00 4.5713743233e+00
252.00000000 1.8236473510e+01 2.2525811664e-03 0.0000000000e+00 2.2525811664e-03 1.8236474344e+01 0.0000000000e+00 0.0000000000e+00 0.0000000000e+00 4.5714890295e+00
252.50000000 1.8237339966e+01 2.2529018383e-03 0.0000000000e+00 2.2529018383e-03 1.8237340800e+01 0.0000000000e+00 0.0000000000e+00 0.0000000000e+00 4.5716040574e+00
253.00000000 1.8238208386e+01 2.2532232374e-03 0.0000000000e+00 2.2532232374e-03 1.8238209220e+01 0.0000000000e+00 0.0000000000e+00 0.0000000000e+00 4.5717194076e+00
253.50000000 1.8239078773e+01 2.2535453643e-03 0.0000000000e+00 2.2535453643e-03 1.8239079607e+01 0.0000000000e+00 0.0000000000e+00 0.0000000000e+00 4.5718350808e+00
254.00000000 1.8239951128e+01 2.2538682196e-03 0.0000000000e+00 2.2538682196e-03 1.8239951962e+01 0.0000000000e+00 0.0000000000e+00 0.0000000000e+00 4.5719510777e+00
254.50000000 1.8240825453e+01 2.2541918038e-03 0.0000000000e+00 2.2541918038e-03 1.8240826287e+01 0.0000000000e+00 0.0000000000e+00 0.0000000000e+00 4.5720673989e+00
255.00000000 1.8241701748e+01 2.2545161176e-03 0.0000000000e+00 2.2545161176e-03 1.8241702583e+01 0.0000000000e+00 0.0000000000e+00 0.0000000000e+00 4.5721840452e+00
255.50000000 1.8242580017e+01 2.2548411615e-03 0.0000000000e+00 2.2548411615e-03 1.8242580852e+01 0.0000000000e+00 0.0000000000e+00 0.0000000000e+00 4.5723010172e+00
256.00000000 1.8243460260e+01 2.2551669362e-03 0.0000000000e+00 2.2551669362e-03 1.8243461095e+01 0.0000000000e+00 0.0000000000e+00 0.0000000000e+00 4.5724183157e+00
256.50000000 1.8244342479e+01 2.2554934421e-03 0.0000000000e+00 2.2554934421e-03 1.8244343314e+01 0.0000000000e+00 0.0000000000e+00 0.0000000000e+00 4.5725359412e+00
257.00000000 1.8245226676e+01 2.2558206800e-03 0.0000000000e+00 2.2558206800e-03 1.8245227511e+01 0.0000000000e+00 0.0000000000e+00 0.0000000000e+00 4.5726538946e+00
257.50000000 1.8246112852e+01 2.2561486504e-03 0.0000000000e+00 2.2561486504e-03 1.8246113687e+01 0.0000000000e+00 0.0000000000e+00 0.0000000000e+00 4.5727721765e+00
258.00000000 1.8247001009e+01 2.2564773539e-03 0.0000000000e+00 2.2564773539e-03 1.8247001844e+01 0.0000000000e+00 0.0000000000e+00 0.0000000000e+00 4.5728907875e+00
258.50000000 1.8247891148e+01 2.2568067911e-03 0.0000000000e+00 2.2568067911e-03 1.8247891984e+01 0.0000000000e+00 0.0000000000e+00 0.0000000000e+00 4.5730097285e+00
259.00000000 1.8248783272e+01 2.2571369626e-03 0.0000000000e+00 2.2571369626e-03 1.8248784107e+01 0.0000000000e+00 0.0000000000e+00 0.0000000000e+00 4.5731290001e+00
259.50000000 1.8249677381e+01 2.2574678691e-03 0.0000000000e+00 2.2574678691e-03 1.8249678216e+01 0.0000000000e+00 0.0000000000e+00 0.0000000000e+00 4.5732486031e+00
260.00000000 1.8250573477e+01 2.2577995110e-03 0.0000000000e+00 2.2577995110e-03 1.8250574313e+01 0.0000000000e+00 0.0000000000e+00 0.0000000000e+00 4.5733685381e+00
260.50000000 1.8251471563e+01 2.2581318891e-03 0.0000000000e+00 2.2581318891e-03 1.8251472399e+01 0.0000000000e+00 0.0000000000e+00 0.0000000000e+00 4.5734888058e+00
261.00000000 1.8252371639e+01 2.2584650039e-03 0.0000000000e+00 2.2584650039e-03 1.8252372475e+01 0.0000000000e+00 0.0000000000e+00 0.0000000000e+00 4.5736094071e+00
261.50000000 1.8253273708e+01 2.2587988560e-03 0.0000000000e+00 2.2587988560e-03 1.8253274544e+01 0.0000000000e+00 0.0000000000e+00 0.0000000000e+00 4.5737303425e+00
262.00000000 1.8254177770e+01 2.2591334461e-03 0.0000000000e+00 2.2591334461e-03 1.8254178606e+01 0.0000000000e+00 0.0000000000e+00 0.0000000000e+00 4.5738516128e+00
262.50000000 1.8255083828e+01 2.2594687747e-03 0.0000000000e+00 2.2594687747e-03 1.8255084664e+01 0.0000000000e+00 0.0000000000e+00 0.0000000000e+00 4.5739732188e+00
263.00000000 1.8255991883e+01 2.2598048426e-03 0.0000000000e+00 2.2598048426e-03 1.8255992720e+01 0.0000000000e+00 0.0000000000e+00 0.0000000000e+00 4.5740951612e+00
263.50000000 1.8256901937e+01 2.2601416502e-03 0.0000000000e+00 2.2601416502e-03 1.8256902774e+01 0.0000000000e+00 0.0000000000e+00 0.0000000000e+00 4.5742174407e+00
264.00000000 1.8257813992e+01 2.2604791982e-03 0.0000000000e+00 2.2604791982e-03 1.8257814829e+01 0.0000000000e+00 0.0000000000e+00 0.0000000000e+00 4.5743400580e+00
264.50000000 1.8258728049e+01 2.2608174872e-03 0.0000000000e+00 2.2608174872e-03 1.8258728886e+01 0.0000000000e+00 0.0000000000e+00 0.0000000000e+00 4.5744630139e+00
265.00000000 1.8259644110e+01 2.2611565179e-03 0.0000000000e+00 2.2611565179e-03 1.8259644947e+01 0.0000000000e+00 0.0000000000e+00 0.0000000000e+00 4.5745863091e+00
265.50000000 1.8260562177e+01 2.2614962908e-03 0.0000000000e+00 2.2614962908e-03 1.8260563013e+01 0.0000000000e+00 0.0000000000e+00 0.0000000000e+00 4.5747099444e+00
266.00000000 1.8261482250e+01 2.2618368067e-03 0.0000000000e+00 2.2618368067e-03 1.8261483087e+01 0.0000000000e+00 0.0000000000e+00 0.0000000000e+00 4.5748339205e+00
266.50000000 1.8262404333e+01 2.2621780660e-03 0.0000000000e+00 2.2621780660e-03 1.8262405170e+01 0.0000000000e+00 0.0000000000e+00 0.0000000000e+00 4.5749582382e+00
267.00000000 1.8263328426e+01 2.2625200695e-03 0.0000000000e+00 2.2625200695e-03 1.8263329264e+01 0.0000000000e+00 0.0000000000e+00 0.0000000000e+00 4.5750828982e+00
267.50000000 1.8264254532e+01 2.2628628178e-03 0.0000000000e+00 2.2628628178e-03 1.8264255370e+01 0.0000000000e+00 0.0000000000e+00 0.0000000000e+00 4.5752079013e+00
268.00000000 1.8265182652e+01 2.2632063114e-03 0.0000000000e+00 2.2632063114e-03 1.8265183490e+01 0.0000000000e+00 0.0000000000e+00 0.0000000000e+00 4.5753332482e+00
268.50000000 1.8266112788e+01 2.2635505511e-03 0.0000000000e+00 2.2635505511e-03 1.8266113626e+01 0.0000000000e+00 0.0000000000e+00 0.0000000000e+00 4.5754589397e+00
269.00000000 1.8267044941e+01 2.2638955375e-03 0.0000000000e+00 2.2638955375e-03 1.8267045779e+01 0.0000000000e+00 0.0000000000e+00 0.0000000000e+00 4.5755849766e+00
269.50000000 1.8267979113e+01 2.2642412711e-03 0.0000000000e+00 2.2642412711e-03 1.8267979951e+01 0.0000000000e+00 0.0000000000e+00 0.0000000000e+00 4.5757113596e+00
270.00000000 1.8268915306e+01 2.2645877527e-03 0.0000000000e+00 2.2645877527e-03 1.8268916145e+01 0.0000000000e+00 0.0000000000e+00 0.0000000000e+00 4.5758380895e+00
270.50000000 1.8269853522e+01 2.2649349829e-03 0.0000000000e+00 2.2649349829e-03 1.8269854361e+01 0.0000000000e+00 0.0000000000e+00 0.0000000000e+00 4.5759651671e+00
271.00000000 1.8270793763e+01 2.2652829622e-03 0.0000000000e+00 2.2652829622e-03 1.8270794601e+01 0.0000000000e+00 0.0000000000e+00 0.0000000000e+00 4.5760925931e+00
271.50000000 1.8271736029e+01 2.2656316915e-03 0.0000000000e+00 2.2656316915e-03 1.8271736868e+01 0.0000000000e+00 0.0000000000e+00 0.0000000000e+00 4.5762203684e+00
272.00000000 1.8272680323e+01 2.2659811712e-03 0.0000000000e+00 2.2659811712e-03 1.8272681162e+01 0.0000000000e+00 0.0000000000e+00 0.0000000000e+00 4.5763484937e+00
272.50000000 1.8273626647e+01 2.2663314021e-03 0.0000000000e+00 2.2663314021e-03 1.8273627486e+01 0.0000000000e+00 0.0000000000e+00 0.0000000000e+00 4.5764769698e+00
273.00000000 1.8274575002e+01 2.2666823847e-03 0.0000000000e+00 2.2666823847e-03 1.8274575841e+01 0.0000000000e+00 0.0000000000e+00 0.0000000000e+00 4.5766057975e+00
273.50000000 1.8275525390e+01 2.2670341198e-03 0.0000000000e+00 2.2670341198e-03 1.8275526230e+01 0.0000000000e+00 0.0000000000e+00 0.0000000000e+00 4.5767349775e+00
274.00000000 1.8276477814e+01 2.2673866080e-03 0.0000000000e+00 2.2673866080e-03 1.8276478653e+01 0.0000000000e+00 0.0000000000e+00 0.0000000000e+00 4.5768645108e+00
274.50000000 1.8277432273e+01 2.2677398499e-03 0.0000000000e+00 2.2677398499e-03 1.8277433113e+01 0.0000000000e+00 0.0000000000e+00 0.0000000000e+00 4.5769943980e+00
275.00000000 1.8278388771e+01 2.2680938463e-03 0.0000000000e+00 2.2680938463e-03 1.8278389611e+01 0.0000000000e+00 0.0000000000e+00 0.0000000000e+00 4.5771246401e+00
275.50000000 1.8279347310e+01 2.2684485976e-03 0.0000000000e+00 2.2684485976e-03 1.8279348149e+01 0.0000000000e+00 0.0000000000e+00 0.0000000000e+00 4.5772552377e+00
276.00000000 1.8280307890e+01 2.2688041047e-03 0.0000000000e+00 2.2688041047e-03 1.8280308729e+01 0.0000000000e+00 0.0000000000e+00 0.0000000000e+00 4.5773861917e+00
276.50000000 1.8281270514e+01 2.2691603682e-03 0.0000000000e+00 2.2691603682e-03 1.8281271353e+01 0.0000000000e+00 0.0000000000e+00 0.0000000000e+00 4.5775175030e+00
277.00000000 1.8282235183e+01 2.2695173886e-03 0.0000000000e+00 2.2695173886e-03 1.8282236023e+01 0.0000000000e+00 0.0000000000e+00 0.0000000000e+00 4.5776491722e+00
277.50000000 1.8283201899e+01 2.2698751668e-03 0.0000000000e+00 2.2698751668e-03 1.8283202739e+01 0.0000000000e+00 0.0000000000e+00 0.0000000000e+00 4.5777812004e+00
278.00000000 1.8284170665e+01 2.2702337033e-03 0.0000000000e+00 2.2702337033e-03 1.8284171505e+01 0.0000000000e+00 0.0000000000e+00 0.0000000000e+00 4.5779135882e+00
278.50000000 1.8285141481e+01 2.2705929988e-03 0.0000000000e+00 2.2705929988e-03 1.8285142322e+01 0.0000000000e+00 0.0000000000e+00 0.0000000000e+00 4.5780463365e+00
279.00000000 1.8286114351e+01 2.2709530540e-03 0.0000000000e+00 2.2709530540e-03 1.8286115191e+01 0.0000000000e+00 0.0000000000e+00 0.0000000000e+00 4.5781794461e+00
279.50000000 1.8287089274e+01 2.2713138696e-03 0.0000000000e+00 2.2713138696e-03 1.8287090115e+01 0.0000000000e+00 0.0000000000e+00 0.0000000000e+00 4.5783129178e+00
280.00000000 1.8288066254e+01 2.2716754461e-03 0.0000000000e+00 2.2716754461e-03 1.8288067095e+01 0.0000000000e+00 0.0000000000e+00 0.0000000000e+00 4.5784467526e+00
280.50000000 1.8289045292e+01 2.2720377844e-03 0.0000000000e+00 2.2720377844e-03 1.8289046133e+01 0.0000000000e+00 0.0000000000e+00 0.0000000000e+00 4.5785809512e+00
281.00000000 1.8290026390e+01 2.2724008850e-03 0.0000000000e+00 2.2724008850e-03 1.8290027231e+01 0.0000000000e+00 0.0000000000e+00 0.0000000000e+00 4.5787155145e+00
281.50000000 1.8291009550e+01 2.2727647487e-03 0.0000000000e+00 2.2727647487e-03 1.8291010391e+01 0.0000000000e+00 0.0000000000e+00 0.0000000000e+00 4.5788504433e+00
282.00000000 1.8291994773e+01 2.2731293761e-03 0.0000000000e+00 2.2731293761e-03 1.8291995614e+01 0.0000000000e+00 0.0000000000e+00 0.0000000000e+00 4.5789857385e+00
282.50000000 1.8292982061e+01 2.2734947679e-03 0.0000000000e+00 2.2734947679e-03 1.8292982903e+01 0.0000000000e+00 0.0000000000e+00 0.0000000000e+00 4.5791214008e+00
283.00000000 1.8293971417e+01 2.2738609247e-03 0.0000000000e+00 2.2738609247e-03 1.8293972259e+01 0.0000000000e+00 0.0000000000e+00 0.0000000000e+00 4.5792574313e+00
283.50000000 1.8294962842e+01 2.2742278474e-03 0.0000000000e+00 2.2742278474e-03 1.8294963684e+01 0.0000000000e+00 0.0000000000e+00 0.0000000000e+00 4.5793938307e+00
284.00000000 1.8295956338e+01 2.2745955365e-03 0.0000000000e+00 2.2745955365e-03 1.8295957180e+01 0.0000000000e+00 0.0000000000e+00 0.0000000000e+00 4.5795305999e+00
284.50000000 1.8296951907e+01 2.2749639927e-03 0.0000000000e+00 2.2749639927e-03 1.8296952749e+01 0.0000000000e+00 0.0000000000e+00 0.0000000000e+00 4.5796677398e+00
285.00000000 1.8297949550e+01 2.2753332167e-03 0.0000000000e+00 2.2753332167e-03 1.8297950392e+01 0.0000000000e+00 0.0000000000e+00 0.0000000000e+00 4.5798052512e+00
285.50000000 1.8298949270e+01 2.2757032092e-03 0.0000000000e+00 2.2757032092e-03 1.8298950112e+01 0.0000000000e+00 0.0000000000e+00 0.0000000000e+00 4.5799431350e+00
286.00000000 1.8299951068e+01 2.2760739710e-03 0.0000000000e+00 2.2760739710e-03 1.8299951911e+01 0.0000000000e+00 0.0000000000e+00 0.0000000000e+00 4.5800813921e+00
286.50000000 1.8300954947e+01 2.2764455026e-03 0.0000000000e+00 2.2764455026e-03 1.8300955789e+01 0.0000000000e+00 0.0000000000e+00 0.0000000000e+00 4.5802200234e+00
287.00000000 1.8301960907e+01 2.2768178049e-03 0.0000000000e+00 2.2768178049e-03 1.8301961750e+01 0.0000000000e+00 0.0000000000e+00 0.0000000000e+00 4.5803590297e+00
287.50000000 1.8302968952e+01 2.2771908784e-03 0.0000000000e+00 2.2771908784e-03 1.8302969795e+01 0.0000000000e+00 0.0000000000e+00 0.0000000000e+00 4.5804984120e+00
288.00000000 1.8303979083e+01 2.2775647239e-03 0.0000000000e+00 2.2775647239e-03 1.8303979926e+01 0.0000000000e+00 0.0000000000e+00 0.0000000000e+00 4.5806381710e+00
288.50000000 1.8304991301e+01 2.2779393421e-03 0.0000000000e+00 2.2779393421e-03 1.8304992144e+01 0.0000000000e+00 0.0000000000e+00 0.0000000000e+00 4.5807783078e+00
289.00000000 1.8306005609e+01 2.2783147336e-03 0.0000000000e+00 2.2783147336e-03 1.8306006452e+01 0.0000000000e+00 0.0000000000e+00 0.0000000000e+00 4.5809188233e+00
289.50000000 1.8307022009e+01 2.2786908993e-03 0.0000000000e+00 2.2786908993e-03 1.8307022852e+01 0.0000000000e+00 0.0000000000e+00 0.0000000000e+00 4.5810597182e+00
290.00000000 1.8308040502e+01 2.2790678397e-03 0.0000000000e+00 2.2790678397e-03 1.8308041345e+01 0.0000000000e+00 0.0000000000e+00 0.0000000000e+00 4.5812009936e+00
290.50000000 1.8309061090e+01 2.2794455557e-03 0.0000000000e+00 2.2794455557e-03 1.8309061934e+01 0.0000000000e+00 0.0000000000e+00 0.0000000000e+00 4.5813426503e+00
291.00000000 1.8310083776e+01 2.2798240479e-03 0.0000000000e+00 2.2798240479e-03 1.8310084620e+01 0.0000000000e+00 0.0000000000e+00 0.0000000000e+00 4.5814846893e+00
291.50000000 1.8311108561e+01 2.2802033170e-03 0.0000000000e+00 2.2802033170e-03 1.8311109405e+01 0.0000000000e+00 0.0000000000e+00 0.0000000000e+00 4.5816271115e+00
292.00000000 1.8312135448e+01 2.2805833637e-03 0.0000000000e+00 2.2805833637e-03 1.8312136292e+01 0.0000000000e+00 0.0000000000e+00 0.0000000000e+00 4.5817699177e+00
292.50000000 1.8313164437e+01 2.2809641888e-03 0.0000000000e+00 2.2809641888e-03 1.8313165281e+01 0.0000000000e+00 0.0000000000e+00 0.0000000000e+00 4.5819131089e+00
293.00000000 1.8314195531e+01 2.2813457930e-03 0.0000000000e+00 2.2813457930e-03 1.8314196376e+01 0.0000000000e+00 0.0000000000e+00 0.0000000000e+00 4.5820566861e+00
293.50000000 1.8315228733e+01 2.2817281769e-03 0.0000000000e+00 2.2817281769e-03 1.8315229577e+01 0.0000000000e+00 0.0000000000e+00 0.0000000000e+00 4.5822006502e+00
294.00000000 1.8316264043e+01 2.2821113414e-03 0.0000000000e+00 2.2821113414e-03 1.8316264888e+01 0.0000000000e+00 0.0000000000e+00 0.0000000000e+00 4.5823450020e+00
294.50000000 1.8317301464e+01 2.2824952870e-03 0.0000000000e+00 2.2824952870e-03 1.8317302309e+01 0.0000000000e+00 0.0000000000e+00 0.0000000000e+00 4.5824897427e+00
295.00000000 1.8318340998e+01 2.2828800147e-03 0.0000000000e+00 2.2828800147e-03 1.8318341843e+01 0.0000000000e+00 0.0000000000e+00 0.0000000000e+00 4.5826348730e+00
295.50000000 1.8319382647e+01 2.2832655250e-03 0.0000000000e+00 2.2832655250e-03 1.8319383492e+01 0.0000000000e+00 0.0000000000e+00 0.0000000000e+00 4.5827803939e+00
296.00000000 1.8320426413e+01 2.2836518187e-03 0.0000000000e+00 2.2836518187e-03 1.8320427258e+01 0.0000000000e+00 0.0000000000e+00 0.0000000000e+00 4.5829263064e+00
296.50000000 1.8321472297e+01 2.2840388965e-03 0.0000000000e+00 2.2840388965e-03 1.8321473142e+01 0.0000000000e+00 0.0000000000e+00 0.0000000000e+00 4.5830726115e+00
297.00000000 1.8322520302e+01 2.2844267592e-03 0.0000000000e+00 2.2844267592e-03 1.8322521148e+01 0.0000000000e+00 0.0000000000e+00 0.0000000000e+00 4.5832193101e+00
297.50000000 1.8323570430e+01 2.2848154075e-03 0.0000000000e+00 2.2848154075e-03 1.8323571275e+01 0.0000000000e+00 0.0000000000e+00 0.0000000000e+00 4.5833664031e+00
298.00000000 1.8324622682e+01 2.2852048422e-03 0.0000000000e+00 2.2852048422e-03 1.8324623528e+01 0.0000000000e+00 0.0000000000e+00 0.0000000000e+00 4.5835138916e+00
298.50000000 1.8325677061e+01 2.2855950639e-03 0.0000000000e+00 2.2855950639e-03 1.8325677907e+01 0.0000000000e+00 0.0000000000e+00 0.0000000000e+00 4.5836617764e+00
299.00000000 1.8326733569e+01 2.2859860734e-03 0.0000000000e+00 2.2859860734e-03 1.8326734415e+01 0.0000000000e+00 0.0000000000e+00 0.0000000000e+00 4.5838100587e+00
299.50000000 1.8327792207e+01 2.2863778714e-03 0.0000000000e+00 2.2863778714e-03 1.8327793054e+01 0.0000000000e+00 0.0000000000e+00 0.0000000000e+00 4.5839587393e+00
300.00000000 1.8328852978e+01 2.2867704588e-03 0.0000000000e+00 2.2867704588e-03 1.8328853825e+01 0.0000000000e+00 0.0000000000e+00 0.0000000000e+00 4.5841078192e+00
300.50000000 1.8329915884e+01 2.2871638362e-03 0.0000000000e+00 2.2871638362e-03 1.8329916731e+01 0.0000000000e+00 0.0000000000e+00 0.0000000000e+00 4.5842572994e+00
301.00000000 1.8330980926e+01 2.2875580043e-03 0.0000000000e+00 2.2875580043e-03 1.8330981773e+01 0.0000000000e+00 0.0000000000e+00 0.0000000000e+00 4.5844071810e+00
301.50000000 1.8332048108e+01 2.2879529640e-03 0.0000000000e+00 2.2879529640e-03 1.8332048954e+01 0.0000000000e+00 0.0000000000e+00 0.0000000000e+00 4.5845574648e+00
302.00000000 1.8333117429e+01 2.2883487160e-03 0.0000000000e+00 2.2883487160e-03 1.8333118276e+01 0.0000000000e+00 0.0000000000e+00 0.0000000000e+00 4.5847081520e+00
302.50000000 1.8334188894e+01 2.2887452610e-03 0.0000000000e+00 2.2887452610e-03 1.8334189741e+01 0.0000000000e+00 0.0000000000e+00 0.0000000000e+00 4.5848592435e+00
303.00000000 1.8335262503e+01 2.2891425998e-03 0.0000000000e+00 2.2891425998e-03 1.8335263350e+01 0.0000000000e+00 0.0000000000e+00 0.0000000000e+00 4.5850107403e+00
303.50000000 1.8336338260e+01 2.2895407331e-03 0.0000000000e+00 2.2895407331e-03 1.8336339107e+01 0.0000000000e+00 0.0000000000e+00 0.0000000000e+00 4.5851626434e+00
304.00000000 1.8337416165e+01 2.2899396617e-03 0.0000000000e+00 2.2899396617e-03 1.8337417012e+01 0.0000000000e+00 0.0000000000e+00 0.0000000000e+00 4.5853149538e+00
304.50000000 1.8338496221e+01 2.2903393864e-03 0.0000000000e+00 2.2903393864e-03 1.8338497068e+01 0.0000000000e+00 0.0000000000e+00 0.0000000000e+00 4.5854676726e+00
305.00000000 1.8339578430e+01 2.2907399078e-03 0.0000000000e+00 2.2907399078e-03 1.8339579277e+01 0.0000000000e+00 0.0000000000e+00 0.0000000000e+00 4.5856208008e+00
305.50000000 1.8340662794e+01 2.2911412269e-03 0.0000000000e+00 2.2911412269e-03 1.8340663642e+01 0.0000000000e+00 0.0000000000e+00 0.0000000000e+00 4.5857743394e+00
306.00000000 1.8341749315e+01 2.2915433443e-03 0.0000000000e+00 2.2915433443e-03 1.8341750163e+01 0.0000000000e+00 0.0000000000e+00 0.0000000000e+00 4.5859282894e+00
306.50000000 1.8342837995e+01 2.2919462608e-03 0.0000000000e+00 2.2919462608e-03 1.8342838844e+01 0.0000000000e+00 0.0000000000e+00 0.0000000000e+00 4.5860826519e+00
307.00000000 1.8343928837e+01 2.2923499772e-03 0.0000000000e+00 2.2923499772e-03 1.8343929685e+01 0.0000000000e+00 0.0000000000e+00 0.0000000000e+00 4.5862374280e+00
307.50000000 1.8345021842e+01 2.2927544942e-03 0.0000000000e+00 2.2927544942e-03 1.8345022691e+01 0.0000000000e+00 0.0000000000e+00 0.0000000000e+00 4.5863926186e+00
308.00000000 1.8346117012e+01 2.2931598126e-03 0.0000000000e+00 2.2931598126e-03 1.8346117861e+01 0.0000000000e+00 0.0000000000e+00 0.0000000000e+00 4.5865482248e+00
308.50000000 1.8347214350e+01 2.2935659333e-03 0.0000000000e+00 2.2935659333e-03 1.8347215199e+01 0.0000000000e+00 0.0000000000e+00 0.0000000000e+00 4.5867042476e+00
309.00000000 1.8348313858e+01 2.2939728569e-03 0.0000000000e+00 2.2939728569e-03 1.8348314707e+01 0.0000000000e+00 0.0000000000e+00 0.0000000000e+00 4.5868606882e+00
309.50000000 1.8349415537e+01 2.2943805843e-03 0.0000000000e+00 2.2943805843e-03 1.8349416387e+01 0.0000000000e+00 0.0000000000e+00 0.0000000000e+00 4.5870175476e+00
310.00000000 1.8350519391e+01 2.2947891161e-03 0.0000000000e+00 2.2947891161e-03 1.8350520240e+01 0.0000000000e+00 0.0000000000e+00 0.0000000000e+00 4.5871748268e+00
310.50000000 1.8351625420e+01 2.2951984534e-03 0.0000000000e+00 2.2951984534e-03 1.8351626269e+01 0.0000000000e+00 0.0000000000e+00 0.0000000000e+00 4.5873325269e+00
311.00000000 1.8352733627e+01 2.2956085967e-03 0.0000000000e+00 2.2956085967e-03 1.8352734476e+01 0.0000000000e+00 0.0000000000e+00 0.0000000000e+00 4.5874906490e+00
311.50000000 1.8353844014e+01 2.2960195468e-03 0.0000000000e+00 2.2960195468e-03 1.8353844864e+01 0.0000000000e+00 0.0000000000e+00 0.0000000000e+00 4.5876491942e+00
312.00000000 1.8354956584e+01 2.2964313047e-03 0.0000000000e+00 2.2964313047e-03 1.8354957434e+01 0.0000000000e+00 0.0000000000e+00 0.0000000000e+00 4.5878081636e+00
312.50000000 1.8356071338e+01 2.2968438710e-03 0.0000000000e+00 2.2968438710e-03 1.8356072188e+01 0.0000000000e+00 0.0000000000e+00 0.0000000000e+00 4.5879675582e+00
313.00000000 1.8357188279e+01 2.2972572466e-03 0.0000000000e+00 2.2972572466e-03 1.8357189129e+01 0.0000000000e+00 0.0000000000e+00 0.0000000000e+00 4.5881273791e+00
313.50000000 1.8358307408e+01 2.2976714322e-03 0.0000000000e+00 2.2976714322e-03 1.8358308259e+01 0.0000000000e+00 0.0000000000e+00 0.0000000000e+00 4.5882876275e+00
314.00000000 1.8359428729e+01 2.2980864286e-03 0.0000000000e+00 2.2980864286e-03 1.8359429579e+01 0.0000000000e+00 0.0000000000e+00 0.0000000000e+00 4.5884483044e+00
314.50000000 1.8360552242e+01 2.2985022367e-03 0.0000000000e+00 2.2985022367e-03 1.8360553093e+01 0.0000000000e+00 0.0000000000e+00 0.0000000000e+00 4.5886094110e+00
315.00000000 1.8361677951e+01 2.2989188572e-03 0.0000000000e+00 2.2989188572e-03 1.8361678802e+01 0.0000000000e+00 0.0000000000e+00 0.0000000000e+00 4.5887709483e+00
315.50000000 1.8362805857e+01 2.2993362910e-03 0.0000000000e+00 2.2993362910e-03 1.8362806708e+01 0.0000000000e+00 0.0000000000e+00 0.0000000000e+00 4.5889329175e+00
316.00000000 1.8363935963e+01 2.2997545388e-03 0.0000000000e+00 2.2997545388e-03 1.8363936814e+01 0.0000000000e+00 0.0000000000e+00 0.0000000000e+00 4.5890953197e+00
316.50000000 1.8365068270e+01 2.3001736015e-03 0.0000000000e+00 2.3001736015e-03 1.8365069121e+01 0.0000000000e+00 0.0000000000e+00 0.0000000000e+00 4.5892581560e+00
317.00000000 1.8366202781e+01 2.3005934798e-03 0.0000000000e+00 2.3005934798e-03 1.8366203632e+01 0.0000000000e+00 0.0000000000e+00 0.0000000000e+00 4.5894214276e+00
317.50000000 1.8367339498e+01 2.3010141746e-03 0.0000000000e+00 2.3010141746e-03 1.8367340350e+01 0.0000000000e+00 0.0000000000e+00 0.0000000000e+00 4.5895851355e+00
318.00000000 1.8368478424e+01 2.3014356866e-03 0.0000000000e+00 2.3014356866e-03 1.8368479276e+01 0.0000000000e+00 0.0000000000e+00 0.0000000000e+00 4.5897492810e+00
318.50000000 1.8369619560e+01 2.3018580168e-03 0.0000000000e+00 2.3018580168e-03 1.8369620412e+01 0.0000000000e+00 0.0000000000e+00 0.0000000000e+00 4.5899138651e+00
319.00000000 1.8370762909e+01 2.3022811658e-03 0.0000000000e+00 2.3022811658e-03 1.8370763761e+01 0.0000000000e+00 0.0000000000e+00 0.0000000000e+00 4.5900788890e+00
319.50000000 1.8371908472e+01 2.3027051346e-03 0.0000000000e+00 2.3027051346e-03 1.8371909325e+01 0.0000000000e+00 0.0000000000e+00 0.0000000000e+00 4.5902443539e+00
320.00000000 1.8373056253e+01 2.3031299240e-03 0.0000000000e+00 2.3031299240e-03 1.8373057106e+01 0.0000000000e+00 0.0000000000e+00 0.0000000000e+00 4.5904102610e+00
320.50000000 1.8374206253e+01 2.3035555347e-03 0.0000000000e+00 2.3035555347e-03 1.8374207106e+01 0.0000000000e+00 0.0000000000e+00 0.0000000000e+00 4.5905766113e+00
321.00000000 1.8375358475e+01 2.3039819676e-03 0.0000000000e+00 2.3039819676e-03 1.8375359328e+01 0.0000000000e+00 0.0000000000e+00 0.0000000000e+00 4.5907434061e+00
321.50000000 1.8376512921e+01 2.3044092235e-03 0.0000000000e+00 2.3044092235e-03 1.8376513773e+01 0.0000000000e+00 0.0000000000e+00 0.0000000000e+00 4.5909106466e+00
322.00000000 1.8377669592e+01 2.3048373033e-03 0.0000000000e+00 2.3048373033e-03 1.8377670445e+01 0.0000000000e+00 0.0000000000e+00 0.0000000000e+00 4.5910783338e+00
322.50000000 1.8378828492e+01 2.3052662077e-03 0.0000000000e+00 2.3052662077e-03 1.8378829345e+01 0.0000000000e+00 0.0000000000e+00 0.0000000000e+00 4.5912464690e+00
323.00000000 1.8379989622e+01 2.3056959376e-03 0.0000000000e+00 2.3056959376e-03 1.8379990476e+01 0.0000000000e+00 0.0000000000e+00 0.0000000000e+00 4.5914150535e+00
323.50000000 1.8381152985e+01 2.3061264939e-03 0.0000000000e+00 2.3061264939e-03 1.8381153839e+01 0.0000000000e+00 0.0000000000e+00 0.0000000000e+00 4.5915840882e+00
324.00000000 1.8382318583e+01 2.3065578774e-03 0.0000000000e+00 2.3065578774e-03 1.8382319437e+01 0.0000000000e+00 0.0000000000e+00 0.0000000000e+00 4.5917535746e+00
324.50000000 1.8383486419e+01 2.3069900889e-03 0.0000000000e+00 2.3069900889e-03 1.8383487273e+01 0.0000000000e+00 0.0000000000e+00 0.0000000000e+00 4.5919235138e+00
325.00000000 1.8384656494e+01 2.3074231292e-03 0.0000000000e+00 2.3074231292e-03 1.8384657348e+01 0.0000000000e+00 0.0000000000e+00 0.0000000000e+00 4.5920939069e+00
325.50000000 1.8385828811e+01 2.3078569993e-03 0.0000000000e+00 2.3078569993e-03 1.8385829665e+01 0.0000000000e+00 0.0000000000e+00 0.0000000000e+00 4.5922647552e+00
326.00000000 1.8387003372e+01 2.3082916998e-03 0.0000000000e+00 2.3082916998e-03 1.8387004226e+01 0.0000000000e+00 0.0000000000e+00 0.0000000000e+00 4.5924360600e+00
326.50000000 1.8388180179e+01 2.3087272318e-03 0.0000000000e+00 2.3087272318e-03 1.8388181034e+01 0.0000000000e+00 0.0000000000e+00 0.0000000000e+00 4.5926078224e+00
327.00000000 1.8389359235e+01 2.3091635960e-03 0.0000000000e+00 2.3091635960e-03 1.8389360090e+01 0.0000000000e+00 0.0000000000e+00 0.0000000000e+00 4.5927800436e+00
327.50000000 1.8390540542e+01 2.3096007933e-03 0.0000000000e+00 2.3096007933e-03 1.8390541397e+01 0.0000000000e+00 0.0000000000e+00 0.0000000000e+00 4.5929527250e+00
328.00000000 1.8391724103e+01 2.3100388246e-03 0.0000000000e+00 2.3100388246e-03 1.8391724958e+01 0.0000000000e+00 0.0000000000e+00 0.0000000000e+00 4.5931258677e+00
328.50000000 1.8392909919e+01 2.3104776906e-03 0.0000000000e+00 2.3104776906e-03 1.8392910774e+01 0.0000000000e+00 0.0000000000e+00 0.0000000000e+00 4.5932994730e+00
329.00000000 1.8394097993e+01 2.3109173923e-03 0.0000000000e+00 2.3109173923e-03 1.8394098848e+01 0.0000000000e+00 0.0000000000e+00 0.0000000000e+00 4.5934735421e+00
329.50000000 1.8395288327e+01 2.3113579305e-03 0.0000000000e+00 2.3113579305e-03 1.8395289182e+01 0.0000000000e+00 0.0000000000e+00 0.0000000000e+00 4.5936480763e+00
330.00000000 1.8396480924e+01 2.3117993061e-03 0.0000000000e+00 2.3117993061e-03 1.8396481779e+01 0.0000000000e+00 0.0000000000e+00 0.0000000000e+00 4.5938230769e+00
330.50000000 1.8397675785e+01 2.3122415199e-03 0.0000000000e+00 2.3122415199e-03 1.8397676641e+01 0.0000000000e+00 0.0000000000e+00 0.0000000000e+00 4.5939985451e+00
331.00000000 1.8398872914e+01 2.3126845728e-03 0.0000000000e+00 2.3126845728e-03 1.8398873770e+01 0.0000000000e+00 0.0000000000e+00 0.0000000000e+00 4.5941744821e+00
331.50000000 1.8400072313e+01 2.3131284657e-03 0.0000000000e+00 2.3131284657e-03 1.8400073169e+01 0.0000000000e+00 0.0000000000e+00 0.0000000000e+00 4.5943508894e+00
332.00000000 1.8401273983e+01 2.3135731994e-03 0.0000000000e+00 2.3135731994e-03 1.8401274840e+01 0.0000000000e+00 0.0000000000e+00 0.0000000000e+00 4.5945277681e+00
332.50000000 1.8402477928e+01 2.3140187748e-03 0.0000000000e+00 2.3140187748e-03 1.8402478785e+01 0.0000000000e+00 0.0000000000e+00 0.0000000000e+00 4.5947051195e+00
333.00000000 1.8403684150e+01 2.3144651929e-03 0.0000000000e+00 2.3144651929e-03 1.8403685006e+01 0.0000000000e+00 0.0000000000e+00 0.0000000000e+00 4.5948829449e+00
333.50000000 1.8404892650e+01 2.3149124543e-03 0.0000000000e+00 2.3149124543e-03 1.8404893507e+01 0.0000000000e+00 0.0000000000e+00 0.0000000000e+00 4.5950612457e+00
334.00000000 1.8406103432e+01 2.3153605602e-03 0.0000000000e+00 2.3153605602e-03 1.8406104289e+01 0.0000000000e+00 0.0000000000e+00 0.0000000000e+00 4.5952400231e+00
334.50000000 1.8407316498e+01 2.3158095112e-03 0.0000000000e+00 2.3158095112e-03 1.8407317355e+01 0.0000000000e+00 0.0000000000e+00 0.0000000000e+00 4.5954192784e+00
335.00000000 1.8408531850e+01 2.3162593083e-03 0.0000000000e+00 2.3162593083e-03 1.8408532707e+01 0.0000000000e+00 0.0000000000e+00 0.0000000000e+00 4.5955990130e+00
335.50000000 1.8409749490e+01 2.3167099525e-03 0.0000000000e+00 2.3167099525e-03 1.8409750348e+01 0.0000000000e+00 0.0000000000e+00 0.0000000000e+00 4.5957792282e+00
336.00000000 1.8410969422e+01 2.3171614445e-03 0.0000000000e+00 2.3171614445e-03 1.8410970279e+01 0.0000000000e+00 0.0000000000e+00 0.0000000000e+00 4.5959599252e+00
336.50000000 1.8412191646e+01 2.3176137852e-03 0.0000000000e+00 2.3176137852e-03 1.8412192504e+01 0.0000000000e+00 0.0000000000e+00 0.0000000000e+00 4.5961411055e+00
337.00000000 1.8413416167e+01 2.3180669756e-03 0.0000000000e+00 2.3180669756e-03 1.8413417025e+01 0.0000000000e+00 0.0000000000e+00 0.0000000000e+00 4.5963227704e+00
337.50000000 1.8414642986e+01 2.3185210166e-03 0.0000000000e+00 2.3185210166e-03 1.8414643844e+01 0.0000000000e+00 0.0000000000e+00 0.0000000000e+00 4.5965049212e+00
338.00000000 1.8415872105e+01 2.3189759090e-03 0.0000000000e+00 2.3189759090e-03 1.8415872963e+01 0.0000000000e+00 0.0000000000e+00 0.0000000000e+00 4.5966875592e+00
338.50000000 1.8417103527e+01 2.3194316538e-03 0.0000000000e+00 2.3194316538e-03 1.8417104386e+01 0.0000000000e+00 0.0000000000e+00 0.0000000000e+00 4.5968706859e+00
339.00000000 1.8418337255e+01 2.3198882517e-03 0.0000000000e+00 2.3198882517e-03 1.8418338113e+01 0.0000000000e+00 0.0000000000e+00 0.0000000000e+00 4.5970543025e+00
339.50000000 1.8419573291e+01 2.3203457039e-03 0.0000000000e+00 2.3203457039e-03 1.8419574149e+01 0.0000000000e+00 0.0000000000e+00 0.0000000000e+00 4.5972384105e+00
340.00000000 1.8420811637e+01 2.3208040110e-03 0.0000000000e+00 2.3208040110e-03 1.8420812495e+01 0.0000000000e+00 0.0000000000e+00 0.0000000000e+00 4.5974230111e+00
340.50000000 1.8422052295e+01 2.3212631742e-03 0.0000000000e+00 2.3212631742e-03 1.8422053154e+01 0.0000000000e+00 0.0000000000e+00 0.0000000000e+00 4.5976081059e+00
341.00000000 1.8423295269e+01 2.3217231941e-03 0.0000000000e+00 2.3217231941e-03 1.8423296129e+01 0.0000000000e+00 0.0000000000e+00 0.0000000000e+00 4.5977936962e+00
341.50000000 1.8424540561e+01 2.3221840719e-03 0.0000000000e+00 2.3221840719e-03 1.8424541420e+01 0.0000000000e+00 0.0000000000e+00 0.0000000000e+00 4.5979797833e+00
342.00000000 1.8425788173e+01 2.3226458083e-03 0.0000000000e+00 2.3226458083e-03 1.8425789032e+01 0.0000000000e+00 0.0000000000e+00 0.0000000000e+00 4.5981663687e+00
342.50000000 1.8427038107e+01 2.3231084044e-03 0.0000000000e+00 2.3231084044e-03 1.8427038967e+01 0.0000000000e+00 0.0000000000e+00 0.0000000000e+00 4.5983534538e+00
343.00000000 1.8428290367e+01 2.3235718609e-03 0.0000000000e+00 2.3235718609e-03 1.8428291227e+01 0.0000000000e+00 0.0000000000e+00 0.0000000000e+00 4.5985410400e+00
343.50000000 1.8429544954e+01 2.3240361789e-03 0.0000000000e+00 2.3240361789e-03 1.8429545814e+01 0.0000000000e+00 0.0000000000e+00 0.0000000000e+00 4.5987291286e+00
344.00000000 1.8430801872e+01 2.3245013593e-03 0.0000000000e+00 2.3245013593e-03 1.8430802732e+01 0.0000000000e+00 0.0000000000e+00 0.0000000000e+00 4.5989177211e+00
344.50000000 1.8432061121e+01 2.3249674029e-03 0.0000000000e+00 2.3249674029e-03 1.8432061982e+01 0.0000000000e+00 0.0000000000e+00 0.0000000000e+00 4.5991068190e+00
345.00000000 1.8433322706e+01 2.3254343108e-03 0.0000000000e+00 2.3254343108e-03 1.8433323567e+01 0.0000000000e+00 0.0000000000e+00 0.0000000000e+00 4.5992964237e+00
345.50000000 1.8434586629e+01 2.3259020838e-03 0.0000000000e+00 2.3259020838e-03 1.8434587490e+01 0.0000000000e+00 0.0000000000e+00 0.0000000000e+00 4.5994865366e+00
346.00000000 1.8435852892e+01 2.3263707228e-03 0.0000000000e+00 2.3263707228e-03 1.8435853753e+01 0.0000000000e+00 0.0000000000e+00 0.0000000000e+00 4.5996771591e+00
346.50000000 1.8437121497e+01 2.3268402289e-03 0.0000000000e+00 2.3268402289e-03 1.8437122358e+01 0.0000000000e+00 0.0000000000e+00 0.0000000000e+00 4.5998682927e+00
347.00000000 1.8438392448e+01 2.3273106029e-03 0.0000000000e+00 2.3273106029e-03 1.8438393309e+01 0.0000000000e+00 0.0000000000e+00 0.0000000000e+00 4.6000599389e+00
347.50000000 1.8439665746e+01 2.3277818458e-03 0.0000000000e+00 2.3277818458e-03 1.8439666608e+01 0.0000000000e+00 0.0000000000e+00 0.0000000000e+00 4.6002520992e+00
348.00000000 1.8440941395e+01 2.3282539585e-03 0.0000000000e+00 2.3282539585e-03 1.8440942256e+01 0.0000000000e+00 0.0000000000e+00 0.0000000000e+00 4.6004447749e+00
348.50000000 1.8442219396e+01 2.3287269419e-03 0.0000000000e+00 2.3287269419e-03 1.8442220258e+01 0.0000000000e+00 0.0000000000e+00 0.0000000000e+00 4.6006379676e+00
349.00000000 1.8443499752e+01 2.3292007971e-03 0.0000000000e+00 2.3292007971e-03 1.8443500614e+01 0.0000000000e+00 0.0000000000e+00 0.0000000000e+00 4.6008316788e+00
349.50000000 1.8444782467e+01 2.3296755249e-03 0.0000000000e+00 2.3296755249e-03 1.8444783329e+01 0.0000000000e+00 0.0000000000e+00 0.0000000000e+00 4.6010259099e+00
350.00000000 1.8446067542e+01 2.3301511263e-03 0.0000000000e+00 2.3301511263e-03 1.8446068404e+01 0.0000000000e+00 0.0000000000e+00 0.0000000000e+00 4.6012206625e+00
350.50000000 1.8447354980e+01 2.3306276023e-03 0.0000000000e+00 2.3306276023e-03 1.8447355843e+01 0.0000000000e+00 0.0000000000e+00 0.0000000000e+00 4.6014159380e+00
351.00000000 1.8448644784e+01 2.3311049538e-03 0.0000000000e+00 2.3311049538e-03 1.8448645647e+01 0.0000000000e+00 0.0000000000e+00 0.0000000000e+00 4.6016117380e+00
351.50000000 1.8449936956e+01 2.3315831817e-03 0.0000000000e+00 2.3315831817e-03 1.8449937819e+01 0.0000000000e+00 0.0000000000e+00 0.0000000000e+00 4.6018080640e+00
352.00000000 1.8451231498e+01 2.3320622870e-03 0.0000000000e+00 2.3320622870e-03 1.8451232361e+01 0.0000000000e+00 0.0000000000e+00 0.0000000000e+00 4.6020049174e+00
352.50000000 1.8452528414e+01 2.3325422708e-03 0.0000000000e+00 2.3325422708e-03 1.8452529278e+01 0.0000000000e+00 0.0000000000e+00 0.0000000000e+00 4.6022022999e+00
353.00000000 1.8453827706e+01 2.3330231339e-03 0.0000000000e+00 2.3330231339e-03 1.8453828570e+01 0.0000000000e+00 0.0000000000e+00 0.0000000000e+00 4.6024002130e+00
353.50000000 1.8455129377e+01 2.3335048773e-03 0.0000000000e+00 2.3335048773e-03 1.8455130241e+01 0.0000000000e+00 0.0000000000e+00 0.0000000000e+00 4.6025986582e+00
354.00000000 1.8456433429e+01 2.3339875019e-03 0.0000000000e+00 2.3339875019e-03 1.8456434293e+01 0.0000000000e+00 0.0000000000e+00 0.0000000000e+00 4.6027976370e+00
354.50000000 1.8457739865e+01 2.3344710088e-03 0.0000000000e+00 2.3344710088e-03 1.8457740729e+01 0.0000000000e+00 0.0000000000e+00 0.0000000000e+00 4.6029971511e+00
355.00000000 1.8459048687e+01 2.3349553990e-03 0.0000000000e+00 2.3349553990e-03 1.8459049551e+01 0.0000000000e+00 0.0000000000e+00 0.0000000000e+00 4.6031972019e+00
355.50000000 1.8460359898e+01 2.3354406733e-03 0.0000000000e+00 2.3354406733e-03 1.8460360762e+01 0.0000000000e+00 0.0000000000e+00 0.0000000000e+00 4.6033977911e+00
356.00000000 1.8461673501e+01 2.3359268328e-03 0.0000000000e+00 2.3359268328e-03 1.8461674366e+01 0.0000000000e+00 0.0000000000e+00 0.0000000000e+00 4.6035989203e+00
356.50000000 1.8462989498e+01 2.3364138785e-03 0.0000000000e+00 2.3364138785e-03 1.8462990363e+01 0.0000000000e+00 0.0000000000e+00 0.0000000000e+00 4.6038005909e+00
357.00000000 1.8464307893e+01 2.3369018113e-03 0.0000000000e+00 2.3369018113e-03 1.8464308758e+01 0.0000000000e+00 0.0000000000e+00 0.0000000000e+00 4.6040028046e+00
357.50000000 1.8465628687e+01 2.3373906322e-03 0.0000000000e+00 2.3373906322e-03 1.8465629552e+01 0.0000000000e+00 0.0000000000e+00 0.0000000000e+00 4.6042055631e+00
358.00000000 1.8466951883e+01 2.3378803422e-03 0.0000000000e+00 2.3378803422e-03 1.8466952749e+01 0.0000000000e+00 0.0000000000e+00 0.0000000000e+00 4.6044088678e+00
358.50000000 1.8468277485e+01 2.3383709423e-03 0.0000000000e+00 2.3383709423e-03 1.8468278350e+01 0.0000000000e+00 0.0000000000e+00 0.0000000000e+00 4.6046127205e+00
359.00000000 1.8469605494e+01 2.3388624335e-03 0.0000000000e+00 2.3388624335e-03 1.8469606360e+01 0.0000000000e+00 0.0000000000e+00 0.0000000000e+00 4.6048171227e+00
359.50000000 1.8470935914e+01 2.3393548168e-03 0.0000000000e+00 2.3393548168e-03 1.8470936780e+01 0.0000000000e+00 0.0000000000e+00 0.0000000000e+00 4.6050220761e+00
360.00000000 1.8472268747e+01 2.3398480932e-03 0.0000000000e+00 2.3398480932e-03 1.8472269613e+01 0.0000000000e+00 0.0000000000e+00 0.0000000000e+00 4.6052275823e+00
360.50000000 1.8473603995e+01 2.3403422636e-03 0.0000000000e+00 2.3403422636e-03 1.8473604861e+01 0.0000000000e+00 0.0000000000e+00 0.0000000000e+00 4.6054336430e+00
361.00000000 1.8474941662e+01 2.3408373292e-03 0.0000000000e+00 2.3408373292e-03 1.8474942528e+01 0.0000000000e+00 0.0000000000e+00 0.0000000000e+00 4.6056402597e+00
361.50000000 1.8476281750e+01 2.3413332908e-03 0.0000000000e+00 2.3413332908e-03 1.8476282617e+01 0.0000000000e+00 0.0000000000e+00 0.0000000000e+00 4.6058474342e+00
362.00000000 1.8477624263e+01 2.3418301494e-03 0.0000000000e+00 2.3418301494e-03 1.8477625129e+01 0.0000000000e+00 0.0000000000e+00 0.0000000000e+00 4.6060551681e+00
362.50000000 1.8478969201e+01 2.3423279062e-03 0.0000000000e+00 2.3423279062e-03 1.8478970068e+01 0.0000000000e+00 0.0000000000e+00 0.0000000000e+00 4.6062634631e+00
363.00000000 1.8480316570e+01 2.3428265621e-03 0.0000000000e+00 2.3428265621e-03 1.8480317437e+01 0.0000000000e+00 0.0000000000e+00 0.0000000000e+00 4.6064723208e+00
363.50000000 1.8481666370e+01 2.3433261181e-03 0.0000000000e+00 2.3433261181e-03 1.8481667237e+01 0.0000000000e+00 0.0000000000e+00 0.0000000000e+00 4.6066817430e+00
364.00000000 1.8483018605e+01 2.3438265753e-03 0.0000000000e+00 2.3438265753e-03 1.8483019473e+01 0.0000000000e+00 0.0000000000e+00 0.0000000000e+00 4.6068917314e+00
364.50000000 1.8484373278e+01 2.3443279346e-03 0.0000000000e+00 2.3443279346e-03 1.8484374146e+01 0.0000000000e+00 0.0000000000e+00 0.0000000000e+00 4.6071022876e+00
365.00000000 1.8485730391e+01 2.3448301970e-03 0.0000000000e+00 2.3448301970e-03 1.8485731259e+01 0.0000000000e+00 0.0000000000e+00 0.0000000000e+00 4.6073134133e+00
365.50000000 1.8487089947e+01 2.3453333637e-03 0.0000000000e+00 2.3453333637e-03 1.8487090815e+01 0.0000000000e+00 0.0000000000e+00 0.0000000000e+00 4.6075251103e+00
366.00000000 1.8488451950e+01 2.3458374356e-03 0.0000000000e+00 2.3458374356e-03 1.8488452818e+01 0.0000000000e+00 0.0000000000e+00 0.0000000000e+00 4.6077373803e+00
366.50000000 1.8489816401e+01 2.3463424137e-03 0.0000000000e+00 2.3463424137e-03 1.8489817269e+01 0.0000000000e+00 0.0000000000e+00 0.0000000000e+00 4.6079502251e+00
367.00000000 1.8491183303e+01 2.3468482992e-03 0.0000000000e+00 2.3468482992e-03 1.8491184172e+01 0.0000000000e+00 0.0000000000e+00 0.0000000000e+00 4.6081636463e+00
367.50000000 1.8492552660e+01 2.3473550929e-03 0.0000000000e+00 2.3473550929e-03 1.8492553528e+01 0.0000000000e+00 0.0000000000e+00 0.0000000000e+00 4.6083776457e+00
368.00000000 1.8493924473e+01 2.3478627960e-03 0.0000000000e+00 2.3478627960e-03 1.8493925342e+01 0.0000000000e+00 0.0000000000e+00 0.0000000000e+00 4.6085922251e+00
368.50000000 1.8495298747e+01 2.3483714095e-03 0.0000000000e+00 2.3483714095e-03 1.8495299616e+01 0.0000000000e+00 0.0000000000e+00 0.0000000000e+00 4.6088073862e+00
369.00000000 1.8496675483e+01 2.3488809344e-03 0.0000000000e+00 2.3488809344e-03 1.8496676353e+01 0.0000000000e+00 0.0000000000e+00 0.0000000000e+00 4.6090231308e+00
369.50000000 1.8498054685e+01 2.3493913718e-03 0.0000000000e+00 2.3493913718e-03 1.8498055555e+01 0.0000000000e+00 0.0000000000e+00 0.0000000000e+00 4.6092394607e+00
370.00000000 1.8499436355e+01 2.3499027227e-03 0.0000000000e+00 2.3499027227e-03 1.8499437225e+01 0.0000000000e+00 0.0000000000e+00 0.0000000000e+00 4.6094563777e+00
370.50000000 1.8500820497e+01 2.3504149881e-03 0.0000000000e+00 2.3504149881e-03 1.8500821367e+01 0.0000000000e+00 0.0000000000e+00 0.0000000000e+00 4.6096738835e+00
371.00000000 1.8502207112e+01 2.3509281692e-03 0.0000000000e+00 2.3509281692e-03 1.8502207982e+01 0.0000000000e+00 0.0000000000e+00 0.0000000000e+00 4.6098919800e+00
371.50000000 1.8503596204e+01 2.3514422670e-03 0.0000000000e+00 2.3514422670e-03 1.8503597074e+01 0.0000000000e+00 0.0000000000e+00 0.0000000000e+00 4.6101106690e+00
372.00000000 1.8504987776e+01 2.3519572825e-03 0.0000000000e+00 2.3519572825e-03 1.8504988646e+01 0.0000000000e+00 0.0000000000e+00 0.0000000000e+00 4.6103299523e+00
372.50000000 1.8506381830e+01 2.3524732168e-03 0.0000000000e+00 2.3524732168e-03 1.8506382701e+01 0.0000000000e+00 0.0000000000e+00 0.0000000000e+00 4.6105498317e+00
373.00000000 1.8507778370e+01 2.3529900709e-03 0.0000000000e+00 2.3529900709e-03 1.8507779241e+01 0.0000000000e+00 0.0000000000e+00 0.0000000000e+00 4.6107703091e+00
373.50000000 1.8509177398e+01 2.3535078459e-03 0.0000000000e+00 2.3535078459e-03 1.8509178269e+01 0.0000000000e+00 0.0000000000e+00 0.0000000000e+00 4.6109913863e+00
374.00000000 1.8510578918e+01 2.3540265429e-03 0.0000000000e+00 2.3540265429e-03 1.8510579789e+01 0.0000000000e+00 0.0000000000e+00 0.0000000000e+00 4.6112130652e+00
374.50000000 1.8511982931e+01 2.3545461629e-03 0.0000000000e+00 2.3545461629e-03 1.8511983802e+01 0.0000000000e+00 0.0000000000e+00 0.0000000000e+00 4.6114353476e+00
375.00000000 1.8513389441e+01 2.3550667071e-03 0.0000000000e+00 2.3550667071e-03 1.8513390313e+01 0.0000000000e+00 0.0000000000e+00 0.0000000000e+00 4.6116582354e+00
375.50000000 1.8514798451e+01 2.3555881764e-03 0.0000000000e+00 2.3555881764e-03 1.8514799323e+01 0.0000000000e+00 0.0000000000e+00 0.0000000000e+00 4.6118817305e+00
376.00000000 1.8516209964e+01 2.3561105721e-03 0.0000000000e+00 2.3561105721e-03 1.8516210836e+01 0.0000000000e+00 0.0000000000e+00 0.0000000000e+00 4.6121058347e+00
376.50000000 1.8517623983e+01 2.3566338950e-03 0.0000000000e+00 2.3566338950e-03 1.8517624855e+01 0.0000000000e+00 0.0000000000e+00 0.0000000000e+00 4.6123305500e+00
377.00000000 1.8519040510e+01 2.3571581464e-03 0.0000000000e+00 2.3571581464e-03 1.8519041383e+01 0.0000000000e+00 0.0000000000e+00 0.0000000000e+00 4.6125558783e+00
377.50000000 1.8520459549e+01 2.3576833273e-03 0.0000000000e+00 2.3576833273e-03 1.8520460422e+01 0.0000000000e+00 0.0000000000e+00 0.0000000000e+00 4.6127818214e+00
378.00000000 1.8521881102e+01 2.3582094388e-03 0.0000000000e+00 2.3582094388e-03 1.8521881975e+01 0.0000000000e+00 0.0000000000e+00 0.0000000000e+00 4.6130083813e+00
378.50000000 1.8523305173e+01 2.3587364820e-03 0.0000000000e+00 2.3587364820e-03 1.8523306046e+01 0.0000000000e+00 0.0000000000e+00 0.0000000000e+00 4.6132355600e+00
379.00000000 1.8524731764e+01 2.3592644579e-03 0.0000000000e+00 2.3592644579e-03 1.8524732637e+01 0.0000000000e+00 0.0000000000e+00 0.0000000000e+00 4.6134633594e+00
379.50000000 1.8526160878e+01 2.3597933677e-03 0.0000000000e+00 2.3597933677e-03 1.8526161752e+01 0.0000000000e+00 0.0000000000e+00 0.0000000000e+00 4.6136917813e+00
380.00000000 1.8527592519e+01 2.3603232125e-03 0.0000000000e+00 2.3603232125e-03 1.8527593392e+01 0.0000000000e+00 0.0000000000e+00 0.0000000000e+00 4.6139208279e+00
380.50000000 1.8529026689e+01 2.3608539934e-03 0.0000000000e+00 2.3608539934e-03 1.8529027563e+01 0.0000000000e+00 0.0000000000e+00 0.0000000000e+00 4.6141505010e+00
381.00000000 1.8530463391e+01 2.3613857114e-03 0.0000000000e+00 2.3613857114e-03 1.8530464265e+01 0.0000000000e+00 0.0000000000e+00 0.0000000000e+00 4.6143808026e+00
381.50000000 1.8531902628e+01 2.3619183677e-03 0.0000000000e+00 2.3619183677e-03 1.8531903502e+01 0.0000000000e+00 0.0000000000e+00 0.0000000000e+00 4.6146117347e+00
382.00000000 1.8533344404e+01 2.3624519634e-03 0.0000000000e+00 2.3624519634e-03 1.8533345278e+01 0.0000000000e+00 0.0000000000e+00 0.0000000000e+00 4.6148432993e+00
382.50000000 1.8534788721e+01 2.3629864996e-03 0.0000000000e+00 2.3629864996e-03 1.8534789595e+01 0.0000000000e+00 0.0000000000e+00 0.0000000000e+00 4.6150754985e+00
383.00000000 1.8536235582e+01 2.3635219774e-03 0.0000000000e+00 2.3635219774e-03 1.8536236456e+01 0.0000000000e+00 0.0000000000e+00 0.0000000000e+00 4.6153083341e+00
383.50000000 1.8537684990e+01 2.3640583979e-03 0.0000000000e+00 2.3640583979e-03 1.8537685865e+01 0.0000000000e+00 0.0000000000e+00 0.0000000000e+00 4.6155418083e+00
384.00000000 1.8539136948e+01 2.3645957623e-03 0.0000000000e+00 2.3645957623e-03 1.8539137824e+01 0.0000000000e+00 0.0000000000e+00 0.0000000000e+00 4.6157759231e+00
384.50000000 1.8540591460e+01 2.3651340716e-03 0.0000000000e+00 2.3651340716e-03 1.8540592336e+01 0.0000000000e+00 0.0000000000e+00 0.0000000000e+00 4.6160106804e+00
385.00000000 1.8542048528e+01 2.3656733271e-03 0.0000000000e+00 2.3656733271e-03 1.8542049404e+01 0.0000000000e+00 0.0000000000e+00 0.0000000000e+00 4.6162460825e+00
385.50000000 1.8543508156e+01 2.3662135297e-03 0.0000000000e+00 2.3662135297e-03 1.8543509032e+01 0.0000000000e+00 0.0000000000e+00 0.0000000000e+00 4.6164821313e+00
386.00000000 1.8544970346e+01 2.3667546807e-03 0.0000000000e+00 2.3667546807e-03 1.8544971222e+01 0.0000000000e+00 0.0000000000e+00 0.0000000000e+00 4.6167188288e+00
386.50000000 1.8546435101e+01 2.3672967811e-03 0.0000000000e+00 2.3672967811e-03 1.8546435977e+01 0.0000000000e+00 0.0000000000e+00 0.0000000000e+00 4.6169561773e+00
387.00000000 1.8547902425e+01 2.3678398322e-03 0.0000000000e+00 2.3678398322e-03 1.8547903302e+01 0.0000000000e+00 0.0000000000e+00 0.0000000000e+00 4.6171941787e+00
387.50000000 1.8549372321e+01 2.3683838350e-03 0.0000000000e+00 2.3683838350e-03 1.8549373197e+01 0.0000000000e+00 0.0000000000e+00 0.0000000000e+00 4.6174328351e+00
388.00000000 1.8550844791e+01 2.3689287907e-03 0.0000000000e+00 2.3689287907e-03 1.8550845668e+01 0.0000000000e+00 0.0000000000e+00 0.0000000000e+00 4.6176721488e+00
388.50000000 1.8552319839e+01 2.3694747005e-03 0.0000000000e+00 2.3694747005e-03 1.8552320716e+01 0.0000000000e+00 0.0000000000e+00 0.0000000000e+00 4.6179121217e+00
389.00000000 1.8553797468e+01 2.3700215654e-03 0.0000000000e+00 2.3700215654e-03 1.8553798346e+01 0.0000000000e+00 0.0000000000e+00 0.0000000000e+00 4.6181527560e+00
389.50000000 1.8555277681e+01 2.3705693866e-03 0.0000000000e+00 2.3705693866e-03 1.8555278559e+01 0.0000000000e+00 0.0000000000e+00 0.0000000000e+00 4.6183940539e+00
390.00000000 1.8556760482e+01 2.3711181654e-03 0.0000000000e+00 2.3711181654e-03 1.8556761359e+01 0.0000000000e+00 0.0000000000e+00 0.0000000000e+00 4.6186360175e+00
390.50000000 1.8558245872e+01 2.3716679027e-03 0.0000000000e+00 2.3716679027e-03 1.8558246750e+01 0.0000000000e+00 0.0000000000e+00 0.0000000000e+00 4.6188786490e+00
391.00000000 1.8559733856e+01 2.3722185999e-03 0.0000000000e+00 2.3722185999e-03 1.8559734733e+01 0.0000000000e+00 0.0000000000e+00 0.0000000000e+00 4.6191219505e+00
391.50000000 1.8561224436e+01 2.3727702579e-03 0.0000000000e+00 2.3727702579e-03 1.8561225314e+01 0.0000000000e+00 0.0000000000e+00 0.0000000000e+00 4.6193659242e+00
392.00000000 1.8562717615e+01 2.3733228782e-03 0.0000000000e+00 2.3733228782e-03 1.8562718494e+01 0.0000000000e+00 0.0000000000e+00 0.0000000000e+00 4.6196105724e+00
392.50000000 1.8564213398e+01 2.3738764616e-03 0.0000000000e+00 2.3738764616e-03 1.8564214277e+01 0.0000000000e+00 0.0000000000e+00 0.0000000000e+00 4.6198558971e+00
393.00000000 1.8565711787e+01 2.3744310096e-03 0.0000000000e+00 2.3744310096e-03 1.8565712665e+01 0.0000000000e+00 0.0000000000e+00 0.0000000000e+00 4.6201019006e+00
393.50000000 1.8567212784e+01 2.3749865231e-03 0.0000000000e+00 2.3749865231e-03 1.8567213663e+01 0.0000000000e+00 0.0000000000e+00 0.0000000000e+00 4.6203485852e+00
394.00000000 1.8568716394e+01 2.3755430034e-03 0.0000000000e+00 2.3755430034e-03 1.8568717273e+01 0.0000000000e+00 0.0000000000e+00 0.0000000000e+00 4.6205959530e+00
394.50000000 1.8570222619e+01 2.3761004517e-03 0.0000000000e+00 2.3761004517e-03 1.8570223499e+01 0.0000000000e+00 0.0000000000e+00 0.0000000000e+00 4.6208440063e+00
395.00000000 1.8571731463e+01 2.3766588692e-03 0.0000000000e+00 2.3766588692e-03 1.8571732343e+01 0.0000000000e+00 0.0000000000e+00 0.0000000000e+00 4.6210927474e+00
395.50000000 1.8573242929e+01 2.3772182569e-03 0.0000000000e+00 2.3772182569e-03 1.8573243809e+01 0.0000000000e+00 0.0000000000e+00 0.0000000000e+00 4.6213421786e+00
396.00000000 1.8574757020e+01 2.3777786162e-03 0.0000000000e+00 2.3777786162e-03 1.8574757900e+01 0.0000000000e+00 0.0000000000e+00 0.0000000000e+00 4.6215923020e+00
396.50000000 1.8576273739e+01 2.3783399482e-03 0.0000000000e+00 2.3783399482e-03 1.8576274619e+01 0.0000000000e+00 0.0000000000e+00 0.0000000000e+00 4.6218431200e+00
397.00000000 1.8577793089e+01 2.3789022541e-03 0.0000000000e+00 2.3789022541e-03 1.8577793970e+01 0.0000000000e+00 0.0000000000e+00 0.0000000000e+00 4.6220946348e+00
397.50000000 1.8579315074e+01 2.3794655350e-03 0.0000000000e+00 2.3794655350e-03 1.8579315955e+01 0.0000000000e+00 0.0000000000e+00 0.0000000000e+00 4.6223468489e+00
398.00000000 1.8580839697e+01 2.3800297922e-03 0.0000000000e+00 2.3800297922e-03 1.8580840578e+01 0.0000000000e+00 0.0000000000e+00 0.0000000000e+00 4.6225997644e+00
398.50000000 1.8582366962e+01 2.3805950270e-03 0.0000000000e+00 2.3805950270e-03 1.8582367843e+01 0.0000000000e+00 0.0000000000e+00 0.0000000000e+00 4.6228533838e+00
399.00000000 1.8583896870e+01 2.3811612404e-03 0.0000000000e+00 2.3811612404e-03 1.8583897751e+01 0.0000000000e+00 0.0000000000e+00 0.0000000000e+00 4.6231077093e+00
399.50000000 1.8585429426e+01 2.3817284336e-03 0.0000000000e+00 2.3817284336e-03 1.8585430308e+01 0.0000000000e+00 0.0000000000e+00 0.0000000000e+00 4.6233627434e+00
400.00000000 1.8586964634e+01 2.3822966080e-03 0.0000000000e+00 2.3822966080e-03 1.8586965515e+01 0.0000000000e+00 0.0000000000e+00 0.0000000000e+00 4.6236184883e+00
400.50000000 1.8588502495e+01 2.3828657647e-03 0.0000000000e+00 2.3828657647e-03 1.8588503377e+01 0.0000000000e+00 0.0000000000e+00 0.0000000000e+00 4.6238749465e+00
401.00000000 1.8590043014e+01 2.3834359049e-03 0.0000000000e+00 2.3834359049e-03 1.8590043896e+01 0.0000000000e+00 0.0000000000e+00 0.0000000000e+00 4.6241321204e+00
401.50000000 1.8591586193e+01 2.3840070299e-03 0.0000000000e+00 2.3840070299e-03 1.8591587076e+01 0.0000000000e+00 0.0000000000e+00 0.0000000000e+00 4.6243900122e+00
402.00000000 1.8593132037e+01 2.3845791408e-03 0.0000000000e+00 2.3845791408e-03 1.8593132920e+01 0.0000000000e+00 0.0000000000e+00 0.0000000000e+00 4.6246486245e+00
402.50000000 1.8594680548e+01 2.3851522388e-03 0.0000000000e+00 2.3851522388e-03 1.8594681431e+01 0.0000000000e+00 0.0000000000e+00 0.0000000000e+00 4.6249079597e+00
403.00000000 1.8596231730e+01 2.3857263253e-03 0.0000000000e+00 2.3857263253e-03 1.8596232613e+01 0.0000000000e+00 0.0000000000e+00 0.0000000000e+00 4.6251680202e+00
403.50000000 1.8597785585e+01 2.3863014015e-03 0.0000000000e+00 2.3863014015e-03 1.8597786469e+01 0.0000000000e+00 0.0000000000e+00 0.0000000000e+00 4.6254288084e+00
404.00000000 1.8599342118e+01 2.3868774684e-03 0.0000000000e+00 2.3868774684e-03 1.8599343002e+01 0.0000000000e+00 0.0000000000e+00 0.0000000000e+00 4.6256903268e+00
404.50000000 1.8600901332e+01 2.3874545275e-03 0.0000000000e+00 2.3874545275e-03 1.8600902216e+01 0.0000000000e+00 0.0000000000e+00 0.0000000000e+00 4.6259525779e+00
405.00000000 1.8602463230e+01 2.3880325800e-03 0.0000000000e+00 2.3880325800e-03 1.8602464114e+01 0.0000000000e+00 0.0000000000e+00 0.0000000000e+00 4.6262155641e+00
405.50000000 1.8604027815e+01 2.3886116270e-03 0.0000000000e+00 2.3886116270e-03 1.8604028699e+01 0.0000000000e+00 0.0000000000e+00 0.0000000000e+00 4.6264792879e+00
406.00000000 1.8605595090e+01 2.3891916698e-03 0.0000000000e+00 2.3891916698e-03 1.8605595975e+01 0.0000000000e+00 0.0000000000e+00 0.0000000000e+00 4.6267437519e+00
406.50000000 1.8607165060e+01 2.3897727097e-03 0.0000000000e+00 2.3897727097e-03 1.8607165945e+01 0.0000000000e+00 0.0000000000e+00 0.0000000000e+00 4.6270089585e+00
407.00000000 1.8608737727e+01 2.3903547479e-03 0.0000000000e+00 2.3903547479e-03 1.8608738612e+01 0.0000000000e+00 0.0000000000e+00 0.0000000000e+00 4.6272749102e+00
407.50000000 1.8610313096e+01 2.3909377857e-03 0.0000000000e+00 2.3909377857e-03 1.8610313980e+01 0.0000000000e+00 0.0000000000e+00 0.0000000000e+00 4.6275416097e+00
408.00000000 1.8611891168e+01 2.3915218243e-03 0.0000000000e+00 2.3915218243e-03 1.8611892053e+01 0.0000000000e+00 0.0000000000e+00 0.0000000000e+00 4.6278090595e+00
408.50000000 1.8613471948e+01 2.3921068650e-03 0.0000000000e+00 2.3921068650e-03 1.8613472833e+01 0.0000000000e+00 0.0000000000e+00 0.0000000000e+00 4.6280772621e+00
409.00000000 1.8615055439e+01 2.3926929090e-03 0.0000000000e+00 2.3926929090e-03 1.8615056324e+01 0.0000000000e+00 0.0000000000e+00 0.0000000000e+00 4.6283462201e+00
409.50000000 1.8616641644e+01 2.3932799576e-03 0.0000000000e+00 2.3932799576e-03 1.8616642530e+01 0.0000000000e+00 0.0000000000e+00 0.0000000000e+00 4.6286159361e+00
410.00000000 1.8618230568e+01 2.3938680121e-03 0.0000000000e+00 2.3938680121e-03 1.8618231453e+01 0.0000000000e+00 0.0000000000e+00 0.0000000000e+00 4.6288864127e+00
410.50000000 1.8619822212e+01 2.3944570738e-03 0.0000000000e+00 2.3944570738e-03 1.8619823098e+01 0.0000000000e+00 0.0000000000e+00 0.0000000000e+00 4.6291576525e+00
411.00000000 1.8621416582e+01 2.3950471439e-03 0.0000000000e+00 2.3950471439e-03 1.8621417468e+01 0.0000000000e+00 0.0000000000e+00 0.0000000000e+00 4.6294296581e+00
411.50000000 1.8623013679e+01 2.3956382237e-03 0.0000000000e+00 2.3956382237e-03 1.8623014566e+01 0.0000000000e+00 0.0000000000e+00 0.0000000000e+00 4.6297024323e+00
412.00000000 1.8624613508e+01 2.3962303145e-03 0.0000000000e+00 2.3962303145e-03 1.8624614395e+01 0.0000000000e+00 0.0000000000e+00 0.0000000000e+00 4.6299759776e+00
412.50000000 1.8626216073e+01 2.3968234175e-03 0.0000000000e+00 2.3968234175e-03 1.8626216960e+01 0.0000000000e+00 0.0000000000e+00 0.0000000000e+00 4.6302502966e+00
413.00000000 1.8627821376e+01 2.3974175341e-03 0.0000000000e+00 2.3974175341e-03 1.8627822263e+01 0.0000000000e+00 0.0000000000e+00 0.0000000000e+00 4.6305253922e+00
413.50000000 1.8629429421e+01 2.3980126655e-03 0.0000000000e+00 2.3980126655e-03 1.8629430308e+01 0.0000000000e+00 0.0000000000e+00 0.0000000000e+00 4.6308012669e+00
414.00000000 1.8631040211e+01 2.3986088130e-03 0.0000000000e+00 2.3986088130e-03 1.8631041099e+01 0.0000000000e+00 0.0000000000e+00 0.0000000000e+00 4.6310779235e+00
414.50000000 1.8632653751e+01 2.3992059780e-03 0.0000000000e+00 2.3992059780e-03 1.8632654639e+01 0.0000000000e+00 0.0000000000e+00 0.0000000000e+00 4.6313553647e+00
415.00000000 1.8634270044e+01 2.3998041617e-03 0.0000000000e+00 2.3998041617e-03 1.8634270932e+01 0.0000000000e+00 0.0000000000e+00 0.0000000000e+00 4.6316335933e+00
415.50000000 1.8635889092e+01 2.4004033654e-03 0.0000000000e+00 2.4004033654e-03 1.8635889980e+01 0.0000000000e+00 0.0000000000e+00 0.0000000000e+00 4.6319126119e+00
416.00000000 1.8637510900e+01 2.4010035904e-03 0.0000000000e+00 2.4010035904e-03 1.8637511789e+01 0.0000000000e+00 0.0000000000e+00 0.0000000000e+00 4.6321924234e+00
416.50000000 1.8639135471e+01 2.4016048381e-03 0.0000000000e+00 2.4016048381e-03 1.8639136360e+01 0.0000000000e+00 0.0000000000e+00 0.0000000000e+00 4.6324730305e+00
417.00000000 1.8640762809e+01 2.4022071097e-03 0.0000000000e+00 2.4022071097e-03 1.8640763698e+01 0.0000000000e+00 0.0000000000e+00 0.0000000000e+00 4.6327544360e+00
417.50000000 1.8642392917e+01 2.4028104066e-03 0.0000000000e+00 2.4028104066e-03 1.8642393807e+01 0.0000000000e+00 0.0000000000e+00 0.0000000000e+00 4.6330366427e+00
418.00000000 1.8644025799e+01 2.4034147301e-03 0.0000000000e+00 2.4034147301e-03 1.8644026689e+01 0.0000000000e+00 0.0000000000e+00 0.0000000000e+00 4.6333196535e+00
418.50000000 1.8645661459e+01 2.4040200814e-03 0.0000000000e+00 2.4040200814e-03 1.8645662348e+01 0.0000000000e+00 0.0000000000e+00 0.0000000000e+00 4.6336034711e+00
419.00000000 1.8647299899e+01 2.4046264620e-03 0.0000000000e+00 2.4046264620e-03 1.8647300789e+01 0.0000000000e+00 0.0000000000e+00 0.0000000000e+00 4.6338880984e+00
419.50000000 1.8648941124e+01 2.4052338732e-03 0.0000000000e+00 2.4052338732e-03 1.8648942014e+01 0.0000000000e+00 0.0000000000e+00 0.0000000000e+00 4.6341735382e+00
420.00000000 1.8650585137e+01 2.4058423162e-03 0.0000000000e+00 2.4058423162e-03 1.8650586027e+01 0.0000000000e+00 0.0000000000e+00 0.0000000000e+00 4.6344597935e+00
420.50000000 1.8652231942e+01 2.4064517924e-03 0.0000000000e+00 2.4064517924e-03 1.8652232832e+01 0.0000000000e+00 0.0000000000e+00 0.0000000000e+00 4.6347468671e+00
421.00000000 1.8653881542e+01 2.4070623032e-03 0.0000000000e+00 2.4070623032e-03 1.8653882433e+01 0.0000000000e+00 0.0000000000e+00 0.0000000000e+00 4.6350347619e+00
421.50000000 1.8655533941e+01 2.4076738499e-03 0.0000000000e+00 2.4076738499e-03 1.8655534832e+01 0.0000000000e+00 0.0000000000e+00 0.0000000000e+00 4.6353234808e+00
422.00000000 1.8657189143e+01 2.4082864338e-03 0.0000000000e+00 2.4082864338e-03 1.8657190034e+01 0.0000000000e+00 0.0000000000e+00 0.0000000000e+00 4.6356130268e+00
422.50000000 1.8658847151e+01 2.4089000563e-03 0.0000000000e+00 2.4089000563e-03 1.8658848042e+01 0.0000000000e+00 0.0000000000e+00 0.0000000000e+00 4.6359034029e+00
423.00000000 1.8660507969e+01 2.4095147187e-03 0.0000000000e+00 2.4095147187e-03 1.8660508860e+01 0.0000000000e+00 0.0000000000e+00 0.0000000000e+00 4.6361946119e+00
423.50000000 1.8662171600e+01 2.4101304224e-03 0.0000000000e+00 2.4101304224e-03 1.8662172492e+01 0.0000000000e+00 0.0000000000e+00 0.0000000000e+00 4.6364866568e+00
424.00000000 1.8663838049e+01 2.4107471688e-03 0.0000000000e+00 2.4107471688e-03 1.8663838941e+01 0.0000000000e+00 0.0000000000e+00 0.0000000000e+00 4.6367795407e+00
424.50000000 1.8665507318e+01 2.4113649591e-03 0.0000000000e+00 2.4113649591e-03 1.8665508211e+01 0.0000000000e+00 0.0000000000e+00 0.0000000000e+00 4.6370732665e+00
425.00000000 1.8667179412e+01 2.4119837948e-03 0.0000000000e+00 2.4119837948e-03 1.8667180305e+01 0.0000000000e+00 0.0000000000e+00 0.0000000000e+00 4.6373678373e+00
425.50000000 1.8668854335e+01 2.4126036773e-03 0.0000000000e+00 2.4126036773e-03 1.8668855228e+01 0.0000000000e+00 0.0000000000e+00 0.0000000000e+00 4.6376632561e+00
426.00000000 1.8670532089e+01 2.4132246078e-03 0.0000000000e+00 2.4132246078e-03 1.8670532982e+01 0.0000000000e+00 0.0000000000e+00 0.0000000000e+00 4.6379595259e+00
426.50000000 1.8672212679e+01 2.4138465878e-03 0.0000000000e+00 2.4138465878e-03 1.8672213572e+01 0.0000000000e+00 0.0000000000e+00 0.0000000000e+00 4.6382566499e+00
427.00000000 1.8673896108e+01 2.4144696187e-03 0.0000000000e+00 2.4144696187e-03 1.8673897002e+01 0.0000000000e+00 0.0000000000e+00 0.0000000000e+00 4.6385546310e+00
427.50000000 1.8675582381e+01 2.4150937017e-03 0.0000000000e+00 2.4150937017e-03 1.8675583275e+01 0.0000000000e+00 0.0000000000e+00 0.0000000000e+00 4.6388534725e+00
428.00000000 1.8677271500e+01 2.4157188384e-03 0.0000000000e+00 2.4157188384e-03 1.8677272394e+01 0.0000000000e+00 0.0000000000e+00 0.0000000000e+00 4.6391531774e+00
428.50000000 1.8678963470e+01 2.4163450301e-03 0.0000000000e+00 2.4163450301e-03 1.8678964364e+01 0.0000000000e+00 0.0000000000e+00 0.0000000000e+00 4.6394537488e+00
429.00000000 1.8680658294e+01 2.4169722781e-03 0.0000000000e+00 2.4169722781e-03 1.8680659189e+01 0.0000000000e+00 0.0000000000e+00 0.0000000000e+00 4.6397551899e+00
429.50000000 1.8682355977e+01 2.4176005839e-03 0.0000000000e+00 2.4176005839e-03 1.8682356871e+01 0.0000000000e+00 0.0000000000e+00 0.0000000000e+00 4.6400575039e+00
430.00000000 1.8684056521e+01 2.4182299489e-03 0.0000000000e+00 2.4182299489e-03 1.8684057416e+01 0.0000000000e+00 0.0000000000e+00 0.0000000000e+00 4.6403606939e+00
430.50000000 1.8685759931e+01 2.4188603745e-03 0.0000000000e+00 2.4188603745e-03 1.8685760826e+01 0.0000000000e+00 0.0000000000e+00 0.0000000000e+00 4.6406647631e+00
431.00000000 1.8687466210e+01 2.4194918620e-03 0.0000000000e+00 2.4194918620e-03 1.8687467105e+01 0.0000000000e+00 0.0000000000e+00 0.0000000000e+00 4.6409697147e+00
431.50000000 1.8689175362e+01 2.4201244129e-03 0.0000000000e+00 2.4201244129e-03 1.8689176258e+01 0.0000000000e+00 0.0000000000e+00 0.0000000000e+00 4.6412755520e+00
432.00000000 1.8690887392e+01 2.4207580286e-03 0.0000000000e+00 2.4207580286e-03 1.8690888288e+01 0.0000000000e+00 0.0000000000e+00 0.0000000000e+00 4.6415822783e+00
432.50000000 1.8692602303e+01 2.4213927105e-03 0.0000000000e+00 2.4213927105e-03 1.8692603199e+01 0.0000000000e+00 0.0000000000e+00 0.0000000000e+00 4.6418898967e+00
433.00000000 1.8694320098e+01 2.4220284601e-03 0.0000000000e+00 2.4220284601e-03 1.8694320994e+01 0.0000000000e+00 0.0000000000e+00 0.0000000000e+00 4.6421984105e+00
433.50000000 1.8696040782e+01 2.4226652786e-03 0.0000000000e+00 2.4226652786e-03 1.8696041678e+01 0.0000000000e+00 0.0000000000e+00 0.0000000000e+00 4.6425078231e+00
434.00000000 1.8697764358e+01 2.4233031676e-03 0.0000000000e+00 2.4233031676e-03 1.8697765254e+01 0.0000000000e+00 0.0000000000e+00 0.0000000000e+00 4.6428181378e+00
434.50000000 1.8699490830e+01 2.4239421285e-03 0.0000000000e+00 2.4239421285e-03 1.8699491727e+01 0.0000000000e+00 0.0000000000e+00 0.0000000000e+00 4.6431293578e+00
435.00000000 1.8701220202e+01 2.4245821627e-03 0.0000000000e+00 2.4245821627e-03 1.8701221100e+01 0.0000000000e+00 0.0000000000e+00 0.0000000000e+00 4.6434414865e+00
435.50000000 1.8702952479e+01 2.4252232717e-03 0.0000000000e+00 2.4252232717e-03 1.8702953376e+01 0.0000000000e+00 0.0000000000e+00 0.0000000000e+00 4.6437545274e+00
436.00000000 1.8704687663e+01 2.4258654569e-03 0.0000000000e+00 2.4258654569e-03 1.8704688561e+01 0.0000000000e+00 0.0000000000e+00 0.0000000000e+00 4.6440684837e+00
436.50000000 1.8706425759e+01 2.4265087197e-03 0.0000000000e+00 2.4265087197e-03 1.8706426657e+01 0.0000000000e+00 0.0000000000e+00 0.0000000000e+00 4.6443833589e+00
437.00000000 1.8708166771e+01 2.4271530615e-03 0.0000000000e+00 2.4271530615e-03 1.8708167669e+01 0.0000000000e+00 0.0000000000e+00 0.0000000000e+00 4.6446991564e+00
437.50000000 1.8709910702e+01 2.4277984839e-03 0.0000000000e+00 2.4277984839e-03 1.8709911601e+01 0.0000000000e+00 0.0000000000e+00 0.0000000000e+00 4.6450158796e+00
438.00000000 1.8711657557e+01 2.4284449882e-03 0.0000000000e+00 2.4284449882e-03 1.8711658456e+01 0.0000000000e+00 0.0000000000e+00 0.0000000000e+00 4.6453335320e+00
438.50000000 1.8713407339e+01 2.4290925760e-03 0.0000000000e+00 2.4290925760e-03 1.8713408238e+01 0.0000000000e+00 0.0000000000e+00 0.0000000000e+00 4.6456521170e+00
439.00000000 1.8715160053e+01 2.4297412487e-03 0.0000000000e+00 2.4297412487e-03 1.8715160952e+01 0.0000000000e+00 0.0000000000e+00 0.0000000000e+00 4.6459716382e+00
439.50000000 1.8716915701e+01 2.4303910077e-03 0.0000000000e+00 2.4303910077e-03 1.8716916601e+01 0.0000000000e+00 0.0000000000e+00 0.0000000000e+00 4.6462920990e+00
440.00000000 1.8718674290e+01 2.4310418545e-03 0.0000000000e+00 2.4310418545e-03 1.8718675189e+01 0.0000000000e+00 0.0000000000e+00 0.0000000000e+00 4.6466135030e+00
440.50000000 1.8720435821e+01 2.4316937906e-03 0.0000000000e+00 2.4316937906e-03 1.8720436721e+01 0.0000000000e+00 0.0000000000e+00 0.0000000000e+00 4.6469358537e+00
441.00000000 1.8722200299e+01 2.4323468174e-03 0.0000000000e+00 2.4323468174e-03 1.8722201200e+01 0.0000000000e+00 0.0000000000e+00 0.0000000000e+00 4.6472591547e+00
441.50000000 1.8723967729e+01 2.4330009365e-03 0.0000000000e+00 2.4330009365e-03 1.8723968630e+01 0.0000000000e+00 0.0000000000e+00 0.0000000000e+00 4.6475834095e+00
442.00000000 1.8725738114e+01 2.4336561493e-03 0.0000000000e+00 2.4336561493e-03 1.8725739015e+01 0.0000000000e+00 0.0000000000e+00 0.0000000000e+00 4.6479086218e+00
442.50000000 1.8727511458e+01 2.4343124573e-03 0.0000000000e+00 2.4343124573e-03 1.8727512359e+01 0.0000000000e+00 0.0000000000e+00 0.0000000000e+00 4.6482347951e+00
443.00000000 1.8729287766e+01 2.4349698619e-03 0.0000000000e+00 2.4349698619e-03 1.8729288667e+01 0.0000000000e+00 0.0000000000e+00 0.0000000000e+00 4.6485619332e+00
443.50000000 1.8731067040e+01 2.4356283647e-03 0.0000000000e+00 2.4356283647e-03 1.8731067942e+01 0.0000000000e+00 0.0000000000e+00 0.0000000000e+00 4.6488900396e+00
444.00000000 1.8732849286e+01 2.4362879672e-03 0.0000000000e+00 2.4362879672e-03 1.8732850188e+01 0.0000000000e+00 0.0000000000e+00 0.0000000000e+00 4.6492191181e+00
444.50000000 1.8734634507e+01 2.4369486709e-03 0.0000000000e+00 2.4369486709e-03 1.8734635409e+01 0.0000000000e+00 0.0000000000e+00 0.0000000000e+00 4.6495491723e+00
445.00000000 1.8736422708e+01 2.4376104771e-03 0.0000000000e+00 2.4376104771e-03 1.8736423610e+01 0.0000000000e+00 0.0000000000e+00 0.0000000000e+00 4.6498802059e+00
445.50000000 1.8738213892e+01 2.4382733876e-03 0.0000000000e+00 2.4382733876e-03 1.8738214794e+01 0.0000000000e+00 0.0000000000e+00 0.0000000000e+00 4.6502122228e+00
446.00000000 1.8740008064e+01 2.4389374037e-03 0.0000000000e+00 2.4389374037e-03 1.8740008966e+01 0.0000000000e+00 0.0000000000e+00 0.0000000000e+00 4.6505452266e+00
446.50000000 1.8741805227e+01 2.4396025271e-03 0.0000000000e+00 2.4396025271e-03 1.8741806130e+01 0.0000000000e+00 0.0000000000e+00 0.0000000000e+00 4.6508792212e+00
447.00000000 1.8743605386e+01 2.4402687591e-03 0.0000000000e+00 2.4402687591e-03 1.8743606289e+01 0.0000000000e+00 0.0000000000e+00 0.0000000000e+00 4.6512142102e+00
447.50000000 1.8745408545e+01 2.4409361013e-03 0.0000000000e+00 2.4409361013e-03 1.8745409448e+01 0.0000000000e+00 0.0000000000e+00 0.0000000000e+00 4.6515501976e+00
448.00000000 1.8747214707e+01 2.4416045553e-03 0.0000000000e+00 2.4416045553e-03 1.8747215611e+01 0.0000000000e+00 0.0000000000e+00 0.0000000000e+00 4.6518871872e+00
448.50000000 1.8749023878e+01 2.4422741226e-03 0.0000000000e+00 2.4422741226e-03 1.8749024782e+01 0.0000000000e+00 0.0000000000e+00 0.0000000000e+00 4.6522251828e+00
449.00000000 1.8750836061e+01 2.4429448046e-03 0.0000000000e+00 2.4429448046e-03 1.8750836965e+01 0.0000000000e+00 0.0000000000e+00 0.0000000000e+00 4.6525641883e+00
449.50000000 1.8752651260e+01 2.4436166030e-03 0.0000000000e+00 2.4436166030e-03 1.8752652164e+01 0.0000000000e+00 0.0000000000e+00 0.0000000000e+00 4.6529042076e+00
450.00000000 1.8754469480e+01 2.4442895193e-03 0.0000000000e+00 2.4442895193e-03 1.8754470384e+01 0.0000000000e+00 0.0000000000e+00 0.0000000000e+00 4.6532452446e+00
450.50000000 1.8756290724e+01 2.4449635550e-03 0.0000000000e+00 2.4449635550e-03 1.8756291629e+01 0.0000000000e+00 0.0000000000e+00 0.0000000000e+00 4.6535873033e+00
451.00000000 1.8758114998e+01 2.4456387116e-03 0.0000000000e+00 2.4456387116e-03 1.8758115903e+01 0.0000000000e+00 0.0000000000e+00 0.0000000000e+00 4.6539303876e+00
451.50000000 1.8759942304e+01 2.4463149908e-03 0.0000000000e+00 2.4463149908e-03 1.8759943209e+01 0.0000000000e+00 0.0000000000e+00 0.0000000000e+00 4.6542745016e+00
452.00000000 1.8761772647e+01 2.4469923940e-03 0.0000000000e+00 2.4469923940e-03 1.8761773553e+01 0.0000000000e+00 0.0000000000e+00 0.0000000000e+00 4.6546196491e+00
452.50000000 1.8763606032e+01 2.4476709229e-03 0.0000000000e+00 2.4476709229e-03 1.8763606938e+01 0.0000000000e+00 0.0000000000e+00 0.0000000000e+00 4.6549658343e+00
453.00000000 1.8765442463e+01 2.4483505789e-03 0.0000000000e+00 2.4483505789e-03 1.8765443369e+01 0.0000000000e+00 0.0000000000e+00 0.0000000000e+00 4.6553130612e+00
453.50000000 1.8767281943e+01 2.4490313637e-03 0.0000000000e+00 2.4490313637e-03 1.8767282850e+01 0.0000000000e+00 0.0000000000e+00 0.0000000000e+00 4.6556613339e+00
454.00000000 1.8769124478e+01 2.4497132787e-03 0.0000000000e+00 2.4497132787e-03 1.8769125385e+01 0.0000000000e+00 0.0000000000e+00 0.0000000000e+00 4.6560106564e+00
454.50000000 1.8770970071e+01 2.4503963257e-03 0.0000000000e+00 2.4503963257e-03 1.8770970978e+01 0.0000000000e+00 0.0000000000e+00 0.0000000000e+00 4.6563610329e+00
455.00000000 1.8772818726e+01 2.4510805062e-03 0.0000000000e+00 2.4510805062e-03 1.8772819634e+01 0.0000000000e+00 0.0000000000e+00 0.0000000000e+00 4.6567124674e+00
455.50000000 1.8774670449e+01 2.4517658216e-03 0.0000000000e+00 2.4517658216e-03 1.8774671356e+01 0.0000000000e+00 0.0000000000e+00 0.0000000000e+00 4.6570649643e+00
456.00000000 1.8776525242e+01 2.4524522738e-03 0.0000000000e+00 2.4524522738e-03 1.8776526150e+01 0.0000000000e+00 0.0000000000e+00 0.0000000000e+00 4.6574185276e+00
456.50000000 1.8778383111e+01 2.4531398641e-03 0.0000000000e+00 2.4531398641e-03 1.8778384019e+01 0.0000000000e+00 0.0000000000e+00 0.0000000000e+00 4.6577731615e+00
457.00000000 1.8780244060e+01 2.4538285942e-03 0.0000000000e+00 2.4538285942e-03 1.8780244968e+01 0.0000000000e+00 0.0000000000e+00 0.0000000000e+00 4.6581288704e+00
457.50000000 1.8782108093e+01 2.4545184657e-03 0.0000000000e+00 2.4545184657e-03 1.8782109002e+01 0.0000000000e+00 0.0000000000e+00 0.0000000000e+00 4.6584856583e+00
458.00000000 1.8783975214e+01 2.4552094803e-03 0.0000000000e+00 2.4552094803e-03 1.8783976123e+01 0.0000000000e+00 0.0000000000e+00 0.0000000000e+00 4.6588435297e+00
458.50000000 1.8785845428e+01 2.4559016394e-03 0.0000000000e+00 2.4559016394e-03 1.8785846337e+01 0.0000000000e+00 0.0000000000e+00 0.0000000000e+00 4.6592024888e+00
459.00000000 1.8787718739e+01 2.4565949448e-03 0.0000000000e+00 2.4565949448e-03 1.8787719649e+01 0.0000000000e+00 0.0000000000e+00 0.0000000000e+00 4.6595625399e+00
459.50000000 1.8789595152e+01 2.4572893979e-03 0.0000000000e+00 2.4572893979e-03 1.8789596061e+01 0.0000000000e+00 0.0000000000e+00 0.0000000000e+00 4.6599236874e+00
460.00000000 1.8791474670e+01 2.4579850006e-03 0.0000000000e+00 2.4579850006e-03 1.8791475580e+01 0.0000000000e+00 0.0000000000e+00 0.0000000000e+00 4.6602859357e+00
460.50000000 1.8793357299e+01 2.4586817542e-03 0.0000000000e+00 2.4586817542e-03 1.8793358209e+01 0.0000000000e+00 0.0000000000e+00 0.0000000000e+00 4.6606492890e+00
461.00000000 1.8795243042e+01 2.4593796606e-03 0.0000000000e+00 2.4593796606e-03 1.8795243952e+01 0.0000000000e+00 0.0000000000e+00 0.0000000000e+00 4.6610137520e+00
461.50000000 1.8797131903e+01 2.4600787212e-03 0.0000000000e+00 2.4600787212e-03 1.8797132814e+01 0.0000000000e+00 0.0000000000e+00 0.0000000000e+00 4.6613793289e+00
462.00000000 1.8799023889e+01 2.4607789378e-03 0.0000000000e+00 2.4607789378e-03 1.8799024799e+01 0.0000000000e+00 0.0000000000e+00 0.0000000000e+00 4.6617460243e+00
462.50000000 1.8800919002e+01 2.4614803120e-03 0.0000000000e+00 2.4614803120e-03 1.8800919913e+01 0.0000000000e+00 0.0000000000e+00 0.0000000000e+00 4.6621138427e+00
463.00000000 1.8802817247e+01 2.4621828453e-03 0.0000000000e+00 2.4621828453e-03 1.8802818158e+01 0.0000000000e+00 0.0000000000e+00 0.0000000000e+00 4.6624827885e+00
463.50000000 1.8804718629e+01 2.4628865396e-03 0.0000000000e+00 2.4628865396e-03 1.8804719540e+01 0.0000000000e+00 0.0000000000e+00 0.0000000000e+00 4.6628528664e+00
464.00000000 1.8806623151e+01 2.4635913963e-03 0.0000000000e+00 2.4635913963e-03 1.8806624063e+01 0.0000000000e+00 0.0000000000e+00 0.0000000000e+00 4.6632240809e+00
464.50000000 1.8808530820e+01 2.4642974172e-03 0.0000000000e+00 2.4642974172e-03 1.8808531732e+01 0.0000000000e+00 0.0000000000e+00 0.0000000000e+00 4.6635964365e+00
465.00000000 1.8810441638e+01 2.4650046038e-03 0.0000000000e+00 2.4650046038e-03 1.8810442551e+01 0.0000000000e+00 0.0000000000e+00 0.0000000000e+00 4.6639699379e+00
465.50000000 1.8812355611e+01 2.4657129580e-03 0.0000000000e+00 2.4657129580e-03 1.8812356524e+01 0.0000000000e+00 0.0000000000e+00 0.0000000000e+00 4.6643445898e+00
466.00000000 1.8814272743e+01 2.4664224813e-03 0.0000000000e+00 2.4664224813e-03 1.8814273656e+01 0.0000000000e+00 0.0000000000e+00 0.0000000000e+00 4.6647203968e+00
466.50000000 1.8816193038e+01 2.4671331753e-03 0.0000000000e+00 2.4671331753e-03 1.8816193952e+01 0.0000000000e+00 0.0000000000e+00 0.0000000000e+00 4.6650973636e+00
467.00000000 1.8818116502e+01 2.4678450419e-03 0.0000000000e+00 2.4678450419e-03 1.8818117415e+01 0.0000000000e+00 0.0000000000e+00 0.0000000000e+00 4.6654754950e+00
467.50000000 1.8820043138e+01 2.4685580826e-03 0.0000000000e+00 2.4685580826e-03 1.8820044051e+01 0.0000000000e+00 0.0000000000e+00 0.0000000000e+00 4.6658547956e+00
468.00000000 1.8821972951e+01 2.4692722991e-03 0.0000000000e+00 2.4692722991e-03 1.8821973865e+01 0.0000000000e+00 0.0000000000e+00 0.0000000000e+00 4.6662352703e+00
468.50000000 1.8823905945e+01 2.4699876931e-03 0.0000000000e+00 2.4699876931e-03 1.8823906860e+01 0.0000000000e+00 0.0000000000e+00 0.0000000000e+00 4.6666169239e+00
469.00000000 1.8825842126e+01 2.4707042663e-03 0.0000000000e+00 2.4707042663e-03 1.8825843041e+01 0.0000000000e+00 0.0000000000e+00 0.0000000000e+00 4.6669997612e+00
469.50000000 1.8827781498e+01 2.4714220204e-03 0.0000000000e+00 2.4714220204e-03 1.8827782412e+01 0.0000000000e+00 0.0000000000e+00 0.0000000000e+00 4.6673837870e+00
470.00000000 1.8829724065e+01 2.4721409570e-03 0.0000000000e+00 2.4721409570e-03 1.8829724980e+01 0.0000000000e+00 0.0000000000e+00 0.0000000000e+00 4.6677690063e+00
470.50000000 1.8831669831e+01 2.4728610780e-03 0.0000000000e+00 2.4728610780e-03 1.8831670747e+01 0.0000000000e+00 0.0000000000e+00 0.0000000000e+00 4.6681554240e+00
471.00000000 1.8833618803e+01 2.4735823849e-03 0.0000000000e+00 2.4735823849e-03 1.8833619718e+01 0.0000000000e+00 0.0000000000e+00 0.0000000000e+00 4.6685430449e+00
471.50000000 1.8835570983e+01 2.4743048796e-03 0.0000000000e+00 2.4743048796e-03 1.8835571899e+01 0.0000000000e+00 0.0000000000e+00 0.0000000000e+00 4.6689318741e+00
472.00000000 1.8837526378e+01 2.4750285636e-03 0.0000000000e+00 2.4750285636e-03 1.8837527294e+01 0.0000000000e+00 0.0000000000e+00 0.0000000000e+00 4.6693219166e+00
472.50000000 1.8839484990e+01 2.4757534388e-03 0.0000000000e+00 2.4757534388e-03 1.8839485907e+01 0.0000000000e+00 0.0000000000e+00 0.0000000000e+00 4.6697131774e+00
473.00000000 1.8841446826e+01 2.4764795068e-03 0.0000000000e+00 2.4764795068e-03 1.8841447743e+01 0.0000000000e+00 0.0000000000e+00 0.0000000000e+00 4.6701056615e+00
473.50000000 1.8843411890e+01 2.4772067694e-03 0.0000000000e+00 2.4772067694e-03 1.8843412806e+01 0.0000000000e+00 0.0000000000e+00 0.0000000000e+00 4.6704993741e+00
474.00000000 1.8845380185e+01 2.4779352283e-03 0.0000000000e+00 2.4779352283e-03 1.8845381103e+01 0.0000000000e+00 0.0000000000e+00 0.0000000000e+00 4.6708943202e+00
474.50000000 1.8847351718e+01 2.4786648852e-03 0.0000000000e+00 2.4786648852e-03 1.8847352636e+01 0.0000000000e+00 0.0000000000e+00 0.0000000000e+00 4.6712905050e+00
475.00000000 1.8849326493e+01 2.4793957419e-03 0.0000000000e+00 2.4793957419e-03 1.8849327411e+01 0.0000000000e+00 0.0000000000e+00 0.0000000000e+00 4.6716879337e+00
475.50000000 1.8851304515e+01 2.4801278001e-03 0.0000000000e+00 2.4801278001e-03 1.8851305432e+01 0.0000000000e+00 0.0000000000e+00 0.0000000000e+00 4.6720866114e+00
476.00000000 1.8853285787e+01 2.4808610616e-03 0.0000000000e+00 2.4808610616e-03 1.8853286705e+01 0.0000000000e+00 0.0000000000e+00 0.0000000000e+00 4.6724865435e+00
476.50000000 1.8855270316e+01 2.4815955280e-03 0.0000000000e+00 2.4815955280e-03 1.8855271234e+01 0.0000000000e+00 0.0000000000e+00 0.0000000000e+00 4.6728877351e+00
477.00000000 1.8857258105e+01 2.4823312013e-03 0.0000000000e+00 2.4823312013e-03 1.8857259023e+01 0.0000000000e+00 0.0000000000e+00 0.0000000000e+00 4.6732901915e+00
477.50000000 1.8859249159e+01 2.4830680831e-03 0.0000000000e+00 2.4830680831e-03 1.8859250078e+01 0.0000000000e+00 0.0000000000e+00 0.0000000000e+00 4.6736939182e+00
478.00000000 1.8861243484e+01 2.4838061752e-03 0.0000000000e+00 2.4838061752e-03 1.8861244403e+01 0.0000000000e+00 0.0000000000e+00 0.0000000000e+00 4.6740989203e+00
478.50000000 1.8863241084e+01 2.4845454793e-03 0.0000000000e+00 2.4845454793e-03 1.8863242003e+01 0.0000000000e+00 0.0000000000e+00 0.0000000000e+00 4.6745052034e+00
479.00000000 1.8865241963e+01 2.4852859973e-03 0.0000000000e+00 2.4852859973e-03 1.8865242883e+01 0.0000000000e+00 0.0000000000e+00 0.0000000000e+00 4.6749127728e+00
479.50000000 1.8867246128e+01 2.4860277309e-03 0.0000000000e+00 2.4860277309e-03 1.8867247048e+01 0.0000000000e+00 0.0000000000e+00 0.0000000000e+00 4.6753216340e+00
480.00000000 1.8869253581e+01 2.4867706819e-03 0.0000000000e+00 2.4867706819e-03 1.8869254502e+01 0.0000000000e+00 0.0000000000e+00 0.0000000000e+00 4.6757317924e+00
480.50000000 1.8871264329e+01 2.4875148521e-03 0.0000000000e+00 2.4875148521e-03 1.8871265250e+01 0.0000000000e+00 0.0000000000e+00 0.0000000000e+00 4.6761432537e+00
481.00000000 1.8873278376e+01 2.4882602432e-03 0.0000000000e+00 2.4882602432e-03 1.8873279297e+01 0.0000000000e+00 0.0000000000e+00 0.0000000000e+00 4.6765560232e+00
481.50000000 1.8875295727e+01 2.4890068571e-03 0.0000000000e+00 2.4890068571e-03 1.8875296648e+01 0.0000000000e+00 0.0000000000e+00 0.0000000000e+00 4.6769701066e+00
482.00000000 1.8877316386e+01 2.4897546956e-03 0.0000000000e+00 2.4897546956e-03 1.8877317308e+01 0.0000000000e+00 0.0000000000e+00 0.0000000000e+00 4.6773855096e+00
482.50000000 1.8879340359e+01 2.4905037604e-03 0.0000000000e+00 2.4905037604e-03 1.8879341281e+01 0.0000000000e+00 0.0000000000e+00 0.0000000000e+00 4.6778022377e+00
483.00000000 1.8881367651e+01 2.4912540534e-03 0.0000000000e+00 2.4912540534e-03 1.8881368573e+01 0.0000000000e+00 0.0000000000e+00 0.0000000000e+00 4.6782202966e+00
483.50000000 1.8883398266e+01 2.4920055764e-03 0.0000000000e+00 2.4920055764e-03 1.8883399189e+01 0.0000000000e+00 0.0000000000e+00 0.0000000000e+00 4.6786396920e+00
484.00000000 1.8885432210e+01 2.4927583313e-03 0.0000000000e+00 2.4927583313e-03 1.8885433132e+01 0.0000000000e+00 0.0000000000e+00 0.0000000000e+00 4.6790604297e+00
484.50000000 1.8887469487e+01 2.4935123197e-03 0.0000000000e+00 2.4935123197e-03 1.8887470409e+01 0.0000000000e+00 0.0000000000e+00 0.0000000000e+00 4.6794825154e+00
485.00000000 1.8889510102e+01 2.4942675436e-03 0.0000000000e+00 2.4942675436e-03 1.8889511025e+01 0.0000000000e+00 0.0000000000e+00 0.0000000000e+00 4.6799059550e+00
485.50000000 1.8891554060e+01 2.4950240048e-03 0.0000000000e+00 2.4950240048e-03 1.8891554983e+01 0.0000000000e+00 0.0000000000e+00 0.0000000000e+00 4.6803307543e+00
486.00000000 1.8893601366e+01 2.4957817051e-03 0.0000000000e+00 2.4957817051e-03 1.8893602290e+01 0.0000000000e+00 0.0000000000e+00 0.0000000000e+00 4.6807569192e+00
486.50000000 1.8895652025e+01 2.4965406464e-03 0.0000000000e+00 2.4965406464e-03 1.8895652949e+01 0.0000000000e+00 0.0000000000e+00 0.0000000000e+00 4.6811844556e+00
487.00000000 1.8897706043e+01 2.4973008304e-03 0.0000000000e+00 2.4973008304e-03 1.8897706967e+01 0.0000000000e+00 0.0000000000e+00 0.0000000000e+00 4.6816133694e+00
487.50000000 1.8899763423e+01 2.4980622592e-03 0.0000000000e+00 2.4980622592e-03 1.8899764348e+01 0.0000000000e+00 0.0000000000e+00 0.0000000000e+00 4.6820436667e+00
488.00000000 1.8901824172e+01 2.4988249344e-03 0.0000000000e+00 2.4988249344e-03 1.8901825096e+01 0.0000000000e+00 0.0000000000e+00 0.0000000000e+00 4.6824753534e+00
488.50000000 1.8903888293e+01 2.4995888580e-03 0.0000000000e+00 2.4995888580e-03 1.8903889218e+01 0.0000000000e+00 0.0000000000e+00 0.0000000000e+00 4.6829084356e+00
489.00000000 1.8905955793e+01 2.5003540319e-03 0.0000000000e+00 2.5003540319e-03 1.8905956718e+01 0.0000000000e+00 0.0000000000e+00 0.0000000000e+00 4.6833429194e+00
489.50000000 1.8908026676e+01 2.5011204578e-03 0.0000000000e+00 2.5011204578e-03 1.8908027601e+01 0.0000000000e+00 0.0000000000e+00 0.0000000000e+00 4.6837788109e+00
490.00000000 1.8910100947e+01 2.5018881377e-03 0.0000000000e+00 2.5018881377e-03 1.8910101873e+01 0.0000000000e+00 0.0000000000e+00 0.0000000000e+00 4.6842161163e+00
490.50000000 1.8912178611e+01 2.5026570735e-03 0.0000000000e+00 2.5026570735e-03 1.8912179537e+01 0.0000000000e+00 0.0000000000e+00 0.0000000000e+00 4.6846548419e+00
491.00000000 1.8914259674e+01 2.5034272669e-03 0.0000000000e+00 2.5034272669e-03 1.8914260601e+01 0.0000000000e+00 0.0000000000e+00 0.0000000000e+00 4.6850949937e+00
491.50000000 1.8916344140e+01 2.5041987200e-03 0.0000000000e+00 2.5041987200e-03 1.8916345067e+01 0.0000000000e+00 0.0000000000e+00 0.0000000000e+00 4.6855365782e+00
492.00000000 1.8918432015e+01 2.5049714346e-03 0.0000000000e+00 2.5049714346e-03 1.8918432942e+01 0.0000000000e+00 0.0000000000e+00 0.0000000000e+00 4.6859796016e+00
492.50000000 1.8920523304e+01 2.5057454126e-03 0.0000000000e+00 2.5057454126e-03 1.8920524231e+01 0.0000000000e+00 0.0000000000e+00 0.0000000000e+00 4.6864240702e+00
493.00000000 1.8922618011e+01 2.5065206560e-03 0.0000000000e+00 2.5065206560e-03 1.8922618939e+01 0.0000000000e+00 0.0000000000e+00 0.0000000000e+00 4.6868699906e+00
493.50000000 1.8924716142e+01 2.5072971665e-03 0.0000000000e+00 2.5072971665e-03 1.8924717070e+01 0.0000000000e+00 0.0000000000e+00 0.0000000000e+00 4.6873173691e+00
494.00000000 1.8926817703e+01 2.5080749461e-03 0.0000000000e+00 2.5080749461e-03 1.8926818631e+01 0.0000000000e+00 0.0000000000e+00 0.0000000000e+00 4.6877662121e+00
494.50000000 1.8928922698e+01 2.5088539967e-03 0.0000000000e+00 2.5088539967e-03 1.8928923626e+01 0.0000000000e+00 0.0000000000e+00 0.0000000000e+00 4.6882165262e+00
495.00000000 1.8931031132e+01 2.5096343203e-03 0.0000000000e+00 2.5096343203e-03 1.8931032061e+01 0.0000000000e+00 0.0000000000e+00 0.0000000000e+00 4.6886683179e+00
495.50000000 1.8933143011e+01 2.5104159188e-03 0.0000000000e+00 2.5104159188e-03 1.8933143940e+01 0.0000000000e+00 0.0000000000e+00 0.0000000000e+00 4.6891215939e+00
496.00000000 1.8935258340e+01 2.5111987941e-03 0.0000000000e+00 2.5111987941e-03 1.8935259270e+01 0.0000000000e+00 0.0000000000e+00 0.0000000000e+00 4.6895763607e+00
496.50000000 1.8937377125e+01 2.5119829481e-03 0.0000000000e+00 2.5119829481e-03 1.8937378054e+01 0.0000000000e+00 0.0000000000e+00 0.0000000000e+00 4.6900326250e+00
497.00000000 1.8939499369e+01 2.5127683828e-03 0.0000000000e+00 2.5127683828e-03 1.8939500299e+01 0.0000000000e+00 0.0000000000e+00 0.0000000000e+00 4.6904903936e+00
497.50000000 1.8941625079e+01 2.5135551001e-03 0.0000000000e+00 2.5135551001e-03 1.8941626010e+01 0.0000000000e+00 0.0000000000e+00 0.0000000000e+00 4.6909496732e+00
498.00000000 1.8943754260e+01 2.5143431020e-03 0.0000000000e+00 2.5143431020e-03 1.8943755191e+01 0.0000000000e+00 0.0000000000e+00 0.0000000000e+00 4.6914104705e+00
498.50000000 1.8945886918e+01 2.5151323904e-03 0.0000000000e+00 2.5151323904e-03 1.8945887848e+01 0.0000000000e+00 0.0000000000e+00 0.0000000000e+00 4.6918727924e+00
499.00000000 1.8948023056e+01 2.5159229673e-03 0.0000000000e+00 2.5159229673e-03 1.8948023987e+01 0.0000000000e+00 0.0000000000e+00 0.0000000000e+00 4.6923366458e+00
499.50000000 1.8950162682e+01 2.5167148346e-03 0.0000000000e+00 2.5167148346e-03 1.8950163613e+01 0.0000000000e+00 0.0000000000e+00 0.0000000000e+00 4.6928020376e+00
500.00000000 1.8952305799e+01 2.5175079943e-03 0.0000000000e+00 2.5175079943e-03 1.8952306731e+01 0.0000000000e+00 0.0000000000e+00 0.0000000000e+00 4.6932689747e+00
500.50000000 1.8954452414e+01 2.5183024484e-03 0.0000000000e+00 2.5183024484e-03 1.8954453346e+01 0.0000000000e+00 0.0000000000e+00 0.0000000000e+00 4.6937374643e+00
501.00000000 1.8956602532e+01 2.5190981989e-03 0.0000000000e+00 2.5190981989e-03 1.8956603464e+01 0.0000000000e+00 0.0000000000e+00 0.0000000000e+00 4.6942075132e+00
501.50000000 1.8958756158e+01 2.5198952477e-03 0.0000000000e+00 2.5198952477e-03 1.8958757091e+01 0.0000000000e+00 0.0000000000e+00 0.0000000000e+00 4.6946791287e+00
502.00000000 1.8960913297e+01 2.5206935968e-03 0.0000000000e+00 2.5206935968e-03 1.8960914230e+01 0.0000000000e+00 0.0000000000e+00 0.0000000000e+00 4.6951523178e+00
502.50000000 1.8963073956e+01 2.5214932483e-03 0.0000000000e+00 2.5214932483e-03 1.8963074889e+01 0.0000000000e+00 0.0000000000e+00 0.0000000000e+00 4.6956270877e+00
503.00000000 1.8965238138e+01 2.5222942040e-03 0.0000000000e+00 2.5222942040e-03 1.8965239071e+01 0.0000000000e+00 0.0000000000e+00 0.0000000000e+00 4.6961034457e+00
503.50000000 1.8967405850e+01 2.5230964661e-03 0.0000000000e+00 2.5230964661e-03 1.8967406784e+01 0.0000000000e+00 0.0000000000e+00 0.0000000000e+00 4.6965813989e+00
504.00000000 1.8969577097e+01 2.5239000365e-03 0.0000000000e+00 2.5239000365e-03 1.8969578032e+01 0.0000000000e+00 0.0000000000e+00 0.0000000000e+00 4.6970609549e+00
504.50000000 1.8971751885e+01 2.5247049173e-03 0.0000000000e+00 2.5247049173e-03 1.8971752820e+01 0.0000000000e+00 0.0000000000e+00 0.0000000000e+00 4.6975421208e+00
505.00000000 1.8973930219e+01 2.5255111104e-03 0.0000000000e+00 2.5255111104e-03 1.8973931154e+01 0.0000000000e+00 0.0000000000e+00 0.0000000000e+00 4.6980249041e+00
505.50000000 1.8976112104e+01 2.5263186179e-03 0.0000000000e+00 2.5263186179e-03 1.8976113039e+01 0.0000000000e+00 0.0000000000e+00 0.0000000000e+00 4.6985093123e+00
506.00000000 1.8978297547e+01 2.5271274419e-03 0.0000000000e+00 2.5271274419e-03 1.8978298482e+01 0.0000000000e+00 0.0000000000e+00 0.0000000000e+00 4.6989953528e+00
506.50000000 1.8980486551e+01 2.5279375842e-03 0.0000000000e+00 2.5279375842e-03 1.8980487487e+01 0.0000000000e+00 0.0000000000e+00 0.0000000000e+00 4.6994830332e+00
507.00000000 1.8982679124e+01 2.5287490471e-03 0.0000000000e+00 2.5287490471e-03 1.8982680060e+01 0.0000000000e+00 0.0000000000e+00 0.0000000000e+00 4.6999723611e+00
507.50000000 1.8984875270e+01 2.5295618324e-03 0.0000000000e+00 2.5295618324e-03 1.8984876206e+01 0.0000000000e+00 0.0000000000e+00 0.0000000000e+00 4.7004633442e+00
508.00000000 1.8987074995e+01 2.5303759424e-03 0.0000000000e+00 2.5303759424e-03 1.8987075931e+01 0.0000000000e+00 0.0000000000e+00 0.0000000000e+00 4.7009559901e+00
508.50000000 1.8989278305e+01 2.5311913789e-03 0.0000000000e+00 2.5311913789e-03 1.8989279241e+01 0.0000000000e+00 0.0000000000e+00 0.0000000000e+00 4.7014503065e+00
509.00000000 1.8991485204e+01 2.5320081442e-03 0.0000000000e+00 2.5320081442e-03 1.8991486141e+01 0.0000000000e+00 0.0000000000e+00 0.0000000000e+00 4.7019463014e+00
509.50000000 1.8993695700e+01 2.5328262402e-03 0.0000000000e+00 2.5328262402e-03 1.8993696637e+01 0.0000000000e+00 0.0000000000e+00 0.0000000000e+00 4.7024439824e+00
510.00000000 1.8995909796e+01 2.5336456690e-03 0.0000000000e+00 2.5336456690e-03 1.8995910734e+01 0.0000000000e+00 0.0000000000e+00 0.0000000000e+00 4.7029433575e+00
510.50000000 1.8998127500e+01 2.5344664327e-03 0.0000000000e+00 2.5344664327e-03 1.8998128438e+01 0.0000000000e+00 0.0000000000e+00 0.0000000000e+00 4.7034444347e+00
511.00000000 1.9000348816e+01 2.5352885334e-03 0.0000000000e+00 2.5352885334e-03 1.9000349754e+01 0.0000000000e+00 0.0000000000e+00 0.0000000000e+00 4.7039472219e+00
511.50000000 1.9002573750e+01 2.5361119731e-03 0.0000000000e+00 2.5361119731e-03 1.9002574689e+01 0.0000000000e+00 0.0000000000e+00 0.0000000000e+00 4.7044517271e+00
512.00000000 1.9004802308e+01 2.5369367540e-03 0.0000000000e+00 2.5369367540e-03 1.9004803247e+01 0.0000000000e+00 0.0000000000e+00 0.0000000000e+00 4.7049579585e+00
512.50000000 1.9007034495e+01 2.5377628781e-03 0.0000000000e+00 2.5377628781e-03 1.9007035435e+01 0.0000000000e+00 0.0000000000e+00 0.0000000000e+00 4.7054659242e+00
513.00000000 1.9009270318e+01 2.5385903475e-03 0.0000000000e+00 2.5385903475e-03 1.9009271257e+01 0.0000000000e+00 0.0000000000e+00 0.0000000000e+00 4.7059756324e+00
513.50000000 1.9011509781e+01 2.5394191645e-03 0.0000000000e+00 2.5394191645e-03 1.9011510721e+01 0.0000000000e+00 0.0000000000e+00 0.0000000000e+00 4.7064870913e+00
514.00000000 1.9013752891e+01 2.5402493309e-03 0.0000000000e+00 2.5402493309e-03 1.9013753831e+01 0.0000000000e+00 0.0000000000e+00 0.0000000000e+00 4.7070003093e+00
514.50000000 1.9015999653e+01 2.5410808491e-03 0.0000000000e+00 2.5410808491e-03 1.9016000593e+01 0.0000000000e+00 0.0000000000e+00 0.0000000000e+00 4.7075152947e+00
515.00000000 1.9018250073e+01 2.5419137210e-03 0.0000000000e+00 2.5419137210e-03 1.9018251014e+01 0.0000000000e+00 0.0000000000e+00 0.0000000000e+00 4.7080320559e+00
515.50000000 1.9020504157e+01 2.5427479489e-03 0.0000000000e+00 2.5427479489e-03 1.9020505098e+01 0.0000000000e+00 0.0000000000e+00 0.0000000000e+00 4.7085506013e+00
516.00000000 1.9022761910e+01 2.5435835348e-03 0.0000000000e+00 2.5435835348e-03 1.9022762851e+01 0.0000000000e+00 0.0000000000e+00 0.0000000000e+00 4.7090709396e+00
516.50000000 1.9025023338e+01 2.5444204809e-03 0.0000000000e+00 2.5444204809e-03 1.9025024280e+01 0.0000000000e+00 0.0000000000e+00 0.0000000000e+00 4.7095930792e+00
517.00000000 1.9027288448e+01 2.5452587894e-03 0.0000000000e+00 2.5452587894e-03 1.9027289390e+01 0.0000000000e+00 0.0000000000e+00 0.0000000000e+00 4.7101170289e+00
517.50000000 1.9029557244e+01 2.5460984623e-03 0.0000000000e+00 2.5460984623e-03 1.9029558186e+01 0.0000000000e+00 0.0000000000e+00 0.0000000000e+00 4.7106427972e+00
518.00000000 1.9031829733e+01 2.5469395019e-03 0.0000000000e+00 2.5469395019e-03 1.9031830675e+01 0.0000000000e+00 0.0000000000e+00 0.0000000000e+00 4.7111703930e+00
518.50000000 1.9034105920e+01 2.5477819103e-03 0.0000000000e+00 2.5477819103e-03 1.9034106863e+01 0.0000000000e+00 0.0000000000e+00 0.0000000000e+00 4.7116998250e+00
519.00000000 1.9036385812e+01 2.5486256896e-03 0.0000000000e+00 2.5486256896e-03 1.9036386755e+01 0.0000000000e+00 0.0000000000e+00 0.0000000000e+00 4.7122311021e+00
519.50000000 1.9038669414e+01 2.5494708421e-03 0.0000000000e+00 2.5494708421e-03 1.9038670358e+01 0.0000000000e+00 0.0000000000e+00 0.0000000000e+00 4.7127642332e+00
520.00000000 1.9040956732e+01 2.5503173699e-03 0.0000000000e+00 2.5503173699e-03 1.9040957676e+01 0.0000000000e+00 0.0000000000e+00 0.0000000000e+00 4.7132992274e+00
520.50000000 1.9043247772e+01 2.5511652752e-03 0.0000000000e+00 2.5511652752e-03 1.9043248717e+01 0.0000000000e+00 0.0000000000e+00 0.0000000000e+00 4.7138360935e+00
521.00000000 1.9045542540e+01 2.5520145602e-03 0.0000000000e+00 2.5520145602e-03 1.9045543485e+01 0.0000000000e+00 0.0000000000e+00 0.0000000000e+00 4.7143748407e+00
521.50000000 1.9047841042e+01 2.5528652270e-03 0.0000000000e+00 2.5528652270e-03 1.9047841987e+01 0.0000000000e+00 0.0000000000e+00 0.0000000000e+00 4.7149154782e+00
522.00000000 1.9050143284e+01 2.5537172780e-03 0.0000000000e+00 2.5537172780e-03 1.9050144229e+01 0.0000000000e+00 0.0000000000e+00 0.0000000000e+00 4.7154580152e+00
522.50000000 1.9052449271e+01 2.5545707152e-03 0.0000000000e+00 2.5545707152e-03 1.9052450217e+01 0.0000000000e+00 0.0000000000e+00 0.0000000000e+00 4.7160024610e+00
523.00000000 1.9054759010e+01 2.5554255409e-03 0.0000000000e+00 2.5554255409e-03 1.9054759956e+01 0.0000000000e+00 0.0000000000e+00 0.0000000000e+00 4.7165488248e+00
523.50000000 1.9057072507e+01 2.5562817573e-03 0.0000000000e+00 2.5562817573e-03 1.9057073453e+01 0.0000000000e+00 0.0000000000e+00 0.0000000000e+00 4.7170971161e+00
524.00000000 1.9059389767e+01 2.5571393666e-03 0.0000000000e+00 2.5571393666e-03 1.9059390714e+01 0.0000000000e+00 0.0000000000e+00 0.0000000000e+00 4.7176473444e+00
524.50000000 1.9061710797e+01 2.5579983711e-03 0.0000000000e+00 2.5579983711e-03 1.9061711744e+01 0.0000000000e+00 0.0000000000e+00 0.0000000000e+00 4.7181995192e+00
525.00000000 1.9064035603e+01 2.5588587729e-03 0.0000000000e+00 2.5588587729e-03 1.9064036550e+01 0.0000000000e+00 0.0000000000e+00 0.0000000000e+00 4.7187536500e+00
525.50000000 1.9066364191e+01 2.5597205744e-03 0.0000000000e+00 2.5597205744e-03 1.9066365138e+01 0.0000000000e+00 0.0000000000e+00 0.0000000000e+00 4.7193097466e+00
526.00000000 1.9068696566e+01 2.5605837777e-03 0.0000000000e+00 2.5605837777e-03 1.9068697514e+01 0.0000000000e+00 0.0000000000e+00 0.0000000000e+00 4.7198678186e+00
526.50000000 1.9071032736e+01 2.5614483852e-03 0.0000000000e+00 2.5614483852e-03 1.9071033684e+01 0.0000000000e+00 0.0000000000e+00 0.0000000000e+00 4.7204278758e+00
527.00000000 1.9073372705e+01 2.5623143990e-03 0.0000000000e+00 2.5623143990e-03 1.9073373653e+01 0.0000000000e+00 0.0000000000e+00 0.0000000000e+00 4.7209899281e+00
527.50000000 1.9075716480e+01 2.5631818215e-03 0.0000000000e+00 2.5631818215e-03 1.9075717429e+01 0.0000000000e+00 0.0000000000e+00 0.0000000000e+00 4.7215539854e+00
528.00000000 1.9078064068e+01 2.5640506548e-03 0.0000000000e+00 2.5640506548e-03 1.9078065017e+01 0.0000000000e+00 0.0000000000e+00 0.0000000000e+00 4.7221200576e+00
528.50000000 1.9080415474e+01 2.5649209013e-03 0.0000000000e+00 2.5649209013e-03 1.9080416423e+01 0.0000000000e+00 0.0000000000e+00 0.0000000000e+00 4.7226881549e+00
529.00000000 1.9082770705e+01 2.5657925633e-03 0.0000000000e+00 2.5657925633e-03 1.9082771654e+01 0.0000000000e+00 0.0000000000e+00 0.0000000000e+00 4.7232582872e+00
529.50000000 1.9085129766e+01 2.5666656430e-03 0.0000000000e+00 2.5666656430e-03 1.9085130716e+01 0.0000000000e+00 0.0000000000e+00 0.0000000000e+00 4.7238304649e+00
530.00000000 1.9087492664e+01 2.5675401427e-03 0.0000000000e+00 2.5675401427e-03 1.9087493615e+01 0.0000000000e+00 0.0000000000e+00 0.0000000000e+00 4.7244046982e+00
530.50000000 1.9089859406e+01 2.5684160648e-03 0.0000000000e+00 2.5684160648e-03 1.9089860356e+01 0.0000000000e+00 0.0000000000e+00 0.0000000000e+00 4.7249809973e+00
531.00000000 1.9092229996e+01 2.5692934114e-03 0.0000000000e+00 2.5692934114e-03 1.9092230947e+01 0.0000000000e+00 0.0000000000e+00 0.0000000000e+00 4.7255593727e+00
531.50000000 1.9094604443e+01 2.5701721850e-03 0.0000000000e+00 2.5701721850e-03 1.9094605394e+01 0.0000000000e+00 0.0000000000e+00 0.0000000000e+00 4.7261398349e+00
532.00000000 1.9096982751e+01 2.5710523878e-03 0.0000000000e+00 2.5710523878e-03 1.9096983702e+01 0.0000000000e+00 0.0000000000e+00 0.0000000000e+00 4.7267223944e+00
532.50000000 1.9099364927e+01 2.5719340222e-03 0.0000000000e+00 2.5719340222e-03 1.9099365878e+01 0.0000000000e+00 0.0000000000e+00 0.0000000000e+00 4.7273070617e+00
533.00000000 1.9101750977e+01 2.5728170904e-03 0.0000000000e+00 2.5728170904e-03 1.9101751929e+01 0.0000000000e+00 0.0000000000e+00 0.0000000000e+00 4.7278938476e+00
533.50000000 1.9104140908e+01 2.5737015949e-03 0.0000000000e+00 2.5737015949e-03 1.9104141861e+01 0.0000000000e+00 0.0000000000e+00 0.0000000000e+00 4.7284827629e+00
534.00000000 1.9106534726e+01 2.5745875379e-03 0.0000000000e+00 2.5745875379e-03 1.9106535679e+01 0.0000000000e+00 0.0000000000e+00 0.0000000000e+00 4.7290738183e+00
534.50000000 1.9108932438e+01 2.5754749219e-03 0.0000000000e+00 2.5754749219e-03 1.9108933391e+01 0.0000000000e+00 0.0000000000e+00 0.0000000000e+00 4.7296670248e+00
535.00000000 1.9111334049e+01 2.5763637490e-03 0.0000000000e+00 2.5763637490e-03 1.9111335002e+01 0.0000000000e+00 0.0000000000e+00 0.0000000000e+00 4.7302623934e+00
535.50000000 1.9113739566e+01 2.5772540218e-03 0.0000000000e+00 2.5772540218e-03 1.9113740519e+01 0.0000000000e+00 0.0000000000e+00 0.0000000000e+00 4.7308599350e+00
536.00000000 1.9116148995e+01 2.5781457425e-03 0.0000000000e+00 2.5781457425e-03 1.9116149949e+01 0.0000000000e+00 0.0000000000e+00 0.0000000000e+00 4.7314596608e+00
536.50000000 1.9118562343e+01 2.5790389136e-03 0.0000000000e+00 2.5790389136e-03 1.9118563298e+01 0.0000000000e+00 0.0000000000e+00 0.0000000000e+00 4.7320615821e+00
537.00000000 1.9120979617e+01 2.5799335373e-03 0.0000000000e+00 2.5799335373e-03 1.9120980571e+01 0.0000000000e+00 0.0000000000e+00 0.0000000000e+00 4.7326657101e+00
537.50000000 1.9123400822e+01 2.5808296162e-03 0.0000000000e+00 2.5808296162e-03 1.9123401777e+01 0.0000000000e+00 0.0000000000e+00 0.0000000000e+00 4.7332720563e+00
538.00000000 1.9125825965e+01 2.5817271525e-03 0.0000000000e+00 2.5817271525e-03 1.9125826920e+01 0.0000000000e+00 0.0000000000e+00 0.0000000000e+00 4.7338806319e+00
538.50000000 1.9128255052e+01 2.5826261487e-03 0.0000000000e+00 2.5826261487e-03 1.9128256008e+01 0.0000000000e+00 0.0000000000e+00 0.0000000000e+00 4.7344914486e+00
539.00000000 1.9130688091e+01 2.5835266071e-03 0.0000000000e+00 2.5835266071e-03 1.9130689047e+01 0.0000000000e+00 0.0000000000e+00 0.0000000000e+00 4.7351045179e+00
539.50000000 1.9133125087e+01 2.5844285302e-03 0.0000000000e+00 2.5844285302e-03 1.9133126044e+01 0.0000000000e+00 0.0000000000e+00 0.0000000000e+00 4.7357198516e+00
540.00000000 1.9135566048e+01 2.5853319204e-03 0.0000000000e+00 2.5853319204e-03 1.9135567004e+01 0.0000000000e+00 0.0000000000e+00 0.0000000000e+00 4.7363374614e+00
540.50000000 1.9138010978e+01 2.5862367800e-03 0.0000000000e+00 2.5862367800e-03 1.9138011936e+01 0.0000000000e+00 0.0000000000e+00 0.0000000000e+00 4.7369573592e+00
541.00000000 1.9140459886e+01 2.5871431116e-03 0.0000000000e+00 2.5871431116e-03 1.9140460844e+01 0.0000000000e+00 0.0000000000e+00 0.0000000000e+00 4.7375795569e+00
541.50000000 1.9142912778e+01 2.5880509175e-03 0.0000000000e+00 2.5880509175e-03 1.9142913736e+01 0.0000000000e+00 0.0000000000e+00 0.0000000000e+00 4.7382040665e+00
542.00000000 1.9145369660e+01 2.5889602002e-03 0.0000000000e+00 2.5889602002e-03 1.9145370618e+01 0.0000000000e+00 0.0000000000e+00 0.0000000000e+00 4.7388309001e+00
542.50000000 1.9147830538e+01 2.5898709621e-03 0.0000000000e+00 2.5898709621e-03 1.9147831497e+01 0.0000000000e+00 0.0000000000e+00 0.0000000000e+00 4.7394600700e+00
543.00000000 1.9150295421e+01 2.5907832057e-03 0.0000000000e+00 2.5907832057e-03 1.9150296379e+01 0.0000000000e+00 0.0000000000e+00 0.0000000000e+00 4.7400915883e+00
543.50000000 1.9152764313e+01 2.5916969334e-03 0.0000000000e+00 2.5916969334e-03 1.9152765272e+01 0.0000000000e+00 0.0000000000e+00 0.0000000000e+00 4.7407254675e+00
544.00000000 1.9155237222e+01 2.5926121477e-03 0.0000000000e+00 2.5926121477e-03 1.9155238181e+01 0.0000000000e+00 0.0000000000e+00 0.0000000000e+00 4.7413617199e+00
544.50000000 1.9157714154e+01 2.5935288510e-03 0.0000000000e+00 2.5935288510e-03 1.9157715114e+01 0.0000000000e+00 0.0000000000e+00 0.0000000000e+00 4.7420003583e+00
545.00000000 1.9160195117e+01 2.5944470459e-03 0.0000000000e+00 2.5944470459e-03 1.9160196077e+01 0.0000000000e+00 0.0000000000e+00 0.0000000000e+00 4.7426413950e+00
545.50000000 1.9162680116e+01 2.5953667348e-03 0.0000000000e+00 2.5953667348e-03 1.9162681077e+01 0.0000000000e+00 0.0000000000e+00 0.0000000000e+00 4.7432848430e+00
546.00000000 1.9165169159e+01 2.5962879201e-03 0.0000000000e+00 2.5962879201e-03 1.9165170120e+01 0.0000000000e+00 0.0000000000e+00 0.0000000000e+00 4.7439307150e+00
546.50000000 1.9167662252e+01 2.5972106045e-03 0.0000000000e+00 2.5972106045e-03 1.9167663213e+01 0.0000000000e+00 0.0000000000e+00 0.0000000000e+00 4.7445790239e+00
547.00000000 1.9170159402e+01 2.5981347903e-03 0.0000000000e+00 2.5981347903e-03 1.9170160364e+01 0.0000000000e+00 0.0000000000e+00 0.0000000000e+00 4.7452297827e+00
547.50000000 1.9172660616e+01 2.5990604801e-03 0.0000000000e+00 2.5990604801e-03 1.9172661578e+01 0.0000000000e+00 0.0000000000e+00 0.0000000000e+00 4.7458830045e+00
548.00000000 1.9175165900e+01 2.5999876764e-03 0.0000000000e+00 2.5999876764e-03 1.9175166863e+01 0.0000000000e+00 0.0000000000e+00 0.0000000000e+00 4.7465387025e+00
548.50000000 1.9177675262e+01 2.6009163817e-03 0.0000000000e+00 2.6009163817e-03 1.9177676225e+01 0.0000000000e+00 0.0000000000e+00 0.0000000000e+00 4.7471968899e+00
549.00000000 1.9180188708e+01 2.6018465986e-03 0.0000000000e+00 2.6018465986e-03 1.9180189671e+01 0.0000000000e+00 0.0000000000e+00 0.0000000000e+00 4.7478575801e+00
549.50000000 1.9182706245e+01 2.6027783295e-03 0.0000000000e+00 2.6027783295e-03 1.9182707208e+01 0.0000000000e+00 0.0000000000e+00 0.0000000000e+00 4.7485207867e+00
550.00000000 1.9185227880e+01 2.6037115771e-03 0.0000000000e+00 2.6037115771e-03 1.9185228844e+01 0.0000000000e+00 0.0000000000e+00 0.0000000000e+00 4.7491865231e+00
550.50000000 1.9187753620e+01 2.6046463438e-03 0.0000000000e+00 2.6046463438e-03 1.9187754584e+01 0.0000000000e+00 0.0000000000e+00 0.0000000000e+00 4.7498548031e+00
551.00000000 1.9190283471e+01 2.6055826322e-03 0.0000000000e+00 2.6055826322e-03 1.9190284435e+01 0.0000000000e+00 0.0000000000e+00 0.0000000000e+00 4.7505256404e+00
551.50000000 1.9192817441e+01 2.6065204449e-03 0.0000000000e+00 2.6065204449e-03 1.9192818406e+01 0.0000000000e+00 0.0000000000e+00 0.0000000000e+00 4.7511990489e+00
552.00000000 1.9195355536e+01 2.6074597845e-03 0.0000000000e+00 2.6074597845e-03 1.9195356501e+01 0.0000000000e+00 0.0000000000e+00 0.0000000000e+00 4.7518750426e+00
552.50000000 1.9197897764e+01 2.6084006534e-03 0.0000000000e+00 2.6084006534e-03 1.9197898730e+01 0.0000000000e+00 0.0000000000e+00 0.0000000000e+00 4.7525536354e+00
553.00000000 1.9200444132e+01 2.6093430544e-03 0.0000000000e+00 2.6093430544e-03 1.9200445097e+01 0.0000000000e+00 0.0000000000e+00 0.0000000000e+00 4.7532348417e+00
553.50000000 1.9202994645e+01 2.6102869899e-03 0.0000000000e+00 2.6102869899e-03 1.9202995611e+01 0.0000000000e+00 0.0000000000e+00 0.0000000000e+00 4.7539186757e+00
554.00000000 1.9205549312e+01 2.6112324625e-03 0.0000000000e+00 2.6112324625e-03 1.9205550279e+01 0.0000000000e+00 0.0000000000e+00 0.0000000000e+00 4.7546051518e+00
554.50000000 1.9208108140e+01 2.6121794750e-03 0.0000000000e+00 2.6121794750e-03 1.9208109107e+01 0.0000000000e+00 0.0000000000e+00 0.0000000000e+00 4.7552942845e+00
555.00000000 1.9210671135e+01 2.6131280298e-03 0.0000000000e+00 2.6131280298e-03 1.9210672102e+01 0.0000000000e+00 0.0000000000e+00 0.0000000000e+00 4.7559860883e+00
555.50000000 1.9213238305e+01 2.6140781295e-03 0.0000000000e+00 2.6140781295e-03 1.9213239272e+01 0.0000000000e+00 0.0000000000e+00 0.0000000000e+00 4.7566805780e+00
556.00000000 1.9215809656e+01 2.6150297769e-03 0.0000000000e+00 2.6150297769e-03 1.9215810624e+01 0.0000000000e+00 0.0000000000e+00 0.0000000000e+00 4.7573777685e+00
556.50000000 1.9218385196e+01 2.6159829745e-03 0.0000000000e+00 2.6159829745e-03 1.9218386164e+01 0.0000000000e+00 0.0000000000e+00 0.0000000000e+00 4.7580776745e+00
557.00000000 1.9220964932e+01 2.6169377250e-03 0.0000000000e+00 2.6169377250e-03 1.9220965900e+01 0.0000000000e+00 0.0000000000e+00 0.0000000000e+00 4.7587803113e+00
557.50000000 1.9223548870e+01 2.6178940309e-03 0.0000000000e+00 2.6178940309e-03 1.9223549839e+01 0.0000000000e+00 0.0000000000e+00 0.0000000000e+00 4.7594856939e+00
558.00000000 1.9226137019e+01 2.6188518950e-03 0.0000000000e+00 2.6188518950e-03 1.9226137988e+01 0.0000000000e+00 0.0000000000e+00 0.0000000000e+00 4.7601938376e+00
558.50000000 1.9228729385e+01 2.6198113199e-03 0.0000000000e+00 2.6198113199e-03 1.9228730355e+01 0.0000000000e+00 0.0000000000e+00 0.0000000000e+00 4.7609047578e+00
559.00000000 1.9231325976e+01 2.6207723083e-03 0.0000000000e+00 2.6207723083e-03 1.9231326946e+01 0.0000000000e+00 0.0000000000e+00 0.0000000000e+00 4.7616184699e+00
559.50000000 1.9233926798e+01 2.6217348628e-03 0.0000000000e+00 2.6217348628e-03 1.9233927768e+01 0.0000000000e+00 0.0000000000e+00 0.0000000000e+00 4.7623349897e+00
560.00000000 1.9236531859e+01 2.6226989861e-03 0.0000000000e+00 2.6226989861e-03 1.9236532830e+01 0.0000000000e+00 0.0000000000e+00 0.0000000000e+00 4.7630543327e+00
560.50000000 1.9239141166e+01 2.6236646808e-03 0.0000000000e+00 2.6236646808e-03 1.9239142137e+01 0.0000000000e+00 0.0000000000e+00 0.0000000000e+00 4.7637765150e+00
561.00000000 1.9241754727e+01 2.6246319498e-03 0.0000000000e+00 2.6246319498e-03 1.9241755698e+01 0.0000000000e+00 0.0000000000e+00 0.0000000000e+00 4.7645015524e+00
561.50000000 1.9244372548e+01 2.6256007956e-03 0.0000000000e+00 2.6256007956e-03 1.9244373520e+01 0.0000000000e+00 0.0000000000e+00 0.0000000000e+00 4.7652294611e+00
562.00000000 1.9246994638e+01 2.6265712209e-03 0.0000000000e+00 2.6265712209e-03 1.9246995610e+01 0.0000000000e+00 0.0000000000e+00 0.0000000000e+00 4.7659602572e+00
562.50000000 1.9249621002e+01 2.6275432286e-03 0.0000000000e+00 2.6275432286e-03 1.9249621975e+01 0.0000000000e+00 0.0000000000e+00 0.0000000000e+00 4.7666939571e+00
563.00000000 1.9252251650e+01 2.6285168213e-03 0.0000000000e+00 2.6285168213e-03 1.9252252623e+01 0.0000000000e+00 0.0000000000e+00 0.0000000000e+00 4.7674305772e+00
563.50000000 1.9254886587e+01 2.6294920016e-03 0.0000000000e+00 2.6294920016e-03 1.9254887560e+01 0.0000000000e+00 0.0000000000e+00 0.0000000000e+00 4.7681701342e+00
564.00000000 1.9257525822e+01 2.6304687725e-03 0.0000000000e+00 2.6304687725e-03 1.9257526795e+01 0.0000000000e+00 0.0000000000e+00 0.0000000000e+00 4.7689126448e+00
564.50000000 1.9260169361e+01 2.6314471365e-03 0.0000000000e+00 2.6314471365e-03 1.9260170335e+01 0.0000000000e+00 0.0000000000e+00 0.0000000000e+00 4.7696581258e+00
565.00000000 1.9262817213e+01 2.6324270964e-03 0.0000000000e+00 2.6324270964e-03 1.9262818188e+01 0.0000000000e+00 0.0000000000e+00 0.0000000000e+00 4.7704065941e+00
565.50000000 1.9265469385e+01 2.6334086551e-03 0.0000000000e+00 2.6334086551e-03 1.9265470359e+01 0.0000000000e+00 0.0000000000e+00 0.0000000000e+00 4.7711580669e+00
566.00000000 1.9268125883e+01 2.6343918152e-03 0.0000000000e+00 2.6343918152e-03 1.9268126858e+01 0.0000000000e+00 0.0000000000e+00 0.0000000000e+00 4.7719125615e+00
566.50000000 1.9270786717e+01 2.6353765795e-03 0.0000000000e+00 2.6353765795e-03 1.9270787692e+01 0.0000000000e+00 0.0000000000e+00 0.0000000000e+00 4.7726700951e+00
567.00000000 1.9273451892e+01 2.6363629508e-03 0.0000000000e+00 2.6363629508e-03 1.9273452868e+01 0.0000000000e+00 0.0000000000e+00 0.0000000000e+00 4.7734306854e+00
567.50000000 1.9276121417e+01 2.6373509319e-03 0.0000000000e+00 2.6373509319e-03 1.9276122393e+01 0.0000000000e+00 0.0000000000e+00 0.0000000000e+00 4.7741943498e+00
568.00000000 1.9278795299e+01 2.6383405256e-03 0.0000000000e+00 2.6383405256e-03 1.9278796275e+01 0.0000000000e+00 0.0000000000e+00 0.0000000000e+00 4.7749611063e+00
568.50000000 1.9281473546e+01 2.6393317346e-03 0.0000000000e+00 2.6393317346e-03 1.9281474522e+01 0.0000000000e+00 0.0000000000e+00 0.0000000000e+00 4.7757309727e+00
569.00000000 1.9284156165e+01 2.6403245618e-03 0.0000000000e+00 2.6403245618e-03 1.9284157142e+01 0.0000000000e+00 0.0000000000e+00 0.0000000000e+00 4.7765039670e+00
569.50000000 1.9286843164e+01 2.6413190099e-03 0.0000000000e+00 2.6413190099e-03 1.9286844141e+01 0.0000000000e+00 0.0000000000e+00 0.0000000000e+00 4.7772801076e+00
570.00000000 1.9289534550e+01 2.6423150819e-03 0.0000000000e+00 2.6423150819e-03 1.9289535528e+01 0.0000000000e+00 0.0000000000e+00 0.0000000000e+00 4.7780594127e+00
570.50000000 1.9292230332e+01 2.6433127805e-03 0.0000000000e+00 2.6433127805e-03 1.9292231310e+01 0.0000000000e+00 0.0000000000e+00 0.0000000000e+00 4.7788419007e+00
571.00000000 1.9294930516e+01 2.6443121085e-03 0.0000000000e+00 2.6443121085e-03 1.9294931495e+01 0.0000000000e+00 0.0000000000e+00 0.0000000000e+00 4.7796275904e+00
571.50000000 1.9297635111e+01 2.6453130689e-03 0.0000000000e+00 2.6453130689e-03 1.9297636090e+01 0.0000000000e+00 0.0000000000e+00 0.0000000000e+00 4.7804165005e+00
572.00000000 1.9300344124e+01 2.6463156644e-03 0.0000000000e+00 2.6463156644e-03 1.9300345103e+01 0.0000000000e+00 0.0000000000e+00 0.0000000000e+00 4.7812086499e+00
572.50000000 1.9303057563e+01 2.6473198979e-03 0.0000000000e+00 2.6473198979e-03 1.9303058543e+01 0.0000000000e+00 0.0000000000e+00 0.0000000000e+00 4.7820040578e+00
573.00000000 1.9305775435e+01 2.6483257723e-03 0.0000000000e+00 2.6483257723e-03 1.9305776416e+01 0.0000000000e+00 0.0000000000e+00 0.0000000000e+00 4.7828027432e+00
573.50000000 1.9308497749e+01 2.6493332904e-03 0.0000000000e+00 2.6493332904e-03 1.9308498730e+01 0.0000000000e+00 0.0000000000e+00 0.0000000000e+00 4.7836047257e+00
574.00000000 1.9311224513e+01 2.6503424552e-03 0.0000000000e+00 2.6503424552e-03 1.9311225493e+01 0.0000000000e+00 0.0000000000e+00 0.0000000000e+00 4.7844100247e+00
574.50000000 1.9313955733e+01 2.6513532694e-03 0.0000000000e+00 2.6513532694e-03 1.9313956714e+01 0.0000000000e+00 0.0000000000e+00 0.0000000000e+00 4.7852186599e+00
575.00000000 1.9316691418e+01 2.6523657361e-03 0.0000000000e+00 2.6523657361e-03 1.9316692399e+01 0.0000000000e+00 0.0000000000e+00 0.0000000000e+00 4.7860306512e+00
575.50000000 1.9319431575e+01 2.6533798581e-03 0.0000000000e+00 2.6533798581e-03 1.9319432557e+01 0.0000000000e+00 0.0000000000e+00 0.0000000000e+00 4.7868460185e+00
576.00000000 1.9322176213e+01 2.6543956383e-03 0.0000000000e+00 2.6543956383e-03 1.9322177196e+01 0.0000000000e+00 0.0000000000e+00 0.0000000000e+00 4.7876647821e+00
576.50000000 1.9324925340e+01 2.6554130797e-03 0.0000000000e+00 2.6554130797e-03 1.9324926323e+01 0.0000000000e+00 0.0000000000e+00 0.0000000000e+00 4.7884869623e+00
577.00000000 1.9327678963e+01 2.6564321851e-03 0.0000000000e+00 2.6564321851e-03 1.9327679946e+01 0.0000000000e+00 0.0000000000e+00 0.0000000000e+00 4.7893125795e+00
577.50000000 1.9330437090e+01 2.6574529575e-03 0.0000000000e+00 2.6574529575e-03 1.9330438073e+01 0.0000000000e+00 0.0000000000e+00 0.0000000000e+00 4.7901416544e+00
578.00000000 1.9333199729e+01 2.6584753998e-03 0.0000000000e+00 2.6584753998e-03 1.9333200713e+01 0.0000000000e+00 0.0000000000e+00 0.0000000000e+00 4.7909742079e+00
578.50000000 1.9335966888e+01 2.6594995151e-03 0.0000000000e+00 2.6594995151e-03 1.9335967873e+01 0.0000000000e+00 0.0000000000e+00 0.0000000000e+00 4.7918102609e+00
579.00000000 1.9338738576e+01 2.6605253062e-03 0.0000000000e+00 2.6605253062e-03 1.9338739561e+01 0.0000000000e+00 0.0000000000e+00 0.0000000000e+00 4.7926498346e+00
579.50000000 1.9341514800e+01 2.6615527761e-03 0.0000000000e+00 2.6615527761e-03 1.9341515785e+01 0.0000000000e+00 0.0000000000e+00 0.0000000000e+00 4.7934929503e+00
580.00000000 1.9344295568e+01 2.6625819278e-03 0.0000000000e+00 2.6625819278e-03 1.9344296553e+01 0.0000000000e+00 0.0000000000e+00 0.0000000000e+00 4.7943396295e+00
580.50000000 1.9347080888e+01 2.6636127643e-03 0.0000000000e+00 2.6636127643e-03 1.9347081874e+01 0.0000000000e+00 0.0000000000e+00 0.0000000000e+00 4.7951898940e+00
581.00000000 1.9349870768e+01 2.6646452885e-03 0.0000000000e+00 2.6646452885e-03 1.9349871754e+01 0.0000000000e+00 0.0000000000e+00 0.0000000000e+00 4.7960437656e+00
581.50000000 1.9352665217e+01 2.6656795035e-03 0.0000000000e+00 2.6656795035e-03 1.9352666204e+01 0.0000000000e+00 0.0000000000e+00 0.0000000000e+00 4.7969012662e+00
582.00000000 1.9355464243e+01 2.6667154123e-03 0.0000000000e+00 2.6667154123e-03 1.9355465230e+01 0.0000000000e+00 0.0000000000e+00 0.0000000000e+00 4.7977624182e+00
582.50000000 1.9358267853e+01 2.6677530178e-03 0.0000000000e+00 2.6677530178e-03 1.9358268840e+01 0.0000000000e+00 0.0000000000e+00 0.0000000000e+00 4.7986272440e+00
583.00000000 1.9361076056e+01 2.6687923231e-03 0.0000000000e+00 2.6687923231e-03 1.9361077043e+01 0.0000000000e+00 0.0000000000e+00 0.0000000000e+00 4.7994957661e+00
583.50000000 1.9363888860e+01 2.6698333313e-03 0.0000000000e+00 2.6698333313e-03 1.9363889848e+01 0.0000000000e+00 0.0000000000e+00 0.0000000000e+00 4.8003680073e+00
584.00000000 1.9366706273e+01 2.6708760453e-03 0.0000000000e+00 2.6708760453e-03 1.9366707262e+01 0.0000000000e+00 0.0000000000e+00 0.0000000000e+00 4.8012439906e+00
584.50000000 1.9369528304e+01 2.6719204682e-03 0.0000000000e+00 2.6719204682e-03 1.9369529293e+01 0.0000000000e+00 0.0000000000e+00 0.0000000000e+00 4.8021237392e+00
585.00000000 1.9372354960e+01 2.6729666031e-03 0.0000000000e+00 2.6729666031e-03 1.9372355950e+01 0.0000000000e+00 0.0000000000e+00 0.0000000000e+00 4.8030072763e+00
585.50000000 1.9375186251e+01 2.6740144530e-03 0.0000000000e+00 2.6740144530e-03 1.9375187241e+01 0.0000000000e+00 0.0000000000e+00 0.0000000000e+00 4.8038946256e+00
586.00000000 1.9378022184e+01 2.6750640211e-03 0.0000000000e+00 2.6750640211e-03 1.9378023174e+01 0.0000000000e+00 0.0000000000e+00 0.0000000000e+00 4.8047858107e+00
586.50000000 1.9380862767e+01 2.6761153103e-03 0.0000000000e+00 2.6761153103e-03 1.9380863758e+01 0.0000000000e+00 0.0000000000e+00 0.0000000000e+00 4.8056808557e+00
587.00000000 1.9383708010e+01 2.6771683238e-03 0.0000000000e+00 2.6771683238e-03 1.9383709000e+01 0.0000000000e+00 0.0000000000e+00 0.0000000000e+00 4.8065797846e+00
587.50000000 1.9386557919e+01 2.6782230646e-03 0.0000000000e+00 2.6782230646e-03 1.9386558910e+01 0.0000000000e+00 0.0000000000e+00 0.0000000000e+00 4.8074826218e+00
588.00000000 1.9389412505e+01 2.6792795359e-03 0.0000000000e+00 2.6792795359e-03 1.9389413496e+01 0.0000000000e+00 0.0000000000e+00 0.0000000000e+00 4.8083893919e+00
588.50000000 1.9392271774e+01 2.6803377408e-03 0.0000000000e+00 2.6803377408e-03 1.9392272766e+01 0.0000000000e+00 0.0000000000e+00 0.0000000000e+00 4.8093001196e+00
589.00000000 1.9395135736e+01 2.6813976823e-03 0.0000000000e+00 2.6813976823e-03 1.9395136729e+01 0.0000000000e+00 0.0000000000e+00 0.0000000000e+00 4.8102148298e+00
589.50000000 1.9398004400e+01 2.6824593637e-03 0.0000000000e+00 2.6824593637e-03 1.9398005392e+01 0.0000000000e+00 0.0000000000e+00 0.0000000000e+00 4.8111335479e+00
590.00000000 1.9400877772e+01 2.6835227881e-03 0.0000000000e+00 2.6835227881e-03 1.9400878765e+01 0.0000000000e+00 0.0000000000e+00 0.0000000000e+00 4.8120562990e+00
590.50000000 1.9403755863e+01 2.6845879586e-03 0.0000000000e+00 2.6845879586e-03 1.9403756856e+01 0.0000000000e+00 0.0000000000e+00 0.0000000000e+00 4.8129831089e+00
591.00000000 1.9406638680e+01 2.6856548783e-03 0.0000000000e+00 2.6856548783e-03 1.9406639674e+01 0.0000000000e+00 0.0000000000e+00 0.0000000000e+00 4.8139140034e+00
591.50000000 1.9409526232e+01 2.6867235505e-03 0.0000000000e+00 2.6867235505e-03 1.9409527227e+01 0.0000000000e+00 0.0000000000e+00 0.0000000000e+00 4.8148490085e+00
592.00000000 1.9412418528e+01 2.6877939783e-03 0.0000000000e+00 2.6877939783e-03 1.9412419523e+01 0.0000000000e+00 0.0000000000e+00 0.0000000000e+00 4.8157881505e+00
592.50000000 1.9415315576e+01 2.6888661649e-03 0.0000000000e+00 2.6888661649e-03 1.9415316571e+01 0.0000000000e+00 0.0000000000e+00 0.0000000000e+00 4.8167314560e+00
593.00000000 1.9418217385e+01 2.6899401134e-03 0.0000000000e+00 2.6899401134e-03 1.9418218381e+01 0.0000000000e+00 0.0000000000e+00 0.0000000000e+00 4.8176789515e+00
593.50000000 1.9421123964e+01 2.6910158271e-03 0.0000000000e+00 2.6910158271e-03 1.9421124959e+01 0.0000000000e+00 0.0000000000e+00 0.0000000000e+00 4.8186306641e+00
594.00000000 1.9424035320e+01 2.6920933092e-03 0.0000000000e+00 2.6920933092e-03 1.9424036316e+01 0.0000000000e+00 0.0000000000e+00 0.0000000000e+00 4.8195866209e+00
594.50000000 1.9426951464e+01 2.6931725628e-03 0.0000000000e+00 2.6931725628e-03 1.9426952460e+01 0.0000000000e+00 0.0000000000e+00 0.0000000000e+00 4.8205468495e+00
595.00000000 1.9429872402e+01 2.6942535913e-03 0.0000000000e+00 2.6942535913e-03 1.9429873400e+01 0.0000000000e+00 0.0000000000e+00 0.0000000000e+00 4.8215113774e+00
595.50000000 1.9432798146e+01 2.6953363979e-03 0.0000000000e+00 2.6953363979e-03 1.9432799143e+01 0.0000000000e+00 0.0000000000e+00 0.0000000000e+00 4.8224802326e+00
596.00000000 1.9435728702e+01 2.6964209857e-03 0.0000000000e+00 2.6964209857e-03 1.9435729700e+01 0.0000000000e+00 0.0000000000e+00 0.0000000000e+00 4.8234534431e+00
596.50000000 1.9438664080e+01 2.6975073580e-03 0.0000000000e+00 2.6975073580e-03 1.9438665078e+01 0.0000000000e+00 0.0000000000e+00 0.0000000000e+00 4.8244310374e+00
597.00000000 1.9441604289e+01 2.6985955182e-03 0.0000000000e+00 2.6985955182e-03 1.9441605288e+01 0.0000000000e+00 0.0000000000e+00 0.0000000000e+00 4.8254130442e+00
597.50000000 1.9444549337e+01 2.6996854694e-03 0.0000000000e+00 2.6996854694e-03 1.9444550336e+01 0.0000000000e+00 0.0000000000e+00 0.0000000000e+00 4.8263994923e+00
598.00000000 1.9447499234e+01 2.7007772150e-03 0.0000000000e+00 2.7007772150e-03 1.9447500233e+01 0.0000000000e+00 0.0000000000e+00 0.0000000000e+00 4.8273904108e+00
598.50000000 1.9450453987e+01 2.7018707582e-03 0.0000000000e+00 2.7018707582e-03 1.9450454987e+01 0.0000000000e+00 0.0000000000e+00 0.0000000000e+00 4.8283858292e+00
599.00000000 1.9453413607e+01 2.7029661023e-03 0.0000000000e+00 2.7029661023e-03 1.9453414608e+01 0.0000000000e+00 0.0000000000e+00 0.0000000000e+00 4.8293857772e+00
599.50000000 1.9456378102e+01 2.7040632507e-03 0.0000000000e+00 2.7040632507e-03 1.9456379103e+01 0.0000000000e+00 0.0000000000e+00 0.0000000000e+00 4.8303902846e+00
600.00000000 1.9459347481e+01 2.7051622065e-03 0.0000000000e+00 2.7051622065e-03 1.9459348482e+01 0.0000000000e+00 0.0000000000e+00 0.0000000000e+00 4.8313993817e+00
600.50000000 1.9462321753e+01 2.7062629733e-03 0.0000000000e+00 2.7062629733e-03 1.9462322754e+01 0.0000000000e+00 0.0000000000e+00 0.0000000000e+00 4.8324130988e+00
601.00000000 1.9465300926e+01 2.7073655542e-03 0.0000000000e+00 2.7073655542e-03 1.9465301928e+01 0.0000000000e+00 0.0000000000e+00 0.0000000000e+00 4.8334314668e+00
601.50000000 1.9468285011e+01 2.7084699527e-03 0.0000000000e+00 2.7084699527e-03 1.9468286013e+01 0.0000000000e+00 0.0000000000e+00 0.0000000000e+00 4.8344545167e+00
602.00000000 1.9471274016e+01 2.7095761721e-03 0.0000000000e+00 2.7095761721e-03 1.9471275018e+01 0.0000000000e+00 0.0000000000e+00 0.0000000000e+00 4.8354822796e+00
602.50000000 1.9474267949e+01 2.7106842157e-03 0.0000000000e+00 2.7106842157e-03 1.9474268953e+01 0.0000000000e+00 0.0000000000e+00 0.0000000000e+00 4.8365147873e+00
603.00000000 1.9477266822e+01 2.7117940869e-03 0.0000000000e+00 2.7117940869e-03 1.9477267825e+01 0.0000000000e+00 0.0000000000e+00 0.0000000000e+00 4.8375520715e+00
603.50000000 1.9480270641e+01 2.7129057891e-03 0.0000000000e+00 2.7129057891e-03 1.9480271645e+01 0.0000000000e+00 0.0000000000e+00 0.0000000000e+00 4.8385941644e+00
604.00000000 1.9483279417e+01 2.7140193257e-03 0.0000000000e+00 2.7140193257e-03 1.9483280421e+01 0.0000000000e+00 0.0000000000e+00 0.0000000000e+00 4.8396410983e+00
604.50000000 1.9486293158e+01 2.7151347000e-03 0.0000000000e+00 2.7151347000e-03 1.9486294163e+01 0.0000000000e+00 0.0000000000e+00 0.0000000000e+00 4.8406929061e+00
605.00000000 1.9489311874e+01 2.7162519155e-03 0.0000000000e+00 2.7162519155e-03 1.9489312880e+01 0.0000000000e+00 0.0000000000e+00 0.0000000000e+00 4.8417496207e+00
605.50000000 1.9492335575e+01 2.7173709756e-03 0.0000000000e+00 2.7173709756e-03 1.9492336581e+01 0.0000000000e+00 0.0000000000e+00 0.0000000000e+00 4.8428112755e+00
606.00000000 1.9495364269e+01 2.7184918837e-03 0.0000000000e+00 2.7184918837e-03 1.9495365275e+01 0.0000000000e+00 0.0000000000e+00 0.0000000000e+00 4.8438779040e+00
606.50000000 1.9498397965e+01 2.7196146433e-03 0.0000000000e+00 2.7196146433e-03 1.9498398971e+01 0.0000000000e+00 0.0000000000e+00 0.0000000000e+00 4.8449495402e+00
607.00000000 1.9501436673e+01 2.7207392577e-03 0.0000000000e+00 2.7207392577e-03 1.9501437680e+01 0.0000000000e+00 0.0000000000e+00 0.0000000000e+00 4.8460262183e+00
607.50000000 1.9504480403e+01 2.7218657305e-03 0.0000000000e+00 2.7218657305e-03 1.9504481410e+01 0.0000000000e+00 0.0000000000e+00 0.0000000000e+00 4.8471079730e+00
608.00000000 1.9507529163e+01 2.7229940651e-03 0.0000000000e+00 2.7229940651e-03 1.9507530170e+01 0.0000000000e+00 0.0000000000e+00 0.0000000000e+00 4.8481948389e+00
608.50000000 1.9510582963e+01 2.7241242649e-03 0.0000000000e+00 2.7241242649e-03 1.9510583971e+01 0.0000000000e+00 0.0000000000e+00 0.0000000000e+00 4.8492868514e+00
609.00000000 1.9513641812e+01 2.7252563335e-03 0.0000000000e+00 2.7252563335e-03 1.9513642820e+01 0.0000000000e+00 0.0000000000e+00 0.0000000000e+00 4.8503840460e+00
609.50000000 1.9516705720e+01 2.7263902744e-03 0.0000000000e+00 2.7263902744e-03 1.9516706729e+01 0.0000000000e+00 0.0000000000e+00 0.0000000000e+00 4.8514864584e+00
610.00000000 1.9519774696e+01 2.7275260909e-03 0.0000000000e+00 2.7275260909e-03 1.9519775706e+01 0.0000000000e+00 0.0000000000e+00 0.0000000000e+00 4.8525941250e+00
610.50000000 1.9522848751e+01 2.7286637868e-03 0.0000000000e+00 2.7286637868e-03 1.9522849760e+01 0.0000000000e+00 0.0000000000e+00 0.0000000000e+00 4.8537070821e+00
611.00000000 1.9525927892e+01 2.7298033654e-03 0.0000000000e+00 2.7298033654e-03 1.9525928902e+01 0.0000000000e+00 0.0000000000e+00 0.0000000000e+00 4.8548253666e+00
611.50000000 1.9529012130e+01 2.7309448303e-03 0.0000000000e+00 2.7309448303e-03 1.9529013141e+01 0.0000000000e+00 0.0000000000e+00 0.0000000000e+00 4.8559490158e+00
612.00000000 1.9532101475e+01 2.7320881850e-03 0.0000000000e+00 2.7320881850e-03 1.9532102486e+01 0.0000000000e+00 0.0000000000e+00 0.0000000000e+00 4.8570780672e+00
612.50000000 1.9535195935e+01 2.7332334331e-03 0.0000000000e+00 2.7332334331e-03 1.9535196947e+01 0.0000000000e+00 0.0000000000e+00 0.0000000000e+00 4.8582125587e+00
613.00000000 1.9538295521e+01 2.7343805782e-03 0.0000000000e+00 2.7343805782e-03 1.9538296533e+01 0.0000000000e+00 0.0000000000e+00 0.0000000000e+00 4.8593525285e+00
613.50000000 1.9541400242e+01 2.7355296238e-03 0.0000000000e+00 2.7355296238e-03 1.9541401255e+01 0.0000000000e+00 0.0000000000e+00 0.0000000000e+00 4.8604980153e+00
614.00000000 1.9544510108e+01 2.7366805735e-03 0.0000000000e+00 2.7366805735e-03 1.9544511121e+01 0.0000000000e+00 0.0000000000e+00 0.0000000000e+00 4.8616490580e+00
614.50000000 1.9547625129e+01 2.7378334308e-03 0.0000000000e+00 2.7378334308e-03 1.9547626142e+01 0.0000000000e+00 0.0000000000e+00 0.0000000000e+00 4.8628056961e+00
615.00000000 1.9550745314e+01 2.7389881995e-03 0.0000000000e+00 2.7389881995e-03 1.9550746327e+01 0.0000000000e+00 0.0000000000e+00 0.0000000000e+00 4.8639679691e+00
615.50000000 1.9553870673e+01 2.7401448830e-03 0.0000000000e+00 2.7401448830e-03 1.9553871687e+01 0.0000000000e+00 0.0000000000e+00 0.0000000000e+00 4.8651359173e+00
616.00000000 1.9557001215e+01 2.7413034850e-03 0.0000000000e+00 2.7413034850e-03 1.9557002230e+01 0.0000000000e+00 0.0000000000e+00 0.0000000000e+00 4.8663095811e+00
616.50000000 1.9560136951e+01 2.7424640091e-03 0.0000000000e+00 2.7424640091e-03 1.9560137966e+01 0.0000000000e+00 0.0000000000e+00 0.0000000000e+00 4.8674890014e+00
617.00000000 1.9563277891e+01 2.7436264591e-03 0.0000000000e+00 2.7436264591e-03 1.9563278907e+01 0.0000000000e+00 0.0000000000e+00 0.0000000000e+00 4.8686742195e+00
617.50000000 1.9566424044e+01 2.7447908384e-03 0.0000000000e+00 2.7447908384e-03 1.9566425060e+01 0.0000000000e+00 0.0000000000e+00 0.0000000000e+00 4.8698652770e+00
618.00000000 1.9569575420e+01 2.7459571508e-03 0.0000000000e+00 2.7459571508e-03 1.9569576437e+01 0.0000000000e+00 0.0000000000e+00 0.0000000000e+00 4.8710622160e+00
618.50000000 1.9572732030e+01 2.7471254000e-03 0.0000000000e+00 2.7471254000e-03 1.9572733046e+01 0.0000000000e+00 0.0000000000e+00 0.0000000000e+00 4.8722650789e+00
619.00000000 1.9575893882e+01 2.7482955896e-03 0.0000000000e+00 2.7482955896e-03 1.9575894899e+01 0.0000000000e+00 0.0000000000e+00 0.0000000000e+00 4.8734739087e+00
619.50000000 1.9579060987e+01 2.7494677233e-03 0.0000000000e+00 2.7494677233e-03 1.9579062005e+01 0.0000000000e+00 0.0000000000e+00 0.0000000000e+00 4.8746887486e+00
620.00000000 1.9582233355e+01 2.7506418048e-03 0.0000000000e+00 2.7506418048e-03 1.9582234373e+01 0.0000000000e+00 0.0000000000e+00 0.0000000000e+00 4.8759096425e+00
620.50000000 1.9585410997e+01 2.7518178379e-03 0.0000000000e+00 2.7518178379e-03 1.9585412015e+01 0.0000000000e+00 0.0000000000e+00 0.0000000000e+00 4.8771366343e+00
621.00000000 1.9588593921e+01 2.7529958262e-03 0.0000000000e+00 2.7529958262e-03 1.9588594940e+01 0.0000000000e+00 0.0000000000e+00 0.0000000000e+00 4.8783697687e+00
621.50000000 1.9591782139e+01 2.7541757734e-03 0.0000000000e+00 2.7541757734e-03 1.9591783158e+01 0.0000000000e+00 0.0000000000e+00 0.0000000000e+00 4.8796090908e+00
622.00000000 1.9594975659e+01 2.7553576834e-03 0.0000000000e+00 2.7553576834e-03 1.9594976679e+01 0.0000000000e+00 0.0000000000e+00 0.0000000000e+00 4.8808546459e+00
622.50000000 1.9598174493e+01 2.7565415599e-03 0.0000000000e+00 2.7565415599e-03 1.9598175514e+01 0.0000000000e+00 0.0000000000e+00 0.0000000000e+00 4.8821064800e+00
623.00000000 1.9601378651e+01 2.7577274066e-03 0.0000000000e+00 2.7577274066e-03 1.9601379672e+01 0.0000000000e+00 0.0000000000e+00 0.0000000000e+00 4.8833646395e+00
623.50000000 1.9604588143e+01 2.7589152272e-03 0.0000000000e+00 2.7589152272e-03 1.9604589164e+01 0.0000000000e+00 0.0000000000e+00 0.0000000000e+00 4.8846291711e+00
624.00000000 1.9607802978e+01 2.7601050257e-03 0.0000000000e+00 2.7601050257e-03 1.9607804000e+01 0.0000000000e+00 0.0000000000e+00 0.0000000000e+00 4.8859001222e+00
624.50000000 1.9611023168e+01 2.7612968058e-03 0.0000000000e+00 2.7612968058e-03 1.9611024190e+01 0.0000000000e+00 0.0000000000e+00 0.0000000000e+00 4.8871775404e+00
625.00000000 1.9614248722e+01 2.7624905712e-03 0.0000000000e+00 2.7624905712e-03 1.9614249745e+01 0.0000000000e+00 0.0000000000e+00 0.0000000000e+00 4.8884614741e+00
625.50000000 1.9617479651e+01 2.7636863259e-03 0.0000000000e+00 2.7636863259e-03 1.9617480674e+01 0.0000000000e+00 0.0000000000e+00 0.0000000000e+00 4.8897519720e+00
626.00000000 1.9620715965e+01 2.7648840735e-03 0.0000000000e+00 2.7648840735e-03 1.9620716989e+01 0.0000000000e+00 0.0000000000e+00 0.0000000000e+00 4.8910490832e+00
626.50000000 1.9623957675e+01 2.7660838181e-03 0.0000000000e+00 2.7660838181e-03 1.9623958699e+01 0.0000000000e+00 0.0000000000e+00 0.0000000000e+00 4.8923528574e+00
627.00000000 1.9627204791e+01 2.7672855633e-03 0.0000000000e+00 2.7672855633e-03 1.9627205815e+01 0.0000000000e+00 0.0000000000e+00 0.0000000000e+00 4.8936633449e+00
627.50000000 1.9630457323e+01 2.7684893132e-03 0.0000000000e+00 2.7684893132e-03 1.9630458347e+01 0.0000000000e+00 0.0000000000e+00 0.0000000000e+00 4.8949805963e+00
628.00000000 1.9633715282e+01 2.7696950714e-03 0.0000000000e+00 2.7696950714e-03 1.9633716307e+01 0.0000000000e+00 0.0000000000e+00 0.0000000000e+00 4.8963046629e+00
628.50000000 1.9636978678e+01 2.7709028420e-03 0.0000000000e+00 2.7709028420e-03 1.9636979703e+01 0.0000000000e+00 0.0000000000e+00 0.0000000000e+00 4.8976355964e+00
629.00000000 1.9640247522e+01 2.7721126288e-03 0.0000000000e+00 2.7721126288e-03 1.9640248548e+01 0.0000000000e+00 0.0000000000e+00 0.0000000000e+00 4.8989734491e+00
629.50000000 1.9643521824e+01 2.7733244357e-03 0.0000000000e+00 2.7733244357e-03 1.9643522850e+01 0.0000000000e+00 0.0000000000e+00 0.0000000000e+00 4.9003182737e+00
630.00000000 1.9646801595e+01 2.7745382667e-03 0.0000000000e+00 2.7745382667e-03 1.9646802622e+01 0.0000000000e+00 0.0000000000e+00 0.0000000000e+00 4.9016701237e+00
630.50000000 1.9650086846e+01 2.7757541256e-03 0.0000000000e+00 2.7757541256e-03 1.9650087873e+01 0.0000000000e+00 0.0000000000e+00 0.0000000000e+00 4.9030290528e+00
631.00000000 1.9653377587e+01 2.7769720163e-03 0.0000000000e+00 2.7769720163e-03 1.9653378615e+01 0.0000000000e+00 0.0000000000e+00 0.0000000000e+00 4.9043951155e+00
631.50000000 1.9656673829e+01 2.7781919430e-03 0.0000000000e+00 2.7781919430e-03 1.9656674857e+01 0.0000000000e+00 0.0000000000e+00 0.0000000000e+00 4.9057683669e+00
632.00000000 1.9659975582e+01 2.7794139094e-03 0.0000000000e+00 2.7794139094e-03 1.9659976610e+01 0.0000000000e+00 0.0000000000e+00 0.0000000000e+00 4.9071488624e+00
632.50000000 1.9663282857e+01 2.7806379195e-03 0.0000000000e+00 2.7806379195e-03 1.9663283886e+01 0.0000000000e+00 0.0000000000e+00 0.0000000000e+00 4.9085366583e+00
633.00000000 1.9666595666e+01 2.7818639775e-03 0.0000000000e+00 2.7818639775e-03 1.9666596695e+01 0.0000000000e+00 0.0000000000e+00 0.0000000000e+00 4.9099318112e+00
633.50000000 1.9669914018e+01 2.7830920871e-03 0.0000000000e+00 2.7830920871e-03 1.9669915048e+01 0.0000000000e+00 0.0000000000e+00 0.0000000000e+00 4.9113343785e+00
634.00000000 1.9673237925e+01 2.7843222525e-03 0.0000000000e+00 2.7843222525e-03 1.9673238955e+01 0.0000000000e+00 0.0000000000e+00 0.0000000000e+00 4.9127444181e+00
634.50000000 1.9676567397e+01 2.7855544776e-03 0.0000000000e+00 2.7855544776e-03 1.9676568428e+01 0.0000000000e+00 0.0000000000e+00 0.0000000000e+00 4.9141619885e+00
635.00000000 1.9679902446e+01 2.7867887666e-03 0.0000000000e+00 2.7867887666e-03 1.9679903477e+01 0.0000000000e+00 0.0000000000e+00 0.0000000000e+00 4.9155871488e+00
635.50000000 1.9683243082e+01 2.7880251233e-03 0.0000000000e+00 2.7880251233e-03 1.9683244114e+01 0.0000000000e+00 0.0000000000e+00 0.0000000000e+00 4.9170199589e+00
636.00000000 1.9686589316e+01 2.7892635519e-03 0.0000000000e+00 2.7892635519e-03 1.9686590348e+01 0.0000000000e+00 0.0000000000e+00 0.0000000000e+00 4.9184604790e+00
636.50000000 1.9689941159e+01 2.7905040564e-03 0.0000000000e+00 2.7905040564e-03 1.9689942192e+01 0.0000000000e+00 0.0000000000e+00 0.0000000000e+00 4.9199087703e+00
637.00000000 1.9693298623e+01 2.7917466409e-03 0.0000000000e+00 2.7917466409e-03 1.9693299656e+01 0.0000000000e+00 0.0000000000e+00 0.0000000000e+00 4.9213648944e+00
637.50000000 1.9696661717e+01 2.7929913095e-03 0.0000000000e+00 2.7929913095e-03 1.9696662751e+01 0.0000000000e+00 0.0000000000e+00 0.0000000000e+00 4.9228289135e+00
638.00000000 1.9700030454e+01 2.7942380663e-03 0.0000000000e+00 2.7942380663e-03 1.9700031488e+01 0.0000000000e+00 0.0000000000e+00 0.0000000000e+00 4.9243008909e+00
638.50000000 1.9703404844e+01 2.7954869154e-03 0.0000000000e+00 2.7954869154e-03 1.9703405879e+01 0.0000000000e+00 0.0000000000e+00 0.0000000000e+00 4.9257808900e+00
639.00000000 1.9706784899e+01 2.7967378608e-03 0.0000000000e+00 2.7967378608e-03 1.9706785934e+01 0.0000000000e+00 0.0000000000e+00 0.0000000000e+00 4.9272689752e+00
639.50000000 1.9710170629e+01 2.7979909068e-03 0.0000000000e+00 2.7979909068e-03 1.9710171664e+01 0.0000000000e+00 0.0000000000e+00 0.0000000000e+00 4.9287652116e+00
640.00000000 1.9713562046e+01 2.7992460575e-03 0.0000000000e+00 2.7992460575e-03 1.9713563082e+01 0.0000000000e+00 0.0000000000e+00 0.0000000000e+00 4.9302696650e+00
640.50000000 1.9716959161e+01 2.8005033169e-03 0.0000000000e+00 2.8005033169e-03 1.9716960198e+01 0.0000000000e+00 0.0000000000e+00 0.0000000000e+00 4.9317824017e+00
641.00000000 1.9720361986e+01 2.8017626894e-03 0.0000000000e+00 2.8017626894e-03 1.9720363022e+01 0.0000000000e+00 0.0000000000e+00 0.0000000000e+00 4.9333034890e+00
641.50000000 1.9723770531e+01 2.8030241791e-03 0.0000000000e+00 2.8030241791e-03 1.9723771568e+01 0.0000000000e+00 0.0000000000e+00 0.0000000000e+00 4.9348329948e+00
642.00000000 1.9727184808e+01 2.8042877901e-03 0.0000000000e+00 2.8042877901e-03 1.9727185845e+01 0.0000000000e+00 0.0000000000e+00 0.0000000000e+00 4.9363709876e+00
642.50000000 1.9730604828e+01 2.8055535267e-03 0.0000000000e+00 2.8055535267e-03 1.9730605866e+01 0.0000000000e+00 0.0000000000e+00 0.0000000000e+00 4.9379175370e+00
643.00000000 1.9734030603e+01 2.8068213930e-03 0.0000000000e+00 2.8068213930e-03 1.9734031641e+01 0.0000000000e+00 0.0000000000e+00 0.0000000000e+00 4.9394727130e+00
643.50000000 1.9737462144e+01 2.8080913934e-03 0.0000000000e+00 2.8080913934e-03 1.9737463183e+01 0.0000000000e+00 0.0000000000e+00 0.0000000000e+00 4.9410365866e+00
644.00000000 1.9740899462e+01 2.8093635320e-03 0.0000000000e+00 2.8093635320e-03 1.9740900502e+01 0.0000000000e+00 0.0000000000e+00 0.0000000000e+00 4.9426092295e+00
644.50000000 1.9744342570e+01 2.8106378130e-03 0.0000000000e+00 2.8106378130e-03 1.9744343610e+01 0.0000000000e+00 0.0000000000e+00 0.0000000000e+00 4.9441907142e+00
645.00000000 1.9747791478e+01 2.8119142409e-03 0.0000000000e+00 2.8119142409e-03 1.9747792518e+01 0.0000000000e+00 0.0000000000e+00 0.0000000000e+00 4.9457811139e+00
645.50000000 1.9751246198e+01 2.8131928198e-03 0.0000000000e+00 2.8131928198e-03 1.9751247239e+01 0.0000000000e+00 0.0000000000e+00 0.0000000000e+00 4.9473805029e+00
646.00000000 1.9754706742e+01 2.8144735540e-03 0.0000000000e+00 2.8144735540e-03 1.9754707783e+01 0.0000000000e+00 0.0000000000e+00 0.0000000000e+00 4.9489889560e+00
646.50000000 1.9758173121e+01 2.8157564478e-03 0.0000000000e+00 2.8157564478e-03 1.9758174163e+01 0.0000000000e+00 0.0000000000e+00 0.0000000000e+00 4.9506065490e+00
647.00000000 1.9761645347e+01 2.8170415055e-03 0.0000000000e+00 2.8170415055e-03 1.9761646389e+01 0.0000000000e+00 0.0000000000e+00 0.0000000000e+00 4.9522333585e+00
647.50000000 1.9765123431e+01 2.8183287315e-03 0.0000000000e+00 2.8183287315e-03 1.9765124474e+01 0.0000000000e+00 0.0000000000e+00 0.0000000000e+00 4.9538694621e+00
648.00000000 1.9768607386e+01 2.8196181301e-03 0.0000000000e+00 2.8196181301e-03 1.9768608430e+01 0.0000000000e+00 0.0000000000e+00 0.0000000000e+00 4.9555149380e+00
648.50000000 1.9772097223e+01 2.8209097056e-03 0.0000000000e+00 2.8209097056e-03 1.9772098267e+01 0.0000000000e+00 0.0000000000e+00 0.0000000000e+00 4.9571698656e+00
649.00000000 1.9775592954e+01 2.8222034624e-03 0.0000000000e+00 2.8222034624e-03 1.9775593999e+01 0.0000000000e+00 0.0000000000e+00 0.0000000000e+00 4.9588343250e+00
649.50000000 1.9779094591e+01 2.8234994049e-03 0.0000000000e+00 2.8234994049e-03 1.9779095636e+01 0.0000000000e+00 0.0000000000e+00 0.0000000000e+00 4.9605083971e+00
650.00000000 1.9782602145e+01 2.8247975375e-03 0.0000000000e+00 2.8247975375e-03 1.9782603190e+01 0.0000000000e+00 0.0000000000e+00 0.0000000000e+00 4.9621921641e+00
650.50000000 1.9786115629e+01 2.8260978645e-03 0.0000000000e+00 2.8260978645e-03 1.9786116675e+01 0.0000000000e+00 0.0000000000e+00 0.0000000000e+00 4.9638857087e+00
651.00000000 1.9789635054e+01 2.8274003904e-03 0.0000000000e+00 2.8274003904e-03 1.9789636100e+01 0.0000000000e+00 0.0000000000e+00 0.0000000000e+00 4.9655891150e+00
651.50000000 1.9793160432e+01 2.8287051196e-03 0.0000000000e+00 2.8287051196e-03 1.9793161479e+01 0.0000000000e+00 0.0000000000e+00 0.0000000000e+00 4.9673024676e+00
652.00000000 1.9796691776e+01 2.8300120566e-03 0.0000000000e+00 2.8300120566e-03 1.9796692823e+01 0.0000000000e+00 0.0000000000e+00 0.0000000000e+00 4.9690258523e+00
652.50000000 1.9800229097e+01 2.8313212057e-03 0.0000000000e+00 2.8313212057e-03 1.9800230144e+01 0.0000000000e+00 0.0000000000e+00 0.0000000000e+00 4.9707593561e+00
653.00000000 1.9803772407e+01 2.8326325715e-03 0.0000000000e+00 2.8326325715e-03 1.9803773455e+01 0.0000000000e+00 0.0000000000e+00 0.0000000000e+00 4.9725030666e+00
653.50000000 1.9807321719e+01 2.8339461585e-03 0.0000000000e+00 2.8339461585e-03 1.9807322768e+01 0.0000000000e+00 0.0000000000e+00 0.0000000000e+00 4.9742570728e+00
654.00000000 1.9810877044e+01 2.8352619710e-03 0.0000000000e+00 2.8352619710e-03 1.9810878094e+01 0.0000000000e+00 0.0000000000e+00 0.0000000000e+00 4.9760214643e+00
654.50000000 1.9814438396e+01 2.8365800137e-03 0.0000000000e+00 2.8365800137e-03 1.9814439446e+01 0.0000000000e+00 0.0000000000e+00 0.0000000000e+00 4.9777963322e+00
655.00000000 1.9818005785e+01 2.8379002911e-03 0.0000000000e+00 2.8379002911e-03 1.9818006836e+01 0.0000000000e+00 0.0000000000e+00 0.0000000000e+00 4.9795817684e+00
655.50000000 1.9821579225e+01 2.8392228076e-03 0.0000000000e+00 2.8392228076e-03 1.9821580276e+01 0.0000000000e+00 0.0000000000e+00 0.0000000000e+00 4.9813778660e+00
656.00000000 1.9825158727e+01 2.8405475679e-03 0.0000000000e+00 2.8405475679e-03 1.9825159778e+01 0.0000000000e+00 0.0000000000e+00 0.0000000000e+00 4.9831847191e+00
656.50000000 1.9828744304e+01 2.8418745764e-03 0.0000000000e+00 2.8418745764e-03 1.9828745356e+01 0.0000000000e+00 0.0000000000e+00 0.0000000000e+00 4.9850024229e+00
657.00000000 1.9832335968e+01 2.8432038377e-03 0.0000000000e+00 2.8432038377e-03 1.9832337021e+01 0.0000000000e+00 0.0000000000e+00 0.0000000000e+00 4.9868310739e+00
657.50000000 1.9835933732e+01 2.8445353565e-03 0.0000000000e+00 2.8445353565e-03 1.9835934785e+01 0.0000000000e+00 0.0000000000e+00 0.0000000000e+00 4.9886707696e+00
658.00000000 1.9839537608e+01 2.8458691373e-03 0.0000000000e+00 2.8458691373e-03 1.9839538661e+01 0.0000000000e+00 0.0000000000e+00 0.0000000000e+00 4.9905216086e+00
658.50000000 1.9843147608e+01 2.8472051848e-03 0.0000000000e+00 2.8472051848e-03 1.9843148662e+01 0.0000000000e+00 0.0000000000e+00 0.0000000000e+00 4.9923836909e+00
659.00000000 1.9846763745e+01 2.8485435035e-03 0.0000000000e+00 2.8485435035e-03 1.9846764799e+01 0.0000000000e+00 0.0000000000e+00 0.0000000000e+00 4.9942571176e+00
659.50000000 1.9850386032e+01 2.8498840981e-03 0.0000000000e+00 2.8498840981e-03 1.9850387087e+01 0.0000000000e+00 0.0000000000e+00 0.0000000000e+00 4.9961419909e+00
660.00000000 1.9854014480e+01 2.8512269733e-03 0.0000000000e+00 2.8512269733e-03 1.9854015536e+01 0.0000000000e+00 0.0000000000e+00 0.0000000000e+00 4.9980384143e+00
660.50000000 1.9857649104e+01 2.8525721336e-03 0.0000000000e+00 2.8525721336e-03 1.9857650160e+01 0.0000000000e+00 0.0000000000e+00 0.0000000000e+00 4.9999464927e+00
661.00000000 1.9861289914e+01 2.8539195839e-03 0.0000000000e+00 2.8539195839e-03 1.9861290971e+01 0.0000000000e+00 0.0000000000e+00 0.0000000000e+00 5.0018663322e+00
661.50000000 1.9864936925e+01 2.8552693287e-03 0.0000000000e+00 2.8552693287e-03 1.9864937982e+01 0.0000000000e+00 0.0000000000e+00 0.0000000000e+00 5.0037980399e+00
662.00000000 1.9868590148e+01 2.8566213728e-03 0.0000000000e+00 2.8566213728e-03 1.9868591205e+01 0.0000000000e+00 0.0000000000e+00 0.0000000000e+00 5.0057417247e+00
662.50000000 1.9872249597e+01 2.8579757210e-03 0.0000000000e+00 2.8579757210e-03 1.9872250654e+01 0.0000000000e+00 0.0000000000e+00 0.0000000000e+00 5.0076974965e+00
663.00000000 1.9875915284e+01 2.8593323778e-03 0.0000000000e+00 2.8593323778e-03 1.9875916342e+01 0.0000000000e+00 0.0000000000e+00 0.0000000000e+00 5.0096654666e+00
663.50000000 1.9879587221e+01 2.8606913482e-03 0.0000000000e+00 2.8606913482e-03 1.9879588280e+01 0.0000000000e+00 0.0000000000e+00 0.0000000000e+00 5.0116457478e+00
664.00000000 1.9883265423e+01 2.8620526368e-03 0.0000000000e+00 2.8620526368e-03 1.9883266482e+01 0.0000000000e+00 0.0000000000e+00 0.0000000000e+00 5.0136384542e+00
664.50000000 1.9886949902e+01 2.8634162484e-03 0.0000000000e+00 2.8634162484e-03 1.9886950962e+01 0.0000000000e+00 0.0000000000e+00 0.0000000000e+00 5.0156437013e+00
665.00000000 1.9890640670e+01 2.8647821878e-03 0.0000000000e+00 2.8647821878e-03 1.9890641730e+01 0.0000000000e+00 0.0000000000e+00 0.0000000000e+00 5.0176616060e+00
665.50000000 1.9894337741e+01 2.8661504598e-03 0.0000000000e+00 2.8661504598e-03 1.9894338802e+01 0.0000000000e+00 0.0000000000e+00 0.0000000000e+00 5.0196922869e+00
666.00000000 1.9898041128e+01 2.8675210693e-03 0.0000000000e+00 2.8675210693e-03 1.9898042189e+01 0.0000000000e+00 0.0000000000e+00 0.0000000000e+00 5.0217358637e+00
666.50000000 1.9901750844e+01 2.8688940211e-03 0.0000000000e+00 2.8688940211e-03 1.9901751905e+01 0.0000000000e+00 0.0000000000e+00 0.0000000000e+00 5.0237924580e+00
667.00000000 1.9905466901e+01 2.8702693199e-03 0.0000000000e+00 2.8702693199e-03 1.9905467963e+01 0.0000000000e+00 0.0000000000e+00 0.0000000000e+00 5.0258621927e+00
667.50000000 1.9909189314e+01 2.8716469707e-03 0.0000000000e+00 2.8716469707e-03 1.9909190376e+01 0.0000000000e+00 0.0000000000e+00 0.0000000000e+00 5.0279451922e+00
668.00000000 1.9912918094e+01 2.8730269784e-03 0.0000000000e+00 2.8730269784e-03 1.9912919158e+01 0.0000000000e+00 0.0000000000e+00 0.0000000000e+00 5.0300415827e+00
668.50000000 1.9916653257e+01 2.8744093478e-03 0.0000000000e+00 2.8744093478e-03 1.9916654320e+01 0.0000000000e+00 0.0000000000e+00 0.0000000000e+00 5.0321514919e+00
669.00000000 1.9920394813e+01 2.8757940839e-03 0.0000000000e+00 2.8757940839e-03 1.9920395878e+01 0.0000000000e+00 0.0000000000e+00 0.0000000000e+00 5.0342750490e+00
669.50000000 1.9924142778e+01 2.8771811915e-03 0.0000000000e+00 2.8771811915e-03 1.9924143843e+01 0.0000000000e+00 0.0000000000e+00 0.0000000000e+00 5.0364123850e+00
670.00000000 1.9927897164e+01 2.8785706756e-03 0.0000000000e+00 2.8785706756e-03 1.9927898229e+01 0.0000000000e+00 0.0000000000e+00 0.0000000000e+00 5.0385636326e+00
670.50000000 1.9931657985e+01 2.8799625411e-03 0.0000000000e+00 2.8799625411e-03 1.9931659051e+01 0.0000000000e+00 0.0000000000e+00 0.0000000000e+00 5.0407289261e+00
671.00000000 1.9935425254e+01 2.8813567930e-03 0.0000000000e+00 2.8813567930e-03 1.9935426320e+01 0.0000000000e+00 0.0000000000e+00 0.0000000000e+00 5.0429084017e+00
671.50000000 1.9939198984e+01 2.8827534364e-03 0.0000000000e+00 2.8827534364e-03 1.9939200051e+01 0.0000000000e+00 0.0000000000e+00 0.0000000000e+00 5.0451021972e+00
672.00000000 1.9942979189e+01 2.8841524761e-03 0.0000000000e+00 2.8841524761e-03 1.9942980256e+01 0.0000000000e+00 0.0000000000e+00 0.0000000000e+00 5.0473104523e+00
672.50000000 1.9946765883e+01 2.8855539171e-03 0.0000000000e+00 2.8855539171e-03 1.9946766951e+01 0.0000000000e+00 0.0000000000e+00 0.0000000000e+00 5.0495333083e+00
673.00000000 1.9950559079e+01 2.8869577646e-03 0.0000000000e+00 2.8869577646e-03 1.9950560147e+01 0.0000000000e+00 0.0000000000e+00 0.0000000000e+00 5.0517709088e+00
673.50000000 1.9954358790e+01 2.8883640235e-03 0.0000000000e+00 2.8883640235e-03 1.9954359859e+01 0.0000000000e+00 0.0000000000e+00 0.0000000000e+00 5.0540233989e+00
674.00000000 1.9958165031e+01 2.8897726989e-03 0.0000000000e+00 2.8897726989e-03 1.9958166101e+01 0.0000000000e+00 0.0000000000e+00 0.0000000000e+00 5.0562909257e+00
674.50000000 1.9961977815e+01 2.8911837959e-03 0.0000000000e+00 2.8911837959e-03 1.9961978885e+01 0.0000000000e+00 0.0000000000e+00 0.0000000000e+00 5.0585736383e+00
675.00000000 1.9965797156e+01 2.8925973195e-03 0.0000000000e+00 2.8925973195e-03 1.9965798226e+01 0.0000000000e+00 0.0000000000e+00 0.0000000000e+00 5.0608716878e+00
675.50000000 1.9969623067e+01 2.8940132748e-03 0.0000000000e+00 2.8940132748e-03 1.9969624138e+01 0.0000000000e+00 0.0000000000e+00 0.0000000000e+00 5.0631852272e+00
676.00000000 1.9973455563e+01 2.8954316670e-03 0.0000000000e+00 2.8954316670e-03 1.9973456635e+01 0.0000000000e+00 0.0000000000e+00 0.0000000000e+00 5.0655144116e+00
676.50000000 1.9977294657e+01 2.8968525012e-03 0.0000000000e+00 2.8968525012e-03 1.9977295729e+01 0.0000000000e+00 0.0000000000e+00 0.0000000000e+00 5.0678593983e+00
677.00000000 1.9981140363e+01 2.8982757825e-03 0.0000000000e+00 2.8982757825e-03 1.9981141436e+01 0.0000000000e+00 0.0000000000e+00 0.0000000000e+00 5.0702203465e+00
677.50000000 1.9984992695e+01 2.8997015160e-03 0.0000000000e+00 2.8997015160e-03 1.9984993768e+01 0.0000000000e+00 0.0000000000e+00 0.0000000000e+00 5.0725974178e+00
678.00000000 1.9988851667e+01 2.9011297071e-03 0.0000000000e+00 2.9011297071e-03 1.9988852741e+01 0.0000000000e+00 0.0000000000e+00 0.0000000000e+00 5.0749907756e+00
678.50000000 1.9992717293e+01 2.9025603607e-03 0.0000000000e+00 2.9025603607e-03 1.9992718368e+01 0.0000000000e+00 0.0000000000e+00 0.0000000000e+00 5.0774005860e+00
679.00000000 1.9996589588e+01 2.9039934823e-03 0.0000000000e+00 2.9039934823e-03 1.9996590663e+01 0.0000000000e+00 0.0000000000e+00 0.0000000000e+00 5.0798270170e+00
679.50000000 2.0000468564e+01 2.9054290769e-03 0.0000000000e+00 2.9054290769e-03 2.0000469640e+01 0.0000000000e+00 0.0000000000e+00 0.0000000000e+00 5.0822702390e+00
680.00000000 2.0004354237e+01 2.9068671498e-03 0.0000000000e+00 2.9068671498e-03 2.0004355313e+01 0.0000000000e+00 0.0000000000e+00 0.0000000000e+00 5.0847304249e+00
680.50000000 2.0008246621e+01 2.9083077062e-03 0.0000000000e+00 2.9083077062e-03 2.0008247697e+01 0.0000000000e+00 0.0000000000e+00 0.0000000000e+00 5.0872077497e+00
681.00000000 2.0012145729e+01 2.9097507515e-03 0.0000000000e+00 2.9097507515e-03 2.0012146806e+01 0.0000000000e+00 0.0000000000e+00 0.0000000000e+00 5.0897023911e+00
681.50000000 2.0016051577e+01 2.9111962909e-03 0.0000000000e+00 2.9111962909e-03 2.0016052654e+01 0.0000000000e+00 0.0000000000e+00 0.0000000000e+00 5.0922145289e+00
682.00000000 2.0019964178e+01 2.9126443298e-03 0.0000000000e+00 2.9126443298e-03 2.0019965256e+01 0.0000000000e+00 0.0000000000e+00 0.0000000000e+00 5.0947443459e+00
682.50000000 2.0023883547e+01 2.9140948733e-03 0.0000000000e+00 2.9140948733e-03 2.0023884625e+01 0.0000000000e+00 0.0000000000e+00 0.0000000000e+00 5.0972920270e+00
683.00000000 2.0027809697e+01 2.9155479270e-03 0.0000000000e+00 2.9155479270e-03 2.0027810776e+01 0.0000000000e+00 0.0000000000e+00 0.0000000000e+00 5.0998577599e+00
683.50000000 2.0031742645e+01 2.9170034960e-03 0.0000000000e+00 2.9170034960e-03 2.0031743725e+01 0.0000000000e+00 0.0000000000e+00 0.0000000000e+00 5.1024417350e+00
684.00000000 2.0035682404e+01 2.9184615859e-03 0.0000000000e+00 2.9184615859e-03 2.0035683484e+01 0.0000000000e+00 0.0000000000e+00 0.0000000000e+00 5.1050441452e+00
684.50000000 2.0039628988e+01 2.9199222018e-03 0.0000000000e+00 2.9199222018e-03 2.0039630069e+01 0.0000000000e+00 0.0000000000e+00 0.0000000000e+00 5.1076651862e+00
685.00000000 2.0043582413e+01 2.9213853494e-03 0.0000000000e+00 2.9213853494e-03 2.0043583494e+01 0.0000000000e+00 0.0000000000e+00 0.0000000000e+00 5.1103050566e+00
685.50000000 2.0047542692e+01 2.9228510339e-03 0.0000000000e+00 2.9228510339e-03 2.0047543774e+01 0.0000000000e+00 0.0000000000e+00 0.0000000000e+00 5.1129639577e+00
686.00000000 2.0051509841e+01 2.9243192608e-03 0.0000000000e+00 2.9243192608e-03 2.0051510924e+01 0.0000000000e+00 0.0000000000e+00 0.0000000000e+00 5.1156420937e+00
686.50000000 2.0055483875e+01 2.9257900356e-03 0.0000000000e+00 2.9257900356e-03 2.0055484958e+01 0.0000000000e+00 0.0000000000e+00 0.0000000000e+00 5.1183396717e+00
687.00000000 2.0059464807e+01 2.9272633637e-03 0.0000000000e+00 2.9272633637e-03 2.0059465891e+01 0.0000000000e+00 0.0000000000e+00 0.0000000000e+00 5.1210569020e+00
687.50000000 2.0063452654e+01 2.9287392505e-03 0.0000000000e+00 2.9287392505e-03 2.0063453738e+01 0.0000000000e+00 0.0000000000e+00 0.0000000000e+00 5.1237939976e+00
688.00000000 2.0067447429e+01 2.9302177017e-03 0.0000000000e+00 2.9302177017e-03 2.0067448513e+01 0.0000000000e+00 0.0000000000e+00 0.0000000000e+00 5.1265511749e+00
688.50000000 2.0071449147e+01 2.9316987227e-03 0.0000000000e+00 2.9316987227e-03 2.0071450232e+01 0.0000000000e+00 0.0000000000e+00 0.0000000000e+00 5.1293286533e+00
689.00000000 2.0075457825e+01 2.9331823190e-03 0.0000000000e+00 2.9331823190e-03 2.0075458910e+01 0.0000000000e+00 0.0000000000e+00 0.0000000000e+00 5.1321266554e+00
689.50000000 2.0079473475e+01 2.9346684962e-03 0.0000000000e+00 2.9346684962e-03 2.0079474561e+01 0.0000000000e+00 0.0000000000e+00 0.0000000000e+00 5.1349454071e+00
690.00000000 2.0083496115e+01 2.9361572598e-03 0.0000000000e+00 2.9361572598e-03 2.0083497201e+01 0.0000000000e+00 0.0000000000e+00 0.0000000000e+00 5.1377851376e+00
690.50000000 2.0087525758e+01 2.9376486154e-03 0.0000000000e+00 2.9376486154e-03 2.0087526845e+01 0.0000000000e+00 0.0000000000e+00 0.0000000000e+00 5.1406460796e+00
691.00000000 2.0091562419e+01 2.9391425687e-03 0.0000000000e+00 2.9391425687e-03 2.0091563507e+01 0.0000000000e+00 0.0000000000e+00 0.0000000000e+00 5.1435284691e+00
691.50000000 2.0095606115e+01 2.9406391252e-03 0.0000000000e+00 2.9406391252e-03 2.0095607203e+01 0.0000000000e+00 0.0000000000e+00 0.0000000000e+00 5.1464325457e+00
692.00000000 2.0099656860e+01 2.9421382906e-03 0.0000000000e+00 2.9421382906e-03 2.0099657949e+01 0.0000000000e+00 0.0000000000e+00 0.0000000000e+00 5.1493585525e+00
692.50000000 2.0103714669e+01 2.9436400705e-03 0.0000000000e+00 2.9436400705e-03 2.0103715759e+01 0.0000000000e+00 0.0000000000e+00 0.0000000000e+00 5.1523067365e+00
693.00000000 2.0107779558e+01 2.9451444706e-03 0.0000000000e+00 2.9451444706e-03 2.0107780648e+01 0.0000000000e+00 0.0000000000e+00 0.0000000000e+00 5.1552773480e+00
693.50000000 2.0111851543e+01 2.9466514966e-03 0.0000000000e+00 2.9466514966e-03 2.0111852633e+01 0.0000000000e+00 0.0000000000e+00 0.0000000000e+00 5.1582706414e+00
694.00000000 2.0115930637e+01 2.9481611541e-03 0.0000000000e+00 2.9481611541e-03 2.0115931728e+01 0.0000000000e+00 0.0000000000e+00 0.0000000000e+00 5.1612868750e+00
694.50000000 2.0120016858e+01 2.9496734490e-03 0.0000000000e+00 2.9496734490e-03 2.0120017950e+01 0.0000000000e+00 0.0000000000e+00 0.0000000000e+00 5.1643263107e+00
695.00000000 2.0124110220e+01 2.9511883869e-03 0.0000000000e+00 2.9511883869e-03 2.0124111312e+01 0.0000000000e+00 0.0000000000e+00 0.0000000000e+00 5.1673892148e+00
695.50000000 2.0128210739e+01 2.9527059735e-03 0.0000000000e+00 2.9527059735e-03 2.0128211832e+01 0.0000000000e+00 0.0000000000e+00 0.0000000000e+00 5.1704758574e+00
696.00000000 2.0132318431e+01 2.9542262147e-03 0.0000000000e+00 2.9542262147e-03 2.0132319524e+01 0.0000000000e+00 0.0000000000e+00 0.0000000000e+00 5.1735865129e+00
696.50000000 2.0136433311e+01 2.9557491163e-03 0.0000000000e+00 2.9557491163e-03 2.0136434405e+01 0.0000000000e+00 0.0000000000e+00 0.0000000000e+00 5.1767214598e+00
697.00000000 2.0140555395e+01 2.9572746840e-03 0.0000000000e+00 2.9572746840e-03 2.0140556489e+01 0.0000000000e+00 0.0000000000e+00 0.0000000000e+00 5.1798809812e+00
697.50000000 2.0144684699e+01 2.9588029237e-03 0.0000000000e+00 2.9588029237e-03 2.0144685794e+01 0.0000000000e+00 0.0000000000e+00 0.0000000000e+00 5.1830653644e+00
698.00000000 2.0148821238e+01 2.9603338413e-03 0.0000000000e+00 2.9603338413e-03 2.0148822333e+01 0.0000000000e+00 0.0000000000e+00 0.0000000000e+00 5.1862749012e+00
698.50000000 2.0152965028e+01 2.9618674425e-03 0.0000000000e+00 2.9618674425e-03 2.0152966124e+01 0.0000000000e+00 0.0000000000e+00 0.0000000000e+00 5.1895098880e+00
699.00000000 2.0157116086e+01 2.9634037333e-03 0.0000000000e+00 2.9634037333e-03 2.0157117183e+01 0.0000000000e+00 0.0000000000e+00 0.0000000000e+00 5.1927706259e+00
699.50000000 2.0161274427e+01 2.9649427195e-03 0.0000000000e+00 2.9649427195e-03 2.0161275524e+01 0.0000000000e+00 0.0000000000e+00 0.0000000000e+00 5.1960574208e+00
700.00000000 2.0165440067e+01 2.9664844072e-03 0.0000000000e+00 2.9664844072e-03 2.0165441165e+01 0.0000000000e+00 0.0000000000e+00 0.0000000000e+00 5.1993705834e+00
700.50000000 2.0169613022e+01 2.9680288021e-03 0.0000000000e+00 2.9680288021e-03 2.0169614120e+01 0.0000000000e+00 0.0000000000e+00 0.0000000000e+00 5.2027104294e+00
701.00000000 2.0173793308e+01 2.9695759103e-03 0.0000000000e+00 2.9695759103e-03 2.0173794407e+01 0.0000000000e+00 0.0000000000e+00 0.0000000000e+00 5.2060772796e+00
701.50000000 2.0177980942e+01 2.9711257378e-03 0.0000000000e+00 2.9711257378e-03 2.0177982042e+01 0.0000000000e+00 0.0000000000e+00 0.0000000000e+00 5.2094714598e+00
702.00000000 2.0182175940e+01 2.9726782905e-03 0.0000000000e+00 2.9726782905e-03 2.0182177040e+01 0.0000000000e+00 0.0000000000e+00 0.0000000000e+00 5.2128933012e+00
702.50000000 2.0186378317e+01 2.9742335745e-03 0.0000000000e+00 2.9742335745e-03 2.0186379418e+01 0.0000000000e+00 0.0000000000e+00 0.0000000000e+00 5.2163431404e+00
703.00000000 2.0190588090e+01 2.9757915957e-03 0.0000000000e+00 2.9757915957e-03 2.0190589192e+01 0.0000000000e+00 0.0000000000e+00 0.0000000000e+00 5.2198213193e+00
703.50000000 2.0194805276e+01 2.9773523602e-03 0.0000000000e+00 2.9773523602e-03 2.0194806378e+01 0.0000000000e+00 0.0000000000e+00 0.0000000000e+00 5.2233281855e+00
704.00000000 2.0199029891e+01 2.9789158741e-03 0.0000000000e+00 2.9789158741e-03 2.0199030993e+01 0.0000000000e+00 0.0000000000e+00 0.0000000000e+00 5.2268640924e+00
704.50000000 2.0203261950e+01 2.9804821435e-03 0.0000000000e+00 2.9804821435e-03 2.0203263054e+01 0.0000000000e+00 0.0000000000e+00 0.0000000000e+00 5.2304293991e+00
705.00000000 2.0207501472e+01 2.9820511745e-03 0.0000000000e+00 2.9820511745e-03 2.0207502576e+01 0.0000000000e+00 0.0000000000e+00 0.0000000000e+00 5.2340244707e+00
705.50000000 2.0211748472e+01 2.9836229731e-03 0.0000000000e+00 2.9836229731e-03 2.0211749576e+01 0.0000000000e+00 0.0000000000e+00 0.0000000000e+00 5.2376496782e+00
706.00000000 2.0216002967e+01 2.9851975456e-03 0.0000000000e+00 2.9851975456e-03 2.0216004072e+01 0.0000000000e+00 0.0000000000e+00 0.0000000000e+00 5.2413053991e+00
706.50000000 2.0220264973e+01 2.9867748980e-03 0.0000000000e+00 2.9867748980e-03 2.0220266079e+01 0.0000000000e+00 0.0000000000e+00 0.0000000000e+00 5.2449920170e+00
707.00000000 2.0224534508e+01 2.9883550367e-03 0.0000000000e+00 2.9883550367e-03 2.0224535614e+01 0.0000000000e+00 0.0000000000e+00 0.0000000000e+00 5.2487099220e+00
707.50000000 2.0228811587e+01 2.9899379677e-03 0.0000000000e+00 2.9899379677e-03 2.0228812694e+01 0.0000000000e+00 0.0000000000e+00 0.0000000000e+00 5.2524595108e+00
708.00000000 2.0233096229e+01 2.9915236973e-03 0.0000000000e+00 2.9915236973e-03 2.0233097336e+01 0.0000000000e+00 0.0000000000e+00 0.0000000000e+00 5.2562411868e+00
708.50000000 2.0237388449e+01 2.9931122317e-03 0.0000000000e+00 2.9931122317e-03 2.0237389556e+01 0.0000000000e+00 0.0000000000e+00 0.0000000000e+00 5.2600553604e+00
709.00000000 2.0241688264e+01 2.9947035772e-03 0.0000000000e+00 2.9947035772e-03 2.0241689373e+01 0.0000000000e+00 0.0000000000e+00 0.0000000000e+00 5.2639024488e+00
709.50000000 2.0245995692e+01 2.9962977401e-03 0.0000000000e+00 2.9962977401e-03 2.0245996801e+01 0.0000000000e+00 0.0000000000e+00 0.0000000000e+00 5.2677828765e+00
710.00000000 2.0250310750e+01 2.9978947266e-03 0.0000000000e+00 2.9978947266e-03 2.0250311859e+01 0.0000000000e+00 0.0000000000e+00 0.0000000000e+00 5.2716970755e+00
710.50000000 2.0254633454e+01 2.9994945431e-03 0.0000000000e+00 2.9994945431e-03 2.0254634564e+01 0.0000000000e+00 0.0000000000e+00 0.0000000000e+00 5.2756454849e+00
711.00000000 2.0258963822e+01 3.0010971959e-03 0.0000000000e+00 3.0010971959e-03 2.0258964933e+01 0.0000000000e+00 0.0000000000e+00 0.0000000000e+00 5.2796285518e+00
711.50000000 2.0263301871e+01 3.0027026914e-03 0.0000000000e+00 3.0027026914e-03 2.0263302982e+01 0.0000000000e+00 0.0000000000e+00 0.0000000000e+00 5.2836467309e+00
712.00000000 2.0267647618e+01 3.0043110359e-03 0.0000000000e+00 3.0043110359e-03 2.0267648730e+01 0.0000000000e+00 0.0000000000e+00 0.0000000000e+00 5.2877004850e+00
712.50000000 2.0272001080e+01 3.0059222359e-03 0.0000000000e+00 3.0059222359e-03 2.0272002193e+01 0.0000000000e+00 0.0000000000e+00 0.0000000000e+00 5.2917902849e+00
713.00000000 2.0276362275e+01 3.0075362977e-03 0.0000000000e+00 3.0075362977e-03 2.0276363388e+01 0.0000000000e+00 0.0000000000e+00 0.0000000000e+00 5.2959166100e+00
713.50000000 2.0280731220e+01 3.0091532278e-03 0.0000000000e+00 3.0091532278e-03 2.0280732334e+01 0.0000000000e+00 0.0000000000e+00 0.0000000000e+00 5.3000799479e+00
714.00000000 2.0285107933e+01 3.0107730327e-03 0.0000000000e+00 3.0107730327e-03 2.0285109047e+01 0.0000000000e+00 0.0000000000e+00 0.0000000000e+00 5.3042807953e+00
714.50000000 2.0289492431e+01 3.0123957188e-03 0.0000000000e+00 3.0123957188e-03 2.0289493546e+01 0.0000000000e+00 0.0000000000e+00 0.0000000000e+00 5.3085196575e+00
715.00000000 2.0293884731e+01 3.0140212926e-03 0.0000000000e+00 3.0140212926e-03 2.0293885847e+01 0.0000000000e+00 0.0000000000e+00 0.0000000000e+00 5.3127970491e+00
715.50000000 2.0298284852e+01 3.0156497607e-03 0.0000000000e+00 3.0156497607e-03 2.0298285968e+01 0.0000000000e+00 0.0000000000e+00 0.0000000000e+00 5.3171134939e+00
716.00000000 2.0302692811e+01 3.0172811295e-03 0.0000000000e+00 3.0172811295e-03 2.0302693927e+01 0.0000000000e+00 0.0000000000e+00 0.0000000000e+00 5.3214695252e+00
716.50000000 2.0307108625e+01 3.0189154057e-03 0.0000000000e+00 3.0189154057e-03 2.0307109742e+01 0.0000000000e+00 0.0000000000e+00 0.0000000000e+00 5.3258656862e+00
717.00000000 2.0311532313e+01 3.0205525959e-03 0.0000000000e+00 3.0205525959e-03 2.0311533431e+01 0.0000000000e+00 0.0000000000e+00 0.0000000000e+00 5.3303025300e+00
717.50000000 2.0315963892e+01 3.0221927065e-03 0.0000000000e+00 3.0221927065e-03 2.0315965010e+01 0.0000000000e+00 0.0000000000e+00 0.0000000000e+00 5.3347806199e+00
718.00000000 2.0320403380e+01 3.0238357443e-03 0.0000000000e+00 3.0238357443e-03 2.0320404499e+01 0.0000000000e+00 0.0000000000e+00 0.0000000000e+00 5.3393005296e+00
718.50000000 2.0324850795e+01 3.0254817159e-03 0.0000000000e+00 3.0254817159e-03 2.0324851915e+01 0.0000000000e+00 0.0000000000e+00 0.0000000000e+00 5.3438628434e+00
719.00000000 2.0329306156e+01 3.0271306280e-03 0.0000000000e+00 3.0271306280e-03 2.0329307276e+01 0.0000000000e+00 0.0000000000e+00 0.0000000000e+00 5.3484681569e+00
719.50000000 2.0333769479e+01 3.0287824872e-03 0.0000000000e+00 3.0287824872e-03 2.0333770600e+01 0.0000000000e+00 0.0000000000e+00 0.0000000000e+00 5.3531170764e+00
720.00000000 2.0338240784e+01 3.0304373003e-03 0.0000000000e+00 3.0304373003e-03 2.0338241906e+01 0.0000000000e+00 0.0000000000e+00 0.0000000000e+00 5.3578102200e+00
720.50000000 2.0342720088e+01 3.0320950739e-03 0.0000000000e+00 3.0320950739e-03 2.0342721211e+01 0.0000000000e+00 0.0000000000e+00 0.0000000000e+00 5.3625482173e+00
721.00000000 2.0347207411e+01 3.0337558149e-03 0.0000000000e+00 3.0337558149e-03 2.0347208533e+01 0.0000000000e+00 0.0000000000e+00 0.0000000000e+00 5.3673317100e+00
721.50000000 2.0351702769e+01 3.0354195300e-03 0.0000000000e+00 3.0354195300e-03 2.0351703892e+01 0.0000000000e+00 0.0000000000e+00 0.0000000000e+00 5.3721613521e+00
722.00000000 2.0356206181e+01 3.0370862260e-03 0.0000000000e+00 3.0370862260e-03 2.0356207305e+01 0.0000000000e+00 0.0000000000e+00 0.0000000000e+00 5.3770378102e+00
722.50000000 2.0360717667e+01 3.0387559097e-03 0.0000000000e+00 3.0387559097e-03 2.0360718791e+01 0.0000000000e+00 0.0000000000e+00 0.0000000000e+00 5.3819617637e+00
723.00000000 2.0365237243e+01 3.0404285879e-03 0.0000000000e+00 3.0404285879e-03 2.0365238368e+01 0.0000000000e+00 0.0000000000e+00 0.0000000000e+00 5.3869339052e+00
723.50000000 2.0369764930e+01 3.0421042676e-03 0.0000000000e+00 3.0421042676e-03 2.0369766056e+01 0.0000000000e+00 0.0000000000e+00 0.0000000000e+00 5.3919549408e+00
724.00000000 2.0374300744e+01 3.0437829555e-03 0.0000000000e+00 3.0437829555e-03 2.0374301871e+01 0.0000000000e+00 0.0000000000e+00 0.0000000000e+00 5.3970255906e+00
724.50000000 2.0378844706e+01 3.0454646586e-03 0.0000000000e+00 3.0454646586e-03 2.0378845834e+01 0.0000000000e+00 0.0000000000e+00 0.0000000000e+00 5.4021465888e+00
725.00000000 2.0383396834e+01 3.0471493839e-03 0.0000000000e+00 3.0471493839e-03 2.0383397962e+01 0.0000000000e+00 0.0000000000e+00 0.0000000000e+00 5.4073186840e+00
725.50000000 2.0387957146e+01 3.0488371382e-03 0.0000000000e+00 3.0488371382e-03 2.0387958275e+01 0.0000000000e+00 0.0000000000e+00 0.0000000000e+00 5.4125426399e+00
726.00000000 2.0392525662e+01 3.0505279286e-03 0.0000000000e+00 3.0505279286e-03 2.0392526791e+01 0.0000000000e+00 0.0000000000e+00 0.0000000000e+00 5.4178192354e+00
726.50000000 2.0397102400e+01 3.0522217620e-03 0.0000000000e+00 3.0522217620e-03 2.0397103529e+01 0.0000000000e+00 0.0000000000e+00 0.0000000000e+00 5.4231492650e+00
727.00000000 2.0401687379e+01 3.0539186454e-03 0.0000000000e+00 3.0539186454e-03 2.0401688509e+01 0.0000000000e+00 0.0000000000e+00 0.0000000000e+00 5.4285335393e+00
727.50000000 2.0406280618e+01 3.0556185859e-03 0.0000000000e+00 3.0556185859e-03 2.0406281749e+01 0.0000000000e+00 0.0000000000e+00 0.0000000000e+00 5.4339728854e+00
728.00000000 2.0410882137e+01 3.0573215906e-03 0.0000000000e+00 3.0573215906e-03 2.0410883268e+01 0.0000000000e+00 0.0000000000e+00 0.0000000000e+00 5.4394681472e+00
728.50000000 2.0415491954e+01 3.0590276665e-03 0.0000000000e+00 3.0590276665e-03 2.0415493086e+01 0.0000000000e+00 0.0000000000e+00 0.0000000000e+00 5.4450201859e+00
729.00000000 2.0420110088e+01 3.0607368207e-03 0.0000000000e+00 3.0607368207e-03 2.0420111221e+01 0.0000000000e+00 0.0000000000e+00 0.0000000000e+00 5.4506298805e+00
729.50000000 2.0424736560e+01 3.0624490604e-03 0.0000000000e+00 3.0624490604e-03 2.0424737693e+01 0.0000000000e+00 0.0000000000e+00 0.0000000000e+00 5.4562981283e+00
730.00000000 2.0429371388e+01 3.0641643926e-03 0.0000000000e+00 3.0641643926e-03 2.0429372522e+01 0.0000000000e+00 0.0000000000e+00 0.0000000000e+00 5.4620258450e+00
730.50000000 2.0434014591e+01 3.0658828247e-03 0.0000000000e+00 3.0658828247e-03 2.0434015726e+01 0.0000000000e+00 0.0000000000e+00 0.0000000000e+00 5.4678139658e+00
731.00000000 2.0438666190e+01 3.0676043637e-03 0.0000000000e+00 3.0676043637e-03 2.0438667325e+01 0.0000000000e+00 0.0000000000e+00 0.0000000000e+00 5.4736634453e+00
731.50000000 2.0443326203e+01 3.0693290170e-03 0.0000000000e+00 3.0693290170e-03 2.0443327339e+01 0.0000000000e+00 0.0000000000e+00 0.0000000000e+00 5.4795752585e+00
732.00000000 2.0447994650e+01 3.0710567917e-03 0.0000000000e+00 3.0710567917e-03 2.0447995786e+01 0.0000000000e+00 0.0000000000e+00 0.0000000000e+00 5.4855504010e+00
732.50000000 2.0452671551e+01 3.0727876951e-03 0.0000000000e+00 3.0727876951e-03 2.0452672688e+01 0.0000000000e+00 0.0000000000e+00 0.0000000000e+00 5.4915898898e+00
733.00000000 2.0457356925e+01 3.0745217345e-03 0.0000000000e+00 3.0745217345e-03 2.0457358063e+01 0.0000000000e+00 0.0000000000e+00 0.0000000000e+00 5.4976947636e+00
733.50000000 2.0462050793e+01 3.0762589173e-03 0.0000000000e+00 3.0762589173e-03 2.0462051932e+01 0.0000000000e+00 0.0000000000e+00 0.0000000000e+00 5.5038660837e+00
734.00000000 2.0466753174e+01 3.0779992507e-03 0.0000000000e+00 3.0779992507e-03 2.0466754313e+01 0.0000000000e+00 0.0000000000e+00 0.0000000000e+00 5.5101049344e+00
734.50000000 2.0471464088e+01 3.0797427421e-03 0.0000000000e+00 3.0797427421e-03 2.0471465228e+01 0.0000000000e+00 0.0000000000e+00 0.0000000000e+00 5.5164124235e+00
735.00000000 2.0476183555e+01 3.0814893990e-03 0.0000000000e+00 3.0814893990e-03 2.0476184695e+01 0.0000000000e+00 0.0000000000e+00 0.0000000000e+00 5.5227896834e+00
735.50000000 2.0480911595e+01 3.0832392287e-03 0.0000000000e+00 3.0832392287e-03 2.0480912736e+01 0.0000000000e+00 0.0000000000e+00 0.0000000000e+00 5.5292378714e+00
736.00000000 2.0485648227e+01 3.0849922386e-03 0.0000000000e+00 3.0849922386e-03 2.0485649369e+01 0.0000000000e+00 0.0000000000e+00 0.0000000000e+00 5.5357581704e+00
736.50000000 2.0490393474e+01 3.0867484363e-03 0.0000000000e+00 3.0867484363e-03 2.0490394616e+01 0.0000000000e+00 0.0000000000e+00 0.0000000000e+00 5.5423517897e+00
737.00000000 2.0495147353e+01 3.0885078292e-03 0.0000000000e+00 3.0885078292e-03 2.0495148496e+01 0.0000000000e+00 0.0000000000e+00 0.0000000000e+00 5.5490199660e+00
737.50000000 2.0499909886e+01 3.0902704248e-03 0.0000000000e+00 3.0902704248e-03 2.0499911030e+01 0.0000000000e+00 0.0000000000e+00 0.0000000000e+00 5.5557639637e+00
738.00000000 2.0504681094e+01 3.0920362306e-03 0.0000000000e+00 3.0920362306e-03 2.0504682238e+01 0.0000000000e+00 0.0000000000e+00 0.0000000000e+00 5.5625850757e+00
738.50000000 2.0509460996e+01 3.0938052543e-03 0.0000000000e+00 3.0938052543e-03 2.0509462141e+01 0.0000000000e+00 0.0000000000e+00 0.0000000000e+00 5.5694846249e+00
739.00000000 2.0514249613e+01 3.0955775033e-03 0.0000000000e+00 3.0955775033e-03 2.0514250758e+01 0.0000000000e+00 0.0000000000e+00 0.0000000000e+00 5.5764639641e+00
739.50000000 2.0519046965e+01 3.0973529854e-03 0.0000000000e+00 3.0973529854e-03 2.0519048111e+01 0.0000000000e+00 0.0000000000e+00 0.0000000000e+00 5.5835244776e+00
740.00000000 2.0523853074e+01 3.0991317080e-03 0.0000000000e+00 3.0991317080e-03 2.0523854221e+01 0.0000000000e+00 0.0000000000e+00 0.0000000000e+00 5.5906675818e+00
740.50000000 2.0528667959e+01 3.1009136790e-03 0.0000000000e+00 3.1009136790e-03 2.0528669107e+01 0.0000000000e+00 0.0000000000e+00 0.0000000000e+00 5.5978947261e+00
741.00000000 2.0533491643e+01 3.1026989059e-03 0.0000000000e+00 3.1026989059e-03 2.0533492791e+01 0.0000000000e+00 0.0000000000e+00 0.0000000000e+00 5.6052073940e+00
741.50000000 2.0538324144e+01 3.1044873965e-03 0.0000000000e+00 3.1044873965e-03 2.0538325293e+01 0.0000000000e+00 0.0000000000e+00 0.0000000000e+00 5.6126071040e+00
742.00000000 2.0543165485e+01 3.1062791586e-03 0.0000000000e+00 3.1062791586e-03 2.0543166635e+01 0.0000000000e+00 0.0000000000e+00 0.0000000000e+00 5.6200954107e+00
742.50000000 2.0548015687e+01 3.1080741998e-03 0.0000000000e+00 3.1080741998e-03 2.0548016837e+01 0.0000000000e+00 0.0000000000e+00 0.0000000000e+00 5.6276739059e+00
743.00000000 2.0552874769e+01 3.1098725279e-03 0.0000000000e+00 3.1098725279e-03 2.0552875920e+01 0.0000000000e+00 0.0000000000e+00 0.0000000000e+00 5.6353442196e+00
743.50000000 2.0557742754e+01 3.1116741509e-03 0.0000000000e+00 3.1116741509e-03 2.0557743906e+01 0.0000000000e+00 0.0000000000e+00 0.0000000000e+00 5.6431080214e+00
744.00000000 2.0562619663e+01 3.1134790764e-03 0.0000000000e+00 3.1134790764e-03 2.0562620815e+01 0.0000000000e+00 0.0000000000e+00 0.0000000000e+00 5.6509670212e+00
744.50000000 2.0567505517e+01 3.1152873124e-03 0.0000000000e+00 3.1152873124e-03 2.0567506670e+01 0.0000000000e+00 0.0000000000e+00 0.0000000000e+00 5.6589229711e+00
745.00000000 2.0572400337e+01 3.1170988668e-03 0.0000000000e+00 3.1170988668e-03 2.0572401490e+01 0.0000000000e+00 0.0000000000e+00 0.0000000000e+00 5.6669776661e+00
745.50000000 2.0577304144e+01 3.1189137474e-03 0.0000000000e+00 3.1189137474e-03 2.0577305298e+01 0.0000000000e+00 0.0000000000e+00 0.0000000000e+00 5.6751329460e+00
746.00000000 2.0582216961e+01 3.1207319622e-03 0.0000000000e+00 3.1207319622e-03 2.0582218116e+01 0.0000000000e+00 0.0000000000e+00 0.0000000000e+00 5.6833906960e+00
746.50000000 2.0587138808e+01 3.1225535192e-03 0.0000000000e+00 3.1225535192e-03 2.0587139963e+01 0.0000000000e+00 0.0000000000e+00 0.0000000000e+00 5.6917528490e+00
747.00000000 2.0592069707e+01 3.1243784264e-03 0.0000000000e+00 3.1243784264e-03 2.0592070863e+01 0.0000000000e+00 0.0000000000e+00 0.0000000000e+00 5.7002213865e+00
747.50000000 2.0597009680e+01 3.1262066918e-03 0.0000000000e+00 3.1262066918e-03 2.0597010837e+01 0.0000000000e+00 0.0000000000e+00 0.0000000000e+00 5.7087983405e+00
748.00000000 2.0601958749e+01 3.1280383234e-03 0.0000000000e+00 3.1280383234e-03 2.0601959906e+01 0.0000000000e+00 0.0000000000e+00 0.0000000000e+00 5.7174857946e+00
748.50000000 2.0606916935e+01 3.1298733293e-03 0.0000000000e+00 3.1298733293e-03 2.0606918093e+01 0.0000000000e+00 0.0000000000e+00 0.0000000000e+00 5.7262858864e+00
749.00000000 2.0611884260e+01 3.1317117177e-03 0.0000000000e+00 3.1317117177e-03 2.0611885419e+01 0.0000000000e+00 0.0000000000e+00 0.0000000000e+00 5.7352008085e+00
749.50000000 2.0616860746e+01 3.1335534966e-03 0.0000000000e+00 3.1335534966e-03 2.0616861906e+01 0.0000000000e+00 0.0000000000e+00 0.0000000000e+00 5.7442328110e+00
750.00000000 2.0621846416e+01 3.1353986741e-03 0.0000000000e+00 3.1353986741e-03 2.0621847577e+01 0.0000000000e+00 0.0000000000e+00 0.0000000000e+00 5.7533842025e+00
750.50000000 2.0626841291e+01 3.1372472586e-03 0.0000000000e+00 3.1372472586e-03 2.0626842452e+01 0.0000000000e+00 0.0000000000e+00 0.0000000000e+00 5.7626573531e+00
751.00000000 2.0631845394e+01 3.1390992581e-03 0.0000000000e+00 3.1390992581e-03 2.0631846556e+01 0.0000000000e+00 0.0000000000e+00 0.0000000000e+00 5.7720546953e+00
751.50000000 2.0636858747e+01 3.1409546810e-03 0.0000000000e+00 3.1409546810e-03 2.0636859909e+01 0.0000000000e+00 0.0000000000e+00 0.0000000000e+00 5.7815787270e+00
752.00000000 2.0641881371e+01 3.1428135354e-03 0.0000000000e+00 3.1428135354e-03 2.0641882534e+01 0.0000000000e+00 0.0000000000e+00 0.0000000000e+00 5.7912320134e+00
752.50000000 2.0646913291e+01 3.1446758297e-03 0.0000000000e+00 3.1446758297e-03 2.0646914454e+01 0.0000000000e+00 0.0000000000e+00 0.0000000000e+00 5.8010171888e+00
753.00000000 2.0651954527e+01 3.1465415722e-03 0.0000000000e+00 3.1465415722e-03 2.0651955691e+01 0.0000000000e+00 0.0000000000e+00 0.0000000000e+00 5.8109369599e+00
753.50000000 2.0657005103e+01 3.1484107712e-03 0.0000000000e+00 3.1484107712e-03 2.0657006268e+01 0.0000000000e+00 0.0000000000e+00 0.0000000000e+00 5.8209941072e+00
754.00000000 2.0662065041e+01 3.1502834352e-03 0.0000000000e+00 3.1502834352e-03 2.0662066207e+01 0.0000000000e+00 0.0000000000e+00 0.0000000000e+00 5.8311914884e+00
754.50000000 2.0667134364e+01 3.1521595725e-03 0.0000000000e+00 3.1521595725e-03 2.0667135530e+01 0.0000000000e+00 0.0000000000e+00 0.0000000000e+00 5.8415320407e+00
755.00000000 2.0672213094e+01 3.1540391915e-03 0.0000000000e+00 3.1540391915e-03 2.0672214262e+01 0.0000000000e+00 0.0000000000e+00 0.0000000000e+00 5.8520187836e+00
755.50000000 2.0677301255e+01 3.1559223008e-03 0.0000000000e+00 3.1559223008e-03 2.0677302423e+01 0.0000000000e+00 0.0000000000e+00 0.0000000000e+00 5.8626548219e+00
756.00000000 2.0682398870e+01 3.1578089087e-03 0.0000000000e+00 3.1578089087e-03 2.0682400039e+01 0.0000000000e+00 0.0000000000e+00 0.0000000000e+00 5.8734433484e+00
756.50000000 2.0687505961e+01 3.1596990239e-03 0.0000000000e+00 3.1596990239e-03 2.0687507131e+01 0.0000000000e+00 0.0000000000e+00 0.0000000000e+00 5.8843876476e+00
757.00000000 2.0692622552e+01 3.1615926549e-03 0.0000000000e+00 3.1615926549e-03 2.0692623722e+01 0.0000000000e+00 0.0000000000e+00 0.0000000000e+00 5.8954910985e+00
757.50000000 2.0697748666e+01 3.1634898101e-03 0.0000000000e+00 3.1634898101e-03 2.0697749837e+01 0.0000000000e+00 0.0000000000e+00 0.0000000000e+00 5.9067571783e+00
758.00000000 2.0702884325e+01 3.1653904984e-03 0.0000000000e+00 3.1653904984e-03 2.0702885497e+01 0.0000000000e+00 0.0000000000e+00 0.0000000000e+00 5.9181894656e+00
758.50000000 2.0708029554e+01 3.1672947282e-03 0.0000000000e+00 3.1672947282e-03 2.0708030726e+01 0.0000000000e+00 0.0000000000e+00 0.0000000000e+00 5.9297916446e+00
759.00000000 2.0713184376e+01 3.1692025082e-03 0.0000000000e+00 3.1692025082e-03 2.0713185549e+01 0.0000000000e+00 0.0000000000e+00 0.0000000000e+00 5.9415675089e+00
759.50000000 2.0718348814e+01 3.1711138472e-03 0.0000000000e+00 3.1711138472e-03 2.0718349987e+01 0.0000000000e+00 0.0000000000e+00 0.0000000000e+00 5.9535209651e+00
760.00000000 2.0723522891e+01 3.1730287538e-03 0.0000000000e+00 3.1730287538e-03 2.0723524066e+01 0.0000000000e+00 0.0000000000e+00 0.0000000000e+00 5.9656560378e+00
760.50000000 2.0728706633e+01 3.1749472368e-03 0.0000000000e+00 3.1749472368e-03 2.0728707808e+01 0.0000000000e+00 0.0000000000e+00 0.0000000000e+00 5.9779768733e+00
761.00000000 2.0733900061e+01 3.1768693050e-03 0.0000000000e+00 3.1768693050e-03 2.0733901237e+01 0.0000000000e+00 0.0000000000e+00 0.0000000000e+00 5.9904877447e+00
761.50000000 2.0739103200e+01 3.1787949672e-03 0.0000000000e+00 3.1787949672e-03 2.0739104376e+01 0.0000000000e+00 0.0000000000e+00 0.0000000000e+00 6.0031930567e+00
762.00000000 2.0744316074e+01 3.1807242322e-03 0.0000000000e+00 3.1807242322e-03 2.0744317251e+01 0.0000000000e+00 0.0000000000e+00 0.0000000000e+00 6.0160973505e+00
762.50000000 2.0749538707e+01 3.1826571089e-03 0.0000000000e+00 3.1826571089e-03 2.0749539885e+01 0.0000000000e+00 0.0000000000e+00 0.0000000000e+00 6.0292053093e+00
763.00000000 2.0754771123e+01 3.1845936062e-03 0.0000000000e+00 3.1845936062e-03 2.0754772301e+01 0.0000000000e+00 0.0000000000e+00 0.0000000000e+00 6.0425217638e+00
763.50000000 2.0760013346e+01 3.1865337331e-03 0.0000000000e+00 3.1865337331e-03 2.0760014525e+01 0.0000000000e+00 0.0000000000e+00 0.0000000000e+00 6.0560516978e+00
764.00000000 2.0765265399e+01 3.1884774984e-03 0.0000000000e+00 3.1884774984e-03 2.0765266580e+01 0.0000000000e+00 0.0000000000e+00 0.0000000000e+00 6.0698002548e+00
764.50000000 2.0770527309e+01 3.1904249113e-03 0.0000000000e+00 3.1904249113e-03 2.0770528490e+01 0.0000000000e+00 0.0000000000e+00 0.0000000000e+00 6.0837727440e+00
765.00000000 2.0775799098e+01 3.1923759806e-03 0.0000000000e+00 3.1923759806e-03 2.0775800280e+01 0.0000000000e+00 0.0000000000e+00 0.0000000000e+00 6.0979746469e+00
765.50000000 2.0781080792e+01 3.1943307155e-03 0.0000000000e+00 3.1943307155e-03 2.0781081974e+01 0.0000000000e+00 0.0000000000e+00 0.0000000000e+00 6.1124116250e+00
766.00000000 2.0786372415e+01 3.1962891250e-03 0.0000000000e+00 3.1962891250e-03 2.0786373597e+01 0.0000000000e+00 0.0000000000e+00 0.0000000000e+00 6.1270895262e+00
766.50000000 2.0791673991e+01 3.1982512183e-03 0.0000000000e+00 3.1982512183e-03 2.0791675174e+01 0.0000000000e+00 0.0000000000e+00 0.0000000000e+00 6.1420143933e+00
767.00000000 2.0796985545e+01 3.2002170045e-03 0.0000000000e+00 3.2002170045e-03 2.0796986729e+01 0.0000000000e+00 0.0000000000e+00 0.0000000000e+00 6.1571924720e+00
767.50000000 2.0802307102e+01 3.2021864928e-03 0.0000000000e+00 3.2021864928e-03 2.0802308287e+01 0.0000000000e+00 0.0000000000e+00 0.0000000000e+00 6.1726302189e+00
768.00000000 2.0807638688e+01 3.2041596924e-03 0.0000000000e+00 3.2041596924e-03 2.0807639873e+01 0.0000000000e+00 0.0000000000e+00 0.0000000000e+00 6.1883343113e+00
768.50000000 2.0812980326e+01 3.2061366125e-03 0.0000000000e+00 3.2061366125e-03 2.0812981512e+01 0.0000000000e+00 0.0000000000e+00 0.0000000000e+00 6.2043116560e+00
769.00000000 2.0818332042e+01 3.2081172624e-03 0.0000000000e+00 3.2081172624e-03 2.0818333229e+01 0.0000000000e+00 0.0000000000e+00 0.0000000000e+00 6.2205693992e+00
769.50000000 2.0823693861e+01 3.2101016514e-03 0.0000000000e+00 3.2101016514e-03 2.0823695049e+01 0.0000000000e+00 0.0000000000e+00 0.0000000000e+00 6.2371149374e+00
770.00000000 2.0829065808e+01 3.2120897889e-03 0.0000000000e+00 3.2120897889e-03 2.0829066997e+01 0.0000000000e+00 0.0000000000e+00 0.0000000000e+00 6.2539559280e+00
770.50000000 2.0834447909e+01 3.2140816842e-03 0.0000000000e+00 3.2140816842e-03 2.0834449099e+01 0.0000000000e+00 0.0000000000e+00 0.0000000000e+00 6.2711003008e+00
771.00000000 2.0839840190e+01 3.2160773467e-03 0.0000000000e+00 3.2160773467e-03 2.0839841380e+01 0.0000000000e+00 0.0000000000e+00 0.0000000000e+00 6.2885562703e+00
771.50000000 2.0845242674e+01 3.2180767859e-03 0.0000000000e+00 3.2180767859e-03 2.0845243865e+01 0.0000000000e+00 0.0000000000e+00 0.0000000000e+00 6.3063323486e+00
772.00000000 2.0850655389e+01 3.2200800111e-03 0.0000000000e+00 3.2200800111e-03 2.0850656581e+01 0.0000000000e+00 0.0000000000e+00 0.0000000000e+00 6.3244373586e+00
772.50000000 2.0856078359e+01 3.2220870320e-03 0.0000000000e+00 3.2220870320e-03 2.0856079552e+01 0.0000000000e+00 0.0000000000e+00 0.0000000000e+00 6.3428804486e+00
773.00000000 2.0861511611e+01 3.2240978581e-03 0.0000000000e+00 3.2240978581e-03 2.0861512804e+01 0.0000000000e+00 0.0000000000e+00 0.0000000000e+00 6.3616711070e+00
773.50000000 2.0866955170e+01 3.2261124988e-03 0.0000000000e+00 3.2261124988e-03 2.0866956364e+01 0.0000000000e+00 0.0000000000e+00 0.0000000000e+00 6.3808191783e+00
774.00000000 2.0872409063e+01 3.2281309639e-03 0.0000000000e+00 3.2281309639e-03 2.0872410258e+01 0.0000000000e+00 0.0000000000e+00 0.0000000000e+00 6.4003348800e+00
774.50000000 2.0877873315e+01 3.2301532629e-03 0.0000000000e+00 3.2301532629e-03 2.0877874510e+01 0.0000000000e+00 0.0000000000e+00 0.0000000000e+00 6.4202288199e+00
775.00000000 2.0883347952e+01 3.2321794055e-03 0.0000000000e+00 3.2321794055e-03 2.0883349149e+01 0.0000000000e+00 0.0000000000e+00 0.0000000000e+00 6.4405120152e+00
775.50000000 2.0888833001e+01 3.2342094014e-03 0.0000000000e+00 3.2342094014e-03 2.0888834198e+01 0.0000000000e+00 0.0000000000e+00 0.0000000000e+00 6.4611959120e+00
776.00000000 2.0894328488e+01 3.2362432604e-03 0.0000000000e+00 3.2362432604e-03 2.0894329686e+01 0.0000000000e+00 0.0000000000e+00 0.0000000000e+00 6.4822924064e+00
776.50000000 2.0899834439e+01 3.2382809921e-03 0.0000000000e+00 3.2382809921e-03 2.0899835638e+01 0.0000000000e+00 0.0000000000e+00 0.0000000000e+00 6.5038138666e+00
777.00000000 2.0905350881e+01 3.2403226065e-03 0.0000000000e+00 3.2403226065e-03 2.0905352081e+01 0.0000000000e+00 0.0000000000e+00 0.0000000000e+00 6.5257731563e+00
777.50000000 2.0910877841e+01 3.2423681133e-03 0.0000000000e+00 3.2423681133e-03 2.0910879041e+01 0.0000000000e+00 0.0000000000e+00 0.0000000000e+00 6.5481836597e+00
778.00000000 2.0916415344e+01 3.2444175224e-03 0.0000000000e+00 3.2444175224e-03 2.0916416545e+01 0.0000000000e+00 0.0000000000e+00 0.0000000000e+00 6.5710593075e+00
778.50000000 2.0921963418e+01 3.2464708437e-03 0.0000000000e+00 3.2464708437e-03 2.0921964620e+01 0.0000000000e+00 0.0000000000e+00 0.0000000000e+00 6.5944146054e+00
779.00000000 2.0927522090e+01 3.2485280872e-03 0.0000000000e+00 3.2485280872e-03 2.0927523292e+01 0.0000000000e+00 0.0000000000e+00 0.0000000000e+00 6.6182646634e+00
779.50000000 2.0933091387e+01 3.2505892627e-03 0.0000000000e+00 3.2505892627e-03 2.0933092590e+01 0.0000000000e+00 0.0000000000e+00 0.0000000000e+00 6.6426252275e+00
780.00000000 2.0938671335e+01 3.2526543805e-03 0.0000000000e+00 3.2526543805e-03 2.0938672538e+01 0.0000000000e+00 0.0000000000e+00 0.0000000000e+00 6.6675127131e+00
780.50000000 2.0944261962e+01 3.2547234503e-03 0.0000000000e+00 3.2547234503e-03 2.0944263166e+01 0.0000000000e+00 0.0000000000e+00 0.0000000000e+00 6.6929442405e+00
781.00000000 2.0949863294e+01 3.2567964825e-03 0.0000000000e+00 3.2567964825e-03 2.0949864500e+01 0.0000000000e+00 0.0000000000e+00 0.0000000000e+00 6.7189376732e+00
781.50000000 2.0955475360e+01 3.2588734869e-03 0.0000000000e+00 3.2588734869e-03 2.0955476567e+01 0.0000000000e+00 0.0000000000e+00 0.0000000000e+00 6.7455116577e+00
782.00000000 2.0961098187e+01 3.2609544739e-03 0.0000000000e+00 3.2609544739e-03 2.0961099394e+01 0.0000000000e+00 0.0000000000e+00 0.0000000000e+00 6.7726856667e+00
782.50000000 2.0966731802e+01 3.2630394536e-03 0.0000000000e+00 3.2630394536e-03 2.0966733010e+01 0.0000000000e+00 0.0000000000e+00 0.0000000000e+00 6.8004800450e+00
783.00000000 2.0972376233e+01 3.2651284362e-03 0.0000000000e+00 3.2651284362e-03 2.0972377442e+01 0.0000000000e+00 0.0000000000e+00 0.0000000000e+00 6.8289160582e+00
783.50000000 2.0978031508e+01 3.2672214320e-03 0.0000000000e+00 3.2672214320e-03 2.0978032717e+01 0.0000000000e+00 0.0000000000e+00 0.0000000000e+00 6.8580159446e+00
784.00000000 2.0983697654e+01 3.2693184512e-03 0.0000000000e+00 3.2693184512e-03 2.0983698864e+01 0.0000000000e+00 0.0000000000e+00 0.0000000000e+00 6.8878029712e+00
784.50000000 2.0989374699e+01 3.2714195043e-03 0.0000000000e+00 3.2714195043e-03 2.0989375910e+01 0.0000000000e+00 0.0000000000e+00 0.0000000000e+00 6.9183014928e+00
785.00000000 2.0995062672e+01 3.2735246014e-03 0.0000000000e+00 3.2735246014e-03 2.0995063883e+01 0.0000000000e+00 0.0000000000e+00 0.0000000000e+00 6.9495370155e+00
785.50000000 2.1000761600e+01 3.2756337532e-03 0.0000000000e+00 3.2756337532e-03 2.1000762812e+01 0.0000000000e+00 0.0000000000e+00 0.0000000000e+00 6.9815362653e+00
786.00000000 2.1006471511e+01 3.2777469699e-03 0.0000000000e+00 3.2777469699e-03 2.1006472724e+01 0.0000000000e+00 0.0000000000e+00 0.0000000000e+00 7.0143272599e+00
786.50000000 2.1012192435e+01 3.2798642621e-03 0.0000000000e+00 3.2798642621e-03 2.1012193649e+01 0.0000000000e+00 0.0000000000e+00 0.0000000000e+00 7.0479393875e+00
787.00000000 2.1017924399e+01 3.2819856403e-03 0.0000000000e+00 3.2819856403e-03 2.1017925613e+01 0.0000000000e+00 0.0000000000e+00 0.0000000000e+00 7.0824034901e+00
787.50000000 2.1023667431e+01 3.2841111150e-03 0.0000000000e+00 3.2841111150e-03 2.1023668647e+01 0.0000000000e+00 0.0000000000e+00 0.0000000000e+00 7.1177519530e+00
788.00000000 2.1029421562e+01 3.2862406969e-03 0.0000000000e+00 3.2862406969e-03 2.1029422778e+01 0.0000000000e+00 0.0000000000e+00 0.0000000000e+00 7.1540188014e+00
788.50000000 2.1035186818e+01 3.2883743964e-03 0.0000000000e+00 3.2883743964e-03 2.1035188035e+01 0.0000000000e+00 0.0000000000e+00 0.0000000000e+00 7.1912398038e+00
789.00000000 2.1040963229e+01 3.2905122244e-03 0.0000000000e+00 3.2905122244e-03 2.1040964447e+01 0.0000000000e+00 0.0000000000e+00 0.0000000000e+00 7.2294525833e+00
789.50000000 2.1046750824e+01 3.2926541915e-03 0.0000000000e+00 3.2926541915e-03 2.1046752043e+01 0.0000000000e+00 0.0000000000e+00 0.0000000000e+00 7.2686967369e+00
790.00000000 2.1052549632e+01 3.2948003085e-03 0.0000000000e+00 3.2948003085e-03 2.1052550852e+01 0.0000000000e+00 0.0000000000e+00 0.0000000000e+00 7.3090139652e+00
790.50000000 2.1058359682e+01 3.2969505861e-03 0.0000000000e+00 3.2969505861e-03 2.1058360902e+01 0.0000000000e+00 0.0000000000e+00 0.0000000000e+00 7.3504482108e+00
791.00000000 2.1064181003e+01 3.2991050351e-03 0.0000000000e+00 3.2991050351e-03 2.1064182224e+01 0.0000000000e+00 0.0000000000e+00 0.0000000000e+00 7.3930458083e+00
791.50000000 2.1070013625e+01 3.3012636664e-03 0.0000000000e+00 3.3012636664e-03 2.1070014847e+01 0.0000000000e+00 0.0000000000e+00 0.0000000000e+00 7.4368556461e+00
792.00000000 2.1075857577e+01 3.3034264909e-03 0.0000000000e+00 3.3034264909e-03 2.1075858800e+01 0.0000000000e+00 0.0000000000e+00 0.0000000000e+00 7.4819293414e+00
792.50000000 2.1081712888e+01 3.3055935195e-03 0.0000000000e+00 3.3055935195e-03 2.1081714112e+01 0.0000000000e+00 0.0000000000e+00 0.0000000000e+00 7.5283214288e+00
793.00000000 2.1087579589e+01 3.3077647632e-03 0.0000000000e+00 3.3077647632e-03 2.1087580813e+01 0.0000000000e+00 0.0000000000e+00 0.0000000000e+00 7.5760895652e+00
793.50000000 2.1093457708e+01 3.3099402330e-03 0.0000000000e+00 3.3099402330e-03 2.1093458933e+01 0.0000000000e+00 0.0000000000e+00 0.0000000000e+00 7.6252947507e+00
794.00000000 2.1099347276e+01 3.3121199399e-03 0.0000000000e+00 3.3121199399e-03 2.1099348502e+01 0.0000000000e+00 0.0000000000e+00 0.0000000000e+00 7.6760015694e+00
794.50000000 2.1105248323e+01 3.3143038951e-03 0.0000000000e+00 3.3143038951e-03 2.1105249550e+01 0.0000000000e+00 0.0000000000e+00 0.0000000000e+00 7.7282784489e+00
795.00000000 2.1111160879e+01 3.3164921097e-03 0.0000000000e+00 3.3164921097e-03 2.1111162107e+01 0.0000000000e+00 0.0000000000e+00 0.0000000000e+00 7.7821979438e+00
795.50000000 2.1117084974e+01 3.3186845948e-03 0.0000000000e+00 3.3186845948e-03 2.1117086202e+01 0.0000000000e+00 0.0000000000e+00 0.0000000000e+00 7.8378370419e+00
796.00000000 2.1123020638e+01 3.3208813616e-03 0.0000000000e+00 3.3208813616e-03 2.1123021867e+01 0.0000000000e+00 0.0000000000e+00 0.0000000000e+00 7.8952774991e+00
796.50000000 2.1128967902e+01 3.3230824215e-03 0.0000000000e+00 3.3230824215e-03 2.1128969131e+01 0.0000000000e+00 0.0000000000e+00 0.0000000000e+00 7.9546062022e+00
797.00000000 2.1134926795e+01 3.3252877856e-03 0.0000000000e+00 3.3252877856e-03 2.1134928026e+01 0.0000000000e+00 0.0000000000e+00 0.0000000000e+00 8.0159155648e+00
797.50000000 2.1140897350e+01 3.3274974654e-03 0.0000000000e+00 3.3274974654e-03 2.1140898582e+01 0.0000000000e+00 0.0000000000e+00 0.0000000000e+00 8.0793039591e+00
798.00000000 2.1146879596e+01 3.3297114721e-03 0.0000000000e+00 3.3297114721e-03 2.1146880829e+01 0.0000000000e+00 0.0000000000e+00 0.0000000000e+00 8.1448761862e+00
798.50000000 2.1152873565e+01 3.3319298172e-03 0.0000000000e+00 3.3319298172e-03 2.1152874798e+01 0.0000000000e+00 0.0000000000e+00 0.0000000000e+00 8.2127439898e+00
799.00000000 2.1158879287e+01 3.3341525123e-03 0.0000000000e+00 3.3341525123e-03 2.1158880521e+01 0.0000000000e+00 0.0000000000e+00 0.0000000000e+00 8.2830266176e+00
799.50000000 2.1164896793e+01 3.3363795686e-03 0.0000000000e+00 3.3363795686e-03 2.1164898028e+01 0.0000000000e+00 0.0000000000e+00 0.0000000000e+00 8.3558514343e+00
800.00000000 2.1170926115e+01 3.3386109979e-03 0.0000000000e+00 3.3386109979e-03 2.1170927351e+01 0.0000000000e+00 0.0000000000e+00 0.0000000000e+00 8.4313545928e+00
800.50000000 2.1176967284e+01 3.3408468116e-03 0.0000000000e+00 3.3408468116e-03 2.1176968520e+01 0.0000000000e+00 0.0000000000e+00 0.0000000000e+00 8.5096817674e+00
801.00000000 2.1183020331e+01 3.3430870214e-03 0.0000000000e+00 3.3430870214e-03 2.1183021568e+01 0.0000000000e+00 0.0000000000e+00 0.0000000000e+00 8.5909889575e+00
801.50000000 2.1189085287e+01 3.3453316390e-03 0.0000000000e+00 3.3453316390e-03 2.1189086525e+01 0.0000000000e+00 0.0000000000e+00 0.0000000000e+00 8.6754433669e+00
802.00000000 2.1195162185e+01 3.3475806760e-03 0.0000000000e+00 3.3475806760e-03 2.1195163424e+01 0.0000000000e+00 0.0000000000e+00 0.0000000000e+00 8.7632243669e+00
802.50000000 2.1201251057e+01 3.3498341443e-03 0.0000000000e+00 3.3498341443e-03 2.1201252296e+01 0.0000000000e+00 0.0000000000e+00 0.0000000000e+00 8.8545245503e+00
803.00000000 2.1207351933e+01 3.3520920555e-03 0.0000000000e+00 3.3520920555e-03 2.1207353173e+01 0.0000000000e+00 0.0000000000e+00 0.0000000000e+00 8.9495508862e+00
803.50000000 2.1213464846e+01 3.3543544216e-03 0.0000000000e+00 3.3543544216e-03 2.1213466087e+01 0.0000000000e+00 0.0000000000e+00 0.0000000000e+00 9.0485259819e+00
804.00000000 2.1219589828e+01 3.3566212544e-03 0.0000000000e+00 3.3566212544e-03 2.1219591070e+01 0.0000000000e+00 0.0000000000e+00 0.0000000000e+00 9.1516894635e+00
804.50000000 2.1225726912e+01 3.3588925659e-03 0.0000000000e+00 3.3588925659e-03 2.1225728155e+01 0.0000000000e+00 0.0000000000e+00 0.0000000000e+00 9.2592994827e+00
805.00000000 2.1231876129e+01 3.3611683679e-03 0.0000000000e+00 3.3611683679e-03 2.1231877373e+01 0.0000000000e+00 0.0000000000e+00 0.0000000000e+00 9.3716343578e+00
805.50000000 2.1238037512e+01 3.3634486726e-03 0.0000000000e+00 3.3634486726e-03 2.1238038757e+01 0.0000000000e+00 0.0000000000e+00 0.0000000000e+00 9.4889943577e+00
806.00000000 2.1244211094e+01 3.3657334919e-03 0.0000000000e+00 3.3657334919e-03 2.1244212339e+01 0.0000000000e+00 0.0000000000e+00 0.0000000000e+00 9.6117036345e+00
806.50000000 2.1250396907e+01 3.3680228380e-03 0.0000000000e+00 3.3680228380e-03 2.1250398153e+01 0.0000000000e+00 0.0000000000e+00 0.0000000000e+00 9.7401123049e+00
807.00000000 2.1256594984e+01 3.3703167229e-03 0.0000000000e+00 3.3703167229e-03 2.1256596231e+01 0.0000000000e+00 0.0000000000e+00 0.0000000000e+00 9.8745986813e+00
807.50000000 2.1262805358e+01 3.3726151590e-03 0.0000000000e+00 3.3726151590e-03 2.1262806607e+01 0.0000000000e+00 0.0000000000e+00 0.0000000000e+00 1.0015571640e+01
808.00000000 2.1269028063e+01 3.3749181584e-03 0.0000000000e+00 3.3749181584e-03 2.1269029312e+01 0.0000000000e+00 0.0000000000e+00 0.0000000000e+00 1.0163473108e+01
808.50000000 2.1275263130e+01 3.3772257334e-03 0.0000000000e+00 3.3772257334e-03 2.1275264380e+01 0.0000000000e+00 0.0000000000e+00 0.0000000000e+00 1.0318780626e+01
809.00000000 2.1281510594e+01 3.3795378962e-03 0.0000000000e+00 3.3795378962e-03 2.1281511845e+01 0.0000000000e+00 0.0000000000e+00 0.0000000000e+00 1.0482009934e+01
809.50000000 2.1287770488e+01 3.3818546594e-03 0.0000000000e+00 3.3818546594e-03 2.1287771740e+01 0.0000000000e+00 0.0000000000e+00 0.0000000000e+00 1.0653717484e+01
810.00000000 2.1294042846e+01 3.3841760353e-03 0.0000000000e+00 3.3841760353e-03 2.1294044098e+01 0.0000000000e+00 0.0000000000e+00 0.0000000000e+00 1.0834502724e+01
810.50000000 2.1300327701e+01 3.3865020363e-03 0.0000000000e+00 3.3865020363e-03 2.1300328954e+01 0.0000000000e+00 0.0000000000e+00 0.0000000000e+00 1.1025009966e+01
811.00000000 2.1306625086e+01 3.3888326749e-03 0.0000000000e+00 3.3888326749e-03 2.1306626340e+01 0.0000000000e+00 0.0000000000e+00 0.0000000000e+00 1.1225929503e+01
811.50000000 2.1312935037e+01 3.3911679638e-03 0.0000000000e+00 3.3911679638e-03 2.1312936292e+01 0.0000000000e+00 0.0000000000e+00 0.0000000000e+00 1.1437997537e+01
812.00000000 2.1319257586e+01 3.3935079154e-03 0.0000000000e+00 3.3935079154e-03 2.1319258842e+01 0.0000000000e+00 0.0000000000e+00 0.0000000000e+00 1.1661994268e+01
812.50000000 2.1325592769e+01 3.3958525425e-03 0.0000000000e+00 3.3958525425e-03 2.1325594025e+01 0.0000000000e+00 0.0000000000e+00 0.0000000000e+00 1.1898739194e+01
813.00000000 2.1331940618e+01 3.3982018577e-03 0.0000000000e+00 3.3982018577e-03 2.1331941876e+01 0.0000000000e+00 0.0000000000e+00 0.0000000000e+00 1.2149082291e+01
813.50000000 2.1338301170e+01 3.4005558738e-03 0.0000000000e+00 3.4005558738e-03 2.1338302428e+01 0.0000000000e+00 0.0000000000e+00 0.0000000000e+00 1.2413889116e+01
814.00000000 2.1344674457e+01 3.4029146035e-03 0.0000000000e+00 3.4029146035e-03 2.1344675717e+01 0.0000000000e+00 0.0000000000e+00 0.0000000000e+00 1.2694017067e+01
814.50000000 2.1351060516e+01 3.4052780597e-03 0.0000000000e+00 3.4052780597e-03 2.1351061776e+01 0.0000000000e+00 0.0000000000e+00 0.0000000000e+00 1.2990278791e+01
815.00000000 2.1357459381e+01 3.4076462553e-03 0.0000000000e+00 3.4076462553e-03 2.1357460642e+01 0.0000000000e+00 0.0000000000e+00 0.0000000000e+00 1.3303386987e+01
815.50000000 2.1363871086e+01 3.4100192032e-03 0.0000000000e+00 3.4100192032e-03 2.1363872348e+01 0.0000000000e+00 0.0000000000e+00 0.0000000000e+00 1.3633872321e+01
816.00000000 2.1370295667e+01 3.4123969163e-03 0.0000000000e+00 3.4123969163e-03 2.1370296929e+01 0.0000000000e+00 0.0000000000e+00 0.0000000000e+00 1.3981962556e+01
816.50000000 2.1376733158e+01 3.4147794077e-03 0.0000000000e+00 3.4147794077e-03 2.1376734422e+01 0.0000000000e+00 0.0000000000e+00 0.0000000000e+00 1.4347405760e+01
817.00000000 2.1383183596e+01 3.4171666905e-03 0.0000000000e+00 3.4171666905e-03 2.1383184861e+01 0.0000000000e+00 0.0000000000e+00 0.0000000000e+00 1.4729213138e+01
817.50000000 2.1389647016e+01 3.4195587777e-03 0.0000000000e+00 3.4195587777e-03 2.1389648282e+01 0.0000000000e+00 0.0000000000e+00 0.0000000000e+00 1.5125286719e+01
818.00000000 2.1396123453e+01 3.4219556826e-03 0.0000000000e+00 3.4219556826e-03 2.1396124720e+01 0.0000000000e+00 0.0000000000e+00 0.0000000000e+00 1.5531883169e+01
818.50000000 2.1402612943e+01 3.4243574184e-03 0.0000000000e+00 3.4243574184e-03 2.1402614211e+01 0.0000000000e+00 0.0000000000e+00 0.0000000000e+00 1.5942847047e+01
819.00000000 2.1409115522e+01 3.4267639984e-03 0.0000000000e+00 3.4267639984e-03 2.1409116790e+01 0.0000000000e+00 0.0000000000e+00 0.0000000000e+00 1.6348525671e+01
819.50000000 2.1415631226e+01 3.4291754357e-03 0.0000000000e+00 3.4291754357e-03 2.1415632495e+01 0.0000000000e+00 0.0000000000e+00 0.0000000000e+00 1.6734258170e+01
820.00000000 2.1422160091e+01 3.4315917440e-03 0.0000000000e+00 3.4315917440e-03 2.1422161361e+01 0.0000000000e+00 0.0000000000e+00 0.0000000000e+00 1.7078326057e+01
820.50000000 2.1428702153e+01 3.4340129364e-03 0.0000000000e+00 3.4340129364e-03 2.1428703424e+01 0.0000000000e+00 0.0000000000e+00 0.0000000000e+00 1.7349292017e+01
821.00000000 2.1435257449e+01 3.4364390266e-03 0.0000000000e+00 3.4364390266e-03 2.1435258720e+01 0.0000000000e+00 0.0000000000e+00 0.0000000000e+00 1.7502800176e+01
821.50000000 2.1441826014e+01 3.4388700280e-03 0.0000000000e+00 3.4388700280e-03 2.1441827287e+01 0.0000000000e+00 0.0000000000e+00 0.0000000000e+00 1.7478277639e+01
822.00000000 2.1448407887e+01 3.4413059543e-03 0.0000000000e+00 3.4413059543e-03 2.1448409161e+01 0.0000000000e+00 0.0000000000e+00 0.0000000000e+00 1.7196726977e+01
822.50000000 2.1455003104e+01 3.4437468190e-03 0.0000000000e+00 3.4437468190e-03 2.1455004378e+01 0.0000000000e+00 0.0000000000e+00 0.0000000000e+00 1.6562064174e+01
823.00000000 2.1461611701e+01 3.4461926358e-03 0.0000000000e+00 3.4461926358e-03 2.1461612976e+01 0.0000000000e+00 0.0000000000e+00 0.0000000000e+00 1.5470031747e+01
823.50000000 2.1468233715e+01 3.4486434184e-03 0.0000000000e+00 3.4486434184e-03 2.1468234992e+01 0.0000000000e+00 0.0000000000e+00 0.0000000000e+00 1.3829416046e+01
824.00000000 2.1474869185e+01 3.4510991806e-03 0.0000000000e+00 3.4510991806e-03 2.1474870462e+01 0.0000000000e+00 0.0000000000e+00 0.0000000000e+00 1.1597360708e+01
824.50000000 2.1481518147e+01 3.4535599363e-03 0.0000000000e+00 3.4535599363e-03 2.1481519425e+01 0.0000000000e+00 0.0000000000e+00 0.0000000000e+00 8.8209468900e+00
825.00000000 2.1488180638e+01 3.4560256993e-03 0.0000000000e+00 3.4560256993e-03 2.1488181917e+01 0.0000000000e+00 0.0000000000e+00 0.0000000000e+00 5.6631523736e+00
825.50000000 2.1494856697e+01 3.4584964836e-03 0.0000000000e+00 3.4584964836e-03 2.1494857977e+01 0.0000000000e+00 0.0000000000e+00 0.0000000000e+00 2.3863995363e+00
826.00000000 2.1501546362e+01 3.4609723031e-03 0.0000000000e+00 3.4609723031e-03 2.1501547643e+01 0.0000000000e+00 0.0000000000e+00 0.0000000000e+00 -7.1286479541e-01
826.50000000 2.1508249669e+01 3.4634531720e-03 0.0000000000e+00 3.4634531720e-03 2.1508250951e+01 0.0000000000e+00 0.0000000000e+00 0.0000000000e+00 -3.3884379475e+00
827.00000000 2.1514966658e+01 3.4659391042e-03 0.0000000000e+00 3.4659391042e-03 2.1514967941e+01 0.0000000000e+00 0.0000000000e+00 0.0000000000e+00 -5.5011480570e+00
827.50000000 2.1521697366e+01 3.4684301139e-03 0.0000000000e+00 3.4684301139e-03 2.1521698650e+01 0.0000000000e+00 0.0000000000e+00 0.0000000000e+00 -7.0251301422e+00
828.00000000 2.1528441833e+01 3.4709262154e-03 0.0000000000e+00 3.4709262154e-03 2.1528443117e+01 0.0000000000e+00 0.0000000000e+00 0.0000000000e+00 -8.0164069767e+00
828.50000000 2.1535200095e+01 3.4734274229e-03 0.0000000000e+00 3.4734274229e-03 2.1535201381e+01 0.0000000000e+00 0.0000000000e+00 0.0000000000e+00 -8.5712549459e+00
829.00000000 2.1541972193e+01 3.4759337506e-03 0.0000000000e+00 3.4759337506e-03 2.1541973479e+01 0.0000000000e+00 0.0000000000e+00 0.0000000000e+00 -8.7935303298e+00
829.50000000 2.1548758165e+01 3.4784452131e-03 0.0000000000e+00 3.4784452131e-03 2.1548759452e+01 0.0000000000e+00 0.0000000000e+00 0.0000000000e+00 -8.7762638425e+00
830.00000000 2.1555558049e+01 3.4809618246e-03 0.0000000000e+00 3.4809618246e-03 2.1555559337e+01 0.0000000000e+00 0.0000000000e+00 0.0000000000e+00 -8.5946696271e+00
830.50000000 2.1562371885e+01 3.4834835998e-03 0.0000000000e+00 3.4834835998e-03 2.1562373174e+01 0.0000000000e+00 0.0000000000e+00 0.0000000000e+00 -8.3057998060e+00
831.00000000 2.1569199713e+01 3.4860105530e-03 0.0000000000e+00 3.4860105530e-03 2.1569201003e+01 0.0000000000e+00 0.0000000000e+00 0.0000000000e+00 -7.9511222606e+00
831.50000000 2.1576041571e+01 3.4885426989e-03 0.0000000000e+00 3.4885426989e-03 2.1576042862e+01 0.0000000000e+00 0.0000000000e+00 0.0000000000e+00 -7.5598638462e+00
832.00000000 2.1582897499e+01 3.4910800521e-03 0.0000000000e+00 3.4910800521e-03 2.1582898792e+01 0.0000000000e+00 0.0000000000e+00 0.0000000000e+00 -7.1521203735e+00
832.50000000 2.1589767538e+01 3.4936226274e-03 0.0000000000e+00 3.4936226274e-03 2.1589768831e+01 0.0000000000e+00 0.0000000000e+00 0.0000000000e+00 -6.7413929068e+00
833.00000000 2.1596651726e+01 3.4961704394e-03 0.0000000000e+00 3.4961704394e-03 2.1596653020e+01 0.0000000000e+00 0.0000000000e+00 0.0000000000e+00 -6.3365200164e+00
833.50000000 2.1603550104e+01 3.4987235030e-03 0.0000000000e+00 3.4987235030e-03 2.1603551399e+01 0.0000000000e+00 0.0000000000e+00 0.0000000000e+00 -5.9430932567e+00
834.00000000 2.1610462712e+01 3.5012818331e-03 0.0000000000e+00 3.5012818331e-03 2.1610464008e+01 0.0000000000e+00 0.0000000000e+00 0.0000000000e+00 -5.5644697538e+00
834.50000000 2.1617389590e+01 3.5038454446e-03 0.0000000000e+00 3.5038454446e-03 2.1617390887e+01 0.0000000000e+00 0.0000000000e+00 0.0000000000e+00 -5.2024859226e+00
835.00000000 2.1624330779e+01 3.5064143525e-03 0.0000000000e+00 3.5064143525e-03 2.1624332077e+01 0.0000000000e+00 0.0000000000e+00 0.0000000000e+00 -4.8579557444e+00
835.50000000 2.1631286320e+01 3.5089885718e-03 0.0000000000e+00 3.5089885718e-03 2.1631287618e+01 0.0000000000e+00 0.0000000000e+00 0.0000000000e+00 -4.5310163653e+00
836.00000000 2.1638256253e+01 3.5115681177e-03 0.0000000000e+00 3.5115681177e-03 2.1638257552e+01 0.0000000000e+00 0.0000000000e+00 0.0000000000e+00 -4.2213665767e+00
836.50000000 2.1645240619e+01 3.5141530052e-03 0.0000000000e+00 3.5141530052e-03 2.1645241919e+01 0.0000000000e+00 0.0000000000e+00 0.0000000000e+00 -3.9284305884e+00
837.00000000 2.1652239459e+01 3.5167432496e-03 0.0000000000e+00 3.5167432496e-03 2.1652240761e+01 0.0000000000e+00 0.0000000000e+00 0.0000000000e+00 -3.6514698702e+00
837.50000000 2.1659252815e+01 3.5193388662e-03 0.0000000000e+00 3.5193388662e-03 2.1659254118e+01 0.0000000000e+00 0.0000000000e+00 0.0000000000e+00 -3.3896589693e+00
838.00000000 2.1666280728e+01 3.5219398703e-03 0.0000000000e+00 3.5219398703e-03 2.1666282032e+01 0.0000000000e+00 0.0000000000e+00 0.0000000000e+00 -3.1421363697e+00
838.50000000 2.1673323240e+01 3.5245462773e-03 0.0000000000e+00 3.5245462773e-03 2.1673324544e+01 0.0000000000e+00 0.0000000000e+00 0.0000000000e+00 -2.9080380859e+00
839.00000000 2.1680380392e+01 3.5271581027e-03 0.0000000000e+00 3.5271581027e-03 2.1680381697e+01 0.0000000000e+00 0.0000000000e+00 0.0000000000e+00 -2.6865193380e+00
839.50000000 2.1687452227e+01 3.5297753619e-03 0.0000000000e+00 3.5297753619e-03 2.1687453533e+01 0.0000000000e+00 0.0000000000e+00 0.0000000000e+00 -2.4767680237e+00
840.00000000 2.1694538786e+01 3.5323980706e-03 0.0000000000e+00 3.5323980706e-03 2.1694540093e+01 0.0000000000e+00 0.0000000000e+00 0.0000000000e+00 -2.2780125739e+00
840.50000000 2.1701640111e+01 3.5350262445e-03 0.0000000000e+00 3.5350262445e-03 2.1701641420e+01 0.0000000000e+00 0.0000000000e+00 0.0000000000e+00 -2.0895259918e+00
841.00000000 2.1708756246e+01 3.5376598991e-03 0.0000000000e+00 3.5376598991e-03 2.1708757555e+01 0.0000000000e+00 0.0000000000e+00 0.0000000000e+00 -1.9106273297e+00
841.50000000 2.1715887232e+01 3.5402990502e-03 0.0000000000e+00 3.5402990502e-03 2.1715888543e+01 0.0000000000e+00 0.0000000000e+00 0.0000000000e+00 -1.7406814736e+00
842.00000000 2.1723033113e+01 3.5429437138e-03 0.0000000000e+00 3.5429437138e-03 2.1723034425e+01 0.0000000000e+00 0.0000000000e+00 0.0000000000e+00 -1.5790978419e+00
842.50000000 2.1730193932e+01 3.5455939056e-03 0.0000000000e+00 3.5455939056e-03 2.1730195244e+01 0.0000000000e+00 0.0000000000e+00 0.0000000000e+00 -1.4253284163e+00
843.00000000 2.1737369730e+01 3.5482496416e-03 0.0000000000e+00 3.5482496416e-03 2.1737371044e+01 0.0000000000e+00 0.0000000000e+00 0.0000000000e+00 -1.2788653918e+00
843.50000000 2.1744560553e+01 3.5509109379e-03 0.0000000000e+00 3.5509109379e-03 2.1744561867e+01 0.0000000000e+00 0.0000000000e+00 0.0000000000e+00 -1.1392386426e+00
844.00000000 2.1751766442e+01 3.5535778104e-03 0.0000000000e+00 3.5535778104e-03 2.1751767758e+01 0.0000000000e+00 0.0000000000e+00 0.0000000000e+00 -1.0060131350e+00
844.50000000 2.1758987443e+01 3.5562502753e-03 0.0000000000e+00 3.5562502753e-03 2.1758988759e+01 0.0000000000e+00 0.0000000000e+00 0.0000000000e+00 -8.7878637408e-01
845.00000000 2.1766223597e+01 3.5589283489e-03 0.0000000000e+00 3.5589283489e-03 2.1766224915e+01 0.0000000000e+00 0.0000000000e+00 0.0000000000e+00 -7.5718593940e-01
845.50000000 2.1773474951e+01 3.5616120473e-03 0.0000000000e+00 3.5616120473e-03 2.1773476269e+01 0.0000000000e+00 0.0000000000e+00 0.0000000000e+00 -6.4086714314e-01
846.00000000 2.1780741546e+01 3.5643013870e-03 0.0000000000e+00 3.5643013870e-03 2.1780742866e+01 0.0000000000e+00 0.0000000000e+00 0.0000000000e+00 -5.2951082914e-01
846.50000000 2.1788023429e+01 3.5669963843e-03 0.0000000000e+00 3.5669963843e-03 2.1788024749e+01 0.0000000000e+00 0.0000000000e+00 0.0000000000e+00 -4.2282132087e-01
847.00000000 2.1795320643e+01 3.5696970556e-03 0.0000000000e+00 3.5696970556e-03 2.1795321964e+01 0.0000000000e+00 0.0000000000e+00 0.0000000000e+00 -3.2052451982e-01
847.50000000 2.1802633233e+01 3.5724034174e-03 0.0000000000e+00 3.5724034174e-03 2.1802634555e+01 0.0000000000e+00 0.0000000000e+00 0.0000000000e+00 -2.2236615089e-01
848.00000000 2.1809961243e+01 3.5751154865e-03 0.0000000000e+00 3.5751154865e-03 2.1809962566e+01 0.0000000000e+00 0.0000000000e+00 0.0000000000e+00 -1.2811014885e-01
848.50000000 2.1817304719e+01 3.5778332793e-03 0.0000000000e+00 3.5778332793e-03 2.1817306044e+01 0.0000000000e+00 0.0000000000e+00 0.0000000000e+00 -3.7537178007e-02
849.00000000 2.1824663707e+01 3.5805568127e-03 0.0000000000e+00 3.5805568127e-03 2.1824665032e+01 0.0000000000e+00 0.0000000000e+00 0.0000000000e+00 4.9556723422e-02
849.50000000 2.1832038250e+01 3.5832861034e-03 0.0000000000e+00 3.5832861034e-03 2.1832039576e+01 0.0000000000e+00 0.0000000000e+00 0.0000000000e+00 1.3336138331e-01
850.00000000 2.1839428395e+01 3.5860211683e-03 0.0000000000e+00 3.5860211683e-03 2.1839429723e+01 0.0000000000e+00 0.0000000000e+00 0.0000000000e+00 2.1405362891e-01
850.50000000 2.1846834188e+01 3.5887620242e-03 0.0000000000e+00 3.5887620242e-03 2.1846835516e+01 0.0000000000e+00 0.0000000000e+00 0.0000000000e+00 2.9179832203e-01
851.00000000 2.1854255674e+01 3.5915086882e-03 0.0000000000e+00 3.5915086882e-03 2.1854257003e+01 0.0000000000e+00 0.0000000000e+00 0.0000000000e+00 3.6674930453e-01
851.50000000 2.1861692900e+01 3.5942611773e-03 0.0000000000e+00 3.5942611773e-03 2.1861694230e+01 0.0000000000e+00 0.0000000000e+00 0.0000000000e+00 4.3905026170e-01
852.00000000 2.1869145911e+01 3.5970195087e-03 0.0000000000e+00 3.5970195087e-03 2.1869147242e+01 0.0000000000e+00 0.0000000000e+00 0.0000000000e+00 5.0883551101e-01
852.50000000 2.1876614755e+01 3.5997836994e-03 0.0000000000e+00 3.5997836994e-03 2.1876616087e+01 0.0000000000e+00 0.0000000000e+00 0.0000000000e+00 5.7623072263e-01
853.00000000 2.1884099477e+01 3.6025537669e-03 0.0000000000e+00 3.6025537669e-03 2.1884100810e+01 0.0000000000e+00 0.0000000000e+00 0.0000000000e+00 6.4135357814e-01
853.50000000 2.1891600125e+01 3.6053297284e-03 0.0000000000e+00 3.6053297284e-03 2.1891601459e+01 0.0000000000e+00 0.0000000000e+00 0.0000000000e+00 7.0431437287e-01
854.00000000 2.1899116745e+01 3.6081116013e-03 0.0000000000e+00 3.6081116013e-03 2.1899118081e+01 0.0000000000e+00 0.0000000000e+00 0.0000000000e+00 7.6521656705e-01
854.50000000 2.1906649386e+01 3.6108994030e-03 0.0000000000e+00 3.6108994030e-03 2.1906650722e+01 0.0000000000e+00 0.0000000000e+00 0.0000000000e+00 8.2415729050e-01
855.00000000 2.1914198093e+01 3.6136931512e-03 0.0000000000e+00 3.6136931512e-03 2.1914199431e+01 0.0000000000e+00 0.0000000000e+00 0.0000000000e+00 8.8122780501e-01
855.50000000 2.1921762916e+01 3.6164928634e-03 0.0000000000e+00 3.6164928634e-03 2.1921764254e+01 0.0000000000e+00 0.0000000000e+00 0.0000000000e+00 9.3651392829e-01
856.00000000 2.1929343900e+01 3.6192985572e-03 0.0000000000e+00 3.6192985572e-03 2.1929345240e+01 0.0000000000e+00 0.0000000000e+00 0.0000000000e+00 9.9009642306e-01
856.50000000 2.1936941096e+01 3.6221102506e-03 0.0000000000e+00 3.6221102506e-03 2.1936942436e+01 0.0000000000e+00 0.0000000000e+00 0.0000000000e+00 1.0420513542e+00
857.00000000 2.1944554550e+01 3.6249279611e-03 0.0000000000e+00 3.6249279611e-03 2.1944555891e+01 0.0000000000e+00 0.0000000000e+00 0.0000000000e+00 1.0924504172e+00
857.50000000 2.1952184311e+01 3.6277517069e-03 0.0000000000e+00 3.6277517069e-03 2.1952185653e+01 0.0000000000e+00 0.0000000000e+00 0.0000000000e+00 1.1413612400e+00
858.00000000 2.1959830427e+01 3.6305815057e-03 0.0000000000e+00 3.6305815057e-03 2.1959831771e+01 0.0000000000e+00 0.0000000000e+00 0.0000000000e+00 1.1888476610e+00
858.50000000 2.1967492948e+01 3.6334173757e-03 0.0000000000e+00 3.6334173757e-03 2.1967494293e+01 0.0000000000e+00 0.0000000000e+00 0.0000000000e+00 1.2349699852e+00
859.00000000 2.1975171922e+01 3.6362593350e-03 0.0000000000e+00 3.6362593350e-03 2.1975173268e+01 0.0000000000e+00 0.0000000000e+00 0.0000000000e+00 1.2797852206e+00
859.50000000 2.1982867398e+01 3.6391074017e-03 0.0000000000e+00 3.6391074017e-03 2.1982868745e+01 0.0000000000e+00 0.0000000000e+00 0.0000000000e+00 1.3233472952e+00
860.00000000 2.1990579426e+01 3.6419615941e-03 0.0000000000e+00 3.6419615941e-03 2.1990580774e+01 0.0000000000e+00 0.0000000000e+00 0.0000000000e+00 1.3657072595e+00
860.50000000 2.1998308055e+01 3.6448219306e-03 0.0000000000e+00 3.6448219306e-03 2.1998309404e+01 0.0000000000e+00 0.0000000000e+00 0.0000000000e+00 1.4069134714e+00
861.00000000 2.2006053335e+01 3.6476884294e-03 0.0000000000e+00 3.6476884294e-03 2.2006054685e+01 0.0000000000e+00 0.0000000000e+00 0.0000000000e+00 1.4470117690e+00
861.50000000 2.2013815316e+01 3.6505611092e-03 0.0000000000e+00 3.6505611092e-03 2.2013816667e+01 0.0000000000e+00 0.0000000000e+00 0.0000000000e+00 1.4860456293e+00
862.00000000 2.2021594048e+01 3.6534399885e-03 0.0000000000e+00 3.6534399885e-03 2.2021595400e+01 0.0000000000e+00 0.0000000000e+00 0.0000000000e+00 1.5240563164e+00
862.50000000 2.2029389581e+01 3.6563250859e-03 0.0000000000e+00 3.6563250859e-03 2.2029390934e+01 0.0000000000e+00 0.0000000000e+00 0.0000000000e+00 1.5610830180e+00
863.00000000 2.2037201966e+01 3.6592164201e-03 0.0000000000e+00 3.6592164201e-03 2.2037203320e+01 0.0000000000e+00 0.0000000000e+00 0.0000000000e+00 1.5971629725e+00
863.50000000 2.2045031253e+01 3.6621140099e-03 0.0000000000e+00 3.6621140099e-03 2.2045032609e+01 0.0000000000e+00 0.0000000000e+00 0.0000000000e+00 1.6323315869e+00
864.00000000 2.2052877495e+01 3.6650178741e-03 0.0000000000e+00 3.6650178741e-03 2.2052878851e+01 0.0000000000e+00 0.0000000000e+00 0.0000000000e+00 1.6666225464e+00
864.50000000 2.2060740740e+01 3.6679280317e-03 0.0000000000e+00 3.6679280317e-03 2.2060742098e+01 0.0000000000e+00 0.0000000000e+00 0.0000000000e+00 1.7000679166e+00
865.00000000 2.2068621042e+01 3.6708445017e-03 0.0000000000e+00 3.6708445017e-03 2.2068622401e+01 0.0000000000e+00 0.0000000000e+00 0.0000000000e+00 1.7326982382e+00
865.50000000 2.2076518452e+01 3.6737673033e-03 0.0000000000e+00 3.6737673033e-03 2.2076519812e+01 0.0000000000e+00 0.0000000000e+00 0.0000000000e+00 1.7645426156e+00
866.00000000 2.2084433021e+01 3.6766964554e-03 0.0000000000e+00 3.6766964554e-03 2.2084434382e+01 0.0000000000e+00 0.0000000000e+00 0.0000000000e+00 1.7956287992e+00
866.50000000 2.2092364802e+01 3.6796319775e-03 0.0000000000e+00 3.6796319775e-03 2.2092366164e+01 0.0000000000e+00 0.0000000000e+00 0.0000000000e+00 1.8259832621e+00
867.00000000 2.2100313846e+01 3.6825738889e-03 0.0000000000e+00 3.6825738889e-03 2.2100315209e+01 0.0000000000e+00 0.0000000000e+00 0.0000000000e+00 1.8556312723e+00
867.50000000 2.2108280207e+01 3.6855222089e-03 0.0000000000e+00 3.6855222089e-03 2.2108281571e+01 0.0000000000e+00 0.0000000000e+00 0.0000000000e+00 1.8845969595e+00
868.00000000 2.2116263937e+01 3.6884769570e-03 0.0000000000e+00 3.6884769570e-03 2.2116265302e+01 0.0000000000e+00 0.0000000000e+00 0.0000000000e+00 1.9129033779e+00
868.50000000 2.2124265088e+01 3.6914381529e-03 0.0000000000e+00 3.6914381529e-03 2.2124266454e+01 0.0000000000e+00 0.0000000000e+00 0.0000000000e+00 1.9405725646e+00
869.00000000 2.2132283714e+01 3.6944058161e-03 0.0000000000e+00 3.6944058161e-03 2.2132285081e+01 0.0000000000e+00 0.0000000000e+00 0.0000000000e+00 1.9676255947e+00
869.50000000 2.2140319868e+01 3.6973799663e-03 0.0000000000e+00 3.6973799663e-03 2.2140321236e+01 0.0000000000e+00 0.0000000000e+00 0.0000000000e+00 1.9940826328e+00
870.00000000 2.2148373603e+01 3.7003606235e-03 0.0000000000e+00 3.7003606235e-03 2.2148374973e+01 0.0000000000e+00 0.0000000000e+00 0.0000000000e+00 2.0199629808e+00
870.50000000 2.2156444975e+01 3.7033478075e-03 0.0000000000e+00 3.7033478075e-03 2.2156446345e+01 0.0000000000e+00 0.0000000000e+00 0.0000000000e+00 2.0452851235e+00
871.00000000 2.2164534035e+01 3.7063415382e-03 0.0000000000e+00 3.7063415382e-03 2.2164535407e+01 0.0000000000e+00 0.0000000000e+00 0.0000000000e+00 2.0700667707e+00
871.50000000 2.2172640839e+01 3.7093418358e-03 0.0000000000e+00 3.7093418358e-03 2.2172642212e+01 0.0000000000e+00 0.0000000000e+00 0.0000000000e+00 2.0943248972e+00
872.00000000 2.2180765441e+01 3.7123487203e-03 0.0000000000e+00 3.7123487203e-03 2.2180766815e+01 0.0000000000e+00 0.0000000000e+00 0.0000000000e+00 2.1180757801e+00
872.50000000 2.2188907896e+01 3.7153622121e-03 0.0000000000e+00 3.7153622121e-03 2.2188909271e+01 0.0000000000e+00 0.0000000000e+00 0.0000000000e+00 2.1413350340e+00
873.00000000 2.2197068258e+01 3.7183823313e-03 0.0000000000e+00 3.7183823313e-03 2.2197069634e+01 0.0000000000e+00 0.0000000000e+00 0.0000000000e+00 2.1641176443e+00
873.50000000 2.2205246583e+01 3.7214090984e-03 0.0000000000e+00 3.7214090984e-03 2.2205247960e+01 0.0000000000e+00 0.0000000000e+00 0.0000000000e+00 2.1864379978e+00
874.00000000 2.2213442925e+01 3.7244425339e-03 0.0000000000e+00 3.7244425339e-03 2.2213444304e+01 0.0000000000e+00 0.0000000000e+00 0.0000000000e+00 2.2083099127e+00
874.50000000 2.2221657342e+01 3.7274826584e-03 0.0000000000e+00 3.7274826584e-03 2.2221658721e+01 0.0000000000e+00 0.0000000000e+00 0.0000000000e+00 2.2297466656e+00
875.00000000 2.2229889887e+01 3.7305294924e-03 0.0000000000e+00 3.7305294924e-03 2.2229891268e+01 0.0000000000e+00 0.0000000000e+00 0.0000000000e+00 2.2507610181e+00
875.50000000 2.2238140618e+01 3.7335830568e-03 0.0000000000e+00 3.7335830568e-03 2.2238142000e+01 0.0000000000e+00 0.0000000000e+00 0.0000000000e+00 2.2713652410e+00
876.00000000 2.2246409591e+01 3.7366433724e-03 0.0000000000e+00 3.7366433724e-03 2.2246410974e+01 0.0000000000e+00 0.0000000000e+00 0.0000000000e+00 2.2915711375e+00
876.50000000 2.2254696862e+01 3.7397104600e-03 0.0000000000e+00 3.7397104600e-03 2.2254698246e+01 0.0000000000e+00 0.0000000000e+00 0.0000000000e+00 2.3113900654e+00
877.00000000 2.2263002487e+01 3.7427843406e-03 0.0000000000e+00 3.7427843406e-03 2.2263003872e+01 0.0000000000e+00 0.0000000000e+00 0.0000000000e+00 2.3308329575e+00
877.50000000 2.2271326525e+01 3.7458650355e-03 0.0000000000e+00 3.7458650355e-03 2.2271327911e+01 0.0000000000e+00 0.0000000000e+00 0.0000000000e+00 2.3499103411e+00
878.00000000 2.2279669031e+01 3.7489525656e-03 0.0000000000e+00 3.7489525656e-03 2.2279670419e+01 0.0000000000e+00 0.0000000000e+00 0.0000000000e+00 2.3686323567e+00
878.50000000 2.2288030064e+01 3.7520469524e-03 0.0000000000e+00 3.7520469524e-03 2.2288031453e+01 0.0000000000e+00 0.0000000000e+00 0.0000000000e+00 2.3870087757e+00
879.00000000 2.2296409681e+01 3.7551482171e-03 0.0000000000e+00 3.7551482171e-03 2.2296411071e+01 0.0000000000e+00 0.0000000000e+00 0.0000000000e+00 2.4050490163e+00
879.50000000 2.2304807941e+01 3.7582563812e-03 0.0000000000e+00 3.7582563812e-03 2.2304809332e+01 0.0000000000e+00 0.0000000000e+00 0.0000000000e+00 2.4227621597e+00
880.00000000 2.2313224900e+01 3.7613714662e-03 0.0000000000e+00 3.7613714662e-03 2.2313226292e+01 0.0000000000e+00 0.0000000000e+00 0.0000000000e+00 2.4401569650e+00
880.50000000 2.2321660619e+01 3.7644934938e-03 0.0000000000e+00 3.7644934938e-03 2.2321662012e+01 0.0000000000e+00 0.0000000000e+00 0.0000000000e+00 2.4572418828e+00
881.00000000 2.2330115155e+01 3.7676224857e-03 0.0000000000e+00 3.7676224857e-03 2.2330116549e+01 0.0000000000e+00 0.0000000000e+00 0.0000000000e+00 2.4740250690e+00
881.50000000 2.2338588567e+01 3.7707584636e-03 0.0000000000e+00 3.7707584636e-03 2.2338589963e+01 0.0000000000e+00 0.0000000000e+00 0.0000000000e+00 2.4905143976e+00
882.00000000 2.2347080915e+01 3.7739014495e-03 0.0000000000e+00 3.7739014495e-03 2.2347082312e+01 0.0000000000e+00 0.0000000000e+00 0.0000000000e+00 2.5067174720e+00
882.50000000 2.2355592258e+01 3.7770514654e-03 0.0000000000e+00 3.7770514654e-03 2.2355593656e+01 0.0000000000e+00 0.0000000000e+00 0.0000000000e+00 2.5226416372e+00
883.00000000 2.2364122656e+01 3.7802085334e-03 0.0000000000e+00 3.7802085334e-03 2.2364124055e+01 0.0000000000e+00 0.0000000000e+00 0.0000000000e+00 2.5382939903e+00
883.50000000 2.2372672168e+01 3.7833726756e-03 0.0000000000e+00 3.7833726756e-03 2.2372673569e+01 0.0000000000e+00 0.0000000000e+00 0.0000000000e+00 2.5536813909e+00
884.00000000 2.2381240855e+01 3.7865439144e-03 0.0000000000e+00 3.7865439144e-03 2.2381242257e+01 0.0000000000e+00 0.0000000000e+00 0.0000000000e+00 2.5688104707e+00
884.50000000 2.2389828778e+01 3.7897222721e-03 0.0000000000e+00 3.7897222721e-03 2.2389830180e+01 0.0000000000e+00 0.0000000000e+00 0.0000000000e+00 2.5836876431e+00
885.00000000 2.2398435996e+01 3.7929077711e-03 0.0000000000e+00 3.7929077711e-03 2.2398437400e+01 0.0000000000e+00 0.0000000000e+00 0.0000000000e+00 2.5983191119e+00
885.50000000 2.2407062572e+01 3.7961004341e-03 0.0000000000e+00 3.7961004341e-03 2.2407063976e+01 0.0000000000e+00 0.0000000000e+00 0.0000000000e+00 2.6127108800e+00
886.00000000 2.2415708565e+01 3.7993002836e-03 0.0000000000e+00 3.7993002836e-03 2.2415709971e+01 0.0000000000e+00 0.0000000000e+00 0.0000000000e+00 2.6268687570e+00
886.50000000 2.2424374038e+01 3.8025073425e-03 0.0000000000e+00 3.8025073425e-03 2.2424375445e+01 0.0000000000e+00 0.0000000000e+00 0.0000000000e+00 2.6407983671e+00
887.00000000 2.2433059053e+01 3.8057216336e-03 0.0000000000e+00 3.8057216336e-03 2.2433060461e+01 0.0000000000e+00 0.0000000000e+00 0.0000000000e+00 2.6545051567e+00
887.50000000 2.2441763671e+01 3.8089431798e-03 0.0000000000e+00 3.8089431798e-03 2.2441765080e+01 0.0000000000e+00 0.0000000000e+00 0.0000000000e+00 2.6679944009e+00
888.00000000 2.2450487954e+01 3.8121720043e-03 0.0000000000e+00 3.8121720043e-03 2.2450489365e+01 0.0000000000e+00 0.0000000000e+00 0.0000000000e+00 2.6812712102e+00
888.50000000 2.2459231966e+01 3.8154081301e-03 0.0000000000e+00 3.8154081301e-03 2.2459233378e+01 0.0000000000e+00 0.0000000000e+00 0.0000000000e+00 2.6943405371e+00
889.00000000 2.2467995769e+01 3.8186515805e-03 0.0000000000e+00 3.8186515805e-03 2.2467997182e+01 0.0000000000e+00 0.0000000000e+00 0.0000000000e+00 2.7072071820e+00
889.50000000 2.2476779426e+01 3.8219023788e-03 0.0000000000e+00 3.8219023788e-03 2.2476780841e+01 0.0000000000e+00 0.0000000000e+00 0.0000000000e+00 2.7198757988e+00
890.00000000 2.2485583001e+01 3.8251605486e-03 0.0000000000e+00 3.8251605486e-03 2.2485584417e+01 0.0000000000e+00 0.0000000000e+00 0.0000000000e+00 2.7323509008e+00
890.50000000 2.2494406557e+01 3.8284261133e-03 0.0000000000e+00 3.8284261133e-03 2.2494407974e+01 0.0000000000e+00 0.0000000000e+00 0.0000000000e+00 2.7446368656e+00
891.00000000 2.2503250158e+01 3.8316990966e-03 0.0000000000e+00 3.8316990966e-03 2.2503251576e+01 0.0000000000e+00 0.0000000000e+00 0.0000000000e+00 2.7567379403e+00
891.50000000 2.2512113868e+01 3.8349795223e-03 0.0000000000e+00 3.8349795223e-03 2.2512115287e+01 0.0000000000e+00 0.0000000000e+00 0.0000000000e+00 2.7686582462e+00
892.00000000 2.2520997752e+01 3.8382674142e-03 0.0000000000e+00 3.8382674142e-03 2.2520999172e+01 0.0000000000e+00 0.0000000000e+00 0.0000000000e+00 2.7804017836e+00
892.50000000 2.2529901874e+01 3.8415627962e-03 0.0000000000e+00 3.8415627962e-03 2.2529903296e+01 0.0000000000e+00 0.0000000000e+00 0.0000000000e+00 2.7919724361e+00
893.00000000 2.2538826300e+01 3.8448656925e-03 0.0000000000e+00 3.8448656925e-03 2.2538827723e+01 0.0000000000e+00 0.0000000000e+00 0.0000000000e+00 2.8033739746e+00
893.50000000 2.2547771095e+01 3.8481761273e-03 0.0000000000e+00 3.8481761273e-03 2.2547772519e+01 0.0000000000e+00 0.0000000000e+00 0.0000000000e+00 2.8146100617e+00
894.00000000 2.2556736324e+01 3.8514941247e-03 0.0000000000e+00 3.8514941247e-03 2.2556737749e+01 0.0000000000e+00 0.0000000000e+00 0.0000000000e+00 2.8256842553e+00
894.50000000 2.2565722053e+01 3.8548197091e-03 0.0000000000e+00 3.8548197091e-03 2.2565723479e+01 0.0000000000e+00 0.0000000000e+00 0.0000000000e+00 2.8366000124e+00
895.00000000 2.2574728348e+01 3.8581529052e-03 0.0000000000e+00 3.8581529052e-03 2.2574729776e+01 0.0000000000e+00 0.0000000000e+00 0.0000000000e+00 2.8473606927e+00
895.50000000 2.2583755277e+01 3.8614937373e-03 0.0000000000e+00 3.8614937373e-03 2.2583756706e+01 0.0000000000e+00 0.0000000000e+00 0.0000000000e+00 2.8579695616e+00
896.00000000 2.2592802905e+01 3.8648422304e-03 0.0000000000e+00 3.8648422304e-03 2.2592804336e+01 0.0000000000e+00 0.0000000000e+00 0.0000000000e+00 2.8684297941e+00
896.50000000 2.2601871300e+01 3.8681984091e-03 0.0000000000e+00 3.8681984091e-03 2.2601872732e+01 0.0000000000e+00 0.0000000000e+00 0.0000000000e+00 2.8787444775e+00
897.00000000 2.2610960529e+01 3.8715622983e-03 0.0000000000e+00 3.8715622983e-03 2.2610961962e+01 0.0000000000e+00 0.0000000000e+00 0.0000000000e+00 2.8889166143e+00
897.50000000 2.2620070659e+01 3.8749339232e-03 0.0000000000e+00 3.8749339232e-03 2.2620072093e+01 0.0000000000e+00 0.0000000000e+00 0.0000000000e+00 2.8989491254e+00
898.00000000 2.2629201759e+01 3.8783133088e-03 0.0000000000e+00 3.8783133088e-03 2.2629203194e+01 0.0000000000e+00 0.0000000000e+00 0.0000000000e+00 2.9088448527e+00
898.50000000 2.2638353897e+01 3.8817004804e-03 0.0000000000e+00 3.8817004804e-03 2.2638355333e+01 0.0000000000e+00 0.0000000000e+00 0.0000000000e+00 2.9186065617e+00
899.00000000 2.2647527141e+01 3.8850954633e-03 0.0000000000e+00 3.8850954633e-03 2.2647528578e+01 0.0000000000e+00 0.0000000000e+00 0.0000000000e+00 2.9282369441e+00
899.50000000 2.2656721559e+01 3.8884982830e-03 0.0000000000e+00 3.8884982830e-03 2.2656722999e+01 0.0000000000e+00 0.0000000000e+00 0.0000000000e+00 2.9377386201e+00
900.00000000 2.2665937223e+01 3.8919089652e-03 0.0000000000e+00 3.8919089652e-03 2.2665938663e+01 0.0000000000e+00 0.0000000000e+00 0.0000000000e+00 2.9471141412e+00
900.50000000 2.2675174199e+01 3.8953275354e-03 0.0000000000e+00 3.8953275354e-03 2.2675175641e+01 0.0000000000e+00 0.0000000000e+00 0.0000000000e+00 2.9563659916e+00
901.00000000 2.2684432559e+01 3.8987540195e-03 0.0000000000e+00 3.8987540195e-03 2.2684434002e+01 0.0000000000e+00 0.0000000000e+00 0.0000000000e+00 2.9654965913e+00
901.50000000 2.2693712373e+01 3.9021884434e-03 0.0000000000e+00 3.9021884434e-03 2.2693713817e+01 0.0000000000e+00 0.0000000000e+00 0.0000000000e+00 2.9745082977e+00
902.00000000 2.2703013710e+01 3.9056308332e-03 0.0000000000e+00 3.9056308332e-03 2.2703015156e+01 0.0000000000e+00 0.0000000000e+00 0.0000000000e+00 2.9834034074e+00
902.50000000 2.2712336642e+01 3.9090812150e-03 0.0000000000e+00 3.9090812150e-03 2.2712338088e+01 0.0000000000e+00 0.0000000000e+00 0.0000000000e+00 2.9921841587e+00
903.00000000 2.2721681239e+01 3.9125396150e-03 0.0000000000e+00 3.9125396150e-03 2.2721682687e+01 0.0000000000e+00 0.0000000000e+00 0.0000000000e+00 3.0008527331e+00
903.50000000 2.2731047572e+01 3.9160060598e-03 0.0000000000e+00 3.9160060598e-03 2.2731049021e+01 0.0000000000e+00 0.0000000000e+00 0.0000000000e+00 3.0094112568e+00
904.00000000 2.2740435714e+01 3.9194805756e-03 0.0000000000e+00 3.9194805756e-03 2.2740437165e+01 0.0000000000e+00 0.0000000000e+00 0.0000000000e+00 3.0178618032e+00
904.50000000 2.2749845736e+01 3.9229631893e-03 0.0000000000e+00 3.9229631893e-03 2.2749847188e+01 0.0000000000e+00 0.0000000000e+00 0.0000000000e+00 3.0262063938e+00
905.00000000 2.2759277711e+01 3.9264539274e-03 0.0000000000e+00 3.9264539274e-03 2.2759279164e+01 0.0000000000e+00 0.0000000000e+00 0.0000000000e+00 3.0344470001e+00
905.50000000 2.2768731710e+01 3.9299528169e-03 0.0000000000e+00 3.9299528169e-03 2.2768733165e+01 0.0000000000e+00 0.0000000000e+00 0.0000000000e+00 3.0425855452e+00
906.00000000 2.2778207807e+01 3.9334598848e-03 0.0000000000e+00 3.9334598848e-03 2.2778209263e+01 0.0000000000e+00 0.0000000000e+00 0.0000000000e+00 3.0506239053e+00
906.50000000 2.2787706076e+01 3.9369751581e-03 0.0000000000e+00 3.9369751581e-03 2.2787707533e+01 0.0000000000e+00 0.0000000000e+00 0.0000000000e+00 3.0585639106e+00
907.00000000 2.2797226589e+01 3.9404986641e-03 0.0000000000e+00 3.9404986641e-03 2.2797228047e+01 0.0000000000e+00 0.0000000000e+00 0.0000000000e+00 3.0664073476e+00
907.50000000 2.2806769421e+01 3.9440304301e-03 0.0000000000e+00 3.9440304301e-03 2.2806770880e+01 0.0000000000e+00 0.0000000000e+00 0.0000000000e+00 3.0741559597e+00
908.00000000 2.2816334645e+01 3.9475704835e-03 0.0000000000e+00 3.9475704835e-03 2.2816336106e+01 0.0000000000e+00 0.0000000000e+00 0.0000000000e+00 3.0818114486e+00
908.50000000 2.2825922337e+01 3.9511188520e-03 0.0000000000e+00 3.9511188520e-03 2.2825923799e+01 0.0000000000e+00 0.0000000000e+00 0.0000000000e+00 3.0893754757e+00
909.00000000 2.2835532571e+01 3.9546755633e-03 0.0000000000e+00 3.9546755633e-03 2.2835534034e+01 0.0000000000e+00 0.0000000000e+00 0.0000000000e+00 3.0968496632e+00
909.50000000 2.2845165422e+01 3.9582406451e-03 0.0000000000e+00 3.9582406451e-03 2.2845166887e+01 0.0000000000e+00 0.0000000000e+00 0.0000000000e+00 3.1042355953e+00
910.00000000 2.2854820966e+01 3.9618141255e-03 0.0000000000e+00 3.9618141255e-03 2.2854822432e+01 0.0000000000e+00 0.0000000000e+00 0.0000000000e+00 3.1115348192e+00
910.50000000 2.2864499279e+01 3.9653960326e-03 0.0000000000e+00 3.9653960326e-03 2.2864500746e+01 0.0000000000e+00 0.0000000000e+00 0.0000000000e+00 3.1187488463e+00
911.00000000 2.2874200437e+01 3.9689863944e-03 0.0000000000e+00 3.9689863944e-03 2.2874201905e+01 0.0000000000e+00 0.0000000000e+00 0.0000000000e+00 3.1258791531e+00
911.50000000 2.2883924516e+01 3.9725852395e-03 0.0000000000e+00 3.9725852395e-03 2.2883925986e+01 0.0000000000e+00 0.0000000000e+00 0.0000000000e+00 3.1329271823e+00
912.00000000 2.2893671594e+01 3.9761925963e-03 0.0000000000e+00 3.9761925963e-03 2.2893673065e+01 0.0000000000e+00 0.0000000000e+00 0.0000000000e+00 3.1398943437e+00
912.50000000 2.2903441748e+01 3.9798084933e-03 0.0000000000e+00 3.9798084933e-03 2.2903443221e+01 0.0000000000e+00 0.0000000000e+00 0.0000000000e+00 3.1467820150e+00
913.00000000 2.2913235055e+01 3.9834329593e-03 0.0000000000e+00 3.9834329593e-03 2.2913236529e+01 0.0000000000e+00 0.0000000000e+00 0.0000000000e+00 3.1535915431e+00
913.50000000 2.2923051593e+01 3.9870660231e-03 0.0000000000e+00 3.9870660231e-03 2.2923053069e+01 0.0000000000e+00 0.0000000000e+00 0.0000000000e+00 3.1603242446e+00
914.00000000 2.2932891441e+01 3.9907077138e-03 0.0000000000e+00 3.9907077138e-03 2.2932892918e+01 0.0000000000e+00 0.0000000000e+00 0.0000000000e+00 3.1669814068e+00
914.50000000 2.2942754678e+01 3.9943580604e-03 0.0000000000e+00 3.9943580604e-03 2.2942756156e+01 0.0000000000e+00 0.0000000000e+00 0.0000000000e+00 3.1735642883e+00
915.00000000 2.2952641382e+01 3.9980170922e-03 0.0000000000e+00 3.9980170922e-03 2.2952642862e+01 0.0000000000e+00 0.0000000000e+00 0.0000000000e+00 3.1800741201e+00
915.50000000 2.2962551633e+01 4.0016848386e-03 0.0000000000e+00 4.0016848386e-03 2.2962553114e+01 0.0000000000e+00 0.0000000000e+00 0.0000000000e+00 3.1865121062e+00
916.00000000 2.2972485510e+01 4.0053613292e-03 0.0000000000e+00 4.0053613292e-03 2.2972486993e+01 0.0000000000e+00 0.0000000000e+00 0.0000000000e+00 3.1928794243e+00
916.50000000 2.2982443094e+01 4.0090465935e-03 0.0000000000e+00 4.0090465935e-03 2.2982444578e+01 0.0000000000e+00 0.0000000000e+00 0.0000000000e+00 3.1991772266e+00
917.00000000 2.2992424466e+01 4.0127406613e-03 0.0000000000e+00 4.0127406613e-03 2.2992425951e+01 0.0000000000e+00 0.0000000000e+00 0.0000000000e+00 3.2054066404e+00
917.50000000 2.3002429705e+01 4.0164435626e-03 0.0000000000e+00 4.0164435626e-03 2.3002431191e+01 0.0000000000e+00 0.0000000000e+00 0.0000000000e+00 3.2115687688e+00
918.00000000 2.3012458894e+01 4.0201553275e-03 0.0000000000e+00 4.0201553275e-03 2.3012460381e+01 0.0000000000e+00 0.0000000000e+00 0.0000000000e+00 3.2176646914e+00
918.50000000 2.3022512113e+01 4.0238759861e-03 0.0000000000e+00 4.0238759861e-03 2.3022513602e+01 0.0000000000e+00 0.0000000000e+00 0.0000000000e+00 3.2236954648e+00
919.00000000 2.3032589446e+01 4.0276055688e-03 0.0000000000e+00 4.0276055688e-03 2.3032590936e+01 0.0000000000e+00 0.0000000000e+00 0.0000000000e+00 3.2296621233e+00
919.50000000 2.3042690973e+01 4.0313441061e-03 0.0000000000e+00 4.0313441061e-03 2.3042692465e+01 0.0000000000e+00 0.0000000000e+00 0.0000000000e+00 3.2355656795e+00
920.00000000 2.3052816779e+01 4.0350916285e-03 0.0000000000e+00 4.0350916285e-03 2.3052818272e+01 0.0000000000e+00 0.0000000000e+00 0.0000000000e+00 3.2414071249e+00
920.50000000 2.3062966946e+01 4.0388481669e-03 0.0000000000e+00 4.0388481669e-03 2.3062968440e+01 0.0000000000e+00 0.0000000000e+00 0.0000000000e+00 3.2471874301e+00
921.00000000 2.3073141557e+01 4.0426137522e-03 0.0000000000e+00 4.0426137522e-03 2.3073143053e+01 0.0000000000e+00 0.0000000000e+00 0.0000000000e+00 3.2529075461e+00
921.50000000 2.3083340697e+01 4.0463884153e-03 0.0000000000e+00 4.0463884153e-03 2.3083342195e+01 0.0000000000e+00 0.0000000000e+00 0.0000000000e+00 3.2585684038e+00
922.00000000 2.3093564450e+01 4.0501721876e-03 0.0000000000e+00 4.0501721876e-03 2.3093565949e+01 0.0000000000e+00 0.0000000000e+00 0.0000000000e+00 3.2641709153e+00
922.50000000 2.3103812900e+01 4.0539651003e-03 0.0000000000e+00 4.0539651003e-03 2.3103814400e+01 0.0000000000e+00 0.0000000000e+00 0.0000000000e+00 3.2697159741e+00
923.00000000 2.3114086132e+01 4.0577671849e-03 0.0000000000e+00 4.0577671849e-03 2.3114087634e+01 0.0000000000e+00 0.0000000000e+00 0.0000000000e+00 3.2752044556e+00
923.50000000 2.3124384233e+01 4.0615784730e-03 0.0000000000e+00 4.0615784730e-03 2.3124385736e+01 0.0000000000e+00 0.0000000000e+00 0.0000000000e+00 3.2806372175e+00
924.00000000 2.3134707287e+01 4.0653989964e-03 0.0000000000e+00 4.0653989964e-03 2.3134708792e+01 0.0000000000e+00 0.0000000000e+00 0.0000000000e+00 3.2860151002e+00
924.50000000 2.3145055381e+01 4.0692287871e-03 0.0000000000e+00 4.0692287871e-03 2.3145056887e+01 0.0000000000e+00 0.0000000000e+00 0.0000000000e+00 3.2913389275e+00
925.00000000 2.3155428602e+01 4.0730678770e-03 0.0000000000e+00 4.0730678770e-03 2.3155430110e+01 0.0000000000e+00 0.0000000000e+00 0.0000000000e+00 3.2966095066e+00
925.50000000 2.3165827037e+01 4.0769162985e-03 0.0000000000e+00 4.0769162985e-03 2.3165828546e+01 0.0000000000e+00 0.0000000000e+00 0.0000000000e+00 3.3018276290e+00
926.00000000 2.3176250773e+01 4.0807740838e-03 0.0000000000e+00 4.0807740838e-03 2.3176252283e+01 0.0000000000e+00 0.0000000000e+00 0.0000000000e+00 3.3069940703e+00
926.50000000 2.3186699898e+01 4.0846412656e-03 0.0000000000e+00 4.0846412656e-03 2.3186701410e+01 0.0000000000e+00 0.0000000000e+00 0.0000000000e+00 3.3121095912e+00
927.00000000 2.3197174501e+01 4.0885178764e-03 0.0000000000e+00 4.0885178764e-03 2.3197176014e+01 0.0000000000e+00 0.0000000000e+00 0.0000000000e+00 3.3171749375e+00
927.50000000 2.3207674669e+01 4.0924039491e-03 0.0000000000e+00 4.0924039491e-03 2.3207676184e+01 0.0000000000e+00 0.0000000000e+00 0.0000000000e+00 3.3221908404e+00
928.00000000 2.3218200493e+01 4.0962995168e-03 0.0000000000e+00 4.0962995168e-03 2.3218202009e+01 0.0000000000e+00 0.0000000000e+00 0.0000000000e+00 3.3271580171e+00
928.50000000 2.3228752061e+01 4.1002046124e-03 0.0000000000e+00 4.1002046124e-03 2.3228753579e+01 0.0000000000e+00 0.0000000000e+00 0.0000000000e+00 3.3320771709e+00
929.00000000 2.3239329464e+01 4.1041192693e-03 0.0000000000e+00 4.1041192693e-03 2.3239330983e+01 0.0000000000e+00 0.0000000000e+00 0.0000000000e+00 3.3369489919e+00
929.50000000 2.3249932793e+01 4.1080435210e-03 0.0000000000e+00 4.1080435210e-03 2.3249934313e+01 0.0000000000e+00 0.0000000000e+00 0.0000000000e+00 3.3417741569e+00
930.00000000 2.3260562137e+01 4.1119774011e-03 0.0000000000e+00 4.1119774011e-03 2.3260563658e+01 0.0000000000e+00 0.0000000000e+00 0.0000000000e+00 3.3465533297e+00
930.50000000 2.3271217588e+01 4.1159209433e-03 0.0000000000e+00 4.1159209433e-03 2.3271219111e+01 0.0000000000e+00 0.0000000000e+00 0.0000000000e+00 3.3512871620e+00
931.00000000 2.3281899237e+01 4.1198741816e-03 0.0000000000e+00 4.1198741816e-03 2.3281900762e+01 0.0000000000e+00 0.0000000000e+00 0.0000000000e+00 3.3559762929e+00
931.50000000 2.3292607178e+01 4.1238371499e-03 0.0000000000e+00 4.1238371499e-03 2.3292608704e+01 0.0000000000e+00 0.0000000000e+00 0.0000000000e+00 3.3606213497e+00
932.00000000 2.3303341502e+01 4.1278098827e-03 0.0000000000e+00 4.1278098827e-03 2.3303343029e+01 0.0000000000e+00 0.0000000000e+00 0.0000000000e+00 3.3652229482e+00
932.50000000 2.3314102302e+01 4.1317924142e-03 0.0000000000e+00 4.1317924142e-03 2.3314103831e+01 0.0000000000e+00 0.0000000000e+00 0.0000000000e+00 3.3697816924e+00
933.00000000 2.3324889672e+01 4.1357847791e-03 0.0000000000e+00 4.1357847791e-03 2.3324891202e+01 0.0000000000e+00 0.0000000000e+00 0.0000000000e+00 3.3742981756e+00
933.50000000 2.3335703705e+01 4.1397870121e-03 0.0000000000e+00 4.1397870121e-03 2.3335705237e+01 0.0000000000e+00 0.0000000000e+00 0.0000000000e+00 3.3787729799e+00
934.00000000 2.3346544497e+01 4.1437991480e-03 0.0000000000e+00 4.1437991480e-03 2.3346546030e+01 0.0000000000e+00 0.0000000000e+00 0.0000000000e+00 3.3832066770e+00
934.50000000 2.3357412141e+01 4.1478212221e-03 0.0000000000e+00 4.1478212221e-03 2.3357413676e+01 0.0000000000e+00 0.0000000000e+00 0.0000000000e+00 3.3875998282e+00
935.00000000 2.3368306733e+01 4.1518532694e-03 0.0000000000e+00 4.1518532694e-03 2.3368308269e+01 0.0000000000e+00 0.0000000000e+00 0.0000000000e+00 3.3919529843e+00
935.50000000 2.3379228368e+01 4.1558953254e-03 0.0000000000e+00 4.1558953254e-03 2.3379229906e+01 0.0000000000e+00 0.0000000000e+00 0.0000000000e+00 3.3962666867e+00
936.00000000 2.3390177143e+01 4.1599474256e-03 0.0000000000e+00 4.1599474256e-03 2.3390178682e+01 0.0000000000e+00 0.0000000000e+00 0.0000000000e+00 3.4005414667e+00
936.50000000 2.3401153154e+01 4.1640096059e-03 0.0000000000e+00 4.1640096059e-03 2.3401154695e+01 0.0000000000e+00 0.0000000000e+00 0.0000000000e+00 3.4047778462e+00
937.00000000 2.3412156498e+01 4.1680819021e-03 0.0000000000e+00 4.1680819021e-03 2.3412158041e+01 0.0000000000e+00 0.0000000000e+00 0.0000000000e+00 3.4089763380e+00
937.50000000 2.3423187273e+01 4.1721643503e-03 0.0000000000e+00 4.1721643503e-03 2.3423188817e+01 0.0000000000e+00 0.0000000000e+00 0.0000000000e+00 3.4131374457e+00
938.00000000 2.3434245577e+01 4.1762569867e-03 0.0000000000e+00 4.1762569867e-03 2.3434247122e+01 0.0000000000e+00 0.0000000000e+00 0.0000000000e+00 3.4172616639e+00
938.50000000 2.3445331507e+01 4.1803598478e-03 0.0000000000e+00 4.1803598478e-03 2.3445333055e+01 0.0000000000e+00 0.0000000000e+00 0.0000000000e+00 3.4213494787e+00
939.00000000 2.3456445164e+01 4.1844729702e-03 0.0000000000e+00 4.1844729702e-03 2.3456446713e+01 0.0000000000e+00 0.0000000000e+00 0.0000000000e+00 3.4254013677e+00
939.50000000 2.3467586646e+01 4.1885963907e-03 0.0000000000e+00 4.1885963907e-03 2.3467588197e+01 0.0000000000e+00 0.0000000000e+00 0.0000000000e+00 3.4294178001e+00
940.00000000 2.3478756054e+01 4.1927301462e-03 0.0000000000e+00 4.1927301462e-03 2.3478757606e+01 0.0000000000e+00 0.0000000000e+00 0.0000000000e+00 3.4333992371e+00
940.50000000 2.3489953487e+01 4.1968742739e-03 0.0000000000e+00 4.1968742739e-03 2.3489955040e+01 0.0000000000e+00 0.0000000000e+00 0.0000000000e+00 3.4373461318e+00
941.00000000 2.3501179046e+01 4.2010288111e-03 0.0000000000e+00 4.2010288111e-03 2.3501180601e+01 0.0000000000e+00 0.0000000000e+00 0.0000000000e+00 3.4412589296e+00
941.50000000 2.3512432834e+01 4.2051937953e-03 0.0000000000e+00 4.2051937953e-03 2.3512434390e+01 0.0000000000e+00 0.0000000000e+00 0.0000000000e+00 3.4451380684e+00
942.00000000 2.3523714951e+01 4.2093692642e-03 0.0000000000e+00 4.2093692642e-03 2.3523716508e+01 0.0000000000e+00 0.0000000000e+00 0.0000000000e+00 3.4489839784e+00
942.50000000 2.3535025499e+01 4.2135552556e-03 0.0000000000e+00 4.2135552556e-03 2.3535027059e+01 0.0000000000e+00 0.0000000000e+00 0.0000000000e+00 3.4527970827e+00
943.00000000 2.3546364583e+01 4.2177518077e-03 0.0000000000e+00 4.2177518077e-03 2.3546366144e+01 0.0000000000e+00 0.0000000000e+00 0.0000000000e+00 3.4565777972e+00
943.50000000 2.3557732305e+01 4.2219589585e-03 0.0000000000e+00 4.2219589585e-03 2.3557733867e+01 0.0000000000e+00 0.0000000000e+00 0.0000000000e+00 3.4603265308e+00
944.00000000 2.3569128768e+01 4.2261767466e-03 0.0000000000e+00 4.2261767466e-03 2.3569130332e+01 0.0000000000e+00 0.0000000000e+00 0.0000000000e+00 3.4640436856e+00
944.50000000 2.3580554078e+01 4.2304052105e-03 0.0000000000e+00 4.2304052105e-03 2.3580555643e+01 0.0000000000e+00 0.0000000000e+00 0.0000000000e+00 3.4677296569e+00
945.00000000 2.3592008338e+01 4.2346443891e-03 0.0000000000e+00 4.2346443891e-03 2.3592009905e+01 0.0000000000e+00 0.0000000000e+00 0.0000000000e+00 3.4713848335e+00
945.50000000 2.3603491655e+01 4.2388943214e-03 0.0000000000e+00 4.2388943214e-03 2.3603493224e+01 0.0000000000e+00 0.0000000000e+00 0.0000000000e+00 3.4750095978e+00
946.00000000 2.3615004134e+01 4.2431550464e-03 0.0000000000e+00 4.2431550464e-03 2.3615005705e+01 0.0000000000e+00 0.0000000000e+00 0.0000000000e+00 3.4786043259e+00
946.50000000 2.3626545882e+01 4.2474266037e-03 0.0000000000e+00 4.2474266037e-03 2.3626547454e+01 0.0000000000e+00 0.0000000000e+00 0.0000000000e+00 3.4821693877e+00
947.00000000 2.3638117005e+01 4.2517090326e-03 0.0000000000e+00 4.2517090326e-03 2.3638118578e+01 0.0000000000e+00 0.0000000000e+00 0.0000000000e+00 3.4857051470e+00
947.50000000 2.3649717611e+01 4.2560023731e-03 0.0000000000e+00 4.2560023731e-03 2.3649719186e+01 0.0000000000e+00 0.0000000000e+00 0.0000000000e+00 3.4892119619e+00
948.00000000 2.3661347808e+01 4.2603066650e-03 0.0000000000e+00 4.2603066650e-03 2.3661349384e+01 0.0000000000e+00 0.0000000000e+00 0.0000000000e+00 3.4926901843e+00
948.50000000 2.3673007704e+01 4.2646219486e-03 0.0000000000e+00 4.2646219486e-03 2.3673009282e+01 0.0000000000e+00 0.0000000000e+00 0.0000000000e+00 3.4961401609e+00
949.00000000 2.3684697408e+01 4.2689482640e-03 0.0000000000e+00 4.2689482640e-03 2.3684698988e+01 0.0000000000e+00 0.0000000000e+00 0.0000000000e+00 3.4995622325e+00
949.50000000 2.3696417030e+01 4.2732856520e-03 0.0000000000e+00 4.2732856520e-03 2.3696418612e+01 0.0000000000e+00 0.0000000000e+00 0.0000000000e+00 3.5029567346e+00
950.00000000 2.3708166681e+01 4.2776341532e-03 0.0000000000e+00 4.2776341532e-03 2.3708168264e+01 0.0000000000e+00 0.0000000000e+00 0.0000000000e+00 3.5063239972e+00
950.50000000 2.3719946470e+01 4.2819938086e-03 0.0000000000e+00 4.2819938086e-03 2.3719948054e+01 0.0000000000e+00 0.0000000000e+00 0.0000000000e+00 3.5096643453e+00
951.00000000 2.3731756508e+01 4.2863646593e-03 0.0000000000e+00 4.2863646593e-03 2.3731758095e+01 0.0000000000e+00 0.0000000000e+00 0.0000000000e+00 3.5129780984e+00
951.50000000 2.3743596908e+01 4.2907467467e-03 0.0000000000e+00 4.2907467467e-03 2.3743598496e+01 0.0000000000e+00 0.0000000000e+00 0.0000000000e+00 3.5162655714e+00
952.00000000 2.3755467782e+01 4.2951401124e-03 0.0000000000e+00 4.2951401124e-03 2.3755469372e+01 0.0000000000e+00 0.0000000000e+00 0.0000000000e+00 3.5195270739e+00
952.50000000 2.3767369243e+01 4.2995447981e-03 0.0000000000e+00 4.2995447981e-03 2.3767370834e+01 0.0000000000e+00 0.0000000000e+00 0.0000000000e+00 3.5227629109e+00
953.00000000 2.3779301404e+01 4.3039608458e-03 0.0000000000e+00 4.3039608458e-03 2.3779302997e+01 0.0000000000e+00 0.0000000000e+00 0.0000000000e+00 3.5259733825e+00
953.50000000 2.3791264379e+01 4.3083882976e-03 0.0000000000e+00 4.3083882976e-03 2.3791265973e+01 0.0000000000e+00 0.0000000000e+00 0.0000000000e+00 3.5291587842e+00
954.00000000 2.3803258283e+01 4.3128271961e-03 0.0000000000e+00 4.3128271961e-03 2.3803259879e+01 0.0000000000e+00 0.0000000000e+00 0.0000000000e+00 3.5323194069e+00
954.50000000 2.3815283230e+01 4.3172775837e-03 0.0000000000e+00 4.3172775837e-03 2.3815284828e+01 0.0000000000e+00 0.0000000000e+00 0.0000000000e+00 3.5354555370e+00
955.00000000 2.3827339337e+01 4.3217395033e-03 0.0000000000e+00 4.3217395033e-03 2.3827340936e+01 0.0000000000e+00 0.0000000000e+00 0.0000000000e+00 3.5385674567e+00
955.50000000 2.3839426719e+01 4.3262129980e-03 0.0000000000e+00 4.3262129980e-03 2.3839428320e+01 0.0000000000e+00 0.0000000000e+00 0.0000000000e+00 3.5416554437e+00
956.00000000 2.3851545494e+01 4.3306981109e-03 0.0000000000e+00 4.3306981109e-03 2.3851547097e+01 0.0000000000e+00 0.0000000000e+00 0.0000000000e+00 3.5447197715e+00
956.50000000 2.3863695780e+01 4.3351948856e-03 0.0000000000e+00 4.3351948856e-03 2.3863697384e+01 0.0000000000e+00 0.0000000000e+00 0.0000000000e+00 3.5477607094e+00
957.00000000 2.3875877693e+01 4.3397033657e-03 0.0000000000e+00 4.3397033657e-03 2.3875879299e+01 0.0000000000e+00 0.0000000000e+00 0.0000000000e+00 3.5507785229e+00
957.50000000 2.3888091353e+01 4.3442235952e-03 0.0000000000e+00 4.3442235952e-03 2.3888092961e+01 0.0000000000e+00 0.0000000000e+00 0.0000000000e+00 3.5537734731e+00
958.00000000 2.3900336879e+01 4.3487556182e-03 0.0000000000e+00 4.3487556182e-03 2.3900338488e+01 0.0000000000e+00 0.0000000000e+00 0.0000000000e+00 3.5567458175e+00
958.50000000 2.3912614391e+01 4.3532994790e-03 0.0000000000e+00 4.3532994790e-03 2.3912616002e+01 0.0000000000e+00 0.0000000000e+00 0.0000000000e+00 3.5596958097e+00
959.00000000 2.3924924009e+01 4.3578552221e-03 0.0000000000e+00 4.3578552221e-03 2.3924925622e+01 0.0000000000e+00 0.0000000000e+00 0.0000000000e+00 3.5626236994e+00
959.50000000 2.3937265854e+01 4.3624228925e-03 0.0000000000e+00 4.3624228925e-03 2.3937267469e+01 0.0000000000e+00 0.0000000000e+00 0.0000000000e+00 3.5655297327e+00
960.00000000 2.3949640049e+01 4.3670025351e-03 0.0000000000e+00 4.3670025351e-03 2.3949641665e+01 0.0000000000e+00 0.0000000000e+00 0.0000000000e+00 3.5684141520e+00
960.50000000 2.3962046714e+01 4.3715941952e-03 0.0000000000e+00 4.3715941952e-03 2.3962048332e+01 0.0000000000e+00 0.0000000000e+00 0.0000000000e+00 3.5712771962e+00
961.00000000 2.3974485974e+01 4.3761979183e-03 0.0000000000e+00 4.3761979183e-03 2.3974487594e+01 0.0000000000e+00 0.0000000000e+00 0.0000000000e+00 3.5741191008e+00
961.50000000 2.3986957951e+01 4.3808137500e-03 0.0000000000e+00 4.3808137500e-03 2.3986959573e+01 0.0000000000e+00 0.0000000000e+00 0.0000000000e+00 3.5769400975e+00
962.00000000 2.3999462771e+01 4.3854417364e-03 0.0000000000e+00 4.3854417364e-03 2.3999464394e+01 0.0000000000e+00 0.0000000000e+00 0.0000000000e+00 3.5797404150e+00
962.50000000 2.4012000556e+01 4.3900819236e-03 0.0000000000e+00 4.3900819236e-03 2.4012002181e+01 0.0000000000e+00 0.0000000000e+00 0.0000000000e+00 3.5825202785e+00
963.00000000 2.4024571434e+01 4.3947343581e-03 0.0000000000e+00 4.3947343581e-03 2.4024573061e+01 0.0000000000e+00 0.0000000000e+00 0.0000000000e+00 3.5852799100e+00
963.50000000 2.4037175530e+01 4.3993990864e-03 0.0000000000e+00 4.3993990864e-03 2.4037177158e+01 0.0000000000e+00 0.0000000000e+00 0.0000000000e+00 3.5880195283e+00
964.00000000 2.4049812971e+01 4.4040761556e-03 0.0000000000e+00 4.4040761556e-03 2.4049814601e+01 0.0000000000e+00 0.0000000000e+00 0.0000000000e+00 3.5907393491e+00
964.50000000 2.4062483884e+01 4.4087656127e-03 0.0000000000e+00 4.4087656127e-03 2.4062485516e+01 0.0000000000e+00 0.0000000000e+00 0.0000000000e+00 3.5934395848e+00
965.00000000 2.4075188397e+01 4.4134675051e-03 0.0000000000e+00 4.4134675051e-03 2.4075190031e+01 0.0000000000e+00 0.0000000000e+00 0.0000000000e+00 3.5961204450e+00
965.50000000 2.4087926640e+01 4.4181818804e-03 0.0000000000e+00 4.4181818804e-03 2.4087928275e+01 0.0000000000e+00 0.0000000000e+00 0.0000000000e+00 3.5987821364e+00
966.00000000 2.4100698740e+01 4.4229087865e-03 0.0000000000e+00 4.4229087865e-03 2.4100700377e+01 0.0000000000e+00 0.0000000000e+00 0.0000000000e+00 3.6014248625e+00
966.50000000 2.4113504828e+01 4.4276482716e-03 0.0000000000e+00 4.4276482716e-03 2.4113506467e+01 0.0000000000e+00 0.0000000000e+00 0.0000000000e+00 3.6040488241e+00
967.00000000 2.4126345036e+01 4.4324003839e-03 0.0000000000e+00 4.4324003839e-03 2.4126346676e+01 0.0000000000e+00 0.0000000000e+00 0.0000000000e+00 3.6066542191e+00
967.50000000 2.4139219494e+01 4.4371651721e-03 0.0000000000e+00 4.4371651721e-03 2.4139221136e+01 0.0000000000e+00 0.0000000000e+00 0.0000000000e+00 3.6092412428e+00
968.00000000 2.4152128334e+01 4.4419426850e-03 0.0000000000e+00 4.4419426850e-03 2.4152129978e+01 0.0000000000e+00 0.0000000000e+00 0.0000000000e+00 3.6118100875e+00
968.50000000 2.4165071689e+01 4.4467329719e-03 0.0000000000e+00 4.4467329719e-03 2.4165073334e+01 0.0000000000e+00 0.0000000000e+00 0.0000000000e+00 3.6143609432e+00
969.00000000 2.4178049692e+01 4.4515360820e-03 0.0000000000e+00 4.4515360820e-03 2.4178051340e+01 0.0000000000e+00 0.0000000000e+00 0.0000000000e+00 3.6168939968e+00
969.50000000 2.4191062478e+01 4.4563520649e-03 0.0000000000e+00 4.4563520649e-03 2.4191064127e+01 0.0000000000e+00 0.0000000000e+00 0.0000000000e+00 3.6194094330e+00
970.00000000 2.4204110181e+01 4.4611809706e-03 0.0000000000e+00 4.4611809706e-03 2.4204111832e+01 0.0000000000e+00 0.0000000000e+00 0.0000000000e+00 3.6219074338e+00
970.50000000 2.4217192937e+01 4.4660228492e-03 0.0000000000e+00 4.4660228492e-03 2.4217194590e+01 0.0000000000e+00 0.0000000000e+00 0.0000000000e+00 3.6243881788e+00
971.00000000 2.4230310882e+01 4.4708777511e-03 0.0000000000e+00 4.4708777511e-03 2.4230312537e+01 0.0000000000e+00 0.0000000000e+00 0.0000000000e+00 3.6268518450e+00
971.50000000 2.4243464153e+01 4.4757457269e-03 0.0000000000e+00 4.4757457269e-03 2.4243465809e+01 0.0000000000e+00 0.0000000000e+00 0.0000000000e+00 3.6292986070e+00
972.00000000 2.4256652887e+01 4.4806268277e-03 0.0000000000e+00 4.4806268277e-03 2.4256654545e+01 0.0000000000e+00 0.0000000000e+00 0.0000000000e+00 3.6317286372e+00
972.50000000 2.4269877223e+01 4.4855211046e-03 0.0000000000e+00 4.4855211046e-03 2.4269878883e+01 0.0000000000e+00 0.0000000000e+00 0.0000000000e+00 3.6341421056e+00
973.00000000 2.4283137300e+01 4.4904286091e-03 0.0000000000e+00 4.4904286091e-03 2.4283138962e+01 0.0000000000e+00 0.0000000000e+00 0.0000000000e+00 3.6365391797e+00
973.50000000 2.4296433258e+01 4.4953493928e-03 0.0000000000e+00 4.4953493928e-03 2.4296434922e+01 0.0000000000e+00 0.0000000000e+00 0.0000000000e+00 3.6389200251e+00
974.00000000 2.4309765237e+01 4.5002835080e-03 0.0000000000e+00 4.5002835080e-03 2.4309766903e+01 0.0000000000e+00 0.0000000000e+00 0.0000000000e+00 3.6412848050e+00
974.50000000 2.4323133379e+01 4.5052310067e-03 0.0000000000e+00 4.5052310067e-03 2.4323135046e+01 0.0000000000e+00 0.0000000000e+00 0.0000000000e+00 3.6436336802e+00
975.00000000 2.4336537825e+01 4.5101919416e-03 0.0000000000e+00 4.5101919416e-03 2.4336539494e+01 0.0000000000e+00 0.0000000000e+00 0.0000000000e+00 3.6459668098e+00
975.50000000 2.4349978718e+01 4.5151663655e-03 0.0000000000e+00 4.5151663655e-03 2.4349980389e+01 0.0000000000e+00 0.0000000000e+00 0.0000000000e+00 3.6482843506e+00
976.00000000 2.4363456202e+01 4.5201543315e-03 0.0000000000e+00 4.5201543315e-03 2.4363457875e+01 0.0000000000e+00 0.0000000000e+00 0.0000000000e+00 3.6505864571e+00
976.50000000 2.4376970422e+01 4.5251558931e-03 0.0000000000e+00 4.5251558931e-03 2.4376972096e+01 0.0000000000e+00 0.0000000000e+00 0.0000000000e+00 3.6528732822e+00
977.00000000 2.4390521521e+01 4.5301711038e-03 0.0000000000e+00 4.5301711038e-03 2.4390523198e+01 0.0000000000e+00 0.0000000000e+00 0.0000000000e+00 3.6551449763e+00
977.50000000 2.4404109647e+01 4.5352000177e-03 0.0000000000e+00 4.5352000177e-03 2.4404111325e+01 0.0000000000e+00 0.0000000000e+00 0.0000000000e+00 3.6574016884e+00
978.00000000 2.4417734945e+01 4.5402426891e-03 0.0000000000e+00 4.5402426891e-03 2.4417736625e+01 0.0000000000e+00 0.0000000000e+00 0.0000000000e+00 3.6596435650e+00
978.50000000 2.4431397562e+01 4.5452991723e-03 0.0000000000e+00 4.5452991723e-03 2.4431399245e+01 0.0000000000e+00 0.0000000000e+00 0.0000000000e+00 3.6618707510e+00
979.00000000 2.4445097648e+01 4.5503695224e-03 0.0000000000e+00 4.5503695224e-03 2.4445099332e+01 0.0000000000e+00 0.0000000000e+00 0.0000000000e+00 3.6640833895e+00
979.50000000 2.4458835351e+01 4.5554537944e-03 0.0000000000e+00 4.5554537944e-03 2.4458837037e+01 0.0000000000e+00 0.0000000000e+00 0.0000000000e+00 3.6662816214e+00
980.00000000 2.4472610821e+01 4.5605520437e-03 0.0000000000e+00 4.5605520437e-03 2.4472612509e+01 0.0000000000e+00 0.0000000000e+00 0.0000000000e+00 3.6684655862e+00
980.50000000 2.4486424208e+01 4.5656643260e-03 0.0000000000e+00 4.5656643260e-03 2.4486425897e+01 0.0000000000e+00 0.0000000000e+00 0.0000000000e+00 3.6706354213e+00
981.00000000 2.4500275663e+01 4.5707906974e-03 0.0000000000e+00 4.5707906974e-03 2.4500277355e+01 0.0000000000e+00 0.0000000000e+00 0.0000000000e+00 3.6727912625e+00
981.50000000 2.4514165339e+01 4.5759312141e-03 0.0000000000e+00 4.5759312141e-03 2.4514167033e+01 0.0000000000e+00 0.0000000000e+00 0.0000000000e+00 3.6749332438e+00
982.00000000 2.4528093389e+01 4.5810859328e-03 0.0000000000e+00 4.5810859328e-03 2.4528095085e+01 0.0000000000e+00 0.0000000000e+00 0.0000000000e+00 3.6770614975e+00
982.50000000 2.4542059967e+01 4.5862549104e-03 0.0000000000e+00 4.5862549104e-03 2.4542061664e+01 0.0000000000e+00 0.0000000000e+00 0.0000000000e+00 3.6791761543e+00
983.00000000 2.4556065226e+01 4.5914382041e-03 0.0000000000e+00 4.5914382041e-03 2.4556066925e+01 0.0000000000e+00 0.0000000000e+00 0.0000000000e+00 3.6812773431e+00
983.50000000 2.4570109323e+01 4.5966358714e-03 0.0000000000e+00 4.5966358714e-03 2.4570111024e+01 0.0000000000e+00 0.0000000000e+00 0.0000000000e+00 3.6833651914e+00
984.00000000 2.4584192414e+01 4.6018479702e-03 0.0000000000e+00 4.6018479702e-03 2.4584194117e+01 0.0000000000e+00 0.0000000000e+00 0.0000000000e+00 3.6854398249e+00
984.50000000 2.4598314656e+01 4.6070745586e-03 0.0000000000e+00 4.6070745586e-03 2.4598316361e+01 0.0000000000e+00 0.0000000000e+00 0.0000000000e+00 3.6875013677e+00
985.00000000 2.4612476207e+01 4.6123156951e-03 0.0000000000e+00 4.6123156951e-03 2.4612477914e+01 0.0000000000e+00 0.0000000000e+00 0.0000000000e+00 3.6895499426e+00
985.50000000 2.4626677225e+01 4.6175714385e-03 0.0000000000e+00 4.6175714385e-03 2.4626678934e+01 0.0000000000e+00 0.0000000000e+00 0.0000000000e+00 3.6915856707e+00
986.00000000 2.4640917872e+01 4.6228418478e-03 0.0000000000e+00 4.6228418478e-03 2.4640919582e+01 0.0000000000e+00 0.0000000000e+00 0.0000000000e+00 3.6936086715e+00
986.50000000 2.4655198306e+01 4.6281269826e-03 0.0000000000e+00 4.6281269826e-03 2.4655200019e+01 0.0000000000e+00 0.0000000000e+00 0.0000000000e+00 3.6956190632e+00
987.00000000 2.4669518689e+01 4.6334269026e-03 0.0000000000e+00 4.6334269026e-03 2.4669520404e+01 0.0000000000e+00 0.0000000000e+00 0.0000000000e+00 3.6976169625e+00
987.50000000 2.4683879185e+01 4.6387416677e-03 0.0000000000e+00 4.6387416677e-03 2.4683880902e+01 0.0000000000e+00 0.0000000000e+00 0.0000000000e+00 3.6996024846e+00
988.00000000 2.4698279955e+01 4.6440713385e-03 0.0000000000e+00 4.6440713385e-03 2.4698281674e+01 0.0000000000e+00 0.0000000000e+00 0.0000000000e+00 3.7015757434e+00
988.50000000 2.4712721165e+01 4.6494159757e-03 0.0000000000e+00 4.6494159757e-03 2.4712722886e+01 0.0000000000e+00 0.0000000000e+00 0.0000000000e+00 3.7035368513e+00
989.00000000 2.4727202979e+01 4.6547756402e-03 0.0000000000e+00 4.6547756402e-03 2.4727204701e+01 0.0000000000e+00 0.0000000000e+00 0.0000000000e+00 3.7054859194e+00
989.50000000 2.4741725562e+01 4.6601503936e-03 0.0000000000e+00 4.6601503936e-03 2.4741727287e+01 0.0000000000e+00 0.0000000000e+00 0.0000000000e+00 3.7074230574e+00
990.00000000 2.4756289083e+01 4.6655402976e-03 0.0000000000e+00 4.6655402976e-03 2.4756290809e+01 0.0000000000e+00 0.0000000000e+00 0.0000000000e+00 3.7093483738e+00
990.50000000 2.4770893708e+01 4.6709454141e-03 0.0000000000e+00 4.6709454141e-03 2.4770895436e+01 0.0000000000e+00 0.0000000000e+00 0.0000000000e+00 3.7112619756e+00
991.00000000 2.4785539606e+01 4.6763658057e-03 0.0000000000e+00 4.6763658057e-03 2.4785541336e+01 0.0000000000e+00 0.0000000000e+00 0.0000000000e+00 3.7131639686e+00
991.50000000 2.4800226947e+01 4.6818015351e-03 0.0000000000e+00 4.6818015351e-03 2.4800228679e+01 0.0000000000e+00 0.0000000000e+00 0.0000000000e+00 3.7150544574e+00
992.00000000 2.4814955901e+01 4.6872526654e-03 0.0000000000e+00 4.6872526654e-03 2.4814957635e+01 0.0000000000e+00 0.0000000000e+00 0.0000000000e+00 3.7169335452e+00
992.50000000 2.4829726639e+01 4.6927192600e-03 0.0000000000e+00 4.6927192600e-03 2.4829728376e+01 0.0000000000e+00 0.0000000000e+00 0.0000000000e+00 3.7188013341e+00
993.00000000 2.4844539335e+01 4.6982013827e-03 0.0000000000e+00 4.6982013827e-03 2.4844541074e+01 0.0000000000e+00 0.0000000000e+00 0.0000000000e+00 3.7206579250e+00
993.50000000 2.4859394161e+01 4.7036990978e-03 0.0000000000e+00 4.7036990978e-03 2.4859395902e+01 0.0000000000e+00 0.0000000000e+00 0.0000000000e+00 3.7225034175e+00
994.00000000 2.4874291292e+01 4.7092124697e-03 0.0000000000e+00 4.7092124697e-03 2.4874293035e+01 0.0000000000e+00 0.0000000000e+00 0.0000000000e+00 3.7243379101e+00
994.50000000 2.4889230903e+01 4.7147415632e-03 0.0000000000e+00 4.7147415632e-03 2.4889232647e+01 0.0000000000e+00 0.0000000000e+00 0.0000000000e+00 3.7261615000e+00
995.00000000 2.4904213170e+01 4.7202864437e-03 0.0000000000e+00 4.7202864437e-03 2.4904214917e+01 0.0000000000e+00 0.0000000000e+00 0.0000000000e+00 3.7279742835e+00
995.50000000 2.4919238270e+01 4.7258471767e-03 0.0000000000e+00 4.7258471767e-03 2.4919240019e+01 0.0000000000e+00 0.0000000000e+00 0.0000000000e+00 3.7297763556e+00
996.00000000 2.4934306382e+01 4.7314238281e-03 0.0000000000e+00 4.7314238281e-03 2.4934308133e+01 0.0000000000e+00 0.0000000000e+00 0.0000000000e+00 3.7315678102e+00
996.50000000 2.4949417685e+01 4.7370164643e-03 0.0000000000e+00 4.7370164643e-03 2.4949419438e+01 0.0000000000e+00 0.0000000000e+00 0.0000000000e+00 3.7333487402e+00
997.00000000 2.4964572359e+01 4.7426251519e-03 0.0000000000e+00 4.7426251519e-03 2.4964574115e+01 0.0000000000e+00 0.0000000000e+00 0.0000000000e+00 3.7351192372e+00
997.50000000 2.4979770586e+01 4.7482499582e-03 0.0000000000e+00 4.7482499582e-03 2.4979772343e+01 0.0000000000e+00 0.0000000000e+00 0.0000000000e+00 3.7368793921e+00
998.00000000 2.4995012547e+01 4.7538909504e-03 0.0000000000e+00 4.7538909504e-03 2.4995014306e+01 0.0000000000e+00 0.0000000000e+00 0.0000000000e+00 3.7386292945e+00
998.50000000 2.5010298425e+01 4.7595481964e-03 0.0000000000e+00 4.7595481964e-03 2.5010300187e+01 0.0000000000e+00 0.0000000000e+00 0.0000000000e+00 3.7403690330e+00
999.00000000 2.5025628406e+01 4.7652217645e-03 0.0000000000e+00 4.7652217645e-03 2.5025630170e+01 0.0000000000e+00 0.0000000000e+00 0.0000000000e+00 3.7420986951e+00
999.50000000 2.5041002675e+01 4.7709117232e-03 0.0000000000e+00 4.7709117232e-03 2.5041004440e+01 0.0000000000e+00 0.0000000000e+00 0.0000000000e+00 3.7438183675e+00
1000.00000000 2.5056421417e+01 4.7766181414e-03 0.0000000000e+00 4.7766181414e-03 2.5056423185e+01 0.0000000000e+00 0.0000000000e+00 0.0000000000e+00 3.7455281358e+00
1000.50000000 2.5071884820e+01 4.7823410887e-03 0.0000000000e+00 4.7823410887e-03 2.5071886590e+01 0.0000000000e+00 0.0000000000e+00 0.0000000000e+00 3.7472280847e+00
1001.00000000 2.5087393073e+01 4.7880806346e-03 0.0000000000e+00 4.7880806346e-03 2.5087394845e+01 0.0000000000e+00 0.0000000000e+00 0.0000000000e+00 3.7489182978e+00
1001.50000000 2.5102946366e+01 4.7938368494e-03 0.0000000000e+00 4.7938368494e-03 2.5102948140e+01 0.0000000000e+00 0.0000000000e+00 0.0000000000e+00 3.7505988577e+00
1002.00000000 2.5118544888e+01 4.7996098036e-03 0.0000000000e+00 4.7996098036e-03 2.5118546664e+01 0.0000000000e+00 0.0000000000e+00 0.0000000000e+00 3.7522698465e+00
1002.50000000 2.5134188832e+01 4.8053995681e-03 0.0000000000e+00 4.8053995681e-03 2.5134190610e+01 0.0000000000e+00 0.0000000000e+00 0.0000000000e+00 3.7539313448e+00
1003.00000000 2.5149878390e+01 4.8112062144e-03 0.0000000000e+00 4.8112062144e-03 2.5149880171e+01 0.0000000000e+00 0.0000000000e+00 0.0000000000e+00 3.7555834327e+00
1003.50000000 2.5165613757e+01 4.8170298141e-03 0.0000000000e+00 4.8170298141e-03 2.5165615539e+01 0.0000000000e+00 0.0000000000e+00 0.0000000000e+00 3.7572261893e+00
1004.00000000 2.5181395126e+01 4.8228704395e-03 0.0000000000e+00 4.8228704395e-03 2.5181396911e+01 0.0000000000e+00 0.0000000000e+00 0.0000000000e+00 3.7588596927e+00
1004.50000000 2.5197222696e+01 4.8287281631e-03 0.0000000000e+00 4.8287281631e-03 2.5197224483e+01 0.0000000000e+00 0.0000000000e+00 0.0000000000e+00 3.7604840203e+00
1005.00000000 2.5213096661e+01 4.8346030580e-03 0.0000000000e+00 4.8346030580e-03 2.5213098451e+01 0.0000000000e+00 0.0000000000e+00 0.0000000000e+00 3.7620992484e+00
1005.50000000 2.5229017222e+01 4.8404951974e-03 0.0000000000e+00 4.8404951974e-03 2.5229019014e+01 0.0000000000e+00 0.0000000000e+00 0.0000000000e+00 3.7637054529e+00
1006.00000000 2.5244984577e+01 4.8464046553e-03 0.0000000000e+00 4.8464046553e-03 2.5244986371e+01 0.0000000000e+00 0.0000000000e+00 0.0000000000e+00 3.7653027083e+00
1006.50000000 2.5260998928e+01 4.8523315060e-03 0.0000000000e+00 4.8523315060e-03 2.5261000724e+01 0.0000000000e+00 0.0000000000e+00 0.0000000000e+00 3.7668910887e+00
1007.00000000 2.5277060475e+01 4.8582758240e-03 0.0000000000e+00 4.8582758240e-03 2.5277062273e+01 0.0000000000e+00 0.0000000000e+00 0.0000000000e+00 3.7684706673e+00
1007.50000000 2.5293169422e+01 4.8642376846e-03 0.0000000000e+00 4.8642376846e-03 2.5293171223e+01 0.0000000000e+00 0.0000000000e+00 0.0000000000e+00 3.7700415163e+00
1008.00000000 2.5309325974e+01 4.8702171632e-03 0.0000000000e+00 4.8702171632e-03 2.5309327776e+01 0.0000000000e+00 0.0000000000e+00 0.0000000000e+00 3.7716037073e+00
1008.50000000 2.5325530334e+01 4.8762143359e-03 0.0000000000e+00 4.8762143359e-03 2.5325532139e+01 0.0000000000e+00 0.0000000000e+00 0.0000000000e+00 3.7731573112e+00
1009.00000000 2.5341782711e+01 4.8822292791e-03 0.0000000000e+00 4.8822292791e-03 2.5341784518e+01 0.0000000000e+00 0.0000000000e+00 0.0000000000e+00 3.7747023979e+00
1009.50000000 2.5358083311e+01 4.8882620696e-03 0.0000000000e+00 4.8882620696e-03 2.5358085120e+01 0.0000000000e+00 0.0000000000e+00 0.0000000000e+00 3.7762390366e+00
1010.00000000 2.5374432343e+01 4.8943127847e-03 0.0000000000e+00 4.8943127847e-03 2.5374434154e+01 0.0000000000e+00 0.0000000000e+00 0.0000000000e+00 3.7777672959e+00
1010.50000000 2.5390830018e+01 4.9003815023e-03 0.0000000000e+00 4.9003815023e-03 2.5390831831e+01 0.0000000000e+00 0.0000000000e+00 0.0000000000e+00 3.7792872436e+00
1011.00000000 2.5407276547e+01 4.9064683005e-03 0.0000000000e+00 4.9064683005e-03 2.5407278362e+01 0.0000000000e+00 0.0000000000e+00 0.0000000000e+00 3.7807989466e+00
1011.50000000 2.5423772142e+01 4.9125732580e-03 0.0000000000e+00 4.9125732580e-03 2.5423773960e+01 0.0000000000e+00 0.0000000000e+00 0.0000000000e+00 3.7823024713e+00
1012.00000000 2.5440317017e+01 4.9186964539e-03 0.0000000000e+00 4.9186964539e-03 2.5440318837e+01 0.0000000000e+00 0.0000000000e+00 0.0000000000e+00 3.7837978834e+00
1012.50000000 2.5456911388e+01 4.9248379678e-03 0.0000000000e+00 4.9248379678e-03 2.5456913210e+01 0.0000000000e+00 0.0000000000e+00 0.0000000000e+00 3.7852852476e+00
1013.00000000 2.5473555470e+01 4.9309978797e-03 0.0000000000e+00 4.9309978797e-03 2.5473557295e+01 0.0000000000e+00 0.0000000000e+00 0.0000000000e+00 3.7867646283e+00
1013.50000000 2.5490249481e+01 4.9371762703e-03 0.0000000000e+00 4.9371762703e-03 2.5490251308e+01 0.0000000000e+00 0.0000000000e+00 0.0000000000e+00 3.7882360890e+00
1014.00000000 2.5506993640e+01 4.9433732204e-03 0.0000000000e+00 4.9433732204e-03 2.5506995470e+01 0.0000000000e+00 0.0000000000e+00 0.0000000000e+00 3.7896996925e+00
1014.50000000 2.5523788168e+01 4.9495888116e-03 0.0000000000e+00 4.9495888116e-03 2.5523790000e+01 0.0000000000e+00 0.0000000000e+00 0.0000000000e+00 3.7911555011e+00
1015.00000000 2.5540633285e+01 4.9558231258e-03 0.0000000000e+00 4.9558231258e-03 2.5540635119e+01 0.0000000000e+00 0.0000000000e+00 0.0000000000e+00 3.7926035764e+00
1015.50000000 2.5557529214e+01 4.9620762455e-03 0.0000000000e+00 4.9620762455e-03 2.5557531050e+01 0.0000000000e+00 0.0000000000e+00 0.0000000000e+00 3.7940439791e+00
1016.00000000 2.5574476180e+01 4.9683482535e-03 0.0000000000e+00 4.9683482535e-03 2.5574478018e+01 0.0000000000e+00 0.0000000000e+00 0.0000000000e+00 3.7954767696e+00
1016.50000000 2.5591474407e+01 4.9746392333e-03 0.0000000000e+00 4.9746392333e-03 2.5591476248e+01 0.0000000000e+00 0.0000000000e+00 0.0000000000e+00 3.7969020076e+00
1017.00000000 2.5608524123e+01 4.9809492687e-03 0.0000000000e+00 4.9809492687e-03 2.5608525966e+01 0.0000000000e+00 0.0000000000e+00 0.0000000000e+00 3.7983197521e+00
1017.50000000 2.5625625555e+01 4.9872784442e-03 0.0000000000e+00 4.9872784442e-03 2.5625627401e+01 0.0000000000e+00 0.0000000000e+00 0.0000000000e+00 3.7997300614e+00
1018.00000000 2.5642778933e+01 4.9936268448e-03 0.0000000000e+00 4.9936268448e-03 2.5642780781e+01 0.0000000000e+00 0.0000000000e+00 0.0000000000e+00 3.8011329934e+00
1018.50000000 2.5659984488e+01 4.9999945557e-03 0.0000000000e+00 4.9999945557e-03 2.5659986339e+01 0.0000000000e+00 0.0000000000e+00 0.0000000000e+00 3.8025286052e+00
1019.00000000 2.5677242452e+01 5.0063816629e-03 0.0000000000e+00 5.0063816629e-03 2.5677244305e+01 0.0000000000e+00 0.0000000000e+00 0.0000000000e+00 3.8039169536e+00
1019.50000000 2.5694553058e+01 5.0127882528e-03 0.0000000000e+00 5.0127882528e-03 2.5694554913e+01 0.0000000000e+00 0.0000000000e+00 0.0000000000e+00 3.8052980945e+00
1020.00000000 2.5711916541e+01 5.0192144124e-03 0.0000000000e+00 5.0192144124e-03 2.5711918399e+01 0.0000000000e+00 0.0000000000e+00 0.0000000000e+00 3.8066720834e+00
1020.50000000 2.5729333138e+01 5.0256602291e-03 0.0000000000e+00 5.0256602291e-03 2.5729334998e+01 0.0000000000e+00 0.0000000000e+00 0.0000000000e+00 3.8080389752e+00
1021.00000000 2.5746803086e+01 5.0321257910e-03 0.0000000000e+00 5.0321257910e-03 2.5746804948e+01 0.0000000000e+00 0.0000000000e+00 0.0000000000e+00 3.8093988242e+00
1021.50000000 2.5764326625e+01 5.0386111865e-03 0.0000000000e+00 5.0386111865e-03 2.5764328489e+01 0.0000000000e+00 0.0000000000e+00 0.0000000000e+00 3.8107516842e+00
1022.00000000 2.5781903994e+01 5.0451165047e-03 0.0000000000e+00 5.0451165047e-03 2.5781905862e+01 0.0000000000e+00 0.0000000000e+00 0.0000000000e+00 3.8120976085e+00
1022.50000000 2.5799535437e+01 5.0516418352e-03 0.0000000000e+00 5.0516418352e-03 2.5799537307e+01 0.0000000000e+00 0.0000000000e+00 0.0000000000e+00 3.8134366497e+00
1023.00000000 2.5817221197e+01 5.0581872681e-03 0.0000000000e+00 5.0581872681e-03 2.5817223069e+01 0.0000000000e+00 0.0000000000e+00 0.0000000000e+00 3.8147688601e+00
1023.50000000 2.5834961518e+01 5.0647528940e-03 0.0000000000e+00 5.0647528940e-03 2.5834963393e+01 0.0000000000e+00 0.0000000000e+00 0.0000000000e+00 3.8160942912e+00
1024.00000000 2.5852756648e+01 5.0713388042e-03 0.0000000000e+00 5.0713388042e-03 2.5852758525e+01 0.0000000000e+00 0.0000000000e+00 0.0000000000e+00 3.8174129942e+00
1024.50000000 2.5870606833e+01 5.0779450905e-03 0.0000000000e+00 5.0779450905e-03 2.5870608713e+01 0.0000000000e+00 0.0000000000e+00 0.0000000000e+00 3.8187250197e+00
1025.00000000 2.5888512324e+01 5.0845718451e-03 0.0000000000e+00 5.0845718451e-03 2.5888514206e+01 0.0000000000e+00 0.0000000000e+00 0.0000000000e+00 3.8200304178e+00
1025.50000000 2.5906473372e+01 5.0912191610e-03 0.0000000000e+00 5.0912191610e-03 2.5906475256e+01 0.0000000000e+00 0.0000000000e+00 0.0000000000e+00 3.8213292381e+00
1026.00000000 2.5924490228e+01 5.0978871316e-03 0.0000000000e+00 5.0978871316e-03 2.5924492115e+01 0.0000000000e+00 0.0000000000e+00 0.0000000000e+00 3.8226215297e+00
1026.50000000 2.5942563148e+01 5.1045758509e-03 0.0000000000e+00 5.1045758509e-03 2.5942565037e+01 0.0000000000e+00 0.0000000000e+00 0.0000000000e+00 3.8239073413e+00
1027.00000000 2.5960692386e+01 5.1112854135e-03 0.0000000000e+00 5.1112854135e-03 2.5960694278e+01 0.0000000000e+00 0.0000000000e+00 0.0000000000e+00 3.8251867210e+00
1027.50000000 2.5978878200e+01 5.1180159146e-03 0.0000000000e+00 5.1180159146e-03 2.5978880094e+01 0.0000000000e+00 0.0000000000e+00 0.0000000000e+00 3.8264597164e+00
1028.00000000 2.5997120848e+01 5.1247674499e-03 0.0000000000e+00 5.1247674499e-03 2.5997122745e+01 0.0000000000e+00 0.0000000000e+00 0.0000000000e+00 3.8277263748e+00
1028.50000000 2.6015420591e+01 5.1315401157e-03 0.0000000000e+00 5.1315401157e-03 2.6015422491e+01 0.0000000000e+00 0.0000000000e+00 0.0000000000e+00 3.8289867429e+00
1029.00000000 2.6033777691e+01 5.1383340091e-03 0.0000000000e+00 5.1383340091e-03 2.6033779593e+01 0.0000000000e+00 0.0000000000e+00 0.0000000000e+00 3.8302408670e+00
1029.50000000 2.6052192411e+01 5.1451492275e-03 0.0000000000e+00 5.1451492275e-03 2.6052194316e+01 0.0000000000e+00 0.0000000000e+00 0.0000000000e+00 3.8314887929e+00
1030.00000000 2.6070665017e+01 5.1519858690e-03 0.0000000000e+00 5.1519858690e-03 2.6070666923e+01 0.0000000000e+00 0.0000000000e+00 0.0000000000e+00 3.8327305660e+00
1030.50000000 2.6089195774e+01 5.1588440323e-03 0.0000000000e+00 5.1588440323e-03 2.6089197683e+01 0.0000000000e+00 0.0000000000e+00 0.0000000000e+00 3.8339662313e+00
1031.00000000 2.6107784952e+01 5.1657238169e-03 0.0000000000e+00 5.1657238169e-03 2.6107786864e+01 0.0000000000e+00 0.0000000000e+00 0.0000000000e+00 3.8351958331e+00
1031.50000000 2.6126432821e+01 5.1726253227e-03 0.0000000000e+00 5.1726253227e-03 2.6126434735e+01 0.0000000000e+00 0.0000000000e+00 0.0000000000e+00 3.8364194157e+00
1032.00000000 2.6145139651e+01 5.1795486501e-03 0.0000000000e+00 5.1795486501e-03 2.6145141568e+01 0.0000000000e+00 0.0000000000e+00 0.0000000000e+00 3.8376370227e+00
1032.50000000 2.6163905718e+01 5.1864939005e-03 0.0000000000e+00 5.1864939005e-03 2.6163907637e+01 0.0000000000e+00 0.0000000000e+00 0.0000000000e+00 3.8388486972e+00
1033.00000000 2.6182731295e+01 5.1934611756e-03 0.0000000000e+00 5.1934611756e-03 2.6182733217e+01 0.0000000000e+00 0.0000000000e+00 0.0000000000e+00 3.8400544821e+00
1033.50000000 2.6201616660e+01 5.2004505780e-03 0.0000000000e+00 5.2004505780e-03 2.6201618585e+01 0.0000000000e+00 0.0000000000e+00 0.0000000000e+00 3.8412544198e+00
1034.00000000 2.6220562092e+01 5.2074622106e-03 0.0000000000e+00 5.2074622106e-03 2.6220564019e+01 0.0000000000e+00 0.0000000000e+00 0.0000000000e+00 3.8424485524e+00
1034.50000000 2.6239567870e+01 5.2144961773e-03 0.0000000000e+00 5.2144961773e-03 2.6239569800e+01 0.0000000000e+00 0.0000000000e+00 0.0000000000e+00 3.8436369213e+00
1035.00000000 2.6258634276e+01 5.2215525824e-03 0.0000000000e+00 5.2215525824e-03 2.6258636209e+01 0.0000000000e+00 0.0000000000e+00 0.0000000000e+00 3.8448195677e+00
1035.50000000 2.6277761595e+01 5.2286315310e-03 0.0000000000e+00 5.2286315310e-03 2.6277763531e+01 0.0000000000e+00 0.0000000000e+00 0.0000000000e+00 3.8459965326e+00
1036.00000000 2.6296950113e+01 5.2357331287e-03 0.0000000000e+00 5.2357331287e-03 2.6296952050e+01 0.0000000000e+00 0.0000000000e+00 0.0000000000e+00 3.8471678563e+00
1036.50000000 2.6316200115e+01 5.2428574820e-03 0.0000000000e+00 5.2428574820e-03 2.6316202055e+01 0.0000000000e+00 0.0000000000e+00 0.0000000000e+00 3.8483335789e+00
1037.00000000 2.6335511892e+01 5.2500046978e-03 0.0000000000e+00 5.2500046978e-03 2.6335513835e+01 0.0000000000e+00 0.0000000000e+00 0.0000000000e+00 3.8494937400e+00
1037.50000000 2.6354885735e+01 5.2571748839e-03 0.0000000000e+00 5.2571748839e-03 2.6354887681e+01 0.0000000000e+00 0.0000000000e+00 0.0000000000e+00 3.8506483789e+00
1038.00000000 2.6374321936e+01 5.2643681487e-03 0.0000000000e+00 5.2643681487e-03 2.6374323885e+01 0.0000000000e+00 0.0000000000e+00 0.0000000000e+00 3.8517975345e+00
1038.50000000 2.6393820791e+01 5.2715846011e-03 0.0000000000e+00 5.2715846011e-03 2.6393822742e+01 0.0000000000e+00 0.0000000000e+00 0.0000000000e+00 3.8529412454e+00
1039.00000000 2.6413382595e+01 5.2788243511e-03 0.0000000000e+00 5.2788243511e-03 2.6413384549e+01 0.0000000000e+00 0.0000000000e+00 0.0000000000e+00 3.8540795498e+00
1039.50000000 2.6433007648e+01 5.2860875090e-03 0.0000000000e+00 5.2860875090e-03 2.6433009604e+01 0.0000000000e+00 0.0000000000e+00 0.0000000000e+00 3.8552124856e+00
1040.00000000 2.6452696249e+01 5.2933741860e-03 0.0000000000e+00 5.2933741860e-03 2.6452698208e+01 0.0000000000e+00 0.0000000000e+00 0.0000000000e+00 3.8563400901e+00
1040.50000000 2.6472448702e+01 5.3006844940e-03 0.0000000000e+00 5.3006844940e-03 2.6472450663e+01 0.0000000000e+00 0.0000000000e+00 0.0000000000e+00 3.8574624006e+00
1041.00000000 2.6492265309e+01 5.3080185455e-03 0.0000000000e+00 5.3080185455e-03 2.6492267273e+01 0.0000000000e+00 0.0000000000e+00 0.0000000000e+00 3.8585794538e+00
1041.50000000 2.6512146377e+01 5.3153764539e-03 0.0000000000e+00 5.3153764539e-03 2.6512148344e+01 0.0000000000e+00 0.0000000000e+00 0.0000000000e+00 3.8596912863e+00
1042.00000000 2.6532092215e+01 5.3227583331e-03 0.0000000000e+00 5.3227583331e-03 2.6532094185e+01 0.0000000000e+00 0.0000000000e+00 0.0000000000e+00 3.8607979340e+00
1042.50000000 2.6552103132e+01 5.3301642980e-03 0.0000000000e+00 5.3301642980e-03 2.6552105104e+01 0.0000000000e+00 0.0000000000e+00 0.0000000000e+00 3.8618994329e+00
1043.00000000 2.6572179440e+01 5.3375944639e-03 0.0000000000e+00 5.3375944639e-03 2.6572181416e+01 0.0000000000e+00 0.0000000000e+00 0.0000000000e+00 3.8629958184e+00
1043.50000000 2.6592321454e+01 5.3450489471e-03 0.0000000000e+00 5.3450489471e-03 2.6592323432e+01 0.0000000000e+00 0.0000000000e+00 0.0000000000e+00 3.8640871256e+00
1044.00000000 2.6612529489e+01 5.3525278647e-03 0.0000000000e+00 5.3525278647e-03 2.6612531470e+01 0.0000000000e+00 0.0000000000e+00 0.0000000000e+00 3.8651733893e+00
1044.50000000 2.6632803864e+01 5.3600313343e-03 0.0000000000e+00 5.3600313343e-03 2.6632805848e+01 0.0000000000e+00 0.0000000000e+00 0.0000000000e+00 3.8662546441e+00
1045.00000000 2.6653144898e+01 5.3675594744e-03 0.0000000000e+00 5.3675594744e-03 2.6653146885e+01 0.0000000000e+00 0.0000000000e+00 0.0000000000e+00 3.8673309241e+00
1045.50000000 2.6673552915e+01 5.3751124042e-03 0.0000000000e+00 5.3751124042e-03 2.6673554904e+01 0.0000000000e+00 0.0000000000e+00 0.0000000000e+00 3.8684022632e+00
1046.00000000 2.6694028238e+01 5.3826902438e-03 0.0000000000e+00 5.3826902438e-03 2.6694030230e+01 0.0000000000e+00 0.0000000000e+00 0.0000000000e+00 3.8694686949e+00
1046.50000000 2.6714571193e+01 5.3902931141e-03 0.0000000000e+00 5.3902931141e-03 2.6714573188e+01 0.0000000000e+00 0.0000000000e+00 0.0000000000e+00 3.8705302526e+00
1047.00000000 2.6735182110e+01 5.3979211365e-03 0.0000000000e+00 5.3979211365e-03 2.6735184107e+01 0.0000000000e+00 0.0000000000e+00 0.0000000000e+00 3.8715869692e+00
1047.50000000 2.6755861318e+01 5.4055744335e-03 0.0000000000e+00 5.4055744335e-03 2.6755863318e+01 0.0000000000e+00 0.0000000000e+00 0.0000000000e+00 3.8726388774e+00
1048.00000000 2.6776609151e+01 5.4132531282e-03 0.0000000000e+00 5.4132531282e-03 2.6776611154e+01 0.0000000000e+00 0.0000000000e+00 0.0000000000e+00 3.8736860095e+00
1048.50000000 2.6797425944e+01 5.4209573446e-03 0.0000000000e+00 5.4209573446e-03 2.6797427950e+01 0.0000000000e+00 0.0000000000e+00 0.0000000000e+00 3.8747283976e+00
1049.00000000 2.6818312033e+01 5.4286872075e-03 0.0000000000e+00 5.4286872075e-03 2.6818314042e+01 0.0000000000e+00 0.0000000000e+00 0.0000000000e+00 3.8757660736e+00
1049.50000000 2.6839267759e+01 5.4364428425e-03 0.0000000000e+00 5.4364428425e-03 2.6839269771e+01 0.0000000000e+00 0.0000000000e+00 0.0000000000e+00 3.8767990690e+00
1050.00000000 2.6860293463e+01 5.4442243760e-03 0.0000000000e+00 5.4442243760e-03 2.6860295478e+01 0.0000000000e+00 0.0000000000e+00 0.0000000000e+00 3.8778274149e+00
1050.50000000 2.6881389488e+01 5.4520319354e-03 0.0000000000e+00 5.4520319354e-03 2.6881391506e+01 0.0000000000e+00 0.0000000000e+00 0.0000000000e+00 3.8788511424e+00
1051.00000000 2.6902556181e+01 5.4598656486e-03 0.0000000000e+00 5.4598656486e-03 2.6902558202e+01 0.0000000000e+00 0.0000000000e+00 0.0000000000e+00 3.8798702822e+00
1051.50000000 2.6923793891e+01 5.4677256447e-03 0.0000000000e+00 5.4677256447e-03 2.6923795914e+01 0.0000000000e+00 0.0000000000e+00 0.0000000000e+00 3.8808848646e+00
1052.00000000 2.6945102967e+01 5.4756120533e-03 0.0000000000e+00 5.4756120533e-03 2.6945104993e+01 0.0000000000e+00 0.0000000000e+00 0.0000000000e+00 3.8818949198e+00
1052.50000000 2.6966483763e+01 5.4835250053e-03 0.0000000000e+00 5.4835250053e-03 2.6966485792e+01 0.0000000000e+00 0.0000000000e+00 0.0000000000e+00 3.8829004778e+00
1053.00000000 2.6987936635e+01 5.4914646320e-03 0.0000000000e+00 5.4914646320e-03 2.6987938667e+01 0.0000000000e+00 0.0000000000e+00 0.0000000000e+00 3.8839015680e+00
1053.50000000 2.7009461939e+01 5.4994310660e-03 0.0000000000e+00 5.4994310660e-03 2.7009463974e+01 0.0000000000e+00 0.0000000000e+00 0.0000000000e+00 3.8848982200e+00
1054.00000000 2.7031060037e+01 5.5074244403e-03 0.0000000000e+00 5.5074244403e-03 2.7031062075e+01 0.0000000000e+00 0.0000000000e+00 0.0000000000e+00 3.8858904628e+00
1054.50000000 2.7052731290e+01 5.5154448893e-03 0.0000000000e+00 5.5154448893e-03 2.7052733331e+01 0.0000000000e+00 0.0000000000e+00 0.0000000000e+00 3.8868783252e+00
1055.00000000 2.7074476063e+01 5.5234925479e-03 0.0000000000e+00 5.5234925479e-03 2.7074478107e+01 0.0000000000e+00 0.0000000000e+00 0.0000000000e+00 3.8878618358e+00
1055.50000000 2.7096294725e+01 5.5315675521e-03 0.0000000000e+00 5.5315675521e-03 2.7096296772e+01 0.0000000000e+00 0.0000000000e+00 0.0000000000e+00 3.8888410231e+00
1056.00000000 2.7118187644e+01 5.5396700388e-03 0.0000000000e+00 5.5396700388e-03 2.7118189694e+01 0.0000000000e+00 0.0000000000e+00 0.0000000000e+00 3.8898159151e+00
1056.50000000 2.7140155192e+01 5.5478001457e-03 0.0000000000e+00 5.5478001457e-03 2.7140157246e+01 0.0000000000e+00 0.0000000000e+00 0.0000000000e+00 3.8907865396e+00
1057.00000000 2.7162197746e+01 5.5559580115e-03 0.0000000000e+00 5.5559580115e-03 2.7162199802e+01 0.0000000000e+00 0.0000000000e+00 0.0000000000e+00 3.8917529244e+00
1057.50000000 2.7184315681e+01 5.5641437759e-03 0.0000000000e+00 5.5641437759e-03 2.7184317741e+01 0.0000000000e+00 0.0000000000e+00 0.0000000000e+00 3.8927150968e+00
1058.00000000 2.7206509378e+01 5.5723575795e-03 0.0000000000e+00 5.5723575795e-03 2.7206511441e+01 0.0000000000e+00 0.0000000000e+00 0.0000000000e+00 3.8936730839e+00
1058.50000000 2.7228779220e+01 5.5805995637e-03 0.0000000000e+00 5.5805995637e-03 2.7228781285e+01 0.0000000000e+00 0.0000000000e+00 0.0000000000e+00 3.8946269127e+00
1059.00000000 2.7251125590e+01 5.5888698710e-03 0.0000000000e+00 5.5888698710e-03 2.7251127659e+01 0.0000000000e+00 0.0000000000e+00 0.0000000000e+00 3.8955766098e+00
1059.50000000 2.7273548877e+01 5.5971686449e-03 0.0000000000e+00 5.5971686449e-03 2.7273550949e+01 0.0000000000e+00 0.0000000000e+00 0.0000000000e+00 3.8965222018e+00
1060.00000000 2.7296049471e+01 5.6054960298e-03 0.0000000000e+00 5.6054960298e-03 2.7296051546e+01 0.0000000000e+00 0.0000000000e+00 0.0000000000e+00 3.8974637149e+00
1060.50000000 2.7318627765e+01 5.6138521711e-03 0.0000000000e+00 5.6138521711e-03 2.7318629843e+01 0.0000000000e+00 0.0000000000e+00 0.0000000000e+00 3.8984011750e+00
1061.00000000 2.7341284154e+01 5.6222372152e-03 0.0000000000e+00 5.6222372152e-03 2.7341286235e+01 0.0000000000e+00 0.0000000000e+00 0.0000000000e+00 3.8993346081e+00
1061.50000000 2.7364019037e+01 5.6306513094e-03 0.0000000000e+00 5.6306513094e-03 2.7364021121e+01 0.0000000000e+00 0.0000000000e+00 0.0000000000e+00 3.9002640396e+00
1062.00000000 2.7386832814e+01 5.6390946022e-03 0.0000000000e+00 5.6390946022e-03 2.7386834901e+01 0.0000000000e+00 0.0000000000e+00 0.0000000000e+00 3.9011894949e+00
1062.50000000 2.7409725889e+01 5.6475672428e-03 0.0000000000e+00 5.6475672428e-03 2.7409727979e+01 0.0000000000e+00 0.0000000000e+00 0.0000000000e+00 3.9021109991e+00
1063.00000000 2.7432698669e+01 5.6560693819e-03 0.0000000000e+00 5.6560693819e-03 2.7432700762e+01 0.0000000000e+00 0.0000000000e+00 0.0000000000e+00 3.9030285773e+00
1063.50000000 2.7455751562e+01 5.6646011708e-03 0.0000000000e+00 5.6646011708e-03 2.7455753659e+01 0.0000000000e+00 0.0000000000e+00 0.0000000000e+00 3.9039422541e+00
1064.00000000 2.7478884982e+01 5.6731627620e-03 0.0000000000e+00 5.6731627620e-03 2.7478887081e+01 0.0000000000e+00 0.0000000000e+00 0.0000000000e+00 3.9048520541e+00
1064.50000000 2.7502099342e+01 5.6817543090e-03 0.0000000000e+00 5.6817543090e-03 2.7502101444e+01 0.0000000000e+00 0.0000000000e+00 0.0000000000e+00 3.9057580015e+00
1065.00000000 2.7525395060e+01 5.6903759665e-03 0.0000000000e+00 5.6903759665e-03 2.7525397166e+01 0.0000000000e+00 0.0000000000e+00 0.0000000000e+00 3.9066601206e+00
1065.50000000 2.7548772558e+01 5.6990278902e-03 0.0000000000e+00 5.6990278902e-03 2.7548774667e+01 0.0000000000e+00 0.0000000000e+00 0.0000000000e+00 3.9075584351e+00
1066.00000000 2.7572232258e+01 5.7077102367e-03 0.0000000000e+00 5.7077102367e-03 2.7572234371e+01 0.0000000000e+00 0.0000000000e+00 0.0000000000e+00 3.9084529689e+00
1066.50000000 2.7595774588e+01 5.7164231640e-03 0.0000000000e+00 5.7164231640e-03 2.7595776703e+01 0.0000000000e+00 0.0000000000e+00 0.0000000000e+00 3.9093437453e+00
1067.00000000 2.7619399976e+01 5.7251668309e-03 0.0000000000e+00 5.7251668309e-03 2.7619402095e+01 0.0000000000e+00 0.0000000000e+00 0.0000000000e+00 3.9102307879e+00
1067.50000000 2.7643108855e+01 5.7339413975e-03 0.0000000000e+00 5.7339413975e-03 2.7643110977e+01 0.0000000000e+00 0.0000000000e+00 0.0000000000e+00 3.9111141196e+00
1068.00000000 2.7666901660e+01 5.7427470250e-03 0.0000000000e+00 5.7427470250e-03 2.7666903786e+01 0.0000000000e+00 0.0000000000e+00 0.0000000000e+00 3.9119937634e+00
1068.50000000 2.7690778831e+01 5.7515838756e-03 0.0000000000e+00 5.7515838756e-03 2.7690780959e+01 0.0000000000e+00 0.0000000000e+00 0.0000000000e+00 3.9128697422e+00
1069.00000000 2.7714740807e+01 5.7604521127e-03 0.0000000000e+00 5.7604521127e-03 2.7714742939e+01 0.0000000000e+00 0.0000000000e+00 0.0000000000e+00 3.9137420784e+00
1069.50000000 2.7738788035e+01 5.7693519010e-03 0.0000000000e+00 5.7693519010e-03 2.7738790170e+01 0.0000000000e+00 0.0000000000e+00 0.0000000000e+00 3.9146107944e+00
1070.00000000 2.7762920962e+01 5.7782834060e-03 0.0000000000e+00 5.7782834060e-03 2.7762923100e+01 0.0000000000e+00 0.0000000000e+00 0.0000000000e+00 3.9154759125e+00
1070.50000000 2.7787140038e+01 5.7872467947e-03 0.0000000000e+00 5.7872467947e-03 2.7787142180e+01 0.0000000000e+00 0.0000000000e+00 0.0000000000e+00 3.9163374546e+00
1071.00000000 2.7811445718e+01 5.7962422352e-03 0.0000000000e+00 5.7962422352e-03 2.7811447863e+01 0.0000000000e+00 0.0000000000e+00 0.0000000000e+00 3.9171954426e+00
1071.50000000 2.7835838459e+01 5.8052698966e-03 0.0000000000e+00 5.8052698966e-03 2.7835840608e+01 0.0000000000e+00 0.0000000000e+00 0.0000000000e+00 3.9180498982e+00
1072.00000000 2.7860318722e+01 5.8143299494e-03 0.0000000000e+00 5.8143299494e-03 2.7860320874e+01 0.0000000000e+00 0.0000000000e+00 0.0000000000e+00 3.9189008428e+00
1072.50000000 2.7884886970e+01 5.8234225652e-03 0.0000000000e+00 5.8234225652e-03 2.7884889125e+01 0.0000000000e+00 0.0000000000e+00 0.0000000000e+00 3.9197482978e+00
1073.00000000 2.7909543670e+01 5.8325479170e-03 0.0000000000e+00 5.8325479170e-03 2.7909545829e+01 0.0000000000e+00 0.0000000000e+00 0.0000000000e+00 3.9205922843e+00
1073.50000000 2.7934289294e+01 5.8417061787e-03 0.0000000000e+00 5.8417061787e-03 2.7934291456e+01 0.0000000000e+00 0.0000000000e+00 0.0000000000e+00 3.9214328232e+00
1074.00000000 2.7959124313e+01 5.8508975257e-03 0.0000000000e+00 5.8508975257e-03 2.7959126479e+01 0.0000000000e+00 0.0000000000e+00 0.0000000000e+00 3.9222699354e+00
1074.50000000 2.7984049206e+01 5.8601221346e-03 0.0000000000e+00 5.8601221346e-03 2.7984051375e+01 0.0000000000e+00 0.0000000000e+00 0.0000000000e+00 3.9231036416e+00
1075.00000000 2.8009064454e+01 5.8693801831e-03 0.0000000000e+00 5.8693801831e-03 2.8009066626e+01 0.0000000000e+00 0.0000000000e+00 0.0000000000e+00 3.9239339621e+00
1075.50000000 2.8034170539e+01 5.8786718505e-03 0.0000000000e+00 5.8786718505e-03 2.8034172714e+01 0.0000000000e+00 0.0000000000e+00 0.0000000000e+00 3.9247609173e+00
1076.00000000 2.8059367949e+01 5.8879973171e-03 0.0000000000e+00 5.8879973171e-03 2.8059370129e+01 0.0000000000e+00 0.0000000000e+00 0.0000000000e+00 3.9255845274e+00
1076.50000000 2.8084657176e+01 5.8973567645e-03 0.0000000000e+00 5.8973567645e-03 2.8084659359e+01 0.0000000000e+00 0.0000000000e+00 0.0000000000e+00 3.9264048122e+00
1077.00000000 2.8110038714e+01 5.9067503758e-03 0.0000000000e+00 5.9067503758e-03 2.8110040900e+01 0.0000000000e+00 0.0000000000e+00 0.0000000000e+00 3.9272217918e+00
1077.50000000 2.8135513061e+01 5.9161783352e-03 0.0000000000e+00 5.9161783352e-03 2.8135515250e+01 0.0000000000e+00 0.0000000000e+00 0.0000000000e+00 3.9280354856e+00
1078.00000000 2.8161080717e+01 5.9256408285e-03 0.0000000000e+00 5.9256408285e-03 2.8161082910e+01 0.0000000000e+00 0.0000000000e+00 0.0000000000e+00 3.9288459134e+00
1078.50000000 2.8186742190e+01 5.9351380425e-03 0.0000000000e+00 5.9351380425e-03 2.8186744386e+01 0.0000000000e+00 0.0000000000e+00 0.0000000000e+00 3.9296530943e+00
1079.00000000 2.8212497986e+01 5.9446701657e-03 0.0000000000e+00 5.9446701657e-03 2.8212500187e+01 0.0000000000e+00 0.0000000000e+00 0.0000000000e+00 3.9304570476e+00
1079.50000000 2.8238348620e+01 5.9542373877e-03 0.0000000000e+00 5.9542373877e-03 2.8238350824e+01 0.0000000000e+00 0.0000000000e+00 0.0000000000e+00 3.9312577924e+00
1080.00000000 2.8264294607e+01 5.9638398996e-03 0.0000000000e+00 5.9638398996e-03 2.8264296815e+01 0.0000000000e+00 0.0000000000e+00 0.0000000000e+00 3.9320553475e+00
1080.50000000 2.8290336468e+01 5.9734778938e-03 0.0000000000e+00 5.9734778938e-03 2.8290338679e+01 0.0000000000e+00 0.0000000000e+00 0.0000000000e+00 3.9328497318e+00
1081.00000000 2.8316474726e+01 5.9831515643e-03 0.0000000000e+00 5.9831515643e-03 2.8316476940e+01 0.0000000000e+00 0.0000000000e+00 0.0000000000e+00 3.9336409639e+00
1081.50000000 2.8342709908e+01 5.9928611064e-03 0.0000000000e+00 5.9928611064e-03 2.8342712126e+01 0.0000000000e+00 0.0000000000e+00 0.0000000000e+00 3.9344290622e+00
1082.00000000 2.8369042547e+01 6.0026067167e-03 0.0000000000e+00 6.0026067167e-03 2.8369044769e+01 0.0000000000e+00 0.0000000000e+00 0.0000000000e+00 3.9352140450e+00
1082.50000000 2.8395473178e+01 6.0123885935e-03 0.0000000000e+00 6.0123885935e-03 2.8395475403e+01 0.0000000000e+00 0.0000000000e+00 0.0000000000e+00 3.9359959305e+00
1083.00000000 2.8422002341e+01 6.0222069363e-03 0.0000000000e+00 6.0222069363e-03 2.8422004569e+01 0.0000000000e+00 0.0000000000e+00 0.0000000000e+00 3.9367747369e+00
1083.50000000 2.8448630578e+01 6.0320619463e-03 0.0000000000e+00 6.0320619463e-03 2.8448632810e+01 0.0000000000e+00 0.0000000000e+00 0.0000000000e+00 3.9375504819e+00
1084.00000000 2.8475358436e+01 6.0419538260e-03 0.0000000000e+00 6.0419538260e-03 2.8475360673e+01 0.0000000000e+00 0.0000000000e+00 0.0000000000e+00 3.9383231833e+00
1084.50000000 2.8502186469e+01 6.0518827795e-03 0.0000000000e+00 6.0518827795e-03 2.8502188709e+01 0.0000000000e+00 0.0000000000e+00 0.0000000000e+00 3.9390928588e+00
1085.00000000 2.8529115230e+01 6.0618490124e-03 0.0000000000e+00 6.0618490124e-03 2.8529117474e+01 0.0000000000e+00 0.0000000000e+00 0.0000000000e+00 3.9398595259e+00
1085.50000000 2.8556145280e+01 6.0718527318e-03 0.0000000000e+00 6.0718527318e-03 2.8556147527e+01 0.0000000000e+00 0.0000000000e+00 0.0000000000e+00 3.9406232019e+00
1086.00000000 2.8583277182e+01 6.0818941464e-03 0.0000000000e+00 6.0818941464e-03 2.8583279433e+01 0.0000000000e+00 0.0000000000e+00 0.0000000000e+00 3.9413839040e+00
1086.50000000 2.8610511505e+01 6.0919734663e-03 0.0000000000e+00 6.0919734663e-03 2.8610513759e+01 0.0000000000e+00 0.0000000000e+00 0.0000000000e+00 3.9421416493e+00
1087.00000000 2.8637848820e+01 6.1020909034e-03 0.0000000000e+00 6.1020909034e-03 2.8637851078e+01 0.0000000000e+00 0.0000000000e+00 0.0000000000e+00 3.9428964549e+00
1087.50000000 2.8665289704e+01 6.1122466710e-03 0.0000000000e+00 6.1122466710e-03 2.8665291966e+01 0.0000000000e+00 0.0000000000e+00 0.0000000000e+00 3.9436483375e+00
1088.00000000 2.8692834737e+01 6.1224409840e-03 0.0000000000e+00 6.1224409840e-03 2.8692837003e+01 0.0000000000e+00 0.0000000000e+00 0.0000000000e+00 3.9443973138e+00
1088.50000000 2.8720484506e+01 6.1326740590e-03 0.0000000000e+00 6.1326740590e-03 2.8720486776e+01 0.0000000000e+00 0.0000000000e+00 0.0000000000e+00 3.9451434004e+00
1089.00000000 2.8748239599e+01 6.1429461142e-03 0.0000000000e+00 6.1429461142e-03 2.8748241873e+01 0.0000000000e+00 0.0000000000e+00 0.0000000000e+00 3.9458866138e+00
1089.50000000 2.8776100611e+01 6.1532573694e-03 0.0000000000e+00 6.1532573694e-03 2.8776102888e+01 0.0000000000e+00 0.0000000000e+00 0.0000000000e+00 3.9466269703e+00
1090.00000000 2.8804068139e+01 6.1636080461e-03 0.0000000000e+00 6.1636080461e-03 2.8804070421e+01 0.0000000000e+00 0.0000000000e+00 0.0000000000e+00 3.9473644860e+00
1090.50000000 2.8832142788e+01 6.1739983676e-03 0.0000000000e+00 6.1739983676e-03 2.8832145073e+01 0.0000000000e+00 0.0000000000e+00 0.0000000000e+00 3.9480991772e+00
1091.00000000 2.8860325164e+01 6.1844285586e-03 0.0000000000e+00 6.1844285586e-03 2.8860327453e+01 0.0000000000e+00 0.0000000000e+00 0.0000000000e+00 3.9488310597e+00
1091.50000000 2.8888615880e+01 6.1948988457e-03 0.0000000000e+00 6.1948988457e-03 2.8888618173e+01 0.0000000000e+00 0.0000000000e+00 0.0000000000e+00 3.9495601494e+00
1092.00000000 2.8917015552e+01 6.2054094573e-03 0.0000000000e+00 6.2054094573e-03 2.8917017849e+01 0.0000000000e+00 0.0000000000e+00 0.0000000000e+00 3.9502864620e+00
1092.50000000 2.8945524803e+01 6.2159606232e-03 0.0000000000e+00 6.2159606232e-03 2.8945527103e+01 0.0000000000e+00 0.0000000000e+00 0.0000000000e+00 3.9510100131e+00
1093.00000000 2.8974144257e+01 6.2265525754e-03 0.0000000000e+00 6.2265525754e-03 2.8974146562e+01 0.0000000000e+00 0.0000000000e+00 0.0000000000e+00 3.9517308182e+00
1093.50000000 2.9002874548e+01 6.2371855473e-03 0.0000000000e+00 6.2371855473e-03 2.9002876856e+01 0.0000000000e+00 0.0000000000e+00 0.0000000000e+00 3.9524488927e+00
1094.00000000 2.9031716309e+01 6.2478597744e-03 0.0000000000e+00 6.2478597744e-03 2.9031718621e+01 0.0000000000e+00 0.0000000000e+00 0.0000000000e+00 3.9531642519e+00
1094.50000000 2.9060670183e+01 6.2585754937e-03 0.0000000000e+00 6.2585754937e-03 2.9060672499e+01 0.0000000000e+00 0.0000000000e+00 0.0000000000e+00 3.9538769108e+00
1095.00000000 2.9089736814e+01 6.2693329442e-03 0.0000000000e+00 6.2693329442e-03 2.9089739134e+01 0.0000000000e+00 0.0000000000e+00 0.0000000000e+00 3.9545868845e+00
1095.50000000 2.9118916854e+01 6.2801323667e-03 0.0000000000e+00 6.2801323667e-03 2.9118919178e+01 0.0000000000e+00 0.0000000000e+00 0.0000000000e+00 3.9552941880e+00
1096.00000000 2.9148210957e+01 6.2909740039e-03 0.0000000000e+00 6.2909740039e-03 2.9148213286e+01 0.0000000000e+00 0.0000000000e+00 0.0000000000e+00 3.9559988361e+00
1096.50000000 2.9177619786e+01 6.3018581004e-03 0.0000000000e+00 6.3018581004e-03 2.9177622118e+01 0.0000000000e+00 0.0000000000e+00 0.0000000000e+00 3.9567008434e+00
1097.00000000 2.9207144005e+01 6.3127849026e-03 0.0000000000e+00 6.3127849026e-03 2.9207146342e+01 0.0000000000e+00 0.0000000000e+00 0.0000000000e+00 3.9574002245e+00
1097.50000000 2.9236784287e+01 6.3237546588e-03 0.0000000000e+00 6.3237546588e-03 2.9236786627e+01 0.0000000000e+00 0.0000000000e+00 0.0000000000e+00 3.9580969940e+00
1098.00000000 2.9266541306e+01 6.3347676193e-03 0.0000000000e+00 6.3347676193e-03 2.9266543651e+01 0.0000000000e+00 0.0000000000e+00 0.0000000000e+00 3.9587911663e+00
1098.50000000 2.9296415745e+01 6.3458240364e-03 0.0000000000e+00 6.3458240364e-03 2.9296418094e+01 0.0000000000e+00 0.0000000000e+00 0.0000000000e+00 3.9594827555e+00
1099.00000000 2.9326408291e+01 6.3569241643e-03 0.0000000000e+00 6.3569241643e-03 2.9326410643e+01 0.0000000000e+00 0.0000000000e+00 0.0000000000e+00 3.9601717760e+00
1099.50000000 2.9356519635e+01 6.3680682591e-03 0.0000000000e+00 6.3680682591e-03 2.9356521992e+01 0.0000000000e+00 0.0000000000e+00 0.0000000000e+00 3.9608582417e+00
1100.00000000 2.9386750476e+01 6.3792565791e-03 0.0000000000e+00 6.3792565791e-03 2.9386752836e+01 0.0000000000e+00 0.0000000000e+00 0.0000000000e+00 3.9615421666e+00
1100.50000000 2.9417101516e+01 6.3904893845e-03 0.0000000000e+00 6.3904893845e-03 2.9417103881e+01 0.0000000000e+00 0.0000000000e+00 0.0000000000e+00 3.9622235645e+00
1101.00000000 2.9447573464e+01 6.4017669376e-03 0.0000000000e+00 6.4017669376e-03 2.9447575833e+01 0.0000000000e+00 0.0000000000e+00 0.0000000000e+00 3.9629024494e+00
1101.50000000 2.9478167035e+01 6.4130895027e-03 0.0000000000e+00 6.4130895027e-03 2.9478169409e+01 0.0000000000e+00 0.0000000000e+00 0.0000000000e+00 3.9635788347e+00
1102.00000000 2.9508882948e+01 6.4244573463e-03 0.0000000000e+00 6.4244573463e-03 2.9508885326e+01 0.0000000000e+00 0.0000000000e+00 0.0000000000e+00 3.9642527342e+00
1102.50000000 2.9539721930e+01 6.4358707369e-03 0.0000000000e+00 6.4358707369e-03 2.9539724312e+01 0.0000000000e+00 0.0000000000e+00 0.0000000000e+00 3.9649241612e+00
1103.00000000 2.9570684711e+01 6.4473299452e-03 0.0000000000e+00 6.4473299452e-03 2.9570687097e+01 0.0000000000e+00 0.0000000000e+00 0.0000000000e+00 3.9655931291e+00
1103.50000000 2.9601772028e+01 6.4588352439e-03 0.0000000000e+00 6.4588352439e-03 2.9601774418e+01 0.0000000000e+00 0.0000000000e+00 0.0000000000e+00 3.9662596512e+00
1104.00000000 2.9632984625e+01 6.4703869082e-03 0.0000000000e+00 6.4703869082e-03 2.9632987019e+01 0.0000000000e+00 0.0000000000e+00 0.0000000000e+00 3.9669237407e+00
1104.50000000 2.9664323250e+01 6.4819852152e-03 0.0000000000e+00 6.4819852152e-03 2.9664325649e+01 0.0000000000e+00 0.0000000000e+00 0.0000000000e+00 3.9675854107e+00
1105.00000000 2.9695788659e+01 6.4936304444e-03 0.0000000000e+00 6.4936304444e-03 2.9695791063e+01 0.0000000000e+00 0.0000000000e+00 0.0000000000e+00 3.9682446742e+00
1105.50000000 2.9727381613e+01 6.5053228773e-03 0.0000000000e+00 6.5053228773e-03 2.9727384021e+01 0.0000000000e+00 0.0000000000e+00 0.0000000000e+00 3.9689015440e+00
1106.00000000 2.9759102878e+01 6.5170627978e-03 0.0000000000e+00 6.5170627978e-03 2.9759105290e+01 0.0000000000e+00 0.0000000000e+00 0.0000000000e+00 3.9695560330e+00
1106.50000000 2.9790953229e+01 6.5288504923e-03 0.0000000000e+00 6.5288504923e-03 2.9790955645e+01 0.0000000000e+00 0.0000000000e+00 0.0000000000e+00 3.9702081539e+00
1107.00000000 2.9822933444e+01 6.5406862491e-03 0.0000000000e+00 6.5406862491e-03 2.9822935864e+01 0.0000000000e+00 0.0000000000e+00 0.0000000000e+00 3.9708579193e+00
1107.50000000 2.9855044309e+01 6.5525703591e-03 0.0000000000e+00 6.5525703591e-03 2.9855046734e+01 0.0000000000e+00 0.0000000000e+00 0.0000000000e+00 3.9715053418e+00
1108.00000000 2.9887286617e+01 6.5645031155e-03 0.0000000000e+00 6.5645031155e-03 2.9887289046e+01 0.0000000000e+00 0.0000000000e+00 0.0000000000e+00 3.9721504338e+00
1108.50000000 2.9919661166e+01 6.5764848138e-03 0.0000000000e+00 6.5764848138e-03 2.9919663600e+01 0.0000000000e+00 0.0000000000e+00 0.0000000000e+00 3.9727932077e+00
1109.00000000 2.9952168761e+01 6.5885157521e-03 0.0000000000e+00 6.5885157521e-03 2.9952171199e+01 0.0000000000e+00 0.0000000000e+00 0.0000000000e+00 3.9734336757e+00
1109.50000000 2.9984810214e+01 6.6005962306e-03 0.0000000000e+00 6.6005962306e-03 2.9984812657e+01 0.0000000000e+00 0.0000000000e+00 0.0000000000e+00 3.9740718501e+00
1110.00000000 3.0017586343e+01 6.6127265523e-03 0.0000000000e+00 6.6127265523e-03 3.0017588790e+01 0.0000000000e+00 0.0000000000e+00 0.0000000000e+00 3.9747077429e+00
1110.50000000 3.0050497973e+01 6.6249070224e-03 0.0000000000e+00 6.6249070224e-03 3.0050500425e+01 0.0000000000e+00 0.0000000000e+00 0.0000000000e+00 3.9753413662e+00
1111.00000000 3.0083545936e+01 6.6371379488e-03 0.0000000000e+00 6.6371379488e-03 3.0083548393e+01 0.0000000000e+00 0.0000000000e+00 0.0000000000e+00 3.9759727319e+00
1111.50000000 3.0116731071e+01 6.6494196418e-03 0.0000000000e+00 6.6494196418e-03 3.0116733532e+01 0.0000000000e+00 0.0000000000e+00 0.0000000000e+00 3.9766018518e+00
1112.00000000 3.0150054222e+01 6.6617524143e-03 0.0000000000e+00 6.6617524143e-03 3.0150056688e+01 0.0000000000e+00 0.0000000000e+00 0.0000000000e+00 3.9772287378e+00
1112.50000000 3.0183516243e+01 6.6741365818e-03 0.0000000000e+00 6.6741365818e-03 3.0183518713e+01 0.0000000000e+00 0.0000000000e+00 0.0000000000e+00 3.9778534014e+00
1113.00000000 3.0217117992e+01 6.6865724624e-03 0.0000000000e+00 6.6865724624e-03 3.0217120467e+01 0.0000000000e+00 0.0000000000e+00 0.0000000000e+00 3.9784758544e+00
1113.50000000 3.0250860337e+01 6.6990603767e-03 0.0000000000e+00 6.6990603767e-03 3.0250862816e+01 0.0000000000e+00 0.0000000000e+00 0.0000000000e+00 3.9790961082e+00
1114.00000000 3.0284744150e+01 6.7116006482e-03 0.0000000000e+00 6.7116006482e-03 3.0284746634e+01 0.0000000000e+00 0.0000000000e+00 0.0000000000e+00 3.9797141742e+00
1114.50000000 3.0318770314e+01 6.7241936029e-03 0.0000000000e+00 6.7241936029e-03 3.0318772802e+01 0.0000000000e+00 0.0000000000e+00 0.0000000000e+00 3.9803300640e+00
1115.00000000 3.0352939716e+01 6.7368395695e-03 0.0000000000e+00 6.7368395695e-03 3.0352942209e+01 0.0000000000e+00 0.0000000000e+00 0.0000000000e+00 3.9809437886e+00
1115.50000000 3.0387253252e+01 6.7495388797e-03 0.0000000000e+00 6.7495388797e-03 3.0387255750e+01 0.0000000000e+00 0.0000000000e+00 0.0000000000e+00 3.9815553594e+00
1116.00000000 3.0421711825e+01 6.7622918676e-03 0.0000000000e+00 6.7622918676e-03 3.0421714328e+01 0.0000000000e+00 0.0000000000e+00 0.0000000000e+00 3.9821647875e+00
1116.50000000 3.0456316347e+01 6.7750988705e-03 0.0000000000e+00 6.7750988705e-03 3.0456318854e+01 0.0000000000e+00 0.0000000000e+00 0.0000000000e+00 3.9827720839e+00
1117.00000000 3.0491067735e+01 6.7879602281e-03 0.0000000000e+00 6.7879602281e-03 3.0491070247e+01 0.0000000000e+00 0.0000000000e+00 0.0000000000e+00 3.9833772596e+00
1117.50000000 3.0525966916e+01 6.8008762833e-03 0.0000000000e+00 6.8008762833e-03 3.0525969433e+01 0.0000000000e+00 0.0000000000e+00 0.0000000000e+00 3.9839803256e+00
1118.00000000 3.0561014824e+01 6.8138473818e-03 0.0000000000e+00 6.8138473818e-03 3.0561017346e+01 0.0000000000e+00 0.0000000000e+00 0.0000000000e+00 3.9845812926e+00
1118.50000000 3.0596212401e+01 6.8268738721e-03 0.0000000000e+00 6.8268738721e-03 3.0596214928e+01 0.0000000000e+00 0.0000000000e+00 0.0000000000e+00 3.9851801714e+00
1119.00000000 3.0631560597e+01 6.8399561058e-03 0.0000000000e+00 6.8399561058e-03 3.0631563128e+01 0.0000000000e+00 0.0000000000e+00 0.0000000000e+00 3.9857769727e+00
1119.50000000 3.0667060369e+01 6.8530944375e-03 0.0000000000e+00 6.8530944375e-03 3.0667062905e+01 0.0000000000e+00 0.0000000000e+00 0.0000000000e+00 3.9863717071e+00
1120.00000000 3.0702712684e+01 6.8662892247e-03 0.0000000000e+00 6.8662892247e-03 3.0702715225e+01 0.0000000000e+00 0.0000000000e+00 0.0000000000e+00 3.9869643852e+00
1120.50000000 3.0738518516e+01 6.8795408279e-03 0.0000000000e+00 6.8795408279e-03 3.0738521062e+01 0.0000000000e+00 0.0000000000e+00 0.0000000000e+00 3.9875550174e+00
1121.00000000 3.0774478847e+01 6.8928496109e-03 0.0000000000e+00 6.8928496109e-03 3.0774481398e+01 0.0000000000e+00 0.0000000000e+00 0.0000000000e+00 3.9881436141e+00
1121.50000000 3.0810594670e+01 6.9062159404e-03 0.0000000000e+00 6.9062159404e-03 3.0810597226e+01 0.0000000000e+00 0.0000000000e+00 0.0000000000e+00 3.9887301856e+00
1122.00000000 3.0846866982e+01 6.9196401864e-03 0.0000000000e+00 6.9196401864e-03 3.0846869543e+01 0.0000000000e+00 0.0000000000e+00 0.0000000000e+00 3.9893147422e+00
1122.50000000 3.0883296793e+01 6.9331227220e-03 0.0000000000e+00 6.9331227220e-03 3.0883299359e+01 0.0000000000e+00 0.0000000000e+00 0.0000000000e+00 3.9898972941e+00
1123.00000000 3.0919885120e+01 6.9466639234e-03 0.0000000000e+00 6.9466639234e-03 3.0919887691e+01 0.0000000000e+00 0.0000000000e+00 0.0000000000e+00 3.9904778515e+00
1123.50000000 3.0956632987e+01 6.9602641704e-03 0.0000000000e+00 6.9602641704e-03 3.0956635563e+01 0.0000000000e+00 0.0000000000e+00 0.0000000000e+00 3.9910564243e+00
1124.00000000 3.0993541430e+01 6.9739238456e-03 0.0000000000e+00 6.9739238456e-03 3.0993544011e+01 0.0000000000e+00 0.0000000000e+00 0.0000000000e+00 3.9916330225e+00
1124.50000000 3.1030611491e+01 6.9876433354e-03 0.0000000000e+00 6.9876433354e-03 3.1030614077e+01 0.0000000000e+00 0.0000000000e+00 0.0000000000e+00 3.9922076561e+00
1125.00000000 3.1067844224e+01 7.0014230293e-03 0.0000000000e+00 7.0014230293e-03 3.1067846815e+01 0.0000000000e+00 0.0000000000e+00 0.0000000000e+00 3.9927803349e+00
1125.50000000 3.1105240690e+01 7.0152633201e-03 0.0000000000e+00 7.0152633201e-03 3.1105243286e+01 0.0000000000e+00 0.0000000000e+00 0.0000000000e+00 3.9933510687e+00
1126.00000000 3.1142801959e+01 7.0291646042e-03 0.0000000000e+00 7.0291646042e-03 3.1142804561e+01 0.0000000000e+00 0.0000000000e+00 0.0000000000e+00 3.9939198673e+00
1126.50000000 3.1180529113e+01 7.0431272815e-03 0.0000000000e+00 7.0431272815e-03 3.1180531720e+01 0.0000000000e+00 0.0000000000e+00 0.0000000000e+00 3.9944867402e+00
1127.00000000 3.1218423242e+01 7.0571517553e-03 0.0000000000e+00 7.0571517553e-03 3.1218425853e+01 0.0000000000e+00 0.0000000000e+00 0.0000000000e+00 3.9950516971e+00
1127.50000000 3.1256485443e+01 7.0712384324e-03 0.0000000000e+00 7.0712384324e-03 3.1256488060e+01 0.0000000000e+00 0.0000000000e+00 0.0000000000e+00 3.9956147476e+00
1128.00000000 3.1294716827e+01 7.0853877233e-03 0.0000000000e+00 7.0853877233e-03 3.1294719449e+01 0.0000000000e+00 0.0000000000e+00 0.0000000000e+00 3.9961759010e+00
1128.50000000 3.1333118512e+01 7.0996000421e-03 0.0000000000e+00 7.0996000421e-03 3.1333121140e+01 0.0000000000e+00 0.0000000000e+00 0.0000000000e+00 3.9967351668e+00
1129.00000000 3.1371691628e+01 7.1138758064e-03 0.0000000000e+00 7.1138758064e-03 3.1371694260e+01 0.0000000000e+00 0.0000000000e+00 0.0000000000e+00 3.9972925543e+00
1129.50000000 3.1410437312e+01 7.1282154378e-03 0.0000000000e+00 7.1282154378e-03 3.1410439950e+01 0.0000000000e+00 0.0000000000e+00 0.0000000000e+00 3.9978480728e+00
1130.00000000 3.1449356713e+01 7.1426193614e-03 0.0000000000e+00 7.1426193614e-03 3.1449359357e+01 0.0000000000e+00 0.0000000000e+00 0.0000000000e+00 3.9984017315e+00
1130.50000000 3.1488450991e+01 7.1570880061e-03 0.0000000000e+00 7.1570880061e-03 3.1488453640e+01 0.0000000000e+00 0.0000000000e+00 0.0000000000e+00 3.9989535397e+00
1131.00000000 3.1527721315e+01 7.1716218048e-03 0.0000000000e+00 7.1716218048e-03 3.1527723970e+01 0.0000000000e+00 0.0000000000e+00 0.0000000000e+00 3.9995035063e+00
1131.50000000 3.1567168865e+01 7.1862211942e-03 0.0000000000e+00 7.1862211942e-03 3.1567171525e+01 0.0000000000e+00 0.0000000000e+00 0.0000000000e+00 4.0000516404e+00
1132.00000000 3.1606794832e+01 7.2008866147e-03 0.0000000000e+00 7.2008866147e-03 3.1606797497e+01 0.0000000000e+00 0.0000000000e+00 0.0000000000e+00 4.0005979511e+00
1132.50000000 3.1646600415e+01 7.2156185109e-03 0.0000000000e+00 7.2156185109e-03 3.1646603086e+01 0.0000000000e+00 0.0000000000e+00 0.0000000000e+00 4.0011424472e+00
1133.00000000 3.1686586828e+01 7.2304173313e-03 0.0000000000e+00 7.2304173313e-03 3.1686589504e+01 0.0000000000e+00 0.0000000000e+00 0.0000000000e+00 4.0016851376e+00
1133.50000000 3.1726755293e+01 7.2452835286e-03 0.0000000000e+00 7.2452835286e-03 3.1726757975e+01 0.0000000000e+00 0.0000000000e+00 0.0000000000e+00 4.0022260311e+00
1134.00000000 3.1767107044e+01 7.2602175594e-03 0.0000000000e+00 7.2602175594e-03 3.1767109731e+01 0.0000000000e+00 0.0000000000e+00 0.0000000000e+00 4.0027651364e+00
1134.50000000 3.1807643326e+01 7.2752198844e-03 0.0000000000e+00 7.2752198844e-03 3.1807646019e+01 0.0000000000e+00 0.0000000000e+00 0.0000000000e+00 4.0033024623e+00
1135.00000000 3.1848365396e+01 7.2902909688e-03 0.0000000000e+00 7.2902909688e-03 3.1848368094e+01 0.0000000000e+00 0.0000000000e+00 0.0000000000e+00 4.0038380174e+00
1135.50000000 3.1889274522e+01 7.3054312816e-03 0.0000000000e+00 7.3054312816e-03 3.1889277225e+01 0.0000000000e+00 0.0000000000e+00 0.0000000000e+00 4.0043718103e+00
1136.00000000 3.1930371982e+01 7.3206412965e-03 0.0000000000e+00 7.3206412965e-03 3.1930374691e+01 0.0000000000e+00 0.0000000000e+00 0.0000000000e+00 4.0049038495e+00
1136.50000000 3.1971659068e+01 7.3359214912e-03 0.0000000000e+00 7.3359214912e-03 3.1971661783e+01 0.0000000000e+00 0.0000000000e+00 0.0000000000e+00 4.0054341435e+00
1137.00000000 3.2013137083e+01 7.3512723479e-03 0.0000000000e+00 7.3512723479e-03 3.2013139803e+01 0.0000000000e+00 0.0000000000e+00 0.0000000000e+00 4.0059627006e+00
1137.50000000 3.2054807342e+01 7.3666943534e-03 0.0000000000e+00 7.3666943534e-03 3.2054810068e+01 0.0000000000e+00 0.0000000000e+00 0.0000000000e+00 4.0064895294e+00
1138.00000000 3.2096671171e+01 7.3821879987e-03 0.0000000000e+00 7.3821879987e-03 3.2096673903e+01 0.0000000000e+00 0.0000000000e+00 0.0000000000e+00 4.0070146379e+00
1138.50000000 3.2138729911e+01 7.3977537794e-03 0.0000000000e+00 7.3977537794e-03 3.2138732649e+01 0.0000000000e+00 0.0000000000e+00 0.0000000000e+00 4.0075380347e+00
1139.00000000 3.2180984912e+01 7.4133921960e-03 0.0000000000e+00 7.4133921960e-03 3.2180987656e+01 0.0000000000e+00 0.0000000000e+00 0.0000000000e+00 4.0080597277e+00
1139.50000000 3.2223437540e+01 7.4291037531e-03 0.0000000000e+00 7.4291037531e-03 3.2223440289e+01 0.0000000000e+00 0.0000000000e+00 0.0000000000e+00 4.0085797252e+00
1140.00000000 3.2266089170e+01 7.4448889604e-03 0.0000000000e+00 7.4448889604e-03 3.2266091925e+01 0.0000000000e+00 0.0000000000e+00 0.0000000000e+00 4.0090980354e+00
1140.50000000 3.2308941193e+01 7.4607483323e-03 0.0000000000e+00 7.4607483323e-03 3.2308943954e+01 0.0000000000e+00 0.0000000000e+00 0.0000000000e+00 4.0096146661e+00
1141.00000000 3.2351995010e+01 7.4766823878e-03 0.0000000000e+00 7.4766823878e-03 3.2351997778e+01 0.0000000000e+00 0.0000000000e+00 0.0000000000e+00 4.0101296255e+00
1141.50000000 3.2395252039e+01 7.4926916509e-03 0.0000000000e+00 7.4926916509e-03 3.2395254812e+01 0.0000000000e+00 0.0000000000e+00 0.0000000000e+00 4.0106429215e+00
1142.00000000 3.2438713708e+01 7.5087766505e-03 0.0000000000e+00 7.5087766505e-03 3.2438716487e+01 0.0000000000e+00 0.0000000000e+00 0.0000000000e+00 4.0111545620e+00
1142.50000000 3.2482381460e+01 7.5249379204e-03 0.0000000000e+00 7.5249379204e-03 3.2482384245e+01 0.0000000000e+00 0.0000000000e+00 0.0000000000e+00 4.0116645548e+00
1143.00000000 3.2526256750e+01 7.5411759997e-03 0.0000000000e+00 7.5411759997e-03 3.2526259541e+01 0.0000000000e+00 0.0000000000e+00 0.0000000000e+00 4.0121729078e+00
1143.50000000 3.2570341049e+01 7.5574914323e-03 0.0000000000e+00 7.5574914323e-03 3.2570343846e+01 0.0000000000e+00 0.0000000000e+00 0.0000000000e+00 4.0126796286e+00
1144.00000000 3.2614635840e+01 7.5738847672e-03 0.0000000000e+00 7.5738847672e-03 3.2614638643e+01 0.0000000000e+00 0.0000000000e+00 0.0000000000e+00 4.0131847250e+00
1144.50000000 3.2659142621e+01 7.5903565589e-03 0.0000000000e+00 7.5903565589e-03 3.2659145430e+01 0.0000000000e+00 0.0000000000e+00 0.0000000000e+00 4.0136882047e+00
1145.00000000 3.2703862905e+01 7.6069073671e-03 0.0000000000e+00 7.6069073671e-03 3.2703865720e+01 0.0000000000e+00 0.0000000000e+00 0.0000000000e+00 4.0141900752e+00
1145.50000000 3.2748798217e+01 7.6235377566e-03 0.0000000000e+00 7.6235377566e-03 3.2748801038e+01 0.0000000000e+00 0.0000000000e+00 0.0000000000e+00 4.0146903441e+00
1146.00000000 3.2793950099e+01 7.6402482978e-03 0.0000000000e+00 7.6402482978e-03 3.2793952927e+01 0.0000000000e+00 0.0000000000e+00 0.0000000000e+00 4.0151890189e+00
1146.50000000 3.2839320108e+01 7.6570395665e-03 0.0000000000e+00 7.6570395665e-03 3.2839322941e+01 0.0000000000e+00 0.0000000000e+00 0.0000000000e+00 4.0156861071e+00
1147.00000000 3.2884909812e+01 7.6739121442e-03 0.0000000000e+00 7.6739121442e-03 3.2884912653e+01 0.0000000000e+00 0.0000000000e+00 0.0000000000e+00 4.0161816160e+00
1147.50000000 3.2930720800e+01 7.6908666178e-03 0.0000000000e+00 7.6908666178e-03 3.2930723646e+01 0.0000000000e+00 0.0000000000e+00 0.0000000000e+00 4.0166755532e+00
1148.00000000 3.2976754672e+01 7.7079035799e-03 0.0000000000e+00 7.7079035799e-03 3.2976757524e+01 0.0000000000e+00 0.0000000000e+00 0.0000000000e+00 4.0171679259e+00
1148.50000000 3.3023013044e+01 7.7250236288e-03 0.0000000000e+00 7.7250236288e-03 3.3023015903e+01 0.0000000000e+00 0.0000000000e+00 0.0000000000e+00 4.0176587413e+00
1149.00000000 3.3069497549e+01 7.7422273688e-03 0.0000000000e+00 7.7422273688e-03 3.3069500415e+01 0.0000000000e+00 0.0000000000e+00 0.0000000000e+00 4.0181480067e+00
1149.50000000 3.3116209836e+01 7.7595154099e-03 0.0000000000e+00 7.7595154099e-03 3.3116212708e+01 0.0000000000e+00 0.0000000000e+00 0.0000000000e+00 4.0186357294e+00
1150.00000000 3.3163151569e+01 7.7768883679e-03 0.0000000000e+00 7.7768883679e-03 3.3163154447e+01 0.0000000000e+00 0.0000000000e+00 0.0000000000e+00 4.0191219163e+00
1150.50000000 3.3210324428e+01 7.7943468650e-03 0.0000000000e+00 7.7943468650e-03 3.3210327313e+01 0.0000000000e+00 0.0000000000e+00 0.0000000000e+00 4.0196065748e+00
1151.00000000 3.3257730111e+01 7.8118915293e-03 0.0000000000e+00 7.8118915293e-03 3.3257733002e+01 0.0000000000e+00 0.0000000000e+00 0.0000000000e+00 4.0200897117e+00
1151.50000000 3.3305370331e+01 7.8295229949e-03 0.0000000000e+00 7.8295229949e-03 3.3305373228e+01 0.0000000000e+00 0.0000000000e+00 0.0000000000e+00 4.0205713342e+00
1152.00000000 3.3353246819e+01 7.8472419023e-03 0.0000000000e+00 7.8472419023e-03 3.3353249723e+01 0.0000000000e+00 0.0000000000e+00 0.0000000000e+00 4.0210514492e+00
1152.50000000 3.3401361322e+01 7.8650488985e-03 0.0000000000e+00 7.8650488985e-03 3.3401364233e+01 0.0000000000e+00 0.0000000000e+00 0.0000000000e+00 4.0215300636e+00
1153.00000000 3.3449715607e+01 7.8829446365e-03 0.0000000000e+00 7.8829446365e-03 3.3449718524e+01 0.0000000000e+00 0.0000000000e+00 0.0000000000e+00 4.0220071843e+00
1153.50000000 3.3498311454e+01 7.9009297762e-03 0.0000000000e+00 7.9009297762e-03 3.3498314378e+01 0.0000000000e+00 0.0000000000e+00 0.0000000000e+00 4.0224828182e+00
1154.00000000 3.3547150664e+01 7.9190049836e-03 0.0000000000e+00 7.9190049836e-03 3.3547153595e+01 0.0000000000e+00 0.0000000000e+00 0.0000000000e+00 4.0229569721e+00
1154.50000000 3.3596235056e+01 7.9371709318e-03 0.0000000000e+00 7.9371709318e-03 3.3596237994e+01 0.0000000000e+00 0.0000000000e+00 0.0000000000e+00 4.0234296527e+00
1155.00000000 3.3645566466e+01 7.9554283002e-03 0.0000000000e+00 7.9554283002e-03 3.3645569410e+01 0.0000000000e+00 0.0000000000e+00 0.0000000000e+00 4.0239008668e+00
1155.50000000 3.3695146748e+01 7.9737777754e-03 0.0000000000e+00 7.9737777754e-03 3.3695149699e+01 0.0000000000e+00 0.0000000000e+00 0.0000000000e+00 4.0243706210e+00
1156.00000000 3.3744977775e+01 7.9922200506e-03 0.0000000000e+00 7.9922200506e-03 3.3744980733e+01 0.0000000000e+00 0.0000000000e+00 0.0000000000e+00 4.0248389220e+00
1156.50000000 3.3795061441e+01 8.0107558260e-03 0.0000000000e+00 8.0107558260e-03 3.3795064405e+01 0.0000000000e+00 0.0000000000e+00 0.0000000000e+00 4.0253057763e+00
1157.00000000 3.3845399655e+01 8.0293858091e-03 0.0000000000e+00 8.0293858091e-03 3.3845402627e+01 0.0000000000e+00 0.0000000000e+00 0.0000000000e+00 4.0257711906e+00
1157.50000000 3.3895994349e+01 8.0481107143e-03 0.0000000000e+00 8.0481107143e-03 3.3895997327e+01 0.0000000000e+00 0.0000000000e+00 0.0000000000e+00 4.0262351714e+00
1158.00000000 3.3946847472e+01 8.0669312633e-03 0.0000000000e+00 8.0669312633e-03 3.3946850458e+01 0.0000000000e+00 0.0000000000e+00 0.0000000000e+00 4.0266977251e+00
1158.50000000 3.3997960995e+01 8.0858481852e-03 0.0000000000e+00 8.0858481852e-03 3.3997963988e+01 0.0000000000e+00 0.0000000000e+00 0.0000000000e+00 4.0271588582e+00
1159.00000000 3.4049336908e+01 8.1048622166e-03 0.0000000000e+00 8.1048622166e-03 3.4049339907e+01 0.0000000000e+00 0.0000000000e+00 0.0000000000e+00 4.0276185772e+00
1159.50000000 3.4100977221e+01 8.1239741014e-03 0.0000000000e+00 8.1239741014e-03 3.4100980227e+01 0.0000000000e+00 0.0000000000e+00 0.0000000000e+00 4.0280768882e+00
1160.00000000 3.4152883964e+01 8.1431845912e-03 0.0000000000e+00 8.1431845912e-03 3.4152886978e+01 0.0000000000e+00 0.0000000000e+00 0.0000000000e+00 4.0285337978e+00
1160.50000000 3.4205059191e+01 8.1624944456e-03 0.0000000000e+00 8.1624944456e-03 3.4205062212e+01 0.0000000000e+00 0.0000000000e+00 0.0000000000e+00 4.0289893122e+00
1161.00000000 3.4257504973e+01 8.1819044316e-03 0.0000000000e+00 8.1819044316e-03 3.4257508001e+01 0.0000000000e+00 0.0000000000e+00 0.0000000000e+00 4.0294434376e+00
1161.50000000 3.4310223405e+01 8.2014153243e-03 0.0000000000e+00 8.2014153243e-03 3.4310226440e+01 0.0000000000e+00 0.0000000000e+00 0.0000000000e+00 4.0298961802e+00
1162.00000000 3.4363216603e+01 8.2210279070e-03 0.0000000000e+00 8.2210279070e-03 3.4363219646e+01 0.0000000000e+00 0.0000000000e+00 0.0000000000e+00 4.0303475463e+00
1162.50000000 3.4416486706e+01 8.2407429707e-03 0.0000000000e+00 8.2407429707e-03 3.4416489755e+01 0.0000000000e+00 0.0000000000e+00 0.0000000000e+00 4.0307975420e+00
1163.00000000 3.4470035872e+01 8.2605613151e-03 0.0000000000e+00 8.2605613151e-03 3.4470038929e+01 0.0000000000e+00 0.0000000000e+00 0.0000000000e+00 4.0312461733e+00
1163.50000000 3.4523866286e+01 8.2804837479e-03 0.0000000000e+00 8.2804837479e-03 3.4523869350e+01 0.0000000000e+00 0.0000000000e+00 0.0000000000e+00 4.0316934464e+00
1164.00000000 3.4577980151e+01 8.3005110854e-03 0.0000000000e+00 8.3005110854e-03 3.4577983223e+01 0.0000000000e+00 0.0000000000e+00 0.0000000000e+00 4.0321393673e+00
1164.50000000 3.4632379699e+01 8.3206441524e-03 0.0000000000e+00 8.3206441524e-03 3.4632382778e+01 0.0000000000e+00 0.0000000000e+00 0.0000000000e+00 4.0325839420e+00
1165.00000000 3.4687067179e+01 8.3408837825e-03 0.0000000000e+00 8.3408837825e-03 3.4687070266e+01 0.0000000000e+00 0.0000000000e+00 0.0000000000e+00 4.0330271764e+00
1165.50000000 3.4742044869e+01 8.3612308179e-03 0.0000000000e+00 8.3612308179e-03 3.4742047963e+01 0.0000000000e+00 0.0000000000e+00 0.0000000000e+00 4.0334690765e+00
1166.00000000 3.4797315067e+01 8.3816861098e-03 0.0000000000e+00 8.3816861098e-03 3.4797318169e+01 0.0000000000e+00 0.0000000000e+00 0.0000000000e+00 4.0339096482e+00
1166.50000000 3.4852880099e+01 8.4022505183e-03 0.0000000000e+00 8.4022505183e-03 3.4852883209e+01 0.0000000000e+00 0.0000000000e+00 0.0000000000e+00 4.0343488974e+00
1167.00000000 3.4908742313e+01 8.4229249129e-03 0.0000000000e+00 8.4229249129e-03 3.4908745431e+01 0.0000000000e+00 0.0000000000e+00 0.0000000000e+00 4.0347868298e+00
1167.50000000 3.4964904084e+01 8.4437101722e-03 0.0000000000e+00 8.4437101722e-03 3.4964907209e+01 0.0000000000e+00 0.0000000000e+00 0.0000000000e+00 4.0352234512e+00
1168.00000000 3.5021367810e+01 8.4646071840e-03 0.0000000000e+00 8.4646071840e-03 3.5021370943e+01 0.0000000000e+00 0.0000000000e+00 0.0000000000e+00 4.0356587674e+00
1168.50000000 3.5078135916e+01 8.4856168459e-03 0.0000000000e+00 8.4856168459e-03 3.5078139057e+01 0.0000000000e+00 0.0000000000e+00 0.0000000000e+00 4.0360927842e+00
1169.00000000 3.5135210855e+01 8.5067400651e-03 0.0000000000e+00 8.5067400651e-03 3.5135214003e+01 0.0000000000e+00 0.0000000000e+00 0.0000000000e+00 4.0365255072e+00
1169.50000000 3.5192595102e+01 8.5279777584e-03 0.0000000000e+00 8.5279777584e-03 3.5192598258e+01 0.0000000000e+00 0.0000000000e+00 0.0000000000e+00 4.0369569421e+00
1170.00000000 3.5250291162e+01 8.5493308526e-03 0.0000000000e+00 8.5493308526e-03 3.5250294326e+01 0.0000000000e+00 0.0000000000e+00 0.0000000000e+00 4.0373870945e+00
1170.50000000 3.5308301567e+01 8.5708002845e-03 0.0000000000e+00 8.5708002845e-03 3.5308304739e+01 0.0000000000e+00 0.0000000000e+00 0.0000000000e+00 4.0378159700e+00
1171.00000000 3.5366628876e+01 8.5923870011e-03 0.0000000000e+00 8.5923870011e-03 3.5366632056e+01 0.0000000000e+00 0.0000000000e+00 0.0000000000e+00 4.0382435741e+00
1171.50000000 3.5425275674e+01 8.6140919598e-03 0.0000000000e+00 8.6140919598e-03 3.5425278862e+01 0.0000000000e+00 0.0000000000e+00 0.0000000000e+00 4.0386699124e+00
1172.00000000 3.5484244577e+01 8.6359161282e-03 0.0000000000e+00 8.6359161282e-03 3.5484247773e+01 0.0000000000e+00 0.0000000000e+00 0.0000000000e+00 4.0390949904e+00
1172.50000000 3.5543538228e+01 8.6578604847e-03 0.0000000000e+00 8.6578604847e-03 3.5543541433e+01 0.0000000000e+00 0.0000000000e+00 0.0000000000e+00 4.0395188136e+00
1173.00000000 3.5603159300e+01 8.6799260183e-03 0.0000000000e+00 8.6799260183e-03 3.5603162513e+01 0.0000000000e+00 0.0000000000e+00 0.0000000000e+00 4.0399413873e+00
1173.50000000 3.5663110495e+01 8.7021137290e-03 0.0000000000e+00 8.7021137290e-03 3.5663113715e+01 0.0000000000e+00 0.0000000000e+00 0.0000000000e+00 4.0403627170e+00
1174.00000000 3.5723394543e+01 8.7244246278e-03 0.0000000000e+00 8.7244246278e-03 3.5723397772e+01 0.0000000000e+00 0.0000000000e+00 0.0000000000e+00 4.0407828081e+00
1174.50000000 3.5784014208e+01 8.7468597368e-03 0.0000000000e+00 8.7468597368e-03 3.5784017445e+01 0.0000000000e+00 0.0000000000e+00 0.0000000000e+00 4.0412016658e+00
1175.00000000 3.5844972281e+01 8.7694200896e-03 0.0000000000e+00 8.7694200896e-03 3.5844975526e+01 0.0000000000e+00 0.0000000000e+00 0.0000000000e+00 4.0416192956e+00
1175.50000000 3.5906271586e+01 8.7921067310e-03 0.0000000000e+00 8.7921067310e-03 3.5906274840e+01 0.0000000000e+00 0.0000000000e+00 0.0000000000e+00 4.0420357026e+00
1176.00000000 3.5967914978e+01 8.8149207179e-03 0.0000000000e+00 8.8149207179e-03 3.5967918241e+01 0.0000000000e+00 0.0000000000e+00 0.0000000000e+00 4.0424508921e+00
1176.50000000 3.6029905345e+01 8.8378631186e-03 0.0000000000e+00 8.8378631186e-03 3.6029908616e+01 0.0000000000e+00 0.0000000000e+00 0.0000000000e+00 4.0428648694e+00
1177.00000000 3.6092245605e+01 8.8609350136e-03 0.0000000000e+00 8.8609350136e-03 3.6092248885e+01 0.0000000000e+00 0.0000000000e+00 0.0000000000e+00 4.0432776396e+00
1177.50000000 3.6154938712e+01 8.8841374955e-03 0.0000000000e+00 8.8841374955e-03 3.6154942000e+01 0.0000000000e+00 0.0000000000e+00 0.0000000000e+00 4.0436892079e+00
1178.00000000 3.6217987649e+01 8.9074716693e-03 0.0000000000e+00 8.9074716693e-03 3.6217990946e+01 0.0000000000e+00 0.0000000000e+00 0.0000000000e+00 4.0440995794e+00
1178.50000000 3.6281395438e+01 8.9309386524e-03 0.0000000000e+00 8.9309386524e-03 3.6281398743e+01 0.0000000000e+00 0.0000000000e+00 0.0000000000e+00 4.0445087593e+00
1179.00000000 3.6345165130e+01 8.9545395749e-03 0.0000000000e+00 8.9545395749e-03 3.6345168444e+01 0.0000000000e+00 0.0000000000e+00 0.0000000000e+00 4.0449167525e+00
1179.50000000 3.6409299815e+01 8.9782755798e-03 0.0000000000e+00 8.9782755798e-03 3.6409303138e+01 0.0000000000e+00 0.0000000000e+00 0.0000000000e+00 4.0453235642e+00
1180.00000000 3.6473802617e+01 9.0021478231e-03 0.0000000000e+00 9.0021478231e-03 3.6473805948e+01 0.0000000000e+00 0.0000000000e+00 0.0000000000e+00 4.0457291994e+00
1180.50000000 3.6538676694e+01 9.0261574740e-03 0.0000000000e+00 9.0261574740e-03 3.6538680034e+01 0.0000000000e+00 0.0000000000e+00 0.0000000000e+00 4.0461336630e+00
1181.00000000 3.6603925241e+01 9.0503057152e-03 0.0000000000e+00 9.0503057152e-03 3.6603928591e+01 0.0000000000e+00 0.0000000000e+00 0.0000000000e+00 4.0465369600e+00
1181.50000000 3.6669551492e+01 9.0745937430e-03 0.0000000000e+00 9.0745937430e-03 3.6669554851e+01 0.0000000000e+00 0.0000000000e+00 0.0000000000e+00 4.0469390953e+00
1182.00000000 3.6735558716e+01 9.0990227674e-03 0.0000000000e+00 9.0990227674e-03 3.6735562084e+01 0.0000000000e+00 0.0000000000e+00 0.0000000000e+00 4.0473400739e+00
1182.50000000 3.6801950220e+01 9.1235940124e-03 0.0000000000e+00 9.1235940124e-03 3.6801953597e+01 0.0000000000e+00 0.0000000000e+00 0.0000000000e+00 4.0477399006e+00
1183.00000000 3.6868729351e+01 9.1483087165e-03 0.0000000000e+00 9.1483087165e-03 3.6868732736e+01 0.0000000000e+00 0.0000000000e+00 0.0000000000e+00 4.0481385802e+00
1183.50000000 3.6935899492e+01 9.1731681322e-03 0.0000000000e+00 9.1731681322e-03 3.6935902887e+01 0.0000000000e+00 0.0000000000e+00 0.0000000000e+00 4.0485361176e+00
1184.00000000 3.7003464068e+01 9.1981735268e-03 0.0000000000e+00 9.1981735268e-03 3.7003467472e+01 0.0000000000e+00 0.0000000000e+00 0.0000000000e+00 4.0489325177e+00
1184.50000000 3.7071426544e+01 9.2233261827e-03 0.0000000000e+00 9.2233261827e-03 3.7071429958e+01 0.0000000000e+00 0.0000000000e+00 0.0000000000e+00 4.0493277850e+00
1185.00000000 3.7139790425e+01 9.2486273968e-03 0.0000000000e+00 9.2486273968e-03 3.7139793848e+01 0.0000000000e+00 0.0000000000e+00 0.0000000000e+00 4.0497219245e+00
1185.50000000 3.7208559257e+01 9.2740784818e-03 0.0000000000e+00 9.2740784818e-03 3.7208562689e+01 0.0000000000e+00 0.0000000000e+00 0.0000000000e+00 4.0501149407e+00
1186.00000000 3.7277736627e+01 9.2996807656e-03 0.0000000000e+00 9.2996807656e-03 3.7277740069e+01 0.0000000000e+00 0.0000000000e+00 0.0000000000e+00 4.0505068385e+00
1186.50000000 3.7347326168e+01 9.3254355920e-03 0.0000000000e+00 9.3254355920e-03 3.7347329620e+01 0.0000000000e+00 0.0000000000e+00 0.0000000000e+00 4.0508976224e+00
1187.00000000 3.7417331553e+01 9.3513443207e-03 0.0000000000e+00 9.3513443207e-03 3.7417335014e+01 0.0000000000e+00 0.0000000000e+00 0.0000000000e+00 4.0512872971e+00
1187.50000000 3.7487756500e+01 9.3774083275e-03 0.0000000000e+00 9.3774083275e-03 3.7487759970e+01 0.0000000000e+00 0.0000000000e+00 0.0000000000e+00 4.0516758672e+00
1188.00000000 3.7558604770e+01 9.4036290048e-03 0.0000000000e+00 9.4036290048e-03 3.7558608250e+01 0.0000000000e+00 0.0000000000e+00 0.0000000000e+00 4.0520633374e+00
1188.50000000 3.7629880171e+01 9.4300077616e-03 0.0000000000e+00 9.4300077616e-03 3.7629883661e+01 0.0000000000e+00 0.0000000000e+00 0.0000000000e+00 4.0524497120e+00
1189.00000000 3.7701586555e+01 9.4565460239e-03 0.0000000000e+00 9.4565460239e-03 3.7701590055e+01 0.0000000000e+00 0.0000000000e+00 0.0000000000e+00 4.0528349958e+00
1189.50000000 3.7773727823e+01 9.4832452349e-03 0.0000000000e+00 9.4832452349e-03 3.7773731333e+01 0.0000000000e+00 0.0000000000e+00 0.0000000000e+00 4.0532191932e+00
1190.00000000 3.7846307922e+01 9.5101068552e-03 0.0000000000e+00 9.5101068552e-03 3.7846311441e+01 0.0000000000e+00 0.0000000000e+00 0.0000000000e+00 4.0536023086e+00
1190.50000000 3.7919330844e+01 9.5371323632e-03 0.0000000000e+00 9.5371323632e-03 3.7919334374e+01 0.0000000000e+00 0.0000000000e+00 0.0000000000e+00 4.0539843466e+00
1191.00000000 3.7992800634e+01 9.5643232552e-03 0.0000000000e+00 9.5643232552e-03 3.7992804174e+01 0.0000000000e+00 0.0000000000e+00 0.0000000000e+00 4.0543653116e+00
1191.50000000 3.8066721385e+01 9.5916810458e-03 0.0000000000e+00 9.5916810458e-03 3.8066724934e+01 0.0000000000e+00 0.0000000000e+00 0.0000000000e+00 4.0547452081e+00
1192.00000000 3.8141097237e+01 9.6192072682e-03 0.0000000000e+00 9.6192072682e-03 3.8141100798e+01 0.0000000000e+00 0.0000000000e+00 0.0000000000e+00 4.0551240403e+00
1192.50000000 3.8215932387e+01 9.6469034744e-03 0.0000000000e+00 9.6469034744e-03 3.8215935957e+01 0.0000000000e+00 0.0000000000e+00 0.0000000000e+00 4.0555018126e+00
1193.00000000 3.8291231077e+01 9.6747712355e-03 0.0000000000e+00 9.6747712355e-03 3.8291234658e+01 0.0000000000e+00 0.0000000000e+00 0.0000000000e+00 4.0558785295e+00
1193.50000000 3.8366997606e+01 9.7028121420e-03 0.0000000000e+00 9.7028121420e-03 3.8367001197e+01 0.0000000000e+00 0.0000000000e+00 0.0000000000e+00 4.0562541952e+00
1194.00000000 3.8443236326e+01 9.7310278041e-03 0.0000000000e+00 9.7310278041e-03 3.8443239927e+01 0.0000000000e+00 0.0000000000e+00 0.0000000000e+00 4.0566288140e+00
1194.50000000 3.8519951639e+01 9.7594198522e-03 0.0000000000e+00 9.7594198522e-03 3.8519955251e+01 0.0000000000e+00 0.0000000000e+00 0.0000000000e+00 4.0570023901e+00
1195.00000000 3.8597148008e+01 9.7879899368e-03 0.0000000000e+00 9.7879899368e-03 3.8597151630e+01 0.0000000000e+00 0.0000000000e+00 0.0000000000e+00 4.0573749279e+00
1195.50000000 3.8674829947e+01 9.8167397292e-03 0.0000000000e+00 9.8167397292e-03 3.8674833580e+01 0.0000000000e+00 0.0000000000e+00 0.0000000000e+00 4.0577464316e+00
1196.00000000 3.8753002029e+01 9.8456709215e-03 0.0000000000e+00 9.8456709215e-03 3.8753005673e+01 0.0000000000e+00 0.0000000000e+00 0.0000000000e+00 4.0581169053e+00
1196.50000000 3.8831668883e+01 9.8747852274e-03 0.0000000000e+00 9.8747852274e-03 3.8831672538e+01 0.0000000000e+00 0.0000000000e+00 0.0000000000e+00 4.0584863533e+00
1197.00000000 3.8910835199e+01 9.9040843820e-03 0.0000000000e+00 9.9040843820e-03 3.8910838864e+01 0.0000000000e+00 0.0000000000e+00 0.0000000000e+00 4.0588547797e+00
1197.50000000 3.8990505724e+01 9.9335701424e-03 0.0000000000e+00 9.9335701424e-03 3.8990509400e+01 0.0000000000e+00 0.0000000000e+00 0.0000000000e+00 4.0592221886e+00
1198.00000000 3.9070685265e+01 9.9632442882e-03 0.0000000000e+00 9.9632442882e-03 3.9070688953e+01 0.0000000000e+00 0.0000000000e+00 0.0000000000e+00 4.0595885841e+00
1198.50000000 3.9151378694e+01 9.9931086215e-03 0.0000000000e+00 9.9931086215e-03 3.9151382392e+01 0.0000000000e+00 0.0000000000e+00 0.0000000000e+00 4.0599539704e+00
1199.00000000 3.9232590941e+01 1.0023164968e-02 0.0000000000e+00 1.0023164968e-02 3.9232594651e+01 0.0000000000e+00 0.0000000000e+00 0.0000000000e+00 4.0603183515e+00
1199.50000000 3.9314327002e+01 1.0053415175e-02 0.0000000000e+00 1.0053415175e-02 3.9314330722e+01 0.0000000000e+00 0.0000000000e+00 0.0000000000e+00 4.0606817315e+00
1200.00000000 3.9396591935e+01 1.0083861116e-02 0.0000000000e+00 1.0083861116e-02 3.9396595667e+01 0.0000000000e+00 0.0000000000e+00 0.0000000000e+00 4.0610441143e+00
1200.50000000 3.9479390866e+01 1.0114504688e-02 0.0000000000e+00 1.0114504688e-02 3.9479394610e+01 0.0000000000e+00 0.0000000000e+00 0.0000000000e+00 4.0614055040e+00
1201.00000000 3.9562728986e+01 1.0145347812e-02 0.0000000000e+00 1.0145347812e-02 3.9562732741e+01 0.0000000000e+00 0.0000000000e+00 0.0000000000e+00 4.0617659046e+00
1201.50000000 3.9646611553e+01 1.0176392433e-02 0.0000000000e+00 1.0176392433e-02 3.9646615320e+01 0.0000000000e+00 0.0000000000e+00 0.0000000000e+00 4.0621253200e+00
1202.00000000 3.9731043895e+01 1.0207640524e-02 0.0000000000e+00 1.0207640524e-02 3.9731047673e+01 0.0000000000e+00 0.0000000000e+00 0.0000000000e+00 4.0624837541e+00
1202.50000000 3.9816031408e+01 1.0239094082e-02 0.0000000000e+00 1.0239094082e-02 3.9816035197e+01 0.0000000000e+00 0.0000000000e+00 0.0000000000e+00 4.0628412110e+00
1203.00000000 3.9901579559e+01 1.0270755130e-02 0.0000000000e+00 1.0270755130e-02 3.9901583360e+01 0.0000000000e+00 0.0000000000e+00 0.0000000000e+00 4.0631976944e+00
1203.50000000 3.9987693890e+01 1.0302625718e-02 0.0000000000e+00 1.0302625718e-02 3.9987697702e+01 0.0000000000e+00 0.0000000000e+00 0.0000000000e+00 4.0635532083e+00
1204.00000000 4.0074380011e+01 1.0334707925e-02 0.0000000000e+00 1.0334707925e-02 4.0074383836e+01 0.0000000000e+00 0.0000000000e+00 0.0000000000e+00 4.0639077566e+00
1204.50000000 4.0161643612e+01 1.0367003854e-02 0.0000000000e+00 1.0367003854e-02 4.0161647449e+01 0.0000000000e+00 0.0000000000e+00 0.0000000000e+00 4.0642613430e+00
1205.00000000 4.0249490454e+01 1.0399515638e-02 0.0000000000e+00 1.0399515638e-02 4.0249494303e+01 0.0000000000e+00 0.0000000000e+00 0.0000000000e+00 4.0646139713e+00
1205.50000000 4.0337926378e+01 1.0432245440e-02 0.0000000000e+00 1.0432245440e-02 4.0337930238e+01 0.0000000000e+00 0.0000000000e+00 0.0000000000e+00 4.0649656455e+00
1206.00000000 4.0426957301e+01 1.0465195448e-02 0.0000000000e+00 1.0465195448e-02 4.0426961174e+01 0.0000000000e+00 0.0000000000e+00 0.0000000000e+00 4.0653163692e+00
1206.50000000 4.0516589221e+01 1.0498367884e-02 0.0000000000e+00 1.0498367884e-02 4.0516593106e+01 0.0000000000e+00 0.0000000000e+00 0.0000000000e+00 4.0656661462e+00
1207.00000000 4.0606828216e+01 1.0531764995e-02 0.0000000000e+00 1.0531764995e-02 4.0606832114e+01 0.0000000000e+00 0.0000000000e+00 0.0000000000e+00 4.0660149802e+00
1207.50000000 4.0697680447e+01 1.0565389063e-02 0.0000000000e+00 1.0565389063e-02 4.0697684357e+01 0.0000000000e+00 0.0000000000e+00 0.0000000000e+00 4.0663628750e+00
1208.00000000 4.0789152158e+01 1.0599242398e-02 0.0000000000e+00 1.0599242398e-02 4.0789156080e+01 0.0000000000e+00 0.0000000000e+00 0.0000000000e+00 4.0667098343e+00
1208.50000000 4.0881249677e+01 1.0633327342e-02 0.0000000000e+00 1.0633327342e-02 4.0881253613e+01 0.0000000000e+00 0.0000000000e+00 0.0000000000e+00 4.0670558617e+00
1209.00000000 4.0973979422e+01 1.0667646271e-02 0.0000000000e+00 1.0667646271e-02 4.0973983370e+01 0.0000000000e+00 0.0000000000e+00 0.0000000000e+00 4.0674009610e+00
1209.50000000 4.1067347895e+01 1.0702201590e-02 0.0000000000e+00 1.0702201590e-02 4.1067351855e+01 0.0000000000e+00 0.0000000000e+00 0.0000000000e+00 4.0677451356e+00
1210.00000000 4.1161361688e+01 1.0736995740e-02 0.0000000000e+00 1.0736995740e-02 4.1161365662e+01 0.0000000000e+00 0.0000000000e+00 0.0000000000e+00 4.0680883894e+00
1210.50000000 4.1256027487e+01 1.0772031195e-02 0.0000000000e+00 1.0772031195e-02 4.1256031474e+01 0.0000000000e+00 0.0000000000e+00 0.0000000000e+00 4.0684307258e+00
1211.00000000 4.1351352068e+01 1.0807310462e-02 0.0000000000e+00 1.0807310462e-02 4.1351356068e+01 0.0000000000e+00 0.0000000000e+00 0.0000000000e+00 4.0687721484e+00
1211.50000000 4.1447342301e+01 1.0842836085e-02 0.0000000000e+00 1.0842836085e-02 4.1447346314e+01 0.0000000000e+00 0.0000000000e+00 0.0000000000e+00 4.0691126609e+00
1212.00000000 4.1544005153e+01 1.0878610642e-02 0.0000000000e+00 1.0878610642e-02 4.1544009180e+01 0.0000000000e+00 0.0000000000e+00 0.0000000000e+00 4.0694522668e+00
1212.50000000 4.1641347689e+01 1.0914636747e-02 0.0000000000e+00 1.0914636747e-02 4.1641351728e+01 0.0000000000e+00 0.0000000000e+00 0.0000000000e+00 4.0697909695e+00
1213.00000000 4.1739377070e+01 1.0950917051e-02 0.0000000000e+00 1.0950917051e-02 4.1739381123e+01 0.0000000000e+00 0.0000000000e+00 0.0000000000e+00 4.0701287727e+00
1213.50000000 4.1838100563e+01 1.0987454243e-02 0.0000000000e+00 1.0987454243e-02 4.1838104629e+01 0.0000000000e+00 0.0000000000e+00 0.0000000000e+00 4.0704656797e+00
1214.00000000 4.1937525533e+01 1.1024251049e-02 0.0000000000e+00 1.1024251049e-02 4.1937529613e+01 0.0000000000e+00 0.0000000000e+00 0.0000000000e+00 4.0708016942e+00
1214.50000000 4.2037659452e+01 1.1061310234e-02 0.0000000000e+00 1.1061310234e-02 4.2037663545e+01 0.0000000000e+00 0.0000000000e+00 0.0000000000e+00 4.0711368194e+00
1215.00000000 4.2138509898e+01 1.1098634604e-02 0.0000000000e+00 1.1098634604e-02 4.2138514005e+01 0.0000000000e+00 0.0000000000e+00 0.0000000000e+00 4.0714710590e+00
1215.50000000 4.2240084557e+01 1.1136227002e-02 0.0000000000e+00 1.1136227002e-02 4.2240088678e+01 0.0000000000e+00 0.0000000000e+00 0.0000000000e+00 4.0718044162e+00
1216.00000000 4.2342391226e+01 1.1174090314e-02 0.0000000000e+00 1.1174090314e-02 4.2342395361e+01 0.0000000000e+00 0.0000000000e+00 0.0000000000e+00 4.0721368946e+00
1216.50000000 4.2445437814e+01 1.1212227467e-02 0.0000000000e+00 1.1212227467e-02 4.2445441963e+01 0.0000000000e+00 0.0000000000e+00 0.0000000000e+00 4.0724684974e+00
1217.00000000 4.2549232343e+01 1.1250641430e-02 0.0000000000e+00 1.1250641430e-02 4.2549236507e+01 0.0000000000e+00 0.0000000000e+00 0.0000000000e+00 4.0727992281e+00
1217.50000000 4.2653782953e+01 1.1289335216e-02 0.0000000000e+00 1.1289335216e-02 4.2653787131e+01 0.0000000000e+00 0.0000000000e+00 0.0000000000e+00 4.0731290900e+00
1218.00000000 4.2759097902e+01 1.1328311881e-02 0.0000000000e+00 1.1328311881e-02 4.2759102094e+01 0.0000000000e+00 0.0000000000e+00 0.0000000000e+00 4.0734580864e+00
1218.50000000 4.2865185568e+01 1.1367574526e-02 0.0000000000e+00 1.1367574526e-02 4.2865189775e+01 0.0000000000e+00 0.0000000000e+00 0.0000000000e+00 4.0737862208e+00
1219.00000000 4.2972054452e+01 1.1407126296e-02 0.0000000000e+00 1.1407126296e-02 4.2972058673e+01 0.0000000000e+00 0.0000000000e+00 0.0000000000e+00 4.0741134962e+00
1219.50000000 4.3079713180e+01 1.1446970386e-02 0.0000000000e+00 1.1446970386e-02 4.3079717417e+01 0.0000000000e+00 0.0000000000e+00 0.0000000000e+00 4.0744399161e+00
1220.00000000 4.3188170508e+01 1.1487110033e-02 0.0000000000e+00 1.1487110033e-02 4.3188174759e+01 0.0000000000e+00 0.0000000000e+00 0.0000000000e+00 4.0747654838e+00
1220.50000000 4.3297435316e+01 1.1527548526e-02 0.0000000000e+00 1.1527548526e-02 4.3297439583e+01 0.0000000000e+00 0.0000000000e+00 0.0000000000e+00 4.0750902024e+00
1221.00000000 4.3407516622e+01 1.1568289202e-02 0.0000000000e+00 1.1568289202e-02 4.3407520904e+01 0.0000000000e+00 0.0000000000e+00 0.0000000000e+00 4.0754140752e+00
1221.50000000 4.3518423576e+01 1.1609335447e-02 0.0000000000e+00 1.1609335447e-02 4.3518427872e+01 0.0000000000e+00 0.0000000000e+00 0.0000000000e+00 4.0757371054e+00
1222.00000000 4.3630165464e+01 1.1650690698e-02 0.0000000000e+00 1.1650690698e-02 4.3630169776e+01 0.0000000000e+00 0.0000000000e+00 0.0000000000e+00 4.0760592963e+00
1222.50000000 4.3742751714e+01 1.1692358444e-02 0.0000000000e+00 1.1692358444e-02 4.3742756041e+01 0.0000000000e+00 0.0000000000e+00 0.0000000000e+00 4.0763806510e+00
1223.00000000 4.3856191895e+01 1.1734342226e-02 0.0000000000e+00 1.1734342226e-02 4.3856196238e+01 0.0000000000e+00 0.0000000000e+00 0.0000000000e+00 4.0767011726e+00
1223.50000000 4.3970495721e+01 1.1776645641e-02 0.0000000000e+00 1.1776645641e-02 4.3970500080e+01 0.0000000000e+00 0.0000000000e+00 0.0000000000e+00 4.0770208644e+00
1224.00000000 4.4085673055e+01 1.1819272338e-02 0.0000000000e+00 1.1819272338e-02 4.4085677429e+01 0.0000000000e+00 0.0000000000e+00 0.0000000000e+00 4.0773397295e+00
1224.50000000 4.4201733910e+01 1.1862226022e-02 0.0000000000e+00 1.1862226022e-02 4.4201738300e+01 0.0000000000e+00 0.0000000000e+00 0.0000000000e+00 4.0776577710e+00
1225.00000000 4.4318688451e+01 1.1905510456e-02 0.0000000000e+00 1.1905510456e-02 4.4318692857e+01 0.0000000000e+00 0.0000000000e+00 0.0000000000e+00 4.0779749919e+00
1225.50000000 4.4436547002e+01 1.1949129461e-02 0.0000000000e+00 1.1949129461e-02 4.4436551424e+01 0.0000000000e+00 0.0000000000e+00 0.0000000000e+00 4.0782913955e+00
1226.00000000 4.4555320044e+01 1.1993086915e-02 0.0000000000e+00 1.1993086915e-02 4.4555324483e+01 0.0000000000e+00 0.0000000000e+00 0.0000000000e+00 4.0786069848e+00
1226.50000000 4.4675018223e+01 1.2037386759e-02 0.0000000000e+00 1.2037386759e-02 4.4675022678e+01 0.0000000000e+00 0.0000000000e+00 0.0000000000e+00 4.0789217627e+00
1227.00000000 4.4795652348e+01 1.2082032994e-02 0.0000000000e+00 1.2082032994e-02 4.4795656820e+01 0.0000000000e+00 0.0000000000e+00 0.0000000000e+00 4.0792357325e+00
1227.50000000 4.4917233400e+01 1.2127029682e-02 0.0000000000e+00 1.2127029682e-02 4.4917237888e+01 0.0000000000e+00 0.0000000000e+00 0.0000000000e+00 4.0795488971e+00
1228.00000000 4.5039772530e+01 1.2172380952e-02 0.0000000000e+00 1.2172380952e-02 4.5039777035e+01 0.0000000000e+00 0.0000000000e+00 0.0000000000e+00 4.0798612595e+00
1228.50000000 4.5163281065e+01 1.2218090994e-02 0.0000000000e+00 1.2218090994e-02 4.5163285586e+01 0.0000000000e+00 0.0000000000e+00 0.0000000000e+00 4.0801728227e+00
1229.00000000 4.5287770511e+01 1.2264164068e-02 0.0000000000e+00 1.2264164068e-02 4.5287775050e+01 0.0000000000e+00 0.0000000000e+00 0.0000000000e+00 4.0804835897e+00
1229.50000000 4.5413252558e+01 1.2310604500e-02 0.0000000000e+00 1.2310604500e-02 4.5413257114e+01 0.0000000000e+00 0.0000000000e+00 0.0000000000e+00 4.0807935635e+00
1230.00000000 4.5539739081e+01 1.2357416685e-02 0.0000000000e+00 1.2357416685e-02 4.5539743654e+01 0.0000000000e+00 0.0000000000e+00 0.0000000000e+00 4.0811027471e+00
1230.50000000 4.5667242145e+01 1.2404605087e-02 0.0000000000e+00 1.2404605087e-02 4.5667246736e+01 0.0000000000e+00 0.0000000000e+00 0.0000000000e+00 4.0814111434e+00
1231.00000000 4.5795774009e+01 1.2452174245e-02 0.0000000000e+00 1.2452174245e-02 4.5795778618e+01 0.0000000000e+00 0.0000000000e+00 0.0000000000e+00 4.0817187552e+00
1231.50000000 4.5925347132e+01 1.2500128769e-02 0.0000000000e+00 1.2500128769e-02 4.5925351758e+01 0.0000000000e+00 0.0000000000e+00 0.0000000000e+00 4.0820255856e+00
1232.00000000 4.6055974170e+01 1.2548473342e-02 0.0000000000e+00 1.2548473342e-02 4.6055978814e+01 0.0000000000e+00 0.0000000000e+00 0.0000000000e+00 4.0823316374e+00
1232.50000000 4.6187667988e+01 1.2597212728e-02 0.0000000000e+00 1.2597212728e-02 4.6187672651e+01 0.0000000000e+00 0.0000000000e+00 0.0000000000e+00 4.0826369135e+00
1233.00000000 4.6320441662e+01 1.2646351763e-02 0.0000000000e+00 1.2646351763e-02 4.6320446343e+01 0.0000000000e+00 0.0000000000e+00 0.0000000000e+00 4.0829414167e+00
1233.50000000 4.6454308480e+01 1.2695895367e-02 0.0000000000e+00 1.2695895367e-02 4.6454313179e+01 0.0000000000e+00 0.0000000000e+00 0.0000000000e+00 4.0832451500e+00
1234.00000000 4.6589281949e+01 1.2745848538e-02 0.0000000000e+00 1.2745848538e-02 4.6589286666e+01 0.0000000000e+00 0.0000000000e+00 0.0000000000e+00 4.0835481162e+00
1234.50000000 4.6725375800e+01 1.2796216359e-02 0.0000000000e+00 1.2796216359e-02 4.6725380536e+01 0.0000000000e+00 0.0000000000e+00 0.0000000000e+00 4.0838503181e+00
1235.00000000 4.6862603992e+01 1.2847003995e-02 0.0000000000e+00 1.2847003995e-02 4.6862608747e+01 0.0000000000e+00 0.0000000000e+00 0.0000000000e+00 4.0841517585e+00
1235.50000000 4.7000980717e+01 1.2898216698e-02 0.0000000000e+00 1.2898216698e-02 4.7000985490e+01 0.0000000000e+00 0.0000000000e+00 0.0000000000e+00 4.0844524402e+00
1236.00000000 4.7140520402e+01 1.2949859809e-02 0.0000000000e+00 1.2949859809e-02 4.7140525195e+01 0.0000000000e+00 0.0000000000e+00 0.0000000000e+00 4.0847523660e+00
1236.50000000 4.7281237719e+01 1.3001938757e-02 0.0000000000e+00 1.3001938757e-02 4.7281242531e+01 0.0000000000e+00 0.0000000000e+00 0.0000000000e+00 4.0850515387e+00
1237.00000000 4.7423147587e+01 1.3054459063e-02 0.0000000000e+00 1.3054459063e-02 4.7423152418e+01 0.0000000000e+00 0.0000000000e+00 0.0000000000e+00 4.0853499610e+00
1237.50000000 4.7566265177e+01 1.3107426343e-02 0.0000000000e+00 1.3107426343e-02 4.7566270028e+01 0.0000000000e+00 0.0000000000e+00 0.0000000000e+00 4.0856476357e+00
1238.00000000 4.7710605919e+01 1.3160846306e-02 0.0000000000e+00 1.3160846306e-02 4.7710610790e+01 0.0000000000e+00 0.0000000000e+00 0.0000000000e+00 4.0859445655e+00
1238.50000000 4.7856185506e+01 1.3214724762e-02 0.0000000000e+00 1.3214724762e-02 4.7856190397e+01 0.0000000000e+00 0.0000000000e+00 0.0000000000e+00 4.0862407531e+00
1239.00000000 4.8003019901e+01 1.3269067618e-02 0.0000000000e+00 1.3269067618e-02 4.8003024812e+01 0.0000000000e+00 0.0000000000e+00 0.0000000000e+00 4.0865362013e+00
1239.50000000 4.8151125342e+01 1.3323880882e-02 0.0000000000e+00 1.3323880882e-02 4.8151130273e+01 0.0000000000e+00 0.0000000000e+00 0.0000000000e+00 4.0868309127e+00
1240.00000000 4.8300518348e+01 1.3379170669e-02 0.0000000000e+00 1.3379170669e-02 4.8300523299e+01 0.0000000000e+00 0.0000000000e+00 0.0000000000e+00 4.0871248900e+00
1240.50000000 4.8451215724e+01 1.3434943199e-02 0.0000000000e+00 1.3434943199e-02 4.8451220696e+01 0.0000000000e+00 0.0000000000e+00 0.0000000000e+00 4.0874181359e+00
1241.00000000 4.8603234570e+01 1.3491204800e-02 0.0000000000e+00 1.3491204800e-02 4.8603239563e+01 0.0000000000e+00 0.0000000000e+00 0.0000000000e+00 4.0877106530e+00
1241.50000000 4.8756592285e+01 1.3547961912e-02 0.0000000000e+00 1.3547961912e-02 4.8756597299e+01 0.0000000000e+00 0.0000000000e+00 0.0000000000e+00 4.0880024441e+00
1242.00000000 4.8911306575e+01 1.3605221087e-02 0.0000000000e+00 1.3605221087e-02 4.8911311610e+01 0.0000000000e+00 0.0000000000e+00 0.0000000000e+00 4.0882935116e+00
1242.50000000 4.9067395459e+01 1.3662988993e-02 0.0000000000e+00 1.3662988993e-02 4.9067400515e+01 0.0000000000e+00 0.0000000000e+00 0.0000000000e+00 4.0885838583e+00
1243.00000000 4.9224877276e+01 1.3721272419e-02 0.0000000000e+00 1.3721272419e-02 4.9224882354e+01 0.0000000000e+00 0.0000000000e+00 0.0000000000e+00 4.0888734866e+00
1243.50000000 4.9383770691e+01 1.3780078273e-02 0.0000000000e+00 1.3780078273e-02 4.9383775791e+01 0.0000000000e+00 0.0000000000e+00 0.0000000000e+00 4.0891623993e+00
1244.00000000 4.9544094708e+01 1.3839413586e-02 0.0000000000e+00 1.3839413586e-02 4.9544099830e+01 0.0000000000e+00 0.0000000000e+00 0.0000000000e+00 4.0894505989e+00
1244.50000000 4.9705868667e+01 1.3899285517e-02 0.0000000000e+00 1.3899285517e-02 4.9705873811e+01 0.0000000000e+00 0.0000000000e+00 0.0000000000e+00 4.0897380880e+00
1245.00000000 4.9869112262e+01 1.3959701356e-02 0.0000000000e+00 1.3959701356e-02 4.9869117429e+01 0.0000000000e+00 0.0000000000e+00 0.0000000000e+00 4.0900248691e+00
1245.50000000 5.0033845544e+01 1.4020668522e-02 0.0000000000e+00 1.4020668522e-02 5.0033850733e+01 0.0000000000e+00 0.0000000000e+00 0.0000000000e+00 4.0903109448e+00
1246.00000000 5.0200088930e+01 1.4082194571e-02 0.0000000000e+00 1.4082194571e-02 5.0200094142e+01 0.0000000000e+00 0.0000000000e+00 0.0000000000e+00 4.0905963175e+00
1246.50000000 5.0367863210e+01 1.4144287199e-02 0.0000000000e+00 1.4144287199e-02 5.0367868445e+01 0.0000000000e+00 0.0000000000e+00 0.0000000000e+00 4.0908809899e+00
1247.00000000 5.0537189558e+01 1.4206954241e-02 0.0000000000e+00 1.4206954241e-02 5.0537194816e+01 0.0000000000e+00 0.0000000000e+00 0.0000000000e+00 4.0911649644e+00
1247.50000000 5.0708089540e+01 1.4270203679e-02 0.0000000000e+00 1.4270203679e-02 5.0708094821e+01 0.0000000000e+00 0.0000000000e+00 0.0000000000e+00 4.0914482435e+00
1248.00000000 5.0880585122e+01 1.4334043643e-02 0.0000000000e+00 1.4334043643e-02 5.0880590427e+01 0.0000000000e+00 0.0000000000e+00 0.0000000000e+00 4.0917308297e+00
1248.50000000 5.1054698682e+01 1.4398482414e-02 0.0000000000e+00 1.4398482414e-02 5.1054704011e+01 0.0000000000e+00 0.0000000000e+00 0.0000000000e+00 4.0920127255e+00
1249.00000000 5.1230453014e+01 1.4463528429e-02 0.0000000000e+00 1.4463528429e-02 5.1230458367e+01 0.0000000000e+00 0.0000000000e+00 0.0000000000e+00 4.0922939332e+00
1249.50000000 5.1407871347e+01 1.4529190284e-02 0.0000000000e+00 1.4529190284e-02 5.1407876724e+01 0.0000000000e+00 0.0000000000e+00 0.0000000000e+00 4.0925744555e+00
1250.00000000 5.1586977344e+01 1.4595476738e-02 0.0000000000e+00 1.4595476738e-02 5.1586982746e+01 0.0000000000e+00 0.0000000000e+00 0.0000000000e+00 4.0928542947e+00
1250.50000000 5.1767795124e+01 1.4662396715e-02 0.0000000000e+00 1.4662396715e-02 5.1767800550e+01 0.0000000000e+00 0.0000000000e+00 0.0000000000e+00 4.0931334532e+00
1251.00000000 5.1950349262e+01 1.4729959313e-02 0.0000000000e+00 1.4729959313e-02 5.1950354714e+01 0.0000000000e+00 0.0000000000e+00 0.0000000000e+00 4.0934119335e+00
1251.50000000 5.2134664809e+01 1.4798173801e-02 0.0000000000e+00 1.4798173801e-02 5.2134670286e+01 0.0000000000e+00 0.0000000000e+00 0.0000000000e+00 4.0936897379e+00
1252.00000000 5.2320767297e+01 1.4867049629e-02 0.0000000000e+00 1.4867049629e-02 5.2320772799e+01 0.0000000000e+00 0.0000000000e+00 0.0000000000e+00 4.0939668689e+00
1252.50000000 5.2508682753e+01 1.4936596430e-02 0.0000000000e+00 1.4936596430e-02 5.2508688281e+01 0.0000000000e+00 0.0000000000e+00 0.0000000000e+00 4.0942433288e+00
1253.00000000 5.2698437714e+01 1.5006824025e-02 0.0000000000e+00 1.5006824025e-02 5.2698443268e+01 0.0000000000e+00 0.0000000000e+00 0.0000000000e+00 4.0945191200e+00
1253.50000000 5.2890059234e+01 1.5077742426e-02 0.0000000000e+00 1.5077742426e-02 5.2890064814e+01 0.0000000000e+00 0.0000000000e+00 0.0000000000e+00 4.0947942448e+00
1254.00000000 5.3083574899e+01 1.5149361843e-02 0.0000000000e+00 1.5149361843e-02 5.3083580506e+01 0.0000000000e+00 0.0000000000e+00 0.0000000000e+00 4.0950687057e+00
1254.50000000 5.3279012842e+01 1.5221692688e-02 0.0000000000e+00 1.5221692688e-02 5.3279018476e+01 0.0000000000e+00 0.0000000000e+00 0.0000000000e+00 4.0953425049e+00
1255.00000000 5.3476401755e+01 1.5294745580e-02 0.0000000000e+00 1.5294745580e-02 5.3476407416e+01 0.0000000000e+00 0.0000000000e+00 0.0000000000e+00 4.0956156447e+00
1255.50000000 5.3675770902e+01 1.5368531348e-02 0.0000000000e+00 1.5368531348e-02 5.3675776590e+01 0.0000000000e+00 0.0000000000e+00 0.0000000000e+00 4.0958881275e+00
1256.00000000 5.3877150135e+01 1.5443061042e-02 0.0000000000e+00 1.5443061042e-02 5.3877155850e+01 0.0000000000e+00 0.0000000000e+00 0.0000000000e+00 4.0961599555e+00
1256.50000000 5.4080569907e+01 1.5518345932e-02 0.0000000000e+00 1.5518345932e-02 5.4080575650e+01 0.0000000000e+00 0.0000000000e+00 0.0000000000e+00 4.0964311312e+00
1257.00000000 5.4286061290e+01 1.5594397517e-02 0.0000000000e+00 1.5594397517e-02 5.4286067061e+01 0.0000000000e+00 0.0000000000e+00 0.0000000000e+00 4.0967016567e+00
1257.50000000 5.4493655987e+01 1.5671227531e-02 0.0000000000e+00 1.5671227531e-02 5.4493661787e+01 0.0000000000e+00 0.0000000000e+00 0.0000000000e+00 4.0969715343e+00
1258.00000000 5.4703386351e+01 1.5748847947e-02 0.0000000000e+00 1.5748847947e-02 5.4703392180e+01 0.0000000000e+00 0.0000000000e+00 0.0000000000e+00 4.0972407662e+00
1258.50000000 5.4915285402e+01 1.5827270986e-02 0.0000000000e+00 1.5827270986e-02 5.4915291260e+01 0.0000000000e+00 0.0000000000e+00 0.0000000000e+00 4.0975093548e+00
1259.00000000 5.5129386842e+01 1.5906509120e-02 0.0000000000e+00 1.5906509120e-02 5.5129392729e+01 0.0000000000e+00 0.0000000000e+00 0.0000000000e+00 4.0977773023e+00
1259.50000000 5.5345725072e+01 1.5986575083e-02 0.0000000000e+00 1.5986575083e-02 5.5345730989e+01 0.0000000000e+00 0.0000000000e+00 0.0000000000e+00 4.0980446109e+00
1260.00000000 5.5564335216e+01 1.6067481872e-02 0.0000000000e+00 1.6067481872e-02 5.5564341162e+01 0.0000000000e+00 0.0000000000e+00 0.0000000000e+00 4.0983112828e+00
1260.50000000 5.5785253132e+01 1.6149242758e-02 0.0000000000e+00 1.6149242758e-02 5.5785259108e+01 0.0000000000e+00 0.0000000000e+00 0.0000000000e+00 4.0985773202e+00
1261.00000000 5.6008515437e+01 1.6231871295e-02 0.0000000000e+00 1.6231871295e-02 5.6008521444e+01 0.0000000000e+00 0.0000000000e+00 0.0000000000e+00 4.0988427254e+00
1261.50000000 5.6234159525e+01 1.6315381320e-02 0.0000000000e+00 1.6315381320e-02 5.6234165563e+01 0.0000000000e+00 0.0000000000e+00 0.0000000000e+00 4.0991075004e+00
1262.00000000 5.6462223589e+01 1.6399786969e-02 0.0000000000e+00 1.6399786969e-02 5.6462229658e+01 0.0000000000e+00 0.0000000000e+00 0.0000000000e+00 4.0993716476e+00
1262.50000000 5.6692746640e+01 1.6485102680e-02 0.0000000000e+00 1.6485102680e-02 5.6692752741e+01 0.0000000000e+00 0.0000000000e+00 0.0000000000e+00 4.0996351690e+00
1263.00000000 5.6925768531e+01 1.6571343202e-02 0.0000000000e+00 1.6571343202e-02 5.6925774664e+01 0.0000000000e+00 0.0000000000e+00 0.0000000000e+00 4.0998980668e+00
1263.50000000 5.7161329979e+01 1.6658523605e-02 0.0000000000e+00 1.6658523605e-02 5.7161336145e+01 0.0000000000e+00 0.0000000000e+00 0.0000000000e+00 4.1001603432e+00
1264.00000000 5.7399472590e+01 1.6746659286e-02 0.0000000000e+00 1.6746659286e-02 5.7399478788e+01 0.0000000000e+00 0.0000000000e+00 0.0000000000e+00 4.1004220004e+00
1264.50000000 5.7640238881e+01 1.6835765981e-02 0.0000000000e+00 1.6835765981e-02 5.7640245112e+01 0.0000000000e+00 0.0000000000e+00 0.0000000000e+00 4.1006830403e+00
1265.00000000 5.7883672304e+01 1.6925859773e-02 0.0000000000e+00 1.6925859773e-02 5.7883678569e+01 0.0000000000e+00 0.0000000000e+00 0.0000000000e+00 4.1009434652e+00
1265.50000000 5.8129817279e+01 1.7016957098e-02 0.0000000000e+00 1.7016957098e-02 5.8129823577e+01 0.0000000000e+00 0.0000000000e+00 0.0000000000e+00 4.1012032772e+00
1266.00000000 5.8378719210e+01 1.7109074764e-02 0.0000000000e+00 1.7109074764e-02 5.8378725542e+01 0.0000000000e+00 0.0000000000e+00 0.0000000000e+00 4.1014624784e+00
1266.50000000 5.8630424523e+01 1.7202229950e-02 0.0000000000e+00 1.7202229950e-02 5.8630430889e+01 0.0000000000e+00 0.0000000000e+00 0.0000000000e+00 4.1017210708e+00
1267.00000000 5.8884980687e+01 1.7296440225e-02 0.0000000000e+00 1.7296440225e-02 5.8884987089e+01 0.0000000000e+00 0.0000000000e+00 0.0000000000e+00 4.1019790565e+00
1267.50000000 5.9142436249e+01 1.7391723557e-02 0.0000000000e+00 1.7391723557e-02 5.9142442685e+01 0.0000000000e+00 0.0000000000e+00 0.0000000000e+00 4.1022364377e+00
1268.00000000 5.9402840860e+01 1.7488098320e-02 0.0000000000e+00 1.7488098320e-02 5.9402847332e+01 0.0000000000e+00 0.0000000000e+00 0.0000000000e+00 4.1024932164e+00
1268.50000000 5.9666245309e+01 1.7585583313e-02 0.0000000000e+00 1.7585583313e-02 5.9666251818e+01 0.0000000000e+00 0.0000000000e+00 0.0000000000e+00 4.1027493945e+00
1269.00000000 5.9932701558e+01 1.7684197764e-02 0.0000000000e+00 1.7684197764e-02 5.9932708102e+01 0.0000000000e+00 0.0000000000e+00 0.0000000000e+00 4.1030049743e+00
1269.50000000 6.0202262769e+01 1.7783961351e-02 0.0000000000e+00 1.7783961351e-02 6.0202269351e+01 0.0000000000e+00 0.0000000000e+00 0.0000000000e+00 4.1032599577e+00
1270.00000000 6.0474983347e+01 1.7884894207e-02 0.0000000000e+00 1.7884894207e-02 6.0474989966e+01 0.0000000000e+00 0.0000000000e+00 0.0000000000e+00 4.1035143466e+00
1270.50000000 6.0750918971e+01 1.7987016940e-02 0.0000000000e+00 1.7987016940e-02 6.0750925628e+01 0.0000000000e+00 0.0000000000e+00 0.0000000000e+00 4.1037681433e+00
1271.00000000 6.1030126633e+01 1.8090350642e-02 0.0000000000e+00 1.8090350642e-02 6.1030133329e+01 0.0000000000e+00 0.0000000000e+00 0.0000000000e+00 4.1040213496e+00
1271.50000000 6.1312664678e+01 1.8194916906e-02 0.0000000000e+00 1.8194916906e-02 6.1312671411e+01 0.0000000000e+00 0.0000000000e+00 0.0000000000e+00 4.1042739676e+00
1272.00000000 6.1598592840e+01 1.8300737839e-02 0.0000000000e+00 1.8300737839e-02 6.1598599613e+01 0.0000000000e+00 0.0000000000e+00 0.0000000000e+00 4.1045259992e+00
1272.50000000 6.1887972290e+01 1.8407836081e-02 0.0000000000e+00 1.8407836081e-02 6.1887979103e+01 0.0000000000e+00 0.0000000000e+00 0.0000000000e+00 4.1047774464e+00
1273.00000000 6.2180865675e+01 1.8516234817e-02 0.0000000000e+00 1.8516234817e-02 6.2180872528e+01 0.0000000000e+00 0.0000000000e+00 0.0000000000e+00 4.1050283113e+00
1273.50000000 6.2477337164e+01 1.8625957796e-02 0.0000000000e+00 1.8625957796e-02 6.2477344057e+01 0.0000000000e+00 0.0000000000e+00 0.0000000000e+00 4.1052785957e+00
1274.00000000 6.2777452492e+01 1.8737029346e-02 0.0000000000e+00 1.8737029346e-02 6.2777459426e+01 0.0000000000e+00 0.0000000000e+00 0.0000000000e+00 4.1055283016e+00
1274.50000000 6.3081279013e+01 1.8849474394e-02 0.0000000000e+00 1.8849474394e-02 6.3081285989e+01 0.0000000000e+00 0.0000000000e+00 0.0000000000e+00 4.1057774310e+00
1275.00000000 6.3388885744e+01 1.8963318485e-02 0.0000000000e+00 1.8963318485e-02 6.3388892762e+01 0.0000000000e+00 0.0000000000e+00 0.0000000000e+00 4.1060259857e+00
1275.50000000 6.3700343423e+01 1.9078587796e-02 0.0000000000e+00 1.9078587796e-02 6.3700350483e+01 0.0000000000e+00 0.0000000000e+00 0.0000000000e+00 4.1062739679e+00
1276.00000000 6.4015724555e+01 1.9195309162e-02 0.0000000000e+00 1.9195309162e-02 6.4015731659e+01 0.0000000000e+00 0.0000000000e+00 0.0000000000e+00 4.1065213792e+00
1276.50000000 6.4335103477e+01 1.9313510095e-02 0.0000000000e+00 1.9313510095e-02 6.4335110624e+01 0.0000000000e+00 0.0000000000e+00 0.0000000000e+00 4.1067682217e+00
1277.00000000 6.4658556405e+01 1.9433218803e-02 0.0000000000e+00 1.9433218803e-02 6.4658563597e+01 0.0000000000e+00 0.0000000000e+00 0.0000000000e+00 4.1070144973e+00
1277.50000000 6.4986161504e+01 1.9554464214e-02 0.0000000000e+00 1.9554464214e-02 6.4986168741e+01 0.0000000000e+00 0.0000000000e+00 0.0000000000e+00 4.1072602078e+00
1278.00000000 6.5317998944e+01 1.9677275997e-02 0.0000000000e+00 1.9677275997e-02 6.5318006226e+01 0.0000000000e+00 0.0000000000e+00 0.0000000000e+00 4.1075053552e+00
1278.50000000 6.5654150966e+01 1.9801684592e-02 0.0000000000e+00 1.9801684592e-02 6.5654158294e+01 0.0000000000e+00 0.0000000000e+00 0.0000000000e+00 4.1077499413e+00
1279.00000000 6.5994701950e+01 1.9927721225e-02 0.0000000000e+00 1.9927721225e-02 6.5994709325e+01 0.0000000000e+00 0.0000000000e+00 0.0000000000e+00 4.1079939680e+00
1279.50000000 6.6339738484e+01 2.0055417944e-02 0.0000000000e+00 2.0055417944e-02 6.6339745906e+01 0.0000000000e+00 0.0000000000e+00 0.0000000000e+00 4.1082374372e+00
1280.00000000 6.6689349438e+01 2.0184807638e-02 0.0000000000e+00 2.0184807638e-02 6.6689356908e+01 0.0000000000e+00 0.0000000000e+00 0.0000000000e+00 4.1084803506e+00
1280.50000000 6.7043626036e+01 2.0315924070e-02 0.0000000000e+00 2.0315924070e-02 6.7043633555e+01 0.0000000000e+00 0.0000000000e+00 0.0000000000e+00 4.1087227102e+00
1281.00000000 6.7402661938e+01 2.0448801902e-02 0.0000000000e+00 2.0448801902e-02 6.7402669506e+01 0.0000000000e+00 0.0000000000e+00 0.0000000000e+00 4.1089645178e+00
1281.50000000 6.7766553321e+01 2.0583476729e-02 0.0000000000e+00 2.0583476729e-02 6.7766560939e+01 0.0000000000e+00 0.0000000000e+00 0.0000000000e+00 4.1092057752e+00
1282.00000000 6.8135398959e+01 2.0719985108e-02 0.0000000000e+00 2.0719985108e-02 6.8135406628e+01 0.0000000000e+00 0.0000000000e+00 0.0000000000e+00 4.1094464842e+00
1282.50000000 6.8509300320e+01 2.0858364590e-02 0.0000000000e+00 2.0858364590e-02 6.8509308039e+01 0.0000000000e+00 0.0000000000e+00 0.0000000000e+00 4.1096866467e+00
1283.00000000 6.8888361648e+01 2.0998653756e-02 0.0000000000e+00 2.0998653756e-02 6.8888369420e+01 0.0000000000e+00 0.0000000000e+00 0.0000000000e+00 4.1099262644e+00
1283.50000000 6.9272690067e+01 2.1140892253e-02 0.0000000000e+00 2.1140892253e-02 6.9272697891e+01 0.0000000000e+00 0.0000000000e+00 0.0000000000e+00 4.1101653391e+00
1284.00000000 6.9662395675e+01 2.1285120828e-02 0.0000000000e+00 2.1285120828e-02 6.9662403552e+01 0.0000000000e+00 0.0000000000e+00 0.0000000000e+00 4.1104038728e+00
1284.50000000 7.0057591650e+01 2.1431381366e-02 0.0000000000e+00 2.1431381366e-02 7.0057599582e+01 0.0000000000e+00 0.0000000000e+00 0.0000000000e+00 4.1106418670e+00
1285.00000000 7.0458394359e+01 2.1579716936e-02 0.0000000000e+00 2.1579716936e-02 7.0458402345e+01 0.0000000000e+00 0.0000000000e+00 0.0000000000e+00 4.1108793236e+00
1285.50000000 7.0864923467e+01 2.1730171824e-02 0.0000000000e+00 2.1730171824e-02 7.0864931509e+01 0.0000000000e+00 0.0000000000e+00 0.0000000000e+00 4.1111162444e+00
1286.00000000 7.1277302058e+01 2.1882791584e-02 0.0000000000e+00 2.1882791584e-02 7.1277310157e+01 0.0000000000e+00 0.0000000000e+00 0.0000000000e+00 4.1113526311e+00
1286.50000000 7.1695656758e+01 2.2037623079e-02 0.0000000000e+00 2.2037623079e-02 7.1695664914e+01 0.0000000000e+00 0.0000000000e+00 0.0000000000e+00 4.1115884854e+00
1287.00000000 7.2120117858e+01 2.2194714530e-02 0.0000000000e+00 2.2194714530e-02 7.2120126072e+01 0.0000000000e+00 0.0000000000e+00 0.0000000000e+00 4.1118238092e+00
1287.50000000 7.2550819450e+01 2.2354115563e-02 0.0000000000e+00 2.2354115563e-02 7.2550827724e+01 0.0000000000e+00 0.0000000000e+00 0.0000000000e+00 4.1120586041e+00
1288.00000000 7.2987899570e+01 2.2515877265e-02 0.0000000000e+00 2.2515877265e-02 7.2987907903e+01 0.0000000000e+00 0.0000000000e+00 0.0000000000e+00 4.1122928719e+00
1288.50000000 7.3431500335e+01 2.2680052234e-02 0.0000000000e+00 2.2680052234e-02 7.3431508729e+01 0.0000000000e+00 0.0000000000e+00 0.0000000000e+00 4.1125266142e+00
1289.00000000 7.3881768103e+01 2.2846694635e-02 0.0000000000e+00 2.2846694635e-02 7.3881776558e+01 0.0000000000e+00 0.0000000000e+00 0.0000000000e+00 4.1127598329e+00
1289.50000000 7.4338853624e+01 2.3015860261e-02 0.0000000000e+00 2.3015860261e-02 7.4338862143e+01 0.0000000000e+00 0.0000000000e+00 0.0000000000e+00 4.1129925296e+00
1290.00000000 7.4802912213e+01 2.3187606593e-02 0.0000000000e+00 2.3187606593e-02 7.4802920794e+01 0.0000000000e+00 0.0000000000e+00 0.0000000000e+00 4.1132247060e+00
1290.50000000 7.5274103915e+01 2.3361992863e-02 0.0000000000e+00 2.3361992863e-02 7.5274112561e+01 0.0000000000e+00 0.0000000000e+00 0.0000000000e+00 4.1134563638e+00
1291.00000000 7.5752593694e+01 2.3539080124e-02 0.0000000000e+00 2.3539080124e-02 7.5752602406e+01 0.0000000000e+00 0.0000000000e+00 0.0000000000e+00 4.1136875047e+00
1291.50000000 7.6238551617e+01 2.3718931317e-02 0.0000000000e+00 2.3718931317e-02 7.6238560395e+01 0.0000000000e+00 0.0000000000e+00 0.0000000000e+00 4.1139181303e+00
1292.00000000 7.6732153053e+01 2.3901611345e-02 0.0000000000e+00 2.3901611345e-02 7.6732161898e+01 0.0000000000e+00 0.0000000000e+00 0.0000000000e+00 4.1141482424e+00
1292.50000000 7.7233578882e+01 2.4087187151e-02 0.0000000000e+00 2.4087187151e-02 7.7233587796e+01 0.0000000000e+00 0.0000000000e+00 0.0000000000e+00 4.1143778425e+00
1293.00000000 7.7743015711e+01 2.4275727799e-02 0.0000000000e+00 2.4275727799e-02 7.7743024695e+01 0.0000000000e+00 0.0000000000e+00 0.0000000000e+00 4.1146069324e+00
1293.50000000 7.8260656101e+01 2.4467304553e-02 0.0000000000e+00 2.4467304553e-02 7.8260665156e+01 0.0000000000e+00 0.0000000000e+00 0.0000000000e+00 4.1148355137e+00
1294.00000000 7.8786698807e+01 2.4661990973e-02 0.0000000000e+00 2.4661990973e-02 7.8786707934e+01 0.0000000000e+00 0.0000000000e+00 0.0000000000e+00 4.1150635880e+00
1294.50000000 7.9321349025e+01 2.4859863000e-02 0.0000000000e+00 2.4859863000e-02 7.9321358226e+01 0.0000000000e+00 0.0000000000e+00 0.0000000000e+00 4.1152911570e+00
1295.00000000 7.9864818657e+01 2.5060999059e-02 0.0000000000e+00 2.5060999059e-02 7.9864827932e+01 0.0000000000e+00 0.0000000000e+00 0.0000000000e+00 4.1155182223e+00
1295.50000000 8.0417326583e+01 2.5265480157e-02 0.0000000000e+00 2.5265480157e-02 8.0417335934e+01 0.0000000000e+00 0.0000000000e+00 0.0000000000e+00 4.1157447855e+00
1296.00000000 8.0979098951e+01 2.5473389990e-02 0.0000000000e+00 2.5473389990e-02 8.0979108379e+01 0.0000000000e+00 0.0000000000e+00 0.0000000000e+00 4.1159708482e+00
1296.50000000 8.1550369478e+01 2.5684815055e-02 0.0000000000e+00 2.5684815055e-02 8.1550378984e+01 0.0000000000e+00 0.0000000000e+00 0.0000000000e+00 4.1161964120e+00
1297.00000000 8.2131379769e+01 2.5899844771e-02 0.0000000000e+00 2.5899844771e-02 8.2131389354e+01 0.0000000000e+00 0.0000000000e+00 0.0000000000e+00 4.1164214786e+00
1297.50000000 8.2722379650e+01 2.6118571596e-02 0.0000000000e+00 2.6118571596e-02 8.2722389317e+01 0.0000000000e+00 0.0000000000e+00 0.0000000000e+00 4.1166460495e+00
1298.00000000 8.3323627521e+01 2.6341091163e-02 0.0000000000e+00 2.6341091163e-02 8.3323637270e+01 0.0000000000e+00 0.0000000000e+00 0.0000000000e+00 4.1168701264e+00
1298.50000000 8.3935390721e+01 2.6567502414e-02 0.0000000000e+00 2.6567502414e-02 8.3935400554e+01 0.0000000000e+00 0.0000000000e+00 0.0000000000e+00 4.1170937107e+00
1299.00000000 8.4557945917e+01 2.6797907742e-02 0.0000000000e+00 2.6797907742e-02 8.4557955835e+01 0.0000000000e+00 0.0000000000e+00 0.0000000000e+00 4.1173168040e+00
1299.50000000 8.5191579515e+01 2.7032413144e-02 0.0000000000e+00 2.7032413144e-02 8.5191589519e+01 0.0000000000e+00 0.0000000000e+00 0.0000000000e+00 4.1175394080e+00
1300.00000000 8.5836588084e+01 2.7271128381e-02 0.0000000000e+00 2.7271128381e-02 8.5836598177e+01 0.0000000000e+00 0.0000000000e+00 0.0000000000e+00 4.1177615242e+00
1300.50000000 8.6493278815e+01 2.7514167141e-02 0.0000000000e+00 2.7514167141e-02 8.6493288998e+01 0.0000000000e+00 0.0000000000e+00 0.0000000000e+00 4.1179831541e+00
1301.00000000 8.7161969992e+01 2.7761647222e-02 0.0000000000e+00 2.7761647222e-02 8.7161980266e+01 0.0000000000e+00 0.0000000000e+00 0.0000000000e+00 4.1182042993e+00
1301.50000000 8.7842991496e+01 2.8013690710e-02 0.0000000000e+00 2.8013690710e-02 8.7843001864e+01 0.0000000000e+00 0.0000000000e+00 0.0000000000e+00 4.1184249613e+00
1302.00000000 8.8536685336e+01 2.8270424181e-02 0.0000000000e+00 2.8270424181e-02 8.8536695799e+01 0.0000000000e+00 0.0000000000e+00 0.0000000000e+00 4.1186451417e+00
1302.50000000 8.9243406207e+01 2.8531978908e-02 0.0000000000e+00 2.8531978908e-02 8.9243416767e+01 0.0000000000e+00 0.0000000000e+00 0.0000000000e+00 4.1188648420e+00
1303.00000000 8.9963522077e+01 2.8798491073e-02 0.0000000000e+00 2.8798491073e-02 8.9963532735e+01 0.0000000000e+00 0.0000000000e+00 0.0000000000e+00 4.1190840636e+00
1303.50000000 9.0697414814e+01 2.9070102004e-02 0.0000000000e+00 2.9070102004e-02 9.0697425572e+01 0.0000000000e+00 0.0000000000e+00 0.0000000000e+00 4.1193028082e+00
1304.00000000 9.1445480839e+01 2.9346958416e-02 0.0000000000e+00 2.9346958416e-02 9.1445491700e+01 0.0000000000e+00 0.0000000000e+00 0.0000000000e+00 4.1195210772e+00
1304.50000000 9.2208131826e+01 2.9629212667e-02 0.0000000000e+00 2.9629212667e-02 9.2208142791e+01 0.0000000000e+00 0.0000000000e+00 0.0000000000e+00 4.1197388722e+00
1305.00000000 9.2985795432e+01 2.9917023032e-02 0.0000000000e+00 2.9917023032e-02 9.2985806504e+01 0.0000000000e+00 0.0000000000e+00 0.0000000000e+00 4.1199561945e+00
1305.50000000 9.3778916078e+01 3.0210553989e-02 0.0000000000e+00 3.0210553989e-02 9.3778927259e+01 0.0000000000e+00 0.0000000000e+00 0.0000000000e+00 4.1201730458e+00
1306.00000000 9.4587955771e+01 3.0509976526e-02 0.0000000000e+00 3.0509976526e-02 9.4587967063e+01 0.0000000000e+00 0.0000000000e+00 0.0000000000e+00 4.1203894274e+00
1306.50000000 9.5413394975e+01 3.0815468459e-02 0.0000000000e+00 3.0815468459e-02 9.5413406380e+01 0.0000000000e+00 0.0000000000e+00 0.0000000000e+00 4.1206053410e+00
1307.00000000 9.6255733534e+01 3.1127214780e-02 0.0000000000e+00 3.1127214780e-02 9.6255745054e+01 0.0000000000e+00 0.0000000000e+00 0.0000000000e+00 4.1208207878e+00
1307.50000000 9.7115491652e+01 3.1445408014e-02 0.0000000000e+00 3.1445408014e-02 9.7115503290e+01 0.0000000000e+00 0.0000000000e+00 0.0000000000e+00 4.1210357695e+00
1308.00000000 9.7993210931e+01 3.1770248606e-02 0.0000000000e+00 3.1770248606e-02 9.7993222689e+01 0.0000000000e+00 0.0000000000e+00 0.0000000000e+00 4.1212502874e+00
1308.50000000 9.8889455473e+01 3.2101945327e-02 0.0000000000e+00 3.2101945327e-02 9.8889467353e+01 0.0000000000e+00 0.0000000000e+00 0.0000000000e+00 4.1214643430e+00
1309.00000000 9.9804813047e+01 3.2440715710e-02 0.0000000000e+00 3.2440715710e-02 9.9804825053e+01 0.0000000000e+00 0.0000000000e+00 0.0000000000e+00 4.1216779378e+00
1309.50000000 1.0073989634e+02 3.2786786506e-02 0.0000000000e+00 3.2786786506e-02 1.0073990847e+02 0.0000000000e+00 0.0000000000e+00 0.0000000000e+00 4.1218910732e+00
1310.00000000 1.0169534426e+02 3.3140394175e-02 0.0000000000e+00 3.3140394175e-02 1.0169535652e+02 0.0000000000e+00 0.0000000000e+00 0.0000000000e+00 4.1221037506e+00
1310.50000000 1.0267182337e+02 3.3501785408e-02 0.0000000000e+00 3.3501785408e-02 1.0267183577e+02 0.0000000000e+00 0.0000000000e+00 0.0000000000e+00 4.1223159715e+00
1311.00000000 1.0367002936e+02 3.3871217676e-02 0.0000000000e+00 3.3871217676e-02 1.0367004189e+02 0.0000000000e+00 0.0000000000e+00 0.0000000000e+00 4.1225277373e+00
1311.50000000 1.0469068864e+02 3.4248959824e-02 0.0000000000e+00 3.4248959824e-02 1.0469070132e+02 0.0000000000e+00 0.0000000000e+00 0.0000000000e+00 4.1227390493e+00
1312.00000000 1.0573456007e+02 3.4635292698e-02 0.0000000000e+00 3.4635292698e-02 1.0573457289e+02 0.0000000000e+00 0.0000000000e+00 0.0000000000e+00 4.1229499091e+00
1312.50000000 1.0680243670e+02 3.5030509810e-02 0.0000000000e+00 3.5030509810e-02 1.0680244967e+02 0.0000000000e+00 0.0000000000e+00 0.0000000000e+00 4.1231603180e+00
1313.00000000 1.0789514780e+02 3.5434918060e-02 0.0000000000e+00 3.5434918060e-02 1.0789516091e+02 0.0000000000e+00 0.0000000000e+00 0.0000000000e+00 4.1233702774e+00
1313.50000000 1.0901356081e+02 3.5848838493e-02 0.0000000000e+00 3.5848838493e-02 1.0901357408e+02 0.0000000000e+00 0.0000000000e+00 0.0000000000e+00 4.1235797887e+00
1314.00000000 1.1015858363e+02 3.6272607118e-02 0.0000000000e+00 3.6272607118e-02 1.1015859706e+02 0.0000000000e+00 0.0000000000e+00 0.0000000000e+00 4.1237888533e+00
1314.50000000 1.1133116694e+02 3.6706575776e-02 0.0000000000e+00 3.6706575776e-02 1.1133118053e+02 0.0000000000e+00 0.0000000000e+00 0.0000000000e+00 4.1239974726e+00
1315.00000000 1.1253230671e+02 3.7151113070e-02 0.0000000000e+00 3.7151113070e-02 1.1253232046e+02 0.0000000000e+00 0.0000000000e+00 0.0000000000e+00 4.1242056479e+00
1315.50000000 1.1376304691e+02 3.7606605369e-02 0.0000000000e+00 3.7606605369e-02 1.1376306082e+02 0.0000000000e+00 0.0000000000e+00 0.0000000000e+00 4.1244133806e+00
1316.00000000 1.1502448236e+02 3.8073457870e-02 0.0000000000e+00 3.8073457870e-02 1.1502449645e+02 0.0000000000e+00 0.0000000000e+00 0.0000000000e+00 4.1246206722e+00
1316.50000000 1.1631776190e+02 3.8552095744e-02 0.0000000000e+00 3.8552095744e-02 1.1631777617e+02 0.0000000000e+00 0.0000000000e+00 0.0000000000e+00 4.1248275238e+00
1317.00000000 1.1764409163e+02 3.9042965369e-02 0.0000000000e+00 3.9042965369e-02 1.1764410608e+02 0.0000000000e+00 0.0000000000e+00 0.0000000000e+00 4.1250339370e+00
1317.50000000 1.1900473850e+02 3.9546535642e-02 0.0000000000e+00 3.9546535642e-02 1.1900475314e+02 0.0000000000e+00 0.0000000000e+00 0.0000000000e+00 4.1252399130e+00
1318.00000000 1.2040103417e+02 4.0063299399e-02 0.0000000000e+00 4.0063299399e-02 1.2040104900e+02 0.0000000000e+00 0.0000000000e+00 0.0000000000e+00 4.1254454532e+00
1318.50000000 1.2183437908e+02 4.0593774937e-02 0.0000000000e+00 4.0593774937e-02 1.2183439410e+02 0.0000000000e+00 0.0000000000e+00 0.0000000000e+00 4.1256505590e+00
1319.00000000 1.2330624687e+02 4.1138507651e-02 0.0000000000e+00 4.1138507651e-02 1.2330626210e+02 0.0000000000e+00 0.0000000000e+00 0.0000000000e+00 4.1258552316e+00
1319.50000000 1.2481818921e+02 4.1698071801e-02 0.0000000000e+00 4.1698071801e-02 1.2481820464e+02 0.0000000000e+00 0.0000000000e+00 0.0000000000e+00 4.1260594724e+00
1320.00000000 1.2637184084e+02 4.2273072408e-02 0.0000000000e+00 4.2273072408e-02 1.2637185649e+02 0.0000000000e+00 0.0000000000e+00 0.0000000000e+00 4.1262632827e+00
1320.50000000 1.2796892522e+02 4.2864147305e-02 0.0000000000e+00 4.2864147305e-02 1.2796894108e+02 0.0000000000e+00 0.0000000000e+00 0.0000000000e+00 4.1264666638e+00
1321.00000000 1.2961126038e+02 4.3471969349e-02 0.0000000000e+00 4.3471969349e-02 1.2961127647e+02 0.0000000000e+00 0.0000000000e+00 0.0000000000e+00 4.1266696170e+00
1321.50000000 1.3130076548e+02 4.4097248810e-02 0.0000000000e+00 4.4097248810e-02 1.3130078180e+02 0.0000000000e+00 0.0000000000e+00 0.0000000000e+00 4.1268721437e+00
1322.00000000 1.3303946774e+02 4.4740735951e-02 0.0000000000e+00 4.4740735951e-02 1.3303948430e+02 0.0000000000e+00 0.0000000000e+00 0.0000000000e+00 4.1270742451e+00
1322.50000000 1.3482950997e+02 4.5403223823e-02 0.0000000000e+00 4.5403223823e-02 1.3482952677e+02 0.0000000000e+00 0.0000000000e+00 0.0000000000e+00 4.1272759226e+00
1323.00000000 1.3667315878e+02 4.6085551288e-02 0.0000000000e+00 4.6085551288e-02 1.3667317583e+02 0.0000000000e+00 0.0000000000e+00 0.0000000000e+00 4.1274771774e+00
1323.50000000 1.3857281340e+02 4.6788606294e-02 0.0000000000e+00 4.6788606294e-02 1.3857283072e+02 0.0000000000e+00 0.0000000000e+00 0.0000000000e+00 4.1276780108e+00
1324.00000000 1.4053101532e+02 4.7513329432e-02 0.0000000000e+00 4.7513329432e-02 1.4053103291e+02 0.0000000000e+00 0.0000000000e+00 0.0000000000e+00 4.1278784241e+00
1324.50000000 1.4255045867e+02 4.8260717791e-02 0.0000000000e+00 4.8260717791e-02 1.4255047653e+02 0.0000000000e+00 0.0000000000e+00 0.0000000000e+00 4.1280784185e+00
1325.00000000 1.4463400156e+02 4.9031829149e-02 0.0000000000e+00 4.9031829149e-02 1.4463401971e+02 0.0000000000e+00 0.0000000000e+00 0.0000000000e+00 4.1282779954e+00
1325.50000000 1.4678467839e+02 4.9827786524e-02 0.0000000000e+00 4.9827786524e-02 1.4678469683e+02 0.0000000000e+00 0.0000000000e+00 0.0000000000e+00 4.1284771560e+00
1326.00000000 1.4900571323e+02 5.0649783134e-02 0.0000000000e+00 5.0649783134e-02 1.4900573197e+02 0.0000000000e+00 0.0000000000e+00 0.0000000000e+00 4.1286759015e+00
1326.50000000 1.5130053441e+02 5.1499087791e-02 0.0000000000e+00 5.1499087791e-02 1.5130055347e+02 0.0000000000e+00 0.0000000000e+00 0.0000000000e+00 4.1288742332e+00
1327.00000000 1.5367279040e+02 5.2377050779e-02 0.0000000000e+00 5.2377050779e-02 1.5367280979e+02 0.0000000000e+00 0.0000000000e+00 0.0000000000e+00 4.1290721524e+00
1327.50000000 1.5612636716e+02 5.3285110273e-02 0.0000000000e+00 5.3285110273e-02 1.5612638688e+02 0.0000000000e+00 0.0000000000e+00 0.0000000000e+00 4.1292696603e+00
1328.00000000 1.5866540698e+02 5.4224799329e-02 0.0000000000e+00 5.4224799329e-02 1.5866542705e+02 0.0000000000e+00 0.0000000000e+00 0.0000000000e+00 4.1294667581e+00
1328.50000000 1.6129432924e+02 5.5197753533e-02 0.0000000000e+00 5.5197753533e-02 1.6129434967e+02 0.0000000000e+00 0.0000000000e+00 0.0000000000e+00 4.1296634471e+00
1329.00000000 1.6401785288e+02 5.6205719351e-02 0.0000000000e+00 5.6205719351e-02 1.6401787369e+02 0.0000000000e+00 0.0000000000e+00 0.0000000000e+00 4.1298597284e+00
1329.50000000 1.6684102113e+02 5.7250563261e-02 0.0000000000e+00 5.7250563261e-02 1.6684104232e+02 0.0000000000e+00 0.0000000000e+00 0.0000000000e+00 4.1300556035e+00
1330.00000000 1.6976922847e+02 5.8334281744e-02 0.0000000000e+00 5.8334281744e-02 1.6976925006e+02 0.0000000000e+00 0.0000000000e+00 0.0000000000e+00 4.1302510733e+00
1330.50000000 1.7280825021e+02 5.9459012218e-02 0.0000000000e+00 5.9459012218e-02 1.7280827222e+02 0.0000000000e+00 0.0000000000e+00 0.0000000000e+00 4.1304461392e+00
1331.00000000 1.7596427481e+02 6.0627045008e-02 0.0000000000e+00 6.0627045008e-02 1.7596429725e+02 0.0000000000e+00 0.0000000000e+00 0.0000000000e+00 4.1306408024e+00
1331.50000000 1.7924393929e+02 6.1840836451e-02 0.0000000000e+00 6.1840836451e-02 1.7924396218e+02 0.0000000000e+00 0.0000000000e+00 0.0000000000e+00 4.1308350640e+00
1332.00000000 1.8265436803e+02 6.3103023254e-02 0.0000000000e+00 6.3103023254e-02 1.8265439138e+02 0.0000000000e+00 0.0000000000e+00 0.0000000000e+00 4.1310289254e+00
1332.50000000 1.8620321521e+02 6.4416438197e-02 0.0000000000e+00 6.4416438197e-02 1.8620323905e+02 0.0000000000e+00 0.0000000000e+00 0.0000000000e+00 4.1312223876e+00
1333.00000000 1.8989871125e+02 6.5784127333e-02 0.0000000000e+00 6.5784127333e-02 1.8989873560e+02 0.0000000000e+00 0.0000000000e+00 0.0000000000e+00 4.1314154518e+00
1333.50000000 1.9374971364e+02 6.7209368781e-02 0.0000000000e+00 6.7209368781e-02 1.9374973852e+02 0.0000000000e+00 0.0000000000e+00 0.0000000000e+00 4.1316081193e+00
1334.00000000 1.9776576237e+02 6.8695693255e-02 0.0000000000e+00 6.8695693255e-02 1.9776578780e+02 0.0000000000e+00 0.0000000000e+00 0.0000000000e+00 4.1318003912e+00
1334.50000000 2.0195714042e+02 7.0246906448e-02 0.0000000000e+00 7.0246906448e-02 2.0195716642e+02 0.0000000000e+00 0.0000000000e+00 0.0000000000e+00 4.1319922687e+00
1335.00000000 2.0633493954e+02 7.1867113377e-02 0.0000000000e+00 7.1867113377e-02 2.0633496614e+02 0.0000000000e+00 0.0000000000e+00 0.0000000000e+00 4.1321837530e+00
1335.50000000 2.1091113158e+02 7.3560744774e-02 0.0000000000e+00 7.3560744774e-02 2.1091115880e+02 0.0000000000e+00 0.0000000000e+00 0.0000000000e+00 4.1323748453e+00
1336.00000000 2.1569864544e+02 7.5332585582e-02 0.0000000000e+00 7.5332585582e-02 2.1569867332e+02 0.0000000000e+00 0.0000000000e+00 0.0000000000e+00 4.1325655466e+00
1336.50000000 2.2071144978e+02 7.7187805544e-02 0.0000000000e+00 7.7187805544e-02 2.2071147835e+02 0.0000000000e+00 0.0000000000e+00 0.0000000000e+00 4.1327558582e+00
1337.00000000 2.2596464097e+02 7.9131991773e-02 0.0000000000e+00 7.9131991773e-02 2.2596467025e+02 0.0000000000e+00 0.0000000000e+00 0.0000000000e+00 4.1329457812e+00
1337.50000000 2.3147453584e+02 8.1171183067e-02 0.0000000000e+00 8.1171183067e-02 2.3147456589e+02 0.0000000000e+00 0.0000000000e+00 0.0000000000e+00 4.1331353168e+00
1338.00000000 2.3725876796e+02 8.3311905538e-02 0.0000000000e+00 8.3311905538e-02 2.3725879879e+02 0.0000000000e+00 0.0000000000e+00 0.0000000000e+00 4.1333244661e+00
1338.50000000 2.4333638536e+02 8.5561208795e-02 0.0000000000e+00 8.5561208795e-02 2.4333641703e+02 0.0000000000e+00 0.0000000000e+00 0.0000000000e+00 4.1335132302e+00
1339.00000000 2.4972794676e+02 8.7926701540e-02 0.0000000000e+00 8.7926701540e-02 2.4972797930e+02 0.0000000000e+00 0.0000000000e+00 0.0000000000e+00 4.1337016103e+00
1339.50000000 2.5645561130e+02 9.0416584791e-02 0.0000000000e+00 9.0416584791e-02 2.5645564477e+02 0.0000000000e+00 0.0000000000e+00 0.0000000000e+00 4.1338896076e+00
1340.00000000 2.6354321488e+02 9.3039680117e-02 0.0000000000e+00 9.3039680117e-02 2.6354324931e+02 0.0000000000e+00 0.0000000000e+00 0.0000000000e+00 4.1340772231e+00
1340.50000000 2.7101632236e+02 9.5805448988e-02 0.0000000000e+00 9.5805448988e-02 2.7101635782e+02 0.0000000000e+00 0.0000000000e+00 0.0000000000e+00 4.1342644579e+00
1341.00000000 2.7890224074e+02 9.8723997611e-02 0.0000000000e+00 9.8723997611e-02 2.7890227728e+02 0.0000000000e+00 0.0000000000e+00 0.0000000000e+00 4.1344513132e+00
1341.50000000 2.8722997087e+02 1.0180605909e-01 0.0000000000e+00 1.0180605909e-01 2.8723000855e+02 0.0000000000e+00 0.0000000000e+00 0.0000000000e+00 4.1346377902e+00
1342.00000000 2.9603006621e+02 1.0506294116e-01 0.0000000000e+00 1.0506294116e-01 2.9603010509e+02 0.0000000000e+00 0.0000000000e+00 0.0000000000e+00 4.1348238898e+00
1342.50000000 3.0533435284e+02 1.0850642252e-01 0.0000000000e+00 1.0850642252e-01 3.0533439300e+02 0.0000000000e+00 0.0000000000e+00 0.0000000000e+00 4.1350096133e+00
1343.00000000 3.1517544501e+02 1.1214857358e-01 0.0000000000e+00 1.1214857358e-01 3.1517548652e+02 0.0000000000e+00 0.0000000000e+00 0.0000000000e+00 4.1351949616e+00
1343.50000000 3.2558596203e+02 1.1600146663e-01 0.0000000000e+00 1.1600146663e-01 3.2558600496e+02 0.0000000000e+00 0.0000000000e+00 0.0000000000e+00 4.1353799360e+00
1344.00000000 3.3659731085e+02 1.2007672526e-01 0.0000000000e+00 1.2007672526e-01 3.3659735529e+02 0.0000000000e+00 0.0000000000e+00 0.0000000000e+00 4.1355645375e+00
1344.50000000 3.4823783958e+02 1.2438484100e-01 0.0000000000e+00 1.2438484100e-01 3.4823788561e+02 0.0000000000e+00 0.0000000000e+00 0.0000000000e+00 4.1357487671e+00
1345.00000000 3.6053008132e+02 1.2893415327e-01 0.0000000000e+00 1.2893415327e-01 3.6053012904e+02 0.0000000000e+00 0.0000000000e+00 0.0000000000e+00 4.1359326261e+00
1345.50000000 3.7348668484e+02 1.3372934332e-01 0.0000000000e+00 1.3372934332e-01 3.7348673434e+02 0.0000000000e+00 0.0000000000e+00 0.0000000000e+00 4.1361161154e+00
1346.00000000 3.8710445204e+02 1.3876922755e-01 0.0000000000e+00 1.3876922755e-01 3.8710450340e+02 0.0000000000e+00 0.0000000000e+00 0.0000000000e+00 4.1362992361e+00
1346.50000000 4.0135565110e+02 1.4404354252e-01 0.0000000000e+00 1.4404354252e-01 4.0135570441e+02 0.0000000000e+00 0.0000000000e+00 0.0000000000e+00 4.1364819893e+00
1347.00000000 4.1617542191e+02 1.4952828376e-01 0.0000000000e+00 1.4952828376e-01 4.1617547725e+02 0.0000000000e+00 0.0000000000e+00 0.0000000000e+00 4.1366643761e+00
1347.50000000 4.3144360742e+02 1.5517898158e-01 0.0000000000e+00 1.5517898158e-01 4.3144366485e+02 0.0000000000e+00 0.0000000000e+00 0.0000000000e+00 4.1368463975e+00
1348.00000000 4.4695870988e+02 1.6092106243e-01 0.0000000000e+00 1.6092106243e-01 4.4695876944e+02 0.0000000000e+00 0.0000000000e+00 0.0000000000e+00 4.1370280546e+00
1348.50000000 4.6240089924e+02 1.6663615842e-01 0.0000000000e+00 1.6663615842e-01 4.6240096091e+02 0.0000000000e+00 0.0000000000e+00 0.0000000000e+00 4.1372093485e+00
1349.00000000 4.7728021082e+02 1.7214293546e-01 0.0000000000e+00 1.7214293546e-01 4.7728027453e+02 0.0000000000e+00 0.0000000000e+00 0.0000000000e+00 4.1373902802e+00
1349.50000000 4.9086562539e+02 1.7717084611e-01 0.0000000000e+00 1.7717084611e-01 4.9086569096e+02 0.0000000000e+00 0.0000000000e+00 0.0000000000e+00 4.1375708507e+00
1350.00000000 5.0209152570e+02 1.8132550944e-01 0.0000000000e+00 1.8132550944e-01 5.0209159281e+02 0.0000000000e+00 0.0000000000e+00 0.0000000000e+00 4.1377510611e+00
1350.50000000 5.0944199242e+02 1.8404588942e-01 0.0000000000e+00 1.8404588942e-01 5.0944206053e+02 0.0000000000e+00 0.0000000000e+00 0.0000000000e+00 4.1379309124e+00
1351.00000000 5.1082417149e+02 1.8455742868e-01 0.0000000000e+00 1.8455742868e-01 5.1082423980e+02 0.0000000000e+00 0.0000000000e+00 0.0000000000e+00 4.1381104057e+00
1351.50000000 5.0346522427e+02 1.8183391009e-01 0.0000000000e+00 1.8183391009e-01 5.0346529157e+02 0.0000000000e+00 0.0000000000e+00 0.0000000000e+00 4.1382895420e+00
1352.00000000 4.8390919483e+02 1.7459629742e-01 0.0000000000e+00 1.7459629742e-01 4.8390925945e+02 0.0000000000e+00 0.0000000000e+00 0.0000000000e+00 4.1384683223e+00
1352.50000000 4.4824856159e+02 1.6139843168e-01 0.0000000000e+00 1.6139843168e-01 4.4824862133e+02 0.0000000000e+00 0.0000000000e+00 0.0000000000e+00 4.1386467476e+00
1353.00000000 3.9276978948e+02 1.4086594755e-01 0.0000000000e+00 1.4086594755e-01 3.9276984161e+02 0.0000000000e+00 0.0000000000e+00 0.0000000000e+00 4.1388248190e+00
1353.50000000 3.1513663478e+02 1.1213421006e-01 0.0000000000e+00 1.1213421006e-01 3.1513667628e+02 0.0000000000e+00 0.0000000000e+00 0.0000000000e+00 4.1390025375e+00
1354.00000000 2.1595348028e+02 7.5426898994e-02 0.0000000000e+00 7.5426898994e-02 2.1595350820e+02 0.0000000000e+00 0.0000000000e+00 0.0000000000e+00 4.1391799041e+00
1354.50000000 1.0003706136e+02 3.2526669933e-02 0.0000000000e+00 3.2526669933e-02 1.0003707340e+02 0.0000000000e+00 0.0000000000e+00 0.0000000000e+00 4.1393569198e+00
1355.00000000 -2.3640658088e+01 -1.3245987153e-02 0.0000000000e+00 -1.3245987153e-02 -2.3640662990e+01 0.0000000000e+00 0.0000000000e+00 0.0000000000e+00 4.1395335855e+00
1355.50000000 -1.4392500687e+02 -5.7762770566e-02 0.0000000000e+00 -5.7762770566e-02 -1.4392502825e+02 0.0000000000e+00 0.0000000000e+00 0.0000000000e+00 4.1397099024e+00
1356.00000000 -2.5063530568e+02 -9.7255849327e-02 0.0000000000e+00 -9.7255849327e-02 -2.5063534168e+02 0.0000000000e+00 0.0000000000e+00 0.0000000000e+00 4.1398858714e+00
1356.50000000 -3.3717967347e+02 -1.2928559314e-01 0.0000000000e+00 -1.2928559314e-01 -3.3717972132e+02 0.0000000000e+00 0.0000000000e+00 0.0000000000e+00 4.1400614935e+00
1357.00000000 -4.0137017053e+02 -1.5304225379e-01 0.0000000000e+00 -1.5304225379e-01 -4.0137022717e+02 0.0000000000e+00 0.0000000000e+00 0.0000000000e+00 4.1402367697e+00
1357.50000000 -4.4455896951e+02 -1.6902626525e-01 0.0000000000e+00 -1.6902626525e-01 -4.4455903206e+02 0.0000000000e+00 0.0000000000e+00 0.0000000000e+00 4.1404117009e+00
1358.00000000 -4.7008018173e+02 -1.7847156955e-01 0.0000000000e+00 -1.7847156955e-01 -4.7008024778e+02 0.0000000000e+00 0.0000000000e+00 0.0000000000e+00 4.1405862882e+00
1358.50000000 -4.8187024007e+02 -1.8283502564e-01 0.0000000000e+00 -1.8283502564e-01 -4.8187030774e+02 0.0000000000e+00 0.0000000000e+00 0.0000000000e+00 4.1407605325e+00
1359.00000000 -4.8361257748e+02 -1.8347985814e-01 0.0000000000e+00 -1.8347985814e-01 -4.8361264539e+02 0.0000000000e+00 0.0000000000e+00 0.0000000000e+00 4.1409344348e+00
1359.50000000 -4.7836241875e+02 -1.8153679421e-01 0.0000000000e+00 -1.8153679421e-01 -4.7836248594e+02 0.0000000000e+00 0.0000000000e+00 0.0000000000e+00 4.1411079961e+00
1360.00000000 -4.6847561464e+02 -1.7787772533e-01 0.0000000000e+00 -1.7787772533e-01 -4.6847568047e+02 0.0000000000e+00 0.0000000000e+00 0.0000000000e+00 4.1412812173e+00
1360.50000000 -4.5568390750e+02 -1.7314356280e-01 0.0000000000e+00 -1.7314356280e-01 -4.5568397157e+02 0.0000000000e+00 0.0000000000e+00 0.0000000000e+00 4.1414540994e+00
1361.00000000 -4.4121814939e+02 -1.6778984034e-01 0.0000000000e+00 -1.6778984034e-01 -4.4121821149e+02 0.0000000000e+00 0.0000000000e+00 0.0000000000e+00 4.1416266434e+00
1361.50000000 -4.2593067761e+02 -1.6213200474e-01 0.0000000000e+00 -1.6213200474e-01 -4.2593073761e+02 0.0000000000e+00 0.0000000000e+00 0.0000000000e+00 4.1417988502e+00
1362.00000000 -4.1039817867e+02 -1.5638348552e-01 0.0000000000e+00 -1.5638348552e-01 -4.1039823655e+02 0.0000000000e+00 0.0000000000e+00 0.0000000000e+00 4.1419707208e+00
1362.50000000 -3.9500136078e+02 -1.5068518134e-01 0.0000000000e+00 -1.5068518134e-01 -3.9500141655e+02 0.0000000000e+00 0.0000000000e+00 0.0000000000e+00 4.1421422561e+00
1363.00000000 -3.7998389048e+02 -1.4512727227e-01 0.0000000000e+00 -1.4512727227e-01 -3.7998394419e+02 0.0000000000e+00 0.0000000000e+00 0.0000000000e+00 4.1423134571e+00
1363.50000000 -3.6549480741e+02 -1.3976491732e-01 0.0000000000e+00 -1.3976491732e-01 -3.6549485914e+02 0.0000000000e+00 0.0000000000e+00 0.0000000000e+00 4.1424843246e+00
1364.00000000 -3.5161853321e+02 -1.3462936063e-01 0.0000000000e+00 -1.3462936063e-01 -3.5161858304e+02 0.0000000000e+00 0.0000000000e+00 0.0000000000e+00 4.1426548597e+00
1364.50000000 -3.3839587408e+02 -1.2973570440e-01 0.0000000000e+00 -1.2973570440e-01 -3.3839592210e+02 0.0000000000e+00 0.0000000000e+00 0.0000000000e+00 4.1428250633e+00
1365.00000000 -3.2583861345e+02 -1.2508830964e-01 0.0000000000e+00 -1.2508830964e-01 -3.2583865974e+02 0.0000000000e+00 0.0000000000e+00 0.0000000000e+00 4.1429949364e+00
1365.50000000 -3.1393959643e+02 -1.2068452836e-01 0.0000000000e+00 -1.2068452836e-01 -3.1393964109e+02 0.0000000000e+00 0.0000000000e+00 0.0000000000e+00 4.1431644797e+00
1366.00000000 -3.0267966544e+02 -1.1651727041e-01 0.0000000000e+00 -1.1651727041e-01 -3.0267970856e+02 0.0000000000e+00 0.0000000000e+00 0.0000000000e+00 4.1433336943e+00
1366.50000000 -2.9203240523e+02 -1.1257675960e-01 0.0000000000e+00 -1.1257675960e-01 -2.9203244690e+02 0.0000000000e+00 0.0000000000e+00 0.0000000000e+00 4.1435025811e+00
1367.00000000 -2.8196736751e+02 -1.0885172713e-01 0.0000000000e+00 -1.0885172713e-01 -2.8196740779e+02 0.0000000000e+00 0.0000000000e+00 0.0000000000e+00 4.1436711410e+00
1367.50000000 -2.7245224182e+02 -1.0533021503e-01 0.0000000000e+00 -1.0533021503e-01 -2.7245228080e+02 0.0000000000e+00 0.0000000000e+00 0.0000000000e+00 4.1438393750e+00
1368.00000000 -2.6345429716e+02 -1.0200010968e-01 0.0000000000e+00 -1.0200010968e-01 -2.6345433491e+02 0.0000000000e+00 0.0000000000e+00 0.0000000000e+00 4.1440072838e+00
1368.50000000 -2.5494131975e+02 -9.8849488878e-02 0.0000000000e+00 -9.8849488878e-02 -2.5494135633e+02 0.0000000000e+00 0.0000000000e+00 0.0000000000e+00 4.1441748685e+00
1369.00000000 -2.4688220363e+02 -9.5866840426e-02 0.0000000000e+00 -9.5866840426e-02 -2.4688223911e+02 0.0000000000e+00 0.0000000000e+00 0.0000000000e+00 4.1443421300e+00
1369.50000000 -2.3924730325e+02 -9.3041192616e-02 0.0000000000e+00 -9.3041192616e-02 -2.3924733768e+02 0.0000000000e+00 0.0000000000e+00 0.0000000000e+00 4.1445090690e+00
1370.00000000 -2.3200862377e+02 -9.0362184667e-02 0.0000000000e+00 -9.0362184667e-02 -2.3200865721e+02 0.0000000000e+00 0.0000000000e+00 0.0000000000e+00 4.1446756867e+00
1370.50000000 -2.2513990204e+02 -8.7820096682e-02 0.0000000000e+00 -8.7820096682e-02 -2.2513993454e+02 0.0000000000e+00 0.0000000000e+00 0.0000000000e+00 4.1448419837e+00
1371.00000000 -2.1861661489e+02 -8.5405852735e-02 0.0000000000e+00 -8.5405852735e-02 -2.1861664650e+02 0.0000000000e+00 0.0000000000e+00 0.0000000000e+00 4.1450079611e+00
1371.50000000 -2.1241594043e+02 -8.3111006525e-02 0.0000000000e+00 -8.3111006525e-02 -2.1241597119e+02 0.0000000000e+00 0.0000000000e+00 0.0000000000e+00 4.1451736197e+00
1372.00000000 -2.0651668984e+02 -8.0927716149e-02 0.0000000000e+00 -8.0927716149e-02 -2.0651671979e+02 0.0000000000e+00 0.0000000000e+00 0.0000000000e+00 4.1453389604e+00
1372.50000000 -2.0089922197e+02 -7.8848712499e-02 0.0000000000e+00 -7.8848712499e-02 -2.0089925115e+02 0.0000000000e+00 0.0000000000e+00 0.0000000000e+00 4.1455039841e+00
1373.00000000 -1.9554534910e+02 -7.6867264358e-02 0.0000000000e+00 -7.6867264358e-02 -1.9554537754e+02 0.0000000000e+00 0.0000000000e+00 0.0000000000e+00 4.1456686916e+00
1373.50000000 -1.9043823926e+02 -7.4977142286e-02 0.0000000000e+00 -7.4977142286e-02 -1.9043826701e+02 0.0000000000e+00 0.0000000000e+00 0.0000000000e+00 4.1458330839e+00
1374.00000000 -1.8556231915e+02 -7.3172582659e-02 0.0000000000e+00 -7.3172582659e-02 -1.8556234623e+02 0.0000000000e+00 0.0000000000e+00 0.0000000000e+00 4.1459971617e+00
1374.50000000 -1.8090317977e+02 -7.1448252765e-02 0.0000000000e+00 -7.1448252765e-02 -1.8090320622e+02 0.0000000000e+00 0.0000000000e+00 0.0000000000e+00 4.1461609261e+00
1375.00000000 -1.7644748646e+02 -6.9799217492e-02 0.0000000000e+00 -6.9799217492e-02 -1.7644751230e+02 0.0000000000e+00 0.0000000000e+00 0.0000000000e+00 4.1463243778e+00
1375.50000000 -1.7218289402e+02 -6.8220907928e-02 0.0000000000e+00 -6.8220907928e-02 -1.7218291927e+02 0.0000000000e+00 0.0000000000e+00 0.0000000000e+00 4.1464875176e+00
1376.00000000 -1.6809796746e+02 -6.6709092027e-02 0.0000000000e+00 -6.6709092027e-02 -1.6809799215e+02 0.0000000000e+00 0.0000000000e+00 0.0000000000e+00 4.1466503466e+00
1376.50000000 -1.6418210841e+02 -6.5259847375e-02 0.0000000000e+00 -6.5259847375e-02 -1.6418213256e+02 0.0000000000e+00 0.0000000000e+00 0.0000000000e+00 4.1468128654e+00
1377.00000000 -1.6042548717e+02 -6.3869536036e-02 0.0000000000e+00 -6.3869536036e-02 -1.6042551081e+02 0.0000000000e+00 0.0000000000e+00 0.0000000000e+00 4.1469750751e+00
1377.50000000 -1.5681898013e+02 -6.2534781394e-02 0.0000000000e+00 -6.2534781394e-02 -1.5681900327e+02 0.0000000000e+00 0.0000000000e+00 0.0000000000e+00 4.1471369763e+00
1378.00000000 -1.5335411232e+02 -6.1252446900e-02 0.0000000000e+00 -6.1252446900e-02 -1.5335413499e+02 0.0000000000e+00 0.0000000000e+00 0.0000000000e+00 4.1472985700e+00
1378.50000000 -1.5002300484e+02 -6.0019616595e-02 0.0000000000e+00 -6.0019616595e-02 -1.5002302705e+02 0.0000000000e+00 0.0000000000e+00 0.0000000000e+00 4.1474598570e+00
1379.00000000 -1.4681832665e+02 -5.8833577293e-02 0.0000000000e+00 -5.8833577293e-02 -1.4681834842e+02 0.0000000000e+00 0.0000000000e+00 0.0000000000e+00 4.1476208382e+00
1379.50000000 -1.4373325058e+02 -5.7691802287e-02 0.0000000000e+00 -5.7691802287e-02 -1.4373327193e+02 0.0000000000e+00 0.0000000000e+00 0.0000000000e+00 4.1477815144e+00
1380.00000000 -1.4076141315e+02 -5.6591936474e-02 0.0000000000e+00 -5.6591936474e-02 -1.4076143410e+02 0.0000000000e+00 0.0000000000e+00 0.0000000000e+00 4.1479418863e+00
1380.50000000 -1.3789687781e+02 -5.5531782756e-02 0.0000000000e+00 -5.5531782756e-02 -1.3789689836e+02 0.0000000000e+00 0.0000000000e+00 0.0000000000e+00 4.1481019549e+00
1381.00000000 -1.3513410139e+02 -5.4509289634e-02 0.0000000000e+00 -5.4509289634e-02 -1.3513412157e+02 0.0000000000e+00 0.0000000000e+00 0.0000000000e+00 4.1482617210e+00
1381.50000000 -1.3246790352e+02 -5.3522539867e-02 0.0000000000e+00 -5.3522539867e-02 -1.3246792333e+02 0.0000000000e+00 0.0000000000e+00 0.0000000000e+00 4.1484211855e+00
1382.00000000 -1.2989343859e+02 -5.2569740116e-02 0.0000000000e+00 -5.2569740116e-02 -1.2989345805e+02 0.0000000000e+00 0.0000000000e+00 0.0000000000e+00 4.1485803490e+00
1382.50000000 -1.2740617021e+02 -5.1649211477e-02 0.0000000000e+00 -5.1649211477e-02 -1.2740618933e+02 0.0000000000e+00 0.0000000000e+00 0.0000000000e+00 4.1487392125e+00
1383.00000000 -1.2500184780e+02 -5.0759380828e-02 0.0000000000e+00 -5.0759380828e-02 -1.2500186658e+02 0.0000000000e+00 0.0000000000e+00 0.0000000000e+00 4.1488977767e+00
1383.50000000 -1.2267648520e+02 -4.9898772908e-02 0.0000000000e+00 -4.9898772908e-02 -1.2267650367e+02 0.0000000000e+00 0.0000000000e+00 0.0000000000e+00 4.1490560426e+00
1384.00000000 -1.2042634110e+02 -4.9066003070e-02 0.0000000000e+00 -4.9066003070e-02 -1.2042635926e+02 0.0000000000e+00 0.0000000000e+00 0.0000000000e+00 4.1492140108e+00
1384.50000000 -1.1824790107e+02 -4.8259770640e-02 0.0000000000e+00 -4.8259770640e-02 -1.1824791893e+02 0.0000000000e+00 0.0000000000e+00 0.0000000000e+00 4.1493716822e+00
1385.00000000 -1.1613786115e+02 -4.7478852831e-02 0.0000000000e+00 -4.7478852831e-02 -1.1613787872e+02 0.0000000000e+00 0.0000000000e+00 0.0000000000e+00 4.1495290576e+00
1385.50000000 -1.1409311272e+02 -4.6722099154e-02 0.0000000000e+00 -4.6722099154e-02 -1.1409313001e+02 0.0000000000e+00 0.0000000000e+00 0.0000000000e+00 4.1496861378e+00
1386.00000000 -1.1211072867e+02 -4.5988426300e-02 0.0000000000e+00 -4.5988426300e-02 -1.1211074569e+02 0.0000000000e+00 0.0000000000e+00 0.0000000000e+00 4.1498429236e+00
1386.50000000 -1.1018795067e+02 -4.5276813422e-02 0.0000000000e+00 -4.5276813422e-02 -1.1018796742e+02 0.0000000000e+00 0.0000000000e+00 0.0000000000e+00 4.1499994158e+00
1387.00000000 -1.0832217747e+02 -4.4586297804e-02 0.0000000000e+00 -4.4586297804e-02 -1.0832219397e+02 0.0000000000e+00 0.0000000000e+00 0.0000000000e+00 4.1501556153e+00
1387.50000000 -1.0651095412e+02 -4.3915970879e-02 0.0000000000e+00 -4.3915970879e-02 -1.0651097037e+02 0.0000000000e+00 0.0000000000e+00 0.0000000000e+00 4.1503115227e+00
1388.00000000 -1.0475196205e+02 -4.3264974554e-02 0.0000000000e+00 -4.3264974554e-02 -1.0475197806e+02 0.0000000000e+00 0.0000000000e+00 0.0000000000e+00 4.1504671388e+00
1388.50000000 -1.0304300993e+02 -4.2632497827e-02 0.0000000000e+00 -4.2632497827e-02 -1.0304302571e+02 0.0000000000e+00 0.0000000000e+00 0.0000000000e+00 4.1506224645e+00
1389.00000000 -1.0138202524e+02 -4.2017773664e-02 0.0000000000e+00 -4.2017773664e-02 -1.0138204079e+02 0.0000000000e+00 0.0000000000e+00 0.0000000000e+00 4.1507775006e+00
1389.50000000 -9.9767046464e+01 -4.1420076115e-02 0.0000000000e+00 -4.1420076115e-02 -9.9767061794e+01 0.0000000000e+00 0.0000000000e+00 0.0000000000e+00 4.1509322478e+00
1390.00000000 -9.8196215897e+01 -4.0838717652e-02 0.0000000000e+00 -4.0838717652e-02 -9.8196231012e+01 0.0000000000e+00 0.0000000000e+00 0.0000000000e+00 4.1510867068e+00
1390.50000000 -9.6667772995e+01 -4.0273046704e-02 0.0000000000e+00 -4.0273046704e-02 -9.6667787900e+01 0.0000000000e+00 0.0000000000e+00 0.0000000000e+00 4.1512408786e+00
1391.00000000 -9.5180048207e+01 -3.9722445376e-02 0.0000000000e+00 -3.9722445376e-02 -9.5180062908e+01 0.0000000000e+00 0.0000000000e+00 0.0000000000e+00 4.1513947637e+00
1391.50000000 -9.3731457269e+01 -3.9186327338e-02 0.0000000000e+00 -3.9186327338e-02 -9.3731471772e+01 0.0000000000e+00 0.0000000000e+00 0.0000000000e+00 4.1515483631e+00
1392.00000000 -9.2320495911e+01 -3.8664135866e-02 0.0000000000e+00 -3.8664135866e-02 -9.2320510220e+01 0.0000000000e+00 0.0000000000e+00 0.0000000000e+00 4.1517016775e+00
1392.50000000 -9.0945734949e+01 -3.8155342024e-02 0.0000000000e+00 -3.8155342024e-02 -9.0945749070e+01 0.0000000000e+00 0.0000000000e+00 0.0000000000e+00 4.1518547076e+00
1393.00000000 -8.9605815727e+01 -3.7659442978e-02 0.0000000000e+00 -3.7659442978e-02 -8.9605829665e+01 0.0000000000e+00 0.0000000000e+00 0.0000000000e+00 4.1520074542e+00
1393.50000000 -8.8299445880e+01 -3.7175960429e-02 0.0000000000e+00 -3.7175960429e-02 -8.8299459638e+01 0.0000000000e+00 0.0000000000e+00 0.0000000000e+00 4.1521599180e+00
1394.00000000 -8.7025395393e+01 -3.6704439153e-02 0.0000000000e+00 -3.6704439153e-02 -8.7025408978e+01 0.0000000000e+00 0.0000000000e+00 0.0000000000e+00 4.1523120999e+00
1394.50000000 -8.5782492942e+01 -3.6244445648e-02 0.0000000000e+00 -3.6244445648e-02 -8.5782506356e+01 0.0000000000e+00 0.0000000000e+00 0.0000000000e+00 4.1524640005e+00
1395.00000000 -8.4569622473e+01 -3.5795566866e-02 0.0000000000e+00 -3.5795566866e-02 -8.4569635721e+01 0.0000000000e+00 0.0000000000e+00 0.0000000000e+00 4.1526156206e+00
1395.50000000 -8.3385720023e+01 -3.5357409038e-02 0.0000000000e+00 -3.5357409038e-02 -8.3385733109e+01 0.0000000000e+00 0.0000000000e+00 0.0000000000e+00 4.1527669610e+00
1396.00000000 -8.2229770753e+01 -3.4929596577e-02 0.0000000000e+00 -3.4929596577e-02 -8.2229783680e+01 0.0000000000e+00 0.0000000000e+00 0.0000000000e+00 4.1529180224e+00
1396.50000000 -8.1100806179e+01 -3.4511771050e-02 0.0000000000e+00 -3.4511771050e-02 -8.1100818951e+01 0.0000000000e+00 0.0000000000e+00 0.0000000000e+00 4.1530688055e+00
1397.00000000 -7.9997901582e+01 -3.4103590222e-02 0.0000000000e+00 -3.4103590222e-02 -7.9997914203e+01 0.0000000000e+00 0.0000000000e+00 0.0000000000e+00 4.1532193111e+00
1397.50000000 -7.8920173595e+01 -3.3704727163e-02 0.0000000000e+00 -3.3704727163e-02 -7.8920186069e+01 0.0000000000e+00 0.0000000000e+00 0.0000000000e+00 4.1533695399e+00
1398.00000000 -7.7866777939e+01 -3.3314869407e-02 0.0000000000e+00 -3.3314869407e-02 -7.7866790269e+01 0.0000000000e+00 0.0000000000e+00 0.0000000000e+00 4.1535194927e+00
1398.50000000 -7.6836907308e+01 -3.2933718174e-02 0.0000000000e+00 -3.2933718174e-02 -7.6836919497e+01 0.0000000000e+00 0.0000000000e+00 0.0000000000e+00 4.1536691702e+00
1399.00000000 -7.5829789387e+01 -3.2560987633e-02 0.0000000000e+00 -3.2560987633e-02 -7.5829801437e+01 0.0000000000e+00 0.0000000000e+00 0.0000000000e+00 4.1538185731e+00
1399.50000000 -7.4844684995e+01 -3.2196404217e-02 0.0000000000e+00 -3.2196404217e-02 -7.4844696910e+01 0.0000000000e+00 0.0000000000e+00 0.0000000000e+00 4.1539677021e+00
1400.00000000 -7.3880886345e+01 -3.1839705975e-02 0.0000000000e+00 -3.1839705975e-02 -7.3880898128e+01 0.0000000000e+00 0.0000000000e+00 0.0000000000e+00 4.1541165580e+00
1400.50000000 -7.2937715410e+01 -3.1490641972e-02 0.0000000000e+00 -3.1490641972e-02 -7.2937727064e+01 0.0000000000e+00 0.0000000000e+00 0.0000000000e+00 4.1542651415e+00
1401.00000000 -7.2014522389e+01 -3.1148971720e-02 0.0000000000e+00 -3.1148971720e-02 -7.2014533917e+01 0.0000000000e+00 0.0000000000e+00 0.0000000000e+00 4.1544134532e+00
1401.50000000 -7.1110684266e+01 -3.0814464643e-02 0.0000000000e+00 -3.0814464643e-02 -7.1110695670e+01 0.0000000000e+00 0.0000000000e+00 0.0000000000e+00 4.1545614940e+00
1402.00000000 -7.0225603456e+01 -3.0486899576e-02 0.0000000000e+00 -3.0486899576e-02 -7.0225614739e+01 0.0000000000e+00 0.0000000000e+00 0.0000000000e+00 4.1547092646e+00
1402.50000000 -6.9358706534e+01 -3.0166064298e-02 0.0000000000e+00 -3.0166064298e-02 -6.9358717698e+01 0.0000000000e+00 0.0000000000e+00 0.0000000000e+00 4.1548567655e+00
1403.00000000 -6.8509443031e+01 -2.9851755081e-02 0.0000000000e+00 -2.9851755081e-02 -6.8509454079e+01 0.0000000000e+00 0.0000000000e+00 0.0000000000e+00 4.1550039977e+00
1403.50000000 -6.7677284311e+01 -2.9543776280e-02 0.0000000000e+00 -2.9543776280e-02 -6.7677295245e+01 0.0000000000e+00 0.0000000000e+00 0.0000000000e+00 4.1551509617e+00
1404.00000000 -6.6861722503e+01 -2.9241939934e-02 0.0000000000e+00 -2.9241939934e-02 -6.6861733325e+01 0.0000000000e+00 0.0000000000e+00 0.0000000000e+00 4.1552976582e+00
1404.50000000 -6.6062269505e+01 -2.8946065397e-02 0.0000000000e+00 -2.8946065397e-02 -6.6062280217e+01 0.0000000000e+00 0.0000000000e+00 0.0000000000e+00 4.1554440880e+00
1405.00000000 -6.5278456031e+01 -2.8655978990e-02 0.0000000000e+00 -2.8655978990e-02 -6.5278466637e+01 0.0000000000e+00 0.0000000000e+00 0.0000000000e+00 4.1555902518e+00
1405.50000000 -6.4509830728e+01 -2.8371513666e-02 0.0000000000e+00 -2.8371513666e-02 -6.4509841228e+01 0.0000000000e+00 0.0000000000e+00 0.0000000000e+00 4.1557361503e+00
1406.00000000 -6.3755959326e+01 -2.8092508706e-02 0.0000000000e+00 -2.8092508706e-02 -6.3755969723e+01 0.0000000000e+00 0.0000000000e+00 0.0000000000e+00 4.1558817841e+00
1406.50000000 -6.3016423847e+01 -2.7818809417e-02 0.0000000000e+00 -2.7818809417e-02 -6.3016434142e+01 0.0000000000e+00 0.0000000000e+00 0.0000000000e+00 4.1560271539e+00
1407.00000000 -6.2290821853e+01 -2.7550266859e-02 0.0000000000e+00 -2.7550266859e-02 -6.2290832049e+01 0.0000000000e+00 0.0000000000e+00 0.0000000000e+00 4.1561722605e+00
1407.50000000 -6.1578765735e+01 -2.7286737577e-02 0.0000000000e+00 -2.7286737577e-02 -6.1578775834e+01 0.0000000000e+00 0.0000000000e+00 0.0000000000e+00 4.1563171045e+00
1408.00000000 -6.0879882040e+01 -2.7028083360e-02 0.0000000000e+00 -2.7028083360e-02 -6.0879892043e+01 0.0000000000e+00 0.0000000000e+00 0.0000000000e+00 4.1564616867e+00
1408.50000000 -6.0193810835e+01 -2.6774170997e-02 0.0000000000e+00 -2.6774170997e-02 -6.0193820744e+01 0.0000000000e+00 0.0000000000e+00 0.0000000000e+00 4.1566060076e+00
1409.00000000 -5.9520205105e+01 -2.6524872059e-02 0.0000000000e+00 -2.6524872059e-02 -5.9520214922e+01 0.0000000000e+00 0.0000000000e+00 0.0000000000e+00 4.1567500680e+00
1409.50000000 -5.8858730181e+01 -2.6280062687e-02 0.0000000000e+00 -2.6280062687e-02 -5.8858739908e+01 0.0000000000e+00 0.0000000000e+00 0.0000000000e+00 4.1568938685e+00
1410.00000000 -5.8209063202e+01 -2.6039623390e-02 0.0000000000e+00 -2.6039623390e-02 -5.8209072839e+01 0.0000000000e+00 0.0000000000e+00 0.0000000000e+00 4.1570374099e+00
1410.50000000 -5.7570892596e+01 -2.5803438858e-02 0.0000000000e+00 -2.5803438858e-02 -5.7570902146e+01 0.0000000000e+00 0.0000000000e+00 0.0000000000e+00 4.1571806927e+00
1411.00000000 -5.6943917600e+01 -2.5571397779e-02 0.0000000000e+00 -2.5571397779e-02 -5.6943927064e+01 0.0000000000e+00 0.0000000000e+00 0.0000000000e+00 4.1573237177e+00
1411.50000000 -5.6327847796e+01 -2.5343392670e-02 0.0000000000e+00 -2.5343392670e-02 -5.6327857176e+01 0.0000000000e+00 0.0000000000e+00 0.0000000000e+00 4.1574664856e+00
1412.00000000 -5.5722402670e+01 -2.5119319714e-02 0.0000000000e+00 -2.5119319714e-02 -5.5722411966e+01 0.0000000000e+00 0.0000000000e+00 0.0000000000e+00 4.1576089970e+00
1412.50000000 -5.5127311197e+01 -2.4899078607e-02 0.0000000000e+00 -2.4899078607e-02 -5.5127320412e+01 0.0000000000e+00 0.0000000000e+00 0.0000000000e+00 4.1577512525e+00
1413.00000000 -5.4542311448e+01 -2.4682572408e-02 0.0000000000e+00 -2.4682572408e-02 -5.4542320583e+01 0.0000000000e+00 0.0000000000e+00 0.0000000000e+00 4.1578932529e+00
1413.50000000 -5.3967150210e+01 -2.4469707405e-02 0.0000000000e+00 -2.4469707405e-02 -5.3967159266e+01 0.0000000000e+00 0.0000000000e+00 0.0000000000e+00 4.1580349987e+00
1414.00000000 -5.3401582629e+01 -2.4260392978e-02 0.0000000000e+00 -2.4260392978e-02 -5.3401591607e+01 0.0000000000e+00 0.0000000000e+00 0.0000000000e+00 4.1581764907e+00
1414.50000000 -5.2845371870e+01 -2.4054541476e-02 0.0000000000e+00 -2.4054541476e-02 -5.2845380773e+01 0.0000000000e+00 0.0000000000e+00 0.0000000000e+00 4.1583177295e+00
1415.00000000 -5.2298288795e+01 -2.3852068096e-02 0.0000000000e+00 -2.3852068096e-02 -5.2298297623e+01 0.0000000000e+00 0.0000000000e+00 0.0000000000e+00 4.1584587157e+00
1415.50000000 -5.1760111652e+01 -2.3652890766e-02 0.0000000000e+00 -2.3652890766e-02 -5.1760120406e+01 0.0000000000e+00 0.0000000000e+00 0.0000000000e+00 4.1585994501e+00
1416.00000000 -5.1230625779e+01 -2.3456930044e-02 0.0000000000e+00 -2.3456930044e-02 -5.1230634461e+01 0.0000000000e+00 0.0000000000e+00 0.0000000000e+00 4.1587399331e+00
1416.50000000 -5.0709623331e+01 -2.3264109004e-02 0.0000000000e+00 -2.3264109004e-02 -5.0709631941e+01 0.0000000000e+00 0.0000000000e+00 0.0000000000e+00 4.1588801656e+00
1417.00000000 -5.0196903006e+01 -2.3074353148e-02 0.0000000000e+00 -2.3074353148e-02 -5.0196911546e+01 0.0000000000e+00 0.0000000000e+00 0.0000000000e+00 4.1590201482e+00
1417.50000000 -4.9692269795e+01 -2.2887590301e-02 0.0000000000e+00 -2.2887590301e-02 -4.9692278265e+01 0.0000000000e+00 0.0000000000e+00 0.0000000000e+00 4.1591598814e+00
1418.00000000 -4.9195534735e+01 -2.2703750531e-02 0.0000000000e+00 -2.2703750531e-02 -4.9195543137e+01 0.0000000000e+00 0.0000000000e+00 0.0000000000e+00 4.1592993659e+00
1418.50000000 -4.8706514682e+01 -2.2522766055e-02 0.0000000000e+00 -2.2522766055e-02 -4.8706523018e+01 0.0000000000e+00 0.0000000000e+00 0.0000000000e+00 4.1594386024e+00
1419.00000000 -4.8225032089e+01 -2.2344571165e-02 0.0000000000e+00 -2.2344571165e-02 -4.8225040358e+01 0.0000000000e+00 0.0000000000e+00 0.0000000000e+00 4.1595775915e+00
1419.50000000 -4.7750914789e+01 -2.2169102142e-02 0.0000000000e+00 -2.2169102142e-02 -4.7750922994e+01 0.0000000000e+00 0.0000000000e+00 0.0000000000e+00 4.1597163338e+00
1420.00000000 -4.7283995802e+01 -2.1996297188e-02 0.0000000000e+00 -2.1996297188e-02 -4.7284003943e+01 0.0000000000e+00 0.0000000000e+00 0.0000000000e+00 4.1598548299e+00
1420.50000000 -4.6824113136e+01 -2.1826096349e-02 0.0000000000e+00 -2.1826096349e-02 -4.6824121214e+01 0.0000000000e+00 0.0000000000e+00 0.0000000000e+00 4.1599930806e+00
1421.00000000 -4.6371109606e+01 -2.1658441452e-02 0.0000000000e+00 -2.1658441452e-02 -4.6371117621e+01 0.0000000000e+00 0.0000000000e+00 0.0000000000e+00 4.1601310864e+00
1421.50000000 -4.5924832654e+01 -2.1493276037e-02 0.0000000000e+00 -2.1493276037e-02 -4.5924840608e+01 0.0000000000e+00 0.0000000000e+00 0.0000000000e+00 4.1602688479e+00
1422.00000000 -4.5485134185e+01 -2.1330545294e-02 0.0000000000e+00 -2.1330545294e-02 -4.5485142080e+01 0.0000000000e+00 0.0000000000e+00 0.0000000000e+00 4.1604063657e+00
1422.50000000 -4.5051870404e+01 -2.1170196004e-02 0.0000000000e+00 -2.1170196004e-02 -4.5051878239e+01 0.0000000000e+00 0.0000000000e+00 0.0000000000e+00 4.1605436406e+00
1423.00000000 -4.4624901661e+01 -2.1012176484e-02 0.0000000000e+00 -2.1012176484e-02 -4.4624909437e+01 0.0000000000e+00 0.0000000000e+00 0.0000000000e+00 4.1606806730e+00
1423.50000000 -4.4204092301e+01 -2.0856436529e-02 0.0000000000e+00 -2.0856436529e-02 -4.4204100020e+01 0.0000000000e+00 0.0000000000e+00 0.0000000000e+00 4.1608174637e+00
1424.00000000 -4.3789310530e+01 -2.0702927361e-02 0.0000000000e+00 -2.0702927361e-02 -4.3789318192e+01 0.0000000000e+00 0.0000000000e+00 0.0000000000e+00 4.1609540131e+00
1424.50000000 -4.3380428271e+01 -2.0551601580e-02 0.0000000000e+00 -2.0551601580e-02 -4.3380435877e+01 0.0000000000e+00 0.0000000000e+00 0.0000000000e+00 4.1610903221e+00
1425.00000000 -4.2977321038e+01 -2.0402413115e-02 0.0000000000e+00 -2.0402413115e-02 -4.2977328589e+01 0.0000000000e+00 0.0000000000e+00 0.0000000000e+00 4.1612263910e+00
1425.50000000 -4.2579867812e+01 -2.0255317176e-02 0.0000000000e+00 -2.0255317176e-02 -4.2579875308e+01 0.0000000000e+00 0.0000000000e+00 0.0000000000e+00 4.1613622207e+00
1426.00000000 -4.2187950920e+01 -2.0110270214e-02 0.0000000000e+00 -2.0110270214e-02 -4.2187958363e+01 0.0000000000e+00 0.0000000000e+00 0.0000000000e+00 4.1614978116e+00
1426.50000000 -4.1801455922e+01 -1.9967229875e-02 0.0000000000e+00 -1.9967229875e-02 -4.1801463312e+01 0.0000000000e+00 0.0000000000e+00 0.0000000000e+00 4.1616331643e+00
1427.00000000 -4.1420271501e+01 -1.9826154959e-02 0.0000000000e+00 -1.9826154959e-02 -4.1420278838e+01 0.0000000000e+00 0.0000000000e+00 0.0000000000e+00 4.1617682796e+00
1427.50000000 -4.1044289354e+01 -1.9687005386e-02 0.0000000000e+00 -1.9687005386e-02 -4.1044296640e+01 0.0000000000e+00 0.0000000000e+00 0.0000000000e+00 4.1619031579e+00
1428.00000000 -4.0673404096e+01 -1.9549742152e-02 0.0000000000e+00 -1.9549742152e-02 -4.0673411332e+01 0.0000000000e+00 0.0000000000e+00 0.0000000000e+00 4.1620377998e+00
1428.50000000 -4.0307513162e+01 -1.9414327298e-02 0.0000000000e+00 -1.9414327298e-02 -4.0307520347e+01 0.0000000000e+00 0.0000000000e+00 0.0000000000e+00 4.1621722061e+00
1429.00000000 -3.9946516708e+01 -1.9280723874e-02 0.0000000000e+00 -1.9280723874e-02 -3.9946523844e+01 0.0000000000e+00 0.0000000000e+00 0.0000000000e+00 4.1623063772e+00
1429.50000000 -3.9590317531e+01 -1.9148895903e-02 0.0000000000e+00 -1.9148895903e-02 -3.9590324618e+01 0.0000000000e+00 0.0000000000e+00 0.0000000000e+00 4.1624403137e+00
1430.00000000 -3.9238820972e+01 -1.9018808353e-02 0.0000000000e+00 -1.9018808353e-02 -3.9238828011e+01 0.0000000000e+00 0.0000000000e+00 0.0000000000e+00 4.1625740163e+00
1430.50000000 -3.8891934843e+01 -1.8890427106e-02 0.0000000000e+00 -1.8890427106e-02 -3.8891941834e+01 0.0000000000e+00 0.0000000000e+00 0.0000000000e+00 4.1627074855e+00
1431.00000000 -3.8549569341e+01 -1.8763718926e-02 0.0000000000e+00 -1.8763718926e-02 -3.8549576285e+01 0.0000000000e+00 0.0000000000e+00 0.0000000000e+00 4.1628407219e+00
1431.50000000 -3.8211636973e+01 -1.8638651433e-02 0.0000000000e+00 -1.8638651433e-02 -3.8211643871e+01 0.0000000000e+00 0.0000000000e+00 0.0000000000e+00 4.1629737261e+00
1432.00000000 -3.7878052486e+01 -1.8515193074e-02 0.0000000000e+00 -1.8515193074e-02 -3.7878059339e+01 0.0000000000e+00 0.0000000000e+00 0.0000000000e+00 4.1631064987e+00
1432.50000000 -3.7548732790e+01 -1.8393313097e-02 0.0000000000e+00 -1.8393313097e-02 -3.7548739598e+01 0.0000000000e+00 0.0000000000e+00 0.0000000000e+00 4.1632390403e+00
1433.00000000 -3.7223596895e+01 -1.8272981530e-02 0.0000000000e+00 -1.8272981530e-02 -3.7223603657e+01 0.0000000000e+00 0.0000000000e+00 0.0000000000e+00 4.1633713514e+00
1433.50000000 -3.6902565841e+01 -1.8154169149e-02 0.0000000000e+00 -1.8154169149e-02 -3.6902572560e+01 0.0000000000e+00 0.0000000000e+00 0.0000000000e+00 4.1635034326e+00
1434.00000000 -3.6585562639e+01 -1.8036847460e-02 0.0000000000e+00 -1.8036847460e-02 -3.6585569314e+01 0.0000000000e+00 0.0000000000e+00 0.0000000000e+00 4.1636352845e+00
1434.50000000 -3.6272512208e+01 -1.7920988678e-02 0.0000000000e+00 -1.7920988678e-02 -3.6272518841e+01 0.0000000000e+00 0.0000000000e+00 0.0000000000e+00 4.1637669077e+00
1435.00000000 -3.5963341317e+01 -1.7806565698e-02 0.0000000000e+00 -1.7806565698e-02 -3.5963347907e+01 0.0000000000e+00 0.0000000000e+00 0.0000000000e+00 4.1638983027e+00
1435.50000000 -3.5657978527e+01 -1.7693552082e-02 0.0000000000e+00 -1.7693552082e-02 -3.5657985076e+01 0.0000000000e+00 0.0000000000e+00 0.0000000000e+00 4.1640294701e+00
1436.00000000 -3.5356354140e+01 -1.7581922035e-02 0.0000000000e+00 -1.7581922035e-02 -3.5356360647e+01 0.0000000000e+00 0.0000000000e+00 0.0000000000e+00 4.1641604104e+00
1436.50000000 -3.5058400141e+01 -1.7471650385e-02 0.0000000000e+00 -1.7471650385e-02 -3.5058406607e+01 0.0000000000e+00 0.0000000000e+00 0.0000000000e+00 4.1642911243e+00
1437.00000000 -3.4764050154e+01 -1.7362712566e-02 0.0000000000e+00 -1.7362712566e-02 -3.4764056580e+01 0.0000000000e+00 0.0000000000e+00 0.0000000000e+00 4.1644216123e+00
1437.50000000 -3.4473239388e+01 -1.7255084599e-02 0.0000000000e+00 -1.7255084599e-02 -3.4473245774e+01 0.0000000000e+00 0.0000000000e+00 0.0000000000e+00 4.1645518750e+00
1438.00000000 -3.4185904594e+01 -1.7148743077e-02 0.0000000000e+00 -1.7148743077e-02 -3.4185910941e+01 0.0000000000e+00 0.0000000000e+00 0.0000000000e+00 4.1646819128e+00
1438.50000000 -3.3901984016e+01 -1.7043665142e-02 0.0000000000e+00 -1.7043665142e-02 -3.3901990324e+01 0.0000000000e+00 0.0000000000e+00 0.0000000000e+00 4.1648117265e+00
1439.00000000 -3.3621417349e+01 -1.6939828478e-02 0.0000000000e+00 -1.6939828478e-02 -3.3621423619e+01 0.0000000000e+00 0.0000000000e+00 0.0000000000e+00 4.1649413165e+00
1439.50000000 -3.3344145697e+01 -1.6837211287e-02 0.0000000000e+00 -1.6837211287e-02 -3.3344151929e+01 0.0000000000e+00 0.0000000000e+00 0.0000000000e+00 4.1650706833e+00
1440.00000000 -3.3070111532e+01 -1.6735792277e-02 0.0000000000e+00 -1.6735792277e-02 -3.3070117726e+01 0.0000000000e+00 0.0000000000e+00 0.0000000000e+00 4.1651998276e+00
1440.50000000 -3.2799258654e+01 -1.6635550649e-02 0.0000000000e+00 -1.6635550649e-02 -3.2799264811e+01 0.0000000000e+00 0.0000000000e+00 0.0000000000e+00 4.1653287499e+00
1441.00000000 -3.2531532154e+01 -1.6536466082e-02 0.0000000000e+00 -1.6536466082e-02 -3.2531538274e+01 0.0000000000e+00 0.0000000000e+00 0.0000000000e+00 4.1654574508e+00
1441.50000000 -3.2266878374e+01 -1.6438518717e-02 0.0000000000e+00 -1.6438518717e-02 -3.2266884458e+01 0.0000000000e+00 0.0000000000e+00 0.0000000000e+00 4.1655859307e+00
1442.00000000 -3.2005244879e+01 -1.6341689148e-02 0.0000000000e+00 -1.6341689148e-02 -3.2005250927e+01 0.0000000000e+00 0.0000000000e+00 0.0000000000e+00 4.1657141902e+00
1442.50000000 -3.1746580413e+01 -1.6245958406e-02 0.0000000000e+00 -1.6245958406e-02 -3.1746586426e+01 0.0000000000e+00 0.0000000000e+00 0.0000000000e+00 4.1658422299e+00
1443.00000000 -3.1490834874e+01 -1.6151307947e-02 0.0000000000e+00 -1.6151307947e-02 -3.1490840852e+01 0.0000000000e+00 0.0000000000e+00 0.0000000000e+00 4.1659700504e+00
1443.50000000 -3.1237959278e+01 -1.6057719643e-02 0.0000000000e+00 -1.6057719643e-02 -3.1237965220e+01 0.0000000000e+00 0.0000000000e+00 0.0000000000e+00 4.1660976521e+00
1444.00000000 -3.0987905726e+01 -1.5965175768e-02 0.0000000000e+00 -1.5965175768e-02 -3.0987911634e+01 0.0000000000e+00 0.0000000000e+00 0.0000000000e+00 4.1662250355e+00
1444.50000000 -3.0740627380e+01 -1.5873658985e-02 0.0000000000e+00 -1.5873658985e-02 -3.0740633255e+01 0.0000000000e+00 0.0000000000e+00 0.0000000000e+00 4.1663522014e+00
1445.00000000 -3.0496078430e+01 -1.5783152342e-02 0.0000000000e+00 -1.5783152342e-02 -3.0496084271e+01 0.0000000000e+00 0.0000000000e+00 0.0000000000e+00 4.1664791500e+00
1445.50000000 -3.0254214065e+01 -1.5693639254e-02 0.0000000000e+00 -1.5693639254e-02 -3.0254219873e+01 0.0000000000e+00 0.0000000000e+00 0.0000000000e+00 4.1666058821e+00
1446.00000000 -3.0014990450e+01 -1.5605103497e-02 0.0000000000e+00 -1.5605103497e-02 -3.0014996226e+01 0.0000000000e+00 0.0000000000e+00 0.0000000000e+00 4.1667323981e+00
1446.50000000 -2.9778364696e+01 -1.5517529199e-02 0.0000000000e+00 -1.5517529199e-02 -2.9778370439e+01 0.0000000000e+00 0.0000000000e+00 0.0000000000e+00 4.1668586985e+00
1447.00000000 -2.9544294835e+01 -1.5430900827e-02 0.0000000000e+00 -1.5430900827e-02 -2.9544300546e+01 0.0000000000e+00 0.0000000000e+00 0.0000000000e+00 4.1669847840e+00
1447.50000000 -2.9312739799e+01 -1.5345203182e-02 0.0000000000e+00 -1.5345203182e-02 -2.9312745478e+01 0.0000000000e+00 0.0000000000e+00 0.0000000000e+00 4.1671106549e+00
1448.00000000 -2.9083659391e+01 -1.5260421388e-02 0.0000000000e+00 -1.5260421388e-02 -2.9083665039e+01 0.0000000000e+00 0.0000000000e+00 0.0000000000e+00 4.1672363119e+00
1448.50000000 -2.8857014265e+01 -1.5176540882e-02 0.0000000000e+00 -1.5176540882e-02 -2.8857019882e+01 0.0000000000e+00 0.0000000000e+00 0.0000000000e+00 4.1673617555e+00
1449.00000000 -2.8632765905e+01 -1.5093547411e-02 0.0000000000e+00 -1.5093547411e-02 -2.8632771491e+01 0.0000000000e+00 0.0000000000e+00 0.0000000000e+00 4.1674869861e+00
1449.50000000 -2.8410876599e+01 -1.5011427016e-02 0.0000000000e+00 -1.5011427016e-02 -2.8410882154e+01 0.0000000000e+00 0.0000000000e+00 0.0000000000e+00 4.1676120043e+00
1450.00000000 -2.8191309421e+01 -1.4930166033e-02 0.0000000000e+00 -1.4930166033e-02 -2.8191314947e+01 0.0000000000e+00 0.0000000000e+00 0.0000000000e+00 4.1677368106e+00
1450.50000000 -2.7974028212e+01 -1.4849751077e-02 0.0000000000e+00 -1.4849751077e-02 -2.7974033708e+01 0.0000000000e+00 0.0000000000e+00 0.0000000000e+00 4.1678614056e+00
1451.00000000 -2.7758997558e+01 -1.4770169044e-02 0.0000000000e+00 -1.4770169044e-02 -2.7759003024e+01 0.0000000000e+00 0.0000000000e+00 0.0000000000e+00 4.1679857897e+00
1451.50000000 -2.7546182769e+01 -1.4691407094e-02 0.0000000000e+00 -1.4691407094e-02 -2.7546188206e+01 0.0000000000e+00 0.0000000000e+00 0.0000000000e+00 4.1681099635e+00
1452.00000000 -2.7335549866e+01 -1.4613452652e-02 0.0000000000e+00 -1.4613452652e-02 -2.7335555274e+01 0.0000000000e+00 0.0000000000e+00 0.0000000000e+00 4.1682339274e+00
1452.50000000 -2.7127065558e+01 -1.4536293396e-02 0.0000000000e+00 -1.4536293396e-02 -2.7127070938e+01 0.0000000000e+00 0.0000000000e+00 0.0000000000e+00 4.1683576821e+00
1453.00000000 -2.6920697229e+01 -1.4459917257e-02 0.0000000000e+00 -1.4459917257e-02 -2.6920702580e+01 0.0000000000e+00 0.0000000000e+00 0.0000000000e+00 4.1684812279e+00
1453.50000000 -2.6716412916e+01 -1.4384312404e-02 0.0000000000e+00 -1.4384312404e-02 -2.6716418239e+01 0.0000000000e+00 0.0000000000e+00 0.0000000000e+00 4.1686045654e+00
1454.00000000 -2.6514181297e+01 -1.4309467245e-02 0.0000000000e+00 -1.4309467245e-02 -2.6514186592e+01 0.0000000000e+00 0.0000000000e+00 0.0000000000e+00 4.1687276951e+00
1454.50000000 -2.6313971673e+01 -1.4235370419e-02 0.0000000000e+00 -1.4235370419e-02 -2.6313976941e+01 0.0000000000e+00 0.0000000000e+00 0.0000000000e+00 4.1688506175e+00
1455.00000000 -2.6115753953e+01 -1.4162010789e-02 0.0000000000e+00 -1.4162010789e-02 -2.6115759194e+01 0.0000000000e+00 0.0000000000e+00 0.0000000000e+00 4.1689733331e+00
1455.50000000 -2.5919498640e+01 -1.4089377438e-02 0.0000000000e+00 -1.4089377438e-02 -2.5919503854e+01 0.0000000000e+00 0.0000000000e+00 0.0000000000e+00 4.1690958424e+00
1456.00000000 -2.5725176815e+01 -1.4017459665e-02 0.0000000000e+00 -1.4017459665e-02 -2.5725182003e+01 0.0000000000e+00 0.0000000000e+00 0.0000000000e+00 4.1692181459e+00
1456.50000000 -2.5532760123e+01 -1.3946246973e-02 0.0000000000e+00 -1.3946246973e-02 -2.5532765284e+01 0.0000000000e+00 0.0000000000e+00 0.0000000000e+00 4.1693402441e+00
1457.00000000 -2.5342220760e+01 -1.3875729074e-02 0.0000000000e+00 -1.3875729074e-02 -2.5342225896e+01 0.0000000000e+00 0.0000000000e+00 0.0000000000e+00 4.1694621375e+00
1457.50000000 -2.5153531461e+01 -1.3805895877e-02 0.0000000000e+00 -1.3805895877e-02 -2.5153536571e+01 0.0000000000e+00 0.0000000000e+00 0.0000000000e+00 4.1695838266e+00
1458.00000000 -2.4966665484e+01 -1.3736737485e-02 0.0000000000e+00 -1.3736737485e-02 -2.4966670568e+01 0.0000000000e+00 0.0000000000e+00 0.0000000000e+00 4.1697053118e+00
1458.50000000 -2.4781596600e+01 -1.3668244189e-02 0.0000000000e+00 -1.3668244189e-02 -2.4781601659e+01 0.0000000000e+00 0.0000000000e+00 0.0000000000e+00 4.1698265937e+00
1459.00000000 -2.4598299079e+01 -1.3600406468e-02 0.0000000000e+00 -1.3600406468e-02 -2.4598304112e+01 0.0000000000e+00 0.0000000000e+00 0.0000000000e+00 4.1699476728e+00
1459.50000000 -2.4416747680e+01 -1.3533214981e-02 0.0000000000e+00 -1.3533214981e-02 -2.4416752688e+01 0.0000000000e+00 0.0000000000e+00 0.0000000000e+00 4.1700685495e+00
1460.00000000 -2.4236917637e+01 -1.3466660561e-02 0.0000000000e+00 -1.3466660561e-02 -2.4236922621e+01 0.0000000000e+00 0.0000000000e+00 0.0000000000e+00 4.1701892244e+00
1460.50000000 -2.4058784653e+01 -1.3400734216e-02 0.0000000000e+00 -1.3400734216e-02 -2.4058789612e+01 0.0000000000e+00 0.0000000000e+00 0.0000000000e+00 4.1703096978e+00
1461.00000000 -2.3882324881e+01 -1.3335427120e-02 0.0000000000e+00 -1.3335427120e-02 -2.3882329816e+01 0.0000000000e+00 0.0000000000e+00 0.0000000000e+00 4.1704299704e+00
1461.50000000 -2.3707514921e+01 -1.3270730614e-02 0.0000000000e+00 -1.3270730614e-02 -2.3707519832e+01 0.0000000000e+00 0.0000000000e+00 0.0000000000e+00 4.1705500425e+00
1462.00000000 -2.3534331805e+01 -1.3206636197e-02 0.0000000000e+00 -1.3206636197e-02 -2.3534336693e+01 0.0000000000e+00 0.0000000000e+00 0.0000000000e+00 4.1706699147e+00
1462.50000000 -2.3362752991e+01 -1.3143135526e-02 0.0000000000e+00 -1.3143135526e-02 -2.3362757855e+01 0.0000000000e+00 0.0000000000e+00 0.0000000000e+00 4.1707895874e+00
1463.00000000 -2.3192756349e+01 -1.3080220410e-02 0.0000000000e+00 -1.3080220410e-02 -2.3192761190e+01 0.0000000000e+00 0.0000000000e+00 0.0000000000e+00 4.1709090611e+00
1463.50000000 -2.3024320153e+01 -1.3017882810e-02 0.0000000000e+00 -1.3017882810e-02 -2.3024324971e+01 0.0000000000e+00 0.0000000000e+00 0.0000000000e+00 4.1710283364e+00
1464.00000000 -2.2857423075e+01 -1.2956114831e-02 0.0000000000e+00 -1.2956114831e-02 -2.2857427870e+01 0.0000000000e+00 0.0000000000e+00 0.0000000000e+00 4.1711474135e+00
1464.50000000 -2.2692044171e+01 -1.2894908723e-02 0.0000000000e+00 -1.2894908723e-02 -2.2692048944e+01 0.0000000000e+00 0.0000000000e+00 0.0000000000e+00 4.1712662931e+00
1465.00000000 -2.2528162876e+01 -1.2834256875e-02 0.0000000000e+00 -1.2834256875e-02 -2.2528167626e+01 0.0000000000e+00 0.0000000000e+00 0.0000000000e+00 4.1713849756e+00
1465.50000000 -2.2365758994e+01 -1.2774151811e-02 0.0000000000e+00 -1.2774151811e-02 -2.2365763722e+01 0.0000000000e+00 0.0000000000e+00 0.0000000000e+00 4.1715034615e+00
1466.00000000 -2.2204812689e+01 -1.2714586191e-02 0.0000000000e+00 -1.2714586191e-02 -2.2204817395e+01 0.0000000000e+00 0.0000000000e+00 0.0000000000e+00 4.1716217512e+00
1466.50000000 -2.2045304480e+01 -1.2655552805e-02 0.0000000000e+00 -1.2655552805e-02 -2.2045309164e+01 0.0000000000e+00 0.0000000000e+00 0.0000000000e+00 4.1717398452e+00
1467.00000000 -2.1887215229e+01 -1.2597044570e-02 0.0000000000e+00 -1.2597044570e-02 -2.1887219891e+01 0.0000000000e+00 0.0000000000e+00 0.0000000000e+00 4.1718577440e+00
1467.50000000 -2.1730526138e+01 -1.2539054529e-02 0.0000000000e+00 -1.2539054529e-02 -2.1730530779e+01 0.0000000000e+00 0.0000000000e+00 0.0000000000e+00 4.1719754480e+00
1468.00000000 -2.1575218737e+01 -1.2481575846e-02 0.0000000000e+00 -1.2481575846e-02 -2.1575223356e+01 0.0000000000e+00 0.0000000000e+00 0.0000000000e+00 4.1720929577e+00
1468.50000000 -2.1421274879e+01 -1.2424601805e-02 0.0000000000e+00 -1.2424601805e-02 -2.1421279477e+01 0.0000000000e+00 0.0000000000e+00 0.0000000000e+00 4.1722102736e+00
1469.00000000 -2.1268676735e+01 -1.2368125808e-02 0.0000000000e+00 -1.2368125808e-02 -2.1268681313e+01 0.0000000000e+00 0.0000000000e+00 0.0000000000e+00 4.1723273961e+00
1469.50000000 -2.1117406784e+01 -1.2312141371e-02 0.0000000000e+00 -1.2312141371e-02 -2.1117411341e+01 0.0000000000e+00 0.0000000000e+00 0.0000000000e+00 4.1724443256e+00
1470.00000000 -2.0967447807e+01 -1.2256642119e-02 0.0000000000e+00 -1.2256642119e-02 -2.0967452344e+01 0.0000000000e+00 0.0000000000e+00 0.0000000000e+00 4.1725610627e+00
1470.50000000 -2.0818782882e+01 -1.2201621791e-02 0.0000000000e+00 -1.2201621791e-02 -2.0818787398e+01 0.0000000000e+00 0.0000000000e+00 0.0000000000e+00 4.1726776078e+00
1471.00000000 -2.0671395375e+01 -1.2147074231e-02 0.0000000000e+00 -1.2147074231e-02 -2.0671399870e+01 0.0000000000e+00 0.0000000000e+00 0.0000000000e+00 4.1727939612e+00
1471.50000000 -2.0525268936e+01 -1.2092993388e-02 0.0000000000e+00 -1.2092993388e-02 -2.0525273412e+01 0.0000000000e+00 0.0000000000e+00 0.0000000000e+00 4.1729101236e+00
1472.00000000 -2.0380387495e+01 -1.2039373314e-02 0.0000000000e+00 -1.2039373314e-02 -2.0380391950e+01 0.0000000000e+00 0.0000000000e+00 0.0000000000e+00 4.1730260953e+00
1472.50000000 -2.0236735250e+01 -1.1986208160e-02 0.0000000000e+00 -1.1986208160e-02 -2.0236739686e+01 0.0000000000e+00 0.0000000000e+00 0.0000000000e+00 4.1731418768e+00
1473.00000000 -2.0094296666e+01 -1.1933492178e-02 0.0000000000e+00 -1.1933492178e-02 -2.0094301083e+01 0.0000000000e+00 0.0000000000e+00 0.0000000000e+00 4.1732574685e+00
1473.50000000 -1.9953056471e+01 -1.1881219715e-02 0.0000000000e+00 -1.1881219715e-02 -1.9953060868e+01 0.0000000000e+00 0.0000000000e+00 0.0000000000e+00 4.1733728710e+00
1474.00000000 -1.9812999643e+01 -1.1829385212e-02 0.0000000000e+00 -1.1829385212e-02 -1.9813004021e+01 0.0000000000e+00 0.0000000000e+00 0.0000000000e+00 4.1734880845e+00
1474.50000000 -1.9674111415e+01 -1.1777983203e-02 0.0000000000e+00 -1.1777983203e-02 -1.9674115774e+01 0.0000000000e+00 0.0000000000e+00 0.0000000000e+00 4.1736031096e+00
1475.00000000 -1.9536377260e+01 -1.1727008312e-02 0.0000000000e+00 -1.1727008312e-02 -1.9536381600e+01 0.0000000000e+00 0.0000000000e+00 0.0000000000e+00 4.1737179467e+00
1475.50000000 -1.9399782894e+01 -1.1676455253e-02 0.0000000000e+00 -1.1676455253e-02 -1.9399787215e+01 0.0000000000e+00 0.0000000000e+00 0.0000000000e+00 4.1738325962e+00
1476.00000000 -1.9264314264e+01 -1.1626318824e-02 0.0000000000e+00 -1.1626318824e-02 -1.9264318567e+01 0.0000000000e+00 0.0000000000e+00 0.0000000000e+00 4.1739470587e+00
1476.50000000 -1.9129957549e+01 -1.1576593911e-02 0.0000000000e+00 -1.1576593911e-02 -1.9129961834e+01 0.0000000000e+00 0.0000000000e+00 0.0000000000e+00 4.1740613345e+00
1477.00000000 -1.8996699154e+01 -1.1527275482e-02 0.0000000000e+00 -1.1527275482e-02 -1.8996703420e+01 0.0000000000e+00 0.0000000000e+00 0.0000000000e+00 4.1741754240e+00
1477.50000000 -1.8864525702e+01 -1.1478358587e-02 0.0000000000e+00 -1.1478358587e-02 -1.8864529950e+01 0.0000000000e+00 0.0000000000e+00 0.0000000000e+00 4.1742893277e+00
1478.00000000 -1.8733424034e+01 -1.1429838354e-02 0.0000000000e+00 -1.1429838354e-02 -1.8733428264e+01 0.0000000000e+00 0.0000000000e+00 0.0000000000e+00 4.1744030461e+00
1478.50000000 -1.8603381201e+01 -1.1381709992e-02 0.0000000000e+00 -1.1381709992e-02 -1.8603385413e+01 0.0000000000e+00 0.0000000000e+00 0.0000000000e+00 4.1745165795e+00
1479.00000000 -1.8474384463e+01 -1.1333968787e-02 0.0000000000e+00 -1.1333968787e-02 -1.8474388657e+01 0.0000000000e+00 0.0000000000e+00 0.0000000000e+00 4.1746299285e+00
1479.50000000 -1.8346421282e+01 -1.1286610097e-02 0.0000000000e+00 -1.1286610097e-02 -1.8346425460e+01 0.0000000000e+00 0.0000000000e+00 0.0000000000e+00 4.1747430933e+00
1480.00000000 -1.8219479322e+01 -1.1239629356e-02 0.0000000000e+00 -1.1239629356e-02 -1.8219483482e+01 0.0000000000e+00 0.0000000000e+00 0.0000000000e+00 4.1748560746e+00
1480.50000000 -1.8093546440e+01 -1.1193022072e-02 0.0000000000e+00 -1.1193022072e-02 -1.8093550582e+01 0.0000000000e+00 0.0000000000e+00 0.0000000000e+00 4.1749688726e+00
1481.00000000 -1.7968610683e+01 -1.1146783820e-02 0.0000000000e+00 -1.1146783820e-02 -1.7968614809e+01 0.0000000000e+00 0.0000000000e+00 0.0000000000e+00 4.1750814878e+00
1481.50000000 -1.7844660291e+01 -1.1100910248e-02 0.0000000000e+00 -1.1100910248e-02 -1.7844664399e+01 0.0000000000e+00 0.0000000000e+00 0.0000000000e+00 4.1751939206e+00
1482.00000000 -1.7721683682e+01 -1.1055397069e-02 0.0000000000e+00 -1.1055397069e-02 -1.7721687774e+01 0.0000000000e+00 0.0000000000e+00 0.0000000000e+00 4.1753061715e+00
1482.50000000 -1.7599669460e+01 -1.1010240066e-02 0.0000000000e+00 -1.1010240066e-02 -1.7599673535e+01 0.0000000000e+00 0.0000000000e+00 0.0000000000e+00 4.1754182409e+00
1483.00000000 -1.7478606401e+01 -1.0965435085e-02 0.0000000000e+00 -1.0965435085e-02 -1.7478610460e+01 0.0000000000e+00 0.0000000000e+00 0.0000000000e+00 4.1755301292e+00
1483.50000000 -1.7358483459e+01 -1.0920978038e-02 0.0000000000e+00 -1.0920978038e-02 -1.7358487501e+01 0.0000000000e+00 0.0000000000e+00 0.0000000000e+00 4.1756418368e+00
1484.00000000 -1.7239289756e+01 -1.0876864898e-02 0.0000000000e+00 -1.0876864898e-02 -1.7239293782e+01 0.0000000000e+00 0.0000000000e+00 0.0000000000e+00 4.1757533641e+00
1484.50000000 -1.7121014581e+01 -1.0833091702e-02 0.0000000000e+00 -1.0833091702e-02 -1.7121018590e+01 0.0000000000e+00 0.0000000000e+00 0.0000000000e+00 4.1758647116e+00
1485.00000000 -1.7003647387e+01 -1.0789654547e-02 0.0000000000e+00 -1.0789654547e-02 -1.7003651380e+01 0.0000000000e+00 0.0000000000e+00 0.0000000000e+00 4.1759758797e+00
1485.50000000 -1.6887177787e+01 -1.0746549588e-02 0.0000000000e+00 -1.0746549588e-02 -1.6887181765e+01 0.0000000000e+00 0.0000000000e+00 0.0000000000e+00 4.1760868687e+00
1486.00000000 -1.6771595554e+01 -1.0703773040e-02 0.0000000000e+00 -1.0703773040e-02 -1.6771599516e+01 0.0000000000e+00 0.0000000000e+00 0.0000000000e+00 4.1761976792e+00
1486.50000000 -1.6656890614e+01 -1.0661321174e-02 0.0000000000e+00 -1.0661321174e-02 -1.6656894560e+01 0.0000000000e+00 0.0000000000e+00 0.0000000000e+00 4.1763083114e+00
1487.00000000 -1.6543053044e+01 -1.0619190319e-02 0.0000000000e+00 -1.0619190319e-02 -1.6543056974e+01 0.0000000000e+00 0.0000000000e+00 0.0000000000e+00 4.1764187659e+00
1487.50000000 -1.6430073071e+01 -1.0577376858e-02 0.0000000000e+00 -1.0577376858e-02 -1.6430076986e+01 0.0000000000e+00 0.0000000000e+00 0.0000000000e+00 4.1765290430e+00
1488.00000000 -1.6317941069e+01 -1.0535877227e-02 0.0000000000e+00 -1.0535877227e-02 -1.6317944968e+01 0.0000000000e+00 0.0000000000e+00 0.0000000000e+00 4.1766391432e+00
1488.50000000 -1.6206647553e+01 -1.0494687917e-02 0.0000000000e+00 -1.0494687917e-02 -1.6206651437e+01 0.0000000000e+00 0.0000000000e+00 0.0000000000e+00 4.1767490668e+00
1489.00000000 -1.6096183180e+01 -1.0453805470e-02 0.0000000000e+00 -1.0453805470e-02 -1.6096187049e+01 0.0000000000e+00 0.0000000000e+00 0.0000000000e+00 4.1768588143e+00
1489.50000000 -1.5986538746e+01 -1.0413226479e-02 0.0000000000e+00 -1.0413226479e-02 -1.5986542600e+01 0.0000000000e+00 0.0000000000e+00 0.0000000000e+00 4.1769683860e+00
1490.00000000 -1.5877705182e+01 -1.0372947587e-02 0.0000000000e+00 -1.0372947587e-02 -1.5877709021e+01 0.0000000000e+00 0.0000000000e+00 0.0000000000e+00 4.1770777823e+00
1490.50000000 -1.5769673552e+01 -1.0332965489e-02 0.0000000000e+00 -1.0332965489e-02 -1.5769677376e+01 0.0000000000e+00 0.0000000000e+00 0.0000000000e+00 4.1771870038e+00
1491.00000000 -1.5662435050e+01 -1.0293276924e-02 0.0000000000e+00 -1.0293276924e-02 -1.5662438859e+01 0.0000000000e+00 0.0000000000e+00 0.0000000000e+00 4.1772960507e+00
1491.50000000 -1.5555980999e+01 -1.0253878682e-02 0.0000000000e+00 -1.0253878682e-02 -1.5555984794e+01 0.0000000000e+00 0.0000000000e+00 0.0000000000e+00 4.1774049234e+00
1492.00000000 -1.5450302849e+01 -1.0214767597e-02 0.0000000000e+00 -1.0214767597e-02 -1.5450306629e+01 0.0000000000e+00 0.0000000000e+00 0.0000000000e+00 4.1775136224e+00
1492.50000000 -1.5345392171e+01 -1.0175940551e-02 0.0000000000e+00 -1.0175940551e-02 -1.5345395937e+01 0.0000000000e+00 0.0000000000e+00 0.0000000000e+00 4.1776221481e+00
1493.00000000 -1.5241240661e+01 -1.0137394471e-02 0.0000000000e+00 -1.0137394471e-02 -1.5241244413e+01 0.0000000000e+00 0.0000000000e+00 0.0000000000e+00 4.1777305008e+00
1493.50000000 -1.5137840132e+01 -1.0099126325e-02 0.0000000000e+00 -1.0099126325e-02 -1.5137843869e+01 0.0000000000e+00 0.0000000000e+00 0.0000000000e+00 4.1778386810e+00
1494.00000000 -1.5035182514e+01 -1.0061133128e-02 0.0000000000e+00 -1.0061133128e-02 -1.5035186237e+01 0.0000000000e+00 0.0000000000e+00 0.0000000000e+00 4.1779466890e+00
1494.50000000 -1.4933259853e+01 -1.0023411936e-02 0.0000000000e+00 -1.0023411936e-02 -1.4933263562e+01 0.0000000000e+00 0.0000000000e+00 0.0000000000e+00 4.1780545253e+00
1495.00000000 -1.4832064308e+01 -9.9859598470e-03 0.0000000000e+00 -9.9859598470e-03 -1.4832068004e+01 0.0000000000e+00 0.0000000000e+00 0.0000000000e+00 4.1781621902e+00
1495.50000000 -1.4731588149e+01 -9.9487739998e-03 0.0000000000e+00 -9.9487739998e-03 -1.4731591831e+01 0.0000000000e+00 0.0000000000e+00 0.0000000000e+00 4.1782696841e+00
1496.00000000 -1.4631823755e+01 -9.9118515741e-03 0.0000000000e+00 -9.9118515741e-03 -1.4631827423e+01 0.0000000000e+00 0.0000000000e+00 0.0000000000e+00 4.1783770074e+00
1496.50000000 -1.4532763611e+01 -9.8751897890e-03 0.0000000000e+00 -9.8751897890e-03 -1.4532767266e+01 0.0000000000e+00 0.0000000000e+00 0.0000000000e+00 4.1784841605e+00
1497.00000000 -1.4434400310e+01 -9.8387859025e-03 0.0000000000e+00 -9.8387859025e-03 -1.4434403951e+01 0.0000000000e+00 0.0000000000e+00 0.0000000000e+00 4.1785911438e+00
1497.50000000 -1.4336726546e+01 -9.8026372111e-03 0.0000000000e+00 -9.8026372111e-03 -1.4336730174e+01 0.0000000000e+00 0.0000000000e+00 0.0000000000e+00 4.1786979576e+00
1498.00000000 -1.4239735115e+01 -9.7667410488e-03 0.0000000000e+00 -9.7667410488e-03 -1.4239738730e+01 0.0000000000e+00 0.0000000000e+00 0.0000000000e+00 4.1788046024e+00
1498.50000000 -1.4143418915e+01 -9.7310947867e-03 0.0000000000e+00 -9.7310947867e-03 -1.4143422516e+01 0.0000000000e+00 0.0000000000e+00 0.0000000000e+00 4.1789110785e+00
1499.00000000 -1.4047770939e+01 -9.6956958319e-03 0.0000000000e+00 -9.6956958319e-03 -1.4047774527e+01 0.0000000000e+00 0.0000000000e+00 0.0000000000e+00 4.1790173864e+00
1499.50000000 -1.3952784279e+01 -9.6605416276e-03 0.0000000000e+00 -9.6605416276e-03 -1.3952787854e+01 0.0000000000e+00 0.0000000000e+00 0.0000000000e+00 4.1791235263e+00
1500.00000000 -1.3858452121e+01 -9.6256296519e-03 0.0000000000e+00 -9.6256296519e-03 -1.3858455683e+01 0.0000000000e+00 0.0000000000e+00 0.0000000000e+00 4.1792294987e+00
1500.50000000 -1.3764767743e+01 -9.5909574175e-03 0.0000000000e+00 -9.5909574175e-03 -1.3764771293e+01 0.0000000000e+00 0.0000000000e+00 0.0000000000e+00 4.1793353040e+00
1501.00000000 -1.3671724517e+01 -9.5565224708e-03 0.0000000000e+00 -9.5565224708e-03 -1.3671728054e+01 0.0000000000e+00 0.0000000000e+00 0.0000000000e+00 4.1794409425e+00
1501.50000000 -1.3579315904e+01 -9.5223223917e-03 0.0000000000e+00 -9.5223223917e-03 -1.3579319428e+01 0.0000000000e+00 0.0000000000e+00 0.0000000000e+00 4.1795464146e+00
1502.00000000 -1.3487535452e+01 -9.4883547930e-03 0.0000000000e+00 -9.4883547930e-03 -1.3487538964e+01 0.0000000000e+00 0.0000000000e+00 0.0000000000e+00 4.1796517207e+00
1502.50000000 -1.3396376798e+01 -9.4546173194e-03 0.0000000000e+00 -9.4546173194e-03 -1.3396380297e+01 0.0000000000e+00 0.0000000000e+00 0.0000000000e+00 4.1797568612e+00
1503.00000000 -1.3305833665e+01 -9.4211076475e-03 0.0000000000e+00 -9.4211076475e-03 -1.3305837152e+01 0.0000000000e+00 0.0000000000e+00 0.0000000000e+00 4.1798618364e+00
1503.50000000 -1.3215899858e+01 -9.3878234850e-03 0.0000000000e+00 -9.3878234850e-03 -1.3215903332e+01 0.0000000000e+00 0.0000000000e+00 0.0000000000e+00 4.1799666467e+00
1504.00000000 -1.3126569266e+01 -9.3547625703e-03 0.0000000000e+00 -9.3547625703e-03 -1.3126572728e+01 0.0000000000e+00 0.0000000000e+00 0.0000000000e+00 4.1800712924e+00
1504.50000000 -1.3037835860e+01 -9.3219226716e-03 0.0000000000e+00 -9.3219226716e-03 -1.3037839310e+01 0.0000000000e+00 0.0000000000e+00 0.0000000000e+00 4.1801757740e+00
1505.00000000 -1.2949693690e+01 -9.2893015872e-03 0.0000000000e+00 -9.2893015872e-03 -1.2949697128e+01 0.0000000000e+00 0.0000000000e+00 0.0000000000e+00 4.1802800919e+00
1505.50000000 -1.2862136885e+01 -9.2568971441e-03 0.0000000000e+00 -9.2568971441e-03 -1.2862140311e+01 0.0000000000e+00 0.0000000000e+00 0.0000000000e+00 4.1803842463e+00
1506.00000000 -1.2775159651e+01 -9.2247071983e-03 0.0000000000e+00 -9.2247071983e-03 -1.2775163065e+01 0.0000000000e+00 0.0000000000e+00 0.0000000000e+00 4.1804882376e+00
1506.50000000 -1.2688756271e+01 -9.1927296337e-03 0.0000000000e+00 -9.1927296337e-03 -1.2688759674e+01 0.0000000000e+00 0.0000000000e+00 0.0000000000e+00 4.1805920663e+00
1507.00000000 -1.2602921103e+01 -9.1609623620e-03 0.0000000000e+00 -9.1609623620e-03 -1.2602924494e+01 0.0000000000e+00 0.0000000000e+00 0.0000000000e+00 4.1806957326e+00
1507.50000000 -1.2517648578e+01 -9.1294033222e-03 0.0000000000e+00 -9.1294033222e-03 -1.2517651957e+01 0.0000000000e+00 0.0000000000e+00 0.0000000000e+00 4.1807992370e+00
1508.00000000 -1.2432933199e+01 -9.0980504803e-03 0.0000000000e+00 -9.0980504803e-03 -1.2432936566e+01 0.0000000000e+00 0.0000000000e+00 0.0000000000e+00 4.1809025798e+00
1508.50000000 -1.2348769541e+01 -9.0669018282e-03 0.0000000000e+00 -9.0669018282e-03 -1.2348772897e+01 0.0000000000e+00 0.0000000000e+00 0.0000000000e+00 4.1810057613e+00
1509.00000000 -1.2265152250e+01 -9.0359553843e-03 0.0000000000e+00 -9.0359553843e-03 -1.2265155594e+01 0.0000000000e+00 0.0000000000e+00 0.0000000000e+00 4.1811087820e+00
1509.50000000 -1.2182076039e+01 -9.0052091923e-03 0.0000000000e+00 -9.0052091923e-03 -1.2182079372e+01 0.0000000000e+00 0.0000000000e+00 0.0000000000e+00 4.1812116421e+00
1510.00000000 -1.2099535690e+01 -8.9746613209e-03 0.0000000000e+00 -8.9746613209e-03 -1.2099539012e+01 0.0000000000e+00 0.0000000000e+00 0.0000000000e+00 4.1813143421e+00
1510.50000000 -1.2017526053e+01 -8.9443098637e-03 0.0000000000e+00 -8.9443098637e-03 -1.2017529363e+01 0.0000000000e+00 0.0000000000e+00 0.0000000000e+00 4.1814168823e+00
1511.00000000 -1.1936042042e+01 -8.9141529388e-03 0.0000000000e+00 -8.9141529388e-03 -1.1936045341e+01 0.0000000000e+00 0.0000000000e+00 0.0000000000e+00 4.1815192630e+00
1511.50000000 -1.1855078636e+01 -8.8841886878e-03 0.0000000000e+00 -8.8841886878e-03 -1.1855081924e+01 0.0000000000e+00 0.0000000000e+00 0.0000000000e+00 4.1816214847e+00
1512.00000000 -1.1774630878e+01 -8.8544152763e-03 0.0000000000e+00 -8.8544152763e-03 -1.1774634155e+01 0.0000000000e+00 0.0000000000e+00 0.0000000000e+00 4.1817235476e+00
1512.50000000 -1.1694693874e+01 -8.8248308929e-03 0.0000000000e+00 -8.8248308929e-03 -1.1694697140e+01 0.0000000000e+00 0.0000000000e+00 0.0000000000e+00 4.1818254521e+00
1513.00000000 -1.1615262791e+01 -8.7954337490e-03 0.0000000000e+00 -8.7954337490e-03 -1.1615266046e+01 0.0000000000e+00 0.0000000000e+00 0.0000000000e+00 4.1819271986e+00
1513.50000000 -1.1536332858e+01 -8.7662220786e-03 0.0000000000e+00 -8.7662220786e-03 -1.1536336102e+01 0.0000000000e+00 0.0000000000e+00 0.0000000000e+00 4.1820287874e+00
1514.00000000 -1.1457899362e+01 -8.7371941378e-03 0.0000000000e+00 -8.7371941378e-03 -1.1457902595e+01 0.0000000000e+00 0.0000000000e+00 0.0000000000e+00 4.1821302189e+00
1514.50000000 -1.1379957650e+01 -8.7083482044e-03 0.0000000000e+00 -8.7083482044e-03 -1.1379960873e+01 0.0000000000e+00 0.0000000000e+00 0.0000000000e+00 4.1822314933e+00
1515.00000000 -1.1302503126e+01 -8.6796825777e-03 0.0000000000e+00 -8.6796825777e-03 -1.1302506338e+01 0.0000000000e+00 0.0000000000e+00 0.0000000000e+00 4.1823326112e+00
1515.50000000 -1.1225531253e+01 -8.6511955780e-03 0.0000000000e+00 -8.6511955780e-03 -1.1225534455e+01 0.0000000000e+00 0.0000000000e+00 0.0000000000e+00 4.1824335727e+00
1516.00000000 -1.1149037548e+01 -8.6228855465e-03 0.0000000000e+00 -8.6228855465e-03 -1.1149040739e+01 0.0000000000e+00 0.0000000000e+00 0.0000000000e+00 4.1825343784e+00
1516.50000000 -1.1073017584e+01 -8.5947508449e-03 0.0000000000e+00 -8.5947508449e-03 -1.1073020765e+01 0.0000000000e+00 0.0000000000e+00 0.0000000000e+00 4.1826350284e+00
1517.00000000 -1.0997466989e+01 -8.5667898549e-03 0.0000000000e+00 -8.5667898549e-03 -1.0997470160e+01 0.0000000000e+00 0.0000000000e+00 0.0000000000e+00 4.1827355231e+00
1517.50000000 -1.0922381444e+01 -8.5390009782e-03 0.0000000000e+00 -8.5390009782e-03 -1.0922384605e+01 0.0000000000e+00 0.0000000000e+00 0.0000000000e+00 4.1828358630e+00
1518.00000000 -1.0847756683e+01 -8.5113826359e-03 0.0000000000e+00 -8.5113826359e-03 -1.0847759833e+01 0.0000000000e+00 0.0000000000e+00 0.0000000000e+00 4.1829360482e+00
1518.50000000 -1.0773588492e+01 -8.4839332683e-03 0.0000000000e+00 -8.4839332683e-03 -1.0773591632e+01 0.0000000000e+00 0.0000000000e+00 0.0000000000e+00 4.1830360793e+00
1519.00000000 -1.0699872708e+01 -8.4566513349e-03 0.0000000000e+00 -8.4566513349e-03 -1.0699875838e+01 0.0000000000e+00 0.0000000000e+00 0.0000000000e+00 4.1831359564e+00
1519.50000000 -1.0626605218e+01 -8.4295353135e-03 0.0000000000e+00 -8.4295353135e-03 -1.0626608338e+01 0.0000000000e+00 0.0000000000e+00 0.0000000000e+00 4.1832356800e+00
1520.00000000 -1.0553781960e+01 -8.4025837007e-03 0.0000000000e+00 -8.4025837007e-03 -1.0553785070e+01 0.0000000000e+00 0.0000000000e+00 0.0000000000e+00 4.1833352504e+00
1520.50000000 -1.0481398920e+01 -8.3757950107e-03 0.0000000000e+00 -8.3757950107e-03 -1.0481402020e+01 0.0000000000e+00 0.0000000000e+00 0.0000000000e+00 4.1834346679e+00
1521.00000000 -1.0409452132e+01 -8.3491677760e-03 0.0000000000e+00 -8.3491677760e-03 -1.0409455222e+01 0.0000000000e+00 0.0000000000e+00 0.0000000000e+00 4.1835339328e+00
1521.50000000 -1.0337937678e+01 -8.3227005464e-03 0.0000000000e+00 -8.3227005464e-03 -1.0337940758e+01 0.0000000000e+00 0.0000000000e+00 0.0000000000e+00 4.1836330455e+00
1522.00000000 -1.0266851685e+01 -8.2963918890e-03 0.0000000000e+00 -8.2963918890e-03 -1.0266854756e+01 0.0000000000e+00 0.0000000000e+00 0.0000000000e+00 4.1837320064e+00
1522.50000000 -1.0196190330e+01 -8.2702403881e-03 0.0000000000e+00 -8.2702403881e-03 -1.0196193391e+01 0.0000000000e+00 0.0000000000e+00 0.0000000000e+00 4.1838308157e+00
1523.00000000 -1.0125949831e+01 -8.2442446447e-03 0.0000000000e+00 -8.2442446447e-03 -1.0125952882e+01 0.0000000000e+00 0.0000000000e+00 0.0000000000e+00 4.1839294738e+00
1523.50000000 -1.0056126454e+01 -8.2184032763e-03 0.0000000000e+00 -8.2184032763e-03 -1.0056129495e+01 0.0000000000e+00 0.0000000000e+00 0.0000000000e+00 4.1840279811e+00
1524.00000000 -9.9867165061e+00 -8.1927149167e-03 0.0000000000e+00 -8.1927149167e-03 -9.9867195382e+00 0.0000000000e+00 0.0000000000e+00 0.0000000000e+00 4.1841263378e+00
1524.50000000 -9.9177163405e+00 -8.1671782158e-03 0.0000000000e+00 -8.1671782158e-03 -9.9177193631e+00 0.0000000000e+00 0.0000000000e+00 0.0000000000e+00 4.1842245442e+00
1525.00000000 -9.8491223516e+00 -8.1417918395e-03 0.0000000000e+00 -8.1417918395e-03 -9.8491253648e+00 0.0000000000e+00 0.0000000000e+00 0.0000000000e+00 4.1843226008e+00
1525.50000000 -9.7809309764e+00 -8.1165544690e-03 0.0000000000e+00 -8.1165544690e-03 -9.7809339803e+00 0.0000000000e+00 0.0000000000e+00 0.0000000000e+00 4.1844205078e+00
1526.00000000 -9.7131386933e+00 -8.0914648009e-03 0.0000000000e+00 -8.0914648009e-03 -9.7131416879e+00 0.0000000000e+00 0.0000000000e+00 0.0000000000e+00 4.1845182656e+00
1526.50000000 -9.6457420218e+00 -8.0665215472e-03 0.0000000000e+00 -8.0665215472e-03 -9.6457450072e+00 0.0000000000e+00 0.0000000000e+00 0.0000000000e+00 4.1846158744e+00
1527.00000000 -9.5787375214e+00 -8.0417234346e-03 0.0000000000e+00 -8.0417234346e-03 -9.5787404976e+00 0.0000000000e+00 0.0000000000e+00 0.0000000000e+00 4.1847133347e+00
1527.50000000 -9.5121217918e+00 -8.0170692045e-03 0.0000000000e+00 -8.0170692045e-03 -9.5121247589e+00 0.0000000000e+00 0.0000000000e+00 0.0000000000e+00 4.1848106467e+00
1528.00000000 -9.4458914714e+00 -7.9925576129e-03 0.0000000000e+00 -7.9925576129e-03 -9.4458944295e+00 0.0000000000e+00 0.0000000000e+00 0.0000000000e+00 4.1849078107e+00
1528.50000000 -9.3800432376e+00 -7.9681874302e-03 0.0000000000e+00 -7.9681874302e-03 -9.3800461866e+00 0.0000000000e+00 0.0000000000e+00 0.0000000000e+00 4.1850048271e+00
1529.00000000 -9.3145738057e+00 -7.9439574406e-03 0.0000000000e+00 -7.9439574406e-03 -9.3145767457e+00 0.0000000000e+00 0.0000000000e+00 0.0000000000e+00 4.1851016963e+00
1529.50000000 -9.2494799283e+00 -7.9198664423e-03 0.0000000000e+00 -7.9198664423e-03 -9.2494828594e+00 0.0000000000e+00 0.0000000000e+00 0.0000000000e+00 4.1851984184e+00
1530.00000000 -9.1847583954e+00 -7.8959132473e-03 0.0000000000e+00 -7.8959132473e-03 -9.1847613177e+00 0.0000000000e+00 0.0000000000e+00 0.0000000000e+00 4.1852949939e+00
1530.50000000 -9.1204060332e+00 -7.8720966810e-03 0.0000000000e+00 -7.8720966810e-03 -9.1204089467e+00 0.0000000000e+00 0.0000000000e+00 0.0000000000e+00 4.1853914230e+00
1531.00000000 -9.0564197039e+00 -7.8484155820e-03 0.0000000000e+00 -7.8484155820e-03 -9.0564226086e+00 0.0000000000e+00 0.0000000000e+00 0.0000000000e+00 4.1854877061e+00
1531.50000000 -8.9927963051e+00 -7.8248688023e-03 0.0000000000e+00 -7.8248688023e-03 -8.9927992010e+00 0.0000000000e+00 0.0000000000e+00 0.0000000000e+00 4.1855838435e+00
1532.00000000 -8.9295327693e+00 -7.8014552065e-03 0.0000000000e+00 -7.8014552065e-03 -8.9295356566e+00 0.0000000000e+00 0.0000000000e+00 0.0000000000e+00 4.1856798355e+00
1532.50000000 -8.8666260637e+00 -7.7781736722e-03 0.0000000000e+00 -7.7781736722e-03 -8.8666289423e+00 0.0000000000e+00 0.0000000000e+00 0.0000000000e+00 4.1857756825e+00
1533.00000000 -8.8040731890e+00 -7.7550230895e-03 0.0000000000e+00 -7.7550230895e-03 -8.8040760591e+00 0.0000000000e+00 0.0000000000e+00 0.0000000000e+00 4.1858713846e+00
1533.50000000 -8.7418711799e+00 -7.7320023607e-03 0.0000000000e+00 -7.7320023607e-03 -8.7418740415e+00 0.0000000000e+00 0.0000000000e+00 0.0000000000e+00 4.1859669423e+00
1534.00000000 -8.6800171038e+00 -7.7091104006e-03 0.0000000000e+00 -7.7091104006e-03 -8.6800199569e+00 0.0000000000e+00 0.0000000000e+00 0.0000000000e+00 4.1860623558e+00
1534.50000000 -8.6185080607e+00 -7.6863461360e-03 0.0000000000e+00 -7.6863461360e-03 -8.6185109054e+00 0.0000000000e+00 0.0000000000e+00 0.0000000000e+00 4.1861576255e+00
1535.00000000 -8.5573411829e+00 -7.6637085054e-03 0.0000000000e+00 -7.6637085054e-03 -8.5573440192e+00 0.0000000000e+00 0.0000000000e+00 0.0000000000e+00 4.1862527517e+00
1535.50000000 -8.4965136341e+00 -7.6411964592e-03 0.0000000000e+00 -7.6411964592e-03 -8.4965164620e+00 0.0000000000e+00 0.0000000000e+00 0.0000000000e+00 4.1863477347e+00
1536.00000000 -8.4360226094e+00 -7.6188089593e-03 0.0000000000e+00 -7.6188089593e-03 -8.4360254291e+00 0.0000000000e+00 0.0000000000e+00 0.0000000000e+00 4.1864425748e+00
1536.50000000 -8.3758653347e+00 -7.5965449791e-03 0.0000000000e+00 -7.5965449791e-03 -8.3758681462e+00 0.0000000000e+00 0.0000000000e+00 0.0000000000e+00 4.1865372722e+00
1537.00000000 -8.3160390663e+00 -7.5744035030e-03 0.0000000000e+00 -7.5744035030e-03 -8.3160418696e+00 0.0000000000e+00 0.0000000000e+00 0.0000000000e+00 4.1866318274e+00
1537.50000000 -8.2565410905e+00 -7.5523835267e-03 0.0000000000e+00 -7.5523835267e-03 -8.2565438856e+00 0.0000000000e+00 0.0000000000e+00 0.0000000000e+00 4.1867262406e+00
1538.00000000 -8.1973687229e+00 -7.5304840569e-03 0.0000000000e+00 -7.5304840569e-03 -8.1973715099e+00 0.0000000000e+00 0.0000000000e+00 0.0000000000e+00 4.1868205121e+00
1538.50000000 -8.1385193087e+00 -7.5087041108e-03 0.0000000000e+00 -7.5087041108e-03 -8.1385220876e+00 0.0000000000e+00 0.0000000000e+00 0.0000000000e+00 4.1869146422e+00
1539.00000000 -8.0799902215e+00 -7.4870427166e-03 0.0000000000e+00 -7.4870427166e-03 -8.0799929924e+00 0.0000000000e+00 0.0000000000e+00 0.0000000000e+00 4.1870086312e+00
1539.50000000 -8.0217788634e+00 -7.4654989127e-03 0.0000000000e+00 -7.4654989127e-03 -8.0217816264e+00 0.0000000000e+00 0.0000000000e+00 0.0000000000e+00 4.1871024795e+00
1540.00000000 -7.9638826646e+00 -7.4440717481e-03 0.0000000000e+00 -7.4440717481e-03 -7.9638854197e+00 0.0000000000e+00 0.0000000000e+00 0.0000000000e+00 4.1871961873e+00
1540.50000000 -7.9062990828e+00 -7.4227602818e-03 0.0000000000e+00 -7.4227602818e-03 -7.9063018300e+00 0.0000000000e+00 0.0000000000e+00 0.0000000000e+00 4.1872897549e+00
1541.00000000 -7.8490256030e+00 -7.4015635832e-03 0.0000000000e+00 -7.4015635832e-03 -7.8490283423e+00 0.0000000000e+00 0.0000000000e+00 0.0000000000e+00 4.1873831826e+00
1541.50000000 -7.7920597370e+00 -7.3804807312e-03 0.0000000000e+00 -7.3804807312e-03 -7.7920624684e+00 0.0000000000e+00 0.0000000000e+00 0.0000000000e+00 4.1874764708e+00
1542.00000000 -7.7353990232e+00 -7.3595108149e-03 0.0000000000e+00 -7.3595108149e-03 -7.7354017469e+00 0.0000000000e+00 0.0000000000e+00 0.0000000000e+00 4.1875696197e+00
1542.50000000 -7.6790410262e+00 -7.3386529330e-03 0.0000000000e+00 -7.3386529330e-03 -7.6790437422e+00 0.0000000000e+00 0.0000000000e+00 0.0000000000e+00 4.1876626296e+00
1543.00000000 -7.6229833365e+00 -7.3179061936e-03 0.0000000000e+00 -7.3179061936e-03 -7.6229860448e+00 0.0000000000e+00 0.0000000000e+00 0.0000000000e+00 4.1877555008e+00
1543.50000000 -7.5672235699e+00 -7.2972697145e-03 0.0000000000e+00 -7.2972697145e-03 -7.5672262705e+00 0.0000000000e+00 0.0000000000e+00 0.0000000000e+00 4.1878482336e+00
1544.00000000 -7.5117593674e+00 -7.2767426225e-03 0.0000000000e+00 -7.2767426225e-03 -7.5117620605e+00 0.0000000000e+00 0.0000000000e+00 0.0000000000e+00 4.1879408284e+00
1544.50000000 -7.4565883949e+00 -7.2563240539e-03 0.0000000000e+00 -7.2563240539e-03 -7.4565910805e+00 0.0000000000e+00 0.0000000000e+00 0.0000000000e+00 4.1880332853e+00
1545.00000000 -7.4017083429e+00 -7.2360131538e-03 0.0000000000e+00 -7.2360131538e-03 -7.4017110209e+00 0.0000000000e+00 0.0000000000e+00 0.0000000000e+00 4.1881256047e+00
1545.50000000 -7.3471169257e+00 -7.2158090764e-03 0.0000000000e+00 -7.2158090764e-03 -7.3471195963e+00 0.0000000000e+00 0.0000000000e+00 0.0000000000e+00 4.1882177869e+00
1546.00000000 -7.2928118819e+00 -7.1957109847e-03 0.0000000000e+00 -7.1957109847e-03 -7.2928145450e+00 0.0000000000e+00 0.0000000000e+00 0.0000000000e+00 4.1883098322e+00
1546.50000000 -7.2387909734e+00 -7.1757180504e-03 0.0000000000e+00 -7.1757180504e-03 -7.2387936291e+00 0.0000000000e+00 0.0000000000e+00 0.0000000000e+00 4.1884017409e+00
1547.00000000 -7.1850519854e+00 -7.1558294538e-03 0.0000000000e+00 -7.1558294538e-03 -7.1850546337e+00 0.0000000000e+00 0.0000000000e+00 0.0000000000e+00 4.1884935132e+00
1547.50000000 -7.1315927259e+00 -7.1360443837e-03 0.0000000000e+00 -7.1360443837e-03 -7.1315953669e+00 0.0000000000e+00 0.0000000000e+00 0.0000000000e+00 4.1885851495e+00
1548.00000000 -7.0784110259e+00 -7.1163620372e-03 0.0000000000e+00 -7.1163620372e-03 -7.0784136596e+00 0.0000000000e+00 0.0000000000e+00 0.0000000000e+00 4.1886766499e+00
1548.50000000 -7.0255047383e+00 -7.0967816199e-03 0.0000000000e+00 -7.0967816199e-03 -7.0255073648e+00 0.0000000000e+00 0.0000000000e+00 0.0000000000e+00 4.1887680150e+00
1549.00000000 -6.9728717386e+00 -7.0773023454e-03 0.0000000000e+00 -7.0773023454e-03 -6.9728743578e+00 0.0000000000e+00 0.0000000000e+00 0.0000000000e+00 4.1888592448e+00
1549.50000000 -6.9205099235e+00 -7.0579234353e-03 0.0000000000e+00 -7.0579234353e-03 -6.9205125356e+00 0.0000000000e+00 0.0000000000e+00 0.0000000000e+00 4.1889503397e+00
1550.00000000 -6.8684172117e+00 -7.0386441193e-03 0.0000000000e+00 -7.0386441193e-03 -6.8684198167e+00 0.0000000000e+00 0.0000000000e+00 0.0000000000e+00 4.1890412999e+00
1550.50000000 -6.8165915429e+00 -7.0194636349e-03 0.0000000000e+00 -7.0194636349e-03 -6.8165941408e+00 0.0000000000e+00 0.0000000000e+00 0.0000000000e+00 4.1891321259e+00
1551.00000000 -6.7650308778e+00 -7.0003812274e-03 0.0000000000e+00 -7.0003812274e-03 -6.7650334686e+00 0.0000000000e+00 0.0000000000e+00 0.0000000000e+00 4.1892228178e+00
1551.50000000 -6.7137331977e+00 -6.9813961497e-03 0.0000000000e+00 -6.9813961497e-03 -6.7137357815e+00 0.0000000000e+00 0.0000000000e+00 0.0000000000e+00 4.1893133759e+00
1552.00000000 -6.6626965046e+00 -6.9625076622e-03 0.0000000000e+00 -6.9625076622e-03 -6.6626990814e+00 0.0000000000e+00 0.0000000000e+00 0.0000000000e+00 4.1894038005e+00
1552.50000000 -6.6119188203e+00 -6.9437150330e-03 0.0000000000e+00 -6.9437150330e-03 -6.6119213902e+00 0.0000000000e+00 0.0000000000e+00 0.0000000000e+00 4.1894940919e+00
1553.00000000 -6.5613981870e+00 -6.9250175373e-03 0.0000000000e+00 -6.9250175373e-03 -6.5614007499e+00 0.0000000000e+00 0.0000000000e+00 0.0000000000e+00 4.1895842504e+00
1553.50000000 -6.5111326661e+00 -6.9064144577e-03 0.0000000000e+00 -6.9064144577e-03 -6.5111352221e+00 0.0000000000e+00 0.0000000000e+00 0.0000000000e+00 4.1896742762e+00
1554.00000000 -6.4611203387e+00 -6.8879050841e-03 0.0000000000e+00 -6.8879050841e-03 -6.4611228878e+00 0.0000000000e+00 0.0000000000e+00 0.0000000000e+00 4.1897641696e+00
1554.50000000 -6.4113593050e+00 -6.8694887134e-03 0.0000000000e+00 -6.8694887134e-03 -6.4113618473e+00 0.0000000000e+00 0.0000000000e+00 0.0000000000e+00 4.1898539310e+00
1555.00000000 -6.3618476842e+00 -6.8511646495e-03 0.0000000000e+00 -6.8511646495e-03 -6.3618502198e+00 0.0000000000e+00 0.0000000000e+00 0.0000000000e+00 4.1899435605e+00
1555.50000000 -6.3125836142e+00 -6.8329322031e-03 0.0000000000e+00 -6.8329322031e-03 -6.3125861430e+00 0.0000000000e+00 0.0000000000e+00 0.0000000000e+00 4.1900330585e+00
1556.00000000 -6.2635652513e+00 -6.8147906921e-03 0.0000000000e+00 -6.8147906921e-03 -6.2635677734e+00 0.0000000000e+00 0.0000000000e+00 0.0000000000e+00 4.1901224253e+00
1556.50000000 -6.2147907701e+00 -6.7967394407e-03 0.0000000000e+00 -6.7967394407e-03 -6.2147932855e+00 0.0000000000e+00 0.0000000000e+00 0.0000000000e+00 4.1902116610e+00
1557.00000000 -6.1662583633e+00 -6.7787777802e-03 0.0000000000e+00 -6.7787777802e-03 -6.1662608721e+00 0.0000000000e+00 0.0000000000e+00 0.0000000000e+00 4.1903007660e+00
1557.50000000 -6.1179662413e+00 -6.7609050481e-03 0.0000000000e+00 -6.7609050481e-03 -6.1179687434e+00 0.0000000000e+00 0.0000000000e+00 0.0000000000e+00 4.1903897406e+00
1558.00000000 -6.0699126321e+00 -6.7431205887e-03 0.0000000000e+00 -6.7431205887e-03 -6.0699151277e+00 0.0000000000e+00 0.0000000000e+00 0.0000000000e+00 4.1904785850e+00
1558.50000000 -6.0220957811e+00 -6.7254237527e-03 0.0000000000e+00 -6.7254237527e-03 -6.0220982701e+00 0.0000000000e+00 0.0000000000e+00 0.0000000000e+00 4.1905672995e+00
1559.00000000 -5.9745139508e+00 -6.7078138969e-03 0.0000000000e+00 -6.7078138969e-03 -5.9745164333e+00 0.0000000000e+00 0.0000000000e+00 0.0000000000e+00 4.1906558843e+00
1559.50000000 -5.9271654207e+00 -6.6902903847e-03 0.0000000000e+00 -6.6902903847e-03 -5.9271678968e+00 0.0000000000e+00 0.0000000000e+00 0.0000000000e+00 4.1907443398e+00
1560.00000000 -5.8800484872e+00 -6.6728525855e-03 0.0000000000e+00 -6.6728525855e-03 -5.8800509568e+00 0.0000000000e+00 0.0000000000e+00 0.0000000000e+00 4.1908326663e+00
1560.50000000 -5.8331614628e+00 -6.6554998747e-03 0.0000000000e+00 -6.6554998747e-03 -5.8331639260e+00 0.0000000000e+00 0.0000000000e+00 0.0000000000e+00 4.1909208639e+00
1561.00000000 -5.7865026768e+00 -6.6382316342e-03 0.0000000000e+00 -6.6382316342e-03 -5.7865051336e+00 0.0000000000e+00 0.0000000000e+00 0.0000000000e+00 4.1910089329e+00
1561.50000000 -5.7400704744e+00 -6.6210472513e-03 0.0000000000e+00 -6.6210472513e-03 -5.7400729248e+00 0.0000000000e+00 0.0000000000e+00 0.0000000000e+00 4.1910968737e+00
1562.00000000 -5.6938632168e+00 -6.6039461197e-03 0.0000000000e+00 -6.6039461197e-03 -5.6938656609e+00 0.0000000000e+00 0.0000000000e+00 0.0000000000e+00 4.1911846864e+00
1562.50000000 -5.6478792809e+00 -6.5869276386e-03 0.0000000000e+00 -6.5869276386e-03 -5.6478817187e+00 0.0000000000e+00 0.0000000000e+00 0.0000000000e+00 4.1912723714e+00
1563.00000000 -5.6021170593e+00 -6.5699912132e-03 0.0000000000e+00 -6.5699912132e-03 -5.6021194908e+00 0.0000000000e+00 0.0000000000e+00 0.0000000000e+00 4.1913599289e+00
1563.50000000 -5.5565749598e+00 -6.5531362541e-03 0.0000000000e+00 -6.5531362541e-03 -5.5565773851e+00 0.0000000000e+00 0.0000000000e+00 0.0000000000e+00 4.1914473592e+00
1564.00000000 -5.5112514055e+00 -6.5363621777e-03 0.0000000000e+00 -6.5363621777e-03 -5.5112538246e+00 0.0000000000e+00 0.0000000000e+00 0.0000000000e+00 4.1915346625e+00
1564.50000000 -5.4661448347e+00 -6.5196684061e-03 0.0000000000e+00 -6.5196684061e-03 -5.4661472476e+00 0.0000000000e+00 0.0000000000e+00 0.0000000000e+00 4.1916218391e+00
1565.00000000 -5.4212537001e+00 -6.5030543667e-03 0.0000000000e+00 -6.5030543667e-03 -5.4212561069e+00 0.0000000000e+00 0.0000000000e+00 0.0000000000e+00 4.1917088893e+00
1565.50000000 -5.3765764695e+00 -6.4865194923e-03 0.0000000000e+00 -6.4865194923e-03 -5.3765788701e+00 0.0000000000e+00 0.0000000000e+00 0.0000000000e+00 4.1917958133e+00
1566.00000000 -5.3321116249e+00 -6.4700632212e-03 0.0000000000e+00 -6.4700632212e-03 -5.3321140194e+00 0.0000000000e+00 0.0000000000e+00 0.0000000000e+00 4.1918826114e+00
1566.50000000 -5.2878576627e+00 -6.4536849968e-03 0.0000000000e+00 -6.4536849968e-03 -5.2878600512e+00 0.0000000000e+00 0.0000000000e+00 0.0000000000e+00 4.1919692839e+00
1567.00000000 -5.2438130935e+00 -6.4373842680e-03 0.0000000000e+00 -6.4373842680e-03 -5.2438154760e+00 0.0000000000e+00 0.0000000000e+00 0.0000000000e+00 4.1920558309e+00
1567.50000000 -5.1999764419e+00 -6.4211604888e-03 0.0000000000e+00 -6.4211604888e-03 -5.1999788183e+00 0.0000000000e+00 0.0000000000e+00 0.0000000000e+00 4.1921422528e+00
1568.00000000 -5.1563462462e+00 -6.4050131180e-03 0.0000000000e+00 -6.4050131180e-03 -5.1563486167e+00 0.0000000000e+00 0.0000000000e+00 0.0000000000e+00 4.1922285499e+00
1568.50000000 -5.1129210585e+00 -6.3889416200e-03 0.0000000000e+00 -6.3889416200e-03 -5.1129234230e+00 0.0000000000e+00 0.0000000000e+00 0.0000000000e+00 4.1923147223e+00
1569.00000000 -5.0696994443e+00 -6.3729454637e-03 0.0000000000e+00 -6.3729454637e-03 -5.0697018029e+00 0.0000000000e+00 0.0000000000e+00 0.0000000000e+00 4.1924007704e+00
1569.50000000 -5.0266799824e+00 -6.3570241233e-03 0.0000000000e+00 -6.3570241233e-03 -5.0266823351e+00 0.0000000000e+00 0.0000000000e+00 0.0000000000e+00 4.1924866943e+00
1570.00000000 -4.9838612649e+00 -6.3411770776e-03 0.0000000000e+00 -6.3411770776e-03 -4.9838636118e+00 0.0000000000e+00 0.0000000000e+00 0.0000000000e+00 4.1925724945e+00
1570.50000000 -4.9412418970e+00 -6.3254038104e-03 0.0000000000e+00 -6.3254038104e-03 -4.9412442380e+00 0.0000000000e+00 0.0000000000e+00 0.0000000000e+00 4.1926581710e+00
1571.00000000 -4.8988204966e+00 -6.3097038102e-03 0.0000000000e+00 -6.3097038102e-03 -4.8988228318e+00 0.0000000000e+00 0.0000000000e+00 0.0000000000e+00 4.1927437241e+00
1571.50000000 -4.8565956943e+00 -6.2940765703e-03 0.0000000000e+00 -6.2940765703e-03 -4.8565980238e+00 0.0000000000e+00 0.0000000000e+00 0.0000000000e+00 4.1928291542e+00
1572.00000000 -4.8145661337e+00 -6.2785215886e-03 0.0000000000e+00 -6.2785215886e-03 -4.8145684573e+00 0.0000000000e+00 0.0000000000e+00 0.0000000000e+00 4.1929144615e+00
1572.50000000 -4.7727304702e+00 -6.2630383675e-03 0.0000000000e+00 -6.2630383675e-03 -4.7727327882e+00 0.0000000000e+00 0.0000000000e+00 0.0000000000e+00 4.1929996461e+00
1573.00000000 -4.7310873722e+00 -6.2476264141e-03 0.0000000000e+00 -6.2476264141e-03 -4.7310896844e+00 0.0000000000e+00 0.0000000000e+00 0.0000000000e+00 4.1930847085e+00
1573.50000000 -4.6896355196e+00 -6.2322852400e-03 0.0000000000e+00 -6.2322852400e-03 -4.6896378262e+00 0.0000000000e+00 0.0000000000e+00 0.0000000000e+00 4.1931696487e+00
1574.00000000 -4.6483736049e+00 -6.2170143611e-03 0.0000000000e+00 -6.2170143611e-03 -4.6483759058e+00 0.0000000000e+00 0.0000000000e+00 0.0000000000e+00 4.1932544671e+00
1574.50000000 -4.6073003321e+00 -6.2018132979e-03 0.0000000000e+00 -6.2018132979e-03 -4.6073026274e+00 0.0000000000e+00 0.0000000000e+00 0.0000000000e+00 4.1933391639e+00
1575.00000000 -4.5664144171e+00 -6.1866815751e-03 0.0000000000e+00 -6.1866815751e-03 -4.5664167068e+00 0.0000000000e+00 0.0000000000e+00 0.0000000000e+00 4.1934237394e+00
1575.50000000 -4.5257145875e+00 -6.1716187218e-03 0.0000000000e+00 -6.1716187218e-03 -4.5257168716e+00 0.0000000000e+00 0.0000000000e+00 0.0000000000e+00 4.1935081938e+00
1576.00000000 -4.4851995822e+00 -6.1566242712e-03 0.0000000000e+00 -6.1566242712e-03 -4.4852018607e+00 0.0000000000e+00 0.0000000000e+00 0.0000000000e+00 4.1935925274e+00
1576.50000000 -4.4448681515e+00 -6.1416977610e-03 0.0000000000e+00 -6.1416977610e-03 -4.4448704245e+00 0.0000000000e+00 0.0000000000e+00 0.0000000000e+00 4.1936767403e+00
1577.00000000 -4.4047190571e+00 -6.1268387327e-03 0.0000000000e+00 -6.1268387327e-03 -4.4047213247e+00 0.0000000000e+00 0.0000000000e+00 0.0000000000e+00 4.1937608330e+00
1577.50000000 -4.3647510717e+00 -6.1120467322e-03 0.0000000000e+00 -6.1120467322e-03 -4.3647533338e+00 0.0000000000e+00 0.0000000000e+00 0.0000000000e+00 4.1938448055e+00
1578.00000000 -4.3249629789e+00 -6.0973213093e-03 0.0000000000e+00 -6.0973213093e-03 -4.3249652355e+00 0.0000000000e+00 0.0000000000e+00 0.0000000000e+00 4.1939286581e+00
1578.50000000 -4.2853535733e+00 -6.0826620178e-03 0.0000000000e+00 -6.0826620178e-03 -4.2853558245e+00 0.0000000000e+00 0.0000000000e+00 0.0000000000e+00 4.1940123912e+00
1579.00000000 -4.2459216602e+00 -6.0680684156e-03 0.0000000000e+00 -6.0680684156e-03 -4.2459239060e+00 0.0000000000e+00 0.0000000000e+00 0.0000000000e+00 4.1940960048e+00
1579.50000000 -4.2066660554e+00 -6.0535400644e-03 0.0000000000e+00 -6.0535400644e-03 -4.2066682958e+00 0.0000000000e+00 0.0000000000e+00 0.0000000000e+00 4.1941794994e+00
1580.00000000 -4.1675855854e+00 -6.0390765300e-03 0.0000000000e+00 -6.0390765300e-03 -4.1675878204e+00 0.0000000000e+00 0.0000000000e+00 0.0000000000e+00 4.1942628750e+00
1580.50000000 -4.1286790868e+00 -6.0246773818e-03 0.0000000000e+00 -6.0246773818e-03 -4.1286813165e+00 0.0000000000e+00 0.0000000000e+00 0.0000000000e+00 4.1943461320e+00
1581.00000000 -4.0899454069e+00 -6.0103421931e-03 0.0000000000e+00 -6.0103421931e-03 -4.0899476313e+00 0.0000000000e+00 0.0000000000e+00 0.0000000000e+00 4.1944292706e+00
1581.50000000 -4.0513834028e+00 -5.9960705409e-03 0.0000000000e+00 -5.9960705409e-03 -4.0513856219e+00 0.0000000000e+00 0.0000000000e+00 0.0000000000e+00 4.1945122910e+00
1582.00000000 -4.0129919417e+00 -5.9818620061e-03 0.0000000000e+00 -5.9818620061e-03 -4.0129941556e+00 0.0000000000e+00 0.0000000000e+00 0.0000000000e+00 4.1945951935e+00
1582.50000000 -3.9747699009e+00 -5.9677161731e-03 0.0000000000e+00 -5.9677161731e-03 -3.9747721096e+00 0.0000000000e+00 0.0000000000e+00 0.0000000000e+00 4.1946779784e+00
1583.00000000 -3.9367161674e+00 -5.9536326300e-03 0.0000000000e+00 -5.9536326300e-03 -3.9367183708e+00 0.0000000000e+00 0.0000000000e+00 0.0000000000e+00 4.1947606457e+00
1583.50000000 -3.8988296379e+00 -5.9396109684e-03 0.0000000000e+00 -5.9396109684e-03 -3.8988318362e+00 0.0000000000e+00 0.0000000000e+00 0.0000000000e+00 4.1948431959e+00
1584.00000000 -3.8611092188e+00 -5.9256507837e-03 0.0000000000e+00 -5.9256507837e-03 -3.8611114119e+00 0.0000000000e+00 0.0000000000e+00 0.0000000000e+00 4.1949256291e+00
1584.50000000 -3.8235538260e+00 -5.9117516746e-03 0.0000000000e+00 -5.9117516746e-03 -3.8235560139e+00 0.0000000000e+00 0.0000000000e+00 0.0000000000e+00 4.1950079455e+00
1585.00000000 -3.7861623847e+00 -5.8979132433e-03 0.0000000000e+00 -5.8979132433e-03 -3.7861645675e+00 0.0000000000e+00 0.0000000000e+00 0.0000000000e+00 4.1950901454e+00
1585.50000000 -3.7489338295e+00 -5.8841350956e-03 0.0000000000e+00 -5.8841350956e-03 -3.7489360072e+00 0.0000000000e+00 0.0000000000e+00 0.0000000000e+00 4.1951722291e+00
1586.00000000 -3.7118671042e+00 -5.8704168405e-03 0.0000000000e+00 -5.8704168405e-03 -3.7118692768e+00 0.0000000000e+00 0.0000000000e+00 0.0000000000e+00 4.1952541967e+00
1586.50000000 -3.6749611617e+00 -5.8567580905e-03 0.0000000000e+00 -5.8567580905e-03 -3.6749633293e+00 0.0000000000e+00 0.0000000000e+00 0.0000000000e+00 4.1953360486e+00
1587.00000000 -3.6382149639e+00 -5.8431584614e-03 0.0000000000e+00 -5.8431584614e-03 -3.6382171264e+00 0.0000000000e+00 0.0000000000e+00 0.0000000000e+00 4.1954177848e+00
1587.50000000 -3.6016274816e+00 -5.8296175723e-03 0.0000000000e+00 -5.8296175723e-03 -3.6016296391e+00 0.0000000000e+00 0.0000000000e+00 0.0000000000e+00 4.1954994057e+00
1588.00000000 -3.5651976945e+00 -5.8161350456e-03 0.0000000000e+00 -5.8161350456e-03 -3.5651998470e+00 0.0000000000e+00 0.0000000000e+00 0.0000000000e+00 4.1955809116e+00
1588.50000000 -3.5289245908e+00 -5.8027105069e-03 0.0000000000e+00 -5.8027105069e-03 -3.5289267384e+00 0.0000000000e+00 0.0000000000e+00 0.0000000000e+00 4.1956623025e+00
1589.00000000 -3.4928071676e+00 -5.7893435849e-03 0.0000000000e+00 -5.7893435849e-03 -3.4928093102e+00 0.0000000000e+00 0.0000000000e+00 0.0000000000e+00 4.1957435788e+00
1589.50000000 -3.4568444304e+00 -5.7760339116e-03 0.0000000000e+00 -5.7760339116e-03 -3.4568465681e+00 0.0000000000e+00 0.0000000000e+00 0.0000000000e+00 4.1958247407e+00
1590.00000000 -3.4210353931e+00 -5.7627811221e-03 0.0000000000e+00 -5.7627811221e-03 -3.4210375259e+00 0.0000000000e+00 0.0000000000e+00 0.0000000000e+00 4.1959057884e+00
1590.50000000 -3.3853790781e+00 -5.7495848545e-03 0.0000000000e+00 -5.7495848545e-03 -3.3853812060e+00 0.0000000000e+00 0.0000000000e+00 0.0000000000e+00 4.1959867222e+00
1591.00000000 -3.3498745159e+00 -5.7364447501e-03 0.0000000000e+00 -5.7364447501e-03 -3.3498766390e+00 0.0000000000e+00 0.0000000000e+00 0.0000000000e+00 4.1960675422e+00
1591.50000000 -3.3145207454e+00 -5.7233604530e-03 0.0000000000e+00 -5.7233604530e-03 -3.3145228636e+00 0.0000000000e+00 0.0000000000e+00 0.0000000000e+00 4.1961482488e+00
1592.00000000 -3.2793168133e+00 -5.7103316107e-03 0.0000000000e+00 -5.7103316107e-03 -3.2793189266e+00 0.0000000000e+00 0.0000000000e+00 0.0000000000e+00 4.1962288420e+00
1592.50000000 -3.2442617745e+00 -5.6973578732e-03 0.0000000000e+00 -5.6973578732e-03 -3.2442638831e+00 0.0000000000e+00 0.0000000000e+00 0.0000000000e+00 4.1963093222e+00
1593.00000000 -3.2093546919e+00 -5.6844388937e-03 0.0000000000e+00 -5.6844388937e-03 -3.2093567957e+00 0.0000000000e+00 0.0000000000e+00 0.0000000000e+00 4.1963896896e+00
1593.50000000 -3.1745946361e+00 -5.6715743282e-03 0.0000000000e+00 -5.6715743282e-03 -3.1745967352e+00 0.0000000000e+00 0.0000000000e+00 0.0000000000e+00 4.1964699444e+00
1594.00000000 -3.1399806855e+00 -5.6587638358e-03 0.0000000000e+00 -5.6587638358e-03 -3.1399827798e+00 0.0000000000e+00 0.0000000000e+00 0.0000000000e+00 4.1965500869e+00
1594.50000000 -3.1055119262e+00 -5.6460070781e-03 0.0000000000e+00 -5.6460070781e-03 -3.1055140158e+00 0.0000000000e+00 0.0000000000e+00 0.0000000000e+00 4.1966301172e+00
1595.00000000 -3.0711874519e+00 -5.6333037197e-03 0.0000000000e+00 -5.6333037197e-03 -3.0711895367e+00 0.0000000000e+00 0.0000000000e+00 0.0000000000e+00 4.1967100355e+00
1595.50000000 -3.0370063637e+00 -5.6206534280e-03 0.0000000000e+00 -5.6206534280e-03 -3.0370084439e+00 0.0000000000e+00 0.0000000000e+00 0.0000000000e+00 4.1967898422e+00
1596.00000000 -3.0029677704e+00 -5.6080558731e-03 0.0000000000e+00 -5.6080558731e-03 -3.0029698459e+00 0.0000000000e+00 0.0000000000e+00 0.0000000000e+00 4.1968695374e+00
1596.50000000 -2.9690707879e+00 -5.5955107278e-03 0.0000000000e+00 -5.5955107278e-03 -2.9690728587e+00 0.0000000000e+00 0.0000000000e+00 0.0000000000e+00 4.1969491214e+00
1597.00000000 -2.9353145395e+00 -5.5830176677e-03 0.0000000000e+00 -5.5830176677e-03 -2.9353166058e+00 0.0000000000e+00 0.0000000000e+00 0.0000000000e+00 4.1970285943e+00
1597.50000000 -2.9016981559e+00 -5.5705763711e-03 0.0000000000e+00 -5.5705763711e-03 -2.9017002175e+00 0.0000000000e+00 0.0000000000e+00 0.0000000000e+00 4.1971079564e+00
1598.00000000 -2.8682207746e+00 -5.5581865186e-03 0.0000000000e+00 -5.5581865186e-03 -2.8682228316e+00 0.0000000000e+00 0.0000000000e+00 0.0000000000e+00 4.1971872079e+00
1598.50000000 -2.8348815404e+00 -5.5458477939e-03 0.0000000000e+00 -5.5458477939e-03 -2.8348835929e+00 0.0000000000e+00 0.0000000000e+00 0.0000000000e+00 4.1972663490e+00
1599.00000000 -2.8016796050e+00 -5.5335598829e-03 0.0000000000e+00 -5.5335598829e-03 -2.8016816530e+00 0.0000000000e+00 0.0000000000e+00 0.0000000000e+00 4.1973453800e+00
1599.50000000 -2.7686141271e+00 -5.5213224744e-03 0.0000000000e+00 -5.5213224744e-03 -2.7686161706e+00 0.0000000000e+00 0.0000000000e+00 0.0000000000e+00 4.1974243010e+00
1600.00000000 -2.7356842723e+00 -5.5091352594e-03 0.0000000000e+00 -5.5091352594e-03 -2.7356863112e+00 0.0000000000e+00 0.0000000000e+00 0.0000000000e+00 4.1975031123e+00
