# frequency_cm-1 intensity_normalized
0.000000000000000000e+00 5.146942314241195618e-04
2.368205342810859315e-01 5.162991720272006556e-04
4.736410685621718630e-01 5.179132380351894865e-04
7.104616028432577668e-01 5.195365061645690471e-04
9.472821371243437261e-01 5.211690539762582879e-04
1.184102671405429685e+00 5.228109598869901684e-04
1.420923205686515534e+00 5.244623031808680596e-04
1.657743739967601604e+00 5.261231640211077622e-04
1.894564274248687452e+00 5.277936234619653565e-04
2.131384808529773522e+00 5.294737634608557642e-04
2.368205342810859371e+00 5.311636668906662487e-04
2.605025877091945219e+00 5.328634175522653981e-04
2.841846411373031067e+00 5.345731001872156126e-04
3.078666945654116915e+00 5.362928004906894214e-04
3.315487479935203208e+00 5.380226051245932083e-04
3.552308014216289056e+00 5.397626017309060421e-04
3.789128548497374904e+00 5.415128789452336141e-04
4.025949082778461197e+00 5.432735264105823750e-04
4.262769617059547045e+00 5.450446347913579957e-04
4.499590151340632893e+00 5.468262957875957364e-04
4.736410685621718741e+00 5.486186021494195847e-04
4.973231219902804590e+00 5.504216476917413257e-04
5.210051754183890438e+00 5.522355273092029084e-04
5.446872288464976286e+00 5.540603369913615645e-04
5.683692822746062134e+00 5.558961738381306902e-04
5.920513357027147983e+00 5.577431360754724803e-04
6.157333891308233831e+00 5.596013230713553239e-04
6.394154425589320567e+00 5.614708353519741197e-04
6.630974959870406416e+00 5.633517746182429425e-04
6.867795494151492264e+00 5.652442437625642899e-04
7.104616028432578112e+00 5.671483468858788115e-04
7.341436562713663960e+00 5.690641893150014856e-04
7.578257096994749809e+00 5.709918776202525890e-04
7.815077631275835657e+00 5.729315196333836790e-04
8.051898165556922393e+00 5.748832244658107302e-04
8.288718699838007353e+00 5.768471025271531237e-04
8.525539234119094090e+00 5.788232655440930189e-04
8.762359768400179050e+00 5.808118265795522879e-04
8.999180302681265786e+00 5.828129000522013240e-04
9.236000836962350746e+00 5.848266017563003754e-04
9.472821371243437483e+00 5.868530488818831607e-04
9.709641905524522443e+00 5.888923600352888397e-04
9.946462439805609179e+00 5.909446552600475418e-04
1.018328297408669592e+01 5.930100560581298610e-04
1.042010350836778088e+01 5.950886854115644380e-04
1.065692404264886761e+01 5.971806678044317600e-04
1.089374457692995257e+01 5.992861292452428528e-04
1.113056511121103931e+01 6.014051972897101282e-04
1.136738564549212427e+01 6.035380010639167844e-04
1.160420617977321101e+01 6.056846712878939751e-04
1.184102671405429597e+01 6.078453402996150711e-04
1.207784724833538270e+01 6.100201420794141693e-04
1.231466778261646766e+01 6.122092122748354652e-04
1.255148831689755440e+01 6.144126882259274723e-04
1.278830885117864113e+01 6.166307089909855597e-04
1.302512938545972609e+01 6.188634153727563597e-04
1.326194991974081283e+01 6.211109499451106589e-04
1.349877045402189779e+01 6.233734570801939892e-04
1.373559098830298453e+01 6.256510829760702054e-04
1.397241152258406949e+01 6.279439756848597841e-04
1.420923205686515622e+01 6.302522851413905162e-04
1.444605259114624118e+01 6.325761631923652569e-04
1.468287312542732792e+01 6.349157636260648356e-04
1.491969365970841288e+01 6.372712422025879732e-04
1.515651419398949962e+01 6.396427566846484784e-04
1.539333472827058635e+01 6.420304668689343856e-04
1.563015526255167131e+01 6.444345346180452988e-04
1.586697579683275805e+01 6.468551238930183482e-04
1.610379633111384479e+01 6.492924007864554455e-04
1.634061686539492797e+01 6.517465335562645226e-04
1.657743739967601471e+01 6.542176926600283072e-04
1.681425793395710144e+01 6.567060507900129938e-04
1.705107846823818818e+01 6.592117829088311228e-04
1.728789900251927136e+01 6.617350662857738458e-04
1.752471953680035810e+01 6.642760805338242865e-04
1.776154007108144484e+01 6.668350076473686947e-04
1.799836060536253157e+01 6.694120320406211130e-04
1.823518113964361831e+01 6.720073405867733754e-04
1.847200167392470149e+01 6.746211226578916875e-04
1.870882220820578823e+01 6.772535701655706293e-04
1.894564274248687497e+01 6.799048776023634486e-04
1.918246327676796170e+01 6.825752420840091325e-04
1.941928381104904489e+01 6.852648633924660190e-04
1.965610434533013162e+01 6.879739440197760137e-04
1.989292487961121836e+01 6.907026892127769799e-04
2.012974541389230509e+01 6.934513070186778269e-04
2.036656594817339183e+01 6.962200083315216691e-04
2.060338648245447501e+01 6.990090069395520165e-04
2.084020701673556175e+01 7.018185195735031400e-04
2.107702755101664849e+01 7.046487659558384620e-04
2.131384808529773522e+01 7.074999688509529122e-04
2.155066861957881841e+01 7.103723541163655926e-04
2.178748915385990514e+01 7.132661507549232453e-04
2.202430968814099188e+01 7.161815909680365301e-04
2.226113022242207862e+01 7.191189102099744849e-04
2.249795075670316180e+01 7.220783472432390666e-04
2.273477129098424854e+01 7.250601441950485070e-04
2.297159182526533527e+01 7.280645466149479128e-04
2.320841235954642201e+01 7.310918035335808298e-04
2.344523289382750875e+01 7.341421675226420451e-04
2.368205342810859193e+01 7.372158947560440451e-04
2.391887396238967867e+01 7.403132450723217415e-04
2.415569449667076540e+01 7.434344820383036526e-04
2.439251503095185214e+01 7.465798730140853212e-04
2.462933556523293532e+01 7.497496892193256752e-04
2.486615609951402206e+01 7.529442058009062303e-04
2.510297663379510880e+01 7.561637019019791560e-04
2.533979716807619553e+01 7.594084607324409590e-04
2.557661770235728227e+01 7.626787696408623583e-04
2.581343823663836545e+01 7.659749201879114322e-04
2.605025877091945219e+01 7.692972082213028881e-04
2.628707930520053893e+01 7.726459339523137878e-04
2.652389983948162566e+01 7.760214020338982539e-04
2.676072037376270885e+01 7.794239216404431165e-04
2.699754090804379558e+01 7.828538065492034225e-04
2.723436144232488232e+01 7.863113752234578147e-04
2.747118197660596906e+01 7.897969508974229209e-04
2.770800251088705224e+01 7.933108616629777100e-04
2.794482304516813898e+01 7.968534405582293652e-04
2.818164357944922571e+01 8.004250256579777036e-04
2.841846411373031245e+01 8.040259601661169575e-04
2.865528464801139918e+01 8.076565925100263063e-04
2.889210518229248237e+01 8.113172764369954576e-04
2.912892571657356910e+01 8.150083711127394841e-04
2.936574625085465584e+01 8.187302412220488898e-04
2.960256678513574258e+01 8.224832570716362687e-04
2.983938731941682576e+01 8.262677946952250944e-04
3.007620785369791250e+01 8.300842359609431976e-04
3.031302838797899923e+01 8.339329686810788289e-04
3.054984892226008597e+01 8.378143867242529748e-04
3.078666945654117271e+01 8.417288901300768811e-04
3.102348999082225589e+01 8.456768852263519230e-04
3.126031052510334263e+01 8.496587847488775228e-04
3.149713105938442936e+01 8.536750079639389985e-04
3.173395159366551610e+01 8.577259807935332407e-04
3.197077212794659928e+01 8.618121359434135305e-04
3.220759266222768957e+01 8.659339130340219142e-04
3.244441319650876920e+01 8.700917587343786307e-04
3.268123373078985594e+01 8.742861268990144603e-04
3.291805426507094268e+01 8.785174787080190714e-04
3.315487479935202941e+01 8.827862828102879793e-04
3.339169533363311615e+01 8.870930154700516030e-04
3.362851586791420289e+01 8.914381607167748888e-04
3.386533640219528962e+01 8.958222104985136963e-04
3.410215693647637636e+01 9.002456648388194524e-04
3.433897747075746310e+01 9.047090319972875922e-04
3.457579800503854273e+01 9.092128286338455219e-04
3.481261853931962946e+01 9.137575799768844027e-04
3.504943907360071620e+01 9.183438199953255056e-04
3.528625960788180294e+01 9.229720915747445173e-04
3.552308014216288967e+01 9.276429466976472563e-04
3.575990067644397641e+01 9.323569466280215911e-04
3.599672121072506314e+01 9.371146621002684508e-04
3.623354174500614988e+01 9.419166735126461524e-04
3.647036227928723662e+01 9.467635711253402598e-04
3.670718281356831625e+01 9.516559552632899467e-04
3.694400334784940299e+01 9.565944365239004241e-04
3.718082388213048972e+01 9.615796359897805373e-04
3.741764441641157646e+01 9.666121854466368278e-04
3.765446495069266319e+01 9.716927276064769338e-04
3.789128548497374993e+01 9.768219163362617564e-04
3.812810601925483667e+01 9.820004168921644700e-04
3.836492655353592340e+01 9.872289061595949933e-04
3.860174708781701014e+01 9.925080728991431209e-04
3.883856762209808977e+01 9.978386179986195332e-04
3.907538815637917651e+01 1.003221254731364144e-03
3.931220869066026324e+01 1.008656709020992661e-03
3.954902922494134998e+01 1.014145719712776072e-03
3.978584975922243672e+01 1.019689038851839553e-03
4.002267029350352345e+01 1.025287431968374425e-03
4.025949082778461019e+01 1.030941678370066780e-03
4.049631136206569693e+01 1.036652571441957658e-03
4.073313189634678366e+01 1.042420918953943171e-03
4.096995243062786329e+01 1.048247543376142456e-03
4.120677296490895003e+01 1.054133282202362023e-03
4.144359349919003677e+01 1.060078988281897830e-03
4.168041403347112350e+01 1.066085530159917305e-03
4.191723456775221024e+01 1.072153792426676962e-03
4.215405510203329698e+01 1.078284676075840810e-03
4.239087563631438371e+01 1.084479098872169305e-03
4.262769617059547045e+01 1.090737995728857049e-03
4.286451670487655008e+01 1.097062319094815885e-03
4.310133723915763682e+01 1.103453039352198916e-03
4.333815777343872355e+01 1.109911145224474907e-03
4.357497830771981029e+01 1.116437644195377886e-03
4.381179884200089703e+01 1.123033562939062830e-03
4.404861937628198376e+01 1.129699947761809639e-03
4.428543991056307050e+01 1.136437865055628165e-03
4.452226044484415723e+01 1.143248401764140974e-03
4.475908097912524397e+01 1.150132665861114184e-03
4.499590151340632360e+01 1.157091786842033869e-03
4.523272204768741034e+01 1.164126916229140654e-03
4.546954258196849707e+01 1.171239228090333864e-03
4.570636311624958381e+01 1.178429919572392777e-03
4.594318365053067055e+01 1.185700211448959505e-03
4.618000418481175728e+01 1.193051348683757959e-03
4.641682471909284402e+01 1.200484601009529180e-03
4.665364525337393076e+01 1.208001263523188510e-03
4.689046578765501749e+01 1.215602657297724367e-03
4.712728632193609712e+01 1.223290130011379191e-03
4.736410685621718386e+01 1.231065056594673763e-03
4.760092739049827060e+01 1.238928839895845398e-03
4.783774792477935733e+01 1.246882911365315184e-03
4.807456845906044407e+01 1.254928731759796410e-03
4.831138899334153081e+01 1.263067791866693407e-03
4.854820952762261754e+01 1.271301613249462134e-03
4.878503006190370428e+01 1.279631749014627706e-03
4.902185059618479102e+01 1.288059784601175515e-03
4.925867113046587065e+01 1.296587338593069251e-03
4.949549166474695738e+01 1.305216063555671244e-03
4.973231219902804412e+01 1.313947646896864840e-03
4.996913273330913086e+01 1.322783811753726639e-03
5.020595326759021759e+01 1.331726317905602107e-03
5.044277380187130433e+01 1.340776962714499386e-03
5.067959433615239107e+01 1.349937582093729610e-03
5.091641487043347780e+01 1.359210051505767985e-03
5.115323540471456454e+01 1.368596286990345469e-03
5.139005593899564417e+01 1.378098246223824009e-03
5.162687647327673091e+01 1.387717929610938258e-03
5.186369700755781764e+01 1.397457381410045643e-03
5.210051754183890438e+01 1.407318690893055073e-03
5.233733807611999111e+01 1.417303993541267019e-03
5.257415861040107785e+01 1.427415472278393280e-03
5.281097914468216459e+01 1.437655358742078934e-03
5.304779967896325132e+01 1.448025934595315121e-03
5.328462021324433806e+01 1.458529532879159927e-03
5.352144074752541769e+01 1.469168539408275071e-03
5.375826128180650443e+01 1.479945394210820542e-03
5.399508181608759116e+01 1.490862593014322026e-03
5.423190235036867790e+01 1.501922688779201579e-03
5.446872288464976464e+01 1.513128293281717791e-03
5.470554341893085137e+01 1.524482078748134063e-03
5.494236395321193811e+01 1.535986779542029704e-03
5.517918448749302485e+01 1.547645193906714524e-03
5.541600502177410448e+01 1.559460185764827275e-03
5.565282555605519121e+01 1.571434686577255361e-03
5.588964609033627795e+01 1.583571697263619219e-03
5.612646662461736469e+01 1.595874290186662190e-03
5.636328715889845142e+01 1.608345611202978810e-03
5.660010769317953816e+01 1.620988881782620735e-03
5.683692822746062490e+01 1.633807401200231381e-03
5.707374876174171163e+01 1.646804548800478345e-03
5.731056929602279837e+01 1.659983786340670387e-03
5.754738983030387800e+01 1.673348660413560927e-03
5.778421036458496474e+01 1.686902804953497844e-03
5.802103089886605147e+01 1.700649943829195612e-03
5.825785143314713821e+01 1.714593893526560183e-03
5.849467196742822495e+01 1.728738565925154892e-03
5.873149250170931168e+01 1.743087971172044412e-03
5.896831303599039842e+01 1.757646220656937028e-03
5.920513357027148515e+01 1.772417530092710919e-03
5.944195410455257189e+01 1.787406222705602288e-03
5.967877463883365152e+01 1.802616732539529844e-03
5.991559517311473826e+01 1.818053607879232874e-03
6.015241570739582500e+01 1.833721514797105731e-03
6.038923624167691173e+01 1.849625240828876296e-03
6.062605677595799847e+01 1.865769698783461411e-03
6.086287731023908520e+01 1.882159930692626484e-03
6.109969784452017194e+01 1.898801111906321974e-03
6.133651837880125868e+01 1.915698555339854798e-03
6.157333891308234541e+01 1.932857715879335043e-03
6.181015944736342504e+01 1.950284194952166868e-03
6.204697998164451178e+01 1.967983745269655423e-03
6.228380051592559852e+01 1.985962275749161756e-03
6.252062105020668525e+01 2.004225856623588140e-03
6.275744158448777199e+01 2.022780724746360212e-03
6.299426211876885873e+01 2.041633289100482432e-03
6.323108265304994546e+01 2.060790136520644460e-03
6.346790318733103220e+01 2.080258037637828378e-03
6.370472372161211894e+01 2.100043953056320717e-03
6.394154425589319857e+01 2.120155039773540667e-03
6.417836479017428530e+01 2.140598657853611496e-03
6.441518532445537915e+01 2.161382377366165980e-03
6.465200585873645878e+01 2.182513985602462132e-03
6.488882639301753841e+01 2.204001494581494820e-03
6.512564692729863225e+01 2.225853148859464978e-03
6.536246746157971188e+01 2.248077433656622132e-03
6.559928799586080572e+01 2.270683083316290402e-03
6.583610853014188535e+01 2.293679090111586886e-03
6.607292906442297920e+01 2.317074713416236807e-03
6.630974959870405883e+01 2.340879489256686517e-03
6.654657013298515267e+01 2.365103240263716385e-03
6.678339066726623230e+01 2.389756086042629877e-03
6.702021120154731193e+01 2.414848453982238775e-03
6.725703173582840577e+01 2.440391090523863667e-03
6.749385227010948540e+01 2.466395072912776210e-03
6.773067280439057924e+01 2.492871821455767360e-03
6.796749333867165888e+01 2.519833112309737434e-03
6.820431387295275272e+01 2.547291090827718315e-03
6.844113440723383235e+01 2.575258285490090310e-03
6.867795494151492619e+01 2.603747622450424543e-03
6.891477547579600582e+01 2.632772440726934785e-03
6.915159601007708545e+01 2.662346508072422138e-03
6.938841654435817929e+01 2.692484037557333742e-03
6.962523707863925893e+01 2.723199704902656143e-03
6.986205761292035277e+01 2.754508666601472935e-03
7.009887814720143240e+01 2.786426578870210280e-03
7.033569868148252624e+01 2.818969617473122708e-03
7.057251921576360587e+01 2.852154498466014532e-03
7.080933975004469971e+01 2.885998499908037571e-03
7.104616028432577934e+01 2.920519484593231321e-03
7.128298081860685897e+01 2.955735923856659710e-03
7.151980135288795282e+01 2.991666922513257654e-03
7.175662188716903245e+01 3.028332244991067262e-03
7.199344242145012629e+01 3.065752342724363793e-03
7.223026295573120592e+01 3.103948382876101954e-03
7.246708349001229976e+01 3.142942278463600400e-03
7.270390402429337939e+01 3.182756719965789804e-03
7.294072455857447324e+01 3.223415208495503722e-03
7.317754509285555287e+01 3.264942090625381609e-03
7.341436562713663250e+01 3.307362594961755099e-03
7.365118616141772634e+01 3.350702870566836175e-03
7.388800669569880597e+01 3.394990027336072282e-03
7.412482722997989981e+01 3.440252178444494838e-03
7.436164776426097944e+01 3.486518484983256762e-03
7.459846829854207328e+01 3.533819202915692605e-03
7.483528883282315292e+01 3.582185732490641809e-03
7.507210936710424676e+01 3.631650670260196459e-03
7.530892990138532639e+01 3.682247863858722006e-03
7.554575043566640602e+01 3.734012469710817211e-03
7.578257096994749986e+01 3.786981013847229814e-03
7.601939150422857949e+01 3.841191456020025437e-03
7.625621203850967333e+01 3.896683257321706222e-03
7.649303257279075297e+01 3.953497451527005283e-03
7.672985310707184681e+01 4.011676720391713774e-03
7.696667364135292644e+01 4.071265473159221999e-03
7.720349417563402028e+01 4.132309930543548275e-03
7.744031470991509991e+01 4.194858213476694749e-03
7.767713524419617954e+01 4.258960436929179472e-03
7.791395577847727338e+01 4.324668809134924255e-03
7.815077631275835301e+01 4.392037736576054167e-03
7.838759684703944686e+01 4.461123935109456880e-03
7.862441738132052649e+01 4.531986547645263340e-03
7.886123791560162033e+01 4.604687268818352663e-03
7.909805844988269996e+01 4.679290477127111270e-03
7.933487898416379380e+01 4.755863375049993597e-03
7.957169951844487343e+01 4.834476137689393618e-03
7.980852005272595306e+01 4.915202070535019258e-03
8.004534058700704691e+01 4.998117776984889460e-03
8.028216112128812654e+01 5.083303336312298276e-03
8.051898165556922038e+01 5.170842492821530259e-03
8.075580218985030001e+01 5.260822856994162335e-03
8.099262272413139385e+01 5.353336119492473413e-03
8.122944325841247348e+01 5.448478278956270064e-03
8.146626379269356732e+01 5.546349884606256199e-03
8.170308432697464696e+01 5.647056294749912102e-03
8.193990486125572659e+01 5.750707952377126682e-03
8.217672539553682043e+01 5.857420679131612393e-03
8.241354592981790006e+01 5.967315989052660030e-03
8.265036646409899390e+01 6.080521423600069274e-03
8.288718699838007353e+01 6.197170909604312987e-03
8.312400753266116737e+01 6.317405141925884135e-03
8.336082806694224701e+01 6.441371992762388345e-03
8.359764860122334085e+01 6.569226949712198699e-03
8.383446913550442048e+01 6.701133584889138600e-03
8.407128966978550011e+01 6.837264057587408815e-03
8.430811020406659395e+01 6.977799653219621430e-03
8.454493073834767358e+01 7.122931361497301592e-03
8.478175127262876742e+01 7.272860497093739350e-03
8.501857180690984706e+01 7.427799366326428079e-03
8.525539234119094090e+01 7.587971983724105425e-03
8.549221287547202053e+01 7.753614842703493611e-03
8.572903340975310016e+01 7.924977744978595889e-03
8.596585394403419400e+01 8.102324693762775684e-03
8.620267447831527363e+01 8.285934856307275095e-03
8.643949501259636747e+01 8.476103601853017533e-03
8.667631554687744710e+01 8.673143621660862890e-03
8.691313608115854095e+01 8.877386138436915708e-03
8.714995661543962058e+01 9.089182213187748174e-03
8.738677714972071442e+01 9.308904158336907611e-03
8.762359768400179405e+01 9.536947066813570781e-03
8.786041821828287368e+01 9.773730467799559077e-03
8.809723875256396752e+01 1.001970012089964217e-02
8.833405928684504715e+01 1.027532996169616339e-02
8.857087982112614100e+01 1.054112421297441309e-02
8.880770035540722063e+01 1.081761967737327607e-02
8.904452088968831447e+01 1.110538822884511896e-02
8.928134142396939410e+01 1.140503952211312927e-02
8.951816195825048794e+01 1.171722394131688785e-02
8.975498249253156757e+01 1.204263581125459247e-02
8.999180302681264720e+01 1.238201689708985642e-02
9.022862356109374105e+01 1.273616022111353878e-02
9.046544409537482068e+01 1.310591422816623913e-02
9.070226462965591452e+01 1.349218733466163098e-02
9.093908516393699415e+01 1.389595289983395869e-02
9.117590569821808799e+01 1.431825466189873275e-02
9.141272623249916762e+01 1.476021268629015663e-02
9.164954676678026146e+01 1.522302987805915046e-02
9.188636730106134110e+01 1.570799911590334275e-02
9.212318783534242073e+01 1.621651107118720486e-02
9.236000836962351457e+01 1.675006278170676488e-02
9.259682890390459420e+01 1.731026705687173026e-02
9.283364943818568804e+01 1.789886279840568334e-02
9.307046997246676767e+01 1.851772632856822642e-02
9.330729050674786151e+01 1.916888382622056186e-02
9.354411104102894114e+01 1.985452497966740462e-02
9.378093157531003499e+01 2.057701797394712387e-02
9.401775210959111462e+01 2.133892593883550751e-02
9.425457264387219425e+01 2.214302499190715090e-02
9.449139317815328809e+01 2.299232401801520886e-02
9.472821371243436772e+01 2.389008633176440202e-02
9.496503424671546156e+01 2.483985337193193171e-02
9.520185478099654119e+01 2.584547057493418593e-02
9.543867531527763504e+01 2.691111556645950365e-02
9.567549584955871467e+01 2.804132879374148304e-02
9.591231638383980851e+01 2.924104669226175110e-02
9.614913691812088814e+01 3.051563743544236790e-02
9.638595745240196777e+01 3.187093924820452034e-02
9.662277798668306161e+01 3.331330116733076385e-02
9.685959852096414124e+01 3.484962599320941962e-02
9.709641905524523509e+01 3.648741498552656587e-02
9.733323958952631472e+01 3.823481359271081043e-02
9.757006012380740856e+01 4.010065714951770166e-02
9.780688065808848819e+01 4.209451500116368622e-02
9.804370119236958203e+01 4.422673088082003379e-02
9.828052172665066166e+01 4.650845653646151767e-02
9.851734226093174129e+01 4.895167451990382196e-02
9.875416279521283514e+01 5.156920465197955411e-02
9.899098332949391477e+01 5.437468689020074492e-02
9.922780386377500861e+01 5.738253106885632393e-02
9.946462439805608824e+01 6.060782117548686732e-02
9.970144493233718208e+01 6.406615840290479091e-02
9.993826546661826171e+01 6.777342313668970053e-02
1.001750860008993556e+02 7.174543133853961141e-02
1.004119065351804352e+02 7.599745562666833376e-02
1.006487270694615148e+02 8.054357610765816577e-02
1.008855476037426087e+02 8.539582138235005115e-02
1.011223681380236883e+02 9.056305732164110500e-02
1.013591886723047821e+02 9.604958205085914469e-02
1.015960092065858618e+02 1.018533928190669402e-01
1.018328297408669556e+02 1.079641077648452879e-01
1.020696502751480352e+02 1.143605576155789921e-01
1.023064708094291291e+02 1.210081140508198622e-01
1.025432913437102087e+02 1.278558969662805245e-01
1.027801118779912883e+02 1.348341032634665093e-01
1.030169324122723822e+02 1.418518196443916413e-01
1.032537529465534618e+02 1.487958050806295340e-01
1.034905734808345557e+02 1.555308245894495289e-01
1.037273940151156353e+02 1.619021391657488318e-01
1.039642145493967291e+02 1.677406531508716381e-01
1.042010350836778088e+02 1.728709441494535315e-01
1.044378556179589026e+02 1.771219408312804389e-01
1.046746761522399822e+02 1.803394228689020606e-01
1.049114966865210619e+02 1.823989242144544165e-01
1.051483172208021557e+02 1.832172122810321324e-01
1.053851377550832353e+02 1.827604733409358972e-01
1.056219582893643292e+02 1.810477514631815832e-01
1.058587788236454088e+02 1.781490037029453133e-01
1.060955993579265026e+02 1.741781338364229159e-01
1.063324198922075823e+02 1.692822611492919016e-01
1.065692404264886761e+02 1.636290235005074534e-01
1.068060609607697558e+02 1.573937974503054615e-01
1.070428814950508354e+02 1.507483966435270994e-01
1.072797020293319292e+02 1.438522484086734721e-01
1.075165225636130089e+02 1.368464406133804712e-01
1.077533430978941027e+02 1.298505254710926593e-01
1.079901636321751823e+02 1.229616379661133130e-01
1.082269841664562762e+02 1.162553380670401787e-01
1.084638047007373558e+02 1.097875789213049319e-01
1.087006252350184496e+02 1.035972838667967716e-01
1.089374457692995293e+02 9.770913438945072471e-02
1.091742663035806089e+02 9.213629415032045800e-02
1.094110868378617027e+02 8.688290100667803162e-02
1.096479073721427824e+02 8.194624156549126792e-02
1.098847279064238762e+02 7.731858087054394035e-02
1.101215484407049559e+02 7.298865689215389141e-02
1.103583689749860497e+02 6.894287046599641144e-02
1.105951895092671293e+02 6.516621099220117064e-02
1.108320100435482090e+02 6.164296053306064782e-02
1.110688305778293028e+02 5.835721693198542281e-02
1.113056511121103824e+02 5.529327230705523288e-02
1.115424716463914763e+02 5.243587811001813176e-02
1.117792921806725559e+02 4.977042270835092125e-02
1.120161127149536497e+02 4.728304259541431243e-02
1.122529332492347294e+02 4.496068407212843593e-02
1.124897537835158232e+02 4.279112863587557214e-02
1.127265743177969028e+02 4.076299233811002398e-02
1.129633948520779825e+02 3.886570696890648963e-02
1.132002153863590763e+02 3.708948901532334308e-02
1.134370359206401560e+02 3.542530083984558181e-02
1.136738564549212498e+02 3.386480735992800778e-02
1.139106769892023294e+02 3.240033061358495170e-02
1.141474975234834233e+02 3.102480391305592264e-02
1.143843180577645029e+02 2.973172677266659042e-02
1.146211385920455967e+02 2.851512141072818501e-02
1.148579591263266764e+02 2.736949133891957917e-02
1.150947796606077560e+02 2.628978234256860308e-02
1.153316001948888498e+02 2.527134600326978037e-02
1.155684207291699295e+02 2.430990580709813456e-02
1.158052412634510233e+02 2.340152580635160642e-02
1.160420617977321029e+02 2.254258175187589738e-02
1.162788823320131968e+02 2.172973458018510537e-02
1.165157028662942764e+02 2.095990611994378791e-02
1.167525234005753703e+02 2.023025687224187102e-02
1.169893439348564499e+02 1.953816571573247299e-02
1.172261644691375295e+02 1.888121138904695975e-02
1.174629850034186234e+02 1.825715560743708388e-02
1.176998055376997030e+02 1.766392767718919302e-02
1.179366260719807968e+02 1.709961047919597230e-02
1.181734466062618765e+02 1.656242770156680574e-02
1.184102671405429703e+02 1.605073220988345248e-02
1.186470876748240499e+02 1.556299545237954142e-02
1.188839082091051438e+02 1.509779780573339975e-02
1.191207287433862234e+02 1.465381977519477318e-02
1.193575492776673030e+02 1.422983397033019543e-02
1.195943698119483969e+02 1.382469778473686961e-02
1.198311903462294765e+02 1.343734671461764910e-02
1.200680108805105704e+02 1.306678825713813476e-02
1.203048314147916500e+02 1.271209633501418738e-02
1.205416519490727438e+02 1.237240619882544294e-02
1.207784724833538235e+02 1.204690976314950687e-02
1.210152930176349173e+02 1.173485133678712176e-02
1.212521135519159969e+02 1.143552371113824330e-02
1.214889340861970766e+02 1.114826457421715100e-02
1.217257546204781704e+02 1.087245322089787705e-02
1.219625751547592500e+02 1.060750753278302295e-02
1.221993956890403439e+02 1.035288120361974908e-02
1.224362162233214235e+02 1.010806118847105278e-02
1.226730367576025174e+02 9.872565356910074225e-03
1.229098572918835970e+02 9.645940332364639699e-03
1.231466778261646908e+02 9.427759501414787260e-03
1.233834983604457705e+02 9.217621178359015552e-03
1.236203188947268501e+02 9.015146911728281337e-03
1.238571394290079439e+02 8.819979920658343325e-03
1.240939599632890236e+02 8.631783650141547012e-03
1.243307804975701174e+02 8.450240435182139812e-03
1.245676010318511970e+02 8.275050264785454787e-03
1.248044215661322909e+02 8.105929637529311893e-03
1.250412421004133705e+02 7.942610501206431514e-03
1.252780626346944644e+02 7.784839269695395352e-03
1.255148831689755440e+02 7.632375910823710995e-03
1.257517037032566236e+02 7.484993099534311030e-03
1.259885242375377175e+02 7.342475431163923358e-03
1.262253447718187971e+02 7.204618690091584877e-03
1.264621653060998909e+02 7.071229169423908986e-03
1.266989858403809706e+02 6.942123037754411273e-03
1.269358063746620644e+02 6.817125749370195505e-03
1.271726269089431440e+02 6.696071494585474626e-03
1.274094474432242379e+02 6.578802687158774240e-03
1.276462679775053175e+02 6.465169486003952137e-03
1.278830885117863971e+02 6.355029348634845705e-03
1.281199090460674768e+02 6.248246613993388952e-03
1.283567295803485706e+02 6.144692112501812763e-03
1.285935501146296644e+02 6.044242801353904258e-03
1.288303706489107583e+02 5.946781423219330183e-03
1.290671911831918237e+02 5.852196186680244661e-03
1.293040117174729176e+02 5.760380466852065527e-03
1.295408322517540114e+02 5.671232524761799995e-03
1.297776527860350768e+02 5.584655244168004393e-03
1.300144733203161707e+02 5.500555884608401142e-03
1.302512938545972645e+02 5.418845849554244920e-03
1.304881143888783583e+02 5.339440468635606001e-03
1.307249349231594238e+02 5.262258792980387644e-03
1.309617554574405176e+02 5.187223402781434428e-03
1.311985759917216114e+02 5.114260226272351363e-03
1.314353965260027053e+02 5.043298369352926594e-03
1.316722170602837707e+02 4.974269955161128923e-03
1.319090375945648645e+02 4.907109972939687793e-03
1.321458581288459584e+02 4.841756135592674253e-03
1.323826786631270238e+02 4.778148745370716828e-03
1.326194991974081177e+02 4.716230567163795170e-03
1.328563197316892115e+02 4.655946708917423245e-03
1.330931402659703053e+02 4.597244508722006691e-03
1.333299608002513708e+02 4.540073428156813327e-03
1.335667813345324646e+02 4.484384951498884136e-03
1.338036018688135584e+02 4.430132490434287619e-03
1.340404224030946239e+02 4.377271293933678031e-03
1.342772429373757177e+02 4.325758362977301721e-03
1.345140634716568115e+02 4.275552369835908598e-03
1.347508840059379054e+02 4.226613581633454665e-03
1.349877045402189708e+02 4.178903787936048310e-03
1.352245250745000646e+02 4.132386232128285389e-03
1.354613456087811585e+02 4.087025546353997840e-03
1.356981661430622523e+02 4.042787689812821390e-03
1.359349866773433178e+02 3.999639890217689640e-03
1.361718072116244116e+02 3.957550588230772902e-03
1.364086277459055054e+02 3.916489384707247390e-03
1.366454482801865709e+02 3.876426990586911200e-03
1.368822688144676647e+02 3.837335179283929160e-03
1.371190893487487585e+02 3.799186741434413400e-03
1.373559098830298524e+02 3.761955441870116438e-03
1.375927304173109178e+02 3.725615978694887982e-03
1.378295509515920116e+02 3.690143944347997265e-03
1.380663714858731055e+02 3.655515788545633978e-03
1.383031920201541709e+02 3.621708782998372261e-03
1.385400125544352647e+02 3.588700987808680996e-03
1.387768330887163586e+02 3.556471219458299041e-03
1.390136536229974524e+02 3.524999020300602359e-03
1.392504741572785179e+02 3.494264629478227319e-03
1.394872946915596117e+02 3.464248955190836216e-03
1.397241152258407055e+02 3.434933548242394882e-03
1.399609357601217994e+02 3.406300576801316905e-03
1.401977562944028648e+02 3.378332802310853554e-03
1.404345768286839586e+02 3.351013556490545827e-03
1.406713973629650525e+02 3.324326719373089586e-03
1.409082178972461179e+02 3.298256698324009140e-03
1.411450384315272117e+02 3.272788407994556541e-03
1.413818589658083056e+02 3.247907251161094057e-03
1.416186795000893994e+02 3.223599100406711326e-03
1.418555000343704648e+02 3.199850280603377950e-03
1.420923205686515587e+02 3.176647552155204696e-03
1.423291411029326525e+02 3.153978094965568385e-03
1.425659616372137179e+02 3.131829493092837431e-03
1.428027821714948118e+02 3.110189720061396976e-03
1.430396027057759056e+02 3.089047124796492731e-03
1.432764232400569995e+02 3.068390418153002942e-03
1.435132437743380649e+02 3.048208660009953108e-03
1.437500643086191587e+02 3.028491246904010167e-03
1.439868848429002526e+02 3.009227900176661679e-03
1.442237053771813464e+02 2.990408654611038074e-03
1.444605259114624118e+02 2.972023847535670404e-03
1.446973464457435057e+02 2.954064108373602796e-03
1.449341669800245995e+02 2.936520348616422811e-03
1.451709875143056649e+02 2.919383752203795132e-03
1.454078080485867588e+02 2.902645766290081874e-03
1.456446285828678526e+02 2.886298092380616860e-03
1.458814491171489465e+02 2.870332677820983548e-03
1.461182696514300119e+02 2.854741707623593885e-03
1.463550901857111057e+02 2.839517596616550604e-03
1.465919107199921996e+02 2.824652981900621553e-03
1.468287312542732650e+02 2.810140715600754468e-03
1.470655517885543588e+02 2.795973857899301286e-03
1.473023723228354527e+02 2.782145670338745207e-03
1.475391928571165465e+02 2.768649609382261428e-03
1.477760133913976119e+02 2.755479320221080036e-03
1.480128339256787058e+02 2.742628630818094368e-03
1.482496544599597996e+02 2.730091546177728506e-03
1.484864749942408650e+02 2.717862242832468252e-03
1.487232955285219589e+02 2.705935063536995568e-03
1.489601160628030527e+02 2.694304512161271956e-03
1.491969365970841466e+02 2.682965248774284855e-03
1.494337571313652120e+02 2.671912084910620881e-03
1.496705776656463058e+02 2.661139979012349353e-03
1.499073981999273997e+02 2.650644032039078599e-03
1.501442187342084935e+02 2.640419483239356269e-03
1.503810392684895589e+02 2.630461706076904580e-03
1.506178598027706528e+02 2.620766204305488394e-03
1.508546803370517466e+02 2.611328608186505498e-03
1.510915008713328120e+02 2.602144670843610508e-03
1.513283214056139059e+02 2.593210264749001674e-03
1.515651419398949997e+02 2.584521378336212399e-03
1.518019624741760936e+02 2.576074112734465238e-03
1.520387830084571590e+02 2.567864678619902457e-03
1.522756035427382528e+02 2.559889393179186779e-03
1.525124240770193467e+02 2.552144677181190143e-03
1.527492446113004121e+02 2.544627052152648779e-03
1.529860651455815059e+02 2.537333137653864992e-03
1.532228856798625998e+02 2.530259648650721224e-03
1.534597062141436936e+02 2.523403392979381692e-03
1.536965267484247590e+02 2.516761268900286758e-03
1.539333472827058529e+02 2.510330262738129717e-03
1.541701678169869467e+02 2.504107446604692238e-03
1.544069883512680406e+02 2.498089976201523042e-03
1.546438088855491060e+02 2.492275088699589733e-03
1.548806294198301998e+02 2.486660100693145574e-03
1.551174499541112937e+02 2.481242406225185257e-03
1.553542704883923591e+02 2.476019474881959153e-03
1.555910910226734529e+02 2.470988849954132167e-03
1.558279115569545468e+02 2.466148146662286520e-03
1.560647320912356406e+02 2.461495050444537178e-03
1.563015526255167060e+02 2.457027315304157432e-03
1.565383731597977999e+02 2.452742762215168095e-03
1.567751936940788937e+02 2.448639277583966947e-03
1.570120142283599591e+02 2.444714811765111035e-03
1.572488347626410530e+02 2.440967377629492396e-03
1.574856552969221468e+02 2.437395049183185489e-03
1.577224758312032407e+02 2.433995960235332216e-03
1.579592963654843061e+02 2.430768303113503299e-03
1.581961168997653999e+02 2.427710327425028521e-03
1.584329374340464938e+02 2.424820338862867727e-03
1.586697579683275876e+02 2.422096698054635247e-03
1.589065785026086530e+02 2.419537819453474077e-03
1.591433990368897469e+02 2.417142170269501351e-03
1.593802195711708407e+02 2.414908269440643306e-03
1.596170401054519061e+02 2.412834686641673193e-03
1.598538606397330000e+02 2.410920041330367938e-03
1.600906811740140938e+02 2.409163001829724496e-03
1.603275017082951877e+02 2.407562284445215889e-03
1.605643222425762531e+02 2.406116652616121111e-03
1.608011427768573469e+02 2.404824916100010805e-03
1.610379633111384408e+02 2.403685930189501836e-03
1.612747838454195062e+02 2.402698594960430735e-03
1.615116043797006000e+02 2.401861854550652823e-03
1.617484249139816939e+02 2.401174696468693758e-03
1.619852454482627877e+02 2.400636150931505838e-03
1.622220659825438531e+02 2.400245290230666826e-03
1.624588865168249470e+02 2.400001228126310074e-03
1.626957070511060408e+02 2.399903119268196987e-03
1.629325275853871346e+02 2.399950158643299539e-03
1.631693481196682001e+02 2.400141581049341187e-03
1.634061686539492939e+02 2.400476660593740211e-03
1.636429891882303878e+02 2.400954710217459778e-03
1.638798097225114532e+02 2.401575081243259059e-03
1.641166302567925470e+02 2.402337162947911289e-03
1.643534507910736409e+02 2.403240382157932099e-03
1.645902713253547347e+02 2.404284202868436915e-03
1.648270918596358001e+02 2.405468125884724535e-03
1.650639123939168940e+02 2.406791688486250354e-03
1.653007329281979878e+02 2.408254464112640110e-03
1.655375534624790532e+02 2.409856062071446224e-03
1.657743739967601471e+02 2.411596127267359203e-03
1.660111945310412409e+02 2.413474339952605650e-03
1.662480150653223347e+02 2.415490415498297832e-03
1.664848355996034002e+02 2.417644104186511024e-03
1.667216561338844940e+02 2.419935191022896080e-03
1.669584766681655879e+02 2.422363495569647245e-03
1.671952972024466817e+02 2.424928871798663014e-03
1.674321177367277471e+02 2.427631207964787291e-03
1.676689382710088410e+02 2.430470426498988583e-03
1.679057588052899348e+02 2.433446483921402215e-03
1.681425793395710002e+02 2.436559370774157938e-03
1.683793998738520941e+02 2.439809111573940873e-03
1.686162204081331879e+02 2.443195764784244616e-03
1.688530409424142817e+02 2.446719422807316913e-03
1.690898614766953472e+02 2.450380211995797919e-03
1.693266820109764410e+02 2.454178292684077931e-03
1.695635025452575348e+02 2.458113859239425755e-03
1.698003230795386003e+02 2.462187140132954082e-03
1.700371436138196941e+02 2.466398398030515953e-03
1.702739641481007880e+02 2.470747929903632963e-03
1.705107846823818818e+02 2.475236067160592641e-03
1.707476052166629472e+02 2.479863175797867702e-03
1.709844257509440411e+02 2.484629656572026266e-03
1.712212462852251349e+02 2.489535945192328237e-03
1.714580668195062003e+02 2.494582512534228563e-03
1.716948873537872942e+02 2.499769864874026772e-03
1.719317078880683880e+02 2.505098544144920836e-03
1.721685284223494818e+02 2.510569128214751138e-03
1.724053489566305473e+02 2.516182231185756357e-03
1.726421694909116411e+02 2.521938503716660441e-03
1.728789900251927349e+02 2.527838633367449767e-03
1.731158105594738288e+02 2.533883344967244669e-03
1.733526310937548942e+02 2.540073401005648723e-03
1.735894516280359881e+02 2.546409602048041107e-03
1.738262721623170819e+02 2.552892787175247043e-03
1.740630926965981473e+02 2.559523834448117121e-03
1.742999132308792412e+02 2.566303661397505587e-03
1.745367337651603350e+02 2.573233225540217436e-03
1.747735542994414288e+02 2.580313524921518022e-03
1.750103748337224943e+02 2.587545598684799341e-03
1.752471953680035881e+02 2.594930527669078637e-03
1.754840159022846819e+02 2.602469435034995490e-03
1.757208364365657474e+02 2.610163486920042894e-03
1.759576569708468412e+02 2.618013893123792134e-03
1.761944775051279350e+02 2.626021907823883859e-03
1.764312980394090289e+02 2.634188830323661371e-03
1.766681185736900943e+02 2.642516005832296587e-03
1.769049391079711882e+02 2.651004826278344131e-03
1.771417596422522820e+02 2.659656731157675896e-03
1.773785801765333758e+02 2.668473208416834337e-03
1.776154007108144413e+02 2.677455795372840966e-03
1.778522212450955351e+02 2.686606079670596312e-03
1.780890417793766289e+02 2.695925700279013220e-03
1.783258623136576944e+02 2.705416348527120776e-03
1.785626828479387882e+02 2.715079769181422999e-03
1.787995033822198820e+02 2.724917761565820266e-03
1.790363239165009759e+02 2.734932180725530709e-03
1.792731444507820413e+02 2.745124938636449210e-03
1.795099649850631351e+02 2.755498005461496161e-03
1.797467855193442290e+02 2.766053410855545420e-03
1.799836060536252944e+02 2.776793245320620645e-03
1.802204265879063882e+02 2.787719661613123363e-03
1.804572471221874821e+02 2.798834876204907719e-03
1.806940676564685759e+02 2.810141170800156078e-03
1.809308881907496414e+02 2.821640893910045637e-03
1.811677087250307352e+02 2.833336462487329784e-03
1.814045292593118290e+02 2.845230363623019957e-03
1.816413497935929229e+02 2.857325156307499031e-03
1.818781703278739883e+02 2.869623473258461899e-03
1.821149908621550821e+02 2.882128022818231539e-03
1.823518113964361760e+02 2.894841590923067851e-03
1.825886319307172414e+02 2.907767043147275153e-03
1.828254524649983352e+02 2.920907326824997118e-03
1.830622729992794291e+02 2.934265473252717100e-03
1.832990935335605229e+02 2.947844599975692637e-03
1.835359140678415883e+02 2.961647913161611842e-03
1.837727346021226822e+02 2.975678710065014429e-03
1.840095551364037760e+02 2.989940381586079967e-03
1.842463756706848415e+02 3.004436414927683444e-03
1.844831962049659353e+02 3.019170396354709310e-03
1.847200167392470291e+02 3.034146014059822469e-03
1.849568372735281230e+02 3.049367061140174830e-03
1.851936578078091884e+02 3.064837438689635343e-03
1.854304783420902822e+02 3.080561159011444526e-03
1.856672988763713761e+02 3.096542348956371482e-03
1.859041194106524699e+02 3.112785253391764026e-03
1.861409399449335353e+02 3.129294238807101176e-03
1.863777604792146292e+02 3.146073797061959068e-03
1.866145810134957230e+02 3.163128549282585855e-03
1.868514015477767884e+02 3.180463249913621608e-03
1.870882220820578823e+02 3.198082790931809725e-03
1.873250426163389761e+02 3.215992206228857758e-03
1.875618631506200700e+02 3.234196676171073072e-03
1.877986836849011354e+02 3.252701532343676722e-03
1.880355042191822292e+02 3.271512262488197268e-03
1.882723247534633231e+02 3.290634515641707031e-03
1.885091452877443885e+02 3.310074107487191546e-03
1.887459658220254823e+02 3.329837025924800922e-03
1.889827863563065762e+02 3.349929436874198897e-03
1.892196068905876700e+02 3.370357690318875887e-03
1.894564274248687354e+02 3.391128326603768967e-03
1.896932479591498293e+02 3.412248082998196094e-03
1.899300684934309231e+02 3.433723900536727290e-03
1.901668890277120170e+02 3.455562931151356237e-03
1.904037095619930824e+02 3.477772545108984061e-03
1.906405300962741762e+02 3.500360338769085370e-03
1.908773506305552701e+02 3.523334142677140429e-03
1.911141711648363355e+02 3.546702030010413960e-03
1.913509916991174293e+02 3.570472325393480705e-03
1.915878122333985232e+02 3.594653614101884533e-03
1.918246327676796170e+02 3.619254751673451048e-03
1.920614533019606824e+02 3.644284873947762054e-03
1.922982738362417763e+02 3.669753407555560471e-03
1.925350943705228701e+02 3.695670080881025259e-03
1.927719149048039355e+02 3.722044935521298756e-03
1.930087354390850294e+02 3.748888338268967658e-03
1.932455559733661232e+02 3.776210993644699837e-03
1.934823765076472171e+02 3.804023957008967859e-03
1.937191970419282825e+02 3.832338648283333069e-03
1.939560175762093763e+02 3.861166866313745644e-03
1.941928381104904702e+02 3.890520803910102292e-03
1.944296586447715356e+02 3.920413063598551968e-03
1.946664791790526294e+02 3.950856674125108152e-03
1.949032997133337233e+02 3.981865107751542295e-03
1.951401202476148171e+02 4.013452298387108243e-03
1.953769407818958825e+02 4.045632660602250380e-03
1.956137613161769764e+02 4.078421109573415922e-03
1.958505818504580702e+02 4.111833082011096333e-03
1.960874023847391641e+02 4.145884558126613356e-03
1.963242229190202295e+02 4.180592084696612906e-03
1.965610434533013233e+02 4.215972799288069880e-03
1.967978639875824172e+02 4.252044455710586417e-03
1.970346845218634826e+02 4.288825450767192252e-03
1.972715050561445764e+02 4.326334852379497969e-03
1.975083255904256703e+02 4.364592429167882259e-03
1.977451461247067641e+02 4.403618681573045167e-03
1.979819666589878295e+02 4.443434874610724568e-03
1.982187871932689234e+02 4.484063072357743866e-03
1.984556077275500172e+02 4.525526174274038978e-03
1.986924282618310826e+02 4.567847953472634927e-03
1.989292487961121765e+02 4.611053097057056342e-03
1.991660693303932703e+02 4.655167248653952448e-03
1.994028898646743642e+02 4.700217053277704754e-03
1.996397103989554296e+02 4.746230204673255494e-03
1.998765309332365234e+02 4.793235495293794550e-03
2.001133514675176173e+02 4.841262869080971074e-03
2.003501720017987111e+02 4.890343477227531918e-03
2.005869925360797765e+02 4.940509737114974140e-03
2.008238130703608704e+02 4.991795394633063467e-03
2.010606336046419642e+02 5.044235590102976244e-03
2.012974541389230296e+02 5.097866928042411525e-03
2.015342746732041235e+02 5.152727551028588385e-03
2.017710952074852173e+02 5.208857217934119432e-03
2.020079157417663112e+02 5.266297386831789336e-03
2.022447362760473766e+02 5.325091302886426556e-03
2.024815568103284704e+02 5.385284091576669589e-03
2.027183773446095643e+02 5.446922857615659787e-03
2.029551978788906297e+02 5.510056789968649678e-03
2.031920184131717235e+02 5.574737273396461468e-03
2.034288389474528174e+02 5.641018006987632075e-03
2.036656594817339112e+02 5.708955130179078387e-03
2.039024800160149766e+02 5.778607356804929193e-03
2.041393005502960705e+02 5.850036117757033589e-03
2.043761210845771643e+02 5.923305712887868765e-03
2.046129416188582582e+02 5.998483472838706324e-03
2.048497621531393236e+02 6.075639931532054484e-03
2.050865826874204174e+02 6.154849010129194789e-03
2.053234032217015113e+02 6.236188213320787398e-03
2.055602237559825767e+02 6.319738838892225742e-03
2.057970442902636705e+02 6.405586201585668736e-03
2.060338648245447644e+02 6.493819872368494783e-03
2.062706853588258582e+02 6.584533934314583219e-03
2.065075058931069236e+02 6.677827256409822956e-03
2.067443264273880175e+02 6.773803786709158004e-03
2.069811469616691113e+02 6.872572866398972934e-03
2.072179674959501767e+02 6.974249566458097516e-03
2.074547880302312706e+02 7.078955048763157197e-03
2.076916085645123644e+02 7.186816953651963338e-03
2.079284290987934583e+02 7.297969816143503111e-03
2.081652496330745237e+02 7.412555513215802680e-03
2.084020701673556175e+02 7.530723744766966432e-03
2.086388907016367114e+02 7.652632551130569491e-03
2.088757112359178052e+02 7.778448870288731144e-03
2.091125317701988706e+02 7.908349138225096581e-03
2.093493523044799645e+02 8.042519936190978616e-03
2.095861728387610583e+02 8.181158689022343528e-03
2.098229933730421237e+02 8.324474419049234658e-03
2.100598139073232176e+02 8.472688560584371378e-03
2.102966344416043114e+02 8.626035840470691954e-03
2.105334549758854052e+02 8.784765230713498588e-03
2.107702755101664707e+02 8.949140979825985498e-03
2.110070960444475645e+02 9.119443730186173325e-03
2.112439165787286584e+02 9.295971729443274975e-03
2.114807371130097238e+02 9.479042144833102132e-03
2.117175576472908176e+02 9.668992490171297166e-03
2.119543781815719115e+02 9.866182176301625459e-03
2.121911987158530053e+02 1.007099419689533835e-02
2.124280192501340707e+02 1.028383696273643677e-02
2.126648397844151646e+02 1.050514629900250498e-02
2.129016603186962584e+02 1.073538762157286511e-02
2.131384808529773522e+02 1.097505831008397346e-02
2.133753013872584177e+02 1.122469029731869815e-02
2.136121219215395115e+02 1.148485289658339112e-02
2.138489424558206053e+02 1.175615589100942326e-02
2.140857629901016708e+02 1.203925291123713465e-02
2.143225835243827646e+02 1.233484513071628555e-02
2.145594040586638585e+02 1.264368531090975627e-02
2.147962245929449523e+02 1.296658223203587396e-02
2.150330451272260177e+02 1.330440554864176748e-02
2.152698656615071116e+02 1.365809111328258191e-02
2.155066861957882054e+02 1.402864681589097162e-02
2.157435067300692708e+02 1.441715899105872056e-02
2.159803272643503647e+02 1.482479945039621473e-02
2.162171477986314585e+02 1.525283320235195327e-02
2.164539683329125523e+02 1.570262692730035881e-02
2.166907888671936178e+02 1.617565828123587388e-02
2.169276094014747116e+02 1.667352610689780412e-02
2.171644299357558054e+02 1.719796163636578418e-02
2.174012504700368993e+02 1.775084077380049627e-02
2.176380710043179647e+02 1.833419755060998815e-02
2.178748915385990585e+02 1.895023884729876706e-02
2.181117120728801524e+02 1.960136047576801002e-02
2.183485326071612178e+02 2.029016471176780384e-02
2.185853531414423117e+02 2.101947935804002188e-02
2.188221736757234055e+02 2.179237840242749524e-02
2.190589942100044993e+02 2.261220430918995522e-02
2.192958147442855648e+02 2.348259194241915718e-02
2.195326352785666586e+02 2.440749406315069828e-02
2.197694558128477524e+02 2.539120826043884255e-02
2.200062763471288179e+02 2.643840506339310142e-02
2.202430968814099117e+02 2.755415682572368019e-02
2.204799174156910055e+02 2.874396676356133495e-02
2.207167379499720994e+02 3.001379724444773814e-02
2.209535584842531648e+02 3.137009604927282896e-02
2.211903790185342586e+02 3.281981883323716043e-02
2.214271995528153525e+02 3.437044536433912084e-02
2.216640200870964179e+02 3.602998627974275669e-02
2.219008406213775118e+02 3.780697602665949314e-02
2.221376611556586056e+02 3.971044629510029483e-02
2.223744816899396994e+02 4.174987255340843056e-02
2.226113022242207649e+02 4.393508421742233633e-02
2.228481227585018587e+02 4.627612649152581387e-02
2.230849432927829525e+02 4.878305902388097720e-02
2.233217638270640464e+02 5.146567329887678788e-02
2.235585843613451118e+02 5.433310734744874193e-02
2.237954048956262056e+02 5.739333328130315215e-02
2.240322254299072995e+02 6.065249102584536339e-02
2.242690459641883649e+02 6.411404151447774868e-02
2.245058664984694587e+02 6.777771611056424006e-02
2.247426870327505526e+02 7.163824834979579115e-02
2.249795075670316464e+02 7.568389204563218120e-02
2.252163281013127119e+02 7.989475952169747264e-02
2.254531486355938057e+02 8.424105806880254066e-02
2.256899691698748995e+02 8.868136294376206819e-02
2.259267897041559650e+02 9.316113903653441830e-02
2.261636102384370588e+02 9.761180225612718642e-02
2.264004307727181526e+02 1.019506785273160548e-01
2.266372513069992465e+02 1.060822461550457313e-01
2.268740718412803119e+02 1.099010024920507311e-01
2.271108923755614057e+02 1.132961468651687426e-01
2.273477129098424996e+02 1.161580050423808574e-01
2.275845334441235934e+02 1.183857590800017762e-01
2.278213539784046588e+02 1.198956614607265270e-01
2.280581745126857527e+02 1.206286165698197410e-01
2.282949950469668465e+02 1.205559261693570361e-01
2.285318155812479120e+02 1.196821945525485403e-01
2.287686361155290058e+02 1.180448583639948784e-01
2.290054566498100996e+02 1.157104288542720738e-01
2.292422771840911935e+02 1.127681315319358779e-01
2.294790977183722589e+02 1.093220312903147862e-01
2.297159182526533527e+02 1.054828492453180611e-01
2.299527387869344466e+02 1.013605235050248771e-01
2.301895593212155120e+02 9.705823342537728271e-02
2.304263798554966058e+02 9.266821857316294431e-02
2.306632003897776997e+02 8.826938308902013142e-02
2.309000209240587935e+02 8.392644118661989061e-02
2.311368414583398589e+02 7.969024142574346325e-02
2.313736619926209528e+02 7.559888587799551418e-02
2.316104825269020466e+02 7.167930197776700707e-02
2.318473030611831405e+02 6.794899726378195171e-02
2.320841235954642059e+02 6.441780604516338105e-02
2.323209441297452997e+02 6.108950765430477131e-02
2.325577646640263936e+02 5.796325186410527380e-02
2.327945851983074590e+02 5.503476716800537877e-02
2.330314057325885528e+02 5.229735381589993570e-02
2.332682262668696467e+02 4.974267878847097452e-02
2.335050468011507405e+02 4.736139737385257342e-02
2.337418673354318059e+02 4.514362833439518330e-02
2.339786878697128998e+02 4.307930885332778709e-02
2.342155084039939936e+02 4.115845297460500596e-02
2.344523289382750590e+02 3.937133404835673617e-02
2.346891494725561529e+02 3.770860835636394987e-02
2.349259700068372467e+02 3.616139394728214163e-02
2.351627905411183406e+02 3.472131592130425076e-02
2.353996110753994060e+02 3.338052702519437448e-02
2.356364316096804998e+02 3.213171044722099023e-02
2.358732521439615937e+02 3.096807010214277373e-02
2.361100726782426875e+02 2.988331242024238818e-02
2.363468932125237529e+02 2.887162264981120094e-02
2.365837137468048468e+02 2.792763790058847700e-02
2.368205342810859406e+02 2.704641855312864968e-02
2.370573548153670060e+02 2.622341919896328810e-02
2.372941753496480999e+02 2.545445992815700137e-02
2.375309958839291937e+02 2.473569851956967589e-02
2.377678164182102876e+02 2.406360389496278035e-02
2.380046369524913530e+02 2.343493105533091259e-02
2.382414574867724468e+02 2.284669761419778553e-02
2.384782780210535407e+02 2.229616196855266352e-02
2.387150985553346061e+02 2.178080309624250838e-02
2.389519190896156999e+02 2.129830193333595925e-02
2.391887396238967938e+02 2.084652426191781552e-02
2.394255601581778876e+02 2.042350502468258736e-02
2.396623806924589530e+02 2.002743397510477891e-02
2.398992012267400469e+02 1.965664256900219800e-02
2.401360217610211407e+02 1.930959200359439951e-02
2.403728422953022346e+02 1.898486231265003252e-02
2.406096628295833000e+02 1.868114243025995047e-02
2.408464833638643938e+02 1.839722114060266325e-02
2.410833038981454877e+02 1.813197883638823296e-02
2.413201244324265531e+02 1.788438001418287543e-02
2.415569449667076469e+02 1.765346644033409518e-02
2.417937655009887408e+02 1.743835092659325528e-02
2.420305860352698346e+02 1.723821165968086530e-02
2.422674065695509000e+02 1.705228703390535352e-02
2.425042271038319939e+02 1.687987094049549219e-02
2.427410476381130877e+02 1.672030847152913141e-02
2.429778681723941531e+02 1.657299200023461261e-02
2.432146887066752470e+02 1.643735760301534565e-02
2.434515092409563408e+02 1.631288179181546172e-02
2.436883297752374347e+02 1.619907852842147888e-02
2.439251503095185001e+02 1.609549649500266119e-02
2.441619708437995939e+02 1.600171659764805868e-02
2.443987913780806878e+02 1.591734968188365101e-02
2.446356119123617532e+02 1.584203444116517520e-02
2.448724324466428470e+02 1.577543550116229654e-02
2.451092529809239409e+02 1.571724166429301975e-02
2.453460735152050347e+02 1.566716430045080044e-02
2.455828940494861001e+02 1.562493587120642423e-02
2.458197145837671940e+02 1.559030857597496975e-02
2.460565351180482878e+02 1.556305310972890509e-02
2.462933556523293817e+02 1.554295752282254355e-02
2.465301761866104471e+02 1.552982617438156306e-02
2.467669967208915409e+02 1.552347877151361022e-02
2.470038172551726348e+02 1.552374948732070797e-02
2.472406377894537002e+02 1.553048615134886186e-02
2.474774583237347940e+02 1.554354950670283966e-02
2.477142788580158879e+02 1.556281252858960490e-02
2.479510993922969817e+02 1.558815979953913355e-02
2.481879199265780471e+02 1.561948693699093116e-02
2.484247404608591410e+02 1.565670006933319106e-02
2.486615609951402348e+02 1.569971535684340849e-02
2.488983815294213002e+02 1.574845855430798483e-02
2.491352020637023941e+02 1.580286461239762894e-02
2.493720225979834879e+02 1.586287731514734317e-02
2.496088431322645818e+02 1.592844895113863096e-02
2.498456636665456472e+02 1.599954001620790961e-02
2.500824842008267410e+02 1.607611894571283132e-02
2.503193047351078349e+02 1.615816187457804615e-02
2.505561252693889287e+02 1.624565242351651631e-02
2.507929458036699941e+02 1.633858150998277262e-02
2.510297663379510880e+02 1.643694718256241694e-02
2.512665868722321818e+02 1.654075447763866946e-02
2.515034074065132472e+02 1.665001529730363722e-02
2.517402279407943411e+02 1.676474830759929965e-02
2.519770484750754349e+02 1.688497885628292144e-02
2.522138690093565287e+02 1.701073890941442665e-02
2.524506895436375942e+02 1.714206700615938592e-02
2.526875100779186880e+02 1.727900823129231711e-02
2.529243306121997819e+02 1.742161420497086860e-02
2.531611511464808473e+02 1.756994308943381905e-02
2.533979716807619411e+02 1.772405961235408098e-02
2.536347922150430350e+02 1.788403510665305049e-02
2.538716127493241288e+02 1.804994756665647890e-02
2.541084332836051942e+02 1.822188172054237804e-02
2.543452538178862881e+02 1.839992911910167186e-02
2.545820743521673819e+02 1.858418824090056834e-02
2.548188948864484757e+02 1.877476461400212626e-02
2.550557154207295412e+02 1.897177095447221545e-02
2.552925359550106350e+02 1.917532732196346526e-02
2.555293564892917288e+02 1.938556129273954695e-02
2.557661770235727943e+02 1.960260815057281517e-02
2.560029975578539165e+02 1.982661109601963415e-02
2.562398180921349535e+02 2.005772147465096841e-02
2.564766386264160474e+02 2.029609902489377601e-02
2.567134591606971412e+02 2.054191214621460190e-02
2.569502796949782351e+02 2.079533818846285645e-02
2.571871002292593289e+02 2.105656376327446483e-02
2.574239207635404227e+02 2.132578507852898181e-02
2.576607412978215166e+02 2.160320829694797190e-02
2.578975618321025536e+02 2.188904992002391192e-02
2.581343823663836474e+02 2.218353719857626971e-02
2.583712029006647413e+02 2.248690857134411428e-02
2.586080234349458351e+02 2.279941413314851353e-02
2.588448439692269289e+02 2.312131613428546062e-02
2.590816645035080228e+02 2.345288951295042279e-02
2.593184850377891166e+02 2.379442246264426228e-02
2.595553055720701536e+02 2.414621703667026512e-02
2.597921261063512475e+02 2.450858979200487217e-02
2.600289466406323413e+02 2.488187247500838958e-02
2.602657671749134352e+02 2.526641275164499129e-02
2.605025877091945290e+02 2.566257498509455851e-02
2.607394082434756228e+02 2.607074106387395965e-02
2.609762287777567167e+02 2.649131128383797051e-02
2.612130493120378105e+02 2.692470528770346538e-02
2.614498698463188475e+02 2.737136306603785152e-02
2.616866903805999414e+02 2.783174602397511105e-02
2.619235109148810352e+02 2.830633811827110852e-02
2.621603314491621290e+02 2.879564706969361260e-02
2.623971519834432229e+02 2.930020565615294725e-02
2.626339725177243167e+02 2.982057309243204418e-02
2.628707930520054106e+02 3.035733650286493238e-02
2.631076135862864476e+02 3.091111249384832435e-02
2.633444341205675414e+02 3.148254883365624035e-02
2.635812546548486353e+02 3.207232624766297863e-02
2.638180751891297291e+02 3.268116033778142859e-02
2.640548957234108229e+02 3.330980363568238761e-02
2.642917162576919168e+02 3.395904780019712993e-02
2.645285367919730106e+02 3.462972597021884980e-02
2.647653573262540476e+02 3.532271528541984507e-02
2.650021778605351415e+02 3.603893958820073712e-02
2.652389983948162353e+02 3.677937232148916630e-02
2.654758189290973291e+02 3.754503963833464436e-02
2.657126394633784230e+02 3.833702374069402480e-02
2.659494599976595168e+02 3.915646646640345840e-02
2.661862805319406107e+02 4.000457314509046208e-02
2.664231010662216477e+02 4.088261674571477822e-02
2.666599216005027415e+02 4.179194234056094609e-02
2.668967421347838354e+02 4.273397191285092239e-02
2.671335626690649292e+02 4.371020953774463341e-02
2.673703832033460230e+02 4.472224696934963550e-02
2.676072037376271169e+02 4.577176966952345438e-02
2.678440242719082107e+02 4.686056331774057088e-02
2.680808448061892477e+02 4.799052084515267880e-02
2.683176653404703416e+02 4.916365004023874608e-02
2.685544858747514354e+02 5.038208177815520911e-02
2.687913064090325292e+02 5.164807893113079751e-02
2.690281269433136231e+02 5.296404602302686587e-02
2.692649474775947169e+02 5.433253969759865160e-02
2.695017680118758108e+02 5.575628007709329537e-02
2.697385885461568478e+02 5.723816309569258048e-02
2.699754090804379416e+02 5.878127390103692063e-02
2.702122296147190355e+02 6.038890142673506573e-02
2.704490501490001293e+02 6.206455424950194089e-02
2.706858706832812231e+02 6.381197785644510123e-02
2.709226912175623170e+02 6.563517346120467666e-02
2.711595117518434108e+02 6.753841852224601316e-02
2.713963322861245047e+02 6.952628913276716338e-02
2.716331528204055417e+02 7.160368446956005828e-02
2.718699733546866355e+02 7.377585350792756347e-02
2.721067938889677293e+02 7.604842423155185049e-02
2.723436144232488232e+02 7.842743559025246169e-02
2.725804349575299170e+02 8.091937248496550161e-02
2.728172554918110109e+02 8.353120408824629695e-02
2.730540760260921047e+02 8.627042584023901506e-02
2.732908965603731417e+02 8.914510549449751464e-02
2.735277170946542356e+02 9.216393362532726563e-02
2.737645376289353294e+02 9.533627904840064060e-02
2.740013581632164232e+02 9.867224964917832575e-02
2.742381786974975171e+02 1.021827591587475270e-01
2.744749992317786109e+02 1.058796004635887966e-01
2.747118197660597048e+02 1.097755260835727859e-01
2.749486403003407418e+02 1.138843364998594482e-01
2.751854608346218356e+02 1.182209770593984216e-01
2.754222813689029294e+02 1.228016442226375349e-01
2.756591019031840233e+02 1.276439019520866358e-01
2.758959224374651171e+02 1.327668090561624770e-01
2.761327429717462110e+02 1.381910582981831781e-01
2.763695635060273048e+02 1.439391280446769561e-01
2.766063840403083418e+02 1.500354471472737927e-01
2.768432045745894357e+02 1.565065736109173822e-01
2.770800251088705295e+02 1.633813873747201884e-01
2.773168456431516233e+02 1.706912971899805231e-01
2.775536661774327172e+02 1.784704610822058501e-01
2.777904867117138110e+02 1.867560191779087386e-01
2.780273072459949049e+02 1.955883366937284928e-01
2.782641277802759419e+02 2.050112535363711741e-01
2.785009483145570357e+02 2.150723351329209554e-01
2.787377688488381295e+02 2.258231166568576698e-01
2.789745893831192234e+02 2.373193295525051760e-01
2.792114099174003172e+02 2.496210949610162544e-01
2.794482304516814111e+02 2.627930630349651353e-01
2.796850509859625049e+02 2.769044698607694976e-01
2.799218715202435988e+02 2.920290743991317273e-01
2.801586920545246358e+02 3.082449260710830030e-01
2.803955125888057296e+02 3.256338989152770536e-01
2.806323331230868234e+02 3.442809102209170025e-01
2.808691536573679173e+02 3.642727199537098559e-01
2.811059741916490111e+02 3.856961822249304617e-01
2.813427947259301050e+02 4.086357922096384709e-01
2.815796152602111988e+02 4.331703430478406891e-01
2.818164357944922358e+02 4.593684807679873638e-01
2.820532563287733296e+02 4.872829270357460496e-01
2.822900768630544235e+02 5.169431389034453428e-01
2.825268973973355173e+02 5.483462055844868788e-01
2.827637179316166112e+02 5.814458637477276648e-01
2.830005384658977050e+02 6.161396691821083849e-01
2.832373590001787989e+02 6.522546211293428486e-01
2.834741795344598358e+02 6.895319205664766082e-01
2.837110000687409297e+02 7.276120659329903262e-01
2.839478206030220235e+02 7.660221288000313988e-01
2.841846411373031174e+02 8.041677336035106816e-01
2.844214616715842112e+02 8.413328400265418505e-01
2.846582822058653051e+02 8.766906604268164260e-01
2.848951027401463989e+02 9.093286462006536786e-01
2.851319232744274359e+02 9.382891754000191042e-01
2.853687438087085297e+02 9.626252557716933334e-01
2.856055643429896236e+02 9.814674263025923162e-01
2.858423848772707174e+02 9.940947183003101539e-01
2.860792054115518113e+02 1.000000000000000000e+00
2.863160259458329051e+02 9.989393148325028671e-01
2.865528464801139990e+02 9.909565798817544513e-01
2.867896670143950359e+02 9.763790939416906456e-01
2.870264875486761298e+02 9.557846936118111758e-01
2.872633080829572236e+02 9.299465404848537009e-01
2.875001286172383175e+02 8.997649731098837922e-01
2.877369491515194113e+02 8.661968413622196383e-01
2.879737696858005052e+02 8.301913809370543573e-01
2.882105902200815990e+02 7.926387970130645000e-01
2.884474107543626928e+02 7.543343714835326619e-01
2.886842312886437298e+02 7.159579768063374372e-01
2.889210518229248237e+02 6.780668643484940583e-01
2.891578723572059175e+02 6.410985885509425941e-01
2.893946928914870114e+02 6.053807523742787966e-01
2.896315134257681052e+02 5.711446252494134512e-01
2.898683339600491990e+02 5.385403124702036193e-01
2.901051544943302929e+02 5.076518356953979572e-01
2.903419750286113299e+02 4.785110928495808769e-01
2.905787955628924237e+02 4.511101468069959042e-01
2.908156160971735176e+02 4.254116369764947003e-01
2.910524366314546114e+02 4.013573326582133283e-01
2.912892571657357053e+02 3.788749779771800053e-01
2.915260777000167991e+02 3.578836420395341000e-01
2.917628982342978929e+02 3.382978075317683020e-01
2.919997187685789299e+02 3.200304238021368097e-01
2.922365393028600238e+02 3.029951289267781567e-01
2.924733598371411176e+02 2.871078175621076811e-01
2.927101803714222115e+02 2.722877025539706675e-01
2.929470009057033053e+02 2.584579911423436904e-01
2.931838214399843991e+02 2.455462725450970329e-01
2.934206419742654930e+02 2.334846932047828783e-01
2.936574625085465300e+02 2.222099789993915719e-01
2.938942830428276238e+02 2.116633499435187638e-01
2.941311035771087177e+02 2.017903619180773100e-01
2.943679241113898115e+02 1.925407013179947502e-01
2.946047446456709054e+02 1.838679517771139027e-01
2.948415651799519992e+02 1.757293469437298805e-01
2.950783857142330930e+02 1.680855193208375120e-01
2.953152062485141300e+02 1.609002521885192216e-01
2.955520267827952239e+02 1.541402393779901514e-01
2.957888473170763177e+02 1.477748559965888775e-01
2.960256678513574116e+02 1.417759419751291328e-01
2.962624883856385054e+02 1.361175994179108506e-01
2.964993089199195992e+02 1.307760040989384975e-01
2.967361294542006931e+02 1.257292310022525839e-01
2.969729499884817301e+02 1.209570935010550047e-01
2.972097705227628239e+02 1.164409955723909318e-01
2.974465910570439178e+02 1.121637963234008439e-01
2.976834115913250116e+02 1.081096860401850185e-01
2.979202321256061055e+02 1.042640729452733728e-01
2.981570526598871993e+02 1.006134798524442459e-01
2.983938731941682931e+02 9.714544992940576940e-02
2.986306937284493870e+02 9.384846081303328813e-02
2.988675142627304240e+02 9.071184636367063403e-02
2.991043347970115178e+02 8.772572539097453492e-02
2.993411553312926117e+02 8.488093673146956952e-02
2.995779758655737055e+02 8.216898010558995602e-02
2.998147963998547993e+02 7.958196222843584577e-02
3.000516169341358932e+02 7.711254769289466182e-02
3.002884374684169870e+02 7.475391418576200764e-02
3.005252580026980240e+02 7.249971163675127117e-02
3.007620785369791179e+02 7.034402493669980605e-02
3.009988990712602117e+02 6.828133989487862598e-02
3.012357196055413056e+02 6.630651213611417349e-02
3.014725401398223994e+02 6.441473866662411618e-02
3.017093606741034932e+02 6.260153186313062446e-02
3.019461812083845871e+02 6.086269566315348489e-02
3.021830017426656241e+02 5.919430375555485846e-02
3.024198222769467179e+02 5.759267958957717953e-02
3.026566428112278118e+02 5.605437803796697871e-02
3.028934633455089056e+02 5.457616856543679590e-02
3.031302838797899994e+02 5.315501976788456623e-02
3.033671044140710933e+02 5.178808516055582317e-02
3.036039249483521871e+02 5.047269010486278573e-02
3.038407454826332241e+02 4.920631977397053880e-02
3.040775660169143180e+02 4.798660806663678641e-02
3.043143865511954118e+02 4.681132738725590769e-02
3.045512070854765057e+02 4.567837921767828324e-02
3.047880276197575995e+02 4.458578541327111455e-02
3.050248481540386933e+02 4.353168016189373074e-02
3.052616686883197872e+02 4.251430255007224851e-02
3.054984892226008242e+02 4.153198968572394123e-02
3.057353097568819180e+02 4.058317033135705465e-02
3.059721302911630119e+02 3.966635900581393787e-02
3.062089508254441057e+02 3.878015051635826105e-02
3.064457713597251995e+02 3.792321488630027992e-02
3.066825918940062934e+02 3.709429264641363883e-02
3.069194124282873872e+02 3.629219046117460046e-02
3.071562329625684811e+02 3.551577706336916940e-02
3.073930534968495181e+02 3.476397947289592422e-02
3.076298740311306119e+02 3.403577947765972639e-02
3.078666945654117058e+02 3.333021035633523116e-02
3.081035150996927996e+02 3.264635382447960560e-02
3.083403356339738934e+02 3.198333718703204320e-02
3.085771561682549873e+02 3.134033068164558677e-02
3.088139767025360811e+02 3.071654499858272533e-02
3.090507972368171181e+02 3.011122896407635724e-02
3.092876177710982120e+02 2.952366737512317207e-02
3.095244383053793058e+02 2.895317897465178938e-02
3.097612588396603996e+02 2.839911455689062697e-02
3.099980793739414935e+02 2.786085519357541646e-02
3.102348999082225873e+02 2.733781057237382947e-02
3.104717204425036812e+02 2.682941743958234398e-02
3.107085409767847182e+02 2.633513813976950599e-02
3.109453615110658120e+02 2.585445924560599018e-02
3.111821820453469059e+02 2.538689027164300199e-02
3.114190025796279997e+02 2.493196246627270296e-02
3.116558231139090935e+02 2.448922767654445470e-02
3.118926436481901874e+02 2.405825728090881660e-02
3.121294641824712812e+02 2.363864118532962855e-02
3.123662847167523182e+02 2.322998687854230943e-02
3.126031052510334121e+02 2.283191854254642411e-02
3.128399257853145059e+02 2.244407621470814046e-02
3.130767463195955997e+02 2.206611499810787191e-02
3.133135668538766936e+02 2.169770431701376415e-02
3.135503873881577874e+02 2.133852721458296200e-02
3.137872079224388813e+02 2.098827969009872327e-02
3.140240284567199183e+02 2.064667007324152634e-02
3.142608489910010121e+02 2.031341843306663439e-02
3.144976695252821060e+02 1.998825601952418374e-02
3.147344900595631998e+02 1.967092473550456633e-02
3.149713105938442936e+02 1.936117663753285367e-02
3.152081311281253875e+02 1.905877346336211017e-02
3.154449516624064813e+02 1.876348618483454980e-02
3.156817721966875183e+02 1.847509458448883674e-02
3.159185927309686122e+02 1.819338685449306547e-02
3.161554132652497060e+02 1.791815921657833807e-02
3.163922337995307998e+02 1.764921556173298239e-02
3.166290543338118937e+02 1.738636710850064576e-02
3.168658748680929875e+02 1.712943207879942531e-02
3.171026954023740814e+02 1.687823539024940409e-02
3.173395159366551752e+02 1.663260836406093776e-02
3.175763364709362122e+02 1.639238844759638783e-02
3.178131570052173061e+02 1.615741895077376852e-02
3.180499775394983999e+02 1.592754879553417643e-02
3.182867980737794937e+02 1.570263227764166422e-02
3.185236186080605876e+02 1.548252884013140082e-02
3.187604391423416814e+02 1.526710285776308566e-02
3.189972596766227753e+02 1.505622343187632516e-02
3.192340802109038123e+02 1.484976419508146454e-02
3.194709007451849061e+02 1.464760312525325257e-02
3.197077212794659999e+02 1.444962236832777330e-02
3.199445418137470938e+02 1.425570806943129987e-02
3.201813623480281876e+02 1.406575021189930205e-02
3.204181828823092815e+02 1.387964246376901384e-02
3.206550034165903753e+02 1.369728203135362268e-02
3.208918239508714123e+02 1.351856951952913090e-02
3.211286444851525061e+02 1.334340879838589317e-02
3.213654650194336000e+02 1.317170687591781401e-02
3.216022855537146938e+02 1.300337377643951894e-02
3.218391060879957877e+02 1.283832242444074047e-02
3.220759266222768815e+02 1.267646853360288907e-02
3.223127471565579754e+02 1.251773050071842627e-02
3.225495676908390124e+02 1.236202930426829466e-02
3.227863882251201062e+02 1.220928840742575329e-02
3.230232087594012000e+02 1.205943366526889340e-02
3.232600292936822939e+02 1.191239323599443609e-02
3.234968498279633877e+02 1.176809749593827649e-02
3.237336703622444816e+02 1.162647895821787222e-02
3.239704908965255754e+02 1.148747219482196442e-02
3.242073114308066124e+02 1.135101376198231066e-02
3.244441319650877062e+02 1.121704212867088643e-02
3.246809524993688001e+02 1.108549760807484540e-02
3.249177730336498939e+02 1.095632229190831967e-02
3.251545935679309878e+02 1.082945998742857775e-02
3.253914141022120816e+02 1.070485615703035617e-02
3.256282346364931755e+02 1.058245786029893276e-02
3.258650551707742693e+02 1.046221369840862232e-02
3.261018757050553063e+02 1.034407376075928246e-02
3.263386962393364001e+02 1.022798957374864565e-02
3.265755167736174940e+02 1.011391405158409106e-02
3.268123373078985878e+02 1.000180144904139028e-02
3.270491578421796817e+02 9.891607316083546667e-03
3.272859783764607755e+02 9.783288454256586567e-03
3.275227989107418693e+02 9.676802874783597963e-03
3.277596194450229063e+02 9.572109758282019293e-03
3.279964399793040002e+02 9.469169416032902076e-03
3.282332605135850940e+02 9.367943252734710000e-03
3.284700810478661879e+02 9.268393730676708145e-03
3.287069015821472817e+02 9.170484335271055290e-03
3.289437221164283756e+02 9.074179541884977787e-03
3.291805426507094694e+02 8.979444783917572837e-03
3.294173631849905064e+02 8.886246422068273115e-03
3.296541837192716002e+02 8.794551714746462814e-03
3.298910042535526941e+02 8.704328789574510700e-03
3.301278247878337879e+02 8.615546615938029715e-03
3.303646453221148818e+02 8.528174978540060958e-03
3.306014658563959756e+02 8.442184451917389074e-03
3.308382863906770694e+02 8.357546375879378389e-03
3.310751069249581064e+02 8.274232831831474649e-03
3.313119274592392003e+02 8.192216619947121845e-03
3.315487479935202941e+02 8.111471237153909664e-03
3.317855685278013880e+02 8.031970855900670905e-03
3.320223890620824818e+02 7.953690303674354131e-03
3.322592095963635757e+02 7.876605043236575843e-03
3.324960301306446695e+02 7.800691153551172000e-03
3.327328506649257065e+02 7.725925311375374076e-03
3.329696711992068003e+02 7.652284773488325989e-03
3.332064917334878942e+02 7.579747359532163983e-03
3.334433122677689880e+02 7.508291435441383742e-03
3.336801328020500819e+02 7.437895897437846182e-03
3.339169533363311757e+02 7.368540156569454262e-03
3.341537738706122695e+02 7.300204123771537532e-03
3.343905944048933634e+02 7.232868195430935260e-03
3.346274149391744004e+02 7.166513239433559140e-03
3.348642354734554942e+02 7.101120581677015410e-03
3.351010560077365881e+02 7.036671993030892309e-03
3.353378765420176819e+02 6.973149676727603309e-03
3.355746970762987758e+02 6.910536256167826644e-03
3.358115176105798696e+02 6.848814763125020584e-03
3.360483381448609634e+02 6.787968626334195572e-03
3.362851586791420004e+02 6.727981660450785273e-03
3.365219792134230943e+02 6.668838055365857581e-03
3.367587997477041881e+02 6.610522365864884148e-03
3.369956202819852820e+02 6.553019501617219321e-03
3.372324408162663758e+02 6.496314717484503662e-03
3.374692613505474696e+02 6.440393604136392808e-03
3.377060818848285635e+02 6.385242078962563225e-03
3.379429024191096005e+02 6.330846377270370542e-03
3.381797229533906943e+02 6.277193043757936866e-03
3.384165434876717882e+02 6.224268924253038501e-03
3.386533640219528820e+02 6.172061157708169828e-03
3.388901845562339759e+02 6.120557168442945783e-03
3.391270050905150697e+02 6.069744658625079135e-03
3.393638256247961635e+02 6.019611600981670044e-03
3.396006461590772005e+02 5.970146231732748401e-03
3.398374666933582944e+02 5.921337043739361566e-03
3.400742872276393882e+02 5.873172779858971959e-03
3.403111077619204821e+02 5.825642426500811030e-03
3.405479282962015759e+02 5.778735207374544741e-03
3.407847488304826697e+02 5.732440577425600495e-03
3.410215693647637636e+02 5.686748216950841123e-03
3.412583898990448006e+02 5.641648025888513530e-03
3.414952104333258944e+02 5.597130118276556592e-03
3.417320309676069883e+02 5.553184816873788301e-03
3.419688515018880821e+02 5.509802647938341277e-03
3.422056720361691760e+02 5.466974336158277742e-03
3.424424925704502698e+02 5.424690799729299517e-03
3.426793131047313636e+02 5.382943145574722692e-03
3.429161336390124006e+02 5.341722664703053153e-03
3.431529541732934945e+02 5.301020827698630158e-03
3.433897747075745883e+02 5.260829280341143381e-03
3.436265952418556822e+02 5.221139839349657127e-03
3.438634157761367760e+02 5.181944488247286311e-03
3.441002363104178698e+02 5.143235373342565538e-03
3.443370568446989637e+02 5.105004799823809405e-03
3.445738773789800575e+02 5.067245227962858395e-03
3.448106979132610945e+02 5.029949269424741770e-03
3.450475184475421884e+02 4.993109683679855700e-03
3.452843389818232822e+02 4.956719374515567052e-03
3.455211595161043761e+02 4.920771386643945158e-03
3.457579800503854699e+02 4.885258902402749709e-03
3.459948005846665637e+02 4.850175238546727483e-03
3.462316211189476576e+02 4.815513843126396389e-03
3.464684416532286946e+02 4.781268292451684374e-03
3.467052621875097884e+02 4.747432288137691005e-03
3.469420827217908823e+02 4.713999654230236792e-03
3.471789032560719761e+02 4.680964334408572146e-03
3.474157237903530699e+02 4.648320389263024648e-03
3.476525443246341638e+02 4.616061993645278333e-03
3.478893648589152576e+02 4.584183434089091416e-03
3.481261853931962946e+02 4.552679106299339570e-03
3.483630059274773885e+02 4.521543512707308296e-03
3.485998264617584823e+02 4.490771260090360879e-03
3.488366469960395762e+02 4.460357057253913279e-03
3.490734675303206700e+02 4.430295712774000305e-03
3.493102880646017638e+02 4.400582132798591672e-03
3.495471085988828577e+02 4.371211318905927554e-03
3.497839291331638947e+02 4.342178366018249053e-03
3.500207496674449885e+02 4.313478460369216637e-03
3.502575702017260824e+02 4.285106877523600123e-03
3.504943907360071762e+02 4.257058980447578356e-03
3.507312112702882700e+02 4.229330217628282478e-03
3.509680318045693639e+02 4.201916121241136039e-03
3.512048523388504577e+02 4.174812305363637989e-03
3.514416728731314947e+02 4.148014464234254552e-03
3.516784934074125886e+02 4.121518370555117203e-03
3.519153139416936824e+02 4.095319873837370561e-03
3.521521344759747763e+02 4.069414898787842259e-03
3.523889550102558701e+02 4.043799443735984420e-03
3.526257755445369639e+02 4.018469579099895848e-03
3.528625960788180578e+02 3.993421445890372838e-03
3.530994166130991516e+02 3.968651254251902641e-03
3.533362371473801886e+02 3.944155282039602146e-03
3.535730576816612825e+02 3.919929873431076545e-03
3.538098782159423763e+02 3.895971437572309359e-03
3.540466987502234701e+02 3.872276447256568169e-03
3.542835192845045640e+02 3.848841437635468644e-03
3.545203398187856578e+02 3.825663004961340347e-03
3.547571603530667517e+02 3.802737805360009628e-03
3.549939808873477887e+02 3.780062553633205518e-03
3.552308014216288825e+02 3.757634022089775035e-03
3.554676219559099764e+02 3.735449039404975871e-03
3.557044424901910702e+02 3.713504489507048895e-03
3.559412630244721640e+02 3.691797310490367058e-03
3.561780835587532579e+02 3.670324493554474616e-03
3.564149040930343517e+02 3.649083081968316263e-03
3.566517246273153887e+02 3.628070170058997432e-03
3.568885451615964826e+02 3.607282902224425228e-03
3.571253656958775764e+02 3.586718471969263175e-03
3.573621862301586702e+02 3.566374120963500694e-03
3.575990067644397641e+02 3.546247138123143766e-03
3.578358272987208579e+02 3.526334858712397088e-03
3.580726478330019518e+02 3.506634663466829012e-03
3.583094683672829888e+02 3.487143977736958077e-03
3.585462889015640826e+02 3.467860270651725984e-03
3.587831094358451764e+02 3.448781054301438501e-03
3.590199299701262703e+02 3.429903882939557176e-03
3.592567505044073641e+02 3.411226352202972791e-03
3.594935710386884580e+02 3.392746098350248821e-03
3.597303915729695518e+02 3.374460797517402511e-03
3.599672121072505888e+02 3.356368164990788591e-03
3.602040326415316827e+02 3.338465954496642844e-03
3.604408531758127765e+02 3.320751957506937711e-03
3.606776737100938703e+02 3.303224002561064212e-03
3.609144942443749642e+02 3.285879954603024462e-03
3.611513147786560580e+02 3.268717714333717588e-03
3.613881353129371519e+02 3.251735217577995073e-03
3.616249558472182457e+02 3.234930434666082651e-03
3.618617763814992827e+02 3.218301369829069947e-03
3.620985969157803765e+02 3.201846060608086204e-03
3.623354174500614704e+02 3.185562577276913193e-03
3.625722379843425642e+02 3.169449022277621552e-03
3.628090585186236581e+02 3.153503529669005913e-03
3.630458790529047519e+02 3.137724264587480119e-03
3.632826995871858458e+02 3.122109422720155403e-03
3.635195201214668828e+02 3.106657229789823536e-03
3.637563406557479766e+02 3.091365941051549618e-03
3.639931611900290704e+02 3.076233840800661565e-03
3.642299817243101643e+02 3.061259241891811905e-03
3.644668022585912581e+02 3.046440485268909776e-03
3.647036227928723520e+02 3.031775939505656006e-03
3.649404433271534458e+02 3.017264000356466563e-03
3.651772638614344828e+02 3.002903090317528539e-03
3.654140843957155766e+02 2.988691658197770943e-03
3.656509049299966705e+02 2.974628178699572061e-03
3.658877254642777643e+02 2.960711152008925831e-03
3.661245459985588582e+02 2.946939103394918043e-03
3.663613665328399520e+02 2.933310582818284256e-03
3.665981870671210459e+02 2.919824164548870307e-03
3.668350076014020829e+02 2.906478446791805476e-03
3.670718281356831767e+02 2.893272051322180131e-03
3.673086486699642705e+02 2.880203623128112060e-03
3.675454692042453644e+02 2.867271830061959067e-03
3.677822897385264582e+02 2.854475362499551191e-03
3.680191102728075521e+02 2.841812933007272987e-03
3.682559308070886459e+02 2.829283276016837569e-03
3.684927513413696829e+02 2.816885147507593688e-03
3.687295718756507767e+02 2.804617324696218397e-03
3.689663924099318706e+02 2.792478605733671702e-03
3.692032129442129644e+02 2.780467809409230186e-03
3.694400334784940583e+02 2.768583774861507665e-03
3.696768540127751521e+02 2.756825361296303279e-03
3.699136745470562460e+02 2.745191447711161671e-03
3.701504950813372830e+02 2.733680932626516864e-03
3.703873156156183768e+02 2.722292733823291483e-03
3.706241361498994706e+02 2.711025788086861982e-03
3.708609566841805645e+02 2.699879050957241546e-03
3.710977772184616583e+02 2.688851496485386572e-03
3.713345977527427522e+02 2.677942116995535218e-03
3.715714182870238460e+02 2.667149922853445741e-03
3.718082388213049398e+02 2.656473942240458741e-03
3.720450593555859768e+02 2.645913220933281823e-03
3.722818798898670707e+02 2.635466822089381749e-03
3.725187004241481645e+02 2.625133826037940286e-03
3.727555209584292584e+02 2.614913330076238003e-03
3.729923414927103522e+02 2.604804448271406166e-03
3.732291620269914461e+02 2.594806311267469547e-03
3.734659825612725399e+02 2.584918066097582554e-03
3.737028030955535769e+02 2.575138876001407083e-03
3.739396236298346707e+02 2.565467920247531917e-03
3.741764441641157646e+02 2.555904393960894624e-03
3.744132646983968584e+02 2.546447507955112727e-03
3.746500852326779523e+02 2.537096488569665163e-03
3.748869057669590461e+02 2.527850577511877184e-03
3.751237263012401399e+02 2.518709031703623286e-03
3.753605468355211769e+02 2.509671123132718642e-03
3.755973673698022708e+02 2.500736138708912776e-03
3.758341879040833646e+02 2.491903380124474605e-03
3.760710084383644585e+02 2.483172163719273018e-03
3.763078289726455523e+02 2.474541820350337814e-03
3.765446495069266462e+02 2.466011695265845922e-03
3.767814700412077400e+02 2.457581147983487358e-03
3.770182905754887770e+02 2.449249552173172334e-03
3.772551111097698708e+02 2.441016295544038740e-03
3.774919316440509647e+02 2.432880779735742231e-03
3.777287521783320585e+02 2.424842420213959519e-03
3.779655727126131524e+02 2.416900646170105742e-03
3.782023932468942462e+02 2.409054900425224282e-03
3.784392137811753400e+02 2.401304639338019097e-03
3.786760343154563770e+02 2.393649332717011791e-03
3.789128548497374709e+02 2.386088463736792207e-03
3.791496753840185647e+02 2.378621528858357315e-03
3.793864959182996586e+02 2.371248037753500258e-03
3.796233164525807524e+02 2.363967513233246505e-03
3.798601369868618463e+02 2.356779491180324964e-03
3.800969575211429401e+02 2.349683520485648484e-03
3.803337780554240339e+02 2.342679162988817610e-03
3.805705985897050709e+02 2.335765993422611164e-03
3.808074191239861648e+02 2.328943599361479270e-03
3.810442396582672586e+02 2.322211581174041424e-03
3.812810601925483525e+02 2.315569551979565748e-03
3.815178807268294463e+02 2.309017137608443751e-03
3.817547012611105401e+02 2.302553976566670997e-03
3.819915217953916340e+02 2.296179720004335855e-03
3.822283423296726710e+02 2.289894031688109819e-03
3.824651628639537648e+02 2.283696587977773664e-03
3.827019833982348587e+02 2.277587077806783773e-03
3.829388039325159525e+02 2.271565202666883405e-03
3.831756244667970464e+02 2.265630676596793163e-03
3.834124450010781402e+02 2.259783226174989779e-03
3.836492655353592340e+02 2.254022590516603555e-03
3.838860860696402710e+02 2.248348521274456599e-03
3.841229066039213649e+02 2.242760782644260924e-03
3.843597271382024587e+02 2.237259151374034524e-03
3.845965476724835526e+02 2.231843416777732833e-03
3.848333682067646464e+02 2.226513380753149772e-03
3.850701887410457402e+02 2.221268857804140420e-03
3.853070092753268341e+02 2.216109675067171395e-03
3.855438298096078711e+02 2.211035672342281759e-03
3.857806503438889649e+02 2.206046702128465313e-03
3.860174708781700588e+02 2.201142629663564027e-03
3.862542914124511526e+02 2.196323332968680864e-03
3.864911119467322465e+02 2.191588702897207842e-03
3.867279324810133403e+02 2.186938643188502274e-03
3.869647530152944341e+02 2.182373070526286672e-03
3.872015735495754711e+02 2.177891914601834313e-03
3.874383940838565650e+02 2.173495118182005095e-03
3.876752146181376588e+02 2.169182637182217547e-03
3.879120351524187527e+02 2.164954440744415974e-03
3.881488556866998465e+02 2.160810511320124250e-03
3.883856762209809403e+02 2.156750844758664742e-03
3.886224967552620342e+02 2.152775450400634324e-03
3.888593172895430712e+02 2.148884351176723329e-03
3.890961378238241650e+02 2.145077583711973296e-03
3.893329583581052589e+02 2.141355198435578901e-03
3.895697788923863527e+02 2.137717259696337267e-03
3.898065994266674466e+02 2.134163845883837486e-03
3.900434199609485404e+02 2.130695049555527808e-03
3.902802404952296342e+02 2.127310977569761129e-03
3.905170610295107281e+02 2.124011751224945833e-03
3.907538815637917651e+02 2.120797506404930362e-03
3.909907020980728589e+02 2.117668393730751629e-03
3.912275226323539528e+02 2.114624578718890795e-03
3.914643431666350466e+02 2.111666241946172622e-03
3.917011637009161404e+02 2.108793579221461892e-03
3.919379842351972343e+02 2.106006801764310869e-03
3.921748047694783281e+02 2.103306136390721733e-03
3.924116253037593651e+02 2.100691825706183131e-03
3.926484458380404590e+02 2.098164128306166491e-03
3.928852663723215528e+02 2.095723318984250329e-03
3.931220869066026466e+02 2.093369688948073376e-03
3.933589074408837405e+02 2.091103546043296055e-03
3.935957279751648343e+02 2.088925214985784973e-03
3.938325485094459282e+02 2.086835037602226880e-03
3.940693690437269652e+02 2.084833373079384138e-03
3.943061895780080590e+02 2.082920598222224185e-03
3.945430101122891529e+02 2.081097107721157583e-03
3.947798306465702467e+02 2.079363314428625369e-03
3.950166511808513405e+02 2.077719649645285490e-03
3.952534717151324344e+02 2.076166563416070258e-03
3.954902922494135282e+02 2.074704524836377181e-03
3.957271127836945652e+02 2.073334022368679853e-03
3.959639333179756591e+02 2.072055564169854227e-03
3.962007538522567529e+02 2.070869678429515612e-03
3.964375743865378467e+02 2.069776913719697294e-03
3.966743949208189406e+02 2.068777839356180422e-03
3.969112154551000344e+02 2.067873045771827321e-03
3.971480359893811283e+02 2.067063144902271232e-03
3.973848565236621653e+02 2.066348770584315511e-03
3.976216770579432591e+02 2.065730578967441694e-03
3.978584975922243530e+02 2.065209248938806343e-03
3.980953181265054468e+02 2.064785482562139091e-03
3.983321386607865406e+02 2.064460005530971247e-03
3.985689591950676345e+02 2.064233567636637300e-03
3.988057797293487283e+02 2.064106943251492552e-03
3.990426002636298222e+02 2.064080931827849946e-03
3.992794207979108592e+02 2.064156358413101865e-03
3.995162413321919530e+02 2.064334074181560334e-03
3.997530618664730468e+02 2.064614956983539060e-03
3.999898824007541407e+02 2.064999911912228543e-03
4.002267029350352345e+02 2.065489871888956646e-03
4.004635234693163284e+02 2.066085798267407094e-03
4.007003440035974222e+02 2.066788681457435578e-03
4.009371645378784592e+02 2.067599541569122273e-03
4.011739850721595531e+02 2.068519429077735148e-03
4.014108056064406469e+02 2.069549425510293188e-03
4.016476261407217407e+02 2.070690644154463307e-03
4.018844466750028346e+02 2.071944230790540367e-03
4.021212672092839284e+02 2.073311364447293081e-03
4.023580877435650223e+02 2.074793258182495471e-03
4.025949082778460593e+02 2.076391159888984778e-03
4.028317288121271531e+02 2.078106353127131840e-03
4.030685493464082469e+02 2.079940157984643771e-03
4.033053698806893408e+02 2.081893931964645238e-03
4.035421904149704346e+02 2.083969070903043171e-03
4.037790109492515285e+02 2.086167009916196219e-03
4.040158314835326223e+02 2.088489224379980105e-03
4.042526520178136593e+02 2.090937230941353458e-03
4.044894725520947532e+02 2.093512588563609372e-03
4.047262930863758470e+02 2.096216899606506614e-03
4.049631136206569408e+02 2.099051810942573291e-03
4.051999341549380347e+02 2.102019015110874901e-03
4.054367546892191285e+02 2.105120251509645397e-03
4.056735752235002224e+02 2.108357307629196795e-03
4.059103957577812594e+02 2.111732020326607430e-03
4.061472162920623532e+02 2.115246277143756175e-03
4.063840368263434470e+02 2.118902017670298149e-03
4.066208573606245409e+02 2.122701234953313591e-03
4.068576778949056347e+02 2.126645976955357249e-03
4.070944984291867286e+02 2.130738348062788737e-03
4.073313189634678224e+02 2.134980510646272093e-03
4.075681394977489163e+02 2.139374686675478074e-03
4.078049600320299533e+02 2.143923159390065652e-03
4.080417805663110471e+02 2.148628275029154048e-03
4.082786011005921409e+02 2.153492444621531339e-03
4.085154216348732348e+02 2.158518145839030851e-03
4.087522421691543286e+02 2.163707924915533008e-03
4.089890627034354225e+02 2.169064398634215542e-03
4.092258832377165163e+02 2.174590256385768201e-03
4.094627037719975533e+02 2.180288262300417342e-03
4.096995243062786471e+02 2.186161257456746727e-03
4.099363448405597410e+02 2.192212162170394541e-03
4.101731653748408348e+02 2.198443978365930817e-03
4.104099859091219287e+02 2.204859792035274157e-03
4.106468064434030225e+02 2.211462775786236009e-03
4.108836269776841164e+02 2.218256191484916946e-03
4.111204475119651534e+02 2.225243392995855489e-03
4.113572680462462472e+02 2.232427829024031651e-03
4.115940885805273410e+02 2.239813046062974402e-03
4.118309091148084349e+02 2.247402691453508072e-03
4.120677296490895287e+02 2.255200516557797144e-03
4.123045501833706226e+02 2.263210380053637741e-03
4.125413707176517164e+02 2.271436251354154012e-03
4.127781912519327534e+02 2.279882214158313481e-03
4.130150117862138472e+02 2.288552470137962969e-03
4.132518323204949411e+02 2.297451342767299187e-03
4.134886528547760349e+02 2.306583281301086662e-03
4.137254733890571288e+02 2.315952864908141662e-03
4.139622939233382226e+02 2.325564806966996714e-03
4.141991144576193165e+02 2.335423959530976475e-03
4.144359349919003535e+02 2.345535317970285239e-03
4.146727555261814473e+02 2.355904025799113958e-03
4.149095760604625411e+02 2.366535379696119937e-03
4.151463965947436350e+02 2.377434834727150999e-03
4.153832171290247288e+02 2.388608009779471034e-03
4.156200376633058227e+02 2.400060693217248662e-03
4.158568581975869165e+02 2.411798848768582047e-03
4.160936787318679535e+02 2.423828621654868475e-03
4.163304992661490473e+02 2.436156344973903695e-03
4.165673198004301412e+02 2.448788546348663279e-03
4.168041403347112350e+02 2.461731954854423383e-03
4.170409608689923289e+02 2.474993508237487670e-03
4.172777814032734227e+02 2.488580360439543015e-03
4.175146019375545166e+02 2.502499889442409090e-03
4.177514224718356104e+02 2.516759705448763998e-03
4.179882430061166474e+02 2.531367659415265526e-03
4.182250635403977412e+02 2.546331851955433486e-03
4.184618840746788351e+02 2.561660642630530279e-03
4.186987046089599289e+02 2.577362659647831292e-03
4.189355251432410228e+02 2.593446809986641680e-03
4.191723456775221166e+02 2.609922289973633409e-03
4.194091662118032104e+02 2.626798596330271688e-03
4.196459867460842474e+02 2.644085537716418712e-03
4.198828072803653413e+02 2.661793246795613865e-03
4.201196278146464351e+02 2.679932192848886053e-03
4.203564483489275290e+02 2.698513194965716355e-03
4.205932688832086228e+02 2.717547435842247987e-03
4.208300894174897167e+02 2.737046476218737978e-03
4.210669099517708105e+02 2.757022269990093248e-03
4.213037304860518475e+02 2.777487180025364332e-03
4.215405510203329413e+02 2.798453994734239215e-03
4.217773715546140352e+02 2.819935945420814962e-03
4.220141920888951290e+02 2.841946724467487879e-03
4.222510126231762229e+02 2.864500504394316971e-03
4.224878331574573167e+02 2.887611957842054367e-03
4.227246536917384105e+02 2.911296278530040894e-03
4.229614742260194475e+02 2.935569203243312223e-03
4.231982947603005414e+02 2.960447034906756470e-03
4.234351152945816352e+02 2.985946666807669150e-03
4.236719358288627291e+02 3.012085608032173505e-03
4.239087563631438229e+02 3.038882010184963678e-03
4.241455768974249168e+02 3.066354695466427804e-03
4.243823974317060106e+02 3.094523186185971220e-03
4.246192179659870476e+02 3.123407735795529893e-03
4.248560385002681414e+02 3.153029361532813137e-03
4.250928590345492353e+02 3.183409878769615561e-03
4.253296795688303291e+02 3.214571937167176163e-03
4.255665001031114230e+02 3.246539058747077190e-03
4.258033206373925168e+02 3.279335677993789125e-03
4.260401411716736106e+02 3.312987184112708029e-03
4.262769617059547045e+02 3.347519965576119250e-03
4.265137822402357415e+02 3.382961457098621842e-03
4.267506027745168353e+02 3.419340189193458522e-03
4.269874233087979292e+02 3.456685840471650749e-03
4.272242438430790230e+02 3.495029292857525748e-03
4.274610643773601169e+02 3.534402689906316827e-03
4.276978849116412107e+02 3.574839498422926424e-03
4.279347054459223045e+02 3.616374573595304825e-03
4.281715259802033415e+02 3.659044227871361722e-03
4.284083465144844354e+02 3.702886303825160194e-03
4.286451670487655292e+02 3.747940251276070649e-03
4.288819875830466231e+02 3.794247208944467788e-03
4.291188081173277169e+02 3.841850090948451413e-03
4.293556286516088107e+02 3.890793678469212698e-03
4.295924491858899046e+02 3.941124716937501396e-03
4.298292697201709416e+02 3.992892019120632650e-03
4.300660902544520354e+02 4.046146574518779369e-03
4.303029107887331293e+02 4.100941665510841189e-03
4.305397313230142231e+02 4.157332990725072855e-03
4.307765518572953169e+02 4.215378796146725462e-03
4.310133723915764108e+02 4.275140014515917304e-03
4.312501929258575046e+02 4.336680413613244224e-03
4.314870134601385416e+02 4.400066754078854267e-03
4.317238339944196355e+02 4.465368957463385427e-03
4.319606545287007293e+02 4.532660285266118007e-03
4.321974750629818232e+02 4.602017529778726010e-03
4.324342955972629170e+02 4.673521217620583805e-03
4.326711161315440108e+02 4.747255826926393384e-03
4.329079366658251047e+02 4.823310019228068714e-03
4.331447572001061417e+02 4.901776887161731280e-03
4.333815777343872355e+02 4.982754219228019248e-03
4.336183982686683294e+02 5.066344782940062144e-03
4.338552188029494232e+02 5.152656627810591958e-03
4.340920393372305170e+02 5.241803409756981558e-03
4.343288598715116109e+02 5.333904738643387329e-03
4.345656804057927047e+02 5.429086550833022058e-03
4.348025009400737986e+02 5.527481508792365765e-03
4.350393214743548356e+02 5.629229429974860754e-03
4.352761420086359294e+02 5.734477747415741254e-03
4.355129625429170233e+02 5.843382004693767340e-03
4.357497830771981171e+02 5.956106388163623713e-03
4.359866036114792109e+02 6.072824299634171745e-03
4.362234241457603048e+02 6.193718972968394187e-03
4.364602446800413986e+02 6.318984138411709757e-03
4.366970652143224356e+02 6.448824738820565193e-03
4.369338857486035295e+02 6.583457702366781947e-03
4.371707062828846233e+02 6.723112776738034840e-03
4.374075268171657171e+02 6.868033430348447800e-03
4.376443473514468110e+02 7.018477826616881243e-03
4.378811678857279048e+02 7.174719877973752269e-03
4.381179884200089987e+02 7.337050386924131966e-03
4.383548089542900357e+02 7.505778282233514613e-03
4.385916294885711295e+02 7.681231959121257412e-03
4.388284500228522234e+02 7.863760733252601887e-03
4.390652705571333172e+02 8.053736419326594856e-03
4.393020910914144110e+02 8.251555046170014687e-03
4.395389116256955049e+02 8.457638721483353925e-03
4.397757321599765987e+02 8.672437660754208147e-03
4.400125526942576357e+02 8.896432396371285745e-03
4.402493732285387296e+02 9.130136184655295029e-03
4.404861937628198234e+02 9.374097630385559363e-03
4.407230142971009172e+02 9.628903550466938813e-03
4.409598348313820111e+02 9.895182100663042768e-03
4.411966553656631049e+02 1.017360619184637036e-02
4.414334758999441988e+02 1.046489722500120595e-02
4.416702964342252358e+02 1.076982917728458618e-02
4.419071169685063296e+02 1.108923307482655163e-02
4.421439375027874235e+02 1.142400189165146927e-02
4.423807580370685173e+02 1.177509591815187676e-02
4.426175785713496111e+02 1.214354864695012075e-02
4.428543991056307050e+02 1.253047322875753579e-02
4.430912196399117988e+02 1.293706955597733778e-02
4.433280401741928358e+02 1.336463203728069371e-02
4.435648607084739297e+02 1.381455813217703950e-02
4.438016812427550235e+02 1.428835772062835019e-02
4.440385017770361173e+02 1.478766338892176756e-02
4.442753223113172112e+02 1.531424171913926130e-02
4.445121428455983050e+02 1.587000567541850191e-02
4.447489633798793989e+02 1.645702818543721621e-02
4.449857839141604927e+02 1.707755701969850340e-02
4.452226044484415297e+02 1.773403107358789699e-02
4.454594249827226236e+02 1.842909815691556874e-02
4.456962455170037174e+02 1.916563439152542750e-02
4.459330660512848112e+02 1.994676530792298397e-02
4.461698865855659051e+02 2.077588871453783098e-02
4.464067071198469989e+02 2.165669938530834226e-02
4.466435276541280928e+02 2.259321556889740124e-02
4.468803481884091298e+02 2.358980726096934072e-02
4.471171687226902236e+02 2.465122609295851766e-02
4.473539892569713174e+02 2.578263656801217663e-02
4.475908097912524113e+02 2.698964820615322099e-02
4.478276303255335051e+02 2.827834793180582576e-02
4.480644508598145990e+02 2.965533172938591630e-02
4.483012713940956928e+02 3.112773418355024510e-02
4.485380919283767298e+02 3.270325398110147247e-02
4.487749124626578237e+02 3.439017274608185959e-02
4.490117329969389175e+02 3.619736366572886416e-02
4.492485535312200113e+02 3.813428519316992144e-02
4.494853740655011052e+02 4.021095362760545439e-02
4.497221945997821990e+02 4.243788651670443723e-02
4.499590151340632929e+02 4.482600654628273590e-02
4.501958356683443299e+02 4.738649284434705289e-02
4.504326562026254237e+02 5.013056343556805683e-02
4.506694767369065175e+02 5.306916901861250674e-02
4.509062972711876114e+02 5.621257451130047544e-02
4.511431178054687052e+02 5.956980133049748216e-02
4.513799383397497991e+02 6.314790086569430083e-02
4.516167588740308929e+02 6.695102922197342099e-02
4.518535794083119299e+02 7.097929677379277713e-02
4.520903999425930238e+02 7.522737578479066212e-02
4.523272204768741176e+02 7.968286838084501222e-02
4.525640410111552114e+02 8.432446901005336004e-02
4.528008615454363053e+02 8.912000342589994351e-02
4.530376820797173991e+02 9.402449183740721472e-02
4.532745026139984930e+02 9.897846507972905827e-02
4.535113231482795868e+02 1.039068507471205827e-01
4.537481436825606238e+02 1.087188229609548223e-01
4.539849642168417176e+02 1.133090457365163312e-01
4.542217847511228115e+02 1.175606985610439248e-01
4.544586052854039053e+02 1.213505178985257449e-01
4.546954258196849992e+02 1.245558022276754134e-01
4.549322463539660930e+02 1.270629321730619155e-01
4.551690668882471869e+02 1.287765259788808681e-01
4.554058874225282239e+02 1.296280065042803020e-01
4.556427079568093177e+02 1.295822347106683203e-01
4.558795284910904115e+02 1.286410576484872392e-01
4.561163490253715054e+02 1.268431194809701568e-01
4.563531695596525992e+02 1.242599708313558565e-01
4.565899900939336931e+02 1.209891881979866385e-01
4.568268106282147869e+02 1.171456890930649281e-01
4.570636311624958239e+02 1.128525890826146960e-01
4.573004516967769177e+02 1.082327985101312340e-01
4.575372722310580116e+02 1.034021978292162663e-01
4.577740927653391054e+02 9.846479780297237583e-02
4.580109132996201993e+02 9.350990319825643049e-02
4.582477338339012931e+02 8.861102524779854162e-02
4.584845543681823870e+02 8.382614566901169795e-02
4.587213749024634240e+02 7.919890303982571322e-02
4.589581954367445178e+02 7.476031416864263590e-02
4.591950159710256116e+02 7.053072206134856914e-02
4.594318365053067055e+02 6.652175013559293026e-02
4.596686570395877993e+02 6.273812226227588884e-02
4.599054775738688932e+02 5.917927209129614230e-02
4.601422981081499870e+02 5.584071132826003842e-02
4.603791186424310240e+02 5.271515705839770888e-02
4.606159391767121178e+02 4.979343617730642990e-02
4.608527597109932117e+02 4.706519396090859397e-02
4.610895802452743055e+02 4.451943679896900458e-02
4.613264007795553994e+02 4.214493845796075944e-02
4.615632213138364932e+02 3.993053659250597742e-02
4.618000418481175871e+02 3.786534269597538471e-02
4.620368623823986240e+02 3.593888495516399384e-02
4.622736829166797179e+02 3.414119994033391198e-02
4.625105034509608117e+02 3.246288591347967767e-02
4.627473239852419056e+02 3.089512784540866114e-02
4.629841445195229994e+02 2.942970199625022723e-02
4.632209650538040933e+02 2.805896609696063859e-02
4.634577855880851871e+02 2.677583971767203211e-02
4.636946061223662809e+02 2.557377826468780133e-02
4.639314266566473179e+02 2.444674315667257763e-02
4.641682471909284118e+02 2.338917004320647391e-02
4.644050677252095056e+02 2.239593640358137835e-02
4.646418882594905995e+02 2.146232946578453121e-02
4.648787087937716933e+02 2.058401508684864697e-02
4.651155293280527872e+02 1.975700801351774200e-02
4.653523498623338810e+02 1.897764377863126600e-02
4.655891703966149180e+02 1.824255236975387204e-02
4.658259909308960118e+02 1.754863372149264439e-02
4.660628114651771057e+02 1.689303502325277540e-02
4.662996319994581995e+02 1.627312979342295657e-02
4.665364525337392934e+02 1.568649864425256807e-02
4.667732730680203872e+02 1.513091164522199078e-02
4.670100936023014810e+02 1.460431218370174429e-02
4.672469141365825180e+02 1.410480221801370740e-02
4.674837346708636119e+02 1.363062881805753371e-02
4.677205552051447057e+02 1.318017189126886868e-02
4.679573757394257996e+02 1.275193299595101491e-02
4.681941962737068934e+02 1.234452514934310241e-02
4.684310168079879872e+02 1.195666354367957637e-02
4.686678373422690811e+02 1.158715708963662175e-02
4.689046578765501181e+02 1.123490071271584546e-02
4.691414784108312119e+02 1.089886833412611992e-02
4.693782989451123058e+02 1.057810647348935915e-02
4.696151194793933996e+02 1.027172841614364292e-02
4.698519400136744935e+02 9.978908892921576831e-03
4.700887605479555873e+02 9.698879225016920555e-03
4.703255810822366811e+02 9.430922890923515087e-03
4.705624016165177181e+02 9.174371476443126880e-03
4.707992221507988120e+02 8.928600972427345323e-03
4.710360426850799058e+02 8.693028388264354908e-03
4.712728632193609997e+02 8.467108652159849660e-03
4.715096837536420935e+02 8.250331772022341525e-03
4.717465042879231873e+02 8.042220233260581955e-03
4.719833248222042812e+02 7.842326612062345409e-03
4.722201453564853750e+02 7.650231384766718011e-03
4.724569658907664120e+02 7.465540915787471574e-03
4.726937864250475059e+02 7.287885608210286845e-03
4.729306069593285997e+02 7.116918202690341796e-03
4.731674274936096936e+02 6.952312211630722917e-03
4.734042480278907874e+02 6.793760476846521720e-03
4.736410685621718812e+02 6.640973840021371574e-03
4.738778890964529751e+02 6.493679916258336161e-03
4.741147096307340121e+02 6.351621961924783753e-03
4.743515301650151059e+02 6.214557828800668614e-03
4.745883506992961998e+02 6.082258997271661194e-03
4.748251712335772936e+02 5.954509681967845233e-03
4.750619917678583874e+02 5.831106003846513348e-03
4.752988123021394813e+02 5.711855223256212186e-03
4.755356328364205751e+02 5.596575029007040160e-03
4.757724533707016121e+02 5.485092878913471956e-03
4.760092739049827060e+02 5.377245387675122154e-03
4.762460944392637998e+02 5.272877758323246677e-03
4.764829149735448937e+02 5.171843253787542817e-03
4.767197355078259875e+02 5.074002705436141993e-03
4.769565560421070813e+02 4.979224055710682571e-03
4.771933765763881752e+02 4.887381932223512464e-03
4.774301971106692122e+02 4.798357250906386436e-03
4.776670176449503060e+02 4.712036846002109688e-03
4.779038381792313999e+02 4.628313124874904906e-03
4.781406587135124937e+02 4.547083745781868060e-03
4.783774792477935875e+02 4.468251316901085575e-03
4.786142997820746814e+02 4.391723115050392111e-03
4.788511203163557752e+02 4.317410822657566025e-03
4.790879408506368122e+02 4.245230281658332952e-03
4.793247613849179061e+02 4.175101263103875131e-03
4.795615819191989999e+02 4.106947251356421469e-03
4.797984024534800938e+02 4.040695241838844487e-03
4.800352229877611876e+02 3.976275551385578290e-03
4.802720435220422814e+02 3.913621640315450775e-03
4.805088640563233753e+02 3.852669945414818452e-03
4.807456845906044691e+02 3.793359723081260720e-03
4.809825051248855061e+02 3.735632901934906550e-03
4.812193256591666000e+02 3.679433944256519512e-03
4.814561461934476938e+02 3.624709715659544477e-03
4.816929667277287876e+02 3.571409362446868307e-03
4.819297872620098815e+02 3.519484196143877423e-03
4.821666077962909753e+02 3.468887584736329594e-03
4.824034283305720692e+02 3.419574850175812007e-03
4.826402488648531062e+02 3.371503171747114447e-03
4.828770693991342000e+02 3.324631494920739141e-03
4.831138899334152939e+02 3.278920445340816579e-03
4.833507104676963877e+02 3.234332247622938566e-03
4.835875310019774815e+02 3.190830648659661976e-03
4.838243515362585754e+02 3.148380845152177077e-03
4.840611720705396692e+02 3.106949415106205394e-03
4.842979926048207062e+02 3.066504253048144783e-03
4.845348131391018001e+02 3.027014508734036848e-03
4.847716336733828939e+02 2.988450529139544381e-03
4.850084542076639877e+02 2.950783803533000346e-03
4.852452747419450816e+02 2.913986911447182838e-03
4.854820952762261754e+02 2.878033473377455184e-03
4.857189158105072693e+02 2.842898104045356485e-03
4.859557363447883063e+02 2.808556368077255554e-03
4.861925568790694001e+02 2.774984737957393414e-03
4.864293774133504940e+02 2.742160554123896938e-03
4.866661979476315878e+02 2.710061987084492422e-03
4.869030184819126816e+02 2.678668001436799832e-03
4.871398390161937755e+02 2.647958321685190807e-03
4.873766595504748693e+02 2.617913399753050031e-03
4.876134800847559063e+02 2.588514384095621720e-03
4.878503006190370002e+02 2.559743090324426065e-03
4.880871211533180940e+02 2.531581973259911661e-03
4.883239416875991878e+02 2.504014100333836878e-03
4.885607622218802817e+02 2.477023126267934115e-03
4.887975827561613755e+02 2.450593268959686596e-03
4.890344032904424694e+02 2.424709286510279629e-03
4.892712238247235064e+02 2.399356455333642377e-03
4.895080443590046002e+02 2.374520549289125225e-03
4.897448648932856941e+02 2.350187819783825568e-03
4.899816854275667879e+02 2.326344976793591479e-03
4.902185059618478817e+02 2.302979170754857439e-03
4.904553264961289756e+02 2.280077975282172442e-03
4.906921470304100694e+02 2.257629370668867274e-03
4.909289675646911633e+02 2.235621728130802750e-03
4.911657880989722003e+02 2.214043794755350247e-03
4.914026086332532941e+02 2.192884679119955996e-03
4.916394291675343879e+02 2.172133837546658033e-03
4.918762497018154818e+02 2.151781060960699342e-03
4.921130702360965756e+02 2.131816462323306727e-03
4.923498907703776695e+02 2.112230464610228425e-03
4.925867113046587633e+02 2.093013789309270192e-03
4.928235318389398003e+02 2.074157445411490327e-03
4.930603523732208942e+02 2.055652718872073240e-03
4.932971729075019880e+02 2.037491162518304585e-03
4.935339934417830818e+02 2.019664586383097035e-03
4.937708139760641757e+02 2.002165048443859362e-03
4.940076345103452695e+02 1.984984845747450773e-03
4.942444550446263634e+02 1.968116505903024990e-03
4.944812755789074004e+02 1.951552778925533943e-03
4.947180961131884942e+02 1.935286629413500306e-03
4.949549166474695880e+02 1.919311229045645014e-03
4.951917371817506819e+02 1.903619949381578835e-03
4.954285577160317757e+02 1.888206354952688031e-03
4.956653782503128696e+02 1.873064196629954745e-03
4.959021987845939634e+02 1.858187405256167025e-03
4.961390193188750004e+02 1.843570085530592912e-03
4.963758398531560943e+02 1.829206510134788249e-03
4.966126603874371881e+02 1.815091114088822387e-03
4.968494809217182819e+02 1.801218489327644206e-03
4.970863014559993758e+02 1.787583379487913673e-03
4.973231219902804696e+02 1.774180674896057644e-03
4.975599425245615635e+02 1.761005407748750294e-03
4.977967630588426005e+02 1.748052747477486096e-03
4.980335835931236943e+02 1.735317996289259534e-03
4.982704041274047881e+02 1.722796584875837828e-03
4.985072246616858820e+02 1.710484068284361852e-03
4.987440451959669758e+02 1.698376121942453887e-03
4.989808657302480697e+02 1.686468537831284711e-03
4.992176862645291635e+02 1.674757220800379958e-03
4.994545067988102574e+02 1.663238185018216285e-03
4.996913273330912943e+02 1.651907550552977541e-03
4.999281478673723882e+02 1.640761540078039494e-03
5.001649684016534820e+02 1.629796475697096710e-03
5.004017889359345759e+02 1.619008775883961368e-03
5.006386094702156697e+02 1.608394952532398413e-03
5.008754300044967636e+02 1.597951608111512550e-03
5.011122505387778574e+02 1.587675432922424235e-03
5.013490710730588944e+02 1.577563202452163249e-03
5.015858916073399882e+02 1.567611774820879770e-03
5.018227121416210821e+02 1.557818088318695766e-03
5.020595326759021759e+02 1.548179159028592600e-03
5.022963532101832698e+02 1.538692078531984442e-03
5.025331737444643636e+02 1.529354011693717739e-03
5.027699942787454574e+02 1.520162194523405228e-03
5.030068148130264944e+02 1.511113932110123370e-03
5.032436353473075883e+02 1.502206596627629316e-03
5.034804558815886821e+02 1.493437625407420966e-03
5.037172764158697760e+02 1.484804519076994437e-03
5.039540969501508698e+02 1.476304839760849514e-03
5.041909174844319637e+02 1.467936209341857414e-03
5.044277380187130575e+02 1.459696307780706864e-03
5.046645585529940945e+02 1.451582871491256420e-03
5.049013790872751883e+02 1.443593691769691186e-03
5.051381996215562822e+02 1.435726613275513071e-03
5.053750201558373760e+02 1.427979532562404777e-03
5.056118406901184699e+02 1.420350396657163406e-03
5.058486612243995637e+02 1.412837201684929295e-03
5.060854817586806575e+02 1.405437991539022161e-03
5.063223022929616945e+02 1.398150856593768270e-03
5.065591228272427884e+02 1.390973932458753216e-03
5.067959433615238822e+02 1.383905398773040791e-03
5.070327638958049761e+02 1.376943478037885799e-03
5.072695844300860699e+02 1.370086434486604424e-03
5.075064049643671638e+02 1.363332572990270334e-03
5.077432254986482576e+02 1.356680237997970155e-03
5.079800460329293514e+02 1.350127812510416815e-03
5.082168665672103884e+02 1.343673717085743305e-03
5.084536871014914823e+02 1.337316408876359705e-03
5.086905076357725761e+02 1.331054380695814200e-03
5.089273281700536700e+02 1.324886160114599910e-03
5.091641487043347638e+02 1.318810308583932183e-03
5.094009692386158576e+02 1.312825420586541609e-03
5.096377897728969515e+02 1.306930122813559220e-03
5.098746103071779885e+02 1.301123073366620888e-03
5.101114308414590823e+02 1.295402960984329841e-03
5.103482513757401762e+02 1.289768504292288865e-03
5.105850719100212700e+02 1.284218451075885793e-03
5.108218924443023639e+02 1.278751577575102825e-03
5.110587129785834577e+02 1.273366687800616326e-03
5.112955335128645515e+02 1.268062612870487788e-03
5.115323540471455885e+02 1.262838210366780487e-03
5.117691745814266824e+02 1.257692363711443700e-03
5.120059951157078331e+02 1.252623981560865808e-03
5.122428156499888701e+02 1.247631997218476112e-03
5.124796361842699071e+02 1.242715368064814009e-03
5.127164567185510577e+02 1.237873075004544254e-03
5.129532772528320947e+02 1.233104121929857544e-03
5.131900977871132454e+02 1.228407535199730390e-03
5.134269183213942824e+02 1.223782363134594958e-03
5.136637388556754331e+02 1.219227675525879837e-03
5.139005593899564701e+02 1.214742563160028368e-03
5.141373799242375071e+02 1.210326137356485410e-03
5.143742004585186578e+02 1.205977529519279773e-03
5.146110209927996948e+02 1.201695890701769088e-03
5.148478415270808455e+02 1.197480391184128174e-03
5.150846620613618825e+02 1.193330220063257372e-03
5.153214825956430332e+02 1.189244584854667842e-03
5.155583031299240702e+02 1.185222711106066274e-03
5.157951236642051072e+02 1.181263842022225704e-03
5.160319441984862578e+02 1.177367238100864456e-03
5.162687647327672948e+02 1.173532176779201654e-03
5.165055852670484455e+02 1.169757952090853641e-03
5.167424058013294825e+02 1.166043874332830382e-03
5.169792263356106332e+02 1.162389269742287968e-03
5.172160468698916702e+02 1.158793480182819698e-03
5.174528674041727072e+02 1.155255862839966790e-03
5.176896879384538579e+02 1.151775789925736215e-03
5.179265084727348949e+02 1.148352648391864341e-03
5.181633290070160456e+02 1.144985839651569033e-03
5.184001495412970826e+02 1.141674779309606938e-03
5.186369700755782333e+02 1.138418896900362555e-03
5.188737906098592703e+02 1.135217635633807521e-03
5.191106111441403073e+02 1.132070452149078589e-03
5.193474316784214579e+02 1.128976816275513179e-03
5.195842522127024949e+02 1.125936210800940846e-03
5.198210727469836456e+02 1.122948131247025099e-03
5.200578932812646826e+02 1.120012085651526327e-03
5.202947138155458333e+02 1.117127594357261635e-03
5.205315343498268703e+02 1.114294189807646428e-03
5.207683548841079073e+02 1.111511416348620650e-03
5.210051754183890580e+02 1.108778830036835205e-03
5.212419959526700950e+02 1.106095998453943954e-03
5.214788164869512457e+02 1.103462500526845814e-03
5.217156370212322827e+02 1.100877926353774176e-03
5.219524575555134334e+02 1.098341877036064073e-03
5.221892780897944704e+02 1.095853964515513179e-03
5.224260986240756210e+02 1.093413811417175748e-03
5.226629191583566580e+02 1.091021050897512078e-03
5.228997396926376950e+02 1.088675326497750380e-03
5.231365602269188457e+02 1.086376292002378448e-03
5.233733807611998827e+02 1.084123611302656052e-03
5.236102012954810334e+02 1.081916958265035722e-03
5.238470218297620704e+02 1.079756016604430146e-03
5.240838423640432211e+02 1.077640479762199521e-03
5.243206628983242581e+02 1.075570050788810092e-03
5.245574834326052951e+02 1.073544442231047849e-03
5.247943039668864458e+02 1.071563376023737958e-03
5.250311245011674828e+02 1.069626583385882091e-03
5.252679450354486335e+02 1.067733804721137129e-03
5.255047655697296705e+02 1.065884789522589466e-03
5.257415861040108211e+02 1.064079296281733632e-03
5.259784066382918581e+02 1.062317092401624235e-03
5.262152271725728951e+02 1.060597954114117069e-03
5.264520477068540458e+02 1.058921666401166015e-03
5.266888682411350828e+02 1.057288022920118906e-03
5.269256887754162335e+02 1.055696825932955990e-03
5.271625093096972705e+02 1.054147886239446483e-03
5.273993298439784212e+02 1.052641023114159451e-03
5.276361503782594582e+02 1.051176064247314303e-03
5.278729709125404952e+02 1.049752845689412529e-03
5.281097914468216459e+02 1.048371211799637272e-03
5.283466119811026829e+02 1.047031015197987100e-03
5.285834325153838336e+02 1.045732116721104742e-03
5.288202530496648706e+02 1.044474385381799920e-03
5.290570735839460212e+02 1.043257698332225722e-03
5.292938941182270582e+02 1.042081940830703749e-03
5.295307146525080952e+02 1.040947006212175922e-03
5.297675351867892459e+02 1.039852795862275135e-03
5.300043557210702829e+02 1.038799219195006302e-03
5.302411762553514336e+02 1.037786193634022405e-03
5.304779967896324706e+02 1.036813644597511363e-03
5.307148173239136213e+02 1.035881505486666194e-03
5.309516378581946583e+02 1.034989717677769041e-03
5.311884583924756953e+02 1.034138230517870618e-03
5.314252789267568460e+02 1.033327001324087441e-03
5.316620994610378830e+02 1.032555995386523527e-03
5.318989199953190337e+02 1.031825185974826354e-03
5.321357405296000707e+02 1.031134554348401124e-03
5.323725610638812213e+02 1.030484089770294411e-03
5.326093815981622583e+02 1.029873789524779482e-03
5.328462021324432953e+02 1.029303658938658704e-03
5.330830226667244460e+02 1.028773711406319891e-03
5.333198432010054830e+02 1.028283968418574343e-03
5.335566637352866337e+02 1.027834459595311284e-03
5.337934842695676707e+02 1.027425222722009451e-03
5.340303048038488214e+02 1.027056303790144665e-03
5.342671253381298584e+02 1.026727757041541065e-03
5.345039458724108954e+02 1.026439645016708748e-03
5.347407664066920461e+02 1.026192038607227864e-03
5.349775869409730831e+02 1.025985017112226224e-03
5.352144074752542338e+02 1.025818668299015041e-03
5.354512280095352708e+02 1.025693088467938968e-03
5.356880485438164214e+02 1.025608382521518269e-03
5.359248690780974584e+02 1.025564664037937343e-03
5.361616896123784954e+02 1.025562055348970027e-03
5.363985101466596461e+02 1.025600687622407574e-03
5.366353306809406831e+02 1.025680700949080197e-03
5.368721512152218338e+02 1.025802244434553465e-03
5.371089717495028708e+02 1.025965476295594755e-03
5.373457922837840215e+02 1.026170563961506261e-03
5.375826128180650585e+02 1.026417684180420172e-03
5.378194333523460955e+02 1.026707023130666620e-03
5.380562538866272462e+02 1.027038776537325627e-03
5.382930744209082832e+02 1.027413149794074304e-03
5.385298949551894339e+02 1.027830358090455485e-03
5.387667154894704709e+02 1.028290626544690976e-03
5.390035360237516215e+02 1.028794190342175808e-03
5.392403565580326585e+02 1.029341294879788796e-03
5.394771770923136955e+02 1.029932195916166433e-03
5.397139976265948462e+02 1.030567159728089290e-03
5.399508181608758832e+02 1.031246463273139671e-03
5.401876386951570339e+02 1.031970394358798764e-03
5.404244592294380709e+02 1.032739251818145729e-03
5.406612797637192216e+02 1.033553345692349518e-03
5.408981002980002586e+02 1.034412997420130174e-03
5.411349208322814093e+02 1.035318540034391470e-03
5.413717413665624463e+02 1.036270318366220699e-03
5.416085619008434833e+02 1.037268689256477458e-03
5.418453824351246340e+02 1.038314021775180651e-03
5.420822029694056710e+02 1.039406697448928352e-03
5.423190235036868216e+02 1.040547110496594253e-03
5.425558440379678586e+02 1.041735668073539645e-03
5.427926645722490093e+02 1.042972790524612434e-03
5.430294851065300463e+02 1.044258911646190995e-03
5.432663056408110833e+02 1.045594478957568869e-03
5.435031261750922340e+02 1.046979953981960884e-03
5.437399467093732710e+02 1.048415812537442952e-03
5.439767672436544217e+02 1.049902545038147988e-03
5.442135877779354587e+02 1.051440656806036699e-03
5.444504083122166094e+02 1.053030668393606459e-03
5.446872288464976464e+02 1.054673115917881742e-03
5.449240493807786834e+02 1.056368551406074901e-03
5.451608699150598341e+02 1.058117543153299809e-03
5.453976904493408711e+02 1.059920676092745593e-03
5.456345109836220217e+02 1.061778552178748022e-03
5.458713315179030587e+02 1.063691790783177077e-03
5.461081520521842094e+02 1.065661029105631616e-03
5.463449725864652464e+02 1.067686922597890211e-03
5.465817931207462834e+02 1.069770145403152461e-03
5.468186136550274341e+02 1.071911390810564510e-03
5.470554341893084711e+02 1.074111371725588885e-03
5.472922547235896218e+02 1.076370821156790022e-03
5.475290752578706588e+02 1.078690492719613144e-03
5.477658957921518095e+02 1.081071161157795731e-03
5.480027163264328465e+02 1.083513622883030885e-03
5.482395368607138835e+02 1.086018696533586026e-03
5.484763573949950342e+02 1.088587223552554741e-03
5.487131779292760712e+02 1.091220068786478850e-03
5.489499984635572218e+02 1.093918121105130845e-03
5.491868189978382588e+02 1.096682294043211086e-03
5.494236395321194095e+02 1.099513526464845990e-03
5.496604600664004465e+02 1.102412783251708814e-03
5.498972806006814835e+02 1.105381056015719305e-03
5.501341011349626342e+02 1.108419363837237709e-03
5.503709216692436712e+02 1.111528754029763623e-03
5.506077422035248219e+02 1.114710302932187891e-03
5.508445627378058589e+02 1.117965116729656384e-03
5.510813832720870096e+02 1.121294332304215722e-03
5.513182038063680466e+02 1.124699118116391939e-03
5.515550243406490836e+02 1.128180675118984266e-03
5.517918448749302343e+02 1.131740237704335385e-03
5.520286654092112713e+02 1.135379074686461605e-03
5.522654859434924219e+02 1.139098490319469118e-03
5.525023064777734589e+02 1.142899825353718918e-03
5.527391270120546096e+02 1.146784458131343059e-03
5.529759475463356466e+02 1.150753805722695613e-03
5.532127680806166836e+02 1.154809325105503196e-03
5.534495886148978343e+02 1.158952514388461932e-03
5.536864091491788713e+02 1.163184914081181239e-03
5.539232296834600220e+02 1.167508108412459175e-03
5.541600502177410590e+02 1.171923726698909660e-03
5.543968707520222097e+02 1.176433444766167421e-03
5.546336912863032467e+02 1.181038986424873998e-03
5.548705118205842837e+02 1.185742125003898337e-03
5.551073323548654344e+02 1.190544684943235570e-03
5.553441528891464714e+02 1.195448543449231142e-03
5.555809734234276220e+02 1.200455632214911294e-03
5.558177939577086590e+02 1.205567939208254192e-03
5.560546144919898097e+02 1.210787510531520983e-03
5.562914350262708467e+02 1.216116452354754724e-03
5.565282555605518837e+02 1.221556932926894101e-03
5.567650760948330344e+02 1.227111184667959440e-03
5.570018966291140714e+02 1.232781506346052611e-03
5.572387171633952221e+02 1.238570265343103861e-03
5.574755376976762591e+02 1.244479900013402505e-03
5.577123582319574098e+02 1.250512922139321347e-03
5.579491787662384468e+02 1.256671919488701761e-03
5.581859993005194838e+02 1.262959558478772256e-03
5.584228198348006345e+02 1.269378586951580698e-03
5.586596403690816715e+02 1.275931837066290094e-03
5.588964609033628221e+02 1.282622228313969048e-03
5.591332814376438591e+02 1.289452770660712072e-03
5.593701019719250098e+02 1.296426567825418458e-03
5.596069225062060468e+02 1.303546820698700667e-03
5.598437430404871975e+02 1.310816830909959782e-03
5.600805635747682345e+02 1.318240004549847081e-03
5.603173841090492715e+02 1.325819856055939893e-03
5.605542046433304222e+02 1.333560012269717271e-03
5.607910251776114592e+02 1.341464216673485688e-03
5.610278457118926099e+02 1.349536333816407814e-03
5.612646662461736469e+02 1.357780353939184439e-03
5.615014867804547976e+02 1.366200397807684720e-03
5.617383073147358346e+02 1.374800721766186989e-03
5.619751278490168716e+02 1.383585723021757375e-03
5.622119483832980222e+02 1.392559945171739297e-03
5.624487689175790592e+02 1.401728083987178845e-03
5.626855894518602099e+02 1.411094993465775681e-03
5.629224099861412469e+02 1.420665692168601507e-03
5.631592305204223976e+02 1.430445369855938217e-03
5.633960510547034346e+02 1.440439394438221190e-03
5.636328715889844716e+02 1.450653319259350175e-03
5.638696921232656223e+02 1.461092890730409993e-03
5.641065126575466593e+02 1.471764056333124985e-03
5.643433331918278100e+02 1.482672973013579630e-03
5.645801537261088470e+02 1.493826015987827563e-03
5.648169742603899977e+02 1.505229787982673975e-03
5.650537947946710347e+02 1.516891128936033104e-03
5.652906153289520716e+02 1.528817126183190872e-03
5.655274358632332223e+02 1.541015125156638705e-03
5.657642563975142593e+02 1.553492740629161583e-03
5.660010769317954100e+02 1.566257868531767492e-03
5.662378974660764470e+02 1.579318698379920428e-03
5.664747180003575977e+02 1.592683726344062923e-03
5.667115385346386347e+02 1.606361769002424399e-03
5.669483590689196717e+02 1.620361977817035091e-03
5.671851796032008224e+02 1.634693854376255504e-03
5.674220001374818594e+02 1.649367266450294228e-03
5.676588206717630101e+02 1.664392464909348647e-03
5.678956412060440471e+02 1.679780101557171602e-03
5.681324617403251978e+02 1.695541247936900673e-03
5.683692822746062348e+02 1.711687415169501573e-03
5.686061028088872717e+02 1.728230574889853041e-03
5.688429233431684224e+02 1.745183181349687848e-03
5.690797438774494594e+02 1.762558194761764665e-03
5.693165644117306101e+02 1.780369105965010600e-03
5.695533849460116471e+02 1.798629962495805435e-03
5.697902054802927978e+02 1.817355396157251633e-03
5.700270260145738348e+02 1.836560652184447391e-03
5.702638465488548718e+02 1.856261620111576130e-03
5.705006670831360225e+02 1.876474866453954312e-03
5.707374876174170595e+02 1.897217669326986935e-03
5.709743081516982102e+02 1.918508055133179898e-03
5.712111286859792472e+02 1.940364837457952355e-03
5.714479492202603979e+02 1.962807658326357844e-03
5.716847697545414348e+02 1.985857031983875344e-03
5.719215902888224718e+02 2.009534391377796377e-03
5.721584108231036225e+02 2.033862137528941356e-03
5.723952313573846595e+02 2.058863691998789186e-03
5.726320518916658102e+02 2.084563552673431106e-03
5.728688724259468472e+02 2.110987353103070587e-03
5.731056929602279979e+02 2.138161925655771185e-03
5.733425134945090349e+02 2.166115368764382886e-03
5.735793340287900719e+02 2.194877118569321054e-03
5.738161545630712226e+02 2.224478025284099686e-03
5.740529750973522596e+02 2.254950434638277115e-03
5.742897956316334103e+02 2.286328274782224550e-03
5.745266161659144473e+02 2.318647149070192457e-03
5.747634367001955980e+02 2.351944435174484899e-03
5.750002572344766349e+02 2.386259391021548857e-03
5.752370777687576719e+02 2.421633268084317624e-03
5.754738983030388226e+02 2.458109432610908890e-03
5.757107188373198596e+02 2.495733495421472922e-03
5.759475393716010103e+02 2.534553450961055977e-03
5.761843599058820473e+02 2.574619826357265814e-03
5.764211804401631980e+02 2.615985841300095920e-03
5.766580009744442350e+02 2.658707579634337660e-03
5.768948215087253857e+02 2.702844173637883839e-03
5.771316420430064227e+02 2.748458002047759596e-03
5.773684625772874597e+02 2.795614902995876075e-03
5.776052831115686104e+02 2.844384403124273260e-03
5.778421036458496474e+02 2.894839964270346910e-03
5.780789241801307980e+02 2.947059249245070033e-03
5.783157447144118350e+02 3.001124408372430469e-03
5.785525652486929857e+02 3.057122388621004959e-03
5.787893857829740227e+02 3.115145267335276899e-03
5.790262063172550597e+02 3.175290612772893508e-03
5.792630268515362104e+02 3.237661873870496549e-03
5.794998473858172474e+02 3.302368801902680947e-03
5.797366679200983981e+02 3.369527906965599610e-03
5.799734884543794351e+02 3.439262952511083250e-03
5.802103089886605858e+02 3.511705491486207583e-03
5.804471295229416228e+02 3.586995447993961746e-03
5.806839500572226598e+02 3.665281748794729615e-03
5.809207705915038105e+02 3.746723009412092180e-03
5.811575911257848475e+02 3.831488280101671539e-03
5.813944116600659981e+02 3.919757857489659415e-03
5.816312321943470351e+02 4.011724168293445518e-03
5.818680527286281858e+02 4.107592732212037717e-03
5.821048732629092228e+02 4.207583211816893869e-03
5.823416937971902598e+02 4.311930558102014532e-03
5.825785143314714105e+02 4.420886261262980607e-03
5.828153348657524475e+02 4.534719717285628886e-03
5.830521554000335982e+02 4.653719722039362933e-03
5.832889759343146352e+02 4.778196105796112501e-03
5.835257964685957859e+02 4.908481522449090195e-03
5.837626170028768229e+02 5.044933409182941579e-03
5.839994375371578599e+02 5.187936133969359674e-03
5.842362580714390106e+02 5.337903350021596521e-03
5.844730786057200476e+02 5.495280578252609814e-03
5.847098991400011982e+02 5.660548040836755473e-03
5.849467196742822352e+02 5.834223771165815593e-03
5.851835402085633859e+02 6.016867027811003028e-03
5.854203607428444229e+02 6.209082042510341917e-03
5.856571812771254599e+02 6.411522134670928283e-03
5.858940018114066106e+02 6.624894227322523747e-03
5.861308223456876476e+02 6.849963801804255514e-03
5.863676428799687983e+02 7.087560330562995940e-03
5.866044634142498353e+02 7.338583229097909999e-03
5.868412839485309860e+02 7.604008369051016084e-03
5.870781044828120230e+02 7.884895194335779511e-03
5.873149250170930600e+02 8.182394480555341132e-03
5.875517455513742107e+02 8.497756774105464164e-03
5.877885660856552477e+02 8.832341540435375768e-03
5.880253866199363983e+02 9.187627039775275381e-03
5.882622071542174353e+02 9.565220931692947764e-03
5.884990276884985860e+02 9.966871585112653184e-03
5.887358482227796230e+02 1.039448003523574075e-02
5.889726687570606600e+02 1.085011247973864668e-02
5.892094892913418107e+02 1.133601313918473560e-02
5.894463098256228477e+02 1.185461721507156778e-02
5.896831303599039984e+02 1.240856355600561921e-02
5.899199508941850354e+02 1.300070647890457821e-02
5.901567714284661861e+02 1.363412597637808470e-02
5.903935919627472231e+02 1.431213525932711374e-02
5.906304124970282601e+02 1.503828421839247149e-02
5.908672330313094108e+02 1.581635691927711293e-02
5.911040535655904478e+02 1.665036065308604651e-02
5.913408740998715984e+02 1.754450332058579004e-02
5.915776946341526354e+02 1.850315501758242887e-02
5.918145151684337861e+02 1.953078859359263023e-02
5.920513357027148231e+02 2.063189267962525775e-02
5.922881562369958601e+02 2.181084925540698743e-02
5.925249767712770108e+02 2.307176633504138749e-02
5.927617973055580478e+02 2.441825495813730595e-02
5.929986178398391985e+02 2.585313866882768888e-02
5.932354383741202355e+02 2.737808350935729343e-02
5.934722589084013862e+02 2.899313793746210316e-02
5.937090794426824232e+02 3.069617595670496787e-02
5.939458999769634602e+02 3.248224435430414198e-02
5.941827205112446109e+02 3.434282767020075539e-02
5.944195410455256479e+02 3.626506367200673514e-02
5.946563615798067985e+02 3.823096834466132438e-02
5.948931821140878355e+02 4.021676188404452873e-02
5.951300026483689862e+02 4.219242242723431069e-02
5.953668231826500232e+02 4.412162497096355079e-02
5.956036437169311739e+02 4.596223749767965050e-02
5.958404642512122109e+02 4.766752986483663301e-02
5.960772847854932479e+02 4.918818914624689675e-02
5.963141053197743986e+02 5.047512075255244229e-02
5.965509258540554356e+02 5.148285627296118189e-02
5.967877463883365863e+02 5.217321640242140318e-02
5.970245669226176233e+02 5.251873953015125107e-02
5.972613874568987740e+02 5.250533783862620235e-02
5.974982079911798110e+02 5.213371971982757452e-02
5.977350285254608480e+02 5.141931735159185890e-02
5.979718490597419986e+02 5.039073295740215813e-02
5.982086695940230356e+02 4.908698800948714525e-02
5.984454901283041863e+02 4.755404946960701401e-02
5.986823106625852233e+02 4.584117165832924529e-02
5.989191311968663740e+02 4.399753319763443499e-02
5.991559517311474110e+02 4.206950501664802333e-02
5.993927722654284480e+02 4.009871231226899008e-02
5.996295927997095987e+02 3.812089819728443907e-02
5.998664133339906357e+02 3.616548729470889928e-02
6.001032338682717864e+02 3.425569042735501779e-02
6.003400544025528234e+02 3.240897867615385314e-02
6.005768749368339741e+02 3.063777177381457953e-02
6.008136954711150111e+02 2.895021737595709563e-02
6.010505160053960481e+02 2.735097297939398375e-02
6.012873365396771987e+02 2.584193424719142401e-02
6.015241570739582357e+02 2.442287907113452339e-02
6.017609776082393864e+02 2.309201520426936924e-02
6.019977981425204234e+02 2.184643148247211383e-02
6.022346186768015741e+02 2.068245984972637633e-02
6.024714392110826111e+02 1.959595899783036707e-02
6.027082597453636481e+02 1.858253163216506271e-02
6.029450802796447988e+02 1.763768711395077501e-02
6.031819008139258358e+02 1.675696017167281962e-02
6.034187213482069865e+02 1.593599496299397122e-02
6.036555418824880235e+02 1.517060227786544251e-02
6.038923624167691742e+02 1.445679625950815894e-02
6.041291829510502112e+02 1.379081575994975037e-02
6.043660034853312482e+02 1.316913436926102007e-02
6.046028240196123988e+02 1.258846226269790675e-02
6.048396445538934358e+02 1.204574228264385961e-02
6.050764650881745865e+02 1.153814209115524257e-02
6.053132856224556235e+02 1.106304377097262759e-02
6.055501061567367742e+02 1.061803189607855337e-02
6.057869266910178112e+02 1.020088081773729179e-02
6.060237472252988482e+02 9.809541701653672410e-03
6.062605677595799989e+02 9.442129692603929564e-03
6.064973882938610359e+02 9.096911463275184767e-03
6.067342088281421866e+02 8.772293315086925752e-03
6.069710293624232236e+02 8.466809933297353083e-03
6.072078498967043743e+02 8.179113851095756380e-03
6.074446704309854113e+02 7.907965643326906810e-03
6.076814909652664483e+02 7.652224846582652076e-03
6.079183114995475989e+02 7.410841586085754190e-03
6.081551320338286359e+02 7.182848879079410317e-03
6.083919525681097866e+02 6.967355577845024163e-03
6.086287731023908236e+02 6.763539911865841352e-03
6.088655936366719743e+02 6.570643587170975179e-03
6.091024141709530113e+02 6.387966400918663849e-03
6.093392347052340483e+02 6.214861330310374014e-03
6.095760552395151990e+02 6.050730056643495273e-03
6.098128757737962360e+02 5.895018887433946773e-03
6.100496963080773867e+02 5.747215041898060504e-03
6.102865168423584237e+02 5.606843267542248148e-03
6.105233373766395744e+02 5.473462758067224564e-03
6.107601579109206114e+02 5.346664345203288801e-03
6.109969784452016484e+02 5.226067939394840600e-03
6.112337989794827990e+02 5.111320196437002007e-03
6.114706195137638360e+02 5.002092389206312661e-03
6.117074400480449867e+02 4.898078465523062093e-03
6.119442605823260237e+02 4.798993274933667508e-03
6.121810811166071744e+02 4.704570948804102058e-03
6.124179016508882114e+02 4.614563419586892486e-03
6.126547221851692484e+02 4.528739066459443359e-03
6.128915427194503991e+02 4.446881475750832577e-03
6.131283632537314361e+02 4.368788305676576250e-03
6.133651837880125868e+02 4.294270245901034982e-03
6.136020043222936238e+02 4.223150063353199590e-03
6.138388248565747745e+02 4.155261726537080001e-03
6.140756453908558115e+02 4.090449601318763354e-03
6.143124659251369621e+02 4.028567711836417327e-03
6.145492864594179991e+02 3.969479060783110032e-03
6.147861069936990361e+02 3.913055003852791702e-03
6.150229275279801868e+02 3.859174673630849390e-03
6.152597480622612238e+02 3.807724448650940362e-03
6.154965685965423745e+02 3.758597463738075090e-03
6.157333891308234115e+02 3.711693158118037177e-03
6.159702096651045622e+02 3.666916858096025324e-03
6.162070301993855992e+02 3.624179391401644110e-03
6.164438507336666362e+02 3.583396730560219502e-03
6.166806712679477869e+02 3.544489662890512073e-03
6.169174918022288239e+02 3.507383484943937205e-03
6.171543123365099746e+02 3.472007719395704944e-03
6.173911328707910116e+02 3.438295852575504186e-03
6.176279534050721622e+02 3.406185090984243519e-03
6.178647739393531992e+02 3.375616135289279899e-03
6.181015944736342362e+02 3.346532970420744348e-03
6.183384150079153869e+02 3.318882670511489209e-03
6.185752355421964239e+02 3.292615217530651082e-03
6.188120560764775746e+02 3.267683332558855847e-03
6.190488766107586116e+02 3.244042318742670211e-03
6.192856971450397623e+02 3.221649915046143932e-03
6.195225176793207993e+02 3.200466159991737641e-03
6.197593382136018363e+02 3.180453264649246280e-03
6.199961587478829870e+02 3.161575494193043061e-03
6.202329792821640240e+02 3.143799057403238919e-03
6.204697998164451747e+02 3.127092003537177648e-03
6.207066203507262117e+02 3.111424126044329275e-03
6.209434408850073623e+02 3.096766872639474064e-03
6.211802614192883993e+02 3.083093261288304653e-03
6.214170819535694363e+02 3.070377801694429160e-03
6.216539024878505870e+02 3.058596421909570012e-03
6.218907230221316240e+02 3.047726399718153709e-03
6.221275435564127747e+02 3.037746298474668181e-03
6.223643640906938117e+02 3.028635907097299625e-03
6.226011846249749624e+02 3.020376183943912149e-03
6.228380051592559994e+02 3.012949204317790126e-03
6.230748256935370364e+02 3.006338111369537183e-03
6.233116462278181871e+02 3.000527070179577222e-03
6.235484667620992241e+02 2.995501224821858852e-03
6.237852872963803748e+02 2.991246658224471378e-03
6.240221078306614118e+02 2.987750354656861992e-03
6.242589283649425624e+02 2.985000164685976901e-03
6.244957488992235994e+02 2.982984772455677704e-03
6.247325694335046364e+02 2.981693665154533119e-03
6.249693899677857871e+02 2.981117104547374805e-03
6.252062105020668241e+02 2.981246100455233437e-03
6.254430310363479748e+02 2.982072386077042839e-03
6.256798515706290118e+02 2.983588395054522207e-03
6.259166721049101625e+02 2.985787240189140442e-03
6.261534926391911995e+02 2.988662693727015505e-03
6.263903131734722365e+02 2.992209169134105607e-03
6.266271337077533872e+02 2.996421704290059412e-03
6.268639542420344242e+02 3.001295946034753317e-03
6.271007747763155749e+02 3.006828136006835586e-03
6.273375953105966119e+02 3.013015097718456121e-03
6.275744158448777625e+02 3.019854224815138061e-03
6.278112363791587995e+02 3.027343470473900337e-03
6.280480569134398365e+02 3.035481337897061489e-03
6.282848774477209872e+02 3.044266871862824023e-03
6.285216979820020242e+02 3.053699651297500303e-03
6.287585185162831749e+02 3.063779782837745564e-03
6.289953390505642119e+02 3.074507895354266183e-03
6.292321595848453626e+02 3.085885135411900026e-03
6.294689801191263996e+02 3.097913163643626309e-03
6.297058006534074366e+02 3.110594152019278188e-03
6.299426211876885873e+02 3.123930781992193678e-03
6.301794417219696243e+02 3.137926243509875975e-03
6.304162622562507750e+02 3.152584234877360125e-03
6.306530827905318120e+02 3.167908963464230801e-03
6.308899033248129626e+02 3.183905147249076108e-03
6.311267238590939996e+02 3.200578017197119526e-03
6.313635443933750366e+02 3.217933320469574133e-03
6.316003649276561873e+02 3.235977324465193553e-03
6.318371854619372243e+02 3.254716821697046722e-03
6.320740059962183750e+02 3.274159135509865058e-03
6.323108265304994120e+02 3.294312126645318993e-03
6.325476470647805627e+02 3.315184200665357260e-03
6.327844675990615997e+02 3.336784316245519112e-03
6.330212881333427504e+02 3.359121994353082147e-03
6.332581086676237874e+02 3.382207328326696915e-03
6.334949292019048244e+02 3.406050994877189621e-03
6.337317497361859751e+02 3.430664266031224329e-03
6.339685702704670121e+02 3.456059022042346288e-03
6.342053908047481627e+02 3.482247765296698355e-03
6.344422113390291997e+02 3.509243635242944182e-03
6.346790318733103504e+02 3.537060424379501449e-03
6.349158524075913874e+02 3.565712595334336044e-03
6.351526729418724244e+02 3.595215299076456872e-03
6.353894934761535751e+02 3.625584394300752911e-03
6.356263140104346121e+02 3.656836468031614447e-03
6.358631345447157628e+02 3.688988857494375669e-03
6.360999550789967998e+02 3.722059673306776003e-03
6.363367756132779505e+02 3.756067824047438879e-03
6.365735961475589875e+02 3.791033042261478681e-03
6.368104166818400245e+02 3.826975911968770287e-03
6.370472372161211752e+02 3.863917897744077994e-03
6.372840577504022122e+02 3.901881375443755351e-03
6.375208782846833628e+02 3.940889664658899470e-03
6.377576988189643998e+02 3.980967062979783901e-03
6.379945193532455505e+02 4.022138882163225036e-03
6.382313398875265875e+02 4.064431486299668363e-03
6.384681604218076245e+02 4.107872332084598795e-03
6.387049809560887752e+02 4.152490011304908399e-03
6.389418014903698122e+02 4.198314295659114244e-03
6.391786220246509629e+02 4.245376184038430686e-03
6.394154425589319999e+02 4.293707952403588192e-03
6.396522630932131506e+02 4.343343206402811019e-03
6.398890836274941876e+02 4.394316936884802051e-03
6.401259041617752246e+02 4.446665578472694912e-03
6.403627246960563753e+02 4.500427071374996611e-03
6.405995452303374122e+02 4.555640926622541408e-03
6.408363657646185629e+02 4.612348294933673459e-03
6.410731862988995999e+02 4.670592039422973019e-03
6.413100068331807506e+02 4.730416812385495988e-03
6.415468273674617876e+02 4.791869136403034517e-03
6.417836479017428246e+02 4.854997490038187764e-03
6.420204684360239753e+02 4.919852398399259495e-03
6.422572889703050123e+02 4.986486528880339740e-03
6.424941095045861630e+02 5.054954792402819967e-03
6.427309300388672000e+02 5.125314450507127868e-03
6.429677505731483507e+02 5.197625228670686541e-03
6.432045711074293877e+02 5.271949436253598083e-03
6.434413916417104247e+02 5.348352093505362968e-03
6.436782121759915754e+02 5.426901066096160263e-03
6.439150327102726123e+02 5.507667207672165867e-03
6.441518532445537630e+02 5.590724510972071987e-03
6.443886737788348000e+02 5.676150268081317160e-03
6.446254943131159507e+02 5.764025240446880166e-03
6.448623148473969877e+02 5.854433839320797792e-03
6.450991353816780247e+02 5.947464317355067968e-03
6.453359559159591754e+02 6.043208972124606941e-03
6.455727764502402124e+02 6.141764362417552643e-03
6.458095969845213631e+02 6.243231538198804227e-03
6.460464175188024001e+02 6.347716285223323901e-03
6.462832380530835508e+02 6.455329385357084018e-03
6.465200585873645878e+02 6.566186893746079646e-03
6.467568791216456248e+02 6.680410434070374603e-03
6.469936996559267754e+02 6.798127513218914578e-03
6.472305201902078124e+02 6.919471856833640452e-03
6.474673407244889631e+02 7.044583767292550772e-03
6.477041612587700001e+02 7.173610505831633059e-03
6.479409817930511508e+02 7.306706700653263324e-03
6.481778023273321878e+02 7.444034783023044388e-03
6.484146228616132248e+02 7.585765453533666741e-03
6.486514433958943755e+02 7.732078180900297214e-03
6.488882639301754125e+02 7.883161735861475561e-03
6.491250844644565632e+02 8.039214762987011501e-03
6.493619049987376002e+02 8.200446393441248455e-03
6.495987255330187509e+02 8.367076902027814622e-03
6.498355460672997879e+02 8.539338412138053336e-03
6.500723666015809385e+02 8.717475652560584265e-03
6.503091871358619755e+02 8.901746770467903330e-03
6.505460076701430125e+02 9.092424205300913415e-03
6.507828282044241632e+02 9.289795628708042222e-03
6.510196487387052002e+02 9.494164956183616041e-03
6.512564692729863509e+02 9.705853436585356805e-03
6.514932898072673879e+02 9.925200826297468290e-03
6.517301103415485386e+02 1.015256665546252109e-02
6.519669308758295756e+02 1.038833159441834852e-02
6.522037514101106126e+02 1.063289892927738421e-02
6.524405719443917633e+02 1.088669615645867020e-02
6.526773924786728003e+02 1.115017670695824317e-02
6.529142130129539510e+02 1.142382181221940005e-02
6.531510335472349880e+02 1.170814252465067484e-02
6.533878540815161386e+02 1.200368190716487489e-02
6.536246746157971756e+02 1.231101740756549920e-02
6.538614951500782126e+02 1.263076343523411929e-02
6.540983156843593633e+02 1.296357415935933503e-02
6.543351362186404003e+02 1.331014654994202608e-02
6.545719567529215510e+02 1.367122368501788067e-02
6.548087772872025880e+02 1.404759834997757091e-02
6.550455978214837387e+02 1.444011695758483718e-02
6.552824183557647757e+02 1.484968382028573411e-02
6.555192388900458127e+02 1.527726580974037365e-02
6.557560594243269634e+02 1.572389744218139276e-02
6.559928799586080004e+02 1.619068643228263951e-02
6.562297004928891511e+02 1.667881976272256664e-02
6.564665210271701881e+02 1.718957032158308085e-02
6.567033415614513387e+02 1.772430416520406893e-02
6.569401620957323757e+02 1.828448847010552200e-02
6.571769826300134127e+02 1.887170024418490660e-02
6.574138031642945634e+02 1.948763587456792817e-02
6.576506236985756004e+02 2.013412159730784690e-02
6.578874442328567511e+02 2.081312498257045090e-02
6.581242647671377881e+02 2.152676753799021361e-02
6.583610853014189388e+02 2.227733854253814011e-02
6.585979058356999758e+02 2.306731023335339970e-02
6.588347263699810128e+02 2.389935447849916156e-02
6.590715469042621635e+02 2.477636107920777944e-02
6.593083674385432005e+02 2.570145785562871765e-02
6.595451879728243512e+02 2.667803267987292962e-02
6.597820085071053882e+02 2.770975762858976857e-02
6.600188290413865388e+02 2.880061543355159556e-02
6.602556495756675758e+02 2.995492841139371296e-02
6.604924701099486128e+02 3.117739005115063855e-02
6.607292906442297635e+02 3.247309942809539079e-02
6.609661111785108005e+02 3.384759859160319656e-02
6.612029317127919512e+02 3.530691303909767181e-02
6.614397522470729882e+02 3.685759533205577865e-02
6.616765727813541389e+02 3.850677182633518991e-02
6.619133933156351759e+02 4.026219236802150436e-02
6.621502138499162129e+02 4.213228263521585221e-02
6.623870343841973636e+02 4.412619856924576700e-02
6.626238549184784006e+02 4.625388201481556161e-02
6.628606754527595513e+02 4.852611625057443034e-02
6.630974959870405883e+02 5.095457950518179902e-02
6.633343165213217389e+02 5.355189377622514291e-02
6.635711370556027759e+02 5.633166524659521252e-02
6.638079575898838129e+02 5.930851126021753628e-02
6.640447781241649636e+02 6.249806709850651287e-02
6.642815986584460006e+02 6.591696360151406975e-02
6.645184191927271513e+02 6.958276390573667203e-02
6.647552397270081883e+02 7.351384412586710326e-02
6.649920602612893390e+02 7.772919860767510403e-02
6.652288807955703760e+02 8.224814538267541386e-02
6.654657013298514130e+02 8.708990170943442521e-02
6.657025218641325637e+02 9.227299329536063632e-02
6.659393423984136007e+02 9.781445442405517499e-02
6.661761629326947514e+02 1.037287706432575007e-01
6.664129834669757884e+02 1.100265123762194791e-01
6.666498040012569390e+02 1.167126091151879375e-01
6.668866245355379760e+02 1.237842231049409991e-01
6.671234450698190130e+02 1.312282031841179031e-01
6.673602656041001637e+02 1.390181393463302550e-01
6.675970861383812007e+02 1.471111026598612148e-01
6.678339066726623514e+02 1.554442483843450351e-01
6.680707272069433884e+02 1.639315834901423352e-01
6.683075477412245391e+02 1.724613462614585091e-01
6.685443682755055761e+02 1.808945949218699334e-01
6.687811888097867268e+02 1.890657162443447892e-01
6.690180093440677638e+02 1.967855878207299958e-01
6.692548298783488008e+02 2.038479932672421502e-01
6.694916504126299515e+02 2.100395435566352609e-01
6.697284709469109885e+02 2.151527892889340543e-01
6.699652914811921391e+02 2.190014857272777338e-01
6.702021120154731761e+02 2.214362561669152296e-01
6.704389325497543268e+02 2.223584180294474189e-01
6.706757530840353638e+02 2.217297086508897008e-01
6.709125736183164008e+02 2.195761798443006119e-01
6.711493941525975515e+02 2.159855387659285475e-01
6.713862146868785885e+02 2.110984301315512734e-01
6.716230352211597392e+02 2.050952284818424731e-01
6.718598557554407762e+02 1.981805452834896897e-01
6.720966762897219269e+02 1.905677322886874525e-01
6.723334968240029639e+02 1.824652533696193846e-01
6.725703173582840009e+02 1.740661070738162841e-01
6.728071378925651516e+02 1.655407452160926052e-01
6.730439584268461886e+02 1.570333267425303714e-01
6.732807789611273392e+02 1.486607563026641488e-01
6.735175994954083762e+02 1.405137854199552672e-01
6.737544200296895269e+02 1.326594519066199573e-01
6.739912405639705639e+02 1.251442345343502238e-01
6.742280610982516009e+02 1.179974460156076183e-01
6.744648816325327516e+02 1.112345364267290498e-01
6.747017021668137886e+02 1.048601078756817989e-01
6.749385227010949393e+02 9.887054029412911671e-02
6.751753432353759763e+02 9.325619757591430137e-02
6.754121637696571270e+02 8.800322734615306786e-02
6.756489843039381640e+02 8.309499241535352188e-02
6.758858048382192010e+02 7.851318322789924142e-02
6.761226253725003517e+02 7.423866313664263805e-02
6.763594459067813887e+02 7.025209571318047352e-02
6.765962664410625393e+02 6.653439803275687514e-02
6.768330869753435763e+02 6.306705757347581820e-02
6.770699075096247270e+02 5.983234401715795125e-02
6.773067280439057640e+02 5.681344136682655449e-02
6.775435485781868010e+02 5.399452064847705401e-02
6.777803691124679517e+02 5.136076911346068585e-02
6.780171896467489887e+02 4.889838827406404326e-02
6.782540101810301394e+02 4.659457021148175060e-02
6.784908307153111764e+02 4.443745929569290626e-02
6.787276512495923271e+02 4.241610465213466186e-02
6.789644717838733641e+02 4.052040730952228414e-02
6.792012923181544011e+02 3.874106488646864715e-02
6.794381128524355518e+02 3.706951585442786606e-02
6.796749333867165888e+02 3.549788479507449968e-02
6.799117539209977394e+02 3.401892960669695987e-02
6.801485744552787764e+02 3.262599127067342814e-02
6.803853949895599271e+02 3.131294653727622473e-02
6.806222155238409641e+02 3.007416370801559505e-02
6.808590360581220011e+02 2.890446156220436227e-02
6.810958565924031518e+02 2.779907138539937719e-02
6.813326771266841888e+02 2.675360199661884139e-02
6.815694976609653395e+02 2.576400763214292330e-02
6.818063181952463765e+02 2.482655852043415962e-02
6.820431387295275272e+02 2.393781397080173637e-02
6.822799592638085642e+02 2.309459779467989277e-02
6.825167797980896012e+02 2.229397588021024210e-02
6.827536003323707519e+02 2.153323574649489494e-02
6.829904208666517889e+02 2.080986791198050426e-02
6.832272414009329395e+02 2.012154892101940609e-02
6.834640619352139765e+02 1.946612588301790264e-02
6.837008824694951272e+02 1.884160238917913580e-02
6.839377030037761642e+02 1.824612568240279245e-02
6.841745235380572012e+02 1.767797496609599742e-02
6.844113440723383519e+02 1.713555074740736803e-02
6.846481646066193889e+02 1.661736511955974258e-02
6.848849851409005396e+02 1.612203289651885363e-02
6.851218056751815766e+02 1.564826352117373170e-02
6.853586262094627273e+02 1.519485367549284170e-02
6.855954467437437643e+02 1.476068052782956649e-02
6.858322672780248013e+02 1.434469555864951139e-02
6.860690878123059520e+02 1.394591891153213956e-02
6.863059083465869890e+02 1.356343422134882390e-02
6.865427288808681396e+02 1.319638387610610857e-02
6.867795494151491766e+02 1.284396467310132406e-02
6.870163699494303273e+02 1.250542383378251340e-02
6.872531904837113643e+02 1.218005534510817854e-02
6.874900110179925150e+02 1.186719659825476864e-02
6.877268315522735520e+02 1.156622529829480495e-02
6.879636520865545890e+02 1.127655662095242498e-02
6.882004726208357397e+02 1.099764059480167963e-02
6.884372931551167767e+02 1.072895968929648072e-02
6.886741136893979274e+02 1.047002659085193889e-02
6.889109342236789644e+02 1.022038215085235499e-02
6.891477547579601151e+02 9.979593490943997405e-03
6.893845752922411521e+02 9.747252252323262631e-03
6.896213958265221891e+02 9.522972976937382761e-03
6.898582163608033397e+02 9.306391609618045943e-03
6.900950368950843767e+02 9.097164111154987590e-03
6.903318574293655274e+02 8.894965173212579165e-03
6.905686779636465644e+02 8.699487026806167200e-03
6.908054984979277151e+02 8.510438336782286464e-03
6.910423190322087521e+02 8.327543175416843996e-03
6.912791395664897891e+02 8.150540068840679206e-03
6.915159601007709398e+02 7.979181110552062417e-03
6.917527806350519768e+02 7.813231136766813495e-03
6.919896011693331275e+02 7.652466958805404992e-03
6.922264217036141645e+02 7.496676648126602595e-03
6.924632422378953152e+02 7.345658869982796442e-03
6.927000627721763522e+02 7.199222262013577414e-03
6.929368833064573892e+02 7.057184854395478178e-03
6.931737038407385398e+02 6.919373528448642847e-03
6.934105243750195768e+02 6.785623510852368395e-03
6.936473449093007275e+02 6.655777900853072568e-03
6.938841654435817645e+02 6.529687228061426679e-03
6.941209859778629152e+02 6.407209038624453977e-03
6.943578065121439522e+02 6.288207507738207032e-03
6.945946270464249892e+02 6.172553076623498239e-03
6.948314475807061399e+02 6.060122112237519010e-03
6.950682681149871769e+02 5.950796588126500142e-03
6.953050886492683276e+02 5.844463784947811873e-03
6.955419091835493646e+02 5.741016009304498839e-03
6.957787297178305153e+02 5.640350329635687374e-03
6.960155502521115523e+02 5.542368328004379507e-03
6.962523707863925893e+02 5.446975866707988098e-03
6.964891913206737399e+02 5.354082868719717281e-03
6.967260118549547769e+02 5.263603111040501825e-03
6.969628323892359276e+02 5.175454030108929578e-03
6.971996529235169646e+02 5.089556538480164392e-03
6.974364734577981153e+02 5.005834852039639168e-03
6.976732939920791523e+02 4.924216327072679193e-03
6.979101145263601893e+02 4.844631306557090761e-03
6.981469350606413400e+02 4.767012975092873792e-03
6.983837555949223770e+02 4.691297221922997862e-03
6.986205761292035277e+02 4.617422511537471602e-03
6.988573966634845647e+02 4.545329761389341194e-03
6.990942171977657154e+02 4.474962226281816065e-03
6.993310377320467524e+02 4.406265389018049899e-03
6.995678582663277894e+02 4.339186856930754739e-03
6.998046788006089400e+02 4.273676263936533777e-03
7.000414993348899770e+02 4.209685177782454893e-03
7.002783198691711277e+02 4.147167012174615697e-03
7.005151404034521647e+02 4.086076943499982253e-03
7.007519609377333154e+02 4.026371831870117872e-03
7.009887814720143524e+02 3.968010146234963488e-03
7.012256020062953894e+02 3.910951893329391547e-03
7.014624225405765401e+02 3.855158550232044411e-03
7.016992430748575771e+02 3.800593000329213766e-03
7.019360636091387278e+02 3.747219472489611222e-03
7.021728841434197648e+02 3.695003483269120124e-03
7.024097046777009155e+02 3.643911781974505659e-03
7.026465252119819525e+02 3.593912298427327876e-03
7.028833457462629895e+02 3.544974093277579886e-03
7.031201662805441401e+02 3.497067310727183537e-03
7.033569868148251771e+02 3.450163133531216914e-03
7.035938073491063278e+02 3.404233740152786281e-03
7.038306278833873648e+02 3.359252263955707623e-03
7.040674484176685155e+02 3.315192754324939543e-03
7.043042689519495525e+02 3.272030139612566290e-03
7.045410894862305895e+02 3.229740191811931397e-03
7.047779100205117402e+02 3.188299492869352443e-03
7.050147305547927772e+02 3.147685402547490026e-03
7.052515510890739279e+02 3.107876027759439580e-03
7.054883716233549649e+02 3.068850193297948965e-03
7.057251921576361156e+02 3.030587413887484566e-03
7.059620126919171526e+02 2.993067867492153929e-03
7.061988332261983032e+02 2.956272369815122775e-03
7.064356537604793402e+02 2.920182349929985495e-03
7.066724742947603772e+02 2.884779826986721366e-03
7.069092948290415279e+02 2.850047387939110173e-03
7.071461153633225649e+02 2.815968166242776346e-03
7.073829358976037156e+02 2.782525821475866599e-03
7.076197564318847526e+02 2.749704519837562269e-03
7.078565769661659033e+02 2.717488915481186193e-03
7.080933975004469403e+02 2.685864132641962131e-03
7.083302180347279773e+02 2.654815748520718104e-03
7.085670385690091280e+02 2.624329776887711612e-03
7.088038591032901650e+02 2.594392652372149409e-03
7.090406796375713157e+02 2.564991215404815918e-03
7.092775001718523527e+02 2.536112697783425313e-03
7.095143207061335033e+02 2.507744708831126292e-03
7.097511412404145403e+02 2.479875222121002021e-03
7.099879617746955773e+02 2.452492562739952420e-03
7.102247823089767280e+02 2.425585395067471860e-03
7.104616028432577650e+02 2.399142711045636808e-03
