                                                                                     
                              ABACUS v3.10.0

               Atomic-orbital Based Ab-initio Computation at UStc                    

                     Website: http://abacus.ustc.edu.cn/                             
               Documentation: https://abacus.deepmodeling.com/                       
                  Repository: https://github.com/abacusmodeling/abacus-develop       
                              https://github.com/deepmodeling/abacus-develop         
                      Commit: e84abb4 (Sat Jun 28 13:06:46 2025 +0800)

    Start Time is Fri Sep  4 16:47:30 2026
                                                                                     
 ------------------------------------------------------------------------------------

 READING GENERAL INFORMATION
                           global_out_dir = OUT.POLAR/
                           global_in_card = INPUT
                               pseudo_dir = ./
                              orbital_dir = ./
                                    DRANK = 1
                                    DSIZE = 1
                                   DCOLOR = 1
                                    GRANK = 1
                                    GSIZE = 1




 >>>>>>>>>>>>>>>>>>>>>>>>>>>>>>>>>>>>>>>>>>>>>>>>>>>>>>>>>>>>>>>>>>>>>>
 |                                                                    |
 | Reading atom information in unitcell:                              |
 | From the input file and the structure file we know the number of   |
 | different elments in this unitcell, then we list the detail        |
 | information for each element, especially the zeta and polar atomic |
 | orbital number for each element. The total atom number is counted. |
 | We calculate the nearest atom distance for each atom and show the  |
 | Cartesian and Direct coordinates for each atom. We list the file   |
 | address for atomic orbitals. The volume and the lattice vectors    |
 | in real and reciprocal space is also shown.                        |
 |                                                                    |
 <<<<<<<<<<<<<<<<<<<<<<<<<<<<<<<<<<<<<<<<<<<<<<<<<<<<<<<<<<<<<<<<<<<<<<




 READING UNITCELL INFORMATION
                                    ntype = 2
                  lattice constant (Bohr) = 1.88973
              lattice constant (Angstrom) = 1

 READING ATOM TYPE 1
                               atom label = Mo
                      L=0, number of zeta = 4
                      L=1, number of zeta = 2
                      L=2, number of zeta = 2
                      L=3, number of zeta = 1
             number of atom for this type = 1

 READING ATOM TYPE 2
                               atom label = S
                      L=0, number of zeta = 2
                      L=1, number of zeta = 2
                      L=2, number of zeta = 1
             number of atom for this type = 2

                        TOTAL ATOM NUMBER = 3
DIRECT COORDINATES
    atom                   x                   y                   z     mag                  vx                  vy                  vz
taud_Mo1            0.3314227785        0.6685772215        0.0935568958  0.0000        0.0000000000        0.0000000000        0.0000000000
taud_S1            0.6666666667        0.3333333333        0.0477378846  0.0000        0.0000000000        0.0000000000        0.0000000000
taud_S2            0.6666666667        0.3333333333        0.1393758396  0.0000        0.0000000000        0.0000000000        0.0000000000



                          Volume (Bohr^3) = 2061.14
                             Volume (A^3) = 305.429

 Lattice vectors: (Cartesian coordinate: in unit of a_0)
             +1.59912            -2.76976                  +0
             +1.59912            +2.76976                  +0
                   +0                  +0            +34.4792
 Reciprocal vectors: (Cartesian coordinate: in unit of 2 pi/a_0)
            +0.312672           -0.180521                  +0
            +0.312672           +0.180521                  -0
                   -0                  -0           +0.029003
 The esolver type has been set to : ksdft_lcao

 RUNNING WITH DEVICE  : CPU / Intel(R) Xeon(R) Gold 6248 CPU @ 2.50GHz




 >>>>>>>>>>>>>>>>>>>>>>>>>>>>>>>>>>>>>>>>>>>>>>>>>>>>>>>>>>>>>>>>>>>>>>
 |                                                                    |
 | Reading pseudopotentials files:                                    |
 | The pseudopotential file is in UPF format. The 'NC' indicates that |
 | the type of pseudopotential is 'norm conserving'. Functional of    |
 | exchange and correlation is decided by 4 given parameters in UPF   |
 | file.  We also read in the 'core correction' if there exists.      |
 | Also we can read the valence electrons number and the maximal      |
 | angular momentum used in this pseudopotential. We also read in the |
 | trail wave function, trail atomic density and local-pseudopotential|
 | on logrithmic grid. The non-local pseudopotential projector is also|
 | read in if there is any.                                           |
 |                                                                    |
 <<<<<<<<<<<<<<<<<<<<<<<<<<<<<<<<<<<<<<<<<<<<<<<<<<<<<<<<<<<<<<<<<<<<<<




                PAO radial cut off (Bohr) = 15

 Read in pseudopotential file is Mo.upf
                     pseudopotential type = NC
          exchange-correlation functional = PBE
                 nonlocal core correction = 1
                        valence electrons = 14
                                     lmax = 2
                           number of zeta = 4
                     number of projectors = 6
                           L of projector = 0
                           L of projector = 0
                           L of projector = 1
                           L of projector = 1
                           L of projector = 2
                           L of projector = 2
                PAO radial cut off (Bohr) = 15

 Read in pseudopotential file is S.upf
                     pseudopotential type = NC
          exchange-correlation functional = PBE
                 nonlocal core correction = 1
                        valence electrons = 6
                                     lmax = 2
                           number of zeta = 2
                     number of projectors = 6
                           L of projector = 0
                           L of projector = 0
                           L of projector = 1
                           L of projector = 1
                           L of projector = 2
                           L of projector = 2
     initial pseudo atomic orbital number = 18

 SETUP THE ELECTRONS NUMBER
            electron number of element Mo = 14
      total electron number of element Mo = 14
             electron number of element S = 6
       total electron number of element S = 12
            AUTOSET number of electrons:  = 26
                           occupied bands = 13
                                   NLOCAL = 53
                                   NBANDS = 23
                                   NBANDS = 23
                                   NLOCAL = 53

%%%%%%%%%%%%%%%%%%%%%%%%%%%%%%%%%%%%%%%%%%%%%%%%%%%%%%%%%%%%%%%%%%%%%%%%%%%%%%%%%%%%%%%%%%%%%%%%%%%%%%%%%%
 Warning: the number of valence electrons in pseudopotential > 6 for Mo: [Kr] 4d5 5s1
 Pseudopotentials with additional electrons can yield (more) accurate outcomes, but may be less efficient.
 If you're confident that your chosen pseudopotential is appropriate, you can safely ignore this warning.
%%%%%%%%%%%%%%%%%%%%%%%%%%%%%%%%%%%%%%%%%%%%%%%%%%%%%%%%%%%%%%%%%%%%%%%%%%%%%%%%%%%%%%%%%%%%%%%%%%%%%%%%%%
                  




 >>>>>>>>>>>>>>>>>>>>>>>>>>>>>>>>>>>>>>>>>>>>>>>>>>>>>>>>>>>>>>>>>>>>>>
 |                                                                    |
 | Setup plane waves of charge/potential:                             |
 | Use the energy cutoff and the lattice vectors to generate the      |
 | dimensions of FFT grid. The number of FFT grid on each processor   |
 | is 'nrxx'. The number of plane wave basis in reciprocal space is   |
 | different for charege/potential and wave functions. We also set    |
 | the 'sticks' for the parallel of FFT. The number of plane waves    |
 | is 'npw' in each processor.                                        |
 <<<<<<<<<<<<<<<<<<<<<<<<<<<<<<<<<<<<<<<<<<<<<<<<<<<<<<<<<<<<<<<<<<<<<<





 SETUP THE PLANE WAVE BASIS
 energy cutoff for charge/potential (unit:Ry) = 400
            fft grid for charge/potential = [ 40, 40, 432 ]
                        fft grid division = [ 5, 5, 4 ]
        big fft grid for charge/potential = [ 8, 8, 108 ]
                                     nbxx = 6912
                                     nrxx = 691200

 SETUP PLANE WAVES FOR CHARGE/POTENTIAL
                    number of plane waves = 278497
                         number of sticks = 1015

 PARALLEL PW FOR CHARGE/POTENTIAL
     PROC   COLUMNS(POT)             PW
        1           1015         278497
 --------------- sum -------------------
        1           1015         278497
                            number of |g| = 12738
                                  max |g| = 36.1794
                                  min |g| = 0
 DONE : SETUP UNITCELL Time : 0.160035 (SEC)


----------- Double Check Mixing Parameters Begin ------------
mixing_type: broyden
mixing_beta: 0.8
mixing_gg0: 1
mixing_gg0_min: 0.1
mixing_ndim: 8
----------- Double Check Mixing Parameters End ------------




 >>>>>>>>>>>>>>>>>>>>>>>>>>>>>>>>>>>>>>>>>>>>>>>>>>>>>>>>>>>>>>>>>>>>>>
 |                                                                    |
 | Doing symmetry analysis:                                           |
 | We calculate the norm of 3 vectors and the angles between them,    |
 | the type of Bravais lattice is given. We can judge if the unticell |
 | is a primitive cell. Finally we give the point group operation for |
 | this unitcell. We use the point group operations to do symmetry |
 | analysis on given k-point mesh and the charge density.             |
 |                                                                    |
 <<<<<<<<<<<<<<<<<<<<<<<<<<<<<<<<<<<<<<<<<<<<<<<<<<<<<<<<<<<<<<<<<<<<<<




 LATTICE VECTORS: (CARTESIAN COORDINATE: IN UNIT OF A0)
             +1.59912            -2.76976                  +0
             +1.59912            +2.76976                  +0
                   +0                  +0            +34.4792
                       right hand lattice = 1
                                   NORM_A = 3.19824
                                   NORM_B = 3.19824
                                   NORM_C = 34.4792
                           ALPHA (DEGREE) = 90
                           BETA  (DEGREE) = 90
                           GAMMA (DEGREE) = 120

 The lattice vectors have been changed (STRU_SIMPLE.cif)

(for optimal symmetric configuration:)
                             BRAVAIS TYPE = 4
                     BRAVAIS LATTICE NAME = 04. Hexagonal cell
                                    ibrav = 4
                                    IBRAV = 4
                                  BRAVAIS = HEXAGONAL CELL
                       LATTICE CONSTANT A = 3.19824
                                C/A RATIO = 10.7807
Original cell was already a primitive cell.
                        ROTATION MATRICES = 24
              PURE POINT GROUP OPERATIONS = 2
                   SPACE GROUP OPERATIONS = 4
                                       C2 = 0
                                       C3 = 0
                                       C4 = 0
                                       C6 = 0
                                       S1 = 1
                                       S3 = 0
                                       S4 = 0
                                       S6 = 0
                              POINT GROUP = C_1h
                                       C2 = 1
                                       C3 = 0
                                       C4 = 0
                                       C6 = 0
                                       S1 = 2
                                       S3 = 0
                                       S4 = 0
                                       S6 = 0
               POINT GROUP IN SPACE GROUP = C_2v
 DONE : SYMMETRY Time : 0.184528 (SEC)





 >>>>>>>>>>>>>>>>>>>>>>>>>>>>>>>>>>>>>>>>>>>>>>>>>>>>>>>>>>>>>>>>>>>>>>
 |                                                                    |
 | Setup K-points                                                     |
 | We setup the k-points according to input parameters.               |
 | The reduced k-points are set according to symmetry operations.     |
 | We treat the spin as another set of k-points.                      |
 |                                                                    |
 <<<<<<<<<<<<<<<<<<<<<<<<<<<<<<<<<<<<<<<<<<<<<<<<<<<<<<<<<<<<<<<<<<<<<<





 SETUP K-POINTS
                                    nspin = 1
                   Input type of k points = Monkhorst-Pack(Gamma)
                                   nkstot = 1089
                       right hand lattice = 1
(for reciprocal lattice: )
                             BRAVAIS TYPE = 4
                     BRAVAIS LATTICE NAME = 04. Hexagonal cell
                                    ibrav = 4
                       right hand lattice = 1
(for k-lattice: )
                             BRAVAIS TYPE = 4
                     BRAVAIS LATTICE NAME = 04. Hexagonal cell
                                    ibrav = 4
                       right hand lattice = 1
                        ROTATION MATRICES = 24
                               nkstot_ibz = 289
K-POINTS REDUCTION ACCORDING TO SYMMETRY
     IBZ    DIRECT_X    DIRECT_Y    DIRECT_Z  WEIGHT  ibz2bz
       1  0.00000000  0.00000000  0.00000000  0.0009       0
       2  0.03030303  0.00000000  0.00000000  0.0037       1
       3  0.06060606  0.00000000  0.00000000  0.0037       2
       4  0.09090909  0.00000000  0.00000000  0.0037       3
       5  0.12121212  0.00000000  0.00000000  0.0037       4
       6  0.15151515  0.00000000  0.00000000  0.0037       5
       7  0.18181818  0.00000000  0.00000000  0.0037       6
       8  0.21212121  0.00000000  0.00000000  0.0037       7
       9  0.24242424  0.00000000  0.00000000  0.0037       8
      10  0.27272727  0.00000000  0.00000000  0.0037       9
      11  0.30303030  0.00000000  0.00000000  0.0037      10
      12  0.33333333  0.00000000  0.00000000  0.0037      11
      13  0.36363636  0.00000000  0.00000000  0.0037      12
      14  0.39393939  0.00000000  0.00000000  0.0037      13
      15  0.42424242  0.00000000  0.00000000  0.0037      14
      16  0.45454545  0.00000000  0.00000000  0.0037      15
      17  0.48484848  0.00000000  0.00000000  0.0037      16
      18  0.03030303  0.03030303  0.00000000  0.0018      34
      19  0.06060606  0.03030303  0.00000000  0.0037      35
      20  0.09090909  0.03030303  0.00000000  0.0037      36
      21  0.12121212  0.03030303  0.00000000  0.0037      37
      22  0.15151515  0.03030303  0.00000000  0.0037      38
      23  0.18181818  0.03030303  0.00000000  0.0037      39
      24  0.21212121  0.03030303  0.00000000  0.0037      40
      25  0.24242424  0.03030303  0.00000000  0.0037      41
      26  0.27272727  0.03030303  0.00000000  0.0037      42
      27  0.30303030  0.03030303  0.00000000  0.0037      43
      28  0.33333333  0.03030303  0.00000000  0.0037      44
      29  0.36363636  0.03030303  0.00000000  0.0037      45
      30  0.39393939  0.03030303  0.00000000  0.0037      46
      31  0.42424242  0.03030303  0.00000000  0.0037      47
      32  0.45454545  0.03030303  0.00000000  0.0037      48
      33  0.48484848  0.03030303  0.00000000  0.0037      49
      34 -0.03030303  0.48484848  0.00000000  0.0037      50
      35 -0.03030303  0.45454545  0.00000000  0.0037      51
      36 -0.03030303  0.42424242  0.00000000  0.0037      52
      37 -0.03030303  0.39393939  0.00000000  0.0037      53
      38 -0.03030303  0.36363636  0.00000000  0.0037      54
      39 -0.03030303  0.33333333  0.00000000  0.0037      55
      40 -0.03030303  0.30303030  0.00000000  0.0037      56
      41 -0.03030303  0.27272727  0.00000000  0.0037      57
      42 -0.03030303  0.24242424  0.00000000  0.0037      58
      43 -0.03030303  0.21212121  0.00000000  0.0037      59
      44 -0.03030303  0.18181818  0.00000000  0.0037      60
      45 -0.03030303  0.15151515  0.00000000  0.0037      61
      46 -0.03030303  0.12121212  0.00000000  0.0037      62
      47 -0.03030303  0.09090909  0.00000000  0.0037      63
      48 -0.03030303  0.06060606  0.00000000  0.0037      64
      49 -0.03030303  0.03030303  0.00000000  0.0018      65
      50  0.06060606  0.06060606  0.00000000  0.0018      68
      51  0.09090909  0.06060606  0.00000000  0.0037      69
      52  0.12121212  0.06060606  0.00000000  0.0037      70
      53  0.15151515  0.06060606  0.00000000  0.0037      71
      54  0.18181818  0.06060606  0.00000000  0.0037      72
      55  0.21212121  0.06060606  0.00000000  0.0037      73
      56  0.24242424  0.06060606  0.00000000  0.0037      74
      57  0.27272727  0.06060606  0.00000000  0.0037      75
      58  0.30303030  0.06060606  0.00000000  0.0037      76
      59  0.33333333  0.06060606  0.00000000  0.0037      77
      60  0.36363636  0.06060606  0.00000000  0.0037      78
      61  0.39393939  0.06060606  0.00000000  0.0037      79
      62  0.42424242  0.06060606  0.00000000  0.0037      80
      63  0.45454545  0.06060606  0.00000000  0.0037      81
      64  0.48484848  0.06060606  0.00000000  0.0037      82
      65 -0.06060606  0.48484848  0.00000000  0.0037      83
      66 -0.06060606  0.45454545  0.00000000  0.0037      84
      67 -0.06060606  0.42424242  0.00000000  0.0037      85
      68 -0.06060606  0.39393939  0.00000000  0.0037      86
      69 -0.06060606  0.36363636  0.00000000  0.0037      87
      70 -0.06060606  0.33333333  0.00000000  0.0037      88
      71 -0.06060606  0.30303030  0.00000000  0.0037      89
      72 -0.06060606  0.27272727  0.00000000  0.0037      90
      73 -0.06060606  0.24242424  0.00000000  0.0037      91
      74 -0.06060606  0.21212121  0.00000000  0.0037      92
      75 -0.06060606  0.18181818  0.00000000  0.0037      93
      76 -0.06060606  0.15151515  0.00000000  0.0037      94
      77 -0.06060606  0.12121212  0.00000000  0.0037      95
      78 -0.06060606  0.09090909  0.00000000  0.0037      96
      79 -0.06060606  0.06060606  0.00000000  0.0018      97
      80  0.09090909  0.09090909  0.00000000  0.0018     102
      81  0.12121212  0.09090909  0.00000000  0.0037     103
      82  0.15151515  0.09090909  0.00000000  0.0037     104
      83  0.18181818  0.09090909  0.00000000  0.0037     105
      84  0.21212121  0.09090909  0.00000000  0.0037     106
      85  0.24242424  0.09090909  0.00000000  0.0037     107
      86  0.27272727  0.09090909  0.00000000  0.0037     108
      87  0.30303030  0.09090909  0.00000000  0.0037     109
      88  0.33333333  0.09090909  0.00000000  0.0037     110
      89  0.36363636  0.09090909  0.00000000  0.0037     111
      90  0.39393939  0.09090909  0.00000000  0.0037     112
      91  0.42424242  0.09090909  0.00000000  0.0037     113
      92  0.45454545  0.09090909  0.00000000  0.0037     114
      93  0.48484848  0.09090909  0.00000000  0.0037     115
      94 -0.09090909  0.48484848  0.00000000  0.0037     116
      95 -0.09090909  0.45454545  0.00000000  0.0037     117
      96 -0.09090909  0.42424242  0.00000000  0.0037     118
      97 -0.09090909  0.39393939  0.00000000  0.0037     119
      98 -0.09090909  0.36363636  0.00000000  0.0037     120
      99 -0.09090909  0.33333333  0.00000000  0.0037     121
     100 -0.09090909  0.30303030  0.00000000  0.0037     122
     101 -0.09090909  0.27272727  0.00000000  0.0037     123
     102 -0.09090909  0.24242424  0.00000000  0.0037     124
     103 -0.09090909  0.21212121  0.00000000  0.0037     125
     104 -0.09090909  0.18181818  0.00000000  0.0037     126
     105 -0.09090909  0.15151515  0.00000000  0.0037     127
     106 -0.09090909  0.12121212  0.00000000  0.0037     128
     107 -0.09090909  0.09090909  0.00000000  0.0018     129
     108  0.12121212  0.12121212  0.00000000  0.0018     136
     109  0.15151515  0.12121212  0.00000000  0.0037     137
     110  0.18181818  0.12121212  0.00000000  0.0037     138
     111  0.21212121  0.12121212  0.00000000  0.0037     139
     112  0.24242424  0.12121212  0.00000000  0.0037     140
     113  0.27272727  0.12121212  0.00000000  0.0037     141
     114  0.30303030  0.12121212  0.00000000  0.0037     142
     115  0.33333333  0.12121212  0.00000000  0.0037     143
     116  0.36363636  0.12121212  0.00000000  0.0037     144
     117  0.39393939  0.12121212  0.00000000  0.0037     145
     118  0.42424242  0.12121212  0.00000000  0.0037     146
     119  0.45454545  0.12121212  0.00000000  0.0037     147
     120  0.48484848  0.12121212  0.00000000  0.0037     148
     121 -0.12121212  0.48484848  0.00000000  0.0037     149
     122 -0.12121212  0.45454545  0.00000000  0.0037     150
     123 -0.12121212  0.42424242  0.00000000  0.0037     151
     124 -0.12121212  0.39393939  0.00000000  0.0037     152
     125 -0.12121212  0.36363636  0.00000000  0.0037     153
     126 -0.12121212  0.33333333  0.00000000  0.0037     154
     127 -0.12121212  0.30303030  0.00000000  0.0037     155
     128 -0.12121212  0.27272727  0.00000000  0.0037     156
     129 -0.12121212  0.24242424  0.00000000  0.0037     157
     130 -0.12121212  0.21212121  0.00000000  0.0037     158
     131 -0.12121212  0.18181818  0.00000000  0.0037     159
     132 -0.12121212  0.15151515  0.00000000  0.0037     160
     133 -0.12121212  0.12121212  0.00000000  0.0018     161
     134  0.15151515  0.15151515  0.00000000  0.0018     170
     135  0.18181818  0.15151515  0.00000000  0.0037     171
     136  0.21212121  0.15151515  0.00000000  0.0037     172
     137  0.24242424  0.15151515  0.00000000  0.0037     173
     138  0.27272727  0.15151515  0.00000000  0.0037     174
     139  0.30303030  0.15151515  0.00000000  0.0037     175
     140  0.33333333  0.15151515  0.00000000  0.0037     176
     141  0.36363636  0.15151515  0.00000000  0.0037     177
     142  0.39393939  0.15151515  0.00000000  0.0037     178
     143  0.42424242  0.15151515  0.00000000  0.0037     179
     144  0.45454545  0.15151515  0.00000000  0.0037     180
     145  0.48484848  0.15151515  0.00000000  0.0037     181
     146 -0.15151515  0.48484848  0.00000000  0.0037     182
     147 -0.15151515  0.45454545  0.00000000  0.0037     183
     148 -0.15151515  0.42424242  0.00000000  0.0037     184
     149 -0.15151515  0.39393939  0.00000000  0.0037     185
     150 -0.15151515  0.36363636  0.00000000  0.0037     186
     151 -0.15151515  0.33333333  0.00000000  0.0037     187
     152 -0.15151515  0.30303030  0.00000000  0.0037     188
     153 -0.15151515  0.27272727  0.00000000  0.0037     189
     154 -0.15151515  0.24242424  0.00000000  0.0037     190
     155 -0.15151515  0.21212121  0.00000000  0.0037     191
     156 -0.15151515  0.18181818  0.00000000  0.0037     192
     157 -0.15151515  0.15151515  0.00000000  0.0018     193
     158  0.18181818  0.18181818  0.00000000  0.0018     204
     159  0.21212121  0.18181818  0.00000000  0.0037     205
     160  0.24242424  0.18181818  0.00000000  0.0037     206
     161  0.27272727  0.18181818  0.00000000  0.0037     207
     162  0.30303030  0.18181818  0.00000000  0.0037     208
     163  0.33333333  0.18181818  0.00000000  0.0037     209
     164  0.36363636  0.18181818  0.00000000  0.0037     210
     165  0.39393939  0.18181818  0.00000000  0.0037     211
     166  0.42424242  0.18181818  0.00000000  0.0037     212
     167  0.45454545  0.18181818  0.00000000  0.0037     213
     168  0.48484848  0.18181818  0.00000000  0.0037     214
     169 -0.18181818  0.48484848  0.00000000  0.0037     215
     170 -0.18181818  0.45454545  0.00000000  0.0037     216
     171 -0.18181818  0.42424242  0.00000000  0.0037     217
     172 -0.18181818  0.39393939  0.00000000  0.0037     218
     173 -0.18181818  0.36363636  0.00000000  0.0037     219
     174 -0.18181818  0.33333333  0.00000000  0.0037     220
     175 -0.18181818  0.30303030  0.00000000  0.0037     221
     176 -0.18181818  0.27272727  0.00000000  0.0037     222
     177 -0.18181818  0.24242424  0.00000000  0.0037     223
     178 -0.18181818  0.21212121  0.00000000  0.0037     224
     179 -0.18181818  0.18181818  0.00000000  0.0018     225
     180  0.21212121  0.21212121  0.00000000  0.0018     238
     181  0.24242424  0.21212121  0.00000000  0.0037     239
     182  0.27272727  0.21212121  0.00000000  0.0037     240
     183  0.30303030  0.21212121  0.00000000  0.0037     241
     184  0.33333333  0.21212121  0.00000000  0.0037     242
     185  0.36363636  0.21212121  0.00000000  0.0037     243
     186  0.39393939  0.21212121  0.00000000  0.0037     244
     187  0.42424242  0.21212121  0.00000000  0.0037     245
     188  0.45454545  0.21212121  0.00000000  0.0037     246
     189  0.48484848  0.21212121  0.00000000  0.0037     247
     190 -0.21212121  0.48484848  0.00000000  0.0037     248
     191 -0.21212121  0.45454545  0.00000000  0.0037     249
     192 -0.21212121  0.42424242  0.00000000  0.0037     250
     193 -0.21212121  0.39393939  0.00000000  0.0037     251
     194 -0.21212121  0.36363636  0.00000000  0.0037     252
     195 -0.21212121  0.33333333  0.00000000  0.0037     253
     196 -0.21212121  0.30303030  0.00000000  0.0037     254
     197 -0.21212121  0.27272727  0.00000000  0.0037     255
     198 -0.21212121  0.24242424  0.00000000  0.0037     256
     199 -0.21212121  0.21212121  0.00000000  0.0018     257
     200  0.24242424  0.24242424  0.00000000  0.0018     272
     201  0.27272727  0.24242424  0.00000000  0.0037     273
     202  0.30303030  0.24242424  0.00000000  0.0037     274
     203  0.33333333  0.24242424  0.00000000  0.0037     275
     204  0.36363636  0.24242424  0.00000000  0.0037     276
     205  0.39393939  0.24242424  0.00000000  0.0037     277
     206  0.42424242  0.24242424  0.00000000  0.0037     278
     207  0.45454545  0.24242424  0.00000000  0.0037     279
     208  0.48484848  0.24242424  0.00000000  0.0037     280
     209 -0.24242424  0.48484848  0.00000000  0.0037     281
     210 -0.24242424  0.45454545  0.00000000  0.0037     282
     211 -0.24242424  0.42424242  0.00000000  0.0037     283
     212 -0.24242424  0.39393939  0.00000000  0.0037     284
     213 -0.24242424  0.36363636  0.00000000  0.0037     285
     214 -0.24242424  0.33333333  0.00000000  0.0037     286
     215 -0.24242424  0.30303030  0.00000000  0.0037     287
     216 -0.24242424  0.27272727  0.00000000  0.0037     288
     217 -0.24242424  0.24242424  0.00000000  0.0018     289
     218  0.27272727  0.27272727  0.00000000  0.0018     306
     219  0.30303030  0.27272727  0.00000000  0.0037     307
     220  0.33333333  0.27272727  0.00000000  0.0037     308
     221  0.36363636  0.27272727  0.00000000  0.0037     309
     222  0.39393939  0.27272727  0.00000000  0.0037     310
     223  0.42424242  0.27272727  0.00000000  0.0037     311
     224  0.45454545  0.27272727  0.00000000  0.0037     312
     225  0.48484848  0.27272727  0.00000000  0.0037     313
     226 -0.27272727  0.48484848  0.00000000  0.0037     314
     227 -0.27272727  0.45454545  0.00000000  0.0037     315
     228 -0.27272727  0.42424242  0.00000000  0.0037     316
     229 -0.27272727  0.39393939  0.00000000  0.0037     317
     230 -0.27272727  0.36363636  0.00000000  0.0037     318
     231 -0.27272727  0.33333333  0.00000000  0.0037     319
     232 -0.27272727  0.30303030  0.00000000  0.0037     320
     233 -0.27272727  0.27272727  0.00000000  0.0018     321
     234  0.30303030  0.30303030  0.00000000  0.0018     340
     235  0.33333333  0.30303030  0.00000000  0.0037     341
     236  0.36363636  0.30303030  0.00000000  0.0037     342
     237  0.39393939  0.30303030  0.00000000  0.0037     343
     238  0.42424242  0.30303030  0.00000000  0.0037     344
     239  0.45454545  0.30303030  0.00000000  0.0037     345
     240  0.48484848  0.30303030  0.00000000  0.0037     346
     241 -0.30303030  0.48484848  0.00000000  0.0037     347
     242 -0.30303030  0.45454545  0.00000000  0.0037     348
     243 -0.30303030  0.42424242  0.00000000  0.0037     349
     244 -0.30303030  0.39393939  0.00000000  0.0037     350
     245 -0.30303030  0.36363636  0.00000000  0.0037     351
     246 -0.30303030  0.33333333  0.00000000  0.0037     352
     247 -0.30303030  0.30303030  0.00000000  0.0018     353
     248  0.33333333  0.33333333  0.00000000  0.0018     374
     249  0.36363636  0.33333333  0.00000000  0.0037     375
     250  0.39393939  0.33333333  0.00000000  0.0037     376
     251  0.42424242  0.33333333  0.00000000  0.0037     377
     252  0.45454545  0.33333333  0.00000000  0.0037     378
     253  0.48484848  0.33333333  0.00000000  0.0037     379
     254 -0.33333333  0.48484848  0.00000000  0.0037     380
     255 -0.33333333  0.45454545  0.00000000  0.0037     381
     256 -0.33333333  0.42424242  0.00000000  0.0037     382
     257 -0.33333333  0.39393939  0.00000000  0.0037     383
     258 -0.33333333  0.36363636  0.00000000  0.0037     384
     259 -0.33333333  0.33333333  0.00000000  0.0018     385
     260  0.36363636  0.36363636  0.00000000  0.0018     408
     261  0.39393939  0.36363636  0.00000000  0.0037     409
     262  0.42424242  0.36363636  0.00000000  0.0037     410
     263  0.45454545  0.36363636  0.00000000  0.0037     411
     264  0.48484848  0.36363636  0.00000000  0.0037     412
     265 -0.36363636  0.48484848  0.00000000  0.0037     413
     266 -0.36363636  0.45454545  0.00000000  0.0037     414
     267 -0.36363636  0.42424242  0.00000000  0.0037     415
     268 -0.36363636  0.39393939  0.00000000  0.0037     416
     269 -0.36363636  0.36363636  0.00000000  0.0018     417
     270  0.39393939  0.39393939  0.00000000  0.0018     442
     271  0.42424242  0.39393939  0.00000000  0.0037     443
     272  0.45454545  0.39393939  0.00000000  0.0037     444
     273  0.48484848  0.39393939  0.00000000  0.0037     445
     274 -0.39393939  0.48484848  0.00000000  0.0037     446
     275 -0.39393939  0.45454545  0.00000000  0.0037     447
     276 -0.39393939  0.42424242  0.00000000  0.0037     448
     277 -0.39393939  0.39393939  0.00000000  0.0018     449
     278  0.42424242  0.42424242  0.00000000  0.0018     476
     279  0.45454545  0.42424242  0.00000000  0.0037     477
     280  0.48484848  0.42424242  0.00000000  0.0037     478
     281 -0.42424242  0.48484848  0.00000000  0.0037     479
     282 -0.42424242  0.45454545  0.00000000  0.0037     480
     283 -0.42424242  0.42424242  0.00000000  0.0018     481
     284  0.45454545  0.45454545  0.00000000  0.0018     510
     285  0.48484848  0.45454545  0.00000000  0.0037     511
     286 -0.45454545  0.48484848  0.00000000  0.0037     512
     287 -0.45454545  0.45454545  0.00000000  0.0018     513
     288  0.48484848  0.48484848  0.00000000  0.0018     544
     289 -0.48484848  0.48484848  0.00000000  0.0018     545

                               nkstot now = 289
K-POINTS DIRECT COORDINATES
 KPOINTS    DIRECT_X    DIRECT_Y    DIRECT_Z  WEIGHT
       1  0.00000000  0.00000000  0.00000000  0.0009
       2  0.03030303  0.00000000  0.00000000  0.0037
       3  0.06060606  0.00000000  0.00000000  0.0037
       4  0.09090909  0.00000000  0.00000000  0.0037
       5  0.12121212  0.00000000  0.00000000  0.0037
       6  0.15151515  0.00000000  0.00000000  0.0037
       7  0.18181818  0.00000000  0.00000000  0.0037
       8  0.21212121  0.00000000  0.00000000  0.0037
       9  0.24242424  0.00000000  0.00000000  0.0037
      10  0.27272727  0.00000000  0.00000000  0.0037
      11  0.30303030  0.00000000  0.00000000  0.0037
      12  0.33333333  0.00000000  0.00000000  0.0037
      13  0.36363636  0.00000000  0.00000000  0.0037
      14  0.39393939  0.00000000  0.00000000  0.0037
      15  0.42424242  0.00000000  0.00000000  0.0037
      16  0.45454545  0.00000000  0.00000000  0.0037
      17  0.48484848  0.00000000  0.00000000  0.0037
      18  0.03030303  0.03030303  0.00000000  0.0018
      19  0.06060606  0.03030303  0.00000000  0.0037
      20  0.09090909  0.03030303  0.00000000  0.0037
      21  0.12121212  0.03030303  0.00000000  0.0037
      22  0.15151515  0.03030303  0.00000000  0.0037
      23  0.18181818  0.03030303  0.00000000  0.0037
      24  0.21212121  0.03030303  0.00000000  0.0037
      25  0.24242424  0.03030303  0.00000000  0.0037
      26  0.27272727  0.03030303  0.00000000  0.0037
      27  0.30303030  0.03030303  0.00000000  0.0037
      28  0.33333333  0.03030303  0.00000000  0.0037
      29  0.36363636  0.03030303  0.00000000  0.0037
      30  0.39393939  0.03030303  0.00000000  0.0037
      31  0.42424242  0.03030303  0.00000000  0.0037
      32  0.45454545  0.03030303  0.00000000  0.0037
      33  0.48484848  0.03030303  0.00000000  0.0037
      34 -0.03030303  0.48484848  0.00000000  0.0037
      35 -0.03030303  0.45454545  0.00000000  0.0037
      36 -0.03030303  0.42424242  0.00000000  0.0037
      37 -0.03030303  0.39393939  0.00000000  0.0037
      38 -0.03030303  0.36363636  0.00000000  0.0037
      39 -0.03030303  0.33333333  0.00000000  0.0037
      40 -0.03030303  0.30303030  0.00000000  0.0037
      41 -0.03030303  0.27272727  0.00000000  0.0037
      42 -0.03030303  0.24242424  0.00000000  0.0037
      43 -0.03030303  0.21212121  0.00000000  0.0037
      44 -0.03030303  0.18181818  0.00000000  0.0037
      45 -0.03030303  0.15151515  0.00000000  0.0037
      46 -0.03030303  0.12121212  0.00000000  0.0037
      47 -0.03030303  0.09090909  0.00000000  0.0037
      48 -0.03030303  0.06060606  0.00000000  0.0037
      49 -0.03030303  0.03030303  0.00000000  0.0018
      50  0.06060606  0.06060606  0.00000000  0.0018
      51  0.09090909  0.06060606  0.00000000  0.0037
      52  0.12121212  0.06060606  0.00000000  0.0037
      53  0.15151515  0.06060606  0.00000000  0.0037
      54  0.18181818  0.06060606  0.00000000  0.0037
      55  0.21212121  0.06060606  0.00000000  0.0037
      56  0.24242424  0.06060606  0.00000000  0.0037
      57  0.27272727  0.06060606  0.00000000  0.0037
      58  0.30303030  0.06060606  0.00000000  0.0037
      59  0.33333333  0.06060606  0.00000000  0.0037
      60  0.36363636  0.06060606  0.00000000  0.0037
      61  0.39393939  0.06060606  0.00000000  0.0037
      62  0.42424242  0.06060606  0.00000000  0.0037
      63  0.45454545  0.06060606  0.00000000  0.0037
      64  0.48484848  0.06060606  0.00000000  0.0037
      65 -0.06060606  0.48484848  0.00000000  0.0037
      66 -0.06060606  0.45454545  0.00000000  0.0037
      67 -0.06060606  0.42424242  0.00000000  0.0037
      68 -0.06060606  0.39393939  0.00000000  0.0037
      69 -0.06060606  0.36363636  0.00000000  0.0037
      70 -0.06060606  0.33333333  0.00000000  0.0037
      71 -0.06060606  0.30303030  0.00000000  0.0037
      72 -0.06060606  0.27272727  0.00000000  0.0037
      73 -0.06060606  0.24242424  0.00000000  0.0037
      74 -0.06060606  0.21212121  0.00000000  0.0037
      75 -0.06060606  0.18181818  0.00000000  0.0037
      76 -0.06060606  0.15151515  0.00000000  0.0037
      77 -0.06060606  0.12121212  0.00000000  0.0037
      78 -0.06060606  0.09090909  0.00000000  0.0037
      79 -0.06060606  0.06060606  0.00000000  0.0018
      80  0.09090909  0.09090909  0.00000000  0.0018
      81  0.12121212  0.09090909  0.00000000  0.0037
      82  0.15151515  0.09090909  0.00000000  0.0037
      83  0.18181818  0.09090909  0.00000000  0.0037
      84  0.21212121  0.09090909  0.00000000  0.0037
      85  0.24242424  0.09090909  0.00000000  0.0037
      86  0.27272727  0.09090909  0.00000000  0.0037
      87  0.30303030  0.09090909  0.00000000  0.0037
      88  0.33333333  0.09090909  0.00000000  0.0037
      89  0.36363636  0.09090909  0.00000000  0.0037
      90  0.39393939  0.09090909  0.00000000  0.0037
      91  0.42424242  0.09090909  0.00000000  0.0037
      92  0.45454545  0.09090909  0.00000000  0.0037
      93  0.48484848  0.09090909  0.00000000  0.0037
      94 -0.09090909  0.48484848  0.00000000  0.0037
      95 -0.09090909  0.45454545  0.00000000  0.0037
      96 -0.09090909  0.42424242  0.00000000  0.0037
      97 -0.09090909  0.39393939  0.00000000  0.0037
      98 -0.09090909  0.36363636  0.00000000  0.0037
      99 -0.09090909  0.33333333  0.00000000  0.0037
     100 -0.09090909  0.30303030  0.00000000  0.0037
     101 -0.09090909  0.27272727  0.00000000  0.0037
     102 -0.09090909  0.24242424  0.00000000  0.0037
     103 -0.09090909  0.21212121  0.00000000  0.0037
     104 -0.09090909  0.18181818  0.00000000  0.0037
     105 -0.09090909  0.15151515  0.00000000  0.0037
     106 -0.09090909  0.12121212  0.00000000  0.0037
     107 -0.09090909  0.09090909  0.00000000  0.0018
     108  0.12121212  0.12121212  0.00000000  0.0018
     109  0.15151515  0.12121212  0.00000000  0.0037
     110  0.18181818  0.12121212  0.00000000  0.0037
     111  0.21212121  0.12121212  0.00000000  0.0037
     112  0.24242424  0.12121212  0.00000000  0.0037
     113  0.27272727  0.12121212  0.00000000  0.0037
     114  0.30303030  0.12121212  0.00000000  0.0037
     115  0.33333333  0.12121212  0.00000000  0.0037
     116  0.36363636  0.12121212  0.00000000  0.0037
     117  0.39393939  0.12121212  0.00000000  0.0037
     118  0.42424242  0.12121212  0.00000000  0.0037
     119  0.45454545  0.12121212  0.00000000  0.0037
     120  0.48484848  0.12121212  0.00000000  0.0037
     121 -0.12121212  0.48484848  0.00000000  0.0037
     122 -0.12121212  0.45454545  0.00000000  0.0037
     123 -0.12121212  0.42424242  0.00000000  0.0037
     124 -0.12121212  0.39393939  0.00000000  0.0037
     125 -0.12121212  0.36363636  0.00000000  0.0037
     126 -0.12121212  0.33333333  0.00000000  0.0037
     127 -0.12121212  0.30303030  0.00000000  0.0037
     128 -0.12121212  0.27272727  0.00000000  0.0037
     129 -0.12121212  0.24242424  0.00000000  0.0037
     130 -0.12121212  0.21212121  0.00000000  0.0037
     131 -0.12121212  0.18181818  0.00000000  0.0037
     132 -0.12121212  0.15151515  0.00000000  0.0037
     133 -0.12121212  0.12121212  0.00000000  0.0018
     134  0.15151515  0.15151515  0.00000000  0.0018
     135  0.18181818  0.15151515  0.00000000  0.0037
     136  0.21212121  0.15151515  0.00000000  0.0037
     137  0.24242424  0.15151515  0.00000000  0.0037
     138  0.27272727  0.15151515  0.00000000  0.0037
     139  0.30303030  0.15151515  0.00000000  0.0037
     140  0.33333333  0.15151515  0.00000000  0.0037
     141  0.36363636  0.15151515  0.00000000  0.0037
     142  0.39393939  0.15151515  0.00000000  0.0037
     143  0.42424242  0.15151515  0.00000000  0.0037
     144  0.45454545  0.15151515  0.00000000  0.0037
     145  0.48484848  0.15151515  0.00000000  0.0037
     146 -0.15151515  0.48484848  0.00000000  0.0037
     147 -0.15151515  0.45454545  0.00000000  0.0037
     148 -0.15151515  0.42424242  0.00000000  0.0037
     149 -0.15151515  0.39393939  0.00000000  0.0037
     150 -0.15151515  0.36363636  0.00000000  0.0037
     151 -0.15151515  0.33333333  0.00000000  0.0037
     152 -0.15151515  0.30303030  0.00000000  0.0037
     153 -0.15151515  0.27272727  0.00000000  0.0037
     154 -0.15151515  0.24242424  0.00000000  0.0037
     155 -0.15151515  0.21212121  0.00000000  0.0037
     156 -0.15151515  0.18181818  0.00000000  0.0037
     157 -0.15151515  0.15151515  0.00000000  0.0018
     158  0.18181818  0.18181818  0.00000000  0.0018
     159  0.21212121  0.18181818  0.00000000  0.0037
     160  0.24242424  0.18181818  0.00000000  0.0037
     161  0.27272727  0.18181818  0.00000000  0.0037
     162  0.30303030  0.18181818  0.00000000  0.0037
     163  0.33333333  0.18181818  0.00000000  0.0037
     164  0.36363636  0.18181818  0.00000000  0.0037
     165  0.39393939  0.18181818  0.00000000  0.0037
     166  0.42424242  0.18181818  0.00000000  0.0037
     167  0.45454545  0.18181818  0.00000000  0.0037
     168  0.48484848  0.18181818  0.00000000  0.0037
     169 -0.18181818  0.48484848  0.00000000  0.0037
     170 -0.18181818  0.45454545  0.00000000  0.0037
     171 -0.18181818  0.42424242  0.00000000  0.0037
     172 -0.18181818  0.39393939  0.00000000  0.0037
     173 -0.18181818  0.36363636  0.00000000  0.0037
     174 -0.18181818  0.33333333  0.00000000  0.0037
     175 -0.18181818  0.30303030  0.00000000  0.0037
     176 -0.18181818  0.27272727  0.00000000  0.0037
     177 -0.18181818  0.24242424  0.00000000  0.0037
     178 -0.18181818  0.21212121  0.00000000  0.0037
     179 -0.18181818  0.18181818  0.00000000  0.0018
     180  0.21212121  0.21212121  0.00000000  0.0018
     181  0.24242424  0.21212121  0.00000000  0.0037
     182  0.27272727  0.21212121  0.00000000  0.0037
     183  0.30303030  0.21212121  0.00000000  0.0037
     184  0.33333333  0.21212121  0.00000000  0.0037
     185  0.36363636  0.21212121  0.00000000  0.0037
     186  0.39393939  0.21212121  0.00000000  0.0037
     187  0.42424242  0.21212121  0.00000000  0.0037
     188  0.45454545  0.21212121  0.00000000  0.0037
     189  0.48484848  0.21212121  0.00000000  0.0037
     190 -0.21212121  0.48484848  0.00000000  0.0037
     191 -0.21212121  0.45454545  0.00000000  0.0037
     192 -0.21212121  0.42424242  0.00000000  0.0037
     193 -0.21212121  0.39393939  0.00000000  0.0037
     194 -0.21212121  0.36363636  0.00000000  0.0037
     195 -0.21212121  0.33333333  0.00000000  0.0037
     196 -0.21212121  0.30303030  0.00000000  0.0037
     197 -0.21212121  0.27272727  0.00000000  0.0037
     198 -0.21212121  0.24242424  0.00000000  0.0037
     199 -0.21212121  0.21212121  0.00000000  0.0018
     200  0.24242424  0.24242424  0.00000000  0.0018
     201  0.27272727  0.24242424  0.00000000  0.0037
     202  0.30303030  0.24242424  0.00000000  0.0037
     203  0.33333333  0.24242424  0.00000000  0.0037
     204  0.36363636  0.24242424  0.00000000  0.0037
     205  0.39393939  0.24242424  0.00000000  0.0037
     206  0.42424242  0.24242424  0.00000000  0.0037
     207  0.45454545  0.24242424  0.00000000  0.0037
     208  0.48484848  0.24242424  0.00000000  0.0037
     209 -0.24242424  0.48484848  0.00000000  0.0037
     210 -0.24242424  0.45454545  0.00000000  0.0037
     211 -0.24242424  0.42424242  0.00000000  0.0037
     212 -0.24242424  0.39393939  0.00000000  0.0037
     213 -0.24242424  0.36363636  0.00000000  0.0037
     214 -0.24242424  0.33333333  0.00000000  0.0037
     215 -0.24242424  0.30303030  0.00000000  0.0037
     216 -0.24242424  0.27272727  0.00000000  0.0037
     217 -0.24242424  0.24242424  0.00000000  0.0018
     218  0.27272727  0.27272727  0.00000000  0.0018
     219  0.30303030  0.27272727  0.00000000  0.0037
     220  0.33333333  0.27272727  0.00000000  0.0037
     221  0.36363636  0.27272727  0.00000000  0.0037
     222  0.39393939  0.27272727  0.00000000  0.0037
     223  0.42424242  0.27272727  0.00000000  0.0037
     224  0.45454545  0.27272727  0.00000000  0.0037
     225  0.48484848  0.27272727  0.00000000  0.0037
     226 -0.27272727  0.48484848  0.00000000  0.0037
     227 -0.27272727  0.45454545  0.00000000  0.0037
     228 -0.27272727  0.42424242  0.00000000  0.0037
     229 -0.27272727  0.39393939  0.00000000  0.0037
     230 -0.27272727  0.36363636  0.00000000  0.0037
     231 -0.27272727  0.33333333  0.00000000  0.0037
     232 -0.27272727  0.30303030  0.00000000  0.0037
     233 -0.27272727  0.27272727  0.00000000  0.0018
     234  0.30303030  0.30303030  0.00000000  0.0018
     235  0.33333333  0.30303030  0.00000000  0.0037
     236  0.36363636  0.30303030  0.00000000  0.0037
     237  0.39393939  0.30303030  0.00000000  0.0037
     238  0.42424242  0.30303030  0.00000000  0.0037
     239  0.45454545  0.30303030  0.00000000  0.0037
     240  0.48484848  0.30303030  0.00000000  0.0037
     241 -0.30303030  0.48484848  0.00000000  0.0037
     242 -0.30303030  0.45454545  0.00000000  0.0037
     243 -0.30303030  0.42424242  0.00000000  0.0037
     244 -0.30303030  0.39393939  0.00000000  0.0037
     245 -0.30303030  0.36363636  0.00000000  0.0037
     246 -0.30303030  0.33333333  0.00000000  0.0037
     247 -0.30303030  0.30303030  0.00000000  0.0018
     248  0.33333333  0.33333333  0.00000000  0.0018
     249  0.36363636  0.33333333  0.00000000  0.0037
     250  0.39393939  0.33333333  0.00000000  0.0037
     251  0.42424242  0.33333333  0.00000000  0.0037
     252  0.45454545  0.33333333  0.00000000  0.0037
     253  0.48484848  0.33333333  0.00000000  0.0037
     254 -0.33333333  0.48484848  0.00000000  0.0037
     255 -0.33333333  0.45454545  0.00000000  0.0037
     256 -0.33333333  0.42424242  0.00000000  0.0037
     257 -0.33333333  0.39393939  0.00000000  0.0037
     258 -0.33333333  0.36363636  0.00000000  0.0037
     259 -0.33333333  0.33333333  0.00000000  0.0018
     260  0.36363636  0.36363636  0.00000000  0.0018
     261  0.39393939  0.36363636  0.00000000  0.0037
     262  0.42424242  0.36363636  0.00000000  0.0037
     263  0.45454545  0.36363636  0.00000000  0.0037
     264  0.48484848  0.36363636  0.00000000  0.0037
     265 -0.36363636  0.48484848  0.00000000  0.0037
     266 -0.36363636  0.45454545  0.00000000  0.0037
     267 -0.36363636  0.42424242  0.00000000  0.0037
     268 -0.36363636  0.39393939  0.00000000  0.0037
     269 -0.36363636  0.36363636  0.00000000  0.0018
     270  0.39393939  0.39393939  0.00000000  0.0018
     271  0.42424242  0.39393939  0.00000000  0.0037
     272  0.45454545  0.39393939  0.00000000  0.0037
     273  0.48484848  0.39393939  0.00000000  0.0037
     274 -0.39393939  0.48484848  0.00000000  0.0037
     275 -0.39393939  0.45454545  0.00000000  0.0037
     276 -0.39393939  0.42424242  0.00000000  0.0037
     277 -0.39393939  0.39393939  0.00000000  0.0018
     278  0.42424242  0.42424242  0.00000000  0.0018
     279  0.45454545  0.42424242  0.00000000  0.0037
     280  0.48484848  0.42424242  0.00000000  0.0037
     281 -0.42424242  0.48484848  0.00000000  0.0037
     282 -0.42424242  0.45454545  0.00000000  0.0037
     283 -0.42424242  0.42424242  0.00000000  0.0018
     284  0.45454545  0.45454545  0.00000000  0.0018
     285  0.48484848  0.45454545  0.00000000  0.0037
     286 -0.45454545  0.48484848  0.00000000  0.0037
     287 -0.45454545  0.45454545  0.00000000  0.0018
     288  0.48484848  0.48484848  0.00000000  0.0018
     289 -0.48484848  0.48484848  0.00000000  0.0018


           k-point number in this process = 289
       minimum distributed K point number = 289
starsize: 1
isym: 0 ks_vec: 0 0 0
starsize: 4
isym: 0 ks_vec: 0.030303 0 0
isym: 1 ks_vec: 0 -0.030303 0
isym: 4 ks_vec: -0.030303 0 0
isym: 5 ks_vec: 0 0.030303 0
starsize: 4
isym: 0 ks_vec: 0.0606061 0 0
isym: 1 ks_vec: 0 -0.0606061 0
isym: 4 ks_vec: -0.0606061 0 0
isym: 5 ks_vec: 0 0.0606061 0
starsize: 4
isym: 0 ks_vec: 0.0909091 0 0
isym: 1 ks_vec: 0 -0.0909091 0
isym: 4 ks_vec: -0.0909091 0 0
isym: 5 ks_vec: 0 0.0909091 0
starsize: 4
isym: 0 ks_vec: 0.121212 0 0
isym: 1 ks_vec: 0 -0.121212 0
isym: 4 ks_vec: -0.121212 0 0
isym: 5 ks_vec: 0 0.121212 0
starsize: 4
isym: 0 ks_vec: 0.151515 0 0
isym: 1 ks_vec: 0 -0.151515 0
isym: 4 ks_vec: -0.151515 0 0
isym: 5 ks_vec: 0 0.151515 0
starsize: 4
isym: 0 ks_vec: 0.181818 0 0
isym: 1 ks_vec: 0 -0.181818 0
isym: 4 ks_vec: -0.181818 0 0
isym: 5 ks_vec: 0 0.181818 0
starsize: 4
isym: 0 ks_vec: 0.212121 0 0
isym: 1 ks_vec: 0 -0.212121 0
isym: 4 ks_vec: -0.212121 0 0
isym: 5 ks_vec: 0 0.212121 0
starsize: 4
isym: 0 ks_vec: 0.242424 0 0
isym: 1 ks_vec: 0 -0.242424 0
isym: 4 ks_vec: -0.242424 0 0
isym: 5 ks_vec: 0 0.242424 0
starsize: 4
isym: 0 ks_vec: 0.272727 0 0
isym: 1 ks_vec: 0 -0.272727 0
isym: 4 ks_vec: -0.272727 0 0
isym: 5 ks_vec: 0 0.272727 0
starsize: 4
isym: 0 ks_vec: 0.30303 0 0
isym: 1 ks_vec: 0 -0.30303 0
isym: 4 ks_vec: -0.30303 0 0
isym: 5 ks_vec: 0 0.30303 0
starsize: 4
isym: 0 ks_vec: 0.333333 0 0
isym: 1 ks_vec: 0 -0.333333 0
isym: 4 ks_vec: -0.333333 0 0
isym: 5 ks_vec: 0 0.333333 0
starsize: 4
isym: 0 ks_vec: 0.363636 0 0
isym: 1 ks_vec: 0 -0.363636 0
isym: 4 ks_vec: -0.363636 0 0
isym: 5 ks_vec: 0 0.363636 0
starsize: 4
isym: 0 ks_vec: 0.393939 0 0
isym: 1 ks_vec: 0 -0.393939 0
isym: 4 ks_vec: -0.393939 0 0
isym: 5 ks_vec: 0 0.393939 0
starsize: 4
isym: 0 ks_vec: 0.424242 0 0
isym: 1 ks_vec: 0 -0.424242 0
isym: 4 ks_vec: -0.424242 0 0
isym: 5 ks_vec: 0 0.424242 0
starsize: 4
isym: 0 ks_vec: 0.454545 0 0
isym: 1 ks_vec: 0 -0.454545 0
isym: 4 ks_vec: -0.454545 0 0
isym: 5 ks_vec: 0 0.454545 0
starsize: 4
isym: 0 ks_vec: 0.484848 0 0
isym: 1 ks_vec: 0 -0.484848 0
isym: 4 ks_vec: -0.484848 0 0
isym: 5 ks_vec: 0 0.484848 0
starsize: 2
isym: 0 ks_vec: 0.030303 0.030303 0
isym: 1 ks_vec: -0.030303 -0.030303 0
starsize: 4
isym: 0 ks_vec: 0.0606061 0.030303 0
isym: 1 ks_vec: -0.030303 -0.0606061 0
isym: 4 ks_vec: -0.0606061 -0.030303 0
isym: 5 ks_vec: 0.030303 0.0606061 0
starsize: 4
isym: 0 ks_vec: 0.0909091 0.030303 0
isym: 1 ks_vec: -0.030303 -0.0909091 0
isym: 4 ks_vec: -0.0909091 -0.030303 0
isym: 5 ks_vec: 0.030303 0.0909091 0
starsize: 4
isym: 0 ks_vec: 0.121212 0.030303 0
isym: 1 ks_vec: -0.030303 -0.121212 0
isym: 4 ks_vec: -0.121212 -0.030303 0
isym: 5 ks_vec: 0.030303 0.121212 0
starsize: 4
isym: 0 ks_vec: 0.151515 0.030303 0
isym: 1 ks_vec: -0.030303 -0.151515 0
isym: 4 ks_vec: -0.151515 -0.030303 0
isym: 5 ks_vec: 0.030303 0.151515 0
starsize: 4
isym: 0 ks_vec: 0.181818 0.030303 0
isym: 1 ks_vec: -0.030303 -0.181818 0
isym: 4 ks_vec: -0.181818 -0.030303 0
isym: 5 ks_vec: 0.030303 0.181818 0
starsize: 4
isym: 0 ks_vec: 0.212121 0.030303 0
isym: 1 ks_vec: -0.030303 -0.212121 0
isym: 4 ks_vec: -0.212121 -0.030303 0
isym: 5 ks_vec: 0.030303 0.212121 0
starsize: 4
isym: 0 ks_vec: 0.242424 0.030303 0
isym: 1 ks_vec: -0.030303 -0.242424 0
isym: 4 ks_vec: -0.242424 -0.030303 0
isym: 5 ks_vec: 0.030303 0.242424 0
starsize: 4
isym: 0 ks_vec: 0.272727 0.030303 0
isym: 1 ks_vec: -0.030303 -0.272727 0
isym: 4 ks_vec: -0.272727 -0.030303 0
isym: 5 ks_vec: 0.030303 0.272727 0
starsize: 4
isym: 0 ks_vec: 0.30303 0.030303 0
isym: 1 ks_vec: -0.030303 -0.30303 0
isym: 4 ks_vec: -0.30303 -0.030303 0
isym: 5 ks_vec: 0.030303 0.30303 0
starsize: 4
isym: 0 ks_vec: 0.333333 0.030303 0
isym: 1 ks_vec: -0.030303 -0.333333 0
isym: 4 ks_vec: -0.333333 -0.030303 0
isym: 5 ks_vec: 0.030303 0.333333 0
starsize: 4
isym: 0 ks_vec: 0.363636 0.030303 0
isym: 1 ks_vec: -0.030303 -0.363636 0
isym: 4 ks_vec: -0.363636 -0.030303 0
isym: 5 ks_vec: 0.030303 0.363636 0
starsize: 4
isym: 0 ks_vec: 0.393939 0.030303 0
isym: 1 ks_vec: -0.030303 -0.393939 0
isym: 4 ks_vec: -0.393939 -0.030303 0
isym: 5 ks_vec: 0.030303 0.393939 0
starsize: 4
isym: 0 ks_vec: 0.424242 0.030303 0
isym: 1 ks_vec: -0.030303 -0.424242 0
isym: 4 ks_vec: -0.424242 -0.030303 0
isym: 5 ks_vec: 0.030303 0.424242 0
starsize: 4
isym: 0 ks_vec: 0.454545 0.030303 0
isym: 1 ks_vec: -0.030303 -0.454545 0
isym: 4 ks_vec: -0.454545 -0.030303 0
isym: 5 ks_vec: 0.030303 0.454545 0
starsize: 4
isym: 0 ks_vec: 0.484848 0.030303 0
isym: 1 ks_vec: -0.030303 -0.484848 0
isym: 4 ks_vec: -0.484848 -0.030303 0
isym: 5 ks_vec: 0.030303 0.484848 0
starsize: 4
isym: 0 ks_vec: -0.030303 0.484848 0
isym: 1 ks_vec: -0.484848 0.030303 0
isym: 4 ks_vec: 0.030303 -0.484848 0
isym: 5 ks_vec: 0.484848 -0.030303 0
starsize: 4
isym: 0 ks_vec: -0.030303 0.454545 0
isym: 1 ks_vec: -0.454545 0.030303 0
isym: 4 ks_vec: 0.030303 -0.454545 0
isym: 5 ks_vec: 0.454545 -0.030303 0
starsize: 4
isym: 0 ks_vec: -0.030303 0.424242 0
isym: 1 ks_vec: -0.424242 0.030303 0
isym: 4 ks_vec: 0.030303 -0.424242 0
isym: 5 ks_vec: 0.424242 -0.030303 0
starsize: 4
isym: 0 ks_vec: -0.030303 0.393939 0
isym: 1 ks_vec: -0.393939 0.030303 0
isym: 4 ks_vec: 0.030303 -0.393939 0
isym: 5 ks_vec: 0.393939 -0.030303 0
starsize: 4
isym: 0 ks_vec: -0.030303 0.363636 0
isym: 1 ks_vec: -0.363636 0.030303 0
isym: 4 ks_vec: 0.030303 -0.363636 0
isym: 5 ks_vec: 0.363636 -0.030303 0
starsize: 4
isym: 0 ks_vec: -0.030303 0.333333 0
isym: 1 ks_vec: -0.333333 0.030303 0
isym: 4 ks_vec: 0.030303 -0.333333 0
isym: 5 ks_vec: 0.333333 -0.030303 0
starsize: 4
isym: 0 ks_vec: -0.030303 0.30303 0
isym: 1 ks_vec: -0.30303 0.030303 0
isym: 4 ks_vec: 0.030303 -0.30303 0
isym: 5 ks_vec: 0.30303 -0.030303 0
starsize: 4
isym: 0 ks_vec: -0.030303 0.272727 0
isym: 1 ks_vec: -0.272727 0.030303 0
isym: 4 ks_vec: 0.030303 -0.272727 0
isym: 5 ks_vec: 0.272727 -0.030303 0
starsize: 4
isym: 0 ks_vec: -0.030303 0.242424 0
isym: 1 ks_vec: -0.242424 0.030303 0
isym: 4 ks_vec: 0.030303 -0.242424 0
isym: 5 ks_vec: 0.242424 -0.030303 0
starsize: 4
isym: 0 ks_vec: -0.030303 0.212121 0
isym: 1 ks_vec: -0.212121 0.030303 0
isym: 4 ks_vec: 0.030303 -0.212121 0
isym: 5 ks_vec: 0.212121 -0.030303 0
starsize: 4
isym: 0 ks_vec: -0.030303 0.181818 0
isym: 1 ks_vec: -0.181818 0.030303 0
isym: 4 ks_vec: 0.030303 -0.181818 0
isym: 5 ks_vec: 0.181818 -0.030303 0
starsize: 4
isym: 0 ks_vec: -0.030303 0.151515 0
isym: 1 ks_vec: -0.151515 0.030303 0
isym: 4 ks_vec: 0.030303 -0.151515 0
isym: 5 ks_vec: 0.151515 -0.030303 0
starsize: 4
isym: 0 ks_vec: -0.030303 0.121212 0
isym: 1 ks_vec: -0.121212 0.030303 0
isym: 4 ks_vec: 0.030303 -0.121212 0
isym: 5 ks_vec: 0.121212 -0.030303 0
starsize: 4
isym: 0 ks_vec: -0.030303 0.0909091 0
isym: 1 ks_vec: -0.0909091 0.030303 0
isym: 4 ks_vec: 0.030303 -0.0909091 0
isym: 5 ks_vec: 0.0909091 -0.030303 0
starsize: 4
isym: 0 ks_vec: -0.030303 0.0606061 0
isym: 1 ks_vec: -0.0606061 0.030303 0
isym: 4 ks_vec: 0.030303 -0.0606061 0
isym: 5 ks_vec: 0.0606061 -0.030303 0
starsize: 2
isym: 0 ks_vec: -0.030303 0.030303 0
isym: 4 ks_vec: 0.030303 -0.030303 0
starsize: 2
isym: 0 ks_vec: 0.0606061 0.0606061 0
isym: 1 ks_vec: -0.0606061 -0.0606061 0
starsize: 4
isym: 0 ks_vec: 0.0909091 0.0606061 0
isym: 1 ks_vec: -0.0606061 -0.0909091 0
isym: 4 ks_vec: -0.0909091 -0.0606061 0
isym: 5 ks_vec: 0.0606061 0.0909091 0
starsize: 4
isym: 0 ks_vec: 0.121212 0.0606061 0
isym: 1 ks_vec: -0.0606061 -0.121212 0
isym: 4 ks_vec: -0.121212 -0.0606061 0
isym: 5 ks_vec: 0.0606061 0.121212 0
starsize: 4
isym: 0 ks_vec: 0.151515 0.0606061 0
isym: 1 ks_vec: -0.0606061 -0.151515 0
isym: 4 ks_vec: -0.151515 -0.0606061 0
isym: 5 ks_vec: 0.0606061 0.151515 0
starsize: 4
isym: 0 ks_vec: 0.181818 0.0606061 0
isym: 1 ks_vec: -0.0606061 -0.181818 0
isym: 4 ks_vec: -0.181818 -0.0606061 0
isym: 5 ks_vec: 0.0606061 0.181818 0
starsize: 4
isym: 0 ks_vec: 0.212121 0.0606061 0
isym: 1 ks_vec: -0.0606061 -0.212121 0
isym: 4 ks_vec: -0.212121 -0.0606061 0
isym: 5 ks_vec: 0.0606061 0.212121 0
starsize: 4
isym: 0 ks_vec: 0.242424 0.0606061 0
isym: 1 ks_vec: -0.0606061 -0.242424 0
isym: 4 ks_vec: -0.242424 -0.0606061 0
isym: 5 ks_vec: 0.0606061 0.242424 0
starsize: 4
isym: 0 ks_vec: 0.272727 0.0606061 0
isym: 1 ks_vec: -0.0606061 -0.272727 0
isym: 4 ks_vec: -0.272727 -0.0606061 0
isym: 5 ks_vec: 0.0606061 0.272727 0
starsize: 4
isym: 0 ks_vec: 0.30303 0.0606061 0
isym: 1 ks_vec: -0.0606061 -0.30303 0
isym: 4 ks_vec: -0.30303 -0.0606061 0
isym: 5 ks_vec: 0.0606061 0.30303 0
starsize: 4
isym: 0 ks_vec: 0.333333 0.0606061 0
isym: 1 ks_vec: -0.0606061 -0.333333 0
isym: 4 ks_vec: -0.333333 -0.0606061 0
isym: 5 ks_vec: 0.0606061 0.333333 0
starsize: 4
isym: 0 ks_vec: 0.363636 0.0606061 0
isym: 1 ks_vec: -0.0606061 -0.363636 0
isym: 4 ks_vec: -0.363636 -0.0606061 0
isym: 5 ks_vec: 0.0606061 0.363636 0
starsize: 4
isym: 0 ks_vec: 0.393939 0.0606061 0
isym: 1 ks_vec: -0.0606061 -0.393939 0
isym: 4 ks_vec: -0.393939 -0.0606061 0
isym: 5 ks_vec: 0.0606061 0.393939 0
starsize: 4
isym: 0 ks_vec: 0.424242 0.0606061 0
isym: 1 ks_vec: -0.0606061 -0.424242 0
isym: 4 ks_vec: -0.424242 -0.0606061 0
isym: 5 ks_vec: 0.0606061 0.424242 0
starsize: 4
isym: 0 ks_vec: 0.454545 0.0606061 0
isym: 1 ks_vec: -0.0606061 -0.454545 0
isym: 4 ks_vec: -0.454545 -0.0606061 0
isym: 5 ks_vec: 0.0606061 0.454545 0
starsize: 4
isym: 0 ks_vec: 0.484848 0.0606061 0
isym: 1 ks_vec: -0.0606061 -0.484848 0
isym: 4 ks_vec: -0.484848 -0.0606061 0
isym: 5 ks_vec: 0.0606061 0.484848 0
starsize: 4
isym: 0 ks_vec: -0.0606061 0.484848 0
isym: 1 ks_vec: -0.484848 0.0606061 0
isym: 4 ks_vec: 0.0606061 -0.484848 0
isym: 5 ks_vec: 0.484848 -0.0606061 0
starsize: 4
isym: 0 ks_vec: -0.0606061 0.454545 0
isym: 1 ks_vec: -0.454545 0.0606061 0
isym: 4 ks_vec: 0.0606061 -0.454545 0
isym: 5 ks_vec: 0.454545 -0.0606061 0
starsize: 4
isym: 0 ks_vec: -0.0606061 0.424242 0
isym: 1 ks_vec: -0.424242 0.0606061 0
isym: 4 ks_vec: 0.0606061 -0.424242 0
isym: 5 ks_vec: 0.424242 -0.0606061 0
starsize: 4
isym: 0 ks_vec: -0.0606061 0.393939 0
isym: 1 ks_vec: -0.393939 0.0606061 0
isym: 4 ks_vec: 0.0606061 -0.393939 0
isym: 5 ks_vec: 0.393939 -0.0606061 0
starsize: 4
isym: 0 ks_vec: -0.0606061 0.363636 0
isym: 1 ks_vec: -0.363636 0.0606061 0
isym: 4 ks_vec: 0.0606061 -0.363636 0
isym: 5 ks_vec: 0.363636 -0.0606061 0
starsize: 4
isym: 0 ks_vec: -0.0606061 0.333333 0
isym: 1 ks_vec: -0.333333 0.0606061 0
isym: 4 ks_vec: 0.0606061 -0.333333 0
isym: 5 ks_vec: 0.333333 -0.0606061 0
starsize: 4
isym: 0 ks_vec: -0.0606061 0.30303 0
isym: 1 ks_vec: -0.30303 0.0606061 0
isym: 4 ks_vec: 0.0606061 -0.30303 0
isym: 5 ks_vec: 0.30303 -0.0606061 0
starsize: 4
isym: 0 ks_vec: -0.0606061 0.272727 0
isym: 1 ks_vec: -0.272727 0.0606061 0
isym: 4 ks_vec: 0.0606061 -0.272727 0
isym: 5 ks_vec: 0.272727 -0.0606061 0
starsize: 4
isym: 0 ks_vec: -0.0606061 0.242424 0
isym: 1 ks_vec: -0.242424 0.0606061 0
isym: 4 ks_vec: 0.0606061 -0.242424 0
isym: 5 ks_vec: 0.242424 -0.0606061 0
starsize: 4
isym: 0 ks_vec: -0.0606061 0.212121 0
isym: 1 ks_vec: -0.212121 0.0606061 0
isym: 4 ks_vec: 0.0606061 -0.212121 0
isym: 5 ks_vec: 0.212121 -0.0606061 0
starsize: 4
isym: 0 ks_vec: -0.0606061 0.181818 0
isym: 1 ks_vec: -0.181818 0.0606061 0
isym: 4 ks_vec: 0.0606061 -0.181818 0
isym: 5 ks_vec: 0.181818 -0.0606061 0
starsize: 4
isym: 0 ks_vec: -0.0606061 0.151515 0
isym: 1 ks_vec: -0.151515 0.0606061 0
isym: 4 ks_vec: 0.0606061 -0.151515 0
isym: 5 ks_vec: 0.151515 -0.0606061 0
starsize: 4
isym: 0 ks_vec: -0.0606061 0.121212 0
isym: 1 ks_vec: -0.121212 0.0606061 0
isym: 4 ks_vec: 0.0606061 -0.121212 0
isym: 5 ks_vec: 0.121212 -0.0606061 0
starsize: 4
isym: 0 ks_vec: -0.0606061 0.0909091 0
isym: 1 ks_vec: -0.0909091 0.0606061 0
isym: 4 ks_vec: 0.0606061 -0.0909091 0
isym: 5 ks_vec: 0.0909091 -0.0606061 0
starsize: 2
isym: 0 ks_vec: -0.0606061 0.0606061 0
isym: 4 ks_vec: 0.0606061 -0.0606061 0
starsize: 2
isym: 0 ks_vec: 0.0909091 0.0909091 0
isym: 1 ks_vec: -0.0909091 -0.0909091 0
starsize: 4
isym: 0 ks_vec: 0.121212 0.0909091 0
isym: 1 ks_vec: -0.0909091 -0.121212 0
isym: 4 ks_vec: -0.121212 -0.0909091 0
isym: 5 ks_vec: 0.0909091 0.121212 0
starsize: 4
isym: 0 ks_vec: 0.151515 0.0909091 0
isym: 1 ks_vec: -0.0909091 -0.151515 0
isym: 4 ks_vec: -0.151515 -0.0909091 0
isym: 5 ks_vec: 0.0909091 0.151515 0
starsize: 4
isym: 0 ks_vec: 0.181818 0.0909091 0
isym: 1 ks_vec: -0.0909091 -0.181818 0
isym: 4 ks_vec: -0.181818 -0.0909091 0
isym: 5 ks_vec: 0.0909091 0.181818 0
starsize: 4
isym: 0 ks_vec: 0.212121 0.0909091 0
isym: 1 ks_vec: -0.0909091 -0.212121 0
isym: 4 ks_vec: -0.212121 -0.0909091 0
isym: 5 ks_vec: 0.0909091 0.212121 0
starsize: 4
isym: 0 ks_vec: 0.242424 0.0909091 0
isym: 1 ks_vec: -0.0909091 -0.242424 0
isym: 4 ks_vec: -0.242424 -0.0909091 0
isym: 5 ks_vec: 0.0909091 0.242424 0
starsize: 4
isym: 0 ks_vec: 0.272727 0.0909091 0
isym: 1 ks_vec: -0.0909091 -0.272727 0
isym: 4 ks_vec: -0.272727 -0.0909091 0
isym: 5 ks_vec: 0.0909091 0.272727 0
starsize: 4
isym: 0 ks_vec: 0.30303 0.0909091 0
isym: 1 ks_vec: -0.0909091 -0.30303 0
isym: 4 ks_vec: -0.30303 -0.0909091 0
isym: 5 ks_vec: 0.0909091 0.30303 0
starsize: 4
isym: 0 ks_vec: 0.333333 0.0909091 0
isym: 1 ks_vec: -0.0909091 -0.333333 0
isym: 4 ks_vec: -0.333333 -0.0909091 0
isym: 5 ks_vec: 0.0909091 0.333333 0
starsize: 4
isym: 0 ks_vec: 0.363636 0.0909091 0
isym: 1 ks_vec: -0.0909091 -0.363636 0
isym: 4 ks_vec: -0.363636 -0.0909091 0
isym: 5 ks_vec: 0.0909091 0.363636 0
starsize: 4
isym: 0 ks_vec: 0.393939 0.0909091 0
isym: 1 ks_vec: -0.0909091 -0.393939 0
isym: 4 ks_vec: -0.393939 -0.0909091 0
isym: 5 ks_vec: 0.0909091 0.393939 0
starsize: 4
isym: 0 ks_vec: 0.424242 0.0909091 0
isym: 1 ks_vec: -0.0909091 -0.424242 0
isym: 4 ks_vec: -0.424242 -0.0909091 0
isym: 5 ks_vec: 0.0909091 0.424242 0
starsize: 4
isym: 0 ks_vec: 0.454545 0.0909091 0
isym: 1 ks_vec: -0.0909091 -0.454545 0
isym: 4 ks_vec: -0.454545 -0.0909091 0
isym: 5 ks_vec: 0.0909091 0.454545 0
starsize: 4
isym: 0 ks_vec: 0.484848 0.0909091 0
isym: 1 ks_vec: -0.0909091 -0.484848 0
isym: 4 ks_vec: -0.484848 -0.0909091 0
isym: 5 ks_vec: 0.0909091 0.484848 0
starsize: 4
isym: 0 ks_vec: -0.0909091 0.484848 0
isym: 1 ks_vec: -0.484848 0.0909091 0
isym: 4 ks_vec: 0.0909091 -0.484848 0
isym: 5 ks_vec: 0.484848 -0.0909091 0
starsize: 4
isym: 0 ks_vec: -0.0909091 0.454545 0
isym: 1 ks_vec: -0.454545 0.0909091 0
isym: 4 ks_vec: 0.0909091 -0.454545 0
isym: 5 ks_vec: 0.454545 -0.0909091 0
starsize: 4
isym: 0 ks_vec: -0.0909091 0.424242 0
isym: 1 ks_vec: -0.424242 0.0909091 0
isym: 4 ks_vec: 0.0909091 -0.424242 0
isym: 5 ks_vec: 0.424242 -0.0909091 0
starsize: 4
isym: 0 ks_vec: -0.0909091 0.393939 0
isym: 1 ks_vec: -0.393939 0.0909091 0
isym: 4 ks_vec: 0.0909091 -0.393939 0
isym: 5 ks_vec: 0.393939 -0.0909091 0
starsize: 4
isym: 0 ks_vec: -0.0909091 0.363636 0
isym: 1 ks_vec: -0.363636 0.0909091 0
isym: 4 ks_vec: 0.0909091 -0.363636 0
isym: 5 ks_vec: 0.363636 -0.0909091 0
starsize: 4
isym: 0 ks_vec: -0.0909091 0.333333 0
isym: 1 ks_vec: -0.333333 0.0909091 0
isym: 4 ks_vec: 0.0909091 -0.333333 0
isym: 5 ks_vec: 0.333333 -0.0909091 0
starsize: 4
isym: 0 ks_vec: -0.0909091 0.30303 0
isym: 1 ks_vec: -0.30303 0.0909091 0
isym: 4 ks_vec: 0.0909091 -0.30303 0
isym: 5 ks_vec: 0.30303 -0.0909091 0
starsize: 4
isym: 0 ks_vec: -0.0909091 0.272727 0
isym: 1 ks_vec: -0.272727 0.0909091 0
isym: 4 ks_vec: 0.0909091 -0.272727 0
isym: 5 ks_vec: 0.272727 -0.0909091 0
starsize: 4
isym: 0 ks_vec: -0.0909091 0.242424 0
isym: 1 ks_vec: -0.242424 0.0909091 0
isym: 4 ks_vec: 0.0909091 -0.242424 0
isym: 5 ks_vec: 0.242424 -0.0909091 0
starsize: 4
isym: 0 ks_vec: -0.0909091 0.212121 0
isym: 1 ks_vec: -0.212121 0.0909091 0
isym: 4 ks_vec: 0.0909091 -0.212121 0
isym: 5 ks_vec: 0.212121 -0.0909091 0
starsize: 4
isym: 0 ks_vec: -0.0909091 0.181818 0
isym: 1 ks_vec: -0.181818 0.0909091 0
isym: 4 ks_vec: 0.0909091 -0.181818 0
isym: 5 ks_vec: 0.181818 -0.0909091 0
starsize: 4
isym: 0 ks_vec: -0.0909091 0.151515 0
isym: 1 ks_vec: -0.151515 0.0909091 0
isym: 4 ks_vec: 0.0909091 -0.151515 0
isym: 5 ks_vec: 0.151515 -0.0909091 0
starsize: 4
isym: 0 ks_vec: -0.0909091 0.121212 0
isym: 1 ks_vec: -0.121212 0.0909091 0
isym: 4 ks_vec: 0.0909091 -0.121212 0
isym: 5 ks_vec: 0.121212 -0.0909091 0
starsize: 2
isym: 0 ks_vec: -0.0909091 0.0909091 0
isym: 4 ks_vec: 0.0909091 -0.0909091 0
starsize: 2
isym: 0 ks_vec: 0.121212 0.121212 0
isym: 1 ks_vec: -0.121212 -0.121212 0
starsize: 4
isym: 0 ks_vec: 0.151515 0.121212 0
isym: 1 ks_vec: -0.121212 -0.151515 0
isym: 4 ks_vec: -0.151515 -0.121212 0
isym: 5 ks_vec: 0.121212 0.151515 0
starsize: 4
isym: 0 ks_vec: 0.181818 0.121212 0
isym: 1 ks_vec: -0.121212 -0.181818 0
isym: 4 ks_vec: -0.181818 -0.121212 0
isym: 5 ks_vec: 0.121212 0.181818 0
starsize: 4
isym: 0 ks_vec: 0.212121 0.121212 0
isym: 1 ks_vec: -0.121212 -0.212121 0
isym: 4 ks_vec: -0.212121 -0.121212 0
isym: 5 ks_vec: 0.121212 0.212121 0
starsize: 4
isym: 0 ks_vec: 0.242424 0.121212 0
isym: 1 ks_vec: -0.121212 -0.242424 0
isym: 4 ks_vec: -0.242424 -0.121212 0
isym: 5 ks_vec: 0.121212 0.242424 0
starsize: 4
isym: 0 ks_vec: 0.272727 0.121212 0
isym: 1 ks_vec: -0.121212 -0.272727 0
isym: 4 ks_vec: -0.272727 -0.121212 0
isym: 5 ks_vec: 0.121212 0.272727 0
starsize: 4
isym: 0 ks_vec: 0.30303 0.121212 0
isym: 1 ks_vec: -0.121212 -0.30303 0
isym: 4 ks_vec: -0.30303 -0.121212 0
isym: 5 ks_vec: 0.121212 0.30303 0
starsize: 4
isym: 0 ks_vec: 0.333333 0.121212 0
isym: 1 ks_vec: -0.121212 -0.333333 0
isym: 4 ks_vec: -0.333333 -0.121212 0
isym: 5 ks_vec: 0.121212 0.333333 0
starsize: 4
isym: 0 ks_vec: 0.363636 0.121212 0
isym: 1 ks_vec: -0.121212 -0.363636 0
isym: 4 ks_vec: -0.363636 -0.121212 0
isym: 5 ks_vec: 0.121212 0.363636 0
starsize: 4
isym: 0 ks_vec: 0.393939 0.121212 0
isym: 1 ks_vec: -0.121212 -0.393939 0
isym: 4 ks_vec: -0.393939 -0.121212 0
isym: 5 ks_vec: 0.121212 0.393939 0
starsize: 4
isym: 0 ks_vec: 0.424242 0.121212 0
isym: 1 ks_vec: -0.121212 -0.424242 0
isym: 4 ks_vec: -0.424242 -0.121212 0
isym: 5 ks_vec: 0.121212 0.424242 0
starsize: 4
isym: 0 ks_vec: 0.454545 0.121212 0
isym: 1 ks_vec: -0.121212 -0.454545 0
isym: 4 ks_vec: -0.454545 -0.121212 0
isym: 5 ks_vec: 0.121212 0.454545 0
starsize: 4
isym: 0 ks_vec: 0.484848 0.121212 0
isym: 1 ks_vec: -0.121212 -0.484848 0
isym: 4 ks_vec: -0.484848 -0.121212 0
isym: 5 ks_vec: 0.121212 0.484848 0
starsize: 4
isym: 0 ks_vec: -0.121212 0.484848 0
isym: 1 ks_vec: -0.484848 0.121212 0
isym: 4 ks_vec: 0.121212 -0.484848 0
isym: 5 ks_vec: 0.484848 -0.121212 0
starsize: 4
isym: 0 ks_vec: -0.121212 0.454545 0
isym: 1 ks_vec: -0.454545 0.121212 0
isym: 4 ks_vec: 0.121212 -0.454545 0
isym: 5 ks_vec: 0.454545 -0.121212 0
starsize: 4
isym: 0 ks_vec: -0.121212 0.424242 0
isym: 1 ks_vec: -0.424242 0.121212 0
isym: 4 ks_vec: 0.121212 -0.424242 0
isym: 5 ks_vec: 0.424242 -0.121212 0
starsize: 4
isym: 0 ks_vec: -0.121212 0.393939 0
isym: 1 ks_vec: -0.393939 0.121212 0
isym: 4 ks_vec: 0.121212 -0.393939 0
isym: 5 ks_vec: 0.393939 -0.121212 0
starsize: 4
isym: 0 ks_vec: -0.121212 0.363636 0
isym: 1 ks_vec: -0.363636 0.121212 0
isym: 4 ks_vec: 0.121212 -0.363636 0
isym: 5 ks_vec: 0.363636 -0.121212 0
starsize: 4
isym: 0 ks_vec: -0.121212 0.333333 0
isym: 1 ks_vec: -0.333333 0.121212 0
isym: 4 ks_vec: 0.121212 -0.333333 0
isym: 5 ks_vec: 0.333333 -0.121212 0
starsize: 4
isym: 0 ks_vec: -0.121212 0.30303 0
isym: 1 ks_vec: -0.30303 0.121212 0
isym: 4 ks_vec: 0.121212 -0.30303 0
isym: 5 ks_vec: 0.30303 -0.121212 0
starsize: 4
isym: 0 ks_vec: -0.121212 0.272727 0
isym: 1 ks_vec: -0.272727 0.121212 0
isym: 4 ks_vec: 0.121212 -0.272727 0
isym: 5 ks_vec: 0.272727 -0.121212 0
starsize: 4
isym: 0 ks_vec: -0.121212 0.242424 0
isym: 1 ks_vec: -0.242424 0.121212 0
isym: 4 ks_vec: 0.121212 -0.242424 0
isym: 5 ks_vec: 0.242424 -0.121212 0
starsize: 4
isym: 0 ks_vec: -0.121212 0.212121 0
isym: 1 ks_vec: -0.212121 0.121212 0
isym: 4 ks_vec: 0.121212 -0.212121 0
isym: 5 ks_vec: 0.212121 -0.121212 0
starsize: 4
isym: 0 ks_vec: -0.121212 0.181818 0
isym: 1 ks_vec: -0.181818 0.121212 0
isym: 4 ks_vec: 0.121212 -0.181818 0
isym: 5 ks_vec: 0.181818 -0.121212 0
starsize: 4
isym: 0 ks_vec: -0.121212 0.151515 0
isym: 1 ks_vec: -0.151515 0.121212 0
isym: 4 ks_vec: 0.121212 -0.151515 0
isym: 5 ks_vec: 0.151515 -0.121212 0
starsize: 2
isym: 0 ks_vec: -0.121212 0.121212 0
isym: 4 ks_vec: 0.121212 -0.121212 0
starsize: 2
isym: 0 ks_vec: 0.151515 0.151515 0
isym: 1 ks_vec: -0.151515 -0.151515 0
starsize: 4
isym: 0 ks_vec: 0.181818 0.151515 0
isym: 1 ks_vec: -0.151515 -0.181818 0
isym: 4 ks_vec: -0.181818 -0.151515 0
isym: 5 ks_vec: 0.151515 0.181818 0
starsize: 4
isym: 0 ks_vec: 0.212121 0.151515 0
isym: 1 ks_vec: -0.151515 -0.212121 0
isym: 4 ks_vec: -0.212121 -0.151515 0
isym: 5 ks_vec: 0.151515 0.212121 0
starsize: 4
isym: 0 ks_vec: 0.242424 0.151515 0
isym: 1 ks_vec: -0.151515 -0.242424 0
isym: 4 ks_vec: -0.242424 -0.151515 0
isym: 5 ks_vec: 0.151515 0.242424 0
starsize: 4
isym: 0 ks_vec: 0.272727 0.151515 0
isym: 1 ks_vec: -0.151515 -0.272727 0
isym: 4 ks_vec: -0.272727 -0.151515 0
isym: 5 ks_vec: 0.151515 0.272727 0
starsize: 4
isym: 0 ks_vec: 0.30303 0.151515 0
isym: 1 ks_vec: -0.151515 -0.30303 0
isym: 4 ks_vec: -0.30303 -0.151515 0
isym: 5 ks_vec: 0.151515 0.30303 0
starsize: 4
isym: 0 ks_vec: 0.333333 0.151515 0
isym: 1 ks_vec: -0.151515 -0.333333 0
isym: 4 ks_vec: -0.333333 -0.151515 0
isym: 5 ks_vec: 0.151515 0.333333 0
starsize: 4
isym: 0 ks_vec: 0.363636 0.151515 0
isym: 1 ks_vec: -0.151515 -0.363636 0
isym: 4 ks_vec: -0.363636 -0.151515 0
isym: 5 ks_vec: 0.151515 0.363636 0
starsize: 4
isym: 0 ks_vec: 0.393939 0.151515 0
isym: 1 ks_vec: -0.151515 -0.393939 0
isym: 4 ks_vec: -0.393939 -0.151515 0
isym: 5 ks_vec: 0.151515 0.393939 0
starsize: 4
isym: 0 ks_vec: 0.424242 0.151515 0
isym: 1 ks_vec: -0.151515 -0.424242 0
isym: 4 ks_vec: -0.424242 -0.151515 0
isym: 5 ks_vec: 0.151515 0.424242 0
starsize: 4
isym: 0 ks_vec: 0.454545 0.151515 0
isym: 1 ks_vec: -0.151515 -0.454545 0
isym: 4 ks_vec: -0.454545 -0.151515 0
isym: 5 ks_vec: 0.151515 0.454545 0
starsize: 4
isym: 0 ks_vec: 0.484848 0.151515 0
isym: 1 ks_vec: -0.151515 -0.484848 0
isym: 4 ks_vec: -0.484848 -0.151515 0
isym: 5 ks_vec: 0.151515 0.484848 0
starsize: 4
isym: 0 ks_vec: -0.151515 0.484848 0
isym: 1 ks_vec: -0.484848 0.151515 0
isym: 4 ks_vec: 0.151515 -0.484848 0
isym: 5 ks_vec: 0.484848 -0.151515 0
starsize: 4
isym: 0 ks_vec: -0.151515 0.454545 0
isym: 1 ks_vec: -0.454545 0.151515 0
isym: 4 ks_vec: 0.151515 -0.454545 0
isym: 5 ks_vec: 0.454545 -0.151515 0
starsize: 4
isym: 0 ks_vec: -0.151515 0.424242 0
isym: 1 ks_vec: -0.424242 0.151515 0
isym: 4 ks_vec: 0.151515 -0.424242 0
isym: 5 ks_vec: 0.424242 -0.151515 0
starsize: 4
isym: 0 ks_vec: -0.151515 0.393939 0
isym: 1 ks_vec: -0.393939 0.151515 0
isym: 4 ks_vec: 0.151515 -0.393939 0
isym: 5 ks_vec: 0.393939 -0.151515 0
starsize: 4
isym: 0 ks_vec: -0.151515 0.363636 0
isym: 1 ks_vec: -0.363636 0.151515 0
isym: 4 ks_vec: 0.151515 -0.363636 0
isym: 5 ks_vec: 0.363636 -0.151515 0
starsize: 4
isym: 0 ks_vec: -0.151515 0.333333 0
isym: 1 ks_vec: -0.333333 0.151515 0
isym: 4 ks_vec: 0.151515 -0.333333 0
isym: 5 ks_vec: 0.333333 -0.151515 0
starsize: 4
isym: 0 ks_vec: -0.151515 0.30303 0
isym: 1 ks_vec: -0.30303 0.151515 0
isym: 4 ks_vec: 0.151515 -0.30303 0
isym: 5 ks_vec: 0.30303 -0.151515 0
starsize: 4
isym: 0 ks_vec: -0.151515 0.272727 0
isym: 1 ks_vec: -0.272727 0.151515 0
isym: 4 ks_vec: 0.151515 -0.272727 0
isym: 5 ks_vec: 0.272727 -0.151515 0
starsize: 4
isym: 0 ks_vec: -0.151515 0.242424 0
isym: 1 ks_vec: -0.242424 0.151515 0
isym: 4 ks_vec: 0.151515 -0.242424 0
isym: 5 ks_vec: 0.242424 -0.151515 0
starsize: 4
isym: 0 ks_vec: -0.151515 0.212121 0
isym: 1 ks_vec: -0.212121 0.151515 0
isym: 4 ks_vec: 0.151515 -0.212121 0
isym: 5 ks_vec: 0.212121 -0.151515 0
starsize: 4
isym: 0 ks_vec: -0.151515 0.181818 0
isym: 1 ks_vec: -0.181818 0.151515 0
isym: 4 ks_vec: 0.151515 -0.181818 0
isym: 5 ks_vec: 0.181818 -0.151515 0
starsize: 2
isym: 0 ks_vec: -0.151515 0.151515 0
isym: 4 ks_vec: 0.151515 -0.151515 0
starsize: 2
isym: 0 ks_vec: 0.181818 0.181818 0
isym: 1 ks_vec: -0.181818 -0.181818 0
starsize: 4
isym: 0 ks_vec: 0.212121 0.181818 0
isym: 1 ks_vec: -0.181818 -0.212121 0
isym: 4 ks_vec: -0.212121 -0.181818 0
isym: 5 ks_vec: 0.181818 0.212121 0
starsize: 4
isym: 0 ks_vec: 0.242424 0.181818 0
isym: 1 ks_vec: -0.181818 -0.242424 0
isym: 4 ks_vec: -0.242424 -0.181818 0
isym: 5 ks_vec: 0.181818 0.242424 0
starsize: 4
isym: 0 ks_vec: 0.272727 0.181818 0
isym: 1 ks_vec: -0.181818 -0.272727 0
isym: 4 ks_vec: -0.272727 -0.181818 0
isym: 5 ks_vec: 0.181818 0.272727 0
starsize: 4
isym: 0 ks_vec: 0.30303 0.181818 0
isym: 1 ks_vec: -0.181818 -0.30303 0
isym: 4 ks_vec: -0.30303 -0.181818 0
isym: 5 ks_vec: 0.181818 0.30303 0
starsize: 4
isym: 0 ks_vec: 0.333333 0.181818 0
isym: 1 ks_vec: -0.181818 -0.333333 0
isym: 4 ks_vec: -0.333333 -0.181818 0
isym: 5 ks_vec: 0.181818 0.333333 0
starsize: 4
isym: 0 ks_vec: 0.363636 0.181818 0
isym: 1 ks_vec: -0.181818 -0.363636 0
isym: 4 ks_vec: -0.363636 -0.181818 0
isym: 5 ks_vec: 0.181818 0.363636 0
starsize: 4
isym: 0 ks_vec: 0.393939 0.181818 0
isym: 1 ks_vec: -0.181818 -0.393939 0
isym: 4 ks_vec: -0.393939 -0.181818 0
isym: 5 ks_vec: 0.181818 0.393939 0
starsize: 4
isym: 0 ks_vec: 0.424242 0.181818 0
isym: 1 ks_vec: -0.181818 -0.424242 0
isym: 4 ks_vec: -0.424242 -0.181818 0
isym: 5 ks_vec: 0.181818 0.424242 0
starsize: 4
isym: 0 ks_vec: 0.454545 0.181818 0
isym: 1 ks_vec: -0.181818 -0.454545 0
isym: 4 ks_vec: -0.454545 -0.181818 0
isym: 5 ks_vec: 0.181818 0.454545 0
starsize: 4
isym: 0 ks_vec: 0.484848 0.181818 0
isym: 1 ks_vec: -0.181818 -0.484848 0
isym: 4 ks_vec: -0.484848 -0.181818 0
isym: 5 ks_vec: 0.181818 0.484848 0
starsize: 4
isym: 0 ks_vec: -0.181818 0.484848 0
isym: 1 ks_vec: -0.484848 0.181818 0
isym: 4 ks_vec: 0.181818 -0.484848 0
isym: 5 ks_vec: 0.484848 -0.181818 0
starsize: 4
isym: 0 ks_vec: -0.181818 0.454545 0
isym: 1 ks_vec: -0.454545 0.181818 0
isym: 4 ks_vec: 0.181818 -0.454545 0
isym: 5 ks_vec: 0.454545 -0.181818 0
starsize: 4
isym: 0 ks_vec: -0.181818 0.424242 0
isym: 1 ks_vec: -0.424242 0.181818 0
isym: 4 ks_vec: 0.181818 -0.424242 0
isym: 5 ks_vec: 0.424242 -0.181818 0
starsize: 4
isym: 0 ks_vec: -0.181818 0.393939 0
isym: 1 ks_vec: -0.393939 0.181818 0
isym: 4 ks_vec: 0.181818 -0.393939 0
isym: 5 ks_vec: 0.393939 -0.181818 0
starsize: 4
isym: 0 ks_vec: -0.181818 0.363636 0
isym: 1 ks_vec: -0.363636 0.181818 0
isym: 4 ks_vec: 0.181818 -0.363636 0
isym: 5 ks_vec: 0.363636 -0.181818 0
starsize: 4
isym: 0 ks_vec: -0.181818 0.333333 0
isym: 1 ks_vec: -0.333333 0.181818 0
isym: 4 ks_vec: 0.181818 -0.333333 0
isym: 5 ks_vec: 0.333333 -0.181818 0
starsize: 4
isym: 0 ks_vec: -0.181818 0.30303 0
isym: 1 ks_vec: -0.30303 0.181818 0
isym: 4 ks_vec: 0.181818 -0.30303 0
isym: 5 ks_vec: 0.30303 -0.181818 0
starsize: 4
isym: 0 ks_vec: -0.181818 0.272727 0
isym: 1 ks_vec: -0.272727 0.181818 0
isym: 4 ks_vec: 0.181818 -0.272727 0
isym: 5 ks_vec: 0.272727 -0.181818 0
starsize: 4
isym: 0 ks_vec: -0.181818 0.242424 0
isym: 1 ks_vec: -0.242424 0.181818 0
isym: 4 ks_vec: 0.181818 -0.242424 0
isym: 5 ks_vec: 0.242424 -0.181818 0
starsize: 4
isym: 0 ks_vec: -0.181818 0.212121 0
isym: 1 ks_vec: -0.212121 0.181818 0
isym: 4 ks_vec: 0.181818 -0.212121 0
isym: 5 ks_vec: 0.212121 -0.181818 0
starsize: 2
isym: 0 ks_vec: -0.181818 0.181818 0
isym: 4 ks_vec: 0.181818 -0.181818 0
starsize: 2
isym: 0 ks_vec: 0.212121 0.212121 0
isym: 1 ks_vec: -0.212121 -0.212121 0
starsize: 4
isym: 0 ks_vec: 0.242424 0.212121 0
isym: 1 ks_vec: -0.212121 -0.242424 0
isym: 4 ks_vec: -0.242424 -0.212121 0
isym: 5 ks_vec: 0.212121 0.242424 0
starsize: 4
isym: 0 ks_vec: 0.272727 0.212121 0
isym: 1 ks_vec: -0.212121 -0.272727 0
isym: 4 ks_vec: -0.272727 -0.212121 0
isym: 5 ks_vec: 0.212121 0.272727 0
starsize: 4
isym: 0 ks_vec: 0.30303 0.212121 0
isym: 1 ks_vec: -0.212121 -0.30303 0
isym: 4 ks_vec: -0.30303 -0.212121 0
isym: 5 ks_vec: 0.212121 0.30303 0
starsize: 4
isym: 0 ks_vec: 0.333333 0.212121 0
isym: 1 ks_vec: -0.212121 -0.333333 0
isym: 4 ks_vec: -0.333333 -0.212121 0
isym: 5 ks_vec: 0.212121 0.333333 0
starsize: 4
isym: 0 ks_vec: 0.363636 0.212121 0
isym: 1 ks_vec: -0.212121 -0.363636 0
isym: 4 ks_vec: -0.363636 -0.212121 0
isym: 5 ks_vec: 0.212121 0.363636 0
starsize: 4
isym: 0 ks_vec: 0.393939 0.212121 0
isym: 1 ks_vec: -0.212121 -0.393939 0
isym: 4 ks_vec: -0.393939 -0.212121 0
isym: 5 ks_vec: 0.212121 0.393939 0
starsize: 4
isym: 0 ks_vec: 0.424242 0.212121 0
isym: 1 ks_vec: -0.212121 -0.424242 0
isym: 4 ks_vec: -0.424242 -0.212121 0
isym: 5 ks_vec: 0.212121 0.424242 0
starsize: 4
isym: 0 ks_vec: 0.454545 0.212121 0
isym: 1 ks_vec: -0.212121 -0.454545 0
isym: 4 ks_vec: -0.454545 -0.212121 0
isym: 5 ks_vec: 0.212121 0.454545 0
starsize: 4
isym: 0 ks_vec: 0.484848 0.212121 0
isym: 1 ks_vec: -0.212121 -0.484848 0
isym: 4 ks_vec: -0.484848 -0.212121 0
isym: 5 ks_vec: 0.212121 0.484848 0
starsize: 4
isym: 0 ks_vec: -0.212121 0.484848 0
isym: 1 ks_vec: -0.484848 0.212121 0
isym: 4 ks_vec: 0.212121 -0.484848 0
isym: 5 ks_vec: 0.484848 -0.212121 0
starsize: 4
isym: 0 ks_vec: -0.212121 0.454545 0
isym: 1 ks_vec: -0.454545 0.212121 0
isym: 4 ks_vec: 0.212121 -0.454545 0
isym: 5 ks_vec: 0.454545 -0.212121 0
starsize: 4
isym: 0 ks_vec: -0.212121 0.424242 0
isym: 1 ks_vec: -0.424242 0.212121 0
isym: 4 ks_vec: 0.212121 -0.424242 0
isym: 5 ks_vec: 0.424242 -0.212121 0
starsize: 4
isym: 0 ks_vec: -0.212121 0.393939 0
isym: 1 ks_vec: -0.393939 0.212121 0
isym: 4 ks_vec: 0.212121 -0.393939 0
isym: 5 ks_vec: 0.393939 -0.212121 0
starsize: 4
isym: 0 ks_vec: -0.212121 0.363636 0
isym: 1 ks_vec: -0.363636 0.212121 0
isym: 4 ks_vec: 0.212121 -0.363636 0
isym: 5 ks_vec: 0.363636 -0.212121 0
starsize: 4
isym: 0 ks_vec: -0.212121 0.333333 0
isym: 1 ks_vec: -0.333333 0.212121 0
isym: 4 ks_vec: 0.212121 -0.333333 0
isym: 5 ks_vec: 0.333333 -0.212121 0
starsize: 4
isym: 0 ks_vec: -0.212121 0.30303 0
isym: 1 ks_vec: -0.30303 0.212121 0
isym: 4 ks_vec: 0.212121 -0.30303 0
isym: 5 ks_vec: 0.30303 -0.212121 0
starsize: 4
isym: 0 ks_vec: -0.212121 0.272727 0
isym: 1 ks_vec: -0.272727 0.212121 0
isym: 4 ks_vec: 0.212121 -0.272727 0
isym: 5 ks_vec: 0.272727 -0.212121 0
starsize: 4
isym: 0 ks_vec: -0.212121 0.242424 0
isym: 1 ks_vec: -0.242424 0.212121 0
isym: 4 ks_vec: 0.212121 -0.242424 0
isym: 5 ks_vec: 0.242424 -0.212121 0
starsize: 2
isym: 0 ks_vec: -0.212121 0.212121 0
isym: 4 ks_vec: 0.212121 -0.212121 0
starsize: 2
isym: 0 ks_vec: 0.242424 0.242424 0
isym: 1 ks_vec: -0.242424 -0.242424 0
starsize: 4
isym: 0 ks_vec: 0.272727 0.242424 0
isym: 1 ks_vec: -0.242424 -0.272727 0
isym: 4 ks_vec: -0.272727 -0.242424 0
isym: 5 ks_vec: 0.242424 0.272727 0
starsize: 4
isym: 0 ks_vec: 0.30303 0.242424 0
isym: 1 ks_vec: -0.242424 -0.30303 0
isym: 4 ks_vec: -0.30303 -0.242424 0
isym: 5 ks_vec: 0.242424 0.30303 0
starsize: 4
isym: 0 ks_vec: 0.333333 0.242424 0
isym: 1 ks_vec: -0.242424 -0.333333 0
isym: 4 ks_vec: -0.333333 -0.242424 0
isym: 5 ks_vec: 0.242424 0.333333 0
starsize: 4
isym: 0 ks_vec: 0.363636 0.242424 0
isym: 1 ks_vec: -0.242424 -0.363636 0
isym: 4 ks_vec: -0.363636 -0.242424 0
isym: 5 ks_vec: 0.242424 0.363636 0
starsize: 4
isym: 0 ks_vec: 0.393939 0.242424 0
isym: 1 ks_vec: -0.242424 -0.393939 0
isym: 4 ks_vec: -0.393939 -0.242424 0
isym: 5 ks_vec: 0.242424 0.393939 0
starsize: 4
isym: 0 ks_vec: 0.424242 0.242424 0
isym: 1 ks_vec: -0.242424 -0.424242 0
isym: 4 ks_vec: -0.424242 -0.242424 0
isym: 5 ks_vec: 0.242424 0.424242 0
starsize: 4
isym: 0 ks_vec: 0.454545 0.242424 0
isym: 1 ks_vec: -0.242424 -0.454545 0
isym: 4 ks_vec: -0.454545 -0.242424 0
isym: 5 ks_vec: 0.242424 0.454545 0
starsize: 4
isym: 0 ks_vec: 0.484848 0.242424 0
isym: 1 ks_vec: -0.242424 -0.484848 0
isym: 4 ks_vec: -0.484848 -0.242424 0
isym: 5 ks_vec: 0.242424 0.484848 0
starsize: 4
isym: 0 ks_vec: -0.242424 0.484848 0
isym: 1 ks_vec: -0.484848 0.242424 0
isym: 4 ks_vec: 0.242424 -0.484848 0
isym: 5 ks_vec: 0.484848 -0.242424 0
starsize: 4
isym: 0 ks_vec: -0.242424 0.454545 0
isym: 1 ks_vec: -0.454545 0.242424 0
isym: 4 ks_vec: 0.242424 -0.454545 0
isym: 5 ks_vec: 0.454545 -0.242424 0
starsize: 4
isym: 0 ks_vec: -0.242424 0.424242 0
isym: 1 ks_vec: -0.424242 0.242424 0
isym: 4 ks_vec: 0.242424 -0.424242 0
isym: 5 ks_vec: 0.424242 -0.242424 0
starsize: 4
isym: 0 ks_vec: -0.242424 0.393939 0
isym: 1 ks_vec: -0.393939 0.242424 0
isym: 4 ks_vec: 0.242424 -0.393939 0
isym: 5 ks_vec: 0.393939 -0.242424 0
starsize: 4
isym: 0 ks_vec: -0.242424 0.363636 0
isym: 1 ks_vec: -0.363636 0.242424 0
isym: 4 ks_vec: 0.242424 -0.363636 0
isym: 5 ks_vec: 0.363636 -0.242424 0
starsize: 4
isym: 0 ks_vec: -0.242424 0.333333 0
isym: 1 ks_vec: -0.333333 0.242424 0
isym: 4 ks_vec: 0.242424 -0.333333 0
isym: 5 ks_vec: 0.333333 -0.242424 0
starsize: 4
isym: 0 ks_vec: -0.242424 0.30303 0
isym: 1 ks_vec: -0.30303 0.242424 0
isym: 4 ks_vec: 0.242424 -0.30303 0
isym: 5 ks_vec: 0.30303 -0.242424 0
starsize: 4
isym: 0 ks_vec: -0.242424 0.272727 0
isym: 1 ks_vec: -0.272727 0.242424 0
isym: 4 ks_vec: 0.242424 -0.272727 0
isym: 5 ks_vec: 0.272727 -0.242424 0
starsize: 2
isym: 0 ks_vec: -0.242424 0.242424 0
isym: 4 ks_vec: 0.242424 -0.242424 0
starsize: 2
isym: 0 ks_vec: 0.272727 0.272727 0
isym: 1 ks_vec: -0.272727 -0.272727 0
starsize: 4
isym: 0 ks_vec: 0.30303 0.272727 0
isym: 1 ks_vec: -0.272727 -0.30303 0
isym: 4 ks_vec: -0.30303 -0.272727 0
isym: 5 ks_vec: 0.272727 0.30303 0
starsize: 4
isym: 0 ks_vec: 0.333333 0.272727 0
isym: 1 ks_vec: -0.272727 -0.333333 0
isym: 4 ks_vec: -0.333333 -0.272727 0
isym: 5 ks_vec: 0.272727 0.333333 0
starsize: 4
isym: 0 ks_vec: 0.363636 0.272727 0
isym: 1 ks_vec: -0.272727 -0.363636 0
isym: 4 ks_vec: -0.363636 -0.272727 0
isym: 5 ks_vec: 0.272727 0.363636 0
starsize: 4
isym: 0 ks_vec: 0.393939 0.272727 0
isym: 1 ks_vec: -0.272727 -0.393939 0
isym: 4 ks_vec: -0.393939 -0.272727 0
isym: 5 ks_vec: 0.272727 0.393939 0
starsize: 4
isym: 0 ks_vec: 0.424242 0.272727 0
isym: 1 ks_vec: -0.272727 -0.424242 0
isym: 4 ks_vec: -0.424242 -0.272727 0
isym: 5 ks_vec: 0.272727 0.424242 0
starsize: 4
isym: 0 ks_vec: 0.454545 0.272727 0
isym: 1 ks_vec: -0.272727 -0.454545 0
isym: 4 ks_vec: -0.454545 -0.272727 0
isym: 5 ks_vec: 0.272727 0.454545 0
starsize: 4
isym: 0 ks_vec: 0.484848 0.272727 0
isym: 1 ks_vec: -0.272727 -0.484848 0
isym: 4 ks_vec: -0.484848 -0.272727 0
isym: 5 ks_vec: 0.272727 0.484848 0
starsize: 4
isym: 0 ks_vec: -0.272727 0.484848 0
isym: 1 ks_vec: -0.484848 0.272727 0
isym: 4 ks_vec: 0.272727 -0.484848 0
isym: 5 ks_vec: 0.484848 -0.272727 0
starsize: 4
isym: 0 ks_vec: -0.272727 0.454545 0
isym: 1 ks_vec: -0.454545 0.272727 0
isym: 4 ks_vec: 0.272727 -0.454545 0
isym: 5 ks_vec: 0.454545 -0.272727 0
starsize: 4
isym: 0 ks_vec: -0.272727 0.424242 0
isym: 1 ks_vec: -0.424242 0.272727 0
isym: 4 ks_vec: 0.272727 -0.424242 0
isym: 5 ks_vec: 0.424242 -0.272727 0
starsize: 4
isym: 0 ks_vec: -0.272727 0.393939 0
isym: 1 ks_vec: -0.393939 0.272727 0
isym: 4 ks_vec: 0.272727 -0.393939 0
isym: 5 ks_vec: 0.393939 -0.272727 0
starsize: 4
isym: 0 ks_vec: -0.272727 0.363636 0
isym: 1 ks_vec: -0.363636 0.272727 0
isym: 4 ks_vec: 0.272727 -0.363636 0
isym: 5 ks_vec: 0.363636 -0.272727 0
starsize: 4
isym: 0 ks_vec: -0.272727 0.333333 0
isym: 1 ks_vec: -0.333333 0.272727 0
isym: 4 ks_vec: 0.272727 -0.333333 0
isym: 5 ks_vec: 0.333333 -0.272727 0
starsize: 4
isym: 0 ks_vec: -0.272727 0.30303 0
isym: 1 ks_vec: -0.30303 0.272727 0
isym: 4 ks_vec: 0.272727 -0.30303 0
isym: 5 ks_vec: 0.30303 -0.272727 0
starsize: 2
isym: 0 ks_vec: -0.272727 0.272727 0
isym: 4 ks_vec: 0.272727 -0.272727 0
starsize: 2
isym: 0 ks_vec: 0.30303 0.30303 0
isym: 1 ks_vec: -0.30303 -0.30303 0
starsize: 4
isym: 0 ks_vec: 0.333333 0.30303 0
isym: 1 ks_vec: -0.30303 -0.333333 0
isym: 4 ks_vec: -0.333333 -0.30303 0
isym: 5 ks_vec: 0.30303 0.333333 0
starsize: 4
isym: 0 ks_vec: 0.363636 0.30303 0
isym: 1 ks_vec: -0.30303 -0.363636 0
isym: 4 ks_vec: -0.363636 -0.30303 0
isym: 5 ks_vec: 0.30303 0.363636 0
starsize: 4
isym: 0 ks_vec: 0.393939 0.30303 0
isym: 1 ks_vec: -0.30303 -0.393939 0
isym: 4 ks_vec: -0.393939 -0.30303 0
isym: 5 ks_vec: 0.30303 0.393939 0
starsize: 4
isym: 0 ks_vec: 0.424242 0.30303 0
isym: 1 ks_vec: -0.30303 -0.424242 0
isym: 4 ks_vec: -0.424242 -0.30303 0
isym: 5 ks_vec: 0.30303 0.424242 0
starsize: 4
isym: 0 ks_vec: 0.454545 0.30303 0
isym: 1 ks_vec: -0.30303 -0.454545 0
isym: 4 ks_vec: -0.454545 -0.30303 0
isym: 5 ks_vec: 0.30303 0.454545 0
starsize: 4
isym: 0 ks_vec: 0.484848 0.30303 0
isym: 1 ks_vec: -0.30303 -0.484848 0
isym: 4 ks_vec: -0.484848 -0.30303 0
isym: 5 ks_vec: 0.30303 0.484848 0
starsize: 4
isym: 0 ks_vec: -0.30303 0.484848 0
isym: 1 ks_vec: -0.484848 0.30303 0
isym: 4 ks_vec: 0.30303 -0.484848 0
isym: 5 ks_vec: 0.484848 -0.30303 0
starsize: 4
isym: 0 ks_vec: -0.30303 0.454545 0
isym: 1 ks_vec: -0.454545 0.30303 0
isym: 4 ks_vec: 0.30303 -0.454545 0
isym: 5 ks_vec: 0.454545 -0.30303 0
starsize: 4
isym: 0 ks_vec: -0.30303 0.424242 0
isym: 1 ks_vec: -0.424242 0.30303 0
isym: 4 ks_vec: 0.30303 -0.424242 0
isym: 5 ks_vec: 0.424242 -0.30303 0
starsize: 4
isym: 0 ks_vec: -0.30303 0.393939 0
isym: 1 ks_vec: -0.393939 0.30303 0
isym: 4 ks_vec: 0.30303 -0.393939 0
isym: 5 ks_vec: 0.393939 -0.30303 0
starsize: 4
isym: 0 ks_vec: -0.30303 0.363636 0
isym: 1 ks_vec: -0.363636 0.30303 0
isym: 4 ks_vec: 0.30303 -0.363636 0
isym: 5 ks_vec: 0.363636 -0.30303 0
starsize: 4
isym: 0 ks_vec: -0.30303 0.333333 0
isym: 1 ks_vec: -0.333333 0.30303 0
isym: 4 ks_vec: 0.30303 -0.333333 0
isym: 5 ks_vec: 0.333333 -0.30303 0
starsize: 2
isym: 0 ks_vec: -0.30303 0.30303 0
isym: 4 ks_vec: 0.30303 -0.30303 0
starsize: 2
isym: 0 ks_vec: 0.333333 0.333333 0
isym: 1 ks_vec: -0.333333 -0.333333 0
starsize: 4
isym: 0 ks_vec: 0.363636 0.333333 0
isym: 1 ks_vec: -0.333333 -0.363636 0
isym: 4 ks_vec: -0.363636 -0.333333 0
isym: 5 ks_vec: 0.333333 0.363636 0
starsize: 4
isym: 0 ks_vec: 0.393939 0.333333 0
isym: 1 ks_vec: -0.333333 -0.393939 0
isym: 4 ks_vec: -0.393939 -0.333333 0
isym: 5 ks_vec: 0.333333 0.393939 0
starsize: 4
isym: 0 ks_vec: 0.424242 0.333333 0
isym: 1 ks_vec: -0.333333 -0.424242 0
isym: 4 ks_vec: -0.424242 -0.333333 0
isym: 5 ks_vec: 0.333333 0.424242 0
starsize: 4
isym: 0 ks_vec: 0.454545 0.333333 0
isym: 1 ks_vec: -0.333333 -0.454545 0
isym: 4 ks_vec: -0.454545 -0.333333 0
isym: 5 ks_vec: 0.333333 0.454545 0
starsize: 4
isym: 0 ks_vec: 0.484848 0.333333 0
isym: 1 ks_vec: -0.333333 -0.484848 0
isym: 4 ks_vec: -0.484848 -0.333333 0
isym: 5 ks_vec: 0.333333 0.484848 0
starsize: 4
isym: 0 ks_vec: -0.333333 0.484848 0
isym: 1 ks_vec: -0.484848 0.333333 0
isym: 4 ks_vec: 0.333333 -0.484848 0
isym: 5 ks_vec: 0.484848 -0.333333 0
starsize: 4
isym: 0 ks_vec: -0.333333 0.454545 0
isym: 1 ks_vec: -0.454545 0.333333 0
isym: 4 ks_vec: 0.333333 -0.454545 0
isym: 5 ks_vec: 0.454545 -0.333333 0
starsize: 4
isym: 0 ks_vec: -0.333333 0.424242 0
isym: 1 ks_vec: -0.424242 0.333333 0
isym: 4 ks_vec: 0.333333 -0.424242 0
isym: 5 ks_vec: 0.424242 -0.333333 0
starsize: 4
isym: 0 ks_vec: -0.333333 0.393939 0
isym: 1 ks_vec: -0.393939 0.333333 0
isym: 4 ks_vec: 0.333333 -0.393939 0
isym: 5 ks_vec: 0.393939 -0.333333 0
starsize: 4
isym: 0 ks_vec: -0.333333 0.363636 0
isym: 1 ks_vec: -0.363636 0.333333 0
isym: 4 ks_vec: 0.333333 -0.363636 0
isym: 5 ks_vec: 0.363636 -0.333333 0
starsize: 2
isym: 0 ks_vec: -0.333333 0.333333 0
isym: 4 ks_vec: 0.333333 -0.333333 0
starsize: 2
isym: 0 ks_vec: 0.363636 0.363636 0
isym: 1 ks_vec: -0.363636 -0.363636 0
starsize: 4
isym: 0 ks_vec: 0.393939 0.363636 0
isym: 1 ks_vec: -0.363636 -0.393939 0
isym: 4 ks_vec: -0.393939 -0.363636 0
isym: 5 ks_vec: 0.363636 0.393939 0
starsize: 4
isym: 0 ks_vec: 0.424242 0.363636 0
isym: 1 ks_vec: -0.363636 -0.424242 0
isym: 4 ks_vec: -0.424242 -0.363636 0
isym: 5 ks_vec: 0.363636 0.424242 0
starsize: 4
isym: 0 ks_vec: 0.454545 0.363636 0
isym: 1 ks_vec: -0.363636 -0.454545 0
isym: 4 ks_vec: -0.454545 -0.363636 0
isym: 5 ks_vec: 0.363636 0.454545 0
starsize: 4
isym: 0 ks_vec: 0.484848 0.363636 0
isym: 1 ks_vec: -0.363636 -0.484848 0
isym: 4 ks_vec: -0.484848 -0.363636 0
isym: 5 ks_vec: 0.363636 0.484848 0
starsize: 4
isym: 0 ks_vec: -0.363636 0.484848 0
isym: 1 ks_vec: -0.484848 0.363636 0
isym: 4 ks_vec: 0.363636 -0.484848 0
isym: 5 ks_vec: 0.484848 -0.363636 0
starsize: 4
isym: 0 ks_vec: -0.363636 0.454545 0
isym: 1 ks_vec: -0.454545 0.363636 0
isym: 4 ks_vec: 0.363636 -0.454545 0
isym: 5 ks_vec: 0.454545 -0.363636 0
starsize: 4
isym: 0 ks_vec: -0.363636 0.424242 0
isym: 1 ks_vec: -0.424242 0.363636 0
isym: 4 ks_vec: 0.363636 -0.424242 0
isym: 5 ks_vec: 0.424242 -0.363636 0
starsize: 4
isym: 0 ks_vec: -0.363636 0.393939 0
isym: 1 ks_vec: -0.393939 0.363636 0
isym: 4 ks_vec: 0.363636 -0.393939 0
isym: 5 ks_vec: 0.393939 -0.363636 0
starsize: 2
isym: 0 ks_vec: -0.363636 0.363636 0
isym: 4 ks_vec: 0.363636 -0.363636 0
starsize: 2
isym: 0 ks_vec: 0.393939 0.393939 0
isym: 1 ks_vec: -0.393939 -0.393939 0
starsize: 4
isym: 0 ks_vec: 0.424242 0.393939 0
isym: 1 ks_vec: -0.393939 -0.424242 0
isym: 4 ks_vec: -0.424242 -0.393939 0
isym: 5 ks_vec: 0.393939 0.424242 0
starsize: 4
isym: 0 ks_vec: 0.454545 0.393939 0
isym: 1 ks_vec: -0.393939 -0.454545 0
isym: 4 ks_vec: -0.454545 -0.393939 0
isym: 5 ks_vec: 0.393939 0.454545 0
starsize: 4
isym: 0 ks_vec: 0.484848 0.393939 0
isym: 1 ks_vec: -0.393939 -0.484848 0
isym: 4 ks_vec: -0.484848 -0.393939 0
isym: 5 ks_vec: 0.393939 0.484848 0
starsize: 4
isym: 0 ks_vec: -0.393939 0.484848 0
isym: 1 ks_vec: -0.484848 0.393939 0
isym: 4 ks_vec: 0.393939 -0.484848 0
isym: 5 ks_vec: 0.484848 -0.393939 0
starsize: 4
isym: 0 ks_vec: -0.393939 0.454545 0
isym: 1 ks_vec: -0.454545 0.393939 0
isym: 4 ks_vec: 0.393939 -0.454545 0
isym: 5 ks_vec: 0.454545 -0.393939 0
starsize: 4
isym: 0 ks_vec: -0.393939 0.424242 0
isym: 1 ks_vec: -0.424242 0.393939 0
isym: 4 ks_vec: 0.393939 -0.424242 0
isym: 5 ks_vec: 0.424242 -0.393939 0
starsize: 2
isym: 0 ks_vec: -0.393939 0.393939 0
isym: 4 ks_vec: 0.393939 -0.393939 0
starsize: 2
isym: 0 ks_vec: 0.424242 0.424242 0
isym: 1 ks_vec: -0.424242 -0.424242 0
starsize: 4
isym: 0 ks_vec: 0.454545 0.424242 0
isym: 1 ks_vec: -0.424242 -0.454545 0
isym: 4 ks_vec: -0.454545 -0.424242 0
isym: 5 ks_vec: 0.424242 0.454545 0
starsize: 4
isym: 0 ks_vec: 0.484848 0.424242 0
isym: 1 ks_vec: -0.424242 -0.484848 0
isym: 4 ks_vec: -0.484848 -0.424242 0
isym: 5 ks_vec: 0.424242 0.484848 0
starsize: 4
isym: 0 ks_vec: -0.424242 0.484848 0
isym: 1 ks_vec: -0.484848 0.424242 0
isym: 4 ks_vec: 0.424242 -0.484848 0
isym: 5 ks_vec: 0.484848 -0.424242 0
starsize: 4
isym: 0 ks_vec: -0.424242 0.454545 0
isym: 1 ks_vec: -0.454545 0.424242 0
isym: 4 ks_vec: 0.424242 -0.454545 0
isym: 5 ks_vec: 0.454545 -0.424242 0
starsize: 2
isym: 0 ks_vec: -0.424242 0.424242 0
isym: 4 ks_vec: 0.424242 -0.424242 0
starsize: 2
isym: 0 ks_vec: 0.454545 0.454545 0
isym: 1 ks_vec: -0.454545 -0.454545 0
starsize: 4
isym: 0 ks_vec: 0.484848 0.454545 0
isym: 1 ks_vec: -0.454545 -0.484848 0
isym: 4 ks_vec: -0.484848 -0.454545 0
isym: 5 ks_vec: 0.454545 0.484848 0
starsize: 4
isym: 0 ks_vec: -0.454545 0.484848 0
isym: 1 ks_vec: -0.484848 0.454545 0
isym: 4 ks_vec: 0.454545 -0.484848 0
isym: 5 ks_vec: 0.484848 -0.454545 0
starsize: 2
isym: 0 ks_vec: -0.454545 0.454545 0
isym: 4 ks_vec: 0.454545 -0.454545 0
starsize: 2
isym: 0 ks_vec: 0.484848 0.484848 0
isym: 1 ks_vec: -0.484848 -0.484848 0
starsize: 2
isym: 0 ks_vec: -0.484848 0.484848 0
isym: 4 ks_vec: 0.484848 -0.484848 0

K-POINTS CARTESIAN COORDINATES
 KPOINTS CARTESIAN_X CARTESIAN_Y CARTESIAN_Z  WEIGHT
       1  0.00000000  0.00000000  0.00000000  0.0018
       2  0.00947491 -0.00547034  0.00000000  0.0073
       3  0.01894982 -0.01094068  0.00000000  0.0073
       4  0.02842473 -0.01641102  0.00000000  0.0073
       5  0.03789964 -0.02188137  0.00000000  0.0073
       6  0.04737455 -0.02735171  0.00000000  0.0073
       7  0.05684946 -0.03282205  0.00000000  0.0073
       8  0.06632437 -0.03829239  0.00000000  0.0073
       9  0.07579928 -0.04376273  0.00000000  0.0073
      10  0.08527419 -0.04923307  0.00000000  0.0073
      11  0.09474909 -0.05470342  0.00000000  0.0073
      12  0.10422400 -0.06017376  0.00000000  0.0073
      13  0.11369891 -0.06564410  0.00000000  0.0073
      14  0.12317382 -0.07111444  0.00000000  0.0073
      15  0.13264873 -0.07658478  0.00000000  0.0073
      16  0.14212364 -0.08205512  0.00000000  0.0073
      17  0.15159855 -0.08752546  0.00000000  0.0073
      18  0.01894982  0.00000000  0.00000000  0.0037
      19  0.02842473 -0.00547034  0.00000000  0.0073
      20  0.03789964 -0.01094068  0.00000000  0.0073
      21  0.04737455 -0.01641102  0.00000000  0.0073
      22  0.05684946 -0.02188137  0.00000000  0.0073
      23  0.06632437 -0.02735171  0.00000000  0.0073
      24  0.07579928 -0.03282205  0.00000000  0.0073
      25  0.08527419 -0.03829239  0.00000000  0.0073
      26  0.09474909 -0.04376273  0.00000000  0.0073
      27  0.10422400 -0.04923307  0.00000000  0.0073
      28  0.11369891 -0.05470342  0.00000000  0.0073
      29  0.12317382 -0.06017376  0.00000000  0.0073
      30  0.13264873 -0.06564410  0.00000000  0.0073
      31  0.14212364 -0.07111444  0.00000000  0.0073
      32  0.15159855 -0.07658478  0.00000000  0.0073
      33  0.16107346 -0.08205512  0.00000000  0.0073
      34  0.14212364  0.09299581  0.00000000  0.0073
      35  0.13264873  0.08752546  0.00000000  0.0073
      36  0.12317382  0.08205512  0.00000000  0.0073
      37  0.11369891  0.07658478  0.00000000  0.0073
      38  0.10422400  0.07111444  0.00000000  0.0073
      39  0.09474909  0.06564410  0.00000000  0.0073
      40  0.08527419  0.06017376  0.00000000  0.0073
      41  0.07579928  0.05470342  0.00000000  0.0073
      42  0.06632437  0.04923307  0.00000000  0.0073
      43  0.05684946  0.04376273  0.00000000  0.0073
      44  0.04737455  0.03829239  0.00000000  0.0073
      45  0.03789964  0.03282205  0.00000000  0.0073
      46  0.02842473  0.02735171  0.00000000  0.0073
      47  0.01894982  0.02188137  0.00000000  0.0073
      48  0.00947491  0.01641102  0.00000000  0.0073
      49  0.00000000  0.01094068  0.00000000  0.0037
      50  0.03789964  0.00000000  0.00000000  0.0037
      51  0.04737455 -0.00547034  0.00000000  0.0073
      52  0.05684946 -0.01094068  0.00000000  0.0073
      53  0.06632437 -0.01641102  0.00000000  0.0073
      54  0.07579928 -0.02188137  0.00000000  0.0073
      55  0.08527419 -0.02735171  0.00000000  0.0073
      56  0.09474909 -0.03282205  0.00000000  0.0073
      57  0.10422400 -0.03829239  0.00000000  0.0073
      58  0.11369891 -0.04376273  0.00000000  0.0073
      59  0.12317382 -0.04923307  0.00000000  0.0073
      60  0.13264873 -0.05470342  0.00000000  0.0073
      61  0.14212364 -0.06017376  0.00000000  0.0073
      62  0.15159855 -0.06564410  0.00000000  0.0073
      63  0.16107346 -0.07111444  0.00000000  0.0073
      64  0.17054837 -0.07658478  0.00000000  0.0073
      65  0.13264873  0.09846615  0.00000000  0.0073
      66  0.12317382  0.09299581  0.00000000  0.0073
      67  0.11369891  0.08752546  0.00000000  0.0073
      68  0.10422400  0.08205512  0.00000000  0.0073
      69  0.09474909  0.07658478  0.00000000  0.0073
      70  0.08527419  0.07111444  0.00000000  0.0073
      71  0.07579928  0.06564410  0.00000000  0.0073
      72  0.06632437  0.06017376  0.00000000  0.0073
      73  0.05684946  0.05470342  0.00000000  0.0073
      74  0.04737455  0.04923307  0.00000000  0.0073
      75  0.03789964  0.04376273  0.00000000  0.0073
      76  0.02842473  0.03829239  0.00000000  0.0073
      77  0.01894982  0.03282205  0.00000000  0.0073
      78  0.00947491  0.02735171  0.00000000  0.0073
      79  0.00000000  0.02188137  0.00000000  0.0037
      80  0.05684946  0.00000000  0.00000000  0.0037
      81  0.06632437 -0.00547034  0.00000000  0.0073
      82  0.07579928 -0.01094068  0.00000000  0.0073
      83  0.08527419 -0.01641102  0.00000000  0.0073
      84  0.09474909 -0.02188137  0.00000000  0.0073
      85  0.10422400 -0.02735171  0.00000000  0.0073
      86  0.11369891 -0.03282205  0.00000000  0.0073
      87  0.12317382 -0.03829239  0.00000000  0.0073
      88  0.13264873 -0.04376273  0.00000000  0.0073
      89  0.14212364 -0.04923307  0.00000000  0.0073
      90  0.15159855 -0.05470342  0.00000000  0.0073
      91  0.16107346 -0.06017376  0.00000000  0.0073
      92  0.17054837 -0.06564410  0.00000000  0.0073
      93  0.18002328 -0.07111444  0.00000000  0.0073
      94  0.12317382  0.10393649  0.00000000  0.0073
      95  0.11369891  0.09846615  0.00000000  0.0073
      96  0.10422400  0.09299581  0.00000000  0.0073
      97  0.09474909  0.08752546  0.00000000  0.0073
      98  0.08527419  0.08205512  0.00000000  0.0073
      99  0.07579928  0.07658478  0.00000000  0.0073
     100  0.06632437  0.07111444  0.00000000  0.0073
     101  0.05684946  0.06564410  0.00000000  0.0073
     102  0.04737455  0.06017376  0.00000000  0.0073
     103  0.03789964  0.05470342  0.00000000  0.0073
     104  0.02842473  0.04923307  0.00000000  0.0073
     105  0.01894982  0.04376273  0.00000000  0.0073
     106  0.00947491  0.03829239  0.00000000  0.0073
     107  0.00000000  0.03282205  0.00000000  0.0037
     108  0.07579928  0.00000000  0.00000000  0.0037
     109  0.08527419 -0.00547034  0.00000000  0.0073
     110  0.09474909 -0.01094068  0.00000000  0.0073
     111  0.10422400 -0.01641102  0.00000000  0.0073
     112  0.11369891 -0.02188137  0.00000000  0.0073
     113  0.12317382 -0.02735171  0.00000000  0.0073
     114  0.13264873 -0.03282205  0.00000000  0.0073
     115  0.14212364 -0.03829239  0.00000000  0.0073
     116  0.15159855 -0.04376273  0.00000000  0.0073
     117  0.16107346 -0.04923307  0.00000000  0.0073
     118  0.17054837 -0.05470342  0.00000000  0.0073
     119  0.18002328 -0.06017376  0.00000000  0.0073
     120  0.18949819 -0.06564410  0.00000000  0.0073
     121  0.11369891  0.10940683  0.00000000  0.0073
     122  0.10422400  0.10393649  0.00000000  0.0073
     123  0.09474909  0.09846615  0.00000000  0.0073
     124  0.08527419  0.09299581  0.00000000  0.0073
     125  0.07579928  0.08752546  0.00000000  0.0073
     126  0.06632437  0.08205512  0.00000000  0.0073
     127  0.05684946  0.07658478  0.00000000  0.0073
     128  0.04737455  0.07111444  0.00000000  0.0073
     129  0.03789964  0.06564410  0.00000000  0.0073
     130  0.02842473  0.06017376  0.00000000  0.0073
     131  0.01894982  0.05470342  0.00000000  0.0073
     132  0.00947491  0.04923307  0.00000000  0.0073
     133  0.00000000  0.04376273  0.00000000  0.0037
     134  0.09474909  0.00000000  0.00000000  0.0037
     135  0.10422400 -0.00547034  0.00000000  0.0073
     136  0.11369891 -0.01094068  0.00000000  0.0073
     137  0.12317382 -0.01641102  0.00000000  0.0073
     138  0.13264873 -0.02188137  0.00000000  0.0073
     139  0.14212364 -0.02735171  0.00000000  0.0073
     140  0.15159855 -0.03282205  0.00000000  0.0073
     141  0.16107346 -0.03829239  0.00000000  0.0073
     142  0.17054837 -0.04376273  0.00000000  0.0073
     143  0.18002328 -0.04923307  0.00000000  0.0073
     144  0.18949819 -0.05470342  0.00000000  0.0073
     145  0.19897310 -0.06017376  0.00000000  0.0073
     146  0.10422400  0.11487717  0.00000000  0.0073
     147  0.09474909  0.10940683  0.00000000  0.0073
     148  0.08527419  0.10393649  0.00000000  0.0073
     149  0.07579928  0.09846615  0.00000000  0.0073
     150  0.06632437  0.09299581  0.00000000  0.0073
     151  0.05684946  0.08752546  0.00000000  0.0073
     152  0.04737455  0.08205512  0.00000000  0.0073
     153  0.03789964  0.07658478  0.00000000  0.0073
     154  0.02842473  0.07111444  0.00000000  0.0073
     155  0.01894982  0.06564410  0.00000000  0.0073
     156  0.00947491  0.06017376  0.00000000  0.0073
     157  0.00000000  0.05470342  0.00000000  0.0037
     158  0.11369891  0.00000000  0.00000000  0.0037
     159  0.12317382 -0.00547034  0.00000000  0.0073
     160  0.13264873 -0.01094068  0.00000000  0.0073
     161  0.14212364 -0.01641102  0.00000000  0.0073
     162  0.15159855 -0.02188137  0.00000000  0.0073
     163  0.16107346 -0.02735171  0.00000000  0.0073
     164  0.17054837 -0.03282205  0.00000000  0.0073
     165  0.18002328 -0.03829239  0.00000000  0.0073
     166  0.18949819 -0.04376273  0.00000000  0.0073
     167  0.19897310 -0.04923307  0.00000000  0.0073
     168  0.20844801 -0.05470342  0.00000000  0.0073
     169  0.09474909  0.12034751  0.00000000  0.0073
     170  0.08527419  0.11487717  0.00000000  0.0073
     171  0.07579928  0.10940683  0.00000000  0.0073
     172  0.06632437  0.10393649  0.00000000  0.0073
     173  0.05684946  0.09846615  0.00000000  0.0073
     174  0.04737455  0.09299581  0.00000000  0.0073
     175  0.03789964  0.08752546  0.00000000  0.0073
     176  0.02842473  0.08205512  0.00000000  0.0073
     177  0.01894982  0.07658478  0.00000000  0.0073
     178  0.00947491  0.07111444  0.00000000  0.0073
     179  0.00000000  0.06564410  0.00000000  0.0037
     180  0.13264873  0.00000000  0.00000000  0.0037
     181  0.14212364 -0.00547034  0.00000000  0.0073
     182  0.15159855 -0.01094068  0.00000000  0.0073
     183  0.16107346 -0.01641102  0.00000000  0.0073
     184  0.17054837 -0.02188137  0.00000000  0.0073
     185  0.18002328 -0.02735171  0.00000000  0.0073
     186  0.18949819 -0.03282205  0.00000000  0.0073
     187  0.19897310 -0.03829239  0.00000000  0.0073
     188  0.20844801 -0.04376273  0.00000000  0.0073
     189  0.21792292 -0.04923307  0.00000000  0.0073
     190  0.08527419  0.12581785  0.00000000  0.0073
     191  0.07579928  0.12034751  0.00000000  0.0073
     192  0.06632437  0.11487717  0.00000000  0.0073
     193  0.05684946  0.10940683  0.00000000  0.0073
     194  0.04737455  0.10393649  0.00000000  0.0073
     195  0.03789964  0.09846615  0.00000000  0.0073
     196  0.02842473  0.09299581  0.00000000  0.0073
     197  0.01894982  0.08752546  0.00000000  0.0073
     198  0.00947491  0.08205512  0.00000000  0.0073
     199  0.00000000  0.07658478  0.00000000  0.0037
     200  0.15159855  0.00000000  0.00000000  0.0037
     201  0.16107346 -0.00547034  0.00000000  0.0073
     202  0.17054837 -0.01094068  0.00000000  0.0073
     203  0.18002328 -0.01641102  0.00000000  0.0073
     204  0.18949819 -0.02188137  0.00000000  0.0073
     205  0.19897310 -0.02735171  0.00000000  0.0073
     206  0.20844801 -0.03282205  0.00000000  0.0073
     207  0.21792292 -0.03829239  0.00000000  0.0073
     208  0.22739783 -0.04376273  0.00000000  0.0073
     209  0.07579928  0.13128820  0.00000000  0.0073
     210  0.06632437  0.12581785  0.00000000  0.0073
     211  0.05684946  0.12034751  0.00000000  0.0073
     212  0.04737455  0.11487717  0.00000000  0.0073
     213  0.03789964  0.10940683  0.00000000  0.0073
     214  0.02842473  0.10393649  0.00000000  0.0073
     215  0.01894982  0.09846615  0.00000000  0.0073
     216  0.00947491  0.09299581  0.00000000  0.0073
     217  0.00000000  0.08752546  0.00000000  0.0037
     218  0.17054837  0.00000000  0.00000000  0.0037
     219  0.18002328 -0.00547034  0.00000000  0.0073
     220  0.18949819 -0.01094068  0.00000000  0.0073
     221  0.19897310 -0.01641102  0.00000000  0.0073
     222  0.20844801 -0.02188137  0.00000000  0.0073
     223  0.21792292 -0.02735171  0.00000000  0.0073
     224  0.22739783 -0.03282205  0.00000000  0.0073
     225  0.23687274 -0.03829239  0.00000000  0.0073
     226  0.06632437  0.13675854  0.00000000  0.0073
     227  0.05684946  0.13128820  0.00000000  0.0073
     228  0.04737455  0.12581785  0.00000000  0.0073
     229  0.03789964  0.12034751  0.00000000  0.0073
     230  0.02842473  0.11487717  0.00000000  0.0073
     231  0.01894982  0.10940683  0.00000000  0.0073
     232  0.00947491  0.10393649  0.00000000  0.0073
     233  0.00000000  0.09846615  0.00000000  0.0037
     234  0.18949819  0.00000000  0.00000000  0.0037
     235  0.19897310 -0.00547034  0.00000000  0.0073
     236  0.20844801 -0.01094068  0.00000000  0.0073
     237  0.21792292 -0.01641102  0.00000000  0.0073
     238  0.22739783 -0.02188137  0.00000000  0.0073
     239  0.23687274 -0.02735171  0.00000000  0.0073
     240  0.24634765 -0.03282205  0.00000000  0.0073
     241  0.05684946  0.14222888  0.00000000  0.0073
     242  0.04737455  0.13675854  0.00000000  0.0073
     243  0.03789964  0.13128820  0.00000000  0.0073
     244  0.02842473  0.12581785  0.00000000  0.0073
     245  0.01894982  0.12034751  0.00000000  0.0073
     246  0.00947491  0.11487717  0.00000000  0.0073
     247  0.00000000  0.10940683  0.00000000  0.0037
     248  0.20844801  0.00000000  0.00000000  0.0037
     249  0.21792292 -0.00547034  0.00000000  0.0073
     250  0.22739783 -0.01094068  0.00000000  0.0073
     251  0.23687274 -0.01641102  0.00000000  0.0073
     252  0.24634765 -0.02188137  0.00000000  0.0073
     253  0.25582256 -0.02735171  0.00000000  0.0073
     254  0.04737455  0.14769922  0.00000000  0.0073
     255  0.03789964  0.14222888  0.00000000  0.0073
     256  0.02842473  0.13675854  0.00000000  0.0073
     257  0.01894982  0.13128820  0.00000000  0.0073
     258  0.00947491  0.12581785  0.00000000  0.0073
     259  0.00000000  0.12034751  0.00000000  0.0037
     260  0.22739783  0.00000000  0.00000000  0.0037
     261  0.23687274 -0.00547034  0.00000000  0.0073
     262  0.24634765 -0.01094068  0.00000000  0.0073
     263  0.25582256 -0.01641102  0.00000000  0.0073
     264  0.26529746 -0.02188137  0.00000000  0.0073
     265  0.03789964  0.15316956  0.00000000  0.0073
     266  0.02842473  0.14769922  0.00000000  0.0073
     267  0.01894982  0.14222888  0.00000000  0.0073
     268  0.00947491  0.13675854  0.00000000  0.0073
     269  0.00000000  0.13128820  0.00000000  0.0037
     270  0.24634765  0.00000000  0.00000000  0.0037
     271  0.25582256 -0.00547034  0.00000000  0.0073
     272  0.26529746 -0.01094068  0.00000000  0.0073
     273  0.27477237 -0.01641102  0.00000000  0.0073
     274  0.02842473  0.15863990  0.00000000  0.0073
     275  0.01894982  0.15316956  0.00000000  0.0073
     276  0.00947491  0.14769922  0.00000000  0.0073
     277  0.00000000  0.14222888  0.00000000  0.0037
     278  0.26529746  0.00000000  0.00000000  0.0037
     279  0.27477237 -0.00547034  0.00000000  0.0073
     280  0.28424728 -0.01094068  0.00000000  0.0073
     281  0.01894982  0.16411025  0.00000000  0.0073
     282  0.00947491  0.15863990  0.00000000  0.0073
     283  0.00000000  0.15316956  0.00000000  0.0037
     284  0.28424728  0.00000000  0.00000000  0.0037
     285  0.29372219 -0.00547034  0.00000000  0.0073
     286  0.00947491  0.16958059  0.00000000  0.0073
     287  0.00000000  0.16411025  0.00000000  0.0037
     288  0.30319710  0.00000000  0.00000000  0.0037
     289  0.00000000  0.17505093  0.00000000  0.0037


K-POINTS DIRECT COORDINATES
 KPOINTS    DIRECT_X    DIRECT_Y    DIRECT_Z  WEIGHT
       1  0.00000000  0.00000000  0.00000000  0.0018
       2  0.03030303  0.00000000  0.00000000  0.0073
       3  0.06060606  0.00000000  0.00000000  0.0073
       4  0.09090909  0.00000000  0.00000000  0.0073
       5  0.12121212  0.00000000  0.00000000  0.0073
       6  0.15151515  0.00000000  0.00000000  0.0073
       7  0.18181818  0.00000000  0.00000000  0.0073
       8  0.21212121  0.00000000  0.00000000  0.0073
       9  0.24242424  0.00000000  0.00000000  0.0073
      10  0.27272727  0.00000000  0.00000000  0.0073
      11  0.30303030  0.00000000  0.00000000  0.0073
      12  0.33333333  0.00000000  0.00000000  0.0073
      13  0.36363636  0.00000000  0.00000000  0.0073
      14  0.39393939  0.00000000  0.00000000  0.0073
      15  0.42424242  0.00000000  0.00000000  0.0073
      16  0.45454545  0.00000000  0.00000000  0.0073
      17  0.48484848  0.00000000  0.00000000  0.0073
      18  0.03030303  0.03030303  0.00000000  0.0037
      19  0.06060606  0.03030303  0.00000000  0.0073
      20  0.09090909  0.03030303  0.00000000  0.0073
      21  0.12121212  0.03030303  0.00000000  0.0073
      22  0.15151515  0.03030303  0.00000000  0.0073
      23  0.18181818  0.03030303  0.00000000  0.0073
      24  0.21212121  0.03030303  0.00000000  0.0073
      25  0.24242424  0.03030303  0.00000000  0.0073
      26  0.27272727  0.03030303  0.00000000  0.0073
      27  0.30303030  0.03030303  0.00000000  0.0073
      28  0.33333333  0.03030303  0.00000000  0.0073
      29  0.36363636  0.03030303  0.00000000  0.0073
      30  0.39393939  0.03030303  0.00000000  0.0073
      31  0.42424242  0.03030303  0.00000000  0.0073
      32  0.45454545  0.03030303  0.00000000  0.0073
      33  0.48484848  0.03030303  0.00000000  0.0073
      34 -0.03030303  0.48484848  0.00000000  0.0073
      35 -0.03030303  0.45454545  0.00000000  0.0073
      36 -0.03030303  0.42424242  0.00000000  0.0073
      37 -0.03030303  0.39393939  0.00000000  0.0073
      38 -0.03030303  0.36363636  0.00000000  0.0073
      39 -0.03030303  0.33333333  0.00000000  0.0073
      40 -0.03030303  0.30303030  0.00000000  0.0073
      41 -0.03030303  0.27272727  0.00000000  0.0073
      42 -0.03030303  0.24242424  0.00000000  0.0073
      43 -0.03030303  0.21212121  0.00000000  0.0073
      44 -0.03030303  0.18181818  0.00000000  0.0073
      45 -0.03030303  0.15151515  0.00000000  0.0073
      46 -0.03030303  0.12121212  0.00000000  0.0073
      47 -0.03030303  0.09090909  0.00000000  0.0073
      48 -0.03030303  0.06060606  0.00000000  0.0073
      49 -0.03030303  0.03030303  0.00000000  0.0037
      50  0.06060606  0.06060606  0.00000000  0.0037
      51  0.09090909  0.06060606  0.00000000  0.0073
      52  0.12121212  0.06060606  0.00000000  0.0073
      53  0.15151515  0.06060606  0.00000000  0.0073
      54  0.18181818  0.06060606  0.00000000  0.0073
      55  0.21212121  0.06060606  0.00000000  0.0073
      56  0.24242424  0.06060606  0.00000000  0.0073
      57  0.27272727  0.06060606  0.00000000  0.0073
      58  0.30303030  0.06060606  0.00000000  0.0073
      59  0.33333333  0.06060606  0.00000000  0.0073
      60  0.36363636  0.06060606  0.00000000  0.0073
      61  0.39393939  0.06060606  0.00000000  0.0073
      62  0.42424242  0.06060606  0.00000000  0.0073
      63  0.45454545  0.06060606  0.00000000  0.0073
      64  0.48484848  0.06060606  0.00000000  0.0073
      65 -0.06060606  0.48484848  0.00000000  0.0073
      66 -0.06060606  0.45454545  0.00000000  0.0073
      67 -0.06060606  0.42424242  0.00000000  0.0073
      68 -0.06060606  0.39393939  0.00000000  0.0073
      69 -0.06060606  0.36363636  0.00000000  0.0073
      70 -0.06060606  0.33333333  0.00000000  0.0073
      71 -0.06060606  0.30303030  0.00000000  0.0073
      72 -0.06060606  0.27272727  0.00000000  0.0073
      73 -0.06060606  0.24242424  0.00000000  0.0073
      74 -0.06060606  0.21212121  0.00000000  0.0073
      75 -0.06060606  0.18181818  0.00000000  0.0073
      76 -0.06060606  0.15151515  0.00000000  0.0073
      77 -0.06060606  0.12121212  0.00000000  0.0073
      78 -0.06060606  0.09090909  0.00000000  0.0073
      79 -0.06060606  0.06060606  0.00000000  0.0037
      80  0.09090909  0.09090909  0.00000000  0.0037
      81  0.12121212  0.09090909  0.00000000  0.0073
      82  0.15151515  0.09090909  0.00000000  0.0073
      83  0.18181818  0.09090909  0.00000000  0.0073
      84  0.21212121  0.09090909  0.00000000  0.0073
      85  0.24242424  0.09090909  0.00000000  0.0073
      86  0.27272727  0.09090909  0.00000000  0.0073
      87  0.30303030  0.09090909  0.00000000  0.0073
      88  0.33333333  0.09090909  0.00000000  0.0073
      89  0.36363636  0.09090909  0.00000000  0.0073
      90  0.39393939  0.09090909  0.00000000  0.0073
      91  0.42424242  0.09090909  0.00000000  0.0073
      92  0.45454545  0.09090909  0.00000000  0.0073
      93  0.48484848  0.09090909  0.00000000  0.0073
      94 -0.09090909  0.48484848  0.00000000  0.0073
      95 -0.09090909  0.45454545  0.00000000  0.0073
      96 -0.09090909  0.42424242  0.00000000  0.0073
      97 -0.09090909  0.39393939  0.00000000  0.0073
      98 -0.09090909  0.36363636  0.00000000  0.0073
      99 -0.09090909  0.33333333  0.00000000  0.0073
     100 -0.09090909  0.30303030  0.00000000  0.0073
     101 -0.09090909  0.27272727  0.00000000  0.0073
     102 -0.09090909  0.24242424  0.00000000  0.0073
     103 -0.09090909  0.21212121  0.00000000  0.0073
     104 -0.09090909  0.18181818  0.00000000  0.0073
     105 -0.09090909  0.15151515  0.00000000  0.0073
     106 -0.09090909  0.12121212  0.00000000  0.0073
     107 -0.09090909  0.09090909  0.00000000  0.0037
     108  0.12121212  0.12121212  0.00000000  0.0037
     109  0.15151515  0.12121212  0.00000000  0.0073
     110  0.18181818  0.12121212  0.00000000  0.0073
     111  0.21212121  0.12121212  0.00000000  0.0073
     112  0.24242424  0.12121212  0.00000000  0.0073
     113  0.27272727  0.12121212  0.00000000  0.0073
     114  0.30303030  0.12121212  0.00000000  0.0073
     115  0.33333333  0.12121212  0.00000000  0.0073
     116  0.36363636  0.12121212  0.00000000  0.0073
     117  0.39393939  0.12121212  0.00000000  0.0073
     118  0.42424242  0.12121212  0.00000000  0.0073
     119  0.45454545  0.12121212  0.00000000  0.0073
     120  0.48484848  0.12121212  0.00000000  0.0073
     121 -0.12121212  0.48484848  0.00000000  0.0073
     122 -0.12121212  0.45454545  0.00000000  0.0073
     123 -0.12121212  0.42424242  0.00000000  0.0073
     124 -0.12121212  0.39393939  0.00000000  0.0073
     125 -0.12121212  0.36363636  0.00000000  0.0073
     126 -0.12121212  0.33333333  0.00000000  0.0073
     127 -0.12121212  0.30303030  0.00000000  0.0073
     128 -0.12121212  0.27272727  0.00000000  0.0073
     129 -0.12121212  0.24242424  0.00000000  0.0073
     130 -0.12121212  0.21212121  0.00000000  0.0073
     131 -0.12121212  0.18181818  0.00000000  0.0073
     132 -0.12121212  0.15151515  0.00000000  0.0073
     133 -0.12121212  0.12121212  0.00000000  0.0037
     134  0.15151515  0.15151515  0.00000000  0.0037
     135  0.18181818  0.15151515  0.00000000  0.0073
     136  0.21212121  0.15151515  0.00000000  0.0073
     137  0.24242424  0.15151515  0.00000000  0.0073
     138  0.27272727  0.15151515  0.00000000  0.0073
     139  0.30303030  0.15151515  0.00000000  0.0073
     140  0.33333333  0.15151515  0.00000000  0.0073
     141  0.36363636  0.15151515  0.00000000  0.0073
     142  0.39393939  0.15151515  0.00000000  0.0073
     143  0.42424242  0.15151515  0.00000000  0.0073
     144  0.45454545  0.15151515  0.00000000  0.0073
     145  0.48484848  0.15151515  0.00000000  0.0073
     146 -0.15151515  0.48484848  0.00000000  0.0073
     147 -0.15151515  0.45454545  0.00000000  0.0073
     148 -0.15151515  0.42424242  0.00000000  0.0073
     149 -0.15151515  0.39393939  0.00000000  0.0073
     150 -0.15151515  0.36363636  0.00000000  0.0073
     151 -0.15151515  0.33333333  0.00000000  0.0073
     152 -0.15151515  0.30303030  0.00000000  0.0073
     153 -0.15151515  0.27272727  0.00000000  0.0073
     154 -0.15151515  0.24242424  0.00000000  0.0073
     155 -0.15151515  0.21212121  0.00000000  0.0073
     156 -0.15151515  0.18181818  0.00000000  0.0073
     157 -0.15151515  0.15151515  0.00000000  0.0037
     158  0.18181818  0.18181818  0.00000000  0.0037
     159  0.21212121  0.18181818  0.00000000  0.0073
     160  0.24242424  0.18181818  0.00000000  0.0073
     161  0.27272727  0.18181818  0.00000000  0.0073
     162  0.30303030  0.18181818  0.00000000  0.0073
     163  0.33333333  0.18181818  0.00000000  0.0073
     164  0.36363636  0.18181818  0.00000000  0.0073
     165  0.39393939  0.18181818  0.00000000  0.0073
     166  0.42424242  0.18181818  0.00000000  0.0073
     167  0.45454545  0.18181818  0.00000000  0.0073
     168  0.48484848  0.18181818  0.00000000  0.0073
     169 -0.18181818  0.48484848  0.00000000  0.0073
     170 -0.18181818  0.45454545  0.00000000  0.0073
     171 -0.18181818  0.42424242  0.00000000  0.0073
     172 -0.18181818  0.39393939  0.00000000  0.0073
     173 -0.18181818  0.36363636  0.00000000  0.0073
     174 -0.18181818  0.33333333  0.00000000  0.0073
     175 -0.18181818  0.30303030  0.00000000  0.0073
     176 -0.18181818  0.27272727  0.00000000  0.0073
     177 -0.18181818  0.24242424  0.00000000  0.0073
     178 -0.18181818  0.21212121  0.00000000  0.0073
     179 -0.18181818  0.18181818  0.00000000  0.0037
     180  0.21212121  0.21212121  0.00000000  0.0037
     181  0.24242424  0.21212121  0.00000000  0.0073
     182  0.27272727  0.21212121  0.00000000  0.0073
     183  0.30303030  0.21212121  0.00000000  0.0073
     184  0.33333333  0.21212121  0.00000000  0.0073
     185  0.36363636  0.21212121  0.00000000  0.0073
     186  0.39393939  0.21212121  0.00000000  0.0073
     187  0.42424242  0.21212121  0.00000000  0.0073
     188  0.45454545  0.21212121  0.00000000  0.0073
     189  0.48484848  0.21212121  0.00000000  0.0073
     190 -0.21212121  0.48484848  0.00000000  0.0073
     191 -0.21212121  0.45454545  0.00000000  0.0073
     192 -0.21212121  0.42424242  0.00000000  0.0073
     193 -0.21212121  0.39393939  0.00000000  0.0073
     194 -0.21212121  0.36363636  0.00000000  0.0073
     195 -0.21212121  0.33333333  0.00000000  0.0073
     196 -0.21212121  0.30303030  0.00000000  0.0073
     197 -0.21212121  0.27272727  0.00000000  0.0073
     198 -0.21212121  0.24242424  0.00000000  0.0073
     199 -0.21212121  0.21212121  0.00000000  0.0037
     200  0.24242424  0.24242424  0.00000000  0.0037
     201  0.27272727  0.24242424  0.00000000  0.0073
     202  0.30303030  0.24242424  0.00000000  0.0073
     203  0.33333333  0.24242424  0.00000000  0.0073
     204  0.36363636  0.24242424  0.00000000  0.0073
     205  0.39393939  0.24242424  0.00000000  0.0073
     206  0.42424242  0.24242424  0.00000000  0.0073
     207  0.45454545  0.24242424  0.00000000  0.0073
     208  0.48484848  0.24242424  0.00000000  0.0073
     209 -0.24242424  0.48484848  0.00000000  0.0073
     210 -0.24242424  0.45454545  0.00000000  0.0073
     211 -0.24242424  0.42424242  0.00000000  0.0073
     212 -0.24242424  0.39393939  0.00000000  0.0073
     213 -0.24242424  0.36363636  0.00000000  0.0073
     214 -0.24242424  0.33333333  0.00000000  0.0073
     215 -0.24242424  0.30303030  0.00000000  0.0073
     216 -0.24242424  0.27272727  0.00000000  0.0073
     217 -0.24242424  0.24242424  0.00000000  0.0037
     218  0.27272727  0.27272727  0.00000000  0.0037
     219  0.30303030  0.27272727  0.00000000  0.0073
     220  0.33333333  0.27272727  0.00000000  0.0073
     221  0.36363636  0.27272727  0.00000000  0.0073
     222  0.39393939  0.27272727  0.00000000  0.0073
     223  0.42424242  0.27272727  0.00000000  0.0073
     224  0.45454545  0.27272727  0.00000000  0.0073
     225  0.48484848  0.27272727  0.00000000  0.0073
     226 -0.27272727  0.48484848  0.00000000  0.0073
     227 -0.27272727  0.45454545  0.00000000  0.0073
     228 -0.27272727  0.42424242  0.00000000  0.0073
     229 -0.27272727  0.39393939  0.00000000  0.0073
     230 -0.27272727  0.36363636  0.00000000  0.0073
     231 -0.27272727  0.33333333  0.00000000  0.0073
     232 -0.27272727  0.30303030  0.00000000  0.0073
     233 -0.27272727  0.27272727  0.00000000  0.0037
     234  0.30303030  0.30303030  0.00000000  0.0037
     235  0.33333333  0.30303030  0.00000000  0.0073
     236  0.36363636  0.30303030  0.00000000  0.0073
     237  0.39393939  0.30303030  0.00000000  0.0073
     238  0.42424242  0.30303030  0.00000000  0.0073
     239  0.45454545  0.30303030  0.00000000  0.0073
     240  0.48484848  0.30303030  0.00000000  0.0073
     241 -0.30303030  0.48484848  0.00000000  0.0073
     242 -0.30303030  0.45454545  0.00000000  0.0073
     243 -0.30303030  0.42424242  0.00000000  0.0073
     244 -0.30303030  0.39393939  0.00000000  0.0073
     245 -0.30303030  0.36363636  0.00000000  0.0073
     246 -0.30303030  0.33333333  0.00000000  0.0073
     247 -0.30303030  0.30303030  0.00000000  0.0037
     248  0.33333333  0.33333333  0.00000000  0.0037
     249  0.36363636  0.33333333  0.00000000  0.0073
     250  0.39393939  0.33333333  0.00000000  0.0073
     251  0.42424242  0.33333333  0.00000000  0.0073
     252  0.45454545  0.33333333  0.00000000  0.0073
     253  0.48484848  0.33333333  0.00000000  0.0073
     254 -0.33333333  0.48484848  0.00000000  0.0073
     255 -0.33333333  0.45454545  0.00000000  0.0073
     256 -0.33333333  0.42424242  0.00000000  0.0073
     257 -0.33333333  0.39393939  0.00000000  0.0073
     258 -0.33333333  0.36363636  0.00000000  0.0073
     259 -0.33333333  0.33333333  0.00000000  0.0037
     260  0.36363636  0.36363636  0.00000000  0.0037
     261  0.39393939  0.36363636  0.00000000  0.0073
     262  0.42424242  0.36363636  0.00000000  0.0073
     263  0.45454545  0.36363636  0.00000000  0.0073
     264  0.48484848  0.36363636  0.00000000  0.0073
     265 -0.36363636  0.48484848  0.00000000  0.0073
     266 -0.36363636  0.45454545  0.00000000  0.0073
     267 -0.36363636  0.42424242  0.00000000  0.0073
     268 -0.36363636  0.39393939  0.00000000  0.0073
     269 -0.36363636  0.36363636  0.00000000  0.0037
     270  0.39393939  0.39393939  0.00000000  0.0037
     271  0.42424242  0.39393939  0.00000000  0.0073
     272  0.45454545  0.39393939  0.00000000  0.0073
     273  0.48484848  0.39393939  0.00000000  0.0073
     274 -0.39393939  0.48484848  0.00000000  0.0073
     275 -0.39393939  0.45454545  0.00000000  0.0073
     276 -0.39393939  0.42424242  0.00000000  0.0073
     277 -0.39393939  0.39393939  0.00000000  0.0037
     278  0.42424242  0.42424242  0.00000000  0.0037
     279  0.45454545  0.42424242  0.00000000  0.0073
     280  0.48484848  0.42424242  0.00000000  0.0073
     281 -0.42424242  0.48484848  0.00000000  0.0073
     282 -0.42424242  0.45454545  0.00000000  0.0073
     283 -0.42424242  0.42424242  0.00000000  0.0037
     284  0.45454545  0.45454545  0.00000000  0.0037
     285  0.48484848  0.45454545  0.00000000  0.0073
     286 -0.45454545  0.48484848  0.00000000  0.0073
     287 -0.45454545  0.45454545  0.00000000  0.0037
     288  0.48484848  0.48484848  0.00000000  0.0037
     289 -0.48484848  0.48484848  0.00000000  0.0037

 DONE : INIT K-POINTS Time : 0.271807 (SEC)


 Warning_Memory_Consuming allocated:  PW_B_K::gk2 77.1559 MB

 Warning_Memory_Consuming allocated:  PW_B_K::gcar 231.468 MB




 >>>>>>>>>>>>>>>>>>>>>>>>>>>>>>>>>>>>>>>>>>>>>>>>>>>>>>>>>>>>>>>>>>>>>>
 |                                                                    |
 | Setup plane waves of wave functions:                               |
 | Use the energy cutoff and the lattice vectors to generate the      |
 | dimensions of FFT grid. The number of FFT grid on each processor   |
 | is 'nrxx'. The number of plane wave basis in reciprocal space is   |
 | different for charege/potential and wave functions. We also set    |
 | the 'sticks' for the parallel of FFT. The number of plane wave of  |
 | each k-point is 'npwk[ik]' in each processor                       |
 <<<<<<<<<<<<<<<<<<<<<<<<<<<<<<<<<<<<<<<<<<<<<<<<<<<<<<<<<<<<<<<<<<<<<<





 SETUP PLANE WAVES FOR WAVE FUNCTIONS
     energy cutoff for wavefunc (unit:Ry) = 100
              fft grid for wave functions = [ 40, 40, 432 ]
                    number of plane waves = 46489
                         number of sticks = 313

 PARALLEL PW FOR WAVE FUNCTIONS
     PROC   COLUMNS(POT)             PW
        1            313          46489
 --------------- sum -------------------
        1            313          46489
 DONE : INIT PLANEWAVE Time : 0.852485 (SEC)


 Warning_Memory_Consuming allocated:  SF::strucFac 8.49905 MB
 SET NONLOCAL PSEUDOPOTENTIAL PROJECTORS
 SET NONLOCAL PSEUDOPOTENTIAL PROJECTORS
 max number of nonlocal projetors among all species is 6

 Warning_Memory_Consuming allocated:  DensityMatrix::DMK 12.3871 MB
 DONE : LOCAL POTENTIAL Time : 1.15997 (SEC)


 Warning_Memory_Consuming allocated:  Chg::rho 5.27344 MB

 Warning_Memory_Consuming allocated:  Chg::rho_save 5.27344 MB

 Warning_Memory_Consuming allocated:  Chg::rho_core 5.27344 MB

 Warning_Memory_Consuming allocated:  Pot::veff_fix 5.27344 MB

 Warning_Memory_Consuming allocated:  Pot::veff 5.27344 MB

 Warning_Memory_Consuming allocated:  Pot::veff_smooth 5.27344 MB

 -------------------------------------------
 SELF-CONSISTENT
 -------------------------------------------

DFT-D3 Dispersion correction parameters autoset
----------------------------------
 Parameters  Original   Autoset   
----------------------------------
         s6    default     1.0000 
         s8    default     0.7875 
         a1    default     0.4289 
         a2    default     4.4407 
----------------------------------
XC functional: pbe




 >>>>>>>>>>>>>>>>>>>>>>>>>>>>>>>>>>>>>>>>>>>>>>>>>>>>>>>>>>>>>>>>>>>>>>
 |                                                                    |
 | Search adjacent atoms:                                             |
 | Set the adjacent atoms for each atom and set the periodic boundary |
 | condition for the atoms on real space FFT grid. For k-dependent    |
 | algorithm, we also need to set the sparse H and S matrix element   |
 | for each atom.                                                     |
 |                                                                    |
 <<<<<<<<<<<<<<<<<<<<<<<<<<<<<<<<<<<<<<<<<<<<<<<<<<<<<<<<<<<<<<<<<<<<<<





 SETUP SEARCHING RADIUS FOR PROGRAM TO SEARCH ADJACENT ATOMS
                  longest orb rcut (Bohr) = 7
   longest nonlocal projector rcut (Bohr) = 1.66
                     search radius (Bohr) = 17.3
              searching radius is (Bohr)) = 17.3
         searching radius unit is (Bohr)) = 1.89
                         PeriodicBoundary = 1
                        Radius(unit:lat0) = 9.17
                                   glayer = [ 5, 5, 2 ]
                             glayer_minus = [ 4, 4, 1 ]

Find the coordinate range of the input atom(unit:lat0).
                                  min_tau = [ -11.2, -23.1, -32.8 ]
                                  max_tau = [ 14.4, 23.1, 39.3 ]
                                BoxNumber = [ 9, 9, 3 ]

 SETUP EXTENDED REAL SPACE GRID FOR GRID INTEGRATION
                          real space grid = [ 40, 40, 432 ]
                 big cell numbers in grid = [ 8, 8, 108 ]
             meshcell numbers in big cell = [ 5, 5, 4 ]
                        extended fft grid = [ 11, 11, 12 ]
                dimension of extened grid = [ 31, 31, 133 ]
                            UnitCellTotal = 75
              Atom number in sub-FFT-grid = 3
    Local orbitals number in sub-FFT-grid = 53
                                ParaV.nnr = 47911
                                 init_chg = file
 try to read charge from file
 Read in the charge density: OUT.POLAR//POLAR-CHARGE-DENSITY.restart
 DONE : INIT SCF Time : 1.38958 (SEC)


 LCAO ALGORITHM --------------- ION=   1  ELEC=   1--------------------------------

 Density error is 0.0157608252845
----------------------------------------------------------
     Energy           Rydberg                 eV          
----------------------------------------------------------
 E_KohnSham     -184.7656751141      -2513.8659763679     
 E_Harris       -184.7470502560      -2513.6125721736     
 E_Fermi        -0.1623422444        -2.2087795496        
----------------------------------------------------------


 LCAO ALGORITHM --------------- ION=   1  ELEC=   2--------------------------------

 Density error is 0.0031126286808
----------------------------------------------------------
     Energy           Rydberg                 eV          
----------------------------------------------------------
 E_KohnSham     -184.7701727407      -2513.9271697173     
 E_Harris       -184.8525031484      -2515.0473323816     
 E_Fermi        -0.1607143609        -2.1866310581        
----------------------------------------------------------


 LCAO ALGORITHM --------------- ION=   1  ELEC=   3--------------------------------

 Density error is 0.0010211563348
----------------------------------------------------------
     Energy           Rydberg                 eV          
----------------------------------------------------------
 E_KohnSham     -184.7702849320      -2513.9286961585     
 E_Harris       -184.6034307995      -2511.6585292214     
 E_Fermi        -0.1613525643        -2.1953142610        
----------------------------------------------------------


 LCAO ALGORITHM --------------- ION=   1  ELEC=   4--------------------------------

 Density error is 0.00247214105797
----------------------------------------------------------
     Energy           Rydberg                 eV          
----------------------------------------------------------
 E_KohnSham     -184.7702625548      -2513.9283917019     
 E_Harris       -185.2271107376      -2520.1441301080     
 E_Fermi        -0.1602586548        -2.1804308585        
----------------------------------------------------------


 LCAO ALGORITHM --------------- ION=   1  ELEC=   5--------------------------------

 Density error is 0.000112133241425
----------------------------------------------------------
     Energy           Rydberg                 eV          
----------------------------------------------------------
 E_KohnSham     -184.7703250636      -2513.9292421778     
 E_Harris       -184.7518236150      -2513.6775170547     
 E_Fermi        -0.1610839472        -2.1916595384        
----------------------------------------------------------


 LCAO ALGORITHM --------------- ION=   1  ELEC=   6--------------------------------

 Density error is 1.23379306403e-05
----------------------------------------------------------
     Energy           Rydberg                 eV          
----------------------------------------------------------
 E_KohnSham     -184.7703251451      -2513.9292432864     
 E_Harris       -184.7707414577      -2513.9349075089     
 E_Fermi        -0.1610548002        -2.1912629735        
----------------------------------------------------------


 LCAO ALGORITHM --------------- ION=   1  ELEC=   7--------------------------------

 Density error is 9.34285536238e-07
----------------------------------------------------------
     Energy           Rydberg                 eV          
----------------------------------------------------------
 E_KohnSham     -184.7703251488      -2513.9292433360     
 E_Harris       -184.7703829400      -2513.9300296261     
 E_Fermi        -0.1610567018        -2.1912888461        
----------------------------------------------------------


 LCAO ALGORITHM --------------- ION=   1  ELEC=   8--------------------------------

 Density error is 3.33125184043e-07
----------------------------------------------------------
     Energy           Rydberg                 eV          
----------------------------------------------------------
 E_KohnSham     -184.7703251475      -2513.9292433189     
 E_Harris       -184.7704004944      -2513.9302684656     
 E_Fermi        -0.1610571855        -2.1912954267        
----------------------------------------------------------


 LCAO ALGORITHM --------------- ION=   1  ELEC=   9--------------------------------

 Density error is 1.73095127816e-07
----------------------------------------------------------
     Energy           Rydberg                 eV          
----------------------------------------------------------
 E_KohnSham     -184.7703251458      -2513.9292432950     
 E_Harris       -184.7703912593      -2513.9301428154     
 E_Fermi        -0.1610576841        -2.1913022098        
----------------------------------------------------------


 LCAO ALGORITHM --------------- ION=   1  ELEC=  10--------------------------------

 Density error is 1.28341131739e-07
----------------------------------------------------------
     Energy           Rydberg                 eV          
----------------------------------------------------------
 E_KohnSham     -184.7703251441      -2513.9292432719     
 E_Harris       -184.7703728745      -2513.9298926776     
 E_Fermi        -0.1610580824        -2.1913076297        
----------------------------------------------------------


 LCAO ALGORITHM --------------- ION=   1  ELEC=  11--------------------------------

 Density error is 6.7596577619e-08
----------------------------------------------------------
     Energy           Rydberg                 eV          
----------------------------------------------------------
 E_KohnSham     -184.7703251418      -2513.9292432417     
 E_Harris       -184.7703583319      -2513.9296948153     
 E_Fermi        -0.1610585496        -2.1913139865        
----------------------------------------------------------


 LCAO ALGORITHM --------------- ION=   1  ELEC=  12--------------------------------

 Density error is 4.33937671942e-08
----------------------------------------------------------
     Energy           Rydberg                 eV          
----------------------------------------------------------
 E_KohnSham     -184.7703251404      -2513.9292432227     
 E_Harris       -184.7703474638      -2513.9295469474     
 E_Fermi        -0.1610588423        -2.1913179680        
----------------------------------------------------------


 LCAO ALGORITHM --------------- ION=   1  ELEC=  13--------------------------------

 Density error is 2.81748981929e-08
----------------------------------------------------------
     Energy           Rydberg                 eV          
----------------------------------------------------------
 E_KohnSham     -184.7703251395      -2513.9292432099     
 E_Harris       -184.7703410634      -2513.9294598653     
 E_Fermi        -0.1610590494        -2.1913207861        
----------------------------------------------------------


 LCAO ALGORITHM --------------- ION=   1  ELEC=  14--------------------------------

 Density error is 1.74022390907e-08
----------------------------------------------------------
     Energy           Rydberg                 eV          
----------------------------------------------------------
 E_KohnSham     -184.7703251386      -2513.9292431982     
 E_Harris       -184.7703349163      -2513.9293762296     
 E_Fermi        -0.1610592420        -2.1913234066        
----------------------------------------------------------


 LCAO ALGORITHM --------------- ION=   1  ELEC=  15--------------------------------

 Density error is 1.20076752274e-08
----------------------------------------------------------
     Energy           Rydberg                 eV          
----------------------------------------------------------
 E_KohnSham     -184.7703251384      -2513.9292431944     
 E_Harris       -184.7703316828      -2513.9293322357     
 E_Fermi        -0.1610593494        -2.1913248678        
----------------------------------------------------------


 LCAO ALGORITHM --------------- ION=   1  ELEC=  16--------------------------------

 Density error is 8.39160300524e-09
----------------------------------------------------------
     Energy           Rydberg                 eV          
----------------------------------------------------------
 E_KohnSham     -184.7703251381      -2513.9292431914     
 E_KS(sigma->0) -184.7703251381      -2513.9292431914     
 E_Harris       -184.7703295642      -2513.9293034108     
 E_band         -36.6937435619       -499.2439933921      
 E_one_elec     -2298.1430036516     -31267.8396684967    
 E_Hartree      1147.5691533618      15613.4793347570     
 E_xc           -33.4425913444       -455.0097981695      
 E_Ewald        999.3142835112       13596.3683485403     
 E_entropy(-TS) -0.0000000000        -0.0000000000        
 E_descf        0.0000000000         0.0000000000         
 E_vdwD3        -0.0681670152        -0.9274598226        
 E_exx          0.0000000000         0.0000000000         
 E_Fermi        -0.1610594220        -2.1913258554        
----------------------------------------------------------


 charge density convergence is achieved
 final etot is -2513.9292432 eV
 EFERMI = -2.1913258554 eV

 STATE ENERGY(eV) AND OCCUPATIONS    NSPIN == 1
 1/289 kpoint (Cartesian) = 0.0000 0.0000 0.0000 (34971 pws)
       1       -63.6437     0.00183655
       2       -37.9153     0.00183655
       3       -37.7181     0.00183655
       4       -37.7156     0.00183655
       5       -17.2282     0.00183655
       6       -15.9180     0.00183655
       7       -8.65475     0.00183655
       8       -5.58920     0.00183655
       9       -5.56738     0.00183655
      10       -4.73732     0.00183655
      11       -4.50228     0.00183655
      12       -4.40635     0.00183655
      13       -2.80214     0.00183655
      14      -0.128001        0.00000
      15     -0.0174181        0.00000
      16      0.0405458        0.00000
      17      0.0811923        0.00000
      18        4.96542        0.00000
      19        8.56865        0.00000
      20        10.5768        0.00000
      21        10.8761        0.00000
      22        11.1698        0.00000
      23        11.2029        0.00000

 2/289 kpoint (Cartesian) = 0.0094749 -0.0054703 0.0000 (34993 pws)
       1       -63.6434     0.00734619
       2       -37.9147     0.00734619
       3       -37.7212     0.00734619
       4       -37.7167     0.00734619
       5       -17.2146     0.00734619
       6       -15.9126     0.00734619
       7       -8.63839     0.00734619
       8       -5.60826     0.00734619
       9       -5.56666     0.00734619
      10       -4.85856     0.00734619
      11       -4.46745     0.00734619
      12       -4.36388     0.00734619
      13       -2.81103     0.00734619
      14      -0.120362        0.00000
      15     -0.0241772        0.00000
      16      0.0137004        0.00000
      17      0.0637201        0.00000
      18        5.02318        0.00000
      19        8.59198        0.00000
      20        10.5408        0.00000
      21        10.8366        0.00000
      22        11.1032        0.00000
      23        11.1974        0.00000

 3/289 kpoint (Cartesian) = 0.018950 -0.010941 0.0000 (34971 pws)
       1       -63.6424     0.00734619
       2       -37.9127     0.00734619
       3       -37.7312     0.00734619
       4       -37.7192     0.00734619
       5       -17.1743     0.00734619
       6       -15.8962     0.00734619
       7       -8.59006     0.00734619
       8       -5.70264     0.00734619
       9       -5.52449     0.00734619
      10       -5.06653     0.00734619
      11       -4.52416     0.00734619
      12       -4.23077     0.00734619
      13       -2.83937     0.00734619
      14      -0.139660        0.00000
      15     -0.0661951        0.00000
      16     0.00360651        0.00000
      17      0.0183094        0.00000
      18        5.19113        0.00000
      19        8.67037        0.00000
      20        10.3564        0.00000
      21        10.7285        0.00000
      22        11.0058        0.00000
      23        11.2477        0.00000

 4/289 kpoint (Cartesian) = 0.028425 -0.016411 0.0000 (34943 pws)
       1       -63.6408     0.00734619
       2       -37.9095     0.00734619
       3       -37.7477     0.00734619
       4       -37.7230     0.00734619
       5       -17.1081     0.00734619
       6       -15.8693     0.00734619
       7       -8.51214     0.00734619
       8       -5.85247     0.00734619
       9       -5.45307     0.00734619
      10       -5.29400     0.00734619
      11       -4.62781     0.00734619
      12       -4.11820     0.00734619
      13       -2.89178     0.00734619
      14      -0.196638        0.00000
      15      -0.183894        0.00000
      16     -0.0494175        0.00000
      17      0.0924301        0.00000
      18        5.45375        0.00000
      19        8.82030        0.00000
      20        10.0019        0.00000
      21        10.5744        0.00000
      22        11.0321        0.00000
      23        11.3372        0.00000

 5/289 kpoint (Cartesian) = 0.037900 -0.021881 0.0000 (34937 pws)
       1       -63.6387     0.00734619
       2       -37.9052     0.00734619
       3       -37.7699     0.00734619
       4       -37.7281     0.00734619
       5       -17.0172     0.00734619
       6       -15.8325     0.00734619
       7       -8.40911     0.00734619
       8       -6.04323     0.00734619
       9       -5.53009     0.00734619
      10       -5.35600     0.00734619
      11       -4.76104     0.00734619
      12       -4.05254     0.00734619
      13       -2.97411     0.00734619
      14      -0.314530        0.00000
      15      -0.242711        0.00000
      16      -0.135575        0.00000
      17       0.213764        0.00000
      18        5.78642        0.00000
      19        9.04984        0.00000
      20        9.59393        0.00000
      21        10.3962        0.00000
      22        11.1099        0.00000
      23        11.4683        0.00000

 6/289 kpoint (Cartesian) = 0.047375 -0.027352 0.0000 (34897 pws)
       1       -63.6360     0.00734619
       2       -37.9000     0.00734619
       3       -37.7970     0.00734619
       4       -37.7343     0.00734619
       5       -16.9037     0.00734619
       6       -15.7865     0.00734619
       7       -8.28860     0.00734619
       8       -6.25879     0.00734619
       9       -5.77104     0.00734619
      10       -5.23662     0.00734619
      11       -4.91329     0.00734619
      12       -4.04222     0.00734619
      13       -3.09041     0.00734619
      14      -0.433980        0.00000
      15      -0.246507        0.00000
      16      -0.234459        0.00000
      17       0.352210        0.00000
      18        6.15586        0.00000
      19        9.19476        0.00000
      20        9.34644        0.00000
      21        10.2137        0.00000
      22        11.1531        0.00000
      23        11.6419        0.00000

 7/289 kpoint (Cartesian) = 0.056849 -0.032822 0.0000 (34873 pws)
       1       -63.6330     0.00734619
       2       -37.8940     0.00734619
       3       -37.8279     0.00734619
       4       -37.7414     0.00734619
       5       -16.7702     0.00734619
       6       -15.7324     0.00734619
       7       -8.16326     0.00734619
       8       -6.48043     0.00734619
       9       -6.01487     0.00734619
      10       -5.09909     0.00734619
      11       -5.07541     0.00734619
      12       -4.08505     0.00734619
      13       -3.23891     0.00734619
      14      -0.524497        0.00000
      15      -0.339334        0.00000
      16      -0.192553        0.00000
      17       0.497052        0.00000
      18        6.51947        0.00000
      19        8.81992        0.00000
      20        9.63771        0.00000
      21        10.0863        0.00000
      22        11.1074        0.00000
      23        11.8465        0.00000

 8/289 kpoint (Cartesian) = 0.066324 -0.038292 0.0000 (34831 pws)
       1       -63.6297     0.00734619
       2       -37.8874     0.00734619
       3       -37.8614     0.00734619
       4       -37.7491     0.00734619
       5       -16.6197     0.00734619
       6       -15.6716     0.00734619
       7       -8.05406     0.00734619
       8       -6.68488     0.00734619
       9       -6.25986     0.00734619
      10       -5.23974     0.00734619
      11       -4.94840     0.00734619
      12       -4.16932     0.00734619
      13       -3.40928     0.00734619
      14      -0.577844        0.00000
      15      -0.443170        0.00000
      16     -0.0803805        0.00000
      17       0.639812        0.00000
      18        6.82530        0.00000
      19        8.46311        0.00000
      20        9.64044        0.00000
      21        10.2671        0.00000
      22        11.0383        0.00000
      23        11.9985        0.00000

 9/289 kpoint (Cartesian) = 0.075799 -0.043763 0.0000 (34861 pws)
       1       -63.6263     0.00734619
       2       -37.8963     0.00734619
       3       -37.8805     0.00734619
       4       -37.7572     0.00734619
       5       -16.4563     0.00734619
       6       -15.6057     0.00734619
       7       -7.99311     0.00734619
       8       -6.84216     0.00734619
       9       -6.50360     0.00734619
      10       -5.40009     0.00734619
      11       -4.79036     0.00734619
      12       -4.27843     0.00734619
      13       -3.58299     0.00734619
      14      -0.595589        0.00000
      15      -0.538291        0.00000
      16      0.0798512        0.00000
      17       0.774063        0.00000
      18        7.01519        0.00000
      19        8.11590        0.00000
      20        9.43940        0.00000
      21        10.6172        0.00000
      22        11.0511        0.00000
      23        11.8080        0.00000

 10/289 kpoint (Cartesian) = 0.085274 -0.049233 0.0000 (34839 pws)
       1       -63.6228     0.00734619
       2       -37.9314     0.00734619
       3       -37.8735     0.00734619
       4       -37.7653     0.00734619
       5       -16.2844     0.00734619
       6       -15.5369     0.00734619
       7       -8.01322     0.00734619
       8       -6.92585     0.00734619
       9       -6.74253     0.00734619
      10       -5.55161     0.00734619
      11       -4.63141     0.00734619
      12       -4.39631     0.00734619
      13       -3.73664     0.00734619
      14      -0.628959        0.00000
      15      -0.573758        0.00000
      16       0.273160        0.00000
      17       0.895379        0.00000
      18        7.02066        0.00000
      19        7.80907        0.00000
      20        9.19194        0.00000
      21        10.8726        0.00000
      22        11.1949        0.00000
      23        11.7917        0.00000

 11/289 kpoint (Cartesian) = 0.094749 -0.054703 0.0000 (34831 pws)
       1       -63.6194     0.00734619
       2       -37.9653     0.00734619
       3       -37.8667     0.00734619
       4       -37.7732     0.00734619
       5       -16.1096     0.00734619
       6       -15.4673     0.00734619
       7       -8.11522     0.00734619
       8       -6.97176     0.00734619
       9       -6.94380     0.00734619
      10       -5.69050     0.00734619
      11       -4.51057     0.00734619
      12       -4.47831     0.00734619
      13       -3.84702     0.00734619
      14      -0.694333        0.00000
      15      -0.536981        0.00000
      16       0.483697        0.00000
      17        1.00120        0.00000
      18        6.77601        0.00000
      19        7.62468        0.00000
      20        8.92264        0.00000
      21        10.9408        0.00000
      22        11.4342        0.00000
      23        12.0206        0.00000

 12/289 kpoint (Cartesian) = 0.10422 -0.060174 0.0000 (34758 pws)
       1       -63.6162     0.00734619
       2       -37.9968     0.00734619
       3       -37.8603     0.00734619
       4       -37.7806     0.00734619
       5       -15.9381     0.00734619
       6       -15.3998     0.00734619
       7       -8.26483     0.00734619
       8       -7.18535     0.00734619
       9       -6.93656     0.00734619
      10       -5.81389     0.00734619
      11       -4.61328     0.00734619
      12       -4.33761     0.00734619
      13       -3.89760     0.00734619
      14      -0.742617        0.00000
      15      -0.482815        0.00000
      16       0.696349        0.00000
      17        1.09064        0.00000
      18        6.35589        0.00000
      19        7.54121        0.00000
      20        8.64688        0.00000
      21        10.9378        0.00000
      22        11.6336        0.00000
      23        12.3554        0.00000

 13/289 kpoint (Cartesian) = 0.11370 -0.065644 0.0000 (34772 pws)
       1       -63.6133     0.00734619
       2       -38.0250     0.00734619
       3       -37.8546     0.00734619
       4       -37.7872     0.00734619
       5       -15.7770     0.00734619
       6       -15.3371     0.00734619
       7       -8.42687     0.00734619
       8       -7.37678     0.00734619
       9       -6.93712     0.00734619
      10       -5.91955     0.00734619
      11       -4.70015     0.00734619
      12       -4.21483     0.00734619
      13       -3.88554     0.00734619
      14      -0.772548        0.00000
      15      -0.419965        0.00000
      16       0.896859        0.00000
      17        1.16434        0.00000
      18        5.88494        0.00000
      19        7.49282        0.00000
      20        8.38253        0.00000
      21        10.9527        0.00000
      22        11.6585        0.00000
      23        12.4995        0.00000

 14/289 kpoint (Cartesian) = 0.12317 -0.071114 0.0000 (34762 pws)
       1       -63.6109     0.00734619
       2       -38.0487     0.00734619
       3       -37.8497     0.00734619
       4       -37.7928     0.00734619
       5       -15.6341     0.00734619
       6       -15.2821     0.00734619
       7       -8.57821     0.00734619
       8       -7.53951     0.00734619
       9       -6.95511     0.00734619
      10       -6.00583     0.00734619
      11       -4.76939     0.00734619
      12       -4.11367     0.00734619
      13       -3.82478     0.00734619
      14      -0.786644        0.00000
      15      -0.355380        0.00000
      16        1.07058        0.00000
      17        1.22540        0.00000
      18        5.43384        0.00000
      19        7.45943        0.00000
      20        8.14754        0.00000
      21        11.0011        0.00000
      22        11.5736        0.00000
      23        12.3216        0.00000

 15/289 kpoint (Cartesian) = 0.13265 -0.076585 0.0000 (34726 pws)
       1       -63.6090     0.00734619
       2       -38.0672     0.00734619
       3       -37.8459     0.00734619
       4       -37.7972     0.00734619
       5       -15.5176     0.00734619
       6       -15.2379     0.00734619
       7       -8.70397     0.00734619
       8       -7.66755     0.00734619
       9       -6.98402     0.00734619
      10       -6.07152     0.00734619
      11       -4.82071     0.00734619
      12       -4.03639     0.00734619
      13       -3.74140     0.00734619
      14      -0.789599        0.00000
      15      -0.296088        0.00000
      16        1.19632        0.00000
      17        1.28527        0.00000
      18        5.04875        0.00000
      19        7.43684        0.00000
      20        7.95734        0.00000
      21        11.0708        0.00000
      22        11.4670        0.00000
      23        12.1570        0.00000

 16/289 kpoint (Cartesian) = 0.14212 -0.082055 0.0000 (34742 pws)
       1       -63.6077     0.00734619
       2       -38.0799     0.00734619
       3       -37.8433     0.00734619
       4       -37.8002     0.00734619
       5       -15.4348     0.00734619
       6       -15.2068     0.00734619
       7       -8.79379     0.00734619
       8       -7.75592     0.00734619
       9       -7.01198     0.00734619
      10       -6.11576     0.00734619
      11       -4.85447     0.00734619
      12       -3.98446     0.00734619
      13       -3.66462     0.00734619
      14      -0.787120        0.00000
      15      -0.249764        0.00000
      16        1.25448        0.00000
      17        1.35564        0.00000
      18        4.76680        0.00000
      19        7.42317        0.00000
      20        7.82381        0.00000
      21        11.1392        0.00000
      22        11.3799        0.00000
      23        12.0342        0.00000

 17/289 kpoint (Cartesian) = 0.15160 -0.087525 0.0000 (34756 pws)
       1       -63.6070     0.00734619
       2       -38.0864     0.00734619
       3       -37.8420     0.00734619
       4       -37.8017     0.00734619
       5       -15.3917     0.00734619
       6       -15.1908     0.00734619
       7       -8.84056     0.00734619
       8       -7.80103     0.00734619
       9       -7.02873     0.00734619
      10       -6.13801     0.00734619
      11       -4.87118     0.00734619
      12       -3.95847     0.00734619
      13       -3.61916     0.00734619
      14      -0.784355        0.00000
      15      -0.224037        0.00000
      16        1.27437        0.00000
      17        1.40153        0.00000
      18        4.61730        0.00000
      19        7.41684        0.00000
      20        7.75500        0.00000
      21        11.1817        0.00000
      22        11.3322        0.00000
      23        11.9690        0.00000

 18/289 kpoint (Cartesian) = 0.018950 0.0000 0.0000 (34977 pws)
       1       -63.6427     0.00367309
       2       -37.9134     0.00367309
       3       -37.7284     0.00367309
       4       -37.7180     0.00367309
       5       -17.1877     0.00367309
       6       -15.9018     0.00367309
       7       -8.60594     0.00367309
       8       -5.66502     0.00367309
       9       -5.54514     0.00367309
      10       -5.01591     0.00367309
      11       -4.48017     0.00367309
      12       -4.28126     0.00367309
      13       -2.83030     0.00367309
      14     -0.0886016        0.00000
      15     -0.0515163        0.00000
      16     -0.0446806        0.00000
      17      0.0375552        0.00000
      18        5.13645        0.00000
      19        8.64327        0.00000
      20        10.4281        0.00000
      21        10.7633        0.00000
      22        11.0226        0.00000
      23        11.2236        0.00000

 19/289 kpoint (Cartesian) = 0.028425 -0.0054703 0.0000 (34963 pws)
       1       -63.6414     0.00734619
       2       -37.9108     0.00734619
       3       -37.7416     0.00734619
       4       -37.7211     0.00734619
       5       -17.1343     0.00734619
       6       -15.8802     0.00734619
       7       -8.54267     0.00734619
       8       -5.78855     0.00734619
       9       -5.48685     0.00734619
      10       -5.21827     0.00734619
      11       -4.57715     0.00734619
      12       -4.15628     0.00734619
      13       -2.87138     0.00734619
      14      -0.154159        0.00000
      15      -0.142664        0.00000
      16     -0.0195921        0.00000
      17      0.0337195        0.00000
      18        5.35251        0.00000
      19        8.75858        0.00000
      20        10.1385        0.00000
      21        10.6344        0.00000
      22        11.0030        0.00000
      23        11.3116        0.00000

 20/289 kpoint (Cartesian) = 0.037900 -0.010941 0.0000 (34935 pws)
       1       -63.6396     0.00734619
       2       -37.9071     0.00734619
       3       -37.7608     0.00734619
       4       -37.7257     0.00734619
       5       -17.0557     0.00734619
       6       -15.8485     0.00734619
       7       -8.45192     0.00734619
       8       -5.95923     0.00734619
       9       -5.43795     0.00734619
      10       -5.40215     0.00734619
      11       -4.70988     0.00734619
      12       -4.06362     0.00734619
      13       -2.93954     0.00734619
      14      -0.264142        0.00000
      15      -0.221502        0.00000
      16     -0.0989459        0.00000
      17       0.153767        0.00000
      18        5.65165        0.00000
      19        8.95030        0.00000
      20        9.75132        0.00000
      21        10.4720        0.00000
      22        11.0633        0.00000
      23        11.4358        0.00000

 21/289 kpoint (Cartesian) = 0.047375 -0.016411 0.0000 (34927 pws)
       1       -63.6372     0.00734619
       2       -37.9023     0.00734619
       3       -37.7853     0.00734619
       4       -37.7316     0.00734619
       5       -16.9534     0.00734619
       6       -15.8071     0.00734619
       7       -8.33958     0.00734619
       8       -6.16218     0.00734619
       9       -5.66654     0.00734619
      10       -5.29427     0.00734619
      11       -4.86604     0.00734619
      12       -4.02033     0.00734619
      13       -3.03982     0.00734619
      14      -0.386799        0.00000
      15      -0.257501        0.00000
      16      -0.193350        0.00000
      17       0.293731        0.00000
      18        6.00519        0.00000
      19        9.21658        0.00000
      20        9.35339        0.00000
      21        10.2947        0.00000
      22        11.1391        0.00000
      23        11.5568        0.00000

 22/289 kpoint (Cartesian) = 0.056849 -0.021881 0.0000 (34885 pws)
       1       -63.6344     0.00734619
       2       -37.8966     0.00734619
       3       -37.8140     0.00734619
       4       -37.7384     0.00734619
       5       -16.8299     0.00734619
       6       -15.7571     0.00734619
       7       -8.21551     0.00734619
       8       -6.38035     0.00734619
       9       -5.90093     0.00734619
      10       -5.16706     0.00734619
      11       -5.03489     0.00734619
      12       -4.03128     0.00734619
      13       -3.17340     0.00734619
      14      -0.490621        0.00000
      15      -0.295445        0.00000
      16      -0.241460        0.00000
      17       0.443690        0.00000
      18        6.37514        0.00000
      19        8.97799        0.00000
      20        9.52646        0.00000
      21        10.1282        0.00000
      22        11.1463        0.00000
      23        11.6328        0.00000

 23/289 kpoint (Cartesian) = 0.066324 -0.027352 0.0000 (34852 pws)
       1       -63.6312     0.00734619
       2       -37.8903     0.00734619
       3       -37.8460     0.00734619
       4       -37.7460     0.00734619
       5       -16.6878     0.00734619
       6       -15.6997     0.00734619
       7       -8.09604     0.00734619
       8       -6.59323     0.00734619
       9       -6.13951     0.00734619
      10       -5.20683     0.00734619
      11       -5.02540     0.00734619
      12       -4.09092     0.00734619
      13       -3.33400     0.00734619
      14      -0.563745        0.00000
      15      -0.397101        0.00000
      16      -0.166116        0.00000
      17       0.594927        0.00000
      18        6.71318        0.00000
      19        8.62810        0.00000
      20        9.70069        0.00000
      21        10.1293        0.00000
      22        11.0675        0.00000
      23        11.7487        0.00000

 24/289 kpoint (Cartesian) = 0.075799 -0.032822 0.0000 (34840 pws)
       1       -63.6278     0.00734619
       2       -37.8836     0.00734619
       3       -37.8800     0.00734619
       4       -37.7542     0.00734619
       5       -16.5307     0.00734619
       6       -15.6363     0.00734619
       7       -8.00778     0.00734619
       8       -6.77418     0.00734619
       9       -6.38052     0.00734619
      10       -5.37392     0.00734619
      11       -4.87526     0.00734619
      12       -4.18586     0.00734619
      13       -3.50652     0.00734619
      14      -0.605928        0.00000
      15      -0.487885        0.00000
      16     -0.0369751        0.00000
      17       0.740455        0.00000
      18        6.96181        0.00000
      19        8.29345        0.00000
      20        9.55498        0.00000
      21        10.4417        0.00000
      22        11.0181        0.00000
      23        11.7523        0.00000

 25/289 kpoint (Cartesian) = 0.085274 -0.038292 0.0000 (34833 pws)
       1       -63.6243     0.00734619
       2       -37.9148     0.00734619
       3       -37.8766     0.00734619
       4       -37.7625     0.00734619
       5       -16.3629     0.00734619
       6       -15.5688     0.00734619
       7       -7.98595     0.00734619
       8       -6.89244     0.00734619
       9       -6.62091     0.00734619
      10       -5.53030     0.00734619
      11       -4.72371     0.00734619
      12       -4.30000     0.00734619
      13       -3.66885     0.00734619
      14      -0.636706        0.00000
      15      -0.545358        0.00000
      16       0.132672        0.00000
      17       0.875255        0.00000
      18        7.05738        0.00000
      19        7.97797        0.00000
      20        9.32239        0.00000
      21        10.7536        0.00000
      22        11.0887        0.00000
      23        11.6647        0.00000

 26/289 kpoint (Cartesian) = 0.094749 -0.043763 0.0000 (34839 pws)
       1       -63.6209     0.00734619
       2       -37.9491     0.00734619
       3       -37.8697     0.00734619
       4       -37.7707     0.00734619
       5       -16.1894     0.00734619
       6       -15.4995     0.00734619
       7       -8.05041     0.00734619
       8       -6.93621     0.00734619
       9       -6.85603     0.00734619
      10       -5.67204     0.00734619
      11       -4.57875     0.00734619
      12       -4.41901     0.00734619
      13       -3.79576     0.00734619
      14      -0.683959        0.00000
      15      -0.543618        0.00000
      16       0.326738        0.00000
      17       0.996274        0.00000
      18        6.92855        0.00000
      19        7.74056        0.00000
      20        9.06090        0.00000
      21        10.8962        0.00000
      22        11.2909        0.00000
      23        11.8103        0.00000

 27/289 kpoint (Cartesian) = 0.10422 -0.049233 0.0000 (34811 pws)
       1       -63.6176     0.00734619
       2       -37.9816     0.00734619
       3       -37.8631     0.00734619
       4       -37.7785     0.00734619
       5       -16.0159     0.00734619
       6       -15.4307     0.00734619
       7       -8.18047     0.00734619
       8       -7.07980     0.00734619
       9       -6.93457     0.00734619
      10       -5.79680     0.00734619
      11       -4.53229     0.00734619
      12       -4.44842     0.00734619
      13       -3.86505     0.00734619
      14      -0.729196        0.00000
      15      -0.505892        0.00000
      16       0.529140        0.00000
      17        1.10227        0.00000
      18        6.57870        0.00000
      19        7.61777        0.00000
      20        8.78749        0.00000
      21        10.9124        0.00000
      22        11.5398        0.00000
      23        12.1263        0.00000

 28/289 kpoint (Cartesian) = 0.11370 -0.054703 0.0000 (34779 pws)
       1       -63.6146     0.00734619
       2       -38.0112     0.00734619
       3       -37.8571     0.00734619
       4       -37.7857     0.00734619
       5       -15.8492     0.00734619
       6       -15.3652     0.00734619
       7       -8.33829     0.00734619
       8       -7.28533     0.00734619
       9       -6.92830     0.00734619
      10       -5.90327     0.00734619
      11       -4.63303     0.00734619
      12       -4.33740     0.00734619
      13       -3.86736     0.00734619
      14      -0.759759        0.00000
      15      -0.451530        0.00000
      16       0.724764        0.00000
      17        1.19353        0.00000
      18        6.12569        0.00000
      19        7.55218        0.00000
      20        8.51916        0.00000
      21        10.9220        0.00000
      22        11.6535        0.00000
      23        12.3414        0.00000

 29/289 kpoint (Cartesian) = 0.12317 -0.060174 0.0000 (34751 pws)
       1       -63.6119     0.00734619
       2       -38.0370     0.00734619
       3       -37.8518     0.00734619
       4       -37.7920     0.00734619
       5       -15.6969     0.00734619
       6       -15.3060     0.00734619
       7       -8.49536     0.00734619
       8       -7.46556     0.00734619
       9       -6.93807     0.00734619
      10       -5.99074     0.00734619
      11       -4.71744     0.00734619
      12       -4.24394     0.00734619
      13       -3.81419     0.00734619
      14      -0.775394        0.00000
      15      -0.389518        0.00000
      16       0.899769        0.00000
      17        1.27135        0.00000
      18        5.66095        0.00000
      19        7.50845        0.00000
      20        8.27345        0.00000
      21        10.9614        0.00000
      22        11.6036        0.00000
      23        12.3412        0.00000

 30/289 kpoint (Cartesian) = 0.13265 -0.065644 0.0000 (34727 pws)
       1       -63.6098     0.00734619
       2       -38.0580     0.00734619
       3       -37.8475     0.00734619
       4       -37.7971     0.00734619
       5       -15.5667     0.00734619
       6       -15.2560     0.00734619
       7       -8.63370     0.00734619
       8       -7.61388     0.00734619
       9       -6.96358     0.00734619
      10       -6.05880     0.00734619
      11       -4.78373     0.00734619
      12       -4.16572     0.00734619
      13       -3.73127     0.00734619
      14      -0.779990        0.00000
      15      -0.326958        0.00000
      16        1.04247        0.00000
      17        1.33693        0.00000
      18        5.23956        0.00000
      19        7.47786        0.00000
      20        8.06600        0.00000
      21        11.0274        0.00000
      22        11.5022        0.00000
      23        12.1760        0.00000

 31/289 kpoint (Cartesian) = 0.14212 -0.071114 0.0000 (34745 pws)
       1       -63.6081     0.00734619
       2       -38.0735     0.00734619
       3       -37.8443     0.00734619
       4       -37.8009     0.00734619
       5       -15.4667     0.00734619
       6       -15.2180     0.00734619
       7       -8.74121     0.00734619
       8       -7.72456     0.00734619
       9       -6.99412     0.00734619
      10       -6.10717     0.00734619
      11       -4.83131     0.00734619
      12       -4.10604     0.00734619
      13       -3.64557     0.00734619
      14      -0.778735        0.00000
      15      -0.271666        0.00000
      16        1.14599        0.00000
      17        1.38853        0.00000
      18        4.90287        0.00000
      19        7.45763        0.00000
      20        7.90927        0.00000
      21        11.1017        0.00000
      22        11.4069        0.00000
      23        12.0258        0.00000

 32/289 kpoint (Cartesian) = 0.15160 -0.076585 0.0000 (34746 pws)
       1       -63.6072     0.00734619
       2       -38.0830     0.00734619
       3       -37.8423     0.00734619
       4       -37.8032     0.00734619
       5       -15.4035     0.00734619
       6       -15.1941     0.00734619
       7       -8.80936     0.00734619
       8       -7.79317     0.00734619
       9       -7.01782     0.00734619
      10       -6.13567     0.00734619
      11       -4.86018     0.00734619
      12       -4.06972     0.00734619
      13       -3.58104     0.00734619
      14      -0.776188        0.00000
      15      -0.232642        0.00000
      16        1.21110        0.00000
      17        1.41887        0.00000
      18        4.68470        0.00000
      19        7.44588        0.00000
      20        7.81218        0.00000
      21        11.1607        0.00000
      22        11.3430        0.00000
      23        11.9256        0.00000

 33/289 kpoint (Cartesian) = 0.16107 -0.082055 0.0000 (34776 pws)
       1       -63.6068     0.00734619
       2       -38.0862     0.00734619
       3       -37.8416     0.00734619
       4       -37.8040     0.00734619
       5       -15.3819     0.00734619
       6       -15.1859     0.00734619
       7       -8.83277     0.00734619
       8       -7.81691     0.00734619
       9       -7.02650     0.00734619
      10       -6.14424     0.00734619
      11       -4.87045     0.00734619
      12       -4.05931     0.00734619
      13       -3.55544     0.00734619
      14      -0.775182        0.00000
      15      -0.218030        0.00000
      16        1.24363        0.00000
      17        1.41809        0.00000
      18        4.60909        0.00000
      19        7.44122        0.00000
      20        7.78008        0.00000
      21        11.1833        0.00000
      22        11.3221        0.00000
      23        11.8894        0.00000

 34/289 kpoint (Cartesian) = 0.14212 0.092996 0.0000 (34746 pws)
       1       -63.6072     0.00734619
       2       -38.0829     0.00734619
       3       -37.8423     0.00734619
       4       -37.8033     0.00734619
       5       -15.4037     0.00734619
       6       -15.1938     0.00734619
       7       -8.80959     0.00734619
       8       -7.79477     0.00734619
       9       -7.01734     0.00734619
      10       -6.13290     0.00734619
      11       -4.86213     0.00734619
      12       -4.07547     0.00734619
      13       -3.57544     0.00734619
      14      -0.776635        0.00000
      15      -0.231300        0.00000
      16        1.24665        0.00000
      17        1.38181        0.00000
      18        4.68500        0.00000
      19        7.44322        0.00000
      20        7.81464        0.00000
      21        11.1609        0.00000
      22        11.3471        0.00000
      23        11.9220        0.00000

 35/289 kpoint (Cartesian) = 0.13265 0.087525 0.0000 (34745 pws)
       1       -63.6081     0.00734619
       2       -38.0734     0.00734619
       3       -37.8443     0.00734619
       4       -37.8010     0.00734619
       5       -15.4670     0.00734619
       6       -15.2173     0.00734619
       7       -8.74166     0.00734619
       8       -7.72764     0.00734619
       9       -6.99327     0.00734619
      10       -6.10185     0.00734619
      11       -4.83507     0.00734619
      12       -4.11737     0.00734619
      13       -3.63438     0.00734619
      14      -0.779681        0.00000
      15      -0.269127        0.00000
      16        1.20916        0.00000
      17        1.32259        0.00000
      18        4.90349        0.00000
      19        7.45258        0.00000
      20        7.91389        0.00000
      21        11.1022        0.00000
      22        11.4139        0.00000
      23        12.0198        0.00000

 36/289 kpoint (Cartesian) = 0.12317 0.082055 0.0000 (34727 pws)
       1       -63.6098     0.00734619
       2       -38.0578     0.00734619
       3       -37.8475     0.00734619
       4       -37.7972     0.00734619
       5       -15.5672     0.00734619
       6       -15.2551     0.00734619
       7       -8.63434     0.00734619
       8       -7.61823     0.00734619
       9       -6.96258     0.00734619
      10       -6.05137     0.00734619
      11       -4.78899     0.00734619
      12       -4.18176     0.00734619
      13       -3.71499     0.00734619
      14      -0.781656        0.00000
      15      -0.323338        0.00000
      16        1.10653        0.00000
      17        1.26932        0.00000
      18        5.24050        0.00000
      19        7.47085        0.00000
      20        8.07227        0.00000
      21        11.0280        0.00000
      22        11.5101        0.00000
      23        12.1701        0.00000

 37/289 kpoint (Cartesian) = 0.11370 0.076585 0.0000 (34751 pws)
       1       -63.6119     0.00734619
       2       -38.0367     0.00734619
       3       -37.8518     0.00734619
       4       -37.7922     0.00734619
       5       -15.6975     0.00734619
       6       -15.3049     0.00734619
       7       -8.49616     0.00734619
       8       -7.47083     0.00734619
       9       -6.93726     0.00734619
      10       -5.98189     0.00734619
      11       -4.72379     0.00734619
      12       -4.26243     0.00734619
      13       -3.79459     0.00734619
      14      -0.778343        0.00000
      15      -0.384647        0.00000
      16       0.949424        0.00000
      17        1.21787        0.00000
      18        5.66216        0.00000
      19        7.49998        0.00000
      20        8.28075        0.00000
      21        10.9620        0.00000
      22        11.6105        0.00000
      23        12.3401        0.00000

 38/289 kpoint (Cartesian) = 0.10422 0.071114 0.0000 (34779 pws)
       1       -63.6146     0.00734619
       2       -38.0109     0.00734619
       3       -37.8571     0.00734619
       4       -37.7860     0.00734619
       5       -15.8499     0.00734619
       6       -15.3639     0.00734619
       7       -8.33916     0.00734619
       8       -7.29100     0.00734619
       9       -6.92812     0.00734619
      10       -5.89393     0.00734619
      11       -4.63993     0.00734619
      12       -4.35471     0.00734619
      13       -3.84752     0.00734619
      14      -0.765095        0.00000
      15      -0.444684        0.00000
      16       0.759483        0.00000
      17        1.15517        0.00000
      18        6.12704        0.00000
      19        7.54270        0.00000
      20        8.52689        0.00000
      21        10.9222        0.00000
      22        11.6587        0.00000
      23        12.3480        0.00000

 39/289 kpoint (Cartesian) = 0.094749 0.065644 0.0000 (34811 pws)
       1       -63.6176     0.00734619
       2       -37.9812     0.00734619
       3       -37.8632     0.00734619
       4       -37.7788     0.00734619
       5       -16.0166     0.00734619
       6       -15.4293     0.00734619
       7       -8.18128     0.00734619
       8       -7.08521     0.00734619
       9       -6.93545     0.00734619
      10       -5.78815     0.00734619
      11       -4.53911     0.00734619
      12       -4.46122     0.00734619
      13       -3.84786     0.00734619
      14      -0.738926        0.00000
      15      -0.495365        0.00000
      16       0.551517        0.00000
      17        1.07683        0.00000
      18        6.57977        0.00000
      19        7.60787        0.00000
      20        8.79512        0.00000
      21        10.9114        0.00000
      22        11.5460        0.00000
      23        12.1263        0.00000

 40/289 kpoint (Cartesian) = 0.085274 0.060174 0.0000 (34839 pws)
       1       -63.6209     0.00734619
       2       -37.9486     0.00734619
       3       -37.8698     0.00734619
       4       -37.7710     0.00734619
       5       -16.1901     0.00734619
       6       -15.4980     0.00734619
       7       -8.05101     0.00734619
       8       -6.93842     0.00734619
       9       -6.86032     0.00734619
      10       -5.66546     0.00734619
      11       -4.58620     0.00734619
      12       -4.42511     0.00734619
      13       -3.78186     0.00734619
      14      -0.701562        0.00000
      15      -0.526112        0.00000
      16       0.339197        0.00000
      17       0.981562        0.00000
      18        6.92784        0.00000
      19        7.73184        0.00000
      20        9.06800        0.00000
      21        10.8925        0.00000
      22        11.2995        0.00000
      23        11.8141        0.00000

 41/289 kpoint (Cartesian) = 0.075799 0.054703 0.0000 (34833 pws)
       1       -63.6243     0.00734619
       2       -37.9143     0.00734619
       3       -37.8767     0.00734619
       4       -37.7629     0.00734619
       5       -16.3637     0.00734619
       6       -15.5674     0.00734619
       7       -7.98633     0.00734619
       8       -6.89597     0.00734619
       9       -6.62311     0.00734619
      10       -5.52724     0.00734619
      11       -4.72680     0.00734619
      12       -4.30472     0.00734619
      13       -3.65739     0.00734619
      14      -0.662721        0.00000
      15      -0.520365        0.00000
      16       0.136905        0.00000
      17       0.869672        0.00000
      18        7.05320        0.00000
      19        7.97251        0.00000
      20        9.32864        0.00000
      21        10.7469        0.00000
      22        11.0991        0.00000
      23        11.6725        0.00000

 42/289 kpoint (Cartesian) = 0.066324 0.049233 0.0000 (34840 pws)
       1       -63.6278     0.00734619
       2       -37.8836     0.00734619
       3       -37.8794     0.00734619
       4       -37.7546     0.00734619
       5       -16.5315     0.00734619
       6       -15.6350     0.00734619
       7       -8.00816     0.00734619
       8       -6.77869     0.00734619
       9       -6.37965     0.00734619
      10       -5.37578     0.00734619
      11       -4.87519     0.00734619
      12       -4.18860     0.00734619
      13       -3.49662     0.00734619
      14      -0.627296        0.00000
      15      -0.468332        0.00000
      16     -0.0400160        0.00000
      17       0.743015        0.00000
      18        6.95568        0.00000
      19        8.29054        0.00000
      20        9.56004        0.00000
      21        10.4353        0.00000
      22        11.0290        0.00000
      23        11.7610        0.00000

 43/289 kpoint (Cartesian) = 0.056849 0.043763 0.0000 (34852 pws)
       1       -63.6312     0.00734619
       2       -37.8904     0.00734619
       3       -37.8453     0.00734619
       4       -37.7466     0.00734619
       5       -16.6885     0.00734619
       6       -15.6985     0.00734619
       7       -8.09658     0.00734619
       8       -6.59848     0.00734619
       9       -6.13475     0.00734619
      10       -5.21482     0.00734619
      11       -5.02297     0.00734619
      12       -4.09112     0.00734619
      13       -3.32528     0.00734619
      14      -0.577432        0.00000
      15      -0.385742        0.00000
      16      -0.176175        0.00000
      17       0.605232        0.00000
      18        6.70699        0.00000
      19        8.62672        0.00000
      20        9.70282        0.00000
      21        10.1257        0.00000
      22        11.0757        0.00000
      23        11.7260        0.00000

 44/289 kpoint (Cartesian) = 0.047375 0.038292 0.0000 (34885 pws)
       1       -63.6344     0.00734619
       2       -37.8967     0.00734619
       3       -37.8133     0.00734619
       4       -37.7391     0.00734619
       5       -16.8305     0.00734619
       6       -15.7560     0.00734619
       7       -8.21617     0.00734619
       8       -6.38642     0.00734619
       9       -5.89174     0.00734619
      10       -5.16268     0.00734619
      11       -5.05001     0.00734619
      12       -4.02832     0.00734619
      13       -3.16588     0.00734619
      14      -0.498107        0.00000
      15      -0.290440        0.00000
      16      -0.259017        0.00000
      17       0.462017        0.00000
      18        6.36985        0.00000
      19        8.97751        0.00000
      20        9.52384        0.00000
      21        10.1291        0.00000
      22        11.1433        0.00000
      23        11.6243        0.00000

 45/289 kpoint (Cartesian) = 0.037900 0.032822 0.0000 (34927 pws)
       1       -63.6372     0.00734619
       2       -37.9023     0.00734619
       3       -37.7844     0.00734619
       4       -37.7324     0.00734619
       5       -16.9540     0.00734619
       6       -15.8062     0.00734619
       7       -8.34028     0.00734619
       8       -6.16938     0.00734619
       9       -5.65271     0.00734619
      10       -5.28799     0.00734619
      11       -4.88935     0.00734619
      12       -4.01328     0.00734619
      13       -3.03362     0.00734619
      14      -0.388458        0.00000
      15      -0.284018        0.00000
      16      -0.193992        0.00000
      17       0.321319        0.00000
      18        6.00113        0.00000
      19        9.21381        0.00000
      20        9.35314        0.00000
      21        10.2955        0.00000
      22        11.1190        0.00000
      23        11.5824        0.00000

 46/289 kpoint (Cartesian) = 0.028425 0.027352 0.0000 (34935 pws)
       1       -63.6396     0.00734619
       2       -37.9071     0.00734619
       3       -37.7597     0.00734619
       4       -37.7267     0.00734619
       5       -17.0561     0.00734619
       6       -15.8478     0.00734619
       7       -8.45255     0.00734619
       8       -5.96819     0.00734619
       9       -5.41940     0.00734619
      10       -5.39362     0.00734619
      11       -4.74326     0.00734619
      12       -4.05066     0.00734619
      13       -2.93476     0.00734619
      14      -0.260143        0.00000
      15      -0.259508        0.00000
      16      -0.105484        0.00000
      17       0.193563        0.00000
      18        5.64880        0.00000
      19        8.94811        0.00000
      20        9.75025        0.00000
      21        10.4721        0.00000
      22        11.0370        0.00000
      23        11.4749        0.00000

 47/289 kpoint (Cartesian) = 0.018950 0.021881 0.0000 (34963 pws)
       1       -63.6414     0.00734619
       2       -37.9108     0.00734619
       3       -37.7403     0.00734619
       4       -37.7224     0.00734619
       5       -17.1346     0.00734619
       6       -15.8797     0.00734619
       7       -8.54317     0.00734619
       8       -5.80047     0.00734619
       9       -5.47510     0.00734619
      10       -5.19501     0.00734619
      11       -4.62479     0.00734619
      12       -4.13325     0.00734619
      13       -2.86804     0.00734619
      14      -0.211323        0.00000
      15      -0.130846        0.00000
      16     -0.0328233        0.00000
      17      0.0919174        0.00000
      18        5.35070        0.00000
      19        8.75708        0.00000
      20        10.1348        0.00000
      21        10.6340        0.00000
      22        10.9791        0.00000
      23        11.3498        0.00000

 48/289 kpoint (Cartesian) = 0.0094749 0.016411 0.0000 (34977 pws)
       1       -63.6427     0.00734619
       2       -37.9134     0.00734619
       3       -37.7266     0.00734619
       4       -37.7197     0.00734619
       5       -17.1878     0.00734619
       6       -15.9014     0.00734619
       7       -8.60626     0.00734619
       8       -5.68183     0.00734619
       9       -5.52838     0.00734619
      10       -4.98889     0.00734619
      11       -4.55024     0.00734619
      12       -4.23902     0.00734619
      13       -2.82834     0.00734619
      14      -0.169567        0.00000
      15     -0.0257642        0.00000
      16      0.0177649        0.00000
      17      0.0301644        0.00000
      18        5.13548        0.00000
      19        8.64243        0.00000
      20        10.4209        0.00000
      21        10.7630        0.00000
      22        11.0034        0.00000
      23        11.2587        0.00000

 49/289 kpoint (Cartesian) = 0.0000 0.010941 0.0000 (34993 pws)
       1       -63.6434     0.00367309
       2       -37.9147     0.00367309
       3       -37.7190     0.00367309
       4       -37.7189     0.00367309
       5       -17.2147     0.00367309
       6       -15.9125     0.00367309
       7       -8.63850     0.00367309
       8       -5.62222     0.00367309
       9       -5.55270     0.00367309
      10       -4.83978     0.00367309
      11       -4.52473     0.00367309
      12       -4.32566     0.00367309
      13       -2.81038     0.00367309
      14      -0.147786        0.00000
      15     0.00350262        0.00000
      16      0.0265345        0.00000
      17      0.0505889        0.00000
      18        5.02288        0.00000
      19        8.59171        0.00000
      20        10.5368        0.00000
      21        10.8365        0.00000
      22        11.0893        0.00000
      23        11.2193        0.00000

 50/289 kpoint (Cartesian) = 0.037900 0.0000 0.0000 (34963 pws)
       1       -63.6399     0.00367309
       2       -37.9077     0.00367309
       3       -37.7577     0.00367309
       4       -37.7250     0.00367309
       5       -17.0686     0.00367309
       6       -15.8538     0.00367309
       7       -8.46642     0.00367309
       8       -5.92931     0.00367309
       9       -5.41891     0.00367309
      10       -5.40232     0.00367309
      11       -4.70165     0.00367309
      12       -4.06235     0.00367309
      13       -2.92824     0.00367309
      14      -0.245899        0.00000
      15      -0.217069        0.00000
      16     -0.0868947        0.00000
      17       0.136480        0.00000
      18        5.60585        0.00000
      19        8.91716        0.00000
      20        9.80511        0.00000
      21        10.5011        0.00000
      22        11.0283        0.00000
      23        11.4535        0.00000

 51/289 kpoint (Cartesian) = 0.047375 -0.0054703 0.0000 (34921 pws)
       1       -63.6378     0.00734619
       2       -37.9034     0.00734619
       3       -37.7790     0.00734619
       4       -37.7304     0.00734619
       5       -16.9786     0.00734619
       6       -15.8175     0.00734619
       7       -8.36580     0.00734619
       8       -6.10942     0.00734619
       9       -5.60187     0.00734619
      10       -5.32648     0.00734619
      11       -4.86733     0.00734619
      12       -3.99252     0.00734619
      13       -3.01460     0.00734619
      14      -0.360566        0.00000
      15      -0.274796        0.00000
      16      -0.173081        0.00000
      17       0.274120        0.00000
      18        5.92807        0.00000
      19        9.14890        0.00000
      20        9.43298        0.00000
      21        10.3463        0.00000
      22        11.0971        0.00000
      23        11.5614        0.00000

 52/289 kpoint (Cartesian) = 0.056849 -0.010941 0.0000 (34878 pws)
       1       -63.6352     0.00734619
       2       -37.8983     0.00734619
       3       -37.8050     0.00734619
       4       -37.7371     0.00734619
       5       -16.8662     0.00734619
       6       -15.7721     0.00734619
       7       -8.24845     0.00734619
       8       -6.31258     0.00734619
       9       -5.81147     0.00734619
      10       -5.21449     0.00734619
      11       -5.05384     0.00734619
      12       -3.96656     0.00734619
      13       -3.13284     0.00734619
      14      -0.469747        0.00000
      15      -0.295740        0.00000
      16      -0.267555        0.00000
      17       0.428625        0.00000
      18        6.28620        0.00000
      19        9.07404        0.00000
      20        9.43959        0.00000
      21        10.1838        0.00000
      22        11.1660        0.00000
      23        11.5147        0.00000

 53/289 kpoint (Cartesian) = 0.066324 -0.016411 0.0000 (34842 pws)
       1       -63.6322     0.00734619
       2       -37.8923     0.00734619
       3       -37.8346     0.00734619
       4       -37.7448     0.00734619
       5       -16.7340     0.00734619
       6       -15.7187     0.00734619
       7       -8.12715     0.00734619
       8       -6.52013     0.00734619
       9       -6.03038     0.00734619
      10       -5.24478     0.00734619
      11       -5.08863     0.00734619
      12       -3.99018     0.00734619
      13       -3.27956     0.00734619
      14      -0.561012        0.00000
      15      -0.359368        0.00000
      16      -0.263366        0.00000
      17       0.588616        0.00000
      18        6.63582        0.00000
      19        8.74730        0.00000
      20        9.71533        0.00000
      21        10.0683        0.00000
      22        11.1229        0.00000
      23        11.5243        0.00000

 54/289 kpoint (Cartesian) = 0.075799 -0.021881 0.0000 (34839 pws)
       1       -63.6290     0.00734619
       2       -37.8859     0.00734619
       3       -37.8667     0.00734619
       4       -37.7531     0.00734619
       5       -16.5852     0.00734619
       6       -15.6585     0.00734619
       7       -8.02319     0.00734619
       8       -6.70861     0.00734619
       9       -6.25889     0.00734619
      10       -5.42669     0.00734619
      11       -4.95598     0.00734619
      12       -4.05825     0.00734619
      13       -3.44294     0.00734619
      14      -0.630450        0.00000
      15      -0.436840        0.00000
      16      -0.175024        0.00000
      17       0.745520        0.00000
      18        6.91968        0.00000
      19        8.45053        0.00000
      20        9.67719        0.00000
      21        10.2634        0.00000
      22        11.0153        0.00000
      23        11.5595        0.00000

 55/289 kpoint (Cartesian) = 0.085274 -0.027352 0.0000 (34840 pws)
       1       -63.6256     0.00734619
       2       -37.9002     0.00734619
       3       -37.8791     0.00734619
       4       -37.7619     0.00734619
       5       -16.4235     0.00734619
       6       -15.5933     0.00734619
       7       -7.96862     0.00734619
       8       -6.84827     0.00734619
       9       -6.49537     0.00734619
      10       -5.59033     0.00734619
      11       -4.82538     0.00734619
      12       -4.15863     0.00734619
      13       -3.60257     0.00734619
      14      -0.682039        0.00000
      15      -0.488577        0.00000
      16     -0.0390628        0.00000
      17       0.893053        0.00000
      18        7.07160        0.00000
      19        8.17616        0.00000
      20        9.46152        0.00000
      21        10.5727        0.00000
      22        10.9943        0.00000
      23        11.4543        0.00000

 56/289 kpoint (Cartesian) = 0.094749 -0.032822 0.0000 (34833 pws)
       1       -63.6221     0.00734619
       2       -37.9338     0.00734619
       3       -37.8722     0.00734619
       4       -37.7707     0.00734619
       5       -16.2537     0.00734619
       6       -15.5250     0.00734619
       7       -7.99361     0.00734619
       8       -6.91557     0.00734619
       9       -6.73496     0.00734619
      10       -5.73122     0.00734619
      11       -4.70717     0.00734619
      12       -4.27698     0.00734619
      13       -3.73214     0.00734619
      14      -0.720876        0.00000
      15      -0.508338        0.00000
      16       0.130318        0.00000
      17        1.02698        0.00000
      18        7.02862        0.00000
      19        7.94088        0.00000
      20        9.20664        0.00000
      21        10.7626        0.00000
      22        11.1221        0.00000
      23        11.5519        0.00000

 57/289 kpoint (Cartesian) = 0.10422 -0.038292 0.0000 (34789 pws)
       1       -63.6188     0.00734619
       2       -37.9663     0.00734619
       3       -37.8655     0.00734619
       4       -37.7792     0.00734619
       5       -16.0810     0.00734619
       6       -15.4560     0.00734619
       7       -8.09519     0.00734619
       8       -6.97012     0.00734619
       9       -6.92280     0.00734619
      10       -5.84864     0.00734619
      11       -4.61015     0.00734619
      12       -4.40046     0.00734619
      13       -3.80626     0.00734619
      14      -0.747165        0.00000
      15      -0.498916        0.00000
      16       0.317415        0.00000
      17        1.14480        0.00000
      18        6.76959        0.00000
      19        7.78102        0.00000
      20        8.93791        0.00000
      21        10.8195        0.00000
      22        11.3716        0.00000
      23        11.8348        0.00000

 58/289 kpoint (Cartesian) = 0.11370 -0.043763 0.0000 (34784 pws)
       1       -63.6157     0.00734619
       2       -37.9966     0.00734619
       3       -37.8593     0.00734619
       4       -37.7872     0.00734619
       5       -15.9118     0.00734619
       6       -15.3888     0.00734619
       7       -8.23947     0.00734619
       8       -7.19219     0.00734619
       9       -6.91104     0.00734619
      10       -5.94387     0.00734619
      11       -4.53424     0.00734619
      12       -4.51911     0.00734619
      13       -3.81359     0.00734619
      14      -0.759811        0.00000
      15      -0.467330        0.00000
      16       0.507394        0.00000
      17        1.24525        0.00000
      18        6.36509        0.00000
      19        7.68402        0.00000
      20        8.67345        0.00000
      21        10.8496        0.00000
      22        11.5868        0.00000
      23        11.9935        0.00000

 59/289 kpoint (Cartesian) = 0.12317 -0.049233 0.0000 (34767 pws)
       1       -63.6129     0.00734619
       2       -38.0236     0.00734619
       3       -37.8537     0.00734619
       4       -37.7943     0.00734619
       5       -15.7530     0.00734619
       6       -15.3263     0.00734619
       7       -8.39399     0.00734619
       8       -7.39259     0.00734619
       9       -6.91137     0.00734619
      10       -6.01887     0.00734619
      11       -4.62585     0.00734619
      12       -4.46851     0.00734619
      13       -3.76542     0.00734619
      14      -0.761381        0.00000
      15      -0.419535        0.00000
      16       0.687320        0.00000
      17        1.32766        0.00000
      18        5.90879        0.00000
      19        7.61944        0.00000
      20        8.42952        0.00000
      21        10.8984        0.00000
      22        11.5868        0.00000
      23        12.1826        0.00000

 60/289 kpoint (Cartesian) = 0.13265 -0.054703 0.0000 (34745 pws)
       1       -63.6105     0.00734619
       2       -38.0463     0.00734619
       3       -37.8489     0.00734619
       4       -37.8004     0.00734619
       5       -15.6124     0.00734619
       6       -15.2715     0.00734619
       7       -8.53763     0.00734619
       8       -7.56356     0.00734619
       9       -6.93151     0.00734619
      10       -6.07562     0.00734619
      11       -4.71591     0.00734619
      12       -4.40513     0.00734619
      13       -3.68505     0.00734619
      14      -0.757719        0.00000
      15      -0.360692        0.00000
      16       0.846691        0.00000
      17        1.39133        0.00000
      18        5.46682        0.00000
      19        7.57405        0.00000
      20        8.21959        0.00000
      21        10.9695        0.00000
      22        11.4994        0.00000
      23        12.0922        0.00000

 61/289 kpoint (Cartesian) = 0.14212 -0.060174 0.0000 (34754 pws)
       1       -63.6086     0.00734619
       2       -38.0641     0.00734619
       3       -37.8452     0.00734619
       4       -37.8051     0.00734619
       5       -15.4979     0.00734619
       6       -15.2272     0.00734619
       7       -8.65674     0.00734619
       8       -7.69847     0.00734619
       9       -6.96329     0.00734619
      10       -6.11584     0.00734619
      11       -4.78616     0.00734619
      12       -4.34801     0.00734619
      13       -3.59539     0.00734619
      14      -0.754393        0.00000
      15      -0.298275        0.00000
      16       0.977800        0.00000
      17        1.43500        0.00000
      18        5.08703        0.00000
      19        7.54288        0.00000
      20        8.05413        0.00000
      21        11.0509        0.00000
      22        11.4072        0.00000
      23        11.9176        0.00000

 62/289 kpoint (Cartesian) = 0.15160 -0.065644 0.0000 (34775 pws)
       1       -63.6073     0.00734619
       2       -38.0762     0.00734619
       3       -37.8426     0.00734619
       4       -37.8084     0.00734619
       5       -15.4166     0.00734619
       6       -15.1960     0.00734619
       7       -8.74177     0.00734619
       8       -7.79204     0.00734619
       9       -6.99358     0.00734619
      10       -6.14090     0.00734619
      11       -4.83462     0.00734619
      12       -4.30597     0.00734619
      13       -3.51775     0.00734619
      14      -0.753637        0.00000
      15      -0.243950        0.00000
      16        1.07564        0.00000
      17        1.45689        0.00000
      18        4.80796        0.00000
      19        7.52297        0.00000
      20        7.94066        0.00000
      21        11.1233        0.00000
      22        11.3393        0.00000
      23        11.7765        0.00000

 63/289 kpoint (Cartesian) = 0.16107 -0.071114 0.0000 (34790 pws)
       1       -63.6067     0.00734619
       2       -38.0823     0.00734619
       3       -37.8413     0.00734619
       4       -37.8101     0.00734619
       5       -15.3745     0.00734619
       6       -15.1796     0.00734619
       7       -8.78612     0.00734619
       8       -7.84058     0.00734619
       9       -7.01139     0.00734619
      10       -6.15182     0.00734619
      11       -4.86008     0.00734619
      12       -4.28533     0.00734619
      13       -3.47137     0.00734619
      14      -0.754347        0.00000
      15      -0.211318        0.00000
      16        1.13664        0.00000
      17        1.45608        0.00000
      18        4.65981        0.00000
      19        7.51223        0.00000
      20        7.88398        0.00000
      21        11.1664        0.00000
      22        11.3074        0.00000
      23        11.6968        0.00000

 64/289 kpoint (Cartesian) = 0.17055 -0.076585 0.0000 (34790 pws)
       1       -63.6067     0.00734619
       2       -38.0823     0.00734619
       3       -37.8413     0.00734619
       4       -37.8101     0.00734619
       5       -15.3747     0.00734619
       6       -15.1793     0.00734619
       7       -8.78635     0.00734619
       8       -7.84212     0.00734619
       9       -7.01090     0.00734619
      10       -6.14922     0.00734619
      11       -4.86189     0.00734619
      12       -4.28864     0.00734619
      13       -3.46831     0.00734619
      14      -0.754705        0.00000
      15      -0.209980        0.00000
      16        1.15593        0.00000
      17        1.43532        0.00000
      18        4.66007        0.00000
      19        7.50961        0.00000
      20        7.88630        0.00000
      21        11.1666        0.00000
      22        11.3130        0.00000
      23        11.6916        0.00000

 65/289 kpoint (Cartesian) = 0.13265 0.098466 0.0000 (34775 pws)
       1       -63.6073     0.00734619
       2       -38.0760     0.00734619
       3       -37.8427     0.00734619
       4       -37.8085     0.00734619
       5       -15.4171     0.00734619
       6       -15.1949     0.00734619
       7       -8.74244     0.00734619
       8       -7.79658     0.00734619
       9       -6.99219     0.00734619
      10       -6.13334     0.00734619
      11       -4.83988     0.00734619
      12       -4.31571     0.00734619
      13       -3.50860     0.00734619
      14      -0.754764        0.00000
      15      -0.240101        0.00000
      16        1.12544        0.00000
      17        1.40292        0.00000
      18        4.80878        0.00000
      19        7.51537        0.00000
      20        7.94735        0.00000
      21        11.1239        0.00000
      22        11.3538        0.00000
      23        11.7634        0.00000

 66/289 kpoint (Cartesian) = 0.12317 0.092996 0.0000 (34754 pws)
       1       -63.6086     0.00734619
       2       -38.0637     0.00734619
       3       -37.8452     0.00734619
       4       -37.8053     0.00734619
       5       -15.4987     0.00734619
       6       -15.2256     0.00734619
       7       -8.65783     0.00734619
       8       -7.70573     0.00734619
       9       -6.96135     0.00734619
      10       -6.10400     0.00734619
      11       -4.79435     0.00734619
      12       -4.36342     0.00734619
      13       -3.58034     0.00734619
      14      -0.756534        0.00000
      15      -0.292245        0.00000
      16        1.04030        0.00000
      17        1.36631        0.00000
      18        5.08846        0.00000
      19        7.53102        0.00000
      20        8.06444        0.00000
      21        11.0519        0.00000
      22        11.4255        0.00000
      23        11.9019        0.00000

 67/289 kpoint (Cartesian) = 0.11370 0.087525 0.0000 (34745 pws)
       1       -63.6105     0.00734619
       2       -38.0458     0.00734619
       3       -37.8490     0.00734619
       4       -37.8007     0.00734619
       5       -15.6135     0.00734619
       6       -15.2694     0.00734619
       7       -8.53907     0.00734619
       8       -7.57305     0.00734619
       9       -6.92960     0.00734619
      10       -6.06062     0.00734619
      11       -4.72627     0.00734619
      12       -4.42460     0.00734619
      13       -3.66481     0.00734619
      14      -0.761513        0.00000
      15      -0.352622        0.00000
      16       0.906833        0.00000
      17        1.32389        0.00000
      18        5.46884        0.00000
      19        7.55887        0.00000
      20        8.23247        0.00000
      21        10.9707        0.00000
      22        11.5169        0.00000
      23        12.0802        0.00000

 68/289 kpoint (Cartesian) = 0.10422 0.082055 0.0000 (34767 pws)
       1       -63.6129     0.00734619
       2       -38.0229     0.00734619
       3       -37.8537     0.00734619
       4       -37.7947     0.00734619
       5       -15.7543     0.00734619
       6       -15.3238     0.00734619
       7       -8.39564     0.00734619
       8       -7.40357     0.00734619
       9       -6.91032     0.00734619
      10       -6.00219     0.00734619
      11       -4.63744     0.00734619
      12       -4.48948     0.00734619
      13       -3.74140     0.00734619
      14      -0.768013        0.00000
      15      -0.409066        0.00000
      16       0.737439        0.00000
      17        1.27010        0.00000
      18        5.91123        0.00000
      19        7.60185        0.00000
      20        8.44383        0.00000
      21        10.8994        0.00000
      22        11.6007        0.00000
      23        12.1848        0.00000

 69/289 kpoint (Cartesian) = 0.094749 0.076585 0.0000 (34784 pws)
       1       -63.6157     0.00734619
       2       -37.9958     0.00734619
       3       -37.8594     0.00734619
       4       -37.7877     0.00734619
       5       -15.9132     0.00734619
       6       -15.3861     0.00734619
       7       -8.24114     0.00734619
       8       -7.20357     0.00734619
       9       -6.91174     0.00734619
      10       -5.92737     0.00734619
      11       -4.55346     0.00734619
      12       -4.53093     0.00734619
      13       -3.78797     0.00734619
      14      -0.770896        0.00000
      15      -0.453576        0.00000
      16       0.544926        0.00000
      17        1.20099        0.00000
      18        6.36748        0.00000
      19        7.66492        0.00000
      20        8.68816        0.00000
      21        10.8494        0.00000
      22        11.5990        0.00000
      23        11.9970        0.00000

 70/289 kpoint (Cartesian) = 0.085274 0.071114 0.0000 (34789 pws)
       1       -63.6188     0.00734619
       2       -37.9654     0.00734619
       3       -37.8656     0.00734619
       4       -37.7798     0.00734619
       5       -16.0825     0.00734619
       6       -15.4531     0.00734619
       7       -8.09659     0.00734619
       8       -6.98039     0.00734619
       9       -6.92595     0.00734619
      10       -5.83459     0.00734619
      11       -4.62445     0.00734619
      12       -4.41154     0.00734619
      13       -3.78154     0.00734619
      14      -0.764209        0.00000
      15      -0.480890        0.00000
      16       0.342235        0.00000
      17        1.11461        0.00000
      18        6.77055        0.00000
      19        7.76198        0.00000
      20        8.95216        0.00000
      21        10.8162        0.00000
      22        11.3871        0.00000
      23        11.8369        0.00000

 71/289 kpoint (Cartesian) = 0.075799 0.065644 0.0000 (34833 pws)
       1       -63.6222     0.00734619
       2       -37.9328     0.00734619
       3       -37.8723     0.00734619
       4       -37.7714     0.00734619
       5       -16.2552     0.00734619
       6       -15.5222     0.00734619
       7       -7.99455     0.00734619
       8       -6.92138     0.00734619
       9       -6.74212     0.00734619
      10       -5.72225     0.00734619
      11       -4.71506     0.00734619
      12       -4.28639     0.00734619
      13       -3.70979     0.00734619
      14      -0.744085        0.00000
      15      -0.486076        0.00000
      16       0.143134        0.00000
      17        1.01050        0.00000
      18        7.02503        0.00000
      19        7.92542        0.00000
      20        9.21979        0.00000
      21        10.7531        0.00000
      22        11.1410        0.00000
      23        11.5608        0.00000

 72/289 kpoint (Cartesian) = 0.066324 0.060174 0.0000 (34840 pws)
       1       -63.6256     0.00734619
       2       -37.8991     0.00734619
       3       -37.8792     0.00734619
       4       -37.7627     0.00734619
       5       -16.4250     0.00734619
       6       -15.5906     0.00734619
       7       -7.96932     0.00734619
       8       -6.85628     0.00734619
       9       -6.49711     0.00734619
      10       -5.58929     0.00734619
      11       -4.82739     0.00734619
      12       -4.16553     0.00734619
      13       -3.58259     0.00734619
      14      -0.708659        0.00000
      15      -0.464742        0.00000
      16     -0.0375451        0.00000
      17       0.889665        0.00000
      18        7.06244        0.00000
      19        8.16661        0.00000
      20        9.47298        0.00000
      21        10.5592        0.00000
      22        11.0154        0.00000
      23        11.4680        0.00000

 73/289 kpoint (Cartesian) = 0.056849 0.054703 0.0000 (34839 pws)
       1       -63.6290     0.00734619
       2       -37.8859     0.00734619
       3       -37.8654     0.00734619
       4       -37.7542     0.00734619
       5       -16.5866     0.00734619
       6       -15.6560     0.00734619
       7       -8.02410     0.00734619
       8       -6.71809     0.00734619
       9       -6.25304     0.00734619
      10       -5.43622     0.00734619
      11       -4.95330     0.00734619
      12       -4.06186     0.00734619
      13       -3.42499     0.00734619
      14      -0.655186        0.00000
      15      -0.416313        0.00000
      16      -0.184521        0.00000
      17       0.754808        0.00000
      18        6.90817        0.00000
      19        8.44567        0.00000
      20        9.68584        0.00000
      21        10.2519        0.00000
      22        11.0353        0.00000
      23        11.5727        0.00000

 74/289 kpoint (Cartesian) = 0.047375 0.049233 0.0000 (34842 pws)
       1       -63.6322     0.00734619
       2       -37.8924     0.00734619
       3       -37.8332     0.00734619
       4       -37.7460     0.00734619
       5       -16.7353     0.00734619
       6       -15.7164     0.00734619
       7       -8.12839     0.00734619
       8       -6.53079     0.00734619
       9       -6.01568     0.00734619
      10       -5.26667     0.00734619
      11       -5.08223     0.00734619
      12       -3.98964     0.00734619
      13       -3.26365     0.00734619
      14      -0.579221        0.00000
      15      -0.346133        0.00000
      16      -0.284246        0.00000
      17       0.610630        0.00000
      18        6.62499        0.00000
      19        8.74535        0.00000
      20        9.71327        0.00000
      21        10.0673        0.00000
      22        11.1330        0.00000
      23        11.5076        0.00000

 75/289 kpoint (Cartesian) = 0.037900 0.043763 0.0000 (34878 pws)
       1       -63.6352     0.00734619
       2       -37.8983     0.00734619
       3       -37.8034     0.00734619
       4       -37.7385     0.00734619
       5       -16.8674     0.00734619
       6       -15.7702     0.00734619
       7       -8.24986     0.00734619
       8       -6.32462     0.00734619
       9       -5.78800     0.00734619
      10       -5.20491     0.00734619
      11       -5.08882     0.00734619
      12       -3.96084     0.00734619
      13       -3.11927     0.00734619
      14      -0.478698        0.00000
      15      -0.329206        0.00000
      16      -0.263621        0.00000
      17       0.464152        0.00000
      18        6.27743        0.00000
      19        9.07336        0.00000
      20        9.43348        0.00000
      21        10.1862        0.00000
      22        11.1480        0.00000
      23        11.5287        0.00000

 76/289 kpoint (Cartesian) = 0.028425 0.038292 0.0000 (34921 pws)
       1       -63.6378     0.00734619
       2       -37.9035     0.00734619
       3       -37.7772     0.00734619
       4       -37.7320     0.00734619
       5       -16.9796     0.00734619
       6       -15.8159     0.00734619
       7       -8.36718     0.00734619
       8       -6.12332     0.00734619
       9       -5.57085     0.00734619
      10       -5.31385     0.00734619
      11       -4.91564     0.00734619
      12       -3.98002     0.00734619
      13       -3.00370     0.00734619
      14      -0.358627        0.00000
      15      -0.323086        0.00000
      16      -0.179492        0.00000
      17       0.324943        0.00000
      18        5.92167        0.00000
      19        9.14367        0.00000
      20        9.43175        0.00000
      21        10.3473        0.00000
      22        11.0679        0.00000
      23        11.6071        0.00000

 77/289 kpoint (Cartesian) = 0.018950 0.032822 0.0000 (34963 pws)
       1       -63.6399     0.00734619
       2       -37.9077     0.00734619
       3       -37.7556     0.00734619
       4       -37.7269     0.00734619
       5       -17.0693     0.00734619
       6       -15.8526     0.00734619
       7       -8.46760     0.00734619
       8       -5.94557     0.00734619
       9       -5.40320     0.00734619
      10       -5.36571     0.00734619
      11       -4.76385     0.00734619
      12       -4.04046     0.00734619
      13       -2.92016     0.00734619
      14      -0.283083        0.00000
      15      -0.232092        0.00000
      16      -0.104276        0.00000
      17       0.205015        0.00000
      18        5.60162        0.00000
      19        8.91331        0.00000
      20        9.80076        0.00000
      21        10.5009        0.00000
      22        11.0014        0.00000
      23        11.5060        0.00000

 78/289 kpoint (Cartesian) = 0.0094749 0.027352 0.0000 (34963 pws)
       1       -63.6414     0.00734619
       2       -37.9108     0.00734619
       3       -37.7394     0.00734619
       4       -37.7233     0.00734619
       5       -17.1348     0.00734619
       6       -15.8794     0.00734619
       7       -8.54352     0.00734619
       8       -5.80686     0.00734619
       9       -5.46872     0.00734619
      10       -5.17957     0.00734619
      11       -4.65185     0.00734619
      12       -4.12282     0.00734619
      13       -2.86609     0.00734619
      14      -0.235209        0.00000
      15      -0.117264        0.00000
      16     -0.0474850        0.00000
      17       0.116798        0.00000
      18        5.35005        0.00000
      19        8.75613        0.00000
      20        10.1283        0.00000
      21        10.6337        0.00000
      22        10.9869        0.00000
      23        11.3544        0.00000

 79/289 kpoint (Cartesian) = 0.0000 0.021881 0.0000 (34971 pws)
       1       -63.6424     0.00367309
       2       -37.9127     0.00367309
       3       -37.7292     0.00367309
       4       -37.7212     0.00367309
       5       -17.1746     0.00367309
       6       -15.8958     0.00367309
       7       -8.59051     0.00367309
       8       -5.71804     0.00367309
       9       -5.50911     0.00367309
      10       -5.03581     0.00367309
      11       -4.58976     0.00367309
      12       -4.19719     0.00367309
      13       -2.83677     0.00367309
      14      -0.198893        0.00000
      15     -0.0347733        0.00000
      16     -0.0143991        0.00000
      17      0.0639694        0.00000
      18        5.19003        0.00000
      19        8.66921        0.00000
      20        10.3442        0.00000
      21        10.7280        0.00000
      22        11.0056        0.00000
      23        11.2702        0.00000

 80/289 kpoint (Cartesian) = 0.056849 0.0000 0.0000 (34885 pws)
       1       -63.6355     0.00367309
       2       -37.8988     0.00367309
       3       -37.8018     0.00367309
       4       -37.7368     0.00367309
       5       -16.8784     0.00367309
       6       -15.7772     0.00367309
       7       -8.25968     0.00367309
       8       -6.28845     0.00367309
       9       -5.77574     0.00367309
      10       -5.23163     0.00367309
      11       -5.07025     0.00367309
      12       -3.93867     0.00367309
      13       -3.11914     0.00367309
      14      -0.462375        0.00000
      15      -0.318876        0.00000
      16      -0.258404        0.00000
      17       0.426916        0.00000
      18        6.25635        0.00000
      19        9.10500        0.00000
      20        9.40804        0.00000
      21        10.2082        0.00000
      22        11.1636        0.00000
      23        11.4913        0.00000

 81/289 kpoint (Cartesian) = 0.066324 -0.0054703 0.0000 (34854 pws)
       1       -63.6327     0.00734619
       2       -37.8934     0.00734619
       3       -37.8284     0.00734619
       4       -37.7445     0.00734619
       5       -16.7574     0.00734619
       6       -15.7283     0.00734619
       7       -8.14354     0.00734619
       8       -6.47933     0.00734619
       9       -5.95889     0.00734619
      10       -5.29066     0.00734619
      11       -5.12435     0.00734619
      12       -3.92281     0.00734619
      13       -3.25115     0.00734619
      14      -0.560366        0.00000
      15      -0.340099        0.00000
      16      -0.326191        0.00000
      17       0.592925        0.00000
      18        6.59714        0.00000
      19        8.80633        0.00000
      20        9.69957        0.00000
      21        10.0670        0.00000
      22        11.1828        0.00000
      23        11.3931        0.00000

 82/289 kpoint (Cartesian) = 0.075799 -0.010941 0.0000 (34836 pws)
       1       -63.6297     0.00734619
       2       -37.8873     0.00734619
       3       -37.8578     0.00734619
       4       -37.7532     0.00734619
       5       -16.6183     0.00734619
       6       -15.6720     0.00734619
       7       -8.03429     0.00734619
       8       -6.66118     0.00734619
       9       -6.15665     0.00734619
      10       -5.50349     0.00734619
      11       -5.01320     0.00734619
      12       -3.95239     0.00734619
      13       -3.40146     0.00734619
      14      -0.647426        0.00000
      15      -0.405915        0.00000
      16      -0.283167        0.00000
      17       0.759533        0.00000
      18        6.89494        0.00000
      19        8.55304        0.00000
      20        9.80622        0.00000
      21        10.0993        0.00000
      22        11.0397        0.00000
      23        11.3884        0.00000

 83/289 kpoint (Cartesian) = 0.085274 -0.016411 0.0000 (34827 pws)
       1       -63.6264     0.00734619
       2       -37.8891     0.00734619
       3       -37.8808     0.00734619
       4       -37.7626     0.00734619
       5       -16.4648     0.00734619
       6       -15.6098     0.00734619
       7       -7.95898     0.00734619
       8       -6.80695     0.00734619
       9       -6.37477     0.00734619
      10       -5.68840     0.00734619
      11       -4.90908     0.00734619
      12       -4.02404     0.00734619
      13       -3.55220     0.00734619
      14      -0.717354        0.00000
      15      -0.449615        0.00000
      16      -0.189243        0.00000
      17       0.918067        0.00000
      18        7.07972        0.00000
      19        8.34431        0.00000
      20        9.60961        0.00000
      21        10.3641        0.00000
      22        10.9267        0.00000
      23        11.2709        0.00000

 84/289 kpoint (Cartesian) = 0.094749 -0.021881 0.0000 (34829 pws)
       1       -63.6231     0.00734619
       2       -37.9210     0.00734619
       3       -37.8741     0.00734619
       4       -37.7722     0.00734619
       5       -16.3008     0.00734619
       6       -15.5435     0.00734619
       7       -7.95001     0.00734619
       8       -6.88887     0.00734619
       9       -6.61161     0.00734619
      10       -5.83571     0.00734619
      11       -4.82448     0.00734619
      12       -4.12748     0.00734619
      13       -3.67816     0.00734619
      14      -0.764308        0.00000
      15      -0.471444        0.00000
      16     -0.0534374        0.00000
      17        1.06265        0.00000
      18        7.09004        0.00000
      19        8.16704        0.00000
      20        9.35853        0.00000
      21        10.5526        0.00000
      22        10.9486        0.00000
      23        11.3485        0.00000

 85/289 kpoint (Cartesian) = 0.10422 -0.027352 0.0000 (34822 pws)
       1       -63.6198     0.00734619
       2       -37.9524     0.00734619
       3       -37.8674     0.00734619
       4       -37.7817     0.00734619
       5       -16.1315     0.00734619
       6       -15.4752     0.00734619
       7       -8.01895     0.00734619
       8       -6.90418     0.00734619
       9       -6.85666     0.00734619
      10       -5.94681     0.00734619
      11       -4.76836     0.00734619
      12       -4.24996     0.00734619
      13       -3.75388     0.00734619
      14      -0.784496        0.00000
      15      -0.475208        0.00000
      16       0.110476        0.00000
      17        1.18953        0.00000
      18        6.91036        0.00000
      19        8.01144        0.00000
      20        9.09181        0.00000
      21        10.6503        0.00000
      22        11.1280        0.00000
      23        11.5865        0.00000

 86/289 kpoint (Cartesian) = 0.11370 -0.032822 0.0000 (34803 pws)
       1       -63.6166     0.00734619
       2       -37.9822     0.00734619
       3       -37.8611     0.00734619
       4       -37.7908     0.00734619
       5       -15.9626     0.00734619
       6       -15.4074     0.00734619
       7       -8.14168     0.00734619
       8       -7.09649     0.00734619
       9       -6.88709     0.00734619
      10       -6.02771     0.00734619
      11       -4.73629     0.00734619
      12       -4.37942     0.00734619
      13       -3.76755     0.00734619
      14      -0.779027        0.00000
      15      -0.464290        0.00000
      16       0.287847        0.00000
      17        1.29645        0.00000
      18        6.57752        0.00000
      19        7.88294        0.00000
      20        8.83269        0.00000
      21        10.7239        0.00000
      22        11.3901        0.00000
      23        11.7434        0.00000

 87/289 kpoint (Cartesian) = 0.12317 -0.038292 0.0000 (34789 pws)
       1       -63.6137     0.00734619
       2       -38.0094     0.00734619
       3       -37.8553     0.00734619
       4       -37.7991     0.00734619
       5       -15.8006     0.00734619
       6       -15.3427     0.00734619
       7       -8.28504     0.00734619
       8       -7.31905     0.00734619
       9       -6.87594     0.00734619
      10       -6.08443     0.00734619
      11       -4.71016     0.00734619
      12       -4.50578     0.00734619
      13       -3.72795     0.00734619
      14      -0.756617        0.00000
      15      -0.438254        0.00000
      16       0.465271        0.00000
      17        1.38216        0.00000
      18        6.15735        0.00000
      19        7.78506        0.00000
      20        8.59727        0.00000
      21        10.8050        0.00000
      22        11.4925        0.00000
      23        11.9124        0.00000

 88/289 kpoint (Cartesian) = 0.13265 -0.043763 0.0000 (34780 pws)
       1       -63.6111     0.00734619
       2       -38.0331     0.00734619
       3       -37.8502     0.00734619
       4       -37.8063     0.00734619
       5       -15.6528     0.00734619
       6       -15.2841     0.00734619
       7       -8.42553     0.00734619
       8       -7.51462     0.00734619
       9       -6.88783     0.00734619
      10       -6.12198     0.00734619
      11       -4.67591     0.00734619
      12       -4.62097     0.00734619
      13       -3.65383     0.00734619
      14      -0.733113        0.00000
      15      -0.392685        0.00000
      16       0.631424        0.00000
      17        1.44591        0.00000
      18        5.71626        0.00000
      19        7.71383        0.00000
      20        8.39597        0.00000
      21        10.8969        0.00000
      22        11.4254        0.00000
      23        11.9549        0.00000

 89/289 kpoint (Cartesian) = 0.14212 -0.049233 0.0000 (34772 pws)
       1       -63.6090     0.00734619
       2       -38.0523     0.00734619
       3       -37.8460     0.00734619
       4       -37.8123     0.00734619
       5       -15.5268     0.00734619
       6       -15.2344     0.00734619
       7       -8.54833     0.00734619
       8       -7.67544     0.00734619
       9       -6.91901     0.00734619
      10       -6.14464     0.00734619
      11       -4.71855     0.00734619
      12       -4.63486     0.00734619
      13       -3.56381     0.00734619
      14      -0.722306        0.00000
      15      -0.327372        0.00000
      16       0.777141        0.00000
      17        1.48745        0.00000
      18        5.30909        0.00000
      19        7.66384        0.00000
      20        8.23540        0.00000
      21        10.9916        0.00000
      22        11.3319        0.00000
      23        11.7754        0.00000

 90/289 kpoint (Cartesian) = 0.15160 -0.054703 0.0000 (34752 pws)
       1       -63.6075     0.00734619
       2       -38.0665     0.00734619
       3       -37.8429     0.00734619
       4       -37.8167     0.00734619
       5       -15.4302     0.00734619
       6       -15.1965     0.00734619
       7       -8.64340     0.00734619
       8       -7.79546     0.00734619
       9       -6.95565     0.00734619
      10       -6.15625     0.00734619
      11       -4.79327     0.00734619
      12       -4.59729     0.00734619
      13       -3.47655     0.00734619
      14      -0.725323        0.00000
      15      -0.255457        0.00000
      16       0.894920        0.00000
      17        1.50730        0.00000
      18        4.98029        0.00000
      19        7.63054        0.00000
      20        8.11958        0.00000
      21        11.0764        0.00000
      22        11.2555        0.00000
      23        11.6058        0.00000

 91/289 kpoint (Cartesian) = 0.16107 -0.060174 0.0000 (34771 pws)
       1       -63.6065     0.00734619
       2       -38.0751     0.00734619
       3       -37.8410     0.00734619
       4       -37.8195     0.00734619
       5       -15.3694     0.00734619
       6       -15.1725     0.00734619
       7       -8.70359     0.00734619
       8       -7.87020     0.00734619
       9       -6.98360     0.00734619
      10       -6.16014     0.00734619
      11       -4.84101     0.00734619
      12       -4.57271     0.00734619
      13       -3.41180     0.00734619
      14      -0.733597        0.00000
      15      -0.198636        0.00000
      16       0.977820        0.00000
      17        1.50778        0.00000
      18        4.76598        0.00000
      19        7.61044        0.00000
      20        8.05075        0.00000
      21        11.1359        0.00000
      22        11.2139        0.00000
      23        11.4868        0.00000

 92/289 kpoint (Cartesian) = 0.17055 -0.065644 0.0000 (34770 pws)
       1       -63.6062     0.00734619
       2       -38.0780     0.00734619
       3       -37.8404     0.00734619
       4       -37.8205     0.00734619
       5       -15.3488     0.00734619
       6       -15.1640     0.00734619
       7       -8.72441     0.00734619
       8       -7.89688     0.00734619
       9       -6.99346     0.00734619
      10       -6.15877     0.00734619
      11       -4.85889     0.00734619
      12       -4.56619     0.00734619
      13       -3.38624     0.00734619
      14      -0.737847        0.00000
      15      -0.175897        0.00000
      16        1.01819        0.00000
      17        1.49404        0.00000
      18        4.69160        0.00000
      19        7.60142        0.00000
      20        8.02983        0.00000
      21        11.1576        0.00000
      22        11.2097        0.00000
      23        11.4361        0.00000

 93/289 kpoint (Cartesian) = 0.18002 -0.071114 0.0000 (34771 pws)
       1       -63.6065     0.00734619
       2       -38.0749     0.00734619
       3       -37.8411     0.00734619
       4       -37.8196     0.00734619
       5       -15.3699     0.00734619
       6       -15.1715     0.00734619
       7       -8.70427     0.00734619
       8       -7.87449     0.00734619
       9       -6.98211     0.00734619
      10       -6.15329     0.00734619
      11       -4.84568     0.00734619
      12       -4.57899     0.00734619
      13       -3.40653     0.00734619
      14      -0.734293        0.00000
      15      -0.194878        0.00000
      16        1.00829        0.00000
      17        1.47325        0.00000
      18        4.76665        0.00000
      19        7.60300        0.00000
      20        8.05688        0.00000
      21        11.1365        0.00000
      22        11.2348        0.00000
      23        11.4674        0.00000

 94/289 kpoint (Cartesian) = 0.12317 0.10394 0.0000 (34752 pws)
       1       -63.6075     0.00734619
       2       -38.0660     0.00734619
       3       -37.8430     0.00734619
       4       -37.8170     0.00734619
       5       -15.4312     0.00734619
       6       -15.1945     0.00734619
       7       -8.64471     0.00734619
       8       -7.80384     0.00734619
       9       -6.95302     0.00734619
      10       -6.14328     0.00734619
      11       -4.80203     0.00734619
      12       -4.60929     0.00734619
      13       -3.46598     0.00734619
      14      -0.726992        0.00000
      15      -0.248311        0.00000
      16       0.945007        0.00000
      17        1.44972        0.00000
      18        4.98173        0.00000
      19        7.61640        0.00000
      20        8.13117        0.00000
      21        11.0776        0.00000
      22        11.2862        0.00000
      23        11.5779        0.00000

 95/289 kpoint (Cartesian) = 0.11370 0.098466 0.0000 (34772 pws)
       1       -63.6090     0.00734619
       2       -38.0516     0.00734619
       3       -37.8461     0.00734619
       4       -37.8128     0.00734619
       5       -15.5282     0.00734619
       6       -15.2316     0.00734619
       7       -8.55020     0.00734619
       8       -7.68747     0.00734619
       9       -6.91598     0.00734619
      10       -6.12683     0.00734619
      11       -4.73037     0.00734619
      12       -4.65130     0.00734619
      13       -3.54805     0.00734619
      14      -0.725592        0.00000
      15      -0.317284        0.00000
      16       0.833637        0.00000
      17        1.42110        0.00000
      18        5.31136        0.00000
      19        7.64424        0.00000
      20        8.25124        0.00000
      21        10.9935        0.00000
      22        11.3634        0.00000
      23        11.7484        0.00000

 96/289 kpoint (Cartesian) = 0.10422 0.092996 0.0000 (34780 pws)
       1       -63.6111     0.00734619
       2       -38.0322     0.00734619
       3       -37.8503     0.00734619
       4       -37.8070     0.00734619
       5       -15.6545     0.00734619
       6       -15.2806     0.00734619
       7       -8.42779     0.00734619
       8       -7.52958     0.00734619
       9       -6.88553     0.00734619
      10       -6.10101     0.00734619
      11       -4.69471     0.00734619
      12       -4.63467     0.00734619
      13       -3.63331     0.00734619
      14      -0.739011        0.00000
      15      -0.379940        0.00000
      16       0.684693        0.00000
      17        1.38176        0.00000
      18        5.71927        0.00000
      19        7.69011        0.00000
      20        8.41460        0.00000
      21        10.8990        0.00000
      22        11.4528        0.00000
      23        11.9379        0.00000

 97/289 kpoint (Cartesian) = 0.094749 0.087525 0.0000 (34789 pws)
       1       -63.6137     0.00734619
       2       -38.0084     0.00734619
       3       -37.8554     0.00734619
       4       -37.7998     0.00734619
       5       -15.8026     0.00734619
       6       -15.3388     0.00734619
       7       -8.28746     0.00734619
       8       -7.33584     0.00734619
       9       -6.87574     0.00734619
      10       -6.06232     0.00734619
      11       -4.72870     0.00734619
      12       -4.52018     0.00734619
      13       -3.70344     0.00734619
      14      -0.766178        0.00000
      15      -0.423041        0.00000
      16       0.509880        0.00000
      17        1.32695        0.00000
      18        6.16063        0.00000
      19        7.75849        0.00000
      20        8.61725        0.00000
      21        10.8065        0.00000
      22        11.5153        0.00000
      23        11.9153        0.00000

 98/289 kpoint (Cartesian) = 0.085274 0.082055 0.0000 (34803 pws)
       1       -63.6166     0.00734619
       2       -37.9810     0.00734619
       3       -37.8612     0.00734619
       4       -37.7917     0.00734619
       5       -15.9648     0.00734619
       6       -15.4032     0.00734619
       7       -8.14392     0.00734619
       8       -7.11340     0.00734619
       9       -6.89016     0.00734619
      10       -6.00692     0.00734619
      11       -4.75197     0.00734619
      12       -4.39346     0.00734619
      13       -3.74025     0.00734619
      14      -0.793181        0.00000
      15      -0.446696        0.00000
      16       0.321287        0.00000
      17        1.25382        0.00000
      18        6.58000        0.00000
      19        7.85489        0.00000
      20        8.85283        0.00000
      21        10.7229        0.00000
      22        11.4121        0.00000
      23        11.7444        0.00000

 99/289 kpoint (Cartesian) = 0.075799 0.076585 0.0000 (34822 pws)
       1       -63.6198     0.00734619
       2       -37.9510     0.00734619
       3       -37.8676     0.00734619
       4       -37.7827     0.00734619
       5       -16.1338     0.00734619
       6       -15.4710     0.00734619
       7       -8.02064     0.00734619
       8       -6.91109     0.00734619
       9       -6.87108     0.00734619
      10       -5.93055     0.00734619
      11       -4.77903     0.00734619
      12       -4.26271     0.00734619
      13       -3.72548     0.00734619
      14      -0.803844        0.00000
      15      -0.455279        0.00000
      16       0.131881        0.00000
      17        1.16114        0.00000
      18        6.90970        0.00000
      19        7.98448        0.00000
      20        9.11125        0.00000
      21        10.6441        0.00000
      22        11.1523        0.00000
      23        11.5903        0.00000

 100/289 kpoint (Cartesian) = 0.066324 0.071114 0.0000 (34829 pws)
       1       -63.6231     0.00734619
       2       -37.9194     0.00734619
       3       -37.8742     0.00734619
       4       -37.7734     0.00734619
       5       -16.3032     0.00734619
       6       -15.5393     0.00734619
       7       -7.95115     0.00734619
       8       -6.89925     0.00734619
       9       -6.61966     0.00734619
      10       -5.82829     0.00734619
      11       -4.82902     0.00734619
      12       -4.13812     0.00734619
      13       -3.65027     0.00734619
      14      -0.788511        0.00000
      15      -0.449685        0.00000
      16     -0.0442340        0.00000
      17        1.04909        0.00000
      18        7.08319        0.00000
      19        8.14562        0.00000
      20        9.37661        0.00000
      21        10.5385        0.00000
      22        10.9764        0.00000
      23        11.3596        0.00000

 101/289 kpoint (Cartesian) = 0.056849 0.065644 0.0000 (34827 pws)
       1       -63.6265     0.00734619
       2       -37.8873     0.00734619
       3       -37.8809     0.00734619
       4       -37.7640     0.00734619
       5       -16.4670     0.00734619
       6       -15.6058     0.00734619
       7       -7.96014     0.00734619
       8       -6.81965     0.00734619
       9       -6.37183     0.00734619
      10       -5.69482     0.00734619
      11       -4.90773     0.00734619
      12       -4.03180     0.00734619
      13       -3.52580     0.00734619
      14      -0.744363        0.00000
      15      -0.427719        0.00000
      16      -0.192322        0.00000
      17       0.919461        0.00000
      18        7.06681        0.00000
      19        8.33139        0.00000
      20        9.62553        0.00000
      21        10.3455        0.00000
      22        10.9553        0.00000
      23        11.2862        0.00000

 102/289 kpoint (Cartesian) = 0.047375 0.060174 0.0000 (34836 pws)
       1       -63.6297     0.00734619
       2       -37.8874     0.00734619
       3       -37.8559     0.00734619
       4       -37.7548     0.00734619
       5       -16.6204     0.00734619
       6       -15.6684     0.00734619
       7       -8.03595     0.00734619
       8       -6.67521     0.00734619
       9       -6.13970     0.00734619
      10       -5.52714     0.00734619
      11       -5.00687     0.00734619
      12       -3.95645     0.00734619
      13       -3.37716     0.00734619
      14      -0.673016        0.00000
      15      -0.387300        0.00000
      16      -0.298907        0.00000
      17       0.776000        0.00000
      18        6.88003        0.00000
      19        8.54727        0.00000
      20        9.81684        0.00000
      21        10.0843        0.00000
      22        11.0640        0.00000
      23        11.4028        0.00000

 103/289 kpoint (Cartesian) = 0.037900 0.054703 0.0000 (34854 pws)
       1       -63.6328     0.00734619
       2       -37.8935     0.00734619
       3       -37.8263     0.00734619
       4       -37.7463     0.00734619
       5       -16.7593     0.00734619
       6       -15.7250     0.00734619
       7       -8.14563     0.00734619
       8       -6.49445     0.00734619
       9       -5.92911     0.00734619
      10       -5.33096     0.00734619
      11       -5.11396     0.00734619
      12       -3.92222     0.00734619
      13       -3.22963     0.00734619
      14      -0.578797        0.00000
      15      -0.355472        0.00000
      16      -0.329441        0.00000
      17       0.624845        0.00000
      18        6.58388        0.00000
      19        8.80450        0.00000
      20        9.68969        0.00000
      21        10.0717        0.00000
      22        11.1833        0.00000
      23        11.3917        0.00000

 104/289 kpoint (Cartesian) = 0.028425 0.049233 0.0000 (34885 pws)
       1       -63.6355     0.00734619
       2       -37.8989     0.00734619
       3       -37.7995     0.00734619
       4       -37.7388     0.00734619
       5       -16.8800     0.00734619
       6       -15.7744     0.00734619
       7       -8.26188     0.00734619
       8       -6.30477     0.00734619
       9       -5.73723     0.00734619
      10       -5.21793     0.00734619
      11       -5.12405     0.00734619
      12       -3.93214     0.00734619
      13       -3.10110     0.00734619
      14      -0.468529        0.00000
      15      -0.363067        0.00000
      16      -0.259787        0.00000
      17       0.474996        0.00000
      18        6.24622        0.00000
      19        9.10413        0.00000
      20        9.39850        0.00000
      21        10.2118        0.00000
      22        11.1382        0.00000
      23        11.5183        0.00000

 105/289 kpoint (Cartesian) = 0.018950 0.043763 0.0000 (34921 pws)
       1       -63.6378     0.00734619
       2       -37.9035     0.00734619
       3       -37.7767     0.00734619
       4       -37.7326     0.00734619
       5       -16.9799     0.00734619
       6       -15.8154     0.00734619
       7       -8.36781     0.00734619
       8       -6.12694     0.00734619
       9       -5.55898     0.00734619
      10       -5.31021     0.00734619
      11       -4.93165     0.00734619
      12       -3.97839     0.00734619
      13       -3.00051     0.00734619
      14      -0.352171        0.00000
      15      -0.334877        0.00000
      16      -0.187994        0.00000
      17       0.338558        0.00000
      18        5.92113        0.00000
      19        9.14156        0.00000
      20        9.43016        0.00000
      21        10.3475        0.00000
      22        11.0724        0.00000
      23        11.6093        0.00000

 106/289 kpoint (Cartesian) = 0.0094749 0.038292 0.0000 (34935 pws)
       1       -63.6396     0.00734619
       2       -37.9071     0.00734619
       3       -37.7584     0.00734619
       4       -37.7279     0.00734619
       5       -17.0566     0.00734619
       6       -15.8469     0.00734619
       7       -8.45351     0.00734619
       8       -5.97710     0.00734619
       9       -5.39505     0.00734619
      10       -5.38475     0.00734619
      11       -4.78064     0.00734619
      12       -4.04129     0.00734619
      13       -2.92957     0.00734619
      14      -0.293354        0.00000
      15      -0.242938        0.00000
      16      -0.125147        0.00000
      17       0.229587        0.00000
      18        5.64742        0.00000
      19        8.94523        0.00000
      20        9.74375        0.00000
      21        10.4718        0.00000
      22        11.0487        0.00000
      23        11.4802        0.00000

 107/289 kpoint (Cartesian) = 0.0000 0.032822 0.0000 (34943 pws)
       1       -63.6408     0.00367309
       2       -37.9096     0.00367309
       3       -37.7457     0.00367309
       4       -37.7250     0.00367309
       5       -17.1086     0.00367309
       6       -15.8684     0.00367309
       7       -8.51315     0.00367309
       8       -5.86764     0.00367309
       9       -5.43801     0.00367309
      10       -5.25809     0.00367309
      11       -4.69116     0.00367309
      12       -4.09426     0.00367309
      13       -2.88588     0.00367309
      14      -0.259146        0.00000
      15      -0.157392        0.00000
      16     -0.0790704        0.00000
      17       0.157709        0.00000
      18        5.45158        0.00000
      19        8.81738        0.00000
      20        9.99025        0.00000
      21        10.5738        0.00000
      22        11.0375        0.00000
      23        11.3587        0.00000

 108/289 kpoint (Cartesian) = 0.075799 0.0000 0.0000 (34807 pws)
       1       -63.6299     0.00367309
       2       -37.8878     0.00367309
       3       -37.8547     0.00367309
       4       -37.7534     0.00367309
       5       -16.6295     0.00367309
       6       -15.6765     0.00367309
       7       -8.03827     0.00367309
       8       -6.64383     0.00367309
       9       -6.11267     0.00367309
      10       -5.54145     0.00367309
      11       -5.03388     0.00367309
      12       -3.91179     0.00367309
      13       -3.38711     0.00367309
      14      -0.653395        0.00000
      15      -0.395754        0.00000
      16      -0.323889        0.00000
      17       0.765862        0.00000
      18        6.88695        0.00000
      19        8.58782        0.00000
      20        9.92130        0.00000
      21        9.97286        0.00000
      22        11.0580        0.00000
      23        11.3229        0.00000

 109/289 kpoint (Cartesian) = 0.085274 -0.0054703 0.0000 (34820 pws)
       1       -63.6269     0.00734619
       2       -37.8830     0.00734619
       3       -37.8816     0.00734619
       4       -37.7633     0.00734619
       5       -16.4856     0.00734619
       6       -15.6181     0.00734619
       7       -7.95478     0.00734619
       8       -6.78198     0.00734619
       9       -6.28784     0.00734619
      10       -5.76993     0.00734619
      11       -4.95606     0.00734619
      12       -3.94311     0.00734619
      13       -3.52534     0.00734619
      14      -0.736526        0.00000
      15      -0.430295        0.00000
      16      -0.276572        0.00000
      17       0.933934        0.00000
      18        7.08415        0.00000
      19        8.43936        0.00000
      20        9.74316        0.00000
      21        10.1869        0.00000
      22        10.8940        0.00000
      23        11.1726        0.00000

 110/289 kpoint (Cartesian) = 0.094749 -0.010941 0.0000 (34830 pws)
       1       -63.6237     0.00734619
       2       -37.9123     0.00734619
       3       -37.8752     0.00734619
       4       -37.7739     0.00734619
       5       -16.3296     0.00734619
       6       -15.5548     0.00734619
       7       -7.92282     0.00734619
       8       -6.86624     0.00734619
       9       -6.50152     0.00734619
      10       -5.94403     0.00734619
      11       -4.90562     0.00734619
      12       -4.01547     0.00734619
      13       -3.64315     0.00734619
      14      -0.795309        0.00000
      15      -0.447488        0.00000
      16      -0.183992        0.00000
      17        1.08854        0.00000
      18        7.12436        0.00000
      19        8.34648        0.00000
      20        9.50314        0.00000
      21        10.3329        0.00000
      22        10.8155        0.00000
      23        11.2351        0.00000

 111/289 kpoint (Cartesian) = 0.10422 -0.016411 0.0000 (34838 pws)
       1       -63.6204     0.00734619
       2       -37.9416     0.00734619
       3       -37.8687     0.00734619
       4       -37.7847     0.00734619
       5       -16.1660     0.00734619
       6       -15.4882     0.00734619
       7       -7.96148     0.00734619
       8       -6.88452     0.00734619
       9       -6.74783     0.00734619
      10       -6.05860     0.00734619
      11       -4.89246     0.00734619
      12       -4.12034     0.00734619
      13       -3.71700     0.00734619
      14      -0.819507        0.00000
      15      -0.453273        0.00000
      16     -0.0546593        0.00000
      17        1.22440        0.00000
      18        6.99967        0.00000
      19        8.24967        0.00000
      20        9.23865        0.00000
      21        10.4421        0.00000
      22        10.8848        0.00000
      23        11.4319        0.00000

 112/289 kpoint (Cartesian) = 0.11370 -0.021881 0.0000 (34811 pws)
       1       -63.6173     0.00734619
       2       -37.9698     0.00734619
       3       -37.8624     0.00734619
       4       -37.7952     0.00734619
       5       -16.0000     0.00734619
       6       -15.4208     0.00734619
       7       -8.05788     0.00734619
       8       -7.00311     0.00734619
       9       -6.86056     0.00734619
      10       -6.12891     0.00734619
      11       -4.91011     0.00734619
      12       -4.24606     0.00734619
      13       -3.73548     0.00734619
      14      -0.806330        0.00000
      15      -0.452326        0.00000
      16      0.0985374        0.00000
      17        1.33849        0.00000
      18        6.73995        0.00000
      19        8.12052        0.00000
      20        8.98464        0.00000
      21        10.5565        0.00000
      22        11.0825        0.00000
      23        11.6432        0.00000

 113/289 kpoint (Cartesian) = 0.12317 -0.027352 0.0000 (34798 pws)
       1       -63.6143     0.00734619
       2       -37.9962     0.00734619
       3       -37.8565     0.00734619
       4       -37.8051     0.00734619
       5       -15.8377     0.00734619
       6       -15.3551     0.00734619
       7       -8.18229     0.00734619
       8       -7.24738     0.00734619
       9       -6.83476     0.00734619
      10       -6.16863     0.00734619
      11       -4.93503     0.00734619
      12       -4.38086     0.00734619
      13       -3.70467     0.00734619
      14      -0.763514        0.00000
      15      -0.444330        0.00000
      16       0.261897        0.00000
      17        1.42939        0.00000
      18        6.38027        0.00000
      19        7.98732        0.00000
      20        8.76063        0.00000
      21        10.6829        0.00000
      22        11.2614        0.00000
      23        11.7232        0.00000

 114/289 kpoint (Cartesian) = 0.13265 -0.032822 0.0000 (34798 pws)
       1       -63.6116     0.00734619
       2       -38.0196     0.00734619
       3       -37.8512     0.00734619
       4       -37.8140     0.00734619
       5       -15.6860     0.00734619
       6       -15.2937     0.00734619
       7       -8.31061     0.00734619
       8       -7.46747     0.00734619
       9       -6.83369     0.00734619
      10       -6.18638     0.00734619
      11       -4.94509     0.00734619
      12       -4.51407     0.00734619
      13       -3.63859     0.00734619
      14      -0.714194        0.00000
      15      -0.417946        0.00000
      16       0.422893        0.00000
      17        1.49675        0.00000
      18        5.96711        0.00000
      19        7.87682        0.00000
      20        8.57489        0.00000
      21        10.8120        0.00000
      22        11.2478        0.00000
      23        11.8484        0.00000

 115/289 kpoint (Cartesian) = 0.14212 -0.038292 0.0000 (34782 pws)
       1       -63.6094     0.00734619
       2       -38.0393     0.00734619
       3       -37.8467     0.00734619
       4       -37.8216     0.00734619
       5       -15.5520     0.00734619
       6       -15.2398     0.00734619
       7       -8.42764     0.00734619
       8       -7.65428     0.00734619
       9       -6.86083     0.00734619
      10       -6.18852     0.00734619
      11       -4.93506     0.00734619
      12       -4.63626     0.00734619
      13       -3.55124     0.00734619
      14      -0.690786        0.00000
      15      -0.355134        0.00000
      16       0.570850        0.00000
      17        1.54111        0.00000
      18        5.55414        0.00000
      19        7.79504        0.00000
      20        8.42985        0.00000
      21        10.9314        0.00000
      22        11.1357        0.00000
      23        11.6899        0.00000

 116/289 kpoint (Cartesian) = 0.15160 -0.043763 0.0000 (34769 pws)
       1       -63.6076     0.00734619
       2       -38.0546     0.00734619
       3       -37.8432     0.00734619
       4       -37.8275     0.00734619
       5       -15.4432     0.00734619
       6       -15.1960     0.00734619
       7       -8.52355     0.00734619
       8       -7.80105     0.00734619
       9       -6.90310     0.00734619
      10       -6.18095     0.00734619
      11       -4.91410     0.00734619
      12       -4.73889     0.00734619
      13       -3.45782     0.00734619
      14      -0.700288        0.00000
      15      -0.263745        0.00000
      16       0.696758        0.00000
      17        1.56411        0.00000
      18        5.19135        0.00000
      19        7.73849        0.00000
      20        8.32493        0.00000
      21        11.0144        0.00000
      22        11.0302        0.00000
      23        11.5380        0.00000

 117/289 kpoint (Cartesian) = 0.16107 -0.049233 0.0000 (34756 pws)
       1       -63.6064     0.00734619
       2       -38.0651     0.00734619
       3       -37.8408     0.00734619
       4       -37.8316     0.00734619
       5       -15.3664     0.00734619
       6       -15.1650     0.00734619
       7       -8.59155     0.00734619
       8       -7.90269     0.00734619
       9       -6.94273     0.00734619
      10       -6.16964     0.00734619
      11       -4.89447     0.00734619
      12       -4.81407     0.00734619
      13       -3.37715     0.00734619
      14      -0.723401        0.00000
      15      -0.176458        0.00000
      16       0.792566        0.00000
      17        1.56891        0.00000
      18        4.92119        0.00000
      19        7.70228        0.00000
      20        8.25817        0.00000
      21        10.9219        0.00000
      22        11.1007        0.00000
      23        11.4315        0.00000

 118/289 kpoint (Cartesian) = 0.17055 -0.054703 0.0000 (34758 pws)
       1       -63.6058     0.00734619
       2       -38.0704     0.00734619
       3       -37.8396     0.00734619
       4       -37.8338     0.00734619
       5       -15.3267     0.00734619
       6       -15.1486     0.00734619
       7       -8.62699     0.00734619
       8       -7.95574     0.00734619
       9       -6.96565     0.00734619
      10       -6.16013     0.00734619
      11       -4.88440     0.00734619
      12       -4.85511     0.00734619
      13       -3.32911     0.00734619
      14      -0.740645        0.00000
      15      -0.123067        0.00000
      16       0.850459        0.00000
      17        1.56055        0.00000
      18        4.77673        0.00000
      19        7.68267        0.00000
      20        8.22736        0.00000
      21        10.8755        0.00000
      22        11.1375        0.00000
      23        11.3745        0.00000

 119/289 kpoint (Cartesian) = 0.18002 -0.060174 0.0000 (34758 pws)
       1       -63.6058     0.00734619
       2       -38.0702     0.00734619
       3       -37.8396     0.00734619
       4       -37.8339     0.00734619
       5       -15.3270     0.00734619
       6       -15.1479     0.00734619
       7       -8.62744     0.00734619
       8       -7.95837     0.00734619
       9       -6.96458     0.00734619
      10       -6.15617     0.00734619
      11       -4.88736     0.00734619
      12       -4.85777     0.00734619
      13       -3.32710     0.00734619
      14      -0.740750        0.00000
      15      -0.120741        0.00000
      16       0.863260        0.00000
      17        1.54518        0.00000
      18        4.77705        0.00000
      19        7.67791        0.00000
      20        8.23093        0.00000
      21        10.8812        0.00000
      22        11.1379        0.00000
      23        11.3700        0.00000

 120/289 kpoint (Cartesian) = 0.18950 -0.065644 0.0000 (34756 pws)
       1       -63.6064     0.00734619
       2       -38.0646     0.00734619
       3       -37.8408     0.00734619
       4       -37.8320     0.00734619
       5       -15.3674     0.00734619
       6       -15.1630     0.00734619
       7       -8.59286     0.00734619
       8       -7.91047     0.00734619
       9       -6.93978     0.00734619
      10       -6.15824     0.00734619
      11       -4.90302     0.00734619
      12       -4.82158     0.00734619
      13       -3.37101     0.00734619
      14      -0.723939        0.00000
      15      -0.169727        0.00000
      16       0.826982        0.00000
      17        1.52713        0.00000
      18        4.92226        0.00000
      19        7.68851        0.00000
      20        8.26849        0.00000
      21        10.9384        0.00000
      22        11.1019        0.00000
      23        11.4182        0.00000

 121/289 kpoint (Cartesian) = 0.11370 0.10941 0.0000 (34769 pws)
       1       -63.6076     0.00734619
       2       -38.0539     0.00734619
       3       -37.8433     0.00734619
       4       -37.8280     0.00734619
       5       -15.4449     0.00734619
       6       -15.1928     0.00734619
       7       -8.52562     0.00734619
       8       -7.81365     0.00734619
       9       -6.89905     0.00734619
      10       -6.16341     0.00734619
      11       -4.92722     0.00734619
      12       -4.75016     0.00734619
      13       -3.44734     0.00734619
      14      -0.701990        0.00000
      15      -0.253113        0.00000
      16       0.743679        0.00000
      17        1.50604        0.00000
      18        5.19334        0.00000
      19        7.71701        0.00000
      20        8.34092        0.00000
      21        11.0326        0.00000
      22        11.0396        0.00000
      23        11.5175        0.00000

 122/289 kpoint (Cartesian) = 0.10422 0.10394 0.0000 (34782 pws)
       1       -63.6094     0.00734619
       2       -38.0382     0.00734619
       3       -37.8468     0.00734619
       4       -37.8223     0.00734619
       5       -15.5542     0.00734619
       6       -15.2356     0.00734619
       7       -8.43028     0.00734619
       8       -7.67116     0.00734619
       9       -6.85707     0.00734619
      10       -6.16651     0.00734619
      11       -4.95085     0.00734619
      12       -4.64995     0.00734619
      13       -3.53626     0.00734619
      14      -0.694885        0.00000
      15      -0.341016        0.00000
      16       0.620978        0.00000
      17        1.47748        0.00000
      18        5.55706        0.00000
      19        7.76755        0.00000
      20        8.44998        0.00000
      21        10.9348        0.00000
      22        11.1663        0.00000
      23        11.6654        0.00000

 123/289 kpoint (Cartesian) = 0.094749 0.098466 0.0000 (34798 pws)
       1       -63.6117     0.00734619
       2       -38.0182     0.00734619
       3       -37.8513     0.00734619
       4       -37.8150     0.00734619
       5       -15.6886     0.00734619
       6       -15.2888     0.00734619
       7       -8.31356     0.00734619
       8       -7.48775     0.00734619
       9       -6.83207     0.00734619
      10       -6.16174     0.00734619
      11       -4.96104     0.00734619
      12       -4.52892     0.00734619
      13       -3.61910     0.00734619
      14      -0.721444        0.00000
      15      -0.401323        0.00000
      16       0.469343        0.00000
      17        1.43607        0.00000
      18        5.97061        0.00000
      19        7.84501        0.00000
      20        8.59750        0.00000
      21        10.8158        0.00000
      22        11.2792        0.00000
      23        11.8346        0.00000

 124/289 kpoint (Cartesian) = 0.085274 0.092996 0.0000 (34798 pws)
       1       -63.6143     0.00734619
       2       -37.9946     0.00734619
       3       -37.8566     0.00734619
       4       -37.8063     0.00734619
       5       -15.8406     0.00734619
       6       -15.3497     0.00734619
       7       -8.18520     0.00734619
       8       -7.26968     0.00734619
       9       -6.83702     0.00734619
      10       -6.14345     0.00734619
      11       -4.94868     0.00734619
      12       -4.39586     0.00734619
      13       -3.68081     0.00734619
      14      -0.773983        0.00000
      15      -0.426717        0.00000
      16       0.300421        0.00000
      17        1.37751        0.00000
      18        6.38343        0.00000
      19        7.95266        0.00000
      20        8.78424        0.00000
      21        10.6854        0.00000
      22        11.2901        0.00000
      23        11.7293        0.00000

 125/289 kpoint (Cartesian) = 0.075799 0.087525 0.0000 (34811 pws)
       1       -63.6173     0.00734619
       2       -37.9680     0.00734619
       3       -37.8626     0.00734619
       4       -37.7966     0.00734619
       5       -16.0031     0.00734619
       6       -15.4152     0.00734619
       7       -8.06036     0.00734619
       8       -7.02509     0.00734619
       9       -6.86762     0.00734619
      10       -6.10600     0.00734619
      11       -4.91987     0.00734619
      12       -4.26039     0.00734619
      13       -3.70762     0.00734619
      14      -0.820965        0.00000
      15      -0.433992        0.00000
      16       0.126847        0.00000
      17        1.29901        0.00000
      18        6.74118        0.00000
      19        8.08466        0.00000
      20        9.00819        0.00000
      21        10.5552        0.00000
      22        11.1102        0.00000
      23        11.6484        0.00000

 126/289 kpoint (Cartesian) = 0.066324 0.082055 0.0000 (34838 pws)
       1       -63.6204     0.00734619
       2       -37.9395     0.00734619
       3       -37.8689     0.00734619
       4       -37.7862     0.00734619
       5       -16.1691     0.00734619
       6       -15.4826     0.00734619
       7       -7.96327     0.00734619
       8       -6.89614     0.00734619
       9       -6.76518     0.00734619
      10       -6.04256     0.00734619
      11       -4.89754     0.00734619
      12       -4.13331     0.00734619
      13       -3.68618     0.00734619
      14      -0.839200        0.00000
      15      -0.433981        0.00000
      16     -0.0376839        0.00000
      17        1.19936        0.00000
      18        6.99675        0.00000
      19        8.21581        0.00000
      20        9.26152        0.00000
      21        10.4342        0.00000
      22        10.9160        0.00000
      23        11.4355        0.00000

 127/289 kpoint (Cartesian) = 0.056849 0.076585 0.0000 (34830 pws)
       1       -63.6237     0.00734619
       2       -37.9100     0.00734619
       3       -37.8754     0.00734619
       4       -37.7756     0.00734619
       5       -16.3327     0.00734619
       6       -15.5493     0.00734619
       7       -7.92429     0.00734619
       8       -6.88115     0.00734619
       9       -6.50676     0.00734619
      10       -5.94255     0.00734619
      11       -4.90561     0.00734619
      12       -4.02645     0.00734619
      13       -3.61112     0.00734619
      14      -0.819777        0.00000
      15      -0.427473        0.00000
      16      -0.178958        0.00000
      17        1.07900        0.00000
      18        7.11520        0.00000
      19        8.32044        0.00000
      20        9.52489        0.00000
      21        10.3162        0.00000
      22        10.8482        0.00000
      23        11.2449        0.00000

 128/289 kpoint (Cartesian) = 0.047375 0.071114 0.0000 (34820 pws)
       1       -63.6269     0.00734619
       2       -37.8818     0.00734619
       3       -37.8806     0.00734619
       4       -37.7652     0.00734619
       5       -16.4886     0.00734619
       6       -15.6131     0.00734619
       7       -7.95671     0.00734619
       8       -6.79847     0.00734619
       9       -6.27341     0.00734619
      10       -5.79077     0.00734619
      11       -4.95105     0.00734619
      12       -3.95142     0.00734619
      13       -3.49396     0.00734619
      14      -0.763626        0.00000
      15      -0.410964        0.00000
      16      -0.284043        0.00000
      17       0.940436        0.00000
      18        7.06934        0.00000
      19        8.42517        0.00000
      20        9.76271        0.00000
      21        10.1641        0.00000
      22        10.9229        0.00000
      23        11.1870        0.00000

 129/289 kpoint (Cartesian) = 0.037900 0.065644 0.0000 (34807 pws)
       1       -63.6300     0.00734619
       2       -37.8879     0.00734619
       3       -37.8522     0.00734619
       4       -37.7554     0.00734619
       5       -16.6322     0.00734619
       6       -15.6719     0.00734619
       7       -8.04090     0.00734619
       8       -6.66093     0.00734619
       9       -6.08085     0.00734619
      10       -5.58267     0.00734619
      11       -5.02449     0.00734619
      12       -3.91662     0.00734619
      13       -3.35799     0.00734619
      14      -0.678456        0.00000
      15      -0.380532        0.00000
      16      -0.344661        0.00000
      17       0.788798        0.00000
      18        6.87097        0.00000
      19        8.58280        0.00000
      20        9.92808        0.00000
      21        9.95966        0.00000
      22        11.0765        0.00000
      23        11.3373        0.00000

 130/289 kpoint (Cartesian) = 0.028425 0.060174 0.0000 (34854 pws)
       1       -63.6328     0.00734619
       2       -37.8935     0.00734619
       3       -37.8258     0.00734619
       4       -37.7467     0.00734619
       5       -16.7598     0.00734619
       6       -15.7243     0.00734619
       7       -8.14656     0.00734619
       8       -6.49677     0.00734619
       9       -5.91818     0.00734619
      10       -5.34435     0.00734619
      11       -5.11149     0.00734619
      12       -3.92309     0.00734619
      13       -3.22565     0.00734619
      14      -0.576347        0.00000
      15      -0.361295        0.00000
      16      -0.334603        0.00000
      17       0.632590        0.00000
      18        6.58379        0.00000
      19        8.80555        0.00000
      20        9.68255        0.00000
      21        10.0763        0.00000
      22        11.1726        0.00000
      23        11.4047        0.00000

 131/289 kpoint (Cartesian) = 0.018950 0.054703 0.0000 (34878 pws)
       1       -63.6352     0.00734619
       2       -37.8984     0.00734619
       3       -37.8024     0.00734619
       4       -37.7393     0.00734619
       5       -16.8682     0.00734619
       6       -15.7689     0.00734619
       7       -8.25141     0.00734619
       8       -6.33017     0.00734619
       9       -5.76775     0.00734619
      10       -5.19928     0.00734619
      11       -5.11494     0.00734619
      12       -3.96096     0.00734619
      13       -3.11193     0.00734619
      14      -0.470718        0.00000
      15      -0.345608        0.00000
      16      -0.276430        0.00000
      17       0.484435        0.00000
      18        6.27668        0.00000
      19        9.07360        0.00000
      20        9.42662        0.00000
      21        10.1885        0.00000
      22        11.1459        0.00000
      23        11.5380        0.00000

 132/289 kpoint (Cartesian) = 0.0094749 0.049233 0.0000 (34927 pws)
       1       -63.6372     0.00734619
       2       -37.9024     0.00734619
       3       -37.7828     0.00734619
       4       -37.7337     0.00734619
       5       -16.9550     0.00734619
       6       -15.8046     0.00734619
       7       -8.34211     0.00734619
       8       -6.17920     0.00734619
       9       -5.62358     0.00734619
      10       -5.27826     0.00734619
      11       -4.93066     0.00734619
      12       -4.00835     0.00734619
      13       -3.02405     0.00734619
      14      -0.373171        0.00000
      15      -0.318389        0.00000
      16      -0.215206        0.00000
      17       0.360725        0.00000
      18        5.99921        0.00000
      19        9.20731        0.00000
      20        9.35028        0.00000
      21        10.2963        0.00000
      22        11.1258        0.00000
      23        11.5909        0.00000

 133/289 kpoint (Cartesian) = 0.0000 0.043763 0.0000 (34937 pws)
       1       -63.6387     0.00367309
       2       -37.9053     0.00367309
       3       -37.7678     0.00367309
       4       -37.7300     0.00367309
       5       -17.0183     0.00367309
       6       -15.8308     0.00367309
       7       -8.41093     0.00367309
       8       -6.05783     0.00367309
       9       -5.49233     0.00367309
      10       -5.34169     0.00367309
      11       -4.82033     0.00367309
      12       -4.03797     0.00367309
      13       -2.96365     0.00367309
      14      -0.299911        0.00000
      15      -0.293464        0.00000
      16      -0.162548        0.00000
      17       0.275959        0.00000
      18        5.78316        0.00000
      19        9.04392        0.00000
      20        9.58722        0.00000
      21        10.3962        0.00000
      22        11.1139        0.00000
      23        11.4887        0.00000

 134/289 kpoint (Cartesian) = 0.094749 0.0000 0.0000 (34809 pws)
       1       -63.6239     0.00367309
       2       -37.9091     0.00367309
       3       -37.8756     0.00367309
       4       -37.7747     0.00367309
       5       -16.3393     0.00367309
       6       -15.5585     0.00367309
       7       -7.91362     0.00367309
       8       -6.85734     0.00367309
       9       -6.45021     0.00367309
      10       -5.99623     0.00367309
      11       -4.93461     0.00367309
      12       -3.97396     0.00367309
      13       -3.63109     0.00367309
      14      -0.806402        0.00000
      15      -0.439368        0.00000
      16      -0.231414        0.00000
      17        1.09786        0.00000
      18        7.13554        0.00000
      19        8.41539        0.00000
      20        9.57633        0.00000
      21        10.2273        0.00000
      22        10.7655        0.00000
      23        11.1996        0.00000

 135/289 kpoint (Cartesian) = 0.10422 -0.0054703 0.0000 (34845 pws)
       1       -63.6208     0.00734619
       2       -37.9355     0.00734619
       3       -37.8694     0.00734619
       4       -37.7867     0.00734619
       5       -16.1835     0.00734619
       6       -15.4948     0.00734619
       7       -7.93060     0.00734619
       8       -6.87164     0.00734619
       9       -6.67013     0.00734619
      10       -6.14149     0.00734619
      11       -4.96085     0.00734619
      12       -4.04538     0.00734619
      13       -3.69818     0.00734619
      14      -0.839693        0.00000
      15      -0.441129        0.00000
      16      -0.146925        0.00000
      17        1.24326        0.00000
      18        7.04275        0.00000
      19        8.40772        0.00000
      20        9.34385        0.00000
      21        10.2870        0.00000
      22        10.7321        0.00000
      23        11.3624        0.00000

 136/289 kpoint (Cartesian) = 0.11370 -0.010941 0.0000 (34841 pws)
       1       -63.6177     0.00734619
       2       -37.9613     0.00734619
       3       -37.8632     0.00734619
       4       -37.7989     0.00734619
       5       -16.0229     0.00734619
       6       -15.4289     0.00734619
       7       -8.00099     0.00734619
       8       -6.92697     0.00734619
       9       -6.83871     0.00734619
      10       -6.21608     0.00734619
      11       -5.02892     0.00734619
      12       -4.15025     0.00734619
      13       -3.71699     0.00734619
      14      -0.828115        0.00000
      15      -0.441769        0.00000
      16     -0.0306940        0.00000
      17        1.36596        0.00000
      18        6.83993        0.00000
      19        8.33116        0.00000
      20        9.10659        0.00000
      21        10.4000        0.00000
      22        10.8268        0.00000
      23        11.5563        0.00000

 137/289 kpoint (Cartesian) = 0.12317 -0.016411 0.0000 (34826 pws)
       1       -63.6147     0.00734619
       2       -37.9855     0.00734619
       3       -37.8574     0.00734619
       4       -37.8108     0.00734619
       5       -15.8633     0.00734619
       6       -15.3633     0.00734619
       7       -8.10130     0.00734619
       8       -7.18566     0.00734619
       9       -6.79494     0.00734619
      10       -6.24769     0.00734619
      11       -5.11295     0.00734619
      12       -4.27768     0.00734619
      13       -3.69212     0.00734619
      14      -0.775256        0.00000
      15      -0.443117        0.00000
      16       0.105332        0.00000
      17        1.46434        0.00000
      18        6.54917        0.00000
      19        8.18905        0.00000
      20        8.90002        0.00000
      21        10.5534        0.00000
      22        10.9799        0.00000
      23        11.6212        0.00000

 138/289 kpoint (Cartesian) = 0.13265 -0.021881 0.0000 (34805 pws)
       1       -63.6120     0.00734619
       2       -38.0075     0.00734619
       3       -37.8520     0.00734619
       4       -37.8218     0.00734619
       5       -15.7107     0.00734619
       6       -15.3006     0.00734619
       7       -8.20931     0.00734619
       8       -7.42567     0.00734619
       9       -6.77382     0.00734619
      10       -6.25173     0.00734619
      11       -5.18266     0.00734619
      12       -4.41586     0.00734619
      13       -3.63351     0.00734619
      14      -0.703933        0.00000
      15      -0.433913        0.00000
      16       0.248227        0.00000
      17        1.53848        0.00000
      18        6.19044        0.00000
      19        8.03440        0.00000
      20        8.73590        0.00000
      21        10.7224        0.00000
      22        11.0186        0.00000
      23        11.7632        0.00000

 139/289 kpoint (Cartesian) = 0.14212 -0.027352 0.0000 (34776 pws)
       1       -63.6097     0.00734619
       2       -38.0265     0.00734619
       3       -37.8473     0.00734619
       4       -37.8315     0.00734619
       5       -15.5722     0.00734619
       6       -15.2435     0.00734619
       7       -8.31052     0.00734619
       8       -7.63534     0.00734619
       9       -6.78967     0.00734619
      10       -6.23693     0.00734619
      11       -5.22145     0.00734619
      12       -4.55330     0.00734619
      13       -3.55051     0.00734619
      14      -0.665587        0.00000
      15      -0.377800        0.00000
      16       0.386070        0.00000
      17        1.58961        0.00000
      18        5.79993        0.00000
      19        7.90353        0.00000
      20        8.61493        0.00000
      21        10.8777        0.00000
      22        10.9021        0.00000
      23        11.6336        0.00000

 140/289 kpoint (Cartesian) = 0.15160 -0.032822 0.0000 (34780 pws)
       1       -63.6078     0.00734619
       2       -38.0418     0.00734619
       3       -37.8434     0.00734619
       4       -37.8395     0.00734619
       5       -15.4547     0.00734619
       6       -15.1950     0.00734619
       7       -8.39616     0.00734619
       8       -7.80684     0.00734619
       9       -6.83439     0.00734619
      10       -6.21052     0.00734619
      11       -5.23226     0.00734619
      12       -4.67893     0.00734619
      13       -3.45406     0.00734619
      14      -0.683818        0.00000
      15      -0.266792        0.00000
      16       0.508669        0.00000
      17        1.61990        0.00000
      18        5.42568        0.00000
      19        7.80630        0.00000
      20        8.53270        0.00000
      21        10.7461        0.00000
      22        10.9965        0.00000
      23        11.5120        0.00000

 141/289 kpoint (Cartesian) = 0.16107 -0.038292 0.0000 (34773 pws)
       1       -63.6063     0.00734619
       2       -38.0531     0.00734619
       3       -37.8455     0.00734619
       4       -37.8406     0.00734619
       5       -15.3649     0.00734619
       6       -15.1578     0.00734619
       7       -8.46083     0.00734619
       8       -7.93440     0.00734619
       9       -6.88708     0.00734619
      10       -6.18039     0.00734619
      11       -5.22866     0.00734619
      12       -4.78168     0.00734619
      13       -3.36038     0.00734619
      14      -0.726533        0.00000
      15      -0.146662        0.00000
      16       0.607468        0.00000
      17        1.63244        0.00000
      18        5.11552        0.00000
      19        7.74029        0.00000
      20        8.48257        0.00000
      21        10.6159        0.00000
      22        11.0726        0.00000
      23        11.4258        0.00000

 142/289 kpoint (Cartesian) = 0.17055 -0.043763 0.0000 (34771 pws)
       1       -63.6055     0.00734619
       2       -38.0600     0.00734619
       3       -37.8492     0.00734619
       4       -37.8388     0.00734619
       5       -15.3087     0.00734619
       6       -15.1341     0.00734619
       7       -8.50116     0.00734619
       8       -8.01385     0.00734619
       9       -6.92707     0.00734619
      10       -6.15524     0.00734619
      11       -5.22311     0.00734619
      12       -4.85064     0.00734619
      13       -3.29048     0.00734619
      14      -0.764735        0.00000
      15     -0.0566388        0.00000
      16       0.675168        0.00000
      17        1.63130        0.00000
      18        4.91012        0.00000
      19        7.70073        0.00000
      20        8.45759        0.00000
      21        10.5341        0.00000
      22        11.1126        0.00000
      23        11.3720        0.00000

 143/289 kpoint (Cartesian) = 0.18002 -0.049233 0.0000 (34758 pws)
       1       -63.6052     0.00734619
       2       -38.0621     0.00734619
       3       -37.8506     0.00734619
       4       -37.8383     0.00734619
       5       -15.2898     0.00734619
       6       -15.1255     0.00734619
       7       -8.51519     0.00734619
       8       -8.04260     0.00734619
       9       -6.94090     0.00734619
      10       -6.14295     0.00734619
      11       -5.22251     0.00734619
      12       -4.87670     0.00734619
      13       -3.26361     0.00734619
      14      -0.779642        0.00000
      15     -0.0217732        0.00000
      16       0.705671        0.00000
      17        1.62107        0.00000
      18        4.83824        0.00000
      19        7.68422        0.00000
      20        8.45245        0.00000
      21        10.5083        0.00000
      22        11.1250        0.00000
      23        11.3528        0.00000

 144/289 kpoint (Cartesian) = 0.18950 -0.054703 0.0000 (34771 pws)
       1       -63.6055     0.00734619
       2       -38.0596     0.00734619
       3       -37.8495     0.00734619
       4       -37.8389     0.00734619
       5       -15.3096     0.00734619
       6       -15.1324     0.00734619
       7       -8.50225     0.00734619
       8       -8.01970     0.00734619
       9       -6.92427     0.00734619
      10       -6.14721     0.00734619
      11       -5.22869     0.00734619
      12       -4.85578     0.00734619
      13       -3.28767     0.00734619
      14      -0.764272        0.00000
      15     -0.0515057        0.00000
      16       0.694908        0.00000
      17        1.60562        0.00000
      18        4.91065        0.00000
      19        7.68994        0.00000
      20        8.46490        0.00000
      21        10.5403        0.00000
      22        11.1135        0.00000
      23        11.3692        0.00000

 145/289 kpoint (Cartesian) = 0.19897 -0.060174 0.0000 (34773 pws)
       1       -63.6063     0.00734619
       2       -38.0523     0.00734619
       3       -37.8461     0.00734619
       4       -37.8406     0.00734619
       5       -15.3666     0.00734619
       6       -15.1546     0.00734619
       7       -8.46290     0.00734619
       8       -7.94589     0.00734619
       9       -6.88222     0.00734619
      10       -6.16542     0.00734619
      11       -5.23903     0.00734619
      12       -4.79097     0.00734619
      13       -3.35443     0.00734619
      14      -0.726168        0.00000
      15      -0.136976        0.00000
      16       0.642313        0.00000
      17        1.58645        0.00000
      18        5.11679        0.00000
      19        7.71977        0.00000
      20        8.49642        0.00000
      21        10.6280        0.00000
      22        11.0750        0.00000
      23        11.4195        0.00000

 146/289 kpoint (Cartesian) = 0.10422 0.11488 0.0000 (34780 pws)
       1       -63.6078     0.00734619
       2       -38.0406     0.00734619
       3       -37.8435     0.00734619
       4       -37.8404     0.00734619
       5       -15.4571     0.00734619
       6       -15.1904     0.00734619
       7       -8.39896     0.00734619
       8       -7.82355     0.00734619
       9       -6.82904     0.00734619
      10       -6.19024     0.00734619
      11       -5.24569     0.00734619
      12       -4.69099     0.00734619
      13       -3.44449     0.00734619
      14      -0.684814        0.00000
      15      -0.253154        0.00000
      16       0.551633        0.00000
      17        1.56190        0.00000
      18        5.42789        0.00000
      19        7.77787        0.00000
      20        8.55171        0.00000
      21        10.7643        0.00000
      22        11.0010        0.00000
      23        11.5008        0.00000

 147/289 kpoint (Cartesian) = 0.094749 0.10941 0.0000 (34776 pws)
       1       -63.6097     0.00734619
       2       -38.0249     0.00734619
       3       -37.8474     0.00734619
       4       -37.8326     0.00734619
       5       -15.5752     0.00734619
       6       -15.2378     0.00734619
       7       -8.31375     0.00734619
       8       -7.65662     0.00734619
       9       -6.78617     0.00734619
      10       -6.21298     0.00734619
      11       -5.23526     0.00734619
      12       -4.56689     0.00734619
      13       -3.53685     0.00734619
      14      -0.669843        0.00000
      15      -0.360441        0.00000
      16       0.430358        0.00000
      17        1.52814        0.00000
      18        5.80285        0.00000
      19        7.86926        0.00000
      20        8.63741        0.00000
      21        10.8842        0.00000
      22        10.9274        0.00000
      23        11.6148        0.00000

 148/289 kpoint (Cartesian) = 0.085274 0.10394 0.0000 (34805 pws)
       1       -63.6121     0.00734619
       2       -38.0056     0.00734619
       3       -37.8521     0.00734619
       4       -37.8232     0.00734619
       5       -15.7142     0.00734619
       6       -15.2941     0.00734619
       7       -8.21261     0.00734619
       8       -7.45050     0.00734619
       9       -6.77464     0.00734619
      10       -6.22578     0.00734619
      11       -5.19400     0.00734619
      12       -4.43002     0.00734619
      13       -3.61532     0.00734619
      14      -0.711154        0.00000
      15      -0.415210        0.00000
      16       0.288595        0.00000
      17        1.48068        0.00000
      18        6.19328        0.00000
      19        7.99614        0.00000
      20        8.76022        0.00000
      21        10.7292        0.00000
      22        11.0508        0.00000
      23        11.7591        0.00000

 149/289 kpoint (Cartesian) = 0.075799 0.098466 0.0000 (34826 pws)
       1       -63.6148     0.00734619
       2       -37.9833     0.00734619
       3       -37.8575     0.00734619
       4       -37.8124     0.00734619
       5       -15.8671     0.00734619
       6       -15.3564     0.00734619
       7       -8.10431     0.00734619
       8       -7.21237     0.00734619
       9       -6.80146     0.00734619
      10       -6.22173     0.00734619
      11       -5.12017     0.00734619
      12       -4.29176     0.00734619
      13       -3.66894     0.00734619
      14      -0.784995        0.00000
      15      -0.425328        0.00000
      16       0.138304        0.00000
      17        1.41550        0.00000
      18        6.55069        0.00000
      19        8.14823        0.00000
      20        8.92482        0.00000
      21        10.5579        0.00000
      22        11.0126        0.00000
      23        11.6305        0.00000

 150/289 kpoint (Cartesian) = 0.066324 0.092996 0.0000 (34841 pws)
       1       -63.6177     0.00734619
       2       -37.9588     0.00734619
       3       -37.8634     0.00734619
       4       -37.8008     0.00734619
       5       -16.0269     0.00734619
       6       -15.4218     0.00734619
       7       -8.00344     0.00734619
       8       -6.95232     0.00734619
       9       -6.85069     0.00734619
      10       -6.19351     0.00734619
      11       -5.03206     0.00734619
      12       -4.16374     0.00734619
      13       -3.68858     0.00734619
      14      -0.842232        0.00000
      15      -0.424327        0.00000
      16    -0.00720337        0.00000
      17        1.32964        0.00000
      18        6.83883        0.00000
      19        8.28955        0.00000
      20        9.13094        0.00000
      21        10.3994        0.00000
      22        10.8606        0.00000
      23        11.5547        0.00000

 151/289 kpoint (Cartesian) = 0.056849 0.087525 0.0000 (34845 pws)
       1       -63.6208     0.00734619
       2       -37.9329     0.00734619
       3       -37.8696     0.00734619
       4       -37.7887     0.00734619
       5       -16.1874     0.00734619
       6       -15.4878     0.00734619
       7       -7.93255     0.00734619
       8       -6.88769     0.00734619
       9       -6.68694     0.00734619
      10       -6.12953     0.00734619
      11       -4.96049     0.00734619
      12       -4.05785     0.00734619
      13       -3.66522     0.00734619
      14      -0.859275        0.00000
      15      -0.423463        0.00000
      16      -0.134155        0.00000
      17        1.22168        0.00000
      18        7.03777        0.00000
      19        8.37005        0.00000
      20        9.36705        0.00000
      21        10.2789        0.00000
      22        10.7672        0.00000
      23        11.3648        0.00000

 152/289 kpoint (Cartesian) = 0.047375 0.082055 0.0000 (34809 pws)
       1       -63.6239     0.00734619
       2       -37.9064     0.00734619
       3       -37.8758     0.00734619
       4       -37.7768     0.00734619
       5       -16.3431     0.00734619
       6       -15.5519     0.00734619
       7       -7.91575     0.00734619
       8       -6.87545     0.00734619
       9       -6.44643     0.00734619
      10       -6.00697     0.00734619
      11       -4.93082     0.00734619
      12       -3.98490     0.00734619
      13       -3.59563     0.00734619
      14      -0.830894        0.00000
      15      -0.421647        0.00000
      16      -0.230260        0.00000
      17        1.09236        0.00000
      18        7.12523        0.00000
      19        8.38915        0.00000
      20        9.59641        0.00000
      21        10.2112        0.00000
      22        10.7964        0.00000
      23        11.2083        0.00000

 153/289 kpoint (Cartesian) = 0.037900 0.076585 0.0000 (34820 pws)
       1       -63.6269     0.00734619
       2       -37.8818     0.00734619
       3       -37.8801     0.00734619
       4       -37.7655     0.00734619
       5       -16.4892     0.00734619
       6       -15.6121     0.00734619
       7       -7.95774     0.00734619
       8       -6.80041     0.00734619
       9       -6.26227     0.00734619
      10       -5.80469     0.00734619
      11       -4.94866     0.00734619
      12       -3.95187     0.00734619
      13       -3.49016     0.00734619
      14      -0.763269        0.00000
      15      -0.413992        0.00000
      16      -0.287948        0.00000
      17       0.945298        0.00000
      18        7.06928        0.00000
      19        8.42748        0.00000
      20        9.75316        0.00000
      21        10.1708        0.00000
      22        10.9150        0.00000
      23        11.1869        0.00000

 154/289 kpoint (Cartesian) = 0.028425 0.071114 0.0000 (34836 pws)
       1       -63.6297     0.00734619
       2       -37.8875     0.00734619
       3       -37.8550     0.00734619
       4       -37.7555     0.00734619
       5       -16.6216     0.00734619
       6       -15.6666     0.00734619
       7       -8.03800     0.00734619
       8       -6.67915     0.00734619
       9       -6.12055     0.00734619
      10       -5.55135     0.00734619
      11       -5.00247     0.00734619
      12       -3.95806     0.00734619
      13       -3.36904     0.00734619
      14      -0.670798        0.00000
      15      -0.395007        0.00000
      16      -0.308105        0.00000
      17       0.788166        0.00000
      18        6.88006        0.00000
      19        8.55080        0.00000
      20        9.79561        0.00000
      21        10.0997        0.00000
      22        11.0456        0.00000
      23        11.4031        0.00000

 155/289 kpoint (Cartesian) = 0.018950 0.065644 0.0000 (34842 pws)
       1       -63.6322     0.00734619
       2       -37.8925     0.00734619
       3       -37.8319     0.00734619
       4       -37.7470     0.00734619
       5       -16.7368     0.00734619
       6       -15.7141     0.00734619
       7       -8.13109     0.00734619
       8       -6.53737     0.00734619
       9       -5.99068     0.00734619
      10       -5.29932     0.00734619
      11       -5.07547     0.00734619
      12       -3.99158     0.00734619
      13       -3.25171     0.00734619
      14      -0.572571        0.00000
      15      -0.360589        0.00000
      16      -0.302356        0.00000
      17       0.633931        0.00000
      18        6.62434        0.00000
      19        8.74887        0.00000
      20        9.69331        0.00000
      21        10.0794        0.00000
      22        11.1139        0.00000
      23        11.5324        0.00000

 156/289 kpoint (Cartesian) = 0.0094749 0.060174 0.0000 (34885 pws)
       1       -63.6344     0.00734619
       2       -37.8968     0.00734619
       3       -37.8115     0.00734619
       4       -37.7406     0.00734619
       5       -16.8321     0.00734619
       6       -15.7535     0.00734619
       7       -8.21912     0.00734619
       8       -6.39643     0.00734619
       9       -5.86097     0.00734619
      10       -5.15288     0.00734619
      11       -5.09261     0.00734619
      12       -4.02773     0.00734619
      13       -3.15122     0.00734619
      14      -0.485988        0.00000
      15      -0.311677        0.00000
      16      -0.291544        0.00000
      17       0.501291        0.00000
      18        6.36769        0.00000
      19        8.97938        0.00000
      20        9.50947        0.00000
      21        10.1348        0.00000
      22        11.1345        0.00000
      23        11.6442        0.00000

 157/289 kpoint (Cartesian) = 0.0000 0.054703 0.0000 (34897 pws)
       1       -63.6360     0.00367309
       2       -37.9001     0.00367309
       3       -37.7948     0.00367309
       4       -37.7362     0.00367309
       5       -16.9054     0.00367309
       6       -15.7839     0.00367309
       7       -8.29147     0.00367309
       8       -6.27266     0.00367309
       9       -5.73388     0.00367309
      10       -5.22339     0.00367309
      11       -4.96809     0.00367309
      12       -4.03579     0.00367309
      13       -3.07445     0.00367309
      14      -0.419001        0.00000
      15      -0.296348        0.00000
      16      -0.258653        0.00000
      17       0.409118        0.00000
      18        6.15171        0.00000
      19        9.19375        0.00000
      20        9.33509        0.00000
      21        10.2165        0.00000
      22        11.1494        0.00000
      23        11.6619        0.00000

 158/289 kpoint (Cartesian) = 0.11370 0.0000 0.0000 (34837 pws)
       1       -63.6178     0.00367309
       2       -37.9581     0.00367309
       3       -37.8635     0.00367309
       4       -37.8004     0.00367309
       5       -16.0306     0.00367309
       6       -15.4317     0.00367309
       7       -7.98079     0.00367309
       8       -6.89553     0.00367309
       9       -6.83005     0.00367309
      10       -6.25221     0.00367309
      11       -5.07141     0.00367309
      12       -4.11534     0.00367309
      13       -3.71099     0.00367309
      14      -0.836232        0.00000
      15      -0.437784        0.00000
      16     -0.0767596        0.00000
      17        1.37551        0.00000
      18        6.87348        0.00000
      19        8.41944        0.00000
      20        9.15665        0.00000
      21        10.3333        0.00000
      22        10.7256        0.00000
      23        11.5187        0.00000

 159/289 kpoint (Cartesian) = 0.12317 -0.0054703 0.0000 (34836 pws)
       1       -63.6150     0.00734619
       2       -37.9795     0.00734619
       3       -37.8578     0.00734619
       4       -37.8143     0.00734619
       5       -15.8762     0.00734619
       6       -15.3675     0.00734619
       7       -8.05641     0.00734619
       8       -7.14802     0.00734619
       9       -6.76901     0.00734619
      10       -6.29665     0.00734619
      11       -5.21317     0.00734619
      12       -4.21923     0.00734619
      13       -3.68684     0.00734619
      14      -0.783491        0.00000
      15      -0.440842        0.00000
      16      0.0197805        0.00000
      17        1.48295        0.00000
      18        6.64031        0.00000
      19        8.32452        0.00000
      20        8.98531        0.00000
      21        10.4645        0.00000
      22        10.7944        0.00000
      23        11.5619        0.00000

 160/289 kpoint (Cartesian) = 0.13265 -0.010941 0.0000 (34809 pws)
       1       -63.6123     0.00734619
       2       -37.9989     0.00734619
       3       -37.8524     0.00734619
       4       -37.8278     0.00734619
       5       -15.7260     0.00734619
       6       -15.3046     0.00734619
       7       -8.13910     0.00734619
       8       -7.39571     0.00734619
       9       -6.72151     0.00734619
      10       -6.30042     0.00734619
      11       -5.35277     0.00734619
      12       -4.34670     0.00734619
      13       -3.63300     0.00734619
      14      -0.700359        0.00000
      15      -0.441622        0.00000
      16       0.131699        0.00000
      17        1.56596        0.00000
      18        6.34940        0.00000
      19        8.15135        0.00000
      20        8.85327        0.00000
      21        10.6469        0.00000
      22        10.8375        0.00000
      23        11.5283        0.00000

 161/289 kpoint (Cartesian) = 0.14212 -0.016411 0.0000 (34783 pws)
       1       -63.6099     0.00734619
       2       -38.0158     0.00734619
       3       -37.8476     0.00734619
       4       -37.8402     0.00734619
       5       -15.5862     0.00734619
       6       -15.2459     0.00734619
       7       -8.21612     0.00734619
       8       -7.62045     0.00734619
       9       -6.71314     0.00734619
      10       -6.27785     0.00734619
      11       -5.46083     0.00734619
      12       -4.48581     0.00734619
      13       -3.55450     0.00734619
      14      -0.649226        0.00000
      15      -0.393019        0.00000
      16       0.247005        0.00000
      17        1.62642        0.00000
      18        6.01181        0.00000
      19        7.96237        0.00000
      20        8.76551        0.00000
      21        10.7426        0.00000
      22        10.8372        0.00000
      23        11.4907        0.00000

 162/289 kpoint (Cartesian) = 0.15160 -0.021881 0.0000 (34769 pws)
       1       -63.6079     0.00734619
       2       -38.0298     0.00734619
       3       -37.8509     0.00734619
       4       -37.8436     0.00734619
       5       -15.4636     0.00734619
       6       -15.1939     0.00734619
       7       -8.28022     0.00734619
       8       -7.81154     0.00734619
       9       -6.74977     0.00734619
      10       -6.23842     0.00734619
      11       -5.52473     0.00734619
      12       -4.62409     0.00734619
      13       -3.45757     0.00734619
      14      -0.676054        0.00000
      15      -0.265459        0.00000
      16       0.354799        0.00000
      17        1.66686        0.00000
      18        5.65775        0.00000
      19        7.80110        0.00000
      20        8.71725        0.00000
      21        10.5803        0.00000
      22        10.9850        0.00000
      23        11.4453        0.00000

 163/289 kpoint (Cartesian) = 0.16107 -0.027352 0.0000 (34791 pws)
       1       -63.6063     0.00734619
       2       -38.0406     0.00734619
       3       -37.8595     0.00734619
       4       -37.8404     0.00734619
       5       -15.3645     0.00734619
       6       -15.1517     0.00734619
       7       -8.32817     0.00734619
       8       -7.96174     0.00734619
       9       -6.81338     0.00734619
      10       -6.19131     0.00734619
      11       -5.55274     0.00734619
      12       -4.74858     0.00734619
      13       -3.35442     0.00734619
      14      -0.738305        0.00000
      15      -0.115730        0.00000
      16       0.446171        0.00000
      17        1.69006        0.00000
      18        5.33229        0.00000
      19        7.68225        0.00000
      20        8.69860        0.00000
      21        10.4354        0.00000
      22        11.0640        0.00000
      23        11.4008        0.00000

 164/289 kpoint (Cartesian) = 0.17055 -0.032822 0.0000 (34785 pws)
       1       -63.6052     0.00734619
       2       -38.0479     0.00734619
       3       -37.8656     0.00734619
       4       -37.8382     0.00734619
       5       -15.2950     0.00734619
       6       -15.1215     0.00734619
       7       -8.35943     0.00734619
       8       -8.06586     0.00734619
       9       -6.87519     0.00734619
      10       -6.14741     0.00734619
      11       -5.56185     0.00734619
      12       -4.84526     0.00734619
      13       -3.26471     0.00734619
      14      -0.800864        0.00000
      15      0.0108748        0.00000
      16       0.514290        0.00000
      17        1.69888        0.00000
      18        5.08222        0.00000
      19        7.60503        0.00000
      20        8.69737        0.00000
      21        10.3343        0.00000
      22        11.0910        0.00000
      23        11.3664        0.00000

 165/289 kpoint (Cartesian) = 0.18002 -0.038292 0.0000 (34771 pws)
       1       -63.6046     0.00734619
       2       -38.0514     0.00734619
       3       -37.8688     0.00734619
       4       -37.8371     0.00734619
       5       -15.2592     0.00734619
       6       -15.1054     0.00734619
       7       -8.37493     0.00734619
       8       -8.12039     0.00734619
       9       -6.91132     0.00734619
      10       -6.11886     0.00734619
      11       -5.56500     0.00734619
      12       -4.89993     0.00734619
      13       -3.21133     0.00734619
      14      -0.839468        0.00000
      15      0.0844219        0.00000
      16       0.554137        0.00000
      17        1.69616        0.00000
      18        4.94601        0.00000
      19        7.56496        0.00000
      20        8.70214        0.00000
      21        10.2838        0.00000
      22        11.0960        0.00000
      23        11.3480        0.00000

 166/289 kpoint (Cartesian) = 0.18950 -0.043763 0.0000 (34771 pws)
       1       -63.6046     0.00734619
       2       -38.0511     0.00734619
       3       -37.8690     0.00734619
       4       -37.8372     0.00734619
       5       -15.2598     0.00734619
       6       -15.1044     0.00734619
       7       -8.37560     0.00734619
       8       -8.12351     0.00734619
       9       -6.90935     0.00734619
      10       -6.11496     0.00734619
      11       -5.56794     0.00734619
      12       -4.90229     0.00734619
      13       -3.21051     0.00734619
      14      -0.838798        0.00000
      15      0.0872463        0.00000
      16       0.562324        0.00000
      17        1.68454        0.00000
      18        4.94608        0.00000
      19        7.55927        0.00000
      20        8.70571        0.00000
      21        10.2855        0.00000
      22        11.0966        0.00000
      23        11.3486        0.00000

 167/289 kpoint (Cartesian) = 0.19897 -0.049233 0.0000 (34785 pws)
       1       -63.6052     0.00734619
       2       -38.0470     0.00734619
       3       -37.8662     0.00734619
       4       -37.8383     0.00734619
       5       -15.2965     0.00734619
       6       -15.1185     0.00734619
       7       -8.36131     0.00734619
       8       -8.07511     0.00734619
       9       -6.86980     0.00734619
      10       -6.13637     0.00734619
      11       -5.57019     0.00734619
      12       -4.85175     0.00734619
      13       -3.26197     0.00734619
      14      -0.799155        0.00000
      15      0.0189173        0.00000
      16       0.537291        0.00000
      17        1.66594        0.00000
      18        5.08258        0.00000
      19        7.58850        0.00000
      20        8.70768        0.00000
      21        10.3395        0.00000
      22        11.0934        0.00000
      23        11.3677        0.00000

 168/289 kpoint (Cartesian) = 0.20845 -0.054703 0.0000 (34791 pws)
       1       -63.6063     0.00734619
       2       -38.0393     0.00734619
       3       -37.8605     0.00734619
       4       -37.8405     0.00734619
       5       -15.3671     0.00734619
       6       -15.1469     0.00734619
       7       -8.33093     0.00734619
       8       -7.97679     0.00734619
       9       -6.80623     0.00734619
      10       -6.17460     0.00734619
      11       -5.56491     0.00734619
      12       -4.75791     0.00734619
      13       -3.34915     0.00734619
      14      -0.736443        0.00000
      15      -0.103464        0.00000
      16       0.479871        0.00000
      17        1.64098        0.00000
      18        5.33324        0.00000
      19        7.65643        0.00000
      20        8.71456        0.00000
      21        10.4442        0.00000
      22        11.0691        0.00000
      23        11.4012        0.00000

 169/289 kpoint (Cartesian) = 0.094749 0.12035 0.0000 (34769 pws)
       1       -63.6079     0.00734619
       2       -38.0280     0.00734619
       3       -37.8523     0.00734619
       4       -37.8437     0.00734619
       5       -15.4669     0.00734619
       6       -15.1877     0.00734619
       7       -8.28347     0.00734619
       8       -7.83184     0.00734619
       9       -6.74379     0.00734619
      10       -6.21759     0.00734619
      11       -5.53781     0.00734619
      12       -4.63507     0.00734619
      13       -3.44903     0.00734619
      14      -0.675670        0.00000
      15      -0.249740        0.00000
      16       0.393859        0.00000
      17        1.60863        0.00000
      18        5.65924        0.00000
      19        7.76816        0.00000
      20        8.73737        0.00000
      21        10.5940        0.00000
      22        10.9937        0.00000
      23        11.4409        0.00000

 170/289 kpoint (Cartesian) = 0.085274 0.11488 0.0000 (34783 pws)
       1       -63.6099     0.00734619
       2       -38.0136     0.00734619
       3       -37.8478     0.00734619
       4       -37.8418     0.00734619
       5       -15.5902     0.00734619
       6       -15.2385     0.00734619
       7       -8.21948     0.00734619
       8       -7.64515     0.00734619
       9       -6.71180     0.00734619
      10       -6.25431     0.00734619
      11       -5.47116     0.00734619
      12       -4.49760     0.00734619
      13       -3.54194     0.00734619
      14      -0.652702        0.00000
      15      -0.373927        0.00000
      16       0.286234        0.00000
      17        1.56624        0.00000
      18        6.01315        0.00000
      19        7.92463        0.00000
      20        8.78817        0.00000
      21        10.7654        0.00000
      22        10.8483        0.00000
      23        11.4743        0.00000

 171/289 kpoint (Cartesian) = 0.075799 0.10941 0.0000 (34809 pws)
       1       -63.6123     0.00734619
       2       -37.9963     0.00734619
       3       -37.8526     0.00734619
       4       -37.8297     0.00734619
       5       -15.7305     0.00734619
       6       -15.2966     0.00734619
       7       -8.14227     0.00734619
       8       -7.42351     0.00734619
       9       -6.72689     0.00734619
      10       -6.27569     0.00734619
      11       -5.35806     0.00734619
      12       -4.35883     0.00734619
      13       -3.61560     0.00734619
      14      -0.706270        0.00000
      15      -0.422872        0.00000
      16       0.166907        0.00000
      17        1.51016        0.00000
      18        6.34953        0.00000
      19        8.11057        0.00000
      20        8.87696        0.00000
      21        10.6572        0.00000
      22        10.8716        0.00000
      23        11.5118        0.00000

 172/289 kpoint (Cartesian) = 0.066324 0.10394 0.0000 (34836 pws)
       1       -63.6150     0.00734619
       2       -37.9767     0.00734619
       3       -37.8580     0.00734619
       4       -37.8164     0.00734619
       5       -15.8810     0.00734619
       6       -15.3590     0.00734619
       7       -8.05919     0.00734619
       8       -7.17653     0.00734619
       9       -6.78076     0.00734619
      10       -6.27311     0.00734619
      11       -5.21375     0.00734619
      12       -4.23139     0.00734619
      13       -3.66368     0.00734619
      14      -0.791956        0.00000
      15      -0.424213        0.00000
      16      0.0480028        0.00000
      17        1.43646        0.00000
      18        6.63850        0.00000
      19        8.28193        0.00000
      20        9.00867        0.00000
      21        10.4710        0.00000
      22        10.8307        0.00000
      23        11.5708        0.00000

 173/289 kpoint (Cartesian) = 0.056849 0.098466 0.0000 (34837 pws)
       1       -63.6179     0.00734619
       2       -37.9552     0.00734619
       3       -37.8638     0.00734619
       4       -37.8026     0.00734619
       5       -16.0355     0.00734619
       6       -15.4232     0.00734619
       7       -7.98319     0.00734619
       8       -6.91964     0.00734619
       9       -6.84642     0.00734619
      10       -6.23486     0.00734619
      11       -5.06904     0.00734619
      12       -4.12729     0.00734619
      13       -3.68144     0.00734619
      14      -0.849717        0.00000
      15      -0.422021        0.00000
      16     -0.0574895        0.00000
      17        1.34189        0.00000
      18        6.86951        0.00000
      19        8.37793        0.00000
      20        9.17835        0.00000
      21        10.3340        0.00000
      22        10.7612        0.00000
      23        11.5168        0.00000

 174/289 kpoint (Cartesian) = 0.047375 0.092996 0.0000 (34845 pws)
       1       -63.6208     0.00734619
       2       -37.9325     0.00734619
       3       -37.8696     0.00734619
       4       -37.7890     0.00734619
       5       -16.1882     0.00734619
       6       -15.4866     0.00734619
       7       -7.93299     0.00734619
       8       -6.89048     0.00734619
       9       -6.67996     0.00734619
      10       -6.14011     0.00734619
      11       -4.95692     0.00734619
      12       -4.05680     0.00734619
      13       -3.66289     0.00734619
      14      -0.859065        0.00000
      15      -0.425594        0.00000
      16      -0.137991        0.00000
      17        1.22490        0.00000
      18        7.03612        0.00000
      19        8.37362        0.00000
      20        9.36177        0.00000
      21        10.2811        0.00000
      22        10.7631        0.00000
      23        11.3649        0.00000

 175/289 kpoint (Cartesian) = 0.037900 0.087525 0.0000 (34830 pws)
       1       -63.6237     0.00734619
       2       -37.9092     0.00734619
       3       -37.8754     0.00734619
       4       -37.7762     0.00734619
       5       -16.3342     0.00734619
       6       -15.5471     0.00734619
       7       -7.92590     0.00734619
       8       -6.88551     0.00734619
       9       -6.49051     0.00734619
      10       -5.96517     0.00734619
      11       -4.90008     0.00734619
      12       -4.02587     0.00734619
      13       -3.60472     0.00734619
      14      -0.819550        0.00000
      15      -0.432369        0.00000
      16      -0.186609        0.00000
      17        1.08699        0.00000
      18        7.11389        0.00000
      19        8.32598        0.00000
      20        9.51363        0.00000
      21        10.3209        0.00000
      22        10.8368        0.00000
      23        11.2452        0.00000

 176/289 kpoint (Cartesian) = 0.028425 0.082055 0.0000 (34827 pws)
       1       -63.6265     0.00734619
       2       -37.8861     0.00734619
       3       -37.8810     0.00734619
       4       -37.7648     0.00734619
       5       -16.4689     0.00734619
       6       -15.6029     0.00734619
       7       -7.96307     0.00734619
       8       -6.82527     0.00734619
       9       -6.34964     0.00734619
      10       -5.72549     0.00734619
      11       -4.90119     0.00734619
      12       -4.03265     0.00734619
      13       -3.51435     0.00734619
      14      -0.743221        0.00000
      15      -0.436534        0.00000
      16      -0.204681        0.00000
      17       0.934247        0.00000
      18        7.06635        0.00000
      19        8.33785        0.00000
      20        9.60978        0.00000
      21        10.3509        0.00000
      22        10.9352        0.00000
      23        11.2877        0.00000

 177/289 kpoint (Cartesian) = 0.018950 0.076585 0.0000 (34839 pws)
       1       -63.6290     0.00734619
       2       -37.8861     0.00734619
       3       -37.8639     0.00734619
       4       -37.7554     0.00734619
       5       -16.5888     0.00734619
       6       -15.6525     0.00734619
       7       -8.02794     0.00734619
       8       -6.72550     0.00734619
       9       -6.22711     0.00734619
      10       -5.47260     0.00734619
      11       -4.94564     0.00734619
      12       -4.06397     0.00734619
      13       -3.40878     0.00734619
      14      -0.650989        0.00000
      15      -0.430796        0.00000
      16      -0.204160        0.00000
      17       0.779362        0.00000
      18        6.90756        0.00000
      19        8.45246        0.00000
      20        9.66628        0.00000
      21        10.2588        0.00000
      22        11.0110        0.00000
      23        11.5756        0.00000

 178/289 kpoint (Cartesian) = 0.0094749 0.071114 0.0000 (34852 pws)
       1       -63.6312     0.00734619
       2       -37.8905     0.00734619
       3       -37.8434     0.00734619
       4       -37.7481     0.00734619
       5       -16.6908     0.00734619
       6       -15.6947     0.00734619
       7       -8.10076     0.00734619
       8       -6.60847     0.00734619
       9       -6.10505     0.00734619
      10       -5.25748     0.00734619
      11       -5.01351     0.00734619
      12       -4.09288     0.00734619
      13       -3.30549     0.00734619
      14      -0.568894        0.00000
      15      -0.406240        0.00000
      16      -0.206915        0.00000
      17       0.642944        0.00000
      18        6.70480        0.00000
      19        8.63289        0.00000
      20        9.67939        0.00000
      21        10.1361        0.00000
      22        11.0554        0.00000
      23        11.7538        0.00000

 179/289 kpoint (Cartesian) = 0.0000 0.065644 0.0000 (34873 pws)
       1       -63.6330     0.00367309
       2       -37.8941     0.00367309
       3       -37.8256     0.00367309
       4       -37.7433     0.00367309
       5       -16.7726     0.00367309
       6       -15.7286     0.00367309
       7       -8.16733     0.00367309
       8       -6.49356     0.00367309
       9       -5.98046     0.00367309
      10       -5.12583     0.00367309
      11       -5.08724     0.00367309
      12       -4.08437     0.00367309
      13       -3.21710     0.00367309
      14      -0.515673        0.00000
      15      -0.360552        0.00000
      16      -0.235609        0.00000
      17       0.548044        0.00000
      18        6.51475        0.00000
      19        8.82403        0.00000
      20        9.61581        0.00000
      21        10.0960        0.00000
      22        11.0941        0.00000
      23        11.8762        0.00000

 180/289 kpoint (Cartesian) = 0.13265 0.0000 0.0000 (34814 pws)
       1       -63.6124     0.00367309
       2       -37.9957     0.00367309
       3       -37.8526     0.00367309
       4       -37.8300     0.00367309
       5       -15.7312     0.00367309
       6       -15.3060     0.00367309
       7       -8.11391     0.00367309
       8       -7.38466     0.00367309
       9       -6.69954     0.00367309
      10       -6.31849     0.00367309
      11       -5.41607     0.00367309
      12       -4.32176     0.00367309
      13       -3.63328     0.00367309
      14      -0.699745        0.00000
      15      -0.443757        0.00000
      16      0.0907129        0.00000
      17        1.57557        0.00000
      18        6.40777        0.00000
      19        8.19495        0.00000
      20        8.89738        0.00000
      21        10.6160        0.00000
      22        10.7702        0.00000
      23        11.4387        0.00000

 181/289 kpoint (Cartesian) = 0.14212 -0.0054703 0.0000 (34778 pws)
       1       -63.6100     0.00734619
       2       -38.0096     0.00734619
       3       -37.8478     0.00734619
       4       -37.8454     0.00734619
       5       -15.5935     0.00734619
       6       -15.2470     0.00734619
       7       -8.16303     0.00734619
       8       -7.61210     0.00734619
       9       -6.65630     0.00734619
      10       -6.30120     0.00734619
      11       -5.60584     0.00734619
      12       -4.44789     0.00734619
      13       -3.55790     0.00734619
      14      -0.641555        0.00000
      15      -0.400365        0.00000
      16       0.172295        0.00000
      17        1.64628        0.00000
      18        6.14032        0.00000
      19        7.97640        0.00000
      20        8.85243        0.00000
      21        10.6896        0.00000
      22        10.8150        0.00000
      23        11.3136        0.00000

 182/289 kpoint (Cartesian) = 0.15160 -0.010941 0.0000 (34804 pws)
       1       -63.6079     0.00734619
       2       -38.0210     0.00734619
       3       -37.8595     0.00734619
       4       -37.8437     0.00734619
       5       -15.4692     0.00734619
       6       -15.1931     0.00734619
       7       -8.19780     0.00734619
       8       -7.81451     0.00734619
       9       -6.66212     0.00734619
      10       -6.25820     0.00734619
      11       -5.75170     0.00734619
      12       -4.58551     0.00734619
      13       -3.46226     0.00734619
      14      -0.673750        0.00000
      15      -0.262711        0.00000
      16       0.254166        0.00000
      17        1.69815        0.00000
      18        5.84283        0.00000
      19        7.74056        0.00000
      20        8.84855        0.00000
      21        10.5514        0.00000
      22        10.9962        0.00000
      23        11.2954        0.00000

 183/289 kpoint (Cartesian) = 0.16107 -0.016411 0.0000 (34791 pws)
       1       -63.6062     0.00734619
       2       -38.0296     0.00734619
       3       -37.8716     0.00734619
       4       -37.8403     0.00734619
       5       -15.3646     0.00734619
       6       -15.1471     0.00734619
       7       -8.21664     0.00734619
       8       -7.98174     0.00734619
       9       -6.72083     0.00734619
      10       -6.20040     0.00734619
      11       -5.83829     0.00734619
      12       -4.72115     0.00734619
      13       -3.35366     0.00734619
      14      -0.751359        0.00000
      15     -0.0908101        0.00000
      16       0.327523        0.00000
      17        1.73377        0.00000
      18        5.53983        0.00000
      19        7.54291        0.00000
      20        8.87577        0.00000
      21        10.4187        0.00000
      22        11.0837        0.00000
      23        11.3111        0.00000

 184/289 kpoint (Cartesian) = 0.17055 -0.021881 0.0000 (34785 pws)
       1       -63.6050     0.00734619
       2       -38.0356     0.00734619
       3       -37.8810     0.00734619
       4       -37.8378     0.00734619
       5       -15.2853     0.00734619
       6       -15.1117     0.00734619
       7       -8.22225     0.00734619
       8       -8.10688     0.00734619
       9       -6.80480     0.00734619
      10       -6.13977     0.00734619
      11       -5.87789     0.00734619
      12       -4.83959     0.00734619
      13       -3.24811     0.00734619
      14      -0.837039        0.00000
      15      0.0673836        0.00000
      16       0.385972        0.00000
      17        1.75489        0.00000
      18        5.27380        0.00000
      19        7.40358        0.00000
      20        8.91827        0.00000
      21        10.3189        0.00000
      22        11.0810        0.00000
      23        11.3247        0.00000

 185/289 kpoint (Cartesian) = 0.18002 -0.027352 0.0000 (34757 pws)
       1       -63.6042     0.00734619
       2       -38.0390     0.00734619
       3       -37.8870     0.00734619
       4       -37.8363     0.00734619
       5       -15.2359     0.00734619
       6       -15.0889     0.00734619
       7       -8.22101     0.00734619
       8       -8.18517     0.00734619
       9       -6.87375     0.00734619
      10       -6.09117     0.00734619
      11       -5.89337     0.00734619
      12       -4.92330     0.00734619
      13       -3.16893     0.00734619
      14      -0.903751        0.00000
      15       0.179679        0.00000
      16       0.425401        0.00000
      17        1.76264        0.00000
      18        5.09062        0.00000
      19        7.32155        0.00000
      20        8.95683        0.00000
      21        10.2583        0.00000
      22        11.0502        0.00000
      23        11.3323        0.00000

 186/289 kpoint (Cartesian) = 0.18950 -0.032822 0.0000 (34748 pws)
       1       -63.6039     0.00734619
       2       -38.0399     0.00734619
       3       -37.8892     0.00734619
       4       -37.8358     0.00734619
       5       -15.2196     0.00734619
       6       -15.0804     0.00734619
       7       -8.22007     0.00734619
       8       -8.21374     0.00734619
       9       -6.89825     0.00734619
      10       -6.07019     0.00734619
      11       -5.89939     0.00734619
      12       -4.95510     0.00734619
      13       -3.13900     0.00734619
      14      -0.928500        0.00000
      15       0.222275        0.00000
      16       0.443349        0.00000
      17        1.75796        0.00000
      18        5.02502        0.00000
      19        7.29138        0.00000
      20        8.97423        0.00000
      21        10.2385        0.00000
      22        11.0356        0.00000
      23        11.3361        0.00000

 187/289 kpoint (Cartesian) = 0.19897 -0.038292 0.0000 (34757 pws)
       1       -63.6042     0.00734619
       2       -38.0383     0.00734619
       3       -37.8876     0.00734619
       4       -37.8363     0.00734619
       5       -15.2372     0.00734619
       6       -15.0866     0.00734619
       7       -8.22252     0.00734619
       8       -8.19155     0.00734619
       9       -6.86833     0.00734619
      10       -6.08455     0.00734619
      11       -5.90006     0.00734619
      12       -4.92676     0.00734619
      13       -3.16806     0.00734619
      14      -0.901743        0.00000
      15       0.185541        0.00000
      16       0.438414        0.00000
      17        1.74202        0.00000
      18        5.09015        0.00000
      19        7.31100        0.00000
      20        8.96310        0.00000
      21        10.2597        0.00000
      22        11.0522        0.00000
      23        11.3370        0.00000

 188/289 kpoint (Cartesian) = 0.20845 -0.043763 0.0000 (34785 pws)
       1       -63.6050     0.00734619
       2       -38.0342     0.00734619
       3       -37.8821     0.00734619
       4       -37.8379     0.00734619
       5       -15.2878     0.00734619
       6       -15.1072     0.00734619
       7       -8.22482     0.00734619
       8       -8.11939     0.00734619
       9       -6.79551     0.00734619
      10       -6.12762     0.00734619
      11       -5.89003     0.00734619
      12       -4.84556     0.00734619
      13       -3.24577     0.00734619
      14      -0.833684        0.00000
      15      0.0781589        0.00000
      16       0.410126        0.00000
      17        1.71624        0.00000
      18        5.27311        0.00000
      19        7.38351        0.00000
      20        8.93012        0.00000
      21        10.3215        0.00000
      22        11.0859        0.00000
      23        11.3326        0.00000

 189/289 kpoint (Cartesian) = 0.21792 -0.049233 0.0000 (34791 pws)
       1       -63.6062     0.00734619
       2       -38.0276     0.00734619
       3       -37.8732     0.00734619
       4       -37.8404     0.00734619
       5       -15.3682     0.00734619
       6       -15.1408     0.00734619
       7       -8.21968     0.00734619
       8       -7.99990     0.00734619
       9       -6.71124     0.00734619
      10       -6.18412     0.00734619
      11       -5.85267     0.00734619
      12       -4.72858     0.00734619
      13       -3.34896     0.00734619
      14      -0.747779        0.00000
      15     -0.0765167        0.00000
      16       0.359460        0.00000
      17        1.68186        0.00000
      18        5.53898        0.00000
      19        7.51531        0.00000
      20        8.89208        0.00000
      21        10.4232        0.00000
      22        11.0931        0.00000
      23        11.3187        0.00000

 190/289 kpoint (Cartesian) = 0.085274 0.12582 0.0000 (34804 pws)
       1       -63.6079     0.00734619
       2       -38.0185     0.00734619
       3       -37.8614     0.00734619
       4       -37.8439     0.00734619
       5       -15.4736     0.00734619
       6       -15.1852     0.00734619
       7       -8.20089     0.00734619
       8       -7.83754     0.00734619
       9       -6.65741     0.00734619
      10       -6.23902     0.00734619
      11       -5.76316     0.00734619
      12       -4.59374     0.00734619
      13       -3.45427     0.00734619
      14      -0.671659        0.00000
      15      -0.245933        0.00000
      16       0.289736        0.00000
      17        1.63907        0.00000
      18        5.84125        0.00000
      19        7.70796        0.00000
      20        8.86796        0.00000
      21        10.5611        0.00000
      22        11.0103        0.00000
      23        11.2959        0.00000

 191/289 kpoint (Cartesian) = 0.075799 0.12035 0.0000 (34778 pws)
       1       -63.6100     0.00734619
       2       -38.0068     0.00734619
       3       -37.8481     0.00734619
       4       -37.8475     0.00734619
       5       -15.5985     0.00734619
       6       -15.2380     0.00734619
       7       -8.16590     0.00734619
       8       -7.63883     0.00734619
       9       -6.65975     0.00734619
      10       -6.28037     0.00734619
      11       -5.61092     0.00734619
      12       -4.45663     0.00734619
      13       -3.54566     0.00734619
      14      -0.643331        0.00000
      15      -0.381357        0.00000
      16       0.207355        0.00000
      17        1.58644        0.00000
      18        6.13714        0.00000
      19        7.94101        0.00000
      20        8.87353        0.00000
      21        10.7122        0.00000
      22        10.8299        0.00000
      23        11.2990        0.00000

 192/289 kpoint (Cartesian) = 0.066324 0.11488 0.0000 (34814 pws)
       1       -63.6124     0.00734619
       2       -37.9926     0.00734619
       3       -37.8528     0.00734619
       4       -37.8324     0.00734619
       5       -15.7366     0.00734619
       6       -15.2963     0.00734619
       7       -8.11649     0.00734619
       8       -7.41312     0.00734619
       9       -6.71049     0.00734619
      10       -6.29782     0.00734619
      11       -5.41527     0.00734619
      12       -4.33092     0.00734619
      13       -3.61569     0.00734619
      14      -0.703741        0.00000
      15      -0.426517        0.00000
      16       0.121739        0.00000
      17        1.52083        0.00000
      18        6.40270        0.00000
      19        8.15798        0.00000
      20        8.91865        0.00000
      21        10.6278        0.00000
      22        10.8055        0.00000
      23        11.4200        0.00000

 193/289 kpoint (Cartesian) = 0.056849 0.10941 0.0000 (34836 pws)
       1       -63.6150     0.00734619
       2       -37.9763     0.00734619
       3       -37.8581     0.00734619
       4       -37.8167     0.00734619
       5       -15.8819     0.00734619
       6       -15.3576     0.00734619
       7       -8.05878     0.00734619
       8       -7.17454     0.00734619
       9       -6.78507     0.00734619
      10       -6.27959     0.00734619
      11       -5.20893     0.00734619
      12       -4.22876     0.00734619
      13       -3.66269     0.00734619
      14      -0.790772        0.00000
      15      -0.426137        0.00000
      16      0.0440799        0.00000
      17        1.43811        0.00000
      18        6.63392        0.00000
      19        8.28758        0.00000
      20        9.00509        0.00000
      21        10.4714        0.00000
      22        10.8298        0.00000
      23        11.5718        0.00000

 194/289 kpoint (Cartesian) = 0.047375 0.10394 0.0000 (34841 pws)
       1       -63.6177     0.00734619
       2       -37.9580     0.00734619
       3       -37.8635     0.00734619
       4       -37.8013     0.00734619
       5       -16.0286     0.00734619
       6       -15.4192     0.00734619
       7       -8.00342     0.00734619
       8       -6.94497     0.00734619
       9       -6.85754     0.00734619
      10       -6.20896     0.00734619
      11       -5.02370     0.00734619
      12       -4.16002     0.00734619
      13       -3.68552     0.00734619
      14      -0.841033        0.00000
      15      -0.428205        0.00000
      16     -0.0151412        0.00000
      17        1.33465        0.00000
      18        6.83286        0.00000
      19        8.29810        0.00000
      20        9.12285        0.00000
      21        10.4009        0.00000
      22        10.8561        0.00000
      23        11.5559        0.00000

 195/289 kpoint (Cartesian) = 0.037900 0.098466 0.0000 (34838 pws)
       1       -63.6205     0.00734619
       2       -37.9384     0.00734619
       3       -37.8690     0.00734619
       4       -37.7870     0.00734619
       5       -16.1715     0.00734619
       6       -15.4789     0.00734619
       7       -7.96447     0.00734619
       8       -6.90407     0.00734619
       9       -6.75060     0.00734619
      10       -6.06802     0.00734619
      11       -4.88760     0.00734619
      12       -4.12998     0.00734619
      13       -3.67911     0.00734619
      14      -0.838443        0.00000
      15      -0.440264        0.00000
      16     -0.0495601        0.00000
      17        1.20923        0.00000
      18        6.99175        0.00000
      19        8.22539        0.00000
      20        9.24908        0.00000
      21        10.4359        0.00000
      22        10.9047        0.00000
      23        11.4373        0.00000

 196/289 kpoint (Cartesian) = 0.028425 0.092996 0.0000 (34829 pws)
       1       -63.6231     0.00734619
       2       -37.9179     0.00734619
       3       -37.8743     0.00734619
       4       -37.7744     0.00734619
       5       -16.3060     0.00734619
       6       -15.5350     0.00734619
       7       -7.95401     0.00734619
       8       -6.90754     0.00734619
       9       -6.59959     0.00734619
      10       -5.86129     0.00734619
      11       -4.81932     0.00734619
      12       -4.13632     0.00734619
      13       -3.63730     0.00734619
      14      -0.787825        0.00000
      15      -0.459119        0.00000
      16     -0.0605157        0.00000
      17        1.06546        0.00000
      18        7.08024        0.00000
      19        8.15512        0.00000
      20        9.36149        0.00000
      21        10.5371        0.00000
      22        10.9571        0.00000
      23        11.3642        0.00000

 197/289 kpoint (Cartesian) = 0.018950 0.087525 0.0000 (34840 pws)
       1       -63.6256     0.00734619
       2       -37.8973     0.00734619
       3       -37.8793     0.00734619
       4       -37.7640     0.00734619
       5       -16.4282     0.00734619
       6       -15.5857     0.00734619
       7       -7.97364     0.00734619
       8       -6.86515     0.00734619
       9       -6.47371     0.00734619
      10       -5.62718     0.00734619
      11       -4.81844     0.00734619
      12       -4.16560     0.00734619
      13       -3.56335     0.00734619
      14      -0.706565        0.00000
      15      -0.478531        0.00000
      16     -0.0598569        0.00000
      17       0.914706        0.00000
      18        7.06086        0.00000
      19        8.17571        0.00000
      20        9.45687        0.00000
      21        10.5545        0.00000
      22        10.9913        0.00000
      23        11.4755        0.00000

 198/289 kpoint (Cartesian) = 0.0094749 0.082055 0.0000 (34840 pws)
       1       -63.6279     0.00734619
       2       -37.8838     0.00734619
       3       -37.8773     0.00734619
       4       -37.7562     0.00734619
       5       -16.5347     0.00734619
       6       -15.6299     0.00734619
       7       -8.01326     0.00734619
       8       -6.78901     0.00734619
       9       -6.35339     0.00734619
      10       -5.41785     0.00734619
      11       -4.86617     0.00734619
      12       -4.18999     0.00734619
      13       -3.47237     0.00734619
      14      -0.621722        0.00000
      15      -0.487696        0.00000
      16     -0.0705889        0.00000
      17       0.778777        0.00000
      18        6.95332        0.00000
      19        8.29927        0.00000
      20        9.54335        0.00000
      21        10.4318        0.00000
      22        11.0058        0.00000
      23        11.7699        0.00000

 199/289 kpoint (Cartesian) = 0.0000 0.076585 0.0000 (34831 pws)
       1       -63.6297     0.00367309
       2       -37.8875     0.00367309
       3       -37.8590     0.00367309
       4       -37.7510     0.00367309
       5       -16.6230     0.00367309
       6       -15.6665     0.00367309
       7       -8.05922     0.00367309
       8       -6.69751     0.00367309
       9       -6.23007     0.00367309
      10       -5.28613     0.00367309
      11       -4.93822     0.00367309
      12       -4.17121     0.00367309
      13       -3.38194     0.00367309
      14      -0.574350        0.00000
      15      -0.461344        0.00000
      16      -0.118628        0.00000
      17       0.684883        0.00000
      18        6.82032        0.00000
      19        8.47059        0.00000
      20        9.62221        0.00000
      21        10.2677        0.00000
      22        11.0202        0.00000
      23        12.0142        0.00000

 200/289 kpoint (Cartesian) = 0.15160 0.0000 0.0000 (34782 pws)
       1       -63.6079     0.00367309
       2       -38.0176     0.00367309
       3       -37.8627     0.00367309
       4       -37.8437     0.00367309
       5       -15.4712     0.00367309
       6       -15.1928     0.00367309
       7       -8.16781     0.00367309
       8       -7.81551     0.00367309
       9       -6.61843     0.00367309
      10       -6.26534     0.00367309
      11       -5.84463     0.00367309
      12       -4.57159     0.00367309
      13       -3.46427     0.00367309
      14      -0.673447        0.00000
      15      -0.261420        0.00000
      16       0.219172        0.00000
      17        1.70912        0.00000
      18        5.91687        0.00000
      19        7.70328        0.00000
      20        8.89682        0.00000
      21        10.5743        0.00000
      22        11.0076        0.00000
      23        11.1977        0.00000

 201/289 kpoint (Cartesian) = 0.16107 -0.0054703 0.0000 (34786 pws)
       1       -63.6062     0.00734619
       2       -38.0229     0.00734619
       3       -37.8788     0.00734619
       4       -37.8402     0.00734619
       5       -15.3648     0.00734619
       6       -15.1447     0.00734619
       7       -8.15188     0.00734619
       8       -7.99229     0.00734619
       9       -6.63318     0.00734619
      10       -6.20559     0.00734619
      11       -6.03229     0.00734619
      12       -4.70554     0.00734619
      13       -3.35425     0.00734619
      14      -0.759542        0.00000
      15     -0.0770729        0.00000
      16       0.264753        0.00000
      17        1.75733        0.00000
      18        5.67878        0.00000
      19        7.41859        0.00000
      20        8.97833        0.00000
      21        10.4919        0.00000
      22        11.1188        0.00000
      23        11.1773        0.00000

 202/289 kpoint (Cartesian) = 0.17055 -0.010941 0.0000 (34790 pws)
       1       -63.6048     0.00734619
       2       -38.0259     0.00734619
       3       -37.8926     0.00734619
       4       -37.8375     0.00734619
       5       -15.2796     0.00734619
       6       -15.1055     0.00734619
       7       -8.13309     0.00734619
       8       -8.11879     0.00734619
       9       -6.71461     0.00734619
      10       -6.13840     0.00734619
      11       -6.13446     0.00734619
      12       -4.83510     0.00734619
      13       -3.23870     0.00734619
      14      -0.863141        0.00000
      15       0.104436        0.00000
      16       0.303533        0.00000
      17        1.79191        0.00000
      18        5.44337        0.00000
      19        7.18973        0.00000
      20        9.08148        0.00000
      21        10.4287        0.00000
      22        11.0850        0.00000
      23        11.2151        0.00000

 203/289 kpoint (Cartesian) = 0.18002 -0.016411 0.0000 (34773 pws)
       1       -63.6039     0.00734619
       2       -38.0271     0.00734619
       3       -37.9029     0.00734619
       4       -37.8357     0.00734619
       5       -15.2203     0.00734619
       6       -15.0773     0.00734619
       7       -8.23151     0.00734619
       8       -8.07926     0.00734619
       9       -6.82319     0.00734619
      10       -6.18025     0.00734619
      11       -6.06739     0.00734619
      12       -4.94225     0.00734619
      13       -3.13796     0.00734619
      14      -0.957035        0.00000
      15       0.250418        0.00000
      16       0.332373        0.00000
      17        1.81243        0.00000
      18        5.24841        0.00000
      19        7.03970        0.00000
      20        9.18183        0.00000
      21        10.3829        0.00000
      22        10.9922        0.00000
      23        11.2714        0.00000

 204/289 kpoint (Cartesian) = 0.18950 -0.021881 0.0000 (34730 pws)
       1       -63.6034     0.00734619
       2       -38.0272     0.00734619
       3       -37.9087     0.00734619
       4       -37.8347     0.00734619
       5       -15.1901     0.00734619
       6       -15.0620     0.00734619
       7       -8.28340     0.00734619
       8       -8.05148     0.00734619
       9       -6.89502     0.00734619
      10       -6.19469     0.00734619
      11       -6.02400     0.00734619
      12       -5.00538     0.00734619
      13       -3.07780     0.00734619
      14       -1.01337        0.00000
      15       0.333626        0.00000
      16       0.349833        0.00000
      17        1.81800        0.00000
      18        5.13667        0.00000
      19        6.96554        0.00000
      20        9.24698        0.00000
      21        10.3584        0.00000
      22        10.9245        0.00000
      23        11.3125        0.00000

 205/289 kpoint (Cartesian) = 0.19897 -0.027352 0.0000 (34730 pws)
       1       -63.6034     0.00734619
       2       -38.0267     0.00734619
       3       -37.9091     0.00734619
       4       -37.8348     0.00734619
       5       -15.1908     0.00734619
       6       -15.0607     0.00734619
       7       -8.28662     0.00734619
       8       -8.05240     0.00734619
       9       -6.89085     0.00734619
      10       -6.19916     0.00734619
      11       -6.02140     0.00734619
      12       -5.00634     0.00734619
      13       -3.07773     0.00734619
      14       -1.01199        0.00000
      15       0.336746        0.00000
      16       0.355225        0.00000
      17        1.80834        0.00000
      18        5.13581        0.00000
      19        6.96098        0.00000
      20        9.24952        0.00000
      21        10.3581        0.00000
      22        10.9261        0.00000
      23        11.3174        0.00000

 206/289 kpoint (Cartesian) = 0.20845 -0.032822 0.0000 (34773 pws)
       1       -63.6039     0.00734619
       2       -38.0257     0.00734619
       3       -37.9041     0.00734619
       4       -37.8357     0.00734619
       5       -15.2225     0.00734619
       6       -15.0734     0.00734619
       7       -8.24105     0.00734619
       8       -8.08151     0.00734619
       9       -6.81160     0.00734619
      10       -6.19323     0.00734619
      11       -6.06010     0.00734619
      12       -4.94475     0.00734619
      13       -3.13732     0.00734619
      14      -0.953322        0.00000
      15       0.259222        0.00000
      16       0.347989        0.00000
      17        1.78439        0.00000
      18        5.24592        0.00000
      19        7.02660        0.00000
      20        9.18926        0.00000
      21        10.3820        0.00000
      22        10.9971        0.00000
      23        11.2839        0.00000

 207/289 kpoint (Cartesian) = 0.21792 -0.038292 0.0000 (34790 pws)
       1       -63.6049     0.00734619
       2       -38.0237     0.00734619
       3       -37.8944     0.00734619
       4       -37.8377     0.00734619
       5       -15.2831     0.00734619
       6       -15.0993     0.00734619
       7       -8.14853     0.00734619
       8       -8.12146     0.00734619
       9       -6.69927     0.00734619
      10       -6.15698     0.00734619
      11       -6.12347     0.00734619
      12       -4.83844     0.00734619
      13       -3.23655     0.00734619
      14      -0.858086        0.00000
      15       0.117515        0.00000
      16       0.327717        0.00000
      17        1.74824        0.00000
      18        5.43928        0.00000
      19        7.16981        0.00000
      20        9.09324        0.00000
      21        10.4274        0.00000
      22        11.0937        0.00000
      23        11.2310        0.00000

 208/289 kpoint (Cartesian) = 0.22740 -0.043763 0.0000 (34786 pws)
       1       -63.6062     0.00734619
       2       -38.0202     0.00734619
       3       -37.8810     0.00734619
       4       -37.8404     0.00734619
       5       -15.3694     0.00734619
       6       -15.1366     0.00734619
       7       -8.15436     0.00734619
       8       -8.01293     0.00734619
       9       -6.62284     0.00734619
      10       -6.19184     0.00734619
      11       -6.04805     0.00734619
      12       -4.70936     0.00734619
      13       -3.34953     0.00734619
      14      -0.754364        0.00000
      15     -0.0614189        0.00000
      16       0.294869        0.00000
      17        1.70240        0.00000
      18        5.67266        0.00000
      19        7.39434        0.00000
      20        8.99360        0.00000
      21        10.4923        0.00000
      22        11.1323        0.00000
      23        11.1908        0.00000

 209/289 kpoint (Cartesian) = 0.075799 0.13129 0.0000 (34782 pws)
       1       -63.6080     0.00734619
       2       -38.0145     0.00734619
       3       -37.8651     0.00734619
       4       -37.8440     0.00734619
       5       -15.4767     0.00734619
       6       -15.1832     0.00734619
       7       -8.16992     0.00734619
       8       -7.84029     0.00734619
       9       -6.61887     0.00734619
      10       -6.24979     0.00734619
      11       -5.85163     0.00734619
      12       -4.57584     0.00734619
      13       -3.45596     0.00734619
      14      -0.669685        0.00000
      15      -0.244539        0.00000
      16       0.251917        0.00000
      17        1.64848        0.00000
      18        5.90829        0.00000
      19        7.67692        0.00000
      20        8.91449        0.00000
      21        10.5822        0.00000
      22        11.0235        0.00000
      23        11.2011        0.00000

 210/289 kpoint (Cartesian) = 0.066324 0.12582 0.0000 (34778 pws)
       1       -63.6100     0.00734619
       2       -38.0063     0.00734619
       3       -37.8481     0.00734619
       4       -37.8479     0.00734619
       5       -15.5996     0.00734619
       6       -15.2364     0.00734619
       7       -8.16484     0.00734619
       8       -7.63933     0.00734619
       9       -6.66565     0.00734619
      10       -6.28521     0.00734619
      11       -5.60562     0.00734619
      12       -4.45271     0.00734619
      13       -3.54491     0.00734619
      14      -0.641056        0.00000
      15      -0.383065        0.00000
      16       0.204185        0.00000
      17        1.58589        0.00000
      18        6.12962        0.00000
      19        7.94898        0.00000
      20        8.87108        0.00000
      21        10.7121        0.00000
      22        10.8287        0.00000
      23        11.3003        0.00000

 211/289 kpoint (Cartesian) = 0.056849 0.12035 0.0000 (34809 pws)
       1       -63.6123     0.00734619
       2       -37.9955     0.00734619
       3       -37.8527     0.00734619
       4       -37.8303     0.00734619
       5       -15.7325     0.00734619
       6       -15.2935     0.00734619
       7       -8.14078     0.00734619
       8       -7.42260     0.00734619
       9       -6.73657     0.00734619
      10       -6.28641     0.00734619
      11       -5.34832     0.00734619
      12       -4.35225     0.00734619
      13       -3.61406     0.00734619
      14      -0.702331        0.00000
      15      -0.426970        0.00000
      16       0.159539        0.00000
      17        1.51151        0.00000
      18        6.33774        0.00000
      19        8.12363        0.00000
      20        8.87112        0.00000
      21        10.6564        0.00000
      22        10.8723        0.00000
      23        11.5100        0.00000

 212/289 kpoint (Cartesian) = 0.047375 0.11488 0.0000 (34826 pws)
       1       -63.6148     0.00734619
       2       -37.9821     0.00734619
       3       -37.8577     0.00734619
       4       -37.8132     0.00734619
       5       -15.8699     0.00734619
       6       -15.3521     0.00734619
       7       -8.10315     0.00734619
       8       -7.20773     0.00734619
       9       -6.81315     0.00734619
      10       -6.23980     0.00734619
      11       -5.10699     0.00734619
      12       -4.28397     0.00734619
      13       -3.66591     0.00734619
      14      -0.781436        0.00000
      15      -0.430982        0.00000
      16       0.126407        0.00000
      17        1.42069        0.00000
      18        6.53785        0.00000
      19        8.16308        0.00000
      20        8.91499        0.00000
      21        10.5575        0.00000
      22        11.0124        0.00000
      23        11.6340        0.00000

 213/289 kpoint (Cartesian) = 0.037900 0.10941 0.0000 (34811 pws)
       1       -63.6173     0.00734619
       2       -37.9665     0.00734619
       3       -37.8627     0.00734619
       4       -37.7976     0.00734619
       5       -16.0066     0.00734619
       6       -15.4099     0.00734619
       7       -8.06028     0.00734619
       8       -7.01506     0.00734619
       9       -6.87994     0.00734619
      10       -6.13226     0.00734619
      11       -4.90492     0.00734619
      12       -4.25285     0.00734619
      13       -3.70138     0.00734619
      14      -0.818405        0.00000
      15      -0.441558        0.00000
      16       0.110469        0.00000
      17        1.30952        0.00000
      18        6.72982        0.00000
      19        8.09923        0.00000
      20        8.99467        0.00000
      21        10.5539        0.00000
      22        11.1037        0.00000
      23        11.6631        0.00000

 214/289 kpoint (Cartesian) = 0.028425 0.10394 0.0000 (34822 pws)
       1       -63.6198     0.00734619
       2       -37.9492     0.00734619
       3       -37.8677     0.00734619
       4       -37.7839     0.00734619
       5       -16.1378     0.00734619
       6       -15.4650     0.00734619
       7       -8.02226     0.00734619
       8       -6.92315     0.00734619
       9       -6.85610     0.00734619
      10       -5.96381     0.00734619
      11       -4.76484     0.00734619
      12       -4.25662     0.00734619
      13       -3.71334     0.00734619
      14      -0.802238        0.00000
      15      -0.465308        0.00000
      16       0.110877        0.00000
      17        1.17829        0.00000
      18        6.90136        0.00000
      19        7.99767        0.00000
      20        9.09549        0.00000
      21        10.6384        0.00000
      22        11.1373        0.00000
      23        11.5977        0.00000

 215/289 kpoint (Cartesian) = 0.018950 0.098466 0.0000 (34833 pws)
       1       -63.6222     0.00734619
       2       -37.9308     0.00734619
       3       -37.8725     0.00734619
       4       -37.7728     0.00734619
       5       -16.2594     0.00734619
       6       -15.5157     0.00734619
       7       -7.99806     0.00734619
       8       -6.93299     0.00734619
       9       -6.72373     0.00734619
      10       -5.76025     0.00734619
      11       -4.70368     0.00734619
      12       -4.28245     0.00734619
      13       -3.68975     0.00734619
      14      -0.742655        0.00000
      15      -0.499199        0.00000
      16       0.116705        0.00000
      17        1.03572        0.00000
      18        7.01996        0.00000
      19        7.93657        0.00000
      20        9.20381        0.00000
      21        10.7395        0.00000
      22        11.1214        0.00000
      23        11.5744        0.00000

 216/289 kpoint (Cartesian) = 0.0094749 0.092996 0.0000 (34833 pws)
       1       -63.6244     0.00734619
       2       -37.9120     0.00734619
       3       -37.8769     0.00734619
       4       -37.7645     0.00734619
       5       -16.3679     0.00734619
       6       -15.5608     0.00734619
       7       -7.99131     0.00734619
       8       -6.90769     0.00734619
       9       -6.60216     0.00734619
      10       -5.56830     0.00734619
      11       -4.71793     0.00734619
      12       -4.30322     0.00734619
      13       -3.63007     0.00734619
      14      -0.659637        0.00000
      15      -0.537647        0.00000
      16       0.104378        0.00000
      17       0.903656        0.00000
      18        7.04960        0.00000
      19        7.98189        0.00000
      20        9.31388        0.00000
      21        10.7299        0.00000
      22        11.0789        0.00000
      23        11.6893        0.00000

 217/289 kpoint (Cartesian) = 0.0000 0.087525 0.0000 (34861 pws)
       1       -63.6263     0.00367309
       2       -37.8938     0.00367309
       3       -37.8807     0.00367309
       4       -37.7590     0.00367309
       5       -16.4605     0.00367309
       6       -15.5991     0.00367309
       7       -7.99875     0.00367309
       8       -6.85501     0.00367309
       9       -6.47997     0.00367309
      10       -5.44292     0.00367309
      11       -4.78214     0.00367309
      12       -4.27972     0.00367309
      13       -3.55095     0.00367309
      14      -0.594811        0.00000
      15      -0.554611        0.00000
      16      0.0439880        0.00000
      17       0.813489        0.00000
      18        7.01006        0.00000
      19        8.12401        0.00000
      20        9.42633        0.00000
      21        10.6028        0.00000
      22        11.0334        0.00000
      23        11.8255        0.00000

 218/289 kpoint (Cartesian) = 0.17055 0.0000 0.0000 (34774 pws)
       1       -63.6048     0.00367309
       2       -38.0221     0.00367309
       3       -37.8971     0.00367309
       4       -37.8374     0.00367309
       5       -15.2778     0.00367309
       6       -15.1033     0.00367309
       7       -8.14210     0.00367309
       8       -8.07965     0.00367309
       9       -6.65399     0.00367309
      10       -6.26075     0.00367309
      11       -6.13259     0.00367309
      12       -4.83337     0.00367309
      13       -3.23564     0.00367309
      14      -0.872600        0.00000
      15       0.117291        0.00000
      16       0.275134        0.00000
      17        1.80484        0.00000
      18        5.51663        0.00000
      19        7.09464        0.00000
      20        9.14309        0.00000
      21        10.5125        0.00000
      22        11.0909        0.00000
      23        11.1286        0.00000

 219/289 kpoint (Cartesian) = 0.18002 -0.0054703 0.0000 (34780 pws)
       1       -63.6038     0.00734619
       2       -38.0192     0.00734619
       3       -37.9129     0.00734619
       4       -37.8353     0.00734619
       5       -15.2124     0.00734619
       6       -15.0712     0.00734619
       7       -8.25565     0.00734619
       8       -7.98953     0.00734619
       9       -6.76460     0.00734619
      10       -6.37682     0.00734619
      11       -6.05372     0.00734619
      12       -4.95287     0.00734619
      13       -3.12136     0.00734619
      14      -0.987124        0.00000
      15       0.283696        0.00000
      16       0.287920        0.00000
      17        1.83908        0.00000
      18        5.36508        0.00000
      19        6.84295        0.00000
      20        9.32258        0.00000
      21        10.5457        0.00000
      22        10.9446        0.00000
      23        11.1544        0.00000

 220/289 kpoint (Cartesian) = 0.18950 -0.010941 0.0000 (34753 pws)
       1       -63.6031     0.00734619
       2       -38.0157     0.00734619
       3       -37.9243     0.00734619
       4       -37.8341     0.00734619
       5       -15.1721     0.00734619
       6       -15.0504     0.00734619
       7       -8.32730     0.00734619
       8       -7.90433     0.00734619
       9       -6.90334     0.00734619
      10       -6.40982     0.00734619
      11       -5.98878     0.00734619
      12       -5.04237     0.00734619
      13       -3.03527     0.00734619
      14       -1.07437        0.00000
      15       0.290328        0.00000
      16       0.406607        0.00000
      17        1.85739        0.00000
      18        5.25098        0.00000
      19        6.69145        0.00000
      20        9.47840        0.00000
      21        10.5612        0.00000
      22        10.7901        0.00000
      23        11.2353        0.00000

 221/289 kpoint (Cartesian) = 0.19897 -0.016411 0.0000 (34736 pws)
       1       -63.6029     0.00734619
       2       -38.0137     0.00734619
       3       -37.9289     0.00734619
       4       -37.8337     0.00734619
       5       -15.1590     0.00734619
       6       -15.0423     0.00734619
       7       -8.35370     0.00734619
       8       -7.86703     0.00734619
       9       -6.96122     0.00734619
      10       -6.41956     0.00734619
      11       -5.96190     0.00734619
      12       -5.07647     0.00734619
      13       -3.00281     0.00734619
      14       -1.10645        0.00000
      15       0.295418        0.00000
      16       0.451257        0.00000
      17        1.85766        0.00000
      18        5.20678        0.00000
      19        6.63987        0.00000
      20        9.54575        0.00000
      21        10.5637        0.00000
      22        10.7233        0.00000
      23        11.2971        0.00000

 222/289 kpoint (Cartesian) = 0.20845 -0.021881 0.0000 (34753 pws)
       1       -63.6031     0.00734619
       2       -38.0143     0.00734619
       3       -37.9255     0.00734619
       4       -37.8342     0.00734619
       5       -15.1738     0.00734619
       6       -15.0475     0.00734619
       7       -8.33366     0.00734619
       8       -7.90614     0.00734619
       9       -6.89210     0.00734619
      10       -6.42148     0.00734619
      11       -5.98595     0.00734619
      12       -5.04191     0.00734619
      13       -3.03534     0.00734619
      14       -1.07123        0.00000
      15       0.299026        0.00000
      16       0.412806        0.00000
      17        1.83948        0.00000
      18        5.24701        0.00000
      19        6.68513        0.00000
      20        9.48164        0.00000
      21        10.5593        0.00000
      22        10.7947        0.00000
      23        11.2501        0.00000

 223/289 kpoint (Cartesian) = 0.21792 -0.027352 0.0000 (34780 pws)
       1       -63.6038     0.00734619
       2       -38.0168     0.00734619
       3       -37.9149     0.00734619
       4       -37.8355     0.00734619
       5       -15.2157     0.00734619
       6       -15.0656     0.00734619
       7       -8.26808     0.00734619
       8       -7.99162     0.00734619
       9       -6.74314     0.00734619
      10       -6.40056     0.00734619
      11       -6.04830     0.00734619
      12       -4.95196     0.00734619
      13       -3.12066     0.00734619
      14      -0.981705        0.00000
      15       0.299250        0.00000
      16       0.300530        0.00000
      17        1.80457        0.00000
      18        5.35714        0.00000
      19        6.83155        0.00000
      20        9.32954        0.00000
      21        10.5421        0.00000
      22        10.9527        0.00000
      23        11.1745        0.00000

 224/289 kpoint (Cartesian) = 0.22740 -0.032822 0.0000 (34774 pws)
       1       -63.6048     0.00734619
       2       -38.0191     0.00734619
       3       -37.8995     0.00734619
       4       -37.8376     0.00734619
       5       -15.2824     0.00734619
       6       -15.0954     0.00734619
       7       -8.16000     0.00734619
       8       -8.08121     0.00734619
       9       -6.63588     0.00734619
      10       -6.28367     0.00734619
      11       -6.12492     0.00734619
      12       -4.83220     0.00734619
      13       -3.23303     0.00734619
      14      -0.866080        0.00000
      15       0.132033        0.00000
      16       0.298872        0.00000
      17        1.75643        0.00000
      18        5.50473        0.00000
      19        7.08012        0.00000
      20        9.15376        0.00000
      21        10.5095        0.00000
      22        11.1010        0.00000
      23        11.1491        0.00000

 225/289 kpoint (Cartesian) = 0.23687 -0.038292 0.0000 (34786 pws)
       1       -63.6062     0.00734619
       2       -38.0197     0.00734619
       3       -37.8814     0.00734619
       4       -37.8405     0.00734619
       5       -15.3706     0.00734619
       6       -15.1349     0.00734619
       7       -8.15280     0.00734619
       8       -8.01471     0.00734619
       9       -6.63017     0.00734619
      10       -6.19618     0.00734619
      11       -6.04251     0.00734619
      12       -4.70445     0.00734619
      13       -3.34865     0.00734619
      14      -0.753076        0.00000
      15     -0.0608131        0.00000
      16       0.293391        0.00000
      17        1.69908        0.00000
      18        5.66338        0.00000
      19        7.40258        0.00000
      20        8.99208        0.00000
      21        10.4932        0.00000
      22        11.1299        0.00000
      23        11.1935        0.00000

 226/289 kpoint (Cartesian) = 0.066324 0.13676 0.0000 (34804 pws)
       1       -63.6080     0.00734619
       2       -38.0175     0.00734619
       3       -37.8621     0.00734619
       4       -37.8440     0.00734619
       5       -15.4759     0.00734619
       6       -15.1818     0.00734619
       7       -8.19829     0.00734619
       8       -7.84003     0.00734619
       9       -6.66925     0.00734619
      10       -6.24795     0.00734619
      11       -5.75370     0.00734619
      12       -4.58494     0.00734619
      13       -3.45261     0.00734619
      14      -0.668518        0.00000
      15      -0.246619        0.00000
      16       0.284974        0.00000
      17        1.63528        0.00000
      18        5.82509        0.00000
      19        7.72365        0.00000
      20        8.86410        0.00000
      21        10.5612        0.00000
      22        11.0066        0.00000
      23        11.3027        0.00000

 227/289 kpoint (Cartesian) = 0.056849 0.13129 0.0000 (34783 pws)
       1       -63.6099     0.00734619
       2       -38.0123     0.00734619
       3       -37.8480     0.00734619
       4       -37.8427     0.00734619
       5       -15.5935     0.00734619
       6       -15.2337     0.00734619
       7       -8.21647     0.00734619
       8       -7.64688     0.00734619
       9       -6.72644     0.00734619
      10       -6.26841     0.00734619
      11       -5.45815     0.00734619
      12       -4.48612     0.00734619
      13       -3.53966     0.00734619
      14      -0.646300        0.00000
      15      -0.378581        0.00000
      16       0.276810        0.00000
      17        1.56478        0.00000
      18        5.99329        0.00000
      19        7.94479        0.00000
      20        8.78109        0.00000
      21        10.7661        0.00000
      22        10.8452        0.00000
      23        11.4841        0.00000

 228/289 kpoint (Cartesian) = 0.047375 0.12582 0.0000 (34805 pws)
       1       -63.6121     0.00734619
       2       -38.0040     0.00734619
       3       -37.8523     0.00734619
       4       -37.8243     0.00734619
       5       -15.7183     0.00734619
       6       -15.2881     0.00734619
       7       -8.20987     0.00734619
       8       -7.44975     0.00734619
       9       -6.79076     0.00734619
      10       -6.24595     0.00734619
      11       -5.17768     0.00734619
      12       -4.41724     0.00734619
      13       -3.61216     0.00734619
      14      -0.703842        0.00000
      15      -0.422674        0.00000
      16       0.273779        0.00000
      17        1.48385        0.00000
      18        6.17271        0.00000
      19        8.01723        0.00000
      20        8.74935        0.00000
      21        10.7266        0.00000
      22        11.0556        0.00000
      23        11.7534        0.00000

 229/289 kpoint (Cartesian) = 0.037900 0.12035 0.0000 (34798 pws)
       1       -63.6143     0.00734619
       2       -37.9928     0.00734619
       3       -37.8568     0.00734619
       4       -37.8075     0.00734619
       5       -15.8453     0.00734619
       6       -15.3427     0.00734619
       7       -8.18340     0.00734619
       8       -7.26504     0.00734619
       9       -6.85351     0.00734619
      10       -6.17030     0.00734619
      11       -4.93001     0.00734619
      12       -4.38314     0.00734619
      13       -3.67560     0.00734619
      14      -0.768191        0.00000
      15      -0.435576        0.00000
      16       0.280048        0.00000
      17        1.38697        0.00000
      18        6.36457        0.00000
      19        7.97241        0.00000
      20        8.76979        0.00000
      21        10.6817        0.00000
      22        11.2978        0.00000
      23        11.7324        0.00000

 230/289 kpoint (Cartesian) = 0.028425 0.11488 0.0000 (34803 pws)
       1       -63.6166     0.00734619
       2       -37.9790     0.00734619
       3       -37.8614     0.00734619
       4       -37.7930     0.00734619
       5       -15.9699     0.00734619
       6       -15.3955     0.00734619
       7       -8.14365     0.00734619
       8       -7.10465     0.00734619
       9       -6.90617     0.00734619
      10       -6.03992     0.00734619
      11       -4.73323     0.00734619
      12       -4.38201     0.00734619
      13       -3.73043     0.00734619
      14      -0.789168        0.00000
      15      -0.457319        0.00000
      16       0.295355        0.00000
      17        1.27074        0.00000
      18        6.56457        0.00000
      19        7.87216        0.00000
      20        8.83604        0.00000
      21        10.7155        0.00000
      22        11.4117        0.00000
      23        11.7592        0.00000

 231/289 kpoint (Cartesian) = 0.018950 0.10941 0.0000 (34789 pws)
       1       -63.6189     0.00734619
       2       -37.9632     0.00734619
       3       -37.8659     0.00734619
       4       -37.7813     0.00734619
       5       -16.0879     0.00734619
       6       -15.4450     0.00734619
       7       -8.09822     0.00734619
       8       -6.96836     0.00734619
       9       -6.94105     0.00734619
      10       -5.87207     0.00734619
      11       -4.60924     0.00734619
      12       -4.40228     0.00734619
      13       -3.76345     0.00734619
      14      -0.761684        0.00000
      15      -0.493569        0.00000
      16       0.310589        0.00000
      17        1.13978        0.00000
      18        6.75938        0.00000
      19        7.77594        0.00000
      20        8.93508        0.00000
      21        10.8013        0.00000
      22        11.3792        0.00000
      23        11.8512        0.00000

 232/289 kpoint (Cartesian) = 0.0094749 0.10394 0.0000 (34839 pws)
       1       -63.6209     0.00734619
       2       -37.9462     0.00734619
       3       -37.8700     0.00734619
       4       -37.7727     0.00734619
       5       -16.1955     0.00734619
       6       -15.4897     0.00734619
       7       -8.05451     0.00734619
       8       -6.95275     0.00734619
       9       -6.84590     0.00734619
      10       -5.70528     0.00734619
      11       -4.57664     0.00734619
      12       -4.41892     0.00734619
      13       -3.75366     0.00734619
      14      -0.700220        0.00000
      15      -0.540482        0.00000
      16       0.302711        0.00000
      17        1.01423        0.00000
      18        6.92045        0.00000
      19        7.74201        0.00000
      20        9.05270        0.00000
      21        10.8691        0.00000
      22        11.2887        0.00000
      23        11.8351        0.00000

 233/289 kpoint (Cartesian) = 0.0000 0.098466 0.0000 (34839 pws)
       1       -63.6228     0.00367309
       2       -37.9288     0.00367309
       3       -37.8737     0.00367309
       4       -37.7671     0.00367309
       5       -16.2897     0.00367309
       6       -15.5286     0.00367309
       7       -8.01808     0.00367309
       8       -6.94014     0.00367309
       9       -6.72606     0.00367309
      10       -5.59135     0.00367309
      11       -4.62533     0.00367309
      12       -4.39445     0.00367309
      13       -3.70110     0.00367309
      14      -0.634918        0.00000
      15      -0.582566        0.00000
      16       0.237482        0.00000
      17       0.929545        0.00000
      18        7.01460        0.00000
      19        7.81592        0.00000
      20        9.17976        0.00000
      21        10.8462        0.00000
      22        11.1831        0.00000
      23        11.8166        0.00000

 234/289 kpoint (Cartesian) = 0.18950 0.0000 0.0000 (34762 pws)
       1       -63.6030     0.00367309
       2       -38.0107     0.00367309
       3       -37.9307     0.00367309
       4       -37.8339     0.00367309
       5       -15.1661     0.00367309
       6       -15.0464     0.00367309
       7       -8.34228     0.00367309
       8       -7.84099     0.00367309
       9       -6.91252     0.00367309
      10       -6.48979     0.00367309
      11       -5.97550     0.00367309
      12       -5.05613     0.00367309
      13       -3.01988     0.00367309
      14       -1.09663        0.00000
      15       0.269931        0.00000
      16       0.431992        0.00000
      17        1.87111        0.00000
      18        5.30464        0.00000
      19        6.57972        0.00000
      20        9.57850        0.00000
      21        10.6965        0.00000
      22        10.7211        0.00000
      23        11.1406        0.00000

 235/289 kpoint (Cartesian) = 0.19897 -0.0054703 0.0000 (34719 pws)
       1       -63.6026     0.00734619
       2       -38.0032     0.00734619
       3       -37.9429     0.00734619
       4       -37.8331     0.00734619
       5       -15.1429     0.00734619
       6       -15.0328     0.00734619
       7       -8.38835     0.00734619
       8       -7.71627     0.00734619
       9       -7.06409     0.00734619
      10       -6.52146     0.00734619
      11       -5.92444     0.00734619
      12       -5.11917     0.00734619
      13       -2.95918     0.00734619
      14       -1.16173        0.00000
      15       0.264213        0.00000
      16       0.512995        0.00000
      17        1.88397        0.00000
      18        5.26816        0.00000
      19        6.44050        0.00000
      20        9.78963        0.00000
      21        10.5184        0.00000
      22        10.7995        0.00000
      23        11.2076        0.00000

 236/289 kpoint (Cartesian) = 0.20845 -0.010941 0.0000 (34719 pws)
       1       -63.6026     0.00734619
       2       -38.0021     0.00734619
       3       -37.9439     0.00734619
       4       -37.8332     0.00734619
       5       -15.1438     0.00734619
       6       -15.0313     0.00734619
       7       -8.39149     0.00734619
       8       -7.71734     0.00734619
       9       -7.05875     0.00734619
      10       -6.52677     0.00734619
      11       -5.92455     0.00734619
      12       -5.11739     0.00734619
      13       -2.95931     0.00734619
      14       -1.15995        0.00000
      15       0.267740        0.00000
      16       0.516129        0.00000
      17        1.87545        0.00000
      18        5.26427        0.00000
      19        6.43935        0.00000
      20        9.78941        0.00000
      21        10.5222        0.00000
      22        10.7984        0.00000
      23        11.2230        0.00000

 237/289 kpoint (Cartesian) = 0.21792 -0.016411 0.0000 (34762 pws)
       1       -63.6030     0.00734619
       2       -38.0081     0.00734619
       3       -37.9330     0.00734619
       4       -37.8340     0.00734619
       5       -15.1688     0.00734619
       6       -15.0418     0.00734619
       7       -8.35155     0.00734619
       8       -7.84218     0.00734619
       9       -6.89796     0.00734619
      10       -6.50625     0.00734619
      11       -5.97533     0.00734619
      12       -5.05143     0.00734619
      13       -3.01977     0.00734619
      14       -1.09177        0.00000
      15       0.280455        0.00000
      16       0.440854        0.00000
      17        1.84599        0.00000
      18        5.29340        0.00000
      19        6.57646        0.00000
      20        9.58064        0.00000
      21        10.6948        0.00000
      22        10.7292        0.00000
      23        11.1597        0.00000

 238/289 kpoint (Cartesian) = 0.22740 -0.021881 0.0000 (34780 pws)
       1       -63.6038     0.00734619
       2       -38.0161     0.00734619
       3       -37.9155     0.00734619
       4       -37.8355     0.00734619
       5       -15.2168     0.00734619
       6       -15.0638     0.00734619
       7       -8.27058     0.00734619
       8       -7.98972     0.00734619
       9       -6.74915     0.00734619
      10       -6.39715     0.00734619
      11       -6.05249     0.00734619
      12       -4.94649     0.00734619
      13       -3.11993     0.00734619
      14      -0.980309        0.00000
      15       0.300950        0.00000
      16       0.301100        0.00000
      17        1.79876        0.00000
      18        5.34768        0.00000
      19        6.83804        0.00000
      20        9.32853        0.00000
      21        10.5455        0.00000
      22        10.9533        0.00000
      23        11.1755        0.00000

 239/289 kpoint (Cartesian) = 0.23687 -0.027352 0.0000 (34790 pws)
       1       -63.6049     0.00734619
       2       -38.0226     0.00734619
       3       -37.8953     0.00734619
       4       -37.8377     0.00734619
       5       -15.2855     0.00734619
       6       -15.0957     0.00734619
       7       -8.15290     0.00734619
       8       -8.11807     0.00734619
       9       -6.71105     0.00734619
      10       -6.14959     0.00734619
      11       -6.13187     0.00734619
      12       -4.82811     0.00734619
      13       -3.23482     0.00734619
      14      -0.855531        0.00000
      15       0.120061        0.00000
      16       0.326802        0.00000
      17        1.73892        0.00000
      18        5.42149        0.00000
      19        7.18357        0.00000
      20        9.09097        0.00000
      21        10.4305        0.00000
      22        11.0919        0.00000
      23        11.2374        0.00000

 240/289 kpoint (Cartesian) = 0.24635 -0.032822 0.0000 (34791 pws)
       1       -63.6063     0.00734619
       2       -38.0262     0.00734619
       3       -37.8743     0.00734619
       4       -37.8406     0.00734619
       5       -15.3716     0.00734619
       6       -15.1356     0.00734619
       7       -8.21535     0.00734619
       8       -8.00523     0.00734619
       9       -6.72642     0.00734619
      10       -6.19675     0.00734619
      11       -5.84253     0.00734619
      12       -4.71441     0.00734619
      13       -3.34628     0.00734619
      14      -0.743918        0.00000
      15     -0.0747529        0.00000
      16       0.355329        0.00000
      17        1.67195        0.00000
      18        5.51531        0.00000
      19        7.53564        0.00000
      20        8.88771        0.00000
      21        10.4245        0.00000
      22        11.0887        0.00000
      23        11.3328        0.00000

 241/289 kpoint (Cartesian) = 0.056849 0.14223 0.0000 (34769 pws)
       1       -63.6079     0.00734619
       2       -38.0263     0.00734619
       3       -37.8535     0.00734619
       4       -37.8439     0.00734619
       5       -15.4714     0.00734619
       6       -15.1811     0.00734619
       7       -8.27876     0.00734619
       8       -7.83696     0.00734619
       9       -6.76128     0.00734619
      10       -6.23474     0.00734619
      11       -5.52468     0.00734619
      12       -4.61824     0.00734619
      13       -3.44568     0.00734619
      14      -0.669500        0.00000
      15      -0.250993        0.00000
      16       0.384716        0.00000
      17        1.60131        0.00000
      18        5.63242        0.00000
      19        7.79271        0.00000
      20        8.72993        0.00000
      21        10.5944        0.00000
      22        10.9890        0.00000
      23        11.4632        0.00000

 242/289 kpoint (Cartesian) = 0.047375 0.13676 0.0000 (34776 pws)
       1       -63.6097     0.00734619
       2       -38.0230     0.00734619
       3       -37.8476     0.00734619
       4       -37.8339     0.00734619
       5       -15.5806     0.00734619
       6       -15.2299     0.00734619
       7       -8.30924     0.00734619
       8       -7.66020     0.00734619
       9       -6.80506     0.00734619
      10       -6.23517     0.00734619
      11       -5.21879     0.00734619
      12       -4.54868     0.00734619
      13       -3.53295     0.00734619
      14      -0.660434        0.00000
      15      -0.366783        0.00000
      16       0.414830        0.00000
      17        1.52635        0.00000
      18        5.77544        0.00000
      19        7.89459        0.00000
      20        8.62621        0.00000
      21        10.8800        0.00000
      22        10.9310        0.00000
      23        11.6439        0.00000

 243/289 kpoint (Cartesian) = 0.037900 0.13129 0.0000 (34798 pws)
       1       -63.6117     0.00734619
       2       -38.0162     0.00734619
       3       -37.8516     0.00734619
       4       -37.8163     0.00734619
       5       -15.6946     0.00734619
       6       -15.2800     0.00734619
       7       -8.30985     0.00734619
       8       -7.48862     0.00734619
       9       -6.85144     0.00734619
      10       -6.18937     0.00734619
      11       -4.94149     0.00734619
      12       -4.51063     0.00734619
      13       -3.61413     0.00734619
      14      -0.711962        0.00000
      15      -0.410600        0.00000
      16       0.446696        0.00000
      17        1.44201        0.00000
      18        5.94482        0.00000
      19        7.86865        0.00000
      20        8.58254        0.00000
      21        10.8111        0.00000
      22        11.2935        0.00000
      23        11.8546        0.00000

 244/289 kpoint (Cartesian) = 0.028425 0.12582 0.0000 (34789 pws)
       1       -63.6137     0.00734619
       2       -38.0062     0.00734619
       3       -37.8556     0.00734619
       4       -37.8013     0.00734619
       5       -15.8090     0.00734619
       6       -15.3293     0.00734619
       7       -8.28507     0.00734619
       8       -7.33350     0.00734619
       9       -6.89480     0.00734619
      10       -6.09514     0.00734619
      11       -4.70759     0.00734619
      12       -4.50296     0.00734619
      13       -3.69561     0.00734619
      14      -0.758843        0.00000
      15      -0.433746        0.00000
      16       0.479912        0.00000
      17        1.34195        0.00000
      18        6.13821        0.00000
      19        7.77915        0.00000
      20        8.59954        0.00000
      21        10.7992        0.00000
      22        11.5431        0.00000
      23        11.9101        0.00000

 245/289 kpoint (Cartesian) = 0.018950 0.12035 0.0000 (34784 pws)
       1       -63.6157     0.00734619
       2       -37.9934     0.00734619
       3       -37.8596     0.00734619
       4       -37.7892     0.00734619
       5       -15.9198     0.00734619
       6       -15.3761     0.00734619
       7       -8.24048     0.00734619
       8       -7.19836     0.00734619
       9       -6.92994     0.00734619
      10       -5.96412     0.00734619
      11       -4.53446     0.00734619
      12       -4.51583     0.00734619
      13       -3.77350     0.00734619
      14      -0.766012        0.00000
      15      -0.465562        0.00000
      16       0.507796        0.00000
      17        1.22552        0.00000
      18        6.34953        0.00000
      19        7.68164        0.00000
      20        8.66967        0.00000
      21        10.8369        0.00000
      22        11.6228        0.00000
      23        11.9951        0.00000

 246/289 kpoint (Cartesian) = 0.0094749 0.11488 0.0000 (34811 pws)
       1       -63.6176     0.00734619
       2       -37.9786     0.00734619
       3       -37.8635     0.00734619
       4       -37.7805     0.00734619
       5       -16.0233     0.00734619
       6       -15.4191     0.00734619
       7       -8.18250     0.00734619
       8       -7.07787     0.00734619
       9       -6.95264     0.00734619
      10       -5.82662     0.00734619
      11       -4.52735     0.00734619
      12       -4.44973     0.00734619
      13       -3.82162     0.00734619
      14      -0.736843        0.00000
      15      -0.507738        0.00000
      16       0.509500        0.00000
      17        1.10874        0.00000
      18        6.56651        0.00000
      19        7.61980        0.00000
      20        8.77829        0.00000
      21        10.8920        0.00000
      22        11.5566        0.00000
      23        12.1434        0.00000

 247/289 kpoint (Cartesian) = 0.0000 0.10941 0.0000 (34831 pws)
       1       -63.6194     0.00367309
       2       -37.9626     0.00367309
       3       -37.8670     0.00367309
       4       -37.7750     0.00367309
       5       -16.1161     0.00367309
       6       -15.4573     0.00367309
       7       -8.11815     0.00367309
       8       -6.96288     0.00367309
       9       -6.96030     0.00367309
      10       -5.72765     0.00367309
      11       -4.50397     0.00367309
      12       -4.47442     0.00367309
      13       -3.80951     0.00367309
      14      -0.698318        0.00000
      15      -0.545369        0.00000
      16       0.446589        0.00000
      17        1.03046        0.00000
      18        6.76643        0.00000
      19        7.63134        0.00000
      20        8.90953        0.00000
      21        10.9155        0.00000
      22        11.4365        0.00000
      23        12.0425        0.00000

 248/289 kpoint (Cartesian) = 0.20845 0.0000 0.0000 (34710 pws)
       1       -63.6025     0.00367309
       2       -37.9954     0.00367309
       3       -37.9527     0.00367309
       4       -37.8328     0.00367309
       5       -15.1337     0.00367309
       6       -15.0257     0.00367309
       7       -8.41114     0.00367309
       8       -7.60504     0.00367309
       9       -7.17497     0.00367309
      10       -6.55109     0.00367309
      11       -5.89979     0.00367309
      12       -5.14690     0.00367309
      13       -2.93063     0.00367309
      14       -1.19337        0.00000
      15       0.256988        0.00000
      16       0.552642        0.00000
      17        1.88796        0.00000
      18        5.27498        0.00000
      19        6.34863        0.00000
      20        10.0045        0.00000
      21        10.3155        0.00000
      22        11.0391        0.00000
      23        11.0849        0.00000

 249/289 kpoint (Cartesian) = 0.21792 -0.0054703 0.0000 (34719 pws)
       1       -63.6027     0.00734619
       2       -38.0009     0.00734619
       3       -37.9450     0.00734619
       4       -37.8332     0.00734619
       5       -15.1449     0.00734619
       6       -15.0295     0.00734619
       7       -8.39440     0.00734619
       8       -7.71582     0.00734619
       9       -7.05904     0.00734619
      10       -6.52892     0.00734619
      11       -5.92776     0.00734619
      12       -5.11258     0.00734619
      13       -2.95908     0.00734619
      14       -1.15822        0.00000
      15       0.269766        0.00000
      16       0.518841        0.00000
      17        1.86799        0.00000
      18        5.25634        0.00000
      19        6.44292        0.00000
      20        9.78752        0.00000
      21        10.5264        0.00000
      22        10.8049        0.00000
      23        11.2185        0.00000

 250/289 kpoint (Cartesian) = 0.22740 -0.010941 0.0000 (34753 pws)
       1       -63.6031     0.00734619
       2       -38.0127     0.00734619
       3       -37.9269     0.00734619
       4       -37.8342     0.00734619
       5       -15.1761     0.00734619
       6       -15.0440     0.00734619
       7       -8.33910     0.00734619
       8       -7.90260     0.00734619
       9       -6.89743     0.00734619
      10       -6.42134     0.00734619
      11       -5.99348     0.00734619
      12       -5.03147     0.00734619
      13       -3.03428     0.00734619
      14       -1.06817        0.00000
      15       0.301631        0.00000
      16       0.417392        0.00000
      17        1.82603        0.00000
      18        5.23036        0.00000
      19        6.69434        0.00000
      20        9.47992        0.00000
      21        10.5661        0.00000
      22        10.7984        0.00000
      23        11.2536        0.00000

 251/289 kpoint (Cartesian) = 0.23687 -0.016411 0.0000 (34773 pws)
       1       -63.6039     0.00734619
       2       -38.0238     0.00734619
       3       -37.9056     0.00734619
       4       -37.8359     0.00734619
       5       -15.2259     0.00734619
       6       -15.0681     0.00734619
       7       -8.24845     0.00734619
       8       -8.07653     0.00734619
       9       -6.82294     0.00734619
      10       -6.18896     0.00734619
      11       -6.07183     0.00734619
      12       -4.92935     0.00734619
      13       -3.13502     0.00734619
      14      -0.949254        0.00000
      15       0.264591        0.00000
      16       0.349635        0.00000
      17        1.76698        0.00000
      18        5.22205        0.00000
      19        7.04179        0.00000
      20        9.18699        0.00000
      21        10.3874        0.00000
      22        10.9981        0.00000
      23        11.2958        0.00000

 252/289 kpoint (Cartesian) = 0.24635 -0.021881 0.0000 (34785 pws)
       1       -63.6050     0.00734619
       2       -38.0322     0.00734619
       3       -37.8836     0.00734619
       4       -37.8381     0.00734619
       5       -15.2924     0.00734619
       6       -15.1002     0.00734619
       7       -8.21893     0.00734619
       8       -8.12799     0.00734619
       9       -6.81079     0.00734619
      10       -6.14335     0.00734619
      11       -5.88267     0.00734619
      12       -4.82629     0.00734619
      13       -3.24221     0.00734619
      14      -0.828669        0.00000
      15      0.0830374        0.00000
      16       0.409030        0.00000
      17        1.69765        0.00000
      18        5.24411        0.00000
      19        7.40447        0.00000
      20        8.92616        0.00000
      21        10.3246        0.00000
      22        11.0836        0.00000
      23        11.3535        0.00000

 253/289 kpoint (Cartesian) = 0.25582 -0.027352 0.0000 (34791 pws)
       1       -63.6063     0.00734619
       2       -38.0372     0.00734619
       3       -37.8620     0.00734619
       4       -37.8407     0.00734619
       5       -15.3728     0.00734619
       6       -15.1385     0.00734619
       7       -8.32463     0.00734619
       8       -7.98562     0.00734619
       9       -6.82416     0.00734619
      10       -6.19435     0.00734619
      11       -5.55454     0.00734619
      12       -4.73597     0.00734619
      13       -3.34461     0.00734619
      14      -0.730041        0.00000
      15      -0.100701        0.00000
      16       0.473959        0.00000
      17        1.62464        0.00000
      18        5.30129        0.00000
      19        7.68174        0.00000
      20        8.70769        0.00000
      21        10.4454        0.00000
      22        11.0651        0.00000
      23        11.4308        0.00000

 254/289 kpoint (Cartesian) = 0.047375 0.14770 0.0000 (34780 pws)
       1       -63.6078     0.00734619
       2       -38.0384     0.00734619
       3       -37.8438     0.00734619
       4       -37.8418     0.00734619
       5       -15.4637     0.00734619
       6       -15.1807     0.00734619
       7       -8.39276     0.00734619
       8       -7.83154     0.00734619
       9       -6.84870     0.00734619
      10       -6.21424     0.00734619
      11       -5.23193     0.00734619
      12       -4.66760     0.00734619
      13       -3.43933     0.00734619
      14      -0.675949        0.00000
      15      -0.254651        0.00000
      16       0.538746        0.00000
      17        1.55151        0.00000
      18        5.39514        0.00000
      19        7.80456        0.00000
      20        8.54101        0.00000
      21        10.7666        0.00000
      22        10.9969        0.00000
      23        11.5377        0.00000

 255/289 kpoint (Cartesian) = 0.037900 0.14223 0.0000 (34782 pws)
       1       -63.6095     0.00734619
       2       -38.0359     0.00734619
       3       -37.8471     0.00734619
       4       -37.8238     0.00734619
       5       -15.5615     0.00734619
       6       -15.2250     0.00734619
       7       -8.42468     0.00734619
       8       -7.67734     0.00734619
       9       -6.87764     0.00734619
      10       -6.19496     0.00734619
      11       -4.93354     0.00734619
      12       -4.62631     0.00734619
      13       -3.53052     0.00734619
      14      -0.683827        0.00000
      15      -0.347463        0.00000
      16       0.599323        0.00000
      17        1.47629        0.00000
      18        5.52552        0.00000
      19        7.79301        0.00000
      20        8.43519        0.00000
      21        10.9305        0.00000
      22        11.1765        0.00000
      23        11.7023        0.00000

 256/289 kpoint (Cartesian) = 0.028425 0.13676 0.0000 (34780 pws)
       1       -63.6112     0.00734619
       2       -38.0298     0.00734619
       3       -37.8506     0.00734619
       4       -37.8085     0.00734619
       5       -15.6623     0.00734619
       6       -15.2693     0.00734619
       7       -8.42328     0.00734619
       8       -7.53338     0.00734619
       9       -6.90622     0.00734619
      10       -6.13370     0.00734619
      11       -4.67457     0.00734619
      12       -4.61192     0.00734619
      13       -3.62606     0.00734619
      14      -0.728799        0.00000
      15      -0.389048        0.00000
      16       0.653231        0.00000
      17        1.39193        0.00000
      18        5.69065        0.00000
      19        7.71284        0.00000
      20        8.39648        0.00000
      21        10.8932        0.00000
      22        11.4825        0.00000
      23        11.9576        0.00000

 257/289 kpoint (Cartesian) = 0.018950 0.13129 0.0000 (34767 pws)
       1       -63.6129     0.00734619
       2       -38.0204     0.00734619
       3       -37.8541     0.00734619
       4       -37.7963     0.00734619
       5       -15.7622     0.00734619
       6       -15.3121     0.00734619
       7       -8.39262     0.00734619
       8       -7.40505     0.00734619
       9       -6.93053     0.00734619
      10       -6.03810     0.00734619
      11       -4.61666     0.00734619
      12       -4.46926     0.00734619
      13       -3.72984     0.00734619
      14      -0.760378        0.00000
      15      -0.419398        0.00000
      16       0.695997        0.00000
      17        1.29240        0.00000
      18        5.88678        0.00000
      19        7.62074        0.00000
      20        8.42423        0.00000
      21        10.8903        0.00000
      22        11.6416        0.00000
      23        12.1856        0.00000

 258/289 kpoint (Cartesian) = 0.0094749 0.12582 0.0000 (34779 pws)
       1       -63.6146     0.00734619
       2       -38.0082     0.00734619
       3       -37.8574     0.00734619
       4       -37.7876     0.00734619
       5       -15.8579     0.00734619
       6       -15.3520     0.00734619
       7       -8.33787     0.00734619
       8       -7.29070     0.00734619
       9       -6.94748     0.00734619
      10       -5.93098     0.00734619
      11       -4.62251     0.00734619
      12       -4.34094     0.00734619
      13       -3.82533     0.00734619
      14      -0.760700        0.00000
      15      -0.455193        0.00000
      16       0.711083        0.00000
      17        1.18668        0.00000
      18        6.10727        0.00000
      19        7.55672        0.00000
      20        8.50840        0.00000
      21        10.9084        0.00000
      22        11.6971        0.00000
      23        12.3422        0.00000

 259/289 kpoint (Cartesian) = 0.0000 0.12035 0.0000 (34758 pws)
       1       -63.6162     0.00367309
       2       -37.9940     0.00367309
       3       -37.8606     0.00367309
       4       -37.7824     0.00367309
       5       -15.9458     0.00367309
       6       -15.3879     0.00367309
       7       -8.26533     0.00367309
       8       -7.18393     0.00367309
       9       -6.95508     0.00367309
      10       -5.84889     0.00367309
      11       -4.60122     0.00367309
      12       -4.33574     0.00367309
      13       -3.85998     0.00367309
      14      -0.742840        0.00000
      15      -0.491083        0.00000
      16       0.657013        0.00000
      17        1.11512        0.00000
      18        6.34046        0.00000
      19        7.54953        0.00000
      20        8.63212        0.00000
      21        10.9195        0.00000
      22        11.6620        0.00000
      23        12.3701        0.00000

 260/289 kpoint (Cartesian) = 0.22740 0.0000 0.0000 (34736 pws)
       1       -63.6029     0.00367309
       2       -38.0111     0.00367309
       3       -37.9311     0.00367309
       4       -37.8338     0.00367309
       5       -15.1622     0.00367309
       6       -15.0372     0.00367309
       7       -8.36230     0.00367309
       8       -7.86347     0.00367309
       9       -6.96254     0.00367309
      10       -6.42454     0.00367309
      11       -5.97002     0.00367309
      12       -5.06374     0.00367309
      13       -3.00178     0.00367309
      14       -1.10164        0.00000
      15       0.301736        0.00000
      16       0.459017        0.00000
      17        1.83546        0.00000
      18        5.18634        0.00000
      19        6.64768        0.00000
      20        9.54442        0.00000
      21        10.5714        0.00000
      22        10.7302        0.00000
      23        11.3098        0.00000

 261/289 kpoint (Cartesian) = 0.23687 -0.0054703 0.0000 (34730 pws)
       1       -63.6035     0.00734619
       2       -38.0242     0.00734619
       3       -37.9111     0.00734619
       4       -37.8349     0.00734619
       5       -15.1953     0.00734619
       6       -15.0538     0.00734619
       7       -8.29726     0.00734619
       8       -8.04682     0.00734619
       9       -6.89942     0.00734619
      10       -6.19947     0.00734619
      11       -6.03431     0.00734619
      12       -4.98799     0.00734619
      13       -3.07522     0.00734619
      14       -1.00629        0.00000
      15       0.345385        0.00000
      16       0.361092        0.00000
      17        1.78159        0.00000
      18        5.10852        0.00000
      19        6.97408        0.00000
      20        9.24831        0.00000
      21        10.3650        0.00000
      22        10.9298        0.00000
      23        11.3358        0.00000

 262/289 kpoint (Cartesian) = 0.24635 -0.010941 0.0000 (34757 pws)
       1       -63.6042     0.00734619
       2       -38.0358     0.00734619
       3       -37.8894     0.00734619
       4       -37.8365     0.00734619
       5       -15.2428     0.00734619
       6       -15.0780     0.00734619
       7       -8.21574     0.00734619
       8       -8.20354     0.00734619
       9       -6.88187     0.00734619
      10       -6.10176     0.00734619
      11       -5.89678     0.00734619
      12       -4.90403     0.00734619
      13       -3.16390     0.00734619
      14      -0.895331        0.00000
      15       0.193897        0.00000
      16       0.442400        0.00000
      17        1.71306        0.00000
      18        5.05790        0.00000
      19        7.32936        0.00000
      20        8.96057        0.00000
      21        10.2646        0.00000
      22        11.0523        0.00000
      23        11.3630        0.00000

 263/289 kpoint (Cartesian) = 0.25582 -0.016411 0.0000 (34785 pws)
       1       -63.6052     0.00734619
       2       -38.0446     0.00734619
       3       -37.8679     0.00734619
       4       -37.8385     0.00734619
       5       -15.3033     0.00734619
       6       -15.1085     0.00734619
       7       -8.35390     0.00734619
       8       -8.08765     0.00734619
       9       -6.88663     0.00734619
      10       -6.15757     0.00734619
      11       -5.56386     0.00734619
      12       -4.82598     0.00734619
      13       -3.25636     0.00734619
      14      -0.791857        0.00000
      15      0.0256706        0.00000
      16       0.537454        0.00000
      17        1.63802        0.00000
      18        5.04721        0.00000
      19        7.61146        0.00000
      20        8.70238        0.00000
      21        10.3425        0.00000
      22        11.0912        0.00000
      23        11.4018        0.00000

 264/289 kpoint (Cartesian) = 0.26530 -0.021881 0.0000 (34773 pws)
       1       -63.6064     0.00734619
       2       -38.0498     0.00734619
       3       -37.8477     0.00734619
       4       -37.8409     0.00734619
       5       -15.3743     0.00734619
       6       -15.1432     0.00734619
       7       -8.45535     0.00734619
       8       -7.95810     0.00734619
       9       -6.90127     0.00734619
      10       -6.19049     0.00734619
      11       -5.22949     0.00734619
      12       -4.76348     0.00734619
      13       -3.34782     0.00734619
      14      -0.717344        0.00000
      15      -0.133453        0.00000
      16       0.636022        0.00000
      17        1.56371        0.00000
      18        5.08013        0.00000
      19        7.74506        0.00000
      20        8.48717        0.00000
      21        10.6308        0.00000
      22        11.0722        0.00000
      23        11.4610        0.00000

 265/289 kpoint (Cartesian) = 0.037900 0.15317 0.0000 (34769 pws)
       1       -63.6077     0.00734619
       2       -38.0513     0.00734619
       3       -37.8436     0.00734619
       4       -37.8297     0.00734619
       5       -15.4533     0.00734619
       6       -15.1805     0.00734619
       7       -8.51840     0.00734619
       8       -7.82471     0.00734619
       9       -6.91948     0.00734619
      10       -6.19228     0.00734619
      11       -4.91416     0.00734619
      12       -4.72215     0.00734619
      13       -3.44011     0.00734619
      14      -0.691061        0.00000
      15      -0.254280        0.00000
      16       0.727838        0.00000
      17        1.49304        0.00000
      18        5.15721        0.00000
      19        7.74212        0.00000
      20        8.32720        0.00000
      21        11.0297        0.00000
      22        11.0463        0.00000
      23        11.5631        0.00000

 266/289 kpoint (Cartesian) = 0.028425 0.14770 0.0000 (34772 pws)
       1       -63.6091     0.00734619
       2       -38.0490     0.00734619
       3       -37.8464     0.00734619
       4       -37.8144     0.00734619
       5       -15.5372     0.00734619
       6       -15.2186     0.00734619
       7       -8.54375     0.00734619
       8       -7.69685     0.00734619
       9       -6.93702     0.00734619
      10       -6.15919     0.00734619
      11       -4.70299     0.00734619
      12       -4.63493     0.00734619
      13       -3.53995     0.00734619
      14      -0.713931        0.00000
      15      -0.322494        0.00000
      16       0.805476        0.00000
      17        1.42173        0.00000
      18        5.27744        0.00000
      19        7.66750        0.00000
      20        8.23353        0.00000
      21        10.9900        0.00000
      22        11.3896        0.00000
      23        11.7814        0.00000

 267/289 kpoint (Cartesian) = 0.018950 0.14223 0.0000 (34745 pws)
       1       -63.6105     0.00734619
       2       -38.0431     0.00734619
       3       -37.8493     0.00734619
       4       -37.8023     0.00734619
       5       -15.6227     0.00734619
       6       -15.2559     0.00734619
       7       -8.53381     0.00734619
       8       -7.58067     0.00734619
       9       -6.95063     0.00734619
      10       -6.09554     0.00734619
      11       -4.70062     0.00734619
      12       -4.40664     0.00734619
      13       -3.65410     0.00734619
      14      -0.751473        0.00000
      15      -0.359914        0.00000
      16       0.864702        0.00000
      17        1.34039        0.00000
      18        5.43843        0.00000
      19        7.57904        0.00000
      20        8.21243        0.00000
      21        10.9653        0.00000
      22        11.5602        0.00000
      23        12.1003        0.00000

 268/289 kpoint (Cartesian) = 0.0094749 0.13676 0.0000 (34751 pws)
       1       -63.6120     0.00734619
       2       -38.0339     0.00734619
       3       -37.8522     0.00734619
       4       -37.7938     0.00734619
       5       -15.7067     0.00734619
       6       -15.2912     0.00734619
       7       -8.49240     0.00734619
       8       -7.47704     0.00734619
       9       -6.95780     0.00734619
      10       -6.01748     0.00734619
      11       -4.70126     0.00734619
      12       -4.24850     0.00734619
      13       -3.77585     0.00734619
      14      -0.771151        0.00000
      15      -0.392595        0.00000
      16       0.895222        0.00000
      17        1.24842        0.00000
      18        5.63596        0.00000
      19        7.51587        0.00000
      20        8.26102        0.00000
      21        10.9535        0.00000
      22        11.6591        0.00000
      23        12.3560        0.00000

 269/289 kpoint (Cartesian) = 0.0000 0.13129 0.0000 (34772 pws)
       1       -63.6134     0.00367309
       2       -38.0221     0.00367309
       3       -37.8549     0.00367309
       4       -37.7890     0.00367309
       5       -15.7860     0.00367309
       6       -15.3235     0.00367309
       7       -8.42479     0.00367309
       8       -7.38221     0.00367309
       9       -6.95694     0.00367309
      10       -5.95283     0.00367309
      11       -4.68267     0.00367309
      12       -4.21476     0.00367309
      13       -3.84956     0.00367309
      14      -0.768911        0.00000
      15      -0.426965        0.00000
      16       0.855752        0.00000
      17        1.18351        0.00000
      18        5.86295        0.00000
      19        7.50343        0.00000
      20        8.36608        0.00000
      21        10.9411        0.00000
      22        11.7064        0.00000
      23        12.5182        0.00000

 270/289 kpoint (Cartesian) = 0.24635 0.0000 0.0000 (34748 pws)
       1       -63.6040     0.00367309
       2       -38.0370     0.00367309
       3       -37.8915     0.00367309
       4       -37.8360     0.00367309
       5       -15.2260     0.00367309
       6       -15.0705     0.00367309
       7       -8.22904     0.00367309
       8       -8.21349     0.00367309
       9       -6.90920     0.00367309
      10       -6.08581     0.00367309
      11       -5.89995     0.00367309
      12       -4.93221     0.00367309
      13       -3.13445     0.00367309
      14      -0.920815        0.00000
      15       0.233945        0.00000
      16       0.453686        0.00000
      17        1.71821        0.00000
      18        4.99149        0.00000
      19        7.30510        0.00000
      20        8.97433        0.00000
      21        10.2446        0.00000
      22        11.0373        0.00000
      23        11.3656        0.00000

 271/289 kpoint (Cartesian) = 0.25582 -0.0054703 0.0000 (34771 pws)
       1       -63.6047     0.00734619
       2       -38.0483     0.00734619
       3       -37.8710     0.00734619
       4       -37.8374     0.00734619
       5       -15.2673     0.00734619
       6       -15.0929     0.00734619
       7       -8.36789     0.00734619
       8       -8.13955     0.00734619
       9       -6.92438     0.00734619
      10       -6.13530     0.00734619
      11       -5.56551     0.00734619
      12       -4.87536     0.00734619
      13       -3.20403     0.00734619
      14      -0.830474        0.00000
      15      0.0976808        0.00000
      16       0.570416        0.00000
      17        1.64400        0.00000
      18        4.90893        0.00000
      19        7.57775        0.00000
      20        8.70306        0.00000
      21        10.2905        0.00000
      22        11.0960        0.00000
      23        11.3852        0.00000

 272/289 kpoint (Cartesian) = 0.26530 -0.010941 0.0000 (34771 pws)
       1       -63.6055     0.00734619
       2       -38.0568     0.00734619
       3       -37.8514     0.00734619
       4       -37.8392     0.00734619
       5       -15.3182     0.00734619
       6       -15.1197     0.00734619
       7       -8.49399     0.00734619
       8       -8.03574     0.00734619
       9       -6.94203     0.00734619
      10       -6.17173     0.00734619
      11       -5.22345     0.00734619
      12       -4.82633     0.00734619
      13       -3.27967     0.00734619
      14      -0.754923        0.00000
      15     -0.0436064        0.00000
      16       0.698479        0.00000
      17        1.56801        0.00000
      18        4.87151        0.00000
      19        7.71164        0.00000
      20        8.45813        0.00000
      21        10.5450        0.00000
      22        11.1123        0.00000
      23        11.4129        0.00000

 273/289 kpoint (Cartesian) = 0.27477 -0.016411 0.0000 (34756 pws)
       1       -63.6065     0.00734619
       2       -38.0619     0.00734619
       3       -37.8412     0.00734619
       4       -37.8337     0.00734619
       5       -15.3768     0.00734619
       6       -15.1492     0.00734619
       7       -8.58453     0.00734619
       8       -7.92582     0.00734619
       9       -6.95936     0.00734619
      10       -6.18650     0.00734619
      11       -4.89477     0.00734619
      12       -4.79101     0.00734619
      13       -3.36198     0.00734619
      14      -0.713009        0.00000
      15      -0.165694        0.00000
      16       0.822358        0.00000
      17        1.49756        0.00000
      18        4.88280        0.00000
      19        7.71132        0.00000
      20        8.25682        0.00000
      21        10.9451        0.00000
      22        11.1008        0.00000
      23        11.4679        0.00000

 274/289 kpoint (Cartesian) = 0.028425 0.15864 0.0000 (34752 pws)
       1       -63.6076     0.00734619
       2       -38.0632     0.00734619
       3       -37.8433     0.00734619
       4       -37.8187     0.00734619
       5       -15.4412     0.00734619
       6       -15.1799     0.00734619
       7       -8.63676     0.00734619
       8       -7.81802     0.00734619
       9       -6.97365     0.00734619
      10       -6.17470     0.00734619
      11       -4.77156     0.00734619
      12       -4.59800     0.00734619
      13       -3.45609     0.00734619
      14      -0.714786        0.00000
      15      -0.248496        0.00000
      16       0.927366        0.00000
      17        1.43416        0.00000
      18        4.94353        0.00000
      19        7.63866        0.00000
      20        8.11481        0.00000
      21        11.0764        0.00000
      22        11.3091        0.00000
      23        11.6192        0.00000

 275/289 kpoint (Cartesian) = 0.018950 0.15317 0.0000 (34754 pws)
       1       -63.6087     0.00734619
       2       -38.0609     0.00734619
       3       -37.8456     0.00734619
       4       -37.8070     0.00734619
       5       -15.5090     0.00734619
       6       -15.2105     0.00734619
       7       -8.65068     0.00734619
       8       -7.71861     0.00734619
       9       -6.98237     0.00734619
      10       -6.13762     0.00734619
      11       -4.76515     0.00734619
      12       -4.35014     0.00734619
      13       -3.56864     0.00734619
      14      -0.744759        0.00000
      15      -0.295374        0.00000
      16        1.00509        0.00000
      17        1.36994        0.00000
      18        5.05286        0.00000
      19        7.55138        0.00000
      20        8.04482        0.00000
      21        11.0498        0.00000
      22        11.4706        0.00000
      23        11.9271        0.00000

 276/289 kpoint (Cartesian) = 0.0094749 0.14770 0.0000 (34727 pws)
       1       -63.6098     0.00734619
       2       -38.0549     0.00734619
       3       -37.8479     0.00734619
       4       -37.7989     0.00734619
       5       -15.5776     0.00734619
       6       -15.2399     0.00734619
       7       -8.62835     0.00734619
       8       -7.63006     0.00734619
       9       -6.98346     0.00734619
      10       -6.08546     0.00734619
      11       -4.76237     0.00734619
      12       -4.17085     0.00734619
      13       -3.69731     0.00734619
      14      -0.771838        0.00000
      15      -0.327866        0.00000
      16        1.05119        0.00000
      17        1.29476        0.00000
      18        5.20837        0.00000
      19        7.48800        0.00000
      20        8.05198        0.00000
      21        11.0241        0.00000
      22        11.5626        0.00000
      23        12.1918        0.00000

 277/289 kpoint (Cartesian) = 0.0000 0.14223 0.0000 (34762 pws)
       1       -63.6109     0.00367309
       2       -38.0457     0.00367309
       3       -37.8501     0.00367309
       4       -37.7945     0.00367309
       5       -15.6444     0.00367309
       6       -15.2670     0.00367309
       7       -8.57366     0.00367309
       8       -7.55082     0.00367309
       9       -6.97549     0.00367309
      10       -6.03778     0.00367309
      11       -4.74708     0.00367309
      12       -4.11550     0.00367309
      13       -3.79131     0.00367309
      14      -0.779462        0.00000
      15      -0.359953        0.00000
      16        1.03112        0.00000
      17        1.23634        0.00000
      18        5.40543        0.00000
      19        7.47218        0.00000
      20        8.12976        0.00000
      21        10.9950        0.00000
      22        11.6288        0.00000
      23        12.3410        0.00000

 278/289 kpoint (Cartesian) = 0.26530 0.0000 0.0000 (34758 pws)
       1       -63.6052     0.00367309
       2       -38.0591     0.00367309
       3       -37.8526     0.00367309
       4       -37.8386     0.00367309
       5       -15.2990     0.00367309
       6       -15.1117     0.00367309
       7       -8.50704     0.00367309
       8       -8.06191     0.00367309
       9       -6.95718     0.00367309
      10       -6.16459     0.00367309
      11       -5.22074     0.00367309
      12       -4.84831     0.00367309
      13       -3.25426     0.00367309
      14      -0.769824        0.00000
      15     -0.0105514        0.00000
      16       0.720072        0.00000
      17        1.56883        0.00000
      18        4.79837        0.00000
      19        7.70091        0.00000
      20        8.44904        0.00000
      21        10.5159        0.00000
      22        11.1246        0.00000
      23        11.3964        0.00000

 279/289 kpoint (Cartesian) = 0.27477 -0.0054703 0.0000 (34758 pws)
       1       -63.6059     0.00734619
       2       -38.0673     0.00734619
       3       -37.8399     0.00734619
       4       -37.8357     0.00734619
       5       -15.3372     0.00734619
       6       -15.1330     0.00734619
       7       -8.61872     0.00734619
       8       -7.97724     0.00734619
       9       -6.98305     0.00734619
      10       -6.18221     0.00734619
      11       -4.88332     0.00734619
      12       -4.82711     0.00734619
      13       -3.31617     0.00734619
      14      -0.729656        0.00000
      15      -0.112651        0.00000
      16       0.873131        0.00000
      17        1.49692        0.00000
      18        4.73587        0.00000
      19        7.69692        0.00000
      20        8.22220        0.00000
      21        10.8911        0.00000
      22        11.1379        0.00000
      23        11.4192        0.00000

 280/289 kpoint (Cartesian) = 0.28425 -0.010941 0.0000 (34771 pws)
       1       -63.6066     0.00734619
       2       -38.0720     0.00734619
       3       -37.8415     0.00734619
       4       -37.8214     0.00734619
       5       -15.3807     0.00734619
       6       -15.1557     0.00734619
       7       -8.69544     0.00734619
       8       -7.89253     0.00734619
       9       -7.00199     0.00734619
      10       -6.18283     0.00734619
      11       -4.81417     0.00734619
      12       -4.57265     0.00734619
      13       -3.39441     0.00734619
      14      -0.721852        0.00000
      15      -0.190512        0.00000
      16        1.00858        0.00000
      17        1.43519        0.00000
      18        4.72561        0.00000
      19        7.62289        0.00000
      20        8.04275        0.00000
      21        11.1371        0.00000
      22        11.2585        0.00000
      23        11.5110        0.00000

 281/289 kpoint (Cartesian) = 0.018950 0.16411 0.0000 (34775 pws)
       1       -63.6074     0.00734619
       2       -38.0730     0.00734619
       3       -37.8431     0.00734619
       4       -37.8102     0.00734619
       5       -15.4284     0.00734619
       6       -15.1787     0.00734619
       7       -8.73394     0.00734619
       8       -7.81366     0.00734619
       9       -7.01281     0.00734619
      10       -6.16521     0.00734619
      11       -4.80878     0.00734619
      12       -4.30778     0.00734619
      13       -3.49483     0.00734619
      14      -0.741934        0.00000
      15      -0.238882        0.00000
      16        1.10903        0.00000
      17        1.38284        0.00000
      18        4.76920        0.00000
      19        7.53481        0.00000
      20        7.92899        0.00000
      21        11.1246        0.00000
      22        11.4024        0.00000
      23        11.7892        0.00000

 282/289 kpoint (Cartesian) = 0.0094749 0.15864 0.0000 (34745 pws)
       1       -63.6082     0.00734619
       2       -38.0704     0.00734619
       3       -37.8447     0.00734619
       4       -37.8027     0.00734619
       5       -15.4784     0.00734619
       6       -15.2008     0.00734619
       7       -8.73388     0.00734619
       8       -7.74393     0.00734619
       9       -7.01405     0.00734619
      10       -6.13441     0.00734619
      11       -4.80567     0.00734619
      12       -4.11127     0.00734619
      13       -3.61581     0.00734619
      14      -0.767808        0.00000
      15      -0.269809        0.00000
      16        1.17001        0.00000
      17        1.32663        0.00000
      18        4.86635        0.00000
      19        7.47019        0.00000
      20        7.89375        0.00000
      21        11.1020        0.00000
      22        11.4694        0.00000
      23        12.0432        0.00000

 283/289 kpoint (Cartesian) = 0.0000 0.15317 0.0000 (34726 pws)
       1       -63.6090     0.00367309
       2       -38.0642     0.00367309
       3       -37.8463     0.00367309
       4       -37.7989     0.00367309
       5       -15.5288     0.00367309
       6       -15.2214     0.00367309
       7       -8.69727     0.00367309
       8       -7.68349     0.00367309
       9       -7.00452     0.00367309
      10       -6.10250     0.00367309
      11       -4.79450     0.00367309
      12       -4.04037     0.00367309
      13       -3.71026     0.00367309
      14      -0.779487        0.00000
      15      -0.297465        0.00000
      16        1.17287        0.00000
      17        1.27464        0.00000
      18        5.01456        0.00000
      19        7.45127        0.00000
      20        7.93867        0.00000
      21        11.0691        0.00000
      22        11.5257        0.00000
      23        12.1780        0.00000

 284/289 kpoint (Cartesian) = 0.28425 0.0000 0.0000 (34770 pws)
       1       -63.6063     0.00367309
       2       -38.0749     0.00367309
       3       -37.8408     0.00367309
       4       -37.8223     0.00367309
       5       -15.3601     0.00367309
       6       -15.1475     0.00367309
       7       -8.71549     0.00367309
       8       -7.91768     0.00367309
       9       -7.01252     0.00367309
      10       -6.18533     0.00367309
      11       -4.82863     0.00367309
      12       -4.56374     0.00367309
      13       -3.37162     0.00367309
      14      -0.725501        0.00000
      15      -0.168574        0.00000
      16        1.03764        0.00000
      17        1.43380        0.00000
      18        4.64972        0.00000
      19        7.61790        0.00000
      20        8.01860        0.00000
      21        11.1591        0.00000
      22        11.2420        0.00000
      23        11.4727        0.00000

 285/289 kpoint (Cartesian) = 0.29372 -0.0054703 0.0000 (34790 pws)
       1       -63.6067     0.00734619
       2       -38.0792     0.00734619
       3       -37.8418     0.00734619
       4       -37.8119     0.00734619
       5       -15.3865     0.00734619
       6       -15.1622     0.00734619
       7       -8.77724     0.00734619
       8       -7.86213     0.00734619
       9       -7.03097     0.00734619
      10       -6.17887     0.00734619
      11       -4.83076     0.00734619
      12       -4.28539     0.00734619
      13       -3.45191     0.00734619
      14      -0.741497        0.00000
      15      -0.205445        0.00000
      16        1.16666        0.00000
      17        1.38471        0.00000
      18        4.61835        0.00000
      19        7.52715        0.00000
      20        7.86987        0.00000
      21        11.1688        0.00000
      22        11.3669        0.00000
      23        11.7142        0.00000

 286/289 kpoint (Cartesian) = 0.0094749 0.16958 0.0000 (34746 pws)
       1       -63.6072     0.00734619
       2       -38.0799     0.00734619
       3       -37.8427     0.00734619
       4       -37.8050     0.00734619
       5       -15.4158     0.00734619
       6       -15.1763     0.00734619
       7       -8.80068     0.00734619
       8       -7.81415     0.00734619
       9       -7.03786     0.00734619
      10       -6.16394     0.00734619
      11       -4.83142     0.00734619
      12       -4.07406     0.00734619
      13       -3.55502     0.00734619
      14      -0.763529        0.00000
      15      -0.228649        0.00000
      16        1.24475        0.00000
      17        1.34488        0.00000
      18        4.64442        0.00000
      19        7.46048        0.00000
      20        7.79523        0.00000
      21        11.1632        0.00000
      22        11.4057        0.00000
      23        11.9451        0.00000

 287/289 kpoint (Cartesian) = 0.0000 0.16411 0.0000 (34742 pws)
       1       -63.6077     0.00367309
       2       -38.0769     0.00367309
       3       -37.8437     0.00367309
       4       -37.8019     0.00367309
       5       -15.4468     0.00367309
       6       -15.1893     0.00367309
       7       -8.78550     0.00367309
       8       -7.77505     0.00367309
       9       -7.03242     0.00367309
      10       -6.14610     0.00367309
      11       -4.82556     0.00367309
      12       -3.99029     0.00367309
      13       -3.63526     0.00367309
      14      -0.774922        0.00000
      15      -0.247992        0.00000
      16        1.27254        0.00000
      17        1.29946        0.00000
      18        4.72806        0.00000
      19        7.43873        0.00000
      20        7.80465        0.00000
      21        11.1407        0.00000
      22        11.4409        0.00000
      23        12.0563        0.00000

 288/289 kpoint (Cartesian) = 0.30320 0.0000 0.0000 (34776 pws)
       1       -63.6069     0.00367309
       2       -38.0831     0.00367309
       3       -37.8421     0.00367309
       4       -37.8058     0.00367309
       5       -15.3943     0.00367309
       6       -15.1680     0.00367309
       7       -8.82355     0.00367309
       8       -7.83788     0.00367309
       9       -7.04674     0.00367309
      10       -6.17381     0.00367309
      11       -4.83997     0.00367309
      12       -4.06148     0.00367309
      13       -3.53254     0.00367309
      14      -0.761799        0.00000
      15      -0.213638        0.00000
      16        1.27042        0.00000
      17        1.35064        0.00000
      18        4.56735        0.00000
      19        7.45743        0.00000
      20        7.76179        0.00000
      21        11.1865        0.00000
      22        11.3832        0.00000
      23        11.9110        0.00000

 289/289 kpoint (Cartesian) = 0.0000 0.17505 0.0000 (34756 pws)
       1       -63.6071     0.00367309
       2       -38.0833     0.00367309
       3       -37.8424     0.00367309
       4       -37.8034     0.00367309
       5       -15.4042     0.00367309
       6       -15.1728     0.00367309
       7       -8.83142     0.00367309
       8       -7.82179     0.00367309
       9       -7.04911     0.00367309
      10       -6.16804     0.00367309
      11       -4.84089     0.00367309
      12       -3.96534     0.00367309
      13       -3.59080     0.00367309
      14      -0.771076        0.00000
      15      -0.220267        0.00000
      16        1.31164        0.00000
      17        1.32401        0.00000
      18        4.57600        0.00000
      19        7.43295        0.00000
      20        7.73563        0.00000
      21        11.1849        0.00000
      22        11.3942        0.00000
      23        11.9917        0.00000


 Warning_Memory_Consuming allocated:  ORB::Jl(x) 921.868 MB
 correction force for each atom along direction 1 is 0.00806467
 correction force for each atom along direction 2 is 5.74740e-05
 correction force for each atom along direction 3 is 4.03137e-05
------------------------------------------------------------------------------------------
 TOTAL-FORCE (eV/Angstrom)                                                                
------------------------------------------------------------------------------------------
                       Mo1         0.0000000000        -0.1964149551         0.0000000000 
                        S1         0.0000000000         0.0982074776         0.0372114116 
                        S2         0.0000000000         0.0982074776        -0.0372114116 
------------------------------------------------------------------------------------------



 --------------------------------------------
 !FINAL_ETOT_IS -2513.929243191430 eV
 --------------------------------------------


TIME STATISTICS
------------------------------------------------------------------------------------
    CLASS_NAME                    NAME                TIME/s  CALLS   AVG/s  PER/%  
------------------------------------------------------------------------------------
                   total                              28.76  13       2.21   100.00 
 Driver            reading                            0.03   1        0.03   0.09   
 Input_Conv        Convert                            0.00   1        0.00   0.00   
 Driver            driver_line                        28.74  1        28.74  99.91  
 UnitCell          check_tau                          0.00   1        0.00   0.00   
 ESolver_KS_LCAO   before_all_runners                 1.15   1        1.15   3.99   
 PW_Basis_Sup      setuptransform                     0.01   1        0.01   0.03   
 PW_Basis_Sup      distributeg                        0.00   1        0.00   0.01   
 mymath            heapsort                           0.03   153      0.00   0.10   
 Charge_Mixing     init_mixing                        0.00   1        0.00   0.00   
 Symmetry          analy_sys                          0.02   1        0.02   0.08   
 PW_Basis_K        setuptransform                     0.35   1        0.35   1.21   
 PW_Basis_K        distributeg                        0.00   1        0.00   0.01   
 PW_Basis          setup_struc_factor                 0.02   1        0.02   0.06   
 NOrbital_Lm       extra_uniform                      0.96   337      0.00   3.35   
 Mathzone_Add1     SplineD2                           0.00   337      0.00   0.01   
 Mathzone_Add1     Cubic_Spline_Interpolation         0.01   337      0.00   0.02   
 Mathzone_Add1     Uni_Deriv_Phi                      0.94   337      0.00   3.27   
 ppcell_vl         init_vloc                          0.01   1        0.01   0.04   
 Ions              opt_ions                           27.56  1        27.56  95.82  
 ESolver_KS_LCAO   runner                             27.23  1        27.23  94.67  
 ESolver_KS_LCAO   before_scf                         0.21   1        0.21   0.74   
 Vdwd3             cal_energy                         0.00   1        0.00   0.00   
 atom_arrange      search                             0.00   1        0.00   0.00   
 atom_arrange      grid_d.init                        0.00   1        0.00   0.00   
 Grid              Construct_Adjacent_expand          0.00   1        0.00   0.00   
 Grid              Construct_Adjacent_expand_periodic 0.00   3        0.00   0.00   
 Grid_Technique    init                               0.02   1        0.02   0.06   
 Grid_BigCell      grid_expansion_index               0.00   2        0.00   0.01   
 Grid_Driver       Find_atom                          0.00   18       0.00   0.00   
 Record_adj        for_2d                             0.00   1        0.00   0.00   
 LCAO_domain       grid_prepare                       0.00   1        0.00   0.00   
 Veff              initialize_HR                      0.00   1        0.00   0.00   
 OverlapNew        initialize_SR                      0.00   1        0.00   0.00   
 EkineticNew       initialize_HR                      0.00   1        0.00   0.00   
 NonlocalNew       initialize_HR                      0.00   1        0.00   0.00   
 Charge            set_rho_core                       0.02   1        0.02   0.09   
 PW_Basis_Sup      recip2real                         0.24   125      0.00   0.84   
 PW_Basis_Sup      gathers_scatterp                   0.03   125      0.00   0.11   
 ModuleIO          read_rhog                          0.04   1        0.04   0.15   
 Potential         init_pot                           0.07   1        0.07   0.24   
 Potential         update_from_charge                 0.90   17       0.05   3.13   
 Potential         cal_fixed_v                        0.01   1        0.01   0.02   
 PotLocal          cal_fixed_v                        0.00   1        0.00   0.02   
 Potential         cal_v_eff                          0.87   17       0.05   3.04   
 H_Hartree_pw      v_hartree                          0.13   17       0.01   0.45   
 PW_Basis_Sup      real2recip                         0.21   144      0.00   0.75   
 PW_Basis_Sup      gatherp_scatters                   0.03   144      0.00   0.10   
 PotXC             cal_v_eff                          0.71   17       0.04   2.47   
 XC_Functional     v_xc                               0.73   18       0.04   2.52   
 Potential         interpolate_vrs                    0.02   17       0.00   0.07   
 Symmetry          rhog_symmetry                      0.27   17       0.02   0.95   
 Symmetry          group fft grids                    0.20   17       0.01   0.71   
 H_Ewald_pw        compute_ewald                      0.01   1        0.01   0.05   
 HSolverLCAO       solve                              21.42  16       1.34   74.48  
 HamiltLCAO        updateHk                           1.13   4624     0.00   3.94   
 OperatorLCAO      init                               0.73   13872    0.00   2.54   
 Veff              contributeHR                       0.45   16       0.03   1.56   
 Gint_interface    cal_gint                           0.86   33       0.03   2.99   
 Gint_interface    cal_gint_vlocal                    0.42   16       0.03   1.47   
 Gint_Tools        cal_psir_ylm                       0.55   1348     0.00   1.90   
 Gint_k            transfer_pvpR                      0.00   16       0.00   0.01   
 OverlapNew        calculate_SR                       0.04   1        0.04   0.13   
 OverlapNew        contributeHk                       0.36   4624     0.00   1.24   
 EkineticNew       contributeHR                       0.06   16       0.00   0.20   
 EkineticNew       calculate_HR                       0.06   1        0.06   0.20   
 NonlocalNew       contributeHR                       0.10   16       0.01   0.33   
 NonlocalNew       calculate_HR                       0.09   1        0.09   0.33   
 OperatorLCAO      contributeHk                       0.10   4624     0.00   0.33   
 HSolverLCAO       hamiltSolvePsiK                    19.24  4624     0.00   66.89  
 DiagoElpa         elpa_solve                         18.16  4624     0.00   63.13  
 elecstate         cal_dm                             0.56   17       0.03   1.94   
 psiMulPsiMpi      pdgemm                             0.29   4913     0.00   1.02   
 DensityMatrix     cal_DMR                            0.05   17       0.00   0.17   
 ElecStateLCAO     psiToRho                           0.46   16       0.03   1.59   
 Gint              transfer_DMR                       0.00   16       0.00   0.02   
 Gint_interface    cal_gint_rho                       0.38   16       0.02   1.32   
 Charge_Mixing     get_drho                           0.00   16       0.00   0.01   
 Charge            mix_rho                            0.19   15       0.01   0.67   
 Charge            Broyden_mixing                     0.03   15       0.00   0.11   
 ModuleIO          write_rhog                         0.06   1        0.06   0.20   
 ESolver_KS_LCAO   after_scf                          3.88   1        3.88   13.50  
 Charge            atomic_rho                         0.03   1        0.03   0.09   
 ModuleIO          output_HSR                         0.10   1        0.10   0.34   
 ModuleIO          save_HSR_sparse                    0.09   1        0.09   0.31   
 cal_r_overlap_R   init                               3.10   1        3.10   10.78  
 ORB_gaunt_table   init_Gaunt_CH                      0.00   1        0.00   0.01   
 ORB_gaunt_table   Calc_Gaunt_CH                      0.00   1631     0.00   0.00   
 ORB_gaunt_table   init_Gaunt                         0.01   1        0.01   0.03   
 ORB_gaunt_table   Get_Gaunt_SH                       0.00   25313    0.00   0.01   
 Center2_Orb       cal_ST_Phi12_R                     1.12   769      0.00   3.90   
 cal_r_overlap_R   out_rR_other                       0.30   1        0.30   1.04   
 ESolver_KS_LCAO   cal_force                          0.33   1        0.33   1.15   
 Force_Stress_LCAO getForceStress                     0.33   1        0.33   1.15   
 Forces            cal_force_loc                      0.02   1        0.02   0.06   
 Forces            cal_force_ew                       0.01   1        0.01   0.03   
 Forces            cal_force_cc                       0.07   1        0.07   0.25   
 Forces            cal_force_scc                      0.02   1        0.02   0.05   
 Force_LCAO        ftable                             0.19   1        0.19   0.65   
 Force_LCAO        allocate                           0.12   1        0.12   0.41   
 LCAO_domain       build_ST_new                       0.12   2        0.06   0.41   
 Force_LCAO        cal_pulay_fs_center2               0.00   2        0.00   0.00   
 Gint_interface    cal_gint_force                     0.03   1        0.03   0.12   
 Gint_Tools        cal_dpsir_ylm                      0.02   42       0.00   0.07   
 NonlocalNew       cal_force_stress                   0.02   1        0.02   0.07   
 Vdwd3             cal_force                          0.01   1        0.01   0.02   
 ESolver_KS_LCAO   after_all_runners                  0.02   1        0.02   0.06   
 ModuleIO          write_istate_info                  0.02   1        0.02   0.06   
------------------------------------------------------------------------------------


 NAME-------------------------|MEMORY(MB)--------
                         total          1305.
                    ORB::Jl(x)          921.9
                  PW_B_K::gcar          231.5
                   PW_B_K::gk2          77.16
            DensityMatrix::DMK          12.39
                  SF::strucFac          8.499
                      Chg::rho          5.273
                 Chg::rho_save          5.273
                 Chg::rho_core          5.273
                 Pot::veff_fix          5.273
                     Pot::veff          5.273
              Pot::veff_smooth          5.273
       TwoCenterTable: Kinetic          3.023
       TwoCenterTable: Overlap          3.023
      TwoCenterTable: Nonlocal          2.676
                     Chg::rhog          2.125
                Chg::rhog_save          2.125
                Chg::rhog_core          2.125
                   Force::dS_K          1.097
                  Force::dTVNL          1.097
 -------------   < 1.0 MB has been ignored ----------------
 ----------------------------------------------------------

 Start  Time  : Fri Sep  4 16:47:30 2026
 Finish Time  : Fri Sep  4 16:47:59 2026
 Total  Time  : 0 h 0 mins 29 secs 
