                                                                                     
                              ABACUS v3.10.0

               Atomic-orbital Based Ab-initio Computation at UStc                    

                     Website: http://abacus.ustc.edu.cn/                             
               Documentation: https://abacus.deepmodeling.com/                       
                  Repository: https://github.com/abacusmodeling/abacus-develop       
                              https://github.com/deepmodeling/abacus-develop         
                      Commit: e84abb4 (Sat Jun 28 13:06:46 2025 +0800)

    Start Time is Fri Sep  4 16:32:12 2026
                                                                                     
 ------------------------------------------------------------------------------------

 READING GENERAL INFORMATION
                           global_out_dir = OUT.POLAR/
                           global_in_card = INPUT
                               pseudo_dir = ./
                              orbital_dir = ./
                                    DRANK = 1
                                    DSIZE = 1
                                   DCOLOR = 1
                                    GRANK = 1
                                    GSIZE = 1




 >>>>>>>>>>>>>>>>>>>>>>>>>>>>>>>>>>>>>>>>>>>>>>>>>>>>>>>>>>>>>>>>>>>>>>
 |                                                                    |
 | Reading atom information in unitcell:                              |
 | From the input file and the structure file we know the number of   |
 | different elments in this unitcell, then we list the detail        |
 | information for each element, especially the zeta and polar atomic |
 | orbital number for each element. The total atom number is counted. |
 | We calculate the nearest atom distance for each atom and show the  |
 | Cartesian and Direct coordinates for each atom. We list the file   |
 | address for atomic orbitals. The volume and the lattice vectors    |
 | in real and reciprocal space is also shown.                        |
 |                                                                    |
 <<<<<<<<<<<<<<<<<<<<<<<<<<<<<<<<<<<<<<<<<<<<<<<<<<<<<<<<<<<<<<<<<<<<<<




 READING UNITCELL INFORMATION
                                    ntype = 2
                  lattice constant (Bohr) = 1.88973
              lattice constant (Angstrom) = 1

 READING ATOM TYPE 1
                               atom label = N
                      L=0, number of zeta = 2
                      L=1, number of zeta = 2
                      L=2, number of zeta = 1
             number of atom for this type = 1

 READING ATOM TYPE 2
                               atom label = B
                      L=0, number of zeta = 2
                      L=1, number of zeta = 2
                      L=2, number of zeta = 1
             number of atom for this type = 1

                        TOTAL ATOM NUMBER = 2
DIRECT COORDINATES
    atom                   x                   y                   z     mag                  vx                  vy                  vz
taud_N1            0.3336848989        0.6666666870        0.5003515559  0.0000        0.0000000000        0.0000000000        0.0000000000
taud_B1            0.6666666270        0.3333333130        0.5000000000  0.0000        0.0000000000        0.0000000000        0.0000000000



                          Volume (Bohr^3) = 1105.12
                             Volume (A^3) = 163.761

 Lattice vectors: (Cartesian coordinate: in unit of a_0)
             +2.51061                  +0                  +0
             -1.25531            +2.17425                  +0
                   +0                  +0                 +30
 Reciprocal vectors: (Cartesian coordinate: in unit of 2 pi/a_0)
            +0.398309           +0.229964                  -0
                   -0           +0.459928                  -0
                   +0                  -0          +0.0333333
 The esolver type has been set to : ksdft_lcao

 RUNNING WITH DEVICE  : CPU / Intel(R) Xeon(R) Gold 6248 CPU @ 2.50GHz




 >>>>>>>>>>>>>>>>>>>>>>>>>>>>>>>>>>>>>>>>>>>>>>>>>>>>>>>>>>>>>>>>>>>>>>
 |                                                                    |
 | Reading pseudopotentials files:                                    |
 | The pseudopotential file is in UPF format. The 'NC' indicates that |
 | the type of pseudopotential is 'norm conserving'. Functional of    |
 | exchange and correlation is decided by 4 given parameters in UPF   |
 | file.  We also read in the 'core correction' if there exists.      |
 | Also we can read the valence electrons number and the maximal      |
 | angular momentum used in this pseudopotential. We also read in the |
 | trail wave function, trail atomic density and local-pseudopotential|
 | on logrithmic grid. The non-local pseudopotential projector is also|
 | read in if there is any.                                           |
 |                                                                    |
 <<<<<<<<<<<<<<<<<<<<<<<<<<<<<<<<<<<<<<<<<<<<<<<<<<<<<<<<<<<<<<<<<<<<<<




                PAO radial cut off (Bohr) = 15

 Read in pseudopotential file is N.upf
                     pseudopotential type = NC
          exchange-correlation functional = PBE
                 nonlocal core correction = 1
                        valence electrons = 5
                                     lmax = 1
                           number of zeta = 2
                     number of projectors = 4
                           L of projector = 0
                           L of projector = 0
                           L of projector = 1
                           L of projector = 1
                PAO radial cut off (Bohr) = 15

 Read in pseudopotential file is B.upf
                     pseudopotential type = NC
          exchange-correlation functional = PBE
                 nonlocal core correction = 1
                        valence electrons = 3
                                     lmax = 1
                           number of zeta = 2
                     number of projectors = 4
                           L of projector = 0
                           L of projector = 0
                           L of projector = 1
                           L of projector = 1
     initial pseudo atomic orbital number = 8

 SETUP THE ELECTRONS NUMBER
             electron number of element N = 5
       total electron number of element N = 5
             electron number of element B = 3
       total electron number of element B = 3
            AUTOSET number of electrons:  = 8
                           occupied bands = 4
                                   NLOCAL = 26
                                   NBANDS = 14
                                   NBANDS = 14
                                   NLOCAL = 26




 >>>>>>>>>>>>>>>>>>>>>>>>>>>>>>>>>>>>>>>>>>>>>>>>>>>>>>>>>>>>>>>>>>>>>>
 |                                                                    |
 | Setup plane waves of charge/potential:                             |
 | Use the energy cutoff and the lattice vectors to generate the      |
 | dimensions of FFT grid. The number of FFT grid on each processor   |
 | is 'nrxx'. The number of plane wave basis in reciprocal space is   |
 | different for charege/potential and wave functions. We also set    |
 | the 'sticks' for the parallel of FFT. The number of plane waves    |
 | is 'npw' in each processor.                                        |
 <<<<<<<<<<<<<<<<<<<<<<<<<<<<<<<<<<<<<<<<<<<<<<<<<<<<<<<<<<<<<<<<<<<<<<





 SETUP THE PLANE WAVE BASIS
 energy cutoff for charge/potential (unit:Ry) = 400
            fft grid for charge/potential = [ 32, 32, 375 ]
                        fft grid division = [ 4, 4, 3 ]
        big fft grid for charge/potential = [ 8, 8, 125 ]
                                     nbxx = 8000
                                     nrxx = 384000

 SETUP PLANE WAVES FOR CHARGE/POTENTIAL
                    number of plane waves = 148909
                         number of sticks = 625

 PARALLEL PW FOR CHARGE/POTENTIAL
     PROC   COLUMNS(POT)             PW
        1            625         148909
 --------------- sum -------------------
        1            625         148909
                            number of |g| = 7324
                                  max |g| = 36.1822
                                  min |g| = 0
 DONE : SETUP UNITCELL Time : 0.107511 (SEC)


----------- Double Check Mixing Parameters Begin ------------
mixing_type: broyden
mixing_beta: 0.8
mixing_gg0: 1
mixing_gg0_min: 0.1
mixing_ndim: 8
----------- Double Check Mixing Parameters End ------------




 >>>>>>>>>>>>>>>>>>>>>>>>>>>>>>>>>>>>>>>>>>>>>>>>>>>>>>>>>>>>>>>>>>>>>>
 |                                                                    |
 | Doing symmetry analysis:                                           |
 | We calculate the norm of 3 vectors and the angles between them,    |
 | the type of Bravais lattice is given. We can judge if the unticell |
 | is a primitive cell. Finally we give the point group operation for |
 | this unitcell. We use the point group operations to do symmetry |
 | analysis on given k-point mesh and the charge density.             |
 |                                                                    |
 <<<<<<<<<<<<<<<<<<<<<<<<<<<<<<<<<<<<<<<<<<<<<<<<<<<<<<<<<<<<<<<<<<<<<<




 LATTICE VECTORS: (CARTESIAN COORDINATE: IN UNIT OF A0)
             +2.51061                  +0                  +0
             -1.25531            +2.17425                  +0
                   +0                  +0                 +30
                       right hand lattice = 1
                                   NORM_A = 2.51061
                                   NORM_B = 2.51061
                                   NORM_C = 30
                           ALPHA (DEGREE) = 90
                           BETA  (DEGREE) = 90
                           GAMMA (DEGREE) = 120

 The lattice vectors have been changed (STRU_SIMPLE.cif)

(for optimal symmetric configuration:)
                             BRAVAIS TYPE = 4
                     BRAVAIS LATTICE NAME = 04. Hexagonal cell
                                    ibrav = 4
                                    IBRAV = 4
                                  BRAVAIS = HEXAGONAL CELL
                       LATTICE CONSTANT A = 2.51061
                                C/A RATIO = 11.9493
Original cell was already a primitive cell.
                        ROTATION MATRICES = 24
              PURE POINT GROUP OPERATIONS = 1
                   SPACE GROUP OPERATIONS = 1
                              POINT GROUP = C_1
               POINT GROUP IN SPACE GROUP = C_1
 DONE : SYMMETRY Time : 0.134586 (SEC)





 >>>>>>>>>>>>>>>>>>>>>>>>>>>>>>>>>>>>>>>>>>>>>>>>>>>>>>>>>>>>>>>>>>>>>>
 |                                                                    |
 | Setup K-points                                                     |
 | We setup the k-points according to input parameters.               |
 | The reduced k-points are set according to symmetry operations.     |
 | We treat the spin as another set of k-points.                      |
 |                                                                    |
 <<<<<<<<<<<<<<<<<<<<<<<<<<<<<<<<<<<<<<<<<<<<<<<<<<<<<<<<<<<<<<<<<<<<<<





 SETUP K-POINTS
                                    nspin = 1
                   Input type of k points = Monkhorst-Pack(Gamma)
                                   nkstot = 256
                       right hand lattice = 1
(for reciprocal lattice: )
                             BRAVAIS TYPE = 4
                     BRAVAIS LATTICE NAME = 04. Hexagonal cell
                                    ibrav = 4
                       right hand lattice = 1
(for k-lattice: )
                             BRAVAIS TYPE = 4
                     BRAVAIS LATTICE NAME = 04. Hexagonal cell
                                    ibrav = 4
                       right hand lattice = 1
                        ROTATION MATRICES = 24
                               nkstot_ibz = 130
K-POINTS REDUCTION ACCORDING TO SYMMETRY
     IBZ    DIRECT_X    DIRECT_Y    DIRECT_Z  WEIGHT  ibz2bz
       1  0.00000000  0.00000000  0.00000000  0.0039       0
       2  0.06250000  0.00000000  0.00000000  0.0078       1
       3  0.12500000  0.00000000  0.00000000  0.0078       2
       4  0.18750000  0.00000000  0.00000000  0.0078       3
       5  0.25000000  0.00000000  0.00000000  0.0078       4
       6  0.31250000  0.00000000  0.00000000  0.0078       5
       7  0.37500000  0.00000000  0.00000000  0.0078       6
       8  0.43750000  0.00000000  0.00000000  0.0078       7
       9  0.50000000  0.00000000  0.00000000  0.0039       8
      10  0.00000000  0.06250000  0.00000000  0.0078      16
      11  0.06250000  0.06250000  0.00000000  0.0078      17
      12  0.12500000  0.06250000  0.00000000  0.0078      18
      13  0.18750000  0.06250000  0.00000000  0.0078      19
      14  0.25000000  0.06250000  0.00000000  0.0078      20
      15  0.31250000  0.06250000  0.00000000  0.0078      21
      16  0.37500000  0.06250000  0.00000000  0.0078      22
      17  0.43750000  0.06250000  0.00000000  0.0078      23
      18  0.50000000  0.06250000  0.00000000  0.0078      24
      19  0.43750000 -0.06250000  0.00000000  0.0078      25
      20  0.37500000 -0.06250000  0.00000000  0.0078      26
      21  0.31250000 -0.06250000  0.00000000  0.0078      27
      22  0.25000000 -0.06250000  0.00000000  0.0078      28
      23  0.18750000 -0.06250000  0.00000000  0.0078      29
      24  0.12500000 -0.06250000  0.00000000  0.0078      30
      25 -0.06250000  0.06250000  0.00000000  0.0078      31
      26  0.00000000  0.12500000  0.00000000  0.0078      32
      27  0.06250000  0.12500000  0.00000000  0.0078      33
      28  0.12500000  0.12500000  0.00000000  0.0078      34
      29  0.18750000  0.12500000  0.00000000  0.0078      35
      30  0.25000000  0.12500000  0.00000000  0.0078      36
      31  0.31250000  0.12500000  0.00000000  0.0078      37
      32  0.37500000  0.12500000  0.00000000  0.0078      38
      33  0.43750000  0.12500000  0.00000000  0.0078      39
      34  0.50000000  0.12500000  0.00000000  0.0078      40
      35  0.43750000 -0.12500000  0.00000000  0.0078      41
      36  0.37500000 -0.12500000  0.00000000  0.0078      42
      37  0.31250000 -0.12500000  0.00000000  0.0078      43
      38  0.25000000 -0.12500000  0.00000000  0.0078      44
      39  0.18750000 -0.12500000  0.00000000  0.0078      45
      40 -0.12500000  0.12500000  0.00000000  0.0078      46
      41 -0.06250000  0.12500000  0.00000000  0.0078      47
      42  0.00000000  0.18750000  0.00000000  0.0078      48
      43  0.06250000  0.18750000  0.00000000  0.0078      49
      44  0.12500000  0.18750000  0.00000000  0.0078      50
      45  0.18750000  0.18750000  0.00000000  0.0078      51
      46  0.25000000  0.18750000  0.00000000  0.0078      52
      47  0.31250000  0.18750000  0.00000000  0.0078      53
      48  0.37500000  0.18750000  0.00000000  0.0078      54
      49  0.43750000  0.18750000  0.00000000  0.0078      55
      50  0.50000000  0.18750000  0.00000000  0.0078      56
      51  0.43750000 -0.18750000  0.00000000  0.0078      57
      52  0.37500000 -0.18750000  0.00000000  0.0078      58
      53  0.31250000 -0.18750000  0.00000000  0.0078      59
      54  0.25000000 -0.18750000  0.00000000  0.0078      60
      55 -0.18750000  0.18750000  0.00000000  0.0078      61
      56 -0.12500000  0.18750000  0.00000000  0.0078      62
      57 -0.06250000  0.18750000  0.00000000  0.0078      63
      58  0.00000000  0.25000000  0.00000000  0.0078      64
      59  0.06250000  0.25000000  0.00000000  0.0078      65
      60  0.12500000  0.25000000  0.00000000  0.0078      66
      61  0.18750000  0.25000000  0.00000000  0.0078      67
      62  0.25000000  0.25000000  0.00000000  0.0078      68
      63  0.31250000  0.25000000  0.00000000  0.0078      69
      64  0.37500000  0.25000000  0.00000000  0.0078      70
      65  0.43750000  0.25000000  0.00000000  0.0078      71
      66  0.50000000  0.25000000  0.00000000  0.0078      72
      67  0.43750000 -0.25000000  0.00000000  0.0078      73
      68  0.37500000 -0.25000000  0.00000000  0.0078      74
      69  0.31250000 -0.25000000  0.00000000  0.0078      75
      70 -0.25000000  0.25000000  0.00000000  0.0078      76
      71 -0.18750000  0.25000000  0.00000000  0.0078      77
      72 -0.12500000  0.25000000  0.00000000  0.0078      78
      73 -0.06250000  0.25000000  0.00000000  0.0078      79
      74  0.00000000  0.31250000  0.00000000  0.0078      80
      75  0.06250000  0.31250000  0.00000000  0.0078      81
      76  0.12500000  0.31250000  0.00000000  0.0078      82
      77  0.18750000  0.31250000  0.00000000  0.0078      83
      78  0.25000000  0.31250000  0.00000000  0.0078      84
      79  0.31250000  0.31250000  0.00000000  0.0078      85
      80  0.37500000  0.31250000  0.00000000  0.0078      86
      81  0.43750000  0.31250000  0.00000000  0.0078      87
      82  0.50000000  0.31250000  0.00000000  0.0078      88
      83  0.43750000 -0.31250000  0.00000000  0.0078      89
      84  0.37500000 -0.31250000  0.00000000  0.0078      90
      85 -0.31250000  0.31250000  0.00000000  0.0078      91
      86 -0.25000000  0.31250000  0.00000000  0.0078      92
      87 -0.18750000  0.31250000  0.00000000  0.0078      93
      88 -0.12500000  0.31250000  0.00000000  0.0078      94
      89 -0.06250000  0.31250000  0.00000000  0.0078      95
      90  0.00000000  0.37500000  0.00000000  0.0078      96
      91  0.06250000  0.37500000  0.00000000  0.0078      97
      92  0.12500000  0.37500000  0.00000000  0.0078      98
      93  0.18750000  0.37500000  0.00000000  0.0078      99
      94  0.25000000  0.37500000  0.00000000  0.0078     100
      95  0.31250000  0.37500000  0.00000000  0.0078     101
      96  0.37500000  0.37500000  0.00000000  0.0078     102
      97  0.43750000  0.37500000  0.00000000  0.0078     103
      98  0.50000000  0.37500000  0.00000000  0.0078     104
      99  0.43750000 -0.37500000  0.00000000  0.0078     105
     100 -0.37500000  0.37500000  0.00000000  0.0078     106
     101 -0.31250000  0.37500000  0.00000000  0.0078     107
     102 -0.25000000  0.37500000  0.00000000  0.0078     108
     103 -0.18750000  0.37500000  0.00000000  0.0078     109
     104 -0.12500000  0.37500000  0.00000000  0.0078     110
     105 -0.06250000  0.37500000  0.00000000  0.0078     111
     106  0.00000000  0.43750000  0.00000000  0.0078     112
     107  0.06250000  0.43750000  0.00000000  0.0078     113
     108  0.12500000  0.43750000  0.00000000  0.0078     114
     109  0.18750000  0.43750000  0.00000000  0.0078     115
     110  0.25000000  0.43750000  0.00000000  0.0078     116
     111  0.31250000  0.43750000  0.00000000  0.0078     117
     112  0.37500000  0.43750000  0.00000000  0.0078     118
     113  0.43750000  0.43750000  0.00000000  0.0078     119
     114  0.50000000  0.43750000  0.00000000  0.0078     120
     115 -0.43750000  0.43750000  0.00000000  0.0078     121
     116 -0.37500000  0.43750000  0.00000000  0.0078     122
     117 -0.31250000  0.43750000  0.00000000  0.0078     123
     118 -0.25000000  0.43750000  0.00000000  0.0078     124
     119 -0.18750000  0.43750000  0.00000000  0.0078     125
     120 -0.12500000  0.43750000  0.00000000  0.0078     126
     121 -0.06250000  0.43750000  0.00000000  0.0078     127
     122  0.00000000  0.50000000  0.00000000  0.0039     128
     123  0.06250000  0.50000000  0.00000000  0.0078     129
     124  0.12500000  0.50000000  0.00000000  0.0078     130
     125  0.18750000  0.50000000  0.00000000  0.0078     131
     126  0.25000000  0.50000000  0.00000000  0.0078     132
     127  0.31250000  0.50000000  0.00000000  0.0078     133
     128  0.37500000  0.50000000  0.00000000  0.0078     134
     129  0.43750000  0.50000000  0.00000000  0.0078     135
     130  0.50000000  0.50000000  0.00000000  0.0039     136

                               nkstot now = 130
K-POINTS DIRECT COORDINATES
 KPOINTS    DIRECT_X    DIRECT_Y    DIRECT_Z  WEIGHT
       1  0.00000000  0.00000000  0.00000000  0.0039
       2  0.06250000  0.00000000  0.00000000  0.0078
       3  0.12500000  0.00000000  0.00000000  0.0078
       4  0.18750000  0.00000000  0.00000000  0.0078
       5  0.25000000  0.00000000  0.00000000  0.0078
       6  0.31250000  0.00000000  0.00000000  0.0078
       7  0.37500000  0.00000000  0.00000000  0.0078
       8  0.43750000  0.00000000  0.00000000  0.0078
       9  0.50000000  0.00000000  0.00000000  0.0039
      10  0.00000000  0.06250000  0.00000000  0.0078
      11  0.06250000  0.06250000  0.00000000  0.0078
      12  0.12500000  0.06250000  0.00000000  0.0078
      13  0.18750000  0.06250000  0.00000000  0.0078
      14  0.25000000  0.06250000  0.00000000  0.0078
      15  0.31250000  0.06250000  0.00000000  0.0078
      16  0.37500000  0.06250000  0.00000000  0.0078
      17  0.43750000  0.06250000  0.00000000  0.0078
      18  0.50000000  0.06250000  0.00000000  0.0078
      19  0.43750000 -0.06250000  0.00000000  0.0078
      20  0.37500000 -0.06250000  0.00000000  0.0078
      21  0.31250000 -0.06250000  0.00000000  0.0078
      22  0.25000000 -0.06250000  0.00000000  0.0078
      23  0.18750000 -0.06250000  0.00000000  0.0078
      24  0.12500000 -0.06250000  0.00000000  0.0078
      25 -0.06250000  0.06250000  0.00000000  0.0078
      26  0.00000000  0.12500000  0.00000000  0.0078
      27  0.06250000  0.12500000  0.00000000  0.0078
      28  0.12500000  0.12500000  0.00000000  0.0078
      29  0.18750000  0.12500000  0.00000000  0.0078
      30  0.25000000  0.12500000  0.00000000  0.0078
      31  0.31250000  0.12500000  0.00000000  0.0078
      32  0.37500000  0.12500000  0.00000000  0.0078
      33  0.43750000  0.12500000  0.00000000  0.0078
      34  0.50000000  0.12500000  0.00000000  0.0078
      35  0.43750000 -0.12500000  0.00000000  0.0078
      36  0.37500000 -0.12500000  0.00000000  0.0078
      37  0.31250000 -0.12500000  0.00000000  0.0078
      38  0.25000000 -0.12500000  0.00000000  0.0078
      39  0.18750000 -0.12500000  0.00000000  0.0078
      40 -0.12500000  0.12500000  0.00000000  0.0078
      41 -0.06250000  0.12500000  0.00000000  0.0078
      42  0.00000000  0.18750000  0.00000000  0.0078
      43  0.06250000  0.18750000  0.00000000  0.0078
      44  0.12500000  0.18750000  0.00000000  0.0078
      45  0.18750000  0.18750000  0.00000000  0.0078
      46  0.25000000  0.18750000  0.00000000  0.0078
      47  0.31250000  0.18750000  0.00000000  0.0078
      48  0.37500000  0.18750000  0.00000000  0.0078
      49  0.43750000  0.18750000  0.00000000  0.0078
      50  0.50000000  0.18750000  0.00000000  0.0078
      51  0.43750000 -0.18750000  0.00000000  0.0078
      52  0.37500000 -0.18750000  0.00000000  0.0078
      53  0.31250000 -0.18750000  0.00000000  0.0078
      54  0.25000000 -0.18750000  0.00000000  0.0078
      55 -0.18750000  0.18750000  0.00000000  0.0078
      56 -0.12500000  0.18750000  0.00000000  0.0078
      57 -0.06250000  0.18750000  0.00000000  0.0078
      58  0.00000000  0.25000000  0.00000000  0.0078
      59  0.06250000  0.25000000  0.00000000  0.0078
      60  0.12500000  0.25000000  0.00000000  0.0078
      61  0.18750000  0.25000000  0.00000000  0.0078
      62  0.25000000  0.25000000  0.00000000  0.0078
      63  0.31250000  0.25000000  0.00000000  0.0078
      64  0.37500000  0.25000000  0.00000000  0.0078
      65  0.43750000  0.25000000  0.00000000  0.0078
      66  0.50000000  0.25000000  0.00000000  0.0078
      67  0.43750000 -0.25000000  0.00000000  0.0078
      68  0.37500000 -0.25000000  0.00000000  0.0078
      69  0.31250000 -0.25000000  0.00000000  0.0078
      70 -0.25000000  0.25000000  0.00000000  0.0078
      71 -0.18750000  0.25000000  0.00000000  0.0078
      72 -0.12500000  0.25000000  0.00000000  0.0078
      73 -0.06250000  0.25000000  0.00000000  0.0078
      74  0.00000000  0.31250000  0.00000000  0.0078
      75  0.06250000  0.31250000  0.00000000  0.0078
      76  0.12500000  0.31250000  0.00000000  0.0078
      77  0.18750000  0.31250000  0.00000000  0.0078
      78  0.25000000  0.31250000  0.00000000  0.0078
      79  0.31250000  0.31250000  0.00000000  0.0078
      80  0.37500000  0.31250000  0.00000000  0.0078
      81  0.43750000  0.31250000  0.00000000  0.0078
      82  0.50000000  0.31250000  0.00000000  0.0078
      83  0.43750000 -0.31250000  0.00000000  0.0078
      84  0.37500000 -0.31250000  0.00000000  0.0078
      85 -0.31250000  0.31250000  0.00000000  0.0078
      86 -0.25000000  0.31250000  0.00000000  0.0078
      87 -0.18750000  0.31250000  0.00000000  0.0078
      88 -0.12500000  0.31250000  0.00000000  0.0078
      89 -0.06250000  0.31250000  0.00000000  0.0078
      90  0.00000000  0.37500000  0.00000000  0.0078
      91  0.06250000  0.37500000  0.00000000  0.0078
      92  0.12500000  0.37500000  0.00000000  0.0078
      93  0.18750000  0.37500000  0.00000000  0.0078
      94  0.25000000  0.37500000  0.00000000  0.0078
      95  0.31250000  0.37500000  0.00000000  0.0078
      96  0.37500000  0.37500000  0.00000000  0.0078
      97  0.43750000  0.37500000  0.00000000  0.0078
      98  0.50000000  0.37500000  0.00000000  0.0078
      99  0.43750000 -0.37500000  0.00000000  0.0078
     100 -0.37500000  0.37500000  0.00000000  0.0078
     101 -0.31250000  0.37500000  0.00000000  0.0078
     102 -0.25000000  0.37500000  0.00000000  0.0078
     103 -0.18750000  0.37500000  0.00000000  0.0078
     104 -0.12500000  0.37500000  0.00000000  0.0078
     105 -0.06250000  0.37500000  0.00000000  0.0078
     106  0.00000000  0.43750000  0.00000000  0.0078
     107  0.06250000  0.43750000  0.00000000  0.0078
     108  0.12500000  0.43750000  0.00000000  0.0078
     109  0.18750000  0.43750000  0.00000000  0.0078
     110  0.25000000  0.43750000  0.00000000  0.0078
     111  0.31250000  0.43750000  0.00000000  0.0078
     112  0.37500000  0.43750000  0.00000000  0.0078
     113  0.43750000  0.43750000  0.00000000  0.0078
     114  0.50000000  0.43750000  0.00000000  0.0078
     115 -0.43750000  0.43750000  0.00000000  0.0078
     116 -0.37500000  0.43750000  0.00000000  0.0078
     117 -0.31250000  0.43750000  0.00000000  0.0078
     118 -0.25000000  0.43750000  0.00000000  0.0078
     119 -0.18750000  0.43750000  0.00000000  0.0078
     120 -0.12500000  0.43750000  0.00000000  0.0078
     121 -0.06250000  0.43750000  0.00000000  0.0078
     122  0.00000000  0.50000000  0.00000000  0.0039
     123  0.06250000  0.50000000  0.00000000  0.0078
     124  0.12500000  0.50000000  0.00000000  0.0078
     125  0.18750000  0.50000000  0.00000000  0.0078
     126  0.25000000  0.50000000  0.00000000  0.0078
     127  0.31250000  0.50000000  0.00000000  0.0078
     128  0.37500000  0.50000000  0.00000000  0.0078
     129  0.43750000  0.50000000  0.00000000  0.0078
     130  0.50000000  0.50000000  0.00000000  0.0039


           k-point number in this process = 130
       minimum distributed K point number = 130
starsize: 1
isym: 0 ks_vec: 0 0 0
starsize: 2
isym: 0 ks_vec: 0.0625 0 0
isym: 1 ks_vec: -0.0625 0 0
starsize: 2
isym: 0 ks_vec: 0.125 0 0
isym: 1 ks_vec: -0.125 0 0
starsize: 2
isym: 0 ks_vec: 0.1875 0 0
isym: 1 ks_vec: -0.1875 0 0
starsize: 2
isym: 0 ks_vec: 0.25 0 0
isym: 1 ks_vec: -0.25 0 0
starsize: 2
isym: 0 ks_vec: 0.3125 0 0
isym: 1 ks_vec: -0.3125 0 0
starsize: 2
isym: 0 ks_vec: 0.375 0 0
isym: 1 ks_vec: -0.375 0 0
starsize: 2
isym: 0 ks_vec: 0.4375 0 0
isym: 1 ks_vec: -0.4375 0 0
starsize: 1
isym: 0 ks_vec: 0.5 0 0
starsize: 2
isym: 0 ks_vec: 0 0.0625 0
isym: 1 ks_vec: 0 -0.0625 0
starsize: 2
isym: 0 ks_vec: 0.0625 0.0625 0
isym: 1 ks_vec: -0.0625 -0.0625 0
starsize: 2
isym: 0 ks_vec: 0.125 0.0625 0
isym: 1 ks_vec: -0.125 -0.0625 0
starsize: 2
isym: 0 ks_vec: 0.1875 0.0625 0
isym: 1 ks_vec: -0.1875 -0.0625 0
starsize: 2
isym: 0 ks_vec: 0.25 0.0625 0
isym: 1 ks_vec: -0.25 -0.0625 0
starsize: 2
isym: 0 ks_vec: 0.3125 0.0625 0
isym: 1 ks_vec: -0.3125 -0.0625 0
starsize: 2
isym: 0 ks_vec: 0.375 0.0625 0
isym: 1 ks_vec: -0.375 -0.0625 0
starsize: 2
isym: 0 ks_vec: 0.4375 0.0625 0
isym: 1 ks_vec: -0.4375 -0.0625 0
starsize: 2
isym: 0 ks_vec: 0.5 0.0625 0
isym: 1 ks_vec: 0.5 -0.0625 0
starsize: 2
isym: 0 ks_vec: 0.4375 -0.0625 0
isym: 1 ks_vec: -0.4375 0.0625 0
starsize: 2
isym: 0 ks_vec: 0.375 -0.0625 0
isym: 1 ks_vec: -0.375 0.0625 0
starsize: 2
isym: 0 ks_vec: 0.3125 -0.0625 0
isym: 1 ks_vec: -0.3125 0.0625 0
starsize: 2
isym: 0 ks_vec: 0.25 -0.0625 0
isym: 1 ks_vec: -0.25 0.0625 0
starsize: 2
isym: 0 ks_vec: 0.1875 -0.0625 0
isym: 1 ks_vec: -0.1875 0.0625 0
starsize: 2
isym: 0 ks_vec: 0.125 -0.0625 0
isym: 1 ks_vec: -0.125 0.0625 0
starsize: 2
isym: 0 ks_vec: -0.0625 0.0625 0
isym: 1 ks_vec: 0.0625 -0.0625 0
starsize: 2
isym: 0 ks_vec: 0 0.125 0
isym: 1 ks_vec: 0 -0.125 0
starsize: 2
isym: 0 ks_vec: 0.0625 0.125 0
isym: 1 ks_vec: -0.0625 -0.125 0
starsize: 2
isym: 0 ks_vec: 0.125 0.125 0
isym: 1 ks_vec: -0.125 -0.125 0
starsize: 2
isym: 0 ks_vec: 0.1875 0.125 0
isym: 1 ks_vec: -0.1875 -0.125 0
starsize: 2
isym: 0 ks_vec: 0.25 0.125 0
isym: 1 ks_vec: -0.25 -0.125 0
starsize: 2
isym: 0 ks_vec: 0.3125 0.125 0
isym: 1 ks_vec: -0.3125 -0.125 0
starsize: 2
isym: 0 ks_vec: 0.375 0.125 0
isym: 1 ks_vec: -0.375 -0.125 0
starsize: 2
isym: 0 ks_vec: 0.4375 0.125 0
isym: 1 ks_vec: -0.4375 -0.125 0
starsize: 2
isym: 0 ks_vec: 0.5 0.125 0
isym: 1 ks_vec: 0.5 -0.125 0
starsize: 2
isym: 0 ks_vec: 0.4375 -0.125 0
isym: 1 ks_vec: -0.4375 0.125 0
starsize: 2
isym: 0 ks_vec: 0.375 -0.125 0
isym: 1 ks_vec: -0.375 0.125 0
starsize: 2
isym: 0 ks_vec: 0.3125 -0.125 0
isym: 1 ks_vec: -0.3125 0.125 0
starsize: 2
isym: 0 ks_vec: 0.25 -0.125 0
isym: 1 ks_vec: -0.25 0.125 0
starsize: 2
isym: 0 ks_vec: 0.1875 -0.125 0
isym: 1 ks_vec: -0.1875 0.125 0
starsize: 2
isym: 0 ks_vec: -0.125 0.125 0
isym: 1 ks_vec: 0.125 -0.125 0
starsize: 2
isym: 0 ks_vec: -0.0625 0.125 0
isym: 1 ks_vec: 0.0625 -0.125 0
starsize: 2
isym: 0 ks_vec: 0 0.1875 0
isym: 1 ks_vec: 0 -0.1875 0
starsize: 2
isym: 0 ks_vec: 0.0625 0.1875 0
isym: 1 ks_vec: -0.0625 -0.1875 0
starsize: 2
isym: 0 ks_vec: 0.125 0.1875 0
isym: 1 ks_vec: -0.125 -0.1875 0
starsize: 2
isym: 0 ks_vec: 0.1875 0.1875 0
isym: 1 ks_vec: -0.1875 -0.1875 0
starsize: 2
isym: 0 ks_vec: 0.25 0.1875 0
isym: 1 ks_vec: -0.25 -0.1875 0
starsize: 2
isym: 0 ks_vec: 0.3125 0.1875 0
isym: 1 ks_vec: -0.3125 -0.1875 0
starsize: 2
isym: 0 ks_vec: 0.375 0.1875 0
isym: 1 ks_vec: -0.375 -0.1875 0
starsize: 2
isym: 0 ks_vec: 0.4375 0.1875 0
isym: 1 ks_vec: -0.4375 -0.1875 0
starsize: 2
isym: 0 ks_vec: 0.5 0.1875 0
isym: 1 ks_vec: 0.5 -0.1875 0
starsize: 2
isym: 0 ks_vec: 0.4375 -0.1875 0
isym: 1 ks_vec: -0.4375 0.1875 0
starsize: 2
isym: 0 ks_vec: 0.375 -0.1875 0
isym: 1 ks_vec: -0.375 0.1875 0
starsize: 2
isym: 0 ks_vec: 0.3125 -0.1875 0
isym: 1 ks_vec: -0.3125 0.1875 0
starsize: 2
isym: 0 ks_vec: 0.25 -0.1875 0
isym: 1 ks_vec: -0.25 0.1875 0
starsize: 2
isym: 0 ks_vec: -0.1875 0.1875 0
isym: 1 ks_vec: 0.1875 -0.1875 0
starsize: 2
isym: 0 ks_vec: -0.125 0.1875 0
isym: 1 ks_vec: 0.125 -0.1875 0
starsize: 2
isym: 0 ks_vec: -0.0625 0.1875 0
isym: 1 ks_vec: 0.0625 -0.1875 0
starsize: 2
isym: 0 ks_vec: 0 0.25 0
isym: 1 ks_vec: 0 -0.25 0
starsize: 2
isym: 0 ks_vec: 0.0625 0.25 0
isym: 1 ks_vec: -0.0625 -0.25 0
starsize: 2
isym: 0 ks_vec: 0.125 0.25 0
isym: 1 ks_vec: -0.125 -0.25 0
starsize: 2
isym: 0 ks_vec: 0.1875 0.25 0
isym: 1 ks_vec: -0.1875 -0.25 0
starsize: 2
isym: 0 ks_vec: 0.25 0.25 0
isym: 1 ks_vec: -0.25 -0.25 0
starsize: 2
isym: 0 ks_vec: 0.3125 0.25 0
isym: 1 ks_vec: -0.3125 -0.25 0
starsize: 2
isym: 0 ks_vec: 0.375 0.25 0
isym: 1 ks_vec: -0.375 -0.25 0
starsize: 2
isym: 0 ks_vec: 0.4375 0.25 0
isym: 1 ks_vec: -0.4375 -0.25 0
starsize: 2
isym: 0 ks_vec: 0.5 0.25 0
isym: 1 ks_vec: 0.5 -0.25 0
starsize: 2
isym: 0 ks_vec: 0.4375 -0.25 0
isym: 1 ks_vec: -0.4375 0.25 0
starsize: 2
isym: 0 ks_vec: 0.375 -0.25 0
isym: 1 ks_vec: -0.375 0.25 0
starsize: 2
isym: 0 ks_vec: 0.3125 -0.25 0
isym: 1 ks_vec: -0.3125 0.25 0
starsize: 2
isym: 0 ks_vec: -0.25 0.25 0
isym: 1 ks_vec: 0.25 -0.25 0
starsize: 2
isym: 0 ks_vec: -0.1875 0.25 0
isym: 1 ks_vec: 0.1875 -0.25 0
starsize: 2
isym: 0 ks_vec: -0.125 0.25 0
isym: 1 ks_vec: 0.125 -0.25 0
starsize: 2
isym: 0 ks_vec: -0.0625 0.25 0
isym: 1 ks_vec: 0.0625 -0.25 0
starsize: 2
isym: 0 ks_vec: 0 0.3125 0
isym: 1 ks_vec: 0 -0.3125 0
starsize: 2
isym: 0 ks_vec: 0.0625 0.3125 0
isym: 1 ks_vec: -0.0625 -0.3125 0
starsize: 2
isym: 0 ks_vec: 0.125 0.3125 0
isym: 1 ks_vec: -0.125 -0.3125 0
starsize: 2
isym: 0 ks_vec: 0.1875 0.3125 0
isym: 1 ks_vec: -0.1875 -0.3125 0
starsize: 2
isym: 0 ks_vec: 0.25 0.3125 0
isym: 1 ks_vec: -0.25 -0.3125 0
starsize: 2
isym: 0 ks_vec: 0.3125 0.3125 0
isym: 1 ks_vec: -0.3125 -0.3125 0
starsize: 2
isym: 0 ks_vec: 0.375 0.3125 0
isym: 1 ks_vec: -0.375 -0.3125 0
starsize: 2
isym: 0 ks_vec: 0.4375 0.3125 0
isym: 1 ks_vec: -0.4375 -0.3125 0
starsize: 2
isym: 0 ks_vec: 0.5 0.3125 0
isym: 1 ks_vec: 0.5 -0.3125 0
starsize: 2
isym: 0 ks_vec: 0.4375 -0.3125 0
isym: 1 ks_vec: -0.4375 0.3125 0
starsize: 2
isym: 0 ks_vec: 0.375 -0.3125 0
isym: 1 ks_vec: -0.375 0.3125 0
starsize: 2
isym: 0 ks_vec: -0.3125 0.3125 0
isym: 1 ks_vec: 0.3125 -0.3125 0
starsize: 2
isym: 0 ks_vec: -0.25 0.3125 0
isym: 1 ks_vec: 0.25 -0.3125 0
starsize: 2
isym: 0 ks_vec: -0.1875 0.3125 0
isym: 1 ks_vec: 0.1875 -0.3125 0
starsize: 2
isym: 0 ks_vec: -0.125 0.3125 0
isym: 1 ks_vec: 0.125 -0.3125 0
starsize: 2
isym: 0 ks_vec: -0.0625 0.3125 0
isym: 1 ks_vec: 0.0625 -0.3125 0
starsize: 2
isym: 0 ks_vec: 0 0.375 0
isym: 1 ks_vec: 0 -0.375 0
starsize: 2
isym: 0 ks_vec: 0.0625 0.375 0
isym: 1 ks_vec: -0.0625 -0.375 0
starsize: 2
isym: 0 ks_vec: 0.125 0.375 0
isym: 1 ks_vec: -0.125 -0.375 0
starsize: 2
isym: 0 ks_vec: 0.1875 0.375 0
isym: 1 ks_vec: -0.1875 -0.375 0
starsize: 2
isym: 0 ks_vec: 0.25 0.375 0
isym: 1 ks_vec: -0.25 -0.375 0
starsize: 2
isym: 0 ks_vec: 0.3125 0.375 0
isym: 1 ks_vec: -0.3125 -0.375 0
starsize: 2
isym: 0 ks_vec: 0.375 0.375 0
isym: 1 ks_vec: -0.375 -0.375 0
starsize: 2
isym: 0 ks_vec: 0.4375 0.375 0
isym: 1 ks_vec: -0.4375 -0.375 0
starsize: 2
isym: 0 ks_vec: 0.5 0.375 0
isym: 1 ks_vec: 0.5 -0.375 0
starsize: 2
isym: 0 ks_vec: 0.4375 -0.375 0
isym: 1 ks_vec: -0.4375 0.375 0
starsize: 2
isym: 0 ks_vec: -0.375 0.375 0
isym: 1 ks_vec: 0.375 -0.375 0
starsize: 2
isym: 0 ks_vec: -0.3125 0.375 0
isym: 1 ks_vec: 0.3125 -0.375 0
starsize: 2
isym: 0 ks_vec: -0.25 0.375 0
isym: 1 ks_vec: 0.25 -0.375 0
starsize: 2
isym: 0 ks_vec: -0.1875 0.375 0
isym: 1 ks_vec: 0.1875 -0.375 0
starsize: 2
isym: 0 ks_vec: -0.125 0.375 0
isym: 1 ks_vec: 0.125 -0.375 0
starsize: 2
isym: 0 ks_vec: -0.0625 0.375 0
isym: 1 ks_vec: 0.0625 -0.375 0
starsize: 2
isym: 0 ks_vec: 0 0.4375 0
isym: 1 ks_vec: 0 -0.4375 0
starsize: 2
isym: 0 ks_vec: 0.0625 0.4375 0
isym: 1 ks_vec: -0.0625 -0.4375 0
starsize: 2
isym: 0 ks_vec: 0.125 0.4375 0
isym: 1 ks_vec: -0.125 -0.4375 0
starsize: 2
isym: 0 ks_vec: 0.1875 0.4375 0
isym: 1 ks_vec: -0.1875 -0.4375 0
starsize: 2
isym: 0 ks_vec: 0.25 0.4375 0
isym: 1 ks_vec: -0.25 -0.4375 0
starsize: 2
isym: 0 ks_vec: 0.3125 0.4375 0
isym: 1 ks_vec: -0.3125 -0.4375 0
starsize: 2
isym: 0 ks_vec: 0.375 0.4375 0
isym: 1 ks_vec: -0.375 -0.4375 0
starsize: 2
isym: 0 ks_vec: 0.4375 0.4375 0
isym: 1 ks_vec: -0.4375 -0.4375 0
starsize: 2
isym: 0 ks_vec: 0.5 0.4375 0
isym: 1 ks_vec: 0.5 -0.4375 0
starsize: 2
isym: 0 ks_vec: -0.4375 0.4375 0
isym: 1 ks_vec: 0.4375 -0.4375 0
starsize: 2
isym: 0 ks_vec: -0.375 0.4375 0
isym: 1 ks_vec: 0.375 -0.4375 0
starsize: 2
isym: 0 ks_vec: -0.3125 0.4375 0
isym: 1 ks_vec: 0.3125 -0.4375 0
starsize: 2
isym: 0 ks_vec: -0.25 0.4375 0
isym: 1 ks_vec: 0.25 -0.4375 0
starsize: 2
isym: 0 ks_vec: -0.1875 0.4375 0
isym: 1 ks_vec: 0.1875 -0.4375 0
starsize: 2
isym: 0 ks_vec: -0.125 0.4375 0
isym: 1 ks_vec: 0.125 -0.4375 0
starsize: 2
isym: 0 ks_vec: -0.0625 0.4375 0
isym: 1 ks_vec: 0.0625 -0.4375 0
starsize: 1
isym: 0 ks_vec: 0 0.5 0
starsize: 2
isym: 0 ks_vec: 0.0625 0.5 0
isym: 1 ks_vec: -0.0625 0.5 0
starsize: 2
isym: 0 ks_vec: 0.125 0.5 0
isym: 1 ks_vec: -0.125 0.5 0
starsize: 2
isym: 0 ks_vec: 0.1875 0.5 0
isym: 1 ks_vec: -0.1875 0.5 0
starsize: 2
isym: 0 ks_vec: 0.25 0.5 0
isym: 1 ks_vec: -0.25 0.5 0
starsize: 2
isym: 0 ks_vec: 0.3125 0.5 0
isym: 1 ks_vec: -0.3125 0.5 0
starsize: 2
isym: 0 ks_vec: 0.375 0.5 0
isym: 1 ks_vec: -0.375 0.5 0
starsize: 2
isym: 0 ks_vec: 0.4375 0.5 0
isym: 1 ks_vec: -0.4375 0.5 0
starsize: 1
isym: 0 ks_vec: 0.5 0.5 0

K-POINTS CARTESIAN COORDINATES
 KPOINTS CARTESIAN_X CARTESIAN_Y CARTESIAN_Z  WEIGHT
       1  0.00000000  0.00000000  0.00000000  0.0078
       2  0.02489432  0.01437274  0.00000000  0.0156
       3  0.04978863  0.02874548  0.00000000  0.0156
       4  0.07468295  0.04311822  0.00000000  0.0156
       5  0.09957727  0.05749096  0.00000000  0.0156
       6  0.12447158  0.07186370  0.00000000  0.0156
       7  0.14936590  0.08623644  0.00000000  0.0156
       8  0.17426022  0.10060918  0.00000000  0.0156
       9  0.19915453  0.11498192  0.00000000  0.0078
      10  0.00000000  0.02874548  0.00000000  0.0156
      11  0.02489432  0.04311822  0.00000000  0.0156
      12  0.04978863  0.05749096  0.00000000  0.0156
      13  0.07468295  0.07186370  0.00000000  0.0156
      14  0.09957727  0.08623644  0.00000000  0.0156
      15  0.12447158  0.10060918  0.00000000  0.0156
      16  0.14936590  0.11498192  0.00000000  0.0156
      17  0.17426022  0.12935466  0.00000000  0.0156
      18  0.19915453  0.14372740  0.00000000  0.0156
      19  0.17426022  0.07186370  0.00000000  0.0156
      20  0.14936590  0.05749096  0.00000000  0.0156
      21  0.12447158  0.04311822  0.00000000  0.0156
      22  0.09957727  0.02874548  0.00000000  0.0156
      23  0.07468295  0.01437274  0.00000000  0.0156
      24  0.04978863  0.00000000  0.00000000  0.0156
      25 -0.02489432  0.01437274  0.00000000  0.0156
      26  0.00000000  0.05749096  0.00000000  0.0156
      27  0.02489432  0.07186370  0.00000000  0.0156
      28  0.04978863  0.08623644  0.00000000  0.0156
      29  0.07468295  0.10060918  0.00000000  0.0156
      30  0.09957727  0.11498192  0.00000000  0.0156
      31  0.12447158  0.12935466  0.00000000  0.0156
      32  0.14936590  0.14372740  0.00000000  0.0156
      33  0.17426022  0.15810014  0.00000000  0.0156
      34  0.19915453  0.17247288  0.00000000  0.0156
      35  0.17426022  0.04311822  0.00000000  0.0156
      36  0.14936590  0.02874548  0.00000000  0.0156
      37  0.12447158  0.01437274  0.00000000  0.0156
      38  0.09957727  0.00000000  0.00000000  0.0156
      39  0.07468295 -0.01437274  0.00000000  0.0156
      40 -0.04978863  0.02874548  0.00000000  0.0156
      41 -0.02489432  0.04311822  0.00000000  0.0156
      42  0.00000000  0.08623644  0.00000000  0.0156
      43  0.02489432  0.10060918  0.00000000  0.0156
      44  0.04978863  0.11498192  0.00000000  0.0156
      45  0.07468295  0.12935466  0.00000000  0.0156
      46  0.09957727  0.14372740  0.00000000  0.0156
      47  0.12447158  0.15810014  0.00000000  0.0156
      48  0.14936590  0.17247288  0.00000000  0.0156
      49  0.17426022  0.18684562  0.00000000  0.0156
      50  0.19915453  0.20121836  0.00000000  0.0156
      51  0.17426022  0.01437274  0.00000000  0.0156
      52  0.14936590  0.00000000  0.00000000  0.0156
      53  0.12447158 -0.01437274  0.00000000  0.0156
      54  0.09957727 -0.02874548  0.00000000  0.0156
      55 -0.07468295  0.04311822  0.00000000  0.0156
      56 -0.04978863  0.05749096  0.00000000  0.0156
      57 -0.02489432  0.07186370  0.00000000  0.0156
      58  0.00000000  0.11498192  0.00000000  0.0156
      59  0.02489432  0.12935466  0.00000000  0.0156
      60  0.04978863  0.14372740  0.00000000  0.0156
      61  0.07468295  0.15810014  0.00000000  0.0156
      62  0.09957727  0.17247288  0.00000000  0.0156
      63  0.12447158  0.18684562  0.00000000  0.0156
      64  0.14936590  0.20121836  0.00000000  0.0156
      65  0.17426022  0.21559110  0.00000000  0.0156
      66  0.19915453  0.22996385  0.00000000  0.0156
      67  0.17426022 -0.01437274  0.00000000  0.0156
      68  0.14936590 -0.02874548  0.00000000  0.0156
      69  0.12447158 -0.04311822  0.00000000  0.0156
      70 -0.09957727  0.05749096  0.00000000  0.0156
      71 -0.07468295  0.07186370  0.00000000  0.0156
      72 -0.04978863  0.08623644  0.00000000  0.0156
      73 -0.02489432  0.10060918  0.00000000  0.0156
      74  0.00000000  0.14372740  0.00000000  0.0156
      75  0.02489432  0.15810014  0.00000000  0.0156
      76  0.04978863  0.17247288  0.00000000  0.0156
      77  0.07468295  0.18684562  0.00000000  0.0156
      78  0.09957727  0.20121836  0.00000000  0.0156
      79  0.12447158  0.21559110  0.00000000  0.0156
      80  0.14936590  0.22996385  0.00000000  0.0156
      81  0.17426022  0.24433659  0.00000000  0.0156
      82  0.19915453  0.25870933  0.00000000  0.0156
      83  0.17426022 -0.04311822  0.00000000  0.0156
      84  0.14936590 -0.05749096  0.00000000  0.0156
      85 -0.12447158  0.07186370  0.00000000  0.0156
      86 -0.09957727  0.08623644  0.00000000  0.0156
      87 -0.07468295  0.10060918  0.00000000  0.0156
      88 -0.04978863  0.11498192  0.00000000  0.0156
      89 -0.02489432  0.12935466  0.00000000  0.0156
      90  0.00000000  0.17247288  0.00000000  0.0156
      91  0.02489432  0.18684562  0.00000000  0.0156
      92  0.04978863  0.20121836  0.00000000  0.0156
      93  0.07468295  0.21559110  0.00000000  0.0156
      94  0.09957727  0.22996385  0.00000000  0.0156
      95  0.12447158  0.24433659  0.00000000  0.0156
      96  0.14936590  0.25870933  0.00000000  0.0156
      97  0.17426022  0.27308207  0.00000000  0.0156
      98  0.19915453  0.28745481  0.00000000  0.0156
      99  0.17426022 -0.07186370  0.00000000  0.0156
     100 -0.14936590  0.08623644  0.00000000  0.0156
     101 -0.12447158  0.10060918  0.00000000  0.0156
     102 -0.09957727  0.11498192  0.00000000  0.0156
     103 -0.07468295  0.12935466  0.00000000  0.0156
     104 -0.04978863  0.14372740  0.00000000  0.0156
     105 -0.02489432  0.15810014  0.00000000  0.0156
     106  0.00000000  0.20121836  0.00000000  0.0156
     107  0.02489432  0.21559110  0.00000000  0.0156
     108  0.04978863  0.22996385  0.00000000  0.0156
     109  0.07468295  0.24433659  0.00000000  0.0156
     110  0.09957727  0.25870933  0.00000000  0.0156
     111  0.12447158  0.27308207  0.00000000  0.0156
     112  0.14936590  0.28745481  0.00000000  0.0156
     113  0.17426022  0.30182755  0.00000000  0.0156
     114  0.19915453  0.31620029  0.00000000  0.0156
     115 -0.17426022  0.10060918  0.00000000  0.0156
     116 -0.14936590  0.11498192  0.00000000  0.0156
     117 -0.12447158  0.12935466  0.00000000  0.0156
     118 -0.09957727  0.14372740  0.00000000  0.0156
     119 -0.07468295  0.15810014  0.00000000  0.0156
     120 -0.04978863  0.17247288  0.00000000  0.0156
     121 -0.02489432  0.18684562  0.00000000  0.0156
     122  0.00000000  0.22996385  0.00000000  0.0078
     123  0.02489432  0.24433659  0.00000000  0.0156
     124  0.04978863  0.25870933  0.00000000  0.0156
     125  0.07468295  0.27308207  0.00000000  0.0156
     126  0.09957727  0.28745481  0.00000000  0.0156
     127  0.12447158  0.30182755  0.00000000  0.0156
     128  0.14936590  0.31620029  0.00000000  0.0156
     129  0.17426022  0.33057303  0.00000000  0.0156
     130  0.19915453  0.34494577  0.00000000  0.0078


K-POINTS DIRECT COORDINATES
 KPOINTS    DIRECT_X    DIRECT_Y    DIRECT_Z  WEIGHT
       1  0.00000000  0.00000000  0.00000000  0.0078
       2  0.06250000  0.00000000  0.00000000  0.0156
       3  0.12500000  0.00000000  0.00000000  0.0156
       4  0.18750000  0.00000000  0.00000000  0.0156
       5  0.25000000  0.00000000  0.00000000  0.0156
       6  0.31250000  0.00000000  0.00000000  0.0156
       7  0.37500000  0.00000000  0.00000000  0.0156
       8  0.43750000  0.00000000  0.00000000  0.0156
       9  0.50000000  0.00000000  0.00000000  0.0078
      10  0.00000000  0.06250000  0.00000000  0.0156
      11  0.06250000  0.06250000  0.00000000  0.0156
      12  0.12500000  0.06250000  0.00000000  0.0156
      13  0.18750000  0.06250000  0.00000000  0.0156
      14  0.25000000  0.06250000  0.00000000  0.0156
      15  0.31250000  0.06250000  0.00000000  0.0156
      16  0.37500000  0.06250000  0.00000000  0.0156
      17  0.43750000  0.06250000  0.00000000  0.0156
      18  0.50000000  0.06250000  0.00000000  0.0156
      19  0.43750000 -0.06250000  0.00000000  0.0156
      20  0.37500000 -0.06250000  0.00000000  0.0156
      21  0.31250000 -0.06250000  0.00000000  0.0156
      22  0.25000000 -0.06250000  0.00000000  0.0156
      23  0.18750000 -0.06250000  0.00000000  0.0156
      24  0.12500000 -0.06250000  0.00000000  0.0156
      25 -0.06250000  0.06250000  0.00000000  0.0156
      26  0.00000000  0.12500000  0.00000000  0.0156
      27  0.06250000  0.12500000  0.00000000  0.0156
      28  0.12500000  0.12500000  0.00000000  0.0156
      29  0.18750000  0.12500000  0.00000000  0.0156
      30  0.25000000  0.12500000  0.00000000  0.0156
      31  0.31250000  0.12500000  0.00000000  0.0156
      32  0.37500000  0.12500000  0.00000000  0.0156
      33  0.43750000  0.12500000  0.00000000  0.0156
      34  0.50000000  0.12500000  0.00000000  0.0156
      35  0.43750000 -0.12500000  0.00000000  0.0156
      36  0.37500000 -0.12500000  0.00000000  0.0156
      37  0.31250000 -0.12500000  0.00000000  0.0156
      38  0.25000000 -0.12500000  0.00000000  0.0156
      39  0.18750000 -0.12500000  0.00000000  0.0156
      40 -0.12500000  0.12500000  0.00000000  0.0156
      41 -0.06250000  0.12500000  0.00000000  0.0156
      42  0.00000000  0.18750000  0.00000000  0.0156
      43  0.06250000  0.18750000  0.00000000  0.0156
      44  0.12500000  0.18750000  0.00000000  0.0156
      45  0.18750000  0.18750000  0.00000000  0.0156
      46  0.25000000  0.18750000  0.00000000  0.0156
      47  0.31250000  0.18750000  0.00000000  0.0156
      48  0.37500000  0.18750000  0.00000000  0.0156
      49  0.43750000  0.18750000  0.00000000  0.0156
      50  0.50000000  0.18750000  0.00000000  0.0156
      51  0.43750000 -0.18750000  0.00000000  0.0156
      52  0.37500000 -0.18750000  0.00000000  0.0156
      53  0.31250000 -0.18750000  0.00000000  0.0156
      54  0.25000000 -0.18750000  0.00000000  0.0156
      55 -0.18750000  0.18750000  0.00000000  0.0156
      56 -0.12500000  0.18750000  0.00000000  0.0156
      57 -0.06250000  0.18750000  0.00000000  0.0156
      58  0.00000000  0.25000000  0.00000000  0.0156
      59  0.06250000  0.25000000  0.00000000  0.0156
      60  0.12500000  0.25000000  0.00000000  0.0156
      61  0.18750000  0.25000000  0.00000000  0.0156
      62  0.25000000  0.25000000  0.00000000  0.0156
      63  0.31250000  0.25000000  0.00000000  0.0156
      64  0.37500000  0.25000000  0.00000000  0.0156
      65  0.43750000  0.25000000  0.00000000  0.0156
      66  0.50000000  0.25000000  0.00000000  0.0156
      67  0.43750000 -0.25000000  0.00000000  0.0156
      68  0.37500000 -0.25000000  0.00000000  0.0156
      69  0.31250000 -0.25000000  0.00000000  0.0156
      70 -0.25000000  0.25000000  0.00000000  0.0156
      71 -0.18750000  0.25000000  0.00000000  0.0156
      72 -0.12500000  0.25000000  0.00000000  0.0156
      73 -0.06250000  0.25000000  0.00000000  0.0156
      74  0.00000000  0.31250000  0.00000000  0.0156
      75  0.06250000  0.31250000  0.00000000  0.0156
      76  0.12500000  0.31250000  0.00000000  0.0156
      77  0.18750000  0.31250000  0.00000000  0.0156
      78  0.25000000  0.31250000  0.00000000  0.0156
      79  0.31250000  0.31250000  0.00000000  0.0156
      80  0.37500000  0.31250000  0.00000000  0.0156
      81  0.43750000  0.31250000  0.00000000  0.0156
      82  0.50000000  0.31250000  0.00000000  0.0156
      83  0.43750000 -0.31250000  0.00000000  0.0156
      84  0.37500000 -0.31250000  0.00000000  0.0156
      85 -0.31250000  0.31250000  0.00000000  0.0156
      86 -0.25000000  0.31250000  0.00000000  0.0156
      87 -0.18750000  0.31250000  0.00000000  0.0156
      88 -0.12500000  0.31250000  0.00000000  0.0156
      89 -0.06250000  0.31250000  0.00000000  0.0156
      90  0.00000000  0.37500000  0.00000000  0.0156
      91  0.06250000  0.37500000  0.00000000  0.0156
      92  0.12500000  0.37500000  0.00000000  0.0156
      93  0.18750000  0.37500000  0.00000000  0.0156
      94  0.25000000  0.37500000  0.00000000  0.0156
      95  0.31250000  0.37500000  0.00000000  0.0156
      96  0.37500000  0.37500000  0.00000000  0.0156
      97  0.43750000  0.37500000  0.00000000  0.0156
      98  0.50000000  0.37500000  0.00000000  0.0156
      99  0.43750000 -0.37500000  0.00000000  0.0156
     100 -0.37500000  0.37500000  0.00000000  0.0156
     101 -0.31250000  0.37500000  0.00000000  0.0156
     102 -0.25000000  0.37500000  0.00000000  0.0156
     103 -0.18750000  0.37500000  0.00000000  0.0156
     104 -0.12500000  0.37500000  0.00000000  0.0156
     105 -0.06250000  0.37500000  0.00000000  0.0156
     106  0.00000000  0.43750000  0.00000000  0.0156
     107  0.06250000  0.43750000  0.00000000  0.0156
     108  0.12500000  0.43750000  0.00000000  0.0156
     109  0.18750000  0.43750000  0.00000000  0.0156
     110  0.25000000  0.43750000  0.00000000  0.0156
     111  0.31250000  0.43750000  0.00000000  0.0156
     112  0.37500000  0.43750000  0.00000000  0.0156
     113  0.43750000  0.43750000  0.00000000  0.0156
     114  0.50000000  0.43750000  0.00000000  0.0156
     115 -0.43750000  0.43750000  0.00000000  0.0156
     116 -0.37500000  0.43750000  0.00000000  0.0156
     117 -0.31250000  0.43750000  0.00000000  0.0156
     118 -0.25000000  0.43750000  0.00000000  0.0156
     119 -0.18750000  0.43750000  0.00000000  0.0156
     120 -0.12500000  0.43750000  0.00000000  0.0156
     121 -0.06250000  0.43750000  0.00000000  0.0156
     122  0.00000000  0.50000000  0.00000000  0.0078
     123  0.06250000  0.50000000  0.00000000  0.0156
     124  0.12500000  0.50000000  0.00000000  0.0156
     125  0.18750000  0.50000000  0.00000000  0.0156
     126  0.25000000  0.50000000  0.00000000  0.0156
     127  0.31250000  0.50000000  0.00000000  0.0156
     128  0.37500000  0.50000000  0.00000000  0.0156
     129  0.43750000  0.50000000  0.00000000  0.0156
     130  0.50000000  0.50000000  0.00000000  0.0078

 DONE : INIT K-POINTS Time : 0.211227 (SEC)


 Warning_Memory_Consuming allocated:  PW_B_K::gk2 18.6195 MB

 Warning_Memory_Consuming allocated:  PW_B_K::gcar 55.8584 MB




 >>>>>>>>>>>>>>>>>>>>>>>>>>>>>>>>>>>>>>>>>>>>>>>>>>>>>>>>>>>>>>>>>>>>>>
 |                                                                    |
 | Setup plane waves of wave functions:                               |
 | Use the energy cutoff and the lattice vectors to generate the      |
 | dimensions of FFT grid. The number of FFT grid on each processor   |
 | is 'nrxx'. The number of plane wave basis in reciprocal space is   |
 | different for charege/potential and wave functions. We also set    |
 | the 'sticks' for the parallel of FFT. The number of plane wave of  |
 | each k-point is 'npwk[ik]' in each processor                       |
 <<<<<<<<<<<<<<<<<<<<<<<<<<<<<<<<<<<<<<<<<<<<<<<<<<<<<<<<<<<<<<<<<<<<<<





 SETUP PLANE WAVES FOR WAVE FUNCTIONS
     energy cutoff for wavefunc (unit:Ry) = 100
              fft grid for wave functions = [ 32, 32, 375 ]
                    number of plane waves = 27271
                         number of sticks = 199

 PARALLEL PW FOR WAVE FUNCTIONS
     PROC   COLUMNS(POT)             PW
        1            199          27271
 --------------- sum -------------------
        1            199          27271
 DONE : INIT PLANEWAVE Time : 0.361075 (SEC)

 SET NONLOCAL PSEUDOPOTENTIAL PROJECTORS
 SET NONLOCAL PSEUDOPOTENTIAL PROJECTORS
 max number of nonlocal projetors among all species is 4
 DONE : LOCAL POTENTIAL Time : 0.547236 (SEC)


 -------------------------------------------
 SELF-CONSISTENT
 -------------------------------------------




 >>>>>>>>>>>>>>>>>>>>>>>>>>>>>>>>>>>>>>>>>>>>>>>>>>>>>>>>>>>>>>>>>>>>>>
 |                                                                    |
 | Search adjacent atoms:                                             |
 | Set the adjacent atoms for each atom and set the periodic boundary |
 | condition for the atoms on real space FFT grid. For k-dependent    |
 | algorithm, we also need to set the sparse H and S matrix element   |
 | for each atom.                                                     |
 |                                                                    |
 <<<<<<<<<<<<<<<<<<<<<<<<<<<<<<<<<<<<<<<<<<<<<<<<<<<<<<<<<<<<<<<<<<<<<<





 SETUP SEARCHING RADIUS FOR PROGRAM TO SEARCH ADJACENT ATOMS
                  longest orb rcut (Bohr) = 10
   longest nonlocal projector rcut (Bohr) = 1.38
                     search radius (Bohr) = 22.8
              searching radius is (Bohr)) = 22.8
         searching radius unit is (Bohr)) = 1.89
                         PeriodicBoundary = 1
                        Radius(unit:lat0) = 12
                                   glayer = [ 7, 7, 2 ]
                             glayer_minus = [ 6, 6, 1 ]

Find the coordinate range of the input atom(unit:lat0).
                                  min_tau = [ -22.6, -12.3, -15 ]
                                  max_tau = [ 23.9, 14.5, 45 ]
                                BoxNumber = [ 13, 13, 3 ]

 SETUP EXTENDED REAL SPACE GRID FOR GRID INTEGRATION
                          real space grid = [ 32, 32, 375 ]
                 big cell numbers in grid = [ 8, 8, 125 ]
             meshcell numbers in big cell = [ 4, 4, 3 ]
                        extended fft grid = [ 20, 20, 23 ]
                dimension of extened grid = [ 49, 49, 172 ]
                            UnitCellTotal = 147
              Atom number in sub-FFT-grid = 2
    Local orbitals number in sub-FFT-grid = 26
                                ParaV.nnr = 47996
                                 init_chg = file
 try to read charge from file
 Read in the charge density: OUT.POLAR//POLAR-CHARGE-DENSITY.restart
 DONE : INIT SCF Time : 0.725806 (SEC)


 LCAO ALGORITHM --------------- ION=   1  ELEC=   1--------------------------------

 Density error is 0.0329626799712
----------------------------------------------------------
     Energy           Rydberg                 eV          
----------------------------------------------------------
 E_KohnSham     -26.8033233556       -364.6779229727      
 E_Harris       -26.8181139520       -364.8791593600      
 E_Fermi        -0.1335974141        -1.8176860692        
----------------------------------------------------------


 LCAO ALGORITHM --------------- ION=   1  ELEC=   2--------------------------------

 Density error is 0.0112266798339
----------------------------------------------------------
     Energy           Rydberg                 eV          
----------------------------------------------------------
 E_KohnSham     -26.8067357372       -364.7243508062      
 E_Harris       -26.8064483162       -364.7204402430      
 E_Fermi        -0.1328055847        -1.8069126785        
----------------------------------------------------------


 LCAO ALGORITHM --------------- ION=   1  ELEC=   3--------------------------------

 Density error is 0.0044242138549
----------------------------------------------------------
     Energy           Rydberg                 eV          
----------------------------------------------------------
 E_KohnSham     -26.8066646704       -364.7233838927      
 E_Harris       -26.8047355997       -364.6971375394      
 E_Fermi        -0.1327494462        -1.8061488752        
----------------------------------------------------------


 LCAO ALGORITHM --------------- ION=   1  ELEC=   4--------------------------------

 Density error is 0.00273374828106
----------------------------------------------------------
     Energy           Rydberg                 eV          
----------------------------------------------------------
 E_KohnSham     -26.8065970433       -364.7224637793      
 E_Harris       -26.8079125516       -364.7403621875      
 E_Fermi        -0.1325561647        -1.8035191454        
----------------------------------------------------------


 LCAO ALGORITHM --------------- ION=   1  ELEC=   5--------------------------------

 Density error is 0.00202664101137
----------------------------------------------------------
     Energy           Rydberg                 eV          
----------------------------------------------------------
 E_KohnSham     -26.8065591327       -364.7219479780      
 E_Harris       -26.8038266339       -364.6847704246      
 E_Fermi        -0.1327036850        -1.8055262610        
----------------------------------------------------------


 LCAO ALGORITHM --------------- ION=   1  ELEC=   6--------------------------------

 Density error is 0.00151620892416
----------------------------------------------------------
     Energy           Rydberg                 eV          
----------------------------------------------------------
 E_KohnSham     -26.8065150005       -364.7213475289      
 E_Harris       -26.8064038886       -364.7198357739      
 E_Fermi        -0.1325828098        -1.8038816708        
----------------------------------------------------------


 LCAO ALGORITHM --------------- ION=   1  ELEC=   7--------------------------------

 Density error is 0.000960082701539
----------------------------------------------------------
     Energy           Rydberg                 eV          
----------------------------------------------------------
 E_KohnSham     -26.8064943549       -364.7210666309      
 E_Harris       -26.8063495003       -364.7190957838      
 E_Fermi        -0.1325687138        -1.8036898836        
----------------------------------------------------------


 LCAO ALGORITHM --------------- ION=   1  ELEC=   8--------------------------------

 Density error is 0.000592077572884
----------------------------------------------------------
     Energy           Rydberg                 eV          
----------------------------------------------------------
 E_KohnSham     -26.8064861548       -364.7209550630      
 E_Harris       -26.8063307562       -364.7188407564      
 E_Fermi        -0.1325601015        -1.8035727074        
----------------------------------------------------------


 LCAO ALGORITHM --------------- ION=   1  ELEC=   9--------------------------------

 Density error is 0.000319627075129
----------------------------------------------------------
     Energy           Rydberg                 eV          
----------------------------------------------------------
 E_KohnSham     -26.8064833206       -364.7209165016      
 E_Harris       -26.8064278614       -364.7201619405      
 E_Fermi        -0.1325505950        -1.8034433649        
----------------------------------------------------------


 LCAO ALGORITHM --------------- ION=   1  ELEC=  10--------------------------------

 Density error is 0.000141362006965
----------------------------------------------------------
     Energy           Rydberg                 eV          
----------------------------------------------------------
 E_KohnSham     -26.8064828229       -364.7209097308      
 E_Harris       -26.8064551307       -364.7205329583      
 E_Fermi        -0.1325480694        -1.8034090029        
----------------------------------------------------------


 LCAO ALGORITHM --------------- ION=   1  ELEC=  11--------------------------------

 Density error is 6.91721066722e-05
----------------------------------------------------------
     Energy           Rydberg                 eV          
----------------------------------------------------------
 E_KohnSham     -26.8064827355       -364.7209085413      
 E_Harris       -26.8064673649       -364.7206994131      
 E_Fermi        -0.1325477132        -1.8034041570        
----------------------------------------------------------


 LCAO ALGORITHM --------------- ION=   1  ELEC=  12--------------------------------

 Density error is 3.64741980859e-05
----------------------------------------------------------
     Energy           Rydberg                 eV          
----------------------------------------------------------
 E_KohnSham     -26.8064826875       -364.7209078888      
 E_Harris       -26.8064706600       -364.7207442455      
 E_Fermi        -0.1325476670        -1.8034035280        
----------------------------------------------------------


 LCAO ALGORITHM --------------- ION=   1  ELEC=  13--------------------------------

 Density error is 2.85702707928e-05
----------------------------------------------------------
     Energy           Rydberg                 eV          
----------------------------------------------------------
 E_KohnSham     -26.8064826640       -364.7209075692      
 E_Harris       -26.8064753922       -364.7208086303      
 E_Fermi        -0.1325473208        -1.8033988180        
----------------------------------------------------------


 LCAO ALGORITHM --------------- ION=   1  ELEC=  14--------------------------------

 Density error is 2.31216141882e-05
----------------------------------------------------------
     Energy           Rydberg                 eV          
----------------------------------------------------------
 E_KohnSham     -26.8064826633       -364.7209075593      
 E_Harris       -26.8064768627       -364.7208286381      
 E_Fermi        -0.1325471822        -1.8033969319        
----------------------------------------------------------


 LCAO ALGORITHM --------------- ION=   1  ELEC=  15--------------------------------

 Density error is 1.48498598849e-05
----------------------------------------------------------
     Energy           Rydberg                 eV          
----------------------------------------------------------
 E_KohnSham     -26.8064826589       -364.7209074996      
 E_Harris       -26.8064772547       -364.7208339717      
 E_Fermi        -0.1325471235        -1.8033961336        
----------------------------------------------------------


 LCAO ALGORITHM --------------- ION=   1  ELEC=  16--------------------------------

 Density error is 8.08495941931e-06
----------------------------------------------------------
     Energy           Rydberg                 eV          
----------------------------------------------------------
 E_KohnSham     -26.8064826564       -364.7209074649      
 E_Harris       -26.8064804464       -364.7208773972      
 E_Fermi        -0.1325469026        -1.8033931276        
----------------------------------------------------------


 LCAO ALGORITHM --------------- ION=   1  ELEC=  17--------------------------------

 Density error is 3.3355214134e-06
----------------------------------------------------------
     Energy           Rydberg                 eV          
----------------------------------------------------------
 E_KohnSham     -26.8064826569       -364.7209074718      
 E_Harris       -26.8064810046       -364.7208849917      
 E_Fermi        -0.1325467920        -1.8033916223        
----------------------------------------------------------


 LCAO ALGORITHM --------------- ION=   1  ELEC=  18--------------------------------

 Density error is 7.18220648423e-07
----------------------------------------------------------
     Energy           Rydberg                 eV          
----------------------------------------------------------
 E_KohnSham     -26.8064826569       -364.7209074721      
 E_Harris       -26.8064826653       -364.7209075860      
 E_Fermi        -0.1325466862        -1.8033901829        
----------------------------------------------------------


 LCAO ALGORITHM --------------- ION=   1  ELEC=  19--------------------------------

 Density error is 9.6989470136e-08
----------------------------------------------------------
     Energy           Rydberg                 eV          
----------------------------------------------------------
 E_KohnSham     -26.8064826569       -364.7209074719      
 E_Harris       -26.8064826616       -364.7209075361      
 E_Fermi        -0.1325466749        -1.8033900299        
----------------------------------------------------------


 LCAO ALGORITHM --------------- ION=   1  ELEC=  20--------------------------------

 Density error is 1.72781074635e-08
----------------------------------------------------------
     Energy           Rydberg                 eV          
----------------------------------------------------------
 E_KohnSham     -26.8064826569       -364.7209074718      
 E_Harris       -26.8064826866       -364.7209078757      
 E_Fermi        -0.1325466735        -1.8033900110        
----------------------------------------------------------


 LCAO ALGORITHM --------------- ION=   1  ELEC=  21--------------------------------

 Density error is 1.05780923762e-08
----------------------------------------------------------
     Energy           Rydberg                 eV          
----------------------------------------------------------
 E_KohnSham     -26.8064826569       -364.7209074717      
 E_Harris       -26.8064826983       -364.7209080352      
 E_Fermi        -0.1325466724        -1.8033899960        
----------------------------------------------------------


 LCAO ALGORITHM --------------- ION=   1  ELEC=  22--------------------------------

 Density error is 5.69673902072e-09
----------------------------------------------------------
     Energy           Rydberg                 eV          
----------------------------------------------------------
 E_KohnSham     -26.8064826569       -364.7209074717      
 E_KS(sigma->0) -26.8064826569       -364.7209074717      
 E_Harris       -26.8064827020       -364.7209080860      
 E_band         -7.0587876551        -96.0397330816       
 E_one_elec     -348.9727471788      -4748.0178083455     
 E_Hartree      175.8481349319       2392.5366177461      
 E_xc           -8.6466958305        -117.6443321672      
 E_Ewald        154.9648254206       2108.4046152949      
 E_entropy(-TS) -0.0000000000        -0.0000000000        
 E_descf        0.0000000000         0.0000000000         
 E_exx          0.0000000000         0.0000000000         
 E_Fermi        -0.1325466719        -1.8033899888        
----------------------------------------------------------


 charge density convergence is achieved
 final etot is -364.72090747 eV
 EFERMI = -1.8033899888 eV

 STATE ENERGY(eV) AND OCCUPATIONS    NSPIN == 1
 1/130 kpoint (Cartesian) = 0.0000 0.0000 0.0000 (18679 pws)
       1       -22.5070     0.00781250
       2       -10.0069     0.00781250
       3       -6.30069     0.00781250
       4       -6.28029     0.00781250
       5        3.72874        0.00000
       6        4.00739        0.00000
       7        6.73613        0.00000
       8        6.76487        0.00000
       9        10.4032        0.00000
      10        17.5951        0.00000
      11        32.7996        0.00000
      12        32.8181        0.00000
      13        40.7826        0.00000
      14        44.0710        0.00000

 2/130 kpoint (Cartesian) = 0.024894 0.014373 0.0000 (18713 pws)
       1       -22.4323      0.0156250
       2       -9.90681      0.0156250
       3       -6.60102      0.0156250
       4       -6.44646      0.0156250
       5        3.72860        0.00000
       6        4.06648        0.00000
       7        6.82597        0.00000
       8        7.10150        0.00000
       9        10.3009        0.00000
      10        16.8294        0.00000
      11        31.3869        0.00000
      12        31.9501        0.00000
      13        32.4164        0.00000
      14        43.8577        0.00000

 3/130 kpoint (Cartesian) = 0.049789 0.028745 0.0000 (18765 pws)
       1       -22.2104      0.0156250
       2       -9.60909      0.0156250
       3       -7.46177      0.0156250
       4       -6.83724      0.0156250
       5        3.79547        0.00000
       6        4.21990        0.00000
       7        7.06135        0.00000
       8        8.05741        0.00000
       9        10.0991        0.00000
      10        15.3528        0.00000
      11        28.0185        0.00000
      12        30.1329        0.00000
      13        31.4245        0.00000
      14        43.2082        0.00000

 4/130 kpoint (Cartesian) = 0.074683 0.043118 0.0000 (18773 pws)
       1       -21.8485      0.0156250
       2       -9.12224      0.0156250
       3       -8.66176      0.0156250
       4       -7.35849      0.0156250
       5        4.00054        0.00000
       6        4.27183        0.00000
       7        7.38122        0.00000
       8        9.49293        0.00000
       9        10.1541        0.00000
      10        14.6033        0.00000
      11        28.1966        0.00000
      12        28.4272        0.00000
      13        30.1531        0.00000
      14        42.1233        0.00000

 5/130 kpoint (Cartesian) = 0.099577 0.057491 0.0000 (18745 pws)
       1       -21.3621      0.0156250
       2       -10.0103      0.0156250
       3       -8.46309      0.0156250
       4       -7.90063      0.0156250
       5        3.75464        0.00000
       6        4.44217        0.00000
       7        7.81094        0.00000
       8        11.0101        0.00000
       9        11.2470        0.00000
      10        14.7108        0.00000
      11        26.6514        0.00000
      12        28.8815        0.00000
      13        29.6244        0.00000
      14        40.4842        0.00000

 6/130 kpoint (Cartesian) = 0.12447 0.071864 0.0000 (18685 pws)
       1       -20.7817      0.0156250
       2       -11.3547      0.0156250
       3       -8.38427      0.0156250
       4       -7.66650      0.0156250
       5        2.80268        0.00000
       6        4.79939        0.00000
       7        8.55780        0.00000
       8        12.9496        0.00000
       9        13.1434        0.00000
      10        15.3788        0.00000
      11        25.3206        0.00000
      12        27.7840        0.00000
      13        30.3354        0.00000
      14        38.8472        0.00000

 7/130 kpoint (Cartesian) = 0.14937 0.086236 0.0000 (18669 pws)
       1       -20.1704      0.0156250
       2       -12.5561      0.0156250
       3       -8.75876      0.0156250
       4       -6.80522      0.0156250
       5        1.61006        0.00000
       6        5.02532        0.00000
       7        9.81834        0.00000
       8        14.9513        0.00000
       9        15.7038        0.00000
      10        16.3702        0.00000
      11        24.2667        0.00000
      12        26.9563        0.00000
      13        29.8636        0.00000
      14        37.1559        0.00000

 8/130 kpoint (Cartesian) = 0.17426 0.10061 0.0000 (18611 pws)
       1       -19.6550      0.0156250
       2       -13.4419      0.0156250
       3       -8.99396      0.0156250
       4       -6.04636      0.0156250
       5       0.567545        0.00000
       6        5.11223        0.00000
       7        11.2947        0.00000
       8        16.3299        0.00000
       9        17.4192        0.00000
      10        18.3832        0.00000
      11        23.4728        0.00000
      12        26.4464        0.00000
      13        29.1120        0.00000
      14        35.7826        0.00000

 9/130 kpoint (Cartesian) = 0.19915 0.11498 0.0000 (18582 pws)
       1       -19.4406     0.00781250
       2       -13.7826     0.00781250
       3       -9.07401     0.00781250
       4       -5.71506     0.00781250
       5       0.128139        0.00000
       6        5.13055        0.00000
       7        12.0029        0.00000
       8        16.8617        0.00000
       9        17.9615        0.00000
      10        19.5715        0.00000
      11        23.0937        0.00000
      12        26.2747        0.00000
      13        28.8346        0.00000
      14        35.2478        0.00000

 10/130 kpoint (Cartesian) = 0.0000 0.028745 0.0000 (18713 pws)
       1       -22.4323      0.0156250
       2       -9.90679      0.0156250
       3       -6.60971      0.0156250
       4       -6.43754      0.0156250
       5        3.72804        0.00000
       6        4.06635        0.00000
       7        6.83744        0.00000
       8        7.09007        0.00000
       9        10.3007        0.00000
      10        16.8276        0.00000
      11        31.3838        0.00000
      12        31.9448        0.00000
      13        32.4238        0.00000
      14        43.8654        0.00000

 11/130 kpoint (Cartesian) = 0.024894 0.043118 0.0000 (18725 pws)
       1       -22.2840      0.0156250
       2       -9.70788      0.0156250
       3       -7.16732      0.0156250
       4       -6.73897      0.0156250
       5        3.77407        0.00000
       6        4.17902        0.00000
       7        6.97625        0.00000
       8        7.74789        0.00000
       9        10.1483        0.00000
      10        15.7187        0.00000
      11        28.3763        0.00000
      12        30.5843        0.00000
      13        31.7858        0.00000
      14        43.2967        0.00000

 12/130 kpoint (Cartesian) = 0.049789 0.057491 0.0000 (18750 pws)
       1       -21.9919      0.0156250
       2       -9.31538      0.0156250
       3       -8.14860      0.0156250
       4       -7.24390      0.0156250
       5        3.96425        0.00000
       6        4.29358        0.00000
       7        7.25482        0.00000
       8        8.88188        0.00000
       9        10.0729        0.00000
      10        14.7891        0.00000
      11        28.0010        0.00000
      12        28.6916        0.00000
      13        30.8234        0.00000
      14        41.9027        0.00000

 13/130 kpoint (Cartesian) = 0.074683 0.071864 0.0000 (18759 pws)
       1       -21.5670      0.0156250
       2       -9.38242      0.0156250
       3       -8.74141      0.0156250
       4       -7.81650      0.0156250
       5        3.99708        0.00000
       6        4.42515        0.00000
       7        7.62754        0.00000
       8        10.3441        0.00000
       9        10.5467        0.00000
      10        14.6870        0.00000
      11        26.7990        0.00000
      12        29.0379        0.00000
      13        29.8054        0.00000
      14        39.6505        0.00000

 14/130 kpoint (Cartesian) = 0.099577 0.086236 0.0000 (18737 pws)
       1       -21.0309      0.0156250
       2       -10.7036      0.0156250
       3       -8.35643      0.0156250
       4       -8.01067      0.0156250
       5        3.28159        0.00000
       6        4.86227        0.00000
       7        8.17129        0.00000
       8        11.9924        0.00000
       9        12.0247        0.00000
      10        15.2706        0.00000
      11        25.1675        0.00000
      12        28.8258        0.00000
      13        30.0287        0.00000
      14        37.4933        0.00000

 15/130 kpoint (Cartesian) = 0.12447 0.10061 0.0000 (18665 pws)
       1       -20.4279      0.0156250
       2       -11.9669      0.0156250
       3       -8.80132      0.0156250
       4       -7.17252      0.0156250
       5        2.17618        0.00000
       6        5.22537        0.00000
       7        9.13843        0.00000
       8        13.7511        0.00000
       9        14.4165        0.00000
      10        16.2626        0.00000
      11        23.9269        0.00000
      12        27.9864        0.00000
      13        29.7506        0.00000
      14        36.3096        0.00000

 16/130 kpoint (Cartesian) = 0.14937 0.11498 0.0000 (18644 pws)
       1       -19.8476      0.0156250
       2       -13.0181      0.0156250
       3       -9.11462      0.0156250
       4       -6.33687      0.0156250
       5        1.02892        0.00000
       6        5.40268        0.00000
       7        10.5631        0.00000
       8        15.3460        0.00000
       9        17.1148        0.00000
      10        17.3831        0.00000
      11        23.2373        0.00000
      12        27.2413        0.00000
      13        28.7375        0.00000
      14        35.3910        0.00000

 17/130 kpoint (Cartesian) = 0.17426 0.12935 0.0000 (18599 pws)
       1       -19.4592      0.0156250
       2       -13.6507      0.0156250
       3       -9.27586      0.0156250
       4       -5.74768      0.0156250
       5       0.244955        0.00000
       6        5.45660        0.00000
       7        11.7779        0.00000
       8        16.3896        0.00000
       9        18.2324        0.00000
      10        18.8257        0.00000
      11        23.2134        0.00000
      12        26.6672        0.00000
      13        28.1022        0.00000
      14        34.5772        0.00000

 18/130 kpoint (Cartesian) = 0.19915 0.14373 0.0000 (18599 pws)
       1       -19.4593      0.0156250
       2       -13.6507      0.0156250
       3       -9.27582      0.0156250
       4       -5.74757      0.0156250
       5       0.244680        0.00000
       6        5.45667        0.00000
       7        11.7784        0.00000
       8        16.3882        0.00000
       9        18.2331        0.00000
      10        18.8278        0.00000
      11        23.2092        0.00000
      12        26.6697        0.00000
      13        28.0978        0.00000
      14        34.5807        0.00000

 19/130 kpoint (Cartesian) = 0.17426 0.071864 0.0000 (18644 pws)
       1       -19.8477      0.0156250
       2       -13.0180      0.0156250
       3       -9.11447      0.0156250
       4       -6.33663      0.0156250
       5        1.02821        0.00000
       6        5.40281        0.00000
       7        10.5642        0.00000
       8        15.3436        0.00000
       9        17.1171        0.00000
      10        17.3838        0.00000
      11        23.2329        0.00000
      12        27.2441        0.00000
      13        28.7282        0.00000
      14        35.3980        0.00000

 20/130 kpoint (Cartesian) = 0.14937 0.057491 0.0000 (18665 pws)
       1       -20.4280      0.0156250
       2       -11.9671      0.0156250
       3       -8.80093      0.0156250
       4       -7.17226      0.0156250
       5        2.17522        0.00000
       6        5.22533        0.00000
       7        9.14028        0.00000
       8        13.7480        0.00000
       9        14.4175        0.00000
      10        16.2624        0.00000
      11        23.9274        0.00000
      12        27.9862        0.00000
      13        29.7422        0.00000
      14        36.3139        0.00000

 21/130 kpoint (Cartesian) = 0.12447 0.043118 0.0000 (18737 pws)
       1       -21.0311      0.0156250
       2       -10.7042      0.0156250
       3       -8.35551      0.0156250
       4       -8.01045      0.0156250
       5        3.28059        0.00000
       6        4.86175        0.00000
       7        8.17491        0.00000
       8        11.9911        0.00000
       9        12.0213        0.00000
      10        15.2704        0.00000
      11        25.1722        0.00000
      12        28.8227        0.00000
      13        30.0253        0.00000
      14        37.4897        0.00000

 22/130 kpoint (Cartesian) = 0.099577 0.028745 0.0000 (18759 pws)
       1       -21.5671      0.0156250
       2       -9.38401      0.0156250
       3       -8.74124      0.0156250
       4       -7.81447      0.0156250
       5        3.99629        0.00000
       6        4.42414        0.00000
       7        7.63370        0.00000
       8        10.3366        0.00000
       9        10.5465        0.00000
      10        14.6863        0.00000
      11        26.8062        0.00000
      12        29.0377        0.00000
      13        29.8009        0.00000
      14        39.6437        0.00000

 23/130 kpoint (Cartesian) = 0.074683 0.014373 0.0000 (18750 pws)
       1       -21.9920      0.0156250
       2       -9.31526      0.0156250
       3       -8.15233      0.0156250
       4       -7.23964      0.0156250
       5        3.96303        0.00000
       6        4.29304        0.00000
       7        7.26391        0.00000
       8        8.87196        0.00000
       9        10.0724        0.00000
      10        14.7871        0.00000
      11        28.0015        0.00000
      12        28.6986        0.00000
      13        30.8199        0.00000
      14        41.9010        0.00000

 24/130 kpoint (Cartesian) = 0.049789 0.0000 0.0000 (18725 pws)
       1       -22.2841      0.0156250
       2       -9.70781      0.0156250
       3       -7.17478      0.0156250
       4       -6.73100      0.0156250
       5        3.77283        0.00000
       6        4.17875        0.00000
       7        6.98851        0.00000
       8        7.73542        0.00000
       9        10.1478        0.00000
      10        15.7155        0.00000
      11        28.3756        0.00000
      12        30.5865        0.00000
      13        31.7876        0.00000
      14        43.3024        0.00000

 25/130 kpoint (Cartesian) = -0.024894 0.014373 0.0000 (18713 pws)
       1       -22.4323      0.0156250
       2       -9.90676      0.0156250
       3       -6.61753      0.0156250
       4       -6.42949      0.0156250
       5        3.72749        0.00000
       6        4.06623        0.00000
       7        6.85025        0.00000
       8        7.07730        0.00000
       9        10.3005        0.00000
      10        16.8258        0.00000
      11        31.3808        0.00000
      12        31.9397        0.00000
      13        32.4310        0.00000
      14        43.8730        0.00000

 26/130 kpoint (Cartesian) = 0.0000 0.057491 0.0000 (18765 pws)
       1       -22.2105      0.0156250
       2       -9.60899      0.0156250
       3       -7.46884      0.0156250
       4       -6.82944      0.0156250
       5        3.79404        0.00000
       6        4.21957        0.00000
       7        7.07203        0.00000
       8        8.04628        0.00000
       9        10.0984        0.00000
      10        15.3492        0.00000
      11        28.0191        0.00000
      12        30.1323        0.00000
      13        31.4303        0.00000
      14        43.2157        0.00000

 27/130 kpoint (Cartesian) = 0.024894 0.071864 0.0000 (18750 pws)
       1       -21.9920      0.0156250
       2       -9.31530      0.0156250
       3       -8.15191      0.0156250
       4       -7.24009      0.0156250
       5        3.96355        0.00000
       6        4.29325        0.00000
       7        7.25867        0.00000
       8        8.87750        0.00000
       9        10.0725        0.00000
      10        14.7876        0.00000
      11        28.0022        0.00000
      12        28.6916        0.00000
      13        30.8266        0.00000
      14        41.9046        0.00000

 28/130 kpoint (Cartesian) = 0.049789 0.086236 0.0000 (18755 pws)
       1       -21.6363      0.0156250
       2       -9.08028      0.0156250
       3       -8.83507      0.0156250
       4       -7.88326      0.0156250
       5        4.06786        0.00000
       6        4.49235        0.00000
       7        7.58383        0.00000
       8        9.92616        0.00000
       9        10.4229        0.00000
      10        14.7462        0.00000
      11        26.7013        0.00000
      12        28.7974        0.00000
      13        30.2747        0.00000
      14        39.2233        0.00000

 29/130 kpoint (Cartesian) = 0.074683 0.10061 0.0000 (18704 pws)
       1       -21.1593      0.0156250
       2       -10.1882      0.0156250
       3       -8.55419      0.0156250
       4       -8.18665      0.0156250
       5        3.53845        0.00000
       6        5.10447        0.00000
       7        8.01713        0.00000
       8        11.1116        0.00000
       9        11.5629        0.00000
      10        15.3804        0.00000
      11        24.7345        0.00000
      12        29.5163        0.00000
      13        29.8401        0.00000
      14        36.6451        0.00000

 30/130 kpoint (Cartesian) = 0.099577 0.11498 0.0000 (18652 pws)
       1       -20.5924      0.0156250
       2       -11.3679      0.0156250
       3       -9.12280      0.0156250
       4       -7.40461      0.0156250
       5        2.59759        0.00000
       6        5.76039        0.00000
       7        8.65789        0.00000
       8        12.5174        0.00000
       9        13.6010        0.00000
      10        16.4506        0.00000
      11        23.1524        0.00000
      12        29.0183        0.00000
      13        29.3225        0.00000
      14        35.4703        0.00000

 31/130 kpoint (Cartesian) = 0.12447 0.12935 0.0000 (18650 pws)
       1       -19.9989      0.0156250
       2       -12.4639      0.0156250
       3       -9.54382      0.0156250
       4       -6.56197      0.0156250
       5        1.49119        0.00000
       6        6.18437        0.00000
       7        9.78003        0.00000
       8        14.0911        0.00000
       9        16.0142        0.00000
      10        17.6338        0.00000
      11        22.3738        0.00000
      12        27.7025        0.00000
      13        28.5404        0.00000
      14        35.0127        0.00000

 32/130 kpoint (Cartesian) = 0.14937 0.14373 0.0000 (18631 pws)
       1       -19.5030      0.0156250
       2       -13.2855      0.0156250
       3       -9.80117      0.0156250
       4       -5.82325      0.0156250
       5       0.532379        0.00000
       6        6.34326        0.00000
       7        11.1656        0.00000
       8        15.4475        0.00000
       9        17.4878        0.00000
      10        18.6808        0.00000
      11        22.9539        0.00000
      12        26.6439        0.00000
      13        27.7146        0.00000
      14        34.1965        0.00000

 33/130 kpoint (Cartesian) = 0.17426 0.15810 0.0000 (18596 pws)
       1       -19.2985      0.0156250
       2       -13.6025      0.0156250
       3       -9.88764      0.0156250
       4       -5.50216      0.0156250
       5       0.127356        0.00000
       6        6.37637        0.00000
       7        11.8526        0.00000
       8        15.9574        0.00000
       9        17.7818        0.00000
      10        19.1894        0.00000
      11        23.7500        0.00000
      12        26.3592        0.00000
      13        27.1622        0.00000
      14        33.6670        0.00000

 34/130 kpoint (Cartesian) = 0.19915 0.17247 0.0000 (18631 pws)
       1       -19.5032      0.0156250
       2       -13.2854      0.0156250
       3       -9.80094      0.0156250
       4       -5.82284      0.0156250
       5       0.531314        0.00000
       6        6.34338        0.00000
       7        11.1676        0.00000
       8        15.4441        0.00000
       9        17.4922        0.00000
      10        18.6815        0.00000
      11        22.9469        0.00000
      12        26.6338        0.00000
      13        27.7183        0.00000
      14        34.2036        0.00000

 35/130 kpoint (Cartesian) = 0.17426 0.043118 0.0000 (18650 pws)
       1       -19.9992      0.0156250
       2       -12.4641      0.0156250
       3       -9.54318      0.0156250
       4       -6.56144      0.0156250
       5        1.48943        0.00000
       6        6.18424        0.00000
       7        9.78348        0.00000
       8        14.0862        0.00000
       9        16.0180        0.00000
      10        17.6333        0.00000
      11        22.3704        0.00000
      12        27.6895        0.00000
      13        28.5419        0.00000
      14        35.0225        0.00000

 36/130 kpoint (Cartesian) = 0.14937 0.028745 0.0000 (18652 pws)
       1       -20.5927      0.0156250
       2       -11.3687      0.0156250
       3       -9.12128      0.0156250
       4       -7.40412      0.0156250
       5        2.59553        0.00000
       6        5.75932        0.00000
       7        8.66417        0.00000
       8        12.5099        0.00000
       9        13.6025        0.00000
      10        16.4494        0.00000
      11        23.1554        0.00000
      12        29.0120        0.00000
      13        29.3168        0.00000
      14        35.4762        0.00000

 37/130 kpoint (Cartesian) = 0.12447 0.014373 0.0000 (18704 pws)
       1       -21.1596      0.0156250
       2       -10.1906      0.0156250
       3       -8.55096      0.0156250
       4       -8.18624      0.0156250
       5        3.53655        0.00000
       6        5.10255        0.00000
       7        8.02702        0.00000
       8        11.1000        0.00000
       9        11.5631        0.00000
      10        15.3793        0.00000
      11        24.7420        0.00000
      12        29.5133        0.00000
      13        29.8371        0.00000
      14        36.6408        0.00000

 38/130 kpoint (Cartesian) = 0.099577 0.0000 0.0000 (18755 pws)
       1       -21.6365      0.0156250
       2       -9.08510      0.0156250
       3       -8.83477      0.0156250
       4       -7.87746      0.0156250
       5        4.06648        0.00000
       6        4.49022        0.00000
       7        7.59630        0.00000
       8        9.91169        0.00000
       9        10.4223        0.00000
      10        14.7445        0.00000
      11        26.7108        0.00000
      12        28.7988        0.00000
      13        30.2711        0.00000
      14        39.2159        0.00000

 39/130 kpoint (Cartesian) = 0.074683 -0.014373 0.0000 (18750 pws)
       1       -21.9922      0.0156250
       2       -9.31510      0.0156250
       3       -8.15883      0.0156250
       4       -7.23213      0.0156250
       5        3.96164        0.00000
       6        4.29240        0.00000
       7        7.27179        0.00000
       8        8.86302        0.00000
       9        10.0716        0.00000
      10        14.7842        0.00000
      11        28.0040        0.00000
      12        28.6986        0.00000
      13        30.8264        0.00000
      14        41.9048        0.00000

 40/130 kpoint (Cartesian) = -0.049789 0.028745 0.0000 (18765 pws)
       1       -22.2106      0.0156250
       2       -9.60889      0.0156250
       3       -7.47570      0.0156250
       4       -6.82185      0.0156250
       5        3.79262        0.00000
       6        4.21923        0.00000
       7        7.08312        0.00000
       8        8.03473        0.00000
       9        10.0978        0.00000
      10        15.3457        0.00000
      11        28.0196        0.00000
      12        30.1317        0.00000
      13        31.4361        0.00000
      14        43.2231        0.00000

 41/130 kpoint (Cartesian) = -0.024894 0.043118 0.0000 (18725 pws)
       1       -22.2841      0.0156250
       2       -9.70774      0.0156250
       3       -7.18203      0.0156250
       4       -6.72323      0.0156250
       5        3.77159        0.00000
       6        4.17849        0.00000
       7        7.00101        0.00000
       8        7.72270        0.00000
       9        10.1472        0.00000
      10        15.7123        0.00000
      11        28.3749        0.00000
      12        30.5887        0.00000
      13        31.7894        0.00000
      14        43.3082        0.00000

 42/130 kpoint (Cartesian) = 0.0000 0.086236 0.0000 (18773 pws)
       1       -21.8487      0.0156250
       2       -9.12200      0.0156250
       3       -8.66732      0.0156250
       4       -7.35166      0.0156250
       5        3.99900        0.00000
       6        4.27080        0.00000
       7        7.38963        0.00000
       8        9.48258        0.00000
       9        10.1532        0.00000
      10        14.6004        0.00000
      11        28.1999        0.00000
      12        28.4305        0.00000
      13        30.1574        0.00000
      14        42.1303        0.00000

 43/130 kpoint (Cartesian) = 0.024894 0.10061 0.0000 (18759 pws)
       1       -21.5671      0.0156250
       2       -9.38616      0.0156250
       3       -8.74117      0.0156250
       4       -7.81170      0.0156250
       5        3.99612        0.00000
       6        4.42417        0.00000
       7        7.63168        0.00000
       8        10.3381        0.00000
       9        10.5461        0.00000
      10        14.6855        0.00000
      11        26.8010        0.00000
      12        29.0415        0.00000
      13        29.8094        0.00000
      14        39.6490        0.00000

 44/130 kpoint (Cartesian) = 0.049789 0.11498 0.0000 (18704 pws)
       1       -21.1594      0.0156250
       2       -10.1901      0.0156250
       3       -8.55173      0.0156250
       4       -8.18648      0.0156250
       5        3.53774        0.00000
       6        5.10413        0.00000
       7        8.01869        0.00000
       8        11.1090        0.00000
       9        11.5627        0.00000
      10        15.3798        0.00000
      11        24.7360        0.00000
      12        29.5188        0.00000
      13        29.8421        0.00000
      14        36.6433        0.00000

 45/130 kpoint (Cartesian) = 0.074683 0.12935 0.0000 (18677 pws)
       1       -20.6490      0.0156250
       2       -11.0587      0.0156250
       3       -9.35143      0.0156250
       4       -7.48367      0.0156250
       5        2.75441        0.00000
       6        6.07955        0.00000
       7        8.47265        0.00000
       8        11.9801        0.00000
       9        13.3273        0.00000
      10        16.5458        0.00000
      11        22.8285        0.00000
      12        28.8388        0.00000
      13        29.6611        0.00000
      14        35.1981        0.00000

 46/130 kpoint (Cartesian) = 0.099577 0.14373 0.0000 (18622 pws)
       1       -20.0814      0.0156250
       2       -11.9698      0.0156250
       3       -10.0075      0.0156250
       4       -6.68347      0.0156250
       5        1.78560        0.00000
       6        7.05575        0.00000
       7        9.10206        0.00000
       8        13.2198        0.00000
       9        15.3954        0.00000
      10        17.8333        0.00000
      11        21.7607        0.00000
      12        27.0060        0.00000
      13        29.3205        0.00000
      14        34.9534        0.00000

 47/130 kpoint (Cartesian) = 0.12447 0.15810 0.0000 (18598 pws)
       1       -19.5452      0.0156250
       2       -12.7951      0.0156250
       3       -10.4405      0.0156250
       4       -5.89469      0.0156250
       5       0.829385        0.00000
       6        7.55249        0.00000
       7        10.2879        0.00000
       8        14.5551        0.00000
       9        16.4283        0.00000
      10        19.0475        0.00000
      11        22.4970        0.00000
      12        25.5184        0.00000
      13        28.6713        0.00000
      14        34.3326        0.00000

 48/130 kpoint (Cartesian) = 0.14937 0.17247 0.0000 (18585 pws)
       1       -19.1944      0.0156250
       2       -13.3111      0.0156250
       3       -10.6518      0.0156250
       4       -5.34636      0.0156250
       5       0.179680        0.00000
       6        7.67427        0.00000
       7        11.4815        0.00000
       8        15.2056        0.00000
       9        16.4192        0.00000
      10        20.0590        0.00000
      11        24.1628        0.00000
      12        24.9651        0.00000
      13        27.8055        0.00000
      14        33.4199        0.00000

 49/130 kpoint (Cartesian) = 0.17426 0.18685 0.0000 (18585 pws)
       1       -19.1946      0.0156250
       2       -13.3111      0.0156250
       3       -10.6516      0.0156250
       4       -5.34598      0.0156250
       5       0.178790        0.00000
       6        7.67421        0.00000
       7        11.4837        0.00000
       8        15.2029        0.00000
       9        16.4214        0.00000
      10        20.0592        0.00000
      11        24.1586        0.00000
      12        24.9598        0.00000
      13        27.8081        0.00000
      14        33.4233        0.00000

 50/130 kpoint (Cartesian) = 0.19915 0.20122 0.0000 (18598 pws)
       1       -19.5456      0.0156250
       2       -12.7953      0.0156250
       3       -10.4396      0.0156250
       4       -5.89388      0.0156250
       5       0.827121        0.00000
       6        7.55188        0.00000
       7        10.2929        0.00000
       8        14.5492        0.00000
       9        16.4344        0.00000
      10        19.0467        0.00000
      11        22.4904        0.00000
      12        25.5072        0.00000
      13        28.6741        0.00000
      14        34.3409        0.00000

 51/130 kpoint (Cartesian) = 0.17426 0.014373 0.0000 (18622 pws)
       1       -20.0819      0.0156250
       2       -11.9709      0.0156250
       3       -10.0054      0.0156250
       4       -6.68261      0.0156250
       5        1.78261        0.00000
       6        7.05356        0.00000
       7        9.11039        0.00000
       8        13.2116        0.00000
       9        15.3999        0.00000
      10        17.8311        0.00000
      11        21.7593        0.00000
      12        26.9937        0.00000
      13        29.3213        0.00000
      14        34.9638        0.00000

 52/130 kpoint (Cartesian) = 0.14937 0.0000 0.0000 (18677 pws)
       1       -20.6494      0.0156250
       2       -11.0615      0.0156250
       3       -9.34755      0.0156250
       4       -7.48293      0.0156250
       5        2.75131        0.00000
       6        6.07694        0.00000
       7        8.48357        0.00000
       8        11.9684        0.00000
       9        13.3287        0.00000
      10        16.5436        0.00000
      11        22.8337        0.00000
      12        28.8303        0.00000
      13        29.6597        0.00000
      14        35.2034        0.00000

 53/130 kpoint (Cartesian) = 0.12447 -0.014373 0.0000 (18704 pws)
       1       -21.1598      0.0156250
       2       -10.1943      0.0156250
       3       -8.54607      0.0156250
       4       -8.18591      0.0156250
       5        3.53513        0.00000
       6        5.10186        0.00000
       7        8.03020        0.00000
       8        11.0948        0.00000
       9        11.5627        0.00000
      10        15.3781        0.00000
      11        24.7449        0.00000
      12        29.5181        0.00000
      13        29.8410        0.00000
      14        36.6371        0.00000

 54/130 kpoint (Cartesian) = 0.099577 -0.028745 0.0000 (18759 pws)
       1       -21.5674      0.0156250
       2       -9.39143      0.0156250
       3       -8.74077      0.0156250
       4       -7.80492      0.0156250
       5        3.99438        0.00000
       6        4.42218        0.00000
       7        7.64211        0.00000
       8        10.3245        0.00000
       9        10.5453        0.00000
      10        14.6834        0.00000
      11        26.8101        0.00000
      12        29.0450        0.00000
      13        29.8090        0.00000
      14        39.6405        0.00000

 55/130 kpoint (Cartesian) = -0.074683 0.043118 0.0000 (18773 pws)
       1       -21.8489      0.0156250
       2       -9.12176      0.0156250
       3       -8.67279      0.0156250
       4       -7.34492      0.0156250
       5        3.99746        0.00000
       6        4.26977        0.00000
       7        7.39826        0.00000
       8        9.47198        0.00000
       9        10.1522        0.00000
      10        14.5976        0.00000
      11        28.2031        0.00000
      12        28.4339        0.00000
      13        30.1616        0.00000
      14        42.1373        0.00000

 56/130 kpoint (Cartesian) = -0.049789 0.057491 0.0000 (18750 pws)
       1       -21.9922      0.0156250
       2       -9.31498      0.0156250
       3       -8.16249      0.0156250
       4       -7.22793      0.0156250
       5        3.96042        0.00000
       6        4.29186        0.00000
       7        7.28097        0.00000
       8        8.85302        0.00000
       9        10.0710        0.00000
      10        14.7823        0.00000
      11        28.0045        0.00000
      12        28.7056        0.00000
      13        30.8229        0.00000
      14        41.9031        0.00000

 57/130 kpoint (Cartesian) = -0.024894 0.071864 0.0000 (18750 pws)
       1       -21.9922      0.0156250
       2       -9.31506      0.0156250
       3       -8.15929      0.0156250
       4       -7.23163      0.0156250
       5        3.96111        0.00000
       6        4.29218        0.00000
       7        7.27693        0.00000
       8        8.85759        0.00000
       9        10.0714        0.00000
      10        14.7837        0.00000
      11        28.0033        0.00000
      12        28.7056        0.00000
      13        30.8197        0.00000
      14        41.9012        0.00000

 58/130 kpoint (Cartesian) = 0.0000 0.11498 0.0000 (18745 pws)
       1       -21.3624      0.0156250
       2       -10.0146      0.0156250
       3       -8.46262      0.0156250
       4       -7.89462      0.0156250
       5        3.75261        0.00000
       6        4.44097        0.00000
       7        7.81644        0.00000
       8        11.0094        0.00000
       9        11.2373        0.00000
      10        14.7094        0.00000
      11        26.6578        0.00000
      12        28.8846        0.00000
      13        29.6297        0.00000
      14        40.4646        0.00000

 59/130 kpoint (Cartesian) = 0.024894 0.12935 0.0000 (18737 pws)
       1       -21.0312      0.0156250
       2       -10.7069      0.0156250
       3       -8.35156      0.0156250
       4       -8.01016      0.0156250
       5        3.27948        0.00000
       6        4.86177        0.00000
       7        8.17403        0.00000
       8        11.9901        0.00000
       9        12.0202        0.00000
      10        15.2696        0.00000
      11        25.1719        0.00000
      12        28.8295        0.00000
      13        30.0354        0.00000
      14        37.4880        0.00000

 60/130 kpoint (Cartesian) = 0.049789 0.14373 0.0000 (18652 pws)
       1       -20.5927      0.0156250
       2       -11.3702      0.0156250
       3       -9.11933      0.0156250
       4       -7.40413      0.0156250
       5        2.59577        0.00000
       6        5.76045        0.00000
       7        8.65906        0.00000
       8        12.5138        0.00000
       9        13.6008        0.00000
      10        16.4493        0.00000
      11        23.1559        0.00000
      12        29.0221        0.00000
      13        29.3260        0.00000
      14        35.4669        0.00000

 61/130 kpoint (Cartesian) = 0.074683 0.15810 0.0000 (18622 pws)
       1       -20.0816      0.0156250
       2       -11.9710      0.0156250
       3       -10.0057      0.0156250
       4       -6.68313      0.0156250
       5        1.78447        0.00000
       6        7.05621        0.00000
       7        9.10207        0.00000
       8        13.2185        0.00000
       9        15.3954        0.00000
      10        17.8321        0.00000
      11        21.7627        0.00000
      12        27.0088        0.00000
      13        29.3205        0.00000
      14        34.9523        0.00000

 62/130 kpoint (Cartesian) = 0.099577 0.17247 0.0000 (18594 pws)
       1       -19.5624      0.0156250
       2       -12.5018      0.0156250
       3       -10.7923      0.0156250
       4       -5.92293      0.0156250
       5       0.955174        0.00000
       6        8.47747        0.00000
       7        9.52042        0.00000
       8        14.1826        0.00000
       9        16.0308        0.00000
      10        19.1905        0.00000
      11        22.2969        0.00000
      12        25.1164        0.00000
      13        29.0373        0.00000
      14        34.4975        0.00000

 63/130 kpoint (Cartesian) = 0.12447 0.18685 0.0000 (18575 pws)
       1       -19.1466      0.0156250
       2       -12.9210      0.0156250
       3       -11.3046      0.0156250
       4       -5.27684      0.0156250
       5       0.269834        0.00000
       6        9.02854        0.00000
       7        10.7142        0.00000
       8        14.5901        0.00000
       9        15.5683        0.00000
      10        20.6323        0.00000
      11        24.1711        0.00000
      12        24.2488        0.00000
      13        28.3099        0.00000
      14        33.6668        0.00000

 64/130 kpoint (Cartesian) = 0.14937 0.20122 0.0000 (18600 pws)
       1       -18.9816      0.0156250
       2       -13.0926      0.0156250
       3       -11.4756      0.0156250
       4       -5.00411      0.0156250
       5     -0.0156944        0.00000
       6        9.08136        0.00000
       7        11.5948        0.00000
       8        14.3668        0.00000
       9        15.2875        0.00000
      10        21.4667        0.00000
      11        24.0019        0.00000
      12        25.4493        0.00000
      13        27.6408        0.00000
      14        33.1518        0.00000

 65/130 kpoint (Cartesian) = 0.17426 0.21559 0.0000 (18575 pws)
       1       -19.1470      0.0156250
       2       -12.9216      0.0156250
       3       -11.3034      0.0156250
       4       -5.27588      0.0156250
       5       0.267559        0.00000
       6        9.02670        0.00000
       7        10.7210        0.00000
       8        14.5841        0.00000
       9        15.5723        0.00000
      10        20.6309        0.00000
      11        24.1653        0.00000
      12        24.2435        0.00000
      13        28.3122        0.00000
      14        33.6705        0.00000

 66/130 kpoint (Cartesian) = 0.19915 0.22996 0.0000 (18594 pws)
       1       -19.5629      0.0156250
       2       -12.5033      0.0156250
       3       -10.7897      0.0156250
       4       -5.92164      0.0156250
       5       0.951543        0.00000
       6        8.47278        0.00000
       7        9.53107        0.00000
       8        14.1747        0.00000
       9        16.0380        0.00000
      10        19.1876        0.00000
      11        22.2918        0.00000
      12        25.1075        0.00000
      13        29.0391        0.00000
      14        34.5054        0.00000

 67/130 kpoint (Cartesian) = 0.17426 -0.014373 0.0000 (18622 pws)
       1       -20.0822      0.0156250
       2       -11.9735      0.0156250
       3       -10.0018      0.0156250
       4       -6.68193      0.0156250
       5        1.78037        0.00000
       6        7.05448        0.00000
       7        9.11041        0.00000
       8        13.2090        0.00000
       9        15.4001        0.00000
      10        17.8289        0.00000
      11        21.7632        0.00000
      12        26.9994        0.00000
      13        29.3214        0.00000
      14        34.9617        0.00000

 68/130 kpoint (Cartesian) = 0.14937 -0.028745 0.0000 (18652 pws)
       1       -20.5932      0.0156250
       2       -11.3734      0.0156250
       3       -9.11436      0.0156250
       4       -7.40315      0.0156250
       5        2.59189        0.00000
       6        5.75944        0.00000
       7        8.66654        0.00000
       8        12.5028        0.00000
       9        13.6020        0.00000
      10        16.4469        0.00000
      11        23.1626        0.00000
      12        29.0198        0.00000
      13        29.3237        0.00000
      14        35.4695        0.00000

 69/130 kpoint (Cartesian) = 0.12447 -0.043118 0.0000 (18737 pws)
       1       -21.0317      0.0156250
       2       -10.7108      0.0156250
       3       -8.34580      0.0156250
       4       -8.00943      0.0156250
       5        3.27636        0.00000
       6        4.86076        0.00000
       7        8.18048        0.00000
       8        11.9847        0.00000
       9        12.0139        0.00000
      10        15.2682        0.00000
      11        25.1811        0.00000
      12        28.8300        0.00000
      13        30.0388        0.00000
      14        37.4791        0.00000

 70/130 kpoint (Cartesian) = -0.099577 0.057491 0.0000 (18745 pws)
       1       -21.3627      0.0156250
       2       -10.0188      0.0156250
       3       -8.46214      0.0156250
       4       -7.88866      0.0156250
       5        3.75059        0.00000
       6        4.43979        0.00000
       7        7.82208        0.00000
       8        11.0087        0.00000
       9        11.2275        0.00000
      10        14.7079        0.00000
      11        26.6642        0.00000
      12        28.8877        0.00000
      13        29.6351        0.00000
      14        40.4456        0.00000

 71/130 kpoint (Cartesian) = -0.074683 0.071864 0.0000 (18759 pws)
       1       -21.5675      0.0156250
       2       -9.39301      0.0156250
       3       -8.74060      0.0156250
       4       -7.80290      0.0156250
       5        3.99359        0.00000
       6        4.42117        0.00000
       7        7.64828        0.00000
       8        10.3170        0.00000
       9        10.5451        0.00000
      10        14.6828        0.00000
      11        26.8173        0.00000
      12        29.0448        0.00000
      13        29.8045        0.00000
      14        39.6336        0.00000

 72/130 kpoint (Cartesian) = -0.049789 0.086236 0.0000 (18755 pws)
       1       -21.6367      0.0156250
       2       -9.08989      0.0156250
       3       -8.83446      0.0156250
       4       -7.87165      0.0156250
       5        4.06511        0.00000
       6        4.48807        0.00000
       7        7.60876        0.00000
       8        9.89727        0.00000
       9        10.4216        0.00000
      10        14.7427        0.00000
      11        26.7203        0.00000
      12        28.8002        0.00000
      13        30.2675        0.00000
      14        39.2083        0.00000

 73/130 kpoint (Cartesian) = -0.024894 0.10061 0.0000 (18759 pws)
       1       -21.5674      0.0156250
       2       -9.38933      0.0156250
       3       -8.74083      0.0156250
       4       -7.80764      0.0156250
       5        3.99454        0.00000
       6        4.42214        0.00000
       7        7.64400        0.00000
       8        10.3232        0.00000
       9        10.5457        0.00000
      10        14.6842        0.00000
      11        26.8154        0.00000
      12        29.0412        0.00000
      13        29.8004        0.00000
      14        39.6352        0.00000

 74/130 kpoint (Cartesian) = 0.0000 0.14373 0.0000 (18685 pws)
       1       -20.7822      0.0156250
       2       -11.3579      0.0156250
       3       -8.37888      0.0156250
       4       -7.66563      0.0156250
       5        2.79929        0.00000
       6        4.79924        0.00000
       7        8.56037        0.00000
       8        12.9494        0.00000
       9        13.1342        0.00000
      10        15.3785        0.00000
      11        25.3286        0.00000
      12        27.7864        0.00000
      13        30.3419        0.00000
      14        38.8265        0.00000

 75/130 kpoint (Cartesian) = 0.024894 0.15810 0.0000 (18665 pws)
       1       -20.4284      0.0156250
       2       -11.9696      0.0156250
       3       -8.79662      0.0156250
       4       -7.17154      0.0156250
       5        2.17276        0.00000
       6        5.22578        0.00000
       7        9.13923        0.00000
       8        13.7450        0.00000
       9        14.4163        0.00000
      10        16.2614        0.00000
      11        23.9336        0.00000
      12        27.9886        0.00000
      13        29.7590        0.00000
      14        36.3044        0.00000

 76/130 kpoint (Cartesian) = 0.049789 0.17247 0.0000 (18650 pws)
       1       -19.9993      0.0156250
       2       -12.4661      0.0156250
       3       -9.54004      0.0156250
       4       -6.56094      0.0156250
       5        1.48801        0.00000
       6        6.18532        0.00000
       7        9.77984        0.00000
       8        14.0877        0.00000
       9        16.0146        0.00000
      10        17.6313        0.00000
      11        22.3793        0.00000
      12        27.7098        0.00000
      13        28.5407        0.00000
      14        35.0094        0.00000

 77/130 kpoint (Cartesian) = 0.074683 0.18685 0.0000 (18598 pws)
       1       -19.5456      0.0156250
       2       -12.7967      0.0156250
       3       -10.4378      0.0156250
       4       -5.89371      0.0156250
       5       0.826799        0.00000
       6        7.55390        0.00000
       7        10.2872        0.00000
       8        14.5530        0.00000
       9        16.4301        0.00000
      10        19.0444        0.00000
      11        22.4998        0.00000
      12        25.5242        0.00000
      13        28.6700        0.00000
      14        34.3302        0.00000

 78/130 kpoint (Cartesian) = 0.099577 0.20122 0.0000 (18575 pws)
       1       -19.1468      0.0156250
       2       -12.9220      0.0156250
       3       -11.3030      0.0156250
       4       -5.27617      0.0156250
       5       0.268303        0.00000
       6        9.02970        0.00000
       7        10.7140        0.00000
       8        14.5884        0.00000
       9        15.5698        0.00000
      10        20.6298        0.00000
      11        24.1739        0.00000
      12        24.2507        0.00000
      13        28.3085        0.00000
      14        33.6648        0.00000

 79/130 kpoint (Cartesian) = 0.12447 0.21559 0.0000 (18582 pws)
       1       -18.9062      0.0156250
       2       -12.8549      0.0156250
       3       -11.9278      0.0156250
       4       -4.87914      0.0156250
       5     -0.0754666        0.00000
       6        9.81885        0.00000
       7        11.6470        0.00000
       8        13.7434        0.00000
       9        14.8378        0.00000
      10        22.2483        0.00000
      11        23.5361        0.00000
      12        25.9894        0.00000
      13        27.4931        0.00000
      14        33.2482        0.00000

 80/130 kpoint (Cartesian) = 0.14937 0.22996 0.0000 (18582 pws)
       1       -18.9065      0.0156250
       2       -12.8558      0.0156250
       3       -11.9264      0.0156250
       4       -4.87843      0.0156250
       5     -0.0769751        0.00000
       6        9.81777        0.00000
       7        11.6537        0.00000
       8        13.7372        0.00000
       9        14.8398        0.00000
      10        22.2456        0.00000
      11        23.5364        0.00000
      12        25.9872        0.00000
      13        27.4942        0.00000
      14        33.2475        0.00000

 81/130 kpoint (Cartesian) = 0.17426 0.24434 0.0000 (18575 pws)
       1       -19.1474      0.0156250
       2       -12.9237      0.0156250
       3       -11.3003      0.0156250
       4       -5.27455      0.0156250
       5       0.264498        0.00000
       6        9.02905        0.00000
       7        10.7206        0.00000
       8        14.5806        0.00000
       9        15.5754        0.00000
      10        20.6259        0.00000
      11        24.1709        0.00000
      12        24.2473        0.00000
      13        28.3096        0.00000
      14        33.6665        0.00000

 82/130 kpoint (Cartesian) = 0.19915 0.25871 0.0000 (18598 pws)
       1       -19.5464      0.0156250
       2       -12.7987      0.0156250
       3       -10.4342      0.0156250
       4       -5.89193      0.0156250
       5       0.821955        0.00000
       6        7.55474        0.00000
       7        10.2914        0.00000
       8        14.5450        0.00000
       9        16.4380        0.00000
      10        19.0405        0.00000
      11        22.4962        0.00000
      12        25.5187        0.00000
      13        28.6715        0.00000
      14        34.3362        0.00000

 83/130 kpoint (Cartesian) = 0.17426 -0.043118 0.0000 (18650 pws)
       1       -20.0001      0.0156250
       2       -12.4684      0.0156250
       3       -9.53564      0.0156250
       4       -6.55937      0.0156250
       5        1.48308        0.00000
       6        6.18617        0.00000
       7        9.78312        0.00000
       8        14.0794        0.00000
       9        16.0188        0.00000
      10        17.6282        0.00000
      11        22.3814        0.00000
      12        27.7042        0.00000
      13        28.5424        0.00000
      14        35.0158        0.00000

 84/130 kpoint (Cartesian) = 0.14937 -0.057491 0.0000 (18665 pws)
       1       -20.4290      0.0156250
       2       -11.9724      0.0156250
       3       -8.79156      0.0156250
       4       -7.17032      0.0156250
       5        2.16838        0.00000
       6        5.22619        0.00000
       7        9.14193        0.00000
       8        13.7358        0.00000
       9        14.4173        0.00000
      10        16.2600        0.00000
      11        23.9408        0.00000
      12        27.9906        0.00000
      13        29.7590        0.00000
      14        36.3034        0.00000

 85/130 kpoint (Cartesian) = -0.12447 0.071864 0.0000 (18685 pws)
       1       -20.7827      0.0156250
       2       -11.3611      0.0156250
       3       -8.37354      0.0156250
       4       -7.66477      0.0156250
       5        2.79590        0.00000
       6        4.79912        0.00000
       7        8.56301        0.00000
       8        12.9493        0.00000
       9        13.1250        0.00000
      10        15.3782        0.00000
      11        25.3367        0.00000
      12        27.7888        0.00000
      13        30.3484        0.00000
      14        38.8062        0.00000

 86/130 kpoint (Cartesian) = -0.099577 0.086236 0.0000 (18737 pws)
       1       -21.0318      0.0156250
       2       -10.7114      0.0156250
       3       -8.34488      0.0156250
       4       -8.00921      0.0156250
       5        3.27536        0.00000
       6        4.86023        0.00000
       7        8.18408        0.00000
       8        11.9819        0.00000
       9        12.0120        0.00000
      10        15.2680        0.00000
      11        25.1858        0.00000
      12        28.8270        0.00000
      13        30.0354        0.00000
      14        37.4755        0.00000

 87/130 kpoint (Cartesian) = -0.074683 0.10061 0.0000 (18704 pws)
       1       -21.1600      0.0156250
       2       -10.1967      0.0156250
       3       -8.54284      0.0156250
       4       -8.18550      0.0156250
       5        3.53323        0.00000
       6        5.09994        0.00000
       7        8.04007        0.00000
       8        11.0833        0.00000
       9        11.5628        0.00000
      10        15.3769        0.00000
      11        24.7525        0.00000
      12        29.5150        0.00000
      13        29.8379        0.00000
      14        36.6328        0.00000

 88/130 kpoint (Cartesian) = -0.049789 0.11498 0.0000 (18704 pws)
       1       -21.1599      0.0156250
       2       -10.1949      0.0156250
       3       -8.54527      0.0156250
       4       -8.18567      0.0156250
       5        3.53394        0.00000
       6        5.10028        0.00000
       7        8.03844        0.00000
       8        11.0860        0.00000
       9        11.5630        0.00000
      10        15.3775        0.00000
      11        24.7510        0.00000
      12        29.5126        0.00000
      13        29.8359        0.00000
      14        36.6346        0.00000

 89/130 kpoint (Cartesian) = -0.024894 0.12935 0.0000 (18737 pws)
       1       -21.0315      0.0156250
       2       -10.7081      0.0156250
       3       -8.34971      0.0156250
       4       -8.00972      0.0156250
       5        3.27747        0.00000
       6        4.86071        0.00000
       7        8.18124        0.00000
       8        11.9860        0.00000
       9        12.0149        0.00000
      10        15.2690        0.00000
      11        25.1814        0.00000
      12        28.8233        0.00000
      13        30.0286        0.00000
      14        37.4808        0.00000

 90/130 kpoint (Cartesian) = 0.0000 0.17247 0.0000 (18669 pws)
       1       -20.1711      0.0156250
       2       -12.5584      0.0156250
       3       -8.75379      0.0156250
       4       -6.80374      0.0156250
       5        1.60539        0.00000
       6        5.02612        0.00000
       7        9.81863        0.00000
       8        14.9425        0.00000
       9        15.7046        0.00000
      10        16.3707        0.00000
      11        24.2745        0.00000
      12        26.9582        0.00000
      13        29.8694        0.00000
      14        37.1601        0.00000

 91/130 kpoint (Cartesian) = 0.024894 0.18685 0.0000 (18644 pws)
       1       -19.8484      0.0156250
       2       -13.0201      0.0156250
       3       -9.11009      0.0156250
       4       -6.33515      0.0156250
       5        1.02414        0.00000
       6        5.40379        0.00000
       7        10.5625        0.00000
       8        15.3406        0.00000
       9        17.1159        0.00000
      10        17.3812        0.00000
      11        23.2449        0.00000
      12        27.2415        0.00000
      13        28.7467        0.00000
      14        35.3869        0.00000

 92/130 kpoint (Cartesian) = 0.049789 0.20122 0.0000 (18631 pws)
       1       -19.5038      0.0156250
       2       -13.2873      0.0156250
       3       -9.79731      0.0156250
       4       -5.82136      0.0156250
       5       0.527707        0.00000
       6        6.34479        0.00000
       7        11.1648        0.00000
       8        15.4437        0.00000
       9        17.4911        0.00000
      10        18.6771        0.00000
      11        22.9589        0.00000
      12        26.6529        0.00000
      13        27.7128        0.00000
      14        34.1923        0.00000

 93/130 kpoint (Cartesian) = 0.074683 0.21559 0.0000 (18585 pws)
       1       -19.1951      0.0156250
       2       -13.3127      0.0156250
       3       -10.6487      0.0156250
       4       -5.34452      0.0156250
       5       0.175505        0.00000
       6        7.67604        0.00000
       7        11.4819        0.00000
       8        15.2010        0.00000
       9        16.4236        0.00000
      10        20.0544        0.00000
      11        24.1654        0.00000
      12        24.9725        0.00000
      13        27.8026        0.00000
      14        33.4158        0.00000

 94/130 kpoint (Cartesian) = 0.099577 0.22996 0.0000 (18600 pws)
       1       -18.9821      0.0156250
       2       -13.0941      0.0156250
       3       -11.4731      0.0156250
       4       -5.00268      0.0156250
       5     -0.0187834        0.00000
       6        9.08226        0.00000
       7        11.5987        0.00000
       8        14.3605        0.00000
       9        15.2910        0.00000
      10        21.4617        0.00000
      11        24.0064        0.00000
      12        25.4498        0.00000
      13        27.6390        0.00000
      14        33.1487        0.00000

 95/130 kpoint (Cartesian) = 0.12447 0.24434 0.0000 (18582 pws)
       1       -18.9067      0.0156250
       2       -12.8568      0.0156250
       3       -11.9250      0.0156250
       4       -4.87771      0.0156250
       5     -0.0784862        0.00000
       6        9.81665        0.00000
       7        11.6604        0.00000
       8        13.7309        0.00000
       9        14.8417        0.00000
      10        22.2430        0.00000
      11        23.5368        0.00000
      12        25.9850        0.00000
      13        27.4953        0.00000
      14        33.2469        0.00000

 96/130 kpoint (Cartesian) = 0.14937 0.25871 0.0000 (18600 pws)
       1       -18.9826      0.0156250
       2       -13.0957      0.0156250
       3       -11.4707      0.0156250
       4       -5.00124      0.0156250
       5     -0.0218679        0.00000
       6        9.08323        0.00000
       7        11.6026        0.00000
       8        14.3541        0.00000
       9        15.2945        0.00000
      10        21.4567        0.00000
      11        24.0110        0.00000
      12        25.4502        0.00000
      13        27.6371        0.00000
      14        33.1456        0.00000

 97/130 kpoint (Cartesian) = 0.17426 0.27308 0.0000 (18585 pws)
       1       -19.1958      0.0156250
       2       -13.3144      0.0156250
       3       -10.6453      0.0156250
       4       -5.34230      0.0156250
       5       0.170446        0.00000
       6        7.67781        0.00000
       7        11.4844        0.00000
       8        15.1937        0.00000
       9        16.4302        0.00000
      10        20.0501        0.00000
      11        24.1638        0.00000
      12        24.9745        0.00000
      13        27.8023        0.00000
      14        33.4151        0.00000

 98/130 kpoint (Cartesian) = 0.19915 0.28745 0.0000 (18631 pws)
       1       -19.5047      0.0156250
       2       -13.2891      0.0156250
       3       -9.79325      0.0156250
       4       -5.81907      0.0156250
       5       0.521977        0.00000
       6        6.34650        0.00000
       7        11.1660        0.00000
       8        15.4364        0.00000
       9        17.4988        0.00000
      10        18.6739        0.00000
      11        22.9569        0.00000
      12        26.6519        0.00000
      13        27.7146        0.00000
      14        34.1953        0.00000

 99/130 kpoint (Cartesian) = 0.17426 -0.071864 0.0000 (18644 pws)
       1       -19.8492      0.0156250
       2       -13.0222      0.0156250
       3       -9.10545      0.0156250
       4       -6.33319      0.0156250
       5        1.01866        0.00000
       6        5.40510        0.00000
       7        10.5628        0.00000
       8        15.3328        0.00000
       9        17.1193        0.00000
      10        17.3799        0.00000
      11        23.2481        0.00000
      12        27.2445        0.00000
      13        28.7466        0.00000
      14        35.3898        0.00000

 100/130 kpoint (Cartesian) = -0.14937 0.086236 0.0000 (18669 pws)
       1       -20.1718      0.0156250
       2       -12.5608      0.0156250
       3       -8.74886      0.0156250
       4       -6.80226      0.0156250
       5        1.60073        0.00000
       6        5.02696        0.00000
       7        9.81894        0.00000
       8        14.9336        0.00000
       9        15.7054        0.00000
      10        16.3711        0.00000
      11        24.2823        0.00000
      12        26.9601        0.00000
      13        29.8751        0.00000
      14        37.1642        0.00000

 101/130 kpoint (Cartesian) = -0.12447 0.10061 0.0000 (18665 pws)
       1       -20.4292      0.0156250
       2       -11.9725      0.0156250
       3       -8.79116      0.0156250
       4       -7.17007      0.0156250
       5        2.16741        0.00000
       6        5.22615        0.00000
       7        9.14377        0.00000
       8        13.7328        0.00000
       9        14.4183        0.00000
      10        16.2598        0.00000
      11        23.9413        0.00000
      12        27.9905        0.00000
      13        29.7506        0.00000
      14        36.3077        0.00000

 102/130 kpoint (Cartesian) = -0.099577 0.11498 0.0000 (18652 pws)
       1       -20.5935      0.0156250
       2       -11.3743      0.0156250
       3       -9.11283      0.0156250
       4       -7.40266      0.0156250
       5        2.58982        0.00000
       6        5.75836        0.00000
       7        8.67279        0.00000
       8        12.4954        0.00000
       9        13.6034        0.00000
      10        16.4457        0.00000
      11        23.1656        0.00000
      12        29.0134        0.00000
      13        29.3180        0.00000
      14        35.4754        0.00000

 103/130 kpoint (Cartesian) = -0.074683 0.12935 0.0000 (18677 pws)
       1       -20.6498      0.0156250
       2       -11.0642      0.0156250
       3       -9.34366      0.0156250
       4       -7.48219      0.0156250
       5        2.74822        0.00000
       6        6.07432        0.00000
       7        8.49444        0.00000
       8        11.9568        0.00000
       9        13.3302        0.00000
      10        16.5414        0.00000
      11        22.8389        0.00000
      12        28.8217        0.00000
      13        29.6585        0.00000
      14        35.2087        0.00000

 104/130 kpoint (Cartesian) = -0.049789 0.14373 0.0000 (18652 pws)
       1       -20.5933      0.0156250
       2       -11.3720      0.0156250
       3       -9.11628      0.0156250
       4       -7.40314      0.0156250
       5        2.59164        0.00000
       6        5.75829        0.00000
       7        8.67157        0.00000
       8        12.4990        0.00000
       9        13.6037        0.00000
      10        16.4470        0.00000
      11        23.1620        0.00000
      12        29.0095        0.00000
      13        29.3146        0.00000
      14        35.4788        0.00000

 105/130 kpoint (Cartesian) = -0.024894 0.15810 0.0000 (18665 pws)
       1       -20.4287      0.0156250
       2       -11.9699      0.0156250
       3       -8.79583      0.0156250
       4       -7.17104      0.0156250
       5        2.17083        0.00000
       6        5.22570        0.00000
       7        9.14292        0.00000
       8        13.7389        0.00000
       9        14.4184        0.00000
      10        16.2610        0.00000
      11        23.9346        0.00000
      12        27.9883        0.00000
      13        29.7422        0.00000
      14        36.3130        0.00000

 106/130 kpoint (Cartesian) = 0.0000 0.20122 0.0000 (18611 pws)
       1       -19.6560      0.0156250
       2       -13.4437      0.0156250
       3       -8.98924      0.0156250
       4       -6.04402      0.0156250
       5       0.561685        0.00000
       6        5.11349        0.00000
       7        11.2938        0.00000
       8        16.3212        0.00000
       9        17.4201        0.00000
      10        18.3866        0.00000
      11        23.4777        0.00000
      12        26.4480        0.00000
      13        29.1193        0.00000
      14        35.7859        0.00000

 107/130 kpoint (Cartesian) = 0.024894 0.21559 0.0000 (18599 pws)
       1       -19.4602      0.0156250
       2       -13.6524      0.0156250
       3       -9.27142      0.0156250
       4       -5.74509      0.0156250
       5       0.238938        0.00000
       6        5.45805        0.00000
       7        11.7769        0.00000
       8        16.3835        0.00000
       9        18.2305        0.00000
      10        18.8306        0.00000
      11        23.2177        0.00000
      12        26.6668        0.00000
      13        28.1120        0.00000
      14        34.5738        0.00000

 108/130 kpoint (Cartesian) = 0.049789 0.22996 0.0000 (18596 pws)
       1       -19.2995      0.0156250
       2       -13.6041      0.0156250
       3       -9.88372      0.0156250
       4       -5.49958      0.0156250
       5       0.121551        0.00000
       6        6.37813        0.00000
       7        11.8526        0.00000
       8        15.9511        0.00000
       9        17.7885        0.00000
      10        19.1859        0.00000
      11        23.7513        0.00000
      12        26.3659        0.00000
      13        27.1611        0.00000
      14        33.6640        0.00000

 109/130 kpoint (Cartesian) = 0.074683 0.24434 0.0000 (18585 pws)
       1       -19.1954      0.0156250
       2       -13.3127      0.0156250
       3       -10.6482      0.0156250
       4       -5.34376      0.0156250
       5       0.173724        0.00000
       6        7.67592        0.00000
       7        11.4862        0.00000
       8        15.1956        0.00000
       9        16.4281        0.00000
      10        20.0549        0.00000
      11        24.1570        0.00000
      12        24.9618        0.00000
      13        27.8079        0.00000
      14        33.4226        0.00000

 110/130 kpoint (Cartesian) = 0.099577 0.25871 0.0000 (18575 pws)
       1       -19.1476      0.0156250
       2       -12.9232      0.0156250
       3       -11.3006      0.0156250
       4       -5.27425      0.0156250
       5       0.263748        0.00000
       6        9.02597        0.00000
       7        10.7277        0.00000
       8        14.5764        0.00000
       9        15.5779        0.00000
      10        20.6271        0.00000
      11        24.1623        0.00000
      12        24.2401        0.00000
      13        28.3133        0.00000
      14        33.6722        0.00000

 111/130 kpoint (Cartesian) = 0.12447 0.27308 0.0000 (18575 pws)
       1       -19.1478      0.0156250
       2       -12.9242      0.0156250
       3       -11.2991      0.0156250
       4       -5.27359      0.0156250
       5       0.262219        0.00000
       6        9.02716        0.00000
       7        10.7275        0.00000
       8        14.5747        0.00000
       9        15.5795        0.00000
      10        20.6246        0.00000
      11        24.1651        0.00000
      12        24.2419        0.00000
      13        28.3119        0.00000
      14        33.6702        0.00000

 112/130 kpoint (Cartesian) = 0.14937 0.28745 0.0000 (18585 pws)
       1       -19.1960      0.0156250
       2       -13.3144      0.0156250
       3       -10.6451      0.0156250
       4       -5.34192      0.0156250
       5       0.169555        0.00000
       6        7.67775        0.00000
       7        11.4866        0.00000
       8        15.1910        0.00000
       9        16.4325        0.00000
      10        20.0503        0.00000
      11        24.1596        0.00000
      12        24.9691        0.00000
      13        27.8050        0.00000
      14        33.4186        0.00000

 113/130 kpoint (Cartesian) = 0.17426 0.30183 0.0000 (18596 pws)
       1       -19.3004      0.0156250
       2       -13.6057      0.0156250
       3       -9.87982      0.0156250
       4       -5.49701      0.0156250
       5       0.115754        0.00000
       6        6.37996        0.00000
       7        11.8527        0.00000
       8        15.9449        0.00000
       9        17.7952        0.00000
      10        19.1825        0.00000
      11        23.7526        0.00000
      12        26.3726        0.00000
      13        27.1600        0.00000
      14        33.6610        0.00000

 114/130 kpoint (Cartesian) = 0.19915 0.31620 0.0000 (18599 pws)
       1       -19.4612      0.0156250
       2       -13.6540      0.0156250
       3       -9.26698      0.0156250
       4       -5.74239      0.0156250
       5       0.232655        0.00000
       6        5.45962        0.00000
       7        11.7763        0.00000
       8        16.3761        0.00000
       9        18.2293        0.00000
      10        18.8376        0.00000
      11        23.2178        0.00000
      12        26.6688        0.00000
      13        28.1172        0.00000
      14        34.5737        0.00000

 115/130 kpoint (Cartesian) = -0.17426 0.10061 0.0000 (18611 pws)
       1       -19.6569      0.0156250
       2       -13.4455      0.0156250
       3       -8.98455      0.0156250
       4       -6.04169      0.0156250
       5       0.555836        0.00000
       6        5.11481        0.00000
       7        11.2929        0.00000
       8        16.3125        0.00000
       9        17.4208        0.00000
      10        18.3900        0.00000
      11        23.4827        0.00000
      12        26.4496        0.00000
      13        29.1265        0.00000
      14        35.7892        0.00000

 116/130 kpoint (Cartesian) = -0.14937 0.11498 0.0000 (18644 pws)
       1       -19.8494      0.0156250
       2       -13.0221      0.0156250
       3       -9.10529      0.0156250
       4       -6.33295      0.0156250
       5        1.01794        0.00000
       6        5.40523        0.00000
       7        10.5639        0.00000
       8        15.3305        0.00000
       9        17.1217        0.00000
      10        17.3806        0.00000
      11        23.2437        0.00000
      12        27.2473        0.00000
      13        28.7373        0.00000
      14        35.3969        0.00000

 117/130 kpoint (Cartesian) = -0.12447 0.12935 0.0000 (18650 pws)
       1       -20.0004      0.0156250
       2       -12.4686      0.0156250
       3       -9.53499      0.0156250
       4       -6.55883      0.0156250
       5        1.48132        0.00000
       6        6.18602        0.00000
       7        9.78654        0.00000
       8        14.0747        0.00000
       9        16.0226        0.00000
      10        17.6275        0.00000
      11        22.3780        0.00000
      12        27.6912        0.00000
      13        28.5439        0.00000
      14        35.0256        0.00000

 118/130 kpoint (Cartesian) = -0.099577 0.14373 0.0000 (18622 pws)
       1       -20.0826      0.0156250
       2       -11.9746      0.0156250
       3       -9.99970      0.0156250
       4       -6.68107      0.0156250
       5        1.77738        0.00000
       6        7.05226        0.00000
       7        9.11871        0.00000
       8        13.2009        0.00000
       9        15.4047        0.00000
      10        17.8267        0.00000
      11        21.7619        0.00000
      12        26.9871        0.00000
      13        29.3222        0.00000
      14        34.9721        0.00000

 119/130 kpoint (Cartesian) = -0.074683 0.15810 0.0000 (18622 pws)
       1       -20.0825      0.0156250
       2       -11.9734      0.0156250
       3       -10.0015      0.0156250
       4       -6.68141      0.0156250
       5        1.77851        0.00000
       6        7.05179        0.00000
       7        9.11870        0.00000
       8        13.2022        0.00000
       9        15.4046        0.00000
      10        17.8278        0.00000
      11        21.7599        0.00000
      12        26.9843        0.00000
      13        29.3222        0.00000
      14        34.9731        0.00000

 120/130 kpoint (Cartesian) = -0.049789 0.17247 0.0000 (18650 pws)
       1       -19.9999      0.0156250
       2       -12.4664      0.0156250
       3       -9.53875      0.0156250
       4       -6.55987      0.0156250
       5        1.48449        0.00000
       6        6.18504        0.00000
       7        9.78672        0.00000
       8        14.0781        0.00000
       9        16.0222        0.00000
      10        17.6301        0.00000
      11        22.3725        0.00000
      12        27.6838        0.00000
      13        28.5437        0.00000
      14        35.0290        0.00000

 121/130 kpoint (Cartesian) = -0.024894 0.18685 0.0000 (18644 pws)
       1       -19.8486      0.0156250
       2       -13.0201      0.0156250
       3       -9.10979      0.0156250
       4       -6.33467      0.0156250
       5        1.02271        0.00000
       6        5.40406        0.00000
       7        10.5645        0.00000
       8        15.3359        0.00000
       9        17.1206        0.00000
      10        17.3825        0.00000
      11        23.2361        0.00000
      12        27.2471        0.00000
      13        28.7281        0.00000
      14        35.4010        0.00000

 122/130 kpoint (Cartesian) = 0.0000 0.22996 0.0000 (18582 pws)
       1       -19.4416     0.00781250
       2       -13.7842     0.00781250
       3       -9.06937     0.00781250
       4       -5.71220     0.00781250
       5       0.121650        0.00000
       6        5.13193        0.00000
       7        12.0018        0.00000
       8        16.8530        0.00000
       9        17.9623        0.00000
      10        19.5780        0.00000
      11        23.0953        0.00000
      12        26.2763        0.00000
      13        28.8439        0.00000
      14        35.2508        0.00000

 123/130 kpoint (Cartesian) = 0.024894 0.24434 0.0000 (18599 pws)
       1       -19.4603      0.0156250
       2       -13.6523      0.0156250
       3       -9.27135      0.0156250
       4       -5.74487      0.0156250
       5       0.238387        0.00000
       6        5.45818        0.00000
       7        11.7778        0.00000
       8        16.3808        0.00000
       9        18.2320        0.00000
      10        18.8348        0.00000
      11        23.2092        0.00000
      12        26.6718        0.00000
      13        28.1030        0.00000
      14        34.5807        0.00000

 124/130 kpoint (Cartesian) = 0.049789 0.25871 0.0000 (18631 pws)
       1       -19.5042      0.0156250
       2       -13.2872      0.0156250
       3       -9.79685      0.0156250
       4       -5.82054      0.0156250
       5       0.525575        0.00000
       6        6.34503        0.00000
       7        11.1687        0.00000
       8        15.4369        0.00000
       9        17.4999        0.00000
      10        18.6784        0.00000
      11        22.9449        0.00000
      12        26.6328        0.00000
      13        27.7202        0.00000
      14        34.2066        0.00000

 125/130 kpoint (Cartesian) = 0.074683 0.27308 0.0000 (18598 pws)
       1       -19.5464      0.0156250
       2       -12.7973      0.0156250
       3       -10.4360      0.0156250
       4       -5.89209      0.0156250
       5       0.822270        0.00000
       6        7.55265        0.00000
       7        10.2972        0.00000
       8        14.5413        0.00000
       9        16.4422        0.00000
      10        19.0427        0.00000
      11        22.4868        0.00000
      12        25.5018        0.00000
      13        28.6755        0.00000
      14        34.3470        0.00000

 126/130 kpoint (Cartesian) = 0.099577 0.28745 0.0000 (18594 pws)
       1       -19.5635      0.0156250
       2       -12.5048      0.0156250
       3       -10.7871      0.0156250
       4       -5.92036      0.0156250
       5       0.947907        0.00000
       6        8.46810        0.00000
       7        9.54167        0.00000
       8        14.1670        0.00000
       9        16.0453        0.00000
      10        19.1846        0.00000
      11        22.2866        0.00000
      12        25.0985        0.00000
      13        29.0408        0.00000
      14        34.5134        0.00000

 127/130 kpoint (Cartesian) = 0.12447 0.30183 0.0000 (18598 pws)
       1       -19.5468      0.0156250
       2       -12.7989      0.0156250
       3       -10.4333      0.0156250
       4       -5.89111      0.0156250
       5       0.819689        0.00000
       6        7.55410        0.00000
       7        10.2965        0.00000
       8        14.5392        0.00000
       9        16.4440        0.00000
      10        19.0396        0.00000
      11        22.4897        0.00000
      12        25.5075        0.00000
      13        28.6742        0.00000
      14        34.3446        0.00000

 128/130 kpoint (Cartesian) = 0.14937 0.31620 0.0000 (18631 pws)
       1       -19.5049      0.0156250
       2       -13.2890      0.0156250
       3       -9.79302      0.0156250
       4       -5.81866      0.0156250
       5       0.520910        0.00000
       6        6.34662        0.00000
       7        11.1679        0.00000
       8        15.4331        0.00000
       9        17.5032        0.00000
      10        18.6746        0.00000
      11        22.9499        0.00000
      12        26.6419        0.00000
      13        27.7184        0.00000
      14        34.2024        0.00000

 129/130 kpoint (Cartesian) = 0.17426 0.33057 0.0000 (18599 pws)
       1       -19.4613      0.0156250
       2       -13.6540      0.0156250
       3       -9.26694      0.0156250
       4       -5.74228      0.0156250
       5       0.232380        0.00000
       6        5.45968        0.00000
       7        11.7767        0.00000
       8        16.3747        0.00000
       9        18.2300        0.00000
      10        18.8397        0.00000
      11        23.2135        0.00000
      12        26.6713        0.00000
      13        28.1127        0.00000
      14        34.5772        0.00000

 130/130 kpoint (Cartesian) = 0.19915 0.34495 0.0000 (18582 pws)
       1       -19.4427     0.00781250
       2       -13.7858     0.00781250
       3       -9.06476     0.00781250
       4       -5.70933     0.00781250
       5       0.115171        0.00000
       6        5.13338        0.00000
       7        12.0005        0.00000
       8        16.8445        0.00000
       9        17.9629        0.00000
      10        19.5846        0.00000
      11        23.0969        0.00000
      12        26.2778        0.00000
      13        28.8532        0.00000
      14        35.2538        0.00000


 Warning_Memory_Consuming allocated:  ORB::Jl(x) 737.494 MB
 correction force for each atom along direction 1 is 2.28608e-07
 correction force for each atom along direction 2 is -8.89105e-09
 correction force for each atom along direction 3 is 4.35284e-08
------------------------------------------------------------------------------------------
 TOTAL-FORCE (eV/Angstrom)                                                                
------------------------------------------------------------------------------------------
                        N1        -0.0363467668         0.0000469069        -0.1611369486 
                        B1         0.0363467668        -0.0000469069         0.1611369486 
------------------------------------------------------------------------------------------



 --------------------------------------------
 !FINAL_ETOT_IS -364.7209074716867 eV
 --------------------------------------------


TIME STATISTICS
------------------------------------------------------------------------------------
    CLASS_NAME                    NAME                TIME/s  CALLS   AVG/s  PER/%  
------------------------------------------------------------------------------------
                   total                              13.59  13       1.05   100.00 
 Driver            reading                            0.03   1        0.03   0.20   
 Input_Conv        Convert                            0.00   1        0.00   0.01   
 Driver            driver_line                        13.56  1        13.56  99.80  
 UnitCell          check_tau                          0.00   1        0.00   0.00   
 ESolver_KS_LCAO   before_all_runners                 0.53   1        0.53   3.88   
 PW_Basis_Sup      setuptransform                     0.01   1        0.01   0.04   
 PW_Basis_Sup      distributeg                        0.00   1        0.00   0.02   
 mymath            heapsort                           0.01   4        0.00   0.11   
 Charge_Mixing     init_mixing                        0.00   1        0.00   0.00   
 Symmetry          analy_sys                          0.03   1        0.03   0.20   
 PW_Basis_K        setuptransform                     0.09   1        0.09   0.68   
 PW_Basis_K        distributeg                        0.00   1        0.00   0.01   
 PW_Basis          setup_struc_factor                 0.01   1        0.01   0.06   
 NOrbital_Lm       extra_uniform                      0.77   181      0.00   5.69   
 Mathzone_Add1     SplineD2                           0.00   181      0.00   0.02   
 Mathzone_Add1     Cubic_Spline_Interpolation         0.00   181      0.00   0.03   
 Mathzone_Add1     Uni_Deriv_Phi                      0.75   181      0.00   5.55   
 ppcell_vl         init_vloc                          0.01   1        0.01   0.07   
 Ions              opt_ions                           13.02  1        13.02  95.80  
 ESolver_KS_LCAO   runner                             12.63  1        12.63  92.97  
 ESolver_KS_LCAO   before_scf                         0.17   1        0.17   1.23   
 atom_arrange      search                             0.00   1        0.00   0.00   
 atom_arrange      grid_d.init                        0.00   1        0.00   0.00   
 Grid              Construct_Adjacent_expand          0.00   1        0.00   0.00   
 Grid              Construct_Adjacent_expand_periodic 0.00   2        0.00   0.00   
 Grid_Technique    init                               0.05   1        0.05   0.40   
 Grid_BigCell      grid_expansion_index               0.01   2        0.01   0.09   
 Grid_Driver       Find_atom                          0.00   12       0.00   0.00   
 Record_adj        for_2d                             0.00   1        0.00   0.00   
 LCAO_domain       grid_prepare                       0.00   1        0.00   0.00   
 Veff              initialize_HR                      0.00   1        0.00   0.00   
 OverlapNew        initialize_SR                      0.00   1        0.00   0.00   
 EkineticNew       initialize_HR                      0.00   1        0.00   0.00   
 NonlocalNew       initialize_HR                      0.00   1        0.00   0.01   
 Charge            set_rho_core                       0.01   1        0.01   0.09   
 PW_Basis_Sup      recip2real                         0.21   167      0.00   1.51   
 PW_Basis_Sup      gathers_scatterp                   0.04   167      0.00   0.29   
 ModuleIO          read_rhog                          0.02   1        0.02   0.15   
 Potential         init_pot                           0.04   1        0.04   0.27   
 Potential         update_from_charge                 0.72   23       0.03   5.31   
 Potential         cal_fixed_v                        0.00   1        0.00   0.02   
 PotLocal          cal_fixed_v                        0.00   1        0.00   0.02   
 Potential         cal_v_eff                          0.70   23       0.03   5.18   
 H_Hartree_pw      v_hartree                          0.10   23       0.00   0.76   
 PW_Basis_Sup      real2recip                         0.21   192      0.00   1.52   
 PW_Basis_Sup      gatherp_scatters                   0.03   192      0.00   0.20   
 PotXC             cal_v_eff                          0.57   23       0.02   4.23   
 XC_Functional     v_xc                               0.58   24       0.02   4.28   
 Potential         interpolate_vrs                    0.01   23       0.00   0.11   
 Symmetry          rhog_symmetry                      0.47   23       0.02   3.48   
 Symmetry          group fft grids                    0.35   23       0.02   2.54   
 H_Ewald_pw        compute_ewald                      0.01   1        0.01   0.05   
 HSolverLCAO       solve                              7.34   22       0.33   54.05  
 HamiltLCAO        updateHk                           1.83   2860     0.00   13.44  
 OperatorLCAO      init                               1.72   8580     0.00   12.68  
 Veff              contributeHR                       1.56   22       0.07   11.45  
 Gint_interface    cal_gint                           3.50   45       0.08   25.72  
 Gint_interface    cal_gint_vlocal                    1.51   22       0.07   11.15  
 Gint_Tools        cal_psir_ylm                       1.36   3009     0.00   9.99   
 Gint_k            transfer_pvpR                      0.00   22       0.00   0.03   
 OverlapNew        calculate_SR                       0.03   1        0.03   0.25   
 OverlapNew        contributeHk                       0.06   2860     0.00   0.48   
 EkineticNew       contributeHR                       0.05   22       0.00   0.39   
 EkineticNew       calculate_HR                       0.05   1        0.05   0.39   
 NonlocalNew       contributeHR                       0.05   22       0.00   0.38   
 NonlocalNew       calculate_HR                       0.05   1        0.05   0.36   
 OperatorLCAO      contributeHk                       0.06   2860     0.00   0.42   
 HSolverLCAO       hamiltSolvePsiK                    3.61   2860     0.00   26.54  
 DiagoElpa         elpa_solve                         2.97   2860     0.00   21.85  
 elecstate         cal_dm                             0.04   23       0.00   0.27   
 psiMulPsiMpi      pdgemm                             0.02   2990     0.00   0.15   
 DensityMatrix     cal_DMR                            0.03   23       0.00   0.19   
 ElecStateLCAO     psiToRho                           1.84   22       0.08   13.57  
 Gint              transfer_DMR                       0.01   22       0.00   0.04   
 Gint_interface    cal_gint_rho                       1.78   22       0.08   13.14  
 Charge_Mixing     get_drho                           0.01   22       0.00   0.05   
 Charge            mix_rho                            0.15   21       0.01   1.12   
 Charge            Broyden_mixing                     0.02   21       0.00   0.17   
 ModuleIO          write_rhog                         0.03   1        0.03   0.24   
 ESolver_KS_LCAO   after_scf                          3.51   1        3.51   25.85  
 Charge            atomic_rho                         0.02   1        0.02   0.12   
 ModuleIO          output_HSR                         0.24   1        0.24   1.78   
 ModuleIO          save_HSR_sparse                    0.23   1        0.23   1.68   
 cal_r_overlap_R   init                               2.64   1        2.64   19.41  
 ORB_gaunt_table   init_Gaunt_CH                      0.00   1        0.00   0.01   
 ORB_gaunt_table   Calc_Gaunt_CH                      0.00   601      0.00   0.00   
 ORB_gaunt_table   init_Gaunt                         0.00   1        0.00   0.02   
 ORB_gaunt_table   Get_Gaunt_SH                       0.00   6272     0.00   0.01   
 Center2_Orb       cal_ST_Phi12_R                     0.93   384      0.00   6.85   
 cal_r_overlap_R   out_rR_other                       0.42   1        0.42   3.07   
 ESolver_KS_LCAO   cal_force                          0.38   1        0.38   2.82   
 Force_Stress_LCAO getForceStress                     0.38   1        0.38   2.82   
 Forces            cal_force_loc                      0.01   1        0.01   0.09   
 Forces            cal_force_ew                       0.01   1        0.01   0.04   
 Forces            cal_force_cc                       0.04   1        0.04   0.29   
 Forces            cal_force_scc                      0.01   1        0.01   0.06   
 Force_LCAO        ftable                             0.28   1        0.28   2.05   
 Force_LCAO        allocate                           0.11   1        0.11   0.84   
 LCAO_domain       build_ST_new                       0.11   2        0.06   0.84   
 Force_LCAO        cal_pulay_fs_center2               0.00   2        0.00   0.01   
 Gint_interface    cal_gint_force                     0.16   1        0.16   1.18   
 Gint_Tools        cal_dpsir_ylm                      0.04   69       0.00   0.27   
 NonlocalNew       cal_force_stress                   0.04   1        0.04   0.30   
 ESolver_KS_LCAO   after_all_runners                  0.01   1        0.01   0.04   
 ModuleIO          write_istate_info                  0.01   1        0.01   0.04   
------------------------------------------------------------------------------------


 NAME-------------------------|MEMORY(MB)--------
                         total          857.4
                    ORB::Jl(x)          737.5
                  PW_B_K::gcar          55.86
                   PW_B_K::gk2          18.62
                  SF::strucFac          4.544
                      Chg::rho          2.930
                 Chg::rho_save          2.930
                 Chg::rho_core          2.930
                 Pot::veff_fix          2.930
                     Pot::veff          2.930
              Pot::veff_smooth          2.930
       TwoCenterTable: Kinetic          2.152
       TwoCenterTable: Overlap          2.152
      TwoCenterTable: Nonlocal          1.599
               GT::ind_bigcell          1.575
         GT::in_this_processor          1.575
              GT::index2normal          1.575
               GT::index2ucell          1.575
            DensityMatrix::DMK          1.341
                     Chg::rhog          1.136
                Chg::rhog_save          1.136
                Chg::rhog_core          1.136
                   Force::dS_K          1.099
                  Force::dTVNL          1.099
 -------------   < 1.0 MB has been ignored ----------------
 ----------------------------------------------------------

 Start  Time  : Fri Sep  4 16:32:12 2026
 Finish Time  : Fri Sep  4 16:32:25 2026
 Total  Time  : 0 h 0 mins 13 secs 
