# frequency_cm-1 intensity_normalized
0.000000000000000000e+00 5.153793716098398507e-04
1.519999999999999962e-01 5.164105693208260756e-04
3.039999999999999925e-01 5.174455244603066214e-04
4.559999999999999609e-01 5.184842572486705447e-04
6.079999999999999849e-01 5.195267880486446497e-04
7.600000000000000089e-01 5.205731373665187451e-04
9.119999999999999218e-01 5.216233258533828267e-04
1.064000000000000057e+00 5.226773743063786812e-04
1.215999999999999970e+00 5.237353036699620053e-04
1.367999999999999883e+00 5.247971350371781864e-04
1.520000000000000018e+00 5.258628896509519616e-04
1.671999999999999931e+00 5.269325889053884599e-04
1.823999999999999844e+00 5.280062543470890983e-04
1.975999999999999979e+00 5.290839076764801635e-04
2.128000000000000114e+00 5.301655707491554877e-04
2.279999999999999805e+00 5.312512655772319179e-04
2.431999999999999940e+00 5.323410143307200732e-04
2.584000000000000075e+00 5.334348393389084370e-04
2.735999999999999766e+00 5.345327630917611102e-04
2.887999999999999901e+00 5.356348082413316114e-04
3.040000000000000036e+00 5.367409976031902287e-04
3.191999999999999726e+00 5.378513541578652498e-04
3.343999999999999861e+00 5.389659010523019725e-04
3.495999999999999996e+00 5.400846616013334255e-04
3.647999999999999687e+00 5.412076592891691944e-04
3.799999999999999822e+00 5.423349177708972589e-04
3.951999999999999957e+00 5.434664608740046943e-04
4.104000000000000092e+00 5.446023125999105170e-04
4.256000000000000227e+00 5.457424971255179363e-04
4.407999999999999474e+00 5.468870388047807020e-04
4.559999999999999609e+00 5.480359621702861469e-04
4.711999999999999744e+00 5.491892919348564462e-04
4.863999999999999879e+00 5.503470529931646198e-04
5.016000000000000014e+00 5.515092704233686425e-04
5.168000000000000149e+00 5.526759694887632256e-04
5.320000000000000284e+00 5.538471756394482961e-04
5.471999999999999531e+00 5.550229145140152557e-04
5.623999999999999666e+00 5.562032119412512387e-04
5.775999999999999801e+00 5.573880939418616922e-04
5.927999999999999936e+00 5.585775867302114964e-04
6.080000000000000071e+00 5.597717167160832152e-04
6.232000000000000206e+00 5.609705105064561638e-04
6.383999999999999453e+00 5.621739949073024977e-04
6.535999999999999588e+00 5.633821969254048777e-04
6.687999999999999723e+00 5.645951437701911572e-04
6.839999999999999858e+00 5.658128628555898851e-04
6.991999999999999993e+00 5.670353818019068437e-04
7.144000000000000128e+00 5.682627284377189322e-04
7.295999999999999375e+00 5.694949308017920129e-04
7.447999999999999510e+00 5.707320171450170785e-04
7.599999999999999645e+00 5.719740159323678883e-04
7.751999999999999780e+00 5.732209558448801787e-04
7.903999999999999915e+00 5.744728657816523419e-04
8.055999999999999162e+00 5.757297748618663783e-04
8.208000000000000185e+00 5.769917124268351960e-04
8.359999999999999432e+00 5.782587080420658471e-04
8.512000000000000455e+00 5.795307914993510622e-04
8.663999999999999702e+00 5.808079928188795418e-04
8.815999999999998948e+00 5.820903422513730267e-04
8.967999999999999972e+00 5.833778702802433188e-04
9.119999999999999218e+00 5.846706076237757552e-04
9.272000000000000242e+00 5.859685852373349097e-04
9.423999999999999488e+00 5.872718343155955553e-04
9.576000000000000512e+00 5.885803862947984553e-04
9.727999999999999758e+00 5.898942728550302236e-04
9.879999999999999005e+00 5.912135259225295312e-04
1.003200000000000003e+01 5.925381776720174904e-04
1.018399999999999928e+01 5.938682605290559026e-04
1.033600000000000030e+01 5.952038071724293595e-04
1.048799999999999955e+01 5.965448505365568335e-04
1.064000000000000057e+01 5.978914238139273378e-04
1.079199999999999982e+01 5.992435604575650776e-04
1.094399999999999906e+01 6.006012941835202953e-04
1.109600000000000009e+01 6.019646589733898242e-04
1.124799999999999933e+01 6.033336890768653971e-04
1.140000000000000036e+01 6.047084190143098194e-04
1.155199999999999960e+01 6.060888835793633907e-04
1.170399999999999885e+01 6.074751178415796005e-04
1.185599999999999987e+01 6.088671571490894465e-04
1.200799999999999912e+01 6.102650371312975204e-04
1.216000000000000014e+01 6.116687937016085591e-04
1.231199999999999939e+01 6.130784630601828367e-04
1.246400000000000041e+01 6.144940816967269003e-04
1.261599999999999966e+01 6.159156863933119537e-04
1.276799999999999891e+01 6.173433142272276948e-04
1.291999999999999993e+01 6.187770025738671600e-04
1.307199999999999918e+01 6.202167891096444213e-04
1.322400000000000020e+01 6.216627118149473021e-04
1.337599999999999945e+01 6.231148089771230535e-04
1.352800000000000047e+01 6.245731191934982907e-04
1.367999999999999972e+01 6.260376813744341663e-04
1.383199999999999896e+01 6.275085347464171058e-04
1.398399999999999999e+01 6.289857188551847790e-04
1.413599999999999923e+01 6.304692735688887176e-04
1.428800000000000026e+01 6.319592390812935794e-04
1.443999999999999950e+01 6.334556559150137083e-04
1.459199999999999875e+01 6.349585649247876419e-04
1.474399999999999977e+01 6.364680073007903489e-04
1.489599999999999902e+01 6.379840245719846066e-04
1.504800000000000004e+01 6.395066586095115180e-04
1.519999999999999929e+01 6.410359516301215779e-04
1.535200000000000031e+01 6.425719461996442280e-04
1.550399999999999956e+01 6.441146852365007809e-04
1.565599999999999881e+01 6.456642120152561578e-04
1.580799999999999983e+01 6.472205701702151868e-04
1.595999999999999908e+01 6.487838036990602100e-04
1.611199999999999832e+01 6.503539569665307569e-04
1.626399999999999935e+01 6.519310747081489719e-04
1.641600000000000037e+01 6.535152020339881924e-04
1.656799999999999784e+01 6.551063844324878224e-04
1.671999999999999886e+01 6.567046677743105989e-04
1.687199999999999989e+01 6.583100983162501647e-04
1.702400000000000091e+01 6.599227227051822266e-04
1.717599999999999838e+01 6.615425879820650444e-04
1.732799999999999940e+01 6.631697415859862154e-04
1.748000000000000043e+01 6.648042313582617178e-04
1.763199999999999790e+01 6.664461055465785390e-04
1.778399999999999892e+01 6.680954128091943318e-04
1.793599999999999994e+01 6.697522022191821755e-04
1.808800000000000097e+01 6.714165232687301955e-04
1.823999999999999844e+01 6.730884258734922505e-04
1.839199999999999946e+01 6.747679603769909853e-04
1.854400000000000048e+01 6.764551775550762874e-04
1.869599999999999795e+01 6.781501286204368690e-04
1.884799999999999898e+01 6.798528652271672518e-04
1.900000000000000000e+01 6.815634394753908049e-04
1.915200000000000102e+01 6.832819039159401375e-04
1.930399999999999849e+01 6.850083115550941945e-04
1.945599999999999952e+01 6.867427158593740087e-04
1.960800000000000054e+01 6.884851707603982995e-04
1.975999999999999801e+01 6.902357306597979450e-04
1.991199999999999903e+01 6.919944504341933372e-04
2.006400000000000006e+01 6.937613854402299588e-04
2.021600000000000108e+01 6.955365915196810725e-04
2.036799999999999855e+01 6.973201250046094993e-04
2.051999999999999957e+01 6.991120427225987850e-04
2.067200000000000060e+01 7.009124020020445411e-04
2.082399999999999807e+01 7.027212606775154989e-04
2.097599999999999909e+01 7.045386770951808089e-04
2.112800000000000011e+01 7.063647101183052109e-04
2.128000000000000114e+01 7.081994191328147862e-04
2.143199999999999861e+01 7.100428640529305802e-04
2.158399999999999963e+01 7.118951053268754089e-04
2.173600000000000065e+01 7.137562039426522233e-04
2.188799999999999812e+01 7.156262214338960899e-04
2.203999999999999915e+01 7.175052198857990310e-04
2.219200000000000017e+01 7.193932619411133600e-04
2.234400000000000119e+01 7.212904108062277676e-04
2.249599999999999866e+01 7.231967302573240721e-04
2.264799999999999969e+01 7.251122846466119239e-04
2.280000000000000071e+01 7.270371389086418982e-04
2.295199999999999818e+01 7.289713585667025042e-04
2.310399999999999920e+01 7.309150097392963421e-04
2.325600000000000023e+01 7.328681591467035373e-04
2.340799999999999770e+01 7.348308741176263819e-04
2.355999999999999872e+01 7.368032225959208212e-04
2.371199999999999974e+01 7.387852731474178194e-04
2.386400000000000077e+01 7.407770949668300532e-04
2.401599999999999824e+01 7.427787578847498944e-04
2.416799999999999926e+01 7.447903323747395504e-04
2.432000000000000028e+01 7.468118895605105421e-04
2.447199999999999775e+01 7.488435012232022786e-04
2.462399999999999878e+01 7.508852398087511627e-04
2.477599999999999980e+01 7.529371784353590088e-04
2.492800000000000082e+01 7.549993909010596898e-04
2.507999999999999829e+01 7.570719516913854228e-04
2.523199999999999932e+01 7.591549359871328003e-04
2.538400000000000034e+01 7.612484196722345319e-04
2.553599999999999781e+01 7.633524793417323416e-04
2.568799999999999883e+01 7.654671923098583944e-04
2.583999999999999986e+01 7.675926366182237327e-04
2.599200000000000088e+01 7.697288910441141578e-04
2.614399999999999835e+01 7.718760351088990853e-04
2.629599999999999937e+01 7.740341490865515310e-04
2.644800000000000040e+01 7.762033140122854072e-04
2.659999999999999787e+01 7.783836116913028661e-04
2.675199999999999889e+01 7.805751247076658924e-04
2.690399999999999991e+01 7.827779364332839059e-04
2.705600000000000094e+01 7.849921310370231190e-04
2.720799999999999841e+01 7.872177934939418803e-04
2.735999999999999943e+01 7.894550095946466879e-04
2.751200000000000045e+01 7.917038659547801513e-04
2.766399999999999793e+01 7.939644500246358051e-04
2.781599999999999895e+01 7.962368500989032427e-04
2.796799999999999997e+01 7.985211553265496439e-04
2.812000000000000099e+01 8.008174557208332491e-04
2.827199999999999847e+01 8.031258421694572377e-04
2.842399999999999949e+01 8.054464064448610839e-04
2.857600000000000051e+01 8.077792412146550267e-04
2.872799999999999798e+01 8.101244400521981966e-04
2.887999999999999901e+01 8.124820974473227850e-04
2.903200000000000003e+01 8.148523088172091337e-04
2.918399999999999750e+01 8.172351705174073005e-04
2.933599999999999852e+01 8.196307798530173524e-04
2.948799999999999955e+01 8.220392350900222050e-04
2.964000000000000057e+01 8.244606354667789738e-04
2.979199999999999804e+01 8.268950812056737130e-04
2.994399999999999906e+01 8.293426735249370511e-04
3.009600000000000009e+01 8.318035146506269021e-04
3.024799999999999756e+01 8.342777078287805280e-04
3.039999999999999858e+01 8.367653573377381235e-04
3.055199999999999960e+01 8.392665685006379201e-04
3.070400000000000063e+01 8.417814476980947386e-04
3.085599999999999810e+01 8.443101023810506032e-04
3.100799999999999912e+01 8.468526410838157423e-04
3.116000000000000014e+01 8.494091734372891328e-04
3.131199999999999761e+01 8.519798101823734425e-04
3.146399999999999864e+01 8.545646631835779718e-04
3.161599999999999966e+01 8.571638454428189219e-04
3.176800000000000068e+01 8.597774711134177454e-04
3.191999999999999815e+01 8.624056555143006170e-04
3.207200000000000273e+01 8.650485151444034689e-04
3.222399999999999665e+01 8.677061676972843253e-04
3.237599999999999767e+01 8.703787320759515025e-04
3.252799999999999869e+01 8.730663284078985648e-04
3.267999999999999972e+01 8.757690780603693496e-04
3.283200000000000074e+01 8.784871036558351701e-04
3.298400000000000176e+01 8.812205290877078321e-04
3.313599999999999568e+01 8.839694795362727439e-04
3.328799999999999670e+01 8.867340814848656463e-04
3.343999999999999773e+01 8.895144627362803862e-04
3.359199999999999875e+01 8.923107524294216115e-04
3.374399999999999977e+01 8.951230810562029296e-04
3.389600000000000080e+01 8.979515804786947566e-04
3.404800000000000182e+01 9.007963839465271726e-04
3.419999999999999574e+01 9.036576261145507069e-04
3.435199999999999676e+01 9.065354430607616698e-04
3.450399999999999778e+01 9.094299723044927883e-04
3.465599999999999881e+01 9.123413528248779276e-04
3.480799999999999983e+01 9.152697250795926347e-04
3.496000000000000085e+01 9.182152310238770069e-04
3.511200000000000188e+01 9.211780141298442489e-04
3.526399999999999579e+01 9.241582194060804457e-04
3.541599999999999682e+01 9.271559934175421661e-04
3.556799999999999784e+01 9.301714843057529809e-04
3.571999999999999886e+01 9.332048418093099543e-04
3.587199999999999989e+01 9.362562172846984826e-04
3.602400000000000091e+01 9.393257637274284901e-04
3.617600000000000193e+01 9.424136357934905731e-04
3.632799999999999585e+01 9.455199898211434769e-04
3.647999999999999687e+01 9.486449838530320363e-04
3.663199999999999790e+01 9.517887776586513027e-04
3.678399999999999892e+01 9.549515327571510021e-04
3.693599999999999994e+01 9.581334124404974548e-04
3.708800000000000097e+01 9.613345817969892694e-04
3.724000000000000199e+01 9.645552077351436182e-04
3.739199999999999591e+01 9.677954590079478883e-04
3.754399999999999693e+01 9.710555062374973080e-04
3.769599999999999795e+01 9.743355219400074915e-04
3.784799999999999898e+01 9.776356805512281378e-04
3.800000000000000000e+01 9.809561584522492102e-04
3.815200000000000102e+01 9.842971339957167290e-04
3.830400000000000205e+01 9.876587875324600169e-04
3.845599999999999596e+01 9.910413014385397248e-04
3.860799999999999699e+01 9.944448601427258519e-04
3.875999999999999801e+01 9.978696501544077110e-04
3.891199999999999903e+01 1.001315860091955140e-03
3.906400000000000006e+01 1.004783680711522501e-03
3.921600000000000108e+01 1.008273304936323656e-03
3.936800000000000210e+01 1.011784927886362744e-03
3.951999999999999602e+01 1.015318746908658700e-03
3.967199999999999704e+01 1.018874961607938150e-03
3.982399999999999807e+01 1.022453773877838104e-03
3.997599999999999909e+01 1.026055387932602817e-03
4.012800000000000011e+01 1.029680010339301512e-03
4.028000000000000114e+01 1.033327850050563910e-03
4.043200000000000216e+01 1.036999118437851143e-03
4.058399999999999608e+01 1.040694029325267686e-03
4.073599999999999710e+01 1.044412799023929474e-03
4.088799999999999812e+01 1.048155646366892785e-03
4.103999999999999915e+01 1.051922792744652531e-03
4.119200000000000017e+01 1.055714462141236869e-03
4.134400000000000119e+01 1.059530881170883372e-03
4.149600000000000222e+01 1.063372279115333639e-03
4.164799999999999613e+01 1.067238887961738511e-03
4.179999999999999716e+01 1.071130942441198648e-03
4.195199999999999818e+01 1.075048680067941086e-03
4.210399999999999920e+01 1.078992341179156730e-03
4.225600000000000023e+01 1.082962168975500072e-03
4.240800000000000125e+01 1.086958409562270448e-03
4.256000000000000227e+01 1.090981311991283485e-03
4.271199999999999619e+01 1.095031128303453581e-03
4.286399999999999721e+01 1.099108113572089566e-03
4.301599999999999824e+01 1.103212525946927185e-03
4.316799999999999926e+01 1.107344626698910772e-03
4.332000000000000028e+01 1.111504680265732771e-03
4.347200000000000131e+01 1.115692954298154547e-03
4.362400000000000233e+01 1.119909719707116048e-03
4.377599999999999625e+01 1.124155250711656459e-03
4.392799999999999727e+01 1.128429824887654948e-03
4.407999999999999829e+01 1.132733723217413608e-03
4.423199999999999932e+01 1.137067230140096719e-03
4.438400000000000034e+01 1.141430633603040829e-03
4.453600000000000136e+01 1.145824225113958005e-03
4.468800000000000239e+01 1.150248299794047425e-03
4.483999999999999631e+01 1.154703156432030069e-03
4.499199999999999733e+01 1.159189097539131642e-03
4.514399999999999835e+01 1.163706429405028274e-03
4.529599999999999937e+01 1.168255462154773857e-03
4.544800000000000040e+01 1.172836509806730702e-03
4.560000000000000142e+01 1.177449890331526286e-03
4.575199999999999534e+01 1.182095925712048443e-03
4.590399999999999636e+01 1.186774942004508934e-03
4.605599999999999739e+01 1.191487269400592951e-03
4.620799999999999841e+01 1.196233242290716675e-03
4.635999999999999943e+01 1.201013199328414575e-03
4.651200000000000045e+01 1.205827483495885933e-03
4.666400000000000148e+01 1.210676442170712311e-03
4.681599999999999540e+01 1.215560427193783681e-03
4.696799999999999642e+01 1.220479794938447759e-03
4.711999999999999744e+01 1.225434906380913321e-03
4.727199999999999847e+01 1.230426127171931148e-03
4.742399999999999949e+01 1.235453827709779911e-03
4.757600000000000051e+01 1.240518383214585848e-03
4.772800000000000153e+01 1.245620173803998771e-03
4.787999999999999545e+01 1.250759584570260196e-03
4.803199999999999648e+01 1.255937005658686999e-03
4.818399999999999750e+01 1.261152832347603578e-03
4.833599999999999852e+01 1.266407465129748729e-03
4.848799999999999955e+01 1.271701309795197172e-03
4.864000000000000057e+01 1.277034777515817380e-03
4.879200000000000159e+01 1.282408284931306052e-03
4.894399999999999551e+01 1.287822254236828086e-03
4.909599999999999653e+01 1.293277113272302140e-03
4.924799999999999756e+01 1.298773295613357172e-03
4.939999999999999858e+01 1.304311240664008525e-03
4.955199999999999960e+01 1.309891393751080012e-03
4.970400000000000063e+01 1.315514206220415143e-03
4.985600000000000165e+01 1.321180135534915029e-03
5.000799999999999557e+01 1.326889645374440888e-03
5.015999999999999659e+01 1.332643205737627347e-03
5.031199999999999761e+01 1.338441293045639514e-03
5.046399999999999864e+01 1.344284390247924531e-03
5.061599999999999966e+01 1.350172986929996672e-03
5.076800000000000068e+01 1.356107579423303016e-03
5.092000000000000171e+01 1.362088670917213293e-03
5.107199999999999562e+01 1.368116771573182682e-03
5.122399999999999665e+01 1.374192398641140055e-03
5.137599999999999767e+01 1.380316076578137416e-03
5.152799999999999869e+01 1.386488337169329088e-03
5.167999999999999972e+01 1.392709719651318576e-03
5.183200000000000074e+01 1.398980770837934253e-03
5.198400000000000176e+01 1.405302045248484196e-03
5.213599999999999568e+01 1.411674105238548693e-03
5.228799999999999670e+01 1.418097521133367686e-03
5.243999999999999773e+01 1.424572871363878872e-03
5.259199999999999875e+01 1.431100742605470209e-03
5.274399999999999977e+01 1.437681729919509932e-03
5.289600000000000080e+01 1.444316436897711544e-03
5.304800000000000182e+01 1.451005475809405551e-03
5.319999999999999574e+01 1.457749467751780605e-03
5.335199999999999676e+01 1.464549042803166496e-03
5.350399999999999778e+01 1.471404840179420552e-03
5.365599999999999881e+01 1.478317508393503770e-03
5.380799999999999983e+01 1.485287705418307166e-03
5.396000000000000085e+01 1.492316098852811829e-03
5.411200000000000188e+01 1.499403366091659438e-03
5.426399999999999579e+01 1.506550194498211970e-03
5.441599999999999682e+01 1.513757281581183190e-03
5.456799999999999784e+01 1.521025335174926944e-03
5.471999999999999886e+01 1.528355073623467470e-03
5.487199999999999989e+01 1.535747225968364747e-03
5.502400000000000091e+01 1.543202532140496843e-03
5.517600000000000193e+01 1.550721743155867053e-03
5.532799999999999585e+01 1.558305621315514726e-03
5.547999999999999687e+01 1.565954940409649285e-03
5.563199999999999790e+01 1.573670485926086582e-03
5.578399999999999892e+01 1.581453055263108568e-03
5.593599999999999994e+01 1.589303457946848221e-03
5.608800000000000097e+01 1.597222515853306607e-03
5.624000000000000199e+01 1.605211063435118537e-03
5.639199999999999591e+01 1.613269947953183472e-03
5.654399999999999693e+01 1.621400029713279201e-03
5.669599999999999795e+01 1.629602182307777775e-03
5.684799999999999898e+01 1.637877292862598578e-03
5.700000000000000000e+01 1.646226262289519297e-03
5.715200000000000102e+01 1.654650005543981854e-03
5.730400000000000205e+01 1.663149451888532937e-03
5.745599999999999596e+01 1.671725545162029009e-03
5.760799999999999699e+01 1.680379244054767355e-03
5.775999999999999801e+01 1.689111522389674571e-03
5.791199999999999903e+01 1.697923369409718147e-03
5.806400000000000006e+01 1.706815790071689693e-03
5.821600000000000108e+01 1.715789805346531766e-03
5.836799999999999500e+01 1.724846452526360499e-03
5.851999999999999602e+01 1.733986785538367287e-03
5.867199999999999704e+01 1.743211875265774074e-03
5.882399999999999807e+01 1.752522809876010503e-03
5.897599999999999909e+01 1.761920695156323500e-03
5.912800000000000011e+01 1.771406654856984286e-03
5.928000000000000114e+01 1.780981831042310545e-03
5.943199999999999505e+01 1.790647384449693897e-03
5.958399999999999608e+01 1.800404494856853218e-03
5.973599999999999710e+01 1.810254361457514600e-03
5.988799999999999812e+01 1.820198203245754730e-03
6.003999999999999915e+01 1.830237259409222368e-03
6.019200000000000017e+01 1.840372789731487945e-03
6.034400000000000119e+01 1.850606075003741365e-03
6.049599999999999511e+01 1.860938417446110580e-03
6.064799999999999613e+01 1.871371141138843813e-03
6.079999999999999716e+01 1.881905592463617568e-03
6.095199999999999818e+01 1.892543140555254938e-03
6.110399999999999920e+01 1.903285177764121785e-03
6.125600000000000023e+01 1.914133120129496348e-03
6.140800000000000125e+01 1.925088407864210000e-03
6.155999999999999517e+01 1.936152505850862945e-03
6.171199999999999619e+01 1.947326904149935135e-03
6.186399999999999721e+01 1.958613118520113102e-03
6.201599999999999824e+01 1.970012690951168828e-03
6.216799999999999926e+01 1.981527190209747980e-03
6.232000000000000028e+01 1.993158212398408839e-03
6.247200000000000131e+01 2.004907381528291382e-03
6.262399999999999523e+01 2.016776350105785581e-03
6.277599999999999625e+01 2.028766799733610054e-03
6.292799999999999727e+01 2.040880441726675761e-03
6.307999999999999829e+01 2.053119017743184043e-03
6.323199999999999932e+01 2.065484300431357986e-03
6.338400000000000034e+01 2.077978094092278530e-03
6.353600000000000136e+01 2.090602235359259424e-03
6.368799999999999528e+01 2.103358593894247633e-03
6.383999999999999631e+01 2.116249073101738373e-03
6.399199999999999733e+01 2.129275610860691375e-03
6.414400000000000546e+01 2.142440180274987442e-03
6.429599999999999227e+01 2.155744790442947010e-03
6.444799999999999329e+01 2.169191487246484480e-03
6.459999999999999432e+01 2.182782354160431749e-03
6.475199999999999534e+01 2.196519513082670176e-03
6.490399999999999636e+01 2.210405125185645626e-03
6.505599999999999739e+01 2.224441391789909288e-03
6.520799999999999841e+01 2.238630555260334373e-03
6.535999999999999943e+01 2.252974899925686090e-03
6.551200000000000045e+01 2.267476753022228380e-03
6.566400000000000148e+01 2.282138485662097739e-03
6.581600000000000250e+01 2.296962513827183108e-03
6.596800000000000352e+01 2.311951299389274680e-03
6.612000000000000455e+01 2.327107351157280037e-03
6.627199999999999136e+01 2.342433225952331166e-03
6.642399999999999238e+01 2.357931529711627169e-03
6.657599999999999341e+01 2.373604918621878730e-03
6.672799999999999443e+01 2.389456100283293260e-03
6.687999999999999545e+01 2.405487834905006665e-03
6.703199999999999648e+01 2.421702936532948384e-03
6.718399999999999750e+01 2.438104274311156654e-03
6.733599999999999852e+01 2.454694773777549299e-03
6.748799999999999955e+01 2.471477418195274552e-03
6.764000000000000057e+01 2.488455249920710956e-03
6.779200000000000159e+01 2.505631371809304182e-03
6.794400000000000261e+01 2.523008948660414742e-03
6.809600000000000364e+01 2.540591208702426898e-03
6.824800000000000466e+01 2.558381445119390762e-03
6.839999999999999147e+01 2.576383017620524629e-03
6.855199999999999250e+01 2.594599354053973156e-03
6.870399999999999352e+01 2.613033952066206103e-03
6.885599999999999454e+01 2.631690380808575109e-03
6.900799999999999557e+01 2.650572282692530320e-03
6.915999999999999659e+01 2.669683375195096298e-03
6.931199999999999761e+01 2.689027452716242182e-03
6.946399999999999864e+01 2.708608388489863045e-03
6.961599999999999966e+01 2.728430136550116705e-03
6.976800000000000068e+01 2.748496733754976495e-03
6.992000000000000171e+01 2.768812301868874785e-03
7.007200000000000273e+01 2.789381049706430010e-03
7.022400000000000375e+01 2.810207275339285989e-03
7.037600000000000477e+01 2.831295368368190717e-03
7.052799999999999159e+01 2.852649812262525540e-03
7.067999999999999261e+01 2.874275186769567180e-03
7.083199999999999363e+01 2.896176170395840105e-03
7.098399999999999466e+01 2.918357542963042044e-03
7.113599999999999568e+01 2.940824188241106599e-03
7.128799999999999670e+01 2.963581096661026693e-03
7.143999999999999773e+01 2.986633368110247835e-03
7.159199999999999875e+01 3.009986214813443160e-03
7.174399999999999977e+01 3.033644964301705164e-03
7.189600000000000080e+01 3.057615062473200730e-03
7.204800000000000182e+01 3.081902076748549435e-03
7.220000000000000284e+01 3.106511699324233673e-03
7.235200000000000387e+01 3.131449750527549956e-03
7.250400000000000489e+01 3.156722182276686193e-03
7.265599999999999170e+01 3.182335081649720950e-03
7.280799999999999272e+01 3.208294674566428747e-03
7.295999999999999375e+01 3.234607329586967114e-03
7.311199999999999477e+01 3.261279561831689419e-03
7.326399999999999579e+01 3.288318037026484886e-03
7.341599999999999682e+01 3.315729575678233280e-03
7.356799999999999784e+01 3.343521157385148657e-03
7.371999999999999886e+01 3.371699925286978251e-03
7.387199999999999989e+01 3.400273190660252440e-03
7.402400000000000091e+01 3.429248437663959953e-03
7.417600000000000193e+01 3.458633328241269688e-03
7.432800000000000296e+01 3.488435707183171631e-03
7.448000000000000398e+01 3.518663607360100146e-03
7.463200000000000500e+01 3.549325255127941219e-03
7.478399999999999181e+01 3.580429075915012548e-03
7.493599999999999284e+01 3.611983699996966241e-03
7.508799999999999386e+01 3.643997968466762896e-03
7.523999999999999488e+01 3.676480939407310820e-03
7.539199999999999591e+01 3.709441894274548030e-03
7.554399999999999693e+01 3.742890344499182672e-03
7.569599999999999795e+01 3.776836038315614565e-03
7.584799999999999898e+01 3.811288967826970825e-03
7.600000000000000000e+01 3.846259376315534599e-03
7.615200000000000102e+01 3.881757765808313901e-03
7.630400000000000205e+01 3.917794904907867873e-03
7.645600000000000307e+01 3.954381836899021306e-03
7.660800000000000409e+01 3.991529888142520202e-03
7.676000000000000512e+01 4.029250676767218500e-03
7.691199999999999193e+01 4.067556121672874850e-03
7.706399999999999295e+01 4.106458451856254133e-03
7.721599999999999397e+01 4.145970216073670798e-03
7.736799999999999500e+01 4.186104292853906443e-03
7.751999999999999602e+01 4.226873900875904172e-03
7.767199999999999704e+01 4.268292609726391691e-03
7.782399999999999807e+01 4.310374351053285029e-03
7.797599999999999909e+01 4.353133430131449037e-03
7.812800000000000011e+01 4.396584537858168849e-03
7.828000000000000114e+01 4.440742763196512191e-03
7.843200000000000216e+01 4.485623606085638489e-03
7.858400000000000318e+01 4.531242990837968526e-03
7.873600000000000421e+01 4.577617280044144962e-03
7.888799999999999102e+01 4.624763289007660302e-03
7.903999999999999204e+01 4.672698300732157362e-03
7.919199999999999307e+01 4.721440081485393445e-03
7.934399999999999409e+01 4.771006896965223829e-03
7.949599999999999511e+01 4.821417529094012243e-03
7.964799999999999613e+01 4.872691293469276833e-03
7.979999999999999716e+01 4.924848057499754857e-03
7.995199999999999818e+01 4.977908259257466696e-03
8.010399999999999920e+01 5.031892927077952216e-03
8.025600000000000023e+01 5.086823699942407719e-03
8.040800000000000125e+01 5.142722848677196840e-03
8.056000000000000227e+01 5.199613298007981638e-03
8.071200000000000330e+01 5.257518649507620517e-03
8.086400000000000432e+01 5.316463205479004910e-03
8.101599999999999113e+01 5.376471993816069224e-03
8.116799999999999216e+01 5.437570793888555666e-03
8.131999999999999318e+01 5.499786163498268307e-03
8.147199999999999420e+01 5.563145466957361909e-03
8.162399999999999523e+01 5.627676904341526003e-03
8.177599999999999625e+01 5.693409541973957870e-03
8.192799999999999727e+01 5.760373344198865646e-03
8.207999999999999829e+01 5.828599206506363505e-03
8.223199999999999932e+01 5.898118990074021836e-03
8.238400000000000034e+01 5.968965557793739704e-03
8.253600000000000136e+01 6.041172811856374697e-03
8.268800000000000239e+01 6.114775732970496175e-03
8.284000000000000341e+01 6.189810421295797310e-03
8.299200000000000443e+01 6.266314139176091917e-03
8.314399999999999125e+01 6.344325355761543973e-03
8.329599999999999227e+01 6.423883793614767676e-03
8.344799999999999329e+01 6.505030477400545498e-03
8.359999999999999432e+01 6.587807784764781148e-03
8.375199999999999534e+01 6.672259499513985559e-03
8.390399999999999636e+01 6.758430867213004699e-03
8.405599999999999739e+01 6.846368653325387958e-03
8.420799999999999841e+01 6.936121204027866603e-03
8.435999999999999943e+01 7.027738509837984718e-03
8.451200000000000045e+01 7.121272272201946418e-03
8.466400000000000148e+01 7.216775973198212915e-03
8.481600000000000250e+01 7.314304948521562280e-03
8.496800000000000352e+01 7.413916463921831936e-03
8.512000000000000455e+01 7.515669795281905430e-03
8.527199999999999136e+01 7.619626312530388725e-03
8.542399999999999238e+01 7.725849567596088097e-03
8.557599999999999341e+01 7.834405386623551765e-03
8.572799999999999443e+01 7.945361966682475130e-03
8.587999999999999545e+01 8.058789977217437409e-03
8.603199999999999648e+01 8.174762666499534730e-03
8.618399999999999750e+01 8.293355973357402142e-03
8.633599999999999852e+01 8.414648644482033979e-03
8.648799999999999955e+01 8.538722357617888753e-03
8.664000000000000057e+01 8.665661850972119010e-03
8.679200000000000159e+01 8.795555059194245032e-03
8.694400000000000261e+01 8.928493256300596218e-03
8.709600000000000364e+01 9.064571205941212434e-03
8.724800000000000466e+01 9.203887319431945310e-03
8.739999999999999147e+01 9.346543822001014690e-03
8.755199999999999250e+01 9.492646927728011150e-03
8.770399999999999352e+01 9.642307023683337544e-03
8.785599999999999454e+01 9.795638863808953795e-03
8.800799999999999557e+01 9.952761773115669647e-03
8.815999999999999659e+01 1.011379986280934971e-02
8.831199999999999761e+01 1.027888225699795204e-02
8.846399999999999864e+01 1.044814333167352893e-02
8.861599999999999966e+01 1.062172296670857614e-02
8.876800000000000068e+01 1.079976681165416806e-02
8.892000000000000171e+01 1.098242656617904461e-02
8.907200000000000273e+01 1.116986027604374536e-02
8.922400000000000375e+01 1.136223264556280969e-02
8.937600000000000477e+01 1.155971536757084001e-02
8.952799999999999159e+01 1.176248747197541911e-02
8.967999999999999261e+01 1.197073569405169256e-02
8.983199999999999363e+01 1.218465486370962948e-02
8.998399999999999466e+01 1.240444831704738335e-02
9.013599999999999568e+01 1.263032833159081873e-02
9.028799999999999670e+01 1.286251658671282334e-02
9.043999999999999773e+01 1.310124465082506198e-02
9.059199999999999875e+01 1.334675449704098189e-02
9.074399999999999977e+01 1.359929904912144175e-02
9.089600000000000080e+01 1.385914275963458578e-02
9.104800000000000182e+01 1.412656222238931232e-02
9.120000000000000284e+01 1.440184682133755639e-02
9.135200000000000387e+01 1.468529941828485182e-02
9.150399999999999068e+01 1.497723708190146566e-02
9.165599999999999170e+01 1.527799186068882868e-02
9.180799999999999272e+01 1.558791160272668917e-02
9.195999999999999375e+01 1.590736082520809516e-02
9.211199999999999477e+01 1.623672163695928650e-02
9.226399999999999579e+01 1.657639471734204464e-02
9.241599999999999682e+01 1.692680035514592535e-02
9.256799999999999784e+01 1.728837955129693127e-02
9.271999999999999886e+01 1.766159518943729786e-02
9.287199999999999989e+01 1.804693327866717725e-02
9.302400000000000091e+01 1.844490427298231539e-02
9.317600000000000193e+01 1.885604447219078883e-02
9.332800000000000296e+01 1.928091750934442933e-02
9.348000000000000398e+01 1.972011592997447577e-02
9.363199999999999079e+01 2.017426286867270158e-02
9.378399999999999181e+01 2.064401382880538469e-02
9.393599999999999284e+01 2.113005857138085253e-02
9.408799999999999386e+01 2.163312311930955939e-02
9.423999999999999488e+01 2.215397188348522395e-02
9.439199999999999591e+01 2.269340991727173198e-02
9.454399999999999693e+01 2.325228530608823563e-02
9.469599999999999795e+01 2.383149169883083673e-02
9.484799999999999898e+01 2.443197098783422838e-02
9.500000000000000000e+01 2.505471614394126287e-02
9.515200000000000102e+01 2.570077421298379988e-02
9.530400000000000205e+01 2.637124947955471824e-02
9.545600000000000307e+01 2.706730680332993660e-02
9.560800000000000409e+01 2.779017513233515008e-02
9.575999999999999091e+01 2.854115119638954423e-02
9.591199999999999193e+01 2.932160338243487013e-02
9.606399999999999295e+01 3.013297579148963706e-02
9.621599999999999397e+01 3.097679247447134715e-02
9.636799999999999500e+01 3.185466184098172115e-02
9.651999999999999602e+01 3.276828123123153025e-02
9.667199999999999704e+01 3.371944163643017522e-02
9.682399999999999807e+01 3.471003254700104346e-02
9.697599999999999909e+01 3.574204690069028578e-02
9.712800000000000011e+01 3.681758609376178937e-02
9.728000000000000114e+01 3.793886500771875142e-02
9.743200000000000216e+01 3.910821699101753313e-02
9.758400000000000318e+01 4.032809871964354587e-02
9.773600000000000421e+01 4.160109484173905164e-02
9.788799999999999102e+01 4.292992228918068864e-02
9.803999999999999204e+01 4.431743411249594589e-02
9.819199999999999307e+01 4.576662266409987218e-02
9.834399999999999409e+01 4.728062191777050033e-02
9.849599999999999511e+01 4.886270866871036261e-02
9.864799999999999613e+01 5.051630230756450068e-02
9.879999999999999716e+01 5.224496280240235879e-02
9.895199999999999818e+01 5.405238645393135866e-02
9.910399999999999920e+01 5.594239891010749366e-02
9.925600000000000023e+01 5.791894483594339088e-02
9.940800000000000125e+01 5.998607353195881120e-02
9.956000000000000227e+01 6.214791967995880045e-02
9.971200000000000330e+01 6.440867826773993832e-02
9.986400000000000432e+01 6.677257260574273601e-02
1.000159999999999911e+02 6.924381420048254798e-02
1.001679999999999922e+02 7.182655309520444287e-02
1.003199999999999932e+02 7.452481713302690214e-02
1.004719999999999942e+02 7.734243845000135509e-02
1.006239999999999952e+02 8.028296537656727516e-02
1.007759999999999962e+02 8.334955783181199895e-02
1.009279999999999973e+02 8.654486425705885944e-02
1.010799999999999983e+02 8.987087818130924666e-02
1.012319999999999993e+02 9.332877267593908677e-02
1.013840000000000003e+02 9.691871128266213442e-02
1.015360000000000014e+02 1.006396345378931106e-01
1.016880000000000024e+02 1.044890220259516583e-01
1.018400000000000034e+02 1.084626310351128192e-01
1.019920000000000044e+02 1.125542144260549965e-01
1.021439999999999912e+02 1.167552223055187410e-01
1.022959999999999923e+02 1.210544945634142028e-01
1.024479999999999933e+02 1.254379542789562096e-01
1.025999999999999943e+02 1.298883153762920295e-01
1.027519999999999953e+02 1.343848215813482905e-01
1.029039999999999964e+02 1.389030374681931301e-01
1.030559999999999974e+02 1.434147158342965467e-01
1.032079999999999984e+02 1.478877683297625256e-01
1.033599999999999994e+02 1.522863675858659449e-01
1.035120000000000005e+02 1.565712083601364657e-01
1.036640000000000015e+02 1.606999517466251304e-01
1.038160000000000025e+02 1.646278697033087823e-01
1.039680000000000035e+02 1.683086966898694192e-01
1.041199999999999903e+02 1.716956811740272537e-01
1.042719999999999914e+02 1.747428128087722965e-01
1.044239999999999924e+02 1.774061825204229503e-01
1.045759999999999934e+02 1.796454145292636084e-01
1.047279999999999944e+02 1.814250938664659085e-01
1.048799999999999955e+02 1.827161028042982860e-01
1.050319999999999965e+02 1.834967770147667709e-01
1.051839999999999975e+02 1.837537986390610778e-01
1.053359999999999985e+02 1.834827589908119838e-01
1.054879999999999995e+02 1.826883471084026211e-01
1.056400000000000006e+02 1.813841492517460352e-01
1.057920000000000016e+02 1.795920751889067413e-01
1.059440000000000026e+02 1.773414558806883645e-01
1.060960000000000036e+02 1.746678804498418558e-01
1.062479999999999905e+02 1.716118555893584308e-01
1.063999999999999915e+02 1.682173766440493712e-01
1.065519999999999925e+02 1.645304967377451966e-01
1.067039999999999935e+02 1.605979699711212461e-01
1.068559999999999945e+02 1.564660291331911590e-01
1.070079999999999956e+02 1.521793401061836692e-01
1.071599999999999966e+02 1.477801566045786330e-01
1.073119999999999976e+02 1.433076820073383717e-01
1.074639999999999986e+02 1.387976311113352235e-01
1.076159999999999997e+02 1.342819742897978508e-01
1.077680000000000007e+02 1.297888398525606779e-01
1.079200000000000017e+02 1.253425470307315825e-01
1.080720000000000027e+02 1.209637413542164891e-01
1.082240000000000038e+02 1.166696055629752315e-01
1.083759999999999906e+02 1.124741219106750734e-01
1.085279999999999916e+02 1.083883651858483232e-01
1.086799999999999926e+02 1.044208095148124599e-01
1.088319999999999936e+02 1.005776356755980622e-01
1.089839999999999947e+02 9.686302901530596809e-02
1.091359999999999957e+02 9.327946099623288245e-02
1.092879999999999967e+02 8.982794984640000979e-02
1.094399999999999977e+02 8.650829775888548012e-02
1.095919999999999987e+02 8.331930360685298187e-02
1.097439999999999998e+02 8.025895127151567998e-02
1.098960000000000008e+02 7.732457448031103409e-02
1.100480000000000018e+02 7.451299958427810843e-02
1.102000000000000028e+02 7.182066802451743392e-02
1.103520000000000039e+02 6.924374039821161453e-02
1.105039999999999907e+02 6.677818407760914565e-02
1.106559999999999917e+02 6.441984629536902374e-02
1.108079999999999927e+02 6.216451451422749103e-02
1.109599999999999937e+02 6.000796576920151837e-02
1.111119999999999948e+02 5.794600652232498317e-02
1.112639999999999958e+02 5.597450441465286197e-02
1.114159999999999968e+02 5.408941314600261563e-02
1.115679999999999978e+02 5.228679156497302583e-02
1.117199999999999989e+02 5.056281791353012256e-02
1.118719999999999999e+02 4.891380004374008827e-02
1.120240000000000009e+02 4.733618230985339043e-02
1.121760000000000019e+02 4.582654973696860534e-02
1.123280000000000030e+02 4.438162997749968419e-02
1.124800000000000040e+02 4.299829348790237121e-02
1.126319999999999908e+02 4.167355228968119829e-02
1.127839999999999918e+02 4.040455761960915632e-02
1.129359999999999928e+02 3.918859672335957278e-02
1.130879999999999939e+02 3.802308900339160247e-02
1.132399999999999949e+02 3.690558169505753910e-02
1.133919999999999959e+02 3.583374521365276927e-02
1.135439999999999969e+02 3.480536828876237831e-02
1.136959999999999980e+02 3.381835298008617485e-02
1.138479999999999990e+02 3.287070965034780828e-02
1.140000000000000000e+02 3.196055195538456684e-02
1.141520000000000010e+02 3.108609189861492178e-02
1.143040000000000020e+02 3.024563498639091033e-02
1.144560000000000031e+02 2.943757551192045796e-02
1.146080000000000041e+02 2.866039198819603923e-02
1.147599999999999909e+02 2.791264274443855040e-02
1.149119999999999919e+02 2.719296169574563632e-02
1.150639999999999930e+02 2.650005429173998145e-02
1.152159999999999940e+02 2.583269364688816488e-02
1.153679999999999950e+02 2.518971685268042715e-02
1.155199999999999960e+02 2.457002146990894254e-02
1.156719999999999970e+02 2.397256219777018499e-02
1.158239999999999981e+02 2.339634771536491797e-02
1.159759999999999991e+02 2.284043769031407489e-02
1.161280000000000001e+02 2.230393994859402110e-02
1.162800000000000011e+02 2.178600779927748754e-02
1.164320000000000022e+02 2.128583750760624366e-02
1.165840000000000032e+02 2.080266590968979368e-02
1.167359999999999900e+02 2.033576816209214586e-02
1.168879999999999910e+02 1.988445561961702662e-02
1.170399999999999920e+02 1.944807383471199719e-02
1.171919999999999931e+02 1.902600067206724338e-02
1.173439999999999941e+02 1.861764453217833876e-02
1.174959999999999951e+02 1.822244267785850039e-02
1.176479999999999961e+02 1.783985965792106790e-02
1.177999999999999972e+02 1.746938582249873972e-02
1.179519999999999982e+02 1.711053592471806564e-02
1.181039999999999992e+02 1.676284780370142224e-02
1.182560000000000002e+02 1.642588114412131192e-02
1.184080000000000013e+02 1.609921630778055404e-02
1.185600000000000023e+02 1.578245323293495442e-02
1.187120000000000033e+02 1.547521039731102749e-02
1.188639999999999901e+02 1.517712384099910786e-02
1.190159999999999911e+02 1.488784624562092089e-02
1.191679999999999922e+02 1.460704606638080390e-02
1.193199999999999932e+02 1.433440671380876129e-02
1.194719999999999942e+02 1.406962578219480946e-02
1.196239999999999952e+02 1.381241432189393888e-02
1.197759999999999962e+02 1.356249615285249309e-02
1.199279999999999973e+02 1.331960721686835901e-02
1.200799999999999983e+02 1.308349496625005846e-02
1.202319999999999993e+02 1.285391778668391188e-02
1.203840000000000003e+02 1.263064445225389222e-02
1.205360000000000014e+02 1.241345361068648019e-02
1.206880000000000024e+02 1.220213329701254519e-02
1.208400000000000034e+02 1.199648047395103154e-02
1.209919999999999902e+02 1.179630059742476506e-02
1.211439999999999912e+02 1.160140720571783447e-02
1.212959999999999923e+02 1.141162153087722612e-02
1.214479999999999933e+02 1.122677213104787512e-02
1.215999999999999943e+02 1.104669454251258447e-02
1.217519999999999953e+02 1.087123095028429999e-02
1.219039999999999964e+02 1.070022987616983841e-02
1.220559999999999974e+02 1.053354588329133250e-02
1.222079999999999984e+02 1.037103929611422545e-02
1.223599999999999994e+02 1.021257593508942754e-02
1.225120000000000005e+02 1.005802686507225110e-02
1.226640000000000015e+02 9.907268156732053008e-03
1.228160000000000025e+02 9.760180660214754639e-03
1.229680000000000035e+02 9.616649790365423833e-03
1.231199999999999903e+02 9.476565322860286411e-03
1.232719999999999914e+02 9.339821200636881995e-03
1.234239999999999924e+02 9.206315350048397891e-03
1.235759999999999934e+02 9.075949506202192832e-03
1.237279999999999944e+02 8.948629046975577553e-03
1.238799999999999955e+02 8.824262835231739058e-03
1.240319999999999965e+02 8.702763068787417247e-03
1.241839999999999975e+02 8.584045137710360693e-03
1.243359999999999985e+02 8.468027488549672438e-03
1.244879999999999995e+02 8.354631495125369040e-03
1.246400000000000006e+02 8.243781335525498383e-03
1.247920000000000016e+02 8.135403874979633271e-03
1.249440000000000026e+02 8.029428554296788936e-03
1.250960000000000036e+02 7.925787283573874561e-03
1.252479999999999905e+02 7.824414340897794390e-03
1.253999999999999915e+02 7.725246275779995911e-03
1.255519999999999925e+02 7.628221817077487400e-03
1.257039999999999935e+02 7.533281785167975086e-03
1.258559999999999945e+02 7.440369008160234270e-03
1.260079999999999956e+02 7.349428241932917140e-03
1.261599999999999966e+02 7.260406093806792693e-03
1.263119999999999976e+02 7.173250949666125191e-03
1.264639999999999986e+02 7.087912904355280798e-03
1.266159999999999997e+02 7.004343695186169595e-03
1.267680000000000007e+02 6.922496638401221848e-03
1.269200000000000017e+02 6.842326568445129646e-03
1.270720000000000027e+02 6.763789779906505782e-03
1.272240000000000038e+02 6.686843971998277479e-03
1.273759999999999906e+02 6.611448195452561925e-03
1.275279999999999916e+02 6.537562801712574166e-03
1.276799999999999926e+02 6.465149394310414077e-03
1.278319999999999936e+02 6.394170782325324549e-03
1.279839999999999947e+02 6.324590935822820871e-03
1.281359999999999957e+02 6.256374943180231275e-03
1.282880000000000109e+02 6.189488970209116106e-03
1.284399999999999977e+02 6.123900220989859054e-03
1.285919999999999845e+02 6.059576900337863836e-03
1.287439999999999998e+02 5.996488177825322514e-03
1.288959999999999866e+02 5.934604153286158514e-03
1.290480000000000018e+02 5.873895823735410249e-03
1.291999999999999886e+02 5.814335051638279059e-03
1.293520000000000039e+02 5.755894534466643800e-03
1.295039999999999907e+02 5.698547775484786616e-03
1.296560000000000059e+02 5.642269055708223728e-03
1.298079999999999927e+02 5.587033406983064367e-03
1.299600000000000080e+02 5.532816586135272559e-03
1.301119999999999948e+02 5.479595050142391406e-03
1.302640000000000100e+02 5.427345932281921019e-03
1.304159999999999968e+02 5.376047019213493761e-03
1.305679999999999836e+02 5.325676728953474513e-03
1.307199999999999989e+02 5.276214089703085662e-03
1.308719999999999857e+02 5.227638719492803607e-03
1.310240000000000009e+02 5.179930806607530892e-03
1.311759999999999877e+02 5.133071090759037773e-03
1.313280000000000030e+02 5.087040844973344904e-03
1.314799999999999898e+02 5.041821858162733733e-03
1.316320000000000050e+02 4.997396418352994911e-03
1.317839999999999918e+02 4.953747296538442771e-03
1.319360000000000070e+02 4.910857731137981998e-03
1.320879999999999939e+02 4.868711413027277703e-03
1.322400000000000091e+02 4.827292471122728024e-03
1.323919999999999959e+02 4.786585458494573356e-03
1.325439999999999827e+02 4.746575338987014947e-03
1.326959999999999980e+02 4.707247474324684905e-03
1.328479999999999848e+02 4.668587611685458445e-03
1.330000000000000000e+02 4.630581871720535966e-03
1.331519999999999868e+02 4.593216737003805866e-03
1.333040000000000020e+02 4.556479040892965661e-03
1.334559999999999889e+02 4.520355956786024747e-03
1.336080000000000041e+02 4.484834987757186850e-03
1.337599999999999909e+02 4.449903956557193542e-03
1.339120000000000061e+02 4.415550995963466938e-03
1.340639999999999930e+02 4.381764539466460884e-03
1.342160000000000082e+02 4.348533312278793882e-03
1.343679999999999950e+02 4.315846322654762202e-03
1.345200000000000102e+02 4.283692853507905379e-03
1.346719999999999970e+02 4.252062454315319769e-03
1.348239999999999839e+02 4.220944933297419294e-03
1.349759999999999991e+02 4.190330349862753274e-03
1.351279999999999859e+02 4.160209007307642121e-03
1.352800000000000011e+02 4.130571445760908636e-03
1.354319999999999879e+02 4.101408435364524777e-03
1.355840000000000032e+02 4.072710969681124678e-03
1.357359999999999900e+02 4.044470259320008705e-03
1.358880000000000052e+02 4.016677725773304918e-03
1.360399999999999920e+02 3.989324995454639547e-03
1.361920000000000073e+02 3.962403893932611720e-03
1.363439999999999941e+02 3.935906440352066743e-03
1.364960000000000093e+02 3.909824842036099812e-03
1.366479999999999961e+02 3.884151489262313139e-03
1.367999999999999829e+02 3.858878950206844245e-03
1.369519999999999982e+02 3.833999966050194528e-03
1.371039999999999850e+02 3.809507446238936598e-03
1.372560000000000002e+02 3.785394463897696817e-03
1.374079999999999870e+02 3.761654251386069639e-03
1.375600000000000023e+02 3.738280195995224466e-03
1.377119999999999891e+02 3.715265835779339113e-03
1.378640000000000043e+02 3.692604855516952791e-03
1.380159999999999911e+02 3.670291082797817652e-03
1.381680000000000064e+02 3.648318484230690488e-03
1.383199999999999932e+02 3.626681161767981044e-03
1.384720000000000084e+02 3.605373349143048498e-03
1.386239999999999952e+02 3.584389408416392610e-03
1.387760000000000105e+02 3.563723826626825127e-03
1.389279999999999973e+02 3.543371212544160244e-03
1.390799999999999841e+02 3.523326293519819363e-03
1.392319999999999993e+02 3.503583912432104049e-03
1.393839999999999861e+02 3.484139024722897153e-03
1.395360000000000014e+02 3.464986695522646182e-03
1.396879999999999882e+02 3.446122096860760979e-03
1.398400000000000034e+02 3.427540504958444170e-03
1.399919999999999902e+02 3.409237297601300232e-03
1.401440000000000055e+02 3.391207951588982774e-03
1.402959999999999923e+02 3.373448040259412369e-03
1.404480000000000075e+02 3.355953231085006226e-03
1.405999999999999943e+02 3.338719283338648525e-03
1.407520000000000095e+02 3.321742045827035666e-03
1.409039999999999964e+02 3.305017454689262307e-03
1.410559999999999832e+02 3.288541531258469368e-03
1.412079999999999984e+02 3.272310379984558204e-03
1.413599999999999852e+02 3.256320186415996402e-03
1.415120000000000005e+02 3.240567215238772305e-03
1.416639999999999873e+02 3.225047808370738386e-03
1.418160000000000025e+02 3.209758383109511184e-03
1.419679999999999893e+02 3.194695430332291503e-03
1.421200000000000045e+02 3.179855512745893582e-03
1.422719999999999914e+02 3.165235263185469695e-03
1.424240000000000066e+02 3.150831382960344630e-03
1.425759999999999934e+02 3.136640640245531072e-03
1.427280000000000086e+02 3.122659868517464830e-03
1.428799999999999955e+02 3.108885965032627194e-03
1.430319999999999823e+02 3.095315889347684864e-03
1.431839999999999975e+02 3.081946661879905822e-03
1.433359999999999843e+02 3.068775362506609081e-03
1.434879999999999995e+02 3.055799129202418397e-03
1.436399999999999864e+02 3.043015156713234446e-03
1.437920000000000016e+02 3.030420695265738894e-03
1.439439999999999884e+02 3.018013049311427283e-03
1.440960000000000036e+02 3.005789576304056156e-03
1.442479999999999905e+02 2.993747685509586757e-03
1.444000000000000057e+02 2.981884836847564953e-03
1.445519999999999925e+02 2.970198539763080001e-03
1.447040000000000077e+02 2.958686352128335039e-03
1.448559999999999945e+02 2.947345879173001414e-03
1.450080000000000098e+02 2.936174772442460851e-03
1.451599999999999966e+02 2.925170728783170037e-03
1.453119999999999834e+02 2.914331489354303212e-03
1.454639999999999986e+02 2.903654838664949858e-03
1.456159999999999854e+02 2.893138603636103735e-03
1.457680000000000007e+02 2.882780652686717758e-03
1.459199999999999875e+02 2.872578894843165476e-03
1.460720000000000027e+02 2.862531278871391013e-03
1.462239999999999895e+02 2.852635792431152013e-03
1.463760000000000048e+02 2.842890461251665161e-03
1.465279999999999916e+02 2.833293348328110462e-03
1.466800000000000068e+02 2.823842553138343741e-03
1.468319999999999936e+02 2.814536210879303463e-03
1.469840000000000089e+02 2.805372491722504281e-03
1.471359999999999957e+02 2.796349600088136791e-03
1.472879999999999825e+02 2.787465773937207111e-03
1.474399999999999977e+02 2.778719284081246181e-03
1.475919999999999845e+02 2.770108433509104774e-03
1.477439999999999998e+02 2.761631556730315996e-03
1.478959999999999866e+02 2.753287019134650557e-03
1.480480000000000018e+02 2.745073216367332255e-03
1.481999999999999886e+02 2.736988573719567608e-03
1.483520000000000039e+02 2.729031545533903459e-03
1.485039999999999907e+02 2.721200614624069095e-03
1.486560000000000059e+02 2.713494291708866153e-03
1.488079999999999927e+02 2.705911114859767611e-03
1.489600000000000080e+02 2.698449648961818211e-03
1.491119999999999948e+02 2.691108485187524487e-03
1.492640000000000100e+02 2.683886240483345387e-03
1.494159999999999968e+02 2.676781557068495104e-03
1.495679999999999836e+02 2.669793101945684265e-03
1.497199999999999989e+02 2.662919566423527142e-03
1.498719999999999857e+02 2.656159665650294384e-03
1.500240000000000009e+02 2.649512138158696423e-03
1.501759999999999877e+02 2.642975745421446455e-03
1.503280000000000030e+02 2.636549271417286833e-03
1.504799999999999898e+02 2.630231522207248599e-03
1.506320000000000050e+02 2.624021325520830162e-03
1.507839999999999918e+02 2.617917530351900838e-03
1.509360000000000070e+02 2.611919006564020901e-03
1.510879999999999939e+02 2.606024644504991231e-03
1.512400000000000091e+02 2.600233354630358470e-03
1.513919999999999959e+02 2.594544067135677503e-03
1.515439999999999827e+02 2.588955731597289249e-03
1.516959999999999980e+02 2.583467316621422104e-03
1.518479999999999848e+02 2.578077809501394969e-03
1.520000000000000000e+02 2.572786215882716734e-03
1.521519999999999868e+02 2.567591559435906598e-03
1.523040000000000020e+02 2.562492881536822253e-03
1.524559999999999889e+02 2.557489240954331170e-03
1.526080000000000041e+02 2.552579713545124161e-03
1.527599999999999909e+02 2.547763391955525092e-03
1.529120000000000061e+02 2.543039385330095065e-03
1.530639999999999930e+02 2.538406819026900550e-03
1.532160000000000082e+02 2.533864834339247685e-03
1.533679999999999950e+02 2.529412588223771321e-03
1.535200000000000102e+02 2.525049253034683180e-03
1.536719999999999970e+02 2.520774016264069450e-03
1.538239999999999839e+02 2.516586080288071674e-03
1.539759999999999991e+02 2.512484662118819566e-03
1.541279999999999859e+02 2.508468993161991258e-03
1.542800000000000011e+02 2.504538318979842703e-03
1.544319999999999879e+02 2.500691899059619919e-03
1.545840000000000032e+02 2.496929006587182785e-03
1.547359999999999900e+02 2.493248928225764039e-03
1.548880000000000052e+02 2.489650963899713021e-03
1.550399999999999920e+02 2.486134426583132620e-03
1.551920000000000073e+02 2.482698642093280218e-03
1.553439999999999941e+02 2.479342948888651945e-03
1.554960000000000093e+02 2.476066697871605847e-03
1.556479999999999961e+02 2.472869252195459763e-03
1.557999999999999829e+02 2.469749987075953342e-03
1.559519999999999982e+02 2.466708289606954919e-03
1.561039999999999850e+02 2.463743558580361662e-03
1.562560000000000002e+02 2.460855204310062432e-03
1.564079999999999870e+02 2.458042648459906124e-03
1.565600000000000023e+02 2.455305323875557090e-03
1.567119999999999891e+02 2.452642674420192105e-03
1.568640000000000043e+02 2.450054154813917449e-03
1.570159999999999911e+02 2.447539230476861866e-03
1.571680000000000064e+02 2.445097377375842190e-03
1.573199999999999932e+02 2.442728081874543516e-03
1.574720000000000084e+02 2.440430840587130661e-03
1.576239999999999952e+02 2.438205160235224107e-03
1.577759999999999820e+02 2.436050557508172374e-03
1.579279999999999973e+02 2.433966558926553125e-03
1.580799999999999841e+02 2.431952700708834951e-03
1.582319999999999993e+02 2.430008528641138237e-03
1.583839999999999861e+02 2.428133597950034826e-03
1.585360000000000014e+02 2.426327473178322737e-03
1.586879999999999882e+02 2.424589728063725191e-03
1.588400000000000034e+02 2.422919945420441527e-03
1.589919999999999902e+02 2.421317717023517904e-03
1.591440000000000055e+02 2.419782643495955402e-03
1.592959999999999923e+02 2.418314334198538602e-03
1.594480000000000075e+02 2.416912407122292269e-03
1.595999999999999943e+02 2.415576488783559642e-03
1.597520000000000095e+02 2.414306214121614714e-03
1.599039999999999964e+02 2.413101226398797674e-03
1.600559999999999832e+02 2.411961177103094569e-03
1.602079999999999984e+02 2.410885725853150353e-03
1.603599999999999852e+02 2.409874540305642025e-03
1.605120000000000005e+02 2.408927296064993211e-03
1.606639999999999873e+02 2.408043676595375982e-03
1.608160000000000025e+02 2.407223373134967370e-03
1.609679999999999893e+02 2.406466084612422871e-03
1.611200000000000045e+02 2.405771517565521815e-03
1.612719999999999914e+02 2.405139386061962495e-03
1.614240000000000066e+02 2.404569411622259779e-03
1.615759999999999934e+02 2.404061323144717020e-03
1.617280000000000086e+02 2.403614856832440600e-03
1.618799999999999955e+02 2.403229756122361987e-03
1.620319999999999823e+02 2.402905771616237370e-03
1.621839999999999975e+02 2.402642661013602767e-03
1.623359999999999843e+02 2.402440189046635161e-03
1.624879999999999995e+02 2.402298127416923126e-03
1.626399999999999864e+02 2.402216254734086676e-03
1.627920000000000016e+02 2.402194356456245454e-03
1.629439999999999884e+02 2.402232224832297550e-03
1.630960000000000036e+02 2.402329658845985504e-03
1.632479999999999905e+02 2.402486464161731738e-03
1.634000000000000057e+02 2.402702453072210007e-03
1.635519999999999925e+02 2.402977444447647673e-03
1.637040000000000077e+02 2.403311263686815427e-03
1.638559999999999945e+02 2.403703742669706205e-03
1.640080000000000098e+02 2.404154719711866853e-03
1.641599999999999966e+02 2.404664039520372151e-03
1.643119999999999834e+02 2.405231553151423399e-03
1.644639999999999986e+02 2.405857117969546852e-03
1.646159999999999854e+02 2.406540597608384634e-03
1.647680000000000007e+02 2.407281861933057310e-03
1.649199999999999875e+02 2.408080787004076000e-03
1.650720000000000027e+02 2.408937255042808805e-03
1.652239999999999895e+02 2.409851154398462945e-03
1.653760000000000048e+02 2.410822379516591295e-03
1.655279999999999916e+02 2.411850830909092070e-03
1.656800000000000068e+02 2.412936415125706887e-03
1.658319999999999936e+02 2.414079044726989438e-03
1.659840000000000089e+02 2.415278638258750842e-03
1.661359999999999957e+02 2.416535120227950029e-03
1.662879999999999825e+02 2.417848421080049954e-03
1.664399999999999977e+02 2.419218477177797165e-03
1.665919999999999845e+02 2.420645230781435977e-03
1.667439999999999998e+02 2.422128630030357700e-03
1.668959999999999866e+02 2.423668628926148923e-03
1.670480000000000018e+02 2.425265187317064437e-03
1.671999999999999886e+02 2.426918270883894006e-03
1.673520000000000039e+02 2.428627851127236007e-03
1.675039999999999907e+02 2.430393905356158409e-03
1.676560000000000059e+02 2.432216416678257935e-03
1.678079999999999927e+02 2.434095373991094872e-03
1.679600000000000080e+02 2.436030771975026057e-03
1.681119999999999948e+02 2.438022611087405263e-03
1.682640000000000100e+02 2.440070897558174398e-03
1.684159999999999968e+02 2.442175643386826009e-03
1.685679999999999836e+02 2.444336866340749651e-03
1.687199999999999989e+02 2.446554589954949999e-03
1.688719999999999857e+02 2.448828843533151865e-03
1.690240000000000009e+02 2.451159662150276947e-03
1.691759999999999877e+02 2.453547086656308364e-03
1.693280000000000030e+02 2.455991163681536891e-03
1.694799999999999898e+02 2.458491945643191071e-03
1.696320000000000050e+02 2.461049490753468121e-03
1.697839999999999918e+02 2.463663863028944367e-03
1.699360000000000070e+02 2.466335132301400793e-03
1.700879999999999939e+02 2.469063374230039826e-03
1.702400000000000091e+02 2.471848670315125469e-03
1.703919999999999959e+02 2.474691107913025954e-03
1.705439999999999827e+02 2.477590780252697956e-03
1.706959999999999980e+02 2.480547786453589365e-03
1.708479999999999848e+02 2.483562231544985364e-03
1.710000000000000000e+02 2.486634226486811663e-03
1.711519999999999868e+02 2.489763888191887965e-03
1.713040000000000020e+02 2.492951339549655514e-03
1.714559999999999889e+02 2.496196709451384797e-03
1.716080000000000041e+02 2.499500132816875539e-03
1.717599999999999909e+02 2.502861750622659403e-03
1.719120000000000061e+02 2.506281709931725346e-03
1.720639999999999930e+02 2.509760163924765891e-03
1.722160000000000082e+02 2.513297271932984651e-03
1.723679999999999950e+02 2.516893199472445154e-03
1.725199999999999818e+02 2.520548118280016917e-03
1.726719999999999970e+02 2.524262206350897514e-03
1.728239999999999839e+02 2.528035647977750541e-03
1.729759999999999991e+02 2.531868633791478987e-03
1.731279999999999859e+02 2.535761360803631854e-03
1.732800000000000011e+02 2.539714032450489985e-03
1.734319999999999879e+02 2.543726858638829802e-03
1.735840000000000032e+02 2.547800055793403556e-03
1.737359999999999900e+02 2.551933846906140856e-03
1.738880000000000052e+02 2.556128461587108339e-03
1.740399999999999920e+02 2.560384136117244830e-03
1.741920000000000073e+02 2.564701113502899747e-03
1.743439999999999941e+02 2.569079643532191232e-03
1.744960000000000093e+02 2.573519982833229539e-03
1.746479999999999961e+02 2.578022394934202655e-03
1.747999999999999829e+02 2.582587150325391361e-03
1.749519999999999982e+02 2.587214526523105070e-03
1.751039999999999850e+02 2.591904808135592642e-03
1.752560000000000002e+02 2.596658286930955510e-03
1.754079999999999870e+02 2.601475261907080887e-03
1.755600000000000023e+02 2.606356039363655775e-03
1.757119999999999891e+02 2.611300932976264380e-03
1.758640000000000043e+02 2.616310263872628338e-03
1.760159999999999911e+02 2.621384360711018387e-03
1.761680000000000064e+02 2.626523559760874770e-03
1.763199999999999932e+02 2.631728204985667608e-03
1.764720000000000084e+02 2.636998648128059675e-03
1.766239999999999952e+02 2.642335248797387202e-03
1.767759999999999820e+02 2.647738374559518559e-03
1.769279999999999973e+02 2.653208401029128090e-03
1.770799999999999841e+02 2.658745711964431973e-03
1.772319999999999993e+02 2.664350699364435512e-03
1.773839999999999861e+02 2.670023763568729613e-03
1.775360000000000014e+02 2.675765313359909723e-03
1.776879999999999882e+02 2.681575766068630250e-03
1.778400000000000034e+02 2.687455547681395513e-03
1.779919999999999902e+02 2.693405092951094582e-03
1.781440000000000055e+02 2.699424845510368064e-03
1.782959999999999923e+02 2.705515257987852352e-03
1.784480000000000075e+02 2.711676792127362071e-03
1.785999999999999943e+02 2.717909918910067953e-03
1.787520000000000095e+02 2.724215118679744300e-03
1.789039999999999964e+02 2.730592881271135496e-03
1.790559999999999832e+02 2.737043706141524795e-03
1.792079999999999984e+02 2.743568102505558343e-03
1.793599999999999852e+02 2.750166589473406788e-03
1.795120000000000005e+02 2.756839696192334762e-03
1.796639999999999873e+02 2.763587961991740682e-03
1.798160000000000025e+02 2.770411936531777877e-03
1.799679999999999893e+02 2.777312179955580915e-03
1.801200000000000045e+02 2.784289263045248465e-03
1.802719999999999914e+02 2.791343767381595283e-03
1.804240000000000066e+02 2.798476285507824676e-03
1.805759999999999934e+02 2.805687421097157429e-03
1.807280000000000086e+02 2.812977789124553821e-03
1.808799999999999955e+02 2.820348016042577722e-03
1.810319999999999823e+02 2.827798739961553693e-03
1.811839999999999975e+02 2.835330610834066109e-03
1.813359999999999843e+02 2.842944290643932993e-03
1.814879999999999995e+02 2.850640453599758654e-03
1.816399999999999864e+02 2.858419786333165746e-03
1.817920000000000016e+02 2.866282988101827300e-03
1.819439999999999884e+02 2.874230770997402828e-03
1.820960000000000036e+02 2.882263860158525929e-03
1.822479999999999905e+02 2.890382993988921921e-03
1.824000000000000057e+02 2.898588924380835017e-03
1.825519999999999925e+02 2.906882416943844857e-03
1.827040000000000077e+02 2.915264251239257139e-03
1.828559999999999945e+02 2.923735221020154224e-03
1.830079999999999814e+02 2.932296134477296087e-03
1.831599999999999966e+02 2.940947814490994794e-03
1.833119999999999834e+02 2.949691098889103448e-03
1.834639999999999986e+02 2.958526840711319522e-03
1.836159999999999854e+02 2.967455908479901035e-03
1.837680000000000007e+02 2.976479186477027587e-03
1.839199999999999875e+02 2.985597575028915967e-03
1.840720000000000027e+02 2.994811990796925408e-03
1.842239999999999895e+02 3.004123367075776929e-03
1.843760000000000048e+02 3.013532654099124880e-03
1.845279999999999916e+02 3.023040819352635061e-03
1.846800000000000068e+02 3.032648847894798844e-03
1.848319999999999936e+02 3.042357742685656771e-03
1.849840000000000089e+02 3.052168524923689220e-03
1.851359999999999957e+02 3.062082234391027679e-03
1.852879999999999825e+02 3.072099929807287164e-03
1.854399999999999977e+02 3.082222689192188041e-03
1.855919999999999845e+02 3.092451610237232675e-03
1.857439999999999998e+02 3.102787810686714887e-03
1.858959999999999866e+02 3.113232428728236138e-03
1.860480000000000018e+02 3.123786623393095315e-03
1.861999999999999886e+02 3.134451574966727345e-03
1.863520000000000039e+02 3.145228485409546672e-03
1.865039999999999907e+02 3.156118578788425898e-03
1.866560000000000059e+02 3.167123101719159558e-03
1.868079999999999927e+02 3.178243323820168897e-03
1.869600000000000080e+02 3.189480538177822799e-03
1.871119999999999948e+02 3.200836061823648070e-03
1.872639999999999816e+02 3.212311236223811591e-03
1.874159999999999968e+02 3.223907427781201335e-03
1.875679999999999836e+02 3.235626028350460995e-03
1.877199999999999989e+02 3.247468455766394559e-03
1.878719999999999857e+02 3.259436154386063066e-03
1.880240000000000009e+02 3.271530595645039292e-03
1.881759999999999877e+02 3.283753278628161708e-03
1.883280000000000030e+02 3.296105730655296377e-03
1.884799999999999898e+02 3.308589507882455077e-03
1.886320000000000050e+02 3.321206195918815184e-03
1.887839999999999918e+02 3.333957410460022981e-03
1.889360000000000070e+02 3.346844797938362814e-03
1.890879999999999939e+02 3.359870036190183273e-03
1.892400000000000091e+02 3.373034835141221818e-03
1.893919999999999959e+02 3.386340937510238114e-03
1.895439999999999827e+02 3.399790119531643888e-03
1.896959999999999980e+02 3.413384191697584231e-03
1.898479999999999848e+02 3.427124999520132168e-03
1.900000000000000000e+02 3.441014424314222265e-03
1.901519999999999868e+02 3.455054384001895323e-03
1.903040000000000020e+02 3.469246833938594444e-03
1.904559999999999889e+02 3.483593767762108769e-03
1.906080000000000041e+02 3.498097218264962019e-03
1.907599999999999909e+02 3.512759258290888090e-03
1.909120000000000061e+02 3.527582001656230301e-03
1.910639999999999930e+02 3.542567604096973771e-03
1.912160000000000082e+02 3.557718264242291754e-03
1.913679999999999950e+02 3.573036224615388709e-03
1.915199999999999818e+02 3.588523772662555178e-03
1.916719999999999970e+02 3.604183241811309210e-03
1.918239999999999839e+02 3.620017012558558473e-03
1.919759999999999991e+02 3.636027513589791364e-03
1.921279999999999859e+02 3.652217222930229969e-03
1.922800000000000011e+02 3.668588669129073301e-03
1.924319999999999879e+02 3.685144432477818754e-03
1.925840000000000032e+02 3.701887146263877805e-03
1.927359999999999900e+02 3.718819498060536334e-03
1.928880000000000052e+02 3.735944231054590982e-03
1.930399999999999920e+02 3.753264145412771747e-03
1.931920000000000073e+02 3.770782099688385451e-03
1.933439999999999941e+02 3.788501012269394376e-03
1.934960000000000093e+02 3.806423862869441014e-03
1.936479999999999961e+02 3.824553694063172020e-03
1.937999999999999829e+02 3.842893612867433022e-03
1.939519999999999982e+02 3.861446792369856943e-03
1.941039999999999850e+02 3.880216473406469108e-03
1.942560000000000002e+02 3.899205966290029100e-03
1.944079999999999870e+02 3.918418652590793805e-03
1.945600000000000023e+02 3.937857986971589862e-03
1.947119999999999891e+02 3.957527499079006167e-03
1.948640000000000043e+02 3.977430795492756417e-03
1.950159999999999911e+02 3.997571561735148958e-03
1.951680000000000064e+02 4.017953564342892185e-03
1.953199999999999932e+02 4.038580653003312829e-03
1.954720000000000084e+02 4.059456762757431350e-03
1.956239999999999952e+02 4.080585916272097546e-03
1.957759999999999820e+02 4.101972226183842225e-03
1.959279999999999973e+02 4.123619897516889177e-03
1.960799999999999841e+02 4.145533230178056160e-03
1.962319999999999993e+02 4.167716621531389852e-03
1.963839999999999861e+02 4.190174569055319861e-03
1.965360000000000014e+02 4.212911673085488126e-03
1.966879999999999882e+02 4.235932639646290340e-03
1.968400000000000034e+02 4.259242283374505174e-03
1.969919999999999902e+02 4.282845530538331551e-03
1.971440000000000055e+02 4.306747422155499452e-03
1.972959999999999923e+02 4.330953117214028647e-03
1.974480000000000075e+02 4.355467895999663372e-03
1.975999999999999943e+02 4.380297163533827982e-03
1.977519999999999811e+02 4.405446453126469000e-03
1.979039999999999964e+02 4.430921430048044042e-03
1.980559999999999832e+02 4.456727895325247706e-03
1.982079999999999984e+02 4.482871789665311690e-03
1.983599999999999852e+02 4.509359197513697348e-03
1.985120000000000005e+02 4.536196351250537488e-03
1.986639999999999873e+02 4.563389635531058496e-03
1.988160000000000025e+02 4.590945591775801894e-03
1.989679999999999893e+02 4.618870922816361267e-03
1.991200000000000045e+02 4.647172497702967142e-03
1.992719999999999914e+02 4.675857356680172654e-03
1.994240000000000066e+02 4.704932716337522497e-03
1.995759999999999934e+02 4.734405974942049525e-03
1.997280000000000086e+02 4.764284717960094728e-03
1.998799999999999955e+02 4.794576723775953279e-03
2.000319999999999823e+02 4.825289969615511113e-03
2.001839999999999975e+02 4.856432637683110246e-03
2.003359999999999843e+02 4.888013121520464778e-03
2.004879999999999995e+02 4.920040032596845886e-03
2.006399999999999864e+02 4.952522207139956230e-03
2.007920000000000016e+02 4.985468713217743389e-03
2.009439999999999884e+02 5.018888858081434028e-03
2.010960000000000036e+02 5.052792195780978629e-03
2.012479999999999905e+02 5.087188535064232804e-03
2.014000000000000057e+02 5.122087947572120589e-03
2.015519999999999925e+02 5.157500776342209027e-03
2.017040000000000077e+02 5.193437644634135535e-03
2.018559999999999945e+02 5.229909465090549874e-03
2.020079999999999814e+02 5.266927449248311535e-03
2.021599999999999966e+02 5.304503117415019890e-03
2.023119999999999834e+02 5.342648308926941508e-03
2.024639999999999986e+02 5.381375192805159732e-03
2.026159999999999854e+02 5.420696278827377007e-03
2.027680000000000007e+02 5.460624429034064212e-03
2.029199999999999875e+02 5.501172869688088392e-03
2.030720000000000027e+02 5.542355203708436082e-03
2.032239999999999895e+02 5.584185423599123850e-03
2.033760000000000048e+02 5.626677924896052174e-03
2.035279999999999916e+02 5.669847520155084364e-03
2.036800000000000068e+02 5.713709453506421627e-03
2.038319999999999936e+02 5.758279415801083496e-03
2.039840000000000089e+02 5.803573560377139028e-03
2.041359999999999957e+02 5.849608519474245802e-03
2.042879999999999825e+02 5.896401421327067752e-03
2.044399999999999977e+02 5.943969907969256540e-03
2.045919999999999845e+02 5.992332153781664006e-03
2.047439999999999998e+02 6.041506884820166227e-03
2.048959999999999866e+02 6.091513398960147693e-03
2.050480000000000018e+02 6.142371586897081050e-03
2.051999999999999886e+02 6.194101954044193940e-03
2.053520000000000039e+02 6.246725643371068074e-03
2.055039999999999907e+02 6.300264459228670580e-03
2.056560000000000059e+02 6.354740892209546042e-03
2.058079999999999927e+02 6.410178145093809246e-03
2.059600000000000080e+02 6.466600159935042072e-03
2.061119999999999948e+02 6.524031646342568456e-03
2.062639999999999816e+02 6.582498111020297117e-03
2.064159999999999968e+02 6.642025888625127661e-03
2.065679999999999836e+02 6.702642174011806675e-03
2.067199999999999989e+02 6.764375055934891690e-03
2.068719999999999857e+02 6.827253552282048360e-03
2.070240000000000009e+02 6.891307646917844108e-03
2.071759999999999877e+02 6.956568328220885146e-03
2.073280000000000030e+02 7.023067629402770379e-03
2.074799999999999898e+02 7.090838670701526784e-03
2.076320000000000050e+02 7.159915703548548616e-03
2.077839999999999918e+02 7.230334156812801179e-03
2.079360000000000070e+02 7.302130685233133682e-03
2.080879999999999939e+02 7.375343220155127118e-03
2.082399999999999807e+02 7.450011022696662565e-03
2.083919999999999959e+02 7.526174739473006324e-03
2.085439999999999827e+02 7.603876461020515030e-03
2.086959999999999980e+02 7.683159783066381004e-03
2.088479999999999848e+02 7.764069870800277551e-03
2.090000000000000000e+02 7.846653526313933716e-03
2.091519999999999868e+02 7.930959259383961804e-03
2.093040000000000020e+02 8.017037361784806401e-03
2.094559999999999889e+02 8.104939985329314908e-03
2.096080000000000041e+02 8.194721223847517208e-03
2.097599999999999909e+02 8.286437199326293981e-03
2.099120000000000061e+02 8.380146152447490171e-03
2.100639999999999930e+02 8.475908537775873192e-03
2.102160000000000082e+02 8.573787123865134543e-03
2.103679999999999950e+02 8.673847098566039165e-03
2.105199999999999818e+02 8.776156179839853314e-03
2.106719999999999970e+02 8.880784732398528183e-03
2.108239999999999839e+02 8.987805890514235022e-03
2.109759999999999991e+02 9.097295687362859373e-03
2.111279999999999859e+02 9.209333191288816486e-03
2.112800000000000011e+02 9.324000649404702579e-03
2.114319999999999879e+02 9.441383638964828337e-03
2.115840000000000032e+02 9.561571226981539079e-03
2.117359999999999900e+02 9.684656138582483850e-03
2.118880000000000052e+02 9.810734934640973764e-03
2.120399999999999920e+02 9.939908199245128112e-03
2.121920000000000073e+02 1.007228073761007488e-02
2.123439999999999941e+02 1.020796178507595887e-02
2.124959999999999809e+02 1.034706522787843738e-02
2.126479999999999961e+02 1.048970983642246585e-02
2.127999999999999829e+02 1.063601951183952565e-02
2.129519999999999982e+02 1.078612354666024821e-02
2.131039999999999850e+02 1.094015690048882189e-02
2.132560000000000002e+02 1.109826049162592788e-02
2.134079999999999870e+02 1.126058150564824070e-02
2.135600000000000023e+02 1.142727372202140615e-02
2.137119999999999891e+02 1.159849785989284197e-02
2.138640000000000043e+02 1.177442194428894411e-02
2.140159999999999911e+02 1.195522169401999277e-02
2.141680000000000064e+02 1.214108093268430159e-02
2.143199999999999932e+02 1.233219202425227430e-02
2.144720000000000084e+02 1.252875633481014515e-02
2.146239999999999952e+02 1.273098472214351934e-02
2.147759999999999820e+02 1.293909805495165391e-02
2.149279999999999973e+02 1.315332776359576586e-02
2.150799999999999841e+02 1.337391642440679228e-02
2.152319999999999993e+02 1.360111837970459127e-02
2.153839999999999861e+02 1.383520039581223431e-02
2.155360000000000014e+02 1.407644236148982569e-02
2.156879999999999882e+02 1.432513802935408628e-02
2.158400000000000034e+02 1.458159580300204435e-02
2.159919999999999902e+02 1.484613957270831258e-02
2.161440000000000055e+02 1.511910960272548794e-02
2.162959999999999923e+02 1.540086347337427976e-02
2.164480000000000075e+02 1.569177708127306170e-02
2.165999999999999943e+02 1.599224570121265607e-02
2.167519999999999811e+02 1.630268511334025464e-02
2.169039999999999964e+02 1.662353279946130261e-02
2.170559999999999832e+02 1.695524921240637584e-02
2.172079999999999984e+02 1.729831912253016260e-02
2.173599999999999852e+02 1.765325304550486793e-02
2.175120000000000005e+02 1.802058875564069296e-02
2.176639999999999873e+02 1.840089288898942924e-02
2.178160000000000025e+02 1.879476264046756051e-02
2.179679999999999893e+02 1.920282755914254694e-02
2.181200000000000045e+02 1.962575144566008900e-02
2.182719999999999914e+02 2.006423435551431267e-02
2.184240000000000066e+02 2.051901471146988162e-02
2.185759999999999934e+02 2.099087152788824129e-02
2.187280000000000086e+02 2.148062674897329577e-02
2.188799999999999955e+02 2.198914770197397950e-02
2.190319999999999823e+02 2.251734966513268751e-02
2.191839999999999975e+02 2.306619854857028251e-02
2.193359999999999843e+02 2.363671368429777139e-02
2.194879999999999995e+02 2.422997071904813352e-02
2.196399999999999864e+02 2.484710460052916639e-02
2.197920000000000016e+02 2.548931264390703888e-02
2.199439999999999884e+02 2.615785766068133913e-02
2.200960000000000036e+02 2.685407112647165279e-02
2.202479999999999905e+02 2.757935635738653635e-02
2.204000000000000057e+02 2.833519165639973580e-02
2.205519999999999925e+02 2.912313338122920342e-02
2.207040000000000077e+02 2.994481887334307646e-02
2.208559999999999945e+02 3.080196917353110117e-02
2.210079999999999814e+02 3.169639143263402320e-02
2.211599999999999966e+02 3.262998090604832258e-02
2.213119999999999834e+02 3.360472239706616820e-02
2.214639999999999986e+02 3.462269098642224013e-02
2.216159999999999854e+02 3.568605185301543942e-02
2.217680000000000007e+02 3.679705895306938090e-02
2.219199999999999875e+02 3.795805228131865494e-02
2.220720000000000027e+02 3.917145338758615952e-02
2.222239999999999895e+02 4.043975876473322739e-02
2.223760000000000048e+02 4.176553065901650319e-02
2.225279999999999916e+02 4.315138478106714248e-02
2.226800000000000068e+02 4.459997431513994248e-02
2.228319999999999936e+02 4.611396953644533031e-02
2.229839999999999804e+02 4.769603225256609236e-02
2.231359999999999957e+02 4.934878418729680277e-02
2.232879999999999825e+02 5.107476832726096788e-02
2.234399999999999977e+02 5.287640215852337788e-02
2.235919999999999845e+02 5.475592163952615332e-02
2.237439999999999998e+02 5.671531469827324756e-02
2.238959999999999866e+02 5.875624301931173937e-02
2.240480000000000018e+02 6.087995091745143639e-02
2.241999999999999886e+02 6.308716020252116974e-02
2.243520000000000039e+02 6.537795015014406796e-02
2.245039999999999907e+02 6.775162203968582153e-02
2.246560000000000059e+02 7.020654823887392815e-02
2.248079999999999927e+02 7.274000654427377477e-02
2.249600000000000080e+02 7.534800146686811140e-02
2.251119999999999948e+02 7.802507541596172269e-02
2.252639999999999816e+02 8.076411430380120438e-02
2.254159999999999968e+02 8.355615396638368941e-02
2.255679999999999836e+02 8.639019593716164291e-02
2.257199999999999989e+02 8.925304343477694080e-02
2.258719999999999857e+02 9.212917078498697454e-02
2.260240000000000009e+02 9.500064166609631378e-02
2.261759999999999877e+02 9.784709324015163079e-02
2.263280000000000030e+02 1.006458040274332000e-01
2.264799999999999898e+02 1.033718628665119266e-01
2.266320000000000050e+02 1.059984540400681075e-01
2.267839999999999918e+02 1.084972692703972674e-01
2.269360000000000070e+02 1.108390505949009563e-01
2.270879999999999939e+02 1.129942591864035589e-01
2.272399999999999807e+02 1.149338544146333713e-01
2.273919999999999959e+02 1.166301556993243754e-01
2.275439999999999827e+02 1.180577482280981833e-01
2.276959999999999980e+02 1.191943839374990516e-01
2.278479999999999848e+02 1.200218228935100023e-01
2.280000000000000000e+02 1.205265587568780800e-01
2.281519999999999868e+02 1.207003762546783182e-01
2.283040000000000020e+02 1.205406986006294645e-01
2.284559999999999889e+02 1.200506978078260817e-01
2.286080000000000041e+02 1.192391591716383953e-01
2.287599999999999909e+02 1.181201106291762254e-01
2.289120000000000061e+02 1.167122457881396569e-01
2.290639999999999930e+02 1.150381839683581181e-01
2.292160000000000082e+02 1.131236200449946133e-01
2.293679999999999950e+02 1.109964205122063036e-01
2.295199999999999818e+02 1.086857201866439915e-01
2.296719999999999970e+02 1.062210672850549820e-01
2.298239999999999839e+02 1.036316546740595895e-01
2.299759999999999991e+02 1.009456635176625289e-01
2.301279999999999859e+02 9.818973385168881796e-02
2.302800000000000011e+02 9.538856600204945191e-02
2.304319999999999879e+02 9.256464803772290750e-02
2.305840000000000032e+02 8.973809799720965097e-02
2.307359999999999900e+02 8.692660548225608630e-02
2.308880000000000052e+02 8.414545514967972095e-02
2.310399999999999920e+02 8.140761427282373897e-02
2.311920000000000073e+02 7.872386744942462544e-02
2.313439999999999941e+02 7.610298327339695690e-02
2.314959999999999809e+02 7.355189998951361385e-02
2.316479999999999961e+02 7.107591951448571921e-02
2.317999999999999829e+02 6.867890151912377228e-02
2.319519999999999982e+02 6.636345138278179623e-02
2.321039999999999850e+02 6.413109767399620409e-02
2.322560000000000002e+02 6.198245634843500135e-02
2.324079999999999870e+02 5.991738008873116750e-02
2.325600000000000023e+02 5.793509216324808919e-02
2.327119999999999891e+02 5.603430488690715194e-02
2.328640000000000043e+02 5.421332326594446166e-02
2.330159999999999911e+02 5.247013473906619180e-02
2.331680000000000064e+02 5.080248612603950609e-02
2.333199999999999932e+02 4.920794899313681720e-02
2.334719999999999800e+02 4.768397466970710624e-02
2.336239999999999952e+02 4.622794012334547481e-02
2.337759999999999820e+02 4.483718583981433081e-02
2.339279999999999973e+02 4.350904677130761067e-02
2.340799999999999841e+02 4.224087732271912532e-02
2.342319999999999993e+02 4.103007124739654898e-02
2.343839999999999861e+02 3.987407722648843994e-02
2.345360000000000014e+02 3.877041081268647188e-02
2.346879999999999882e+02 3.771666333206476901e-02
2.348400000000000034e+02 3.671050825790819760e-02
2.349919999999999902e+02 3.574970549844427858e-02
2.351440000000000055e+02 3.483210397621833848e-02
2.352959999999999923e+02 3.395564282025333863e-02
2.354480000000000075e+02 3.311835144259551306e-02
2.355999999999999943e+02 3.231834872783668350e-02
2.357519999999999811e+02 3.155384152705639073e-02
2.359039999999999964e+02 3.082312261575386944e-02
2.360559999999999832e+02 3.012456824809599601e-02
2.362079999999999984e+02 2.945663541664141419e-02
2.363599999999999852e+02 2.881785890708058948e-02
2.365120000000000005e+02 2.820684822096511044e-02
2.366639999999999873e+02 2.762228442548482835e-02
2.368160000000000025e+02 2.706291697768032495e-02
2.369679999999999893e+02 2.652756056075000410e-02
2.371200000000000045e+02 2.601509196200655835e-02
2.372719999999999914e+02 2.552444701533576957e-02
2.374240000000000066e+02 2.505461762546814034e-02
2.375759999999999934e+02 2.460464888683214918e-02
2.377279999999999802e+02 2.417363630603409572e-02
2.378799999999999955e+02 2.376072313399187411e-02
2.380319999999999823e+02 2.336509781130500715e-02
2.381839999999999975e+02 2.298599152848616184e-02
2.383359999999999843e+02 2.262267590112619631e-02
2.384879999999999995e+02 2.227446075883893553e-02
2.386399999999999864e+02 2.194069204588939767e-02
2.387920000000000016e+02 2.162074983068438053e-02
2.389439999999999884e+02 2.131404642077415479e-02
2.390960000000000036e+02 2.102002457962648396e-02
2.392479999999999905e+02 2.073815584117837466e-02
2.394000000000000057e+02 2.046793891800622808e-02
2.395519999999999925e+02 2.020889819887762909e-02
2.397040000000000077e+02 1.996058233142672389e-02
2.398559999999999945e+02 1.972256288573030411e-02
2.400079999999999814e+02 1.949443309462909127e-02
2.401599999999999966e+02 1.927580666674151566e-02
2.403119999999999834e+02 1.906631666823743396e-02
2.404639999999999986e+02 1.886561446957724791e-02
2.406159999999999854e+02 1.867336875357208242e-02
2.407680000000000007e+02 1.848926458127376701e-02
2.409199999999999875e+02 1.831300251236557541e-02
2.410720000000000027e+02 1.814429777688223583e-02
2.412239999999999895e+02 1.798287949524996973e-02
2.413760000000000048e+02 1.782848994379196070e-02
2.415279999999999916e+02 1.768088386300039477e-02
2.416800000000000068e+02 1.753982780602318312e-02
2.418319999999999936e+02 1.740509952495892729e-02
2.419839999999999804e+02 1.727648739269049827e-02
2.421359999999999957e+02 1.715378985812087906e-02
2.422879999999999825e+02 1.703681493280060494e-02
2.424399999999999977e+02 1.692537970705591116e-02
2.425919999999999845e+02 1.681930989384165451e-02
2.427439999999999998e+02 1.671843939864964962e-02
2.428959999999999866e+02 1.662260991390657541e-02
2.430480000000000018e+02 1.653167053639049977e-02
2.431999999999999886e+02 1.644547740628731630e-02
2.433520000000000039e+02 1.636389336659271193e-02
2.435039999999999907e+02 1.628678764164674317e-02
2.436560000000000059e+02 1.621403553366293146e-02
2.438079999999999927e+02 1.614551813618564022e-02
2.439600000000000080e+02 1.608112206347535322e-02
2.441119999999999948e+02 1.602073919488481574e-02
2.442639999999999816e+02 1.596426643334701578e-02
2.444159999999999968e+02 1.591160547715155665e-02
2.445679999999999836e+02 1.586266260423695867e-02
2.447199999999999989e+02 1.581734846827504565e-02
2.448719999999999857e+02 1.577557790586875744e-02
2.450240000000000009e+02 1.573726975422676602e-02
2.451759999999999877e+02 1.570234667871842418e-02
2.453280000000000030e+02 1.567073500974901570e-02
2.454799999999999898e+02 1.564236458843077868e-02
2.456320000000000050e+02 1.561716862055692254e-02
2.457839999999999918e+02 1.559508353841699071e-02
2.459360000000000070e+02 1.557604887001990887e-02
2.460879999999999939e+02 1.556000711531815330e-02
2.462399999999999807e+02 1.554690362905109847e-02
2.463919999999999959e+02 1.553668650984938587e-02
2.465439999999999827e+02 1.552930649526380533e-02
2.466959999999999980e+02 1.552471686240281673e-02
2.468479999999999848e+02 1.552287333388224430e-02
2.470000000000000000e+02 1.552373398880840631e-02
2.471519999999999868e+02 1.552725917853319676e-02
2.473040000000000020e+02 1.553341144693527916e-02
2.474559999999999889e+02 1.554215545499652157e-02
2.476080000000000041e+02 1.555345790945675787e-02
2.477599999999999909e+02 1.556728749534308683e-02
2.479120000000000061e+02 1.558361481218215917e-02
2.480639999999999930e+02 1.560241231371558082e-02
2.482159999999999798e+02 1.562365425094925167e-02
2.483679999999999950e+02 1.564731661837785379e-02
2.485199999999999818e+02 1.567337710323518651e-02
2.486719999999999970e+02 1.570181503763009787e-02
2.488239999999999839e+02 1.573261135343625300e-02
2.489759999999999991e+02 1.576574853981208696e-02
2.491279999999999859e+02 1.580121060323462501e-02
2.492800000000000011e+02 1.583898302993822990e-02
2.494319999999999879e+02 1.587905275065574009e-02
2.495840000000000032e+02 1.592140810756614497e-02
2.497359999999999900e+02 1.596603882335852209e-02
2.498880000000000052e+02 1.601293597232803304e-02
2.500399999999999920e+02 1.606209195342469739e-02
2.501920000000000073e+02 1.611350046518113949e-02
2.503439999999999941e+02 1.616715648244990144e-02
2.504959999999999809e+02 1.622305623488581525e-02
2.506479999999999961e+02 1.628119718711290922e-02
2.507999999999999829e+02 1.634157802051973418e-02
2.509519999999999982e+02 1.640419861663063722e-02
2.511039999999999850e+02 1.646906004200436591e-02
2.512560000000000002e+02 1.653616453461491040e-02
2.514079999999999870e+02 1.660551549167272808e-02
2.515600000000000023e+02 1.667711745884802726e-02
2.517119999999999891e+02 1.675097612086038149e-02
2.518640000000000043e+02 1.682709829340256827e-02
2.520159999999999911e+02 1.690549191636862500e-02
2.521680000000000064e+02 1.698616604835959110e-02
2.523199999999999932e+02 1.706913086244222361e-02
2.524719999999999800e+02 1.715439764313947749e-02
2.526239999999999952e+02 1.724197878463302330e-02
2.527759999999999820e+02 1.733188779016113512e-02
2.529279999999999973e+02 1.742413927259740467e-02
2.530799999999999841e+02 1.751874895619769459e-02
2.532319999999999993e+02 1.761573367950559563e-02
2.533839999999999861e+02 1.771511139940786655e-02
2.535360000000000014e+02 1.781690119633455235e-02
2.536879999999999882e+02 1.792112328059937421e-02
2.538400000000000034e+02 1.802779899987904874e-02
2.539919999999999902e+02 1.813695084783139427e-02
2.541440000000000055e+02 1.824860247385479139e-02
2.542959999999999923e+02 1.836277869399261659e-02
2.544480000000000075e+02 1.847950550298948016e-02
2.545999999999999943e+02 1.859881008750659259e-02
2.547519999999999811e+02 1.872072084050700747e-02
2.549039999999999964e+02 1.884526737682219386e-02
2.550559999999999832e+02 1.897248054991408986e-02
2.552079999999999984e+02 1.910239246984892642e-02
2.553599999999999852e+02 1.923503652250007148e-02
2.555120000000000005e+02 1.937044739000075982e-02
2.556639999999999873e+02 1.950866107246791020e-02
2.558160000000000025e+02 1.964971491102207590e-02
2.559679999999999893e+02 1.979364761212890067e-02
2.561200000000000045e+02 1.994049927329155300e-02
2.562719999999999914e+02 2.009031141012388236e-02
2.564239999999999782e+02 2.024312698483826667e-02
2.565760000000000218e+02 2.039899043618281088e-02
2.567280000000000086e+02 2.055794771086577946e-02
2.568799999999999955e+02 2.072004629650841048e-02
2.570319999999999823e+02 2.088533525616760589e-02
2.571839999999999691e+02 2.105386526447526607e-02
2.573360000000000127e+02 2.122568864544189041e-02
2.574879999999999995e+02 2.140085941197566316e-02
2.576399999999999864e+02 2.157943330717188718e-02
2.577919999999999732e+02 2.176146784742876913e-02
2.579440000000000168e+02 2.194702236745110432e-02
2.580960000000000036e+02 2.213615806720463028e-02
2.582479999999999905e+02 2.232893806088965399e-02
2.583999999999999773e+02 2.252542742800323072e-02
2.585520000000000209e+02 2.272569326656578848e-02
2.587040000000000077e+02 2.292980474858991036e-02
2.588559999999999945e+02 2.313783317787525967e-02
2.590079999999999814e+02 2.334985205021517657e-02
2.591599999999999682e+02 2.356593711610779560e-02
2.593120000000000118e+02 2.378616644606751721e-02
2.594639999999999986e+02 2.401062049863791556e-02
2.596159999999999854e+02 2.423938219121380550e-02
2.597679999999999723e+02 2.447253697378277276e-02
2.599200000000000159e+02 2.471017290570547836e-02
2.600720000000000027e+02 2.495238073565725356e-02
2.602239999999999895e+02 2.519925398486280721e-02
2.603759999999999764e+02 2.545088903375897563e-02
2.605280000000000200e+02 2.570738521223076348e-02
2.606800000000000068e+02 2.596884489357091652e-02
2.608319999999999936e+02 2.623537359232344310e-02
2.609839999999999804e+02 2.650708006617642429e-02
2.611359999999999673e+02 2.678407642208135292e-02
2.612880000000000109e+02 2.706647822678331580e-02
2.614399999999999977e+02 2.735440462195620065e-02
2.615919999999999845e+02 2.764797844414884284e-02
2.617439999999999714e+02 2.794732634975533730e-02
2.618960000000000150e+02 2.825257894523773225e-02
2.620480000000000018e+02 2.856387092283814780e-02
2.621999999999999886e+02 2.888134120203287095e-02
2.623519999999999754e+02 2.920513307699055400e-02
2.625040000000000191e+02 2.953539437031424408e-02
2.626560000000000059e+02 2.987227759335887509e-02
2.628079999999999927e+02 3.021594011343482766e-02
2.629599999999999795e+02 3.056654432821995573e-02
2.631119999999999663e+02 3.092425784772482797e-02
2.632640000000000100e+02 3.128925368417152797e-02
2.634159999999999968e+02 3.166171045016618474e-02
2.635679999999999836e+02 3.204181256556859481e-02
2.637199999999999704e+02 3.242975047347995687e-02
2.638720000000000141e+02 3.282572086579751275e-02
2.640240000000000009e+02 3.322992691880576749e-02
2.641759999999999877e+02 3.364257853930464198e-02
2.643279999999999745e+02 3.406389262179655014e-02
2.644800000000000182e+02 3.449409331728992695e-02
2.646320000000000050e+02 3.493341231430328181e-02
2.647839999999999918e+02 3.538208913269141193e-02
2.649359999999999786e+02 3.584037143094523370e-02
2.650879999999999654e+02 3.630851532765904527e-02
2.652400000000000091e+02 3.678678573789594120e-02
2.653919999999999959e+02 3.727545672522420556e-02
2.655439999999999827e+02 3.777481187024534642e-02
2.656959999999999695e+02 3.828514465647644971e-02
2.658480000000000132e+02 3.880675887450619338e-02
2.660000000000000000e+02 3.933996904539278222e-02
2.661519999999999868e+02 3.988510086433430524e-02
2.663039999999999736e+02 4.044249166569684889e-02
2.664560000000000173e+02 4.101249091055640672e-02
2.666080000000000041e+02 4.159546069797505352e-02
2.667599999999999909e+02 4.219177630131099033e-02
2.669119999999999777e+02 4.280182673093228113e-02
2.670640000000000214e+02 4.342601532479595239e-02
2.672160000000000082e+02 4.406476036843665067e-02
2.673679999999999950e+02 4.471849574600990362e-02
2.675199999999999818e+02 4.538767162412838535e-02
2.676719999999999686e+02 4.607275517034495338e-02
2.678240000000000123e+02 4.677423130824687886e-02
2.679759999999999991e+02 4.749260351124798274e-02
2.681279999999999859e+02 4.822839463730144854e-02
2.682799999999999727e+02 4.898214780688676245e-02
2.684320000000000164e+02 4.975442732678263952e-02
2.685840000000000032e+02 5.054581966228915979e-02
2.687359999999999900e+02 5.135693446074079960e-02
2.688879999999999768e+02 5.218840562932230281e-02
2.690400000000000205e+02 5.304089247040446459e-02
2.691920000000000073e+02 5.391508087781440861e-02
2.693439999999999941e+02 5.481168459768672591e-02
2.694959999999999809e+02 5.573144655776415130e-02
2.696479999999999677e+02 5.667514026928244936e-02
2.698000000000000114e+02 5.764357130583596528e-02
2.699519999999999982e+02 5.863757886390887075e-02
2.701039999999999850e+02 5.965803741007227184e-02
2.702559999999999718e+02 6.070585842016341938e-02
2.704080000000000155e+02 6.178199221612801217e-02
2.705600000000000023e+02 6.288742990657164578e-02
2.707119999999999891e+02 6.402320543747799797e-02
2.708639999999999759e+02 6.519039775996549047e-02
2.710160000000000196e+02 6.639013312242586506e-02
2.711680000000000064e+02 6.762358749486345466e-02
2.713199999999999932e+02 6.889198913378778710e-02
2.714719999999999800e+02 7.019662129655029892e-02
2.716239999999999668e+02 7.153882511462267280e-02
2.717760000000000105e+02 7.292000263593713394e-02
2.719279999999999973e+02 7.434162004707658977e-02
2.720799999999999841e+02 7.580521108682887477e-02
2.722319999999999709e+02 7.731238066335723025e-02
2.723840000000000146e+02 7.886480868806307332e-02
2.725360000000000014e+02 8.046425414005535515e-02
2.726879999999999882e+02 8.211255937605844990e-02
2.728399999999999750e+02 8.381165470152494856e-02
2.729920000000000186e+02 8.556356321974664669e-02
2.731440000000000055e+02 8.737040597679976428e-02
2.732959999999999923e+02 8.923440742129028214e-02
2.734479999999999791e+02 9.115790119900671340e-02
2.735999999999999659e+02 9.314333630382372331e-02
2.737520000000000095e+02 9.519328360744951090e-02
2.739039999999999964e+02 9.731044279191239377e-02
2.740559999999999832e+02 9.949764971003757785e-02
2.742079999999999700e+02 1.017578842005060630e-01
2.743600000000000136e+02 1.040942783854972575e-01
2.745120000000000005e+02 1.065101254802795772e-01
2.746639999999999873e+02 1.090088891455009007e-01
2.748159999999999741e+02 1.115942134142218906e-01
2.749680000000000177e+02 1.142699332270150914e-01
2.751200000000000045e+02 1.170400856095645536e-01
2.752719999999999914e+02 1.199089215282052728e-01
2.754239999999999782e+02 1.228809184595701237e-01
2.755759999999999650e+02 1.259607937110207576e-01
2.757280000000000086e+02 1.291535185286233067e-01
2.758799999999999955e+02 1.324643330290526666e-01
2.760319999999999823e+02 1.358987619908555433e-01
2.761839999999999691e+02 1.394626315387249293e-01
2.763360000000000127e+02 1.431620867518023366e-01
2.764879999999999995e+02 1.470036102231511155e-01
2.766399999999999864e+02 1.509940415923081980e-01
2.767919999999999732e+02 1.551405980657553085e-01
2.769440000000000168e+02 1.594508959310514118e-01
2.770960000000000036e+02 1.639329730585973588e-01
2.772479999999999905e+02 1.685953123701929568e-01
2.773999999999999773e+02 1.734468662348717938e-01
2.775520000000000209e+02 1.784970817294097289e-01
2.777040000000000077e+02 1.837559266722908757e-01
2.778559999999999945e+02 1.892339163049121531e-01
2.780079999999999814e+02 1.949421404509558975e-01
2.781599999999999682e+02 2.008922909329518280e-01
2.783120000000000118e+02 2.070966889621360663e-01
2.784639999999999986e+02 2.135683121419520991e-01
2.786159999999999854e+02 2.203208206346377873e-01
2.787679999999999723e+02 2.273685819314765766e-01
2.789200000000000159e+02 2.347266935377183283e-01
2.790720000000000027e+02 2.424110027291366543e-01
2.792239999999999895e+02 2.504381223550878888e-01
2.793759999999999764e+02 2.588254414481545029e-01
2.795280000000000200e+02 2.675911291486121057e-01
2.796800000000000068e+02 2.767541301575748847e-01
2.798319999999999936e+02 2.863341495907429368e-01
2.799839999999999804e+02 2.963516247093587186e-01
2.801359999999999673e+02 3.068276805514748018e-01
2.802880000000000109e+02 3.177840659698876191e-01
2.804399999999999977e+02 3.292430659998824560e-01
2.805919999999999845e+02 3.412273858289015527e-01
2.807439999999999714e+02 3.537600009227905296e-01
2.808960000000000150e+02 3.668639670863513280e-01
2.810480000000000018e+02 3.805621834119796709e-01
2.811999999999999886e+02 3.948771002219358950e-01
2.813519999999999754e+02 4.098303632711814415e-01
2.815040000000000191e+02 4.254423847000464165e-01
2.816560000000000059e+02 4.417318305798810796e-01
2.818079999999999927e+02 4.587150144780550165e-01
2.819599999999999795e+02 4.764051864089623445e-01
2.821119999999999663e+02 4.948117070010255580e-01
2.822640000000000100e+02 5.139390979016683625e-01
2.824159999999999968e+02 5.337859616132346607e-01
2.825679999999999836e+02 5.543437673947140265e-01
2.827199999999999704e+02 5.755955049020912151e-01
2.828720000000000141e+02 5.975142142168716752e-01
2.830240000000000009e+02 6.200614101537411660e-01
2.831759999999999877e+02 6.431854305084856449e-01
2.833279999999999745e+02 6.668197523352822342e-01
2.834800000000000182e+02 6.908813373338043018e-01
2.836320000000000050e+02 7.152690865454497393e-01
2.837839999999999918e+02 7.398625049052452995e-01
2.839359999999999786e+02 7.645206962815213059e-01
2.840879999999999654e+02 7.890818272909613240e-01
2.842400000000000091e+02 8.133632105298795878e-01
2.843919999999999959e+02 8.371621614411824952e-01
2.845439999999999827e+02 8.602577740364596437e-01
2.846959999999999695e+02 8.824137354600661842e-01
2.848480000000000132e+02 9.033822551132454359e-01
2.850000000000000000e+02 9.229091196565619715e-01
2.851519999999999868e+02 9.407398021969374247e-01
2.853039999999999736e+02 9.566264571983210674e-01
2.854560000000000173e+02 9.703355306261166602e-01
2.856080000000000041e+02 9.816556192715842899e-01
2.857599999999999909e+02 9.904051378108443826e-01
2.859119999999999777e+02 9.964393105361849523e-01
2.860639999999999645e+02 9.996560077404351707e-01
2.862160000000000082e+02 1.000000000000000000e+00
2.863679999999999950e+02 9.974653054223217019e-01
2.865199999999999818e+02 9.920954458181698854e-01
2.866719999999999686e+02 9.839815915134766389e-01
2.868240000000000123e+02 9.732587408200011891e-01
2.869759999999999991e+02 9.601002282661038612e-01
2.871279999999999859e+02 9.447109680576148971e-01
2.872799999999999727e+02 9.273199046312711191e-01
2.874320000000000164e+02 9.081721570260440357e-01
2.875840000000000032e+02 8.875213120884839491e-01
2.877359999999999900e+02 8.656222530741648491e-01
2.878879999999999768e+02 8.427248182074338345e-01
2.880400000000000205e+02 8.190684821138857208e-01
2.881920000000000073e+02 7.948781540970971671e-01
2.883439999999999941e+02 7.703611003301470417e-01
2.884959999999999809e+02 7.457049279018136412e-01
2.886479999999999677e+02 7.210765195621228196e-01
2.888000000000000114e+02 6.966217784080226405e-01
2.889519999999999982e+02 6.724660291605450979e-01
2.891039999999999850e+02 6.487149235893270305e-01
2.892559999999999718e+02 6.254557082193655804e-01
2.894080000000000155e+02 6.027587291223429622e-01
2.895600000000000023e+02 5.806790683213929327e-01
2.897119999999999891e+02 5.592582267826752274e-01
2.898639999999999759e+02 5.385257884843765996e-01
2.900160000000000196e+02 5.185010176114320801e-01
2.901680000000000064e+02 4.991943559886560799e-01
2.903199999999999932e+02 4.806088002689933858e-01
2.904719999999999800e+02 4.627411482232313134e-01
2.906239999999999668e+02 4.455831109701175463e-01
2.907760000000000105e+02 4.291222934590674387e-01
2.909279999999999973e+02 4.133430493125982985e-01
2.910799999999999841e+02 3.982272185840167178e-01
2.912319999999999709e+02 3.837547583891594560e-01
2.913840000000000146e+02 3.699042769887396220e-01
2.915360000000000014e+02 3.566534819476425699e-01
2.916879999999999882e+02 3.439795526533530046e-01
2.918399999999999750e+02 3.318594468750397097e-01
2.919920000000000186e+02 3.202701502911047271e-01
2.921440000000000055e+02 3.091888770839585354e-01
2.922959999999999923e+02 2.985932288509860477e-01
2.924479999999999791e+02 2.884613182486631677e-01
2.925999999999999659e+02 2.787718629968185535e-01
2.927520000000000095e+02 2.695042551376409801e-01
2.929039999999999964e+02 2.606386097766806298e-01
2.930559999999999832e+02 2.521557969335180283e-01
2.932079999999999700e+02 2.440374595974694472e-01
2.933600000000000136e+02 2.362660206151720732e-01
2.935120000000000005e+02 2.288246806282078771e-01
2.936639999999999873e+02 2.216974089245179746e-01
2.938159999999999741e+02 2.148689287621885213e-01
2.939680000000000177e+02 2.083246984624269327e-01
2.941200000000000045e+02 2.020508893454310007e-01
2.942719999999999914e+02 1.960343613931966322e-01
2.944239999999999782e+02 1.902626373630181833e-01
2.945759999999999650e+02 1.847238759401713115e-01
2.947280000000000086e+02 1.794068444048110555e-01
2.948799999999999955e+02 1.743008911931280269e-01
2.950319999999999823e+02 1.693959186535803352e-01
2.951839999999999691e+02 1.646823562333039614e-01
2.953360000000000127e+02 1.601511342753027811e-01
2.954879999999999995e+02 1.557936585622218817e-01
2.956399999999999864e+02 1.516017857056678741e-01
2.957919999999999732e+02 1.475677994500749768e-01
2.959440000000000168e+02 1.436843879356975440e-01
2.960960000000000036e+02 1.399446219457184115e-01
2.962479999999999905e+02 1.363419341467262957e-01
2.963999999999999773e+02 1.328700993194382174e-01
2.965520000000000209e+02 1.295232155667652152e-01
2.967040000000000077e+02 1.262956864788662426e-01
2.968559999999999945e+02 1.231822042291389613e-01
2.970079999999999814e+02 1.201777335709818401e-01
2.971599999999999682e+02 1.172774967021829318e-01
2.973120000000000118e+02 1.144769589618720995e-01
2.974639999999999986e+02 1.117718153238255602e-01
2.976159999999999854e+02 1.091579776493840637e-01
2.977679999999999723e+02 1.066315626632808461e-01
2.979200000000000159e+02 1.041888806160325420e-01
2.980720000000000027e+02 1.018264245972749504e-01
2.982239999999999895e+02 9.954086046533054677e-02
2.983759999999999764e+02 9.732901735943334798e-02
2.985280000000000200e+02 9.518787876222643829e-02
2.986800000000000068e+02 9.311457408148159087e-02
2.988319999999999936e+02 9.110637072132361791e-02
2.989839999999999804e+02 8.916066661465181509e-02
2.991359999999999673e+02 8.727498318980847491e-02
2.992880000000000109e+02 8.544695874593105644e-02
2.994399999999999977e+02 8.367434221277346429e-02
2.995919999999999845e+02 8.195498727207924106e-02
2.997439999999999714e+02 8.028684681888806352e-02
2.998960000000000150e+02 7.866796774235579326e-02
3.000480000000000018e+02 7.709648600686568043e-02
3.001999999999999886e+02 7.557062201531371259e-02
3.003519999999999754e+02 7.408867623754680776e-02
3.005040000000000191e+02 7.264902508792880909e-02
3.006560000000000059e+02 7.125011703699284105e-02
3.008079999999999927e+02 6.989046894303833912e-02
3.009599999999999795e+02 6.856866259041499712e-02
3.011119999999999663e+02 6.728334142203268309e-02
3.012640000000000100e+02 6.603320745441719486e-02
3.014159999999999968e+02 6.481701836435339870e-02
3.015679999999999836e+02 6.363358473683046468e-02
3.017199999999999704e+02 6.248176746465851361e-02
3.018720000000000141e+02 6.136047529071052969e-02
3.020240000000000009e+02 6.026866248431933526e-02
3.021759999999999877e+02 5.920532664387597593e-02
3.023279999999999745e+02 5.816950661818674762e-02
3.024800000000000182e+02 5.716028053959433530e-02
3.026320000000000050e+02 5.617676396231669617e-02
3.027839999999999918e+02 5.521810809985177454e-02
3.029359999999999786e+02 5.428349815569273595e-02
3.030879999999999654e+02 5.337215174194147316e-02
3.032400000000000091e+02 5.248331738075016212e-02
3.033919999999999959e+02 5.161627308383331253e-02
3.035439999999999827e+02 5.077032500557864675e-02
3.036959999999999695e+02 4.994480616557128716e-02
3.038480000000000132e+02 4.913907523658956472e-02
3.040000000000000000e+02 4.835251539438076285e-02
3.041519999999999868e+02 4.758453322574046629e-02
3.043039999999999736e+02 4.683455769164064642e-02
3.044560000000000173e+02 4.610203914233761829e-02
3.046080000000000041e+02 4.538644838158376049e-02
3.047599999999999909e+02 4.468727577723130562e-02
3.049119999999999777e+02 4.400403041568846235e-02
3.050639999999999645e+02 4.333623929782943335e-02
3.052160000000000082e+02 4.268344657410792775e-02
3.053679999999999950e+02 4.204521281675557137e-02
3.055199999999999818e+02 4.142111432706720164e-02
3.056719999999999686e+02 4.081074247589962234e-02
3.058240000000000123e+02 4.021370307561156210e-02
3.059759999999999991e+02 3.962961578178140348e-02
3.061279999999999859e+02 3.905811352312948265e-02
3.062799999999999727e+02 3.849884195817014632e-02
3.064320000000000164e+02 3.795145895719481688e-02
3.065840000000000032e+02 3.741563410827397629e-02
3.067359999999999900e+02 3.689104824603375160e-02
3.068879999999999768e+02 3.637739300204086146e-02
3.070400000000000205e+02 3.587437037568808051e-02
3.071920000000000073e+02 3.538169232453958896e-02
3.073439999999999941e+02 3.489908037314853884e-02
3.074959999999999809e+02 3.442626523942049488e-02
3.076479999999999677e+02 3.396298647764108003e-02
3.078000000000000114e+02 3.350899213733839199e-02
3.079519999999999982e+02 3.306403843719597085e-02
3.081039999999999850e+02 3.262788945327127488e-02
3.082559999999999718e+02 3.220031682082116764e-02
3.084080000000000155e+02 3.178109944906729739e-02
3.085600000000000023e+02 3.137002324827468935e-02
3.087119999999999891e+02 3.096688086854615732e-02
3.088639999999999759e+02 3.057147144977203149e-02
3.090160000000000196e+02 3.018360038219936731e-02
3.091680000000000064e+02 2.980307907711661139e-02
3.093199999999999932e+02 2.942972474717267181e-02
3.094719999999999800e+02 2.906336019587918776e-02
3.096239999999999668e+02 2.870381361586334459e-02
3.097760000000000105e+02 2.835091839546385190e-02
3.099279999999999973e+02 2.800451293328360541e-02
3.100799999999999841e+02 2.766444046032983523e-02
3.102319999999999709e+02 2.733054886939572173e-02
3.103840000000000146e+02 2.700269055135089830e-02
3.105360000000000014e+02 2.668072223802811851e-02
3.106879999999999882e+02 2.636450485140639025e-02
3.108399999999999750e+02 2.605390335880966232e-02
3.109920000000000186e+02 2.574878663385070030e-02
3.111440000000000055e+02 2.544902732286583730e-02
3.112959999999999923e+02 2.515450171659657300e-02
3.114479999999999791e+02 2.486508962688914470e-02
3.115999999999999659e+02 2.458067426819158727e-02
3.117520000000000095e+02 2.430114214363957720e-02
3.119039999999999964e+02 2.402638293553314985e-02
3.120559999999999832e+02 2.375628940001285258e-02
3.122079999999999700e+02 2.349075726575673706e-02
3.123600000000000136e+02 2.322968513652357361e-02
3.125120000000000005e+02 2.297297439737830058e-02
3.126639999999999873e+02 2.272052912444001704e-02
3.128159999999999741e+02 2.247225599800332235e-02
3.129680000000000177e+02 2.222806421888665410e-02
3.131200000000000045e+02 2.198786542787089723e-02
3.132719999999999914e+02 2.175157362809495079e-02
3.134239999999999782e+02 2.151910511028503475e-02
3.135759999999999650e+02 2.129037838069753122e-02
3.137280000000000086e+02 2.106531409166320298e-02
3.138799999999999955e+02 2.084383497462699228e-02
3.140319999999999823e+02 2.062586577558126605e-02
3.141839999999999691e+02 2.041133319279900965e-02
3.143360000000000127e+02 2.020016581677527845e-02
3.144879999999999995e+02 1.999229407229162828e-02
3.146399999999999864e+02 1.978765016252041764e-02
3.147919999999999732e+02 1.958616801509151586e-02
3.149440000000000168e+02 1.938778323004483953e-02
3.150960000000000036e+02 1.919243302959662556e-02
3.152479999999999905e+02 1.900005620964826877e-02
3.153999999999999773e+02 1.881059309297153023e-02
3.155519999999999641e+02 1.862398548400391249e-02
3.157040000000000077e+02 1.844017662519200490e-02
3.158559999999999945e+02 1.825911115482288169e-02
3.160079999999999814e+02 1.808073506628484275e-02
3.161599999999999682e+02 1.790499566870342937e-02
3.163120000000000118e+02 1.773184154889873021e-02
3.164639999999999986e+02 1.756122253461396901e-02
3.166159999999999854e+02 1.739308965896588580e-02
3.167679999999999723e+02 1.722739512607182957e-02
3.169200000000000159e+02 1.706409227780818563e-02
3.170720000000000027e+02 1.690313556165838615e-02
3.172239999999999895e+02 1.674448049960914828e-02
3.173759999999999764e+02 1.658808365805706370e-02
3.175280000000000200e+02 1.643390261868762567e-02
3.176800000000000068e+02 1.628189595029159997e-02
3.178319999999999936e+02 1.613202318148378861e-02
3.179839999999999804e+02 1.598424477429249979e-02
3.181359999999999673e+02 1.583852209858764223e-02
3.182880000000000109e+02 1.569481740731741223e-02
3.184399999999999977e+02 1.555309381252511017e-02
3.185919999999999845e+02 1.541331526211735942e-02
3.187439999999999714e+02 1.527544651735839032e-02
3.188960000000000150e+02 1.513945313106366403e-02
3.190480000000000018e+02 1.500530142646905839e-02
3.191999999999999886e+02 1.487295847675113893e-02
3.193519999999999754e+02 1.474239208517678749e-02
3.195040000000000191e+02 1.461357076585952965e-02
3.196560000000000059e+02 1.448646372510226099e-02
3.198079999999999927e+02 1.436104084330529738e-02
3.199599999999999795e+02 1.423727265742140598e-02
3.201119999999999663e+02 1.411513034393835873e-02
3.202640000000000100e+02 1.399458570237131598e-02
3.204159999999999968e+02 1.387561113924797897e-02
3.205679999999999836e+02 1.375817965256920933e-02
3.207199999999999704e+02 1.364226481672999557e-02
3.208720000000000141e+02 1.352784076788467703e-02
3.210240000000000009e+02 1.341488218974204796e-02
3.211759999999999877e+02 1.330336429977549764e-02
3.213279999999999745e+02 1.319326283583510499e-02
3.214800000000000182e+02 1.308455404314794353e-02
3.216320000000000050e+02 1.297721466169428350e-02
3.217839999999999918e+02 1.287122191394658895e-02
3.219359999999999786e+02 1.276655349296057680e-02
3.220879999999999654e+02 1.266318755080603556e-02
3.222400000000000091e+02 1.256110268732674694e-02
3.223919999999999959e+02 1.246027793921908149e-02
3.225439999999999827e+02 1.236069276941845034e-02
3.226959999999999695e+02 1.226232705678452495e-02
3.228480000000000132e+02 1.216516108607509569e-02
3.230000000000000000e+02 1.206917553819989233e-02
3.231519999999999868e+02 1.197435148074487039e-02
3.233039999999999736e+02 1.188067035875924222e-02
3.234560000000000173e+02 1.178811398579634150e-02
3.236080000000000041e+02 1.169666453520091728e-02
3.237599999999999909e+02 1.160630453163449642e-02
3.239119999999999777e+02 1.151701684283225856e-02
3.240639999999999645e+02 1.142878467158363505e-02
3.242160000000000082e+02 1.134159154792998767e-02
3.243679999999999950e+02 1.125542132157279079e-02
3.245199999999999818e+02 1.117025815448551181e-02
3.246719999999999686e+02 1.108608651372348583e-02
3.248240000000000123e+02 1.100289116442539419e-02
3.249759999999999991e+02 1.092065716300082666e-02
3.251279999999999859e+02 1.083936985049789928e-02
3.252799999999999727e+02 1.075901484614608453e-02
3.254320000000000164e+02 1.067957804106856035e-02
3.255840000000000032e+02 1.060104559215937180e-02
3.257359999999999900e+02 1.052340391612001554e-02
3.258879999999999768e+02 1.044663968365136357e-02
3.260399999999999636e+02 1.037073981379586438e-02
3.261920000000000073e+02 1.029569146842575916e-02
3.263439999999999941e+02 1.022148204687320719e-02
3.264959999999999809e+02 1.014809918069773352e-02
3.266479999999999677e+02 1.007553072858753847e-02
3.268000000000000114e+02 1.000376477139041861e-02
3.269519999999999982e+02 9.932789607270807453e-03
3.271039999999999850e+02 9.862593746988940549e-03
3.272559999999999718e+02 9.793165909299125088e-03
3.274080000000000155e+02 9.724495016463326896e-03
3.275600000000000023e+02 9.656570189877065197e-03
3.277119999999999891e+02 9.589380745804067588e-03
3.278639999999999759e+02 9.522916191217065812e-03
3.280160000000000196e+02 9.457166219741384300e-03
3.281680000000000064e+02 9.392120707698679502e-03
3.283199999999999932e+02 9.327769710247698839e-03
3.284719999999999800e+02 9.264103457619774634e-03
3.286239999999999668e+02 9.201112351446109200e-03
3.287760000000000105e+02 9.138786961174382578e-03
3.289279999999999973e+02 9.077118020572391352e-03
3.290799999999999841e+02 9.016096424315890936e-03
3.292319999999999709e+02 8.955713224658880603e-03
3.293840000000000146e+02 8.895959628183649354e-03
3.295360000000000014e+02 8.836826992628705676e-03
3.296879999999999882e+02 8.778306823792120933e-03
3.298399999999999750e+02 8.720390772508660945e-03
3.299920000000000186e+02 8.663070631698419413e-03
3.301440000000000055e+02 8.606338333485208034e-03
3.302959999999999923e+02 8.550185946382571345e-03
3.304479999999999791e+02 8.494605672546003822e-03
3.305999999999999659e+02 8.439589845089273679e-03
3.307520000000000095e+02 8.385130925463297330e-03
3.309039999999999964e+02 8.331221500896001525e-03
3.310559999999999832e+02 8.277854281891214652e-03
3.312079999999999700e+02 8.225022099785506483e-03
3.313600000000000136e+02 8.172717904361094174e-03
3.315120000000000005e+02 8.120934761513588090e-03
3.316639999999999873e+02 8.069665850972863527e-03
3.318159999999999741e+02 8.018904464076027916e-03
3.319680000000000177e+02 7.968644001590870218e-03
3.321200000000000045e+02 7.918877971588684020e-03
3.322719999999999914e+02 7.869599987364906540e-03
3.324239999999999782e+02 7.820803765406732222e-03
3.325759999999999650e+02 7.772483123406196889e-03
3.327280000000000086e+02 7.724631978317690779e-03
3.328799999999999955e+02 7.677244344458855271e-03
3.330319999999999823e+02 7.630314331653470332e-03
3.331839999999999691e+02 7.583836143415691698e-03
3.333360000000000127e+02 7.537804075174225731e-03
3.334879999999999995e+02 7.492212512535733303e-03
3.336399999999999864e+02 7.447055929586168625e-03
3.337919999999999732e+02 7.402328887229429367e-03
3.339440000000000168e+02 7.358026031562149745e-03
3.340960000000000036e+02 7.314142092283955690e-03
3.342479999999999905e+02 7.270671881141979945e-03
3.343999999999999773e+02 7.227610290409194720e-03
3.345519999999999641e+02 7.184952291395421339e-03
3.347040000000000077e+02 7.142692932990357679e-03
3.348559999999999945e+02 7.100827340237872258e-03
3.350079999999999814e+02 7.059350712940597877e-03
3.351599999999999682e+02 7.018258324294374649e-03
3.353120000000000118e+02 6.977545519551624741e-03
3.354639999999999986e+02 6.937207714713064695e-03
3.356159999999999854e+02 6.897240395246907914e-03
3.357679999999999723e+02 6.857639114835157451e-03
3.359200000000000159e+02 6.818399494146102670e-03
3.360720000000000027e+02 6.779517219632595626e-03
3.362239999999999895e+02 6.740988042355245888e-03
3.363759999999999764e+02 6.702807776830208529e-03
3.365280000000000200e+02 6.664972299900817632e-03
3.366800000000000068e+02 6.627477549632601259e-03
3.368319999999999936e+02 6.590319524230967528e-03
3.369839999999999804e+02 6.553494280981239997e-03
3.371359999999999673e+02 6.516997935210400508e-03
3.372880000000000109e+02 6.480826659270019947e-03
3.374399999999999977e+02 6.444976681539988338e-03
3.375919999999999845e+02 6.409444285452379000e-03
3.377439999999999714e+02 6.374225808535210862e-03
3.378960000000000150e+02 6.339317641475464456e-03
3.380480000000000018e+02 6.304716227201056719e-03
3.381999999999999886e+02 6.270418059981131866e-03
3.383519999999999754e+02 6.236419684544516548e-03
3.385040000000000191e+02 6.202717695215718280e-03
3.386560000000000059e+02 6.169308735068199101e-03
3.388079999999999927e+02 6.136189495094377180e-03
3.389599999999999795e+02 6.103356713392178549e-03
3.391119999999999663e+02 6.070807174367619415e-03
3.392640000000000100e+02 6.038537707953091187e-03
3.394159999999999968e+02 6.006545188841089754e-03
3.395679999999999836e+02 5.974826535732820007e-03
3.397199999999999704e+02 5.943378710601632253e-03
3.398720000000000141e+02 5.912198717970724125e-03
3.400240000000000009e+02 5.881283604204974418e-03
3.401759999999999877e+02 5.850630456816379756e-03
3.403279999999999745e+02 5.820236403783043792e-03
3.404800000000000182e+02 5.790098612881224537e-03
3.406320000000000050e+02 5.760214291030305370e-03
3.407839999999999918e+02 5.730580683650207501e-03
3.409359999999999786e+02 5.701195074031224774e-03
3.410879999999999654e+02 5.672054782715804655e-03
3.412400000000000091e+02 5.643157166892103643e-03
3.413919999999999959e+02 5.614499619799125443e-03
3.415439999999999827e+02 5.586079570142971767e-03
3.416959999999999695e+02 5.557894481524262159e-03
3.418480000000000132e+02 5.529941851876242313e-03
3.420000000000000000e+02 5.502219212913528855e-03
3.421519999999999868e+02 5.474724129591056893e-03
3.423039999999999736e+02 5.447454199573267646e-03
3.424560000000000173e+02 5.420407052713091187e-03
3.426080000000000041e+02 5.393580350540705219e-03
3.427599999999999909e+02 5.366971785761657024e-03
3.429119999999999777e+02 5.340579081764367658e-03
3.430639999999999645e+02 5.314399992136668860e-03
3.432160000000000082e+02 5.288432300191246889e-03
3.433679999999999950e+02 5.262673818499825906e-03
3.435199999999999818e+02 5.237122388435790782e-03
3.436719999999999686e+02 5.211775879725266680e-03
3.438240000000000123e+02 5.186632190006296335e-03
3.439759999999999991e+02 5.161689244396101134e-03
3.441279999999999859e+02 5.136944995066079940e-03
3.442799999999999727e+02 5.112397420824589013e-03
3.444320000000000164e+02 5.088044526707188181e-03
3.445840000000000032e+02 5.063884343574309894e-03
3.447359999999999900e+02 5.039914927716063198e-03
3.448879999999999768e+02 5.016134360464190832e-03
3.450399999999999636e+02 4.992540747810919263e-03
3.451920000000000073e+02 4.969132220034598417e-03
3.453439999999999941e+02 4.945906931332024435e-03
3.454959999999999809e+02 4.922863059457207799e-03
3.456479999999999677e+02 4.899998805366602428e-03
3.458000000000000114e+02 4.877312392870555499e-03
3.459519999999999982e+02 4.854802068290918135e-03
3.461039999999999850e+02 4.832466100124614868e-03
3.462559999999999718e+02 4.810302778713155397e-03
3.464080000000000155e+02 4.788310415917897828e-03
3.465600000000000023e+02 4.766487344801000926e-03
3.467119999999999891e+02 4.744831919311854641e-03
3.468639999999999759e+02 4.723342513979028774e-03
3.470160000000000196e+02 4.702017523607501283e-03
3.471680000000000064e+02 4.680855362981163614e-03
3.473199999999999932e+02 4.659854466570376684e-03
3.474719999999999800e+02 4.639013288244624340e-03
3.476239999999999668e+02 4.618330300990060484e-03
3.477760000000000105e+02 4.597803996631876118e-03
3.479279999999999973e+02 4.577432885561463771e-03
3.480799999999999841e+02 4.557215496468137311e-03
3.482319999999999709e+02 4.537150376075483466e-03
3.483840000000000146e+02 4.517236088882148164e-03
3.485360000000000014e+02 4.497471216907039486e-03
3.486879999999999882e+02 4.477854359438772879e-03
3.488399999999999750e+02 4.458384132789386389e-03
3.489920000000000186e+02 4.439059170052168934e-03
3.491440000000000055e+02 4.419878120863584246e-03
3.492959999999999923e+02 4.400839651169097082e-03
3.494479999999999791e+02 4.381942442992993632e-03
3.495999999999999659e+02 4.363185194211987097e-03
3.497520000000000095e+02 4.344566618332585881e-03
3.499039999999999964e+02 4.326085444272201840e-03
3.500559999999999832e+02 4.307740416143786104e-03
3.502079999999999700e+02 4.289530293044112146e-03
3.503600000000000136e+02 4.271453848845484930e-03
3.505120000000000005e+02 4.253509871990933389e-03
3.506639999999999873e+02 4.235697165292680658e-03
3.508159999999999741e+02 4.218014545733986612e-03
3.509680000000000177e+02 4.200460844274177957e-03
3.511200000000000045e+02 4.183034905656910982e-03
3.512719999999999914e+02 4.165735588221473537e-03
3.514239999999999782e+02 4.148561763717217334e-03
3.515759999999999650e+02 4.131512317120967885e-03
3.517280000000000086e+02 4.114586146457386087e-03
3.518799999999999955e+02 4.097782162622250202e-03
3.520319999999999823e+02 4.081099289208522073e-03
3.521839999999999691e+02 4.064536462335289514e-03
3.523360000000000127e+02 4.048092630479379304e-03
3.524879999999999995e+02 4.031766754309731859e-03
3.526399999999999864e+02 4.015557806524340696e-03
3.527919999999999732e+02 3.999464771689859900e-03
3.529440000000000168e+02 3.983486646083727808e-03
3.530960000000000036e+02 3.967622437538824258e-03
3.532479999999999905e+02 3.951871165290539965e-03
3.533999999999999773e+02 3.936231859826313552e-03
3.535519999999999641e+02 3.920703562737519986e-03
3.537040000000000077e+02 3.905285326573696997e-03
3.538559999999999945e+02 3.889976214699073908e-03
3.540079999999999814e+02 3.874775301151320035e-03
3.541599999999999682e+02 3.859681670502540431e-03
3.543120000000000118e+02 3.844694417722424422e-03
3.544639999999999986e+02 3.829812648043559933e-03
3.546159999999999854e+02 3.815035476828786565e-03
3.547679999999999723e+02 3.800362029440671960e-03
3.549200000000000159e+02 3.785791441112980067e-03
3.550720000000000027e+02 3.771322856824162097e-03
3.552239999999999895e+02 3.756955431172750472e-03
3.553759999999999764e+02 3.742688328254732081e-03
3.555279999999999632e+02 3.728520721542779876e-03
3.556800000000000068e+02 3.714451793767354487e-03
3.558319999999999936e+02 3.700480736799641613e-03
3.559839999999999804e+02 3.686606751536248856e-03
3.561359999999999673e+02 3.672829047785710569e-03
3.562880000000000109e+02 3.659146844156696207e-03
3.564399999999999977e+02 3.645559367947957732e-03
3.565919999999999845e+02 3.632065855039908094e-03
3.567439999999999714e+02 3.618665549787885866e-03
3.568960000000000150e+02 3.605357704917025365e-03
3.570480000000000018e+02 3.592141581418740928e-03
3.571999999999999886e+02 3.579016448448736447e-03
3.573519999999999754e+02 3.565981583226597411e-03
3.575040000000000191e+02 3.553036270936873933e-03
3.576560000000000059e+02 3.540179804631686002e-03
3.578079999999999927e+02 3.527411485134746005e-03
3.579599999999999795e+02 3.514730620946861835e-03
3.581119999999999663e+02 3.502136528152851192e-03
3.582640000000000100e+02 3.489628530329836730e-03
3.584159999999999968e+02 3.477205958456941991e-03
3.585679999999999836e+02 3.464868150826294450e-03
3.587199999999999704e+02 3.452614452955397265e-03
3.588720000000000141e+02 3.440444217500780374e-03
3.590240000000000009e+02 3.428356804172970861e-03
3.591759999999999877e+02 3.416351579652675882e-03
3.593279999999999745e+02 3.404427917508256671e-03
3.594800000000000182e+02 3.392585198114399063e-03
3.596320000000000050e+02 3.380822808572023479e-03
3.597839999999999918e+02 3.369140142629323351e-03
3.599359999999999786e+02 3.357536600604025655e-03
3.600879999999999654e+02 3.346011589306774250e-03
3.602400000000000091e+02 3.334564521965636876e-03
3.603919999999999959e+02 3.323194818151759249e-03
3.605439999999999827e+02 3.311901903706059979e-03
3.606959999999999695e+02 3.300685210667047859e-03
3.608480000000000132e+02 3.289544177199685629e-03
3.610000000000000000e+02 3.278478247525302806e-03
3.611519999999999868e+02 3.267486871852516832e-03
3.613039999999999736e+02 3.256569506309188976e-03
3.614560000000000173e+02 3.245725612875367729e-03
3.616080000000000041e+02 3.234954659317230540e-03
3.617599999999999909e+02 3.224256119121948847e-03
3.619119999999999777e+02 3.213629471433550582e-03
3.620639999999999645e+02 3.203074200989696439e-03
3.622160000000000082e+02 3.192589798059382485e-03
3.623679999999999950e+02 3.182175758381562605e-03
3.625199999999999818e+02 3.171831583104638749e-03
3.626719999999999686e+02 3.161556778726864938e-03
3.628240000000000123e+02 3.151350857037592181e-03
3.629759999999999991e+02 3.141213335059404171e-03
3.631279999999999859e+02 3.131143734991046618e-03
3.632799999999999727e+02 3.121141584151228277e-03
3.634320000000000164e+02 3.111206414923216920e-03
3.635840000000000032e+02 3.101337764700268836e-03
3.637359999999999900e+02 3.091535175831804701e-03
3.638879999999999768e+02 3.081798195570411604e-03
3.640399999999999636e+02 3.072126376019601850e-03
3.641920000000000073e+02 3.062519274082318999e-03
3.643439999999999941e+02 3.052976451410223651e-03
3.644959999999999809e+02 3.043497474353673137e-03
3.646479999999999677e+02 3.034081913912469678e-03
3.648000000000000114e+02 3.024729345687298104e-03
3.649519999999999982e+02 3.015439349831898659e-03
3.651039999999999850e+02 3.006211511005895103e-03
3.652559999999999718e+02 2.997045418328349222e-03
3.654080000000000155e+02 2.987940665331971501e-03
3.655600000000000023e+02 2.978896849918016149e-03
3.657119999999999891e+02 2.969913574311804950e-03
3.658639999999999759e+02 2.960990445018932011e-03
3.660159999999999627e+02 2.952127072782092555e-03
3.661680000000000064e+02 2.943323072538543608e-03
3.663199999999999932e+02 2.934578063378207383e-03
3.664719999999999800e+02 2.925891668502344101e-03
3.666239999999999668e+02 2.917263515182884868e-03
3.667760000000000105e+02 2.908693234722317493e-03
3.669279999999999973e+02 2.900180462414204616e-03
3.670799999999999841e+02 2.891724837504237432e-03
3.672319999999999709e+02 2.883326003151899172e-03
3.673840000000000146e+02 2.874983606392678918e-03
3.675360000000000014e+02 2.866697298100860485e-03
3.676879999999999882e+02 2.858466732952833021e-03
3.678399999999999750e+02 2.850291569390979701e-03
3.679920000000000186e+02 2.842171469588080767e-03
3.681440000000000055e+02 2.834106099412268646e-03
3.682959999999999923e+02 2.826095128392477462e-03
3.684479999999999791e+02 2.818138229684439416e-03
3.685999999999999659e+02 2.810235080037173840e-03
3.687520000000000095e+02 2.802385359759989279e-03
3.689039999999999964e+02 2.794588752689985620e-03
3.690559999999999832e+02 2.786844946160030225e-03
3.692079999999999700e+02 2.779153630967244951e-03
3.693600000000000136e+02 2.771514501341956326e-03
3.695120000000000005e+02 2.763927254917130597e-03
3.696639999999999873e+02 2.756391592698264129e-03
3.698159999999999741e+02 2.748907219033748257e-03
3.699680000000000177e+02 2.741473841585685169e-03
3.701200000000000045e+02 2.734091171301168688e-03
3.702719999999999914e+02 2.726758922383984863e-03
3.704239999999999782e+02 2.719476812266783099e-03
3.705759999999999650e+02 2.712244561583664493e-03
3.707280000000000086e+02 2.705061894143212520e-03
3.708799999999999955e+02 2.697928536901949594e-03
3.710319999999999823e+02 2.690844219938203895e-03
3.711839999999999691e+02 2.683808676426407708e-03
3.713360000000000127e+02 2.676821642611796476e-03
3.714879999999999995e+02 2.669882857785541106e-03
3.716399999999999864e+02 2.662992064260238934e-03
3.717919999999999732e+02 2.656149007345847465e-03
3.719440000000000168e+02 2.649353435325989790e-03
3.720960000000000036e+02 2.642605099434668960e-03
3.722479999999999905e+02 2.635903753833342307e-03
3.723999999999999773e+02 2.629249155588404309e-03
3.725519999999999641e+02 2.622641064649041103e-03
3.727040000000000077e+02 2.616079243825451470e-03
3.728559999999999945e+02 2.609563458767463328e-03
3.730079999999999814e+02 2.603093477943481567e-03
3.731599999999999682e+02 2.596669072619837461e-03
3.733120000000000118e+02 2.590290016840474194e-03
3.734639999999999986e+02 2.583956087407013585e-03
3.736159999999999854e+02 2.577667063859146769e-03
3.737679999999999723e+02 2.571422728455403928e-03
3.739200000000000159e+02 2.565222866154258374e-03
3.740720000000000027e+02 2.559067264595587133e-03
3.742239999999999895e+02 2.552955714082454173e-03
3.743759999999999764e+02 2.546888007563253599e-03
3.745279999999999632e+02 2.540863940614176801e-03
3.746800000000000068e+02 2.534883311422023080e-03
3.748319999999999936e+02 2.528945920767334231e-03
3.749839999999999804e+02 2.523051572007856125e-03
3.751359999999999673e+02 2.517200071062333788e-03
3.752880000000000109e+02 2.511391226394624372e-03
3.754399999999999977e+02 2.505624848998137984e-03
3.755919999999999845e+02 2.499900752380587732e-03
3.757439999999999714e+02 2.494218752549060697e-03
3.758960000000000150e+02 2.488578667995406356e-03
3.760480000000000018e+02 2.482980319681942459e-03
3.761999999999999886e+02 2.477423531027449742e-03
3.763519999999999754e+02 2.471908127893496232e-03
3.765039999999999623e+02 2.466433938571065132e-03
3.766560000000000059e+02 2.461000793767473705e-03
3.768079999999999927e+02 2.455608526593616552e-03
3.769599999999999795e+02 2.450256972551485141e-03
3.771119999999999663e+02 2.444945969522005665e-03
3.772640000000000100e+02 2.439675357753166591e-03
3.774159999999999968e+02 2.434444979848451526e-03
3.775679999999999836e+02 2.429254680755546601e-03
3.777199999999999704e+02 2.424104307755364871e-03
3.778720000000000141e+02 2.418993710451346982e-03
3.780240000000000009e+02 2.413922740759066703e-03
3.781759999999999877e+02 2.408891252896107078e-03
3.783279999999999745e+02 2.403899103372240595e-03
3.784800000000000182e+02 2.398946150979891240e-03
3.786320000000000050e+02 2.394032256784893193e-03
3.787839999999999918e+02 2.389157284117507992e-03
3.789359999999999786e+02 2.384321098563756992e-03
3.790879999999999654e+02 2.379523567957024001e-03
3.792400000000000091e+02 2.374764562369936771e-03
3.793919999999999959e+02 2.370043954106542967e-03
3.795439999999999827e+02 2.365361617694754139e-03
3.796959999999999695e+02 2.360717429879082008e-03
3.798480000000000132e+02 2.356111269613646655e-03
3.800000000000000000e+02 2.351543018055480497e-03
3.801519999999999868e+02 2.347012558558088553e-03
3.803039999999999736e+02 2.342519776665307092e-03
3.804560000000000173e+02 2.338064560105433762e-03
3.806080000000000041e+02 2.333646798785646119e-03
3.807599999999999909e+02 2.329266384786676889e-03
3.809119999999999777e+02 2.324923212357798020e-03
3.810639999999999645e+02 2.320617177912060597e-03
3.812160000000000082e+02 2.316348180021822294e-03
3.813679999999999950e+02 2.312116119414560182e-03
3.815199999999999818e+02 2.307920898968949391e-03
3.816719999999999686e+02 2.303762423711229728e-03
3.818240000000000123e+02 2.299640600811856360e-03
3.819759999999999991e+02 2.295555339582419814e-03
3.821279999999999859e+02 2.291506551472858710e-03
3.822799999999999727e+02 2.287494150068940940e-03
3.824320000000000164e+02 2.283518051090037589e-03
3.825840000000000032e+02 2.279578172387183507e-03
3.827359999999999900e+02 2.275674433941399406e-03
3.828879999999999768e+02 2.271806757862323157e-03
3.830399999999999636e+02 2.267975068387112145e-03
3.831920000000000073e+02 2.264179291879633155e-03
3.833439999999999941e+02 2.260419356829951060e-03
3.834959999999999809e+02 2.256695193854082494e-03
3.836479999999999677e+02 2.253006735694061766e-03
3.838000000000000114e+02 2.249353917218285207e-03
3.839519999999999982e+02 2.245736675422153016e-03
3.841039999999999850e+02 2.242154949428999504e-03
3.842559999999999718e+02 2.238608680491317379e-03
3.844080000000000155e+02 2.235097811992286902e-03
3.845600000000000023e+02 2.231622289447599515e-03
3.847119999999999891e+02 2.228182060507568566e-03
3.848639999999999759e+02 2.224777074959563995e-03
3.850159999999999627e+02 2.221407284730727606e-03
3.851680000000000064e+02 2.218072643891012309e-03
3.853199999999999932e+02 2.214773108656518854e-03
3.854719999999999800e+02 2.211508637393140488e-03
3.856239999999999668e+02 2.208279190620523330e-03
3.857760000000000105e+02 2.205084731016338125e-03
3.859279999999999973e+02 2.201925223420876827e-03
3.860799999999999841e+02 2.198800634841949295e-03
3.862319999999999709e+02 2.195710934460117381e-03
3.863840000000000146e+02 2.192656093634246916e-03
3.865360000000000014e+02 2.189636085907391456e-03
3.866879999999999882e+02 2.186650887012990888e-03
3.868399999999999750e+02 2.183700474881416966e-03
3.869920000000000186e+02 2.180784829646849332e-03
3.871440000000000055e+02 2.177903933654491957e-03
3.872959999999999923e+02 2.175057771468120495e-03
3.874479999999999791e+02 2.172246329877988279e-03
3.875999999999999659e+02 2.169469597909074073e-03
3.877520000000000095e+02 2.166727566829678483e-03
3.879039999999999964e+02 2.164020230160385114e-03
3.880559999999999832e+02 2.161347583683368226e-03
3.882079999999999700e+02 2.158709625452072487e-03
3.883600000000000136e+02 2.156106355801257896e-03
3.885120000000000005e+02 2.153537777357414189e-03
3.886639999999999873e+02 2.151003895049548222e-03
3.888159999999999741e+02 2.148504716120352553e-03
3.889680000000000177e+02 2.146040250137760865e-03
3.891200000000000045e+02 2.143610509006889375e-03
3.892719999999999914e+02 2.141215506982366377e-03
3.894239999999999782e+02 2.138855260681064244e-03
3.895759999999999650e+02 2.136529789095236928e-03
3.897280000000000086e+02 2.134239113606058169e-03
3.898799999999999955e+02 2.131983257997579952e-03
3.900319999999999823e+02 2.129762248471096884e-03
3.901839999999999691e+02 2.127576113659951189e-03
3.903360000000000127e+02 2.125424884644751440e-03
3.904879999999999995e+02 2.123308594969037545e-03
3.906399999999999864e+02 2.121227280655377679e-03
3.907919999999999732e+02 2.119180980221919280e-03
3.909440000000000168e+02 2.117169734699385006e-03
3.910960000000000036e+02 2.115193587648540093e-03
3.912479999999999905e+02 2.113252585178112056e-03
3.913999999999999773e+02 2.111346775963192628e-03
3.915519999999999641e+02 2.109476211264115896e-03
3.917040000000000077e+02 2.107640944945819543e-03
3.918559999999999945e+02 2.105841033497710471e-03
3.920079999999999814e+02 2.104076536054016143e-03
3.921599999999999682e+02 2.102347514414657208e-03
3.923120000000000118e+02 2.100654033066627971e-03
3.924639999999999986e+02 2.098996159205912884e-03
3.926159999999999854e+02 2.097373962759918262e-03
3.927679999999999723e+02 2.095787516410457362e-03
3.929200000000000159e+02 2.094236895617284516e-03
3.930720000000000027e+02 2.092722178642180027e-03
3.932239999999999895e+02 2.091243446573607962e-03
3.933759999999999764e+02 2.089800783351947275e-03
3.935279999999999632e+02 2.088394275795310562e-03
3.936800000000000068e+02 2.087024013625955656e-03
3.938319999999999936e+02 2.085690089497304386e-03
3.939839999999999804e+02 2.084392599021575847e-03
3.941359999999999673e+02 2.083131640798041584e-03
3.942880000000000109e+02 2.081907316441923908e-03
3.944399999999999977e+02 2.080719730613935642e-03
3.945919999999999845e+02 2.079568991050477315e-03
3.947439999999999714e+02 2.078455208594508739e-03
3.948960000000000150e+02 2.077378497227096252e-03
3.950480000000000018e+02 2.076338974099656027e-03
3.951999999999999886e+02 2.075336759566900804e-03
3.953519999999999754e+02 2.074371977220507406e-03
3.955039999999999623e+02 2.073444753923508067e-03
3.956560000000000059e+02 2.072555219845432888e-03
3.958079999999999927e+02 2.071703508498206475e-03
3.959599999999999795e+02 2.070889756772810886e-03
3.961119999999999663e+02 2.070114104976741344e-03
3.962640000000000100e+02 2.069376696872253854e-03
3.964159999999999968e+02 2.068677679715432479e-03
3.965679999999999836e+02 2.068017204296082774e-03
3.967199999999999704e+02 2.067395424978469166e-03
3.968720000000000141e+02 2.066812499742915355e-03
3.970240000000000009e+02 2.066268590228281625e-03
3.971759999999999877e+02 2.065763861775330324e-03
3.973279999999999745e+02 2.065298483471007720e-03
3.974800000000000182e+02 2.064872628193651759e-03
3.976320000000000050e+02 2.064486472659147857e-03
3.977839999999999918e+02 2.064140197468040949e-03
3.979359999999999786e+02 2.063833987153639807e-03
3.980879999999999654e+02 2.063568030231117956e-03
3.982400000000000091e+02 2.063342519247640238e-03
3.983919999999999959e+02 2.063157650833524585e-03
3.985439999999999827e+02 2.063013625754475406e-03
3.986959999999999695e+02 2.062910648964892939e-03
3.988480000000000132e+02 2.062848929662292833e-03
3.990000000000000000e+02 2.062828681342850686e-03
3.991519999999999868e+02 2.062850121858097584e-03
3.993039999999999736e+02 2.062913473472793944e-03
3.994560000000000173e+02 2.063018962923990340e-03
3.996080000000000041e+02 2.063166821481322594e-03
3.997599999999999909e+02 2.063357285008544147e-03
3.999119999999999777e+02 2.063590594026339965e-03
4.000639999999999645e+02 2.063866993776432377e-03
4.002160000000000082e+02 2.064186734287018314e-03
4.003679999999999950e+02 2.064550070439555296e-03
4.005199999999999818e+02 2.064957262036938666e-03
4.006719999999999686e+02 2.065408573873077445e-03
4.008240000000000123e+02 2.065904275803925622e-03
4.009759999999999991e+02 2.066444642819971911e-03
4.011279999999999859e+02 2.067029955120243054e-03
4.012799999999999727e+02 2.067660498187838449e-03
4.014320000000000164e+02 2.068336562867029507e-03
4.015840000000000032e+02 2.069058445441966220e-03
4.017359999999999900e+02 2.069826447717019145e-03
4.018879999999999768e+02 2.070640877098790626e-03
4.020399999999999636e+02 2.071502046679837752e-03
4.021920000000000073e+02 2.072410275324138712e-03
4.023439999999999941e+02 2.073365887754348089e-03
4.024959999999999809e+02 2.074369214640863629e-03
4.026479999999999677e+02 2.075420592692776064e-03
4.028000000000000114e+02 2.076520364750703267e-03
4.029519999999999982e+02 2.077668879881586390e-03
4.031039999999999850e+02 2.078866493475469215e-03
4.032559999999999718e+02 2.080113567344318414e-03
4.034080000000000155e+02 2.081410469822919836e-03
4.035600000000000023e+02 2.082757575871906769e-03
4.037119999999999891e+02 2.084155267182961381e-03
4.038639999999999759e+02 2.085603932286248310e-03
4.040159999999999627e+02 2.087103966660115977e-03
4.041680000000000064e+02 2.088655772843136735e-03
4.043199999999999932e+02 2.090259760548517087e-03
4.044719999999999800e+02 2.091916346780958638e-03
4.046239999999999668e+02 2.093625955956004026e-03
4.047760000000000105e+02 2.095389020021936385e-03
4.049279999999999973e+02 2.097205978584285643e-03
4.050799999999999841e+02 2.099077279033019321e-03
4.052319999999999709e+02 2.101003376672450768e-03
4.053840000000000146e+02 2.102984734853960685e-03
4.055360000000000014e+02 2.105021825111569669e-03
4.056879999999999882e+02 2.107115127300461088e-03
4.058399999999999750e+02 2.109265129738487673e-03
4.059919999999999618e+02 2.111472329350765932e-03
4.061440000000000055e+02 2.113737231817412136e-03
4.062959999999999923e+02 2.116060351724496653e-03
4.064479999999999791e+02 2.118442212718311610e-03
4.065999999999999659e+02 2.120883347663008681e-03
4.067520000000000095e+02 2.123384298801699824e-03
4.069039999999999964e+02 2.125945617921108990e-03
4.070559999999999832e+02 2.128567866519855047e-03
4.072079999999999700e+02 2.131251615980453949e-03
4.073600000000000136e+02 2.133997447745142068e-03
4.075120000000000005e+02 2.136805953495591812e-03
4.076639999999999873e+02 2.139677735336653966e-03
4.078159999999999741e+02 2.142613405984180545e-03
4.079680000000000177e+02 2.145613588957070387e-03
4.081200000000000045e+02 2.148678918773610797e-03
4.082719999999999914e+02 2.151810041152254875e-03
4.084239999999999782e+02 2.155007613216914763e-03
4.085759999999999650e+02 2.158272303706901783e-03
4.087280000000000086e+02 2.161604793191635333e-03
4.088799999999999955e+02 2.165005774290224179e-03
4.090319999999999823e+02 2.168475951896063712e-03
4.091839999999999691e+02 2.172016043406561035e-03
4.093360000000000127e+02 2.175626778958136658e-03
4.094879999999999995e+02 2.179308901666611193e-03
4.096399999999999864e+02 2.183063167873154457e-03
4.097919999999999732e+02 2.186890347395908409e-03
4.099440000000000168e+02 2.190791223787443096e-03
4.100960000000000036e+02 2.194766594598197840e-03
4.102479999999999905e+02 2.198817271646073303e-03
4.103999999999999773e+02 2.202944081292316711e-03
4.105519999999999641e+02 2.207147864723880623e-03
4.107040000000000077e+02 2.211429478242425261e-03
4.108559999999999945e+02 2.215789793560124423e-03
4.110079999999999814e+02 2.220229698102493560e-03
4.111599999999999682e+02 2.224750095318377488e-03
4.113120000000000118e+02 2.229351904997334093e-03
4.114639999999999986e+02 2.234036063594577095e-03
4.116159999999999854e+02 2.238803524563722468e-03
4.117679999999999723e+02 2.243655258697500703e-03
4.119200000000000159e+02 2.248592254476696872e-03
4.120720000000000027e+02 2.253615518427505397e-03
4.122239999999999895e+02 2.258726075487565380e-03
4.123759999999999764e+02 2.263924969380885083e-03
4.125279999999999632e+02 2.269213263001909273e-03
4.126800000000000068e+02 2.274592038808994406e-03
4.128319999999999936e+02 2.280062399227532344e-03
4.129839999999999804e+02 2.285625467063014029e-03
4.131359999999999673e+02 2.291282385924283370e-03
4.132880000000000109e+02 2.297034320657296604e-03
4.134399999999999977e+02 2.302882457789648223e-03
4.135919999999999845e+02 2.308828005986212576e-03
4.137439999999999714e+02 2.314872196516167425e-03
4.138960000000000150e+02 2.321016283731758972e-03
4.140480000000000018e+02 2.327261545559114984e-03
4.141999999999999886e+02 2.333609284001488936e-03
4.143519999999999754e+02 2.340060825655248308e-03
4.145039999999999623e+02 2.346617522238999935e-03
4.146560000000000059e+02 2.353280751136235804e-03
4.148079999999999927e+02 2.360051915951866600e-03
4.149599999999999795e+02 2.366932447083087108e-03
4.151119999999999663e+02 2.373923802304947310e-03
4.152640000000000100e+02 2.381027467371100992e-03
4.154159999999999968e+02 2.388244956630138256e-03
4.155679999999999836e+02 2.395577813658017127e-03
4.157199999999999704e+02 2.403027611907012761e-03
4.158720000000000141e+02 2.410595955371714651e-03
4.160240000000000009e+02 2.418284479272559719e-03
4.161759999999999877e+02 2.426094850757457705e-03
4.163279999999999745e+02 2.434028769622010625e-03
4.164799999999999613e+02 2.442087969048922173e-03
4.166320000000000050e+02 2.450274216367164318e-03
4.167839999999999918e+02 2.458589313831494819e-03
4.169359999999999786e+02 2.467035099422982668e-03
4.170879999999999654e+02 2.475613447671133442e-03
4.172400000000000091e+02 2.484326270498322334e-03
4.173919999999999959e+02 2.493175518087191456e-03
4.175439999999999827e+02 2.502163179771768175e-03
4.176959999999999695e+02 2.511291284952984950e-03
4.178480000000000132e+02 2.520561904039411629e-03
4.180000000000000000e+02 2.529977149413947888e-03
4.181519999999999868e+02 2.539539176427358779e-03
4.183039999999999736e+02 2.549250184419414936e-03
4.184560000000000173e+02 2.559112417768590227e-03
4.186080000000000041e+02 2.569128166971157770e-03
4.187599999999999909e+02 2.579299769750714299e-03
4.189119999999999777e+02 2.589629612199000671e-03
4.190639999999999645e+02 2.600120129949116173e-03
4.192160000000000082e+02 2.610773809382120614e-03
4.193679999999999950e+02 2.621593188868127922e-03
4.195199999999999818e+02 2.632580860043034869e-03
4.196719999999999686e+02 2.643739469122006851e-03
4.198240000000000123e+02 2.655071718250961044e-03
4.199759999999999991e+02 2.666580366897279043e-03
4.201279999999999859e+02 2.678268233281090767e-03
4.202799999999999727e+02 2.690138195848414647e-03
4.204320000000000164e+02 2.702193194787602150e-03
4.205840000000000032e+02 2.714436233590498265e-03
4.207359999999999900e+02 2.726870380659886586e-03
4.208879999999999768e+02 2.739498770964691327e-03
4.210399999999999636e+02 2.752324607744636737e-03
4.211920000000000073e+02 2.765351164266005406e-03
4.213439999999999941e+02 2.778581785630237534e-03
4.214959999999999809e+02 2.792019890637247731e-03
4.216479999999999677e+02 2.805668973705251288e-03
4.218000000000000114e+02 2.819532606849130870e-03
4.219519999999999982e+02 2.833614441719334645e-03
4.221039999999999850e+02 2.847918211703469923e-03
4.222559999999999718e+02 2.862447734092725578e-03
4.224080000000000155e+02 2.877206912315450824e-03
4.225600000000000023e+02 2.892199738240230911e-03
4.227119999999999891e+02 2.907430294550994183e-03
4.228639999999999759e+02 2.922902757196617698e-03
4.230159999999999627e+02 2.938621397917779657e-03
4.231680000000000064e+02 2.954590586853801226e-03
4.233199999999999932e+02 2.970814795232354800e-03
4.234719999999999800e+02 2.987298598145107439e-03
4.236239999999999668e+02 3.004046677412331758e-03
4.237760000000000105e+02 3.021063824539814511e-03
4.239279999999999973e+02 3.038354943771403964e-03
4.240799999999999841e+02 3.055925055240798181e-03
4.242319999999999709e+02 3.073779298226143441e-03
4.243840000000000146e+02 3.091922934511365847e-03
4.245360000000000014e+02 3.110361351858144906e-03
4.246879999999999882e+02 3.129100067592793452e-03
4.248399999999999750e+02 3.148144732312241952e-03
4.249919999999999618e+02 3.167501133713738082e-03
4.251440000000000055e+02 3.187175200552934927e-03
4.252959999999999923e+02 3.207173006735250173e-03
4.254479999999999791e+02 3.227500775545696574e-03
4.255999999999999659e+02 3.248164884022406492e-03
4.257520000000000095e+02 3.269171867479515707e-03
4.259039999999999964e+02 3.290528424185131060e-03
4.260559999999999832e+02 3.312241420200577515e-03
4.262079999999999700e+02 3.334317894387094170e-03
4.263600000000000136e+02 3.356765063586712988e-03
4.265120000000000005e+02 3.379590327984124693e-03
4.266639999999999873e+02 3.402801276656884037e-03
4.268159999999999741e+02 3.426405693321302702e-03
4.269680000000000177e+02 3.450411562282034751e-03
4.271200000000000045e+02 3.474827074593498689e-03
4.272719999999999914e+02 3.499660634441827557e-03
4.274239999999999782e+02 3.524920865756198465e-03
4.275759999999999650e+02 3.550616619059049177e-03
4.277280000000000086e+02 3.576756978564970754e-03
4.278799999999999955e+02 3.603351269538499456e-03
4.280319999999999823e+02 3.630409065921736626e-03
4.281839999999999691e+02 3.657940198242826818e-03
4.283360000000000127e+02 3.685954761817253778e-03
4.284879999999999995e+02 3.714463125254177135e-03
4.286399999999999864e+02 3.743475939280870111e-03
4.287919999999999732e+02 3.773004145898615179e-03
4.289440000000000168e+02 3.803058987884379988e-03
4.290960000000000036e+02 3.833652018653006983e-03
4.292479999999999905e+02 3.864795112495667158e-03
4.293999999999999773e+02 3.896500475210681793e-03
4.295519999999999641e+02 3.928780655143991780e-03
4.297040000000000077e+02 3.961648554657162119e-03
4.298559999999999945e+02 3.995117442041722089e-03
4.300079999999999814e+02 4.029200963899740549e-03
4.301599999999999682e+02 4.063913158011177654e-03
4.303120000000000118e+02 4.099268466709937719e-03
4.304639999999999986e+02 4.135281750791356369e-03
4.306159999999999854e+02 4.171968303975333477e-03
4.307679999999999723e+02 4.209343867950061588e-03
4.309200000000000159e+02 4.247424648023056734e-03
4.310720000000000027e+02 4.286227329407200394e-03
4.312239999999999895e+02 4.325769094171263811e-03
4.313759999999999764e+02 4.366067638885428454e-03
4.315279999999999632e+02 4.407141192994408485e-03
4.316800000000000068e+02 4.449008537952136785e-03
4.318319999999999936e+02 4.491689027153791466e-03
4.319839999999999804e+02 4.535202606703117763e-03
4.321359999999999673e+02 4.579569837054449540e-03
4.322880000000000109e+02 4.624811915571492259e-03
4.324399999999999977e+02 4.670950700046728153e-03
4.325919999999999845e+02 4.718008733228120678e-03
4.327439999999999714e+02 4.766009268401693103e-03
4.328960000000000150e+02 4.814976296081793956e-03
4.330480000000000018e+02 4.864934571863220418e-03
4.331999999999999886e+02 4.915909645492787250e-03
4.333519999999999754e+02 4.967927891220491957e-03
4.335039999999999623e+02 5.021016539494342103e-03
4.336560000000000059e+02 5.075203710066123440e-03
4.338079999999999927e+02 5.130518446579128422e-03
4.339599999999999795e+02 5.186990752713231852e-03
4.341119999999999663e+02 5.244651629966257458e-03
4.342640000000000100e+02 5.303533117155793779e-03
4.344159999999999968e+02 5.363668331729757634e-03
4.345679999999999836e+02 5.425091512979751500e-03
4.347199999999999704e+02 5.487838067255810387e-03
4.348720000000000141e+02 5.551944615287630370e-03
4.350240000000000009e+02 5.617449041722855259e-03
4.351759999999999877e+02 5.684390547000122383e-03
4.353279999999999745e+02 5.752809701680532475e-03
4.354799999999999613e+02 5.822748503369438999e-03
4.356320000000000050e+02 5.894250436367682623e-03
4.357839999999999918e+02 5.967360534199727534e-03
4.359359999999999786e+02 6.042125445175451810e-03
4.360879999999999654e+02 6.118593501150868495e-03
4.362400000000000091e+02 6.196814789663951557e-03
4.363919999999999959e+02 6.276841229631690416e-03
4.365439999999999827e+02 6.358726650806631117e-03
4.366959999999999695e+02 6.442526877202210678e-03
4.368480000000000132e+02 6.528299814710173017e-03
4.370000000000000000e+02 6.616105543146261203e-03
4.371519999999999868e+02 6.706006412975962054e-03
4.373039999999999736e+02 6.798067146986554524e-03
4.374560000000000173e+02 6.892354947189628656e-03
4.376080000000000041e+02 6.988939607255071317e-03
4.377599999999999909e+02 7.087893630797634237e-03
4.379119999999999777e+02 7.189292355856153477e-03
4.380639999999999645e+02 7.293214085928440699e-03
4.382160000000000082e+02 7.399740227947395471e-03
4.383679999999999950e+02 7.508955437608542602e-03
4.385199999999999818e+02 7.620947772486418026e-03
4.386719999999999686e+02 7.735808853404186995e-03
4.388240000000000123e+02 7.853634034552327975e-03
4.389759999999999991e+02 7.974522582883411190e-03
4.391279999999999859e+02 8.098577867345647593e-03
4.392799999999999727e+02 8.225907558553022594e-03
4.394320000000000164e+02 8.356623839530799569e-03
4.395840000000000032e+02 8.490843628215937258e-03
4.397359999999999900e+02 8.628688812438110520e-03
4.398879999999999768e+02 8.770286498153244750e-03
4.400399999999999636e+02 8.915769271754438868e-03
4.401920000000000073e+02 9.065275477338751234e-03
4.403439999999999941e+02 9.218949509866731021e-03
4.404959999999999809e+02 9.376942125215009458e-03
4.406479999999999677e+02 9.539410768186698183e-03
4.408000000000000114e+02 9.706519919617318318e-03
4.409519999999999982e+02 9.878441463787905608e-03
4.411039999999999850e+02 1.005535507743913516e-02
4.412559999999999718e+02 1.023744864176370957e-02
4.414080000000000155e+02 1.042491867884772806e-02
4.415600000000000023e+02 1.061797081412673913e-02
4.417119999999999891e+02 1.081682026652694244e-02
4.418639999999999759e+02 1.102169236806855961e-02
4.420159999999999627e+02 1.123282311482621913e-02
4.421680000000000064e+02 1.145045975126188741e-02
4.423199999999999932e+02 1.167486139007458713e-02
4.424719999999999800e+02 1.190629966984834039e-02
4.426239999999999668e+02 1.214505945291928166e-02
4.427760000000000105e+02 1.239143956603502329e-02
4.429279999999999973e+02 1.264575358653252830e-02
4.430799999999999841e+02 1.290833067692500301e-02
4.432319999999999709e+02 1.317951647095237828e-02
4.433840000000000146e+02 1.345967401432535820e-02
4.435360000000000014e+02 1.374918476356601187e-02
4.436879999999999882e+02 1.404844964652894254e-02
4.438399999999999750e+02 1.435789018836159704e-02
4.439919999999999618e+02 1.467794970684232342e-02
4.441440000000000055e+02 1.500909458120405944e-02
4.442959999999999923e+02 1.535181559871374654e-02
4.444479999999999791e+02 1.570662938342901743e-02
4.445999999999999659e+02 1.607407991167830036e-02
4.447520000000000095e+02 1.645474011891791613e-02
4.449039999999999964e+02 1.684921360268271454e-02
4.450559999999999832e+02 1.725813642637132050e-02
4.452079999999999700e+02 1.768217902856305396e-02
4.453600000000000136e+02 1.812204824245416609e-02
4.455120000000000005e+02 1.857848942978778881e-02
4.456639999999999873e+02 1.905228873332977246e-02
4.458159999999999741e+02 1.954427545146370307e-02
4.459679999999999609e+02 2.005532453783266320e-02
4.461200000000000045e+02 2.058635922808077501e-02
4.462719999999999914e+02 2.113835379460929018e-02
4.464239999999999782e+02 2.171233642880366840e-02
4.465759999999999650e+02 2.230939224832629783e-02
4.467280000000000086e+02 2.293066642474934566e-02
4.468799999999999955e+02 2.357736742389976090e-02
4.470319999999999823e+02 2.425077034771659298e-02
4.471839999999999691e+02 2.495222036201836385e-02
4.473360000000000127e+02 2.568313618922003772e-02
4.474879999999999995e+02 2.644501363850859654e-02
4.476399999999999864e+02 2.723942913809762612e-02
4.477919999999999732e+02 2.806804322465198190e-02
4.479440000000000168e+02 2.893260393355025217e-02
4.480960000000000036e+02 2.983495001996254101e-02
4.482479999999999905e+02 3.077701392441423850e-02
4.483999999999999773e+02 3.176082437711004458e-02
4.485519999999999641e+02 3.278850851235679681e-02
4.487040000000000077e+02 3.386229333735946145e-02
4.488559999999999945e+02 3.498450636789211809e-02
4.490079999999999814e+02 3.615757520621618731e-02
4.491599999999999682e+02 3.738402579341160159e-02
4.493120000000000118e+02 3.866647901835344042e-02
4.494639999999999986e+02 4.000764530816718068e-02
4.496159999999999854e+02 4.141031675956952790e-02
4.497679999999999723e+02 4.287735629652278391e-02
4.499200000000000159e+02 4.441168325693818641e-02
4.500720000000000027e+02 4.601625471985178184e-02
4.502239999999999895e+02 4.769404178535385785e-02
4.503759999999999764e+02 4.944799991406292200e-02
4.505279999999999632e+02 5.128103232384891713e-02
4.506800000000000068e+02 5.319594533295823185e-02
4.508319999999999936e+02 5.519539443692546982e-02
4.509839999999999804e+02 5.728181982046582493e-02
4.511359999999999673e+02 5.945736994689690413e-02
4.512880000000000109e+02 6.172381185258311170e-02
4.514399999999999977e+02 6.408242682293600889e-02
4.515919999999999845e+02 6.653389026556913444e-02
4.517439999999999714e+02 6.907813485663581721e-02
4.518960000000000150e+02 7.171419645519531982e-02
4.520480000000000018e+02 7.444004289901866300e-02
4.521999999999999886e+02 7.725238665761782753e-02
4.523519999999999754e+02 8.014648346704290882e-02
4.525039999999999623e+02 8.311592054176551725e-02
4.526560000000000059e+02 8.615239977135712157e-02
4.528079999999999927e+02 8.924552345619503335e-02
4.529599999999999795e+02 9.238259256797554109e-02
4.531119999999999663e+02 9.554843013044843347e-02
4.532640000000000100e+02 9.872524492295652043e-02
4.534159999999999968e+02 1.018925530467298252e-01
4.535679999999999836e+02 1.050271766036116466e-01
4.537199999999999704e+02 1.081033393803917525e-01
4.538720000000000141e+02 1.110928785219962300e-01
4.540240000000000009e+02 1.139655882351861688e-01
4.541759999999999877e+02 1.166897062088023129e-01
4.543279999999999745e+02 1.192325454889276021e-01
4.544799999999999613e+02 1.215612641511556041e-01
4.546320000000000050e+02 1.236437528307866296e-01
4.547839999999999918e+02 1.254496070365422600e-01
4.549359999999999786e+02 1.269511386456217972e-01
4.550879999999999654e+02 1.281243708026010564e-01
4.552400000000000091e+02 1.289499543954097105e-01
4.553919999999999959e+02 1.294139438291997679e-01
4.555439999999999827e+02 1.295083757909662736e-01
4.556959999999999695e+02 1.292316070152646212e-01
4.558480000000000132e+02 1.285883846366023819e-01
4.560000000000000000e+02 1.275896435598485867e-01
4.561519999999999868e+02 1.262520468255038941e-01
4.563039999999999736e+02 1.245973044940528046e-01
4.564559999999999604e+02 1.226513217857866239e-01
4.566080000000000041e+02 1.204432365128334098e-01
4.567599999999999909e+02 1.180044086322822039e-01
4.569119999999999777e+02 1.153674214201965420e-01
4.570639999999999645e+02 1.125651454967594584e-01
4.572160000000000082e+02 1.096299053847981375e-01
4.573679999999999950e+02 1.065927752551218549e-01
4.575199999999999818e+02 1.034830176347251302e-01
4.576719999999999686e+02 1.003276673911546180e-01
4.578240000000000123e+02 9.715125406016919540e-02
4.579759999999999991e+02 9.397564890329591913e-02
4.581279999999999859e+02 9.082001893960689465e-02
4.582799999999999727e+02 8.770086830003738509e-02
4.584320000000000164e+02 8.463214716117885283e-02
4.585840000000000032e+02 8.162540973720469606e-02
4.587359999999999900e+02 7.869000487421526358e-02
4.588879999999999768e+02 7.583328529923358263e-02
4.590399999999999636e+02 7.306082421220562451e-02
4.591920000000000073e+02 7.037663044993205941e-02
4.593439999999999941e+02 6.778335575295488247e-02
4.594959999999999809e+02 6.528248965339741861e-02
4.596479999999999677e+02 6.287453914674044630e-02
4.598000000000000114e+02 6.055919162074560602e-02
4.599519999999999982e+02 5.833546051899731605e-02
4.601039999999999850e+02 5.620181395461373158e-02
4.602559999999999718e+02 5.415628700558160202e-02
4.604080000000000155e+02 5.219657875988200496e-02
4.605600000000000023e+02 5.032013537563986144e-02
4.607119999999999891e+02 4.852422051314886353e-02
4.608639999999999759e+02 4.680597451057991187e-02
4.610159999999999627e+02 4.516246363659821850e-02
4.611680000000000064e+02 4.359072067934138123e-02
4.613199999999999932e+02 4.208777803613925061e-02
4.614719999999999800e+02 4.065069436235570211e-02
4.616239999999999668e+02 3.927657572829771487e-02
4.617760000000000105e+02 3.796259212536053085e-02
4.619279999999999973e+02 3.670599005994239911e-02
4.620799999999999841e+02 3.550410187818200253e-02
4.622319999999999709e+02 3.435435237742340969e-02
4.623840000000000146e+02 3.325426318185437796e-02
4.625360000000000014e+02 3.220145529001245538e-02
4.626879999999999882e+02 3.119365014039322467e-02
4.628399999999999750e+02 3.022866948772777451e-02
4.629919999999999618e+02 2.930443433591268382e-02
4.631440000000000055e+02 2.841896313342729546e-02
4.632959999999999923e+02 2.757036940263298680e-02
4.634479999999999791e+02 2.675685894494443315e-02
4.635999999999999659e+02 2.597672673889167907e-02
4.637520000000000095e+02 2.522835362693243502e-02
4.639039999999999964e+02 2.451020286905113837e-02
4.640559999999999832e+02 2.382081662619145446e-02
4.642079999999999700e+02 2.315881242403679263e-02
4.643600000000000136e+02 2.252287963718137623e-02
4.645120000000000005e+02 2.191177602504681271e-02
4.646639999999999873e+02 2.132432434369363125e-02
4.648159999999999741e+02 2.075940905175048881e-02
4.649679999999999609e+02 2.021597312380378833e-02
4.651200000000000045e+02 1.969301498061667294e-02
4.652719999999999914e+02 1.918958554231515665e-02
4.654239999999999782e+02 1.870478540806893783e-02
4.655759999999999650e+02 1.823776216371496978e-02
4.657280000000000086e+02 1.778770781711058388e-02
4.658799999999999955e+02 1.735385635971146631e-02
4.660319999999999823e+02 1.693548145186343779e-02
4.661839999999999691e+02 1.653189422854423746e-02
4.663360000000000127e+02 1.614244122172556542e-02
4.664879999999999995e+02 1.576650239513213703e-02
4.666399999999999864e+02 1.540348928690435208e-02
4.667919999999999732e+02 1.505284325551548529e-02
4.669439999999999600e+02 1.471403382421430928e-02
4.670960000000000036e+02 1.438655711925836828e-02
4.672479999999999905e+02 1.406993439724774780e-02
4.673999999999999773e+02 1.376371065695230697e-02
4.675519999999999641e+02 1.346745333114600200e-02
4.677040000000000077e+02 1.318075105409729185e-02
4.678559999999999945e+02 1.290321250052382275e-02
4.680079999999999814e+02 1.263446529198405770e-02
4.681599999999999682e+02 1.237415496685622882e-02
4.683120000000000118e+02 1.212194401022916208e-02
4.684639999999999986e+02 1.187751094021067058e-02
4.686159999999999854e+02 1.164054944733387484e-02
4.687679999999999723e+02 1.141076758391906809e-02
4.689200000000000159e+02 1.118788700041554660e-02
4.690720000000000027e+02 1.097164222591473851e-02
4.692239999999999895e+02 1.076177999018272831e-02
4.693759999999999764e+02 1.055805858471540841e-02
4.695279999999999632e+02 1.036024726046274810e-02
4.696800000000000068e+02 1.016812566000915852e-02
4.698319999999999936e+02 9.981483282129277601e-03
4.699839999999999804e+02 9.800118976762504236e-03
4.701359999999999673e+02 9.623840468570930146e-03
4.702880000000000109e+02 9.452463907354990980e-03
4.704399999999999977e+02 9.285813443709199991e-03
4.705919999999999845e+02 9.123720828398285826e-03
4.707439999999999714e+02 8.966025034030400756e-03
4.708960000000000150e+02 8.812571897690321329e-03
4.710480000000000018e+02 8.663213783280282118e-03
4.711999999999999886e+02 8.517809262392657399e-03
4.713519999999999754e+02 8.376222812613831267e-03
4.715039999999999623e+02 8.238324532225463348e-03
4.716560000000000059e+02 8.103989870334806639e-03
4.718079999999999927e+02 7.973099371526107607e-03
4.719599999999999795e+02 7.845538434180629808e-03
4.721119999999999663e+02 7.721197081667559824e-03
4.722640000000000100e+02 7.599969745655898827e-03
4.724159999999999968e+02 7.481755060845089907e-03
4.725679999999999836e+02 7.366455670454542630e-03
4.727199999999999704e+02 7.253978041854218343e-03
4.728720000000000141e+02 7.144232291755138638e-03
4.730240000000000009e+02 7.037132020415416515e-03
4.731759999999999877e+02 6.932594154349610606e-03
4.733279999999999745e+02 6.830538797061894499e-03
4.734799999999999613e+02 6.730889087351334815e-03
4.736320000000000050e+02 6.633571064765679363e-03
4.737839999999999918e+02 6.538513541805709810e-03
4.739359999999999786e+02 6.445647982505353646e-03
4.740879999999999654e+02 6.354908387036594004e-03
4.742400000000000091e+02 6.266231182007770545e-03
4.743919999999999959e+02 6.179555116144696929e-03
4.745439999999999827e+02 6.094821161061394522e-03
4.746959999999999695e+02 6.011972416845763612e-03
4.748480000000000132e+02 5.930954022200535247e-03
4.750000000000000000e+02 5.851713068895851404e-03
4.751519999999999868e+02 5.774198520303287785e-03
4.753039999999999736e+02 5.698361133795455495e-03
4.754559999999999604e+02 5.624153386806839822e-03
4.756080000000000041e+02 5.551529406363869996e-03
4.757599999999999909e+02 5.480444901903160776e-03
4.759119999999999777e+02 5.410857101206727714e-03
4.760639999999999645e+02 5.342724689293553743e-03
4.762160000000000082e+02 5.276007750115086457e-03
4.763679999999999950e+02 5.210667710911502833e-03
4.765199999999999818e+02 5.146667289092917742e-03
4.766719999999999686e+02 5.083970441518151188e-03
4.768240000000000123e+02 5.022542316049888149e-03
4.769759999999999991e+02 4.962349205272410628e-03
4.771279999999999859e+02 4.903358502263688128e-03
4.772799999999999727e+02 4.845538658320389450e-03
4.774320000000000164e+02 4.788859142539014790e-03
4.775840000000000032e+02 4.733290403162332752e-03
4.777359999999999900e+02 4.678803830604477167e-03
4.778879999999999768e+02 4.625371722073582000e-03
4.780399999999999636e+02 4.572967247714365344e-03
4.781920000000000073e+02 4.521564418197640198e-03
4.783439999999999941e+02 4.471138053687608548e-03
4.784959999999999809e+02 4.421663754121013187e-03
4.786479999999999677e+02 4.373117870736392861e-03
4.788000000000000114e+02 4.325477478794189506e-03
4.789519999999999982e+02 4.278720351432079363e-03
4.791039999999999850e+02 4.232824934602261516e-03
4.792559999999999718e+02 4.187770323040833180e-03
4.794080000000000155e+02 4.143536237221261478e-03
4.795600000000000023e+02 4.100103001246950367e-03
4.797119999999999891e+02 4.057451521639651726e-03
4.798639999999999759e+02 4.015563266983319772e-03
4.800159999999999627e+02 3.974420248384373175e-03
4.801680000000000064e+02 3.934005000711714509e-03
4.803199999999999932e+02 3.894300564581571877e-03
4.804719999999999800e+02 3.855290469053742394e-03
4.806239999999999668e+02 3.816958715007928368e-03
4.807760000000000105e+02 3.779289759169893528e-03
4.809279999999999973e+02 3.742268498759050970e-03
4.810799999999999841e+02 3.705880256730049484e-03
4.812319999999999709e+02 3.670110767582811413e-03
4.813840000000000146e+02 3.634946163716133109e-03
4.815360000000000014e+02 3.600372962301608311e-03
4.816879999999999882e+02 3.566378052655320464e-03
4.818399999999999750e+02 3.532948684086314236e-03
4.819919999999999618e+02 3.500072454201387778e-03
4.821440000000000055e+02 3.467737297646980230e-03
4.822959999999999923e+02 3.435931475269803689e-03
4.824479999999999791e+02 3.404643563678510284e-03
4.825999999999999659e+02 3.373862445189901044e-03
4.827520000000000095e+02 3.343577298143541460e-03
4.829039999999999964e+02 3.313777587569692075e-03
4.830559999999999832e+02 3.284453056195863179e-03
4.832079999999999700e+02 3.255593715778358661e-03
4.833600000000000136e+02 3.227189838745391816e-03
4.835120000000000005e+02 3.199231950139265306e-03
4.836639999999999873e+02 3.171710819845415408e-03
4.838159999999999741e+02 3.144617455096949867e-03
4.839679999999999609e+02 3.117943093243568005e-03
4.841200000000000045e+02 3.091679194774351984e-03
4.842719999999999914e+02 3.065817436584449777e-03
4.844239999999999782e+02 3.040349705475856902e-03
4.845759999999999650e+02 3.015268091883336644e-03
4.847280000000000086e+02 2.990564883816488988e-03
4.848799999999999955e+02 2.966232561009709678e-03
4.850319999999999823e+02 2.942263789271804247e-03
4.851839999999999691e+02 2.918651415027777741e-03
4.853360000000000127e+02 2.895388460045250200e-03
4.854879999999999995e+02 2.872468116338564199e-03
4.856399999999999864e+02 2.849883741243688928e-03
4.857919999999999732e+02 2.827628852657607279e-03
4.859439999999999600e+02 2.805697124435873289e-03
4.860960000000000036e+02 2.784082381942435368e-03
4.862479999999999905e+02 2.762778597746070545e-03
4.863999999999999773e+02 2.741779887457865619e-03
4.865519999999999641e+02 2.721080505704662460e-03
4.867040000000000077e+02 2.700674842233337890e-03
4.868559999999999945e+02 2.680557418141193624e-03
4.870079999999999814e+02 2.660722882227730020e-03
4.871599999999999682e+02 2.641166007463529274e-03
4.873120000000000118e+02 2.621881687571884362e-03
4.874639999999999986e+02 2.602864933719179104e-03
4.876159999999999854e+02 2.584110871310012995e-03
4.877679999999999723e+02 2.565614736883445671e-03
4.879200000000000159e+02 2.547371875106643063e-03
4.880720000000000027e+02 2.529377735862568550e-03
4.882239999999999895e+02 2.511627871428250957e-03
4.883759999999999764e+02 2.494117933740614898e-03
4.885279999999999632e+02 2.476843671746664644e-03
4.886800000000000068e+02 2.459800928835136243e-03
4.888319999999999936e+02 2.442985640346802007e-03
4.889839999999999804e+02 2.426393831160611036e-03
4.891359999999999673e+02 2.410021613353179049e-03
4.892880000000000109e+02 2.393865183929002466e-03
4.894399999999999977e+02 2.377920822619054853e-03
4.895919999999999845e+02 2.362184889745335380e-03
4.897439999999999714e+02 2.346653824149251642e-03
4.898960000000000150e+02 2.331324141181589493e-03
4.900480000000000018e+02 2.316192430752050252e-03
4.901999999999999886e+02 2.301255355436290524e-03
4.903519999999999754e+02 2.286509648638634495e-03
4.905039999999999623e+02 2.271952112808534475e-03
4.906560000000000059e+02 2.257579617709023698e-03
4.908079999999999927e+02 2.243389098735473937e-03
4.909599999999999795e+02 2.229377555282917572e-03
4.911119999999999663e+02 2.215542049160458288e-03
4.912640000000000100e+02 2.201879703051144981e-03
4.914159999999999968e+02 2.188387699015893317e-03
4.915679999999999836e+02 2.175063277039950959e-03
4.917199999999999704e+02 2.161903733620630132e-03
4.918720000000000141e+02 2.148906420394913232e-03
4.920240000000000009e+02 2.136068742805696374e-03
4.921759999999999877e+02 2.123388158805382397e-03
4.923279999999999745e+02 2.110862177595714852e-03
4.924799999999999613e+02 2.098488358402653825e-03
4.926320000000000050e+02 2.086264309285189474e-03
4.927839999999999918e+02 2.074187685977075830e-03
4.929359999999999786e+02 2.062256190760369031e-03
4.930879999999999654e+02 2.050467571369877888e-03
4.932400000000000091e+02 2.038819619927489859e-03
4.933919999999999959e+02 2.027310171905508541e-03
4.935439999999999827e+02 2.015937105118032098e-03
4.936959999999999695e+02 2.004698338739601543e-03
4.938480000000000132e+02 1.993591832350216815e-03
4.940000000000000000e+02 1.982615585005966918e-03
4.941519999999999868e+02 1.971767634334426270e-03
4.943039999999999736e+02 1.961046055654160243e-03
4.944559999999999604e+02 1.950448961117540398e-03
4.946080000000000041e+02 1.939974498876194386e-03
4.947599999999999909e+02 1.929620852268438711e-03
4.949119999999999777e+02 1.919386239027969215e-03
4.950639999999999645e+02 1.909268910513263300e-03
4.952160000000000082e+02 1.899267150957017992e-03
4.953679999999999950e+02 1.889379276735075018e-03
4.955199999999999818e+02 1.879603635654203408e-03
4.956719999999999686e+02 1.869938606258261934e-03
4.958240000000000123e+02 1.860382597152142889e-03
4.959759999999999991e+02 1.850934046343026031e-03
4.961279999999999859e+02 1.841591420598384741e-03
4.962799999999999727e+02 1.832353214820329384e-03
4.964319999999999595e+02 1.823217951435765049e-03
4.965840000000000032e+02 1.814184179801928490e-03
4.967359999999999900e+02 1.805250475626884663e-03
4.968879999999999768e+02 1.796415440404498234e-03
4.970399999999999636e+02 1.787677700863546338e-03
4.971920000000000073e+02 1.779035908430510494e-03
4.973439999999999941e+02 1.770488738705708115e-03
4.974959999999999809e+02 1.762034890952332957e-03
4.976479999999999677e+02 1.753673087598109403e-03
4.978000000000000114e+02 1.745402073749158971e-03
4.979519999999999982e+02 1.737220616715770723e-03
4.981039999999999850e+02 1.729127505549707573e-03
4.982559999999999718e+02 1.721121550592779204e-03
4.984080000000000155e+02 1.713201583036330937e-03
4.985600000000000023e+02 1.705366454491384241e-03
4.987119999999999891e+02 1.697615036569084324e-03
4.988639999999999759e+02 1.689946220471240336e-03
4.990159999999999627e+02 1.682358916590638359e-03
4.991680000000000064e+02 1.674852054120870874e-03
4.993199999999999932e+02 1.667424580675451982e-03
4.994719999999999800e+02 1.660075461915914595e-03
4.996239999999999668e+02 1.652803681188711338e-03
4.997760000000000105e+02 1.645608239170641635e-03
4.999279999999999973e+02 1.638488153522603061e-03
5.000799999999999841e+02 1.631442458551409175e-03
5.002319999999999709e+02 1.624470204879513782e-03
5.003840000000000146e+02 1.617570459122386192e-03
5.005360000000000014e+02 1.610742303573376149e-03
5.006879999999999882e+02 1.603984835895817546e-03
5.008399999999999750e+02 1.597297168822249492e-03
5.009919999999999618e+02 1.590678429860520110e-03
5.011440000000000055e+02 1.584127761006608702e-03
5.012959999999999923e+02 1.577644318464008428e-03
5.014479999999999791e+02 1.571227272369462181e-03
5.015999999999999659e+02 1.564875806524935022e-03
5.017520000000000095e+02 1.558589118135629732e-03
5.019039999999999964e+02 1.552366417553912139e-03
5.020559999999999832e+02 1.546206928028967748e-03
5.022079999999999700e+02 1.540109885462081054e-03
5.023600000000000136e+02 1.534074538167367295e-03
5.025120000000000005e+02 1.528100146637842395e-03
5.026639999999999873e+02 1.522185983316656516e-03
5.028159999999999741e+02 1.516331332373419254e-03
5.029679999999999609e+02 1.510535489485439076e-03
5.031200000000000045e+02 1.504797761623783781e-03
5.032719999999999914e+02 1.499117466844035549e-03
5.034239999999999782e+02 1.493493934081608970e-03
5.035759999999999650e+02 1.487926502951547689e-03
5.037280000000000086e+02 1.482414523552665888e-03
5.038799999999999955e+02 1.476957356275948293e-03
5.040319999999999823e+02 1.471554371617073403e-03
5.041839999999999691e+02 1.466204949992999012e-03
5.043360000000000127e+02 1.460908481562481860e-03
5.044879999999999995e+02 1.455664366050455532e-03
5.046399999999999864e+02 1.450472012576148849e-03
5.047919999999999732e+02 1.445330839484885348e-03
5.049439999999999600e+02 1.440240274183453252e-03
5.050960000000000036e+02 1.435199752978970258e-03
5.052479999999999905e+02 1.430208720921161396e-03
5.053999999999999773e+02 1.425266631647951728e-03
5.055519999999999641e+02 1.420372947234325089e-03
5.057040000000000077e+02 1.415527138044344159e-03
5.058559999999999945e+02 1.410728682586281967e-03
5.060079999999999814e+02 1.405977067370755337e-03
5.061599999999999682e+02 1.401271786771839892e-03
5.063120000000000118e+02 1.396612342891050173e-03
5.064639999999999986e+02 1.391998245424157970e-03
5.066159999999999854e+02 1.387429011530740258e-03
5.067679999999999723e+02 1.382904165706438275e-03
5.069199999999999591e+02 1.378423239657832573e-03
5.070720000000000027e+02 1.373985772179890869e-03
5.072239999999999895e+02 1.369591309035926487e-03
5.073759999999999764e+02 1.365239402839996249e-03
5.075279999999999632e+02 1.360929612941710930e-03
5.076800000000000068e+02 1.356661505313373501e-03
5.078319999999999936e+02 1.352434652439420647e-03
5.079839999999999804e+02 1.348248633208080612e-03
5.081359999999999673e+02 1.344103032805238048e-03
5.082880000000000109e+02 1.339997442610423896e-03
5.084399999999999977e+02 1.335931460094905371e-03
5.085919999999999845e+02 1.331904688721805355e-03
5.087439999999999714e+02 1.327916737848234933e-03
5.088960000000000150e+02 1.323967222629370130e-03
5.090480000000000018e+02 1.320055763924447454e-03
5.091999999999999886e+02 1.316181988204617780e-03
5.093519999999999754e+02 1.312345527462637938e-03
5.095039999999999623e+02 1.308546019124347129e-03
5.096560000000000059e+02 1.304783105961889551e-03
5.098079999999999927e+02 1.301056436008657651e-03
5.099599999999999795e+02 1.297365662475893780e-03
5.101119999999999663e+02 1.293710443670945684e-03
5.102640000000000100e+02 1.290090442917114473e-03
5.104159999999999968e+02 1.286505328475081840e-03
5.105679999999999836e+02 1.282954773465856896e-03
5.107199999999999704e+02 1.279438455795240239e-03
5.108720000000000141e+02 1.275956058079748658e-03
5.110240000000000009e+02 1.272507267573990504e-03
5.111759999999999877e+02 1.269091776099434254e-03
5.113279999999999745e+02 1.265709279974570282e-03
5.114799999999999613e+02 1.262359479946418553e-03
5.116320000000000050e+02 1.259042081123356444e-03
5.117839999999999918e+02 1.255756792909249993e-03
5.119359999999999786e+02 1.252503328938839354e-03
5.120879999999999654e+02 1.249281407014379971e-03
5.122400000000000091e+02 1.246090749043491991e-03
5.123919999999999391e+02 1.242931080978210102e-03
5.125439999999999827e+02 1.239802132755181549e-03
5.126960000000000264e+02 1.236703638237035075e-03
5.128479999999999563e+02 1.233635335154850774e-03
5.130000000000000000e+02 1.230596965051723463e-03
5.131520000000000437e+02 1.227588273227424786e-03
5.133039999999999736e+02 1.224609008684100081e-03
5.134560000000000173e+02 1.221658924072993938e-03
5.136079999999999472e+02 1.218737775642215289e-03
5.137599999999999909e+02 1.215845323185458333e-03
5.139120000000000346e+02 1.212981329991729383e-03
5.140639999999999645e+02 1.210145562796008725e-03
5.142160000000000082e+02 1.207337791730840994e-03
5.143679999999999382e+02 1.204557790278871186e-03
5.145199999999999818e+02 1.201805335226240447e-03
5.146720000000000255e+02 1.199080206616901043e-03
5.148239999999999554e+02 1.196382187707769641e-03
5.149759999999999991e+02 1.193711064924731684e-03
5.151280000000000427e+02 1.191066627819495133e-03
5.152799999999999727e+02 1.188448669027239576e-03
5.154320000000000164e+02 1.185856984225069606e-03
5.155839999999999463e+02 1.183291372091268548e-03
5.157359999999999900e+02 1.180751634265297251e-03
5.158880000000000337e+02 1.178237575308576117e-03
5.160399999999999636e+02 1.175749002665988328e-03
5.161920000000000073e+02 1.173285726628114489e-03
5.163439999999999372e+02 1.170847560294198657e-03
5.164959999999999809e+02 1.168434319535787899e-03
5.166480000000000246e+02 1.166045822961091303e-03
5.167999999999999545e+02 1.163681891879991262e-03
5.169519999999999982e+02 1.161342350269724570e-03
5.171040000000000418e+02 1.159027024741229872e-03
5.172559999999999718e+02 1.156735744506117445e-03
5.174080000000000155e+02 1.154468341344271065e-03
5.175599999999999454e+02 1.152224649572083492e-03
5.177119999999999891e+02 1.150004506011273291e-03
5.178640000000000327e+02 1.147807749958325079e-03
5.180159999999999627e+02 1.145634223154496810e-03
5.181680000000000064e+02 1.143483769756404710e-03
5.183199999999999363e+02 1.141356236307189582e-03
5.184719999999999800e+02 1.139251471708215870e-03
5.186240000000000236e+02 1.137169327191342103e-03
5.187759999999999536e+02 1.135109656291711545e-03
5.189279999999999973e+02 1.133072314821073016e-03
5.190800000000000409e+02 1.131057160841635132e-03
5.192319999999999709e+02 1.129064054640418644e-03
5.193840000000000146e+02 1.127092858704109666e-03
5.195359999999999445e+02 1.125143437694425732e-03
5.196879999999999882e+02 1.123215658423944814e-03
5.198400000000000318e+02 1.121309389832434149e-03
5.199919999999999618e+02 1.119424502963637909e-03
5.201440000000000055e+02 1.117560870942527814e-03
5.202959999999999354e+02 1.115718368953024300e-03
5.204479999999999791e+02 1.113896874216148110e-03
5.206000000000000227e+02 1.112096265968631802e-03
5.207519999999999527e+02 1.110316425441956918e-03
5.209039999999999964e+02 1.108557235841819413e-03
5.210560000000000400e+02 1.106818582328027894e-03
5.212079999999999700e+02 1.105100351994810605e-03
5.213600000000000136e+02 1.103402433851529427e-03
5.215119999999999436e+02 1.101724718803812585e-03
5.216639999999999873e+02 1.100067099635068787e-03
5.218160000000000309e+02 1.098429470988408589e-03
5.219679999999999609e+02 1.096811729348947176e-03
5.221200000000000045e+02 1.095213773026484450e-03
5.222719999999999345e+02 1.093635502138575648e-03
5.224239999999999782e+02 1.092076818593957143e-03
5.225760000000000218e+02 1.090537626076354752e-03
5.227279999999999518e+02 1.089017830028643106e-03
5.228799999999999955e+02 1.087517337637363898e-03
5.230320000000000391e+02 1.086036057817604730e-03
5.231839999999999691e+02 1.084573901198217097e-03
5.233360000000000127e+02 1.083130780107379159e-03
5.234879999999999427e+02 1.081706608558506092e-03
5.236399999999999864e+02 1.080301302236484629e-03
5.237920000000000300e+02 1.078914778484250415e-03
5.239439999999999600e+02 1.077546956289685215e-03
5.240960000000000036e+02 1.076197756272837414e-03
5.242479999999999336e+02 1.074867100673471913e-03
5.243999999999999773e+02 1.073554913338924457e-03
5.245520000000000209e+02 1.072261119712280587e-03
5.247039999999999509e+02 1.070985646820855983e-03
5.248559999999999945e+02 1.069728423264986036e-03
5.250080000000000382e+02 1.068489379207123542e-03
5.251599999999999682e+02 1.067268446361230869e-03
5.253120000000000118e+02 1.066065557982468761e-03
5.254639999999999418e+02 1.064880648857190453e-03
5.256159999999999854e+02 1.063713655293212039e-03
5.257680000000000291e+02 1.062564515110387287e-03
5.259199999999999591e+02 1.061433167631461527e-03
5.260720000000000027e+02 1.060319553673205696e-03
5.262239999999999327e+02 1.059223615537845933e-03
5.263759999999999764e+02 1.058145297004757729e-03
5.265280000000000200e+02 1.057084543322450634e-03
5.266799999999999500e+02 1.056041301200819679e-03
5.268319999999999936e+02 1.055015518803672408e-03
5.269840000000000373e+02 1.054007145741531508e-03
5.271359999999999673e+02 1.053016133064704155e-03
5.272880000000000109e+02 1.052042433256615908e-03
5.274399999999999409e+02 1.051086000227420634e-03
5.275919999999999845e+02 1.050146789307863059e-03
5.277440000000000282e+02 1.049224757243418221e-03
5.278959999999999582e+02 1.048319862188682242e-03
5.280480000000000018e+02 1.047432063702024825e-03
5.281999999999999318e+02 1.046561322740512156e-03
5.283519999999999754e+02 1.045707601655071787e-03
5.285040000000000191e+02 1.044870864185929241e-03
5.286559999999999491e+02 1.044051075458293960e-03
5.288079999999999927e+02 1.043248201978297677e-03
5.289600000000000364e+02 1.042462211629198183e-03
5.291119999999999663e+02 1.041693073667827483e-03
5.292640000000000100e+02 1.040940758721293222e-03
5.294159999999999400e+02 1.040205238783943132e-03
5.295679999999999836e+02 1.039486487214568875e-03
5.297200000000000273e+02 1.038784478733870099e-03
5.298719999999999573e+02 1.038099189422168065e-03
5.300240000000000009e+02 1.037430596717367568e-03
5.301759999999999309e+02 1.036778679413176679e-03
5.303279999999999745e+02 1.036143417657569123e-03
5.304800000000000182e+02 1.035524792951506012e-03
5.306319999999999482e+02 1.034922788147903680e-03
5.307839999999999918e+02 1.034337387450852191e-03
5.309360000000000355e+02 1.033768576415091669e-03
5.310879999999999654e+02 1.033216341945733009e-03
5.312400000000000091e+02 1.032680672298235324e-03
5.313919999999999391e+02 1.032161557078636448e-03
5.315439999999999827e+02 1.031658987244033886e-03
5.316960000000000264e+02 1.031172955103325760e-03
5.318479999999999563e+02 1.030703454318197430e-03
5.320000000000000000e+02 1.030250479904372667e-03
5.321519999999999300e+02 1.029814028233118307e-03
5.323039999999999736e+02 1.029394097033003259e-03
5.324560000000000173e+02 1.028990685391923147e-03
5.326079999999999472e+02 1.028603793759378217e-03
5.327599999999999909e+02 1.028233423949016226e-03
5.329120000000000346e+02 1.027879579141437270e-03
5.330639999999999645e+02 1.027542263887262081e-03
5.332160000000000082e+02 1.027221484110465727e-03
5.333679999999999382e+02 1.026917247111980205e-03
5.335199999999999818e+02 1.026629561573562865e-03
5.336720000000000255e+02 1.026358437561939374e-03
5.338239999999999554e+02 1.026103886533216844e-03
5.339759999999999991e+02 1.025865921337570843e-03
5.341280000000000427e+02 1.025644556224213641e-03
5.342799999999999727e+02 1.025439806846634595e-03
5.344320000000000164e+02 1.025251690268128924e-03
5.345839999999999463e+02 1.025080224967606221e-03
5.347359999999999900e+02 1.024925430845684531e-03
5.348880000000000337e+02 1.024787329231076089e-03
5.350399999999999636e+02 1.024665942887264050e-03
5.351920000000000073e+02 1.024561296019470659e-03
5.353439999999999372e+02 1.024473414281927260e-03
5.354959999999999809e+02 1.024402324785440507e-03
5.356480000000000246e+02 1.024348056105266712e-03
5.357999999999999545e+02 1.024310638289288025e-03
5.359519999999999982e+02 1.024290102866503042e-03
5.361040000000000418e+02 1.024286482855828141e-03
5.362559999999999718e+02 1.024299812775219089e-03
5.364080000000000155e+02 1.024330128651112061e-03
5.365599999999999454e+02 1.024377468028189481e-03
5.367119999999999891e+02 1.024441869979475679e-03
5.368640000000000327e+02 1.024523375116766699e-03
5.370159999999999627e+02 1.024622025601394475e-03
5.371680000000000064e+02 1.024737865155337518e-03
5.373199999999999363e+02 1.024870939072674214e-03
5.374719999999999800e+02 1.025021294231388694e-03
5.376240000000000236e+02 1.025188979105532989e-03
5.377759999999999536e+02 1.025374043777750642e-03
5.379279999999999973e+02 1.025576539952163975e-03
5.380800000000000409e+02 1.025796520967636695e-03
5.382319999999999709e+02 1.026034041811409257e-03
5.383840000000000146e+02 1.026289159133119983e-03
5.385359999999999445e+02 1.026561931259211509e-03
5.386879999999999882e+02 1.026852418207734909e-03
5.388400000000000318e+02 1.027160681703550215e-03
5.389919999999999618e+02 1.027486785193936110e-03
5.391440000000000055e+02 1.027830793864611611e-03
5.392959999999999354e+02 1.028192774656176700e-03
5.394479999999999791e+02 1.028572796280982507e-03
5.396000000000000227e+02 1.028970929240428890e-03
5.397519999999999527e+02 1.029387245842708701e-03
5.399039999999999964e+02 1.029821820220998101e-03
5.400560000000000400e+02 1.030274728352099413e-03
5.402079999999999700e+02 1.030746048075552789e-03
5.403600000000000136e+02 1.031235859113214951e-03
5.405119999999999436e+02 1.031744243089318443e-03
5.406639999999999873e+02 1.032271283551023343e-03
5.408160000000000309e+02 1.032817065989457064e-03
5.409679999999999609e+02 1.033381677861269603e-03
5.411200000000000045e+02 1.033965208610697481e-03
5.412719999999999345e+02 1.034567749692153534e-03
5.414239999999999782e+02 1.035189394593351861e-03
5.415760000000000218e+02 1.035830238858976172e-03
5.417279999999999518e+02 1.036490380114900214e-03
5.418799999999999955e+02 1.037169918092977622e-03
5.420320000000000391e+02 1.037868954656402708e-03
5.421839999999999691e+02 1.038587593825657154e-03
5.423360000000000127e+02 1.039325941805061687e-03
5.424879999999999427e+02 1.040084107009926458e-03
5.426399999999999864e+02 1.040862200094331766e-03
5.427920000000000300e+02 1.041660333979536760e-03
5.429439999999999600e+02 1.042478623883036489e-03
5.430960000000000036e+02 1.043317187348280321e-03
5.432479999999999336e+02 1.044176144275054969e-03
5.433999999999999773e+02 1.045055616950565534e-03
5.435520000000000209e+02 1.045955730081202413e-03
5.437039999999999509e+02 1.046876610825033102e-03
5.438559999999999945e+02 1.047818388825021065e-03
5.440080000000000382e+02 1.048781196242982950e-03
5.441599999999999682e+02 1.049765167794310377e-03
5.443120000000000118e+02 1.050770440783470403e-03
5.444639999999999418e+02 1.051797155140287484e-03
5.446159999999999854e+02 1.052845453457045303e-03
5.447680000000000291e+02 1.053915481026406094e-03
5.449199999999999591e+02 1.055007385880178889e-03
5.450720000000000027e+02 1.056121318828949062e-03
5.452239999999999327e+02 1.057257433502582170e-03
5.453759999999999764e+02 1.058415886391638958e-03
5.455280000000000200e+02 1.059596836889696537e-03
5.456799999999999500e+02 1.060800447336619117e-03
5.458319999999999936e+02 1.062026883062785858e-03
5.459840000000000373e+02 1.063276312434297552e-03
5.461359999999999673e+02 1.064548906899189223e-03
5.462880000000000109e+02 1.065844841034671630e-03
5.464399999999999409e+02 1.067164292595415131e-03
5.465919999999999845e+02 1.068507442562913624e-03
5.467440000000000282e+02 1.069874475195938110e-03
5.468959999999999582e+02 1.071265578082117829e-03
5.470480000000000018e+02 1.072680942190672388e-03
5.471999999999999318e+02 1.074120761926304840e-03
5.473519999999999754e+02 1.075585235184315811e-03
5.475040000000000191e+02 1.077074563406926928e-03
5.476559999999999491e+02 1.078588951640876243e-03
5.478079999999999927e+02 1.080128608596300820e-03
5.479600000000000364e+02 1.081693746706924699e-03
5.481119999999999663e+02 1.083284582191608838e-03
5.482640000000000100e+02 1.084901335117282109e-03
5.484159999999999400e+02 1.086544229463270485e-03
5.485679999999999836e+02 1.088213493187096398e-03
5.487200000000000273e+02 1.089909358291740044e-03
5.488719999999999573e+02 1.091632060894431573e-03
5.490240000000000009e+02 1.093381841296996735e-03
5.491759999999999309e+02 1.095158944057784576e-03
5.493279999999999745e+02 1.096963618065244445e-03
5.494800000000000182e+02 1.098796116613154654e-03
5.496319999999999482e+02 1.100656697477578501e-03
5.497839999999999918e+02 1.102545622995571711e-03
5.499360000000000355e+02 1.104463160145679242e-03
5.500879999999999654e+02 1.106409580630284125e-03
5.502400000000000091e+02 1.108385160959848457e-03
5.503919999999999391e+02 1.110390182539071477e-03
5.505439999999999827e+02 1.112424931755061222e-03
5.506960000000000264e+02 1.114489700067508929e-03
5.508479999999999563e+02 1.116584784100975664e-03
5.510000000000000000e+02 1.118710485739309209e-03
5.511519999999999300e+02 1.120867112222246036e-03
5.513039999999999736e+02 1.123054976244281878e-03
5.514560000000000173e+02 1.125274396055830168e-03
5.516079999999999472e+02 1.127525695566762923e-03
5.517599999999999909e+02 1.129809204452378920e-03
5.519120000000000346e+02 1.132125258261851026e-03
5.520639999999999645e+02 1.134474198529245893e-03
5.522160000000000082e+02 1.136856372887165047e-03
5.523679999999999382e+02 1.139272135183062428e-03
5.525199999999999818e+02 1.141721845598356799e-03
5.526720000000000255e+02 1.144205870770344637e-03
5.528239999999999554e+02 1.146724583917054473e-03
5.529759999999999991e+02 1.149278364965083000e-03
5.531280000000000427e+02 1.151867600680488634e-03
5.532799999999999727e+02 1.154492684802853547e-03
5.534320000000000164e+02 1.157154018182583559e-03
5.535839999999999463e+02 1.159852008921512028e-03
5.537359999999999900e+02 1.162587072516951510e-03
5.538880000000000337e+02 1.165359632009220275e-03
5.540399999999999636e+02 1.168170118132797223e-03
5.541920000000000073e+02 1.171018969471175663e-03
5.543439999999999372e+02 1.173906632615505721e-03
5.544959999999999809e+02 1.176833562327176752e-03
5.546480000000000246e+02 1.179800221704385048e-03
5.547999999999999545e+02 1.182807082352856651e-03
5.549519999999999982e+02 1.185854624560816334e-03
5.551040000000000418e+02 1.188943337478298810e-03
5.552559999999999718e+02 1.192073719300971958e-03
5.554080000000000155e+02 1.195246277458573330e-03
5.555599999999999454e+02 1.198461528808067705e-03
5.557119999999999891e+02 1.201719999831725623e-03
5.558640000000000327e+02 1.205022226840180358e-03
5.560159999999999627e+02 1.208368756180677999e-03
5.561680000000000064e+02 1.211760144450639044e-03
5.563199999999999363e+02 1.215196958716657045e-03
5.564719999999999800e+02 1.218679776739168500e-03
5.566240000000000236e+02 1.222209187202863596e-03
5.567759999999999536e+02 1.225785789953085653e-03
5.569279999999999973e+02 1.229410196238359771e-03
5.570800000000000409e+02 1.233083028959211600e-03
5.572319999999999709e+02 1.236804922923505617e-03
5.573840000000000146e+02 1.240576525108478363e-03
5.575359999999999445e+02 1.244398494929630341e-03
5.576879999999999882e+02 1.248271504516759332e-03
5.578400000000000318e+02 1.252196238997255271e-03
5.579919999999999618e+02 1.256173396786954390e-03
5.581440000000000055e+02 1.260203689888749748e-03
5.582959999999999354e+02 1.264287844199159586e-03
5.584479999999999791e+02 1.268426599823175519e-03
5.586000000000000227e+02 1.272620711397551459e-03
5.587519999999999527e+02 1.276870948422863293e-03
5.589039999999999964e+02 1.281178095604588269e-03
5.590560000000000400e+02 1.285542953203445624e-03
5.592079999999999700e+02 1.289966337395341512e-03
5.593600000000000136e+02 1.294449080641200782e-03
5.595119999999999436e+02 1.298992032066947303e-03
5.596639999999999873e+02 1.303596057854039883e-03
5.598160000000000309e+02 1.308262041640796203e-03
5.599679999999999609e+02 1.312990884934933048e-03
5.601200000000000045e+02 1.317783507537632253e-03
5.602719999999999345e+02 1.322640847979483216e-03
5.604239999999999782e+02 1.327563863968751930e-03
5.605760000000000218e+02 1.332553532852275751e-03
5.607279999999999518e+02 1.337610852089479848e-03
5.608799999999999955e+02 1.342736839739896949e-03
5.610320000000000391e+02 1.347932534964605420e-03
5.611839999999999691e+02 1.353198998542095698e-03
5.613360000000000127e+02 1.358537313399013928e-03
5.614879999999999427e+02 1.363948585156227319e-03
5.616399999999999864e+02 1.369433942690812542e-03
5.617920000000000300e+02 1.374994538714381090e-03
5.619439999999999600e+02 1.380631550368382381e-03
5.620960000000000036e+02 1.386346179836911744e-03
5.622479999999999336e+02 1.392139654977565377e-03
5.623999999999999773e+02 1.398013229971064794e-03
5.625520000000000209e+02 1.403968185990140619e-03
5.627039999999999509e+02 1.410005831888455022e-03
5.628559999999999945e+02 1.416127504910191012e-03
5.630080000000000382e+02 1.422334571420977951e-03
5.631599999999999682e+02 1.428628427660969718e-03
5.633120000000000118e+02 1.435010500520796269e-03
5.634639999999999418e+02 1.441482248341135856e-03
5.636159999999999854e+02 1.448045161736848541e-03
5.637680000000000291e+02 1.454700764446380939e-03
5.639199999999999591e+02 1.461450614207455935e-03
5.640720000000000027e+02 1.468296303659921438e-03
5.642239999999999327e+02 1.475239461276666971e-03
5.643759999999999764e+02 1.482281752323736518e-03
5.645280000000000200e+02 1.489424879850521259e-03
5.646799999999999500e+02 1.496670585711240000e-03
5.648319999999999936e+02 1.504020651618786066e-03
5.649840000000000373e+02 1.511476900232053928e-03
5.651359999999999673e+02 1.519041196278063735e-03
5.652880000000000109e+02 1.526715447710102818e-03
5.654399999999999409e+02 1.534501606903142723e-03
5.655919999999999845e+02 1.542401671888047688e-03
5.657440000000000282e+02 1.550417687625835076e-03
5.658959999999999582e+02 1.558551747323613183e-03
5.660480000000000018e+02 1.566805993793700868e-03
5.661999999999999318e+02 1.575182620857470961e-03
5.663519999999999754e+02 1.583683874795762964e-03
5.665040000000000191e+02 1.592312055847432389e-03
5.666559999999999491e+02 1.601069519758014075e-03
5.668079999999999927e+02 1.609958679380356751e-03
5.669600000000000364e+02 1.618982006329146989e-03
5.671119999999999663e+02 1.628142032691518937e-03
5.672640000000000100e+02 1.637441352795853192e-03
5.674159999999999400e+02 1.646882625040952709e-03
5.675679999999999836e+02 1.656468573788123918e-03
5.677200000000000273e+02 1.666201991318409705e-03
5.678719999999999573e+02 1.676085739857717744e-03
5.680240000000000009e+02 1.686122753672452757e-03
5.681759999999999309e+02 1.696316041238376442e-03
5.683279999999999745e+02 1.706668687485802822e-03
5.684800000000000182e+02 1.717183856123955530e-03
5.686319999999999482e+02 1.727864792047865842e-03
5.687839999999999918e+02 1.738714823831075985e-03
5.689360000000000355e+02 1.749737366307553858e-03
5.690879999999999654e+02 1.760935923246606484e-03
5.692400000000000091e+02 1.772314090124536834e-03
5.693919999999999391e+02 1.783875556996943230e-03
5.695439999999999827e+02 1.795624111476036957e-03
5.696960000000000264e+02 1.807563641817091322e-03
5.698479999999999563e+02 1.819698140118799828e-03
5.700000000000000000e+02 1.832031705642243663e-03
5.701519999999999300e+02 1.844568548253375196e-03
5.703039999999999736e+02 1.857312991994490093e-03
5.704560000000000173e+02 1.870269478789904349e-03
5.706079999999999472e+02 1.883442572291818681e-03
5.707599999999999909e+02 1.896836961872305815e-03
5.709120000000000346e+02 1.910457466767656164e-03
5.710639999999999645e+02 1.924309040381872674e-03
5.712160000000000082e+02 1.938396774756184554e-03
5.713679999999999382e+02 1.952725905211757755e-03
5.715199999999999818e+02 1.967301815173506246e-03
5.716720000000000255e+02 1.982130041182707768e-03
5.718239999999999554e+02 1.997216278107112868e-03
5.719759999999999991e+02 2.012566384557283074e-03
5.721279999999999291e+02 2.028186388518312538e-03
5.722799999999999727e+02 2.044082493206982650e-03
5.724320000000000164e+02 2.060261083164231007e-03
5.725839999999999463e+02 2.076728730593994498e-03
5.727359999999999900e+02 2.093492201959621084e-03
5.728880000000000337e+02 2.110558464849627332e-03
5.730399999999999636e+02 2.127934695125527614e-03
5.731920000000000073e+02 2.145628284364780973e-03
5.733439999999999372e+02 2.163646847612560407e-03
5.734959999999999809e+02 2.181998231457227613e-03
5.736480000000000246e+02 2.200690522444452655e-03
5.737999999999999545e+02 2.219732055846441923e-03
5.739519999999999982e+02 2.239131424803145025e-03
5.741040000000000418e+02 2.258897489853207638e-03
5.742559999999999718e+02 2.279039388873783066e-03
5.744080000000000155e+02 2.299566547448976626e-03
5.745599999999999454e+02 2.320488689687703540e-03
5.747119999999999891e+02 2.341815849513451467e-03
5.748640000000000327e+02 2.363558382448800038e-03
5.750159999999999627e+02 2.385726977919658785e-03
5.751680000000000064e+02 2.408332672105043069e-03
5.753199999999999363e+02 2.431386861359592817e-03
5.754719999999999800e+02 2.454901316238188632e-03
5.756240000000000236e+02 2.478888196152698089e-03
5.757759999999999536e+02 2.503360064693543972e-03
5.759279999999999973e+02 2.528329905650039938e-03
5.760800000000000409e+02 2.553811139765353819e-03
5.762319999999999709e+02 2.579817642264536134e-03
5.763840000000000146e+02 2.606363761195761367e-03
5.765359999999999445e+02 2.633464336627205134e-03
5.766879999999999882e+02 2.661134720745150957e-03
5.768400000000000318e+02 2.689390798900493339e-03
5.769919999999999618e+02 2.718249011654657113e-03
5.771440000000000055e+02 2.747726377878290539e-03
5.772959999999999354e+02 2.777840518959191762e-03
5.774479999999999791e+02 2.808609684180097665e-03
5.776000000000000227e+02 2.840052777329356293e-03
5.777519999999999527e+02 2.872189384612526108e-03
5.779039999999999964e+02 2.905039803936282448e-03
5.780560000000000400e+02 2.938625075640340176e-03
5.782079999999999700e+02 2.972967014758368109e-03
5.783600000000000136e+02 3.008088244893211086e-03
5.785119999999999436e+02 3.044012233796905033e-03
5.786639999999999873e+02 3.080763330752513737e-03
5.788160000000000309e+02 3.118366805859383150e-03
5.789679999999999609e+02 3.156848891331201848e-03
5.791200000000000045e+02 3.196236824922231521e-03
5.792719999999999345e+02 3.236558895604214978e-03
5.794239999999999782e+02 3.277844491625334870e-03
5.795760000000000218e+02 3.320124151089249437e-03
5.797279999999999518e+02 3.363429615202696323e-03
5.798799999999999955e+02 3.407793884348629589e-03
5.800320000000000391e+02 3.453251277151869660e-03
5.801839999999999691e+02 3.499837492715999511e-03
5.803360000000000127e+02 3.547589676220836135e-03
5.804879999999999427e+02 3.596546488082074701e-03
5.806399999999999864e+02 3.646748176889101026e-03
5.807920000000000300e+02 3.698236656349057714e-03
5.809439999999999600e+02 3.751055586482246549e-03
5.810960000000000036e+02 3.805250459328772972e-03
5.812479999999999336e+02 3.860868689443361281e-03
5.813999999999999773e+02 3.917959709475073680e-03
5.815520000000000209e+02 3.976575071145954134e-03
5.817039999999999509e+02 4.036768551965786919e-03
5.818559999999999945e+02 4.098596268041043711e-03
5.820080000000000382e+02 4.162116793359878220e-03
5.821599999999999682e+02 4.227391285961694042e-03
5.823120000000000118e+02 4.294483621425699942e-03
5.824639999999999418e+02 4.363460534141714794e-03
5.826159999999999854e+02 4.434391766858956745e-03
5.827680000000000291e+02 4.507350229038727465e-03
5.829199999999999591e+02 4.582412164574508652e-03
5.830720000000000027e+02 4.659657329478453409e-03
5.832239999999999327e+02 4.739169180172544092e-03
5.833759999999999764e+02 4.821035073066673796e-03
5.835280000000000200e+02 4.905346476147004302e-03
5.836799999999999500e+02 4.992199193348263730e-03
5.838319999999999936e+02 5.081693602531159489e-03
5.839840000000000373e+02 5.173934907938408309e-03
5.841359999999999673e+02 5.269033408059695632e-03
5.842880000000000109e+02 5.367104779892015697e-03
5.844399999999999409e+02 5.468270380641971837e-03
5.845919999999999845e+02 5.572657567982316519e-03
5.847440000000000282e+02 5.680400040036307982e-03
5.848959999999999582e+02 5.791638196335084469e-03
5.850480000000000018e+02 5.906519521060095944e-03
5.851999999999999318e+02 6.025198989952993550e-03
5.853519999999999754e+02 6.147839502349846177e-03
5.855040000000000191e+02 6.274612339862991640e-03
5.856559999999999491e+02 6.405697653308698933e-03
5.858079999999999927e+02 6.541284979543419108e-03
5.859600000000000364e+02 6.681573789934831635e-03
5.861119999999999663e+02 6.826774072253950082e-03
5.862640000000000100e+02 6.977106947820802159e-03
5.864159999999999400e+02 7.132805325772888574e-03
5.865679999999999836e+02 7.294114596351177621e-03
5.867200000000000273e+02 7.461293365093803198e-03
5.868719999999999573e+02 7.634614229809787156e-03
5.870240000000000009e+02 7.814364602144689004e-03
5.871759999999999309e+02 8.000847575452928531e-03
5.873279999999999745e+02 8.194382840548831981e-03
5.874800000000000182e+02 8.395307650691814089e-03
5.876319999999999482e+02 8.603977836882815283e-03
5.877839999999999918e+02 8.820768874165715173e-03
5.879360000000000355e+02 9.046076999134886054e-03
5.880879999999999654e+02 9.280320378224663283e-03
5.882400000000000091e+02 9.523940325556619693e-03
5.883919999999999391e+02 9.777402568123689727e-03
5.885439999999999827e+02 1.004119855486001502e-02
5.886960000000000264e+02 1.031584680461064378e-02
5.888479999999999563e+02 1.060189428615603523e-02
5.890000000000000000e+02 1.089991782116063110e-02
5.891519999999999300e+02 1.121052549814683177e-02
5.893039999999999736e+02 1.153435808225835787e-02
5.894560000000000173e+02 1.187209040153662173e-02
5.896079999999999472e+02 1.222443268561326270e-02
5.897599999999999909e+02 1.259213182693745200e-02
5.899120000000000346e+02 1.297597252777465612e-02
5.900639999999999645e+02 1.337677828805412979e-02
5.902160000000000082e+02 1.379541217947969321e-02
5.903679999999999382e+02 1.423277733994484859e-02
5.905199999999999818e+02 1.468981710896969176e-02
5.906720000000000255e+02 1.516751470929513824e-02
5.908239999999999554e+02 1.566689236171617955e-02
5.909759999999999991e+02 1.618900969936590273e-02
5.911279999999999291e+02 1.673496132374752837e-02
5.912799999999999727e+02 1.730587331762604986e-02
5.914320000000000164e+02 1.790289849922146667e-02
5.915839999999999463e+02 1.852721016801961440e-02
5.917359999999999900e+02 1.917999405498143142e-02
5.918880000000000337e+02 1.986243814941337366e-02
5.920399999999999636e+02 2.057572003200577870e-02
5.921920000000000073e+02 2.132099129974945537e-02
5.923439999999999372e+02 2.209935862554395988e-02
5.924959999999999809e+02 2.291186095609679466e-02
5.926480000000000246e+02 2.375944231999116071e-02
5.927999999999999545e+02 2.464291969894030071e-02
5.929519999999999982e+02 2.556294541605806658e-02
5.931040000000000418e+02 2.651996352438412349e-02
5.932559999999999718e+02 2.751415974791986130e-02
5.934080000000000155e+02 2.854540464926271642e-02
5.935599999999999454e+02 2.961318988799864493e-02
5.937119999999999891e+02 3.071655770934914736e-02
5.938640000000000327e+02 3.185402418069287894e-02
5.940159999999999627e+02 3.302349719114260757e-02
5.941680000000000064e+02 3.422219085889080525e-02
5.943199999999999363e+02 3.544653875773879498e-02
5.944719999999999800e+02 3.669210927066003658e-02
5.946240000000000236e+02 3.795352737831447082e-02
5.947759999999999536e+02 3.922440824320541641e-02
5.949279999999999973e+02 4.049730897306556832e-02
5.950800000000000409e+02 4.176370582219747496e-02
5.952319999999999709e+02 4.301400466308123727e-02
5.953840000000000146e+02 4.423759264937651009e-02
5.955359999999999445e+02 4.542293839876111045e-02
5.956879999999999882e+02 4.655774656615788154e-02
5.958400000000000318e+02 4.762917022174794485e-02
5.959919999999999618e+02 4.862408095714355200e-02
5.961440000000000055e+02 4.952939222211490827e-02
5.962959999999999354e+02 5.033242632524265181e-02
5.964479999999999791e+02 5.102131028325228995e-02
5.966000000000000227e+02 5.158538090298214751e-02
5.967519999999999527e+02 5.201557584116592997e-02
5.969039999999999964e+02 5.230478559764032559e-02
5.970560000000000400e+02 5.244814198085970269e-02
5.972079999999999700e+02 5.244322176981696532e-02
5.973600000000000136e+02 5.229014992954294366e-02
5.975119999999999436e+02 5.199159426473630441e-02
5.976639999999999873e+02 5.155265193492147152e-02
5.978160000000000309e+02 5.098063674015433644e-02
5.979679999999999609e+02 5.028478346362616480e-02
5.981200000000000045e+02 4.947589097041039941e-02
5.982719999999999345e+02 4.856592869367308551e-02
5.984239999999999782e+02 4.756763147619145343e-02
5.985760000000000218e+02 4.649410573873018898e-02
5.987279999999999518e+02 4.535846616319538782e-02
5.988799999999999955e+02 4.417351720338682369e-02
5.990320000000000391e+02 4.295148847959855826e-02
5.991839999999999691e+02 4.170382808971046656e-02
5.993360000000000127e+02 4.044105352967006933e-02
5.994879999999999427e+02 3.917265652395351266e-02
5.996399999999999864e+02 3.790705571118015149e-02
5.997920000000000300e+02 3.665158976342360736e-02
5.999439999999999600e+02 3.541254299992790955e-02
6.000960000000000036e+02 3.419519570060561980e-02
6.002479999999999336e+02 3.300389193528498188e-02
6.003999999999999773e+02 3.184211862037629459e-02
6.005520000000000209e+02 3.071259054510135436e-02
6.007039999999999509e+02 2.961733716005809230e-02
6.008559999999999945e+02 2.855778791273350797e-02
6.010080000000000382e+02 2.753485379914415859e-02
6.011599999999999682e+02 2.654900355419391109e-02
6.013120000000000118e+02 2.560033351968344500e-02
6.014639999999999418e+02 2.468863071415671254e-02
6.016159999999999854e+02 2.381342899613535236e-02
6.017680000000000291e+02 2.297405847856607078e-02
6.019199999999999591e+02 2.216968853497154959e-02
6.020720000000000027e+02 2.139936485387898546e-02
6.022239999999999327e+02 2.066204106269636798e-02
6.023759999999999764e+02 1.995660546836528632e-02
6.025280000000000200e+02 1.928190346070601108e-02
6.026799999999999500e+02 1.863675610392641693e-02
6.028319999999999936e+02 1.801997540915460660e-02
6.029840000000000373e+02 1.743037674111157578e-02
6.031359999999999673e+02 1.686678876894031134e-02
6.032880000000000109e+02 1.632806132746445968e-02
6.034399999999999409e+02 1.581307151255310559e-02
6.035919999999999845e+02 1.532072829400354941e-02
6.037440000000000282e+02 1.484997589217101205e-02
6.038959999999999582e+02 1.439979613074321603e-02
6.040480000000000018e+02 1.396920994776404933e-02
6.041999999999999318e+02 1.355727822013834405e-02
6.043519999999999754e+02 1.316310203323371210e-02
6.045040000000000191e+02 1.278582250663772013e-02
6.046559999999999491e+02 1.242462026929621460e-02
6.048079999999999927e+02 1.207871466193461904e-02
6.049600000000000364e+02 1.174736273153034055e-02
6.051119999999999663e+02 1.142985807140309111e-02
6.052640000000000100e+02 1.112552955099604772e-02
6.054159999999999400e+02 1.083373997138709424e-02
6.055679999999999836e+02 1.055388467579559952e-02
6.057200000000000273e+02 1.028539013868421184e-02
6.058719999999999573e+02 1.002771255229437976e-02
6.060240000000000009e+02 9.780336425505461312e-03
6.061759999999999309e+02 9.542773206622329543e-03
6.063279999999999745e+02 9.314559938973638459e-03
6.064800000000000182e+02 9.095257955977214745e-03
6.066319999999999482e+02 8.884451620485667861e-03
6.067839999999999918e+02 8.681747111737671274e-03
6.069360000000000355e+02 8.486771262028264262e-03
6.070879999999999654e+02 8.299170444232601904e-03
6.072400000000000091e+02 8.118609510543550734e-03
6.073919999999999391e+02 7.944770782168214182e-03
6.075439999999999827e+02 7.777353089243462317e-03
6.076960000000000264e+02 7.616070859869196637e-03
6.078479999999999563e+02 7.460653256873149737e-03
6.080000000000000000e+02 7.310843360722951538e-03
6.081519999999999300e+02 7.166397396859009762e-03
6.083039999999999736e+02 7.027084005625240139e-03
6.084560000000000173e+02 6.892683552927881575e-03
6.086079999999999472e+02 6.762987479725279284e-03
6.087599999999999909e+02 6.637797688459131686e-03
6.089120000000000346e+02 6.516925964560590055e-03
6.090639999999999645e+02 6.400193431200543355e-03
6.092160000000000082e+02 6.287430035505708718e-03
6.093679999999999382e+02 6.178474064520210994e-03
6.095199999999999818e+02 6.073171689253352781e-03
6.096720000000000255e+02 5.971376535226871098e-03
6.098239999999999554e+02 5.872949278000609216e-03
6.099759999999999991e+02 5.777757262229770568e-03
6.101279999999999291e+02 5.685674142878007105e-03
6.102799999999999727e+02 5.596579547278709293e-03
6.104320000000000164e+02 5.510358756809960110e-03
6.105839999999999463e+02 5.426902407012060281e-03
6.107359999999999900e+02 5.346106205044246114e-03
6.108880000000000337e+02 5.267870663439724183e-03
6.110399999999999636e+02 5.192100849176742652e-03
6.111920000000000073e+02 5.118706147142614710e-03
6.113439999999999372e+02 5.047600037122390408e-03
6.114959999999999809e+02 4.978699883493959907e-03
6.116480000000000246e+02 4.911926736863851672e-03
6.117999999999999545e+02 4.847205146921648722e-03
6.119519999999999982e+02 4.784462985837041084e-03
6.121039999999999281e+02 4.723631281565050626e-03
6.122559999999999718e+02 4.664644060462533326e-03
6.124080000000000155e+02 4.607438198658620962e-03
6.125599999999999454e+02 4.551953281653894727e-03
6.127119999999999891e+02 4.498131471657339751e-03
6.128640000000000327e+02 4.445917382200640679e-03
6.130159999999999627e+02 4.395257959596964893e-03
6.131680000000000064e+02 4.346102370839580523e-03
6.133199999999999363e+02 4.298401897560704017e-03
6.134719999999999800e+02 4.252109835693544324e-03
6.136240000000000236e+02 4.207181400504560881e-03
6.137759999999999536e+02 4.163573636681781355e-03
6.139279999999999973e+02 4.121245333185778389e-03
6.140800000000000409e+02 4.080156942587895470e-03
6.142319999999999709e+02 4.040270504636613198e-03
6.143840000000000146e+02 4.001549573809693415e-03
6.145359999999999445e+02 3.963959150624691077e-03
6.146879999999999882e+02 3.927465616493348334e-03
6.148400000000000318e+02 3.892036671920073593e-03
6.149919999999999618e+02 3.857641277855356973e-03
6.151440000000000055e+02 3.824249600027426234e-03
6.152959999999999354e+02 3.791832956086151410e-03
6.154479999999999791e+02 3.760363765402309315e-03
6.156000000000000227e+02 3.729815501376156778e-03
6.157519999999999527e+02 3.700162646116654866e-03
6.159039999999999964e+02 3.671380647361816626e-03
6.160560000000000400e+02 3.643445877518303178e-03
6.162079999999999700e+02 3.616335594705027447e-03
6.163600000000000136e+02 3.590027905692920809e-03
6.165119999999999436e+02 3.564501730639342732e-03
6.166639999999999873e+02 3.539736769520879667e-03
6.168160000000000309e+02 3.515713470174946023e-03
6.169679999999999609e+02 3.492412997864762034e-03
6.171200000000000045e+02 3.469817206287876144e-03
6.172719999999999345e+02 3.447908609952966136e-03
6.174239999999999782e+02 3.426670357853383361e-03
6.175760000000000218e+02 3.406086208370907344e-03
6.177279999999999518e+02 3.386140505346030803e-03
6.178799999999999955e+02 3.366818155255306595e-03
6.180320000000000391e+02 3.348104605439554578e-03
6.181839999999999691e+02 3.329985823329523632e-03
6.183360000000000127e+02 3.312448276618957296e-03
6.184879999999999427e+02 3.295478914337793101e-03
6.186399999999999864e+02 3.279065148780391063e-03
6.187920000000000300e+02 3.263194838246864359e-03
6.189439999999999600e+02 3.247856270557211971e-03
6.190960000000000036e+02 3.233038147300565986e-03
6.192479999999999336e+02 3.218729568783904992e-03
6.193999999999999773e+02 3.204920019646146246e-03
6.195520000000000209e+02 3.191599355105925392e-03
6.197039999999999509e+02 3.178757787812533028e-03
6.198559999999999945e+02 3.166385875271436352e-03
6.200080000000000382e+02 3.154474507817328112e-03
6.201599999999999682e+02 3.143014897108824691e-03
6.203120000000000118e+02 3.131998565120554072e-03
6.204639999999999418e+02 3.121417333609639074e-03
6.206159999999999854e+02 3.111263314034495419e-03
6.207680000000000291e+02 3.101528897905470560e-03
6.209199999999999591e+02 3.092206747547449844e-03
6.210720000000000027e+02 3.083289787255893630e-03
6.212239999999999327e+02 3.074771194828684884e-03
6.213759999999999764e+02 3.066644393456817788e-03
6.215280000000000200e+02 3.058903043958253673e-03
6.216799999999999500e+02 3.051541037339618873e-03
6.218319999999999936e+02 3.044552487671515865e-03
6.219840000000000373e+02 3.037931725263838360e-03
6.221359999999999673e+02 3.031673290128079033e-03
6.222880000000000109e+02 3.025771925714384938e-03
6.224399999999999409e+02 3.020222572911742710e-03
6.225919999999999845e+02 3.015020364300072513e-03
6.227440000000000282e+02 3.010160618643847527e-03
6.228959999999999582e+02 3.005638835617098666e-03
6.230480000000000018e+02 3.001450690750336395e-03
6.231999999999999318e+02 2.997592030590363887e-03
6.233519999999999754e+02 2.994058868064302260e-03
6.235040000000000191e+02 2.990847378039732801e-03
6.236559999999999491e+02 2.987953893073094433e-03
6.238079999999999927e+02 2.985374899338985068e-03
6.239600000000000364e+02 2.983107032733324764e-03
6.241119999999999663e+02 2.981147075143657319e-03
6.242640000000000100e+02 2.979491950880252052e-03
6.244159999999999400e+02 2.978138723261938587e-03
6.245679999999999836e+02 2.977084591350902774e-03
6.247200000000000273e+02 2.976326886830988044e-03
6.248719999999999573e+02 2.975863071024262459e-03
6.250240000000000009e+02 2.975690732040917486e-03
6.251759999999999309e+02 2.975807582057770056e-03
6.253279999999999745e+02 2.976211454720893625e-03
6.254800000000000182e+02 2.976900302668119506e-03
6.256319999999999482e+02 2.977872195167342688e-03
6.257839999999999918e+02 2.979125315866809273e-03
6.259360000000000355e+02 2.980657960653702691e-03
6.260879999999999654e+02 2.982468535617570967e-03
6.262400000000000091e+02 2.984555555115300796e-03
6.263919999999999391e+02 2.986917639934487303e-03
6.265439999999999827e+02 2.989553515552264770e-03
6.266960000000000264e+02 2.992462010486742104e-03
6.268479999999999563e+02 2.995642054738414072e-03
6.270000000000000000e+02 2.999092678319009546e-03
6.271519999999999300e+02 3.002813009865360708e-03
6.273039999999999736e+02 3.006802275336083619e-03
6.274560000000000173e+02 3.011059796788883094e-03
6.276079999999999472e+02 3.015584991236509946e-03
6.277599999999999909e+02 3.020377369579458921e-03
6.279120000000000346e+02 3.025436535613590643e-03
6.280639999999999645e+02 3.030762185111051700e-03
6.282160000000000082e+02 3.036354104972896050e-03
6.283679999999999382e+02 3.042212172451894646e-03
6.285199999999999818e+02 3.048336354444243067e-03
6.286720000000000255e+02 3.054726706848780692e-03
6.288239999999999554e+02 3.061383373992617243e-03
6.289759999999999991e+02 3.068306588122035692e-03
6.291279999999999291e+02 3.075496668957596394e-03
6.292799999999999727e+02 3.082954023312632803e-03
6.294320000000000164e+02 3.090679144774143884e-03
6.295839999999999463e+02 3.098672613445425331e-03
6.297359999999999900e+02 3.106935095749707547e-03
6.298880000000000337e+02 3.115467344294121661e-03
6.300399999999999636e+02 3.124270197793555578e-03
6.301920000000000073e+02 3.133344581053871397e-03
6.303439999999999372e+02 3.142691505014034471e-03
6.304959999999999809e+02 3.152312066846970229e-03
6.306480000000000246e+02 3.162207450118697302e-03
6.307999999999999545e+02 3.172378925005723497e-03
6.309519999999999982e+02 3.182827848570494739e-03
6.311039999999999281e+02 3.193555665094795475e-03
6.312559999999999718e+02 3.204563906471270558e-03
6.314080000000000155e+02 3.215854192652933732e-03
6.315599999999999454e+02 3.227428232160997525e-03
6.317119999999999891e+02 3.239287822651165053e-03
6.318640000000000327e+02 3.251434851538565016e-03
6.320159999999999627e+02 3.263871296681845977e-03
6.321680000000000064e+02 3.276599227126745627e-03
6.323199999999999363e+02 3.289620803909537074e-03
6.324719999999999800e+02 3.302938280921101106e-03
6.326240000000000236e+02 3.316554005831975731e-03
6.327759999999999536e+02 3.330470421079286328e-03
6.329279999999999973e+02 3.344690064916214321e-03
6.330800000000000409e+02 3.359215572524722106e-03
6.332319999999999709e+02 3.374049677192614543e-03
6.333840000000000146e+02 3.389195211555796981e-03
6.335359999999999445e+02 3.404655108906662255e-03
6.336879999999999882e+02 3.420432404569974470e-03
6.338400000000000318e+02 3.436530237347116060e-03
6.339919999999999618e+02 3.452951851030220363e-03
6.341440000000000055e+02 3.469700595987440430e-03
6.342959999999999354e+02 3.486779930820632992e-03
6.344479999999999791e+02 3.504193424097276025e-03
6.346000000000000227e+02 3.521944756157838977e-03
6.347519999999999527e+02 3.540037721000593215e-03
6.349039999999999964e+02 3.558476228245505048e-03
6.350560000000000400e+02 3.577264305178955595e-03
6.352079999999999700e+02 3.596406098881473664e-03
6.353600000000000136e+02 3.615905878440423254e-03
6.355119999999999436e+02 3.635768037249662282e-03
6.356639999999999873e+02 3.655997095398769853e-03
6.358160000000000309e+02 3.676597702153808819e-03
6.359679999999999609e+02 3.697574638532435606e-03
6.361200000000000045e+02 3.718932819975829737e-03
6.362719999999999345e+02 3.740677299120003484e-03
6.364239999999999782e+02 3.762813268669704374e-03
6.365760000000000218e+02 3.785346064377420692e-03
6.367279999999999518e+02 3.808281168130996704e-03
6.368799999999999955e+02 3.831624211152930264e-03
6.370320000000000391e+02 3.855380977314571550e-03
6.371839999999999691e+02 3.879557406569110033e-03
6.373360000000000127e+02 3.904159598506832130e-03
6.374879999999999427e+02 3.929193816036355771e-03
6.376399999999999864e+02 3.954666489196321383e-03
6.377920000000000300e+02 3.980584219101145765e-03
6.379439999999999600e+02 4.006953782025729494e-03
6.380960000000000036e+02 4.033782133633463315e-03
6.382479999999999336e+02 4.061076413352121897e-03
6.383999999999999773e+02 4.088843948903112327e-03
6.385520000000000209e+02 4.117092260988647508e-03
6.387039999999999509e+02 4.145829068142772855e-03
6.388559999999999945e+02 4.175062291751703743e-03
6.390080000000000382e+02 4.204800061249138431e-03
6.391599999999999682e+02 4.235050719493108941e-03
6.393120000000000118e+02 4.265822828330561103e-03
6.394639999999999418e+02 4.297125174356150774e-03
6.396159999999999854e+02 4.328966774872788394e-03
6.397680000000000291e+02 4.361356884060534241e-03
6.399199999999999591e+02 4.394304999362008864e-03
6.400720000000000027e+02 4.427820868092062490e-03
6.402239999999999327e+02 4.461914494279684874e-03
6.403759999999999764e+02 4.496596145751462388e-03
6.405280000000000200e+02 4.531876361464830076e-03
6.406799999999999500e+02 4.567765959101187032e-03
6.408319999999999936e+02 4.604276042928474172e-03
6.409840000000000373e+02 4.641418011943227243e-03
6.411359999999999673e+02 4.679203568303344322e-03
6.412880000000000109e+02 4.717644726062539956e-03
6.414399999999999409e+02 4.756753820217918607e-03
6.415919999999999845e+02 4.796543516083636230e-03
6.417440000000000282e+02 4.837026819002564031e-03
6.418959999999999582e+02 4.878217084410096764e-03
6.420480000000000018e+02 4.920128028263783850e-03
6.421999999999999318e+02 4.962773737853106923e-03
6.423519999999999754e+02 5.006168683005478640e-03
6.425040000000000191e+02 5.050327727703540076e-03
6.426559999999999491e+02 5.095266142131269632e-03
6.428079999999999927e+02 5.140999615166134441e-03
6.429600000000000364e+02 5.187544267335302862e-03
6.431119999999999663e+02 5.234916664255723391e-03
6.432640000000000100e+02 5.283133830577877062e-03
6.434159999999999400e+02 5.332213264453881246e-03
6.435679999999999836e+02 5.382172952552884831e-03
6.437200000000000273e+02 5.433031385645781426e-03
6.438719999999999573e+02 5.484807574784321231e-03
6.440240000000000009e+02 5.537521068099660569e-03
6.441759999999999309e+02 5.591191968246509575e-03
6.443279999999999745e+02 5.645840950521734299e-03
6.444800000000000182e+02 5.701489281685483655e-03
6.446319999999999482e+02 5.758158839516453950e-03
6.447839999999999918e+02 5.815872133133100606e-03
6.449360000000000355e+02 5.874652324114163632e-03
6.450879999999999654e+02 5.934523248454653260e-03
6.452400000000000091e+02 5.995509439394186395e-03
6.453919999999999391e+02 6.057636151156193388e-03
6.455439999999999827e+02 6.120929383640222668e-03
6.456960000000000264e+02 6.185415908108998252e-03
6.458479999999999563e+02 6.251123293916709470e-03
6.460000000000000000e+02 6.318079936325642770e-03
6.461519999999999300e+02 6.386315085460708869e-03
6.463039999999999736e+02 6.455858876455685021e-03
6.464560000000000173e+02 6.526742360845028644e-03
6.466079999999999472e+02 6.598997539260714751e-03
6.467599999999999909e+02 6.672657395494869734e-03
6.469120000000000346e+02 6.747755931992159908e-03
6.470639999999999645e+02 6.824328206840807667e-03
6.472160000000000082e+02 6.902410372333188035e-03
6.473679999999999382e+02 6.982039715170763536e-03
6.475199999999999818e+02 7.063254698394072321e-03
6.476720000000000255e+02 7.146095005119641567e-03
6.478239999999999554e+02 7.230601584173377769e-03
6.479759999999999991e+02 7.316816697712797551e-03
6.481279999999999291e+02 7.404783970935410048e-03
6.482799999999999727e+02 7.494548443978202475e-03
6.484320000000000164e+02 7.586156626115381045e-03
6.485839999999999463e+02 7.679656552371092425e-03
6.487359999999999900e+02 7.775097842668055904e-03
6.488880000000000337e+02 7.872531763639762856e-03
6.490399999999999636e+02 7.972011293243099275e-03
6.491920000000000073e+02 8.073591188314042932e-03
6.493439999999999372e+02 8.177328055217010852e-03
6.494959999999999809e+02 8.283280423749834337e-03
6.496480000000000246e+02 8.391508824471278355e-03
6.497999999999999545e+02 8.502075869632062105e-03
6.499519999999999982e+02 8.615046337898007653e-03
6.501039999999999281e+02 8.730487263064889633e-03
6.502559999999999718e+02 8.848468026979281614e-03
6.504080000000000155e+02 8.969060456887492302e-03
6.505599999999999454e+02 9.092338927452715477e-03
6.507119999999999891e+02 9.218380467691685703e-03
6.508640000000000327e+02 9.347264873097085175e-03
6.510159999999999627e+02 9.479074823230656047e-03
6.511680000000000064e+02 9.613896005086443666e-03
6.513199999999999363e+02 9.751817242541654593e-03
6.514719999999999800e+02 9.892930632235551539e-03
6.516240000000000236e+02 1.003733168623182487e-02
6.517759999999999536e+02 1.018511948184766015e-02
6.519279999999999973e+02 1.033639681905255438e-02
6.520799999999999272e+02 1.049127038586488737e-02
6.522319999999999709e+02 1.064985093220494061e-02
6.523840000000000146e+02 1.081225345268537787e-02
6.525359999999999445e+02 1.097859737885688303e-02
6.526879999999999882e+02 1.114900678145521601e-02
6.528400000000000318e+02 1.132361058323056065e-02
6.529919999999999618e+02 1.150254278298042804e-02
6.531440000000000055e+02 1.168594269144376634e-02
6.532959999999999354e+02 1.187395517975565508e-02
6.534479999999999791e+02 1.206673094121203833e-02
6.536000000000000227e+02 1.226442676713456782e-02
6.537519999999999527e+02 1.246720583768465979e-02
6.539039999999999964e+02 1.267523802852621971e-02
6.540560000000000400e+02 1.288870023429509147e-02
6.542079999999999700e+02 1.310777670990016797e-02
6.543600000000000136e+02 1.333265943074448193e-02
6.545119999999999436e+02 1.356354847302549196e-02
6.546639999999999873e+02 1.380065241535659119e-02
6.548160000000000309e+02 1.404418876302430085e-02
6.549679999999999609e+02 1.429438439629236030e-02
6.551200000000000045e+02 1.455147604425142266e-02
6.552719999999999345e+02 1.481571078581231556e-02
6.554239999999999782e+02 1.508734657955393410e-02
6.555760000000000218e+02 1.536665282423980115e-02
6.557279999999999518e+02 1.565391095194892598e-02
6.558799999999999955e+02 1.594941505588899286e-02
6.560320000000000391e+02 1.625347255509699759e-02
6.561839999999999691e+02 1.656640489838482125e-02
6.563360000000000127e+02 1.688854831003720400e-02
6.564879999999999427e+02 1.722025457993425768e-02
6.566399999999999864e+02 1.756189190095481731e-02
6.567920000000000300e+02 1.791384575669012144e-02
6.569439999999999600e+02 1.827651986270768802e-02
6.570960000000000036e+02 1.865033716480569287e-02
6.572479999999999336e+02 1.903574089791756213e-02
6.573999999999999773e+02 1.943319570956822048e-02
6.575520000000000209e+02 1.984318885201172972e-02
6.577039999999999509e+02 2.026623144745063124e-02
6.578559999999999945e+02 2.070285983099398597e-02
6.580080000000000382e+02 2.115363697628789078e-02
6.581599999999999682e+02 2.161915400904759407e-02
6.583120000000000118e+02 2.210003181400739883e-02
6.584639999999999418e+02 2.259692274110500221e-02
6.586159999999999854e+02 2.311051241703591594e-02
6.587680000000000291e+02 2.364152166860035778e-02
6.589199999999999591e+02 2.419070856458993210e-02
6.590720000000000027e+02 2.475887058324409071e-02
6.592239999999999327e+02 2.534684691258774769e-02
6.593759999999999764e+02 2.595552089123529665e-02
6.595280000000000200e+02 2.658582259745019896e-02
6.596799999999999500e+02 2.723873159445554942e-02
6.598319999999999936e+02 2.791527984009955360e-02
6.599840000000000373e+02 2.861655476902541864e-02
6.601359999999999673e+02 2.934370255545496603e-02
6.602880000000000109e+02 3.009793156450340026e-02
6.604399999999999409e+02 3.088051599960199914e-02
6.605919999999999845e+02 3.169279975309021585e-02
6.607440000000000282e+02 3.253620046622723860e-02
6.608959999999999582e+02 3.341221380382380923e-02
6.610480000000000018e+02 3.432241794722585421e-02
6.611999999999999318e+02 3.526847830748228857e-02
6.613519999999999754e+02 3.625215245810967102e-02
6.615040000000000191e+02 3.727529528372663936e-02
6.616559999999999491e+02 3.833986433697041118e-02
6.618079999999999927e+02 3.944792539122754516e-02
6.619600000000000364e+02 4.060165817070671146e-02
6.621119999999999663e+02 4.180336223202510415e-02
6.622640000000000100e+02 4.305546296244381482e-02
6.624159999999999400e+02 4.436051764891796312e-02
6.625679999999999836e+02 4.572122155888064254e-02
6.627200000000000273e+02 4.714041395761198183e-02
6.628719999999999573e+02 4.862108396785005948e-02
6.630240000000000009e+02 5.016637615422713664e-02
6.631759999999999309e+02 5.177959568762324077e-02
6.633279999999999745e+02 5.346421291189627084e-02
6.634800000000000182e+02 5.522386709668997834e-02
6.636319999999999482e+02 5.706236911443630933e-02
6.637839999999999918e+02 5.898370272599854497e-02
6.639360000000000355e+02 6.099202409667518060e-02
6.640879999999999654e+02 6.309165909132774530e-02
6.642400000000000091e+02 6.528709781288635772e-02
6.643919999999999391e+02 6.758298575134333297e-02
6.645439999999999827e+02 6.998411079953051339e-02
6.646960000000000264e+02 7.249538526642780589e-02
6.648479999999999563e+02 7.512182187835028668e-02
6.650000000000000000e+02 7.786850260295719028e-02
6.651519999999999300e+02 8.074053896193361668e-02
6.653039999999999736e+02 8.374302231791112827e-02
6.654560000000000173e+02 8.688096243378495842e-02
6.656079999999999472e+02 9.015921241534279040e-02
6.657599999999999909e+02 9.358237797084238696e-02
6.659120000000000346e+02 9.715470876864711058e-02
6.660639999999999645e+02 1.008799695662032647e-01
6.662160000000000082e+02 1.047612887468925280e-01
6.663679999999999382e+02 1.088009819702198816e-01
6.665199999999999818e+02 1.130003488587929400e-01
6.666720000000000255e+02 1.173594410651574854e-01
6.668239999999999554e+02 1.218768007457767810e-01
6.669759999999999991e+02 1.265491694882495133e-01
6.671279999999999291e+02 1.313711691670061965e-01
6.672799999999999727e+02 1.363349581164091384e-01
6.674320000000000164e+02 1.414298684712206877e-01
6.675839999999999463e+02 1.466420335716491496e-01
6.677359999999999900e+02 1.519540179568099059e-01
6.678880000000000337e+02 1.573444666024337857e-01
6.680399999999999636e+02 1.627877945256513414e-01
6.681920000000000073e+02 1.682539423871203532e-01
6.683439999999999372e+02 1.737082278279483138e-01
6.684959999999999809e+02 1.791113253884266676e-01
6.686480000000000246e+02 1.844194092272798402e-01
6.687999999999999545e+02 1.895844916620246234e-01
6.689519999999999982e+02 1.945549859508826918e-01
6.691039999999999281e+02 1.992765130477343605e-01
6.692559999999999718e+02 2.036929589246054828e-01
6.694080000000000155e+02 2.077477716405992103e-01
6.695599999999999454e+02 2.113854665184869974e-01
6.697119999999999891e+02 2.145532852469202723e-01
6.698640000000000327e+02 2.172029328924907632e-01
6.700159999999999627e+02 2.192922986449972467e-01
6.701680000000000064e+02 2.207870547050885535e-01
6.703199999999999363e+02 2.216620256817984636e-01
6.704719999999999800e+02 2.219022297836602542e-01
6.706240000000000236e+02 2.215035130290413656e-01
6.707759999999999536e+02 2.204727270045897525e-01
6.709279999999999973e+02 2.188274361100606136e-01
6.710799999999999272e+02 2.165951774028814780e-01
6.712319999999999709e+02 2.138123304355427357e-01
6.713840000000000146e+02 2.105226817263289862e-01
6.715359999999999445e+02 2.067757858211934086e-01
6.716879999999999882e+02 2.026252310548603830e-01
6.718400000000000318e+02 1.981269135759007038e-01
6.719919999999999618e+02 1.933374098560013132e-01
6.721440000000000055e+02 1.883125185500046372e-01
6.722959999999999354e+02 1.831060203049643120e-01
6.724479999999999791e+02 1.777686817985699164e-01
6.726000000000000227e+02 1.723475101822926625e-01
6.727519999999999527e+02 1.668852476896718895e-01
6.729039999999999964e+02 1.614200841351580429e-01
6.730560000000000400e+02 1.559855573949697483e-01
6.732079999999999700e+02 1.506106082700689186e-01
6.733600000000000136e+02 1.453197556444840166e-01
6.735119999999999436e+02 1.401333597263235420e-01
6.736639999999999873e+02 1.350679445771473530e-01
6.738160000000000309e+02 1.301365553906305705e-01
6.739679999999999609e+02 1.253491305137276746e-01
6.741200000000000045e+02 1.207128726102709854e-01
6.742719999999999345e+02 1.162326073862816195e-01
6.744239999999999782e+02 1.119111217841503719e-01
6.745760000000000218e+02 1.077494764544983524e-01
6.747279999999999518e+02 1.037472896360778080e-01
6.748799999999999955e+02 9.990299136213295905e-02
6.750320000000000391e+02 9.621404823282259100e-02
6.751839999999999691e+02 9.267715992289929372e-02
6.753360000000000127e+02 8.928842920671484218e-02
6.754879999999999427e+02 8.604350764729863654e-02
6.756399999999999864e+02 8.293771927289406154e-02
6.757920000000000300e+02 7.996616460377908853e-02
6.759439999999999600e+02 7.712380733498767904e-02
6.760960000000000036e+02 7.440554585958102096e-02
6.762479999999999336e+02 7.180627165689308644e-02
6.763999999999999773e+02 6.932091638923990051e-02
6.765520000000000209e+02 6.694448936254736304e-02
6.767039999999999509e+02 6.467210682012683454e-02
6.768559999999999945e+02 6.249901436099314367e-02
6.770080000000000382e+02 6.042060360823601345e-02
6.771599999999999682e+02 5.843242410115769003e-02
6.773120000000000118e+02 5.653019124815504559e-02
6.774639999999999418e+02 5.470979105551003474e-02
6.776159999999999854e+02 5.296728223979910860e-02
6.777680000000000291e+02 5.129889623779310126e-02
6.779199999999999591e+02 4.970103554610384722e-02
6.780720000000000027e+02 4.817027075252549445e-02
6.782239999999999327e+02 4.670333656063425931e-02
6.783759999999999764e+02 4.529712705760495506e-02
6.785280000000000200e+02 4.394869043141780979e-02
6.786799999999999500e+02 4.265522330643622267e-02
6.788319999999999936e+02 4.141406483505205571e-02
6.789840000000000373e+02 4.022269065676118555e-02
6.791359999999999673e+02 3.907870681395661516e-02
6.792880000000000109e+02 3.797984369535059579e-02
6.794399999999999409e+02 3.692395006263515106e-02
6.795919999999999845e+02 3.590898720328754984e-02
6.797440000000000282e+02 3.493302324201863485e-02
6.798959999999999582e+02 3.399422763473048531e-02
6.800480000000000018e+02 3.309086586186214124e-02
6.801999999999999318e+02 3.222129433229796447e-02
6.803519999999999754e+02 3.138395550438569104e-02
6.805040000000000191e+02 3.057737322695996962e-02
6.806559999999999491e+02 2.980014830030112624e-02
6.808079999999999927e+02 2.905095425468394443e-02
6.809600000000000364e+02 2.832853334238910267e-02
6.811119999999999663e+02 2.763169273768347270e-02
6.812640000000000100e+02 2.695930093829025306e-02
6.814159999999999400e+02 2.631028436115403005e-02
6.815679999999999836e+02 2.568362412480514403e-02
6.817200000000000273e+02 2.507835301035966566e-02
6.818719999999999573e+02 2.449355259301837576e-02
6.820240000000000009e+02 2.392835053591867503e-02
6.821759999999999309e+02 2.338191803825940759e-02
6.823279999999999745e+02 2.285346742974336126e-02
6.824800000000000182e+02 2.234224990360038701e-02
6.826319999999999482e+02 2.184755338066713196e-02
6.827839999999999918e+02 2.136870049727975646e-02
6.829360000000000355e+02 2.090504671002055975e-02
6.830879999999999654e+02 2.045597851064846068e-02
6.832400000000000091e+02 2.002091174485869443e-02
6.833919999999999391e+02 1.959929002882384100e-02
6.835439999999999827e+02 1.919058325776212479e-02
6.836960000000000264e+02 1.879428620109734396e-02
6.838479999999999563e+02 1.840991717905023431e-02
6.840000000000000000e+02 1.803701681579691907e-02
6.841519999999999300e+02 1.767514686460402301e-02
6.843039999999999736e+02 1.732388910060389531e-02
6.844560000000000173e+02 1.698284427714120970e-02
6.846079999999999472e+02 1.665163114184764828e-02
6.847599999999999909e+02 1.632988550884009391e-02
6.849120000000000346e+02 1.601725938365429133e-02
6.850639999999999645e+02 1.571342013772508359e-02
6.852160000000000082e+02 1.541804972942589433e-02
6.853679999999999382e+02 1.513084396886330181e-02
6.855199999999999818e+02 1.485151182378810671e-02
6.856720000000000255e+02 1.457977476415945987e-02
6.858239999999999554e+02 1.431536614303978786e-02
6.859759999999999991e+02 1.405803061165019317e-02
6.861279999999999291e+02 1.380752356655085347e-02
6.862799999999999727e+02 1.356361062703113907e-02
6.864320000000000164e+02 1.332606714092417731e-02
6.865839999999999463e+02 1.309467771716141260e-02
6.867359999999999900e+02 1.286923578349445478e-02
6.868880000000000337e+02 1.264954316790873126e-02
6.870399999999999636e+02 1.243540970234104440e-02
6.871920000000000073e+02 1.222665284740359626e-02
6.873439999999999372e+02 1.202309733689764341e-02
6.874959999999999809e+02 1.182457484096975826e-02
6.876480000000000246e+02 1.163092364684285319e-02
6.877999999999999545e+02 1.144198835611162819e-02
6.879519999999999982e+02 1.125761959765939242e-02
6.881039999999999281e+02 1.107767375531065746e-02
6.882559999999999718e+02 1.090201270938339143e-02
6.884080000000000155e+02 1.073050359136296615e-02
6.885599999999999454e+02 1.056301855095975566e-02
6.887119999999999891e+02 1.039943453486158464e-02
6.888640000000000327e+02 1.023963307653340087e-02
6.890159999999999627e+02 1.008350009645219911e-02
6.891680000000000064e+02 9.930925712205015618e-03
6.893199999999999363e+02 9.781804057912020511e-03
6.894719999999999800e+02 9.636033112464519046e-03
6.896240000000000236e+02 9.493514536104179918e-03
6.897759999999999536e+02 9.354153514891380000e-03
6.899279999999999973e+02 9.217858612641093019e-03
6.900799999999999272e+02 9.084541629929035814e-03
6.902319999999999709e+02 8.954117469790533884e-03
6.903840000000000146e+02 8.826504009761745873e-03
6.905359999999999445e+02 8.701621979927721962e-03
6.906879999999999882e+02 8.579394846664456162e-03
6.908400000000000318e+02 8.459748701779653060e-03
6.909919999999999618e+02 8.342612156771421483e-03
6.911440000000000055e+02 8.227916241942315190e-03
6.912959999999999354e+02 8.115594310121029831e-03
6.914479999999999791e+02 8.005581944754961224e-03
6.916000000000000227e+02 7.897816872154617834e-03
6.917519999999999527e+02 7.792238877678575593e-03
6.919039999999999964e+02 7.688789725662130772e-03
6.920559999999999263e+02 7.587413082903639132e-03
6.922079999999999700e+02 7.488054445529992303e-03
6.923600000000000136e+02 7.390661069076651275e-03
6.925119999999999436e+02 7.295181901622368320e-03
6.926639999999999873e+02 7.201567519830090296e-03
6.928160000000000309e+02 7.109770067753254895e-03
6.929679999999999609e+02 7.019743198272481062e-03
6.931200000000000045e+02 6.931442017036604231e-03
6.932719999999999345e+02 6.844823028788808890e-03
6.934239999999999782e+02 6.759844085962527990e-03
6.935760000000000218e+02 6.676464339441472336e-03
6.937279999999999518e+02 6.594644191380074315e-03
6.938799999999999955e+02 6.514345249988316017e-03
6.940320000000000391e+02 6.435530286189761195e-03
6.941839999999999691e+02 6.358163192064609018e-03
6.943360000000000127e+02 6.282208940995885442e-03
6.944879999999999427e+02 6.207633549440939522e-03
6.946399999999999864e+02 6.134404040252475383e-03
6.947920000000000300e+02 6.062488407480201048e-03
6.949439999999999600e+02 5.991855582584660993e-03
6.950960000000000036e+02 5.922475402000127592e-03
6.952479999999999336e+02 5.854318575986512674e-03
6.953999999999999773e+02 5.787356658711495516e-03
6.955520000000000209e+02 5.721562019509733588e-03
6.957039999999999509e+02 5.656907815265863580e-03
6.958559999999999945e+02 5.593367963872375274e-03
6.960080000000000382e+02 5.530917118715705447e-03
6.961599999999999682e+02 5.469530644144938135e-03
6.963120000000000118e+02 5.409184591880922786e-03
6.964639999999999418e+02 5.349855678325694808e-03
6.966159999999999854e+02 5.291521262732435185e-03
6.967680000000000291e+02 5.234159326200515765e-03
6.969199999999999591e+02 5.177748451459457738e-03
6.970720000000000027e+02 5.122267803408867871e-03
6.972239999999999327e+02 5.067697110382913227e-03
6.973759999999999764e+02 5.014016646107935862e-03
6.975280000000000200e+02 4.961207212325516140e-03
6.976799999999999500e+02 4.909250122052347814e-03
6.978319999999999936e+02 4.858127183451013339e-03
6.979840000000000373e+02 4.807820684286867596e-03
6.981359999999999673e+02 4.758313376946357934e-03
6.982880000000000109e+02 4.709588463994238659e-03
6.984399999999999409e+02 4.661629584248184154e-03
6.985919999999999845e+02 4.614420799349023758e-03
6.987440000000000282e+02 4.567946580807725511e-03
6.988959999999999582e+02 4.522191797509204567e-03
6.990480000000000018e+02 4.477141703655097317e-03
6.991999999999999318e+02 4.432781927128455826e-03
6.993519999999999754e+02 4.389098458262857480e-03
6.995040000000000191e+02 4.346077639001058937e-03
6.996559999999999491e+02 4.303706152427135175e-03
6.998079999999999927e+02 4.261971012657889309e-03
6.999600000000000364e+02 4.220859555079903465e-03
7.001119999999999663e+02 4.180359426918328625e-03
7.002640000000000100e+02 4.140458578124952931e-03
7.004159999999999400e+02 4.101145252573644776e-03
7.005679999999999836e+02 4.062407979550725773e-03
7.007200000000000273e+02 4.024235565529979755e-03
7.008719999999999573e+02 3.986617086220825210e-03
7.010240000000000009e+02 3.949541878879690368e-03
7.011759999999999309e+02 3.912999534875022216e-03
7.013279999999999745e+02 3.876979892495780421e-03
7.014800000000000182e+02 3.841473029995233924e-03
7.016319999999999482e+02 3.806469258860671438e-03
7.017839999999999918e+02 3.771959117301009693e-03
7.019360000000000355e+02 3.737933363944551720e-03
7.020879999999999654e+02 3.704382971738765830e-03
7.022400000000000091e+02 3.671299122045001539e-03
7.023919999999999391e+02 3.638673198921329316e-03
7.025439999999999827e+02 3.606496783586128109e-03
7.026960000000000264e+02 3.574761649056672208e-03
7.028479999999999563e+02 3.543459754955885672e-03
7.030000000000000000e+02 3.512583242481499401e-03
7.031519999999999300e+02 3.482124429532128251e-03
7.033039999999999736e+02 3.452075805984143337e-03
7.034560000000000173e+02 3.422430029114735105e-03
7.036079999999999472e+02 3.393179919165507236e-03
7.037599999999999909e+02 3.364318455041920633e-03
7.039120000000000346e+02 3.335838770144081145e-03
7.040639999999999645e+02 3.307734148323947417e-03
7.042160000000000082e+02 3.279998019964811603e-03
7.043679999999999382e+02 3.252623958179066965e-03
7.045199999999999818e+02 3.225605675119717821e-03
7.046720000000000255e+02 3.198937018402385306e-03
7.048239999999999554e+02 3.172611967633550203e-03
7.049759999999999991e+02 3.146624631041682659e-03
7.051279999999999291e+02 3.120969242207976679e-03
7.052799999999999727e+02 3.095640156892886033e-03
7.054320000000000164e+02 3.070631849955849074e-03
7.055839999999999463e+02 3.045938912364634567e-03
7.057359999999999900e+02 3.021556048291542534e-03
7.058880000000000337e+02 2.997478072293764326e-03
7.060399999999999636e+02 2.973699906574810235e-03
7.061920000000000073e+02 2.950216578324536126e-03
7.063439999999999372e+02 2.927023217135379073e-03
7.064959999999999809e+02 2.904115052491898930e-03
7.066480000000000246e+02 2.881487411331777083e-03
7.067999999999999545e+02 2.859135715675555339e-03
7.069519999999999982e+02 2.837055480323074502e-03
7.071039999999999281e+02 2.815242310614668019e-03
7.072559999999999718e+02 2.793691900254611366e-03
7.074080000000000155e+02 2.772400029195383475e-03
7.075599999999999454e+02 2.751362561580383576e-03
7.077119999999999891e+02 2.730575443743459788e-03
7.078640000000000327e+02 2.710034702263581109e-03
7.080159999999999627e+02 2.689736442072680409e-03
7.081680000000000064e+02 2.669676844615138846e-03
7.083199999999999363e+02 2.649852166057473177e-03
7.084719999999999800e+02 2.630258735546298250e-03
7.086240000000000236e+02 2.610892953513526890e-03
7.087759999999999536e+02 2.591751290027003059e-03
7.089279999999999973e+02 2.572830283185315384e-03
7.090799999999999272e+02 2.554126537555601907e-03
7.092319999999999709e+02 2.535636722652682019e-03
7.093840000000000146e+02 2.517357571458702856e-03
7.095359999999999445e+02 2.499285878981717234e-03
7.096879999999999882e+02 2.481418500852180901e-03
7.098400000000000318e+02 2.463752351956352993e-03
7.099919999999999618e+02 2.446284405105258325e-03
7.101440000000000055e+02 2.429011689738286035e-03
7.102959999999999354e+02 2.411931290660522097e-03
7.104479999999999791e+02 2.395040346812512058e-03
7.106000000000000227e+02 2.378336050071873289e-03
7.107519999999999527e+02 2.361815644085525547e-03
7.109039999999999964e+02 2.345476423131763119e-03
7.110559999999999263e+02 2.329315731011424775e-03
7.112079999999999700e+02 2.313330959967031374e-03
7.113600000000000136e+02 2.297519549629427511e-03
7.115119999999999436e+02 2.281878985990852104e-03
7.116639999999999873e+02 2.266406800403796950e-03
7.118160000000000309e+02 2.251100568605021376e-03
7.119679999999999609e+02 2.235957909763805745e-03
7.121200000000000045e+02 2.220976485553851406e-03
7.122719999999999345e+02 2.206153999248287607e-03
7.124239999999999782e+02 2.191488194836836018e-03
7.125760000000000218e+02 2.176976856164864436e-03
7.127279999999999518e+02 2.162617806093432380e-03
7.128799999999999955e+02 2.148408905679854985e-03
7.130320000000000391e+02 2.134348053378315110e-03
7.131839999999999691e+02 2.120433184259775099e-03
7.133360000000000127e+02 2.106662269250755837e-03
7.134879999999999427e+02 2.093033314390561981e-03
7.136399999999999864e+02 2.079544360106199644e-03
7.137920000000000300e+02 2.066193480504801769e-03
7.139439999999999600e+02 2.052978782682836952e-03
7.140960000000000036e+02 2.039898406051749574e-03
7.142479999999999336e+02 2.026950521679676473e-03
7.143999999999999773e+02 2.014133331648578374e-03
7.145520000000000209e+02 2.001445068426646427e-03
7.147039999999999509e+02 1.988883994255342871e-03
7.148559999999999945e+02 1.976448400550789592e-03
7.150080000000000382e+02 1.964136607319191038e-03
7.151599999999999682e+02 1.951946962585760642e-03
7.153120000000000118e+02 1.939877841836882329e-03
7.154639999999999418e+02 1.927927647475240376e-03
7.156159999999999854e+02 1.916094808287357098e-03
7.157680000000000291e+02 1.904377778923482638e-03
7.159199999999999591e+02 1.892775039389287157e-03
7.160720000000000027e+02 1.881285094549150095e-03
7.162239999999999327e+02 1.869906473640810772e-03
7.163759999999999764e+02 1.858637729800899840e-03
7.165280000000000200e+02 1.847477439601302339e-03
7.166799999999999500e+02 1.836424202595874451e-03
7.168319999999999936e+02 1.825476640877339617e-03
7.169840000000000373e+02 1.814633398644161476e-03
7.171359999999999673e+02 1.803893141777006791e-03
7.172880000000000109e+02 1.793254557424625107e-03
7.174399999999999409e+02 1.782716353598984456e-03
7.175919999999999845e+02 1.772277258779229652e-03
7.177440000000000282e+02 1.761936021524488759e-03
7.178959999999999582e+02 1.751691410095096652e-03
7.180480000000000018e+02 1.741542212082112726e-03
7.181999999999999318e+02 1.731487234044999830e-03
7.183519999999999754e+02 1.721525301157075848e-03
7.185040000000000191e+02 1.711655256858759166e-03
7.186559999999999491e+02 1.701875962518248743e-03
7.188079999999999927e+02 1.692186297099513865e-03
7.189600000000000364e+02 1.682585156837486254e-03
7.191119999999999663e+02 1.673071454920148577e-03
7.192640000000000100e+02 1.663644121177415688e-03
7.194159999999999400e+02 1.654302101776716034e-03
7.195679999999999836e+02 1.645044358924926259e-03
7.197200000000000273e+02 1.635869870576730362e-03
7.198719999999999573e+02 1.626777630149061444e-03
7.200240000000000009e+02 1.617766646241555577e-03
7.201759999999999309e+02 1.608835942362944922e-03
7.203279999999999745e+02 1.599984556663066595e-03
7.204800000000000182e+02 1.591211541670572256e-03
7.206319999999999482e+02 1.582515964036025321e-03
7.207839999999999918e+02 1.573896904280323774e-03
7.209360000000000355e+02 1.565353456548390903e-03
7.210879999999999654e+02 1.556884728367881983e-03
7.212400000000000091e+02 1.548489840412857910e-03
7.213919999999999391e+02 1.540167926272364854e-03
7.215439999999999827e+02 1.531918132223652118e-03
7.216960000000000264e+02 1.523739617010108020e-03
7.218479999999999563e+02 1.515631551623644688e-03
7.220000000000000000e+02 1.507593119091499680e-03
7.221519999999999300e+02 1.499623514267403026e-03
7.223039999999999736e+02 1.491721943626864687e-03
7.224560000000000173e+02 1.483887625066668920e-03
7.226079999999999472e+02 1.476119787708321876e-03
7.227599999999999909e+02 1.468417671705434403e-03
7.229120000000000346e+02 1.460780528054991291e-03
7.230639999999999645e+02 1.453207618412321331e-03
7.232160000000000082e+02 1.445698214909734792e-03
7.233679999999999382e+02 1.438251599978801433e-03
7.235199999999999818e+02 1.430867066176046143e-03
7.236720000000000255e+02 1.423543916012156305e-03
7.238239999999999554e+02 1.416281461784478415e-03
7.239759999999999991e+02 1.409079025412792677e-03
7.241279999999999291e+02 1.401935938278337825e-03
7.242799999999999727e+02 1.394851541065890779e-03
7.244320000000000164e+02 1.387825183608982485e-03
7.245839999999999463e+02 1.380856224738055390e-03
7.247359999999999900e+02 1.373944032131549364e-03
7.248880000000000337e+02 1.367087982169898266e-03
7.250399999999999636e+02 1.360287459792274955e-03
7.251920000000000073e+02 1.353541858356084333e-03
7.253439999999999372e+02 1.346850579499179676e-03
7.254959999999999809e+02 1.340213033004629666e-03
7.256480000000000246e+02 1.333628636668121765e-03
7.257999999999999545e+02 1.327096816167827814e-03
7.259519999999999982e+02 1.320617004936725132e-03
7.261039999999999281e+02 1.314188644037366828e-03
7.262559999999999718e+02 1.307811182038934360e-03
7.264080000000000155e+02 1.301484074896659942e-03
7.265599999999999454e+02 1.295206785833454650e-03
7.267119999999999891e+02 1.288978785223740932e-03
7.268640000000000327e+02 1.282799550479484310e-03
7.270159999999999627e+02 1.276668565938296127e-03
7.271680000000000064e+02 1.270585322753601479e-03
7.273199999999999363e+02 1.264549318786877983e-03
7.274719999999999800e+02 1.258560058501809013e-03
7.276240000000000236e+02 1.252617052860443159e-03
7.277759999999999536e+02 1.246719819221207446e-03
7.279279999999999973e+02 1.240867881238781915e-03
7.280799999999999272e+02 1.235060768765840981e-03
7.282319999999999709e+02 1.229298017756508049e-03
7.283840000000000146e+02 1.223579170171628120e-03
7.285359999999999445e+02 1.217903773885702047e-03
7.286879999999999882e+02 1.212271382595501946e-03
7.288400000000000318e+02 1.206681555730361932e-03
7.289919999999999618e+02 1.201133858364039630e-03
7.291440000000000055e+02 1.195627861128154782e-03
7.292959999999999354e+02 1.190163140127209690e-03
7.294479999999999791e+02 1.184739276855059685e-03
7.296000000000000227e+02 1.179355858112927273e-03
7.297519999999999527e+02 1.174012475928825532e-03
7.299039999999999964e+02 1.168708727478404413e-03
7.300559999999999263e+02 1.163444215007229058e-03
7.302079999999999700e+02 1.158218545754364148e-03
7.303600000000000136e+02 1.153031331877356650e-03
7.305119999999999436e+02 1.147882190378489041e-03
7.306639999999999873e+02 1.142770743032319250e-03
7.308160000000000309e+02 1.137696616314513853e-03
7.309679999999999609e+02 1.132659441331882334e-03
7.311200000000000045e+02 1.127658853753622618e-03
7.312719999999999345e+02 1.122694493743788078e-03
7.314239999999999782e+02 1.117766005894864963e-03
7.315760000000000218e+02 1.112873039162543768e-03
7.317279999999999518e+02 1.108015246801573707e-03
7.318799999999999955e+02 1.103192286302709206e-03
7.320319999999999254e+02 1.098403819330776368e-03
7.321839999999999691e+02 1.093649511663728671e-03
7.323360000000000127e+02 1.088929033132798353e-03
7.324879999999999427e+02 1.084242057563622073e-03
7.326399999999999864e+02 1.079588262718361637e-03
7.327920000000000300e+02 1.074967330238831963e-03
7.329439999999999600e+02 1.070378945590552558e-03
7.330960000000000036e+02 1.065822798007738138e-03
7.332479999999999336e+02 1.061298580439243994e-03
7.333999999999999773e+02 1.056805989495360502e-03
7.335520000000000209e+02 1.052344725395548946e-03
7.337039999999999509e+02 1.047914491917005010e-03
7.338559999999999945e+02 1.043514996344081184e-03
7.340080000000000382e+02 1.039145949418571321e-03
7.341599999999999682e+02 1.034807065290787101e-03
7.343120000000000118e+02 1.030498061471438968e-03
7.344639999999999418e+02 1.026218658784341280e-03
7.346159999999999854e+02 1.021968581319840407e-03
7.347680000000000291e+02 1.017747556389055757e-03
7.349199999999999591e+02 1.013555314478832049e-03
7.350720000000000027e+02 1.009391589207426880e-03
7.352239999999999327e+02 1.005256117280946184e-03
7.353759999999999764e+02 1.001148638450440834e-03
7.355280000000000200e+02 9.970688954697418029e-04
7.356799999999999500e+02 9.930166340539432410e-04
7.358319999999999936e+02 9.889916028385540778e-04
7.359840000000000373e+02 9.849935533393344017e-04
7.361359999999999673e+02 9.810222399127420303e-04
7.362880000000000109e+02 9.770774197170181089e-04
7.364399999999999409e+02 9.731588526739167258e-04
7.365919999999999845e+02 9.692663014310013477e-04
7.367440000000000282e+02 9.653995313245838624e-04
7.368959999999999582e+02 9.615583103432184071e-04
7.370480000000000018e+02 9.577424090917756793e-04
7.371999999999999318e+02 9.539516007561086794e-04
7.373519999999999754e+02 9.501856610682329072e-04
7.375040000000000191e+02 9.464443682720953890e-04
7.376559999999999491e+02 9.427275030898504609e-04
7.378079999999999927e+02 9.390348486886622567e-04
7.379600000000000364e+02 9.353661906480520080e-04
7.381119999999999663e+02 9.317213169277238031e-04
7.382640000000000100e+02 9.281000178358938483e-04
7.384159999999999400e+02 9.245020859981347263e-04
7.385679999999999836e+02 9.209273163266608157e-04
7.387200000000000273e+02 9.173755059901284904e-04
7.388719999999999573e+02 9.138464543838721674e-04
7.390240000000000009e+02 9.103399631006001656e-04
7.391759999999999309e+02 9.068558359015611078e-04
7.393279999999999745e+02 9.033938786881162480e-04
7.394800000000000182e+02 8.999538994737820178e-04
7.396319999999999482e+02 8.965357083566709078e-04
7.397839999999999918e+02 8.931391174923534538e-04
7.399360000000000355e+02 8.897639410671530358e-04
7.400879999999999654e+02 8.864099952718205826e-04
7.402400000000000091e+02 8.830770982756072857e-04
7.403919999999999391e+02 8.797650702007527804e-04
7.405439999999999827e+02 8.764737330973192955e-04
7.406960000000000264e+02 8.732029109184389921e-04
7.408479999999999563e+02 8.699524294959075973e-04
7.410000000000000000e+02 8.667221165161424377e-04
7.411519999999999300e+02 8.635118014965224376e-04
7.413039999999999736e+02 8.603213157620437281e-04
7.414560000000000173e+02 8.571504924223579801e-04
7.416079999999999472e+02 8.539991663491242882e-04
7.417599999999999909e+02 8.508671741536987833e-04
7.419120000000000346e+02 8.477543541651729256e-04
7.420639999999999645e+02 8.446605464087119037e-04
7.422160000000000082e+02 8.415855925842131990e-04
7.423679999999999382e+02 8.385293360453009281e-04
7.425199999999999818e+02 8.354916217785904754e-04
7.426720000000000255e+02 8.324722963832912898e-04
7.428239999999999554e+02 8.294712080510844177e-04
7.429759999999999991e+02 8.264882065462907101e-04
7.431279999999999291e+02 8.235231431863501966e-04
7.432799999999999727e+02 8.205758708225486565e-04
7.434320000000000164e+02 8.176462438210589352e-04
7.435839999999999463e+02 8.147341180442288066e-04
7.437359999999999900e+02 8.118393508321415132e-04
7.438880000000000337e+02 8.089618009844589579e-04
7.440399999999999636e+02 8.061013287425047207e-04
7.441920000000000073e+02 8.032577957716044654e-04
7.443439999999999372e+02 8.004310651436986977e-04
7.444959999999999809e+02 7.976210013201716050e-04
7.446480000000000246e+02 7.948274701349535487e-04
7.447999999999999545e+02 7.920503387778451672e-04
7.449519999999999982e+02 7.892894757780751251e-04
7.451039999999999281e+02 7.865447509881103721e-04
7.452559999999999718e+02 7.838160355676658964e-04
7.454080000000000155e+02 7.811032019679668790e-04
7.455599999999999454e+02 7.784061239162142452e-04
7.457119999999999891e+02 7.757246764002653219e-04
7.458640000000000327e+02 7.730587356535483564e-04
7.460159999999999627e+02 7.704081791401692653e-04
7.461680000000000064e+02 7.677728855402236223e-04
7.463199999999999363e+02 7.651527347353358948e-04
7.464719999999999800e+02 7.625476077943668402e-04
7.466240000000000236e+02 7.599573869593492358e-04
7.467759999999999536e+02 7.573819556315978391e-04
7.469279999999999973e+02 7.548211983580124448e-04
7.470799999999999272e+02 7.522750008175847726e-04
7.472319999999999709e+02 7.497432498080670079e-04
7.473840000000000146e+02 7.472258332328471017e-04
7.475359999999999445e+02 7.447226400879874584e-04
7.476879999999999882e+02 7.422335604494389397e-04
7.478400000000000318e+02 7.397584854604465554e-04
7.479919999999999618e+02 7.372973073191099779e-04
7.481440000000000055e+02 7.348499192661118919e-04
7.482959999999999354e+02 7.324162155726315253e-04
7.484479999999999791e+02 7.299960915283944642e-04
7.486000000000000227e+02 7.275894434299101437e-04
7.487519999999999527e+02 7.251961685688499597e-04
7.489039999999999964e+02 7.228161652205825896e-04
7.490559999999999263e+02 7.204493326328787741e-04
7.492079999999999700e+02 7.180955710147426257e-04
7.493600000000000136e+02 7.157547815254180351e-04
7.495119999999999436e+02 7.134268662635243150e-04
7.496639999999999873e+02 7.111117282563356092e-04
7.498160000000000309e+02 7.088092714492194623e-04
7.499679999999999609e+02 7.065194006951994220e-04
7.501200000000000045e+02 7.042420217446558779e-04
7.502719999999999345e+02 7.019770412351799887e-04
7.504239999999999782e+02 6.997243666815360303e-04
7.505760000000000218e+02 6.974839064657809527e-04
7.507279999999999518e+02 6.952555698274975621e-04
7.508799999999999955e+02 6.930392668541545537e-04
7.510319999999999254e+02 6.908349084716112858e-04
7.511839999999999691e+02 6.886424064347192652e-04
7.513360000000000127e+02 6.864616733180731439e-04
7.514879999999999427e+02 6.842926225068650392e-04
7.516399999999999864e+02 6.821351681878562749e-04
7.517920000000000300e+02 6.799892253404835616e-04
7.519439999999999600e+02 6.778547097280623228e-04
7.520960000000000036e+02 6.757315378891077650e-04
7.522479999999999336e+02 6.736196271287794380e-04
7.523999999999999773e+02 6.715188955104153508e-04
7.525520000000000209e+02 6.694292618471974930e-04
7.527039999999999509e+02 6.673506456939083198e-04
7.528559999999999945e+02 6.652829673387930564e-04
7.530079999999999245e+02 6.632261477955410465e-04
7.531599999999999682e+02 6.611801087953473330e-04
7.533120000000000118e+02 6.591447727790967527e-04
7.534639999999999418e+02 6.571200628896336831e-04
7.536159999999999854e+02 6.551059029641287173e-04
7.537680000000000291e+02 6.531022175265559270e-04
7.539199999999999591e+02 6.511089317802525251e-04
7.540720000000000027e+02 6.491259716005698182e-04
7.542239999999999327e+02 6.471532635276361573e-04
7.543759999999999764e+02 6.451907347591832051e-04
7.545280000000000200e+02 6.432383131434889732e-04
7.546799999999999500e+02 6.412959271723915481e-04
7.548319999999999936e+02 6.393635059743918306e-04
7.549840000000000373e+02 6.374409793078549382e-04
7.551359999999999673e+02 6.355282775542830552e-04
7.552880000000000109e+02 6.336253317116722012e-04
7.554399999999999409e+02 6.317320733879660350e-04
7.555919999999999845e+02 6.298484347945689649e-04
7.557440000000000282e+02 6.279743487399611730e-04
7.558959999999999582e+02 6.261097486233778257e-04
7.560480000000000018e+02 6.242545684285671047e-04
7.561999999999999318e+02 6.224087427176383351e-04
7.563519999999999754e+02 6.205722066249647582e-04
7.565040000000000191e+02 6.187448958511823638e-04
7.566559999999999491e+02 6.169267466572483536e-04
7.568079999999999927e+02 6.151176958585713797e-04
7.569600000000000364e+02 6.133176808192270001e-04
7.571119999999999663e+02 6.115266394462303811e-04
7.572640000000000100e+02 6.097445101838786050e-04
7.574159999999999400e+02 6.079712320081759195e-04
7.575679999999999836e+02 6.062067444213059325e-04
7.577200000000000273e+02 6.044509874461896767e-04
7.578719999999999573e+02 6.027039016210989676e-04
7.580240000000000009e+02 6.009654279943305857e-04
7.581759999999999309e+02 5.992355081189618821e-04
7.583279999999999745e+02 5.975140840476461743e-04
7.584800000000000182e+02 5.958010983274929272e-04
7.586319999999999482e+02 5.940964939949941199e-04
7.587839999999999918e+02 5.924002145710124132e-04
7.589360000000000355e+02 5.907122040558409823e-04
7.590879999999999654e+02 5.890324069243088861e-04
7.592400000000000091e+02 5.873607681209468264e-04
7.593919999999999391e+02 5.856972330552213208e-04
7.595439999999999827e+02 5.840417475968079060e-04
7.596960000000000264e+02 5.823942580709367666e-04
7.598479999999999563e+02 5.807547112537835747e-04
7.600000000000000000e+02 5.791230543679132389e-04
