                                                                                     
                              ABACUS v3.10.0

               Atomic-orbital Based Ab-initio Computation at UStc                    

                     Website: http://abacus.ustc.edu.cn/                             
               Documentation: https://abacus.deepmodeling.com/                       
                  Repository: https://github.com/abacusmodeling/abacus-develop       
                              https://github.com/deepmodeling/abacus-develop         
                      Commit: e84abb4 (Sat Jun 28 13:06:46 2025 +0800)

    Start Time is Fri Sep  4 10:51:01 2026
                                                                                     
 ------------------------------------------------------------------------------------

 READING GENERAL INFORMATION
                           global_out_dir = OUT.POLAR/
                           global_in_card = INPUT
                               pseudo_dir = 
                              orbital_dir = 
                                    DRANK = 1
                                    DSIZE = 1
                                   DCOLOR = 1
                                    GRANK = 1
                                    GSIZE = 1




 >>>>>>>>>>>>>>>>>>>>>>>>>>>>>>>>>>>>>>>>>>>>>>>>>>>>>>>>>>>>>>>>>>>>>>
 |                                                                    |
 | Reading atom information in unitcell:                              |
 | From the input file and the structure file we know the number of   |
 | different elments in this unitcell, then we list the detail        |
 | information for each element, especially the zeta and polar atomic |
 | orbital number for each element. The total atom number is counted. |
 | We calculate the nearest atom distance for each atom and show the  |
 | Cartesian and Direct coordinates for each atom. We list the file   |
 | address for atomic orbitals. The volume and the lattice vectors    |
 | in real and reciprocal space is also shown.                        |
 |                                                                    |
 <<<<<<<<<<<<<<<<<<<<<<<<<<<<<<<<<<<<<<<<<<<<<<<<<<<<<<<<<<<<<<<<<<<<<<




 READING UNITCELL INFORMATION
                                    ntype = 2
                  lattice constant (Bohr) = 1.88973
              lattice constant (Angstrom) = 1

 READING ATOM TYPE 1
                               atom label = Si
                      L=0, number of zeta = 2
                      L=1, number of zeta = 2
                      L=2, number of zeta = 1
             number of atom for this type = 1

 READING ATOM TYPE 2
                               atom label = C
                      L=0, number of zeta = 2
                      L=1, number of zeta = 2
                      L=2, number of zeta = 1
             number of atom for this type = 1

                        TOTAL ATOM NUMBER = 2
DIRECT COORDINATES
    atom                   x                   y                   z     mag                  vx                  vy                  vz
taud_Si1            0.0034064858        0.0000000000        0.0000000000  0.0000        0.0000000000        0.0000000000        0.0000000000
taud_C1            0.2500000000        0.2500000000        0.2500000000  0.0000        0.0000000000        0.0000000000        0.0000000000



                          Volume (Bohr^3) = 143.105
                             Volume (A^3) = 21.206

 Lattice vectors: (Cartesian coordinate: in unit of a_0)
             +3.10688                  +0                  +0
             +1.55344            +2.69064                  +0
             +1.55344           +0.896879            +2.53676
 Reciprocal vectors: (Cartesian coordinate: in unit of 2 pi/a_0)
            +0.321866            -0.18583           -0.131401
                   -0           +0.371659           -0.131401
                   +0                  -0           +0.394204
 The esolver type has been set to : ksdft_lcao

 RUNNING WITH DEVICE  : CPU / Intel(R) Xeon(R) Gold 6248 CPU @ 2.50GHz




 >>>>>>>>>>>>>>>>>>>>>>>>>>>>>>>>>>>>>>>>>>>>>>>>>>>>>>>>>>>>>>>>>>>>>>
 |                                                                    |
 | Reading pseudopotentials files:                                    |
 | The pseudopotential file is in UPF format. The 'NC' indicates that |
 | the type of pseudopotential is 'norm conserving'. Functional of    |
 | exchange and correlation is decided by 4 given parameters in UPF   |
 | file.  We also read in the 'core correction' if there exists.      |
 | Also we can read the valence electrons number and the maximal      |
 | angular momentum used in this pseudopotential. We also read in the |
 | trail wave function, trail atomic density and local-pseudopotential|
 | on logrithmic grid. The non-local pseudopotential projector is also|
 | read in if there is any.                                           |
 |                                                                    |
 <<<<<<<<<<<<<<<<<<<<<<<<<<<<<<<<<<<<<<<<<<<<<<<<<<<<<<<<<<<<<<<<<<<<<<




                PAO radial cut off (Bohr) = 15

 Read in pseudopotential file is Si_ONCV_PBE-1.0.upf
                     pseudopotential type = NC
          exchange-correlation functional = PBE
                 nonlocal core correction = 0
                        valence electrons = 4
                                     lmax = 1
                           number of zeta = 0
                     number of projectors = 4
                           L of projector = 0
                           L of projector = 0
                           L of projector = 1
                           L of projector = 1
                PAO radial cut off (Bohr) = 15

 Read in pseudopotential file is C_ONCV_PBE-1.0.upf
                     pseudopotential type = NC
          exchange-correlation functional = PBE
                 nonlocal core correction = 0
                        valence electrons = 4
                                     lmax = 1
                           number of zeta = 0
                     number of projectors = 4
                           L of projector = 0
                           L of projector = 0
                           L of projector = 1
                           L of projector = 1
     initial pseudo atomic orbital number = 0

 SETUP THE ELECTRONS NUMBER
            electron number of element Si = 4
      total electron number of element Si = 4
             electron number of element C = 4
       total electron number of element C = 4
            AUTOSET number of electrons:  = 8
                           occupied bands = 4
                                   NLOCAL = 26
                                   NBANDS = 14
                                   NBANDS = 14
                                   NLOCAL = 26




 >>>>>>>>>>>>>>>>>>>>>>>>>>>>>>>>>>>>>>>>>>>>>>>>>>>>>>>>>>>>>>>>>>>>>>
 |                                                                    |
 | Setup plane waves of charge/potential:                             |
 | Use the energy cutoff and the lattice vectors to generate the      |
 | dimensions of FFT grid. The number of FFT grid on each processor   |
 | is 'nrxx'. The number of plane wave basis in reciprocal space is   |
 | different for charege/potential and wave functions. We also set    |
 | the 'sticks' for the parallel of FFT. The number of plane waves    |
 | is 'npw' in each processor.                                        |
 <<<<<<<<<<<<<<<<<<<<<<<<<<<<<<<<<<<<<<<<<<<<<<<<<<<<<<<<<<<<<<<<<<<<<<





 SETUP THE PLANE WAVE BASIS
 energy cutoff for charge/potential (unit:Ry) = 400
            fft grid for charge/potential = [ 40, 40, 40 ]
                        fft grid division = [ 4, 4, 4 ]
        big fft grid for charge/potential = [ 10, 10, 10 ]
                                     nbxx = 1000
                                     nrxx = 64000

 SETUP PLANE WAVES FOR CHARGE/POTENTIAL
                    number of plane waves = 19339
                         number of sticks = 955

 PARALLEL PW FOR CHARGE/POTENTIAL
     PROC   COLUMNS(POT)             PW
        1            955          19339
 --------------- sum -------------------
        1            955          19339
                            number of |g| = 235
                                  max |g| = 36.0521
                                  min |g| = 0
 DONE : SETUP UNITCELL Time : 0.0546926 (SEC)


----------- Double Check Mixing Parameters Begin ------------
mixing_type: broyden
mixing_beta: 0.8
mixing_gg0: 1
mixing_gg0_min: 0.1
mixing_ndim: 8
----------- Double Check Mixing Parameters End ------------




 >>>>>>>>>>>>>>>>>>>>>>>>>>>>>>>>>>>>>>>>>>>>>>>>>>>>>>>>>>>>>>>>>>>>>>
 |                                                                    |
 | Doing symmetry analysis:                                           |
 | We calculate the norm of 3 vectors and the angles between them,    |
 | the type of Bravais lattice is given. We can judge if the unticell |
 | is a primitive cell. Finally we give the point group operation for |
 | this unitcell. We use the point group operations to do symmetry |
 | analysis on given k-point mesh and the charge density.             |
 |                                                                    |
 <<<<<<<<<<<<<<<<<<<<<<<<<<<<<<<<<<<<<<<<<<<<<<<<<<<<<<<<<<<<<<<<<<<<<<




 LATTICE VECTORS: (CARTESIAN COORDINATE: IN UNIT OF A0)
             +3.10688                  +0                  +0
             +1.55344            +2.69064                  +0
             +1.55344           +0.896879            +2.53676
                       right hand lattice = 1
                                   NORM_A = 3.10688
                                   NORM_B = 3.10688
                                   NORM_C = 3.10688
                           ALPHA (DEGREE) = 60
                           BETA  (DEGREE) = 60
                           GAMMA (DEGREE) = 60

 The lattice vectors have been changed (STRU_SIMPLE.cif)

(for optimal symmetric configuration:)
                             BRAVAIS TYPE = 3
                     BRAVAIS LATTICE NAME = 03. Cubic F (face-centered)
                                    ibrav = 3
                                    IBRAV = 3
                                  BRAVAIS = FACE CENTERED CUBIC
                       LATTICE CONSTANT A = 4.39379
Original cell was already a primitive cell.
                        ROTATION MATRICES = 48
              PURE POINT GROUP OPERATIONS = 2
                   SPACE GROUP OPERATIONS = 2
                                       C2 = 0
                                       C3 = 0
                                       C4 = 0
                                       C6 = 0
                                       S1 = 1
                                       S3 = 0
                                       S4 = 0
                                       S6 = 0
                              POINT GROUP = C_1h
                                       C2 = 0
                                       C3 = 0
                                       C4 = 0
                                       C6 = 0
                                       S1 = 1
                                       S3 = 0
                                       S4 = 0
                                       S6 = 0
               POINT GROUP IN SPACE GROUP = C_1h
 DONE : SYMMETRY Time : 0.0796544 (SEC)





 >>>>>>>>>>>>>>>>>>>>>>>>>>>>>>>>>>>>>>>>>>>>>>>>>>>>>>>>>>>>>>>>>>>>>>
 |                                                                    |
 | Setup K-points                                                     |
 | We setup the k-points according to input parameters.               |
 | The reduced k-points are set according to symmetry operations.     |
 | We treat the spin as another set of k-points.                      |
 |                                                                    |
 <<<<<<<<<<<<<<<<<<<<<<<<<<<<<<<<<<<<<<<<<<<<<<<<<<<<<<<<<<<<<<<<<<<<<<





 SETUP K-POINTS
                                    nspin = 1
                   Input type of k points = Monkhorst-Pack(Gamma)
                                   nkstot = 2197
                       right hand lattice = 1
(for reciprocal lattice: )
                             BRAVAIS TYPE = 2
                     BRAVAIS LATTICE NAME = 02. Cubic I (body-centered)
                                    ibrav = 2
                       right hand lattice = 1
(for k-lattice: )
                             BRAVAIS TYPE = 2
                     BRAVAIS LATTICE NAME = 02. Cubic I (body-centered)
                                    ibrav = 2
                       right hand lattice = 1
                        ROTATION MATRICES = 48
                               nkstot_ibz = 595
K-POINTS REDUCTION ACCORDING TO SYMMETRY
     IBZ    DIRECT_X    DIRECT_Y    DIRECT_Z  WEIGHT  ibz2bz
       1  0.00000000  0.00000000  0.00000000  0.0005       0
       2  0.07692308  0.00000000  0.00000000  0.0009       1
       3  0.15384615  0.00000000  0.00000000  0.0009       2
       4  0.23076923  0.00000000  0.00000000  0.0009       3
       5  0.30769231  0.00000000  0.00000000  0.0009       4
       6  0.38461538  0.00000000  0.00000000  0.0009       5
       7  0.46153846  0.00000000  0.00000000  0.0009       6
       8  0.00000000  0.07692308  0.00000000  0.0018      13
       9  0.07692308  0.07692308  0.00000000  0.0018      14
      10  0.15384615  0.07692308  0.00000000  0.0018      15
      11  0.23076923  0.07692308  0.00000000  0.0018      16
      12  0.30769231  0.07692308  0.00000000  0.0018      17
      13  0.38461538  0.07692308  0.00000000  0.0018      18
      14  0.46153846  0.07692308  0.00000000  0.0018      19
      15  0.46153846 -0.07692308  0.00000000  0.0018      20
      16  0.38461538 -0.07692308  0.00000000  0.0018      21
      17  0.30769231 -0.07692308  0.00000000  0.0018      22
      18  0.23076923 -0.07692308  0.00000000  0.0018      23
      19  0.15384615 -0.07692308  0.00000000  0.0018      24
      20 -0.07692308  0.07692308  0.00000000  0.0018      25
      21  0.00000000  0.15384615  0.00000000  0.0018      26
      22  0.07692308  0.15384615  0.00000000  0.0018      27
      23  0.15384615  0.15384615  0.00000000  0.0018      28
      24  0.23076923  0.15384615  0.00000000  0.0018      29
      25  0.30769231  0.15384615  0.00000000  0.0018      30
      26  0.38461538  0.15384615  0.00000000  0.0018      31
      27  0.46153846  0.15384615  0.00000000  0.0018      32
      28  0.46153846 -0.15384615  0.00000000  0.0018      33
      29  0.38461538 -0.15384615  0.00000000  0.0018      34
      30  0.30769231 -0.15384615  0.00000000  0.0018      35
      31  0.23076923 -0.15384615  0.00000000  0.0018      36
      32 -0.15384615  0.15384615  0.00000000  0.0018      37
      33 -0.07692308  0.15384615  0.00000000  0.0018      38
      34  0.00000000  0.23076923  0.00000000  0.0018      39
      35  0.07692308  0.23076923  0.00000000  0.0018      40
      36  0.15384615  0.23076923  0.00000000  0.0018      41
      37  0.23076923  0.23076923  0.00000000  0.0018      42
      38  0.30769231  0.23076923  0.00000000  0.0018      43
      39  0.38461538  0.23076923  0.00000000  0.0018      44
      40  0.46153846  0.23076923  0.00000000  0.0018      45
      41  0.46153846 -0.23076923  0.00000000  0.0018      46
      42  0.38461538 -0.23076923  0.00000000  0.0018      47
      43  0.30769231 -0.23076923  0.00000000  0.0018      48
      44 -0.23076923  0.23076923  0.00000000  0.0018      49
      45 -0.15384615  0.23076923  0.00000000  0.0018      50
      46 -0.07692308  0.23076923  0.00000000  0.0018      51
      47  0.00000000  0.30769231  0.00000000  0.0018      52
      48  0.07692308  0.30769231  0.00000000  0.0018      53
      49  0.15384615  0.30769231  0.00000000  0.0018      54
      50  0.23076923  0.30769231  0.00000000  0.0018      55
      51  0.30769231  0.30769231  0.00000000  0.0018      56
      52  0.38461538  0.30769231  0.00000000  0.0018      57
      53  0.46153846  0.30769231  0.00000000  0.0018      58
      54  0.46153846 -0.30769231  0.00000000  0.0018      59
      55  0.38461538 -0.30769231  0.00000000  0.0018      60
      56 -0.30769231  0.30769231  0.00000000  0.0018      61
      57 -0.23076923  0.30769231  0.00000000  0.0018      62
      58 -0.15384615  0.30769231  0.00000000  0.0018      63
      59 -0.07692308  0.30769231  0.00000000  0.0018      64
      60  0.00000000  0.38461538  0.00000000  0.0018      65
      61  0.07692308  0.38461538  0.00000000  0.0018      66
      62  0.15384615  0.38461538  0.00000000  0.0018      67
      63  0.23076923  0.38461538  0.00000000  0.0018      68
      64  0.30769231  0.38461538  0.00000000  0.0018      69
      65  0.38461538  0.38461538  0.00000000  0.0018      70
      66  0.46153846  0.38461538  0.00000000  0.0018      71
      67  0.46153846 -0.38461538  0.00000000  0.0018      72
      68 -0.38461538  0.38461538  0.00000000  0.0018      73
      69 -0.30769231  0.38461538  0.00000000  0.0018      74
      70 -0.23076923  0.38461538  0.00000000  0.0018      75
      71 -0.15384615  0.38461538  0.00000000  0.0018      76
      72 -0.07692308  0.38461538  0.00000000  0.0018      77
      73  0.00000000  0.46153846  0.00000000  0.0018      78
      74  0.07692308  0.46153846  0.00000000  0.0018      79
      75  0.15384615  0.46153846  0.00000000  0.0018      80
      76  0.23076923  0.46153846  0.00000000  0.0018      81
      77  0.30769231  0.46153846  0.00000000  0.0018      82
      78  0.38461538  0.46153846  0.00000000  0.0018      83
      79  0.46153846  0.46153846  0.00000000  0.0018      84
      80 -0.46153846  0.46153846  0.00000000  0.0018      85
      81 -0.38461538  0.46153846  0.00000000  0.0018      86
      82 -0.30769231  0.46153846  0.00000000  0.0018      87
      83 -0.23076923  0.46153846  0.00000000  0.0018      88
      84 -0.15384615  0.46153846  0.00000000  0.0018      89
      85 -0.07692308  0.46153846  0.00000000  0.0018      90
      86  0.00000000  0.07692308  0.07692308  0.0009     182
      87  0.07692308  0.07692308  0.07692308  0.0009     183
      88  0.15384615  0.07692308  0.07692308  0.0009     184
      89  0.23076923  0.07692308  0.07692308  0.0009     185
      90  0.30769231  0.07692308  0.07692308  0.0009     186
      91  0.38461538  0.07692308  0.07692308  0.0009     187
      92  0.46153846  0.07692308  0.07692308  0.0009     188
      93  0.46153846 -0.07692308 -0.07692308  0.0009     189
      94  0.38461538 -0.07692308 -0.07692308  0.0009     190
      95  0.30769231 -0.07692308 -0.07692308  0.0009     191
      96  0.23076923 -0.07692308 -0.07692308  0.0009     192
      97 -0.15384615  0.07692308  0.07692308  0.0009     193
      98 -0.07692308  0.07692308  0.07692308  0.0009     194
      99  0.00000000  0.15384615  0.07692308  0.0018     195
     100  0.07692308  0.15384615  0.07692308  0.0018     196
     101  0.15384615  0.15384615  0.07692308  0.0018     197
     102  0.23076923  0.15384615  0.07692308  0.0018     198
     103  0.30769231  0.15384615  0.07692308  0.0018     199
     104  0.38461538  0.15384615  0.07692308  0.0018     200
     105  0.46153846  0.15384615  0.07692308  0.0018     201
     106  0.46153846 -0.07692308 -0.15384615  0.0018     202
     107  0.38461538 -0.07692308 -0.15384615  0.0018     203
     108  0.30769231 -0.07692308 -0.15384615  0.0018     204
     109 -0.23076923  0.15384615  0.07692308  0.0018     205
     110 -0.15384615  0.07692308  0.15384615  0.0018     206
     111 -0.07692308  0.15384615  0.07692308  0.0018     207
     112  0.00000000  0.23076923  0.07692308  0.0018     208
     113  0.07692308  0.23076923  0.07692308  0.0018     209
     114  0.15384615  0.23076923  0.07692308  0.0018     210
     115  0.23076923  0.23076923  0.07692308  0.0018     211
     116  0.30769231  0.23076923  0.07692308  0.0018     212
     117  0.38461538  0.23076923  0.07692308  0.0018     213
     118  0.46153846  0.23076923  0.07692308  0.0018     214
     119  0.46153846 -0.07692308 -0.23076923  0.0018     215
     120  0.38461538 -0.07692308 -0.23076923  0.0018     216
     121  0.30769231 -0.07692308 -0.23076923  0.0018     217
     122 -0.23076923  0.23076923  0.07692308  0.0018     218
     123 -0.15384615  0.23076923  0.07692308  0.0018     219
     124 -0.07692308  0.23076923  0.07692308  0.0018     220
     125  0.00000000  0.30769231  0.07692308  0.0018     221
     126  0.07692308  0.30769231  0.07692308  0.0018     222
     127  0.15384615  0.30769231  0.07692308  0.0018     223
     128  0.23076923  0.30769231  0.07692308  0.0018     224
     129  0.30769231  0.30769231  0.07692308  0.0018     225
     130  0.38461538  0.30769231  0.07692308  0.0018     226
     131  0.46153846  0.30769231  0.07692308  0.0018     227
     132  0.46153846 -0.30769231 -0.07692308  0.0018     228
     133  0.38461538 -0.07692308 -0.30769231  0.0018     229
     134 -0.30769231  0.30769231  0.07692308  0.0018     230
     135 -0.23076923  0.30769231  0.07692308  0.0018     231
     136 -0.15384615  0.30769231  0.07692308  0.0018     232
     137 -0.07692308  0.30769231  0.07692308  0.0018     233
     138  0.00000000  0.38461538  0.07692308  0.0018     234
     139  0.07692308  0.38461538  0.07692308  0.0018     235
     140  0.15384615  0.38461538  0.07692308  0.0018     236
     141  0.23076923  0.38461538  0.07692308  0.0018     237
     142  0.30769231  0.38461538  0.07692308  0.0018     238
     143  0.38461538  0.38461538  0.07692308  0.0018     239
     144  0.46153846  0.38461538  0.07692308  0.0018     240
     145  0.46153846 -0.38461538 -0.07692308  0.0018     241
     146 -0.38461538  0.38461538  0.07692308  0.0018     242
     147 -0.30769231  0.38461538  0.07692308  0.0018     243
     148 -0.23076923  0.38461538  0.07692308  0.0018     244
     149 -0.15384615  0.38461538  0.07692308  0.0018     245
     150 -0.07692308  0.38461538  0.07692308  0.0018     246
     151  0.00000000  0.46153846  0.07692308  0.0018     247
     152  0.07692308  0.46153846  0.07692308  0.0018     248
     153  0.15384615  0.46153846  0.07692308  0.0018     249
     154  0.23076923  0.46153846  0.07692308  0.0018     250
     155  0.30769231  0.46153846  0.07692308  0.0018     251
     156  0.38461538  0.46153846  0.07692308  0.0018     252
     157  0.46153846  0.46153846  0.07692308  0.0018     253
     158 -0.46153846  0.46153846  0.07692308  0.0018     254
     159 -0.38461538  0.46153846  0.07692308  0.0018     255
     160 -0.30769231  0.46153846  0.07692308  0.0018     256
     161 -0.23076923  0.46153846  0.07692308  0.0018     257
     162 -0.15384615  0.46153846  0.07692308  0.0018     258
     163 -0.07692308  0.46153846  0.07692308  0.0018     259
     164  0.00000000 -0.07692308  0.46153846  0.0018     260
     165 -0.07692308 -0.07692308  0.46153846  0.0018     261
     166 -0.15384615 -0.07692308  0.46153846  0.0018     262
     167 -0.23076923 -0.07692308  0.46153846  0.0018     263
     168 -0.30769231  0.46153846 -0.07692308  0.0018     264
     169 -0.38461538  0.46153846 -0.07692308  0.0018     265
     170  0.46153846 -0.46153846  0.07692308  0.0018     266
     171  0.46153846 -0.07692308  0.46153846  0.0018     267
     172  0.38461538 -0.07692308  0.46153846  0.0018     268
     173  0.30769231 -0.07692308  0.46153846  0.0018     269
     174  0.23076923 -0.07692308  0.46153846  0.0018     270
     175  0.15384615 -0.07692308  0.46153846  0.0018     271
     176  0.07692308 -0.07692308  0.46153846  0.0018     272
     177  0.00000000 -0.07692308  0.38461538  0.0018     273
     178 -0.07692308 -0.07692308  0.38461538  0.0018     274
     179 -0.15384615 -0.07692308  0.38461538  0.0018     275
     180 -0.23076923 -0.07692308  0.38461538  0.0018     276
     181 -0.30769231 -0.07692308  0.38461538  0.0018     277
     182  0.38461538 -0.38461538  0.07692308  0.0018     278
     183  0.46153846 -0.38461538  0.07692308  0.0018     279
     184  0.46153846 -0.07692308  0.38461538  0.0018     280
     185  0.38461538 -0.07692308  0.38461538  0.0018     281
     186  0.30769231 -0.07692308  0.38461538  0.0018     282
     187  0.23076923 -0.07692308  0.38461538  0.0018     283
     188  0.15384615 -0.07692308  0.38461538  0.0018     284
     189  0.07692308 -0.07692308  0.38461538  0.0018     285
     190  0.00000000 -0.07692308  0.30769231  0.0018     286
     191 -0.07692308 -0.07692308  0.30769231  0.0018     287
     192 -0.15384615 -0.07692308  0.30769231  0.0018     288
     193 -0.23076923 -0.07692308  0.30769231  0.0018     289
     194  0.30769231 -0.30769231  0.07692308  0.0018     290
     195  0.38461538 -0.30769231  0.07692308  0.0018     291
     196  0.46153846 -0.30769231  0.07692308  0.0018     292
     197  0.46153846 -0.07692308  0.30769231  0.0018     293
     198  0.38461538 -0.07692308  0.30769231  0.0018     294
     199  0.30769231 -0.07692308  0.30769231  0.0018     295
     200  0.23076923 -0.07692308  0.30769231  0.0018     296
     201  0.15384615 -0.07692308  0.30769231  0.0018     297
     202  0.07692308 -0.07692308  0.30769231  0.0018     298
     203  0.00000000 -0.07692308  0.23076923  0.0018     299
     204 -0.07692308 -0.07692308  0.23076923  0.0018     300
     205  0.15384615 -0.23076923  0.07692308  0.0018     301
     206  0.23076923 -0.23076923  0.07692308  0.0018     302
     207  0.30769231 -0.23076923  0.07692308  0.0018     303
     208  0.38461538 -0.23076923  0.07692308  0.0018     304
     209  0.46153846 -0.23076923  0.07692308  0.0018     305
     210  0.46153846 -0.07692308  0.23076923  0.0018     306
     211  0.38461538 -0.07692308  0.23076923  0.0018     307
     212  0.30769231 -0.07692308  0.23076923  0.0018     308
     213  0.23076923 -0.07692308  0.23076923  0.0018     309
     214  0.15384615 -0.07692308  0.23076923  0.0018     310
     215  0.07692308 -0.07692308  0.23076923  0.0018     311
     216  0.00000000 -0.07692308  0.15384615  0.0018     312
     217  0.07692308 -0.15384615  0.07692308  0.0018     313
     218  0.15384615  0.07692308 -0.15384615  0.0018     314
     219  0.23076923 -0.15384615  0.07692308  0.0018     315
     220  0.30769231 -0.15384615  0.07692308  0.0018     316
     221  0.38461538 -0.15384615  0.07692308  0.0018     317
     222  0.46153846 -0.15384615  0.07692308  0.0018     318
     223  0.46153846 -0.07692308  0.15384615  0.0018     319
     224  0.38461538 -0.07692308  0.15384615  0.0018     320
     225  0.30769231 -0.07692308  0.15384615  0.0018     321
     226  0.23076923 -0.07692308  0.15384615  0.0018     322
     227  0.15384615 -0.07692308  0.15384615  0.0018     323
     228  0.07692308 -0.07692308  0.15384615  0.0018     324
     229  0.00000000 -0.07692308  0.07692308  0.0009     325
     230  0.07692308 -0.07692308  0.07692308  0.0018     326
     231  0.15384615 -0.07692308  0.07692308  0.0018     327
     232  0.23076923 -0.07692308  0.07692308  0.0018     328
     233  0.30769231 -0.07692308  0.07692308  0.0018     329
     234  0.38461538 -0.07692308  0.07692308  0.0018     330
     235  0.46153846 -0.07692308  0.07692308  0.0018     331
     236  0.00000000  0.15384615  0.15384615  0.0009     364
     237  0.07692308  0.15384615  0.15384615  0.0009     365
     238  0.15384615  0.15384615  0.15384615  0.0009     366
     239  0.23076923  0.15384615  0.15384615  0.0009     367
     240  0.30769231  0.15384615  0.15384615  0.0009     368
     241  0.38461538  0.15384615  0.15384615  0.0009     369
     242  0.46153846  0.15384615  0.15384615  0.0009     370
     243  0.46153846 -0.15384615 -0.15384615  0.0009     371
     244  0.38461538 -0.15384615 -0.15384615  0.0009     372
     245  0.30769231 -0.15384615 -0.15384615  0.0009     373
     246 -0.23076923  0.15384615  0.15384615  0.0009     374
     247 -0.15384615  0.15384615  0.15384615  0.0009     375
     248 -0.07692308  0.15384615  0.15384615  0.0009     376
     249  0.00000000  0.23076923  0.15384615  0.0018     377
     250  0.07692308  0.23076923  0.15384615  0.0018     378
     251  0.15384615  0.23076923  0.15384615  0.0018     379
     252  0.23076923  0.23076923  0.15384615  0.0018     380
     253  0.30769231  0.23076923  0.15384615  0.0018     381
     254  0.38461538  0.23076923  0.15384615  0.0018     382
     255  0.46153846  0.23076923  0.15384615  0.0018     383
     256  0.46153846 -0.15384615 -0.23076923  0.0018     384
     257  0.38461538 -0.15384615 -0.23076923  0.0018     385
     258 -0.30769231  0.23076923  0.15384615  0.0018     386
     259 -0.23076923  0.23076923  0.15384615  0.0018     387
     260 -0.15384615  0.23076923  0.15384615  0.0018     388
     261 -0.07692308  0.23076923  0.15384615  0.0018     389
     262  0.00000000  0.30769231  0.15384615  0.0018     390
     263  0.07692308  0.30769231  0.15384615  0.0018     391
     264  0.15384615  0.30769231  0.15384615  0.0018     392
     265  0.23076923  0.30769231  0.15384615  0.0018     393
     266  0.30769231  0.15384615  0.30769231  0.0018     394
     267  0.38461538  0.30769231  0.15384615  0.0018     395
     268  0.46153846  0.30769231  0.15384615  0.0018     396
     269  0.46153846 -0.15384615 -0.30769231  0.0018     397
     270 -0.38461538  0.30769231  0.15384615  0.0018     398
     271 -0.30769231  0.30769231  0.15384615  0.0018     399
     272 -0.23076923  0.15384615  0.30769231  0.0018     400
     273 -0.15384615  0.30769231  0.15384615  0.0018     401
     274 -0.07692308  0.30769231  0.15384615  0.0018     402
     275  0.00000000  0.38461538  0.15384615  0.0018     403
     276  0.07692308  0.38461538  0.15384615  0.0018     404
     277  0.15384615  0.15384615  0.38461538  0.0018     405
     278  0.23076923  0.15384615  0.38461538  0.0018     406
     279  0.30769231  0.38461538  0.15384615  0.0018     407
     280  0.38461538  0.38461538  0.15384615  0.0018     408
     281  0.46153846  0.38461538  0.15384615  0.0018     409
     282 -0.46153846  0.15384615  0.38461538  0.0018     410
     283 -0.38461538  0.38461538  0.15384615  0.0018     411
     284 -0.30769231  0.38461538  0.15384615  0.0018     412
     285 -0.23076923  0.38461538  0.15384615  0.0018     413
     286 -0.15384615  0.38461538  0.15384615  0.0018     414
     287 -0.07692308  0.38461538  0.15384615  0.0018     415
     288  0.00000000  0.46153846  0.15384615  0.0018     416
     289  0.07692308  0.46153846  0.15384615  0.0018     417
     290  0.15384615  0.46153846  0.15384615  0.0018     418
     291  0.23076923  0.46153846  0.15384615  0.0018     419
     292  0.30769231  0.46153846  0.15384615  0.0018     420
     293  0.38461538  0.46153846  0.15384615  0.0018     421
     294  0.46153846  0.46153846  0.15384615  0.0018     422
     295 -0.46153846  0.15384615  0.46153846  0.0018     423
     296 -0.38461538  0.46153846  0.15384615  0.0018     424
     297 -0.30769231  0.46153846  0.15384615  0.0018     425
     298 -0.23076923  0.46153846  0.15384615  0.0018     426
     299 -0.15384615  0.46153846  0.15384615  0.0018     427
     300 -0.07692308  0.46153846  0.15384615  0.0018     428
     301  0.00000000 -0.15384615  0.46153846  0.0018     429
     302 -0.07692308 -0.15384615  0.46153846  0.0018     430
     303 -0.15384615 -0.15384615  0.46153846  0.0018     431
     304 -0.23076923 -0.15384615  0.46153846  0.0018     432
     305 -0.30769231 -0.15384615  0.46153846  0.0018     433
     306  0.38461538  0.15384615 -0.46153846  0.0018     434
     307  0.46153846  0.15384615 -0.46153846  0.0018     435
     308  0.46153846 -0.15384615  0.46153846  0.0018     436
     309  0.38461538 -0.15384615  0.46153846  0.0018     437
     310  0.30769231 -0.15384615  0.46153846  0.0018     438
     311  0.23076923 -0.15384615  0.46153846  0.0018     439
     312  0.15384615 -0.15384615  0.46153846  0.0018     440
     313  0.07692308 -0.15384615  0.46153846  0.0018     441
     314  0.00000000 -0.15384615  0.38461538  0.0018     442
     315 -0.07692308 -0.15384615  0.38461538  0.0018     443
     316 -0.15384615 -0.15384615  0.38461538  0.0018     444
     317 -0.23076923 -0.15384615  0.38461538  0.0018     445
     318  0.30769231  0.15384615 -0.38461538  0.0018     446
     319  0.38461538 -0.38461538  0.15384615  0.0018     447
     320  0.46153846 -0.38461538  0.15384615  0.0018     448
     321  0.46153846 -0.15384615  0.38461538  0.0018     449
     322  0.38461538 -0.15384615  0.38461538  0.0018     450
     323  0.30769231 -0.15384615  0.38461538  0.0018     451
     324  0.23076923 -0.15384615  0.38461538  0.0018     452
     325  0.15384615 -0.15384615  0.38461538  0.0018     453
     326  0.07692308 -0.15384615  0.38461538  0.0018     454
     327  0.00000000 -0.15384615  0.30769231  0.0018     455
     328 -0.07692308 -0.15384615  0.30769231  0.0018     456
     329 -0.15384615 -0.15384615  0.30769231  0.0018     457
     330  0.23076923 -0.30769231  0.15384615  0.0018     458
     331  0.30769231  0.15384615 -0.30769231  0.0018     459
     332  0.38461538 -0.30769231  0.15384615  0.0018     460
     333  0.46153846 -0.30769231  0.15384615  0.0018     461
     334  0.46153846 -0.15384615  0.30769231  0.0018     462
     335  0.38461538 -0.15384615  0.30769231  0.0018     463
     336  0.30769231 -0.15384615  0.30769231  0.0018     464
     337  0.23076923 -0.15384615  0.30769231  0.0018     465
     338  0.15384615  0.30769231 -0.15384615  0.0018     466
     339  0.07692308 -0.15384615  0.30769231  0.0018     467
     340  0.00000000 -0.15384615  0.23076923  0.0018     468
     341  0.07692308 -0.23076923  0.15384615  0.0018     469
     342  0.15384615 -0.23076923  0.15384615  0.0018     470
     343  0.23076923 -0.23076923  0.15384615  0.0018     471
     344  0.30769231  0.15384615 -0.23076923  0.0018     472
     345  0.38461538 -0.23076923  0.15384615  0.0018     473
     346  0.46153846 -0.23076923  0.15384615  0.0018     474
     347  0.46153846 -0.15384615  0.23076923  0.0018     475
     348  0.38461538 -0.15384615  0.23076923  0.0018     476
     349  0.30769231  0.23076923 -0.15384615  0.0018     477
     350  0.23076923 -0.15384615  0.23076923  0.0018     478
     351  0.15384615 -0.15384615  0.23076923  0.0018     479
     352  0.07692308 -0.15384615  0.23076923  0.0018     480
     353  0.00000000 -0.15384615  0.15384615  0.0009     481
     354  0.07692308 -0.15384615  0.15384615  0.0018     482
     355  0.15384615 -0.15384615  0.15384615  0.0018     483
     356  0.23076923 -0.15384615  0.15384615  0.0018     484
     357  0.30769231  0.15384615 -0.15384615  0.0018     485
     358  0.38461538 -0.15384615  0.15384615  0.0018     486
     359  0.46153846 -0.15384615  0.15384615  0.0018     487
     360  0.00000000  0.23076923  0.23076923  0.0009     546
     361  0.07692308  0.23076923  0.23076923  0.0009     547
     362  0.15384615  0.23076923  0.23076923  0.0009     548
     363  0.23076923  0.23076923  0.23076923  0.0009     549
     364  0.30769231  0.23076923  0.23076923  0.0009     550
     365  0.38461538  0.23076923  0.23076923  0.0009     551
     366  0.46153846  0.23076923  0.23076923  0.0009     552
     367  0.46153846 -0.23076923 -0.23076923  0.0009     553
     368 -0.38461538  0.23076923  0.23076923  0.0009     554
     369 -0.30769231  0.23076923  0.23076923  0.0009     555
     370 -0.23076923  0.23076923  0.23076923  0.0009     556
     371 -0.15384615  0.23076923  0.23076923  0.0009     557
     372 -0.07692308  0.23076923  0.23076923  0.0009     558
     373  0.00000000  0.30769231  0.23076923  0.0018     559
     374  0.07692308  0.30769231  0.23076923  0.0018     560
     375  0.15384615  0.30769231  0.23076923  0.0018     561
     376  0.23076923  0.30769231  0.23076923  0.0018     562
     377  0.30769231  0.23076923  0.30769231  0.0018     563
     378  0.38461538  0.30769231  0.23076923  0.0018     564
     379  0.46153846  0.30769231  0.23076923  0.0018     565
     380 -0.46153846  0.30769231  0.23076923  0.0018     566
     381 -0.38461538  0.30769231  0.23076923  0.0018     567
     382 -0.30769231  0.30769231  0.23076923  0.0018     568
     383 -0.23076923  0.23076923  0.30769231  0.0018     569
     384 -0.15384615  0.23076923  0.30769231  0.0018     570
     385 -0.07692308  0.30769231  0.23076923  0.0018     571
     386  0.00000000  0.38461538  0.23076923  0.0018     572
     387  0.07692308  0.38461538  0.23076923  0.0018     573
     388  0.15384615  0.23076923  0.38461538  0.0018     574
     389  0.23076923  0.38461538  0.23076923  0.0018     575
     390  0.30769231  0.38461538  0.23076923  0.0018     576
     391  0.38461538  0.38461538  0.23076923  0.0018     577
     392  0.46153846  0.38461538  0.23076923  0.0018     578
     393 -0.46153846  0.23076923  0.38461538  0.0018     579
     394 -0.38461538  0.38461538  0.23076923  0.0018     580
     395 -0.30769231  0.38461538  0.23076923  0.0018     581
     396 -0.23076923  0.38461538  0.23076923  0.0018     582
     397 -0.15384615  0.38461538  0.23076923  0.0018     583
     398 -0.07692308  0.38461538  0.23076923  0.0018     584
     399  0.00000000  0.46153846  0.23076923  0.0018     585
     400  0.07692308  0.46153846  0.23076923  0.0018     586
     401  0.15384615  0.46153846  0.23076923  0.0018     587
     402  0.23076923  0.46153846  0.23076923  0.0018     588
     403  0.30769231  0.46153846  0.23076923  0.0018     589
     404  0.38461538  0.46153846  0.23076923  0.0018     590
     405  0.46153846  0.46153846  0.23076923  0.0018     591
     406 -0.46153846  0.23076923  0.46153846  0.0018     592
     407 -0.38461538  0.46153846  0.23076923  0.0018     593
     408 -0.30769231  0.46153846  0.23076923  0.0018     594
     409 -0.23076923  0.46153846  0.23076923  0.0018     595
     410 -0.15384615  0.46153846  0.23076923  0.0018     596
     411 -0.07692308  0.46153846  0.23076923  0.0018     597
     412  0.00000000 -0.23076923  0.46153846  0.0018     598
     413 -0.07692308 -0.23076923  0.46153846  0.0018     599
     414 -0.15384615 -0.23076923  0.46153846  0.0018     600
     415 -0.23076923 -0.23076923  0.46153846  0.0018     601
     416  0.30769231 -0.46153846  0.23076923  0.0018     602
     417  0.38461538  0.23076923 -0.46153846  0.0018     603
     418  0.46153846  0.23076923 -0.46153846  0.0018     604
     419  0.46153846 -0.23076923  0.46153846  0.0018     605
     420  0.38461538 -0.23076923  0.46153846  0.0018     606
     421  0.30769231 -0.23076923  0.46153846  0.0018     607
     422  0.23076923 -0.23076923  0.46153846  0.0018     608
     423  0.15384615 -0.23076923  0.46153846  0.0018     609
     424  0.07692308 -0.23076923  0.46153846  0.0018     610
     425  0.00000000 -0.23076923  0.38461538  0.0018     611
     426 -0.07692308 -0.23076923  0.38461538  0.0018     612
     427 -0.15384615  0.38461538 -0.23076923  0.0018     613
     428  0.23076923 -0.38461538  0.23076923  0.0018     614
     429  0.30769231  0.23076923 -0.38461538  0.0018     615
     430  0.38461538 -0.38461538  0.23076923  0.0018     616
     431  0.46153846 -0.38461538  0.23076923  0.0018     617
     432  0.46153846 -0.23076923  0.38461538  0.0018     618
     433  0.38461538 -0.23076923  0.38461538  0.0018     619
     434  0.30769231 -0.23076923  0.38461538  0.0018     620
     435  0.23076923 -0.23076923  0.38461538  0.0018     621
     436  0.15384615 -0.23076923  0.38461538  0.0018     622
     437  0.07692308 -0.23076923  0.38461538  0.0018     623
     438  0.00000000 -0.23076923  0.30769231  0.0018     624
     439 -0.07692308 -0.23076923  0.30769231  0.0018     625
     440  0.15384615 -0.30769231  0.23076923  0.0018     626
     441  0.23076923 -0.30769231  0.23076923  0.0018     627
     442  0.30769231  0.23076923 -0.30769231  0.0018     628
     443  0.38461538 -0.30769231  0.23076923  0.0018     629
     444  0.46153846 -0.30769231  0.23076923  0.0018     630
     445  0.46153846 -0.23076923  0.30769231  0.0018     631
     446  0.38461538 -0.23076923  0.30769231  0.0018     632
     447  0.30769231 -0.23076923  0.30769231  0.0018     633
     448  0.23076923 -0.23076923  0.30769231  0.0018     634
     449  0.15384615 -0.23076923  0.30769231  0.0018     635
     450  0.07692308 -0.23076923  0.30769231  0.0018     636
     451  0.00000000 -0.23076923  0.23076923  0.0009     637
     452  0.07692308 -0.23076923  0.23076923  0.0018     638
     453  0.15384615 -0.23076923  0.23076923  0.0018     639
     454  0.23076923 -0.23076923  0.23076923  0.0018     640
     455  0.30769231  0.23076923 -0.23076923  0.0018     641
     456  0.38461538 -0.23076923  0.23076923  0.0018     642
     457  0.46153846 -0.23076923  0.23076923  0.0018     643
     458  0.00000000  0.30769231  0.30769231  0.0009     728
     459  0.07692308  0.30769231  0.30769231  0.0009     729
     460  0.15384615  0.30769231  0.30769231  0.0009     730
     461  0.23076923  0.30769231  0.30769231  0.0009     731
     462  0.30769231  0.30769231  0.30769231  0.0009     732
     463  0.38461538  0.30769231  0.30769231  0.0009     733
     464  0.46153846  0.30769231  0.30769231  0.0009     734
     465 -0.46153846  0.30769231  0.30769231  0.0009     735
     466 -0.38461538  0.30769231  0.30769231  0.0009     736
     467 -0.30769231  0.30769231  0.30769231  0.0009     737
     468 -0.23076923  0.30769231  0.30769231  0.0009     738
     469 -0.15384615  0.30769231  0.30769231  0.0009     739
     470 -0.07692308  0.30769231  0.30769231  0.0009     740
     471  0.00000000  0.38461538  0.30769231  0.0018     741
     472  0.07692308  0.38461538  0.30769231  0.0018     742
     473  0.15384615  0.38461538  0.30769231  0.0018     743
     474  0.23076923  0.38461538  0.30769231  0.0018     744
     475  0.30769231  0.38461538  0.30769231  0.0018     745
     476  0.38461538  0.38461538  0.30769231  0.0018     746
     477  0.46153846  0.38461538  0.30769231  0.0018     747
     478 -0.46153846  0.30769231  0.38461538  0.0018     748
     479 -0.38461538  0.38461538  0.30769231  0.0018     749
     480 -0.30769231  0.38461538  0.30769231  0.0018     750
     481 -0.23076923  0.38461538  0.30769231  0.0018     751
     482 -0.15384615  0.38461538  0.30769231  0.0018     752
     483 -0.07692308  0.38461538  0.30769231  0.0018     753
     484  0.00000000  0.46153846  0.30769231  0.0018     754
     485  0.07692308  0.46153846  0.30769231  0.0018     755
     486  0.15384615  0.46153846  0.30769231  0.0018     756
     487  0.23076923  0.46153846  0.30769231  0.0018     757
     488  0.30769231  0.46153846  0.30769231  0.0018     758
     489  0.38461538  0.46153846  0.30769231  0.0018     759
     490  0.46153846  0.46153846  0.30769231  0.0018     760
     491 -0.46153846  0.46153846  0.30769231  0.0018     761
     492 -0.38461538  0.46153846  0.30769231  0.0018     762
     493 -0.30769231  0.46153846  0.30769231  0.0018     763
     494 -0.23076923  0.46153846  0.30769231  0.0018     764
     495 -0.15384615  0.46153846  0.30769231  0.0018     765
     496 -0.07692308  0.46153846  0.30769231  0.0018     766
     497  0.00000000 -0.30769231  0.46153846  0.0018     767
     498 -0.07692308 -0.30769231  0.46153846  0.0018     768
     499 -0.15384615 -0.30769231  0.46153846  0.0018     769
     500  0.23076923 -0.46153846  0.30769231  0.0018     770
     501  0.30769231 -0.46153846  0.30769231  0.0018     771
     502  0.38461538  0.30769231 -0.46153846  0.0018     772
     503  0.46153846 -0.46153846  0.30769231  0.0018     773
     504  0.46153846 -0.30769231  0.46153846  0.0018     774
     505  0.38461538 -0.30769231  0.46153846  0.0018     775
     506  0.30769231  0.46153846 -0.30769231  0.0018     776
     507  0.23076923  0.46153846 -0.30769231  0.0018     777
     508  0.15384615 -0.30769231  0.46153846  0.0018     778
     509  0.07692308 -0.30769231  0.46153846  0.0018     779
     510  0.00000000 -0.30769231  0.38461538  0.0018     780
     511 -0.07692308 -0.30769231  0.38461538  0.0018     781
     512  0.15384615  0.30769231 -0.38461538  0.0018     782
     513  0.23076923  0.30769231 -0.38461538  0.0018     783
     514  0.30769231  0.30769231 -0.38461538  0.0018     784
     515  0.38461538 -0.38461538  0.30769231  0.0018     785
     516  0.46153846 -0.38461538  0.30769231  0.0018     786
     517  0.46153846 -0.30769231  0.38461538  0.0018     787
     518  0.38461538 -0.30769231  0.38461538  0.0018     788
     519  0.30769231  0.38461538 -0.30769231  0.0018     789
     520  0.23076923 -0.30769231  0.38461538  0.0018     790
     521  0.15384615 -0.30769231  0.38461538  0.0018     791
     522  0.07692308 -0.30769231  0.38461538  0.0018     792
     523  0.00000000 -0.30769231  0.30769231  0.0009     793
     524  0.07692308 -0.30769231  0.30769231  0.0018     794
     525  0.15384615  0.30769231 -0.30769231  0.0018     795
     526  0.23076923  0.30769231 -0.30769231  0.0018     796
     527  0.30769231  0.30769231 -0.30769231  0.0018     797
     528  0.38461538 -0.30769231  0.30769231  0.0018     798
     529  0.46153846 -0.30769231  0.30769231  0.0018     799
     530  0.00000000  0.38461538  0.38461538  0.0009     910
     531  0.07692308  0.38461538  0.38461538  0.0009     911
     532  0.15384615  0.38461538  0.38461538  0.0009     912
     533  0.23076923  0.38461538  0.38461538  0.0009     913
     534  0.30769231  0.38461538  0.38461538  0.0009     914
     535  0.38461538  0.38461538  0.38461538  0.0009     915
     536  0.46153846  0.38461538  0.38461538  0.0009     916
     537 -0.46153846  0.38461538  0.38461538  0.0009     917
     538 -0.38461538  0.38461538  0.38461538  0.0009     918
     539 -0.30769231  0.38461538  0.38461538  0.0009     919
     540 -0.23076923  0.38461538  0.38461538  0.0009     920
     541 -0.15384615  0.38461538  0.38461538  0.0009     921
     542 -0.07692308  0.38461538  0.38461538  0.0009     922
     543  0.00000000  0.46153846  0.38461538  0.0018     923
     544  0.07692308  0.46153846  0.38461538  0.0018     924
     545  0.15384615  0.46153846  0.38461538  0.0018     925
     546  0.23076923  0.46153846  0.38461538  0.0018     926
     547  0.30769231  0.46153846  0.38461538  0.0018     927
     548  0.38461538  0.46153846  0.38461538  0.0018     928
     549  0.46153846  0.46153846  0.38461538  0.0018     929
     550 -0.46153846  0.46153846  0.38461538  0.0018     930
     551 -0.38461538  0.46153846  0.38461538  0.0018     931
     552 -0.30769231  0.46153846  0.38461538  0.0018     932
     553 -0.23076923  0.46153846  0.38461538  0.0018     933
     554 -0.15384615  0.46153846  0.38461538  0.0018     934
     555 -0.07692308  0.46153846  0.38461538  0.0018     935
     556  0.00000000 -0.38461538  0.46153846  0.0018     936
     557  0.07692308 -0.46153846  0.38461538  0.0018     937
     558  0.15384615 -0.46153846  0.38461538  0.0018     938
     559  0.23076923 -0.46153846  0.38461538  0.0018     939
     560  0.30769231 -0.46153846  0.38461538  0.0018     940
     561  0.38461538  0.38461538 -0.46153846  0.0018     941
     562  0.46153846 -0.46153846  0.38461538  0.0018     942
     563  0.46153846 -0.38461538  0.46153846  0.0018     943
     564  0.38461538 -0.38461538  0.46153846  0.0018     944
     565  0.30769231  0.46153846 -0.38461538  0.0018     945
     566  0.23076923  0.46153846 -0.38461538  0.0018     946
     567  0.15384615 -0.38461538  0.46153846  0.0018     947
     568  0.07692308 -0.38461538  0.46153846  0.0018     948
     569  0.00000000 -0.38461538  0.38461538  0.0009     949
     570  0.07692308 -0.38461538  0.38461538  0.0018     950
     571  0.15384615 -0.38461538  0.38461538  0.0018     951
     572  0.23076923 -0.38461538  0.38461538  0.0018     952
     573  0.30769231  0.38461538 -0.38461538  0.0018     953
     574  0.38461538 -0.38461538  0.38461538  0.0018     954
     575  0.46153846 -0.38461538  0.38461538  0.0018     955
     576  0.00000000  0.46153846  0.46153846  0.0009    1092
     577  0.07692308  0.46153846  0.46153846  0.0009    1093
     578  0.15384615  0.46153846  0.46153846  0.0009    1094
     579  0.23076923  0.46153846  0.46153846  0.0009    1095
     580  0.30769231  0.46153846  0.46153846  0.0009    1096
     581  0.38461538  0.46153846  0.46153846  0.0009    1097
     582  0.46153846  0.46153846  0.46153846  0.0009    1098
     583 -0.46153846  0.46153846  0.46153846  0.0009    1099
     584 -0.38461538  0.46153846  0.46153846  0.0009    1100
     585 -0.30769231  0.46153846  0.46153846  0.0009    1101
     586 -0.23076923  0.46153846  0.46153846  0.0009    1102
     587 -0.15384615  0.46153846  0.46153846  0.0009    1103
     588 -0.07692308  0.46153846  0.46153846  0.0009    1104
     589  0.00000000 -0.46153846  0.46153846  0.0009    1105
     590  0.07692308 -0.46153846  0.46153846  0.0018    1106
     591  0.15384615 -0.46153846  0.46153846  0.0018    1107
     592  0.23076923 -0.46153846  0.46153846  0.0018    1108
     593  0.30769231 -0.46153846  0.46153846  0.0018    1109
     594  0.38461538 -0.46153846  0.46153846  0.0018    1110
     595  0.46153846  0.46153846 -0.46153846  0.0018    1111

                               nkstot now = 595
K-POINTS DIRECT COORDINATES
 KPOINTS    DIRECT_X    DIRECT_Y    DIRECT_Z  WEIGHT
       1  0.00000000  0.00000000  0.00000000  0.0005
       2  0.07692308  0.00000000  0.00000000  0.0009
       3  0.15384615  0.00000000  0.00000000  0.0009
       4  0.23076923  0.00000000  0.00000000  0.0009
       5  0.30769231  0.00000000  0.00000000  0.0009
       6  0.38461538  0.00000000  0.00000000  0.0009
       7  0.46153846  0.00000000  0.00000000  0.0009
       8  0.00000000  0.07692308  0.00000000  0.0018
       9  0.07692308  0.07692308  0.00000000  0.0018
      10  0.15384615  0.07692308  0.00000000  0.0018
      11  0.23076923  0.07692308  0.00000000  0.0018
      12  0.30769231  0.07692308  0.00000000  0.0018
      13  0.38461538  0.07692308  0.00000000  0.0018
      14  0.46153846  0.07692308  0.00000000  0.0018
      15  0.46153846 -0.07692308  0.00000000  0.0018
      16  0.38461538 -0.07692308  0.00000000  0.0018
      17  0.30769231 -0.07692308  0.00000000  0.0018
      18  0.23076923 -0.07692308  0.00000000  0.0018
      19  0.15384615 -0.07692308  0.00000000  0.0018
      20 -0.07692308  0.07692308  0.00000000  0.0018
      21  0.00000000  0.15384615  0.00000000  0.0018
      22  0.07692308  0.15384615  0.00000000  0.0018
      23  0.15384615  0.15384615  0.00000000  0.0018
      24  0.23076923  0.15384615  0.00000000  0.0018
      25  0.30769231  0.15384615  0.00000000  0.0018
      26  0.38461538  0.15384615  0.00000000  0.0018
      27  0.46153846  0.15384615  0.00000000  0.0018
      28  0.46153846 -0.15384615  0.00000000  0.0018
      29  0.38461538 -0.15384615  0.00000000  0.0018
      30  0.30769231 -0.15384615  0.00000000  0.0018
      31  0.23076923 -0.15384615  0.00000000  0.0018
      32 -0.15384615  0.15384615  0.00000000  0.0018
      33 -0.07692308  0.15384615  0.00000000  0.0018
      34  0.00000000  0.23076923  0.00000000  0.0018
      35  0.07692308  0.23076923  0.00000000  0.0018
      36  0.15384615  0.23076923  0.00000000  0.0018
      37  0.23076923  0.23076923  0.00000000  0.0018
      38  0.30769231  0.23076923  0.00000000  0.0018
      39  0.38461538  0.23076923  0.00000000  0.0018
      40  0.46153846  0.23076923  0.00000000  0.0018
      41  0.46153846 -0.23076923  0.00000000  0.0018
      42  0.38461538 -0.23076923  0.00000000  0.0018
      43  0.30769231 -0.23076923  0.00000000  0.0018
      44 -0.23076923  0.23076923  0.00000000  0.0018
      45 -0.15384615  0.23076923  0.00000000  0.0018
      46 -0.07692308  0.23076923  0.00000000  0.0018
      47  0.00000000  0.30769231  0.00000000  0.0018
      48  0.07692308  0.30769231  0.00000000  0.0018
      49  0.15384615  0.30769231  0.00000000  0.0018
      50  0.23076923  0.30769231  0.00000000  0.0018
      51  0.30769231  0.30769231  0.00000000  0.0018
      52  0.38461538  0.30769231  0.00000000  0.0018
      53  0.46153846  0.30769231  0.00000000  0.0018
      54  0.46153846 -0.30769231  0.00000000  0.0018
      55  0.38461538 -0.30769231  0.00000000  0.0018
      56 -0.30769231  0.30769231  0.00000000  0.0018
      57 -0.23076923  0.30769231  0.00000000  0.0018
      58 -0.15384615  0.30769231  0.00000000  0.0018
      59 -0.07692308  0.30769231  0.00000000  0.0018
      60  0.00000000  0.38461538  0.00000000  0.0018
      61  0.07692308  0.38461538  0.00000000  0.0018
      62  0.15384615  0.38461538  0.00000000  0.0018
      63  0.23076923  0.38461538  0.00000000  0.0018
      64  0.30769231  0.38461538  0.00000000  0.0018
      65  0.38461538  0.38461538  0.00000000  0.0018
      66  0.46153846  0.38461538  0.00000000  0.0018
      67  0.46153846 -0.38461538  0.00000000  0.0018
      68 -0.38461538  0.38461538  0.00000000  0.0018
      69 -0.30769231  0.38461538  0.00000000  0.0018
      70 -0.23076923  0.38461538  0.00000000  0.0018
      71 -0.15384615  0.38461538  0.00000000  0.0018
      72 -0.07692308  0.38461538  0.00000000  0.0018
      73  0.00000000  0.46153846  0.00000000  0.0018
      74  0.07692308  0.46153846  0.00000000  0.0018
      75  0.15384615  0.46153846  0.00000000  0.0018
      76  0.23076923  0.46153846  0.00000000  0.0018
      77  0.30769231  0.46153846  0.00000000  0.0018
      78  0.38461538  0.46153846  0.00000000  0.0018
      79  0.46153846  0.46153846  0.00000000  0.0018
      80 -0.46153846  0.46153846  0.00000000  0.0018
      81 -0.38461538  0.46153846  0.00000000  0.0018
      82 -0.30769231  0.46153846  0.00000000  0.0018
      83 -0.23076923  0.46153846  0.00000000  0.0018
      84 -0.15384615  0.46153846  0.00000000  0.0018
      85 -0.07692308  0.46153846  0.00000000  0.0018
      86  0.00000000  0.07692308  0.07692308  0.0009
      87  0.07692308  0.07692308  0.07692308  0.0009
      88  0.15384615  0.07692308  0.07692308  0.0009
      89  0.23076923  0.07692308  0.07692308  0.0009
      90  0.30769231  0.07692308  0.07692308  0.0009
      91  0.38461538  0.07692308  0.07692308  0.0009
      92  0.46153846  0.07692308  0.07692308  0.0009
      93  0.46153846 -0.07692308 -0.07692308  0.0009
      94  0.38461538 -0.07692308 -0.07692308  0.0009
      95  0.30769231 -0.07692308 -0.07692308  0.0009
      96  0.23076923 -0.07692308 -0.07692308  0.0009
      97 -0.15384615  0.07692308  0.07692308  0.0009
      98 -0.07692308  0.07692308  0.07692308  0.0009
      99  0.00000000  0.15384615  0.07692308  0.0018
     100  0.07692308  0.15384615  0.07692308  0.0018
     101  0.15384615  0.15384615  0.07692308  0.0018
     102  0.23076923  0.15384615  0.07692308  0.0018
     103  0.30769231  0.15384615  0.07692308  0.0018
     104  0.38461538  0.15384615  0.07692308  0.0018
     105  0.46153846  0.15384615  0.07692308  0.0018
     106  0.46153846 -0.07692308 -0.15384615  0.0018
     107  0.38461538 -0.07692308 -0.15384615  0.0018
     108  0.30769231 -0.07692308 -0.15384615  0.0018
     109 -0.23076923  0.15384615  0.07692308  0.0018
     110 -0.15384615  0.07692308  0.15384615  0.0018
     111 -0.07692308  0.15384615  0.07692308  0.0018
     112  0.00000000  0.23076923  0.07692308  0.0018
     113  0.07692308  0.23076923  0.07692308  0.0018
     114  0.15384615  0.23076923  0.07692308  0.0018
     115  0.23076923  0.23076923  0.07692308  0.0018
     116  0.30769231  0.23076923  0.07692308  0.0018
     117  0.38461538  0.23076923  0.07692308  0.0018
     118  0.46153846  0.23076923  0.07692308  0.0018
     119  0.46153846 -0.07692308 -0.23076923  0.0018
     120  0.38461538 -0.07692308 -0.23076923  0.0018
     121  0.30769231 -0.07692308 -0.23076923  0.0018
     122 -0.23076923  0.23076923  0.07692308  0.0018
     123 -0.15384615  0.23076923  0.07692308  0.0018
     124 -0.07692308  0.23076923  0.07692308  0.0018
     125  0.00000000  0.30769231  0.07692308  0.0018
     126  0.07692308  0.30769231  0.07692308  0.0018
     127  0.15384615  0.30769231  0.07692308  0.0018
     128  0.23076923  0.30769231  0.07692308  0.0018
     129  0.30769231  0.30769231  0.07692308  0.0018
     130  0.38461538  0.30769231  0.07692308  0.0018
     131  0.46153846  0.30769231  0.07692308  0.0018
     132  0.46153846 -0.30769231 -0.07692308  0.0018
     133  0.38461538 -0.07692308 -0.30769231  0.0018
     134 -0.30769231  0.30769231  0.07692308  0.0018
     135 -0.23076923  0.30769231  0.07692308  0.0018
     136 -0.15384615  0.30769231  0.07692308  0.0018
     137 -0.07692308  0.30769231  0.07692308  0.0018
     138  0.00000000  0.38461538  0.07692308  0.0018
     139  0.07692308  0.38461538  0.07692308  0.0018
     140  0.15384615  0.38461538  0.07692308  0.0018
     141  0.23076923  0.38461538  0.07692308  0.0018
     142  0.30769231  0.38461538  0.07692308  0.0018
     143  0.38461538  0.38461538  0.07692308  0.0018
     144  0.46153846  0.38461538  0.07692308  0.0018
     145  0.46153846 -0.38461538 -0.07692308  0.0018
     146 -0.38461538  0.38461538  0.07692308  0.0018
     147 -0.30769231  0.38461538  0.07692308  0.0018
     148 -0.23076923  0.38461538  0.07692308  0.0018
     149 -0.15384615  0.38461538  0.07692308  0.0018
     150 -0.07692308  0.38461538  0.07692308  0.0018
     151  0.00000000  0.46153846  0.07692308  0.0018
     152  0.07692308  0.46153846  0.07692308  0.0018
     153  0.15384615  0.46153846  0.07692308  0.0018
     154  0.23076923  0.46153846  0.07692308  0.0018
     155  0.30769231  0.46153846  0.07692308  0.0018
     156  0.38461538  0.46153846  0.07692308  0.0018
     157  0.46153846  0.46153846  0.07692308  0.0018
     158 -0.46153846  0.46153846  0.07692308  0.0018
     159 -0.38461538  0.46153846  0.07692308  0.0018
     160 -0.30769231  0.46153846  0.07692308  0.0018
     161 -0.23076923  0.46153846  0.07692308  0.0018
     162 -0.15384615  0.46153846  0.07692308  0.0018
     163 -0.07692308  0.46153846  0.07692308  0.0018
     164  0.00000000 -0.07692308  0.46153846  0.0018
     165 -0.07692308 -0.07692308  0.46153846  0.0018
     166 -0.15384615 -0.07692308  0.46153846  0.0018
     167 -0.23076923 -0.07692308  0.46153846  0.0018
     168 -0.30769231  0.46153846 -0.07692308  0.0018
     169 -0.38461538  0.46153846 -0.07692308  0.0018
     170  0.46153846 -0.46153846  0.07692308  0.0018
     171  0.46153846 -0.07692308  0.46153846  0.0018
     172  0.38461538 -0.07692308  0.46153846  0.0018
     173  0.30769231 -0.07692308  0.46153846  0.0018
     174  0.23076923 -0.07692308  0.46153846  0.0018
     175  0.15384615 -0.07692308  0.46153846  0.0018
     176  0.07692308 -0.07692308  0.46153846  0.0018
     177  0.00000000 -0.07692308  0.38461538  0.0018
     178 -0.07692308 -0.07692308  0.38461538  0.0018
     179 -0.15384615 -0.07692308  0.38461538  0.0018
     180 -0.23076923 -0.07692308  0.38461538  0.0018
     181 -0.30769231 -0.07692308  0.38461538  0.0018
     182  0.38461538 -0.38461538  0.07692308  0.0018
     183  0.46153846 -0.38461538  0.07692308  0.0018
     184  0.46153846 -0.07692308  0.38461538  0.0018
     185  0.38461538 -0.07692308  0.38461538  0.0018
     186  0.30769231 -0.07692308  0.38461538  0.0018
     187  0.23076923 -0.07692308  0.38461538  0.0018
     188  0.15384615 -0.07692308  0.38461538  0.0018
     189  0.07692308 -0.07692308  0.38461538  0.0018
     190  0.00000000 -0.07692308  0.30769231  0.0018
     191 -0.07692308 -0.07692308  0.30769231  0.0018
     192 -0.15384615 -0.07692308  0.30769231  0.0018
     193 -0.23076923 -0.07692308  0.30769231  0.0018
     194  0.30769231 -0.30769231  0.07692308  0.0018
     195  0.38461538 -0.30769231  0.07692308  0.0018
     196  0.46153846 -0.30769231  0.07692308  0.0018
     197  0.46153846 -0.07692308  0.30769231  0.0018
     198  0.38461538 -0.07692308  0.30769231  0.0018
     199  0.30769231 -0.07692308  0.30769231  0.0018
     200  0.23076923 -0.07692308  0.30769231  0.0018
     201  0.15384615 -0.07692308  0.30769231  0.0018
     202  0.07692308 -0.07692308  0.30769231  0.0018
     203  0.00000000 -0.07692308  0.23076923  0.0018
     204 -0.07692308 -0.07692308  0.23076923  0.0018
     205  0.15384615 -0.23076923  0.07692308  0.0018
     206  0.23076923 -0.23076923  0.07692308  0.0018
     207  0.30769231 -0.23076923  0.07692308  0.0018
     208  0.38461538 -0.23076923  0.07692308  0.0018
     209  0.46153846 -0.23076923  0.07692308  0.0018
     210  0.46153846 -0.07692308  0.23076923  0.0018
     211  0.38461538 -0.07692308  0.23076923  0.0018
     212  0.30769231 -0.07692308  0.23076923  0.0018
     213  0.23076923 -0.07692308  0.23076923  0.0018
     214  0.15384615 -0.07692308  0.23076923  0.0018
     215  0.07692308 -0.07692308  0.23076923  0.0018
     216  0.00000000 -0.07692308  0.15384615  0.0018
     217  0.07692308 -0.15384615  0.07692308  0.0018
     218  0.15384615  0.07692308 -0.15384615  0.0018
     219  0.23076923 -0.15384615  0.07692308  0.0018
     220  0.30769231 -0.15384615  0.07692308  0.0018
     221  0.38461538 -0.15384615  0.07692308  0.0018
     222  0.46153846 -0.15384615  0.07692308  0.0018
     223  0.46153846 -0.07692308  0.15384615  0.0018
     224  0.38461538 -0.07692308  0.15384615  0.0018
     225  0.30769231 -0.07692308  0.15384615  0.0018
     226  0.23076923 -0.07692308  0.15384615  0.0018
     227  0.15384615 -0.07692308  0.15384615  0.0018
     228  0.07692308 -0.07692308  0.15384615  0.0018
     229  0.00000000 -0.07692308  0.07692308  0.0009
     230  0.07692308 -0.07692308  0.07692308  0.0018
     231  0.15384615 -0.07692308  0.07692308  0.0018
     232  0.23076923 -0.07692308  0.07692308  0.0018
     233  0.30769231 -0.07692308  0.07692308  0.0018
     234  0.38461538 -0.07692308  0.07692308  0.0018
     235  0.46153846 -0.07692308  0.07692308  0.0018
     236  0.00000000  0.15384615  0.15384615  0.0009
     237  0.07692308  0.15384615  0.15384615  0.0009
     238  0.15384615  0.15384615  0.15384615  0.0009
     239  0.23076923  0.15384615  0.15384615  0.0009
     240  0.30769231  0.15384615  0.15384615  0.0009
     241  0.38461538  0.15384615  0.15384615  0.0009
     242  0.46153846  0.15384615  0.15384615  0.0009
     243  0.46153846 -0.15384615 -0.15384615  0.0009
     244  0.38461538 -0.15384615 -0.15384615  0.0009
     245  0.30769231 -0.15384615 -0.15384615  0.0009
     246 -0.23076923  0.15384615  0.15384615  0.0009
     247 -0.15384615  0.15384615  0.15384615  0.0009
     248 -0.07692308  0.15384615  0.15384615  0.0009
     249  0.00000000  0.23076923  0.15384615  0.0018
     250  0.07692308  0.23076923  0.15384615  0.0018
     251  0.15384615  0.23076923  0.15384615  0.0018
     252  0.23076923  0.23076923  0.15384615  0.0018
     253  0.30769231  0.23076923  0.15384615  0.0018
     254  0.38461538  0.23076923  0.15384615  0.0018
     255  0.46153846  0.23076923  0.15384615  0.0018
     256  0.46153846 -0.15384615 -0.23076923  0.0018
     257  0.38461538 -0.15384615 -0.23076923  0.0018
     258 -0.30769231  0.23076923  0.15384615  0.0018
     259 -0.23076923  0.23076923  0.15384615  0.0018
     260 -0.15384615  0.23076923  0.15384615  0.0018
     261 -0.07692308  0.23076923  0.15384615  0.0018
     262  0.00000000  0.30769231  0.15384615  0.0018
     263  0.07692308  0.30769231  0.15384615  0.0018
     264  0.15384615  0.30769231  0.15384615  0.0018
     265  0.23076923  0.30769231  0.15384615  0.0018
     266  0.30769231  0.15384615  0.30769231  0.0018
     267  0.38461538  0.30769231  0.15384615  0.0018
     268  0.46153846  0.30769231  0.15384615  0.0018
     269  0.46153846 -0.15384615 -0.30769231  0.0018
     270 -0.38461538  0.30769231  0.15384615  0.0018
     271 -0.30769231  0.30769231  0.15384615  0.0018
     272 -0.23076923  0.15384615  0.30769231  0.0018
     273 -0.15384615  0.30769231  0.15384615  0.0018
     274 -0.07692308  0.30769231  0.15384615  0.0018
     275  0.00000000  0.38461538  0.15384615  0.0018
     276  0.07692308  0.38461538  0.15384615  0.0018
     277  0.15384615  0.15384615  0.38461538  0.0018
     278  0.23076923  0.15384615  0.38461538  0.0018
     279  0.30769231  0.38461538  0.15384615  0.0018
     280  0.38461538  0.38461538  0.15384615  0.0018
     281  0.46153846  0.38461538  0.15384615  0.0018
     282 -0.46153846  0.15384615  0.38461538  0.0018
     283 -0.38461538  0.38461538  0.15384615  0.0018
     284 -0.30769231  0.38461538  0.15384615  0.0018
     285 -0.23076923  0.38461538  0.15384615  0.0018
     286 -0.15384615  0.38461538  0.15384615  0.0018
     287 -0.07692308  0.38461538  0.15384615  0.0018
     288  0.00000000  0.46153846  0.15384615  0.0018
     289  0.07692308  0.46153846  0.15384615  0.0018
     290  0.15384615  0.46153846  0.15384615  0.0018
     291  0.23076923  0.46153846  0.15384615  0.0018
     292  0.30769231  0.46153846  0.15384615  0.0018
     293  0.38461538  0.46153846  0.15384615  0.0018
     294  0.46153846  0.46153846  0.15384615  0.0018
     295 -0.46153846  0.15384615  0.46153846  0.0018
     296 -0.38461538  0.46153846  0.15384615  0.0018
     297 -0.30769231  0.46153846  0.15384615  0.0018
     298 -0.23076923  0.46153846  0.15384615  0.0018
     299 -0.15384615  0.46153846  0.15384615  0.0018
     300 -0.07692308  0.46153846  0.15384615  0.0018
     301  0.00000000 -0.15384615  0.46153846  0.0018
     302 -0.07692308 -0.15384615  0.46153846  0.0018
     303 -0.15384615 -0.15384615  0.46153846  0.0018
     304 -0.23076923 -0.15384615  0.46153846  0.0018
     305 -0.30769231 -0.15384615  0.46153846  0.0018
     306  0.38461538  0.15384615 -0.46153846  0.0018
     307  0.46153846  0.15384615 -0.46153846  0.0018
     308  0.46153846 -0.15384615  0.46153846  0.0018
     309  0.38461538 -0.15384615  0.46153846  0.0018
     310  0.30769231 -0.15384615  0.46153846  0.0018
     311  0.23076923 -0.15384615  0.46153846  0.0018
     312  0.15384615 -0.15384615  0.46153846  0.0018
     313  0.07692308 -0.15384615  0.46153846  0.0018
     314  0.00000000 -0.15384615  0.38461538  0.0018
     315 -0.07692308 -0.15384615  0.38461538  0.0018
     316 -0.15384615 -0.15384615  0.38461538  0.0018
     317 -0.23076923 -0.15384615  0.38461538  0.0018
     318  0.30769231  0.15384615 -0.38461538  0.0018
     319  0.38461538 -0.38461538  0.15384615  0.0018
     320  0.46153846 -0.38461538  0.15384615  0.0018
     321  0.46153846 -0.15384615  0.38461538  0.0018
     322  0.38461538 -0.15384615  0.38461538  0.0018
     323  0.30769231 -0.15384615  0.38461538  0.0018
     324  0.23076923 -0.15384615  0.38461538  0.0018
     325  0.15384615 -0.15384615  0.38461538  0.0018
     326  0.07692308 -0.15384615  0.38461538  0.0018
     327  0.00000000 -0.15384615  0.30769231  0.0018
     328 -0.07692308 -0.15384615  0.30769231  0.0018
     329 -0.15384615 -0.15384615  0.30769231  0.0018
     330  0.23076923 -0.30769231  0.15384615  0.0018
     331  0.30769231  0.15384615 -0.30769231  0.0018
     332  0.38461538 -0.30769231  0.15384615  0.0018
     333  0.46153846 -0.30769231  0.15384615  0.0018
     334  0.46153846 -0.15384615  0.30769231  0.0018
     335  0.38461538 -0.15384615  0.30769231  0.0018
     336  0.30769231 -0.15384615  0.30769231  0.0018
     337  0.23076923 -0.15384615  0.30769231  0.0018
     338  0.15384615  0.30769231 -0.15384615  0.0018
     339  0.07692308 -0.15384615  0.30769231  0.0018
     340  0.00000000 -0.15384615  0.23076923  0.0018
     341  0.07692308 -0.23076923  0.15384615  0.0018
     342  0.15384615 -0.23076923  0.15384615  0.0018
     343  0.23076923 -0.23076923  0.15384615  0.0018
     344  0.30769231  0.15384615 -0.23076923  0.0018
     345  0.38461538 -0.23076923  0.15384615  0.0018
     346  0.46153846 -0.23076923  0.15384615  0.0018
     347  0.46153846 -0.15384615  0.23076923  0.0018
     348  0.38461538 -0.15384615  0.23076923  0.0018
     349  0.30769231  0.23076923 -0.15384615  0.0018
     350  0.23076923 -0.15384615  0.23076923  0.0018
     351  0.15384615 -0.15384615  0.23076923  0.0018
     352  0.07692308 -0.15384615  0.23076923  0.0018
     353  0.00000000 -0.15384615  0.15384615  0.0009
     354  0.07692308 -0.15384615  0.15384615  0.0018
     355  0.15384615 -0.15384615  0.15384615  0.0018
     356  0.23076923 -0.15384615  0.15384615  0.0018
     357  0.30769231  0.15384615 -0.15384615  0.0018
     358  0.38461538 -0.15384615  0.15384615  0.0018
     359  0.46153846 -0.15384615  0.15384615  0.0018
     360  0.00000000  0.23076923  0.23076923  0.0009
     361  0.07692308  0.23076923  0.23076923  0.0009
     362  0.15384615  0.23076923  0.23076923  0.0009
     363  0.23076923  0.23076923  0.23076923  0.0009
     364  0.30769231  0.23076923  0.23076923  0.0009
     365  0.38461538  0.23076923  0.23076923  0.0009
     366  0.46153846  0.23076923  0.23076923  0.0009
     367  0.46153846 -0.23076923 -0.23076923  0.0009
     368 -0.38461538  0.23076923  0.23076923  0.0009
     369 -0.30769231  0.23076923  0.23076923  0.0009
     370 -0.23076923  0.23076923  0.23076923  0.0009
     371 -0.15384615  0.23076923  0.23076923  0.0009
     372 -0.07692308  0.23076923  0.23076923  0.0009
     373  0.00000000  0.30769231  0.23076923  0.0018
     374  0.07692308  0.30769231  0.23076923  0.0018
     375  0.15384615  0.30769231  0.23076923  0.0018
     376  0.23076923  0.30769231  0.23076923  0.0018
     377  0.30769231  0.23076923  0.30769231  0.0018
     378  0.38461538  0.30769231  0.23076923  0.0018
     379  0.46153846  0.30769231  0.23076923  0.0018
     380 -0.46153846  0.30769231  0.23076923  0.0018
     381 -0.38461538  0.30769231  0.23076923  0.0018
     382 -0.30769231  0.30769231  0.23076923  0.0018
     383 -0.23076923  0.23076923  0.30769231  0.0018
     384 -0.15384615  0.23076923  0.30769231  0.0018
     385 -0.07692308  0.30769231  0.23076923  0.0018
     386  0.00000000  0.38461538  0.23076923  0.0018
     387  0.07692308  0.38461538  0.23076923  0.0018
     388  0.15384615  0.23076923  0.38461538  0.0018
     389  0.23076923  0.38461538  0.23076923  0.0018
     390  0.30769231  0.38461538  0.23076923  0.0018
     391  0.38461538  0.38461538  0.23076923  0.0018
     392  0.46153846  0.38461538  0.23076923  0.0018
     393 -0.46153846  0.23076923  0.38461538  0.0018
     394 -0.38461538  0.38461538  0.23076923  0.0018
     395 -0.30769231  0.38461538  0.23076923  0.0018
     396 -0.23076923  0.38461538  0.23076923  0.0018
     397 -0.15384615  0.38461538  0.23076923  0.0018
     398 -0.07692308  0.38461538  0.23076923  0.0018
     399  0.00000000  0.46153846  0.23076923  0.0018
     400  0.07692308  0.46153846  0.23076923  0.0018
     401  0.15384615  0.46153846  0.23076923  0.0018
     402  0.23076923  0.46153846  0.23076923  0.0018
     403  0.30769231  0.46153846  0.23076923  0.0018
     404  0.38461538  0.46153846  0.23076923  0.0018
     405  0.46153846  0.46153846  0.23076923  0.0018
     406 -0.46153846  0.23076923  0.46153846  0.0018
     407 -0.38461538  0.46153846  0.23076923  0.0018
     408 -0.30769231  0.46153846  0.23076923  0.0018
     409 -0.23076923  0.46153846  0.23076923  0.0018
     410 -0.15384615  0.46153846  0.23076923  0.0018
     411 -0.07692308  0.46153846  0.23076923  0.0018
     412  0.00000000 -0.23076923  0.46153846  0.0018
     413 -0.07692308 -0.23076923  0.46153846  0.0018
     414 -0.15384615 -0.23076923  0.46153846  0.0018
     415 -0.23076923 -0.23076923  0.46153846  0.0018
     416  0.30769231 -0.46153846  0.23076923  0.0018
     417  0.38461538  0.23076923 -0.46153846  0.0018
     418  0.46153846  0.23076923 -0.46153846  0.0018
     419  0.46153846 -0.23076923  0.46153846  0.0018
     420  0.38461538 -0.23076923  0.46153846  0.0018
     421  0.30769231 -0.23076923  0.46153846  0.0018
     422  0.23076923 -0.23076923  0.46153846  0.0018
     423  0.15384615 -0.23076923  0.46153846  0.0018
     424  0.07692308 -0.23076923  0.46153846  0.0018
     425  0.00000000 -0.23076923  0.38461538  0.0018
     426 -0.07692308 -0.23076923  0.38461538  0.0018
     427 -0.15384615  0.38461538 -0.23076923  0.0018
     428  0.23076923 -0.38461538  0.23076923  0.0018
     429  0.30769231  0.23076923 -0.38461538  0.0018
     430  0.38461538 -0.38461538  0.23076923  0.0018
     431  0.46153846 -0.38461538  0.23076923  0.0018
     432  0.46153846 -0.23076923  0.38461538  0.0018
     433  0.38461538 -0.23076923  0.38461538  0.0018
     434  0.30769231 -0.23076923  0.38461538  0.0018
     435  0.23076923 -0.23076923  0.38461538  0.0018
     436  0.15384615 -0.23076923  0.38461538  0.0018
     437  0.07692308 -0.23076923  0.38461538  0.0018
     438  0.00000000 -0.23076923  0.30769231  0.0018
     439 -0.07692308 -0.23076923  0.30769231  0.0018
     440  0.15384615 -0.30769231  0.23076923  0.0018
     441  0.23076923 -0.30769231  0.23076923  0.0018
     442  0.30769231  0.23076923 -0.30769231  0.0018
     443  0.38461538 -0.30769231  0.23076923  0.0018
     444  0.46153846 -0.30769231  0.23076923  0.0018
     445  0.46153846 -0.23076923  0.30769231  0.0018
     446  0.38461538 -0.23076923  0.30769231  0.0018
     447  0.30769231 -0.23076923  0.30769231  0.0018
     448  0.23076923 -0.23076923  0.30769231  0.0018
     449  0.15384615 -0.23076923  0.30769231  0.0018
     450  0.07692308 -0.23076923  0.30769231  0.0018
     451  0.00000000 -0.23076923  0.23076923  0.0009
     452  0.07692308 -0.23076923  0.23076923  0.0018
     453  0.15384615 -0.23076923  0.23076923  0.0018
     454  0.23076923 -0.23076923  0.23076923  0.0018
     455  0.30769231  0.23076923 -0.23076923  0.0018
     456  0.38461538 -0.23076923  0.23076923  0.0018
     457  0.46153846 -0.23076923  0.23076923  0.0018
     458  0.00000000  0.30769231  0.30769231  0.0009
     459  0.07692308  0.30769231  0.30769231  0.0009
     460  0.15384615  0.30769231  0.30769231  0.0009
     461  0.23076923  0.30769231  0.30769231  0.0009
     462  0.30769231  0.30769231  0.30769231  0.0009
     463  0.38461538  0.30769231  0.30769231  0.0009
     464  0.46153846  0.30769231  0.30769231  0.0009
     465 -0.46153846  0.30769231  0.30769231  0.0009
     466 -0.38461538  0.30769231  0.30769231  0.0009
     467 -0.30769231  0.30769231  0.30769231  0.0009
     468 -0.23076923  0.30769231  0.30769231  0.0009
     469 -0.15384615  0.30769231  0.30769231  0.0009
     470 -0.07692308  0.30769231  0.30769231  0.0009
     471  0.00000000  0.38461538  0.30769231  0.0018
     472  0.07692308  0.38461538  0.30769231  0.0018
     473  0.15384615  0.38461538  0.30769231  0.0018
     474  0.23076923  0.38461538  0.30769231  0.0018
     475  0.30769231  0.38461538  0.30769231  0.0018
     476  0.38461538  0.38461538  0.30769231  0.0018
     477  0.46153846  0.38461538  0.30769231  0.0018
     478 -0.46153846  0.30769231  0.38461538  0.0018
     479 -0.38461538  0.38461538  0.30769231  0.0018
     480 -0.30769231  0.38461538  0.30769231  0.0018
     481 -0.23076923  0.38461538  0.30769231  0.0018
     482 -0.15384615  0.38461538  0.30769231  0.0018
     483 -0.07692308  0.38461538  0.30769231  0.0018
     484  0.00000000  0.46153846  0.30769231  0.0018
     485  0.07692308  0.46153846  0.30769231  0.0018
     486  0.15384615  0.46153846  0.30769231  0.0018
     487  0.23076923  0.46153846  0.30769231  0.0018
     488  0.30769231  0.46153846  0.30769231  0.0018
     489  0.38461538  0.46153846  0.30769231  0.0018
     490  0.46153846  0.46153846  0.30769231  0.0018
     491 -0.46153846  0.46153846  0.30769231  0.0018
     492 -0.38461538  0.46153846  0.30769231  0.0018
     493 -0.30769231  0.46153846  0.30769231  0.0018
     494 -0.23076923  0.46153846  0.30769231  0.0018
     495 -0.15384615  0.46153846  0.30769231  0.0018
     496 -0.07692308  0.46153846  0.30769231  0.0018
     497  0.00000000 -0.30769231  0.46153846  0.0018
     498 -0.07692308 -0.30769231  0.46153846  0.0018
     499 -0.15384615 -0.30769231  0.46153846  0.0018
     500  0.23076923 -0.46153846  0.30769231  0.0018
     501  0.30769231 -0.46153846  0.30769231  0.0018
     502  0.38461538  0.30769231 -0.46153846  0.0018
     503  0.46153846 -0.46153846  0.30769231  0.0018
     504  0.46153846 -0.30769231  0.46153846  0.0018
     505  0.38461538 -0.30769231  0.46153846  0.0018
     506  0.30769231  0.46153846 -0.30769231  0.0018
     507  0.23076923  0.46153846 -0.30769231  0.0018
     508  0.15384615 -0.30769231  0.46153846  0.0018
     509  0.07692308 -0.30769231  0.46153846  0.0018
     510  0.00000000 -0.30769231  0.38461538  0.0018
     511 -0.07692308 -0.30769231  0.38461538  0.0018
     512  0.15384615  0.30769231 -0.38461538  0.0018
     513  0.23076923  0.30769231 -0.38461538  0.0018
     514  0.30769231  0.30769231 -0.38461538  0.0018
     515  0.38461538 -0.38461538  0.30769231  0.0018
     516  0.46153846 -0.38461538  0.30769231  0.0018
     517  0.46153846 -0.30769231  0.38461538  0.0018
     518  0.38461538 -0.30769231  0.38461538  0.0018
     519  0.30769231  0.38461538 -0.30769231  0.0018
     520  0.23076923 -0.30769231  0.38461538  0.0018
     521  0.15384615 -0.30769231  0.38461538  0.0018
     522  0.07692308 -0.30769231  0.38461538  0.0018
     523  0.00000000 -0.30769231  0.30769231  0.0009
     524  0.07692308 -0.30769231  0.30769231  0.0018
     525  0.15384615  0.30769231 -0.30769231  0.0018
     526  0.23076923  0.30769231 -0.30769231  0.0018
     527  0.30769231  0.30769231 -0.30769231  0.0018
     528  0.38461538 -0.30769231  0.30769231  0.0018
     529  0.46153846 -0.30769231  0.30769231  0.0018
     530  0.00000000  0.38461538  0.38461538  0.0009
     531  0.07692308  0.38461538  0.38461538  0.0009
     532  0.15384615  0.38461538  0.38461538  0.0009
     533  0.23076923  0.38461538  0.38461538  0.0009
     534  0.30769231  0.38461538  0.38461538  0.0009
     535  0.38461538  0.38461538  0.38461538  0.0009
     536  0.46153846  0.38461538  0.38461538  0.0009
     537 -0.46153846  0.38461538  0.38461538  0.0009
     538 -0.38461538  0.38461538  0.38461538  0.0009
     539 -0.30769231  0.38461538  0.38461538  0.0009
     540 -0.23076923  0.38461538  0.38461538  0.0009
     541 -0.15384615  0.38461538  0.38461538  0.0009
     542 -0.07692308  0.38461538  0.38461538  0.0009
     543  0.00000000  0.46153846  0.38461538  0.0018
     544  0.07692308  0.46153846  0.38461538  0.0018
     545  0.15384615  0.46153846  0.38461538  0.0018
     546  0.23076923  0.46153846  0.38461538  0.0018
     547  0.30769231  0.46153846  0.38461538  0.0018
     548  0.38461538  0.46153846  0.38461538  0.0018
     549  0.46153846  0.46153846  0.38461538  0.0018
     550 -0.46153846  0.46153846  0.38461538  0.0018
     551 -0.38461538  0.46153846  0.38461538  0.0018
     552 -0.30769231  0.46153846  0.38461538  0.0018
     553 -0.23076923  0.46153846  0.38461538  0.0018
     554 -0.15384615  0.46153846  0.38461538  0.0018
     555 -0.07692308  0.46153846  0.38461538  0.0018
     556  0.00000000 -0.38461538  0.46153846  0.0018
     557  0.07692308 -0.46153846  0.38461538  0.0018
     558  0.15384615 -0.46153846  0.38461538  0.0018
     559  0.23076923 -0.46153846  0.38461538  0.0018
     560  0.30769231 -0.46153846  0.38461538  0.0018
     561  0.38461538  0.38461538 -0.46153846  0.0018
     562  0.46153846 -0.46153846  0.38461538  0.0018
     563  0.46153846 -0.38461538  0.46153846  0.0018
     564  0.38461538 -0.38461538  0.46153846  0.0018
     565  0.30769231  0.46153846 -0.38461538  0.0018
     566  0.23076923  0.46153846 -0.38461538  0.0018
     567  0.15384615 -0.38461538  0.46153846  0.0018
     568  0.07692308 -0.38461538  0.46153846  0.0018
     569  0.00000000 -0.38461538  0.38461538  0.0009
     570  0.07692308 -0.38461538  0.38461538  0.0018
     571  0.15384615 -0.38461538  0.38461538  0.0018
     572  0.23076923 -0.38461538  0.38461538  0.0018
     573  0.30769231  0.38461538 -0.38461538  0.0018
     574  0.38461538 -0.38461538  0.38461538  0.0018
     575  0.46153846 -0.38461538  0.38461538  0.0018
     576  0.00000000  0.46153846  0.46153846  0.0009
     577  0.07692308  0.46153846  0.46153846  0.0009
     578  0.15384615  0.46153846  0.46153846  0.0009
     579  0.23076923  0.46153846  0.46153846  0.0009
     580  0.30769231  0.46153846  0.46153846  0.0009
     581  0.38461538  0.46153846  0.46153846  0.0009
     582  0.46153846  0.46153846  0.46153846  0.0009
     583 -0.46153846  0.46153846  0.46153846  0.0009
     584 -0.38461538  0.46153846  0.46153846  0.0009
     585 -0.30769231  0.46153846  0.46153846  0.0009
     586 -0.23076923  0.46153846  0.46153846  0.0009
     587 -0.15384615  0.46153846  0.46153846  0.0009
     588 -0.07692308  0.46153846  0.46153846  0.0009
     589  0.00000000 -0.46153846  0.46153846  0.0009
     590  0.07692308 -0.46153846  0.46153846  0.0018
     591  0.15384615 -0.46153846  0.46153846  0.0018
     592  0.23076923 -0.46153846  0.46153846  0.0018
     593  0.30769231 -0.46153846  0.46153846  0.0018
     594  0.38461538 -0.46153846  0.46153846  0.0018
     595  0.46153846  0.46153846 -0.46153846  0.0018


           k-point number in this process = 595
       minimum distributed K point number = 595
starsize: 1
isym: 0 ks_vec: 0 0 0
starsize: 2
isym: 0 ks_vec: 0.0769231 0 0
isym: 2 ks_vec: -0.0769231 0 0
starsize: 2
isym: 0 ks_vec: 0.153846 0 0
isym: 2 ks_vec: -0.153846 0 0
starsize: 2
isym: 0 ks_vec: 0.230769 0 0
isym: 2 ks_vec: -0.230769 0 0
starsize: 2
isym: 0 ks_vec: 0.307692 0 0
isym: 2 ks_vec: -0.307692 0 0
starsize: 2
isym: 0 ks_vec: 0.384615 0 0
isym: 2 ks_vec: -0.384615 0 0
starsize: 2
isym: 0 ks_vec: 0.461538 0 0
isym: 2 ks_vec: -0.461538 0 0
starsize: 4
isym: 0 ks_vec: 0 0.0769231 0
isym: 1 ks_vec: 0 0 0.0769231
isym: 2 ks_vec: 0 -0.0769231 0
isym: 3 ks_vec: 0 0 -0.0769231
starsize: 4
isym: 0 ks_vec: 0.0769231 0.0769231 0
isym: 1 ks_vec: 0.0769231 0 0.0769231
isym: 2 ks_vec: -0.0769231 -0.0769231 0
isym: 3 ks_vec: -0.0769231 0 -0.0769231
starsize: 4
isym: 0 ks_vec: 0.153846 0.0769231 0
isym: 1 ks_vec: 0.153846 0 0.0769231
isym: 2 ks_vec: -0.153846 -0.0769231 0
isym: 3 ks_vec: -0.153846 0 -0.0769231
starsize: 4
isym: 0 ks_vec: 0.230769 0.0769231 0
isym: 1 ks_vec: 0.230769 0 0.0769231
isym: 2 ks_vec: -0.230769 -0.0769231 0
isym: 3 ks_vec: -0.230769 0 -0.0769231
starsize: 4
isym: 0 ks_vec: 0.307692 0.0769231 0
isym: 1 ks_vec: 0.307692 0 0.0769231
isym: 2 ks_vec: -0.307692 -0.0769231 0
isym: 3 ks_vec: -0.307692 0 -0.0769231
starsize: 4
isym: 0 ks_vec: 0.384615 0.0769231 0
isym: 1 ks_vec: 0.384615 0 0.0769231
isym: 2 ks_vec: -0.384615 -0.0769231 0
isym: 3 ks_vec: -0.384615 0 -0.0769231
starsize: 4
isym: 0 ks_vec: 0.461538 0.0769231 0
isym: 1 ks_vec: 0.461538 0 0.0769231
isym: 2 ks_vec: -0.461538 -0.0769231 0
isym: 3 ks_vec: -0.461538 0 -0.0769231
starsize: 4
isym: 0 ks_vec: 0.461538 -0.0769231 0
isym: 1 ks_vec: 0.461538 0 -0.0769231
isym: 2 ks_vec: -0.461538 0.0769231 0
isym: 3 ks_vec: -0.461538 0 0.0769231
starsize: 4
isym: 0 ks_vec: 0.384615 -0.0769231 0
isym: 1 ks_vec: 0.384615 0 -0.0769231
isym: 2 ks_vec: -0.384615 0.0769231 0
isym: 3 ks_vec: -0.384615 0 0.0769231
starsize: 4
isym: 0 ks_vec: 0.307692 -0.0769231 0
isym: 1 ks_vec: 0.307692 0 -0.0769231
isym: 2 ks_vec: -0.307692 0.0769231 0
isym: 3 ks_vec: -0.307692 0 0.0769231
starsize: 4
isym: 0 ks_vec: 0.230769 -0.0769231 0
isym: 1 ks_vec: 0.230769 0 -0.0769231
isym: 2 ks_vec: -0.230769 0.0769231 0
isym: 3 ks_vec: -0.230769 0 0.0769231
starsize: 4
isym: 0 ks_vec: 0.153846 -0.0769231 0
isym: 1 ks_vec: 0.153846 0 -0.0769231
isym: 2 ks_vec: -0.153846 0.0769231 0
isym: 3 ks_vec: -0.153846 0 0.0769231
starsize: 4
isym: 0 ks_vec: -0.0769231 0.0769231 0
isym: 1 ks_vec: -0.0769231 0 0.0769231
isym: 2 ks_vec: 0.0769231 -0.0769231 0
isym: 3 ks_vec: 0.0769231 0 -0.0769231
starsize: 4
isym: 0 ks_vec: 0 0.153846 0
isym: 1 ks_vec: 0 0 0.153846
isym: 2 ks_vec: 0 -0.153846 0
isym: 3 ks_vec: 0 0 -0.153846
starsize: 4
isym: 0 ks_vec: 0.0769231 0.153846 0
isym: 1 ks_vec: 0.0769231 0 0.153846
isym: 2 ks_vec: -0.0769231 -0.153846 0
isym: 3 ks_vec: -0.0769231 0 -0.153846
starsize: 4
isym: 0 ks_vec: 0.153846 0.153846 0
isym: 1 ks_vec: 0.153846 0 0.153846
isym: 2 ks_vec: -0.153846 -0.153846 0
isym: 3 ks_vec: -0.153846 0 -0.153846
starsize: 4
isym: 0 ks_vec: 0.230769 0.153846 0
isym: 1 ks_vec: 0.230769 0 0.153846
isym: 2 ks_vec: -0.230769 -0.153846 0
isym: 3 ks_vec: -0.230769 0 -0.153846
starsize: 4
isym: 0 ks_vec: 0.307692 0.153846 0
isym: 1 ks_vec: 0.307692 0 0.153846
isym: 2 ks_vec: -0.307692 -0.153846 0
isym: 3 ks_vec: -0.307692 0 -0.153846
starsize: 4
isym: 0 ks_vec: 0.384615 0.153846 0
isym: 1 ks_vec: 0.384615 0 0.153846
isym: 2 ks_vec: -0.384615 -0.153846 0
isym: 3 ks_vec: -0.384615 0 -0.153846
starsize: 4
isym: 0 ks_vec: 0.461538 0.153846 0
isym: 1 ks_vec: 0.461538 0 0.153846
isym: 2 ks_vec: -0.461538 -0.153846 0
isym: 3 ks_vec: -0.461538 0 -0.153846
starsize: 4
isym: 0 ks_vec: 0.461538 -0.153846 0
isym: 1 ks_vec: 0.461538 0 -0.153846
isym: 2 ks_vec: -0.461538 0.153846 0
isym: 3 ks_vec: -0.461538 0 0.153846
starsize: 4
isym: 0 ks_vec: 0.384615 -0.153846 0
isym: 1 ks_vec: 0.384615 0 -0.153846
isym: 2 ks_vec: -0.384615 0.153846 0
isym: 3 ks_vec: -0.384615 0 0.153846
starsize: 4
isym: 0 ks_vec: 0.307692 -0.153846 0
isym: 1 ks_vec: 0.307692 0 -0.153846
isym: 2 ks_vec: -0.307692 0.153846 0
isym: 3 ks_vec: -0.307692 0 0.153846
starsize: 4
isym: 0 ks_vec: 0.230769 -0.153846 0
isym: 1 ks_vec: 0.230769 0 -0.153846
isym: 2 ks_vec: -0.230769 0.153846 0
isym: 3 ks_vec: -0.230769 0 0.153846
starsize: 4
isym: 0 ks_vec: -0.153846 0.153846 0
isym: 1 ks_vec: -0.153846 0 0.153846
isym: 2 ks_vec: 0.153846 -0.153846 0
isym: 3 ks_vec: 0.153846 0 -0.153846
starsize: 4
isym: 0 ks_vec: -0.0769231 0.153846 0
isym: 1 ks_vec: -0.0769231 0 0.153846
isym: 2 ks_vec: 0.0769231 -0.153846 0
isym: 3 ks_vec: 0.0769231 0 -0.153846
starsize: 4
isym: 0 ks_vec: 0 0.230769 0
isym: 1 ks_vec: 0 0 0.230769
isym: 2 ks_vec: 0 -0.230769 0
isym: 3 ks_vec: 0 0 -0.230769
starsize: 4
isym: 0 ks_vec: 0.0769231 0.230769 0
isym: 1 ks_vec: 0.0769231 0 0.230769
isym: 2 ks_vec: -0.0769231 -0.230769 0
isym: 3 ks_vec: -0.0769231 0 -0.230769
starsize: 4
isym: 0 ks_vec: 0.153846 0.230769 0
isym: 1 ks_vec: 0.153846 0 0.230769
isym: 2 ks_vec: -0.153846 -0.230769 0
isym: 3 ks_vec: -0.153846 0 -0.230769
starsize: 4
isym: 0 ks_vec: 0.230769 0.230769 0
isym: 1 ks_vec: 0.230769 0 0.230769
isym: 2 ks_vec: -0.230769 -0.230769 0
isym: 3 ks_vec: -0.230769 0 -0.230769
starsize: 4
isym: 0 ks_vec: 0.307692 0.230769 0
isym: 1 ks_vec: 0.307692 0 0.230769
isym: 2 ks_vec: -0.307692 -0.230769 0
isym: 3 ks_vec: -0.307692 0 -0.230769
starsize: 4
isym: 0 ks_vec: 0.384615 0.230769 0
isym: 1 ks_vec: 0.384615 0 0.230769
isym: 2 ks_vec: -0.384615 -0.230769 0
isym: 3 ks_vec: -0.384615 0 -0.230769
starsize: 4
isym: 0 ks_vec: 0.461538 0.230769 0
isym: 1 ks_vec: 0.461538 0 0.230769
isym: 2 ks_vec: -0.461538 -0.230769 0
isym: 3 ks_vec: -0.461538 0 -0.230769
starsize: 4
isym: 0 ks_vec: 0.461538 -0.230769 0
isym: 1 ks_vec: 0.461538 0 -0.230769
isym: 2 ks_vec: -0.461538 0.230769 0
isym: 3 ks_vec: -0.461538 0 0.230769
starsize: 4
isym: 0 ks_vec: 0.384615 -0.230769 0
isym: 1 ks_vec: 0.384615 0 -0.230769
isym: 2 ks_vec: -0.384615 0.230769 0
isym: 3 ks_vec: -0.384615 0 0.230769
starsize: 4
isym: 0 ks_vec: 0.307692 -0.230769 0
isym: 1 ks_vec: 0.307692 0 -0.230769
isym: 2 ks_vec: -0.307692 0.230769 0
isym: 3 ks_vec: -0.307692 0 0.230769
starsize: 4
isym: 0 ks_vec: -0.230769 0.230769 0
isym: 1 ks_vec: -0.230769 0 0.230769
isym: 2 ks_vec: 0.230769 -0.230769 0
isym: 3 ks_vec: 0.230769 0 -0.230769
starsize: 4
isym: 0 ks_vec: -0.153846 0.230769 0
isym: 1 ks_vec: -0.153846 0 0.230769
isym: 2 ks_vec: 0.153846 -0.230769 0
isym: 3 ks_vec: 0.153846 0 -0.230769
starsize: 4
isym: 0 ks_vec: -0.0769231 0.230769 0
isym: 1 ks_vec: -0.0769231 0 0.230769
isym: 2 ks_vec: 0.0769231 -0.230769 0
isym: 3 ks_vec: 0.0769231 0 -0.230769
starsize: 4
isym: 0 ks_vec: 0 0.307692 0
isym: 1 ks_vec: 0 0 0.307692
isym: 2 ks_vec: 0 -0.307692 0
isym: 3 ks_vec: 0 0 -0.307692
starsize: 4
isym: 0 ks_vec: 0.0769231 0.307692 0
isym: 1 ks_vec: 0.0769231 0 0.307692
isym: 2 ks_vec: -0.0769231 -0.307692 0
isym: 3 ks_vec: -0.0769231 0 -0.307692
starsize: 4
isym: 0 ks_vec: 0.153846 0.307692 0
isym: 1 ks_vec: 0.153846 0 0.307692
isym: 2 ks_vec: -0.153846 -0.307692 0
isym: 3 ks_vec: -0.153846 0 -0.307692
starsize: 4
isym: 0 ks_vec: 0.230769 0.307692 0
isym: 1 ks_vec: 0.230769 0 0.307692
isym: 2 ks_vec: -0.230769 -0.307692 0
isym: 3 ks_vec: -0.230769 0 -0.307692
starsize: 4
isym: 0 ks_vec: 0.307692 0.307692 0
isym: 1 ks_vec: 0.307692 0 0.307692
isym: 2 ks_vec: -0.307692 -0.307692 0
isym: 3 ks_vec: -0.307692 0 -0.307692
starsize: 4
isym: 0 ks_vec: 0.384615 0.307692 0
isym: 1 ks_vec: 0.384615 0 0.307692
isym: 2 ks_vec: -0.384615 -0.307692 0
isym: 3 ks_vec: -0.384615 0 -0.307692
starsize: 4
isym: 0 ks_vec: 0.461538 0.307692 0
isym: 1 ks_vec: 0.461538 0 0.307692
isym: 2 ks_vec: -0.461538 -0.307692 0
isym: 3 ks_vec: -0.461538 0 -0.307692
starsize: 4
isym: 0 ks_vec: 0.461538 -0.307692 0
isym: 1 ks_vec: 0.461538 0 -0.307692
isym: 2 ks_vec: -0.461538 0.307692 0
isym: 3 ks_vec: -0.461538 0 0.307692
starsize: 4
isym: 0 ks_vec: 0.384615 -0.307692 0
isym: 1 ks_vec: 0.384615 0 -0.307692
isym: 2 ks_vec: -0.384615 0.307692 0
isym: 3 ks_vec: -0.384615 0 0.307692
starsize: 4
isym: 0 ks_vec: -0.307692 0.307692 0
isym: 1 ks_vec: -0.307692 0 0.307692
isym: 2 ks_vec: 0.307692 -0.307692 0
isym: 3 ks_vec: 0.307692 0 -0.307692
starsize: 4
isym: 0 ks_vec: -0.230769 0.307692 0
isym: 1 ks_vec: -0.230769 0 0.307692
isym: 2 ks_vec: 0.230769 -0.307692 0
isym: 3 ks_vec: 0.230769 0 -0.307692
starsize: 4
isym: 0 ks_vec: -0.153846 0.307692 0
isym: 1 ks_vec: -0.153846 0 0.307692
isym: 2 ks_vec: 0.153846 -0.307692 0
isym: 3 ks_vec: 0.153846 0 -0.307692
starsize: 4
isym: 0 ks_vec: -0.0769231 0.307692 0
isym: 1 ks_vec: -0.0769231 0 0.307692
isym: 2 ks_vec: 0.0769231 -0.307692 0
isym: 3 ks_vec: 0.0769231 0 -0.307692
starsize: 4
isym: 0 ks_vec: 0 0.384615 0
isym: 1 ks_vec: 0 0 0.384615
isym: 2 ks_vec: 0 -0.384615 0
isym: 3 ks_vec: 0 0 -0.384615
starsize: 4
isym: 0 ks_vec: 0.0769231 0.384615 0
isym: 1 ks_vec: 0.0769231 0 0.384615
isym: 2 ks_vec: -0.0769231 -0.384615 0
isym: 3 ks_vec: -0.0769231 0 -0.384615
starsize: 4
isym: 0 ks_vec: 0.153846 0.384615 0
isym: 1 ks_vec: 0.153846 0 0.384615
isym: 2 ks_vec: -0.153846 -0.384615 0
isym: 3 ks_vec: -0.153846 0 -0.384615
starsize: 4
isym: 0 ks_vec: 0.230769 0.384615 0
isym: 1 ks_vec: 0.230769 0 0.384615
isym: 2 ks_vec: -0.230769 -0.384615 0
isym: 3 ks_vec: -0.230769 0 -0.384615
starsize: 4
isym: 0 ks_vec: 0.307692 0.384615 0
isym: 1 ks_vec: 0.307692 0 0.384615
isym: 2 ks_vec: -0.307692 -0.384615 0
isym: 3 ks_vec: -0.307692 0 -0.384615
starsize: 4
isym: 0 ks_vec: 0.384615 0.384615 0
isym: 1 ks_vec: 0.384615 0 0.384615
isym: 2 ks_vec: -0.384615 -0.384615 0
isym: 3 ks_vec: -0.384615 0 -0.384615
starsize: 4
isym: 0 ks_vec: 0.461538 0.384615 0
isym: 1 ks_vec: 0.461538 0 0.384615
isym: 2 ks_vec: -0.461538 -0.384615 0
isym: 3 ks_vec: -0.461538 0 -0.384615
starsize: 4
isym: 0 ks_vec: 0.461538 -0.384615 0
isym: 1 ks_vec: 0.461538 0 -0.384615
isym: 2 ks_vec: -0.461538 0.384615 0
isym: 3 ks_vec: -0.461538 0 0.384615
starsize: 4
isym: 0 ks_vec: -0.384615 0.384615 0
isym: 1 ks_vec: -0.384615 0 0.384615
isym: 2 ks_vec: 0.384615 -0.384615 0
isym: 3 ks_vec: 0.384615 0 -0.384615
starsize: 4
isym: 0 ks_vec: -0.307692 0.384615 0
isym: 1 ks_vec: -0.307692 0 0.384615
isym: 2 ks_vec: 0.307692 -0.384615 0
isym: 3 ks_vec: 0.307692 0 -0.384615
starsize: 4
isym: 0 ks_vec: -0.230769 0.384615 0
isym: 1 ks_vec: -0.230769 0 0.384615
isym: 2 ks_vec: 0.230769 -0.384615 0
isym: 3 ks_vec: 0.230769 0 -0.384615
starsize: 4
isym: 0 ks_vec: -0.153846 0.384615 0
isym: 1 ks_vec: -0.153846 0 0.384615
isym: 2 ks_vec: 0.153846 -0.384615 0
isym: 3 ks_vec: 0.153846 0 -0.384615
starsize: 4
isym: 0 ks_vec: -0.0769231 0.384615 0
isym: 1 ks_vec: -0.0769231 0 0.384615
isym: 2 ks_vec: 0.0769231 -0.384615 0
isym: 3 ks_vec: 0.0769231 0 -0.384615
starsize: 4
isym: 0 ks_vec: 0 0.461538 0
isym: 1 ks_vec: 0 0 0.461538
isym: 2 ks_vec: 0 -0.461538 0
isym: 3 ks_vec: 0 0 -0.461538
starsize: 4
isym: 0 ks_vec: 0.0769231 0.461538 0
isym: 1 ks_vec: 0.0769231 0 0.461538
isym: 2 ks_vec: -0.0769231 -0.461538 0
isym: 3 ks_vec: -0.0769231 0 -0.461538
starsize: 4
isym: 0 ks_vec: 0.153846 0.461538 0
isym: 1 ks_vec: 0.153846 0 0.461538
isym: 2 ks_vec: -0.153846 -0.461538 0
isym: 3 ks_vec: -0.153846 0 -0.461538
starsize: 4
isym: 0 ks_vec: 0.230769 0.461538 0
isym: 1 ks_vec: 0.230769 0 0.461538
isym: 2 ks_vec: -0.230769 -0.461538 0
isym: 3 ks_vec: -0.230769 0 -0.461538
starsize: 4
isym: 0 ks_vec: 0.307692 0.461538 0
isym: 1 ks_vec: 0.307692 0 0.461538
isym: 2 ks_vec: -0.307692 -0.461538 0
isym: 3 ks_vec: -0.307692 0 -0.461538
starsize: 4
isym: 0 ks_vec: 0.384615 0.461538 0
isym: 1 ks_vec: 0.384615 0 0.461538
isym: 2 ks_vec: -0.384615 -0.461538 0
isym: 3 ks_vec: -0.384615 0 -0.461538
starsize: 4
isym: 0 ks_vec: 0.461538 0.461538 0
isym: 1 ks_vec: 0.461538 0 0.461538
isym: 2 ks_vec: -0.461538 -0.461538 0
isym: 3 ks_vec: -0.461538 0 -0.461538
starsize: 4
isym: 0 ks_vec: -0.461538 0.461538 0
isym: 1 ks_vec: -0.461538 0 0.461538
isym: 2 ks_vec: 0.461538 -0.461538 0
isym: 3 ks_vec: 0.461538 0 -0.461538
starsize: 4
isym: 0 ks_vec: -0.384615 0.461538 0
isym: 1 ks_vec: -0.384615 0 0.461538
isym: 2 ks_vec: 0.384615 -0.461538 0
isym: 3 ks_vec: 0.384615 0 -0.461538
starsize: 4
isym: 0 ks_vec: -0.307692 0.461538 0
isym: 1 ks_vec: -0.307692 0 0.461538
isym: 2 ks_vec: 0.307692 -0.461538 0
isym: 3 ks_vec: 0.307692 0 -0.461538
starsize: 4
isym: 0 ks_vec: -0.230769 0.461538 0
isym: 1 ks_vec: -0.230769 0 0.461538
isym: 2 ks_vec: 0.230769 -0.461538 0
isym: 3 ks_vec: 0.230769 0 -0.461538
starsize: 4
isym: 0 ks_vec: -0.153846 0.461538 0
isym: 1 ks_vec: -0.153846 0 0.461538
isym: 2 ks_vec: 0.153846 -0.461538 0
isym: 3 ks_vec: 0.153846 0 -0.461538
starsize: 4
isym: 0 ks_vec: -0.0769231 0.461538 0
isym: 1 ks_vec: -0.0769231 0 0.461538
isym: 2 ks_vec: 0.0769231 -0.461538 0
isym: 3 ks_vec: 0.0769231 0 -0.461538
starsize: 2
isym: 0 ks_vec: 0 0.0769231 0.0769231
isym: 2 ks_vec: 0 -0.0769231 -0.0769231
starsize: 2
isym: 0 ks_vec: 0.0769231 0.0769231 0.0769231
isym: 2 ks_vec: -0.0769231 -0.0769231 -0.0769231
starsize: 2
isym: 0 ks_vec: 0.153846 0.0769231 0.0769231
isym: 2 ks_vec: -0.153846 -0.0769231 -0.0769231
starsize: 2
isym: 0 ks_vec: 0.230769 0.0769231 0.0769231
isym: 2 ks_vec: -0.230769 -0.0769231 -0.0769231
starsize: 2
isym: 0 ks_vec: 0.307692 0.0769231 0.0769231
isym: 2 ks_vec: -0.307692 -0.0769231 -0.0769231
starsize: 2
isym: 0 ks_vec: 0.384615 0.0769231 0.0769231
isym: 2 ks_vec: -0.384615 -0.0769231 -0.0769231
starsize: 2
isym: 0 ks_vec: 0.461538 0.0769231 0.0769231
isym: 2 ks_vec: -0.461538 -0.0769231 -0.0769231
starsize: 2
isym: 0 ks_vec: 0.461538 -0.0769231 -0.0769231
isym: 2 ks_vec: -0.461538 0.0769231 0.0769231
starsize: 2
isym: 0 ks_vec: 0.384615 -0.0769231 -0.0769231
isym: 2 ks_vec: -0.384615 0.0769231 0.0769231
starsize: 2
isym: 0 ks_vec: 0.307692 -0.0769231 -0.0769231
isym: 2 ks_vec: -0.307692 0.0769231 0.0769231
starsize: 2
isym: 0 ks_vec: 0.230769 -0.0769231 -0.0769231
isym: 2 ks_vec: -0.230769 0.0769231 0.0769231
starsize: 2
isym: 0 ks_vec: -0.153846 0.0769231 0.0769231
isym: 2 ks_vec: 0.153846 -0.0769231 -0.0769231
starsize: 2
isym: 0 ks_vec: -0.0769231 0.0769231 0.0769231
isym: 2 ks_vec: 0.0769231 -0.0769231 -0.0769231
starsize: 4
isym: 0 ks_vec: 0 0.153846 0.0769231
isym: 1 ks_vec: 0 0.0769231 0.153846
isym: 2 ks_vec: 0 -0.153846 -0.0769231
isym: 3 ks_vec: 0 -0.0769231 -0.153846
starsize: 4
isym: 0 ks_vec: 0.0769231 0.153846 0.0769231
isym: 1 ks_vec: 0.0769231 0.0769231 0.153846
isym: 2 ks_vec: -0.0769231 -0.153846 -0.0769231
isym: 3 ks_vec: -0.0769231 -0.0769231 -0.153846
starsize: 4
isym: 0 ks_vec: 0.153846 0.153846 0.0769231
isym: 1 ks_vec: 0.153846 0.0769231 0.153846
isym: 2 ks_vec: -0.153846 -0.153846 -0.0769231
isym: 3 ks_vec: -0.153846 -0.0769231 -0.153846
starsize: 4
isym: 0 ks_vec: 0.230769 0.153846 0.0769231
isym: 1 ks_vec: 0.230769 0.0769231 0.153846
isym: 2 ks_vec: -0.230769 -0.153846 -0.0769231
isym: 3 ks_vec: -0.230769 -0.0769231 -0.153846
starsize: 4
isym: 0 ks_vec: 0.307692 0.153846 0.0769231
isym: 1 ks_vec: 0.307692 0.0769231 0.153846
isym: 2 ks_vec: -0.307692 -0.153846 -0.0769231
isym: 3 ks_vec: -0.307692 -0.0769231 -0.153846
starsize: 4
isym: 0 ks_vec: 0.384615 0.153846 0.0769231
isym: 1 ks_vec: 0.384615 0.0769231 0.153846
isym: 2 ks_vec: -0.384615 -0.153846 -0.0769231
isym: 3 ks_vec: -0.384615 -0.0769231 -0.153846
starsize: 4
isym: 0 ks_vec: 0.461538 0.153846 0.0769231
isym: 1 ks_vec: 0.461538 0.0769231 0.153846
isym: 2 ks_vec: -0.461538 -0.153846 -0.0769231
isym: 3 ks_vec: -0.461538 -0.0769231 -0.153846
starsize: 4
isym: 0 ks_vec: 0.461538 -0.0769231 -0.153846
isym: 1 ks_vec: 0.461538 -0.153846 -0.0769231
isym: 2 ks_vec: -0.461538 0.0769231 0.153846
isym: 3 ks_vec: -0.461538 0.153846 0.0769231
starsize: 4
isym: 0 ks_vec: 0.384615 -0.0769231 -0.153846
isym: 1 ks_vec: 0.384615 -0.153846 -0.0769231
isym: 2 ks_vec: -0.384615 0.0769231 0.153846
isym: 3 ks_vec: -0.384615 0.153846 0.0769231
starsize: 4
isym: 0 ks_vec: 0.307692 -0.0769231 -0.153846
isym: 1 ks_vec: 0.307692 -0.153846 -0.0769231
isym: 2 ks_vec: -0.307692 0.0769231 0.153846
isym: 3 ks_vec: -0.307692 0.153846 0.0769231
starsize: 4
isym: 0 ks_vec: -0.230769 0.153846 0.0769231
isym: 1 ks_vec: -0.230769 0.0769231 0.153846
isym: 2 ks_vec: 0.230769 -0.153846 -0.0769231
isym: 3 ks_vec: 0.230769 -0.0769231 -0.153846
starsize: 4
isym: 0 ks_vec: -0.153846 0.0769231 0.153846
isym: 1 ks_vec: -0.153846 0.153846 0.0769231
isym: 2 ks_vec: 0.153846 -0.0769231 -0.153846
isym: 3 ks_vec: 0.153846 -0.153846 -0.0769231
starsize: 4
isym: 0 ks_vec: -0.0769231 0.153846 0.0769231
isym: 1 ks_vec: -0.0769231 0.0769231 0.153846
isym: 2 ks_vec: 0.0769231 -0.153846 -0.0769231
isym: 3 ks_vec: 0.0769231 -0.0769231 -0.153846
starsize: 4
isym: 0 ks_vec: 0 0.230769 0.0769231
isym: 1 ks_vec: 0 0.0769231 0.230769
isym: 2 ks_vec: 0 -0.230769 -0.0769231
isym: 3 ks_vec: 0 -0.0769231 -0.230769
starsize: 4
isym: 0 ks_vec: 0.0769231 0.230769 0.0769231
isym: 1 ks_vec: 0.0769231 0.0769231 0.230769
isym: 2 ks_vec: -0.0769231 -0.230769 -0.0769231
isym: 3 ks_vec: -0.0769231 -0.0769231 -0.230769
starsize: 4
isym: 0 ks_vec: 0.153846 0.230769 0.0769231
isym: 1 ks_vec: 0.153846 0.0769231 0.230769
isym: 2 ks_vec: -0.153846 -0.230769 -0.0769231
isym: 3 ks_vec: -0.153846 -0.0769231 -0.230769
starsize: 4
isym: 0 ks_vec: 0.230769 0.230769 0.0769231
isym: 1 ks_vec: 0.230769 0.0769231 0.230769
isym: 2 ks_vec: -0.230769 -0.230769 -0.0769231
isym: 3 ks_vec: -0.230769 -0.0769231 -0.230769
starsize: 4
isym: 0 ks_vec: 0.307692 0.230769 0.0769231
isym: 1 ks_vec: 0.307692 0.0769231 0.230769
isym: 2 ks_vec: -0.307692 -0.230769 -0.0769231
isym: 3 ks_vec: -0.307692 -0.0769231 -0.230769
starsize: 4
isym: 0 ks_vec: 0.384615 0.230769 0.0769231
isym: 1 ks_vec: 0.384615 0.0769231 0.230769
isym: 2 ks_vec: -0.384615 -0.230769 -0.0769231
isym: 3 ks_vec: -0.384615 -0.0769231 -0.230769
starsize: 4
isym: 0 ks_vec: 0.461538 0.230769 0.0769231
isym: 1 ks_vec: 0.461538 0.0769231 0.230769
isym: 2 ks_vec: -0.461538 -0.230769 -0.0769231
isym: 3 ks_vec: -0.461538 -0.0769231 -0.230769
starsize: 4
isym: 0 ks_vec: 0.461538 -0.0769231 -0.230769
isym: 1 ks_vec: 0.461538 -0.230769 -0.0769231
isym: 2 ks_vec: -0.461538 0.0769231 0.230769
isym: 3 ks_vec: -0.461538 0.230769 0.0769231
starsize: 4
isym: 0 ks_vec: 0.384615 -0.0769231 -0.230769
isym: 1 ks_vec: 0.384615 -0.230769 -0.0769231
isym: 2 ks_vec: -0.384615 0.0769231 0.230769
isym: 3 ks_vec: -0.384615 0.230769 0.0769231
starsize: 4
isym: 0 ks_vec: 0.307692 -0.0769231 -0.230769
isym: 1 ks_vec: 0.307692 -0.230769 -0.0769231
isym: 2 ks_vec: -0.307692 0.0769231 0.230769
isym: 3 ks_vec: -0.307692 0.230769 0.0769231
starsize: 4
isym: 0 ks_vec: -0.230769 0.230769 0.0769231
isym: 1 ks_vec: -0.230769 0.0769231 0.230769
isym: 2 ks_vec: 0.230769 -0.230769 -0.0769231
isym: 3 ks_vec: 0.230769 -0.0769231 -0.230769
starsize: 4
isym: 0 ks_vec: -0.153846 0.230769 0.0769231
isym: 1 ks_vec: -0.153846 0.0769231 0.230769
isym: 2 ks_vec: 0.153846 -0.230769 -0.0769231
isym: 3 ks_vec: 0.153846 -0.0769231 -0.230769
starsize: 4
isym: 0 ks_vec: -0.0769231 0.230769 0.0769231
isym: 1 ks_vec: -0.0769231 0.0769231 0.230769
isym: 2 ks_vec: 0.0769231 -0.230769 -0.0769231
isym: 3 ks_vec: 0.0769231 -0.0769231 -0.230769
starsize: 4
isym: 0 ks_vec: 0 0.307692 0.0769231
isym: 1 ks_vec: 0 0.0769231 0.307692
isym: 2 ks_vec: 0 -0.307692 -0.0769231
isym: 3 ks_vec: 0 -0.0769231 -0.307692
starsize: 4
isym: 0 ks_vec: 0.0769231 0.307692 0.0769231
isym: 1 ks_vec: 0.0769231 0.0769231 0.307692
isym: 2 ks_vec: -0.0769231 -0.307692 -0.0769231
isym: 3 ks_vec: -0.0769231 -0.0769231 -0.307692
starsize: 4
isym: 0 ks_vec: 0.153846 0.307692 0.0769231
isym: 1 ks_vec: 0.153846 0.0769231 0.307692
isym: 2 ks_vec: -0.153846 -0.307692 -0.0769231
isym: 3 ks_vec: -0.153846 -0.0769231 -0.307692
starsize: 4
isym: 0 ks_vec: 0.230769 0.307692 0.0769231
isym: 1 ks_vec: 0.230769 0.0769231 0.307692
isym: 2 ks_vec: -0.230769 -0.307692 -0.0769231
isym: 3 ks_vec: -0.230769 -0.0769231 -0.307692
starsize: 4
isym: 0 ks_vec: 0.307692 0.307692 0.0769231
isym: 1 ks_vec: 0.307692 0.0769231 0.307692
isym: 2 ks_vec: -0.307692 -0.307692 -0.0769231
isym: 3 ks_vec: -0.307692 -0.0769231 -0.307692
starsize: 4
isym: 0 ks_vec: 0.384615 0.307692 0.0769231
isym: 1 ks_vec: 0.384615 0.0769231 0.307692
isym: 2 ks_vec: -0.384615 -0.307692 -0.0769231
isym: 3 ks_vec: -0.384615 -0.0769231 -0.307692
starsize: 4
isym: 0 ks_vec: 0.461538 0.307692 0.0769231
isym: 1 ks_vec: 0.461538 0.0769231 0.307692
isym: 2 ks_vec: -0.461538 -0.307692 -0.0769231
isym: 3 ks_vec: -0.461538 -0.0769231 -0.307692
starsize: 4
isym: 0 ks_vec: 0.461538 -0.307692 -0.0769231
isym: 1 ks_vec: 0.461538 -0.0769231 -0.307692
isym: 2 ks_vec: -0.461538 0.307692 0.0769231
isym: 3 ks_vec: -0.461538 0.0769231 0.307692
starsize: 4
isym: 0 ks_vec: 0.384615 -0.0769231 -0.307692
isym: 1 ks_vec: 0.384615 -0.307692 -0.0769231
isym: 2 ks_vec: -0.384615 0.0769231 0.307692
isym: 3 ks_vec: -0.384615 0.307692 0.0769231
starsize: 4
isym: 0 ks_vec: -0.307692 0.307692 0.0769231
isym: 1 ks_vec: -0.307692 0.0769231 0.307692
isym: 2 ks_vec: 0.307692 -0.307692 -0.0769231
isym: 3 ks_vec: 0.307692 -0.0769231 -0.307692
starsize: 4
isym: 0 ks_vec: -0.230769 0.307692 0.0769231
isym: 1 ks_vec: -0.230769 0.0769231 0.307692
isym: 2 ks_vec: 0.230769 -0.307692 -0.0769231
isym: 3 ks_vec: 0.230769 -0.0769231 -0.307692
starsize: 4
isym: 0 ks_vec: -0.153846 0.307692 0.0769231
isym: 1 ks_vec: -0.153846 0.0769231 0.307692
isym: 2 ks_vec: 0.153846 -0.307692 -0.0769231
isym: 3 ks_vec: 0.153846 -0.0769231 -0.307692
starsize: 4
isym: 0 ks_vec: -0.0769231 0.307692 0.0769231
isym: 1 ks_vec: -0.0769231 0.0769231 0.307692
isym: 2 ks_vec: 0.0769231 -0.307692 -0.0769231
isym: 3 ks_vec: 0.0769231 -0.0769231 -0.307692
starsize: 4
isym: 0 ks_vec: 0 0.384615 0.0769231
isym: 1 ks_vec: 0 0.0769231 0.384615
isym: 2 ks_vec: 0 -0.384615 -0.0769231
isym: 3 ks_vec: 0 -0.0769231 -0.384615
starsize: 4
isym: 0 ks_vec: 0.0769231 0.384615 0.0769231
isym: 1 ks_vec: 0.0769231 0.0769231 0.384615
isym: 2 ks_vec: -0.0769231 -0.384615 -0.0769231
isym: 3 ks_vec: -0.0769231 -0.0769231 -0.384615
starsize: 4
isym: 0 ks_vec: 0.153846 0.384615 0.0769231
isym: 1 ks_vec: 0.153846 0.0769231 0.384615
isym: 2 ks_vec: -0.153846 -0.384615 -0.0769231
isym: 3 ks_vec: -0.153846 -0.0769231 -0.384615
starsize: 4
isym: 0 ks_vec: 0.230769 0.384615 0.0769231
isym: 1 ks_vec: 0.230769 0.0769231 0.384615
isym: 2 ks_vec: -0.230769 -0.384615 -0.0769231
isym: 3 ks_vec: -0.230769 -0.0769231 -0.384615
starsize: 4
isym: 0 ks_vec: 0.307692 0.384615 0.0769231
isym: 1 ks_vec: 0.307692 0.0769231 0.384615
isym: 2 ks_vec: -0.307692 -0.384615 -0.0769231
isym: 3 ks_vec: -0.307692 -0.0769231 -0.384615
starsize: 4
isym: 0 ks_vec: 0.384615 0.384615 0.0769231
isym: 1 ks_vec: 0.384615 0.0769231 0.384615
isym: 2 ks_vec: -0.384615 -0.384615 -0.0769231
isym: 3 ks_vec: -0.384615 -0.0769231 -0.384615
starsize: 4
isym: 0 ks_vec: 0.461538 0.384615 0.0769231
isym: 1 ks_vec: 0.461538 0.0769231 0.384615
isym: 2 ks_vec: -0.461538 -0.384615 -0.0769231
isym: 3 ks_vec: -0.461538 -0.0769231 -0.384615
starsize: 4
isym: 0 ks_vec: 0.461538 -0.384615 -0.0769231
isym: 1 ks_vec: 0.461538 -0.0769231 -0.384615
isym: 2 ks_vec: -0.461538 0.384615 0.0769231
isym: 3 ks_vec: -0.461538 0.0769231 0.384615
starsize: 4
isym: 0 ks_vec: -0.384615 0.384615 0.0769231
isym: 1 ks_vec: -0.384615 0.0769231 0.384615
isym: 2 ks_vec: 0.384615 -0.384615 -0.0769231
isym: 3 ks_vec: 0.384615 -0.0769231 -0.384615
starsize: 4
isym: 0 ks_vec: -0.307692 0.384615 0.0769231
isym: 1 ks_vec: -0.307692 0.0769231 0.384615
isym: 2 ks_vec: 0.307692 -0.384615 -0.0769231
isym: 3 ks_vec: 0.307692 -0.0769231 -0.384615
starsize: 4
isym: 0 ks_vec: -0.230769 0.384615 0.0769231
isym: 1 ks_vec: -0.230769 0.0769231 0.384615
isym: 2 ks_vec: 0.230769 -0.384615 -0.0769231
isym: 3 ks_vec: 0.230769 -0.0769231 -0.384615
starsize: 4
isym: 0 ks_vec: -0.153846 0.384615 0.0769231
isym: 1 ks_vec: -0.153846 0.0769231 0.384615
isym: 2 ks_vec: 0.153846 -0.384615 -0.0769231
isym: 3 ks_vec: 0.153846 -0.0769231 -0.384615
starsize: 4
isym: 0 ks_vec: -0.0769231 0.384615 0.0769231
isym: 1 ks_vec: -0.0769231 0.0769231 0.384615
isym: 2 ks_vec: 0.0769231 -0.384615 -0.0769231
isym: 3 ks_vec: 0.0769231 -0.0769231 -0.384615
starsize: 4
isym: 0 ks_vec: 0 0.461538 0.0769231
isym: 1 ks_vec: 0 0.0769231 0.461538
isym: 2 ks_vec: 0 -0.461538 -0.0769231
isym: 3 ks_vec: 0 -0.0769231 -0.461538
starsize: 4
isym: 0 ks_vec: 0.0769231 0.461538 0.0769231
isym: 1 ks_vec: 0.0769231 0.0769231 0.461538
isym: 2 ks_vec: -0.0769231 -0.461538 -0.0769231
isym: 3 ks_vec: -0.0769231 -0.0769231 -0.461538
starsize: 4
isym: 0 ks_vec: 0.153846 0.461538 0.0769231
isym: 1 ks_vec: 0.153846 0.0769231 0.461538
isym: 2 ks_vec: -0.153846 -0.461538 -0.0769231
isym: 3 ks_vec: -0.153846 -0.0769231 -0.461538
starsize: 4
isym: 0 ks_vec: 0.230769 0.461538 0.0769231
isym: 1 ks_vec: 0.230769 0.0769231 0.461538
isym: 2 ks_vec: -0.230769 -0.461538 -0.0769231
isym: 3 ks_vec: -0.230769 -0.0769231 -0.461538
starsize: 4
isym: 0 ks_vec: 0.307692 0.461538 0.0769231
isym: 1 ks_vec: 0.307692 0.0769231 0.461538
isym: 2 ks_vec: -0.307692 -0.461538 -0.0769231
isym: 3 ks_vec: -0.307692 -0.0769231 -0.461538
starsize: 4
isym: 0 ks_vec: 0.384615 0.461538 0.0769231
isym: 1 ks_vec: 0.384615 0.0769231 0.461538
isym: 2 ks_vec: -0.384615 -0.461538 -0.0769231
isym: 3 ks_vec: -0.384615 -0.0769231 -0.461538
starsize: 4
isym: 0 ks_vec: 0.461538 0.461538 0.0769231
isym: 1 ks_vec: 0.461538 0.0769231 0.461538
isym: 2 ks_vec: -0.461538 -0.461538 -0.0769231
isym: 3 ks_vec: -0.461538 -0.0769231 -0.461538
starsize: 4
isym: 0 ks_vec: -0.461538 0.461538 0.0769231
isym: 1 ks_vec: -0.461538 0.0769231 0.461538
isym: 2 ks_vec: 0.461538 -0.461538 -0.0769231
isym: 3 ks_vec: 0.461538 -0.0769231 -0.461538
starsize: 4
isym: 0 ks_vec: -0.384615 0.461538 0.0769231
isym: 1 ks_vec: -0.384615 0.0769231 0.461538
isym: 2 ks_vec: 0.384615 -0.461538 -0.0769231
isym: 3 ks_vec: 0.384615 -0.0769231 -0.461538
starsize: 4
isym: 0 ks_vec: -0.307692 0.461538 0.0769231
isym: 1 ks_vec: -0.307692 0.0769231 0.461538
isym: 2 ks_vec: 0.307692 -0.461538 -0.0769231
isym: 3 ks_vec: 0.307692 -0.0769231 -0.461538
starsize: 4
isym: 0 ks_vec: -0.230769 0.461538 0.0769231
isym: 1 ks_vec: -0.230769 0.0769231 0.461538
isym: 2 ks_vec: 0.230769 -0.461538 -0.0769231
isym: 3 ks_vec: 0.230769 -0.0769231 -0.461538
starsize: 4
isym: 0 ks_vec: -0.153846 0.461538 0.0769231
isym: 1 ks_vec: -0.153846 0.0769231 0.461538
isym: 2 ks_vec: 0.153846 -0.461538 -0.0769231
isym: 3 ks_vec: 0.153846 -0.0769231 -0.461538
starsize: 4
isym: 0 ks_vec: -0.0769231 0.461538 0.0769231
isym: 1 ks_vec: -0.0769231 0.0769231 0.461538
isym: 2 ks_vec: 0.0769231 -0.461538 -0.0769231
isym: 3 ks_vec: 0.0769231 -0.0769231 -0.461538
starsize: 4
isym: 0 ks_vec: 0 -0.0769231 0.461538
isym: 1 ks_vec: 0 0.461538 -0.0769231
isym: 2 ks_vec: 0 0.0769231 -0.461538
isym: 3 ks_vec: 0 -0.461538 0.0769231
starsize: 4
isym: 0 ks_vec: -0.0769231 -0.0769231 0.461538
isym: 1 ks_vec: -0.0769231 0.461538 -0.0769231
isym: 2 ks_vec: 0.0769231 0.0769231 -0.461538
isym: 3 ks_vec: 0.0769231 -0.461538 0.0769231
starsize: 4
isym: 0 ks_vec: -0.153846 -0.0769231 0.461538
isym: 1 ks_vec: -0.153846 0.461538 -0.0769231
isym: 2 ks_vec: 0.153846 0.0769231 -0.461538
isym: 3 ks_vec: 0.153846 -0.461538 0.0769231
starsize: 4
isym: 0 ks_vec: -0.230769 -0.0769231 0.461538
isym: 1 ks_vec: -0.230769 0.461538 -0.0769231
isym: 2 ks_vec: 0.230769 0.0769231 -0.461538
isym: 3 ks_vec: 0.230769 -0.461538 0.0769231
starsize: 4
isym: 0 ks_vec: -0.307692 0.461538 -0.0769231
isym: 1 ks_vec: -0.307692 -0.0769231 0.461538
isym: 2 ks_vec: 0.307692 -0.461538 0.0769231
isym: 3 ks_vec: 0.307692 0.0769231 -0.461538
starsize: 4
isym: 0 ks_vec: -0.384615 0.461538 -0.0769231
isym: 1 ks_vec: -0.384615 -0.0769231 0.461538
isym: 2 ks_vec: 0.384615 -0.461538 0.0769231
isym: 3 ks_vec: 0.384615 0.0769231 -0.461538
starsize: 4
isym: 0 ks_vec: 0.461538 -0.461538 0.0769231
isym: 1 ks_vec: 0.461538 0.0769231 -0.461538
isym: 2 ks_vec: -0.461538 0.461538 -0.0769231
isym: 3 ks_vec: -0.461538 -0.0769231 0.461538
starsize: 4
isym: 0 ks_vec: 0.461538 -0.0769231 0.461538
isym: 1 ks_vec: 0.461538 0.461538 -0.0769231
isym: 2 ks_vec: -0.461538 0.0769231 -0.461538
isym: 3 ks_vec: -0.461538 -0.461538 0.0769231
starsize: 4
isym: 0 ks_vec: 0.384615 -0.0769231 0.461538
isym: 1 ks_vec: 0.384615 0.461538 -0.0769231
isym: 2 ks_vec: -0.384615 0.0769231 -0.461538
isym: 3 ks_vec: -0.384615 -0.461538 0.0769231
starsize: 4
isym: 0 ks_vec: 0.307692 -0.0769231 0.461538
isym: 1 ks_vec: 0.307692 0.461538 -0.0769231
isym: 2 ks_vec: -0.307692 0.0769231 -0.461538
isym: 3 ks_vec: -0.307692 -0.461538 0.0769231
starsize: 4
isym: 0 ks_vec: 0.230769 -0.0769231 0.461538
isym: 1 ks_vec: 0.230769 0.461538 -0.0769231
isym: 2 ks_vec: -0.230769 0.0769231 -0.461538
isym: 3 ks_vec: -0.230769 -0.461538 0.0769231
starsize: 4
isym: 0 ks_vec: 0.153846 -0.0769231 0.461538
isym: 1 ks_vec: 0.153846 0.461538 -0.0769231
isym: 2 ks_vec: -0.153846 0.0769231 -0.461538
isym: 3 ks_vec: -0.153846 -0.461538 0.0769231
starsize: 4
isym: 0 ks_vec: 0.0769231 -0.0769231 0.461538
isym: 1 ks_vec: 0.0769231 0.461538 -0.0769231
isym: 2 ks_vec: -0.0769231 0.0769231 -0.461538
isym: 3 ks_vec: -0.0769231 -0.461538 0.0769231
starsize: 4
isym: 0 ks_vec: 0 -0.0769231 0.384615
isym: 1 ks_vec: 0 0.384615 -0.0769231
isym: 2 ks_vec: 0 0.0769231 -0.384615
isym: 3 ks_vec: 0 -0.384615 0.0769231
starsize: 4
isym: 0 ks_vec: -0.0769231 -0.0769231 0.384615
isym: 1 ks_vec: -0.0769231 0.384615 -0.0769231
isym: 2 ks_vec: 0.0769231 0.0769231 -0.384615
isym: 3 ks_vec: 0.0769231 -0.384615 0.0769231
starsize: 4
isym: 0 ks_vec: -0.153846 -0.0769231 0.384615
isym: 1 ks_vec: -0.153846 0.384615 -0.0769231
isym: 2 ks_vec: 0.153846 0.0769231 -0.384615
isym: 3 ks_vec: 0.153846 -0.384615 0.0769231
starsize: 4
isym: 0 ks_vec: -0.230769 -0.0769231 0.384615
isym: 1 ks_vec: -0.230769 0.384615 -0.0769231
isym: 2 ks_vec: 0.230769 0.0769231 -0.384615
isym: 3 ks_vec: 0.230769 -0.384615 0.0769231
starsize: 4
isym: 0 ks_vec: -0.307692 -0.0769231 0.384615
isym: 1 ks_vec: -0.307692 0.384615 -0.0769231
isym: 2 ks_vec: 0.307692 0.0769231 -0.384615
isym: 3 ks_vec: 0.307692 -0.384615 0.0769231
starsize: 4
isym: 0 ks_vec: 0.384615 -0.384615 0.0769231
isym: 1 ks_vec: 0.384615 0.0769231 -0.384615
isym: 2 ks_vec: -0.384615 0.384615 -0.0769231
isym: 3 ks_vec: -0.384615 -0.0769231 0.384615
starsize: 4
isym: 0 ks_vec: 0.461538 -0.384615 0.0769231
isym: 1 ks_vec: 0.461538 0.0769231 -0.384615
isym: 2 ks_vec: -0.461538 0.384615 -0.0769231
isym: 3 ks_vec: -0.461538 -0.0769231 0.384615
starsize: 4
isym: 0 ks_vec: 0.461538 -0.0769231 0.384615
isym: 1 ks_vec: 0.461538 0.384615 -0.0769231
isym: 2 ks_vec: -0.461538 0.0769231 -0.384615
isym: 3 ks_vec: -0.461538 -0.384615 0.0769231
starsize: 4
isym: 0 ks_vec: 0.384615 -0.0769231 0.384615
isym: 1 ks_vec: 0.384615 0.384615 -0.0769231
isym: 2 ks_vec: -0.384615 0.0769231 -0.384615
isym: 3 ks_vec: -0.384615 -0.384615 0.0769231
starsize: 4
isym: 0 ks_vec: 0.307692 -0.0769231 0.384615
isym: 1 ks_vec: 0.307692 0.384615 -0.0769231
isym: 2 ks_vec: -0.307692 0.0769231 -0.384615
isym: 3 ks_vec: -0.307692 -0.384615 0.0769231
starsize: 4
isym: 0 ks_vec: 0.230769 -0.0769231 0.384615
isym: 1 ks_vec: 0.230769 0.384615 -0.0769231
isym: 2 ks_vec: -0.230769 0.0769231 -0.384615
isym: 3 ks_vec: -0.230769 -0.384615 0.0769231
starsize: 4
isym: 0 ks_vec: 0.153846 -0.0769231 0.384615
isym: 1 ks_vec: 0.153846 0.384615 -0.0769231
isym: 2 ks_vec: -0.153846 0.0769231 -0.384615
isym: 3 ks_vec: -0.153846 -0.384615 0.0769231
starsize: 4
isym: 0 ks_vec: 0.0769231 -0.0769231 0.384615
isym: 1 ks_vec: 0.0769231 0.384615 -0.0769231
isym: 2 ks_vec: -0.0769231 0.0769231 -0.384615
isym: 3 ks_vec: -0.0769231 -0.384615 0.0769231
starsize: 4
isym: 0 ks_vec: 0 -0.0769231 0.307692
isym: 1 ks_vec: 0 0.307692 -0.0769231
isym: 2 ks_vec: 0 0.0769231 -0.307692
isym: 3 ks_vec: 0 -0.307692 0.0769231
starsize: 4
isym: 0 ks_vec: -0.0769231 -0.0769231 0.307692
isym: 1 ks_vec: -0.0769231 0.307692 -0.0769231
isym: 2 ks_vec: 0.0769231 0.0769231 -0.307692
isym: 3 ks_vec: 0.0769231 -0.307692 0.0769231
starsize: 4
isym: 0 ks_vec: -0.153846 -0.0769231 0.307692
isym: 1 ks_vec: -0.153846 0.307692 -0.0769231
isym: 2 ks_vec: 0.153846 0.0769231 -0.307692
isym: 3 ks_vec: 0.153846 -0.307692 0.0769231
starsize: 4
isym: 0 ks_vec: -0.230769 -0.0769231 0.307692
isym: 1 ks_vec: -0.230769 0.307692 -0.0769231
isym: 2 ks_vec: 0.230769 0.0769231 -0.307692
isym: 3 ks_vec: 0.230769 -0.307692 0.0769231
starsize: 4
isym: 0 ks_vec: 0.307692 -0.307692 0.0769231
isym: 1 ks_vec: 0.307692 0.0769231 -0.307692
isym: 2 ks_vec: -0.307692 0.307692 -0.0769231
isym: 3 ks_vec: -0.307692 -0.0769231 0.307692
starsize: 4
isym: 0 ks_vec: 0.384615 -0.307692 0.0769231
isym: 1 ks_vec: 0.384615 0.0769231 -0.307692
isym: 2 ks_vec: -0.384615 0.307692 -0.0769231
isym: 3 ks_vec: -0.384615 -0.0769231 0.307692
starsize: 4
isym: 0 ks_vec: 0.461538 -0.307692 0.0769231
isym: 1 ks_vec: 0.461538 0.0769231 -0.307692
isym: 2 ks_vec: -0.461538 0.307692 -0.0769231
isym: 3 ks_vec: -0.461538 -0.0769231 0.307692
starsize: 4
isym: 0 ks_vec: 0.461538 -0.0769231 0.307692
isym: 1 ks_vec: 0.461538 0.307692 -0.0769231
isym: 2 ks_vec: -0.461538 0.0769231 -0.307692
isym: 3 ks_vec: -0.461538 -0.307692 0.0769231
starsize: 4
isym: 0 ks_vec: 0.384615 -0.0769231 0.307692
isym: 1 ks_vec: 0.384615 0.307692 -0.0769231
isym: 2 ks_vec: -0.384615 0.0769231 -0.307692
isym: 3 ks_vec: -0.384615 -0.307692 0.0769231
starsize: 4
isym: 0 ks_vec: 0.307692 -0.0769231 0.307692
isym: 1 ks_vec: 0.307692 0.307692 -0.0769231
isym: 2 ks_vec: -0.307692 0.0769231 -0.307692
isym: 3 ks_vec: -0.307692 -0.307692 0.0769231
starsize: 4
isym: 0 ks_vec: 0.230769 -0.0769231 0.307692
isym: 1 ks_vec: 0.230769 0.307692 -0.0769231
isym: 2 ks_vec: -0.230769 0.0769231 -0.307692
isym: 3 ks_vec: -0.230769 -0.307692 0.0769231
starsize: 4
isym: 0 ks_vec: 0.153846 -0.0769231 0.307692
isym: 1 ks_vec: 0.153846 0.307692 -0.0769231
isym: 2 ks_vec: -0.153846 0.0769231 -0.307692
isym: 3 ks_vec: -0.153846 -0.307692 0.0769231
starsize: 4
isym: 0 ks_vec: 0.0769231 -0.0769231 0.307692
isym: 1 ks_vec: 0.0769231 0.307692 -0.0769231
isym: 2 ks_vec: -0.0769231 0.0769231 -0.307692
isym: 3 ks_vec: -0.0769231 -0.307692 0.0769231
starsize: 4
isym: 0 ks_vec: 0 -0.0769231 0.230769
isym: 1 ks_vec: 0 0.230769 -0.0769231
isym: 2 ks_vec: 0 0.0769231 -0.230769
isym: 3 ks_vec: 0 -0.230769 0.0769231
starsize: 4
isym: 0 ks_vec: -0.0769231 -0.0769231 0.230769
isym: 1 ks_vec: -0.0769231 0.230769 -0.0769231
isym: 2 ks_vec: 0.0769231 0.0769231 -0.230769
isym: 3 ks_vec: 0.0769231 -0.230769 0.0769231
starsize: 4
isym: 0 ks_vec: 0.153846 -0.230769 0.0769231
isym: 1 ks_vec: 0.153846 0.0769231 -0.230769
isym: 2 ks_vec: -0.153846 0.230769 -0.0769231
isym: 3 ks_vec: -0.153846 -0.0769231 0.230769
starsize: 4
isym: 0 ks_vec: 0.230769 -0.230769 0.0769231
isym: 1 ks_vec: 0.230769 0.0769231 -0.230769
isym: 2 ks_vec: -0.230769 0.230769 -0.0769231
isym: 3 ks_vec: -0.230769 -0.0769231 0.230769
starsize: 4
isym: 0 ks_vec: 0.307692 -0.230769 0.0769231
isym: 1 ks_vec: 0.307692 0.0769231 -0.230769
isym: 2 ks_vec: -0.307692 0.230769 -0.0769231
isym: 3 ks_vec: -0.307692 -0.0769231 0.230769
starsize: 4
isym: 0 ks_vec: 0.384615 -0.230769 0.0769231
isym: 1 ks_vec: 0.384615 0.0769231 -0.230769
isym: 2 ks_vec: -0.384615 0.230769 -0.0769231
isym: 3 ks_vec: -0.384615 -0.0769231 0.230769
starsize: 4
isym: 0 ks_vec: 0.461538 -0.230769 0.0769231
isym: 1 ks_vec: 0.461538 0.0769231 -0.230769
isym: 2 ks_vec: -0.461538 0.230769 -0.0769231
isym: 3 ks_vec: -0.461538 -0.0769231 0.230769
starsize: 4
isym: 0 ks_vec: 0.461538 -0.0769231 0.230769
isym: 1 ks_vec: 0.461538 0.230769 -0.0769231
isym: 2 ks_vec: -0.461538 0.0769231 -0.230769
isym: 3 ks_vec: -0.461538 -0.230769 0.0769231
starsize: 4
isym: 0 ks_vec: 0.384615 -0.0769231 0.230769
isym: 1 ks_vec: 0.384615 0.230769 -0.0769231
isym: 2 ks_vec: -0.384615 0.0769231 -0.230769
isym: 3 ks_vec: -0.384615 -0.230769 0.0769231
starsize: 4
isym: 0 ks_vec: 0.307692 -0.0769231 0.230769
isym: 1 ks_vec: 0.307692 0.230769 -0.0769231
isym: 2 ks_vec: -0.307692 0.0769231 -0.230769
isym: 3 ks_vec: -0.307692 -0.230769 0.0769231
starsize: 4
isym: 0 ks_vec: 0.230769 -0.0769231 0.230769
isym: 1 ks_vec: 0.230769 0.230769 -0.0769231
isym: 2 ks_vec: -0.230769 0.0769231 -0.230769
isym: 3 ks_vec: -0.230769 -0.230769 0.0769231
starsize: 4
isym: 0 ks_vec: 0.153846 -0.0769231 0.230769
isym: 1 ks_vec: 0.153846 0.230769 -0.0769231
isym: 2 ks_vec: -0.153846 0.0769231 -0.230769
isym: 3 ks_vec: -0.153846 -0.230769 0.0769231
starsize: 4
isym: 0 ks_vec: 0.0769231 -0.0769231 0.230769
isym: 1 ks_vec: 0.0769231 0.230769 -0.0769231
isym: 2 ks_vec: -0.0769231 0.0769231 -0.230769
isym: 3 ks_vec: -0.0769231 -0.230769 0.0769231
starsize: 4
isym: 0 ks_vec: 0 -0.0769231 0.153846
isym: 1 ks_vec: 0 0.153846 -0.0769231
isym: 2 ks_vec: 0 0.0769231 -0.153846
isym: 3 ks_vec: 0 -0.153846 0.0769231
starsize: 4
isym: 0 ks_vec: 0.0769231 -0.153846 0.0769231
isym: 1 ks_vec: 0.0769231 0.0769231 -0.153846
isym: 2 ks_vec: -0.0769231 0.153846 -0.0769231
isym: 3 ks_vec: -0.0769231 -0.0769231 0.153846
starsize: 4
isym: 0 ks_vec: 0.153846 0.0769231 -0.153846
isym: 1 ks_vec: 0.153846 -0.153846 0.0769231
isym: 2 ks_vec: -0.153846 -0.0769231 0.153846
isym: 3 ks_vec: -0.153846 0.153846 -0.0769231
starsize: 4
isym: 0 ks_vec: 0.230769 -0.153846 0.0769231
isym: 1 ks_vec: 0.230769 0.0769231 -0.153846
isym: 2 ks_vec: -0.230769 0.153846 -0.0769231
isym: 3 ks_vec: -0.230769 -0.0769231 0.153846
starsize: 4
isym: 0 ks_vec: 0.307692 -0.153846 0.0769231
isym: 1 ks_vec: 0.307692 0.0769231 -0.153846
isym: 2 ks_vec: -0.307692 0.153846 -0.0769231
isym: 3 ks_vec: -0.307692 -0.0769231 0.153846
starsize: 4
isym: 0 ks_vec: 0.384615 -0.153846 0.0769231
isym: 1 ks_vec: 0.384615 0.0769231 -0.153846
isym: 2 ks_vec: -0.384615 0.153846 -0.0769231
isym: 3 ks_vec: -0.384615 -0.0769231 0.153846
starsize: 4
isym: 0 ks_vec: 0.461538 -0.153846 0.0769231
isym: 1 ks_vec: 0.461538 0.0769231 -0.153846
isym: 2 ks_vec: -0.461538 0.153846 -0.0769231
isym: 3 ks_vec: -0.461538 -0.0769231 0.153846
starsize: 4
isym: 0 ks_vec: 0.461538 -0.0769231 0.153846
isym: 1 ks_vec: 0.461538 0.153846 -0.0769231
isym: 2 ks_vec: -0.461538 0.0769231 -0.153846
isym: 3 ks_vec: -0.461538 -0.153846 0.0769231
starsize: 4
isym: 0 ks_vec: 0.384615 -0.0769231 0.153846
isym: 1 ks_vec: 0.384615 0.153846 -0.0769231
isym: 2 ks_vec: -0.384615 0.0769231 -0.153846
isym: 3 ks_vec: -0.384615 -0.153846 0.0769231
starsize: 4
isym: 0 ks_vec: 0.307692 -0.0769231 0.153846
isym: 1 ks_vec: 0.307692 0.153846 -0.0769231
isym: 2 ks_vec: -0.307692 0.0769231 -0.153846
isym: 3 ks_vec: -0.307692 -0.153846 0.0769231
starsize: 4
isym: 0 ks_vec: 0.230769 -0.0769231 0.153846
isym: 1 ks_vec: 0.230769 0.153846 -0.0769231
isym: 2 ks_vec: -0.230769 0.0769231 -0.153846
isym: 3 ks_vec: -0.230769 -0.153846 0.0769231
starsize: 4
isym: 0 ks_vec: 0.153846 -0.0769231 0.153846
isym: 1 ks_vec: 0.153846 0.153846 -0.0769231
isym: 2 ks_vec: -0.153846 0.0769231 -0.153846
isym: 3 ks_vec: -0.153846 -0.153846 0.0769231
starsize: 4
isym: 0 ks_vec: 0.0769231 -0.0769231 0.153846
isym: 1 ks_vec: 0.0769231 0.153846 -0.0769231
isym: 2 ks_vec: -0.0769231 0.0769231 -0.153846
isym: 3 ks_vec: -0.0769231 -0.153846 0.0769231
starsize: 2
isym: 0 ks_vec: 0 -0.0769231 0.0769231
isym: 1 ks_vec: 0 0.0769231 -0.0769231
starsize: 4
isym: 0 ks_vec: 0.0769231 -0.0769231 0.0769231
isym: 1 ks_vec: 0.0769231 0.0769231 -0.0769231
isym: 2 ks_vec: -0.0769231 0.0769231 -0.0769231
isym: 3 ks_vec: -0.0769231 -0.0769231 0.0769231
starsize: 4
isym: 0 ks_vec: 0.153846 -0.0769231 0.0769231
isym: 1 ks_vec: 0.153846 0.0769231 -0.0769231
isym: 2 ks_vec: -0.153846 0.0769231 -0.0769231
isym: 3 ks_vec: -0.153846 -0.0769231 0.0769231
starsize: 4
isym: 0 ks_vec: 0.230769 -0.0769231 0.0769231
isym: 1 ks_vec: 0.230769 0.0769231 -0.0769231
isym: 2 ks_vec: -0.230769 0.0769231 -0.0769231
isym: 3 ks_vec: -0.230769 -0.0769231 0.0769231
starsize: 4
isym: 0 ks_vec: 0.307692 -0.0769231 0.0769231
isym: 1 ks_vec: 0.307692 0.0769231 -0.0769231
isym: 2 ks_vec: -0.307692 0.0769231 -0.0769231
isym: 3 ks_vec: -0.307692 -0.0769231 0.0769231
starsize: 4
isym: 0 ks_vec: 0.384615 -0.0769231 0.0769231
isym: 1 ks_vec: 0.384615 0.0769231 -0.0769231
isym: 2 ks_vec: -0.384615 0.0769231 -0.0769231
isym: 3 ks_vec: -0.384615 -0.0769231 0.0769231
starsize: 4
isym: 0 ks_vec: 0.461538 -0.0769231 0.0769231
isym: 1 ks_vec: 0.461538 0.0769231 -0.0769231
isym: 2 ks_vec: -0.461538 0.0769231 -0.0769231
isym: 3 ks_vec: -0.461538 -0.0769231 0.0769231
starsize: 2
isym: 0 ks_vec: 0 0.153846 0.153846
isym: 2 ks_vec: 0 -0.153846 -0.153846
starsize: 2
isym: 0 ks_vec: 0.0769231 0.153846 0.153846
isym: 2 ks_vec: -0.0769231 -0.153846 -0.153846
starsize: 2
isym: 0 ks_vec: 0.153846 0.153846 0.153846
isym: 2 ks_vec: -0.153846 -0.153846 -0.153846
starsize: 2
isym: 0 ks_vec: 0.230769 0.153846 0.153846
isym: 2 ks_vec: -0.230769 -0.153846 -0.153846
starsize: 2
isym: 0 ks_vec: 0.307692 0.153846 0.153846
isym: 2 ks_vec: -0.307692 -0.153846 -0.153846
starsize: 2
isym: 0 ks_vec: 0.384615 0.153846 0.153846
isym: 2 ks_vec: -0.384615 -0.153846 -0.153846
starsize: 2
isym: 0 ks_vec: 0.461538 0.153846 0.153846
isym: 2 ks_vec: -0.461538 -0.153846 -0.153846
starsize: 2
isym: 0 ks_vec: 0.461538 -0.153846 -0.153846
isym: 2 ks_vec: -0.461538 0.153846 0.153846
starsize: 2
isym: 0 ks_vec: 0.384615 -0.153846 -0.153846
isym: 2 ks_vec: -0.384615 0.153846 0.153846
starsize: 2
isym: 0 ks_vec: 0.307692 -0.153846 -0.153846
isym: 2 ks_vec: -0.307692 0.153846 0.153846
starsize: 2
isym: 0 ks_vec: -0.230769 0.153846 0.153846
isym: 2 ks_vec: 0.230769 -0.153846 -0.153846
starsize: 2
isym: 0 ks_vec: -0.153846 0.153846 0.153846
isym: 2 ks_vec: 0.153846 -0.153846 -0.153846
starsize: 2
isym: 0 ks_vec: -0.0769231 0.153846 0.153846
isym: 2 ks_vec: 0.0769231 -0.153846 -0.153846
starsize: 4
isym: 0 ks_vec: 0 0.230769 0.153846
isym: 1 ks_vec: 0 0.153846 0.230769
isym: 2 ks_vec: 0 -0.230769 -0.153846
isym: 3 ks_vec: 0 -0.153846 -0.230769
starsize: 4
isym: 0 ks_vec: 0.0769231 0.230769 0.153846
isym: 1 ks_vec: 0.0769231 0.153846 0.230769
isym: 2 ks_vec: -0.0769231 -0.230769 -0.153846
isym: 3 ks_vec: -0.0769231 -0.153846 -0.230769
starsize: 4
isym: 0 ks_vec: 0.153846 0.230769 0.153846
isym: 1 ks_vec: 0.153846 0.153846 0.230769
isym: 2 ks_vec: -0.153846 -0.230769 -0.153846
isym: 3 ks_vec: -0.153846 -0.153846 -0.230769
starsize: 4
isym: 0 ks_vec: 0.230769 0.230769 0.153846
isym: 1 ks_vec: 0.230769 0.153846 0.230769
isym: 2 ks_vec: -0.230769 -0.230769 -0.153846
isym: 3 ks_vec: -0.230769 -0.153846 -0.230769
starsize: 4
isym: 0 ks_vec: 0.307692 0.230769 0.153846
isym: 1 ks_vec: 0.307692 0.153846 0.230769
isym: 2 ks_vec: -0.307692 -0.230769 -0.153846
isym: 3 ks_vec: -0.307692 -0.153846 -0.230769
starsize: 4
isym: 0 ks_vec: 0.384615 0.230769 0.153846
isym: 1 ks_vec: 0.384615 0.153846 0.230769
isym: 2 ks_vec: -0.384615 -0.230769 -0.153846
isym: 3 ks_vec: -0.384615 -0.153846 -0.230769
starsize: 4
isym: 0 ks_vec: 0.461538 0.230769 0.153846
isym: 1 ks_vec: 0.461538 0.153846 0.230769
isym: 2 ks_vec: -0.461538 -0.230769 -0.153846
isym: 3 ks_vec: -0.461538 -0.153846 -0.230769
starsize: 4
isym: 0 ks_vec: 0.461538 -0.153846 -0.230769
isym: 1 ks_vec: 0.461538 -0.230769 -0.153846
isym: 2 ks_vec: -0.461538 0.153846 0.230769
isym: 3 ks_vec: -0.461538 0.230769 0.153846
starsize: 4
isym: 0 ks_vec: 0.384615 -0.153846 -0.230769
isym: 1 ks_vec: 0.384615 -0.230769 -0.153846
isym: 2 ks_vec: -0.384615 0.153846 0.230769
isym: 3 ks_vec: -0.384615 0.230769 0.153846
starsize: 4
isym: 0 ks_vec: -0.307692 0.230769 0.153846
isym: 1 ks_vec: -0.307692 0.153846 0.230769
isym: 2 ks_vec: 0.307692 -0.230769 -0.153846
isym: 3 ks_vec: 0.307692 -0.153846 -0.230769
starsize: 4
isym: 0 ks_vec: -0.230769 0.230769 0.153846
isym: 1 ks_vec: -0.230769 0.153846 0.230769
isym: 2 ks_vec: 0.230769 -0.230769 -0.153846
isym: 3 ks_vec: 0.230769 -0.153846 -0.230769
starsize: 4
isym: 0 ks_vec: -0.153846 0.230769 0.153846
isym: 1 ks_vec: -0.153846 0.153846 0.230769
isym: 2 ks_vec: 0.153846 -0.230769 -0.153846
isym: 3 ks_vec: 0.153846 -0.153846 -0.230769
starsize: 4
isym: 0 ks_vec: -0.0769231 0.230769 0.153846
isym: 1 ks_vec: -0.0769231 0.153846 0.230769
isym: 2 ks_vec: 0.0769231 -0.230769 -0.153846
isym: 3 ks_vec: 0.0769231 -0.153846 -0.230769
starsize: 4
isym: 0 ks_vec: 0 0.307692 0.153846
isym: 1 ks_vec: 0 0.153846 0.307692
isym: 2 ks_vec: 0 -0.307692 -0.153846
isym: 3 ks_vec: 0 -0.153846 -0.307692
starsize: 4
isym: 0 ks_vec: 0.0769231 0.307692 0.153846
isym: 1 ks_vec: 0.0769231 0.153846 0.307692
isym: 2 ks_vec: -0.0769231 -0.307692 -0.153846
isym: 3 ks_vec: -0.0769231 -0.153846 -0.307692
starsize: 4
isym: 0 ks_vec: 0.153846 0.307692 0.153846
isym: 1 ks_vec: 0.153846 0.153846 0.307692
isym: 2 ks_vec: -0.153846 -0.307692 -0.153846
isym: 3 ks_vec: -0.153846 -0.153846 -0.307692
starsize: 4
isym: 0 ks_vec: 0.230769 0.307692 0.153846
isym: 1 ks_vec: 0.230769 0.153846 0.307692
isym: 2 ks_vec: -0.230769 -0.307692 -0.153846
isym: 3 ks_vec: -0.230769 -0.153846 -0.307692
starsize: 4
isym: 0 ks_vec: 0.307692 0.153846 0.307692
isym: 1 ks_vec: 0.307692 0.307692 0.153846
isym: 2 ks_vec: -0.307692 -0.153846 -0.307692
isym: 3 ks_vec: -0.307692 -0.307692 -0.153846
starsize: 4
isym: 0 ks_vec: 0.384615 0.307692 0.153846
isym: 1 ks_vec: 0.384615 0.153846 0.307692
isym: 2 ks_vec: -0.384615 -0.307692 -0.153846
isym: 3 ks_vec: -0.384615 -0.153846 -0.307692
starsize: 4
isym: 0 ks_vec: 0.461538 0.307692 0.153846
isym: 1 ks_vec: 0.461538 0.153846 0.307692
isym: 2 ks_vec: -0.461538 -0.307692 -0.153846
isym: 3 ks_vec: -0.461538 -0.153846 -0.307692
starsize: 4
isym: 0 ks_vec: 0.461538 -0.153846 -0.307692
isym: 1 ks_vec: 0.461538 -0.307692 -0.153846
isym: 2 ks_vec: -0.461538 0.153846 0.307692
isym: 3 ks_vec: -0.461538 0.307692 0.153846
starsize: 4
isym: 0 ks_vec: -0.384615 0.307692 0.153846
isym: 1 ks_vec: -0.384615 0.153846 0.307692
isym: 2 ks_vec: 0.384615 -0.307692 -0.153846
isym: 3 ks_vec: 0.384615 -0.153846 -0.307692
starsize: 4
isym: 0 ks_vec: -0.307692 0.307692 0.153846
isym: 1 ks_vec: -0.307692 0.153846 0.307692
isym: 2 ks_vec: 0.307692 -0.307692 -0.153846
isym: 3 ks_vec: 0.307692 -0.153846 -0.307692
starsize: 4
isym: 0 ks_vec: -0.230769 0.153846 0.307692
isym: 1 ks_vec: -0.230769 0.307692 0.153846
isym: 2 ks_vec: 0.230769 -0.153846 -0.307692
isym: 3 ks_vec: 0.230769 -0.307692 -0.153846
starsize: 4
isym: 0 ks_vec: -0.153846 0.307692 0.153846
isym: 1 ks_vec: -0.153846 0.153846 0.307692
isym: 2 ks_vec: 0.153846 -0.307692 -0.153846
isym: 3 ks_vec: 0.153846 -0.153846 -0.307692
starsize: 4
isym: 0 ks_vec: -0.0769231 0.307692 0.153846
isym: 1 ks_vec: -0.0769231 0.153846 0.307692
isym: 2 ks_vec: 0.0769231 -0.307692 -0.153846
isym: 3 ks_vec: 0.0769231 -0.153846 -0.307692
starsize: 4
isym: 0 ks_vec: 0 0.384615 0.153846
isym: 1 ks_vec: 0 0.153846 0.384615
isym: 2 ks_vec: 0 -0.384615 -0.153846
isym: 3 ks_vec: 0 -0.153846 -0.384615
starsize: 4
isym: 0 ks_vec: 0.0769231 0.384615 0.153846
isym: 1 ks_vec: 0.0769231 0.153846 0.384615
isym: 2 ks_vec: -0.0769231 -0.384615 -0.153846
isym: 3 ks_vec: -0.0769231 -0.153846 -0.384615
starsize: 4
isym: 0 ks_vec: 0.153846 0.153846 0.384615
isym: 1 ks_vec: 0.153846 0.384615 0.153846
isym: 2 ks_vec: -0.153846 -0.153846 -0.384615
isym: 3 ks_vec: -0.153846 -0.384615 -0.153846
starsize: 4
isym: 0 ks_vec: 0.230769 0.153846 0.384615
isym: 1 ks_vec: 0.230769 0.384615 0.153846
isym: 2 ks_vec: -0.230769 -0.153846 -0.384615
isym: 3 ks_vec: -0.230769 -0.384615 -0.153846
starsize: 4
isym: 0 ks_vec: 0.307692 0.384615 0.153846
isym: 1 ks_vec: 0.307692 0.153846 0.384615
isym: 2 ks_vec: -0.307692 -0.384615 -0.153846
isym: 3 ks_vec: -0.307692 -0.153846 -0.384615
starsize: 4
isym: 0 ks_vec: 0.384615 0.384615 0.153846
isym: 1 ks_vec: 0.384615 0.153846 0.384615
isym: 2 ks_vec: -0.384615 -0.384615 -0.153846
isym: 3 ks_vec: -0.384615 -0.153846 -0.384615
starsize: 4
isym: 0 ks_vec: 0.461538 0.384615 0.153846
isym: 1 ks_vec: 0.461538 0.153846 0.384615
isym: 2 ks_vec: -0.461538 -0.384615 -0.153846
isym: 3 ks_vec: -0.461538 -0.153846 -0.384615
starsize: 4
isym: 0 ks_vec: -0.461538 0.153846 0.384615
isym: 1 ks_vec: -0.461538 0.384615 0.153846
isym: 2 ks_vec: 0.461538 -0.153846 -0.384615
isym: 3 ks_vec: 0.461538 -0.384615 -0.153846
starsize: 4
isym: 0 ks_vec: -0.384615 0.384615 0.153846
isym: 1 ks_vec: -0.384615 0.153846 0.384615
isym: 2 ks_vec: 0.384615 -0.384615 -0.153846
isym: 3 ks_vec: 0.384615 -0.153846 -0.384615
starsize: 4
isym: 0 ks_vec: -0.307692 0.384615 0.153846
isym: 1 ks_vec: -0.307692 0.153846 0.384615
isym: 2 ks_vec: 0.307692 -0.384615 -0.153846
isym: 3 ks_vec: 0.307692 -0.153846 -0.384615
starsize: 4
isym: 0 ks_vec: -0.230769 0.384615 0.153846
isym: 1 ks_vec: -0.230769 0.153846 0.384615
isym: 2 ks_vec: 0.230769 -0.384615 -0.153846
isym: 3 ks_vec: 0.230769 -0.153846 -0.384615
starsize: 4
isym: 0 ks_vec: -0.153846 0.384615 0.153846
isym: 1 ks_vec: -0.153846 0.153846 0.384615
isym: 2 ks_vec: 0.153846 -0.384615 -0.153846
isym: 3 ks_vec: 0.153846 -0.153846 -0.384615
starsize: 4
isym: 0 ks_vec: -0.0769231 0.384615 0.153846
isym: 1 ks_vec: -0.0769231 0.153846 0.384615
isym: 2 ks_vec: 0.0769231 -0.384615 -0.153846
isym: 3 ks_vec: 0.0769231 -0.153846 -0.384615
starsize: 4
isym: 0 ks_vec: 0 0.461538 0.153846
isym: 1 ks_vec: 0 0.153846 0.461538
isym: 2 ks_vec: 0 -0.461538 -0.153846
isym: 3 ks_vec: 0 -0.153846 -0.461538
starsize: 4
isym: 0 ks_vec: 0.0769231 0.461538 0.153846
isym: 1 ks_vec: 0.0769231 0.153846 0.461538
isym: 2 ks_vec: -0.0769231 -0.461538 -0.153846
isym: 3 ks_vec: -0.0769231 -0.153846 -0.461538
starsize: 4
isym: 0 ks_vec: 0.153846 0.461538 0.153846
isym: 1 ks_vec: 0.153846 0.153846 0.461538
isym: 2 ks_vec: -0.153846 -0.461538 -0.153846
isym: 3 ks_vec: -0.153846 -0.153846 -0.461538
starsize: 4
isym: 0 ks_vec: 0.230769 0.461538 0.153846
isym: 1 ks_vec: 0.230769 0.153846 0.461538
isym: 2 ks_vec: -0.230769 -0.461538 -0.153846
isym: 3 ks_vec: -0.230769 -0.153846 -0.461538
starsize: 4
isym: 0 ks_vec: 0.307692 0.461538 0.153846
isym: 1 ks_vec: 0.307692 0.153846 0.461538
isym: 2 ks_vec: -0.307692 -0.461538 -0.153846
isym: 3 ks_vec: -0.307692 -0.153846 -0.461538
starsize: 4
isym: 0 ks_vec: 0.384615 0.461538 0.153846
isym: 1 ks_vec: 0.384615 0.153846 0.461538
isym: 2 ks_vec: -0.384615 -0.461538 -0.153846
isym: 3 ks_vec: -0.384615 -0.153846 -0.461538
starsize: 4
isym: 0 ks_vec: 0.461538 0.461538 0.153846
isym: 1 ks_vec: 0.461538 0.153846 0.461538
isym: 2 ks_vec: -0.461538 -0.461538 -0.153846
isym: 3 ks_vec: -0.461538 -0.153846 -0.461538
starsize: 4
isym: 0 ks_vec: -0.461538 0.153846 0.461538
isym: 1 ks_vec: -0.461538 0.461538 0.153846
isym: 2 ks_vec: 0.461538 -0.153846 -0.461538
isym: 3 ks_vec: 0.461538 -0.461538 -0.153846
starsize: 4
isym: 0 ks_vec: -0.384615 0.461538 0.153846
isym: 1 ks_vec: -0.384615 0.153846 0.461538
isym: 2 ks_vec: 0.384615 -0.461538 -0.153846
isym: 3 ks_vec: 0.384615 -0.153846 -0.461538
starsize: 4
isym: 0 ks_vec: -0.307692 0.461538 0.153846
isym: 1 ks_vec: -0.307692 0.153846 0.461538
isym: 2 ks_vec: 0.307692 -0.461538 -0.153846
isym: 3 ks_vec: 0.307692 -0.153846 -0.461538
starsize: 4
isym: 0 ks_vec: -0.230769 0.461538 0.153846
isym: 1 ks_vec: -0.230769 0.153846 0.461538
isym: 2 ks_vec: 0.230769 -0.461538 -0.153846
isym: 3 ks_vec: 0.230769 -0.153846 -0.461538
starsize: 4
isym: 0 ks_vec: -0.153846 0.461538 0.153846
isym: 1 ks_vec: -0.153846 0.153846 0.461538
isym: 2 ks_vec: 0.153846 -0.461538 -0.153846
isym: 3 ks_vec: 0.153846 -0.153846 -0.461538
starsize: 4
isym: 0 ks_vec: -0.0769231 0.461538 0.153846
isym: 1 ks_vec: -0.0769231 0.153846 0.461538
isym: 2 ks_vec: 0.0769231 -0.461538 -0.153846
isym: 3 ks_vec: 0.0769231 -0.153846 -0.461538
starsize: 4
isym: 0 ks_vec: 0 -0.153846 0.461538
isym: 1 ks_vec: 0 0.461538 -0.153846
isym: 2 ks_vec: 0 0.153846 -0.461538
isym: 3 ks_vec: 0 -0.461538 0.153846
starsize: 4
isym: 0 ks_vec: -0.0769231 -0.153846 0.461538
isym: 1 ks_vec: -0.0769231 0.461538 -0.153846
isym: 2 ks_vec: 0.0769231 0.153846 -0.461538
isym: 3 ks_vec: 0.0769231 -0.461538 0.153846
starsize: 4
isym: 0 ks_vec: -0.153846 -0.153846 0.461538
isym: 1 ks_vec: -0.153846 0.461538 -0.153846
isym: 2 ks_vec: 0.153846 0.153846 -0.461538
isym: 3 ks_vec: 0.153846 -0.461538 0.153846
starsize: 4
isym: 0 ks_vec: -0.230769 -0.153846 0.461538
isym: 1 ks_vec: -0.230769 0.461538 -0.153846
isym: 2 ks_vec: 0.230769 0.153846 -0.461538
isym: 3 ks_vec: 0.230769 -0.461538 0.153846
starsize: 4
isym: 0 ks_vec: -0.307692 -0.153846 0.461538
isym: 1 ks_vec: -0.307692 0.461538 -0.153846
isym: 2 ks_vec: 0.307692 0.153846 -0.461538
isym: 3 ks_vec: 0.307692 -0.461538 0.153846
starsize: 4
isym: 0 ks_vec: 0.384615 0.153846 -0.461538
isym: 1 ks_vec: 0.384615 -0.461538 0.153846
isym: 2 ks_vec: -0.384615 -0.153846 0.461538
isym: 3 ks_vec: -0.384615 0.461538 -0.153846
starsize: 4
isym: 0 ks_vec: 0.461538 0.153846 -0.461538
isym: 1 ks_vec: 0.461538 -0.461538 0.153846
isym: 2 ks_vec: -0.461538 -0.153846 0.461538
isym: 3 ks_vec: -0.461538 0.461538 -0.153846
starsize: 4
isym: 0 ks_vec: 0.461538 -0.153846 0.461538
isym: 1 ks_vec: 0.461538 0.461538 -0.153846
isym: 2 ks_vec: -0.461538 0.153846 -0.461538
isym: 3 ks_vec: -0.461538 -0.461538 0.153846
starsize: 4
isym: 0 ks_vec: 0.384615 -0.153846 0.461538
isym: 1 ks_vec: 0.384615 0.461538 -0.153846
isym: 2 ks_vec: -0.384615 0.153846 -0.461538
isym: 3 ks_vec: -0.384615 -0.461538 0.153846
starsize: 4
isym: 0 ks_vec: 0.307692 -0.153846 0.461538
isym: 1 ks_vec: 0.307692 0.461538 -0.153846
isym: 2 ks_vec: -0.307692 0.153846 -0.461538
isym: 3 ks_vec: -0.307692 -0.461538 0.153846
starsize: 4
isym: 0 ks_vec: 0.230769 -0.153846 0.461538
isym: 1 ks_vec: 0.230769 0.461538 -0.153846
isym: 2 ks_vec: -0.230769 0.153846 -0.461538
isym: 3 ks_vec: -0.230769 -0.461538 0.153846
starsize: 4
isym: 0 ks_vec: 0.153846 -0.153846 0.461538
isym: 1 ks_vec: 0.153846 0.461538 -0.153846
isym: 2 ks_vec: -0.153846 0.153846 -0.461538
isym: 3 ks_vec: -0.153846 -0.461538 0.153846
starsize: 4
isym: 0 ks_vec: 0.0769231 -0.153846 0.461538
isym: 1 ks_vec: 0.0769231 0.461538 -0.153846
isym: 2 ks_vec: -0.0769231 0.153846 -0.461538
isym: 3 ks_vec: -0.0769231 -0.461538 0.153846
starsize: 4
isym: 0 ks_vec: 0 -0.153846 0.384615
isym: 1 ks_vec: 0 0.384615 -0.153846
isym: 2 ks_vec: 0 0.153846 -0.384615
isym: 3 ks_vec: 0 -0.384615 0.153846
starsize: 4
isym: 0 ks_vec: -0.0769231 -0.153846 0.384615
isym: 1 ks_vec: -0.0769231 0.384615 -0.153846
isym: 2 ks_vec: 0.0769231 0.153846 -0.384615
isym: 3 ks_vec: 0.0769231 -0.384615 0.153846
starsize: 4
isym: 0 ks_vec: -0.153846 -0.153846 0.384615
isym: 1 ks_vec: -0.153846 0.384615 -0.153846
isym: 2 ks_vec: 0.153846 0.153846 -0.384615
isym: 3 ks_vec: 0.153846 -0.384615 0.153846
starsize: 4
isym: 0 ks_vec: -0.230769 -0.153846 0.384615
isym: 1 ks_vec: -0.230769 0.384615 -0.153846
isym: 2 ks_vec: 0.230769 0.153846 -0.384615
isym: 3 ks_vec: 0.230769 -0.384615 0.153846
starsize: 4
isym: 0 ks_vec: 0.307692 0.153846 -0.384615
isym: 1 ks_vec: 0.307692 -0.384615 0.153846
isym: 2 ks_vec: -0.307692 -0.153846 0.384615
isym: 3 ks_vec: -0.307692 0.384615 -0.153846
starsize: 4
isym: 0 ks_vec: 0.384615 -0.384615 0.153846
isym: 1 ks_vec: 0.384615 0.153846 -0.384615
isym: 2 ks_vec: -0.384615 0.384615 -0.153846
isym: 3 ks_vec: -0.384615 -0.153846 0.384615
starsize: 4
isym: 0 ks_vec: 0.461538 -0.384615 0.153846
isym: 1 ks_vec: 0.461538 0.153846 -0.384615
isym: 2 ks_vec: -0.461538 0.384615 -0.153846
isym: 3 ks_vec: -0.461538 -0.153846 0.384615
starsize: 4
isym: 0 ks_vec: 0.461538 -0.153846 0.384615
isym: 1 ks_vec: 0.461538 0.384615 -0.153846
isym: 2 ks_vec: -0.461538 0.153846 -0.384615
isym: 3 ks_vec: -0.461538 -0.384615 0.153846
starsize: 4
isym: 0 ks_vec: 0.384615 -0.153846 0.384615
isym: 1 ks_vec: 0.384615 0.384615 -0.153846
isym: 2 ks_vec: -0.384615 0.153846 -0.384615
isym: 3 ks_vec: -0.384615 -0.384615 0.153846
starsize: 4
isym: 0 ks_vec: 0.307692 -0.153846 0.384615
isym: 1 ks_vec: 0.307692 0.384615 -0.153846
isym: 2 ks_vec: -0.307692 0.153846 -0.384615
isym: 3 ks_vec: -0.307692 -0.384615 0.153846
starsize: 4
isym: 0 ks_vec: 0.230769 -0.153846 0.384615
isym: 1 ks_vec: 0.230769 0.384615 -0.153846
isym: 2 ks_vec: -0.230769 0.153846 -0.384615
isym: 3 ks_vec: -0.230769 -0.384615 0.153846
starsize: 4
isym: 0 ks_vec: 0.153846 -0.153846 0.384615
isym: 1 ks_vec: 0.153846 0.384615 -0.153846
isym: 2 ks_vec: -0.153846 0.153846 -0.384615
isym: 3 ks_vec: -0.153846 -0.384615 0.153846
starsize: 4
isym: 0 ks_vec: 0.0769231 -0.153846 0.384615
isym: 1 ks_vec: 0.0769231 0.384615 -0.153846
isym: 2 ks_vec: -0.0769231 0.153846 -0.384615
isym: 3 ks_vec: -0.0769231 -0.384615 0.153846
starsize: 4
isym: 0 ks_vec: 0 -0.153846 0.307692
isym: 1 ks_vec: 0 0.307692 -0.153846
isym: 2 ks_vec: 0 0.153846 -0.307692
isym: 3 ks_vec: 0 -0.307692 0.153846
starsize: 4
isym: 0 ks_vec: -0.0769231 -0.153846 0.307692
isym: 1 ks_vec: -0.0769231 0.307692 -0.153846
isym: 2 ks_vec: 0.0769231 0.153846 -0.307692
isym: 3 ks_vec: 0.0769231 -0.307692 0.153846
starsize: 4
isym: 0 ks_vec: -0.153846 -0.153846 0.307692
isym: 1 ks_vec: -0.153846 0.307692 -0.153846
isym: 2 ks_vec: 0.153846 0.153846 -0.307692
isym: 3 ks_vec: 0.153846 -0.307692 0.153846
starsize: 4
isym: 0 ks_vec: 0.230769 -0.307692 0.153846
isym: 1 ks_vec: 0.230769 0.153846 -0.307692
isym: 2 ks_vec: -0.230769 0.307692 -0.153846
isym: 3 ks_vec: -0.230769 -0.153846 0.307692
starsize: 4
isym: 0 ks_vec: 0.307692 0.153846 -0.307692
isym: 1 ks_vec: 0.307692 -0.307692 0.153846
isym: 2 ks_vec: -0.307692 -0.153846 0.307692
isym: 3 ks_vec: -0.307692 0.307692 -0.153846
starsize: 4
isym: 0 ks_vec: 0.384615 -0.307692 0.153846
isym: 1 ks_vec: 0.384615 0.153846 -0.307692
isym: 2 ks_vec: -0.384615 0.307692 -0.153846
isym: 3 ks_vec: -0.384615 -0.153846 0.307692
starsize: 4
isym: 0 ks_vec: 0.461538 -0.307692 0.153846
isym: 1 ks_vec: 0.461538 0.153846 -0.307692
isym: 2 ks_vec: -0.461538 0.307692 -0.153846
isym: 3 ks_vec: -0.461538 -0.153846 0.307692
starsize: 4
isym: 0 ks_vec: 0.461538 -0.153846 0.307692
isym: 1 ks_vec: 0.461538 0.307692 -0.153846
isym: 2 ks_vec: -0.461538 0.153846 -0.307692
isym: 3 ks_vec: -0.461538 -0.307692 0.153846
starsize: 4
isym: 0 ks_vec: 0.384615 -0.153846 0.307692
isym: 1 ks_vec: 0.384615 0.307692 -0.153846
isym: 2 ks_vec: -0.384615 0.153846 -0.307692
isym: 3 ks_vec: -0.384615 -0.307692 0.153846
starsize: 4
isym: 0 ks_vec: 0.307692 -0.153846 0.307692
isym: 1 ks_vec: 0.307692 0.307692 -0.153846
isym: 2 ks_vec: -0.307692 0.153846 -0.307692
isym: 3 ks_vec: -0.307692 -0.307692 0.153846
starsize: 4
isym: 0 ks_vec: 0.230769 -0.153846 0.307692
isym: 1 ks_vec: 0.230769 0.307692 -0.153846
isym: 2 ks_vec: -0.230769 0.153846 -0.307692
isym: 3 ks_vec: -0.230769 -0.307692 0.153846
starsize: 4
isym: 0 ks_vec: 0.153846 0.307692 -0.153846
isym: 1 ks_vec: 0.153846 -0.153846 0.307692
isym: 2 ks_vec: -0.153846 -0.307692 0.153846
isym: 3 ks_vec: -0.153846 0.153846 -0.307692
starsize: 4
isym: 0 ks_vec: 0.0769231 -0.153846 0.307692
isym: 1 ks_vec: 0.0769231 0.307692 -0.153846
isym: 2 ks_vec: -0.0769231 0.153846 -0.307692
isym: 3 ks_vec: -0.0769231 -0.307692 0.153846
starsize: 4
isym: 0 ks_vec: 0 -0.153846 0.230769
isym: 1 ks_vec: 0 0.230769 -0.153846
isym: 2 ks_vec: 0 0.153846 -0.230769
isym: 3 ks_vec: 0 -0.230769 0.153846
starsize: 4
isym: 0 ks_vec: 0.0769231 -0.230769 0.153846
isym: 1 ks_vec: 0.0769231 0.153846 -0.230769
isym: 2 ks_vec: -0.0769231 0.230769 -0.153846
isym: 3 ks_vec: -0.0769231 -0.153846 0.230769
starsize: 4
isym: 0 ks_vec: 0.153846 -0.230769 0.153846
isym: 1 ks_vec: 0.153846 0.153846 -0.230769
isym: 2 ks_vec: -0.153846 0.230769 -0.153846
isym: 3 ks_vec: -0.153846 -0.153846 0.230769
starsize: 4
isym: 0 ks_vec: 0.230769 -0.230769 0.153846
isym: 1 ks_vec: 0.230769 0.153846 -0.230769
isym: 2 ks_vec: -0.230769 0.230769 -0.153846
isym: 3 ks_vec: -0.230769 -0.153846 0.230769
starsize: 4
isym: 0 ks_vec: 0.307692 0.153846 -0.230769
isym: 1 ks_vec: 0.307692 -0.230769 0.153846
isym: 2 ks_vec: -0.307692 -0.153846 0.230769
isym: 3 ks_vec: -0.307692 0.230769 -0.153846
starsize: 4
isym: 0 ks_vec: 0.384615 -0.230769 0.153846
isym: 1 ks_vec: 0.384615 0.153846 -0.230769
isym: 2 ks_vec: -0.384615 0.230769 -0.153846
isym: 3 ks_vec: -0.384615 -0.153846 0.230769
starsize: 4
isym: 0 ks_vec: 0.461538 -0.230769 0.153846
isym: 1 ks_vec: 0.461538 0.153846 -0.230769
isym: 2 ks_vec: -0.461538 0.230769 -0.153846
isym: 3 ks_vec: -0.461538 -0.153846 0.230769
starsize: 4
isym: 0 ks_vec: 0.461538 -0.153846 0.230769
isym: 1 ks_vec: 0.461538 0.230769 -0.153846
isym: 2 ks_vec: -0.461538 0.153846 -0.230769
isym: 3 ks_vec: -0.461538 -0.230769 0.153846
starsize: 4
isym: 0 ks_vec: 0.384615 -0.153846 0.230769
isym: 1 ks_vec: 0.384615 0.230769 -0.153846
isym: 2 ks_vec: -0.384615 0.153846 -0.230769
isym: 3 ks_vec: -0.384615 -0.230769 0.153846
starsize: 4
isym: 0 ks_vec: 0.307692 0.230769 -0.153846
isym: 1 ks_vec: 0.307692 -0.153846 0.230769
isym: 2 ks_vec: -0.307692 -0.230769 0.153846
isym: 3 ks_vec: -0.307692 0.153846 -0.230769
starsize: 4
isym: 0 ks_vec: 0.230769 -0.153846 0.230769
isym: 1 ks_vec: 0.230769 0.230769 -0.153846
isym: 2 ks_vec: -0.230769 0.153846 -0.230769
isym: 3 ks_vec: -0.230769 -0.230769 0.153846
starsize: 4
isym: 0 ks_vec: 0.153846 -0.153846 0.230769
isym: 1 ks_vec: 0.153846 0.230769 -0.153846
isym: 2 ks_vec: -0.153846 0.153846 -0.230769
isym: 3 ks_vec: -0.153846 -0.230769 0.153846
starsize: 4
isym: 0 ks_vec: 0.0769231 -0.153846 0.230769
isym: 1 ks_vec: 0.0769231 0.230769 -0.153846
isym: 2 ks_vec: -0.0769231 0.153846 -0.230769
isym: 3 ks_vec: -0.0769231 -0.230769 0.153846
starsize: 2
isym: 0 ks_vec: 0 -0.153846 0.153846
isym: 1 ks_vec: 0 0.153846 -0.153846
starsize: 4
isym: 0 ks_vec: 0.0769231 -0.153846 0.153846
isym: 1 ks_vec: 0.0769231 0.153846 -0.153846
isym: 2 ks_vec: -0.0769231 0.153846 -0.153846
isym: 3 ks_vec: -0.0769231 -0.153846 0.153846
starsize: 4
isym: 0 ks_vec: 0.153846 -0.153846 0.153846
isym: 1 ks_vec: 0.153846 0.153846 -0.153846
isym: 2 ks_vec: -0.153846 0.153846 -0.153846
isym: 3 ks_vec: -0.153846 -0.153846 0.153846
starsize: 4
isym: 0 ks_vec: 0.230769 -0.153846 0.153846
isym: 1 ks_vec: 0.230769 0.153846 -0.153846
isym: 2 ks_vec: -0.230769 0.153846 -0.153846
isym: 3 ks_vec: -0.230769 -0.153846 0.153846
starsize: 4
isym: 0 ks_vec: 0.307692 0.153846 -0.153846
isym: 1 ks_vec: 0.307692 -0.153846 0.153846
isym: 2 ks_vec: -0.307692 -0.153846 0.153846
isym: 3 ks_vec: -0.307692 0.153846 -0.153846
starsize: 4
isym: 0 ks_vec: 0.384615 -0.153846 0.153846
isym: 1 ks_vec: 0.384615 0.153846 -0.153846
isym: 2 ks_vec: -0.384615 0.153846 -0.153846
isym: 3 ks_vec: -0.384615 -0.153846 0.153846
starsize: 4
isym: 0 ks_vec: 0.461538 -0.153846 0.153846
isym: 1 ks_vec: 0.461538 0.153846 -0.153846
isym: 2 ks_vec: -0.461538 0.153846 -0.153846
isym: 3 ks_vec: -0.461538 -0.153846 0.153846
starsize: 2
isym: 0 ks_vec: 0 0.230769 0.230769
isym: 2 ks_vec: 0 -0.230769 -0.230769
starsize: 2
isym: 0 ks_vec: 0.0769231 0.230769 0.230769
isym: 2 ks_vec: -0.0769231 -0.230769 -0.230769
starsize: 2
isym: 0 ks_vec: 0.153846 0.230769 0.230769
isym: 2 ks_vec: -0.153846 -0.230769 -0.230769
starsize: 2
isym: 0 ks_vec: 0.230769 0.230769 0.230769
isym: 2 ks_vec: -0.230769 -0.230769 -0.230769
starsize: 2
isym: 0 ks_vec: 0.307692 0.230769 0.230769
isym: 2 ks_vec: -0.307692 -0.230769 -0.230769
starsize: 2
isym: 0 ks_vec: 0.384615 0.230769 0.230769
isym: 2 ks_vec: -0.384615 -0.230769 -0.230769
starsize: 2
isym: 0 ks_vec: 0.461538 0.230769 0.230769
isym: 2 ks_vec: -0.461538 -0.230769 -0.230769
starsize: 2
isym: 0 ks_vec: 0.461538 -0.230769 -0.230769
isym: 2 ks_vec: -0.461538 0.230769 0.230769
starsize: 2
isym: 0 ks_vec: -0.384615 0.230769 0.230769
isym: 2 ks_vec: 0.384615 -0.230769 -0.230769
starsize: 2
isym: 0 ks_vec: -0.307692 0.230769 0.230769
isym: 2 ks_vec: 0.307692 -0.230769 -0.230769
starsize: 2
isym: 0 ks_vec: -0.230769 0.230769 0.230769
isym: 2 ks_vec: 0.230769 -0.230769 -0.230769
starsize: 2
isym: 0 ks_vec: -0.153846 0.230769 0.230769
isym: 2 ks_vec: 0.153846 -0.230769 -0.230769
starsize: 2
isym: 0 ks_vec: -0.0769231 0.230769 0.230769
isym: 2 ks_vec: 0.0769231 -0.230769 -0.230769
starsize: 4
isym: 0 ks_vec: 0 0.307692 0.230769
isym: 1 ks_vec: 0 0.230769 0.307692
isym: 2 ks_vec: 0 -0.307692 -0.230769
isym: 3 ks_vec: 0 -0.230769 -0.307692
starsize: 4
isym: 0 ks_vec: 0.0769231 0.307692 0.230769
isym: 1 ks_vec: 0.0769231 0.230769 0.307692
isym: 2 ks_vec: -0.0769231 -0.307692 -0.230769
isym: 3 ks_vec: -0.0769231 -0.230769 -0.307692
starsize: 4
isym: 0 ks_vec: 0.153846 0.307692 0.230769
isym: 1 ks_vec: 0.153846 0.230769 0.307692
isym: 2 ks_vec: -0.153846 -0.307692 -0.230769
isym: 3 ks_vec: -0.153846 -0.230769 -0.307692
starsize: 4
isym: 0 ks_vec: 0.230769 0.307692 0.230769
isym: 1 ks_vec: 0.230769 0.230769 0.307692
isym: 2 ks_vec: -0.230769 -0.307692 -0.230769
isym: 3 ks_vec: -0.230769 -0.230769 -0.307692
starsize: 4
isym: 0 ks_vec: 0.307692 0.230769 0.307692
isym: 1 ks_vec: 0.307692 0.307692 0.230769
isym: 2 ks_vec: -0.307692 -0.230769 -0.307692
isym: 3 ks_vec: -0.307692 -0.307692 -0.230769
starsize: 4
isym: 0 ks_vec: 0.384615 0.307692 0.230769
isym: 1 ks_vec: 0.384615 0.230769 0.307692
isym: 2 ks_vec: -0.384615 -0.307692 -0.230769
isym: 3 ks_vec: -0.384615 -0.230769 -0.307692
starsize: 4
isym: 0 ks_vec: 0.461538 0.307692 0.230769
isym: 1 ks_vec: 0.461538 0.230769 0.307692
isym: 2 ks_vec: -0.461538 -0.307692 -0.230769
isym: 3 ks_vec: -0.461538 -0.230769 -0.307692
starsize: 4
isym: 0 ks_vec: -0.461538 0.307692 0.230769
isym: 1 ks_vec: -0.461538 0.230769 0.307692
isym: 2 ks_vec: 0.461538 -0.307692 -0.230769
isym: 3 ks_vec: 0.461538 -0.230769 -0.307692
starsize: 4
isym: 0 ks_vec: -0.384615 0.307692 0.230769
isym: 1 ks_vec: -0.384615 0.230769 0.307692
isym: 2 ks_vec: 0.384615 -0.307692 -0.230769
isym: 3 ks_vec: 0.384615 -0.230769 -0.307692
starsize: 4
isym: 0 ks_vec: -0.307692 0.307692 0.230769
isym: 1 ks_vec: -0.307692 0.230769 0.307692
isym: 2 ks_vec: 0.307692 -0.307692 -0.230769
isym: 3 ks_vec: 0.307692 -0.230769 -0.307692
starsize: 4
isym: 0 ks_vec: -0.230769 0.230769 0.307692
isym: 1 ks_vec: -0.230769 0.307692 0.230769
isym: 2 ks_vec: 0.230769 -0.230769 -0.307692
isym: 3 ks_vec: 0.230769 -0.307692 -0.230769
starsize: 4
isym: 0 ks_vec: -0.153846 0.230769 0.307692
isym: 1 ks_vec: -0.153846 0.307692 0.230769
isym: 2 ks_vec: 0.153846 -0.230769 -0.307692
isym: 3 ks_vec: 0.153846 -0.307692 -0.230769
starsize: 4
isym: 0 ks_vec: -0.0769231 0.307692 0.230769
isym: 1 ks_vec: -0.0769231 0.230769 0.307692
isym: 2 ks_vec: 0.0769231 -0.307692 -0.230769
isym: 3 ks_vec: 0.0769231 -0.230769 -0.307692
starsize: 4
isym: 0 ks_vec: 0 0.384615 0.230769
isym: 1 ks_vec: 0 0.230769 0.384615
isym: 2 ks_vec: 0 -0.384615 -0.230769
isym: 3 ks_vec: 0 -0.230769 -0.384615
starsize: 4
isym: 0 ks_vec: 0.0769231 0.384615 0.230769
isym: 1 ks_vec: 0.0769231 0.230769 0.384615
isym: 2 ks_vec: -0.0769231 -0.384615 -0.230769
isym: 3 ks_vec: -0.0769231 -0.230769 -0.384615
starsize: 4
isym: 0 ks_vec: 0.153846 0.230769 0.384615
isym: 1 ks_vec: 0.153846 0.384615 0.230769
isym: 2 ks_vec: -0.153846 -0.230769 -0.384615
isym: 3 ks_vec: -0.153846 -0.384615 -0.230769
starsize: 4
isym: 0 ks_vec: 0.230769 0.384615 0.230769
isym: 1 ks_vec: 0.230769 0.230769 0.384615
isym: 2 ks_vec: -0.230769 -0.384615 -0.230769
isym: 3 ks_vec: -0.230769 -0.230769 -0.384615
starsize: 4
isym: 0 ks_vec: 0.307692 0.384615 0.230769
isym: 1 ks_vec: 0.307692 0.230769 0.384615
isym: 2 ks_vec: -0.307692 -0.384615 -0.230769
isym: 3 ks_vec: -0.307692 -0.230769 -0.384615
starsize: 4
isym: 0 ks_vec: 0.384615 0.384615 0.230769
isym: 1 ks_vec: 0.384615 0.230769 0.384615
isym: 2 ks_vec: -0.384615 -0.384615 -0.230769
isym: 3 ks_vec: -0.384615 -0.230769 -0.384615
starsize: 4
isym: 0 ks_vec: 0.461538 0.384615 0.230769
isym: 1 ks_vec: 0.461538 0.230769 0.384615
isym: 2 ks_vec: -0.461538 -0.384615 -0.230769
isym: 3 ks_vec: -0.461538 -0.230769 -0.384615
starsize: 4
isym: 0 ks_vec: -0.461538 0.230769 0.384615
isym: 1 ks_vec: -0.461538 0.384615 0.230769
isym: 2 ks_vec: 0.461538 -0.230769 -0.384615
isym: 3 ks_vec: 0.461538 -0.384615 -0.230769
starsize: 4
isym: 0 ks_vec: -0.384615 0.384615 0.230769
isym: 1 ks_vec: -0.384615 0.230769 0.384615
isym: 2 ks_vec: 0.384615 -0.384615 -0.230769
isym: 3 ks_vec: 0.384615 -0.230769 -0.384615
starsize: 4
isym: 0 ks_vec: -0.307692 0.384615 0.230769
isym: 1 ks_vec: -0.307692 0.230769 0.384615
isym: 2 ks_vec: 0.307692 -0.384615 -0.230769
isym: 3 ks_vec: 0.307692 -0.230769 -0.384615
starsize: 4
isym: 0 ks_vec: -0.230769 0.384615 0.230769
isym: 1 ks_vec: -0.230769 0.230769 0.384615
isym: 2 ks_vec: 0.230769 -0.384615 -0.230769
isym: 3 ks_vec: 0.230769 -0.230769 -0.384615
starsize: 4
isym: 0 ks_vec: -0.153846 0.384615 0.230769
isym: 1 ks_vec: -0.153846 0.230769 0.384615
isym: 2 ks_vec: 0.153846 -0.384615 -0.230769
isym: 3 ks_vec: 0.153846 -0.230769 -0.384615
starsize: 4
isym: 0 ks_vec: -0.0769231 0.384615 0.230769
isym: 1 ks_vec: -0.0769231 0.230769 0.384615
isym: 2 ks_vec: 0.0769231 -0.384615 -0.230769
isym: 3 ks_vec: 0.0769231 -0.230769 -0.384615
starsize: 4
isym: 0 ks_vec: 0 0.461538 0.230769
isym: 1 ks_vec: 0 0.230769 0.461538
isym: 2 ks_vec: 0 -0.461538 -0.230769
isym: 3 ks_vec: 0 -0.230769 -0.461538
starsize: 4
isym: 0 ks_vec: 0.0769231 0.461538 0.230769
isym: 1 ks_vec: 0.0769231 0.230769 0.461538
isym: 2 ks_vec: -0.0769231 -0.461538 -0.230769
isym: 3 ks_vec: -0.0769231 -0.230769 -0.461538
starsize: 4
isym: 0 ks_vec: 0.153846 0.461538 0.230769
isym: 1 ks_vec: 0.153846 0.230769 0.461538
isym: 2 ks_vec: -0.153846 -0.461538 -0.230769
isym: 3 ks_vec: -0.153846 -0.230769 -0.461538
starsize: 4
isym: 0 ks_vec: 0.230769 0.461538 0.230769
isym: 1 ks_vec: 0.230769 0.230769 0.461538
isym: 2 ks_vec: -0.230769 -0.461538 -0.230769
isym: 3 ks_vec: -0.230769 -0.230769 -0.461538
starsize: 4
isym: 0 ks_vec: 0.307692 0.461538 0.230769
isym: 1 ks_vec: 0.307692 0.230769 0.461538
isym: 2 ks_vec: -0.307692 -0.461538 -0.230769
isym: 3 ks_vec: -0.307692 -0.230769 -0.461538
starsize: 4
isym: 0 ks_vec: 0.384615 0.461538 0.230769
isym: 1 ks_vec: 0.384615 0.230769 0.461538
isym: 2 ks_vec: -0.384615 -0.461538 -0.230769
isym: 3 ks_vec: -0.384615 -0.230769 -0.461538
starsize: 4
isym: 0 ks_vec: 0.461538 0.461538 0.230769
isym: 1 ks_vec: 0.461538 0.230769 0.461538
isym: 2 ks_vec: -0.461538 -0.461538 -0.230769
isym: 3 ks_vec: -0.461538 -0.230769 -0.461538
starsize: 4
isym: 0 ks_vec: -0.461538 0.230769 0.461538
isym: 1 ks_vec: -0.461538 0.461538 0.230769
isym: 2 ks_vec: 0.461538 -0.230769 -0.461538
isym: 3 ks_vec: 0.461538 -0.461538 -0.230769
starsize: 4
isym: 0 ks_vec: -0.384615 0.461538 0.230769
isym: 1 ks_vec: -0.384615 0.230769 0.461538
isym: 2 ks_vec: 0.384615 -0.461538 -0.230769
isym: 3 ks_vec: 0.384615 -0.230769 -0.461538
starsize: 4
isym: 0 ks_vec: -0.307692 0.461538 0.230769
isym: 1 ks_vec: -0.307692 0.230769 0.461538
isym: 2 ks_vec: 0.307692 -0.461538 -0.230769
isym: 3 ks_vec: 0.307692 -0.230769 -0.461538
starsize: 4
isym: 0 ks_vec: -0.230769 0.461538 0.230769
isym: 1 ks_vec: -0.230769 0.230769 0.461538
isym: 2 ks_vec: 0.230769 -0.461538 -0.230769
isym: 3 ks_vec: 0.230769 -0.230769 -0.461538
starsize: 4
isym: 0 ks_vec: -0.153846 0.461538 0.230769
isym: 1 ks_vec: -0.153846 0.230769 0.461538
isym: 2 ks_vec: 0.153846 -0.461538 -0.230769
isym: 3 ks_vec: 0.153846 -0.230769 -0.461538
starsize: 4
isym: 0 ks_vec: -0.0769231 0.461538 0.230769
isym: 1 ks_vec: -0.0769231 0.230769 0.461538
isym: 2 ks_vec: 0.0769231 -0.461538 -0.230769
isym: 3 ks_vec: 0.0769231 -0.230769 -0.461538
starsize: 4
isym: 0 ks_vec: 0 -0.230769 0.461538
isym: 1 ks_vec: 0 0.461538 -0.230769
isym: 2 ks_vec: 0 0.230769 -0.461538
isym: 3 ks_vec: 0 -0.461538 0.230769
starsize: 4
isym: 0 ks_vec: -0.0769231 -0.230769 0.461538
isym: 1 ks_vec: -0.0769231 0.461538 -0.230769
isym: 2 ks_vec: 0.0769231 0.230769 -0.461538
isym: 3 ks_vec: 0.0769231 -0.461538 0.230769
starsize: 4
isym: 0 ks_vec: -0.153846 -0.230769 0.461538
isym: 1 ks_vec: -0.153846 0.461538 -0.230769
isym: 2 ks_vec: 0.153846 0.230769 -0.461538
isym: 3 ks_vec: 0.153846 -0.461538 0.230769
starsize: 4
isym: 0 ks_vec: -0.230769 -0.230769 0.461538
isym: 1 ks_vec: -0.230769 0.461538 -0.230769
isym: 2 ks_vec: 0.230769 0.230769 -0.461538
isym: 3 ks_vec: 0.230769 -0.461538 0.230769
starsize: 4
isym: 0 ks_vec: 0.307692 -0.461538 0.230769
isym: 1 ks_vec: 0.307692 0.230769 -0.461538
isym: 2 ks_vec: -0.307692 0.461538 -0.230769
isym: 3 ks_vec: -0.307692 -0.230769 0.461538
starsize: 4
isym: 0 ks_vec: 0.384615 0.230769 -0.461538
isym: 1 ks_vec: 0.384615 -0.461538 0.230769
isym: 2 ks_vec: -0.384615 -0.230769 0.461538
isym: 3 ks_vec: -0.384615 0.461538 -0.230769
starsize: 4
isym: 0 ks_vec: 0.461538 0.230769 -0.461538
isym: 1 ks_vec: 0.461538 -0.461538 0.230769
isym: 2 ks_vec: -0.461538 -0.230769 0.461538
isym: 3 ks_vec: -0.461538 0.461538 -0.230769
starsize: 4
isym: 0 ks_vec: 0.461538 -0.230769 0.461538
isym: 1 ks_vec: 0.461538 0.461538 -0.230769
isym: 2 ks_vec: -0.461538 0.230769 -0.461538
isym: 3 ks_vec: -0.461538 -0.461538 0.230769
starsize: 4
isym: 0 ks_vec: 0.384615 -0.230769 0.461538
isym: 1 ks_vec: 0.384615 0.461538 -0.230769
isym: 2 ks_vec: -0.384615 0.230769 -0.461538
isym: 3 ks_vec: -0.384615 -0.461538 0.230769
starsize: 4
isym: 0 ks_vec: 0.307692 -0.230769 0.461538
isym: 1 ks_vec: 0.307692 0.461538 -0.230769
isym: 2 ks_vec: -0.307692 0.230769 -0.461538
isym: 3 ks_vec: -0.307692 -0.461538 0.230769
starsize: 4
isym: 0 ks_vec: 0.230769 -0.230769 0.461538
isym: 1 ks_vec: 0.230769 0.461538 -0.230769
isym: 2 ks_vec: -0.230769 0.230769 -0.461538
isym: 3 ks_vec: -0.230769 -0.461538 0.230769
starsize: 4
isym: 0 ks_vec: 0.153846 -0.230769 0.461538
isym: 1 ks_vec: 0.153846 0.461538 -0.230769
isym: 2 ks_vec: -0.153846 0.230769 -0.461538
isym: 3 ks_vec: -0.153846 -0.461538 0.230769
starsize: 4
isym: 0 ks_vec: 0.0769231 -0.230769 0.461538
isym: 1 ks_vec: 0.0769231 0.461538 -0.230769
isym: 2 ks_vec: -0.0769231 0.230769 -0.461538
isym: 3 ks_vec: -0.0769231 -0.461538 0.230769
starsize: 4
isym: 0 ks_vec: 0 -0.230769 0.384615
isym: 1 ks_vec: 0 0.384615 -0.230769
isym: 2 ks_vec: 0 0.230769 -0.384615
isym: 3 ks_vec: 0 -0.384615 0.230769
starsize: 4
isym: 0 ks_vec: -0.0769231 -0.230769 0.384615
isym: 1 ks_vec: -0.0769231 0.384615 -0.230769
isym: 2 ks_vec: 0.0769231 0.230769 -0.384615
isym: 3 ks_vec: 0.0769231 -0.384615 0.230769
starsize: 4
isym: 0 ks_vec: -0.153846 0.384615 -0.230769
isym: 1 ks_vec: -0.153846 -0.230769 0.384615
isym: 2 ks_vec: 0.153846 -0.384615 0.230769
isym: 3 ks_vec: 0.153846 0.230769 -0.384615
starsize: 4
isym: 0 ks_vec: 0.230769 -0.384615 0.230769
isym: 1 ks_vec: 0.230769 0.230769 -0.384615
isym: 2 ks_vec: -0.230769 0.384615 -0.230769
isym: 3 ks_vec: -0.230769 -0.230769 0.384615
starsize: 4
isym: 0 ks_vec: 0.307692 0.230769 -0.384615
isym: 1 ks_vec: 0.307692 -0.384615 0.230769
isym: 2 ks_vec: -0.307692 -0.230769 0.384615
isym: 3 ks_vec: -0.307692 0.384615 -0.230769
starsize: 4
isym: 0 ks_vec: 0.384615 -0.384615 0.230769
isym: 1 ks_vec: 0.384615 0.230769 -0.384615
isym: 2 ks_vec: -0.384615 0.384615 -0.230769
isym: 3 ks_vec: -0.384615 -0.230769 0.384615
starsize: 4
isym: 0 ks_vec: 0.461538 -0.384615 0.230769
isym: 1 ks_vec: 0.461538 0.230769 -0.384615
isym: 2 ks_vec: -0.461538 0.384615 -0.230769
isym: 3 ks_vec: -0.461538 -0.230769 0.384615
starsize: 4
isym: 0 ks_vec: 0.461538 -0.230769 0.384615
isym: 1 ks_vec: 0.461538 0.384615 -0.230769
isym: 2 ks_vec: -0.461538 0.230769 -0.384615
isym: 3 ks_vec: -0.461538 -0.384615 0.230769
starsize: 4
isym: 0 ks_vec: 0.384615 -0.230769 0.384615
isym: 1 ks_vec: 0.384615 0.384615 -0.230769
isym: 2 ks_vec: -0.384615 0.230769 -0.384615
isym: 3 ks_vec: -0.384615 -0.384615 0.230769
starsize: 4
isym: 0 ks_vec: 0.307692 -0.230769 0.384615
isym: 1 ks_vec: 0.307692 0.384615 -0.230769
isym: 2 ks_vec: -0.307692 0.230769 -0.384615
isym: 3 ks_vec: -0.307692 -0.384615 0.230769
starsize: 4
isym: 0 ks_vec: 0.230769 -0.230769 0.384615
isym: 1 ks_vec: 0.230769 0.384615 -0.230769
isym: 2 ks_vec: -0.230769 0.230769 -0.384615
isym: 3 ks_vec: -0.230769 -0.384615 0.230769
starsize: 4
isym: 0 ks_vec: 0.153846 -0.230769 0.384615
isym: 1 ks_vec: 0.153846 0.384615 -0.230769
isym: 2 ks_vec: -0.153846 0.230769 -0.384615
isym: 3 ks_vec: -0.153846 -0.384615 0.230769
starsize: 4
isym: 0 ks_vec: 0.0769231 -0.230769 0.384615
isym: 1 ks_vec: 0.0769231 0.384615 -0.230769
isym: 2 ks_vec: -0.0769231 0.230769 -0.384615
isym: 3 ks_vec: -0.0769231 -0.384615 0.230769
starsize: 4
isym: 0 ks_vec: 0 -0.230769 0.307692
isym: 1 ks_vec: 0 0.307692 -0.230769
isym: 2 ks_vec: 0 0.230769 -0.307692
isym: 3 ks_vec: 0 -0.307692 0.230769
starsize: 4
isym: 0 ks_vec: -0.0769231 -0.230769 0.307692
isym: 1 ks_vec: -0.0769231 0.307692 -0.230769
isym: 2 ks_vec: 0.0769231 0.230769 -0.307692
isym: 3 ks_vec: 0.0769231 -0.307692 0.230769
starsize: 4
isym: 0 ks_vec: 0.153846 -0.307692 0.230769
isym: 1 ks_vec: 0.153846 0.230769 -0.307692
isym: 2 ks_vec: -0.153846 0.307692 -0.230769
isym: 3 ks_vec: -0.153846 -0.230769 0.307692
starsize: 4
isym: 0 ks_vec: 0.230769 -0.307692 0.230769
isym: 1 ks_vec: 0.230769 0.230769 -0.307692
isym: 2 ks_vec: -0.230769 0.307692 -0.230769
isym: 3 ks_vec: -0.230769 -0.230769 0.307692
starsize: 4
isym: 0 ks_vec: 0.307692 0.230769 -0.307692
isym: 1 ks_vec: 0.307692 -0.307692 0.230769
isym: 2 ks_vec: -0.307692 -0.230769 0.307692
isym: 3 ks_vec: -0.307692 0.307692 -0.230769
starsize: 4
isym: 0 ks_vec: 0.384615 -0.307692 0.230769
isym: 1 ks_vec: 0.384615 0.230769 -0.307692
isym: 2 ks_vec: -0.384615 0.307692 -0.230769
isym: 3 ks_vec: -0.384615 -0.230769 0.307692
starsize: 4
isym: 0 ks_vec: 0.461538 -0.307692 0.230769
isym: 1 ks_vec: 0.461538 0.230769 -0.307692
isym: 2 ks_vec: -0.461538 0.307692 -0.230769
isym: 3 ks_vec: -0.461538 -0.230769 0.307692
starsize: 4
isym: 0 ks_vec: 0.461538 -0.230769 0.307692
isym: 1 ks_vec: 0.461538 0.307692 -0.230769
isym: 2 ks_vec: -0.461538 0.230769 -0.307692
isym: 3 ks_vec: -0.461538 -0.307692 0.230769
starsize: 4
isym: 0 ks_vec: 0.384615 -0.230769 0.307692
isym: 1 ks_vec: 0.384615 0.307692 -0.230769
isym: 2 ks_vec: -0.384615 0.230769 -0.307692
isym: 3 ks_vec: -0.384615 -0.307692 0.230769
starsize: 4
isym: 0 ks_vec: 0.307692 -0.230769 0.307692
isym: 1 ks_vec: 0.307692 0.307692 -0.230769
isym: 2 ks_vec: -0.307692 0.230769 -0.307692
isym: 3 ks_vec: -0.307692 -0.307692 0.230769
starsize: 4
isym: 0 ks_vec: 0.230769 -0.230769 0.307692
isym: 1 ks_vec: 0.230769 0.307692 -0.230769
isym: 2 ks_vec: -0.230769 0.230769 -0.307692
isym: 3 ks_vec: -0.230769 -0.307692 0.230769
starsize: 4
isym: 0 ks_vec: 0.153846 -0.230769 0.307692
isym: 1 ks_vec: 0.153846 0.307692 -0.230769
isym: 2 ks_vec: -0.153846 0.230769 -0.307692
isym: 3 ks_vec: -0.153846 -0.307692 0.230769
starsize: 4
isym: 0 ks_vec: 0.0769231 -0.230769 0.307692
isym: 1 ks_vec: 0.0769231 0.307692 -0.230769
isym: 2 ks_vec: -0.0769231 0.230769 -0.307692
isym: 3 ks_vec: -0.0769231 -0.307692 0.230769
starsize: 2
isym: 0 ks_vec: 0 -0.230769 0.230769
isym: 1 ks_vec: 0 0.230769 -0.230769
starsize: 4
isym: 0 ks_vec: 0.0769231 -0.230769 0.230769
isym: 1 ks_vec: 0.0769231 0.230769 -0.230769
isym: 2 ks_vec: -0.0769231 0.230769 -0.230769
isym: 3 ks_vec: -0.0769231 -0.230769 0.230769
starsize: 4
isym: 0 ks_vec: 0.153846 -0.230769 0.230769
isym: 1 ks_vec: 0.153846 0.230769 -0.230769
isym: 2 ks_vec: -0.153846 0.230769 -0.230769
isym: 3 ks_vec: -0.153846 -0.230769 0.230769
starsize: 4
isym: 0 ks_vec: 0.230769 -0.230769 0.230769
isym: 1 ks_vec: 0.230769 0.230769 -0.230769
isym: 2 ks_vec: -0.230769 0.230769 -0.230769
isym: 3 ks_vec: -0.230769 -0.230769 0.230769
starsize: 4
isym: 0 ks_vec: 0.307692 0.230769 -0.230769
isym: 1 ks_vec: 0.307692 -0.230769 0.230769
isym: 2 ks_vec: -0.307692 -0.230769 0.230769
isym: 3 ks_vec: -0.307692 0.230769 -0.230769
starsize: 4
isym: 0 ks_vec: 0.384615 -0.230769 0.230769
isym: 1 ks_vec: 0.384615 0.230769 -0.230769
isym: 2 ks_vec: -0.384615 0.230769 -0.230769
isym: 3 ks_vec: -0.384615 -0.230769 0.230769
starsize: 4
isym: 0 ks_vec: 0.461538 -0.230769 0.230769
isym: 1 ks_vec: 0.461538 0.230769 -0.230769
isym: 2 ks_vec: -0.461538 0.230769 -0.230769
isym: 3 ks_vec: -0.461538 -0.230769 0.230769
starsize: 2
isym: 0 ks_vec: 0 0.307692 0.307692
isym: 2 ks_vec: 0 -0.307692 -0.307692
starsize: 2
isym: 0 ks_vec: 0.0769231 0.307692 0.307692
isym: 2 ks_vec: -0.0769231 -0.307692 -0.307692
starsize: 2
isym: 0 ks_vec: 0.153846 0.307692 0.307692
isym: 2 ks_vec: -0.153846 -0.307692 -0.307692
starsize: 2
isym: 0 ks_vec: 0.230769 0.307692 0.307692
isym: 2 ks_vec: -0.230769 -0.307692 -0.307692
starsize: 2
isym: 0 ks_vec: 0.307692 0.307692 0.307692
isym: 2 ks_vec: -0.307692 -0.307692 -0.307692
starsize: 2
isym: 0 ks_vec: 0.384615 0.307692 0.307692
isym: 2 ks_vec: -0.384615 -0.307692 -0.307692
starsize: 2
isym: 0 ks_vec: 0.461538 0.307692 0.307692
isym: 2 ks_vec: -0.461538 -0.307692 -0.307692
starsize: 2
isym: 0 ks_vec: -0.461538 0.307692 0.307692
isym: 2 ks_vec: 0.461538 -0.307692 -0.307692
starsize: 2
isym: 0 ks_vec: -0.384615 0.307692 0.307692
isym: 2 ks_vec: 0.384615 -0.307692 -0.307692
starsize: 2
isym: 0 ks_vec: -0.307692 0.307692 0.307692
isym: 2 ks_vec: 0.307692 -0.307692 -0.307692
starsize: 2
isym: 0 ks_vec: -0.230769 0.307692 0.307692
isym: 2 ks_vec: 0.230769 -0.307692 -0.307692
starsize: 2
isym: 0 ks_vec: -0.153846 0.307692 0.307692
isym: 2 ks_vec: 0.153846 -0.307692 -0.307692
starsize: 2
isym: 0 ks_vec: -0.0769231 0.307692 0.307692
isym: 2 ks_vec: 0.0769231 -0.307692 -0.307692
starsize: 4
isym: 0 ks_vec: 0 0.384615 0.307692
isym: 1 ks_vec: 0 0.307692 0.384615
isym: 2 ks_vec: 0 -0.384615 -0.307692
isym: 3 ks_vec: 0 -0.307692 -0.384615
starsize: 4
isym: 0 ks_vec: 0.0769231 0.384615 0.307692
isym: 1 ks_vec: 0.0769231 0.307692 0.384615
isym: 2 ks_vec: -0.0769231 -0.384615 -0.307692
isym: 3 ks_vec: -0.0769231 -0.307692 -0.384615
starsize: 4
isym: 0 ks_vec: 0.153846 0.384615 0.307692
isym: 1 ks_vec: 0.153846 0.307692 0.384615
isym: 2 ks_vec: -0.153846 -0.384615 -0.307692
isym: 3 ks_vec: -0.153846 -0.307692 -0.384615
starsize: 4
isym: 0 ks_vec: 0.230769 0.384615 0.307692
isym: 1 ks_vec: 0.230769 0.307692 0.384615
isym: 2 ks_vec: -0.230769 -0.384615 -0.307692
isym: 3 ks_vec: -0.230769 -0.307692 -0.384615
starsize: 4
isym: 0 ks_vec: 0.307692 0.384615 0.307692
isym: 1 ks_vec: 0.307692 0.307692 0.384615
isym: 2 ks_vec: -0.307692 -0.384615 -0.307692
isym: 3 ks_vec: -0.307692 -0.307692 -0.384615
starsize: 4
isym: 0 ks_vec: 0.384615 0.384615 0.307692
isym: 1 ks_vec: 0.384615 0.307692 0.384615
isym: 2 ks_vec: -0.384615 -0.384615 -0.307692
isym: 3 ks_vec: -0.384615 -0.307692 -0.384615
starsize: 4
isym: 0 ks_vec: 0.461538 0.384615 0.307692
isym: 1 ks_vec: 0.461538 0.307692 0.384615
isym: 2 ks_vec: -0.461538 -0.384615 -0.307692
isym: 3 ks_vec: -0.461538 -0.307692 -0.384615
starsize: 4
isym: 0 ks_vec: -0.461538 0.307692 0.384615
isym: 1 ks_vec: -0.461538 0.384615 0.307692
isym: 2 ks_vec: 0.461538 -0.307692 -0.384615
isym: 3 ks_vec: 0.461538 -0.384615 -0.307692
starsize: 4
isym: 0 ks_vec: -0.384615 0.384615 0.307692
isym: 1 ks_vec: -0.384615 0.307692 0.384615
isym: 2 ks_vec: 0.384615 -0.384615 -0.307692
isym: 3 ks_vec: 0.384615 -0.307692 -0.384615
starsize: 4
isym: 0 ks_vec: -0.307692 0.384615 0.307692
isym: 1 ks_vec: -0.307692 0.307692 0.384615
isym: 2 ks_vec: 0.307692 -0.384615 -0.307692
isym: 3 ks_vec: 0.307692 -0.307692 -0.384615
starsize: 4
isym: 0 ks_vec: -0.230769 0.384615 0.307692
isym: 1 ks_vec: -0.230769 0.307692 0.384615
isym: 2 ks_vec: 0.230769 -0.384615 -0.307692
isym: 3 ks_vec: 0.230769 -0.307692 -0.384615
starsize: 4
isym: 0 ks_vec: -0.153846 0.384615 0.307692
isym: 1 ks_vec: -0.153846 0.307692 0.384615
isym: 2 ks_vec: 0.153846 -0.384615 -0.307692
isym: 3 ks_vec: 0.153846 -0.307692 -0.384615
starsize: 4
isym: 0 ks_vec: -0.0769231 0.384615 0.307692
isym: 1 ks_vec: -0.0769231 0.307692 0.384615
isym: 2 ks_vec: 0.0769231 -0.384615 -0.307692
isym: 3 ks_vec: 0.0769231 -0.307692 -0.384615
starsize: 4
isym: 0 ks_vec: 0 0.461538 0.307692
isym: 1 ks_vec: 0 0.307692 0.461538
isym: 2 ks_vec: 0 -0.461538 -0.307692
isym: 3 ks_vec: 0 -0.307692 -0.461538
starsize: 4
isym: 0 ks_vec: 0.0769231 0.461538 0.307692
isym: 1 ks_vec: 0.0769231 0.307692 0.461538
isym: 2 ks_vec: -0.0769231 -0.461538 -0.307692
isym: 3 ks_vec: -0.0769231 -0.307692 -0.461538
starsize: 4
isym: 0 ks_vec: 0.153846 0.461538 0.307692
isym: 1 ks_vec: 0.153846 0.307692 0.461538
isym: 2 ks_vec: -0.153846 -0.461538 -0.307692
isym: 3 ks_vec: -0.153846 -0.307692 -0.461538
starsize: 4
isym: 0 ks_vec: 0.230769 0.461538 0.307692
isym: 1 ks_vec: 0.230769 0.307692 0.461538
isym: 2 ks_vec: -0.230769 -0.461538 -0.307692
isym: 3 ks_vec: -0.230769 -0.307692 -0.461538
starsize: 4
isym: 0 ks_vec: 0.307692 0.461538 0.307692
isym: 1 ks_vec: 0.307692 0.307692 0.461538
isym: 2 ks_vec: -0.307692 -0.461538 -0.307692
isym: 3 ks_vec: -0.307692 -0.307692 -0.461538
starsize: 4
isym: 0 ks_vec: 0.384615 0.461538 0.307692
isym: 1 ks_vec: 0.384615 0.307692 0.461538
isym: 2 ks_vec: -0.384615 -0.461538 -0.307692
isym: 3 ks_vec: -0.384615 -0.307692 -0.461538
starsize: 4
isym: 0 ks_vec: 0.461538 0.461538 0.307692
isym: 1 ks_vec: 0.461538 0.307692 0.461538
isym: 2 ks_vec: -0.461538 -0.461538 -0.307692
isym: 3 ks_vec: -0.461538 -0.307692 -0.461538
starsize: 4
isym: 0 ks_vec: -0.461538 0.461538 0.307692
isym: 1 ks_vec: -0.461538 0.307692 0.461538
isym: 2 ks_vec: 0.461538 -0.461538 -0.307692
isym: 3 ks_vec: 0.461538 -0.307692 -0.461538
starsize: 4
isym: 0 ks_vec: -0.384615 0.461538 0.307692
isym: 1 ks_vec: -0.384615 0.307692 0.461538
isym: 2 ks_vec: 0.384615 -0.461538 -0.307692
isym: 3 ks_vec: 0.384615 -0.307692 -0.461538
starsize: 4
isym: 0 ks_vec: -0.307692 0.461538 0.307692
isym: 1 ks_vec: -0.307692 0.307692 0.461538
isym: 2 ks_vec: 0.307692 -0.461538 -0.307692
isym: 3 ks_vec: 0.307692 -0.307692 -0.461538
starsize: 4
isym: 0 ks_vec: -0.230769 0.461538 0.307692
isym: 1 ks_vec: -0.230769 0.307692 0.461538
isym: 2 ks_vec: 0.230769 -0.461538 -0.307692
isym: 3 ks_vec: 0.230769 -0.307692 -0.461538
starsize: 4
isym: 0 ks_vec: -0.153846 0.461538 0.307692
isym: 1 ks_vec: -0.153846 0.307692 0.461538
isym: 2 ks_vec: 0.153846 -0.461538 -0.307692
isym: 3 ks_vec: 0.153846 -0.307692 -0.461538
starsize: 4
isym: 0 ks_vec: -0.0769231 0.461538 0.307692
isym: 1 ks_vec: -0.0769231 0.307692 0.461538
isym: 2 ks_vec: 0.0769231 -0.461538 -0.307692
isym: 3 ks_vec: 0.0769231 -0.307692 -0.461538
starsize: 4
isym: 0 ks_vec: 0 -0.307692 0.461538
isym: 1 ks_vec: 0 0.461538 -0.307692
isym: 2 ks_vec: 0 0.307692 -0.461538
isym: 3 ks_vec: 0 -0.461538 0.307692
starsize: 4
isym: 0 ks_vec: -0.0769231 -0.307692 0.461538
isym: 1 ks_vec: -0.0769231 0.461538 -0.307692
isym: 2 ks_vec: 0.0769231 0.307692 -0.461538
isym: 3 ks_vec: 0.0769231 -0.461538 0.307692
starsize: 4
isym: 0 ks_vec: -0.153846 -0.307692 0.461538
isym: 1 ks_vec: -0.153846 0.461538 -0.307692
isym: 2 ks_vec: 0.153846 0.307692 -0.461538
isym: 3 ks_vec: 0.153846 -0.461538 0.307692
starsize: 4
isym: 0 ks_vec: 0.230769 -0.461538 0.307692
isym: 1 ks_vec: 0.230769 0.307692 -0.461538
isym: 2 ks_vec: -0.230769 0.461538 -0.307692
isym: 3 ks_vec: -0.230769 -0.307692 0.461538
starsize: 4
isym: 0 ks_vec: 0.307692 -0.461538 0.307692
isym: 1 ks_vec: 0.307692 0.307692 -0.461538
isym: 2 ks_vec: -0.307692 0.461538 -0.307692
isym: 3 ks_vec: -0.307692 -0.307692 0.461538
starsize: 4
isym: 0 ks_vec: 0.384615 0.307692 -0.461538
isym: 1 ks_vec: 0.384615 -0.461538 0.307692
isym: 2 ks_vec: -0.384615 -0.307692 0.461538
isym: 3 ks_vec: -0.384615 0.461538 -0.307692
starsize: 4
isym: 0 ks_vec: 0.461538 -0.461538 0.307692
isym: 1 ks_vec: 0.461538 0.307692 -0.461538
isym: 2 ks_vec: -0.461538 0.461538 -0.307692
isym: 3 ks_vec: -0.461538 -0.307692 0.461538
starsize: 4
isym: 0 ks_vec: 0.461538 -0.307692 0.461538
isym: 1 ks_vec: 0.461538 0.461538 -0.307692
isym: 2 ks_vec: -0.461538 0.307692 -0.461538
isym: 3 ks_vec: -0.461538 -0.461538 0.307692
starsize: 4
isym: 0 ks_vec: 0.384615 -0.307692 0.461538
isym: 1 ks_vec: 0.384615 0.461538 -0.307692
isym: 2 ks_vec: -0.384615 0.307692 -0.461538
isym: 3 ks_vec: -0.384615 -0.461538 0.307692
starsize: 4
isym: 0 ks_vec: 0.307692 0.461538 -0.307692
isym: 1 ks_vec: 0.307692 -0.307692 0.461538
isym: 2 ks_vec: -0.307692 -0.461538 0.307692
isym: 3 ks_vec: -0.307692 0.307692 -0.461538
starsize: 4
isym: 0 ks_vec: 0.230769 0.461538 -0.307692
isym: 1 ks_vec: 0.230769 -0.307692 0.461538
isym: 2 ks_vec: -0.230769 -0.461538 0.307692
isym: 3 ks_vec: -0.230769 0.307692 -0.461538
starsize: 4
isym: 0 ks_vec: 0.153846 -0.307692 0.461538
isym: 1 ks_vec: 0.153846 0.461538 -0.307692
isym: 2 ks_vec: -0.153846 0.307692 -0.461538
isym: 3 ks_vec: -0.153846 -0.461538 0.307692
starsize: 4
isym: 0 ks_vec: 0.0769231 -0.307692 0.461538
isym: 1 ks_vec: 0.0769231 0.461538 -0.307692
isym: 2 ks_vec: -0.0769231 0.307692 -0.461538
isym: 3 ks_vec: -0.0769231 -0.461538 0.307692
starsize: 4
isym: 0 ks_vec: 0 -0.307692 0.384615
isym: 1 ks_vec: 0 0.384615 -0.307692
isym: 2 ks_vec: 0 0.307692 -0.384615
isym: 3 ks_vec: 0 -0.384615 0.307692
starsize: 4
isym: 0 ks_vec: -0.0769231 -0.307692 0.384615
isym: 1 ks_vec: -0.0769231 0.384615 -0.307692
isym: 2 ks_vec: 0.0769231 0.307692 -0.384615
isym: 3 ks_vec: 0.0769231 -0.384615 0.307692
starsize: 4
isym: 0 ks_vec: 0.153846 0.307692 -0.384615
isym: 1 ks_vec: 0.153846 -0.384615 0.307692
isym: 2 ks_vec: -0.153846 -0.307692 0.384615
isym: 3 ks_vec: -0.153846 0.384615 -0.307692
starsize: 4
isym: 0 ks_vec: 0.230769 0.307692 -0.384615
isym: 1 ks_vec: 0.230769 -0.384615 0.307692
isym: 2 ks_vec: -0.230769 -0.307692 0.384615
isym: 3 ks_vec: -0.230769 0.384615 -0.307692
starsize: 4
isym: 0 ks_vec: 0.307692 0.307692 -0.384615
isym: 1 ks_vec: 0.307692 -0.384615 0.307692
isym: 2 ks_vec: -0.307692 -0.307692 0.384615
isym: 3 ks_vec: -0.307692 0.384615 -0.307692
starsize: 4
isym: 0 ks_vec: 0.384615 -0.384615 0.307692
isym: 1 ks_vec: 0.384615 0.307692 -0.384615
isym: 2 ks_vec: -0.384615 0.384615 -0.307692
isym: 3 ks_vec: -0.384615 -0.307692 0.384615
starsize: 4
isym: 0 ks_vec: 0.461538 -0.384615 0.307692
isym: 1 ks_vec: 0.461538 0.307692 -0.384615
isym: 2 ks_vec: -0.461538 0.384615 -0.307692
isym: 3 ks_vec: -0.461538 -0.307692 0.384615
starsize: 4
isym: 0 ks_vec: 0.461538 -0.307692 0.384615
isym: 1 ks_vec: 0.461538 0.384615 -0.307692
isym: 2 ks_vec: -0.461538 0.307692 -0.384615
isym: 3 ks_vec: -0.461538 -0.384615 0.307692
starsize: 4
isym: 0 ks_vec: 0.384615 -0.307692 0.384615
isym: 1 ks_vec: 0.384615 0.384615 -0.307692
isym: 2 ks_vec: -0.384615 0.307692 -0.384615
isym: 3 ks_vec: -0.384615 -0.384615 0.307692
starsize: 4
isym: 0 ks_vec: 0.307692 0.384615 -0.307692
isym: 1 ks_vec: 0.307692 -0.307692 0.384615
isym: 2 ks_vec: -0.307692 -0.384615 0.307692
isym: 3 ks_vec: -0.307692 0.307692 -0.384615
starsize: 4
isym: 0 ks_vec: 0.230769 -0.307692 0.384615
isym: 1 ks_vec: 0.230769 0.384615 -0.307692
isym: 2 ks_vec: -0.230769 0.307692 -0.384615
isym: 3 ks_vec: -0.230769 -0.384615 0.307692
starsize: 4
isym: 0 ks_vec: 0.153846 -0.307692 0.384615
isym: 1 ks_vec: 0.153846 0.384615 -0.307692
isym: 2 ks_vec: -0.153846 0.307692 -0.384615
isym: 3 ks_vec: -0.153846 -0.384615 0.307692
starsize: 4
isym: 0 ks_vec: 0.0769231 -0.307692 0.384615
isym: 1 ks_vec: 0.0769231 0.384615 -0.307692
isym: 2 ks_vec: -0.0769231 0.307692 -0.384615
isym: 3 ks_vec: -0.0769231 -0.384615 0.307692
starsize: 2
isym: 0 ks_vec: 0 -0.307692 0.307692
isym: 1 ks_vec: 0 0.307692 -0.307692
starsize: 4
isym: 0 ks_vec: 0.0769231 -0.307692 0.307692
isym: 1 ks_vec: 0.0769231 0.307692 -0.307692
isym: 2 ks_vec: -0.0769231 0.307692 -0.307692
isym: 3 ks_vec: -0.0769231 -0.307692 0.307692
starsize: 4
isym: 0 ks_vec: 0.153846 0.307692 -0.307692
isym: 1 ks_vec: 0.153846 -0.307692 0.307692
isym: 2 ks_vec: -0.153846 -0.307692 0.307692
isym: 3 ks_vec: -0.153846 0.307692 -0.307692
starsize: 4
isym: 0 ks_vec: 0.230769 0.307692 -0.307692
isym: 1 ks_vec: 0.230769 -0.307692 0.307692
isym: 2 ks_vec: -0.230769 -0.307692 0.307692
isym: 3 ks_vec: -0.230769 0.307692 -0.307692
starsize: 4
isym: 0 ks_vec: 0.307692 0.307692 -0.307692
isym: 1 ks_vec: 0.307692 -0.307692 0.307692
isym: 2 ks_vec: -0.307692 -0.307692 0.307692
isym: 3 ks_vec: -0.307692 0.307692 -0.307692
starsize: 4
isym: 0 ks_vec: 0.384615 -0.307692 0.307692
isym: 1 ks_vec: 0.384615 0.307692 -0.307692
isym: 2 ks_vec: -0.384615 0.307692 -0.307692
isym: 3 ks_vec: -0.384615 -0.307692 0.307692
starsize: 4
isym: 0 ks_vec: 0.461538 -0.307692 0.307692
isym: 1 ks_vec: 0.461538 0.307692 -0.307692
isym: 2 ks_vec: -0.461538 0.307692 -0.307692
isym: 3 ks_vec: -0.461538 -0.307692 0.307692
starsize: 2
isym: 0 ks_vec: 0 0.384615 0.384615
isym: 2 ks_vec: 0 -0.384615 -0.384615
starsize: 2
isym: 0 ks_vec: 0.0769231 0.384615 0.384615
isym: 2 ks_vec: -0.0769231 -0.384615 -0.384615
starsize: 2
isym: 0 ks_vec: 0.153846 0.384615 0.384615
isym: 2 ks_vec: -0.153846 -0.384615 -0.384615
starsize: 2
isym: 0 ks_vec: 0.230769 0.384615 0.384615
isym: 2 ks_vec: -0.230769 -0.384615 -0.384615
starsize: 2
isym: 0 ks_vec: 0.307692 0.384615 0.384615
isym: 2 ks_vec: -0.307692 -0.384615 -0.384615
starsize: 2
isym: 0 ks_vec: 0.384615 0.384615 0.384615
isym: 2 ks_vec: -0.384615 -0.384615 -0.384615
starsize: 2
isym: 0 ks_vec: 0.461538 0.384615 0.384615
isym: 2 ks_vec: -0.461538 -0.384615 -0.384615
starsize: 2
isym: 0 ks_vec: -0.461538 0.384615 0.384615
isym: 2 ks_vec: 0.461538 -0.384615 -0.384615
starsize: 2
isym: 0 ks_vec: -0.384615 0.384615 0.384615
isym: 2 ks_vec: 0.384615 -0.384615 -0.384615
starsize: 2
isym: 0 ks_vec: -0.307692 0.384615 0.384615
isym: 2 ks_vec: 0.307692 -0.384615 -0.384615
starsize: 2
isym: 0 ks_vec: -0.230769 0.384615 0.384615
isym: 2 ks_vec: 0.230769 -0.384615 -0.384615
starsize: 2
isym: 0 ks_vec: -0.153846 0.384615 0.384615
isym: 2 ks_vec: 0.153846 -0.384615 -0.384615
starsize: 2
isym: 0 ks_vec: -0.0769231 0.384615 0.384615
isym: 2 ks_vec: 0.0769231 -0.384615 -0.384615
starsize: 4
isym: 0 ks_vec: 0 0.461538 0.384615
isym: 1 ks_vec: 0 0.384615 0.461538
isym: 2 ks_vec: 0 -0.461538 -0.384615
isym: 3 ks_vec: 0 -0.384615 -0.461538
starsize: 4
isym: 0 ks_vec: 0.0769231 0.461538 0.384615
isym: 1 ks_vec: 0.0769231 0.384615 0.461538
isym: 2 ks_vec: -0.0769231 -0.461538 -0.384615
isym: 3 ks_vec: -0.0769231 -0.384615 -0.461538
starsize: 4
isym: 0 ks_vec: 0.153846 0.461538 0.384615
isym: 1 ks_vec: 0.153846 0.384615 0.461538
isym: 2 ks_vec: -0.153846 -0.461538 -0.384615
isym: 3 ks_vec: -0.153846 -0.384615 -0.461538
starsize: 4
isym: 0 ks_vec: 0.230769 0.461538 0.384615
isym: 1 ks_vec: 0.230769 0.384615 0.461538
isym: 2 ks_vec: -0.230769 -0.461538 -0.384615
isym: 3 ks_vec: -0.230769 -0.384615 -0.461538
starsize: 4
isym: 0 ks_vec: 0.307692 0.461538 0.384615
isym: 1 ks_vec: 0.307692 0.384615 0.461538
isym: 2 ks_vec: -0.307692 -0.461538 -0.384615
isym: 3 ks_vec: -0.307692 -0.384615 -0.461538
starsize: 4
isym: 0 ks_vec: 0.384615 0.461538 0.384615
isym: 1 ks_vec: 0.384615 0.384615 0.461538
isym: 2 ks_vec: -0.384615 -0.461538 -0.384615
isym: 3 ks_vec: -0.384615 -0.384615 -0.461538
starsize: 4
isym: 0 ks_vec: 0.461538 0.461538 0.384615
isym: 1 ks_vec: 0.461538 0.384615 0.461538
isym: 2 ks_vec: -0.461538 -0.461538 -0.384615
isym: 3 ks_vec: -0.461538 -0.384615 -0.461538
starsize: 4
isym: 0 ks_vec: -0.461538 0.461538 0.384615
isym: 1 ks_vec: -0.461538 0.384615 0.461538
isym: 2 ks_vec: 0.461538 -0.461538 -0.384615
isym: 3 ks_vec: 0.461538 -0.384615 -0.461538
starsize: 4
isym: 0 ks_vec: -0.384615 0.461538 0.384615
isym: 1 ks_vec: -0.384615 0.384615 0.461538
isym: 2 ks_vec: 0.384615 -0.461538 -0.384615
isym: 3 ks_vec: 0.384615 -0.384615 -0.461538
starsize: 4
isym: 0 ks_vec: -0.307692 0.461538 0.384615
isym: 1 ks_vec: -0.307692 0.384615 0.461538
isym: 2 ks_vec: 0.307692 -0.461538 -0.384615
isym: 3 ks_vec: 0.307692 -0.384615 -0.461538
starsize: 4
isym: 0 ks_vec: -0.230769 0.461538 0.384615
isym: 1 ks_vec: -0.230769 0.384615 0.461538
isym: 2 ks_vec: 0.230769 -0.461538 -0.384615
isym: 3 ks_vec: 0.230769 -0.384615 -0.461538
starsize: 4
isym: 0 ks_vec: -0.153846 0.461538 0.384615
isym: 1 ks_vec: -0.153846 0.384615 0.461538
isym: 2 ks_vec: 0.153846 -0.461538 -0.384615
isym: 3 ks_vec: 0.153846 -0.384615 -0.461538
starsize: 4
isym: 0 ks_vec: -0.0769231 0.461538 0.384615
isym: 1 ks_vec: -0.0769231 0.384615 0.461538
isym: 2 ks_vec: 0.0769231 -0.461538 -0.384615
isym: 3 ks_vec: 0.0769231 -0.384615 -0.461538
starsize: 4
isym: 0 ks_vec: 0 -0.384615 0.461538
isym: 1 ks_vec: 0 0.461538 -0.384615
isym: 2 ks_vec: 0 0.384615 -0.461538
isym: 3 ks_vec: 0 -0.461538 0.384615
starsize: 4
isym: 0 ks_vec: 0.0769231 -0.461538 0.384615
isym: 1 ks_vec: 0.0769231 0.384615 -0.461538
isym: 2 ks_vec: -0.0769231 0.461538 -0.384615
isym: 3 ks_vec: -0.0769231 -0.384615 0.461538
starsize: 4
isym: 0 ks_vec: 0.153846 -0.461538 0.384615
isym: 1 ks_vec: 0.153846 0.384615 -0.461538
isym: 2 ks_vec: -0.153846 0.461538 -0.384615
isym: 3 ks_vec: -0.153846 -0.384615 0.461538
starsize: 4
isym: 0 ks_vec: 0.230769 -0.461538 0.384615
isym: 1 ks_vec: 0.230769 0.384615 -0.461538
isym: 2 ks_vec: -0.230769 0.461538 -0.384615
isym: 3 ks_vec: -0.230769 -0.384615 0.461538
starsize: 4
isym: 0 ks_vec: 0.307692 -0.461538 0.384615
isym: 1 ks_vec: 0.307692 0.384615 -0.461538
isym: 2 ks_vec: -0.307692 0.461538 -0.384615
isym: 3 ks_vec: -0.307692 -0.384615 0.461538
starsize: 4
isym: 0 ks_vec: 0.384615 0.384615 -0.461538
isym: 1 ks_vec: 0.384615 -0.461538 0.384615
isym: 2 ks_vec: -0.384615 -0.384615 0.461538
isym: 3 ks_vec: -0.384615 0.461538 -0.384615
starsize: 4
isym: 0 ks_vec: 0.461538 -0.461538 0.384615
isym: 1 ks_vec: 0.461538 0.384615 -0.461538
isym: 2 ks_vec: -0.461538 0.461538 -0.384615
isym: 3 ks_vec: -0.461538 -0.384615 0.461538
starsize: 4
isym: 0 ks_vec: 0.461538 -0.384615 0.461538
isym: 1 ks_vec: 0.461538 0.461538 -0.384615
isym: 2 ks_vec: -0.461538 0.384615 -0.461538
isym: 3 ks_vec: -0.461538 -0.461538 0.384615
starsize: 4
isym: 0 ks_vec: 0.384615 -0.384615 0.461538
isym: 1 ks_vec: 0.384615 0.461538 -0.384615
isym: 2 ks_vec: -0.384615 0.384615 -0.461538
isym: 3 ks_vec: -0.384615 -0.461538 0.384615
starsize: 4
isym: 0 ks_vec: 0.307692 0.461538 -0.384615
isym: 1 ks_vec: 0.307692 -0.384615 0.461538
isym: 2 ks_vec: -0.307692 -0.461538 0.384615
isym: 3 ks_vec: -0.307692 0.384615 -0.461538
starsize: 4
isym: 0 ks_vec: 0.230769 0.461538 -0.384615
isym: 1 ks_vec: 0.230769 -0.384615 0.461538
isym: 2 ks_vec: -0.230769 -0.461538 0.384615
isym: 3 ks_vec: -0.230769 0.384615 -0.461538
starsize: 4
isym: 0 ks_vec: 0.153846 -0.384615 0.461538
isym: 1 ks_vec: 0.153846 0.461538 -0.384615
isym: 2 ks_vec: -0.153846 0.384615 -0.461538
isym: 3 ks_vec: -0.153846 -0.461538 0.384615
starsize: 4
isym: 0 ks_vec: 0.0769231 -0.384615 0.461538
isym: 1 ks_vec: 0.0769231 0.461538 -0.384615
isym: 2 ks_vec: -0.0769231 0.384615 -0.461538
isym: 3 ks_vec: -0.0769231 -0.461538 0.384615
starsize: 2
isym: 0 ks_vec: 0 -0.384615 0.384615
isym: 1 ks_vec: 0 0.384615 -0.384615
starsize: 4
isym: 0 ks_vec: 0.0769231 -0.384615 0.384615
isym: 1 ks_vec: 0.0769231 0.384615 -0.384615
isym: 2 ks_vec: -0.0769231 0.384615 -0.384615
isym: 3 ks_vec: -0.0769231 -0.384615 0.384615
starsize: 4
isym: 0 ks_vec: 0.153846 -0.384615 0.384615
isym: 1 ks_vec: 0.153846 0.384615 -0.384615
isym: 2 ks_vec: -0.153846 0.384615 -0.384615
isym: 3 ks_vec: -0.153846 -0.384615 0.384615
starsize: 4
isym: 0 ks_vec: 0.230769 -0.384615 0.384615
isym: 1 ks_vec: 0.230769 0.384615 -0.384615
isym: 2 ks_vec: -0.230769 0.384615 -0.384615
isym: 3 ks_vec: -0.230769 -0.384615 0.384615
starsize: 4
isym: 0 ks_vec: 0.307692 0.384615 -0.384615
isym: 1 ks_vec: 0.307692 -0.384615 0.384615
isym: 2 ks_vec: -0.307692 -0.384615 0.384615
isym: 3 ks_vec: -0.307692 0.384615 -0.384615
starsize: 4
isym: 0 ks_vec: 0.384615 -0.384615 0.384615
isym: 1 ks_vec: 0.384615 0.384615 -0.384615
isym: 2 ks_vec: -0.384615 0.384615 -0.384615
isym: 3 ks_vec: -0.384615 -0.384615 0.384615
starsize: 4
isym: 0 ks_vec: 0.461538 -0.384615 0.384615
isym: 1 ks_vec: 0.461538 0.384615 -0.384615
isym: 2 ks_vec: -0.461538 0.384615 -0.384615
isym: 3 ks_vec: -0.461538 -0.384615 0.384615
starsize: 2
isym: 0 ks_vec: 0 0.461538 0.461538
isym: 2 ks_vec: 0 -0.461538 -0.461538
starsize: 2
isym: 0 ks_vec: 0.0769231 0.461538 0.461538
isym: 2 ks_vec: -0.0769231 -0.461538 -0.461538
starsize: 2
isym: 0 ks_vec: 0.153846 0.461538 0.461538
isym: 2 ks_vec: -0.153846 -0.461538 -0.461538
starsize: 2
isym: 0 ks_vec: 0.230769 0.461538 0.461538
isym: 2 ks_vec: -0.230769 -0.461538 -0.461538
starsize: 2
isym: 0 ks_vec: 0.307692 0.461538 0.461538
isym: 2 ks_vec: -0.307692 -0.461538 -0.461538
starsize: 2
isym: 0 ks_vec: 0.384615 0.461538 0.461538
isym: 2 ks_vec: -0.384615 -0.461538 -0.461538
starsize: 2
isym: 0 ks_vec: 0.461538 0.461538 0.461538
isym: 2 ks_vec: -0.461538 -0.461538 -0.461538
starsize: 2
isym: 0 ks_vec: -0.461538 0.461538 0.461538
isym: 2 ks_vec: 0.461538 -0.461538 -0.461538
starsize: 2
isym: 0 ks_vec: -0.384615 0.461538 0.461538
isym: 2 ks_vec: 0.384615 -0.461538 -0.461538
starsize: 2
isym: 0 ks_vec: -0.307692 0.461538 0.461538
isym: 2 ks_vec: 0.307692 -0.461538 -0.461538
starsize: 2
isym: 0 ks_vec: -0.230769 0.461538 0.461538
isym: 2 ks_vec: 0.230769 -0.461538 -0.461538
starsize: 2
isym: 0 ks_vec: -0.153846 0.461538 0.461538
isym: 2 ks_vec: 0.153846 -0.461538 -0.461538
starsize: 2
isym: 0 ks_vec: -0.0769231 0.461538 0.461538
isym: 2 ks_vec: 0.0769231 -0.461538 -0.461538
starsize: 2
isym: 0 ks_vec: 0 -0.461538 0.461538
isym: 1 ks_vec: 0 0.461538 -0.461538
starsize: 4
isym: 0 ks_vec: 0.0769231 -0.461538 0.461538
isym: 1 ks_vec: 0.0769231 0.461538 -0.461538
isym: 2 ks_vec: -0.0769231 0.461538 -0.461538
isym: 3 ks_vec: -0.0769231 -0.461538 0.461538
starsize: 4
isym: 0 ks_vec: 0.153846 -0.461538 0.461538
isym: 1 ks_vec: 0.153846 0.461538 -0.461538
isym: 2 ks_vec: -0.153846 0.461538 -0.461538
isym: 3 ks_vec: -0.153846 -0.461538 0.461538
starsize: 4
isym: 0 ks_vec: 0.230769 -0.461538 0.461538
isym: 1 ks_vec: 0.230769 0.461538 -0.461538
isym: 2 ks_vec: -0.230769 0.461538 -0.461538
isym: 3 ks_vec: -0.230769 -0.461538 0.461538
starsize: 4
isym: 0 ks_vec: 0.307692 -0.461538 0.461538
isym: 1 ks_vec: 0.307692 0.461538 -0.461538
isym: 2 ks_vec: -0.307692 0.461538 -0.461538
isym: 3 ks_vec: -0.307692 -0.461538 0.461538
starsize: 4
isym: 0 ks_vec: 0.384615 -0.461538 0.461538
isym: 1 ks_vec: 0.384615 0.461538 -0.461538
isym: 2 ks_vec: -0.384615 0.461538 -0.461538
isym: 3 ks_vec: -0.384615 -0.461538 0.461538
starsize: 4
isym: 0 ks_vec: 0.461538 0.461538 -0.461538
isym: 1 ks_vec: 0.461538 -0.461538 0.461538
isym: 2 ks_vec: -0.461538 -0.461538 0.461538
isym: 3 ks_vec: -0.461538 0.461538 -0.461538

K-POINTS CARTESIAN COORDINATES
 KPOINTS CARTESIAN_X CARTESIAN_Y CARTESIAN_Z  WEIGHT
       1  0.00000000  0.00000000  0.00000000  0.0009
       2  0.02475894 -0.01429458 -0.01010780  0.0018
       3  0.04951789 -0.02858916 -0.02021559  0.0018
       4  0.07427683 -0.04288375 -0.03032339  0.0018
       5  0.09903577 -0.05717833 -0.04043118  0.0018
       6  0.12379472 -0.07147291 -0.05053898  0.0018
       7  0.14855366 -0.08576749 -0.06064678  0.0018
       8  0.00000000  0.02858916 -0.01010780  0.0036
       9  0.02475894  0.01429458 -0.02021559  0.0036
      10  0.04951789  0.00000000 -0.03032339  0.0036
      11  0.07427683 -0.01429458 -0.04043118  0.0036
      12  0.09903577 -0.02858916 -0.05053898  0.0036
      13  0.12379472 -0.04288375 -0.06064678  0.0036
      14  0.14855366 -0.05717833 -0.07075457  0.0036
      15  0.14855366 -0.11435666 -0.05053898  0.0036
      16  0.12379472 -0.10006208 -0.04043118  0.0036
      17  0.09903577 -0.08576749 -0.03032339  0.0036
      18  0.07427683 -0.07147291 -0.02021559  0.0036
      19  0.04951789 -0.05717833 -0.01010780  0.0036
      20 -0.02475894  0.04288375  0.00000000  0.0036
      21  0.00000000  0.05717833 -0.02021559  0.0036
      22  0.02475894  0.04288375 -0.03032339  0.0036
      23  0.04951789  0.02858916 -0.04043118  0.0036
      24  0.07427683  0.01429458 -0.05053898  0.0036
      25  0.09903577  0.00000000 -0.06064678  0.0036
      26  0.12379472 -0.01429458 -0.07075457  0.0036
      27  0.14855366 -0.02858916 -0.08086237  0.0036
      28  0.14855366 -0.14294582 -0.04043118  0.0036
      29  0.12379472 -0.12865124 -0.03032339  0.0036
      30  0.09903577 -0.11435666 -0.02021559  0.0036
      31  0.07427683 -0.10006208 -0.01010780  0.0036
      32 -0.04951789  0.08576749  0.00000000  0.0036
      33 -0.02475894  0.07147291 -0.01010780  0.0036
      34  0.00000000  0.08576749 -0.03032339  0.0036
      35  0.02475894  0.07147291 -0.04043118  0.0036
      36  0.04951789  0.05717833 -0.05053898  0.0036
      37  0.07427683  0.04288375 -0.06064678  0.0036
      38  0.09903577  0.02858916 -0.07075457  0.0036
      39  0.12379472  0.01429458 -0.08086237  0.0036
      40  0.14855366  0.00000000 -0.09097017  0.0036
      41  0.14855366 -0.17153499 -0.03032339  0.0036
      42  0.12379472 -0.15724041 -0.02021559  0.0036
      43  0.09903577 -0.14294582 -0.01010780  0.0036
      44 -0.07427683  0.12865124  0.00000000  0.0036
      45 -0.04951789  0.11435666 -0.01010780  0.0036
      46 -0.02475894  0.10006208 -0.02021559  0.0036
      47  0.00000000  0.11435666 -0.04043118  0.0036
      48  0.02475894  0.10006208 -0.05053898  0.0036
      49  0.04951789  0.08576749 -0.06064678  0.0036
      50  0.07427683  0.07147291 -0.07075457  0.0036
      51  0.09903577  0.05717833 -0.08086237  0.0036
      52  0.12379472  0.04288375 -0.09097017  0.0036
      53  0.14855366  0.02858916 -0.10107796  0.0036
      54  0.14855366 -0.20012415 -0.02021559  0.0036
      55  0.12379472 -0.18582957 -0.01010780  0.0036
      56 -0.09903577  0.17153499  0.00000000  0.0036
      57 -0.07427683  0.15724041 -0.01010780  0.0036
      58 -0.04951789  0.14294582 -0.02021559  0.0036
      59 -0.02475894  0.12865124 -0.03032339  0.0036
      60  0.00000000  0.14294582 -0.05053898  0.0036
      61  0.02475894  0.12865124 -0.06064678  0.0036
      62  0.04951789  0.11435666 -0.07075457  0.0036
      63  0.07427683  0.10006208 -0.08086237  0.0036
      64  0.09903577  0.08576749 -0.09097017  0.0036
      65  0.12379472  0.07147291 -0.10107796  0.0036
      66  0.14855366  0.05717833 -0.11118576  0.0036
      67  0.14855366 -0.22871332 -0.01010780  0.0036
      68 -0.12379472  0.21441874  0.00000000  0.0036
      69 -0.09903577  0.20012415 -0.01010780  0.0036
      70 -0.07427683  0.18582957 -0.02021559  0.0036
      71 -0.04951789  0.17153499 -0.03032339  0.0036
      72 -0.02475894  0.15724041 -0.04043118  0.0036
      73  0.00000000  0.17153499 -0.06064678  0.0036
      74  0.02475894  0.15724041 -0.07075457  0.0036
      75  0.04951789  0.14294582 -0.08086237  0.0036
      76  0.07427683  0.12865124 -0.09097017  0.0036
      77  0.09903577  0.11435666 -0.10107796  0.0036
      78  0.12379472  0.10006208 -0.11118576  0.0036
      79  0.14855366  0.08576749 -0.12129355  0.0036
      80 -0.14855366  0.25730248  0.00000000  0.0036
      81 -0.12379472  0.24300790 -0.01010780  0.0036
      82 -0.09903577  0.22871332 -0.02021559  0.0036
      83 -0.07427683  0.21441874 -0.03032339  0.0036
      84 -0.04951789  0.20012415 -0.04043118  0.0036
      85 -0.02475894  0.18582957 -0.05053898  0.0036
      86  0.00000000  0.02858916  0.02021559  0.0018
      87  0.02475894  0.01429458  0.01010780  0.0018
      88  0.04951789  0.00000000  0.00000000  0.0018
      89  0.07427683 -0.01429458 -0.01010780  0.0018
      90  0.09903577 -0.02858916 -0.02021559  0.0018
      91  0.12379472 -0.04288375 -0.03032339  0.0018
      92  0.14855366 -0.05717833 -0.04043118  0.0018
      93  0.14855366 -0.11435666 -0.08086237  0.0018
      94  0.12379472 -0.10006208 -0.07075457  0.0018
      95  0.09903577 -0.08576749 -0.06064678  0.0018
      96  0.07427683 -0.07147291 -0.05053898  0.0018
      97 -0.04951789  0.05717833  0.04043118  0.0018
      98 -0.02475894  0.04288375  0.03032339  0.0018
      99  0.00000000  0.05717833  0.01010780  0.0036
     100  0.02475894  0.04288375  0.00000000  0.0036
     101  0.04951789  0.02858916 -0.01010780  0.0036
     102  0.07427683  0.01429458 -0.02021559  0.0036
     103  0.09903577  0.00000000 -0.03032339  0.0036
     104  0.12379472 -0.01429458 -0.04043118  0.0036
     105  0.14855366 -0.02858916 -0.05053898  0.0036
     106  0.14855366 -0.11435666 -0.11118576  0.0036
     107  0.12379472 -0.10006208 -0.10107796  0.0036
     108  0.09903577 -0.08576749 -0.09097017  0.0036
     109 -0.07427683  0.10006208  0.04043118  0.0036
     110 -0.04951789  0.05717833  0.07075457  0.0036
     111 -0.02475894  0.07147291  0.02021559  0.0036
     112  0.00000000  0.08576749  0.00000000  0.0036
     113  0.02475894  0.07147291 -0.01010780  0.0036
     114  0.04951789  0.05717833 -0.02021559  0.0036
     115  0.07427683  0.04288375 -0.03032339  0.0036
     116  0.09903577  0.02858916 -0.04043118  0.0036
     117  0.12379472  0.01429458 -0.05053898  0.0036
     118  0.14855366  0.00000000 -0.06064678  0.0036
     119  0.14855366 -0.11435666 -0.14150915  0.0036
     120  0.12379472 -0.10006208 -0.13140135  0.0036
     121  0.09903577 -0.08576749 -0.12129355  0.0036
     122 -0.07427683  0.12865124  0.03032339  0.0036
     123 -0.04951789  0.11435666  0.02021559  0.0036
     124 -0.02475894  0.10006208  0.01010780  0.0036
     125  0.00000000  0.11435666 -0.01010780  0.0036
     126  0.02475894  0.10006208 -0.02021559  0.0036
     127  0.04951789  0.08576749 -0.03032339  0.0036
     128  0.07427683  0.07147291 -0.04043118  0.0036
     129  0.09903577  0.05717833 -0.05053898  0.0036
     130  0.12379472  0.04288375 -0.06064678  0.0036
     131  0.14855366  0.02858916 -0.07075457  0.0036
     132  0.14855366 -0.20012415 -0.05053898  0.0036
     133  0.12379472 -0.10006208 -0.16172474  0.0036
     134 -0.09903577  0.17153499  0.03032339  0.0036
     135 -0.07427683  0.15724041  0.02021559  0.0036
     136 -0.04951789  0.14294582  0.01010780  0.0036
     137 -0.02475894  0.12865124  0.00000000  0.0036
     138  0.00000000  0.14294582 -0.02021559  0.0036
     139  0.02475894  0.12865124 -0.03032339  0.0036
     140  0.04951789  0.11435666 -0.04043118  0.0036
     141  0.07427683  0.10006208 -0.05053898  0.0036
     142  0.09903577  0.08576749 -0.06064678  0.0036
     143  0.12379472  0.07147291 -0.07075457  0.0036
     144  0.14855366  0.05717833 -0.08086237  0.0036
     145  0.14855366 -0.22871332 -0.04043118  0.0036
     146 -0.12379472  0.21441874  0.03032339  0.0036
     147 -0.09903577  0.20012415  0.02021559  0.0036
     148 -0.07427683  0.18582957  0.01010780  0.0036
     149 -0.04951789  0.17153499  0.00000000  0.0036
     150 -0.02475894  0.15724041 -0.01010780  0.0036
     151  0.00000000  0.17153499 -0.03032339  0.0036
     152  0.02475894  0.15724041 -0.04043118  0.0036
     153  0.04951789  0.14294582 -0.05053898  0.0036
     154  0.07427683  0.12865124 -0.06064678  0.0036
     155  0.09903577  0.11435666 -0.07075457  0.0036
     156  0.12379472  0.10006208 -0.08086237  0.0036
     157  0.14855366  0.08576749 -0.09097017  0.0036
     158 -0.14855366  0.25730248  0.03032339  0.0036
     159 -0.12379472  0.24300790  0.02021559  0.0036
     160 -0.09903577  0.22871332  0.01010780  0.0036
     161 -0.07427683  0.21441874  0.00000000  0.0036
     162 -0.04951789  0.20012415 -0.01010780  0.0036
     163 -0.02475894  0.18582957 -0.02021559  0.0036
     164  0.00000000 -0.02858916  0.19204813  0.0036
     165 -0.02475894 -0.01429458  0.20215592  0.0036
     166 -0.04951789  0.00000000  0.21226372  0.0036
     167 -0.07427683  0.01429458  0.22237152  0.0036
     168 -0.09903577  0.22871332 -0.05053898  0.0036
     169 -0.12379472  0.24300790 -0.04043118  0.0036
     170  0.14855366 -0.25730248  0.03032339  0.0036
     171  0.14855366 -0.11435666  0.13140135  0.0036
     172  0.12379472 -0.10006208  0.14150915  0.0036
     173  0.09903577 -0.08576749  0.15161694  0.0036
     174  0.07427683 -0.07147291  0.16172474  0.0036
     175  0.04951789 -0.05717833  0.17183253  0.0036
     176  0.02475894 -0.04288375  0.18194033  0.0036
     177  0.00000000 -0.02858916  0.16172474  0.0036
     178 -0.02475894 -0.01429458  0.17183253  0.0036
     179 -0.04951789  0.00000000  0.18194033  0.0036
     180 -0.07427683  0.01429458  0.19204813  0.0036
     181 -0.09903577  0.02858916  0.20215592  0.0036
     182  0.12379472 -0.21441874  0.03032339  0.0036
     183  0.14855366 -0.22871332  0.02021559  0.0036
     184  0.14855366 -0.11435666  0.10107796  0.0036
     185  0.12379472 -0.10006208  0.11118576  0.0036
     186  0.09903577 -0.08576749  0.12129355  0.0036
     187  0.07427683 -0.07147291  0.13140135  0.0036
     188  0.04951789 -0.05717833  0.14150915  0.0036
     189  0.02475894 -0.04288375  0.15161694  0.0036
     190  0.00000000 -0.02858916  0.13140135  0.0036
     191 -0.02475894 -0.01429458  0.14150915  0.0036
     192 -0.04951789  0.00000000  0.15161694  0.0036
     193 -0.07427683  0.01429458  0.16172474  0.0036
     194  0.09903577 -0.17153499  0.03032339  0.0036
     195  0.12379472 -0.18582957  0.02021559  0.0036
     196  0.14855366 -0.20012415  0.01010780  0.0036
     197  0.14855366 -0.11435666  0.07075457  0.0036
     198  0.12379472 -0.10006208  0.08086237  0.0036
     199  0.09903577 -0.08576749  0.09097017  0.0036
     200  0.07427683 -0.07147291  0.10107796  0.0036
     201  0.04951789 -0.05717833  0.11118576  0.0036
     202  0.02475894 -0.04288375  0.12129355  0.0036
     203  0.00000000 -0.02858916  0.10107796  0.0036
     204 -0.02475894 -0.01429458  0.11118576  0.0036
     205  0.04951789 -0.11435666  0.04043118  0.0036
     206  0.07427683 -0.12865124  0.03032339  0.0036
     207  0.09903577 -0.14294582  0.02021559  0.0036
     208  0.12379472 -0.15724041  0.01010780  0.0036
     209  0.14855366 -0.17153499  0.00000000  0.0036
     210  0.14855366 -0.11435666  0.04043118  0.0036
     211  0.12379472 -0.10006208  0.05053898  0.0036
     212  0.09903577 -0.08576749  0.06064678  0.0036
     213  0.07427683 -0.07147291  0.07075457  0.0036
     214  0.04951789 -0.05717833  0.08086237  0.0036
     215  0.02475894 -0.04288375  0.09097017  0.0036
     216  0.00000000 -0.02858916  0.07075457  0.0036
     217  0.02475894 -0.07147291  0.04043118  0.0036
     218  0.04951789  0.00000000 -0.09097017  0.0036
     219  0.07427683 -0.10006208  0.02021559  0.0036
     220  0.09903577 -0.11435666  0.01010780  0.0036
     221  0.12379472 -0.12865124  0.00000000  0.0036
     222  0.14855366 -0.14294582 -0.01010780  0.0036
     223  0.14855366 -0.11435666  0.01010780  0.0036
     224  0.12379472 -0.10006208  0.02021559  0.0036
     225  0.09903577 -0.08576749  0.03032339  0.0036
     226  0.07427683 -0.07147291  0.04043118  0.0036
     227  0.04951789 -0.05717833  0.05053898  0.0036
     228  0.02475894 -0.04288375  0.06064678  0.0036
     229  0.00000000 -0.02858916  0.04043118  0.0018
     230  0.02475894 -0.04288375  0.03032339  0.0036
     231  0.04951789 -0.05717833  0.02021559  0.0036
     232  0.07427683 -0.07147291  0.01010780  0.0036
     233  0.09903577 -0.08576749  0.00000000  0.0036
     234  0.12379472 -0.10006208 -0.01010780  0.0036
     235  0.14855366 -0.11435666 -0.02021559  0.0036
     236  0.00000000  0.05717833  0.04043118  0.0018
     237  0.02475894  0.04288375  0.03032339  0.0018
     238  0.04951789  0.02858916  0.02021559  0.0018
     239  0.07427683  0.01429458  0.01010780  0.0018
     240  0.09903577  0.00000000  0.00000000  0.0018
     241  0.12379472 -0.01429458 -0.01010780  0.0018
     242  0.14855366 -0.02858916 -0.02021559  0.0018
     243  0.14855366 -0.14294582 -0.10107796  0.0018
     244  0.12379472 -0.12865124 -0.09097017  0.0018
     245  0.09903577 -0.11435666 -0.08086237  0.0018
     246 -0.07427683  0.10006208  0.07075457  0.0018
     247 -0.04951789  0.08576749  0.06064678  0.0018
     248 -0.02475894  0.07147291  0.05053898  0.0018
     249  0.00000000  0.08576749  0.03032339  0.0036
     250  0.02475894  0.07147291  0.02021559  0.0036
     251  0.04951789  0.05717833  0.01010780  0.0036
     252  0.07427683  0.04288375  0.00000000  0.0036
     253  0.09903577  0.02858916 -0.01010780  0.0036
     254  0.12379472  0.01429458 -0.02021559  0.0036
     255  0.14855366  0.00000000 -0.03032339  0.0036
     256  0.14855366 -0.14294582 -0.13140135  0.0036
     257  0.12379472 -0.12865124 -0.12129355  0.0036
     258 -0.09903577  0.14294582  0.07075457  0.0036
     259 -0.07427683  0.12865124  0.06064678  0.0036
     260 -0.04951789  0.11435666  0.05053898  0.0036
     261 -0.02475894  0.10006208  0.04043118  0.0036
     262  0.00000000  0.11435666  0.02021559  0.0036
     263  0.02475894  0.10006208  0.01010780  0.0036
     264  0.04951789  0.08576749  0.00000000  0.0036
     265  0.07427683  0.07147291 -0.01010780  0.0036
     266  0.09903577  0.00000000  0.06064678  0.0036
     267  0.12379472  0.04288375 -0.03032339  0.0036
     268  0.14855366  0.02858916 -0.04043118  0.0036
     269  0.14855366 -0.14294582 -0.16172474  0.0036
     270 -0.12379472  0.18582957  0.07075457  0.0036
     271 -0.09903577  0.17153499  0.06064678  0.0036
     272 -0.07427683  0.10006208  0.13140135  0.0036
     273 -0.04951789  0.14294582  0.04043118  0.0036
     274 -0.02475894  0.12865124  0.03032339  0.0036
     275  0.00000000  0.14294582  0.01010780  0.0036
     276  0.02475894  0.12865124  0.00000000  0.0036
     277  0.04951789  0.02858916  0.11118576  0.0036
     278  0.07427683  0.01429458  0.10107796  0.0036
     279  0.09903577  0.08576749 -0.03032339  0.0036
     280  0.12379472  0.07147291 -0.04043118  0.0036
     281  0.14855366  0.05717833 -0.05053898  0.0036
     282 -0.14855366  0.14294582  0.19204813  0.0036
     283 -0.12379472  0.21441874  0.06064678  0.0036
     284 -0.09903577  0.20012415  0.05053898  0.0036
     285 -0.07427683  0.18582957  0.04043118  0.0036
     286 -0.04951789  0.17153499  0.03032339  0.0036
     287 -0.02475894  0.15724041  0.02021559  0.0036
     288  0.00000000  0.17153499  0.00000000  0.0036
     289  0.02475894  0.15724041 -0.01010780  0.0036
     290  0.04951789  0.14294582 -0.02021559  0.0036
     291  0.07427683  0.12865124 -0.03032339  0.0036
     292  0.09903577  0.11435666 -0.04043118  0.0036
     293  0.12379472  0.10006208 -0.05053898  0.0036
     294  0.14855366  0.08576749 -0.06064678  0.0036
     295 -0.14855366  0.14294582  0.22237152  0.0036
     296 -0.12379472  0.24300790  0.05053898  0.0036
     297 -0.09903577  0.22871332  0.04043118  0.0036
     298 -0.07427683  0.21441874  0.03032339  0.0036
     299 -0.04951789  0.20012415  0.02021559  0.0036
     300 -0.02475894  0.18582957  0.01010780  0.0036
     301  0.00000000 -0.05717833  0.20215592  0.0036
     302 -0.02475894 -0.04288375  0.21226372  0.0036
     303 -0.04951789 -0.02858916  0.22237152  0.0036
     304 -0.07427683 -0.01429458  0.23247931  0.0036
     305 -0.09903577  0.00000000  0.24258711  0.0036
     306  0.12379472 -0.01429458 -0.25269490  0.0036
     307  0.14855366 -0.02858916 -0.26280270  0.0036
     308  0.14855366 -0.14294582  0.14150915  0.0036
     309  0.12379472 -0.12865124  0.15161694  0.0036
     310  0.09903577 -0.11435666  0.16172474  0.0036
     311  0.07427683 -0.10006208  0.17183253  0.0036
     312  0.04951789 -0.08576749  0.18194033  0.0036
     313  0.02475894 -0.07147291  0.19204813  0.0036
     314  0.00000000 -0.05717833  0.17183253  0.0036
     315 -0.02475894 -0.04288375  0.18194033  0.0036
     316 -0.04951789 -0.02858916  0.19204813  0.0036
     317 -0.07427683 -0.01429458  0.20215592  0.0036
     318  0.09903577  0.00000000 -0.21226372  0.0036
     319  0.12379472 -0.21441874  0.06064678  0.0036
     320  0.14855366 -0.22871332  0.05053898  0.0036
     321  0.14855366 -0.14294582  0.11118576  0.0036
     322  0.12379472 -0.12865124  0.12129355  0.0036
     323  0.09903577 -0.11435666  0.13140135  0.0036
     324  0.07427683 -0.10006208  0.14150915  0.0036
     325  0.04951789 -0.08576749  0.15161694  0.0036
     326  0.02475894 -0.07147291  0.16172474  0.0036
     327  0.00000000 -0.05717833  0.14150915  0.0036
     328 -0.02475894 -0.04288375  0.15161694  0.0036
     329 -0.04951789 -0.02858916  0.16172474  0.0036
     330  0.07427683 -0.15724041  0.07075457  0.0036
     331  0.09903577  0.00000000 -0.18194033  0.0036
     332  0.12379472 -0.18582957  0.05053898  0.0036
     333  0.14855366 -0.20012415  0.04043118  0.0036
     334  0.14855366 -0.14294582  0.08086237  0.0036
     335  0.12379472 -0.12865124  0.09097017  0.0036
     336  0.09903577 -0.11435666  0.10107796  0.0036
     337  0.07427683 -0.10006208  0.11118576  0.0036
     338  0.04951789  0.08576749 -0.12129355  0.0036
     339  0.02475894 -0.07147291  0.13140135  0.0036
     340  0.00000000 -0.05717833  0.11118576  0.0036
     341  0.02475894 -0.10006208  0.08086237  0.0036
     342  0.04951789 -0.11435666  0.07075457  0.0036
     343  0.07427683 -0.12865124  0.06064678  0.0036
     344  0.09903577  0.00000000 -0.15161694  0.0036
     345  0.12379472 -0.15724041  0.04043118  0.0036
     346  0.14855366 -0.17153499  0.03032339  0.0036
     347  0.14855366 -0.14294582  0.05053898  0.0036
     348  0.12379472 -0.12865124  0.06064678  0.0036
     349  0.09903577  0.02858916 -0.13140135  0.0036
     350  0.07427683 -0.10006208  0.08086237  0.0036
     351  0.04951789 -0.08576749  0.09097017  0.0036
     352  0.02475894 -0.07147291  0.10107796  0.0036
     353  0.00000000 -0.05717833  0.08086237  0.0018
     354  0.02475894 -0.07147291  0.07075457  0.0036
     355  0.04951789 -0.08576749  0.06064678  0.0036
     356  0.07427683 -0.10006208  0.05053898  0.0036
     357  0.09903577  0.00000000 -0.12129355  0.0036
     358  0.12379472 -0.12865124  0.03032339  0.0036
     359  0.14855366 -0.14294582  0.02021559  0.0036
     360  0.00000000  0.08576749  0.06064678  0.0018
     361  0.02475894  0.07147291  0.05053898  0.0018
     362  0.04951789  0.05717833  0.04043118  0.0018
     363  0.07427683  0.04288375  0.03032339  0.0018
     364  0.09903577  0.02858916  0.02021559  0.0018
     365  0.12379472  0.01429458  0.01010780  0.0018
     366  0.14855366  0.00000000  0.00000000  0.0018
     367  0.14855366 -0.17153499 -0.12129355  0.0018
     368 -0.12379472  0.15724041  0.11118576  0.0018
     369 -0.09903577  0.14294582  0.10107796  0.0018
     370 -0.07427683  0.12865124  0.09097017  0.0018
     371 -0.04951789  0.11435666  0.08086237  0.0018
     372 -0.02475894  0.10006208  0.07075457  0.0018
     373  0.00000000  0.11435666  0.05053898  0.0036
     374  0.02475894  0.10006208  0.04043118  0.0036
     375  0.04951789  0.08576749  0.03032339  0.0036
     376  0.07427683  0.07147291  0.02021559  0.0036
     377  0.09903577  0.02858916  0.05053898  0.0036
     378  0.12379472  0.04288375  0.00000000  0.0036
     379  0.14855366  0.02858916 -0.01010780  0.0036
     380 -0.14855366  0.20012415  0.11118576  0.0036
     381 -0.12379472  0.18582957  0.10107796  0.0036
     382 -0.09903577  0.17153499  0.09097017  0.0036
     383 -0.07427683  0.12865124  0.12129355  0.0036
     384 -0.04951789  0.11435666  0.11118576  0.0036
     385 -0.02475894  0.12865124  0.06064678  0.0036
     386  0.00000000  0.14294582  0.04043118  0.0036
     387  0.02475894  0.12865124  0.03032339  0.0036
     388  0.04951789  0.05717833  0.10107796  0.0036
     389  0.07427683  0.10006208  0.01010780  0.0036
     390  0.09903577  0.08576749  0.00000000  0.0036
     391  0.12379472  0.07147291 -0.01010780  0.0036
     392  0.14855366  0.05717833 -0.02021559  0.0036
     393 -0.14855366  0.17153499  0.18194033  0.0036
     394 -0.12379472  0.21441874  0.09097017  0.0036
     395 -0.09903577  0.20012415  0.08086237  0.0036
     396 -0.07427683  0.18582957  0.07075457  0.0036
     397 -0.04951789  0.17153499  0.06064678  0.0036
     398 -0.02475894  0.15724041  0.05053898  0.0036
     399  0.00000000  0.17153499  0.03032339  0.0036
     400  0.02475894  0.15724041  0.02021559  0.0036
     401  0.04951789  0.14294582  0.01010780  0.0036
     402  0.07427683  0.12865124  0.00000000  0.0036
     403  0.09903577  0.11435666 -0.01010780  0.0036
     404  0.12379472  0.10006208 -0.02021559  0.0036
     405  0.14855366  0.08576749 -0.03032339  0.0036
     406 -0.14855366  0.17153499  0.21226372  0.0036
     407 -0.12379472  0.24300790  0.08086237  0.0036
     408 -0.09903577  0.22871332  0.07075457  0.0036
     409 -0.07427683  0.21441874  0.06064678  0.0036
     410 -0.04951789  0.20012415  0.05053898  0.0036
     411 -0.02475894  0.18582957  0.04043118  0.0036
     412  0.00000000 -0.08576749  0.21226372  0.0036
     413 -0.02475894 -0.07147291  0.22237152  0.0036
     414 -0.04951789 -0.05717833  0.23247931  0.0036
     415 -0.07427683 -0.04288375  0.24258711  0.0036
     416  0.09903577 -0.22871332  0.11118576  0.0036
     417  0.12379472  0.01429458 -0.26280270  0.0036
     418  0.14855366  0.00000000 -0.27291050  0.0036
     419  0.14855366 -0.17153499  0.15161694  0.0036
     420  0.12379472 -0.15724041  0.16172474  0.0036
     421  0.09903577 -0.14294582  0.17183253  0.0036
     422  0.07427683 -0.12865124  0.18194033  0.0036
     423  0.04951789 -0.11435666  0.19204813  0.0036
     424  0.02475894 -0.10006208  0.20215592  0.0036
     425  0.00000000 -0.08576749  0.18194033  0.0036
     426 -0.02475894 -0.07147291  0.19204813  0.0036
     427 -0.04951789  0.17153499 -0.12129355  0.0036
     428  0.07427683 -0.18582957  0.11118576  0.0036
     429  0.09903577  0.02858916 -0.22237152  0.0036
     430  0.12379472 -0.21441874  0.09097017  0.0036
     431  0.14855366 -0.22871332  0.08086237  0.0036
     432  0.14855366 -0.17153499  0.12129355  0.0036
     433  0.12379472 -0.15724041  0.13140135  0.0036
     434  0.09903577 -0.14294582  0.14150915  0.0036
     435  0.07427683 -0.12865124  0.15161694  0.0036
     436  0.04951789 -0.11435666  0.16172474  0.0036
     437  0.02475894 -0.10006208  0.17183253  0.0036
     438  0.00000000 -0.08576749  0.15161694  0.0036
     439 -0.02475894 -0.07147291  0.16172474  0.0036
     440  0.04951789 -0.14294582  0.11118576  0.0036
     441  0.07427683 -0.15724041  0.10107796  0.0036
     442  0.09903577  0.02858916 -0.19204813  0.0036
     443  0.12379472 -0.18582957  0.08086237  0.0036
     444  0.14855366 -0.20012415  0.07075457  0.0036
     445  0.14855366 -0.17153499  0.09097017  0.0036
     446  0.12379472 -0.15724041  0.10107796  0.0036
     447  0.09903577 -0.14294582  0.11118576  0.0036
     448  0.07427683 -0.12865124  0.12129355  0.0036
     449  0.04951789 -0.11435666  0.13140135  0.0036
     450  0.02475894 -0.10006208  0.14150915  0.0036
     451  0.00000000 -0.08576749  0.12129355  0.0018
     452  0.02475894 -0.10006208  0.11118576  0.0036
     453  0.04951789 -0.11435666  0.10107796  0.0036
     454  0.07427683 -0.12865124  0.09097017  0.0036
     455  0.09903577  0.02858916 -0.16172474  0.0036
     456  0.12379472 -0.15724041  0.07075457  0.0036
     457  0.14855366 -0.17153499  0.06064678  0.0036
     458  0.00000000  0.11435666  0.08086237  0.0018
     459  0.02475894  0.10006208  0.07075457  0.0018
     460  0.04951789  0.08576749  0.06064678  0.0018
     461  0.07427683  0.07147291  0.05053898  0.0018
     462  0.09903577  0.05717833  0.04043118  0.0018
     463  0.12379472  0.04288375  0.03032339  0.0018
     464  0.14855366  0.02858916  0.02021559  0.0018
     465 -0.14855366  0.20012415  0.14150915  0.0018
     466 -0.12379472  0.18582957  0.13140135  0.0018
     467 -0.09903577  0.17153499  0.12129355  0.0018
     468 -0.07427683  0.15724041  0.11118576  0.0018
     469 -0.04951789  0.14294582  0.10107796  0.0018
     470 -0.02475894  0.12865124  0.09097017  0.0018
     471  0.00000000  0.14294582  0.07075457  0.0036
     472  0.02475894  0.12865124  0.06064678  0.0036
     473  0.04951789  0.11435666  0.05053898  0.0036
     474  0.07427683  0.10006208  0.04043118  0.0036
     475  0.09903577  0.08576749  0.03032339  0.0036
     476  0.12379472  0.07147291  0.02021559  0.0036
     477  0.14855366  0.05717833  0.01010780  0.0036
     478 -0.14855366  0.20012415  0.17183253  0.0036
     479 -0.12379472  0.21441874  0.12129355  0.0036
     480 -0.09903577  0.20012415  0.11118576  0.0036
     481 -0.07427683  0.18582957  0.10107796  0.0036
     482 -0.04951789  0.17153499  0.09097017  0.0036
     483 -0.02475894  0.15724041  0.08086237  0.0036
     484  0.00000000  0.17153499  0.06064678  0.0036
     485  0.02475894  0.15724041  0.05053898  0.0036
     486  0.04951789  0.14294582  0.04043118  0.0036
     487  0.07427683  0.12865124  0.03032339  0.0036
     488  0.09903577  0.11435666  0.02021559  0.0036
     489  0.12379472  0.10006208  0.01010780  0.0036
     490  0.14855366  0.08576749  0.00000000  0.0036
     491 -0.14855366  0.25730248  0.12129355  0.0036
     492 -0.12379472  0.24300790  0.11118576  0.0036
     493 -0.09903577  0.22871332  0.10107796  0.0036
     494 -0.07427683  0.21441874  0.09097017  0.0036
     495 -0.04951789  0.20012415  0.08086237  0.0036
     496 -0.02475894  0.18582957  0.07075457  0.0036
     497  0.00000000 -0.11435666  0.22237152  0.0036
     498 -0.02475894 -0.10006208  0.23247931  0.0036
     499 -0.04951789 -0.08576749  0.24258711  0.0036
     500  0.07427683 -0.21441874  0.15161694  0.0036
     501  0.09903577 -0.22871332  0.14150915  0.0036
     502  0.12379472  0.04288375 -0.27291050  0.0036
     503  0.14855366 -0.25730248  0.12129355  0.0036
     504  0.14855366 -0.20012415  0.16172474  0.0036
     505  0.12379472 -0.18582957  0.17183253  0.0036
     506  0.09903577  0.11435666 -0.22237152  0.0036
     507  0.07427683  0.12865124 -0.21226372  0.0036
     508  0.04951789 -0.14294582  0.20215592  0.0036
     509  0.02475894 -0.12865124  0.21226372  0.0036
     510  0.00000000 -0.11435666  0.19204813  0.0036
     511 -0.02475894 -0.10006208  0.20215592  0.0036
     512  0.04951789  0.08576749 -0.21226372  0.0036
     513  0.07427683  0.07147291 -0.22237152  0.0036
     514  0.09903577  0.05717833 -0.23247931  0.0036
     515  0.12379472 -0.21441874  0.12129355  0.0036
     516  0.14855366 -0.22871332  0.11118576  0.0036
     517  0.14855366 -0.20012415  0.13140135  0.0036
     518  0.12379472 -0.18582957  0.14150915  0.0036
     519  0.09903577  0.08576749 -0.21226372  0.0036
     520  0.07427683 -0.15724041  0.16172474  0.0036
     521  0.04951789 -0.14294582  0.17183253  0.0036
     522  0.02475894 -0.12865124  0.18194033  0.0036
     523  0.00000000 -0.11435666  0.16172474  0.0018
     524  0.02475894 -0.12865124  0.15161694  0.0036
     525  0.04951789  0.08576749 -0.18194033  0.0036
     526  0.07427683  0.07147291 -0.19204813  0.0036
     527  0.09903577  0.05717833 -0.20215592  0.0036
     528  0.12379472 -0.18582957  0.11118576  0.0036
     529  0.14855366 -0.20012415  0.10107796  0.0036
     530  0.00000000  0.14294582  0.10107796  0.0018
     531  0.02475894  0.12865124  0.09097017  0.0018
     532  0.04951789  0.11435666  0.08086237  0.0018
     533  0.07427683  0.10006208  0.07075457  0.0018
     534  0.09903577  0.08576749  0.06064678  0.0018
     535  0.12379472  0.07147291  0.05053898  0.0018
     536  0.14855366  0.05717833  0.04043118  0.0018
     537 -0.14855366  0.22871332  0.16172474  0.0018
     538 -0.12379472  0.21441874  0.15161694  0.0018
     539 -0.09903577  0.20012415  0.14150915  0.0018
     540 -0.07427683  0.18582957  0.13140135  0.0018
     541 -0.04951789  0.17153499  0.12129355  0.0018
     542 -0.02475894  0.15724041  0.11118576  0.0018
     543  0.00000000  0.17153499  0.09097017  0.0036
     544  0.02475894  0.15724041  0.08086237  0.0036
     545  0.04951789  0.14294582  0.07075457  0.0036
     546  0.07427683  0.12865124  0.06064678  0.0036
     547  0.09903577  0.11435666  0.05053898  0.0036
     548  0.12379472  0.10006208  0.04043118  0.0036
     549  0.14855366  0.08576749  0.03032339  0.0036
     550 -0.14855366  0.25730248  0.15161694  0.0036
     551 -0.12379472  0.24300790  0.14150915  0.0036
     552 -0.09903577  0.22871332  0.13140135  0.0036
     553 -0.07427683  0.21441874  0.12129355  0.0036
     554 -0.04951789  0.20012415  0.11118576  0.0036
     555 -0.02475894  0.18582957  0.10107796  0.0036
     556  0.00000000 -0.14294582  0.23247931  0.0036
     557  0.02475894 -0.18582957  0.20215592  0.0036
     558  0.04951789 -0.20012415  0.19204813  0.0036
     559  0.07427683 -0.21441874  0.18194033  0.0036
     560  0.09903577 -0.22871332  0.17183253  0.0036
     561  0.12379472  0.07147291 -0.28301829  0.0036
     562  0.14855366 -0.25730248  0.15161694  0.0036
     563  0.14855366 -0.22871332  0.17183253  0.0036
     564  0.12379472 -0.21441874  0.18194033  0.0036
     565  0.09903577  0.11435666 -0.25269490  0.0036
     566  0.07427683  0.12865124 -0.24258711  0.0036
     567  0.04951789 -0.17153499  0.21226372  0.0036
     568  0.02475894 -0.15724041  0.22237152  0.0036
     569  0.00000000 -0.14294582  0.20215592  0.0018
     570  0.02475894 -0.15724041  0.19204813  0.0036
     571  0.04951789 -0.17153499  0.18194033  0.0036
     572  0.07427683 -0.18582957  0.17183253  0.0036
     573  0.09903577  0.08576749 -0.24258711  0.0036
     574  0.12379472 -0.21441874  0.15161694  0.0036
     575  0.14855366 -0.22871332  0.14150915  0.0036
     576  0.00000000  0.17153499  0.12129355  0.0018
     577  0.02475894  0.15724041  0.11118576  0.0018
     578  0.04951789  0.14294582  0.10107796  0.0018
     579  0.07427683  0.12865124  0.09097017  0.0018
     580  0.09903577  0.11435666  0.08086237  0.0018
     581  0.12379472  0.10006208  0.07075457  0.0018
     582  0.14855366  0.08576749  0.06064678  0.0018
     583 -0.14855366  0.25730248  0.18194033  0.0018
     584 -0.12379472  0.24300790  0.17183253  0.0018
     585 -0.09903577  0.22871332  0.16172474  0.0018
     586 -0.07427683  0.21441874  0.15161694  0.0018
     587 -0.04951789  0.20012415  0.14150915  0.0018
     588 -0.02475894  0.18582957  0.13140135  0.0018
     589  0.00000000 -0.17153499  0.24258711  0.0018
     590  0.02475894 -0.18582957  0.23247931  0.0036
     591  0.04951789 -0.20012415  0.22237152  0.0036
     592  0.07427683 -0.21441874  0.21226372  0.0036
     593  0.09903577 -0.22871332  0.20215592  0.0036
     594  0.12379472 -0.24300790  0.19204813  0.0036
     595  0.14855366  0.08576749 -0.30323388  0.0036


K-POINTS DIRECT COORDINATES
 KPOINTS    DIRECT_X    DIRECT_Y    DIRECT_Z  WEIGHT
       1  0.00000000  0.00000000  0.00000000  0.0009
       2  0.07692308  0.00000000  0.00000000  0.0018
       3  0.15384615  0.00000000  0.00000000  0.0018
       4  0.23076923  0.00000000  0.00000000  0.0018
       5  0.30769231  0.00000000  0.00000000  0.0018
       6  0.38461538  0.00000000  0.00000000  0.0018
       7  0.46153846  0.00000000  0.00000000  0.0018
       8  0.00000000  0.07692308  0.00000000  0.0036
       9  0.07692308  0.07692308  0.00000000  0.0036
      10  0.15384615  0.07692308  0.00000000  0.0036
      11  0.23076923  0.07692308  0.00000000  0.0036
      12  0.30769231  0.07692308  0.00000000  0.0036
      13  0.38461538  0.07692308  0.00000000  0.0036
      14  0.46153846  0.07692308  0.00000000  0.0036
      15  0.46153846 -0.07692308  0.00000000  0.0036
      16  0.38461538 -0.07692308  0.00000000  0.0036
      17  0.30769231 -0.07692308  0.00000000  0.0036
      18  0.23076923 -0.07692308  0.00000000  0.0036
      19  0.15384615 -0.07692308  0.00000000  0.0036
      20 -0.07692308  0.07692308  0.00000000  0.0036
      21  0.00000000  0.15384615  0.00000000  0.0036
      22  0.07692308  0.15384615  0.00000000  0.0036
      23  0.15384615  0.15384615  0.00000000  0.0036
      24  0.23076923  0.15384615  0.00000000  0.0036
      25  0.30769231  0.15384615  0.00000000  0.0036
      26  0.38461538  0.15384615  0.00000000  0.0036
      27  0.46153846  0.15384615  0.00000000  0.0036
      28  0.46153846 -0.15384615  0.00000000  0.0036
      29  0.38461538 -0.15384615  0.00000000  0.0036
      30  0.30769231 -0.15384615  0.00000000  0.0036
      31  0.23076923 -0.15384615  0.00000000  0.0036
      32 -0.15384615  0.15384615  0.00000000  0.0036
      33 -0.07692308  0.15384615  0.00000000  0.0036
      34  0.00000000  0.23076923  0.00000000  0.0036
      35  0.07692308  0.23076923  0.00000000  0.0036
      36  0.15384615  0.23076923  0.00000000  0.0036
      37  0.23076923  0.23076923  0.00000000  0.0036
      38  0.30769231  0.23076923  0.00000000  0.0036
      39  0.38461538  0.23076923  0.00000000  0.0036
      40  0.46153846  0.23076923  0.00000000  0.0036
      41  0.46153846 -0.23076923  0.00000000  0.0036
      42  0.38461538 -0.23076923  0.00000000  0.0036
      43  0.30769231 -0.23076923  0.00000000  0.0036
      44 -0.23076923  0.23076923  0.00000000  0.0036
      45 -0.15384615  0.23076923  0.00000000  0.0036
      46 -0.07692308  0.23076923  0.00000000  0.0036
      47  0.00000000  0.30769231  0.00000000  0.0036
      48  0.07692308  0.30769231  0.00000000  0.0036
      49  0.15384615  0.30769231  0.00000000  0.0036
      50  0.23076923  0.30769231  0.00000000  0.0036
      51  0.30769231  0.30769231  0.00000000  0.0036
      52  0.38461538  0.30769231  0.00000000  0.0036
      53  0.46153846  0.30769231  0.00000000  0.0036
      54  0.46153846 -0.30769231  0.00000000  0.0036
      55  0.38461538 -0.30769231  0.00000000  0.0036
      56 -0.30769231  0.30769231  0.00000000  0.0036
      57 -0.23076923  0.30769231  0.00000000  0.0036
      58 -0.15384615  0.30769231  0.00000000  0.0036
      59 -0.07692308  0.30769231  0.00000000  0.0036
      60  0.00000000  0.38461538  0.00000000  0.0036
      61  0.07692308  0.38461538  0.00000000  0.0036
      62  0.15384615  0.38461538  0.00000000  0.0036
      63  0.23076923  0.38461538  0.00000000  0.0036
      64  0.30769231  0.38461538  0.00000000  0.0036
      65  0.38461538  0.38461538  0.00000000  0.0036
      66  0.46153846  0.38461538  0.00000000  0.0036
      67  0.46153846 -0.38461538  0.00000000  0.0036
      68 -0.38461538  0.38461538  0.00000000  0.0036
      69 -0.30769231  0.38461538  0.00000000  0.0036
      70 -0.23076923  0.38461538  0.00000000  0.0036
      71 -0.15384615  0.38461538  0.00000000  0.0036
      72 -0.07692308  0.38461538  0.00000000  0.0036
      73  0.00000000  0.46153846  0.00000000  0.0036
      74  0.07692308  0.46153846  0.00000000  0.0036
      75  0.15384615  0.46153846  0.00000000  0.0036
      76  0.23076923  0.46153846  0.00000000  0.0036
      77  0.30769231  0.46153846  0.00000000  0.0036
      78  0.38461538  0.46153846  0.00000000  0.0036
      79  0.46153846  0.46153846  0.00000000  0.0036
      80 -0.46153846  0.46153846  0.00000000  0.0036
      81 -0.38461538  0.46153846  0.00000000  0.0036
      82 -0.30769231  0.46153846  0.00000000  0.0036
      83 -0.23076923  0.46153846  0.00000000  0.0036
      84 -0.15384615  0.46153846  0.00000000  0.0036
      85 -0.07692308  0.46153846  0.00000000  0.0036
      86  0.00000000  0.07692308  0.07692308  0.0018
      87  0.07692308  0.07692308  0.07692308  0.0018
      88  0.15384615  0.07692308  0.07692308  0.0018
      89  0.23076923  0.07692308  0.07692308  0.0018
      90  0.30769231  0.07692308  0.07692308  0.0018
      91  0.38461538  0.07692308  0.07692308  0.0018
      92  0.46153846  0.07692308  0.07692308  0.0018
      93  0.46153846 -0.07692308 -0.07692308  0.0018
      94  0.38461538 -0.07692308 -0.07692308  0.0018
      95  0.30769231 -0.07692308 -0.07692308  0.0018
      96  0.23076923 -0.07692308 -0.07692308  0.0018
      97 -0.15384615  0.07692308  0.07692308  0.0018
      98 -0.07692308  0.07692308  0.07692308  0.0018
      99  0.00000000  0.15384615  0.07692308  0.0036
     100  0.07692308  0.15384615  0.07692308  0.0036
     101  0.15384615  0.15384615  0.07692308  0.0036
     102  0.23076923  0.15384615  0.07692308  0.0036
     103  0.30769231  0.15384615  0.07692308  0.0036
     104  0.38461538  0.15384615  0.07692308  0.0036
     105  0.46153846  0.15384615  0.07692308  0.0036
     106  0.46153846 -0.07692308 -0.15384615  0.0036
     107  0.38461538 -0.07692308 -0.15384615  0.0036
     108  0.30769231 -0.07692308 -0.15384615  0.0036
     109 -0.23076923  0.15384615  0.07692308  0.0036
     110 -0.15384615  0.07692308  0.15384615  0.0036
     111 -0.07692308  0.15384615  0.07692308  0.0036
     112  0.00000000  0.23076923  0.07692308  0.0036
     113  0.07692308  0.23076923  0.07692308  0.0036
     114  0.15384615  0.23076923  0.07692308  0.0036
     115  0.23076923  0.23076923  0.07692308  0.0036
     116  0.30769231  0.23076923  0.07692308  0.0036
     117  0.38461538  0.23076923  0.07692308  0.0036
     118  0.46153846  0.23076923  0.07692308  0.0036
     119  0.46153846 -0.07692308 -0.23076923  0.0036
     120  0.38461538 -0.07692308 -0.23076923  0.0036
     121  0.30769231 -0.07692308 -0.23076923  0.0036
     122 -0.23076923  0.23076923  0.07692308  0.0036
     123 -0.15384615  0.23076923  0.07692308  0.0036
     124 -0.07692308  0.23076923  0.07692308  0.0036
     125  0.00000000  0.30769231  0.07692308  0.0036
     126  0.07692308  0.30769231  0.07692308  0.0036
     127  0.15384615  0.30769231  0.07692308  0.0036
     128  0.23076923  0.30769231  0.07692308  0.0036
     129  0.30769231  0.30769231  0.07692308  0.0036
     130  0.38461538  0.30769231  0.07692308  0.0036
     131  0.46153846  0.30769231  0.07692308  0.0036
     132  0.46153846 -0.30769231 -0.07692308  0.0036
     133  0.38461538 -0.07692308 -0.30769231  0.0036
     134 -0.30769231  0.30769231  0.07692308  0.0036
     135 -0.23076923  0.30769231  0.07692308  0.0036
     136 -0.15384615  0.30769231  0.07692308  0.0036
     137 -0.07692308  0.30769231  0.07692308  0.0036
     138  0.00000000  0.38461538  0.07692308  0.0036
     139  0.07692308  0.38461538  0.07692308  0.0036
     140  0.15384615  0.38461538  0.07692308  0.0036
     141  0.23076923  0.38461538  0.07692308  0.0036
     142  0.30769231  0.38461538  0.07692308  0.0036
     143  0.38461538  0.38461538  0.07692308  0.0036
     144  0.46153846  0.38461538  0.07692308  0.0036
     145  0.46153846 -0.38461538 -0.07692308  0.0036
     146 -0.38461538  0.38461538  0.07692308  0.0036
     147 -0.30769231  0.38461538  0.07692308  0.0036
     148 -0.23076923  0.38461538  0.07692308  0.0036
     149 -0.15384615  0.38461538  0.07692308  0.0036
     150 -0.07692308  0.38461538  0.07692308  0.0036
     151  0.00000000  0.46153846  0.07692308  0.0036
     152  0.07692308  0.46153846  0.07692308  0.0036
     153  0.15384615  0.46153846  0.07692308  0.0036
     154  0.23076923  0.46153846  0.07692308  0.0036
     155  0.30769231  0.46153846  0.07692308  0.0036
     156  0.38461538  0.46153846  0.07692308  0.0036
     157  0.46153846  0.46153846  0.07692308  0.0036
     158 -0.46153846  0.46153846  0.07692308  0.0036
     159 -0.38461538  0.46153846  0.07692308  0.0036
     160 -0.30769231  0.46153846  0.07692308  0.0036
     161 -0.23076923  0.46153846  0.07692308  0.0036
     162 -0.15384615  0.46153846  0.07692308  0.0036
     163 -0.07692308  0.46153846  0.07692308  0.0036
     164  0.00000000 -0.07692308  0.46153846  0.0036
     165 -0.07692308 -0.07692308  0.46153846  0.0036
     166 -0.15384615 -0.07692308  0.46153846  0.0036
     167 -0.23076923 -0.07692308  0.46153846  0.0036
     168 -0.30769231  0.46153846 -0.07692308  0.0036
     169 -0.38461538  0.46153846 -0.07692308  0.0036
     170  0.46153846 -0.46153846  0.07692308  0.0036
     171  0.46153846 -0.07692308  0.46153846  0.0036
     172  0.38461538 -0.07692308  0.46153846  0.0036
     173  0.30769231 -0.07692308  0.46153846  0.0036
     174  0.23076923 -0.07692308  0.46153846  0.0036
     175  0.15384615 -0.07692308  0.46153846  0.0036
     176  0.07692308 -0.07692308  0.46153846  0.0036
     177  0.00000000 -0.07692308  0.38461538  0.0036
     178 -0.07692308 -0.07692308  0.38461538  0.0036
     179 -0.15384615 -0.07692308  0.38461538  0.0036
     180 -0.23076923 -0.07692308  0.38461538  0.0036
     181 -0.30769231 -0.07692308  0.38461538  0.0036
     182  0.38461538 -0.38461538  0.07692308  0.0036
     183  0.46153846 -0.38461538  0.07692308  0.0036
     184  0.46153846 -0.07692308  0.38461538  0.0036
     185  0.38461538 -0.07692308  0.38461538  0.0036
     186  0.30769231 -0.07692308  0.38461538  0.0036
     187  0.23076923 -0.07692308  0.38461538  0.0036
     188  0.15384615 -0.07692308  0.38461538  0.0036
     189  0.07692308 -0.07692308  0.38461538  0.0036
     190  0.00000000 -0.07692308  0.30769231  0.0036
     191 -0.07692308 -0.07692308  0.30769231  0.0036
     192 -0.15384615 -0.07692308  0.30769231  0.0036
     193 -0.23076923 -0.07692308  0.30769231  0.0036
     194  0.30769231 -0.30769231  0.07692308  0.0036
     195  0.38461538 -0.30769231  0.07692308  0.0036
     196  0.46153846 -0.30769231  0.07692308  0.0036
     197  0.46153846 -0.07692308  0.30769231  0.0036
     198  0.38461538 -0.07692308  0.30769231  0.0036
     199  0.30769231 -0.07692308  0.30769231  0.0036
     200  0.23076923 -0.07692308  0.30769231  0.0036
     201  0.15384615 -0.07692308  0.30769231  0.0036
     202  0.07692308 -0.07692308  0.30769231  0.0036
     203  0.00000000 -0.07692308  0.23076923  0.0036
     204 -0.07692308 -0.07692308  0.23076923  0.0036
     205  0.15384615 -0.23076923  0.07692308  0.0036
     206  0.23076923 -0.23076923  0.07692308  0.0036
     207  0.30769231 -0.23076923  0.07692308  0.0036
     208  0.38461538 -0.23076923  0.07692308  0.0036
     209  0.46153846 -0.23076923  0.07692308  0.0036
     210  0.46153846 -0.07692308  0.23076923  0.0036
     211  0.38461538 -0.07692308  0.23076923  0.0036
     212  0.30769231 -0.07692308  0.23076923  0.0036
     213  0.23076923 -0.07692308  0.23076923  0.0036
     214  0.15384615 -0.07692308  0.23076923  0.0036
     215  0.07692308 -0.07692308  0.23076923  0.0036
     216  0.00000000 -0.07692308  0.15384615  0.0036
     217  0.07692308 -0.15384615  0.07692308  0.0036
     218  0.15384615  0.07692308 -0.15384615  0.0036
     219  0.23076923 -0.15384615  0.07692308  0.0036
     220  0.30769231 -0.15384615  0.07692308  0.0036
     221  0.38461538 -0.15384615  0.07692308  0.0036
     222  0.46153846 -0.15384615  0.07692308  0.0036
     223  0.46153846 -0.07692308  0.15384615  0.0036
     224  0.38461538 -0.07692308  0.15384615  0.0036
     225  0.30769231 -0.07692308  0.15384615  0.0036
     226  0.23076923 -0.07692308  0.15384615  0.0036
     227  0.15384615 -0.07692308  0.15384615  0.0036
     228  0.07692308 -0.07692308  0.15384615  0.0036
     229  0.00000000 -0.07692308  0.07692308  0.0018
     230  0.07692308 -0.07692308  0.07692308  0.0036
     231  0.15384615 -0.07692308  0.07692308  0.0036
     232  0.23076923 -0.07692308  0.07692308  0.0036
     233  0.30769231 -0.07692308  0.07692308  0.0036
     234  0.38461538 -0.07692308  0.07692308  0.0036
     235  0.46153846 -0.07692308  0.07692308  0.0036
     236  0.00000000  0.15384615  0.15384615  0.0018
     237  0.07692308  0.15384615  0.15384615  0.0018
     238  0.15384615  0.15384615  0.15384615  0.0018
     239  0.23076923  0.15384615  0.15384615  0.0018
     240  0.30769231  0.15384615  0.15384615  0.0018
     241  0.38461538  0.15384615  0.15384615  0.0018
     242  0.46153846  0.15384615  0.15384615  0.0018
     243  0.46153846 -0.15384615 -0.15384615  0.0018
     244  0.38461538 -0.15384615 -0.15384615  0.0018
     245  0.30769231 -0.15384615 -0.15384615  0.0018
     246 -0.23076923  0.15384615  0.15384615  0.0018
     247 -0.15384615  0.15384615  0.15384615  0.0018
     248 -0.07692308  0.15384615  0.15384615  0.0018
     249  0.00000000  0.23076923  0.15384615  0.0036
     250  0.07692308  0.23076923  0.15384615  0.0036
     251  0.15384615  0.23076923  0.15384615  0.0036
     252  0.23076923  0.23076923  0.15384615  0.0036
     253  0.30769231  0.23076923  0.15384615  0.0036
     254  0.38461538  0.23076923  0.15384615  0.0036
     255  0.46153846  0.23076923  0.15384615  0.0036
     256  0.46153846 -0.15384615 -0.23076923  0.0036
     257  0.38461538 -0.15384615 -0.23076923  0.0036
     258 -0.30769231  0.23076923  0.15384615  0.0036
     259 -0.23076923  0.23076923  0.15384615  0.0036
     260 -0.15384615  0.23076923  0.15384615  0.0036
     261 -0.07692308  0.23076923  0.15384615  0.0036
     262  0.00000000  0.30769231  0.15384615  0.0036
     263  0.07692308  0.30769231  0.15384615  0.0036
     264  0.15384615  0.30769231  0.15384615  0.0036
     265  0.23076923  0.30769231  0.15384615  0.0036
     266  0.30769231  0.15384615  0.30769231  0.0036
     267  0.38461538  0.30769231  0.15384615  0.0036
     268  0.46153846  0.30769231  0.15384615  0.0036
     269  0.46153846 -0.15384615 -0.30769231  0.0036
     270 -0.38461538  0.30769231  0.15384615  0.0036
     271 -0.30769231  0.30769231  0.15384615  0.0036
     272 -0.23076923  0.15384615  0.30769231  0.0036
     273 -0.15384615  0.30769231  0.15384615  0.0036
     274 -0.07692308  0.30769231  0.15384615  0.0036
     275  0.00000000  0.38461538  0.15384615  0.0036
     276  0.07692308  0.38461538  0.15384615  0.0036
     277  0.15384615  0.15384615  0.38461538  0.0036
     278  0.23076923  0.15384615  0.38461538  0.0036
     279  0.30769231  0.38461538  0.15384615  0.0036
     280  0.38461538  0.38461538  0.15384615  0.0036
     281  0.46153846  0.38461538  0.15384615  0.0036
     282 -0.46153846  0.15384615  0.38461538  0.0036
     283 -0.38461538  0.38461538  0.15384615  0.0036
     284 -0.30769231  0.38461538  0.15384615  0.0036
     285 -0.23076923  0.38461538  0.15384615  0.0036
     286 -0.15384615  0.38461538  0.15384615  0.0036
     287 -0.07692308  0.38461538  0.15384615  0.0036
     288  0.00000000  0.46153846  0.15384615  0.0036
     289  0.07692308  0.46153846  0.15384615  0.0036
     290  0.15384615  0.46153846  0.15384615  0.0036
     291  0.23076923  0.46153846  0.15384615  0.0036
     292  0.30769231  0.46153846  0.15384615  0.0036
     293  0.38461538  0.46153846  0.15384615  0.0036
     294  0.46153846  0.46153846  0.15384615  0.0036
     295 -0.46153846  0.15384615  0.46153846  0.0036
     296 -0.38461538  0.46153846  0.15384615  0.0036
     297 -0.30769231  0.46153846  0.15384615  0.0036
     298 -0.23076923  0.46153846  0.15384615  0.0036
     299 -0.15384615  0.46153846  0.15384615  0.0036
     300 -0.07692308  0.46153846  0.15384615  0.0036
     301  0.00000000 -0.15384615  0.46153846  0.0036
     302 -0.07692308 -0.15384615  0.46153846  0.0036
     303 -0.15384615 -0.15384615  0.46153846  0.0036
     304 -0.23076923 -0.15384615  0.46153846  0.0036
     305 -0.30769231 -0.15384615  0.46153846  0.0036
     306  0.38461538  0.15384615 -0.46153846  0.0036
     307  0.46153846  0.15384615 -0.46153846  0.0036
     308  0.46153846 -0.15384615  0.46153846  0.0036
     309  0.38461538 -0.15384615  0.46153846  0.0036
     310  0.30769231 -0.15384615  0.46153846  0.0036
     311  0.23076923 -0.15384615  0.46153846  0.0036
     312  0.15384615 -0.15384615  0.46153846  0.0036
     313  0.07692308 -0.15384615  0.46153846  0.0036
     314  0.00000000 -0.15384615  0.38461538  0.0036
     315 -0.07692308 -0.15384615  0.38461538  0.0036
     316 -0.15384615 -0.15384615  0.38461538  0.0036
     317 -0.23076923 -0.15384615  0.38461538  0.0036
     318  0.30769231  0.15384615 -0.38461538  0.0036
     319  0.38461538 -0.38461538  0.15384615  0.0036
     320  0.46153846 -0.38461538  0.15384615  0.0036
     321  0.46153846 -0.15384615  0.38461538  0.0036
     322  0.38461538 -0.15384615  0.38461538  0.0036
     323  0.30769231 -0.15384615  0.38461538  0.0036
     324  0.23076923 -0.15384615  0.38461538  0.0036
     325  0.15384615 -0.15384615  0.38461538  0.0036
     326  0.07692308 -0.15384615  0.38461538  0.0036
     327  0.00000000 -0.15384615  0.30769231  0.0036
     328 -0.07692308 -0.15384615  0.30769231  0.0036
     329 -0.15384615 -0.15384615  0.30769231  0.0036
     330  0.23076923 -0.30769231  0.15384615  0.0036
     331  0.30769231  0.15384615 -0.30769231  0.0036
     332  0.38461538 -0.30769231  0.15384615  0.0036
     333  0.46153846 -0.30769231  0.15384615  0.0036
     334  0.46153846 -0.15384615  0.30769231  0.0036
     335  0.38461538 -0.15384615  0.30769231  0.0036
     336  0.30769231 -0.15384615  0.30769231  0.0036
     337  0.23076923 -0.15384615  0.30769231  0.0036
     338  0.15384615  0.30769231 -0.15384615  0.0036
     339  0.07692308 -0.15384615  0.30769231  0.0036
     340  0.00000000 -0.15384615  0.23076923  0.0036
     341  0.07692308 -0.23076923  0.15384615  0.0036
     342  0.15384615 -0.23076923  0.15384615  0.0036
     343  0.23076923 -0.23076923  0.15384615  0.0036
     344  0.30769231  0.15384615 -0.23076923  0.0036
     345  0.38461538 -0.23076923  0.15384615  0.0036
     346  0.46153846 -0.23076923  0.15384615  0.0036
     347  0.46153846 -0.15384615  0.23076923  0.0036
     348  0.38461538 -0.15384615  0.23076923  0.0036
     349  0.30769231  0.23076923 -0.15384615  0.0036
     350  0.23076923 -0.15384615  0.23076923  0.0036
     351  0.15384615 -0.15384615  0.23076923  0.0036
     352  0.07692308 -0.15384615  0.23076923  0.0036
     353  0.00000000 -0.15384615  0.15384615  0.0018
     354  0.07692308 -0.15384615  0.15384615  0.0036
     355  0.15384615 -0.15384615  0.15384615  0.0036
     356  0.23076923 -0.15384615  0.15384615  0.0036
     357  0.30769231  0.15384615 -0.15384615  0.0036
     358  0.38461538 -0.15384615  0.15384615  0.0036
     359  0.46153846 -0.15384615  0.15384615  0.0036
     360  0.00000000  0.23076923  0.23076923  0.0018
     361  0.07692308  0.23076923  0.23076923  0.0018
     362  0.15384615  0.23076923  0.23076923  0.0018
     363  0.23076923  0.23076923  0.23076923  0.0018
     364  0.30769231  0.23076923  0.23076923  0.0018
     365  0.38461538  0.23076923  0.23076923  0.0018
     366  0.46153846  0.23076923  0.23076923  0.0018
     367  0.46153846 -0.23076923 -0.23076923  0.0018
     368 -0.38461538  0.23076923  0.23076923  0.0018
     369 -0.30769231  0.23076923  0.23076923  0.0018
     370 -0.23076923  0.23076923  0.23076923  0.0018
     371 -0.15384615  0.23076923  0.23076923  0.0018
     372 -0.07692308  0.23076923  0.23076923  0.0018
     373  0.00000000  0.30769231  0.23076923  0.0036
     374  0.07692308  0.30769231  0.23076923  0.0036
     375  0.15384615  0.30769231  0.23076923  0.0036
     376  0.23076923  0.30769231  0.23076923  0.0036
     377  0.30769231  0.23076923  0.30769231  0.0036
     378  0.38461538  0.30769231  0.23076923  0.0036
     379  0.46153846  0.30769231  0.23076923  0.0036
     380 -0.46153846  0.30769231  0.23076923  0.0036
     381 -0.38461538  0.30769231  0.23076923  0.0036
     382 -0.30769231  0.30769231  0.23076923  0.0036
     383 -0.23076923  0.23076923  0.30769231  0.0036
     384 -0.15384615  0.23076923  0.30769231  0.0036
     385 -0.07692308  0.30769231  0.23076923  0.0036
     386  0.00000000  0.38461538  0.23076923  0.0036
     387  0.07692308  0.38461538  0.23076923  0.0036
     388  0.15384615  0.23076923  0.38461538  0.0036
     389  0.23076923  0.38461538  0.23076923  0.0036
     390  0.30769231  0.38461538  0.23076923  0.0036
     391  0.38461538  0.38461538  0.23076923  0.0036
     392  0.46153846  0.38461538  0.23076923  0.0036
     393 -0.46153846  0.23076923  0.38461538  0.0036
     394 -0.38461538  0.38461538  0.23076923  0.0036
     395 -0.30769231  0.38461538  0.23076923  0.0036
     396 -0.23076923  0.38461538  0.23076923  0.0036
     397 -0.15384615  0.38461538  0.23076923  0.0036
     398 -0.07692308  0.38461538  0.23076923  0.0036
     399  0.00000000  0.46153846  0.23076923  0.0036
     400  0.07692308  0.46153846  0.23076923  0.0036
     401  0.15384615  0.46153846  0.23076923  0.0036
     402  0.23076923  0.46153846  0.23076923  0.0036
     403  0.30769231  0.46153846  0.23076923  0.0036
     404  0.38461538  0.46153846  0.23076923  0.0036
     405  0.46153846  0.46153846  0.23076923  0.0036
     406 -0.46153846  0.23076923  0.46153846  0.0036
     407 -0.38461538  0.46153846  0.23076923  0.0036
     408 -0.30769231  0.46153846  0.23076923  0.0036
     409 -0.23076923  0.46153846  0.23076923  0.0036
     410 -0.15384615  0.46153846  0.23076923  0.0036
     411 -0.07692308  0.46153846  0.23076923  0.0036
     412  0.00000000 -0.23076923  0.46153846  0.0036
     413 -0.07692308 -0.23076923  0.46153846  0.0036
     414 -0.15384615 -0.23076923  0.46153846  0.0036
     415 -0.23076923 -0.23076923  0.46153846  0.0036
     416  0.30769231 -0.46153846  0.23076923  0.0036
     417  0.38461538  0.23076923 -0.46153846  0.0036
     418  0.46153846  0.23076923 -0.46153846  0.0036
     419  0.46153846 -0.23076923  0.46153846  0.0036
     420  0.38461538 -0.23076923  0.46153846  0.0036
     421  0.30769231 -0.23076923  0.46153846  0.0036
     422  0.23076923 -0.23076923  0.46153846  0.0036
     423  0.15384615 -0.23076923  0.46153846  0.0036
     424  0.07692308 -0.23076923  0.46153846  0.0036
     425  0.00000000 -0.23076923  0.38461538  0.0036
     426 -0.07692308 -0.23076923  0.38461538  0.0036
     427 -0.15384615  0.38461538 -0.23076923  0.0036
     428  0.23076923 -0.38461538  0.23076923  0.0036
     429  0.30769231  0.23076923 -0.38461538  0.0036
     430  0.38461538 -0.38461538  0.23076923  0.0036
     431  0.46153846 -0.38461538  0.23076923  0.0036
     432  0.46153846 -0.23076923  0.38461538  0.0036
     433  0.38461538 -0.23076923  0.38461538  0.0036
     434  0.30769231 -0.23076923  0.38461538  0.0036
     435  0.23076923 -0.23076923  0.38461538  0.0036
     436  0.15384615 -0.23076923  0.38461538  0.0036
     437  0.07692308 -0.23076923  0.38461538  0.0036
     438  0.00000000 -0.23076923  0.30769231  0.0036
     439 -0.07692308 -0.23076923  0.30769231  0.0036
     440  0.15384615 -0.30769231  0.23076923  0.0036
     441  0.23076923 -0.30769231  0.23076923  0.0036
     442  0.30769231  0.23076923 -0.30769231  0.0036
     443  0.38461538 -0.30769231  0.23076923  0.0036
     444  0.46153846 -0.30769231  0.23076923  0.0036
     445  0.46153846 -0.23076923  0.30769231  0.0036
     446  0.38461538 -0.23076923  0.30769231  0.0036
     447  0.30769231 -0.23076923  0.30769231  0.0036
     448  0.23076923 -0.23076923  0.30769231  0.0036
     449  0.15384615 -0.23076923  0.30769231  0.0036
     450  0.07692308 -0.23076923  0.30769231  0.0036
     451  0.00000000 -0.23076923  0.23076923  0.0018
     452  0.07692308 -0.23076923  0.23076923  0.0036
     453  0.15384615 -0.23076923  0.23076923  0.0036
     454  0.23076923 -0.23076923  0.23076923  0.0036
     455  0.30769231  0.23076923 -0.23076923  0.0036
     456  0.38461538 -0.23076923  0.23076923  0.0036
     457  0.46153846 -0.23076923  0.23076923  0.0036
     458  0.00000000  0.30769231  0.30769231  0.0018
     459  0.07692308  0.30769231  0.30769231  0.0018
     460  0.15384615  0.30769231  0.30769231  0.0018
     461  0.23076923  0.30769231  0.30769231  0.0018
     462  0.30769231  0.30769231  0.30769231  0.0018
     463  0.38461538  0.30769231  0.30769231  0.0018
     464  0.46153846  0.30769231  0.30769231  0.0018
     465 -0.46153846  0.30769231  0.30769231  0.0018
     466 -0.38461538  0.30769231  0.30769231  0.0018
     467 -0.30769231  0.30769231  0.30769231  0.0018
     468 -0.23076923  0.30769231  0.30769231  0.0018
     469 -0.15384615  0.30769231  0.30769231  0.0018
     470 -0.07692308  0.30769231  0.30769231  0.0018
     471  0.00000000  0.38461538  0.30769231  0.0036
     472  0.07692308  0.38461538  0.30769231  0.0036
     473  0.15384615  0.38461538  0.30769231  0.0036
     474  0.23076923  0.38461538  0.30769231  0.0036
     475  0.30769231  0.38461538  0.30769231  0.0036
     476  0.38461538  0.38461538  0.30769231  0.0036
     477  0.46153846  0.38461538  0.30769231  0.0036
     478 -0.46153846  0.30769231  0.38461538  0.0036
     479 -0.38461538  0.38461538  0.30769231  0.0036
     480 -0.30769231  0.38461538  0.30769231  0.0036
     481 -0.23076923  0.38461538  0.30769231  0.0036
     482 -0.15384615  0.38461538  0.30769231  0.0036
     483 -0.07692308  0.38461538  0.30769231  0.0036
     484  0.00000000  0.46153846  0.30769231  0.0036
     485  0.07692308  0.46153846  0.30769231  0.0036
     486  0.15384615  0.46153846  0.30769231  0.0036
     487  0.23076923  0.46153846  0.30769231  0.0036
     488  0.30769231  0.46153846  0.30769231  0.0036
     489  0.38461538  0.46153846  0.30769231  0.0036
     490  0.46153846  0.46153846  0.30769231  0.0036
     491 -0.46153846  0.46153846  0.30769231  0.0036
     492 -0.38461538  0.46153846  0.30769231  0.0036
     493 -0.30769231  0.46153846  0.30769231  0.0036
     494 -0.23076923  0.46153846  0.30769231  0.0036
     495 -0.15384615  0.46153846  0.30769231  0.0036
     496 -0.07692308  0.46153846  0.30769231  0.0036
     497  0.00000000 -0.30769231  0.46153846  0.0036
     498 -0.07692308 -0.30769231  0.46153846  0.0036
     499 -0.15384615 -0.30769231  0.46153846  0.0036
     500  0.23076923 -0.46153846  0.30769231  0.0036
     501  0.30769231 -0.46153846  0.30769231  0.0036
     502  0.38461538  0.30769231 -0.46153846  0.0036
     503  0.46153846 -0.46153846  0.30769231  0.0036
     504  0.46153846 -0.30769231  0.46153846  0.0036
     505  0.38461538 -0.30769231  0.46153846  0.0036
     506  0.30769231  0.46153846 -0.30769231  0.0036
     507  0.23076923  0.46153846 -0.30769231  0.0036
     508  0.15384615 -0.30769231  0.46153846  0.0036
     509  0.07692308 -0.30769231  0.46153846  0.0036
     510  0.00000000 -0.30769231  0.38461538  0.0036
     511 -0.07692308 -0.30769231  0.38461538  0.0036
     512  0.15384615  0.30769231 -0.38461538  0.0036
     513  0.23076923  0.30769231 -0.38461538  0.0036
     514  0.30769231  0.30769231 -0.38461538  0.0036
     515  0.38461538 -0.38461538  0.30769231  0.0036
     516  0.46153846 -0.38461538  0.30769231  0.0036
     517  0.46153846 -0.30769231  0.38461538  0.0036
     518  0.38461538 -0.30769231  0.38461538  0.0036
     519  0.30769231  0.38461538 -0.30769231  0.0036
     520  0.23076923 -0.30769231  0.38461538  0.0036
     521  0.15384615 -0.30769231  0.38461538  0.0036
     522  0.07692308 -0.30769231  0.38461538  0.0036
     523  0.00000000 -0.30769231  0.30769231  0.0018
     524  0.07692308 -0.30769231  0.30769231  0.0036
     525  0.15384615  0.30769231 -0.30769231  0.0036
     526  0.23076923  0.30769231 -0.30769231  0.0036
     527  0.30769231  0.30769231 -0.30769231  0.0036
     528  0.38461538 -0.30769231  0.30769231  0.0036
     529  0.46153846 -0.30769231  0.30769231  0.0036
     530  0.00000000  0.38461538  0.38461538  0.0018
     531  0.07692308  0.38461538  0.38461538  0.0018
     532  0.15384615  0.38461538  0.38461538  0.0018
     533  0.23076923  0.38461538  0.38461538  0.0018
     534  0.30769231  0.38461538  0.38461538  0.0018
     535  0.38461538  0.38461538  0.38461538  0.0018
     536  0.46153846  0.38461538  0.38461538  0.0018
     537 -0.46153846  0.38461538  0.38461538  0.0018
     538 -0.38461538  0.38461538  0.38461538  0.0018
     539 -0.30769231  0.38461538  0.38461538  0.0018
     540 -0.23076923  0.38461538  0.38461538  0.0018
     541 -0.15384615  0.38461538  0.38461538  0.0018
     542 -0.07692308  0.38461538  0.38461538  0.0018
     543  0.00000000  0.46153846  0.38461538  0.0036
     544  0.07692308  0.46153846  0.38461538  0.0036
     545  0.15384615  0.46153846  0.38461538  0.0036
     546  0.23076923  0.46153846  0.38461538  0.0036
     547  0.30769231  0.46153846  0.38461538  0.0036
     548  0.38461538  0.46153846  0.38461538  0.0036
     549  0.46153846  0.46153846  0.38461538  0.0036
     550 -0.46153846  0.46153846  0.38461538  0.0036
     551 -0.38461538  0.46153846  0.38461538  0.0036
     552 -0.30769231  0.46153846  0.38461538  0.0036
     553 -0.23076923  0.46153846  0.38461538  0.0036
     554 -0.15384615  0.46153846  0.38461538  0.0036
     555 -0.07692308  0.46153846  0.38461538  0.0036
     556  0.00000000 -0.38461538  0.46153846  0.0036
     557  0.07692308 -0.46153846  0.38461538  0.0036
     558  0.15384615 -0.46153846  0.38461538  0.0036
     559  0.23076923 -0.46153846  0.38461538  0.0036
     560  0.30769231 -0.46153846  0.38461538  0.0036
     561  0.38461538  0.38461538 -0.46153846  0.0036
     562  0.46153846 -0.46153846  0.38461538  0.0036
     563  0.46153846 -0.38461538  0.46153846  0.0036
     564  0.38461538 -0.38461538  0.46153846  0.0036
     565  0.30769231  0.46153846 -0.38461538  0.0036
     566  0.23076923  0.46153846 -0.38461538  0.0036
     567  0.15384615 -0.38461538  0.46153846  0.0036
     568  0.07692308 -0.38461538  0.46153846  0.0036
     569  0.00000000 -0.38461538  0.38461538  0.0018
     570  0.07692308 -0.38461538  0.38461538  0.0036
     571  0.15384615 -0.38461538  0.38461538  0.0036
     572  0.23076923 -0.38461538  0.38461538  0.0036
     573  0.30769231  0.38461538 -0.38461538  0.0036
     574  0.38461538 -0.38461538  0.38461538  0.0036
     575  0.46153846 -0.38461538  0.38461538  0.0036
     576  0.00000000  0.46153846  0.46153846  0.0018
     577  0.07692308  0.46153846  0.46153846  0.0018
     578  0.15384615  0.46153846  0.46153846  0.0018
     579  0.23076923  0.46153846  0.46153846  0.0018
     580  0.30769231  0.46153846  0.46153846  0.0018
     581  0.38461538  0.46153846  0.46153846  0.0018
     582  0.46153846  0.46153846  0.46153846  0.0018
     583 -0.46153846  0.46153846  0.46153846  0.0018
     584 -0.38461538  0.46153846  0.46153846  0.0018
     585 -0.30769231  0.46153846  0.46153846  0.0018
     586 -0.23076923  0.46153846  0.46153846  0.0018
     587 -0.15384615  0.46153846  0.46153846  0.0018
     588 -0.07692308  0.46153846  0.46153846  0.0018
     589  0.00000000 -0.46153846  0.46153846  0.0018
     590  0.07692308 -0.46153846  0.46153846  0.0036
     591  0.15384615 -0.46153846  0.46153846  0.0036
     592  0.23076923 -0.46153846  0.46153846  0.0036
     593  0.30769231 -0.46153846  0.46153846  0.0036
     594  0.38461538 -0.46153846  0.46153846  0.0036
     595  0.46153846  0.46153846 -0.46153846  0.0036

 DONE : INIT K-POINTS Time : 0.182907 (SEC)


 Warning_Memory_Consuming allocated:  PW_B_K::gk2 11.0446 MB

 Warning_Memory_Consuming allocated:  PW_B_K::gcar 33.1337 MB




 >>>>>>>>>>>>>>>>>>>>>>>>>>>>>>>>>>>>>>>>>>>>>>>>>>>>>>>>>>>>>>>>>>>>>>
 |                                                                    |
 | Setup plane waves of wave functions:                               |
 | Use the energy cutoff and the lattice vectors to generate the      |
 | dimensions of FFT grid. The number of FFT grid on each processor   |
 | is 'nrxx'. The number of plane wave basis in reciprocal space is   |
 | different for charege/potential and wave functions. We also set    |
 | the 'sticks' for the parallel of FFT. The number of plane wave of  |
 | each k-point is 'npwk[ik]' in each processor                       |
 <<<<<<<<<<<<<<<<<<<<<<<<<<<<<<<<<<<<<<<<<<<<<<<<<<<<<<<<<<<<<<<<<<<<<<





 SETUP PLANE WAVES FOR WAVE FUNCTIONS
     energy cutoff for wavefunc (unit:Ry) = 100
              fft grid for wave functions = [ 40, 40, 40 ]
                    number of plane waves = 3383
                         number of sticks = 301

 PARALLEL PW FOR WAVE FUNCTIONS
     PROC   COLUMNS(POT)             PW
        1            301           3383
 --------------- sum -------------------
        1            301           3383
 DONE : INIT PLANEWAVE Time : 0.275584 (SEC)

 SET NONLOCAL PSEUDOPOTENTIAL PROJECTORS
 SET NONLOCAL PSEUDOPOTENTIAL PROJECTORS
 max number of nonlocal projetors among all species is 4

 Warning_Memory_Consuming allocated:  DensityMatrix::DMK 6.13739 MB
 DONE : LOCAL POTENTIAL Time : 0.4282 (SEC)


 -------------------------------------------
 SELF-CONSISTENT
 -------------------------------------------




 >>>>>>>>>>>>>>>>>>>>>>>>>>>>>>>>>>>>>>>>>>>>>>>>>>>>>>>>>>>>>>>>>>>>>>
 |                                                                    |
 | Search adjacent atoms:                                             |
 | Set the adjacent atoms for each atom and set the periodic boundary |
 | condition for the atoms on real space FFT grid. For k-dependent    |
 | algorithm, we also need to set the sparse H and S matrix element   |
 | for each atom.                                                     |
 |                                                                    |
 <<<<<<<<<<<<<<<<<<<<<<<<<<<<<<<<<<<<<<<<<<<<<<<<<<<<<<<<<<<<<<<<<<<<<<





 SETUP SEARCHING RADIUS FOR PROGRAM TO SEARCH ADJACENT ATOMS
                  longest orb rcut (Bohr) = 7
   longest nonlocal projector rcut (Bohr) = 3.64
                     search radius (Bohr) = 21.3
              searching radius is (Bohr)) = 21.3
         searching radius unit is (Bohr)) = 1.89
                         PeriodicBoundary = 1
                        Radius(unit:lat0) = 11.3
                                   glayer = [ 6, 6, 6 ]
                             glayer_minus = [ 5, 5, 5 ]

Find the coordinate range of the input atom(unit:lat0).
                                  min_tau = [ -31.1, -17.9, -12.7 ]
                                  max_tau = [ 32.6, 18.8, 13.3 ]
                                BoxNumber = [ 11, 11, 11 ]

 SETUP EXTENDED REAL SPACE GRID FOR GRID INTEGRATION
                          real space grid = [ 40, 40, 40 ]
                 big cell numbers in grid = [ 10, 10, 10 ]
             meshcell numbers in big cell = [ 4, 4, 4 ]
                        extended fft grid = [ 15, 15, 15 ]
                dimension of extened grid = [ 41, 41, 41 ]
                            UnitCellTotal = 125
              Atom number in sub-FFT-grid = 2
    Local orbitals number in sub-FFT-grid = 26
                                ParaV.nnr = 136890
                                 init_chg = file
 try to read charge from file
 Read in the charge density: OUT.POLAR//POLAR-CHARGE-DENSITY.restart
 DONE : INIT SCF Time : 0.480211 (SEC)


 LCAO ALGORITHM --------------- ION=   1  ELEC=   1--------------------------------

 Density error is 0.00438199523484
----------------------------------------------------------
     Energy           Rydberg                 eV          
----------------------------------------------------------
 E_KohnSham     -19.2889249070       -262.4392870290      
 E_Harris       -19.2888136360       -262.4377731093      
 E_Fermi        0.7379887954         10.0408526773        
----------------------------------------------------------


 LCAO ALGORITHM --------------- ION=   1  ELEC=   2--------------------------------

 Density error is 0.000756887507272
----------------------------------------------------------
     Energy           Rydberg                 eV          
----------------------------------------------------------
 E_KohnSham     -19.2889331155       -262.4393987120      
 E_Harris       -19.2890232726       -262.4406253622      
 E_Fermi        0.7380262837         10.0413627319        
----------------------------------------------------------


 LCAO ALGORITHM --------------- ION=   1  ELEC=   3--------------------------------

 Density error is 0.000114837236067
----------------------------------------------------------
     Energy           Rydberg                 eV          
----------------------------------------------------------
 E_KohnSham     -19.2889332212       -262.4394001492      
 E_Harris       -19.2888515615       -262.4382891123      
 E_Fermi        0.7380207984         10.0412881013        
----------------------------------------------------------


 LCAO ALGORITHM --------------- ION=   1  ELEC=   4--------------------------------

 Density error is 1.66527600326e-05
----------------------------------------------------------
     Energy           Rydberg                 eV          
----------------------------------------------------------
 E_KohnSham     -19.2889332226       -262.4394001686      
 E_Harris       -19.2889972086       -262.4402707432      
 E_Fermi        0.7380270657         10.0413733720        
----------------------------------------------------------


 LCAO ALGORITHM --------------- ION=   1  ELEC=   5--------------------------------

 Density error is 7.51004784323e-06
----------------------------------------------------------
     Energy           Rydberg                 eV          
----------------------------------------------------------
 E_KohnSham     -19.2889332229       -262.4394001733      
 E_Harris       -19.2888946248       -262.4388750184      
 E_Fermi        0.7380229283         10.0413170798        
----------------------------------------------------------


 LCAO ALGORITHM --------------- ION=   1  ELEC=   6--------------------------------

 Density error is 5.6401582124e-07
----------------------------------------------------------
     Energy           Rydberg                 eV          
----------------------------------------------------------
 E_KohnSham     -19.2889332230       -262.4394001744      
 E_Harris       -19.2889342221       -262.4394137673      
 E_Fermi        0.7380245323         10.0413389034        
----------------------------------------------------------


 LCAO ALGORITHM --------------- ION=   1  ELEC=   7--------------------------------

 Density error is 1.95635611026e-08
----------------------------------------------------------
     Energy           Rydberg                 eV          
----------------------------------------------------------
 E_KohnSham     -19.2889332230       -262.4394001744      
 E_Harris       -19.2889332185       -262.4394001134      
 E_Fermi        0.7380244932         10.0413383716        
----------------------------------------------------------


 LCAO ALGORITHM --------------- ION=   1  ELEC=   8--------------------------------

 Density error is 7.33887954722e-10
----------------------------------------------------------
     Energy           Rydberg                 eV          
----------------------------------------------------------
 E_KohnSham     -19.2889332230       -262.4394001744      
 E_KS(sigma->0) -19.2889332230       -262.4394001744      
 E_Harris       -19.2889332240       -262.4394001881      
 E_band         2.0111197577         27.3626880658        
 E_one_elec     5.1588238121         70.1893988227        
 E_Hartree      2.3748705227         32.3117711209        
 E_xc           -6.0621021157        -82.4791306309       
 E_Ewald        -20.7605254421       -282.4614394872      
 E_entropy(-TS) -0.0000000000        -0.0000000000        
 E_descf        0.0000000000         0.0000000000         
 E_exx          0.0000000000         0.0000000000         
 E_Fermi        0.7380244936         10.0413383765        
----------------------------------------------------------


 charge density convergence is achieved
 final etot is -262.43940017 eV
 EFERMI = 10.041338376 eV

 STATE ENERGY(eV) AND OCCUPATIONS    NSPIN == 1
 1/595 kpoint (Cartesian) = 0.0000 0.0000 0.0000 (2421 pws)
       1       -5.98098    0.000910332
       2        9.19484    0.000910332
       3        9.24726    0.000910332
       4        9.29906    0.000910332
       5        15.7553        0.00000
       6        16.6149        0.00000
       7        16.6378        0.00000
       8        16.6625        0.00000
       9        24.2754        0.00000
      10        24.2756        0.00000
      11        31.3555        0.00000
      12        31.5134        0.00000
      13        31.6713        0.00000
      14        39.1449        0.00000

 2/595 kpoint (Cartesian) = 0.024759 -0.014295 -0.010108 (2427 pws)
       1       -5.86893     0.00182066
       2        8.66782     0.00182066
       3        9.12127     0.00182066
       4        9.16970     0.00182066
       5        15.9655        0.00000
       6        16.7762        0.00000
       7        16.7988        0.00000
       8        16.8469        0.00000
       9        23.9849        0.00000
      10        23.9859        0.00000
      11        30.6359        0.00000
      12        32.0598        0.00000
      13        32.2035        0.00000
      14        34.8339        0.00000

 3/595 kpoint (Cartesian) = 0.049518 -0.028589 -0.020216 (2430 pws)
       1       -5.53295     0.00182066
       2        7.20810     0.00182066
       3        8.92384     0.00182066
       4        8.97204     0.00182066
       5        15.8202        0.00000
       6        17.0819        0.00000
       7        17.1185        0.00000
       8        17.7507        0.00000
       9        23.5207        0.00000
      10        23.5292        0.00000
      11        29.1653        0.00000
      12        32.8965        0.00000
      13        33.1830        0.00000
      14        33.3139        0.00000

 4/595 kpoint (Cartesian) = 0.074277 -0.042884 -0.030323 (2424 pws)
       1       -4.98255     0.00182066
       2        5.45910     0.00182066
       3        8.68048     0.00182066
       4        8.72811     0.00182066
       5        15.4111        0.00000
       6        17.2916        0.00000
       7        17.3433        0.00000
       8        18.8397        0.00000
       9        23.5160        0.00000
      10        23.5391        0.00000
      11        29.1273        0.00000
      12        32.4902        0.00000
      13        34.0238        0.00000
      14        34.1252        0.00000

 5/595 kpoint (Cartesian) = 0.099036 -0.057178 -0.040431 (2433 pws)
       1       -4.24338     0.00182066
       2        3.70622     0.00182066
       3        8.45607     0.00182066
       4        8.50335     0.00182066
       5        15.0214        0.00000
       6        17.2413        0.00000
       7        17.3041        0.00000
       8        19.7376        0.00000
       9        24.2711        0.00000
      10        24.3070        0.00000
      11        29.6372        0.00000
      12        32.4722        0.00000
      13        34.0210        0.00000
      14        34.0907        0.00000

 6/595 kpoint (Cartesian) = 0.12379 -0.071473 -0.050539 (2428 pws)
       1       -3.38444     0.00182066
       2        2.13038     0.00182066
       3        8.29083     0.00182066
       4        8.33795     0.00182066
       5        14.7394        0.00000
       6        17.0498        0.00000
       7        17.1171        0.00000
       8        20.3050        0.00000
       9        25.6207        0.00000
      10        25.6662        0.00000
      11        30.1464        0.00000
      12        32.5898        0.00000
      13        33.1031        0.00000
      14        33.1479        0.00000

 7/595 kpoint (Cartesian) = 0.14855 -0.085767 -0.060647 (2422 pws)
       1       -2.64414     0.00182066
       2        1.02109     0.00182066
       3        8.20451     0.00182066
       4        8.25158     0.00182066
       5        14.5936        0.00000
       6        16.9060        0.00000
       7        16.9745        0.00000
       8        20.5545        0.00000
       9        26.9767        0.00000
      10        27.0343        0.00000
      11        30.5436        0.00000
      12        31.8716        0.00000
      13        31.9104        0.00000
      14        32.5860        0.00000

 8/595 kpoint (Cartesian) = 0.0000 0.028589 -0.010108 (2427 pws)
       1       -5.86879     0.00364133
       2        8.62396     0.00364133
       3        9.12739     0.00364133
       4        9.21176     0.00364133
       5        15.9644        0.00000
       6        16.7569        0.00000
       7        16.7997        0.00000
       8        16.8650        0.00000
       9        23.9770        0.00000
      10        23.9781        0.00000
      11        30.7567        0.00000
      12        31.9406        0.00000
      13        32.1868        0.00000
      14        34.8376        0.00000

 9/595 kpoint (Cartesian) = 0.024759 0.014295 -0.020216 (2417 pws)
       1       -5.83146     0.00364133
       2        8.76643     0.00364133
       3        8.93452     0.00364133
       4        9.00172     0.00364133
       5        16.1707        0.00000
       6        16.3283        0.00000
       7        17.0600        0.00000
       8        17.0877        0.00000
       9        23.3249        0.00000
      10        24.4783        0.00000
      11        31.4345        0.00000
      12        31.6513        0.00000
      13        31.9921        0.00000
      14        34.0898        0.00000

 10/595 kpoint (Cartesian) = 0.049518 0.0000 -0.030323 (2422 pws)
       1       -5.56989     0.00364133
       2        7.68350     0.00364133
       3        8.64256     0.00364133
       4        8.88710     0.00364133
       5        15.9967        0.00000
       6        16.5285        0.00000
       7        17.5392        0.00000
       8        17.7384        0.00000
       9        22.6068        0.00000
      10        24.4592        0.00000
      11        30.0245        0.00000
      12        32.2273        0.00000
      13        32.3498        0.00000
      14        33.6420        0.00000

 11/595 kpoint (Cartesian) = 0.074277 -0.014295 -0.040431 (2425 pws)
       1       -5.09023     0.00364133
       2        6.05793     0.00364133
       3        8.35661     0.00364133
       4        8.68670     0.00364133
       5        15.6623        0.00000
       6        16.8277        0.00000
       7        17.8837        0.00000
       8        18.4953        0.00000
       9        22.4104        0.00000
      10        24.4737        0.00000
      11        29.5134        0.00000
      12        32.0807        0.00000
      13        33.1902        0.00000
      14        34.5822        0.00000

 12/595 kpoint (Cartesian) = 0.099036 -0.028589 -0.050539 (2421 pws)
       1       -4.41153     0.00364133
       2        4.32556     0.00364133
       3        8.13511     0.00364133
       4        8.39808     0.00364133
       5        15.3094        0.00000
       6        16.9613        0.00000
       7        17.8999        0.00000
       8        19.1262        0.00000
       9        23.0076        0.00000
      10        25.0896        0.00000
      11        29.6702        0.00000
      12        32.0839        0.00000
      13        33.5019        0.00000
      14        35.0613        0.00000

 13/595 kpoint (Cartesian) = 0.12379 -0.042884 -0.060647 (2421 pws)
       1       -3.58237     0.00364133
       2        2.69340     0.00364133
       3        8.00975     0.00364133
       4        8.10529     0.00364133
       5        15.0308        0.00000
       6        16.8190        0.00000
       7        17.6619        0.00000
       8        19.8184        0.00000
       9        24.1020        0.00000
      10        26.2559        0.00000
      11        29.9162        0.00000
      12        32.2752        0.00000
      13        32.7834        0.00000
      14        34.8234        0.00000

 14/595 kpoint (Cartesian) = 0.14855 -0.057178 -0.070755 (2417 pws)
       1       -2.75778     0.00364133
       2        1.39024     0.00364133
       3        7.85205     0.00364133
       4        8.00399     0.00364133
       5        14.8775        0.00000
       6        16.6679        0.00000
       7        17.3872        0.00000
       8        20.3521        0.00000
       9        25.3693        0.00000
      10        27.2366        0.00000
      11        30.3293        0.00000
      12        31.8150        0.00000
      13        32.1999        0.00000
      14        33.9984        0.00000

 15/595 kpoint (Cartesian) = 0.14855 -0.11436 -0.050539 (2419 pws)
       1       -2.44447     0.00364133
       2       0.955819     0.00364133
       3        7.69103     0.00364133
       4        8.09622     0.00364133
       5        14.8677        0.00000
       6        16.6712        0.00000
       7        17.2174        0.00000
       8        20.5447        0.00000
       9        26.3526        0.00000
      10        26.6373        0.00000
      11        30.7061        0.00000
      12        31.7699        0.00000
      13        32.2555        0.00000
      14        33.3336        0.00000

 16/595 kpoint (Cartesian) = 0.12379 -0.10006 -0.040431 (2423 pws)
       1       -3.01294     0.00364133
       2        1.76799     0.00364133
       3        7.63512     0.00364133
       4        8.28070     0.00364133
       5        14.9979        0.00000
       6        16.8602        0.00000
       7        17.1934        0.00000
       8        20.3606        0.00000
       9        25.0147        0.00000
      10        26.3804        0.00000
      11        30.3869        0.00000
      12        31.7562        0.00000
      13        33.4593        0.00000
      14        33.6110        0.00000

 17/595 kpoint (Cartesian) = 0.099036 -0.085767 -0.030323 (2423 pws)
       1       -3.87096     0.00364133
       2        3.21873     0.00364133
       3        7.69876     0.00364133
       4        8.53022     0.00364133
       5        15.2540        0.00000
       6        17.1626        0.00000
       7        17.2624        0.00000
       8        19.8180        0.00000
       9        23.5314        0.00000
      10        25.5408        0.00000
      11        29.9172        0.00000
      12        31.9050        0.00000
      13        33.8588        0.00000
      14        34.6300        0.00000

 18/595 kpoint (Cartesian) = 0.074277 -0.071473 -0.020216 (2426 pws)
       1       -4.65866     0.00364133
       2        4.90112     0.00364133
       3        7.88618     0.00364133
       4        8.80456     0.00364133
       5        15.6159        0.00000
       6        17.2379        0.00000
       7        17.3595        0.00000
       8        19.0852        0.00000
       9        22.6763        0.00000
      10        24.5580        0.00000
      11        29.6566        0.00000
      12        31.9143        0.00000
      13        33.6706        0.00000
      14        34.8828        0.00000

 19/595 kpoint (Cartesian) = 0.049518 -0.057178 -0.010108 (2424 pws)
       1       -5.27397     0.00364133
       2        6.60263     0.00364133
       3        8.19464     0.00364133
       4        9.04424     0.00364133
       5        16.0352        0.00000
       6        17.0230        0.00000
       7        17.0601        0.00000
       8        18.4175        0.00000
       9        22.6296        0.00000
      10        24.0277        0.00000
      11        29.5503        0.00000
      12        32.2095        0.00000
      13        32.7035        0.00000
      14        34.3731        0.00000

 20/595 kpoint (Cartesian) = -0.024759 0.042884 0.0000 (2417 pws)
       1       -5.68195     0.00364133
       2        7.99220     0.00364133
       3        8.66054     0.00364133
       4        9.17384     0.00364133
       5        16.2258        0.00000
       6        16.6378        0.00000
       7        16.8112        0.00000
       8        17.6353        0.00000
       9        23.1943        0.00000
      10        24.0741        0.00000
      11        30.2243        0.00000
      12        31.6553        0.00000
      13        33.0913        0.00000
      14        33.3245        0.00000

 21/595 kpoint (Cartesian) = 0.0000 0.057178 -0.020216 (2430 pws)
       1       -5.53242     0.00364133
       2        7.17418     0.00364133
       3        8.92786     0.00364133
       4        9.01109     0.00364133
       5        15.8236        0.00000
       6        17.0697        0.00000
       7        17.1321        0.00000
       8        17.7493        0.00000
       9        23.4946        0.00000
      10        23.5089        0.00000
      11        29.2239        0.00000
      12        32.9346        0.00000
      13        33.0920        0.00000
      14        33.2998        0.00000

 22/595 kpoint (Cartesian) = 0.024759 0.042884 -0.030323 (2422 pws)
       1       -5.56950     0.00364133
       2        7.64321     0.00364133
       3        8.64113     0.00364133
       4        8.93720     0.00364133
       5        16.0031        0.00000
       6        16.5088        0.00000
       7        17.5525        0.00000
       8        17.7402        0.00000
       9        22.5934        0.00000
      10        24.4351        0.00000
      11        30.0723        0.00000
      12        32.2320        0.00000
      13        32.3634        0.00000
      14        33.5699        0.00000

 23/595 kpoint (Cartesian) = 0.049518 0.028589 -0.040431 (2421 pws)
       1       -5.38285     0.00364133
       2        7.65285     0.00364133
       3        8.27439     0.00364133
       4        8.33213     0.00364133
       5        15.2928        0.00000
       6        16.9571        0.00000
       7        18.1579        0.00000
       8        18.1747        0.00000
       9        21.8148        0.00000
      10        25.0772        0.00000
      11        30.7915        0.00000
      12        31.7170        0.00000
      13        31.9320        0.00000
      14        34.1488        0.00000

 24/595 kpoint (Cartesian) = 0.074277 0.014295 -0.050539 (2428 pws)
       1       -4.97695     0.00364133
       2        6.50831     0.00364133
       3        7.92921     0.00364133
       4        8.08824     0.00364133
       5        14.8621        0.00000
       6        17.0772        0.00000
       7        18.6124        0.00000
       8        18.7238        0.00000
       9        21.7176        0.00000
      10        25.3844        0.00000
      11        30.6532        0.00000
      12        31.7816        0.00000
      13        32.5271        0.00000
      14        35.0050        0.00000

 25/595 kpoint (Cartesian) = 0.099036 0.0000 -0.060647 (2411 pws)
       1       -4.36638     0.00364133
       2        4.95854     0.00364133
       3        7.67389     0.00364133
       4        7.74876     0.00364133
       5        14.6798        0.00000
       6        17.2907        0.00000
       7        18.4448        0.00000
       8        18.9209        0.00000
       9        22.5107        0.00000
      10        25.9166        0.00000
      11        30.5489        0.00000
      12        31.9528        0.00000
      13        33.0487        0.00000
      14        35.6634        0.00000

 26/595 kpoint (Cartesian) = 0.12379 -0.014295 -0.070755 (2427 pws)
       1       -3.58714     0.00364133
       2        3.37645     0.00364133
       3        7.30338     0.00364133
       4        7.55124     0.00364133
       5        14.5298        0.00000
       6        17.3918        0.00000
       7        18.7001        0.00000
       8        18.7535        0.00000
       9        23.4816        0.00000
      10        26.8485        0.00000
      11        30.3440        0.00000
      12        32.4051        0.00000
      13        32.6487        0.00000
      14        36.0200        0.00000

 27/595 kpoint (Cartesian) = 0.14855 -0.028589 -0.080862 (2413 pws)
       1       -2.74367     0.00364133
       2        1.99068     0.00364133
       3        6.88267     0.00364133
       4        7.56035     0.00364133
       5        14.4711        0.00000
       6        17.1772        0.00000
       7        18.4205        0.00000
       8        19.6463        0.00000
       9        24.1950        0.00000
      10        27.3834        0.00000
      11        30.5062        0.00000
      12        32.0511        0.00000
      13        32.5534        0.00000
      14        35.8759        0.00000

 28/595 kpoint (Cartesian) = 0.14855 -0.14295 -0.040431 (2419 pws)
       1       -2.19400     0.00364133
       2        1.21938     0.00364133
       3        6.55458     0.00364133
       4        7.70300     0.00364133
       5        14.5959        0.00000
       6        17.0216        0.00000
       7        18.1235        0.00000
       8        20.4254        0.00000
       9        24.6941        0.00000
      10        26.3520        0.00000
      11        30.8083        0.00000
      12        32.5357        0.00000
      13        32.7593        0.00000
      14        35.3074        0.00000

 29/595 kpoint (Cartesian) = 0.12379 -0.12865 -0.030323 (2414 pws)
       1       -2.50357     0.00364133
       2        1.64816     0.00364133
       3        6.36459     0.00364133
       4        7.95948     0.00364133
       5        14.9240        0.00000
       6        16.9987        0.00000
       7        17.9327        0.00000
       8        20.4934        0.00000
       9        24.5622        0.00000
      10        25.2174        0.00000
      11        30.7152        0.00000
      12        32.5068        0.00000
      13        34.0937        0.00000
      14        34.8602        0.00000

 30/595 kpoint (Cartesian) = 0.099036 -0.11436 -0.020216 (2416 pws)
       1       -3.31215     0.00364133
       2        2.90013     0.00364133
       3        6.34775     0.00364133
       4        8.29317     0.00364133
       5        15.4174        0.00000
       6        17.0997        0.00000
       7        17.8201        0.00000
       8        19.8705        0.00000
       9        22.9694        0.00000
      10        25.5851        0.00000
      11        30.3207        0.00000
      12        32.1597        0.00000
      13        34.7366        0.00000
      14        35.0950        0.00000

 31/595 kpoint (Cartesian) = 0.074277 -0.10006 -0.010108 (2430 pws)
       1       -4.12902     0.00364133
       2        4.40470     0.00364133
       3        6.55740     0.00364133
       4        8.64455     0.00364133
       5        15.9885        0.00000
       6        17.1658        0.00000
       7        17.6407        0.00000
       8        19.0826        0.00000
       9        22.0569        0.00000
      10        25.2816        0.00000
      11        30.3453        0.00000
      12        31.5509        0.00000
      13        34.1381        0.00000
      14        35.4269        0.00000

 32/595 kpoint (Cartesian) = -0.049518 0.085767 0.0000 (2423 pws)
       1       -4.79937     0.00364133
       2        5.74730     0.00364133
       3        7.15969     0.00364133
       4        8.92699     0.00364133
       5        16.4792        0.00000
       6        16.8045        0.00000
       7        17.3083        0.00000
       8        18.7529        0.00000
       9        22.0235        0.00000
      10        24.5155        0.00000
      11        30.3459        0.00000
      12        31.4950        0.00000
      13        32.9442        0.00000
      14        35.1346        0.00000

 33/595 kpoint (Cartesian) = -0.024759 0.071473 -0.010108 (2424 pws)
       1       -5.27357     0.00364133
       2        6.57957     0.00364133
       3        8.22352     0.00364133
       4        9.04220     0.00364133
       5        16.0416        0.00000
       6        17.0221        0.00000
       7        17.0651        0.00000
       8        18.4132        0.00000
       9        22.6116        0.00000
      10        24.0163        0.00000
      11        29.5834        0.00000
      12        32.2865        0.00000
      13        32.5914        0.00000
      14        34.3682        0.00000

 34/595 kpoint (Cartesian) = 0.0000 0.085767 -0.030323 (2424 pws)
       1       -4.98126     0.00364133
       2        5.43147     0.00364133
       3        8.68229     0.00364133
       4        8.76442     0.00364133
       5        15.4139        0.00000
       6        17.2844        0.00000
       7        17.3730        0.00000
       8        18.8299        0.00000
       9        23.4715        0.00000
      10        23.5116        0.00000
      11        29.1718        0.00000
      12        32.5589        0.00000
      13        33.9238        0.00000
      14        34.0957        0.00000

 35/595 kpoint (Cartesian) = 0.024759 0.071473 -0.040431 (2425 pws)
       1       -5.08916     0.00364133
       2        6.02502     0.00364133
       3        8.35336     0.00364133
       4        8.73491     0.00364133
       5        15.6702        0.00000
       6        16.7994        0.00000
       7        17.9153        0.00000
       8        18.5008        0.00000
       9        22.3834        0.00000
      10        24.4236        0.00000
      11        29.5475        0.00000
      12        32.1503        0.00000
      13        33.1831        0.00000
      14        34.4778        0.00000

 36/595 kpoint (Cartesian) = 0.049518 0.057178 -0.050539 (2428 pws)
       1       -4.97631     0.00364133
       2        6.47366     0.00364133
       3        7.92783     0.00364133
       4        8.13212     0.00364133
       5        14.8597        0.00000
       6        17.0604        0.00000
       7        18.6307        0.00000
       8        18.7434        0.00000
       9        21.6933        0.00000
      10        25.3483        0.00000
      11        30.6378        0.00000
      12        31.8735        0.00000
      13        32.5271        0.00000
      14        34.9296        0.00000

 37/595 kpoint (Cartesian) = 0.074277 0.042884 -0.060647 (2421 pws)
       1       -4.64523     0.00364133
       2        6.25883     0.00364133
       3        7.52917     0.00364133
       4        7.57857     0.00364133
       5        13.9009        0.00000
       6        16.7985        0.00000
       7        19.5623        0.00000
       8        19.5707        0.00000
       9        21.6517        0.00000
      10        26.0338        0.00000
      11        31.2531        0.00000
      12        32.3460        0.00000
      13        32.5531        0.00000
      14        35.9175        0.00000

 38/595 kpoint (Cartesian) = 0.099036 0.028589 -0.070755 (2430 pws)
       1       -4.10779     0.00364133
       2        5.23774     0.00364133
       3        7.15095     0.00364133
       4        7.23046     0.00364133
       5        13.4476        0.00000
       6        16.4943        0.00000
       7        19.7506        0.00000
       8        20.0811        0.00000
       9        22.4965        0.00000
      10        26.6375        0.00000
      11        31.4516        0.00000
      12        32.7741        0.00000
      13        32.9297        0.00000
      14        36.4391        0.00000

 39/595 kpoint (Cartesian) = 0.12379 0.014295 -0.080862 (2413 pws)
       1       -3.39243     0.00364133
       2        3.94141     0.00364133
       3        6.52572     0.00364133
       4        7.06854     0.00364133
       5        13.3582        0.00000
       6        16.6954        0.00000
       7        19.4969        0.00000
       8        20.1228        0.00000
       9        23.5044        0.00000
      10        27.3821        0.00000
      11        31.1381        0.00000
      12        32.7561        0.00000
      13        33.4745        0.00000
      14        36.4631        0.00000

 40/595 kpoint (Cartesian) = 0.14855 0.0000 -0.090970 (2408 pws)
       1       -2.57482     0.00364133
       2        2.65811     0.00364133
       3        5.86770     0.00364133
       4        7.06084     0.00364133
       5        13.3998        0.00000
       6        17.4134        0.00000
       7        19.4450        0.00000
       8        19.8584        0.00000
       9        23.9697        0.00000
      10        27.5632        0.00000
      11        31.0755        0.00000
      12        32.4760        0.00000
      13        33.7202        0.00000
      14        36.7897        0.00000

 41/595 kpoint (Cartesian) = 0.14855 -0.17153 -0.030323 (2411 pws)
       1       -1.89916     0.00364133
       2        1.73762     0.00364133
       3        5.33178     0.00364133
       4        7.20588     0.00364133
       5        13.6001        0.00000
       6        17.9462        0.00000
       7        19.5047        0.00000
       8        19.9689        0.00000
       9        23.8155        0.00000
      10        26.3121        0.00000
      11        31.3289        0.00000
      12        33.2575        0.00000
      13        33.6551        0.00000
      14        36.9546        0.00000

 42/595 kpoint (Cartesian) = 0.12379 -0.15724 -0.020216 (2411 pws)
       1       -1.92010     0.00364133
       2        1.78226     0.00364133
       3        4.99271     0.00364133
       4        7.48750     0.00364133
       5        14.0130        0.00000
       6        18.0639        0.00000
       7        19.1707        0.00000
       8        20.4863        0.00000
       9        23.7583        0.00000
      10        24.4549        0.00000
      11        31.3747        0.00000
      12        33.5287        0.00000
      13        34.4639        0.00000
      14        36.7717        0.00000

 43/595 kpoint (Cartesian) = 0.099036 -0.14295 -0.010108 (2409 pws)
       1       -2.60899     0.00364133
       2        2.72613     0.00364133
       3        4.93063     0.00364133
       4        7.87031     0.00364133
       5        14.6398        0.00000
       6        18.0393        0.00000
       7        18.8187        0.00000
       8        19.9720        0.00000
       9        22.8428        0.00000
      10        24.5813        0.00000
      11        30.8798        0.00000
      12        33.2274        0.00000
      13        35.3297        0.00000
      14        36.3008        0.00000

 44/595 kpoint (Cartesian) = -0.074277 0.12865 0.0000 (2407 pws)
       1       -3.42100     0.00364133
       2        3.76758     0.00364133
       3        5.38914     0.00364133
       4        8.28986     0.00364133
       5        15.4138        0.00000
       6        17.7492        0.00000
       7        18.2978        0.00000
       8        19.2291        0.00000
       9        21.9907        0.00000
      10        25.4002        0.00000
      11        30.3490        0.00000
      12        32.4642        0.00000
      13        35.3354        0.00000
      14        35.6277        0.00000

 45/595 kpoint (Cartesian) = -0.049518 0.11436 -0.010108 (2430 pws)
       1       -4.12805     0.00364133
       2        4.38735     0.00364133
       3        6.57800     0.00364133
       4        8.64222     0.00364133
       5        15.9903        0.00000
       6        17.1680        0.00000
       7        17.6630        0.00000
       8        19.0725        0.00000
       9        22.0338        0.00000
      10        25.2763        0.00000
      11        30.3940        0.00000
      12        31.5135        0.00000
      13        34.1182        0.00000
      14        35.4109        0.00000

 46/595 kpoint (Cartesian) = -0.024759 0.10006 -0.020216 (2426 pws)
       1       -4.65739     0.00364133
       2        4.87775     0.00364133
       3        7.91862     0.00364133
       4        8.80021     0.00364133
       5        15.6205        0.00000
       6        17.2695        0.00000
       7        17.3549        0.00000
       8        19.0728        0.00000
       9        22.6382        0.00000
      10        24.5424        0.00000
      11        29.6956        0.00000
      12        31.9445        0.00000
      13        33.5987        0.00000
      14        34.8619        0.00000

 47/595 kpoint (Cartesian) = 0.0000 0.11436 -0.040431 (2433 pws)
       1       -4.24056     0.00364133
       2        3.68139     0.00364133
       3        8.45605     0.00364133
       4        8.53755     0.00364133
       5        15.0231        0.00000
       6        17.2357        0.00000
       7        17.3439        0.00000
       8        19.7257        0.00000
       9        24.2179        0.00000
      10        24.2808        0.00000
      11        29.6734        0.00000
      12        32.5482        0.00000
      13        33.9200        0.00000
      14        34.0369        0.00000

 48/595 kpoint (Cartesian) = 0.024759 0.10006 -0.050539 (2421 pws)
       1       -4.40919     0.00364133
       2        4.29756     0.00364133
       3        8.13039     0.00364133
       4        8.44207     0.00364133
       5        15.3146        0.00000
       6        16.9380        0.00000
       7        17.9445        0.00000
       8        19.1300        0.00000
       9        22.9746        0.00000
      10        25.0254        0.00000
      11        29.7081        0.00000
      12        32.1513        0.00000
      13        33.4655        0.00000
      14        34.9617        0.00000

 49/595 kpoint (Cartesian) = 0.049518 0.085767 -0.060647 (2411 pws)
       1       -4.36465     0.00364133
       2        4.92592     0.00364133
       3        7.67240     0.00364133
       4        7.79261     0.00364133
       5        14.6770        0.00000
       6        17.2667        0.00000
       7        18.4700        0.00000
       8        18.9576        0.00000
       9        22.4733        0.00000
      10        25.8563        0.00000
      11        30.5708        0.00000
      12        32.0279        0.00000
      13        33.0238        0.00000
      14        35.5767        0.00000

 50/595 kpoint (Cartesian) = 0.074277 0.071473 -0.070755 (2430 pws)
       1       -4.10679     0.00364133
       2        5.21088     0.00364133
       3        7.18438     0.00364133
       4        7.23000     0.00364133
       5        13.4424        0.00000
       6        16.4908        0.00000
       7        19.7675        0.00000
       8        20.1033        0.00000
       9        22.4649        0.00000
      10        26.5998        0.00000
      11        31.4660        0.00000
      12        32.8084        0.00000
      13        32.9142        0.00000
      14        36.4092        0.00000

 51/595 kpoint (Cartesian) = 0.099036 0.057178 -0.080862 (2417 pws)
       1       -3.64508     0.00364133
       2        4.72291     0.00364133
       3        6.87884     0.00364133
       4        6.92271     0.00364133
       5        12.4811        0.00000
       6        15.8146        0.00000
       7        21.0291        0.00000
       8        21.0331        0.00000
       9        22.8652        0.00000
      10        27.2485        0.00000
      11        32.1834        0.00000
      12        32.8675        0.00000
      13        33.0545        0.00000
      14        38.2916        0.00000

 52/595 kpoint (Cartesian) = 0.12379 0.042884 -0.090970 (2411 pws)
       1       -3.00429     0.00364133
       2        3.83422     0.00364133
       3        6.36589     0.00364133
       4        6.67120     0.00364133
       5        12.1782        0.00000
       6        15.5642        0.00000
       7        21.2047        0.00000
       8        21.4574        0.00000
       9        23.7518        0.00000
      10        27.8970        0.00000
      11        31.7720        0.00000
      12        32.9053        0.00000
      13        33.7941        0.00000
      14        38.1897        0.00000

 53/595 kpoint (Cartesian) = 0.14855 0.028589 -0.10108 (2414 pws)
       1       -2.24657     0.00364133
       2        2.90730     0.00364133
       3        5.43478     0.00364133
       4        6.62483     0.00364133
       5        12.3309        0.00000
       6        16.0278        0.00000
       7        21.0071        0.00000
       8        21.3989        0.00000
       9        24.1414        0.00000
      10        27.9242        0.00000
      11        31.4254        0.00000
      12        32.7727        0.00000
      13        34.9519        0.00000
      14        37.2705        0.00000

 54/595 kpoint (Cartesian) = 0.14855 -0.20012 -0.020216 (2410 pws)
       1       -1.55351     0.00364133
       2        2.17141     0.00364133
       3        4.53863     0.00364133
       4        6.74294     0.00364133
       5        12.6439        0.00000
       6        17.1110        0.00000
       7        20.8864        0.00000
       8        21.0756        0.00000
       9        23.6785        0.00000
      10        26.6279        0.00000
      11        31.5910        0.00000
      12        33.5216        0.00000
      13        35.3262        0.00000
      14        37.2798        0.00000

 55/595 kpoint (Cartesian) = 0.12379 -0.18583 -0.010108 (2409 pws)
       1       -1.36722     0.00364133
       2        2.04449     0.00364133
       3        3.94717     0.00364133
       4        7.01415     0.00364133
       5        13.1165        0.00000
       6        18.2307        0.00000
       7        20.5932        0.00000
       8        20.8926        0.00000
       9        22.9140        0.00000
      10        24.8341        0.00000
      11        31.8286        0.00000
      12        34.5248        0.00000
      13        34.8622        0.00000
      14        37.6934        0.00000

 56/595 kpoint (Cartesian) = -0.099036 0.17153 0.0000 (2407 pws)
       1       -1.86475     0.00364133
       2        2.48391     0.00364133
       3        3.96839     0.00364133
       4        7.40892     0.00364133
       5        13.7891        0.00000
       6        18.6689        0.00000
       7        19.8690        0.00000
       8        20.4217        0.00000
       9        23.2647        0.00000
      10        23.4188        0.00000
      11        31.6152        0.00000
      12        34.0878        0.00000
      13        35.1674        0.00000
      14        37.4989        0.00000

 57/595 kpoint (Cartesian) = -0.074277 0.15724 -0.010108 (2409 pws)
       1       -2.60641     0.00364133
       2        2.70714     0.00364133
       3        4.95001     0.00364133
       4        7.86864     0.00364133
       5        14.6385        0.00000
       6        18.0537        0.00000
       7        18.8422        0.00000
       8        19.9528        0.00000
       9        22.8193        0.00000
      10        24.5836        0.00000
      11        30.8978        0.00000
      12        33.2164        0.00000
      13        35.3013        0.00000
      14        36.2639        0.00000

 58/595 kpoint (Cartesian) = -0.049518 0.14295 -0.020216 (2416 pws)
       1       -3.30894     0.00364133
       2        2.87788     0.00364133
       3        6.37389     0.00364133
       4        8.28918     0.00364133
       5        15.4165        0.00000
       6        17.1077        0.00000
       7        17.8582        0.00000
       8        19.8530        0.00000
       9        22.9307        0.00000
      10        25.5840        0.00000
      11        30.3680        0.00000
      12        32.1179        0.00000
      13        34.7000        0.00000
      14        35.0517        0.00000

 59/595 kpoint (Cartesian) = -0.024759 0.12865 -0.030323 (2423 pws)
       1       -3.86782     0.00364133
       2        3.19550     0.00364133
       3        7.73189     0.00364133
       4        8.52412     0.00364133
       5        15.2572        0.00000
       6        17.1589        0.00000
       7        17.3057        0.00000
       8        19.8028        0.00000
       9        23.4822        0.00000
      10        25.5316        0.00000
      11        29.9582        0.00000
      12        31.9011        0.00000
      13        33.8085        0.00000
      14        34.5824        0.00000

 60/595 kpoint (Cartesian) = 0.0000 0.14295 -0.050539 (2428 pws)
       1       -3.37840     0.00364133
       2        2.10483     0.00364133
       3        8.28957     0.00364133
       4        8.37078     0.00364133
       5        14.7404        0.00000
       6        17.0438        0.00000
       7        17.1601        0.00000
       8        20.2948        0.00000
       9        25.5710        0.00000
      10        25.6503        0.00000
      11        30.1650        0.00000
      12        32.6814        0.00000
      13        32.9917        0.00000
      14        33.0652        0.00000

 61/595 kpoint (Cartesian) = 0.024759 0.12865 -0.060647 (2421 pws)
       1       -3.57749     0.00364133
       2        2.66675     0.00364133
       3        8.00500     0.00364133
       4        8.14427     0.00364133
       5        15.0337        0.00000
       6        16.8036        0.00000
       7        17.7108        0.00000
       8        19.8162        0.00000
       9        24.0742        0.00000
      10        26.1949        0.00000
      11        29.9495        0.00000
      12        32.3355        0.00000
      13        32.7096        0.00000
      14        34.7307        0.00000

 62/595 kpoint (Cartesian) = 0.049518 0.11436 -0.070755 (2427 pws)
       1       -3.58336     0.00364133
       2        3.34659     0.00364133
       3        7.34388     0.00364133
       4        7.54749     0.00364133
       5        14.5263        0.00000
       6        17.3897        0.00000
       7        18.7039        0.00000
       8        18.7945        0.00000
       9        23.4462        0.00000
      10        26.7884        0.00000
      11        30.3886        0.00000
      12        32.4505        0.00000
      13        32.5804        0.00000
      14        35.9346        0.00000

 63/595 kpoint (Cartesian) = 0.074277 0.10006 -0.080862 (2413 pws)
       1       -3.38973     0.00364133
       2        3.90911     0.00364133
       3        6.56596     0.00364133
       4        7.06643     0.00364133
       5        13.3524        0.00000
       6        16.6970        0.00000
       7        19.5037        0.00000
       8        20.1583        0.00000
       9        23.4704        0.00000
      10        27.3336        0.00000
      11        31.1791        0.00000
      12        32.6960        0.00000
      13        33.4993        0.00000
      14        36.4228        0.00000

 64/595 kpoint (Cartesian) = 0.099036 0.085767 -0.090970 (2411 pws)
       1       -3.00280     0.00364133
       2        3.81736     0.00364133
       3        6.38724     0.00364133
       4        6.67038     0.00364133
       5        12.1735        0.00000
       6        15.5655        0.00000
       7        21.2178        0.00000
       8        21.4778        0.00000
       9        23.7238        0.00000
      10        27.8726        0.00000
      11        31.8005        0.00000
      12        32.8646        0.00000
      13        33.7734        0.00000
      14        38.2292        0.00000

 65/595 kpoint (Cartesian) = 0.12379 0.071473 -0.10108 (2413 pws)
       1       -2.44663     0.00364133
       2        3.12632     0.00364133
       3        6.41248     0.00364133
       4        6.45310     0.00364133
       5        11.3758        0.00000
       6        14.9797        0.00000
       7        22.3639        0.00000
       8        22.3663        0.00000
       9        24.2558        0.00000
      10        28.4936        0.00000
      11        32.5547        0.00000
      12        32.6664        0.00000
      13        32.7134        0.00000
      14        40.9259        0.00000

 66/595 kpoint (Cartesian) = 0.14855 0.057178 -0.11119 (2414 pws)
       1       -1.78627     0.00364133
       2        2.38748     0.00364133
       3        5.87515     0.00364133
       4        6.31774     0.00364133
       5        11.3550        0.00000
       6        14.9588        0.00000
       7        22.5371        0.00000
       8        22.6441        0.00000
       9        24.5627        0.00000
      10        28.6209        0.00000
      11        31.6951        0.00000
      12        32.5627        0.00000
      13        33.8595        0.00000
      14        39.8897        0.00000

 67/595 kpoint (Cartesian) = 0.14855 -0.22871 -0.010108 (2413 pws)
       1       -1.20002     0.00364133
       2        1.91527     0.00364133
       3        4.84368     0.00364133
       4        6.39346     0.00364133
       5        11.8051        0.00000
       6        15.6843        0.00000
       7        22.3647        0.00000
       8        22.4222        0.00000
       9        23.9309        0.00000
      10        27.4467        0.00000
      11        31.6167        0.00000
      12        33.2728        0.00000
      13        35.2465        0.00000
      14        38.3631        0.00000

 68/595 kpoint (Cartesian) = -0.12379 0.21442 0.0000 (2408 pws)
       1       -1.03329     0.00364133
       2        1.94793     0.00364133
       3        3.95970     0.00364133
       4        6.63298     0.00364133
       5        12.3895        0.00000
       6        16.9959        0.00000
       7        21.7627        0.00000
       8        21.9417        0.00000
       9        22.9834        0.00000
      10        25.8803        0.00000
      11        31.8256        0.00000
      12        34.1067        0.00000
      13        35.9658        0.00000
      14        37.5241        0.00000

 69/595 kpoint (Cartesian) = -0.099036 0.20012 -0.010108 (2409 pws)
       1       -1.36169     0.00364133
       2        2.01920     0.00364133
       3        3.96935     0.00364133
       4        7.01321     0.00364133
       5        13.1154        0.00000
       6        18.2425        0.00000
       7        20.6135        0.00000
       8        20.8721        0.00000
       9        22.9201        0.00000
      10        24.8150        0.00000
      11        31.8415        0.00000
      12        34.4863        0.00000
      13        34.8565        0.00000
      14        37.6670        0.00000

 70/595 kpoint (Cartesian) = -0.074277 0.18583 -0.020216 (2411 pws)
       1       -1.91203     0.00364133
       2        1.75281     0.00364133
       3        5.01944     0.00364133
       4        7.48494     0.00364133
       5        14.0107        0.00000
       6        18.0868        0.00000
       7        19.2052        0.00000
       8        20.4528        0.00000
       9        23.7638        0.00000
      10        24.4217        0.00000
      11        31.4052        0.00000
      12        33.5182        0.00000
      13        34.3995        0.00000
      14        36.7041        0.00000

 71/595 kpoint (Cartesian) = -0.049518 0.17153 -0.030323 (2414 pws)
       1       -2.49543     0.00364133
       2        1.62046     0.00364133
       3        6.39354     0.00364133
       4        7.95464     0.00364133
       5        14.9213        0.00000
       6        17.0094        0.00000
       7        17.9760        0.00000
       8        20.4725        0.00000
       9        24.5201        0.00000
      10        25.2200        0.00000
      11        30.7600        0.00000
      12        32.4783        0.00000
      13        34.0181        0.00000
      14        34.7963        0.00000

 72/595 kpoint (Cartesian) = -0.024759 0.15724 -0.040431 (2423 pws)
       1       -3.00575     0.00364133
       2        1.74193     0.00364133
       3        7.66897     0.00364133
       4        8.27365     0.00364133
       5        15.0001        0.00000
       6        16.8532        0.00000
       7        17.2429        0.00000
       8        20.3470        0.00000
       9        24.9653        0.00000
      10        26.3863        0.00000
      11        30.4221        0.00000
      12        31.7056        0.00000
      13        33.4406        0.00000
      14        33.5336        0.00000

 73/595 kpoint (Cartesian) = 0.0000 0.17153 -0.060647 (2422 pws)
       1       -2.63231     0.00364133
       2       0.990901     0.00364133
       3        8.20262     0.00364133
       4        8.28374     0.00364133
       5        14.5944        0.00000
       6        16.8995        0.00000
       7        17.0181        0.00000
       8        20.5463        0.00000
       9        26.9416        0.00000
      10        27.0419        0.00000
      11        30.5411        0.00000
      12        31.7362        0.00000
      13        31.7996        0.00000
      14        32.6971        0.00000

 74/595 kpoint (Cartesian) = 0.024759 0.15724 -0.070755 (2417 pws)
       1       -2.74792     0.00364133
       2        1.36080     0.00364133
       3        7.88846     0.00364133
       4        7.99798     0.00364133
       5        14.8793        0.00000
       6        16.6572        0.00000
       7        17.4369        0.00000
       8        20.3452        0.00000
       9        25.3568        0.00000
      10        27.1941        0.00000
      11        30.3482        0.00000
      12        31.7076        0.00000
      13        32.2381        0.00000
      14        33.9250        0.00000

 75/595 kpoint (Cartesian) = 0.049518 0.14295 -0.080862 (2413 pws)
       1       -2.73592     0.00364133
       2        1.96032     0.00364133
       3        6.91853     0.00364133
       4        7.55568     0.00364133
       5        14.4671        0.00000
       6        17.1870        0.00000
       7        18.4653        0.00000
       8        19.6329        0.00000
       9        24.1720        0.00000
      10        27.3436        0.00000
      11        30.5481        0.00000
      12        31.9438        0.00000
      13        32.5812        0.00000
      14        35.7881        0.00000

 76/595 kpoint (Cartesian) = 0.074277 0.12865 -0.090970 (2408 pws)
       1       -2.56904     0.00364133
       2        2.62498     0.00364133
       3        5.90460     0.00364133
       4        7.05817     0.00364133
       5        13.3952        0.00000
       6        17.4287        0.00000
       7        19.4315        0.00000
       8        19.8972        0.00000
       9        23.9470        0.00000
      10        27.5294        0.00000
      11        31.1168        0.00000
      12        32.3753        0.00000
      13        33.7341        0.00000
      14        36.7335        0.00000

 77/595 kpoint (Cartesian) = 0.099036 0.11436 -0.10108 (2414 pws)
       1       -2.24267     0.00364133
       2        2.88088     0.00364133
       3        5.46370     0.00364133
       4        6.62357     0.00364133
       5        12.3267        0.00000
       6        16.0316        0.00000
       7        21.0109        0.00000
       8        21.4281        0.00000
       9        24.1196        0.00000
      10        27.9022        0.00000
      11        31.4514        0.00000
      12        32.6925        0.00000
      13        34.9249        0.00000
      14        37.3025        0.00000

 78/595 kpoint (Cartesian) = 0.12379 0.10006 -0.11119 (2414 pws)
       1       -1.78433     0.00364133
       2        2.37904     0.00364133
       3        5.88476     0.00364133
       4        6.31733     0.00364133
       5        11.3523        0.00000
       6        14.9600        0.00000
       7        22.5468        0.00000
       8        22.6575        0.00000
       9        24.5448        0.00000
      10        28.6154        0.00000
      11        31.7086        0.00000
      12        32.5211        0.00000
      13        33.8432        0.00000
      14        39.9369        0.00000

 79/595 kpoint (Cartesian) = 0.14855 0.085767 -0.12129 (2430 pws)
       1       -1.29464     0.00364133
       2        1.75216     0.00364133
       3        6.17118     0.00364133
       4        6.21029     0.00364133
       5        10.7960    7.88324e-18
       6        14.5453        0.00000
       7        23.2505        0.00000
       8        23.2523        0.00000
       9        25.1482        0.00000
      10        29.3451        0.00000
      11        31.8898        0.00000
      12        32.0088        0.00000
      13        32.7662        0.00000
      14        41.9448        0.00000

 80/595 kpoint (Cartesian) = -0.14855 0.25730 0.0000 (2428 pws)
       1       -1.03446     0.00364133
       2        1.54374     0.00364133
       3        5.71398     0.00364133
       4        6.19715     0.00364133
       5        11.0766        0.00000
       6        14.7552        0.00000
       7        23.1723        0.00000
       8        23.1931        0.00000
       9        24.7099        0.00000
      10        28.7040        0.00000
      11        31.6077        0.00000
      12        32.4712        0.00000
      13        33.7391        0.00000
      14        40.5775        0.00000

 81/595 kpoint (Cartesian) = -0.12379 0.24301 -0.010108 (2413 pws)
       1       -1.19668     0.00364133
       2        1.90403     0.00364133
       3        4.85370     0.00364133
       4        6.39304     0.00364133
       5        11.8037        0.00000
       6        15.6858        0.00000
       7        22.3683        0.00000
       8        22.4353        0.00000
       9        23.9223        0.00000
      10        27.4381        0.00000
      11        31.6241        0.00000
      12        33.2363        0.00000
      13        35.2296        0.00000
      14        38.3861        0.00000

 82/595 kpoint (Cartesian) = -0.099036 0.22871 -0.020216 (2410 pws)
       1       -1.54649     0.00364133
       2        2.14001     0.00364133
       3        4.56763     0.00364133
       4        6.74161     0.00364133
       5        12.6414        0.00000
       6        17.1192        0.00000
       7        20.8773        0.00000
       8        21.1041        0.00000
       9        23.6719        0.00000
      10        26.6048        0.00000
      11        31.6106        0.00000
      12        33.4480        0.00000
      13        35.3115        0.00000
      14        37.2726        0.00000

 83/595 kpoint (Cartesian) = -0.074277 0.21442 -0.030323 (2411 pws)
       1       -1.88902     0.00364133
       2        1.70321     0.00364133
       3        5.36360     0.00364133
       4        7.20304     0.00364133
       5        13.5966        0.00000
       6        17.9734        0.00000
       7        19.5427        0.00000
       8        19.9361        0.00000
       9        23.8097        0.00000
      10        26.2796        0.00000
      11        31.3654        0.00000
      12        33.1624        0.00000
      13        33.6541        0.00000
      14        36.8841        0.00000

 84/595 kpoint (Cartesian) = -0.049518 0.20012 -0.040431 (2419 pws)
       1       -2.18167     0.00364133
       2        1.18650     0.00364133
       3        6.58654     0.00364133
       4        7.69800     0.00364133
       5        14.5923        0.00000
       6        17.0332        0.00000
       7        18.1679        0.00000
       8        20.4059        0.00000
       9        24.6880        0.00000
      10        26.3141        0.00000
      11        30.8486        0.00000
      12        32.5383        0.00000
      13        32.6567        0.00000
      14        35.2219        0.00000

 85/595 kpoint (Cartesian) = -0.024759 0.18583 -0.050539 (2419 pws)
       1       -2.43155     0.00364133
       2       0.924224     0.00364133
       3        7.72618     0.00364133
       4        8.08899     0.00364133
       5        14.8694        0.00000
       6        16.6628        0.00000
       7        17.2673        0.00000
       8        20.5342        0.00000
       9        26.3588        0.00000
      10        26.5963        0.00000
      11        30.7292        0.00000
      12        31.7305        0.00000
      13        32.1506        0.00000
      14        33.3133        0.00000

 86/595 kpoint (Cartesian) = 0.0000 0.028589 0.020216 (2417 pws)
       1       -5.83146     0.00182066
       2        8.76031     0.00182066
       3        8.96501     0.00182066
       4        8.97744     0.00182066
       5        16.1707        0.00000
       6        16.3278        0.00000
       7        17.0728        0.00000
       8        17.0754        0.00000
       9        23.3246        0.00000
      10        24.4785        0.00000
      11        31.5149        0.00000
      12        31.5540        0.00000
      13        32.0086        0.00000
      14        34.0902        0.00000

 87/595 kpoint (Cartesian) = 0.024759 0.014295 0.010108 (2427 pws)
       1       -5.86864     0.00182066
       2        8.58205     0.00182066
       3        9.16813     0.00182066
       4        9.21709     0.00182066
       5        15.9637        0.00000
       6        16.7595        0.00000
       7        16.7858        0.00000
       8        16.8760        0.00000
       9        23.9694        0.00000
      10        23.9697        0.00000
      11        30.8834        0.00000
      12        31.9222        0.00000
      13        32.0627        0.00000
      14        34.8424        0.00000

 88/595 kpoint (Cartesian) = 0.049518 0.0000 0.0000 (2417 pws)
       1       -5.68168     0.00182066
       2        7.95966     0.00182066
       3        8.66383     0.00182066
       4        9.20989     0.00182066
       5        16.2205        0.00000
       6        16.6564        0.00000
       7        16.7892        0.00000
       8        17.6437        0.00000
       9        23.1866        0.00000
      10        24.0558        0.00000
      11        30.2717        0.00000
      12        31.6599        0.00000
      13        33.1355        0.00000
      14        33.2227        0.00000

 89/595 kpoint (Cartesian) = 0.074277 -0.014295 -0.010108 (2424 pws)
       1       -5.27359     0.00182066
       2        6.59164     0.00182066
       3        8.17624     0.00182066
       4        9.08129     0.00182066
       5        16.0340        0.00000
       6        17.0086        0.00000
       7        17.0609        0.00000
       8        18.4336        0.00000
       9        22.6309        0.00000
      10        23.9974        0.00000
      11        29.5592        0.00000
      12        32.1926        0.00000
      13        32.7955        0.00000
      14        34.2889        0.00000

 90/595 kpoint (Cartesian) = 0.099036 -0.028589 -0.020216 (2426 pws)
       1       -4.65816     0.00182066
       2        4.89626     0.00182066
       3        7.86145     0.00182066
       4        8.84128     0.00182066
       5        15.6159        0.00000
       6        17.1990        0.00000
       7        17.3837        0.00000
       8        19.0995        0.00000
       9        22.6915        0.00000
      10        24.5181        0.00000
      11        29.6625        0.00000
      12        31.9281        0.00000
      13        33.7169        0.00000
      14        34.8171        0.00000

 91/595 kpoint (Cartesian) = 0.12379 -0.042884 -0.030323 (2423 pws)
       1       -3.87036     0.00182066
       2        3.21611     0.00182066
       3        7.67133     0.00182066
       4        8.56596     0.00182066
       5        15.2544        0.00000
       6        17.2037        0.00000
       7        17.2064        0.00000
       8        19.8293        0.00000
       9        23.5569        0.00000
      10        25.4971        0.00000
      11        29.9244        0.00000
      12        31.9183        0.00000
      13        33.8861        0.00000
      14        34.5837        0.00000

 92/595 kpoint (Cartesian) = 0.14855 -0.057178 -0.040431 (2423 pws)
       1       -3.01232     0.00182066
       2        1.76659     0.00182066
       3        7.60585     0.00182066
       4        8.31510     0.00182066
       5        14.9992        0.00000
       6        16.8993        0.00000
       7        17.1400        0.00000
       8        20.3702        0.00000
       9        25.0466        0.00000
      10        26.3392        0.00000
      11        30.3957        0.00000
      12        31.7583        0.00000
      13        33.4848        0.00000
      14        33.5786        0.00000

 93/595 kpoint (Cartesian) = 0.14855 -0.11436 -0.080862 (2419 pws)
       1       -2.44423     0.00182066
       2       0.955658     0.00182066
       3        7.66023     0.00182066
       4        8.12904     0.00182066
       5        14.8701        0.00000
       6        16.7093        0.00000
       7        17.1667        0.00000
       8        20.5506        0.00000
       9        26.3245        0.00000
      10        26.6753        0.00000
      11        30.7072        0.00000
      12        31.7730        0.00000
      13        32.2286        0.00000
      14        33.3552        0.00000

 94/595 kpoint (Cartesian) = 0.12379 -0.10006 -0.070755 (2417 pws)
       1       -2.75810     0.00182066
       2        1.39145     0.00182066
       3        7.82088     0.00182066
       4        8.03413     0.00182066
       5        14.8805        0.00000
       6        16.7068        0.00000
       7        17.3393        0.00000
       8        20.3514        0.00000
       9        25.3530        0.00000
      10        27.2822        0.00000
      11        30.3301        0.00000
      12        31.7811        0.00000
      13        32.1993        0.00000
      14        34.0265        0.00000

 95/595 kpoint (Cartesian) = 0.099036 -0.085767 -0.060647 (2421 pws)
       1       -3.58278     0.00182066
       2        2.69562     0.00182066
       3        8.04585     0.00182066
       4        8.06520     0.00182066
       5        15.0331        0.00000
       6        16.8602        0.00000
       7        17.6172        0.00000
       8        19.8092        0.00000
       9        24.0967        0.00000
      10        26.2936        0.00000
      11        29.9200        0.00000
      12        32.2691        0.00000
      13        32.7409        0.00000
      14        34.8700        0.00000

 96/595 kpoint (Cartesian) = 0.074277 -0.071473 -0.050539 (2421 pws)
       1       -4.41187     0.00182066
       2        4.32904     0.00182066
       3        8.16811     0.00182066
       4        8.35824     0.00182066
       5        15.3098        0.00000
       6        17.0028        0.00000
       7        17.8608        0.00000
       8        19.1129        0.00000
       9        23.0090        0.00000
      10        25.1193        0.00000
      11        29.6763        0.00000
      12        32.0786        0.00000
      13        33.4367        0.00000
      14        35.1262        0.00000

 97/595 kpoint (Cartesian) = -0.049518 0.057178 0.040431 (2425 pws)
       1       -5.09047     0.00182066
       2        6.06347     0.00182066
       3        8.38942     0.00182066
       4        8.64429     0.00182066
       5        15.6603        0.00000
       6        16.8582        0.00000
       7        17.8542        0.00000
       8        18.4909        0.00000
       9        22.4140        0.00000
      10        24.4933        0.00000
      11        29.5208        0.00000
      12        32.0863        0.00000
      13        33.1000        0.00000
      14        34.6570        0.00000

 98/595 kpoint (Cartesian) = -0.024759 0.042884 0.030323 (2422 pws)
       1       -5.57002     0.00182066
       2        7.69294     0.00182066
       3        8.67609     0.00182066
       4        8.84099     0.00182066
       5        15.9941        0.00000
       6        16.5425        0.00000
       7        17.5197        0.00000
       8        17.7458        0.00000
       9        22.6104        0.00000
      10        24.4683        0.00000
      11        30.0339        0.00000
      12        32.1273        0.00000
      13        32.3894        0.00000
      14        33.6936        0.00000

 99/595 kpoint (Cartesian) = 0.0000 0.057178 0.010108 (2422 pws)
       1       -5.56963     0.00364133
       2        7.65141     0.00364133
       3        8.67070     0.00364133
       4        8.89620     0.00364133
       5        16.0007        0.00000
       6        16.5227        0.00000
       7        17.5337        0.00000
       8        17.7470        0.00000
       9        22.5966        0.00000
      10        24.4442        0.00000
      11        30.0819        0.00000
      12        32.1164        0.00000
      13        32.4216        0.00000
      14        33.6186        0.00000

 100/595 kpoint (Cartesian) = 0.024759 0.042884 0.0000 (2417 pws)
       1       -5.68141     0.00364133
       2        7.93062     0.00364133
       3        8.66191     0.00364133
       4        9.24795     0.00364133
       5        16.2150        0.00000
       6        16.6690        0.00000
       7        16.7722        0.00000
       8        17.6526        0.00000
       9        23.1784        0.00000
      10        24.0386        0.00000
      11        30.3272        0.00000
      12        31.6576        0.00000
      13        33.1206        0.00000
      14        33.1774        0.00000

 101/595 kpoint (Cartesian) = 0.049518 0.028589 -0.010108 (2422 pws)
       1       -5.56937     0.00364133
       2        7.62071     0.00364133
       3        8.70397     0.00364133
       4        8.89842     0.00364133
       5        16.0058        0.00000
       6        16.5177        0.00000
       7        17.5283        0.00000
       8        17.7546        0.00000
       9        22.5867        0.00000
      10        24.4285        0.00000
      11        30.1360        0.00000
      12        32.0254        0.00000
      13        32.4930        0.00000
      14        33.5803        0.00000

 102/595 kpoint (Cartesian) = 0.074277 0.014295 -0.020216 (2424 pws)
       1       -5.23552     0.00364133
       2        6.83648     0.00364133
       3        7.95426     0.00364133
       4        8.81561     0.00364133
       5        15.7527        0.00000
       6        16.7665        0.00000
       7        17.8253        0.00000
       8        18.4138        0.00000
       9        22.0376        0.00000
      10        24.6221        0.00000
      11        30.2111        0.00000
      12        31.9656        0.00000
      13        32.2189        0.00000
      14        34.4481        0.00000

 103/595 kpoint (Cartesian) = 0.099036 0.0000 -0.030323 (2427 pws)
       1       -4.68984     0.00364133
       2        5.46119     0.00364133
       3        7.38762     0.00364133
       4        8.62268     0.00364133
       5        15.5910        0.00000
       6        16.9909        0.00000
       7        18.1356        0.00000
       8        18.5998        0.00000
       9        22.1563        0.00000
      10        25.0008        0.00000
      11        30.3294        0.00000
      12        31.5879        0.00000
      13        33.1785        0.00000
      14        35.1464        0.00000

 104/595 kpoint (Cartesian) = 0.12379 -0.014295 -0.040431 (2423 pws)
       1       -3.95841     0.00364133
       2        3.85659     0.00364133
       3        7.08660     0.00364133
       4        8.31779     0.00364133
       5        15.3636        0.00000
       6        16.9507        0.00000
       7        18.2075        0.00000
       8        18.9951        0.00000
       9        22.8716        0.00000
      10        25.7896        0.00000
      11        30.2272        0.00000
      12        31.7588        0.00000
      13        33.7045        0.00000
      14        35.4802        0.00000

 105/595 kpoint (Cartesian) = 0.14855 -0.028589 -0.050539 (2417 pws)
       1       -3.11158     0.00364133
       2        2.35294     0.00364133
       3        6.94184     0.00364133
       4        8.01699     0.00364133
       5        15.1539        0.00000
       6        16.6365        0.00000
       7        18.1152        0.00000
       8        19.8076        0.00000
       9        23.8767        0.00000
      10        26.4400        0.00000
      11        30.4187        0.00000
      12        31.8615        0.00000
      13        33.4172        0.00000
      14        35.3180        0.00000

 106/595 kpoint (Cartesian) = 0.14855 -0.11436 -0.11119 (2420 pws)
       1       -2.38746     0.00364133
       2        1.28367     0.00364133
       3        6.89833     0.00364133
       4        7.82302     0.00364133
       5        15.0399        0.00000
       6        16.4187        0.00000
       7        18.0144        0.00000
       8        20.4365        0.00000
       9        24.7316        0.00000
      10        26.6097        0.00000
      11        30.8105        0.00000
      12        31.6610        0.00000
      13        33.2808        0.00000
      14        34.7263        0.00000

 107/595 kpoint (Cartesian) = 0.12379 -0.10006 -0.10108 (2420 pws)
       1       -2.38813     0.00364133
       2        1.28525     0.00364133
       3        6.90431     0.00364133
       4        7.81433     0.00364133
       5        15.0432        0.00000
       6        16.4176        0.00000
       7        18.0152        0.00000
       8        20.4311        0.00000
       9        24.7227        0.00000
      10        26.6296        0.00000
      11        30.8083        0.00000
      12        31.6621        0.00000
      13        33.2643        0.00000
      14        34.7485        0.00000

 108/595 kpoint (Cartesian) = 0.099036 -0.085767 -0.090970 (2417 pws)
       1       -3.11268     0.00364133
       2        2.35707     0.00364133
       3        6.95592     0.00364133
       4        7.99470     0.00364133
       5        15.1620        0.00000
       6        16.6357        0.00000
       7        18.1176        0.00000
       8        19.7922        0.00000
       9        23.8668        0.00000
      10        26.4798        0.00000
      11        30.4154        0.00000
      12        31.8561        0.00000
      13        33.3858        0.00000
      14        35.3690        0.00000

 109/595 kpoint (Cartesian) = -0.074277 0.10006 0.040431 (2423 pws)
       1       -3.95938     0.00364133
       2        3.86382     0.00364133
       3        7.10274     0.00364133
       4        8.28738     0.00364133
       5        15.3726        0.00000
       6        16.9569        0.00000
       7        18.2095        0.00000
       8        18.9710        0.00000
       9        22.8681        0.00000
      10        25.8344        0.00000
      11        30.2281        0.00000
      12        31.7369        0.00000
      13        33.6613        0.00000
      14        35.5535        0.00000

 110/595 kpoint (Cartesian) = -0.049518 0.057178 0.070755 (2427 pws)
       1       -4.69059     0.00364133
       2        5.47479     0.00364133
       3        7.39992     0.00364133
       4        8.58798     0.00364133
       5        15.5971        0.00000
       6        17.0028        0.00000
       7        18.1370        0.00000
       8        18.5725        0.00000
       9        22.1613        0.00000
      10        25.0422        0.00000
      11        30.3356        0.00000
      12        31.5586        0.00000
      13        33.1221        0.00000
      14        35.2287        0.00000

 111/595 kpoint (Cartesian) = -0.024759 0.071473 0.020216 (2424 pws)
       1       -5.23602     0.00364133
       2        6.86425     0.00364133
       3        7.95234     0.00364133
       4        8.78153     0.00364133
       5        15.7538        0.00000
       6        16.7726        0.00000
       7        17.8335        0.00000
       8        18.3915        0.00000
       9        22.0501        0.00000
      10        24.6528        0.00000
      11        30.1988        0.00000
      12        31.9754        0.00000
      13        32.1437        0.00000
      14        34.5269        0.00000

 112/595 kpoint (Cartesian) = 0.0000 0.085767 0.0000 (2425 pws)
       1       -5.08940     0.00364133
       2        6.03028     0.00364133
       3        8.38210     0.00364133
       4        8.69675     0.00364133
       5        15.6683        0.00000
       6        16.8287        0.00000
       7        17.8872        0.00000
       8        18.4968        0.00000
       9        22.3856        0.00000
      10        24.4438        0.00000
      11        29.5558        0.00000
      12        32.1533        0.00000
      13        33.0936        0.00000
      14        34.5541        0.00000

 113/595 kpoint (Cartesian) = 0.024759 0.071473 -0.010108 (2424 pws)
       1       -5.27280     0.00364133
       2        6.55827     0.00364133
       3        8.18542     0.00364133
       4        9.11718     0.00364133
       5        16.0385        0.00000
       6        16.9888        0.00000
       7        17.0716        0.00000
       8        18.4458        0.00000
       9        22.6142        0.00000
      10        23.9568        0.00000
      11        29.5997        0.00000
      12        32.2582        0.00000
      13        32.7637        0.00000
      14        34.2059        0.00000

 114/595 kpoint (Cartesian) = 0.049518 0.057178 -0.020216 (2424 pws)
       1       -5.23501     0.00364133
       2        6.81021     0.00364133
       3        7.95403     0.00364133
       4        8.85068     0.00364133
       5        15.7510        0.00000
       6        16.7592        0.00000
       7        17.8183        0.00000
       8        18.4361        0.00000
       9        22.0253        0.00000
      10        24.5923        0.00000
      11        30.2223        0.00000
      12        32.0435        0.00000
      13        32.2004        0.00000
      14        34.3746        0.00000

 115/595 kpoint (Cartesian) = 0.074277 0.042884 -0.030323 (2428 pws)
       1       -4.97614     0.00364133
       2        6.46199     0.00364133
       3        7.98085     0.00364133
       4        8.09137     0.00364133
       5        14.8652        0.00000
       6        17.0599        0.00000
       7        18.6422        0.00000
       8        18.7292        0.00000
       9        21.6892        0.00000
      10        25.3445        0.00000
      11        30.6676        0.00000
      12        32.0233        0.00000
      13        32.3256        0.00000
      14        34.9484        0.00000

 116/595 kpoint (Cartesian) = 0.099036 0.028589 -0.040431 (2426 pws)
       1       -4.50407     0.00364133
       2        5.65525     0.00364133
       3        7.16194     0.00364133
       4        7.96445     0.00364133
       5        14.4403        0.00000
       6        17.0276        0.00000
       7        18.7058        0.00000
       8        19.3334        0.00000
       9        22.0730        0.00000
      10        25.8686        0.00000
      11        31.1618        0.00000
      12        31.8309        0.00000
      13        32.9827        0.00000
      14        35.4879        0.00000

 117/595 kpoint (Cartesian) = 0.12379 0.014295 -0.050539 (2421 pws)
       1       -3.83923     0.00364133
       2        4.41592     0.00364133
       3        6.56722     0.00364133
       4        7.66988     0.00364133
       5        14.3382        0.00000
       6        17.1890        0.00000
       7        18.3415        0.00000
       8        19.6848        0.00000
       9        22.8557        0.00000
      10        26.5103        0.00000
      11        30.9157        0.00000
      12        32.1147        0.00000
      13        33.7449        0.00000
      14        35.8271        0.00000

 118/595 kpoint (Cartesian) = 0.14855 0.0000 -0.060647 (2415 pws)
       1       -3.03321     0.00364133
       2        3.02650     0.00364133
       3        6.19822     0.00364133
       4        7.35277     0.00364133
       5        14.3003        0.00000
       6        17.3656        0.00000
       7        18.5330        0.00000
       8        19.6994        0.00000
       9        23.5526        0.00000
      10        26.9493        0.00000
      11        30.8646        0.00000
      12        32.2329        0.00000
      13        33.8401        0.00000
      14        36.3008        0.00000

 119/595 kpoint (Cartesian) = 0.14855 -0.11436 -0.14151 (2413 pws)
       1       -2.24516     0.00364133
       2        1.85703     0.00364133
       3        5.91155     0.00364133
       4        7.21230     0.00364133
       5        14.3524        0.00000
       6        17.1311        0.00000
       7        19.2839        0.00000
       8        19.8392        0.00000
       9        23.6798        0.00000
      10        26.8059        0.00000
      11        31.2106        0.00000
      12        32.0322        0.00000
      13        34.0381        0.00000
      14        36.4111        0.00000

 120/595 kpoint (Cartesian) = 0.12379 -0.10006 -0.13140 (2413 pws)
       1       -1.95783     0.00364133
       2        1.47642     0.00364133
       3        5.68926     0.00364133
       4        7.30712     0.00364133
       5        14.5607        0.00000
       6        16.9350        0.00000
       7        19.2914        0.00000
       8        20.3926        0.00000
       9        23.4506        0.00000
      10        26.1070        0.00000
      11        31.2956        0.00000
      12        32.2933        0.00000
      13        34.4779        0.00000
      14        36.1975        0.00000

 121/595 kpoint (Cartesian) = 0.099036 -0.085767 -0.12129 (2415 pws)
       1       -2.49799     0.00364133
       2        2.22519     0.00364133
       3        5.59596     0.00364133
       4        7.58855     0.00364133
       5        14.9202        0.00000
       6        16.8904        0.00000
       7        19.1833        0.00000
       8        19.8930        0.00000
       9        23.3540        0.00000
      10        25.5827        0.00000
      11        30.9782        0.00000
      12        32.6089        0.00000
      13        34.7832        0.00000
      14        36.0616        0.00000

 122/595 kpoint (Cartesian) = -0.074277 0.12865 0.030323 (2419 pws)
       1       -3.32336     0.00364133
       2        3.49589     0.00364133
       3        5.72797     0.00364133
       4        7.97438     0.00364133
       5        15.3478        0.00000
       6        16.9955        0.00000
       7        18.6966        0.00000
       8        19.2259        0.00000
       9        22.6825        0.00000
      10        25.8301        0.00000
      11        30.5186        0.00000
      12        32.3446        0.00000
      13        34.8660        0.00000
      14        35.8088        0.00000

 123/595 kpoint (Cartesian) = -0.049518 0.11436 0.020216 (2418 pws)
       1       -4.08885     0.00364133
       2        4.69317     0.00364133
       3        6.29791     0.00364133
       4        8.35441     0.00364133
       5        15.6285        0.00000
       6        17.0631        0.00000
       7        18.2271        0.00000
       8        18.8141        0.00000
       9        22.1781        0.00000
      10        25.6378        0.00000
      11        30.6774        0.00000
      12        31.5425        0.00000
      13        34.0875        0.00000
      14        35.5356        0.00000

 124/595 kpoint (Cartesian) = -0.024759 0.10006 0.010108 (2427 pws)
       1       -4.68986     0.00364133
       2        5.45227     0.00364133
       3        7.42823     0.00364133
       4        8.58552     0.00364133
       5        15.6062        0.00000
       6        16.9730        0.00000
       7        18.1747        0.00000
       8        18.5775        0.00000
       9        22.1341        0.00000
      10        25.0218        0.00000
      11        30.3563        0.00000
      12        31.5774        0.00000
      13        33.1161        0.00000
      14        35.1840        0.00000

 125/595 kpoint (Cartesian) = 0.0000 0.11436 -0.010108 (2421 pws)
       1       -4.40953     0.00364133
       2        4.30095     0.00364133
       3        8.15749     0.00364133
       4        8.40817     0.00364133
       5        15.3149        0.00000
       6        16.9768        0.00000
       7        17.9084        0.00000
       8        19.1170        0.00000
       9        22.9734        0.00000
      10        25.0564        0.00000
      11        29.7154        0.00000
      12        32.1440        0.00000
      13        33.4020        0.00000
      14        35.0261        0.00000

 126/595 kpoint (Cartesian) = 0.024759 0.10006 -0.020216 (2426 pws)
       1       -4.65639     0.00364133
       2        4.86815     0.00364133
       3        7.86861     0.00364133
       4        8.87429     0.00364133
       5        15.6197        0.00000
       6        17.1873        0.00000
       7        17.4076        0.00000
       8        19.1014        0.00000
       9        22.6691        0.00000
      10        24.4633        0.00000
      11        29.7053        0.00000
      12        31.9788        0.00000
      13        33.6794        0.00000
      14        34.7365        0.00000

 127/595 kpoint (Cartesian) = 0.049518 0.085767 -0.030323 (2427 pws)
       1       -4.68847     0.00364133
       2        5.42914     0.00364133
       3        7.39797     0.00364133
       4        8.65589     0.00364133
       5        15.5937        0.00000
       6        16.9700        0.00000
       7        18.1482        0.00000
       8        18.6254        0.00000
       9        22.1331        0.00000
      10        24.9478        0.00000
      11        30.3548        0.00000
      12        31.6433        0.00000
      13        33.1716        0.00000
      14        35.0574        0.00000

 128/595 kpoint (Cartesian) = 0.074277 0.071473 -0.040431 (2426 pws)
       1       -4.50326     0.00364133
       2        5.63223     0.00364133
       3        7.16224     0.00364133
       4        7.99439     0.00364133
       5        14.4354        0.00000
       6        17.0183        0.00000
       7        18.7400        0.00000
       8        19.3265        0.00000
       9        22.0575        0.00000
      10        25.8325        0.00000
      11        31.1456        0.00000
      12        31.9035        0.00000
      13        32.9787        0.00000
      14        35.4357        0.00000

 129/595 kpoint (Cartesian) = 0.099036 0.057178 -0.050539 (2430 pws)
       1       -4.10654     0.00364133
       2        5.20650     0.00364133
       3        7.14355     0.00364133
       4        7.27564     0.00364133
       5        13.4491        0.00000
       6        16.4857        0.00000
       7        19.7748        0.00000
       8        20.0947        0.00000
       9        22.4641        0.00000
      10        26.6014        0.00000
      11        31.5136        0.00000
      12        32.7183        0.00000
      13        32.9496        0.00000
      14        36.4108        0.00000

 130/595 kpoint (Cartesian) = 0.12379 0.042884 -0.060647 (2421 pws)
       1       -3.51557     0.00364133
       2        4.41488     0.00364133
       3        6.47758     0.00364133
       4        7.00935     0.00364133
       5        13.0820        0.00000
       6        16.1735        0.00000
       7        19.7980        0.00000
       8        20.9057        0.00000
       9        23.1642        0.00000
      10        27.2393        0.00000
      11        31.4062        0.00000
      12        32.8989        0.00000
      13        33.8548        0.00000
      14        36.6056        0.00000

 131/595 kpoint (Cartesian) = 0.14855 0.028589 -0.070755 (2410 pws)
       1       -2.77173     0.00364133
       2        3.42020     0.00364133
       3        5.77377     0.00364133
       4        6.68419     0.00364133
       5        13.1670        0.00000
       6        16.4640        0.00000
       7        19.4726        0.00000
       8        21.2392        0.00000
       9        23.7053        0.00000
      10        27.5128        0.00000
      11        31.1777        0.00000
      12        33.0184        0.00000
      13        34.6423        0.00000
      14        36.5729        0.00000

 132/595 kpoint (Cartesian) = 0.14855 -0.20012 -0.050539 (2415 pws)
       1       -1.99057     0.00364133
       2        2.42830     0.00364133
       3        5.08914     0.00364133
       4        6.58662     0.00364133
       5        13.3837        0.00000
       6        17.3055        0.00000
       7        19.2952        0.00000
       8        21.1972        0.00000
       9        23.5153        0.00000
      10        27.1387        0.00000
      11        31.2655        0.00000
      12        33.1203        0.00000
      13        35.0553        0.00000
      14        37.0189        0.00000

 133/595 kpoint (Cartesian) = 0.12379 -0.10006 -0.16172 (2411 pws)
       1       -1.52176     0.00364133
       2        1.88570     0.00364133
       3        4.57007     0.00364133
       4        6.73013     0.00364133
       5        13.7108        0.00000
       6        17.8826        0.00000
       7        19.6781        0.00000
       8        21.0086        0.00000
       9        22.6654        0.00000
      10        26.1555        0.00000
      11        31.4943        0.00000
      12        33.5121        0.00000
      13        35.2288        0.00000
      14        37.4024        0.00000

 134/595 kpoint (Cartesian) = -0.099036 0.17153 0.030323 (2412 pws)
       1       -1.81743     0.00364133
       2        2.26422     0.00364133
       3        4.33810     0.00364133
       4        7.05902     0.00364133
       5        14.1911        0.00000
       6        17.8756        0.00000
       7        19.8281        0.00000
       8        20.5788        0.00000
       9        22.5111        0.00000
      10        25.0510        0.00000
      11        31.5708        0.00000
      12        33.5615        0.00000
      13        35.4637        0.00000
      14        37.2907        0.00000

 135/595 kpoint (Cartesian) = -0.074277 0.15724 0.020216 (2414 pws)
       1       -2.55766     0.00364133
       2        3.02447     0.00364133
       3        4.65364     0.00364133
       4        7.50665     0.00364133
       5        14.8003        0.00000
       6        17.5661        0.00000
       7        19.0406        0.00000
       8        20.0625        0.00000
       9        22.7242        0.00000
      10        25.0652        0.00000
      11        31.0784        0.00000
      12        33.1641        0.00000
      13        35.6481        0.00000
      14        36.4568        0.00000

 136/595 kpoint (Cartesian) = -0.049518 0.14295 0.010108 (2419 pws)
       1       -3.32173     0.00364133
       2        3.47621     0.00364133
       3        5.75349     0.00364133
       4        7.96790     0.00364133
       5        15.3479        0.00000
       6        16.9972        0.00000
       7        18.6835        0.00000
       8        19.2718        0.00000
       9        22.6491        0.00000
      10        25.8198        0.00000
      11        30.5489        0.00000
      12        32.3146        0.00000
      13        34.8831        0.00000
      14        35.7434        0.00000

 137/595 kpoint (Cartesian) = -0.024759 0.12865 0.0000 (2423 pws)
       1       -3.95719     0.00364133
       2        3.83880     0.00364133
       3        7.14099     0.00364133
       4        8.27679     0.00364133
       5        15.3809        0.00000
       6        16.9267        0.00000
       7        18.2686        0.00000
       8        18.9776        0.00000
       9        22.8191        0.00000
      10        25.8067        0.00000
      11        30.2807        0.00000
      12        31.7100        0.00000
      13        33.6670        0.00000
      14        35.4726        0.00000

 138/595 kpoint (Cartesian) = 0.0000 0.14295 -0.020216 (2421 pws)
       1       -3.57790     0.00364133
       2        2.66894     0.00364133
       3        8.02194     0.00364133
       4        8.12336     0.00364133
       5        15.0357        0.00000
       6        16.8412        0.00000
       7        17.6703        0.00000
       8        19.8071        0.00000
       9        24.0664        0.00000
      10        26.2341        0.00000
      11        29.9546        0.00000
      12        32.3274        0.00000
      13        32.6696        0.00000
      14        34.7754        0.00000

 139/595 kpoint (Cartesian) = 0.024759 0.12865 -0.030323 (2423 pws)
       1       -3.86661     0.00364133
       2        3.19028     0.00364133
       3        7.67648     0.00364133
       4        8.59623     0.00364133
       5        15.2576        0.00000
       6        17.1852        0.00000
       7        17.2498        0.00000
       8        19.8251        0.00000
       9        23.5341        0.00000
      10        25.4443        0.00000
      11        29.9709        0.00000
      12        31.9318        0.00000
      13        33.8543        0.00000
      14        34.4957        0.00000

 140/595 kpoint (Cartesian) = 0.049518 0.11436 -0.040431 (2423 pws)
       1       -3.95543     0.00364133
       2        3.82759     0.00364133
       3        7.09813     0.00364133
       4        8.34487     0.00364133
       5        15.3666        0.00000
       6        16.9421        0.00000
       7        18.2288        0.00000
       8        19.0099        0.00000
       9        22.8426        0.00000
      10        25.7326        0.00000
      11        30.2851        0.00000
      12        31.7541        0.00000
      13        33.6926        0.00000
      14        35.3865        0.00000

 141/595 kpoint (Cartesian) = 0.074277 0.10006 -0.050539 (2421 pws)
       1       -3.83706     0.00364133
       2        4.38433     0.00364133
       3        6.58305     0.00364133
       4        7.69368     0.00364133
       5        14.3328        0.00000
       6        17.1832        0.00000
       7        18.3627        0.00000
       8        19.7019        0.00000
       9        22.8293        0.00000
      10        26.4594        0.00000
      11        30.9600        0.00000
      12        32.1137        0.00000
      13        33.7431        0.00000
      14        35.7576        0.00000

 142/595 kpoint (Cartesian) = 0.099036 0.085767 -0.060647 (2421 pws)
       1       -3.51434     0.00364133
       2        4.39675     0.00364133
       3        6.47803     0.00364133
       4        7.03201     0.00364133
       5        13.0766        0.00000
       6        16.1734        0.00000
       7        19.8250        0.00000
       8        20.8980        0.00000
       9        23.1498        0.00000
      10        27.2099        0.00000
      11        31.4229        0.00000
      12        32.8977        0.00000
      13        33.8416        0.00000
      14        36.6024        0.00000

 143/595 kpoint (Cartesian) = 0.12379 0.071473 -0.070755 (2411 pws)
       1       -3.00240     0.00364133
       2        3.81636     0.00364133
       3        6.34634     0.00364133
       4        6.71281     0.00364133
       5        12.1801        0.00000
       6        15.5595        0.00000
       7        21.2224        0.00000
       8        21.4715        0.00000
       9        23.7247        0.00000
      10        27.8807        0.00000
      11        31.8546        0.00000
      12        32.6957        0.00000
      13        33.8947        0.00000
      14        38.2082        0.00000

 144/595 kpoint (Cartesian) = 0.14855 0.057178 -0.080862 (2411 pws)
       1       -2.33996     0.00364133
       2        3.06573     0.00364133
       3        5.99315     0.00364133
       4        6.24640     0.00364133
       5        12.0556        0.00000
       6        15.4181        0.00000
       7        21.1608        0.00000
       8        22.3342        0.00000
       9        24.0879        0.00000
      10        28.1684        0.00000
      11        31.3840        0.00000
      12        33.1995        0.00000
      13        34.2218        0.00000
      14        38.4528        0.00000

 145/595 kpoint (Cartesian) = 0.14855 -0.22871 -0.040431 (2413 pws)
       1       -1.62836     0.00364133
       2        2.39454     0.00364133
       3        5.09427     0.00364133
       4        6.09390     0.00364133
       5        12.4337        0.00000
       6        15.9672        0.00000
       7        20.8323        0.00000
       8        22.5817        0.00000
       9        23.6989        0.00000
      10        27.7709        0.00000
      11        31.1286        0.00000
      12        33.6974        0.00000
      13        35.1975        0.00000
      14        37.9974        0.00000

 146/595 kpoint (Cartesian) = -0.12379 0.21442 0.030323 (2402 pws)
       1       -1.14056     0.00364133
       2        2.05938     0.00364133
       3        4.16114     0.00364133
       4        6.24130     0.00364133
       5        12.9199        0.00000
       6        17.1188        0.00000
       7        20.5332        0.00000
       8        22.2202        0.00000
       9        22.7434        0.00000
      10        26.7238        0.00000
      11        31.3473        0.00000
      12        34.2280        0.00000
      13        35.9472        0.00000
      14        37.6811        0.00000

 147/595 kpoint (Cartesian) = -0.099036 0.20012 0.020216 (2403 pws)
       1       -1.24760     0.00364133
       2        2.20779     0.00364133
       3        3.73842     0.00364133
       4        6.57787     0.00364133
       5        13.4929        0.00000
       6        18.1692        0.00000
       7        20.2028        0.00000
       8        21.2896        0.00000
       9        22.2359        0.00000
      10        25.5401        0.00000
      11        31.6654        0.00000
      12        34.3426        0.00000
      13        35.7236        0.00000
      14        37.8030        0.00000

 148/595 kpoint (Cartesian) = -0.074277 0.18583 0.010108 (2412 pws)
       1       -1.81343     0.00364133
       2        2.24051     0.00364133
       3        4.36444     0.00364133
       4        7.05272     0.00364133
       5        14.1898        0.00000
       6        17.8919        0.00000
       7        19.7959        0.00000
       8        20.6186        0.00000
       9        22.5193        0.00000
      10        25.0179        0.00000
      11        31.5811        0.00000
      12        33.5491        0.00000
      13        35.4349        0.00000
      14        37.2563        0.00000

 149/595 kpoint (Cartesian) = -0.049518 0.17153 0.0000 (2415 pws)
       1       -2.49268     0.00364133
       2        2.19820     0.00364133
       3        5.63251     0.00364133
       4        7.57490     0.00364133
       5        14.9172        0.00000
       6        16.8980        0.00000
       7        19.2282        0.00000
       8        19.8891        0.00000
       9        23.3344        0.00000
      10        25.5485        0.00000
      11        31.0168        0.00000
      12        32.5695        0.00000
      13        34.7586        0.00000
      14        35.9779        0.00000

 150/595 kpoint (Cartesian) = -0.024759 0.15724 -0.010108 (2417 pws)
       1       -3.10739     0.00364133
       2        2.33048     0.00364133
       3        7.00246     0.00364133
       4        7.97406     0.00364133
       5        15.1664        0.00000
       6        16.6131        0.00000
       7        18.1955        0.00000
       8        19.7809        0.00000
       9        23.8266        0.00000
      10        26.4489        0.00000
      11        30.4750        0.00000
      12        31.7914        0.00000
      13        33.3774        0.00000
      14        35.2770        0.00000

 151/595 kpoint (Cartesian) = 0.0000 0.17153 -0.030323 (2417 pws)
       1       -2.74825     0.00364133
       2        1.36200     0.00364133
       3        7.84960     0.00364133
       4        8.03586     0.00364133
       5        14.8818        0.00000
       6        16.6916        0.00000
       7        17.3940        0.00000
       8        20.3445        0.00000
       9        25.3384        0.00000
      10        27.2414        0.00000
      11        30.3501        0.00000
      12        31.6758        0.00000
      13        32.2361        0.00000
      14        33.9511        0.00000

 152/595 kpoint (Cartesian) = 0.024759 0.15724 -0.040431 (2423 pws)
       1       -3.00449     0.00364133
       2        1.73911     0.00364133
       3        7.60965     0.00364133
       4        8.34328     0.00364133
       5        15.0023        0.00000
       6        16.9252        0.00000
       7        17.1425        0.00000
       8        20.3660        0.00000
       9        25.0295        0.00000
      10        26.3037        0.00000
      11        30.4398        0.00000
      12        31.7114        0.00000
      13        33.4611        0.00000
      14        33.4979        0.00000

 153/595 kpoint (Cartesian) = 0.049518 0.14295 -0.050539 (2417 pws)
       1       -3.10539     0.00364133
       2        2.32445     0.00364133
       3        6.95590     0.00364133
       4        8.03601     0.00364133
       5        15.1567        0.00000
       6        16.6386        0.00000
       7        18.1436        0.00000
       8        19.8079        0.00000
       9        23.8535        0.00000
      10        26.3959        0.00000
      11        30.4817        0.00000
      12        31.8047        0.00000
      13        33.3947        0.00000
      14        35.2286        0.00000

 154/595 kpoint (Cartesian) = 0.074277 0.12865 -0.060647 (2415 pws)
       1       -3.02852     0.00364133
       2        2.99495     0.00364133
       3        6.22168     0.00364133
       4        7.36495     0.00364133
       5        14.2960        0.00000
       6        17.3865        0.00000
       7        18.5229        0.00000
       8        19.7262        0.00000
       9        23.5270        0.00000
      10        26.9085        0.00000
      11        30.9161        0.00000
      12        32.1849        0.00000
      13        33.8202        0.00000
      14        36.2283        0.00000

 155/595 kpoint (Cartesian) = 0.099036 0.11436 -0.070755 (2410 pws)
       1       -2.76846     0.00364133
       2        3.39115     0.00364133
       3        5.79782     0.00364133
       4        6.69269     0.00364133
       5        13.1618        0.00000
       6        16.4681        0.00000
       7        19.4874        0.00000
       8        21.2526        0.00000
       9        23.6831        0.00000
      10        27.4832        0.00000
      11        31.2006        0.00000
      12        32.9750        0.00000
      13        34.6253        0.00000
      14        36.5637        0.00000

 156/595 kpoint (Cartesian) = 0.12379 0.10006 -0.080862 (2411 pws)
       1       -2.33821     0.00364133
       2        3.05432     0.00364133
       3        5.99340     0.00364133
       4        6.25968     0.00364133
       5        12.0518        0.00000
       6        15.4194        0.00000
       7        21.1830        0.00000
       8        22.3284        0.00000
       9        24.0729        0.00000
      10        28.1575        0.00000
      11        31.3986        0.00000
      12        33.1712        0.00000
      13        34.1961        0.00000
      14        38.4890        0.00000

 157/595 kpoint (Cartesian) = 0.14855 0.085767 -0.090970 (2414 pws)
       1       -1.78359     0.00364133
       2        2.37853     0.00364133
       3        5.84573     0.00364133
       4        6.35741     0.00364133
       5        11.3584        0.00000
       6        14.9539        0.00000
       7        22.5509        0.00000
       8        22.6516        0.00000
       9        24.5476        0.00000
      10        28.6234        0.00000
      11        31.7563        0.00000
      12        32.3843        0.00000
      13        33.9366        0.00000
      14        39.8979        0.00000

 158/595 kpoint (Cartesian) = -0.14855 0.25730 0.030323 (2417 pws)
       1       -1.23372     0.00364133
       2        1.84159     0.00364133
       3        5.75695     0.00364133
       4        5.83470     0.00364133
       5        11.5326        0.00000
       6        15.0317        0.00000
       7        22.3549        0.00000
       8        23.2730        0.00000
       9        24.2033        0.00000
      10        28.5663        0.00000
      11        31.0331        0.00000
      12        33.3926        0.00000
      13        34.1371        0.00000
      14        40.0956        0.00000

 159/595 kpoint (Cartesian) = -0.12379 0.24301 0.020216 (2408 pws)
       1      -0.970280     0.00364133
       2        1.76791     0.00364133
       3        4.83812     0.00364133
       4        5.91263     0.00364133
       5        12.1914        0.00000
       6        15.8007        0.00000
       7        21.7558        0.00000
       8        23.1009        0.00000
       9        23.2342        0.00000
      10        27.7729        0.00000
      11        30.9901        0.00000
      12        34.0897        0.00000
      13        35.2377        0.00000
      14        38.8598        0.00000

 160/595 kpoint (Cartesian) = -0.099036 0.22871 0.010108 (2402 pws)
       1       -1.13665     0.00364133
       2        2.04146     0.00364133
       3        4.18120     0.00364133
       4        6.23568     0.00364133
       5        12.9195        0.00000
       6        17.1241        0.00000
       7        20.5158        0.00000
       8        22.2444        0.00000
       9        22.7549        0.00000
      10        26.7014        0.00000
      11        31.3412        0.00000
      12        34.2069        0.00000
      13        35.9287        0.00000
      14        37.6956        0.00000

 161/595 kpoint (Cartesian) = -0.074277 0.21442 0.0000 (2411 pws)
       1       -1.51364     0.00364133
       2        1.85263     0.00364133
       3        4.60833     0.00364133
       4        6.71760     0.00364133
       5        13.7095        0.00000
       6        17.9103        0.00000
       7        19.6325        0.00000
       8        21.0571        0.00000
       9        22.6831        0.00000
      10        26.1066        0.00000
      11        31.4950        0.00000
      12        33.4917        0.00000
      13        35.1846        0.00000
      14        37.3706        0.00000

 162/595 kpoint (Cartesian) = -0.049518 0.20012 -0.010108 (2413 pws)
       1       -1.94729     0.00364133
       2        1.44338     0.00364133
       3        5.73439     0.00364133
       4        7.28605     0.00364133
       5        14.5573        0.00000
       6        16.9448        0.00000
       7        19.3536        0.00000
       8        20.3641        0.00000
       9        23.4672        0.00000
      10        26.0431        0.00000
      11        31.3301        0.00000
      12        32.2543        0.00000
      13        34.4274        0.00000
      14        36.1107        0.00000

 163/595 kpoint (Cartesian) = -0.024759 0.18583 -0.020216 (2420 pws)
       1       -2.37727     0.00364133
       2        1.25408     0.00364133
       3        6.95826     0.00364133
       4        7.78507     0.00364133
       5        15.0450        0.00000
       6        16.3985        0.00000
       7        18.0981        0.00000
       8        20.4097        0.00000
       9        24.7237        0.00000
      10        26.5709        0.00000
      11        30.8756        0.00000
      12        31.5837        0.00000
      13        33.2305        0.00000
      14        34.6517        0.00000

 164/595 kpoint (Cartesian) = 0.0000 -0.028589 0.19205 (2419 pws)
       1       -2.43131     0.00364133
       2       0.924063     0.00364133
       3        7.69182     0.00364133
       4        8.12544     0.00364133
       5        14.8713        0.00000
       6        16.6949        0.00000
       7        17.2233        0.00000
       8        20.5400        0.00000
       9        26.3244        0.00000
      10        26.6408        0.00000
      11        30.7313        0.00000
      12        31.7288        0.00000
      13        32.1296        0.00000
      14        33.3326        0.00000

 165/595 kpoint (Cartesian) = -0.024759 -0.014295 0.20216 (2419 pws)
       1       -2.43106     0.00364133
       2       0.923899     0.00364133
       3        7.66323     0.00364133
       4        8.15599     0.00364133
       5        14.8738        0.00000
       6        16.7360        0.00000
       7        17.1696        0.00000
       8        20.5460        0.00000
       9        26.2991        0.00000
      10        26.6754        0.00000
      11        30.7325        0.00000
      12        31.7365        0.00000
      13        32.1011        0.00000
      14        33.3516        0.00000

 166/595 kpoint (Cartesian) = -0.049518 0.0000 0.21226 (2420 pws)
       1       -2.37589     0.00364133
       2        1.25195     0.00364133
       3        6.91793     0.00364133
       4        7.83226     0.00364133
       5        15.0445        0.00000
       6        16.4233        0.00000
       7        18.0458        0.00000
       8        20.4281        0.00000
       9        24.7225        0.00000
      10        26.5764        0.00000
      11        30.8656        0.00000
      12        31.6025        0.00000
      13        33.2199        0.00000
      14        34.6494        0.00000

 167/595 kpoint (Cartesian) = -0.074277 0.014295 0.22237 (2413 pws)
       1       -2.23596     0.00364133
       2        1.82422     0.00364133
       3        5.93928     0.00364133
       4        7.21472     0.00364133
       5        14.3495        0.00000
       6        17.1545        0.00000
       7        19.2999        0.00000
       8        19.8341        0.00000
       9        23.6668        0.00000
      10        26.7748        0.00000
      11        31.2638        0.00000
      12        31.9708        0.00000
      13        33.9904        0.00000
      14        36.3329        0.00000

 168/595 kpoint (Cartesian) = -0.099036 0.22871 -0.050539 (2415 pws)
       1       -1.98388     0.00364133
       2        2.39463     0.00364133
       3        5.12057     0.00364133
       4        6.58711     0.00364133
       5        13.3803        0.00000
       6        17.3210        0.00000
       7        19.2937        0.00000
       8        21.2143        0.00000
       9        23.5020        0.00000
      10        27.1140        0.00000
      11        31.2852        0.00000
      12        33.0620        0.00000
      13        35.0334        0.00000
      14        36.9878        0.00000

 169/595 kpoint (Cartesian) = -0.12379 0.24301 -0.040431 (2413 pws)
       1       -1.62421     0.00364133
       2        2.37543     0.00364133
       3        5.11219     0.00364133
       4        6.09423     0.00364133
       5        12.4309        0.00000
       6        15.9701        0.00000
       7        20.8456        0.00000
       8        22.5897        0.00000
       9        23.6839        0.00000
      10        27.7589        0.00000
      11        31.1390        0.00000
      12        33.6461        0.00000
      13        35.1740        0.00000
      14        38.0262        0.00000

 170/595 kpoint (Cartesian) = 0.14855 -0.25730 0.030323 (2417 pws)
       1       -1.23218     0.00364133
       2        1.83710     0.00364133
       3        5.75622     0.00364133
       4        5.83967     0.00364133
       5        11.5313        0.00000
       6        15.0323        0.00000
       7        22.3675        0.00000
       8        23.2717        0.00000
       9        24.1917        0.00000
      10        28.5651        0.00000
      11        31.0416        0.00000
      12        33.3739        0.00000
      13        34.1258        0.00000
      14        40.1204        0.00000

 171/595 kpoint (Cartesian) = 0.14855 -0.11436 0.13140 (2428 pws)
       1       -1.03323     0.00364133
       2        1.54282     0.00364133
       3        5.67578     0.00364133
       4        6.23648     0.00364133
       5        11.0823        0.00000
       6        14.7490        0.00000
       7        23.1665        0.00000
       8        23.1969        0.00000
       9        24.7145        0.00000
      10        28.7062        0.00000
      11        31.6497        0.00000
      12        32.3513        0.00000
      13        33.8239        0.00000
      14        40.5291        0.00000

 172/595 kpoint (Cartesian) = 0.12379 -0.10006 0.14151 (2417 pws)
       1       -1.23373     0.00364133
       2        1.84162     0.00364133
       3        5.75467     0.00364133
       4        5.83698     0.00364133
       5        11.5326        0.00000
       6        15.0316        0.00000
       7        22.3546        0.00000
       8        23.2730        0.00000
       9        24.2040        0.00000
      10        28.5660        0.00000
      11        31.0330        0.00000
      12        33.3939        0.00000
      13        34.1358        0.00000
      14        40.0950        0.00000

 173/595 kpoint (Cartesian) = 0.099036 -0.085767 0.15162 (2413 pws)
       1       -1.62599     0.00364133
       2        2.38192     0.00364133
       3        5.11624     0.00364133
       4        6.08306     0.00364133
       5        12.4332        0.00000
       6        15.9694        0.00000
       7        20.8227        0.00000
       8        22.6138        0.00000
       9        23.6928        0.00000
      10        27.7549        0.00000
      11        31.1191        0.00000
      12        33.6697        0.00000
      13        35.1882        0.00000
      14        38.0197        0.00000

 174/595 kpoint (Cartesian) = 0.074277 -0.071473 0.16172 (2415 pws)
       1       -1.98539     0.00364133
       2        2.39821     0.00364133
       3        5.13396     0.00364133
       4        6.56817     0.00364133
       5        13.3826        0.00000
       6        17.3232        0.00000
       7        19.2628        0.00000
       8        21.2554        0.00000
       9        23.5083        0.00000
      10        27.1013        0.00000
      11        31.2620        0.00000
      12        33.0839        0.00000
      13        35.0223        0.00000
      14        37.0103        0.00000

 175/595 kpoint (Cartesian) = 0.049518 -0.057178 0.17183 (2413 pws)
       1       -2.23708     0.00364133
       2        1.82552     0.00364133
       3        5.96362     0.00364133
       4        7.18586     0.00364133
       5        14.3500        0.00000
       6        17.1431        0.00000
       7        19.3019        0.00000
       8        19.8594        0.00000
       9        23.6746        0.00000
      10        26.7553        0.00000
      11        31.2496        0.00000
      12        31.9754        0.00000
      13        33.9973        0.00000
      14        36.3362        0.00000

 176/595 kpoint (Cartesian) = 0.024759 -0.042884 0.18194 (2420 pws)
       1       -2.37659     0.00364133
       2        1.25251     0.00364133
       3        6.95143     0.00364133
       4        7.79460     0.00364133
       5        15.0417        0.00000
       6        16.3995        0.00000
       7        18.0972        0.00000
       8        20.4151        0.00000
       9        24.7343        0.00000
      10        26.5500        0.00000
      11        30.8784        0.00000
      12        31.5812        0.00000
      13        33.2464        0.00000
      14        34.6309        0.00000

 177/595 kpoint (Cartesian) = 0.0000 -0.028589 0.16172 (2423 pws)
       1       -3.00512     0.00364133
       2        1.74053     0.00364133
       3        7.63735     0.00364133
       4        8.31050     0.00364133
       5        15.0008        0.00000
       6        16.8819        0.00000
       7        17.2003        0.00000
       8        20.3562        0.00000
       9        24.9978        0.00000
      10        26.3454        0.00000
      11        30.4309        0.00000
      12        31.7076        0.00000
      13        33.4435        0.00000
      14        33.5239        0.00000

 178/595 kpoint (Cartesian) = -0.024759 -0.014295 0.17183 (2417 pws)
       1       -2.74858     0.00364133
       2        1.36322     0.00364133
       3        7.82315     0.00364133
       4        8.06118     0.00364133
       5        14.8849        0.00000
       6        16.7327        0.00000
       7        17.3438        0.00000
       8        20.3439        0.00000
       9        25.3226        0.00000
      10        27.2866        0.00000
      11        30.3513        0.00000
      12        31.6424        0.00000
      13        32.2371        0.00000
      14        33.9767        0.00000

 179/595 kpoint (Cartesian) = -0.049518 0.0000 0.18194 (2420 pws)
       1       -2.37725     0.00364133
       2        1.25512     0.00364133
       3        6.93020     0.00364133
       4        7.81458     0.00364133
       5        15.0511        0.00000
       6        16.4213        0.00000
       7        18.0475        0.00000
       8        20.4173        0.00000
       9        24.7033        0.00000
      10        26.6174        0.00000
      11        30.8599        0.00000
      12        31.6059        0.00000
      13        33.1901        0.00000
      14        34.6904        0.00000

 180/595 kpoint (Cartesian) = -0.074277 0.014295 0.19205 (2413 pws)
       1       -1.94683     0.00364133
       2        1.44410     0.00364133
       3        5.71700     0.00364133
       4        7.30514     0.00364133
       5        14.5596        0.00000
       6        16.9557        0.00000
       7        19.3232        0.00000
       8        20.3672        0.00000
       9        23.4439        0.00000
      10        26.0823        0.00000
      11        31.3348        0.00000
      12        32.2588        0.00000
      13        34.4091        0.00000
      14        36.1286        0.00000

 181/595 kpoint (Cartesian) = -0.099036 0.028589 0.20216 (2411 pws)
       1       -1.51274     0.00364133
       2        1.85247     0.00364133
       3        4.59862     0.00364133
       4        6.72875     0.00364133
       5        13.7090        0.00000
       6        17.9094        0.00000
       7        19.6643        0.00000
       8        21.0159        0.00000
       9        22.6642        0.00000
      10        26.1341        0.00000
      11        31.5106        0.00000
      12        33.4762        0.00000
      13        35.1951        0.00000
      14        37.3603        0.00000

 182/595 kpoint (Cartesian) = 0.12379 -0.21442 0.030323 (2402 pws)
       1       -1.13565     0.00364133
       2        2.03945     0.00364133
       3        4.17825     0.00364133
       4        6.24076     0.00364133
       5        12.9187        0.00000
       6        17.1236        0.00000
       7        20.5373        0.00000
       8        22.2178        0.00000
       9        22.7467        0.00000
      10        26.7133        0.00000
      11        31.3523        0.00000
      12        34.1934        0.00000
      13        35.9365        0.00000
      14        37.6846        0.00000

 183/595 kpoint (Cartesian) = 0.14855 -0.22871 0.020216 (2408 pws)
       1      -0.970290     0.00364133
       2        1.76795     0.00364133
       3        4.83809     0.00364133
       4        5.91262     0.00364133
       5        12.1913        0.00000
       6        15.8008        0.00000
       7        21.7554        0.00000
       8        23.1010        0.00000
       9        23.2345        0.00000
      10        27.7730        0.00000
      11        30.9909        0.00000
      12        34.0877        0.00000
      13        35.2385        0.00000
      14        38.8601        0.00000

 184/595 kpoint (Cartesian) = 0.14855 -0.11436 0.10108 (2417 pws)
       1       -1.23527     0.00364133
       2        1.84614     0.00364133
       3        5.75535     0.00364133
       4        5.83201     0.00364133
       5        11.5338        0.00000
       6        15.0311        0.00000
       7        22.3413        0.00000
       8        23.2753        0.00000
       9        24.2153        0.00000
      10        28.5671        0.00000
      11        31.0267        0.00000
      12        33.4088        0.00000
      13        34.1481        0.00000
      14        40.0698        0.00000

 185/595 kpoint (Cartesian) = 0.12379 -0.10006 0.11119 (2414 pws)
       1       -1.78554     0.00364133
       2        2.38705     0.00364133
       3        5.83609     0.00364133
       4        6.35783     0.00364133
       5        11.3609        0.00000
       6        14.9524        0.00000
       7        22.5409        0.00000
       8        22.6382        0.00000
       9        24.5665        0.00000
      10        28.6282        0.00000
      11        31.7416        0.00000
      12        32.4261        0.00000
      13        33.9539        0.00000
      14        39.8510        0.00000

 186/595 kpoint (Cartesian) = 0.099036 -0.085767 0.12129 (2411 pws)
       1       -2.33996     0.00364133
       2        3.06586     0.00364133
       3        5.99074     0.00364133
       4        6.24876     0.00364133
       5        12.0555        0.00000
       6        15.4179        0.00000
       7        21.1605        0.00000
       8        22.3344        0.00000
       9        24.0889        0.00000
      10        28.1679        0.00000
      11        31.3851        0.00000
      12        33.1993        0.00000
      13        34.2203        0.00000
      14        38.4527        0.00000

 187/595 kpoint (Cartesian) = 0.074277 -0.071473 0.13140 (2410 pws)
       1       -2.76991     0.00364133
       2        3.40026     0.00364133
       3        5.81176     0.00364133
       4        6.66624     0.00364133
       5        13.1661        0.00000
       6        16.4678        0.00000
       7        19.4593        0.00000
       8        21.2851        0.00000
       9        23.6822        0.00000
      10        27.4930        0.00000
      11        31.1885        0.00000
      12        32.9838        0.00000
      13        34.6284        0.00000
      14        36.5757        0.00000

 188/595 kpoint (Cartesian) = 0.049518 -0.057178 0.14151 (2415 pws)
       1       -3.02967     0.00364133
       2        2.99875     0.00364133
       3        6.24804     0.00364133
       4        7.33015     0.00364133
       5        14.2995        0.00000
       6        17.3816        0.00000
       7        18.4970        0.00000
       8        19.7707        0.00000
       9        23.5177        0.00000
      10        26.9164        0.00000
      11        30.9119        0.00000
      12        32.1725        0.00000
      13        33.8296        0.00000
      14        36.2410        0.00000

 189/595 kpoint (Cartesian) = 0.024759 -0.042884 0.15162 (2417 pws)
       1       -3.10628     0.00364133
       2        2.32641     0.00364133
       3        6.98684     0.00364133
       4        7.99791     0.00364133
       5        15.1581        0.00000
       6        16.6136        0.00000
       7        18.1926        0.00000
       8        19.7965        0.00000
       9        23.8389        0.00000
      10        26.4081        0.00000
      11        30.4781        0.00000
      12        31.7963        0.00000
      13        33.4072        0.00000
      14        35.2285        0.00000

 190/595 kpoint (Cartesian) = 0.0000 -0.028589 0.13140 (2423 pws)
       1       -3.86721     0.00364133
       2        3.19293     0.00364133
       3        7.70252     0.00364133
       4        8.56190     0.00364133
       5        15.2570        0.00000
       6        17.1653        0.00000
       7        17.2850        0.00000
       8        19.8134        0.00000
       9        23.5094        0.00000
      10        25.4877        0.00000
      11        29.9646        0.00000
      12        31.9167        0.00000
      13        33.8255        0.00000
      14        34.5447        0.00000

 191/595 kpoint (Cartesian) = -0.024759 -0.014295 0.14151 (2421 pws)
       1       -3.57832     0.00364133
       2        2.67118     0.00364133
       3        8.05116     0.00364133
       4        8.09002     0.00364133
       5        15.0381        0.00000
       6        16.8843        0.00000
       7        17.6237        0.00000
       8        19.7980        0.00000
       9        24.0616        0.00000
      10        26.2711        0.00000
      11        29.9588        0.00000
      12        32.3222        0.00000
      13        32.6277        0.00000
      14        34.8207        0.00000

 192/595 kpoint (Cartesian) = -0.049518 0.0000 0.15162 (2417 pws)
       1       -3.10762     0.00364133
       2        2.33268     0.00364133
       3        6.98455     0.00364133
       4        7.99085     0.00364133
       5        15.1730        0.00000
       6        16.6376        0.00000
       7        18.1488        0.00000
       8        19.7766        0.00000
       9        23.8316        0.00000
      10        26.4768        0.00000
      11        30.4755        0.00000
      12        31.7930        0.00000
      13        33.3363        0.00000
      14        35.3267        0.00000

 193/595 kpoint (Cartesian) = -0.074277 0.014295 0.16172 (2415 pws)
       1       -2.49273     0.00364133
       2        2.20042     0.00364133
       3        5.62109     0.00364133
       4        7.58568     0.00364133
       5        14.9216        0.00000
       6        16.9069        0.00000
       7        19.2078        0.00000
       8        19.8761        0.00000
       9        23.3299        0.00000
      10        25.5772        0.00000
      11        31.0137        0.00000
      12        32.5804        0.00000
      13        34.7133        0.00000
      14        36.0300        0.00000

 194/595 kpoint (Cartesian) = 0.099036 -0.17153 0.030323 (2412 pws)
       1       -1.81330     0.00364133
       2        2.24229     0.00364133
       3        4.35843     0.00364133
       4        7.05779     0.00364133
       5        14.1905        0.00000
       6        17.8946        0.00000
       7        19.8125        0.00000
       8        20.5904        0.00000
       9        22.5048        0.00000
      10        25.0412        0.00000
      11        31.5850        0.00000
      12        33.5466        0.00000
      13        35.4323        0.00000
      14        37.2647        0.00000

 195/595 kpoint (Cartesian) = 0.12379 -0.18583 0.020216 (2403 pws)
       1       -1.24762     0.00364133
       2        2.20788     0.00364133
       3        3.73834     0.00364133
       4        6.57784     0.00364133
       5        13.4929        0.00000
       6        18.1693        0.00000
       7        20.2029        0.00000
       8        21.2899        0.00000
       9        22.2352        0.00000
      10        25.5404        0.00000
      11        31.6656        0.00000
      12        34.3409        0.00000
      13        35.7255        0.00000
      14        37.8031        0.00000

 196/595 kpoint (Cartesian) = 0.14855 -0.20012 0.010108 (2402 pws)
       1       -1.14159     0.00364133
       2        2.06150     0.00364133
       3        4.16397     0.00364133
       4        6.23618     0.00364133
       5        12.9206        0.00000
       6        17.1195        0.00000
       7        20.5113        0.00000
       8        22.2472        0.00000
       9        22.7511        0.00000
      10        26.7123        0.00000
      11        31.3372        0.00000
      12        34.2378        0.00000
      13        35.9426        0.00000
      14        37.6918        0.00000

 197/595 kpoint (Cartesian) = 0.14855 -0.11436 0.070755 (2413 pws)
       1       -1.63014     0.00364133
       2        2.40114     0.00364133
       3        5.09813     0.00364133
       4        6.08278     0.00364133
       5        12.4359        0.00000
       6        15.9667        0.00000
       7        20.8091        0.00000
       8        22.6063        0.00000
       9        23.7075        0.00000
      10        27.7669        0.00000
      11        31.1104        0.00000
      12        33.7175        0.00000
      13        35.2131        0.00000
      14        37.9913        0.00000

 198/595 kpoint (Cartesian) = 0.12379 -0.10006 0.080862 (2411 pws)
       1       -2.34171     0.00364133
       2        3.07735     0.00364133
       3        5.99072     0.00364133
       4        6.23515     0.00364133
       5        12.0593        0.00000
       6        15.4166        0.00000
       7        21.1382        0.00000
       8        22.3412        0.00000
       9        24.1030        0.00000
      10        28.1785        0.00000
      11        31.3723        0.00000
      12        33.2249        0.00000
      13        34.2471        0.00000
      14        38.4162        0.00000

 199/595 kpoint (Cartesian) = 0.099036 -0.085767 0.090970 (2411 pws)
       1       -3.00389     0.00364133
       2        3.83346     0.00364133
       3        6.32483     0.00364133
       4        6.71364     0.00364133
       5        12.1847        0.00000
       6        15.5579        0.00000
       7        21.2092        0.00000
       8        21.4510        0.00000
       9        23.7539        0.00000
      10        27.9050        0.00000
      11        31.8256        0.00000
      12        32.7357        0.00000
      13        33.9153        0.00000
      14        38.1692        0.00000

 200/595 kpoint (Cartesian) = 0.074277 -0.071473 0.10108 (2421 pws)
       1       -3.51556     0.00364133
       2        4.41522     0.00364133
       3        6.47527     0.00364133
       4        7.01145     0.00364133
       5        13.0819        0.00000
       6        16.1730        0.00000
       7        19.7979        0.00000
       8        20.9060        0.00000
       9        23.1653        0.00000
      10        27.2394        0.00000
      11        31.4090        0.00000
      12        32.8969        0.00000
      13        33.8510        0.00000
      14        36.6077        0.00000

 201/595 kpoint (Cartesian) = 0.049518 -0.057178 0.11119 (2421 pws)
       1       -3.83805     0.00364133
       2        4.39401     0.00364133
       3        6.60030     0.00364133
       4        7.66067     0.00364133
       5        14.3384        0.00000
       6        17.1876        0.00000
       7        18.3277        0.00000
       8        19.7348        0.00000
       9        22.8232        0.00000
      10        26.4871        0.00000
      11        30.9560        0.00000
      12        32.0826        0.00000
      13        33.7568        0.00000
      14        35.7821        0.00000

 202/595 kpoint (Cartesian) = 0.024759 -0.042884 0.12129 (2423 pws)
       1       -3.95621     0.00364133
       2        3.83176     0.00364133
       3        7.12320     0.00364133
       4        8.30879     0.00364133
       5        15.3716        0.00000
       6        16.9200        0.00000
       7        18.2670        0.00000
       8        19.0011        0.00000
       9        22.8252        0.00000
      10        25.7613        0.00000
      11        30.2785        0.00000
      12        31.7340        0.00000
      13        33.7055        0.00000
      14        35.4026        0.00000

 203/595 kpoint (Cartesian) = 0.0000 -0.028589 0.10108 (2426 pws)
       1       -4.65689     0.00364133
       2        4.87305     0.00364133
       3        7.89189     0.00364133
       4        8.83896     0.00364133
       5        15.6196        0.00000
       6        17.2194        0.00000
       7        17.3907        0.00000
       8        19.0865        0.00000
       9        22.6551        0.00000
      10        24.5024        0.00000
      11        29.7006        0.00000
      12        31.9631        0.00000
      13        33.6302        0.00000
      14        34.8064        0.00000

 204/595 kpoint (Cartesian) = -0.024759 -0.014295 0.11119 (2421 pws)
       1       -4.40987     0.00364133
       2        4.30447     0.00364133
       3        8.19236     0.00364133
       4        8.36629     0.00364133
       5        15.3154        0.00000
       6        17.0195        0.00000
       7        17.8680        0.00000
       8        19.1039        0.00000
       9        22.9754        0.00000
      10        25.0852        0.00000
      11        29.7219        0.00000
      12        32.1395        0.00000
      13        33.3373        0.00000
      14        35.0901        0.00000

 205/595 kpoint (Cartesian) = 0.049518 -0.11436 0.040431 (2423 pws)
       1       -3.95738     0.00364133
       2        3.84193     0.00364133
       3        7.13091     0.00364133
       4        8.28345     0.00364133
       5        15.3847        0.00000
       6        16.9557        0.00000
       7        18.2323        0.00000
       8        18.9619        0.00000
       9        22.8336        0.00000
      10        25.8225        0.00000
      11        30.2903        0.00000
      12        31.7054        0.00000
      13        33.6125        0.00000
      14        35.5301        0.00000

 206/595 kpoint (Cartesian) = 0.074277 -0.12865 0.030323 (2419 pws)
       1       -3.32181     0.00364133
       2        3.47882     0.00364133
       3        5.74689     0.00364133
       4        7.97239     0.00364133
       5        15.3517        0.00000
       6        17.0041        0.00000
       7        18.6863        0.00000
       8        19.2423        0.00000
       9        22.6597        0.00000
      10        25.8290        0.00000
      11        30.5465        0.00000
      12        32.3212        0.00000
      13        34.8231        0.00000
      14        35.8088        0.00000

 207/595 kpoint (Cartesian) = 0.099036 -0.14295 0.020216 (2414 pws)
       1       -2.55767     0.00364133
       2        3.02456     0.00364133
       3        4.65355     0.00364133
       4        7.50659     0.00364133
       5        14.8003        0.00000
       6        17.5659        0.00000
       7        19.0408        0.00000
       8        20.0634        0.00000
       9        22.7225        0.00000
      10        25.0660        0.00000
      11        31.0782        0.00000
      12        33.1643        0.00000
      13        35.6461        0.00000
      14        36.4599        0.00000

 208/595 kpoint (Cartesian) = 0.12379 -0.15724 0.010108 (2412 pws)
       1       -1.81757     0.00364133
       2        2.26252     0.00364133
       3        4.34403     0.00364133
       4        7.05387     0.00364133
       5        14.1905        0.00000
       6        17.8728        0.00000
       7        19.8116        0.00000
       8        20.6087        0.00000
       9        22.5228        0.00000
      10        25.0292        0.00000
      11        31.5669        0.00000
      12        33.5633        0.00000
      13        35.4669        0.00000
      14        37.2839        0.00000

 209/595 kpoint (Cartesian) = 0.14855 -0.17153 0.0000 (2411 pws)
       1       -1.52267     0.00364133
       2        1.88589     0.00364133
       3        4.57971     0.00364133
       4        6.71896     0.00364133
       5        13.7113        0.00000
       6        17.8835        0.00000
       7        19.6466        0.00000
       8        21.0501        0.00000
       9        22.6832        0.00000
      10        26.1288        0.00000
      11        31.4794        0.00000
      12        33.5253        0.00000
      13        35.2203        0.00000
      14        37.4129        0.00000

 210/595 kpoint (Cartesian) = 0.14855 -0.11436 0.040431 (2415 pws)
       1       -1.99208     0.00364133
       2        2.43191     0.00364133
       3        5.10234     0.00364133
       4        6.56777     0.00364133
       5        13.3859        0.00000
       6        17.3079        0.00000
       7        19.2642        0.00000
       8        21.2384        0.00000
       9        23.5212        0.00000
      10        27.1262        0.00000
      11        31.2441        0.00000
      12        33.1390        0.00000
      13        35.0456        0.00000
      14        37.0418        0.00000

 211/595 kpoint (Cartesian) = 0.12379 -0.10006 0.050539 (2410 pws)
       1       -2.77318     0.00364133
       2        3.42946     0.00364133
       3        5.78751     0.00364133
       4        6.65774     0.00364133
       5        13.1713        0.00000
       6        16.4638        0.00000
       7        19.4446        0.00000
       8        21.2723        0.00000
       9        23.7036        0.00000
      10        27.5222        0.00000
      11        31.1673        0.00000
      12        33.0243        0.00000
      13        34.6465        0.00000
      14        36.5859        0.00000

 212/595 kpoint (Cartesian) = 0.099036 -0.085767 0.060647 (2421 pws)
       1       -3.51679     0.00364133
       2        4.43361     0.00364133
       3        6.47526     0.00364133
       4        6.98805     0.00364133
       5        13.0874        0.00000
       6        16.1732        0.00000
       7        19.7710        0.00000
       8        20.9147        0.00000
       9        23.1784        0.00000
      10        27.2686        0.00000
      11        31.3933        0.00000
      12        32.8957        0.00000
      13        33.8654        0.00000
      14        36.6116        0.00000

 213/595 kpoint (Cartesian) = 0.074277 -0.071473 0.070755 (2430 pws)
       1       -4.10754     0.00364133
       2        5.23385     0.00364133
       3        7.10910     0.00364133
       4        7.27679     0.00364133
       5        13.4541        0.00000
       6        16.4885        0.00000
       7        19.7581        0.00000
       8        20.0723        0.00000
       9        22.4969        0.00000
      10        26.6396        0.00000
      11        31.5007        0.00000
      12        32.7328        0.00000
      13        32.9096        0.00000
      14        36.4448        0.00000

 214/595 kpoint (Cartesian) = 0.049518 -0.057178 0.080862 (2426 pws)
       1       -4.50407     0.00364133
       2        5.65593     0.00364133
       3        7.15938     0.00364133
       4        7.96650     0.00364133
       5        14.4400        0.00000
       6        17.0267        0.00000
       7        18.7061        0.00000
       8        19.3336        0.00000
       9        22.0741        0.00000
      10        25.8691        0.00000
      11        31.1622        0.00000
      12        31.8386        0.00000
      13        32.9676        0.00000
      14        35.4938        0.00000

 215/595 kpoint (Cartesian) = 0.024759 -0.042884 0.090970 (2427 pws)
       1       -4.68911     0.00364133
       2        5.43927     0.00364133
       3        7.41379     0.00364133
       4        8.62196     0.00364133
       5        15.5996        0.00000
       6        16.9603        0.00000
       7        18.1750        0.00000
       8        18.6033        0.00000
       9        22.1311        0.00000
      10        24.9804        0.00000
      11        30.3487        0.00000
      12        31.6136        0.00000
      13        33.1600        0.00000
      14        35.1077        0.00000

 216/595 kpoint (Cartesian) = 0.0000 -0.028589 0.070755 (2424 pws)
       1       -5.27318     0.00364133
       2        6.56928     0.00364133
       3        8.20209     0.00364133
       4        9.08177     0.00364133
       5        16.0395        0.00000
       6        16.9981        0.00000
       7        17.0760        0.00000
       8        18.4294        0.00000
       9        22.6139        0.00000
      10        23.9861        0.00000
      11        29.5920        0.00000
      12        32.2792        0.00000
      13        32.6616        0.00000
      14        34.2957        0.00000

 217/595 kpoint (Cartesian) = 0.024759 -0.071473 0.040431 (2425 pws)
       1       -5.08964     0.00364133
       2        6.03593     0.00364133
       3        8.41614     0.00364133
       4        8.65283     0.00364133
       5        15.6664        0.00000
       6        16.8593        0.00000
       7        17.8577        0.00000
       8        18.4927        0.00000
       9        22.3896        0.00000
      10        24.4627        0.00000
      11        29.5634        0.00000
      12        32.1607        0.00000
      13        33.0038        0.00000
      14        34.6271        0.00000

 218/595 kpoint (Cartesian) = 0.049518 0.0000 -0.090970 (2427 pws)
       1       -4.68997     0.00364133
       2        5.45585     0.00364133
       3        7.42337     0.00364133
       4        8.58580     0.00364133
       5        15.6062        0.00000
       6        16.9951        0.00000
       7        18.1497        0.00000
       8        18.5719        0.00000
       9        22.1417        0.00000
      10        25.0299        0.00000
      11        30.3712        0.00000
      12        31.5733        0.00000
      13        33.0715        0.00000
      14        35.2187        0.00000

 219/595 kpoint (Cartesian) = 0.074277 -0.10006 0.020216 (2418 pws)
       1       -4.08885     0.00364133
       2        4.69329     0.00364133
       3        6.29779     0.00364133
       4        8.35433     0.00364133
       5        15.6285        0.00000
       6        17.0631        0.00000
       7        18.2271        0.00000
       8        18.8149        0.00000
       9        22.1772        0.00000
      10        25.6379        0.00000
      11        30.6767        0.00000
      12        31.5433        0.00000
      13        34.0871        0.00000
      14        35.5367        0.00000

 220/595 kpoint (Cartesian) = 0.099036 -0.11436 0.010108 (2419 pws)
       1       -3.32329     0.00364133
       2        3.49336     0.00364133
       3        5.73446     0.00364133
       4        7.96976     0.00364133
       5        15.3440        0.00000
       6        16.9886        0.00000
       7        18.6935        0.00000
       8        19.2569        0.00000
       9        22.6702        0.00000
      10        25.8214        0.00000
      11        30.5206        0.00000
      12        32.3387        0.00000
      13        34.9270        0.00000
      14        35.7441        0.00000

 221/595 kpoint (Cartesian) = 0.12379 -0.12865 0.0000 (2415 pws)
       1       -2.49796     0.00364133
       2        2.22300     0.00364133
       3        5.60729     0.00364133
       4        7.57770     0.00364133
       5        14.9158        0.00000
       6        16.8816        0.00000
       7        19.2041        0.00000
       8        19.9062        0.00000
       9        23.3568        0.00000
      10        25.5550        0.00000
      11        30.9806        0.00000
      12        32.5987        0.00000
      13        34.8307        0.00000
      14        36.0083        0.00000

 222/595 kpoint (Cartesian) = 0.14855 -0.14295 -0.010108 (2413 pws)
       1       -1.95830     0.00364133
       2        1.47571     0.00364133
       3        5.70648     0.00364133
       4        7.28808     0.00364133
       5        14.5584        0.00000
       6        16.9244        0.00000
       7        19.3214        0.00000
       8        20.3902        0.00000
       9        23.4724        0.00000
      10        26.0689        0.00000
      11        31.2906        0.00000
      12        32.2891        0.00000
      13        34.4975        0.00000
      14        36.1788        0.00000

 223/595 kpoint (Cartesian) = 0.14855 -0.11436 0.010108 (2413 pws)
       1       -2.24628     0.00364133
       2        1.85832     0.00364133
       3        5.93567     0.00364133
       4        7.18356     0.00364133
       5        14.3529        0.00000
       6        17.1199        0.00000
       7        19.2873        0.00000
       8        19.8632        0.00000
       9        23.6868        0.00000
      10        26.7866        0.00000
      11        31.1985        0.00000
      12        32.0345        0.00000
      13        34.0459        0.00000
      14        36.4142        0.00000

 224/595 kpoint (Cartesian) = 0.12379 -0.10006 0.020216 (2415 pws)
       1       -3.03436     0.00364133
       2        3.03029     0.00364133
       3        6.22473     0.00364133
       4        7.31773     0.00364133
       5        14.3038        0.00000
       6        17.3607        0.00000
       7        18.5069        0.00000
       8        19.7446        0.00000
       9        23.5427        0.00000
      10        26.9568        0.00000
      11        30.8609        0.00000
      12        32.2197        0.00000
      13        33.8506        0.00000
      14        36.3137        0.00000

 225/595 kpoint (Cartesian) = 0.099036 -0.085767 0.030323 (2421 pws)
       1       -3.84021     0.00364133
       2        4.42569     0.00364133
       3        6.58513     0.00364133
       4        7.63605     0.00364133
       5        14.3438        0.00000
       6        17.1937        0.00000
       7        18.3062        0.00000
       8        19.7186        0.00000
       9        22.8485        0.00000
      10        26.5381        0.00000
      11        30.9104        0.00000
      12        32.0850        0.00000
      13        33.7592        0.00000
      14        35.8516        0.00000

 226/595 kpoint (Cartesian) = 0.074277 -0.071473 0.040431 (2426 pws)
       1       -4.50487     0.00364133
       2        5.67939     0.00364133
       3        7.15974     0.00364133
       4        7.93543     0.00364133
       5        14.4450        0.00000
       6        17.0362        0.00000
       7        18.6716        0.00000
       8        19.3416        0.00000
       9        22.0882        0.00000
      10        25.9054        0.00000
      11        31.1795        0.00000
      12        31.7652        0.00000
      13        32.9730        0.00000
      14        35.5443        0.00000

 227/595 kpoint (Cartesian) = 0.049518 -0.057178 0.050539 (2428 pws)
       1       -4.97678     0.00364133
       2        6.49719     0.00364133
       3        7.98139     0.00364133
       4        8.04799     0.00364133
       5        14.8672        0.00000
       6        17.0756        0.00000
       7        18.6246        0.00000
       8        18.7095        0.00000
       9        21.7145        0.00000
      10        25.3811        0.00000
      11        30.6837        0.00000
      12        31.9246        0.00000
      13        32.3244        0.00000
      14        35.0296        0.00000

 228/595 kpoint (Cartesian) = 0.024759 -0.042884 0.060647 (2424 pws)
       1       -5.23552     0.00364133
       2        6.83771     0.00364133
       3        7.95070     0.00364133
       4        8.81817     0.00364133
       5        15.7520        0.00000
       6        16.7654        0.00000
       7        17.8265        0.00000
       8        18.4139        0.00000
       9        22.0384        0.00000
      10        24.6225        0.00000
      11        30.2119        0.00000
      12        32.0452        0.00000
      13        32.1285        0.00000
      14        34.4569        0.00000

 229/595 kpoint (Cartesian) = 0.0000 -0.028589 0.040431 (2417 pws)
       1       -5.68168     0.00182066
       2        7.96227     0.00182066
       3        8.65673     0.00182066
       4        9.21459     0.00182066
       5        16.2201        0.00000
       6        16.6480        0.00000
       7        16.7970        0.00000
       8        17.6444        0.00000
       9        23.1869        0.00000
      10        24.0561        0.00000
      11        30.2789        0.00000
      12        31.6461        0.00000
      13        33.1097        0.00000
      14        33.2543        0.00000

 230/595 kpoint (Cartesian) = 0.024759 -0.042884 0.030323 (2422 pws)
       1       -5.56976     0.00364133
       2        7.66129     0.00364133
       3        8.70508     0.00364133
       4        8.84860     0.00364133
       5        15.9983        0.00000
       6        16.5369        0.00000
       7        17.5149        0.00000
       8        17.7539        0.00000
       9        22.6006        0.00000
      10        24.4529        0.00000
      11        30.0910        0.00000
      12        32.0213        0.00000
      13        32.4632        0.00000
      14        33.6641        0.00000

 231/595 kpoint (Cartesian) = 0.049518 -0.057178 0.020216 (2424 pws)
       1       -5.23603     0.00364133
       2        6.86455     0.00364133
       3        7.95192     0.00364133
       4        8.78153     0.00364133
       5        15.7539        0.00000
       6        16.7727        0.00000
       7        17.8336        0.00000
       8        18.3918        0.00000
       9        22.0500        0.00000
      10        24.6527        0.00000
      11        30.1981        0.00000
      12        31.9589        0.00000
      13        32.1622        0.00000
      14        34.5260        0.00000

 232/595 kpoint (Cartesian) = 0.074277 -0.071473 0.010108 (2427 pws)
       1       -4.69048     0.00364133
       2        5.47136     0.00364133
       3        7.40455     0.00364133
       4        8.58756     0.00364133
       5        15.5971        0.00000
       6        16.9806        0.00000
       7        18.1620        0.00000
       8        18.5793        0.00000
       9        22.1528        0.00000
      10        25.0339        0.00000
      11        30.3200        0.00000
      12        31.5629        0.00000
      13        33.1683        0.00000
      14        35.1938        0.00000

 233/595 kpoint (Cartesian) = 0.099036 -0.085767 0.0000 (2423 pws)
       1       -3.95919     0.00364133
       2        3.86073     0.00364133
       3        7.11263     0.00364133
       4        8.28069     0.00364133
       5        15.3688        0.00000
       6        16.9279        0.00000
       7        18.2461        0.00000
       8        18.9870        0.00000
       9        22.8530        0.00000
      10        25.8184        0.00000
      11        30.2188        0.00000
      12        31.7413        0.00000
      13        33.7173        0.00000
      14        35.4958        0.00000

 234/595 kpoint (Cartesian) = 0.12379 -0.10006 -0.010108 (2417 pws)
       1       -3.11246     0.00364133
       2        2.35489     0.00364133
       3        6.97345     0.00364133
       4        7.97812     0.00364133
       5        15.1556        0.00000
       6        16.6112        0.00000
       7        18.1640        0.00000
       8        19.7969        0.00000
       9        23.8614        0.00000
      10        26.4518        0.00000
      11        30.4147        0.00000
      12        31.8543        0.00000
      13        33.4296        0.00000
      14        35.3178        0.00000

 235/595 kpoint (Cartesian) = 0.14855 -0.11436 -0.020216 (2420 pws)
       1       -2.38816     0.00364133
       2        1.28422     0.00364133
       3        6.93185     0.00364133
       4        7.78520     0.00364133
       5        15.0373        0.00000
       6        16.3948        0.00000
       7        18.0654        0.00000
       8        20.4240        0.00000
       9        24.7424        0.00000
      10        26.5835        0.00000
      11        30.8204        0.00000
      12        31.6440        0.00000
      13        33.3074        0.00000
      14        34.7068        0.00000

 236/595 kpoint (Cartesian) = 0.0000 0.057178 0.040431 (2421 pws)
       1       -5.38285     0.00182066
       2        7.65092     0.00182066
       3        8.30257     0.00182066
       4        8.30607     0.00182066
       5        15.2927        0.00000
       6        16.9567        0.00000
       7        18.1655        0.00000
       8        18.1670        0.00000
       9        21.8148        0.00000
      10        25.0773        0.00000
      11        30.7910        0.00000
      12        31.8198        0.00000
      13        31.8264        0.00000
      14        34.1519        0.00000

 237/595 kpoint (Cartesian) = 0.024759 0.042884 0.030323 (2422 pws)
       1       -5.56924     0.00182066
       2        7.61204     0.00182066
       3        8.67277     0.00182066
       4        8.94172     0.00182066
       5        16.0079        0.00000
       6        16.5036        0.00000
       7        17.5466        0.00000
       8        17.7482        0.00000
       9        22.5831        0.00000
      10        24.4199        0.00000
      11        30.1268        0.00000
      12        32.1345        0.00000
      13        32.4338        0.00000
      14        33.5385        0.00000

 238/595 kpoint (Cartesian) = 0.049518 0.028589 0.020216 (2430 pws)
       1       -5.53189     0.00182066
       2        7.14065     0.00182066
       3        8.96671     0.00182066
       4        9.01462     0.00182066
       5        15.8282        0.00000
       6        17.0839        0.00000
       7        17.1194        0.00000
       8        17.7472        0.00000
       9        23.4741        0.00000
      10        23.4822        0.00000
      11        29.2808        0.00000
      12        32.9968        0.00000
      13        33.0850        0.00000
      14        33.1808        0.00000

 239/595 kpoint (Cartesian) = 0.074277 0.014295 0.010108 (2424 pws)
       1       -5.27278     0.00182066
       2        6.54617     0.00182066
       3        8.23329     0.00182066
       4        9.07710     0.00182066
       5        16.0477        0.00000
       6        17.0381        0.00000
       7        17.0392        0.00000
       8        18.4251        0.00000
       9        22.5949        0.00000
      10        23.9742        0.00000
      11        29.6231        0.00000
      12        32.3670        0.00000
      13        32.5538        0.00000
      14        34.2795        0.00000

 240/595 kpoint (Cartesian) = 0.099036 0.0000 0.0000 (2423 pws)
       1       -4.79832     0.00182066
       2        5.72125     0.00182066
       3        7.16168     0.00182066
       4        8.96279     0.00182066
       5        16.4948        0.00000
       6        16.8027        0.00000
       7        17.2785        0.00000
       8        18.7743        0.00000
       9        22.0200        0.00000
      10        24.4685        0.00000
      11        30.3737        0.00000
      12        31.5201        0.00000
      13        32.9542        0.00000
      14        35.0588        0.00000

 241/595 kpoint (Cartesian) = 0.12379 -0.014295 -0.010108 (2430 pws)
       1       -4.12768     0.00182066
       2        4.39283     0.00182066
       3        6.54461     0.00182066
       4        8.67944     0.00182066
       5        16.0018        0.00000
       6        17.1714        0.00000
       7        17.5975        0.00000
       8        19.1010        0.00000
       9        22.0708        0.00000
      10        25.2399        0.00000
      11        30.3780        0.00000
      12        31.5467        0.00000
      13        34.1528        0.00000
      14        35.3647        0.00000

 242/595 kpoint (Cartesian) = 0.14855 -0.028589 -0.020216 (2416 pws)
       1       -3.31058     0.00182066
       2        2.89462     0.00182066
       3        6.32772     0.00182066
       4        8.32627     0.00182066
       5        15.4342        0.00000
       6        17.1028        0.00000
       7        17.7717        0.00000
       8        19.8883        0.00000
       9        22.9942        0.00000
      10        25.5526        0.00000
      11        30.3426        0.00000
      12        32.1501        0.00000
      13        34.7568        0.00000
      14        35.0462        0.00000

 243/595 kpoint (Cartesian) = 0.14855 -0.14295 -0.10108 (2414 pws)
       1       -2.50208     0.00182066
       2        1.64582     0.00182066
       3        6.34046     0.00182066
       4        7.99060     0.00182066
       5        14.9435        0.00000
       6        16.9974        0.00000
       7        17.8861        0.00000
       8        20.5121        0.00000
       9        24.5923        0.00000
      10        25.1937        0.00000
      11        30.7312        0.00000
      12        32.4919        0.00000
      13        34.0622        0.00000
      14        34.8866        0.00000

 244/595 kpoint (Cartesian) = 0.12379 -0.12865 -0.090970 (2419 pws)
       1       -2.19371     0.00182066
       2        1.22032     0.00182066
       3        6.52701     0.00182066
       4        7.73234     0.00182066
       5        14.6167        0.00000
       6        17.0173        0.00000
       7        18.0804        0.00000
       8        20.4396        0.00000
       9        24.6830        0.00000
      10        26.3874        0.00000
      11        30.8226        0.00000
      12        32.5226        0.00000
      13        32.7311        0.00000
      14        35.3437        0.00000

 245/595 kpoint (Cartesian) = 0.099036 -0.11436 -0.080862 (2413 pws)
       1       -2.74428     0.00182066
       2        1.99447     0.00182066
       3        6.85158     0.00182066
       4        7.58823     0.00182066
       5        14.4915        0.00000
       6        17.1719        0.00000
       7        18.3811        0.00000
       8        19.6522        0.00000
       9        24.1981        0.00000
      10        27.4275        0.00000
      11        30.5225        0.00000
      12        32.0136        0.00000
      13        32.5368        0.00000
      14        35.9262        0.00000

 246/595 kpoint (Cartesian) = -0.074277 0.10006 0.070755 (2427 pws)
       1       -3.58777     0.00182066
       2        3.38257     0.00182066
       3        7.26890     0.00182066
       4        7.57761     0.00182066
       5        14.5474        0.00000
       6        17.3898        0.00000
       7        18.7051        0.00000
       8        18.7124        0.00000
       9        23.4943        0.00000
      10        26.8884        0.00000
      11        30.3646        0.00000
      12        32.3869        0.00000
      13        32.5947        0.00000
      14        36.0824        0.00000

 247/595 kpoint (Cartesian) = -0.049518 0.085767 0.060647 (2411 pws)
       1       -4.36684     0.00182066
       2        4.96747     0.00182066
       3        7.70483     0.00182066
       4        7.70517     0.00182066
       5        14.6909        0.00000
       6        17.2977        0.00000
       7        18.4377        0.00000
       8        18.8919        0.00000
       9        22.5266        0.00000
      10        25.9467        0.00000
      11        30.5807        0.00000
      12        31.9361        0.00000
      13        32.9677        0.00000
      14        35.7285        0.00000

 248/595 kpoint (Cartesian) = -0.024759 0.071473 0.050539 (2428 pws)
       1       -4.97719     0.00182066
       2        6.52025     0.00182066
       3        7.95789     0.00182066
       4        8.04434     0.00182066
       5        14.8659        0.00000
       6        17.0841        0.00000
       7        18.6112        0.00000
       8        18.7047        0.00000
       9        21.7289        0.00000
      10        25.4010        0.00000
      11        30.6767        0.00000
      12        31.8054        0.00000
      13        32.4247        0.00000
      14        35.0564        0.00000

 249/595 kpoint (Cartesian) = 0.0000 0.085767 0.030323 (2428 pws)
       1       -4.97655     0.00364133
       2        6.48463     0.00364133
       3        7.95240     0.00364133
       4        8.09322     0.00364133
       5        14.8634        0.00000
       6        17.0680        0.00000
       7        18.6229        0.00000
       8        18.7309        0.00000
       9        21.7038        0.00000
      10        25.3649        0.00000
      11        30.6614        0.00000
      12        31.8962        0.00000
      13        32.4273        0.00000
      14        34.9800        0.00000

 250/595 kpoint (Cartesian) = 0.024759 0.071473 0.020216 (2424 pws)
       1       -5.23501     0.00364133
       2        6.80994     0.00364133
       3        7.95440     0.00364133
       4        8.85070     0.00364133
       5        15.7509        0.00000
       6        16.7591        0.00000
       7        17.8183        0.00000
       8        18.4358        0.00000
       9        22.0254        0.00000
      10        24.5925        0.00000
      11        30.2230        0.00000
      12        32.0716        0.00000
      13        32.1702        0.00000
      14        34.3758        0.00000

 251/595 kpoint (Cartesian) = 0.049518 0.057178 0.010108 (2424 pws)
       1       -5.27240     0.00364133
       2        6.53583     0.00364133
       3        8.21359     0.00364133
       4        9.11506     0.00364133
       5        16.0457        0.00000
       6        17.0017        0.00000
       7        17.0623        0.00000
       8        18.4415        0.00000
       9        22.5961        0.00000
      10        23.9450        0.00000
      11        29.6306        0.00000
      12        32.3556        0.00000
      13        32.6344        0.00000
      14        34.2013        0.00000

 252/595 kpoint (Cartesian) = 0.074277 0.042884 0.0000 (2425 pws)
       1       -5.08858     0.00364133
       2        6.00300     0.00364133
       3        8.41293     0.00364133
       4        8.70063     0.00364133
       5        15.6756        0.00000
       6        16.8306        0.00000
       7        17.8895        0.00000
       8        18.4981        0.00000
       9        22.3610        0.00000
      10        24.4122        0.00000
      11        29.5960        0.00000
      12        32.2387        0.00000
      13        32.9980        0.00000
      14        34.5176        0.00000

 253/595 kpoint (Cartesian) = 0.099036 0.028589 -0.010108 (2427 pws)
       1       -4.68860     0.00364133
       2        5.42358     0.00364133
       3        7.43431     0.00364133
       4        8.61836     0.00364133
       5        15.6099        0.00000
       6        16.9754        0.00000
       7        18.1616        0.00000
       8        18.5963        0.00000
       9        22.1181        0.00000
      10        24.9760        0.00000
      11        30.3971        0.00000
      12        31.6247        0.00000
      13        33.0741        0.00000
      14        35.1263        0.00000

 254/595 kpoint (Cartesian) = 0.12379 0.014295 -0.020216 (2418 pws)
       1       -4.08714     0.00364133
       2        4.66851     0.00364133
       3        6.29980     0.00364133
       4        8.38706     0.00364133
       5        15.6294        0.00000
       6        17.0647        0.00000
       7        18.2309        0.00000
       8        18.8104        0.00000
       9        22.1767        0.00000
      10        25.5945        0.00000
      11        30.7389        0.00000
      12        31.5185        0.00000
      13        34.0924        0.00000
      14        35.4682        0.00000

 255/595 kpoint (Cartesian) = 0.14855 0.0000 -0.030323 (2419 pws)
       1       -3.32122     0.00364133
       2        3.48258     0.00364133
       3        5.71962     0.00364133
       4        8.00312     0.00364133
       5        15.3535        0.00000
       6        16.9884        0.00000
       7        18.6905        0.00000
       8        19.2319        0.00000
       9        22.6905        0.00000
      10        25.7966        0.00000
      11        30.5481        0.00000
      12        32.3320        0.00000
      13        34.8981        0.00000
      14        35.7247        0.00000

 256/595 kpoint (Cartesian) = 0.14855 -0.14295 -0.13140 (2415 pws)
       1       -2.49573     0.00364133
       2        2.21886     0.00364133
       3        5.58267     0.00364133
       4        7.61172     0.00364133
       5        14.9324        0.00000
       6        16.8749        0.00000
       7        19.1603        0.00000
       8        19.9177        0.00000
       9        23.3658        0.00000
      10        25.5600        0.00000
      11        30.9998        0.00000
      12        32.5934        0.00000
      13        34.7916        0.00000
      14        36.0233        0.00000

 257/595 kpoint (Cartesian) = 0.12379 -0.12865 -0.12129 (2413 pws)
       1       -1.95692     0.00364133
       2        1.47567     0.00364133
       3        5.67558     0.00364133
       4        7.32276     0.00364133
       5        14.5774        0.00000
       6        16.9140        0.00000
       7        19.2725        0.00000
       8        20.4112        0.00000
       9        23.4548        0.00000
      10        26.1079        0.00000
      11        31.3140        0.00000
      12        32.2761        0.00000
      13        34.4601        0.00000
      14        36.2175        0.00000

 258/595 kpoint (Cartesian) = -0.099036 0.14295 0.070755 (2413 pws)
       1       -2.24631     0.00364133
       2        1.86199     0.00364133
       3        5.90187     0.00364133
       4        7.21660     0.00364133
       5        14.3715        0.00000
       6        17.1060        0.00000
       7        19.2606        0.00000
       8        19.8587        0.00000
       9        23.6829        0.00000
      10        26.8287        0.00000
      11        31.2216        0.00000
      12        32.0151        0.00000
      13        34.0132        0.00000
      14        36.4668        0.00000

 259/595 kpoint (Cartesian) = -0.074277 0.12865 0.060647 (2415 pws)
       1       -3.03468     0.00364133
       2        3.03615     0.00364133
       3        6.19588     0.00364133
       4        7.34191     0.00364133
       5        14.3192        0.00000
       6        17.3399        0.00000
       7        18.5244        0.00000
       8        19.7042        0.00000
       9        23.5574        0.00000
      10        26.9865        0.00000
      11        30.8698        0.00000
      12        32.2118        0.00000
      13        33.8105        0.00000
      14        36.3725        0.00000

 260/595 kpoint (Cartesian) = -0.049518 0.11436 0.050539 (2421 pws)
       1       -3.84041     0.00364133
       2        4.43175     0.00364133
       3        6.56887     0.00364133
       4        7.64603     0.00364133
       5        14.3520        0.00000
       6        17.1840        0.00000
       7        18.3173        0.00000
       8        19.6896        0.00000
       9        22.8647        0.00000
      10        26.5529        0.00000
      11        30.9233        0.00000
      12        32.0802        0.00000
      13        33.7098        0.00000
      14        35.8979        0.00000

 261/595 kpoint (Cartesian) = -0.024759 0.10006 0.040431 (2426 pws)
       1       -4.50487     0.00364133
       2        5.67901     0.00364133
       3        7.16035     0.00364133
       4        7.93540     0.00364133
       5        14.4451        0.00000
       6        17.0356        0.00000
       7        18.6717        0.00000
       8        19.3411        0.00000
       9        22.0891        0.00000
      10        25.9055        0.00000
      11        31.1804        0.00000
      12        31.7679        0.00000
      13        32.9684        0.00000
      14        35.5446        0.00000

 262/595 kpoint (Cartesian) = 0.0000 0.11436 0.020216 (2411 pws)
       1       -4.36510     0.00364133
       2        4.93449     0.00364133
       3        7.68644     0.00364133
       4        7.76623     0.00364133
       5        14.6877        0.00000
       6        17.2756        0.00000
       7        18.4578        0.00000
       8        18.9329        0.00000
       9        22.4874        0.00000
      10        25.8868        0.00000
      11        30.6037        0.00000
      12        32.0094        0.00000
      13        32.9456        0.00000
      14        35.6403        0.00000

 263/595 kpoint (Cartesian) = 0.024759 0.10006 0.010108 (2427 pws)
       1       -4.68858     0.00364133
       2        5.43240     0.00364133
       3        7.39375     0.00364133
       4        8.65607     0.00364133
       5        15.5933        0.00000
       6        16.9924        0.00000
       7        18.1238        0.00000
       8        18.6185        0.00000
       9        22.1407        0.00000
      10        24.9565        0.00000
      11        30.3710        0.00000
      12        31.6390        0.00000
      13        33.1232        0.00000
      14        35.0940        0.00000

 264/595 kpoint (Cartesian) = 0.049518 0.085767 0.0000 (2423 pws)
       1       -4.79726     0.00364133
       2        5.69610     0.00364133
       3        7.16274     0.00364133
       4        8.99893     0.00364133
       5        16.5072        0.00000
       6        16.8008        0.00000
       7        17.2518        0.00000
       8        18.7956        0.00000
       9        22.0169        0.00000
      10        24.4223        0.00000
      11        30.3978        0.00000
      12        31.5586        0.00000
      13        32.9479        0.00000
      14        34.9878        0.00000

 265/595 kpoint (Cartesian) = 0.074277 0.071473 -0.010108 (2427 pws)
       1       -4.68795     0.00364133
       2        5.41387     0.00364133
       3        7.41677     0.00364133
       4        8.65379     0.00364133
       5        15.6031        0.00000
       6        16.9846        0.00000
       7        18.1370        0.00000
       8        18.6169        0.00000
       9        22.1213        0.00000
      10        24.9438        0.00000
      11        30.4024        0.00000
      12        31.6619        0.00000
      13        33.0705        0.00000
      14        35.0836        0.00000

 266/595 kpoint (Cartesian) = 0.099036 0.0000 0.060647 (2411 pws)
       1       -4.36382     0.00364133
       2        4.91081     0.00364133
       3        7.71919     0.00364133
       4        7.76260     0.00364133
       5        14.6966        0.00000
       6        17.2616        0.00000
       7        18.4760        0.00000
       8        18.9390        0.00000
       9        22.4640        0.00000
      10        25.8555        0.00000
      11        30.6542        0.00000
      12        32.0782        0.00000
      13        32.8416        0.00000
      14        35.6147        0.00000

 267/595 kpoint (Cartesian) = 0.12379 0.042884 -0.030323 (2421 pws)
       1       -3.83727     0.00364133
       2        4.38364     0.00364133
       3        6.60423     0.00364133
       4        7.66794     0.00364133
       5        14.3548        0.00000
       6        17.1728        0.00000
       7        18.3330        0.00000
       8        19.7270        0.00000
       9        22.8180        0.00000
      10        26.4935        0.00000
      11        31.0181        0.00000
      12        32.0418        0.00000
      13        33.6857        0.00000
      14        35.8224        0.00000

 268/595 kpoint (Cartesian) = 0.14855 0.028589 -0.040431 (2419 pws)
       1       -3.13798     0.00364133
       2        3.72377     0.00364133
       3        5.57432     0.00364133
       4        7.27358     0.00364133
       5        14.4318        0.00000
       6        17.3468        0.00000
       7        17.9301        0.00000
       8        20.5408        0.00000
       9        23.0733        0.00000
      10        26.5724        0.00000
      11        30.9597        0.00000
      12        32.6372        0.00000
      13        35.0732        0.00000
      14        35.7801        0.00000

 269/595 kpoint (Cartesian) = 0.14855 -0.14295 -0.16172 (2423 pws)
       1       -2.34257     0.00364133
       2        2.78538     0.00364133
       3        5.02935     0.00364133
       4        6.81559     0.00364133
       5        14.5238        0.00000
       6        17.3884        0.00000
       7        18.3682        0.00000
       8        20.9269        0.00000
       9        23.0895        0.00000
      10        26.2914        0.00000
      11        31.2919        0.00000
      12        32.9711        0.00000
      13        35.4830        0.00000
      14        36.5246        0.00000

 270/595 kpoint (Cartesian) = -0.12379 0.18583 0.070755 (2415 pws)
       1       -1.68624     0.00364133
       2        1.96323     0.00364133
       3        4.85940     0.00364133
       4        6.52083     0.00364133
       5        14.5455        0.00000
       6        17.1705        0.00000
       7        19.5481        0.00000
       8        20.9302        0.00000
       9        22.4073        0.00000
      10        26.5007        0.00000
      11        31.3582        0.00000
      12        33.0467        0.00000
      13        35.5911        0.00000
      14        37.1272        0.00000

 271/595 kpoint (Cartesian) = -0.099036 0.17153 0.060647 (2415 pws)
       1       -1.68801     0.00364133
       2        1.96858     0.00364133
       3        4.86084     0.00364133
       4        6.51404     0.00364133
       5        14.5482        0.00000
       6        17.1661        0.00000
       7        19.5380        0.00000
       8        20.9449        0.00000
       9        22.4041        0.00000
      10        26.5079        0.00000
      11        31.3517        0.00000
      12        33.0462        0.00000
      13        35.5867        0.00000
      14        37.1561        0.00000

 272/595 kpoint (Cartesian) = -0.074277 0.10006 0.13140 (2423 pws)
       1       -2.34557     0.00364133
       2        2.80031     0.00364133
       3        5.03087     0.00364133
       4        6.79689     0.00364133
       5        14.5296        0.00000
       6        17.3758        0.00000
       7        18.3611        0.00000
       8        20.9420        0.00000
       9        23.0876        0.00000
      10        26.3100        0.00000
      11        31.2764        0.00000
      12        32.9709        0.00000
      13        35.4691        0.00000
      14        36.5964        0.00000

 273/595 kpoint (Cartesian) = -0.049518 0.14295 0.040431 (2419 pws)
       1       -3.14061     0.00364133
       2        3.74743     0.00364133
       3        5.57272     0.00364133
       4        7.24588     0.00364133
       5        14.4354        0.00000
       6        17.3473        0.00000
       7        17.9103        0.00000
       8        20.5556        0.00000
       9        23.0761        0.00000
      10        26.5992        0.00000
      11        30.9372        0.00000
      12        32.6358        0.00000
      13        35.0848        0.00000
      14        35.8310        0.00000

 274/595 kpoint (Cartesian) = -0.024759 0.12865 0.030323 (2421 pws)
       1       -3.83923     0.00364133
       2        4.40926     0.00364133
       3        6.60397     0.00364133
       4        7.63524     0.00364133
       5        14.3520        0.00000
       6        17.1850        0.00000
       7        18.3021        0.00000
       8        19.7396        0.00000
       9        22.8304        0.00000
      10        26.5299        0.00000
      11        30.9629        0.00000
      12        32.0484        0.00000
      13        33.7266        0.00000
      14        35.8489        0.00000

 275/595 kpoint (Cartesian) = 0.0000 0.14295 0.010108 (2427 pws)
       1       -3.58400     0.00364133
       2        3.35258     0.00364133
       3        7.30512     0.00364133
       4        7.57831     0.00364133
       5        14.5431        0.00000
       6        17.3899        0.00000
       7        18.6877        0.00000
       8        18.7735        0.00000
       9        23.4570        0.00000
      10        26.8290        0.00000
      11        30.4111        0.00000
      12        32.4273        0.00000
      13        32.5322        0.00000
      14        35.9943        0.00000

 276/595 kpoint (Cartesian) = 0.024759 0.12865 0.0000 (2423 pws)
       1       -3.95562     0.00364133
       2        3.83060     0.00364133
       3        7.08884     0.00364133
       4        8.35109     0.00364133
       5        15.3697        0.00000
       6        16.9721        0.00000
       7        18.1930        0.00000
       8        18.9932        0.00000
       9        22.8562        0.00000
      10        25.7494        0.00000
      11        30.2960        0.00000
      12        31.7486        0.00000
      13        33.6361        0.00000
      14        35.4444        0.00000

 277/595 kpoint (Cartesian) = 0.049518 0.028589 0.11119 (2430 pws)
       1       -4.12538     0.00364133
       2        4.36398     0.00364133
       3        6.55209     0.00364133
       4        8.71219     0.00364133
       5        16.0152        0.00000
       6        17.1781        0.00000
       7        17.5793        0.00000
       8        19.1087        0.00000
       9        22.0625        0.00000
      10        25.1929        0.00000
      11        30.4609        0.00000
      12        31.5055        0.00000
      13        34.1391        0.00000
      14        35.2924        0.00000

 278/595 kpoint (Cartesian) = 0.074277 0.014295 0.10108 (2418 pws)
       1       -4.08542     0.00364133
       2        4.64452     0.00364133
       3        6.30105     0.00364133
       4        8.41994     0.00364133
       5        15.6291        0.00000
       6        17.0656        0.00000
       7        18.2340        0.00000
       8        18.8088        0.00000
       9        22.1760        0.00000
      10        25.5513        0.00000
      11        30.8063        0.00000
      12        31.4899        0.00000
      13        34.0892        0.00000
      14        35.4059        0.00000

 279/595 kpoint (Cartesian) = 0.099036 0.085767 -0.030323 (2421 pws)
       1       -3.83628     0.00364133
       2        4.37426     0.00364133
       3        6.58601     0.00364133
       4        7.70177     0.00364133
       5        14.3489        0.00000
       6        17.1678        0.00000
       7        18.3683        0.00000
       8        19.6942        0.00000
       9        22.8249        0.00000
      10        26.4659        0.00000
      11        31.0240        0.00000
      12        32.0718        0.00000
      13        33.6675        0.00000
      14        35.8010        0.00000

 280/595 kpoint (Cartesian) = 0.12379 0.071473 -0.040431 (2413 pws)
       1       -3.38844     0.00364133
       2        3.89990     0.00364133
       3        6.53084     0.00364133
       4        7.11217     0.00364133
       5        13.3742        0.00000
       6        16.6748        0.00000
       7        19.5157        0.00000
       8        20.1431        0.00000
       9        23.4684        0.00000
      10        27.3521        0.00000
      11        31.2620        0.00000
      12        32.5175        0.00000
      13        33.5553        0.00000
      14        36.4480        0.00000

 281/595 kpoint (Cartesian) = 0.14855 0.057178 -0.050539 (2410 pws)
       1       -2.76863     0.00364133
       2        3.39460     0.00364133
       3        5.78972     0.00364133
       4        6.69467     0.00364133
       5        13.1820        0.00000
       6        16.4501        0.00000
       7        19.4624        0.00000
       8        21.2793        0.00000
       9        23.6804        0.00000
      10        27.5106        0.00000
      11        31.2114        0.00000
      12        32.8990        0.00000
      13        34.6635        0.00000
      14        36.5911        0.00000

 282/595 kpoint (Cartesian) = -0.14855 0.14295 0.19205 (2417 pws)
       1       -2.04096     0.00364133
       2        2.84080     0.00364133
       3        5.08842     0.00364133
       4        6.06064     0.00364133
       5        13.5605        0.00000
       6        16.7561        0.00000
       7        19.0736        0.00000
       8        22.1783        0.00000
       9        23.2556        0.00000
      10        27.1735        0.00000
      11        31.1609        0.00000
      12        33.7347        0.00000
      13        35.4962        0.00000
      14        37.0463        0.00000

 283/595 kpoint (Cartesian) = -0.12379 0.21442 0.060647 (2415 pws)
       1       -1.37977     0.00364133
       2        2.31229     0.00364133
       3        4.48258     0.00364133
       4        5.71851     0.00364133
       5        13.9911        0.00000
       6        17.5672        0.00000
       7        18.9192        0.00000
       8        21.8436        0.00000
       9        22.7129        0.00000
      10        27.1568        0.00000
      11        30.9854        0.00000
      12        34.2171        0.00000
      13        36.0082        0.00000
      14        37.7161        0.00000

 284/595 kpoint (Cartesian) = -0.099036 0.20012 0.050539 (2419 pws)
       1       -1.18199     0.00364133
       2        2.18255     0.00364133
       3        4.09503     0.00364133
       4        5.80909     0.00364133
       5        14.3308        0.00000
       6        17.9036        0.00000
       7        19.5005        0.00000
       8        20.6360        0.00000
       9        22.6200        0.00000
      10        26.8153        0.00000
      11        31.0867        0.00000
      12        34.2955        0.00000
      13        36.1819        0.00000
      14        37.9272        0.00000

 285/595 kpoint (Cartesian) = -0.074277 0.18583 0.040431 (2417 pws)
       1       -1.63130     0.00364133
       2        2.51543     0.00364133
       3        4.22222     0.00364133
       4        6.20945     0.00364133
       5        14.5612        0.00000
       6        17.7894        0.00000
       7        18.6743        0.00000
       8        21.4403        0.00000
       9        22.4000        0.00000
      10        26.2066        0.00000
      11        31.3694        0.00000
      12        33.8501        0.00000
      13        36.0668        0.00000
      14        37.4267        0.00000

 286/595 kpoint (Cartesian) = -0.049518 0.17153 0.030323 (2423 pws)
       1       -2.34297     0.00364133
       2        2.77822     0.00364133
       3        5.06376     0.00364133
       4        6.78382     0.00364133
       5        14.5277        0.00000
       6        17.4067        0.00000
       7        18.3240        0.00000
       8        20.9876        0.00000
       9        23.0712        0.00000
      10        26.2863        0.00000
      11        31.2858        0.00000
      12        32.9525        0.00000
      13        35.4402        0.00000
      14        36.5774        0.00000

 287/595 kpoint (Cartesian) = -0.024759 0.15724 0.020216 (2415 pws)
       1       -3.03114     0.00364133
       2        3.00817     0.00364133
       3        6.24662     0.00364133
       4        7.31858     0.00364133
       5        14.3179        0.00000
       6        17.3580        0.00000
       7        18.4881        0.00000
       8        19.7745        0.00000
       9        23.5207        0.00000
      10        26.9545        0.00000
      11        30.9166        0.00000
      12        32.1532        0.00000
      13        33.8014        0.00000
      14        36.3092        0.00000

 288/595 kpoint (Cartesian) = 0.0000 0.17153 0.0000 (2413 pws)
       1       -2.73653     0.00364133
       2        1.96406     0.00364133
       3        6.88557     0.00364133
       4        7.58560     0.00364133
       5        14.4864        0.00000
       6        17.1824        0.00000
       7        18.4270        0.00000
       8        19.6383        0.00000
       9        24.1736        0.00000
      10        27.3888        0.00000
      11        30.5652        0.00000
      12        31.9085        0.00000
      13        32.5636        0.00000
      14        35.8356        0.00000

 289/595 kpoint (Cartesian) = 0.024759 0.15724 -0.010108 (2417 pws)
       1       -3.10562     0.00364133
       2        2.32659     0.00364133
       3        6.93943     0.00364133
       4        8.05165     0.00364133
       5        15.1623        0.00000
       6        16.6641        0.00000
       7        18.0984        0.00000
       8        19.8022        0.00000
       9        23.8572        0.00000
      10        26.4251        0.00000
      11        30.4832        0.00000
      12        31.8063        0.00000
      13        33.3516        0.00000
      14        35.2783        0.00000

 290/595 kpoint (Cartesian) = 0.049518 0.14295 -0.020216 (2416 pws)
       1       -3.30577     0.00364133
       2        2.86693     0.00364133
       3        6.33373     0.00364133
       4        8.35552     0.00364133
       5        15.4487        0.00000
       6        17.1135        0.00000
       7        17.7628        0.00000
       8        19.8881        0.00000
       9        22.9818        0.00000
      10        25.5182        0.00000
      11        30.4136        0.00000
      12        32.0972        0.00000
      13        34.7295        0.00000
      14        34.9652        0.00000

 291/595 kpoint (Cartesian) = 0.074277 0.12865 -0.030323 (2419 pws)
       1       -3.31751     0.00364133
       2        3.45254     0.00364133
       3        5.72983     0.00364133
       4        8.03010     0.00364133
       5        15.3621        0.00000
       6        16.9902        0.00000
       7        18.6741        0.00000
       8        19.2541        0.00000
       9        22.6782        0.00000
      10        25.7606        0.00000
      11        30.6084        0.00000
      12        32.2925        0.00000
      13        34.8841        0.00000
      14        35.6438        0.00000

 292/595 kpoint (Cartesian) = 0.099036 0.11436 -0.040431 (2419 pws)
       1       -3.13535     0.00364133
       2        3.70064     0.00364133
       3        5.57533     0.00364133
       4        7.30157     0.00364133
       5        14.4278        0.00000
       6        17.3447        0.00000
       7        17.9509        0.00000
       8        20.5271        0.00000
       9        23.0717        0.00000
      10        26.5444        0.00000
      11        30.9866        0.00000
      12        32.6331        0.00000
      13        35.0593        0.00000
      14        35.7318        0.00000

 293/595 kpoint (Cartesian) = 0.12379 0.10006 -0.050539 (2410 pws)
       1       -2.76718     0.00364133
       2        3.38566     0.00364133
       3        5.77605     0.00364133
       4        6.72078     0.00364133
       5        13.1775        0.00000
       6        16.4503        0.00000
       7        19.4902        0.00000
       8        21.2474        0.00000
       9        23.6819        0.00000
      10        27.5006        0.00000
      11        31.2246        0.00000
      12        32.8890        0.00000
      13        34.6604        0.00000
      14        36.5790        0.00000

 294/595 kpoint (Cartesian) = 0.14855 0.085767 -0.060647 (2414 pws)
       1       -2.24041     0.00364133
       2        2.87637     0.00364133
       3        5.42704     0.00364133
       4        6.66592     0.00364133
       5        12.3467        0.00000
       6        16.0094        0.00000
       7        21.0213        0.00000
       8        21.4132        0.00000
       9        24.1212        0.00000
      10        27.9279        0.00000
      11        31.5027        0.00000
      12        32.5316        0.00000
      13        35.0379        0.00000
      14        37.2796        0.00000

 295/595 kpoint (Cartesian) = -0.14855 0.14295 0.22237 (2413 pws)
       1       -1.62361     0.00364133
       2        2.37868     0.00364133
       3        5.08043     0.00364133
       4        6.12217     0.00364133
       5        12.4477        0.00000
       6        15.9523        0.00000
       7        20.8239        0.00000
       8        22.6089        0.00000
       9        23.6934        0.00000
      10        27.7692        0.00000
      11        31.1292        0.00000
      12        33.5597        0.00000
      13        35.2994        0.00000
      14        37.9944        0.00000

 296/595 kpoint (Cartesian) = -0.12379 0.24301 0.050539 (2418 pws)
       1       -1.08437     0.00364133
       2        2.06437     0.00364133
       3        4.92204     0.00364133
       4        5.22588     0.00364133
       5        13.1347        0.00000
       6        16.4485        0.00000
       7        20.3891        0.00000
       8        22.2961        0.00000
       9        23.2959        0.00000
      10        27.9190        0.00000
      11        30.5727        0.00000
      12        34.7096        0.00000
      13        35.4957        0.00000
      14        38.8039        0.00000

 297/595 kpoint (Cartesian) = -0.099036 0.22871 0.040431 (2412 pws)
       1      -0.909583     0.00364133
       2        2.10852     0.00364133
       3        4.21372     0.00364133
       4        5.30526     0.00364133
       5        13.8164        0.00000
       6        17.5082        0.00000
       7        19.8878        0.00000
       8        20.8523        0.00000
       9        23.2731        0.00000
      10        27.5469        0.00000
      11        30.6241        0.00000
      12        34.9094        0.00000
      13        36.0369        0.00000
      14        38.6112        0.00000

 298/595 kpoint (Cartesian) = -0.074277 0.21442 0.030323 (2419 pws)
       1       -1.17799     0.00364133
       2        2.15979     0.00364133
       3        4.12580     0.00364133
       4        5.79706     0.00364133
       5        14.3292        0.00000
       6        17.9324        0.00000
       7        19.4396        0.00000
       8        20.6739        0.00000
       9        22.6410        0.00000
      10        26.7915        0.00000
      11        31.0781        0.00000
      12        34.2852        0.00000
      13        36.1575        0.00000
      14        37.9351        0.00000

 299/595 kpoint (Cartesian) = -0.049518 0.20012 0.020216 (2415 pws)
       1       -1.68085     0.00364133
       2        1.93674     0.00364133
       3        4.90835     0.00364133
       4        6.49139     0.00364133
       5        14.5439        0.00000
       6        17.1928        0.00000
       7        19.4926        0.00000
       8        21.0070        0.00000
       9        22.4120        0.00000
      10        26.4599        0.00000
      11        31.3450        0.00000
      12        33.0347        0.00000
      13        35.5382        0.00000
      14        37.1226        0.00000

 300/595 kpoint (Cartesian) = -0.024759 0.18583 0.010108 (2413 pws)
       1       -2.23824     0.00364133
       2        1.83041     0.00364133
       3        5.95362     0.00364133
       4        7.19060     0.00364133
       5        14.3684        0.00000
       6        17.1193        0.00000
       7        19.2802        0.00000
       8        19.8768        0.00000
       9        23.6765        0.00000
      10        26.7791        0.00000
      11        31.2609        0.00000
      12        31.9583        0.00000
      13        33.9740        0.00000
      14        36.3888        0.00000

 301/595 kpoint (Cartesian) = 0.0000 -0.057178 0.20216 (2419 pws)
       1       -2.18137     0.00364133
       2        1.18743     0.00364133
       3        6.55781     0.00364133
       4        7.72869     0.00364133
       5        14.6116        0.00000
       6        17.0288        0.00000
       7        18.1266        0.00000
       8        20.4198        0.00000
       9        24.6751        0.00000
      10        26.3515        0.00000
      11        30.8632        0.00000
      12        32.5154        0.00000
      13        32.6394        0.00000
      14        35.2563        0.00000

 302/595 kpoint (Cartesian) = -0.024759 -0.042884 0.21226 (2420 pws)
       1       -2.37586     0.00364133
       2        1.25298     0.00364133
       3        6.89191     0.00364133
       4        7.86001     0.00364133
       5        15.0494        0.00000
       6        16.4469        0.00000
       7        17.9966        0.00000
       8        20.4346        0.00000
       9        24.7015        0.00000
      10        26.6236        0.00000
      11        30.8516        0.00000
      12        31.6241        0.00000
      13        33.1774        0.00000
      14        34.6887        0.00000

 303/595 kpoint (Cartesian) = -0.049518 -0.028589 0.22237 (2414 pws)
       1       -2.49243     0.00364133
       2        1.61578     0.00364133
       3        6.34514     0.00364133
       4        8.01708     0.00364133
       5        14.9591        0.00000
       6        17.0068        0.00000
       7        17.8838        0.00000
       8        20.5099        0.00000
       9        24.5808        0.00000
      10        25.1720        0.00000
      11        30.7939        0.00000
      12        32.4466        0.00000
      13        33.9579        0.00000
      14        34.8470        0.00000

 304/595 kpoint (Cartesian) = -0.074277 -0.014295 0.23248 (2415 pws)
       1       -2.48818     0.00364133
       2        2.18783     0.00364133
       3        5.59428     0.00364133
       4        7.63226     0.00364133
       5        14.9452        0.00000
       6        16.8765        0.00000
       7        19.1605        0.00000
       8        19.9265        0.00000
       9        23.3562        0.00000
      10        25.5297        0.00000
      11        31.0598        0.00000
      12        32.5457        0.00000
      13        34.7291        0.00000
      14        35.9560        0.00000

 305/595 kpoint (Cartesian) = -0.099036 0.0000 0.24259 (2423 pws)
       1       -2.33699     0.00364133
       2        2.75349     0.00364133
       3        5.04399     0.00364133
       4        6.83401     0.00364133
       5        14.5243        0.00000
       6        17.4128        0.00000
       7        18.3520        0.00000
       8        20.9338        0.00000
       9        23.0809        0.00000
      10        26.2674        0.00000
      11        31.3250        0.00000
      12        32.9447        0.00000
      13        35.4367        0.00000
      14        36.4812        0.00000

 306/595 kpoint (Cartesian) = 0.12379 -0.014295 -0.25269 (2417 pws)
       1       -2.03726     0.00364133
       2        2.82090     0.00364133
       3        5.08835     0.00364133
       4        6.08177     0.00364133
       5        13.5574        0.00000
       6        16.7588        0.00000
       7        19.0890        0.00000
       8        22.1629        0.00000
       9        23.2512        0.00000
      10        27.1640        0.00000
      11        31.1805        0.00000
      12        33.7065        0.00000
      13        35.4779        0.00000
      14        37.0334        0.00000

 307/595 kpoint (Cartesian) = 0.14855 -0.028589 -0.26280 (2413 pws)
       1       -1.62183     0.00364133
       2        2.37225     0.00364133
       3        5.07658     0.00364133
       4        6.13312     0.00364133
       5        12.4454        0.00000
       6        15.9529        0.00000
       7        20.8464        0.00000
       8        22.5857        0.00000
       9        23.6846        0.00000
      10        27.7729        0.00000
      11        31.1488        0.00000
      12        33.5381        0.00000
      13        35.2834        0.00000
      14        38.0007        0.00000

 308/595 kpoint (Cartesian) = 0.14855 -0.14295 0.14151 (2413 pws)
       1       -1.19243     0.00364133
       2        1.89990     0.00364133
       3        4.81676     0.00364133
       4        6.43380     0.00364133
       5        11.8222        0.00000
       6        15.6640        0.00000
       7        22.3806        0.00000
       8        22.4196        0.00000
       9        23.9237        0.00000
      10        27.4531        0.00000
      11        31.6518        0.00000
      12        33.0994        0.00000
      13        35.3616        0.00000
      14        38.3433        0.00000

 309/595 kpoint (Cartesian) = 0.12379 -0.12865 0.15162 (2408 pws)
       1      -0.966527     0.00364133
       2        1.76420     0.00364133
       3        4.80088     0.00364133
       4        5.95244     0.00364133
       5        12.2054        0.00000
       6        15.7837        0.00000
       7        21.7554        0.00000
       8        23.1026        0.00000
       9        23.2311        0.00000
      10        27.7829        0.00000
      11        30.9954        0.00000
      12        33.9712        0.00000
      13        35.3670        0.00000
      14        38.8238        0.00000

 310/595 kpoint (Cartesian) = 0.099036 -0.11436 0.16172 (2418 pws)
       1       -1.08438     0.00364133
       2        2.06447     0.00364133
       3        4.92079     0.00364133
       4        5.22708     0.00364133
       5        13.1346        0.00000
       6        16.4484        0.00000
       7        20.3889        0.00000
       8        22.2966        0.00000
       9        23.2961        0.00000
      10        27.9189        0.00000
      11        30.5722        0.00000
      12        34.7133        0.00000
      13        35.4923        0.00000
      14        38.8036        0.00000

 311/595 kpoint (Cartesian) = 0.074277 -0.10006 0.17183 (2415 pws)
       1       -1.37655     0.00364133
       2        2.29289     0.00364133
       3        4.51561     0.00364133
       4        5.70176     0.00364133
       5        13.9901        0.00000
       6        17.5876        0.00000
       7        18.8907        0.00000
       8        21.8636        0.00000
       9        22.7262        0.00000
      10        27.1348        0.00000
      11        30.9752        0.00000
      12        34.2040        0.00000
      13        35.9845        0.00000
      14        37.7305        0.00000

 312/595 kpoint (Cartesian) = 0.049518 -0.085767 0.18194 (2415 pws)
       1       -1.67906     0.00364133
       2        1.93150     0.00364133
       3        4.90645     0.00364133
       4        6.49854     0.00364133
       5        14.5413        0.00000
       6        17.1971        0.00000
       7        19.5013        0.00000
       8        20.9938        0.00000
       9        22.4157        0.00000
      10        26.4526        0.00000
      11        31.3513        0.00000
      12        33.0350        0.00000
      13        35.5423        0.00000
      14        37.0949        0.00000

 313/595 kpoint (Cartesian) = 0.024759 -0.071473 0.19205 (2413 pws)
       1       -1.94637     0.00364133
       2        1.44263     0.00364133
       3        5.71994     0.00364133
       4        7.30254     0.00364133
       5        14.5730        0.00000
       6        16.9247        0.00000
       7        19.3339        0.00000
       8        20.3832        0.00000
       9        23.4716        0.00000
      10        26.0445        0.00000
      11        31.3494        0.00000
      12        32.2351        0.00000
      13        34.4113        0.00000
      14        36.1298        0.00000

 314/595 kpoint (Cartesian) = 0.0000 -0.057178 0.17183 (2414 pws)
       1       -2.49393     0.00364133
       2        1.61815     0.00364133
       3        6.36854     0.00364133
       4        7.98683     0.00364133
       5        14.9391        0.00000
       6        17.0075        0.00000
       7        17.9316        0.00000
       8        20.4907        0.00000
       9        24.5507        0.00000
      10        25.1970        0.00000
      11        30.7773        0.00000
      12        32.4596        0.00000
      13        33.9885        0.00000
      14        34.8233        0.00000

 315/595 kpoint (Cartesian) = -0.024759 -0.042884 0.18194 (2420 pws)
       1       -2.37654     0.00364133
       2        1.25458     0.00364133
       3        6.89746     0.00364133
       4        7.85174     0.00364133
       5        15.0526        0.00000
       6        16.4459        0.00000
       7        17.9974        0.00000
       8        20.4291        0.00000
       9        24.6928        0.00000
      10        26.6437        0.00000
      11        30.8488        0.00000
      12        31.6249        0.00000
      13        33.1635        0.00000
      14        34.7090        0.00000

 316/595 kpoint (Cartesian) = -0.049518 -0.028589 0.19205 (2419 pws)
       1       -2.18109     0.00364133
       2        1.18837     0.00364133
       3        6.53108     0.00364133
       4        7.75701     0.00364133
       5        14.6329        0.00000
       6        17.0250        0.00000
       7        18.0827        0.00000
       8        20.4342        0.00000
       9        24.6638        0.00000
      10        26.3862        0.00000
      11        30.8786        0.00000
      12        32.5087        0.00000
      13        32.6067        0.00000
      14        35.2907        0.00000

 317/595 kpoint (Cartesian) = -0.074277 -0.014295 0.20216 (2413 pws)
       1       -1.94499     0.00364133
       2        1.44259     0.00364133
       3        5.68941     0.00364133
       4        7.33665     0.00364133
       5        14.5925        0.00000
       6        16.9143        0.00000
       7        19.2848        0.00000
       8        20.4047        0.00000
       9        23.4526        0.00000
      10        26.0838        0.00000
      11        31.3748        0.00000
      12        32.2213        0.00000
      13        34.3757        0.00000
      14        36.1665        0.00000

 318/595 kpoint (Cartesian) = 0.099036 0.0000 -0.21226 (2415 pws)
       1       -1.67661     0.00364133
       2        1.92920     0.00364133
       3        4.87962     0.00364133
       4        6.52959     0.00364133
       5        14.5498        0.00000
       6        17.1891        0.00000
       7        19.5251        0.00000
       8        20.9455        0.00000
       9        22.4073        0.00000
      10        26.4788        0.00000
      11        31.3779        0.00000
      12        33.0206        0.00000
      13        35.5321        0.00000
      14        37.0927        0.00000

 319/595 kpoint (Cartesian) = 0.12379 -0.21442 0.060647 (2415 pws)
       1       -1.37331     0.00364133
       2        2.28449     0.00364133
       3        4.50061     0.00364133
       4        5.72491     0.00364133
       5        13.9905        0.00000
       6        17.5823        0.00000
       7        18.9135        0.00000
       8        21.8329        0.00000
       9        22.7203        0.00000
      10        27.1447        0.00000
      11        30.9955        0.00000
      12        34.1804        0.00000
      13        35.9966        0.00000
      14        37.7040        0.00000

 320/595 kpoint (Cartesian) = 0.14855 -0.22871 0.050539 (2418 pws)
       1       -1.08149     0.00364133
       2        2.05516     0.00364133
       3        4.91882     0.00364133
       4        5.23696     0.00364133
       5        13.1335        0.00000
       6        16.4497        0.00000
       7        20.4013        0.00000
       8        22.2822        0.00000
       9        23.2942        0.00000
      10        27.9173        0.00000
      11        30.5821        0.00000
      12        34.6825        0.00000
      13        35.4955        0.00000
      14        38.8083        0.00000

 321/595 kpoint (Cartesian) = 0.14855 -0.14295 0.11119 (2408 pws)
       1      -0.966537     0.00364133
       2        1.76424     0.00364133
       3        4.80085     0.00364133
       4        5.95243     0.00364133
       5        12.2054        0.00000
       6        15.7838        0.00000
       7        21.7550        0.00000
       8        23.1026        0.00000
       9        23.2315        0.00000
      10        27.7831        0.00000
      11        30.9961        0.00000
      12        33.9694        0.00000
      13        35.3676        0.00000
      14        38.8241        0.00000

 322/595 kpoint (Cartesian) = 0.12379 -0.12865 0.12129 (2413 pws)
       1       -1.19579     0.00364133
       2        1.91127     0.00364133
       3        4.80666     0.00364133
       4        6.43423     0.00364133
       5        11.8236        0.00000
       6        15.6623        0.00000
       7        22.3763        0.00000
       8        22.4071        0.00000
       9        23.9331        0.00000
      10        27.4613        0.00000
      11        31.6441        0.00000
      12        33.1358        0.00000
      13        35.3792        0.00000
      14        38.3200        0.00000

 323/595 kpoint (Cartesian) = 0.099036 -0.11436 0.13140 (2413 pws)
       1       -1.62600     0.00364133
       2        2.39159     0.00364133
       3        5.05839     0.00364133
       4        6.13292     0.00364133
       5        12.4482        0.00000
       6        15.9497        0.00000
       7        20.8329        0.00000
       8        22.5777        0.00000
       9        23.7009        0.00000
      10        27.7844        0.00000
      11        31.1387        0.00000
      12        33.5886        0.00000
      13        35.3069        0.00000
      14        37.9718        0.00000

 324/595 kpoint (Cartesian) = 0.074277 -0.10006 0.14151 (2417 pws)
       1       -2.04096     0.00364133
       2        2.84110     0.00364133
       3        5.08718     0.00364133
       4        6.06170     0.00364133
       5        13.5603        0.00000
       6        16.7557        0.00000
       7        19.0735        0.00000
       8        22.1786        0.00000
       9        23.2567        0.00000
      10        27.1730        0.00000
      11        31.1611        0.00000
      12        33.7355        0.00000
      13        35.4947        0.00000
      14        37.0464        0.00000

 325/595 kpoint (Cartesian) = 0.049518 -0.085767 0.15162 (2423 pws)
       1       -2.33997     0.00364133
       2        2.76372     0.00364133
       3        5.06111     0.00364133
       4        6.80333     0.00364133
       5        14.5216        0.00000
       6        17.4188        0.00000
       7        18.3306        0.00000
       8        20.9731        0.00000
       9        23.0749        0.00000
      10        26.2670        0.00000
      11        31.3025        0.00000
      12        32.9500        0.00000
      13        35.4535        0.00000
      14        36.5082        0.00000

 326/595 kpoint (Cartesian) = 0.024759 -0.071473 0.16172 (2415 pws)
       1       -2.49041     0.00364133
       2        2.19199     0.00364133
       3        5.61837     0.00364133
       4        7.59894     0.00364133
       5        14.9282        0.00000
       6        16.8833        0.00000
       7        19.2040        0.00000
       8        19.9146        0.00000
       9        23.3487        0.00000
      10        25.5249        0.00000
      11        31.0401        0.00000
      12        32.5501        0.00000
      13        34.7680        0.00000
      14        35.9414        0.00000

 327/595 kpoint (Cartesian) = 0.0000 -0.057178 0.14151 (2416 pws)
       1       -3.30736     0.00364133
       2        2.87249     0.00364133
       3        6.35303     0.00364133
       4        8.32324     0.00364133
       5        15.4313        0.00000
       6        17.1097        0.00000
       7        17.8127        0.00000
       8        19.8695        0.00000
       9        22.9581        0.00000
      10        25.5511        0.00000
      11        30.3918        0.00000
      12        32.1053        0.00000
      13        34.7041        0.00000
      14        35.0202        0.00000

 328/595 kpoint (Cartesian) = -0.024759 -0.042884 0.15162 (2417 pws)
       1       -3.10673     0.00364133
       2        2.33076     0.00364133
       3        6.95258     0.00364133
       4        8.03022     0.00364133
       5        15.1703        0.00000
       6        16.6636        0.00000
       7        18.1008        0.00000
       8        19.7865        0.00000
       9        23.8475        0.00000
      10        26.4652        0.00000
      11        30.4801        0.00000
      12        31.7993        0.00000
      13        33.3232        0.00000
      14        35.3280        0.00000

 329/595 kpoint (Cartesian) = -0.049518 -0.028589 0.16172 (2413 pws)
       1       -2.73716     0.00364133
       2        1.96788     0.00364133
       3        6.85564     0.00364133
       4        7.61210     0.00364133
       5        14.5072        0.00000
       6        17.1776        0.00000
       7        18.3870        0.00000
       8        19.6442        0.00000
       9        24.1764        0.00000
      10        27.4328        0.00000
      11        30.5828        0.00000
      12        31.8714        0.00000
      13        32.5474        0.00000
      14        35.8848        0.00000

 330/595 kpoint (Cartesian) = 0.074277 -0.15724 0.070755 (2413 pws)
       1       -2.23829     0.00364133
       2        1.83411     0.00364133
       3        5.91982     0.00364133
       4        7.22338     0.00364133
       5        14.3874        0.00000
       6        17.1056        0.00000
       7        19.2554        0.00000
       8        19.8704        0.00000
       9        23.6716        0.00000
      10        26.8216        0.00000
      11        31.2868        0.00000
      12        31.9364        0.00000
      13        33.9435        0.00000
      14        36.4404        0.00000

 331/595 kpoint (Cartesian) = 0.099036 0.0000 -0.18194 (2415 pws)
       1       -1.68020     0.00364133
       2        1.93984     0.00364133
       3        4.88271     0.00364133
       4        6.51587     0.00364133
       5        14.5551        0.00000
       6        17.1804        0.00000
       7        19.5066        0.00000
       8        20.9735        0.00000
       9        22.3999        0.00000
      10        26.4939        0.00000
      11        31.3642        0.00000
      12        33.0204        0.00000
      13        35.5241        0.00000
      14        37.1498        0.00000

 332/595 kpoint (Cartesian) = 0.12379 -0.18583 0.050539 (2419 pws)
       1       -1.17687     0.00364133
       2        2.16029     0.00364133
       3        4.11300     0.00364133
       4        5.80963     0.00364133
       5        14.3315        0.00000
       6        17.9247        0.00000
       7        19.4692        0.00000
       8        20.6460        0.00000
       9        22.6269        0.00000
      10        26.8072        0.00000
      11        31.0895        0.00000
      12        34.2703        0.00000
      13        36.1731        0.00000
      14        37.9236        0.00000

 333/595 kpoint (Cartesian) = 0.14855 -0.20012 0.040431 (2412 pws)
       1      -0.909614     0.00364133
       2        2.10867     0.00364133
       3        4.21355     0.00364133
       4        5.30526     0.00364133
       5        13.8163        0.00000
       6        17.5086        0.00000
       7        19.8877        0.00000
       8        20.8518        0.00000
       9        23.2735        0.00000
      10        27.5471        0.00000
      11        30.6247        0.00000
      12        34.9049        0.00000
      13        36.0416        0.00000
      14        38.6108        0.00000

 334/595 kpoint (Cartesian) = 0.14855 -0.14295 0.080862 (2418 pws)
       1       -1.08729     0.00364133
       2        2.07384     0.00364133
       3        4.92400     0.00364133
       4        5.21580     0.00364133
       5        13.1356        0.00000
       6        16.4476        0.00000
       7        20.3764        0.00000
       8        22.3096        0.00000
       9        23.2989        0.00000
      10        27.9206        0.00000
      11        30.5644        0.00000
      12        34.7315        0.00000
      13        35.4996        0.00000
      14        38.7993        0.00000

 335/595 kpoint (Cartesian) = 0.12379 -0.12865 0.090970 (2413 pws)
       1       -1.62778     0.00364133
       2        2.39811     0.00364133
       3        5.06205     0.00364133
       4        6.12201     0.00364133
       5        12.4504        0.00000
       6        15.9492        0.00000
       7        20.8102        0.00000
       8        22.6014        0.00000
       9        23.7094        0.00000
      10        27.7807        0.00000
      11        31.1209        0.00000
      12        33.6069        0.00000
      13        35.3240        0.00000
      14        37.9658        0.00000

 336/595 kpoint (Cartesian) = 0.099036 -0.11436 0.10108 (2414 pws)
       1       -2.24433     0.00364133
       2        2.90309     0.00364133
       3        5.39791     0.00364133
       4        6.66721     0.00364133
       5        12.3508        0.00000
       6        16.0049        0.00000
       7        21.0177        0.00000
       8        21.3841        0.00000
       9        24.1444        0.00000
      10        27.9490        0.00000
      11        31.4759        0.00000
      12        32.6113        0.00000
      13        35.0637        0.00000
      14        37.2491        0.00000

 337/595 kpoint (Cartesian) = 0.074277 -0.10006 0.11119 (2410 pws)
       1       -2.77045     0.00364133
       2        3.41504     0.00364133
       3        5.75069     0.00364133
       4        6.71340     0.00364133
       5        13.1827        0.00000
       6        16.4453        0.00000
       7        19.4755        0.00000
       8        21.2344        0.00000
       9        23.7057        0.00000
      10        27.5296        0.00000
      11        31.2047        0.00000
      12        32.9297        0.00000
      13        34.6718        0.00000
      14        36.5923        0.00000

 338/595 kpoint (Cartesian) = 0.049518 0.085767 -0.12129 (2419 pws)
       1       -3.13798     0.00364133
       2        3.72423     0.00364133
       3        5.57312     0.00364133
       4        7.27453     0.00364133
       5        14.4313        0.00000
       6        17.3455        0.00000
       7        17.9309        0.00000
       8        20.5413        0.00000
       9        23.0750        0.00000
      10        26.5719        0.00000
      11        30.9633        0.00000
      12        32.6324        0.00000
      13        35.0684        0.00000
      14        35.7855        0.00000

 339/595 kpoint (Cartesian) = 0.024759 -0.071473 0.13140 (2419 pws)
       1       -3.31958     0.00364133
       2        3.46331     0.00364133
       3        5.74407     0.00364133
       4        7.99751     0.00364133
       5        15.3522        0.00000
       6        16.9905        0.00000
       7        18.6786        0.00000
       8        19.2764        0.00000
       9        22.6597        0.00000
      10        25.7856        0.00000
      11        30.5810        0.00000
      12        32.2978        0.00000
      13        34.9137        0.00000
      14        35.6623        0.00000

 340/595 kpoint (Cartesian) = 0.0000 -0.057178 0.11119 (2430 pws)
       1       -4.12671     0.00364133
       2        4.37589     0.00364133
       3        6.56406     0.00364133
       4        8.67814     0.00364133
       5        16.0010        0.00000
       6        17.1716        0.00000
       7        17.6243        0.00000
       8        19.0893        0.00000
       9        22.0502        0.00000
      10        25.2344        0.00000
      11        30.4300        0.00000
      12        31.5067        0.00000
      13        34.1220        0.00000
      14        35.3582        0.00000

 341/595 kpoint (Cartesian) = 0.024759 -0.10006 0.080862 (2423 pws)
       1       -3.95660     0.00364133
       2        3.83790     0.00364133
       3        7.10389     0.00364133
       4        8.32161     0.00364133
       5        15.3785        0.00000
       6        16.9789        0.00000
       7        18.1948        0.00000
       8        18.9687        0.00000
       9        22.8532        0.00000
      10        25.7939        0.00000
      11        30.2990        0.00000
      12        31.7237        0.00000
      13        33.5948        0.00000
      14        35.5178        0.00000

 342/595 kpoint (Cartesian) = 0.049518 -0.11436 0.070755 (2427 pws)
       1       -3.58464     0.00364133
       2        3.35876     0.00364133
       3        7.27311     0.00364133
       4        7.60190     0.00364133
       5        14.5609        0.00000
       6        17.3883        0.00000
       7        18.6932        0.00000
       8        18.7316        0.00000
       9        23.4695        0.00000
      10        26.8684        0.00000
      11        30.4329        0.00000
      12        32.4111        0.00000
      13        32.4770        0.00000
      14        36.0567        0.00000

 343/595 kpoint (Cartesian) = 0.074277 -0.12865 0.060647 (2415 pws)
       1       -3.03147     0.00364133
       2        3.01410     0.00364133
       3        6.21739     0.00364133
       4        7.34279     0.00364133
       5        14.3334        0.00000
       6        17.3377        0.00000
       7        18.5055        0.00000
       8        19.7343        0.00000
       9        23.5342        0.00000
      10        26.9844        0.00000
      11        30.9253        0.00000
      12        32.1452        0.00000
      13        33.7638        0.00000
      14        36.3685        0.00000

 344/595 kpoint (Cartesian) = 0.099036 0.0000 -0.15162 (2423 pws)
       1       -2.34303     0.00364133
       2        2.78304     0.00364133
       3        5.04754     0.00364133
       4        6.79626     0.00364133
       5        14.5362        0.00000
       6        17.3883        0.00000
       7        18.3384        0.00000
       8        20.9634        0.00000
       9        23.0741        0.00000
      10        26.3066        0.00000
      11        31.2911        0.00000
      12        32.9483        0.00000
      13        35.4108        0.00000
      14        36.6229        0.00000

 345/595 kpoint (Cartesian) = 0.12379 -0.15724 0.040431 (2417 pws)
       1       -1.63133     0.00364133
       2        2.51565     0.00364133
       3        4.22200     0.00364133
       4        6.20940     0.00364133
       5        14.5611        0.00000
       6        17.7897        0.00000
       7        18.6745        0.00000
       8        21.4405        0.00000
       9        22.3990        0.00000
      10        26.2070        0.00000
      11        31.3695        0.00000
      12        33.8489        0.00000
      13        36.0681        0.00000
      14        37.4281        0.00000

 346/595 kpoint (Cartesian) = 0.14855 -0.17153 0.030323 (2419 pws)
       1       -1.18316     0.00364133
       2        2.18232     0.00364133
       3        4.10752     0.00364133
       4        5.79650     0.00364133
       5        14.3283        0.00000
       6        17.9117        0.00000
       7        19.4715        0.00000
       8        20.6628        0.00000
       9        22.6344        0.00000
      10        26.8001        0.00000
      11        31.0760        0.00000
      12        34.3062        0.00000
      13        36.1716        0.00000
      14        37.9390        0.00000

 347/595 kpoint (Cartesian) = 0.14855 -0.14295 0.050539 (2415 pws)
       1       -1.38301     0.00364133
       2        2.32091     0.00364133
       3        4.49735     0.00364133
       4        5.69528     0.00364133
       5        13.9905        0.00000
       6        17.5731        0.00000
       7        18.8963        0.00000
       8        21.8737        0.00000
       9        22.7192        0.00000
      10        27.1468        0.00000
      11        30.9664        0.00000
      12        34.2362        0.00000
      13        36.0006        0.00000
      14        37.7424        0.00000

 348/595 kpoint (Cartesian) = 0.12379 -0.12865 0.060647 (2417 pws)
       1       -2.04466     0.00364133
       2        2.86128     0.00364133
       3        5.08743     0.00364133
       4        6.04003     0.00364133
       5        13.5632        0.00000
       6        16.7534        0.00000
       7        19.0579        0.00000
       8        22.1949        0.00000
       9        23.2601        0.00000
      10        27.1820        0.00000
      11        31.1435        0.00000
      12        33.7595        0.00000
      13        35.5155        0.00000
      14        37.0599        0.00000

 349/595 kpoint (Cartesian) = 0.099036 0.028589 -0.13140 (2410 pws)
       1       -2.77190     0.00364133
       2        3.42412     0.00364133
       3        5.76413     0.00364133
       4        6.68733     0.00364133
       5        13.1871        0.00000
       6        16.4453        0.00000
       7        19.4478        0.00000
       8        21.2669        0.00000
       9        23.7035        0.00000
      10        27.5393        0.00000
      11        31.1934        0.00000
      12        32.9368        0.00000
      13        34.6758        0.00000
      14        36.6055        0.00000

 350/595 kpoint (Cartesian) = 0.074277 -0.10006 0.080862 (2413 pws)
       1       -3.39113     0.00364133
       2        3.93247     0.00364133
       3        6.49048     0.00364133
       4        7.11434     0.00364133
       5        13.3800        0.00000
       6        16.6719        0.00000
       7        19.5099        0.00000
       8        20.1075        0.00000
       9        23.5038        0.00000
      10        27.4007        0.00000
      11        31.2212        0.00000
      12        32.5759        0.00000
      13        33.5247        0.00000
      14        36.4933        0.00000

 351/595 kpoint (Cartesian) = 0.049518 -0.085767 0.090970 (2421 pws)
       1       -3.83845     0.00364133
       2        4.40612     0.00364133
       3        6.56838     0.00364133
       4        7.67975     0.00364133
       5        14.3541        0.00000
       6        17.1715        0.00000
       7        18.3483        0.00000
       8        19.6777        0.00000
       9        22.8530        0.00000
      10        26.5171        0.00000
      11        30.9825        0.00000
      12        32.0716        0.00000
      13        33.6610        0.00000
      14        35.8751        0.00000

 352/595 kpoint (Cartesian) = 0.024759 -0.071473 0.10108 (2418 pws)
       1       -4.08713     0.00364133
       2        4.66910     0.00364133
       3        6.29849     0.00364133
       4        8.38808     0.00364133
       5        15.6278        0.00000
       6        17.0644        0.00000
       7        18.2319        0.00000
       8        18.8101        0.00000
       9        22.1787        0.00000
      10        25.5945        0.00000
      11        30.7446        0.00000
      12        31.5132        0.00000
      13        34.0821        0.00000
      14        35.4768        0.00000

 353/595 kpoint (Cartesian) = 0.0000 -0.057178 0.080862 (2423 pws)
       1       -4.79832     0.00182066
       2        5.72203     0.00182066
       3        7.15989     0.00182066
       4        8.96413     0.00182066
       5        16.4897        0.00000
       6        16.8027        0.00000
       7        17.2833        0.00000
       8        18.7736        0.00000
       9        22.0218        0.00000
      10        24.4687        0.00000
      11        30.3750        0.00000
      12        31.5254        0.00000
      13        32.9376        0.00000
      14        35.0673        0.00000

 354/595 kpoint (Cartesian) = 0.024759 -0.071473 0.070755 (2427 pws)
       1       -4.68932     0.00364133
       2        5.44612     0.00364133
       3        7.40474     0.00364133
       4        8.62240     0.00364133
       5        15.5992        0.00000
       6        17.0046        0.00000
       7        18.1257        0.00000
       8        18.5908        0.00000
       9        22.1463        0.00000
      10        24.9972        0.00000
      11        30.3799        0.00000
      12        31.6051        0.00000
      13        33.0674        0.00000
      14        35.1786        0.00000

 355/595 kpoint (Cartesian) = 0.049518 -0.085767 0.060647 (2411 pws)
       1       -4.36556     0.00364133
       2        4.94358     0.00364133
       3        7.70125     0.00364133
       4        7.73832     0.00364133
       5        14.6989        0.00000
       6        17.2832        0.00000
       7        18.4528        0.00000
       8        18.9022        0.00000
       9        22.5030        0.00000
      10        25.9164        0.00000
      11        30.6360        0.00000
      12        31.9940        0.00000
      13        32.8646        0.00000
      14        35.7055        0.00000

 356/595 kpoint (Cartesian) = 0.074277 -0.10006 0.050539 (2421 pws)
       1       -3.83944     0.00364133
       2        4.41559     0.00364133
       3        6.58717     0.00364133
       4        7.64517     0.00364133
       5        14.3601        0.00000
       6        17.1766        0.00000
       7        18.3128        0.00000
       8        19.7112        0.00000
       9        22.8450        0.00000
      10        26.5447        0.00000
      11        30.9753        0.00000
      12        32.0430        0.00000
      13        33.6797        0.00000
      14        35.8965        0.00000

 357/595 kpoint (Cartesian) = 0.099036 0.0000 -0.12129 (2419 pws)
       1       -3.14061     0.00364133
       2        3.74764     0.00364133
       3        5.57248     0.00364133
       4        7.24578     0.00364133
       5        14.4353        0.00000
       6        17.3484        0.00000
       7        17.9097        0.00000
       8        20.5562        0.00000
       9        23.0748        0.00000
      10        26.5995        0.00000
      11        30.9369        0.00000
      12        32.6360        0.00000
      13        35.0831        0.00000
      14        35.8346        0.00000

 358/595 kpoint (Cartesian) = 0.12379 -0.12865 0.030323 (2423 pws)
       1       -2.34554     0.00364133
       2        2.79570     0.00364133
       3        5.04681     0.00364133
       4        6.78434     0.00364133
       5        14.5210        0.00000
       6        17.3946        0.00000
       7        18.3471        0.00000
       8        20.9670        0.00000
       9        23.0823        0.00000
      10        26.2906        0.00000
      11        31.2708        0.00000
      12        32.9747        0.00000
      13        35.5008        0.00000
      14        36.5525        0.00000

 359/595 kpoint (Cartesian) = 0.14855 -0.14295 0.020216 (2415 pws)
       1       -1.68869     0.00364133
       2        1.96555     0.00364133
       3        4.88633     0.00364133
       4        6.48950     0.00364133
       5        14.5369        0.00000
       6        17.1788        0.00000
       7        19.5244        0.00000
       8        20.9788        0.00000
       9        22.4147        0.00000
      10        26.4746        0.00000
      11        31.3330        0.00000
      12        33.0592        0.00000
      13        35.6033        0.00000
      14        37.1295        0.00000

 360/595 kpoint (Cartesian) = 0.0000 0.085767 0.060647 (2421 pws)
       1       -4.64523     0.00182066
       2        6.25791     0.00182066
       3        7.55363     0.00182066
       4        7.55528     0.00182066
       5        13.9009        0.00000
       6        16.7978        0.00000
       7        19.5661        0.00000
       8        19.5664        0.00000
       9        21.6526        0.00000
      10        26.0339        0.00000
      11        31.2519        0.00000
      12        32.4483        0.00000
      13        32.4499        0.00000
      14        35.9188        0.00000

 361/595 kpoint (Cartesian) = 0.024759 0.071473 0.050539 (2428 pws)
       1       -4.97590     0.00182066
       2        6.45040     0.00182066
       3        7.95461     0.00182066
       4        8.13294     0.00182066
       5        14.8614        0.00000
       6        17.0516        0.00000
       7        18.6470        0.00000
       8        18.7442        0.00000
       9        21.6793        0.00000
      10        25.3284        0.00000
      11        30.6450        0.00000
      12        31.9962        0.00000
      13        32.4260        0.00000
      14        34.8999        0.00000

 362/595 kpoint (Cartesian) = 0.049518 0.057178 0.040431 (2425 pws)
       1       -5.08833     0.00182066
       2        5.99763     0.00182066
       3        8.38249     0.00182066
       4        8.74077     0.00182066
       5        15.6774        0.00000
       6        16.8011        0.00000
       7        17.9178        0.00000
       8        18.5019        0.00000
       9        22.3585        0.00000
      10        24.3927        0.00000
      11        29.5876        0.00000
      12        32.2339        0.00000
      13        33.0875        0.00000
      14        34.4427        0.00000

 363/595 kpoint (Cartesian) = 0.074277 0.042884 0.030323 (2424 pws)
       1       -4.97997     0.00182066
       2        5.40393     0.00182066
       3        8.71856     0.00182066
       4        8.76577     0.00182066
       5        15.4180        0.00000
       6        17.3143        0.00000
       7        17.3649        0.00000
       8        18.8204        0.00000
       9        23.4431        0.00000
      10        23.4663        0.00000
      11        29.2152        0.00000
      12        32.6372        0.00000
      13        33.8941        0.00000
      14        33.9912        0.00000

 364/595 kpoint (Cartesian) = 0.099036 0.028589 0.020216 (2426 pws)
       1       -4.65561     0.00182066
       2        4.84970     0.00182066
       3        7.92607     0.00182066
       4        8.83242     0.00182066
       5        15.6259        0.00000
       6        17.2670        0.00000
       7        17.3688        0.00000
       8        19.0749        0.00000
       9        22.6153        0.00000
      10        24.4862        0.00000
      11        29.7381        0.00000
      12        31.9953        0.00000
      13        33.5706        0.00000
      14        34.7761        0.00000

 365/595 kpoint (Cartesian) = 0.12379 0.014295 0.010108 (2430 pws)
       1       -4.12575     0.00182066
       2        4.35844     0.00182066
       3        6.58546     0.00182066
       4        8.67471     0.00182066
       5        16.0059        0.00000
       6        17.1754        0.00000
       7        17.6420        0.00000
       8        19.0806        0.00000
       9        22.0247        0.00000
      10        25.2291        0.00000
      11        30.4793        0.00000
      12        31.4681        0.00000
      13        34.1141        0.00000
      14        35.3332        0.00000

 366/595 kpoint (Cartesian) = 0.14855 0.0000 0.0000 (2407 pws)
       1       -3.41813     0.00182066
       2        3.74343     0.00182066
       3        5.39087     0.00182066
       4        8.32083     0.00182066
       5        15.4350        0.00000
       6        17.7423        0.00000
       7        18.2645        0.00000
       8        19.2430        0.00000
       9        21.9994        0.00000
      10        25.3698        0.00000
      11        30.3975        0.00000
      12        32.4332        0.00000
      13        35.3360        0.00000
      14        35.5550        0.00000

 367/595 kpoint (Cartesian) = 0.14855 -0.17153 -0.12129 (2409 pws)
       1       -2.60569     0.00182066
       2        2.71521     0.00182066
       3        4.91799     0.00182066
       4        7.89918     0.00182066
       5        14.6610        0.00000
       6        18.0219        0.00000
       7        18.7780        0.00000
       8        19.9956        0.00000
       9        22.8648        0.00000
      10        24.5610        0.00000
      11        30.9115        0.00000
      12        33.2065        0.00000
      13        35.2759        0.00000
      14        36.3086        0.00000

 368/595 kpoint (Cartesian) = -0.12379 0.15724 0.11119 (2411 pws)
       1       -1.91742     0.00182066
       2        1.77944     0.00182066
       3        4.97148     0.00182066
       4        7.51442     0.00182066
       5        14.0340        0.00000
       6        18.0384        0.00000
       7        19.1313        0.00000
       8        20.5175        0.00000
       9        23.7431        0.00000
      10        24.4815        0.00000
      11        31.4007        0.00000
      12        33.5104        0.00000
      13        34.4234        0.00000
      14        36.8073        0.00000

 369/595 kpoint (Cartesian) = -0.099036 0.14295 0.10108 (2411 pws)
       1       -1.89892     0.00182066
       2        1.74168     0.00182066
       3        5.30460     0.00182066
       4        7.23127     0.00182066
       5        13.6206        0.00000
       6        17.9115        0.00000
       7        19.4698        0.00000
       8        19.9989        0.00000
       9        23.8143        0.00000
      10        26.3426        0.00000
      11        31.3511        0.00000
      12        33.2275        0.00000
      13        33.6383        0.00000
      14        37.0091        0.00000

 370/595 kpoint (Cartesian) = -0.074277 0.12865 0.090970 (2408 pws)
       1       -2.57561     0.00182066
       2        2.66692     0.00182066
       3        5.83496     0.00182066
       4        7.08518     0.00182066
       5        13.4187        0.00000
       6        17.3835        0.00000
       7        19.4662        0.00000
       8        19.8259        0.00000
       9        23.9806        0.00000
      10        27.5996        0.00000
      11        31.0956        0.00000
      12        32.4369        0.00000
      13        33.7120        0.00000
      14        36.8454        0.00000

 371/595 kpoint (Cartesian) = -0.049518 0.11436 0.080862 (2413 pws)
       1       -3.39312     0.00182066
       2        3.95318     0.00182066
       3        6.48830     0.00182066
       4        7.09226     0.00182066
       5        13.3723        0.00000
       6        16.6815        0.00000
       7        19.5014        0.00000
       8        20.0966        0.00000
       9        23.5222        0.00000
      10        27.4155        0.00000
      11        31.1582        0.00000
      12        32.6948        0.00000
      13        33.4865        0.00000
      14        36.4997        0.00000

 372/595 kpoint (Cartesian) = -0.024759 0.10006 0.070755 (2430 pws)
       1       -4.10816     0.00182066
       2        5.24913     0.00182066
       3        7.11404     0.00182066
       4        7.25347     0.00182066
       5        13.4535        0.00000
       6        16.4921        0.00000
       7        19.7469        0.00000
       8        20.0644        0.00000
       9        22.5137        0.00000
      10        26.6575        0.00000
      11        31.4685        0.00000
      12        32.8230        0.00000
      13        32.8383        0.00000
      14        36.4584        0.00000

 373/595 kpoint (Cartesian) = 0.0000 0.11436 0.050539 (2430 pws)
       1       -4.10716     0.00364133
       2        5.22171     0.00364133
       3        7.14502     0.00364133
       4        7.25599     0.00364133
       5        13.4482        0.00000
       6        16.4892        0.00000
       7        19.7605        0.00000
       8        20.0901        0.00000
       9        22.4810        0.00000
      10        26.6198        0.00000
      11        31.4832        0.00000
      12        32.8101        0.00000
      13        32.8722        0.00000
      14        36.4261        0.00000

 374/595 kpoint (Cartesian) = 0.024759 0.10006 0.040431 (2426 pws)
       1       -4.50326     0.00364133
       2        5.63187     0.00364133
       3        7.16279     0.00364133
       4        7.99439     0.00364133
       5        14.4354        0.00000
       6        17.0177        0.00000
       7        18.7401        0.00000
       8        19.3260        0.00000
       9        22.0583        0.00000
      10        25.8326        0.00000
      11        31.1463        0.00000
      12        31.9071        0.00000
      13        32.9732        0.00000
      14        35.4361        0.00000

 375/595 kpoint (Cartesian) = 0.049518 0.085767 0.030323 (2427 pws)
       1       -4.68785     0.00364133
       2        5.41047     0.00364133
       3        7.42120     0.00364133
       4        8.65376     0.00364133
       5        15.6035        0.00000
       6        16.9623        0.00000
       7        18.1614        0.00000
       8        18.6227        0.00000
       9        22.1145        0.00000
      10        24.9352        0.00000
      11        30.3869        0.00000
      12        31.6661        0.00000
      13        33.1171        0.00000
      14        35.0474        0.00000

 376/595 kpoint (Cartesian) = 0.074277 0.071473 0.020216 (2426 pws)
       1       -4.65511     0.00364133
       2        4.84496     0.00364133
       3        7.90076     0.00364133
       4        8.86979     0.00364133
       5        15.6252        0.00000
       6        17.2208        0.00000
       7        17.4005        0.00000
       8        19.0891        0.00000
       9        22.6311        0.00000
      10        24.4470        0.00000
      11        29.7419        0.00000
      12        32.0165        0.00000
      13        33.6046        0.00000
      14        34.7163        0.00000

 377/595 kpoint (Cartesian) = 0.099036 0.028589 0.050539 (2421 pws)
       1       -4.40753     0.00364133
       2        4.27646     0.00364133
       3        8.18777     0.00364133
       4        8.40974     0.00364133
       5        15.3218        0.00000
       6        16.9956        0.00000
       7        17.9128        0.00000
       8        19.1081        0.00000
       9        22.9401        0.00000
      10        25.0207        0.00000
      11        29.7590        0.00000
      12        32.2131        0.00000
      13        33.3028        0.00000
      14        34.9880        0.00000

 378/595 kpoint (Cartesian) = 0.12379 0.042884 0.0000 (2423 pws)
       1       -3.95440     0.00364133
       2        3.81292     0.00364133
       3        7.14295     0.00364133
       4        8.30975     0.00364133
       5        15.3887        0.00000
       6        16.9486        0.00000
       7        18.2523        0.00000
       8        18.9758        0.00000
       9        22.8035        0.00000
      10        25.7654        0.00000
      11        30.3495        0.00000
      12        31.6970        0.00000
      13        33.6088        0.00000
      14        35.4342        0.00000

 379/595 kpoint (Cartesian) = 0.14855 0.028589 -0.010108 (2419 pws)
       1       -3.31810     0.00364133
       2        3.44865     0.00364133
       3        5.75727     0.00364133
       4        7.99918     0.00364133
       5        15.3616        0.00000
       6        17.0056        0.00000
       7        18.6723        0.00000
       8        19.2607        0.00000
       9        22.6468        0.00000
      10        25.7941        0.00000
      11        30.6039        0.00000
      12        32.2840        0.00000
      13        34.8124        0.00000
      14        35.7254        0.00000

 380/595 kpoint (Cartesian) = -0.14855 0.20012 0.11119 (2414 pws)
       1       -2.55327     0.00364133
       2        3.00041     0.00364133
       3        4.65453     0.00364133
       4        7.53384     0.00364133
       5        14.8176        0.00000
       6        17.5541        0.00000
       7        19.0416        0.00000
       8        20.0487        0.00000
       9        22.7313        0.00000
      10        25.0501        0.00000
      11        31.1148        0.00000
      12        33.1458        0.00000
      13        35.5808        0.00000
      14        36.4456        0.00000

 381/595 kpoint (Cartesian) = -0.12379 0.18583 0.10108 (2412 pws)
       1       -1.81325     0.00364133
       2        2.25410     0.00364133
       3        4.32647     0.00364133
       4        7.08168     0.00364133
       5        14.2091        0.00000
       6        17.8499        0.00000
       7        19.8197        0.00000
       8        20.5849        0.00000
       9        22.5192        0.00000
      10        25.0459        0.00000
      11        31.5970        0.00000
      12        33.5459        0.00000
      13        35.4187        0.00000
      14        37.3032        0.00000

 382/595 kpoint (Cartesian) = -0.099036 0.17153 0.090970 (2411 pws)
       1       -1.52071     0.00364133
       2        1.88802     0.00364133
       3        4.55074     0.00364133
       4        6.74781     0.00364133
       5        13.7289        0.00000
       6        17.8503        0.00000
       7        19.6639        0.00000
       8        21.0277        0.00000
       9        22.6711        0.00000
      10        26.1621        0.00000
      11        31.5051        0.00000
      12        33.5006        0.00000
      13        35.1982        0.00000
      14        37.4536        0.00000

 383/595 kpoint (Cartesian) = -0.074277 0.12865 0.12129 (2415 pws)
       1       -1.99212     0.00364133
       2        2.43975     0.00364133
       3        5.06693     0.00364133
       4        6.59732     0.00364133
       5        13.4007        0.00000
       6        17.2790        0.00000
       7        19.2837        0.00000
       8        21.2063        0.00000
       9        23.5242        0.00000
      10        27.1577        0.00000
      11        31.2646        0.00000
      12        33.1074        0.00000
      13        35.0483        0.00000
      14        37.0758        0.00000

 384/595 kpoint (Cartesian) = -0.049518 0.11436 0.11119 (2410 pws)
       1       -2.77343     0.00364133
       2        3.43677     0.00364133
       3        5.75681     0.00364133
       4        6.68171     0.00364133
       5        13.1798        0.00000
       6        16.4515        0.00000
       7        19.4530        0.00000
       8        21.2466        0.00000
       9        23.7167        0.00000
      10        27.5403        0.00000
      11        31.1755        0.00000
      12        32.9973        0.00000
      13        34.6652        0.00000
      14        36.5950        0.00000

 385/595 kpoint (Cartesian) = -0.024759 0.12865 0.060647 (2421 pws)
       1       -3.51678     0.00364133
       2        4.43322     0.00364133
       3        6.47620     0.00364133
       4        6.98772     0.00364133
       5        13.0874        0.00000
       6        16.1725        0.00000
       7        19.7711        0.00000
       8        20.9142        0.00000
       9        23.1795        0.00000
      10        27.2687        0.00000
      11        31.3936        0.00000
      12        32.8993        0.00000
      13        33.8597        0.00000
      14        36.6113        0.00000

 386/595 kpoint (Cartesian) = 0.0000 0.14295 0.040431 (2413 pws)
       1       -3.39043     0.00364133
       2        3.92045     0.00364133
       3        6.52735     0.00364133
       4        7.09179     0.00364133
       5        13.3659        0.00000
       6        16.6845        0.00000
       7        19.5045        0.00000
       8        20.1352        0.00000
       9        23.4868        0.00000
      10        27.3675        0.00000
      11        31.2000        0.00000
      12        32.6362        0.00000
      13        33.5126        0.00000
      14        36.4555        0.00000

 387/595 kpoint (Cartesian) = 0.024759 0.12865 0.030323 (2421 pws)
       1       -3.83726     0.00364133
       2        4.39012     0.00364133
       3        6.56784     0.00364133
       4        7.70292     0.00364133
       5        14.3404        0.00000
       6        17.1753        0.00000
       7        18.3727        0.00000
       8        19.6731        0.00000
       9        22.8444        0.00000
      10        26.4746        0.00000
      11        30.9739        0.00000
      12        32.1084        0.00000
      13        33.6938        0.00000
      14        35.8031        0.00000

 388/595 kpoint (Cartesian) = 0.049518 0.057178 0.10108 (2418 pws)
       1       -4.08541     0.00364133
       2        4.64441     0.00364133
       3        6.30117     0.00364133
       4        8.42003     0.00364133
       5        15.6291        0.00000
       6        17.0657        0.00000
       7        18.2341        0.00000
       8        18.8079        0.00000
       9        22.1769        0.00000
      10        25.5512        0.00000
      11        30.8072        0.00000
      12        31.4890        0.00000
      13        34.0896        0.00000
      14        35.4048        0.00000

 389/595 kpoint (Cartesian) = 0.074277 0.10006 0.010108 (2430 pws)
       1       -4.12441     0.00364133
       2        4.34694     0.00364133
       3        6.57234     0.00364133
       4        8.70978     0.00364133
       5        16.0174        0.00000
       6        17.1800        0.00000
       7        17.6014        0.00000
       8        19.0985        0.00000
       9        22.0395        0.00000
      10        25.1875        0.00000
      11        30.5137        0.00000
      12        31.4641        0.00000
      13        34.1204        0.00000
      14        35.2769        0.00000

 390/595 kpoint (Cartesian) = 0.099036 0.085767 0.0000 (2423 pws)
       1       -3.95362     0.00364133
       2        3.80886     0.00364133
       3        7.11684     0.00364133
       4        8.34695     0.00364133
       5        15.3828        0.00000
       6        16.9712        0.00000
       7        18.2153        0.00000
       8        18.9833        0.00000
       9        22.8221        0.00000
      10        25.7369        0.00000
      11        30.3563        0.00000
      12        31.7182        0.00000
      13        33.5907        0.00000
      14        35.4215        0.00000

 391/595 kpoint (Cartesian) = 0.12379 0.071473 -0.010108 (2427 pws)
       1       -3.58085     0.00364133
       2        3.32885     0.00364133
       3        7.31357     0.00364133
       4        7.59794     0.00364133
       5        14.5577        0.00000
       6        17.3891        0.00000
       7        18.6974        0.00000
       8        18.7695        0.00000
       9        23.4326        0.00000
      10        26.8080        0.00000
      11        30.4764        0.00000
      12        32.4074        0.00000
      13        32.4660        0.00000
      14        35.9685        0.00000

 392/595 kpoint (Cartesian) = 0.14855 0.057178 -0.020216 (2415 pws)
       1       -3.02677     0.00364133
       2        2.98248     0.00364133
       3        6.24196     0.00364133
       4        7.35380     0.00364133
       5        14.3293        0.00000
       6        17.3605        0.00000
       7        18.4952        0.00000
       8        19.7589        0.00000
       9        23.5076        0.00000
      10        26.9446        0.00000
      11        30.9727        0.00000
      12        32.1001        0.00000
      13        33.7498        0.00000
      14        36.2926        0.00000

 393/595 kpoint (Cartesian) = -0.14855 0.17153 0.18194 (2423 pws)
       1       -2.33744     0.00364133
       2        2.75087     0.00364133
       3        5.06277     0.00364133
       4        6.81430     0.00364133
       5        14.5373        0.00000
       6        17.4131        0.00000
       7        18.3218        0.00000
       8        20.9690        0.00000
       9        23.0649        0.00000
      10        26.2837        0.00000
      11        31.3196        0.00000
      12        32.9280        0.00000
      13        35.3657        0.00000
      14        36.5760        0.00000

 394/595 kpoint (Cartesian) = -0.12379 0.21442 0.090970 (2417 pws)
       1       -1.62555     0.00364133
       2        2.49307     0.00364133
       3        4.22051     0.00364133
       4        6.23246     0.00364133
       5        14.5709        0.00000
       6        17.7855        0.00000
       7        18.6787        0.00000
       8        21.4149        0.00000
       9        22.4067        0.00000
      10        26.2047        0.00000
      11        31.3913        0.00000
      12        33.8314        0.00000
      13        36.0344        0.00000
      14        37.4148        0.00000

 395/595 kpoint (Cartesian) = -0.099036 0.20012 0.080862 (2419 pws)
       1       -1.17955     0.00364133
       2        2.17832     0.00364133
       3        4.08440     0.00364133
       4        5.82301     0.00364133
       5        14.3408        0.00000
       6        17.8873        0.00000
       7        19.5015        0.00000
       8        20.6376        0.00000
       9        22.6211        0.00000
      10        26.8154        0.00000
      11        31.0934        0.00000
      12        34.2836        0.00000
      13        36.1735        0.00000
      14        37.9379        0.00000

 396/595 kpoint (Cartesian) = -0.074277 0.18583 0.070755 (2415 pws)
       1       -1.38235     0.00364133
       2        2.32487     0.00364133
       3        4.47089     0.00364133
       4        5.71855     0.00364133
       5        13.9993        0.00000
       6        17.5504        0.00000
       7        18.9128        0.00000
       8        21.8647        0.00000
       9        22.7092        0.00000
      10        27.1632        0.00000
      11        30.9770        0.00000
      12        34.2165        0.00000
      13        36.0188        0.00000
      14        37.7398        0.00000

 397/595 kpoint (Cartesian) = -0.049518 0.17153 0.060647 (2417 pws)
       1       -2.04464     0.00364133
       2        2.86096     0.00364133
       3        5.08792     0.00364133
       4        6.03997     0.00364133
       5        13.5633        0.00000
       6        16.7527        0.00000
       7        19.0582        0.00000
       8        22.1943        0.00000
       9        23.2614        0.00000
      10        27.1818        0.00000
      11        31.1433        0.00000
      12        33.7615        0.00000
      13        35.5120        0.00000
      14        37.0592        0.00000

 398/595 kpoint (Cartesian) = -0.024759 0.15724 0.050539 (2410 pws)
       1       -2.77161     0.00364133
       2        3.41637     0.00364133
       3        5.79558     0.00364133
       4        6.66341     0.00364133
       5        13.1786        0.00000
       6        16.4563        0.00000
       7        19.4397        0.00000
       8        21.2922        0.00000
       9        23.6921        0.00000
      10        27.5212        0.00000
      11        31.1850        0.00000
      12        32.9651        0.00000
      13        34.6531        0.00000
      14        36.5945        0.00000

 399/595 kpoint (Cartesian) = 0.0000 0.17153 0.030323 (2408 pws)
       1       -2.56983     0.00364133
       2        2.63357     0.00364133
       3        5.87112     0.00364133
       4        7.08360     0.00364133
       5        13.4131        0.00000
       6        17.4008        0.00000
       7        19.4466        0.00000
       8        19.8695        0.00000
       9        23.9566        0.00000
      10        27.5670        0.00000
      11        31.1367        0.00000
      12        32.3384        0.00000
      13        33.7266        0.00000
      14        36.7851        0.00000

 400/595 kpoint (Cartesian) = 0.024759 0.15724 0.020216 (2415 pws)
       1       -3.02884     0.00364133
       2        3.00066     0.00364133
       3        6.19402     0.00364133
       4        7.38821     0.00364133
       5        14.3104        0.00000
       6        17.3673        0.00000
       7        18.5408        0.00000
       8        19.6850        0.00000
       9        23.5403        0.00000
      10        26.9390        0.00000
      11        30.9252        0.00000
      12        32.1779        0.00000
      13        33.7810        0.00000
      14        36.2846        0.00000

 401/595 kpoint (Cartesian) = 0.049518 0.14295 0.010108 (2419 pws)
       1       -3.31758     0.00364133
       2        3.45498     0.00364133
       3        5.72356     0.00364133
       4        8.03462     0.00364133
       5        15.3655        0.00000
       6        16.9973        0.00000
       7        18.6783        0.00000
       8        19.2225        0.00000
       9        22.6898        0.00000
      10        25.7695        0.00000
      11        30.6066        0.00000
      12        32.2986        0.00000
      13        34.8212        0.00000
      14        35.7101        0.00000

 402/595 kpoint (Cartesian) = 0.074277 0.12865 0.0000 (2407 pws)
       1       -3.41526     0.00364133
       2        3.71990     0.00364133
       3        5.39208     0.00364133
       4        8.35191     0.00364133
       5        15.4549        0.00000
       6        17.7357        0.00000
       7        18.2329        0.00000
       8        19.2559        0.00000
       9        22.0095        0.00000
      10        25.3383        0.00000
      11        30.4487        0.00000
      12        32.4000        0.00000
      13        35.3189        0.00000
      14        35.4999        0.00000

 403/595 kpoint (Cartesian) = 0.099036 0.11436 -0.010108 (2419 pws)
       1       -3.31602     0.00364133
       2        3.43819     0.00364133
       3        5.74219     0.00364133
       4        8.03255     0.00364133
       5        15.3698        0.00000
       6        17.0058        0.00000
       7        18.6701        0.00000
       8        19.2363        0.00000
       9        22.6671        0.00000
      10        25.7686        0.00000
      11        30.6342        0.00000
      12        32.2746        0.00000
      13        34.7797        0.00000
      14        35.7111        0.00000

 404/595 kpoint (Cartesian) = 0.12379 0.10006 -0.020216 (2415 pws)
       1       -3.02562     0.00364133
       2        2.97877     0.00364133
       3        6.21586     0.00364133
       4        7.38839     0.00364133
       5        14.3253        0.00000
       6        17.3649        0.00000
       7        18.5219        0.00000
       8        19.7146        0.00000
       9        23.5173        0.00000
      10        26.9366        0.00000
      11        30.9778        0.00000
      12        32.1113        0.00000
      13        33.7400        0.00000
      14        36.2808        0.00000

 405/595 kpoint (Cartesian) = 0.14855 0.085767 -0.030323 (2408 pws)
       1       -2.56484     0.00364133
       2        2.60922     0.00364133
       3        5.87574     0.00364133
       4        7.10435     0.00364133
       5        13.4277        0.00000
       6        17.3888        0.00000
       7        19.4541        0.00000
       8        19.8733        0.00000
       9        23.9430        0.00000
      10        27.5703        0.00000
      11        31.1992        0.00000
      12        32.2004        0.00000
      13        33.7370        0.00000
      14        36.7813        0.00000

 406/595 kpoint (Cartesian) = -0.14855 0.17153 0.21226 (2415 pws)
       1       -1.98030     0.00364133
       2        2.38351     0.00364133
       3        5.10794     0.00364133
       4        6.60878     0.00364133
       5        13.4106        0.00000
       6        17.2865        0.00000
       7        19.2692        0.00000
       8        21.2474        0.00000
       9        23.5042        0.00000
      10        27.1290        0.00000
      11        31.2971        0.00000
      12        32.9860        0.00000
      13        35.0057        0.00000
      14        37.0630        0.00000

 407/595 kpoint (Cartesian) = -0.12379 0.24301 0.080862 (2415 pws)
       1       -1.37205     0.00364133
       2        2.28135     0.00364133
       3        4.49636     0.00364133
       4        5.73073     0.00364133
       5        14.0064        0.00000
       6        17.5649        0.00000
       7        18.8947        0.00000
       8        21.8637        0.00000
       9        22.7185        0.00000
      10        27.1463        0.00000
      11        30.9869        0.00000
      12        34.1464        0.00000
      13        36.0055        0.00000
      14        37.7405        0.00000

 408/595 kpoint (Cartesian) = -0.099036 0.22871 0.070755 (2413 pws)
       1      -0.942407     0.00364133
       2        2.24360     0.00364133
       3        4.23944     0.00364133
       4        4.99902     0.00364133
       5        14.4863        0.00000
       6        18.4547        0.00000
       7        18.7161        0.00000
       8        20.1999        0.00000
       9        23.2925        0.00000
      10        27.6244        0.00000
      11        30.5075        0.00000
      12        34.9438        0.00000
      13        36.1627        0.00000
      14        38.7371        0.00000

 409/595 kpoint (Cartesian) = -0.074277 0.21442 0.060647 (2413 pws)
       1      -0.945964     0.00364133
       2        2.25456     0.00364133
       3        4.24739     0.00364133
       4        4.98221     0.00364133
       5        14.4835        0.00000
       6        18.4543        0.00000
       7        18.7103        0.00000
       8        20.2108        0.00000
       9        23.2950        0.00000
      10        27.6244        0.00000
      11        30.4999        0.00000
      12        34.9748        0.00000
      13        36.1428        0.00000
      14        38.7455        0.00000

 410/595 kpoint (Cartesian) = -0.049518 0.20012 0.050539 (2415 pws)
       1       -1.37914     0.00364133
       2        2.30518     0.00364133
       3        4.50429     0.00364133
       4        5.70172     0.00364133
       5        13.9981        0.00000
       6        17.5715        0.00000
       7        18.8844        0.00000
       8        21.8833        0.00000
       9        22.7228        0.00000
      10        27.1416        0.00000
      11        30.9670        0.00000
      12        34.2026        0.00000
      13        35.9960        0.00000
      14        37.7536        0.00000

 411/595 kpoint (Cartesian) = -0.024759 0.18583 0.040431 (2415 pws)
       1       -1.98694     0.00364133
       2        2.40936     0.00364133
       3        5.11146     0.00364133
       4        6.57952     0.00364133
       5        13.3990        0.00000
       6        17.2981        0.00000
       7        19.2516        0.00000
       8        21.2634        0.00000
       9        23.5163        0.00000
      10        27.1216        0.00000
      11        31.2603        0.00000
      12        33.0719        0.00000
      13        35.0182        0.00000
      14        37.0628        0.00000

 412/595 kpoint (Cartesian) = 0.0000 -0.085767 0.21226 (2411 pws)
       1       -1.88879     0.00364133
       2        1.70720     0.00364133
       3        5.33585     0.00364133
       4        7.22928     0.00364133
       5        13.6160        0.00000
       6        17.9402        0.00000
       7        19.5053        0.00000
       8        19.9681        0.00000
       9        23.8068        0.00000
      10        26.3122        0.00000
      11        31.3867        0.00000
      12        33.1316        0.00000
      13        33.6409        0.00000
      14        36.9353        0.00000

 413/595 kpoint (Cartesian) = -0.024759 -0.071473 0.22237 (2413 pws)
       1       -2.23599     0.00364133
       2        1.82782     0.00364133
       3        5.90600     0.00364133
       4        7.24746     0.00364133
       5        14.3669        0.00000
       6        17.1415        0.00000
       7        19.2766        0.00000
       8        19.8268        0.00000
       9        23.6616        0.00000
      10        26.8181        0.00000
      11        31.2877        0.00000
      12        31.9519        0.00000
      13        33.9582        0.00000
      14        36.3831        0.00000

 414/595 kpoint (Cartesian) = -0.049518 -0.057178 0.23248 (2415 pws)
       1       -2.48821     0.00364133
       2        2.18998     0.00364133
       3        5.58329     0.00364133
       4        7.64289     0.00364133
       5        14.9491        0.00000
       6        16.8851        0.00000
       7        19.1428        0.00000
       8        19.9111        0.00000
       9        23.3519        0.00000
      10        25.5583        0.00000
      11        31.0570        0.00000
      12        32.5573        0.00000
      13        34.6837        0.00000
      14        36.0060        0.00000

 415/595 kpoint (Cartesian) = -0.074277 -0.042884 0.24259 (2409 pws)
       1       -2.59980     0.00364133
       2        2.68559     0.00364133
       3        4.92447     0.00364133
       4        7.92645     0.00364133
       5        14.6801        0.00000
       6        18.0195        0.00000
       7        18.7614        0.00000
       8        19.9996        0.00000
       9        22.8652        0.00000
      10        24.5411        0.00000
      11        30.9633        0.00000
      12        33.1717        0.00000
      13        35.1960        0.00000
      14        36.2794        0.00000

 416/595 kpoint (Cartesian) = 0.099036 -0.22871 0.11119 (2414 pws)
       1       -2.54887     0.00364133
       2        2.97694     0.00364133
       3        4.65486     0.00364133
       4        7.56112     0.00364133
       5        14.8338        0.00000
       6        17.5431        0.00000
       7        19.0411        0.00000
       8        20.0366        0.00000
       9        22.7398        0.00000
      10        25.0332        0.00000
      11        31.1542        0.00000
      12        33.1236        0.00000
      13        35.5171        0.00000
      14        36.4325        0.00000

 417/595 kpoint (Cartesian) = 0.12379 0.014295 -0.26280 (2423 pws)
       1       -2.33446     0.00364133
       2        2.74090     0.00364133
       3        5.04507     0.00364133
       4        6.84545     0.00364133
       5        14.5393        0.00000
       6        17.4069        0.00000
       7        18.3433        0.00000
       8        20.9305        0.00000
       9        23.0716        0.00000
      10        26.2838        0.00000
      11        31.3430        0.00000
      12        32.9209        0.00000
      13        35.3493        0.00000
      14        36.5496        0.00000

 418/595 kpoint (Cartesian) = 0.14855 0.0000 -0.27291 (2415 pws)
       1       -1.97878     0.00364133
       2        2.38000     0.00364133
       3        5.09496     0.00364133
       4        6.62732     0.00364133
       5        13.4081        0.00000
       6        17.2842        0.00000
       7        19.2996        0.00000
       8        21.2075        0.00000
       9        23.4977        0.00000
      10        27.1415        0.00000
      11        31.3204        0.00000
      12        32.9652        0.00000
      13        35.0154        0.00000
      14        37.0412        0.00000

 419/595 kpoint (Cartesian) = 0.14855 -0.17153 0.15162 (2410 pws)
       1       -1.53898     0.00364133
       2        2.12526     0.00364133
       3        4.53791     0.00364133
       4        6.78519     0.00364133
       5        12.6708        0.00000
       6        17.0804        0.00000
       7        20.8999        0.00000
       8        21.0781        0.00000
       9        23.6695        0.00000
      10        26.6301        0.00000
      11        31.6601        0.00000
      12        33.2992        0.00000
      13        35.3494        0.00000
      14        37.3161        0.00000

 420/595 kpoint (Cartesian) = 0.12379 -0.15724 0.16172 (2402 pws)
       1       -1.12800     0.00364133
       2        2.02729     0.00364133
       3        4.15017     0.00364133
       4        6.27765     0.00364133
       5        12.9457        0.00000
       6        17.0887        0.00000
       7        20.5185        0.00000
       8        22.2421        0.00000
       9        22.7494        0.00000
      10        26.7184        0.00000
      11        31.3638        0.00000
      12        34.0894        0.00000
      13        35.9980        0.00000
      14        37.7061        0.00000

 421/595 kpoint (Cartesian) = 0.099036 -0.14295 0.17183 (2412 pws)
       1      -0.903428     0.00364133
       2        2.09757     0.00364133
       3        4.18179     0.00364133
       4        5.34479     0.00364133
       5        13.8326        0.00000
       6        17.4853        0.00000
       7        19.8923        0.00000
       8        20.8502        0.00000
       9        23.2694        0.00000
      10        27.5532        0.00000
      11        30.6342        0.00000
      12        34.8180        0.00000
      13        36.1188        0.00000
      14        38.5975        0.00000

 422/595 kpoint (Cartesian) = 0.074277 -0.12865 0.18194 (2413 pws)
       1      -0.942420     0.00364133
       2        2.24382     0.00364133
       3        4.23854     0.00364133
       4        4.99976     0.00364133
       5        14.4861        0.00000
       6        18.4545        0.00000
       7        18.7165        0.00000
       8        20.1999        0.00000
       9        23.2927        0.00000
      10        27.6247        0.00000
      11        30.5069        0.00000
      12        34.9463        0.00000
      13        36.1606        0.00000
      14        38.7369        0.00000

 423/595 kpoint (Cartesian) = 0.049518 -0.11436 0.19205 (2419 pws)
       1       -1.17554     0.00364133
       2        2.15573     0.00364133
       3        4.11446     0.00364133
       4        5.81158     0.00364133
       5        14.3387        0.00000
       6        17.9166        0.00000
       7        19.4411        0.00000
       8        20.6746        0.00000
       9        22.6424        0.00000
      10        26.7922        0.00000
      11        31.0841        0.00000
      12        34.2741        0.00000
      13        36.1497        0.00000
      14        37.9448        0.00000

 424/595 kpoint (Cartesian) = 0.024759 -0.10006 0.20216 (2411 pws)
       1       -1.51259     0.00364133
       2        1.85490     0.00364133
       3        4.58848     0.00364133
       4        6.73597     0.00364133
       5        13.7267        0.00000
       6        17.8790        0.00000
       7        19.6205        0.00000
       8        21.0730        0.00000
       9        22.6889        0.00000
      10        26.1145        0.00000
      11        31.5047        0.00000
      12        33.4798        0.00000
      13        35.1575        0.00000
      14        37.4187        0.00000

 425/595 kpoint (Cartesian) = 0.0000 -0.085767 0.18194 (2411 pws)
       1       -1.90934     0.00364133
       2        1.75004     0.00364133
       3        4.99766     0.00364133
       4        7.51262     0.00364133
       5        14.0303        0.00000
       6        18.0620        0.00000
       7        19.1660        0.00000
       8        20.4838        0.00000
       9        23.7459        0.00000
      10        24.4522        0.00000
      11        31.4317        0.00000
      12        33.4946        0.00000
      13        34.3651        0.00000
      14        36.7384        0.00000

 426/595 kpoint (Cartesian) = -0.024759 -0.071473 0.19205 (2413 pws)
       1       -1.94544     0.00364133
       2        1.44406     0.00364133
       3        5.68595     0.00364133
       4        7.34018     0.00364133
       5        14.5773        0.00000
       6        16.9460        0.00000
       7        19.2766        0.00000
       8        20.3870        0.00000
       9        23.4257        0.00000
      10        26.1221        0.00000
      11        31.3583        0.00000
      12        32.2460        0.00000
      13        34.3729        0.00000
      14        36.1656        0.00000

 427/595 kpoint (Cartesian) = -0.049518 0.17153 -0.12129 (2413 pws)
       1       -1.94452     0.00364133
       2        1.44330     0.00364133
       3        5.67276     0.00364133
       4        7.35524     0.00364133
       5        14.5944        0.00000
       6        16.9247        0.00000
       7        19.2577        0.00000
       8        20.4056        0.00000
       9        23.4300        0.00000
      10        26.1223        0.00000
      11        31.3789        0.00000
      12        32.2279        0.00000
      13        34.3557        0.00000
      14        36.1844        0.00000

 428/595 kpoint (Cartesian) = 0.074277 -0.18583 0.11119 (2411 pws)
       1       -1.90666     0.00364133
       2        1.74719     0.00364133
       3        4.97690     0.00364133
       4        7.53885     0.00364133
       5        14.0519        0.00000
       6        18.0365        0.00000
       7        19.1263        0.00000
       8        20.5155        0.00000
       9        23.7308        0.00000
      10        24.4773        0.00000
      11        31.4588        0.00000
      12        33.4786        0.00000
      13        34.3238        0.00000
      14        36.7728        0.00000

 429/595 kpoint (Cartesian) = 0.099036 0.028589 -0.22237 (2412 pws)
       1       -1.80491     0.00364133
       2        2.22233     0.00364133
       3        4.33481     0.00364133
       4        7.10323     0.00364133
       5        14.2258        0.00000
       6        17.8443        0.00000
       7        19.7964        0.00000
       8        20.6006        0.00000
       9        22.5230        0.00000
      10        25.0297        0.00000
      11        31.6386        0.00000
      12        33.5134        0.00000
      13        35.3466        0.00000
      14        37.2872        0.00000

 430/595 kpoint (Cartesian) = 0.12379 -0.21442 0.090970 (2417 pws)
       1       -1.61979     0.00364133
       2        2.47129     0.00364133
       3        4.21811     0.00364133
       4        6.25561     0.00364133
       5        14.5798        0.00000
       6        17.7829        0.00000
       7        18.6825        0.00000
       8        21.3899        0.00000
       9        22.4144        0.00000
      10        26.2021        0.00000
      11        31.4142        0.00000
      12        33.8112        0.00000
      13        36.0051        0.00000
      14        37.4009        0.00000

 431/595 kpoint (Cartesian) = 0.14855 -0.22871 0.080862 (2415 pws)
       1       -1.36881     0.00364133
       2        2.27312     0.00364133
       3        4.48151     0.00364133
       4        5.75362     0.00364133
       5        14.0066        0.00000
       6        17.5598        0.00000
       7        18.9171        0.00000
       8        21.8346        0.00000
       9        22.7118        0.00000
      10        27.1563        0.00000
      11        31.0064        0.00000
      12        34.1257        0.00000
      13        36.0160        0.00000
      14        37.7136        0.00000

 432/595 kpoint (Cartesian) = 0.14855 -0.17153 0.12129 (2402 pws)
       1       -1.12700     0.00364133
       2        2.02531     0.00364133
       3        4.14727     0.00364133
       4        6.28267     0.00364133
       5        12.9448        0.00000
       6        17.0882        0.00000
       7        20.5395        0.00000
       8        22.2183        0.00000
       9        22.7392        0.00000
      10        26.7303        0.00000
      11        31.3747        0.00000
      12        34.0775        0.00000
      13        36.0049        0.00000
      14        37.6947        0.00000

 433/595 kpoint (Cartesian) = 0.12379 -0.15724 0.13140 (2408 pws)
       1       -1.02274     0.00364133
       2        1.93313     0.00364133
       3        3.92815     0.00364133
       4        6.67574     0.00364133
       5        12.4177        0.00000
       6        16.9580        0.00000
       7        21.7325        0.00000
       8        21.9806        0.00000
       9        22.9654        0.00000
      10        25.9030        0.00000
      11        31.8610        0.00000
      12        33.9650        0.00000
      13        36.0382        0.00000
      14        37.5446        0.00000

 434/595 kpoint (Cartesian) = 0.099036 -0.14295 0.14151 (2402 pws)
       1       -1.13197     0.00364133
       2        2.04546     0.00364133
       3        4.13001     0.00364133
       4        6.28324     0.00364133
       5        12.9460        0.00000
       6        17.0831        0.00000
       7        20.5352        0.00000
       8        22.2209        0.00000
       9        22.7363        0.00000
      10        26.7405        0.00000
      11        31.3700        0.00000
      12        34.1113        0.00000
      13        36.0145        0.00000
      14        37.6924        0.00000

 435/595 kpoint (Cartesian) = 0.074277 -0.12865 0.15162 (2415 pws)
       1       -1.37531     0.00364133
       2        2.30118     0.00364133
       3        4.46271     0.00364133
       4        5.74785     0.00364133
       5        14.0070        0.00000
       6        17.5443        0.00000
       7        18.9230        0.00000
       8        21.8453        0.00000
       9        22.7054        0.00000
      10        27.1683        0.00000
      11        30.9962        0.00000
      12        34.1628        0.00000
      13        36.0262        0.00000
      14        37.7261        0.00000

 436/595 kpoint (Cartesian) = 0.049518 -0.11436 0.16172 (2417 pws)
       1       -1.62556     0.00364133
       2        2.49352     0.00364133
       3        4.21954     0.00364133
       4        6.23313     0.00364133
       5        14.5701        0.00000
       6        17.7862        0.00000
       7        18.6783        0.00000
       8        21.4153        0.00000
       9        22.4073        0.00000
      10        26.2050        0.00000
      11        31.3910        0.00000
      12        33.8312        0.00000
      13        36.0360        0.00000
      14        37.4138        0.00000

 437/595 kpoint (Cartesian) = 0.024759 -0.10006 0.17183 (2412 pws)
       1       -1.80924     0.00364133
       2        2.23070     0.00364133
       3        4.35203     0.00364133
       4        7.07605     0.00364133
       5        14.2067        0.00000
       6        17.8673        0.00000
       7        19.7888        0.00000
       8        20.6224        0.00000
       9        22.5287        0.00000
      10        25.0133        0.00000
      11        31.6075        0.00000
      12        33.5306        0.00000
      13        35.3937        0.00000
      14        37.2680        0.00000

 438/595 kpoint (Cartesian) = 0.0000 -0.085767 0.15162 (2409 pws)
       1       -2.60311     0.00364133
       2        2.69654     0.00364133
       3        4.93661     0.00364133
       4        7.89826     0.00364133
       5        14.6581        0.00000
       6        18.0369        0.00000
       7        18.8027        0.00000
       8        19.9747        0.00000
       9        22.8446        0.00000
      10        24.5622        0.00000
      11        30.9312        0.00000
      12        33.1911        0.00000
      13        35.2484        0.00000
      14        36.2742        0.00000

 439/595 kpoint (Cartesian) = -0.024759 -0.071473 0.16172 (2415 pws)
       1       -2.49049     0.00364133
       2        2.19637     0.00364133
       3        5.59599     0.00364133
       4        7.62033     0.00364133
       5        14.9366        0.00000
       6        16.9007        0.00000
       7        19.1661        0.00000
       8        19.8861        0.00000
       9        23.3398        0.00000
      10        25.5822        0.00000
      11        31.0343        0.00000
      12        32.5726        0.00000
      13        34.6771        0.00000
      14        36.0437        0.00000

 440/595 kpoint (Cartesian) = 0.049518 -0.14295 0.11119 (2413 pws)
       1       -2.23716     0.00364133
       2        1.83283     0.00364133
       3        5.89651     0.00364133
       4        7.25141     0.00364133
       5        14.3863        0.00000
       6        17.1164        0.00000
       7        19.2536        0.00000
       8        19.8460        0.00000
       9        23.6644        0.00000
      10        26.8410        0.00000
      11        31.2994        0.00000
      12        31.9346        0.00000
      13        33.9346        0.00000
      14        36.4379        0.00000

 441/595 kpoint (Cartesian) = 0.074277 -0.15724 0.10108 (2411 pws)
       1       -1.88860     0.00364133
       2        1.71131     0.00364133
       3        5.30911     0.00364133
       4        7.25394     0.00364133
       5        13.6370        0.00000
       6        17.9057        0.00000
       7        19.4716        0.00000
       8        19.9966        0.00000
       9        23.8052        0.00000
      10        26.3421        0.00000
      11        31.4106        0.00000
      12        33.1038        0.00000
      13        33.6229        0.00000
      14        36.9896        0.00000

 442/595 kpoint (Cartesian) = 0.099036 0.028589 -0.19205 (2411 pws)
       1       -1.51066     0.00364133
       2        1.85711     0.00364133
       3        4.55979     0.00364133
       4        6.76423     0.00364133
       5        13.7447        0.00000
       6        17.8461        0.00000
       7        19.6381        0.00000
       8        21.0506        0.00000
       9        22.6757        0.00000
      10        26.1476        0.00000
      11        31.5317        0.00000
      12        33.4539        0.00000
      13        35.1378        0.00000
      14        37.4599        0.00000

 443/595 kpoint (Cartesian) = 0.12379 -0.18583 0.080862 (2419 pws)
       1       -1.17198     0.00364133
       2        2.15205     0.00364133
       3        4.09134     0.00364133
       4        5.83765     0.00364133
       5        14.3511        0.00000
       6        17.8928        0.00000
       7        19.4717        0.00000
       8        20.6481        0.00000
       9        22.6297        0.00000
      10        26.8073        0.00000
      11        31.1025        0.00000
      12        34.2482        0.00000
      13        36.1560        0.00000
      14        37.9448        0.00000

 444/595 kpoint (Cartesian) = 0.14855 -0.20012 0.070755 (2413 pws)
       1      -0.938876     0.00364133
       2        2.23302     0.00364133
       3        4.23092     0.00364133
       4        5.01604     0.00364133
       5        14.4888        0.00000
       6        18.4572        0.00000
       7        18.7206        0.00000
       8        20.1882        0.00000
       9        23.2908        0.00000
      10        27.6245        0.00000
      11        30.5153        0.00000
      12        34.9121        0.00000
      13        36.1837        0.00000
      14        38.7280        0.00000

 445/595 kpoint (Cartesian) = 0.14855 -0.17153 0.090970 (2412 pws)
       1      -0.903459     0.00364133
       2        2.09772     0.00364133
       3        4.18162     0.00364133
       4        5.34479     0.00364133
       5        13.8325        0.00000
       6        17.4857        0.00000
       7        19.8922        0.00000
       8        20.8497        0.00000
       9        23.2698        0.00000
      10        27.5534        0.00000
      11        30.6347        0.00000
      12        34.8141        0.00000
      13        36.1230        0.00000
      14        38.5971        0.00000

 446/595 kpoint (Cartesian) = 0.12379 -0.15724 0.10108 (2402 pws)
       1       -1.13300     0.00364133
       2        2.04755     0.00364133
       3        4.13279     0.00364133
       4        6.27818     0.00364133
       5        12.9468        0.00000
       6        17.0839        0.00000
       7        20.5139        0.00000
       8        22.2449        0.00000
       9        22.7463        0.00000
      10        26.7290        0.00000
      11        31.3601        0.00000
      12        34.1197        0.00000
      13        36.0106        0.00000
      14        37.7035        0.00000

 447/595 kpoint (Cartesian) = 0.099036 -0.14295 0.11119 (2410 pws)
       1       -1.54606     0.00364133
       2        2.15691     0.00364133
       3        4.50878     0.00364133
       4        6.78655     0.00364133
       5        12.6733        0.00000
       6        17.0717        0.00000
       7        20.9094        0.00000
       8        21.0499        0.00000
       9        23.6767        0.00000
      10        26.6526        0.00000
      11        31.6406        0.00000
      12        33.3720        0.00000
      13        35.3597        0.00000
      14        37.3277        0.00000

 448/595 kpoint (Cartesian) = 0.074277 -0.12865 0.12129 (2415 pws)
       1       -1.98552     0.00364133
       2        2.41386     0.00364133
       3        5.06326     0.00364133
       4        6.62707     0.00364133
       5        13.4114        0.00000
       6        17.2678        0.00000
       7        19.3011        0.00000
       8        21.1912        0.00000
       9        23.5120        0.00000
      10        27.1655        0.00000
      11        31.3032        0.00000
      12        33.0218        0.00000
      13        35.0314        0.00000
      14        37.0764        0.00000

 449/595 kpoint (Cartesian) = 0.049518 -0.11436 0.13140 (2423 pws)
       1       -2.34006     0.00364133
       2        2.77299     0.00364133
       3        5.02951     0.00364133
       4        6.82797     0.00364133
       5        14.5382        0.00000
       6        17.3820        0.00000
       7        18.3596        0.00000
       8        20.9242        0.00000
       9        23.0819        0.00000
      10        26.3071        0.00000
      11        31.3132        0.00000
      12        32.9429        0.00000
      13        35.3935        0.00000
      14        36.5956        0.00000

 450/595 kpoint (Cartesian) = 0.024759 -0.10006 0.14151 (2414 pws)
       1       -2.55327     0.00364133
       2        3.00090     0.00364133
       3        4.65360     0.00364133
       4        7.53455     0.00364133
       5        14.8161        0.00000
       6        17.5551        0.00000
       7        19.0409        0.00000
       8        20.0490        0.00000
       9        22.7336        0.00000
      10        25.0492        0.00000
      11        31.1171        0.00000
      12        33.1411        0.00000
      13        35.5819        0.00000
      14        36.4470        0.00000

 451/595 kpoint (Cartesian) = 0.0000 -0.085767 0.12129 (2407 pws)
       1       -3.41813     0.00182066
       2        3.74395     0.00182066
       3        5.38988     0.00182066
       4        8.32165     0.00182066
       5        15.4327        0.00000
       6        17.7428        0.00000
       7        18.2669        0.00000
       8        19.2406        0.00000
       9        22.0026        0.00000
      10        25.3691        0.00000
      11        30.4001        0.00000
      12        32.4296        0.00000
      13        35.3082        0.00000
      14        35.5835        0.00000

 452/595 kpoint (Cartesian) = 0.024759 -0.10006 0.11119 (2419 pws)
       1       -3.31973     0.00364133
       2        3.46836     0.00364133
       3        5.73122     0.00364133
       4        8.00651     0.00364133
       5        15.3594        0.00000
       6        17.0045        0.00000
       7        18.6856        0.00000
       8        19.2153        0.00000
       9        22.6819        0.00000
      10        25.8038        0.00000
      11        30.5769        0.00000
      12        32.3105        0.00000
      13        34.7912        0.00000
      14        35.7936        0.00000

 453/595 kpoint (Cartesian) = 0.049518 -0.11436 0.10108 (2415 pws)
       1       -3.03032     0.00364133
       2        3.01039     0.00364133
       3        6.19121     0.00364133
       4        7.37755     0.00364133
       5        14.3294        0.00000
       6        17.3421        0.00000
       7        18.5323        0.00000
       8        19.6893        0.00000
       9        23.5446        0.00000
      10        26.9768        0.00000
      11        30.9298        0.00000
      12        32.1574        0.00000
      13        33.7529        0.00000
      14        36.3565        0.00000

 454/595 kpoint (Cartesian) = 0.074277 -0.12865 0.090970 (2408 pws)
       1       -2.57064     0.00364133
       2        2.64247     0.00364133
       3        5.83885     0.00364133
       4        7.10707     0.00364133
       5        13.4323        0.00000
       6        17.3717        0.00000
       7        19.4693        0.00000
       8        19.8346        0.00000
       9        23.9668        0.00000
      10        27.6032        0.00000
      11        31.1584        0.00000
      12        32.3000        0.00000
      13        33.7181        0.00000
      14        36.8418        0.00000

 455/595 kpoint (Cartesian) = 0.099036 0.028589 -0.16172 (2415 pws)
       1       -1.98703     0.00364133
       2        2.41740     0.00364133
       3        5.07606     0.00364133
       4        6.60860     0.00364133
       5        13.4139        0.00000
       6        17.2701        0.00000
       7        19.2707        0.00000
       8        21.2312        0.00000
       9        23.5181        0.00000
      10        27.1532        0.00000
      11        31.2818        0.00000
      12        33.0393        0.00000
      13        35.0232        0.00000
      14        37.0987        0.00000

 456/595 kpoint (Cartesian) = 0.12379 -0.15724 0.070755 (2415 pws)
       1       -1.37856     0.00364133
       2        2.30963     0.00364133
       3        4.47731     0.00364133
       4        5.72488     0.00364133
       5        14.0067        0.00000
       6        17.5501        0.00000
       7        18.9004        0.00000
       8        21.8737        0.00000
       9        22.7126        0.00000
      10        27.1583        0.00000
      11        30.9781        0.00000
      12        34.1790        0.00000
      13        36.0201        0.00000
      14        37.7528        0.00000

 457/595 kpoint (Cartesian) = 0.14855 -0.17153 0.060647 (2413 pws)
       1      -0.946022     0.00364133
       2        2.25493     0.00364133
       3        4.24681     0.00364133
       4        4.98240     0.00364133
       5        14.4833        0.00000
       6        18.4577        0.00000
       7        18.7079        0.00000
       8        20.2098        0.00000
       9        23.2953        0.00000
      10        27.6245        0.00000
      11        30.5003        0.00000
      12        34.9699        0.00000
      13        36.1489        0.00000
      14        38.7455        0.00000

 458/595 kpoint (Cartesian) = 0.0000 0.11436 0.080862 (2417 pws)
       1       -3.64508     0.00182066
       2        4.72239     0.00182066
       3        6.90068     0.00182066
       4        6.90166     0.00182066
       5        12.4811        0.00000
       6        15.8137        0.00000
       7        21.0309        0.00000
       8        21.0309        0.00000
       9        22.8663        0.00000
      10        27.2487        0.00000
      11        32.1808        0.00000
      12        32.9594        0.00000
      13        32.9633        0.00000
      14        38.2913        0.00000

 459/595 kpoint (Cartesian) = 0.024759 0.10006 0.070755 (2430 pws)
       1       -4.10616     0.00182066
       2        5.19495     0.00182066
       3        7.18281     0.00182066
       4        7.25095     0.00182066
       5        13.4433        0.00000
       6        16.4859        0.00000
       7        19.7804        0.00000
       8        20.1092        0.00000
       9        22.4492        0.00000
      10        26.5817        0.00000
      11        31.4958        0.00000
      12        32.8075        0.00000
      13        32.8981        0.00000
      14        36.3946        0.00000

 460/595 kpoint (Cartesian) = 0.049518 0.085767 0.060647 (2411 pws)
       1       -4.36336     0.00182066
       2        4.90208     0.00182066
       3        7.69884     0.00182066
       4        7.79575     0.00182066
       5        14.6858        0.00000
       6        17.2521        0.00000
       7        18.4860        0.00000
       8        18.9656        0.00000
       9        22.4502        0.00000
      10        25.8255        0.00000
      11        30.6210        0.00000
      12        32.0954        0.00000
      13        32.9198        0.00000
      14        35.5510        0.00000

 461/595 kpoint (Cartesian) = 0.074277 0.071473 0.050539 (2421 pws)
       1       -4.40719     0.00182066
       2        4.27303     0.00182066
       3        8.15804     0.00182066
       4        8.44644     0.00182066
       5        15.3214        0.00000
       6        16.9555        0.00000
       7        17.9502        0.00000
       8        19.1208        0.00000
       9        22.9407        0.00000
      10        24.9905        0.00000
      11        29.7512        0.00000
      12        32.2197        0.00000
      13        33.3659        0.00000
      14        34.9243        0.00000

 462/595 kpoint (Cartesian) = 0.099036 0.057178 0.040431 (2433 pws)
       1       -4.23773     0.00182066
       2        3.65659     0.00182066
       3        8.49023     0.00182066
       4        8.53705     0.00182066
       5        15.0260        0.00000
       6        17.2754        0.00000
       7        17.3376        0.00000
       8        19.7142        0.00000
       9        24.1904        0.00000
      10        24.2271        0.00000
      11        29.7087        0.00000
      12        32.6327        0.00000
      13        33.8675        0.00000
      14        33.9328        0.00000

 463/595 kpoint (Cartesian) = 0.12379 0.042884 0.030323 (2423 pws)
       1       -3.86407     0.00182066
       2        3.16971     0.00182066
       3        7.73741     0.00182066
       4        8.55355     0.00182066
       5        15.2616        0.00000
       6        17.1930        0.00000
       7        17.2959        0.00000
       8        19.7986        0.00000
       9        23.4587        0.00000
      10        25.4781        0.00000
      11        30.0039        0.00000
      12        31.9119        0.00000
      13        33.7902        0.00000
      14        34.4901        0.00000

 464/595 kpoint (Cartesian) = 0.14855 0.028589 0.020216 (2416 pws)
       1       -3.30413     0.00182066
       2        2.85024     0.00182066
       3        6.37983     0.00182066
       4        8.31816     0.00182066
       5        15.4326        0.00000
       6        17.1192        0.00000
       7        17.8476        0.00000
       8        19.8523        0.00000
       9        22.9172        0.00000
      10        25.5509        0.00000
      11        30.4370        0.00000
      12        32.0646        0.00000
      13        34.6876        0.00000
      14        34.9610        0.00000

 465/595 kpoint (Cartesian) = -0.14855 0.20012 0.14151 (2409 pws)
       1       -2.60052     0.00182066
       2        2.67749     0.00182066
       3        4.95645     0.00182066
       4        7.89580     0.00182066
       5        14.6585        0.00000
       6        18.0514        0.00000
       7        18.8246        0.00000
       8        19.9562        0.00000
       9        22.8182        0.00000
      10        24.5659        0.00000
      11        30.9467        0.00000
      12        33.1848        0.00000
      13        35.2195        0.00000
      14        36.2365        0.00000

 466/595 kpoint (Cartesian) = -0.12379 0.18583 0.13140 (2407 pws)
       1       -1.85838     0.00182066
       2        2.46089     0.00182066
       3        3.96701     0.00182066
       4        7.43412     0.00182066
       5        13.8082        0.00000
       6        18.6444        0.00000
       7        19.8420        0.00000
       8        20.4469        0.00000
       9        23.2515        0.00000
      10        23.4318        0.00000
      11        31.6532        0.00000
      12        34.0670        0.00000
      13        35.0954        0.00000
      14        37.5059        0.00000

 467/595 kpoint (Cartesian) = -0.099036 0.17153 0.12129 (2409 pws)
       1       -1.36303     0.00182066
       2        2.04114     0.00182066
       3        3.92719     0.00182066
       4        7.03773     0.00182066
       5        13.1345        0.00000
       6        18.1983        0.00000
       7        20.5636        0.00000
       8        20.9263        0.00000
       9        22.9027        0.00000
      10        24.8553        0.00000
      11        31.8528        0.00000
      12        34.4734        0.00000
      13        34.8501        0.00000
      14        37.7387        0.00000

 468/595 kpoint (Cartesian) = -0.074277 0.15724 0.11119 (2410 pws)
       1       -1.55325     0.00182066
       2        2.17980     0.00182066
       3        4.50931     0.00182066
       4        6.76539     0.00182066
       5        12.6601        0.00000
       6        17.0863        0.00000
       7        20.9047        0.00000
       8        21.0467        0.00000
       9        23.6820        0.00000
      10        26.6510        0.00000
      11        31.6062        0.00000
      12        33.4817        0.00000
      13        35.3492        0.00000
      14        37.3085        0.00000

 469/595 kpoint (Cartesian) = -0.049518 0.14295 0.10108 (2414 pws)
       1       -2.24737     0.00182066
       2        2.91830     0.00182066
       3        5.40217     0.00182066
       4        6.64661     0.00182066
       5        12.3432        0.00000
       6        16.0135        0.00000
       7        21.0116        0.00000
       8        21.3761        0.00000
       9        24.1549        0.00000
      10        27.9472        0.00000
      11        31.4375        0.00000
      12        32.7303        0.00000
      13        35.0206        0.00000
      14        37.2448        0.00000

 470/595 kpoint (Cartesian) = -0.024759 0.12865 0.090970 (2411 pws)
       1       -3.00483     0.00182066
       2        3.84200     0.00182066
       3        6.33529     0.00182066
       4        6.69274     0.00182066
       5        12.1839        0.00000
       6        15.5595        0.00000
       7        21.2014        0.00000
       8        21.4431        0.00000
       9        23.7680        0.00000
      10        27.9132        0.00000
      11        31.7843        0.00000
      12        32.8392        0.00000
      13        33.8645        0.00000
      14        38.1603        0.00000

 471/595 kpoint (Cartesian) = 0.0000 0.14295 0.070755 (2411 pws)
       1       -3.00333     0.00364133
       2        3.82495     0.00364133
       3        6.35584     0.00364133
       4        6.69292     0.00364133
       5        12.1790        0.00000
       6        15.5611        0.00000
       7        21.2113        0.00000
       8        21.4668        0.00000
       9        23.7392        0.00000
      10        27.8891        0.00000
      11        31.8122        0.00000
      12        32.8010        0.00000
      13        33.8425        0.00000
      14        38.1979        0.00000

 472/595 kpoint (Cartesian) = 0.024759 0.12865 0.060647 (2421 pws)
       1       -3.51433     0.00364133
       2        4.39637     0.00364133
       3        6.47888     0.00364133
       4        7.03176     0.00364133
       5        13.0766        0.00000
       6        16.1726        0.00000
       7        19.8251        0.00000
       8        20.8975        0.00000
       9        23.1509        0.00000
      10        27.2100        0.00000
      11        31.4232        0.00000
      12        32.9015        0.00000
      13        33.8357        0.00000
      14        36.6022        0.00000

 473/595 kpoint (Cartesian) = 0.049518 0.11436 0.050539 (2421 pws)
       1       -3.83608     0.00364133
       2        4.36821     0.00364133
       3        6.60173     0.00364133
       4        7.69262     0.00364133
       5        14.3413        0.00000
       6        17.1743        0.00000
       7        18.3588        0.00000
       8        19.7224        0.00000
       9        22.8113        0.00000
      10        26.4508        0.00000
      11        31.0104        0.00000
      12        32.0780        0.00000
      13        33.7139        0.00000
      14        35.7542        0.00000

 474/595 kpoint (Cartesian) = 0.074277 0.10006 0.040431 (2423 pws)
       1       -3.95342     0.00364133
       2        3.80581     0.00364133
       3        7.12630     0.00364133
       4        8.34079     0.00364133
       5        15.3796        0.00000
       6        16.9412        0.00000
       7        18.2509        0.00000
       8        18.9997        0.00000
       9        22.8091        0.00000
      10        25.7203        0.00000
      11        30.3451        0.00000
      12        31.7243        0.00000
      13        33.6457        0.00000
      14        35.3638        0.00000

 475/595 kpoint (Cartesian) = 0.099036 0.085767 0.030323 (2423 pws)
       1       -3.86346     0.00364133
       2        3.16711     0.00364133
       3        7.70941     0.00364133
       4        8.58995     0.00364133
       5        15.2616        0.00000
       6        17.2088        0.00000
       7        17.2655        0.00000
       8        19.8096        0.00000
       9        23.4851        0.00000
      10        25.4346        0.00000
      11        30.0093        0.00000
      12        31.9295        0.00000
      13        33.8086        0.00000
      14        34.4496        0.00000

 476/595 kpoint (Cartesian) = 0.12379 0.071473 0.020216 (2421 pws)
       1       -3.57343     0.00364133
       2        2.64451     0.00364133
       3        8.05790     0.00364133
       4        8.11708     0.00364133
       5        15.0420        0.00000
       6        16.8686        0.00000
       7        17.6726        0.00000
       8        19.7955        0.00000
       9        24.0321        0.00000
      10        26.2099        0.00000
      11        29.9910        0.00000
      12        32.3871        0.00000
      13        32.5562        0.00000
      14        34.7282        0.00000

 477/595 kpoint (Cartesian) = 0.14855 0.057178 0.010108 (2417 pws)
       1       -3.10141     0.00364133
       2        2.30418     0.00364133
       3        6.99959     0.00364133
       4        8.00863     0.00364133
       5        15.1767        0.00000
       6        16.6407        0.00000
       7        18.1772        0.00000
       8        19.7750        0.00000
       9        23.8073        0.00000
      10        26.4339        0.00000
      11        30.5371        0.00000
      12        31.7323        0.00000
      13        33.3226        0.00000
      14        35.2376        0.00000

 478/595 kpoint (Cartesian) = -0.14855 0.20012 0.17183 (2415 pws)
       1       -2.48514     0.00364133
       2        2.16939     0.00364133
       3        5.63287     0.00364133
       4        7.60593     0.00364133
       5        14.9354        0.00000
       6        16.9082        0.00000
       7        19.2095        0.00000
       8        19.8818        0.00000
       9        23.3199        0.00000
      10        25.5482        0.00000
      11        31.0687        0.00000
      12        32.5379        0.00000
      13        34.6522        0.00000
      14        35.9625        0.00000

 479/595 kpoint (Cartesian) = -0.12379 0.21442 0.12129 (2412 pws)
       1       -1.80492     0.00364133
       2        2.21037     0.00364133
       3        4.36693     0.00364133
       4        7.07926     0.00364133
       5        14.2078        0.00000
       6        17.8884        0.00000
       7        19.7900        0.00000
       8        20.6037        0.00000
       9        22.5099        0.00000
      10        25.0250        0.00000
      11        31.6240        0.00000
      12        33.5183        0.00000
      13        35.3566        0.00000
      14        37.2491        0.00000

 480/595 kpoint (Cartesian) = -0.099036 0.20012 0.11119 (2403 pws)
       1       -1.24075     0.00364133
       2        2.19066     0.00364133
       3        3.73065     0.00364133
       4        6.60032     0.00364133
       5        13.5094        0.00000
       6        18.1450        0.00000
       7        20.2044        0.00000
       8        21.2887        0.00000
       9        22.2327        0.00000
      10        25.5467        0.00000
      11        31.6880        0.00000
      12        34.3018        0.00000
      13        35.6945        0.00000
      14        37.8295        0.00000

 481/595 kpoint (Cartesian) = -0.074277 0.18583 0.10108 (2402 pws)
       1       -1.13919     0.00364133
       2        2.06318     0.00364133
       3        4.13870     0.00364133
       4        6.25998     0.00364133
       5        12.9342        0.00000
       6        17.0982        0.00000
       7        20.5213        0.00000
       8        22.2354        0.00000
       9        22.7427        0.00000
      10        26.7312        0.00000
      11        31.3519        0.00000
      12        34.1888        0.00000
      13        35.9843        0.00000
      14        37.6904        0.00000

 482/595 kpoint (Cartesian) = -0.049518 0.17153 0.090970 (2413 pws)
       1       -1.63010     0.00364133
       2        2.40567     0.00364133
       3        5.06954     0.00364133
       4        6.10777     0.00364133
       5        12.4436        0.00000
       6        15.9560        0.00000
       7        20.8146        0.00000
       8        22.5879        0.00000
       9        23.7126        0.00000
      10        27.7813        0.00000
      11        31.1203        0.00000
      12        33.6761        0.00000
      13        35.2708        0.00000
      14        37.9679        0.00000

 483/595 kpoint (Cartesian) = -0.024759 0.15724 0.080862 (2411 pws)
       1       -2.34169     0.00364133
       2        3.07699     0.00364133
       3        5.99251     0.00364133
       4        6.23392     0.00364133
       5        12.0593        0.00000
       6        15.4159        0.00000
       7        21.1384        0.00000
       8        22.3409        0.00000
       9        24.1040        0.00000
      10        28.1786        0.00000
      11        31.3722        0.00000
      12        33.2279        0.00000
      13        34.2417        0.00000
      14        38.4161        0.00000

 484/595 kpoint (Cartesian) = 0.0000 0.17153 0.060647 (2414 pws)
       1       -2.24347     0.00364133
       2        2.89161     0.00364133
       3        5.43069     0.00364133
       4        6.64612     0.00364133
       5        12.3384        0.00000
       6        16.0181        0.00000
       7        21.0121        0.00000
       8        21.4086        0.00000
       9        24.1319        0.00000
      10        27.9264        0.00000
      11        31.4623        0.00000
      12        32.6531        0.00000
      13        34.9926        0.00000
      14        37.2742        0.00000

 485/595 kpoint (Cartesian) = 0.024759 0.15724 0.050539 (2410 pws)
       1       -2.76872     0.00364133
       2        3.39818     0.00364133
       3        5.76817     0.00364133
       4        6.71596     0.00364133
       5        13.1698        0.00000
       6        16.4566        0.00000
       7        19.4955        0.00000
       8        21.2272        0.00000
       9        23.6953        0.00000
      10        27.5017        0.00000
      11        31.2084        0.00000
      12        32.9493        0.00000
      13        34.6459        0.00000
      14        36.5694        0.00000

 486/595 kpoint (Cartesian) = 0.049518 0.14295 0.040431 (2419 pws)
       1       -3.13534     0.00364133
       2        3.70044     0.00364133
       3        5.57556     0.00364133
       4        7.30167     0.00364133
       5        14.4279        0.00000
       6        17.3436        0.00000
       7        17.9515        0.00000
       8        20.5265        0.00000
       9        23.0731        0.00000
      10        26.5441        0.00000
      11        30.9869        0.00000
      12        32.6331        0.00000
      13        35.0610        0.00000
      14        35.7281        0.00000

 487/595 kpoint (Cartesian) = 0.074277 0.12865 0.030323 (2419 pws)
       1       -3.31594     0.00364133
       2        3.43567     0.00364133
       3        5.74856     0.00364133
       4        8.02816     0.00364133
       5        15.3663        0.00000
       6        16.9987        0.00000
       7        18.6662        0.00000
       8        19.2664        0.00000
       9        22.6573        0.00000
      10        25.7591        0.00000
      11        30.6364        0.00000
      12        32.2678        0.00000
      13        34.8414        0.00000
      14        35.6445        0.00000

 488/595 kpoint (Cartesian) = 0.099036 0.11436 0.020216 (2416 pws)
       1       -3.30254     0.00364133
       2        2.84480     0.00364133
       3        6.35970     0.00364133
       4        8.35141     0.00364133
       5        15.4480        0.00000
       6        17.1220        0.00000
       7        17.8006        0.00000
       8        19.8696        0.00000
       9        22.9435        0.00000
      10        25.5176        0.00000
      11        30.4607        0.00000
      12        32.0535        0.00000
      13        34.6972        0.00000
      14        34.9230        0.00000

 489/595 kpoint (Cartesian) = 0.12379 0.10006 0.010108 (2417 pws)
       1       -3.10052     0.00364133
       2        2.30224     0.00364133
       3        6.96818     0.00364133
       4        8.04735     0.00364133
       5        15.1743        0.00000
       6        16.6663        0.00000
       7        18.1290        0.00000
       8        19.7855        0.00000
       9        23.8226        0.00000
      10        26.4220        0.00000
      11        30.5413        0.00000
      12        31.7398        0.00000
      13        33.3094        0.00000
      14        35.2387        0.00000

 490/595 kpoint (Cartesian) = 0.14855 0.085767 0.0000 (2413 pws)
       1       -2.72936     0.00364133
       2        1.93748     0.00364133
       3        6.89136     0.00364133
       4        7.60732     0.00364133
       5        14.5034        0.00000
       6        17.1892        0.00000
       7        18.4317        0.00000
       8        19.6287        0.00000
       9        24.1527        0.00000
      10        27.3938        0.00000
      11        30.6220        0.00000
      12        31.7655        0.00000
      13        32.5811        0.00000
      14        35.7961        0.00000

 491/595 kpoint (Cartesian) = -0.14855 0.25730 0.12129 (2413 pws)
       1       -2.22900     0.00364133
       2        1.80123     0.00364133
       3        5.94821     0.00364133
       4        7.22503     0.00364133
       5        14.3846        0.00000
       6        17.1300        0.00000
       7        19.2727        0.00000
       8        19.8622        0.00000
       9        23.6587        0.00000
      10        26.7909        0.00000
      11        31.3340        0.00000
      12        31.8801        0.00000
      13        33.9000        0.00000
      14        36.3611        0.00000

 492/595 kpoint (Cartesian) = -0.12379 0.24301 0.11119 (2415 pws)
       1       -1.67046     0.00364133
       2        1.90572     0.00364133
       3        4.90341     0.00364133
       4        6.52415     0.00364133
       5        14.5601        0.00000
       6        17.1988        0.00000
       7        19.4839        0.00000
       8        20.9874        0.00000
       9        22.4001        0.00000
      10        26.4719        0.00000
      11        31.3795        0.00000
      12        33.0003        0.00000
      13        35.4650        0.00000
      14        37.1136        0.00000

 493/595 kpoint (Cartesian) = -0.099036 0.22871 0.10108 (2419 pws)
       1       -1.16917     0.00364133
       2        2.13354     0.00364133
       3        4.12065     0.00364133
       4        5.82399     0.00364133
       5        14.3426        0.00000
       6        17.9292        0.00000
       7        19.4378        0.00000
       8        20.6595        0.00000
       9        22.6340        0.00000
      10        26.7987        0.00000
      11        31.0979        0.00000
      12        34.2380        0.00000
      13        36.1513        0.00000
      14        37.9299        0.00000

 494/595 kpoint (Cartesian) = -0.074277 0.21442 0.090970 (2412 pws)
       1      -0.906459     0.00364133
       2        2.10269     0.00364133
       3        4.19813     0.00364133
       4        5.32499     0.00364133
       5        13.8247        0.00000
       6        17.4961        0.00000
       7        19.8899        0.00000
       8        20.8519        0.00000
       9        23.2713        0.00000
      10        27.5500        0.00000
      11        30.6297        0.00000
      12        34.8608        0.00000
      13        36.0793        0.00000
      14        38.6039        0.00000

 495/595 kpoint (Cartesian) = -0.049518 0.20012 0.080862 (2418 pws)
       1       -1.08722     0.00364133
       2        2.07344     0.00364133
       3        4.92546     0.00364133
       4        5.21481     0.00364133
       5        13.1357        0.00000
       6        16.4469        0.00000
       7        20.3766        0.00000
       8        22.3102        0.00000
       9        23.2987        0.00000
      10        27.9207        0.00000
      11        30.5639        0.00000
      12        34.7389        0.00000
      13        35.4902        0.00000
      14        38.7993        0.00000

 496/595 kpoint (Cartesian) = -0.024759 0.18583 0.070755 (2413 pws)
       1       -1.62773     0.00364133
       2        2.39291     0.00364133
       3        5.09111     0.00364133
       4        6.09750     0.00364133
       5        12.4427        0.00000
       6        15.9587        0.00000
       7        20.8053        0.00000
       8        22.6195        0.00000
       9        23.7056        0.00000
      10        27.7665        0.00000
      11        31.1101        0.00000
      12        33.6496        0.00000
      13        35.2606        0.00000
      14        37.9892        0.00000

 497/595 kpoint (Cartesian) = 0.0000 -0.11436 0.22237 (2410 pws)
       1       -1.54624     0.00364133
       2        2.14822     0.00364133
       3        4.53803     0.00364133
       4        6.76473     0.00364133
       5        12.6567        0.00000
       6        17.0956        0.00000
       7        20.8888        0.00000
       8        21.0817        0.00000
       9        23.6738        0.00000
      10        26.6302        0.00000
      11        31.6239        0.00000
      12        33.4108        0.00000
      13        35.3367        0.00000
      14        37.2966        0.00000

 498/595 kpoint (Cartesian) = -0.024759 -0.10006 0.23248 (2415 pws)
       1       -1.98392     0.00364133
       2        2.40225     0.00364133
       3        5.08530     0.00364133
       4        6.61688     0.00364133
       5        13.3942        0.00000
       6        17.2935        0.00000
       7        19.3130        0.00000
       8        21.1822        0.00000
       9        23.5039        0.00000
      10        27.1465        0.00000
      11        31.3049        0.00000
      12        33.0325        0.00000
      13        35.0375        0.00000
      14        37.0180        0.00000

 499/595 kpoint (Cartesian) = -0.049518 -0.085767 0.24259 (2423 pws)
       1       -2.33703     0.00364133
       2        2.75794     0.00364133
       3        5.02860     0.00364133
       4        6.84623     0.00364133
       5        14.5324        0.00000
       6        17.3943        0.00000
       7        18.3666        0.00000
       8        20.9090        0.00000
       9        23.0851        0.00000
      10        26.2871        0.00000
      11        31.3303        0.00000
      12        32.9419        0.00000
      13        35.4060        0.00000
      14        36.5231        0.00000

 500/595 kpoint (Cartesian) = 0.074277 -0.21442 0.15162 (2414 pws)
       1       -2.54886     0.00364133
       2        2.97686     0.00364133
       3        4.65494     0.00364133
       4        7.56118     0.00364133
       5        14.8338        0.00000
       6        17.5433        0.00000
       7        19.0410        0.00000
       8        20.0357        0.00000
       9        22.7415        0.00000
      10        25.0324        0.00000
      11        31.1544        0.00000
      12        33.1234        0.00000
      13        35.5187        0.00000
      14        36.4298        0.00000

 501/595 kpoint (Cartesian) = 0.099036 -0.22871 0.14151 (2409 pws)
       1       -2.59720     0.00364133
       2        2.66685     0.00364133
       3        4.94356     0.00364133
       4        7.92474     0.00364133
       5        14.6788        0.00000
       6        18.0345        0.00000
       7        18.7845        0.00000
       8        19.9794        0.00000
       9        22.8421        0.00000
      10        24.5438        0.00000
      11        30.9805        0.00000
      12        33.1611        0.00000
      13        35.1682        0.00000
      14        36.2442        0.00000

 502/595 kpoint (Cartesian) = 0.12379 0.042884 -0.27291 (2415 pws)
       1       -2.48290     0.00364133
       2        2.16530     0.00364133
       3        5.60828     0.00364133
       4        7.63989     0.00364133
       5        14.9508        0.00000
       6        16.9019        0.00000
       7        19.1680        0.00000
       8        19.8922        0.00000
       9        23.3284        0.00000
      10        25.5530        0.00000
      11        31.0898        0.00000
      12        32.5308        0.00000
      13        34.6161        0.00000
      14        35.9758        0.00000

 503/595 kpoint (Cartesian) = 0.14855 -0.25730 0.12129 (2413 pws)
       1       -2.22788     0.00364133
       2        1.79995     0.00364133
       3        5.92468     0.00364133
       4        7.25318     0.00364133
       5        14.3836        0.00000
       6        17.1410        0.00000
       7        19.2725        0.00000
       8        19.8362        0.00000
       9        23.6508        0.00000
      10        26.8105        0.00000
      11        31.3497        0.00000
      12        31.8748        0.00000
      13        33.8920        0.00000
      14        36.3584        0.00000

 504/595 kpoint (Cartesian) = 0.14855 -0.20012 0.16172 (2411 pws)
       1       -1.87833     0.00364133
       2        1.67678     0.00364133
       3        5.34086     0.00364133
       4        7.25103     0.00364133
       5        13.6335        0.00000
       6        17.9344        0.00000
       7        19.5094        0.00000
       8        19.9617        0.00000
       9        23.7992        0.00000
      10        26.3102        0.00000
      11        31.4451        0.00000
      12        33.0099        0.00000
      13        33.6267        0.00000
      14        36.9168        0.00000

 505/595 kpoint (Cartesian) = 0.12379 -0.18583 0.17183 (2411 pws)
       1       -1.50149     0.00364133
       2        1.82376     0.00364133
       3        4.58835     0.00364133
       4        6.76280     0.00364133
       5        13.7429        0.00000
       6        17.8735        0.00000
       7        19.6249        0.00000
       8        21.0554        0.00000
       9        22.6758        0.00000
      10        26.1256        0.00000
      11        31.5449        0.00000
      12        33.4218        0.00000
      13        35.1059        0.00000
      14        37.4154        0.00000

 506/595 kpoint (Cartesian) = 0.099036 0.11436 -0.22237 (2419 pws)
       1       -1.16672     0.00364133
       2        2.12953     0.00364133
       3        4.10962     0.00364133
       4        5.83809     0.00364133
       5        14.3522        0.00000
       6        17.9136        0.00000
       7        19.4392        0.00000
       8        20.6599        0.00000
       9        22.6357        0.00000
      10        26.7988        0.00000
      11        31.1042        0.00000
      12        34.2278        0.00000
      13        36.1426        0.00000
      14        37.9405        0.00000

 507/595 kpoint (Cartesian) = 0.074277 0.12865 -0.21226 (2413 pws)
       1      -0.938818     0.00364133
       2        2.23266     0.00364133
       3        4.23147     0.00364133
       4        5.01588     0.00364133
       5        14.4890        0.00000
       6        18.4539        0.00000
       7        18.7230        0.00000
       8        20.1892        0.00000
       9        23.2905        0.00000
      10        27.6245        0.00000
      11        30.5149        0.00000
      12        34.9167        0.00000
      13        36.1780        0.00000
      14        38.7279        0.00000

 508/595 kpoint (Cartesian) = 0.049518 -0.14295 0.20216 (2412 pws)
       1      -0.906474     0.00364133
       2        2.10290     0.00364133
       3        4.19744     0.00364133
       4        5.32554     0.00364133
       5        13.8243        0.00000
       6        17.4966        0.00000
       7        19.8901        0.00000
       8        20.8512        0.00000
       9        23.2715        0.00000
      10        27.5509        0.00000
      11        30.6287        0.00000
      12        34.8636        0.00000
      13        36.0768        0.00000
      14        38.6036        0.00000

 509/595 kpoint (Cartesian) = 0.024759 -0.12865 0.21226 (2402 pws)
       1       -1.13528     0.00364133
       2        2.04529     0.00364133
       3        4.15828     0.00364133
       4        6.25494     0.00364133
       5        12.9331        0.00000
       6        17.1043        0.00000
       7        20.5045        0.00000
       8        22.2570        0.00000
       9        22.7551        0.00000
      10        26.7106        0.00000
      11        31.3442        0.00000
      12        34.1696        0.00000
      13        35.9659        0.00000
      14        37.7029        0.00000

 510/595 kpoint (Cartesian) = 0.0000 -0.11436 0.19205 (2409 pws)
       1       -1.35750     0.00364133
       2        2.01602     0.00364133
       3        3.94881     0.00364133
       4        7.03743     0.00364133
       5        13.1323        0.00000
       6        18.2114        0.00000
       7        20.5825        0.00000
       8        20.9067        0.00000
       9        22.9064        0.00000
      10        24.8396        0.00000
      11        31.8646        0.00000
      12        34.4288        0.00000
      13        34.8536        0.00000
      14        37.7097        0.00000

 511/595 kpoint (Cartesian) = -0.024759 -0.10006 0.20216 (2411 pws)
       1       -1.51076     0.00364133
       2        1.85455     0.00364133
       3        4.56936     0.00364133
       4        6.75811     0.00364133
       5        13.7256        0.00000
       6        17.8771        0.00000
       7        19.6835        0.00000
       8        20.9922        0.00000
       9        22.6510        0.00000
      10        26.1688        0.00000
      11        31.5351        0.00000
      12        33.4526        0.00000
      13        35.1747        0.00000
      14        37.3988        0.00000

 512/595 kpoint (Cartesian) = 0.049518 0.085767 -0.21226 (2415 pws)
       1       -1.67592     0.00364133
       2        1.93217     0.00364133
       3        4.85475     0.00364133
       4        6.55369     0.00364133
       5        14.5605        0.00000
       6        17.1764        0.00000
       7        19.5408        0.00000
       8        20.9111        0.00000
       9        22.3953        0.00000
      10        26.5126        0.00000
      11        31.3960        0.00000
      12        33.0093        0.00000
      13        35.5157        0.00000
      14        37.1181        0.00000

 513/595 kpoint (Cartesian) = 0.074277 0.071473 -0.22237 (2412 pws)
       1       -1.80476     0.00364133
       2        2.22398     0.00364133
       3        4.32901     0.00364133
       4        7.10833     0.00364133
       5        14.2263        0.00000
       6        17.8467        0.00000
       7        19.8139        0.00000
       8        20.5709        0.00000
       9        22.5102        0.00000
      10        25.0519        0.00000
      11        31.6425        0.00000
      12        33.5123        0.00000
      13        35.3430        0.00000
      14        37.2938        0.00000

 514/595 kpoint (Cartesian) = 0.099036 0.057178 -0.23248 (2407 pws)
       1       -1.85201     0.00364133
       2        2.43858     0.00364133
       3        3.96492     0.00364133
       4        7.45935     0.00364133
       5        13.8267        0.00000
       6        18.6214        0.00000
       7        19.8157        0.00000
       8        20.4719        0.00000
       9        23.2346        0.00000
      10        23.4472        0.00000
      11        31.6931        0.00000
      12        34.0418        0.00000
      13        35.0290        0.00000
      14        37.5125        0.00000

 515/595 kpoint (Cartesian) = 0.12379 -0.21442 0.12129 (2412 pws)
       1       -1.80058     0.00364133
       2        2.20226     0.00364133
       3        4.34907     0.00364133
       4        7.10706     0.00364133
       5        14.2256        0.00000
       6        17.8660        0.00000
       7        19.8000        0.00000
       8        20.5798        0.00000
       9        22.5044        0.00000
      10        25.0422        0.00000
      11        31.6553        0.00000
      12        33.4989        0.00000
      13        35.3129        0.00000
      14        37.2673        0.00000

 516/595 kpoint (Cartesian) = 0.14855 -0.22871 0.11119 (2415 pws)
       1       -1.66799     0.00364133
       2        1.90347     0.00364133
       3        4.87674     0.00364133
       4        6.55512     0.00364133
       5        14.5680        0.00000
       6        17.1908        0.00000
       7        19.5084        0.00000
       8        20.9402        0.00000
       9        22.3908        0.00000
      10        26.4984        0.00000
      11        31.4053        0.00000
      12        32.9873        0.00000
      13        35.4545        0.00000
      14        37.1116        0.00000

 517/595 kpoint (Cartesian) = 0.14855 -0.20012 0.13140 (2411 pws)
       1       -1.50057     0.00364133
       2        1.82360     0.00364133
       3        4.57885     0.00364133
       4        6.77378     0.00364133
       5        13.7422        0.00000
       6        17.8725        0.00000
       7        19.6564        0.00000
       8        21.0162        0.00000
       9        22.6556        0.00000
      10        26.1533        0.00000
      11        31.5605        0.00000
      12        33.4077        0.00000
      13        35.1146        0.00000
      14        37.4062        0.00000

 518/595 kpoint (Cartesian) = 0.12379 -0.18583 0.14151 (2409 pws)
       1       -1.34771     0.00364133
       2        1.98754     0.00364133
       3        3.95107     0.00364133
       4        7.05943     0.00364133
       5        13.1496        0.00000
       6        18.1918        0.00000
       7        20.5735        0.00000
       8        20.9183        0.00000
       9        22.9010        0.00000
      10        24.8409        0.00000
      11        31.9022        0.00000
      12        34.3444        0.00000
      13        34.8343        0.00000
      14        37.7282        0.00000

 519/595 kpoint (Cartesian) = 0.099036 0.085767 -0.21226 (2403 pws)
       1       -1.23392     0.00364133
       2        2.17428     0.00364133
       3        3.72209     0.00364133
       4        6.62285     0.00364133
       5        13.5253        0.00000
       6        18.1226        0.00000
       7        20.2060        0.00000
       8        21.2857        0.00000
       9        22.2303        0.00000
      10        25.5535        0.00000
      11        31.7103        0.00000
      12        34.2629        0.00000
      13        35.6666        0.00000
      14        37.8559        0.00000

 520/595 kpoint (Cartesian) = 0.074277 -0.15724 0.16172 (2419 pws)
       1       -1.17080     0.00364133
       2        2.15229     0.00364133
       3        4.07916     0.00364133
       4        5.84998     0.00364133
       5        14.3534        0.00000
       6        17.8847        0.00000
       7        19.5012        0.00000
       8        20.6215        0.00000
       9        22.6149        0.00000
      10        26.8228        0.00000
      11        31.1126        0.00000
      12        34.2393        0.00000
      13        36.1650        0.00000
      14        37.9334        0.00000

 521/595 kpoint (Cartesian) = 0.049518 -0.14295 0.17183 (2419 pws)
       1       -1.17324     0.00364133
       2        2.15646     0.00364133
       3        4.08949     0.00364133
       4        5.83646     0.00364133
       5        14.3433        0.00000
       6        17.9008        0.00000
       7        19.5003        0.00000
       8        20.6202        0.00000
       9        22.6135        0.00000
      10        26.8234        0.00000
      11        31.1056        0.00000
      12        34.2503        0.00000
      13        36.1743        0.00000
      14        37.9219        0.00000

 522/595 kpoint (Cartesian) = 0.024759 -0.12865 0.18194 (2403 pws)
       1       -1.24077     0.00364133
       2        2.19117     0.00364133
       3        3.72977     0.00364133
       4        6.60091     0.00364133
       5        13.5085        0.00000
       6        18.1462        0.00000
       7        20.2048        0.00000
       8        21.2872        0.00000
       9        22.2328        0.00000
      10        25.5484        0.00000
      11        31.6870        0.00000
      12        34.3018        0.00000
      13        35.6967        0.00000
      14        37.8281        0.00000

 523/595 kpoint (Cartesian) = 0.0000 -0.11436 0.16172 (2407 pws)
       1       -1.85840     0.00182066
       2        2.46143     0.00182066
       3        3.96612     0.00182066
       4        7.43479     0.00182066
       5        13.8070        0.00000
       6        18.6455        0.00000
       7        19.8432        0.00000
       8        20.4451        0.00000
       9        23.2486        0.00000
      10        23.4361        0.00000
      11        31.6542        0.00000
      12        34.0601        0.00000
      13        35.1020        0.00000
      14        37.5059        0.00000

 524/595 kpoint (Cartesian) = 0.024759 -0.12865 0.15162 (2412 pws)
       1       -1.80897     0.00364133
       2        2.23414     0.00364133
       3        4.34022     0.00364133
       4        7.08622     0.00364133
       5        14.2079        0.00000
       6        17.8723        0.00000
       7        19.8230        0.00000
       8        20.5644        0.00000
       9        22.5013        0.00000
      10        25.0588        0.00000
      11        31.6152        0.00000
      12        33.5270        0.00000
      13        35.3875        0.00000
      14        37.2831        0.00000

 525/595 kpoint (Cartesian) = 0.049518 0.085767 -0.18194 (2415 pws)
       1       -1.67773     0.00364133
       2        1.93758     0.00364133
       3        4.85595     0.00364133
       4        6.54709     0.00364133
       5        14.5631        0.00000
       6        17.1720        0.00000
       7        19.5308        0.00000
       8        20.9260        0.00000
       9        22.3916        0.00000
      10        26.5204        0.00000
      11        31.3887        0.00000
      12        33.0094        0.00000
      13        35.5118        0.00000
      14        37.1475        0.00000

 526/595 kpoint (Cartesian) = 0.074277 0.071473 -0.19205 (2411 pws)
       1       -1.50974     0.00364133
       2        1.85692     0.00364133
       3        4.55037     0.00364133
       4        6.77524     0.00364133
       5        13.7441        0.00000
       6        17.8450        0.00000
       7        19.6691        0.00000
       8        21.0113        0.00000
       9        22.6567        0.00000
      10        26.1744        0.00000
      11        31.5464        0.00000
      12        33.4422        0.00000
      13        35.1446        0.00000
      14        37.4503        0.00000

 527/595 kpoint (Cartesian) = 0.099036 0.057178 -0.20216 (2409 pws)
       1       -1.35334     0.00364133
       2        2.01281     0.00364133
       3        3.92902     0.00364133
       4        7.06040     0.00364133
       5        13.1508        0.00000
       6        18.1796        0.00000
       7        20.5534        0.00000
       8        20.9400        0.00000
       9        22.8944        0.00000
      10        24.8596        0.00000
      11        31.8900        0.00000
      12        34.3825        0.00000
      13        34.8378        0.00000
      14        37.7562        0.00000

 528/595 kpoint (Cartesian) = 0.12379 -0.18583 0.11119 (2403 pws)
       1       -1.23393     0.00364133
       2        2.17437     0.00364133
       3        3.72200     0.00364133
       4        6.62282     0.00364133
       5        13.5253        0.00000
       6        18.1227        0.00000
       7        20.2061        0.00000
       8        21.2860        0.00000
       9        22.2296        0.00000
      10        25.5539        0.00000
      11        31.7105        0.00000
      12        34.2612        0.00000
      13        35.6684        0.00000
      14        37.8561        0.00000

 529/595 kpoint (Cartesian) = 0.14855 -0.20012 0.10108 (2419 pws)
       1       -1.16559     0.00364133
       2        2.13002     0.00364133
       3        4.09713     0.00364133
       4        5.85038     0.00364133
       5        14.3542        0.00000
       6        17.9059        0.00000
       7        19.4692        0.00000
       8        20.6324        0.00000
       9        22.6212        0.00000
      10        26.8146        0.00000
      11        31.1151        0.00000
      12        34.2147        0.00000
      13        36.1567        0.00000
      14        37.9294        0.00000

 530/595 kpoint (Cartesian) = 0.0000 0.14295 0.10108 (2413 pws)
       1       -2.44661     0.00182066
       2        3.12595     0.00182066
       3        6.43276     0.00182066
       4        6.43345     0.00182066
       5        11.3757        0.00000
       6        14.9789        0.00000
       7        22.3651        0.00000
       8        22.3651        0.00000
       9        24.2568        0.00000
      10        28.4938        0.00000
      11        32.6105        0.00000
      12        32.6291        0.00000
      13        32.6927        0.00000
      14        40.9223        0.00000

 531/595 kpoint (Cartesian) = 0.024759 0.12865 0.090970 (2411 pws)
       1       -3.00183     0.00182066
       2        3.80805     0.00182066
       3        6.37815     0.00182066
       4        6.69107     0.00182066
       5        12.1745        0.00000
       6        15.5624        0.00000
       7        21.2275        0.00000
       8        21.4841        0.00000
       9        23.7108        0.00000
      10        27.8645        0.00000
      11        31.8417        0.00000
      12        32.7586        0.00000
      13        33.8232        0.00000
      14        38.2387        0.00000

 532/595 kpoint (Cartesian) = 0.049518 0.11436 0.080862 (2413 pws)
       1       -3.38773     0.00182066
       2        3.88831     0.00182066
       3        6.56893     0.00182066
       4        7.08795     0.00182066
       5        13.3607        0.00000
       6        16.6861        0.00000
       7        19.5139        0.00000
       8        20.1677        0.00000
       9        23.4528        0.00000
      10        27.3184        0.00000
      11        31.2400        0.00000
      12        32.5762        0.00000
      13        33.5420        0.00000
      14        36.4141        0.00000

 533/595 kpoint (Cartesian) = 0.074277 0.10006 0.070755 (2427 pws)
       1       -3.58021     0.00182066
       2        3.32281     0.00182066
       3        7.35022     0.00182066
       4        7.56953     0.00182066
       5        14.5407        0.00000
       6        17.3884        0.00000
       7        18.7045        0.00000
       8        18.7999        0.00000
       9        23.4220        0.00000
      10        26.7678        0.00000
      11        30.4528        0.00000
      12        32.4597        0.00000
      13        32.4843        0.00000
      14        35.9087        0.00000

 534/595 kpoint (Cartesian) = 0.099036 0.085767 0.060647 (2421 pws)
       1       -3.57301     0.00182066
       2        2.64231     0.00182066
       3        8.03332     0.00182066
       4        8.14575     0.00182066
       5        15.0399        0.00000
       6        16.8289        0.00000
       7        17.7152        0.00000
       8        19.8046        0.00000
       9        24.0394        0.00000
      10        26.1715        0.00000
      11        29.9855        0.00000
      12        32.3944        0.00000
      13        32.5954        0.00000
      14        34.6846        0.00000

 535/595 kpoint (Cartesian) = 0.12379 0.071473 0.050539 (2428 pws)
       1       -3.37234     0.00182066
       2        2.07928     0.00182066
       3        8.32237     0.00182066
       4        8.36902     0.00182066
       5        14.7425        0.00000
       6        17.0866        0.00000
       7        17.1536        0.00000
       8        20.2842        0.00000
       9        25.5541        0.00000
      10        25.6002        0.00000
      11        30.1826        0.00000
      12        32.7819        0.00000
      13        32.9111        0.00000
      14        32.9509        0.00000

 536/595 kpoint (Cartesian) = 0.14855 0.057178 0.040431 (2423 pws)
       1       -2.99787     0.00182066
       2        1.71444     0.00182066
       3        7.67342     0.00182066
       4        8.30073     0.00182066
       5        15.0044        0.00000
       6        16.8844        0.00000
       7        17.2395        0.00000
       8        20.3419        0.00000
       9        24.9480        0.00000
      10        26.3513        0.00000
      11        30.4621        0.00000
      12        31.6533        0.00000
      13        33.4239        0.00000
      14        33.4610        0.00000

 537/595 kpoint (Cartesian) = -0.14855 0.22871 0.16172 (2414 pws)
       1       -2.48570     0.00182066
       2        1.59039     0.00182066
       3        6.39825     0.00182066
       4        7.98080     0.00182066
       5        14.9381        0.00000
       6        17.0196        0.00000
       7        17.9726        0.00000
       8        20.4686        0.00000
       9        24.5083        0.00000
      10        25.1998        0.00000
      11        30.8174        0.00000
      12        32.4354        0.00000
      13        33.9124        0.00000
      14        34.7646        0.00000

 538/595 kpoint (Cartesian) = -0.12379 0.21442 0.15162 (2411 pws)
       1       -1.90116     0.00182066
       2        1.72054     0.00182066
       3        5.02480     0.00182066
       4        7.50925     0.00182066
       5        14.0292        0.00000
       6        18.0852        0.00000
       7        19.2001        0.00000
       8        20.4484        0.00000
       9        23.7551        0.00000
      10        24.4154        0.00000
      11        31.4597        0.00000
      12        33.4923        0.00000
      13        34.2958        0.00000
      14        36.6725        0.00000

 539/595 kpoint (Cartesian) = -0.099036 0.20012 0.14151 (2409 pws)
       1       -1.35188     0.00182066
       2        1.99059     0.00182066
       3        3.97141     0.00182066
       4        7.03582     0.00182066
       5        13.1322        0.00000
       6        18.2223        0.00000
       7        20.6041        0.00000
       8        20.8839        0.00000
       9        22.9153        0.00000
      10        24.8175        0.00000
      11        31.8779        0.00000
      12        34.3963        0.00000
      13        34.8415        0.00000
      14        37.6842        0.00000

 540/595 kpoint (Cartesian) = -0.074277 0.18583 0.13140 (2408 pws)
       1       -1.02794     0.00182066
       2        1.94005     0.00182066
       3        3.94441     0.00182066
       4        6.65435     0.00182066
       5        12.4039        0.00000
       6        16.9762        0.00000
       7        21.7478        0.00000
       8        21.9604        0.00000
       9        22.9763        0.00000
      10        25.8907        0.00000
      11        31.8438        0.00000
      12        34.0338        0.00000
      13        36.0016        0.00000
      14        37.5344        0.00000

 541/595 kpoint (Cartesian) = -0.049518 0.17153 0.12129 (2413 pws)
       1       -1.19950     0.00182066
       2        1.91852     0.00182066
       3        4.82060     0.00182066
       4        6.41405     0.00182066
       5        11.8153        0.00000
       6        15.6718        0.00000
       7        22.3713        0.00000
       8        22.4058        0.00000
       9        23.9375        0.00000
      10        27.4575        0.00000
      11        31.6275        0.00000
      12        33.2202        0.00000
      13        35.3204        0.00000
      14        38.3312        0.00000

 542/595 kpoint (Cartesian) = -0.024759 0.15724 0.11119 (2414 pws)
       1       -1.78683     0.00182066
       2        2.39116     0.00182066
       3        5.85135     0.00182066
       4        6.33797     0.00182066
       5        11.3593        0.00000
       6        14.9542        0.00000
       7        22.5352        0.00000
       8        22.6337        0.00000
       9        24.5747        0.00000
      10        28.6270        0.00000
      11        31.7122        0.00000
      12        32.5131        0.00000
      13        33.9142        0.00000
      14        39.8481        0.00000

 543/595 kpoint (Cartesian) = 0.0000 0.17153 0.090970 (2414 pws)
       1       -1.78488     0.00364133
       2        2.38270     0.00364133
       3        5.86039     0.00364133
       4        6.33820     0.00364133
       5        11.3565        0.00000
       6        14.9556        0.00000
       7        22.5418        0.00000
       8        22.6503        0.00000
       9        24.5560        0.00000
      10        28.6224        0.00000
      11        31.7231        0.00000
      12        32.4758        0.00000
      13        33.8954        0.00000
      14        39.8918        0.00000

 544/595 kpoint (Cartesian) = 0.024759 0.15724 0.080862 (2411 pws)
       1       -2.33818     0.00364133
       2        3.05397     0.00364133
       3        5.99503     0.00364133
       4        6.25861     0.00364133
       5        12.0518        0.00000
       6        15.4187        0.00000
       7        21.1833        0.00000
       8        22.3280        0.00000
       9        24.0740        0.00000
      10        28.1577        0.00000
      11        31.3985        0.00000
      12        33.1742        0.00000
      13        34.1908        0.00000
      14        38.4889        0.00000

 545/595 kpoint (Cartesian) = 0.049518 0.14295 0.070755 (2410 pws)
       1       -2.76689     0.00364133
       2        3.37820     0.00364133
       3        5.80645     0.00364133
       4        6.69754     0.00364133
       5        13.1695        0.00000
       6        16.4605        0.00000
       7        19.4824        0.00000
       8        21.2724        0.00000
       9        23.6715        0.00000
      10        27.4820        0.00000
      11        31.2166        0.00000
      12        32.9159        0.00000
      13        34.6360        0.00000
      14        36.5715        0.00000

 546/595 kpoint (Cartesian) = 0.074277 0.12865 0.060647 (2415 pws)
       1       -3.02529     0.00364133
       2        2.97298     0.00364133
       3        6.24390     0.00364133
       4        7.36512     0.00364133
       5        14.3108        0.00000
       6        17.3836        0.00000
       7        18.5041        0.00000
       8        19.7555        0.00000
       9        23.5051        0.00000
      10        26.9059        0.00000
      11        30.9689        0.00000
      12        32.1183        0.00000
      13        33.7768        0.00000
      14        36.2241        0.00000

 547/595 kpoint (Cartesian) = 0.099036 0.11436 0.050539 (2417 pws)
       1       -3.10029     0.00364133
       2        2.30008     0.00364133
       3        6.98498     0.00364133
       4        8.03155     0.00364133
       5        15.1686        0.00000
       6        16.6408        0.00000
       7        18.1744        0.00000
       8        19.7908        0.00000
       9        23.8193        0.00000
      10        26.3928        0.00000
      11        30.5400        0.00000
      12        31.7385        0.00000
      13        33.3496        0.00000
      14        35.1905        0.00000

 548/595 kpoint (Cartesian) = 0.12379 0.10006 0.040431 (2423 pws)
       1       -2.99724     0.00364133
       2        1.71303     0.00364133
       3        7.64332     0.00364133
       4        8.33602     0.00364133
       5        15.0053        0.00000
       6        16.9184        0.00000
       7        17.1915        0.00000
       8        20.3514        0.00000
       9        24.9804        0.00000
      10        26.3099        0.00000
      11        30.4709        0.00000
      12        31.6570        0.00000
      13        33.3947        0.00000
      14        33.4820        0.00000

 549/595 kpoint (Cartesian) = 0.14855 0.085767 0.030323 (2417 pws)
       1       -2.73863     0.00364133
       2        1.33370     0.00364133
       3        7.85997     0.00364133
       4        8.05433     0.00364133
       5        14.8875        0.00000
       6        16.7219        0.00000
       7        17.3935        0.00000
       8        20.3360        0.00000
       9        25.3094        0.00000
      10        27.2448        0.00000
      11        30.3670        0.00000
      12        31.5365        0.00000
      13        32.2753        0.00000
      14        33.9110        0.00000

 550/595 kpoint (Cartesian) = -0.14855 0.25730 0.15162 (2420 pws)
       1       -2.36554     0.00364133
       2        1.22330     0.00364133
       3        6.95136     0.00364133
       4        7.82203     0.00364133
       5        15.0566        0.00000
       6        16.4264        0.00000
       7        18.0791        0.00000
       8        20.4066        0.00000
       9        24.6950        0.00000
      10        26.5844        0.00000
      11        30.9065        0.00000
      12        31.5507        0.00000
      13        33.1333        0.00000
      14        34.6190        0.00000

 551/595 kpoint (Cartesian) = -0.12379 0.24301 0.14151 (2413 pws)
       1       -1.93472     0.00364133
       2        1.41091     0.00364133
       3        5.73125     0.00364133
       4        7.31850     0.00364133
       5        14.5754        0.00000
       6        16.9559        0.00000
       7        19.3376        0.00000
       8        20.3568        0.00000
       9        23.4436        0.00000
      10        26.0575        0.00000
      11        31.3859        0.00000
      12        32.2139        0.00000
      13        34.3231        0.00000
      14        36.0815        0.00000

 552/595 kpoint (Cartesian) = -0.099036 0.22871 0.13140 (2411 pws)
       1       -1.50251     0.00364133
       2        1.82144     0.00364133
       3        4.60784     0.00364133
       4        6.74499     0.00364133
       5        13.7253        0.00000
       6        17.9046        0.00000
       7        19.6371        0.00000
       8        21.0398        0.00000
       9        22.6699        0.00000
      10        26.1187        0.00000
      11        31.5347        0.00000
      12        33.4324        0.00000
      13        35.1326        0.00000
      14        37.3671        0.00000

 553/595 kpoint (Cartesian) = -0.074277 0.21442 0.12129 (2402 pws)
       1       -1.12928     0.00364133
       2        2.02300     0.00364133
       3        4.17318     0.00364133
       4        6.25890     0.00364133
       5        12.9319        0.00000
       6        17.1078        0.00000
       7        20.5300        0.00000
       8        22.2301        0.00000
       9        22.7492        0.00000
      10        26.7101        0.00000
      11        31.3606        0.00000
      12        34.1240        0.00000
      13        35.9609        0.00000
      14        37.6965        0.00000

 554/595 kpoint (Cartesian) = -0.049518 0.20012 0.11119 (2408 pws)
       1      -0.968309     0.00364133
       2        1.76564     0.00364133
       3        4.81995     0.00364133
       4        5.93253     0.00364133
       5        12.1986        0.00000
       6        15.7916        0.00000
       7        21.7555        0.00000
       8        23.1028        0.00000
       9        23.2326        0.00000
      10        27.7775        0.00000
      11        30.9937        0.00000
      12        34.0275        0.00000
      13        35.3015        0.00000
      14        38.8430        0.00000

 555/595 kpoint (Cartesian) = -0.024759 0.18583 0.10108 (2417 pws)
       1       -1.23518     0.00364133
       2        1.84577     0.00364133
       3        5.76084     0.00364133
       4        5.82704     0.00364133
       5        11.5339        0.00000
       6        15.0304        0.00000
       7        22.3417        0.00000
       8        23.2752        0.00000
       9        24.2160        0.00000
      10        28.5674        0.00000
      11        31.0262        0.00000
      12        33.4134        0.00000
      13        34.1414        0.00000
      14        40.0702        0.00000

 556/595 kpoint (Cartesian) = 0.0000 -0.14295 0.23248 (2413 pws)
       1       -1.19616     0.00364133
       2        1.90732     0.00364133
       3        4.83014     0.00364133
       4        6.41422     0.00364133
       5        11.8133        0.00000
       6        15.6737        0.00000
       7        22.3680        0.00000
       8        22.4261        0.00000
       9        23.9274        0.00000
      10        27.4512        0.00000
      11        31.6317        0.00000
      12        33.1880        0.00000
      13        35.3008        0.00000
      14        38.3523        0.00000

 557/595 kpoint (Cartesian) = 0.024759 -0.18583 0.20216 (2413 pws)
       1       -1.62417     0.00364133
       2        2.37989     0.00364133
       3        5.08341     0.00364133
       4        6.11956     0.00364133
       5        12.4382        0.00000
       6        15.9599        0.00000
       7        20.8510        0.00000
       8        22.5716        0.00000
       9        23.6882        0.00000
      10        27.7742        0.00000
      11        31.1477        0.00000
      12        33.6080        0.00000
      13        35.2290        0.00000
      14        38.0016        0.00000

 558/595 kpoint (Cartesian) = 0.049518 -0.20012 0.19205 (2417 pws)
       1       -2.03723     0.00364133
       2        2.82060     0.00364133
       3        5.08881     0.00364133
       4        6.08172     0.00364133
       5        13.5575        0.00000
       6        16.7581        0.00000
       7        19.0893        0.00000
       8        22.1623        0.00000
       9        23.2525        0.00000
      10        27.1638        0.00000
      11        31.1803        0.00000
      12        33.7085        0.00000
      13        35.4743        0.00000
      14        37.0328        0.00000

 559/595 kpoint (Cartesian) = 0.074277 -0.21442 0.18194 (2423 pws)
       1       -2.33440     0.00364133
       2        2.73626     0.00364133
       3        5.06074     0.00364133
       4        6.83334     0.00364133
       5        14.5314        0.00000
       6        17.4250        0.00000
       7        18.3284        0.00000
       8        20.9544        0.00000
       9        23.0698        0.00000
      10        26.2630        0.00000
      11        31.3379        0.00000
      12        32.9243        0.00000
      13        35.3776        0.00000
      14        36.5061        0.00000

 560/595 kpoint (Cartesian) = 0.099036 -0.22871 0.17183 (2415 pws)
       1       -2.48285     0.00364133
       2        2.16312     0.00364133
       3        5.61935     0.00364133
       4        7.62934     0.00364133
       5        14.9469        0.00000
       6        16.8932        0.00000
       7        19.1851        0.00000
       8        19.9075        0.00000
       9        23.3344        0.00000
      10        25.5233        0.00000
      11        31.0932        0.00000
      12        32.5184        0.00000
      13        34.6596        0.00000
      14        35.9267        0.00000

 561/595 kpoint (Cartesian) = 0.12379 0.071473 -0.28302 (2414 pws)
       1       -2.48420     0.00364133
       2        1.58805     0.00364133
       3        6.37397     0.00364133
       4        8.01212     0.00364133
       5        14.9565        0.00000
       6        17.0183        0.00000
       7        17.9270        0.00000
       8        20.4873        0.00000
       9        24.5390        0.00000
      10        25.1755        0.00000
      11        30.8353        0.00000
      12        32.4184        0.00000
      13        33.8839        0.00000
      14        34.7887        0.00000

 562/595 kpoint (Cartesian) = 0.14855 -0.25730 0.15162 (2420 pws)
       1       -2.36483     0.00364133
       2        1.22274     0.00364133
       3        6.91853     0.00364133
       4        7.85917     0.00364133
       5        15.0584        0.00000
       6        16.4509        0.00000
       7        18.0286        0.00000
       8        20.4190        0.00000
       9        24.6835        0.00000
      10        26.6109        0.00000
      11        30.8926        0.00000
      12        31.5738        0.00000
      13        33.1069        0.00000
      14        34.6366        0.00000

 563/595 kpoint (Cartesian) = 0.14855 -0.22871 0.17183 (2419 pws)
       1       -2.16856     0.00364133
       2        1.15534     0.00364133
       3        6.56292     0.00364133
       4        7.75189     0.00364133
       5        14.6293        0.00000
       6        17.0378        0.00000
       7        18.1271        0.00000
       8        20.4126        0.00000
       9        24.6580        0.00000
      10        26.3488        0.00000
      11        30.9137        0.00000
      12        32.4925        0.00000
      13        32.5300        0.00000
      14        35.2075        0.00000

 564/595 kpoint (Cartesian) = 0.12379 -0.21442 0.18194 (2413 pws)
       1       -1.93380     0.00364133
       2        1.41015     0.00364133
       3        5.71733     0.00364133
       4        7.33439     0.00364133
       5        14.5916        0.00000
       6        16.9355        0.00000
       7        19.3179        0.00000
       8        20.3759        0.00000
       9        23.4482        0.00000
      10        26.0581        0.00000
      11        31.4074        0.00000
      12        32.1937        0.00000
      13        34.3076        0.00000
      14        36.0994        0.00000

 565/595 kpoint (Cartesian) = 0.099036 0.11436 -0.25269 (2415 pws)
       1       -1.66864     0.00364133
       2        1.90043     0.00364133
       3        4.90177     0.00364133
       4        6.53109     0.00364133
       5        14.5574        0.00000
       6        17.2031        0.00000
       7        19.4925        0.00000
       8        20.9740        0.00000
       9        22.4043        0.00000
      10        26.4639        0.00000
      11        31.3866        0.00000
      12        33.0000        0.00000
      13        35.4685        0.00000
      14        37.0855        0.00000

 566/595 kpoint (Cartesian) = 0.074277 0.12865 -0.24259 (2415 pws)
       1       -1.36939     0.00364133
       2        2.26880     0.00364133
       3        4.50797     0.00364133
       4        5.73079     0.00364133
       5        13.9984        0.00000
       6        17.5803        0.00000
       7        18.9013        0.00000
       8        21.8440        0.00000
       9        22.7227        0.00000
      10        27.1392        0.00000
      11        30.9959        0.00000
      12        34.1471        0.00000
      13        35.9926        0.00000
      14        37.7155        0.00000

 567/595 kpoint (Cartesian) = 0.049518 -0.17153 0.21226 (2418 pws)
       1       -1.08141     0.00364133
       2        2.05476     0.00364133
       3        4.92017     0.00364133
       4        5.23608     0.00364133
       5        13.1337        0.00000
       6        16.4491        0.00000
       7        20.4016        0.00000
       8        22.2827        0.00000
       9        23.2940        0.00000
      10        27.9174        0.00000
      11        30.5817        0.00000
      12        34.6894        0.00000
      13        35.4865        0.00000
      14        38.8084        0.00000

 568/595 kpoint (Cartesian) = 0.024759 -0.15724 0.22237 (2408 pws)
       1      -0.968320     0.00364133
       2        1.76574     0.00364133
       3        4.81943     0.00364133
       4        5.93306     0.00364133
       5        12.1982        0.00000
       6        15.7919        0.00000
       7        21.7556        0.00000
       8        23.1020        0.00000
       9        23.2329        0.00000
      10        27.7791        0.00000
      11        30.9920        0.00000
      12        34.0308        0.00000
      13        35.2988        0.00000
      14        38.8414        0.00000

 569/595 kpoint (Cartesian) = 0.0000 -0.14295 0.20216 (2408 pws)
       1       -1.02797     0.00182066
       2        1.94037     0.00182066
       3        3.94374     0.00182066
       4        6.65495     0.00182066
       5        12.4030        0.00000
       6        16.9769        0.00000
       7        21.7476        0.00000
       8        21.9614        0.00000
       9        22.9738        0.00000
      10        25.8936        0.00000
      11        31.8415        0.00000
      12        34.0366        0.00000
      13        36.0018        0.00000
      14        37.5318        0.00000

 570/595 kpoint (Cartesian) = 0.024759 -0.15724 0.19205 (2402 pws)
       1       -1.13325     0.00364133
       2        2.04119     0.00364133
       3        4.15256     0.00364133
       4        6.26508     0.00364133
       5        12.9315        0.00000
       6        17.1031        0.00000
       7        20.5474        0.00000
       8        22.2062        0.00000
       9        22.7371        0.00000
      10        26.7340        0.00000
      11        31.3652        0.00000
      12        34.1480        0.00000
      13        35.9774        0.00000
      14        37.6809        0.00000

 571/595 kpoint (Cartesian) = 0.049518 -0.17153 0.18194 (2415 pws)
       1       -1.37266     0.00364133
       2        2.28834     0.00364133
       3        4.47468     0.00364133
       4        5.74784     0.00364133
       5        13.9989        0.00000
       6        17.5603        0.00000
       7        18.9298        0.00000
       8        21.8241        0.00000
       9        22.7098        0.00000
      10        27.1616        0.00000
      11        31.0053        0.00000
      12        34.1629        0.00000
      13        36.0141        0.00000
      14        37.7005        0.00000

 572/595 kpoint (Cartesian) = 0.074277 -0.18583 0.17183 (2417 pws)
       1       -1.61976     0.00364133
       2        2.47108     0.00364133
       3        4.21832     0.00364133
       4        6.25566     0.00364133
       5        14.5799        0.00000
       6        17.7825        0.00000
       7        18.6823        0.00000
       8        21.3896        0.00000
       9        22.4153        0.00000
      10        26.2016        0.00000
      11        31.4141        0.00000
      12        33.8125        0.00000
      13        36.0038        0.00000
      14        37.3995        0.00000

 573/595 kpoint (Cartesian) = 0.099036 0.085767 -0.24259 (2412 pws)
       1       -1.80070     0.00364133
       2        2.20052     0.00364133
       3        4.35494     0.00364133
       4        7.10205     0.00364133
       5        14.2252        0.00000
       6        17.8637        0.00000
       7        19.7824        0.00000
       8        20.6078        0.00000
       9        22.5201        0.00000
      10        25.0185        0.00000
      11        31.6515        0.00000
      12        33.5007        0.00000
      13        35.3157        0.00000
      14        37.2591        0.00000

 574/595 kpoint (Cartesian) = 0.12379 -0.21442 0.15162 (2411 pws)
       1       -1.89846     0.00364133
       2        1.71774     0.00364133
       3        5.00349     0.00364133
       4        7.53623     0.00364133
       5        14.0494        0.00000
       6        18.0605        0.00000
       7        19.1606        0.00000
       8        20.4799        0.00000
       9        23.7371        0.00000
      10        24.4445        0.00000
      11        31.4872        0.00000
      12        33.4709        0.00000
      13        34.2606        0.00000
      14        36.7056        0.00000

 575/595 kpoint (Cartesian) = 0.14855 -0.22871 0.14151 (2413 pws)
       1       -1.93334     0.00364133
       2        1.41087     0.00364133
       3        5.70053     0.00364133
       4        7.35301     0.00364133
       5        14.5935        0.00000
       6        16.9461        0.00000
       7        19.2905        0.00000
       8        20.3772        0.00000
       9        23.4241        0.00000
      10        26.0976        0.00000
      11        31.4113        0.00000
      12        32.2005        0.00000
      13        34.2886        0.00000
      14        36.1166        0.00000

 576/595 kpoint (Cartesian) = 0.0000 0.17153 0.12129 (2430 pws)
       1       -1.29455     0.00182066
       2        1.75181     0.00182066
       3        6.19073     0.00182066
       4        6.19130     0.00182066
       5        10.7960    3.94162e-18
       6        14.5445        0.00000
       7        23.2516        0.00000
       8        23.2517        0.00000
       9        25.1490        0.00000
      10        29.3450        0.00000
      11        31.9477        0.00000
      12        31.9506        0.00000
      13        32.7644        0.00000
      14        41.9791        0.00000

 577/595 kpoint (Cartesian) = 0.024759 0.15724 0.11119 (2414 pws)
       1       -1.78294     0.00182066
       2        2.37420     0.00182066
       3        5.87060     0.00182066
       4        6.33715     0.00182066
       5        11.3541        0.00000
       6        14.9569        0.00000
       7        22.5546        0.00000
       8        22.6606        0.00000
       9        24.5378        0.00000
      10        28.6167        0.00000
      11        31.7405        0.00000
      12        32.4296        0.00000
      13        33.8805        0.00000
      14        39.9422        0.00000

 578/595 kpoint (Cartesian) = 0.049518 0.14295 0.10108 (2414 pws)
       1       -2.23956     0.00182066
       2        2.86517     0.00182066
       3        5.46020     0.00182066
       4        6.64405     0.00182066
       5        12.3348        0.00000
       6        16.0218        0.00000
       7        21.0189        0.00000
       8        21.4345        0.00000
       9        24.1099        0.00000
      10        27.9041        0.00000
      11        31.4904        0.00000
      12        32.5703        0.00000
      13        34.9678        0.00000
      14        37.3074        0.00000

 579/595 kpoint (Cartesian) = 0.074277 0.12865 0.090970 (2408 pws)
       1       -2.56402     0.00182066
       2        2.60053     0.00182066
       3        5.90875     0.00182066
       4        7.07978     0.00182066
       5        13.4094        0.00000
       6        17.4158        0.00000
       7        19.4370        0.00000
       8        19.9036        0.00000
       9        23.9341        0.00000
      10        27.5329        0.00000
      11        31.1777        0.00000
      12        32.2365        0.00000
      13        33.7449        0.00000
      14        36.7287        0.00000

 580/595 kpoint (Cartesian) = 0.099036 0.11436 0.080862 (2413 pws)
       1       -2.72873     0.00182066
       2        1.93370     0.00182066
       3        6.92320     0.00182066
       4        7.57874     0.00182066
       5        14.4837        0.00000
       6        17.1932        0.00000
       7        18.4706        0.00000
       8        19.6233        0.00000
       9        24.1514        0.00000
      10        27.3486        0.00000
      11        30.6037        0.00000
      12        31.8003        0.00000
      13        32.5984        0.00000
      14        35.7496        0.00000

 581/595 kpoint (Cartesian) = 0.12379 0.10006 0.070755 (2417 pws)
       1       -2.73829     0.00182066
       2        1.33250     0.00182066
       3        7.89542     0.00182066
       4        8.01995     0.00182066
       5        14.8848        0.00000
       6        16.6850        0.00000
       7        17.4389        0.00000
       8        20.3367        0.00000
       9        25.3274        0.00000
      10        27.1979        0.00000
      11        30.3646        0.00000
      12        31.5678        0.00000
      13        32.2756        0.00000
      14        33.8874        0.00000

 582/595 kpoint (Cartesian) = 0.14855 0.085767 0.060647 (2422 pws)
       1       -2.62032     0.00182066
       2       0.960582     0.00182066
       3        8.23475     0.00182066
       4        8.28134     0.00182066
       5        14.5962        0.00000
       6        16.9429        0.00000
       7        17.0113        0.00000
       8        20.5371        0.00000
       9        26.9490        0.00000
      10        27.0074        0.00000
      11        30.5377        0.00000
      12        31.6270        0.00000
      13        31.6615        0.00000
      14        32.8168        0.00000

 583/595 kpoint (Cartesian) = -0.14855 0.25730 0.18194 (2419 pws)
       1       -2.41819     0.00182066
       2       0.892296     0.00182066
       3        7.73050     0.00182066
       4        8.11417     0.00182066
       5        14.8742        0.00000
       6        16.6922        0.00000
       7        17.2669        0.00000
       8        20.5283        0.00000
       9        26.3381        0.00000
      10        26.5931        0.00000
      11        30.7462        0.00000
      12        31.6899        0.00000
      13        32.0198        0.00000
      14        33.3307        0.00000

 584/595 kpoint (Cartesian) = -0.12379 0.24301 0.17183 (2419 pws)
       1       -2.16885     0.00182066
       2        1.15441     0.00182066
       3        6.59082     0.00182066
       4        7.72220     0.00182066
       5        14.6094        0.00000
       6        17.0416        0.00000
       7        18.1693        0.00000
       8        20.3985        0.00000
       9        24.6710        0.00000
      10        26.3121        0.00000
      11        30.8980        0.00000
      12        32.5255        0.00000
      13        32.5357        0.00000
      14        35.1750        0.00000

 585/595 kpoint (Cartesian) = -0.099036 0.22871 0.16172 (2411 pws)
       1       -1.87853     0.00182066
       2        1.67274     0.00182066
       3        5.36817     0.00182066
       4        7.22553     0.00182066
       5        13.6137        0.00000
       6        17.9674        0.00000
       7        19.5459        0.00000
       8        19.9310        0.00000
       9        23.8025        0.00000
      10        26.2782        0.00000
      11        31.4220        0.00000
      12        33.0380        0.00000
      13        33.6417        0.00000
      14        36.8658        0.00000

 586/595 kpoint (Cartesian) = -0.074277 0.21442 0.15162 (2410 pws)
       1       -1.53915     0.00182066
       2        2.11677     0.00182066
       3        4.56744     0.00182066
       4        6.76270     0.00182066
       5        12.6551        0.00000
       6        17.1032        0.00000
       7        20.8854        0.00000
       8        21.1041        0.00000
       9        23.6682        0.00000
      10        26.6054        0.00000
      11        31.6453        0.00000
      12        33.3352        0.00000
      13        35.3244        0.00000
      14        37.2897        0.00000

 587/595 kpoint (Cartesian) = -0.049518 0.20012 0.14151 (2413 pws)
       1       -1.19279     0.00182066
       2        1.89591     0.00182066
       3        4.84070     0.00182066
       4        6.41320     0.00182066
       5        11.8124        0.00000
       6        15.6750        0.00000
       7        22.3779        0.00000
       8        22.4325        0.00000
       9        23.9195        0.00000
      10        27.4407        0.00000
      11        31.6426        0.00000
      12        33.1474        0.00000
      13        35.2859        0.00000
      14        38.3775        0.00000

 588/595 kpoint (Cartesian) = -0.024759 0.18583 0.13140 (2428 pws)
       1       -1.03373     0.00182066
       2        1.54289     0.00182066
       3        5.69538     0.00182066
       4        6.21681     0.00182066
       5        11.0795        0.00000
       6        14.7514        0.00000
       7        23.1698        0.00000
       8        23.1950        0.00000
       9        24.7130        0.00000
      10        28.7046        0.00000
      11        31.6305        0.00000
      12        32.4088        0.00000
      13        33.7802        0.00000
      14        40.5548        0.00000

 589/595 kpoint (Cartesian) = 0.0000 -0.17153 0.24259 (2428 pws)
       1       -1.03373     0.00182066
       2        1.54292     0.00182066
       3        5.69487     0.00182066
       4        6.21738     0.00182066
       5        11.0793        0.00000
       6        14.7514        0.00000
       7        23.1692        0.00000
       8        23.1957        0.00000
       9        24.7126        0.00000
      10        28.7061        0.00000
      11        31.6254        0.00000
      12        32.4147        0.00000
      13        33.7782        0.00000
      14        40.5509        0.00000

 590/595 kpoint (Cartesian) = 0.024759 -0.18583 0.23248 (2417 pws)
       1       -1.23210     0.00364133
       2        1.83673     0.00364133
       3        5.76119     0.00364133
       4        5.83522     0.00364133
       5        11.5313        0.00000
       6        15.0317        0.00000
       7        22.3679        0.00000
       8        23.2716        0.00000
       9        24.1924        0.00000
      10        28.5654        0.00000
      11        31.0411        0.00000
      12        33.3784        0.00000
      13        34.1193        0.00000
      14        40.1207        0.00000

 591/595 kpoint (Cartesian) = 0.049518 -0.20012 0.22237 (2413 pws)
       1       -1.62178     0.00364133
       2        2.36713     0.00364133
       3        5.10584     0.00364133
       4        6.10824     0.00364133
       5        12.4381        0.00000
       6        15.9620        0.00000
       7        20.8416        0.00000
       8        22.6035        0.00000
       9        23.6817        0.00000
      10        27.7578        0.00000
      11        31.1390        0.00000
      12        33.5777        0.00000
      13        35.2227        0.00000
      14        38.0252        0.00000

 592/595 kpoint (Cartesian) = 0.074277 -0.21442 0.21226 (2415 pws)
       1       -1.97869     0.00364133
       2        2.37219     0.00364133
       3        5.13024     0.00364133
       4        6.59798     0.00364133
       5        13.3940        0.00000
       6        17.3108        0.00000
       7        19.2808        0.00000
       8        21.2396        0.00000
       9        23.4970        0.00000
      10        27.1088        0.00000
      11        31.2997        0.00000
      12        32.9956        0.00000
      13        35.0091        0.00000
      14        37.0090        0.00000

 593/595 kpoint (Cartesian) = 0.099036 -0.22871 0.20216 (2413 pws)
       1       -2.22782     0.00364133
       2        1.79630     0.00364133
       3        5.95800     0.00364133
       4        7.22066     0.00364133
       5        14.3659        0.00000
       6        17.1539        0.00000
       7        19.2940        0.00000
       8        19.8452        0.00000
       9        23.6570        0.00000
      10        26.7670        0.00000
      11        31.3223        0.00000
      12        31.8967        0.00000
      13        33.9221        0.00000
      14        36.3092        0.00000

 594/595 kpoint (Cartesian) = 0.12379 -0.24301 0.19205 (2420 pws)
       1       -2.36485     0.00364133
       2        1.22171     0.00364133
       3        6.94505     0.00364133
       4        7.83107     0.00364133
       5        15.0533        0.00000
       6        16.4272        0.00000
       7        18.0781        0.00000
       8        20.4121        0.00000
       9        24.7053        0.00000
      10        26.5632        0.00000
      11        30.9104        0.00000
      12        31.5479        0.00000
      13        33.1468        0.00000
      14        34.6002        0.00000

 595/595 kpoint (Cartesian) = 0.14855 0.085767 -0.30323 (2419 pws)
       1       -2.41794     0.00364133
       2       0.892131     0.00364133
       3        7.69820     0.00364133
       4        8.14851     0.00364133
       5        14.8763        0.00000
       6        16.7275        0.00000
       7        17.2195        0.00000
       8        20.5342        0.00000
       9        26.3059        0.00000
      10        26.6348        0.00000
      11        30.7488        0.00000
      12        31.6918        0.00000
      13        31.9979        0.00000
      14        33.3474        0.00000


 Warning_Memory_Consuming allocated:  ORB::Jl(x) 737.494 MB
 correction force for each atom along direction 1 is 1.16725e-06
 correction force for each atom along direction 2 is 0.000133003
 correction force for each atom along direction 3 is -0.000187648
------------------------------------------------------------------------------------------
 TOTAL-FORCE (eV/Angstrom)                                                                
------------------------------------------------------------------------------------------
                       Si1        -0.1972182791        -0.0028033110        -0.0019822402 
                        C1         0.1972182791         0.0028033110         0.0019822402 
------------------------------------------------------------------------------------------



 --------------------------------------------
 !FINAL_ETOT_IS -262.4394001743599 eV
 --------------------------------------------


TIME STATISTICS
------------------------------------------------------------------------------------
    CLASS_NAME                    NAME                TIME/s  CALLS   AVG/s  PER/%  
------------------------------------------------------------------------------------
                   total                              11.53  13       0.89   100.00 
 Driver            reading                            0.03   1        0.03   0.25   
 Input_Conv        Convert                            0.00   1        0.00   0.01   
 Driver            driver_line                        11.50  1        11.50  99.75  
 UnitCell          check_tau                          0.00   1        0.00   0.00   
 ESolver_KS_LCAO   before_all_runners                 0.40   1        0.40   3.45   
 PW_Basis_Sup      setuptransform                     0.01   1        0.01   0.05   
 PW_Basis_Sup      distributeg                        0.00   1        0.00   0.00   
 mymath            heapsort                           0.00   4        0.00   0.01   
 Charge_Mixing     init_mixing                        0.00   1        0.00   0.00   
 Symmetry          analy_sys                          0.02   1        0.02   0.22   
 PW_Basis_K        setuptransform                     0.06   1        0.06   0.50   
 PW_Basis_K        distributeg                        0.00   1        0.00   0.00   
 PW_Basis          setup_struc_factor                 0.01   1        0.01   0.05   
 NOrbital_Lm       extra_uniform                      0.65   181      0.00   5.65   
 Mathzone_Add1     SplineD2                           0.00   181      0.00   0.01   
 Mathzone_Add1     Cubic_Spline_Interpolation         0.00   181      0.00   0.03   
 Mathzone_Add1     Uni_Deriv_Phi                      0.64   181      0.00   5.53   
 ppcell_vl         init_vloc                          0.00   1        0.00   0.00   
 Ions              opt_ions                           11.07  1        11.07  96.02  
 ESolver_KS_LCAO   runner                             10.79  1        10.79  93.55  
 ESolver_KS_LCAO   before_scf                         0.05   1        0.05   0.43   
 atom_arrange      search                             0.00   1        0.00   0.00   
 atom_arrange      grid_d.init                        0.00   1        0.00   0.00   
 Grid              Construct_Adjacent_expand          0.00   1        0.00   0.00   
 Grid              Construct_Adjacent_expand_periodic 0.00   2        0.00   0.00   
 Grid_Technique    init                               0.02   1        0.02   0.17   
 Grid_BigCell      grid_expansion_index               0.00   2        0.00   0.02   
 Grid_Driver       Find_atom                          0.00   12       0.00   0.00   
 Record_adj        for_2d                             0.00   1        0.00   0.03   
 LCAO_domain       grid_prepare                       0.00   1        0.00   0.00   
 Veff              initialize_HR                      0.00   1        0.00   0.00   
 OverlapNew        initialize_SR                      0.00   1        0.00   0.00   
 EkineticNew       initialize_HR                      0.00   1        0.00   0.00   
 NonlocalNew       initialize_HR                      0.00   1        0.00   0.02   
 Charge            set_rho_core                       0.00   1        0.00   0.00   
 ModuleIO          read_rhog                          0.00   1        0.00   0.03   
 PW_Basis_Sup      recip2real                         0.02   64       0.00   0.20   
 PW_Basis_Sup      gathers_scatterp                   0.00   64       0.00   0.02   
 Potential         init_pot                           0.01   1        0.01   0.09   
 Potential         update_from_charge                 0.08   9        0.01   0.66   
 Potential         cal_fixed_v                        0.00   1        0.00   0.01   
 PotLocal          cal_fixed_v                        0.00   1        0.00   0.00   
 Potential         cal_v_eff                          0.07   9        0.01   0.64   
 H_Hartree_pw      v_hartree                          0.01   9        0.00   0.09   
 PW_Basis_Sup      real2recip                         0.03   74       0.00   0.22   
 PW_Basis_Sup      gatherp_scatters                   0.00   74       0.00   0.04   
 PotXC             cal_v_eff                          0.06   9        0.01   0.53   
 XC_Functional     v_xc                               0.06   9        0.01   0.52   
 Potential         interpolate_vrs                    0.00   9        0.00   0.01   
 Symmetry          rhog_symmetry                      0.03   9        0.00   0.25   
 Symmetry          group fft grids                    0.02   9        0.00   0.18   
 H_Ewald_pw        compute_ewald                      0.00   1        0.00   0.01   
 HSolverLCAO       solve                              7.26   8        0.91   62.95  
 HamiltLCAO        updateHk                           0.81   4760     0.00   6.99   
 OperatorLCAO      init                               0.64   14280    0.00   5.55   
 Veff              contributeHR                       0.25   8        0.03   2.13   
 Gint_interface    cal_gint                           0.51   17       0.03   4.44   
 Gint_interface    cal_gint_vlocal                    0.23   8        0.03   2.00   
 Gint_Tools        cal_psir_ylm                       0.21   341      0.00   1.80   
 Gint_k            transfer_pvpR                      0.00   8        0.00   0.01   
 OverlapNew        calculate_SR                       0.04   1        0.04   0.35   
 OverlapNew        contributeHk                       0.12   4760     0.00   1.02   
 EkineticNew       contributeHR                       0.06   8        0.01   0.56   
 EkineticNew       calculate_HR                       0.06   1        0.06   0.56   
 NonlocalNew       contributeHR                       0.08   8        0.01   0.65   
 NonlocalNew       calculate_HR                       0.07   1        0.07   0.62   
 OperatorLCAO      contributeHk                       0.24   4760     0.00   2.12   
 HSolverLCAO       hamiltSolvePsiK                    6.01   4760     0.00   52.14  
 DiagoElpa         elpa_solve                         4.95   4760     0.00   42.96  
 elecstate         cal_dm                             0.07   9        0.01   0.65   
 psiMulPsiMpi      pdgemm                             0.04   5355     0.00   0.38   
 DensityMatrix     cal_DMR                            0.15   9        0.02   1.26   
 ElecStateLCAO     psiToRho                           0.23   8        0.03   1.99   
 Gint              transfer_DMR                       0.00   8        0.00   0.03   
 Gint_interface    cal_gint_rho                       0.22   8        0.03   1.92   
 Charge_Mixing     get_drho                           0.00   8        0.00   0.01   
 Charge            mix_rho                            0.02   7        0.00   0.18   
 Charge            Broyden_mixing                     0.00   7        0.00   0.04   
 ModuleIO          write_rhog                         0.01   1        0.01   0.06   
 ESolver_KS_LCAO   after_scf                          3.33   1        3.33   28.91  
 Charge            atomic_rho                         0.00   1        0.00   0.02   
 ModuleIO          output_HSR                         0.49   1        0.49   4.23   
 ModuleIO          save_HSR_sparse                    0.46   1        0.46   4.01   
 cal_r_overlap_R   init                               2.19   1        2.19   19.00  
 ORB_gaunt_table   init_Gaunt_CH                      0.00   1        0.00   0.01   
 ORB_gaunt_table   Calc_Gaunt_CH                      0.00   601      0.00   0.00   
 ORB_gaunt_table   init_Gaunt                         0.00   1        0.00   0.03   
 ORB_gaunt_table   Get_Gaunt_SH                       0.00   6272     0.00   0.01   
 Center2_Orb       cal_ST_Phi12_R                     0.60   384      0.00   5.21   
 cal_r_overlap_R   out_rR_other                       0.61   1        0.61   5.26   
 ESolver_KS_LCAO   cal_force                          0.28   1        0.28   2.47   
 Force_Stress_LCAO getForceStress                     0.28   1        0.28   2.47   
 Forces            cal_force_loc                      0.00   1        0.00   0.02   
 Forces            cal_force_ew                       0.00   1        0.00   0.01   
 Forces            cal_force_cc                       0.00   1        0.00   0.00   
 Forces            cal_force_scc                      0.00   1        0.00   0.01   
 Force_LCAO        ftable                             0.18   1        0.18   1.56   
 Force_LCAO        allocate                           0.11   1        0.11   0.92   
 LCAO_domain       build_ST_new                       0.11   2        0.05   0.92   
 Force_LCAO        cal_pulay_fs_center2               0.00   2        0.00   0.02   
 Gint_interface    cal_gint_force                     0.05   1        0.05   0.40   
 Gint_Tools        cal_dpsir_ylm                      0.02   22       0.00   0.15   
 NonlocalNew       cal_force_stress                   0.10   1        0.10   0.86   
 ESolver_KS_LCAO   after_all_runners                  0.02   1        0.02   0.20   
 ModuleIO          write_istate_info                  0.02   1        0.02   0.20   
------------------------------------------------------------------------------------


 NAME-------------------------|MEMORY(MB)--------
                         total          807.5
                    ORB::Jl(x)          737.5
                  PW_B_K::gcar          33.13
                   PW_B_K::gk2          11.04
            DensityMatrix::DMK          6.137
                   Force::dS_K          3.133
                  Force::dTVNL          3.133
       TwoCenterTable: Kinetic          1.508
       TwoCenterTable: Overlap          1.508
      TwoCenterTable: Nonlocal          1.121
                HamiltLCAO::hR          1.064
            DensityMatrix::DMR          1.064
 -------------   < 1.0 MB has been ignored ----------------
 ----------------------------------------------------------

 Start  Time  : Fri Sep  4 10:51:01 2026
 Finish Time  : Fri Sep  4 10:51:13 2026
 Total  Time  : 0 h 0 mins 12 secs 
