                                                                                     
                              ABACUS v3.10.0

               Atomic-orbital Based Ab-initio Computation at UStc                    

                     Website: http://abacus.ustc.edu.cn/                             
               Documentation: https://abacus.deepmodeling.com/                       
                  Repository: https://github.com/abacusmodeling/abacus-develop       
                              https://github.com/deepmodeling/abacus-develop         
                      Commit: e84abb4 (Sat Jun 28 13:06:46 2025 +0800)

    Start Time is Fri Sep  4 11:44:17 2026
                                                                                     
 ------------------------------------------------------------------------------------

 READING GENERAL INFORMATION
                           global_out_dir = OUT.POLAR/
                           global_in_card = INPUT
                               pseudo_dir = 
                              orbital_dir = 
                                    DRANK = 1
                                    DSIZE = 1
                                   DCOLOR = 1
                                    GRANK = 1
                                    GSIZE = 1




 >>>>>>>>>>>>>>>>>>>>>>>>>>>>>>>>>>>>>>>>>>>>>>>>>>>>>>>>>>>>>>>>>>>>>>
 |                                                                    |
 | Reading atom information in unitcell:                              |
 | From the input file and the structure file we know the number of   |
 | different elments in this unitcell, then we list the detail        |
 | information for each element, especially the zeta and polar atomic |
 | orbital number for each element. The total atom number is counted. |
 | We calculate the nearest atom distance for each atom and show the  |
 | Cartesian and Direct coordinates for each atom. We list the file   |
 | address for atomic orbitals. The volume and the lattice vectors    |
 | in real and reciprocal space is also shown.                        |
 |                                                                    |
 <<<<<<<<<<<<<<<<<<<<<<<<<<<<<<<<<<<<<<<<<<<<<<<<<<<<<<<<<<<<<<<<<<<<<<




 READING UNITCELL INFORMATION
                                    ntype = 2
                  lattice constant (Bohr) = 1.88973
              lattice constant (Angstrom) = 1

 READING ATOM TYPE 1
                               atom label = Hf
                      L=0, number of zeta = 6
                      L=1, number of zeta = 3
                      L=2, number of zeta = 3
                      L=3, number of zeta = 2
                      L=4, number of zeta = 1
             number of atom for this type = 2

 READING ATOM TYPE 2
                               atom label = O
                      L=0, number of zeta = 2
                      L=1, number of zeta = 2
                      L=2, number of zeta = 1
             number of atom for this type = 4

                        TOTAL ATOM NUMBER = 6
DIRECT COORDINATES
    atom                   x                   y                   z     mag                  vx                  vy                  vz
taud_Hf1            0.0000000000        0.0000000000        0.0000000000  0.0000        0.0000000000        0.0000000000        0.0000000000
taud_Hf2            0.5000000000        0.5000000000        0.5000000000  0.0000        0.0000000000        0.0000000000        0.0000000000
taud_O1            0.5014724311        0.0014724311        0.2988545593  0.0000        0.0000000000        0.0000000000        0.0000000000
taud_O2            0.5000000000        0.0000000000        0.7973821282  0.0000        0.0000000000        0.0000000000        0.0000000000
taud_O3            0.0000000000        0.5000000000        0.2026178718  0.0000        0.0000000000        0.0000000000        0.0000000000
taud_O4            0.0000000000        0.5000000000        0.7026178718  0.0000        0.0000000000        0.0000000000        0.0000000000



                          Volume (Bohr^3) = 438.304
                             Volume (A^3) = 64.9499

 Lattice vectors: (Cartesian coordinate: in unit of a_0)
             +3.55652                  +0                  +0
                   +0            +3.55652                  +0
                   +0                  +0            +5.13487
 Reciprocal vectors: (Cartesian coordinate: in unit of 2 pi/a_0)
            +0.281174                  -0                  +0
                   -0           +0.281174                  -0
                   +0                  -0           +0.194747
 The esolver type has been set to : ksdft_lcao

 RUNNING WITH DEVICE  : CPU / Intel(R) Xeon(R) Gold 6248 CPU @ 2.50GHz




 >>>>>>>>>>>>>>>>>>>>>>>>>>>>>>>>>>>>>>>>>>>>>>>>>>>>>>>>>>>>>>>>>>>>>>
 |                                                                    |
 | Reading pseudopotentials files:                                    |
 | The pseudopotential file is in UPF format. The 'NC' indicates that |
 | the type of pseudopotential is 'norm conserving'. Functional of    |
 | exchange and correlation is decided by 4 given parameters in UPF   |
 | file.  We also read in the 'core correction' if there exists.      |
 | Also we can read the valence electrons number and the maximal      |
 | angular momentum used in this pseudopotential. We also read in the |
 | trail wave function, trail atomic density and local-pseudopotential|
 | on logrithmic grid. The non-local pseudopotential projector is also|
 | read in if there is any.                                           |
 |                                                                    |
 <<<<<<<<<<<<<<<<<<<<<<<<<<<<<<<<<<<<<<<<<<<<<<<<<<<<<<<<<<<<<<<<<<<<<<




                PAO radial cut off (Bohr) = 15

 Read in pseudopotential file is Hf.upf
                     pseudopotential type = NC
          exchange-correlation functional = PBE
                 nonlocal core correction = 1
                        valence electrons = 12
                                     lmax = 3
                           number of zeta = 4
                     number of projectors = 8
                           L of projector = 0
                           L of projector = 0
                           L of projector = 1
                           L of projector = 1
                           L of projector = 2
                           L of projector = 2
                           L of projector = 3
                           L of projector = 3
 XC functional updated to : pbesol
          exchange-correlation functional = PBESOL
                PAO radial cut off (Bohr) = 15

 Read in pseudopotential file is O.upf
                     pseudopotential type = NC
          exchange-correlation functional = PBE
                 nonlocal core correction = 1
                        valence electrons = 6
                                     lmax = 2
                           number of zeta = 2
                     number of projectors = 5
                           L of projector = 0
                           L of projector = 0
                           L of projector = 1
                           L of projector = 1
                           L of projector = 2
 XC functional updated to : pbesol
          exchange-correlation functional = PBESOL
     initial pseudo atomic orbital number = 36

 SETUP THE ELECTRONS NUMBER
            electron number of element Hf = 12
      total electron number of element Hf = 24
             electron number of element O = 6
       total electron number of element O = 24
            AUTOSET number of electrons:  = 48
                           occupied bands = 24
                                   NLOCAL = 158
                                   NBANDS = 34
                                   NBANDS = 34
                                   NLOCAL = 158

%%%%%%%%%%%%%%%%%%%%%%%%%%%%%%%%%%%%%%%%%%%%%%%%%%%%%%%%%%%%%%%%%%%%%%%%%%%%%%%%%%%%%%%%%%%%%%%%%%%%%%%%%%
 Warning: the number of valence electrons in pseudopotential > 4 for Hf: [Xe] 4f14 5d2 6s2
 Pseudopotentials with additional electrons can yield (more) accurate outcomes, but may be less efficient.
 If you're confident that your chosen pseudopotential is appropriate, you can safely ignore this warning.
%%%%%%%%%%%%%%%%%%%%%%%%%%%%%%%%%%%%%%%%%%%%%%%%%%%%%%%%%%%%%%%%%%%%%%%%%%%%%%%%%%%%%%%%%%%%%%%%%%%%%%%%%%
                  




 >>>>>>>>>>>>>>>>>>>>>>>>>>>>>>>>>>>>>>>>>>>>>>>>>>>>>>>>>>>>>>>>>>>>>>
 |                                                                    |
 | Setup plane waves of charge/potential:                             |
 | Use the energy cutoff and the lattice vectors to generate the      |
 | dimensions of FFT grid. The number of FFT grid on each processor   |
 | is 'nrxx'. The number of plane wave basis in reciprocal space is   |
 | different for charege/potential and wave functions. We also set    |
 | the 'sticks' for the parallel of FFT. The number of plane waves    |
 | is 'npw' in each processor.                                        |
 <<<<<<<<<<<<<<<<<<<<<<<<<<<<<<<<<<<<<<<<<<<<<<<<<<<<<<<<<<<<<<<<<<<<<<





 SETUP THE PLANE WAVE BASIS
 energy cutoff for charge/potential (unit:Ry) = 400
            fft grid for charge/potential = [ 45, 45, 64 ]
                        fft grid division = [ 5, 5, 4 ]
        big fft grid for charge/potential = [ 9, 9, 16 ]
                                     nbxx = 1296
                                     nrxx = 129600

 SETUP PLANE WAVES FOR CHARGE/POTENTIAL
                    number of plane waves = 59229
                         number of sticks = 1441

 PARALLEL PW FOR CHARGE/POTENTIAL
     PROC   COLUMNS(POT)             PW
        1           1441          59229
 --------------- sum -------------------
        1           1441          59229
                            number of |g| = 3582
                                  max |g| = 36.1678
                                  min |g| = 0
 DONE : SETUP UNITCELL Time : 0.129474 (SEC)


----------- Double Check Mixing Parameters Begin ------------
mixing_type: broyden
mixing_beta: 0.8
mixing_gg0: 1
mixing_gg0_min: 0.1
mixing_ndim: 8
----------- Double Check Mixing Parameters End ------------




 >>>>>>>>>>>>>>>>>>>>>>>>>>>>>>>>>>>>>>>>>>>>>>>>>>>>>>>>>>>>>>>>>>>>>>
 |                                                                    |
 | Doing symmetry analysis:                                           |
 | We calculate the norm of 3 vectors and the angles between them,    |
 | the type of Bravais lattice is given. We can judge if the unticell |
 | is a primitive cell. Finally we give the point group operation for |
 | this unitcell. We use the point group operations to do symmetry |
 | analysis on given k-point mesh and the charge density.             |
 |                                                                    |
 <<<<<<<<<<<<<<<<<<<<<<<<<<<<<<<<<<<<<<<<<<<<<<<<<<<<<<<<<<<<<<<<<<<<<<




 LATTICE VECTORS: (CARTESIAN COORDINATE: IN UNIT OF A0)
             +3.55652                  +0                  +0
                   +0            +3.55652                  +0
                   +0                  +0            +5.13487
                       right hand lattice = 1
                                   NORM_A = 3.55652
                                   NORM_B = 3.55652
                                   NORM_C = 5.13487
                           ALPHA (DEGREE) = 90
                           BETA  (DEGREE) = 90
                           GAMMA (DEGREE) = 90

 The lattice vectors have been changed (STRU_SIMPLE.cif)

(for optimal symmetric configuration:)
                             BRAVAIS TYPE = 5
                     BRAVAIS LATTICE NAME = 05. Tetrogonal P (simple)
                                    ibrav = 5
                                    IBRAV = 5
                                  BRAVAIS = SIMPLE TETROGONAL CELL
                       LATTICE CONSTANT A = 3.55652
                                C/A RATIO = 1.44379
Original cell was already a primitive cell.
                        ROTATION MATRICES = 16
              PURE POINT GROUP OPERATIONS = 1
                   SPACE GROUP OPERATIONS = 1
                              POINT GROUP = C_1
               POINT GROUP IN SPACE GROUP = C_1
 DONE : SYMMETRY Time : 0.15397 (SEC)





 >>>>>>>>>>>>>>>>>>>>>>>>>>>>>>>>>>>>>>>>>>>>>>>>>>>>>>>>>>>>>>>>>>>>>>
 |                                                                    |
 | Setup K-points                                                     |
 | We setup the k-points according to input parameters.               |
 | The reduced k-points are set according to symmetry operations.     |
 | We treat the spin as another set of k-points.                      |
 |                                                                    |
 <<<<<<<<<<<<<<<<<<<<<<<<<<<<<<<<<<<<<<<<<<<<<<<<<<<<<<<<<<<<<<<<<<<<<<





 SETUP K-POINTS
                                    nspin = 1
                   Input type of k points = Monkhorst-Pack(Gamma)
                                   nkstot = 700
                       right hand lattice = 1
(for reciprocal lattice: )
                             BRAVAIS TYPE = 5
                     BRAVAIS LATTICE NAME = 05. Tetrogonal P (simple)
                                    ibrav = 5
                       right hand lattice = 1
(for k-lattice: )
                             BRAVAIS TYPE = 5
                     BRAVAIS LATTICE NAME = 05. Tetrogonal P (simple)
                                    ibrav = 5
                       right hand lattice = 1
                        ROTATION MATRICES = 16
                               nkstot_ibz = 352
K-POINTS REDUCTION ACCORDING TO SYMMETRY
     IBZ    DIRECT_X    DIRECT_Y    DIRECT_Z  WEIGHT  ibz2bz
       1  0.00000000  0.00000000  0.00000000  0.0014       0
       2  0.10000000  0.00000000  0.00000000  0.0029       1
       3  0.20000000  0.00000000  0.00000000  0.0029       2
       4  0.30000000  0.00000000  0.00000000  0.0029       3
       5  0.40000000  0.00000000  0.00000000  0.0029       4
       6  0.50000000  0.00000000  0.00000000  0.0014       5
       7  0.00000000  0.10000000  0.00000000  0.0029      10
       8  0.10000000  0.10000000  0.00000000  0.0029      11
       9  0.20000000  0.10000000  0.00000000  0.0029      12
      10  0.30000000  0.10000000  0.00000000  0.0029      13
      11  0.40000000  0.10000000  0.00000000  0.0029      14
      12  0.50000000  0.10000000  0.00000000  0.0029      15
      13  0.40000000 -0.10000000  0.00000000  0.0029      16
      14  0.30000000 -0.10000000  0.00000000  0.0029      17
      15  0.20000000 -0.10000000  0.00000000  0.0029      18
      16 -0.10000000  0.10000000  0.00000000  0.0029      19
      17  0.00000000  0.20000000  0.00000000  0.0029      20
      18  0.10000000  0.20000000  0.00000000  0.0029      21
      19  0.20000000  0.20000000  0.00000000  0.0029      22
      20  0.30000000  0.20000000  0.00000000  0.0029      23
      21  0.40000000  0.20000000  0.00000000  0.0029      24
      22  0.50000000  0.20000000  0.00000000  0.0029      25
      23  0.40000000 -0.20000000  0.00000000  0.0029      26
      24  0.30000000 -0.20000000  0.00000000  0.0029      27
      25 -0.20000000  0.20000000  0.00000000  0.0029      28
      26 -0.10000000  0.20000000  0.00000000  0.0029      29
      27  0.00000000  0.30000000  0.00000000  0.0029      30
      28  0.10000000  0.30000000  0.00000000  0.0029      31
      29  0.20000000  0.30000000  0.00000000  0.0029      32
      30  0.30000000  0.30000000  0.00000000  0.0029      33
      31  0.40000000  0.30000000  0.00000000  0.0029      34
      32  0.50000000  0.30000000  0.00000000  0.0029      35
      33  0.40000000 -0.30000000  0.00000000  0.0029      36
      34 -0.30000000  0.30000000  0.00000000  0.0029      37
      35 -0.20000000  0.30000000  0.00000000  0.0029      38
      36 -0.10000000  0.30000000  0.00000000  0.0029      39
      37  0.00000000  0.40000000  0.00000000  0.0029      40
      38  0.10000000  0.40000000  0.00000000  0.0029      41
      39  0.20000000  0.40000000  0.00000000  0.0029      42
      40  0.30000000  0.40000000  0.00000000  0.0029      43
      41  0.40000000  0.40000000  0.00000000  0.0029      44
      42  0.50000000  0.40000000  0.00000000  0.0029      45
      43 -0.40000000  0.40000000  0.00000000  0.0029      46
      44 -0.30000000  0.40000000  0.00000000  0.0029      47
      45 -0.20000000  0.40000000  0.00000000  0.0029      48
      46 -0.10000000  0.40000000  0.00000000  0.0029      49
      47  0.00000000  0.50000000  0.00000000  0.0014      50
      48  0.10000000  0.50000000  0.00000000  0.0029      51
      49  0.20000000  0.50000000  0.00000000  0.0029      52
      50  0.30000000  0.50000000  0.00000000  0.0029      53
      51  0.40000000  0.50000000  0.00000000  0.0029      54
      52  0.50000000  0.50000000  0.00000000  0.0014      55
      53  0.00000000  0.00000000  0.14285714  0.0029     100
      54  0.10000000  0.00000000  0.14285714  0.0029     101
      55  0.20000000  0.00000000  0.14285714  0.0029     102
      56  0.30000000  0.00000000  0.14285714  0.0029     103
      57  0.40000000  0.00000000  0.14285714  0.0029     104
      58  0.50000000  0.00000000  0.14285714  0.0029     105
      59  0.40000000  0.00000000 -0.14285714  0.0029     106
      60  0.30000000  0.00000000 -0.14285714  0.0029     107
      61  0.20000000  0.00000000 -0.14285714  0.0029     108
      62 -0.10000000  0.00000000  0.14285714  0.0029     109
      63  0.00000000  0.10000000  0.14285714  0.0029     110
      64  0.10000000  0.10000000  0.14285714  0.0029     111
      65  0.20000000  0.10000000  0.14285714  0.0029     112
      66  0.30000000  0.10000000  0.14285714  0.0029     113
      67  0.40000000  0.10000000  0.14285714  0.0029     114
      68  0.50000000  0.10000000  0.14285714  0.0029     115
      69  0.40000000 -0.10000000 -0.14285714  0.0029     116
      70  0.30000000 -0.10000000 -0.14285714  0.0029     117
      71 -0.20000000  0.10000000  0.14285714  0.0029     118
      72 -0.10000000  0.10000000  0.14285714  0.0029     119
      73  0.00000000  0.20000000  0.14285714  0.0029     120
      74  0.10000000  0.20000000  0.14285714  0.0029     121
      75  0.20000000  0.20000000  0.14285714  0.0029     122
      76  0.30000000  0.20000000  0.14285714  0.0029     123
      77  0.40000000  0.20000000  0.14285714  0.0029     124
      78  0.50000000  0.20000000  0.14285714  0.0029     125
      79  0.40000000 -0.20000000 -0.14285714  0.0029     126
      80 -0.30000000  0.20000000  0.14285714  0.0029     127
      81 -0.20000000  0.20000000  0.14285714  0.0029     128
      82 -0.10000000  0.20000000  0.14285714  0.0029     129
      83  0.00000000  0.30000000  0.14285714  0.0029     130
      84  0.10000000  0.30000000  0.14285714  0.0029     131
      85  0.20000000  0.30000000  0.14285714  0.0029     132
      86  0.30000000  0.30000000  0.14285714  0.0029     133
      87  0.40000000  0.30000000  0.14285714  0.0029     134
      88  0.50000000  0.30000000  0.14285714  0.0029     135
      89 -0.40000000  0.30000000  0.14285714  0.0029     136
      90 -0.30000000  0.30000000  0.14285714  0.0029     137
      91 -0.20000000  0.30000000  0.14285714  0.0029     138
      92 -0.10000000  0.30000000  0.14285714  0.0029     139
      93  0.00000000  0.40000000  0.14285714  0.0029     140
      94  0.10000000  0.40000000  0.14285714  0.0029     141
      95  0.20000000  0.40000000  0.14285714  0.0029     142
      96  0.30000000  0.40000000  0.14285714  0.0029     143
      97  0.40000000  0.40000000  0.14285714  0.0029     144
      98  0.50000000  0.40000000  0.14285714  0.0029     145
      99 -0.40000000  0.40000000  0.14285714  0.0029     146
     100 -0.30000000  0.40000000  0.14285714  0.0029     147
     101 -0.20000000  0.40000000  0.14285714  0.0029     148
     102 -0.10000000  0.40000000  0.14285714  0.0029     149
     103  0.00000000  0.50000000  0.14285714  0.0029     150
     104  0.10000000  0.50000000  0.14285714  0.0029     151
     105  0.20000000  0.50000000  0.14285714  0.0029     152
     106  0.30000000  0.50000000  0.14285714  0.0029     153
     107  0.40000000  0.50000000  0.14285714  0.0029     154
     108  0.50000000  0.50000000  0.14285714  0.0029     155
     109  0.40000000  0.50000000 -0.14285714  0.0029     156
     110  0.30000000  0.50000000 -0.14285714  0.0029     157
     111  0.20000000  0.50000000 -0.14285714  0.0029     158
     112 -0.10000000  0.50000000  0.14285714  0.0029     159
     113  0.00000000  0.40000000 -0.14285714  0.0029     160
     114 -0.10000000  0.40000000 -0.14285714  0.0029     161
     115 -0.20000000  0.40000000 -0.14285714  0.0029     162
     116  0.30000000 -0.40000000  0.14285714  0.0029     163
     117  0.40000000 -0.40000000  0.14285714  0.0029     164
     118  0.50000000  0.40000000 -0.14285714  0.0029     165
     119  0.40000000  0.40000000 -0.14285714  0.0029     166
     120  0.30000000  0.40000000 -0.14285714  0.0029     167
     121  0.20000000  0.40000000 -0.14285714  0.0029     168
     122  0.10000000  0.40000000 -0.14285714  0.0029     169
     123  0.00000000  0.30000000 -0.14285714  0.0029     170
     124 -0.10000000  0.30000000 -0.14285714  0.0029     171
     125  0.20000000 -0.30000000  0.14285714  0.0029     172
     126  0.30000000 -0.30000000  0.14285714  0.0029     173
     127  0.40000000 -0.30000000  0.14285714  0.0029     174
     128  0.50000000  0.30000000 -0.14285714  0.0029     175
     129  0.40000000  0.30000000 -0.14285714  0.0029     176
     130  0.30000000  0.30000000 -0.14285714  0.0029     177
     131  0.20000000  0.30000000 -0.14285714  0.0029     178
     132  0.10000000  0.30000000 -0.14285714  0.0029     179
     133  0.00000000  0.20000000 -0.14285714  0.0029     180
     134  0.10000000 -0.20000000  0.14285714  0.0029     181
     135  0.20000000 -0.20000000  0.14285714  0.0029     182
     136  0.30000000 -0.20000000  0.14285714  0.0029     183
     137  0.40000000 -0.20000000  0.14285714  0.0029     184
     138  0.50000000  0.20000000 -0.14285714  0.0029     185
     139  0.40000000  0.20000000 -0.14285714  0.0029     186
     140  0.30000000  0.20000000 -0.14285714  0.0029     187
     141  0.20000000  0.20000000 -0.14285714  0.0029     188
     142  0.10000000  0.20000000 -0.14285714  0.0029     189
     143  0.00000000 -0.10000000  0.14285714  0.0029     190
     144  0.10000000 -0.10000000  0.14285714  0.0029     191
     145  0.20000000 -0.10000000  0.14285714  0.0029     192
     146  0.30000000 -0.10000000  0.14285714  0.0029     193
     147  0.40000000 -0.10000000  0.14285714  0.0029     194
     148  0.50000000 -0.10000000  0.14285714  0.0029     195
     149  0.40000000  0.10000000 -0.14285714  0.0029     196
     150  0.30000000  0.10000000 -0.14285714  0.0029     197
     151  0.20000000  0.10000000 -0.14285714  0.0029     198
     152  0.10000000  0.10000000 -0.14285714  0.0029     199
     153  0.00000000  0.00000000  0.28571429  0.0029     200
     154  0.10000000  0.00000000  0.28571429  0.0029     201
     155  0.20000000  0.00000000  0.28571429  0.0029     202
     156  0.30000000  0.00000000  0.28571429  0.0029     203
     157  0.40000000  0.00000000  0.28571429  0.0029     204
     158  0.50000000  0.00000000  0.28571429  0.0029     205
     159  0.40000000  0.00000000 -0.28571429  0.0029     206
     160  0.30000000  0.00000000 -0.28571429  0.0029     207
     161 -0.20000000  0.00000000  0.28571429  0.0029     208
     162 -0.10000000  0.00000000  0.28571429  0.0029     209
     163  0.00000000  0.10000000  0.28571429  0.0029     210
     164  0.10000000  0.10000000  0.28571429  0.0029     211
     165  0.20000000  0.10000000  0.28571429  0.0029     212
     166  0.30000000  0.10000000  0.28571429  0.0029     213
     167  0.40000000  0.10000000  0.28571429  0.0029     214
     168  0.50000000  0.10000000  0.28571429  0.0029     215
     169  0.40000000 -0.10000000 -0.28571429  0.0029     216
     170 -0.30000000  0.10000000  0.28571429  0.0029     217
     171 -0.20000000  0.10000000  0.28571429  0.0029     218
     172 -0.10000000  0.10000000  0.28571429  0.0029     219
     173  0.00000000  0.20000000  0.28571429  0.0029     220
     174  0.10000000  0.20000000  0.28571429  0.0029     221
     175  0.20000000  0.20000000  0.28571429  0.0029     222
     176  0.30000000  0.20000000  0.28571429  0.0029     223
     177  0.40000000  0.20000000  0.28571429  0.0029     224
     178  0.50000000  0.20000000  0.28571429  0.0029     225
     179 -0.40000000  0.20000000  0.28571429  0.0029     226
     180 -0.30000000  0.20000000  0.28571429  0.0029     227
     181 -0.20000000  0.20000000  0.28571429  0.0029     228
     182 -0.10000000  0.20000000  0.28571429  0.0029     229
     183  0.00000000  0.30000000  0.28571429  0.0029     230
     184  0.10000000  0.30000000  0.28571429  0.0029     231
     185  0.20000000  0.30000000  0.28571429  0.0029     232
     186  0.30000000  0.30000000  0.28571429  0.0029     233
     187  0.40000000  0.30000000  0.28571429  0.0029     234
     188  0.50000000  0.30000000  0.28571429  0.0029     235
     189 -0.40000000  0.30000000  0.28571429  0.0029     236
     190 -0.30000000  0.30000000  0.28571429  0.0029     237
     191 -0.20000000  0.30000000  0.28571429  0.0029     238
     192 -0.10000000  0.30000000  0.28571429  0.0029     239
     193  0.00000000  0.40000000  0.28571429  0.0029     240
     194  0.10000000  0.40000000  0.28571429  0.0029     241
     195  0.20000000  0.40000000  0.28571429  0.0029     242
     196  0.30000000  0.40000000  0.28571429  0.0029     243
     197  0.40000000  0.40000000  0.28571429  0.0029     244
     198  0.50000000  0.40000000  0.28571429  0.0029     245
     199 -0.40000000  0.40000000  0.28571429  0.0029     246
     200 -0.30000000  0.40000000  0.28571429  0.0029     247
     201 -0.20000000  0.40000000  0.28571429  0.0029     248
     202 -0.10000000  0.40000000  0.28571429  0.0029     249
     203  0.00000000  0.50000000  0.28571429  0.0029     250
     204  0.10000000  0.50000000  0.28571429  0.0029     251
     205  0.20000000  0.50000000  0.28571429  0.0029     252
     206  0.30000000  0.50000000  0.28571429  0.0029     253
     207  0.40000000  0.50000000  0.28571429  0.0029     254
     208  0.50000000  0.50000000  0.28571429  0.0029     255
     209  0.40000000  0.50000000 -0.28571429  0.0029     256
     210  0.30000000  0.50000000 -0.28571429  0.0029     257
     211 -0.20000000  0.50000000  0.28571429  0.0029     258
     212 -0.10000000  0.50000000  0.28571429  0.0029     259
     213  0.00000000  0.40000000 -0.28571429  0.0029     260
     214 -0.10000000  0.40000000 -0.28571429  0.0029     261
     215  0.20000000 -0.40000000  0.28571429  0.0029     262
     216  0.30000000 -0.40000000  0.28571429  0.0029     263
     217  0.40000000 -0.40000000  0.28571429  0.0029     264
     218  0.50000000  0.40000000 -0.28571429  0.0029     265
     219  0.40000000  0.40000000 -0.28571429  0.0029     266
     220  0.30000000  0.40000000 -0.28571429  0.0029     267
     221  0.20000000  0.40000000 -0.28571429  0.0029     268
     222  0.10000000  0.40000000 -0.28571429  0.0029     269
     223  0.00000000  0.30000000 -0.28571429  0.0029     270
     224  0.10000000 -0.30000000  0.28571429  0.0029     271
     225  0.20000000 -0.30000000  0.28571429  0.0029     272
     226  0.30000000 -0.30000000  0.28571429  0.0029     273
     227  0.40000000 -0.30000000  0.28571429  0.0029     274
     228  0.50000000  0.30000000 -0.28571429  0.0029     275
     229  0.40000000  0.30000000 -0.28571429  0.0029     276
     230  0.30000000  0.30000000 -0.28571429  0.0029     277
     231  0.20000000  0.30000000 -0.28571429  0.0029     278
     232  0.10000000  0.30000000 -0.28571429  0.0029     279
     233  0.00000000 -0.20000000  0.28571429  0.0029     280
     234  0.10000000 -0.20000000  0.28571429  0.0029     281
     235  0.20000000 -0.20000000  0.28571429  0.0029     282
     236  0.30000000 -0.20000000  0.28571429  0.0029     283
     237  0.40000000 -0.20000000  0.28571429  0.0029     284
     238  0.50000000 -0.20000000  0.28571429  0.0029     285
     239  0.40000000  0.20000000 -0.28571429  0.0029     286
     240  0.30000000  0.20000000 -0.28571429  0.0029     287
     241  0.20000000  0.20000000 -0.28571429  0.0029     288
     242  0.10000000  0.20000000 -0.28571429  0.0029     289
     243  0.00000000 -0.10000000  0.28571429  0.0029     290
     244  0.10000000 -0.10000000  0.28571429  0.0029     291
     245  0.20000000 -0.10000000  0.28571429  0.0029     292
     246  0.30000000 -0.10000000  0.28571429  0.0029     293
     247  0.40000000 -0.10000000  0.28571429  0.0029     294
     248  0.50000000 -0.10000000  0.28571429  0.0029     295
     249  0.40000000  0.10000000 -0.28571429  0.0029     296
     250  0.30000000  0.10000000 -0.28571429  0.0029     297
     251  0.20000000  0.10000000 -0.28571429  0.0029     298
     252 -0.10000000 -0.10000000  0.28571429  0.0029     299
     253  0.00000000  0.00000000  0.42857143  0.0029     300
     254  0.10000000  0.00000000  0.42857143  0.0029     301
     255  0.20000000  0.00000000  0.42857143  0.0029     302
     256  0.30000000  0.00000000  0.42857143  0.0029     303
     257  0.40000000  0.00000000  0.42857143  0.0029     304
     258  0.50000000  0.00000000  0.42857143  0.0029     305
     259 -0.40000000  0.00000000  0.42857143  0.0029     306
     260 -0.30000000  0.00000000  0.42857143  0.0029     307
     261 -0.20000000  0.00000000  0.42857143  0.0029     308
     262 -0.10000000  0.00000000  0.42857143  0.0029     309
     263  0.00000000  0.10000000  0.42857143  0.0029     310
     264  0.10000000  0.10000000  0.42857143  0.0029     311
     265  0.20000000  0.10000000  0.42857143  0.0029     312
     266  0.30000000  0.10000000  0.42857143  0.0029     313
     267  0.40000000  0.10000000  0.42857143  0.0029     314
     268  0.50000000  0.10000000  0.42857143  0.0029     315
     269 -0.40000000  0.10000000  0.42857143  0.0029     316
     270 -0.30000000  0.10000000  0.42857143  0.0029     317
     271 -0.20000000  0.10000000  0.42857143  0.0029     318
     272 -0.10000000  0.10000000  0.42857143  0.0029     319
     273  0.00000000  0.20000000  0.42857143  0.0029     320
     274  0.10000000  0.20000000  0.42857143  0.0029     321
     275  0.20000000  0.20000000  0.42857143  0.0029     322
     276  0.30000000  0.20000000  0.42857143  0.0029     323
     277  0.40000000  0.20000000  0.42857143  0.0029     324
     278  0.50000000  0.20000000  0.42857143  0.0029     325
     279 -0.40000000  0.20000000  0.42857143  0.0029     326
     280 -0.30000000  0.20000000  0.42857143  0.0029     327
     281 -0.20000000  0.20000000  0.42857143  0.0029     328
     282 -0.10000000  0.20000000  0.42857143  0.0029     329
     283  0.00000000  0.30000000  0.42857143  0.0029     330
     284  0.10000000  0.30000000  0.42857143  0.0029     331
     285  0.20000000  0.30000000  0.42857143  0.0029     332
     286  0.30000000  0.30000000  0.42857143  0.0029     333
     287  0.40000000  0.30000000  0.42857143  0.0029     334
     288  0.50000000  0.30000000  0.42857143  0.0029     335
     289 -0.40000000  0.30000000  0.42857143  0.0029     336
     290 -0.30000000  0.30000000  0.42857143  0.0029     337
     291 -0.20000000  0.30000000  0.42857143  0.0029     338
     292 -0.10000000  0.30000000  0.42857143  0.0029     339
     293  0.00000000  0.40000000  0.42857143  0.0029     340
     294  0.10000000  0.40000000  0.42857143  0.0029     341
     295  0.20000000  0.40000000  0.42857143  0.0029     342
     296  0.30000000  0.40000000  0.42857143  0.0029     343
     297  0.40000000  0.40000000  0.42857143  0.0029     344
     298  0.50000000  0.40000000  0.42857143  0.0029     345
     299 -0.40000000  0.40000000  0.42857143  0.0029     346
     300 -0.30000000  0.40000000  0.42857143  0.0029     347
     301 -0.20000000  0.40000000  0.42857143  0.0029     348
     302 -0.10000000  0.40000000  0.42857143  0.0029     349
     303  0.00000000  0.50000000  0.42857143  0.0029     350
     304  0.10000000  0.50000000  0.42857143  0.0029     351
     305  0.20000000  0.50000000  0.42857143  0.0029     352
     306  0.30000000  0.50000000  0.42857143  0.0029     353
     307  0.40000000  0.50000000  0.42857143  0.0029     354
     308  0.50000000  0.50000000  0.42857143  0.0029     355
     309 -0.40000000  0.50000000  0.42857143  0.0029     356
     310 -0.30000000  0.50000000  0.42857143  0.0029     357
     311 -0.20000000  0.50000000  0.42857143  0.0029     358
     312 -0.10000000  0.50000000  0.42857143  0.0029     359
     313  0.00000000 -0.40000000  0.42857143  0.0029     360
     314  0.10000000 -0.40000000  0.42857143  0.0029     361
     315  0.20000000 -0.40000000  0.42857143  0.0029     362
     316  0.30000000 -0.40000000  0.42857143  0.0029     363
     317  0.40000000 -0.40000000  0.42857143  0.0029     364
     318  0.50000000 -0.40000000  0.42857143  0.0029     365
     319  0.40000000  0.40000000 -0.42857143  0.0029     366
     320  0.30000000  0.40000000 -0.42857143  0.0029     367
     321  0.20000000  0.40000000 -0.42857143  0.0029     368
     322  0.10000000  0.40000000 -0.42857143  0.0029     369
     323  0.00000000 -0.30000000  0.42857143  0.0029     370
     324  0.10000000 -0.30000000  0.42857143  0.0029     371
     325  0.20000000 -0.30000000  0.42857143  0.0029     372
     326  0.30000000 -0.30000000  0.42857143  0.0029     373
     327  0.40000000 -0.30000000  0.42857143  0.0029     374
     328  0.50000000 -0.30000000  0.42857143  0.0029     375
     329  0.40000000  0.30000000 -0.42857143  0.0029     376
     330  0.30000000  0.30000000 -0.42857143  0.0029     377
     331  0.20000000  0.30000000 -0.42857143  0.0029     378
     332 -0.10000000 -0.30000000  0.42857143  0.0029     379
     333  0.00000000 -0.20000000  0.42857143  0.0029     380
     334  0.10000000 -0.20000000  0.42857143  0.0029     381
     335  0.20000000 -0.20000000  0.42857143  0.0029     382
     336  0.30000000 -0.20000000  0.42857143  0.0029     383
     337  0.40000000 -0.20000000  0.42857143  0.0029     384
     338  0.50000000 -0.20000000  0.42857143  0.0029     385
     339  0.40000000  0.20000000 -0.42857143  0.0029     386
     340  0.30000000  0.20000000 -0.42857143  0.0029     387
     341 -0.20000000 -0.20000000  0.42857143  0.0029     388
     342 -0.10000000 -0.20000000  0.42857143  0.0029     389
     343  0.00000000 -0.10000000  0.42857143  0.0029     390
     344  0.10000000 -0.10000000  0.42857143  0.0029     391
     345  0.20000000 -0.10000000  0.42857143  0.0029     392
     346  0.30000000 -0.10000000  0.42857143  0.0029     393
     347  0.40000000 -0.10000000  0.42857143  0.0029     394
     348  0.50000000 -0.10000000  0.42857143  0.0029     395
     349  0.40000000  0.10000000 -0.42857143  0.0029     396
     350 -0.30000000 -0.10000000  0.42857143  0.0029     397
     351 -0.20000000 -0.10000000  0.42857143  0.0029     398
     352 -0.10000000 -0.10000000  0.42857143  0.0029     399

                               nkstot now = 352
K-POINTS DIRECT COORDINATES
 KPOINTS    DIRECT_X    DIRECT_Y    DIRECT_Z  WEIGHT
       1  0.00000000  0.00000000  0.00000000  0.0014
       2  0.10000000  0.00000000  0.00000000  0.0029
       3  0.20000000  0.00000000  0.00000000  0.0029
       4  0.30000000  0.00000000  0.00000000  0.0029
       5  0.40000000  0.00000000  0.00000000  0.0029
       6  0.50000000  0.00000000  0.00000000  0.0014
       7  0.00000000  0.10000000  0.00000000  0.0029
       8  0.10000000  0.10000000  0.00000000  0.0029
       9  0.20000000  0.10000000  0.00000000  0.0029
      10  0.30000000  0.10000000  0.00000000  0.0029
      11  0.40000000  0.10000000  0.00000000  0.0029
      12  0.50000000  0.10000000  0.00000000  0.0029
      13  0.40000000 -0.10000000  0.00000000  0.0029
      14  0.30000000 -0.10000000  0.00000000  0.0029
      15  0.20000000 -0.10000000  0.00000000  0.0029
      16 -0.10000000  0.10000000  0.00000000  0.0029
      17  0.00000000  0.20000000  0.00000000  0.0029
      18  0.10000000  0.20000000  0.00000000  0.0029
      19  0.20000000  0.20000000  0.00000000  0.0029
      20  0.30000000  0.20000000  0.00000000  0.0029
      21  0.40000000  0.20000000  0.00000000  0.0029
      22  0.50000000  0.20000000  0.00000000  0.0029
      23  0.40000000 -0.20000000  0.00000000  0.0029
      24  0.30000000 -0.20000000  0.00000000  0.0029
      25 -0.20000000  0.20000000  0.00000000  0.0029
      26 -0.10000000  0.20000000  0.00000000  0.0029
      27  0.00000000  0.30000000  0.00000000  0.0029
      28  0.10000000  0.30000000  0.00000000  0.0029
      29  0.20000000  0.30000000  0.00000000  0.0029
      30  0.30000000  0.30000000  0.00000000  0.0029
      31  0.40000000  0.30000000  0.00000000  0.0029
      32  0.50000000  0.30000000  0.00000000  0.0029
      33  0.40000000 -0.30000000  0.00000000  0.0029
      34 -0.30000000  0.30000000  0.00000000  0.0029
      35 -0.20000000  0.30000000  0.00000000  0.0029
      36 -0.10000000  0.30000000  0.00000000  0.0029
      37  0.00000000  0.40000000  0.00000000  0.0029
      38  0.10000000  0.40000000  0.00000000  0.0029
      39  0.20000000  0.40000000  0.00000000  0.0029
      40  0.30000000  0.40000000  0.00000000  0.0029
      41  0.40000000  0.40000000  0.00000000  0.0029
      42  0.50000000  0.40000000  0.00000000  0.0029
      43 -0.40000000  0.40000000  0.00000000  0.0029
      44 -0.30000000  0.40000000  0.00000000  0.0029
      45 -0.20000000  0.40000000  0.00000000  0.0029
      46 -0.10000000  0.40000000  0.00000000  0.0029
      47  0.00000000  0.50000000  0.00000000  0.0014
      48  0.10000000  0.50000000  0.00000000  0.0029
      49  0.20000000  0.50000000  0.00000000  0.0029
      50  0.30000000  0.50000000  0.00000000  0.0029
      51  0.40000000  0.50000000  0.00000000  0.0029
      52  0.50000000  0.50000000  0.00000000  0.0014
      53  0.00000000  0.00000000  0.14285714  0.0029
      54  0.10000000  0.00000000  0.14285714  0.0029
      55  0.20000000  0.00000000  0.14285714  0.0029
      56  0.30000000  0.00000000  0.14285714  0.0029
      57  0.40000000  0.00000000  0.14285714  0.0029
      58  0.50000000  0.00000000  0.14285714  0.0029
      59  0.40000000  0.00000000 -0.14285714  0.0029
      60  0.30000000  0.00000000 -0.14285714  0.0029
      61  0.20000000  0.00000000 -0.14285714  0.0029
      62 -0.10000000  0.00000000  0.14285714  0.0029
      63  0.00000000  0.10000000  0.14285714  0.0029
      64  0.10000000  0.10000000  0.14285714  0.0029
      65  0.20000000  0.10000000  0.14285714  0.0029
      66  0.30000000  0.10000000  0.14285714  0.0029
      67  0.40000000  0.10000000  0.14285714  0.0029
      68  0.50000000  0.10000000  0.14285714  0.0029
      69  0.40000000 -0.10000000 -0.14285714  0.0029
      70  0.30000000 -0.10000000 -0.14285714  0.0029
      71 -0.20000000  0.10000000  0.14285714  0.0029
      72 -0.10000000  0.10000000  0.14285714  0.0029
      73  0.00000000  0.20000000  0.14285714  0.0029
      74  0.10000000  0.20000000  0.14285714  0.0029
      75  0.20000000  0.20000000  0.14285714  0.0029
      76  0.30000000  0.20000000  0.14285714  0.0029
      77  0.40000000  0.20000000  0.14285714  0.0029
      78  0.50000000  0.20000000  0.14285714  0.0029
      79  0.40000000 -0.20000000 -0.14285714  0.0029
      80 -0.30000000  0.20000000  0.14285714  0.0029
      81 -0.20000000  0.20000000  0.14285714  0.0029
      82 -0.10000000  0.20000000  0.14285714  0.0029
      83  0.00000000  0.30000000  0.14285714  0.0029
      84  0.10000000  0.30000000  0.14285714  0.0029
      85  0.20000000  0.30000000  0.14285714  0.0029
      86  0.30000000  0.30000000  0.14285714  0.0029
      87  0.40000000  0.30000000  0.14285714  0.0029
      88  0.50000000  0.30000000  0.14285714  0.0029
      89 -0.40000000  0.30000000  0.14285714  0.0029
      90 -0.30000000  0.30000000  0.14285714  0.0029
      91 -0.20000000  0.30000000  0.14285714  0.0029
      92 -0.10000000  0.30000000  0.14285714  0.0029
      93  0.00000000  0.40000000  0.14285714  0.0029
      94  0.10000000  0.40000000  0.14285714  0.0029
      95  0.20000000  0.40000000  0.14285714  0.0029
      96  0.30000000  0.40000000  0.14285714  0.0029
      97  0.40000000  0.40000000  0.14285714  0.0029
      98  0.50000000  0.40000000  0.14285714  0.0029
      99 -0.40000000  0.40000000  0.14285714  0.0029
     100 -0.30000000  0.40000000  0.14285714  0.0029
     101 -0.20000000  0.40000000  0.14285714  0.0029
     102 -0.10000000  0.40000000  0.14285714  0.0029
     103  0.00000000  0.50000000  0.14285714  0.0029
     104  0.10000000  0.50000000  0.14285714  0.0029
     105  0.20000000  0.50000000  0.14285714  0.0029
     106  0.30000000  0.50000000  0.14285714  0.0029
     107  0.40000000  0.50000000  0.14285714  0.0029
     108  0.50000000  0.50000000  0.14285714  0.0029
     109  0.40000000  0.50000000 -0.14285714  0.0029
     110  0.30000000  0.50000000 -0.14285714  0.0029
     111  0.20000000  0.50000000 -0.14285714  0.0029
     112 -0.10000000  0.50000000  0.14285714  0.0029
     113  0.00000000  0.40000000 -0.14285714  0.0029
     114 -0.10000000  0.40000000 -0.14285714  0.0029
     115 -0.20000000  0.40000000 -0.14285714  0.0029
     116  0.30000000 -0.40000000  0.14285714  0.0029
     117  0.40000000 -0.40000000  0.14285714  0.0029
     118  0.50000000  0.40000000 -0.14285714  0.0029
     119  0.40000000  0.40000000 -0.14285714  0.0029
     120  0.30000000  0.40000000 -0.14285714  0.0029
     121  0.20000000  0.40000000 -0.14285714  0.0029
     122  0.10000000  0.40000000 -0.14285714  0.0029
     123  0.00000000  0.30000000 -0.14285714  0.0029
     124 -0.10000000  0.30000000 -0.14285714  0.0029
     125  0.20000000 -0.30000000  0.14285714  0.0029
     126  0.30000000 -0.30000000  0.14285714  0.0029
     127  0.40000000 -0.30000000  0.14285714  0.0029
     128  0.50000000  0.30000000 -0.14285714  0.0029
     129  0.40000000  0.30000000 -0.14285714  0.0029
     130  0.30000000  0.30000000 -0.14285714  0.0029
     131  0.20000000  0.30000000 -0.14285714  0.0029
     132  0.10000000  0.30000000 -0.14285714  0.0029
     133  0.00000000  0.20000000 -0.14285714  0.0029
     134  0.10000000 -0.20000000  0.14285714  0.0029
     135  0.20000000 -0.20000000  0.14285714  0.0029
     136  0.30000000 -0.20000000  0.14285714  0.0029
     137  0.40000000 -0.20000000  0.14285714  0.0029
     138  0.50000000  0.20000000 -0.14285714  0.0029
     139  0.40000000  0.20000000 -0.14285714  0.0029
     140  0.30000000  0.20000000 -0.14285714  0.0029
     141  0.20000000  0.20000000 -0.14285714  0.0029
     142  0.10000000  0.20000000 -0.14285714  0.0029
     143  0.00000000 -0.10000000  0.14285714  0.0029
     144  0.10000000 -0.10000000  0.14285714  0.0029
     145  0.20000000 -0.10000000  0.14285714  0.0029
     146  0.30000000 -0.10000000  0.14285714  0.0029
     147  0.40000000 -0.10000000  0.14285714  0.0029
     148  0.50000000 -0.10000000  0.14285714  0.0029
     149  0.40000000  0.10000000 -0.14285714  0.0029
     150  0.30000000  0.10000000 -0.14285714  0.0029
     151  0.20000000  0.10000000 -0.14285714  0.0029
     152  0.10000000  0.10000000 -0.14285714  0.0029
     153  0.00000000  0.00000000  0.28571429  0.0029
     154  0.10000000  0.00000000  0.28571429  0.0029
     155  0.20000000  0.00000000  0.28571429  0.0029
     156  0.30000000  0.00000000  0.28571429  0.0029
     157  0.40000000  0.00000000  0.28571429  0.0029
     158  0.50000000  0.00000000  0.28571429  0.0029
     159  0.40000000  0.00000000 -0.28571429  0.0029
     160  0.30000000  0.00000000 -0.28571429  0.0029
     161 -0.20000000  0.00000000  0.28571429  0.0029
     162 -0.10000000  0.00000000  0.28571429  0.0029
     163  0.00000000  0.10000000  0.28571429  0.0029
     164  0.10000000  0.10000000  0.28571429  0.0029
     165  0.20000000  0.10000000  0.28571429  0.0029
     166  0.30000000  0.10000000  0.28571429  0.0029
     167  0.40000000  0.10000000  0.28571429  0.0029
     168  0.50000000  0.10000000  0.28571429  0.0029
     169  0.40000000 -0.10000000 -0.28571429  0.0029
     170 -0.30000000  0.10000000  0.28571429  0.0029
     171 -0.20000000  0.10000000  0.28571429  0.0029
     172 -0.10000000  0.10000000  0.28571429  0.0029
     173  0.00000000  0.20000000  0.28571429  0.0029
     174  0.10000000  0.20000000  0.28571429  0.0029
     175  0.20000000  0.20000000  0.28571429  0.0029
     176  0.30000000  0.20000000  0.28571429  0.0029
     177  0.40000000  0.20000000  0.28571429  0.0029
     178  0.50000000  0.20000000  0.28571429  0.0029
     179 -0.40000000  0.20000000  0.28571429  0.0029
     180 -0.30000000  0.20000000  0.28571429  0.0029
     181 -0.20000000  0.20000000  0.28571429  0.0029
     182 -0.10000000  0.20000000  0.28571429  0.0029
     183  0.00000000  0.30000000  0.28571429  0.0029
     184  0.10000000  0.30000000  0.28571429  0.0029
     185  0.20000000  0.30000000  0.28571429  0.0029
     186  0.30000000  0.30000000  0.28571429  0.0029
     187  0.40000000  0.30000000  0.28571429  0.0029
     188  0.50000000  0.30000000  0.28571429  0.0029
     189 -0.40000000  0.30000000  0.28571429  0.0029
     190 -0.30000000  0.30000000  0.28571429  0.0029
     191 -0.20000000  0.30000000  0.28571429  0.0029
     192 -0.10000000  0.30000000  0.28571429  0.0029
     193  0.00000000  0.40000000  0.28571429  0.0029
     194  0.10000000  0.40000000  0.28571429  0.0029
     195  0.20000000  0.40000000  0.28571429  0.0029
     196  0.30000000  0.40000000  0.28571429  0.0029
     197  0.40000000  0.40000000  0.28571429  0.0029
     198  0.50000000  0.40000000  0.28571429  0.0029
     199 -0.40000000  0.40000000  0.28571429  0.0029
     200 -0.30000000  0.40000000  0.28571429  0.0029
     201 -0.20000000  0.40000000  0.28571429  0.0029
     202 -0.10000000  0.40000000  0.28571429  0.0029
     203  0.00000000  0.50000000  0.28571429  0.0029
     204  0.10000000  0.50000000  0.28571429  0.0029
     205  0.20000000  0.50000000  0.28571429  0.0029
     206  0.30000000  0.50000000  0.28571429  0.0029
     207  0.40000000  0.50000000  0.28571429  0.0029
     208  0.50000000  0.50000000  0.28571429  0.0029
     209  0.40000000  0.50000000 -0.28571429  0.0029
     210  0.30000000  0.50000000 -0.28571429  0.0029
     211 -0.20000000  0.50000000  0.28571429  0.0029
     212 -0.10000000  0.50000000  0.28571429  0.0029
     213  0.00000000  0.40000000 -0.28571429  0.0029
     214 -0.10000000  0.40000000 -0.28571429  0.0029
     215  0.20000000 -0.40000000  0.28571429  0.0029
     216  0.30000000 -0.40000000  0.28571429  0.0029
     217  0.40000000 -0.40000000  0.28571429  0.0029
     218  0.50000000  0.40000000 -0.28571429  0.0029
     219  0.40000000  0.40000000 -0.28571429  0.0029
     220  0.30000000  0.40000000 -0.28571429  0.0029
     221  0.20000000  0.40000000 -0.28571429  0.0029
     222  0.10000000  0.40000000 -0.28571429  0.0029
     223  0.00000000  0.30000000 -0.28571429  0.0029
     224  0.10000000 -0.30000000  0.28571429  0.0029
     225  0.20000000 -0.30000000  0.28571429  0.0029
     226  0.30000000 -0.30000000  0.28571429  0.0029
     227  0.40000000 -0.30000000  0.28571429  0.0029
     228  0.50000000  0.30000000 -0.28571429  0.0029
     229  0.40000000  0.30000000 -0.28571429  0.0029
     230  0.30000000  0.30000000 -0.28571429  0.0029
     231  0.20000000  0.30000000 -0.28571429  0.0029
     232  0.10000000  0.30000000 -0.28571429  0.0029
     233  0.00000000 -0.20000000  0.28571429  0.0029
     234  0.10000000 -0.20000000  0.28571429  0.0029
     235  0.20000000 -0.20000000  0.28571429  0.0029
     236  0.30000000 -0.20000000  0.28571429  0.0029
     237  0.40000000 -0.20000000  0.28571429  0.0029
     238  0.50000000 -0.20000000  0.28571429  0.0029
     239  0.40000000  0.20000000 -0.28571429  0.0029
     240  0.30000000  0.20000000 -0.28571429  0.0029
     241  0.20000000  0.20000000 -0.28571429  0.0029
     242  0.10000000  0.20000000 -0.28571429  0.0029
     243  0.00000000 -0.10000000  0.28571429  0.0029
     244  0.10000000 -0.10000000  0.28571429  0.0029
     245  0.20000000 -0.10000000  0.28571429  0.0029
     246  0.30000000 -0.10000000  0.28571429  0.0029
     247  0.40000000 -0.10000000  0.28571429  0.0029
     248  0.50000000 -0.10000000  0.28571429  0.0029
     249  0.40000000  0.10000000 -0.28571429  0.0029
     250  0.30000000  0.10000000 -0.28571429  0.0029
     251  0.20000000  0.10000000 -0.28571429  0.0029
     252 -0.10000000 -0.10000000  0.28571429  0.0029
     253  0.00000000  0.00000000  0.42857143  0.0029
     254  0.10000000  0.00000000  0.42857143  0.0029
     255  0.20000000  0.00000000  0.42857143  0.0029
     256  0.30000000  0.00000000  0.42857143  0.0029
     257  0.40000000  0.00000000  0.42857143  0.0029
     258  0.50000000  0.00000000  0.42857143  0.0029
     259 -0.40000000  0.00000000  0.42857143  0.0029
     260 -0.30000000  0.00000000  0.42857143  0.0029
     261 -0.20000000  0.00000000  0.42857143  0.0029
     262 -0.10000000  0.00000000  0.42857143  0.0029
     263  0.00000000  0.10000000  0.42857143  0.0029
     264  0.10000000  0.10000000  0.42857143  0.0029
     265  0.20000000  0.10000000  0.42857143  0.0029
     266  0.30000000  0.10000000  0.42857143  0.0029
     267  0.40000000  0.10000000  0.42857143  0.0029
     268  0.50000000  0.10000000  0.42857143  0.0029
     269 -0.40000000  0.10000000  0.42857143  0.0029
     270 -0.30000000  0.10000000  0.42857143  0.0029
     271 -0.20000000  0.10000000  0.42857143  0.0029
     272 -0.10000000  0.10000000  0.42857143  0.0029
     273  0.00000000  0.20000000  0.42857143  0.0029
     274  0.10000000  0.20000000  0.42857143  0.0029
     275  0.20000000  0.20000000  0.42857143  0.0029
     276  0.30000000  0.20000000  0.42857143  0.0029
     277  0.40000000  0.20000000  0.42857143  0.0029
     278  0.50000000  0.20000000  0.42857143  0.0029
     279 -0.40000000  0.20000000  0.42857143  0.0029
     280 -0.30000000  0.20000000  0.42857143  0.0029
     281 -0.20000000  0.20000000  0.42857143  0.0029
     282 -0.10000000  0.20000000  0.42857143  0.0029
     283  0.00000000  0.30000000  0.42857143  0.0029
     284  0.10000000  0.30000000  0.42857143  0.0029
     285  0.20000000  0.30000000  0.42857143  0.0029
     286  0.30000000  0.30000000  0.42857143  0.0029
     287  0.40000000  0.30000000  0.42857143  0.0029
     288  0.50000000  0.30000000  0.42857143  0.0029
     289 -0.40000000  0.30000000  0.42857143  0.0029
     290 -0.30000000  0.30000000  0.42857143  0.0029
     291 -0.20000000  0.30000000  0.42857143  0.0029
     292 -0.10000000  0.30000000  0.42857143  0.0029
     293  0.00000000  0.40000000  0.42857143  0.0029
     294  0.10000000  0.40000000  0.42857143  0.0029
     295  0.20000000  0.40000000  0.42857143  0.0029
     296  0.30000000  0.40000000  0.42857143  0.0029
     297  0.40000000  0.40000000  0.42857143  0.0029
     298  0.50000000  0.40000000  0.42857143  0.0029
     299 -0.40000000  0.40000000  0.42857143  0.0029
     300 -0.30000000  0.40000000  0.42857143  0.0029
     301 -0.20000000  0.40000000  0.42857143  0.0029
     302 -0.10000000  0.40000000  0.42857143  0.0029
     303  0.00000000  0.50000000  0.42857143  0.0029
     304  0.10000000  0.50000000  0.42857143  0.0029
     305  0.20000000  0.50000000  0.42857143  0.0029
     306  0.30000000  0.50000000  0.42857143  0.0029
     307  0.40000000  0.50000000  0.42857143  0.0029
     308  0.50000000  0.50000000  0.42857143  0.0029
     309 -0.40000000  0.50000000  0.42857143  0.0029
     310 -0.30000000  0.50000000  0.42857143  0.0029
     311 -0.20000000  0.50000000  0.42857143  0.0029
     312 -0.10000000  0.50000000  0.42857143  0.0029
     313  0.00000000 -0.40000000  0.42857143  0.0029
     314  0.10000000 -0.40000000  0.42857143  0.0029
     315  0.20000000 -0.40000000  0.42857143  0.0029
     316  0.30000000 -0.40000000  0.42857143  0.0029
     317  0.40000000 -0.40000000  0.42857143  0.0029
     318  0.50000000 -0.40000000  0.42857143  0.0029
     319  0.40000000  0.40000000 -0.42857143  0.0029
     320  0.30000000  0.40000000 -0.42857143  0.0029
     321  0.20000000  0.40000000 -0.42857143  0.0029
     322  0.10000000  0.40000000 -0.42857143  0.0029
     323  0.00000000 -0.30000000  0.42857143  0.0029
     324  0.10000000 -0.30000000  0.42857143  0.0029
     325  0.20000000 -0.30000000  0.42857143  0.0029
     326  0.30000000 -0.30000000  0.42857143  0.0029
     327  0.40000000 -0.30000000  0.42857143  0.0029
     328  0.50000000 -0.30000000  0.42857143  0.0029
     329  0.40000000  0.30000000 -0.42857143  0.0029
     330  0.30000000  0.30000000 -0.42857143  0.0029
     331  0.20000000  0.30000000 -0.42857143  0.0029
     332 -0.10000000 -0.30000000  0.42857143  0.0029
     333  0.00000000 -0.20000000  0.42857143  0.0029
     334  0.10000000 -0.20000000  0.42857143  0.0029
     335  0.20000000 -0.20000000  0.42857143  0.0029
     336  0.30000000 -0.20000000  0.42857143  0.0029
     337  0.40000000 -0.20000000  0.42857143  0.0029
     338  0.50000000 -0.20000000  0.42857143  0.0029
     339  0.40000000  0.20000000 -0.42857143  0.0029
     340  0.30000000  0.20000000 -0.42857143  0.0029
     341 -0.20000000 -0.20000000  0.42857143  0.0029
     342 -0.10000000 -0.20000000  0.42857143  0.0029
     343  0.00000000 -0.10000000  0.42857143  0.0029
     344  0.10000000 -0.10000000  0.42857143  0.0029
     345  0.20000000 -0.10000000  0.42857143  0.0029
     346  0.30000000 -0.10000000  0.42857143  0.0029
     347  0.40000000 -0.10000000  0.42857143  0.0029
     348  0.50000000 -0.10000000  0.42857143  0.0029
     349  0.40000000  0.10000000 -0.42857143  0.0029
     350 -0.30000000 -0.10000000  0.42857143  0.0029
     351 -0.20000000 -0.10000000  0.42857143  0.0029
     352 -0.10000000 -0.10000000  0.42857143  0.0029


           k-point number in this process = 352
       minimum distributed K point number = 352
starsize: 1
isym: 0 ks_vec: 0 0 0
starsize: 2
isym: 0 ks_vec: 0.1 0 0
isym: 1 ks_vec: -0.1 0 0
starsize: 2
isym: 0 ks_vec: 0.2 0 0
isym: 1 ks_vec: -0.2 0 0
starsize: 2
isym: 0 ks_vec: 0.3 0 0
isym: 1 ks_vec: -0.3 0 0
starsize: 2
isym: 0 ks_vec: 0.4 0 0
isym: 1 ks_vec: -0.4 0 0
starsize: 1
isym: 0 ks_vec: 0.5 0 0
starsize: 2
isym: 0 ks_vec: 0 0.1 0
isym: 1 ks_vec: 0 -0.1 0
starsize: 2
isym: 0 ks_vec: 0.1 0.1 0
isym: 1 ks_vec: -0.1 -0.1 0
starsize: 2
isym: 0 ks_vec: 0.2 0.1 0
isym: 1 ks_vec: -0.2 -0.1 0
starsize: 2
isym: 0 ks_vec: 0.3 0.1 0
isym: 1 ks_vec: -0.3 -0.1 0
starsize: 2
isym: 0 ks_vec: 0.4 0.1 0
isym: 1 ks_vec: -0.4 -0.1 0
starsize: 2
isym: 0 ks_vec: 0.5 0.1 0
isym: 1 ks_vec: 0.5 -0.1 0
starsize: 2
isym: 0 ks_vec: 0.4 -0.1 0
isym: 1 ks_vec: -0.4 0.1 0
starsize: 2
isym: 0 ks_vec: 0.3 -0.1 0
isym: 1 ks_vec: -0.3 0.1 0
starsize: 2
isym: 0 ks_vec: 0.2 -0.1 0
isym: 1 ks_vec: -0.2 0.1 0
starsize: 2
isym: 0 ks_vec: -0.1 0.1 0
isym: 1 ks_vec: 0.1 -0.1 0
starsize: 2
isym: 0 ks_vec: 0 0.2 0
isym: 1 ks_vec: 0 -0.2 0
starsize: 2
isym: 0 ks_vec: 0.1 0.2 0
isym: 1 ks_vec: -0.1 -0.2 0
starsize: 2
isym: 0 ks_vec: 0.2 0.2 0
isym: 1 ks_vec: -0.2 -0.2 0
starsize: 2
isym: 0 ks_vec: 0.3 0.2 0
isym: 1 ks_vec: -0.3 -0.2 0
starsize: 2
isym: 0 ks_vec: 0.4 0.2 0
isym: 1 ks_vec: -0.4 -0.2 0
starsize: 2
isym: 0 ks_vec: 0.5 0.2 0
isym: 1 ks_vec: 0.5 -0.2 0
starsize: 2
isym: 0 ks_vec: 0.4 -0.2 0
isym: 1 ks_vec: -0.4 0.2 0
starsize: 2
isym: 0 ks_vec: 0.3 -0.2 0
isym: 1 ks_vec: -0.3 0.2 0
starsize: 2
isym: 0 ks_vec: -0.2 0.2 0
isym: 1 ks_vec: 0.2 -0.2 0
starsize: 2
isym: 0 ks_vec: -0.1 0.2 0
isym: 1 ks_vec: 0.1 -0.2 0
starsize: 2
isym: 0 ks_vec: 0 0.3 0
isym: 1 ks_vec: 0 -0.3 0
starsize: 2
isym: 0 ks_vec: 0.1 0.3 0
isym: 1 ks_vec: -0.1 -0.3 0
starsize: 2
isym: 0 ks_vec: 0.2 0.3 0
isym: 1 ks_vec: -0.2 -0.3 0
starsize: 2
isym: 0 ks_vec: 0.3 0.3 0
isym: 1 ks_vec: -0.3 -0.3 0
starsize: 2
isym: 0 ks_vec: 0.4 0.3 0
isym: 1 ks_vec: -0.4 -0.3 0
starsize: 2
isym: 0 ks_vec: 0.5 0.3 0
isym: 1 ks_vec: 0.5 -0.3 0
starsize: 2
isym: 0 ks_vec: 0.4 -0.3 0
isym: 1 ks_vec: -0.4 0.3 0
starsize: 2
isym: 0 ks_vec: -0.3 0.3 0
isym: 1 ks_vec: 0.3 -0.3 0
starsize: 2
isym: 0 ks_vec: -0.2 0.3 0
isym: 1 ks_vec: 0.2 -0.3 0
starsize: 2
isym: 0 ks_vec: -0.1 0.3 0
isym: 1 ks_vec: 0.1 -0.3 0
starsize: 2
isym: 0 ks_vec: 0 0.4 0
isym: 1 ks_vec: 0 -0.4 0
starsize: 2
isym: 0 ks_vec: 0.1 0.4 0
isym: 1 ks_vec: -0.1 -0.4 0
starsize: 2
isym: 0 ks_vec: 0.2 0.4 0
isym: 1 ks_vec: -0.2 -0.4 0
starsize: 2
isym: 0 ks_vec: 0.3 0.4 0
isym: 1 ks_vec: -0.3 -0.4 0
starsize: 2
isym: 0 ks_vec: 0.4 0.4 0
isym: 1 ks_vec: -0.4 -0.4 0
starsize: 2
isym: 0 ks_vec: 0.5 0.4 0
isym: 1 ks_vec: 0.5 -0.4 0
starsize: 2
isym: 0 ks_vec: -0.4 0.4 0
isym: 1 ks_vec: 0.4 -0.4 0
starsize: 2
isym: 0 ks_vec: -0.3 0.4 0
isym: 1 ks_vec: 0.3 -0.4 0
starsize: 2
isym: 0 ks_vec: -0.2 0.4 0
isym: 1 ks_vec: 0.2 -0.4 0
starsize: 2
isym: 0 ks_vec: -0.1 0.4 0
isym: 1 ks_vec: 0.1 -0.4 0
starsize: 1
isym: 0 ks_vec: 0 0.5 0
starsize: 2
isym: 0 ks_vec: 0.1 0.5 0
isym: 1 ks_vec: -0.1 0.5 0
starsize: 2
isym: 0 ks_vec: 0.2 0.5 0
isym: 1 ks_vec: -0.2 0.5 0
starsize: 2
isym: 0 ks_vec: 0.3 0.5 0
isym: 1 ks_vec: -0.3 0.5 0
starsize: 2
isym: 0 ks_vec: 0.4 0.5 0
isym: 1 ks_vec: -0.4 0.5 0
starsize: 1
isym: 0 ks_vec: 0.5 0.5 0
starsize: 2
isym: 0 ks_vec: 0 0 0.142857
isym: 1 ks_vec: 0 0 -0.142857
starsize: 2
isym: 0 ks_vec: 0.1 0 0.142857
isym: 1 ks_vec: -0.1 0 -0.142857
starsize: 2
isym: 0 ks_vec: 0.2 0 0.142857
isym: 1 ks_vec: -0.2 0 -0.142857
starsize: 2
isym: 0 ks_vec: 0.3 0 0.142857
isym: 1 ks_vec: -0.3 0 -0.142857
starsize: 2
isym: 0 ks_vec: 0.4 0 0.142857
isym: 1 ks_vec: -0.4 0 -0.142857
starsize: 2
isym: 0 ks_vec: 0.5 0 0.142857
isym: 1 ks_vec: 0.5 0 -0.142857
starsize: 2
isym: 0 ks_vec: 0.4 0 -0.142857
isym: 1 ks_vec: -0.4 0 0.142857
starsize: 2
isym: 0 ks_vec: 0.3 0 -0.142857
isym: 1 ks_vec: -0.3 0 0.142857
starsize: 2
isym: 0 ks_vec: 0.2 0 -0.142857
isym: 1 ks_vec: -0.2 0 0.142857
starsize: 2
isym: 0 ks_vec: -0.1 0 0.142857
isym: 1 ks_vec: 0.1 0 -0.142857
starsize: 2
isym: 0 ks_vec: 0 0.1 0.142857
isym: 1 ks_vec: 0 -0.1 -0.142857
starsize: 2
isym: 0 ks_vec: 0.1 0.1 0.142857
isym: 1 ks_vec: -0.1 -0.1 -0.142857
starsize: 2
isym: 0 ks_vec: 0.2 0.1 0.142857
isym: 1 ks_vec: -0.2 -0.1 -0.142857
starsize: 2
isym: 0 ks_vec: 0.3 0.1 0.142857
isym: 1 ks_vec: -0.3 -0.1 -0.142857
starsize: 2
isym: 0 ks_vec: 0.4 0.1 0.142857
isym: 1 ks_vec: -0.4 -0.1 -0.142857
starsize: 2
isym: 0 ks_vec: 0.5 0.1 0.142857
isym: 1 ks_vec: 0.5 -0.1 -0.142857
starsize: 2
isym: 0 ks_vec: 0.4 -0.1 -0.142857
isym: 1 ks_vec: -0.4 0.1 0.142857
starsize: 2
isym: 0 ks_vec: 0.3 -0.1 -0.142857
isym: 1 ks_vec: -0.3 0.1 0.142857
starsize: 2
isym: 0 ks_vec: -0.2 0.1 0.142857
isym: 1 ks_vec: 0.2 -0.1 -0.142857
starsize: 2
isym: 0 ks_vec: -0.1 0.1 0.142857
isym: 1 ks_vec: 0.1 -0.1 -0.142857
starsize: 2
isym: 0 ks_vec: 0 0.2 0.142857
isym: 1 ks_vec: 0 -0.2 -0.142857
starsize: 2
isym: 0 ks_vec: 0.1 0.2 0.142857
isym: 1 ks_vec: -0.1 -0.2 -0.142857
starsize: 2
isym: 0 ks_vec: 0.2 0.2 0.142857
isym: 1 ks_vec: -0.2 -0.2 -0.142857
starsize: 2
isym: 0 ks_vec: 0.3 0.2 0.142857
isym: 1 ks_vec: -0.3 -0.2 -0.142857
starsize: 2
isym: 0 ks_vec: 0.4 0.2 0.142857
isym: 1 ks_vec: -0.4 -0.2 -0.142857
starsize: 2
isym: 0 ks_vec: 0.5 0.2 0.142857
isym: 1 ks_vec: 0.5 -0.2 -0.142857
starsize: 2
isym: 0 ks_vec: 0.4 -0.2 -0.142857
isym: 1 ks_vec: -0.4 0.2 0.142857
starsize: 2
isym: 0 ks_vec: -0.3 0.2 0.142857
isym: 1 ks_vec: 0.3 -0.2 -0.142857
starsize: 2
isym: 0 ks_vec: -0.2 0.2 0.142857
isym: 1 ks_vec: 0.2 -0.2 -0.142857
starsize: 2
isym: 0 ks_vec: -0.1 0.2 0.142857
isym: 1 ks_vec: 0.1 -0.2 -0.142857
starsize: 2
isym: 0 ks_vec: 0 0.3 0.142857
isym: 1 ks_vec: 0 -0.3 -0.142857
starsize: 2
isym: 0 ks_vec: 0.1 0.3 0.142857
isym: 1 ks_vec: -0.1 -0.3 -0.142857
starsize: 2
isym: 0 ks_vec: 0.2 0.3 0.142857
isym: 1 ks_vec: -0.2 -0.3 -0.142857
starsize: 2
isym: 0 ks_vec: 0.3 0.3 0.142857
isym: 1 ks_vec: -0.3 -0.3 -0.142857
starsize: 2
isym: 0 ks_vec: 0.4 0.3 0.142857
isym: 1 ks_vec: -0.4 -0.3 -0.142857
starsize: 2
isym: 0 ks_vec: 0.5 0.3 0.142857
isym: 1 ks_vec: 0.5 -0.3 -0.142857
starsize: 2
isym: 0 ks_vec: -0.4 0.3 0.142857
isym: 1 ks_vec: 0.4 -0.3 -0.142857
starsize: 2
isym: 0 ks_vec: -0.3 0.3 0.142857
isym: 1 ks_vec: 0.3 -0.3 -0.142857
starsize: 2
isym: 0 ks_vec: -0.2 0.3 0.142857
isym: 1 ks_vec: 0.2 -0.3 -0.142857
starsize: 2
isym: 0 ks_vec: -0.1 0.3 0.142857
isym: 1 ks_vec: 0.1 -0.3 -0.142857
starsize: 2
isym: 0 ks_vec: 0 0.4 0.142857
isym: 1 ks_vec: 0 -0.4 -0.142857
starsize: 2
isym: 0 ks_vec: 0.1 0.4 0.142857
isym: 1 ks_vec: -0.1 -0.4 -0.142857
starsize: 2
isym: 0 ks_vec: 0.2 0.4 0.142857
isym: 1 ks_vec: -0.2 -0.4 -0.142857
starsize: 2
isym: 0 ks_vec: 0.3 0.4 0.142857
isym: 1 ks_vec: -0.3 -0.4 -0.142857
starsize: 2
isym: 0 ks_vec: 0.4 0.4 0.142857
isym: 1 ks_vec: -0.4 -0.4 -0.142857
starsize: 2
isym: 0 ks_vec: 0.5 0.4 0.142857
isym: 1 ks_vec: 0.5 -0.4 -0.142857
starsize: 2
isym: 0 ks_vec: -0.4 0.4 0.142857
isym: 1 ks_vec: 0.4 -0.4 -0.142857
starsize: 2
isym: 0 ks_vec: -0.3 0.4 0.142857
isym: 1 ks_vec: 0.3 -0.4 -0.142857
starsize: 2
isym: 0 ks_vec: -0.2 0.4 0.142857
isym: 1 ks_vec: 0.2 -0.4 -0.142857
starsize: 2
isym: 0 ks_vec: -0.1 0.4 0.142857
isym: 1 ks_vec: 0.1 -0.4 -0.142857
starsize: 2
isym: 0 ks_vec: 0 0.5 0.142857
isym: 1 ks_vec: 0 0.5 -0.142857
starsize: 2
isym: 0 ks_vec: 0.1 0.5 0.142857
isym: 1 ks_vec: -0.1 0.5 -0.142857
starsize: 2
isym: 0 ks_vec: 0.2 0.5 0.142857
isym: 1 ks_vec: -0.2 0.5 -0.142857
starsize: 2
isym: 0 ks_vec: 0.3 0.5 0.142857
isym: 1 ks_vec: -0.3 0.5 -0.142857
starsize: 2
isym: 0 ks_vec: 0.4 0.5 0.142857
isym: 1 ks_vec: -0.4 0.5 -0.142857
starsize: 2
isym: 0 ks_vec: 0.5 0.5 0.142857
isym: 1 ks_vec: 0.5 0.5 -0.142857
starsize: 2
isym: 0 ks_vec: 0.4 0.5 -0.142857
isym: 1 ks_vec: -0.4 0.5 0.142857
starsize: 2
isym: 0 ks_vec: 0.3 0.5 -0.142857
isym: 1 ks_vec: -0.3 0.5 0.142857
starsize: 2
isym: 0 ks_vec: 0.2 0.5 -0.142857
isym: 1 ks_vec: -0.2 0.5 0.142857
starsize: 2
isym: 0 ks_vec: -0.1 0.5 0.142857
isym: 1 ks_vec: 0.1 0.5 -0.142857
starsize: 2
isym: 0 ks_vec: 0 0.4 -0.142857
isym: 1 ks_vec: 0 -0.4 0.142857
starsize: 2
isym: 0 ks_vec: -0.1 0.4 -0.142857
isym: 1 ks_vec: 0.1 -0.4 0.142857
starsize: 2
isym: 0 ks_vec: -0.2 0.4 -0.142857
isym: 1 ks_vec: 0.2 -0.4 0.142857
starsize: 2
isym: 0 ks_vec: 0.3 -0.4 0.142857
isym: 1 ks_vec: -0.3 0.4 -0.142857
starsize: 2
isym: 0 ks_vec: 0.4 -0.4 0.142857
isym: 1 ks_vec: -0.4 0.4 -0.142857
starsize: 2
isym: 0 ks_vec: 0.5 0.4 -0.142857
isym: 1 ks_vec: 0.5 -0.4 0.142857
starsize: 2
isym: 0 ks_vec: 0.4 0.4 -0.142857
isym: 1 ks_vec: -0.4 -0.4 0.142857
starsize: 2
isym: 0 ks_vec: 0.3 0.4 -0.142857
isym: 1 ks_vec: -0.3 -0.4 0.142857
starsize: 2
isym: 0 ks_vec: 0.2 0.4 -0.142857
isym: 1 ks_vec: -0.2 -0.4 0.142857
starsize: 2
isym: 0 ks_vec: 0.1 0.4 -0.142857
isym: 1 ks_vec: -0.1 -0.4 0.142857
starsize: 2
isym: 0 ks_vec: 0 0.3 -0.142857
isym: 1 ks_vec: 0 -0.3 0.142857
starsize: 2
isym: 0 ks_vec: -0.1 0.3 -0.142857
isym: 1 ks_vec: 0.1 -0.3 0.142857
starsize: 2
isym: 0 ks_vec: 0.2 -0.3 0.142857
isym: 1 ks_vec: -0.2 0.3 -0.142857
starsize: 2
isym: 0 ks_vec: 0.3 -0.3 0.142857
isym: 1 ks_vec: -0.3 0.3 -0.142857
starsize: 2
isym: 0 ks_vec: 0.4 -0.3 0.142857
isym: 1 ks_vec: -0.4 0.3 -0.142857
starsize: 2
isym: 0 ks_vec: 0.5 0.3 -0.142857
isym: 1 ks_vec: 0.5 -0.3 0.142857
starsize: 2
isym: 0 ks_vec: 0.4 0.3 -0.142857
isym: 1 ks_vec: -0.4 -0.3 0.142857
starsize: 2
isym: 0 ks_vec: 0.3 0.3 -0.142857
isym: 1 ks_vec: -0.3 -0.3 0.142857
starsize: 2
isym: 0 ks_vec: 0.2 0.3 -0.142857
isym: 1 ks_vec: -0.2 -0.3 0.142857
starsize: 2
isym: 0 ks_vec: 0.1 0.3 -0.142857
isym: 1 ks_vec: -0.1 -0.3 0.142857
starsize: 2
isym: 0 ks_vec: 0 0.2 -0.142857
isym: 1 ks_vec: 0 -0.2 0.142857
starsize: 2
isym: 0 ks_vec: 0.1 -0.2 0.142857
isym: 1 ks_vec: -0.1 0.2 -0.142857
starsize: 2
isym: 0 ks_vec: 0.2 -0.2 0.142857
isym: 1 ks_vec: -0.2 0.2 -0.142857
starsize: 2
isym: 0 ks_vec: 0.3 -0.2 0.142857
isym: 1 ks_vec: -0.3 0.2 -0.142857
starsize: 2
isym: 0 ks_vec: 0.4 -0.2 0.142857
isym: 1 ks_vec: -0.4 0.2 -0.142857
starsize: 2
isym: 0 ks_vec: 0.5 0.2 -0.142857
isym: 1 ks_vec: 0.5 -0.2 0.142857
starsize: 2
isym: 0 ks_vec: 0.4 0.2 -0.142857
isym: 1 ks_vec: -0.4 -0.2 0.142857
starsize: 2
isym: 0 ks_vec: 0.3 0.2 -0.142857
isym: 1 ks_vec: -0.3 -0.2 0.142857
starsize: 2
isym: 0 ks_vec: 0.2 0.2 -0.142857
isym: 1 ks_vec: -0.2 -0.2 0.142857
starsize: 2
isym: 0 ks_vec: 0.1 0.2 -0.142857
isym: 1 ks_vec: -0.1 -0.2 0.142857
starsize: 2
isym: 0 ks_vec: 0 -0.1 0.142857
isym: 1 ks_vec: 0 0.1 -0.142857
starsize: 2
isym: 0 ks_vec: 0.1 -0.1 0.142857
isym: 1 ks_vec: -0.1 0.1 -0.142857
starsize: 2
isym: 0 ks_vec: 0.2 -0.1 0.142857
isym: 1 ks_vec: -0.2 0.1 -0.142857
starsize: 2
isym: 0 ks_vec: 0.3 -0.1 0.142857
isym: 1 ks_vec: -0.3 0.1 -0.142857
starsize: 2
isym: 0 ks_vec: 0.4 -0.1 0.142857
isym: 1 ks_vec: -0.4 0.1 -0.142857
starsize: 2
isym: 0 ks_vec: 0.5 -0.1 0.142857
isym: 1 ks_vec: 0.5 0.1 -0.142857
starsize: 2
isym: 0 ks_vec: 0.4 0.1 -0.142857
isym: 1 ks_vec: -0.4 -0.1 0.142857
starsize: 2
isym: 0 ks_vec: 0.3 0.1 -0.142857
isym: 1 ks_vec: -0.3 -0.1 0.142857
starsize: 2
isym: 0 ks_vec: 0.2 0.1 -0.142857
isym: 1 ks_vec: -0.2 -0.1 0.142857
starsize: 2
isym: 0 ks_vec: 0.1 0.1 -0.142857
isym: 1 ks_vec: -0.1 -0.1 0.142857
starsize: 2
isym: 0 ks_vec: 0 0 0.285714
isym: 1 ks_vec: 0 0 -0.285714
starsize: 2
isym: 0 ks_vec: 0.1 0 0.285714
isym: 1 ks_vec: -0.1 0 -0.285714
starsize: 2
isym: 0 ks_vec: 0.2 0 0.285714
isym: 1 ks_vec: -0.2 0 -0.285714
starsize: 2
isym: 0 ks_vec: 0.3 0 0.285714
isym: 1 ks_vec: -0.3 0 -0.285714
starsize: 2
isym: 0 ks_vec: 0.4 0 0.285714
isym: 1 ks_vec: -0.4 0 -0.285714
starsize: 2
isym: 0 ks_vec: 0.5 0 0.285714
isym: 1 ks_vec: 0.5 0 -0.285714
starsize: 2
isym: 0 ks_vec: 0.4 0 -0.285714
isym: 1 ks_vec: -0.4 0 0.285714
starsize: 2
isym: 0 ks_vec: 0.3 0 -0.285714
isym: 1 ks_vec: -0.3 0 0.285714
starsize: 2
isym: 0 ks_vec: -0.2 0 0.285714
isym: 1 ks_vec: 0.2 0 -0.285714
starsize: 2
isym: 0 ks_vec: -0.1 0 0.285714
isym: 1 ks_vec: 0.1 0 -0.285714
starsize: 2
isym: 0 ks_vec: 0 0.1 0.285714
isym: 1 ks_vec: 0 -0.1 -0.285714
starsize: 2
isym: 0 ks_vec: 0.1 0.1 0.285714
isym: 1 ks_vec: -0.1 -0.1 -0.285714
starsize: 2
isym: 0 ks_vec: 0.2 0.1 0.285714
isym: 1 ks_vec: -0.2 -0.1 -0.285714
starsize: 2
isym: 0 ks_vec: 0.3 0.1 0.285714
isym: 1 ks_vec: -0.3 -0.1 -0.285714
starsize: 2
isym: 0 ks_vec: 0.4 0.1 0.285714
isym: 1 ks_vec: -0.4 -0.1 -0.285714
starsize: 2
isym: 0 ks_vec: 0.5 0.1 0.285714
isym: 1 ks_vec: 0.5 -0.1 -0.285714
starsize: 2
isym: 0 ks_vec: 0.4 -0.1 -0.285714
isym: 1 ks_vec: -0.4 0.1 0.285714
starsize: 2
isym: 0 ks_vec: -0.3 0.1 0.285714
isym: 1 ks_vec: 0.3 -0.1 -0.285714
starsize: 2
isym: 0 ks_vec: -0.2 0.1 0.285714
isym: 1 ks_vec: 0.2 -0.1 -0.285714
starsize: 2
isym: 0 ks_vec: -0.1 0.1 0.285714
isym: 1 ks_vec: 0.1 -0.1 -0.285714
starsize: 2
isym: 0 ks_vec: 0 0.2 0.285714
isym: 1 ks_vec: 0 -0.2 -0.285714
starsize: 2
isym: 0 ks_vec: 0.1 0.2 0.285714
isym: 1 ks_vec: -0.1 -0.2 -0.285714
starsize: 2
isym: 0 ks_vec: 0.2 0.2 0.285714
isym: 1 ks_vec: -0.2 -0.2 -0.285714
starsize: 2
isym: 0 ks_vec: 0.3 0.2 0.285714
isym: 1 ks_vec: -0.3 -0.2 -0.285714
starsize: 2
isym: 0 ks_vec: 0.4 0.2 0.285714
isym: 1 ks_vec: -0.4 -0.2 -0.285714
starsize: 2
isym: 0 ks_vec: 0.5 0.2 0.285714
isym: 1 ks_vec: 0.5 -0.2 -0.285714
starsize: 2
isym: 0 ks_vec: -0.4 0.2 0.285714
isym: 1 ks_vec: 0.4 -0.2 -0.285714
starsize: 2
isym: 0 ks_vec: -0.3 0.2 0.285714
isym: 1 ks_vec: 0.3 -0.2 -0.285714
starsize: 2
isym: 0 ks_vec: -0.2 0.2 0.285714
isym: 1 ks_vec: 0.2 -0.2 -0.285714
starsize: 2
isym: 0 ks_vec: -0.1 0.2 0.285714
isym: 1 ks_vec: 0.1 -0.2 -0.285714
starsize: 2
isym: 0 ks_vec: 0 0.3 0.285714
isym: 1 ks_vec: 0 -0.3 -0.285714
starsize: 2
isym: 0 ks_vec: 0.1 0.3 0.285714
isym: 1 ks_vec: -0.1 -0.3 -0.285714
starsize: 2
isym: 0 ks_vec: 0.2 0.3 0.285714
isym: 1 ks_vec: -0.2 -0.3 -0.285714
starsize: 2
isym: 0 ks_vec: 0.3 0.3 0.285714
isym: 1 ks_vec: -0.3 -0.3 -0.285714
starsize: 2
isym: 0 ks_vec: 0.4 0.3 0.285714
isym: 1 ks_vec: -0.4 -0.3 -0.285714
starsize: 2
isym: 0 ks_vec: 0.5 0.3 0.285714
isym: 1 ks_vec: 0.5 -0.3 -0.285714
starsize: 2
isym: 0 ks_vec: -0.4 0.3 0.285714
isym: 1 ks_vec: 0.4 -0.3 -0.285714
starsize: 2
isym: 0 ks_vec: -0.3 0.3 0.285714
isym: 1 ks_vec: 0.3 -0.3 -0.285714
starsize: 2
isym: 0 ks_vec: -0.2 0.3 0.285714
isym: 1 ks_vec: 0.2 -0.3 -0.285714
starsize: 2
isym: 0 ks_vec: -0.1 0.3 0.285714
isym: 1 ks_vec: 0.1 -0.3 -0.285714
starsize: 2
isym: 0 ks_vec: 0 0.4 0.285714
isym: 1 ks_vec: 0 -0.4 -0.285714
starsize: 2
isym: 0 ks_vec: 0.1 0.4 0.285714
isym: 1 ks_vec: -0.1 -0.4 -0.285714
starsize: 2
isym: 0 ks_vec: 0.2 0.4 0.285714
isym: 1 ks_vec: -0.2 -0.4 -0.285714
starsize: 2
isym: 0 ks_vec: 0.3 0.4 0.285714
isym: 1 ks_vec: -0.3 -0.4 -0.285714
starsize: 2
isym: 0 ks_vec: 0.4 0.4 0.285714
isym: 1 ks_vec: -0.4 -0.4 -0.285714
starsize: 2
isym: 0 ks_vec: 0.5 0.4 0.285714
isym: 1 ks_vec: 0.5 -0.4 -0.285714
starsize: 2
isym: 0 ks_vec: -0.4 0.4 0.285714
isym: 1 ks_vec: 0.4 -0.4 -0.285714
starsize: 2
isym: 0 ks_vec: -0.3 0.4 0.285714
isym: 1 ks_vec: 0.3 -0.4 -0.285714
starsize: 2
isym: 0 ks_vec: -0.2 0.4 0.285714
isym: 1 ks_vec: 0.2 -0.4 -0.285714
starsize: 2
isym: 0 ks_vec: -0.1 0.4 0.285714
isym: 1 ks_vec: 0.1 -0.4 -0.285714
starsize: 2
isym: 0 ks_vec: 0 0.5 0.285714
isym: 1 ks_vec: 0 0.5 -0.285714
starsize: 2
isym: 0 ks_vec: 0.1 0.5 0.285714
isym: 1 ks_vec: -0.1 0.5 -0.285714
starsize: 2
isym: 0 ks_vec: 0.2 0.5 0.285714
isym: 1 ks_vec: -0.2 0.5 -0.285714
starsize: 2
isym: 0 ks_vec: 0.3 0.5 0.285714
isym: 1 ks_vec: -0.3 0.5 -0.285714
starsize: 2
isym: 0 ks_vec: 0.4 0.5 0.285714
isym: 1 ks_vec: -0.4 0.5 -0.285714
starsize: 2
isym: 0 ks_vec: 0.5 0.5 0.285714
isym: 1 ks_vec: 0.5 0.5 -0.285714
starsize: 2
isym: 0 ks_vec: 0.4 0.5 -0.285714
isym: 1 ks_vec: -0.4 0.5 0.285714
starsize: 2
isym: 0 ks_vec: 0.3 0.5 -0.285714
isym: 1 ks_vec: -0.3 0.5 0.285714
starsize: 2
isym: 0 ks_vec: -0.2 0.5 0.285714
isym: 1 ks_vec: 0.2 0.5 -0.285714
starsize: 2
isym: 0 ks_vec: -0.1 0.5 0.285714
isym: 1 ks_vec: 0.1 0.5 -0.285714
starsize: 2
isym: 0 ks_vec: 0 0.4 -0.285714
isym: 1 ks_vec: 0 -0.4 0.285714
starsize: 2
isym: 0 ks_vec: -0.1 0.4 -0.285714
isym: 1 ks_vec: 0.1 -0.4 0.285714
starsize: 2
isym: 0 ks_vec: 0.2 -0.4 0.285714
isym: 1 ks_vec: -0.2 0.4 -0.285714
starsize: 2
isym: 0 ks_vec: 0.3 -0.4 0.285714
isym: 1 ks_vec: -0.3 0.4 -0.285714
starsize: 2
isym: 0 ks_vec: 0.4 -0.4 0.285714
isym: 1 ks_vec: -0.4 0.4 -0.285714
starsize: 2
isym: 0 ks_vec: 0.5 0.4 -0.285714
isym: 1 ks_vec: 0.5 -0.4 0.285714
starsize: 2
isym: 0 ks_vec: 0.4 0.4 -0.285714
isym: 1 ks_vec: -0.4 -0.4 0.285714
starsize: 2
isym: 0 ks_vec: 0.3 0.4 -0.285714
isym: 1 ks_vec: -0.3 -0.4 0.285714
starsize: 2
isym: 0 ks_vec: 0.2 0.4 -0.285714
isym: 1 ks_vec: -0.2 -0.4 0.285714
starsize: 2
isym: 0 ks_vec: 0.1 0.4 -0.285714
isym: 1 ks_vec: -0.1 -0.4 0.285714
starsize: 2
isym: 0 ks_vec: 0 0.3 -0.285714
isym: 1 ks_vec: 0 -0.3 0.285714
starsize: 2
isym: 0 ks_vec: 0.1 -0.3 0.285714
isym: 1 ks_vec: -0.1 0.3 -0.285714
starsize: 2
isym: 0 ks_vec: 0.2 -0.3 0.285714
isym: 1 ks_vec: -0.2 0.3 -0.285714
starsize: 2
isym: 0 ks_vec: 0.3 -0.3 0.285714
isym: 1 ks_vec: -0.3 0.3 -0.285714
starsize: 2
isym: 0 ks_vec: 0.4 -0.3 0.285714
isym: 1 ks_vec: -0.4 0.3 -0.285714
starsize: 2
isym: 0 ks_vec: 0.5 0.3 -0.285714
isym: 1 ks_vec: 0.5 -0.3 0.285714
starsize: 2
isym: 0 ks_vec: 0.4 0.3 -0.285714
isym: 1 ks_vec: -0.4 -0.3 0.285714
starsize: 2
isym: 0 ks_vec: 0.3 0.3 -0.285714
isym: 1 ks_vec: -0.3 -0.3 0.285714
starsize: 2
isym: 0 ks_vec: 0.2 0.3 -0.285714
isym: 1 ks_vec: -0.2 -0.3 0.285714
starsize: 2
isym: 0 ks_vec: 0.1 0.3 -0.285714
isym: 1 ks_vec: -0.1 -0.3 0.285714
starsize: 2
isym: 0 ks_vec: 0 -0.2 0.285714
isym: 1 ks_vec: 0 0.2 -0.285714
starsize: 2
isym: 0 ks_vec: 0.1 -0.2 0.285714
isym: 1 ks_vec: -0.1 0.2 -0.285714
starsize: 2
isym: 0 ks_vec: 0.2 -0.2 0.285714
isym: 1 ks_vec: -0.2 0.2 -0.285714
starsize: 2
isym: 0 ks_vec: 0.3 -0.2 0.285714
isym: 1 ks_vec: -0.3 0.2 -0.285714
starsize: 2
isym: 0 ks_vec: 0.4 -0.2 0.285714
isym: 1 ks_vec: -0.4 0.2 -0.285714
starsize: 2
isym: 0 ks_vec: 0.5 -0.2 0.285714
isym: 1 ks_vec: 0.5 0.2 -0.285714
starsize: 2
isym: 0 ks_vec: 0.4 0.2 -0.285714
isym: 1 ks_vec: -0.4 -0.2 0.285714
starsize: 2
isym: 0 ks_vec: 0.3 0.2 -0.285714
isym: 1 ks_vec: -0.3 -0.2 0.285714
starsize: 2
isym: 0 ks_vec: 0.2 0.2 -0.285714
isym: 1 ks_vec: -0.2 -0.2 0.285714
starsize: 2
isym: 0 ks_vec: 0.1 0.2 -0.285714
isym: 1 ks_vec: -0.1 -0.2 0.285714
starsize: 2
isym: 0 ks_vec: 0 -0.1 0.285714
isym: 1 ks_vec: 0 0.1 -0.285714
starsize: 2
isym: 0 ks_vec: 0.1 -0.1 0.285714
isym: 1 ks_vec: -0.1 0.1 -0.285714
starsize: 2
isym: 0 ks_vec: 0.2 -0.1 0.285714
isym: 1 ks_vec: -0.2 0.1 -0.285714
starsize: 2
isym: 0 ks_vec: 0.3 -0.1 0.285714
isym: 1 ks_vec: -0.3 0.1 -0.285714
starsize: 2
isym: 0 ks_vec: 0.4 -0.1 0.285714
isym: 1 ks_vec: -0.4 0.1 -0.285714
starsize: 2
isym: 0 ks_vec: 0.5 -0.1 0.285714
isym: 1 ks_vec: 0.5 0.1 -0.285714
starsize: 2
isym: 0 ks_vec: 0.4 0.1 -0.285714
isym: 1 ks_vec: -0.4 -0.1 0.285714
starsize: 2
isym: 0 ks_vec: 0.3 0.1 -0.285714
isym: 1 ks_vec: -0.3 -0.1 0.285714
starsize: 2
isym: 0 ks_vec: 0.2 0.1 -0.285714
isym: 1 ks_vec: -0.2 -0.1 0.285714
starsize: 2
isym: 0 ks_vec: -0.1 -0.1 0.285714
isym: 1 ks_vec: 0.1 0.1 -0.285714
starsize: 2
isym: 0 ks_vec: 0 0 0.428571
isym: 1 ks_vec: 0 0 -0.428571
starsize: 2
isym: 0 ks_vec: 0.1 0 0.428571
isym: 1 ks_vec: -0.1 0 -0.428571
starsize: 2
isym: 0 ks_vec: 0.2 0 0.428571
isym: 1 ks_vec: -0.2 0 -0.428571
starsize: 2
isym: 0 ks_vec: 0.3 0 0.428571
isym: 1 ks_vec: -0.3 0 -0.428571
starsize: 2
isym: 0 ks_vec: 0.4 0 0.428571
isym: 1 ks_vec: -0.4 0 -0.428571
starsize: 2
isym: 0 ks_vec: 0.5 0 0.428571
isym: 1 ks_vec: 0.5 0 -0.428571
starsize: 2
isym: 0 ks_vec: -0.4 0 0.428571
isym: 1 ks_vec: 0.4 0 -0.428571
starsize: 2
isym: 0 ks_vec: -0.3 0 0.428571
isym: 1 ks_vec: 0.3 0 -0.428571
starsize: 2
isym: 0 ks_vec: -0.2 0 0.428571
isym: 1 ks_vec: 0.2 0 -0.428571
starsize: 2
isym: 0 ks_vec: -0.1 0 0.428571
isym: 1 ks_vec: 0.1 0 -0.428571
starsize: 2
isym: 0 ks_vec: 0 0.1 0.428571
isym: 1 ks_vec: 0 -0.1 -0.428571
starsize: 2
isym: 0 ks_vec: 0.1 0.1 0.428571
isym: 1 ks_vec: -0.1 -0.1 -0.428571
starsize: 2
isym: 0 ks_vec: 0.2 0.1 0.428571
isym: 1 ks_vec: -0.2 -0.1 -0.428571
starsize: 2
isym: 0 ks_vec: 0.3 0.1 0.428571
isym: 1 ks_vec: -0.3 -0.1 -0.428571
starsize: 2
isym: 0 ks_vec: 0.4 0.1 0.428571
isym: 1 ks_vec: -0.4 -0.1 -0.428571
starsize: 2
isym: 0 ks_vec: 0.5 0.1 0.428571
isym: 1 ks_vec: 0.5 -0.1 -0.428571
starsize: 2
isym: 0 ks_vec: -0.4 0.1 0.428571
isym: 1 ks_vec: 0.4 -0.1 -0.428571
starsize: 2
isym: 0 ks_vec: -0.3 0.1 0.428571
isym: 1 ks_vec: 0.3 -0.1 -0.428571
starsize: 2
isym: 0 ks_vec: -0.2 0.1 0.428571
isym: 1 ks_vec: 0.2 -0.1 -0.428571
starsize: 2
isym: 0 ks_vec: -0.1 0.1 0.428571
isym: 1 ks_vec: 0.1 -0.1 -0.428571
starsize: 2
isym: 0 ks_vec: 0 0.2 0.428571
isym: 1 ks_vec: 0 -0.2 -0.428571
starsize: 2
isym: 0 ks_vec: 0.1 0.2 0.428571
isym: 1 ks_vec: -0.1 -0.2 -0.428571
starsize: 2
isym: 0 ks_vec: 0.2 0.2 0.428571
isym: 1 ks_vec: -0.2 -0.2 -0.428571
starsize: 2
isym: 0 ks_vec: 0.3 0.2 0.428571
isym: 1 ks_vec: -0.3 -0.2 -0.428571
starsize: 2
isym: 0 ks_vec: 0.4 0.2 0.428571
isym: 1 ks_vec: -0.4 -0.2 -0.428571
starsize: 2
isym: 0 ks_vec: 0.5 0.2 0.428571
isym: 1 ks_vec: 0.5 -0.2 -0.428571
starsize: 2
isym: 0 ks_vec: -0.4 0.2 0.428571
isym: 1 ks_vec: 0.4 -0.2 -0.428571
starsize: 2
isym: 0 ks_vec: -0.3 0.2 0.428571
isym: 1 ks_vec: 0.3 -0.2 -0.428571
starsize: 2
isym: 0 ks_vec: -0.2 0.2 0.428571
isym: 1 ks_vec: 0.2 -0.2 -0.428571
starsize: 2
isym: 0 ks_vec: -0.1 0.2 0.428571
isym: 1 ks_vec: 0.1 -0.2 -0.428571
starsize: 2
isym: 0 ks_vec: 0 0.3 0.428571
isym: 1 ks_vec: 0 -0.3 -0.428571
starsize: 2
isym: 0 ks_vec: 0.1 0.3 0.428571
isym: 1 ks_vec: -0.1 -0.3 -0.428571
starsize: 2
isym: 0 ks_vec: 0.2 0.3 0.428571
isym: 1 ks_vec: -0.2 -0.3 -0.428571
starsize: 2
isym: 0 ks_vec: 0.3 0.3 0.428571
isym: 1 ks_vec: -0.3 -0.3 -0.428571
starsize: 2
isym: 0 ks_vec: 0.4 0.3 0.428571
isym: 1 ks_vec: -0.4 -0.3 -0.428571
starsize: 2
isym: 0 ks_vec: 0.5 0.3 0.428571
isym: 1 ks_vec: 0.5 -0.3 -0.428571
starsize: 2
isym: 0 ks_vec: -0.4 0.3 0.428571
isym: 1 ks_vec: 0.4 -0.3 -0.428571
starsize: 2
isym: 0 ks_vec: -0.3 0.3 0.428571
isym: 1 ks_vec: 0.3 -0.3 -0.428571
starsize: 2
isym: 0 ks_vec: -0.2 0.3 0.428571
isym: 1 ks_vec: 0.2 -0.3 -0.428571
starsize: 2
isym: 0 ks_vec: -0.1 0.3 0.428571
isym: 1 ks_vec: 0.1 -0.3 -0.428571
starsize: 2
isym: 0 ks_vec: 0 0.4 0.428571
isym: 1 ks_vec: 0 -0.4 -0.428571
starsize: 2
isym: 0 ks_vec: 0.1 0.4 0.428571
isym: 1 ks_vec: -0.1 -0.4 -0.428571
starsize: 2
isym: 0 ks_vec: 0.2 0.4 0.428571
isym: 1 ks_vec: -0.2 -0.4 -0.428571
starsize: 2
isym: 0 ks_vec: 0.3 0.4 0.428571
isym: 1 ks_vec: -0.3 -0.4 -0.428571
starsize: 2
isym: 0 ks_vec: 0.4 0.4 0.428571
isym: 1 ks_vec: -0.4 -0.4 -0.428571
starsize: 2
isym: 0 ks_vec: 0.5 0.4 0.428571
isym: 1 ks_vec: 0.5 -0.4 -0.428571
starsize: 2
isym: 0 ks_vec: -0.4 0.4 0.428571
isym: 1 ks_vec: 0.4 -0.4 -0.428571
starsize: 2
isym: 0 ks_vec: -0.3 0.4 0.428571
isym: 1 ks_vec: 0.3 -0.4 -0.428571
starsize: 2
isym: 0 ks_vec: -0.2 0.4 0.428571
isym: 1 ks_vec: 0.2 -0.4 -0.428571
starsize: 2
isym: 0 ks_vec: -0.1 0.4 0.428571
isym: 1 ks_vec: 0.1 -0.4 -0.428571
starsize: 2
isym: 0 ks_vec: 0 0.5 0.428571
isym: 1 ks_vec: 0 0.5 -0.428571
starsize: 2
isym: 0 ks_vec: 0.1 0.5 0.428571
isym: 1 ks_vec: -0.1 0.5 -0.428571
starsize: 2
isym: 0 ks_vec: 0.2 0.5 0.428571
isym: 1 ks_vec: -0.2 0.5 -0.428571
starsize: 2
isym: 0 ks_vec: 0.3 0.5 0.428571
isym: 1 ks_vec: -0.3 0.5 -0.428571
starsize: 2
isym: 0 ks_vec: 0.4 0.5 0.428571
isym: 1 ks_vec: -0.4 0.5 -0.428571
starsize: 2
isym: 0 ks_vec: 0.5 0.5 0.428571
isym: 1 ks_vec: 0.5 0.5 -0.428571
starsize: 2
isym: 0 ks_vec: -0.4 0.5 0.428571
isym: 1 ks_vec: 0.4 0.5 -0.428571
starsize: 2
isym: 0 ks_vec: -0.3 0.5 0.428571
isym: 1 ks_vec: 0.3 0.5 -0.428571
starsize: 2
isym: 0 ks_vec: -0.2 0.5 0.428571
isym: 1 ks_vec: 0.2 0.5 -0.428571
starsize: 2
isym: 0 ks_vec: -0.1 0.5 0.428571
isym: 1 ks_vec: 0.1 0.5 -0.428571
starsize: 2
isym: 0 ks_vec: 0 -0.4 0.428571
isym: 1 ks_vec: 0 0.4 -0.428571
starsize: 2
isym: 0 ks_vec: 0.1 -0.4 0.428571
isym: 1 ks_vec: -0.1 0.4 -0.428571
starsize: 2
isym: 0 ks_vec: 0.2 -0.4 0.428571
isym: 1 ks_vec: -0.2 0.4 -0.428571
starsize: 2
isym: 0 ks_vec: 0.3 -0.4 0.428571
isym: 1 ks_vec: -0.3 0.4 -0.428571
starsize: 2
isym: 0 ks_vec: 0.4 -0.4 0.428571
isym: 1 ks_vec: -0.4 0.4 -0.428571
starsize: 2
isym: 0 ks_vec: 0.5 -0.4 0.428571
isym: 1 ks_vec: 0.5 0.4 -0.428571
starsize: 2
isym: 0 ks_vec: 0.4 0.4 -0.428571
isym: 1 ks_vec: -0.4 -0.4 0.428571
starsize: 2
isym: 0 ks_vec: 0.3 0.4 -0.428571
isym: 1 ks_vec: -0.3 -0.4 0.428571
starsize: 2
isym: 0 ks_vec: 0.2 0.4 -0.428571
isym: 1 ks_vec: -0.2 -0.4 0.428571
starsize: 2
isym: 0 ks_vec: 0.1 0.4 -0.428571
isym: 1 ks_vec: -0.1 -0.4 0.428571
starsize: 2
isym: 0 ks_vec: 0 -0.3 0.428571
isym: 1 ks_vec: 0 0.3 -0.428571
starsize: 2
isym: 0 ks_vec: 0.1 -0.3 0.428571
isym: 1 ks_vec: -0.1 0.3 -0.428571
starsize: 2
isym: 0 ks_vec: 0.2 -0.3 0.428571
isym: 1 ks_vec: -0.2 0.3 -0.428571
starsize: 2
isym: 0 ks_vec: 0.3 -0.3 0.428571
isym: 1 ks_vec: -0.3 0.3 -0.428571
starsize: 2
isym: 0 ks_vec: 0.4 -0.3 0.428571
isym: 1 ks_vec: -0.4 0.3 -0.428571
starsize: 2
isym: 0 ks_vec: 0.5 -0.3 0.428571
isym: 1 ks_vec: 0.5 0.3 -0.428571
starsize: 2
isym: 0 ks_vec: 0.4 0.3 -0.428571
isym: 1 ks_vec: -0.4 -0.3 0.428571
starsize: 2
isym: 0 ks_vec: 0.3 0.3 -0.428571
isym: 1 ks_vec: -0.3 -0.3 0.428571
starsize: 2
isym: 0 ks_vec: 0.2 0.3 -0.428571
isym: 1 ks_vec: -0.2 -0.3 0.428571
starsize: 2
isym: 0 ks_vec: -0.1 -0.3 0.428571
isym: 1 ks_vec: 0.1 0.3 -0.428571
starsize: 2
isym: 0 ks_vec: 0 -0.2 0.428571
isym: 1 ks_vec: 0 0.2 -0.428571
starsize: 2
isym: 0 ks_vec: 0.1 -0.2 0.428571
isym: 1 ks_vec: -0.1 0.2 -0.428571
starsize: 2
isym: 0 ks_vec: 0.2 -0.2 0.428571
isym: 1 ks_vec: -0.2 0.2 -0.428571
starsize: 2
isym: 0 ks_vec: 0.3 -0.2 0.428571
isym: 1 ks_vec: -0.3 0.2 -0.428571
starsize: 2
isym: 0 ks_vec: 0.4 -0.2 0.428571
isym: 1 ks_vec: -0.4 0.2 -0.428571
starsize: 2
isym: 0 ks_vec: 0.5 -0.2 0.428571
isym: 1 ks_vec: 0.5 0.2 -0.428571
starsize: 2
isym: 0 ks_vec: 0.4 0.2 -0.428571
isym: 1 ks_vec: -0.4 -0.2 0.428571
starsize: 2
isym: 0 ks_vec: 0.3 0.2 -0.428571
isym: 1 ks_vec: -0.3 -0.2 0.428571
starsize: 2
isym: 0 ks_vec: -0.2 -0.2 0.428571
isym: 1 ks_vec: 0.2 0.2 -0.428571
starsize: 2
isym: 0 ks_vec: -0.1 -0.2 0.428571
isym: 1 ks_vec: 0.1 0.2 -0.428571
starsize: 2
isym: 0 ks_vec: 0 -0.1 0.428571
isym: 1 ks_vec: 0 0.1 -0.428571
starsize: 2
isym: 0 ks_vec: 0.1 -0.1 0.428571
isym: 1 ks_vec: -0.1 0.1 -0.428571
starsize: 2
isym: 0 ks_vec: 0.2 -0.1 0.428571
isym: 1 ks_vec: -0.2 0.1 -0.428571
starsize: 2
isym: 0 ks_vec: 0.3 -0.1 0.428571
isym: 1 ks_vec: -0.3 0.1 -0.428571
starsize: 2
isym: 0 ks_vec: 0.4 -0.1 0.428571
isym: 1 ks_vec: -0.4 0.1 -0.428571
starsize: 2
isym: 0 ks_vec: 0.5 -0.1 0.428571
isym: 1 ks_vec: 0.5 0.1 -0.428571
starsize: 2
isym: 0 ks_vec: 0.4 0.1 -0.428571
isym: 1 ks_vec: -0.4 -0.1 0.428571
starsize: 2
isym: 0 ks_vec: -0.3 -0.1 0.428571
isym: 1 ks_vec: 0.3 0.1 -0.428571
starsize: 2
isym: 0 ks_vec: -0.2 -0.1 0.428571
isym: 1 ks_vec: 0.2 0.1 -0.428571
starsize: 2
isym: 0 ks_vec: -0.1 -0.1 0.428571
isym: 1 ks_vec: 0.1 0.1 -0.428571

K-POINTS CARTESIAN COORDINATES
 KPOINTS CARTESIAN_X CARTESIAN_Y CARTESIAN_Z  WEIGHT
       1  0.00000000  0.00000000  0.00000000  0.0029
       2  0.02811739  0.00000000  0.00000000  0.0057
       3  0.05623477  0.00000000  0.00000000  0.0057
       4  0.08435216  0.00000000  0.00000000  0.0057
       5  0.11246954  0.00000000  0.00000000  0.0057
       6  0.14058693  0.00000000  0.00000000  0.0029
       7  0.00000000  0.02811739  0.00000000  0.0057
       8  0.02811739  0.02811739  0.00000000  0.0057
       9  0.05623477  0.02811739  0.00000000  0.0057
      10  0.08435216  0.02811739  0.00000000  0.0057
      11  0.11246954  0.02811739  0.00000000  0.0057
      12  0.14058693  0.02811739  0.00000000  0.0057
      13  0.11246954 -0.02811739  0.00000000  0.0057
      14  0.08435216 -0.02811739  0.00000000  0.0057
      15  0.05623477 -0.02811739  0.00000000  0.0057
      16 -0.02811739  0.02811739  0.00000000  0.0057
      17  0.00000000  0.05623477  0.00000000  0.0057
      18  0.02811739  0.05623477  0.00000000  0.0057
      19  0.05623477  0.05623477  0.00000000  0.0057
      20  0.08435216  0.05623477  0.00000000  0.0057
      21  0.11246954  0.05623477  0.00000000  0.0057
      22  0.14058693  0.05623477  0.00000000  0.0057
      23  0.11246954 -0.05623477  0.00000000  0.0057
      24  0.08435216 -0.05623477  0.00000000  0.0057
      25 -0.05623477  0.05623477  0.00000000  0.0057
      26 -0.02811739  0.05623477  0.00000000  0.0057
      27  0.00000000  0.08435216  0.00000000  0.0057
      28  0.02811739  0.08435216  0.00000000  0.0057
      29  0.05623477  0.08435216  0.00000000  0.0057
      30  0.08435216  0.08435216  0.00000000  0.0057
      31  0.11246954  0.08435216  0.00000000  0.0057
      32  0.14058693  0.08435216  0.00000000  0.0057
      33  0.11246954 -0.08435216  0.00000000  0.0057
      34 -0.08435216  0.08435216  0.00000000  0.0057
      35 -0.05623477  0.08435216  0.00000000  0.0057
      36 -0.02811739  0.08435216  0.00000000  0.0057
      37  0.00000000  0.11246954  0.00000000  0.0057
      38  0.02811739  0.11246954  0.00000000  0.0057
      39  0.05623477  0.11246954  0.00000000  0.0057
      40  0.08435216  0.11246954  0.00000000  0.0057
      41  0.11246954  0.11246954  0.00000000  0.0057
      42  0.14058693  0.11246954  0.00000000  0.0057
      43 -0.11246954  0.11246954  0.00000000  0.0057
      44 -0.08435216  0.11246954  0.00000000  0.0057
      45 -0.05623477  0.11246954  0.00000000  0.0057
      46 -0.02811739  0.11246954  0.00000000  0.0057
      47  0.00000000  0.14058693  0.00000000  0.0029
      48  0.02811739  0.14058693  0.00000000  0.0057
      49  0.05623477  0.14058693  0.00000000  0.0057
      50  0.08435216  0.14058693  0.00000000  0.0057
      51  0.11246954  0.14058693  0.00000000  0.0057
      52  0.14058693  0.14058693  0.00000000  0.0029
      53  0.00000000  0.00000000  0.02782100  0.0057
      54  0.02811739  0.00000000  0.02782100  0.0057
      55  0.05623477  0.00000000  0.02782100  0.0057
      56  0.08435216  0.00000000  0.02782100  0.0057
      57  0.11246954  0.00000000  0.02782100  0.0057
      58  0.14058693  0.00000000  0.02782100  0.0057
      59  0.11246954  0.00000000 -0.02782100  0.0057
      60  0.08435216  0.00000000 -0.02782100  0.0057
      61  0.05623477  0.00000000 -0.02782100  0.0057
      62 -0.02811739  0.00000000  0.02782100  0.0057
      63  0.00000000  0.02811739  0.02782100  0.0057
      64  0.02811739  0.02811739  0.02782100  0.0057
      65  0.05623477  0.02811739  0.02782100  0.0057
      66  0.08435216  0.02811739  0.02782100  0.0057
      67  0.11246954  0.02811739  0.02782100  0.0057
      68  0.14058693  0.02811739  0.02782100  0.0057
      69  0.11246954 -0.02811739 -0.02782100  0.0057
      70  0.08435216 -0.02811739 -0.02782100  0.0057
      71 -0.05623477  0.02811739  0.02782100  0.0057
      72 -0.02811739  0.02811739  0.02782100  0.0057
      73  0.00000000  0.05623477  0.02782100  0.0057
      74  0.02811739  0.05623477  0.02782100  0.0057
      75  0.05623477  0.05623477  0.02782100  0.0057
      76  0.08435216  0.05623477  0.02782100  0.0057
      77  0.11246954  0.05623477  0.02782100  0.0057
      78  0.14058693  0.05623477  0.02782100  0.0057
      79  0.11246954 -0.05623477 -0.02782100  0.0057
      80 -0.08435216  0.05623477  0.02782100  0.0057
      81 -0.05623477  0.05623477  0.02782100  0.0057
      82 -0.02811739  0.05623477  0.02782100  0.0057
      83  0.00000000  0.08435216  0.02782100  0.0057
      84  0.02811739  0.08435216  0.02782100  0.0057
      85  0.05623477  0.08435216  0.02782100  0.0057
      86  0.08435216  0.08435216  0.02782100  0.0057
      87  0.11246954  0.08435216  0.02782100  0.0057
      88  0.14058693  0.08435216  0.02782100  0.0057
      89 -0.11246954  0.08435216  0.02782100  0.0057
      90 -0.08435216  0.08435216  0.02782100  0.0057
      91 -0.05623477  0.08435216  0.02782100  0.0057
      92 -0.02811739  0.08435216  0.02782100  0.0057
      93  0.00000000  0.11246954  0.02782100  0.0057
      94  0.02811739  0.11246954  0.02782100  0.0057
      95  0.05623477  0.11246954  0.02782100  0.0057
      96  0.08435216  0.11246954  0.02782100  0.0057
      97  0.11246954  0.11246954  0.02782100  0.0057
      98  0.14058693  0.11246954  0.02782100  0.0057
      99 -0.11246954  0.11246954  0.02782100  0.0057
     100 -0.08435216  0.11246954  0.02782100  0.0057
     101 -0.05623477  0.11246954  0.02782100  0.0057
     102 -0.02811739  0.11246954  0.02782100  0.0057
     103  0.00000000  0.14058693  0.02782100  0.0057
     104  0.02811739  0.14058693  0.02782100  0.0057
     105  0.05623477  0.14058693  0.02782100  0.0057
     106  0.08435216  0.14058693  0.02782100  0.0057
     107  0.11246954  0.14058693  0.02782100  0.0057
     108  0.14058693  0.14058693  0.02782100  0.0057
     109  0.11246954  0.14058693 -0.02782100  0.0057
     110  0.08435216  0.14058693 -0.02782100  0.0057
     111  0.05623477  0.14058693 -0.02782100  0.0057
     112 -0.02811739  0.14058693  0.02782100  0.0057
     113  0.00000000  0.11246954 -0.02782100  0.0057
     114 -0.02811739  0.11246954 -0.02782100  0.0057
     115 -0.05623477  0.11246954 -0.02782100  0.0057
     116  0.08435216 -0.11246954  0.02782100  0.0057
     117  0.11246954 -0.11246954  0.02782100  0.0057
     118  0.14058693  0.11246954 -0.02782100  0.0057
     119  0.11246954  0.11246954 -0.02782100  0.0057
     120  0.08435216  0.11246954 -0.02782100  0.0057
     121  0.05623477  0.11246954 -0.02782100  0.0057
     122  0.02811739  0.11246954 -0.02782100  0.0057
     123  0.00000000  0.08435216 -0.02782100  0.0057
     124 -0.02811739  0.08435216 -0.02782100  0.0057
     125  0.05623477 -0.08435216  0.02782100  0.0057
     126  0.08435216 -0.08435216  0.02782100  0.0057
     127  0.11246954 -0.08435216  0.02782100  0.0057
     128  0.14058693  0.08435216 -0.02782100  0.0057
     129  0.11246954  0.08435216 -0.02782100  0.0057
     130  0.08435216  0.08435216 -0.02782100  0.0057
     131  0.05623477  0.08435216 -0.02782100  0.0057
     132  0.02811739  0.08435216 -0.02782100  0.0057
     133  0.00000000  0.05623477 -0.02782100  0.0057
     134  0.02811739 -0.05623477  0.02782100  0.0057
     135  0.05623477 -0.05623477  0.02782100  0.0057
     136  0.08435216 -0.05623477  0.02782100  0.0057
     137  0.11246954 -0.05623477  0.02782100  0.0057
     138  0.14058693  0.05623477 -0.02782100  0.0057
     139  0.11246954  0.05623477 -0.02782100  0.0057
     140  0.08435216  0.05623477 -0.02782100  0.0057
     141  0.05623477  0.05623477 -0.02782100  0.0057
     142  0.02811739  0.05623477 -0.02782100  0.0057
     143  0.00000000 -0.02811739  0.02782100  0.0057
     144  0.02811739 -0.02811739  0.02782100  0.0057
     145  0.05623477 -0.02811739  0.02782100  0.0057
     146  0.08435216 -0.02811739  0.02782100  0.0057
     147  0.11246954 -0.02811739  0.02782100  0.0057
     148  0.14058693 -0.02811739  0.02782100  0.0057
     149  0.11246954  0.02811739 -0.02782100  0.0057
     150  0.08435216  0.02811739 -0.02782100  0.0057
     151  0.05623477  0.02811739 -0.02782100  0.0057
     152  0.02811739  0.02811739 -0.02782100  0.0057
     153  0.00000000  0.00000000  0.05564201  0.0057
     154  0.02811739  0.00000000  0.05564201  0.0057
     155  0.05623477  0.00000000  0.05564201  0.0057
     156  0.08435216  0.00000000  0.05564201  0.0057
     157  0.11246954  0.00000000  0.05564201  0.0057
     158  0.14058693  0.00000000  0.05564201  0.0057
     159  0.11246954  0.00000000 -0.05564201  0.0057
     160  0.08435216  0.00000000 -0.05564201  0.0057
     161 -0.05623477  0.00000000  0.05564201  0.0057
     162 -0.02811739  0.00000000  0.05564201  0.0057
     163  0.00000000  0.02811739  0.05564201  0.0057
     164  0.02811739  0.02811739  0.05564201  0.0057
     165  0.05623477  0.02811739  0.05564201  0.0057
     166  0.08435216  0.02811739  0.05564201  0.0057
     167  0.11246954  0.02811739  0.05564201  0.0057
     168  0.14058693  0.02811739  0.05564201  0.0057
     169  0.11246954 -0.02811739 -0.05564201  0.0057
     170 -0.08435216  0.02811739  0.05564201  0.0057
     171 -0.05623477  0.02811739  0.05564201  0.0057
     172 -0.02811739  0.02811739  0.05564201  0.0057
     173  0.00000000  0.05623477  0.05564201  0.0057
     174  0.02811739  0.05623477  0.05564201  0.0057
     175  0.05623477  0.05623477  0.05564201  0.0057
     176  0.08435216  0.05623477  0.05564201  0.0057
     177  0.11246954  0.05623477  0.05564201  0.0057
     178  0.14058693  0.05623477  0.05564201  0.0057
     179 -0.11246954  0.05623477  0.05564201  0.0057
     180 -0.08435216  0.05623477  0.05564201  0.0057
     181 -0.05623477  0.05623477  0.05564201  0.0057
     182 -0.02811739  0.05623477  0.05564201  0.0057
     183  0.00000000  0.08435216  0.05564201  0.0057
     184  0.02811739  0.08435216  0.05564201  0.0057
     185  0.05623477  0.08435216  0.05564201  0.0057
     186  0.08435216  0.08435216  0.05564201  0.0057
     187  0.11246954  0.08435216  0.05564201  0.0057
     188  0.14058693  0.08435216  0.05564201  0.0057
     189 -0.11246954  0.08435216  0.05564201  0.0057
     190 -0.08435216  0.08435216  0.05564201  0.0057
     191 -0.05623477  0.08435216  0.05564201  0.0057
     192 -0.02811739  0.08435216  0.05564201  0.0057
     193  0.00000000  0.11246954  0.05564201  0.0057
     194  0.02811739  0.11246954  0.05564201  0.0057
     195  0.05623477  0.11246954  0.05564201  0.0057
     196  0.08435216  0.11246954  0.05564201  0.0057
     197  0.11246954  0.11246954  0.05564201  0.0057
     198  0.14058693  0.11246954  0.05564201  0.0057
     199 -0.11246954  0.11246954  0.05564201  0.0057
     200 -0.08435216  0.11246954  0.05564201  0.0057
     201 -0.05623477  0.11246954  0.05564201  0.0057
     202 -0.02811739  0.11246954  0.05564201  0.0057
     203  0.00000000  0.14058693  0.05564201  0.0057
     204  0.02811739  0.14058693  0.05564201  0.0057
     205  0.05623477  0.14058693  0.05564201  0.0057
     206  0.08435216  0.14058693  0.05564201  0.0057
     207  0.11246954  0.14058693  0.05564201  0.0057
     208  0.14058693  0.14058693  0.05564201  0.0057
     209  0.11246954  0.14058693 -0.05564201  0.0057
     210  0.08435216  0.14058693 -0.05564201  0.0057
     211 -0.05623477  0.14058693  0.05564201  0.0057
     212 -0.02811739  0.14058693  0.05564201  0.0057
     213  0.00000000  0.11246954 -0.05564201  0.0057
     214 -0.02811739  0.11246954 -0.05564201  0.0057
     215  0.05623477 -0.11246954  0.05564201  0.0057
     216  0.08435216 -0.11246954  0.05564201  0.0057
     217  0.11246954 -0.11246954  0.05564201  0.0057
     218  0.14058693  0.11246954 -0.05564201  0.0057
     219  0.11246954  0.11246954 -0.05564201  0.0057
     220  0.08435216  0.11246954 -0.05564201  0.0057
     221  0.05623477  0.11246954 -0.05564201  0.0057
     222  0.02811739  0.11246954 -0.05564201  0.0057
     223  0.00000000  0.08435216 -0.05564201  0.0057
     224  0.02811739 -0.08435216  0.05564201  0.0057
     225  0.05623477 -0.08435216  0.05564201  0.0057
     226  0.08435216 -0.08435216  0.05564201  0.0057
     227  0.11246954 -0.08435216  0.05564201  0.0057
     228  0.14058693  0.08435216 -0.05564201  0.0057
     229  0.11246954  0.08435216 -0.05564201  0.0057
     230  0.08435216  0.08435216 -0.05564201  0.0057
     231  0.05623477  0.08435216 -0.05564201  0.0057
     232  0.02811739  0.08435216 -0.05564201  0.0057
     233  0.00000000 -0.05623477  0.05564201  0.0057
     234  0.02811739 -0.05623477  0.05564201  0.0057
     235  0.05623477 -0.05623477  0.05564201  0.0057
     236  0.08435216 -0.05623477  0.05564201  0.0057
     237  0.11246954 -0.05623477  0.05564201  0.0057
     238  0.14058693 -0.05623477  0.05564201  0.0057
     239  0.11246954  0.05623477 -0.05564201  0.0057
     240  0.08435216  0.05623477 -0.05564201  0.0057
     241  0.05623477  0.05623477 -0.05564201  0.0057
     242  0.02811739  0.05623477 -0.05564201  0.0057
     243  0.00000000 -0.02811739  0.05564201  0.0057
     244  0.02811739 -0.02811739  0.05564201  0.0057
     245  0.05623477 -0.02811739  0.05564201  0.0057
     246  0.08435216 -0.02811739  0.05564201  0.0057
     247  0.11246954 -0.02811739  0.05564201  0.0057
     248  0.14058693 -0.02811739  0.05564201  0.0057
     249  0.11246954  0.02811739 -0.05564201  0.0057
     250  0.08435216  0.02811739 -0.05564201  0.0057
     251  0.05623477  0.02811739 -0.05564201  0.0057
     252 -0.02811739 -0.02811739  0.05564201  0.0057
     253  0.00000000  0.00000000  0.08346301  0.0057
     254  0.02811739  0.00000000  0.08346301  0.0057
     255  0.05623477  0.00000000  0.08346301  0.0057
     256  0.08435216  0.00000000  0.08346301  0.0057
     257  0.11246954  0.00000000  0.08346301  0.0057
     258  0.14058693  0.00000000  0.08346301  0.0057
     259 -0.11246954  0.00000000  0.08346301  0.0057
     260 -0.08435216  0.00000000  0.08346301  0.0057
     261 -0.05623477  0.00000000  0.08346301  0.0057
     262 -0.02811739  0.00000000  0.08346301  0.0057
     263  0.00000000  0.02811739  0.08346301  0.0057
     264  0.02811739  0.02811739  0.08346301  0.0057
     265  0.05623477  0.02811739  0.08346301  0.0057
     266  0.08435216  0.02811739  0.08346301  0.0057
     267  0.11246954  0.02811739  0.08346301  0.0057
     268  0.14058693  0.02811739  0.08346301  0.0057
     269 -0.11246954  0.02811739  0.08346301  0.0057
     270 -0.08435216  0.02811739  0.08346301  0.0057
     271 -0.05623477  0.02811739  0.08346301  0.0057
     272 -0.02811739  0.02811739  0.08346301  0.0057
     273  0.00000000  0.05623477  0.08346301  0.0057
     274  0.02811739  0.05623477  0.08346301  0.0057
     275  0.05623477  0.05623477  0.08346301  0.0057
     276  0.08435216  0.05623477  0.08346301  0.0057
     277  0.11246954  0.05623477  0.08346301  0.0057
     278  0.14058693  0.05623477  0.08346301  0.0057
     279 -0.11246954  0.05623477  0.08346301  0.0057
     280 -0.08435216  0.05623477  0.08346301  0.0057
     281 -0.05623477  0.05623477  0.08346301  0.0057
     282 -0.02811739  0.05623477  0.08346301  0.0057
     283  0.00000000  0.08435216  0.08346301  0.0057
     284  0.02811739  0.08435216  0.08346301  0.0057
     285  0.05623477  0.08435216  0.08346301  0.0057
     286  0.08435216  0.08435216  0.08346301  0.0057
     287  0.11246954  0.08435216  0.08346301  0.0057
     288  0.14058693  0.08435216  0.08346301  0.0057
     289 -0.11246954  0.08435216  0.08346301  0.0057
     290 -0.08435216  0.08435216  0.08346301  0.0057
     291 -0.05623477  0.08435216  0.08346301  0.0057
     292 -0.02811739  0.08435216  0.08346301  0.0057
     293  0.00000000  0.11246954  0.08346301  0.0057
     294  0.02811739  0.11246954  0.08346301  0.0057
     295  0.05623477  0.11246954  0.08346301  0.0057
     296  0.08435216  0.11246954  0.08346301  0.0057
     297  0.11246954  0.11246954  0.08346301  0.0057
     298  0.14058693  0.11246954  0.08346301  0.0057
     299 -0.11246954  0.11246954  0.08346301  0.0057
     300 -0.08435216  0.11246954  0.08346301  0.0057
     301 -0.05623477  0.11246954  0.08346301  0.0057
     302 -0.02811739  0.11246954  0.08346301  0.0057
     303  0.00000000  0.14058693  0.08346301  0.0057
     304  0.02811739  0.14058693  0.08346301  0.0057
     305  0.05623477  0.14058693  0.08346301  0.0057
     306  0.08435216  0.14058693  0.08346301  0.0057
     307  0.11246954  0.14058693  0.08346301  0.0057
     308  0.14058693  0.14058693  0.08346301  0.0057
     309 -0.11246954  0.14058693  0.08346301  0.0057
     310 -0.08435216  0.14058693  0.08346301  0.0057
     311 -0.05623477  0.14058693  0.08346301  0.0057
     312 -0.02811739  0.14058693  0.08346301  0.0057
     313  0.00000000 -0.11246954  0.08346301  0.0057
     314  0.02811739 -0.11246954  0.08346301  0.0057
     315  0.05623477 -0.11246954  0.08346301  0.0057
     316  0.08435216 -0.11246954  0.08346301  0.0057
     317  0.11246954 -0.11246954  0.08346301  0.0057
     318  0.14058693 -0.11246954  0.08346301  0.0057
     319  0.11246954  0.11246954 -0.08346301  0.0057
     320  0.08435216  0.11246954 -0.08346301  0.0057
     321  0.05623477  0.11246954 -0.08346301  0.0057
     322  0.02811739  0.11246954 -0.08346301  0.0057
     323  0.00000000 -0.08435216  0.08346301  0.0057
     324  0.02811739 -0.08435216  0.08346301  0.0057
     325  0.05623477 -0.08435216  0.08346301  0.0057
     326  0.08435216 -0.08435216  0.08346301  0.0057
     327  0.11246954 -0.08435216  0.08346301  0.0057
     328  0.14058693 -0.08435216  0.08346301  0.0057
     329  0.11246954  0.08435216 -0.08346301  0.0057
     330  0.08435216  0.08435216 -0.08346301  0.0057
     331  0.05623477  0.08435216 -0.08346301  0.0057
     332 -0.02811739 -0.08435216  0.08346301  0.0057
     333  0.00000000 -0.05623477  0.08346301  0.0057
     334  0.02811739 -0.05623477  0.08346301  0.0057
     335  0.05623477 -0.05623477  0.08346301  0.0057
     336  0.08435216 -0.05623477  0.08346301  0.0057
     337  0.11246954 -0.05623477  0.08346301  0.0057
     338  0.14058693 -0.05623477  0.08346301  0.0057
     339  0.11246954  0.05623477 -0.08346301  0.0057
     340  0.08435216  0.05623477 -0.08346301  0.0057
     341 -0.05623477 -0.05623477  0.08346301  0.0057
     342 -0.02811739 -0.05623477  0.08346301  0.0057
     343  0.00000000 -0.02811739  0.08346301  0.0057
     344  0.02811739 -0.02811739  0.08346301  0.0057
     345  0.05623477 -0.02811739  0.08346301  0.0057
     346  0.08435216 -0.02811739  0.08346301  0.0057
     347  0.11246954 -0.02811739  0.08346301  0.0057
     348  0.14058693 -0.02811739  0.08346301  0.0057
     349  0.11246954  0.02811739 -0.08346301  0.0057
     350 -0.08435216 -0.02811739  0.08346301  0.0057
     351 -0.05623477 -0.02811739  0.08346301  0.0057
     352 -0.02811739 -0.02811739  0.08346301  0.0057


K-POINTS DIRECT COORDINATES
 KPOINTS    DIRECT_X    DIRECT_Y    DIRECT_Z  WEIGHT
       1  0.00000000  0.00000000  0.00000000  0.0029
       2  0.10000000  0.00000000  0.00000000  0.0057
       3  0.20000000  0.00000000  0.00000000  0.0057
       4  0.30000000  0.00000000  0.00000000  0.0057
       5  0.40000000  0.00000000  0.00000000  0.0057
       6  0.50000000  0.00000000  0.00000000  0.0029
       7  0.00000000  0.10000000  0.00000000  0.0057
       8  0.10000000  0.10000000  0.00000000  0.0057
       9  0.20000000  0.10000000  0.00000000  0.0057
      10  0.30000000  0.10000000  0.00000000  0.0057
      11  0.40000000  0.10000000  0.00000000  0.0057
      12  0.50000000  0.10000000  0.00000000  0.0057
      13  0.40000000 -0.10000000  0.00000000  0.0057
      14  0.30000000 -0.10000000  0.00000000  0.0057
      15  0.20000000 -0.10000000  0.00000000  0.0057
      16 -0.10000000  0.10000000  0.00000000  0.0057
      17  0.00000000  0.20000000  0.00000000  0.0057
      18  0.10000000  0.20000000  0.00000000  0.0057
      19  0.20000000  0.20000000  0.00000000  0.0057
      20  0.30000000  0.20000000  0.00000000  0.0057
      21  0.40000000  0.20000000  0.00000000  0.0057
      22  0.50000000  0.20000000  0.00000000  0.0057
      23  0.40000000 -0.20000000  0.00000000  0.0057
      24  0.30000000 -0.20000000  0.00000000  0.0057
      25 -0.20000000  0.20000000  0.00000000  0.0057
      26 -0.10000000  0.20000000  0.00000000  0.0057
      27  0.00000000  0.30000000  0.00000000  0.0057
      28  0.10000000  0.30000000  0.00000000  0.0057
      29  0.20000000  0.30000000  0.00000000  0.0057
      30  0.30000000  0.30000000  0.00000000  0.0057
      31  0.40000000  0.30000000  0.00000000  0.0057
      32  0.50000000  0.30000000  0.00000000  0.0057
      33  0.40000000 -0.30000000  0.00000000  0.0057
      34 -0.30000000  0.30000000  0.00000000  0.0057
      35 -0.20000000  0.30000000  0.00000000  0.0057
      36 -0.10000000  0.30000000  0.00000000  0.0057
      37  0.00000000  0.40000000  0.00000000  0.0057
      38  0.10000000  0.40000000  0.00000000  0.0057
      39  0.20000000  0.40000000  0.00000000  0.0057
      40  0.30000000  0.40000000  0.00000000  0.0057
      41  0.40000000  0.40000000  0.00000000  0.0057
      42  0.50000000  0.40000000  0.00000000  0.0057
      43 -0.40000000  0.40000000  0.00000000  0.0057
      44 -0.30000000  0.40000000  0.00000000  0.0057
      45 -0.20000000  0.40000000  0.00000000  0.0057
      46 -0.10000000  0.40000000  0.00000000  0.0057
      47  0.00000000  0.50000000  0.00000000  0.0029
      48  0.10000000  0.50000000  0.00000000  0.0057
      49  0.20000000  0.50000000  0.00000000  0.0057
      50  0.30000000  0.50000000  0.00000000  0.0057
      51  0.40000000  0.50000000  0.00000000  0.0057
      52  0.50000000  0.50000000  0.00000000  0.0029
      53  0.00000000  0.00000000  0.14285714  0.0057
      54  0.10000000  0.00000000  0.14285714  0.0057
      55  0.20000000  0.00000000  0.14285714  0.0057
      56  0.30000000  0.00000000  0.14285714  0.0057
      57  0.40000000  0.00000000  0.14285714  0.0057
      58  0.50000000  0.00000000  0.14285714  0.0057
      59  0.40000000  0.00000000 -0.14285714  0.0057
      60  0.30000000  0.00000000 -0.14285714  0.0057
      61  0.20000000  0.00000000 -0.14285714  0.0057
      62 -0.10000000  0.00000000  0.14285714  0.0057
      63  0.00000000  0.10000000  0.14285714  0.0057
      64  0.10000000  0.10000000  0.14285714  0.0057
      65  0.20000000  0.10000000  0.14285714  0.0057
      66  0.30000000  0.10000000  0.14285714  0.0057
      67  0.40000000  0.10000000  0.14285714  0.0057
      68  0.50000000  0.10000000  0.14285714  0.0057
      69  0.40000000 -0.10000000 -0.14285714  0.0057
      70  0.30000000 -0.10000000 -0.14285714  0.0057
      71 -0.20000000  0.10000000  0.14285714  0.0057
      72 -0.10000000  0.10000000  0.14285714  0.0057
      73  0.00000000  0.20000000  0.14285714  0.0057
      74  0.10000000  0.20000000  0.14285714  0.0057
      75  0.20000000  0.20000000  0.14285714  0.0057
      76  0.30000000  0.20000000  0.14285714  0.0057
      77  0.40000000  0.20000000  0.14285714  0.0057
      78  0.50000000  0.20000000  0.14285714  0.0057
      79  0.40000000 -0.20000000 -0.14285714  0.0057
      80 -0.30000000  0.20000000  0.14285714  0.0057
      81 -0.20000000  0.20000000  0.14285714  0.0057
      82 -0.10000000  0.20000000  0.14285714  0.0057
      83  0.00000000  0.30000000  0.14285714  0.0057
      84  0.10000000  0.30000000  0.14285714  0.0057
      85  0.20000000  0.30000000  0.14285714  0.0057
      86  0.30000000  0.30000000  0.14285714  0.0057
      87  0.40000000  0.30000000  0.14285714  0.0057
      88  0.50000000  0.30000000  0.14285714  0.0057
      89 -0.40000000  0.30000000  0.14285714  0.0057
      90 -0.30000000  0.30000000  0.14285714  0.0057
      91 -0.20000000  0.30000000  0.14285714  0.0057
      92 -0.10000000  0.30000000  0.14285714  0.0057
      93  0.00000000  0.40000000  0.14285714  0.0057
      94  0.10000000  0.40000000  0.14285714  0.0057
      95  0.20000000  0.40000000  0.14285714  0.0057
      96  0.30000000  0.40000000  0.14285714  0.0057
      97  0.40000000  0.40000000  0.14285714  0.0057
      98  0.50000000  0.40000000  0.14285714  0.0057
      99 -0.40000000  0.40000000  0.14285714  0.0057
     100 -0.30000000  0.40000000  0.14285714  0.0057
     101 -0.20000000  0.40000000  0.14285714  0.0057
     102 -0.10000000  0.40000000  0.14285714  0.0057
     103  0.00000000  0.50000000  0.14285714  0.0057
     104  0.10000000  0.50000000  0.14285714  0.0057
     105  0.20000000  0.50000000  0.14285714  0.0057
     106  0.30000000  0.50000000  0.14285714  0.0057
     107  0.40000000  0.50000000  0.14285714  0.0057
     108  0.50000000  0.50000000  0.14285714  0.0057
     109  0.40000000  0.50000000 -0.14285714  0.0057
     110  0.30000000  0.50000000 -0.14285714  0.0057
     111  0.20000000  0.50000000 -0.14285714  0.0057
     112 -0.10000000  0.50000000  0.14285714  0.0057
     113  0.00000000  0.40000000 -0.14285714  0.0057
     114 -0.10000000  0.40000000 -0.14285714  0.0057
     115 -0.20000000  0.40000000 -0.14285714  0.0057
     116  0.30000000 -0.40000000  0.14285714  0.0057
     117  0.40000000 -0.40000000  0.14285714  0.0057
     118  0.50000000  0.40000000 -0.14285714  0.0057
     119  0.40000000  0.40000000 -0.14285714  0.0057
     120  0.30000000  0.40000000 -0.14285714  0.0057
     121  0.20000000  0.40000000 -0.14285714  0.0057
     122  0.10000000  0.40000000 -0.14285714  0.0057
     123  0.00000000  0.30000000 -0.14285714  0.0057
     124 -0.10000000  0.30000000 -0.14285714  0.0057
     125  0.20000000 -0.30000000  0.14285714  0.0057
     126  0.30000000 -0.30000000  0.14285714  0.0057
     127  0.40000000 -0.30000000  0.14285714  0.0057
     128  0.50000000  0.30000000 -0.14285714  0.0057
     129  0.40000000  0.30000000 -0.14285714  0.0057
     130  0.30000000  0.30000000 -0.14285714  0.0057
     131  0.20000000  0.30000000 -0.14285714  0.0057
     132  0.10000000  0.30000000 -0.14285714  0.0057
     133  0.00000000  0.20000000 -0.14285714  0.0057
     134  0.10000000 -0.20000000  0.14285714  0.0057
     135  0.20000000 -0.20000000  0.14285714  0.0057
     136  0.30000000 -0.20000000  0.14285714  0.0057
     137  0.40000000 -0.20000000  0.14285714  0.0057
     138  0.50000000  0.20000000 -0.14285714  0.0057
     139  0.40000000  0.20000000 -0.14285714  0.0057
     140  0.30000000  0.20000000 -0.14285714  0.0057
     141  0.20000000  0.20000000 -0.14285714  0.0057
     142  0.10000000  0.20000000 -0.14285714  0.0057
     143  0.00000000 -0.10000000  0.14285714  0.0057
     144  0.10000000 -0.10000000  0.14285714  0.0057
     145  0.20000000 -0.10000000  0.14285714  0.0057
     146  0.30000000 -0.10000000  0.14285714  0.0057
     147  0.40000000 -0.10000000  0.14285714  0.0057
     148  0.50000000 -0.10000000  0.14285714  0.0057
     149  0.40000000  0.10000000 -0.14285714  0.0057
     150  0.30000000  0.10000000 -0.14285714  0.0057
     151  0.20000000  0.10000000 -0.14285714  0.0057
     152  0.10000000  0.10000000 -0.14285714  0.0057
     153  0.00000000  0.00000000  0.28571429  0.0057
     154  0.10000000  0.00000000  0.28571429  0.0057
     155  0.20000000  0.00000000  0.28571429  0.0057
     156  0.30000000  0.00000000  0.28571429  0.0057
     157  0.40000000  0.00000000  0.28571429  0.0057
     158  0.50000000  0.00000000  0.28571429  0.0057
     159  0.40000000  0.00000000 -0.28571429  0.0057
     160  0.30000000  0.00000000 -0.28571429  0.0057
     161 -0.20000000  0.00000000  0.28571429  0.0057
     162 -0.10000000  0.00000000  0.28571429  0.0057
     163  0.00000000  0.10000000  0.28571429  0.0057
     164  0.10000000  0.10000000  0.28571429  0.0057
     165  0.20000000  0.10000000  0.28571429  0.0057
     166  0.30000000  0.10000000  0.28571429  0.0057
     167  0.40000000  0.10000000  0.28571429  0.0057
     168  0.50000000  0.10000000  0.28571429  0.0057
     169  0.40000000 -0.10000000 -0.28571429  0.0057
     170 -0.30000000  0.10000000  0.28571429  0.0057
     171 -0.20000000  0.10000000  0.28571429  0.0057
     172 -0.10000000  0.10000000  0.28571429  0.0057
     173  0.00000000  0.20000000  0.28571429  0.0057
     174  0.10000000  0.20000000  0.28571429  0.0057
     175  0.20000000  0.20000000  0.28571429  0.0057
     176  0.30000000  0.20000000  0.28571429  0.0057
     177  0.40000000  0.20000000  0.28571429  0.0057
     178  0.50000000  0.20000000  0.28571429  0.0057
     179 -0.40000000  0.20000000  0.28571429  0.0057
     180 -0.30000000  0.20000000  0.28571429  0.0057
     181 -0.20000000  0.20000000  0.28571429  0.0057
     182 -0.10000000  0.20000000  0.28571429  0.0057
     183  0.00000000  0.30000000  0.28571429  0.0057
     184  0.10000000  0.30000000  0.28571429  0.0057
     185  0.20000000  0.30000000  0.28571429  0.0057
     186  0.30000000  0.30000000  0.28571429  0.0057
     187  0.40000000  0.30000000  0.28571429  0.0057
     188  0.50000000  0.30000000  0.28571429  0.0057
     189 -0.40000000  0.30000000  0.28571429  0.0057
     190 -0.30000000  0.30000000  0.28571429  0.0057
     191 -0.20000000  0.30000000  0.28571429  0.0057
     192 -0.10000000  0.30000000  0.28571429  0.0057
     193  0.00000000  0.40000000  0.28571429  0.0057
     194  0.10000000  0.40000000  0.28571429  0.0057
     195  0.20000000  0.40000000  0.28571429  0.0057
     196  0.30000000  0.40000000  0.28571429  0.0057
     197  0.40000000  0.40000000  0.28571429  0.0057
     198  0.50000000  0.40000000  0.28571429  0.0057
     199 -0.40000000  0.40000000  0.28571429  0.0057
     200 -0.30000000  0.40000000  0.28571429  0.0057
     201 -0.20000000  0.40000000  0.28571429  0.0057
     202 -0.10000000  0.40000000  0.28571429  0.0057
     203  0.00000000  0.50000000  0.28571429  0.0057
     204  0.10000000  0.50000000  0.28571429  0.0057
     205  0.20000000  0.50000000  0.28571429  0.0057
     206  0.30000000  0.50000000  0.28571429  0.0057
     207  0.40000000  0.50000000  0.28571429  0.0057
     208  0.50000000  0.50000000  0.28571429  0.0057
     209  0.40000000  0.50000000 -0.28571429  0.0057
     210  0.30000000  0.50000000 -0.28571429  0.0057
     211 -0.20000000  0.50000000  0.28571429  0.0057
     212 -0.10000000  0.50000000  0.28571429  0.0057
     213  0.00000000  0.40000000 -0.28571429  0.0057
     214 -0.10000000  0.40000000 -0.28571429  0.0057
     215  0.20000000 -0.40000000  0.28571429  0.0057
     216  0.30000000 -0.40000000  0.28571429  0.0057
     217  0.40000000 -0.40000000  0.28571429  0.0057
     218  0.50000000  0.40000000 -0.28571429  0.0057
     219  0.40000000  0.40000000 -0.28571429  0.0057
     220  0.30000000  0.40000000 -0.28571429  0.0057
     221  0.20000000  0.40000000 -0.28571429  0.0057
     222  0.10000000  0.40000000 -0.28571429  0.0057
     223  0.00000000  0.30000000 -0.28571429  0.0057
     224  0.10000000 -0.30000000  0.28571429  0.0057
     225  0.20000000 -0.30000000  0.28571429  0.0057
     226  0.30000000 -0.30000000  0.28571429  0.0057
     227  0.40000000 -0.30000000  0.28571429  0.0057
     228  0.50000000  0.30000000 -0.28571429  0.0057
     229  0.40000000  0.30000000 -0.28571429  0.0057
     230  0.30000000  0.30000000 -0.28571429  0.0057
     231  0.20000000  0.30000000 -0.28571429  0.0057
     232  0.10000000  0.30000000 -0.28571429  0.0057
     233  0.00000000 -0.20000000  0.28571429  0.0057
     234  0.10000000 -0.20000000  0.28571429  0.0057
     235  0.20000000 -0.20000000  0.28571429  0.0057
     236  0.30000000 -0.20000000  0.28571429  0.0057
     237  0.40000000 -0.20000000  0.28571429  0.0057
     238  0.50000000 -0.20000000  0.28571429  0.0057
     239  0.40000000  0.20000000 -0.28571429  0.0057
     240  0.30000000  0.20000000 -0.28571429  0.0057
     241  0.20000000  0.20000000 -0.28571429  0.0057
     242  0.10000000  0.20000000 -0.28571429  0.0057
     243  0.00000000 -0.10000000  0.28571429  0.0057
     244  0.10000000 -0.10000000  0.28571429  0.0057
     245  0.20000000 -0.10000000  0.28571429  0.0057
     246  0.30000000 -0.10000000  0.28571429  0.0057
     247  0.40000000 -0.10000000  0.28571429  0.0057
     248  0.50000000 -0.10000000  0.28571429  0.0057
     249  0.40000000  0.10000000 -0.28571429  0.0057
     250  0.30000000  0.10000000 -0.28571429  0.0057
     251  0.20000000  0.10000000 -0.28571429  0.0057
     252 -0.10000000 -0.10000000  0.28571429  0.0057
     253  0.00000000  0.00000000  0.42857143  0.0057
     254  0.10000000  0.00000000  0.42857143  0.0057
     255  0.20000000  0.00000000  0.42857143  0.0057
     256  0.30000000  0.00000000  0.42857143  0.0057
     257  0.40000000  0.00000000  0.42857143  0.0057
     258  0.50000000  0.00000000  0.42857143  0.0057
     259 -0.40000000  0.00000000  0.42857143  0.0057
     260 -0.30000000  0.00000000  0.42857143  0.0057
     261 -0.20000000  0.00000000  0.42857143  0.0057
     262 -0.10000000  0.00000000  0.42857143  0.0057
     263  0.00000000  0.10000000  0.42857143  0.0057
     264  0.10000000  0.10000000  0.42857143  0.0057
     265  0.20000000  0.10000000  0.42857143  0.0057
     266  0.30000000  0.10000000  0.42857143  0.0057
     267  0.40000000  0.10000000  0.42857143  0.0057
     268  0.50000000  0.10000000  0.42857143  0.0057
     269 -0.40000000  0.10000000  0.42857143  0.0057
     270 -0.30000000  0.10000000  0.42857143  0.0057
     271 -0.20000000  0.10000000  0.42857143  0.0057
     272 -0.10000000  0.10000000  0.42857143  0.0057
     273  0.00000000  0.20000000  0.42857143  0.0057
     274  0.10000000  0.20000000  0.42857143  0.0057
     275  0.20000000  0.20000000  0.42857143  0.0057
     276  0.30000000  0.20000000  0.42857143  0.0057
     277  0.40000000  0.20000000  0.42857143  0.0057
     278  0.50000000  0.20000000  0.42857143  0.0057
     279 -0.40000000  0.20000000  0.42857143  0.0057
     280 -0.30000000  0.20000000  0.42857143  0.0057
     281 -0.20000000  0.20000000  0.42857143  0.0057
     282 -0.10000000  0.20000000  0.42857143  0.0057
     283  0.00000000  0.30000000  0.42857143  0.0057
     284  0.10000000  0.30000000  0.42857143  0.0057
     285  0.20000000  0.30000000  0.42857143  0.0057
     286  0.30000000  0.30000000  0.42857143  0.0057
     287  0.40000000  0.30000000  0.42857143  0.0057
     288  0.50000000  0.30000000  0.42857143  0.0057
     289 -0.40000000  0.30000000  0.42857143  0.0057
     290 -0.30000000  0.30000000  0.42857143  0.0057
     291 -0.20000000  0.30000000  0.42857143  0.0057
     292 -0.10000000  0.30000000  0.42857143  0.0057
     293  0.00000000  0.40000000  0.42857143  0.0057
     294  0.10000000  0.40000000  0.42857143  0.0057
     295  0.20000000  0.40000000  0.42857143  0.0057
     296  0.30000000  0.40000000  0.42857143  0.0057
     297  0.40000000  0.40000000  0.42857143  0.0057
     298  0.50000000  0.40000000  0.42857143  0.0057
     299 -0.40000000  0.40000000  0.42857143  0.0057
     300 -0.30000000  0.40000000  0.42857143  0.0057
     301 -0.20000000  0.40000000  0.42857143  0.0057
     302 -0.10000000  0.40000000  0.42857143  0.0057
     303  0.00000000  0.50000000  0.42857143  0.0057
     304  0.10000000  0.50000000  0.42857143  0.0057
     305  0.20000000  0.50000000  0.42857143  0.0057
     306  0.30000000  0.50000000  0.42857143  0.0057
     307  0.40000000  0.50000000  0.42857143  0.0057
     308  0.50000000  0.50000000  0.42857143  0.0057
     309 -0.40000000  0.50000000  0.42857143  0.0057
     310 -0.30000000  0.50000000  0.42857143  0.0057
     311 -0.20000000  0.50000000  0.42857143  0.0057
     312 -0.10000000  0.50000000  0.42857143  0.0057
     313  0.00000000 -0.40000000  0.42857143  0.0057
     314  0.10000000 -0.40000000  0.42857143  0.0057
     315  0.20000000 -0.40000000  0.42857143  0.0057
     316  0.30000000 -0.40000000  0.42857143  0.0057
     317  0.40000000 -0.40000000  0.42857143  0.0057
     318  0.50000000 -0.40000000  0.42857143  0.0057
     319  0.40000000  0.40000000 -0.42857143  0.0057
     320  0.30000000  0.40000000 -0.42857143  0.0057
     321  0.20000000  0.40000000 -0.42857143  0.0057
     322  0.10000000  0.40000000 -0.42857143  0.0057
     323  0.00000000 -0.30000000  0.42857143  0.0057
     324  0.10000000 -0.30000000  0.42857143  0.0057
     325  0.20000000 -0.30000000  0.42857143  0.0057
     326  0.30000000 -0.30000000  0.42857143  0.0057
     327  0.40000000 -0.30000000  0.42857143  0.0057
     328  0.50000000 -0.30000000  0.42857143  0.0057
     329  0.40000000  0.30000000 -0.42857143  0.0057
     330  0.30000000  0.30000000 -0.42857143  0.0057
     331  0.20000000  0.30000000 -0.42857143  0.0057
     332 -0.10000000 -0.30000000  0.42857143  0.0057
     333  0.00000000 -0.20000000  0.42857143  0.0057
     334  0.10000000 -0.20000000  0.42857143  0.0057
     335  0.20000000 -0.20000000  0.42857143  0.0057
     336  0.30000000 -0.20000000  0.42857143  0.0057
     337  0.40000000 -0.20000000  0.42857143  0.0057
     338  0.50000000 -0.20000000  0.42857143  0.0057
     339  0.40000000  0.20000000 -0.42857143  0.0057
     340  0.30000000  0.20000000 -0.42857143  0.0057
     341 -0.20000000 -0.20000000  0.42857143  0.0057
     342 -0.10000000 -0.20000000  0.42857143  0.0057
     343  0.00000000 -0.10000000  0.42857143  0.0057
     344  0.10000000 -0.10000000  0.42857143  0.0057
     345  0.20000000 -0.10000000  0.42857143  0.0057
     346  0.30000000 -0.10000000  0.42857143  0.0057
     347  0.40000000 -0.10000000  0.42857143  0.0057
     348  0.50000000 -0.10000000  0.42857143  0.0057
     349  0.40000000  0.10000000 -0.42857143  0.0057
     350 -0.30000000 -0.10000000  0.42857143  0.0057
     351 -0.20000000 -0.10000000  0.42857143  0.0057
     352 -0.10000000 -0.10000000  0.42857143  0.0057

 DONE : INIT K-POINTS Time : 0.236401 (SEC)


 Warning_Memory_Consuming allocated:  PW_B_K::gk2 19.9885 MB

 Warning_Memory_Consuming allocated:  PW_B_K::gcar 59.9656 MB




 >>>>>>>>>>>>>>>>>>>>>>>>>>>>>>>>>>>>>>>>>>>>>>>>>>>>>>>>>>>>>>>>>>>>>>
 |                                                                    |
 | Setup plane waves of wave functions:                               |
 | Use the energy cutoff and the lattice vectors to generate the      |
 | dimensions of FFT grid. The number of FFT grid on each processor   |
 | is 'nrxx'. The number of plane wave basis in reciprocal space is   |
 | different for charege/potential and wave functions. We also set    |
 | the 'sticks' for the parallel of FFT. The number of plane wave of  |
 | each k-point is 'npwk[ik]' in each processor                       |
 <<<<<<<<<<<<<<<<<<<<<<<<<<<<<<<<<<<<<<<<<<<<<<<<<<<<<<<<<<<<<<<<<<<<<<





 SETUP PLANE WAVES FOR WAVE FUNCTIONS
     energy cutoff for wavefunc (unit:Ry) = 100
              fft grid for wave functions = [ 45, 45, 64 ]
                    number of plane waves = 9133
                         number of sticks = 421

 PARALLEL PW FOR WAVE FUNCTIONS
     PROC   COLUMNS(POT)             PW
        1            421           9133
 --------------- sum -------------------
        1            421           9133
 DONE : INIT PLANEWAVE Time : 0.407468 (SEC)

 SET NONLOCAL PSEUDOPOTENTIAL PROJECTORS
 SET NONLOCAL PSEUDOPOTENTIAL PROJECTORS
 max number of nonlocal projetors among all species is 8

 Warning_Memory_Consuming allocated:  TwoCenterTable: Kinetic 8.54429 MB

 Warning_Memory_Consuming allocated:  TwoCenterTable: Overlap 8.54429 MB

 Warning_Memory_Consuming allocated:  TwoCenterTable: Nonlocal 5.68853 MB

 Warning_Memory_Consuming allocated:  DensityMatrix::DMK 134.084 MB
 DONE : LOCAL POTENTIAL Time : 0.895141 (SEC)


 -------------------------------------------
 SELF-CONSISTENT
 -------------------------------------------




 >>>>>>>>>>>>>>>>>>>>>>>>>>>>>>>>>>>>>>>>>>>>>>>>>>>>>>>>>>>>>>>>>>>>>>
 |                                                                    |
 | Search adjacent atoms:                                             |
 | Set the adjacent atoms for each atom and set the periodic boundary |
 | condition for the atoms on real space FFT grid. For k-dependent    |
 | algorithm, we also need to set the sparse H and S matrix element   |
 | for each atom.                                                     |
 |                                                                    |
 <<<<<<<<<<<<<<<<<<<<<<<<<<<<<<<<<<<<<<<<<<<<<<<<<<<<<<<<<<<<<<<<<<<<<<





 SETUP SEARCHING RADIUS FOR PROGRAM TO SEARCH ADJACENT ATOMS
                  longest orb rcut (Bohr) = 9
   longest nonlocal projector rcut (Bohr) = 2.46
                     search radius (Bohr) = 22.9
              searching radius is (Bohr)) = 22.9
         searching radius unit is (Bohr)) = 1.89
                         PeriodicBoundary = 1
                        Radius(unit:lat0) = 12.1
                                   glayer = [ 5, 5, 4 ]
                             glayer_minus = [ 4, 4, 3 ]

Find the coordinate range of the input atom(unit:lat0).
                                  min_tau = [ -14.2, -14.2, -15.4 ]
                                  max_tau = [ 16, 16, 19.5 ]
                                BoxNumber = [ 9, 9, 7 ]

 SETUP EXTENDED REAL SPACE GRID FOR GRID INTEGRATION
                          real space grid = [ 45, 45, 64 ]
                 big cell numbers in grid = [ 9, 9, 16 ]
             meshcell numbers in big cell = [ 5, 5, 4 ]
                        extended fft grid = [ 13, 13, 15 ]
                dimension of extened grid = [ 36, 36, 47 ]
                            UnitCellTotal = 75
              Atom number in sub-FFT-grid = 6
    Local orbitals number in sub-FFT-grid = 158
                                ParaV.nnr = 1720070

 Warning_Memory_Consuming allocated:  Gint::hRGint 10.7 MB

 Warning_Memory_Consuming allocated:  Gint::DMRGint 10.7 MB

 Warning_Memory_Consuming allocated:  HamiltLCAO::hR 13.2 MB

 Warning_Memory_Consuming allocated:  HamiltLCAO::sR 10.7 MB
                                 init_chg = file
 try to read charge from file
 Read in the charge density: OUT.POLAR//POLAR-CHARGE-DENSITY.restart

 Warning_Memory_Consuming allocated:  DensityMatrix::DMR 13.1882 MB
 DONE : INIT SCF Time : 1.04037 (SEC)


 LCAO ALGORITHM --------------- ION=   1  ELEC=   1--------------------------------

 Density error is 0.00665268391528
----------------------------------------------------------
     Energy           Rydberg                 eV          
----------------------------------------------------------
 E_KohnSham     -358.5915654684      -4878.8885451104     
 E_Harris       -358.5849089920      -4878.7979791026     
 E_Fermi        1.0432781992         14.1945281082        
----------------------------------------------------------


 LCAO ALGORITHM --------------- ION=   1  ELEC=   2--------------------------------

 Density error is 0.00249929750376
----------------------------------------------------------
     Energy           Rydberg                 eV          
----------------------------------------------------------
 E_KohnSham     -358.5945975349      -4878.9297984916     
 E_Harris       -358.5847580752      -4878.7959257741     
 E_Fermi        1.0444488296         14.2104553526        
----------------------------------------------------------


 LCAO ALGORITHM --------------- ION=   1  ELEC=   3--------------------------------

 Density error is 0.00110749487198
----------------------------------------------------------
     Energy           Rydberg                 eV          
----------------------------------------------------------
 E_KohnSham     -358.5948268152      -4878.9329180099     
 E_Harris       -358.6079745786      -4879.1118025077     
 E_Fermi        1.0449576143         14.2173777232        
----------------------------------------------------------


 LCAO ALGORITHM --------------- ION=   1  ELEC=   4--------------------------------

 Density error is 0.000477840546452
----------------------------------------------------------
     Energy           Rydberg                 eV          
----------------------------------------------------------
 E_KohnSham     -358.5948916891      -4878.9338006642     
 E_Harris       -358.5902908650      -4878.8712032407     
 E_Fermi        1.0450057119         14.2180321250        
----------------------------------------------------------


 LCAO ALGORITHM --------------- ION=   1  ELEC=   5--------------------------------

 Density error is 0.000150578997599
----------------------------------------------------------
     Energy           Rydberg                 eV          
----------------------------------------------------------
 E_KohnSham     -358.5949021173      -4878.9339425471     
 E_Harris       -358.5929457744      -4878.9073251363     
 E_Fermi        1.0449444227         14.2171982414        
----------------------------------------------------------


 LCAO ALGORITHM --------------- ION=   1  ELEC=   6--------------------------------

 Density error is 4.44345216885e-05
----------------------------------------------------------
     Energy           Rydberg                 eV          
----------------------------------------------------------
 E_KohnSham     -358.5949028169      -4878.9339520658     
 E_Harris       -358.5958692551      -4878.9471011326     
 E_Fermi        1.0449863774         14.2177690651        
----------------------------------------------------------


 LCAO ALGORITHM --------------- ION=   1  ELEC=   7--------------------------------

 Density error is 6.82900402769e-06
----------------------------------------------------------
     Energy           Rydberg                 eV          
----------------------------------------------------------
 E_KohnSham     -358.5949028927      -4878.9339530980     
 E_Harris       -358.5949741346      -4878.9349223933     
 E_Fermi        1.0449929216         14.2178581028        
----------------------------------------------------------


 LCAO ALGORITHM --------------- ION=   1  ELEC=   8--------------------------------

 Density error is 2.47791708162e-06
----------------------------------------------------------
     Energy           Rydberg                 eV          
----------------------------------------------------------
 E_KohnSham     -358.5949028940      -4878.9339531154     
 E_Harris       -358.5947959811      -4878.9324984910     
 E_Fermi        1.0449909650         14.2178314821        
----------------------------------------------------------


 LCAO ALGORITHM --------------- ION=   1  ELEC=   9--------------------------------

 Density error is 8.43794111108e-07
----------------------------------------------------------
     Energy           Rydberg                 eV          
----------------------------------------------------------
 E_KohnSham     -358.5949028942      -4878.9339531176     
 E_Harris       -358.5949313925      -4878.9343408566     
 E_Fermi        1.0449910595         14.2178327676        
----------------------------------------------------------


 LCAO ALGORITHM --------------- ION=   1  ELEC=  10--------------------------------

 Density error is 1.08325843465e-07
----------------------------------------------------------
     Energy           Rydberg                 eV          
----------------------------------------------------------
 E_KohnSham     -358.5949028942      -4878.9339531177     
 E_Harris       -358.5949018897      -4878.9339394510     
 E_Fermi        1.0449911122         14.2178334858        
----------------------------------------------------------


 LCAO ALGORITHM --------------- ION=   1  ELEC=  11--------------------------------

 Density error is 2.54483957647e-08
----------------------------------------------------------
     Energy           Rydberg                 eV          
----------------------------------------------------------
 E_KohnSham     -358.5949028942      -4878.9339531177     
 E_Harris       -358.5949029098      -4878.9339533307     
 E_Fermi        1.0449911101         14.2178334563        
----------------------------------------------------------


 LCAO ALGORITHM --------------- ION=   1  ELEC=  12--------------------------------

 Density error is 4.57468247986e-09
----------------------------------------------------------
     Energy           Rydberg                 eV          
----------------------------------------------------------
 E_KohnSham     -358.5949028942      -4878.9339531177     
 E_KS(sigma->0) -358.5949028942      -4878.9339531177     
 E_Harris       -358.5949028799      -4878.9339529233     
 E_band         -16.0159790370       -217.9085739524      
 E_one_elec     -53.5562574636       -728.6702650595      
 E_Hartree      55.9812168577        761.6635302385       
 E_xc           -90.2932153989       -1228.5022201663     
 E_Ewald        -270.7266468894      -3683.4249981305     
 E_entropy(-TS) -0.0000000000        -0.0000000000        
 E_descf        0.0000000000         0.0000000000         
 E_exx          0.0000000000         0.0000000000         
 E_Fermi        1.0449911117         14.2178334778        
----------------------------------------------------------


 charge density convergence is achieved
 final etot is -4878.9339531 eV
 EFERMI = 14.217833478 eV

 STATE ENERGY(eV) AND OCCUPATIONS    NSPIN == 1
 1/352 kpoint (Cartesian) = 0.0000 0.0000 0.0000 (7443 pws)
       1       -47.6771     0.00285714
       2       -47.6483     0.00285714
       3       -17.6491     0.00285714
       4       -17.2852     0.00285714
       5       -17.2847     0.00285714
       6       -17.2006     0.00285714
       7       -17.1669     0.00285714
       8       -17.1662     0.00285714
       9       -6.48831     0.00285714
      10       -4.82599     0.00285714
      11       -4.44682     0.00285714
      12       -3.72857     0.00285714
      13        6.03898     0.00285714
      14        6.72434     0.00285714
      15        6.89037     0.00285714
      16        6.89831     0.00285714
      17        8.75902     0.00285714
      18        8.76306     0.00285714
      19        10.2818     0.00285714
      20        10.3012     0.00285714
      21        11.0765     0.00285714
      22        11.4708     0.00285714
      23        11.4930     0.00285714
      24        11.5048     0.00285714
      25        16.3134        0.00000
      26        16.4195        0.00000
      27        17.5220        0.00000
      28        18.0155        0.00000
      29        18.0181        0.00000
      30        19.3466        0.00000
      31        20.8666        0.00000
      32        20.8877        0.00000
      33        22.8035        0.00000
      34        22.8267        0.00000

 2/352 kpoint (Cartesian) = 0.028117 0.0000 0.0000 (7415 pws)
       1       -47.6762     0.00571429
       2       -47.6480     0.00571429
       3       -17.6341     0.00571429
       4       -17.3125     0.00571429
       5       -17.2811     0.00571429
       6       -17.2052     0.00571429
       7       -17.1987     0.00571429
       8       -17.1685     0.00571429
       9       -6.39443     0.00571429
      10       -4.80122     0.00571429
      11       -4.45649     0.00571429
      12       -3.77987     0.00571429
      13        6.01756     0.00571429
      14        6.76976     0.00571429
      15        6.96028     0.00571429
      16        7.19051     0.00571429
      17        8.62230     0.00571429
      18        8.77089     0.00571429
      19        10.1824     0.00571429
      20        10.2395     0.00571429
      21        11.0284     0.00571429
      22        11.3006     0.00571429
      23        11.4307     0.00571429
      24        11.4893     0.00571429
      25        16.4469        0.00000
      26        16.6042        0.00000
      27        17.5220        0.00000
      28        18.0008        0.00000
      29        18.2512        0.00000
      30        19.3974        0.00000
      31        20.6502        0.00000
      32        20.8999        0.00000
      33        22.5151        0.00000
      34        22.7755        0.00000

 3/352 kpoint (Cartesian) = 0.056235 0.0000 0.0000 (7395 pws)
       1       -47.6738     0.00571429
       2       -47.6474     0.00571429
       3       -17.5919     0.00571429
       4       -17.3810     0.00571429
       5       -17.2839     0.00571429
       6       -17.2695     0.00571429
       7       -17.2220     0.00571429
       8       -17.1733     0.00571429
       9       -6.13654     0.00571429
      10       -4.75530     0.00571429
      11       -4.47684     0.00571429
      12       -3.91341     0.00571429
      13        6.13071     0.00571429
      14        6.88157     0.00571429
      15        7.16641     0.00571429
      16        7.81795     0.00571429
      17        8.33666     0.00571429
      18        8.80346     0.00571429
      19        9.90141     0.00571429
      20        9.98845     0.00571429
      21        10.8097     0.00571429
      22        10.8911     0.00571429
      23        11.3793     0.00571429
      24        11.5228     0.00571429
      25        16.7070        0.00000
      26        17.0195        0.00000
      27        17.3911        0.00000
      28        17.9675        0.00000
      29        18.8696        0.00000
      30        19.5713        0.00000
      31        20.2648        0.00000
      32        20.9481        0.00000
      33        21.8488        0.00000
      34        22.5845        0.00000

 4/352 kpoint (Cartesian) = 0.084352 0.0000 0.0000 (7409 pws)
       1       -47.6706     0.00571429
       2       -47.6467     0.00571429
       3       -17.5312     0.00571429
       4       -17.4599     0.00571429
       5       -17.3857     0.00571429
       6       -17.2557     0.00571429
       7       -17.2525     0.00571429
       8       -17.1818     0.00571429
       9       -5.77776     0.00571429
      10       -4.75586     0.00571429
      11       -4.48549     0.00571429
      12       -4.08038     0.00571429
      13        6.45786     0.00571429
      14        6.99471     0.00571429
      15        7.49737     0.00571429
      16        7.95734     0.00571429
      17        8.69906     0.00571429
      18        8.88501     0.00571429
      19        9.48251     0.00571429
      20        9.52456     0.00571429
      21        10.2364     0.00571429
      22        10.7718     0.00571429
      23        11.3484     0.00571429
      24        11.5356     0.00571429
      25        16.8417        0.00000
      26        17.1710        0.00000
      27        17.4318        0.00000
      28        17.9348        0.00000
      29        19.1436        0.00000
      30        19.8459        0.00000
      31        20.3723        0.00000
      32        21.0683        0.00000
      33        21.1077        0.00000
      34        22.3450        0.00000

 5/352 kpoint (Cartesian) = 0.11247 0.0000 0.0000 (7432 pws)
       1       -47.6680     0.00571429
       2       -47.6462     0.00571429
       3       -17.5194     0.00571429
       4       -17.4943     0.00571429
       5       -17.4335     0.00571429
       6       -17.3056     0.00571429
       7       -17.2338     0.00571429
       8       -17.1939     0.00571429
       9       -5.40058     0.00571429
      10       -4.86072     0.00571429
      11       -4.45518     0.00571429
      12       -4.23796     0.00571429
      13        6.83572     0.00571429
      14        7.04379     0.00571429
      15        7.93295     0.00571429
      16        7.95521     0.00571429
      17        8.96188     0.00571429
      18        8.97683     0.00571429
      19        9.04772     0.00571429
      20        9.45446     0.00571429
      21        9.71844     0.00571429
      22        10.5382     0.00571429
      23        11.3607     0.00571429
      24        11.5059     0.00571429
      25        16.8138        0.00000
      26        16.9521        0.00000
      27        17.7101        0.00000
      28        17.9055        0.00000
      29        19.0453        0.00000
      30        19.7853        0.00000
      31        20.7665        0.00000
      32        20.8140        0.00000
      33        21.2969        0.00000
      34        21.9993        0.00000

 6/352 kpoint (Cartesian) = 0.14059 0.0000 0.0000 (7422 pws)
       1       -47.6670     0.00285714
       2       -47.6461     0.00285714
       3       -17.5376     0.00285714
       4       -17.5200     0.00285714
       5       -17.3783     0.00285714
       6       -17.3622     0.00285714
       7       -17.2209     0.00285714
       8       -17.2042     0.00285714
       9       -5.08603     0.00285714
      10       -5.07511     0.00285714
      11       -4.37109     0.00285714
      12       -4.36758     0.00285714
      13        7.00616     0.00285714
      14        7.01529     0.00285714
      15        8.36841     0.00285714
      16        8.37288     0.00285714
      17        8.43339     0.00285714
      18        8.45039     0.00285714
      19        9.31382     0.00285714
      20        9.32395     0.00285714
      21        10.0897     0.00285714
      22        10.0927     0.00285714
      23        11.4337     0.00285714
      24        11.4368     0.00285714
      25        16.8060        0.00000
      26        16.8154        0.00000
      27        17.8372        0.00000
      28        17.8614        0.00000
      29        19.2826        0.00000
      30        19.3043        0.00000
      31        20.8651        0.00000
      32        20.9025        0.00000
      33        21.6098        0.00000
      34        21.6419        0.00000

 7/352 kpoint (Cartesian) = 0.0000 0.028117 0.0000 (7415 pws)
       1       -47.6762     0.00571429
       2       -47.6480     0.00571429
       3       -17.6341     0.00571429
       4       -17.3131     0.00571429
       5       -17.2806     0.00571429
       6       -17.2053     0.00571429
       7       -17.1996     0.00571429
       8       -17.1677     0.00571429
       9       -6.39371     0.00571429
      10       -4.79998     0.00571429
      11       -4.45672     0.00571429
      12       -3.78049     0.00571429
      13        6.01542     0.00571429
      14        6.77031     0.00571429
      15        6.96834     0.00571429
      16        7.18546     0.00571429
      17        8.62537     0.00571429
      18        8.76644     0.00571429
      19        10.2012     0.00571429
      20        10.2225     0.00571429
      21        11.0296     0.00571429
      22        11.2886     0.00571429
      23        11.4381     0.00571429
      24        11.4894     0.00571429
      25        16.4474        0.00000
      26        16.6063        0.00000
      27        17.5231        0.00000
      28        18.0023        0.00000
      29        18.2494        0.00000
      30        19.3951        0.00000
      31        20.6664        0.00000
      32        20.8785        0.00000
      33        22.5349        0.00000
      34        22.7520        0.00000

 8/352 kpoint (Cartesian) = 0.028117 0.028117 0.0000 (7409 pws)
       1       -47.6753     0.00571429
       2       -47.6477     0.00571429
       3       -17.6196     0.00571429
       4       -17.3253     0.00571429
       5       -17.2924     0.00571429
       6       -17.2189     0.00571429
       7       -17.2088     0.00571429
       8       -17.1824     0.00571429
       9       -6.30052     0.00571429
      10       -4.77216     0.00571429
      11       -4.46737     0.00571429
      12       -3.83067     0.00571429
      13        6.03492     0.00571429
      14        6.82071     0.00571429
      15        7.00401     0.00571429
      16        7.46274     0.00571429
      17        8.39393     0.00571429
      18        8.87950     0.00571429
      19        10.0077     0.00571429
      20        10.1543     0.00571429
      21        10.8641     0.00571429
      22        11.2689     0.00571429
      23        11.4790     0.00571429
      24        11.5068     0.00571429
      25        16.5799        0.00000
      26        16.7275        0.00000
      27        17.5153        0.00000
      28        17.9735        0.00000
      29        18.4992        0.00000
      30        19.4387        0.00000
      31        20.5041        0.00000
      32        20.8331        0.00000
      33        22.3903        0.00000
      34        22.5638        0.00000

 9/352 kpoint (Cartesian) = 0.056235 0.028117 0.0000 (7415 pws)
       1       -47.6729     0.00571429
       2       -47.6470     0.00571429
       3       -17.5786     0.00571429
       4       -17.3876     0.00571429
       5       -17.2999     0.00571429
       6       -17.2846     0.00571429
       7       -17.2242     0.00571429
       8       -17.1926     0.00571429
       9       -6.04476     0.00571429
      10       -4.71754     0.00571429
      11       -4.49063     0.00571429
      12       -3.96119     0.00571429
      13        6.18924     0.00571429
      14        6.94656     0.00571429
      15        7.18660     0.00571429
      16        7.90025     0.00571429
      17        8.20489     0.00571429
      18        8.98654     0.00571429
      19        9.48633     0.00571429
      20        9.91912     0.00571429
      21        10.6900     0.00571429
      22        11.1835     0.00571429
      23        11.4079     0.00571429
      24        11.5360     0.00571429
      25        16.8421        0.00000
      26        17.0484        0.00000
      27        17.4224        0.00000
      28        17.9056        0.00000
      29        19.0813        0.00000
      30        19.5929        0.00000
      31        20.1539        0.00000
      32        20.8384        0.00000
      33        21.7794        0.00000
      34        22.3680        0.00000

 10/352 kpoint (Cartesian) = 0.084352 0.028117 0.0000 (7395 pws)
       1       -47.6699     0.00571429
       2       -47.6462     0.00571429
       3       -17.5200     0.00571429
       4       -17.4657     0.00571429
       5       -17.3969     0.00571429
       6       -17.2754     0.00571429
       7       -17.2515     0.00571429
       8       -17.2015     0.00571429
       9       -5.68978     0.00571429
      10       -4.70622     0.00571429
      11       -4.50375     0.00571429
      12       -4.12310     0.00571429
      13        6.53800     0.00571429
      14        7.07420     0.00571429
      15        7.49823     0.00571429
      16        7.65235     0.00571429
      17        8.87280     0.00571429
      18        8.88659     0.00571429
      19        9.13141     0.00571429
      20        9.50956     0.00571429
      21        10.4929     0.00571429
      22        10.9487     0.00571429
      23        11.3475     0.00571429
      24        11.5391     0.00571429
      25        16.9792        0.00000
      26        17.2230        0.00000
      27        17.4261        0.00000
      28        17.8400        0.00000
      29        19.2478        0.00000
      30        19.8456        0.00000
      31        20.2786        0.00000
      32        20.9894        0.00000
      33        21.0692        0.00000
      34        22.0969        0.00000

 11/352 kpoint (Cartesian) = 0.11247 0.028117 0.0000 (7421 pws)
       1       -47.6674     0.00571429
       2       -47.6457     0.00571429
       3       -17.5250     0.00571429
       4       -17.4974     0.00571429
       5       -17.4320     0.00571429
       6       -17.3063     0.00571429
       7       -17.2499     0.00571429
       8       -17.2131     0.00571429
       9       -5.31883     0.00571429
      10       -4.79977     0.00571429
      11       -4.47869     0.00571429
      12       -4.27314     0.00571429
      13        6.92748     0.00571429
      14        7.11931     0.00571429
      15        7.56850     0.00571429
      16        7.93924     0.00571429
      17        8.36660     0.00571429
      18        8.99301     0.00571429
      19        9.27384     0.00571429
      20        9.67673     0.00571429
      21        10.0795     0.00571429
      22        10.7022     0.00571429
      23        11.3366     0.00571429
      24        11.4954     0.00571429
      25        16.9456        0.00000
      26        17.0489        0.00000
      27        17.6508        0.00000
      28        17.7999        0.00000
      29        19.0988        0.00000
      30        19.7808        0.00000
      31        20.6793        0.00000
      32        20.7532        0.00000
      33        21.2202        0.00000
      34        21.7511        0.00000

 12/352 kpoint (Cartesian) = 0.14059 0.028117 0.0000 (7390 pws)
       1       -47.6664     0.00571429
       2       -47.6455     0.00571429
       3       -17.5434     0.00571429
       4       -17.5267     0.00571429
       5       -17.3753     0.00571429
       6       -17.3591     0.00571429
       7       -17.2383     0.00571429
       8       -17.2230     0.00571429
       9       -5.01343     0.00571429
      10       -5.00342     0.00571429
      11       -4.39960     0.00571429
      12       -4.39642     0.00571429
      13        7.07240     0.00571429
      14        7.08166     0.00571429
      15        7.90352     0.00571429
      16        7.91366     0.00571429
      17        8.44227     0.00571429
      18        8.45253     0.00571429
      19        9.61694     0.00571429
      20        9.62212     0.00571429
      21        10.2829     0.00571429
      22        10.2856     0.00571429
      23        11.4097     0.00571429
      24        11.4132     0.00571429
      25        16.9263        0.00000
      26        16.9356        0.00000
      27        17.7457        0.00000
      28        17.7689        0.00000
      29        19.3018        0.00000
      30        19.3255        0.00000
      31        20.8263        0.00000
      32        20.8647        0.00000
      33        21.3994        0.00000
      34        21.4256        0.00000

 13/352 kpoint (Cartesian) = 0.11247 -0.028117 0.0000 (7421 pws)
       1       -47.6674     0.00571429
       2       -47.6457     0.00571429
       3       -17.5250     0.00571429
       4       -17.4974     0.00571429
       5       -17.4320     0.00571429
       6       -17.3064     0.00571429
       7       -17.2499     0.00571429
       8       -17.2131     0.00571429
       9       -5.31882     0.00571429
      10       -4.79978     0.00571429
      11       -4.47869     0.00571429
      12       -4.27314     0.00571429
      13        6.92749     0.00571429
      14        7.11931     0.00571429
      15        7.56844     0.00571429
      16        7.93927     0.00571429
      17        8.36660     0.00571429
      18        8.99312     0.00571429
      19        9.27380     0.00571429
      20        9.67666     0.00571429
      21        10.0794     0.00571429
      22        10.7024     0.00571429
      23        11.3366     0.00571429
      24        11.4954     0.00571429
      25        16.9455        0.00000
      26        17.0489        0.00000
      27        17.6510        0.00000
      28        17.7998        0.00000
      29        19.0987        0.00000
      30        19.7808        0.00000
      31        20.6800        0.00000
      32        20.7525        0.00000
      33        21.2202        0.00000
      34        21.7512        0.00000

 14/352 kpoint (Cartesian) = 0.084352 -0.028117 0.0000 (7395 pws)
       1       -47.6699     0.00571429
       2       -47.6462     0.00571429
       3       -17.5200     0.00571429
       4       -17.4656     0.00571429
       5       -17.3969     0.00571429
       6       -17.2755     0.00571429
       7       -17.2515     0.00571429
       8       -17.2015     0.00571429
       9       -5.68977     0.00571429
      10       -4.70622     0.00571429
      11       -4.50376     0.00571429
      12       -4.12311     0.00571429
      13        6.53802     0.00571429
      14        7.07421     0.00571429
      15        7.49816     0.00571429
      16        7.65232     0.00571429
      17        8.87323     0.00571429
      18        8.88650     0.00571429
      19        9.13119     0.00571429
      20        9.50945     0.00571429
      21        10.4929     0.00571429
      22        10.9489     0.00571429
      23        11.3475     0.00571429
      24        11.5391     0.00571429
      25        16.9790        0.00000
      26        17.2229        0.00000
      27        17.4264        0.00000
      28        17.8399        0.00000
      29        19.2478        0.00000
      30        19.8456        0.00000
      31        20.2787        0.00000
      32        20.9895        0.00000
      33        21.0693        0.00000
      34        22.0968        0.00000

 15/352 kpoint (Cartesian) = 0.056235 -0.028117 0.0000 (7415 pws)
       1       -47.6729     0.00571429
       2       -47.6470     0.00571429
       3       -17.5786     0.00571429
       4       -17.3876     0.00571429
       5       -17.2999     0.00571429
       6       -17.2846     0.00571429
       7       -17.2242     0.00571429
       8       -17.1926     0.00571429
       9       -6.04476     0.00571429
      10       -4.71753     0.00571429
      11       -4.49064     0.00571429
      12       -3.96119     0.00571429
      13        6.18925     0.00571429
      14        6.94660     0.00571429
      15        7.18650     0.00571429
      16        7.90024     0.00571429
      17        8.20489     0.00571429
      18        8.98673     0.00571429
      19        9.48619     0.00571429
      20        9.91903     0.00571429
      21        10.6901     0.00571429
      22        11.1836     0.00571429
      23        11.4079     0.00571429
      24        11.5359     0.00571429
      25        16.8416        0.00000
      26        17.0488        0.00000
      27        17.4224        0.00000
      28        17.9056        0.00000
      29        19.0813        0.00000
      30        19.5929        0.00000
      31        20.1539        0.00000
      32        20.8384        0.00000
      33        21.7796        0.00000
      34        22.3673        0.00000

 16/352 kpoint (Cartesian) = -0.028117 0.028117 0.0000 (7409 pws)
       1       -47.6753     0.00571429
       2       -47.6477     0.00571429
       3       -17.6196     0.00571429
       4       -17.3253     0.00571429
       5       -17.2924     0.00571429
       6       -17.2189     0.00571429
       7       -17.2089     0.00571429
       8       -17.1824     0.00571429
       9       -6.30052     0.00571429
      10       -4.77215     0.00571429
      11       -4.46738     0.00571429
      12       -3.83067     0.00571429
      13        6.03494     0.00571429
      14        6.82076     0.00571429
      15        7.00386     0.00571429
      16        7.46283     0.00571429
      17        8.39383     0.00571429
      18        8.87962     0.00571429
      19        10.0077     0.00571429
      20        10.1542     0.00571429
      21        10.8642     0.00571429
      22        11.2688     0.00571429
      23        11.4791     0.00571429
      24        11.5067     0.00571429
      25        16.5794        0.00000
      26        16.7280        0.00000
      27        17.5153        0.00000
      28        17.9735        0.00000
      29        18.4992        0.00000
      30        19.4387        0.00000
      31        20.5042        0.00000
      32        20.8331        0.00000
      33        22.3907        0.00000
      34        22.5633        0.00000

 17/352 kpoint (Cartesian) = 0.0000 0.056235 0.0000 (7395 pws)
       1       -47.6738     0.00571429
       2       -47.6473     0.00571429
       3       -17.5918     0.00571429
       4       -17.3821     0.00571429
       5       -17.2854     0.00571429
       6       -17.2691     0.00571429
       7       -17.2219     0.00571429
       8       -17.1725     0.00571429
       9       -6.13385     0.00571429
      10       -4.75083     0.00571429
      11       -4.47771     0.00571429
      12       -3.91561     0.00571429
      13        6.12681     0.00571429
      14        6.88399     0.00571429
      15        7.17486     0.00571429
      16        7.81685     0.00571429
      17        8.33722     0.00571429
      18        8.79785     0.00571429
      19        9.91873     0.00571429
      20        9.97718     0.00571429
      21        10.7975     0.00571429
      22        10.8911     0.00571429
      23        11.3806     0.00571429
      24        11.5229     0.00571429
      25        16.7077        0.00000
      26        17.0265        0.00000
      27        17.3936        0.00000
      28        17.9731        0.00000
      29        18.8596        0.00000
      30        19.5633        0.00000
      31        20.2733        0.00000
      32        20.9257        0.00000
      33        21.8625        0.00000
      34        22.5860        0.00000

 18/352 kpoint (Cartesian) = 0.028117 0.056235 0.0000 (7415 pws)
       1       -47.6729     0.00571429
       2       -47.6470     0.00571429
       3       -17.5785     0.00571429
       4       -17.3885     0.00571429
       5       -17.3008     0.00571429
       6       -17.2845     0.00571429
       7       -17.2241     0.00571429
       8       -17.1919     0.00571429
       9       -6.04279     0.00571429
      10       -4.71425     0.00571429
      11       -4.49126     0.00571429
      12       -3.96282     0.00571429
      13        6.18679     0.00571429
      14        6.94847     0.00571429
      15        7.19138     0.00571429
      16        7.90019     0.00571429
      17        8.20463     0.00571429
      18        8.98343     0.00571429
      19        9.48570     0.00571429
      20        9.92445     0.00571429
      21        10.6824     0.00571429
      22        11.1834     0.00571429
      23        11.4072     0.00571429
      24        11.5361     0.00571429
      25        16.8424        0.00000
      26        17.0536        0.00000
      27        17.4242        0.00000
      28        17.9096        0.00000
      29        19.0729        0.00000
      30        19.5870        0.00000
      31        20.1583        0.00000
      32        20.8249        0.00000
      33        21.7916        0.00000
      34        22.3492        0.00000

 19/352 kpoint (Cartesian) = 0.056235 0.056235 0.0000 (7401 pws)
       1       -47.6708     0.00571429
       2       -47.6461     0.00571429
       3       -17.5412     0.00571429
       4       -17.4243     0.00571429
       5       -17.3537     0.00571429
       6       -17.3071     0.00571429
       7       -17.2355     0.00571429
       8       -17.2234     0.00571429
       9       -5.79357     0.00571429
      10       -4.63389     0.00571429
      11       -4.52298     0.00571429
      12       -4.08597     0.00571429
      13        6.39626     0.00571429
      14        7.11728     0.00571429
      15        7.32027     0.00571429
      16        7.49895     0.00571429
      17        8.70728     0.00571429
      18        8.72350     0.00571429
      19        9.21260     0.00571429
      20        9.73555     0.00571429
      21        10.6440     0.00571429
      22        11.3248     0.00571429
      23        11.4337     0.00571429
      24        11.5501     0.00571429
      25        17.1196        0.00000
      26        17.1875        0.00000
      27        17.4486        0.00000
      28        17.7650        0.00000
      29        19.5560        0.00000
      30        19.6839        0.00000
      31        19.8372        0.00000
      32        20.7911        0.00000
      33        21.4900        0.00000
      34        21.8997        0.00000

 20/352 kpoint (Cartesian) = 0.084352 0.056235 0.0000 (7390 pws)
       1       -47.6680     0.00571429
       2       -47.6450     0.00571429
       3       -17.4933     0.00571429
       4       -17.4863     0.00571429
       5       -17.4367     0.00571429
       6       -17.3090     0.00571429
       7       -17.2576     0.00571429
       8       -17.2420     0.00571429
       9       -5.45028     0.00571429
      10       -4.58579     0.00571429
      11       -4.54902     0.00571429
      12       -4.23612     0.00571429
      13        6.76926     0.00571429
      14        7.10296     0.00571429
      15        7.29386     0.00571429
      16        7.59160     0.00571429
      17        8.02449     0.00571429
      18        9.35307     0.00571429
      19        9.39429     0.00571429
      20        9.48143     0.00571429
      21        10.6108     0.00571429
      22        11.2454     0.00571429
      23        11.3469     0.00571429
      24        11.5241     0.00571429
      25        17.2499        0.00000
      26        17.3334        0.00000
      27        17.4429        0.00000
      28        17.6620        0.00000
      29        19.4321        0.00000
      30        19.8712        0.00000
      31        20.0143        0.00000
      32        20.9340        0.00000
      33        21.0831        0.00000
      34        21.5425        0.00000

 21/352 kpoint (Cartesian) = 0.11247 0.056235 0.0000 (7414 pws)
       1       -47.6658     0.00571429
       2       -47.6442     0.00571429
       3       -17.5467     0.00571429
       4       -17.5198     0.00571429
       5       -17.4197     0.00571429
       6       -17.3143     0.00571429
       7       -17.2786     0.00571429
       8       -17.2552     0.00571429
       9       -5.09883     0.00571429
      10       -4.64661     0.00571429
      11       -4.53888     0.00571429
      12       -4.36365     0.00571429
      13        6.88521     0.00571429
      14        7.19450     0.00571429
      15        7.23302     0.00571429
      16        7.70009     0.00571429
      17        7.97747     0.00571429
      18        8.94059     0.00571429
      19        9.63248     0.00571429
      20        10.1338     0.00571429
      21        10.4037     0.00571429
      22        11.0273     0.00571429
      23        11.2698     0.00571429
      24        11.4417     0.00571429
      25        17.1825        0.00000
      26        17.2591        0.00000
      27        17.5417        0.00000
      28        17.6390        0.00000
      29        19.2328        0.00000
      30        19.7939        0.00000
      31        20.3113        0.00000
      32        20.6764        0.00000
      33        21.1603        0.00000
      34        21.1944        0.00000

 22/352 kpoint (Cartesian) = 0.14059 0.056235 0.0000 (7394 pws)
       1       -47.6649     0.00571429
       2       -47.6439     0.00571429
       3       -17.5651     0.00571429
       4       -17.5519     0.00571429
       5       -17.3670     0.00571429
       6       -17.3516     0.00571429
       7       -17.2757     0.00571429
       8       -17.2641     0.00571429
       9       -4.82412     0.00571429
      10       -4.81631     0.00571429
      11       -4.47192     0.00571429
      12       -4.46972     0.00571429
      13        6.93152     0.00571429
      14        6.93638     0.00571429
      15        7.56383     0.00571429
      16        7.57192     0.00571429
      17        8.44194     0.00571429
      18        8.44698     0.00571429
      19        9.98975     0.00571429
      20        9.99023     0.00571429
      21        10.6796     0.00571429
      22        10.6853     0.00571429
      23        11.3240     0.00571429
      24        11.3287     0.00571429
      25        17.1568        0.00000
      26        17.1675        0.00000
      27        17.6058        0.00000
      28        17.6178        0.00000
      29        19.3700        0.00000
      30        19.3991        0.00000
      31        20.6250        0.00000
      32        20.6589        0.00000
      33        21.0204        0.00000
      34        21.0436        0.00000

 23/352 kpoint (Cartesian) = 0.11247 -0.056235 0.0000 (7414 pws)
       1       -47.6658     0.00571429
       2       -47.6442     0.00571429
       3       -17.5467     0.00571429
       4       -17.5198     0.00571429
       5       -17.4197     0.00571429
       6       -17.3143     0.00571429
       7       -17.2786     0.00571429
       8       -17.2552     0.00571429
       9       -5.09880     0.00571429
      10       -4.64664     0.00571429
      11       -4.53886     0.00571429
      12       -4.36367     0.00571429
      13        6.88513     0.00571429
      14        7.19463     0.00571429
      15        7.23296     0.00571429
      16        7.70015     0.00571429
      17        7.97739     0.00571429
      18        8.94064     0.00571429
      19        9.63244     0.00571429
      20        10.1337     0.00571429
      21        10.4037     0.00571429
      22        11.0275     0.00571429
      23        11.2697     0.00571429
      24        11.4417     0.00571429
      25        17.1823        0.00000
      26        17.2590        0.00000
      27        17.5422        0.00000
      28        17.6388        0.00000
      29        19.2327        0.00000
      30        19.7940        0.00000
      31        20.3115        0.00000
      32        20.6762        0.00000
      33        21.1606        0.00000
      34        21.1942        0.00000

 24/352 kpoint (Cartesian) = 0.084352 -0.056235 0.0000 (7390 pws)
       1       -47.6680     0.00571429
       2       -47.6450     0.00571429
       3       -17.4933     0.00571429
       4       -17.4863     0.00571429
       5       -17.4367     0.00571429
       6       -17.3090     0.00571429
       7       -17.2576     0.00571429
       8       -17.2419     0.00571429
       9       -5.45026     0.00571429
      10       -4.58580     0.00571429
      11       -4.54902     0.00571429
      12       -4.23613     0.00571429
      13        6.76927     0.00571429
      14        7.10287     0.00571429
      15        7.29392     0.00571429
      16        7.59152     0.00571429
      17        8.02457     0.00571429
      18        9.35303     0.00571429
      19        9.39513     0.00571429
      20        9.48053     0.00571429
      21        10.6109     0.00571429
      22        11.2456     0.00571429
      23        11.3469     0.00571429
      24        11.5241     0.00571429
      25        17.2490        0.00000
      26        17.3337        0.00000
      27        17.4437        0.00000
      28        17.6618        0.00000
      29        19.4320        0.00000
      30        19.8714        0.00000
      31        20.0142        0.00000
      32        20.9344        0.00000
      33        21.0833        0.00000
      34        21.5424        0.00000

 25/352 kpoint (Cartesian) = -0.056235 0.056235 0.0000 (7401 pws)
       1       -47.6708     0.00571429
       2       -47.6461     0.00571429
       3       -17.5412     0.00571429
       4       -17.4243     0.00571429
       5       -17.3537     0.00571429
       6       -17.3071     0.00571429
       7       -17.2355     0.00571429
       8       -17.2234     0.00571429
       9       -5.79356     0.00571429
      10       -4.63387     0.00571429
      11       -4.52301     0.00571429
      12       -4.08597     0.00571429
      13        6.39628     0.00571429
      14        7.11731     0.00571429
      15        7.32019     0.00571429
      16        7.49886     0.00571429
      17        8.71040     0.00571429
      18        8.72054     0.00571429
      19        9.21262     0.00571429
      20        9.73534     0.00571429
      21        10.6441     0.00571429
      22        11.3247     0.00571429
      23        11.4338     0.00571429
      24        11.5501     0.00571429
      25        17.1176        0.00000
      26        17.1894        0.00000
      27        17.4487        0.00000
      28        17.7649        0.00000
      29        19.5560        0.00000
      30        19.6838        0.00000
      31        19.8372        0.00000
      32        20.7913        0.00000
      33        21.4904        0.00000
      34        21.8991        0.00000

 26/352 kpoint (Cartesian) = -0.028117 0.056235 0.0000 (7415 pws)
       1       -47.6729     0.00571429
       2       -47.6470     0.00571429
       3       -17.5785     0.00571429
       4       -17.3885     0.00571429
       5       -17.3009     0.00571429
       6       -17.2845     0.00571429
       7       -17.2241     0.00571429
       8       -17.1919     0.00571429
       9       -6.04279     0.00571429
      10       -4.71424     0.00571429
      11       -4.49128     0.00571429
      12       -3.96282     0.00571429
      13        6.18680     0.00571429
      14        6.94849     0.00571429
      15        7.19129     0.00571429
      16        7.90017     0.00571429
      17        8.20463     0.00571429
      18        8.98359     0.00571429
      19        9.48563     0.00571429
      20        9.92427     0.00571429
      21        10.6826     0.00571429
      22        11.1833     0.00571429
      23        11.4073     0.00571429
      24        11.5360     0.00571429
      25        16.8419        0.00000
      26        17.0540        0.00000
      27        17.4242        0.00000
      28        17.9096        0.00000
      29        19.0729        0.00000
      30        19.5870        0.00000
      31        20.1583        0.00000
      32        20.8249        0.00000
      33        21.7918        0.00000
      34        22.3489        0.00000

 27/352 kpoint (Cartesian) = 0.0000 0.084352 0.0000 (7409 pws)
       1       -47.6706     0.00571429
       2       -47.6466     0.00571429
       3       -17.5312     0.00571429
       4       -17.4616     0.00571429
       5       -17.3879     0.00571429
       6       -17.2554     0.00571429
       7       -17.2524     0.00571429
       8       -17.1809     0.00571429
       9       -5.77240     0.00571429
      10       -4.74776     0.00571429
      11       -4.48725     0.00571429
      12       -4.08420     0.00571429
      13        6.45530     0.00571429
      14        6.99999     0.00571429
      15        7.50653     0.00571429
      16        7.95385     0.00571429
      17        8.70096     0.00571429
      18        8.87776     0.00571429
      19        9.49800     0.00571429
      20        9.51502     0.00571429
      21        10.2244     0.00571429
      22        10.7698     0.00571429
      23        11.3483     0.00571429
      24        11.5358     0.00571429
      25        16.8390        0.00000
      26        17.1702        0.00000
      27        17.4448        0.00000
      28        17.9456        0.00000
      29        19.1266        0.00000
      30        19.8323        0.00000
      31        20.3697        0.00000
      32        21.0438        0.00000
      33        21.1168        0.00000
      34        22.3228        0.00000

 28/352 kpoint (Cartesian) = 0.028117 0.084352 0.0000 (7395 pws)
       1       -47.6699     0.00571429
       2       -47.6462     0.00571429
       3       -17.5200     0.00571429
       4       -17.4672     0.00571429
       5       -17.3989     0.00571429
       6       -17.2750     0.00571429
       7       -17.2514     0.00571429
       8       -17.2006     0.00571429
       9       -5.68514     0.00571429
      10       -4.69908     0.00571429
      11       -4.50527     0.00571429
      12       -4.12656     0.00571429
      13        6.53610     0.00571429
      14        7.07923     0.00571429
      15        7.50523     0.00571429
      16        7.64973     0.00571429
      17        8.87001     0.00571429
      18        8.88634     0.00571429
      19        9.12647     0.00571429
      20        9.51812     0.00571429
      21        10.4786     0.00571429
      22        10.9517     0.00571429
      23        11.3462     0.00571429
      24        11.5393     0.00571429
      25        16.9765        0.00000
      26        17.2227        0.00000
      27        17.4372        0.00000
      28        17.8492        0.00000
      29        19.2337        0.00000
      30        19.8341        0.00000
      31        20.2698        0.00000
      32        20.9729        0.00000
      33        21.0781        0.00000
      34        22.0758        0.00000

 29/352 kpoint (Cartesian) = 0.056235 0.084352 0.0000 (7390 pws)
       1       -47.6680     0.00571429
       2       -47.6450     0.00571429
       3       -17.4935     0.00571429
       4       -17.4873     0.00571429
       5       -17.4377     0.00571429
       6       -17.3086     0.00571429
       7       -17.2576     0.00571429
       8       -17.2413     0.00571429
       9       -5.44760     0.00571429
      10       -4.58138     0.00571429
      11       -4.54980     0.00571429
      12       -4.23859     0.00571429
      13        6.76773     0.00571429
      14        7.10324     0.00571429
      15        7.29800     0.00571429
      16        7.59446     0.00571429
      17        8.02153     0.00571429
      18        9.34585     0.00571429
      19        9.40157     0.00571429
      20        9.48295     0.00571429
      21        10.6024     0.00571429
      22        11.2524     0.00571429
      23        11.3412     0.00571429
      24        11.5241     0.00571429
      25        17.2479        0.00000
      26        17.3339        0.00000
      27        17.4484        0.00000
      28        17.6667        0.00000
      29        19.4284        0.00000
      30        19.8656        0.00000
      31        19.9996        0.00000
      32        20.9416        0.00000
      33        21.0720        0.00000
      34        21.5294        0.00000

 30/352 kpoint (Cartesian) = 0.084352 0.084352 0.0000 (7389 pws)
       1       -47.6657     0.00571429
       2       -47.6436     0.00571429
       3       -17.5407     0.00571429
       4       -17.5058     0.00571429
       5       -17.4426     0.00571429
       6       -17.3278     0.00571429
       7       -17.2755     0.00571429
       8       -17.2684     0.00571429
       9       -5.12497     0.00571429
      10       -4.59645     0.00571429
      11       -4.46803     0.00571429
      12       -4.38002     0.00571429
      13        6.57338     0.00571429
      14        7.21704     0.00571429
      15        7.22865     0.00571429
      16        7.61049     0.00571429
      17        7.79641     0.00571429
      18        9.18825     0.00571429
      19        9.68026     0.00571429
      20        10.0354     0.00571429
      21        10.6453     0.00571429
      22        11.2378     0.00571429
      23        11.3548     0.00571429
      24        11.4507     0.00571429
      25        17.2231        0.00000
      26        17.4466        0.00000
      27        17.4595        0.00000
      28        17.7256        0.00000
      29        19.3416        0.00000
      30        19.9379        0.00000
      31        19.9697        0.00000
      32        20.7031        0.00000
      33        20.9345        0.00000
      34        21.4210        0.00000

 31/352 kpoint (Cartesian) = 0.11247 0.084352 0.0000 (7398 pws)
       1       -47.6637     0.00571429
       2       -47.6425     0.00571429
       3       -17.5885     0.00571429
       4       -17.5698     0.00571429
       5       -17.3939     0.00571429
       6       -17.3326     0.00571429
       7       -17.2951     0.00571429
       8       -17.2869     0.00571429
       9       -4.80853     0.00571429
      10       -4.60877     0.00571429
      11       -4.52437     0.00571429
      12       -4.42511     0.00571429
      13        6.30992     0.00571429
      14        6.64722     0.00571429
      15        7.65626     0.00571429
      16        7.86649     0.00571429
      17        8.10586     0.00571429
      18        8.87217     0.00571429
      19        9.93344     0.00571429
      20        10.5889     0.00571429
      21        10.6023     0.00571429
      22        11.0650     0.00571429
      23        11.2744     0.00571429
      24        11.3136     0.00571429
      25        17.1185        0.00000
      26        17.3511        0.00000
      27        17.5911        0.00000
      28        17.7876        0.00000
      29        19.2627        0.00000
      30        19.8491        0.00000
      31        19.9852        0.00000
      32        20.4575        0.00000
      33        20.6558        0.00000
      34        21.1365        0.00000

 32/352 kpoint (Cartesian) = 0.14059 0.084352 0.0000 (7440 pws)
       1       -47.6630     0.00571429
       2       -47.6420     0.00571429
       3       -17.6055     0.00571429
       4       -17.5980     0.00571429
       5       -17.3565     0.00571429
       6       -17.3457     0.00571429
       7       -17.3052     0.00571429
       8       -17.2955     0.00571429
       9       -4.63059     0.00571429
      10       -4.62219     0.00571429
      11       -4.52096     0.00571429
      12       -4.51508     0.00571429
      13        6.32457     0.00571429
      14        6.33196     0.00571429
      15        7.91235     0.00571429
      16        7.92333     0.00571429
      17        8.48563     0.00571429
      18        8.48837     0.00571429
      19        10.2604     0.00571429
      20        10.2641     0.00571429
      21        10.9895     0.00571429
      22        10.9961     0.00571429
      23        11.1673     0.00571429
      24        11.1733     0.00571429
      25        17.1653        0.00000
      26        17.1919        0.00000
      27        17.7241        0.00000
      28        17.7307        0.00000
      29        19.4373        0.00000
      30        19.4710        0.00000
      31        20.1566        0.00000
      32        20.1707        0.00000
      33        20.8589        0.00000
      34        20.8957        0.00000

 33/352 kpoint (Cartesian) = 0.11247 -0.084352 0.0000 (7398 pws)
       1       -47.6637     0.00571429
       2       -47.6425     0.00571429
       3       -17.5885     0.00571429
       4       -17.5698     0.00571429
       5       -17.3938     0.00571429
       6       -17.3326     0.00571429
       7       -17.2951     0.00571429
       8       -17.2868     0.00571429
       9       -4.80846     0.00571429
      10       -4.60886     0.00571429
      11       -4.52431     0.00571429
      12       -4.42514     0.00571429
      13        6.30986     0.00571429
      14        6.64726     0.00571429
      15        7.65629     0.00571429
      16        7.86650     0.00571429
      17        8.10582     0.00571429
      18        8.87219     0.00571429
      19        9.93333     0.00571429
      20        10.5890     0.00571429
      21        10.6022     0.00571429
      22        11.0652     0.00571429
      23        11.2735     0.00571429
      24        11.3143     0.00571429
      25        17.1184        0.00000
      26        17.3511        0.00000
      27        17.5911        0.00000
      28        17.7877        0.00000
      29        19.2626        0.00000
      30        19.8492        0.00000
      31        19.9851        0.00000
      32        20.4574        0.00000
      33        20.6563        0.00000
      34        21.1362        0.00000

 34/352 kpoint (Cartesian) = -0.084352 0.084352 0.0000 (7389 pws)
       1       -47.6657     0.00571429
       2       -47.6436     0.00571429
       3       -17.5407     0.00571429
       4       -17.5058     0.00571429
       5       -17.4426     0.00571429
       6       -17.3278     0.00571429
       7       -17.2756     0.00571429
       8       -17.2684     0.00571429
       9       -5.12493     0.00571429
      10       -4.59651     0.00571429
      11       -4.46797     0.00571429
      12       -4.38006     0.00571429
      13        6.57333     0.00571429
      14        7.21677     0.00571429
      15        7.22897     0.00571429
      16        7.61053     0.00571429
      17        7.79635     0.00571429
      18        9.18836     0.00571429
      19        9.68007     0.00571429
      20        10.0353     0.00571429
      21        10.6455     0.00571429
      22        11.2380     0.00571429
      23        11.3546     0.00571429
      24        11.4508     0.00571429
      25        17.2228        0.00000
      26        17.4466        0.00000
      27        17.4596        0.00000
      28        17.7258        0.00000
      29        19.3415        0.00000
      30        19.9379        0.00000
      31        19.9696        0.00000
      32        20.7035        0.00000
      33        20.9346        0.00000
      34        21.4210        0.00000

 35/352 kpoint (Cartesian) = -0.056235 0.084352 0.0000 (7390 pws)
       1       -47.6680     0.00571429
       2       -47.6450     0.00571429
       3       -17.4934     0.00571429
       4       -17.4874     0.00571429
       5       -17.4377     0.00571429
       6       -17.3086     0.00571429
       7       -17.2576     0.00571429
       8       -17.2412     0.00571429
       9       -5.44758     0.00571429
      10       -4.58138     0.00571429
      11       -4.54983     0.00571429
      12       -4.23859     0.00571429
      13        6.76776     0.00571429
      14        7.10316     0.00571429
      15        7.29803     0.00571429
      16        7.59437     0.00571429
      17        8.02159     0.00571429
      18        9.34796     0.00571429
      19        9.39928     0.00571429
      20        9.48302     0.00571429
      21        10.6027     0.00571429
      22        11.2524     0.00571429
      23        11.3412     0.00571429
      24        11.5241     0.00571429
      25        17.2471        0.00000
      26        17.3342        0.00000
      27        17.4488        0.00000
      28        17.6667        0.00000
      29        19.4284        0.00000
      30        19.8656        0.00000
      31        19.9993        0.00000
      32        20.9415        0.00000
      33        21.0728        0.00000
      34        21.5291        0.00000

 36/352 kpoint (Cartesian) = -0.028117 0.084352 0.0000 (7395 pws)
       1       -47.6699     0.00571429
       2       -47.6462     0.00571429
       3       -17.5200     0.00571429
       4       -17.4672     0.00571429
       5       -17.3989     0.00571429
       6       -17.2750     0.00571429
       7       -17.2514     0.00571429
       8       -17.2006     0.00571429
       9       -5.68513     0.00571429
      10       -4.69908     0.00571429
      11       -4.50529     0.00571429
      12       -4.12656     0.00571429
      13        6.53611     0.00571429
      14        7.07923     0.00571429
      15        7.50522     0.00571429
      16        7.64961     0.00571429
      17        8.87273     0.00571429
      18        8.88374     0.00571429
      19        9.12659     0.00571429
      20        9.51784     0.00571429
      21        10.4788     0.00571429
      22        10.9517     0.00571429
      23        11.3462     0.00571429
      24        11.5393     0.00571429
      25        16.9763        0.00000
      26        17.2227        0.00000
      27        17.4374        0.00000
      28        17.8492        0.00000
      29        19.2337        0.00000
      30        19.8341        0.00000
      31        20.2697        0.00000
      32        20.9730        0.00000
      33        21.0782        0.00000
      34        22.0757        0.00000

 37/352 kpoint (Cartesian) = 0.0000 0.11247 0.0000 (7432 pws)
       1       -47.6680     0.00571429
       2       -47.6462     0.00571429
       3       -17.5205     0.00571429
       4       -17.4976     0.00571429
       5       -17.4339     0.00571429
       6       -17.3054     0.00571429
       7       -17.2337     0.00571429
       8       -17.1927     0.00571429
       9       -5.39258     0.00571429
      10       -4.85074     0.00571429
      11       -4.45795     0.00571429
      12       -4.24216     0.00571429
      13        6.83990     0.00571429
      14        7.05167     0.00571429
      15        7.94259     0.00571429
      16        7.94449     0.00571429
      17        8.94946     0.00571429
      18        8.99010     0.00571429
      19        9.03929     0.00571429
      20        9.45807     0.00571429
      21        9.70707     0.00571429
      22        10.5382     0.00571429
      23        11.3607     0.00571429
      24        11.5062     0.00571429
      25        16.8049        0.00000
      26        16.9434        0.00000
      27        17.7269        0.00000
      28        17.9213        0.00000
      29        19.0340        0.00000
      30        19.7743        0.00000
      31        20.7675        0.00000
      32        20.7977        0.00000
      33        21.2703        0.00000
      34        21.9734        0.00000

 38/352 kpoint (Cartesian) = 0.028117 0.11247 0.0000 (7421 pws)
       1       -47.6674     0.00571429
       2       -47.6456     0.00571429
       3       -17.5261     0.00571429
       4       -17.5007     0.00571429
       5       -17.4320     0.00571429
       6       -17.3061     0.00571429
       7       -17.2498     0.00571429
       8       -17.2119     0.00571429
       9       -5.31155     0.00571429
      10       -4.79057     0.00571429
      11       -4.48124     0.00571429
      12       -4.27714     0.00571429
      13        6.93246     0.00571429
      14        7.12713     0.00571429
      15        7.56076     0.00571429
      16        7.94644     0.00571429
      17        8.36017     0.00571429
      18        9.00109     0.00571429
      19        9.26351     0.00571429
      20        9.68114     0.00571429
      21        10.0639     0.00571429
      22        10.7060     0.00571429
      23        11.3361     0.00571429
      24        11.4956     0.00571429
      25        16.9371        0.00000
      26        17.0409        0.00000
      27        17.6661        0.00000
      28        17.8142        0.00000
      29        19.0897        0.00000
      30        19.7719        0.00000
      31        20.6614        0.00000
      32        20.7508        0.00000
      33        21.2007        0.00000
      34        21.7288        0.00000

 39/352 kpoint (Cartesian) = 0.056235 0.11247 0.0000 (7414 pws)
       1       -47.6658     0.00571429
       2       -47.6442     0.00571429
       3       -17.5477     0.00571429
       4       -17.5225     0.00571429
       5       -17.4195     0.00571429
       6       -17.3138     0.00571429
       7       -17.2788     0.00571429
       8       -17.2540     0.00571429
       9       -5.09345     0.00571429
      10       -4.63928     0.00571429
      11       -4.54087     0.00571429
      12       -4.36734     0.00571429
      13        6.88340     0.00571429
      14        7.19939     0.00571429
      15        7.23475     0.00571429
      16        7.69863     0.00571429
      17        7.98167     0.00571429
      18        8.94566     0.00571429
      19        9.62032     0.00571429
      20        10.1398     0.00571429
      21        10.3876     0.00571429
      22        11.0360     0.00571429
      23        11.2668     0.00571429
      24        11.4416     0.00571429
      25        17.1780        0.00000
      26        17.2541        0.00000
      27        17.5515        0.00000
      28        17.6462        0.00000
      29        19.2302        0.00000
      30        19.7910        0.00000
      31        20.2908        0.00000
      32        20.6752        0.00000
      33        21.1438        0.00000
      34        21.1831        0.00000

 40/352 kpoint (Cartesian) = 0.084352 0.11247 0.0000 (7398 pws)
       1       -47.6637     0.00571429
       2       -47.6424     0.00571429
       3       -17.5889     0.00571429
       4       -17.5711     0.00571429
       5       -17.3938     0.00571429
       6       -17.3322     0.00571429
       7       -17.2952     0.00571429
       8       -17.2863     0.00571429
       9       -4.80539     0.00571429
      10       -4.61038     0.00571429
      11       -4.52111     0.00571429
      12       -4.42667     0.00571429
      13        6.30860     0.00571429
      14        6.64655     0.00571429
      15        7.65984     0.00571429
      16        7.86978     0.00571429
      17        8.10707     0.00571429
      18        8.87390     0.00571429
      19        9.92434     0.00571429
      20        10.5790     0.00571429
      21        10.6058     0.00571429
      22        11.0684     0.00571429
      23        11.2766     0.00571429
      24        11.3133     0.00571429
      25        17.1202        0.00000
      26        17.3542        0.00000
      27        17.5903        0.00000
      28        17.7855        0.00000
      29        19.2643        0.00000
      30        19.8534        0.00000
      31        19.9742        0.00000
      32        20.4472        0.00000
      33        20.6540        0.00000
      34        21.1308        0.00000

 41/352 kpoint (Cartesian) = 0.11247 0.11247 0.0000 (7391 pws)
       1       -47.6621     0.00571429
       2       -47.6410     0.00571429
       3       -17.6316     0.00571429
       4       -17.6224     0.00571429
       5       -17.3654     0.00571429
       6       -17.3421     0.00571429
       7       -17.3120     0.00571429
       8       -17.2968     0.00571429
       9       -4.65993     0.00571429
      10       -4.60342     0.00571429
      11       -4.53215     0.00571429
      12       -4.33745     0.00571429
      13        5.94432     0.00571429
      14        6.12643     0.00571429
      15        8.12762     0.00571429
      16        8.21074     0.00571429
      17        8.30454     0.00571429
      18        8.75345     0.00571429
      19        10.1602     0.00571429
      20        10.7091     0.00571429
      21        10.8108     0.00571429
      22        10.9614     0.00571429
      23        11.1186     0.00571429
      24        11.2747     0.00571429
      25        17.0708        0.00000
      26        17.3220        0.00000
      27        17.7610        0.00000
      28        17.9189        0.00000
      29        19.1502        0.00000
      30        19.8046        0.00000
      31        19.8285        0.00000
      32        19.8520        0.00000
      33        20.6980        0.00000
      34        21.0524        0.00000

 42/352 kpoint (Cartesian) = 0.14059 0.11247 0.0000 (7400 pws)
       1       -47.6615     0.00571429
       2       -47.6405     0.00571429
       3       -17.6483     0.00571429
       4       -17.6449     0.00571429
       5       -17.3485     0.00571429
       6       -17.3469     0.00571429
       7       -17.3171     0.00571429
       8       -17.3030     0.00571429
       9       -4.66099     0.00571429
      10       -4.65723     0.00571429
      11       -4.36353     0.00571429
      12       -4.36135     0.00571429
      13        5.87429     0.00571429
      14        5.88003     0.00571429
      15        8.34852     0.00571429
      16        8.35792     0.00571429
      17        8.55005     0.00571429
      18        8.55394     0.00571429
      19        10.4280     0.00571429
      20        10.4374     0.00571429
      21        10.9042     0.00571429
      22        10.9079     0.00571429
      23        11.1701     0.00571429
      24        11.1760     0.00571429
      25        17.1764        0.00000
      26        17.2059        0.00000
      27        17.8970        0.00000
      28        17.9023        0.00000
      29        19.2982        0.00000
      30        19.3145        0.00000
      31        19.7779        0.00000
      32        19.7933        0.00000
      33        20.8715        0.00000
      34        20.9130        0.00000

 43/352 kpoint (Cartesian) = -0.11247 0.11247 0.0000 (7391 pws)
       1       -47.6621     0.00571429
       2       -47.6410     0.00571429
       3       -17.6316     0.00571429
       4       -17.6224     0.00571429
       5       -17.3654     0.00571429
       6       -17.3421     0.00571429
       7       -17.3120     0.00571429
       8       -17.2968     0.00571429
       9       -4.65996     0.00571429
      10       -4.60321     0.00571429
      11       -4.53234     0.00571429
      12       -4.33744     0.00571429
      13        5.94427     0.00571429
      14        6.12646     0.00571429
      15        8.12765     0.00571429
      16        8.21071     0.00571429
      17        8.30454     0.00571429
      18        8.75347     0.00571429
      19        10.1599     0.00571429
      20        10.7098     0.00571429
      21        10.8106     0.00571429
      22        10.9613     0.00571429
      23        11.1182     0.00571429
      24        11.2750     0.00571429
      25        17.0707        0.00000
      26        17.3220        0.00000
      27        17.7610        0.00000
      28        17.9189        0.00000
      29        19.1501        0.00000
      30        19.8035        0.00000
      31        19.8303        0.00000
      32        19.8514        0.00000
      33        20.6985        0.00000
      34        21.0519        0.00000

 44/352 kpoint (Cartesian) = -0.084352 0.11247 0.0000 (7398 pws)
       1       -47.6637     0.00571429
       2       -47.6424     0.00571429
       3       -17.5889     0.00571429
       4       -17.5711     0.00571429
       5       -17.3938     0.00571429
       6       -17.3322     0.00571429
       7       -17.2953     0.00571429
       8       -17.2863     0.00571429
       9       -4.80531     0.00571429
      10       -4.61046     0.00571429
      11       -4.52112     0.00571429
      12       -4.42665     0.00571429
      13        6.30855     0.00571429
      14        6.64659     0.00571429
      15        7.65985     0.00571429
      16        7.86981     0.00571429
      17        8.10701     0.00571429
      18        8.87397     0.00571429
      19        9.92412     0.00571429
      20        10.5793     0.00571429
      21        10.6056     0.00571429
      22        11.0684     0.00571429
      23        11.2761     0.00571429
      24        11.3137     0.00571429
      25        17.1201        0.00000
      26        17.3542        0.00000
      27        17.5904        0.00000
      28        17.7856        0.00000
      29        19.2643        0.00000
      30        19.8531        0.00000
      31        19.9743        0.00000
      32        20.4473        0.00000
      33        20.6544        0.00000
      34        21.1305        0.00000

 45/352 kpoint (Cartesian) = -0.056235 0.11247 0.0000 (7414 pws)
       1       -47.6658     0.00571429
       2       -47.6442     0.00571429
       3       -17.5477     0.00571429
       4       -17.5225     0.00571429
       5       -17.4195     0.00571429
       6       -17.3138     0.00571429
       7       -17.2788     0.00571429
       8       -17.2540     0.00571429
       9       -5.09342     0.00571429
      10       -4.63931     0.00571429
      11       -4.54089     0.00571429
      12       -4.36733     0.00571429
      13        6.88336     0.00571429
      14        7.19941     0.00571429
      15        7.23473     0.00571429
      16        7.69869     0.00571429
      17        7.98156     0.00571429
      18        8.94584     0.00571429
      19        9.62003     0.00571429
      20        10.1398     0.00571429
      21        10.3878     0.00571429
      22        11.0360     0.00571429
      23        11.2668     0.00571429
      24        11.4416     0.00571429
      25        17.1778        0.00000
      26        17.2541        0.00000
      27        17.5516        0.00000
      28        17.6463        0.00000
      29        19.2302        0.00000
      30        19.7910        0.00000
      31        20.2905        0.00000
      32        20.6752        0.00000
      33        21.1469        0.00000
      34        21.1801        0.00000

 46/352 kpoint (Cartesian) = -0.028117 0.11247 0.0000 (7421 pws)
       1       -47.6674     0.00571429
       2       -47.6456     0.00571429
       3       -17.5261     0.00571429
       4       -17.5007     0.00571429
       5       -17.4320     0.00571429
       6       -17.3061     0.00571429
       7       -17.2498     0.00571429
       8       -17.2119     0.00571429
       9       -5.31154     0.00571429
      10       -4.79058     0.00571429
      11       -4.48125     0.00571429
      12       -4.27713     0.00571429
      13        6.93248     0.00571429
      14        7.12713     0.00571429
      15        7.56067     0.00571429
      16        7.94643     0.00571429
      17        8.36018     0.00571429
      18        9.00155     0.00571429
      19        9.26296     0.00571429
      20        9.68110     0.00571429
      21        10.0642     0.00571429
      22        10.7060     0.00571429
      23        11.3361     0.00571429
      24        11.4956     0.00571429
      25        16.9370        0.00000
      26        17.0409        0.00000
      27        17.6661        0.00000
      28        17.8142        0.00000
      29        19.0897        0.00000
      30        19.7719        0.00000
      31        20.6612        0.00000
      32        20.7508        0.00000
      33        21.2010        0.00000
      34        21.7287        0.00000

 47/352 kpoint (Cartesian) = 0.0000 0.14059 0.0000 (7422 pws)
       1       -47.6670     0.00285714
       2       -47.6460     0.00285714
       3       -17.5378     0.00285714
       4       -17.5250     0.00285714
       5       -17.3781     0.00285714
       6       -17.3620     0.00285714
       7       -17.2215     0.00285714
       8       -17.2023     0.00285714
       9       -5.07343     0.00285714
      10       -5.06825     0.00285714
      11       -4.37619     0.00285714
      12       -4.36974     0.00285714
      13        7.01877     0.00285714
      14        7.02009     0.00285714
      15        8.35197     0.00285714
      16        8.35907     0.00285714
      17        8.44934     0.00285714
      18        8.45831     0.00285714
      19        9.29942     0.00285714
      20        9.31778     0.00285714
      21        10.0862     0.00285714
      22        10.1021     0.00285714
      23        11.4334     0.00285714
      24        11.4377     0.00285714
      25        16.7956        0.00000
      26        16.8007        0.00000
      27        17.8503        0.00000
      28        17.8841        0.00000
      29        19.2760        0.00000
      30        19.2954        0.00000
      31        20.8718        0.00000
      32        20.8746        0.00000
      33        21.5778        0.00000
      34        21.6201        0.00000

 48/352 kpoint (Cartesian) = 0.028117 0.14059 0.0000 (7390 pws)
       1       -47.6664     0.00571429
       2       -47.6454     0.00571429
       3       -17.5436     0.00571429
       4       -17.5316     0.00571429
       5       -17.3751     0.00571429
       6       -17.3588     0.00571429
       7       -17.2390     0.00571429
       8       -17.2210     0.00571429
       9       -5.00170     0.00571429
      10       -4.99713     0.00571429
      11       -4.40461     0.00571429
      12       -4.39829     0.00571429
      13        7.08467     0.00571429
      14        7.08697     0.00571429
      15        7.89522     0.00571429
      16        7.90395     0.00571429
      17        8.45055     0.00571429
      18        8.45993     0.00571429
      19        9.59792     0.00571429
      20        9.61241     0.00571429
      21        10.2836     0.00571429
      22        10.2947     0.00571429
      23        11.4096     0.00571429
      24        11.4133     0.00571429
      25        16.9172        0.00000
      26        16.9211        0.00000
      27        17.7574        0.00000
      28        17.7897        0.00000
      29        19.2983        0.00000
      30        19.3175        0.00000
      31        20.8321        0.00000
      32        20.8345        0.00000
      33        21.3715        0.00000
      34        21.4102        0.00000

 49/352 kpoint (Cartesian) = 0.056235 0.14059 0.0000 (7394 pws)
       1       -47.6649     0.00571429
       2       -47.6439     0.00571429
       3       -17.5650     0.00571429
       4       -17.5562     0.00571429
       5       -17.3671     0.00571429
       6       -17.3508     0.00571429
       7       -17.2766     0.00571429
       8       -17.2620     0.00571429
       9       -4.81442     0.00571429
      10       -4.81161     0.00571429
      11       -4.47725     0.00571429
      12       -4.47052     0.00571429
      13        6.93041     0.00571429
      14        6.93810     0.00571429
      15        7.56809     0.00571429
      16        7.57313     0.00571429
      17        8.44684     0.00571429
      18        8.45161     0.00571429
      19        9.96349     0.00571429
      20        9.98264     0.00571429
      21        10.6873     0.00571429
      22        10.6931     0.00571429
      23        11.3228     0.00571429
      24        11.3282     0.00571429
      25        17.1520        0.00000
      26        17.1595        0.00000
      27        17.6096        0.00000
      28        17.6311        0.00000
      29        19.3753        0.00000
      30        19.3934        0.00000
      31        20.6143        0.00000
      32        20.6326        0.00000
      33        21.0109        0.00000
      34        21.0373        0.00000

 50/352 kpoint (Cartesian) = 0.084352 0.14059 0.0000 (7440 pws)
       1       -47.6630     0.00571429
       2       -47.6420     0.00571429
       3       -17.6046     0.00571429
       4       -17.6012     0.00571429
       5       -17.3574     0.00571429
       6       -17.3440     0.00571429
       7       -17.3061     0.00571429
       8       -17.2942     0.00571429
       9       -4.62497     0.00571429
      10       -4.61987     0.00571429
      11       -4.52515     0.00571429
      12       -4.51431     0.00571429
      13        6.32303     0.00571429
      14        6.33063     0.00571429
      15        7.92239     0.00571429
      16        7.92534     0.00571429
      17        8.48823     0.00571429
      18        8.48880     0.00571429
      19        10.2349     0.00571429
      20        10.2589     0.00571429
      21        11.0028     0.00571429
      22        11.0043     0.00571429
      23        11.1607     0.00571429
      24        11.1737     0.00571429
      25        17.1687        0.00000
      26        17.1948        0.00000
      27        17.7230        0.00000
      28        17.7257        0.00000
      29        19.4545        0.00000
      30        19.4653        0.00000
      31        20.1329        0.00000
      32        20.1636        0.00000
      33        20.8611        0.00000
      34        20.8875        0.00000

 51/352 kpoint (Cartesian) = 0.11247 0.14059 0.0000 (7400 pws)
       1       -47.6615     0.00571429
       2       -47.6405     0.00571429
       3       -17.6473     0.00571429
       4       -17.6466     0.00571429
       5       -17.3506     0.00571429
       6       -17.3443     0.00571429
       7       -17.3175     0.00571429
       8       -17.3028     0.00571429
       9       -4.65996     0.00571429
      10       -4.65806     0.00571429
      11       -4.36333     0.00571429
      12       -4.36045     0.00571429
      13        5.87388     0.00571429
      14        5.87953     0.00571429
      15        8.35533     0.00571429
      16        8.35889     0.00571429
      17        8.54970     0.00571429
      18        8.55263     0.00571429
      19        10.4128     0.00571429
      20        10.4364     0.00571429
      21        10.9056     0.00571429
      22        10.9132     0.00571429
      23        11.1699     0.00571429
      24        11.1794     0.00571429
      25        17.1780        0.00000
      26        17.2077        0.00000
      27        17.8953        0.00000
      28        17.9001        0.00000
      29        19.3088        0.00000
      30        19.3102        0.00000
      31        19.7642        0.00000
      32        19.7968        0.00000
      33        20.8726        0.00000
      34        20.9098        0.00000

 52/352 kpoint (Cartesian) = 0.14059 0.14059 0.0000 (7344 pws)
       1       -47.6609     0.00285714
       2       -47.6399     0.00285714
       3       -17.6666     0.00285714
       4       -17.6644     0.00285714
       5       -17.3486     0.00285714
       6       -17.3458     0.00285714
       7       -17.3192     0.00285714
       8       -17.3025     0.00285714
       9       -4.68643     0.00285714
      10       -4.68367     0.00285714
      11       -4.28838     0.00285714
      12       -4.28816     0.00285714
      13        5.71324     0.00285714
      14        5.71771     0.00285714
      15        8.55221     0.00285714
      16        8.55371     0.00285714
      17        8.59339     0.00285714
      18        8.59754     0.00285714
      19        10.4994     0.00285714
      20        10.5165     0.00285714
      21        10.7591     0.00285714
      22        10.7674     0.00285714
      23        11.1958     0.00285714
      24        11.2014     0.00285714
      25        17.2252        0.00000
      26        17.2548        0.00000
      27        17.9708        0.00000
      28        17.9727        0.00000
      29        19.1274        0.00000
      30        19.1318        0.00000
      31        19.6678        0.00000
      32        19.6960        0.00000
      33        20.9051        0.00000
      34        20.9467        0.00000

 53/352 kpoint (Cartesian) = 0.0000 0.0000 0.027821 (7411 pws)
       1       -47.6765     0.00571429
       2       -47.6489     0.00571429
       3       -17.6289     0.00571429
       4       -17.2795     0.00571429
       5       -17.2791     0.00571429
       6       -17.2250     0.00571429
       7       -17.1727     0.00571429
       8       -17.1719     0.00571429
       9       -6.39996     0.00571429
      10       -4.77808     0.00571429
      11       -4.57069     0.00571429
      12       -3.78761     0.00571429
      13        6.23440     0.00571429
      14        6.92583     0.00571429
      15        6.94365     0.00571429
      16        6.95168     0.00571429
      17        8.57179     0.00571429
      18        8.57339     0.00571429
      19        10.4373     0.00571429
      20        10.4545     0.00571429
      21        10.6920     0.00571429
      22        11.1641     0.00571429
      23        11.5081     0.00571429
      24        11.5196     0.00571429
      25        16.4293        0.00000
      26        16.4846        0.00000
      27        17.5342        0.00000
      28        17.9169        0.00000
      29        18.2996        0.00000
      30        19.6811        0.00000
      31        20.8943        0.00000
      32        20.9155        0.00000
      33        22.6232        0.00000
      34        22.6474        0.00000

 54/352 kpoint (Cartesian) = 0.028117 0.0000 0.027821 (7406 pws)
       1       -47.6756     0.00571429
       2       -47.6486     0.00571429
       3       -17.6166     0.00571429
       4       -17.3060     0.00571429
       5       -17.2757     0.00571429
       6       -17.2439     0.00571429
       7       -17.1876     0.00571429
       8       -17.1739     0.00571429
       9       -6.31130     0.00571429
      10       -4.75980     0.00571429
      11       -4.56972     0.00571429
      12       -3.83393     0.00571429
      13        6.20506     0.00571429
      14        6.90101     0.00571429
      15        7.00817     0.00571429
      16        7.30093     0.00571429
      17        8.47766     0.00571429
      18        8.57774     0.00571429
      19        10.3311     0.00571429
      20        10.3471     0.00571429
      21        10.7523     0.00571429
      22        11.1089     0.00571429
      23        11.3231     0.00571429
      24        11.4630     0.00571429
      25        16.5485        0.00000
      26        16.6536        0.00000
      27        17.5403        0.00000
      28        17.9025        0.00000
      29        18.4980        0.00000
      30        19.7087        0.00000
      31        20.6664        0.00000
      32        20.9307        0.00000
      33        22.2910        0.00000
      34        22.6133        0.00000

 55/352 kpoint (Cartesian) = 0.056235 0.0000 0.027821 (7401 pws)
       1       -47.6733     0.00571429
       2       -47.6478     0.00571429
       3       -17.5847     0.00571429
       4       -17.3679     0.00571429
       5       -17.3169     0.00571429
       6       -17.2650     0.00571429
       7       -17.2109     0.00571429
       8       -17.1779     0.00571429
       9       -6.06883     0.00571429
      10       -4.75656     0.00571429
      11       -4.53576     0.00571429
      12       -3.95358     0.00571429
      13        6.29779     0.00571429
      14        6.99139     0.00571429
      15        7.19907     0.00571429
      16        7.90229     0.00571429
      17        8.28597     0.00571429
      18        8.59061     0.00571429
      19        10.0170     0.00571429
      20        10.1002     0.00571429
      21        10.7985     0.00571429
      22        10.8506     0.00571429
      23        11.0041     0.00571429
      24        11.4268     0.00571429
      25        16.7672        0.00000
      26        17.0230        0.00000
      27        17.4465        0.00000
      28        17.8770        0.00000
      29        19.0011        0.00000
      30        19.7873        0.00000
      31        20.3300        0.00000
      32        20.9866        0.00000
      33        21.6924        0.00000
      34        22.4971        0.00000

 56/352 kpoint (Cartesian) = 0.084352 0.0000 0.027821 (7410 pws)
       1       -47.6704     0.00571429
       2       -47.6469     0.00571429
       3       -17.5555     0.00571429
       4       -17.4319     0.00571429
       5       -17.4033     0.00571429
       6       -17.2495     0.00571429
       7       -17.2411     0.00571429
       8       -17.1851     0.00571429
       9       -5.73705     0.00571429
      10       -4.81777     0.00571429
      11       -4.46516     0.00571429
      12       -4.09935     0.00571429
      13        6.59453     0.00571429
      14        7.08723     0.00571429
      15        7.50106     0.00571429
      16        7.99080     0.00571429
      17        8.60691     0.00571429
      18        8.72826     0.00571429
      19        9.54622     0.00571429
      20        9.76664     0.00571429
      21        10.3039     0.00571429
      22        10.6915     0.00571429
      23        11.0576     0.00571429
      24        11.3881     0.00571429
      25        16.8537        0.00000
      26        17.2622        0.00000
      27        17.3691        0.00000
      28        17.8607        0.00000
      29        19.1717        0.00000
      30        19.9106        0.00000
      31        20.4093        0.00000
      32        21.1151        0.00000
      33        21.2479        0.00000
      34        22.2851        0.00000

 57/352 kpoint (Cartesian) = 0.11247 0.0000 0.027821 (7406 pws)
       1       -47.6679     0.00571429
       2       -47.6463     0.00571429
       3       -17.5618     0.00571429
       4       -17.5113     0.00571429
       5       -17.3934     0.00571429
       6       -17.2843     0.00571429
       7       -17.2322     0.00571429
       8       -17.1955     0.00571429
       9       -5.39914     0.00571429
      10       -4.93405     0.00571429
      11       -4.40225     0.00571429
      12       -4.22804     0.00571429
      13        6.93845     0.00571429
      14        7.12824     0.00571429
      15        7.88307     0.00571429
      16        8.02369     0.00571429
      17        8.55548     0.00571429
      18        9.00089     0.00571429
      19        9.42408     0.00571429
      20        9.49748     0.00571429
      21        9.83011     0.00571429
      22        10.4365     0.00571429
      23        11.1727     0.00571429
      24        11.3406     0.00571429
      25        16.8241        0.00000
      26        17.0287        0.00000
      27        17.5998        0.00000
      28        17.8330        0.00000
      29        19.0685        0.00000
      30        19.7288        0.00000
      31        20.7468        0.00000
      32        21.1339        0.00000
      33        21.3447        0.00000
      34        21.9911        0.00000

 58/352 kpoint (Cartesian) = 0.14059 0.0000 0.027821 (7420 pws)
       1       -47.6670     0.00571429
       2       -47.6461     0.00571429
       3       -17.5649     0.00571429
       4       -17.5521     0.00571429
       5       -17.3448     0.00571429
       6       -17.3335     0.00571429
       7       -17.2208     0.00571429
       8       -17.2042     0.00571429
       9       -5.12840     0.00571429
      10       -5.11751     0.00571429
      11       -4.33109     0.00571429
      12       -4.32775     0.00571429
      13        7.09284     0.00571429
      14        7.10320     0.00571429
      15        8.27559     0.00571429
      16        8.29223     0.00571429
      17        8.42988     0.00571429
      18        8.43448     0.00571429
      19        9.51883     0.00571429
      20        9.52915     0.00571429
      21        10.0056     0.00571429
      22        10.0102     0.00571429
      23        11.2755     0.00571429
      24        11.2799     0.00571429
      25        16.8458        0.00000
      26        16.8558        0.00000
      27        17.7378        0.00000
      28        17.7593        0.00000
      29        19.2753        0.00000
      30        19.2964        0.00000
      31        21.0135        0.00000
      32        21.0468        0.00000
      33        21.6411        0.00000
      34        21.6717        0.00000

 59/352 kpoint (Cartesian) = 0.11247 0.0000 -0.027821 (7406 pws)
       1       -47.6679     0.00571429
       2       -47.6463     0.00571429
       3       -17.5617     0.00571429
       4       -17.5110     0.00571429
       5       -17.3933     0.00571429
       6       -17.2847     0.00571429
       7       -17.2321     0.00571429
       8       -17.1955     0.00571429
       9       -5.39548     0.00571429
      10       -4.93849     0.00571429
      11       -4.39992     0.00571429
      12       -4.22986     0.00571429
      13        6.93745     0.00571429
      14        7.13012     0.00571429
      15        7.89050     0.00571429
      16        8.02596     0.00571429
      17        8.54103     0.00571429
      18        8.99834     0.00571429
      19        9.42698     0.00571429
      20        9.50944     0.00571429
      21        9.82491     0.00571429
      22        10.4331     0.00571429
      23        11.1697     0.00571429
      24        11.3429     0.00571429
      25        16.8209        0.00000
      26        17.0346        0.00000
      27        17.6084        0.00000
      28        17.8252        0.00000
      29        19.0653        0.00000
      30        19.7267        0.00000
      31        20.7620        0.00000
      32        21.1268        0.00000
      33        21.3486        0.00000
      34        21.9860        0.00000

 60/352 kpoint (Cartesian) = 0.084352 0.0000 -0.027821 (7410 pws)
       1       -47.6704     0.00571429
       2       -47.6469     0.00571429
       3       -17.5552     0.00571429
       4       -17.4314     0.00571429
       5       -17.4037     0.00571429
       6       -17.2494     0.00571429
       7       -17.2416     0.00571429
       8       -17.1851     0.00571429
       9       -5.73444     0.00571429
      10       -4.82107     0.00571429
      11       -4.46396     0.00571429
      12       -4.10028     0.00571429
      13        6.59397     0.00571429
      14        7.08942     0.00571429
      15        7.50568     0.00571429
      16        7.99234     0.00571429
      17        8.59651     0.00571429
      18        8.73003     0.00571429
      19        9.54426     0.00571429
      20        9.77480     0.00571429
      21        10.3012     0.00571429
      22        10.6887     0.00571429
      23        11.0549     0.00571429
      24        11.3901     0.00571429
      25        16.8523        0.00000
      26        17.2662        0.00000
      27        17.3740        0.00000
      28        17.8571        0.00000
      29        19.1664        0.00000
      30        19.9072        0.00000
      31        20.4181        0.00000
      32        21.1185        0.00000
      33        21.2617        0.00000
      34        22.2799        0.00000

 61/352 kpoint (Cartesian) = 0.056235 0.0000 -0.027821 (7401 pws)
       1       -47.6733     0.00571429
       2       -47.6478     0.00571429
       3       -17.5844     0.00571429
       4       -17.3679     0.00571429
       5       -17.3167     0.00571429
       6       -17.2649     0.00571429
       7       -17.2116     0.00571429
       8       -17.1779     0.00571429
       9       -6.06719     0.00571429
      10       -4.75796     0.00571429
      11       -4.53606     0.00571429
      12       -3.95392     0.00571429
      13        6.29684     0.00571429
      14        6.99486     0.00571429
      15        7.20180     0.00571429
      16        7.90152     0.00571429
      17        8.28738     0.00571429
      18        8.58449     0.00571429
      19        10.0167     0.00571429
      20        10.1047     0.00571429
      21        10.7940     0.00571429
      22        10.8491     0.00571429
      23        11.0046     0.00571429
      24        11.4280     0.00571429
      25        16.7670        0.00000
      26        17.0245        0.00000
      27        17.4476        0.00000
      28        17.8772        0.00000
      29        18.9936        0.00000
      30        19.7916        0.00000
      31        20.3348        0.00000
      32        20.9891        0.00000
      33        21.7117        0.00000
      34        22.4926        0.00000

 62/352 kpoint (Cartesian) = -0.028117 0.0000 0.027821 (7406 pws)
       1       -47.6756     0.00571429
       2       -47.6486     0.00571429
       3       -17.6165     0.00571429
       4       -17.3061     0.00571429
       5       -17.2757     0.00571429
       6       -17.2434     0.00571429
       7       -17.1882     0.00571429
       8       -17.1739     0.00571429
       9       -6.31051     0.00571429
      10       -4.75980     0.00571429
      11       -4.57064     0.00571429
      12       -3.83403     0.00571429
      13        6.20368     0.00571429
      14        6.90646     0.00571429
      15        7.00944     0.00571429
      16        7.29790     0.00571429
      17        8.47800     0.00571429
      18        8.57489     0.00571429
      19        10.3324     0.00571429
      20        10.3490     0.00571429
      21        10.7489     0.00571429
      22        11.1092     0.00571429
      23        11.3226     0.00571429
      24        11.4637     0.00571429
      25        16.5485        0.00000
      26        16.6537        0.00000
      27        17.5401        0.00000
      28        17.9036        0.00000
      29        18.4945        0.00000
      30        19.7118        0.00000
      31        20.6693        0.00000
      32        20.9321        0.00000
      33        22.3061        0.00000
      34        22.6107        0.00000

 63/352 kpoint (Cartesian) = 0.0000 0.028117 0.027821 (7406 pws)
       1       -47.6756     0.00571429
       2       -47.6486     0.00571429
       3       -17.6163     0.00571429
       4       -17.3067     0.00571429
       5       -17.2753     0.00571429
       6       -17.2448     0.00571429
       7       -17.1879     0.00571429
       8       -17.1732     0.00571429
       9       -6.30976     0.00571429
      10       -4.75706     0.00571429
      11       -4.57215     0.00571429
      12       -3.83500     0.00571429
      13        6.20329     0.00571429
      14        6.90498     0.00571429
      15        7.01705     0.00571429
      16        7.29425     0.00571429
      17        8.47775     0.00571429
      18        8.57356     0.00571429
      19        10.3189     0.00571429
      20        10.3648     0.00571429
      21        10.7471     0.00571429
      22        11.1129     0.00571429
      23        11.3110     0.00571429
      24        11.4691     0.00571429
      25        16.5481        0.00000
      26        16.6561        0.00000
      27        17.5417        0.00000
      28        17.9049        0.00000
      29        18.4931        0.00000
      30        19.7081        0.00000
      31        20.6866        0.00000
      32        20.9103        0.00000
      33        22.3233        0.00000
      34        22.5863        0.00000

 64/352 kpoint (Cartesian) = 0.028117 0.028117 0.027821 (7403 pws)
       1       -47.6747     0.00571429
       2       -47.6483     0.00571429
       3       -17.6041     0.00571429
       4       -17.3199     0.00571429
       5       -17.2865     0.00571429
       6       -17.2595     0.00571429
       7       -17.1918     0.00571429
       8       -17.1887     0.00571429
       9       -6.22141     0.00571429
      10       -4.73028     0.00571429
      11       -4.57793     0.00571429
      12       -3.88055     0.00571429
      13        6.21757     0.00571429
      14        6.94567     0.00571429
      15        7.03956     0.00571429
      16        7.57288     0.00571429
      17        8.28504     0.00571429
      18        8.67933     0.00571429
      19        10.1224     0.00571429
      20        10.2537     0.00571429
      21        10.8028     0.00571429
      22        10.9534     0.00571429
      23        11.3276     0.00571429
      24        11.4804     0.00571429
      25        16.6685        0.00000
      26        16.7742        0.00000
      27        17.5451        0.00000
      28        17.8762        0.00000
      29        18.6950        0.00000
      30        19.7348        0.00000
      31        20.5086        0.00000
      32        20.8822        0.00000
      33        22.2545        0.00000
      34        22.2945        0.00000

 65/352 kpoint (Cartesian) = 0.056235 0.028117 0.027821 (7404 pws)
       1       -47.6725     0.00571429
       2       -47.6474     0.00571429
       3       -17.5721     0.00571429
       4       -17.3766     0.00571429
       5       -17.3285     0.00571429
       6       -17.2798     0.00571429
       7       -17.2145     0.00571429
       8       -17.1974     0.00571429
       9       -5.98002     0.00571429
      10       -4.71241     0.00571429
      11       -4.55360     0.00571429
      12       -3.99814     0.00571429
      13        6.35368     0.00571429
      14        7.05098     0.00571429
      15        7.20230     0.00571429
      16        7.91039     0.00571429
      17        8.25253     0.00571429
      18        8.75333     0.00571429
      19        9.62188     0.00571429
      20        10.0048     0.00571429
      21        10.7549     0.00571429
      22        10.9032     0.00571429
      23        11.2167     0.00571429
      24        11.4414     0.00571429
      25        16.8915        0.00000
      26        17.0639        0.00000
      27        17.4819        0.00000
      28        17.8185        0.00000
      29        19.1584        0.00000
      30        19.8079        0.00000
      31        20.2050        0.00000
      32        20.9022        0.00000
      33        21.6762        0.00000
      34        22.1664        0.00000

 66/352 kpoint (Cartesian) = 0.084352 0.028117 0.027821 (7396 pws)
       1       -47.6697     0.00571429
       2       -47.6465     0.00571429
       3       -17.5449     0.00571429
       4       -17.4364     0.00571429
       5       -17.4136     0.00571429
       6       -17.2687     0.00571429
       7       -17.2412     0.00571429
       8       -17.2061     0.00571429
       9       -5.65060     0.00571429
      10       -4.76897     0.00571429
      11       -4.48101     0.00571429
      12       -4.14030     0.00571429
      13        6.67260     0.00571429
      14        7.15278     0.00571429
      15        7.48252     0.00571429
      16        7.69611     0.00571429
      17        8.70200     0.00571429
      18        8.93837     0.00571429
      19        9.12962     0.00571429
      20        9.70356     0.00571429
      21        10.5376     0.00571429
      22        10.8587     0.00571429
      23        11.0749     0.00571429
      24        11.4003     0.00571429
      25        16.9774        0.00000
      26        17.2864        0.00000
      27        17.4138        0.00000
      28        17.7759        0.00000
      29        19.2510        0.00000
      30        19.9139        0.00000
      31        20.3052        0.00000
      32        20.9858        0.00000
      33        21.2954        0.00000
      34        21.9646        0.00000

 67/352 kpoint (Cartesian) = 0.11247 0.028117 0.027821 (7404 pws)
       1       -47.6673     0.00571429
       2       -47.6457     0.00571429
       3       -17.5586     0.00571429
       4       -17.5141     0.00571429
       5       -17.3974     0.00571429
       6       -17.2884     0.00571429
       7       -17.2476     0.00571429
       8       -17.2158     0.00571429
       9       -5.31782     0.00571429
      10       -4.87543     0.00571429
      11       -4.42246     0.00571429
      12       -4.26254     0.00571429
      13        7.02297     0.00571429
      14        7.18729     0.00571429
      15        7.64538     0.00571429
      16        7.85485     0.00571429
      17        8.43021     0.00571429
      18        8.77907     0.00571429
      19        9.51929     0.00571429
      20        9.68090     0.00571429
      21        10.1460     0.00571429
      22        10.6121     0.00571429
      23        11.1472     0.00571429
      24        11.3327     0.00571429
      25        16.9467        0.00000
      26        17.1257        0.00000
      27        17.5665        0.00000
      28        17.7411        0.00000
      29        19.1120        0.00000
      30        19.7332        0.00000
      31        20.6582        0.00000
      32        20.9936        0.00000
      33        21.3395        0.00000
      34        21.7287        0.00000

 68/352 kpoint (Cartesian) = 0.14059 0.028117 0.027821 (7414 pws)
       1       -47.6664     0.00571429
       2       -47.6455     0.00571429
       3       -17.5659     0.00571429
       4       -17.5527     0.00571429
       5       -17.3481     0.00571429
       6       -17.3351     0.00571429
       7       -17.2385     0.00571429
       8       -17.2235     0.00571429
       9       -5.05669     0.00571429
      10       -5.04643     0.00571429
      11       -4.35837     0.00571429
      12       -4.35531     0.00571429
      13        7.14904     0.00571429
      14        7.15832     0.00571429
      15        7.92821     0.00571429
      16        7.93835     0.00571429
      17        8.38899     0.00571429
      18        8.39677     0.00571429
      19        9.74362     0.00571429
      20        9.74955     0.00571429
      21        10.2129     0.00571429
      22        10.2181     0.00571429
      23        11.2482     0.00571429
      24        11.2524     0.00571429
      25        16.9642        0.00000
      26        16.9739        0.00000
      27        17.6666        0.00000
      28        17.6872        0.00000
      29        19.2930        0.00000
      30        19.3166        0.00000
      31        20.9514        0.00000
      32        20.9816        0.00000
      33        21.4428        0.00000
      34        21.4756        0.00000

 69/352 kpoint (Cartesian) = 0.11247 -0.028117 -0.027821 (7404 pws)
       1       -47.6673     0.00571429
       2       -47.6457     0.00571429
       3       -17.5585     0.00571429
       4       -17.5139     0.00571429
       5       -17.3974     0.00571429
       6       -17.2887     0.00571429
       7       -17.2476     0.00571429
       8       -17.2159     0.00571429
       9       -5.31426     0.00571429
      10       -4.87989     0.00571429
      11       -4.42007     0.00571429
      12       -4.26430     0.00571429
      13        7.02193     0.00571429
      14        7.18882     0.00571429
      15        7.64707     0.00571429
      16        7.86258     0.00571429
      17        8.42044     0.00571429
      18        8.77368     0.00571429
      19        9.52366     0.00571429
      20        9.68861     0.00571429
      21        10.1430     0.00571429
      22        10.6083     0.00571429
      23        11.1444     0.00571429
      24        11.3348     0.00571429
      25        16.9433        0.00000
      26        17.1316        0.00000
      27        17.5739        0.00000
      28        17.7341        0.00000
      29        19.1092        0.00000
      30        19.7310        0.00000
      31        20.6702        0.00000
      32        20.9929        0.00000
      33        21.3396        0.00000
      34        21.7229        0.00000

 70/352 kpoint (Cartesian) = 0.084352 -0.028117 -0.027821 (7396 pws)
       1       -47.6697     0.00571429
       2       -47.6465     0.00571429
       3       -17.5446     0.00571429
       4       -17.4360     0.00571429
       5       -17.4139     0.00571429
       6       -17.2687     0.00571429
       7       -17.2416     0.00571429
       8       -17.2061     0.00571429
       9       -5.64811     0.00571429
      10       -4.77227     0.00571429
      11       -4.47977     0.00571429
      12       -4.14114     0.00571429
      13        6.67244     0.00571429
      14        7.15384     0.00571429
      15        7.48738     0.00571429
      16        7.69702     0.00571429
      17        8.69198     0.00571429
      18        8.93772     0.00571429
      19        9.13102     0.00571429
      20        9.71133     0.00571429
      21        10.5365     0.00571429
      22        10.8540     0.00571429
      23        11.0731     0.00571429
      24        11.4019     0.00571429
      25        16.9768        0.00000
      26        17.2867        0.00000
      27        17.4206        0.00000
      28        17.7727        0.00000
      29        19.2464        0.00000
      30        19.9093        0.00000
      31        20.3125        0.00000
      32        20.9921        0.00000
      33        21.3073        0.00000
      34        21.9585        0.00000

 71/352 kpoint (Cartesian) = -0.056235 0.028117 0.027821 (7404 pws)
       1       -47.6725     0.00571429
       2       -47.6474     0.00571429
       3       -17.5719     0.00571429
       4       -17.3767     0.00571429
       5       -17.3281     0.00571429
       6       -17.2798     0.00571429
       7       -17.2151     0.00571429
       8       -17.1974     0.00571429
       9       -5.97847     0.00571429
      10       -4.71366     0.00571429
      11       -4.55400     0.00571429
      12       -3.99841     0.00571429
      13        6.35321     0.00571429
      14        7.05352     0.00571429
      15        7.20446     0.00571429
      16        7.90956     0.00571429
      17        8.25419     0.00571429
      18        8.74659     0.00571429
      19        9.62460     0.00571429
      20        10.0079     0.00571429
      21        10.7544     0.00571429
      22        10.8989     0.00571429
      23        11.2160     0.00571429
      24        11.4423     0.00571429
      25        16.8924        0.00000
      26        17.0628        0.00000
      27        17.4838        0.00000
      28        17.8187        0.00000
      29        19.1504        0.00000
      30        19.8116        0.00000
      31        20.2092        0.00000
      32        20.9048        0.00000
      33        21.6962        0.00000
      34        22.1611        0.00000

 72/352 kpoint (Cartesian) = -0.028117 0.028117 0.027821 (7403 pws)
       1       -47.6747     0.00571429
       2       -47.6483     0.00571429
       3       -17.6039     0.00571429
       4       -17.3200     0.00571429
       5       -17.2864     0.00571429
       6       -17.2592     0.00571429
       7       -17.1922     0.00571429
       8       -17.1888     0.00571429
       9       -6.22066     0.00571429
      10       -4.73010     0.00571429
      11       -4.57902     0.00571429
      12       -3.88061     0.00571429
      13        6.21690     0.00571429
      14        6.94836     0.00571429
      15        7.04062     0.00571429
      16        7.57174     0.00571429
      17        8.28489     0.00571429
      18        8.67717     0.00571429
      19        10.1252     0.00571429
      20        10.2546     0.00571429
      21        10.7996     0.00571429
      22        10.9538     0.00571429
      23        11.3264     0.00571429
      24        11.4810     0.00571429
      25        16.6679        0.00000
      26        16.7745        0.00000
      27        17.5452        0.00000
      28        17.8773        0.00000
      29        18.6909        0.00000
      30        19.7377        0.00000
      31        20.5110        0.00000
      32        20.8836        0.00000
      33        22.2661        0.00000
      34        22.2961        0.00000

 73/352 kpoint (Cartesian) = 0.0000 0.056235 0.027821 (7401 pws)
       1       -47.6733     0.00571429
       2       -47.6478     0.00571429
       3       -17.5840     0.00571429
       4       -17.3690     0.00571429
       5       -17.3190     0.00571429
       6       -17.2646     0.00571429
       7       -17.2110     0.00571429
       8       -17.1771     0.00571429
       9       -6.06441     0.00571429
      10       -4.75028     0.00571429
      11       -4.53983     0.00571429
      12       -3.95673     0.00571429
      13        6.29526     0.00571429
      14        6.99700     0.00571429
      15        7.20950     0.00571429
      16        7.90049     0.00571429
      17        8.28490     0.00571429
      18        8.58327     0.00571429
      19        10.0073     0.00571429
      20        10.1178     0.00571429
      21        10.7918     0.00571429
      22        10.8382     0.00571429
      23        11.0072     0.00571429
      24        11.4273     0.00571429
      25        16.7668        0.00000
      26        17.0311        0.00000
      27        17.4502        0.00000
      28        17.8832        0.00000
      29        18.9841        0.00000
      30        19.7821        0.00000
      31        20.3441        0.00000
      32        20.9661        0.00000
      33        21.7272        0.00000
      34        22.4676        0.00000

 74/352 kpoint (Cartesian) = 0.028117 0.056235 0.027821 (7404 pws)
       1       -47.6725     0.00571429
       2       -47.6474     0.00571429
       3       -17.5717     0.00571429
       4       -17.3776     0.00571429
       5       -17.3300     0.00571429
       6       -17.2793     0.00571429
       7       -17.2145     0.00571429
       8       -17.1968     0.00571429
       9       -5.97703     0.00571429
      10       -4.70719     0.00571429
      11       -4.55691     0.00571429
      12       -4.00037     0.00571429
      13        6.35198     0.00571429
      14        7.05500     0.00571429
      15        7.20766     0.00571429
      16        7.90998     0.00571429
      17        8.25275     0.00571429
      18        8.74782     0.00571429
      19        9.61749     0.00571429
      20        10.0130     0.00571429
      21        10.7497     0.00571429
      22        10.8998     0.00571429
      23        11.2169     0.00571429
      24        11.4411     0.00571429
      25        16.8921        0.00000
      26        17.0692        0.00000
      27        17.4845        0.00000
      28        17.8227        0.00000
      29        19.1468        0.00000
      30        19.8031        0.00000
      31        20.2123        0.00000
      32        20.8888        0.00000
      33        21.7147        0.00000
      34        22.1271        0.00000

 75/352 kpoint (Cartesian) = 0.056235 0.056235 0.027821 (7403 pws)
       1       -47.6704     0.00571429
       2       -47.6464     0.00571429
       3       -17.5387     0.00571429
       4       -17.4171     0.00571429
       5       -17.3728     0.00571429
       6       -17.2995     0.00571429
       7       -17.2327     0.00571429
       8       -17.2252     0.00571429
       9       -5.73897     0.00571429
      10       -4.60886     0.00571429
      11       -4.59807     0.00571429
      12       -4.11335     0.00571429
      13        6.54819     0.00571429
      14        7.17974     0.00571429
      15        7.30313     0.00571429
      16        7.55815     0.00571429
      17        8.65500     0.00571429
      18        8.78841     0.00571429
      19        9.21564     0.00571429
      20        9.74231     0.00571429
      21        10.7257     0.00571429
      22        10.9700     0.00571429
      23        11.3875     0.00571429
      24        11.4150     0.00571429
      25        17.1358        0.00000
      26        17.1961        0.00000
      27        17.5168        0.00000
      28        17.7069        0.00000
      29        19.5050        0.00000
      30        19.8821        0.00000
      31        19.8964        0.00000
      32        20.8490        0.00000
      33        21.5969        0.00000
      34        21.6466        0.00000

 76/352 kpoint (Cartesian) = 0.084352 0.056235 0.027821 (7399 pws)
       1       -47.6678     0.00571429
       2       -47.6452     0.00571429
       3       -17.5177     0.00571429
       4       -17.4578     0.00571429
       5       -17.4491     0.00571429
       6       -17.3013     0.00571429
       7       -17.2522     0.00571429
       8       -17.2469     0.00571429
       9       -5.41652     0.00571429
      10       -4.66180     0.00571429
      11       -4.50793     0.00571429
      12       -4.24802     0.00571429
      13        6.89689     0.00571429
      14        7.08655     0.00571429
      15        7.45472     0.00571429
      16        7.51899     0.00571429
      17        8.10975     0.00571429
      18        9.18331     0.00571429
      19        9.47435     0.00571429
      20        9.52992     0.00571429
      21        10.6684     0.00571429
      22        11.0000     0.00571429
      23        11.2339     0.00571429
      24        11.4121     0.00571429
      25        17.2048        0.00000
      26        17.3447        0.00000
      27        17.4941        0.00000
      28        17.6657        0.00000
      29        19.4238        0.00000
      30        19.9279        0.00000
      31        20.0247        0.00000
      32        20.8321        0.00000
      33        21.3194        0.00000
      34        21.5246        0.00000

 77/352 kpoint (Cartesian) = 0.11247 0.056235 0.027821 (7408 pws)
       1       -47.6657     0.00571429
       2       -47.6443     0.00571429
       3       -17.5576     0.00571429
       4       -17.5286     0.00571429
       5       -17.4086     0.00571429
       6       -17.3076     0.00571429
       7       -17.2732     0.00571429
       8       -17.2582     0.00571429
       9       -5.09931     0.00571429
      10       -4.73542     0.00571429
      11       -4.46651     0.00571429
      12       -4.35139     0.00571429
      13        6.92359     0.00571429
      14        7.23762     0.00571429
      15        7.36567     0.00571429
      16        7.74121     0.00571429
      17        7.98789     0.00571429
      18        8.80873     0.00571429
      19        9.70905     0.00571429
      20        10.1250     0.00571429
      21        10.4493     0.00571429
      22        10.9274     0.00571429
      23        11.0939     0.00571429
      24        11.3094     0.00571429
      25        17.1710        0.00000
      26        17.3127        0.00000
      27        17.5129        0.00000
      28        17.6393        0.00000
      29        19.2246        0.00000
      30        19.7596        0.00000
      31        20.2951        0.00000
      32        20.8213        0.00000
      33        21.1304        0.00000
      34        21.3496        0.00000

 78/352 kpoint (Cartesian) = 0.14059 0.056235 0.027821 (7414 pws)
       1       -47.6649     0.00571429
       2       -47.6439     0.00571429
       3       -17.5739     0.00571429
       4       -17.5614     0.00571429
       5       -17.3590     0.00571429
       6       -17.3431     0.00571429
       7       -17.2740     0.00571429
       8       -17.2633     0.00571429
       9       -4.87064     0.00571429
      10       -4.86238     0.00571429
      11       -4.42634     0.00571429
      12       -4.42412     0.00571429
      13        6.98339     0.00571429
      14        6.98885     0.00571429
      15        7.66845     0.00571429
      16        7.67623     0.00571429
      17        8.34907     0.00571429
      18        8.35527     0.00571429
      19        10.0573     0.00571429
      20        10.0599     0.00571429
      21        10.6196     0.00571429
      22        10.6260     0.00571429
      23        11.1721     0.00571429
      24        11.1764     0.00571429
      25        17.1902        0.00000
      26        17.2004        0.00000
      27        17.5794        0.00000
      28        17.5897        0.00000
      29        19.3474        0.00000
      30        19.3763        0.00000
      31        20.6510        0.00000
      32        20.6712        0.00000
      33        21.1377        0.00000
      34        21.1757        0.00000

 79/352 kpoint (Cartesian) = 0.11247 -0.056235 -0.027821 (7408 pws)
       1       -47.6657     0.00571429
       2       -47.6443     0.00571429
       3       -17.5576     0.00571429
       4       -17.5285     0.00571429
       5       -17.4086     0.00571429
       6       -17.3076     0.00571429
       7       -17.2732     0.00571429
       8       -17.2583     0.00571429
       9       -5.09606     0.00571429
      10       -4.73990     0.00571429
      11       -4.46397     0.00571429
      12       -4.35292     0.00571429
      13        6.92285     0.00571429
      14        7.23996     0.00571429
      15        7.36538     0.00571429
      16        7.74746     0.00571429
      17        7.98334     0.00571429
      18        8.80308     0.00571429
      19        9.71361     0.00571429
      20        10.1281     0.00571429
      21        10.4481     0.00571429
      22        10.9230     0.00571429
      23        11.0930     0.00571429
      24        11.3104     0.00571429
      25        17.1675        0.00000
      26        17.3190        0.00000
      27        17.5130        0.00000
      28        17.6377        0.00000
      29        19.2230        0.00000
      30        19.7572        0.00000
      31        20.3004        0.00000
      32        20.8282        0.00000
      33        21.1289        0.00000
      34        21.3413        0.00000

 80/352 kpoint (Cartesian) = -0.084352 0.056235 0.027821 (7399 pws)
       1       -47.6678     0.00571429
       2       -47.6452     0.00571429
       3       -17.5175     0.00571429
       4       -17.4576     0.00571429
       5       -17.4493     0.00571429
       6       -17.3012     0.00571429
       7       -17.2524     0.00571429
       8       -17.2470     0.00571429
       9       -5.41440     0.00571429
      10       -4.66508     0.00571429
      11       -4.50655     0.00571429
      12       -4.24857     0.00571429
      13        6.89784     0.00571429
      14        7.08431     0.00571429
      15        7.45724     0.00571429
      16        7.52501     0.00571429
      17        8.10363     0.00571429
      18        9.17713     0.00571429
      19        9.47238     0.00571429
      20        9.54175     0.00571429
      21        10.6682     0.00571429
      22        10.9945     0.00571429
      23        11.2335     0.00571429
      24        11.4125     0.00571429
      25        17.2074        0.00000
      26        17.3387        0.00000
      27        17.5000        0.00000
      28        17.6645        0.00000
      29        19.4228        0.00000
      30        19.9225        0.00000
      31        20.0260        0.00000
      32        20.8410        0.00000
      33        21.3274        0.00000
      34        21.5202        0.00000

 81/352 kpoint (Cartesian) = -0.056235 0.056235 0.027821 (7403 pws)
       1       -47.6704     0.00571429
       2       -47.6464     0.00571429
       3       -17.5385     0.00571429
       4       -17.4173     0.00571429
       5       -17.3726     0.00571429
       6       -17.2994     0.00571429
       7       -17.2328     0.00571429
       8       -17.2255     0.00571429
       9       -5.73770     0.00571429
      10       -4.60883     0.00571429
      11       -4.59960     0.00571429
      12       -4.11342     0.00571429
      13        6.54846     0.00571429
      14        7.17920     0.00571429
      15        7.30529     0.00571429
      16        7.55929     0.00571429
      17        8.64772     0.00571429
      18        8.79008     0.00571429
      19        9.22221     0.00571429
      20        9.74280     0.00571429
      21        10.7251     0.00571429
      22        10.9663     0.00571429
      23        11.3859     0.00571429
      24        11.4158     0.00571429
      25        17.1342        0.00000
      26        17.1961        0.00000
      27        17.5190        0.00000
      28        17.7070        0.00000
      29        19.4969        0.00000
      30        19.8838        0.00000
      31        19.8991        0.00000
      32        20.8516        0.00000
      33        21.6199        0.00000
      34        21.6424        0.00000

 82/352 kpoint (Cartesian) = -0.028117 0.056235 0.027821 (7404 pws)
       1       -47.6725     0.00571429
       2       -47.6474     0.00571429
       3       -17.5717     0.00571429
       4       -17.3776     0.00571429
       5       -17.3300     0.00571429
       6       -17.2792     0.00571429
       7       -17.2145     0.00571429
       8       -17.1971     0.00571429
       9       -5.97644     0.00571429
      10       -4.70702     0.00571429
      11       -4.55789     0.00571429
      12       -4.00035     0.00571429
      13        6.35199     0.00571429
      14        7.05521     0.00571429
      15        7.20893     0.00571429
      16        7.90820     0.00571429
      17        8.25433     0.00571429
      18        8.74579     0.00571429
      19        9.62304     0.00571429
      20        10.0117     0.00571429
      21        10.7481     0.00571429
      22        10.8990     0.00571429
      23        11.2146     0.00571429
      24        11.4419     0.00571429
      25        16.8890        0.00000
      26        17.0718        0.00000
      27        17.4846        0.00000
      28        17.8235        0.00000
      29        19.1421        0.00000
      30        19.8043        0.00000
      31        20.2149        0.00000
      32        20.8905        0.00000
      33        21.7128        0.00000
      34        22.1439        0.00000

 83/352 kpoint (Cartesian) = 0.0000 0.084352 0.027821 (7410 pws)
       1       -47.6704     0.00571429
       2       -47.6469     0.00571429
       3       -17.5549     0.00571429
       4       -17.4330     0.00571429
       5       -17.4065     0.00571429
       6       -17.2491     0.00571429
       7       -17.2410     0.00571429
       8       -17.1842     0.00571429
       9       -5.72898     0.00571429
      10       -4.81164     0.00571429
      11       -4.46673     0.00571429
      12       -4.10482     0.00571429
      13        6.59407     0.00571429
      14        7.09510     0.00571429
      15        7.51363     0.00571429
      16        7.98647     0.00571429
      17        8.59657     0.00571429
      18        8.73166     0.00571429
      19        9.53545     0.00571429
      20        9.78330     0.00571429
      21        10.2904     0.00571429
      22        10.6880     0.00571429
      23        11.0545     0.00571429
      24        11.3874     0.00571429
      25        16.8511        0.00000
      26        17.2638        0.00000
      27        17.3837        0.00000
      28        17.8706        0.00000
      29        19.1502        0.00000
      30        19.8965        0.00000
      31        20.4141        0.00000
      32        21.0936        0.00000
      33        21.2709        0.00000
      34        22.2549        0.00000

 84/352 kpoint (Cartesian) = 0.028117 0.084352 0.027821 (7396 pws)
       1       -47.6697     0.00571429
       2       -47.6464     0.00571429
       3       -17.5442     0.00571429
       4       -17.4375     0.00571429
       5       -17.4167     0.00571429
       6       -17.2682     0.00571429
       7       -17.2412     0.00571429
       8       -17.2052     0.00571429
       9       -5.64371     0.00571429
      10       -4.76353     0.00571429
      11       -4.48214     0.00571429
      12       -4.14522     0.00571429
      13        6.67243     0.00571429
      14        7.15955     0.00571429
      15        7.49252     0.00571429
      16        7.69448     0.00571429
      17        8.69407     0.00571429
      18        8.93533     0.00571429
      19        9.12038     0.00571429
      20        9.71904     0.00571429
      21        10.5242     0.00571429
      22        10.8585     0.00571429
      23        11.0735     0.00571429
      24        11.4000     0.00571429
      25        16.9756        0.00000
      26        17.2897        0.00000
      27        17.4246        0.00000
      28        17.7845        0.00000
      29        19.2344        0.00000
      30        19.9013        0.00000
      31        20.3056        0.00000
      32        20.9737        0.00000
      33        21.3142        0.00000
      34        21.9337        0.00000

 85/352 kpoint (Cartesian) = 0.056235 0.084352 0.027821 (7399 pws)
       1       -47.6678     0.00571429
       2       -47.6452     0.00571429
       3       -17.5170     0.00571429
       4       -17.4586     0.00571429
       5       -17.4511     0.00571429
       6       -17.3009     0.00571429
       7       -17.2521     0.00571429
       8       -17.2463     0.00571429
       9       -5.41240     0.00571429
      10       -4.65917     0.00571429
      11       -4.50769     0.00571429
      12       -4.25142     0.00571429
      13        6.89661     0.00571429
      14        7.08707     0.00571429
      15        7.45974     0.00571429
      16        7.52554     0.00571429
      17        8.10297     0.00571429
      18        9.16573     0.00571429
      19        9.47699     0.00571429
      20        9.54471     0.00571429
      21        10.6617     0.00571429
      22        10.9973     0.00571429
      23        11.2361     0.00571429
      24        11.4114     0.00571429
      25        17.2037        0.00000
      26        17.3465        0.00000
      27        17.5005        0.00000
      28        17.6693        0.00000
      29        19.4181        0.00000
      30        19.9176        0.00000
      31        20.0223        0.00000
      32        20.8337        0.00000
      33        21.3313        0.00000
      34        21.4895        0.00000

 86/352 kpoint (Cartesian) = 0.084352 0.084352 0.027821 (7400 pws)
       1       -47.6656     0.00571429
       2       -47.6437     0.00571429
       3       -17.5301     0.00571429
       4       -17.5078     0.00571429
       5       -17.4564     0.00571429
       6       -17.3220     0.00571429
       7       -17.2802     0.00571429
       8       -17.2651     0.00571429
       9       -5.10231     0.00571429
      10       -4.62777     0.00571429
      11       -4.46292     0.00571429
      12       -4.38303     0.00571429
      13        6.64069     0.00571429
      14        7.25637     0.00571429
      15        7.30451     0.00571429
      16        7.73483     0.00571429
      17        7.77574     0.00571429
      18        9.12797     0.00571429
      19        9.57749     0.00571429
      20        10.0808     0.00571429
      21        10.6914     0.00571429
      22        10.9956     0.00571429
      23        11.2118     0.00571429
      24        11.4375     0.00571429
      25        17.1887        0.00000
      26        17.4279        0.00000
      27        17.5311        0.00000
      28        17.7610        0.00000
      29        19.4039        0.00000
      30        19.7949        0.00000
      31        20.0544        0.00000
      32        20.7286        0.00000
      33        20.8223        0.00000
      34        21.5063        0.00000

 87/352 kpoint (Cartesian) = 0.11247 0.084352 0.027821 (7404 pws)
       1       -47.6637     0.00571429
       2       -47.6425     0.00571429
       3       -17.5803     0.00571429
       4       -17.5660     0.00571429
       5       -17.4094     0.00571429
       6       -17.3345     0.00571429
       7       -17.2945     0.00571429
       8       -17.2831     0.00571429
       9       -4.81192     0.00571429
      10       -4.64262     0.00571429
      11       -4.49800     0.00571429
      12       -4.41509     0.00571429
      13        6.39381     0.00571429
      14        6.72264     0.00571429
      15        7.72611     0.00571429
      16        7.97193     0.00571429
      17        8.01714     0.00571429
      18        8.77905     0.00571429
      19        9.88762     0.00571429
      20        10.5919     0.00571429
      21        10.6135     0.00571429
      22        10.9435     0.00571429
      23        11.0395     0.00571429
      24        11.3637     0.00571429
      25        17.1370        0.00000
      26        17.4141        0.00000
      27        17.5745        0.00000
      28        17.8093        0.00000
      29        19.2766        0.00000
      30        19.7940        0.00000
      31        19.9263        0.00000
      32        20.4273        0.00000
      33        20.7861        0.00000
      34        21.2314        0.00000

 88/352 kpoint (Cartesian) = 0.14059 0.084352 0.027821 (7404 pws)
       1       -47.6630     0.00571429
       2       -47.6420     0.00571429
       3       -17.5998     0.00571429
       4       -17.5914     0.00571429
       5       -17.3695     0.00571429
       6       -17.3575     0.00571429
       7       -17.2993     0.00571429
       8       -17.2900     0.00571429
       9       -4.67118     0.00571429
      10       -4.66543     0.00571429
      11       -4.47611     0.00571429
      12       -4.47471     0.00571429
      13        6.41167     0.00571429
      14        6.41896     0.00571429
      15        7.98955     0.00571429
      16        7.99794     0.00571429
      17        8.37753     0.00571429
      18        8.38171     0.00571429
      19        10.2716     0.00571429
      20        10.2753     0.00571429
      21        10.8405     0.00571429
      22        10.8467     0.00571429
      23        11.1600     0.00571429
      24        11.1608     0.00571429
      25        17.2177        0.00000
      26        17.2421        0.00000
      27        17.7242        0.00000
      28        17.7296        0.00000
      29        19.4048        0.00000
      30        19.4372        0.00000
      31        20.1297        0.00000
      32        20.1385        0.00000
      33        20.9762        0.00000
      34        21.0195        0.00000

 89/352 kpoint (Cartesian) = -0.11247 0.084352 0.027821 (7404 pws)
       1       -47.6637     0.00571429
       2       -47.6425     0.00571429
       3       -17.5805     0.00571429
       4       -17.5659     0.00571429
       5       -17.4095     0.00571429
       6       -17.3343     0.00571429
       7       -17.2943     0.00571429
       8       -17.2834     0.00571429
       9       -4.80920     0.00571429
      10       -4.64551     0.00571429
      11       -4.49824     0.00571429
      12       -4.41483     0.00571429
      13        6.39399     0.00571429
      14        6.72241     0.00571429
      15        7.72721     0.00571429
      16        7.97215     0.00571429
      17        8.01956     0.00571429
      18        8.77570     0.00571429
      19        9.88938     0.00571429
      20        10.5932     0.00571429
      21        10.6130     0.00571429
      22        10.9376     0.00571429
      23        11.0422     0.00571429
      24        11.3636     0.00571429
      25        17.1366        0.00000
      26        17.4160        0.00000
      27        17.5739        0.00000
      28        17.8086        0.00000
      29        19.2771        0.00000
      30        19.7936        0.00000
      31        19.9260        0.00000
      32        20.4252        0.00000
      33        20.7938        0.00000
      34        21.2236        0.00000

 90/352 kpoint (Cartesian) = -0.084352 0.084352 0.027821 (7400 pws)
       1       -47.6656     0.00571429
       2       -47.6437     0.00571429
       3       -17.5302     0.00571429
       4       -17.5078     0.00571429
       5       -17.4564     0.00571429
       6       -17.3218     0.00571429
       7       -17.2801     0.00571429
       8       -17.2652     0.00571429
       9       -5.10093     0.00571429
      10       -4.62970     0.00571429
      11       -4.46254     0.00571429
      12       -4.38312     0.00571429
      13        6.64033     0.00571429
      14        7.25661     0.00571429
      15        7.30491     0.00571429
      16        7.73675     0.00571429
      17        7.77600     0.00571429
      18        9.12849     0.00571429
      19        9.57768     0.00571429
      20        10.0819     0.00571429
      21        10.6908     0.00571429
      22        10.9910     0.00571429
      23        11.2128     0.00571429
      24        11.4367     0.00571429
      25        17.1901        0.00000
      26        17.4253        0.00000
      27        17.5339        0.00000
      28        17.7591        0.00000
      29        19.4070        0.00000
      30        19.7925        0.00000
      31        20.0473        0.00000
      32        20.7363        0.00000
      33        20.8247        0.00000
      34        21.4985        0.00000

 91/352 kpoint (Cartesian) = -0.056235 0.084352 0.027821 (7399 pws)
       1       -47.6678     0.00571429
       2       -47.6452     0.00571429
       3       -17.5172     0.00571429
       4       -17.4584     0.00571429
       5       -17.4513     0.00571429
       6       -17.3007     0.00571429
       7       -17.2521     0.00571429
       8       -17.2464     0.00571429
       9       -5.41165     0.00571429
      10       -4.66011     0.00571429
      11       -4.50786     0.00571429
      12       -4.25127     0.00571429
      13        6.89715     0.00571429
      14        7.08480     0.00571429
      15        7.46181     0.00571429
      16        7.52607     0.00571429
      17        8.10182     0.00571429
      18        9.17902     0.00571429
      19        9.47408     0.00571429
      20        9.53886     0.00571429
      21        10.6606     0.00571429
      22        10.9945     0.00571429
      23        11.2360     0.00571429
      24        11.4103     0.00571429
      25        17.2001        0.00000
      26        17.3511        0.00000
      27        17.5022        0.00000
      28        17.6661        0.00000
      29        19.4165        0.00000
      30        19.9130        0.00000
      31        20.0245        0.00000
      32        20.8347        0.00000
      33        21.3286        0.00000
      34        21.5031        0.00000

 92/352 kpoint (Cartesian) = -0.028117 0.084352 0.027821 (7396 pws)
       1       -47.6697     0.00571429
       2       -47.6464     0.00571429
       3       -17.5443     0.00571429
       4       -17.4374     0.00571429
       5       -17.4168     0.00571429
       6       -17.2680     0.00571429
       7       -17.2413     0.00571429
       8       -17.2052     0.00571429
       9       -5.64337     0.00571429
      10       -4.76385     0.00571429
      11       -4.48240     0.00571429
      12       -4.14511     0.00571429
      13        6.67257     0.00571429
      14        7.15904     0.00571429
      15        7.49251     0.00571429
      16        7.69382     0.00571429
      17        8.69061     0.00571429
      18        8.94156     0.00571429
      19        9.12702     0.00571429
      20        9.71399     0.00571429
      21        10.5228     0.00571429
      22        10.8585     0.00571429
      23        11.0710     0.00571429
      24        11.3999     0.00571429
      25        16.9730        0.00000
      26        17.2934        0.00000
      27        17.4236        0.00000
      28        17.7841        0.00000
      29        19.2321        0.00000
      30        19.8995        0.00000
      31        20.3086        0.00000
      32        20.9739        0.00000
      33        21.3135        0.00000
      34        21.9429        0.00000

 93/352 kpoint (Cartesian) = 0.0000 0.11247 0.027821 (7406 pws)
       1       -47.6679     0.00571429
       2       -47.6463     0.00571429
       3       -17.5622     0.00571429
       4       -17.5142     0.00571429
       5       -17.3947     0.00571429
       6       -17.2841     0.00571429
       7       -17.2321     0.00571429
       8       -17.1943     0.00571429
       9       -5.38760     0.00571429
      10       -4.92814     0.00571429
      11       -4.40283     0.00571429
      12       -4.23449     0.00571429
      13        6.94390     0.00571429
      14        7.13836     0.00571429
      15        7.89850     0.00571429
      16        8.01342     0.00571429
      17        8.54578     0.00571429
      18        8.98622     0.00571429
      19        9.43094     0.00571429
      20        9.50953     0.00571429
      21        9.81592     0.00571429
      22        10.4353     0.00571429
      23        11.1692     0.00571429
      24        11.3386     0.00571429
      25        16.8157        0.00000
      26        17.0230        0.00000
      27        17.6186        0.00000
      28        17.8458        0.00000
      29        19.0555        0.00000
      30        19.7194        0.00000
      31        20.7469        0.00000
      32        21.1238        0.00000
      33        21.3220        0.00000
      34        21.9610        0.00000

 94/352 kpoint (Cartesian) = 0.028117 0.11247 0.027821 (7404 pws)
       1       -47.6673     0.00571429
       2       -47.6457     0.00571429
       3       -17.5589     0.00571429
       4       -17.5169     0.00571429
       5       -17.3987     0.00571429
       6       -17.2882     0.00571429
       7       -17.2477     0.00571429
       8       -17.2145     0.00571429
       9       -5.30707     0.00571429
      10       -4.86992     0.00571429
      11       -4.42295     0.00571429
      12       -4.26885     0.00571429
      13        7.02922     0.00571429
      14        7.19705     0.00571429
      15        7.64183     0.00571429
      16        7.86728     0.00571429
      17        8.41758     0.00571429
      18        8.76147     0.00571429
      19        9.52519     0.00571429
      20        9.69244     0.00571429
      21        10.1298     0.00571429
      22        10.6143     0.00571429
      23        11.1446     0.00571429
      24        11.3321     0.00571429
      25        16.9386        0.00000
      26        17.1207        0.00000
      27        17.5839        0.00000
      28        17.7537        0.00000
      29        19.1020        0.00000
      30        19.7267        0.00000
      31        20.6547        0.00000
      32        20.9797        0.00000
      33        21.3253        0.00000
      34        21.6975        0.00000

 95/352 kpoint (Cartesian) = 0.056235 0.11247 0.027821 (7408 pws)
       1       -47.6657     0.00571429
       2       -47.6443     0.00571429
       3       -17.5577     0.00571429
       4       -17.5313     0.00571429
       5       -17.4092     0.00571429
       6       -17.3073     0.00571429
       7       -17.2737     0.00571429
       8       -17.2567     0.00571429
       9       -5.09070     0.00571429
      10       -4.73195     0.00571429
      11       -4.46607     0.00571429
      12       -4.35716     0.00571429
      13        6.92263     0.00571429
      14        7.24794     0.00571429
      15        7.36616     0.00571429
      16        7.74721     0.00571429
      17        7.98283     0.00571429
      18        8.79934     0.00571429
      19        9.70680     0.00571429
      20        10.1338     0.00571429
      21        10.4339     0.00571429
      22        10.9318     0.00571429
      23        11.0924     0.00571429
      24        11.3100     0.00571429
      25        17.1641        0.00000
      26        17.3124        0.00000
      27        17.5231        0.00000
      28        17.6468        0.00000
      29        19.2214        0.00000
      30        19.7600        0.00000
      31        20.2842        0.00000
      32        20.8153        0.00000
      33        21.1200        0.00000
      34        21.3225        0.00000

 96/352 kpoint (Cartesian) = 0.084352 0.11247 0.027821 (7404 pws)
       1       -47.6637     0.00571429
       2       -47.6425     0.00571429
       3       -17.5801     0.00571429
       4       -17.5677     0.00571429
       5       -17.4094     0.00571429
       6       -17.3341     0.00571429
       7       -17.2948     0.00571429
       8       -17.2824     0.00571429
       9       -4.80597     0.00571429
      10       -4.64244     0.00571429
      11       -4.49899     0.00571429
      12       -4.41706     0.00571429
      13        6.39294     0.00571429
      14        6.72309     0.00571429
      15        7.72943     0.00571429
      16        7.97524     0.00571429
      17        8.01825     0.00571429
      18        8.77553     0.00571429
      19        9.88240     0.00571429
      20        10.5899     0.00571429
      21        10.6120     0.00571429
      22        10.9389     0.00571429
      23        11.0453     0.00571429
      24        11.3655     0.00571429
      25        17.1364        0.00000
      26        17.4177        0.00000
      27        17.5754        0.00000
      28        17.8088        0.00000
      29        19.2783        0.00000
      30        19.8017        0.00000
      31        19.9195        0.00000
      32        20.4152        0.00000
      33        20.7839        0.00000
      34        21.2183        0.00000

 97/352 kpoint (Cartesian) = 0.11247 0.11247 0.027821 (7402 pws)
       1       -47.6621     0.00571429
       2       -47.6410     0.00571429
       3       -17.6178     0.00571429
       4       -17.6118     0.00571429
       5       -17.3893     0.00571429
       6       -17.3500     0.00571429
       7       -17.3086     0.00571429
       8       -17.2950     0.00571429
       9       -4.65387     0.00571429
      10       -4.58926     0.00571429
      11       -4.53826     0.00571429
      12       -4.34945     0.00571429
      13        6.04650     0.00571429
      14        6.22427     0.00571429
      15        8.14473     0.00571429
      16        8.17082     0.00571429
      17        8.30614     0.00571429
      18        8.68494     0.00571429
      19        10.0778     0.00571429
      20        10.6666     0.00571429
      21        10.7020     0.00571429
      22        10.8287     0.00571429
      23        11.0805     0.00571429
      24        11.3851     0.00571429
      25        17.1262        0.00000
      26        17.3908        0.00000
      27        17.7514        0.00000
      28        17.9296        0.00000
      29        19.1777        0.00000
      30        19.7275        0.00000
      31        19.7852        0.00000
      32        19.8172        0.00000
      33        20.8111        0.00000
      34        21.0946        0.00000

 98/352 kpoint (Cartesian) = 0.14059 0.11247 0.027821 (7388 pws)
       1       -47.6615     0.00571429
       2       -47.6405     0.00571429
       3       -17.6352     0.00571429
       4       -17.6313     0.00571429
       5       -17.3670     0.00571429
       6       -17.3642     0.00571429
       7       -17.3134     0.00571429
       8       -17.3003     0.00571429
       9       -4.64749     0.00571429
      10       -4.64456     0.00571429
      11       -4.37479     0.00571429
      12       -4.37309     0.00571429
      13        5.98025     0.00571429
      14        5.98589     0.00571429
      15        8.30419     0.00571429
      16        8.30675     0.00571429
      17        8.52935     0.00571429
      18        8.53194     0.00571429
      19        10.3678     0.00571429
      20        10.3788     0.00571429
      21        10.7278     0.00571429
      22        10.7319     0.00571429
      23        11.2803     0.00571429
      24        11.2839     0.00571429
      25        17.2468        0.00000
      26        17.2741        0.00000
      27        17.8977        0.00000
      28        17.9010        0.00000
      29        19.2970        0.00000
      30        19.3139        0.00000
      31        19.7229        0.00000
      32        19.7376        0.00000
      33        20.9322        0.00000
      34        20.9760        0.00000

 99/352 kpoint (Cartesian) = -0.11247 0.11247 0.027821 (7402 pws)
       1       -47.6621     0.00571429
       2       -47.6410     0.00571429
       3       -17.6180     0.00571429
       4       -17.6118     0.00571429
       5       -17.3895     0.00571429
       6       -17.3499     0.00571429
       7       -17.3083     0.00571429
       8       -17.2951     0.00571429
       9       -4.65508     0.00571429
      10       -4.58897     0.00571429
      11       -4.53764     0.00571429
      12       -4.34923     0.00571429
      13        6.04663     0.00571429
      14        6.22385     0.00571429
      15        8.14673     0.00571429
      16        8.17261     0.00571429
      17        8.30617     0.00571429
      18        8.68381     0.00571429
      19        10.0771     0.00571429
      20        10.6668     0.00571429
      21        10.7028     0.00571429
      22        10.8239     0.00571429
      23        11.0809     0.00571429
      24        11.3862     0.00571429
      25        17.1276        0.00000
      26        17.3922        0.00000
      27        17.7504        0.00000
      28        17.9282        0.00000
      29        19.1794        0.00000
      30        19.7242        0.00000
      31        19.7857        0.00000
      32        19.8131        0.00000
      33        20.8179        0.00000
      34        21.0917        0.00000

 100/352 kpoint (Cartesian) = -0.084352 0.11247 0.027821 (7404 pws)
       1       -47.6637     0.00571429
       2       -47.6425     0.00571429
       3       -17.5803     0.00571429
       4       -17.5678     0.00571429
       5       -17.4095     0.00571429
       6       -17.3341     0.00571429
       7       -17.2946     0.00571429
       8       -17.2823     0.00571429
       9       -4.80597     0.00571429
      10       -4.64438     0.00571429
      11       -4.49766     0.00571429
      12       -4.41662     0.00571429
      13        6.39250     0.00571429
      14        6.72225     0.00571429
      15        7.73006     0.00571429
      16        7.97671     0.00571429
      17        8.02010     0.00571429
      18        8.77844     0.00571429
      19        9.87958     0.00571429
      20        10.5905     0.00571429
      21        10.6118     0.00571429
      22        10.9355     0.00571429
      23        11.0447     0.00571429
      24        11.3651     0.00571429
      25        17.1392        0.00000
      26        17.4213        0.00000
      27        17.5723        0.00000
      28        17.8057        0.00000
      29        19.2790        0.00000
      30        19.7953        0.00000
      31        19.9187        0.00000
      32        20.4133        0.00000
      33        20.7913        0.00000
      34        21.2188        0.00000

 101/352 kpoint (Cartesian) = -0.056235 0.11247 0.027821 (7408 pws)
       1       -47.6657     0.00571429
       2       -47.6443     0.00571429
       3       -17.5579     0.00571429
       4       -17.5315     0.00571429
       5       -17.4092     0.00571429
       6       -17.3073     0.00571429
       7       -17.2735     0.00571429
       8       -17.2565     0.00571429
       9       -5.09069     0.00571429
      10       -4.73321     0.00571429
      11       -4.46525     0.00571429
      12       -4.35686     0.00571429
      13        6.92083     0.00571429
      14        7.24644     0.00571429
      15        7.36605     0.00571429
      16        7.74697     0.00571429
      17        7.98743     0.00571429
      18        8.80751     0.00571429
      19        9.70099     0.00571429
      20        10.1349     0.00571429
      21        10.4327     0.00571429
      22        10.9317     0.00571429
      23        11.0901     0.00571429
      24        11.3079     0.00571429
      25        17.1660        0.00000
      26        17.3145        0.00000
      27        17.5238        0.00000
      28        17.6414        0.00000
      29        19.2197        0.00000
      30        19.7572        0.00000
      31        20.2846        0.00000
      32        20.8158        0.00000
      33        21.1194        0.00000
      34        21.3286        0.00000

 102/352 kpoint (Cartesian) = -0.028117 0.11247 0.027821 (7404 pws)
       1       -47.6673     0.00571429
       2       -47.6457     0.00571429
       3       -17.5590     0.00571429
       4       -17.5170     0.00571429
       5       -17.3987     0.00571429
       6       -17.2883     0.00571429
       7       -17.2475     0.00571429
       8       -17.2144     0.00571429
       9       -5.30707     0.00571429
      10       -4.87042     0.00571429
      11       -4.42271     0.00571429
      12       -4.26867     0.00571429
      13        7.02894     0.00571429
      14        7.19610     0.00571429
      15        7.63905     0.00571429
      16        7.86731     0.00571429
      17        8.41883     0.00571429
      18        8.77418     0.00571429
      19        9.51990     0.00571429
      20        9.69126     0.00571429
      21        10.1282     0.00571429
      22        10.6142     0.00571429
      23        11.1428     0.00571429
      24        11.3312     0.00571429
      25        16.9382        0.00000
      26        17.1215        0.00000
      27        17.5845        0.00000
      28        17.7518        0.00000
      29        19.1010        0.00000
      30        19.7256        0.00000
      31        20.6565        0.00000
      32        20.9795        0.00000
      33        21.3247        0.00000
      34        21.7014        0.00000

 103/352 kpoint (Cartesian) = 0.0000 0.14059 0.027821 (7420 pws)
       1       -47.6670     0.00571429
       2       -47.6460     0.00571429
       3       -17.5652     0.00571429
       4       -17.5563     0.00571429
       5       -17.3454     0.00571429
       6       -17.3332     0.00571429
       7       -17.2215     0.00571429
       8       -17.2023     0.00571429
       9       -5.11630     0.00571429
      10       -5.11045     0.00571429
      11       -4.33605     0.00571429
      12       -4.33001     0.00571429
      13        7.10617     0.00571429
      14        7.10880     0.00571429
      15        8.28655     0.00571429
      16        8.29674     0.00571429
      17        8.41352     0.00571429
      18        8.42124     0.00571429
      19        9.50952     0.00571429
      20        9.52587     0.00571429
      21        10.0044     0.00571429
      22        10.0199     0.00571429
      23        11.2737     0.00571429
      24        11.2770     0.00571429
      25        16.8360        0.00000
      26        16.8415        0.00000
      27        17.7487        0.00000
      28        17.7814        0.00000
      29        19.2744        0.00000
      30        19.2869        0.00000
      31        21.0150        0.00000
      32        21.0217        0.00000
      33        21.6097        0.00000
      34        21.6513        0.00000

 104/352 kpoint (Cartesian) = 0.028117 0.14059 0.027821 (7414 pws)
       1       -47.6664     0.00571429
       2       -47.6454     0.00571429
       3       -17.5659     0.00571429
       4       -17.5567     0.00571429
       5       -17.3486     0.00571429
       6       -17.3351     0.00571429
       7       -17.2392     0.00571429
       8       -17.2213     0.00571429
       9       -5.04512     0.00571429
      10       -5.03961     0.00571429
      11       -4.36345     0.00571429
      12       -4.35767     0.00571429
      13        7.16214     0.00571429
      14        7.16557     0.00571429
      15        7.92650     0.00571429
      16        7.93456     0.00571429
      17        8.38343     0.00571429
      18        8.39234     0.00571429
      19        9.73007     0.00571429
      20        9.74390     0.00571429
      21        10.2169     0.00571429
      22        10.2271     0.00571429
      23        11.2473     0.00571429
      24        11.2511     0.00571429
      25        16.9556        0.00000
      26        16.9599        0.00000
      27        17.6769        0.00000
      28        17.7094        0.00000
      29        19.2957        0.00000
      30        19.3084        0.00000
      31        20.9511        0.00000
      32        20.9564        0.00000
      33        21.4132        0.00000
      34        21.4567        0.00000

 105/352 kpoint (Cartesian) = 0.056235 0.14059 0.027821 (7414 pws)
       1       -47.6649     0.00571429
       2       -47.6439     0.00571429
       3       -17.5735     0.00571429
       4       -17.5653     0.00571429
       5       -17.3592     0.00571429
       6       -17.3430     0.00571429
       7       -17.2751     0.00571429
       8       -17.2610     0.00571429
       9       -4.86084     0.00571429
      10       -4.85670     0.00571429
      11       -4.43156     0.00571429
      12       -4.42620     0.00571429
      13        6.98478     0.00571429
      14        6.99235     0.00571429
      15        7.67293     0.00571429
      16        7.67709     0.00571429
      17        8.34792     0.00571429
      18        8.35411     0.00571429
      19        10.0359     0.00571429
      20        10.0540     0.00571429
      21        10.6288     0.00571429
      22        10.6338     0.00571429
      23        11.1701     0.00571429
      24        11.1770     0.00571429
      25        17.1857        0.00000
      26        17.1909        0.00000
      27        17.5821        0.00000
      28        17.6076        0.00000
      29        19.3582        0.00000
      30        19.3707        0.00000
      31        20.6380        0.00000
      32        20.6538        0.00000
      33        21.1244        0.00000
      34        21.1586        0.00000

 106/352 kpoint (Cartesian) = 0.084352 0.14059 0.027821 (7404 pws)
       1       -47.6630     0.00571429
       2       -47.6420     0.00571429
       3       -17.5987     0.00571429
       4       -17.5946     0.00571429
       5       -17.3701     0.00571429
       6       -17.3563     0.00571429
       7       -17.3006     0.00571429
       8       -17.2885     0.00571429
       9       -4.66372     0.00571429
      10       -4.66154     0.00571429
      11       -4.48161     0.00571429
      12       -4.47605     0.00571429
      13        6.41076     0.00571429
      14        6.41865     0.00571429
      15        7.99747     0.00571429
      16        8.00040     0.00571429
      17        8.37737     0.00571429
      18        8.37936     0.00571429
      19        10.2501     0.00571429
      20        10.2730     0.00571429
      21        10.8461     0.00571429
      22        10.8552     0.00571429
      23        11.1558     0.00571429
      24        11.1656     0.00571429
      25        17.2206        0.00000
      26        17.2420        0.00000
      27        17.7249        0.00000
      28        17.7295        0.00000
      29        19.4239        0.00000
      30        19.4326        0.00000
      31        20.1101        0.00000
      32        20.1348        0.00000
      33        20.9716        0.00000
      34        21.0052        0.00000

 107/352 kpoint (Cartesian) = 0.11247 0.14059 0.027821 (7388 pws)
       1       -47.6615     0.00571429
       2       -47.6405     0.00571429
       3       -17.6337     0.00571429
       4       -17.6332     0.00571429
       5       -17.3688     0.00571429
       6       -17.3622     0.00571429
       7       -17.3142     0.00571429
       8       -17.2997     0.00571429
       9       -4.64617     0.00571429
      10       -4.64360     0.00571429
      11       -4.37570     0.00571429
      12       -4.37314     0.00571429
      13        5.97988     0.00571429
      14        5.98580     0.00571429
      15        8.30479     0.00571429
      16        8.30827     0.00571429
      17        8.52871     0.00571429
      18        8.53246     0.00571429
      19        10.3568     0.00571429
      20        10.3801     0.00571429
      21        10.7270     0.00571429
      22        10.7401     0.00571429
      23        11.2784     0.00571429
      24        11.2856     0.00571429
      25        17.2480        0.00000
      26        17.2748        0.00000
      27        17.8986        0.00000
      28        17.9003        0.00000
      29        19.3077        0.00000
      30        19.3094        0.00000
      31        19.7135        0.00000
      32        19.7410        0.00000
      33        20.9303        0.00000
      34        20.9695        0.00000

 108/352 kpoint (Cartesian) = 0.14059 0.14059 0.027821 (7380 pws)
       1       -47.6609     0.00571429
       2       -47.6399     0.00571429
       3       -17.6515     0.00571429
       4       -17.6493     0.00571429
       5       -17.3649     0.00571429
       6       -17.3622     0.00571429
       7       -17.3195     0.00571429
       8       -17.3029     0.00571429
       9       -4.66572     0.00571429
      10       -4.66308     0.00571429
      11       -4.30728     0.00571429
      12       -4.30694     0.00571429
      13        5.82505     0.00571429
      14        5.82947     0.00571429
      15        8.37308     0.00571429
      16        8.37513     0.00571429
      17        8.68357     0.00571429
      18        8.68732     0.00571429
      19        10.3992     0.00571429
      20        10.4164     0.00571429
      21        10.6300     0.00571429
      22        10.6377     0.00571429
      23        11.3165     0.00571429
      24        11.3224     0.00571429
      25        17.2969        0.00000
      26        17.3250        0.00000
      27        17.9732        0.00000
      28        17.9737        0.00000
      29        19.1365        0.00000
      30        19.1415        0.00000
      31        19.6138        0.00000
      32        19.6392        0.00000
      33        20.9381        0.00000
      34        20.9794        0.00000

 109/352 kpoint (Cartesian) = 0.11247 0.14059 -0.027821 (7388 pws)
       1       -47.6615     0.00571429
       2       -47.6405     0.00571429
       3       -17.6339     0.00571429
       4       -17.6332     0.00571429
       5       -17.3691     0.00571429
       6       -17.3623     0.00571429
       7       -17.3137     0.00571429
       8       -17.2996     0.00571429
       9       -4.64641     0.00571429
      10       -4.64495     0.00571429
      11       -4.37532     0.00571429
      12       -4.37201     0.00571429
      13        5.98009     0.00571429
      14        5.98528     0.00571429
      15        8.30691     0.00571429
      16        8.31170     0.00571429
      17        8.52826     0.00571429
      18        8.53040     0.00571429
      19        10.3582     0.00571429
      20        10.3789     0.00571429
      21        10.7239     0.00571429
      22        10.7375     0.00571429
      23        11.2788     0.00571429
      24        11.2872     0.00571429
      25        17.2485        0.00000
      26        17.2784        0.00000
      27        17.8962        0.00000
      28        17.9001        0.00000
      29        19.3064        0.00000
      30        19.3090        0.00000
      31        19.7083        0.00000
      32        19.7411        0.00000
      33        20.9339        0.00000
      34        20.9711        0.00000

 110/352 kpoint (Cartesian) = 0.084352 0.14059 -0.027821 (7404 pws)
       1       -47.6630     0.00571429
       2       -47.6420     0.00571429
       3       -17.5987     0.00571429
       4       -17.5949     0.00571429
       5       -17.3703     0.00571429
       6       -17.3564     0.00571429
       7       -17.3000     0.00571429
       8       -17.2883     0.00571429
       9       -4.66637     0.00571429
      10       -4.66260     0.00571429
      11       -4.48098     0.00571429
      12       -4.47308     0.00571429
      13        6.41064     0.00571429
      14        6.41744     0.00571429
      15        7.99841     0.00571429
      16        8.00172     0.00571429
      17        8.37977     0.00571429
      18        8.38135     0.00571429
      19        10.2489     0.00571429
      20        10.2713     0.00571429
      21        10.8446     0.00571429
      22        10.8544     0.00571429
      23        11.1562     0.00571429
      24        11.1634     0.00571429
      25        17.2209        0.00000
      26        17.2491        0.00000
      27        17.7224        0.00000
      28        17.7257        0.00000
      29        19.4215        0.00000
      30        19.4302        0.00000
      31        20.1040        0.00000
      32        20.1356        0.00000
      33        20.9797        0.00000
      34        21.0066        0.00000

 111/352 kpoint (Cartesian) = 0.056235 0.14059 -0.027821 (7414 pws)
       1       -47.6649     0.00571429
       2       -47.6439     0.00571429
       3       -17.5735     0.00571429
       4       -17.5656     0.00571429
       5       -17.3592     0.00571429
       6       -17.3431     0.00571429
       7       -17.2747     0.00571429
       8       -17.2609     0.00571429
       9       -4.86142     0.00571429
      10       -4.85780     0.00571429
      11       -4.43106     0.00571429
      12       -4.42512     0.00571429
      13        6.98317     0.00571429
      14        6.99001     0.00571429
      15        7.67350     0.00571429
      16        7.67733     0.00571429
      17        8.35396     0.00571429
      18        8.35861     0.00571429
      19        10.0328     0.00571429
      20        10.0522     0.00571429
      21        10.6282     0.00571429
      22        10.6358     0.00571429
      23        11.1693     0.00571429
      24        11.1723     0.00571429
      25        17.1861        0.00000
      26        17.1966        0.00000
      27        17.5823        0.00000
      28        17.6008        0.00000
      29        19.3559        0.00000
      30        19.3689        0.00000
      31        20.6309        0.00000
      32        20.6568        0.00000
      33        21.1363        0.00000
      34        21.1572        0.00000

 112/352 kpoint (Cartesian) = -0.028117 0.14059 0.027821 (7414 pws)
       1       -47.6664     0.00571429
       2       -47.6454     0.00571429
       3       -17.5659     0.00571429
       4       -17.5570     0.00571429
       5       -17.3485     0.00571429
       6       -17.3352     0.00571429
       7       -17.2390     0.00571429
       8       -17.2212     0.00571429
       9       -5.04527     0.00571429
      10       -5.04014     0.00571429
      11       -4.36316     0.00571429
      12       -4.35734     0.00571429
      13        7.16102     0.00571429
      14        7.16475     0.00571429
      15        7.92333     0.00571429
      16        7.92857     0.00571429
      17        8.39438     0.00571429
      18        8.40073     0.00571429
      19        9.72663     0.00571429
      20        9.74122     0.00571429
      21        10.2166     0.00571429
      22        10.2271     0.00571429
      23        11.2464     0.00571429
      24        11.2491     0.00571429
      25        16.9559        0.00000
      26        16.9605        0.00000
      27        17.6768        0.00000
      28        17.7074        0.00000
      29        19.2950        0.00000
      30        19.3075        0.00000
      31        20.9477        0.00000
      32        20.9587        0.00000
      33        21.4221        0.00000
      34        21.4539        0.00000

 113/352 kpoint (Cartesian) = 0.0000 0.11247 -0.027821 (7406 pws)
       1       -47.6679     0.00571429
       2       -47.6463     0.00571429
       3       -17.5641     0.00571429
       4       -17.5130     0.00571429
       5       -17.3932     0.00571429
       6       -17.2849     0.00571429
       7       -17.2322     0.00571429
       8       -17.1943     0.00571429
       9       -5.39064     0.00571429
      10       -4.92555     0.00571429
      11       -4.40413     0.00571429
      12       -4.23235     0.00571429
      13        6.94275     0.00571429
      14        7.13642     0.00571429
      15        7.89282     0.00571429
      16        8.01331     0.00571429
      17        8.55627     0.00571429
      18        8.98810     0.00571429
      19        9.42943     0.00571429
      20        9.50139     0.00571429
      21        9.81955     0.00571429
      22        10.4370     0.00571429
      23        11.1677     0.00571429
      24        11.3425     0.00571429
      25        16.8127        0.00000
      26        17.0221        0.00000
      27        17.6188        0.00000
      28        17.8439        0.00000
      29        19.0597        0.00000
      30        19.7239        0.00000
      31        20.7450        0.00000
      32        21.1159        0.00000
      33        21.3197        0.00000
      34        21.9654        0.00000

 114/352 kpoint (Cartesian) = -0.028117 0.11247 -0.027821 (7404 pws)
       1       -47.6673     0.00571429
       2       -47.6457     0.00571429
       3       -17.5606     0.00571429
       4       -17.5158     0.00571429
       5       -17.3974     0.00571429
       6       -17.2889     0.00571429
       7       -17.2477     0.00571429
       8       -17.2144     0.00571429
       9       -5.31003     0.00571429
      10       -4.86737     0.00571429
      11       -4.42418     0.00571429
      12       -4.26684     0.00571429
      13        7.02885     0.00571429
      14        7.19559     0.00571429
      15        7.63977     0.00571429
      16        7.86147     0.00571429
      17        8.42135     0.00571429
      18        8.77235     0.00571429
      19        9.51687     0.00571429
      20        9.69089     0.00571429
      21        10.1323     0.00571429
      22        10.6164     0.00571429
      23        11.1438     0.00571429
      24        11.3346     0.00571429
      25        16.9360        0.00000
      26        17.1199        0.00000
      27        17.5841        0.00000
      28        17.7529        0.00000
      29        19.1062        0.00000
      30        19.7299        0.00000
      31        20.6509        0.00000
      32        20.9777        0.00000
      33        21.3183        0.00000
      34        21.7030        0.00000

 115/352 kpoint (Cartesian) = -0.056235 0.11247 -0.027821 (7408 pws)
       1       -47.6657     0.00571429
       2       -47.6443     0.00571429
       3       -17.5590     0.00571429
       4       -17.5303     0.00571429
       5       -17.4086     0.00571429
       6       -17.3072     0.00571429
       7       -17.2739     0.00571429
       8       -17.2568     0.00571429
       9       -5.09344     0.00571429
      10       -4.72951     0.00571429
      11       -4.46693     0.00571429
      12       -4.35570     0.00571429
      13        6.92567     0.00571429
      14        7.24295     0.00571429
      15        7.36341     0.00571429
      16        7.74564     0.00571429
      17        7.98380     0.00571429
      18        8.80528     0.00571429
      19        9.70546     0.00571429
      20        10.1318     0.00571429
      21        10.4338     0.00571429
      22        10.9363     0.00571429
      23        11.0928     0.00571429
      24        11.3085     0.00571429
      25        17.1645        0.00000
      26        17.3096        0.00000
      27        17.5235        0.00000
      28        17.6487        0.00000
      29        19.2248        0.00000
      30        19.7597        0.00000
      31        20.2831        0.00000
      32        20.8132        0.00000
      33        21.1140        0.00000
      34        21.3285        0.00000

 116/352 kpoint (Cartesian) = 0.084352 -0.11247 0.027821 (7404 pws)
       1       -47.6637     0.00571429
       2       -47.6425     0.00571429
       3       -17.5806     0.00571429
       4       -17.5670     0.00571429
       5       -17.4099     0.00571429
       6       -17.3335     0.00571429
       7       -17.2948     0.00571429
       8       -17.2828     0.00571429
       9       -4.80827     0.00571429
      10       -4.64117     0.00571429
      11       -4.49691     0.00571429
      12       -4.41792     0.00571429
      13        6.39363     0.00571429
      14        6.72218     0.00571429
      15        7.72971     0.00571429
      16        7.97257     0.00571429
      17        8.01681     0.00571429
      18        8.77575     0.00571429
      19        9.88800     0.00571429
      20        10.5899     0.00571429
      21        10.6041     0.00571429
      22        10.9510     0.00571429
      23        11.0443     0.00571429
      24        11.3603     0.00571429
      25        17.1398        0.00000
      26        17.4134        0.00000
      27        17.5773        0.00000
      28        17.8117        0.00000
      29        19.2767        0.00000
      30        19.8023        0.00000
      31        19.9218        0.00000
      32        20.4162        0.00000
      33        20.7751        0.00000
      34        21.2235        0.00000

 117/352 kpoint (Cartesian) = 0.11247 -0.11247 0.027821 (7402 pws)
       1       -47.6621     0.00571429
       2       -47.6410     0.00571429
       3       -17.6177     0.00571429
       4       -17.6115     0.00571429
       5       -17.3902     0.00571429
       6       -17.3498     0.00571429
       7       -17.3087     0.00571429
       8       -17.2948     0.00571429
       9       -4.65303     0.00571429
      10       -4.58829     0.00571429
      11       -4.53950     0.00571429
      12       -4.34991     0.00571429
      13        6.04669     0.00571429
      14        6.22450     0.00571429
      15        8.14625     0.00571429
      16        8.16958     0.00571429
      17        8.30328     0.00571429
      18        8.68179     0.00571429
      19        10.0835     0.00571429
      20        10.6611     0.00571429
      21        10.7023     0.00571429
      22        10.8407     0.00571429
      23        11.0795     0.00571429
      24        11.3784     0.00571429
      25        17.1294        0.00000
      26        17.3894        0.00000
      27        17.7533        0.00000
      28        17.9324        0.00000
      29        19.1740        0.00000
      30        19.7331        0.00000
      31        19.7856        0.00000
      32        19.8162        0.00000
      33        20.8030        0.00000
      34        21.0959        0.00000

 118/352 kpoint (Cartesian) = 0.14059 0.11247 -0.027821 (7388 pws)
       1       -47.6615     0.00571429
       2       -47.6405     0.00571429
       3       -17.6347     0.00571429
       4       -17.6313     0.00571429
       5       -17.3669     0.00571429
       6       -17.3655     0.00571429
       7       -17.3136     0.00571429
       8       -17.2994     0.00571429
       9       -4.64731     0.00571429
      10       -4.64278     0.00571429
      11       -4.37625     0.00571429
      12       -4.37354     0.00571429
      13        5.98047     0.00571429
      14        5.98622     0.00571429
      15        8.30422     0.00571429
      16        8.30826     0.00571429
      17        8.52530     0.00571429
      18        8.52889     0.00571429
      19        10.3690     0.00571429
      20        10.3788     0.00571429
      21        10.7321     0.00571429
      22        10.7412     0.00571429
      23        11.2729     0.00571429
      24        11.2810     0.00571429
      25        17.2467        0.00000
      26        17.2766        0.00000
      27        17.8995        0.00000
      28        17.9039        0.00000
      29        19.2945        0.00000
      30        19.3126        0.00000
      31        19.7280        0.00000
      32        19.7370        0.00000
      33        20.9310        0.00000
      34        20.9692        0.00000

 119/352 kpoint (Cartesian) = 0.11247 0.11247 -0.027821 (7402 pws)
       1       -47.6621     0.00571429
       2       -47.6410     0.00571429
       3       -17.6179     0.00571429
       4       -17.6115     0.00571429
       5       -17.3904     0.00571429
       6       -17.3497     0.00571429
       7       -17.3083     0.00571429
       8       -17.2948     0.00571429
       9       -4.65417     0.00571429
      10       -4.58851     0.00571429
      11       -4.53842     0.00571429
      12       -4.34973     0.00571429
      13        6.04692     0.00571429
      14        6.22400     0.00571429
      15        8.14830     0.00571429
      16        8.17144     0.00571429
      17        8.30318     0.00571429
      18        8.68062     0.00571429
      19        10.0831     0.00571429
      20        10.6589     0.00571429
      21        10.7050     0.00571429
      22        10.8361     0.00571429
      23        11.0800     0.00571429
      24        11.3795     0.00571429
      25        17.1308        0.00000
      26        17.3907        0.00000
      27        17.7522        0.00000
      28        17.9310        0.00000
      29        19.1758        0.00000
      30        19.7304        0.00000
      31        19.7860        0.00000
      32        19.8115        0.00000
      33        20.8091        0.00000
      34        21.0937        0.00000

 120/352 kpoint (Cartesian) = 0.084352 0.11247 -0.027821 (7404 pws)
       1       -47.6637     0.00571429
       2       -47.6425     0.00571429
       3       -17.5808     0.00571429
       4       -17.5671     0.00571429
       5       -17.4100     0.00571429
       6       -17.3335     0.00571429
       7       -17.2945     0.00571429
       8       -17.2827     0.00571429
       9       -4.80840     0.00571429
      10       -4.64295     0.00571429
      11       -4.49559     0.00571429
      12       -4.41750     0.00571429
      13        6.39330     0.00571429
      14        6.72126     0.00571429
      15        7.73033     0.00571429
      16        7.97400     0.00571429
      17        8.01874     0.00571429
      18        8.77854     0.00571429
      19        9.88558     0.00571429
      20        10.5892     0.00571429
      21        10.6049     0.00571429
      22        10.9476     0.00571429
      23        11.0437     0.00571429
      24        11.3601     0.00571429
      25        17.1427        0.00000
      26        17.4170        0.00000
      27        17.5741        0.00000
      28        17.8084        0.00000
      29        19.2774        0.00000
      30        19.7966        0.00000
      31        19.9206        0.00000
      32        20.4138        0.00000
      33        20.7820        0.00000
      34        21.2246        0.00000

 121/352 kpoint (Cartesian) = 0.056235 0.11247 -0.027821 (7408 pws)
       1       -47.6657     0.00571429
       2       -47.6443     0.00571429
       3       -17.5592     0.00571429
       4       -17.5305     0.00571429
       5       -17.4086     0.00571429
       6       -17.3072     0.00571429
       7       -17.2737     0.00571429
       8       -17.2566     0.00571429
       9       -5.09348     0.00571429
      10       -4.73072     0.00571429
      11       -4.46610     0.00571429
      12       -4.35543     0.00571429
      13        6.92395     0.00571429
      14        7.24134     0.00571429
      15        7.36343     0.00571429
      16        7.74534     0.00571429
      17        7.98848     0.00571429
      18        8.81324     0.00571429
      19        9.70010     0.00571429
      20        10.1329     0.00571429
      21        10.4321     0.00571429
      22        10.9363     0.00571429
      23        11.0905     0.00571429
      24        11.3065     0.00571429
      25        17.1667        0.00000
      26        17.3118        0.00000
      27        17.5239        0.00000
      28        17.6432        0.00000
      29        19.2231        0.00000
      30        19.7572        0.00000
      31        20.2836        0.00000
      32        20.8138        0.00000
      33        21.1123        0.00000
      34        21.3355        0.00000

 122/352 kpoint (Cartesian) = 0.028117 0.11247 -0.027821 (7404 pws)
       1       -47.6673     0.00571429
       2       -47.6457     0.00571429
       3       -17.5607     0.00571429
       4       -17.5159     0.00571429
       5       -17.3973     0.00571429
       6       -17.2889     0.00571429
       7       -17.2476     0.00571429
       8       -17.2144     0.00571429
       9       -5.31005     0.00571429
      10       -4.86785     0.00571429
      11       -4.42394     0.00571429
      12       -4.26667     0.00571429
      13        7.02855     0.00571429
      14        7.19463     0.00571429
      15        7.63716     0.00571429
      16        7.86155     0.00571429
      17        8.42254     0.00571429
      18        8.78495     0.00571429
      19        9.51181     0.00571429
      20        9.68980     0.00571429
      21        10.1302     0.00571429
      22        10.6164     0.00571429
      23        11.1420     0.00571429
      24        11.3337     0.00571429
      25        16.9358        0.00000
      26        17.1207        0.00000
      27        17.5845        0.00000
      28        17.7510        0.00000
      29        19.1052        0.00000
      30        19.7288        0.00000
      31        20.6528        0.00000
      32        20.9778        0.00000
      33        21.3169        0.00000
      34        21.7074        0.00000

 123/352 kpoint (Cartesian) = 0.0000 0.084352 -0.027821 (7410 pws)
       1       -47.6704     0.00571429
       2       -47.6469     0.00571429
       3       -17.5569     0.00571429
       4       -17.4322     0.00571429
       5       -17.4045     0.00571429
       6       -17.2491     0.00571429
       7       -17.2419     0.00571429
       8       -17.1841     0.00571429
       9       -5.73136     0.00571429
      10       -4.81013     0.00571429
      11       -4.46736     0.00571429
      12       -4.10270     0.00571429
      13        6.59072     0.00571429
      14        7.09302     0.00571429
      15        7.51010     0.00571429
      16        7.98942     0.00571429
      17        8.60372     0.00571429
      18        8.73126     0.00571429
      19        9.53558     0.00571429
      20        9.77839     0.00571429
      21        10.2922     0.00571429
      22        10.6887     0.00571429
      23        11.0543     0.00571429
      24        11.3908     0.00571429
      25        16.8504        0.00000
      26        17.2605        0.00000
      27        17.3829        0.00000
      28        17.8688        0.00000
      29        19.1582        0.00000
      30        19.9034        0.00000
      31        20.4076        0.00000
      32        21.0921        0.00000
      33        21.2537        0.00000
      34        22.2597        0.00000

 124/352 kpoint (Cartesian) = -0.028117 0.084352 -0.027821 (7396 pws)
       1       -47.6697     0.00571429
       2       -47.6464     0.00571429
       3       -17.5462     0.00571429
       4       -17.4368     0.00571429
       5       -17.4146     0.00571429
       6       -17.2682     0.00571429
       7       -17.2420     0.00571429
       8       -17.2051     0.00571429
       9       -5.64599     0.00571429
      10       -4.76203     0.00571429
      11       -4.48278     0.00571429
      12       -4.14322     0.00571429
      13        6.66925     0.00571429
      14        7.15825     0.00571429
      15        7.48922     0.00571429
      16        7.69536     0.00571429
      17        8.69780     0.00571429
      18        8.93739     0.00571429
      19        9.12528     0.00571429
      20        9.71227     0.00571429
      21        10.5236     0.00571429
      22        10.8612     0.00571429
      23        11.0739     0.00571429
      24        11.4017     0.00571429
      25        16.9756        0.00000
      26        17.2881        0.00000
      27        17.4221        0.00000
      28        17.7842        0.00000
      29        19.2421        0.00000
      30        19.9072        0.00000
      31        20.2986        0.00000
      32        20.9717        0.00000
      33        21.2972        0.00000
      34        21.9401        0.00000

 125/352 kpoint (Cartesian) = 0.056235 -0.084352 0.027821 (7399 pws)
       1       -47.6678     0.00571429
       2       -47.6452     0.00571429
       3       -17.5190     0.00571429
       4       -17.4581     0.00571429
       5       -17.4494     0.00571429
       6       -17.3006     0.00571429
       7       -17.2525     0.00571429
       8       -17.2466     0.00571429
       9       -5.41437     0.00571429
      10       -4.65756     0.00571429
      11       -4.50850     0.00571429
      12       -4.24979     0.00571429
      13        6.89312     0.00571429
      14        7.09133     0.00571429
      15        7.45412     0.00571429
      16        7.52223     0.00571429
      17        8.10549     0.00571429
      18        9.17789     0.00571429
      19        9.47161     0.00571429
      20        9.54189     0.00571429
      21        10.6584     0.00571429
      22        11.0041     0.00571429
      23        11.2372     0.00571429
      24        11.4091     0.00571429
      25        17.2068        0.00000
      26        17.3452        0.00000
      27        17.4957        0.00000
      28        17.6736        0.00000
      29        19.4233        0.00000
      30        19.9213        0.00000
      31        20.0178        0.00000
      32        20.8290        0.00000
      33        21.3213        0.00000
      34        21.4925        0.00000

 126/352 kpoint (Cartesian) = 0.084352 -0.084352 0.027821 (7400 pws)
       1       -47.6656     0.00571429
       2       -47.6437     0.00571429
       3       -17.5300     0.00571429
       4       -17.5071     0.00571429
       5       -17.4574     0.00571429
       6       -17.3215     0.00571429
       7       -17.2802     0.00571429
       8       -17.2654     0.00571429
       9       -5.10361     0.00571429
      10       -4.62642     0.00571429
      11       -4.46362     0.00571429
      12       -4.38209     0.00571429
      13        6.64152     0.00571429
      14        7.25517     0.00571429
      15        7.30379     0.00571429
      16        7.73163     0.00571429
      17        7.77551     0.00571429
      18        9.12531     0.00571429
      19        9.58493     0.00571429
      20        10.0796     0.00571429
      21        10.6867     0.00571429
      22        11.0059     0.00571429
      23        11.2120     0.00571429
      24        11.4327     0.00571429
      25        17.1913        0.00000
      26        17.4309        0.00000
      27        17.5274        0.00000
      28        17.7654        0.00000
      29        19.3986        0.00000
      30        19.8056        0.00000
      31        20.0532        0.00000
      32        20.7222        0.00000
      33        20.8189        0.00000
      34        21.5098        0.00000

 127/352 kpoint (Cartesian) = 0.11247 -0.084352 0.027821 (7404 pws)
       1       -47.6637     0.00571429
       2       -47.6425     0.00571429
       3       -17.5797     0.00571429
       4       -17.5657     0.00571429
       5       -17.4106     0.00571429
       6       -17.3348     0.00571429
       7       -17.2948     0.00571429
       8       -17.2823     0.00571429
       9       -4.81168     0.00571429
      10       -4.64088     0.00571429
      11       -4.49871     0.00571429
      12       -4.41618     0.00571429
      13        6.39452     0.00571429
      14        6.72342     0.00571429
      15        7.72544     0.00571429
      16        7.96916     0.00571429
      17        8.01567     0.00571429
      18        8.77560     0.00571429
      19        9.89241     0.00571429
      20        10.5876     0.00571429
      21        10.6170     0.00571429
      22        10.9540     0.00571429
      23        11.0390     0.00571429
      24        11.3563     0.00571429
      25        17.1399        0.00000
      26        17.4137        0.00000
      27        17.5774        0.00000
      28        17.8126        0.00000
      29        19.2738        0.00000
      30        19.7972        0.00000
      31        19.9317        0.00000
      32        20.4261        0.00000
      33        20.7760        0.00000
      34        21.2277        0.00000

 128/352 kpoint (Cartesian) = 0.14059 0.084352 -0.027821 (7404 pws)
       1       -47.6630     0.00571429
       2       -47.6420     0.00571429
       3       -17.5990     0.00571429
       4       -17.5914     0.00571429
       5       -17.3693     0.00571429
       6       -17.3598     0.00571429
       7       -17.2995     0.00571429
       8       -17.2886     0.00571429
       9       -4.66963     0.00571429
      10       -4.66241     0.00571429
      11       -4.48031     0.00571429
      12       -4.47499     0.00571429
      13        6.41245     0.00571429
      14        6.41988     0.00571429
      15        7.98600     0.00571429
      16        7.99918     0.00571429
      17        8.37468     0.00571429
      18        8.37928     0.00571429
      19        10.2707     0.00571429
      20        10.2759     0.00571429
      21        10.8515     0.00571429
      22        10.8587     0.00571429
      23        11.1495     0.00571429
      24        11.1543     0.00571429
      25        17.2179        0.00000
      26        17.2452        0.00000
      27        17.7267        0.00000
      28        17.7330        0.00000
      29        19.4064        0.00000
      30        19.4369        0.00000
      31        20.1272        0.00000
      32        20.1443        0.00000
      33        20.9745        0.00000
      34        21.0060        0.00000

 129/352 kpoint (Cartesian) = 0.11247 0.084352 -0.027821 (7404 pws)
       1       -47.6637     0.00571429
       2       -47.6425     0.00571429
       3       -17.5799     0.00571429
       4       -17.5656     0.00571429
       5       -17.4107     0.00571429
       6       -17.3345     0.00571429
       7       -17.2945     0.00571429
       8       -17.2826     0.00571429
       9       -4.80907     0.00571429
      10       -4.64366     0.00571429
      11       -4.49902     0.00571429
      12       -4.41588     0.00571429
      13        6.39483     0.00571429
      14        6.72308     0.00571429
      15        7.72651     0.00571429
      16        7.96947     0.00571429
      17        8.01801     0.00571429
      18        8.77222     0.00571429
      19        9.89433     0.00571429
      20        10.5882     0.00571429
      21        10.6172     0.00571429
      22        10.9479     0.00571429
      23        11.0417     0.00571429
      24        11.3563     0.00571429
      25        17.1396        0.00000
      26        17.4156        0.00000
      27        17.5768        0.00000
      28        17.8117        0.00000
      29        19.2747        0.00000
      30        19.7966        0.00000
      31        19.9314        0.00000
      32        20.4240        0.00000
      33        20.7833        0.00000
      34        21.2203        0.00000

 130/352 kpoint (Cartesian) = 0.084352 0.084352 -0.027821 (7400 pws)
       1       -47.6656     0.00571429
       2       -47.6437     0.00571429
       3       -17.5302     0.00571429
       4       -17.5071     0.00571429
       5       -17.4574     0.00571429
       6       -17.3212     0.00571429
       7       -17.2801     0.00571429
       8       -17.2656     0.00571429
       9       -5.10229     0.00571429
      10       -4.62823     0.00571429
      11       -4.46335     0.00571429
      12       -4.38211     0.00571429
      13        6.64128     0.00571429
      14        7.25529     0.00571429
      15        7.30422     0.00571429
      16        7.73337     0.00571429
      17        7.77596     0.00571429
      18        9.12559     0.00571429
      19        9.58547     0.00571429
      20        10.0808     0.00571429
      21        10.6857     0.00571429
      22        11.0013     0.00571429
      23        11.2129     0.00571429
      24        11.4320     0.00571429
      25        17.1932        0.00000
      26        17.4280        0.00000
      27        17.5303        0.00000
      28        17.7632        0.00000
      29        19.4018        0.00000
      30        19.8036        0.00000
      31        20.0459        0.00000
      32        20.7288        0.00000
      33        20.8217        0.00000
      34        21.5023        0.00000

 131/352 kpoint (Cartesian) = 0.056235 0.084352 -0.027821 (7399 pws)
       1       -47.6678     0.00571429
       2       -47.6452     0.00571429
       3       -17.5192     0.00571429
       4       -17.4578     0.00571429
       5       -17.4495     0.00571429
       6       -17.3003     0.00571429
       7       -17.2525     0.00571429
       8       -17.2467     0.00571429
       9       -5.41365     0.00571429
      10       -4.65845     0.00571429
      11       -4.50869     0.00571429
      12       -4.24965     0.00571429
      13        6.89361     0.00571429
      14        7.08916     0.00571429
      15        7.45628     0.00571429
      16        7.52278     0.00571429
      17        8.10427     0.00571429
      18        9.19123     0.00571429
      19        9.46826     0.00571429
      20        9.53664     0.00571429
      21        10.6569     0.00571429
      22        11.0015     0.00571429
      23        11.2369     0.00571429
      24        11.4079     0.00571429
      25        17.2040        0.00000
      26        17.3493        0.00000
      27        17.4970        0.00000
      28        17.6703        0.00000
      29        19.4216        0.00000
      30        19.9181        0.00000
      31        20.0189        0.00000
      32        20.8298        0.00000
      33        21.3172        0.00000
      34        21.5076        0.00000

 132/352 kpoint (Cartesian) = 0.028117 0.084352 -0.027821 (7396 pws)
       1       -47.6697     0.00571429
       2       -47.6464     0.00571429
       3       -17.5463     0.00571429
       4       -17.4367     0.00571429
       5       -17.4147     0.00571429
       6       -17.2680     0.00571429
       7       -17.2420     0.00571429
       8       -17.2052     0.00571429
       9       -5.64567     0.00571429
      10       -4.76234     0.00571429
      11       -4.48303     0.00571429
      12       -4.14313     0.00571429
      13        6.66937     0.00571429
      14        7.15775     0.00571429
      15        7.48929     0.00571429
      16        7.69484     0.00571429
      17        8.69408     0.00571429
      18        8.94312     0.00571429
      19        9.13260     0.00571429
      20        9.70742     0.00571429
      21        10.5217     0.00571429
      22        10.8614     0.00571429
      23        11.0715     0.00571429
      24        11.4016     0.00571429
      25        16.9734        0.00000
      26        17.2918        0.00000
      27        17.4208        0.00000
      28        17.7838        0.00000
      29        19.2398        0.00000
      30        19.9056        0.00000
      31        20.3016        0.00000
      32        20.9717        0.00000
      33        21.2962        0.00000
      34        21.9496        0.00000

 133/352 kpoint (Cartesian) = 0.0000 0.056235 -0.027821 (7401 pws)
       1       -47.6733     0.00571429
       2       -47.6478     0.00571429
       3       -17.5851     0.00571429
       4       -17.3685     0.00571429
       5       -17.3173     0.00571429
       6       -17.2646     0.00571429
       7       -17.2120     0.00571429
       8       -17.1771     0.00571429
       9       -6.06599     0.00571429
      10       -4.75009     0.00571429
      11       -4.53940     0.00571429
      12       -3.95517     0.00571429
      13        6.29183     0.00571429
      14        6.99476     0.00571429
      15        7.20743     0.00571429
      16        7.90250     0.00571429
      17        8.28787     0.00571429
      18        8.58734     0.00571429
      19        10.0056     0.00571429
      20        10.1154     0.00571429
      21        10.7937     0.00571429
      22        10.8392     0.00571429
      23        11.0053     0.00571429
      24        11.4299     0.00571429
      25        16.7685        0.00000
      26        17.0300        0.00000
      27        17.4471        0.00000
      28        17.8818        0.00000
      29        18.9911        0.00000
      30        19.7861        0.00000
      31        20.3346        0.00000
      32        20.9652        0.00000
      33        21.7118        0.00000
      34        22.4719        0.00000

 134/352 kpoint (Cartesian) = 0.028117 -0.056235 0.027821 (7404 pws)
       1       -47.6725     0.00571429
       2       -47.6474     0.00571429
       3       -17.5727     0.00571429
       4       -17.3772     0.00571429
       5       -17.3285     0.00571429
       6       -17.2792     0.00571429
       7       -17.2156     0.00571429
       8       -17.1967     0.00571429
       9       -5.97852     0.00571429
      10       -4.70710     0.00571429
      11       -4.55639     0.00571429
      12       -3.99893     0.00571429
      13        6.34885     0.00571429
      14        7.05320     0.00571429
      15        7.20580     0.00571429
      16        7.91206     0.00571429
      17        8.25421     0.00571429
      18        8.75073     0.00571429
      19        9.62114     0.00571429
      20        10.0080     0.00571429
      21        10.7471     0.00571429
      22        10.9032     0.00571429
      23        11.2172     0.00571429
      24        11.4421     0.00571429
      25        16.8944        0.00000
      26        17.0687        0.00000
      27        17.4810        0.00000
      28        17.8224        0.00000
      29        19.1541        0.00000
      30        19.8067        0.00000
      31        20.2039        0.00000
      32        20.8856        0.00000
      33        21.6987        0.00000
      34        22.1333        0.00000

 135/352 kpoint (Cartesian) = 0.056235 -0.056235 0.027821 (7403 pws)
       1       -47.6704     0.00571429
       2       -47.6464     0.00571429
       3       -17.5394     0.00571429
       4       -17.4171     0.00571429
       5       -17.3719     0.00571429
       6       -17.2989     0.00571429
       7       -17.2330     0.00571429
       8       -17.2258     0.00571429
       9       -5.74020     0.00571429
      10       -4.60963     0.00571429
      11       -4.59672     0.00571429
      12       -4.11226     0.00571429
      13        6.54570     0.00571429
      14        7.18041     0.00571429
      15        7.30107     0.00571429
      16        7.55776     0.00571429
      17        8.65282     0.00571429
      18        8.78900     0.00571429
      19        9.22501     0.00571429
      20        9.73762     0.00571429
      21        10.7224     0.00571429
      22        10.9754     0.00571429
      23        11.3861     0.00571429
      24        11.4155     0.00571429
      25        17.1358        0.00000
      26        17.2002        0.00000
      27        17.5128        0.00000
      28        17.7091        0.00000
      29        19.5134        0.00000
      30        19.8768        0.00000
      31        19.8971        0.00000
      32        20.8424        0.00000
      33        21.6018        0.00000
      34        21.6303        0.00000

 136/352 kpoint (Cartesian) = 0.084352 -0.056235 0.027821 (7399 pws)
       1       -47.6678     0.00571429
       2       -47.6452     0.00571429
       3       -17.5170     0.00571429
       4       -17.4586     0.00571429
       5       -17.4490     0.00571429
       6       -17.3007     0.00571429
       7       -17.2527     0.00571429
       8       -17.2469     0.00571429
       9       -5.41724     0.00571429
      10       -4.66084     0.00571429
      11       -4.50837     0.00571429
      12       -4.24752     0.00571429
      13        6.89505     0.00571429
      14        7.08994     0.00571429
      15        7.45208     0.00571429
      16        7.51745     0.00571429
      17        8.10826     0.00571429
      18        9.18216     0.00571429
      19        9.47062     0.00571429
      20        9.53774     0.00571429
      21        10.6656     0.00571429
      22        11.0066     0.00571429
      23        11.2314     0.00571429
      24        11.4118     0.00571429
      25        17.2014        0.00000
      26        17.3544        0.00000
      27        17.4932        0.00000
      28        17.6665        0.00000
      29        19.4232        0.00000
      30        19.9299        0.00000
      31        20.0290        0.00000
      32        20.8238        0.00000
      33        21.3252        0.00000
      34        21.5081        0.00000

 137/352 kpoint (Cartesian) = 0.11247 -0.056235 0.027821 (7408 pws)
       1       -47.6657     0.00571429
       2       -47.6443     0.00571429
       3       -17.5569     0.00571429
       4       -17.5284     0.00571429
       5       -17.4097     0.00571429
       6       -17.3081     0.00571429
       7       -17.2735     0.00571429
       8       -17.2574     0.00571429
       9       -5.09921     0.00571429
      10       -4.73410     0.00571429
      11       -4.46744     0.00571429
      12       -4.35172     0.00571429
      13        6.92583     0.00571429
      14        7.24185     0.00571429
      15        7.36127     0.00571429
      16        7.73848     0.00571429
      17        7.98565     0.00571429
      18        8.80520     0.00571429
      19        9.71159     0.00571429
      20        10.1269     0.00571429
      21        10.4480     0.00571429
      22        10.9336     0.00571429
      23        11.0923     0.00571429
      24        11.3082     0.00571429
      25        17.1705        0.00000
      26        17.3150        0.00000
      27        17.5176        0.00000
      28        17.6404        0.00000
      29        19.2249        0.00000
      30        19.7613        0.00000
      31        20.3003        0.00000
      32        20.8140        0.00000
      33        21.1308        0.00000
      34        21.3386        0.00000

 138/352 kpoint (Cartesian) = 0.14059 0.056235 -0.027821 (7414 pws)
       1       -47.6649     0.00571429
       2       -47.6439     0.00571429
       3       -17.5730     0.00571429
       4       -17.5614     0.00571429
       5       -17.3589     0.00571429
       6       -17.3453     0.00571429
       7       -17.2741     0.00571429
       8       -17.2621     0.00571429
       9       -4.86920     0.00571429
      10       -4.86183     0.00571429
      11       -4.42757     0.00571429
      12       -4.42480     0.00571429
      13        6.98588     0.00571429
      14        6.99126     0.00571429
      15        7.66469     0.00571429
      16        7.67472     0.00571429
      17        8.34673     0.00571429
      18        8.35248     0.00571429
      19        10.0572     0.00571429
      20        10.0600     0.00571429
      21        10.6234     0.00571429
      22        10.6289     0.00571429
      23        11.1705     0.00571429
      24        11.1767     0.00571429
      25        17.1910        0.00000
      26        17.2014        0.00000
      27        17.5822        0.00000
      28        17.5932        0.00000
      29        19.3504        0.00000
      30        19.3762        0.00000
      31        20.6474        0.00000
      32        20.6801        0.00000
      33        21.1366        0.00000
      34        21.1579        0.00000

 139/352 kpoint (Cartesian) = 0.11247 0.056235 -0.027821 (7408 pws)
       1       -47.6657     0.00571429
       2       -47.6443     0.00571429
       3       -17.5569     0.00571429
       4       -17.5282     0.00571429
       5       -17.4098     0.00571429
       6       -17.3080     0.00571429
       7       -17.2735     0.00571429
       8       -17.2575     0.00571429
       9       -5.09600     0.00571429
      10       -4.73856     0.00571429
      11       -4.46491     0.00571429
      12       -4.35323     0.00571429
      13        6.92526     0.00571429
      14        7.24414     0.00571429
      15        7.36089     0.00571429
      16        7.74467     0.00571429
      17        7.98119     0.00571429
      18        8.79951     0.00571429
      19        9.71614     0.00571429
      20        10.1303     0.00571429
      21        10.4468     0.00571429
      22        10.9289     0.00571429
      23        11.0912     0.00571429
      24        11.3092     0.00571429
      25        17.1674        0.00000
      26        17.3216        0.00000
      27        17.5169        0.00000
      28        17.6392        0.00000
      29        19.2235        0.00000
      30        19.7588        0.00000
      31        20.3053        0.00000
      32        20.8213        0.00000
      33        21.1287        0.00000
      34        21.3305        0.00000

 140/352 kpoint (Cartesian) = 0.084352 0.056235 -0.027821 (7399 pws)
       1       -47.6678     0.00571429
       2       -47.6452     0.00571429
       3       -17.5169     0.00571429
       4       -17.4585     0.00571429
       5       -17.4492     0.00571429
       6       -17.3006     0.00571429
       7       -17.2528     0.00571429
       8       -17.2471     0.00571429
       9       -5.41516     0.00571429
      10       -4.66408     0.00571429
      11       -4.50701     0.00571429
      12       -4.24807     0.00571429
      13        6.89597     0.00571429
      14        7.08781     0.00571429
      15        7.45461     0.00571429
      16        7.52355     0.00571429
      17        8.10203     0.00571429
      18        9.17592     0.00571429
      19        9.46851     0.00571429
      20        9.54998     0.00571429
      21        10.6652     0.00571429
      22        11.0012     0.00571429
      23        11.2308     0.00571429
      24        11.4123     0.00571429
      25        17.2048        0.00000
      26        17.3480        0.00000
      27        17.4985        0.00000
      28        17.6655        0.00000
      29        19.4225        0.00000
      30        19.9240        0.00000
      31        20.0305        0.00000
      32        20.8324        0.00000
      33        21.3327        0.00000
      34        21.5043        0.00000

 141/352 kpoint (Cartesian) = 0.056235 0.056235 -0.027821 (7403 pws)
       1       -47.6704     0.00571429
       2       -47.6464     0.00571429
       3       -17.5392     0.00571429
       4       -17.4173     0.00571429
       5       -17.3717     0.00571429
       6       -17.2988     0.00571429
       7       -17.2329     0.00571429
       8       -17.2262     0.00571429
       9       -5.73895     0.00571429
      10       -4.60958     0.00571429
      11       -4.59825     0.00571429
      12       -4.11233     0.00571429
      13        6.54593     0.00571429
      14        7.17982     0.00571429
      15        7.30345     0.00571429
      16        7.55899     0.00571429
      17        8.64518     0.00571429
      18        8.79077     0.00571429
      19        9.23154     0.00571429
      20        9.73848     0.00571429
      21        10.7214     0.00571429
      22        10.9719     0.00571429
      23        11.3846     0.00571429
      24        11.4161     0.00571429
      25        17.1383        0.00000
      26        17.1963        0.00000
      27        17.5147        0.00000
      28        17.7095        0.00000
      29        19.5052        0.00000
      30        19.8796        0.00000
      31        19.8988        0.00000
      32        20.8447        0.00000
      33        21.6208        0.00000
      34        21.6300        0.00000

 142/352 kpoint (Cartesian) = 0.028117 0.056235 -0.027821 (7404 pws)
       1       -47.6725     0.00571429
       2       -47.6474     0.00571429
       3       -17.5726     0.00571429
       4       -17.3772     0.00571429
       5       -17.3285     0.00571429
       6       -17.2790     0.00571429
       7       -17.2155     0.00571429
       8       -17.1970     0.00571429
       9       -5.97794     0.00571429
      10       -4.70692     0.00571429
      11       -4.55735     0.00571429
      12       -3.99891     0.00571429
      13        6.34884     0.00571429
      14        7.05336     0.00571429
      15        7.20722     0.00571429
      16        7.91038     0.00571429
      17        8.25575     0.00571429
      18        8.74843     0.00571429
      19        9.62687     0.00571429
      20        10.0070     0.00571429
      21        10.7450     0.00571429
      22        10.9026     0.00571429
      23        11.2150     0.00571429
      24        11.4427     0.00571429
      25        16.8921        0.00000
      26        17.0705        0.00000
      27        17.4811        0.00000
      28        17.8233        0.00000
      29        19.1494        0.00000
      30        19.8079        0.00000
      31        20.2064        0.00000
      32        20.8872        0.00000
      33        21.6968        0.00000
      34        22.1500        0.00000

 143/352 kpoint (Cartesian) = 0.0000 -0.028117 0.027821 (7406 pws)
       1       -47.6756     0.00571429
       2       -47.6486     0.00571429
       3       -17.6167     0.00571429
       4       -17.3066     0.00571429
       5       -17.2753     0.00571429
       6       -17.2432     0.00571429
       7       -17.1891     0.00571429
       8       -17.1732     0.00571429
       9       -6.31053     0.00571429
      10       -4.75747     0.00571429
      11       -4.57140     0.00571429
      12       -3.83419     0.00571429
      13        6.20091     0.00571429
      14        6.90246     0.00571429
      15        7.01608     0.00571429
      16        7.29683     0.00571429
      17        8.48048     0.00571429
      18        8.57542     0.00571429
      19        10.3166     0.00571429
      20        10.3638     0.00571429
      21        10.7492     0.00571429
      22        11.1107     0.00571429
      23        11.3116     0.00571429
      24        11.4707     0.00571429
      25        16.5496        0.00000
      26        16.6553        0.00000
      27        17.5405        0.00000
      28        17.9041        0.00000
      29        18.4957        0.00000
      30        19.7086        0.00000
      31        20.6814        0.00000
      32        20.9099        0.00000
      33        22.3150        0.00000
      34        22.5889        0.00000

 144/352 kpoint (Cartesian) = 0.028117 -0.028117 0.027821 (7403 pws)
       1       -47.6747     0.00571429
       2       -47.6483     0.00571429
       3       -17.6044     0.00571429
       4       -17.3199     0.00571429
       5       -17.2865     0.00571429
       6       -17.2581     0.00571429
       7       -17.1927     0.00571429
       8       -17.1887     0.00571429
       9       -6.22214     0.00571429
      10       -4.73076     0.00571429
      11       -4.57711     0.00571429
      12       -3.87982     0.00571429
      13        6.21557     0.00571429
      14        6.94416     0.00571429
      15        7.03860     0.00571429
      16        7.57413     0.00571429
      17        8.28751     0.00571429
      18        8.68056     0.00571429
      19        10.1250     0.00571429
      20        10.2495     0.00571429
      21        10.8052     0.00571429
      22        10.9509     0.00571429
      23        11.3286     0.00571429
      24        11.4807     0.00571429
      25        16.6694        0.00000
      26        16.7747        0.00000
      27        17.5436        0.00000
      28        17.8759        0.00000
      29        18.6978        0.00000
      30        19.7349        0.00000
      31        20.5060        0.00000
      32        20.8791        0.00000
      33        22.2567        0.00000
      34        22.2860        0.00000

 145/352 kpoint (Cartesian) = 0.056235 -0.028117 0.027821 (7404 pws)
       1       -47.6725     0.00571429
       2       -47.6474     0.00571429
       3       -17.5724     0.00571429
       4       -17.3768     0.00571429
       5       -17.3282     0.00571429
       6       -17.2791     0.00571429
       7       -17.2144     0.00571429
       8       -17.1981     0.00571429
       9       -5.98061     0.00571429
      10       -4.71257     0.00571429
      11       -4.55311     0.00571429
      12       -3.99761     0.00571429
      13        6.35232     0.00571429
      14        7.05063     0.00571429
      15        7.20110     0.00571429
      16        7.91095     0.00571429
      17        8.25427     0.00571429
      18        8.75162     0.00571429
      19        9.62720     0.00571429
      20        10.0012     0.00571429
      21        10.7531     0.00571429
      22        10.9059     0.00571429
      23        11.2152     0.00571429
      24        11.4426     0.00571429
      25        16.8904        0.00000
      26        17.0681        0.00000
      27        17.4797        0.00000
      28        17.8193        0.00000
      29        19.1617        0.00000
      30        19.8063        0.00000
      31        20.2053        0.00000
      32        20.8969        0.00000
      33        21.6790        0.00000
      34        22.1558        0.00000

 146/352 kpoint (Cartesian) = 0.084352 -0.028117 0.027821 (7396 pws)
       1       -47.6697     0.00571429
       2       -47.6465     0.00571429
       3       -17.5447     0.00571429
       4       -17.4365     0.00571429
       5       -17.4137     0.00571429
       6       -17.2683     0.00571429
       7       -17.2414     0.00571429
       8       -17.2062     0.00571429
       9       -5.65093     0.00571429
      10       -4.76863     0.00571429
      11       -4.48108     0.00571429
      12       -4.14008     0.00571429
      13        6.67195     0.00571429
      14        7.15341     0.00571429
      15        7.48106     0.00571429
      16        7.69693     0.00571429
      17        8.69830     0.00571429
      18        8.93552     0.00571429
      19        9.13556     0.00571429
      20        9.70417     0.00571429
      21        10.5361     0.00571429
      22        10.8606     0.00571429
      23        11.0742     0.00571429
      24        11.4013     0.00571429
      25        16.9760        0.00000
      26        17.2932        0.00000
      27        17.4109        0.00000
      28        17.7769        0.00000
      29        19.2522        0.00000
      30        19.9136        0.00000
      31        20.3084        0.00000
      32        20.9785        0.00000
      33        21.2970        0.00000
      34        21.9572        0.00000

 147/352 kpoint (Cartesian) = 0.11247 -0.028117 0.027821 (7404 pws)
       1       -47.6673     0.00571429
       2       -47.6457     0.00571429
       3       -17.5582     0.00571429
       4       -17.5140     0.00571429
       5       -17.3980     0.00571429
       6       -17.2887     0.00571429
       7       -17.2475     0.00571429
       8       -17.2156     0.00571429
       9       -5.31778     0.00571429
      10       -4.87490     0.00571429
      11       -4.42282     0.00571429
      12       -4.26267     0.00571429
      13        7.02344     0.00571429
      14        7.18883     0.00571429
      15        7.64358     0.00571429
      16        7.85601     0.00571429
      17        8.42588     0.00571429
      18        8.77747     0.00571429
      19        9.51807     0.00571429
      20        9.68508     0.00571429
      21        10.1457     0.00571429
      22        10.6128     0.00571429
      23        11.1476     0.00571429
      24        11.3337     0.00571429
      25        16.9463        0.00000
      26        17.1269        0.00000
      27        17.5691        0.00000
      28        17.7423        0.00000
      29        19.1127        0.00000
      30        19.7341        0.00000
      31        20.6623        0.00000
      32        20.9883        0.00000
      33        21.3374        0.00000
      34        21.7234        0.00000

 148/352 kpoint (Cartesian) = 0.14059 -0.028117 0.027821 (7414 pws)
       1       -47.6664     0.00571429
       2       -47.6455     0.00571429
       3       -17.5653     0.00571429
       4       -17.5527     0.00571429
       5       -17.3481     0.00571429
       6       -17.3361     0.00571429
       7       -17.2385     0.00571429
       8       -17.2230     0.00571429
       9       -5.05603     0.00571429
      10       -5.04629     0.00571429
      11       -4.35877     0.00571429
      12       -4.35566     0.00571429
      13        7.14967     0.00571429
      14        7.16032     0.00571429
      15        7.92830     0.00571429
      16        7.93868     0.00571429
      17        8.38534     0.00571429
      18        8.39261     0.00571429
      19        9.74457     0.00571429
      20        9.75025     0.00571429
      21        10.2137     0.00571429
      22        10.2190     0.00571429
      23        11.2483     0.00571429
      24        11.2540     0.00571429
      25        16.9645        0.00000
      26        16.9744        0.00000
      27        17.6683        0.00000
      28        17.6895        0.00000
      29        19.2946        0.00000
      30        19.3167        0.00000
      31        20.9494        0.00000
      32        20.9865        0.00000
      33        21.4430        0.00000
      34        21.4637        0.00000

 149/352 kpoint (Cartesian) = 0.11247 0.028117 -0.027821 (7404 pws)
       1       -47.6673     0.00571429
       2       -47.6457     0.00571429
       3       -17.5582     0.00571429
       4       -17.5137     0.00571429
       5       -17.3980     0.00571429
       6       -17.2890     0.00571429
       7       -17.2475     0.00571429
       8       -17.2157     0.00571429
       9       -5.31423     0.00571429
      10       -4.87935     0.00571429
      11       -4.42043     0.00571429
      12       -4.26443     0.00571429
      13        7.02239     0.00571429
      14        7.19035     0.00571429
      15        7.64545     0.00571429
      16        7.86370     0.00571429
      17        8.41601     0.00571429
      18        8.77207     0.00571429
      19        9.52221     0.00571429
      20        9.69308     0.00571429
      21        10.1428     0.00571429
      22        10.6088     0.00571429
      23        11.1448     0.00571429
      24        11.3357     0.00571429
      25        16.9431        0.00000
      26        17.1328        0.00000
      27        17.5761        0.00000
      28        17.7354        0.00000
      29        19.1099        0.00000
      30        19.7318        0.00000
      31        20.6743        0.00000
      32        20.9877        0.00000
      33        21.3372        0.00000
      34        21.7177        0.00000

 150/352 kpoint (Cartesian) = 0.084352 0.028117 -0.027821 (7396 pws)
       1       -47.6697     0.00571429
       2       -47.6465     0.00571429
       3       -17.5444     0.00571429
       4       -17.4361     0.00571429
       5       -17.4141     0.00571429
       6       -17.2682     0.00571429
       7       -17.2418     0.00571429
       8       -17.2062     0.00571429
       9       -5.64845     0.00571429
      10       -4.77192     0.00571429
      11       -4.47983     0.00571429
      12       -4.14092     0.00571429
      13        6.67176     0.00571429
      14        7.15447     0.00571429
      15        7.48605     0.00571429
      16        7.69791     0.00571429
      17        8.68795     0.00571429
      18        8.93503     0.00571429
      19        9.13684     0.00571429
      20        9.71219     0.00571429
      21        10.5350     0.00571429
      22        10.8557     0.00571429
      23        11.0723     0.00571429
      24        11.4029     0.00571429
      25        16.9757        0.00000
      26        17.2938        0.00000
      27        17.4170        0.00000
      28        17.7739        0.00000
      29        19.2478        0.00000
      30        19.9088        0.00000
      31        20.3156        0.00000
      32        20.9848        0.00000
      33        21.3086        0.00000
      34        21.9513        0.00000

 151/352 kpoint (Cartesian) = 0.056235 0.028117 -0.027821 (7404 pws)
       1       -47.6725     0.00571429
       2       -47.6474     0.00571429
       3       -17.5721     0.00571429
       4       -17.3769     0.00571429
       5       -17.3279     0.00571429
       6       -17.2791     0.00571429
       7       -17.2150     0.00571429
       8       -17.1980     0.00571429
       9       -5.97906     0.00571429
      10       -4.71382     0.00571429
      11       -4.55351     0.00571429
      12       -3.99788     0.00571429
      13        6.35182     0.00571429
      14        7.05309     0.00571429
      15        7.20347     0.00571429
      16        7.91020     0.00571429
      17        8.25589     0.00571429
      18        8.74466     0.00571429
      19        9.63000     0.00571429
      20        10.0045     0.00571429
      21        10.7525     0.00571429
      22        10.9017     0.00571429
      23        11.2143     0.00571429
      24        11.4433     0.00571429
      25        16.8923        0.00000
      26        17.0661        0.00000
      27        17.4815        0.00000
      28        17.8197        0.00000
      29        19.1537        0.00000
      30        19.8100        0.00000
      31        20.2095        0.00000
      32        20.8995        0.00000
      33        21.6989        0.00000
      34        22.1504        0.00000

 152/352 kpoint (Cartesian) = 0.028117 0.028117 -0.027821 (7403 pws)
       1       -47.6747     0.00571429
       2       -47.6483     0.00571429
       3       -17.6043     0.00571429
       4       -17.3200     0.00571429
       5       -17.2864     0.00571429
       6       -17.2578     0.00571429
       7       -17.1930     0.00571429
       8       -17.1889     0.00571429
       9       -6.22140     0.00571429
      10       -4.73058     0.00571429
      11       -4.57819     0.00571429
      12       -3.87988     0.00571429
      13        6.21488     0.00571429
      14        6.94668     0.00571429
      15        7.03998     0.00571429
      16        7.57286     0.00571429
      17        8.28757     0.00571429
      18        8.67815     0.00571429
      19        10.1278     0.00571429
      20        10.2506     0.00571429
      21        10.8018     0.00571429
      22        10.9514     0.00571429
      23        11.3274     0.00571429
      24        11.4811     0.00571429
      25        16.6702        0.00000
      26        16.7737        0.00000
      27        17.5437        0.00000
      28        17.8770        0.00000
      29        18.6938        0.00000
      30        19.7377        0.00000
      31        20.5085        0.00000
      32        20.8806        0.00000
      33        22.2656        0.00000
      34        22.2901        0.00000

 153/352 kpoint (Cartesian) = 0.0000 0.0000 0.055642 (7403 pws)
       1       -47.6748     0.00571429
       2       -47.6505     0.00571429
       3       -17.5712     0.00571429
       4       -17.2919     0.00571429
       5       -17.2637     0.00571429
       6       -17.2635     0.00571429
       7       -17.1887     0.00571429
       8       -17.1879     0.00571429
       9       -6.14818     0.00571429
      10       -4.89616     0.00571429
      11       -4.64016     0.00571429
      12       -3.95350     0.00571429
      13        6.79257     0.00571429
      14        7.09938     0.00571429
      15        7.10609     0.00571429
      16        7.49880     0.00571429
      17        8.18239     0.00571429
      18        8.18403     0.00571429
      19        9.77428     0.00571429
      20        10.3731     0.00571429
      21        10.7155     0.00571429
      22        10.7300     0.00571429
      23        11.5423     0.00571429
      24        11.5529     0.00571429
      25        16.6728        0.00000
      26        16.7429        0.00000
      27        17.5638        0.00000
      28        17.6555        0.00000
      29        18.9318        0.00000
      30        20.4723        0.00000
      31        20.9926        0.00000
      32        21.0131        0.00000
      33        22.0514        0.00000
      34        22.2088        0.00000

 154/352 kpoint (Cartesian) = 0.028117 0.0000 0.055642 (7381 pws)
       1       -47.6741     0.00571429
       2       -47.6501     0.00571429
       3       -17.5664     0.00571429
       4       -17.3177     0.00571429
       5       -17.2816     0.00571429
       6       -17.2607     0.00571429
       7       -17.1964     0.00571429
       8       -17.1891     0.00571429
       9       -6.07344     0.00571429
      10       -4.88917     0.00571429
      11       -4.61950     0.00571429
      12       -3.98629     0.00571429
      13        6.71650     0.00571429
      14        7.15158     0.00571429
      15        7.18108     0.00571429
      16        7.72633     0.00571429
      17        8.16423     0.00571429
      18        8.18813     0.00571429
      19        9.83819     0.00571429
      20        10.3409     0.00571429
      21        10.6372     0.00571429
      22        10.6508     0.00571429
      23        11.3738     0.00571429
      24        11.4404     0.00571429
      25        16.7974        0.00000
      26        16.8236        0.00000
      27        17.5720        0.00000
      28        17.6531        0.00000
      29        19.0391        0.00000
      30        20.3814        0.00000
      31        20.7321        0.00000
      32        21.0276        0.00000
      33        21.8341        0.00000
      34        22.2380        0.00000

 155/352 kpoint (Cartesian) = 0.056235 0.0000 0.055642 (7405 pws)
       1       -47.6722     0.00571429
       2       -47.6489     0.00571429
       3       -17.5610     0.00571429
       4       -17.3835     0.00571429
       5       -17.3298     0.00571429
       6       -17.2523     0.00571429
       7       -17.2100     0.00571429
       8       -17.1907     0.00571429
       9       -5.87376     0.00571429
      10       -4.91170     0.00571429
      11       -4.53428     0.00571429
      12       -4.06731     0.00571429
      13        6.74001     0.00571429
      14        7.25700     0.00571429
      15        7.30420     0.00571429
      16        8.09363     0.00571429
      17        8.20062     0.00571429
      18        8.28177     0.00571429
      19        9.96037     0.00571429
      20        10.1242     0.00571429
      21        10.4284     0.00571429
      22        10.5732     0.00571429
      23        10.9432     0.00571429
      24        11.2483     0.00571429
      25        16.9286        0.00000
      26        17.0349        0.00000
      27        17.5384        0.00000
      28        17.6769        0.00000
      29        19.2552        0.00000
      30        19.9966        0.00000
      31        20.7145        0.00000
      32        21.0828        0.00000
      33        21.5586        0.00000
      34        22.2214        0.00000

 156/352 kpoint (Cartesian) = 0.084352 0.0000 0.055642 (7412 pws)
       1       -47.6697     0.00571429
       2       -47.6476     0.00571429
       3       -17.5772     0.00571429
       4       -17.4758     0.00571429
       5       -17.3507     0.00571429
       6       -17.2404     0.00571429
       7       -17.2272     0.00571429
       8       -17.1941     0.00571429
       9       -5.61680     0.00571429
      10       -4.98241     0.00571429
      11       -4.41120     0.00571429
      12       -4.15355     0.00571429
      13        6.94578     0.00571429
      14        7.30462     0.00571429
      15        7.53630     0.00571429
      16        8.10904     0.00571429
      17        8.21073     0.00571429
      18        8.84897     0.00571429
      19        9.58151     0.00571429
      20        10.1550     0.00571429
      21        10.2440     0.00571429
      22        10.4553     0.00571429
      23        10.5186     0.00571429
      24        11.1138     0.00571429
      25        16.9122        0.00000
      26        17.2128        0.00000
      27        17.4136        0.00000
      28        17.7144        0.00000
      29        19.2719        0.00000
      30        19.7099        0.00000
      31        20.8848        0.00000
      32        21.2176        0.00000
      33        21.5457        0.00000
      34        22.1395        0.00000

 157/352 kpoint (Cartesian) = 0.11247 0.0000 0.055642 (7410 pws)
       1       -47.6678     0.00571429
       2       -47.6465     0.00571429
       3       -17.6052     0.00571429
       4       -17.5591     0.00571429
       5       -17.3282     0.00571429
       6       -17.2534     0.00571429
       7       -17.2278     0.00571429
       8       -17.1996     0.00571429
       9       -5.38122     0.00571429
      10       -5.07942     0.00571429
      11       -4.31381     0.00571429
      12       -4.20955     0.00571429
      13        7.19586     0.00571429
      14        7.33649     0.00571429
      15        7.80548     0.00571429
      16        8.18283     0.00571429
      17        8.22792     0.00571429
      18        9.08485     0.00571429
      19        9.37288     0.00571429
      20        9.92369     0.00571429
      21        10.0640     0.00571429
      22        10.1208     0.00571429
      23        10.6953     0.00571429
      24        11.0291     0.00571429
      25        16.8739        0.00000
      26        17.1589        0.00000
      27        17.3595        0.00000
      28        17.6655        0.00000
      29        19.1761        0.00000
      30        19.5601        0.00000
      31        21.0778        0.00000
      32        21.4460        0.00000
      33        21.4781        0.00000
      34        21.9681        0.00000

 158/352 kpoint (Cartesian) = 0.14059 0.0000 0.055642 (7404 pws)
       1       -47.6670     0.00571429
       2       -47.6461     0.00571429
       3       -17.6095     0.00571429
       4       -17.6006     0.00571429
       5       -17.2932     0.00571429
       6       -17.2858     0.00571429
       7       -17.2208     0.00571429
       8       -17.2041     0.00571429
       9       -5.21085     0.00571429
      10       -5.19991     0.00571429
      11       -4.25385     0.00571429
      12       -4.25096     0.00571429
      13        7.31320     0.00571429
      14        7.32677     0.00571429
      15        8.03904     0.00571429
      16        8.05562     0.00571429
      17        8.58834     0.00571429
      18        8.59328     0.00571429
      19        9.79241     0.00571429
      20        9.79977     0.00571429
      21        9.86672     0.00571429
      22        9.87646     0.00571429
      23        10.9063     0.00571429
      24        10.9145     0.00571429
      25        16.9300        0.00000
      26        16.9421        0.00000
      27        17.5155        0.00000
      28        17.5308        0.00000
      29        19.3037        0.00000
      30        19.3235        0.00000
      31        21.3159        0.00000
      32        21.3376        0.00000
      33        21.7063        0.00000
      34        21.7345        0.00000

 159/352 kpoint (Cartesian) = 0.11247 0.0000 -0.055642 (7410 pws)
       1       -47.6678     0.00571429
       2       -47.6465     0.00571429
       3       -17.6050     0.00571429
       4       -17.5591     0.00571429
       5       -17.3279     0.00571429
       6       -17.2540     0.00571429
       7       -17.2278     0.00571429
       8       -17.1997     0.00571429
       9       -5.37494     0.00571429
      10       -5.08595     0.00571429
      11       -4.31117     0.00571429
      12       -4.21228     0.00571429
      13        7.19420     0.00571429
      14        7.33877     0.00571429
      15        7.81711     0.00571429
      16        8.16822     0.00571429
      17        8.23272     0.00571429
      18        9.08055     0.00571429
      19        9.37832     0.00571429
      20        9.93234     0.00571429
      21        10.0580     0.00571429
      22        10.1136     0.00571429
      23        10.6913     0.00571429
      24        11.0332     0.00571429
      25        16.8717        0.00000
      26        17.1643        0.00000
      27        17.3677        0.00000
      28        17.6583        0.00000
      29        19.1706        0.00000
      30        19.5601        0.00000
      31        21.0942        0.00000
      32        21.4511        0.00000
      33        21.4743        0.00000
      34        21.9612        0.00000

 160/352 kpoint (Cartesian) = 0.084352 0.0000 -0.055642 (7412 pws)
       1       -47.6697     0.00571429
       2       -47.6476     0.00571429
       3       -17.5769     0.00571429
       4       -17.4757     0.00571429
       5       -17.3506     0.00571429
       6       -17.2403     0.00571429
       7       -17.2278     0.00571429
       8       -17.1942     0.00571429
       9       -5.61203     0.00571429
      10       -4.98790     0.00571429
      11       -4.40921     0.00571429
      12       -4.15534     0.00571429
      13        6.94499     0.00571429
      14        7.30591     0.00571429
      15        7.54430     0.00571429
      16        8.11459     0.00571429
      17        8.19927     0.00571429
      18        8.85230     0.00571429
      19        9.57812     0.00571429
      20        10.1614     0.00571429
      21        10.2348     0.00571429
      22        10.4519     0.00571429
      23        10.5175     0.00571429
      24        11.1177     0.00571429
      25        16.9113        0.00000
      26        17.2190        0.00000
      27        17.4179        0.00000
      28        17.7099        0.00000
      29        19.2611        0.00000
      30        19.7129        0.00000
      31        20.8976        0.00000
      32        21.2225        0.00000
      33        21.5633        0.00000
      34        22.1322        0.00000

 161/352 kpoint (Cartesian) = -0.056235 0.0000 0.055642 (7405 pws)
       1       -47.6722     0.00571429
       2       -47.6489     0.00571429
       3       -17.5606     0.00571429
       4       -17.3834     0.00571429
       5       -17.3297     0.00571429
       6       -17.2522     0.00571429
       7       -17.2106     0.00571429
       8       -17.1908     0.00571429
       9       -5.87069     0.00571429
      10       -4.91573     0.00571429
      11       -4.53296     0.00571429
      12       -4.06814     0.00571429
      13        6.73816     0.00571429
      14        7.26046     0.00571429
      15        7.30912     0.00571429
      16        8.09761     0.00571429
      17        8.19310     0.00571429
      18        8.28281     0.00571429
      19        9.95447     0.00571429
      20        10.1229     0.00571429
      21        10.4323     0.00571429
      22        10.5708     0.00571429
      23        10.9414     0.00571429
      24        11.2515     0.00571429
      25        16.9287        0.00000
      26        17.0371        0.00000
      27        17.5399        0.00000
      28        17.6766        0.00000
      29        19.2414        0.00000
      30        20.0024        0.00000
      31        20.7276        0.00000
      32        21.0869        0.00000
      33        21.5797        0.00000
      34        22.2150        0.00000

 162/352 kpoint (Cartesian) = -0.028117 0.0000 0.055642 (7381 pws)
       1       -47.6741     0.00571429
       2       -47.6501     0.00571429
       3       -17.5662     0.00571429
       4       -17.3176     0.00571429
       5       -17.2814     0.00571429
       6       -17.2607     0.00571429
       7       -17.1969     0.00571429
       8       -17.1892     0.00571429
       9       -6.07197     0.00571429
      10       -4.89119     0.00571429
      11       -4.61894     0.00571429
      12       -3.98659     0.00571429
      13        6.71321     0.00571429
      14        7.15392     0.00571429
      15        7.18811     0.00571429
      16        7.72367     0.00571429
      17        8.16653     0.00571429
      18        8.18445     0.00571429
      19        9.83444     0.00571429
      20        10.3418     0.00571429
      21        10.6390     0.00571429
      22        10.6491     0.00571429
      23        11.3731     0.00571429
      24        11.4418     0.00571429
      25        16.7972        0.00000
      26        16.8239        0.00000
      27        17.5720        0.00000
      28        17.6546        0.00000
      29        19.0310        0.00000
      30        20.3849        0.00000
      31        20.7426        0.00000
      32        21.0301        0.00000
      33        21.8512        0.00000
      34        22.2341        0.00000

 163/352 kpoint (Cartesian) = 0.0000 0.028117 0.055642 (7381 pws)
       1       -47.6741     0.00571429
       2       -47.6501     0.00571429
       3       -17.5659     0.00571429
       4       -17.3180     0.00571429
       5       -17.2828     0.00571429
       6       -17.2604     0.00571429
       7       -17.1969     0.00571429
       8       -17.1883     0.00571429
       9       -6.07113     0.00571429
      10       -4.88805     0.00571429
      11       -4.62081     0.00571429
      12       -3.98777     0.00571429
      13        6.71435     0.00571429
      14        7.16021     0.00571429
      15        7.18507     0.00571429
      16        7.72269     0.00571429
      17        8.16197     0.00571429
      18        8.18651     0.00571429
      19        9.83441     0.00571429
      20        10.3397     0.00571429
      21        10.6391     0.00571429
      22        10.6526     0.00571429
      23        11.3625     0.00571429
      24        11.4489     0.00571429
      25        16.7991        0.00000
      26        16.8236        0.00000
      27        17.5736        0.00000
      28        17.6555        0.00000
      29        19.0298        0.00000
      30        20.3794        0.00000
      31        20.7606        0.00000
      32        21.0089        0.00000
      33        21.8640        0.00000
      34        22.2071        0.00000

 164/352 kpoint (Cartesian) = 0.028117 0.028117 0.055642 (7410 pws)
       1       -47.6734     0.00571429
       2       -47.6496     0.00571429
       3       -17.5598     0.00571429
       4       -17.3370     0.00571429
       5       -17.2938     0.00571429
       6       -17.2667     0.00571429
       7       -17.2075     0.00571429
       8       -17.1924     0.00571429
       9       -5.99564     0.00571429
      10       -4.86974     0.00571429
      11       -4.61025     0.00571429
      12       -4.02090     0.00571429
      13        6.71302     0.00571429
      14        7.14532     0.00571429
      15        7.24012     0.00571429
      16        7.94164     0.00571429
      17        8.08014     0.00571429
      18        8.27063     0.00571429
      19        9.87881     0.00571429
      20        10.2524     0.00571429
      21        10.4528     0.00571429
      22        10.6674     0.00571429
      23        11.1950     0.00571429
      24        11.4722     0.00571429
      25        16.8986        0.00000
      26        16.9076        0.00000
      27        17.5865        0.00000
      28        17.6406        0.00000
      29        19.1268        0.00000
      30        20.3929        0.00000
      31        20.4542        0.00000
      32        21.0761        0.00000
      33        21.7532        0.00000
      34        22.0661        0.00000

 165/352 kpoint (Cartesian) = 0.056235 0.028117 0.055642 (7403 pws)
       1       -47.6715     0.00571429
       2       -47.6485     0.00571429
       3       -17.5510     0.00571429
       4       -17.3919     0.00571429
       5       -17.3418     0.00571429
       6       -17.2641     0.00571429
       7       -17.2223     0.00571429
       8       -17.2013     0.00571429
       9       -5.79404     0.00571429
      10       -4.87088     0.00571429
      11       -4.54285     0.00571429
      12       -4.10284     0.00571429
      13        6.79188     0.00571429
      14        7.24907     0.00571429
      15        7.29626     0.00571429
      16        7.93365     0.00571429
      17        8.34106     0.00571429
      18        8.50884     0.00571429
      19        9.76660     0.00571429
      20        10.0853     0.00571429
      21        10.1813     0.00571429
      22        10.6836     0.00571429
      23        10.9623     0.00571429
      24        11.3385     0.00571429
      25        16.9979        0.00000
      26        17.1182        0.00000
      27        17.5549        0.00000
      28        17.6596        0.00000
      29        19.3215        0.00000
      30        19.9995        0.00000
      31        20.5097        0.00000
      32        21.1208        0.00000
      33        21.4878        0.00000
      34        22.0250        0.00000

 166/352 kpoint (Cartesian) = 0.084352 0.028117 0.055642 (7413 pws)
       1       -47.6691     0.00571429
       2       -47.6470     0.00571429
       3       -17.5660     0.00571429
       4       -17.4755     0.00571429
       5       -17.3660     0.00571429
       6       -17.2557     0.00571429
       7       -17.2325     0.00571429
       8       -17.2144     0.00571429
       9       -5.53537     0.00571429
      10       -4.92932     0.00571429
      11       -4.42716     0.00571429
      12       -4.18953     0.00571429
      13        7.01795     0.00571429
      14        7.31013     0.00571429
      15        7.46655     0.00571429
      16        7.86835     0.00571429
      17        8.38203     0.00571429
      18        9.09072     0.00571429
      19        9.25066     0.00571429
      20        9.92215     0.00571429
      21        10.2911     0.00571429
      22        10.6473     0.00571429
      23        10.6554     0.00571429
      24        11.1683     0.00571429
      25        16.9899        0.00000
      26        17.2786        0.00000
      27        17.4484        0.00000
      28        17.6813        0.00000
      29        19.3272        0.00000
      30        19.7352        0.00000
      31        20.6727        0.00000
      32        21.1626        0.00000
      33        21.5298        0.00000
      34        21.8931        0.00000

 167/352 kpoint (Cartesian) = 0.11247 0.028117 0.055642 (7415 pws)
       1       -47.6672     0.00571429
       2       -47.6459     0.00571429
       3       -17.5967     0.00571429
       4       -17.5554     0.00571429
       5       -17.3405     0.00571429
       6       -17.2607     0.00571429
       7       -17.2426     0.00571429
       8       -17.2222     0.00571429
       9       -5.30157     0.00571429
      10       -5.01703     0.00571429
      11       -4.33521     0.00571429
      12       -4.24222     0.00571429
      13        7.24498     0.00571429
      14        7.36417     0.00571429
      15        7.72352     0.00571429
      16        7.85441     0.00571429
      17        8.36327     0.00571429
      18        8.76471     0.00571429
      19        9.60693     0.00571429
      20        9.86180     0.00571429
      21        10.2908     0.00571429
      22        10.3256     0.00571429
      23        10.6846     0.00571429
      24        11.0307     0.00571429
      25        16.9823        0.00000
      26        17.2401        0.00000
      27        17.3891        0.00000
      28        17.6108        0.00000
      29        19.2045        0.00000
      30        19.5916        0.00000
      31        20.8575        0.00000
      32        21.2687        0.00000
      33        21.5652        0.00000
      34        21.7398        0.00000

 168/352 kpoint (Cartesian) = 0.14059 0.028117 0.055642 (7402 pws)
       1       -47.6664     0.00571429
       2       -47.6455     0.00571429
       3       -17.6038     0.00571429
       4       -17.5943     0.00571429
       5       -17.3032     0.00571429
       6       -17.2933     0.00571429
       7       -17.2392     0.00571429
       8       -17.2247     0.00571429
       9       -5.13840     0.00571429
      10       -5.12806     0.00571429
      11       -4.28081     0.00571429
      12       -4.27814     0.00571429
      13        7.34148     0.00571429
      14        7.35119     0.00571429
      15        7.91366     0.00571429
      16        7.92677     0.00571429
      17        8.40150     0.00571429
      18        8.40426     0.00571429
      19        9.96398     0.00571429
      20        9.96970     0.00571429
      21        10.0578     0.00571429
      22        10.0689     0.00571429
      23        10.8747     0.00571429
      24        10.8812     0.00571429
      25        17.0452        0.00000
      26        17.0567        0.00000
      27        17.4912        0.00000
      28        17.5070        0.00000
      29        19.3156        0.00000
      30        19.3380        0.00000
      31        21.1480        0.00000
      32        21.1635        0.00000
      33        21.5988        0.00000
      34        21.6408        0.00000

 169/352 kpoint (Cartesian) = 0.11247 -0.028117 -0.055642 (7415 pws)
       1       -47.6672     0.00571429
       2       -47.6459     0.00571429
       3       -17.5966     0.00571429
       4       -17.5554     0.00571429
       5       -17.3403     0.00571429
       6       -17.2611     0.00571429
       7       -17.2427     0.00571429
       8       -17.2222     0.00571429
       9       -5.29549     0.00571429
      10       -5.02338     0.00571429
      11       -4.33270     0.00571429
      12       -4.24478     0.00571429
      13        7.24127     0.00571429
      14        7.36812     0.00571429
      15        7.73490     0.00571429
      16        7.85208     0.00571429
      17        8.35530     0.00571429
      18        8.76116     0.00571429
      19        9.61108     0.00571429
      20        9.87066     0.00571429
      21        10.2879     0.00571429
      22        10.3166     0.00571429
      23        10.6808     0.00571429
      24        11.0347     0.00571429
      25        16.9808        0.00000
      26        17.2444        0.00000
      27        17.3956        0.00000
      28        17.6050        0.00000
      29        19.2000        0.00000
      30        19.5908        0.00000
      31        20.8674        0.00000
      32        21.2744        0.00000
      33        21.5696        0.00000
      34        21.7281        0.00000

 170/352 kpoint (Cartesian) = -0.084352 0.028117 0.055642 (7413 pws)
       1       -47.6691     0.00571429
       2       -47.6470     0.00571429
       3       -17.5657     0.00571429
       4       -17.4755     0.00571429
       5       -17.3660     0.00571429
       6       -17.2556     0.00571429
       7       -17.2330     0.00571429
       8       -17.2145     0.00571429
       9       -5.53081     0.00571429
      10       -4.93465     0.00571429
      11       -4.42525     0.00571429
      12       -4.19115     0.00571429
      13        7.01746     0.00571429
      14        7.30904     0.00571429
      15        7.47472     0.00571429
      16        7.87111     0.00571429
      17        8.37376     0.00571429
      18        9.09381     0.00571429
      19        9.24868     0.00571429
      20        9.92861     0.00571429
      21        10.2835     0.00571429
      22        10.6433     0.00571429
      23        10.6543     0.00571429
      24        11.1714     0.00571429
      25        16.9921        0.00000
      26        17.2756        0.00000
      27        17.4565        0.00000
      28        17.6783        0.00000
      29        19.3175        0.00000
      30        19.7366        0.00000
      31        20.6799        0.00000
      32        21.1771        0.00000
      33        21.5385        0.00000
      34        21.8850        0.00000

 171/352 kpoint (Cartesian) = -0.056235 0.028117 0.055642 (7403 pws)
       1       -47.6715     0.00571429
       2       -47.6485     0.00571429
       3       -17.5507     0.00571429
       4       -17.3919     0.00571429
       5       -17.3416     0.00571429
       6       -17.2640     0.00571429
       7       -17.2226     0.00571429
       8       -17.2016     0.00571429
       9       -5.79115     0.00571429
      10       -4.87475     0.00571429
      11       -4.54162     0.00571429
      12       -4.10354     0.00571429
      13        6.79083     0.00571429
      14        7.25524     0.00571429
      15        7.29525     0.00571429
      16        7.93656     0.00571429
      17        8.33612     0.00571429
      18        8.51001     0.00571429
      19        9.76604     0.00571429
      20        10.0802     0.00571429
      21        10.1855     0.00571429
      22        10.6806     0.00571429
      23        10.9615     0.00571429
      24        11.3401     0.00571429
      25        17.0041        0.00000
      26        17.1111        0.00000
      27        17.5601        0.00000
      28        17.6581        0.00000
      29        19.3074        0.00000
      30        20.0054        0.00000
      31        20.5170        0.00000
      32        21.1300        0.00000
      33        21.5032        0.00000
      34        22.0229        0.00000

 172/352 kpoint (Cartesian) = -0.028117 0.028117 0.055642 (7410 pws)
       1       -47.6734     0.00571429
       2       -47.6496     0.00571429
       3       -17.5596     0.00571429
       4       -17.3371     0.00571429
       5       -17.2936     0.00571429
       6       -17.2666     0.00571429
       7       -17.2075     0.00571429
       8       -17.1929     0.00571429
       9       -5.99425     0.00571429
      10       -4.87153     0.00571429
      11       -4.60988     0.00571429
      12       -4.02112     0.00571429
      13        6.71156     0.00571429
      14        7.14768     0.00571429
      15        7.24252     0.00571429
      16        7.94080     0.00571429
      17        8.08188     0.00571429
      18        8.26824     0.00571429
      19        9.87535     0.00571429
      20        10.2551     0.00571429
      21        10.4537     0.00571429
      22        10.6656     0.00571429
      23        11.1936     0.00571429
      24        11.4733     0.00571429
      25        16.8937        0.00000
      26        16.9121        0.00000
      27        17.5869        0.00000
      28        17.6419        0.00000
      29        19.1184        0.00000
      30        20.3958        0.00000
      31        20.4613        0.00000
      32        21.0797        0.00000
      33        21.7636        0.00000
      34        22.0697        0.00000

 173/352 kpoint (Cartesian) = 0.0000 0.056235 0.055642 (7405 pws)
       1       -47.6721     0.00571429
       2       -47.6489     0.00571429
       3       -17.5602     0.00571429
       4       -17.3845     0.00571429
       5       -17.3319     0.00571429
       6       -17.2520     0.00571429
       7       -17.2102     0.00571429
       8       -17.1898     0.00571429
       9       -5.86761     0.00571429
      10       -4.90805     0.00571429
      11       -4.53683     0.00571429
      12       -4.07145     0.00571429
      13        6.73902     0.00571429
      14        7.26346     0.00571429
      15        7.31546     0.00571429
      16        8.09316     0.00571429
      17        8.19535     0.00571429
      18        8.28087     0.00571429
      19        9.95241     0.00571429
      20        10.1161     0.00571429
      21        10.4429     0.00571429
      22        10.5697     0.00571429
      23        10.9313     0.00571429
      24        11.2514     0.00571429
      25        16.9280        0.00000
      26        17.0426        0.00000
      27        17.5413        0.00000
      28        17.6831        0.00000
      29        19.2335        0.00000
      30        20.0000        0.00000
      31        20.7294        0.00000
      32        21.0643        0.00000
      33        21.6016        0.00000
      34        22.1881        0.00000

 174/352 kpoint (Cartesian) = 0.028117 0.056235 0.055642 (7403 pws)
       1       -47.6715     0.00571429
       2       -47.6485     0.00571429
       3       -17.5505     0.00571429
       4       -17.3925     0.00571429
       5       -17.3436     0.00571429
       6       -17.2638     0.00571429
       7       -17.2220     0.00571429
       8       -17.2010     0.00571429
       9       -5.78998     0.00571429
      10       -4.86778     0.00571429
      11       -4.54469     0.00571429
      12       -4.10574     0.00571429
      13        6.79092     0.00571429
      14        7.25728     0.00571429
      15        7.29838     0.00571429
      16        7.93405     0.00571429
      17        8.33745     0.00571429
      18        8.50949     0.00571429
      19        9.75938     0.00571429
      20        10.0770     0.00571429
      21        10.1918     0.00571429
      22        10.6842     0.00571429
      23        10.9566     0.00571429
      24        11.3390     0.00571429
      25        17.0013        0.00000
      26        17.1193        0.00000
      27        17.5618        0.00000
      28        17.6600        0.00000
      29        19.3086        0.00000
      30        20.0009        0.00000
      31        20.5115        0.00000
      32        21.1143        0.00000
      33        21.5170        0.00000
      34        21.9932        0.00000

 175/352 kpoint (Cartesian) = 0.056235 0.056235 0.055642 (7410 pws)
       1       -47.6697     0.00571429
       2       -47.6472     0.00571429
       3       -17.5285     0.00571429
       4       -17.4271     0.00571429
       5       -17.3818     0.00571429
       6       -17.2861     0.00571429
       7       -17.2484     0.00571429
       8       -17.2161     0.00571429
       9       -5.58274     0.00571429
      10       -4.80007     0.00571429
      11       -4.53546     0.00571429
      12       -4.19149     0.00571429
      13        6.95355     0.00571429
      14        7.25655     0.00571429
      15        7.27332     0.00571429
      16        7.83647     0.00571429
      17        8.38420     0.00571429
      18        9.03902     0.00571429
      19        9.33832     0.00571429
      20        9.74741     0.00571429
      21        10.1585     0.00571429
      22        10.8490     0.00571429
      23        10.9448     0.00571429
      24        11.3557     0.00571429
      25        17.1381        0.00000
      26        17.1900        0.00000
      27        17.6363        0.00000
      28        17.6547        0.00000
      29        19.4769        0.00000
      30        19.9241        0.00000
      31        20.2551        0.00000
      32        21.1369        0.00000
      33        21.2212        0.00000
      34        21.9800        0.00000

 176/352 kpoint (Cartesian) = 0.084352 0.056235 0.055642 (7396 pws)
       1       -47.6674     0.00571429
       2       -47.6456     0.00571429
       3       -17.5348     0.00571429
       4       -17.4816     0.00571429
       5       -17.4171     0.00571429
       6       -17.2961     0.00571429
       7       -17.2585     0.00571429
       8       -17.2371     0.00571429
       9       -5.31802     0.00571429
      10       -4.80498     0.00571429
      11       -4.45792     0.00571429
      12       -4.28262     0.00571429
      13        7.11464     0.00571429
      14        7.23135     0.00571429
      15        7.39646     0.00571429
      16        7.83569     0.00571429
      17        8.20706     0.00571429
      18        9.00860     0.00571429
      19        9.53251     0.00571429
      20        9.63179     0.00571429
      21        10.2847     0.00571429
      22        10.8118     0.00571429
      23        10.9424     0.00571429
      24        11.2197     0.00571429
      25        17.1216        0.00000
      26        17.2983        0.00000
      27        17.5767        0.00000
      28        17.7403        0.00000
      29        19.4582        0.00000
      30        19.7862        0.00000
      31        20.2423        0.00000
      32        20.9979        0.00000
      33        21.1986        0.00000
      34        21.8753        0.00000

 177/352 kpoint (Cartesian) = 0.11247 0.056235 0.055642 (7405 pws)
       1       -47.6656     0.00571429
       2       -47.6444     0.00571429
       3       -17.5758     0.00571429
       4       -17.5484     0.00571429
       5       -17.3841     0.00571429
       6       -17.3030     0.00571429
       7       -17.2649     0.00571429
       8       -17.2567     0.00571429
       9       -5.08864     0.00571429
      10       -4.86073     0.00571429
      11       -4.38743     0.00571429
      12       -4.32640     0.00571429
      13        7.03995     0.00571429
      14        7.36130     0.00571429
      15        7.60734     0.00571429
      16        7.81919     0.00571429
      17        8.13345     0.00571429
      18        8.56097     0.00571429
      19        9.77006     0.00571429
      20        10.1401     0.00571429
      21        10.4432     0.00571429
      22        10.5590     0.00571429
      23        10.8802     0.00571429
      24        11.0220     0.00571429
      25        17.1673        0.00000
      26        17.3547        0.00000
      27        17.4714        0.00000
      28        17.6555        0.00000
      29        19.2640        0.00000
      30        19.6611        0.00000
      31        20.3593        0.00000
      32        20.9231        0.00000
      33        21.2739        0.00000
      34        21.6191        0.00000

 178/352 kpoint (Cartesian) = 0.14059 0.056235 0.055642 (7402 pws)
       1       -47.6649     0.00571429
       2       -47.6439     0.00571429
       3       -17.5908     0.00571429
       4       -17.5801     0.00571429
       5       -17.3439     0.00571429
       6       -17.3287     0.00571429
       7       -17.2695     0.00571429
       8       -17.2601     0.00571429
       9       -4.94918     0.00571429
      10       -4.94085     0.00571429
      11       -4.34930     0.00571429
      12       -4.34716     0.00571429
      13        7.12865     0.00571429
      14        7.13580     0.00571429
      15        7.93178     0.00571429
      16        7.94105     0.00571429
      17        8.13943     0.00571429
      18        8.14605     0.00571429
      19        10.1655     0.00571429
      20        10.1693     0.00571429
      21        10.4656     0.00571429
      22        10.4716     0.00571429
      23        10.8472     0.00571429
      24        10.8527     0.00571429
      25        17.2657        0.00000
      26        17.2752        0.00000
      27        17.5134        0.00000
      28        17.5215        0.00000
      29        19.3381        0.00000
      30        19.3645        0.00000
      31        20.6745        0.00000
      32        20.6873        0.00000
      33        21.4144        0.00000
      34        21.4586        0.00000

 179/352 kpoint (Cartesian) = -0.11247 0.056235 0.055642 (7405 pws)
       1       -47.6656     0.00571429
       2       -47.6444     0.00571429
       3       -17.5758     0.00571429
       4       -17.5483     0.00571429
       5       -17.3840     0.00571429
       6       -17.3030     0.00571429
       7       -17.2650     0.00571429
       8       -17.2568     0.00571429
       9       -5.08320     0.00571429
      10       -4.86641     0.00571429
      11       -4.38554     0.00571429
      12       -4.32833     0.00571429
      13        7.03771     0.00571429
      14        7.36593     0.00571429
      15        7.60876     0.00571429
      16        7.82487     0.00571429
      17        8.12835     0.00571429
      18        8.55493     0.00571429
      19        9.77598     0.00571429
      20        10.1451     0.00571429
      21        10.4356     0.00571429
      22        10.5576     0.00571429
      23        10.8759     0.00571429
      24        11.0255     0.00571429
      25        17.1672        0.00000
      26        17.3554        0.00000
      27        17.4730        0.00000
      28        17.6549        0.00000
      29        19.2619        0.00000
      30        19.6592        0.00000
      31        20.3653        0.00000
      32        20.9222        0.00000
      33        21.2828        0.00000
      34        21.6077        0.00000

 180/352 kpoint (Cartesian) = -0.084352 0.056235 0.055642 (7396 pws)
       1       -47.6674     0.00571429
       2       -47.6456     0.00571429
       3       -17.5346     0.00571429
       4       -17.4817     0.00571429
       5       -17.4171     0.00571429
       6       -17.2961     0.00571429
       7       -17.2584     0.00571429
       8       -17.2375     0.00571429
       9       -5.31416     0.00571429
      10       -4.80969     0.00571429
      11       -4.45635     0.00571429
      12       -4.28377     0.00571429
      13        7.11113     0.00571429
      14        7.23308     0.00571429
      15        7.40268     0.00571429
      16        7.84114     0.00571429
      17        8.19899     0.00571429
      18        9.00393     0.00571429
      19        9.54055     0.00571429
      20        9.63585     0.00571429
      21        10.2775     0.00571429
      22        10.8111     0.00571429
      23        10.9380     0.00571429
      24        11.2220     0.00571429
      25        17.1271        0.00000
      26        17.2904        0.00000
      27        17.5797        0.00000
      28        17.7412        0.00000
      29        19.4535        0.00000
      30        19.7833        0.00000
      31        20.2450        0.00000
      32        21.0125        0.00000
      33        21.2001        0.00000
      34        21.8653        0.00000

 181/352 kpoint (Cartesian) = -0.056235 0.056235 0.055642 (7410 pws)
       1       -47.6696     0.00571429
       2       -47.6472     0.00571429
       3       -17.5283     0.00571429
       4       -17.4274     0.00571429
       5       -17.3816     0.00571429
       6       -17.2859     0.00571429
       7       -17.2482     0.00571429
       8       -17.2166     0.00571429
       9       -5.58040     0.00571429
      10       -4.80307     0.00571429
      11       -4.53486     0.00571429
      12       -4.19182     0.00571429
      13        6.95410     0.00571429
      14        7.25298     0.00571429
      15        7.27687     0.00571429
      16        7.84208     0.00571429
      17        8.37731     0.00571429
      18        9.04155     0.00571429
      19        9.34392     0.00571429
      20        9.74822     0.00571429
      21        10.1529     0.00571429
      22        10.8463     0.00571429
      23        10.9433     0.00571429
      24        11.3569     0.00571429
      25        17.1398        0.00000
      26        17.1869        0.00000
      27        17.6359        0.00000
      28        17.6570        0.00000
      29        19.4642        0.00000
      30        19.9308        0.00000
      31        20.2557        0.00000
      32        21.1493        0.00000
      33        21.2254        0.00000
      34        21.9908        0.00000

 182/352 kpoint (Cartesian) = -0.028117 0.056235 0.055642 (7403 pws)
       1       -47.6715     0.00571429
       2       -47.6485     0.00571429
       3       -17.5504     0.00571429
       4       -17.3926     0.00571429
       5       -17.3436     0.00571429
       6       -17.2635     0.00571429
       7       -17.2216     0.00571429
       8       -17.2016     0.00571429
       9       -5.78889     0.00571429
      10       -4.86888     0.00571429
      11       -4.54486     0.00571429
      12       -4.10578     0.00571429
      13        6.79117     0.00571429
      14        7.25745     0.00571429
      15        7.29815     0.00571429
      16        7.93615     0.00571429
      17        8.33492     0.00571429
      18        8.51118     0.00571429
      19        9.76441     0.00571429
      20        10.0761     0.00571429
      21        10.1893     0.00571429
      22        10.6822     0.00571429
      23        10.9538     0.00571429
      24        11.3405     0.00571429
      25        16.9914        0.00000
      26        17.1299        0.00000
      27        17.5594        0.00000
      28        17.6618        0.00000
      29        19.3009        0.00000
      30        20.0040        0.00000
      31        20.5149        0.00000
      32        21.1166        0.00000
      33        21.5188        0.00000
      34        22.0096        0.00000

 183/352 kpoint (Cartesian) = 0.0000 0.084352 0.055642 (7412 pws)
       1       -47.6697     0.00571429
       2       -47.6475     0.00571429
       3       -17.5769     0.00571429
       4       -17.4778     0.00571429
       5       -17.3526     0.00571429
       6       -17.2401     0.00571429
       7       -17.2273     0.00571429
       8       -17.1931     0.00571429
       9       -5.60610     0.00571429
      10       -4.97835     0.00571429
      11       -4.41224     0.00571429
      12       -4.16069     0.00571429
      13        6.94886     0.00571429
      14        7.31225     0.00571429
      15        7.55028     0.00571429
      16        8.10691     0.00571429
      17        8.20213     0.00571429
      18        8.85468     0.00571429
      19        9.57009     0.00571429
      20        10.1679     0.00571429
      21        10.2304     0.00571429
      22        10.4433     0.00571429
      23        10.5193     0.00571429
      24        11.1115     0.00571429
      25        16.9109        0.00000
      26        17.2251        0.00000
      27        17.4134        0.00000
      28        17.7246        0.00000
      29        19.2478        0.00000
      30        19.7104        0.00000
      31        20.8912        0.00000
      32        21.1980        0.00000
      33        21.5733        0.00000
      34        22.1070        0.00000

 184/352 kpoint (Cartesian) = 0.028117 0.084352 0.055642 (7413 pws)
       1       -47.6691     0.00571429
       2       -47.6470     0.00571429
       3       -17.5657     0.00571429
       4       -17.4772     0.00571429
       5       -17.3680     0.00571429
       6       -17.2555     0.00571429
       7       -17.2322     0.00571429
       8       -17.2137     0.00571429
       9       -5.52627     0.00571429
      10       -4.92551     0.00571429
      11       -4.42784     0.00571429
      12       -4.19595     0.00571429
      13        7.02062     0.00571429
      14        7.31515     0.00571429
      15        7.47748     0.00571429
      16        7.87127     0.00571429
      17        8.37174     0.00571429
      18        9.09505     0.00571429
      19        9.23676     0.00571429
      20        9.93246     0.00571429
      21        10.2830     0.00571429
      22        10.6425     0.00571429
      23        10.6519     0.00571429
      24        11.1677     0.00571429
      25        16.9905        0.00000
      26        17.2844        0.00000
      27        17.4544        0.00000
      28        17.6878        0.00000
      29        19.3097        0.00000
      30        19.7342        0.00000
      31        20.6711        0.00000
      32        21.1600        0.00000
      33        21.5454        0.00000
      34        21.8538        0.00000

 185/352 kpoint (Cartesian) = 0.056235 0.084352 0.055642 (7396 pws)
       1       -47.6674     0.00571429
       2       -47.6456     0.00571429
       3       -17.5347     0.00571429
       4       -17.4826     0.00571429
       5       -17.4184     0.00571429
       6       -17.2957     0.00571429
       7       -17.2579     0.00571429
       8       -17.2371     0.00571429
       9       -5.31248     0.00571429
      10       -4.80295     0.00571429
      11       -4.45776     0.00571429
      12       -4.28701     0.00571429
      13        7.11476     0.00571429
      14        7.23287     0.00571429
      15        7.40203     0.00571429
      16        7.84529     0.00571429
      17        8.19902     0.00571429
      18        8.99199     0.00571429
      19        9.54296     0.00571429
      20        9.63644     0.00571429
      21        10.2791     0.00571429
      22        10.8043     0.00571429
      23        10.9457     0.00571429
      24        11.2196     0.00571429
      25        17.1215        0.00000
      26        17.3007        0.00000
      27        17.5821        0.00000
      28        17.7415        0.00000
      29        19.4519        0.00000
      30        19.7835        0.00000
      31        20.2413        0.00000
      32        21.0057        0.00000
      33        21.1838        0.00000
      34        21.8563        0.00000

 186/352 kpoint (Cartesian) = 0.084352 0.084352 0.055642 (7393 pws)
       1       -47.6653     0.00571429
       2       -47.6439     0.00571429
       3       -17.5192     0.00571429
       4       -17.4914     0.00571429
       5       -17.4821     0.00571429
       6       -17.3396     0.00571429
       7       -17.2740     0.00571429
       8       -17.2568     0.00571429
       9       -5.03743     0.00571429
      10       -4.71135     0.00571429
      11       -4.44914     0.00571429
      12       -4.39285     0.00571429
      13        6.81148     0.00571429
      14        7.29039     0.00571429
      15        7.53118     0.00571429
      16        7.74940     0.00571429
      17        8.10031     0.00571429
      18        8.99597     0.00571429
      19        9.33274     0.00571429
      20        10.2120     0.00571429
      21        10.2862     0.00571429
      22        10.8051     0.00571429
      23        11.1448     0.00571429
      24        11.1811     0.00571429
      25        17.1348        0.00000
      26        17.3537        0.00000
      27        17.6881        0.00000
      28        17.8371        0.00000
      29        19.5310        0.00000
      30        19.6922        0.00000
      31        20.0182        0.00000
      32        20.5857        0.00000
      33        21.0719        0.00000
      34        21.6250        0.00000

 187/352 kpoint (Cartesian) = 0.11247 0.084352 0.055642 (7394 pws)
       1       -47.6636     0.00571429
       2       -47.6426     0.00571429
       3       -17.5649     0.00571429
       4       -17.5497     0.00571429
       5       -17.4349     0.00571429
       6       -17.3604     0.00571429
       7       -17.2849     0.00571429
       8       -17.2752     0.00571429
       9       -4.81158     0.00571429
      10       -4.70105     0.00571429
      11       -4.45682     0.00571429
      12       -4.40008     0.00571429
      13        6.62686     0.00571429
      14        6.93123     0.00571429
      15        7.77911     0.00571429
      16        7.84453     0.00571429
      17        8.26991     0.00571429
      18        8.61939     0.00571429
      19        9.71385     0.00571429
      20        10.3473     0.00571429
      21        10.6034     0.00571429
      22        10.6764     0.00571429
      23        10.9985     0.00571429
      24        11.2378     0.00571429
      25        17.1903        0.00000
      26        17.5065        0.00000
      27        17.5674        0.00000
      28        17.8480        0.00000
      29        19.3152        0.00000
      30        19.7133        0.00000
      31        19.8630        0.00000
      32        20.3226        0.00000
      33        21.0970        0.00000
      34        21.3868        0.00000

 188/352 kpoint (Cartesian) = 0.14059 0.084352 0.055642 (7376 pws)
       1       -47.6630     0.00571429
       2       -47.6420     0.00571429
       3       -17.5847     0.00571429
       4       -17.5748     0.00571429
       5       -17.3955     0.00571429
       6       -17.3826     0.00571429
       7       -17.2913     0.00571429
       8       -17.2814     0.00571429
       9       -4.72597     0.00571429
      10       -4.72030     0.00571429
      11       -4.41973     0.00571429
      12       -4.41820     0.00571429
      13        6.65867     0.00571429
      14        6.66595     0.00571429
      15        7.95216     0.00571429
      16        7.95521     0.00571429
      17        8.34296     0.00571429
      18        8.35482     0.00571429
      19        10.1846     0.00571429
      20        10.1894     0.00571429
      21        10.5926     0.00571429
      22        10.5962     0.00571429
      23        11.1162     0.00571429
      24        11.1215     0.00571429
      25        17.3441        0.00000
      26        17.3658        0.00000
      27        17.7060        0.00000
      28        17.7104        0.00000
      29        19.3573        0.00000
      30        19.3859        0.00000
      31        20.0932        0.00000
      32        20.1008        0.00000
      33        21.1998        0.00000
      34        21.2442        0.00000

 189/352 kpoint (Cartesian) = -0.11247 0.084352 0.055642 (7394 pws)
       1       -47.6636     0.00571429
       2       -47.6426     0.00571429
       3       -17.5653     0.00571429
       4       -17.5495     0.00571429
       5       -17.4349     0.00571429
       6       -17.3604     0.00571429
       7       -17.2846     0.00571429
       8       -17.2754     0.00571429
       9       -4.80730     0.00571429
      10       -4.70510     0.00571429
      11       -4.45785     0.00571429
      12       -4.39948     0.00571429
      13        6.62642     0.00571429
      14        6.93141     0.00571429
      15        7.78024     0.00571429
      16        7.84803     0.00571429
      17        8.27182     0.00571429
      18        8.61379     0.00571429
      19        9.71717     0.00571429
      20        10.3412     0.00571429
      21        10.6049     0.00571429
      22        10.6760     0.00571429
      23        11.0025     0.00571429
      24        11.2343     0.00571429
      25        17.1912        0.00000
      26        17.5027        0.00000
      27        17.5718        0.00000
      28        17.8465        0.00000
      29        19.3157        0.00000
      30        19.7120        0.00000
      31        19.8649        0.00000
      32        20.3192        0.00000
      33        21.1082        0.00000
      34        21.3758        0.00000

 190/352 kpoint (Cartesian) = -0.084352 0.084352 0.055642 (7393 pws)
       1       -47.6653     0.00571429
       2       -47.6439     0.00571429
       3       -17.5196     0.00571429
       4       -17.4914     0.00571429
       5       -17.4818     0.00571429
       6       -17.3395     0.00571429
       7       -17.2736     0.00571429
       8       -17.2571     0.00571429
       9       -5.03491     0.00571429
      10       -4.71449     0.00571429
      11       -4.44850     0.00571429
      12       -4.39318     0.00571429
      13        6.80965     0.00571429
      14        7.29273     0.00571429
      15        7.53333     0.00571429
      16        7.74750     0.00571429
      17        8.10399     0.00571429
      18        8.99538     0.00571429
      19        9.33402     0.00571429
      20        10.2146     0.00571429
      21        10.2800     0.00571429
      22        10.8041     0.00571429
      23        11.1461     0.00571429
      24        11.1784     0.00571429
      25        17.1384        0.00000
      26        17.3484        0.00000
      27        17.6926        0.00000
      28        17.8336        0.00000
      29        19.5363        0.00000
      30        19.6860        0.00000
      31        20.0126        0.00000
      32        20.5896        0.00000
      33        21.0826        0.00000
      34        21.6139        0.00000

 191/352 kpoint (Cartesian) = -0.056235 0.084352 0.055642 (7396 pws)
       1       -47.6674     0.00571429
       2       -47.6456     0.00571429
       3       -17.5348     0.00571429
       4       -17.4828     0.00571429
       5       -17.4183     0.00571429
       6       -17.2954     0.00571429
       7       -17.2576     0.00571429
       8       -17.2375     0.00571429
       9       -5.31110     0.00571429
      10       -4.80463     0.00571429
      11       -4.45789     0.00571429
      12       -4.28686     0.00571429
      13        7.11080     0.00571429
      14        7.23400     0.00571429
      15        7.40497     0.00571429
      16        7.84576     0.00571429
      17        8.19828     0.00571429
      18        9.00448     0.00571429
      19        9.53563     0.00571429
      20        9.63865     0.00571429
      21        10.2746     0.00571429
      22        10.8031     0.00571429
      23        10.9425     0.00571429
      24        11.2205     0.00571429
      25        17.1193        0.00000
      26        17.3022        0.00000
      27        17.5860        0.00000
      28        17.7368        0.00000
      29        19.4477        0.00000
      30        19.7833        0.00000
      31        20.2417        0.00000
      32        21.0046        0.00000
      33        21.1953        0.00000
      34        21.8523        0.00000

 192/352 kpoint (Cartesian) = -0.028117 0.084352 0.055642 (7413 pws)
       1       -47.6691     0.00571429
       2       -47.6470     0.00571429
       3       -17.5657     0.00571429
       4       -17.4773     0.00571429
       5       -17.3680     0.00571429
       6       -17.2552     0.00571429
       7       -17.2320     0.00571429
       8       -17.2141     0.00571429
       9       -5.52564     0.00571429
      10       -4.92621     0.00571429
      11       -4.42808     0.00571429
      12       -4.19579     0.00571429
      13        7.02104     0.00571429
      14        7.31189     0.00571429
      15        7.47887     0.00571429
      16        7.87141     0.00571429
      17        8.37300     0.00571429
      18        9.09772     0.00571429
      19        9.24377     0.00571429
      20        9.92838     0.00571429
      21        10.2807     0.00571429
      22        10.6405     0.00571429
      23        10.6492     0.00571429
      24        11.1687     0.00571429
      25        16.9850        0.00000
      26        17.2927        0.00000
      27        17.4535        0.00000
      28        17.6845        0.00000
      29        19.3061        0.00000
      30        19.7353        0.00000
      31        20.6737        0.00000
      32        21.1601        0.00000
      33        21.5402        0.00000
      34        21.8703        0.00000

 193/352 kpoint (Cartesian) = 0.0000 0.11247 0.055642 (7410 pws)
       1       -47.6677     0.00571429
       2       -47.6464     0.00571429
       3       -17.6056     0.00571429
       4       -17.5619     0.00571429
       5       -17.3294     0.00571429
       6       -17.2535     0.00571429
       7       -17.2279     0.00571429
       8       -17.1984     0.00571429
       9       -5.36690     0.00571429
      10       -5.07562     0.00571429
      11       -4.31405     0.00571429
      12       -4.21766     0.00571429
      13        7.20460     0.00571429
      14        7.34713     0.00571429
      15        7.82222     0.00571429
      16        8.17240     0.00571429
      17        8.22068     0.00571429
      18        9.06804     0.00571429
      19        9.38353     0.00571429
      20        9.93347     0.00571429
      21        10.0522     0.00571429
      22        10.1187     0.00571429
      23        10.6860     0.00571429
      24        11.0237     0.00571429
      25        16.8679        0.00000
      26        17.1527        0.00000
      27        17.3747        0.00000
      28        17.6775        0.00000
      29        19.1628        0.00000
      30        19.5583        0.00000
      31        21.0825        0.00000
      32        21.4262        0.00000
      33        21.4674        0.00000
      34        21.9377        0.00000

 194/352 kpoint (Cartesian) = 0.028117 0.11247 0.055642 (7415 pws)
       1       -47.6671     0.00571429
       2       -47.6459     0.00571429
       3       -17.5970     0.00571429
       4       -17.5580     0.00571429
       5       -17.3418     0.00571429
       6       -17.2607     0.00571429
       7       -17.2430     0.00571429
       8       -17.2205     0.00571429
       9       -5.28819     0.00571429
      10       -5.01338     0.00571429
      11       -4.33543     0.00571429
      12       -4.25012     0.00571429
      13        7.25236     0.00571429
      14        7.37520     0.00571429
      15        7.73707     0.00571429
      16        7.85520     0.00571429
      17        8.34845     0.00571429
      18        8.74514     0.00571429
      19        9.61472     0.00571429
      20        9.87330     0.00571429
      21        10.2764     0.00571429
      22        10.3244     0.00571429
      23        10.6796     0.00571429
      24        11.0281     0.00571429
      25        16.9767        0.00000
      26        17.2356        0.00000
      27        17.4022        0.00000
      28        17.6223        0.00000
      29        19.1952        0.00000
      30        19.5905        0.00000
      31        20.8550        0.00000
      32        21.2575        0.00000
      33        21.5608        0.00000
      34        21.6994        0.00000

 195/352 kpoint (Cartesian) = 0.056235 0.11247 0.055642 (7405 pws)
       1       -47.6656     0.00571429
       2       -47.6444     0.00571429
       3       -17.5761     0.00571429
       4       -17.5508     0.00571429
       5       -17.3846     0.00571429
       6       -17.3024     0.00571429
       7       -17.2654     0.00571429
       8       -17.2556     0.00571429
       9       -5.07777     0.00571429
      10       -4.85831     0.00571429
      11       -4.38747     0.00571429
      12       -4.33329     0.00571429
      13        7.03994     0.00571429
      14        7.37248     0.00571429
      15        7.60891     0.00571429
      16        7.82908     0.00571429
      17        8.12789     0.00571429
      18        8.54654     0.00571429
      19        9.77164     0.00571429
      20        10.1484     0.00571429
      21        10.4354     0.00571429
      22        10.5444     0.00571429
      23        10.8867     0.00571429
      24        11.0215     0.00571429
      25        17.1620        0.00000
      26        17.3575        0.00000
      27        17.4774        0.00000
      28        17.6600        0.00000
      29        19.2615        0.00000
      30        19.6642        0.00000
      31        20.3530        0.00000
      32        20.9112        0.00000
      33        21.2656        0.00000
      34        21.5971        0.00000

 196/352 kpoint (Cartesian) = 0.084352 0.11247 0.055642 (7394 pws)
       1       -47.6636     0.00571429
       2       -47.6425     0.00571429
       3       -17.5651     0.00571429
       4       -17.5514     0.00571429
       5       -17.4346     0.00571429
       6       -17.3597     0.00571429
       7       -17.2854     0.00571429
       8       -17.2748     0.00571429
       9       -4.80410     0.00571429
      10       -4.70031     0.00571429
      11       -4.45988     0.00571429
      12       -4.40227     0.00571429
      13        6.62639     0.00571429
      14        6.93313     0.00571429
      15        7.77684     0.00571429
      16        7.84700     0.00571429
      17        8.27676     0.00571429
      18        8.61632     0.00571429
      19        9.71227     0.00571429
      20        10.3432     0.00571429
      21        10.6026     0.00571429
      22        10.6679     0.00571429
      23        11.0037     0.00571429
      24        11.2403     0.00571429
      25        17.1883        0.00000
      26        17.5091        0.00000
      27        17.5684        0.00000
      28        17.8485        0.00000
      29        19.3175        0.00000
      30        19.7229        0.00000
      31        19.8572        0.00000
      32        20.3102        0.00000
      33        21.0960        0.00000
      34        21.3751        0.00000

 197/352 kpoint (Cartesian) = 0.11247 0.11247 0.055642 (7394 pws)
       1       -47.6621     0.00571429
       2       -47.6411     0.00571429
       3       -17.5848     0.00571429
       4       -17.5756     0.00571429
       5       -17.4349     0.00571429
       6       -17.3897     0.00571429
       7       -17.3023     0.00571429
       8       -17.2903     0.00571429
       9       -4.63658     0.00571429
      10       -4.55891     0.00571429
      11       -4.54674     0.00571429
      12       -4.38373     0.00571429
      13        6.33848     0.00571429
      14        6.50599     0.00571429
      15        7.80939     0.00571429
      16        7.95195     0.00571429
      17        8.57581     0.00571429
      18        8.76527     0.00571429
      19        9.82492     0.00571429
      20        10.2944     0.00571429
      21        10.5987     0.00571429
      22        10.6122     0.00571429
      23        11.2161     0.00571429
      24        11.4206     0.00571429
      25        17.2646        0.00000
      26        17.5606        0.00000
      27        17.7039        0.00000
      28        17.9403        0.00000
      29        19.2534        0.00000
      30        19.6011        0.00000
      31        19.7022        0.00000
      32        19.7286        0.00000
      33        21.0299        0.00000
      34        21.1855        0.00000

 198/352 kpoint (Cartesian) = 0.14059 0.11247 0.055642 (7392 pws)
       1       -47.6615     0.00571429
       2       -47.6405     0.00571429
       3       -17.5980     0.00571429
       4       -17.5931     0.00571429
       5       -17.4111     0.00571429
       6       -17.4078     0.00571429
       7       -17.3105     0.00571429
       8       -17.2969     0.00571429
       9       -4.61147     0.00571429
      10       -4.60889     0.00571429
      11       -4.40692     0.00571429
      12       -4.40523     0.00571429
      13        6.28642     0.00571429
      14        6.29185     0.00571429
      15        7.90308     0.00571429
      16        7.90608     0.00571429
      17        8.75917     0.00571429
      18        8.76406     0.00571429
      19        10.1554     0.00571429
      20        10.1658     0.00571429
      21        10.4882     0.00571429
      22        10.4911     0.00571429
      23        11.3987     0.00571429
      24        11.4034     0.00571429
      25        17.4216        0.00000
      26        17.4448        0.00000
      27        17.8765        0.00000
      28        17.8815        0.00000
      29        19.2961        0.00000
      30        19.3162        0.00000
      31        19.6215        0.00000
      32        19.6291        0.00000
      33        21.0535        0.00000
      34        21.0968        0.00000

 199/352 kpoint (Cartesian) = -0.11247 0.11247 0.055642 (7394 pws)
       1       -47.6621     0.00571429
       2       -47.6411     0.00571429
       3       -17.5851     0.00571429
       4       -17.5756     0.00571429
       5       -17.4350     0.00571429
       6       -17.3896     0.00571429
       7       -17.3021     0.00571429
       8       -17.2903     0.00571429
       9       -4.63858     0.00571429
      10       -4.55674     0.00571429
      11       -4.54741     0.00571429
      12       -4.38336     0.00571429
      13        6.33834     0.00571429
      14        6.50524     0.00571429
      15        7.81136     0.00571429
      16        7.95494     0.00571429
      17        8.57560     0.00571429
      18        8.76474     0.00571429
      19        9.82438     0.00571429
      20        10.2899     0.00571429
      21        10.5990     0.00571429
      22        10.6127     0.00571429
      23        11.2179     0.00571429
      24        11.4192     0.00571429
      25        17.2669        0.00000
      26        17.5625        0.00000
      27        17.7026        0.00000
      28        17.9379        0.00000
      29        19.2564        0.00000
      30        19.5988        0.00000
      31        19.6987        0.00000
      32        19.7262        0.00000
      33        21.0384        0.00000
      34        21.1805        0.00000

 200/352 kpoint (Cartesian) = -0.084352 0.11247 0.055642 (7394 pws)
       1       -47.6636     0.00571429
       2       -47.6425     0.00571429
       3       -17.5654     0.00571429
       4       -17.5516     0.00571429
       5       -17.4346     0.00571429
       6       -17.3596     0.00571429
       7       -17.2849     0.00571429
       8       -17.2748     0.00571429
       9       -4.80382     0.00571429
      10       -4.70236     0.00571429
      11       -4.45862     0.00571429
      12       -4.40195     0.00571429
      13        6.62497     0.00571429
      14        6.93167     0.00571429
      15        7.77988     0.00571429
      16        7.84991     0.00571429
      17        8.27857     0.00571429
      18        8.61906     0.00571429
      19        9.70860     0.00571429
      20        10.3387     0.00571429
      21        10.6045     0.00571429
      22        10.6676     0.00571429
      23        11.0034     0.00571429
      24        11.2384     0.00571429
      25        17.1930        0.00000
      26        17.5035        0.00000
      27        17.5744        0.00000
      28        17.8432        0.00000
      29        19.3187        0.00000
      30        19.7168        0.00000
      31        19.8561        0.00000
      32        20.3087        0.00000
      33        21.1050        0.00000
      34        21.3726        0.00000

 201/352 kpoint (Cartesian) = -0.056235 0.11247 0.055642 (7405 pws)
       1       -47.6656     0.00571429
       2       -47.6444     0.00571429
       3       -17.5763     0.00571429
       4       -17.5510     0.00571429
       5       -17.3846     0.00571429
       6       -17.3023     0.00571429
       7       -17.2650     0.00571429
       8       -17.2555     0.00571429
       9       -5.07761     0.00571429
      10       -4.85954     0.00571429
      11       -4.38693     0.00571429
      12       -4.33294     0.00571429
      13        7.03627     0.00571429
      14        7.36964     0.00571429
      15        7.61073     0.00571429
      16        7.83068     0.00571429
      17        8.13179     0.00571429
      18        8.55620     0.00571429
      19        9.76521     0.00571429
      20        10.1507     0.00571429
      21        10.4333     0.00571429
      22        10.5432     0.00571429
      23        10.8837     0.00571429
      24        11.0201     0.00571429
      25        17.1650        0.00000
      26        17.3553        0.00000
      27        17.4831        0.00000
      28        17.6517        0.00000
      29        19.2600        0.00000
      30        19.6621        0.00000
      31        20.3535        0.00000
      32        20.9075        0.00000
      33        21.2746        0.00000
      34        21.5978        0.00000

 202/352 kpoint (Cartesian) = -0.028117 0.11247 0.055642 (7415 pws)
       1       -47.6671     0.00571429
       2       -47.6459     0.00571429
       3       -17.5971     0.00571429
       4       -17.5582     0.00571429
       5       -17.3418     0.00571429
       6       -17.2607     0.00571429
       7       -17.2427     0.00571429
       8       -17.2205     0.00571429
       9       -5.28811     0.00571429
      10       -5.01394     0.00571429
      11       -4.33529     0.00571429
      12       -4.24987     0.00571429
      13        7.25071     0.00571429
      14        7.37269     0.00571429
      15        7.73895     0.00571429
      16        7.85146     0.00571429
      17        8.35540     0.00571429
      18        8.75336     0.00571429
      19        9.61593     0.00571429
      20        9.86707     0.00571429
      21        10.2777     0.00571429
      22        10.3219     0.00571429
      23        10.6762     0.00571429
      24        11.0276     0.00571429
      25        16.9755        0.00000
      26        17.2372        0.00000
      27        17.4045        0.00000
      28        17.6177        0.00000
      29        19.1943        0.00000
      30        19.5904        0.00000
      31        20.8561        0.00000
      32        21.2571        0.00000
      33        21.5550        0.00000
      34        21.7113        0.00000

 203/352 kpoint (Cartesian) = 0.0000 0.14059 0.055642 (7404 pws)
       1       -47.6670     0.00571429
       2       -47.6460     0.00571429
       3       -17.6100     0.00571429
       4       -17.6040     0.00571429
       5       -17.2944     0.00571429
       6       -17.2855     0.00571429
       7       -17.2214     0.00571429
       8       -17.2022     0.00571429
       9       -5.19938     0.00571429
      10       -5.19243     0.00571429
      11       -4.25899     0.00571429
      12       -4.25343     0.00571429
      13        7.32863     0.00571429
      14        7.33403     0.00571429
      15        8.04658     0.00571429
      16        8.05778     0.00571429
      17        8.57117     0.00571429
      18        8.58093     0.00571429
      19        9.79586     0.00571429
      20        9.81005     0.00571429
      21        9.86174     0.00571429
      22        9.87634     0.00571429
      23        10.8988     0.00571429
      24        10.9051     0.00571429
      25        16.9222        0.00000
      26        16.9284        0.00000
      27        17.5215        0.00000
      28        17.5523        0.00000
      29        19.3107        0.00000
      30        19.3134        0.00000
      31        21.3088        0.00000
      32        21.3198        0.00000
      33        21.6763        0.00000
      34        21.7165        0.00000

 204/352 kpoint (Cartesian) = 0.028117 0.14059 0.055642 (7402 pws)
       1       -47.6664     0.00571429
       2       -47.6454     0.00571429
       3       -17.6041     0.00571429
       4       -17.5977     0.00571429
       5       -17.3042     0.00571429
       6       -17.2933     0.00571429
       7       -17.2400     0.00571429
       8       -17.2225     0.00571429
       9       -5.12747     0.00571429
      10       -5.12080     0.00571429
      11       -4.28597     0.00571429
      12       -4.28075     0.00571429
      13        7.35530     0.00571429
      14        7.36098     0.00571429
      15        7.92224     0.00571429
      16        7.92725     0.00571429
      17        8.38430     0.00571429
      18        8.39103     0.00571429
      19        9.95645     0.00571429
      20        9.96812     0.00571429
      21        10.0671     0.00571429
      22        10.0739     0.00571429
      23        10.8695     0.00571429
      24        10.8743     0.00571429
      25        17.0381        0.00000
      26        17.0436        0.00000
      27        17.4966        0.00000
      28        17.5292        0.00000
      29        19.3258        0.00000
      30        19.3282        0.00000
      31        21.1378        0.00000
      32        21.1475        0.00000
      33        21.5742        0.00000
      34        21.6186        0.00000

 205/352 kpoint (Cartesian) = 0.056235 0.14059 0.055642 (7402 pws)
       1       -47.6649     0.00571429
       2       -47.6439     0.00571429
       3       -17.5906     0.00571429
       4       -17.5836     0.00571429
       5       -17.3442     0.00571429
       6       -17.3279     0.00571429
       7       -17.2708     0.00571429
       8       -17.2583     0.00571429
       9       -4.94025     0.00571429
      10       -4.93468     0.00571429
      11       -4.35405     0.00571429
      12       -4.34970     0.00571429
      13        7.13266     0.00571429
      14        7.14000     0.00571429
      15        7.94141     0.00571429
      16        7.94426     0.00571429
      17        8.13323     0.00571429
      18        8.13870     0.00571429
      19        10.1513     0.00571429
      20        10.1676     0.00571429
      21        10.4666     0.00571429
      22        10.4741     0.00571429
      23        10.8476     0.00571429
      24        10.8534     0.00571429
      25        17.2604        0.00000
      26        17.2666        0.00000
      27        17.5110        0.00000
      28        17.5421        0.00000
      29        19.3534        0.00000
      30        19.3571        0.00000
      31        20.6588        0.00000
      32        20.6773        0.00000
      33        21.4020        0.00000
      34        21.4401        0.00000

 206/352 kpoint (Cartesian) = 0.084352 0.14059 0.055642 (7376 pws)
       1       -47.6630     0.00571429
       2       -47.6420     0.00571429
       3       -17.5838     0.00571429
       4       -17.5781     0.00571429
       5       -17.3960     0.00571429
       6       -17.3806     0.00571429
       7       -17.2924     0.00571429
       8       -17.2804     0.00571429
       9       -4.71955     0.00571429
      10       -4.71557     0.00571429
      11       -4.42415     0.00571429
      12       -4.42059     0.00571429
      13        6.65894     0.00571429
      14        6.66666     0.00571429
      15        7.94832     0.00571429
      16        7.95220     0.00571429
      17        8.35427     0.00571429
      18        8.35736     0.00571429
      19        10.1769     0.00571429
      20        10.1918     0.00571429
      21        10.5801     0.00571429
      22        10.5917     0.00571429
      23        11.1210     0.00571429
      24        11.1285     0.00571429
      25        17.3461        0.00000
      26        17.3614        0.00000
      27        17.7041        0.00000
      28        17.7172        0.00000
      29        19.3765        0.00000
      30        19.3808        0.00000
      31        20.0764        0.00000
      32        20.0987        0.00000
      33        21.1938        0.00000
      34        21.2319        0.00000

 207/352 kpoint (Cartesian) = 0.11247 0.14059 0.055642 (7392 pws)
       1       -47.6615     0.00571429
       2       -47.6405     0.00571429
       3       -17.5962     0.00571429
       4       -17.5955     0.00571429
       5       -17.4130     0.00571429
       6       -17.4055     0.00571429
       7       -17.3111     0.00571429
       8       -17.2965     0.00571429
       9       -4.60942     0.00571429
      10       -4.60645     0.00571429
      11       -4.40882     0.00571429
      12       -4.40653     0.00571429
      13        6.28627     0.00571429
      14        6.29225     0.00571429
      15        7.90163     0.00571429
      16        7.90409     0.00571429
      17        8.76305     0.00571429
      18        8.76506     0.00571429
      19        10.1557     0.00571429
      20        10.1721     0.00571429
      21        10.4759     0.00571429
      22        10.4914     0.00571429
      23        11.3996     0.00571429
      24        11.4054     0.00571429
      25        17.4223        0.00000
      26        17.4431        0.00000
      27        17.8766        0.00000
      28        17.8848        0.00000
      29        19.3093        0.00000
      30        19.3114        0.00000
      31        19.6099        0.00000
      32        19.6330        0.00000
      33        21.0511        0.00000
      34        21.0913        0.00000

 208/352 kpoint (Cartesian) = 0.14059 0.14059 0.055642 (7404 pws)
       1       -47.6609     0.00571429
       2       -47.6399     0.00571429
       3       -17.6088     0.00571429
       4       -17.6067     0.00571429
       5       -17.4104     0.00571429
       6       -17.4076     0.00571429
       7       -17.3204     0.00571429
       8       -17.3038     0.00571429
       9       -4.60827     0.00571429
      10       -4.60595     0.00571429
      11       -4.36035     0.00571429
      12       -4.35971     0.00571429
      13        6.14941     0.00571429
      14        6.15372     0.00571429
      15        7.89421     0.00571429
      16        7.89688     0.00571429
      17        8.94447     0.00571429
      18        8.94719     0.00571429
      19        10.2709     0.00571429
      20        10.2837     0.00571429
      21        10.2945     0.00571429
      22        10.3001     0.00571429
      23        11.4878     0.00571429
      24        11.4935     0.00571429
      25        17.4774        0.00000
      26        17.5002        0.00000
      27        17.9531        0.00000
      28        17.9612        0.00000
      29        19.1692        0.00000
      30        19.1760        0.00000
      31        19.4866        0.00000
      32        19.5057        0.00000
      33        21.0120        0.00000
      34        21.0529        0.00000

 209/352 kpoint (Cartesian) = 0.11247 0.14059 -0.055642 (7392 pws)
       1       -47.6615     0.00571429
       2       -47.6405     0.00571429
       3       -17.5963     0.00571429
       4       -17.5957     0.00571429
       5       -17.4130     0.00571429
       6       -17.4056     0.00571429
       7       -17.3108     0.00571429
       8       -17.2964     0.00571429
       9       -4.61008     0.00571429
      10       -4.60842     0.00571429
      11       -4.40826     0.00571429
      12       -4.40456     0.00571429
      13        6.28649     0.00571429
      14        6.29111     0.00571429
      15        7.90326     0.00571429
      16        7.90729     0.00571429
      17        8.76273     0.00571429
      18        8.76504     0.00571429
      19        10.1563     0.00571429
      20        10.1682     0.00571429
      21        10.4727     0.00571429
      22        10.4932     0.00571429
      23        11.3993     0.00571429
      24        11.4060     0.00571429
      25        17.4226        0.00000
      26        17.4491        0.00000
      27        17.8772        0.00000
      28        17.8798        0.00000
      29        19.3077        0.00000
      30        19.3115        0.00000
      31        19.6036        0.00000
      32        19.6332        0.00000
      33        21.0547        0.00000
      34        21.0928        0.00000

 210/352 kpoint (Cartesian) = 0.084352 0.14059 -0.055642 (7376 pws)
       1       -47.6630     0.00571429
       2       -47.6420     0.00571429
       3       -17.5838     0.00571429
       4       -17.5786     0.00571429
       5       -17.3960     0.00571429
       6       -17.3808     0.00571429
       7       -17.2919     0.00571429
       8       -17.2803     0.00571429
       9       -4.72072     0.00571429
      10       -4.71737     0.00571429
      11       -4.42348     0.00571429
      12       -4.41845     0.00571429
      13        6.65841     0.00571429
      14        6.66408     0.00571429
      15        7.95211     0.00571429
      16        7.95751     0.00571429
      17        8.35353     0.00571429
      18        8.35895     0.00571429
      19        10.1750     0.00571429
      20        10.1878     0.00571429
      21        10.5782     0.00571429
      22        10.5934     0.00571429
      23        11.1209     0.00571429
      24        11.1264     0.00571429
      25        17.3463        0.00000
      26        17.3726        0.00000
      27        17.7044        0.00000
      28        17.7063        0.00000
      29        19.3741        0.00000
      30        19.3785        0.00000
      31        20.0708        0.00000
      32        20.0988        0.00000
      33        21.2016        0.00000
      34        21.2333        0.00000

 211/352 kpoint (Cartesian) = -0.056235 0.14059 0.055642 (7402 pws)
       1       -47.6649     0.00571429
       2       -47.6439     0.00571429
       3       -17.5906     0.00571429
       4       -17.5841     0.00571429
       5       -17.3443     0.00571429
       6       -17.3281     0.00571429
       7       -17.2702     0.00571429
       8       -17.2581     0.00571429
       9       -4.94066     0.00571429
      10       -4.93584     0.00571429
      11       -4.35343     0.00571429
      12       -4.34889     0.00571429
      13        7.12960     0.00571429
      14        7.13558     0.00571429
      15        7.94212     0.00571429
      16        7.94479     0.00571429
      17        8.14237     0.00571429
      18        8.14481     0.00571429
      19        10.1476     0.00571429
      20        10.1638     0.00571429
      21        10.4667     0.00571429
      22        10.4793     0.00571429
      23        10.8436     0.00571429
      24        10.8489     0.00571429
      25        17.2632        0.00000
      26        17.2751        0.00000
      27        17.5117        0.00000
      28        17.5289        0.00000
      29        19.3515        0.00000
      30        19.3556        0.00000
      31        20.6533        0.00000
      32        20.6792        0.00000
      33        21.4142        0.00000
      34        21.4390        0.00000

 212/352 kpoint (Cartesian) = -0.028117 0.14059 0.055642 (7402 pws)
       1       -47.6664     0.00571429
       2       -47.6454     0.00571429
       3       -17.6041     0.00571429
       4       -17.5979     0.00571429
       5       -17.3043     0.00571429
       6       -17.2934     0.00571429
       7       -17.2397     0.00571429
       8       -17.2224     0.00571429
       9       -5.12761     0.00571429
      10       -5.12135     0.00571429
      11       -4.28561     0.00571429
      12       -4.28049     0.00571429
      13        7.35240     0.00571429
      14        7.35848     0.00571429
      15        7.92067     0.00571429
      16        7.92510     0.00571429
      17        8.39396     0.00571429
      18        8.39935     0.00571429
      19        9.95174     0.00571429
      20        9.96871     0.00571429
      21        10.0666     0.00571429
      22        10.0724     0.00571429
      23        10.8660     0.00571429
      24        10.8738     0.00571429
      25        17.0389        0.00000
      26        17.0447        0.00000
      27        17.4966        0.00000
      28        17.5253        0.00000
      29        19.3255        0.00000
      30        19.3277        0.00000
      31        21.1317        0.00000
      32        21.1508        0.00000
      33        21.5898        0.00000
      34        21.6137        0.00000

 213/352 kpoint (Cartesian) = 0.0000 0.11247 -0.055642 (7410 pws)
       1       -47.6677     0.00571429
       2       -47.6464     0.00571429
       3       -17.6075     0.00571429
       4       -17.5604     0.00571429
       5       -17.3280     0.00571429
       6       -17.2544     0.00571429
       7       -17.2280     0.00571429
       8       -17.1983     0.00571429
       9       -5.37197     0.00571429
      10       -5.07138     0.00571429
      11       -4.31593     0.00571429
      12       -4.21446     0.00571429
      13        7.20286     0.00571429
      14        7.34472     0.00571429
      15        7.81337     0.00571429
      16        8.18310     0.00571429
      17        8.21956     0.00571429
      18        9.07121     0.00571429
      19        9.38153     0.00571429
      20        9.92814     0.00571429
      21        10.0560     0.00571429
      22        10.1225     0.00571429
      23        10.6859     0.00571429
      24        11.0254     0.00571429
      25        16.8644        0.00000
      26        17.1520        0.00000
      27        17.3744        0.00000
      28        17.6758        0.00000
      29        19.1693        0.00000
      30        19.5617        0.00000
      31        21.0719        0.00000
      32        21.4228        0.00000
      33        21.4647        0.00000
      34        21.9435        0.00000

 214/352 kpoint (Cartesian) = -0.028117 0.11247 -0.055642 (7415 pws)
       1       -47.6671     0.00571429
       2       -47.6459     0.00571429
       3       -17.5989     0.00571429
       4       -17.5566     0.00571429
       5       -17.3406     0.00571429
       6       -17.2613     0.00571429
       7       -17.2432     0.00571429
       8       -17.2205     0.00571429
       9       -5.29314     0.00571429
      10       -5.00927     0.00571429
      11       -4.33708     0.00571429
      12       -4.24718     0.00571429
      13        7.25490     0.00571429
      14        7.37061     0.00571429
      15        7.72957     0.00571429
      16        7.85188     0.00571429
      17        8.35567     0.00571429
      18        8.75207     0.00571429
      19        9.61131     0.00571429
      20        9.86947     0.00571429
      21        10.2794     0.00571429
      22        10.3282     0.00571429
      23        10.6795     0.00571429
      24        11.0286     0.00571429
      25        16.9742        0.00000
      26        17.2350        0.00000
      27        17.4015        0.00000
      28        17.6220        0.00000
      29        19.2004        0.00000
      30        19.5934        0.00000
      31        20.8467        0.00000
      32        21.2592        0.00000
      33        21.5450        0.00000
      34        21.7112        0.00000

 215/352 kpoint (Cartesian) = 0.056235 -0.11247 0.055642 (7405 pws)
       1       -47.6656     0.00571429
       2       -47.6444     0.00571429
       3       -17.5775     0.00571429
       4       -17.5497     0.00571429
       5       -17.3840     0.00571429
       6       -17.3021     0.00571429
       7       -17.2658     0.00571429
       8       -17.2557     0.00571429
       9       -5.08229     0.00571429
      10       -4.85465     0.00571429
      11       -4.38806     0.00571429
      12       -4.33148     0.00571429
      13        7.04489     0.00571429
      14        7.36568     0.00571429
      15        7.60177     0.00571429
      16        7.82715     0.00571429
      17        8.13065     0.00571429
      18        8.55331     0.00571429
      19        9.77238     0.00571429
      20        10.1453     0.00571429
      21        10.4401     0.00571429
      22        10.5451     0.00571429
      23        10.8875     0.00571429
      24        11.0198     0.00571429
      25        17.1636        0.00000
      26        17.3566        0.00000
      27        17.4735        0.00000
      28        17.6633        0.00000
      29        19.2645        0.00000
      30        19.6652        0.00000
      31        20.3498        0.00000
      32        20.9139        0.00000
      33        21.2541        0.00000
      34        21.6042        0.00000

 216/352 kpoint (Cartesian) = 0.084352 -0.11247 0.055642 (7394 pws)
       1       -47.6636     0.00571429
       2       -47.6425     0.00571429
       3       -17.5649     0.00571429
       4       -17.5514     0.00571429
       5       -17.4350     0.00571429
       6       -17.3593     0.00571429
       7       -17.2854     0.00571429
       8       -17.2749     0.00571429
       9       -4.80778     0.00571429
      10       -4.69773     0.00571429
      11       -4.45707     0.00571429
      12       -4.40372     0.00571429
      13        6.62837     0.00571429
      14        6.93075     0.00571429
      15        7.77419     0.00571429
      16        7.84889     0.00571429
      17        8.27146     0.00571429
      18        8.61601     0.00571429
      19        9.71922     0.00571429
      20        10.3490     0.00571429
      21        10.6028     0.00571429
      22        10.6634     0.00571429
      23        11.0035     0.00571429
      24        11.2388     0.00571429
      25        17.1927        0.00000
      26        17.5106        0.00000
      27        17.5620        0.00000
      28        17.8538        0.00000
      29        19.3154        0.00000
      30        19.7218        0.00000
      31        19.8605        0.00000
      32        20.3115        0.00000
      33        21.0830        0.00000
      34        21.3836        0.00000

 217/352 kpoint (Cartesian) = 0.11247 -0.11247 0.055642 (7394 pws)
       1       -47.6621     0.00571429
       2       -47.6411     0.00571429
       3       -17.5841     0.00571429
       4       -17.5755     0.00571429
       5       -17.4360     0.00571429
       6       -17.3896     0.00571429
       7       -17.3025     0.00571429
       8       -17.2899     0.00571429
       9       -4.63501     0.00571429
      10       -4.55886     0.00571429
      11       -4.54739     0.00571429
      12       -4.38457     0.00571429
      13        6.33920     0.00571429
      14        6.50621     0.00571429
      15        7.80742     0.00571429
      16        7.95339     0.00571429
      17        8.56996     0.00571429
      18        8.76078     0.00571429
      19        9.83460     0.00571429
      20        10.3024     0.00571429
      21        10.5985     0.00571429
      22        10.6084     0.00571429
      23        11.2151     0.00571429
      24        11.4175     0.00571429
      25        17.2689        0.00000
      26        17.5578        0.00000
      27        17.7058        0.00000
      28        17.9452        0.00000
      29        19.2474        0.00000
      30        19.6061        0.00000
      31        19.7045        0.00000
      32        19.7269        0.00000
      33        21.0195        0.00000
      34        21.1888        0.00000

 218/352 kpoint (Cartesian) = 0.14059 0.11247 -0.055642 (7392 pws)
       1       -47.6615     0.00571429
       2       -47.6405     0.00571429
       3       -17.5972     0.00571429
       4       -17.5932     0.00571429
       5       -17.4110     0.00571429
       6       -17.4093     0.00571429
       7       -17.3106     0.00571429
       8       -17.2963     0.00571429
       9       -4.61099     0.00571429
      10       -4.60609     0.00571429
      11       -4.40907     0.00571429
      12       -4.40627     0.00571429
      13        6.28686     0.00571429
      14        6.29261     0.00571429
      15        7.90293     0.00571429
      16        7.90461     0.00571429
      17        8.75198     0.00571429
      18        8.76233     0.00571429
      19        10.1674     0.00571429
      20        10.1722     0.00571429
      21        10.4844     0.00571429
      22        10.4904     0.00571429
      23        11.3953     0.00571429
      24        11.4015     0.00571429
      25        17.4210        0.00000
      26        17.4480        0.00000
      27        17.8807        0.00000
      28        17.8841        0.00000
      29        19.2925        0.00000
      30        19.3144        0.00000
      31        19.6262        0.00000
      32        19.6284        0.00000
      33        21.0522        0.00000
      34        21.0899        0.00000

 219/352 kpoint (Cartesian) = 0.11247 0.11247 -0.055642 (7394 pws)
       1       -47.6621     0.00571429
       2       -47.6411     0.00571429
       3       -17.5844     0.00571429
       4       -17.5755     0.00571429
       5       -17.4361     0.00571429
       6       -17.3896     0.00571429
       7       -17.3023     0.00571429
       8       -17.2898     0.00571429
       9       -4.63692     0.00571429
      10       -4.55768     0.00571429
      11       -4.54712     0.00571429
      12       -4.38426     0.00571429
      13        6.33920     0.00571429
      14        6.50535     0.00571429
      15        7.80950     0.00571429
      16        7.95627     0.00571429
      17        8.56968     0.00571429
      18        8.76027     0.00571429
      19        9.83430     0.00571429
      20        10.2977     0.00571429
      21        10.5958     0.00571429
      22        10.6117     0.00571429
      23        11.2168     0.00571429
      24        11.4161     0.00571429
      25        17.2713        0.00000
      26        17.5596        0.00000
      27        17.7045        0.00000
      28        17.9427        0.00000
      29        19.2506        0.00000
      30        19.6042        0.00000
      31        19.7011        0.00000
      32        19.7237        0.00000
      33        21.0278        0.00000
      34        21.1841        0.00000

 220/352 kpoint (Cartesian) = 0.084352 0.11247 -0.055642 (7394 pws)
       1       -47.6636     0.00571429
       2       -47.6425     0.00571429
       3       -17.5651     0.00571429
       4       -17.5516     0.00571429
       5       -17.4350     0.00571429
       6       -17.3593     0.00571429
       7       -17.2849     0.00571429
       8       -17.2749     0.00571429
       9       -4.80756     0.00571429
      10       -4.69966     0.00571429
      11       -4.45585     0.00571429
      12       -4.40344     0.00571429
      13        6.62708     0.00571429
      14        6.92921     0.00571429
      15        7.77738     0.00571429
      16        7.85167     0.00571429
      17        8.27322     0.00571429
      18        8.61867     0.00571429
      19        9.71586     0.00571429
      20        10.3444     0.00571429
      21        10.6046     0.00571429
      22        10.6630     0.00571429
      23        11.0031     0.00571429
      24        11.2369     0.00571429
      25        17.1975        0.00000
      26        17.5051        0.00000
      27        17.5679        0.00000
      28        17.8484        0.00000
      29        19.3166        0.00000
      30        19.7169        0.00000
      31        19.8584        0.00000
      32        20.3097        0.00000
      33        21.0920        0.00000
      34        21.3814        0.00000

 221/352 kpoint (Cartesian) = 0.056235 0.11247 -0.055642 (7405 pws)
       1       -47.6656     0.00571429
       2       -47.6444     0.00571429
       3       -17.5776     0.00571429
       4       -17.5499     0.00571429
       5       -17.3841     0.00571429
       6       -17.3021     0.00571429
       7       -17.2654     0.00571429
       8       -17.2557     0.00571429
       9       -5.08215     0.00571429
      10       -4.85582     0.00571429
      11       -4.38755     0.00571429
      12       -4.33113     0.00571429
      13        7.04128     0.00571429
      14        7.36279     0.00571429
      15        7.60376     0.00571429
      16        7.82871     0.00571429
      17        8.13450     0.00571429
      18        8.56284     0.00571429
      19        9.76627     0.00571429
      20        10.1477     0.00571429
      21        10.4373     0.00571429
      22        10.5441     0.00571429
      23        10.8844     0.00571429
      24        11.0185     0.00571429
      25        17.1667        0.00000
      26        17.3548        0.00000
      27        17.4789        0.00000
      28        17.6549        0.00000
      29        19.2629        0.00000
      30        19.6636        0.00000
      31        20.3501        0.00000
      32        20.9098        0.00000
      33        21.2630        0.00000
      34        21.6054        0.00000

 222/352 kpoint (Cartesian) = 0.028117 0.11247 -0.055642 (7415 pws)
       1       -47.6671     0.00571429
       2       -47.6459     0.00571429
       3       -17.5990     0.00571429
       4       -17.5567     0.00571429
       5       -17.3407     0.00571429
       6       -17.2613     0.00571429
       7       -17.2429     0.00571429
       8       -17.2205     0.00571429
       9       -5.29307     0.00571429
      10       -5.00981     0.00571429
      11       -4.33695     0.00571429
      12       -4.24694     0.00571429
      13        7.25336     0.00571429
      14        7.36797     0.00571429
      15        7.73168     0.00571429
      16        7.84813     0.00571429
      17        8.36248     0.00571429
      18        8.76025     0.00571429
      19        9.61268     0.00571429
      20        9.86342     0.00571429
      21        10.2791     0.00571429
      22        10.3269     0.00571429
      23        10.6761     0.00571429
      24        11.0281     0.00571429
      25        16.9730        0.00000
      26        17.2367        0.00000
      27        17.4037        0.00000
      28        17.6173        0.00000
      29        19.1995        0.00000
      30        19.5935        0.00000
      31        20.8478        0.00000
      32        21.2593        0.00000
      33        21.5385        0.00000
      34        21.7233        0.00000

 223/352 kpoint (Cartesian) = 0.0000 0.084352 -0.055642 (7412 pws)
       1       -47.6697     0.00571429
       2       -47.6475     0.00571429
       3       -17.5790     0.00571429
       4       -17.4763     0.00571429
       5       -17.3509     0.00571429
       6       -17.2402     0.00571429
       7       -17.2283     0.00571429
       8       -17.1931     0.00571429
       9       -5.61033     0.00571429
      10       -4.97486     0.00571429
      11       -4.41422     0.00571429
      12       -4.15720     0.00571429
      13        6.94245     0.00571429
      14        7.31101     0.00571429
      15        7.54422     0.00571429
      16        8.11066     0.00571429
      17        8.21030     0.00571429
      18        8.85362     0.00571429
      19        9.57099     0.00571429
      20        10.1644     0.00571429
      21        10.2357     0.00571429
      22        10.4454     0.00571429
      23        10.5170     0.00571429
      24        11.1136     0.00571429
      25        16.9099        0.00000
      26        17.2239        0.00000
      27        17.4101        0.00000
      28        17.7226        0.00000
      29        19.2597        0.00000
      30        19.7142        0.00000
      31        20.8799        0.00000
      32        21.1955        0.00000
      33        21.5544        0.00000
      34        22.1134        0.00000

 224/352 kpoint (Cartesian) = 0.028117 -0.084352 0.055642 (7413 pws)
       1       -47.6691     0.00571429
       2       -47.6470     0.00571429
       3       -17.5678     0.00571429
       4       -17.4758     0.00571429
       5       -17.3664     0.00571429
       6       -17.2554     0.00571429
       7       -17.2331     0.00571429
       8       -17.2137     0.00571429
       9       -5.53035     0.00571429
      10       -4.92209     0.00571429
      11       -4.42978     0.00571429
      12       -4.19265     0.00571429
      13        7.01499     0.00571429
      14        7.31546     0.00571429
      15        7.47230     0.00571429
      16        7.87025     0.00571429
      17        8.37968     0.00571429
      18        9.09461     0.00571429
      19        9.24136     0.00571429
      20        9.92749     0.00571429
      21        10.2878     0.00571429
      22        10.6427     0.00571429
      23        10.6515     0.00571429
      24        11.1688     0.00571429
      25        16.9909        0.00000
      26        17.2840        0.00000
      27        17.4491        0.00000
      28        17.6885        0.00000
      29        19.3202        0.00000
      30        19.7369        0.00000
      31        20.6633        0.00000
      32        21.1543        0.00000
      33        21.5288        0.00000
      34        21.8601        0.00000

 225/352 kpoint (Cartesian) = 0.056235 -0.084352 0.055642 (7396 pws)
       1       -47.6674     0.00571429
       2       -47.6456     0.00571429
       3       -17.5366     0.00571429
       4       -17.4814     0.00571429
       5       -17.4173     0.00571429
       6       -17.2955     0.00571429
       7       -17.2578     0.00571429
       8       -17.2379     0.00571429
       9       -5.31603     0.00571429
      10       -4.79974     0.00571429
      11       -4.45957     0.00571429
      12       -4.28428     0.00571429
      13        7.11955     0.00571429
      14        7.22684     0.00571429
      15        7.39662     0.00571429
      16        7.83905     0.00571429
      17        8.20326     0.00571429
      18        9.00316     0.00571429
      19        9.53804     0.00571429
      20        9.63495     0.00571429
      21        10.2849     0.00571429
      22        10.8028     0.00571429
      23        10.9460     0.00571429
      24        11.2194     0.00571429
      25        17.1245        0.00000
      26        17.3010        0.00000
      27        17.5761        0.00000
      28        17.7460        0.00000
      29        19.4589        0.00000
      30        19.7835        0.00000
      31        20.2386        0.00000
      32        21.0041        0.00000
      33        21.1713        0.00000
      34        21.8610        0.00000

 226/352 kpoint (Cartesian) = 0.084352 -0.084352 0.055642 (7393 pws)
       1       -47.6653     0.00571429
       2       -47.6439     0.00571429
       3       -17.5183     0.00571429
       4       -17.4910     0.00571429
       5       -17.4835     0.00571429
       6       -17.3394     0.00571429
       7       -17.2734     0.00571429
       8       -17.2574     0.00571429
       9       -5.03984     0.00571429
      10       -4.70886     0.00571429
      11       -4.45047     0.00571429
      12       -4.39122     0.00571429
      13        6.81402     0.00571429
      14        7.28637     0.00571429
      15        7.52935     0.00571429
      16        7.75094     0.00571429
      17        8.09438     0.00571429
      18        8.99006     0.00571429
      19        9.34401     0.00571429
      20        10.2106     0.00571429
      21        10.2940     0.00571429
      22        10.8023     0.00571429
      23        11.1452     0.00571429
      24        11.1792     0.00571429
      25        17.1379        0.00000
      26        17.3575        0.00000
      27        17.6814        0.00000
      28        17.8446        0.00000
      29        19.5226        0.00000
      30        19.7028        0.00000
      31        20.0204        0.00000
      32        20.5844        0.00000
      33        21.0569        0.00000
      34        21.6313        0.00000

 227/352 kpoint (Cartesian) = 0.11247 -0.084352 0.055642 (7394 pws)
       1       -47.6636     0.00571429
       2       -47.6426     0.00571429
       3       -17.5638     0.00571429
       4       -17.5494     0.00571429
       5       -17.4364     0.00571429
       6       -17.3609     0.00571429
       7       -17.2849     0.00571429
       8       -17.2747     0.00571429
       9       -4.81164     0.00571429
      10       -4.69914     0.00571429
      11       -4.45729     0.00571429
      12       -4.40126     0.00571429
      13        6.62861     0.00571429
      14        6.93219     0.00571429
      15        7.77778     0.00571429
      16        7.84342     0.00571429
      17        8.26409     0.00571429
      18        8.61310     0.00571429
      19        9.72280     0.00571429
      20        10.3559     0.00571429
      21        10.6023     0.00571429
      22        10.6763     0.00571429
      23        10.9981     0.00571429
      24        11.2333     0.00571429
      25        17.1940        0.00000
      26        17.5105        0.00000
      27        17.5657        0.00000
      28        17.8531        0.00000
      29        19.3120        0.00000
      30        19.7163        0.00000
      31        19.8672        0.00000
      32        20.3203        0.00000
      33        21.0850        0.00000
      34        21.3854        0.00000

 228/352 kpoint (Cartesian) = 0.14059 0.084352 -0.055642 (7376 pws)
       1       -47.6630     0.00571429
       2       -47.6420     0.00571429
       3       -17.5834     0.00571429
       4       -17.5748     0.00571429
       5       -17.3954     0.00571429
       6       -17.3851     0.00571429
       7       -17.2914     0.00571429
       8       -17.2802     0.00571429
       9       -4.72427     0.00571429
      10       -4.71842     0.00571429
      11       -4.42228     0.00571429
      12       -4.41911     0.00571429
      13        6.66017     0.00571429
      14        6.66781     0.00571429
      15        7.95060     0.00571429
      16        7.95379     0.00571429
      17        8.33691     0.00571429
      18        8.35062     0.00571429
      19        10.1905     0.00571429
      20        10.1945     0.00571429
      21        10.5954     0.00571429
      22        10.6011     0.00571429
      23        11.1110     0.00571429
      24        11.1174     0.00571429
      25        17.3441        0.00000
      26        17.3699        0.00000
      27        17.7093        0.00000
      28        17.7149        0.00000
      29        19.3590        0.00000
      30        19.3855        0.00000
      31        20.0902        0.00000
      32        20.1039        0.00000
      33        21.1980        0.00000
      34        21.2311        0.00000

 229/352 kpoint (Cartesian) = 0.11247 0.084352 -0.055642 (7394 pws)
       1       -47.6636     0.00571429
       2       -47.6426     0.00571429
       3       -17.5642     0.00571429
       4       -17.5491     0.00571429
       5       -17.4365     0.00571429
       6       -17.3609     0.00571429
       7       -17.2846     0.00571429
       8       -17.2748     0.00571429
       9       -4.80740     0.00571429
      10       -4.70310     0.00571429
      11       -4.45840     0.00571429
      12       -4.40064     0.00571429
      13        6.62832     0.00571429
      14        6.93225     0.00571429
      15        7.77901     0.00571429
      16        7.84686     0.00571429
      17        8.26587     0.00571429
      18        8.60757     0.00571429
      19        9.72620     0.00571429
      20        10.3498     0.00571429
      21        10.6037     0.00571429
      22        10.6761     0.00571429
      23        11.0019     0.00571429
      24        11.2298     0.00571429
      25        17.1950        0.00000
      26        17.5065        0.00000
      27        17.5703        0.00000
      28        17.8514        0.00000
      29        19.3130        0.00000
      30        19.7148        0.00000
      31        19.8690        0.00000
      32        20.3166        0.00000
      33        21.0961        0.00000
      34        21.3747        0.00000

 230/352 kpoint (Cartesian) = 0.084352 0.084352 -0.055642 (7393 pws)
       1       -47.6653     0.00571429
       2       -47.6439     0.00571429
       3       -17.5187     0.00571429
       4       -17.4911     0.00571429
       5       -17.4832     0.00571429
       6       -17.3393     0.00571429
       7       -17.2730     0.00571429
       8       -17.2577     0.00571429
       9       -5.03734     0.00571429
      10       -4.71189     0.00571429
      11       -4.44994     0.00571429
      12       -4.39154     0.00571429
      13        6.81235     0.00571429
      14        7.28867     0.00571429
      15        7.53147     0.00571429
      16        7.74902     0.00571429
      17        8.09804     0.00571429
      18        8.98924     0.00571429
      19        9.34562     0.00571429
      20        10.2135     0.00571429
      21        10.2877     0.00571429
      22        10.8011     0.00571429
      23        11.1460     0.00571429
      24        11.1767     0.00571429
      25        17.1417        0.00000
      26        17.3521        0.00000
      27        17.6860        0.00000
      28        17.8408        0.00000
      29        19.5281        0.00000
      30        19.6970        0.00000
      31        20.0143        0.00000
      32        20.5879        0.00000
      33        21.0679        0.00000
      34        21.6204        0.00000

 231/352 kpoint (Cartesian) = 0.056235 0.084352 -0.055642 (7396 pws)
       1       -47.6674     0.00571429
       2       -47.6456     0.00571429
       3       -17.5367     0.00571429
       4       -17.4816     0.00571429
       5       -17.4172     0.00571429
       6       -17.2952     0.00571429
       7       -17.2575     0.00571429
       8       -17.2382     0.00571429
       9       -5.31466     0.00571429
      10       -4.80136     0.00571429
      11       -4.45974     0.00571429
      12       -4.28416     0.00571429
      13        7.11564     0.00571429
      14        7.22798     0.00571429
      15        7.39966     0.00571429
      16        7.83952     0.00571429
      17        8.20245     0.00571429
      18        9.01558     0.00571429
      19        9.53081     0.00571429
      20        9.63733     0.00571429
      21        10.2803     0.00571429
      22        10.8011     0.00571429
      23        10.9430     0.00571429
      24        11.2202     0.00571429
      25        17.1228        0.00000
      26        17.3022        0.00000
      27        17.5801        0.00000
      28        17.7409        0.00000
      29        19.4548        0.00000
      30        19.7840        0.00000
      31        20.2382        0.00000
      32        21.0022        0.00000
      33        21.1835        0.00000
      34        21.8577        0.00000

 232/352 kpoint (Cartesian) = 0.028117 0.084352 -0.055642 (7413 pws)
       1       -47.6691     0.00571429
       2       -47.6470     0.00571429
       3       -17.5678     0.00571429
       4       -17.4759     0.00571429
       5       -17.3665     0.00571429
       6       -17.2551     0.00571429
       7       -17.2329     0.00571429
       8       -17.2141     0.00571429
       9       -5.52973     0.00571429
      10       -4.92276     0.00571429
      11       -4.43002     0.00571429
      12       -4.19251     0.00571429
      13        7.01540     0.00571429
      14        7.31222     0.00571429
      15        7.47381     0.00571429
      16        7.87044     0.00571429
      17        8.38077     0.00571429
      18        9.09670     0.00571429
      19        9.24908     0.00571429
      20        9.92355     0.00571429
      21        10.2854     0.00571429
      22        10.6396     0.00571429
      23        10.6496     0.00571429
      24        11.1698     0.00571429
      25        16.9857        0.00000
      26        17.2922        0.00000
      27        17.4483        0.00000
      28        17.6849        0.00000
      29        19.3166        0.00000
      30        19.7381        0.00000
      31        20.6655        0.00000
      32        21.1546        0.00000
      33        21.5235        0.00000
      34        21.8769        0.00000

 233/352 kpoint (Cartesian) = 0.0000 -0.056235 0.055642 (7405 pws)
       1       -47.6722     0.00571429
       2       -47.6489     0.00571429
       3       -17.5619     0.00571429
       4       -17.3833     0.00571429
       5       -17.3302     0.00571429
       6       -17.2520     0.00571429
       7       -17.2114     0.00571429
       8       -17.1898     0.00571429
       9       -5.87047     0.00571429
      10       -4.90529     0.00571429
      11       -4.53855     0.00571429
      12       -4.06888     0.00571429
      13        6.73201     0.00571429
      14        7.26201     0.00571429
      15        7.31176     0.00571429
      16        8.09893     0.00571429
      17        8.20056     0.00571429
      18        8.28163     0.00571429
      19        9.95308     0.00571429
      20        10.1191     0.00571429
      21        10.4408     0.00571429
      22        10.5664     0.00571429
      23        10.9326     0.00571429
      24        11.2529     0.00571429
      25        16.9304        0.00000
      26        17.0409        0.00000
      27        17.5372        0.00000
      28        17.6817        0.00000
      29        19.2461        0.00000
      30        20.0029        0.00000
      31        20.7164        0.00000
      32        21.0623        0.00000
      33        21.5788        0.00000
      34        22.1940        0.00000

 234/352 kpoint (Cartesian) = 0.028117 -0.056235 0.055642 (7403 pws)
       1       -47.6715     0.00571429
       2       -47.6484     0.00571429
       3       -17.5521     0.00571429
       4       -17.3913     0.00571429
       5       -17.3422     0.00571429
       6       -17.2636     0.00571429
       7       -17.2227     0.00571429
       8       -17.2014     0.00571429
       9       -5.79271     0.00571429
      10       -4.86504     0.00571429
      11       -4.54641     0.00571429
      12       -4.10335     0.00571429
      13        6.78468     0.00571429
      14        7.25485     0.00571429
      15        7.29696     0.00571429
      16        7.93625     0.00571429
      17        8.34324     0.00571429
      18        8.50999     0.00571429
      19        9.76338     0.00571429
      20        10.0799     0.00571429
      21        10.1866     0.00571429
      22        10.6845     0.00571429
      23        10.9557     0.00571429
      24        11.3400     0.00571429
      25        17.0056        0.00000
      26        17.1170        0.00000
      27        17.5562        0.00000
      28        17.6615        0.00000
      29        19.3207        0.00000
      30        20.0013        0.00000
      31        20.5051        0.00000
      32        21.1066        0.00000
      33        21.5013        0.00000
      34        21.9931        0.00000

 235/352 kpoint (Cartesian) = 0.056235 -0.056235 0.055642 (7410 pws)
       1       -47.6697     0.00571429
       2       -47.6472     0.00571429
       3       -17.5297     0.00571429
       4       -17.4261     0.00571429
       5       -17.3814     0.00571429
       6       -17.2855     0.00571429
       7       -17.2483     0.00571429
       8       -17.2170     0.00571429
       9       -5.58500     0.00571429
      10       -4.79768     0.00571429
      11       -4.53685     0.00571429
      12       -4.18968     0.00571429
      13        6.94935     0.00571429
      14        7.25933     0.00571429
      15        7.26952     0.00571429
      16        7.83423     0.00571429
      17        8.38545     0.00571429
      18        9.03959     0.00571429
      19        9.34854     0.00571429
      20        9.73987     0.00571429
      21        10.1629     0.00571429
      22        10.8481     0.00571429
      23        10.9438     0.00571429
      24        11.3562     0.00571429
      25        17.1377        0.00000
      26        17.1947        0.00000
      27        17.6325        0.00000
      28        17.6573        0.00000
      29        19.4878        0.00000
      30        19.9162        0.00000
      31        20.2583        0.00000
      32        21.1284        0.00000
      33        21.2134        0.00000
      34        21.9693        0.00000

 236/352 kpoint (Cartesian) = 0.084352 -0.056235 0.055642 (7396 pws)
       1       -47.6674     0.00571429
       2       -47.6456     0.00571429
       3       -17.5347     0.00571429
       4       -17.4809     0.00571429
       5       -17.4182     0.00571429
       6       -17.2957     0.00571429
       7       -17.2579     0.00571429
       8       -17.2379     0.00571429
       9       -5.31938     0.00571429
      10       -4.80345     0.00571429
      11       -4.45856     0.00571429
      12       -4.28179     0.00571429
      13        7.11831     0.00571429
      14        7.22910     0.00571429
      15        7.39368     0.00571429
      16        7.83328     0.00571429
      17        8.20367     0.00571429
      18        9.00903     0.00571429
      19        9.53515     0.00571429
      20        9.63311     0.00571429
      21        10.2908     0.00571429
      22        10.8097     0.00571429
      23        10.9385     0.00571429
      24        11.2221     0.00571429
      25        17.1188        0.00000
      26        17.3078        0.00000
      27        17.5796        0.00000
      28        17.7383        0.00000
      29        19.4601        0.00000
      30        19.7867        0.00000
      31        20.2455        0.00000
      32        20.9971        0.00000
      33        21.1841        0.00000
      34        21.8717        0.00000

 237/352 kpoint (Cartesian) = 0.11247 -0.056235 0.055642 (7405 pws)
       1       -47.6656     0.00571429
       2       -47.6444     0.00571429
       3       -17.5752     0.00571429
       4       -17.5480     0.00571429
       5       -17.3854     0.00571429
       6       -17.3036     0.00571429
       7       -17.2650     0.00571429
       8       -17.2559     0.00571429
       9       -5.08871     0.00571429
      10       -4.85950     0.00571429
      11       -4.38802     0.00571429
      12       -4.32680     0.00571429
      13        7.04340     0.00571429
      14        7.36522     0.00571429
      15        7.60479     0.00571429
      16        7.81360     0.00571429
      17        8.12948     0.00571429
      18        8.55647     0.00571429
      19        9.77496     0.00571429
      20        10.1415     0.00571429
      21        10.4509     0.00571429
      22        10.5573     0.00571429
      23        10.8749     0.00571429
      24        11.0242     0.00571429
      25        17.1664        0.00000
      26        17.3608        0.00000
      27        17.4754        0.00000
      28        17.6561        0.00000
      29        19.2641        0.00000
      30        19.6634        0.00000
      31        20.3614        0.00000
      32        20.9233        0.00000
      33        21.2615        0.00000
      34        21.6124        0.00000

 238/352 kpoint (Cartesian) = 0.14059 -0.056235 0.055642 (7402 pws)
       1       -47.6649     0.00571429
       2       -47.6439     0.00571429
       3       -17.5898     0.00571429
       4       -17.5801     0.00571429
       5       -17.3438     0.00571429
       6       -17.3314     0.00571429
       7       -17.2697     0.00571429
       8       -17.2585     0.00571429
       9       -4.94784     0.00571429
      10       -4.94034     0.00571429
      11       -4.35037     0.00571429
      12       -4.34784     0.00571429
      13        7.13260     0.00571429
      14        7.13951     0.00571429
      15        7.92670     0.00571429
      16        7.93883     0.00571429
      17        8.13540     0.00571429
      18        8.14144     0.00571429
      19        10.1666     0.00571429
      20        10.1708     0.00571429
      21        10.4704     0.00571429
      22        10.4771     0.00571429
      23        10.8439     0.00571429
      24        10.8512     0.00571429
      25        17.2668        0.00000
      26        17.2765        0.00000
      27        17.5174        0.00000
      28        17.5255        0.00000
      29        19.3410        0.00000
      30        19.3642        0.00000
      31        20.6704        0.00000
      32        20.6929        0.00000
      33        21.4133        0.00000
      34        21.4408        0.00000

 239/352 kpoint (Cartesian) = 0.11247 0.056235 -0.055642 (7405 pws)
       1       -47.6656     0.00571429
       2       -47.6444     0.00571429
       3       -17.5752     0.00571429
       4       -17.5479     0.00571429
       5       -17.3853     0.00571429
       6       -17.3035     0.00571429
       7       -17.2651     0.00571429
       8       -17.2559     0.00571429
       9       -5.08327     0.00571429
      10       -4.86514     0.00571429
      11       -4.38617     0.00571429
      12       -4.32872     0.00571429
      13        7.04135     0.00571429
      14        7.36974     0.00571429
      15        7.60617     0.00571429
      16        7.81932     0.00571429
      17        8.12433     0.00571429
      18        8.55045     0.00571429
      19        9.78079     0.00571429
      20        10.1467     0.00571429
      21        10.4433     0.00571429
      22        10.5560     0.00571429
      23        10.8703     0.00571429
      24        11.0275     0.00571429
      25        17.1666        0.00000
      26        17.3618        0.00000
      27        17.4764        0.00000
      28        17.6555        0.00000
      29        19.2623        0.00000
      30        19.6614        0.00000
      31        20.3673        0.00000
      32        20.9222        0.00000
      33        21.2705        0.00000
      34        21.6011        0.00000

 240/352 kpoint (Cartesian) = 0.084352 0.056235 -0.055642 (7396 pws)
       1       -47.6674     0.00571429
       2       -47.6456     0.00571429
       3       -17.5345     0.00571429
       4       -17.4809     0.00571429
       5       -17.4182     0.00571429
       6       -17.2957     0.00571429
       7       -17.2577     0.00571429
       8       -17.2383     0.00571429
       9       -5.31553     0.00571429
      10       -4.80811     0.00571429
      11       -4.45703     0.00571429
      12       -4.28295     0.00571429
      13        7.11500     0.00571429
      14        7.23073     0.00571429
      15        7.39995     0.00571429
      16        7.83877     0.00571429
      17        8.19544     0.00571429
      18        9.00430     0.00571429
      19        9.54247     0.00571429
      20        9.63814     0.00571429
      21        10.2836     0.00571429
      22        10.8090     0.00571429
      23        10.9341     0.00571429
      24        11.2242     0.00571429
      25        17.1244        0.00000
      26        17.2999        0.00000
      27        17.5828        0.00000
      28        17.7389        0.00000
      29        19.4560        0.00000
      30        19.7834        0.00000
      31        20.2481        0.00000
      32        21.0115        0.00000
      33        21.1857        0.00000
      34        21.8623        0.00000

 241/352 kpoint (Cartesian) = 0.056235 0.056235 -0.055642 (7410 pws)
       1       -47.6697     0.00571429
       2       -47.6472     0.00571429
       3       -17.5295     0.00571429
       4       -17.4264     0.00571429
       5       -17.3812     0.00571429
       6       -17.2853     0.00571429
       7       -17.2481     0.00571429
       8       -17.2175     0.00571429
       9       -5.58267     0.00571429
      10       -4.80063     0.00571429
      11       -4.53628     0.00571429
      12       -4.19003     0.00571429
      13        6.94990     0.00571429
      14        7.25542     0.00571429
      15        7.27358     0.00571429
      16        7.83986     0.00571429
      17        8.37840     0.00571429
      18        9.04183     0.00571429
      19        9.35433     0.00571429
      20        9.74098     0.00571429
      21        10.1574     0.00571429
      22        10.8449     0.00571429
      23        10.9424     0.00571429
      24        11.3572     0.00571429
      25        17.1423        0.00000
      26        17.1890        0.00000
      27        17.6333        0.00000
      28        17.6584        0.00000
      29        19.4752        0.00000
      30        19.9232        0.00000
      31        20.2586        0.00000
      32        21.1389        0.00000
      33        21.2193        0.00000
      34        21.9802        0.00000

 242/352 kpoint (Cartesian) = 0.028117 0.056235 -0.055642 (7403 pws)
       1       -47.6715     0.00571429
       2       -47.6484     0.00571429
       3       -17.5520     0.00571429
       4       -17.3914     0.00571429
       5       -17.3423     0.00571429
       6       -17.2633     0.00571429
       7       -17.2224     0.00571429
       8       -17.2020     0.00571429
       9       -5.79162     0.00571429
      10       -4.86611     0.00571429
      11       -4.54660     0.00571429
      12       -4.10341     0.00571429
      13        6.78491     0.00571429
      14        7.25514     0.00571429
      15        7.29674     0.00571429
      16        7.93844     0.00571429
      17        8.34052     0.00571429
      18        8.51156     0.00571429
      19        9.76860     0.00571429
      20        10.0793     0.00571429
      21        10.1841     0.00571429
      22        10.6822     0.00571429
      23        10.9528     0.00571429
      24        11.3413     0.00571429
      25        16.9961        0.00000
      26        17.1274        0.00000
      27        17.5537        0.00000
      28        17.6631        0.00000
      29        19.3130        0.00000
      30        20.0047        0.00000
      31        20.5082        0.00000
      32        21.1086        0.00000
      33        21.5031        0.00000
      34        22.0097        0.00000

 243/352 kpoint (Cartesian) = 0.0000 -0.028117 0.055642 (7381 pws)
       1       -47.6741     0.00571429
       2       -47.6501     0.00571429
       3       -17.5667     0.00571429
       4       -17.3175     0.00571429
       5       -17.2814     0.00571429
       6       -17.2604     0.00571429
       7       -17.1980     0.00571429
       8       -17.1883     0.00571429
       9       -6.07255     0.00571429
      10       -4.88650     0.00571429
      11       -4.62181     0.00571429
      12       -3.98645     0.00571429
      13        6.70885     0.00571429
      14        7.15847     0.00571429
      15        7.18424     0.00571429
      16        7.72499     0.00571429
      17        8.16566     0.00571429
      18        8.18903     0.00571429
      19        9.83582     0.00571429
      20        10.3420     0.00571429
      21        10.6345     0.00571429
      22        10.6516     0.00571429
      23        11.3632     0.00571429
      24        11.4495     0.00571429
      25        16.7980        0.00000
      26        16.8259        0.00000
      27        17.5714        0.00000
      28        17.6548        0.00000
      29        19.0362        0.00000
      30        20.3854        0.00000
      31        20.7440        0.00000
      32        21.0076        0.00000
      33        21.8555        0.00000
      34        22.2107        0.00000

 244/352 kpoint (Cartesian) = 0.028117 -0.028117 0.055642 (7410 pws)
       1       -47.6734     0.00571429
       2       -47.6496     0.00571429
       3       -17.5605     0.00571429
       4       -17.3364     0.00571429
       5       -17.2934     0.00571429
       6       -17.2660     0.00571429
       7       -17.2076     0.00571429
       8       -17.1932     0.00571429
       9       -5.99697     0.00571429
      10       -4.86832     0.00571429
      11       -4.61112     0.00571429
      12       -4.01969     0.00571429
      13        6.70886     0.00571429
      14        7.14374     0.00571429
      15        7.23891     0.00571429
      16        7.94290     0.00571429
      17        8.08326     0.00571429
      18        8.27307     0.00571429
      19        9.88045     0.00571429
      20        10.2567     0.00571429
      21        10.4464     0.00571429
      22        10.6676     0.00571429
      23        11.1948     0.00571429
      24        11.4725     0.00571429
      25        16.8956        0.00000
      26        16.9127        0.00000
      27        17.5837        0.00000
      28        17.6409        0.00000
      29        19.1331        0.00000
      30        20.3955        0.00000
      31        20.4485        0.00000
      32        21.0675        0.00000
      33        21.7524        0.00000
      34        22.0588        0.00000

 245/352 kpoint (Cartesian) = 0.056235 -0.028117 0.055642 (7403 pws)
       1       -47.6715     0.00571429
       2       -47.6485     0.00571429
       3       -17.5515     0.00571429
       4       -17.3913     0.00571429
       5       -17.3421     0.00571429
       6       -17.2633     0.00571429
       7       -17.2216     0.00571429
       8       -17.2025     0.00571429
       9       -5.79512     0.00571429
      10       -4.86992     0.00571429
      11       -4.54327     0.00571429
      12       -4.10197     0.00571429
      13        6.78972     0.00571429
      14        7.24772     0.00571429
      15        7.29530     0.00571429
      16        7.93487     0.00571429
      17        8.34093     0.00571429
      18        8.51023     0.00571429
      19        9.77159     0.00571429
      20        10.0840     0.00571429
      21        10.1808     0.00571429
      22        10.6822     0.00571429
      23        10.9612     0.00571429
      24        11.3394     0.00571429
      25        16.9922        0.00000
      26        17.1283        0.00000
      27        17.5546        0.00000
      28        17.6579        0.00000
      29        19.3274        0.00000
      30        19.9950        0.00000
      31        20.5133        0.00000
      32        21.1104        0.00000
      33        21.4908        0.00000
      34        22.0121        0.00000

 246/352 kpoint (Cartesian) = 0.084352 -0.028117 0.055642 (7413 pws)
       1       -47.6691     0.00571429
       2       -47.6470     0.00571429
       3       -17.5660     0.00571429
       4       -17.4752     0.00571429
       5       -17.3668     0.00571429
       6       -17.2552     0.00571429
       7       -17.2317     0.00571429
       8       -17.2154     0.00571429
       9       -5.53599     0.00571429
      10       -4.92865     0.00571429
      11       -4.42735     0.00571429
      12       -4.18916     0.00571429
      13        7.01752     0.00571429
      14        7.31175     0.00571429
      15        7.46407     0.00571429
      16        7.86852     0.00571429
      17        8.37828     0.00571429
      18        9.09059     0.00571429
      19        9.25388     0.00571429
      20        9.92255     0.00571429
      21        10.2958     0.00571429
      22        10.6432     0.00571429
      23        10.6536     0.00571429
      24        11.1707     0.00571429
      25        16.9858        0.00000
      26        17.2900        0.00000
      27        17.4485        0.00000
      28        17.6787        0.00000
      29        19.3298        0.00000
      30        19.7343        0.00000
      31        20.6756        0.00000
      32        21.1561        0.00000
      33        21.5296        0.00000
      34        21.8821        0.00000

 247/352 kpoint (Cartesian) = 0.11247 -0.028117 0.055642 (7415 pws)
       1       -47.6672     0.00571429
       2       -47.6459     0.00571429
       3       -17.5965     0.00571429
       4       -17.5552     0.00571429
       5       -17.3412     0.00571429
       6       -17.2610     0.00571429
       7       -17.2424     0.00571429
       8       -17.2219     0.00571429
       9       -5.30160     0.00571429
      10       -5.01646     0.00571429
      11       -4.33548     0.00571429
      12       -4.24237     0.00571429
      13        7.24697     0.00571429
      14        7.36652     0.00571429
      15        7.72181     0.00571429
      16        7.85280     0.00571429
      17        8.35720     0.00571429
      18        8.76443     0.00571429
      19        9.60527     0.00571429
      20        9.86744     0.00571429
      21        10.2897     0.00571429
      22        10.3275     0.00571429
      23        10.6829     0.00571429
      24        11.0328     0.00571429
      25        16.9808        0.00000
      26        17.2435        0.00000
      27        17.3933        0.00000
      28        17.6107        0.00000
      29        19.2051        0.00000
      30        19.5923        0.00000
      31        20.8604        0.00000
      32        21.2671        0.00000
      33        21.5606        0.00000
      34        21.7298        0.00000

 248/352 kpoint (Cartesian) = 0.14059 -0.028117 0.055642 (7402 pws)
       1       -47.6664     0.00571429
       2       -47.6455     0.00571429
       3       -17.6034     0.00571429
       4       -17.5943     0.00571429
       5       -17.3032     0.00571429
       6       -17.2946     0.00571429
       7       -17.2392     0.00571429
       8       -17.2239     0.00571429
       9       -5.13774     0.00571429
      10       -5.12790     0.00571429
      11       -4.28124     0.00571429
      12       -4.27846     0.00571429
      13        7.34314     0.00571429
      14        7.35559     0.00571429
      15        7.91172     0.00571429
      16        7.92426     0.00571429
      17        8.39758     0.00571429
      18        8.40058     0.00571429
      19        9.96529     0.00571429
      20        9.96871     0.00571429
      21        10.0598     0.00571429
      22        10.0707     0.00571429
      23        10.8739     0.00571429
      24        10.8838     0.00571429
      25        17.0457        0.00000
      26        17.0574        0.00000
      27        17.4934        0.00000
      28        17.5097        0.00000
      29        19.3172        0.00000
      30        19.3378        0.00000
      31        21.1451        0.00000
      32        21.1721        0.00000
      33        21.6001        0.00000
      34        21.6206        0.00000

 249/352 kpoint (Cartesian) = 0.11247 0.028117 -0.055642 (7415 pws)
       1       -47.6672     0.00571429
       2       -47.6459     0.00571429
       3       -17.5963     0.00571429
       4       -17.5552     0.00571429
       5       -17.3410     0.00571429
       6       -17.2613     0.00571429
       7       -17.2425     0.00571429
       8       -17.2219     0.00571429
       9       -5.29553     0.00571429
      10       -5.02279     0.00571429
      11       -4.33299     0.00571429
      12       -4.24494     0.00571429
      13        7.24336     0.00571429
      14        7.37039     0.00571429
      15        7.73338     0.00571429
      16        7.85035     0.00571429
      17        8.34919     0.00571429
      18        8.76085     0.00571429
      19        9.60931     0.00571429
      20        9.87652     0.00571429
      21        10.2870     0.00571429
      22        10.3184     0.00571429
      23        10.6791     0.00571429
      24        11.0367     0.00571429
      25        16.9793        0.00000
      26        17.2483        0.00000
      27        17.3993        0.00000
      28        17.6049        0.00000
      29        19.2007        0.00000
      30        19.5915        0.00000
      31        20.8701        0.00000
      32        21.2734        0.00000
      33        21.5647        0.00000
      34        21.7179        0.00000

 250/352 kpoint (Cartesian) = 0.084352 0.028117 -0.055642 (7413 pws)
       1       -47.6691     0.00571429
       2       -47.6470     0.00571429
       3       -17.5657     0.00571429
       4       -17.4751     0.00571429
       5       -17.3667     0.00571429
       6       -17.2550     0.00571429
       7       -17.2323     0.00571429
       8       -17.2155     0.00571429
       9       -5.53143     0.00571429
      10       -4.93397     0.00571429
      11       -4.42546     0.00571429
      12       -4.19080     0.00571429
      13        7.01704     0.00571429
      14        7.31064     0.00571429
      15        7.47237     0.00571429
      16        7.87136     0.00571429
      17        8.36980     0.00571429
      18        9.09358     0.00571429
      19        9.25191     0.00571429
      20        9.92924     0.00571429
      21        10.2882     0.00571429
      22        10.6392     0.00571429
      23        10.6524     0.00571429
      24        11.1737     0.00571429
      25        16.9882        0.00000
      26        17.2871        0.00000
      27        17.4563        0.00000
      28        17.6757        0.00000
      29        19.3202        0.00000
      30        19.7356        0.00000
      31        20.6828        0.00000
      32        21.1704        0.00000
      33        21.5384        0.00000
      34        21.8739        0.00000

 251/352 kpoint (Cartesian) = 0.056235 0.028117 -0.055642 (7403 pws)
       1       -47.6715     0.00571429
       2       -47.6485     0.00571429
       3       -17.5511     0.00571429
       4       -17.3914     0.00571429
       5       -17.3420     0.00571429
       6       -17.2632     0.00571429
       7       -17.2220     0.00571429
       8       -17.2028     0.00571429
       9       -5.79224     0.00571429
      10       -4.87377     0.00571429
      11       -4.54205     0.00571429
      12       -4.10268     0.00571429
      13        6.78866     0.00571429
      14        7.25402     0.00571429
      15        7.29430     0.00571429
      16        7.93791     0.00571429
      17        8.33574     0.00571429
      18        8.51131     0.00571429
      19        9.77104     0.00571429
      20        10.0792     0.00571429
      21        10.1852     0.00571429
      22        10.6789     0.00571429
      23        10.9605     0.00571429
      24        11.3408     0.00571429
      25        16.9987        0.00000
      26        17.1211        0.00000
      27        17.5595        0.00000
      28        17.6565        0.00000
      29        19.3134        0.00000
      30        20.0010        0.00000
      31        20.5204        0.00000
      32        21.1193        0.00000
      33        21.5064        0.00000
      34        22.0099        0.00000

 252/352 kpoint (Cartesian) = -0.028117 -0.028117 0.055642 (7410 pws)
       1       -47.6734     0.00571429
       2       -47.6496     0.00571429
       3       -17.5603     0.00571429
       4       -17.3365     0.00571429
       5       -17.2932     0.00571429
       6       -17.2659     0.00571429
       7       -17.2076     0.00571429
       8       -17.1937     0.00571429
       9       -5.99559     0.00571429
      10       -4.87010     0.00571429
      11       -4.61076     0.00571429
      12       -4.01992     0.00571429
      13        6.70739     0.00571429
      14        7.14622     0.00571429
      15        7.24128     0.00571429
      16        7.94208     0.00571429
      17        8.08515     0.00571429
      18        8.27039     0.00571429
      19        9.87703     0.00571429
      20        10.2595     0.00571429
      21        10.4476     0.00571429
      22        10.6657     0.00571429
      23        11.1935     0.00571429
      24        11.4734     0.00571429
      25        16.8976        0.00000
      26        16.9103        0.00000
      27        17.5839        0.00000
      28        17.6425        0.00000
      29        19.1248        0.00000
      30        20.3995        0.00000
      31        20.4545        0.00000
      32        21.0709        0.00000
      33        21.7625        0.00000
      34        22.0627        0.00000

 253/352 kpoint (Cartesian) = 0.0000 0.0000 0.083463 (7379 pws)
       1       -47.6734     0.00571429
       2       -47.6520     0.00571429
       3       -17.4856     0.00571429
       4       -17.3849     0.00571429
       5       -17.2422     0.00571429
       6       -17.2421     0.00571429
       7       -17.2107     0.00571429
       8       -17.2094     0.00571429
       9       -5.77099     0.00571429
      10       -5.32749     0.00571429
      11       -4.43191     0.00571429
      12       -4.18649     0.00571429
      13        7.33263     0.00571429
      14        7.33805     0.00571429
      15        7.64154     0.00571429
      16        7.79945     0.00571429
      17        7.80343     0.00571429
      18        8.35090     0.00571429
      19        8.68190     0.00571429
      20        9.36185     0.00571429
      21        10.9006     0.00571429
      22        10.9139     0.00571429
      23        11.5695     0.00571429
      24        11.5793     0.00571429
      25        16.9615        0.00000
      26        17.1474        0.00000
      27        17.3100        0.00000
      28        17.4668        0.00000
      29        19.7175        0.00000
      30        20.7356        0.00000
      31        21.1623        0.00000
      32        21.1796        0.00000
      33        21.3877        0.00000
      34        21.8037        0.00000

 254/352 kpoint (Cartesian) = 0.028117 0.0000 0.083463 (7385 pws)
       1       -47.6728     0.00571429
       2       -47.6514     0.00571429
       3       -17.4916     0.00571429
       4       -17.4008     0.00571429
       5       -17.2583     0.00571429
       6       -17.2402     0.00571429
       7       -17.2177     0.00571429
       8       -17.2099     0.00571429
       9       -5.71657     0.00571429
      10       -5.29456     0.00571429
      11       -4.42925     0.00571429
      12       -4.20098     0.00571429
      13        7.27224     0.00571429
      14        7.37062     0.00571429
      15        7.53079     0.00571429
      16        7.81370     0.00571429
      17        7.97715     0.00571429
      18        8.48992     0.00571429
      19        8.81109     0.00571429
      20        9.43565     0.00571429
      21        10.7499     0.00571429
      22        10.8292     0.00571429
      23        11.4147     0.00571429
      24        11.4622     0.00571429
      25        17.0187        0.00000
      26        17.1734        0.00000
      27        17.3515        0.00000
      28        17.4906        0.00000
      29        19.6528        0.00000
      30        20.2984        0.00000
      31        21.1708        0.00000
      32        21.2318        0.00000
      33        21.5500        0.00000
      34        21.8838        0.00000

 255/352 kpoint (Cartesian) = 0.056235 0.0000 0.083463 (7394 pws)
       1       -47.6712     0.00571429
       2       -47.6499     0.00571429
       3       -17.5215     0.00571429
       4       -17.4474     0.00571429
       5       -17.2915     0.00571429
       6       -17.2352     0.00571429
       7       -17.2270     0.00571429
       8       -17.2079     0.00571429
       9       -5.58051     0.00571429
      10       -5.23139     0.00571429
      11       -4.40480     0.00571429
      12       -4.22722     0.00571429
      13        7.22860     0.00571429
      14        7.44573     0.00571429
      15        7.47933     0.00571429
      16        7.85108     0.00571429
      17        8.18927     0.00571429
      18        8.80320     0.00571429
      19        9.15349     0.00571429
      20        9.56699     0.00571429
      21        10.3573     0.00571429
      22        10.6387     0.00571429
      23        11.0195     0.00571429
      24        11.2244     0.00571429
      25        17.0502        0.00000
      26        17.1101        0.00000
      27        17.5149        0.00000
      28        17.5595        0.00000
      29        19.4346        0.00000
      30        19.9041        0.00000
      31        21.1837        0.00000
      32        21.3082        0.00000
      33        21.6205        0.00000
      34        21.9776        0.00000

 256/352 kpoint (Cartesian) = 0.084352 0.0000 0.083463 (7398 pws)
       1       -47.6692     0.00571429
       2       -47.6481     0.00571429
       3       -17.5773     0.00571429
       4       -17.5218     0.00571429
       5       -17.2981     0.00571429
       6       -17.2330     0.00571429
       7       -17.2287     0.00571429
       8       -17.2057     0.00571429
       9       -5.43245     0.00571429
      10       -5.20043     0.00571429
      11       -4.33874     0.00571429
      12       -4.22800     0.00571429
      13        7.30562     0.00571429
      14        7.45111     0.00571429
      15        7.63470     0.00571429
      16        7.90128     0.00571429
      17        8.35997     0.00571429
      18        9.13394     0.00571429
      19        9.51173     0.00571429
      20        9.55538     0.00571429
      21        10.0496     0.00571429
      22        10.3919     0.00571429
      23        10.5787     0.00571429
      24        10.9993     0.00571429
      25        16.9814        0.00000
      26        17.0735        0.00000
      27        17.4994        0.00000
      28        17.6132        0.00000
      29        19.2840        0.00000
      30        19.5989        0.00000
      31        21.3000        0.00000
      32        21.4449        0.00000
      33        21.7374        0.00000
      34        22.0172        0.00000

 257/352 kpoint (Cartesian) = 0.11247 0.0000 0.083463 (7423 pws)
       1       -47.6676     0.00571429
       2       -47.6466     0.00571429
       3       -17.6249     0.00571429
       4       -17.5948     0.00571429
       5       -17.2806     0.00571429
       6       -17.2419     0.00571429
       7       -17.2230     0.00571429
       8       -17.2043     0.00571429
       9       -5.32847     0.00571429
      10       -5.21734     0.00571429
      11       -4.25497     0.00571429
      12       -4.19987     0.00571429
      13        7.44012     0.00571429
      14        7.52313     0.00571429
      15        7.79331     0.00571429
      16        7.93742     0.00571429
      17        8.51007     0.00571429
      18        9.12646     0.00571429
      19        9.40794     0.00571429
      20        9.68431     0.00571429
      21        10.1785     0.00571429
      22        10.2434     0.00571429
      23        10.2503     0.00571429
      24        10.8209     0.00571429
      25        16.9234        0.00000
      26        17.1693        0.00000
      27        17.2411        0.00000
      28        17.5284        0.00000
      29        19.3170        0.00000
      30        19.4338        0.00000
      31        21.3621        0.00000
      32        21.5239        0.00000
      33        21.7304        0.00000
      34        21.9468        0.00000

 258/352 kpoint (Cartesian) = 0.14059 0.0000 0.083463 (7408 pws)
       1       -47.6670     0.00571429
       2       -47.6461     0.00571429
       3       -17.6373     0.00571429
       4       -17.6299     0.00571429
       5       -17.2614     0.00571429
       6       -17.2555     0.00571429
       7       -17.2207     0.00571429
       8       -17.2040     0.00571429
       9       -5.26842     0.00571429
      10       -5.25739     0.00571429
      11       -4.20014     0.00571429
      12       -4.19763     0.00571429
      13        7.52815     0.00571429
      14        7.54519     0.00571429
      15        7.89872     0.00571429
      16        7.91534     0.00571429
      17        8.75037     0.00571429
      18        8.75480     0.00571429
      19        9.58206     0.00571429
      20        9.59071     0.00571429
      21        10.1010     0.00571429
      22        10.1098     0.00571429
      23        10.5856     0.00571429
      24        10.5970     0.00571429
      25        16.9911        0.00000
      26        17.0054        0.00000
      27        17.3375        0.00000
      28        17.3472        0.00000
      29        19.3773        0.00000
      30        19.3954        0.00000
      31        21.5163        0.00000
      32        21.5467        0.00000
      33        21.7542        0.00000
      34        21.7808        0.00000

 259/352 kpoint (Cartesian) = -0.11247 0.0000 0.083463 (7423 pws)
       1       -47.6676     0.00571429
       2       -47.6466     0.00571429
       3       -17.6247     0.00571429
       4       -17.5949     0.00571429
       5       -17.2802     0.00571429
       6       -17.2423     0.00571429
       7       -17.2230     0.00571429
       8       -17.2044     0.00571429
       9       -5.32116     0.00571429
      10       -5.22466     0.00571429
      11       -4.25333     0.00571429
      12       -4.20166     0.00571429
      13        7.43916     0.00571429
      14        7.52401     0.00571429
      15        7.80531     0.00571429
      16        7.92460     0.00571429
      17        8.51443     0.00571429
      18        9.12345     0.00571429
      19        9.41445     0.00571429
      20        9.67640     0.00571429
      21        10.1815     0.00571429
      22        10.2411     0.00571429
      23        10.2480     0.00571429
      24        10.8231     0.00571429
      25        16.9226        0.00000
      26        17.1724        0.00000
      27        17.2433        0.00000
      28        17.5258        0.00000
      29        19.3111        0.00000
      30        19.4371        0.00000
      31        21.3708        0.00000
      32        21.5266        0.00000
      33        21.7354        0.00000
      34        21.9435        0.00000

 260/352 kpoint (Cartesian) = -0.084352 0.0000 0.083463 (7398 pws)
       1       -47.6692     0.00571429
       2       -47.6481     0.00571429
       3       -17.5770     0.00571429
       4       -17.5219     0.00571429
       5       -17.2979     0.00571429
       6       -17.2334     0.00571429
       7       -17.2286     0.00571429
       8       -17.2058     0.00571429
       9       -5.42639     0.00571429
      10       -5.20679     0.00571429
      11       -4.33671     0.00571429
      12       -4.22997     0.00571429
      13        7.30683     0.00571429
      14        7.44855     0.00571429
      15        7.64330     0.00571429
      16        7.89160     0.00571429
      17        8.36705     0.00571429
      18        9.13935     0.00571429
      19        9.50930     0.00571429
      20        9.54487     0.00571429
      21        10.0494     0.00571429
      22        10.3943     0.00571429
      23        10.5772     0.00571429
      24        11.0012     0.00571429
      25        16.9812        0.00000
      26        17.0762        0.00000
      27        17.5013        0.00000
      28        17.6114        0.00000
      29        19.2769        0.00000
      30        19.6028        0.00000
      31        21.3027        0.00000
      32        21.4561        0.00000
      33        21.7509        0.00000
      34        22.0131        0.00000

 261/352 kpoint (Cartesian) = -0.056235 0.0000 0.083463 (7394 pws)
       1       -47.6712     0.00571429
       2       -47.6499     0.00571429
       3       -17.5212     0.00571429
       4       -17.4475     0.00571429
       5       -17.2914     0.00571429
       6       -17.2352     0.00571429
       7       -17.2274     0.00571429
       8       -17.2079     0.00571429
       9       -5.57646     0.00571429
      10       -5.23585     0.00571429
      11       -4.40338     0.00571429
      12       -4.22844     0.00571429
      13        7.22924     0.00571429
      14        7.44209     0.00571429
      15        7.48464     0.00571429
      16        7.84487     0.00571429
      17        8.19935     0.00571429
      18        8.80632     0.00571429
      19        9.14454     0.00571429
      20        9.56465     0.00571429
      21        10.3572     0.00571429
      22        10.6402     0.00571429
      23        11.0186     0.00571429
      24        11.2257     0.00571429
      25        17.0516        0.00000
      26        17.1103        0.00000
      27        17.5145        0.00000
      28        17.5601        0.00000
      29        19.4240        0.00000
      30        19.9114        0.00000
      31        21.1864        0.00000
      32        21.3233        0.00000
      33        21.6249        0.00000
      34        21.9739        0.00000

 262/352 kpoint (Cartesian) = -0.028117 0.0000 0.083463 (7385 pws)
       1       -47.6728     0.00571429
       2       -47.6514     0.00571429
       3       -17.4914     0.00571429
       4       -17.4009     0.00571429
       5       -17.2582     0.00571429
       6       -17.2402     0.00571429
       7       -17.2179     0.00571429
       8       -17.2099     0.00571429
       9       -5.71461     0.00571429
      10       -5.29671     0.00571429
      11       -4.42871     0.00571429
      12       -4.20145     0.00571429
      13        7.27177     0.00571429
      14        7.37313     0.00571429
      15        7.52650     0.00571429
      16        7.81070     0.00571429
      17        7.98808     0.00571429
      18        8.49022     0.00571429
      19        8.80526     0.00571429
      20        9.43451     0.00571429
      21        10.7501     0.00571429
      22        10.8299     0.00571429
      23        11.4144     0.00571429
      24        11.4627     0.00571429
      25        17.0182        0.00000
      26        17.1740        0.00000
      27        17.3526        0.00000
      28        17.4903        0.00000
      29        19.6404        0.00000
      30        20.3127        0.00000
      31        21.1728        0.00000
      32        21.2398        0.00000
      33        21.5484        0.00000
      34        21.8812        0.00000

 263/352 kpoint (Cartesian) = 0.0000 0.028117 0.083463 (7385 pws)
       1       -47.6728     0.00571429
       2       -47.6514     0.00571429
       3       -17.4910     0.00571429
       4       -17.4015     0.00571429
       5       -17.2590     0.00571429
       6       -17.2403     0.00571429
       7       -17.2184     0.00571429
       8       -17.2086     0.00571429
       9       -5.71360     0.00571429
      10       -5.29518     0.00571429
      11       -4.42882     0.00571429
      12       -4.20297     0.00571429
      13        7.27024     0.00571429
      14        7.37822     0.00571429
      15        7.52732     0.00571429
      16        7.81481     0.00571429
      17        7.98225     0.00571429
      18        8.48894     0.00571429
      19        8.80466     0.00571429
      20        9.43573     0.00571429
      21        10.7370     0.00571429
      22        10.8423     0.00571429
      23        11.4046     0.00571429
      24        11.4702     0.00571429
      25        17.0203        0.00000
      26        17.1733        0.00000
      27        17.3536        0.00000
      28        17.4917        0.00000
      29        19.6403        0.00000
      30        20.3113        0.00000
      31        21.1543        0.00000
      32        21.2548        0.00000
      33        21.5577        0.00000
      34        21.8501        0.00000

 264/352 kpoint (Cartesian) = 0.028117 0.028117 0.083463 (7395 pws)
       1       -47.6722     0.00571429
       2       -47.6508     0.00571429
       3       -17.4932     0.00571429
       4       -17.4137     0.00571429
       5       -17.2714     0.00571429
       6       -17.2481     0.00571429
       7       -17.2275     0.00571429
       8       -17.2089     0.00571429
       9       -5.65678     0.00571429
      10       -5.25762     0.00571429
      11       -4.42984     0.00571429
      12       -4.21958     0.00571429
      13        7.30827     0.00571429
      14        7.31714     0.00571429
      15        7.46360     0.00571429
      16        7.82397     0.00571429
      17        8.10528     0.00571429
      18        8.65415     0.00571429
      19        8.89101     0.00571429
      20        9.52379     0.00571429
      21        10.6024     0.00571429
      22        10.6272     0.00571429
      23        11.3241     0.00571429
      24        11.4259     0.00571429
      25        17.0825        0.00000
      26        17.1832        0.00000
      27        17.3998        0.00000
      28        17.5153        0.00000
      29        19.6185        0.00000
      30        20.1411        0.00000
      31        20.9177        0.00000
      32        21.2697        0.00000
      33        21.6009        0.00000
      34        22.0070        0.00000

 265/352 kpoint (Cartesian) = 0.056235 0.028117 0.083463 (7409 pws)
       1       -47.6706     0.00571429
       2       -47.6494     0.00571429
       3       -17.5147     0.00571429
       4       -17.4510     0.00571429
       5       -17.3084     0.00571429
       6       -17.2573     0.00571429
       7       -17.2323     0.00571429
       8       -17.2115     0.00571429
       9       -5.51428     0.00571429
      10       -5.18205     0.00571429
      11       -4.41505     0.00571429
      12       -4.25146     0.00571429
      13        7.26085     0.00571429
      14        7.38163     0.00571429
      15        7.42778     0.00571429
      16        7.88431     0.00571429
      17        8.26531     0.00571429
      18        9.00389     0.00571429
      19        9.16972     0.00571429
      20        9.65912     0.00571429
      21        10.1480     0.00571429
      22        10.3427     0.00571429
      23        11.0987     0.00571429
      24        11.2792     0.00571429
      25        17.0365        0.00000
      26        17.2613        0.00000
      27        17.4268        0.00000
      28        17.6561        0.00000
      29        19.5036        0.00000
      30        19.8674        0.00000
      31        20.8632        0.00000
      32        21.1678        0.00000
      33        21.6649        0.00000
      34        22.1364        0.00000

 266/352 kpoint (Cartesian) = 0.084352 0.028117 0.083463 (7401 pws)
       1       -47.6686     0.00571429
       2       -47.6475     0.00571429
       3       -17.5672     0.00571429
       4       -17.5165     0.00571429
       5       -17.3193     0.00571429
       6       -17.2542     0.00571429
       7       -17.2350     0.00571429
       8       -17.2177     0.00571429
       9       -5.35906     0.00571429
      10       -5.13833     0.00571429
      11       -4.35852     0.00571429
      12       -4.25779     0.00571429
      13        7.31019     0.00571429
      14        7.40501     0.00571429
      15        7.58178     0.00571429
      16        7.91101     0.00571429
      17        8.39104     0.00571429
      18        9.31966     0.00571429
      19        9.38388     0.00571429
      20        9.57711     0.00571429
      21        9.98553     0.00571429
      22        10.1570     0.00571429
      23        10.7717     0.00571429
      24        11.0885     0.00571429
      25        16.9724        0.00000
      26        17.2772        0.00000
      27        17.3948        0.00000
      28        17.6911        0.00000
      29        19.4097        0.00000
      30        19.5950        0.00000
      31        20.8915        0.00000
      32        21.3170        0.00000
      33        21.7082        0.00000
      34        22.0418        0.00000

 267/352 kpoint (Cartesian) = 0.11247 0.028117 0.083463 (7403 pws)
       1       -47.6670     0.00571429
       2       -47.6460     0.00571429
       3       -17.6147     0.00571429
       4       -17.5864     0.00571429
       5       -17.2982     0.00571429
       6       -17.2466     0.00571429
       7       -17.2452     0.00571429
       8       -17.2240     0.00571429
       9       -5.25247     0.00571429
      10       -5.14790     0.00571429
      11       -4.28017     0.00571429
      12       -4.22993     0.00571429
      13        7.40611     0.00571429
      14        7.57372     0.00571429
      15        7.67875     0.00571429
      16        7.89500     0.00571429
      17        8.46261     0.00571429
      18        8.84320     0.00571429
      19        9.66632     0.00571429
      20        9.84236     0.00571429
      21        10.0394     0.00571429
      22        10.2365     0.00571429
      23        10.4356     0.00571429
      24        10.8664     0.00571429
      25        17.0091        0.00000
      26        17.2639        0.00000
      27        17.2828        0.00000
      28        17.5303        0.00000
      29        19.3400        0.00000
      30        19.4817        0.00000
      31        20.9630        0.00000
      32        21.4130        0.00000
      33        21.7863        0.00000
      34        21.8842        0.00000

 268/352 kpoint (Cartesian) = 0.14059 0.028117 0.083463 (7402 pws)
       1       -47.6664     0.00571429
       2       -47.6455     0.00571429
       3       -17.6281     0.00571429
       4       -17.6201     0.00571429
       5       -17.2737     0.00571429
       6       -17.2650     0.00571429
       7       -17.2409     0.00571429
       8       -17.2268     0.00571429
       9       -5.19431     0.00571429
      10       -5.18403     0.00571429
      11       -4.22793     0.00571429
      12       -4.22558     0.00571429
      13        7.53588     0.00571429
      14        7.54335     0.00571429
      15        7.82658     0.00571429
      16        7.84141     0.00571429
      17        8.53714     0.00571429
      18        8.54315     0.00571429
      19        9.85134     0.00571429
      20        9.86038     0.00571429
      21        10.1473     0.00571429
      22        10.1517     0.00571429
      23        10.5733     0.00571429
      24        10.5805     0.00571429
      25        17.1048        0.00000
      26        17.1183        0.00000
      27        17.3529        0.00000
      28        17.3649        0.00000
      29        19.3761        0.00000
      30        19.3964        0.00000
      31        21.2096        0.00000
      32        21.2225        0.00000
      33        21.8552        0.00000
      34        21.8945        0.00000

 269/352 kpoint (Cartesian) = -0.11247 0.028117 0.083463 (7403 pws)
       1       -47.6670     0.00571429
       2       -47.6460     0.00571429
       3       -17.6146     0.00571429
       4       -17.5865     0.00571429
       5       -17.2979     0.00571429
       6       -17.2467     0.00571429
       7       -17.2454     0.00571429
       8       -17.2240     0.00571429
       9       -5.24544     0.00571429
      10       -5.15494     0.00571429
      11       -4.27872     0.00571429
      12       -4.23151     0.00571429
      13        7.40207     0.00571429
      14        7.57761     0.00571429
      15        7.68975     0.00571429
      16        7.88380     0.00571429
      17        8.46630     0.00571429
      18        8.83998     0.00571429
      19        9.67323     0.00571429
      20        9.83586     0.00571429
      21        10.0416     0.00571429
      22        10.2326     0.00571429
      23        10.4345     0.00571429
      24        10.8684     0.00571429
      25        17.0093        0.00000
      26        17.2605        0.00000
      27        17.2890        0.00000
      28        17.5288        0.00000
      29        19.3360        0.00000
      30        19.4833        0.00000
      31        20.9671        0.00000
      32        21.4135        0.00000
      33        21.7940        0.00000
      34        21.8838        0.00000

 270/352 kpoint (Cartesian) = -0.084352 0.028117 0.083463 (7401 pws)
       1       -47.6686     0.00571429
       2       -47.6475     0.00571429
       3       -17.5669     0.00571429
       4       -17.5166     0.00571429
       5       -17.3191     0.00571429
       6       -17.2543     0.00571429
       7       -17.2349     0.00571429
       8       -17.2179     0.00571429
       9       -5.35325     0.00571429
      10       -5.14445     0.00571429
      11       -4.35660     0.00571429
      12       -4.25961     0.00571429
      13        7.30915     0.00571429
      14        7.40439     0.00571429
      15        7.59082     0.00571429
      16        7.90136     0.00571429
      17        8.39752     0.00571429
      18        9.32010     0.00571429
      19        9.38633     0.00571429
      20        9.56860     0.00571429
      21        9.98774     0.00571429
      22        10.1551     0.00571429
      23        10.7710     0.00571429
      24        11.0899     0.00571429
      25        16.9746        0.00000
      26        17.2729        0.00000
      27        17.3988        0.00000
      28        17.6912        0.00000
      29        19.4001        0.00000
      30        19.6012        0.00000
      31        20.8944        0.00000
      32        21.3240        0.00000
      33        21.7137        0.00000
      34        22.0391        0.00000

 271/352 kpoint (Cartesian) = -0.056235 0.028117 0.083463 (7409 pws)
       1       -47.6706     0.00571429
       2       -47.6494     0.00571429
       3       -17.5144     0.00571429
       4       -17.4512     0.00571429
       5       -17.3083     0.00571429
       6       -17.2574     0.00571429
       7       -17.2321     0.00571429
       8       -17.2118     0.00571429
       9       -5.51047     0.00571429
      10       -5.18626     0.00571429
      11       -4.41378     0.00571429
      12       -4.25253     0.00571429
      13        7.26219     0.00571429
      14        7.37749     0.00571429
      15        7.43279     0.00571429
      16        7.87827     0.00571429
      17        8.27496     0.00571429
      18        9.00790     0.00571429
      19        9.16027     0.00571429
      20        9.65755     0.00571429
      21        10.1476     0.00571429
      22        10.3438     0.00571429
      23        11.0981     0.00571429
      24        11.2802     0.00571429
      25        17.0397        0.00000
      26        17.2546        0.00000
      27        17.4318        0.00000
      28        17.6560        0.00000
      29        19.4911        0.00000
      30        19.8767        0.00000
      31        20.8647        0.00000
      32        21.1769        0.00000
      33        21.6702        0.00000
      34        22.1423        0.00000

 272/352 kpoint (Cartesian) = -0.028117 0.028117 0.083463 (7395 pws)
       1       -47.6721     0.00571429
       2       -47.6508     0.00571429
       3       -17.4930     0.00571429
       4       -17.4138     0.00571429
       5       -17.2713     0.00571429
       6       -17.2479     0.00571429
       7       -17.2274     0.00571429
       8       -17.2092     0.00571429
       9       -5.65496     0.00571429
      10       -5.25961     0.00571429
      11       -4.42940     0.00571429
      12       -4.21996     0.00571429
      13        7.31254     0.00571429
      14        7.31603     0.00571429
      15        7.45872     0.00571429
      16        7.82240     0.00571429
      17        8.11385     0.00571429
      18        8.65411     0.00571429
      19        8.88582     0.00571429
      20        9.52306     0.00571429
      21        10.6027     0.00571429
      22        10.6278     0.00571429
      23        11.3226     0.00571429
      24        11.4273     0.00571429
      25        17.0793        0.00000
      26        17.1875        0.00000
      27        17.3981        0.00000
      28        17.5165        0.00000
      29        19.6068        0.00000
      30        20.1530        0.00000
      31        20.9184        0.00000
      32        21.2737        0.00000
      33        21.6047        0.00000
      34        22.0169        0.00000

 273/352 kpoint (Cartesian) = 0.0000 0.056235 0.083463 (7394 pws)
       1       -47.6712     0.00571429
       2       -47.6499     0.00571429
       3       -17.5210     0.00571429
       4       -17.4486     0.00571429
       5       -17.2929     0.00571429
       6       -17.2353     0.00571429
       7       -17.2274     0.00571429
       8       -17.2066     0.00571429
       9       -5.57272     0.00571429
      10       -5.23073     0.00571429
      11       -4.40423     0.00571429
      12       -4.23299     0.00571429
      13        7.23107     0.00571429
      14        7.44341     0.00571429
      15        7.48952     0.00571429
      16        7.84891     0.00571429
      17        8.19877     0.00571429
      18        8.80470     0.00571429
      19        9.13844     0.00571429
      20        9.56807     0.00571429
      21        10.3443     0.00571429
      22        10.6503     0.00571429
      23        11.0094     0.00571429
      24        11.2275     0.00571429
      25        17.0544        0.00000
      26        17.1117        0.00000
      27        17.5219        0.00000
      28        17.5593        0.00000
      29        19.4220        0.00000
      30        19.9054        0.00000
      31        21.1650        0.00000
      32        21.3310        0.00000
      33        21.6484        0.00000
      34        21.9448        0.00000

 274/352 kpoint (Cartesian) = 0.028117 0.056235 0.083463 (7409 pws)
       1       -47.6706     0.00571429
       2       -47.6493     0.00571429
       3       -17.5145     0.00571429
       4       -17.4518     0.00571429
       5       -17.3096     0.00571429
       6       -17.2573     0.00571429
       7       -17.2318     0.00571429
       8       -17.2112     0.00571429
       9       -5.50913     0.00571429
      10       -5.18102     0.00571429
      11       -4.41464     0.00571429
      12       -4.25561     0.00571429
      13        7.26019     0.00571429
      14        7.38258     0.00571429
      15        7.43529     0.00571429
      16        7.88074     0.00571429
      17        8.27338     0.00571429
      18        9.00648     0.00571429
      19        9.15829     0.00571429
      20        9.65717     0.00571429
      21        10.1420     0.00571429
      22        10.3491     0.00571429
      23        11.0905     0.00571429
      24        11.2832     0.00571429
      25        17.0390        0.00000
      26        17.2583        0.00000
      27        17.4378        0.00000
      28        17.6544        0.00000
      29        19.4961        0.00000
      30        19.8674        0.00000
      31        20.8576        0.00000
      32        21.1790        0.00000
      33        21.6581        0.00000
      34        22.1380        0.00000

 275/352 kpoint (Cartesian) = 0.056235 0.056235 0.083463 (7409 pws)
       1       -47.6690     0.00571429
       2       -47.6478     0.00571429
       3       -17.5059     0.00571429
       4       -17.4703     0.00571429
       5       -17.3486     0.00571429
       6       -17.3070     0.00571429
       7       -17.2379     0.00571429
       8       -17.2199     0.00571429
       9       -5.34742     0.00571429
      10       -5.06948     0.00571429
      11       -4.42761     0.00571429
      12       -4.30510     0.00571429
      13        7.25817     0.00571429
      14        7.26140     0.00571429
      15        7.48394     0.00571429
      16        7.97218     0.00571429
      17        8.41135     0.00571429
      18        9.22486     0.00571429
      19        9.45701     0.00571429
      20        9.52671     0.00571429
      21        9.74566     0.00571429
      22        10.1873     0.00571429
      23        11.1094     0.00571429
      24        11.2520     0.00571429
      25        17.1126        0.00000
      26        17.1472        0.00000
      27        17.6763        0.00000
      28        17.7115        0.00000
      29        19.5905        0.00000
      30        19.8107        0.00000
      31        20.5496        0.00000
      32        20.8441        0.00000
      33        21.6661        0.00000
      34        22.0949        0.00000

 276/352 kpoint (Cartesian) = 0.084352 0.056235 0.083463 (7397 pws)
       1       -47.6671     0.00571429
       2       -47.6460     0.00571429
       3       -17.5399     0.00571429
       4       -17.5057     0.00571429
       5       -17.3784     0.00571429
       6       -17.3219     0.00571429
       7       -17.2459     0.00571429
       8       -17.2338     0.00571429
       9       -5.16808     0.00571429
      10       -4.98297     0.00571429
      11       -4.40348     0.00571429
      12       -4.33245     0.00571429
      13        7.18269     0.00571429
      14        7.29230     0.00571429
      15        7.64056     0.00571429
      16        7.97474     0.00571429
      17        8.50103     0.00571429
      18        8.96395     0.00571429
      19        9.46970     0.00571429
      20        9.50199     0.00571429
      21        9.94298     0.00571429
      22        10.4128     0.00571429
      23        10.9527     0.00571429
      24        11.1234     0.00571429
      25        17.0666        0.00000
      26        17.2149        0.00000
      27        17.6284        0.00000
      28        17.8264        0.00000
      29        19.5336        0.00000
      30        19.7132        0.00000
      31        20.3891        0.00000
      32        20.8006        0.00000
      33        21.5951        0.00000
      34        21.9112        0.00000

 277/352 kpoint (Cartesian) = 0.11247 0.056235 0.083463 (7388 pws)
       1       -47.6655     0.00571429
       2       -47.6445     0.00571429
       3       -17.5870     0.00571429
       4       -17.5635     0.00571429
       5       -17.3585     0.00571429
       6       -17.3159     0.00571429
       7       -17.2586     0.00571429
       8       -17.2485     0.00571429
       9       -5.05146     0.00571429
      10       -4.96753     0.00571429
      11       -4.34506     0.00571429
      12       -4.30780     0.00571429
      13        7.19638     0.00571429
      14        7.39551     0.00571429
      15        7.68325     0.00571429
      16        8.02210     0.00571429
      17        8.35796     0.00571429
      18        8.45020     0.00571429
      19        9.71531     0.00571429
      20        9.88117     0.00571429
      21        10.2647     0.00571429
      22        10.5301     0.00571429
      23        10.6799     0.00571429
      24        10.9029     0.00571429
      25        17.1790        0.00000
      26        17.2818        0.00000
      27        17.4942        0.00000
      28        17.6892        0.00000
      29        19.3328        0.00000
      30        19.6110        0.00000
      31        20.4170        0.00000
      32        20.8530        0.00000
      33        21.5896        0.00000
      34        21.7783        0.00000

 278/352 kpoint (Cartesian) = 0.14059 0.056235 0.083463 (7386 pws)
       1       -47.6649     0.00571429
       2       -47.6439     0.00571429
       3       -17.6027     0.00571429
       4       -17.5933     0.00571429
       5       -17.3342     0.00571429
       6       -17.3200     0.00571429
       7       -17.2654     0.00571429
       8       -17.2563     0.00571429
       9       -4.99941     0.00571429
      10       -4.99122     0.00571429
      11       -4.29999     0.00571429
      12       -4.29807     0.00571429
      13        7.30270     0.00571429
      14        7.31310     0.00571429
      15        7.90047     0.00571429
      16        7.90951     0.00571429
      17        8.23332     0.00571429
      18        8.24809     0.00571429
      19        10.0566     0.00571429
      20        10.0635     0.00571429
      21        10.4104     0.00571429
      22        10.4152     0.00571429
      23        10.6397     0.00571429
      24        10.6455     0.00571429
      25        17.3321        0.00000
      26        17.3407        0.00000
      27        17.4491        0.00000
      28        17.4569        0.00000
      29        19.3614        0.00000
      30        19.3852        0.00000
      31        20.6808        0.00000
      32        20.6936        0.00000
      33        21.6530        0.00000
      34        21.6959        0.00000

 279/352 kpoint (Cartesian) = -0.11247 0.056235 0.083463 (7388 pws)
       1       -47.6655     0.00571429
       2       -47.6445     0.00571429
       3       -17.5870     0.00571429
       4       -17.5635     0.00571429
       5       -17.3584     0.00571429
       6       -17.3160     0.00571429
       7       -17.2586     0.00571429
       8       -17.2486     0.00571429
       9       -5.04532     0.00571429
      10       -4.97366     0.00571429
      11       -4.34432     0.00571429
      12       -4.30867     0.00571429
      13        7.19281     0.00571429
      14        7.40098     0.00571429
      15        7.68579     0.00571429
      16        8.01921     0.00571429
      17        8.35735     0.00571429
      18        8.44943     0.00571429
      19        9.71862     0.00571429
      20        9.87729     0.00571429
      21        10.2701     0.00571429
      22        10.5239     0.00571429
      23        10.6790     0.00571429
      24        10.9049     0.00571429
      25        17.1810        0.00000
      26        17.2790        0.00000
      27        17.4955        0.00000
      28        17.6893        0.00000
      29        19.3314        0.00000
      30        19.6105        0.00000
      31        20.4200        0.00000
      32        20.8516        0.00000
      33        21.5982        0.00000
      34        21.7695        0.00000

 280/352 kpoint (Cartesian) = -0.084352 0.056235 0.083463 (7397 pws)
       1       -47.6671     0.00571429
       2       -47.6460     0.00571429
       3       -17.5398     0.00571429
       4       -17.5058     0.00571429
       5       -17.3783     0.00571429
       6       -17.3220     0.00571429
       7       -17.2455     0.00571429
       8       -17.2342     0.00571429
       9       -5.16313     0.00571429
      10       -4.98826     0.00571429
      11       -4.40194     0.00571429
      12       -4.33384     0.00571429
      13        7.17835     0.00571429
      14        7.29709     0.00571429
      15        7.64641     0.00571429
      16        7.96676     0.00571429
      17        8.50713     0.00571429
      18        8.96129     0.00571429
      19        9.46656     0.00571429
      20        9.50299     0.00571429
      21        9.94791     0.00571429
      22        10.4073     0.00571429
      23        10.9520     0.00571429
      24        11.1248     0.00571429
      25        17.0703        0.00000
      26        17.2103        0.00000
      27        17.6290        0.00000
      28        17.8274        0.00000
      29        19.5283        0.00000
      30        19.7152        0.00000
      31        20.3910        0.00000
      32        20.8031        0.00000
      33        21.6061        0.00000
      34        21.8979        0.00000

 281/352 kpoint (Cartesian) = -0.056235 0.056235 0.083463 (7409 pws)
       1       -47.6690     0.00571429
       2       -47.6479     0.00571429
       3       -17.5056     0.00571429
       4       -17.4706     0.00571429
       5       -17.3486     0.00571429
       6       -17.3069     0.00571429
       7       -17.2375     0.00571429
       8       -17.2204     0.00571429
       9       -5.34434     0.00571429
      10       -5.07284     0.00571429
      11       -4.42691     0.00571429
      12       -4.30569     0.00571429
      13        7.25530     0.00571429
      14        7.26397     0.00571429
      15        7.48580     0.00571429
      16        7.96784     0.00571429
      17        8.41885     0.00571429
      18        9.21877     0.00571429
      19        9.45773     0.00571429
      20        9.52935     0.00571429
      21        9.74765     0.00571429
      22        10.1830     0.00571429
      23        11.1084     0.00571429
      24        11.2532     0.00571429
      25        17.1172        0.00000
      26        17.1422        0.00000
      27        17.6724        0.00000
      28        17.7159        0.00000
      29        19.5776        0.00000
      30        19.8211        0.00000
      31        20.5486        0.00000
      32        20.8491        0.00000
      33        21.6773        0.00000
      34        22.0802        0.00000

 282/352 kpoint (Cartesian) = -0.028117 0.056235 0.083463 (7409 pws)
       1       -47.6706     0.00571429
       2       -47.6493     0.00571429
       3       -17.5144     0.00571429
       4       -17.4519     0.00571429
       5       -17.3097     0.00571429
       6       -17.2570     0.00571429
       7       -17.2315     0.00571429
       8       -17.2116     0.00571429
       9       -5.50771     0.00571429
      10       -5.18252     0.00571429
      11       -4.41454     0.00571429
      12       -4.25573     0.00571429
      13        7.26410     0.00571429
      14        7.37782     0.00571429
      15        7.43457     0.00571429
      16        7.88098     0.00571429
      17        8.27790     0.00571429
      18        9.00382     0.00571429
      19        9.15792     0.00571429
      20        9.65908     0.00571429
      21        10.1408     0.00571429
      22        10.3484     0.00571429
      23        11.0891     0.00571429
      24        11.2844     0.00571429
      25        17.0336        0.00000
      26        17.2713        0.00000
      27        17.4282        0.00000
      28        17.6564        0.00000
      29        19.4890        0.00000
      30        19.8730        0.00000
      31        20.8591        0.00000
      32        21.1782        0.00000
      33        21.6661        0.00000
      34        22.1484        0.00000

 283/352 kpoint (Cartesian) = 0.0000 0.084352 0.083463 (7398 pws)
       1       -47.6692     0.00571429
       2       -47.6481     0.00571429
       3       -17.5776     0.00571429
       4       -17.5236     0.00571429
       5       -17.2994     0.00571429
       6       -17.2333     0.00571429
       7       -17.2289     0.00571429
       8       -17.2043     0.00571429
       9       -5.41962     0.00571429
      10       -5.19837     0.00571429
      11       -4.33799     0.00571429
      12       -4.23707     0.00571429
      13        7.31458     0.00571429
      14        7.45104     0.00571429
      15        7.64768     0.00571429
      16        7.89559     0.00571429
      17        8.36692     0.00571429
      18        9.14098     0.00571429
      19        9.50154     0.00571429
      20        9.53946     0.00571429
      21        10.0441     0.00571429
      22        10.4009     0.00571429
      23        10.5697     0.00571429
      24        10.9957     0.00571429
      25        16.9810        0.00000
      26        17.0818        0.00000
      27        17.4959        0.00000
      28        17.6246        0.00000
      29        19.2715        0.00000
      30        19.5966        0.00000
      31        21.2787        0.00000
      32        21.4579        0.00000
      33        21.7663        0.00000
      34        21.9866        0.00000

 284/352 kpoint (Cartesian) = 0.028117 0.084352 0.083463 (7401 pws)
       1       -47.6686     0.00571429
       2       -47.6475     0.00571429
       3       -17.5676     0.00571429
       4       -17.5180     0.00571429
       5       -17.3204     0.00571429
       6       -17.2543     0.00571429
       7       -17.2344     0.00571429
       8       -17.2171     0.00571429
       9       -5.34811     0.00571429
      10       -5.13621     0.00571429
      11       -4.35753     0.00571429
      12       -4.26611     0.00571429
      13        7.31420     0.00571429
      14        7.40656     0.00571429
      15        7.59482     0.00571429
      16        7.90635     0.00571429
      17        8.39849     0.00571429
      18        9.31451     0.00571429
      19        9.37868     0.00571429
      20        9.56123     0.00571429
      21        9.99846     0.00571429
      22        10.1546     0.00571429
      23        10.7607     0.00571429
      24        11.0896     0.00571429
      25        16.9738        0.00000
      26        17.2784        0.00000
      27        17.4028        0.00000
      28        17.6931        0.00000
      29        19.3990        0.00000
      30        19.5944        0.00000
      31        20.8855        0.00000
      32        21.3199        0.00000
      33        21.6952        0.00000
      34        22.0346        0.00000

 285/352 kpoint (Cartesian) = 0.056235 0.084352 0.083463 (7397 pws)
       1       -47.6671     0.00571429
       2       -47.6460     0.00571429
       3       -17.5405     0.00571429
       4       -17.5066     0.00571429
       5       -17.3791     0.00571429
       6       -17.3210     0.00571429
       7       -17.2457     0.00571429
       8       -17.2337     0.00571429
       9       -5.16129     0.00571429
      10       -4.98196     0.00571429
      11       -4.40199     0.00571429
      12       -4.33847     0.00571429
      13        7.18244     0.00571429
      14        7.29482     0.00571429
      15        7.64572     0.00571429
      16        7.97520     0.00571429
      17        8.51097     0.00571429
      18        8.95269     0.00571429
      19        9.45820     0.00571429
      20        9.50469     0.00571429
      21        9.94744     0.00571429
      22        10.4142     0.00571429
      23        10.9424     0.00571429
      24        11.1280     0.00571429
      25        17.0656        0.00000
      26        17.2176        0.00000
      27        17.6317        0.00000
      28        17.8263        0.00000
      29        19.5292        0.00000
      30        19.7128        0.00000
      31        20.3894        0.00000
      32        20.7945        0.00000
      33        21.5885        0.00000
      34        21.9060        0.00000

 286/352 kpoint (Cartesian) = 0.084352 0.084352 0.083463 (7391 pws)
       1       -47.6651     0.00571429
       2       -47.6441     0.00571429
       3       -17.5179     0.00571429
       4       -17.5055     0.00571429
       5       -17.4426     0.00571429
       6       -17.3862     0.00571429
       7       -17.2601     0.00571429
       8       -17.2519     0.00571429
       9       -4.93957     0.00571429
      10       -4.82356     0.00571429
      11       -4.42982     0.00571429
      12       -4.40971     0.00571429
      13        7.02331     0.00571429
      14        7.21096     0.00571429
      15        7.74812     0.00571429
      16        7.78487     0.00571429
      17        8.66989     0.00571429
      18        8.95670     0.00571429
      19        9.04118     0.00571429
      20        9.48976     0.00571429
      21        10.4319     0.00571429
      22        10.7314     0.00571429
      23        10.9912     0.00571429
      24        11.0617     0.00571429
      25        17.1382        0.00000
      26        17.2344        0.00000
      27        17.8261        0.00000
      28        17.8789        0.00000
      29        19.6238        0.00000
      30        19.6518        0.00000
      31        20.1155        0.00000
      32        20.3281        0.00000
      33        21.4398        0.00000
      34        21.6328        0.00000

 287/352 kpoint (Cartesian) = 0.11247 0.084352 0.083463 (7385 pws)
       1       -47.6636     0.00571429
       2       -47.6426     0.00571429
       3       -17.5525     0.00571429
       4       -17.5330     0.00571429
       5       -17.4397     0.00571429
       6       -17.4003     0.00571429
       7       -17.2777     0.00571429
       8       -17.2687     0.00571429
       9       -4.79659     0.00571429
      10       -4.75301     0.00571429
      11       -4.42471     0.00571429
      12       -4.39681     0.00571429
      13        6.94756     0.00571429
      14        7.15732     0.00571429
      15        7.52189     0.00571429
      16        7.73171     0.00571429
      17        8.60593     0.00571429
      18        8.74335     0.00571429
      19        9.47466     0.00571429
      20        9.74312     0.00571429
      21        10.6390     0.00571429
      22        10.6914     0.00571429
      23        10.9981     0.00571429
      24        11.0841     0.00571429
      25        17.2759        0.00000
      26        17.4005        0.00000
      27        17.7074        0.00000
      28        17.8502        0.00000
      29        19.3531        0.00000
      30        19.6797        0.00000
      31        19.8593        0.00000
      32        20.2332        0.00000
      33        21.3543        0.00000
      34        21.4662        0.00000

 288/352 kpoint (Cartesian) = 0.14059 0.084352 0.083463 (7378 pws)
       1       -47.6630     0.00571429
       2       -47.6420     0.00571429
       3       -17.5698     0.00571429
       4       -17.5583     0.00571429
       5       -17.4172     0.00571429
       6       -17.4035     0.00571429
       7       -17.2871     0.00571429
       8       -17.2764     0.00571429
       9       -4.75756     0.00571429
      10       -4.75199     0.00571429
      11       -4.38662     0.00571429
      12       -4.38526     0.00571429
      13        7.00380     0.00571429
      14        7.01274     0.00571429
      15        7.57869     0.00571429
      16        7.58096     0.00571429
      17        8.60620     0.00571429
      18        8.62406     0.00571429
      19        9.88273     0.00571429
      20        9.89037     0.00571429
      21        10.5321     0.00571429
      22        10.5352     0.00571429
      23        11.0829     0.00571429
      24        11.0894     0.00571429
      25        17.4796        0.00000
      26        17.5010        0.00000
      27        17.6458        0.00000
      28        17.6513        0.00000
      29        19.3385        0.00000
      30        19.3642        0.00000
      31        20.0784        0.00000
      32        20.0868        0.00000
      33        21.3578        0.00000
      34        21.3999        0.00000

 289/352 kpoint (Cartesian) = -0.11247 0.084352 0.083463 (7385 pws)
       1       -47.6636     0.00571429
       2       -47.6426     0.00571429
       3       -17.5527     0.00571429
       4       -17.5328     0.00571429
       5       -17.4397     0.00571429
       6       -17.4003     0.00571429
       7       -17.2776     0.00571429
       8       -17.2688     0.00571429
       9       -4.79220     0.00571429
      10       -4.75728     0.00571429
      11       -4.42559     0.00571429
      12       -4.39614     0.00571429
      13        6.94509     0.00571429
      14        7.16105     0.00571429
      15        7.51888     0.00571429
      16        7.73570     0.00571429
      17        8.60315     0.00571429
      18        8.74477     0.00571429
      19        9.47726     0.00571429
      20        9.73902     0.00571429
      21        10.6399     0.00571429
      22        10.6912     0.00571429
      23        11.0027     0.00571429
      24        11.0792     0.00571429
      25        17.2783        0.00000
      26        17.3971        0.00000
      27        17.7098        0.00000
      28        17.8487        0.00000
      29        19.3531        0.00000
      30        19.6791        0.00000
      31        19.8606        0.00000
      32        20.2315        0.00000
      33        21.3645        0.00000
      34        21.4561        0.00000

 290/352 kpoint (Cartesian) = -0.084352 0.084352 0.083463 (7391 pws)
       1       -47.6651     0.00571429
       2       -47.6441     0.00571429
       3       -17.5183     0.00571429
       4       -17.5053     0.00571429
       5       -17.4426     0.00571429
       6       -17.3862     0.00571429
       7       -17.2597     0.00571429
       8       -17.2522     0.00571429
       9       -4.93629     0.00571429
      10       -4.82712     0.00571429
      11       -4.42910     0.00571429
      12       -4.41028     0.00571429
      13        7.01947     0.00571429
      14        7.21554     0.00571429
      15        7.75328     0.00571429
      16        7.77939     0.00571429
      17        8.67483     0.00571429
      18        8.95412     0.00571429
      19        9.04358     0.00571429
      20        9.48426     0.00571429
      21        10.4359     0.00571429
      22        10.7274     0.00571429
      23        10.9895     0.00571429
      24        11.0634     0.00571429
      25        17.1437        0.00000
      26        17.2280        0.00000
      27        17.8308        0.00000
      28        17.8747        0.00000
      29        19.6298        0.00000
      30        19.6448        0.00000
      31        20.1122        0.00000
      32        20.3315        0.00000
      33        21.4519        0.00000
      34        21.6205        0.00000

 291/352 kpoint (Cartesian) = -0.056235 0.084352 0.083463 (7397 pws)
       1       -47.6670     0.00571429
       2       -47.6460     0.00571429
       3       -17.5405     0.00571429
       4       -17.5068     0.00571429
       5       -17.3792     0.00571429
       6       -17.3208     0.00571429
       7       -17.2453     0.00571429
       8       -17.2342     0.00571429
       9       -5.15949     0.00571429
      10       -4.98393     0.00571429
      11       -4.40205     0.00571429
      12       -4.33837     0.00571429
      13        7.17816     0.00571429
      14        7.29883     0.00571429
      15        7.64675     0.00571429
      16        7.97236     0.00571429
      17        8.51550     0.00571429
      18        8.95796     0.00571429
      19        9.45723     0.00571429
      20        9.49756     0.00571429
      21        9.95175     0.00571429
      22        10.4098     0.00571429
      23        10.9418     0.00571429
      24        11.1288     0.00571429
      25        17.0655        0.00000
      26        17.2168        0.00000
      27        17.6327        0.00000
      28        17.8251        0.00000
      29        19.5247        0.00000
      30        19.7158        0.00000
      31        20.3895        0.00000
      32        20.7954        0.00000
      33        21.5988        0.00000
      34        21.8952        0.00000

 292/352 kpoint (Cartesian) = -0.028117 0.084352 0.083463 (7401 pws)
       1       -47.6686     0.00571429
       2       -47.6475     0.00571429
       3       -17.5675     0.00571429
       4       -17.5181     0.00571429
       5       -17.3205     0.00571429
       6       -17.2540     0.00571429
       7       -17.2342     0.00571429
       8       -17.2175     0.00571429
       9       -5.34730     0.00571429
      10       -5.13708     0.00571429
      11       -4.35769     0.00571429
      12       -4.26596     0.00571429
      13        7.31470     0.00571429
      14        7.40482     0.00571429
      15        7.59420     0.00571429
      16        7.90733     0.00571429
      17        8.40079     0.00571429
      18        9.31305     0.00571429
      19        9.38034     0.00571429
      20        9.56682     0.00571429
      21        9.99181     0.00571429
      22        10.1538     0.00571429
      23        10.7603     0.00571429
      24        11.0902     0.00571429
      25        16.9705        0.00000
      26        17.2867        0.00000
      27        17.3979        0.00000
      28        17.6920        0.00000
      29        19.3954        0.00000
      30        19.5975        0.00000
      31        20.8865        0.00000
      32        21.3170        0.00000
      33        21.7030        0.00000
      34        22.0307        0.00000

 293/352 kpoint (Cartesian) = 0.0000 0.11247 0.083463 (7423 pws)
       1       -47.6676     0.00571429
       2       -47.6466     0.00571429
       3       -17.6257     0.00571429
       4       -17.5973     0.00571429
       5       -17.2816     0.00571429
       6       -17.2421     0.00571429
       7       -17.2235     0.00571429
       8       -17.2027     0.00571429
       9       -5.31277     0.00571429
      10       -5.21465     0.00571429
      11       -4.25581     0.00571429
      12       -4.20788     0.00571429
      13        7.45292     0.00571429
      14        7.53055     0.00571429
      15        7.80877     0.00571429
      16        7.92892     0.00571429
      17        8.50842     0.00571429
      18        9.10970     0.00571429
      19        9.41942     0.00571429
      20        9.68115     0.00571429
      21        10.1838     0.00571429
      22        10.2361     0.00571429
      23        10.2386     0.00571429
      24        10.8114     0.00571429
      25        16.9187        0.00000
      26        17.1799        0.00000
      27        17.2330        0.00000
      28        17.5410        0.00000
      29        19.3044        0.00000
      30        19.4372        0.00000
      31        21.3725        0.00000
      32        21.5023        0.00000
      33        21.7227        0.00000
      34        21.9211        0.00000

 294/352 kpoint (Cartesian) = 0.028117 0.11247 0.083463 (7403 pws)
       1       -47.6670     0.00571429
       2       -47.6460     0.00571429
       3       -17.6156     0.00571429
       4       -17.5888     0.00571429
       5       -17.2990     0.00571429
       6       -17.2476     0.00571429
       7       -17.2444     0.00571429
       8       -17.2226     0.00571429
       9       -5.23796     0.00571429
      10       -5.14536     0.00571429
      11       -4.28095     0.00571429
      12       -4.23755     0.00571429
      13        7.41148     0.00571429
      14        7.58216     0.00571429
      15        7.69334     0.00571429
      16        7.89335     0.00571429
      17        8.46246     0.00571429
      18        8.82649     0.00571429
      19        9.67487     0.00571429
      20        9.83792     0.00571429
      21        10.0415     0.00571429
      22        10.2294     0.00571429
      23        10.4257     0.00571429
      24        10.8620     0.00571429
      25        17.0055        0.00000
      26        17.2685        0.00000
      27        17.2825        0.00000
      28        17.5376        0.00000
      29        19.3327        0.00000
      30        19.4835        0.00000
      31        20.9577        0.00000
      32        21.4008        0.00000
      33        21.7739        0.00000
      34        21.8714        0.00000

 295/352 kpoint (Cartesian) = 0.056235 0.11247 0.083463 (7388 pws)
       1       -47.6655     0.00571429
       2       -47.6445     0.00571429
       3       -17.5880     0.00571429
       4       -17.5657     0.00571429
       5       -17.3586     0.00571429
       6       -17.3145     0.00571429
       7       -17.2590     0.00571429
       8       -17.2482     0.00571429
       9       -5.03986     0.00571429
      10       -4.96602     0.00571429
      11       -4.34580     0.00571429
      12       -4.31402     0.00571429
      13        7.19670     0.00571429
      14        7.40185     0.00571429
      15        7.68346     0.00571429
      16        8.03094     0.00571429
      17        8.35146     0.00571429
      18        8.45876     0.00571429
      19        9.71140     0.00571429
      20        9.86421     0.00571429
      21        10.2706     0.00571429
      22        10.5326     0.00571429
      23        10.6673     0.00571429
      24        10.9067     0.00571429
      25        17.1748        0.00000
      26        17.2853        0.00000
      27        17.4962        0.00000
      28        17.6895        0.00000
      29        19.3315        0.00000
      30        19.6148        0.00000
      31        20.4112        0.00000
      32        20.8407        0.00000
      33        21.5828        0.00000
      34        21.7680        0.00000

 296/352 kpoint (Cartesian) = 0.084352 0.11247 0.083463 (7385 pws)
       1       -47.6636     0.00571429
       2       -47.6426     0.00571429
       3       -17.5536     0.00571429
       4       -17.5349     0.00571429
       5       -17.4392     0.00571429
       6       -17.3984     0.00571429
       7       -17.2782     0.00571429
       8       -17.2685     0.00571429
       9       -4.78905     0.00571429
      10       -4.75280     0.00571429
      11       -4.42677     0.00571429
      12       -4.39962     0.00571429
      13        6.94718     0.00571429
      14        7.16130     0.00571429
      15        7.51727     0.00571429
      16        7.72914     0.00571429
      17        8.61838     0.00571429
      18        8.75607     0.00571429
      19        9.46669     0.00571429
      20        9.72893     0.00571429
      21        10.6374     0.00571429
      22        10.6831     0.00571429
      23        11.0022     0.00571429
      24        11.0887     0.00571429
      25        17.2732        0.00000
      26        17.4021        0.00000
      27        17.7065        0.00000
      28        17.8509        0.00000
      29        19.3558        0.00000
      30        19.6881        0.00000
      31        19.8538        0.00000
      32        20.2225        0.00000
      33        21.3540        0.00000
      34        21.4598        0.00000

 297/352 kpoint (Cartesian) = 0.11247 0.11247 0.083463 (7377 pws)
       1       -47.6621     0.00571429
       2       -47.6411     0.00571429
       3       -17.5412     0.00571429
       4       -17.5178     0.00571429
       5       -17.4870     0.00571429
       6       -17.4494     0.00571429
       7       -17.2992     0.00571429
       8       -17.2870     0.00571429
       9       -4.61097     0.00571429
      10       -4.58245     0.00571429
      11       -4.49396     0.00571429
      12       -4.43459     0.00571429
      13        6.77224     0.00571429
      14        6.92399     0.00571429
      15        7.33006     0.00571429
      16        7.48129     0.00571429
      17        8.97628     0.00571429
      18        9.16290     0.00571429
      19        9.42257     0.00571429
      20        9.70923     0.00571429
      21        10.5524     0.00571429
      22        10.5640     0.00571429
      23        11.3155     0.00571429
      24        11.3881     0.00571429
      25        17.4303        0.00000
      26        17.5911        0.00000
      27        17.7562        0.00000
      28        17.8935        0.00000
      29        19.3635        0.00000
      30        19.4829        0.00000
      31        19.6433        0.00000
      32        19.6674        0.00000
      33        21.1906        0.00000
      34        21.2486        0.00000

 298/352 kpoint (Cartesian) = 0.14059 0.11247 0.083463 (7400 pws)
       1       -47.6615     0.00571429
       2       -47.6405     0.00571429
       3       -17.5474     0.00571429
       4       -17.5384     0.00571429
       5       -17.4691     0.00571429
       6       -17.4622     0.00571429
       7       -17.3097     0.00571429
       8       -17.2955     0.00571429
       9       -4.56995     0.00571429
      10       -4.56688     0.00571429
      11       -4.44534     0.00571429
      12       -4.44415     0.00571429
      13        6.75300     0.00571429
      14        6.75881     0.00571429
      15        7.34173     0.00571429
      16        7.34460     0.00571429
      17        9.11778     0.00571429
      18        9.12740     0.00571429
      19        9.76158     0.00571429
      20        9.76463     0.00571429
      21        10.4037     0.00571429
      22        10.4123     0.00571429
      23        11.4564     0.00571429
      24        11.4616     0.00571429
      25        17.6231        0.00000
      26        17.6393        0.00000
      27        17.7912        0.00000
      28        17.8051        0.00000
      29        19.3001        0.00000
      30        19.3254        0.00000
      31        19.5499        0.00000
      32        19.5531        0.00000
      33        21.1415        0.00000
      34        21.1829        0.00000

 299/352 kpoint (Cartesian) = -0.11247 0.11247 0.083463 (7377 pws)
       1       -47.6621     0.00571429
       2       -47.6411     0.00571429
       3       -17.5414     0.00571429
       4       -17.5178     0.00571429
       5       -17.4868     0.00571429
       6       -17.4494     0.00571429
       7       -17.2992     0.00571429
       8       -17.2869     0.00571429
       9       -4.61328     0.00571429
      10       -4.58030     0.00571429
      11       -4.49428     0.00571429
      12       -4.43416     0.00571429
      13        6.77100     0.00571429
      14        6.92383     0.00571429
      15        7.33019     0.00571429
      16        7.48410     0.00571429
      17        8.97586     0.00571429
      18        9.16453     0.00571429
      19        9.42259     0.00571429
      20        9.70591     0.00571429
      21        10.5522     0.00571429
      22        10.5644     0.00571429
      23        11.3183     0.00571429
      24        11.3854     0.00571429
      25        17.4331        0.00000
      26        17.5879        0.00000
      27        17.7599        0.00000
      28        17.8905        0.00000
      29        19.3667        0.00000
      30        19.4803        0.00000
      31        19.6410        0.00000
      32        19.6669        0.00000
      33        21.1966        0.00000
      34        21.2439        0.00000

 300/352 kpoint (Cartesian) = -0.084352 0.11247 0.083463 (7385 pws)
       1       -47.6636     0.00571429
       2       -47.6426     0.00571429
       3       -17.5537     0.00571429
       4       -17.5350     0.00571429
       5       -17.4392     0.00571429
       6       -17.3983     0.00571429
       7       -17.2780     0.00571429
       8       -17.2685     0.00571429
       9       -4.78827     0.00571429
      10       -4.75430     0.00571429
      11       -4.42606     0.00571429
      12       -4.39970     0.00571429
      13        6.94433     0.00571429
      14        7.16210     0.00571429
      15        7.51698     0.00571429
      16        7.73356     0.00571429
      17        8.61882     0.00571429
      18        8.75844     0.00571429
      19        9.46448     0.00571429
      20        9.72613     0.00571429
      21        10.6390     0.00571429
      22        10.6823     0.00571429
      23        11.0030     0.00571429
      24        11.0867     0.00571429
      25        17.2787        0.00000
      26        17.3960        0.00000
      27        17.7113        0.00000
      28        17.8465        0.00000
      29        19.3564        0.00000
      30        19.6853        0.00000
      31        19.8535        0.00000
      32        20.2220        0.00000
      33        21.3609        0.00000
      34        21.4553        0.00000

 301/352 kpoint (Cartesian) = -0.056235 0.11247 0.083463 (7388 pws)
       1       -47.6655     0.00571429
       2       -47.6445     0.00571429
       3       -17.5880     0.00571429
       4       -17.5658     0.00571429
       5       -17.3587     0.00571429
       6       -17.3144     0.00571429
       7       -17.2588     0.00571429
       8       -17.2482     0.00571429
       9       -5.03938     0.00571429
      10       -4.96692     0.00571429
      11       -4.34558     0.00571429
      12       -4.31388     0.00571429
      13        7.19283     0.00571429
      14        7.40312     0.00571429
      15        7.68388     0.00571429
      16        8.03121     0.00571429
      17        8.35676     0.00571429
      18        8.46066     0.00571429
      19        9.70831     0.00571429
      20        9.86228     0.00571429
      21        10.2747     0.00571429
      22        10.5281     0.00571429
      23        10.6673     0.00571429
      24        10.9063     0.00571429
      25        17.1780        0.00000
      26        17.2813        0.00000
      27        17.4994        0.00000
      28        17.6861        0.00000
      29        19.3308        0.00000
      30        19.6143        0.00000
      31        20.4114        0.00000
      32        20.8397        0.00000
      33        21.5894        0.00000
      34        21.7645        0.00000

 302/352 kpoint (Cartesian) = -0.028117 0.11247 0.083463 (7403 pws)
       1       -47.6670     0.00571429
       2       -47.6460     0.00571429
       3       -17.6156     0.00571429
       4       -17.5888     0.00571429
       5       -17.2991     0.00571429
       6       -17.2471     0.00571429
       7       -17.2447     0.00571429
       8       -17.2227     0.00571429
       9       -5.23773     0.00571429
      10       -5.14579     0.00571429
      11       -4.28092     0.00571429
      12       -4.23742     0.00571429
      13        7.40851     0.00571429
      14        7.58264     0.00571429
      15        7.69278     0.00571429
      16        7.89479     0.00571429
      17        8.46582     0.00571429
      18        8.82870     0.00571429
      19        9.67528     0.00571429
      20        9.83875     0.00571429
      21        10.0389     0.00571429
      22        10.2268     0.00571429
      23        10.4254     0.00571429
      24        10.8620     0.00571429
      25        17.0043        0.00000
      26        17.2702        0.00000
      27        17.2835        0.00000
      28        17.5350        0.00000
      29        19.3317        0.00000
      30        19.4844        0.00000
      31        20.9581        0.00000
      32        21.3987        0.00000
      33        21.7820        0.00000
      34        21.8680        0.00000

 303/352 kpoint (Cartesian) = 0.0000 0.14059 0.083463 (7408 pws)
       1       -47.6670     0.00571429
       2       -47.6460     0.00571429
       3       -17.6380     0.00571429
       4       -17.6330     0.00571429
       5       -17.2628     0.00571429
       6       -17.2550     0.00571429
       7       -17.2213     0.00571429
       8       -17.2022     0.00571429
       9       -5.25722     0.00571429
      10       -5.24962     0.00571429
      11       -4.20567     0.00571429
      12       -4.20022     0.00571429
      13        7.54566     0.00571429
      14        7.55377     0.00571429
      15        7.90491     0.00571429
      16        7.91654     0.00571429
      17        8.73280     0.00571429
      18        8.74578     0.00571429
      19        9.58862     0.00571429
      20        9.60068     0.00571429
      21        10.0974     0.00571429
      22        10.1113     0.00571429
      23        10.5719     0.00571429
      24        10.5833     0.00571429
      25        16.9858        0.00000
      26        16.9921        0.00000
      27        17.3393        0.00000
      28        17.3688        0.00000
      29        19.3827        0.00000
      30        19.3906        0.00000
      31        21.5119        0.00000
      32        21.5296        0.00000
      33        21.7255        0.00000
      34        21.7647        0.00000

 304/352 kpoint (Cartesian) = 0.028117 0.14059 0.083463 (7402 pws)
       1       -47.6664     0.00571429
       2       -47.6454     0.00571429
       3       -17.6286     0.00571429
       4       -17.6233     0.00571429
       5       -17.2748     0.00571429
       6       -17.2645     0.00571429
       7       -17.2417     0.00571429
       8       -17.2249     0.00571429
       9       -5.18389     0.00571429
      10       -5.17666     0.00571429
      11       -4.23319     0.00571429
      12       -4.22817     0.00571429
      13        7.54757     0.00571429
      14        7.55264     0.00571429
      15        7.83591     0.00571429
      16        7.84264     0.00571429
      17        8.52387     0.00571429
      18        8.53615     0.00571429
      19        9.85725     0.00571429
      20        9.86710     0.00571429
      21        10.1382     0.00571429
      22        10.1505     0.00571429
      23        10.5631     0.00571429
      24        10.5718     0.00571429
      25        17.0999        0.00000
      26        17.1058        0.00000
      27        17.3532        0.00000
      28        17.3853        0.00000
      29        19.3847        0.00000
      30        19.3905        0.00000
      31        21.1960        0.00000
      32        21.2092        0.00000
      33        21.8372        0.00000
      34        21.8759        0.00000

 305/352 kpoint (Cartesian) = 0.056235 0.14059 0.083463 (7386 pws)
       1       -47.6649     0.00571429
       2       -47.6439     0.00571429
       3       -17.6030     0.00571429
       4       -17.5968     0.00571429
       5       -17.3347     0.00571429
       6       -17.3177     0.00571429
       7       -17.2665     0.00571429
       8       -17.2556     0.00571429
       9       -4.99123     0.00571429
      10       -4.98520     0.00571429
      11       -4.30439     0.00571429
      12       -4.30044     0.00571429
      13        7.30806     0.00571429
      14        7.31616     0.00571429
      15        7.89598     0.00571429
      16        7.90106     0.00571429
      17        8.24920     0.00571429
      18        8.25716     0.00571429
      19        10.0469     0.00571429
      20        10.0550     0.00571429
      21        10.3966     0.00571429
      22        10.4097     0.00571429
      23        10.6480     0.00571429
      24        10.6503     0.00571429
      25        17.3263        0.00000
      26        17.3356        0.00000
      27        17.4393        0.00000
      28        17.4761        0.00000
      29        19.3761        0.00000
      30        19.3779        0.00000
      31        20.6660        0.00000
      32        20.6865        0.00000
      33        21.6451        0.00000
      34        21.6835        0.00000

 306/352 kpoint (Cartesian) = 0.084352 0.14059 0.083463 (7378 pws)
       1       -47.6630     0.00571429
       2       -47.6420     0.00571429
       3       -17.5697     0.00571429
       4       -17.5621     0.00571429
       5       -17.4175     0.00571429
       6       -17.4001     0.00571429
       7       -17.2880     0.00571429
       8       -17.2761     0.00571429
       9       -4.75208     0.00571429
      10       -4.74778     0.00571429
      11       -4.39023     0.00571429
      12       -4.38726     0.00571429
      13        7.00629     0.00571429
      14        7.01426     0.00571429
      15        7.57155     0.00571429
      16        7.57562     0.00571429
      17        8.62722     0.00571429
      18        8.63608     0.00571429
      19        9.87233     0.00571429
      20        9.87983     0.00571429
      21        10.5162     0.00571429
      22        10.5300     0.00571429
      23        11.0902     0.00571429
      24        11.0973     0.00571429
      25        17.4828        0.00000
      26        17.4904        0.00000
      27        17.6397        0.00000
      28        17.6623        0.00000
      29        19.3564        0.00000
      30        19.3581        0.00000
      31        20.0629        0.00000
      32        20.0858        0.00000
      33        21.3548        0.00000
      34        21.3931        0.00000

 307/352 kpoint (Cartesian) = 0.11247 0.14059 0.083463 (7400 pws)
       1       -47.6615     0.00571429
       2       -47.6405     0.00571429
       3       -17.5464     0.00571429
       4       -17.5414     0.00571429
       5       -17.4705     0.00571429
       6       -17.4588     0.00571429
       7       -17.3101     0.00571429
       8       -17.2954     0.00571429
       9       -4.56678     0.00571429
      10       -4.56423     0.00571429
      11       -4.44815     0.00571429
      12       -4.44597     0.00571429
      13        6.75349     0.00571429
      14        6.75977     0.00571429
      15        7.33993     0.00571429
      16        7.34216     0.00571429
      17        9.12879     0.00571429
      18        9.13502     0.00571429
      19        9.75486     0.00571429
      20        9.75961     0.00571429
      21        10.3951     0.00571429
      22        10.4119     0.00571429
      23        11.4582     0.00571429
      24        11.4639     0.00571429
      25        17.6241        0.00000
      26        17.6335        0.00000
      27        17.7895        0.00000
      28        17.8113        0.00000
      29        19.3181        0.00000
      30        19.3207        0.00000
      31        19.5328        0.00000
      32        19.5567        0.00000
      33        21.1406        0.00000
      34        21.1803        0.00000

 308/352 kpoint (Cartesian) = 0.14059 0.14059 0.083463 (7400 pws)
       1       -47.6609     0.00571429
       2       -47.6399     0.00571429
       3       -17.5466     0.00571429
       4       -17.5448     0.00571429
       5       -17.4748     0.00571429
       6       -17.4718     0.00571429
       7       -17.3210     0.00571429
       8       -17.3044     0.00571429
       9       -4.52693     0.00571429
      10       -4.52497     0.00571429
      11       -4.43804     0.00571429
      12       -4.43705     0.00571429
      13        6.65119     0.00571429
      14        6.65558     0.00571429
      15        7.27024     0.00571429
      16        7.27304     0.00571429
      17        9.34297     0.00571429
      18        9.34436     0.00571429
      19        9.81930     0.00571429
      20        9.82166     0.00571429
      21        10.2297     0.00571429
      22        10.2466     0.00571429
      23        11.5789     0.00571429
      24        11.5842     0.00571429
      25        17.6850        0.00000
      26        17.6938        0.00000
      27        17.8721        0.00000
      28        17.8962        0.00000
      29        19.2360        0.00000
      30        19.2468        0.00000
      31        19.3490        0.00000
      32        19.3610        0.00000
      33        21.0712        0.00000
      34        21.1117        0.00000

 309/352 kpoint (Cartesian) = -0.11247 0.14059 0.083463 (7400 pws)
       1       -47.6615     0.00571429
       2       -47.6405     0.00571429
       3       -17.5464     0.00571429
       4       -17.5417     0.00571429
       5       -17.4704     0.00571429
       6       -17.4588     0.00571429
       7       -17.3100     0.00571429
       8       -17.2954     0.00571429
       9       -4.56750     0.00571429
      10       -4.56546     0.00571429
      11       -4.44792     0.00571429
      12       -4.44430     0.00571429
      13        6.75339     0.00571429
      14        6.75792     0.00571429
      15        7.34089     0.00571429
      16        7.34461     0.00571429
      17        9.12754     0.00571429
      18        9.13727     0.00571429
      19        9.75079     0.00571429
      20        9.76099     0.00571429
      21        10.3939     0.00571429
      22        10.4131     0.00571429
      23        11.4580     0.00571429
      24        11.4640     0.00571429
      25        17.6238        0.00000
      26        17.6396        0.00000
      27        17.7904        0.00000
      28        17.8055        0.00000
      29        19.3172        0.00000
      30        19.3214        0.00000
      31        19.5297        0.00000
      32        19.5566        0.00000
      33        21.1419        0.00000
      34        21.1809        0.00000

 310/352 kpoint (Cartesian) = -0.084352 0.14059 0.083463 (7378 pws)
       1       -47.6630     0.00571429
       2       -47.6420     0.00571429
       3       -17.5697     0.00571429
       4       -17.5623     0.00571429
       5       -17.4174     0.00571429
       6       -17.4002     0.00571429
       7       -17.2878     0.00571429
       8       -17.2761     0.00571429
       9       -4.75242     0.00571429
      10       -4.74853     0.00571429
      11       -4.38994     0.00571429
      12       -4.38653     0.00571429
      13        7.00523     0.00571429
      14        7.01090     0.00571429
      15        7.57476     0.00571429
      16        7.57940     0.00571429
      17        8.62681     0.00571429
      18        8.63751     0.00571429
      19        9.86885     0.00571429
      20        9.87992     0.00571429
      21        10.5151     0.00571429
      22        10.5313     0.00571429
      23        11.0900     0.00571429
      24        11.0964     0.00571429
      25        17.4829        0.00000
      26        17.5001        0.00000
      27        17.6405        0.00000
      28        17.6520        0.00000
      29        19.3556        0.00000
      30        19.3573        0.00000
      31        20.0607        0.00000
      32        20.0856        0.00000
      33        21.3578        0.00000
      34        21.3936        0.00000

 311/352 kpoint (Cartesian) = -0.056235 0.14059 0.083463 (7386 pws)
       1       -47.6649     0.00571429
       2       -47.6439     0.00571429
       3       -17.6030     0.00571429
       4       -17.5969     0.00571429
       5       -17.3348     0.00571429
       6       -17.3177     0.00571429
       7       -17.2662     0.00571429
       8       -17.2555     0.00571429
       9       -4.99137     0.00571429
      10       -4.98566     0.00571429
      11       -4.30411     0.00571429
      12       -4.30019     0.00571429
      13        7.30546     0.00571429
      14        7.31252     0.00571429
      15        7.90094     0.00571429
      16        7.90473     0.00571429
      17        8.25006     0.00571429
      18        8.25822     0.00571429
      19        10.0445     0.00571429
      20        10.0539     0.00571429
      21        10.3954     0.00571429
      22        10.4138     0.00571429
      23        10.6452     0.00571429
      24        10.6485     0.00571429
      25        17.3329        0.00000
      26        17.3382        0.00000
      27        17.4400        0.00000
      28        17.4653        0.00000
      29        19.3757        0.00000
      30        19.3771        0.00000
      31        20.6642        0.00000
      32        20.6871        0.00000
      33        21.6506        0.00000
      34        21.6828        0.00000

 312/352 kpoint (Cartesian) = -0.028117 0.14059 0.083463 (7402 pws)
       1       -47.6664     0.00571429
       2       -47.6454     0.00571429
       3       -17.6286     0.00571429
       4       -17.6234     0.00571429
       5       -17.2750     0.00571429
       6       -17.2645     0.00571429
       7       -17.2414     0.00571429
       8       -17.2248     0.00571429
       9       -5.18394     0.00571429
      10       -5.17688     0.00571429
      11       -4.23303     0.00571429
      12       -4.22808     0.00571429
      13        7.54402     0.00571429
      14        7.54949     0.00571429
      15        7.83862     0.00571429
      16        7.84553     0.00571429
      17        8.52652     0.00571429
      18        8.53848     0.00571429
      19        9.85663     0.00571429
      20        9.86823     0.00571429
      21        10.1366     0.00571429
      22        10.1489     0.00571429
      23        10.5613     0.00571429
      24        10.5719     0.00571429
      25        17.1008        0.00000
      26        17.1065        0.00000
      27        17.3533        0.00000
      28        17.3826        0.00000
      29        19.3847        0.00000
      30        19.3904        0.00000
      31        21.1940        0.00000
      32        21.2105        0.00000
      33        21.8491        0.00000
      34        21.8718        0.00000

 313/352 kpoint (Cartesian) = 0.0000 -0.11247 0.083463 (7423 pws)
       1       -47.6676     0.00571429
       2       -47.6466     0.00571429
       3       -17.6269     0.00571429
       4       -17.5963     0.00571429
       5       -17.2807     0.00571429
       6       -17.2427     0.00571429
       7       -17.2235     0.00571429
       8       -17.2026     0.00571429
       9       -5.31843     0.00571429
      10       -5.20939     0.00571429
      11       -4.25732     0.00571429
      12       -4.20576     0.00571429
      13        7.45178     0.00571429
      14        7.52977     0.00571429
      15        7.79964     0.00571429
      16        7.93857     0.00571429
      17        8.50625     0.00571429
      18        9.11248     0.00571429
      19        9.41740     0.00571429
      20        9.68464     0.00571429
      21        10.1824     0.00571429
      22        10.2368     0.00571429
      23        10.2393     0.00571429
      24        10.8114     0.00571429
      25        16.9173        0.00000
      26        17.1796        0.00000
      27        17.2328        0.00000
      28        17.5403        0.00000
      29        19.3138        0.00000
      30        19.4319        0.00000
      31        21.3639        0.00000
      32        21.5006        0.00000
      33        21.7232        0.00000
      34        21.9238        0.00000

 314/352 kpoint (Cartesian) = 0.028117 -0.11247 0.083463 (7403 pws)
       1       -47.6670     0.00571429
       2       -47.6460     0.00571429
       3       -17.6166     0.00571429
       4       -17.5878     0.00571429
       5       -17.2984     0.00571429
       6       -17.2479     0.00571429
       7       -17.2447     0.00571429
       8       -17.2226     0.00571429
       9       -5.24345     0.00571429
      10       -5.14028     0.00571429
      11       -4.28218     0.00571429
      12       -4.23570     0.00571429
      13        7.41518     0.00571429
      14        7.57695     0.00571429
      15        7.68667     0.00571429
      16        7.89856     0.00571429
      17        8.46025     0.00571429
      18        8.83151     0.00571429
      19        9.67312     0.00571429
      20        9.83948     0.00571429
      21        10.0410     0.00571429
      22        10.2313     0.00571429
      23        10.4255     0.00571429
      24        10.8618     0.00571429
      25        17.0047        0.00000
      26        17.2698        0.00000
      27        17.2801        0.00000
      28        17.5378        0.00000
      29        19.3380        0.00000
      30        19.4813        0.00000
      31        20.9540        0.00000
      32        21.4039        0.00000
      33        21.7625        0.00000
      34        21.8703        0.00000

 315/352 kpoint (Cartesian) = 0.056235 -0.11247 0.083463 (7388 pws)
       1       -47.6655     0.00571429
       2       -47.6445     0.00571429
       3       -17.5886     0.00571429
       4       -17.5652     0.00571429
       5       -17.3583     0.00571429
       6       -17.3145     0.00571429
       7       -17.2591     0.00571429
       8       -17.2483     0.00571429
       9       -5.04479     0.00571429
      10       -4.96152     0.00571429
      11       -4.34601     0.00571429
      12       -4.31320     0.00571429
      13        7.20190     0.00571429
      14        7.39528     0.00571429
      15        7.67992     0.00571429
      16        8.03161     0.00571429
      17        8.35175     0.00571429
      18        8.46093     0.00571429
      19        9.71198     0.00571429
      20        9.86774     0.00571429
      21        10.2680     0.00571429
      22        10.5334     0.00571429
      23        10.6674     0.00571429
      24        10.9064     0.00571429
      25        17.1759        0.00000
      26        17.2856        0.00000
      27        17.4930        0.00000
      28        17.6915        0.00000
      29        19.3328        0.00000
      30        19.6148        0.00000
      31        20.4096        0.00000
      32        20.8422        0.00000
      33        21.5740        0.00000
      34        21.7745        0.00000

 316/352 kpoint (Cartesian) = 0.084352 -0.11247 0.083463 (7385 pws)
       1       -47.6636     0.00571429
       2       -47.6426     0.00571429
       3       -17.5531     0.00571429
       4       -17.5355     0.00571429
       5       -17.4392     0.00571429
       6       -17.3983     0.00571429
       7       -17.2782     0.00571429
       8       -17.2685     0.00571429
       9       -4.79285     0.00571429
      10       -4.74948     0.00571429
      11       -4.42462     0.00571429
      12       -4.40118     0.00571429
      13        6.95126     0.00571429
      14        7.15520     0.00571429
      15        7.51847     0.00571429
      16        7.72972     0.00571429
      17        8.61324     0.00571429
      18        8.75573     0.00571429
      19        9.46969     0.00571429
      20        9.73442     0.00571429
      21        10.6398     0.00571429
      22        10.6775     0.00571429
      23        11.0019     0.00571429
      24        11.0894     0.00571429
      25        17.2760        0.00000
      26        17.4020        0.00000
      27        17.7008        0.00000
      28        17.8560        0.00000
      29        19.3549        0.00000
      30        19.6875        0.00000
      31        19.8549        0.00000
      32        20.2232        0.00000
      33        21.3428        0.00000
      34        21.4691        0.00000

 317/352 kpoint (Cartesian) = 0.11247 -0.11247 0.083463 (7377 pws)
       1       -47.6621     0.00571429
       2       -47.6411     0.00571429
       3       -17.5402     0.00571429
       4       -17.5177     0.00571429
       5       -17.4881     0.00571429
       6       -17.4494     0.00571429
       7       -17.2993     0.00571429
       8       -17.2868     0.00571429
       9       -4.60901     0.00571429
      10       -4.58439     0.00571429
      11       -4.49285     0.00571429
      12       -4.43566     0.00571429
      13        6.77415     0.00571429
      14        6.92299     0.00571429
      15        7.32948     0.00571429
      16        7.48079     0.00571429
      17        8.96808     0.00571429
      18        9.15768     0.00571429
      19        9.43245     0.00571429
      20        9.71619     0.00571429
      21        10.5512     0.00571429
      22        10.5630     0.00571429
      23        11.3149     0.00571429
      24        11.3875     0.00571429
      25        17.4333        0.00000
      26        17.5909        0.00000
      27        17.7518        0.00000
      28        17.8989        0.00000
      29        19.3573        0.00000
      30        19.4881        0.00000
      31        19.6461        0.00000
      32        19.6650        0.00000
      33        21.1831        0.00000
      34        21.2533        0.00000

 318/352 kpoint (Cartesian) = 0.14059 -0.11247 0.083463 (7400 pws)
       1       -47.6615     0.00571429
       2       -47.6405     0.00571429
       3       -17.5465     0.00571429
       4       -17.5384     0.00571429
       5       -17.4691     0.00571429
       6       -17.4633     0.00571429
       7       -17.3097     0.00571429
       8       -17.2953     0.00571429
       9       -4.56948     0.00571429
      10       -4.56494     0.00571429
      11       -4.44685     0.00571429
      12       -4.44500     0.00571429
      13        6.75361     0.00571429
      14        6.76009     0.00571429
      15        7.34094     0.00571429
      16        7.34306     0.00571429
      17        9.10951     0.00571429
      18        9.12609     0.00571429
      19        9.76357     0.00571429
      20        9.77738     0.00571429
      21        10.4006     0.00571429
      22        10.4120     0.00571429
      23        11.4555     0.00571429
      24        11.4609     0.00571429
      25        17.6212        0.00000
      26        17.6411        0.00000
      27        17.7950        0.00000
      28        17.8057        0.00000
      29        19.2983        0.00000
      30        19.3245        0.00000
      31        19.5498        0.00000
      32        19.5547        0.00000
      33        21.1409        0.00000
      34        21.1803        0.00000

 319/352 kpoint (Cartesian) = 0.11247 0.11247 -0.083463 (7377 pws)
       1       -47.6621     0.00571429
       2       -47.6411     0.00571429
       3       -17.5404     0.00571429
       4       -17.5178     0.00571429
       5       -17.4880     0.00571429
       6       -17.4494     0.00571429
       7       -17.2993     0.00571429
       8       -17.2867     0.00571429
       9       -4.61122     0.00571429
      10       -4.58223     0.00571429
      11       -4.49323     0.00571429
      12       -4.43530     0.00571429
      13        6.77306     0.00571429
      14        6.92274     0.00571429
      15        7.32969     0.00571429
      16        7.48344     0.00571429
      17        8.96771     0.00571429
      18        9.15927     0.00571429
      19        9.43260     0.00571429
      20        9.71280     0.00571429
      21        10.5499     0.00571429
      22        10.5644     0.00571429
      23        11.3176     0.00571429
      24        11.3847     0.00571429
      25        17.4361        0.00000
      26        17.5877        0.00000
      27        17.7554        0.00000
      28        17.8958        0.00000
      29        19.3607        0.00000
      30        19.4858        0.00000
      31        19.6435        0.00000
      32        19.6643        0.00000
      33        21.1899        0.00000
      34        21.2478        0.00000

 320/352 kpoint (Cartesian) = 0.084352 0.11247 -0.083463 (7385 pws)
       1       -47.6636     0.00571429
       2       -47.6426     0.00571429
       3       -17.5532     0.00571429
       4       -17.5356     0.00571429
       5       -17.4392     0.00571429
       6       -17.3983     0.00571429
       7       -17.2781     0.00571429
       8       -17.2685     0.00571429
       9       -4.79203     0.00571429
      10       -4.75093     0.00571429
      11       -4.42395     0.00571429
      12       -4.40132     0.00571429
      13        6.94849     0.00571429
      14        7.15606     0.00571429
      15        7.51824     0.00571429
      16        7.73392     0.00571429
      17        8.61365     0.00571429
      18        8.75818     0.00571429
      19        9.46767     0.00571429
      20        9.73154     0.00571429
      21        10.6411     0.00571429
      22        10.6770     0.00571429
      23        11.0024     0.00571429
      24        11.0875     0.00571429
      25        17.2817        0.00000
      26        17.3959        0.00000
      27        17.7058        0.00000
      28        17.8513        0.00000
      29        19.3555        0.00000
      30        19.6860        0.00000
      31        19.8537        0.00000
      32        20.2225        0.00000
      33        21.3502        0.00000
      34        21.4642        0.00000

 321/352 kpoint (Cartesian) = 0.056235 0.11247 -0.083463 (7388 pws)
       1       -47.6655     0.00571429
       2       -47.6445     0.00571429
       3       -17.5887     0.00571429
       4       -17.5653     0.00571429
       5       -17.3584     0.00571429
       6       -17.3143     0.00571429
       7       -17.2590     0.00571429
       8       -17.2483     0.00571429
       9       -5.04429     0.00571429
      10       -4.96240     0.00571429
      11       -4.34588     0.00571429
      12       -4.31305     0.00571429
      13        7.19811     0.00571429
      14        7.39661     0.00571429
      15        7.68027     0.00571429
      16        8.03175     0.00571429
      17        8.35710     0.00571429
      18        8.46288     0.00571429
      19        9.70911     0.00571429
      20        9.86573     0.00571429
      21        10.2720     0.00571429
      22        10.5289     0.00571429
      23        10.6670     0.00571429
      24        10.9062     0.00571429
      25        17.1790        0.00000
      26        17.2818        0.00000
      27        17.4967        0.00000
      28        17.6874        0.00000
      29        19.3320        0.00000
      30        19.6147        0.00000
      31        20.4097        0.00000
      32        20.8409        0.00000
      33        21.5809        0.00000
      34        21.7707        0.00000

 322/352 kpoint (Cartesian) = 0.028117 0.11247 -0.083463 (7403 pws)
       1       -47.6670     0.00571429
       2       -47.6460     0.00571429
       3       -17.6167     0.00571429
       4       -17.5879     0.00571429
       5       -17.2985     0.00571429
       6       -17.2474     0.00571429
       7       -17.2448     0.00571429
       8       -17.2227     0.00571429
       9       -5.24321     0.00571429
      10       -5.14070     0.00571429
      11       -4.28218     0.00571429
      12       -4.23557     0.00571429
      13        7.41249     0.00571429
      14        7.57711     0.00571429
      15        7.68621     0.00571429
      16        7.89984     0.00571429
      17        8.46383     0.00571429
      18        8.83363     0.00571429
      19        9.67365     0.00571429
      20        9.84012     0.00571429
      21        10.0385     0.00571429
      22        10.2288     0.00571429
      23        10.4247     0.00571429
      24        10.8618     0.00571429
      25        17.0035        0.00000
      26        17.2715        0.00000
      27        17.2816        0.00000
      28        17.5347        0.00000
      29        19.3370        0.00000
      30        19.4824        0.00000
      31        20.9543        0.00000
      32        21.4014        0.00000
      33        21.7701        0.00000
      34        21.8681        0.00000

 323/352 kpoint (Cartesian) = 0.0000 -0.084352 0.083463 (7398 pws)
       1       -47.6692     0.00571429
       2       -47.6481     0.00571429
       3       -17.5790     0.00571429
       4       -17.5224     0.00571429
       5       -17.2984     0.00571429
       6       -17.2340     0.00571429
       7       -17.2290     0.00571429
       8       -17.2042     0.00571429
       9       -5.42472     0.00571429
      10       -5.19353     0.00571429
      11       -4.34079     0.00571429
      12       -4.23367     0.00571429
      13        7.30682     0.00571429
      14        7.45551     0.00571429
      15        7.64124     0.00571429
      16        7.90267     0.00571429
      17        8.36745     0.00571429
      18        9.13883     0.00571429
      19        9.50437     0.00571429
      20        9.54251     0.00571429
      21        10.0433     0.00571429
      22        10.3999     0.00571429
      23        10.5704     0.00571429
      24        10.9959     0.00571429
      25        16.9806        0.00000
      26        17.0811        0.00000
      27        17.4945        0.00000
      28        17.6238        0.00000
      29        19.2796        0.00000
      30        19.5944        0.00000
      31        21.2772        0.00000
      32        21.4503        0.00000
      33        21.7552        0.00000
      34        21.9899        0.00000

 324/352 kpoint (Cartesian) = 0.028117 -0.084352 0.083463 (7401 pws)
       1       -47.6686     0.00571429
       2       -47.6475     0.00571429
       3       -17.5689     0.00571429
       4       -17.5169     0.00571429
       5       -17.3196     0.00571429
       6       -17.2546     0.00571429
       7       -17.2344     0.00571429
       8       -17.2173     0.00571429
       9       -5.35306     0.00571429
      10       -5.13150     0.00571429
      11       -4.36025     0.00571429
      12       -4.26283     0.00571429
      13        7.31153     0.00571429
      14        7.40698     0.00571429
      15        7.58810     0.00571429
      16        7.91218     0.00571429
      17        8.39841     0.00571429
      18        9.31357     0.00571429
      19        9.38203     0.00571429
      20        9.56478     0.00571429
      21        9.99283     0.00571429
      22        10.1584     0.00571429
      23        10.7598     0.00571429
      24        11.0901     0.00571429
      25        16.9741        0.00000
      26        17.2779        0.00000
      27        17.4014        0.00000
      28        17.6931        0.00000
      29        19.4079        0.00000
      30        19.5901        0.00000
      31        20.8828        0.00000
      32        21.3205        0.00000
      33        21.6820        0.00000
      34        22.0340        0.00000

 325/352 kpoint (Cartesian) = 0.056235 -0.084352 0.083463 (7397 pws)
       1       -47.6671     0.00571429
       2       -47.6460     0.00571429
       3       -17.5416     0.00571429
       4       -17.5058     0.00571429
       5       -17.3785     0.00571429
       6       -17.3211     0.00571429
       7       -17.2452     0.00571429
       8       -17.2344     0.00571429
       9       -5.16568     0.00571429
      10       -4.97771     0.00571429
      11       -4.40446     0.00571429
      12       -4.33560     0.00571429
      13        7.18761     0.00571429
      14        7.28903     0.00571429
      15        7.63903     0.00571429
      16        7.97960     0.00571429
      17        8.50701     0.00571429
      18        8.95829     0.00571429
      19        9.46254     0.00571429
      20        9.50281     0.00571429
      21        9.94641     0.00571429
      22        10.4149     0.00571429
      23        10.9411     0.00571429
      24        11.1286     0.00571429
      25        17.0666        0.00000
      26        17.2180        0.00000
      27        17.6296        0.00000
      28        17.8278        0.00000
      29        19.5347        0.00000
      30        19.7093        0.00000
      31        20.3884        0.00000
      32        20.7951        0.00000
      33        21.5757        0.00000
      34        21.9158        0.00000

 326/352 kpoint (Cartesian) = 0.084352 -0.084352 0.083463 (7391 pws)
       1       -47.6651     0.00571429
       2       -47.6441     0.00571429
       3       -17.5166     0.00571429
       4       -17.5069     0.00571429
       5       -17.4425     0.00571429
       6       -17.3862     0.00571429
       7       -17.2595     0.00571429
       8       -17.2524     0.00571429
       9       -4.94266     0.00571429
      10       -4.82046     0.00571429
      11       -4.43154     0.00571429
      12       -4.40784     0.00571429
      13        7.02783     0.00571429
      14        7.20529     0.00571429
      15        7.74560     0.00571429
      16        7.78782     0.00571429
      17        8.66074     0.00571429
      18        8.94839     0.00571429
      19        9.05380     0.00571429
      20        9.49738     0.00571429
      21        10.4319     0.00571429
      22        10.7292     0.00571429
      23        10.9897     0.00571429
      24        11.0634     0.00571429
      25        17.1393        0.00000
      26        17.2362        0.00000
      27        17.8182        0.00000
      28        17.8873        0.00000
      29        19.6141        0.00000
      30        19.6619        0.00000
      31        20.1174        0.00000
      32        20.3264        0.00000
      33        21.4266        0.00000
      34        21.6423        0.00000

 327/352 kpoint (Cartesian) = 0.11247 -0.084352 0.083463 (7385 pws)
       1       -47.6636     0.00571429
       2       -47.6426     0.00571429
       3       -17.5518     0.00571429
       4       -17.5329     0.00571429
       5       -17.4406     0.00571429
       6       -17.4004     0.00571429
       7       -17.2777     0.00571429
       8       -17.2685     0.00571429
       9       -4.79728     0.00571429
      10       -4.75162     0.00571429
      11       -4.42476     0.00571429
      12       -4.39736     0.00571429
      13        6.95053     0.00571429
      14        7.15543     0.00571429
      15        7.52290     0.00571429
      16        7.72994     0.00571429
      17        8.59895     0.00571429
      18        8.74050     0.00571429
      19        9.48082     0.00571429
      20        9.74903     0.00571429
      21        10.6387     0.00571429
      22        10.6902     0.00571429
      23        10.9987     0.00571429
      24        11.0822     0.00571429
      25        17.2778        0.00000
      26        17.4019        0.00000
      27        17.7054        0.00000
      28        17.8539        0.00000
      29        19.3515        0.00000
      30        19.6815        0.00000
      31        19.8604        0.00000
      32        20.2318        0.00000
      33        21.3461        0.00000
      34        21.4692        0.00000

 328/352 kpoint (Cartesian) = 0.14059 -0.084352 0.083463 (7378 pws)
       1       -47.6630     0.00571429
       2       -47.6420     0.00571429
       3       -17.5691     0.00571429
       4       -17.5583     0.00571429
       5       -17.4172     0.00571429
       6       -17.4046     0.00571429
       7       -17.2871     0.00571429
       8       -17.2760     0.00571429
       9       -4.75686     0.00571429
      10       -4.75138     0.00571429
      11       -4.38741     0.00571429
      12       -4.38573     0.00571429
      13        7.00543     0.00571429
      14        7.01498     0.00571429
      15        7.57626     0.00571429
      16        7.57914     0.00571429
      17        8.60125     0.00571429
      18        8.62253     0.00571429
      19        9.88485     0.00571429
      20        9.89820     0.00571429
      21        10.5314     0.00571429
      22        10.5352     0.00571429
      23        11.0817     0.00571429
      24        11.0882     0.00571429
      25        17.4787        0.00000
      26        17.5033        0.00000
      27        17.6474        0.00000
      28        17.6537        0.00000
      29        19.3391        0.00000
      30        19.3640        0.00000
      31        20.0771        0.00000
      32        20.0873        0.00000
      33        21.3570        0.00000
      34        21.3948        0.00000

 329/352 kpoint (Cartesian) = 0.11247 0.084352 -0.083463 (7385 pws)
       1       -47.6636     0.00571429
       2       -47.6426     0.00571429
       3       -17.5520     0.00571429
       4       -17.5328     0.00571429
       5       -17.4405     0.00571429
       6       -17.4005     0.00571429
       7       -17.2777     0.00571429
       8       -17.2685     0.00571429
       9       -4.79281     0.00571429
      10       -4.75589     0.00571429
      11       -4.42569     0.00571429
      12       -4.39673     0.00571429
      13        6.94826     0.00571429
      14        7.15906     0.00571429
      15        7.51984     0.00571429
      16        7.73387     0.00571429
      17        8.59632     0.00571429
      18        8.74185     0.00571429
      19        9.48344     0.00571429
      20        9.74493     0.00571429
      21        10.6396     0.00571429
      22        10.6901     0.00571429
      23        11.0032     0.00571429
      24        11.0772     0.00571429
      25        17.2803        0.00000
      26        17.3986        0.00000
      27        17.7078        0.00000
      28        17.8522        0.00000
      29        19.3522        0.00000
      30        19.6806        0.00000
      31        19.8616        0.00000
      32        20.2299        0.00000
      33        21.3569        0.00000
      34        21.4586        0.00000

 330/352 kpoint (Cartesian) = 0.084352 0.084352 -0.083463 (7391 pws)
       1       -47.6651     0.00571429
       2       -47.6441     0.00571429
       3       -17.5169     0.00571429
       4       -17.5067     0.00571429
       5       -17.4425     0.00571429
       6       -17.3862     0.00571429
       7       -17.2592     0.00571429
       8       -17.2527     0.00571429
       9       -4.93936     0.00571429
      10       -4.82395     0.00571429
      11       -4.43090     0.00571429
      12       -4.40844     0.00571429
      13        7.02412     0.00571429
      14        7.20992     0.00571429
      15        7.75044     0.00571429
      16        7.78246     0.00571429
      17        8.66561     0.00571429
      18        8.94574     0.00571429
      19        9.05648     0.00571429
      20        9.49191     0.00571429
      21        10.4360     0.00571429
      22        10.7253     0.00571429
      23        10.9877     0.00571429
      24        11.0650     0.00571429
      25        17.1449        0.00000
      26        17.2299        0.00000
      27        17.8231        0.00000
      28        17.8827        0.00000
      29        19.6209        0.00000
      30        19.6549        0.00000
      31        20.1137        0.00000
      32        20.3294        0.00000
      33        21.4389        0.00000
      34        21.6301        0.00000

 331/352 kpoint (Cartesian) = 0.056235 0.084352 -0.083463 (7397 pws)
       1       -47.6671     0.00571429
       2       -47.6460     0.00571429
       3       -17.5415     0.00571429
       4       -17.5059     0.00571429
       5       -17.3786     0.00571429
       6       -17.3209     0.00571429
       7       -17.2448     0.00571429
       8       -17.2348     0.00571429
       9       -5.16386     0.00571429
      10       -4.97963     0.00571429
      11       -4.40456     0.00571429
      12       -4.33554     0.00571429
      13        7.18348     0.00571429
      14        7.29309     0.00571429
      15        7.63995     0.00571429
      16        7.97665     0.00571429
      17        8.51162     0.00571429
      18        8.96349     0.00571429
      19        9.46215     0.00571429
      20        9.49530     0.00571429
      21        9.95078     0.00571429
      22        10.4105     0.00571429
      23        10.9402     0.00571429
      24        11.1293     0.00571429
      25        17.0668        0.00000
      26        17.2172        0.00000
      27        17.6311        0.00000
      28        17.8259        0.00000
      29        19.5306        0.00000
      30        19.7127        0.00000
      31        20.3877        0.00000
      32        20.7957        0.00000
      33        21.5865        0.00000
      34        21.9049        0.00000

 332/352 kpoint (Cartesian) = -0.028117 -0.084352 0.083463 (7401 pws)
       1       -47.6686     0.00571429
       2       -47.6475     0.00571429
       3       -17.5689     0.00571429
       4       -17.5170     0.00571429
       5       -17.3197     0.00571429
       6       -17.2543     0.00571429
       7       -17.2343     0.00571429
       8       -17.2176     0.00571429
       9       -5.35224     0.00571429
      10       -5.13235     0.00571429
      11       -4.36042     0.00571429
      12       -4.26271     0.00571429
      13        7.31275     0.00571429
      14        7.40458     0.00571429
      15        7.58753     0.00571429
      16        7.91307     0.00571429
      17        8.40078     0.00571429
      18        9.31179     0.00571429
      19        9.38410     0.00571429
      20        9.57028     0.00571429
      21        9.98631     0.00571429
      22        10.1577     0.00571429
      23        10.7590     0.00571429
      24        11.0907     0.00571429
      25        16.9709        0.00000
      26        17.2862        0.00000
      27        17.3967        0.00000
      28        17.6916        0.00000
      29        19.4046        0.00000
      30        19.5931        0.00000
      31        20.8834        0.00000
      32        21.3174        0.00000
      33        21.6902        0.00000
      34        22.0311        0.00000

 333/352 kpoint (Cartesian) = 0.0000 -0.056235 0.083463 (7394 pws)
       1       -47.6712     0.00571429
       2       -47.6499     0.00571429
       3       -17.5226     0.00571429
       4       -17.4471     0.00571429
       5       -17.2919     0.00571429
       6       -17.2354     0.00571429
       7       -17.2283     0.00571429
       8       -17.2065     0.00571429
       9       -5.57635     0.00571429
      10       -5.22706     0.00571429
      11       -4.40680     0.00571429
      12       -4.23014     0.00571429
      13        7.22133     0.00571429
      14        7.44956     0.00571429
      15        7.48562     0.00571429
      16        7.85335     0.00571429
      17        8.20040     0.00571429
      18        8.80380     0.00571429
      19        9.14108     0.00571429
      20        9.56975     0.00571429
      21        10.3425     0.00571429
      22        10.6495     0.00571429
      23        11.0100     0.00571429
      24        11.2277     0.00571429
      25        17.0535        0.00000
      26        17.1133        0.00000
      27        17.5214        0.00000
      28        17.5569        0.00000
      29        19.4317        0.00000
      30        19.9016        0.00000
      31        21.1634        0.00000
      32        21.3279        0.00000
      33        21.6292        0.00000
      34        21.9480        0.00000

 334/352 kpoint (Cartesian) = 0.028117 -0.056235 0.083463 (7409 pws)
       1       -47.6706     0.00571429
       2       -47.6493     0.00571429
       3       -17.5161     0.00571429
       4       -17.4503     0.00571429
       5       -17.3088     0.00571429
       6       -17.2576     0.00571429
       7       -17.2317     0.00571429
       8       -17.2116     0.00571429
       9       -5.51259     0.00571429
      10       -5.17750     0.00571429
      11       -4.41707     0.00571429
      12       -4.25293     0.00571429
      13        7.25220     0.00571429
      14        7.38785     0.00571429
      15        7.43059     0.00571429
      16        7.88601     0.00571429
      17        8.27326     0.00571429
      18        9.00559     0.00571429
      19        9.16129     0.00571429
      20        9.66069     0.00571429
      21        10.1377     0.00571429
      22        10.3506     0.00571429
      23        11.0893     0.00571429
      24        11.2841     0.00571429
      25        17.0404        0.00000
      26        17.2567        0.00000
      27        17.4382        0.00000
      28        17.6533        0.00000
      29        19.5062        0.00000
      30        19.8612        0.00000
      31        20.8581        0.00000
      32        21.1769        0.00000
      33        21.6424        0.00000
      34        22.1327        0.00000

 335/352 kpoint (Cartesian) = 0.056235 -0.056235 0.083463 (7409 pws)
       1       -47.6690     0.00571429
       2       -47.6478     0.00571429
       3       -17.5073     0.00571429
       4       -17.4690     0.00571429
       5       -17.3484     0.00571429
       6       -17.3070     0.00571429
       7       -17.2372     0.00571429
       8       -17.2208     0.00571429
       9       -5.35031     0.00571429
      10       -5.06653     0.00571429
      11       -4.42948     0.00571429
      12       -4.30304     0.00571429
      13        7.25432     0.00571429
      14        7.26579     0.00571429
      15        7.47750     0.00571429
      16        7.97681     0.00571429
      17        8.40803     0.00571429
      18        9.22893     0.00571429
      19        9.45416     0.00571429
      20        9.53699     0.00571429
      21        9.73945     0.00571429
      22        10.1869     0.00571429
      23        11.1083     0.00571429
      24        11.2527     0.00571429
      25        17.1107        0.00000
      26        17.1506        0.00000
      27        17.6827        0.00000
      28        17.7051        0.00000
      29        19.6015        0.00000
      30        19.8003        0.00000
      31        20.5528        0.00000
      32        20.8423        0.00000
      33        21.6507        0.00000
      34        22.1064        0.00000

 336/352 kpoint (Cartesian) = 0.084352 -0.056235 0.083463 (7397 pws)
       1       -47.6671     0.00571429
       2       -47.6460     0.00571429
       3       -17.5400     0.00571429
       4       -17.5053     0.00571429
       5       -17.3790     0.00571429
       6       -17.3216     0.00571429
       7       -17.2450     0.00571429
       8       -17.2346     0.00571429
       9       -5.16985     0.00571429
      10       -4.98115     0.00571429
      11       -4.40422     0.00571429
      12       -4.33161     0.00571429
      13        7.18612     0.00571429
      14        7.28927     0.00571429
      15        7.63870     0.00571429
      16        7.97479     0.00571429
      17        8.49659     0.00571429
      18        8.96474     0.00571429
      19        9.47113     0.00571429
      20        9.50562     0.00571429
      21        9.94575     0.00571429
      22        10.4100     0.00571429
      23        10.9511     0.00571429
      24        11.1250     0.00571429
      25        17.0649        0.00000
      26        17.2192        0.00000
      27        17.6302        0.00000
      28        17.8253        0.00000
      29        19.5364        0.00000
      30        19.7111        0.00000
      31        20.3903        0.00000
      32        20.8002        0.00000
      33        21.5831        0.00000
      34        21.9167        0.00000

 337/352 kpoint (Cartesian) = 0.11247 -0.056235 0.083463 (7388 pws)
       1       -47.6655     0.00571429
       2       -47.6445     0.00571429
       3       -17.5868     0.00571429
       4       -17.5633     0.00571429
       5       -17.3591     0.00571429
       6       -17.3159     0.00571429
       7       -17.2584     0.00571429
       8       -17.2484     0.00571429
       9       -5.05190     0.00571429
      10       -4.96666     0.00571429
      11       -4.34524     0.00571429
      12       -4.30797     0.00571429
      13        7.19940     0.00571429
      14        7.39442     0.00571429
      15        7.68494     0.00571429
      16        8.01825     0.00571429
      17        8.35357     0.00571429
      18        8.44910     0.00571429
      19        9.71866     0.00571429
      20        9.88470     0.00571429
      21        10.2670     0.00571429
      22        10.5268     0.00571429
      23        10.6782     0.00571429
      24        10.9044     0.00571429
      25        17.1774        0.00000
      26        17.2861        0.00000
      27        17.4958        0.00000
      28        17.6892        0.00000
      29        19.3327        0.00000
      30        19.6119        0.00000
      31        20.4174        0.00000
      32        20.8526        0.00000
      33        21.5826        0.00000
      34        21.7771        0.00000

 338/352 kpoint (Cartesian) = 0.14059 -0.056235 0.083463 (7386 pws)
       1       -47.6649     0.00571429
       2       -47.6439     0.00571429
       3       -17.6023     0.00571429
       4       -17.5933     0.00571429
       5       -17.3341     0.00571429
       6       -17.3211     0.00571429
       7       -17.2655     0.00571429
       8       -17.2556     0.00571429
       9       -4.99889     0.00571429
      10       -4.99103     0.00571429
      11       -4.30038     0.00571429
      12       -4.29834     0.00571429
      13        7.30555     0.00571429
      14        7.31560     0.00571429
      15        7.89868     0.00571429
      16        7.90620     0.00571429
      17        8.22938     0.00571429
      18        8.24688     0.00571429
      19        10.0593     0.00571429
      20        10.0677     0.00571429
      21        10.4108     0.00571429
      22        10.4148     0.00571429
      23        10.6389     0.00571429
      24        10.6441     0.00571429
      25        17.3325        0.00000
      26        17.3412        0.00000
      27        17.4512        0.00000
      28        17.4584        0.00000
      29        19.3626        0.00000
      30        19.3850        0.00000
      31        20.6793        0.00000
      32        20.6948        0.00000
      33        21.6526        0.00000
      34        21.6881        0.00000

 339/352 kpoint (Cartesian) = 0.11247 0.056235 -0.083463 (7388 pws)
       1       -47.6655     0.00571429
       2       -47.6445     0.00571429
       3       -17.5868     0.00571429
       4       -17.5633     0.00571429
       5       -17.3591     0.00571429
       6       -17.3160     0.00571429
       7       -17.2585     0.00571429
       8       -17.2484     0.00571429
       9       -5.04573     0.00571429
      10       -4.97278     0.00571429
      11       -4.34453     0.00571429
      12       -4.30886     0.00571429
      13        7.19617     0.00571429
      14        7.39960     0.00571429
      15        7.68743     0.00571429
      16        8.01535     0.00571429
      17        8.35327     0.00571429
      18        8.44805     0.00571429
      19        9.72195     0.00571429
      20        9.88095     0.00571429
      21        10.2724     0.00571429
      22        10.5207     0.00571429
      23        10.6773     0.00571429
      24        10.9060     0.00571429
      25        17.1795        0.00000
      26        17.2835        0.00000
      27        17.4970        0.00000
      28        17.6892        0.00000
      29        19.3318        0.00000
      30        19.6112        0.00000
      31        20.4202        0.00000
      32        20.8510        0.00000
      33        21.5918        0.00000
      34        21.7680        0.00000

 340/352 kpoint (Cartesian) = 0.084352 0.056235 -0.083463 (7397 pws)
       1       -47.6671     0.00571429
       2       -47.6460     0.00571429
       3       -17.5399     0.00571429
       4       -17.5054     0.00571429
       5       -17.3790     0.00571429
       6       -17.3217     0.00571429
       7       -17.2446     0.00571429
       8       -17.2350     0.00571429
       9       -5.16488     0.00571429
      10       -4.98640     0.00571429
      11       -4.40272     0.00571429
      12       -4.33302     0.00571429
      13        7.18214     0.00571429
      14        7.29391     0.00571429
      15        7.64445     0.00571429
      16        7.96669     0.00571429
      17        8.50266     0.00571429
      18        8.96205     0.00571429
      19        9.46846     0.00571429
      20        9.50639     0.00571429
      21        9.95075     0.00571429
      22        10.4045     0.00571429
      23        10.9503     0.00571429
      24        11.1261     0.00571429
      25        17.0687        0.00000
      26        17.2148        0.00000
      27        17.6309        0.00000
      28        17.8259        0.00000
      29        19.5321        0.00000
      30        19.7125        0.00000
      31        20.3921        0.00000
      32        20.8021        0.00000
      33        21.5947        0.00000
      34        21.9035        0.00000

 341/352 kpoint (Cartesian) = -0.056235 -0.056235 0.083463 (7409 pws)
       1       -47.6690     0.00571429
       2       -47.6478     0.00571429
       3       -17.5070     0.00571429
       4       -17.4692     0.00571429
       5       -17.3485     0.00571429
       6       -17.3069     0.00571429
       7       -17.2368     0.00571429
       8       -17.2212     0.00571429
       9       -5.34722     0.00571429
      10       -5.06986     0.00571429
      11       -4.42881     0.00571429
      12       -4.30365     0.00571429
      13        7.25912     0.00571429
      14        7.26095     0.00571429
      15        7.47923     0.00571429
      16        7.97233     0.00571429
      17        8.41554     0.00571429
      18        9.22284     0.00571429
      19        9.45447     0.00571429
      20        9.53988     0.00571429
      21        9.74185     0.00571429
      22        10.1826     0.00571429
      23        11.1072     0.00571429
      24        11.2538     0.00571429
      25        17.1166        0.00000
      26        17.1444        0.00000
      27        17.6797        0.00000
      28        17.7085        0.00000
      29        19.5888        0.00000
      30        19.8110        0.00000
      31        20.5515        0.00000
      32        20.8467        0.00000
      33        21.6624        0.00000
      34        22.0920        0.00000

 342/352 kpoint (Cartesian) = -0.028117 -0.056235 0.083463 (7409 pws)
       1       -47.6706     0.00571429
       2       -47.6493     0.00571429
       3       -17.5160     0.00571429
       4       -17.4504     0.00571429
       5       -17.3089     0.00571429
       6       -17.2573     0.00571429
       7       -17.2314     0.00571429
       8       -17.2121     0.00571429
       9       -5.51116     0.00571429
      10       -5.17899     0.00571429
      11       -4.41699     0.00571429
      12       -4.25307     0.00571429
      13        7.25615     0.00571429
      14        7.38294     0.00571429
      15        7.43009     0.00571429
      16        7.88613     0.00571429
      17        8.27784     0.00571429
      18        9.00285     0.00571429
      19        9.16091     0.00571429
      20        9.66254     0.00571429
      21        10.1368     0.00571429
      22        10.3499     0.00571429
      23        11.0876     0.00571429
      24        11.2853     0.00571429
      25        17.0353        0.00000
      26        17.2697        0.00000
      27        17.4287        0.00000
      28        17.6550        0.00000
      29        19.4995        0.00000
      30        19.8667        0.00000
      31        20.8591        0.00000
      32        21.1757        0.00000
      33        21.6512        0.00000
      34        22.1439        0.00000

 343/352 kpoint (Cartesian) = 0.0000 -0.028117 0.083463 (7385 pws)
       1       -47.6728     0.00571429
       2       -47.6514     0.00571429
       3       -17.4920     0.00571429
       4       -17.4004     0.00571429
       5       -17.2582     0.00571429
       6       -17.2403     0.00571429
       7       -17.2193     0.00571429
       8       -17.2086     0.00571429
       9       -5.71541     0.00571429
      10       -5.29332     0.00571429
      11       -4.43014     0.00571429
      12       -4.20151     0.00571429
      13        7.26237     0.00571429
      14        7.37639     0.00571429
      15        7.53235     0.00571429
      16        7.81692     0.00571429
      17        7.98397     0.00571429
      18        8.48917     0.00571429
      19        8.80573     0.00571429
      20        9.43648     0.00571429
      21        10.7356     0.00571429
      22        10.8419     0.00571429
      23        11.4049     0.00571429
      24        11.4704     0.00571429
      25        17.0193        0.00000
      26        17.1758        0.00000
      27        17.3537        0.00000
      28        17.4892        0.00000
      29        19.6504        0.00000
      30        20.3009        0.00000
      31        21.1530        0.00000
      32        21.2608        0.00000
      33        21.5425        0.00000
      34        21.8524        0.00000

 344/352 kpoint (Cartesian) = 0.028117 -0.028117 0.083463 (7395 pws)
       1       -47.6722     0.00571429
       2       -47.6508     0.00571429
       3       -17.4941     0.00571429
       4       -17.4127     0.00571429
       5       -17.2712     0.00571429
       6       -17.2476     0.00571429
       7       -17.2274     0.00571429
       8       -17.2095     0.00571429
       9       -5.65848     0.00571429
      10       -5.25588     0.00571429
      11       -4.43103     0.00571429
      12       -4.21824     0.00571429
      13        7.30299     0.00571429
      14        7.31398     0.00571429
      15        7.46687     0.00571429
      16        7.82737     0.00571429
      17        8.10588     0.00571429
      18        8.65459     0.00571429
      19        8.89207     0.00571429
      20        9.52469     0.00571429
      21        10.5963     0.00571429
      22        10.6321     0.00571429
      23        11.3235     0.00571429
      24        11.4264     0.00571429
      25        17.0835        0.00000
      26        17.1816        0.00000
      27        17.4047        0.00000
      28        17.5108        0.00000
      29        19.6277        0.00000
      30        20.1312        0.00000
      31        20.9229        0.00000
      32        21.2697        0.00000
      33        21.5867        0.00000
      34        21.9992        0.00000

 345/352 kpoint (Cartesian) = 0.056235 -0.028117 0.083463 (7409 pws)
       1       -47.6706     0.00571429
       2       -47.6494     0.00571429
       3       -17.5152     0.00571429
       4       -17.4505     0.00571429
       5       -17.3087     0.00571429
       6       -17.2568     0.00571429
       7       -17.2314     0.00571429
       8       -17.2125     0.00571429
       9       -5.51566     0.00571429
      10       -5.18069     0.00571429
      11       -4.41583     0.00571429
      12       -4.25052     0.00571429
      13        7.26044     0.00571429
      14        7.38409     0.00571429
      15        7.42177     0.00571429
      16        7.88685     0.00571429
      17        8.26482     0.00571429
      18        9.00450     0.00571429
      19        9.17105     0.00571429
      20        9.66087     0.00571429
      21        10.1473     0.00571429
      22        10.3416     0.00571429
      23        11.0981     0.00571429
      24        11.2797     0.00571429
      25        17.0340        0.00000
      26        17.2667        0.00000
      27        17.4276        0.00000
      28        17.6535        0.00000
      29        19.5091        0.00000
      30        19.8623        0.00000
      31        20.8654        0.00000
      32        21.1699        0.00000
      33        21.6513        0.00000
      34        22.1327        0.00000

 346/352 kpoint (Cartesian) = 0.084352 -0.028117 0.083463 (7401 pws)
       1       -47.6686     0.00571429
       2       -47.6475     0.00571429
       3       -17.5672     0.00571429
       4       -17.5163     0.00571429
       5       -17.3198     0.00571429
       6       -17.2538     0.00571429
       7       -17.2339     0.00571429
       8       -17.2187     0.00571429
       9       -5.35987     0.00571429
      10       -5.13750     0.00571429
      11       -4.35878     0.00571429
      12       -4.25744     0.00571429
      13        7.31069     0.00571429
      14        7.40611     0.00571429
      15        7.57962     0.00571429
      16        7.91017     0.00571429
      17        8.38985     0.00571429
      18        9.32106     0.00571429
      19        9.38323     0.00571429
      20        9.57911     0.00571429
      21        9.99058     0.00571429
      22        10.1514     0.00571429
      23        10.7708     0.00571429
      24        11.0897     0.00571429
      25        16.9699        0.00000
      26        17.2834        0.00000
      27        17.3956        0.00000
      28        17.6889        0.00000
      29        19.4128        0.00000
      30        19.5923        0.00000
      31        20.8924        0.00000
      32        21.3205        0.00000
      33        21.6953        0.00000
      34        22.0378        0.00000

 347/352 kpoint (Cartesian) = 0.11247 -0.028117 0.083463 (7403 pws)
       1       -47.6670     0.00571429
       2       -47.6460     0.00571429
       3       -17.6147     0.00571429
       4       -17.5863     0.00571429
       5       -17.2987     0.00571429
       6       -17.2473     0.00571429
       7       -17.2442     0.00571429
       8       -17.2240     0.00571429
       9       -5.25268     0.00571429
      10       -5.14748     0.00571429
      11       -4.28026     0.00571429
      12       -4.22999     0.00571429
      13        7.40822     0.00571429
      14        7.57368     0.00571429
      15        7.68102     0.00571429
      16        7.89016     0.00571429
      17        8.45994     0.00571429
      18        8.84353     0.00571429
      19        9.66524     0.00571429
      20        9.84588     0.00571429
      21        10.0428     0.00571429
      22        10.2329     0.00571429
      23        10.4350     0.00571429
      24        10.8676     0.00571429
      25        17.0075        0.00000
      26        17.2678        0.00000
      27        17.2846        0.00000
      28        17.5290        0.00000
      29        19.3406        0.00000
      30        19.4814        0.00000
      31        20.9638        0.00000
      32        21.4153        0.00000
      33        21.7767        0.00000
      34        21.8780        0.00000

 348/352 kpoint (Cartesian) = 0.14059 -0.028117 0.083463 (7402 pws)
       1       -47.6664     0.00571429
       2       -47.6455     0.00571429
       3       -17.6279     0.00571429
       4       -17.6201     0.00571429
       5       -17.2736     0.00571429
       6       -17.2658     0.00571429
       7       -17.2410     0.00571429
       8       -17.2261     0.00571429
       9       -5.19405     0.00571429
      10       -5.18396     0.00571429
      11       -4.22810     0.00571429
      12       -4.22571     0.00571429
      13        7.53797     0.00571429
      14        7.54776     0.00571429
      15        7.82467     0.00571429
      16        7.83665     0.00571429
      17        8.53553     0.00571429
      18        8.54180     0.00571429
      19        9.85228     0.00571429
      20        9.86123     0.00571429
      21        10.1474     0.00571429
      22        10.1522     0.00571429
      23        10.5724     0.00571429
      24        10.5822     0.00571429
      25        17.1052        0.00000
      26        17.1187        0.00000
      27        17.3538        0.00000
      28        17.3661        0.00000
      29        19.3768        0.00000
      30        19.3962        0.00000
      31        21.2096        0.00000
      32        21.2242        0.00000
      33        21.8561        0.00000
      34        21.8799        0.00000

 349/352 kpoint (Cartesian) = 0.11247 0.028117 -0.083463 (7403 pws)
       1       -47.6670     0.00571429
       2       -47.6460     0.00571429
       3       -17.6145     0.00571429
       4       -17.5864     0.00571429
       5       -17.2984     0.00571429
       6       -17.2473     0.00571429
       7       -17.2445     0.00571429
       8       -17.2239     0.00571429
       9       -5.24564     0.00571429
      10       -5.15451     0.00571429
      11       -4.27883     0.00571429
      12       -4.23158     0.00571429
      13        7.40456     0.00571429
      14        7.57740     0.00571429
      15        7.69191     0.00571429
      16        7.87890     0.00571429
      17        8.46368     0.00571429
      18        8.84024     0.00571429
      19        9.67207     0.00571429
      20        9.83939     0.00571429
      21        10.0449     0.00571429
      22        10.2292     0.00571429
      23        10.4339     0.00571429
      24        10.8693     0.00571429
      25        17.0077        0.00000
      26        17.2676        0.00000
      27        17.2875        0.00000
      28        17.5276        0.00000
      29        19.3368        0.00000
      30        19.4829        0.00000
      31        20.9677        0.00000
      32        21.4157        0.00000
      33        21.7868        0.00000
      34        21.8754        0.00000

 350/352 kpoint (Cartesian) = -0.084352 -0.028117 0.083463 (7401 pws)
       1       -47.6686     0.00571429
       2       -47.6475     0.00571429
       3       -17.5670     0.00571429
       4       -17.5163     0.00571429
       5       -17.3197     0.00571429
       6       -17.2540     0.00571429
       7       -17.2339     0.00571429
       8       -17.2188     0.00571429
       9       -5.35405     0.00571429
      10       -5.14361     0.00571429
      11       -4.35688     0.00571429
      12       -4.25928     0.00571429
      13        7.31008     0.00571429
      14        7.40523     0.00571429
      15        7.58857     0.00571429
      16        7.90045     0.00571429
      17        8.39630     0.00571429
      18        9.32149     0.00571429
      19        9.38568     0.00571429
      20        9.57061     0.00571429
      21        9.99278     0.00571429
      22        10.1497     0.00571429
      23        10.7702     0.00571429
      24        11.0908     0.00571429
      25        16.9722        0.00000
      26        17.2795        0.00000
      27        17.3992        0.00000
      28        17.6889        0.00000
      29        19.4033        0.00000
      30        19.5986        0.00000
      31        20.8951        0.00000
      32        21.3270        0.00000
      33        21.7015        0.00000
      34        22.0351        0.00000

 351/352 kpoint (Cartesian) = -0.056235 -0.028117 0.083463 (7409 pws)
       1       -47.6706     0.00571429
       2       -47.6494     0.00571429
       3       -17.5149     0.00571429
       4       -17.4506     0.00571429
       5       -17.3086     0.00571429
       6       -17.2569     0.00571429
       7       -17.2313     0.00571429
       8       -17.2128     0.00571429
       9       -5.51184     0.00571429
      10       -5.18488     0.00571429
      11       -4.41459     0.00571429
      12       -4.25160     0.00571429
      13        7.26192     0.00571429
      14        7.37986     0.00571429
      15        7.42687     0.00571429
      16        7.88066     0.00571429
      17        8.27448     0.00571429
      18        9.00847     0.00571429
      19        9.16164     0.00571429
      20        9.65921     0.00571429
      21        10.1469     0.00571429
      22        10.3429     0.00571429
      23        11.0975     0.00571429
      24        11.2805     0.00571429
      25        17.0373        0.00000
      26        17.2600        0.00000
      27        17.4327        0.00000
      28        17.6532        0.00000
      29        19.4967        0.00000
      30        19.8717        0.00000
      31        20.8667        0.00000
      32        21.1784        0.00000
      33        21.6570        0.00000
      34        22.1396        0.00000

 352/352 kpoint (Cartesian) = -0.028117 -0.028117 0.083463 (7395 pws)
       1       -47.6722     0.00571429
       2       -47.6508     0.00571429
       3       -17.4939     0.00571429
       4       -17.4128     0.00571429
       5       -17.2712     0.00571429
       6       -17.2475     0.00571429
       7       -17.2274     0.00571429
       8       -17.2098     0.00571429
       9       -5.65666     0.00571429
      10       -5.25786     0.00571429
      11       -4.43061     0.00571429
      12       -4.21863     0.00571429
      13        7.30624     0.00571429
      14        7.31392     0.00571429
      15        7.46209     0.00571429
      16        7.82563     0.00571429
      17        8.11453     0.00571429
      18        8.65445     0.00571429
      19        8.88695     0.00571429
      20        9.52391     0.00571429
      21        10.5967     0.00571429
      22        10.6328     0.00571429
      23        11.3219     0.00571429
      24        11.4276     0.00571429
      25        17.0808        0.00000
      26        17.1857        0.00000
      27        17.4029        0.00000
      28        17.5120        0.00000
      29        19.6160        0.00000
      30        20.1432        0.00000
      31        20.9233        0.00000
      32        21.2730        0.00000
      33        21.5914        0.00000
      34        22.0089        0.00000


 Warning_Memory_Consuming allocated:  ORB::Jl(x) 1106.24 MB

 Warning_Memory_Consuming allocated:  Force::dS_K 39.3693 MB

 Warning_Memory_Consuming allocated:  Force::dTVNL 39.3693 MB

 Warning_Memory_Consuming allocated:  DensityMatrix::DMR 13.1907 MB
 correction force for each atom along direction 1 is -2.61257e-07
 correction force for each atom along direction 2 is -2.43558e-08
 correction force for each atom along direction 3 is -4.37848e-07
------------------------------------------------------------------------------------------
 TOTAL-FORCE (eV/Angstrom)                                                                
------------------------------------------------------------------------------------------
                       Hf1        -0.0097101006         0.0048130572        -0.0106115715 
                       Hf2         0.0067992215         0.0507731729         0.0480681540 
                        O1        -0.0326031550        -0.0999224889        -0.1065902756 
                        O2         0.0034710331         0.0036269581         0.0685775894 
                        O3         0.0301056746         0.0387785324        -0.0100276544 
                        O4         0.0019373264         0.0019307683         0.0105837581 
------------------------------------------------------------------------------------------



 --------------------------------------------
 !FINAL_ETOT_IS -4878.933953117702 eV
 --------------------------------------------


TIME STATISTICS
------------------------------------------------------------------------------------
    CLASS_NAME                    NAME                TIME/s  CALLS   AVG/s  PER/%  
------------------------------------------------------------------------------------
                   total                              144.58 13       11.12  100.00 
 Driver            reading                            0.03   1        0.03   0.02   
 Input_Conv        Convert                            0.00   1        0.00   0.00   
 Driver            driver_line                        144.55 1        144.55 99.98  
 UnitCell          check_tau                          0.00   1        0.00   0.00   
 ESolver_KS_LCAO   before_all_runners                 0.86   1        0.86   0.60   
 PW_Basis_Sup      setuptransform                     0.01   1        0.01   0.00   
 PW_Basis_Sup      distributeg                        0.00   1        0.00   0.00   
 mymath            heapsort                           0.01   205      0.00   0.00   
 Charge_Mixing     init_mixing                        0.00   1        0.00   0.00   
 Symmetry          analy_sys                          0.02   1        0.02   0.02   
 PW_Basis_K        setuptransform                     0.09   1        0.09   0.06   
 PW_Basis_K        distributeg                        0.00   1        0.00   0.00   
 PW_Basis          setup_struc_factor                 0.01   1        0.01   0.01   
 NOrbital_Lm       extra_uniform                      1.40   681      0.00   0.97   
 Mathzone_Add1     SplineD2                           0.01   681      0.00   0.01   
 Mathzone_Add1     Cubic_Spline_Interpolation         0.01   681      0.00   0.01   
 Mathzone_Add1     Uni_Deriv_Phi                      1.34   681      0.00   0.93   
 ppcell_vl         init_vloc                          0.01   1        0.01   0.01   
 Ions              opt_ions                           143.61 1        143.61 99.33  
 ESolver_KS_LCAO   runner                             139.41 1        139.41 96.43  
 ESolver_KS_LCAO   before_scf                         0.14   1        0.14   0.10   
 atom_arrange      search                             0.00   1        0.00   0.00   
 atom_arrange      grid_d.init                        0.00   1        0.00   0.00   
 Grid              Construct_Adjacent_expand          0.00   1        0.00   0.00   
 Grid              Construct_Adjacent_expand_periodic 0.00   6        0.00   0.00   
 Grid_Technique    init                               0.03   1        0.03   0.02   
 Grid_BigCell      grid_expansion_index               0.00   2        0.00   0.00   
 Grid_Driver       Find_atom                          0.00   36       0.00   0.00   
 Record_adj        for_2d                             0.01   1        0.01   0.01   
 LCAO_domain       grid_prepare                       0.00   1        0.00   0.00   
 Veff              initialize_HR                      0.00   1        0.00   0.00   
 OverlapNew        initialize_SR                      0.01   1        0.01   0.00   
 EkineticNew       initialize_HR                      0.00   1        0.00   0.00   
 NonlocalNew       initialize_HR                      0.01   1        0.01   0.01   
 Charge            set_rho_core                       0.01   1        0.01   0.00   
 PW_Basis_Sup      recip2real                         0.06   97       0.00   0.04   
 PW_Basis_Sup      gathers_scatterp                   0.00   97       0.00   0.00   
 ModuleIO          read_rhog                          0.01   1        0.01   0.01   
 Potential         init_pot                           0.01   1        0.01   0.01   
 Potential         update_from_charge                 0.19   13       0.01   0.13   
 Potential         cal_fixed_v                        0.00   1        0.00   0.00   
 PotLocal          cal_fixed_v                        0.00   1        0.00   0.00   
 Potential         cal_v_eff                          0.18   13       0.01   0.13   
 H_Hartree_pw      v_hartree                          0.03   13       0.00   0.02   
 PW_Basis_Sup      real2recip                         0.06   112      0.00   0.04   
 PW_Basis_Sup      gatherp_scatters                   0.01   112      0.00   0.01   
 PotXC             cal_v_eff                          0.15   13       0.01   0.11   
 XC_Functional     v_xc                               0.16   14       0.01   0.11   
 Potential         interpolate_vrs                    0.00   13       0.00   0.00   
 Symmetry          rhog_symmetry                      0.17   13       0.01   0.12   
 Symmetry          group fft grids                    0.11   13       0.01   0.07   
 H_Ewald_pw        compute_ewald                      0.00   1        0.00   0.00   
 HSolverLCAO       solve                              121.46 12       10.12  84.01  
 HamiltLCAO        updateHk                           11.64  4224     0.00   8.05   
 OperatorLCAO      init                               9.79   12672    0.00   6.77   
 Veff              contributeHR                       5.24   12       0.44   3.62   
 Gint_interface    cal_gint                           9.17   25       0.37   6.34   
 Gint_interface    cal_gint_vlocal                    4.84   12       0.40   3.35   
 Gint_Tools        cal_psir_ylm                       3.05   801      0.00   2.11   
 Gint_k            transfer_pvpR                      0.07   12       0.01   0.05   
 OverlapNew        calculate_SR                       0.80   1        0.80   0.55   
 OverlapNew        contributeHk                       1.04   4224     0.00   0.72   
 EkineticNew       contributeHR                       1.85   12       0.15   1.28   
 EkineticNew       calculate_HR                       1.84   1        1.84   1.27   
 NonlocalNew       contributeHR                       1.62   12       0.13   1.12   
 NonlocalNew       calculate_HR                       1.57   1        1.57   1.08   
 OperatorLCAO      contributeHk                       0.91   4224     0.00   0.63   
 HSolverLCAO       hamiltSolvePsiK                    104.49 4224     0.02   72.27  
 DiagoElpa         elpa_solve                         103.22 4224     0.02   71.39  
 elecstate         cal_dm                             1.07   13       0.08   0.74   
 psiMulPsiMpi      pdgemm                             0.95   4576     0.00   0.66   
 DensityMatrix     cal_DMR                            0.75   13       0.06   0.52   
 ElecStateLCAO     psiToRho                           3.63   12       0.30   2.51   
 Gint              transfer_DMR                       0.17   12       0.01   0.12   
 Gint_interface    cal_gint_rho                       3.45   12       0.29   2.38   
 Charge_Mixing     get_drho                           0.00   12       0.00   0.00   
 Charge            mix_rho                            0.04   11       0.00   0.03   
 Charge            Broyden_mixing                     0.01   11       0.00   0.01   
 ModuleIO          write_rhog                         0.02   1        0.02   0.01   
 ESolver_KS_LCAO   after_scf                          17.35  1        17.35  12.00  
 Charge            atomic_rho                         0.00   1        0.00   0.00   
 ModuleIO          output_HSR                         2.35   1        2.35   1.62   
 ModuleIO          save_HSR_sparse                    1.80   1        1.80   1.24   
 cal_r_overlap_R   init                               6.41   1        6.41   4.43   
 ORB_gaunt_table   init_Gaunt_CH                      0.00   1        0.00   0.00   
 ORB_gaunt_table   Calc_Gaunt_CH                      0.00   3738     0.00   0.00   
 ORB_gaunt_table   init_Gaunt                         0.04   1        0.04   0.02   
 ORB_gaunt_table   Get_Gaunt_SH                       0.01   78408    0.00   0.01   
 Center2_Orb       cal_ST_Phi12_R                     3.48   1699     0.00   2.40   
 cal_r_overlap_R   out_rR_other                       8.51   1        8.51   5.88   
 ESolver_KS_LCAO   cal_force                          4.20   1        4.20   2.90   
 Force_Stress_LCAO getForceStress                     4.20   1        4.20   2.90   
 Forces            cal_force_loc                      0.01   1        0.01   0.01   
 Forces            cal_force_ew                       0.00   1        0.00   0.00   
 Forces            cal_force_cc                       0.02   1        0.02   0.01   
 Forces            cal_force_scc                      0.00   1        0.00   0.00   
 Force_LCAO        ftable                             3.49   1        3.49   2.41   
 Force_LCAO        allocate                           2.61   1        2.61   1.80   
 LCAO_domain       build_ST_new                       2.60   2        1.30   1.80   
 Force_LCAO        cal_pulay_fs_center2               0.14   2        0.07   0.10   
 Gint_interface    cal_gint_force                     0.55   1        0.55   0.38   
 Gint_Tools        cal_dpsir_ylm                      0.21   33       0.01   0.14   
 NonlocalNew       cal_force_stress                   0.67   1        0.67   0.46   
 ESolver_KS_LCAO   after_all_runners                  0.03   1        0.03   0.02   
 ModuleIO          write_istate_info                  0.03   1        0.03   0.02   
------------------------------------------------------------------------------------


 NAME-------------------------|MEMORY(MB)--------
                         total          1492.
                    ORB::Jl(x)          1106.
            DensityMatrix::DMK          134.1
                  PW_B_K::gcar          59.97
                   Force::dS_K          39.37
                  Force::dTVNL          39.37
                   PW_B_K::gk2          19.99
                HamiltLCAO::hR          13.19
            DensityMatrix::DMR          13.19
                HamiltLCAO::sR          10.74
                  Gint::hRGint          10.74
                 Gint::DMRGint          10.74
       TwoCenterTable: Kinetic          8.544
       TwoCenterTable: Overlap          8.544
      TwoCenterTable: Nonlocal          5.689
                  SF::strucFac          1.808
 -------------   < 1.0 MB has been ignored ----------------
 ----------------------------------------------------------

 Start  Time  : Fri Sep  4 11:44:17 2026
 Finish Time  : Fri Sep  4 11:46:42 2026
 Total  Time  : 0 h 2 mins 25 secs 
