# frequency_cm-1 intensity_x intensity_y intensity_z intensity_total
0.000000000000000000e+00 5.160436699648205517e-06 5.160376193191789545e-06 6.951335550165895047e-06 1.727214844300589011e-05
3.788490033763978748e-01 5.166448334383698714e-06 5.166387722178878459e-06 6.960174478426227653e-06 1.729301053498880398e-05
7.576980067527957496e-01 5.172470479886833528e-06 5.172409761687022453e-06 6.969030275642507022e-06 1.731391051721636385e-05
1.136547010129193680e+00 5.178503160674178170e-06 5.178442336232073995e-06 6.977902984766566888e-06 1.733484848167282075e-05
1.515396013505591499e+00 5.184546401333817538e-06 5.184485470401391229e-06 6.986792648887020712e-06 1.735582452062223117e-05
1.894245016881989319e+00 5.190600226525612409e-06 5.190539188854114105e-06 6.995699311229804629e-06 1.737683872660953114e-05
2.273094020258387360e+00 5.196664660981443382e-06 5.196603516321398163e-06 7.004623015158684823e-06 1.739789119246152552e-05
2.651943023634784957e+00 5.202739729505471764e-06 5.202678477606671181e-06 7.013563804175797089e-06 1.741898201128793834e-05
3.030792027011182999e+00 5.208825456974390297e-06 5.208764097585894062e-06 7.022521721922173679e-06 1.744011127648245634e-05
3.409641030387581040e+00 5.214921868337669638e-06 5.214860401207805627e-06 7.031496812178265933e-06 1.746127908172374205e-05
3.788490033763978637e+00 5.221028988617828566e-06 5.220967413494186044e-06 7.040489118864500770e-06 1.748248552097651453e-05
4.167339037140376234e+00 5.227146842910676234e-06 5.227085159540105852e-06 7.049498686041793147e-06 1.750373068849257269e-05
4.546188040516774720e+00 5.233275456385588298e-06 5.233213664514195318e-06 7.058525557912109337e-06 1.752501467881189295e-05
4.925037043893172317e+00 5.239414854285738163e-06 5.239352953658888387e-06 7.067569778818986156e-06 1.754633758676361186e-05
5.303886047269569914e+00 5.245565061928384967e-06 5.245503052290692033e-06 7.076631393248095093e-06 1.756769950746717125e-05
5.682735050645968400e+00 5.251726104705120921e-06 5.251663985800450536e-06 7.085710445827781018e-06 1.758910053633335163e-05
6.061584054022365997e+00 5.257898008082132191e-06 5.257835779653595356e-06 7.094806981329600896e-06 1.761054076906532590e-05
6.440433057398763594e+00 5.264080797600467411e-06 5.264018459390422114e-06 7.103921044668903159e-06 1.763202030165979099e-05
6.819282060775162080e+00 5.270274498876300259e-06 5.270212050626343005e-06 7.113052680905351170e-06 1.765353923040799443e-05
7.198131064151559677e+00 5.276479137601186111e-06 5.276416579052157006e-06 7.122201935243500057e-06 1.767509765189684233e-05
7.576980067527957274e+00 5.282694739542348337e-06 5.282632070434320922e-06 7.131368853033353206e-06 1.769669566301002077e-05
7.955829070904355760e+00 5.288921330542926482e-06 5.288858550615205191e-06 7.140553479770917077e-06 1.771833336092904621e-05
8.334678074280752469e+00 5.295158936522252399e-06 5.295096045513381032e-06 7.149755861098767861e-06 1.774001084313440044e-05
8.713527077657150954e+00 5.301407583476123840e-06 5.301344581123866078e-06 7.158976042806627465e-06 1.776172820740661823e-05
9.092376081033549440e+00 5.307667297477064496e-06 5.307604183518414068e-06 7.168214070831920864e-06 1.778348555182739858e-05
9.471225084409946149e+00 5.313938104674608598e-06 5.313874878845784198e-06 7.177469991260355463e-06 1.780528297478074995e-05
9.850074087786344634e+00 5.320220031295564348e-06 5.320156693331999470e-06 7.186743850326488618e-06 1.782712057495405074e-05
1.022892309116274312e+01 5.326513103644296824e-06 5.326449653280645692e-06 7.196035694414320553e-06 1.784899845133926222e-05
1.060777209453913983e+01 5.332817348102991410e-06 5.332753785073120506e-06 7.205345570057857638e-06 1.787091670323396871e-05
1.098662109791553831e+01 5.339132791131943479e-06 5.339069115168933240e-06 7.214673523941697692e-06 1.789287543024257695e-05
1.136547010129193680e+01 5.345459459269826904e-06 5.345395670105962403e-06 7.224019602901624595e-06 1.791487473227741390e-05
1.174431910466833351e+01 5.351797379133969345e-06 5.351733476500748761e-06 7.233383853925183427e-06 1.793691470955990238e-05
1.212316810804473199e+01 5.358146577420652096e-06 5.358082561048774009e-06 7.242766324152295415e-06 1.795899546262172321e-05
1.250201711142113048e+01 5.364507080905365043e-06 5.364442950524725892e-06 7.252167060875805112e-06 1.798111709230589605e-05
1.288086611479752719e+01 5.370878916443110748e-06 5.370814671782808221e-06 7.261586111542130921e-06 1.800327969976804989e-05
1.325971511817392567e+01 5.377262110968672961e-06 5.377197751756995829e-06 7.271023523751822444e-06 1.802548338647749039e-05
1.363856412155032416e+01 5.383656691496906302e-06 5.383592217461336114e-06 7.280479345260180505e-06 1.804772825421842292e-05
1.401741312492672087e+01 5.390062685123026795e-06 5.389998095990238725e-06 7.289953623977858549e-06 1.807001440509112153e-05
1.439626212830311935e+01 5.396480119022890544e-06 5.396415414518740683e-06 7.299446407971467423e-06 1.809234194151309780e-05
1.477511113167951784e+01 5.402909020453291882e-06 5.402844200302821479e-06 7.308957745464192857e-06 1.811471096622030706e-05
1.515396013505591455e+01 5.409349416752240359e-06 5.409284480679669885e-06 7.318487684836385007e-06 1.813712158226829695e-05
1.553280913843231303e+01 5.415801335339258892e-06 5.415736283067986349e-06 7.328036274626204737e-06 1.815957389303345083e-05
1.591165814180871152e+01 5.422264803715681922e-06 5.422199634968281998e-06 7.337603563530222469e-06 1.818206800221418724e-05
1.629050714518511001e+01 5.428739849464931547e-06 5.428674563963146295e-06 7.347189600404036522e-06 1.820460401383211521e-05
1.666935614856150494e+01 5.435226500252828385e-06 5.435161097717571460e-06 7.356794434262914314e-06 1.822718203223331501e-05
1.704820515193790342e+01 5.441724783827875324e-06 5.441659263979224361e-06 7.366418114282397142e-06 1.824980216208949683e-05
1.742705415531430191e+01 5.448234728021564156e-06 5.448169090578759073e-06 7.376060689798947316e-06 1.827246450839927139e-05
1.780590315869070039e+01 5.454756360748661870e-06 5.454690605430105715e-06 7.385722210310569884e-06 1.829516917648933577e-05
1.818475216206709888e+01 5.461289710007521509e-06 5.461223836530767760e-06 7.395402725477452137e-06 1.831791627201574056e-05
1.856360116544349737e+01 5.467834803880377794e-06 5.467768811962137974e-06 7.405102285122603968e-06 1.834070590096511974e-05
1.894245016881989230e+01 5.474391670533644425e-06 5.474325559889776250e-06 7.414820939232482139e-06 1.836353816965590027e-05
1.932129917219629078e+01 5.480960338218224097e-06 5.480894108563739944e-06 7.424558737957670442e-06 1.838641318473963364e-05
1.970014817557268927e+01 5.487540835269814279e-06 5.487474486318860010e-06 7.434315731613487025e-06 1.840933105320216131e-05
2.007899717894908775e+01 5.494133190109196055e-06 5.494066721575067958e-06 7.444091970680650161e-06 1.843229188236491248e-05
2.045784618232548624e+01 5.500737431242569543e-06 5.500670842837697392e-06 7.453887505805947402e-06 1.845529577988621180e-05
2.083669518570188472e+01 5.507353587261830881e-06 5.507286878697779629e-06 7.463702387802855607e-06 1.847834285376246527e-05
2.121554418907827966e+01 5.513981686844907650e-06 5.513914857832377427e-06 7.473536667652240593e-06 1.850143321232952567e-05
2.159439319245467814e+01 5.520621758756055331e-06 5.520554809004869591e-06 7.483390396502983938e-06 1.852456696426390886e-05
2.197324219583107663e+01 5.527273831846166480e-06 5.527206761065276233e-06 7.493263625672668230e-06 1.854774421858411179e-05
2.235209119920747511e+01 5.533937935053101066e-06 5.533870742950582334e-06 7.503156406648243685e-06 1.857096508465192708e-05
2.273094020258387360e+01 5.540614097401980389e-06 5.540546783685024895e-06 7.513068791086686289e-06 1.859422967217368988e-05
2.310978920596027208e+01 5.547302348005522513e-06 5.547234912380440216e-06 7.523000830815696598e-06 1.861753809120166017e-05
2.348863820933666702e+01 5.554002716064339566e-06 5.553935158236551890e-06 7.532952577834339255e-06 1.864089045213522902e-05
2.386748721271306550e+01 5.560715230867276559e-06 5.560647550541315542e-06 7.542924084313772277e-06 1.866428686572236523e-05
2.424633621608946399e+01 5.567439921791718858e-06 5.567372118671220377e-06 7.552915402597884031e-06 1.868772744306082496e-05
2.462518521946586247e+01 5.574176818303911511e-06 5.574108892091616129e-06 7.562926585204005582e-06 1.871121229559953407e-05
2.500403422284226096e+01 5.580925949959295527e-06 5.580857900357045105e-06 7.572957684823601879e-06 1.873474153513994336e-05
2.538288322621865589e+01 5.587687346402816189e-06 5.587619173111546265e-06 7.583008754322955304e-06 1.875831527383731606e-05
2.576173222959505438e+01 5.594461037369261875e-06 5.594392740089003353e-06 7.593079846743868714e-06 1.878193362420213394e-05
2.614058123297145286e+01 5.601247052683581687e-06 5.601178631113455758e-06 7.603171015304354076e-06 1.880559669910139152e-05
2.651943023634785135e+01 5.608045422261217494e-06 5.607976876099428861e-06 7.613282313399349059e-06 1.882930461175999541e-05
2.689827923972424983e+01 5.614856176108436813e-06 5.614787505052273688e-06 7.623413794601417527e-06 1.885305747576212972e-05
2.727712824310064832e+01 5.621679344322648753e-06 5.621610548068484553e-06 7.633565512661460206e-06 1.887685540505259097e-05
2.765597724647704325e+01 5.628514957092767394e-06 5.628446035336045493e-06 7.643737521509431264e-06 1.890069851393824500e-05
2.803482624985344174e+01 5.635363044699508246e-06 5.635293997134748753e-06 7.653929875255033736e-06 1.892458691708929073e-05
2.841367525322984022e+01 5.642223637515747389e-06 5.642154463836542065e-06 7.664142628188475069e-06 1.894852072954076452e-05
2.879252425660623871e+01 5.649096766006860294e-06 5.649027465905861540e-06 7.674375834781153223e-06 1.897250006669387506e-05
2.917137325998263719e+01 5.655982460731038605e-06 5.655913033899966238e-06 7.684629549686410529e-06 1.899652504431741622e-05
2.955022226335903568e+01 5.662880752339654366e-06 5.662811198469287150e-06 7.694903827740253666e-06 1.902059577854919349e-05
2.992907126673543061e+01 5.669791671577586132e-06 5.669721990357756696e-06 7.705198723962071949e-06 1.904471238589741308e-05
3.030792027011182910e+01 5.676715249283564552e-06 5.676645440403160235e-06 7.715514293555404733e-06 1.906887498324212867e-05
3.068676927348822758e+01 5.683651516390518812e-06 5.683581579537476584e-06 7.725850591908654626e-06 1.909308368783665087e-05
3.106561827686462607e+01 5.690600503925915445e-06 5.690530438787216820e-06 7.736207674595841336e-06 1.911733861730897360e-05
3.144446728024102455e+01 5.697562243012119165e-06 5.697492049273788512e-06 7.746585597377350459e-06 1.914163988966325814e-05
3.182331628361742304e+01 5.704536764866728297e-06 5.704466442213826060e-06 7.756984416200680553e-06 1.916598762328123576e-05
3.220216528699381797e+01 5.711524100802927985e-06 5.711453648919554073e-06 7.767404187201195311e-06 1.919038193692367483e-05
3.258101429037022001e+01 5.718524282229843408e-06 5.718453700799123644e-06 7.777844966702887578e-06 1.921482294973185463e-05
3.295986329374661494e+01 5.725537340652888756e-06 5.725466629356983343e-06 7.788306811219124746e-06 1.923931078122899515e-05
3.333871229712300988e+01 5.732563307674132301e-06 5.732492466194223120e-06 7.798789777453450043e-06 1.926384555132180546e-05
3.371756130049941191e+01 5.739602214992636907e-06 5.739531243008924974e-06 7.809293922300290653e-06 1.928842738030185253e-05
3.409641030387580685e+01 5.746654094404835260e-06 5.746582991596539035e-06 7.819819302845804751e-06 1.931305638884718074e-05
3.447525930725220888e+01 5.753718977804867841e-06 5.753647743850221529e-06 7.830365976368582845e-06 1.933773269802367391e-05
3.485410831062860382e+01 5.760796897184959850e-06 5.760725531761205782e-06 7.840934000340472787e-06 1.936245642928664096e-05
3.523295731400500586e+01 5.767887884635782892e-06 5.767816387419170676e-06 7.851523432427364121e-06 1.938722770448232023e-05
3.561180631738140079e+01 5.774991972346803954e-06 5.774920343012587087e-06 7.862134330489938563e-06 1.941204664584932960e-05
3.599065532075779572e+01 5.782109192606674192e-06 5.782037430829101591e-06 7.872766752584503473e-06 1.943691337602027926e-05
3.636950432413419776e+01 5.789239577803571983e-06 5.789167683255887134e-06 7.883420756963752495e-06 1.946182801802321161e-05
3.674835332751059269e+01 5.796383160425582389e-06 5.796311132780026742e-06 7.894096402077578707e-06 1.948679069528319038e-05
3.712720233088699473e+01 5.803539973061074094e-06 5.803467811988870963e-06 7.904793746573882690e-06 1.951180153162382521e-05
3.750605133426338966e+01 5.810710048399056001e-06 5.810637753570414802e-06 7.915512849299353497e-06 1.953686065126882345e-05
3.788490033763978460e+01 5.817893419229563478e-06 5.817820990313672953e-06 7.926253769300313983e-06 1.956196817884355211e-05
3.826374934101618663e+01 5.825090118444022587e-06 5.825017555109049108e-06 7.937016565823491615e-06 1.958712423937656585e-05
3.864259834439258157e+01 5.832300179035638866e-06 5.832227480948718814e-06 7.947801298316879050e-06 1.961232895830123673e-05
3.902144734776898360e+01 5.839523634099763251e-06 5.839450800927003014e-06 7.958608026430518491e-06 1.963758246145728560e-05
3.940029635114537854e+01 5.846760516834272394e-06 5.846687548240745826e-06 7.969436810017335165e-06 1.966288487509235084e-05
3.977914535452177347e+01 5.854010860539967612e-06 5.853937756189707567e-06 7.980287709133994525e-06 1.968823632586366886e-05
4.015799435789817551e+01 5.861274698620932341e-06 5.861201458176927278e-06 7.991160784041691678e-06 1.971363694083955130e-05
4.053684336127457044e+01 5.868552064584937859e-06 5.868478687709133541e-06 8.002056095207022143e-06 1.973908684750109608e-05
4.091569236465097248e+01 5.875842992043819369e-06 5.875769478397104462e-06 8.012973703302798381e-06 1.976458617374372221e-05
4.129454136802736741e+01 5.883147514713857170e-06 5.883073863956074253e-06 8.023913669208907002e-06 1.979013504787883673e-05
4.167339037140376945e+01 5.890465666416190849e-06 5.890391878206118628e-06 8.034876054013162568e-06 1.981573359863547120e-05
4.205223937478016438e+01 5.897797481077181813e-06 5.897723555072536816e-06 8.045860919012141075e-06 1.984138195516186055e-05
4.243108837815655932e+01 5.905142992728829185e-06 5.905068928586262372e-06 8.056868325712067644e-06 1.986708024702716089e-05
4.280993738153296135e+01 5.912502235509147579e-06 5.912428032884240952e-06 8.067898335829633061e-06 1.989282860422302159e-05
4.318878638490935629e+01 5.919875243662577908e-06 5.919800902209832659e-06 8.078951011292898407e-06 1.991862715716530982e-05
4.356763538828575832e+01 5.927262051540373636e-06 5.927187570913223693e-06 8.090026414242153951e-06 1.994447603669575043e-05
4.394648439166215326e+01 5.934662693601008198e-06 5.934588073451795664e-06 8.101124607030774652e-06 1.997037537408357936e-05
4.432533339503854819e+01 5.942077204410579035e-06 5.942002444390563505e-06 8.112245652226128179e-06 1.999632530102726818e-05
4.470418239841495023e+01 5.949505618643200618e-06 5.949430718402549862e-06 8.123389612610420248e-06 2.002232594965617073e-05
4.508303140179134516e+01 5.956947971081424576e-06 5.956872930269211149e-06 8.134556551181617892e-06 2.004837745253225108e-05
4.546188040516774720e+01 5.964404296616629330e-06 5.964329114880828034e-06 8.145746531154313431e-06 2.007447994265177080e-05
4.584072940854414213e+01 5.971874630249441071e-06 5.971799307236924717e-06 8.156959615960618939e-06 2.010063355344698303e-05
4.621957841192054417e+01 5.979359007090147956e-06 5.979283542446679742e-06 8.168195869251099677e-06 2.012683841878792822e-05
4.659842741529693910e+01 5.986857462359098216e-06 5.986781855729331727e-06 8.179455354895624511e-06 2.015309467298405361e-05
4.697727641867333404e+01 5.994370031387128754e-06 5.994294282414602880e-06 8.190738136984314591e-06 2.017940245078604622e-05
4.735612542204973607e+01 6.001896749615970872e-06 6.001820857943103878e-06 8.202044279828434427e-06 2.020576188738751002e-05
4.773497442542613101e+01 6.009437652598672097e-06 6.009361617866755694e-06 8.213373847961313466e-06 2.023217311842674126e-05
4.811382342880253304e+01 6.016992776000023082e-06 6.016916597849224968e-06 8.224726906139274434e-06 2.025863627998852418e-05
4.849267243217892798e+01 6.024562155596962489e-06 6.024485833666316186e-06 8.236103519342553218e-06 2.028515150860583189e-05
4.887152143555532291e+01 6.032145827279019988e-06 6.032069361206422300e-06 8.247503752776218743e-06 2.031171894126166272e-05
4.925037043893172495e+01 6.039743827048727068e-06 6.039667216470930456e-06 8.258927671871118257e-06 2.033833871539077493e-05
4.962921944230811988e+01 6.047356191022046483e-06 6.047279435574665842e-06 8.270375342284826015e-06 2.036501096888153665e-05
5.000806844568452192e+01 6.054982955428814399e-06 6.054906054746308427e-06 8.281846829902558067e-06 2.039173584007768089e-05
5.038691744906091685e+01 6.062624156613149517e-06 6.062547110328826640e-06 8.293342200838137884e-06 2.041851346778011489e-05
5.076576645243731178e+01 6.070279831033909621e-06 6.070202638779916982e-06 8.304861521434965353e-06 2.044534399124879365e-05
5.114461545581371382e+01 6.077950015265103235e-06 6.077872676672425001e-06 8.316404858266926502e-06 2.047222755020445474e-05
5.152346445919010876e+01 6.085634745996347022e-06 6.085557260694802690e-06 8.327972278139415010e-06 2.049916428483056642e-05
5.190231346256651079e+01 6.093334060033291842e-06 6.093256427651528616e-06 8.339563848090248709e-06 2.052615433577506917e-05
5.228116246594290573e+01 6.101047994298061514e-06 6.100970214463550068e-06 8.351179635390662296e-06 2.055319784415227303e-05
5.266001146931930776e+01 6.108776585829712756e-06 6.108698658168743001e-06 8.362819707546289896e-06 2.058029495154474481e-05
5.303886047269570270e+01 6.116519871784654465e-06 6.116441795922330466e-06 8.374484132298123904e-06 2.060744580000510714e-05
5.341770947607209763e+01 6.124277889437120362e-06 6.124199664997358643e-06 8.386172977623536506e-06 2.063465053205801721e-05
5.379655847944849967e+01 6.132050676179595898e-06 6.131972302785114431e-06 8.397886311737223270e-06 2.066190929070193529e-05
5.417540748282489460e+01 6.139838269523279036e-06 6.139759746795604019e-06 8.409624203092226370e-06 2.068922221941111027e-05
5.455425648620129664e+01 6.147640707098536806e-06 6.147562034657984027e-06 8.421386720380945933e-06 2.071658946213746677e-05
5.493310548957769157e+01 6.155458026655344067e-06 6.155379204121027373e-06 8.433173932536112443e-06 2.074401116331248558e-05
5.531195449295408650e+01 6.163290266063763774e-06 6.163211293053581520e-06 8.444985908731823500e-06 2.077148746784916879e-05
5.569080349633048854e+01 6.171137463314379810e-06 6.171058339445014012e-06 8.456822718384539940e-06 2.079901852114393376e-05
5.606965249970688348e+01 6.178999656518780645e-06 6.178920381405685969e-06 8.468684431154117513e-06 2.082660446907858497e-05
5.644850150308328551e+01 6.186876883910002335e-06 6.186797457167416259e-06 8.480571116944836879e-06 2.085424545802225547e-05
5.682735050645968045e+01 6.194769183843006242e-06 6.194689605083929578e-06 8.492482845906409883e-06 2.088194163483334486e-05
5.720619950983608248e+01 6.202676594795144912e-06 6.202596863631346036e-06 8.504419688435043429e-06 2.090969314686153522e-05
5.758504851321247742e+01 6.210599155366622850e-06 6.210519271408625003e-06 8.516381715174455917e-06 2.093750014194970546e-05
5.796389751658887235e+01 6.218536904280978493e-06 6.218456867138062316e-06 8.528368997016939424e-06 2.096536276843598108e-05
5.834274651996527439e+01 6.226489880385546680e-06 6.226409689665743442e-06 8.540381605104393085e-06 2.099328117515568236e-05
5.872159552334166932e+01 6.234458122651940619e-06 6.234377777962022052e-06 8.552419610829390352e-06 2.102125551144335048e-05
5.910044452671807136e+01 6.242441670176529616e-06 6.242361171122012992e-06 8.564483085836246260e-06 2.104928592713478717e-05
5.947929353009446629e+01 6.250440562180910016e-06 6.250359908366046297e-06 8.576572102022057576e-06 2.107737257256901304e-05
5.985814253347086122e+01 6.258454838012405812e-06 6.258374029040173714e-06 8.588686731537809033e-06 2.110551559859038856e-05
6.023699153684726326e+01 6.266484537144528571e-06 6.266403572616635416e-06 8.600827046789420255e-06 2.113371515655058594e-05
6.061584054022365819e+01 6.274529699177475502e-06 6.274448578694348743e-06 8.612993120438829965e-06 2.116197139831065590e-05
6.099468954360006023e+01 6.282590363838626652e-06 6.282509086999407100e-06 8.625185025405108981e-06 2.119028447624314189e-05
6.137353854697645517e+01 6.290666570983014174e-06 6.290585137385555148e-06 8.637402834865527484e-06 2.121865454323409596e-05
6.175238755035285010e+01 6.298758360593836465e-06 6.298676769834697868e-06 8.649646622256661234e-06 2.124708175268519642e-05
6.213123655372925214e+01 6.306865772782937597e-06 6.306784024457375746e-06 8.661916461275491030e-06 2.127556625851580437e-05
6.251008555710564707e+01 6.314988847791304515e-06 6.314906941493280615e-06 8.674212425880520783e-06 2.130410821516510507e-05
6.288893456048204911e+01 6.323127625989586279e-06 6.323045561311744397e-06 8.686534590292878665e-06 2.133270777759420849e-05
6.326778356385844404e+01 6.331282147878565852e-06 6.331199924412237154e-06 8.698883028997448743e-06 2.136136510128825344e-05
6.364663256723484608e+01 6.339452454089692041e-06 6.339370071424887172e-06 8.711257816743997535e-06 2.139008034225857929e-05
6.402548157061123391e+01 6.347638585385558919e-06 6.347556043110966301e-06 8.723659028548283619e-06 2.141885365704480969e-05
6.440433057398763594e+01 6.355840582660441994e-06 6.355757880363417669e-06 8.736086739693231623e-06 2.144768520271708875e-05
6.478317957736403798e+01 6.364058486940782712e-06 6.363975624207350339e-06 8.748541025730036759e-06 2.147657513687816812e-05
6.516202858074044002e+01 6.372292339385719549e-06 6.372209315800561086e-06 8.761021962479333721e-06 2.150552361766561605e-05
6.554087758411682785e+01 6.380542181287598769e-06 6.380458996434049392e-06 8.773529626032355435e-06 2.153453080375400614e-05
6.591972658749322989e+01 6.388808054072483495e-06 6.388724707532531597e-06 8.786064092752062993e-06 2.156359685435707893e-05
6.629857559086963192e+01 6.397089999300688180e-06 6.397006490654964361e-06 8.798625439274361998e-06 2.159272192923001539e-05
6.667742459424601975e+01 6.405388058667286834e-06 6.405304387495063052e-06 8.811213742509212173e-06 2.162190618867156121e-05
6.705627359762242179e+01 6.413702274002655967e-06 6.413618439881828600e-06 8.823829079641855563e-06 2.165114979352633759e-05
6.743512260099882383e+01 6.422032687272976035e-06 6.421948689780077738e-06 8.836471528133971884e-06 2.168045290518702312e-05
6.781397160437522587e+01 6.430379340580780317e-06 6.430295179290963927e-06 8.849141165724876230e-06 2.170981568559662047e-05
6.819282060775161369e+01 6.438742276165486005e-06 6.438657950652525390e-06 8.861838070432720164e-06 2.173923829725072987e-05
6.857166961112801573e+01 6.447121536403919363e-06 6.447037046240198410e-06 8.874562320555679260e-06 2.176872090319979873e-05
6.895051861450441777e+01 6.455517163810859522e-06 6.455432508567363666e-06 8.887313994673157584e-06 2.179826366705137823e-05
6.932936761788080560e+01 6.463929201039575503e-06 6.463844380285897657e-06 8.900093171647027748e-06 2.182786675297250175e-05
6.970821662125720763e+01 6.472357690882364075e-06 6.472272704186688538e-06 8.912899930622821839e-06 2.185753032569187360e-05
7.008706562463360967e+01 6.480802676271104571e-06 6.480717523200209565e-06 8.925734351030968088e-06 2.188725455050228138e-05
7.046591462801001171e+01 6.489264200277789124e-06 6.489178880397038327e-06 8.938596512588017375e-06 2.191703959326284567e-05
7.084476363138639954e+01 6.497742306115095263e-06 6.497656818988421714e-06 8.951486495297886670e-06 2.194688562040140534e-05
7.122361263476280158e+01 6.506237037136911074e-06 6.506151382326832420e-06 8.964404379453112643e-06 2.197679279891685529e-05
7.160246163813920361e+01 6.514748436838904407e-06 6.514662613906500880e-06 8.977350245636069701e-06 2.200676129638147753e-05
7.198131064151559144e+01 6.523276548859085302e-06 6.523190557363999721e-06 8.990324174720264248e-06 2.203679128094335012e-05
7.236015964489199348e+01 6.531821416978343861e-06 6.531735256478778238e-06 9.003326247871562888e-06 2.206688292132868499e-05
7.273900864826839552e+01 6.540383085121039777e-06 6.540296755173742619e-06 9.016356546549500239e-06 2.209703638684428433e-05
7.311785765164478335e+01 6.548961597355542744e-06 6.548875097515807355e-06 9.029415152508512221e-06 2.212725184737986147e-05
7.349670665502118538e+01 6.557556997894809288e-06 6.557470327716476308e-06 9.042502147799262499e-06 2.215752947341054809e-05
7.387555565839758742e+01 6.566169331096957898e-06 6.566082490132394979e-06 9.055617614769882547e-06 2.218786943599923542e-05
7.425440466177398946e+01 6.574798641465829765e-06 6.574711629265930721e-06 9.068761636067308266e-06 2.221827190679906790e-05
7.463325366515037729e+01 6.583444973651575776e-06 6.583357789765760583e-06 9.081934294638572549e-06 2.224873705805590975e-05
7.501210266852677933e+01 6.592108372451222329e-06 6.592021016427421881e-06 9.095135673732080922e-06 2.227926506261072344e-05
7.539095167190318136e+01 6.600788882809255790e-06 6.600701354193920365e-06 9.108365856898988813e-06 2.230985609390216497e-05
7.576980067527956919e+01 6.609486549818214565e-06 6.609398848156289266e-06 9.121624927994460244e-06 2.234051032596896238e-05
7.614864967865597123e+01 6.618201418719254922e-06 6.618113543554186448e-06 9.134912971179026477e-06 2.237122793345246700e-05
7.652749868203237327e+01 6.626933534902761698e-06 6.626845485776493266e-06 9.148230070919939565e-06 2.240200909159919453e-05
7.690634768540877531e+01 6.635682943908925129e-06 6.635594720361876991e-06 9.161576311992468316e-06 2.243285397626327128e-05
7.728519668878516313e+01 6.644449691428330388e-06 6.644361292999417618e-06 9.174951779481287429e-06 2.246376276390903289e-05
7.766404569216156517e+01 6.653233823302574222e-06 6.653145249529172835e-06 9.188356558781812414e-06 2.249473563161355862e-05
7.804289469553796721e+01 6.662035385524840936e-06 6.661946635942799747e-06 9.201790735601568402e-06 2.252577275706920908e-05
7.842174369891435504e+01 6.670854424240521572e-06 6.670765498384152878e-06 9.215254395961575885e-06 2.255687431858625203e-05
7.880059270229075707e+01 6.679690985747805989e-06 6.679601883149877099e-06 9.228747626197675481e-06 2.258804049509535942e-05
7.917944170566715911e+01 6.688545116498305426e-06 6.688455836690033579e-06 9.242270512961989909e-06 2.261927146615032807e-05
7.955829070904354694e+01 6.697416863097641197e-06 6.697327405608691866e-06 9.255823143224253832e-06 2.265056741193058689e-05
7.993713971241994898e+01 6.706306272306085042e-06 6.706216636664549916e-06 9.269405604273216545e-06 2.268192851324385320e-05
8.031598871579635102e+01 6.715213391039149514e-06 6.715123576771562585e-06 9.283017983718100564e-06 2.271335495152881266e-05
8.069483771917275305e+01 6.724138266368220708e-06 6.724048272999535406e-06 9.296660369489931469e-06 2.274484690885768758e-05
8.107368672254914088e+01 6.733080945521184220e-06 6.732990772574774259e-06 9.310332849843042232e-06 2.277640456793900156e-05
8.145253572592554292e+01 6.742041475883033319e-06 6.741951122880687614e-06 9.324035513356435250e-06 2.280802811212015788e-05
8.183138472930194496e+01 6.751019904996517772e-06 6.750929371458420957e-06 9.337768448935240931e-06 2.283971772539018051e-05
8.221023373267833279e+01 6.760016280562750318e-06 6.759925566007497994e-06 9.351531745812179678e-06 2.287147359238242799e-05
8.258908273605473482e+01 6.769030650441860580e-06 6.768939754386437292e-06 9.365325493548974734e-06 2.290329589837727345e-05
8.296793173943113686e+01 6.778063062653628647e-06 6.777971984613405340e-06 9.379149782037837885e-06 2.293518482930487272e-05
8.334678074280753890e+01 6.787113565378107639e-06 6.787022304866836580e-06 9.393004701502907715e-06 2.296714057174785109e-05
8.372562974618392673e+01 6.796182206956288631e-06 6.796090763486093241e-06 9.406890342501755635e-06 2.299916331294413581e-05
8.410447874956032877e+01 6.805269035890733386e-06 6.805177408972107396e-06 9.420806795926830920e-06 2.303125324078967001e-05
8.448332775293673080e+01 6.814374100846219791e-06 6.814282289988014535e-06 9.434754153006963344e-06 2.306341054384119767e-05
8.486217675631311863e+01 6.823497450650410173e-06 6.823405455359832893e-06 9.448732505308872595e-06 2.309563541131911651e-05
8.524102575968952067e+01 6.832639134294479790e-06 6.832546954077084321e-06 9.462741944738633642e-06 2.312792803311019860e-05
8.561987476306592271e+01 6.841799200933802086e-06 6.841706835293484619e-06 9.476782563543231883e-06 2.316028859977051774e-05
8.599872376644231053e+01 6.850977699888592432e-06 6.850885148327575420e-06 9.490854454312038684e-06 2.319271730252820738e-05
8.637757276981871257e+01 6.860174680644567120e-06 6.860081942663416222e-06 9.504957709978381771e-06 2.322521433328636427e-05
8.675642177319511461e+01 6.869390192853636237e-06 6.869297267951223043e-06 9.519092423821036013e-06 2.325777988462589445e-05
8.713527077657151665e+01 6.878624286334539784e-06 6.878531174008054525e-06 9.533258689465785347e-06 2.329041414980837966e-05
8.751411977994790448e+01 6.887877011073553254e-06 6.887783710818491250e-06 9.547456600886991486e-06 2.332311732277903514e-05
8.789296878332430651e+01 6.897148417225136465e-06 6.897054928535292190e-06 9.561686252409120270e-06 2.335588959816954893e-05
8.827181778670070855e+01 6.906438555112624731e-06 6.906344877480096055e-06 9.575947738708313762e-06 2.338873117130103624e-05
8.865066679007709638e+01 6.915747475228926824e-06 6.915653608144082821e-06 9.590241154813994523e-06 2.342164223818700417e-05
8.902951579345349842e+01 6.925075228237179724e-06 6.924981171188675074e-06 9.604566596110407221e-06 2.345462299553626202e-05
8.940836479682990046e+01 6.934421864971462673e-06 6.934327617446230040e-06 9.618924158338239841e-06 2.348767364075593340e-05
8.978721380020630249e+01 6.943787436437484119e-06 6.943692997920706193e-06 9.633313937596205953e-06 2.352079437195439711e-05
9.016606280358269032e+01 6.953171993813263571e-06 6.953077363788400180e-06 9.647736030342669313e-06 2.355398538794433306e-05
9.054491180695909236e+01 6.962575588449857515e-06 6.962480766398605809e-06 9.662190533397234596e-06 2.358724688824569707e-05
9.092376081033549440e+01 6.971998271872030256e-06 6.971903257274334877e-06 9.676677543942399109e-06 2.362057907308876339e-05
9.130260981371188223e+01 6.981440095778989996e-06 6.981344888113034602e-06 9.691197159525177397e-06 2.365398214341720454e-05
9.168145881708828426e+01 6.990901112045072386e-06 6.990805710787264408e-06 9.705749478058725858e-06 2.368745630089106265e-05
9.206030782046468630e+01 7.000381372720472364e-06 7.000285777345449781e-06 9.720334597824016476e-06 2.372100174788993777e-05
9.243915682384108834e+01 7.009880930031948884e-06 7.009785140012558200e-06 9.734952617471483453e-06 2.375461868751598969e-05
9.281800582721747617e+01 7.019399836383542358e-06 7.019303851190838603e-06 9.749603636022705419e-06 2.378830732359708553e-05
9.319685483059387821e+01 7.028938144357311569e-06 7.028841963460550673e-06 9.764287752872057144e-06 2.382206786068992023e-05
9.357570383397028024e+01 7.038495906714040099e-06 7.038399529580668732e-06 9.779005067788412074e-06 2.385590050408312006e-05
9.395455283734666807e+01 7.048073176393982566e-06 7.047976602489639829e-06 9.793755680916841483e-06 2.388980545980046473e-05
9.433340184072307011e+01 7.057670006517588835e-06 7.057573235306086779e-06 9.808539692780303450e-06 2.392378293460397737e-05
9.471225084409947215e+01 7.067286450386242633e-06 7.067189481329562023e-06 9.823357204281365731e-06 2.395783313599717039e-05
9.509109984747585997e+01 7.076922561483003548e-06 7.076825394041292170e-06 9.838208316703920148e-06 2.399195627222821671e-05
9.546994885085226201e+01 7.086578393473342254e-06 7.086481027104901363e-06 9.853093131714922399e-06 2.402615255229316856e-05
9.584879785422866405e+01 7.096254000205905382e-06 7.096156434367184618e-06 9.868011751366121697e-06 2.406042218593921339e-05
9.622764685760506609e+01 7.105949435713238040e-06 7.105851669858832042e-06 9.882964278095810739e-06 2.409476538366787913e-05
9.660649586098145392e+01 7.115664754212578329e-06 7.115566787795199627e-06 9.897950814730594314e-06 2.412918235673837142e-05
9.698534486435785595e+01 7.125400010106567156e-06 7.125301842577069044e-06 9.912971464487147741e-06 2.416367331717078225e-05
9.736419386773425799e+01 7.135155257984047834e-06 7.135056888791393875e-06 9.928026330973995639e-06 2.419823847774943735e-05
9.774304287111064582e+01 7.144930552620819941e-06 7.144831981212083968e-06 9.943115518193295778e-06 2.423287805202619969e-05
9.812189187448704786e+01 7.154725948980394026e-06 7.154627174800753366e-06 9.958239130542641566e-06 2.426759225432378642e-05
9.850074087786344990e+01 7.164541502214792904e-06 7.164442524707513128e-06 9.973397272816862839e-06 2.430238129973917057e-05
9.887958988123985193e+01 7.174377267665295348e-06 7.174278086271733664e-06 9.988590050209841903e-06 2.433724540414687092e-05
9.925843888461623976e+01 7.184233300863236539e-06 7.184133915022824848e-06 1.000381756831633804e-05 2.437218478420240112e-05
9.963728788799264180e+01 7.194109657530794106e-06 7.194010066681036463e-06 1.001907993313382726e-05 2.440719965734565783e-05
1.000161368913690438e+02 7.204006393581756394e-06 7.203906597158217147e-06 1.003437725106433361e-05 2.444229024180430545e-05
1.003949858947454317e+02 7.213923565122342383e-06 7.213823562558636860e-06 1.004970962891629429e-05 2.447745675659727607e-05
1.007738348981218337e+02 7.223861228451962331e-06 7.223761019179755987e-06 1.006507717390642826e-05 2.451269942153814742e-05
1.011526839014982357e+02 7.233819440064044472e-06 7.233719023513041035e-06 1.008047999366159122e-05 2.454801845723867673e-05
1.015315329048746236e+02 7.243798256646828690e-06 7.243697632244757455e-06 1.009591819622068482e-05 2.458341408511227350e-05
1.019103819082510256e+02 7.253797735084165270e-06 7.253696902256779402e-06 1.011139189003653199e-05 2.461888652737747582e-05
1.022892309116274276e+02 7.263817932456345836e-06 7.263716890627410516e-06 1.012690118397778448e-05 2.465443600706154168e-05
1.026680799150038297e+02 7.273858906040891093e-06 7.273757654632172504e-06 1.014244618733084389e-05 2.469006274800390494e-05
1.030469289183802175e+02 7.283920713313386848e-06 7.283819251744658950e-06 1.015802700980177938e-05 2.472576697485982772e-05
1.034257779217566195e+02 7.294003411948312411e-06 7.293901739637322215e-06 1.017364376151827418e-05 2.476154891310391049e-05
1.038046269251330216e+02 7.304107059819837645e-06 7.304005176182323847e-06 1.018929655303156012e-05 2.479740878903372416e-05
1.041834759285094094e+02 7.314231715002693727e-06 7.314129619452360450e-06 1.020498549531837610e-05 2.483334682977342858e-05
1.045623249318858115e+02 7.324377435772971891e-06 7.324275127721482755e-06 1.022071069978293647e-05 2.486936326327739112e-05
1.049411739352622135e+02 7.334544280608986558e-06 7.334441759465963834e-06 1.023647227825890978e-05 2.490545831833385933e-05
1.053200229386386155e+02 7.344732308192096960e-06 7.344629573365108863e-06 1.025227034301140590e-05 2.494163222456861342e-05
1.056988719420150034e+02 7.354941577407571956e-06 7.354838628302122484e-06 1.026810500673897330e-05 2.497788521244866605e-05
1.060777209453914054e+02 7.365172147345437070e-06 7.365068983364956682e-06 1.028397638257561332e-05 2.501421751328600622e-05
1.064565699487678074e+02 7.375424077301314742e-06 7.375320697847155280e-06 1.029988458409278932e-05 2.505062935924126189e-05
1.068354189521441953e+02 7.385697426777310331e-06 7.385593831248734006e-06 1.031582972530146974e-05 2.508712098332751493e-05
1.072142679555205973e+02 7.395992255482843048e-06 7.395888443277015664e-06 1.033181192065417451e-05 2.512369261941403492e-05
1.075931169588969993e+02 7.406308623335543816e-06 7.406204593847518678e-06 1.034783128504700793e-05 2.516034450223007043e-05
1.079719659622734014e+02 7.416646590462108229e-06 7.416542343084824447e-06 1.036388793382174579e-05 2.519707686736868100e-05
1.083508149656497892e+02 7.427006217199168997e-06 7.426901751323446404e-06 1.037998198276789361e-05 2.523388995129050816e-05
1.087296639690261912e+02 7.437387564094203967e-06 7.437282879108723638e-06 1.039611354812479410e-05 2.527078399132772255e-05
1.091085129724025933e+02 7.447790691906380609e-06 7.447685787197684862e-06 1.041228274658370069e-05 2.530775922568776447e-05
1.094873619757789811e+02 7.458215661607485221e-06 7.458110536559955591e-06 1.042848969528990695e-05 2.534481589345734861e-05
1.098662109791553831e+02 7.468662534382782656e-06 7.468557188378649217e-06 1.044473451184485911e-05 2.538195423460628928e-05
1.102450599825317852e+02 7.479131371631931128e-06 7.479025804051252159e-06 1.046101731430829734e-05 2.541917448999148147e-05
1.106239089859081730e+02 7.489622234969891071e-06 7.489516445190541201e-06 1.047733822120038522e-05 2.545647690136081749e-05
1.110027579892845750e+02 7.500135186227807750e-06 7.500029173625475416e-06 1.049369735150388659e-05 2.549386171135717145e-05
1.113816069926609771e+02 7.510670287453949774e-06 7.510564051402125364e-06 1.051009482466631194e-05 2.553132916352238708e-05
1.117604559960373791e+02 7.521227600914600176e-06 7.521121140784567554e-06 1.052653076060211731e-05 2.556887950230128588e-05
1.121393049994137670e+02 7.531807189094989839e-06 7.531700504255815338e-06 1.054300527969488454e-05 2.560651297304568887e-05
1.125181540027901690e+02 7.542409114700230928e-06 7.542302204518754880e-06 1.055951850279953373e-05 2.564422982201851954e-05
1.128970030061665710e+02 7.553033440656216444e-06 7.552926304497042165e-06 1.057607055124452725e-05 2.568203029639778501e-05
1.132758520095429589e+02 7.563680230110583292e-06 7.563572867336073697e-06 1.059266154683410752e-05 2.571991464428076367e-05
1.136547010129193609e+02 7.574349546433640635e-06 7.574241956403892826e-06 1.060929161185055022e-05 2.575788311468808452e-05
1.140335500162957629e+02 7.585041453219301628e-06 7.584933635292162987e-06 1.062596086905637833e-05 2.579593595756784379e-05
1.144123990196721650e+02 7.595756014286049038e-06 7.595647967817085040e-06 1.064266944169667124e-05 2.583407342379980616e-05
1.147912480230485528e+02 7.606493293677872906e-06 7.606385018020366272e-06 1.065941745350130762e-05 2.587229576519954849e-05
1.151700970264249548e+02 7.617253355665240400e-06 7.617144850170179240e-06 1.067620502868728463e-05 2.591060323452270512e-05
1.155489460298013569e+02 7.628036264746048732e-06 7.627927528762113837e-06 1.069303229196100491e-05 2.594899608546916917e-05
1.159277950331777447e+02 7.638842085646583145e-06 7.638733118520153918e-06 1.070989936852058389e-05 2.598747457268732095e-05
1.163066440365541467e+02 7.649670883322515571e-06 7.649561684397636146e-06 1.072680638405820113e-05 2.602603895177835116e-05
1.166854930399305488e+02 7.660522722959844835e-06 7.660413291578233391e-06 1.074375346476242295e-05 2.606468947930049948e-05
1.170643420433069366e+02 7.671397669975916480e-06 7.671288005476944918e-06 1.076074073732056218e-05 2.610342641277342188e-05
1.174431910466833386e+02 7.682295790020369757e-06 7.682185891741055223e-06 1.077776832892105161e-05 2.614225001068247320e-05
1.178220400500597407e+02 7.693217148976165914e-06 7.693107016251158947e-06 1.079483636725581397e-05 2.618116053248313883e-05
1.182008890534361427e+02 7.704161812960540269e-06 7.704051445122131573e-06 1.081194498052266410e-05 2.622015823860533764e-05
1.185797380568125305e+02 7.715129848326047443e-06 7.715019244704127230e-06 1.082909429742770777e-05 2.625924339045788075e-05
1.189585870601889326e+02 7.726121321661537147e-06 7.726010481583612079e-06 1.084628444718777433e-05 2.629841625043292355e-05
1.193374360635653346e+02 7.737136299793179086e-06 7.737025222584345170e-06 1.086351555953283418e-05 2.633767708191036013e-05
1.197162850669417224e+02 7.748174849785474322e-06 7.748063534768413518e-06 1.088078776470846021e-05 2.637702614926234636e-05
1.200951340703181245e+02 7.759237038942264932e-06 7.759125485437240078e-06 1.089810119347828593e-05 2.641646371785778924e-05
1.204739830736945265e+02 7.770322934807786028e-06 7.770211142132613729e-06 1.091545597712646351e-05 2.645599005406686327e-05
1.208528320770709286e+02 7.781432605167670335e-06 7.781320572637724352e-06 1.093285224746018121e-05 2.649560542526557420e-05
1.212316810804473164e+02 7.792566118049993430e-06 7.792453844978192824e-06 1.095029013681213838e-05 2.653531009984032632e-05
1.216105300838237184e+02 7.803723541726325757e-06 7.803611027423117946e-06 1.096776977804308825e-05 2.657510434719253365e-05
1.219893790872001205e+02 7.814904944712759233e-06 7.814792188486121687e-06 1.098529130454433502e-05 2.661498843774321425e-05
1.223682280905765083e+02 7.826110395770979588e-06 7.825997396926385948e-06 1.100285485024031219e-05 2.665496264293767942e-05
1.227470770939529103e+02 7.837339963909308217e-06 7.837226721749741847e-06 1.102046054959111520e-05 2.669502723525016527e-05
1.231259260973293124e+02 7.848593718383766057e-06 7.848480232209694633e-06 1.103810853759509335e-05 2.673518248818855574e-05
1.235047751007057002e+02 7.859871728699156088e-06 7.859757997808526517e-06 1.105579894979143157e-05 2.677542867629911587e-05
1.238836241040821022e+02 7.871174064610108578e-06 7.871060088298333443e-06 1.107353192226273555e-05 2.681576607517117418e-05
1.242624731074585043e+02 7.882500796122194082e-06 7.882386573682144867e-06 1.109130759163768125e-05 2.685619496144201851e-05
1.246413221108349063e+02 7.893851993492978844e-06 7.893737524214965607e-06 1.110912609509361194e-05 2.689671561280155469e-05
1.250201711142112941e+02 7.905227727233119165e-06 7.905113010404893922e-06 1.112698757035921307e-05 2.693732830799722616e-05
1.253990201175876962e+02 7.916628068107482873e-06 7.916513103014210804e-06 1.114489215571715170e-05 2.697803332683884538e-05
1.257778691209640982e+02 7.928053087136203034e-06 7.927937873060464174e-06 1.116283999000677001e-05 2.701883095020343891e-05
1.261567181243404860e+02 7.939502855595831612e-06 7.939387391817603908e-06 1.118083121262676022e-05 2.705972146004019405e-05
1.265355671277168881e+02 7.950977445020415195e-06 7.950861730817059266e-06 1.119886596353788533e-05 2.710070513937535810e-05
1.269144161310932901e+02 7.962476927202628331e-06 7.962360961848894238e-06 1.121694438326568616e-05 2.714178227231720873e-05
1.272932651344696922e+02 7.974001374194900080e-06 7.973885156962891754e-06 1.123506661290323932e-05 2.718295314406103116e-05
1.276721141378460800e+02 7.985550858310527014e-06 7.985434388469702256e-06 1.125323279411387453e-05 2.722421804089410549e-05
1.280509631412224678e+02 7.997125452124825184e-06 7.997008728941985497e-06 1.127144306913399346e-05 2.726557725020080245e-05
1.284298121445988841e+02 8.008725228476260059e-06 8.008608251215532019e-06 1.128969758077580573e-05 2.730703106046759442e-05
1.288086611479752719e+02 8.020350260467581555e-06 8.020233028390420194e-06 1.130799647243015117e-05 2.734857976128815462e-05
1.291875101513516881e+02 8.032000621467013263e-06 8.031883133832171579e-06 1.132633988806931540e-05 2.739022364336850024e-05
1.295663591547280760e+02 8.043676385109360373e-06 8.043558641172882551e-06 1.134472797224984870e-05 2.743196299853209162e-05
1.299452081581044638e+02 8.055377625297215847e-06 8.055259624312432180e-06 1.136316087011544428e-05 2.747379811972509400e-05
1.303240571614808800e+02 8.067104416202098831e-06 8.066986157419603695e-06 1.138163872739975211e-05 2.751572930102145294e-05
1.307029061648572679e+02 8.078856832265640501e-06 8.078738314933302521e-06 1.140016169042930454e-05 2.755775683762824756e-05
1.310817551682336557e+02 8.090634948200780077e-06 8.090516171563696385e-06 1.141872990612639796e-05 2.759988102589087104e-05
1.314606041716100719e+02 8.102438838992935416e-06 8.102319802293436735e-06 1.143734352201198961e-05 2.764210216329836007e-05
1.318394531749864598e+02 8.114268579901195641e-06 8.114149282378837813e-06 1.145600268620865374e-05 2.768442054848868720e-05
1.322183021783628476e+02 8.126124246459520535e-06 8.126004687351070970e-06 1.147470754744350727e-05 2.772683648125410047e-05
1.325971511817392638e+02 8.138005914477965352e-06 8.137886093017381007e-06 1.149345825505118623e-05 2.776935026254653089e-05
1.329760001851156517e+02 8.149913660043861584e-06 8.149793575462290651e-06 1.151225495897681720e-05 2.781196219448296944e-05
1.333548491884920395e+02 8.161847559523070564e-06 8.161727211048815206e-06 1.153109780977901918e-05 2.785467258035090495e-05
1.337336981918684558e+02 8.173807689561167622e-06 8.173687076419709383e-06 1.154998695863291728e-05 2.789748172461379259e-05
1.341125471952448436e+02 8.185794127084705858e-06 8.185673248498654840e-06 1.156892255733316673e-05 2.794038993291652912e-05
1.344913961986212314e+02 8.197806949302440950e-06 8.197685804491549366e-06 1.158790475829702751e-05 2.798339751209101951e-05
1.348702452019976477e+02 8.209846233706566130e-06 8.209724821887701197e-06 1.160693371456739508e-05 2.802650477016166241e-05
1.352490942053740355e+02 8.221912058073979344e-06 8.221790378461109734e-06 1.162600957981591070e-05 2.806971201635100147e-05
1.356279432087504517e+02 8.234004500467525002e-06 8.233882552271719145e-06 1.164513250834605307e-05 2.811301956108529552e-05
1.360067922121268396e+02 8.246123639237249280e-06 8.246001421666656733e-06 1.166430265509625202e-05 2.815642771600015634e-05
1.363856412155032274e+02 8.258269553021706249e-06 8.258147065281537362e-06 1.168352017564305984e-05 2.819993679394630176e-05
1.367644902188796436e+02 8.270442320749179293e-06 8.270319562041710294e-06 1.170278522620425139e-05 2.824354710899513928e-05
1.371433392222560315e+02 8.282642021639017725e-06 8.282518991163544982e-06 1.172209796364205297e-05 2.828725897644461399e-05
1.375221882256324193e+02 8.294868735202887014e-06 8.294745432155742278e-06 1.174145854546629504e-05 2.833107271282492434e-05
1.379010372290088355e+02 8.307122541246063046e-06 8.306998964820608370e-06 1.176086712983764613e-05 2.837498863590431585e-05
1.382798862323852234e+02 8.319403519868780601e-06 8.319279669255350744e-06 1.178032387557084345e-05 2.841900706469497310e-05
1.386587352357616112e+02 8.331711751467476800e-06 8.331587625853409718e-06 1.179982894213790992e-05 2.846312831945879644e-05
1.390375842391380274e+02 8.344047316736164990e-06 8.343922915305762873e-06 1.181938248967147793e-05 2.850735272171340580e-05
1.394164332425144153e+02 8.356410296667712072e-06 8.356285618602239649e-06 1.183898467896801315e-05 2.855168059423796487e-05
1.397952822458908031e+02 8.368800772555200527e-06 8.368675817032864738e-06 1.185863567149116197e-05 2.859611226107922554e-05
1.401741312492672193e+02 8.381218825993243013e-06 8.381093592189182845e-06 1.187833562937506684e-05 2.864064804755749440e-05
1.405529802526436072e+02 8.393664538879339312e-06 8.393539025965605471e-06 1.189808471542769170e-05 2.868528828027263987e-05
1.409318292560200234e+02 8.406137993415223111e-06 8.406012200560772937e-06 1.191788309313422533e-05 2.873003328711022138e-05
1.413106782593964112e+02 8.418639272108205399e-06 8.418513198478884234e-06 1.193773092666040345e-05 2.877488339724748969e-05
1.416895272627727991e+02 8.431168457772563596e-06 8.431042102531089536e-06 1.195762838085598154e-05 2.881983894115963468e-05
1.420683762661492153e+02 8.443725633530896812e-06 8.443598995836843767e-06 1.197757562125809758e-05 2.886490025062583985e-05
1.424472252695256032e+02 8.456310882815498036e-06 8.456183961825290647e-06 1.199757281409474484e-05 2.891006765873553353e-05
1.428260742729019910e+02 8.468924289369765294e-06 8.468797084236650134e-06 1.201762012628824985e-05 2.895534149989466359e-05
1.432049232762784072e+02 8.481565937249560289e-06 8.481438447123605865e-06 1.203771772545869776e-05 2.900072210983186392e-05
1.435837722796547951e+02 8.494235910824639890e-06 8.494108134852716311e-06 1.205786577992750177e-05 2.904620982560486136e-05
1.439626212830311829e+02 8.506934294780046956e-06 8.506806232105802219e-06 1.207806445872087931e-05 2.909180498560672679e-05
1.443414702864075991e+02 8.519661174117528271e-06 8.519532823881386565e-06 1.209831393157342658e-05 2.913750792957234311e-05
1.447203192897839870e+02 8.532416634156959255e-06 8.532287995496100631e-06 1.211861436893166925e-05 2.918331899858472744e-05
1.450991682931603748e+02 8.545200760537760199e-06 8.545071832586103634e-06 1.213896594195763529e-05 2.922923853508149913e-05
1.454780172965367910e+02 8.558013639220366718e-06 8.557884421108558252e-06 1.215936882253251413e-05 2.927526688286143910e-05
1.458568662999131789e+02 8.570855356487630742e-06 8.570725847343024846e-06 1.217982318326020574e-05 2.932140438709086302e-05
1.462357153032895667e+02 8.583725998946314681e-06 8.583596197892959009e-06 1.220032919747104247e-05 2.936765139431031616e-05
1.466145643066659829e+02 8.596625653528516139e-06 8.596495559687141364e-06 1.222088703922542454e-05 2.941400825244108204e-05
1.469934133100423708e+02 8.609554407493160379e-06 8.609424019981154781e-06 1.224149688331751479e-05 2.946047531079182995e-05
1.473722623134187870e+02 8.622512348427469083e-06 8.622381666358873469e-06 1.226215890527897580e-05 2.950705292006531666e-05
1.477511113167951748e+02 8.635499564248430801e-06 8.635368586733918175e-06 1.228287328138267140e-05 2.955374143236502038e-05
1.481299603201715627e+02 8.648516143204313750e-06 8.648384869351168983e-06 1.230364018864645461e-05 2.960054120120193734e-05
1.485088093235479789e+02 8.661562173876149816e-06 8.661430602788259484e-06 1.232445980483694203e-05 2.964745258150135133e-05
1.488876583269243667e+02 8.674637745179238887e-06 8.674505875957079412e-06 1.234533230847329668e-05 2.969447592960961668e-05
1.492665073303007546e+02 8.687742946364681980e-06 8.687610778105290827e-06 1.236625787883110234e-05 2.974161160330107345e-05
1.496453563336771708e+02 8.700877867020885570e-06 8.700745398817849395e-06 1.238723669594615145e-05 2.978885996178488811e-05
1.500242053370535587e+02 8.714042597075099807e-06 8.713909828018542595e-06 1.240826894061836523e-05 2.983622136571200594e-05
1.504030543404299465e+02 8.727237226794958417e-06 8.727104155971524542e-06 1.242935479441567134e-05 2.988369617718215430e-05
1.507819033438063627e+02 8.740461846790018613e-06 8.740328473282855894e-06 1.245049443967791043e-05 2.993128475975078833e-05
1.511607523471827506e+02 8.753716548013331487e-06 8.753582870902069170e-06 1.247168805952080705e-05 2.997898747843620940e-05
1.515396013505591384e+02 8.767001421762988698e-06 8.766867440123725597e-06 1.249293583783988795e-05 3.002680469972660225e-05
1.519184503539355546e+02 8.780316559683709810e-06 8.780182272588992281e-06 1.251423795931452930e-05 3.007473679158723139e-05
1.522972993573119425e+02 8.793662053768405915e-06 8.793527460287221082e-06 1.253559460941191564e-05 3.012278412346753925e-05
1.526761483606883303e+02 8.807037996359783912e-06 8.806903095557529174e-06 1.255700597439110908e-05 3.017094706630842386e-05
1.530549973640647465e+02 8.820444480151940625e-06 8.820309271090415185e-06 1.257847224130710655e-05 3.021922599254946574e-05
1.534338463674411344e+02 8.833881598191950141e-06 8.833746079929336370e-06 1.259999359801489712e-05 3.026762127613618193e-05
1.538126953708175506e+02 8.847349443881512138e-06 8.847213615472358637e-06 1.262157023317361244e-05 3.031613329252748660e-05
1.541915443741939384e+02 8.860848110978544306e-06 8.860711971473738798e-06 1.264320233625062639e-05 3.036476241870290780e-05
1.545703933775703263e+02 8.874377693598825589e-06 8.874241242045594923e-06 1.266489009752573772e-05 3.041350903317015993e-05
1.549492423809467425e+02 8.887938286217642820e-06 8.887801521659515698e-06 1.268663370809534255e-05 3.046237351597249937e-05
1.553280913843231303e+02 8.901529983671423800e-06 8.901392905148230777e-06 1.270843335987662716e-05 3.051135624869628343e-05
1.557069403876995182e+02 8.915152881159421199e-06 8.915015487707259110e-06 1.273028924561184552e-05 3.056045761447852922e-05
1.560857893910759344e+02 8.928807074245342245e-06 8.928669364896570817e-06 1.275220155887253584e-05 3.060967799801444551e-05
1.564646383944523222e+02 8.942492658859059736e-06 8.942354632642271091e-06 1.277417049406382174e-05 3.065901778556515426e-05
1.568434873978287101e+02 8.956209731298275608e-06 8.956071387238285795e-06 1.279619624642874237e-05 3.070847736496530377e-05
1.572223364012051263e+02 8.969958388230226860e-06 8.969819725348052140e-06 1.281827901205255018e-05 3.075805712563083088e-05
1.576011854045815141e+02 8.983738726693376233e-06 8.983599744006216136e-06 1.284041898786710537e-05 3.080775745856669944e-05
1.579800344079579020e+02 8.997550844099135077e-06 8.997411540620345297e-06 1.286261637165525165e-05 3.085757875637473372e-05
1.583588834113343182e+02 9.011394838233584517e-06 9.011255212972671831e-06 1.288487136205525806e-05 3.090752141326151271e-05
1.587377324147107061e+02 9.025270807259193239e-06 9.025130859221783318e-06 1.290718415856521512e-05 3.095758582504619676e-05
1.591165814180870939e+02 9.039178849716569155e-06 9.039038577904398095e-06 1.292955496154754099e-05 3.100777238916850993e-05
1.594954304214635101e+02 9.053119064526214452e-06 9.052978467937098281e-06 1.295198397223348604e-05 3.105808150469679707e-05
1.598742794248398980e+02 9.067091550990258623e-06 9.066950628618081442e-06 1.297447139272760175e-05 3.110851357233594520e-05
1.602531284282163142e+02 9.081096408794264344e-06 9.080955159628959693e-06 1.299701742601238249e-05 3.115906899443560314e-05
1.606319774315927020e+02 9.095133738008968969e-06 9.094992161036487638e-06 1.301962227595274970e-05 3.120974817499820461e-05
1.610108264349690899e+02 9.109203639092090408e-06 9.109061733294397049e-06 1.304228614730073935e-05 3.126055151968722850e-05
1.613896754383455061e+02 9.123306212890129610e-06 9.123163977245170552e-06 1.306500924570008102e-05 3.131147943583538457e-05
1.617685244417218939e+02 9.137441560640157805e-06 9.137298994121840725e-06 1.308779177769088708e-05 3.136253233245288731e-05
1.621473734450982818e+02 9.151609783971654565e-06 9.151466885549840014e-06 1.311063395071436049e-05 3.141371062023585168e-05
1.625262224484746980e+02 9.165810984908322146e-06 9.165667753548784592e-06 1.313353597311747718e-05 3.146501471157458053e-05
1.629050714518510858e+02 9.180045265869920168e-06 9.179901700534341211e-06 1.315649805415776844e-05 3.151644502056202813e-05
1.632839204552274737e+02 9.194312729674122302e-06 9.194168829320061882e-06 1.317952040400808968e-05 3.156800196300227725e-05
1.636627694586038899e+02 9.208613479538361115e-06 9.208469243119238876e-06 1.320260323376142142e-05 3.161968595641902310e-05
1.640416184619802777e+02 9.222947619081708480e-06 9.222803045546781745e-06 1.322574675543572957e-05 3.167149742006421980e-05
1.644204674653566656e+02 9.237315252326728886e-06 9.237170340621074022e-06 1.324895118197879353e-05 3.172343677492659814e-05
1.647993164687330818e+02 9.251716483701402199e-06 9.251571232765885822e-06 1.327221672727315962e-05 3.177550444374044764e-05
1.651781654721094696e+02 9.266151418040987140e-06 9.266005826812249169e-06 1.329554360614100474e-05 3.182770085099424274e-05
1.655570144754858575e+02 9.280620160589944043e-06 9.280474228000373989e-06 1.331893203434915929e-05 3.188002642293947901e-05
1.659358634788622737e+02 9.295122817003857629e-06 9.294976541981572564e-06 1.334238222861405045e-05 3.193248158759948234e-05
1.663147124822386616e+02 9.309659493351347902e-06 9.309512874820167057e-06 1.336589440660673017e-05 3.198506677477824513e-05
1.666935614856150778e+02 9.324230296116042048e-06 9.324083332995466479e-06 1.338946878695794211e-05 3.203778241606945233e-05
1.670724104889914656e+02 9.338835332198478566e-06 9.338688023403669131e-06 1.341310558926318352e-05 3.209062894486533122e-05
1.674512594923678535e+02 9.353474708918111343e-06 9.353327053359859904e-06 1.343680503408784334e-05 3.214360679636581289e-05
1.678301084957442697e+02 9.368148534015256139e-06 9.368000530599966929e-06 1.346056734297230810e-05 3.219671640758753117e-05
1.682089574991206575e+02 9.382856915653065867e-06 9.382708563282735159e-06 1.348439273843717629e-05 3.224995821737297732e-05
1.685878065024970454e+02 9.397599962419570251e-06 9.397451259991747394e-06 1.350828144398845742e-05 3.230333266639977676e-05
1.689666555058734616e+02 9.412377783329607054e-06 9.412228729737391088e-06 1.353223368412279141e-05 3.235684019718978956e-05
1.693455045092498494e+02 9.427190487826904094e-06 9.427041081958894618e-06 1.355624968433275957e-05 3.241048125411855659e-05
1.697243535126262373e+02 9.442038185786064684e-06 9.441888426526363551e-06 1.358032967111215476e-05 3.246425628342458299e-05
1.701032025160026535e+02 9.456920987514624225e-06 9.456770873742788113e-06 1.360447387196133975e-05 3.251816573321875039e-05
1.704820515193790413e+02 9.471839003755093260e-06 9.471688534346121805e-06 1.362868251539262587e-05 3.257221005349383755e-05
1.708609005227554292e+02 9.486792345687005586e-06 9.486641519511310899e-06 1.365295583093565679e-05 3.262638969613397327e-05
1.712397495261318454e+02 9.501781124929022297e-06 9.501629940852400155e-06 1.367729404914287351e-05 3.268070511492429935e-05
1.716185985295082332e+02 9.516805453540973123e-06 9.516653910424580952e-06 1.370169740159496762e-05 3.273515676556051831e-05
1.719974475328846211e+02 9.531865444025975712e-06 9.531713540726310564e-06 1.372616612090640731e-05 3.278974510565869189e-05
1.723762965362610373e+02 9.546961209332549824e-06 9.546808944701406022e-06 1.375070044073097018e-05 3.284447059476492434e-05
1.727551455396374251e+02 9.562092862856702723e-06 9.561940235741158312e-06 1.377530059576730491e-05 3.289933369436516086e-05
1.731339945430138414e+02 9.577260518444095892e-06 9.577107527686485531e-06 1.379996682176459445e-05 3.295433486789517587e-05
1.735128435463902292e+02 9.592464290392152445e-06 9.592310934830031836e-06 1.382469935552812616e-05 3.300947458075031044e-05
1.738916925497666170e+02 9.607704293452235702e-06 9.607550571918357867e-06 1.384949843492506009e-05 3.306475330029565705e-05
1.742705415531430333e+02 9.622980642831805730e-06 9.622826554154090522e-06 1.387436429889007532e-05 3.312017149587597327e-05
1.746493905565194211e+02 9.638293454196586056e-06 9.638138997198094748e-06 1.389929718743117208e-05 3.317572963882585289e-05
1.750282395598958090e+02 9.653642843672777810e-06 9.653488017171682600e-06 1.392429734163543164e-05 3.323142820247989714e-05
1.754070885632722252e+02 9.669028927849233212e-06 9.668873730658779955e-06 1.394936500367487266e-05 3.328726766218288583e-05
1.757859375666486130e+02 9.684451823779684964e-06 9.684296254708174535e-06 1.397450041681228894e-05 3.334324849530015183e-05
1.761647865700250009e+02 9.699911648984977329e-06 9.699755706835730052e-06 1.399970382540716343e-05 3.339937118122786742e-05
1.765436355734014171e+02 9.715408521455287061e-06 9.715252205026613904e-06 1.402497547492160927e-05 3.345563620140351363e-05
1.769224845767778049e+02 9.730942559652395140e-06 9.730785867737562145e-06 1.405031561192633975e-05 3.351204403931629534e-05
1.773013335801541928e+02 9.746513882511929715e-06 9.746356813899130890e-06 1.407572448410668386e-05 3.356859518051774616e-05
1.776801825835306090e+02 9.762122609445670040e-06 9.761965162917986703e-06 1.410120234026863756e-05 3.362529011263229261e-05
1.780590315869069968e+02 9.777768860343799575e-06 9.777611034679181717e-06 1.412674943034496067e-05 3.368212932536794027e-05
1.784378805902834131e+02 9.793452755577240412e-06 9.793294549548464347e-06 1.415236600540129080e-05 3.373911331052699387e-05
1.788167295936598009e+02 9.809174415999958899e-06 9.809015828374589995e-06 1.417805231764233004e-05 3.379624256201687894e-05
1.791955785970361887e+02 9.824933962951276344e-06 9.824774992491646999e-06 1.420380862041803850e-05 3.385351757586096353e-05
1.795744276004126050e+02 9.840731518258242401e-06 9.840572163721407998e-06 1.422963516822988705e-05 3.391093885020953576e-05
1.799532766037889928e+02 9.856567204237962721e-06 9.856407464375666053e-06 1.425553221673713731e-05 3.396850688535076778e-05
1.803321256071653806e+02 9.872441143699977416e-06 9.872281017258614802e-06 1.428150002276319093e-05 3.402622218372178145e-05
1.807109746105417969e+02 9.888353459948647997e-06 9.888192945669233710e-06 1.430753884430191865e-05 3.408408524991980205e-05
1.810898236139181847e+02 9.904304276785529072e-06 9.904143373403659763e-06 1.433364894052409438e-05 3.414209659071328491e-05
1.814686726172945725e+02 9.920293718511811182e-06 9.920132424757626915e-06 1.435983057178385972e-05 3.420025671505329951e-05
1.818475216206709888e+02 9.936321909930716218e-06 9.936160224528853036e-06 1.438608399962516313e-05 3.425856613408473068e-05
1.822263706240473766e+02 9.952388976349938561e-06 9.952226898019506465e-06 1.441240948678833458e-05 3.431702536115777792e-05
1.826052196274237645e+02 9.968495043584098096e-06 9.968332571038626835e-06 1.443880729721664333e-05 3.437563491183936656e-05
1.829840686308001807e+02 9.984640237957210159e-06 9.984477369904613651e-06 1.446527769606292841e-05 3.443439530392474883e-05
1.833629176341765685e+02 1.000082468630514701e-05 1.000066142144768269e-05 1.449182094969623098e-05 3.449330705744905730e-05
1.837417666375529564e+02 1.001704851597813321e-05 1.001688485301235797e-05 1.451843732570851465e-05 3.455237069469900752e-05
1.841206156409293726e+02 1.003331185484327482e-05 1.003314779246000100e-05 1.454512709292140784e-05 3.461158674022468196e-05
1.844994646443057604e+02 1.004961483128703618e-05 1.004945036817128916e-05 1.457189052139298010e-05 3.467095572085130713e-05
1.848783136476821767e+02 1.006595757421781315e-05 1.006579270904878567e-05 1.459872788242459793e-05 3.473047816569120014e-05
1.852571626510585645e+02 1.008234021306846068e-05 1.008217494451946705e-05 1.462563944856776718e-05 3.479015460615569492e-05
1.856360116544349523e+02 1.009876287779886271e-05 1.009859720453728972e-05 1.465262549363108206e-05 3.484998557596723109e-05
1.860148606578113686e+02 1.011522569889851391e-05 1.011505961958577674e-05 1.467968629268718096e-05 3.490997161117146991e-05
1.863937096611877564e+02 1.013172880738909804e-05 1.013156232068058951e-05 1.470682212207975826e-05 3.497011325014945089e-05
1.867725586645641442e+02 1.014827233482711720e-05 1.014810543937215347e-05 1.473403325943059633e-05 3.503041103362986361e-05
1.871514076679405605e+02 1.016485641330649722e-05 1.016468910774826365e-05 1.476131998364672129e-05 3.509086550470148216e-05
1.875302566713169483e+02 1.018148117546122369e-05 1.018131345843673754e-05 1.478868257492747573e-05 3.515147720882543696e-05
1.879091056746933361e+02 1.019814675446802023e-05 1.019797862460805783e-05 1.481612131477180661e-05 3.521224669384788637e-05
1.882879546780697524e+02 1.021485328404897266e-05 1.021468473997803043e-05 1.484363648598540908e-05 3.527317451001241047e-05
1.886668036814461402e+02 1.023160089847426315e-05 1.023143193881047798e-05 1.487122837268808046e-05 3.533426120997282499e-05
1.890456526848225280e+02 1.024838973256482827e-05 1.024822035591994197e-05 1.489889726032102676e-05 3.539550734880579869e-05
1.894245016881989443e+02 1.026521992169509317e-05 1.026505012667437959e-05 1.492664343565427754e-05 3.545691348402374860e-05
1.898033506915753321e+02 1.028209160179570414e-05 1.028192138699790820e-05 1.495446718679407042e-05 3.551848017558768107e-05
1.901821996949517199e+02 1.029900490935625095e-05 1.029883427337352766e-05 1.498236880319035575e-05 3.558020798592013436e-05
1.905610486983281362e+02 1.031595998142806714e-05 1.031578892284591383e-05 1.501034857564437080e-05 3.564209747991835178e-05
1.909398977017045240e+02 1.033295695562697106e-05 1.033278547302416131e-05 1.503840679631611732e-05 3.570414922496725139e-05
1.913187467050809403e+02 1.034999597013608474e-05 1.034982406208459385e-05 1.506654375873208994e-05 3.576636379095276852e-05
1.916975957084573281e+02 1.036707716370863590e-05 1.036690482877356972e-05 1.509475975779291634e-05 3.582874175027512365e-05
1.920764447118337159e+02 1.038420067567076841e-05 1.038402791241029731e-05 1.512305508978105006e-05 3.589128367786211747e-05
1.924552937152101322e+02 1.040136664592442389e-05 1.040119345288969631e-05 1.515143005236863939e-05 3.595399015118275790e-05
1.928341427185865200e+02 1.041857521495016065e-05 1.041840159068522690e-05 1.517988494462526081e-05 3.601686175026065005e-05
1.932129917219629078e+02 1.043582652381005728e-05 1.043565246685178823e-05 1.520842006702588956e-05 3.607989905768773167e-05
1.935918407253393241e+02 1.045312071415059599e-05 1.045294622302859326e-05 1.523703572145876856e-05 3.614310265863795443e-05
1.939706897287157119e+02 1.047045792820556284e-05 1.047028300144207582e-05 1.526573221123342478e-05 3.620647314088106005e-05
1.943495387320920997e+02 1.048783830879900388e-05 1.048766294490884160e-05 1.529450984108875325e-05 3.627001109479660042e-05
1.947283877354685160e+02 1.050526199934813216e-05 1.050508619683855830e-05 1.532336891720101311e-05 3.633371711338770696e-05
1.951072367388449038e+02 1.052272914386632794e-05 1.052255290123696932e-05 1.535230974719206583e-05 3.639759179229536140e-05
1.954860857422212916e+02 1.054023988696607788e-05 1.054006320270882621e-05 1.538133264013754570e-05 3.646163572981244978e-05
1.958649347455977079e+02 1.055779437386201587e-05 1.055761724646090580e-05 1.541043790657512685e-05 3.652584952689804683e-05
1.962437837489740957e+02 1.057539275037389449e-05 1.057521517830501719e-05 1.543962585851282079e-05 3.659023378719173416e-05
1.966226327523504835e+02 1.059303516292964780e-05 1.059285714466100865e-05 1.546889680943733497e-05 3.665478911702799310e-05
1.970014817557268998e+02 1.061072175856843391e-05 1.061054329255985766e-05 1.549825107432255660e-05 3.671951612545084817e-05
1.973803307591032876e+02 1.062845268494369451e-05 1.062827376964667788e-05 1.552768896963795865e-05 3.678441542422833442e-05
1.977591797624797039e+02 1.064622809032625154e-05 1.064604872418385479e-05 1.555721081335720570e-05 3.684948762786731033e-05
1.981380287658560917e+02 1.066404812360741078e-05 1.066386830505411206e-05 1.558681692496669539e-05 3.691473335362821653e-05
1.985168777692324795e+02 1.068191293430207892e-05 1.068173266176362174e-05 1.561650762547424224e-05 3.698015322153994289e-05
1.988957267726088958e+02 1.069982267255192636e-05 1.069964194444518412e-05 1.564628323741780883e-05 3.704574785441491931e-05
1.992745757759852836e+02 1.071777748912851277e-05 1.071759630386132951e-05 1.567614408487420658e-05 3.711151787786405056e-05
1.996534247793616714e+02 1.073577753543650754e-05 1.073559589140753359e-05 1.570609049346801322e-05 3.717746392031205096e-05
2.000322737827380877e+02 1.075382296351686441e-05 1.075364085911538530e-05 1.573612279038041591e-05 3.724358661301266393e-05
2.004111227861144755e+02 1.077191392605003853e-05 1.077173135965579204e-05 1.576624130435816601e-05 3.730988659006399658e-05
2.007899717894908633e+02 1.079005057635925431e-05 1.078986754634224920e-05 1.579644636572260171e-05 3.737636448842410523e-05
2.011688207928672796e+02 1.080823306841372076e-05 1.080804957313403348e-05 1.582673830637870786e-05 3.744302094792645872e-05
2.015476697962436674e+02 1.082646155683194338e-05 1.082627759463951309e-05 1.585711745982428089e-05 3.750985661129574076e-05
2.019265187996200552e+02 1.084473619688501911e-05 1.084455176611941730e-05 1.588758416115909034e-05 3.757687212416353014e-05
2.023053678029964715e+02 1.086305714449993302e-05 1.086287224349014494e-05 1.591813874709418599e-05 3.764406813508426564e-05
2.026842168063728593e+02 1.088142455626292437e-05 1.088123918332709834e-05 1.594878155596119837e-05 3.771144529555122446e-05
2.030630658097492471e+02 1.089983858942282056e-05 1.089965274286800538e-05 1.597951292772171024e-05 3.777900426001253449e-05
2.034419148131256634e+02 1.091829940189445237e-05 1.091811308001633305e-05 1.601033320397676039e-05 3.784674568588754581e-05
2.038207638165020512e+02 1.093680715226201498e-05 1.093662035334461796e-05 1.604124272797633372e-05 3.791467023358296496e-05
2.041996128198784675e+02 1.095536199978252215e-05 1.095517472209791378e-05 1.607224184462896664e-05 3.798277856650940257e-05
2.045784618232548553e+02 1.097396410438924690e-05 1.097377634619720476e-05 1.610333090051139308e-05 3.805107135109784644e-05
2.049573108266312431e+02 1.099261362669516215e-05 1.099242538624284134e-05 1.613451024387826163e-05 3.811954925681626343e-05
2.053361598300076594e+02 1.101131072799648131e-05 1.101112200351803498e-05 1.616578022467197805e-05 3.818821295618649264e-05
2.057150088333840472e+02 1.103005557027611585e-05 1.102986635999231741e-05 1.619714119453250043e-05 3.825706312480093538e-05
2.060938578367604350e+02 1.104884831620723627e-05 1.104865861832507114e-05 1.622859350680731376e-05 3.832610044133962456e-05
2.064727068401368513e+02 1.106768912915684487e-05 1.106749894186905643e-05 1.626013751656144192e-05 3.839532558758734153e-05
2.068515558435132391e+02 1.108657817318930783e-05 1.108638749467395194e-05 1.629177358058748332e-05 3.846473924845074648e-05
2.072304048468896269e+02 1.110551561307003312e-05 1.110532444148994783e-05 1.632350205741582946e-05 3.853434211197581379e-05
2.076092538502660432e+02 1.112450161426901946e-05 1.112430994777132867e-05 1.635532330732480905e-05 3.860413486936515887e-05
2.079881028536424310e+02 1.114353634296456980e-05 1.114334417968008694e-05 1.638723769235106924e-05 3.867411821499572430e-05
2.083669518570188188e+02 1.116261996604694201e-05 1.116242730408957373e-05 1.641924557629989245e-05 3.874429284643641158e-05
2.087458008603952351e+02 1.118175265112206900e-05 1.118155948858815958e-05 1.645134732475565554e-05 3.881465946446588242e-05
2.091246498637716229e+02 1.120093456651527556e-05 1.120074090148290555e-05 1.648354330509242791e-05 3.888521877309061072e-05
2.095034988671480107e+02 1.122016588127503410e-05 1.121997171180327493e-05 1.651583388648449502e-05 3.895597147956280574e-05
2.098823478705244270e+02 1.123944676517677624e-05 1.123925208930488217e-05 1.654821943991711912e-05 3.902691829439877583e-05
2.102611968739008148e+02 1.125877738872666895e-05 1.125858220447320968e-05 1.658070033819728295e-05 3.909805993139716328e-05
2.106400458772772311e+02 1.127815792316547870e-05 1.127796222852740596e-05 1.661327695596456912e-05 3.916939710765745717e-05
2.110188948806536189e+02 1.129758854047243896e-05 1.129739233342409041e-05 1.664594966970212405e-05 3.924093054359865511e-05
2.113977438840300067e+02 1.131706941336914494e-05 1.131687269186114298e-05 1.667871885774762874e-05 3.931266096297791836e-05
2.117765928874064230e+02 1.133660071532349222e-05 1.133640347728159887e-05 1.671158490030454739e-05 3.938458909290964017e-05
2.121554418907828108e+02 1.135618262055364091e-05 1.135598486387746348e-05 1.674454817945320996e-05 3.945671566388431098e-05
2.125342908941591986e+02 1.137581530403200856e-05 1.137561702659365460e-05 1.677760907916224376e-05 3.952904140978790522e-05
2.129131398975356149e+02 1.139549894148931216e-05 1.139530014113189697e-05 1.681076798529994396e-05 3.960156706792115308e-05
2.132919889009120027e+02 1.141523370941861870e-05 1.141503438395466275e-05 1.684402528564575265e-05 3.967429337901903579e-05
2.136708379042883905e+02 1.143501978507949561e-05 1.143481993228916103e-05 1.687738136990197155e-05 3.974722108727062650e-05
2.140496869076648068e+02 1.145485734650209516e-05 1.145465696413131038e-05 1.691083662970540368e-05 3.982035094033880922e-05
2.144285359110411946e+02 1.147474657249139809e-05 1.147454565824977247e-05 1.694439145863921517e-05 3.989368368938038404e-05
2.148073849144175824e+02 1.149468764263140810e-05 1.149448619419000084e-05 1.697804625224494962e-05 3.996722008906636195e-05
2.151862339177939987e+02 1.151468073728945313e-05 1.151447875227829653e-05 1.701180140803452542e-05 4.004096089760228016e-05
2.155650829211703865e+02 1.153472603762050349e-05 1.153452351362593820e-05 1.704565732550250421e-05 4.011490687674894420e-05
2.159439319245468027e+02 1.155482372557154255e-05 1.155462066013326821e-05 1.707961440613838303e-05 4.018905879184319718e-05
2.163227809279231906e+02 1.157497398388601880e-05 1.157477037449389730e-05 1.711367305343911344e-05 4.026341741181903462e-05
2.167016299312995784e+02 1.159517699610831640e-05 1.159497284019885337e-05 1.714783367292169522e-05 4.033798350922886838e-05
2.170804789346759947e+02 1.161543294658834111e-05 1.161522824154079966e-05 1.718209667213599367e-05 4.041275786026513614e-05
2.174593279380523825e+02 1.163574202048612470e-05 1.163553676361830046e-05 1.721646246067765857e-05 4.048774124478208712e-05
2.178381769414287703e+02 1.165610440377651583e-05 1.165589859234005794e-05 1.725093145020123621e-05 4.056293444631781168e-05
2.182170259448051866e+02 1.167652028325399799e-05 1.167631391442926083e-05 1.728550405443354918e-05 4.063833825211680631e-05
2.185958749481815744e+02 1.169698984653751758e-05 1.169678291742787546e-05 1.732018068918715398e-05 4.071395345315254532e-05
2.189747239515579622e+02 1.171751328207547460e-05 1.171730578970105377e-05 1.735496177237409008e-05 4.078978084415061506e-05
2.193535729549343785e+02 1.173809077915078119e-05 1.173788272044151919e-05 1.738984772401988986e-05 4.086582122361219363e-05
2.197324219583107663e+02 1.175872252788604543e-05 1.175851389967399838e-05 1.742483896627774773e-05 4.094207539383779492e-05
2.201112709616871541e+02 1.177940871924889577e-05 1.177919951825972737e-05 1.745993592344310949e-05 4.101854416095173771e-05
2.204901199650635704e+02 1.180014954505741904e-05 1.179993976790093075e-05 1.749513902196843097e-05 4.109522833492678415e-05
2.208689689684399582e+02 1.182094519798579148e-05 1.182073484114538879e-05 1.753044869047832980e-05 4.117212872960951007e-05
2.212478179718163460e+02 1.184179587157003519e-05 1.184158493139105555e-05 1.756586535978517079e-05 4.124924616274625814e-05
2.216266669751927623e+02 1.186270176021402191e-05 1.186249023289065987e-05 1.760138946290491901e-05 4.132658145600960587e-05
2.220055159785691501e+02 1.188366305919565802e-05 1.188345094075641327e-05 1.763702143507356546e-05 4.140413543502563336e-05
2.223843649819455663e+02 1.190467996467330001e-05 1.190446725096474142e-05 1.767276171376398300e-05 4.148190892940202442e-05
2.227632139853219542e+02 1.192575267369247990e-05 1.192553936036106479e-05 1.770861073870331765e-05 4.155990277275685896e-05
2.231420629886983420e+02 1.194688138419288141e-05 1.194666746666464541e-05 1.774456895189105752e-05 4.163811780274858434e-05
2.235209119920747582e+02 1.196806629501567185e-05 1.196785176847348100e-05 1.778063679761766747e-05 4.171655486110682033e-05
2.238997609954511461e+02 1.198930760591118985e-05 1.198909246526925674e-05 1.781681472248405738e-05 4.179521479366450566e-05
2.242786099988275339e+02 1.201060551754704124e-05 1.201038975742238000e-05 1.785310317542175505e-05 4.187409845039117629e-05
2.246574590022039501e+02 1.203196023151663886e-05 1.203174384619707614e-05 1.788950260771407188e-05 4.195320668542778858e-05
2.250363080055803380e+02 1.205337195034818621e-05 1.205315493375653845e-05 1.792601347301805794e-05 4.203254035712278259e-05
2.254151570089567258e+02 1.207484087751422178e-05 1.207462322316819496e-05 1.796263622738764632e-05 4.211210032807006305e-05
2.257940060123331421e+02 1.209636721744166491e-05 1.209614891840901093e-05 1.799937132929773934e-05 4.219188746514841010e-05
2.261728550157095299e+02 1.211795117552238839e-05 1.211773222437089968e-05 1.803621923966932143e-05 4.227190263956261118e-05
2.265517040190859177e+02 1.213959295812437055e-05 1.213937334686620285e-05 1.807318042189579838e-05 4.235214672688636839e-05
2.269305530224623340e+02 1.216129277260322676e-05 1.216107249263324699e-05 1.811025534186997711e-05 4.243262060710645256e-05
2.273094020258387218e+02 1.218305082731416273e-05 1.218282986934194920e-05 1.814744446801207873e-05 4.251332516466819236e-05
2.276882510292151096e+02 1.220486733162402950e-05 1.220464568559949734e-05 1.818474827129769398e-05 4.259426128852122082e-05
2.280671000325915259e+02 1.222674249592312431e-05 1.222652015095598615e-05 1.822216722528569808e-05 4.267542987216480855e-05
2.284459490359679137e+02 1.224867653163628165e-05 1.224845347591007890e-05 1.825970180614448502e-05 4.275683181369084558e-05
2.288247980393443299e+02 1.227066965123232273e-05 1.227044587191446898e-05 1.829735249267545411e-05 4.283846801582224921e-05
2.292036470427207178e+02 1.229272206823075217e-05 1.229249755138117557e-05 1.833511976633112628e-05 4.292033938594305741e-05
2.295824960460971056e+02 1.231483399720387554e-05 1.231460872768639549e-05 1.837300411122476981e-05 4.300244683611504422e-05
2.299613450494735218e+02 1.233700565377191369e-05 1.233677961517470779e-05 1.841100601412679532e-05 4.308479128307341681e-05
2.303401940528499097e+02 1.235923725458767825e-05 1.235901042916234000e-05 1.844912596444141158e-05 4.316737364819142982e-05
2.307190430562262975e+02 1.238152901730619698e-05 1.238130138593896883e-05 1.848736445415489885e-05 4.325019485740006636e-05
2.310978920596027137e+02 1.240388116053319559e-05 1.240365270276758982e-05 1.852572197774391254e-05 4.333325584104469287e-05
2.314767410629791016e+02 1.242629390374463296e-05 1.242606459788154248e-05 1.856419903202899727e-05 4.341655753365517440e-05
2.318555900663554894e+02 1.244876746716800980e-05 1.244853729047793905e-05 1.860279611595591691e-05 4.350010087360186407e-05
2.322344390697319056e+02 1.247130207161490010e-05 1.247107100070639388e-05 1.864151373028452916e-05 4.358388680260582144e-05
2.326132880731082935e+02 1.249389793825441891e-05 1.249366594965202178e-05 1.868035237716600771e-05 4.366791626507244840e-05
2.329921370764846813e+02 1.251655528832043358e-05 1.251632235931205311e-05 1.871931255959450701e-05 4.375219020722699370e-05
2.333709860798610976e+02 1.253927434275280461e-05 1.253904045256592847e-05 1.875839478073392351e-05 4.383670957605265150e-05
2.337498350832374854e+02 1.256205532178824166e-05 1.256182045314041109e-05 1.879759954314897950e-05 4.392147531807763733e-05
2.341286840866138732e+02 1.258489844454043948e-05 1.258466258557335585e-05 1.883692734801570707e-05 4.400648837812950071e-05
2.345075330899902895e+02 1.260780392864335336e-05 1.260756707518318220e-05 1.887637869445098090e-05 4.409174969827751986e-05
2.348863820933666773e+02 1.263077199007016957e-05 1.263053414805492354e-05 1.891595407917402355e-05 4.417726021729911836e-05
2.352652310967430935e+02 1.265380284327157498e-05 1.265356403105671387e-05 1.895565399677191640e-05 4.426302087110020356e-05
2.356440801001194814e+02 1.267689670177768754e-05 1.267665695190102316e-05 1.899547894084278583e-05 4.434903259452149484e-05
2.360229291034958692e+02 1.270005377935252485e-05 1.269981313925981831e-05 1.903542940618567475e-05 4.443529632479801622e-05
2.364017781068722854e+02 1.272327429166253205e-05 1.272303282293070185e-05 1.907550589196538635e-05 4.452181300655861686e-05
2.367806271102486733e+02 1.274655845823909955e-05 1.274631623403360313e-05 1.911570890543659996e-05 4.460858359770930603e-05
2.371594761136250611e+02 1.276990650434244039e-05 1.276966360520022071e-05 1.915603896548449592e-05 4.469560907502715362e-05
2.375383251170014773e+02 1.279331866226379329e-05 1.279307517071099426e-05 1.919649660510420390e-05 4.478289043807898975e-05
2.379171741203778652e+02 1.281679517170163911e-05 1.281655116654280446e-05 1.923708237212792995e-05 4.487042871037237352e-05
2.382960231237542530e+02 1.284033627910268380e-05 1.284009183031518467e-05 1.927779682799004676e-05 4.495822493740791862e-05
2.386748721271306692e+02 1.286394223616232718e-05 1.286369740115252561e-05 1.931864054489759033e-05 4.504628018221244821e-05
2.390537211305070571e+02 1.288761329789624675e-05 1.288736811950173290e-05 1.935961410218466061e-05 4.513459551958264027e-05
2.394325701338834449e+02 1.291134972074147686e-05 1.291110422695060286e-05 1.940071808271975160e-05 4.522317203041183132e-05
2.398114191372598611e+02 1.293515176103532559e-05 1.293490596608164663e-05 1.944195307002718104e-05 4.531201079714415326e-05
2.401902681406362490e+02 1.295901967403681622e-05 1.295877358037877599e-05 1.948331964643596764e-05 4.540111290085155815e-05
2.405691171440126368e+02 1.298295371348465294e-05 1.298270731418686423e-05 1.952481839224585940e-05 4.549047941991737995e-05
2.409479661473890530e+02 1.300695413157954491e-05 1.300670741271365884e-05 1.956644988569850740e-05 4.558011142999171284e-05
2.413268151507654409e+02 1.303102117924203978e-05 1.303077412205957497e-05 1.960821470347183146e-05 4.567001000477344621e-05
2.417056641541418571e+02 1.305515510650938227e-05 1.305490768926170733e-05 1.965011342143875841e-05 4.576017621720984631e-05
2.420845131575182450e+02 1.307935616297003705e-05 1.307910836234212286e-05 1.969214661549795469e-05 4.585061114081011459e-05
2.424633621608946328e+02 1.310362459817285642e-05 1.310337639035387331e-05 1.973431486235690497e-05 4.594131585088363469e-05
2.428422111642710490e+02 1.312796066197917331e-05 1.312771202342161891e-05 1.977661874020715662e-05 4.603229142560795223e-05
2.432210601676474369e+02 1.315236460484776689e-05 1.315211551277571297e-05 1.981905882927237716e-05 4.612353894689585193e-05
2.435999091710238247e+02 1.317683667805506228e-05 1.317658711077993038e-05 1.986163571223372061e-05 4.621505950106871496e-05
2.439787581744002409e+02 1.320137713385919411e-05 1.320112707095373608e-05 1.990434997454885402e-05 4.630685417936178421e-05
2.443576071777766288e+02 1.322598622561834039e-05 1.322573564798998467e-05 1.994720220468429521e-05 4.639892407829261688e-05
2.447364561811530166e+02 1.325066420787376732e-05 1.325041309776922512e-05 1.999019299428101445e-05 4.649127029992400351e-05
2.451153051845294328e+02 1.327541133640637721e-05 1.327515967737134234e-05 2.003332293826957681e-05 4.658389395204729974e-05
2.454941541879058207e+02 1.330022786827401010e-05 1.329997564508534046e-05 2.007659263494917024e-05 4.667679614830851911e-05
2.458730031912822085e+02 1.332511406183529115e-05 1.332486126041786398e-05 2.012000268604088741e-05 4.676997800829404593e-05
2.462518521946586247e+02 1.335007017676403188e-05 1.334981678410071600e-05 2.016355369672338913e-05 4.686344065758813870e-05
2.466307011980350126e+02 1.337509647405756836e-05 1.337484247809791401e-05 2.020724627565694657e-05 4.695718522781242894e-05
2.470095502014114004e+02 1.340019321604104044e-05 1.339993860561231714e-05 2.025108103500001597e-05 4.705121285665337186e-05
2.473883992047878166e+02 1.342536066636933990e-05 1.342510543109205333e-05 2.029505859042133093e-05 4.714552468788272416e-05
2.477672482081642045e+02 1.345059909002773556e-05 1.345034322023691964e-05 2.033917956110965338e-05 4.724012187137430858e-05
2.481460972115406207e+02 1.347590875333192924e-05 1.347565224000466204e-05 2.038344456978248115e-05 4.733500556311907073e-05
2.485249462149170085e+02 1.350128992392805397e-05 1.350103275861738244e-05 2.042785424269469104e-05 4.743017692524012236e-05
2.489037952182933964e+02 1.352674287079283840e-05 1.352648504556796086e-05 2.047240920964767667e-05 4.752563712600847592e-05
2.492826442216698126e+02 1.355226786423423524e-05 1.355200937162655728e-05 2.051711010399932645e-05 4.762138733986012067e-05
2.496614932250462005e+02 1.357786517589250214e-05 1.357760600884722693e-05 2.056195756267498428e-05 4.771742874741471843e-05
2.500403422284225883e+02 1.360353507874184315e-05 1.360327523057459326e-05 2.060695222617961962e-05 4.781376253549605434e-05
2.504191912317990045e+02 1.362927784709265683e-05 1.362901731145069700e-05 2.065209473861113278e-05 4.791038989715448661e-05
2.507980402351753924e+02 1.365509375659423823e-05 1.365483252742181992e-05 2.069738574767463580e-05 4.800731203169069056e-05
2.511768892385517802e+02 1.368098308423809420e-05 1.368072115574553884e-05 2.074282590469803117e-05 4.810453014468166590e-05
2.515557382419281964e+02 1.370694610836168219e-05 1.370668347499776455e-05 2.078841586464841033e-05 4.820204544800786215e-05
2.519345872453045843e+02 1.373298310865261663e-05 1.373271976507993138e-05 2.083415628614945173e-05 4.829985915988199805e-05
2.523134362486809721e+02 1.375909436615331403e-05 1.375883030722625459e-05 2.088004783149975744e-05 4.839797250487932437e-05
2.526922852520573883e+02 1.378528016326595152e-05 1.378501538401105384e-05 2.092609116669184697e-05 4.849638671396884894e-05
2.530711342554337762e+02 1.381154078375784551e-05 1.381127527935618161e-05 2.097228696143203547e-05 4.859510302454606598e-05
2.534499832588101924e+02 1.383787651276707773e-05 1.383761027853851950e-05 2.101863588916090141e-05 4.869412268046649863e-05
2.538288322621865802e+02 1.386428763680841758e-05 1.386402066819752529e-05 2.106513862707436416e-05 4.879344693208031210e-05
2.542076812655629681e+02 1.389077444377955131e-05 1.389050673634292056e-05 2.111179585614546969e-05 4.889307703626794325e-05
2.545865302689393843e+02 1.391733722296744827e-05 1.391706877236233097e-05 2.115860826114651167e-05 4.899301425647629261e-05
2.549653792723157721e+02 1.394397626505502878e-05 1.394370706702913488e-05 2.120557653067185053e-05 4.909325986275601419e-05
2.553442282756921600e+02 1.397069186212798270e-05 1.397042191251025601e-05 2.125270135716103746e-05 4.919381513179927278e-05
2.557230772790685762e+02 1.399748430768177445e-05 1.399721360237411032e-05 2.129998343692245683e-05 4.929468134697834159e-05
2.561019262824449356e+02 1.402435389662880039e-05 1.402408243159855458e-05 2.134742347015736492e-05 4.939585979838472158e-05
2.564807752858213803e+02 1.405130092530573094e-05 1.405102869657894335e-05 2.139502216098431163e-05 4.949735178286898593e-05
2.568596242891977681e+02 1.407832569148093057e-05 1.407805269513621981e-05 2.144278021746386705e-05 4.959915860408101743e-05
2.572384732925741559e+02 1.410542849436210479e-05 1.410515472652508796e-05 2.149069835162380543e-05 4.970128157251099818e-05
2.576173222959505438e+02 1.413260963460396754e-05 1.413233509144224746e-05 2.153877727948454667e-05 4.980372200553075828e-05
2.579961712993269316e+02 1.415986941431609486e-05 1.415959409203466068e-05 2.158701772108494001e-05 4.990648122743570063e-05
2.583750203027033763e+02 1.418720813707085649e-05 1.418693203190792477e-05 2.163542040050835263e-05 5.000956056948713897e-05
2.587538693060797641e+02 1.421462610791145422e-05 1.421434921613466916e-05 2.168398604590904627e-05 5.011296136995517134e-05
2.591327183094561519e+02 1.424212363336006698e-05 1.424184595126302585e-05 2.173271538953891637e-05 5.021668497416200750e-05
2.595115673128325398e+02 1.426970102142609583e-05 1.426942254532519295e-05 2.178160916777440058e-05 5.032073273452568937e-05
2.598904163162089276e+02 1.429735858161448185e-05 1.429707930784599479e-05 2.183066812114375666e-05 5.042510601060423161e-05
2.602692653195853154e+02 1.432509662493410529e-05 1.432481654985155552e-05 2.187989299435461472e-05 5.052980616914027722e-05
2.606481143229617601e+02 1.435291546390633216e-05 1.435263458387802017e-05 2.192928453632173283e-05 5.063483458410608515e-05
2.610269633263381479e+02 1.438081541257352858e-05 1.438053372398032146e-05 2.197884350019505749e-05 5.074019263674891091e-05
2.614058123297145357e+02 1.440879678650780218e-05 1.440851428574104480e-05 2.202857064338810267e-05 5.084588171563694965e-05
2.617846613330909236e+02 1.443685990281967910e-05 1.443657658627931373e-05 2.207846672760651512e-05 5.095190321670550965e-05
2.621635103364673114e+02 1.446500508016696565e-05 1.446472094425976672e-05 2.212853251887690397e-05 5.105825854330363974e-05
2.625423593398436992e+02 1.449323263876362013e-05 1.449294767990157978e-05 2.217876878757600242e-05 5.116494910624120403e-05
2.629212083432201439e+02 1.452154290038874999e-05 1.452125711498757378e-05 2.222917630846001910e-05 5.127197632383634286e-05
2.633000573465965317e+02 1.454993618839563279e-05 1.454964957287334882e-05 2.227975586069424354e-05 5.137934162196322515e-05
2.636789063499729195e+02 1.457841282772085393e-05 1.457812537849653047e-05 2.233050822788300410e-05 5.148704643410038342e-05
2.640577553533493074e+02 1.460697314489349192e-05 1.460668485838603630e-05 2.238143419809975453e-05 5.159509220137928614e-05
2.644366043567256952e+02 1.463561746804439506e-05 1.463532834067143389e-05 2.243253456391751293e-05 5.170348037263334357e-05
2.648154533601021399e+02 1.466434612691551743e-05 1.466405615509235646e-05 2.248381012243954474e-05 5.181221240444742202e-05
2.651943023634785277e+02 1.469315945286929898e-05 1.469286863300796931e-05 2.253526167533024548e-05 5.192128976120751377e-05
2.655731513668549155e+02 1.472205777889820473e-05 1.472176610740653113e-05 2.258689002884639295e-05 5.203071391515113220e-05
2.659520003702313034e+02 1.475104143963423028e-05 1.475074891291500781e-05 2.263869599386854838e-05 5.214048634641778139e-05
2.663308493736076912e+02 1.478011077135855451e-05 1.477981738580874388e-05 2.269068038593282359e-05 5.225060854310012367e-05
2.667096983769840790e+02 1.480926611201122798e-05 1.480897186402120506e-05 2.274284402526281749e-05 5.236108200129524883e-05
2.670885473803605237e+02 1.483850780120094938e-05 1.483821268715380048e-05 2.279518773680189823e-05 5.247190822515664809e-05
2.674673963837369115e+02 1.486783618021487588e-05 1.486754019648576585e-05 2.284771235024571571e-05 5.258308872694635744e-05
2.678462453871132993e+02 1.489725159202860115e-05 1.489695473498411439e-05 2.290041870007497832e-05 5.269462502708769725e-05
2.682250943904896872e+02 1.492675438131607413e-05 1.492645664731364880e-05 2.295330762558853133e-05 5.280651865421825595e-05
2.686039433938660750e+02 1.495634489445969735e-05 1.495604627984706629e-05 2.300637997093667915e-05 5.291877114524344279e-05
2.689827923972424628e+02 1.498602347956044730e-05 1.498572398067511628e-05 2.305963658515480574e-05 5.303138404539036593e-05
2.693616414006189075e+02 1.501579048644807946e-05 1.501549009961682235e-05 2.311307832219726272e-05 5.314435890826216453e-05
2.697404904039952953e+02 1.504564626669140282e-05 1.504534498822978893e-05 2.316670604097152174e-05 5.325769729589271349e-05
2.701193394073716831e+02 1.507559117360864080e-05 1.507528899982058764e-05 2.322052060537263516e-05 5.337140077880186360e-05
2.704981884107480710e+02 1.510562556227784801e-05 1.510532248945519443e-05 2.327452288431799829e-05 5.348547093605104073e-05
2.708770374141244588e+02 1.513574978954742370e-05 1.513544581396951648e-05 2.332871375178232847e-05 5.359990935529927204e-05
2.712558864175009035e+02 1.516596421404667928e-05 1.516565933197998523e-05 2.338309408683298971e-05 5.371471763285965253e-05
2.716347354208772913e+02 1.519626919619649063e-05 1.519596340389421203e-05 2.343766477366561213e-05 5.382989737375631309e-05
2.720135844242536791e+02 1.522666509822001476e-05 1.522635839192175901e-05 2.349242670163997568e-05 5.394545019178174775e-05
2.723924334276300669e+02 1.525715228415353693e-05 1.525684466008494215e-05 2.354738076531618857e-05 5.406137770955466934e-05
2.727712824310064548e+02 1.528773111985730416e-05 1.528742257422972242e-05 2.360252786449122832e-05 5.417768155857825152e-05
2.731501314343828426e+02 1.531840197302650113e-05 1.531809250203668504e-05 2.365786890423567587e-05 5.429436337929886543e-05
2.735289804377592873e+02 1.534916521320229884e-05 1.534885481303209154e-05 2.371340479493085285e-05 5.441142482116524323e-05
2.739078294411356751e+02 1.538002121178296263e-05 1.537970987859898776e-05 2.376913645230619275e-05 5.452886754268814991e-05
2.742866784445120629e+02 1.541097034203503128e-05 1.541065807198843213e-05 2.382506479747701852e-05 5.464669321150048193e-05
2.746655274478884508e+02 1.544201297910463344e-05 1.544169976833077812e-05 2.388119075698247952e-05 5.476490350441788770e-05
2.750443764512648386e+02 1.547314950002879713e-05 1.547283534464702454e-05 2.393751526282400342e-05 5.488350010749982170e-05
2.754232254546412832e+02 1.550438028374692879e-05 1.550406517986026734e-05 2.399403925250384974e-05 5.500248471611104587e-05
2.758020744580176711e+02 1.553570571111226176e-05 1.553538965480720578e-05 2.405076366906414115e-05 5.512185903498361208e-05
2.761809234613940589e+02 1.556712616490356566e-05 1.556680915224980096e-05 2.410768946112619966e-05 5.524162477827956289e-05
2.765597724647704467e+02 1.559864202983672702e-05 1.559832405688690388e-05 2.416481758293012678e-05 5.536178366965376107e-05
2.769386214681468346e+02 1.563025369257657049e-05 1.562993475536606311e-05 2.422214899437478687e-05 5.548233744231741707e-05
2.773174704715232224e+02 1.566196154174869017e-05 1.566164163629538660e-05 2.427968466105813607e-05 5.560328783910221284e-05
2.776963194748996671e+02 1.569376596795138602e-05 1.569344509025544761e-05 2.433742555431778163e-05 5.572463661252461526e-05
2.780751684782760549e+02 1.572566736376770189e-05 1.572534550981134305e-05 2.439537265127200539e-05 5.584638552485105033e-05
2.784540174816524427e+02 1.575766612377749743e-05 1.575734328952477895e-05 2.445352693486111257e-05 5.596853634816338895e-05
2.788328664850288305e+02 1.578976264456968600e-05 1.578943882596629147e-05 2.451188939388897363e-05 5.609109086442495449e-05
2.792117154884052184e+02 1.582195732475445571e-05 1.582163251772750512e-05 2.457046102306517603e-05 5.621405086554714025e-05
2.795905644917816062e+02 1.585425056497570382e-05 1.585392476543354015e-05 2.462924282304728099e-05 5.633741815345652158e-05
2.799694134951580509e+02 1.588664276792346443e-05 1.588631597175543678e-05 2.468823580048358854e-05 5.646119454016248975e-05
2.803482624985344387e+02 1.591913433834640389e-05 1.591880654142270148e-05 2.474744096805619721e-05 5.658538184782529920e-05
2.807271115019108265e+02 1.595172568306456697e-05 1.595139688123600231e-05 2.480685934452445351e-05 5.670998190882502280e-05
2.811059605052872143e+02 1.598441721098201461e-05 1.598408740007983033e-05 2.486649195476874010e-05 5.683499656583058165e-05
2.814848095086636022e+02 1.601720933309968181e-05 1.601687850893536777e-05 2.492633982983465701e-05 5.696042767186970321e-05
2.818636585120400468e+02 1.605010246252827296e-05 1.604977062089337983e-05 2.498640400697759597e-05 5.708627709039925215e-05
2.822425075154164347e+02 1.608309701450127217e-05 1.608276415116721497e-05 2.504668552970759922e-05 5.721254669537608297e-05
2.826213565187928225e+02 1.611619340638804524e-05 1.611585951710593729e-05 2.510718544783471304e-05 5.733923837132869896e-05
2.830002055221692103e+02 1.614939205770703979e-05 1.614905713820748268e-05 2.516790481751466998e-05 5.746635401342918906e-05
2.833790545255455982e+02 1.618269339013906336e-05 1.618235743613197412e-05 2.522884470129493689e-05 5.759389552756597776e-05
2.837579035289219860e+02 1.621609782754064282e-05 1.621576083471510825e-05 2.529000616816122387e-05 5.772186483041696816e-05
2.841367525322984307e+02 1.624960579595758703e-05 1.624926775998161637e-05 2.535139029358428111e-05 5.785026384952348451e-05
2.845156015356748185e+02 1.628321772363843439e-05 1.628287864015886104e-05 2.541299815956719383e-05 5.797909452336449265e-05
2.848944505390512063e+02 1.631693404104828313e-05 1.631659390569051735e-05 2.547483085469307024e-05 5.810835880143187072e-05
2.852732995424275941e+02 1.635075518088244893e-05 1.635041398925033212e-05 2.553688947417304456e-05 5.823805864430582223e-05
2.856521485458039820e+02 1.638468157808039348e-05 1.638433932575603219e-05 2.559917511989481546e-05 5.836819602373124452e-05
2.860309975491803698e+02 1.641871366983970395e-05 1.641837035238327333e-05 2.566168890047150963e-05 5.849877292269448352e-05
2.864098465525568145e+02 1.645285189563016048e-05 1.645250750857974508e-05 2.572443193129096898e-05 5.862979133550088131e-05
2.867886955559332023e+02 1.648709669720790536e-05 1.648675123607931954e-05 2.578740533456552565e-05 5.876125326785275056e-05
2.871675445593095901e+02 1.652144851862977147e-05 1.652110197891637304e-05 2.585061023938214301e-05 5.889316073692829091e-05
2.875463935626859779e+02 1.655590780626764114e-05 1.655556018344017891e-05 2.591404778175302075e-05 5.902551577146084418e-05
2.879252425660623658e+02 1.659047500882293379e-05 1.659012629832936123e-05 2.597771910466657275e-05 5.915832041181886777e-05
2.883040915694388104e+02 1.662515057734123935e-05 1.662480077460654515e-05 2.604162535813898087e-05 5.929157671008676876e-05
2.886829405728151983e+02 1.665993496522699894e-05 1.665958406565302071e-05 2.610576769926597918e-05 5.942528673014599544e-05
2.890617895761915861e+02 1.669482862825832122e-05 1.669447662722360655e-05 2.617014729227532593e-05 5.955945254775726048e-05
2.894406385795679739e+02 1.672983202460194441e-05 1.672947891746153401e-05 2.623476530857956016e-05 5.969407625064303518e-05
2.898194875829443617e+02 1.676494561482822868e-05 1.676459139691351412e-05 2.629962292682926314e-05 5.982915993857099916e-05
2.901983365863207496e+02 1.680016986192632491e-05 1.679981452854485547e-05 2.636472133296679076e-05 5.996470572343797791e-05
2.905771855896971942e+02 1.683550523131942462e-05 1.683514877775474467e-05 2.643006172028049714e-05 6.010071572935467320e-05
2.909560345930735821e+02 1.687095219088011162e-05 1.687059461239158104e-05 2.649564528945933106e-05 6.023719209273101693e-05
2.913348835964499699e+02 1.690651121094588301e-05 1.690615250276851118e-05 2.656147324864803534e-05 6.037413696236243292e-05
2.917137325998263577e+02 1.694218276433472785e-05 1.694182292167898391e-05 2.662754681350274952e-05 6.051155249951646468e-05
2.920925816032027456e+02 1.697796732636083113e-05 1.697760634441247796e-05 2.669386720724710034e-05 6.064944087802040605e-05
2.924714306065791334e+02 1.701386537485040989e-05 1.701350324877032793e-05 2.676043566072881406e-05 6.078780428434955526e-05
2.928502796099555781e+02 1.704987739015766793e-05 1.704951411508167562e-05 2.682725341247677259e-05 6.092664491771611953e-05
2.932291286133319659e+02 1.708600385518083527e-05 1.708563942621949930e-05 2.689432170875862189e-05 6.106596499015895985e-05
2.936079776167083537e+02 1.712224525537838708e-05 1.712187966761687330e-05 2.696164180363887507e-05 6.120576672663413545e-05
2.939868266200847415e+02 1.715860207878530674e-05 1.715823532728318369e-05 2.702921495903748975e-05 6.134605236510597679e-05
2.943656756234611294e+02 1.719507481602956233e-05 1.719470689582061824e-05 2.709704244478898763e-05 6.148682415663917497e-05
2.947445246268375740e+02 1.723166396034860005e-05 1.723129486644067683e-05 2.716512553870209910e-05 6.162808436549137259e-05
2.951233736302139619e+02 1.726837000760605108e-05 1.726799973498085121e-05 2.723346552661990266e-05 6.176983526920679817e-05
2.955022226335903497e+02 1.730519345630851302e-05 1.730482199992141660e-05 2.730206370248054691e-05 6.191207915871048330e-05
2.958810716369667375e+02 1.734213480762247022e-05 1.734176216240236891e-05 2.737092136837844370e-05 6.205481833840327944e-05
2.962599206403431253e+02 1.737919456539135639e-05 1.737882072624045355e-05 2.744003983462605406e-05 6.219805512625786400e-05
2.966387696437195132e+02 1.741637323615270535e-05 1.741599819794634323e-05 2.750942041981618914e-05 6.234179185391523434e-05
2.970176186470959578e+02 1.745367132915547453e-05 1.745329508674194454e-05 2.757906445088488721e-05 6.248603086678229950e-05
2.973964676504723457e+02 1.749108935637746674e-05 1.749071190457781292e-05 2.764897326317480557e-05 6.263077452413008184e-05
2.977753166538487335e+02 1.752862783254289088e-05 1.752824916615074730e-05 2.771914820049924949e-05 6.277602519919288089e-05
2.981541656572251213e+02 1.756628727514008184e-05 1.756590738892146590e-05 2.778959061520669914e-05 6.292178527926825028e-05
2.985330146606015091e+02 1.760406820443930178e-05 1.760368709313243804e-05 2.786030186824594649e-05 6.306805716581767953e-05
2.989118636639778970e+02 1.764197114351073107e-05 1.764158880182584117e-05 2.793128332923179111e-05 6.321484327456835996e-05
2.992907126673543416e+02 1.767999661824253723e-05 1.767961304086167049e-05 2.800253637651135952e-05 6.336214603561556046e-05
2.996695616707307295e+02 1.771814515735913015e-05 1.771776033893596370e-05 2.807406239723095638e-05 6.350996789352604684e-05
3.000484106741071173e+02 1.775641729243954275e-05 1.775603122759918158e-05 2.814586278740359337e-05 6.365831130744231431e-05
3.004272596774835051e+02 1.779481355793591997e-05 1.779442624127472078e-05 2.821793895197706692e-05 6.380717875118771445e-05
3.008061086808598930e+02 1.783333449119220434e-05 1.783294591727755871e-05 2.829029230490263900e-05 6.395657271337240883e-05
3.011849576842363376e+02 1.787198063246290625e-05 1.787159079583305424e-05 2.836292426920438884e-05 6.410649569750035272e-05
3.015638066876127255e+02 1.791075252493202661e-05 1.791036142009587047e-05 2.843583627704909987e-05 6.425695022207699694e-05
3.019426556909891133e+02 1.794965071473218968e-05 1.794925833616906004e-05 2.850902976981692602e-05 6.440793882071816896e-05
3.023215046943655011e+02 1.798867575096381650e-05 1.798828209312332329e-05 2.858250619817249844e-05 6.455946404225963145e-05
3.027003536977418889e+02 1.802782818571454224e-05 1.802743324301631721e-05 2.865626702213684536e-05 6.471152845086769803e-05
3.030792027011182768e+02 1.806710857407869123e-05 1.806671234091223208e-05 2.873031371115987778e-05 6.486413462615079771e-05
3.034580517044947214e+02 1.810651747417698907e-05 1.810611994490142907e-05 2.880464774419351555e-05 6.501728516327193370e-05
3.038369007078711093e+02 1.814605544717634597e-05 1.814565661612025404e-05 2.887927060976554859e-05 6.517098267306214521e-05
3.042157497112474971e+02 1.818572305730985005e-05 1.818532291877103429e-05 2.895418380605409452e-05 6.532522978213498564e-05
3.045945987146238849e+02 1.822552087189689633e-05 1.822511942014218034e-05 2.902938884096281855e-05 6.548002913300189523e-05
3.049734477180002727e+02 1.826544946136345445e-05 1.826504669062847070e-05 2.910488723219669551e-05 6.563538338418861728e-05
3.053522967213766606e+02 1.830550939926249234e-05 1.830510530375148228e-05 2.918068050733864938e-05 6.579129521035261723e-05
3.057311457247531052e+02 1.834570126229459645e-05 1.834529583618019024e-05 2.925677020392673154e-05 6.594776730240151823e-05
3.061099947281294931e+02 1.838602563032868333e-05 1.838561886775167962e-05 2.933315786953205799e-05 6.610480236761241755e-05
3.064888437315058809e+02 1.842648308642294509e-05 1.842607498149210777e-05 2.940984506183753593e-05 6.626240312975258541e-05
3.068676927348822687e+02 1.846707421684590664e-05 1.846666476363774119e-05 2.948683334871716983e-05 6.642057232920082783e-05
3.072465417382586566e+02 1.850779961109764218e-05 1.850738880365618560e-05 2.956412430831620764e-05 6.657931272307002863e-05
3.076253907416351012e+02 1.854865986193120510e-05 1.854824769426778876e-05 2.964171952913197144e-05 6.673862708533096530e-05
3.080042397450114890e+02 1.858965556537415620e-05 1.858924203146720256e-05 2.971962061009544032e-05 6.689851820693680246e-05
3.083830887483878769e+02 1.863078732075031888e-05 1.863037241454510430e-05 2.979782916065360225e-05 6.705898889594902204e-05
3.087619377517642647e+02 1.867205573070165631e-05 1.867163944611010436e-05 2.987634680085254806e-05 6.722004197766430196e-05
3.091407867551406525e+02 1.871346140121037219e-05 1.871304373211079959e-05 2.995517516142129041e-05 6.738168029474246557e-05
3.095196357585170404e+02 1.875500494162109965e-05 1.875458588185802648e-05 3.003431588385645690e-05 6.754390670733558303e-05
3.098984847618934850e+02 1.879668696466337471e-05 1.879626650804725680e-05 3.011377062050772186e-05 6.770672409321836015e-05
3.102773337652698729e+02 1.883850808647414705e-05 1.883808622678117265e-05 3.019354103466391907e-05 6.787013534791923200e-05
3.106561827686462607e+02 1.888046892662062617e-05 1.888004565759246185e-05 3.027362880064017438e-05 6.803414338485325901e-05
3.110350317720226485e+02 1.892257010812315804e-05 1.892214542346673186e-05 3.035403560386565826e-05 6.819875113545555156e-05
3.114138807753990363e+02 1.896481225747837285e-05 1.896438615086562703e-05 3.043476314097226008e-05 6.836396154931626674e-05
3.117927297787754242e+02 1.900719600468248177e-05 1.900676846975014227e-05 3.051581311988399065e-05 6.852977759431662147e-05
3.121715787821518688e+02 1.904972198325476012e-05 1.904929301360409611e-05 3.059718725990738779e-05 6.869620225676624742e-05
3.125504277855282567e+02 1.909239083026119312e-05 1.909196041945776626e-05 3.067888729182250123e-05 6.886323854154145383e-05
3.129292767889046445e+02 1.913520318633837918e-05 1.913477132791180642e-05 3.076091495797507686e-05 6.903088947222526584e-05
3.133081257922810323e+02 1.917815969571749752e-05 1.917772638316121058e-05 3.084327201236923571e-05 6.919915809124795058e-05
3.136869747956574201e+02 1.922126100624860787e-05 1.922082623301959572e-05 3.092596022076133538e-05 6.936804746002953558e-05
3.140658237990338648e+02 1.926450776942502469e-05 1.926407152894359976e-05 3.100898136075451244e-05 6.953756065912314029e-05
3.144446728024102526e+02 1.930790064040793533e-05 1.930746292605747266e-05 3.109233722189413967e-05 6.970770078835954089e-05
3.148235218057866405e+02 1.935144027805122148e-05 1.935100108317790117e-05 3.117602960576432684e-05 6.987847096699345627e-05
3.152023708091630283e+02 1.939512734492646019e-05 1.939468666283902351e-05 3.126006032608513296e-05 7.004987433385062004e-05
3.155812198125394161e+02 1.943896250734809431e-05 1.943852033131758278e-05 3.134443120881086955e-05 7.022191404747654664e-05
3.159600688159158040e+02 1.948294643539887061e-05 1.948250275865836512e-05 3.142914409222916284e-05 7.039459328628640874e-05
3.163389178192922486e+02 1.952707980295542351e-05 1.952663461869979698e-05 3.151420082706112729e-05 7.056791524871635116e-05
3.167177668226686365e+02 1.957136328771405878e-05 1.957091658909969158e-05 3.159960327656231833e-05 7.074188315337606530e-05
3.170966158260450243e+02 1.961579757121679476e-05 1.961534935136133412e-05 3.168535331662483711e-05 7.091650023920296260e-05
3.174754648294214121e+02 1.966038333887757628e-05 1.965993359085964156e-05 3.177145283588020099e-05 7.109176976561741882e-05
3.178543138327977999e+02 1.970512128000866486e-05 1.970466999686760356e-05 3.185790373580335913e-05 7.126769501267963094e-05
3.182331628361741878e+02 1.975001208784729989e-05 1.974955926258291665e-05 3.194470793081760943e-05 7.144427928124782935e-05
3.186120118395506324e+02 1.979505645958255637e-05 1.979460208515482493e-05 3.203186734840053862e-05 7.162152589313791314e-05
3.189908608429270203e+02 1.984025509638236186e-05 1.983979916571116083e-05 3.211938392919093811e-05 7.179943819128446758e-05
3.193697098463034081e+02 1.988560870342082518e-05 1.988515120938566018e-05 3.220725962709682446e-05 7.197801953990331321e-05
3.197485588496797959e+02 1.993111798990571749e-05 1.993065892534543317e-05 3.229549640940449656e-05 7.215727332465565400e-05
3.201274078530561837e+02 1.997678366910616017e-05 1.997632302681868270e-05 3.238409625688850078e-05 7.233720295281333688e-05
3.205062568564326284e+02 2.002260645838061751e-05 2.002214423112263274e-05 3.247306116392279564e-05 7.251781185342603573e-05
3.208851058598090162e+02 2.006858707920500129e-05 2.006812325969170401e-05 3.256239313859289218e-05 7.269910347748960086e-05
3.212639548631854041e+02 2.011472625720109721e-05 2.011426083810588958e-05 3.265209420280918015e-05 7.288108129811617032e-05
3.216428038665617919e+02 2.016102472216519119e-05 2.016055769611939480e-05 3.274216639242130461e-05 7.306374881070589399e-05
3.220216528699381797e+02 2.020748320809690241e-05 2.020701456768944992e-05 3.283261175733349793e-05 7.324710953311985026e-05
3.224005018733145675e+02 2.025410245322825344e-05 2.025363219100542771e-05 3.292343236162133480e-05 7.343116700585502273e-05
3.227793508766910122e+02 2.030088320005302504e-05 2.030041130851812709e-05 3.301463028364932072e-05 7.361592479222046946e-05
3.231581998800674000e+02 2.034782619535625663e-05 2.034735266696933119e-05 3.310620761618975446e-05 7.380138647851533550e-05
3.235370488834437879e+02 2.039493219024410923e-05 2.039445701742162968e-05 3.319816646654283055e-05 7.398755567420857286e-05
3.239158978868201757e+02 2.044220194017384374e-05 2.044172511528840035e-05 3.329050895665765659e-05 7.417443601211989391e-05
3.242947468901965635e+02 2.048963620498412430e-05 2.048915772036414984e-05 3.338323722325481547e-05 7.436203114860308284e-05
3.246735958935729514e+02 2.053723574892554881e-05 2.053675559685496954e-05 3.347635341794968667e-05 7.455034476373020164e-05
3.250524448969493960e+02 2.058500134069141991e-05 2.058451951340936422e-05 3.356985970737741404e-05 7.473938056147820834e-05
3.254312939003257839e+02 2.063293375344873285e-05 2.063245024314922630e-05 3.366375827331871397e-05 7.492914226991667312e-05
3.258101429037021717e+02 2.068103376486952924e-05 2.068054856370115578e-05 3.375805131282718778e-05 7.511963364139787958e-05
3.261889919070785595e+02 2.072930215716236942e-05 2.072881525722795629e-05 3.385274103835776585e-05 7.531085845274809157e-05
3.265678409104549473e+02 2.077773971710413349e-05 2.077725111046044965e-05 3.394782967789639847e-05 7.550282050546098839e-05
3.269466899138313920e+02 2.082634723607210009e-05 2.082585691472951404e-05 3.404331947509111559e-05 7.569552362589272634e-05
3.273255389172077798e+02 2.087512551007621162e-05 2.087463346599836614e-05 3.413921268938422494e-05 7.588897166545880270e-05
3.277043879205841677e+02 2.092407533979171548e-05 2.092358156489519558e-05 3.423551159614596028e-05 7.608316850083287133e-05
3.280832369239605555e+02 2.097319753059195442e-05 2.097270201674596886e-05 3.433221848680944422e-05 7.627811803414736073e-05
3.284620859273369433e+02 2.102249289258151601e-05 2.102199563160754496e-05 3.442933566900683695e-05 7.647382419319589454e-05
3.288409349307133311e+02 2.107196224062962610e-05 2.107146322430108567e-05 3.452686546670705018e-05 7.667029093163775857e-05
3.292197839340897758e+02 2.112160639440376921e-05 2.112110561444569638e-05 3.462481022035458609e-05 7.686752222920404829e-05
3.295986329374661636e+02 2.117142617840367828e-05 2.117092362649235142e-05 3.472317228700996176e-05 7.706552209190599824e-05
3.299774819408425515e+02 2.122142242199555819e-05 2.122091808975814812e-05 3.482195404049144832e-05 7.726429455224515463e-05
3.303563309442189393e+02 2.127159595944653632e-05 2.127108983846081485e-05 3.492115787151822627e-05 7.746384366942558083e-05
3.307351799475953271e+02 2.132194762995952297e-05 2.132143971175344625e-05 3.502078618785495711e-05 7.766417352956793310e-05
3.311140289509717149e+02 2.137247827770824470e-05 2.137196855375964144e-05 3.512084141445781852e-05 7.786528824592570466e-05
3.314928779543481596e+02 2.142318875187265367e-05 2.142267721360883217e-05 3.522132599362197625e-05 7.806719195910346209e-05
3.318717269577245474e+02 2.147407990667454030e-05 2.147356654547194621e-05 3.532224238513054671e-05 7.826988883727703321e-05
3.322505759611009353e+02 2.152515260141354232e-05 2.152463740859740968e-05 3.542359306640512485e-05 7.847338307641608024e-05
3.326294249644773231e+02 2.157640770050339780e-05 2.157589066734734586e-05 3.552538053265770127e-05 7.867767890050843477e-05
3.330082739678537109e+02 2.162784607350848277e-05 2.162732719123417716e-05 3.562760729704419875e-05 7.888278056178685868e-05
3.333871229712301556e+02 2.167946859518072149e-05 2.167894785495750153e-05 3.573027589081950641e-05 7.908869234095772943e-05
3.337659719746065434e+02 2.173127614549671025e-05 2.173075353844119254e-05 3.583338886349405884e-05 7.929541854743196163e-05
3.341448209779829313e+02 2.178326960969527817e-05 2.178274512687098391e-05 3.593694878299214315e-05 7.950296351955840862e-05
3.345236699813593191e+02 2.183544987831521406e-05 2.183492351073219973e-05 3.604095823581160196e-05 7.971133162485902592e-05
3.349025189847357069e+02 2.188781784723345069e-05 2.188728958584791162e-05 3.614541982718531176e-05 7.992052726026667745e-05
3.352813679881120947e+02 2.194037441770345566e-05 2.193984425341733303e-05 3.625033618124422658e-05 8.013055485236501526e-05
3.356602169914885394e+02 2.199312049639403231e-05 2.199258842005465063e-05 3.635570994118212252e-05 8.034141885763081223e-05
3.360390659948649272e+02 2.204605699542838151e-05 2.204552299782799798e-05 3.646154376942191438e-05 8.055312376267830064e-05
3.364179149982413151e+02 2.209918483242353948e-05 2.209864890429900518e-05 3.656784034778384925e-05 8.076567408450639730e-05
3.367967640016177029e+02 2.215250493053013756e-05 2.215196706256245020e-05 3.667460237765529261e-05 8.097907437074788038e-05
3.371756130049940907e+02 2.220601821847246004e-05 2.220547840128639131e-05 3.678183258016222201e-05 8.119332919992107336e-05
3.375544620083704785e+02 2.225972563058890188e-05 2.225918385475256033e-05 3.688953369634261807e-05 8.140844318168407689e-05
3.379333110117469232e+02 2.231362810687272113e-05 2.231308436289717952e-05 3.699770848732146153e-05 8.162442095709135880e-05
3.383121600151233110e+02 2.236772659301315396e-05 2.236718087135199182e-05 3.710635973448762079e-05 8.184126719885276996e-05
3.386910090184996989e+02 2.242202204043690564e-05 2.242147433148580275e-05 3.721549023967265721e-05 8.205898661159536560e-05
3.390698580218760867e+02 2.247651540634993308e-05 2.247596570044626282e-05 3.732510282533123633e-05 8.227758393212743562e-05
3.394487070252524745e+02 2.253120765377964054e-05 2.253065594120203289e-05 3.743520033472363300e-05 8.249706392970531320e-05
3.398275560286289192e+02 2.258609975161742783e-05 2.258554602258533225e-05 3.754578563209995086e-05 8.271743140630271772e-05
3.402064050320053070e+02 2.264119267466150950e-05 2.264063691933478162e-05 3.765686160288630698e-05 8.293869119688259133e-05
3.405852540353816948e+02 2.269648740366029312e-05 2.269592961213872377e-05 3.776843115387300867e-05 8.316084816967202556e-05
3.409641030387580827e+02 2.275198492535592014e-05 2.275142508767883553e-05 3.788049721340466835e-05 8.338390722643942402e-05
3.413429520421344705e+02 2.280768623252831838e-05 2.280712433867410579e-05 3.799306273157215477e-05 8.360787330277457893e-05
3.417218010455108583e+02 2.286359232403956283e-05 2.286302836392523354e-05 3.810613068040668552e-05 8.383275136837148528e-05
3.421006500488873030e+02 2.291970420487867018e-05 2.291913816835940544e-05 3.821970405407595244e-05 8.405854642731402807e-05
3.424794990522636908e+02 2.297602288620669480e-05 2.297545476307539524e-05 3.833378586908212402e-05 8.428526351836421746e-05
3.428583480556400787e+02 2.303254938540232627e-05 2.303197916538913075e-05 3.844837916446221953e-05 8.451290771525367656e-05
3.432371970590164665e+02 2.308928472610778497e-05 2.308871239887964709e-05 3.856348700199021786e-05 8.474148412697764992e-05
3.436160460623928543e+02 2.314622993827516158e-05 2.314565549343533806e-05 3.867911246638159223e-05 8.497099789809208848e-05
3.439948950657692421e+02 2.320338605821314280e-05 2.320280948530073948e-05 3.879525866549981687e-05 8.520145420901368899e-05
3.443737440691456868e+02 2.326075412863414367e-05 2.326017541712366147e-05 3.891192873056511657e-05 8.543285827632292849e-05
3.447525930725220746e+02 2.331833519870182947e-05 2.331775433800263928e-05 3.902912581636535077e-05 8.566521535306982290e-05
3.451314420758984625e+02 2.337613032407910525e-05 2.337554730353500404e-05 3.914685310146924903e-05 8.589853072908335831e-05
3.455102910792748503e+02 2.343414056697645090e-05 2.343355537586513997e-05 3.926511378844176070e-05 8.613280973128334818e-05
3.458891400826512381e+02 2.349236699620071365e-05 2.349177962373333783e-05 3.938391110406175592e-05 8.636805772399580063e-05
3.462679890860276828e+02 2.355081068720434777e-05 2.355022112252498385e-05 3.950324829954206447e-05 8.660428010927138931e-05
3.466468380894040706e+02 2.360947272213502024e-05 2.360888095432015513e-05 3.962312865075170331e-05 8.684148232720687868e-05
3.470256870927804584e+02 2.366835418988570423e-05 2.366776020794376408e-05 3.974355545844068593e-05 8.707966985627015424e-05
3.474045360961568463e+02 2.372745618614519619e-05 2.372685997901602796e-05 3.986453204846701360e-05 8.731884821362823437e-05
3.477833850995332341e+02 2.378677981344906996e-05 2.378618137000339933e-05 3.998606177202626875e-05 8.755902295547873804e-05
3.481622341029096219e+02 2.384632618123105435e-05 2.384572549027001140e-05 4.010814800588348515e-05 8.780019967738455090e-05
3.485410831062860666e+02 2.390609640587493939e-05 2.390549345612947920e-05 4.023079415260769472e-05 8.804238401461210992e-05
3.489199321096624544e+02 2.396609161076677385e-05 2.396548639089722251e-05 4.035400364080871729e-05 8.828558164247272380e-05
3.492987811130388422e+02 2.402631292634779123e-05 2.402570542494323258e-05 4.047777992537681670e-05 8.852979827666783712e-05
3.496776301164152301e+02 2.408676149016749165e-05 2.408615169574528279e-05 4.060212648772470155e-05 8.877503967363747938e-05
3.500564791197916179e+02 2.414743844693742169e-05 2.414682634794263730e-05 4.072704683603216178e-05 8.902131163091221060e-05
3.504353281231680626e+02 2.420834494858536070e-05 2.420773053339024081e-05 4.085254450549343625e-05 8.926861998746903775e-05
3.508141771265444504e+02 2.426948215430987658e-05 2.426886541121327766e-05 4.097862305856712808e-05 8.951697062409028570e-05
3.511930261299208382e+02 2.433085123063558278e-05 2.433023214786241871e-05 4.110528608522891864e-05 8.976636946372691336e-05
3.515718751332972261e+02 2.439245335146869012e-05 2.439183191716937655e-05 4.123253720322699880e-05 9.001682247186506885e-05
3.519507241366736139e+02 2.445428969815313796e-05 2.445366590040302647e-05 4.136038005834026489e-05 9.026833565689642593e-05
3.523295731400500017e+02 2.451636145952722684e-05 2.451573528632601542e-05 4.148881832463921840e-05 9.052091507049246405e-05
3.527084221434264464e+02 2.457866983198072204e-05 2.457804127125190621e-05 4.161785570474988116e-05 9.077456680798250263e-05
3.530872711468028342e+02 2.464121601951245859e-05 2.464058505910273169e-05 4.174749593012045480e-05 9.102929700873565186e-05
3.534661201501792220e+02 2.470400123378853924e-05 2.470336786146720291e-05 4.187774276129096866e-05 9.128511185654670742e-05
3.538449691535556099e+02 2.476702669420095926e-05 2.476639089765933729e-05 4.200859998816582107e-05 9.154201758002612440e-05
3.542238181569319977e+02 2.483029362792677682e-05 2.482965539477763578e-05 4.214007143028932259e-05 9.180002045299373180e-05
3.546026671603083855e+02 2.489380326998788637e-05 2.489316258776478507e-05 4.227216093712424108e-05 9.205912679487691930e-05
3.549815161636848302e+02 2.495755686331118850e-05 2.495691371946792575e-05 4.240487238833345711e-05 9.231934297111257814e-05
3.553603651670612180e+02 2.502155565878943063e-05 2.502091004069938792e-05 4.253820969406464154e-05 9.258067539355346008e-05
3.557392141704376058e+02 2.508580091534254230e-05 2.508515281029808413e-05 4.267217679523816544e-05 9.284313052087879187e-05
3.561180631738139937e+02 2.515029389997949576e-05 2.514964329519134281e-05 4.280677766383809995e-05 9.310671485900892837e-05
3.564969121771903815e+02 2.521503588786077970e-05 2.521438277045738542e-05 4.294201630320644840e-05 9.337143496152461352e-05
3.568757611805668262e+02 2.528002816236139813e-05 2.527937251938829823e-05 4.307789674834072594e-05 9.363729743009041552e-05
3.572546101839432140e+02 2.534527201513442503e-05 2.534461383355359032e-05 4.321442306619457490e-05 9.390430891488259365e-05
3.576334591873196018e+02 2.541076874617516875e-05 2.541010801286439869e-05 4.335159935598217494e-05 9.417247611502173560e-05
3.580123081906959897e+02 2.547651966388593612e-05 2.547585636563815071e-05 4.348942974948551940e-05 9.444180577900960962e-05
3.583911571940723775e+02 2.554252608514131844e-05 2.554186020866393137e-05 4.362791841136552721e-05 9.471230470517078719e-05
3.587700061974487653e+02 2.560878933535408380e-05 2.560812086726832826e-05 4.376706953947639370e-05 9.498397974209880576e-05
3.591488552008252100e+02 2.567531074854174371e-05 2.567463967538201168e-05 4.390688736518351257e-05 9.525683778910726458e-05
3.595277042042015978e+02 2.574209166739360768e-05 2.574141797560675196e-05 4.404737615368493507e-05 9.553088579668529809e-05
3.599065532075779856e+02 2.580913344333855930e-05 2.580845711928322610e-05 4.418854020433657642e-05 9.580613076695836182e-05
3.602854022109543735e+02 2.587643743661337465e-05 2.587575846655930896e-05 4.433038385098081040e-05 9.608257975415350417e-05
3.606642512143307613e+02 2.594400501633171134e-05 2.594332338645906241e-05 4.447291146227902805e-05 9.636023986506980180e-05
3.610431002177071491e+02 2.601183756055368046e-05 2.601115325695228689e-05 4.461612744204771321e-05 9.663911825955368733e-05
3.614219492210835938e+02 2.607993645635611643e-05 2.607924946502482514e-05 4.476003622959853642e-05 9.691922215097946783e-05
3.618007982244599816e+02 2.614830309990342282e-05 2.614761340674933690e-05 4.490464230008200637e-05 9.720055880673476271e-05
3.621796472278363694e+02 2.621693889651913648e-05 2.621624648735691723e-05 4.504995016483536325e-05 9.748313554871141696e-05
3.625584962312127573e+02 2.628584526075810829e-05 2.628515012130924340e-05 4.519596437173404322e-05 9.776695975380138813e-05
3.629373452345891451e+02 2.635502361647934800e-05 2.635432573237141970e-05 4.534268950554748646e-05 9.805203885439824399e-05
3.633161942379655898e+02 2.642447539691957382e-05 2.642377475368551347e-05 4.549013018829869926e-05 9.833838033890378316e-05
3.636950432413419776e+02 2.649420204476737517e-05 2.649349862784469757e-05 4.563829107962804455e-05 9.862599175224011729e-05
3.640738922447183654e+02 2.656420501223815485e-05 2.656349880696822301e-05 4.578717687716124714e-05 9.891488069636762161e-05
3.644527412480947532e+02 2.663448576114968092e-05 2.663377675277693357e-05 4.593679231688147841e-05 9.920505483080810307e-05
3.648315902514711411e+02 2.670504576299838069e-05 2.670433393666957333e-05 4.608714217350571679e-05 9.949652187317366064e-05
3.652104392548475289e+02 2.677588649903633940e-05 2.677517183979974809e-05 4.623823126086559402e-05 9.978928959970167134e-05
3.655892882582239736e+02 2.684700946034899684e-05 2.684629195315365249e-05 4.639006443229230054e-05 1.000833658457949533e-04
3.659681372616003614e+02 2.691841614793356231e-05 2.691769577762846122e-05 4.654264658100618676e-05 1.003787585065682171e-04
3.663469862649767492e+02 2.699010807277822571e-05 2.698938482411150289e-05 4.669598264051076885e-05 1.006754755374004941e-04
3.667258352683531371e+02 2.706208675594203614e-05 2.706136061356017249e-05 4.685007758499132899e-05 1.009735249544935410e-04
3.671046842717295249e+02 2.713435372863551236e-05 2.713362467708253846e-05 4.700493642971791320e-05 1.012729148354359640e-04
3.674835332751059127e+02 2.720691053230208330e-05 2.720617855601875268e-05 4.716056423145328284e-05 1.015736533197741188e-04
3.678623822784823574e+02 2.727975871870026719e-05 2.727902380202319578e-05 4.731696608886549414e-05 1.018757486095889469e-04
3.682412312818587452e+02 2.735289984998653850e-05 2.735216197714740498e-05 4.747414714294505175e-05 1.021792089700789918e-04
3.686200802852351330e+02 2.742633549879910964e-05 2.742559465392379491e-05 4.763211257742734785e-05 1.024840427301502456e-04
3.689989292886115209e+02 2.750006724834239710e-05 2.749932341545013384e-05 4.779086761921964800e-05 1.027902582830121756e-04
3.693777782919879087e+02 2.757409669247234141e-05 2.757334985547483654e-05 4.795041753883324062e-05 1.030978640867804186e-04
3.697566272953643534e+02 2.764842543578246902e-05 2.764767557848307023e-05 4.811076765082059406e-05 1.034068686650861299e-04
3.701354762987407412e+02 2.772305509369082165e-05 2.772230219978361615e-05 4.827192331421755524e-05 1.037172806076919998e-04
3.705143253021171290e+02 2.779798729252773258e-05 2.779723134559664927e-05 4.843388993299101674e-05 1.040291085711153986e-04
3.708931743054935168e+02 2.787322366962433147e-05 2.787246465314227692e-05 4.859667295649151017e-05 1.043423612792581220e-04
3.712720233088699047e+02 2.794876587340198082e-05 2.794800377072992792e-05 4.876027787991129523e-05 1.046570475240432107e-04
3.716508723122462925e+02 2.802461556346252570e-05 2.802385035784859204e-05 4.892471024474780183e-05 1.049731761660589128e-04
3.720297213156227372e+02 2.810077441067941411e-05 2.810000608525795059e-05 4.908997563927264924e-05 1.052907561352100173e-04
3.724085703189991250e+02 2.817724409728965092e-05 2.817647263508030664e-05 4.925607969900604551e-05 1.056097964313760065e-04
3.727874193223755128e+02 2.825402631698669702e-05 2.825325170089348074e-05 4.942302810719693994e-05 1.059303061250771211e-04
3.731662683257519006e+02 2.833112277501415120e-05 2.833034498782451317e-05 4.959082659530891508e-05 1.062522943581475828e-04
3.735451173291282885e+02 2.840853518826045855e-05 2.840775421264430119e-05 4.975948094351159457e-05 1.065757703444163509e-04
3.739239663325046763e+02 2.848626528535440840e-05 2.848548110386313082e-05 4.992899698117828517e-05 1.069007433703958346e-04
3.743028153358811210e+02 2.856431480676162150e-05 2.856352740182715051e-05 5.009938058738927697e-05 1.072272227959780456e-04
3.746816643392575088e+02 2.864268550488186733e-05 2.864189485881568165e-05 5.027063769144116091e-05 1.075552180551387065e-04
3.750605133426338966e+02 2.872137914414749950e-05 2.872058523913963705e-05 5.044277427336251596e-05 1.078847386566496525e-04
3.754393623460102845e+02 2.880039750112264331e-05 2.879960031924067460e-05 5.061579636443548494e-05 1.082157941847988096e-04
3.758182113493866723e+02 2.887974236460345736e-05 2.887894188779149954e-05 5.078971004772368612e-05 1.085483943001186430e-04
3.761970603527631170e+02 2.895941553571928958e-05 2.895861174579697982e-05 5.096452145860667064e-05 1.088825487401229400e-04
3.765759093561395048e+02 2.903941882803485992e-05 2.903861170669632546e-05 5.114023678532047862e-05 1.092182673200516572e-04
3.769547583595158926e+02 2.911975406765345605e-05 2.911894359646626724e-05 5.131686226950509352e-05 1.095555599336248066e-04
3.773336073628922804e+02 2.920042309332105746e-05 2.919960925372517066e-05 5.149440420675825935e-05 1.098944365538044875e-04
3.777124563662686683e+02 2.928142775653149965e-05 2.928061052983821369e-05 5.167286894719614877e-05 1.102349072335658621e-04
3.780913053696450561e+02 2.936276992163267511e-05 2.936194928902356065e-05 5.185226289602068537e-05 1.105769821066769144e-04
3.784701543730215008e+02 2.944445146593378470e-05 2.944362740845957968e-05 5.203259251409403531e-05 1.109206713884873963e-04
3.788490033763978886e+02 2.952647427981353756e-05 2.952564677839306979e-05 5.221386431851969908e-05 1.112659853767262997e-04
3.792278523797742764e+02 2.960884026682955730e-05 2.960800930224863654e-05 5.239608488323115867e-05 1.116129344523093559e-04
3.796067013831506642e+02 2.969155134382871992e-05 2.969071689673904012e-05 5.257926083958734177e-05 1.119615290801551018e-04
3.799855503865270521e+02 2.977460944105866738e-05 2.977377149197665132e-05 5.276339887697560757e-05 1.123117798100109195e-04
3.803643993899034399e+02 2.985801650228032066e-05 2.985717503158601883e-05 5.294850574342192898e-05 1.126636972772882786e-04
3.807432483932798846e+02 2.994177448488163972e-05 2.994092947281754783e-05 5.313458824620887432e-05 1.130172922039080619e-04
3.811220973966562724e+02 3.002588535999228120e-05 3.002503678666222552e-05 5.332165325250072437e-05 1.133725753991552277e-04
3.815009464000326602e+02 3.011035111259965555e-05 3.010949895796757655e-05 5.350970768997695821e-05 1.137295577605441802e-04
3.818797954034090480e+02 3.019517374166590565e-05 3.019431798555468569e-05 5.369875854747292856e-05 1.140882502746935301e-04
3.822586444067854359e+02 3.028035526024611869e-05 3.027949588233644704e-05 5.388881287562877713e-05 1.144486640182113327e-04
3.826374934101618805e+02 3.036589769560778159e-05 3.036503467543686012e-05 5.407987778754646114e-05 1.148108101585910995e-04
3.830163424135382684e+02 3.045180308935121211e-05 3.045093640631161012e-05 5.427196045945465385e-05 1.151746999551174727e-04
3.833951914169146562e+02 3.053807349753147739e-05 3.053720313086987463e-05 5.446506813138226450e-05 1.155403447597836097e-04
3.837740404202910440e+02 3.062471099078125438e-05 3.062383691959717725e-05 5.465920810784008298e-05 1.159077560182185146e-04
3.841528894236674319e+02 3.071171765443503538e-05 3.071083985767967449e-05 5.485438775851108462e-05 1.162769452706257809e-04
3.845317384270438197e+02 3.079909558865462105e-05 3.079821404512947256e-05 5.505061451894927298e-05 1.166479241527333666e-04
3.849105874304202644e+02 3.088684690855568406e-05 3.088596159691135706e-05 5.524789589128738606e-05 1.170207043967544272e-04
3.852894364337966522e+02 3.097497374433579303e-05 3.097408464307066788e-05 5.544623944495333034e-05 1.173952978323597777e-04
3.856682854371730400e+02 3.106347824140361558e-05 3.106258532886254958e-05 5.564565281739584403e-05 1.177717163876620092e-04
3.860471344405494278e+02 3.115236256050943591e-05 3.115146581488244200e-05 5.584614371481911861e-05 1.181499720902109897e-04
3.864259834439258157e+02 3.124162887787690574e-05 3.124072827719785814e-05 5.604771991292675803e-05 1.185300770680015219e-04
3.868048324473022035e+02 3.133127938533630623e-05 3.133037490748155819e-05 5.625038925767515013e-05 1.189120435504930078e-04
3.871836814506786482e+02 3.142131629045894848e-05 3.142040791314598371e-05 5.645415966603635873e-05 1.192958838696412977e-04
3.875625304540550360e+02 3.151174181669299688e-05 3.151082951747906759e-05 5.665903912677069899e-05 1.196816104609427635e-04
3.879413794574314238e+02 3.160255820350072917e-05 3.160164195978148045e-05 5.686503570120919935e-05 1.200692358644914225e-04
3.883202284608078116e+02 3.169376770649713810e-05 3.169284749550516458e-05 5.707215752404592969e-05 1.204587727260482324e-04
3.886990774641841995e+02 3.178537259758982061e-05 3.178444839639331122e-05 5.728041280414050744e-05 1.208502337981236393e-04
3.890779264675606441e+02 3.187737516512050012e-05 3.187644695062180828e-05 5.748980982533084946e-05 1.212436319410731646e-04
3.894567754709370320e+02 3.196977771400780238e-05 3.196884546294194169e-05 5.770035694725619661e-05 1.216389801242059475e-04
3.898356244743134198e+02 3.206258256589154923e-05 3.206164625482480434e-05 5.791206260619106180e-05 1.220362914269074086e-04
3.902144734776898076e+02 3.215579205927859060e-05 3.215485166460702640e-05 5.812493531588943041e-05 1.224355790397750610e-04
3.905933224810661955e+02 3.224940854968994425e-05 3.224846404763790833e-05 5.833898366844019585e-05 1.228368562657680620e-04
3.909721714844425833e+02 3.234343440980960932e-05 3.234248577642825478e-05 5.855421633513340992e-05 1.232401365213712944e-04
3.913510204878190279e+02 3.243787202963484354e-05 3.243691924080058394e-05 5.877064206733789714e-05 1.236454333377733246e-04
3.917298694911954158e+02 3.253272381662787019e-05 3.253176684804086848e-05 5.898826969739000227e-05 1.240527603620587274e-04
3.921087184945718036e+02 3.262799219586935370e-05 3.262703102305198401e-05 5.920710813949413547e-05 1.244621313584154800e-04
3.924875674979481914e+02 3.272367961021327795e-05 3.272271420850853316e-05 5.942716639063491159e-05 1.248735602093567227e-04
3.928664165013245793e+02 3.281978852044343051e-05 3.281881886501337048e-05 5.964845353150100558e-05 1.252870609169578066e-04
3.932452655047009671e+02 3.291632140543160128e-05 3.291534747125575368e-05 5.987097872742135432e-05 1.257026476041087093e-04
3.936241145080774118e+02 3.301328076229733972e-05 3.301230252417107367e-05 6.009475122931336595e-05 1.261203345157817658e-04
3.940029635114537996e+02 3.311066910656925696e-05 3.310968653910216356e-05 6.031978037464355688e-05 1.265401360203149842e-04
3.943818125148301874e+02 3.320848897234826607e-05 3.320750204996251851e-05 6.054607558840095527e-05 1.269620666107117331e-04
3.947606615182065752e+02 3.330674291247220453e-05 3.330575160940089794e-05 6.077364638408320324e-05 1.273861409059562854e-04
3.951395105215829631e+02 3.340543349868244229e-05 3.340443778896789285e-05 6.100250236469554075e-05 1.278123736523458691e-04
3.955183595249594077e+02 3.350456332179195339e-05 3.350356317928405173e-05 6.123265322376315227e-05 1.282407797248391709e-04
3.958972085283357956e+02 3.360413499185531210e-05 3.360313039020974791e-05 6.146410874635657132e-05 1.286713741284216178e-04
3.962760575317121834e+02 3.370415113834047797e-05 3.370314205101703240e-05 6.169687881013127448e-05 1.291041719994887916e-04
3.966549065350885712e+02 3.380461441030218689e-05 3.380360081056303168e-05 6.193097338638038076e-05 1.295391886072456197e-04
3.970337555384649590e+02 3.390552747655739530e-05 3.390450933746523609e-05 6.216640254110177076e-05 1.299764393551244021e-04
3.974126045418413469e+02 3.400689302586233718e-05 3.400587032027867879e-05 6.240317643607914467e-05 1.304159397822201606e-04
3.977914535452177915e+02 3.410871376709156651e-05 3.410768646767491048e-05 6.264130532997793386e-05 1.308577055647444176e-04
3.981703025485941794e+02 3.421099242941883607e-05 3.420996050862285779e-05 6.288079957945521214e-05 1.313017525174968924e-04
3.985491515519705672e+02 3.431373176249991421e-05 3.431269519257159272e-05 6.312166964028516542e-05 1.317480965953566588e-04
3.989280005553469550e+02 3.441693453665727878e-05 3.441589328963505360e-05 6.336392606849911675e-05 1.321967538947914356e-04
3.993068495587233429e+02 3.452060354306676920e-05 3.451955759077864300e-05 6.360757952154121801e-05 1.326477406553866370e-04
3.996856985620997307e+02 3.462474159394618353e-05 3.462369090800787217e-05 6.385264075943949675e-05 1.331010732613935592e-04
4.000645475654761754e+02 3.472935152274596245e-05 3.472829607455888925e-05 6.409912064599285425e-05 1.335567682432977060e-04
4.004433965688525632e+02 3.483443618434174362e-05 3.483337594509116909e-05 6.434703014997402847e-05 1.340148422794069276e-04
4.008222455722289510e+02 3.493999845522911146e-05 3.493893339588213429e-05 6.459638034634888784e-05 1.344753121974601336e-04
4.012010945756053388e+02 3.504604123372031209e-05 3.504497132502389052e-05 6.484718241751232686e-05 1.349381949762565227e-04
4.015799435789817267e+02 3.515256744014308248e-05 3.515149265262204880e-05 6.509944765454081777e-05 1.354035077473059558e-04
4.019587925823581713e+02 3.525958001704162761e-05 3.525850032099663500e-05 6.535318745846225522e-05 1.358712677965005246e-04
4.023376415857345592e+02 3.536708192937967123e-05 3.536599729488515409e-05 6.560841334154276876e-05 1.363414925658075873e-04
4.027164905891109470e+02 3.547507616474576312e-05 3.547398656164787707e-05 6.586513692859168208e-05 1.368141996549853290e-04
4.030953395924873348e+02 3.558356573356073434e-05 3.558247113147526238e-05 6.612336995828392799e-05 1.372894068233199247e-04
4.034741885958637226e+02 3.569255366928736844e-05 3.569145403759760673e-05 6.638312428450066441e-05 1.377671319913856599e-04
4.038530375992401105e+02 3.580204302864234937e-05 3.580093833649693885e-05 6.664441187768861989e-05 1.382473932428279013e-04
4.042318866026165551e+02 3.591203689181043891e-05 3.591092710812129174e-05 6.690724482623788426e-05 1.387302088261696217e-04
4.046107356059929430e+02 3.602253836266101211e-05 3.602142345610102132e-05 6.717163533787868623e-05 1.392155971566407197e-04
4.049895846093693308e+02 3.613355056896693066e-05 3.613243050796784237e-05 6.743759574109803908e-05 1.397035768180328189e-04
4.053684336127457186e+02 3.624507666262573362e-05 3.624395141537588381e-05 6.770513848657530565e-05 1.401941665645769163e-04
4.057472826161221064e+02 3.635711981988322031e-05 3.635598935432527828e-05 6.797427614863824118e-05 1.406873853228467262e-04
4.061261316194984943e+02 3.646968324155951320e-05 3.646854752538823186e-05 6.824502142673918880e-05 1.411832521936869339e-04
4.065049806228749389e+02 3.658277015327753316e-05 3.658162915393741804e-05 6.851738714695153603e-05 1.416817864541664940e-04
4.068838296262513268e+02 3.669638380569386683e-05 3.669523749037686532e-05 6.879138626348766555e-05 1.421830075595583841e-04
4.072626786296277146e+02 3.681052747473241213e-05 3.680937581037554182e-05 6.906703186023776338e-05 1.426869351453457038e-04
4.076415276330041024e+02 3.692520446182022615e-05 3.692404741510320988e-05 6.934433715233036526e-05 1.431935890292538216e-04
4.080203766363804903e+02 3.704041809412619867e-05 3.703925563146907932e-05 6.962331548771477684e-05 1.437029892133100616e-04
4.083992256397569349e+02 3.715617172480227364e-05 3.715500381236292723e-05 6.990398034876595037e-05 1.442151558859311716e-04
4.087780746431333228e+02 3.727246873322717099e-05 3.727129533689889433e-05 7.018634535391164177e-05 1.447301094240377071e-04
4.091569236465097106e+02 3.738931252525302913e-05 3.738813361066205292e-05 7.047042425928331177e-05 1.452478703951983938e-04
4.095357726498860984e+02 3.750670653345454780e-05 3.750552206595751588e-05 7.075623096038960544e-05 1.457684595598016759e-04
4.099146216532624862e+02 3.762465421738099054e-05 3.762346416206243234e-05 7.104377949381417221e-05 1.462918978732575951e-04
4.102934706566388741e+02 3.774315906381090445e-05 3.774196338548063288e-05 7.133308403893741953e-05 1.468182064882289704e-04
4.106723196600153187e+02 3.786222458700963853e-05 3.786102325020021569e-05 7.162415891968289153e-05 1.473474067568927457e-04
4.110511686633917066e+02 3.798185432898976225e-05 3.798064729795380245e-05 7.191701860628850300e-05 1.478795202332320745e-04
4.114300176667680944e+02 3.810205185977435052e-05 3.810083909848192499e-05 7.221167771710348255e-05 1.484145686753597648e-04
4.118088666701444822e+02 3.822282077766314852e-05 3.822160224979910201e-05 7.250815102041065891e-05 1.489525740478729230e-04
4.121877156735208700e+02 3.834416470950176558e-05 3.834294037846295162e-05 7.280645343627512056e-05 1.494935585242398242e-04
4.125665646768972579e+02 3.846608731095375568e-05 3.846485713984636000e-05 7.310660003841970925e-05 1.500375444892198249e-04
4.129454136802737025e+02 3.858859226677586931e-05 3.858735621841257731e-05 7.340860605612745603e-05 1.505845545413159094e-04
4.133242626836500904e+02 3.871168329109615129e-05 3.871044132799339693e-05 7.371248687617121720e-05 1.511346114952607654e-04
4.137031116870264782e+02 3.883536412769547424e-05 3.883411621207059395e-05 7.401825804477201441e-05 1.516877383845380962e-04
4.140819606904028660e+02 3.895963855029193831e-05 3.895838464406027759e-05 7.432593526958514401e-05 1.522439584639373531e-04
4.144608096937792538e+02 3.908451036282855750e-05 3.908325042760061127e-05 7.463553442171568181e-05 1.528032952121448438e-04
4.148396586971556985e+02 3.920998339976425269e-05 3.920871739684268380e-05 7.494707153776305792e-05 1.533657723343699944e-04
4.152185077005320863e+02 3.933606152636788734e-05 3.933478941674461949e-05 7.526056282189551500e-05 1.539314137650080151e-04
4.155973567039084742e+02 3.946274863901596901e-05 3.946147038336915105e-05 7.557602464795561538e-05 1.545002436703407558e-04
4.159762057072848620e+02 3.959004866549337322e-05 3.958876422418437720e-05 7.589347356159559070e-05 1.550722864512733411e-04
4.163550547106612498e+02 3.971796556529766538e-05 3.971667489836800340e-05 7.621292628244502804e-05 1.556475667461106765e-04
4.167339037140376377e+02 3.984650332994679067e-05 3.984520639711501810e-05 7.653439970631005203e-05 1.562261094333718472e-04
4.171127527174140823e+02 3.997566598329028065e-05 3.997436274394885195e-05 7.685791090740518212e-05 1.568079396346443079e-04
4.174916017207904702e+02 4.010545758182390233e-05 4.010414799503602686e-05 7.718347714061804120e-05 1.573930827174779704e-04
4.178704507241668580e+02 4.023588221500808154e-05 4.023456623950452519e-05 7.751111584380786419e-05 1.579815642983204912e-04
4.182492997275432458e+02 4.036694400558980258e-05 4.036562159976559447e-05 7.784084464013819968e-05 1.585734102454935967e-04
4.186281487309196336e+02 4.049864710992814669e-05 4.049731823183934690e-05 7.817268134044423828e-05 1.591686466822117454e-04
4.190069977342960215e+02 4.063099571832367945e-05 4.062966032568405189e-05 7.850664394563545880e-05 1.597672999896432105e-04
4.193858467376724661e+02 4.076399405535158541e-05 4.076265210552924357e-05 7.884275064913440559e-05 1.603693968100152346e-04
4.197646957410488540e+02 4.089764638019844847e-05 4.089629783021244693e-05 7.918101983935184069e-05 1.609749640497627429e-04
4.201435447444252418e+02 4.103195698700317918e-05 4.103060179352012552e-05 7.952147010219935534e-05 1.615840288827226465e-04
4.205223937478016296e+02 4.116693020520168942e-05 4.116556832453221375e-05 7.986412022363954897e-05 1.621966187533734386e-04
4.209012427511780174e+02 4.130257039987551761e-05 4.130120178797080314e-05 8.020898919227491426e-05 1.628127613801212486e-04
4.212800917545544621e+02 4.143888197210459420e-05 4.143750658455282648e-05 8.055609620197568574e-05 1.634324847586331132e-04
4.216589407579308499e+02 4.157586935932393741e-05 4.157448715134670614e-05 8.090546065454758693e-05 1.640558171652182237e-04
4.220377897613072378e+02 4.171353703568467903e-05 4.171214796213333918e-05 8.125710216244026230e-05 1.646827871602582873e-04
4.224166387646836256e+02 4.185188951241910848e-05 4.185049352777109403e-05 8.161104055149688173e-05 1.653134235916870842e-04
4.227954877680600134e+02 4.199093133820997240e-05 4.198952839656513037e-05 8.196729586374532409e-05 1.659477555985204404e-04
4.231743367714364012e+02 4.213066709956420595e-05 4.212925715464098137e-05 8.232588836023268836e-05 1.665858126144378892e-04
4.235531857748128459e+02 4.227110142119087889e-05 4.226968442632251328e-05 8.268683852390279324e-05 1.672276243714161854e-04
4.239320347781892337e+02 4.241223896638351911e-05 4.241081487451423552e-05 8.305016706251780391e-05 1.678732209034155653e-04
4.243108837815656216e+02 4.255408443740717287e-05 4.255265320108827945e-05 8.341589491162527319e-05 1.685226325501207323e-04
4.246897327849420094e+02 4.269664257588968656e-05 4.269520414727560572e-05 8.378404323757052954e-05 1.691758899607358354e-04
4.250685817883183972e+02 4.283991816321775897e-05 4.283847249406207001e-05 8.415463344055579417e-05 1.698330240978356367e-04
4.254474307916947851e+02 4.298391602093758109e-05 4.298246306258898835e-05 8.452768715774675902e-05 1.704940662412733285e-04
4.258262797950712297e+02 4.312864101116028711e-05 4.312718071455853386e-05 8.490322626642720857e-05 1.711590479921460295e-04
4.262051287984476176e+02 4.327409803697197929e-05 4.327263035264369389e-05 8.528127288720293209e-05 1.718280012768186120e-04
4.265839778018240054e+02 4.342029204284884191e-05 4.341881692090345175e-05 8.566184938725548211e-05 1.725009583510077825e-04
4.269628268052003932e+02 4.356722801507710021e-05 4.356574540520246773e-05 8.604497838364697177e-05 1.731779518039265262e-04
4.273416758085767810e+02 4.371491098217777688e-05 4.371342083363606611e-05 8.643068274667629035e-05 1.738590145624901333e-04
4.277205248119532257e+02 4.386334601533674088e-05 4.386184827696001964e-05 8.681898560328845835e-05 1.745441798955852189e-04
4.280993738153296135e+02 4.401253822883970291e-05 4.401103284902557885e-05 8.720991034053714912e-05 1.752334814184024377e-04
4.284782228187060014e+02 4.416249278051251668e-05 4.416097970721969887e-05 8.760348060910243696e-05 1.759269530968346593e-04
4.288570718220823892e+02 4.431321487216663689e-05 4.431169405291046350e-05 8.799972032686356857e-05 1.766246292519406554e-04
4.292359208254587770e+02 4.446470975004989670e-05 4.446318113189785581e-05 8.839865368252850604e-05 1.773265445644762518e-04
4.296147698288351648e+02 4.461698270530283476e-05 4.461544623486986174e-05 8.880030513932140679e-05 1.780327340794941101e-04
4.299936188322116095e+02 4.477003907442030117e-05 4.476849469786425205e-05 8.920469943872852859e-05 1.787432332110130886e-04
4.303724678355879973e+02 4.492388423971868075e-05 4.492233190273554823e-05 8.961186160430342675e-05 1.794580777467576693e-04
4.307513168389643852e+02 4.507852362980882890e-05 4.507696327762805992e-05 9.002181694553426270e-05 1.801773038529711651e-04
4.311301658423407730e+02 4.523396272007460450e-05 4.523239429745424845e-05 9.043459106177166508e-05 1.809009480793005113e-04
4.315090148457171608e+02 4.539020703315723045e-05 4.538863048437905348e-05 9.085020984622058603e-05 1.816290473637568700e-04
4.318878638490936055e+02 4.554726213944546828e-05 4.554567740831006763e-05 9.126869948999617949e-05 1.823616390377517222e-04
4.322667128524699933e+02 4.570513365757176939e-05 4.570354068739357247e-05 9.169008648624465041e-05 1.830987608312099923e-04
4.326455618558463811e+02 4.586382725491449779e-05 4.586222598851669358e-05 9.211439763433174456e-05 1.838404508777629156e-04
4.330244108592227690e+02 4.602334864810616347e-05 4.602173902781564739e-05 9.254166004409825562e-05 1.845867477200200529e-04
4.334032598625991568e+02 4.618370360354792371e-05 4.618208557119006638e-05 9.297190114018492120e-05 1.853376903149229181e-04
4.337821088659755446e+02 4.634489793793031189e-05 4.634327143482377525e-05 9.340514866642787330e-05 1.860933180391819537e-04
4.341609578693519893e+02 4.650693751876042398e-05 4.650530248571181483e-05 9.384143069032586297e-05 1.868536706947981018e-04
4.345398068727283771e+02 4.666982826489532568e-05 4.666818464219388312e-05 9.428077560758011300e-05 1.876187885146693218e-04
4.349186558761047650e+02 4.683357614708239170e-05 4.683192387449454575e-05 9.472321214670944125e-05 1.883887121682863651e-04
4.352975048794811528e+02 4.699818718850594016e-05 4.699652620526982978e-05 9.516876937374041086e-05 1.891634827675161808e-04
4.356763538828575406e+02 4.716366746534074488e-05 4.716199771016062756e-05 9.561747669697531261e-05 1.899431418724766918e-04
4.360552028862339284e+02 4.733002310731240531e-05 4.732834451835303953e-05 9.606936387183835884e-05 1.907277314975038105e-04
4.364340518896103731e+02 4.749726029826451299e-05 4.749557281314549328e-05 9.652446100580301647e-05 1.915172941172130227e-04
4.368129008929867609e+02 4.766538527673291957e-05 4.766368883252288278e-05 9.698279856339981481e-05 1.923118726726556239e-04
4.371917498963631488e+02 4.783440433652722830e-05 4.783269886973801928e-05 9.744440737130859924e-05 1.931115105775738604e-04
4.375705988997395366e+02 4.800432382731929901e-05 4.800260927390006166e-05 9.790931862353505449e-05 1.939162517247544084e-04
4.379494479031159244e+02 4.817515015523920688e-05 4.817342645057041430e-05 9.837756388667393697e-05 1.947261404924835785e-04
4.383282969064923691e+02 4.834688978347862810e-05 4.834515686236601104e-05 9.884917510526031723e-05 1.955412217511049496e-04
4.387071459098687569e+02 4.851954923290166581e-05 4.851780702957005981e-05 9.932418460721086540e-05 1.963615408696825775e-04
4.390859949132451447e+02 4.869313508266348231e-05 4.869138353075067488e-05 9.980262510935657551e-05 1.971871437227707259e-04
4.394648439166215326e+02 4.886765397083652743e-05 4.886589300338693579e-05 1.002845297230690023e-04 1.980180766972924520e-04
4.398436929199979204e+02 4.904311259504469519e-05 4.904134214450302367e-05 1.007699319599814200e-04 1.988543866995291321e-04
4.402225419233743082e+02 4.921951771310545610e-05 4.921773771131024514e-05 1.012588657378070981e-04 1.996961211622227993e-04
4.406013909267507529e+02 4.939687614368016834e-05 4.939508652185723510e-05 1.017513653862566468e-04 2.005433280517940570e-04
4.409802399301271407e+02 4.957519476693226308e-05 4.957339545568815553e-05 1.022474656530554879e-04 2.013960558756758929e-04
4.413590889335035286e+02 4.975448052519427275e-05 4.975267145450953406e-05 1.027472017100652333e-04 2.022543536897690604e-04
4.417379379368799164e+02 4.993474042364285525e-05 4.993292152286531535e-05 1.032506091595085910e-04 2.031182711060167752e-04
4.421167869402563042e+02 5.011598153098267491e-05 5.011415272882051151e-05 1.037577240403021224e-04 2.039878583001052885e-04
4.424956359436326920e+02 5.029821098013874679e-05 5.029637220465362786e-05 1.042685828344971618e-04 2.048631660192895229e-04
4.428744849470091367e+02 5.048143596895787489e-05 5.047958714755783002e-05 1.047832224738324500e-04 2.057442455903481346e-04
4.432533339503855245e+02 5.066566376091864189e-05 5.066380482035105564e-05 1.053016803463993080e-04 2.066311489276690056e-04
4.436321829537619124e+02 5.085090168585102132e-05 5.084903255219530127e-05 1.058239943034233483e-04 2.075239285414696641e-04
4.440110319571383002e+02 5.103715714066466995e-05 5.103527773932505033e-05 1.063502026661629010e-04 2.084226375461526348e-04
4.443898809605146880e+02 5.122443759008690360e-05 5.122254784578500497e-05 1.068803442329283423e-04 2.093273296688002712e-04
4.447687299638911327e+02 5.141275056741006480e-05 5.141085040417739946e-05 1.074144582862237066e-04 2.102380592578111844e-04
4.451475789672675205e+02 5.160210367524837043e-05 5.160019301641878694e-05 1.079525846000129694e-04 2.111548812916801132e-04
4.455264279706439083e+02 5.179250458630486957e-05 5.179058335450680743e-05 1.084947634471147664e-04 2.120778513879264366e-04
4.459052769740202962e+02 5.198396104414790167e-05 5.198202916129674095e-05 1.090410356067260790e-04 2.130070258121707352e-04
4.462841259773966840e+02 5.217648086399797659e-05 5.217453825128800805e-05 1.095914423720792906e-04 2.139424614873652820e-04
4.466629749807730718e+02 5.237007193352455478e-05 5.236811851142109906e-05 1.101460255582345233e-04 2.148842160031801704e-04
4.470418239841495165e+02 5.256474221365344587e-05 5.256277790188472200e-05 1.107048275100097639e-04 2.158323476255479250e-04
4.474206729875259043e+02 5.276049973938443940e-05 5.275852445693345359e-05 1.112678911100521256e-04 2.167869153063700389e-04
4.477995219909022921e+02 5.295735262061996733e-05 5.295536628571610363e-05 1.118352597870531865e-04 2.177479786933892575e-04
4.481783709942786800e+02 5.315530904300424261e-05 5.315331157311496202e-05 1.124069775241102895e-04 2.187155981402294806e-04
4.485572199976550678e+02 5.335437726877361256e-05 5.335236858059588778e-05 1.129830888672384638e-04 2.196898347166079709e-04
4.489360690010314556e+02 5.355456563761791674e-05 5.355254564706964668e-05 1.135636389340341767e-04 2.206707502187217401e-04
4.493149180044079003e+02 5.375588256755333756e-05 5.375385118976462628e-05 1.141486734224959274e-04 2.216584071798139116e-04
4.496937670077842881e+02 5.395833655580650610e-05 5.395629370511077912e-05 1.147382386200030275e-04 2.226528688809203331e-04
4.500726160111606760e+02 5.416193617971056136e-05 5.415988176963566167e-05 1.153323814124579318e-04 2.236541993618041616e-04
4.504514650145370638e+02 5.436669009761287819e-05 5.436462404087189117e-05 1.159311492935932199e-04 2.246624634320779892e-04
4.508303140179134516e+02 5.457260704979470111e-05 5.457052925827689466e-05 1.165345903744486342e-04 2.256777266825202299e-04
4.512091630212898963e+02 5.477969585940336845e-05 5.477760624416476724e-05 1.171427533930205744e-04 2.267000554965886965e-04
4.515880120246662841e+02 5.498796543339636787e-05 5.498586390465036818e-05 1.177556877240875440e-04 2.277295170621342936e-04
4.519668610280426719e+02 5.519742476349857164e-05 5.519531123060641395e-05 1.183734433892167401e-04 2.287661793833217121e-04
4.523457100314190598e+02 5.540808292717181832e-05 5.540595729863280239e-05 1.189960710669533039e-04 2.298101112927579382e-04
4.527245590347954476e+02 5.561994908859754555e-05 5.561781127203930646e-05 1.196236221031979656e-04 2.308613824638348108e-04
4.531034080381718354e+02 5.583303249967276524e-05 5.583088240184127165e-05 1.202561485217761581e-04 2.319200634232902085e-04
4.534822570415482801e+02 5.604734250101912375e-05 5.604518002776867614e-05 1.208937030352029256e-04 2.329862255639907390e-04
4.538611060449246679e+02 5.626288852300572471e-05 5.626071357928865541e-05 1.215363390556473242e-04 2.340599411579417043e-04
4.542399550483010557e+02 5.647968008678575500e-05 5.647749257664214187e-05 1.221841107061018186e-04 2.351412833695297087e-04
4.546188040516774436e+02 5.669772680534693437e-05 5.669552663189411114e-05 1.228370728317590595e-04 2.362303262690001050e-04
4.549976530550538314e+02 5.691703838457631040e-05 5.691482544999824147e-05 1.234952810116025468e-04 2.373271448461771122e-04
4.553765020584302192e+02 5.713762462433943267e-05 5.713539882987593208e-05 1.241587915702141605e-04 2.384318150244295320e-04
4.557553510618066639e+02 5.735949541957419080e-05 5.735725666551005989e-05 1.248276615898040887e-04 2.395444136748883530e-04
4.561342000651830517e+02 5.758266076139940438e-05 5.758040894705333904e-05 1.255019489224675703e-04 2.406650186309203070e-04
4.565130490685594395e+02 5.780713073823884926e-05 5.780486576195228618e-05 1.261817122026740368e-04 2.417937087028651857e-04
4.568918980719358274e+02 5.803291553696029997e-05 5.803063729608599192e-05 1.268670108599924201e-04 2.429305636930387052e-04
4.572707470753122152e+02 5.826002544403025934e-05 5.825773383492085031e-05 1.275579051320590782e-04 2.440756644110101878e-04
4.576495960786886599e+02 5.848847084668461216e-05 5.848616576468094834e-05 1.282544560777924305e-04 2.452290926891580181e-04
4.580284450820650477e+02 5.871826223411516249e-05 5.871594357353446096e-05 1.289567255908608630e-04 2.463909313985104864e-04
4.584072940854414355e+02 5.894941019867279322e-05 5.894707785279670208e-05 1.296647764134085923e-04 2.475612644648780944e-04
4.587861430888178234e+02 5.918192543708690202e-05 5.917957929814934387e-05 1.303786721500458312e-04 2.487401768852820906e-04
4.591649920921942112e+02 5.941581875170192723e-05 5.941345871087679340e-05 1.310984772821079168e-04 2.499277547446866104e-04
4.595438410955705990e+02 5.965110105173081429e-05 5.964872699911954399e-05 1.318242571821908577e-04 2.511240852330412499e-04
4.599226900989470437e+02 5.988778335452605981e-05 5.988539517914492108e-05 1.325560781289685278e-04 2.523292566626395223e-04
4.603015391023234315e+02 6.012587678686808260e-05 6.012347437663545323e-05 1.332940073222973652e-04 2.535433584858008942e-04
4.606803881056998193e+02 6.036539258627206673e-05 6.036297582799542388e-05 1.340381128986164062e-04 2.547664813128838832e-04
4.610592371090762072e+02 6.060634210231258555e-05 6.060391088167530556e-05 1.347884639466478886e-04 2.559987169306357458e-04
4.614380861124525950e+02 6.084873679796684007e-05 6.084629099951493054e-05 1.355451305234055238e-04 2.572401583208872673e-04
4.618169351158289828e+02 6.109258825097694547e-05 6.109012775810544532e-05 1.363081836705177022e-04 2.584908996796001336e-04
4.621957841192054275e+02 6.133790815523105556e-05 6.133543285017040115e-05 1.370776954308724636e-04 2.597510364362739339e-04
4.625746331225818153e+02 6.158470832216398261e-05 6.158221808596601478e-05 1.378537388655911428e-04 2.610206652737211402e-04
4.629534821259582031e+02 6.183300068217773254e-05 6.183049539470180528e-05 1.386363880713395002e-04 2.622998841482190651e-04
4.633323311293345910e+02 6.208279728608198276e-05 6.208027682598047552e-05 1.394257181979818947e-04 2.635887923100443259e-04
4.637111801327109788e+02 6.233411030655484127e-05 6.233157455125876622e-05 1.402218054665878213e-04 2.648874903244014152e-04
4.640900291360874235e+02 6.258695203962449027e-05 6.258440086532884199e-05 1.410247271877989195e-04 2.661960800927522654e-04
4.644688781394638113e+02 6.284133490617171416e-05 6.283876818782054832e-05 1.418345617805633638e-04 2.675146648745556398e-04
4.648477271428401991e+02 6.309727145345404387e-05 6.309468906472542036e-05 1.426513887912479891e-04 2.688433493094274668e-04
4.652265761462165869e+02 6.335477435665142257e-05 6.335217616994213183e-05 1.434752889131350110e-04 2.701822394397285654e-04
4.656054251495929748e+02 6.361385642043416533e-05 6.361124230684417000e-05 1.443063440063136122e-04 2.715314427335919611e-04
4.659842741529693626e+02 6.387453058055314484e-05 6.387190040986987242e-05 1.451446371179744175e-04 2.728910681083974348e-04
4.663631231563458073e+02 6.413680990545300297e-05 6.413416354613551648e-05 1.459902525031175121e-04 2.742612259547060451e-04
4.667419721597221951e+02 6.440070759790848288e-05 6.439804491707112292e-05 1.468432756456818067e-04 2.756420281606613990e-04
4.671208211630985829e+02 6.466623699668443744e-05 6.466355786008055916e-05 1.477037932801082470e-04 2.770335881368732843e-04
4.674996701664749708e+02 6.493341157821952740e-05 6.493071585022493935e-05 1.485718934133441844e-04 2.784360208417886512e-04
4.678785191698513586e+02 6.520224495833477495e-05 6.519953250193074418e-05 1.494476653473009978e-04 2.798494428075665305e-04
4.682573681732277464e+02 6.547275089396640342e-05 6.547002157072270129e-05 1.503311997017753472e-04 2.812739721664644791e-04
4.686362171766041911e+02 6.574494328492419635e-05 6.574219695498169705e-05 1.512225884378449829e-04 2.827097286777508628e-04
4.690150661799805789e+02 6.601883617567513201e-05 6.601607269772832983e-05 1.521219248817495720e-04 2.841568337551530609e-04
4.693939151833569667e+02 6.629444375715355382e-05 6.629166298843266027e-05 1.530293037492703664e-04 2.856154104948565534e-04
4.697727641867333546e+02 6.657178036859733451e-05 6.656898216485028052e-05 1.539448211706170616e-04 2.870855837040646496e-04
4.701516131901097424e+02 6.685086049941111816e-05 6.684804471488519045e-05 1.548685747158377000e-04 2.885674799301340358e-04
4.705304621934861871e+02 6.713169879105699265e-05 6.712886527848034807e-05 1.558006634207614882e-04 2.900612274902988289e-04
4.709093111968625749e+02 6.741431003897278211e-05 6.741145864953551473e-05 1.567411878134877530e-04 2.915669565019960363e-04
4.712881602002389627e+02 6.769870919451898938e-05 6.769583977785410280e-05 1.576902499414370841e-04 2.930847989138102034e-04
4.716670092036153505e+02 6.798491136695413112e-05 6.798202377111813119e-05 1.586479533989731191e-04 2.946148885370453814e-04
4.720458582069917384e+02 6.827293182543950887e-05 6.827002589689275258e-05 1.596144033556134837e-04 2.961573610779457723e-04
4.724247072103681262e+02 6.856278600107368738e-05 6.855986158466054192e-05 1.605897065848421398e-04 2.977123541705763285e-04
4.728035562137445709e+02 6.885448948895734407e-05 6.885154642788584450e-05 1.615739714935376676e-04 2.992800074103808697e-04
4.731824052171209587e+02 6.914805805028850327e-05 6.914509618611001018e-05 1.625673081520329338e-04 3.008604623884314337e-04
4.735612542204973465e+02 6.944350761448979511e-05 6.944052678707809663e-05 1.635698283248231935e-04 3.024538627263910853e-04
4.739401032238737344e+02 6.974085428136669548e-05 6.973785432889705504e-05 1.645816455019353120e-04 3.040603541121990761e-04
4.743189522272501222e+02 7.004011432329880699e-05 7.003709508222646907e-05 1.656028749309775667e-04 3.056800843365028563e-04
4.746978012306265100e+02 7.034130418746367967e-05 7.033826549250228057e-05 1.666336336498853445e-04 3.073132033298513048e-04
4.750766502340029547e+02 7.064444049809437734e-05 7.064138218219389524e-05 1.676740405203805428e-04 3.089598632006688018e-04
4.754554992373793425e+02 7.094954005877078984e-05 7.094646195309531865e-05 1.687242162621617491e-04 3.106202182740278712e-04
4.758343482407557303e+02 7.125661985474611405e-05 7.125352178865123069e-05 1.697842834878452855e-04 3.122944251312426709e-04
4.762131972441321182e+02 7.156569705530815134e-05 7.156257885631797135e-05 1.708543667386738677e-04 3.139826426503000310e-04
4.765920462475085060e+02 7.187678901617672257e-05 7.187365050996064389e-05 1.719345925210134796e-04 3.156850320471508596e-04
4.769708952508849507e+02 7.218991328193751216e-05 7.218675429228659315e-05 1.730250893436582763e-04 3.174017569178823545e-04
4.773497442542613385e+02 7.250508758851288357e-05 7.250190793731603120e-05 1.741259877559630045e-04 3.191329832817918922e-04
4.777285932576377263e+02 7.282232986567096708e-05 7.281912937289050170e-05 1.752374203868260608e-04 3.208788796253875296e-04
4.781074422610141141e+02 7.314165823957266750e-05 7.313843672321986055e-05 1.763595219845430560e-04 3.226396169473355570e-04
4.784862912643905020e+02 7.346309103535809623e-05 7.345984831146813872e-05 1.774924294575531655e-04 3.244153688043793868e-04
4.788651402677668898e+02 7.378664677977268512e-05 7.378338266237939862e-05 1.786362819161027148e-04 3.262063113582548256e-04
4.792439892711433345e+02 7.411234420383394433e-05 7.410905850494412602e-05 1.797912207148484435e-04 3.280126234236265545e-04
4.796228382745197223e+02 7.444020224553921658e-05 7.443689477510655064e-05 1.809573894964242719e-04 3.298344865170699984e-04
4.800016872778961101e+02 7.477024005261579667e-05 7.476691061851448107e-05 1.821349342359986762e-04 3.316720849071289404e-04
4.803805362812724979e+02 7.510247698531330766e-05 7.509912539331131502e-05 1.833240032868460915e-04 3.335256056654706735e-04
4.807593852846488858e+02 7.543693261923981117e-05 7.543355867297163464e-05 1.845247474269598258e-04 3.353952387191712716e-04
4.811382342880252736e+02 7.577362674824209888e-05 7.577023024918133533e-05 1.857373199067341061e-04 3.372811769041575403e-04
4.815170832914017183e+02 7.611257938733103257e-05 7.610916013476231538e-05 1.869618764977427135e-04 3.391836160198360615e-04
4.818959322947781061e+02 7.645381077565248850e-05 7.645036856664329825e-05 1.881985755426429120e-04 3.411027548849386581e-04
4.822747812981544939e+02 7.679734137950550523e-05 7.679387600887734348e-05 1.894475780062364106e-04 3.430387953946192458e-04
4.826536303015308818e+02 7.714319189540732311e-05 7.713970315570661514e-05 1.907090475277145179e-04 3.449919425788284697e-04
4.830324793049072696e+02 7.749138325320711809e-05 7.748787093467574970e-05 1.919831504741224826e-04 3.469624046620053233e-04
4.834113283082837143e+02 7.784193661924893113e-05 7.783840050979420270e-05 1.932700559950735930e-04 3.489503931241166998e-04
4.837901773116601021e+02 7.819487339958447101e-05 7.819131328474879402e-05 1.945699360787462413e-04 3.509561227630794656e-04
4.841690263150364899e+02 7.855021524323745725e-05 7.854663090616752230e-05 1.958829656092014361e-04 3.529798117586064156e-04
4.845478753184128777e+02 7.890798404551930016e-05 7.890437526693491971e-05 1.972093224250518828e-04 3.550216817375060892e-04
4.849267243217892656e+02 7.926820195139820484e-05 7.926456850956065450e-05 1.985491873795227995e-04 3.570819578404816588e-04
4.853055733251656534e+02 7.963089135892176707e-05 7.962723302960165257e-05 1.999027444019407080e-04 3.591608687904641276e-04
4.856844223285420981e+02 7.999607492269471438e-05 7.999239147913948615e-05 2.012701805606894494e-04 3.612586469625236364e-04
4.860632713319184859e+02 8.036377555741211769e-05 8.036006677031316532e-05 2.026516861276729693e-04 3.633755284553982388e-04
4.864421203352948737e+02 8.073401644145009265e-05 8.073028207890921596e-05 2.040474546443279968e-04 3.655117531646873055e-04
4.868209693386712615e+02 8.110682102051386898e-05 8.110306084800945089e-05 2.054576829892271401e-04 3.676675648577504328e-04
4.871998183420476494e+02 8.148221301134512488e-05 8.147842679169788418e-05 2.068825714473169044e-04 3.698432112503598863e-04
4.875786673454240372e+02 8.186021640548946760e-05 8.185640389882758831e-05 2.083223237808372807e-04 3.720389440851543366e-04
4.879575163488004819e+02 8.224085547312499531e-05 8.223701643684887654e-05 2.097771473019680618e-04 3.742550192119419201e-04
4.883363653521768697e+02 8.262415476695310563e-05 8.262028895569973198e-05 2.112472529472501871e-04 3.764916966699030382e-04
4.887152143555532575e+02 8.301013912615338053e-05 8.300624629176001491e-05 2.127328553538342928e-04 3.787492407717477018e-04
4.890940633589296453e+02 8.339883368040246637e-05 8.339491357187011234e-05 2.142341729376031712e-04 3.810279201898757228e-04
4.894729123623060332e+02 8.379026385395930694e-05 8.378631621741552060e-05 2.157514279732264937e-04 3.833280080446013348e-04
4.898517613656824778e+02 8.418445536981742099e-05 8.418047994847877046e-05 2.172848466761971315e-04 3.856497819944933094e-04
4.902306103690588657e+02 8.458143425392555218e-05 8.457743078805937242e-05 2.188346592869093530e-04 3.879935243288942640e-04
4.906094593724352535e+02 8.498122683947812817e-05 8.497719506636422146e-05 2.204011001568362542e-04 3.903595220626786310e-04
4.909883083758116413e+02 8.538385977127674841e-05 8.537979942516812275e-05 2.219844078368645617e-04 3.927480670333094058e-04
4.913671573791880292e+02 8.578936001016392054e-05 8.578527082224737886e-05 2.235848251678505588e-04 3.951594560002618176e-04
4.917460063825644170e+02 8.619775483753067157e-05 8.619363653588684533e-05 2.252025993734609413e-04 3.975939907468784311e-04
4.921248553859408617e+02 8.660907185989932138e-05 8.660492416946217564e-05 2.268379821553643042e-04 4.000519781847258283e-04
4.925037043893172495e+02 8.702333901358265183e-05 8.701916165609850239e-05 2.284912297908406711e-04 4.025337304605218253e-04
4.928825533926936373e+02 8.744058456942154498e-05 8.743637726340770962e-05 2.301626032328824923e-04 4.050395650657117198e-04
4.932614023960700251e+02 8.786083713760171388e-05 8.785659959830466217e-05 2.318523682128554176e-04 4.075698049487618208e-04
4.936402513994464130e+02 8.828412567255187050e-05 8.827985761190481793e-05 2.335607953457980173e-04 4.101247786302547192e-04
4.940191004028228008e+02 8.871047947792432009e-05 8.870618060450451050e-05 2.352881602384352875e-04 4.127048203208641452e-04
4.943979494061992455e+02 8.913992821165998782e-05 8.913559823064544732e-05 2.370347435999885038e-04 4.153102700422939253e-04
4.947767984095756333e+02 8.957250189113901610e-05 8.956814050426480545e-05 2.388008313558615708e-04 4.179414737512653923e-04
4.951556474129520211e+02 9.000823089841943970e-05 9.000383780393367641e-05 2.405867147642935864e-04 4.205987834666467026e-04
4.955344964163284089e+02 9.044714598556452155e-05 9.044272087818379206e-05 2.423926905360608878e-04 4.232825573998092285e-04
4.959133454197047968e+02 9.088927828006151391e-05 9.088482085092597406e-05 2.442190609573252884e-04 4.259931600883127764e-04
4.962921944230812414e+02 9.133465929033311877e-05 9.133016922696110638e-05 2.460661340157195543e-04 4.287309625330137930e-04
4.966710434264576293e+02 9.178332091134298930e-05 9.177879789758548767e-05 2.479342235297684271e-04 4.314963423386969040e-04
4.970498924298340171e+02 9.223529543029875520e-05 9.223073914629326033e-05 2.498236492817506888e-04 4.342896838583427043e-04
4.974287414332104049e+02 9.269061553245246370e-05 9.268602565457660755e-05 2.517347371540988696e-04 4.371113783411279680e-04
4.978075904365867927e+02 9.314931430700168870e-05 9.314469050782663202e-05 2.536678192694528521e-04 4.399618240842811728e-04
4.981864394399631806e+02 9.361142525309288016e-05 9.360676720133632588e-05 2.556232341344737060e-04 4.428414265889028985e-04
4.985652884433396252e+02 9.407698228592918991e-05 9.407228964640813906e-05 2.576013267875382619e-04 4.457505987198756179e-04
4.989441374467160131e+02 9.454601974298404790e-05 9.454129217656750126e-05 2.596024489504276142e-04 4.486897608699791633e-04
4.993229864500924009e+02 9.501857239032428346e-05 9.501380955388556379e-05 2.616269591841436704e-04 4.516593411283535177e-04
4.997018354534687887e+02 9.549467542904313045e-05 9.548987697541213692e-05 2.636752230489713814e-04 4.546597754534266759e-04
5.000806844568451766e+02 9.597436450180617923e-05 9.596953007972162833e-05 2.657476132689268948e-04 4.576915078504547024e-04
5.004595334602215644e+02 9.645767569951299938e-05 9.645280495357455737e-05 2.678445099007262893e-04 4.607549905538138460e-04
5.008383824635980091e+02 9.694464556807570721e-05 9.693973813869616329e-05 2.699663005074182760e-04 4.638506842141901601e-04
5.012172314669743969e+02 9.743531111531758158e-05 9.743036663867506164e-05 2.721133803368265829e-04 4.669790580908192261e-04
5.015960804703507847e+02 9.792970981799420805e-05 9.792472792598463243e-05 2.742861525049600452e-04 4.701405902489388857e-04
5.019749294737271725e+02 9.842787962893908952e-05 9.842285994912871206e-05 2.764850281845405099e-04 4.733357677626083386e-04
5.023537784771035604e+02 9.892985898433663701e-05 9.892480113991505841e-05 2.787104267988199115e-04 4.765650869230715798e-04
5.027326274804800050e+02 9.943568681112519697e-05 9.943059042085863571e-05 2.809627762208533790e-04 4.798290534528371846e-04
5.031114764838563929e+02 9.994540253453222927e-05 9.994026721271748366e-05 2.832425129784017911e-04 4.831281827256514905e-04
5.034903254872327807e+02 1.004590460857455390e-04 1.004538714421643965e-04 2.855500824646547086e-04 4.864629999925646712e-04
5.038691744906091685e+02 1.009766579097219445e-04 1.009714435495964312e-04 2.878859391549514380e-04 4.898340406142698408e-04
5.042480234939855563e+02 1.014982789731369187e-04 1.014930244970853893e-04 2.902505468297057918e-04 4.932418502999280727e-04
5.046268724973619442e+02 1.020239507724783753e-04 1.020186557764726055e-04 2.926443788037324666e-04 4.966869853526834338e-04
5.050057215007383888e+02 1.025537153422869573e-04 1.025483794176106734e-04 2.950679181621892219e-04 5.001700129220868797e-04
5.053845705041147767e+02 1.030876152635462037e-04 1.030822379967546011e-04 2.975216580033495338e-04 5.036915112636503522e-04
5.057634195074911645e+02 1.036256936722259675e-04 1.036202746451072351e-04 3.000061016884384454e-04 5.072520700057717158e-04
5.061422685108675523e+02 1.041679942679817967e-04 1.041625330575201858e-04 3.025217630987609785e-04 5.108522904242629881e-04
5.065211175142439401e+02 1.047145613230136921e-04 1.047090575013547552e-04 3.050691669003705205e-04 5.144927857247390355e-04
5.068999665176203848e+02 1.052654396910878088e-04 1.052598928255060214e-04 3.076488488165308901e-04 5.181741813331246661e-04
5.072788155209967726e+02 1.058206748167241605e-04 1.058150844695930252e-04 3.102613559082322372e-04 5.218971151945494364e-04
5.076576645243731605e+02 1.063803127445544507e-04 1.063746784733198252e-04 3.129072468630389806e-04 5.256622380809132565e-04
5.080365135277495483e+02 1.069444001288529140e-04 1.069387214860093895e-04 3.155870922925474507e-04 5.294702139074097813e-04
5.084153625311259361e+02 1.075129842432439643e-04 1.075072607763153900e-04 3.183014750387517708e-04 5.333217200583111658e-04
5.087942115345023240e+02 1.080861129905911756e-04 1.080803442421149655e-04 3.210509904896210651e-04 5.372174477223271927e-04
5.091730605378787686e+02 1.086638349130703880e-04 1.086580204205868274e-04 3.238362469042099486e-04 5.411581022378671776e-04
5.095519095412551565e+02 1.092461992024312334e-04 1.092403384984780447e-04 3.266578657476237641e-04 5.451444034485330558e-04
5.099307585446315443e+02 1.098332557104521383e-04 1.098273483225647383e-04 3.295164820361932631e-04 5.491770860692101125e-04
5.103096075480079321e+02 1.104250549595911594e-04 1.104191004103096253e-04 3.324127446932044830e-04 5.532569000631052270e-04
5.106884565513843199e+02 1.110216481538380619e-04 1.110156459607214430e-04 3.353473169155591163e-04 5.573846110301186076e-04
5.110673055547607078e+02 1.116230871897720429e-04 1.116170368654207084e-04 3.383208765517502648e-04 5.615610006069430161e-04
5.114461545581371524e+02 1.122294246678287875e-04 1.122233257199160448e-04 3.413341164915537572e-04 5.657868668792985761e-04
5.118250035615135403e+02 1.128407139037820482e-04 1.128345658350956811e-04 3.443877450678479481e-04 5.700630248067256774e-04
5.122038525648898712e+02 1.134570089404443539e-04 1.134508112489397762e-04 3.474824864710026728e-04 5.743903066603867893e-04
5.125827015682663159e+02 1.140783645595918390e-04 1.140721167384574439e-04 3.506190811762808514e-04 5.787695624743301615e-04
5.129615505716427606e+02 1.147048362941164006e-04 1.146985378318532504e-04 3.537982863847197071e-04 5.832016605106893174e-04
5.133403995750190916e+02 1.153364804404129933e-04 1.153301308209300931e-04 3.570208764779895182e-04 5.876874877393325775e-04
5.137192485783955362e+02 1.159733540710059766e-04 1.159669527737329639e-04 3.602876434877311327e-04 5.922279503324701273e-04
5.140980975817718672e+02 1.166155150474176594e-04 1.166090615474368869e-04 3.635993975798920631e-04 5.968239741747466366e-04
5.144769465851483119e+02 1.172630220332891254e-04 1.172565158014894822e-04 3.669569675546342194e-04 6.014765053894128135e-04
5.148557955885247566e+02 1.179159345077534463e-04 1.179093750110086412e-04 3.703612013623583062e-04 6.061865108811203802e-04
5.152346445919010876e+02 1.185743127790716113e-04 1.185676994804452366e-04 3.738129666364643452e-04 6.109549788959811253e-04
5.156134935952775322e+02 1.192382179985349266e-04 1.192315503575158648e-04 3.773131512434628465e-04 6.157829195995136650e-04
5.159923425986538632e+02 1.199077121746381801e-04 1.199009896474099882e-04 3.808626638510722987e-04 6.206713656731204128e-04
5.163711916020303079e+02 1.205828581875343741e-04 1.205760802272825053e-04 3.844624345150036960e-04 6.256213729298205212e-04
5.167500406054067525e+02 1.212637198037716079e-04 1.212568858610328095e-04 3.881134152851065848e-04 6.306340209499110023e-04
5.171288896087830835e+02 1.219503616913231148e-04 1.219434712143827206e-04 3.918165808316341090e-04 6.357104137373400122e-04
5.175077386121595282e+02 1.226428494349156447e-04 1.226359018702579253e-04 3.955729290923834453e-04 6.408516803975570966e-04
5.178865876155358592e+02 1.233412495516603526e-04 1.233342443444787682e-04 3.993834819414979480e-04 6.460589758376370688e-04
5.182654366189123039e+02 1.240456295069987023e-04 1.240385661017733216e-04 4.032492858807895826e-04 6.513334814895615794e-04
5.186442856222886348e+02 1.247560577309636282e-04 1.247489355721140487e-04 4.071714127544182721e-04 6.566764060574959219e-04
5.190231346256650795e+02 1.254726036347706753e-04 1.254654221673941205e-04 4.111509604878675096e-04 6.620889862900323055e-04
5.194019836290415242e+02 1.261953376277391147e-04 1.261880962984438068e-04 4.151890538521287553e-04 6.675724877783116226e-04
5.197808326324178552e+02 1.269243311345570233e-04 1.269170293924034058e-04 4.192868452541086729e-04 6.731282057810691020e-04
5.201596816357942998e+02 1.276596566128952595e-04 1.276522939104590031e-04 4.234455155542834505e-04 6.787574660776377403e-04
5.205385306391706308e+02 1.284013875713765961e-04 1.283939633659480790e-04 4.276662749126580081e-04 6.844616258499826560e-04
5.209173796425470755e+02 1.291495985879144307e-04 1.291421123428528257e-04 4.319503636641915437e-04 6.902420745949588814e-04
5.212962286459235202e+02 1.299043653284213452e-04 1.298968165146834801e-04 4.362990532248250107e-04 6.961002350679298088e-04
5.216750776492998511e+02 1.306657645659035319e-04 1.306581526637693705e-04 4.407136470293698816e-04 7.020375642590427840e-04
5.220539266526762958e+02 1.314338741999470511e-04 1.314261987009675975e-04 4.451954815025312693e-04 7.080555544034458637e-04
5.224327756560526268e+02 1.322087732766028575e-04 1.322010336857987287e-04 4.497459270643922513e-04 7.141557340267938375e-04
5.228116246594290715e+02 1.329905420086856943e-04 1.329827378470290757e-04 4.543663891717992717e-04 7.203396690275140147e-04
5.231904736628055161e+02 1.337792617964901880e-04 1.337713926037052735e-04 4.590583093970744565e-04 7.266089637972699723e-04
5.235693226661818471e+02 1.345750152489394046e-04 1.345670805866616801e-04 4.638231665456239521e-04 7.329652623812249555e-04
5.239481716695582918e+02 1.353778862051737536e-04 1.353698856605121167e-04 4.686624778140408899e-04 7.394102496797267873e-04
5.243270206729346228e+02 1.361879597565890518e-04 1.361798929461384162e-04 4.735777999903656552e-04 7.459456526930931773e-04
5.247058696763110675e+02 1.370053222693395716e-04 1.369971888436958922e-04 4.785707306983033983e-04 7.525732418113388351e-04
5.250847186796873984e+02 1.378300614073105245e-04 1.378218610561424238e-04 4.836429096871988891e-04 7.592948321506518645e-04
5.254635676830638431e+02 1.386622661555784607e-04 1.386539986133113753e-04 4.887960201697464074e-04 7.661122849386362704e-04
5.258424166864402878e+02 1.395020268443644663e-04 1.394936918965309009e-04 4.940317902094114961e-04 7.730275089503068362e-04
5.262212656898166188e+02 1.403494351734972884e-04 1.403410326638029405e-04 4.993519941597260965e-04 7.800424619970263524e-04
5.266001146931930634e+02 1.412045842373973374e-04 1.411961140755388453e-04 5.047584541576616811e-04 7.871591524705978367e-04
5.269789636965693944e+02 1.420675685505907288e-04 1.420590307208417671e-04 5.102530416733958626e-04 7.943796409448283585e-04
5.273578126999458391e+02 1.429384840737733949e-04 1.429298786443188691e-04 5.158376791189566010e-04 8.017060418370489192e-04
5.277366617033222838e+02 1.438174282404302000e-04 1.438087553733743268e-04 5.215143415182574077e-04 8.091405251320619345e-04
5.281155107066986147e+02 1.447044999840293056e-04 1.446957599459198823e-04 5.272850582412555182e-04 8.166853181712047062e-04
5.284943597100750594e+02 1.455997997658034417e-04 1.455909929383896254e-04 5.331519148050335288e-04 8.243427075092265958e-04
5.288732087134513904e+02 1.465034296031287903e-04 1.464945564938927665e-04 5.391170547447540675e-04 8.321150408417756243e-04
5.292520577168278351e+02 1.474154930985227313e-04 1.474065543502714611e-04 5.451826815576355911e-04 8.400047290064297564e-04
5.296309067202042797e+02 1.483360954692674173e-04 1.483270918677175802e-04 5.513510607231632060e-04 8.480142480601481764e-04
5.300097557235806107e+02 1.492653435776791532e-04 1.492562760554914632e-04 5.576245218030063478e-04 8.561461414361769100e-04
5.303886047269570554e+02 1.502033459620373773e-04 1.501942155971193189e-04 5.640054606242268223e-04 8.644030221833835185e-04
5.307674537303333864e+02 1.511502128681833815e-04 1.511410208732692133e-04 5.704963415495454626e-04 8.727875752909980845e-04
5.311463027337098310e+02 1.521060562818115920e-04 1.520968039813350950e-04 5.770996998386896835e-04 8.813025601018363705e-04
5.315251517370861620e+02 1.530709899614587520e-04 1.530616787506041874e-04 5.838181441049449362e-04 8.899508128170078485e-04
5.319040007404626067e+02 1.540451294722161037e-04 1.540357607518919405e-04 5.906543588713769784e-04 8.987352490954850226e-04
5.322828497438390514e+02 1.550285922201714015e-04 1.550191673007669097e-04 5.976111072312915084e-04 9.076588667522298738e-04
5.326616987472153824e+02 1.560214974876075354e-04 1.560120174542390596e-04 6.046912336178678635e-04 9.167247485597144856e-04
5.330405477505918270e+02 1.570239664689772807e-04 1.570144320022512439e-04 6.118976666880933217e-04 9.259360651593218734e-04
5.334193967539681580e+02 1.580361223076813331e-04 1.580265334577853997e-04 6.192334223264282355e-04 9.352960780918949954e-04
5.337982457573446027e+02 1.590580901336963312e-04 1.590484460529509900e-04 6.267016067740090917e-04 9.448081429606564399e-04
5.341770947607210474e+02 1.600899971020940116e-04 1.600802957526319646e-04 6.343054198894293710e-04 9.544757127441553472e-04
5.345559437640973783e+02 1.611319724325196122e-04 1.611222103009760760e-04 6.420481585476067819e-04 9.643023412811024429e-04
5.349347927674738230e+02 1.621841474496888563e-04 1.621743193168915956e-04 6.499332201835187695e-04 9.742916869500991943e-04
5.353136417708501540e+02 1.632466556249532823e-04 1.632367544499389715e-04 6.579641064879185580e-04 9.844475165628108117e-04
5.356924907742265987e+02 1.643196326189617289e-04 1.643096495954874964e-04 6.661444272625186838e-04 9.947737094769678549e-04
5.360713397776030433e+02 1.654032163253839316e-04 1.653931411488249756e-04 6.744779044422570232e-04 1.005274261916465958e-03
5.364501887809793743e+02 1.664975469156289301e-04 1.664873682581835166e-04 6.829683762926801183e-04 1.015953291466492429e-03
5.368290377843558190e+02 1.676027668844562869e-04 1.675924730261943766e-04 6.916198017907848952e-04 1.026815041701435640e-03
5.372078867877321500e+02 1.687190210963953913e-04 1.687086006166010487e-04 7.004362651981939445e-04 1.037863886911190303e-03
5.375867357911085946e+02 1.698464568329657702e-04 1.698358992484821721e-04 7.094219808363621182e-04 1.049104336917809979e-03
5.379655847944849256e+02 1.709852238407551933e-04 1.709745200936596337e-04 7.185812980741809351e-04 1.060541042008595735e-03
5.383444337978613703e+02 1.721354743805007467e-04 1.721246171193433459e-04 7.279187065393022491e-04 1.072178798039146288e-03
5.387232828012378150e+02 1.732973632773201632e-04 1.732863469266675499e-04 7.374388415650417030e-04 1.084022551769029362e-03
5.391021318046141459e+02 1.744710479722343295e-04 1.744598686263247221e-04 7.471464898854672260e-04 1.096077406484026332e-03
5.394809808079905906e+02 1.756566885750665942e-04 1.756453437730407310e-04 7.570465955917506573e-04 1.108348627939857983e-03
5.398598298113669216e+02 1.768544479187515392e-04 1.768429363611862318e-04 7.671442663634675096e-04 1.120841650643405281e-03
5.402386788147433663e+02 1.780644916150729183e-04 1.780528128707818301e-04 7.774447799893507418e-04 1.133562084475205544e-03
5.406175278181198109e+02 1.792869881118121711e-04 1.792751423478848702e-04 7.879535911926565522e-04 1.146515721652353621e-03
5.409963768214961419e+02 1.805221087513179457e-04 1.805100965039746702e-04 7.986763387774070688e-04 1.159708544032699712e-03
5.413752258248725866e+02 1.817700278304987726e-04 1.817578498225254217e-04 8.096188531126718817e-04 1.173146730765696130e-03
5.417540748282489176e+02 1.830309226622564534e-04 1.830185796651956332e-04 8.207871639731358646e-04 1.186836666300587978e-03
5.421329238316253623e+02 1.843049736383994396e-04 1.842924663736867567e-04 8.321875087554686003e-04 1.200784948767554851e-03
5.425117728350018069e+02 1.855923642940623584e-04 1.855796933658471388e-04 8.438263410910489546e-04 1.214998398750958587e-03
5.428906218383781379e+02 1.868932813736847289e-04 1.868804472261553599e-04 8.557103398770710178e-04 1.229484068476911079e-03
5.432694708417545826e+02 1.882079148985907205e-04 1.881949177914781326e-04 8.678464187493288573e-04 1.244249251439397738e-03
5.436483198451309136e+02 1.895364582362143503e-04 1.895232982332820180e-04 8.802417360214316588e-04 1.259301492490928027e-03
5.440271688485073582e+02 1.908791081710303468e-04 1.908657851374942406e-04 8.929037051169075832e-04 1.274648598425432225e-03
5.444060178518838029e+02 1.922360649772285204e-04 1.922225785830545446e-04 9.058400055221271221e-04 1.290298649082410268e-03
5.447848668552601339e+02 1.936075324931950913e-04 1.935938822200458382e-04 9.190585942899880383e-04 1.306260009003228995e-03
5.451637158586365786e+02 1.949937181978485452e-04 1.949799033480968918e-04 9.325677181260878150e-04 1.322541339672033116e-03
5.455425648620129095e+02 1.963948332888819240e-04 1.963808529955975092e-04 9.463759260911917479e-04 1.339151612375671235e-03
5.459214138653893542e+02 1.978110927629763577e-04 1.977969460001505306e-04 9.604920829561501604e-04 1.356100121719277076e-03
5.463002628687656852e+02 1.992427154980308600e-04 1.992284010905653261e-04 9.749253832475716659e-04 1.373396499836167933e-03
5.466791118721421299e+02 2.006899243374810570e-04 2.006754409706481656e-04 9.896853660253911167e-04 1.391050731333520231e-03
5.470579608755185745e+02 2.021529461767539832e-04 2.021382924049626374e-04 1.004781930435927470e-03 1.409073169017644117e-03
5.474368098788949055e+02 2.036320120519324547e-04 2.036171863067209040e-04 1.020225352087237008e-03 1.427474550445890448e-03
5.478156588822713502e+02 2.051273572306896802e-04 2.051123578279214247e-04 1.036026300296582960e-03 1.446266015355193984e-03
5.481945078856476812e+02 2.066392213055556119e-04 2.066240464518325664e-04 1.052195856263248150e-03 1.465459124020636328e-03
5.485733568890241258e+02 2.081678482895960795e-04 2.081524960879233672e-04 1.068745532223763610e-03 1.485065876601283138e-03
5.489522058924005705e+02 2.097134867145613842e-04 2.096979551693120612e-04 1.085687291650312518e-03 1.505098733534185936e-03
5.493310548957769015e+02 2.112763897315897074e-04 2.112606767528223811e-04 1.103033570557609196e-03 1.525570637042021312e-03
5.497099038991533462e+02 2.128568152145363481e-04 2.128409186217208751e-04 1.120797299987966308e-03 1.546495033824223531e-03
5.500887529025296772e+02 2.144550258660035181e-04 2.144389433912085316e-04 1.138991929749224230e-03 1.567885899006436334e-03
5.504676019059061218e+02 2.160712893261620938e-04 2.160550186167551549e-04 1.157631453485749281e-03 1.589757761428666448e-03
5.508464509092825665e+02 2.177058782844358239e-04 2.176894169053447963e-04 1.176730435168188990e-03 1.612125730357969692e-03
5.512252999126588975e+02 2.193590705941474693e-04 2.193424160297246421e-04 1.196304037094212281e-03 1.635005523718084447e-03
5.516041489160353422e+02 2.210311493902095993e-04 2.210142990457401380e-04 1.216368049499020340e-03 1.658413497934970024e-03
5.519829979194116731e+02 2.227224032099499795e-04 2.227053544128382051e-04 1.236938921881705665e-03 1.682366679504493714e-03
5.523618469227881178e+02 2.244331261171787230e-04 2.244158761178443955e-04 1.258033796161640069e-03 1.706882798396663296e-03
5.527406959261644488e+02 2.261636178295809894e-04 2.261461638020938907e-04 1.279670541787289190e-03 1.731980323418964070e-03
5.531195449295408935e+02 2.279141838495548429e-04 2.278965228920312974e-04 1.301867792929516923e-03 1.757678499671103036e-03
5.534983939329173381e+02 2.296851355985835843e-04 2.296672647333672216e-04 1.324644987901074135e-03 1.783997388233024995e-03
5.538772429362936691e+02 2.314767905552661520e-04 2.314587067289122140e-04 1.348022410955248933e-03 1.810957908239427434e-03
5.542560919396701138e+02 2.332894723971140432e-04 2.332711724801929799e-04 1.372021236628250592e-03 1.838581881505557507e-03
5.546349409430464448e+02 2.351235111462271835e-04 2.351049919329630455e-04 1.396663576802758145e-03 1.866892079881948482e-03
5.550137899464228894e+02 2.369792433189843006e-04 2.369605015267394713e-04 1.421972530684277635e-03 1.895912275530001407e-03
5.553926389497993341e+02 2.388570120798567888e-04 2.388380443484756357e-04 1.447972237896763114e-03 1.925667294325095593e-03
5.557714879531756651e+02 2.407571673994928396e-04 2.407379702905117647e-04 1.474687934920912739e-03 1.956183072610917506e-03
5.561503369565521098e+02 2.426800662171988527e-04 2.426606362129328520e-04 1.502146015116289507e-03 1.987486717546421266e-03
5.565291859599284408e+02 2.446260726079552508e-04 2.446064061104667839e-04 1.530374092588069950e-03 2.019606571306491877e-03
5.569080349633048854e+02 2.465955579541250203e-04 2.465756512840812614e-04 1.559401070180918341e-03 2.052572279419124894e-03
5.572868839666813301e+02 2.485889011219879542e-04 2.485687505174129838e-04 1.589257211905407670e-03 2.086414863544808554e-03
5.576657329700576611e+02 2.506064886432728231e-04 2.505860902581965493e-04 1.619974220128409361e-03 2.121166799029878570e-03
5.580445819734341057e+02 2.526487149018419461e-04 2.526280648048513937e-04 1.651585317886488519e-03 2.156862097593181642e-03
5.584234309768104367e+02 2.547159823256897886e-04 2.546950764983850870e-04 1.684125336711849883e-03 2.193536395535924596e-03
5.588022799801868814e+02 2.568087015844456754e-04 2.567875359198027504e-04 1.717630810394116334e-03 2.231227047898364652e-03
5.591811289835632124e+02 2.589272917925410263e-04 2.589058620931830568e-04 1.752140075137324435e-03 2.269973229023048572e-03
5.595599779869396571e+02 2.610721807182481429e-04 2.610504826946268659e-04 1.787693376612219413e-03 2.309816040025094476e-03
5.599388269903161017e+02 2.632438049987642355e-04 2.632218342672529971e-04 1.824332984447356656e-03 2.350798623713373781e-03
5.603176759936924327e+02 2.654426103615589944e-04 2.654203624424566793e-04 1.862103314751422994e-03 2.392966287555438505e-03
5.606965249970688774e+02 2.676690518521873132e-04 2.676465221676342914e-04 1.901051061311933351e-03 2.436366635331754793e-03
5.610753740004452084e+02 2.699235940687758723e-04 2.699007779405817459e-04 1.941225336173886019e-03 2.481049708183243746e-03
5.614542230038216530e+02 2.722067114034273125e-04 2.721836040508096490e-04 1.982677820366636565e-03 2.527068135820873581e-03
5.618330720071980977e+02 2.745188882907526572e-04 2.744954848279862231e-04 2.025462925617459858e-03 2.574477298736198468e-03
5.622119210105744287e+02 2.768606194637923570e-04 2.768369148977680902e-04 2.069637967968989290e-03 2.623335502330549629e-03
5.625907700139508734e+02 2.792324102175704420e-04 2.792083994452622679e-04 2.115263354303495436e-03 2.673704163966328200e-03
5.629696190173272043e+02 2.816347766805345643e-04 2.816104544863734581e-04 2.162402782872102549e-03 2.725648014039010626e-03
5.633484680207036490e+02 2.840682460941727143e-04 2.840436071473254618e-04 2.211123459032694836e-03 2.779235312274193175e-03
5.637273170240800937e+02 2.865333571010640536e-04 2.865083959526160606e-04 2.261496327515921494e-03 2.834538080569601499e-03
5.641061660274564247e+02 2.890306600416778508e-04 2.890053711217158800e-04 2.313596322668338024e-03 2.891632353831732026e-03
5.644850150308328693e+02 2.915607172602131445e-04 2.915350948748079811e-04 2.367502638264072732e-03 2.950598450399093912e-03
5.648638640342092003e+02 2.941241034197916563e-04 2.940981417478764730e-04 2.423299018634870843e-03 3.011521263802538918e-03
5.652427130375856450e+02 2.967214058273475916e-04 2.966950989174903870e-04 2.481074073044901504e-03 3.074490577789739700e-03
5.656215620409619760e+02 2.993532247685352509e-04 2.993265665356011876e-04 2.540921615431394887e-03 3.139601406735531217e-03
5.660004110443384207e+02 3.020201738530307249e-04 3.019931580747330113e-04 2.602941031850844987e-03 3.206954363778608506e-03
5.663792600477148653e+02 3.047228803705754859e-04 3.046955006839100312e-04 2.667237678211798173e-03 3.276656059266283907e-03
5.667581090510911963e+02 3.074619856581637875e-04 3.074342355557250291e-04 2.733923311146336643e-03 3.348819532360225622e-03
5.671369580544676410e+02 3.102381454787661932e-04 3.102100183049395950e-04 2.803116555173267195e-03 3.423564718956972983e-03
5.675158070578439720e+02 3.130520304119959168e-04 3.130235193590241044e-04 2.874943409642623671e-03 3.501018959413643855e-03
5.678946560612204166e+02 3.159043262571712796e-04 3.158754243610894749e-04 2.949537799328319151e-03 3.581317549946580123e-03
5.682735050645968613e+02 3.187957344491998348e-04 3.187664345856358735e-04 3.027042172955994766e-03 3.664604341990830745e-03
5.686523540679731923e+02 3.217269724877727536e-04 3.216972673676074578e-04 3.107608154426326746e-03 3.751032394281706740e-03
5.690312030713496370e+02 3.246987743803502629e-04 3.246686565452335600e-04 3.191397252022764100e-03 3.840764682948348031e-03
5.694100520747259679e+02 3.277118910994357838e-04 3.276813529171533146e-04 3.278581631487024594e-03 3.933974875503613855e-03
5.697889010781024126e+02 3.307670910546916588e-04 3.307361247143772659e-04 3.369344959514555295e-03 4.030848175283624490e-03
5.701677500814788573e+02 3.338651605804196509e-04 3.338337580876071884e-04 3.463883324972360286e-03 4.131582243640387342e-03
5.705465990848551883e+02 3.370069044390043133e-04 3.369750576105138987e-04 3.562406245989365328e-03 4.236388208038883649e-03
5.709254480882316329e+02 3.401931463409076811e-04 3.401608467995607520e-04 3.665137772022842959e-03 4.345491765163311121e-03
5.713042970916079639e+02 3.434247294818308953e-04 3.433919686509867520e-04 3.772317691081205574e-03 4.459134389214023005e-03
5.716831460949844086e+02 3.467025170977165358e-04 3.466692861956248406e-04 3.884202853501119400e-03 4.577574656794460885e-03
5.720619950983607396e+02 3.500273930382403966e-04 3.499936830722017692e-04 4.001068625050945016e-03 4.701089701161387073e-03
5.724408441017371842e+02 3.534002623595309351e-04 3.533660641198601150e-04 4.123210483691830928e-03 4.829976810171221491e-03
5.728196931051136289e+02 3.568220519368248155e-04 3.567873559906071211e-04 4.250945776090490381e-03 4.964555184017922264e-03
5.731985421084899599e+02 3.602937110978525590e-04 3.602585077824870300e-04 4.384615651980959365e-03 5.105167870861298737e-03
5.735773911118664046e+02 3.638162122777487519e-04 3.637804916942695183e-04 4.524587196743873850e-03 5.252183900715892174e-03
5.739562401152427356e+02 3.673905516963140035e-04 3.673543037024813154e-04 4.671255785153421471e-03 5.406000640552216518e-03
5.743350891186191802e+02 3.710177500585323893e-04 3.709809642616846890e-04 4.825047682179915698e-03 5.567046396500133047e-03
5.747139381219956249e+02 3.746988532792247528e-04 3.746615190288822474e-04 4.986422920075374299e-03 5.735783292383481516e-03
5.750927871253719559e+02 3.784349332328219417e-04 3.783970396130314313e-04 5.155878484777939169e-03 5.912710457623792867e-03
5.754716361287484006e+02 3.822270885292425964e-04 3.821886243506549918e-04 5.333951849007236012e-03 6.098367561887133546e-03
5.758504851321247315e+02 3.860764453169087361e-04 3.860373991085768526e-04 5.521224894368663254e-03 6.293338738794149005e-03
5.762293341355011762e+02 3.899841581140151654e-04 3.899445181149026308e-04 5.718328270428747057e-03 6.498256946657664582e-03
5.766081831388776209e+02 3.939514106691585876e-04 3.939111648193456073e-04 5.925946245158592723e-03 6.713808820647097081e-03
5.769870321422539519e+02 3.979794168525440930e-04 3.979385527841208564e-04 6.144822108491876378e-03 6.940740078128540894e-03
5.773658811456303965e+02 4.020694215790041439e-04 4.020279266066379407e-04 6.375764199123758191e-03 7.179861547309400113e-03
5.777447301490067275e+02 4.062227017641199334e-04 4.061805628752816126e-04 6.619652634236339837e-03 7.432055898875741112e-03
5.781235791523831722e+02 4.104405673148368524e-04 4.103977711596746994e-04 6.877446832733094886e-03 7.698285171207606276e-03
5.785024281557595032e+02 4.147243621559628746e-04 4.146808950368087812e-04 7.150193934962796420e-03 7.979599192155567913e-03
5.788812771591359478e+02 4.190754652940824332e-04 4.190313131545741511e-04 7.439038236012747787e-03 8.277145014461403938e-03
5.792601261625123925e+02 4.234952919204073045e-04 4.234504403342124177e-04 7.745231765629486016e-03 8.592177497884104925e-03
5.796389751658887235e+02 4.279852945542337900e-04 4.279397287133582749e-04 8.070146165898354346e-03 8.926071189165945760e-03
5.800178241692651682e+02 4.325469642287081240e-04 4.325006689313711200e-04 8.415286038155200474e-03 9.280333671315279392e-03
5.803966731726414991e+02 4.371818317206789019e-04 4.371347913587375384e-04 8.782303953386496470e-03 9.656620576465912639e-03
5.807755221760179438e+02 4.418914688265549178e-04 4.418436673724578383e-04 9.173017345710455378e-03 1.005675248190946759e-02
5.811543711793943885e+02 4.466774896860967181e-04 4.466289106793490632e-04 9.589427536423956663e-03 1.048273393678940228e-02
5.815332201827707195e+02 4.515415521562465796e-04 4.514921786893623043e-04 1.003374116642944368e-02 1.093677489727505267e-02
5.819120691861471641e+02 4.564853592371485099e-04 4.564351739410709005e-04 1.050839434721837981e-02 1.142131488039659949e-02
5.822909181895234951e+02 4.615106605526195921e-04 4.614596455815860206e-04 1.101607987423664468e-02 1.193905018037084986e-02
5.826697671928999398e+02 4.666192538874949975e-04 4.665673909033218447e-04 1.155977788007478413e-02 1.249296452486560113e-02
5.830486161962763845e+02 4.718129867843055283e-04 4.717602569400682305e-04 1.214279033634040918e-02 1.308636358006478283e-02
5.834274651996527155e+02 4.770937582019550986e-04 4.770401421250370266e-04 1.276877983893880478e-02 1.372291373926579766e-02
5.838063142030291601e+02 4.824635202391423252e-04 4.824089980136247926e-04 1.344181312664479572e-02 1.440668564489756311e-02
5.841851632064054911e+02 4.879242799254087390e-04 4.878688310737733561e-04 1.416640977962965557e-02 1.514220289062883848e-02
5.845640122097819358e+02 4.934781010829001821e-04 4.934217045470124918e-04 1.494759651169605408e-02 1.593449631732596697e-02
5.849428612131582668e+02 4.991271062619891509e-04 4.990697403833326473e-04 1.579096739085377593e-02 1.678916423749909903e-02
5.853217102165347114e+02 5.048734787541763608e-04 5.048151212533014912e-04 1.670275017378326787e-02 1.771243877379074724e-02
5.857005592199111561e+02 5.107194646857531745e-04 5.106600926409084196e-04 1.768987868657686743e-02 1.871125824390353076e-02
5.860794082232874871e+02 5.166673751959887035e-04 5.166069650208934567e-04 1.876007077864148137e-02 1.979334511885836451e-02
5.864582572266639318e+02 5.227195887037325121e-04 5.226581161244547337e-04 1.992191075071748918e-02 2.096728845554567816e-02
5.868371062300402627e+02 5.288785532665335942e-04 5.288159932974278955e-04 2.118493421678854793e-02 2.224262876335251007e-02
5.872159552334167074e+02 5.351467890366489680e-04 5.350831159553115415e-04 2.255971197241253903e-02 2.362994187740449781e-02
5.875948042367931521e+02 5.415268908184443656e-04 5.414620781396368380e-04 2.405792743068354070e-02 2.514091639964162114e-02
5.879736532401694831e+02 5.480215307320344823e-04 5.479555511805240002e-04 2.569243931391166497e-02 2.678841639582422302e-02
5.883525022435459277e+02 5.546334609881947882e-04 5.545662864704526546e-04 2.747731724407349863e-02 2.858651699153214737e-02
5.887313512469222587e+02 5.613655167798466475e-04 5.612971183545445789e-04 2.942783226797171525e-02 3.055049490310610821e-02
5.891102002502987034e+02 5.682206192957678023e-04 5.681509671429997056e-04 3.156037671873759137e-02 3.269674830517636105e-02
5.894890492536751481e+02 5.752017788623708765e-04 5.751308422515228431e-04 3.389227764860112957e-02 3.504261026971502296e-02
5.898678982570514790e+02 5.823120982198174561e-04 5.822398454759931648e-04 3.644145491742840914e-02 3.760600686112421792e-02
5.902467472604279237e+02 5.895547759389960533e-04 5.894811744078929565e-04 3.922585869064821457e-02 4.040489464099510097e-02
5.906255962638042547e+02 5.969331099862435408e-04 5.968581259973554766e-04 4.226260202995108656e-02 4.345639326593468688e-02
5.910044452671806994e+02 6.044505014431368790e-04 6.043741002711372837e-04 4.556668419611949877e-02 4.677550879783377163e-02
5.913832942705570304e+02 6.121104583889598388e-04 6.120326042130966402e-04 4.914918334019938856e-02 5.037332640280144797e-02
5.917621432739334750e+02 6.199165999540267582e-04 6.198372558153296755e-04 5.301479144819491035e-02 5.425454530396426472e-02
5.921409922773099197e+02 6.278726605523747561e-04 6.277917883084583803e-04 5.715858348533796318e-02 5.841424793419879719e-02
5.925198412806862507e+02 6.359824943030174598e-04 6.359000545802436519e-04 6.156197770407913911e-02 6.283386025296240629e-02
5.928986902840626954e+02 6.442500796494972501e-04 6.441660317922802328e-04 6.618798295680390631e-02 6.747639906824567935e-02
5.932775392874390263e+02 6.526795241882155964e-04 6.525938262052956166e-04 7.097607091403532187e-02 7.228134426442883731e-02
5.936563882908154710e+02 6.612750697169726601e-04 6.611876782246035780e-04 7.583737198718953909e-02 7.715983473513111923e-02
5.940352372941919157e+02 6.700410975159890080e-04 6.699519676781706765e-04 8.065134694769392210e-02 8.199134001288807538e-02
5.944140862975682467e+02 6.789821338748211260e-04 6.788912193409726197e-04 8.526552377955090578e-02 8.662339713276670516e-02
5.947929353009446913e+02 6.881028558793697699e-04 6.880101087201338826e-04 8.950009155063638755e-02 9.087620451523589771e-02
5.951717843043210223e+02 6.974080974736894404e-04 6.973134681158017333e-04 9.315880092641247445e-02 9.455352249200196790e-02
5.955506333076974670e+02 7.069028558113580078e-04 7.068062929725501186e-04 9.604646415448640784e-02 9.746017330327032269e-02
5.959294823110739117e+02 7.165922979104187183e-04 7.164937485350363761e-04 9.799138610317086051e-02 9.942447214961631918e-02
5.963083313144502426e+02 7.264817676253181944e-04 7.263811768206595784e-04 9.886881765215449480e-02 1.003216805966004738e-01
5.966871803178266873e+02 7.365767929490396170e-04 7.364741039214861996e-04 9.862002079159018497e-02 1.000930716884607108e-01
5.970660293212030183e+02 7.468830936598941286e-04 7.467782476490288047e-04 9.726180771938570946e-02 9.875546906069462838e-02
5.974448783245794630e+02 7.574065893304518082e-04 7.572995255388649365e-04 9.488377451305730903e-02 9.639848062792662209e-02
5.978237273279557940e+02 7.681534077198283201e-04 7.680440632364508597e-04 9.163404872312355676e-02 9.317024619407983377e-02
5.982025763313322386e+02 7.791298935744688002e-04 7.790182032899311410e-04 8.769759624861603320e-02 8.925574434548043390e-02
5.985814253347086833e+02 7.903426178648581026e-04 7.902285143783151396e-04 8.327260875636642579e-02 8.485317988860960337e-02
5.989602743380850143e+02 8.017983874868227353e-04 8.016818010044871826e-04 7.854988754673236651e-02 8.015336773522367675e-02
5.993391233414614589e+02 8.135042554560842874e-04 8.133851136822094988e-04 7.369817047163373935e-02 7.532505984077203509e-02
5.997179723448377899e+02 8.254675316247863780e-04 8.253457596459370894e-04 6.885612913508148969e-02 7.050694242635220654e-02
6.000968213482142346e+02 8.376957939494432534e-04 8.375713141127227651e-04 6.413012550563006176e-02 6.580539261369222626e-02
6.004756703515906793e+02 8.501969003409561975e-04 8.500696321265477839e-04 5.959604019576354716e-02 6.129630672823105364e-02
6.008545193549670103e+02 8.629790011296076301e-04 8.628488610176721346e-04 5.530342191591993556e-02 5.702924977806721196e-02
6.012333683583434549e+02 8.760505521803461145e-04 8.759174535120509749e-04 5.128054762679497280e-02 5.303251563248737033e-02
6.016122173617197859e+02 8.894203286964557200e-04 8.892841815287263552e-04 4.753944744458254296e-02 4.931815195480772351e-02
6.019910663650962306e+02 9.030974397527788454e-04 9.029581507062453723e-04 4.408036850663479139e-02 4.588642409709381420e-02
6.023699153684726753e+02 9.170913436024972359e-04 9.169488157020449755e-04 4.089546060796696303e-02 4.272950076727150687e-02
6.027487643718490062e+02 9.314118638048712092e-04 9.312659963121653868e-04 3.797165988527204106e-02 3.983433774538908123e-02
6.031276133752254509e+02 9.460692062245406025e-04 9.459198944618752618e-04 3.529284948700928126e-02 3.718483858769569550e-02
6.035064623786017819e+02 9.610739769565301112e-04 9.609211121213392286e-04 3.284141790806890254e-02 3.476341299714677535e-02
6.038853113819782266e+02 9.764372012350565344e-04 9.762806702044007088e-04 3.059934166706440931e-02 3.255205953850386774e-02
6.042641603853545575e+02 9.921703433880516183e-04 9.920100285123743030e-04 2.854890698812156957e-02 3.053308736002199528e-02
6.046430093887310022e+02 1.008285327903998265e-03 1.008121106789418514e-03 2.667316611788696917e-02 2.868957255258038769e-02
6.050218583921074469e+02 1.024794561682126903e-03 1.024626306960490282e-03 2.495620394454167723e-02 2.700562481318429311e-02
6.054007073954837779e+02 1.041710957542393411e-03 1.041538536628269221e-03 2.338327260127986626e-02 2.546652209545052781e-02
6.057795563988602225e+02 1.059047959077042420e-03 1.058871233910795972e-03 2.194083679906211337e-02 2.405875599204995025e-02
6.061584054022365535e+02 1.076819566931535915e-03 1.076638393707551791e-03 2.061656084037405065e-02 2.277001880101313727e-02
6.065372544056129982e+02 1.095040366609286147e-03 1.094854595488355814e-03 1.939925927423494928e-02 2.158915423633259167e-02
6.069161034089894429e+02 1.113725557901368421e-03 1.113535032706176441e-03 1.827882647079261819e-02 2.050608706140016196e-02
6.072949524123657739e+02 1.132890986050273012e-03 1.132695543942850800e-03 1.724615552667299601e-02 1.951174205666612177e-02
6.076738014157422185e+02 1.152553174764808699e-03 1.152352645904725689e-03 1.629305342567647155e-02 1.859795924634600681e-02
6.080526504191185495e+02 1.172729361212194446e-03 1.172523568394177830e-03 1.541215691881413913e-02 1.775740984842051270e-02
6.084314994224949942e+02 1.193437533123275010e-03 1.193226291392834263e-03 1.459685187616427751e-02 1.698351570068038635e-02
6.088103484258714388e+02 1.214696468156985535e-03 1.214479584402522764e-03 1.384119769075109647e-02 1.627037374331060521e-02
6.091891974292477698e+02 1.236525775681962492e-03 1.236303048201713899e-03 1.313985752580149047e-02 1.561268634968516686e-02
6.095680464326242145e+02 1.258945941145400357e-03 1.258717159187437012e-03 1.248803467763019183e-02 1.500569777796302920e-02
6.099468954360005455e+02 1.281978373212768439e-03 1.281743316486136895e-03 1.188141499494297162e-02 1.444513668464187696e-02
6.103257444393769902e+02 1.305645453876945602e-03 1.305403892031876002e-03 1.131611509294013114e-02 1.392716443884895253e-02
6.107045934427533211e+02 1.329970591750981096e-03 1.329722283825918693e-03 1.078863598579330764e-02 1.344832886137020678e-02
6.110834424461297658e+02 1.354978278776583804e-03 1.354722972609621141e-03 1.029582170469636217e-02 1.300552295608256755e-02
6.114622914495062105e+02 1.380694150599048224e-03 1.380431582201135932e-03 9.834822450525094670e-03 1.259594818332527774e-02
6.118411404528825415e+02 1.407145050880528360e-03 1.406874943767615288e-03 9.403061836142806787e-03 1.221708183079095109e-02
6.122199894562589861e+02 1.434359099846018457e-03 1.434081164327045488e-03 8.998207794034573589e-03 1.186664805820763710e-02
6.125988384596353171e+02 1.462365767381224512e-03 1.462079699798621204e-03 8.618146753771557464e-03 1.154259222095140383e-02
6.129776874630117618e+02 1.491195951028928849e-03 1.490901432947994067e-03 8.260960726520398881e-03 1.124305811049732158e-02
6.133565364663882065e+02 1.520882059259755182e-03 1.520578756602972191e-03 7.924906967656773077e-03 1.096636778351950045e-02
6.137353854697645374e+02 1.551458100426226713e-03 1.551145662548231207e-03 7.608399921744973815e-03 1.071100368471943065e-02
6.141142344731409821e+02 1.582959777844450194e-03 1.582637836542992666e-03 7.309995185685592457e-03 1.047559280007303445e-02
6.144930834765173131e+02 1.615424591486885149e-03 1.615092759944713758e-03 7.028375255120267694e-03 1.025889260655186638e-02
6.148719324798937578e+02 1.648891946813021417e-03 1.648549818465158950e-03 6.762336845955884204e-03 1.005977861123406522e-02
6.152507814832702024e+02 1.683403271311512302e-03 1.683050418631906004e-03 6.510779607078863267e-03 9.877233297022280922e-03
6.156296304866465334e+02 1.719002139379839341e-03 1.718638112580806203e-03 6.272696062018983179e-03 9.710336313979628722e-03
6.160084794900229781e+02 1.755734406224440268e-03 1.755358731861742481e-03 6.047162636647263577e-03 9.558255774733445675e-03
6.163873284933993091e+02 1.793648351527285696e-03 1.793260531002983200e-03 5.833331647119843581e-03 9.420240529650111827e-03
6.167661774967757538e+02 1.832794833694728056e-03 1.832394341649244479e-03 5.630424137405999098e-03 9.295613312749971199e-03
6.171450265001520847e+02 1.873227455580558616e-03 1.872813738164573819e-03 5.437723469069218572e-03 9.183764662814350790e-03
6.175238755035285294e+02 1.915002742660606039e-03 1.914575215676493332e-03 5.254569577683163191e-03 9.084147536020263647e-03
6.179027245069049741e+02 1.958180334729118892e-03 1.957738381630662501e-03 5.080353820555465715e-03 8.996272536915247975e-03
6.182815735102813051e+02 2.002823192291440946e-03 2.002366162029471219e-03 4.914514349452128728e-03 8.919703703773040893e-03
6.186604225136577497e+02 2.048997818941813986e-03 2.048525023642180486e-03 4.756531949927524268e-03 8.854054792511518307e-03
6.190392715170340807e+02 2.096774501142282220e-03 2.096285213601244580e-03 4.605926295796905837e-03 8.798986010540433070e-03
6.194181205204105254e+02 2.146227566960256638e-03 2.145721017940878123e-03 4.462252573361802366e-03 8.754201158262937127e-03
6.197969695237869701e+02 2.197435665478235638e-03 2.196911040789702087e-03 4.325098435325825177e-03 8.719445141593763771e-03
6.201758185271633010e+02 2.250482068764110988e-03 2.249938506104053569e-03 4.194081249004471233e-03 8.694501823872637092e-03
6.205546675305397457e+02 2.305454998483792359e-03 2.304891584021650369e-03 4.068845607529189903e-03 8.679192190034632631e-03
6.209335165339160767e+02 2.362447979453693656e-03 2.361863744130838182e-03 3.949061076340099410e-03 8.673372799924632115e-03
6.213123655372925214e+02 2.421560222671784342e-03 2.420954138191602160e-03 3.834420150417192433e-03 8.676934511280579368e-03
6.216912145406689660e+02 2.482897040633507378e-03 2.482268015111773959e-03 3.724636400476401960e-03 8.689801456221682430e-03
6.220700635440452970e+02 2.546570298039725448e-03 2.545917171282420944e-03 3.619442788795578826e-03 8.711930258117724785e-03
6.224489125474217417e+02 2.612698901338610189e-03 2.612020439710760911e-03 3.518590137485419142e-03 8.743309478534789375e-03
6.228277615507980727e+02 2.681409330918714355e-03 2.680704221763870621e-03 3.421845733913803610e-03 8.783959286596389887e-03
6.232066105541745173e+02 2.752836220191771759e-03 2.752103065757235262e-03 3.328992059661098780e-03 8.833931345610106234e-03
6.235854595575508483e+02 2.827122986274339597e-03 2.826360297092259197e-03 3.239825630860270703e-03 8.893308914226868631e-03
6.239643085609272930e+02 2.904422517508360637e-03 2.903628705177168506e-03 3.154155939076953418e-03 8.962207161762483429e-03
6.243431575643037377e+02 2.984897923654654308e-03 2.984071292958964412e-03 3.071804483039401040e-03 9.040773699653019760e-03
6.247220065676800687e+02 3.068723355264312523e-03 3.067862095564287579e-03 2.992603882547597866e-03 9.129189333376197535e-03
6.251008555710565133e+02 3.156084899486575040e-03 3.155187075299715083e-03 2.916397066796985304e-03 9.227669041583275861e-03
6.254797045744328443e+02 3.247181560422157491e-03 3.246245101111383622e-03 2.843036530155318257e-03 9.336463191688858937e-03
6.258585535778092890e+02 3.342226333091803930e-03 3.341249021563487236e-03 2.772383649143951925e-03 9.455859003799242657e-03
6.262374025811857337e+02 3.441447381172865229e-03 3.440426841476844268e-03 2.704308055010618342e-03 9.586182277660327405e-03
6.266162515845620646e+02 3.545089329884590964e-03 3.544023013595135746e-03 2.638687056844330261e-03 9.727799400324057405e-03
6.269951005879385093e+02 3.653414686790376533e-03 3.652299858032186011e-03 2.575405110687215265e-03 9.881119655509777375e-03
6.273739495913148403e+02 3.766705404858441877e-03 3.765539123824949031e-03 2.514353330546965221e-03 1.004659785923035613e-02
6.277527985946912850e+02 3.885264603908213186e-03 3.884043708700334746e-03 2.455429037613865006e-03 1.022473735022241294e-02
6.281316475980677296e+02 4.009418468594030602e-03 4.008139555185775797e-03 2.398535344345705412e-03 1.041609336812551051e-02
6.285104966014440606e+02 4.139518343381964373e-03 4.138177743494628538e-03 2.343580770403440750e-03 1.062127685728003409e-02
6.288893456048205053e+02 4.275943047592908712e-03 4.274536804231419095e-03 2.290478887708164227e-03 1.084095873953249203e-02
6.292681946081968363e+02 4.419101436565262171e-03 4.417625276938212490e-03 2.239147992147196356e-03 1.107587470565067102e-02
6.296470436115732809e+02 4.569435238386515552e-03 4.567884543894828835e-03 2.189510799687259101e-03 1.132683058196860479e-02
6.300258926149496119e+02 4.727422199509559268e-03 4.725791972446989272e-03 2.141494164860708281e-03 1.159470833681725682e-02
6.304047416183260566e+02 4.893579576983716345e-03 4.891864403544738532e-03 2.095028819775683181e-03 1.188047280030413849e-02
6.307835906217025013e+02 5.068468020060326248e-03 5.066662029196420010e-03 2.050049131968973478e-03 1.218517918122572104e-02
6.311624396250788323e+02 5.252695889677450568e-03 5.250792707280477027e-03 2.006492879569455809e-03 1.250998147652738340e-02
6.315412886284552769e+02 5.446924070879309923e-03 5.444916768699363877e-03 1.964301042374937221e-03 1.285614188195361059e-02
6.319201376318316079e+02 5.651871340701862707e-03 5.649752379325437453e-03 1.923417607565781505e-03 1.322504132759308101e-02
6.322989866352080526e+02 5.868320362583947028e-03 5.866081527704934857e-03 1.883789388886125855e-03 1.361819127917500774e-02
6.326778356385844972e+02 6.097124388076312178e-03 6.094756719185845210e-03 1.845365858220688812e-03 1.403724696548284620e-02
6.330566846419608282e+02 6.339214757683498541e-03 6.336708468183107658e-03 1.808098988580823059e-03 1.448402221444742774e-02
6.334355336453372729e+02 6.595609305239226797e-03 6.592953692843571932e-03 1.771943107591730879e-03 1.496050610567452831e-02
6.338143826487136039e+02 6.867421784464409519e-03 6.864605130603457922e-03 1.736854760644067396e-03 1.546888167571193462e-02
6.341932316520900486e+02 7.155872452464691336e-03 7.152881909219158986e-03 1.702792582940848218e-03 1.601154694462469941e-02
6.345720806554664932e+02 7.462299963048116443e-03 7.459121425955953649e-03 1.669717179740457576e-03 1.659113856874452550e-02
6.349509296588428242e+02 7.788174743041603211e-03 7.784792707897578677e-03 1.637591014172784997e-03 1.721055846511196710e-02
6.353297786622192689e+02 8.135114047335217924e-03 8.131511448872502656e-03 1.606378302097867224e-03 1.787300379830558672e-02
6.357086276655955999e+02 8.504898913202774136e-03 8.501056943298800073e-03 1.576044913590472123e-03 1.858200077009204698e-02
6.360874766689720445e+02 8.899493261402904171e-03 8.895391164197831435e-03 1.546558280771643959e-03 1.934144270637238108e-02
6.364663256723483755e+02 9.321065420285731470e-03 9.316680261347768874e-03 1.517887311859040861e-03 2.015563299349254142e-02
6.368451746757248202e+02 9.772012378938819618e-03 9.767318785363165654e-03 1.490002311435694544e-03 2.102933347573767917e-02
6.372240236791012649e+02 1.025498710506462033e-02 1.024995697315669863e-02 1.462874906982656806e-03 2.196781898520397402e-02
6.376028726824775958e+02 1.077292929085074159e-02 1.076753145782356931e-02 1.436477981606771800e-03 2.297693873028108097e-02
6.379817216858540405e+02 1.132909991248082227e-02 1.132329978840086390e-02 1.410785612573212762e-03 2.406318531345489828e-02
6.383605706892303715e+02 1.192712000148674761e-02 1.192087915756765738e-02 1.385773014762164881e-03 2.523377217381656684e-02
6.387394196926068162e+02 1.257101402190670923e-02 1.256428973126093654e-02 1.361416487682223222e-03 2.649672024084986574e-02
6.391182686959832608e+02 1.326525821591889760e-02 1.325800294319315689e-02 1.337693364454704738e-03 2.786095452356675967e-02
6.394971176993595918e+02 1.401483420737145366e-02 1.400699504455717691e-02 1.314581961441530552e-03 2.933641121337015809e-02
6.398759667027360365e+02 1.482528801584176437e-02 1.481680606328567538e-02 1.292061527910024670e-03 3.093415560703746681e-02
6.402548157061123675e+02 1.570279440271733426e-02 1.569360409735183828e-02 1.270112196023950217e-03 3.266651069609312341e-02
6.406336647094888122e+02 1.665422610156264832e-02 1.664425449912072114e-02 1.248714932124051283e-03 3.454719553280741901e-02
6.410125137128652568e+02 1.768722691618157192e-02 1.767639294131986491e-02 1.227851490454857789e-03 3.659147134795629613e-02
6.413913627162415878e+02 1.881028681566185648e-02 1.879850050443597834e-02 1.207504370222314913e-03 3.881629169032015103e-02
6.417702117196180325e+02 2.003281589817309041e-02 2.001997767253985497e-02 1.187656776355989086e-03 4.124045034706893403e-02
6.421490607229943635e+02 2.136521227394414316e-02 2.135121230977455112e-02 1.168292583858358174e-03 4.388471716757705310e-02
6.425279097263708081e+02 2.281891631854995883e-02 2.280363409950782877e-02 1.149396305308559478e-03 4.677194672336634773e-02
6.429067587297471391e+02 2.440644009168316947e-02 2.438974428444090625e-02 1.130953060975887830e-03 4.992713743709996377e-02
6.432856077331235838e+02 2.614135565432809671e-02 2.612310449984547520e-02 1.112948551032538281e-03 5.337740870520611691e-02
6.436644567365000285e+02 2.803821913362958967e-02 2.801826162905002998e-02 1.095369029461125930e-03 5.715184979214074645e-02
6.440433057398763594e+02 3.011239823296448653e-02 3.009057648352177552e-02 1.078201279370353009e-03 6.128117599585661962e-02
6.444221547432528041e+02 3.237975907343668830e-02 3.235591232676920947e-02 1.061432589531576291e-03 6.579710398973746821e-02
6.448010037466291351e+02 3.485615363268020073e-02 3.483012466843621313e-02 1.045050732019407388e-03 7.073132903313582298e-02
6.451798527500055798e+02 3.755663206151785283e-02 3.752827678792195615e-02 1.029043940883124335e-03 7.611395279032293071e-02
6.455587017533820244e+02 4.049428645593763920e-02 4.046348773663516196e-02 1.013400891800057217e-03 8.197117508437286315e-02
6.459375507567583554e+02 4.367861805926089025e-02 4.364530490477325914e-02 9.981106826731020454e-04 8.832203364670726531e-02
6.463163997601348001e+02 4.711331573201332085e-02 4.707748894329295136e-02 9.831628151387556379e-04 9.517396749044503002e-02
6.466952487635111311e+02 5.079335241082648389e-02 5.075511740025417246e-02 9.685471769524993607e-04 1.025170169880331439e-01
6.470740977668875757e+02 5.470136723197024237e-02 5.466097384463341341e-02 9.542540252173971555e-04 1.103165951018210550e-01
6.474529467702640204e+02 5.880342900890435376e-02 5.876131645447249530e-02 9.402739704210853278e-04 1.185050194337979312e-01
6.478317957736403514e+02 6.304449749198248742e-02 6.300133975009117315e-02 9.265979612456904995e-04 1.269724352033193560e-01
6.482106447770167961e+02 6.734422461643566060e-02 6.730096791447121030e-02 9.132172701156515476e-04 1.355584098010225169e-01
6.485894937803931271e+02 7.159414169602398847e-02 7.155202146004256691e-02 9.001234794493562620e-04 1.440462866355158855e-01
6.489683427837695717e+02 7.565765890385151016e-02 7.561818044945713135e-02 8.873084685817016074e-04 1.521631478218903322e-01
6.493471917871459027e+02 7.937445961059866328e-02 7.933932727449928557e-02 8.747644013262153044e-04 1.595885512864241851e-01
6.497260407905223474e+02 8.257052843270275277e-02 8.254151469479956149e-02 8.624837141458042760e-04 1.659745268416481234e-01
6.501048897938987920e+02 8.507397808854408328e-02 8.505273891540350573e-02 8.504591049010644215e-04 1.709771761088486608e-01
6.504837387972751230e+02 8.673506993342407212e-02 8.672293265375635718e-02 8.386835221434006801e-04 1.742966861093238062e-01
6.508625878006515677e+02 8.744685384549590046e-02 8.744462184815296468e-02 8.271501549185476289e-04 1.757186258485674279e-01
6.512414368040278987e+02 8.716160289885832579e-02 8.716942713451164559e-02 8.158524230454907225e-04 1.751468824564154647e-01
6.516202858074043434e+02 8.589858200159775081e-02 8.591593600958610799e-02 8.047839678377328044e-04 1.726193019790215888e-01
6.519991348107807880e+02 8.374088042834858248e-02 8.376664633888325495e-02 7.939386432391068362e-04 1.683014654104709462e-01
6.523779838141571190e+02 8.082224550825010956e-02 8.085488578052070496e-02 7.833105073528669193e-04 1.624604417961236780e-01
6.527568328175335637e+02 7.730763613360316922e-02 7.734540445941377740e-02 7.728938143488524315e-04 1.554259344073657956e-01
6.531356818209098947e+02 7.337239692528675639e-02 7.341353943188512476e-02 7.626830067367224020e-04 1.475486193639086174e-01
6.535145308242863393e+02 6.918431296423206700e-02 6.922722464083182203e-02 7.526727079932401176e-04 1.391642103130571184e-01
6.538933798276627840e+02 6.489101916516991364e-02 6.493434078222121153e-02 7.428577155298697089e-04 1.305682176629210101e-01
6.542722288310391150e+02 6.061329185483135124e-02 6.065595030243322444e-02 7.332329939845397531e-04 1.220024751512491096e-01
6.546510778344155597e+02 5.644334889157073126e-02 5.648455415650497496e-02 7.237936688201688715e-04 1.136516967168958725e-01
6.550299268377918906e+02 5.244664565916439675e-02 5.248586059646424828e-02 7.145350202123674534e-04 1.056470412758409999e-01
6.554087758411683353e+02 4.866563079451362989e-02 4.870252792942950104e-02 7.054524772094449957e-04 9.807361120115258568e-02
6.557876248445446663e+02 4.512423997533403924e-02 4.515865559400347035e-02 6.965416121493343262e-04 9.097943718148684966e-02
6.561664738479211110e+02 4.183231776490407144e-02 4.186420947845362339e-02 6.877981353193014357e-04 8.438432537867698868e-02
6.565453228512975556e+02 3.878952362718895985e-02 3.881893437247332240e-02 6.792178898458042183e-04 7.828767588950809320e-02
6.569241718546738866e+02 3.598854416538560530e-02 3.601557345722897902e-02 6.707968468028087340e-04 7.267491446941738709e-02
6.573030208580503313e+02 3.341759869234536828e-02 3.344238071700839782e-02 6.625311005278738431e-04 6.752251050988163084e-02
6.576818698614266623e+02 3.106231171912175043e-02 3.108499929029725356e-02 6.544168641360283622e-04 6.280172787355503550e-02
6.580607188648031070e+02 2.890706018453854595e-02 2.892781342104351269e-02 6.464504652219938688e-04 5.848132407080405132e-02
6.584395678681795516e+02 2.693590710735610516e-02 2.695488574842796331e-02 6.386283417419552893e-04 5.452942119752602484e-02
6.588184168715558826e+02 2.513322207072622022e-02 2.515058049856129518e-02 6.309470380664194576e-04 5.091474960735393324e-02
6.591972658749323273e+02 2.348407193911161359e-02 2.349995615838093230e-02 6.234032011962099959e-04 4.760743129868875295e-02
6.595761148783086583e+02 2.197444761210972514e-02 2.198899360658278929e-02 6.159935771340470509e-04 4.457943479582655855e-02
6.599549638816851029e+02 2.059137687559699226e-02 2.060470990754372650e-02 6.087150074044551029e-04 4.180480179054517353e-02
6.603338128850615476e+02 1.932296038613203967e-02 1.933519492117271102e-02 6.015644257152315830e-04 3.925971973301998347e-02
6.607126618884378786e+02 1.815835756922896255e-02 1.816959759964776114e-02 5.945388547539185017e-04 3.692249402363064620e-02
6.610915108918143233e+02 1.708774140799523833e-02 1.709808101531674895e-02 5.876354031131302046e-04 3.477345782642511651e-02
6.614703598951906542e+02 1.610223530745183776e-02 1.611175935483031771e-02 5.808512623388917794e-04 3.279484592462104942e-02
6.618492088985670989e+02 1.519384100646756913e-02 1.520262588731057483e-02 5.741837040963677181e-04 3.097065059787451266e-02
6.622280579019434299e+02 1.435536349405362559e-02 1.436347788876889651e-02 5.676300774477489094e-04 2.928647146027027123e-02
6.626069069053198746e+02 1.358033676083424471e-02 1.358784237140960895e-02 5.611878062372097986e-04 2.772936693848106551e-02
6.629857559086963192e+02 1.286295273924330414e-02 1.286990498365589430e-02 5.548543865782149930e-04 2.628771210947741105e-02
6.633646049120726502e+02 1.219799477519517387e-02 1.220444343197858023e-02 5.486273844385887010e-04 2.495106559161234389e-02
6.637434539154490949e+02 1.158077629471076370e-02 1.158676609354702090e-02 5.425044333190481459e-04 2.371004682157683285e-02
6.641223029188254259e+02 1.100708488270818984e-02 1.101265604049752461e-02 5.364832320211165460e-04 2.255622415522683111e-02
6.645011519222018705e+02 1.047313170689053233e-02 1.047832041098801896e-02 5.305615425004641793e-04 2.148201366037901308e-02
6.648800009255783152e+02 9.975506046726262052e-03 9.980344888349835034e-03 5.247371878020211681e-04 2.048058812287811836e-02
6.652588499289546462e+02 9.511134590032884611e-03 9.515652951542826615e-03 5.190080500732849843e-04 1.954579559164899491e-02
6.656376989323310909e+02 9.077245112521854092e-03 9.081469512559102800e-03 5.133720686524747678e-04 1.867208669373343274e-02
6.660165479357074219e+02 8.671334141312088059e-03 8.675288541807208223e-03 5.078272382283518420e-04 1.785444992134764888e-02
6.663953969390838665e+02 8.291138209798260342e-03 8.294844288725254644e-03 5.023716070686160169e-04 1.708835410559212883e-02
6.667742459424603112e+02 7.934608330141281612e-03 7.938085723658292250e-03 4.970032753140228663e-04 1.636969732911359998e-02
6.671530949458366422e+02 7.599887335449837661e-03 7.603153852787856472e-03 4.917203933354157399e-04 1.569476158157311063e-02
6.675319439492130869e+02 7.285289772786948496e-03 7.288361586947606982e-03 4.865211601510567086e-04 1.506017251988561213e-02
6.679107929525894178e+02 6.989284058060587709e-03 6.992175875084045804e-03 4.814038219017531843e-04 1.446286375504638594e-02
6.682896419559658625e+02 6.710476633147666181e-03 6.713201842423213023e-03 4.763666703813528459e-04 1.390004514595223270e-02
6.686684909593421935e+02 6.447597893375592477e-03 6.450168701197458651e-03 4.714080416203670211e-04 1.336917463619341842e-02
6.690473399627186382e+02 6.199489679238795285e-03 6.201917227561227174e-03 4.665263145204948114e-04 1.286793322132051727e-02
6.694261889660950828e+02 5.965094149763382897e-03 5.967388621883543479e-03 4.617199095380165462e-04 1.239420268118494352e-02
6.698050379694714138e+02 5.743443876184070596e-03 5.745614590878491551e-03 4.569872874140358835e-04 1.194604575447659814e-02
6.701838869728478585e+02 5.533653013643302122e-03 5.535708509102572027e-03 4.523269479496897384e-04 1.152168847069556454e-02
6.705627359762241895e+02 5.334909425576969157e-03 5.336857534322529337e-03 4.477374288245331469e-04 1.111950438872403267e-02
6.709415849796006341e+02 5.146467650474467748e-03 5.148315566299167811e-03 4.432173044563366966e-04 1.073800052122997166e-02
6.713204339829770788e+02 4.967642613973271074e-03 4.969396951821916479e-03 4.387651849006874035e-04 1.037580475069587414e-02
6.716992829863534098e+02 4.797804000931953430e-03 4.799470850527741243e-03 4.343797147887832125e-04 1.003165456624847615e-02
6.720781319897298545e+02 4.636371212401996407e-03 4.637956186327789505e-03 4.300595723019287717e-04 9.704386971031713979e-03
6.724569809931061855e+02 4.482808841438219033e-03 4.484317118296578947e-03 4.258034681813036102e-04 9.392929427916101373e-03
6.728358299964826301e+02 4.336622609597153184e-03 4.338058972798456911e-03 4.216101447715959669e-04 9.096291727167207797e-03
6.732146789998590748e+02 4.197355712910327830e-03 4.198724585572947803e-03 4.174783750972202554e-04 8.813558673580496050e-03
6.735935280032354058e+02 4.064585532194380478e-03 4.065891008583645376e-03 4.134069619698312720e-04 8.543883502747857614e-03
6.739723770066118504e+02 3.937920667887739173e-03 3.939166541770157404e-03 4.093947371259392168e-04 8.286481946783835414e-03
6.743512260099881814e+02 3.816998264271736704e-03 3.818188054517011702e-03 4.054405603934863023e-04 8.040626879182234329e-03
6.747300750133646261e+02 3.701481592025953823e-03 3.702618565750688453e-03 4.015433188862492487e-04 7.805643476662891579e-03
6.751089240167409571e+02 3.591057861660228775e-03 3.592145055173369926e-03 3.977019262250507917e-04 7.580904843058649221e-03
6.754877730201174018e+02 3.485436243515007380e-03 3.486476481295363444e-03 3.939153217847266302e-04 7.365828046595097184e-03
6.758666220234938464e+02 3.384346072791941194e-03 3.385341984701963677e-03 3.901824699659187600e-04 7.159870527459823684e-03
6.762454710268701774e+02 3.287535220507771614e-03 3.288489257424832661e-03 3.865023594907344832e-04 6.962526837423339138e-03
6.766243200302466221e+02 3.194768613406082178e-03 3.195683061432256795e-03 3.828740027213960867e-04 6.773325677559735060e-03
6.770031690336229531e+02 3.105826887745845050e-03 3.106703881139417662e-03 3.792964350010372479e-04 6.591827203886299960e-03
6.773820180369993977e+02 3.020505163545493272e-03 3.021346696501680824e-03 3.757687140158031455e-04 6.417620574062977458e-03
6.777608670403758424e+02 2.938611927327679316e-03 2.939419864722226956e-03 3.722899191775029233e-04 6.250321711227409087e-03
6.781397160437521734e+02 2.859968012701811883e-03 2.860744099898884438e-03 3.688591510260354005e-04 6.089571263626731776e-03
6.785185650471286181e+02 2.784405669265701665e-03 2.785151541080634757e-03 3.654755306508816141e-04 5.935032740997218254e-03
6.788974140505049490e+02 2.711767711318932052e-03 2.712484900216872649e-03 3.621381991309786550e-04 5.786390810666783464e-03
6.792762630538813937e+02 2.641906738775619094e-03 2.642596682378561303e-03 3.588463169922903400e-04 5.643349738146470791e-03
6.796551120572578384e+02 2.574684423459585366e-03 2.575348471426785503e-03 3.555990636824656677e-04 5.505631958568835832e-03
6.800339610606341694e+02 2.509970854668536287e-03 2.510610275008616065e-03 3.523956370619515076e-04 5.372976766739104293e-03
6.804128100640106140e+02 2.447643938520765224e-03 2.448259923387851363e-03 3.492352529109818025e-04 5.245139114819598498e-03
6.807916590673869450e+02 2.387588846154684898e-03 2.388182517175662951e-03 3.461171444518905600e-04 5.121888507782238788e-03
6.811705080707633897e+02 2.329697506346588287e-03 2.330269919521814424e-03 3.430405618861838706e-04 5.003007987754585877e-03
6.815493570741397207e+02 2.273868138554846052e-03 2.274420288770491547e-03 3.400047719458814907e-04 4.888293199271219469e-03
6.819282060775161654e+02 2.220004822791764656e-03 2.220537647978187458e-03 3.370090574585978688e-04 4.777551528228549983e-03
6.823070550808926100e+02 2.168017103077359963e-03 2.168531488044574823e-03 3.340527169259146774e-04 4.670601308047850168e-03
6.826859040842689410e+02 2.117819621542995408e-03 2.118316401521296109e-03 3.311350641145571760e-04 4.567271087178848693e-03
6.830647530876453857e+02 2.069331780534964561e-03 2.069811744446095007e-03 3.282554276599457667e-04 4.467398952641006039e-03
6.834436020910217167e+02 2.022477430320259416e-03 2.022941323802101340e-03 3.254131506817011486e-04 4.370831904804061904e-03
6.838224510943981613e+02 1.977184580222373506e-03 1.977633108427977876e-03 3.226075904106764404e-04 4.277425279061027388e-03
6.842013000977746060e+02 1.933385131218740656e-03 1.933818961408597823e-03 3.198381178271437358e-04 4.187042210454482161e-03
6.845801491011509370e+02 1.891014628212946613e-03 1.891434392157635355e-03 3.171041173097401741e-04 4.099553137680322576e-03
6.849589981045273817e+02 1.850012030359319713e-03 1.850418326568126865e-03 3.144049862948141111e-04 4.014835343222260960e-03
6.853378471079037126e+02 1.810319497965049091e-03 1.810712893754730293e-03 3.117401349458314938e-04 3.932772526665611473e-03
6.857166961112801573e+02 1.771882194627520278e-03 1.772263228044112723e-03 3.091089858324837301e-04 3.853254408504116785e-03
6.860955451146566020e+02 1.734648103385162937e-03 1.735017284990606574e-03 3.065109736191967303e-04 3.776176361994966132e-03
6.864743941180329330e+02 1.698567855767641865e-03 1.698925670301935269e-03 3.039455447627098950e-04 3.701439070832287029e-03
6.868532431214093776e+02 1.663594572729463041e-03 1.663941480658155366e-03 3.014121572184309079e-04 3.628948210606049423e-03
6.872320921247857086e+02 1.629683716539453899e-03 1.630020155495409120e-03 2.989102801552856849e-04 3.558614152190148379e-03
6.876109411281621533e+02 1.596792952778244195e-03 1.597119338905872692e-03 2.964393936787639169e-04 3.490351685362881075e-03
6.879897901315384843e+02 1.564882021668956855e-03 1.565198750878400106e-03 2.939989885619175600e-04 3.424079761109274575e-03
6.883686391349149289e+02 1.533912618031403087e-03 1.534220067169541181e-03 2.915885659840252862e-04 3.359721251184969500e-03
6.887474881382913736e+02 1.503848279210344202e-03 1.504146807154922152e-03 2.892076372767025299e-04 3.297202723641968775e-03
6.891263371416677046e+02 1.474654280382000759e-03 1.474944229064654782e-03 2.868557236771923668e-04 3.236454233123847637e-03
6.895051861450441493e+02 1.446297536692562821e-03 1.446579232056064172e-03 2.845323560886167560e-04 3.177409124837243803e-03
6.898840351484204803e+02 1.418746511727229194e-03 1.419020264621832263e-03 2.822370748469717888e-04 3.120003851196033462e-03
6.902628841517969249e+02 1.391971131848766374e-03 1.392237238872170036e-03 2.799694294946314041e-04 3.064177800215567814e-03
6.906417331551733696e+02 1.365942705982204535e-03 1.366201450267277720e-03 2.777289785601761763e-04 3.009873134809658377e-03
6.910205821585497006e+02 1.340633850455693211e-03 1.340885502409806026e-03 2.755152893443291976e-04 2.957034642209828597e-03
6.913994311619261453e+02 1.316018418538743772e-03 1.316263236538255587e-03 2.733279377118089928e-04 2.905609592788808461e-03
6.917782801653024762e+02 1.292071434347299118e-03 1.292309665390489184e-03 2.711665078889273516e-04 2.855547607626715816e-03
6.921571291686789209e+02 1.268769030810612845e-03 1.269000911132112412e-03 2.690305922667284629e-04 2.806800534209453503e-03
6.925359781720553656e+02 1.246088391418917691e-03 1.246314147068479459e-03 2.669197912095195159e-04 2.759322329696916720e-03
6.929148271754316966e+02 1.224007695492058956e-03 1.224227542880315395e-03 2.648337128686101879e-04 2.713068951240984322e-03
6.932936761788081412e+02 1.202506066729297106e-03 1.202720213142981784e-03 2.627719730011016954e-04 2.667998252873380639e-03
6.936725251821844722e+02 1.181563524818613539e-03 1.181772168907561753e-03 2.607341947935815345e-04 2.624069888519756609e-03
6.940513741855609169e+02 1.161160939900235389e-03 1.161364272138349415e-03 2.587200086905521194e-04 2.581245220729137032e-03
6.944302231889372479e+02 1.141279989694737439e-03 1.141478192816965977e-03 2.567290522274721584e-04 2.539487234739175574e-03
6.948090721923136925e+02 1.121903119119684435e-03 1.122096368536967164e-03 2.547609698682471086e-04 2.498760457524898653e-03
6.951879211956901372e+02 1.103013502232052297e-03 1.103201966426066395e-03 2.528154128470544871e-04 2.459030881505172746e-03
6.955667701990664682e+02 1.084595006345175300e-03 1.084778847244645319e-03 2.508920390143568589e-04 2.420265892604177640e-03
6.959456192024429129e+02 1.066632158180080879e-03 1.066811531520315583e-03 2.489905126869822096e-04 2.382434202387378672e-03
6.963244682058192438e+02 1.049110111921100442e-03 1.049285167588354063e-03 2.471105045021556386e-04 2.345505784011610306e-03
6.967033172091956885e+02 1.032014619054715410e-03 1.032185501416874734e-03 2.452516912753496662e-04 2.309451811746939757e-03
6.970821662125721332e+02 1.015331999879415118e-03 1.015498848104433999e-03 2.434137558618560922e-04 2.274244603845705127e-03
6.974610152159484642e+02 9.990491165819228355e-04 9.992120649453071352e-04 2.415963870219545054e-04 2.239857568549184774e-03
6.978398642193249088e+02 9.831533477825940212e-04 9.833125259651079135e-04 2.397992792895779952e-04 2.206265153037280120e-03
6.982187132227012398e+02 9.676325644594992777e-04 9.677880978360606755e-04 2.380221328443755068e-04 2.173442795139935487e-03
6.985975622260776845e+02 9.524751071667187947e-04 9.526271170871872208e-04 2.362646533870606832e-04 2.141366877640966428e-03
6.989764112294541292e+02 9.376697644683904161e-04 9.378183685305611960e-04 2.345265520179634958e-04 2.110014685016915054e-03
6.993552602328304602e+02 9.232057525150773455e-04 9.233510648296358982e-04 2.328075451186796291e-04 2.079364362463392846e-03
6.997341092362069048e+02 9.090726956940992521e-04 9.092148271405046207e-04 2.311073542367319969e-04 2.049394877071335653e-03
7.001129582395832358e+02 8.952606082899991448e-04 8.953996667611393125e-04 2.294257059731598749e-04 2.020085981024298278e-03
7.004918072429596805e+02 8.817598770953723230e-04 8.818959677272704412e-04 2.277623318729392918e-04 1.991418176695581785e-03
7.008706562463361252e+02 8.685612449164054148e-04 8.686944702970931945e-04 2.261169683181642870e-04 1.963372683531662815e-03
7.012495052497124561e+02 8.556557949208413701e-04 8.557862552696010117e-04 2.244893564238963090e-04 1.935931406614338664e-03
7.016283542530889008e+02 8.430349357795667836e-04 8.431627290838858771e-04 2.228792419366069162e-04 1.909076906800059523e-03
7.020072032564652318e+02 8.306903875560990060e-04 8.308156096487732435e-04 2.212863751351397032e-04 1.882792372340012007e-03
7.023860522598416765e+02 8.186141683009822605e-04 8.187369128538019101e-04 2.197105107341032525e-04 1.857061591888887423e-03
7.027649012632180074e+02 8.067985813109918112e-04 8.069189397146348842e-04 2.181514077896353171e-04 1.831868928815262067e-03
7.031437502665944521e+02 7.952362030153135994e-04 7.953542641082119325e-04 2.166088296074482463e-04 1.807199296730973778e-03
7.035225992699708968e+02 7.839198714535165540e-04 7.840357210571562412e-04 2.150825436531029892e-04 1.783038136163775595e-03
7.039014482733472278e+02 7.728426753122809604e-04 7.729563955295417265e-04 2.135723214644348589e-04 1.759371392306257600e-03
7.042802972767236724e+02 7.619979434903753884e-04 7.621096117315443981e-04 2.120779385660811057e-04 1.736185493788001055e-03
7.046591462801000034e+02 7.513792351638564227e-04 7.514889228878591501e-04 2.105991743860756557e-04 1.713467332437791039e-03
7.050379952834764481e+02 7.409803303259922778e-04 7.410881015285609389e-04 2.091358121744794668e-04 1.691204244029032629e-03
7.054168442868528928e+02 7.307952207792530732e-04 7.309011303292487502e-04 2.076876389240605962e-04 1.669383990032562420e-03
7.057956932902292237e+02 7.208181015589652536e-04 7.209221935755222906e-04 2.062544452930377750e-04 1.647994740427525346e-03
7.061745422936056684e+02 7.110433627699867549e-04 7.111456693296536007e-04 2.048360255299191501e-04 1.627025057629559587e-03
7.065533912969819994e+02 7.014655818179083794e-04 7.015661223483582627e-04 2.034321774004460852e-04 1.606463881566712673e-03
7.069322403003584441e+02 6.920795160143829823e-04 6.921782977231378088e-04 2.020427021165759670e-04 1.586300515854096758e-03
7.073110893037348887e+02 6.828800955328545976e-04 6.829771150963290368e-04 2.006674042673662955e-04 1.566524614896550038e-03
7.076899383071112197e+02 6.738624166871159168e-04 6.739576631842955504e-04 1.993060917515016386e-04 1.547126171622913160e-03
7.080687873104876644e+02 6.650217355037684732e-04 6.651151942763901996e-04 1.979585757111702556e-04 1.528095505491328847e-03
7.084476363138639954e+02 6.563534615624366363e-04 6.564451184262768899e-04 1.966246704670366599e-04 1.509423250455750078e-03
7.088264853172404401e+02 6.478531520846096551e-04 6.479429972123104328e-04 1.953041934541697696e-04 1.491100342751089641e-03
7.092053343206167710e+02 6.395165062610890612e-04 6.396045371529230500e-04 1.939969651589799361e-04 1.473118008572992183e-03
7.095841833239932157e+02 6.313393598149937393e-04 6.314255830266768703e-04 1.927028090573221133e-04 1.455467751898992723e-03
7.099630323273696604e+02 6.233176798002167378e-04 6.234021113997760197e-04 1.914215515539936894e-04 1.438141342753986420e-03
7.103418813307459914e+02 6.154475596334440558e-04 6.155302246043354393e-04 1.901530219237835152e-04 1.421130806161563119e-03
7.107207303341224360e+02 6.077252143538497062e-04 6.078061452899803652e-04 1.888970522541480750e-04 1.404428411897978065e-03
7.110995793374987670e+02 6.001469761004906605e-04 6.002262115511451277e-04 1.876534773894938761e-04 1.388026665041129691e-03
7.114784283408752117e+02 5.927092897947726716e-04 5.927868725522657777e-04 1.864221348769670695e-04 1.371918297224005573e-03
7.118572773442516564e+02 5.854087090147766211e-04 5.854846845415467588e-04 1.852028649136497134e-04 1.356096258469973283e-03
7.122361263476279873e+02 5.782418920487746462e-04 5.783163071484807459e-04 1.839955102950422815e-04 1.340553709492297565e-03
7.126149753510044320e+02 5.712055981167000248e-04 5.712784998832994010e-04 1.827999163647484960e-04 1.325284014364748030e-03
7.129938243543807630e+02 5.642966837498086634e-04 5.643681187833533668e-04 1.816159309652950766e-04 1.310280733498457107e-03
7.133726733577572077e+02 5.575120993199905164e-04 5.575821131741833924e-04 1.804434043900314099e-04 1.295537616884205210e-03
7.137515223611336523e+02 5.508488857113241028e-04 5.509175225293053580e-04 1.792821893360809480e-04 1.281048597576710246e-03
7.141303713645099833e+02 5.443041711270874472e-04 5.443714734224924887e-04 1.781321408583109447e-04 1.266807785407890853e-03
7.145092203678864280e+02 5.378751680260588286e-04 5.379411765715331160e-04 1.769931163242996301e-04 1.252809460921891710e-03
7.148880693712627590e+02 5.315591701823384066e-04 5.316239239745076386e-04 1.758649753702848329e-04 1.239048069527130987e-03
7.152669183746392036e+02 5.253535498631627023e-04 5.254170861398598132e-04 1.747475798580650733e-04 1.225518215861087562e-03
7.156457673780155346e+02 5.192557551195602387e-04 5.193181094111191118e-04 1.736407938328445900e-04 1.212214658363523941e-03
7.160246163813919793e+02 5.132633071848128736e-04 5.133245133861648584e-04 1.725444834819912657e-04 1.199132304052968889e-03
7.164034653847684240e+02 5.073737979760206381e-04 5.074338884301949227e-04 1.714585170946974753e-04 1.186266203500913226e-03
7.167823143881447550e+02 5.015848876941797875e-04 5.016438932807207362e-04 1.703827650225161843e-04 1.173611545997416735e-03
7.171611633915211996e+02 4.958943025184484217e-04 4.959522527424156712e-04 1.693170996407548673e-04 1.161163654901618825e-03
7.175400123948975306e+02 4.902998323904745031e-04 4.903567554692330214e-04 1.682613953107097652e-04 1.148917983170417208e-03
7.179188613982739753e+02 4.847993288847831273e-04 4.848552518308892772e-04 1.672155283427136183e-04 1.136870109058385914e-03
7.182977104016504200e+02 4.793907031615117129e-04 4.794456518607457217e-04 1.661793769599865503e-04 1.125015731982243958e-03
7.186765594050267509e+02 4.740719239978506802e-04 4.741259232819668764e-04 1.651528212632621289e-04 1.113350668543079550e-03
7.190554084084031956e+02 4.688410158947902101e-04 4.688940896088859313e-04 1.641357431961740492e-04 1.101870848699850218e-03
7.194342574117795266e+02 4.636960572559254107e-04 4.637482283205468145e-04 1.631280265113874194e-04 1.090572312087859617e-03
7.198131064151559713e+02 4.586351786351754341e-04 4.586864691034087658e-04 1.621295567374488999e-04 1.079451204476033046e-03
7.201919554185324159e+02 4.536565610505082793e-04 4.537069921603738873e-04 1.611402211463480792e-04 1.068503774357230192e-03
7.205708044219087469e+02 4.487584343608108845e-04 4.488080265833160908e-04 1.601599087217644448e-04 1.057726369665891366e-03
7.209496534252851916e+02 4.439390757032434442e-04 4.439878487864508633e-04 1.591885101279867762e-04 1.047115434617680975e-03
7.213285024286615226e+02 4.391968079885288272e-04 4.392447809979962937e-04 1.582259176794920043e-04 1.036667506666017098e-03
7.217073514320379672e+02 4.345299984517080440e-04 4.345771898076347347e-04 1.572720253111598737e-04 1.026379213570502652e-03
7.220862004354142982e+02 4.299370572560850460e-04 4.299834847674736601e-04 1.563267285491172281e-04 1.016247270572675880e-03
7.224650494387907429e+02 4.254164361480972600e-04 4.254621170442245050e-04 1.553899244821879862e-04 1.006268477674509805e-03
7.228438984421671876e+02 4.209666271610500296e-04 4.210115781205035616e-04 1.544615117339430052e-04 9.964397170154966777e-04
7.232227474455435186e+02 4.165861613656625709e-04 4.166303985431823705e-04 1.535413904353281781e-04 9.867579503441731466e-04
7.236015964489199632e+02 4.122736076655216355e-04 4.123171467168596795e-04 1.526294621978605969e-04 9.772202165802418034e-04
7.239804454522962942e+02 4.080275716356218012e-04 4.080704277406103074e-04 1.517256300873811843e-04 9.678236294636133200e-04
7.243592944556727389e+02 4.038466944022124031e-04 4.038888822862121133e-04 1.508297985983448990e-04 9.585653752867694154e-04
7.247381434590491835e+02 3.997296515623182398e-04 3.997711855161992906e-04 1.499418736286430942e-04 9.494427107071605433e-04
7.251169924624255145e+02 3.956751521413101927e-04 3.957160460401021817e-04 1.490617624549390844e-04 9.404529606363514318e-04
7.254958414658019592e+02 3.916819375870143807e-04 3.917222049073471133e-04 1.481893737085082446e-04 9.315935162028697114e-04
7.258746904691782902e+02 3.877487807989185640e-04 3.877884346353619566e-04 1.473246173515724245e-04 9.228618327858529452e-04
7.262535394725547349e+02 3.838744851910550079e-04 3.839135382714553438e-04 1.464674046541115482e-04 9.142554281166218998e-04
7.266323884759311795e+02 3.800578837872688968e-04 3.800963484871675772e-04 1.456176481711489543e-04 9.057718804455854554e-04
7.270112374793075105e+02 3.762978383475709893e-04 3.763357267037840026e-04 1.447752617204926720e-04 8.974088267718477452e-04
7.273900864826839552e+02 3.725932385243746784e-04 3.726305622478011479e-04 1.439401603609250402e-04 8.891639611331008395e-04
7.277689354860602862e+02 3.689430010474661990e-04 3.689797715351893258e-04 1.431122603708332461e-04 8.810350329534887438e-04
7.281477844894367308e+02 3.653460689365710325e-04 3.653822972833056446e-04 1.422914792272635955e-04 8.730198454471401913e-04
7.285266334928130618e+02 3.618014107404848921e-04 3.618371077494246697e-04 1.414777355853981628e-04 8.651162540753077517e-04
7.289054824961895065e+02 3.583080198017236820e-04 3.583431959948292066e-04 1.406709492584363617e-04 8.573221650549893045e-04
7.292843314995659512e+02 3.548649135457451103e-04 3.548995791735184892e-04 1.398710411978794073e-04 8.496355339171429797e-04
7.296631805029422821e+02 3.514711327937902426e-04 3.515052978445686732e-04 1.390779334742025955e-04 8.420543641125614572e-04
7.300420295063187268e+02 3.481257410984591491e-04 3.481594153072639056e-04 1.382915492579098464e-04 8.345767056636328469e-04
7.304208785096950578e+02 3.448278241011780562e-04 3.448610169581487156e-04 1.375118128009625946e-04 8.272006538602893122e-04
7.307997275130715025e+02 3.415764889107135742e-04 3.416092096691545309e-04 1.367386494185709393e-04 8.199243479984390714e-04
7.311785765164479471e+02 3.383708635019805322e-04 3.384031211860449016e-04 1.359719854713436647e-04 8.127459701593690985e-04
7.315574255198242781e+02 3.352100961343653989e-04 3.352418995463998363e-04 1.352117483477851786e-04 8.056637440285504409e-04
7.319362745232007228e+02 3.320933547888552974e-04 3.321247125164275798e-04 1.344578664471333235e-04 7.986759337524163092e-04
7.323151235265770538e+02 3.290198266232932547e-04 3.290507470459194304e-04 1.337102691625318817e-04 7.917808428317445668e-04
7.326939725299534985e+02 3.259887174450693740e-04 3.260192087406612953e-04 1.329688868645265512e-04 7.849768130502572747e-04
7.330728215333299431e+02 3.229992512006456544e-04 3.230293213516920148e-04 1.322336508848821171e-04 7.782622234372197322e-04
7.334516705367062741e+02 3.200506694812771109e-04 3.200803262807766329e-04 1.315044935007095154e-04 7.716354892627633405e-04
7.338305195400827188e+02 3.171422310443586874e-04 3.171714821015151112e-04 1.307813479188975564e-04 7.650950610647713280e-04
7.342093685434590498e+02 3.142732113498399775e-04 3.143020640955356557e-04 1.300641482608448922e-04 7.586394237062204712e-04
7.345882175468354944e+02 3.114429021111529130e-04 3.114713638032100100e-04 1.293528295474807063e-04 7.522670954618436564e-04
7.349670665502118254e+02 3.086506108601576445e-04 3.086786885883994634e-04 1.286473276845735844e-04 7.459766271331306651e-04
7.353459155535882701e+02 3.058956605255852210e-04 3.059233612167076323e-04 1.279475794483166671e-04 7.397666011906095474e-04
7.357247645569647148e+02 3.031773890245265828e-04 3.032047194467884458e-04 1.272535224711885153e-04 7.336356309425034897e-04
7.361036135603410457e+02 3.004951488664873494e-04 3.005221156342297918e-04 1.265650952280794692e-04 7.275823597287966104e-04
7.364824625637174904e+02 2.978483067695783526e-04 2.978749163475805529e-04 1.258822370226790567e-04 7.216054601398379622e-04
7.368613115670938214e+02 2.952362432884268295e-04 2.952625019961062163e-04 1.252048879741216307e-04 7.157036332586546494e-04
7.372401605704702661e+02 2.926583524533812614e-04 2.926842664688453395e-04 1.245329890038788265e-04 7.098756079261054003e-04
7.376190095738467107e+02 2.901140414206446454e-04 2.901396167846013877e-04 1.238664818229004622e-04 7.041201400281465496e-04
7.379978585772230417e+02 2.876027301329391094e-04 2.876279727524726367e-04 1.232053089189929628e-04 6.984360118044046547e-04
7.383767075805994864e+02 2.851238509903512939e-04 2.851487666425678302e-04 1.225494135444326206e-04 6.928220311773517718e-04
7.387555565839758174e+02 2.826768485310165438e-04 2.827014428665673685e-04 1.218987397038101577e-04 6.872770311013940564e-04
7.391344055873522620e+02 2.802611791212906273e-04 2.802854576677767952e-04 1.212532321420976855e-04 6.817998689311651622e-04
7.395132545907287067e+02 2.778763106551099065e-04 2.779002788203743194e-04 1.206128363329382500e-04 6.763894258084224894e-04
7.398921035941050377e+02 2.755217222622120409e-04 2.755453853375226109e-04 1.199774984671493183e-04 6.710446060668839429e-04
7.402709525974814824e+02 2.731969040249278518e-04 2.732202671880571776e-04 1.193471654414369115e-04 6.657643366544219003e-04
7.406498016008578134e+02 2.709013567032648399e-04 2.709244250214703532e-04 1.187217848473183382e-04 6.605475665720535313e-04
7.410286506042342580e+02 2.686345914679888610e-04 2.686573699008974010e-04 1.181013049602442993e-04 6.553932663291306155e-04
7.414074996076105890e+02 2.663961296414611561e-04 2.664186230438616025e-04 1.174856747289220713e-04 6.503004274142448705e-04
7.417863486109870337e+02 2.641855024459520917e-04 2.642077155705005584e-04 1.168748437648295911e-04 6.452680617812821869e-04
7.421651976143634784e+02 2.620022507592088107e-04 2.620241882590479692e-04 1.162687623319222710e-04 6.402952013501790780e-04
7.425440466177398093e+02 2.598459248770191850e-04 2.598675913083177912e-04 1.156673813365239923e-04 6.353808975218609278e-04
7.429228956211162540e+02 2.577160842825556089e-04 2.577374841069681247e-04 1.150706523173999874e-04 6.305242207069236939e-04
7.433017446244925850e+02 2.556122974222802230e-04 2.556334350093322771e-04 1.144785274360105406e-04 6.257242598676231084e-04
7.436805936278690297e+02 2.535341414881868644e-04 2.535550211175877479e-04 1.138909594669361268e-04 6.209801220727106984e-04
7.440594426312454743e+02 2.514812022061930466e-04 2.515018280700782763e-04 1.133079017884768778e-04 6.162909320647482142e-04
7.444382916346218053e+02 2.494530736304697346e-04 2.494734498355766130e-04 1.127293083734178360e-04 6.116558318394641836e-04
7.448171406379982500e+02 2.474493579435249266e-04 2.474694885133029961e-04 1.121551337799583427e-04 6.070739802367862382e-04
7.451959896413745810e+02 2.454696652618646433e-04 2.454895541385237979e-04 1.115853331428043685e-04 6.025445525431928368e-04
7.455748386447510256e+02 2.435136134470390406e-04 2.435332644935376547e-04 1.110198621644160069e-04 5.980667401049926616e-04
7.459536876481274703e+02 2.415808279219222371e-04 2.416002449238963405e-04 1.104586771064117976e-04 5.936397499522303887e-04
7.463325366515038013e+02 2.396709414920449846e-04 2.396901281596824148e-04 1.099017347811230620e-04 5.892628044328504207e-04
7.467113856548802460e+02 2.377835941718300472e-04 2.378025541416895503e-04 1.093489925432964235e-04 5.849351408568160887e-04
7.470902346582565769e+02 2.359184330155808301e-04 2.359371698523594733e-04 1.088004082819434796e-04 5.806560111498837830e-04
7.474690836616330216e+02 2.340751119530628253e-04 2.340936291513126414e-04 1.082559404123305540e-04 5.764246815167059935e-04
7.478479326650093526e+02 2.322532916295524030e-04 2.322715926153483539e-04 1.077155478681106820e-04 5.722404321130113982e-04
7.482267816683857973e+02 2.304526392501976117e-04 2.304707273827584979e-04 1.071791900935898609e-04 5.681025567265459569e-04
7.486056306717622419e+02 2.286728284285752190e-04 2.286907070018388355e-04 1.066468270361299912e-04 5.640103624665440728e-04
7.489844796751385729e+02 2.269135390393024526e-04 2.269312112834571602e-04 1.061184191386816507e-04 5.599631694614413176e-04
7.493633286785150176e+02 2.251744570745848825e-04 2.251919261575581086e-04 1.055939273324459570e-04 5.559603105645888940e-04
7.497421776818913486e+02 2.234552745045861432e-04 2.234725435334920091e-04 1.050733130296640133e-04 5.520011310677421521e-04
7.501210266852677933e+02 2.217556891414908552e-04 2.217727611640378494e-04 1.045565381165285840e-04 5.480849884220573157e-04
7.504998756886442379e+02 2.200754045071646038e-04 2.200922825130247941e-04 1.040435649462188411e-04 5.442112519664083067e-04
7.508787246920205689e+02 2.184141297042908999e-04 2.184308166264319030e-04 1.035343563320532755e-04 5.403793026627760378e-04
7.512575736953970136e+02 2.167715792908849978e-04 2.167880780068657902e-04 1.030288755407589833e-04 5.365885328385097035e-04
7.516364226987733446e+02 2.151474731580900251e-04 2.151637864913216540e-04 1.025270862858574224e-04 5.328383459352691422e-04
7.520152717021497892e+02 2.135415364111447310e-04 2.135576671321173054e-04 1.020289527211596606e-04 5.291281562644216700e-04
7.523941207055262339e+02 2.119534992534437572e-04 2.119694500809209136e-04 1.015344394343745295e-04 5.254573887687392138e-04
7.527729697089025649e+02 2.103830968735879764e-04 2.103988704757690082e-04 1.010435114408229890e-04 5.218254787901799871e-04
7.531518187122790096e+02 2.088300693353403574e-04 2.088456683309920672e-04 1.005561341772583925e-04 5.182318718435907764e-04
7.535306677156553405e+02 2.072941614704084800e-04 2.073095884299668923e-04 1.000722734957923518e-04 5.146760233961677512e-04
7.539095167190317852e+02 2.057751227739583184e-04 2.057903802206017955e-04 9.959189565792016068e-05 5.111573986524802068e-04
7.542883657224081162e+02 2.042727073027956770e-04 2.042877977134898457e-04 9.911496732864829423e-05 5.076754723449337491e-04
7.546672147257845609e+02 2.027866735761215213e-04 2.028015993826368514e-04 9.864145557071810554e-05 5.042297285294764647e-04
7.550460637291610055e+02 2.013167844788028220e-04 2.013315480687061015e-04 9.817132783892747920e-05 5.008196603864364027e-04
7.554249127325373365e+02 1.998628071670741785e-04 1.998774108846945383e-04 9.770455197454540124e-05 4.974447700263140773e-04
7.558037617359137812e+02 1.984245129766052274e-04 1.984389591239750115e-04 9.724109619981944513e-05 4.941045683003996705e-04
7.561826107392901122e+02 1.970016773328712480e-04 1.970159681706431132e-04 9.678092911257511679e-05 4.907985746160894915e-04
7.565614597426665568e+02 1.955940796637499869e-04 1.956082174120904482e-04 9.632401968090232886e-05 4.875263167567427504e-04
7.569403087460430015e+02 1.942015033142942607e-04 1.942154901537549556e-04 9.587033723793149777e-05 4.842873307059806869e-04
7.573191577494193325e+02 1.928237354636093729e-04 1.928375735359759923e-04 9.541985147669392400e-05 4.810811604762793028e-04
7.576980067527957772e+02 1.914605670437791055e-04 1.914742584528990733e-04 9.497253244506641484e-05 4.779073579417446207e-04
