# frequency_cm-1 intensity_normalized
0.000000000000000000e+00 1.993860796436277573e-04
2.368205342810859315e-01 1.997126807734176204e-04
4.736410685621718630e-01 2.000400902442867231e-04
7.104616028432577668e-01 2.003683107333369595e-04
9.472821371243437261e-01 2.006973449287748935e-04
1.184102671405429685e+00 2.010271955299668904e-04
1.420923205686515534e+00 2.013578652474949529e-04
1.657743739967601604e+00 2.016893568032125856e-04
1.894564274248687452e+00 2.020216729303013080e-04
2.131384808529773522e+00 2.023548163733270336e-04
2.368205342810859371e+00 2.026887898882972073e-04
2.605025877091945219e+00 2.030235962427180511e-04
2.841846411373031067e+00 2.033592382156525419e-04
3.078666945654116915e+00 2.036957185977778743e-04
3.315487479935203208e+00 2.040330401914438447e-04
3.552308014216289056e+00 2.043712058107320759e-04
3.789128548497374904e+00 2.047102182815142390e-04
4.025949082778461197e+00 2.050500804415121721e-04
4.262769617059547045e+00 2.053907951403568610e-04
4.499590151340632893e+00 2.057323652396491817e-04
4.736410685621718741e+00 2.060747936130199109e-04
4.973231219902804590e+00 2.064180831461902787e-04
5.210051754183890438e+00 2.067622367370336054e-04
5.446872288464976286e+00 2.071072572956366949e-04
5.683692822746062134e+00 2.074531477443611728e-04
5.920513357027147983e+00 2.077999110179063434e-04
6.157333891308233831e+00 2.081475500633713416e-04
6.394154425589320567e+00 2.084960678403185313e-04
6.630974959870406416e+00 2.088454673208360915e-04
6.867795494151492264e+00 2.091957514896026073e-04
7.104616028432578112e+00 2.095469233439504412e-04
7.341436562713663960e+00 2.098989858939305151e-04
7.578257096994749809e+00 2.102519421623770632e-04
7.815077631275835657e+00 2.106057951849729291e-04
8.051898165556922393e+00 2.109605480103154843e-04
8.288718699838007353e+00 2.113162036999817624e-04
8.525539234119094090e+00 2.116727653285957337e-04
8.762359768400179050e+00 2.120302359838946579e-04
8.999180302681265786e+00 2.123886187667966034e-04
9.236000836962350746e+00 2.127479167914677488e-04
9.472821371243437483e+00 2.131081331853902812e-04
9.709641905524522443e+00 2.134692710894314869e-04
9.946462439805609179e+00 2.138313336579118122e-04
1.018328297408669592e+01 2.141943240586744693e-04
1.042010350836778088e+01 2.145582454731550148e-04
1.065692404264886761e+01 2.149231010964515519e-04
1.089374457692995257e+01 2.152888941373950679e-04
1.113056511121103931e+01 2.156556278186202058e-04
1.136738564549212427e+01 2.160233053766372820e-04
1.160420617977321101e+01 2.163919300619033018e-04
1.184102671405429597e+01 2.167615051388942758e-04
1.207784724833538270e+01 2.171320338861784573e-04
1.231466778261646766e+01 2.175035195964888761e-04
1.255148831689755440e+01 2.178759655767969821e-04
1.278830885117864113e+01 2.182493751483866702e-04
1.302512938545972609e+01 2.186237516469287910e-04
1.326194991974081283e+01 2.189990984225560972e-04
1.349877045402189779e+01 2.193754188399380802e-04
1.373559098830298453e+01 2.197527162783573793e-04
1.397241152258406949e+01 2.201309941317857030e-04
1.420923205686515622e+01 2.205102558089605904e-04
1.444605259114624118e+01 2.208905047334626067e-04
1.468287312542732792e+01 2.212717443437929447e-04
1.491969365970841288e+01 2.216539780934520564e-04
1.515651419398949962e+01 2.220372094510172283e-04
1.539333472827058635e+01 2.224214419002227302e-04
1.563015526255167131e+01 2.228066789400387189e-04
1.586697579683275805e+01 2.231929240847516582e-04
1.610379633111384479e+01 2.235801808640445500e-04
1.634061686539492797e+01 2.239684528230783311e-04
1.657743739967601471e+01 2.243577435225733237e-04
1.681425793395710144e+01 2.247480565388910382e-04
1.705107846823818818e+01 2.251393954641171152e-04
1.728789900251927136e+01 2.255317639061439410e-04
1.752471953680035810e+01 2.259251654887547555e-04
1.776154007108144484e+01 2.263196038517072161e-04
1.799836060536253157e+01 2.267150826508183999e-04
1.823518113964361831e+01 2.271116055580498319e-04
1.847200167392470149e+01 2.275091762615929743e-04
1.870882220820578823e+01 2.279077984659556649e-04
1.894564274248687497e+01 2.283074758920486901e-04
1.918246327676796170e+01 2.287082122772730636e-04
1.941928381104904489e+01 2.291100113756080092e-04
1.965610434533013162e+01 2.295128769576988898e-04
1.989292487961121836e+01 2.299168128109468163e-04
2.012974541389230509e+01 2.303218227395974443e-04
2.036656594817339183e+01 2.307279105648310166e-04
2.060338648245447501e+01 2.311350801248536534e-04
2.084020701673556175e+01 2.315433352749876660e-04
2.107702755101664849e+01 2.319526798877636600e-04
2.131384808529773522e+01 2.323631178530126385e-04
2.155066861957881841e+01 2.327746530779594325e-04
2.178748915385990514e+01 2.331872894873152655e-04
2.202430968814099188e+01 2.336010310233726205e-04
2.226113022242207862e+01 2.340158816460989155e-04
2.249795075670316180e+01 2.344318453332328619e-04
2.273477129098424854e+01 2.348489260803794676e-04
2.297159182526533527e+01 2.352671279011064767e-04
2.320841235954642201e+01 2.356864548270422462e-04
2.344523289382750875e+01 2.361069109079722396e-04
2.368205342810859193e+01 2.365285002119377710e-04
2.391887396238967867e+01 2.369512268253351820e-04
2.415569449667076540e+01 2.373750948530152093e-04
2.439251503095185214e+01 2.378001084183824871e-04
2.462933556523293532e+01 2.382262716634971913e-04
2.486615609951402206e+01 2.386535887491760867e-04
2.510297663379510880e+01 2.390820638550945779e-04
2.533979716807619553e+01 2.395117011798891934e-04
2.557661770235728227e+01 2.399425049412613710e-04
2.581343823663836545e+01 2.403744793760810529e-04
2.605025877091945219e+01 2.408076287404918266e-04
2.628707930520053893e+01 2.412419573100156318e-04
2.652389983948162566e+01 2.416774693796593641e-04
2.676072037376270885e+01 2.421141692640214795e-04
2.699754090804379558e+01 2.425520612973990867e-04
2.723436144232488232e+01 2.429911498338959872e-04
2.747118197660596906e+01 2.434314392475318009e-04
2.770800251088705224e+01 2.438729339323510907e-04
2.794482304516813898e+01 2.443156383025338156e-04
2.818164357944922571e+01 2.447595567925056484e-04
2.841846411373031245e+01 2.452046938570504346e-04
2.865528464801139918e+01 2.456510539714215125e-04
2.889210518229248237e+01 2.460986416314553654e-04
2.912892571657356910e+01 2.465474613536852450e-04
2.936574625085465584e+01 2.469975176754552848e-04
2.960256678513574258e+01 2.474488151550362919e-04
2.983938731941682576e+01 2.479013583717412151e-04
3.007620785369791250e+01 2.483551519260425639e-04
3.031302838797899923e+01 2.488102004396886891e-04
3.054984892226008597e+01 2.492665085558232077e-04
3.078666945654117271e+01 2.497240809391033435e-04
3.102348999082225589e+01 2.501829222758197315e-04
3.126031052510334263e+01 2.506430372740171982e-04
3.149713105938442936e+01 2.511044306636162462e-04
3.173395159366551610e+01 2.515671071965344847e-04
3.197077212794659928e+01 2.520310716468102293e-04
3.220759266222768957e+01 2.524963288107260457e-04
3.244441319650876920e+01 2.529628835069330545e-04
3.268123373078985594e+01 2.534307405765763728e-04
3.291805426507094268e+01 2.538999048834217494e-04
3.315487479935202941e+01 2.543703813139816571e-04
3.339169533363311615e+01 2.548421747776439877e-04
3.362851586791420289e+01 2.553152902068001506e-04
3.386533640219528962e+01 2.557897325569748518e-04
3.410215693647637636e+01 2.562655068069563604e-04
3.433897747075746310e+01 2.567426179589277517e-04
3.457579800503854273e+01 2.572210710385988545e-04
3.481261853931962946e+01 2.577008710953396079e-04
3.504943907360071620e+01 2.581820232023133098e-04
3.528625960788180294e+01 2.586645324566118169e-04
3.552308014216288967e+01 2.591484039793910698e-04
3.575990067644397641e+01 2.596336429160072149e-04
3.599672121072506314e+01 2.601202544361545148e-04
3.623354174500614988e+01 2.606082437340033128e-04
3.647036227928723662e+01 2.610976160283395159e-04
3.670718281356831625e+01 2.615883765627046191e-04
3.694400334784940299e+01 2.620805306055368146e-04
3.718082388213048972e+01 2.625740834503130223e-04
3.741764441641157646e+01 2.630690404156919501e-04
3.765446495069266319e+01 2.635654068456579134e-04
3.789128548497374993e+01 2.640631881096656302e-04
3.812810601925483667e+01 2.645623896027865887e-04
3.836492655353592340e+01 2.650630167458551973e-04
3.860174708781701014e+01 2.655650749856171039e-04
3.883856762209808977e+01 2.660685697948777855e-04
3.907538815637917651e+01 2.665735066726525478e-04
3.931220869066026324e+01 2.670798911443169037e-04
3.954902922494134998e+01 2.675877287617591210e-04
3.978584975922243672e+01 2.680970251035321729e-04
4.002267029350352345e+01 2.686077857750086167e-04
4.025949082778461019e+01 2.691200164085344958e-04
4.049631136206569693e+01 2.696337226635862785e-04
4.073313189634678366e+01 2.701489102269270912e-04
4.096995243062786329e+01 2.706655848127652287e-04
4.120677296490895003e+01 2.711837521629130443e-04
4.144359349919003677e+01 2.717034180469474116e-04
4.168041403347112350e+01 2.722245882623710537e-04
4.191723456775221024e+01 2.727472686347745773e-04
4.215405510203329698e+01 2.732714650180002956e-04
4.239087563631438371e+01 2.737971832943069729e-04
4.262769617059547045e+01 2.743244293745350569e-04
4.286451670487655008e+01 2.748532091982741339e-04
4.310133723915763682e+01 2.753835287340305462e-04
4.333815777343872355e+01 2.759153939793966906e-04
4.357497830771981029e+01 2.764488109612213461e-04
4.381179884200089703e+01 2.769837857357808700e-04
4.404861937628198376e+01 2.775203243889525070e-04
4.428543991056307050e+01 2.780584330363875369e-04
4.452226044484415723e+01 2.785981178236865354e-04
4.475908097912524397e+01 2.791393849265756655e-04
4.499590151340632360e+01 2.796822405510840533e-04
4.523272204768741034e+01 2.802266909337226266e-04
4.546954258196849707e+01 2.807727423416636050e-04
4.570636311624958381e+01 2.813204010729221578e-04
4.594318365053067055e+01 2.818696734565381704e-04
4.618000418481175728e+01 2.824205658527603963e-04
4.641682471909284402e+01 2.829730846532312050e-04
4.665364525337393076e+01 2.835272362811724141e-04
4.689046578765501749e+01 2.840830271915737240e-04
4.712728632193609712e+01 2.846404638713801762e-04
4.736410685621718386e+01 2.851995528396832980e-04
4.760092739049827060e+01 2.857603006479121936e-04
4.783774792477935733e+01 2.863227138800258811e-04
4.807456845906044407e+01 2.868867991527080698e-04
4.831138899334153081e+01 2.874525631155620451e-04
4.854820952762261754e+01 2.880200124513077769e-04
4.878503006190370428e+01 2.885891538759799489e-04
4.902185059618479102e+01 2.891599941391273976e-04
4.925867113046587065e+01 2.897325400240145571e-04
4.949549166474695738e+01 2.903067983478232290e-04
4.973231219902804412e+01 2.908827759618566296e-04
4.996913273330913086e+01 2.914604797517444663e-04
5.020595326759021759e+01 2.920399166376501832e-04
5.044277380187130433e+01 2.926210935744780976e-04
5.067959433615239107e+01 2.932040175520834644e-04
5.091641487043347780e+01 2.937886955954841666e-04
5.115323540471456454e+01 2.943751347650717552e-04
5.139005593899564417e+01 2.949633421568268799e-04
5.162687647327673091e+01 2.955533249025340701e-04
5.186369700755781764e+01 2.961450901699993338e-04
5.210051754183890438e+01 2.967386451632680823e-04
5.233733807611999111e+01 2.973339971228459826e-04
5.257415861040107785e+01 2.979311533259203508e-04
5.281097914468216459e+01 2.985301210865834443e-04
5.304779967896325132e+01 2.991309077560573787e-04
5.328462021324433806e+01 2.997335207229206728e-04
5.352144074752541769e+01 3.003379674133363638e-04
5.375826128180650443e+01 3.009442552912817504e-04
5.399508181608759116e+01 3.015523918587795444e-04
5.423190235036867790e+01 3.021623846561313537e-04
5.446872288464976464e+01 3.027742412621518158e-04
5.470554341893085137e+01 3.033879692944054960e-04
5.494236395321193811e+01 3.040035764094447071e-04
5.517918448749302485e+01 3.046210703030489552e-04
5.541600502177410448e+01 3.052404587104674220e-04
5.565282555605519121e+01 3.058617494066610126e-04
5.588964609033627795e+01 3.064849502065484154e-04
5.612646662461736469e+01 3.071100689652521074e-04
5.636328715889845142e+01 3.077371135783472868e-04
5.660010769317953816e+01 3.083660919821118365e-04
5.683692822746062490e+01 3.089970121537790508e-04
5.707374876174171163e+01 3.096298821117914480e-04
5.731056929602279837e+01 3.102647099160559365e-04
5.754738983030387800e+01 3.109015036682022891e-04
5.778421036458496474e+01 3.115402715118426469e-04
5.802103089886605147e+01 3.121810216328320528e-04
5.825785143314713821e+01 3.128237622595331051e-04
5.849467196742822495e+01 3.134685016630800697e-04
5.873149250170931168e+01 3.141152481576470570e-04
5.896831303599039842e+01 3.147640101007161454e-04
5.920513357027148515e+01 3.154147958933492448e-04
5.944195410455257189e+01 3.160676139804610447e-04
5.967877463883365152e+01 3.167224728510940218e-04
5.991559517311473826e+01 3.173793810386952370e-04
6.015241570739582500e+01 3.180383471213962224e-04
6.038923624167691173e+01 3.186993797222936807e-04
6.062605677595799847e+01 3.193624875097327877e-04
6.086287731023908520e+01 3.200276791975926625e-04
6.109969784452017194e+01 3.206949635455738439e-04
6.133651837880125868e+01 3.213643493594878263e-04
6.157333891308234541e+01 3.220358454915488188e-04
6.181015944736342504e+01 3.227094608406676723e-04
6.204697998164451178e+01 3.233852043527479206e-04
6.228380051592559852e+01 3.240630850209839367e-04
6.252062105020668525e+01 3.247431118861616355e-04
6.275744158448777199e+01 3.254252940369612920e-04
6.299426211876885873e+01 3.261096406102620394e-04
6.323108265304994546e+01 3.267961607914494568e-04
6.346790318733103220e+01 3.274848638147252180e-04
6.370472372161211894e+01 3.281757589634185825e-04
6.394154425589319857e+01 3.288688555703011933e-04
6.417836479017428530e+01 3.295641630179027971e-04
6.441518532445537915e+01 3.302616907388310837e-04
6.465200585873645878e+01 3.309614482160920675e-04
6.488882639301753841e+01 3.316634449834146982e-04
6.512564692729863225e+01 3.323676906255765002e-04
6.536246746157971188e+01 3.330741947787320867e-04
6.559928799586080572e+01 3.337829671307450874e-04
6.583610853014188535e+01 3.344940174215208363e-04
6.607292906442297920e+01 3.352073554433431250e-04
6.630974959870405883e+01 3.359229910412125280e-04
6.654657013298515267e+01 3.366409341131879258e-04
6.678339066726623230e+01 3.373611946107303063e-04
6.702021120154731193e+01 3.380837825390491666e-04
6.725703173582840577e+01 3.388087079574518437e-04
6.749385227010948540e+01 3.395359809796949036e-04
6.773067280439057924e+01 3.402656117743393265e-04
6.796749333867165888e+01 3.409976105651068299e-04
6.820431387295275272e+01 3.417319876312404194e-04
6.844113440723383235e+01 3.424687533078671635e-04
6.867795494151492619e+01 3.432079179863630272e-04
6.891477547579600582e+01 3.439494921147219345e-04
6.915159601007708545e+01 3.446934861979267283e-04
6.938841654435817929e+01 3.454399107983228403e-04
6.962523707863925893e+01 3.461887765359956482e-04
6.986205761292035277e+01 3.469400940891500542e-04
7.009887814720143240e+01 3.476938741944935341e-04
7.033569868148252624e+01 3.484501276476219505e-04
7.057251921576360587e+01 3.492088653034079141e-04
7.080933975004469971e+01 3.499700980763934270e-04
7.104616028432577934e+01 3.507338369411839370e-04
7.128298081860685897e+01 3.515000929328473771e-04
7.151980135288795282e+01 3.522688771473141828e-04
7.175662188716903245e+01 3.530402007417825661e-04
7.199344242145012629e+01 3.538140749351256884e-04
7.223026295573120592e+01 3.545905110083024097e-04
7.246708349001229976e+01 3.553695203047715087e-04
7.270390402429337939e+01 3.561511142309088836e-04
7.294072455857447324e+01 3.569353042564283847e-04
7.317754509285555287e+01 3.577221019148056841e-04
7.341436562713663250e+01 3.585115188037059386e-04
7.365118616141772634e+01 3.593035665854147059e-04
7.388800669569880597e+01 3.600982569872722221e-04
7.412482722997989981e+01 3.608956018021119614e-04
7.436164776426097944e+01 3.616956128887010386e-04
7.459846829854207328e+01 3.624983021721869011e-04
7.483528883282315292e+01 3.633036816445446701e-04
7.507210936710424676e+01 3.641117633650308252e-04
7.530892990138532639e+01 3.649225594606389489e-04
7.554575043566640602e+01 3.657360821265598079e-04
7.578257096994749986e+01 3.665523436266462042e-04
7.601939150422857949e+01 3.673713562938793996e-04
7.625621203850967333e+01 3.681931325308428573e-04
7.649303257279075297e+01 3.690176848101965265e-04
7.672985310707184681e+01 3.698450256751575774e-04
7.696667364135292644e+01 3.706751677399853107e-04
7.720349417563402028e+01 3.715081236904681813e-04
7.744031470991509991e+01 3.723439062844177065e-04
7.767713524419617954e+01 3.731825283521652474e-04
7.791395577847727338e+01 3.740240027970637778e-04
7.815077631275835301e+01 3.748683425959936644e-04
7.838759684703944686e+01 3.757155607998738682e-04
7.862441738132052649e+01 3.765656705341773741e-04
7.886123791560162033e+01 3.774186849994517166e-04
7.909805844988269996e+01 3.782746174718442213e-04
7.933487898416379380e+01 3.791334813036327219e-04
7.957169951844487343e+01 3.799952899237609392e-04
7.980852005272595306e+01 3.808600568383797152e-04
8.004534058700704691e+01 3.817277956313934505e-04
8.028216112128812654e+01 3.825985199650121260e-04
8.051898165556922038e+01 3.834722435803097755e-04
8.075580218985030001e+01 3.843489802977877829e-04
8.099262272413139385e+01 3.852287440179458775e-04
8.122944325841247348e+01 3.861115487218581160e-04
8.146626379269356732e+01 3.869974084717569965e-04
8.170308432697464696e+01 3.878863374116231022e-04
8.193990486125572659e+01 3.887783497677826049e-04
8.217672539553682043e+01 3.896734598495127377e-04
8.241354592981790006e+01 3.905716820496545321e-04
8.265036646409899390e+01 3.914730308452344450e-04
8.288718699838007353e+01 3.923775207980931962e-04
8.312400753266116737e+01 3.932851665555254475e-04
8.336082806694224701e+01 3.941959828509285354e-04
8.359764860122334085e+01 3.951099845044604730e-04
8.383446913550442048e+01 3.960271864237096076e-04
8.407128966978550011e+01 3.969476036043752287e-04
8.430811020406659395e+01 3.978712511309610237e-04
8.454493073834767358e+01 3.987981441774788877e-04
8.478175127262876742e+01 3.997282980081699722e-04
8.501857180690984706e+01 4.006617279782360335e-04
8.525539234119094090e+01 4.015984495345901344e-04
8.549221287547202053e+01 4.025384782166206818e-04
8.572903340975310016e+01 4.034818296569741658e-04
8.596585394403419400e+01 4.044285195823564940e-04
8.620267447831527363e+01 4.053785638143530819e-04
8.643949501259636747e+01 4.063319782702701395e-04
8.667631554687744710e+01 4.072887789639965581e-04
8.691313608115854095e+01 4.082489820068901910e-04
8.714995661543962058e+01 4.092126036086851139e-04
8.738677714972071442e+01 4.101796600784231718e-04
8.762359768400179405e+01 4.111501678254097570e-04
8.786041821828287368e+01 4.121241433601906755e-04
8.809723875256396752e+01 4.131016032955503177e-04
8.833405928684504715e+01 4.140825643475267966e-04
8.857087982112614100e+01 4.150670433364404767e-04
8.880770035540722063e+01 4.160550571879262425e-04
8.904452088968831447e+01 4.170466229339593709e-04
8.928134142396939410e+01 4.180417577138611823e-04
8.951816195825048794e+01 4.190404787752595906e-04
8.975498249253156757e+01 4.200428034749781477e-04
8.999180302681264720e+01 4.210487492798149897e-04
9.022862356109374105e+01 4.220583337671566571e-04
9.046544409537482068e+01 4.230715746253633667e-04
9.070226462965591452e+01 4.240884896538351474e-04
9.093908516393699415e+01 4.251090967626490664e-04
9.117590569821808799e+01 4.261334139716269780e-04
9.141272623249916762e+01 4.271614594086596182e-04
9.164954676678026146e+01 4.281932513070812085e-04
9.188636730106134110e+01 4.292288080018458554e-04
9.212318783534242073e+01 4.302681479242331732e-04
9.236000836962351457e+01 4.313112895947892613e-04
9.259682890390459420e+01 4.323582516142185925e-04
9.283364943818568804e+01 4.334090526520016249e-04
9.307046997246676767e+01 4.344637114326373607e-04
9.330729050674786151e+01 4.355222467196520142e-04
9.354411104102894114e+01 4.365846772978796797e-04
9.378093157531003499e+01 4.376510219550685155e-04
9.401775210959111462e+01 4.387212994645715652e-04
9.425457264387219425e+01 4.397955285717188782e-04
9.449139317815328809e+01 4.408737279873094239e-04
9.472821371243436772e+01 4.419559163922776599e-04
9.496503424671546156e+01 4.430421124576793901e-04
9.520185478099654119e+01 4.441323348832957045e-04
9.543867531527763504e+01 4.452266024561103448e-04
9.567549584955871467e+01 4.463249341266159074e-04
9.591231638383980851e+01 4.474273490967706668e-04
9.614913691812088814e+01 4.485338669094212933e-04
9.638595745240196777e+01 4.496445075264140904e-04
9.662277798668306161e+01 4.507592913826734271e-04
9.685959852096414124e+01 4.518782394067532779e-04
9.709641905524523509e+01 4.530013730042245891e-04
9.733323958952631472e+01 4.541287140071631674e-04
9.757006012380740856e+01 4.552602845989745699e-04
9.780688065808848819e+01 4.563961072271781718e-04
9.804370119236958203e+01 4.575362045170036250e-04
9.828052172665066166e+01 4.586805991961775855e-04
9.851734226093174129e+01 4.598293140373115951e-04
9.875416279521283514e+01 4.609823718201474510e-04
9.899098332949391477e+01 4.621397953125585146e-04
9.922780386377500861e+01 4.633016072670821618e-04
9.946462439805608824e+01 4.644678304288616722e-04
9.970144493233718208e+01 4.656384875509210117e-04
9.993826546661826171e+01 4.668136014132879901e-04
1.001750860008993556e+02 4.679931948433279851e-04
1.004119065351804352e+02 4.691772907354776687e-04
1.006487270694615148e+02 4.703659120693009306e-04
1.008855476037426087e+02 4.715590819253251149e-04
1.011223681380236883e+02 4.727568234985091416e-04
1.013591886723047821e+02 4.739591601094290583e-04
1.015960092065858618e+02 4.751661152134042032e-04
1.018328297408669556e+02 4.763777124078457108e-04
1.020696502751480352e+02 4.775939754381202567e-04
1.023064708094291291e+02 4.788149282022085488e-04
1.025432913437102087e+02 4.800405947544014273e-04
1.027801118779912883e+02 4.812709993082496529e-04
1.030169324122723822e+02 4.825061662389380931e-04
1.032537529465534618e+02 4.837461200852272028e-04
1.034905734808345557e+02 4.849908855510781354e-04
1.037273940151156353e+02 4.862404875070455625e-04
1.039642145493967291e+02 4.874949509915103580e-04
1.042010350836778088e+02 4.887543012118037529e-04
1.044378556179589026e+02 4.900185635452621556e-04
1.046746761522399822e+02 4.912877635402438086e-04
1.049114966865210619e+02 4.925619269171265793e-04
1.051483172208021557e+02 4.938410795693078115e-04
1.053851377550832353e+02 4.951252475642097060e-04
1.056219582893643292e+02 4.964144571443085538e-04
1.058587788236454088e+02 4.977087347281824005e-04
1.060955993579265026e+02 4.990081069115898278e-04
1.063324198922075823e+02 5.003126004685746466e-04
1.065692404264886761e+02 5.016222423526040929e-04
1.068060609607697558e+02 5.029370596977341280e-04
1.070428814950508354e+02 5.042570798198092166e-04
1.072797020293319292e+02 5.055823302176871504e-04
1.075165225636130089e+02 5.069128385744986736e-04
1.077533430978941027e+02 5.082486327589316125e-04
1.079901636321751823e+02 5.095897408265439524e-04
1.082269841664562762e+02 5.109361910211047790e-04
1.084638047007373558e+02 5.122880117759590719e-04
1.087006252350184496e+02 5.136452317154194952e-04
1.089374457692995293e+02 5.150078796561810644e-04
1.091742663035806089e+02 5.163759846087600993e-04
1.094110868378617027e+02 5.177495757789561627e-04
1.096479073721427824e+02 5.191286825693362241e-04
1.098847279064238762e+02 5.205133345807402920e-04
1.101215484407049559e+02 5.219035616138076447e-04
1.103583689749860497e+02 5.232993936705262637e-04
1.105951895092671293e+02 5.247008609557999399e-04
1.108320100435482090e+02 5.261079938790369547e-04
1.110688305778293028e+02 5.275208230557586024e-04
1.113056511121103824e+02 5.289393793092271199e-04
1.115424716463914763e+02 5.303636936720935655e-04
1.117792921806725559e+02 5.317937973880625026e-04
1.120161127149536497e+02 5.332297219135808623e-04
1.122529332492347294e+02 5.346714989195397059e-04
1.124897537835158232e+02 5.361191602929997338e-04
1.127265743177969028e+02 5.375727381389338146e-04
1.129633948520779825e+02 5.390322647819883800e-04
1.132002153863590763e+02 5.404977727682643354e-04
1.134370359206401560e+02 5.419692948671158599e-04
1.136738564549212498e+02 5.434468640729701308e-04
1.139106769892023294e+02 5.449305136071634203e-04
1.141474975234834233e+02 5.464202769197992011e-04
1.143843180577645029e+02 5.479161876916230573e-04
1.146211385920455967e+02 5.494182798359184116e-04
1.148579591263266764e+02 5.509265875004205762e-04
1.150947796606077560e+02 5.524411450692517283e-04
1.153316001948888498e+02 5.539619871648746420e-04
1.155684207291699295e+02 5.554891486500650698e-04
1.158052412634510233e+02 5.570226646299067819e-04
1.160420617977321029e+02 5.585625704538047138e-04
1.162788823320131968e+02 5.601089017175186037e-04
1.165157028662942764e+02 5.616616942652184231e-04
1.167525234005753703e+02 5.632209841915585642e-04
1.169893439348564499e+02 5.647868078437738191e-04
1.172261644691375295e+02 5.663592018237974778e-04
1.174629850034186234e+02 5.679382029903974225e-04
1.176998055376997030e+02 5.695238484613374856e-04
1.179366260719807968e+02 5.711161756155577795e-04
1.181734466062618765e+02 5.727152220953781207e-04
1.184102671405429703e+02 5.743210258087232470e-04
1.186470876748240499e+02 5.759336249313690669e-04
1.188839082091051438e+02 5.775530579092147138e-04
1.191207287433862234e+02 5.791793634605731404e-04
1.193575492776673030e+02 5.808125805784880580e-04
1.195943698119483969e+02 5.824527485330722358e-04
1.198311903462294765e+02 5.840999068738703028e-04
1.200680108805105704e+02 5.857540954322449679e-04
1.203048314147916500e+02 5.874153543237867680e-04
1.205416519490727438e+02 5.890837239507488608e-04
1.207784724833538235e+02 5.907592450045056698e-04
1.210152930176349173e+02 5.924419584680366835e-04
1.212521135519159969e+02 5.941319056184360577e-04
1.214889340861970766e+02 5.958291280294450952e-04
1.217257546204781704e+02 5.975336675740139988e-04
1.219625751547592500e+02 5.992455664268865004e-04
1.221993956890403439e+02 6.009648670672122469e-04
1.224362162233214235e+02 6.026916122811845546e-04
1.226730367576025174e+02 6.044258451647065719e-04
1.229098572918835970e+02 6.061676091260834610e-04
1.231466778261646908e+02 6.079169478887422274e-04
1.233834983604457705e+02 6.096739054939785468e-04
1.236203188947268501e+02 6.114385263037343818e-04
1.238571394290079439e+02 6.132108550033998863e-04
1.240939599632890236e+02 6.149909366046469672e-04
1.243307804975701174e+02 6.167788164482916873e-04
1.245676010318511970e+02 6.185745402071843140e-04
1.248044215661322909e+02 6.203781538891314611e-04
1.250412421004133705e+02 6.221897038398452274e-04
1.252780626346944644e+02 6.240092367459276800e-04
1.255148831689755440e+02 6.258367996378791896e-04
1.257517037032566236e+02 6.276724398931452561e-04
1.259885242375377175e+02 6.295162052391887033e-04
1.262253447718187971e+02 6.313681437565976532e-04
1.264621653060998909e+02 6.332283038822243996e-04
1.266989858403809706e+02 6.350967344123562659e-04
1.269358063746620644e+02 6.369734845059219159e-04
1.271726269089431440e+02 6.388586036877263964e-04
1.274094474432242379e+02 6.407521418517264037e-04
1.276462679775053175e+02 6.426541492643330885e-04
1.278830885117863971e+02 6.445646765677549763e-04
1.281199090460674768e+02 6.464837747833723303e-04
1.283567295803485706e+02 6.484114953151491351e-04
1.285935501146296644e+02 6.503478899530791254e-04
1.288303706489107583e+02 6.522930108766695437e-04
1.290671911831918237e+02 6.542469106584611121e-04
1.293040117174729176e+02 6.562096422675854071e-04
1.295408322517540114e+02 6.581812590733594238e-04
1.297776527860350768e+02 6.601618148489178705e-04
1.300144733203161707e+02 6.621513637748861194e-04
1.302512938545972645e+02 6.641499604430892633e-04
1.304881143888783583e+02 6.661576598603022618e-04
1.307249349231594238e+02 6.681745174520402038e-04
1.309617554574405176e+02 6.702005890663891192e-04
1.311985759917216114e+02 6.722359309778759302e-04
1.314353965260027053e+02 6.742805998913822037e-04
1.316722170602837707e+02 6.763346529460981292e-04
1.319090375945648645e+02 6.783981477195211640e-04
1.321458581288459584e+02 6.804711422314937107e-04
1.323826786631270238e+02 6.825536949482888249e-04
1.326194991974081177e+02 6.846458647867374476e-04
1.328563197316892115e+02 6.867477111183997642e-04
1.330931402659703053e+02 6.888592937737840526e-04
1.333299608002513708e+02 6.909806730466081393e-04
1.335667813345324646e+02 6.931119096981110551e-04
1.338036018688135584e+02 6.952530649614070820e-04
1.340404224030946239e+02 6.974042005458902169e-04
1.342772429373757177e+02 6.995653786416868806e-04
1.345140634716568115e+02 7.017366619241547070e-04
1.347508840059379054e+02 7.039181135584331563e-04
1.349877045402189708e+02 7.061097972040416160e-04
1.352245250745000646e+02 7.083117770195312794e-04
1.354613456087811585e+02 7.105241176671842941e-04
1.356981661430622523e+02 7.127468843177670130e-04
1.359349866773433178e+02 7.149801426553351784e-04
1.361718072116244116e+02 7.172239588820926654e-04
1.364086277459055054e+02 7.194783997233012915e-04
1.366454482801865709e+02 7.217435324322492816e-04
1.368822688144676647e+02 7.240194247952722083e-04
1.371190893487487585e+02 7.263061451368286840e-04
1.373559098830298524e+02 7.286037623246352513e-04
1.375927304173109178e+02 7.309123457748571088e-04
1.378295509515920116e+02 7.332319654573570596e-04
1.380663714858731055e+02 7.355626919010019218e-04
1.383031920201541709e+02 7.379045961990305215e-04
1.385400125544352647e+02 7.402577500144807759e-04
1.387768330887163586e+02 7.426222255856774904e-04
1.390136536229974524e+02 7.449980957317818477e-04
1.392504741572785179e+02 7.473854338584041057e-04
1.394872946915596117e+02 7.497843139632801544e-04
1.397241152258407055e+02 7.521948106420104155e-04
1.399609357601217994e+02 7.546169990938650938e-04
1.401977562944028648e+02 7.570509551276543734e-04
1.404345768286839586e+02 7.594967551676687616e-04
1.406713973629650525e+02 7.619544762596793886e-04
1.409082178972461179e+02 7.644241960770157196e-04
1.411450384315272117e+02 7.669059929267066930e-04
1.413818589658083056e+02 7.693999457556937411e-04
1.416186795000893994e+02 7.719061341571154759e-04
1.418555000343704648e+02 7.744246383766640414e-04
1.420923205686515587e+02 7.769555393190153000e-04
1.423291411029326525e+02 7.794989185543301424e-04
1.425659616372137179e+02 7.820548583248349440e-04
1.428027821714948118e+02 7.846234415514766148e-04
1.430396027057759056e+02 7.872047518406512668e-04
1.432764232400569995e+02 7.897988734910157136e-04
1.435132437743380649e+02 7.924058915003756240e-04
1.437500643086191587e+02 7.950258915726540147e-04
1.439868848429002526e+02 7.976589601249400819e-04
1.442237053771813464e+02 8.003051842946229269e-04
1.444605259114624118e+02 8.029646519466035600e-04
1.446973464457435057e+02 8.056374516805994961e-04
1.449341669800245995e+02 8.083236728385251356e-04
1.451709875143056649e+02 8.110234055119662543e-04
1.454078080485867588e+02 8.137367405497406871e-04
1.456446285828678526e+02 8.164637695655441217e-04
1.458814491171489465e+02 8.192045849456924952e-04
1.461182696514300119e+02 8.219592798569505835e-04
1.463550901857111057e+02 8.247279482544571947e-04
1.465919107199921996e+02 8.275106848897412172e-04
1.468287312542732650e+02 8.303075853188338377e-04
1.470655517885543588e+02 8.331187459104801799e-04
1.473023723228354527e+02 8.359442638544440762e-04
1.475391928571165465e+02 8.387842371699148628e-04
1.477760133913976119e+02 8.416387647140146809e-04
1.480128339256787058e+02 8.445079461904076920e-04
1.482496544599597996e+02 8.473918821580116428e-04
1.484864749942408650e+02 8.502906740398138378e-04
1.487232955285219589e+02 8.532044241317965089e-04
1.489601160628030527e+02 8.561332356119651836e-04
1.491969365970841466e+02 8.590772125494903523e-04
1.494337571313652120e+02 8.620364599139565803e-04
1.496705776656463058e+02 8.650110835847278461e-04
1.499073981999273997e+02 8.680011903604199991e-04
1.501442187342084935e+02 8.710068879684965994e-04
1.503810392684895589e+02 8.740282850749745867e-04
1.506178598027706528e+02 8.770654912942550674e-04
1.508546803370517466e+02 8.801186171990664237e-04
1.510915008713328120e+02 8.831877743305375280e-04
1.513283214056139059e+02 8.862730752083902187e-04
1.515651419398949997e+02 8.893746333412558096e-04
1.518019624741760936e+02 8.924925632371226783e-04
1.520387830084571590e+02 8.956269804139091895e-04
1.522756035427382528e+02 8.987780014101713838e-04
1.525124240770193467e+02 9.019457437959383858e-04
1.527492446113004121e+02 9.051303261836844216e-04
1.529860651455815059e+02 9.083318682394408072e-04
1.532228856798625998e+02 9.115504906940392329e-04
1.534597062141436936e+02 9.147863153545008740e-04
1.536965267484247590e+02 9.180394651155647122e-04
1.539333472827058529e+02 9.213100639713642844e-04
1.541701678169869467e+02 9.245982370272444028e-04
1.544069883512680406e+02 9.279041105117312883e-04
1.546438088855491060e+02 9.312278117886527585e-04
1.548806294198301998e+02 9.345694693694097700e-04
1.551174499541112937e+02 9.379292129254028932e-04
1.553542704883923591e+02 9.413071733006176224e-04
1.555910910226734529e+02 9.447034825243685223e-04
1.558279115569545468e+02 9.481182738242041608e-04
1.560647320912356406e+02 9.515516816389775999e-04
1.563015526255167060e+02 9.550038416320817940e-04
1.565383731597977999e+02 9.584748907048581349e-04
1.567751936940788937e+02 9.619649670101699038e-04
1.570120142283599591e+02 9.654742099661545087e-04
1.572488347626410530e+02 9.690027602701526636e-04
1.574856552969221468e+02 9.725507599128129909e-04
1.577224758312032407e+02 9.761183521923808308e-04
1.579592963654843061e+02 9.797056817291713640e-04
1.581961168997653999e+02 9.833128944802312782e-04
1.584329374340464938e+02 9.869401377541858322e-04
1.586697579683275876e+02 9.905875602262829201e-04
1.589065785026086530e+02 9.942553119536327259e-04
1.591433990368897469e+02 9.979435443906430753e-04
1.593802195711708407e+02 1.001652410404658185e-03
1.596170401054519061e+02 1.005382064291801677e-03
1.598538606397330000e+02 1.009132661793028189e-03
1.600906811740140938e+02 1.012904360110382720e-03
1.603275017082951877e+02 1.016697317923476607e-03
1.605643222425762531e+02 1.020511695406180110e-03
1.608011427768573469e+02 1.024347654243534236e-03
1.610379633111384408e+02 1.028205357648886986e-03
1.612747838454195062e+02 1.032084970381256421e-03
1.615116043797006000e+02 1.035986658762925745e-03
1.617484249139816939e+02 1.039910590697268669e-03
1.619852454482627877e+02 1.043856935686816347e-03
1.622220659825438531e+02 1.047825864851562603e-03
1.624588865168249470e+02 1.051817550947517672e-03
1.626957070511060408e+02 1.055832168385505664e-03
1.629325275853871346e+02 1.059869893250217458e-03
1.631693481196682001e+02 1.063930903319520137e-03
1.634061686539492939e+02 1.068015378084026610e-03
1.636429891882303878e+02 1.072123498766927195e-03
1.638798097225114532e+02 1.076255448344091157e-03
1.641166302567925470e+02 1.080411411564444072e-03
1.643534507910736409e+02 1.084591574970614723e-03
1.645902713253547347e+02 1.088796126919869527e-03
1.648270918596358001e+02 1.093025257605328201e-03
1.650639123939168940e+02 1.097279159077474333e-03
1.653007329281979878e+02 1.101558025265953486e-03
1.655375534624790532e+02 1.105862052001675092e-03
1.657743739967601471e+02 1.110191437039219223e-03
1.660111945310412409e+02 1.114546380079545424e-03
1.662480150653223347e+02 1.118927082793022901e-03
1.664848355996034002e+02 1.123333748842772744e-03
1.667216561338844940e+02 1.127766583908338879e-03
1.669584766681655879e+02 1.132225795709681680e-03
1.671952972024466817e+02 1.136711594031508329e-03
1.674321177367277471e+02 1.141224190747944494e-03
1.676689382710088410e+02 1.145763799847547082e-03
1.679057588052899348e+02 1.150330637458667421e-03
1.681425793395710002e+02 1.154924921875168748e-03
1.683793998738520941e+02 1.159546873582512115e-03
1.686162204081331879e+02 1.164196715284197044e-03
1.688530409424142817e+02 1.168874671928586857e-03
1.690898614766953472e+02 1.173580970736105671e-03
1.693266820109764410e+02 1.178315841226825270e-03
1.695635025452575348e+02 1.183079515248438391e-03
1.698003230795386003e+02 1.187872227004633163e-03
1.700371436138196941e+02 1.192694213083872381e-03
1.702739641481007880e+02 1.197545712488580017e-03
1.705107846823818818e+02 1.202426966664749044e-03
1.707476052166629472e+02 1.207338219531969284e-03
1.709844257509440411e+02 1.212279717513893053e-03
1.712212462852251349e+02 1.217251709569131890e-03
1.714580668195062003e+02 1.222254447222601926e-03
1.716948873537872942e+02 1.227288184597326781e-03
1.719317078880683880e+02 1.232353178446691068e-03
1.721685284223494818e+02 1.237449688187170502e-03
1.724053489566305473e+02 1.242577975931534288e-03
1.726421694909116411e+02 1.247738306522533673e-03
1.728789900251927349e+02 1.252930947567076425e-03
1.731158105594738288e+02 1.258156169470908952e-03
1.733526310937548942e+02 1.263414245473801472e-03
1.735894516280359881e+02 1.268705451685255134e-03
1.738262721623170819e+02 1.274030067120726292e-03
1.740630926965981473e+02 1.279388373738395276e-03
1.742999132308792412e+02 1.284780656476473999e-03
1.745367337651603350e+02 1.290207203291062615e-03
1.747735542994414288e+02 1.295668305194577112e-03
1.750103748337224943e+02 1.301164256294739391e-03
1.752471953680035881e+02 1.306695353834157365e-03
1.754840159022846819e+02 1.312261898230487932e-03
1.757208364365657474e+02 1.317864193117206442e-03
1.759576569708468412e+02 1.323502545384991564e-03
1.761944775051279350e+02 1.329177265223720769e-03
1.764312980394090289e+02 1.334888666165110057e-03
1.766681185736900943e+02 1.340637065125993349e-03
1.769049391079711882e+02 1.346422782452257614e-03
1.771417596422522820e+02 1.352246141963441310e-03
1.773785801765333758e+02 1.358107470998015220e-03
1.776154007108144413e+02 1.364007100459349803e-03
1.778522212450955351e+02 1.369945364862389450e-03
1.780890417793766289e+02 1.375922602381031033e-03
1.783258623136576944e+02 1.381939154896239278e-03
1.785626828479387882e+02 1.387995368044897667e-03
1.787995033822198820e+02 1.394091591269407864e-03
1.790363239165009759e+02 1.400228177868060664e-03
1.792731444507820413e+02 1.406405485046181500e-03
1.795099649850631351e+02 1.412623873968075431e-03
1.797467855193442290e+02 1.418883709809767727e-03
1.799836060536252944e+02 1.425185361812577548e-03
1.802204265879063882e+02 1.431529203337522345e-03
1.804572471221874821e+02 1.437915611920571402e-03
1.806940676564685759e+02 1.444344969328768260e-03
1.809308881907496414e+02 1.450817661617235252e-03
1.811677087250307352e+02 1.457334079187075533e-03
1.814045292593118290e+02 1.463894616844184978e-03
1.816413497935929229e+02 1.470499673858999311e-03
1.818781703278739883e+02 1.477149654027184924e-03
1.821149908621550821e+02 1.483844965731298971e-03
1.823518113964361760e+02 1.490586022003422863e-03
1.825886319307172414e+02 1.497373240588802112e-03
1.828254524649983352e+02 1.504207044010506204e-03
1.830622729992794291e+02 1.511087859635114111e-03
1.832990935335605229e+02 1.518016119739468411e-03
1.835359140678415883e+02 1.524992261578495814e-03
1.837727346021226822e+02 1.532016727454128813e-03
1.840095551364037760e+02 1.539089964785334518e-03
1.842463756706848415e+02 1.546212426179286890e-03
1.844831962049659353e+02 1.553384569503694955e-03
1.847200167392470291e+02 1.560606857960302818e-03
1.849568372735281230e+02 1.567879760159597482e-03
1.851936578078091884e+02 1.575203750196736609e-03
1.854304783420902822e+02 1.582579307728723553e-03
1.856672988763713761e+02 1.590006918052847646e-03
1.859041194106524699e+02 1.597487072186421419e-03
1.861409399449335353e+02 1.605020266947834902e-03
1.863777604792146292e+02 1.612607005038951304e-03
1.866145810134957230e+02 1.620247795128870304e-03
1.868514015477767884e+02 1.627943151939084112e-03
1.870882220820578823e+02 1.635693596330061632e-03
1.873250426163389761e+02 1.643499655389265516e-03
1.875618631506200700e+02 1.651361862520660858e-03
1.877986836849011354e+02 1.659280757535711633e-03
1.880355042191822292e+02 1.667256886745929496e-03
1.882723247534633231e+02 1.675290803056960192e-03
1.885091452877443885e+02 1.683383066064281751e-03
1.887459658220254823e+02 1.691534242150519000e-03
1.889827863563065762e+02 1.699744904584409326e-03
1.892196068905876700e+02 1.708015633621459998e-03
1.894564274248687354e+02 1.716347016606324183e-03
1.896932479591498293e+02 1.724739648076931186e-03
1.899300684934309231e+02 1.733194129870398691e-03
1.901668890277120170e+02 1.741711071230775572e-03
1.904037095619930824e+02 1.750291088918639985e-03
1.906405300962741762e+02 1.758934807322592867e-03
1.908773506305552701e+02 1.767642858572684560e-03
1.911141711648363355e+02 1.776415882655812527e-03
1.913509916991174293e+02 1.785254527533134154e-03
1.915878122333985232e+02 1.794159449259521977e-03
1.918246327676796170e+02 1.803131312105115975e-03
1.920614533019606824e+02 1.812170788679011739e-03
1.922982738362417763e+02 1.821278560055123981e-03
1.925350943705228701e+02 1.830455315900262475e-03
1.927719149048039355e+02 1.839701754604484594e-03
1.930087354390850294e+02 1.849018583413758725e-03
1.932455559733661232e+02 1.858406518564970425e-03
1.934823765076472171e+02 1.867866285423357186e-03
1.937191970419282825e+02 1.877398618622378975e-03
1.939560175762093763e+02 1.887004262206112360e-03
1.941928381104904702e+02 1.896683969774180800e-03
1.944296586447715356e+02 1.906438504629311094e-03
1.946664791790526294e+02 1.916268639927549587e-03
1.949032997133337233e+02 1.926175158831188025e-03
1.951401202476148171e+02 1.936158854664475799e-03
1.953769407818958825e+02 1.946220531072156545e-03
1.956137613161769764e+02 1.956361002180901504e-03
1.958505818504580702e+02 1.966581092763687588e-03
1.960874023847391641e+02 1.976881638407194507e-03
1.963242229190202295e+02 1.987263485682278213e-03
1.965610434533013233e+02 1.997727492317585493e-03
1.967978639875824172e+02 2.008274527376372170e-03
1.970346845218634826e+02 2.018905471436598618e-03
1.972715050561445764e+02 2.029621216774381114e-03
1.975083255904256703e+02 2.040422667550841063e-03
1.977451461247067641e+02 2.051310740002454044e-03
1.979819666589878295e+02 2.062286362634964138e-03
1.982187871932689234e+02 2.073350476420935968e-03
1.984556077275500172e+02 2.084504035001016886e-03
1.986924282618310826e+02 2.095748004889012948e-03
1.989292487961121765e+02 2.107083365680837220e-03
1.991660693303932703e+02 2.118511110267415863e-03
1.994028898646743642e+02 2.130032245051660840e-03
1.996397103989554296e+02 2.141647790169566926e-03
1.998765309332365234e+02 2.153358779715551421e-03
2.001133514675176173e+02 2.165166261972100749e-03
2.003501720017987111e+02 2.177071299643847969e-03
2.005869925360797765e+02 2.189074970096156671e-03
2.008238130703608704e+02 2.201178365598326601e-03
2.010606336046419642e+02 2.213382593571502129e-03
2.012974541389230296e+02 2.225688776841414519e-03
2.015342746732041235e+02 2.238098053896050814e-03
2.017710952074852173e+02 2.250611579148352991e-03
2.020079157417663112e+02 2.263230523204074439e-03
2.022447362760473766e+02 2.275956073134905670e-03
2.024815568103284704e+02 2.288789432756983301e-03
2.027183773446095643e+02 2.301731822914898987e-03
2.029551978788906297e+02 2.314784481771351397e-03
2.031920184131717235e+02 2.327948665102554885e-03
2.034288389474528174e+02 2.341225646599531026e-03
2.036656594817339112e+02 2.354616718175436569e-03
2.039024800160149766e+02 2.368123190279046615e-03
2.041393005502960705e+02 2.381746392214552192e-03
2.043761210845771643e+02 2.395487672467793653e-03
2.046129416188582582e+02 2.409348399039107271e-03
2.048497621531393236e+02 2.423329959782913410e-03
2.050865826874204174e+02 2.437433762754227101e-03
2.053234032217015113e+02 2.451661236562220278e-03
2.055602237559825767e+02 2.466013830731028644e-03
2.057970442902636705e+02 2.480493016067974923e-03
2.060338648245447644e+02 2.495100285039344220e-03
2.062706853588258582e+02 2.509837152153939627e-03
2.065075058931069236e+02 2.524705154354566806e-03
2.067443264273880175e+02 2.539705851417658339e-03
2.069811469616691113e+02 2.554840826361200884e-03
2.072179674959501767e+02 2.570111685861204559e-03
2.074547880302312706e+02 2.585520060676888866e-03
2.076916085645123644e+02 2.601067606084792472e-03
2.079284290987934583e+02 2.616756002322049267e-03
2.081652496330745237e+02 2.632586955039020651e-03
2.084020701673556175e+02 2.648562195761535593e-03
2.086388907016367114e+02 2.664683482362946616e-03
2.088757112359178052e+02 2.680952599546270170e-03
2.091125317701988706e+02 2.697371359336624749e-03
2.093493523044799645e+02 2.713941601584260368e-03
2.095861728387610583e+02 2.730665194478386262e-03
2.098229933730421237e+02 2.747544035072116420e-03
2.100598139073232176e+02 2.764580049818779733e-03
2.102966344416043114e+02 2.781775195119864930e-03
2.105334549758854052e+02 2.799131457884927298e-03
2.107702755101664707e+02 2.816650856103719569e-03
2.110070960444475645e+02 2.834335439430880899e-03
2.112439165787286584e+02 2.852187289783467573e-03
2.114807371130097238e+02 2.870208521951681923e-03
2.117175576472908176e+02 2.888401284223122978e-03
2.119543781815719115e+02 2.906767759020874569e-03
2.121911987158530053e+02 2.925310163555830314e-03
2.124280192501340707e+02 2.944030750493575963e-03
2.126648397844151646e+02 2.962931808636238510e-03
2.129016603186962584e+02 2.982015663619640763e-03
2.131384808529773522e+02 3.001284678626203305e-03
2.133753013872584177e+02 3.020741255113972880e-03
2.136121219215395115e+02 3.040387833562206536e-03
2.138489424558206053e+02 3.060226894233920511e-03
2.140857629901016708e+02 3.080260957955880449e-03
2.143225835243827646e+02 3.100492586916474887e-03
2.145594040586638585e+02 3.120924385481915666e-03
2.147962245929449523e+02 3.141559001031293472e-03
2.150330451272260177e+02 3.162399124810954740e-03
2.152698656615071116e+02 3.183447492808735065e-03
2.155066861957882054e+02 3.204706886648531379e-03
2.157435067300692708e+02 3.226180134505826115e-03
2.159803272643503647e+02 3.247870112044674244e-03
2.162171477986314585e+02 3.269779743376726930e-03
2.164539683329125523e+02 3.291912002042919356e-03
2.166907888671936178e+02 3.314269912018414678e-03
2.169276094014747116e+02 3.336856548741445102e-03
2.171644299357558054e+02 3.359675040166662865e-03
2.174012504700368993e+02 3.382728567843744458e-03
2.176380710043179647e+02 3.406020368021865207e-03
2.178748915385990585e+02 3.429553732780820513e-03
2.181117120728801524e+02 3.453332011189452506e-03
2.183485326071612178e+02 3.477358610492226922e-03
2.185853531414423117e+02 3.501636997324680985e-03
2.188221736757234055e+02 3.526170698958555009e-03
2.190589942100044993e+02 3.550963304577465975e-03
2.192958147442855648e+02 3.576018466583957053e-03
2.195326352785666586e+02 3.601339901938813409e-03
2.197694558128477524e+02 3.626931393533551571e-03
2.200062763471288179e+02 3.652796791597037740e-03
2.202430968814099117e+02 3.678940015137200856e-03
2.204799174156910055e+02 3.705365053418819242e-03
2.207167379499720994e+02 3.732075967478467194e-03
2.209535584842531648e+02 3.759076891677632423e-03
2.211903790185342586e+02 3.786372035295164449e-03
2.214271995528153525e+02 3.813965684160131649e-03
2.216640200870964179e+02 3.841862202326316866e-03
2.219008406213775118e+02 3.870066033789552017e-03
2.221376611556586056e+02 3.898581704249113808e-03
2.223744816899396994e+02 3.927413822914526710e-03
2.226113022242207649e+02 3.956567084359076392e-03
2.228481227585018587e+02 3.986046270421456095e-03
2.230849432927829525e+02 4.015856252156902936e-03
2.233217638270640464e+02 4.046001991839398397e-03
2.235585843613451118e+02 4.076488545016388430e-03
2.237954048956262056e+02 4.107321062617641690e-03
2.240322254299072995e+02 4.138504793119841818e-03
2.242690459641883649e+02 4.170045084768644189e-03
2.245058664984694587e+02 4.201947387859943962e-03
2.247426870327505526e+02 4.234217257082080639e-03
2.249795075670316464e+02 4.266860353920982722e-03
2.252163281013127119e+02 4.299882449130055725e-03
2.254531486355938057e+02 4.333289425266921222e-03
2.256899691698748995e+02 4.367087279298963697e-03
2.259267897041559650e+02 4.401282125279938617e-03
2.261636102384370588e+02 4.435880197099809248e-03
2.264004307727181526e+02 4.470887851310057816e-03
2.266372513069992465e+02 4.506311570026951679e-03
2.268740718412803119e+02 4.542157963915136737e-03
2.271108923755614057e+02 4.578433775254167094e-03
2.273477129098424996e+02 4.615145881090537520e-03
2.275845334441235934e+02 4.652301296478040214e-03
2.278213539784046588e+02 4.689907177809213637e-03
2.280581745126857527e+02 4.727970826240864531e-03
2.282949950469668465e+02 4.766499691216626901e-03
2.285318155812479120e+02 4.805501374089820969e-03
2.287686361155290058e+02 4.844983631849804004e-03
2.290054566498100996e+02 4.884954380955198322e-03
2.292422771840911935e+02 4.925421701277560467e-03
2.294790977183722589e+02 4.966393840159083299e-03
2.297159182526533527e+02 5.007879216588164741e-03
2.299527387869344466e+02 5.049886425496671709e-03
2.301895593212155120e+02 5.092424242183084260e-03
2.304263798554966058e+02 5.135501626865663326e-03
2.306632003897776997e+02 5.179127729370006615e-03
2.309000209240587935e+02 5.223311893955615709e-03
2.311368414583398589e+02 5.268063664286123417e-03
2.313736619926209528e+02 5.313392788548135758e-03
2.316104825269020466e+02 5.359309224723697584e-03
2.318473030611831405e+02 5.405823146021778575e-03
2.320841235954642059e+02 5.452944946474165902e-03
2.323209441297452997e+02 5.500685246701557569e-03
2.325577646640263936e+02 5.549054899855676397e-03
2.327945851983074590e+02 5.598064997743676559e-03
2.330314057325885528e+02 5.647726877141204770e-03
2.332682262668696467e+02 5.698052126300696789e-03
2.335050468011507405e+02 5.749052591661975645e-03
2.337418673354318059e+02 5.800740384772214500e-03
2.339786878697128998e+02 5.853127889422870059e-03
2.342155084039939936e+02 5.906227769011234037e-03
2.344523289382750590e+02 5.960052974134852181e-03
2.346891494725561529e+02 6.014616750427177402e-03
2.349259700068372467e+02 6.069932646643187886e-03
2.351627905411183406e+02 6.126014523004218865e-03
2.353996110753994060e+02 6.182876559811421521e-03
2.356364316096804998e+02 6.240533266337851444e-03
2.358732521439615937e+02 6.298999490009382467e-03
2.361100726782426875e+02 6.358290425885351239e-03
2.363468932125237529e+02 6.418421626450014801e-03
2.365837137468048468e+02 6.479409011726574782e-03
2.368205342810859406e+02 6.541268879725860991e-03
2.370573548153670060e+02 6.604017917242453219e-03
2.372941753496480999e+02 6.667673211011435584e-03
2.375309958839291937e+02 6.732252259239528483e-03
2.377678164182102876e+02 6.797772983525075287e-03
2.380046369524913530e+02 6.864253741181884812e-03
2.382414574867724468e+02 6.931713337982567218e-03
2.384782780210535407e+02 7.000171041337734795e-03
2.387150985553346061e+02 7.069646593928161603e-03
2.389519190896156999e+02 7.140160227807778280e-03
2.391887396238967938e+02 7.211732678995980313e-03
2.394255601581778876e+02 7.284385202578893756e-03
2.396623806924589530e+02 7.358139588339781059e-03
2.398992012267400469e+02 7.433018176939937965e-03
2.401360217610211407e+02 7.509043876672151507e-03
2.403728422953022346e+02 7.586240180810097967e-03
2.406096628295833000e+02 7.664631185577829020e-03
2.408464833638643938e+02 7.744241608764830011e-03
2.410833038981454877e+02 7.825096809013082355e-03
2.413201244324265531e+02 7.907222805804093799e-03
2.415569449667076469e+02 7.990646300174911523e-03
2.417937655009887408e+02 8.075394696193480965e-03
2.420305860352698346e+02 8.161496123225416705e-03
2.422674065695509000e+02 8.248979459025453098e-03
2.425042271038319939e+02 8.337874353688672427e-03
2.427410476381130877e+02 8.428211254497979671e-03
2.429778681723941531e+02 8.520021431706518641e-03
2.432146887066752470e+02 8.613337005295144955e-03
2.434515092409563408e+02 8.708190972747132177e-03
2.436883297752374347e+02 8.804617237884636294e-03
2.439251503095185001e+02 8.902650640813173158e-03
2.441619708437995939e+02 9.002326989023083648e-03
2.443987913780806878e+02 9.103683089698928407e-03
2.446356119123617532e+02 9.206756783290817592e-03
2.448724324466428470e+02 9.311586978404007287e-03
2.451092529809239409e+02 9.418213688065935757e-03
2.453460735152050347e+02 9.526678067433213756e-03
2.455828940494861001e+02 9.637022453003882966e-03
2.458197145837671940e+02 9.749290403403854458e-03
2.460565351180482878e+02 9.863526741819747187e-03
2.462933556523293817e+02 9.979777600154487310e-03
2.465301761866104471e+02 1.009809046498554366e-02
2.467669967208915409e+02 1.021851422541026483e-02
2.470038172551726348e+02 1.034109922286679563e-02
2.472406377894537002e+02 1.046589730302430188e-02
2.474774583237347940e+02 1.059296186984076855e-02
2.477142788580158879e+02 1.072234794189192743e-02
2.479510993922969817e+02 1.085411221108087236e-02
2.481879199265780471e+02 1.098831310384332412e-02
2.484247404608591410e+02 1.112501084497021300e-02
2.486615609951402348e+02 1.126426752417547181e-02
2.488983815294213002e+02 1.140614716554454872e-02
2.491352020637023941e+02 1.155071580000626395e-02
2.493720225979834879e+02 1.169804154097848353e-02
2.496088431322645818e+02 1.184819466334714744e-02
2.498456636665456472e+02 1.200124768594649713e-02
2.500824842008267410e+02 1.215727545771840869e-02
2.503193047351078349e+02 1.231635524773843846e-02
2.505561252693889287e+02 1.247856683930760775e-02
2.507929458036699941e+02 1.264399262831981952e-02
2.510297663379510880e+02 1.281271772612749618e-02
2.512665868722321818e+02 1.298483006714068813e-02
2.515034074065132472e+02 1.316042052140926032e-02
2.517402279407943411e+02 1.333958301245212821e-02
2.519770484750754349e+02 1.352241464061334532e-02
2.522138690093565287e+02 1.370901581224197134e-02
2.524506895436375942e+02 1.389949037501025247e-02
2.526875100779186880e+02 1.409394575970402547e-02
2.529243306121997819e+02 1.429249312883928980e-02
2.531611511464808473e+02 1.449524753248145927e-02
2.533979716807619411e+02 1.470232807166651189e-02
2.536347922150430350e+02 1.491385806984813975e-02
2.538716127493241288e+02 1.512996525282240406e-02
2.541084332836051942e+02 1.535078193760908670e-02
2.543452538178862881e+02 1.557644523080004700e-02
2.545820743521673819e+02 1.580709723691713434e-02
2.548188948864484757e+02 1.604288527735777542e-02
2.550557154207295412e+02 1.628396212054345968e-02
2.552925359550106350e+02 1.653048622392684977e-02
2.555293564892917288e+02 1.678262198855600545e-02
2.557661770235727943e+02 1.704054002694137954e-02
2.560029975578539165e+02 1.730441744502026272e-02
2.562398180921349535e+02 1.757443813906645058e-02
2.564766386264160474e+02 1.785079310845241740e-02
2.567134591606971412e+02 1.813368078522938770e-02
2.569502796949782351e+02 1.842330738156123388e-02
2.571871002292593289e+02 1.871988725611640689e-02
2.574239207635404227e+02 1.902364330060070385e-02
2.576607412978215166e+02 1.933480734769615905e-02
2.578975618321025536e+02 1.965362060176055817e-02
2.581343823663836474e+02 1.998033409373917504e-02
2.583712029006647413e+02 2.031520916184248113e-02
2.586080234349458351e+02 2.065851795965871832e-02
2.588448439692269289e+02 2.101054399348853408e-02
2.590816645035080228e+02 2.137158269082167772e-02
2.593184850377891166e+02 2.174194200201669952e-02
2.595553055720701536e+02 2.212194303739785373e-02
2.597921261063512475e+02 2.251192074214988445e-02
2.600289466406323413e+02 2.291222461156894319e-02
2.602657671749134352e+02 2.332321944942575276e-02
2.605025877091945290e+02 2.374528617240491760e-02
2.607394082434756228e+02 2.417882266381489453e-02
2.609762287777567167e+02 2.462424468001110298e-02
2.612130493120378105e+02 2.508198681324440987e-02
2.614498698463188475e+02 2.555250351494012598e-02
2.616866903805999414e+02 2.603627018373255719e-02
2.619235109148810352e+02 2.653378432292407066e-02
2.621603314491621290e+02 2.704556677241961443e-02
2.623971519834432229e+02 2.757216302059444998e-02
2.626339725177243167e+02 2.811414460200374263e-02
2.628707930520054106e+02 2.867211058733044882e-02
2.631076135862864476e+02 2.924668917250160954e-02
2.633444341205675414e+02 2.983853937448615809e-02
2.635812546548486353e+02 3.044835284192153740e-02
2.638180751891297291e+02 3.107685578941633484e-02
2.640548957234108229e+02 3.172481106513321686e-02
2.642917162576919168e+02 3.239302036209237845e-02
2.645285367919730106e+02 3.308232658454753755e-02
2.647653573262540476e+02 3.379361638178735028e-02
2.650021778605351415e+02 3.452782286281355639e-02
2.652389983948162353e+02 3.528592850654794361e-02
2.654758189290973291e+02 3.606896828354915624e-02
2.657126394633784230e+02 3.687803300666786521e-02
2.659494599976595168e+02 3.771427292967028527e-02
2.661862805319406107e+02 3.857890161461802886e-02
2.664231010662216477e+02 3.947320009072777247e-02
2.666599216005027415e+02 4.039852132956883030e-02
2.668967421347838354e+02 4.135629506380317927e-02
2.671335626690649292e+02 4.234803297927294125e-02
2.673703832033460230e+02 4.337533431309515547e-02
2.676072037376271169e+02 4.443989189358703989e-02
2.678440242719082107e+02 4.554349866133593216e-02
2.680808448061892477e+02 4.668805471458636197e-02
2.683176653404703416e+02 4.787557492638720713e-02
2.685544858747514354e+02 4.910819718565866132e-02
2.687913064090325292e+02 5.038819131957614911e-02
2.690281269433136231e+02 5.171796876044819358e-02
2.692649474775947169e+02 5.310009302668414893e-02
2.695017680118758108e+02 5.453729109455292962e-02
2.697385885461568478e+02 5.603246574531096924e-02
2.699754090804379416e+02 5.758870898101249580e-02
2.702122296147190355e+02 5.920931661198962359e-02
2.704490501490001293e+02 6.089780412973528484e-02
2.706858706832812231e+02 6.265792399080824526e-02
2.709226912175623170e+02 6.449368445057336585e-02
2.711595117518434108e+02 6.640937010019497266e-02
2.713963322861245047e+02 6.840956427647501559e-02
2.716331528204055417e+02 7.049917353201830272e-02
2.718699733546866355e+02 7.268345437298363854e-02
2.721067938889677293e+02 7.496804249348883176e-02
2.723436144232488232e+02 7.735898475979832711e-02
2.725804349575299170e+02 7.986277422383367131e-02
2.728172554918110109e+02 8.248638847453912404e-02
2.730540760260921047e+02 8.523733166729907662e-02
2.732908965603731417e+02 8.812368060606916298e-02
2.735277170946542356e+02 9.115413529019632255e-02
2.737645376289353294e+02 9.433807437801344786e-02
2.740013581632164232e+02 9.768561606210755810e-02
2.742381786974975171e+02 1.012076848962693149e-01
2.744749992317786109e+02 1.049160851610682760e-01
2.747118197660597048e+02 1.088235814028223336e-01
2.749486403003407418e+02 1.129439868281343212e-01
2.751854608346218356e+02 1.172922602812302428e-01
2.754222813689029294e+02 1.218846125712677864e-01
2.756591019031840233e+02 1.267386229478492110e-01
2.758959224374651171e+02 1.318733665397618382e-01
2.761327429717462110e+02 1.373095535674093981e-01
2.763695635060273048e+02 1.430696811036669958e-01
2.766063840403083418e+02 1.491781980779387229e-01
2.768432045745894357e+02 1.556616840765609466e-01
2.770800251088705295e+02 1.625490422661148848e-01
2.773168456431516233e+02 1.698717064241581920e-01
2.775536661774327172e+02 1.776638615638461982e-01
2.777904867117138110e+02 1.859626769323201312e-01
2.780273072459949049e+02 1.948085491788058288e-01
2.782641277802759419e+02 2.042453521383217341e-01
2.785009483145570357e+02 2.143206878466160370e-01
2.787377688488381295e+02 2.250861309459426807e-01
2.789745893831192234e+02 2.365974553762860144e-01
2.792114099174003172e+02 2.489148279438880840e-01
2.794482304516814111e+02 2.621029477387838424e-01
2.796850509859625049e+02 2.762311030998945705e-01
2.799218715202435988e+02 2.913731085103833940e-01
2.801586920545246358e+02 3.076070720147651150e-01
2.803955125888057296e+02 3.250149290365679788e-01
2.806323331230868234e+02 3.436816604409118625e-01
2.808691536573679173e+02 3.636940910835933516e-01
2.811059741916490111e+02 3.851391400026281664e-01
2.813427947259301050e+02 4.081013655438059939e-01
2.815796152602111988e+02 4.326596198184512465e-01
2.818164357944922358e+02 4.588826003778129214e-01
2.820532563287733296e+02 4.868230687387204436e-01
2.822900768630544235e+02 5.165105047671418870e-01
2.825268973973355173e+02 5.479419967977343653e-01
2.827637179316166112e+02 5.810712488977470835e-01
2.830005384658977050e+02 6.157957431532293802e-01
2.832373590001787989e+02 6.519423534919865926e-01
2.834741795344598358e+02 6.892520928231973265e-01
2.837110000687409297e+02 7.273651978682679209e-01
2.839478206030220235e+02 7.658083955276075994e-01
2.841846411373031174e+02 8.039868767505031766e-01
2.844214616715842112e+02 8.411840787590226798e-01
2.846582822058653051e+02 8.765726104579391054e-01
2.848951027401463989e+02 9.092392570674442398e-01
2.851319232744274359e+02 9.382256974883832479e-01
2.853687438087085297e+02 9.625842480677555546e-01
2.856055643429896236e+02 9.814448130578502516e-01
2.858423848772707174e+02 9.940858975786134311e-01
2.860792054115518113e+02 1.000000000000000000e+00
2.863160259458329051e+02 9.989429862829464213e-01
2.865528464801139990e+02 9.909588064948497976e-01
2.867896670143950359e+02 9.763749995827333272e-01
2.870264875486761298e+02 9.557698254562633222e-01
2.872633080829572236e+02 9.299170118084163494e-01
2.875001286172383175e+02 8.997175562543026084e-01
2.877369491515194113e+02 8.661290090361384308e-01
2.879737696858005052e+02 8.301013006335480338e-01
2.882105902200815990e+02 7.925252878358191033e-01
2.884474107543626928e+02 7.541968347313151577e-01
2.886842312886437298e+02 7.157963115798929854e-01
2.889210518229248237e+02 6.778813778851631167e-01
2.891578723572059175e+02 6.408899086975283765e-01
2.893946928914870114e+02 6.051497471853606314e-01
2.896315134257681052e+02 5.708923325423757023e-01
2.898683339600491990e+02 5.382678804712709431e-01
2.901051544943302929e+02 5.073604747116774449e-01
2.903419750286113299e+02 4.782020371478054033e-01
2.905787955628924237e+02 4.507846254770950245e-01
2.908156160971735176e+02 4.250708524075932915e-01
2.910524366314546114e+02 4.010024452684556873e-01
2.912892571657357053e+02 3.785070959483045616e-01
2.915260777000167991e+02 3.575038149633237294e-01
2.917628982342978929e+02 3.379070230460151647e-01
2.919997187685789299e+02 3.196296064590244401e-01
2.922365393028600238e+02 3.025851406860990966e-01
2.924733598371411176e+02 2.866894594309993272e-01
2.927101803714222115e+02 2.718617170030376839e-01
2.929470009057033053e+02 2.580250650163824488e-01
2.931838214399843991e+02 2.451070402573992113e-01
2.934206419742654930e+02 2.330397400597685464e-01
2.936574625085465300e+02 2.217598445316779632e-01
2.938942830428276238e+02 2.112085311948178057e-01
2.941311035771087177e+02 2.013313165985646802e-01
2.943679241113898115e+02 1.920778508177244104e-01
2.946047446456709054e+02 1.834016840070573640e-01
2.948415651799519992e+02 1.752600189962380262e-01
2.950783857142330930e+02 1.676134599466430064e-01
2.953152062485141300e+02 1.604257640925288164e-01
2.955520267827952239e+02 1.536636013396035505e-01
2.957888473170763177e+02 1.472963248225466759e-01
2.960256678513574116e+02 1.412957542942606948e-01
2.962624883856385054e+02 1.356359733278700852e-01
2.964993089199195992e+02 1.302931406752660948e-01
2.967361294542006931e+02 1.252453156800296674e-01
2.969729499884817301e+02 1.204722973391162133e-01
2.972097705227628239e+02 1.159554764096243085e-01
2.974465910570439178e+02 1.116776998361322520e-01
2.976834115913250116e+02 1.076231467090691257e-01
2.979202321256061055e+02 1.037772149395164573e-01
2.981570526598871993e+02 1.001264178385930237e-01
2.983938731941682931e+02 9.665828981135755893e-02
2.986306937284493870e+02 9.336130040937193342e-02
2.988675142627304240e+02 9.022477602791022233e-02
2.991043347970115178e+02 8.723882857980549965e-02
2.993411553312926117e+02 8.439429052564835498e-02
2.995779758655737055e+02 8.168265568769524088e-02
2.998147963998547993e+02 7.909602532132997688e-02
3.000516169341358932e+02 7.662705896237712033e-02
3.002884374684169870e+02 7.426892961058047249e-02
3.005252580026980240e+02 7.201528284884331499e-02
3.007620785369791179e+02 6.986019953427287377e-02
3.009988990712602117e+02 6.779816173069380669e-02
3.012357196055413056e+02 6.582402158312151974e-02
3.014725401398223994e+02 6.393297286289821579e-02
3.017093606741034932e+02 6.212052493787641183e-02
3.019461812083845871e+02 6.038247894538940203e-02
3.021830017426656241e+02 5.871490596693423186e-02
3.024198222769467179e+02 5.711412702267516101e-02
3.026566428112278118e+02 5.557669472124075749e-02
3.028934633455089056e+02 5.409937641595786995e-02
3.031302838797899994e+02 5.267913873284357090e-02
3.033671044140710933e+02 5.131313334845125085e-02
3.036039249483521871e+02 4.999868390720461214e-02
3.038407454826332241e+02 4.873327397825653190e-02
3.040775660169143180e+02 4.751453596129317364e-02
3.043143865511954118e+02 4.634024085917436836e-02
3.045512070854765057e+02 4.520828884292647093e-02
3.047880276197575995e+02 4.411670054150487047e-02
3.050248481540386933e+02 4.306360899495424027e-02
3.052616686883197872e+02 4.204725221521064815e-02
3.054984892226008242e+02 4.106596630385899588e-02
3.057353097568819180e+02 4.011817908073780914e-02
3.059721302911630119e+02 3.920240418142854205e-02
3.062089508254441057e+02 3.831723558540248153e-02
3.064457713597251995e+02 3.746134253999352376e-02
3.066825918940062934e+02 3.663346484842740225e-02
3.069194124282873872e+02 3.583240849291680769e-02
3.071562329625684811e+02 3.505704156634898566e-02
3.073930534968495181e+02 3.430629048837538497e-02
3.076298740311306119e+02 3.357913648378298838e-02
3.078666945654117058e+02 3.287461230291105485e-02
3.081035150996927996e+02 3.219179916557941834e-02
3.083403356339738934e+02 3.152982391155346314e-02
3.085771561682549873e+02 3.088785634197982813e-02
3.088139767025360811e+02 3.026510673751419550e-02
3.090507972368171181e+02 2.966082354003284766e-02
3.092876177710982120e+02 2.907429118588653744e-02
3.095244383053793058e+02 2.850482807963081178e-02
3.097612588396603996e+02 2.795178469805032970e-02
3.099980793739414935e+02 2.741454181511046237e-02
3.102348999082225873e+02 2.689250883920698068e-02
3.104717204425036812e+02 2.638512225476363424e-02
3.107085409767847182e+02 2.589184416084602466e-02
3.109453615110658120e+02 2.541216090002750005e-02
3.111821820453469059e+02 2.494558177126401585e-02
3.114190025796279997e+02 2.449163782100739761e-02
3.116558231139090935e+02 2.404988070722694979e-02
3.118926436481901874e+02 2.361988163140777211e-02
3.121294641824712812e+02 2.320123033396280857e-02
3.123662847167523182e+02 2.279353414883361628e-02
3.126031052510334121e+02 2.239641711336517321e-02
3.128399257853145059e+02 2.200951912982760869e-02
3.130767463195955997e+02 2.163249517521775162e-02
3.133135668538766936e+02 2.126501455621890996e-02
3.135503873881577874e+02 2.090676020641865987e-02
3.137872079224388813e+02 2.055742802309079575e-02
3.140240284567199183e+02 2.021672624103777391e-02
3.142608489910010121e+02 1.988437484116435672e-02
3.144976695252821060e+02 1.956010499161707841e-02
3.147344900595631998e+02 1.924365851947072367e-02
3.149713105938442936e+02 1.893478741108424457e-02
3.152081311281253875e+02 1.863325333937474251e-02
3.154449516624064813e+02 1.833882721637719246e-02
3.156817721966875183e+02 1.805128876956723152e-02
3.159185927309686122e+02 1.777042614052537495e-02
3.161554132652497060e+02 1.749603550461673734e-02
3.163922337995307998e+02 1.722792071044537687e-02
3.166290543338118937e+02 1.696589293792560155e-02
3.168658748680929875e+02 1.670977037388670511e-02
3.171026954023740814e+02 1.645937790419769314e-02
3.173395159366551752e+02 1.621454682146373019e-02
3.175763364709362122e+02 1.597511454740629597e-02
3.178131570052173061e+02 1.574092436909497322e-02
3.180499775394983999e+02 1.551182518825215510e-02
3.182867980737794937e+02 1.528767128289875918e-02
3.185236186080605876e+02 1.506832208065644885e-02
3.187604391423416814e+02 1.485364194306262528e-02
3.189972596766227753e+02 1.464349996029471954e-02
3.192340802109038123e+02 1.443776975573669678e-02
3.194709007451849061e+02 1.423632929985483610e-02
3.197077212794659999e+02 1.403906073288284893e-02
3.199445418137470938e+02 1.384585019584466670e-02
3.201813623480281876e+02 1.365658766947279966e-02
3.204181828823092815e+02 1.347116682060534552e-02
3.206550034165903753e+02 1.328948485566953247e-02
3.208918239508714123e+02 1.311144238088242549e-02
3.211286444851525061e+02 1.293694326882070637e-02
3.213654650194336000e+02 1.276589453103218856e-02
3.216022855537146938e+02 1.259820619637916535e-02
3.218391060879957877e+02 1.243379119482266627e-02
3.220759266222768815e+02 1.227256524637236092e-02
3.223127471565579754e+02 1.211444675494255385e-02
3.225495676908390124e+02 1.195935670686934169e-02
3.227863882251201062e+02 1.180721857385717832e-02
3.230232087594012000e+02 1.165795822013683883e-02
3.232600292936822939e+02 1.151150381362738180e-02
3.234968498279633877e+02 1.136778574090731991e-02
3.237336703622444816e+02 1.122673652581008055e-02
3.239704908965255754e+02 1.108829075146899705e-02
3.242073114308066124e+02 1.095238498564648361e-02
3.244441319650877062e+02 1.081895770919071194e-02
3.246809524993688001e+02 1.068794924747197388e-02
3.249177730336498939e+02 1.055930170465771770e-02
3.251545935679309878e+02 1.043295890069365593e-02
3.253914141022120816e+02 1.030886631086475047e-02
3.256282346364931755e+02 1.018697100781643106e-02
3.258650551707742693e+02 1.006722160592279404e-02
3.261018757050553063e+02 9.949568207894173011e-03
3.263386962393364001e+02 9.833962353521902636e-03
3.265755167736174940e+02 9.720356970463792101e-03
3.268123373078985878e+02 9.608706326977769357e-03
3.270491578421796817e+02 9.498965986516776094e-03
3.272859783764607755e+02 9.391092764101721321e-03
3.275227989107418693e+02 9.285044684393685063e-03
3.277596194450229063e+02 9.180780941390395689e-03
3.279964399793040002e+02 9.078261859675593529e-03
3.282332605135850940e+02 8.977448857153815659e-03
3.284700810478661879e+02 8.878304409205652059e-03
3.287069015821472817e+02 8.780792014202454254e-03
3.289437221164283756e+02 8.684876160321940847e-03
3.291805426507094694e+02 8.590522293609129806e-03
3.294173631849905064e+02 8.497696787229613857e-03
3.296541837192716002e+02 8.406366911864670763e-03
3.298910042535526941e+02 8.316500807200385634e-03
3.301278247878337879e+02 8.228067454464615613e-03
3.303646453221148818e+02 8.141036649968399347e-03
3.306014658563959756e+02 8.055378979610084214e-03
3.308382863906770694e+02 7.971065794302446134e-03
3.310751069249581064e+02 7.888069186284948561e-03
3.313119274592392003e+02 7.806361966284910102e-03
3.315487479935202941e+02 7.725917641493298266e-03
3.317855685278013880e+02 7.646710394321893853e-03
3.320223890620824818e+02 7.568715061910646046e-03
3.322592095963635757e+02 7.491907116355029685e-03
3.324960301306446695e+02 7.416262645624796535e-03
3.327328506649257065e+02 7.341758335146652929e-03
3.329696711992068003e+02 7.268371450024613094e-03
3.332064917334878942e+02 7.196079817873192973e-03
3.334433122677689880e+02 7.124861812239191398e-03
3.336801328020500819e+02 7.054696336589366679e-03
3.339169533363311757e+02 6.985562808842034864e-03
3.341537738706122695e+02 6.917441146421625560e-03
3.343905944048933634e+02 6.850311751816145350e-03
3.346274149391744004e+02 6.784155498618334168e-03
3.348642354734554942e+02 6.718953718032094451e-03
3.351010560077365881e+02 6.654688185826768652e-03
3.353378765420176819e+02 6.591341109722135584e-03
3.355746970762987758e+02 6.528895117188180004e-03
3.358115176105798696e+02 6.467333243644104480e-03
3.360483381448609634e+02 6.406638921041715208e-03
3.362851586791420004e+02 6.346795966819077615e-03
3.365219792134230943e+02 6.287788573210614275e-03
3.367587997477041881e+02 6.229601296900884495e-03
3.369956202819852820e+02 6.172219049009194762e-03
3.372324408162663758e+02 6.115627085393226560e-03
3.374692613505474696e+02 6.059810997260092758e-03
3.377060818848285635e+02 6.004756702073741140e-03
3.379429024191096005e+02 5.950450434748113734e-03
3.381797229533906943e+02 5.896878739115788901e-03
3.384165434876717882e+02 5.844028459662506218e-03
3.386533640219528820e+02 5.791886733517920445e-03
3.388901845562339759e+02 5.740440982693743519e-03
3.391270050905150697e+02 5.689678906560524663e-03
3.393638256247961635e+02 5.639588474554770546e-03
3.396006461590772005e+02 5.590157919108365049e-03
3.398374666933582944e+02 5.541375728792569122e-03
3.400742872276393882e+02 5.493230641669346118e-03
3.403111077619204821e+02 5.445711638842672987e-03
3.405479282962015759e+02 5.398807938203182069e-03
3.407847488304826697e+02 5.352508988359479941e-03
3.410215693647637636e+02 5.306804462749808125e-03
3.412583898990448006e+02 5.261684253927997532e-03
3.414952104333258944e+02 5.217138468017771744e-03
3.417320309676069883e+02 5.173157419329935634e-03
3.419688515018880821e+02 5.129731625136794981e-03
3.422056720361691760e+02 5.086851800598742555e-03
3.424424925704502698e+02 5.044508853837935750e-03
3.426793131047313636e+02 5.002693881154203319e-03
3.429161336390124006e+02 4.961398162378549519e-03
3.431529541732934945e+02 4.920613156359675104e-03
3.433897747075745883e+02 4.880330496579363998e-03
3.436265952418556822e+02 4.840541986892332033e-03
3.438634157761367760e+02 4.801239597386695347e-03
3.441002363104178698e+02 4.762415460361092874e-03
3.443370568446989637e+02 4.724061866414754930e-03
3.445738773789800575e+02 4.686171260646909698e-03
3.448106979132610945e+02 4.648736238962066815e-03
3.450475184475421884e+02 4.611749544477751137e-03
3.452843389818232822e+02 4.575204064031623136e-03
3.455211595161043761e+02 4.539092824784657018e-03
3.457579800503854699e+02 4.503408990917519457e-03
3.459948005846665637e+02 4.468145860417194713e-03
3.462316211189476576e+02 4.433296861951035485e-03
3.464684416532286946e+02 4.398855551825587955e-03
3.467052621875097884e+02 4.364815611027480537e-03
3.469420827217908823e+02 4.331170842344017960e-03
3.471789032560719761e+02 4.297915167560870803e-03
3.474157237903530699e+02 4.265042624734605332e-03
3.476525443246341638e+02 4.232547365537782033e-03
3.478893648589152576e+02 4.200423652674392834e-03
3.481261853931962946e+02 4.168665857363552767e-03
3.483630059274773885e+02 4.137268456889340099e-03
3.485998264617584823e+02 4.106226032214915778e-03
3.488366469960395762e+02 4.075533265658875214e-03
3.490734675303206700e+02 4.045184938632070785e-03
3.493102880646017638e+02 4.015175929433094891e-03
3.495471085988828577e+02 3.985501211100691416e-03
3.497839291331638947e+02 3.956155849321428553e-03
3.500207496674449885e+02 3.927135000390986723e-03
3.502575702017260824e+02 3.898433909227578403e-03
3.504943907360071762e+02 3.870047907435880067e-03
3.507312112702882700e+02 3.841972411420092794e-03
3.509680318045693639e+02 3.814202920544673952e-03
3.512048523388504577e+02 3.786735015341398999e-03
3.514416728731314947e+02 3.759564355761401636e-03
3.516784934074125886e+02 3.732686679470899067e-03
3.519153139416936824e+02 3.706097800189438792e-03
3.521521344759747763e+02 3.679793606069330786e-03
3.523889550102558701e+02 3.653770058115220296e-03
3.526257755445369639e+02 3.628023188642608230e-03
3.528625960788180578e+02 3.602549099774248354e-03
3.530994166130991516e+02 3.577343961973357498e-03
3.533362371473801886e+02 3.552404012612618307e-03
3.535730576816612825e+02 3.527725554577952356e-03
3.538098782159423763e+02 3.503304954906177621e-03
3.540466987502234701e+02 3.479138643455520746e-03
3.542835192845045640e+02 3.455223111608136683e-03
3.545203398187856578e+02 3.431554911003760998e-03
3.547571603530667517e+02 3.408130652303620941e-03
3.549939808873477887e+02 3.384947003983805602e-03
3.552308014216288825e+02 3.362000691157258567e-03
3.554676219559099764e+02 3.339288494423700050e-03
3.557044424901910702e+02 3.316807248746618964e-03
3.559412630244721640e+02 3.294553842356693924e-03
3.561780835587532579e+02 3.272525215680893371e-03
3.564149040930343517e+02 3.250718360296593439e-03
3.566517246273153887e+02 3.229130317910029226e-03
3.568885451615964826e+02 3.207758179358432410e-03
3.571253656958775764e+02 3.186599083635283623e-03
3.573621862301586702e+02 3.165650216937976151e-03
3.575990067644397641e+02 3.144908811737394828e-03
3.578358272987208579e+02 3.124372145868779555e-03
3.580726478330019518e+02 3.104037541643343921e-03
3.583094683672829888e+02 3.083902364980112450e-03
3.585462889015640826e+02 3.063964024557411844e-03
3.587831094358451764e+02 3.044219970983602034e-03
3.590199299701262703e+02 3.024667695986431228e-03
3.592567505044073641e+02 3.005304731620631574e-03
3.594935710386884580e+02 2.986128649493245864e-03
3.597303915729695518e+02 2.967137060006248134e-03
3.599672121072505888e+02 2.948327611616010160e-03
3.602040326415316827e+02 2.929697990109181912e-03
3.604408531758127765e+02 2.911245917894614722e-03
3.606776737100938703e+02 2.892969153310848834e-03
3.609144942443749642e+02 2.874865489948839632e-03
3.611513147786560580e+02 2.856932755989512705e-03
3.613881353129371519e+02 2.839168813555782191e-03
3.616249558472182457e+02 2.821571558078674134e-03
3.618617763814992827e+02 2.804138917677213589e-03
3.620985969157803765e+02 2.786868852551696411e-03
3.623354174500614704e+02 2.769759354390101576e-03
3.625722379843425642e+02 2.752808445787212951e-03
3.628090585186236581e+02 2.736014179676225008e-03
3.630458790529047519e+02 2.719374638772478585e-03
3.632826995871858458e+02 2.702887935029063896e-03
3.635195201214668828e+02 2.686552209103983298e-03
3.637563406557479766e+02 2.670365629838578926e-03
3.639931611900290704e+02 2.654326393747018318e-03
3.642299817243101643e+02 2.638432724516481982e-03
3.644668022585912581e+02 2.622682872517870332e-03
3.647036227928723520e+02 2.607075114326735076e-03
3.649404433271534458e+02 2.591607752254219531e-03
3.651772638614344828e+02 2.576279113887748520e-03
3.654140843957155766e+02 2.561087551641241019e-03
3.656509049299966705e+02 2.546031442314645662e-03
3.658877254642777643e+02 2.531109186662541029e-03
3.661245459985588582e+02 2.516319208971608181e-03
3.663613665328399520e+02 2.501659956646772043e-03
3.665981870671210459e+02 2.487129899805800431e-03
3.668350076014020829e+02 2.472727530882170340e-03
3.670718281356831767e+02 2.458451364235985075e-03
3.673086486699642705e+02 2.444299935772816911e-03
3.675454692042453644e+02 2.430271802570212886e-03
3.677822897385264582e+02 2.416365542511746210e-03
3.680191102728075521e+02 2.402579753928415964e-03
3.682559308070886459e+02 2.388913055247232891e-03
3.684927513413696829e+02 2.375364084646827776e-03
3.687295718756507767e+02 2.361931499719904619e-03
3.689663924099318706e+02 2.348613977142435805e-03
3.692032129442129644e+02 2.335410212349371597e-03
3.694400334784940583e+02 2.322318919216776779e-03
3.696768540127751521e+02 2.309338829750226182e-03
3.699136745470562460e+02 2.296468693779318577e-03
3.701504950813372830e+02 2.283707278658179268e-03
3.703873156156183768e+02 2.271053368971801337e-03
3.706241361498994706e+02 2.258505766248130979e-03
3.708609566841805645e+02 2.246063288675725651e-03
3.710977772184616583e+02 2.233724770826888729e-03
3.713345977527427522e+02 2.221489063386158837e-03
3.715714182870238460e+02 2.209355032884020680e-03
3.718082388213049398e+02 2.197321561435742858e-03
3.720450593555859768e+02 2.185387546485218629e-03
3.722818798898670707e+02 2.173551900553687306e-03
3.725187004241481645e+02 2.161813550993275587e-03
3.727555209584292584e+02 2.150171439745194018e-03
3.729923414927103522e+02 2.138624523102531771e-03
3.732291620269914461e+02 2.127171771477534817e-03
3.734659825612725399e+02 2.115812169173269478e-03
3.737028030955535769e+02 2.104544714159585061e-03
3.739396236298346707e+02 2.093368417853263240e-03
3.741764441641157646e+02 2.082282304902308666e-03
3.744132646983968584e+02 2.071285412974235070e-03
3.746500852326779523e+02 2.060376792548305677e-03
3.748869057669590461e+02 2.049555506711625130e-03
3.751237263012401399e+02 2.038820630959007479e-03
3.753605468355211769e+02 2.028171252996535667e-03
3.755973673698022708e+02 2.017606472548735298e-03
3.758341879040833646e+02 2.007125401169306770e-03
3.760710084383644585e+02 1.996727162055298224e-03
3.763078289726455523e+02 1.986410889864692435e-03
3.765446495069266462e+02 1.976175730537309619e-03
3.767814700412077400e+02 1.966020841118968927e-03
3.770182905754887770e+02 1.955945389588834016e-03
3.772551111097698708e+02 1.945948554689876792e-03
3.774919316440509647e+02 1.936029525762414209e-03
3.777287521783320585e+02 1.926187502580624464e-03
3.779655727126131524e+02 1.916421695191998552e-03
3.782023932468942462e+02 1.906731323759671250e-03
3.784392137811753400e+02 1.897115618407562787e-03
3.786760343154563770e+02 1.887573819068279592e-03
3.789128548497374709e+02 1.878105175333711014e-03
3.791496753840185647e+02 1.868708946308283211e-03
3.793864959182996586e+02 1.859384400464802328e-03
3.796233164525807524e+02 1.850130815502830806e-03
3.798601369868618463e+02 1.840947478209566893e-03
3.800969575211429401e+02 1.831833684323154509e-03
3.803337780554240339e+02 1.822788738398391792e-03
3.805705985897050709e+02 1.813811953674779797e-03
3.808074191239861648e+02 1.804902651946861886e-03
3.810442396582672586e+02 1.796060163436834526e-03
3.812810601925483525e+02 1.787283826669344928e-03
3.815178807268294463e+02 1.778572988348462065e-03
3.817547012611105401e+02 1.769927003236764071e-03
3.819915217953916340e+02 1.761345234036514442e-03
3.822283423296726710e+02 1.752827051272864631e-03
3.824651628639537648e+02 1.744371833179057850e-03
3.827019833982348587e+02 1.735978965583605043e-03
3.829388039325159525e+02 1.727647841799369484e-03
3.831756244667970464e+02 1.719377862514535503e-03
3.834124450010781402e+02 1.711168435685435103e-03
3.836492655353592340e+02 1.703018976431176735e-03
3.838860860696402710e+02 1.694928906930060625e-03
3.841229066039213649e+02 1.686897656317721010e-03
3.843597271382024587e+02 1.678924660587005928e-03
3.845965476724835526e+02 1.671009362489504768e-03
3.848333682067646464e+02 1.663151211438738345e-03
3.850701887410457402e+02 1.655349663414959005e-03
3.853070092753268341e+02 1.647604180871527170e-03
3.855438298096078711e+02 1.639914232642856280e-03
3.857806503438889649e+02 1.632279293853858282e-03
3.860174708781700588e+02 1.624698845830911328e-03
3.862542914124511526e+02 1.617172376014272940e-03
3.864911119467322465e+02 1.609699377871941228e-03
3.867279324810133403e+02 1.602279350814927962e-03
3.869647530152944341e+02 1.594911800113916599e-03
3.872015735495754711e+02 1.587596236817284462e-03
3.874383940838565650e+02 1.580332177670447195e-03
3.876752146181376588e+02 1.573119145036532690e-03
3.879120351524187527e+02 1.565956666818326759e-03
3.881488556866998465e+02 1.558844276381483223e-03
3.883856762209809403e+02 1.551781512478974528e-03
3.886224967552620342e+02 1.544767919176761456e-03
3.888593172895430712e+02 1.537803045780650885e-03
3.890961378238241650e+02 1.530886446764325153e-03
3.893329583581052589e+02 1.524017681698531732e-03
3.895697788923863527e+02 1.517196315181391138e-03
3.898065994266674466e+02 1.510421916769818119e-03
3.900434199609485404e+02 1.503694060912034178e-03
3.902802404952296342e+02 1.497012326881144804e-03
3.905170610295107281e+02 1.490376298709770314e-03
3.907538815637917651e+02 1.483785565125708217e-03
3.909907020980728589e+02 1.477239719488598240e-03
3.912275226323539528e+02 1.470738359727601302e-03
3.914643431666350466e+02 1.464281088280034110e-03
3.917011637009161404e+02 1.457867512030976706e-03
3.919379842351972343e+02 1.451497242253815259e-03
3.921748047694783281e+02 1.445169894551713791e-03
3.924116253037593651e+02 1.438885088799993607e-03
3.926484458380404590e+02 1.432642449089399379e-03
3.928852663723215528e+02 1.426441603670257309e-03
3.931220869066026466e+02 1.420282184897480498e-03
3.933589074408837405e+02 1.414163829176424969e-03
3.935957279751648343e+02 1.408086176909580534e-03
3.938325485094459282e+02 1.402048872444075023e-03
3.940693690437269652e+02 1.396051564019984296e-03
3.943061895780080590e+02 1.390093903719423745e-03
3.945430101122891529e+02 1.384175547416428235e-03
3.947798306465702467e+02 1.378296154727581650e-03
3.950166511808513405e+02 1.372455388963398021e-03
3.952534717151324344e+02 1.366652917080441853e-03
3.954902922494135282e+02 1.360888409634166199e-03
3.957271127836945652e+02 1.355161540732466741e-03
3.959639333179756591e+02 1.349471987989923905e-03
3.962007538522567529e+02 1.343819432482746016e-03
3.964375743865378467e+02 1.338203558704376215e-03
3.966743949208189406e+02 1.332624054521762674e-03
3.969112154551000344e+02 1.327080611132286283e-03
3.971480359893811283e+02 1.321572923021323677e-03
3.973848565236621653e+02 1.316100687920444519e-03
3.976216770579432591e+02 1.310663606766219623e-03
3.978584975922243530e+02 1.305261383659650975e-03
3.980953181265054468e+02 1.299893725826190265e-03
3.983321386607865406e+02 1.294560343576345264e-03
3.985689591950676345e+02 1.289260950266871673e-03
3.988057797293487283e+02 1.283995262262528766e-03
3.990426002636298222e+02 1.278762998898394249e-03
3.992794207979108592e+02 1.273563882442732944e-03
3.995162413321919530e+02 1.268397638060399105e-03
3.997530618664730468e+02 1.263263993776782149e-03
3.999898824007541407e+02 1.258162680442263034e-03
4.002267029350352345e+02 1.253093431697193446e-03
4.004635234693163284e+02 1.248055983937377189e-03
4.007003440035974222e+02 1.243050076280050086e-03
4.009371645378784592e+02 1.238075450530350813e-03
4.011739850721595531e+02 1.233131851148267042e-03
4.014108056064406469e+02 1.228219025216066877e-03
4.016476261407217407e+02 1.223336722406184350e-03
4.018844466750028346e+02 1.218484694949568958e-03
4.021212672092839284e+02 1.213662697604484279e-03
4.023580877435650223e+02 1.208870487625752187e-03
4.025949082778460593e+02 1.204107824734431407e-03
4.028317288121271531e+02 1.199374471087920856e-03
4.030685493464082469e+02 1.194670191250499268e-03
4.033053698806893408e+02 1.189994752164263373e-03
4.035421904149704346e+02 1.185347923120486308e-03
4.037790109492515285e+02 1.180729475731373719e-03
4.040158314835326223e+02 1.176139183902216246e-03
4.042526520178136593e+02 1.171576823803934485e-03
4.044894725520947532e+02 1.167042173845998657e-03
4.047262930863758470e+02 1.162535014649738151e-03
4.049631136206569408e+02 1.158055129022013408e-03
4.051999341549380347e+02 1.153602301929254267e-03
4.054367546892191285e+02 1.149176320471860220e-03
4.056735752235002224e+02 1.144776973858952808e-03
4.059103957577812594e+02 1.140404053383478437e-03
4.061472162920623532e+02 1.136057352397648167e-03
4.063840368263434470e+02 1.131736666288725738e-03
4.066208573606245409e+02 1.127441792455136311e-03
4.068576778949056347e+02 1.123172530282910003e-03
4.070944984291867286e+02 1.118928681122443106e-03
4.073313189634678224e+02 1.114710048265578693e-03
4.075681394977489163e+02 1.110516436922996458e-03
4.078049600320299533e+02 1.106347654201916093e-03
4.080417805663110471e+02 1.102203509084089287e-03
4.082786011005921409e+02 1.098083812404108961e-03
4.085154216348732348e+02 1.093988376827994104e-03
4.087522421691543286e+02 1.089917016832073638e-03
4.089890627034354225e+02 1.085869548682148918e-03
4.092258832377165163e+02 1.081845790412939859e-03
4.094627037719975533e+02 1.077845561807805157e-03
4.096995243062786471e+02 1.073868684378730077e-03
4.099363448405597410e+02 1.069914981346590513e-03
4.101731653748408348e+02 1.065984277621670516e-03
4.104099859091219287e+02 1.062076399784445905e-03
4.106468064434030225e+02 1.058191176066617875e-03
4.108836269776841164e+02 1.054328436332401843e-03
4.111204475119651534e+02 1.050488012060063481e-03
4.113572680462462472e+02 1.046669736323693062e-03
4.115940885805273410e+02 1.042873443775229605e-03
4.118309091148084349e+02 1.039098970626715305e-03
4.120677296490895287e+02 1.035346154632781112e-03
4.123045501833706226e+02 1.031614835073368453e-03
4.125413707176517164e+02 1.027904852736670612e-03
4.127781912519327534e+02 1.024216049902302661e-03
4.130150117862138472e+02 1.020548270324682805e-03
4.132518323204949411e+02 1.016901359216641418e-03
4.134886528547760349e+02 1.013275163233231949e-03
4.137254733890571288e+02 1.009669530455757592e-03
4.139622939233382226e+02 1.006084310376003732e-03
4.141991144576193165e+02 1.002519353880672922e-03
4.144359349919003535e+02 9.989745132360226040e-04
4.146727555261814473e+02 9.954496420726960393e-04
4.149095760604625411e+02 9.919445953707559799e-04
4.151463965947436350e+02 9.884592294449026564e-04
4.153832171290247288e+02 9.849934019298834526e-04
4.156200376633058227e+02 9.815469717660929658e-04
4.158568581975869165e+02 9.781197991853484916e-04
4.160936787318679535e+02 9.747117456968563270e-04
4.163304992661490473e+02 9.713226740733463434e-04
4.165673198004301412e+02 9.679524483373930406e-04
4.168041403347112350e+02 9.646009337479012928e-04
4.170409608689923289e+02 9.612679967867667581e-04
4.172777814032734227e+02 9.579535051457046656e-04
4.175146019375545166e+02 9.546573277132425336e-04
4.177514224718356104e+02 9.513793345618797460e-04
4.179882430061166474e+02 9.481193969354059651e-04
4.182250635403977412e+02 9.448773872363754522e-04
4.184618840746788351e+02 9.416531790137485725e-04
4.186987046089599289e+02 9.384466469506741373e-04
4.189355251432410228e+02 9.352576668524335097e-04
4.191723456775221166e+02 9.320861156345322703e-04
4.194091662118032104e+02 9.289318713109373819e-04
4.196459867460842474e+02 9.257948129824649514e-04
4.198828072803653413e+02 9.226748208253044911e-04
4.201196278146464351e+02 9.195717760796952951e-04
4.203564483489275290e+02 9.164855610387324849e-04
4.205932688832086228e+02 9.134160590373179055e-04
4.208300894174897167e+02 9.103631544412414504e-04
4.210669099517708105e+02 9.073267326364021406e-04
4.213037304860518475e+02 9.043066800181573557e-04
4.215405510203329413e+02 9.013028839808001104e-04
4.217773715546140352e+02 8.983152329071744571e-04
4.220141920888951290e+02 8.953436161584053810e-04
4.222510126231762229e+02 8.923879240637628109e-04
4.224878331574573167e+02 8.894480479106439165e-04
4.227246536917384105e+02 8.865238799346791126e-04
4.229614742260194475e+02 8.836153133099571098e-04
4.231982947603005414e+02 8.807222421393666239e-04
4.234351152945816352e+02 8.778445614450596261e-04
4.236719358288627291e+02 8.749821671590243127e-04
4.239087563631438229e+02 8.721349561137720259e-04
4.241455768974249168e+02 8.693028260331407252e-04
4.243823974317060106e+02 8.664856755232021096e-04
4.246192179659870476e+02 8.636834040632833387e-04
4.248560385002681414e+02 8.608959119970909955e-04
4.250928590345492353e+02 8.581231005239461787e-04
4.253296795688303291e+02 8.553648716901209688e-04
4.255665001031114230e+02 8.526211283802761576e-04
4.258033206373925168e+02 8.498917743090053396e-04
4.260401411716736106e+02 8.471767140124756039e-04
4.262769617059547045e+02 8.444758528401682994e-04
4.265137822402357415e+02 8.417890969467186789e-04
4.267506027745168353e+02 8.391163532838469405e-04
4.269874233087979292e+02 8.364575295923927034e-04
4.272242438430790230e+02 8.338125343944353517e-04
4.274610643773601169e+02 8.311812769855107634e-04
4.276978849116412107e+02 8.285636674269178121e-04
4.279347054459223045e+02 8.259596165381163750e-04
4.281715259802033415e+02 8.233690358892139204e-04
4.284083465144844354e+02 8.207918377935354698e-04
4.286451670487655292e+02 8.182279353002885371e-04
4.288819875830466231e+02 8.156772421873063460e-04
4.291188081173277169e+02 8.131396729538776765e-04
4.293556286516088107e+02 8.106151428136597597e-04
4.295924491858899046e+02 8.081035676876733567e-04
4.298292697201709416e+02 8.056048641973791516e-04
4.300660902544520354e+02 8.031189496578314485e-04
4.303029107887331293e+02 8.006457420709163280e-04
4.305397313230142231e+02 7.981851601186611437e-04
4.307765518572953169e+02 7.957371231566256597e-04
4.310133723915764108e+02 7.933015512073664796e-04
4.312501929258575046e+02 7.908783649539758527e-04
4.314870134601385416e+02 7.884674857336985412e-04
4.317238339944196355e+02 7.860688355316146087e-04
4.319606545287007293e+02 7.836823369744021130e-04
4.321974750629818232e+02 7.813079133241643097e-04
4.324342955972629170e+02 7.789454884723303642e-04
4.326711161315440108e+02 7.765949869336241521e-04
4.329079366658251047e+02 7.742563338401026651e-04
4.331447572001061417e+02 7.719294549352607700e-04
4.333815777343872355e+02 7.696142765682000442e-04
4.336183982686683294e+02 7.673107256878706865e-04
4.338552188029494232e+02 7.650187298373702397e-04
4.340920393372305170e+02 7.627382171483122449e-04
4.343288598715116109e+02 7.604691163352536587e-04
4.345656804057927047e+02 7.582113566901888414e-04
4.348025009400737986e+02 7.559648680771018743e-04
4.350393214743548356e+02 7.537295809265832794e-04
4.352761420086359294e+02 7.515054262305012741e-04
4.355129625429170233e+02 7.492923355367404632e-04
4.357497830771981171e+02 7.470902409439915967e-04
4.359866036114792109e+02 7.448990750966039956e-04
4.362234241457603048e+02 7.427187711794924025e-04
4.364602446800413986e+02 7.405492629131021649e-04
4.366970652143224356e+02 7.383904845484301439e-04
4.369338857486035295e+02 7.362423708620970163e-04
4.371707062828846233e+02 7.341048571514814831e-04
4.374075268171657171e+02 7.319778792299005575e-04
4.376443473514468110e+02 7.298613734218472064e-04
4.378811678857279048e+02 7.277552765582787336e-04
4.381179884200089987e+02 7.256595259719578542e-04
4.383548089542900357e+02 7.235740594928455945e-04
4.385916294885711295e+02 7.214988154435397283e-04
4.388284500228522234e+02 7.194337326347720850e-04
4.390652705571333172e+02 7.173787503609473830e-04
4.393020910914144110e+02 7.153338083957328040e-04
4.395389116256955049e+02 7.132988469876980903e-04
4.397757321599765987e+02 7.112738068559993363e-04
4.400125526942576357e+02 7.092586291861144960e-04
4.402493732285387296e+02 7.072532556256180304e-04
4.404861937628198234e+02 7.052576282800111741e-04
4.407230142971009172e+02 7.032716897085879810e-04
4.409598348313820111e+02 7.012953829203525443e-04
4.411966553656631049e+02 6.993286513699769821e-04
4.414334758999441988e+02 6.973714389538050685e-04
4.416702964342252358e+02 6.954236900058982564e-04
4.419071169685063296e+02 6.934853492941226837e-04
4.421439375027874235e+02 6.915563620162830166e-04
4.423807580370685173e+02 6.896366737962931559e-04
4.426175785713496111e+02 6.877262306803903118e-04
4.428543991056307050e+02 6.858249791333900607e-04
4.430912196399117988e+02 6.839328660349807592e-04
4.433280401741928358e+02 6.820498386760596998e-04
4.435648607084739297e+02 6.801758447551040695e-04
4.438016812427550235e+02 6.783108323745883116e-04
4.440385017770361173e+02 6.764547500374332558e-04
4.442753223113172112e+02 6.746075466434966637e-04
4.445121428455983050e+02 6.727691714861008549e-04
4.447489633798793989e+02 6.709395742485980627e-04
4.449857839141604927e+02 6.691187050009725443e-04
4.452226044484415297e+02 6.673065141964791211e-04
4.454594249827226236e+02 6.655029526683170623e-04
4.456962455170037174e+02 6.637079716263433269e-04
4.459330660512848112e+02 6.619215226538173544e-04
4.461698865855659051e+02 6.601435577041830450e-04
4.464067071198469989e+02 6.583740290978859749e-04
4.466435276541280928e+02 6.566128895192241150e-04
4.468803481884091298e+02 6.548600920132345441e-04
4.471171687226902236e+02 6.531155899826106281e-04
4.473539892569713174e+02 6.513793371846585568e-04
4.475908097912524113e+02 6.496512877282821768e-04
4.478276303255335051e+02 6.479313960710027373e-04
4.480644508598145990e+02 6.462196170160123534e-04
4.483012713940956928e+02 6.445159057092572858e-04
4.485380919283767298e+02 6.428202176365556972e-04
4.487749124626578237e+02 6.411325086207421897e-04
4.490117329969389175e+02 6.394527348188495290e-04
4.492485535312200113e+02 6.377808527193127046e-04
4.494853740655011052e+02 6.361168191392048638e-04
4.497221945997821990e+02 6.344605912214994854e-04
4.499590151340632929e+02 6.328121264323558620e-04
4.501958356683443299e+02 6.311713825584283274e-04
4.504326562026254237e+02 6.295383177041906624e-04
4.506694767369065175e+02 6.279128902892786067e-04
4.509062972711876114e+02 6.262950590458374669e-04
4.511431178054687052e+02 6.246847830158710254e-04
4.513799383397497991e+02 6.230820215485834016e-04
4.516167588740308929e+02 6.214867342976998802e-04
4.518535794083119299e+02 6.198988812187542375e-04
4.520903999425930238e+02 6.183184225663240254e-04
4.523272204768741176e+02 6.167453188911980935e-04
4.525640410111552114e+02 6.151795310374478338e-04
4.528008615454363053e+02 6.136210201393843674e-04
4.530376820797173991e+02 6.120697476183764108e-04
4.532745026139984930e+02 6.105256751795112586e-04
4.535113231482795868e+02 6.089887648080929191e-04
4.537481436825606238e+02 6.074589787659891117e-04
4.539849642168417176e+02 6.059362795878662665e-04
4.542217847511228115e+02 6.044206300774052250e-04
4.544586052854039053e+02 6.029119933036325169e-04
4.546954258196849992e+02 6.014103325975801500e-04
4.549322463539660930e+02 5.999156115495466986e-04
4.551690668882471869e+02 5.984277940072840838e-04
4.554058874225282239e+02 5.969468440754310780e-04
4.556427079568093177e+02 5.954727261164461521e-04
4.558795284910904115e+02 5.940054047531314989e-04
4.561163490253715054e+02 5.925448448725575187e-04
4.563531695596525992e+02 5.910910116308886039e-04
4.565899900939336931e+02 5.896438704582824316e-04
4.568268106282147869e+02 5.882033870628554329e-04
4.570636311624958239e+02 5.867695274327148049e-04
4.573004516967769177e+02 5.853422578353326003e-04
4.575372722310580116e+02 5.839215448140120963e-04
4.577740927653391054e+02 5.825073551817320193e-04
4.580109132996201993e+02 5.810996560131227989e-04
4.582477338339012931e+02 5.796984146355771937e-04
4.584845543681823870e+02 5.783035986205038162e-04
4.587213749024634240e+02 5.769151757755209848e-04
4.589581954367445178e+02 5.755331141380755442e-04
4.591950159710256116e+02 5.741573819706511251e-04
4.594318365053067055e+02 5.727879477574557981e-04
4.596686570395877993e+02 5.714247802023342260e-04
4.599054775738688932e+02 5.700678482275769923e-04
4.601422981081499870e+02 5.687171209733037991e-04
4.603791186424310240e+02 5.673725677971549032e-04
4.606159391767121178e+02 5.660341582740793711e-04
4.608527597109932117e+02 5.647018621960917840e-04
4.610895802452743055e+02 5.633756495719036096e-04
4.613264007795553994e+02 5.620554906263974717e-04
4.615632213138364932e+02 5.607413557999290331e-04
4.618000418481175871e+02 5.594332157474664639e-04
4.620368623823986240e+02 5.581310413375844106e-04
4.622736829166797179e+02 5.568348036513328476e-04
4.625105034509608117e+02 5.555444739810096524e-04
4.627473239852419056e+02 5.542600238288491543e-04
4.629841445195229994e+02 5.529814249056560398e-04
4.632209650538040933e+02 5.517086491293917696e-04
4.634577855880851871e+02 5.504416686237335659e-04
4.636946061223662809e+02 5.491804557166138833e-04
4.639314266566473179e+02 5.479249829387492551e-04
4.641682471909284118e+02 5.466752230221638264e-04
4.644050677252095056e+02 5.454311488987185260e-04
4.646418882594905995e+02 5.441927336986416468e-04
4.648787087937716933e+02 5.429599507490692929e-04
4.651155293280527872e+02 5.417327735725965604e-04
4.653523498623338810e+02 5.405111758858404270e-04
4.655891703966149180e+02 5.392951315980163036e-04
4.658259909308960118e+02 5.380846148095264026e-04
4.660628114651771057e+02 5.368795998105658877e-04
4.662996319994581995e+02 5.356800610797409498e-04
4.665364525337392934e+02 5.344859732827018451e-04
4.667732730680203872e+02 5.332973112707919787e-04
4.670100936023014810e+02 5.321140500797102166e-04
4.672469141365825180e+02 5.309361649281894597e-04
4.674837346708636119e+02 5.297636312166864939e-04
4.677205552051447057e+02 5.285964245260904885e-04
4.679573757394257996e+02 5.274345206164419032e-04
4.681941962737068934e+02 5.262778954256666815e-04
4.684310168079879872e+02 5.251265250683244314e-04
4.686678373422690811e+02 5.239803858343686400e-04
4.689046578765501181e+02 5.228394541879223924e-04
4.691414784108312119e+02 5.217037067660638483e-04
4.693782989451123058e+02 5.205731203776287411e-04
4.696151194793933996e+02 5.194476720020224170e-04
4.698519400136744935e+02 5.183273387880448857e-04
4.700887605479555873e+02 5.172120980527293143e-04
4.703255810822366811e+02 5.161019272801920139e-04
4.705624016165177181e+02 5.149968041204945699e-04
4.707992221507988120e+02 5.138967063885167049e-04
4.710360426850799058e+02 5.128016120628435624e-04
4.712728632193609997e+02 5.117114992846619886e-04
4.715096837536420935e+02 5.106263463566692836e-04
4.717465042879231873e+02 5.095461317419932266e-04
4.719833248222042812e+02 5.084708340631235958e-04
4.722201453564853750e+02 5.074004321008533354e-04
4.724569658907664120e+02 5.063349047932333858e-04
4.726937864250475059e+02 5.052742312345344508e-04
4.729306069593285997e+02 5.042183906742238363e-04
4.731674274936096936e+02 5.031673625159495530e-04
4.734042480278907874e+02 5.021211263165362365e-04
4.736410685621718812e+02 5.010796617849912595e-04
4.738778890964529751e+02 5.000429487815212515e-04
4.741147096307340121e+02 4.990109673165591363e-04
4.743515301650151059e+02 4.979836975497995170e-04
4.745883506992961998e+02 4.969611197892469636e-04
4.748251712335772936e+02 4.959432144902712388e-04
4.750619917678583874e+02 4.949299622546745594e-04
4.752988123021394813e+02 4.939213438297673136e-04
4.755356328364205751e+02 4.929173401074534279e-04
4.757724533707016121e+02 4.919179321233266853e-04
4.760092739049827060e+02 4.909231010557732217e-04
4.762460944392637998e+02 4.899328282250882275e-04
4.764829149735448937e+02 4.889470950925977428e-04
4.767197355078259875e+02 4.879658832597912423e-04
4.769565560421070813e+02 4.869891744674634888e-04
4.771933765763881752e+02 4.860169505948654404e-04
4.774301971106692122e+02 4.850491936588639395e-04
4.776670176449503060e+02 4.840858858131091543e-04
4.779038381792313999e+02 4.831270093472137287e-04
4.781406587135124937e+02 4.821725466859380052e-04
4.783774792477935875e+02 4.812224803883843535e-04
4.786142997820746814e+02 4.802767931472016376e-04
4.788511203163557752e+02 4.793354677877962417e-04
4.790879408506368122e+02 4.783984872675534506e-04
4.793247613849179061e+02 4.774658346750645216e-04
4.795615819191989999e+02 4.765374932293662256e-04
4.797984024534800938e+02 4.756134462791843987e-04
4.800352229877611876e+02 4.746936773021880659e-04
4.802720435220422814e+02 4.737781699042516409e-04
4.805088640563233753e+02 4.728669078187242285e-04
4.807456845906044691e+02 4.719598749057077628e-04
4.809825051248855061e+02 4.710570551513426803e-04
4.812193256591666000e+02 4.701584326671010743e-04
4.814561461934476938e+02 4.692639916890895533e-04
4.816929667277287876e+02 4.683737165773573571e-04
4.819297872620098815e+02 4.674875918152140140e-04
4.821666077962909753e+02 4.666056020085534496e-04
4.824034283305720692e+02 4.657277318851872020e-04
4.826402488648531062e+02 4.648539662941834384e-04
4.828770693991342000e+02 4.639842902052141566e-04
4.831138899334152939e+02 4.631186887079113859e-04
4.833507104676963877e+02 4.622571470112278331e-04
4.835875310019774815e+02 4.613996504428070694e-04
4.838243515362585754e+02 4.605461844483608731e-04
4.840611720705396692e+02 4.596967345910523187e-04
4.842979926048207062e+02 4.588512865508881356e-04
4.845348131391018001e+02 4.580098261241157291e-04
4.847716336733828939e+02 4.571723392226302303e-04
4.850084542076639877e+02 4.563388118733865875e-04
4.852452747419450816e+02 4.555092302178185963e-04
4.854820952762261754e+02 4.546835805112662784e-04
4.857189158105072693e+02 4.538618491224088980e-04
4.859557363447883063e+02 4.530440225327057847e-04
4.861925568790694001e+02 4.522300873358423056e-04
4.864293774133504940e+02 4.514200302371857050e-04
4.866661979476315878e+02 4.506138380532449003e-04
4.869030184819126816e+02 4.498114977111374881e-04
4.871398390161937755e+02 4.490129962480645027e-04
4.873766595504748693e+02 4.482183208107915710e-04
4.876134800847559063e+02 4.474274586551352175e-04
4.878503006190370002e+02 4.466403971454573551e-04
4.880871211533180940e+02 4.458571237541656849e-04
4.883239416875991878e+02 4.450776260612210344e-04
4.885607622218802817e+02 4.443018917536497919e-04
4.887975827561613755e+02 4.435299086250642556e-04
4.890344032904424694e+02 4.427616645751888914e-04
4.892712238247235064e+02 4.419971476093927164e-04
4.895080443590046002e+02 4.412363458382272119e-04
4.897448648932856941e+02 4.404792474769731814e-04
4.899816854275667879e+02 4.397258408451906438e-04
4.902185059618478817e+02 4.389761143662766958e-04
4.904553264961289756e+02 4.382300565670294999e-04
4.906921470304100694e+02 4.374876560772180734e-04
4.909289675646911633e+02 4.367489016291579854e-04
4.911657880989722003e+02 4.360137820572937222e-04
4.914026086332532941e+02 4.352822862977868534e-04
4.916394291675343879e+02 4.345544033881098352e-04
4.918762497018154818e+02 4.338301224666472411e-04
4.921130702360965756e+02 4.331094327723007328e-04
4.923498907703776695e+02 4.323923236441017831e-04
4.925867113046587633e+02 4.316787845208298739e-04
4.928235318389398003e+02 4.309688049406366038e-04
4.930603523732208942e+02 4.302623745406745654e-04
4.932971729075019880e+02 4.295594830567348423e-04
4.935339934417830818e+02 4.288601203228871624e-04
4.937708139760641757e+02 4.281642762711280201e-04
4.940076345103452695e+02 4.274719409310337860e-04
4.942444550446263634e+02 4.267831044294192913e-04
4.944812755789074004e+02 4.260977569900038396e-04
4.947180961131884942e+02 4.254158889330796034e-04
4.949549166474695880e+02 4.247374906751903213e-04
4.951917371817506819e+02 4.240625527288111865e-04
4.954285577160317757e+02 4.233910657020380068e-04
4.956653782503128696e+02 4.227230202982790739e-04
4.959021987845939634e+02 4.220584073159554901e-04
4.961390193188750004e+02 4.213972176482047474e-04
4.963758398531560943e+02 4.207394422825911913e-04
4.966126603874371881e+02 4.200850723008220681e-04
4.968494809217182819e+02 4.194340988784687769e-04
4.970863014559993758e+02 4.187865132846939212e-04
4.973231219902804696e+02 4.181423068819835115e-04
4.975599425245615635e+02 4.175014711258855636e-04
4.977967630588426005e+02 4.168639975647536310e-04
4.980335835931236943e+02 4.162298778394952158e-04
4.982704041274047881e+02 4.155991036833275518e-04
4.985072246616858820e+02 4.149716669215375081e-04
4.987440451959669758e+02 4.143475594712466969e-04
4.989808657302480697e+02 4.137267733411834113e-04
4.992176862645291635e+02 4.131093006314586836e-04
4.994545067988102574e+02 4.124951335333489565e-04
4.996913273330912943e+02 4.118842643290837970e-04
4.999281478673723882e+02 4.112766853916376749e-04
5.001649684016534820e+02 4.106723891845301985e-04
5.004017889359345759e+02 4.100713682616296575e-04
5.006386094702156697e+02 4.094736152669613358e-04
5.008754300044967636e+02 4.088791229345239021e-04
5.011122505387778574e+02 4.082878840881092150e-04
5.013490710730588944e+02 4.076998916411271709e-04
5.015858916073399882e+02 4.071151385964381941e-04
5.018227121416210821e+02 4.065336180461893057e-04
5.020595326759021759e+02 4.059553231716559927e-04
5.022963532101832698e+02 4.053802472430898776e-04
5.025331737444643636e+02 4.048083836195718091e-04
5.027699942787454574e+02 4.042397257488698314e-04
5.030068148130264944e+02 4.036742671673033338e-04
5.032436353473075883e+02 4.031120014996115368e-04
5.034804558815886821e+02 4.025529224588292429e-04
5.037172764158697760e+02 4.019970238461660563e-04
5.039540969501508698e+02 4.014442995508921619e-04
5.041909174844319637e+02 4.008947435502293092e-04
5.044277380187130575e+02 4.003483499092472708e-04
5.046645585529940945e+02 3.998051127807657223e-04
5.049013790872751883e+02 3.992650264052611630e-04
5.051381996215562822e+02 3.987280851107806142e-04
5.053750201558373760e+02 3.981942833128591106e-04
5.056118406901184699e+02 3.976636155144436442e-04
5.058486612243995637e+02 3.971360763058228533e-04
5.060854817586806575e+02 3.966116603645614288e-04
5.063223022929616945e+02 3.960903624554404823e-04
5.065591228272427884e+02 3.955721774304029031e-04
5.067959433615238822e+02 3.950571002285056528e-04
5.070327638958049761e+02 3.945451258758762890e-04
5.072695844300860699e+02 3.940362494856746930e-04
5.075064049643671638e+02 3.935304662580621699e-04
5.077432254986482576e+02 3.930277714801746688e-04
5.079800460329293514e+02 3.925281605261015869e-04
5.082168665672103884e+02 3.920316288568713491e-04
5.084536871014914823e+02 3.915381720204408919e-04
5.086905076357725761e+02 3.910477856516930608e-04
5.089273281700536700e+02 3.905604654724375863e-04
5.091641487043347638e+02 3.900762072914182939e-04
5.094009692386158576e+02 3.895950070043270358e-04
5.096377897728969515e+02 3.891168605938224480e-04
5.098746103071779885e+02 3.886417641295540192e-04
5.101114308414590823e+02 3.881697137681927741e-04
5.103482513757401762e+02 3.877007057534678108e-04
5.105850719100212700e+02 3.872347364162084219e-04
5.108218924443023639e+02 3.867718021743908239e-04
5.110587129785834577e+02 3.863118995331932888e-04
5.112955335128645515e+02 3.858550250850547453e-04
5.115323540471455885e+02 3.854011755097403727e-04
5.117691745814266824e+02 3.849503475744135380e-04
5.120059951157078331e+02 3.845025381337121781e-04
5.122428156499888701e+02 3.840577441298337466e-04
5.124796361842699071e+02 3.836159625926228718e-04
5.127164567185510577e+02 3.831771906396674171e-04
5.129532772528320947e+02 3.827414254764007753e-04
5.131900977871132454e+02 3.823086643962076868e-04
5.134269183213942824e+02 3.818789047805400323e-04
5.136637388556754331e+02 3.814521440990349026e-04
5.139005593899564701e+02 3.810283799096417755e-04
5.141373799242375071e+02 3.806076098587545171e-04
5.143742004585186578e+02 3.801898316813497806e-04
5.146110209927996948e+02 3.797750432011324519e-04
5.148478415270808455e+02 3.793632423306859199e-04
5.150846620613618825e+02 3.789544270716312916e-04
5.153214825956430332e+02 3.785485955147892094e-04
5.155583031299240702e+02 3.781457458403527814e-04
5.157951236642051072e+02 3.777458763180625715e-04
5.160319441984862578e+02 3.773489853073909678e-04
5.162687647327672948e+02 3.769550712577328399e-04
5.165055852670484455e+02 3.765641327086010205e-04
5.167424058013294825e+02 3.761761682898309483e-04
5.169792263356106332e+02 3.757911767217895940e-04
5.172160468698916702e+02 3.754091568155936017e-04
5.174528674041727072e+02 3.750301074733319840e-04
5.176896879384538579e+02 3.746540276882967318e-04
5.179265084727348949e+02 3.742809165452211221e-04
5.181633290070160456e+02 3.739107732205228501e-04
5.184001495412970826e+02 3.735435969825567568e-04
5.186369700755782333e+02 3.731793871918717849e-04
5.188737906098592703e+02 3.728181433014779640e-04
5.191106111441403073e+02 3.724598648571181107e-04
5.193474316784214579e+02 3.721045514975479876e-04
5.195842522127024949e+02 3.717522029548241580e-04
5.198210727469836456e+02 3.714028190545972633e-04
5.200578932812646826e+02 3.710563997164154906e-04
5.202947138155458333e+02 3.707129449540321614e-04
5.205315343498268703e+02 3.703724548757244867e-04
5.207683548841079073e+02 3.700349296846163882e-04
5.210051754183890580e+02 3.697003696790112943e-04
5.212419959526700950e+02 3.693687752527324711e-04
5.214788164869512457e+02 3.690401468954691540e-04
5.217156370212322827e+02 3.687144851931335211e-04
5.219524575555134334e+02 3.683917908282223290e-04
5.221892780897944704e+02 3.680720645801898241e-04
5.224260986240756210e+02 3.677553073258253702e-04
5.226629191583566580e+02 3.674415200396423517e-04
5.228997396926376950e+02 3.671307037942723897e-04
5.231365602269188457e+02 3.668228597608699120e-04
5.233733807611998827e+02 3.665179892095245294e-04
5.236102012954810334e+02 3.662160935096806760e-04
5.238470218297620704e+02 3.659171741305677125e-04
5.240838423640432211e+02 3.656212326416364254e-04
5.243206628983242581e+02 3.653282707130066408e-04
5.245574834326052951e+02 3.650382901159206911e-04
5.247943039668864458e+02 3.647512927232084297e-04
5.250311245011674828e+02 3.644672805097595096e-04
5.252679450354486335e+02 3.641862555530048229e-04
5.255047655697296705e+02 3.639082200334078617e-04
5.257415861040108211e+02 3.636331762349641556e-04
5.259784066382918581e+02 3.633611265457106841e-04
5.262152271725728951e+02 3.630920734582446133e-04
5.264520477068540458e+02 3.628260195702505430e-04
5.266888682411350828e+02 3.625629675850395185e-04
5.269256887754162335e+02 3.623029203120944918e-04
5.271625093096972705e+02 3.620458806676288494e-04
5.273993298439784212e+02 3.617918516751518227e-04
5.276361503782594582e+02 3.615408364660465312e-04
5.278729709125404952e+02 3.612928382801558307e-04
5.281097914468216459e+02 3.610478604663793292e-04
5.283466119811026829e+02 3.608059064832814080e-04
5.285834325153838336e+02 3.605669798997080235e-04
5.288202530496648706e+02 3.603310843954152199e-04
5.290570735839460212e+02 3.600982237617076699e-04
5.292938941182270582e+02 3.598684019020883282e-04
5.295307146525080952e+02 3.596416228329186570e-04
5.297675351867892459e+02 3.594178906840896927e-04
5.300043557210702829e+02 3.591972096997047138e-04
5.302411762553514336e+02 3.589795842387725881e-04
5.304779967896324706e+02 3.587650187759131005e-04
5.307148173239136213e+02 3.585535179020725265e-04
5.309516378581946583e+02 3.583450863252525954e-04
5.311884583924756953e+02 3.581397288712494828e-04
5.314252789267568460e+02 3.579374504844057042e-04
5.316620994610378830e+02 3.577382562283740988e-04
5.318989199953190337e+02 3.575421512868926541e-04
5.321357405296000707e+02 3.573491409645735881e-04
5.323725610638812213e+02 3.571592306877028949e-04
5.326093815981622583e+02 3.569724260050546340e-04
5.328462021324432953e+02 3.567887325887153581e-04
5.330830226667244460e+02 3.566081562349238273e-04
5.333198432010054830e+02 3.564307028649223792e-04
5.335566637352866337e+02 3.562563785258221765e-04
5.337934842695676707e+02 3.560851893914808680e-04
5.340303048038488214e+02 3.559171417633953216e-04
5.342671253381298584e+02 3.557522420716065529e-04
5.345039458724108954e+02 3.555904968756193460e-04
5.347407664066920461e+02 3.554319128653354257e-04
5.349775869409730831e+02 3.552764968620017558e-04
5.352144074752542338e+02 3.551242558191717376e-04
5.354512280095352708e+02 3.549751968236825104e-04
5.356880485438164214e+02 3.548293270966457495e-04
5.359248690780974584e+02 3.546866539944542392e-04
5.361616896123784954e+02 3.545471850098033543e-04
5.363985101466596461e+02 3.544109277727275028e-04
5.366353306809406831e+02 3.542778900516525614e-04
5.368721512152218338e+02 3.541480797544633804e-04
5.371089717495028708e+02 3.540215049295886911e-04
5.373457922837840215e+02 3.538981737670997816e-04
5.375826128180650585e+02 3.537780945998278219e-04
5.378194333523460955e+02 3.536612759044958790e-04
5.380562538866272462e+02 3.535477263028693096e-04
5.382930744209082832e+02 3.534374545629219281e-04
5.385298949551894339e+02 3.533304696000197386e-04
5.387667154894704709e+02 3.532267804781223934e-04
5.390035360237516215e+02 3.531263964110018362e-04
5.392403565580326585e+02 3.530293267634794854e-04
5.394771770923136955e+02 3.529355810526807100e-04
5.397139976265948462e+02 3.528451689493082794e-04
5.399508181608758832e+02 3.527581002789345697e-04
5.401876386951570339e+02 3.526743850233119847e-04
5.404244592294380709e+02 3.525940333217032177e-04
5.406612797637192216e+02 3.525170554722304329e-04
5.408981002980002586e+02 3.524434619332443412e-04
5.411349208322814093e+02 3.523732633247133347e-04
5.413717413665624463e+02 3.523064704296320821e-04
5.416085619008434833e+02 3.522430941954519164e-04
5.418453824351246340e+02 3.521831457355307387e-04
5.420822029694056710e+02 3.521266363306046598e-04
5.423190235036868216e+02 3.520735774302808383e-04
5.425558440379678586e+02 3.520239806545518400e-04
5.427926645722490093e+02 3.519778577953322778e-04
5.430294851065300463e+02 3.519352208180171891e-04
5.432663056408110833e+02 3.518960818630637250e-04
5.435031261750922340e+02 3.518604532475947387e-04
5.437399467093732710e+02 3.518283474670266071e-04
5.439767672436544217e+02 3.517997771967199829e-04
5.442135877779354587e+02 3.517747552936547782e-04
5.444504083122166094e+02 3.517532947981287842e-04
5.446872288464976464e+02 3.517354089354817154e-04
5.449240493807786834e+02 3.517211111178435395e-04
5.451608699150598341e+02 3.517104149459082327e-04
5.453976904493408711e+02 3.517033342107336088e-04
5.456345109836220217e+02 3.516998828955663031e-04
5.458713315179030587e+02 3.517000751776940231e-04
5.461081520521842094e+02 3.517039254303245253e-04
5.463449725864652464e+02 3.517114482244907206e-04
5.465817931207462834e+02 3.517226583309847831e-04
5.468186136550274341e+02 3.517375707223196341e-04
5.470554341893084711e+02 3.517562005747185074e-04
5.472922547235896218e+02 3.517785632701335712e-04
5.475290752578706588e+02 3.518046743982942569e-04
5.477658957921518095e+02 3.518345497587848075e-04
5.480027163264328465e+02 3.518682053631517494e-04
5.482395368607138835e+02 3.519056574370424818e-04
5.484763573949950342e+02 3.519469224223747647e-04
5.487131779292760712e+02 3.519920169795371615e-04
5.489499984635572218e+02 3.520409579896227126e-04
5.491868189978382588e+02 3.520937625566932915e-04
5.494236395321194095e+02 3.521504480100790891e-04
5.496604600664004465e+02 3.522110319067089977e-04
5.498972806006814835e+02 3.522755320334775876e-04
5.501341011349626342e+02 3.523439664096449878e-04
5.503709216692436712e+02 3.524163532892715710e-04
5.506077422035248219e+02 3.524927111636897174e-04
5.508445627378058589e+02 3.525730587640100023e-04
5.510813832720870096e+02 3.526574150636651141e-04
5.513182038063680466e+02 3.527457992809906345e-04
5.515550243406490836e+02 3.528382308818437665e-04
5.517918448749302343e+02 3.529347295822601719e-04
5.520286654092112713e+02 3.530353153511501651e-04
5.522654859434924219e+02 3.531400084130344804e-04
5.525023064777734589e+02 3.532488292508196128e-04
5.527391270120546096e+02 3.533617986086154427e-04
5.529759475463356466e+02 3.534789374945924881e-04
5.532127680806166836e+02 3.536002671838832292e-04
5.534495886148978343e+02 3.537258092215249047e-04
5.536864091491788713e+02 3.538555854254459465e-04
5.539232296834600220e+02 3.539896178894977883e-04
5.541600502177410590e+02 3.541279289865299881e-04
5.543968707520222097e+02 3.542705413715119722e-04
5.546336912863032467e+02 3.544174779847010731e-04
5.548705118205842837e+02 3.545687620548571895e-04
5.551073323548654344e+02 3.547244171025061262e-04
5.553441528891464714e+02 3.548844669432500969e-04
5.555809734234276220e+02 3.550489356911299440e-04
5.558177939577086590e+02 3.552178477620348456e-04
5.560546144919898097e+02 3.553912278771659077e-04
5.562914350262708467e+02 3.555691010665488171e-04
5.565282555605518837e+02 3.557514926726018417e-04
5.567650760948330344e+02 3.559384283537553317e-04
5.570018966291140714e+02 3.561299340881268391e-04
5.572387171633952221e+02 3.563260361772517494e-04
5.574755376976762591e+02 3.565267612498687188e-04
5.577123582319574098e+02 3.567321362657647436e-04
5.579491787662384468e+02 3.569421885196755770e-04
5.581859993005194838e+02 3.571569456452479462e-04
5.584228198348006345e+02 3.573764356190603161e-04
5.586596403690816715e+02 3.576006867647043143e-04
5.588964609033628221e+02 3.578297277569305029e-04
5.591332814376438591e+02 3.580635876258544872e-04
5.593701019719250098e+02 3.583022957612301898e-04
5.596069225062060468e+02 3.585458819167855211e-04
5.598437430404871975e+02 3.587943762146272755e-04
5.600805635747682345e+02 3.590478091497113517e-04
5.603173841090492715e+02 3.593062115943831199e-04
5.605542046433304222e+02 3.595696148029871786e-04
5.607910251776114592e+02 3.598380504165474758e-04
5.610278457118926099e+02 3.601115504675216983e-04
5.612646662461736469e+02 3.603901473846266219e-04
5.615014867804547976e+02 3.606738739977404396e-04
5.617383073147358346e+02 3.609627635428799006e-04
5.619751278490168716e+02 3.612568496672552399e-04
5.622119483832980222e+02 3.615561664344042010e-04
5.624487689175790592e+02 3.618607483294050968e-04
5.626855894518602099e+02 3.621706302641729746e-04
5.629224099861412469e+02 3.624858475828369878e-04
5.631592305204223976e+02 3.628064360672036905e-04
5.633960510547034346e+02 3.631324319423045750e-04
5.636328715889844716e+02 3.634638718820329471e-04
5.638696921232656223e+02 3.638007930148679176e-04
5.641065126575466593e+02 3.641432329296889238e-04
5.643433331918278100e+02 3.644912296816845776e-04
5.645801537261088470e+02 3.648448217983516644e-04
5.648169742603899977e+02 3.652040482855930213e-04
5.650537947946710347e+02 3.655689486339093073e-04
5.652906153289520716e+02 3.659395628246925802e-04
5.655274358632332223e+02 3.663159313366179393e-04
5.657642563975142593e+02 3.666980951521385469e-04
5.660010769317954100e+02 3.670860957640857637e-04
5.662378974660764470e+02 3.674799751823728242e-04
5.664747180003575977e+02 3.678797759408101325e-04
5.667115385346386347e+02 3.682855411040265371e-04
5.669483590689196717e+02 3.686973142745059661e-04
5.671851796032008224e+02 3.691151395997361684e-04
5.674220001374818594e+02 3.695390617794735186e-04
5.676588206717630101e+02 3.699691260731271928e-04
5.678956412060440471e+02 3.704053783072621189e-04
5.681324617403251978e+02 3.708478648832266638e-04
5.683692822746062348e+02 3.712966327849020229e-04
5.686061028088872717e+02 3.717517295865822012e-04
5.688429233431684224e+02 3.722132034609813346e-04
5.690797438774494594e+02 3.726811031873724159e-04
5.693165644117306101e+02 3.731554781598629016e-04
5.695533849460116471e+02 3.736363783958043805e-04
5.697902054802927978e+02 3.741238545443436756e-04
5.700270260145738348e+02 3.746179578951143517e-04
5.702638465488548718e+02 3.751187403870744259e-04
5.705006670831360225e+02 3.756262546174907180e-04
5.707374876174170595e+02 3.761405538510722234e-04
5.709743081516982102e+02 3.766616920292597745e-04
5.712111286859792472e+02 3.771897237796672728e-04
5.714479492202603979e+02 3.777247044256864194e-04
5.716847697545414348e+02 3.782666899962487087e-04
5.719215902888224718e+02 3.788157372357567202e-04
5.721584108231036225e+02 3.793719036141806971e-04
5.723952313573846595e+02 3.799352473373270251e-04
5.726320518916658102e+02 3.805058273572835444e-04
5.728688724259468472e+02 3.810837033830388222e-04
5.731056929602279979e+02 3.816689358912877454e-04
5.733425134945090349e+02 3.822615861374175782e-04
5.735793340287900719e+02 3.828617161666866830e-04
5.738161545630712226e+02 3.834693888255930852e-04
5.740529750973522596e+02 3.840846677734383019e-04
5.742897956316334103e+02 3.847076174940950019e-04
5.745266161659144473e+02 3.853383033079732360e-04
5.747634367001955980e+02 3.859767913842001479e-04
5.750002572344766349e+02 3.866231487530053575e-04
5.752370777687576719e+02 3.872774433183288228e-04
5.754738983030388226e+02 3.879397438706446745e-04
5.757107188373198596e+02 3.886101201000104026e-04
5.759475393716010103e+02 3.892886426093484955e-04
5.761843599058820473e+02 3.899753829279567377e-04
5.764211804401631980e+02 3.906704135252633196e-04
5.766580009744442350e+02 3.913738078248178709e-04
5.768948215087253857e+02 3.920856402185385814e-04
5.771316420430064227e+02 3.928059860812057073e-04
5.773684625772874597e+02 3.935349217852182678e-04
5.776052831115686104e+02 3.942725247156122505e-04
5.778421036458496474e+02 3.950188732853462904e-04
5.780789241801307980e+02 3.957740469508664216e-04
5.783157447144118350e+02 3.965381262279452958e-04
5.785525652486929857e+02 3.973111927078118574e-04
5.787893857829740227e+02 3.980933290735694176e-04
5.790262063172550597e+02 3.988846191169134552e-04
5.792630268515362104e+02 3.996851477551528861e-04
5.794998473858172474e+02 4.004950010485393004e-04
5.797366679200983981e+02 4.013142662179171771e-04
5.799734884543794351e+02 4.021430316626917710e-04
5.802103089886605858e+02 4.029813869791329384e-04
5.804471295229416228e+02 4.038294229790087781e-04
5.806839500572226598e+02 4.046872317085710414e-04
5.809207705915038105e+02 4.055549064678848846e-04
5.811575911257848475e+02 4.064325418305194445e-04
5.813944116600659981e+02 4.073202336636077463e-04
5.816312321943470351e+02 4.082180791482739948e-04
5.818680527286281858e+02 4.091261768004497137e-04
5.821048732629092228e+02 4.100446264920732048e-04
5.823416937971902598e+02 4.109735294726930897e-04
5.825785143314714105e+02 4.119129883914753368e-04
5.828153348657524475e+02 4.128631073196247793e-04
5.830521554000335982e+02 4.138239917732366275e-04
5.832889759343146352e+02 4.147957487365738554e-04
5.835257964685957859e+02 4.157784866857959418e-04
5.837626170028768229e+02 4.167723156131326748e-04
5.839994375371578599e+02 4.177773470515266582e-04
5.842362580714390106e+02 4.187936940997458732e-04
5.844730786057200476e+02 4.198214714479768126e-04
5.847098991400011982e+02 4.208607954039179206e-04
5.849467196742822352e+02 4.219117839193692169e-04
5.851835402085633859e+02 4.229745566173463505e-04
5.854203607428444229e+02 4.240492348197132263e-04
5.856571812771254599e+02 4.251359415753604197e-04
5.858940018114066106e+02 4.262348016889311677e-04
5.861308223456876476e+02 4.273459417501084337e-04
5.863676428799687983e+02 4.284694901634838646e-04
5.866044634142498353e+02 4.296055771790079341e-04
5.868412839485309860e+02 4.307543349230492447e-04
5.870781044828120230e+02 4.319158974300622844e-04
5.873149250170930600e+02 4.330904006748913931e-04
5.875517455513742107e+02 4.342779826057138661e-04
5.877885660856552477e+02 4.354787831776411682e-04
5.880253866199363983e+02 4.366929443869993466e-04
5.882622071542174353e+02 4.379206103062893468e-04
5.884990276884985860e+02 4.391619271198623055e-04
5.887358482227796230e+02 4.404170431603047792e-04
5.889726687570606600e+02 4.416861089455725604e-04
5.892094892913418107e+02 4.429692772168710205e-04
5.894463098256228477e+02 4.442667029773098995e-04
5.896831303599039984e+02 4.455785435313522726e-04
5.899199508941850354e+02 4.469049585250645259e-04
5.901567714284661861e+02 4.482461099872036073e-04
5.903935919627472231e+02 4.496021623711407393e-04
5.906304124970282601e+02 4.509732825976629561e-04
5.908672330313094108e+02 4.523596400986543077e-04
5.911040535655904478e+02 4.537614068616871985e-04
5.913408740998715984e+02 4.551787574755498250e-04
5.915776946341526354e+02 4.566118691767161652e-04
5.918145151684337861e+02 4.580609218968023210e-04
5.920513357027148231e+02 4.595260983110105142e-04
5.922881562369958601e+02 4.610075838876056772e-04
5.925249767712770108e+02 4.625055669384337985e-04
5.927617973055580478e+02 4.640202386705119487e-04
5.929986178398391985e+02 4.655517932387245178e-04
5.932354383741202355e+02 4.671004277996342827e-04
5.934722589084013862e+02 4.686663425664595352e-04
5.937090794426824232e+02 4.702497408652184067e-04
5.939458999769634602e+02 4.718508291920974753e-04
5.941827205112446109e+02 4.734698172720512121e-04
5.944195410455256479e+02 4.751069181186741192e-04
5.946563615798067985e+02 4.767623480953814990e-04
5.948931821140878355e+02 4.784363269779150110e-04
5.951300026483689862e+02 4.801290780182284170e-04
5.953668231826500232e+02 4.818408280097636535e-04
5.956036437169311739e+02 4.835718073541769705e-04
5.958404642512122109e+02 4.853222501295277667e-04
5.960772847854932479e+02 4.870923941599885070e-04
5.963141053197743986e+02 4.888824810870991393e-04
5.965509258540554356e+02 4.906927564426090014e-04
5.967877463883365863e+02 4.925234697229566305e-04
5.970245669226176233e+02 4.943748744654093792e-04
5.972613874568987740e+02 4.962472283259306526e-04
5.974982079911798110e+02 4.981407931587921150e-04
5.977350285254608480e+02 5.000558350980025858e-04
5.979718490597419986e+02 5.019926246405798619e-04
5.982086695940230356e+02 5.039514367317208697e-04
5.984454901283041863e+02 5.059325508519301037e-04
5.986823106625852233e+02 5.079362511061328049e-04
5.989191311968663740e+02 5.099628263148566886e-04
5.991559517311474110e+02 5.120125701075043398e-04
5.993927722654284480e+02 5.140857810178014933e-04
5.996295927997095987e+02 5.161827625814557853e-04
5.998664133339906357e+02 5.183038234360925469e-04
6.001032338682717864e+02 5.204492774235427738e-04
6.003400544025528234e+02 5.226194436945140638e-04
6.005768749368339741e+02 5.248146468157480638e-04
6.008136954711150111e+02 5.270352168796919650e-04
6.010505160053960481e+02 5.292814896167895387e-04
6.012873365396771987e+02 5.315538065104318281e-04
6.015241570739582357e+02 5.338525149146546673e-04
6.017609776082393864e+02 5.361779681746668344e-04
6.019977981425204234e+02 5.385305257502590384e-04
6.022346186768015741e+02 5.409105533422088824e-04
6.024714392110826111e+02 5.433184230217258208e-04
6.027082597453636481e+02 5.457545133630605774e-04
6.029450802796447988e+02 5.482192095793320423e-04
6.031819008139258358e+02 5.507129036616778984e-04
6.034187213482069865e+02 5.532359945218319778e-04
6.036555418824880235e+02 5.557888881381947005e-04
6.038923624167691742e+02 5.583719977055336386e-04
6.041291829510502112e+02 5.609857437883753557e-04
6.043660034853312482e+02 5.636305544782355386e-04
6.046028240196123988e+02 5.663068655547622314e-04
6.048396445538934358e+02 5.690151206509179395e-04
6.050764650881745865e+02 5.717557714223297323e-04
6.053132856224556235e+02 5.745292777208940802e-04
6.055501061567367742e+02 5.773361077728010084e-04
6.057869266910178112e+02 5.801767383610630015e-04
6.060237472252988482e+02 5.830516550127207241e-04
6.062605677595799989e+02 5.859613521908299625e-04
6.064973882938610359e+02 5.889063334913808212e-04
6.067342088281421866e+02 5.918871118453126676e-04
6.069710293624232236e+02 5.949042097257353084e-04
6.072078498967043743e+02 5.979581593605580577e-04
6.074446704309854113e+02 6.010495029506415137e-04
6.076814909652664483e+02 6.041787928936795610e-04
6.079183114995475989e+02 6.073465920139498346e-04
6.081551320338286359e+02 6.105534737981225960e-04
6.083919525681097866e+02 6.138000226373242644e-04
6.086287731023908236e+02 6.170868340756111839e-04
6.088655936366719743e+02 6.204145150650929117e-04
6.091024141709530113e+02 6.237836842278602842e-04
6.093392347052340483e+02 6.271949721249739157e-04
6.095760552395151990e+02 6.306490215326926744e-04
6.098128757737962360e+02 6.341464877261812020e-04
6.100496963080773867e+02 6.376880387709431318e-04
6.102865168423584237e+02 6.412743558221810185e-04
6.105233373766395744e+02 6.449061334323838435e-04
6.107601579109206114e+02 6.485840798673405067e-04
6.109969784452016484e+02 6.523089174309054314e-04
6.112337989794827990e+02 6.560813827987429896e-04
6.114706195137638360e+02 6.599022273613577936e-04
6.117074400480449867e+02 6.637722175767210445e-04
6.119442605823260237e+02 6.676921353327575906e-04
6.121810811166071744e+02 6.716627783200665534e-04
6.124179016508882114e+02 6.756849604151438614e-04
6.126547221851692484e+02 6.797595120745081711e-04
6.128915427194503991e+02 6.838872807400346197e-04
6.131283632537314361e+02 6.880691312558835778e-04
6.133651837880125868e+02 6.923059462974198112e-04
6.136020043222936238e+02 6.965986268124734404e-04
6.138388248565747745e+02 7.009480924754048952e-04
6.140756453908558115e+02 7.053552821543408648e-04
6.143124659251369621e+02 7.098211543920796528e-04
6.145492864594179991e+02 7.143466879010606932e-04
6.147861069936990361e+02 7.189328820729337178e-04
6.150229275279801868e+02 7.235807575031655888e-04
6.152597480622612238e+02 7.282913565312182282e-04
6.154965685965423745e+02 7.330657437968470056e-04
6.157333891308234115e+02 7.379050068130144167e-04
6.159702096651045622e+02 7.428102565560598149e-04
6.162070301993855992e+02 7.477826280736445293e-04
6.164438507336666362e+02 7.528232811111597528e-04
6.166806712679477869e+02 7.579334007571805016e-04
6.169174918022288239e+02 7.631141981086505361e-04
6.171543123365099746e+02 7.683669109565173950e-04
6.173911328707910116e+02 7.736928044924729422e-04
6.176279534050721622e+02 7.790931720376214698e-04
6.178647739393531992e+02 7.845693357937758581e-04
6.181015944736342362e+02 7.901226476182645524e-04
6.183384150079153869e+02 7.957544898230268365e-04
6.185752355421964239e+02 8.014662759988961825e-04
6.188120560764775746e+02 8.072594518660068013e-04
6.190488766107586116e+02 8.131354961512057182e-04
6.192856971450397623e+02 8.190959214935352763e-04
6.195225176793207993e+02 8.251422753787284554e-04
6.197593382136018363e+02 8.312761411038678896e-04
6.199961587478829870e+02 8.374991387732534263e-04
6.202329792821640240e+02 8.438129263266606591e-04
6.204697998164451747e+02 8.502192006012327134e-04
6.207066203507262117e+02 8.567196984281855469e-04
6.209434408850073623e+02 8.633161977657295054e-04
6.211802614192883993e+02 8.700105188694812891e-04
6.214170819535694363e+02 8.768045255018796580e-04
6.216539024878505870e+02 8.837001261820203032e-04
6.218907230221316240e+02 8.906992754774830604e-04
6.221275435564127747e+02 8.978039753398075855e-04
6.223643640906938117e+02 9.050162764852172316e-04
6.226011846249749624e+02 9.123382798224544381e-04
6.228380051592559994e+02 9.197721379294639815e-04
6.230748256935370364e+02 9.273200565809369082e-04
6.233116462278181871e+02 9.349842963286427540e-04
6.235484667620992241e+02 9.427671741366683636e-04
6.237852872963803748e+02 9.506710650737912370e-04
6.240221078306614118e+02 9.586984040651771663e-04
6.242589283649425624e+02 9.668516877059025495e-04
6.244957488992235994e+02 9.751334761386782788e-04
6.247325694335046364e+02 9.835463949985012114e-04
6.249693899677857871e+02 9.920931374268612216e-04
6.252062105020668241e+02 1.000776466158403858e-03
6.254430310363479748e+02 1.009599215683063553e-03
6.256798515706290118e+02 1.018564294486697846e-03
6.259166721049101625e+02 1.027674687373617566e-03
6.261534926391911995e+02 1.036933457874301056e-03
6.263903131734722365e+02 1.046343750742010151e-03
6.266271337077533872e+02 1.055908794541952564e-03
6.268639542420344242e+02 1.065631904336972755e-03
6.271007747763155749e+02 1.075516484473929826e-03
6.273375953105966119e+02 1.085566031474977620e-03
6.275744158448777625e+02 1.095784137038413424e-03
6.278112363791587995e+02 1.106174491153697273e-03
6.280480569134398365e+02 1.116740885335772322e-03
6.282848774477209872e+02 1.127487215983789598e-03
6.285216979820020242e+02 1.138417487869773734e-03
6.287585185162831749e+02 1.149535817763035596e-03
6.289953390505642119e+02 1.160846438196251953e-03
6.292321595848453626e+02 1.172353701379720472e-03
6.294689801191263996e+02 1.184062083270290668e-03
6.297058006534074366e+02 1.195976187802145433e-03
6.299426211876885873e+02 1.208100751286662802e-03
6.301794417219696243e+02 1.220440646989158799e-03
6.304162622562507750e+02 1.233000889890706418e-03
6.306530827905318120e+02 1.245786641643460832e-03
6.308899033248129626e+02 1.258803215728678589e-03
6.311267238590939996e+02 1.272056082826730208e-03
6.313635443933750366e+02 1.285550876409280539e-03
6.316003649276561873e+02 1.299293398563998187e-03
6.318371854619372243e+02 1.313289626062936772e-03
6.320740059962183750e+02 1.327545716686324290e-03
6.323108265304994120e+02 1.342068015813898448e-03
6.325476470647805627e+02 1.356863063296972084e-03
6.327844675990615997e+02 1.371937600624682525e-03
6.330212881333427504e+02 1.387298578399084620e-03
6.332581086676237874e+02 1.402953164134086933e-03
6.334949292019048244e+02 1.418908750394530559e-03
6.337317497361859751e+02 1.435172963292201398e-03
6.339685702704670121e+02 1.451753671356777317e-03
6.342053908047481627e+02 1.468658994800734049e-03
6.344422113390291997e+02 1.485897315198034686e-03
6.346790318733103504e+02 1.503477285598015531e-03
6.349158524075913874e+02 1.521407841096602100e-03
6.351526729418724244e+02 1.539698209888792696e-03
6.353894934761535751e+02 1.558357924827274456e-03
6.356263140104346121e+02 1.577396835513783166e-03
6.358631345447157628e+02 1.596825120951418002e-03
6.360999550789967998e+02 1.616653302787452893e-03
6.363367756132779505e+02 1.636892259178488384e-03
6.365735961475589875e+02 1.657553239311102379e-03
6.368104166818400245e+02 1.678647878613780597e-03
6.370472372161211752e+02 1.700188214697523912e-03
6.372840577504022122e+02 1.722186704065192114e-03
6.375208782846833628e+02 1.744656239632101950e-03
6.377576988189643998e+02 1.767610169102683433e-03
6.379945193532455505e+02 1.791062314251394387e-03
6.382313398875265875e+02 1.815026991158435457e-03
6.384681604218076245e+02 1.839519031454730927e-03
6.387049809560887752e+02 1.864553804633449626e-03
6.389418014903698122e+02 1.890147241489452791e-03
6.391786220246509629e+02 1.916315858752006386e-03
6.394154425589319999e+02 1.943076784979922821e-03
6.396522630932131506e+02 1.970447787793551050e-03
6.398890836274941876e+02 1.998447302522091563e-03
6.401259041617752246e+02 2.027094462350808365e-03
6.403627246960563753e+02 2.056409130057560569e-03
6.405995452303374122e+02 2.086411931434626731e-03
6.408363657646185629e+02 2.117124290498257136e-03
6.410731862988995999e+02 2.148568466594931968e-03
6.413100068331807506e+02 2.180767593521576193e-03
6.415468273674617876e+02 2.213745720784183676e-03
6.417836479017428246e+02 2.247527857128937736e-03
6.420204684360239753e+02 2.282140016488467052e-03
6.422572889703050123e+02 2.317609266496522321e-03
6.424941095045861630e+02 2.353963779735276495e-03
6.427309300388672000e+02 2.391232887890675559e-03
6.429677505731483507e+02 2.429447139004891742e-03
6.432045711074293877e+02 2.468638358027588475e-03
6.434413916417104247e+02 2.508839710883679300e-03
6.436782121759915754e+02 2.550085772290276113e-03
6.439150327102726123e+02 2.592412597573534160e-03
6.441518532445537630e+02 2.635857798754922578e-03
6.443886737788348000e+02 2.680460625196104917e-03
6.446254943131159507e+02 2.726262049114800464e-03
6.448623148473969877e+02 2.773304856306631812e-03
6.450991353816780247e+02 2.821633742435252206e-03
6.453359559159591754e+02 2.871295415280004232e-03
6.455727764502402124e+02 2.922338703361733458e-03
6.458095969845213631e+02 2.974814671400684719e-03
6.460464175188024001e+02 3.028776743095716855e-03
6.462832380530835508e+02 3.084280831754805663e-03
6.465200585873645878e+02 3.141385479348099419e-03
6.467568791216456248e+02 3.200152004603077412e-03
6.469936996559267754e+02 3.260644660810814097e-03
6.472305201902078124e+02 3.322930804068744727e-03
6.474673407244889631e+02 3.387081072746046719e-03
6.477041612587700001e+02 3.453169579022761886e-03
6.479409817930511508e+02 3.521274113427922021e-03
6.481778023273321878e+02 3.591476363378962467e-03
6.484146228616132248e+02 3.663862146813298432e-03
6.486514433958943755e+02 3.738521662095851961e-03
6.488882639301754125e+02 3.815549755491230016e-03
6.491250844644565632e+02 3.895046207603107113e-03
6.493619049987376002e+02 3.977116040306914214e-03
6.495987255330187509e+02 4.061869845840978058e-03
6.498355460672997879e+02 4.149424139869416911e-03
6.500723666015809385e+02 4.239901740497940656e-03
6.503091871358619755e+02 4.333432175403081725e-03
6.505460076701430125e+02 4.430152119438111012e-03
6.507828282044241632e+02 4.530205865296992734e-03
6.510196487387052002e+02 4.633745830062038079e-03
6.512564692729863509e+02 4.740933100728724099e-03
6.514932898072673879e+02 4.851938022094861615e-03
6.517301103415485386e+02 4.966940830729923637e-03
6.519669308758295756e+02 5.086132339097307678e-03
6.522037514101106126e+02 5.209714674303306606e-03
6.524405719443917633e+02 5.337902076383444112e-03
6.526773924786728003e+02 5.470921761525113051e-03
6.529142130129539510e+02 5.609014856163939064e-03
6.531510335472349880e+02 5.752437408485049607e-03
6.533878540815161386e+02 5.901461484524025275e-03
6.536246746157971756e+02 6.056376356789455219e-03
6.538614951500782126e+02 6.217489794143646331e-03
6.540983156843593633e+02 6.385129462572463645e-03
6.543351362186404003e+02 6.559644447473474832e-03
6.545719567529215510e+02 6.741406909195842012e-03
6.548087772872025880e+02 6.930813884786528843e-03
6.550455978214837387e+02 7.128289250258743742e-03
6.552824183557647757e+02 7.334285859196727070e-03
6.555192388900458127e+02 7.549287875181853215e-03
6.557560594243269634e+02 7.773813317363440292e-03
6.559928799586080004e+02 8.008416840539623119e-03
6.562297004928891511e+02 8.253692773366527041e-03
6.564665210271701881e+02 8.510278440794848132e-03
6.567033415614513387e+02 8.778857799575757320e-03
6.569401620957323757e+02 9.060165418677065471e-03
6.571769826300134127e+02 9.354990839752240495e-03
6.574138031642945634e+02 9.664183356393872548e-03
6.576506236985756004e+02 9.988657254816108930e-03
6.578874442328567511e+02 1.032939756283618622e-02
6.581242647671377881e+02 1.068746635855426751e-02
6.583610853014189388e+02 1.106400969496377888e-02
6.585979058356999758e+02 1.146026520178551958e-02
6.588347263699810128e+02 1.187757043107906529e-02
6.590715469042621635e+02 1.231737201849292425e-02
6.593083674385432005e+02 1.278123573724488857e-02
6.595451879728243512e+02 1.327085752681958671e-02
6.597820085071053882e+02 1.378807558259595271e-02
6.600188290413865388e+02 1.433488359574041325e-02
6.602556495756675758e+02 1.491344523403922463e-02
6.604924701099486128e+02 1.552610995308874309e-02
6.607292906442297635e+02 1.617543022218964274e-02
6.609661111785108005e+02 1.686418023888698950e-02
6.612029317127919512e+02 1.759537618824701458e-02
6.614397522470729882e+02 1.837229807488931221e-02
6.616765727813541389e+02 1.919851311389125098e-02
6.619133933156351759e+02 2.007790060608149324e-02
6.621502138499162129e+02 2.101467813775718951e-02
6.623870343841973636e+02 2.201342882626041927e-02
6.626238549184784006e+02 2.307912917068787387e-02
6.628606754527595513e+02 2.421717684774809046e-02
6.630974959870405883e+02 2.543341749925865161e-02
6.633343165213217389e+02 2.673416916848620276e-02
6.635711370556027759e+02 2.812624253059445648e-02
6.638079575898838129e+02 2.961695439537986516e-02
6.640447781241649636e+02 3.121413109926230930e-02
6.642815986584460006e+02 3.292609730359286058e-02
6.645184191927271513e+02 3.476164432881251320e-02
6.647552397270081883e+02 3.672997042976353099e-02
6.649920602612893390e+02 3.884058331509428891e-02
6.652288807955703760e+02 4.110315271268893261e-02
6.654657013298514130e+02 4.352729790699077367e-02
6.657025218641325637e+02 4.612229202512575787e-02
6.659393423984136007e+02 4.889666166084767618e-02
6.661761629326947514e+02 5.185765763724247551e-02
6.664129834669757884e+02 5.501057106121904489e-02
6.666498040012569390e+02 5.835786947144967068e-02
6.668866245355379760e+02 6.189813251114015952e-02
6.671234450698190130e+02 6.562477744887162956e-02
6.673602656041001637e+02 6.952458483981198423e-02
6.675970861383812007e+02 7.357606669323459025e-02
6.678339066726623514e+02 7.774776616331323387e-02
6.680707272069433884e+02 8.199663953165177432e-02
6.683075477412245391e+02 8.626674456820124237e-02
6.685443682755055761e+02 9.048853406808858579e-02
6.687811888097867268e+02 9.457911043627890979e-02
6.690180093440677638e+02 9.844380856092427301e-02
6.692548298783488008e+02 1.019794069431434885e-01
6.694916504126299515e+02 1.050790938177712935e-01
6.697284709469109885e+02 1.076390304977339341e-01
6.699652914811921391e+02 1.095659922845467066e-01
6.702021120154731761e+02 1.107852087643864114e-01
6.704389325497543268e+02 1.112472844566726043e-01
6.706757530840353638e+02 1.109330670552535064e-01
6.709125736183164008e+02 1.098555968509288133e-01
6.711493941525975515e+02 1.080587757025781859e-01
6.713862146868785885e+02 1.056130033524044637e-01
6.716230352211597392e+02 1.026085662971621681e-01
6.718598557554407762e+02 9.914788282090286620e-02
6.720966762897219269e+02 9.533774615484998105e-02
6.723334968240029639e+02 9.128250290203585027e-02
6.725703173582840009e+02 8.707875849963034320e-02
6.728071378925651516e+02 8.281183262164210079e-02
6.730439584268461886e+02 7.855388405134024199e-02
6.732807789611273392e+02 7.436342943877952139e-02
6.735175994954083762e+02 7.028589449146437074e-02
6.737544200296895269e+02 6.635483502294199643e-02
6.739912405639705639e+02 6.259351602258184100e-02
6.742280610982516009e+02 5.901661001166159937e-02
6.744648816325327516e+02 5.563185057112104981e-02
6.747017021668137886e+02 5.244154133288540798e-02
6.749385227010949393e+02 4.944387031954389916e-02
6.751753432353759763e+02 4.663401422651641814e-02
6.754121637696571270e+02 4.400503929610631582e-02
6.756489843039381640e+02 4.154861783157103028e-02
6.758858048382192010e+02 3.925558503298824664e-02
6.761226253725003517e+02 3.711636209928751567e-02
6.763594459067813887e+02 3.512127022828808592e-02
6.765962664410625393e+02 3.326075750837317879e-02
6.768330869753435763e+02 3.152555754233514473e-02
6.770699075096247270e+02 2.990679546426079638e-02
6.773067280439057640e+02 2.839605407092180012e-02
6.775435485781868010e+02 2.698541021264068418e-02
6.777803691124679517e+02 2.566744941054808007e-02
6.780171896467489887e+02 2.443526487330259858e-02
6.782540101810301394e+02 2.328244563806138034e-02
6.784908307153111764e+02 2.220305740938202307e-02
6.787276512495923271e+02 2.119161876643553891e-02
6.789644717838733641e+02 2.024307470786810073e-02
6.792012923181544011e+02 1.935276896470919383e-02
6.794381128524355518e+02 1.851641610120871584e-02
6.796749333867165888e+02 1.773007411343841683e-02
6.799117539209977394e+02 1.699011800347182202e-02
6.801485744552787764e+02 1.629321463501272674e-02
6.803853949895599271e+02 1.563629905029280051e-02
6.806222155238409641e+02 1.501655233694113196e-02
6.808590360581220011e+02 1.443138106869274601e-02
6.810958565924031518e+02 1.387839829874074581e-02
6.813326771266841888e+02 1.335540605412491831e-02
6.815694976609653395e+02 1.286037925998234632e-02
6.818063181952463765e+02 1.239145101083736177e-02
6.820431387295275272e+02 1.194689910014526922e-02
6.822799592638085642e+02 1.152513371742548524e-02
6.825167797980896012e+02 1.112468622323034215e-02
6.827536003323707519e+02 1.074419891503756649e-02
6.829904208666517889e+02 1.038241570120547810e-02
6.832272414009329395e+02 1.003817360492827333e-02
6.834640619352139765e+02 9.710395025316313419e-03
6.837008824694951272e+02 9.398080688031046695e-03
6.839377030037761642e+02 9.100303223187130794e-03
6.841745235380572012e+02 8.816201313336238105e-03
6.844113440723383519e+02 8.544974359231021985e-03
6.846481646066193889e+02 8.285877615654612879e-03
6.848849851409005396e+02 8.038217753886614872e-03
6.851218056751815766e+02 7.801348811350083956e-03
6.853586262094627273e+02 7.574668492632240235e-03
6.855954467437437643e+02 7.357614789430033664e-03
6.858322672780248013e+02 7.149662890024542118e-03
6.860690878123059520e+02 6.950322351681213762e-03
6.863059083465869890e+02 6.759134511900582662e-03
6.865427288808681396e+02 6.575670116739911614e-03
6.867795494151491766e+02 6.399527146507703011e-03
6.870163699494303273e+02 6.230328821007504424e-03
6.872531904837113643e+02 6.067721768211023319e-03
6.874900110179925150e+02 5.911374341768528898e-03
6.877268315522735520e+02 5.760975074153434038e-03
6.879636520865545890e+02 5.616231253481368015e-03
6.882004726208357397e+02 5.476867613174488461e-03
6.884372931551167767e+02 5.342625124654693837e-03
6.886741136893979274e+02 5.213259884165843440e-03
6.889109342236789644e+02 5.088542085653767651e-03
6.891477547579601151e+02 4.968255072375044740e-03
6.893845752922411521e+02 4.852194460582583135e-03
6.896213958265221891e+02 4.740167329239924378e-03
6.898582163608033397e+02 4.631991470268420792e-03
6.900950368950843767e+02 4.527494694325311618e-03
6.903318574293655274e+02 4.426514187559244494e-03
6.905686779636465644e+02 4.328895915197030278e-03
6.908054984979277151e+02 4.234494068179554989e-03
6.910423190322087521e+02 4.143170549400118120e-03
6.912791395664897891e+02 4.054794496396425287e-03
6.915159601007709398e+02 3.969241837622894745e-03
6.917527806350519768e+02 3.886394879675684338e-03
6.919896011693331275e+02 3.806141923067534166e-03
6.922264217036141645e+02 3.728376904354747598e-03
6.924632422378953152e+02 3.652999062601713833e-03
6.927000627721763522e+02 3.579912628339174292e-03
6.929368833064573892e+02 3.509026533323401659e-03
6.931737038407385398e+02 3.440254139544898435e-03
6.934105243750195768e+02 3.373512986061086034e-03
6.936473449093007275e+02 3.308724552343270380e-03
6.938841654435817645e+02 3.245814036934978591e-03
6.941209859778629152e+02 3.184710150313315499e-03
6.943578065121439522e+02 3.125344920935052995e-03
6.945946270464249892e+02 3.067653513527641030e-03
6.948314475807061399e+02 3.011574058760620436e-03
6.950682681149871769e+02 2.957047493499136929e-03
6.953050886492683276e+02 2.904017410902938467e-03
6.955419091835493646e+02 2.852429919691619378e-03
6.957787297178305153e+02 2.802233511947135186e-03
6.960155502521115523e+02 2.753378938873703510e-03
6.962523707863925893e+02 2.705819093977193581e-03
6.964891913206737399e+02 2.659508903167493148e-03
6.967260118549547769e+02 2.614405221323215598e-03
6.969628323892359276e+02 2.570466734891995331e-03
6.971996529235169646e+02 2.527653870131432549e-03
6.974364734577981153e+02 2.485928706623183240e-03
6.976732939920791523e+02 2.445254895720392393e-03
6.979101145263601893e+02 2.405597583611650096e-03
6.981469350606413400e+02 2.366923338708214631e-03
6.983837555949223770e+02 2.329200083081191686e-03
6.986205761292035277e+02 2.292397027694486299e-03
6.988573966634845647e+02 2.256484611197600784e-03
6.990942171977657154e+02 2.221434442057629646e-03
6.993310377320467524e+02 2.187219243825993913e-03
6.995678582663277894e+02 2.153812803348293010e-03
6.998046788006089400e+02 2.121189921739523570e-03
7.000414993348899770e+02 2.089326367958236653e-03
7.002783198691711277e+02 2.058198834824357445e-03
7.005151404034521647e+02 2.027784897336124166e-03
7.007519609377333154e+02 1.998062973150328651e-03
7.009887814720143524e+02 1.969012285099790583e-03
7.012256020062953894e+02 1.940612825629289525e-03
7.014624225405765401e+02 1.912845323039614196e-03
7.016992430748575771e+02 1.885691209435961298e-03
7.019360636091387278e+02 1.859132590283530274e-03
7.021728841434197648e+02 1.833152215479740823e-03
7.024097046777009155e+02 1.807733451857484108e-03
7.026465252119819525e+02 1.782860257039925629e-03
7.028833457462629895e+02 1.758517154571558050e-03
7.031201662805441401e+02 1.734689210255475986e-03
7.033569868148251771e+02 1.711362009630749016e-03
7.035938073491063278e+02 1.688521636527775703e-03
7.038306278833873648e+02 1.666154652643643975e-03
7.040674484176685155e+02 1.644248078082400201e-03
7.043042689519495525e+02 1.622789372809078663e-03
7.045410894862305895e+02 1.601766418968727894e-03
7.047779100205117402e+02 1.581167504025119677e-03
7.050147305547927772e+02 1.560981304676105222e-03
7.052515510890739279e+02 1.541196871505125330e-03
7.054883716233549649e+02 1.521803614331031750e-03
7.057251921576361156e+02 1.502791288220038613e-03
7.059620126919171526e+02 1.484149980126272606e-03
7.061988332261983032e+02 1.465870096128709353e-03
7.064356537604793402e+02 1.447942349234685464e-03
7.066724742947603772e+02 1.430357747721281098e-03
7.069092948290415279e+02 1.413107583987970430e-03
7.071461153633225649e+02 1.396183423895107009e-03
7.073829358976037156e+02 1.379577096564211592e-03
7.076197564318847526e+02 1.363280684617646996e-03
7.078565769661659033e+02 1.347286514836025864e-03
7.080933975004469403e+02 1.331587149213373173e-03
7.083302180347279773e+02 1.316175376390652744e-03
7.085670385690091280e+02 1.301044203449738292e-03
7.088038591032901650e+02 1.286186848050593435e-03
7.090406796375713157e+02 1.271596730895345169e-03
7.092775001718523527e+02 1.257267468504053107e-03
7.095143207061335033e+02 1.243192866287359290e-03
7.097511412404145403e+02 1.229366911902436341e-03
7.099879617746955773e+02 1.215783768878908686e-03
7.102247823089767280e+02 1.202437770502487544e-03
7.104616028432577650e+02 1.189323413944469356e-03
