                                                                                     
                              ABACUS v3.10.0

               Atomic-orbital Based Ab-initio Computation at UStc                    

                     Website: http://abacus.ustc.edu.cn/                             
               Documentation: https://abacus.deepmodeling.com/                       
                  Repository: https://github.com/abacusmodeling/abacus-develop       
                              https://github.com/deepmodeling/abacus-develop         
                      Commit: e84abb4 (Sat Jun 28 13:06:46 2025 +0800)

    Start Time is Fri Sep  4 16:49:29 2026
                                                                                     
 ------------------------------------------------------------------------------------

 READING GENERAL INFORMATION
                           global_out_dir = OUT.POLAR/
                           global_in_card = INPUT
                               pseudo_dir = ./
                              orbital_dir = ./
                                    DRANK = 1
                                    DSIZE = 1
                                   DCOLOR = 1
                                    GRANK = 1
                                    GSIZE = 1




 >>>>>>>>>>>>>>>>>>>>>>>>>>>>>>>>>>>>>>>>>>>>>>>>>>>>>>>>>>>>>>>>>>>>>>
 |                                                                    |
 | Reading atom information in unitcell:                              |
 | From the input file and the structure file we know the number of   |
 | different elments in this unitcell, then we list the detail        |
 | information for each element, especially the zeta and polar atomic |
 | orbital number for each element. The total atom number is counted. |
 | We calculate the nearest atom distance for each atom and show the  |
 | Cartesian and Direct coordinates for each atom. We list the file   |
 | address for atomic orbitals. The volume and the lattice vectors    |
 | in real and reciprocal space is also shown.                        |
 |                                                                    |
 <<<<<<<<<<<<<<<<<<<<<<<<<<<<<<<<<<<<<<<<<<<<<<<<<<<<<<<<<<<<<<<<<<<<<<




 READING UNITCELL INFORMATION
                                    ntype = 2
                  lattice constant (Bohr) = 1.88973
              lattice constant (Angstrom) = 1

 READING ATOM TYPE 1
                               atom label = Mo
                      L=0, number of zeta = 4
                      L=1, number of zeta = 2
                      L=2, number of zeta = 2
                      L=3, number of zeta = 1
             number of atom for this type = 1

 READING ATOM TYPE 2
                               atom label = S
                      L=0, number of zeta = 2
                      L=1, number of zeta = 2
                      L=2, number of zeta = 1
             number of atom for this type = 2

                        TOTAL ATOM NUMBER = 3
DIRECT COORDINATES
    atom                   x                   y                   z     mag                  vx                  vy                  vz
taud_Mo1            0.3333333333        0.6666666667        0.0935568958  0.0000        0.0000000000        0.0000000000        0.0000000000
taud_S1            0.6699758448        0.3366425114        0.0477378846  0.0000        0.0000000000        0.0000000000        0.0000000000
taud_S2            0.6666666667        0.3333333333        0.1393758396  0.0000        0.0000000000        0.0000000000        0.0000000000



                          Volume (Bohr^3) = 2061.14
                             Volume (A^3) = 305.429

 Lattice vectors: (Cartesian coordinate: in unit of a_0)
             +1.59912            -2.76976                  +0
             +1.59912            +2.76976                  +0
                   +0                  +0            +34.4792
 Reciprocal vectors: (Cartesian coordinate: in unit of 2 pi/a_0)
            +0.312672           -0.180521                  +0
            +0.312672           +0.180521                  -0
                   -0                  -0           +0.029003
 The esolver type has been set to : ksdft_lcao

 RUNNING WITH DEVICE  : CPU / Intel(R) Xeon(R) Gold 6248 CPU @ 2.50GHz




 >>>>>>>>>>>>>>>>>>>>>>>>>>>>>>>>>>>>>>>>>>>>>>>>>>>>>>>>>>>>>>>>>>>>>>
 |                                                                    |
 | Reading pseudopotentials files:                                    |
 | The pseudopotential file is in UPF format. The 'NC' indicates that |
 | the type of pseudopotential is 'norm conserving'. Functional of    |
 | exchange and correlation is decided by 4 given parameters in UPF   |
 | file.  We also read in the 'core correction' if there exists.      |
 | Also we can read the valence electrons number and the maximal      |
 | angular momentum used in this pseudopotential. We also read in the |
 | trail wave function, trail atomic density and local-pseudopotential|
 | on logrithmic grid. The non-local pseudopotential projector is also|
 | read in if there is any.                                           |
 |                                                                    |
 <<<<<<<<<<<<<<<<<<<<<<<<<<<<<<<<<<<<<<<<<<<<<<<<<<<<<<<<<<<<<<<<<<<<<<




                PAO radial cut off (Bohr) = 15

 Read in pseudopotential file is Mo.upf
                     pseudopotential type = NC
          exchange-correlation functional = PBE
                 nonlocal core correction = 1
                        valence electrons = 14
                                     lmax = 2
                           number of zeta = 4
                     number of projectors = 6
                           L of projector = 0
                           L of projector = 0
                           L of projector = 1
                           L of projector = 1
                           L of projector = 2
                           L of projector = 2
                PAO radial cut off (Bohr) = 15

 Read in pseudopotential file is S.upf
                     pseudopotential type = NC
          exchange-correlation functional = PBE
                 nonlocal core correction = 1
                        valence electrons = 6
                                     lmax = 2
                           number of zeta = 2
                     number of projectors = 6
                           L of projector = 0
                           L of projector = 0
                           L of projector = 1
                           L of projector = 1
                           L of projector = 2
                           L of projector = 2
     initial pseudo atomic orbital number = 18

 SETUP THE ELECTRONS NUMBER
            electron number of element Mo = 14
      total electron number of element Mo = 14
             electron number of element S = 6
       total electron number of element S = 12
            AUTOSET number of electrons:  = 26
                           occupied bands = 13
                                   NLOCAL = 53
                                   NBANDS = 23
                                   NBANDS = 23
                                   NLOCAL = 53

%%%%%%%%%%%%%%%%%%%%%%%%%%%%%%%%%%%%%%%%%%%%%%%%%%%%%%%%%%%%%%%%%%%%%%%%%%%%%%%%%%%%%%%%%%%%%%%%%%%%%%%%%%
 Warning: the number of valence electrons in pseudopotential > 6 for Mo: [Kr] 4d5 5s1
 Pseudopotentials with additional electrons can yield (more) accurate outcomes, but may be less efficient.
 If you're confident that your chosen pseudopotential is appropriate, you can safely ignore this warning.
%%%%%%%%%%%%%%%%%%%%%%%%%%%%%%%%%%%%%%%%%%%%%%%%%%%%%%%%%%%%%%%%%%%%%%%%%%%%%%%%%%%%%%%%%%%%%%%%%%%%%%%%%%
                  




 >>>>>>>>>>>>>>>>>>>>>>>>>>>>>>>>>>>>>>>>>>>>>>>>>>>>>>>>>>>>>>>>>>>>>>
 |                                                                    |
 | Setup plane waves of charge/potential:                             |
 | Use the energy cutoff and the lattice vectors to generate the      |
 | dimensions of FFT grid. The number of FFT grid on each processor   |
 | is 'nrxx'. The number of plane wave basis in reciprocal space is   |
 | different for charege/potential and wave functions. We also set    |
 | the 'sticks' for the parallel of FFT. The number of plane waves    |
 | is 'npw' in each processor.                                        |
 <<<<<<<<<<<<<<<<<<<<<<<<<<<<<<<<<<<<<<<<<<<<<<<<<<<<<<<<<<<<<<<<<<<<<<





 SETUP THE PLANE WAVE BASIS
 energy cutoff for charge/potential (unit:Ry) = 400
            fft grid for charge/potential = [ 40, 40, 432 ]
                        fft grid division = [ 5, 5, 4 ]
        big fft grid for charge/potential = [ 8, 8, 108 ]
                                     nbxx = 6912
                                     nrxx = 691200

 SETUP PLANE WAVES FOR CHARGE/POTENTIAL
                    number of plane waves = 278497
                         number of sticks = 1015

 PARALLEL PW FOR CHARGE/POTENTIAL
     PROC   COLUMNS(POT)             PW
        1           1015         278497
 --------------- sum -------------------
        1           1015         278497
                            number of |g| = 12738
                                  max |g| = 36.1794
                                  min |g| = 0
 DONE : SETUP UNITCELL Time : 0.16456 (SEC)


----------- Double Check Mixing Parameters Begin ------------
mixing_type: broyden
mixing_beta: 0.8
mixing_gg0: 1
mixing_gg0_min: 0.1
mixing_ndim: 8
----------- Double Check Mixing Parameters End ------------




 >>>>>>>>>>>>>>>>>>>>>>>>>>>>>>>>>>>>>>>>>>>>>>>>>>>>>>>>>>>>>>>>>>>>>>
 |                                                                    |
 | Doing symmetry analysis:                                           |
 | We calculate the norm of 3 vectors and the angles between them,    |
 | the type of Bravais lattice is given. We can judge if the unticell |
 | is a primitive cell. Finally we give the point group operation for |
 | this unitcell. We use the point group operations to do symmetry |
 | analysis on given k-point mesh and the charge density.             |
 |                                                                    |
 <<<<<<<<<<<<<<<<<<<<<<<<<<<<<<<<<<<<<<<<<<<<<<<<<<<<<<<<<<<<<<<<<<<<<<




 LATTICE VECTORS: (CARTESIAN COORDINATE: IN UNIT OF A0)
             +1.59912            -2.76976                  +0
             +1.59912            +2.76976                  +0
                   +0                  +0            +34.4792
                       right hand lattice = 1
                                   NORM_A = 3.19824
                                   NORM_B = 3.19824
                                   NORM_C = 34.4792
                           ALPHA (DEGREE) = 90
                           BETA  (DEGREE) = 90
                           GAMMA (DEGREE) = 120

 The lattice vectors have been changed (STRU_SIMPLE.cif)

(for optimal symmetric configuration:)
                             BRAVAIS TYPE = 4
                     BRAVAIS LATTICE NAME = 04. Hexagonal cell
                                    ibrav = 4
                                    IBRAV = 4
                                  BRAVAIS = HEXAGONAL CELL
                       LATTICE CONSTANT A = 3.19824
                                C/A RATIO = 10.7807
Original cell was already a primitive cell.
                        ROTATION MATRICES = 24
              PURE POINT GROUP OPERATIONS = 1
                   SPACE GROUP OPERATIONS = 1
                              POINT GROUP = C_1
               POINT GROUP IN SPACE GROUP = C_1
 DONE : SYMMETRY Time : 0.18903 (SEC)





 >>>>>>>>>>>>>>>>>>>>>>>>>>>>>>>>>>>>>>>>>>>>>>>>>>>>>>>>>>>>>>>>>>>>>>
 |                                                                    |
 | Setup K-points                                                     |
 | We setup the k-points according to input parameters.               |
 | The reduced k-points are set according to symmetry operations.     |
 | We treat the spin as another set of k-points.                      |
 |                                                                    |
 <<<<<<<<<<<<<<<<<<<<<<<<<<<<<<<<<<<<<<<<<<<<<<<<<<<<<<<<<<<<<<<<<<<<<<





 SETUP K-POINTS
                                    nspin = 1
                   Input type of k points = Monkhorst-Pack(Gamma)
                                   nkstot = 1089
                       right hand lattice = 1
(for reciprocal lattice: )
                             BRAVAIS TYPE = 4
                     BRAVAIS LATTICE NAME = 04. Hexagonal cell
                                    ibrav = 4
                       right hand lattice = 1
(for k-lattice: )
                             BRAVAIS TYPE = 4
                     BRAVAIS LATTICE NAME = 04. Hexagonal cell
                                    ibrav = 4
                       right hand lattice = 1
                        ROTATION MATRICES = 24
                               nkstot_ibz = 545
K-POINTS REDUCTION ACCORDING TO SYMMETRY
     IBZ    DIRECT_X    DIRECT_Y    DIRECT_Z  WEIGHT  ibz2bz
       1  0.00000000  0.00000000  0.00000000  0.0009       0
       2  0.03030303  0.00000000  0.00000000  0.0018       1
       3  0.06060606  0.00000000  0.00000000  0.0018       2
       4  0.09090909  0.00000000  0.00000000  0.0018       3
       5  0.12121212  0.00000000  0.00000000  0.0018       4
       6  0.15151515  0.00000000  0.00000000  0.0018       5
       7  0.18181818  0.00000000  0.00000000  0.0018       6
       8  0.21212121  0.00000000  0.00000000  0.0018       7
       9  0.24242424  0.00000000  0.00000000  0.0018       8
      10  0.27272727  0.00000000  0.00000000  0.0018       9
      11  0.30303030  0.00000000  0.00000000  0.0018      10
      12  0.33333333  0.00000000  0.00000000  0.0018      11
      13  0.36363636  0.00000000  0.00000000  0.0018      12
      14  0.39393939  0.00000000  0.00000000  0.0018      13
      15  0.42424242  0.00000000  0.00000000  0.0018      14
      16  0.45454545  0.00000000  0.00000000  0.0018      15
      17  0.48484848  0.00000000  0.00000000  0.0018      16
      18  0.00000000  0.03030303  0.00000000  0.0018      33
      19  0.03030303  0.03030303  0.00000000  0.0018      34
      20  0.06060606  0.03030303  0.00000000  0.0018      35
      21  0.09090909  0.03030303  0.00000000  0.0018      36
      22  0.12121212  0.03030303  0.00000000  0.0018      37
      23  0.15151515  0.03030303  0.00000000  0.0018      38
      24  0.18181818  0.03030303  0.00000000  0.0018      39
      25  0.21212121  0.03030303  0.00000000  0.0018      40
      26  0.24242424  0.03030303  0.00000000  0.0018      41
      27  0.27272727  0.03030303  0.00000000  0.0018      42
      28  0.30303030  0.03030303  0.00000000  0.0018      43
      29  0.33333333  0.03030303  0.00000000  0.0018      44
      30  0.36363636  0.03030303  0.00000000  0.0018      45
      31  0.39393939  0.03030303  0.00000000  0.0018      46
      32  0.42424242  0.03030303  0.00000000  0.0018      47
      33  0.45454545  0.03030303  0.00000000  0.0018      48
      34  0.48484848  0.03030303  0.00000000  0.0018      49
      35  0.48484848 -0.03030303  0.00000000  0.0018      50
      36  0.45454545 -0.03030303  0.00000000  0.0018      51
      37  0.42424242 -0.03030303  0.00000000  0.0018      52
      38  0.39393939 -0.03030303  0.00000000  0.0018      53
      39  0.36363636 -0.03030303  0.00000000  0.0018      54
      40  0.33333333 -0.03030303  0.00000000  0.0018      55
      41  0.30303030 -0.03030303  0.00000000  0.0018      56
      42  0.27272727 -0.03030303  0.00000000  0.0018      57
      43  0.24242424 -0.03030303  0.00000000  0.0018      58
      44  0.21212121 -0.03030303  0.00000000  0.0018      59
      45  0.18181818 -0.03030303  0.00000000  0.0018      60
      46  0.15151515 -0.03030303  0.00000000  0.0018      61
      47  0.12121212 -0.03030303  0.00000000  0.0018      62
      48  0.09090909 -0.03030303  0.00000000  0.0018      63
      49  0.06060606 -0.03030303  0.00000000  0.0018      64
      50 -0.03030303  0.03030303  0.00000000  0.0018      65
      51  0.00000000  0.06060606  0.00000000  0.0018      66
      52  0.03030303  0.06060606  0.00000000  0.0018      67
      53  0.06060606  0.06060606  0.00000000  0.0018      68
      54  0.09090909  0.06060606  0.00000000  0.0018      69
      55  0.12121212  0.06060606  0.00000000  0.0018      70
      56  0.15151515  0.06060606  0.00000000  0.0018      71
      57  0.18181818  0.06060606  0.00000000  0.0018      72
      58  0.21212121  0.06060606  0.00000000  0.0018      73
      59  0.24242424  0.06060606  0.00000000  0.0018      74
      60  0.27272727  0.06060606  0.00000000  0.0018      75
      61  0.30303030  0.06060606  0.00000000  0.0018      76
      62  0.33333333  0.06060606  0.00000000  0.0018      77
      63  0.36363636  0.06060606  0.00000000  0.0018      78
      64  0.39393939  0.06060606  0.00000000  0.0018      79
      65  0.42424242  0.06060606  0.00000000  0.0018      80
      66  0.45454545  0.06060606  0.00000000  0.0018      81
      67  0.48484848  0.06060606  0.00000000  0.0018      82
      68  0.48484848 -0.06060606  0.00000000  0.0018      83
      69  0.45454545 -0.06060606  0.00000000  0.0018      84
      70  0.42424242 -0.06060606  0.00000000  0.0018      85
      71  0.39393939 -0.06060606  0.00000000  0.0018      86
      72  0.36363636 -0.06060606  0.00000000  0.0018      87
      73  0.33333333 -0.06060606  0.00000000  0.0018      88
      74  0.30303030 -0.06060606  0.00000000  0.0018      89
      75  0.27272727 -0.06060606  0.00000000  0.0018      90
      76  0.24242424 -0.06060606  0.00000000  0.0018      91
      77  0.21212121 -0.06060606  0.00000000  0.0018      92
      78  0.18181818 -0.06060606  0.00000000  0.0018      93
      79  0.15151515 -0.06060606  0.00000000  0.0018      94
      80  0.12121212 -0.06060606  0.00000000  0.0018      95
      81  0.09090909 -0.06060606  0.00000000  0.0018      96
      82 -0.06060606  0.06060606  0.00000000  0.0018      97
      83 -0.03030303  0.06060606  0.00000000  0.0018      98
      84  0.00000000  0.09090909  0.00000000  0.0018      99
      85  0.03030303  0.09090909  0.00000000  0.0018     100
      86  0.06060606  0.09090909  0.00000000  0.0018     101
      87  0.09090909  0.09090909  0.00000000  0.0018     102
      88  0.12121212  0.09090909  0.00000000  0.0018     103
      89  0.15151515  0.09090909  0.00000000  0.0018     104
      90  0.18181818  0.09090909  0.00000000  0.0018     105
      91  0.21212121  0.09090909  0.00000000  0.0018     106
      92  0.24242424  0.09090909  0.00000000  0.0018     107
      93  0.27272727  0.09090909  0.00000000  0.0018     108
      94  0.30303030  0.09090909  0.00000000  0.0018     109
      95  0.33333333  0.09090909  0.00000000  0.0018     110
      96  0.36363636  0.09090909  0.00000000  0.0018     111
      97  0.39393939  0.09090909  0.00000000  0.0018     112
      98  0.42424242  0.09090909  0.00000000  0.0018     113
      99  0.45454545  0.09090909  0.00000000  0.0018     114
     100  0.48484848  0.09090909  0.00000000  0.0018     115
     101  0.48484848 -0.09090909  0.00000000  0.0018     116
     102  0.45454545 -0.09090909  0.00000000  0.0018     117
     103  0.42424242 -0.09090909  0.00000000  0.0018     118
     104  0.39393939 -0.09090909  0.00000000  0.0018     119
     105  0.36363636 -0.09090909  0.00000000  0.0018     120
     106  0.33333333 -0.09090909  0.00000000  0.0018     121
     107  0.30303030 -0.09090909  0.00000000  0.0018     122
     108  0.27272727 -0.09090909  0.00000000  0.0018     123
     109  0.24242424 -0.09090909  0.00000000  0.0018     124
     110  0.21212121 -0.09090909  0.00000000  0.0018     125
     111  0.18181818 -0.09090909  0.00000000  0.0018     126
     112  0.15151515 -0.09090909  0.00000000  0.0018     127
     113  0.12121212 -0.09090909  0.00000000  0.0018     128
     114 -0.09090909  0.09090909  0.00000000  0.0018     129
     115 -0.06060606  0.09090909  0.00000000  0.0018     130
     116 -0.03030303  0.09090909  0.00000000  0.0018     131
     117  0.00000000  0.12121212  0.00000000  0.0018     132
     118  0.03030303  0.12121212  0.00000000  0.0018     133
     119  0.06060606  0.12121212  0.00000000  0.0018     134
     120  0.09090909  0.12121212  0.00000000  0.0018     135
     121  0.12121212  0.12121212  0.00000000  0.0018     136
     122  0.15151515  0.12121212  0.00000000  0.0018     137
     123  0.18181818  0.12121212  0.00000000  0.0018     138
     124  0.21212121  0.12121212  0.00000000  0.0018     139
     125  0.24242424  0.12121212  0.00000000  0.0018     140
     126  0.27272727  0.12121212  0.00000000  0.0018     141
     127  0.30303030  0.12121212  0.00000000  0.0018     142
     128  0.33333333  0.12121212  0.00000000  0.0018     143
     129  0.36363636  0.12121212  0.00000000  0.0018     144
     130  0.39393939  0.12121212  0.00000000  0.0018     145
     131  0.42424242  0.12121212  0.00000000  0.0018     146
     132  0.45454545  0.12121212  0.00000000  0.0018     147
     133  0.48484848  0.12121212  0.00000000  0.0018     148
     134  0.48484848 -0.12121212  0.00000000  0.0018     149
     135  0.45454545 -0.12121212  0.00000000  0.0018     150
     136  0.42424242 -0.12121212  0.00000000  0.0018     151
     137  0.39393939 -0.12121212  0.00000000  0.0018     152
     138  0.36363636 -0.12121212  0.00000000  0.0018     153
     139  0.33333333 -0.12121212  0.00000000  0.0018     154
     140  0.30303030 -0.12121212  0.00000000  0.0018     155
     141  0.27272727 -0.12121212  0.00000000  0.0018     156
     142  0.24242424 -0.12121212  0.00000000  0.0018     157
     143  0.21212121 -0.12121212  0.00000000  0.0018     158
     144  0.18181818 -0.12121212  0.00000000  0.0018     159
     145  0.15151515 -0.12121212  0.00000000  0.0018     160
     146 -0.12121212  0.12121212  0.00000000  0.0018     161
     147 -0.09090909  0.12121212  0.00000000  0.0018     162
     148 -0.06060606  0.12121212  0.00000000  0.0018     163
     149 -0.03030303  0.12121212  0.00000000  0.0018     164
     150  0.00000000  0.15151515  0.00000000  0.0018     165
     151  0.03030303  0.15151515  0.00000000  0.0018     166
     152  0.06060606  0.15151515  0.00000000  0.0018     167
     153  0.09090909  0.15151515  0.00000000  0.0018     168
     154  0.12121212  0.15151515  0.00000000  0.0018     169
     155  0.15151515  0.15151515  0.00000000  0.0018     170
     156  0.18181818  0.15151515  0.00000000  0.0018     171
     157  0.21212121  0.15151515  0.00000000  0.0018     172
     158  0.24242424  0.15151515  0.00000000  0.0018     173
     159  0.27272727  0.15151515  0.00000000  0.0018     174
     160  0.30303030  0.15151515  0.00000000  0.0018     175
     161  0.33333333  0.15151515  0.00000000  0.0018     176
     162  0.36363636  0.15151515  0.00000000  0.0018     177
     163  0.39393939  0.15151515  0.00000000  0.0018     178
     164  0.42424242  0.15151515  0.00000000  0.0018     179
     165  0.45454545  0.15151515  0.00000000  0.0018     180
     166  0.48484848  0.15151515  0.00000000  0.0018     181
     167  0.48484848 -0.15151515  0.00000000  0.0018     182
     168  0.45454545 -0.15151515  0.00000000  0.0018     183
     169  0.42424242 -0.15151515  0.00000000  0.0018     184
     170  0.39393939 -0.15151515  0.00000000  0.0018     185
     171  0.36363636 -0.15151515  0.00000000  0.0018     186
     172  0.33333333 -0.15151515  0.00000000  0.0018     187
     173  0.30303030 -0.15151515  0.00000000  0.0018     188
     174  0.27272727 -0.15151515  0.00000000  0.0018     189
     175  0.24242424 -0.15151515  0.00000000  0.0018     190
     176  0.21212121 -0.15151515  0.00000000  0.0018     191
     177  0.18181818 -0.15151515  0.00000000  0.0018     192
     178 -0.15151515  0.15151515  0.00000000  0.0018     193
     179 -0.12121212  0.15151515  0.00000000  0.0018     194
     180 -0.09090909  0.15151515  0.00000000  0.0018     195
     181 -0.06060606  0.15151515  0.00000000  0.0018     196
     182 -0.03030303  0.15151515  0.00000000  0.0018     197
     183  0.00000000  0.18181818  0.00000000  0.0018     198
     184  0.03030303  0.18181818  0.00000000  0.0018     199
     185  0.06060606  0.18181818  0.00000000  0.0018     200
     186  0.09090909  0.18181818  0.00000000  0.0018     201
     187  0.12121212  0.18181818  0.00000000  0.0018     202
     188  0.15151515  0.18181818  0.00000000  0.0018     203
     189  0.18181818  0.18181818  0.00000000  0.0018     204
     190  0.21212121  0.18181818  0.00000000  0.0018     205
     191  0.24242424  0.18181818  0.00000000  0.0018     206
     192  0.27272727  0.18181818  0.00000000  0.0018     207
     193  0.30303030  0.18181818  0.00000000  0.0018     208
     194  0.33333333  0.18181818  0.00000000  0.0018     209
     195  0.36363636  0.18181818  0.00000000  0.0018     210
     196  0.39393939  0.18181818  0.00000000  0.0018     211
     197  0.42424242  0.18181818  0.00000000  0.0018     212
     198  0.45454545  0.18181818  0.00000000  0.0018     213
     199  0.48484848  0.18181818  0.00000000  0.0018     214
     200  0.48484848 -0.18181818  0.00000000  0.0018     215
     201  0.45454545 -0.18181818  0.00000000  0.0018     216
     202  0.42424242 -0.18181818  0.00000000  0.0018     217
     203  0.39393939 -0.18181818  0.00000000  0.0018     218
     204  0.36363636 -0.18181818  0.00000000  0.0018     219
     205  0.33333333 -0.18181818  0.00000000  0.0018     220
     206  0.30303030 -0.18181818  0.00000000  0.0018     221
     207  0.27272727 -0.18181818  0.00000000  0.0018     222
     208  0.24242424 -0.18181818  0.00000000  0.0018     223
     209  0.21212121 -0.18181818  0.00000000  0.0018     224
     210 -0.18181818  0.18181818  0.00000000  0.0018     225
     211 -0.15151515  0.18181818  0.00000000  0.0018     226
     212 -0.12121212  0.18181818  0.00000000  0.0018     227
     213 -0.09090909  0.18181818  0.00000000  0.0018     228
     214 -0.06060606  0.18181818  0.00000000  0.0018     229
     215 -0.03030303  0.18181818  0.00000000  0.0018     230
     216  0.00000000  0.21212121  0.00000000  0.0018     231
     217  0.03030303  0.21212121  0.00000000  0.0018     232
     218  0.06060606  0.21212121  0.00000000  0.0018     233
     219  0.09090909  0.21212121  0.00000000  0.0018     234
     220  0.12121212  0.21212121  0.00000000  0.0018     235
     221  0.15151515  0.21212121  0.00000000  0.0018     236
     222  0.18181818  0.21212121  0.00000000  0.0018     237
     223  0.21212121  0.21212121  0.00000000  0.0018     238
     224  0.24242424  0.21212121  0.00000000  0.0018     239
     225  0.27272727  0.21212121  0.00000000  0.0018     240
     226  0.30303030  0.21212121  0.00000000  0.0018     241
     227  0.33333333  0.21212121  0.00000000  0.0018     242
     228  0.36363636  0.21212121  0.00000000  0.0018     243
     229  0.39393939  0.21212121  0.00000000  0.0018     244
     230  0.42424242  0.21212121  0.00000000  0.0018     245
     231  0.45454545  0.21212121  0.00000000  0.0018     246
     232  0.48484848  0.21212121  0.00000000  0.0018     247
     233  0.48484848 -0.21212121  0.00000000  0.0018     248
     234  0.45454545 -0.21212121  0.00000000  0.0018     249
     235  0.42424242 -0.21212121  0.00000000  0.0018     250
     236  0.39393939 -0.21212121  0.00000000  0.0018     251
     237  0.36363636 -0.21212121  0.00000000  0.0018     252
     238  0.33333333 -0.21212121  0.00000000  0.0018     253
     239  0.30303030 -0.21212121  0.00000000  0.0018     254
     240  0.27272727 -0.21212121  0.00000000  0.0018     255
     241  0.24242424 -0.21212121  0.00000000  0.0018     256
     242 -0.21212121  0.21212121  0.00000000  0.0018     257
     243 -0.18181818  0.21212121  0.00000000  0.0018     258
     244 -0.15151515  0.21212121  0.00000000  0.0018     259
     245 -0.12121212  0.21212121  0.00000000  0.0018     260
     246 -0.09090909  0.21212121  0.00000000  0.0018     261
     247 -0.06060606  0.21212121  0.00000000  0.0018     262
     248 -0.03030303  0.21212121  0.00000000  0.0018     263
     249  0.00000000  0.24242424  0.00000000  0.0018     264
     250  0.03030303  0.24242424  0.00000000  0.0018     265
     251  0.06060606  0.24242424  0.00000000  0.0018     266
     252  0.09090909  0.24242424  0.00000000  0.0018     267
     253  0.12121212  0.24242424  0.00000000  0.0018     268
     254  0.15151515  0.24242424  0.00000000  0.0018     269
     255  0.18181818  0.24242424  0.00000000  0.0018     270
     256  0.21212121  0.24242424  0.00000000  0.0018     271
     257  0.24242424  0.24242424  0.00000000  0.0018     272
     258  0.27272727  0.24242424  0.00000000  0.0018     273
     259  0.30303030  0.24242424  0.00000000  0.0018     274
     260  0.33333333  0.24242424  0.00000000  0.0018     275
     261  0.36363636  0.24242424  0.00000000  0.0018     276
     262  0.39393939  0.24242424  0.00000000  0.0018     277
     263  0.42424242  0.24242424  0.00000000  0.0018     278
     264  0.45454545  0.24242424  0.00000000  0.0018     279
     265  0.48484848  0.24242424  0.00000000  0.0018     280
     266  0.48484848 -0.24242424  0.00000000  0.0018     281
     267  0.45454545 -0.24242424  0.00000000  0.0018     282
     268  0.42424242 -0.24242424  0.00000000  0.0018     283
     269  0.39393939 -0.24242424  0.00000000  0.0018     284
     270  0.36363636 -0.24242424  0.00000000  0.0018     285
     271  0.33333333 -0.24242424  0.00000000  0.0018     286
     272  0.30303030 -0.24242424  0.00000000  0.0018     287
     273  0.27272727 -0.24242424  0.00000000  0.0018     288
     274 -0.24242424  0.24242424  0.00000000  0.0018     289
     275 -0.21212121  0.24242424  0.00000000  0.0018     290
     276 -0.18181818  0.24242424  0.00000000  0.0018     291
     277 -0.15151515  0.24242424  0.00000000  0.0018     292
     278 -0.12121212  0.24242424  0.00000000  0.0018     293
     279 -0.09090909  0.24242424  0.00000000  0.0018     294
     280 -0.06060606  0.24242424  0.00000000  0.0018     295
     281 -0.03030303  0.24242424  0.00000000  0.0018     296
     282  0.00000000  0.27272727  0.00000000  0.0018     297
     283  0.03030303  0.27272727  0.00000000  0.0018     298
     284  0.06060606  0.27272727  0.00000000  0.0018     299
     285  0.09090909  0.27272727  0.00000000  0.0018     300
     286  0.12121212  0.27272727  0.00000000  0.0018     301
     287  0.15151515  0.27272727  0.00000000  0.0018     302
     288  0.18181818  0.27272727  0.00000000  0.0018     303
     289  0.21212121  0.27272727  0.00000000  0.0018     304
     290  0.24242424  0.27272727  0.00000000  0.0018     305
     291  0.27272727  0.27272727  0.00000000  0.0018     306
     292  0.30303030  0.27272727  0.00000000  0.0018     307
     293  0.33333333  0.27272727  0.00000000  0.0018     308
     294  0.36363636  0.27272727  0.00000000  0.0018     309
     295  0.39393939  0.27272727  0.00000000  0.0018     310
     296  0.42424242  0.27272727  0.00000000  0.0018     311
     297  0.45454545  0.27272727  0.00000000  0.0018     312
     298  0.48484848  0.27272727  0.00000000  0.0018     313
     299  0.48484848 -0.27272727  0.00000000  0.0018     314
     300  0.45454545 -0.27272727  0.00000000  0.0018     315
     301  0.42424242 -0.27272727  0.00000000  0.0018     316
     302  0.39393939 -0.27272727  0.00000000  0.0018     317
     303  0.36363636 -0.27272727  0.00000000  0.0018     318
     304  0.33333333 -0.27272727  0.00000000  0.0018     319
     305  0.30303030 -0.27272727  0.00000000  0.0018     320
     306 -0.27272727  0.27272727  0.00000000  0.0018     321
     307 -0.24242424  0.27272727  0.00000000  0.0018     322
     308 -0.21212121  0.27272727  0.00000000  0.0018     323
     309 -0.18181818  0.27272727  0.00000000  0.0018     324
     310 -0.15151515  0.27272727  0.00000000  0.0018     325
     311 -0.12121212  0.27272727  0.00000000  0.0018     326
     312 -0.09090909  0.27272727  0.00000000  0.0018     327
     313 -0.06060606  0.27272727  0.00000000  0.0018     328
     314 -0.03030303  0.27272727  0.00000000  0.0018     329
     315  0.00000000  0.30303030  0.00000000  0.0018     330
     316  0.03030303  0.30303030  0.00000000  0.0018     331
     317  0.06060606  0.30303030  0.00000000  0.0018     332
     318  0.09090909  0.30303030  0.00000000  0.0018     333
     319  0.12121212  0.30303030  0.00000000  0.0018     334
     320  0.15151515  0.30303030  0.00000000  0.0018     335
     321  0.18181818  0.30303030  0.00000000  0.0018     336
     322  0.21212121  0.30303030  0.00000000  0.0018     337
     323  0.24242424  0.30303030  0.00000000  0.0018     338
     324  0.27272727  0.30303030  0.00000000  0.0018     339
     325  0.30303030  0.30303030  0.00000000  0.0018     340
     326  0.33333333  0.30303030  0.00000000  0.0018     341
     327  0.36363636  0.30303030  0.00000000  0.0018     342
     328  0.39393939  0.30303030  0.00000000  0.0018     343
     329  0.42424242  0.30303030  0.00000000  0.0018     344
     330  0.45454545  0.30303030  0.00000000  0.0018     345
     331  0.48484848  0.30303030  0.00000000  0.0018     346
     332  0.48484848 -0.30303030  0.00000000  0.0018     347
     333  0.45454545 -0.30303030  0.00000000  0.0018     348
     334  0.42424242 -0.30303030  0.00000000  0.0018     349
     335  0.39393939 -0.30303030  0.00000000  0.0018     350
     336  0.36363636 -0.30303030  0.00000000  0.0018     351
     337  0.33333333 -0.30303030  0.00000000  0.0018     352
     338 -0.30303030  0.30303030  0.00000000  0.0018     353
     339 -0.27272727  0.30303030  0.00000000  0.0018     354
     340 -0.24242424  0.30303030  0.00000000  0.0018     355
     341 -0.21212121  0.30303030  0.00000000  0.0018     356
     342 -0.18181818  0.30303030  0.00000000  0.0018     357
     343 -0.15151515  0.30303030  0.00000000  0.0018     358
     344 -0.12121212  0.30303030  0.00000000  0.0018     359
     345 -0.09090909  0.30303030  0.00000000  0.0018     360
     346 -0.06060606  0.30303030  0.00000000  0.0018     361
     347 -0.03030303  0.30303030  0.00000000  0.0018     362
     348  0.00000000  0.33333333  0.00000000  0.0018     363
     349  0.03030303  0.33333333  0.00000000  0.0018     364
     350  0.06060606  0.33333333  0.00000000  0.0018     365
     351  0.09090909  0.33333333  0.00000000  0.0018     366
     352  0.12121212  0.33333333  0.00000000  0.0018     367
     353  0.15151515  0.33333333  0.00000000  0.0018     368
     354  0.18181818  0.33333333  0.00000000  0.0018     369
     355  0.21212121  0.33333333  0.00000000  0.0018     370
     356  0.24242424  0.33333333  0.00000000  0.0018     371
     357  0.27272727  0.33333333  0.00000000  0.0018     372
     358  0.30303030  0.33333333  0.00000000  0.0018     373
     359  0.33333333  0.33333333  0.00000000  0.0018     374
     360  0.36363636  0.33333333  0.00000000  0.0018     375
     361  0.39393939  0.33333333  0.00000000  0.0018     376
     362  0.42424242  0.33333333  0.00000000  0.0018     377
     363  0.45454545  0.33333333  0.00000000  0.0018     378
     364  0.48484848  0.33333333  0.00000000  0.0018     379
     365  0.48484848 -0.33333333  0.00000000  0.0018     380
     366  0.45454545 -0.33333333  0.00000000  0.0018     381
     367  0.42424242 -0.33333333  0.00000000  0.0018     382
     368  0.39393939 -0.33333333  0.00000000  0.0018     383
     369  0.36363636 -0.33333333  0.00000000  0.0018     384
     370 -0.33333333  0.33333333  0.00000000  0.0018     385
     371 -0.30303030  0.33333333  0.00000000  0.0018     386
     372 -0.27272727  0.33333333  0.00000000  0.0018     387
     373 -0.24242424  0.33333333  0.00000000  0.0018     388
     374 -0.21212121  0.33333333  0.00000000  0.0018     389
     375 -0.18181818  0.33333333  0.00000000  0.0018     390
     376 -0.15151515  0.33333333  0.00000000  0.0018     391
     377 -0.12121212  0.33333333  0.00000000  0.0018     392
     378 -0.09090909  0.33333333  0.00000000  0.0018     393
     379 -0.06060606  0.33333333  0.00000000  0.0018     394
     380 -0.03030303  0.33333333  0.00000000  0.0018     395
     381  0.00000000  0.36363636  0.00000000  0.0018     396
     382  0.03030303  0.36363636  0.00000000  0.0018     397
     383  0.06060606  0.36363636  0.00000000  0.0018     398
     384  0.09090909  0.36363636  0.00000000  0.0018     399
     385  0.12121212  0.36363636  0.00000000  0.0018     400
     386  0.15151515  0.36363636  0.00000000  0.0018     401
     387  0.18181818  0.36363636  0.00000000  0.0018     402
     388  0.21212121  0.36363636  0.00000000  0.0018     403
     389  0.24242424  0.36363636  0.00000000  0.0018     404
     390  0.27272727  0.36363636  0.00000000  0.0018     405
     391  0.30303030  0.36363636  0.00000000  0.0018     406
     392  0.33333333  0.36363636  0.00000000  0.0018     407
     393  0.36363636  0.36363636  0.00000000  0.0018     408
     394  0.39393939  0.36363636  0.00000000  0.0018     409
     395  0.42424242  0.36363636  0.00000000  0.0018     410
     396  0.45454545  0.36363636  0.00000000  0.0018     411
     397  0.48484848  0.36363636  0.00000000  0.0018     412
     398  0.48484848 -0.36363636  0.00000000  0.0018     413
     399  0.45454545 -0.36363636  0.00000000  0.0018     414
     400  0.42424242 -0.36363636  0.00000000  0.0018     415
     401  0.39393939 -0.36363636  0.00000000  0.0018     416
     402 -0.36363636  0.36363636  0.00000000  0.0018     417
     403 -0.33333333  0.36363636  0.00000000  0.0018     418
     404 -0.30303030  0.36363636  0.00000000  0.0018     419
     405 -0.27272727  0.36363636  0.00000000  0.0018     420
     406 -0.24242424  0.36363636  0.00000000  0.0018     421
     407 -0.21212121  0.36363636  0.00000000  0.0018     422
     408 -0.18181818  0.36363636  0.00000000  0.0018     423
     409 -0.15151515  0.36363636  0.00000000  0.0018     424
     410 -0.12121212  0.36363636  0.00000000  0.0018     425
     411 -0.09090909  0.36363636  0.00000000  0.0018     426
     412 -0.06060606  0.36363636  0.00000000  0.0018     427
     413 -0.03030303  0.36363636  0.00000000  0.0018     428
     414  0.00000000  0.39393939  0.00000000  0.0018     429
     415  0.03030303  0.39393939  0.00000000  0.0018     430
     416  0.06060606  0.39393939  0.00000000  0.0018     431
     417  0.09090909  0.39393939  0.00000000  0.0018     432
     418  0.12121212  0.39393939  0.00000000  0.0018     433
     419  0.15151515  0.39393939  0.00000000  0.0018     434
     420  0.18181818  0.39393939  0.00000000  0.0018     435
     421  0.21212121  0.39393939  0.00000000  0.0018     436
     422  0.24242424  0.39393939  0.00000000  0.0018     437
     423  0.27272727  0.39393939  0.00000000  0.0018     438
     424  0.30303030  0.39393939  0.00000000  0.0018     439
     425  0.33333333  0.39393939  0.00000000  0.0018     440
     426  0.36363636  0.39393939  0.00000000  0.0018     441
     427  0.39393939  0.39393939  0.00000000  0.0018     442
     428  0.42424242  0.39393939  0.00000000  0.0018     443
     429  0.45454545  0.39393939  0.00000000  0.0018     444
     430  0.48484848  0.39393939  0.00000000  0.0018     445
     431  0.48484848 -0.39393939  0.00000000  0.0018     446
     432  0.45454545 -0.39393939  0.00000000  0.0018     447
     433  0.42424242 -0.39393939  0.00000000  0.0018     448
     434 -0.39393939  0.39393939  0.00000000  0.0018     449
     435 -0.36363636  0.39393939  0.00000000  0.0018     450
     436 -0.33333333  0.39393939  0.00000000  0.0018     451
     437 -0.30303030  0.39393939  0.00000000  0.0018     452
     438 -0.27272727  0.39393939  0.00000000  0.0018     453
     439 -0.24242424  0.39393939  0.00000000  0.0018     454
     440 -0.21212121  0.39393939  0.00000000  0.0018     455
     441 -0.18181818  0.39393939  0.00000000  0.0018     456
     442 -0.15151515  0.39393939  0.00000000  0.0018     457
     443 -0.12121212  0.39393939  0.00000000  0.0018     458
     444 -0.09090909  0.39393939  0.00000000  0.0018     459
     445 -0.06060606  0.39393939  0.00000000  0.0018     460
     446 -0.03030303  0.39393939  0.00000000  0.0018     461
     447  0.00000000  0.42424242  0.00000000  0.0018     462
     448  0.03030303  0.42424242  0.00000000  0.0018     463
     449  0.06060606  0.42424242  0.00000000  0.0018     464
     450  0.09090909  0.42424242  0.00000000  0.0018     465
     451  0.12121212  0.42424242  0.00000000  0.0018     466
     452  0.15151515  0.42424242  0.00000000  0.0018     467
     453  0.18181818  0.42424242  0.00000000  0.0018     468
     454  0.21212121  0.42424242  0.00000000  0.0018     469
     455  0.24242424  0.42424242  0.00000000  0.0018     470
     456  0.27272727  0.42424242  0.00000000  0.0018     471
     457  0.30303030  0.42424242  0.00000000  0.0018     472
     458  0.33333333  0.42424242  0.00000000  0.0018     473
     459  0.36363636  0.42424242  0.00000000  0.0018     474
     460  0.39393939  0.42424242  0.00000000  0.0018     475
     461  0.42424242  0.42424242  0.00000000  0.0018     476
     462  0.45454545  0.42424242  0.00000000  0.0018     477
     463  0.48484848  0.42424242  0.00000000  0.0018     478
     464  0.48484848 -0.42424242  0.00000000  0.0018     479
     465  0.45454545 -0.42424242  0.00000000  0.0018     480
     466 -0.42424242  0.42424242  0.00000000  0.0018     481
     467 -0.39393939  0.42424242  0.00000000  0.0018     482
     468 -0.36363636  0.42424242  0.00000000  0.0018     483
     469 -0.33333333  0.42424242  0.00000000  0.0018     484
     470 -0.30303030  0.42424242  0.00000000  0.0018     485
     471 -0.27272727  0.42424242  0.00000000  0.0018     486
     472 -0.24242424  0.42424242  0.00000000  0.0018     487
     473 -0.21212121  0.42424242  0.00000000  0.0018     488
     474 -0.18181818  0.42424242  0.00000000  0.0018     489
     475 -0.15151515  0.42424242  0.00000000  0.0018     490
     476 -0.12121212  0.42424242  0.00000000  0.0018     491
     477 -0.09090909  0.42424242  0.00000000  0.0018     492
     478 -0.06060606  0.42424242  0.00000000  0.0018     493
     479 -0.03030303  0.42424242  0.00000000  0.0018     494
     480  0.00000000  0.45454545  0.00000000  0.0018     495
     481  0.03030303  0.45454545  0.00000000  0.0018     496
     482  0.06060606  0.45454545  0.00000000  0.0018     497
     483  0.09090909  0.45454545  0.00000000  0.0018     498
     484  0.12121212  0.45454545  0.00000000  0.0018     499
     485  0.15151515  0.45454545  0.00000000  0.0018     500
     486  0.18181818  0.45454545  0.00000000  0.0018     501
     487  0.21212121  0.45454545  0.00000000  0.0018     502
     488  0.24242424  0.45454545  0.00000000  0.0018     503
     489  0.27272727  0.45454545  0.00000000  0.0018     504
     490  0.30303030  0.45454545  0.00000000  0.0018     505
     491  0.33333333  0.45454545  0.00000000  0.0018     506
     492  0.36363636  0.45454545  0.00000000  0.0018     507
     493  0.39393939  0.45454545  0.00000000  0.0018     508
     494  0.42424242  0.45454545  0.00000000  0.0018     509
     495  0.45454545  0.45454545  0.00000000  0.0018     510
     496  0.48484848  0.45454545  0.00000000  0.0018     511
     497  0.48484848 -0.45454545  0.00000000  0.0018     512
     498 -0.45454545  0.45454545  0.00000000  0.0018     513
     499 -0.42424242  0.45454545  0.00000000  0.0018     514
     500 -0.39393939  0.45454545  0.00000000  0.0018     515
     501 -0.36363636  0.45454545  0.00000000  0.0018     516
     502 -0.33333333  0.45454545  0.00000000  0.0018     517
     503 -0.30303030  0.45454545  0.00000000  0.0018     518
     504 -0.27272727  0.45454545  0.00000000  0.0018     519
     505 -0.24242424  0.45454545  0.00000000  0.0018     520
     506 -0.21212121  0.45454545  0.00000000  0.0018     521
     507 -0.18181818  0.45454545  0.00000000  0.0018     522
     508 -0.15151515  0.45454545  0.00000000  0.0018     523
     509 -0.12121212  0.45454545  0.00000000  0.0018     524
     510 -0.09090909  0.45454545  0.00000000  0.0018     525
     511 -0.06060606  0.45454545  0.00000000  0.0018     526
     512 -0.03030303  0.45454545  0.00000000  0.0018     527
     513  0.00000000  0.48484848  0.00000000  0.0018     528
     514  0.03030303  0.48484848  0.00000000  0.0018     529
     515  0.06060606  0.48484848  0.00000000  0.0018     530
     516  0.09090909  0.48484848  0.00000000  0.0018     531
     517  0.12121212  0.48484848  0.00000000  0.0018     532
     518  0.15151515  0.48484848  0.00000000  0.0018     533
     519  0.18181818  0.48484848  0.00000000  0.0018     534
     520  0.21212121  0.48484848  0.00000000  0.0018     535
     521  0.24242424  0.48484848  0.00000000  0.0018     536
     522  0.27272727  0.48484848  0.00000000  0.0018     537
     523  0.30303030  0.48484848  0.00000000  0.0018     538
     524  0.33333333  0.48484848  0.00000000  0.0018     539
     525  0.36363636  0.48484848  0.00000000  0.0018     540
     526  0.39393939  0.48484848  0.00000000  0.0018     541
     527  0.42424242  0.48484848  0.00000000  0.0018     542
     528  0.45454545  0.48484848  0.00000000  0.0018     543
     529  0.48484848  0.48484848  0.00000000  0.0018     544
     530 -0.48484848  0.48484848  0.00000000  0.0018     545
     531 -0.45454545  0.48484848  0.00000000  0.0018     546
     532 -0.42424242  0.48484848  0.00000000  0.0018     547
     533 -0.39393939  0.48484848  0.00000000  0.0018     548
     534 -0.36363636  0.48484848  0.00000000  0.0018     549
     535 -0.33333333  0.48484848  0.00000000  0.0018     550
     536 -0.30303030  0.48484848  0.00000000  0.0018     551
     537 -0.27272727  0.48484848  0.00000000  0.0018     552
     538 -0.24242424  0.48484848  0.00000000  0.0018     553
     539 -0.21212121  0.48484848  0.00000000  0.0018     554
     540 -0.18181818  0.48484848  0.00000000  0.0018     555
     541 -0.15151515  0.48484848  0.00000000  0.0018     556
     542 -0.12121212  0.48484848  0.00000000  0.0018     557
     543 -0.09090909  0.48484848  0.00000000  0.0018     558
     544 -0.06060606  0.48484848  0.00000000  0.0018     559
     545 -0.03030303  0.48484848  0.00000000  0.0018     560

                               nkstot now = 545
K-POINTS DIRECT COORDINATES
 KPOINTS    DIRECT_X    DIRECT_Y    DIRECT_Z  WEIGHT
       1  0.00000000  0.00000000  0.00000000  0.0009
       2  0.03030303  0.00000000  0.00000000  0.0018
       3  0.06060606  0.00000000  0.00000000  0.0018
       4  0.09090909  0.00000000  0.00000000  0.0018
       5  0.12121212  0.00000000  0.00000000  0.0018
       6  0.15151515  0.00000000  0.00000000  0.0018
       7  0.18181818  0.00000000  0.00000000  0.0018
       8  0.21212121  0.00000000  0.00000000  0.0018
       9  0.24242424  0.00000000  0.00000000  0.0018
      10  0.27272727  0.00000000  0.00000000  0.0018
      11  0.30303030  0.00000000  0.00000000  0.0018
      12  0.33333333  0.00000000  0.00000000  0.0018
      13  0.36363636  0.00000000  0.00000000  0.0018
      14  0.39393939  0.00000000  0.00000000  0.0018
      15  0.42424242  0.00000000  0.00000000  0.0018
      16  0.45454545  0.00000000  0.00000000  0.0018
      17  0.48484848  0.00000000  0.00000000  0.0018
      18  0.00000000  0.03030303  0.00000000  0.0018
      19  0.03030303  0.03030303  0.00000000  0.0018
      20  0.06060606  0.03030303  0.00000000  0.0018
      21  0.09090909  0.03030303  0.00000000  0.0018
      22  0.12121212  0.03030303  0.00000000  0.0018
      23  0.15151515  0.03030303  0.00000000  0.0018
      24  0.18181818  0.03030303  0.00000000  0.0018
      25  0.21212121  0.03030303  0.00000000  0.0018
      26  0.24242424  0.03030303  0.00000000  0.0018
      27  0.27272727  0.03030303  0.00000000  0.0018
      28  0.30303030  0.03030303  0.00000000  0.0018
      29  0.33333333  0.03030303  0.00000000  0.0018
      30  0.36363636  0.03030303  0.00000000  0.0018
      31  0.39393939  0.03030303  0.00000000  0.0018
      32  0.42424242  0.03030303  0.00000000  0.0018
      33  0.45454545  0.03030303  0.00000000  0.0018
      34  0.48484848  0.03030303  0.00000000  0.0018
      35  0.48484848 -0.03030303  0.00000000  0.0018
      36  0.45454545 -0.03030303  0.00000000  0.0018
      37  0.42424242 -0.03030303  0.00000000  0.0018
      38  0.39393939 -0.03030303  0.00000000  0.0018
      39  0.36363636 -0.03030303  0.00000000  0.0018
      40  0.33333333 -0.03030303  0.00000000  0.0018
      41  0.30303030 -0.03030303  0.00000000  0.0018
      42  0.27272727 -0.03030303  0.00000000  0.0018
      43  0.24242424 -0.03030303  0.00000000  0.0018
      44  0.21212121 -0.03030303  0.00000000  0.0018
      45  0.18181818 -0.03030303  0.00000000  0.0018
      46  0.15151515 -0.03030303  0.00000000  0.0018
      47  0.12121212 -0.03030303  0.00000000  0.0018
      48  0.09090909 -0.03030303  0.00000000  0.0018
      49  0.06060606 -0.03030303  0.00000000  0.0018
      50 -0.03030303  0.03030303  0.00000000  0.0018
      51  0.00000000  0.06060606  0.00000000  0.0018
      52  0.03030303  0.06060606  0.00000000  0.0018
      53  0.06060606  0.06060606  0.00000000  0.0018
      54  0.09090909  0.06060606  0.00000000  0.0018
      55  0.12121212  0.06060606  0.00000000  0.0018
      56  0.15151515  0.06060606  0.00000000  0.0018
      57  0.18181818  0.06060606  0.00000000  0.0018
      58  0.21212121  0.06060606  0.00000000  0.0018
      59  0.24242424  0.06060606  0.00000000  0.0018
      60  0.27272727  0.06060606  0.00000000  0.0018
      61  0.30303030  0.06060606  0.00000000  0.0018
      62  0.33333333  0.06060606  0.00000000  0.0018
      63  0.36363636  0.06060606  0.00000000  0.0018
      64  0.39393939  0.06060606  0.00000000  0.0018
      65  0.42424242  0.06060606  0.00000000  0.0018
      66  0.45454545  0.06060606  0.00000000  0.0018
      67  0.48484848  0.06060606  0.00000000  0.0018
      68  0.48484848 -0.06060606  0.00000000  0.0018
      69  0.45454545 -0.06060606  0.00000000  0.0018
      70  0.42424242 -0.06060606  0.00000000  0.0018
      71  0.39393939 -0.06060606  0.00000000  0.0018
      72  0.36363636 -0.06060606  0.00000000  0.0018
      73  0.33333333 -0.06060606  0.00000000  0.0018
      74  0.30303030 -0.06060606  0.00000000  0.0018
      75  0.27272727 -0.06060606  0.00000000  0.0018
      76  0.24242424 -0.06060606  0.00000000  0.0018
      77  0.21212121 -0.06060606  0.00000000  0.0018
      78  0.18181818 -0.06060606  0.00000000  0.0018
      79  0.15151515 -0.06060606  0.00000000  0.0018
      80  0.12121212 -0.06060606  0.00000000  0.0018
      81  0.09090909 -0.06060606  0.00000000  0.0018
      82 -0.06060606  0.06060606  0.00000000  0.0018
      83 -0.03030303  0.06060606  0.00000000  0.0018
      84  0.00000000  0.09090909  0.00000000  0.0018
      85  0.03030303  0.09090909  0.00000000  0.0018
      86  0.06060606  0.09090909  0.00000000  0.0018
      87  0.09090909  0.09090909  0.00000000  0.0018
      88  0.12121212  0.09090909  0.00000000  0.0018
      89  0.15151515  0.09090909  0.00000000  0.0018
      90  0.18181818  0.09090909  0.00000000  0.0018
      91  0.21212121  0.09090909  0.00000000  0.0018
      92  0.24242424  0.09090909  0.00000000  0.0018
      93  0.27272727  0.09090909  0.00000000  0.0018
      94  0.30303030  0.09090909  0.00000000  0.0018
      95  0.33333333  0.09090909  0.00000000  0.0018
      96  0.36363636  0.09090909  0.00000000  0.0018
      97  0.39393939  0.09090909  0.00000000  0.0018
      98  0.42424242  0.09090909  0.00000000  0.0018
      99  0.45454545  0.09090909  0.00000000  0.0018
     100  0.48484848  0.09090909  0.00000000  0.0018
     101  0.48484848 -0.09090909  0.00000000  0.0018
     102  0.45454545 -0.09090909  0.00000000  0.0018
     103  0.42424242 -0.09090909  0.00000000  0.0018
     104  0.39393939 -0.09090909  0.00000000  0.0018
     105  0.36363636 -0.09090909  0.00000000  0.0018
     106  0.33333333 -0.09090909  0.00000000  0.0018
     107  0.30303030 -0.09090909  0.00000000  0.0018
     108  0.27272727 -0.09090909  0.00000000  0.0018
     109  0.24242424 -0.09090909  0.00000000  0.0018
     110  0.21212121 -0.09090909  0.00000000  0.0018
     111  0.18181818 -0.09090909  0.00000000  0.0018
     112  0.15151515 -0.09090909  0.00000000  0.0018
     113  0.12121212 -0.09090909  0.00000000  0.0018
     114 -0.09090909  0.09090909  0.00000000  0.0018
     115 -0.06060606  0.09090909  0.00000000  0.0018
     116 -0.03030303  0.09090909  0.00000000  0.0018
     117  0.00000000  0.12121212  0.00000000  0.0018
     118  0.03030303  0.12121212  0.00000000  0.0018
     119  0.06060606  0.12121212  0.00000000  0.0018
     120  0.09090909  0.12121212  0.00000000  0.0018
     121  0.12121212  0.12121212  0.00000000  0.0018
     122  0.15151515  0.12121212  0.00000000  0.0018
     123  0.18181818  0.12121212  0.00000000  0.0018
     124  0.21212121  0.12121212  0.00000000  0.0018
     125  0.24242424  0.12121212  0.00000000  0.0018
     126  0.27272727  0.12121212  0.00000000  0.0018
     127  0.30303030  0.12121212  0.00000000  0.0018
     128  0.33333333  0.12121212  0.00000000  0.0018
     129  0.36363636  0.12121212  0.00000000  0.0018
     130  0.39393939  0.12121212  0.00000000  0.0018
     131  0.42424242  0.12121212  0.00000000  0.0018
     132  0.45454545  0.12121212  0.00000000  0.0018
     133  0.48484848  0.12121212  0.00000000  0.0018
     134  0.48484848 -0.12121212  0.00000000  0.0018
     135  0.45454545 -0.12121212  0.00000000  0.0018
     136  0.42424242 -0.12121212  0.00000000  0.0018
     137  0.39393939 -0.12121212  0.00000000  0.0018
     138  0.36363636 -0.12121212  0.00000000  0.0018
     139  0.33333333 -0.12121212  0.00000000  0.0018
     140  0.30303030 -0.12121212  0.00000000  0.0018
     141  0.27272727 -0.12121212  0.00000000  0.0018
     142  0.24242424 -0.12121212  0.00000000  0.0018
     143  0.21212121 -0.12121212  0.00000000  0.0018
     144  0.18181818 -0.12121212  0.00000000  0.0018
     145  0.15151515 -0.12121212  0.00000000  0.0018
     146 -0.12121212  0.12121212  0.00000000  0.0018
     147 -0.09090909  0.12121212  0.00000000  0.0018
     148 -0.06060606  0.12121212  0.00000000  0.0018
     149 -0.03030303  0.12121212  0.00000000  0.0018
     150  0.00000000  0.15151515  0.00000000  0.0018
     151  0.03030303  0.15151515  0.00000000  0.0018
     152  0.06060606  0.15151515  0.00000000  0.0018
     153  0.09090909  0.15151515  0.00000000  0.0018
     154  0.12121212  0.15151515  0.00000000  0.0018
     155  0.15151515  0.15151515  0.00000000  0.0018
     156  0.18181818  0.15151515  0.00000000  0.0018
     157  0.21212121  0.15151515  0.00000000  0.0018
     158  0.24242424  0.15151515  0.00000000  0.0018
     159  0.27272727  0.15151515  0.00000000  0.0018
     160  0.30303030  0.15151515  0.00000000  0.0018
     161  0.33333333  0.15151515  0.00000000  0.0018
     162  0.36363636  0.15151515  0.00000000  0.0018
     163  0.39393939  0.15151515  0.00000000  0.0018
     164  0.42424242  0.15151515  0.00000000  0.0018
     165  0.45454545  0.15151515  0.00000000  0.0018
     166  0.48484848  0.15151515  0.00000000  0.0018
     167  0.48484848 -0.15151515  0.00000000  0.0018
     168  0.45454545 -0.15151515  0.00000000  0.0018
     169  0.42424242 -0.15151515  0.00000000  0.0018
     170  0.39393939 -0.15151515  0.00000000  0.0018
     171  0.36363636 -0.15151515  0.00000000  0.0018
     172  0.33333333 -0.15151515  0.00000000  0.0018
     173  0.30303030 -0.15151515  0.00000000  0.0018
     174  0.27272727 -0.15151515  0.00000000  0.0018
     175  0.24242424 -0.15151515  0.00000000  0.0018
     176  0.21212121 -0.15151515  0.00000000  0.0018
     177  0.18181818 -0.15151515  0.00000000  0.0018
     178 -0.15151515  0.15151515  0.00000000  0.0018
     179 -0.12121212  0.15151515  0.00000000  0.0018
     180 -0.09090909  0.15151515  0.00000000  0.0018
     181 -0.06060606  0.15151515  0.00000000  0.0018
     182 -0.03030303  0.15151515  0.00000000  0.0018
     183  0.00000000  0.18181818  0.00000000  0.0018
     184  0.03030303  0.18181818  0.00000000  0.0018
     185  0.06060606  0.18181818  0.00000000  0.0018
     186  0.09090909  0.18181818  0.00000000  0.0018
     187  0.12121212  0.18181818  0.00000000  0.0018
     188  0.15151515  0.18181818  0.00000000  0.0018
     189  0.18181818  0.18181818  0.00000000  0.0018
     190  0.21212121  0.18181818  0.00000000  0.0018
     191  0.24242424  0.18181818  0.00000000  0.0018
     192  0.27272727  0.18181818  0.00000000  0.0018
     193  0.30303030  0.18181818  0.00000000  0.0018
     194  0.33333333  0.18181818  0.00000000  0.0018
     195  0.36363636  0.18181818  0.00000000  0.0018
     196  0.39393939  0.18181818  0.00000000  0.0018
     197  0.42424242  0.18181818  0.00000000  0.0018
     198  0.45454545  0.18181818  0.00000000  0.0018
     199  0.48484848  0.18181818  0.00000000  0.0018
     200  0.48484848 -0.18181818  0.00000000  0.0018
     201  0.45454545 -0.18181818  0.00000000  0.0018
     202  0.42424242 -0.18181818  0.00000000  0.0018
     203  0.39393939 -0.18181818  0.00000000  0.0018
     204  0.36363636 -0.18181818  0.00000000  0.0018
     205  0.33333333 -0.18181818  0.00000000  0.0018
     206  0.30303030 -0.18181818  0.00000000  0.0018
     207  0.27272727 -0.18181818  0.00000000  0.0018
     208  0.24242424 -0.18181818  0.00000000  0.0018
     209  0.21212121 -0.18181818  0.00000000  0.0018
     210 -0.18181818  0.18181818  0.00000000  0.0018
     211 -0.15151515  0.18181818  0.00000000  0.0018
     212 -0.12121212  0.18181818  0.00000000  0.0018
     213 -0.09090909  0.18181818  0.00000000  0.0018
     214 -0.06060606  0.18181818  0.00000000  0.0018
     215 -0.03030303  0.18181818  0.00000000  0.0018
     216  0.00000000  0.21212121  0.00000000  0.0018
     217  0.03030303  0.21212121  0.00000000  0.0018
     218  0.06060606  0.21212121  0.00000000  0.0018
     219  0.09090909  0.21212121  0.00000000  0.0018
     220  0.12121212  0.21212121  0.00000000  0.0018
     221  0.15151515  0.21212121  0.00000000  0.0018
     222  0.18181818  0.21212121  0.00000000  0.0018
     223  0.21212121  0.21212121  0.00000000  0.0018
     224  0.24242424  0.21212121  0.00000000  0.0018
     225  0.27272727  0.21212121  0.00000000  0.0018
     226  0.30303030  0.21212121  0.00000000  0.0018
     227  0.33333333  0.21212121  0.00000000  0.0018
     228  0.36363636  0.21212121  0.00000000  0.0018
     229  0.39393939  0.21212121  0.00000000  0.0018
     230  0.42424242  0.21212121  0.00000000  0.0018
     231  0.45454545  0.21212121  0.00000000  0.0018
     232  0.48484848  0.21212121  0.00000000  0.0018
     233  0.48484848 -0.21212121  0.00000000  0.0018
     234  0.45454545 -0.21212121  0.00000000  0.0018
     235  0.42424242 -0.21212121  0.00000000  0.0018
     236  0.39393939 -0.21212121  0.00000000  0.0018
     237  0.36363636 -0.21212121  0.00000000  0.0018
     238  0.33333333 -0.21212121  0.00000000  0.0018
     239  0.30303030 -0.21212121  0.00000000  0.0018
     240  0.27272727 -0.21212121  0.00000000  0.0018
     241  0.24242424 -0.21212121  0.00000000  0.0018
     242 -0.21212121  0.21212121  0.00000000  0.0018
     243 -0.18181818  0.21212121  0.00000000  0.0018
     244 -0.15151515  0.21212121  0.00000000  0.0018
     245 -0.12121212  0.21212121  0.00000000  0.0018
     246 -0.09090909  0.21212121  0.00000000  0.0018
     247 -0.06060606  0.21212121  0.00000000  0.0018
     248 -0.03030303  0.21212121  0.00000000  0.0018
     249  0.00000000  0.24242424  0.00000000  0.0018
     250  0.03030303  0.24242424  0.00000000  0.0018
     251  0.06060606  0.24242424  0.00000000  0.0018
     252  0.09090909  0.24242424  0.00000000  0.0018
     253  0.12121212  0.24242424  0.00000000  0.0018
     254  0.15151515  0.24242424  0.00000000  0.0018
     255  0.18181818  0.24242424  0.00000000  0.0018
     256  0.21212121  0.24242424  0.00000000  0.0018
     257  0.24242424  0.24242424  0.00000000  0.0018
     258  0.27272727  0.24242424  0.00000000  0.0018
     259  0.30303030  0.24242424  0.00000000  0.0018
     260  0.33333333  0.24242424  0.00000000  0.0018
     261  0.36363636  0.24242424  0.00000000  0.0018
     262  0.39393939  0.24242424  0.00000000  0.0018
     263  0.42424242  0.24242424  0.00000000  0.0018
     264  0.45454545  0.24242424  0.00000000  0.0018
     265  0.48484848  0.24242424  0.00000000  0.0018
     266  0.48484848 -0.24242424  0.00000000  0.0018
     267  0.45454545 -0.24242424  0.00000000  0.0018
     268  0.42424242 -0.24242424  0.00000000  0.0018
     269  0.39393939 -0.24242424  0.00000000  0.0018
     270  0.36363636 -0.24242424  0.00000000  0.0018
     271  0.33333333 -0.24242424  0.00000000  0.0018
     272  0.30303030 -0.24242424  0.00000000  0.0018
     273  0.27272727 -0.24242424  0.00000000  0.0018
     274 -0.24242424  0.24242424  0.00000000  0.0018
     275 -0.21212121  0.24242424  0.00000000  0.0018
     276 -0.18181818  0.24242424  0.00000000  0.0018
     277 -0.15151515  0.24242424  0.00000000  0.0018
     278 -0.12121212  0.24242424  0.00000000  0.0018
     279 -0.09090909  0.24242424  0.00000000  0.0018
     280 -0.06060606  0.24242424  0.00000000  0.0018
     281 -0.03030303  0.24242424  0.00000000  0.0018
     282  0.00000000  0.27272727  0.00000000  0.0018
     283  0.03030303  0.27272727  0.00000000  0.0018
     284  0.06060606  0.27272727  0.00000000  0.0018
     285  0.09090909  0.27272727  0.00000000  0.0018
     286  0.12121212  0.27272727  0.00000000  0.0018
     287  0.15151515  0.27272727  0.00000000  0.0018
     288  0.18181818  0.27272727  0.00000000  0.0018
     289  0.21212121  0.27272727  0.00000000  0.0018
     290  0.24242424  0.27272727  0.00000000  0.0018
     291  0.27272727  0.27272727  0.00000000  0.0018
     292  0.30303030  0.27272727  0.00000000  0.0018
     293  0.33333333  0.27272727  0.00000000  0.0018
     294  0.36363636  0.27272727  0.00000000  0.0018
     295  0.39393939  0.27272727  0.00000000  0.0018
     296  0.42424242  0.27272727  0.00000000  0.0018
     297  0.45454545  0.27272727  0.00000000  0.0018
     298  0.48484848  0.27272727  0.00000000  0.0018
     299  0.48484848 -0.27272727  0.00000000  0.0018
     300  0.45454545 -0.27272727  0.00000000  0.0018
     301  0.42424242 -0.27272727  0.00000000  0.0018
     302  0.39393939 -0.27272727  0.00000000  0.0018
     303  0.36363636 -0.27272727  0.00000000  0.0018
     304  0.33333333 -0.27272727  0.00000000  0.0018
     305  0.30303030 -0.27272727  0.00000000  0.0018
     306 -0.27272727  0.27272727  0.00000000  0.0018
     307 -0.24242424  0.27272727  0.00000000  0.0018
     308 -0.21212121  0.27272727  0.00000000  0.0018
     309 -0.18181818  0.27272727  0.00000000  0.0018
     310 -0.15151515  0.27272727  0.00000000  0.0018
     311 -0.12121212  0.27272727  0.00000000  0.0018
     312 -0.09090909  0.27272727  0.00000000  0.0018
     313 -0.06060606  0.27272727  0.00000000  0.0018
     314 -0.03030303  0.27272727  0.00000000  0.0018
     315  0.00000000  0.30303030  0.00000000  0.0018
     316  0.03030303  0.30303030  0.00000000  0.0018
     317  0.06060606  0.30303030  0.00000000  0.0018
     318  0.09090909  0.30303030  0.00000000  0.0018
     319  0.12121212  0.30303030  0.00000000  0.0018
     320  0.15151515  0.30303030  0.00000000  0.0018
     321  0.18181818  0.30303030  0.00000000  0.0018
     322  0.21212121  0.30303030  0.00000000  0.0018
     323  0.24242424  0.30303030  0.00000000  0.0018
     324  0.27272727  0.30303030  0.00000000  0.0018
     325  0.30303030  0.30303030  0.00000000  0.0018
     326  0.33333333  0.30303030  0.00000000  0.0018
     327  0.36363636  0.30303030  0.00000000  0.0018
     328  0.39393939  0.30303030  0.00000000  0.0018
     329  0.42424242  0.30303030  0.00000000  0.0018
     330  0.45454545  0.30303030  0.00000000  0.0018
     331  0.48484848  0.30303030  0.00000000  0.0018
     332  0.48484848 -0.30303030  0.00000000  0.0018
     333  0.45454545 -0.30303030  0.00000000  0.0018
     334  0.42424242 -0.30303030  0.00000000  0.0018
     335  0.39393939 -0.30303030  0.00000000  0.0018
     336  0.36363636 -0.30303030  0.00000000  0.0018
     337  0.33333333 -0.30303030  0.00000000  0.0018
     338 -0.30303030  0.30303030  0.00000000  0.0018
     339 -0.27272727  0.30303030  0.00000000  0.0018
     340 -0.24242424  0.30303030  0.00000000  0.0018
     341 -0.21212121  0.30303030  0.00000000  0.0018
     342 -0.18181818  0.30303030  0.00000000  0.0018
     343 -0.15151515  0.30303030  0.00000000  0.0018
     344 -0.12121212  0.30303030  0.00000000  0.0018
     345 -0.09090909  0.30303030  0.00000000  0.0018
     346 -0.06060606  0.30303030  0.00000000  0.0018
     347 -0.03030303  0.30303030  0.00000000  0.0018
     348  0.00000000  0.33333333  0.00000000  0.0018
     349  0.03030303  0.33333333  0.00000000  0.0018
     350  0.06060606  0.33333333  0.00000000  0.0018
     351  0.09090909  0.33333333  0.00000000  0.0018
     352  0.12121212  0.33333333  0.00000000  0.0018
     353  0.15151515  0.33333333  0.00000000  0.0018
     354  0.18181818  0.33333333  0.00000000  0.0018
     355  0.21212121  0.33333333  0.00000000  0.0018
     356  0.24242424  0.33333333  0.00000000  0.0018
     357  0.27272727  0.33333333  0.00000000  0.0018
     358  0.30303030  0.33333333  0.00000000  0.0018
     359  0.33333333  0.33333333  0.00000000  0.0018
     360  0.36363636  0.33333333  0.00000000  0.0018
     361  0.39393939  0.33333333  0.00000000  0.0018
     362  0.42424242  0.33333333  0.00000000  0.0018
     363  0.45454545  0.33333333  0.00000000  0.0018
     364  0.48484848  0.33333333  0.00000000  0.0018
     365  0.48484848 -0.33333333  0.00000000  0.0018
     366  0.45454545 -0.33333333  0.00000000  0.0018
     367  0.42424242 -0.33333333  0.00000000  0.0018
     368  0.39393939 -0.33333333  0.00000000  0.0018
     369  0.36363636 -0.33333333  0.00000000  0.0018
     370 -0.33333333  0.33333333  0.00000000  0.0018
     371 -0.30303030  0.33333333  0.00000000  0.0018
     372 -0.27272727  0.33333333  0.00000000  0.0018
     373 -0.24242424  0.33333333  0.00000000  0.0018
     374 -0.21212121  0.33333333  0.00000000  0.0018
     375 -0.18181818  0.33333333  0.00000000  0.0018
     376 -0.15151515  0.33333333  0.00000000  0.0018
     377 -0.12121212  0.33333333  0.00000000  0.0018
     378 -0.09090909  0.33333333  0.00000000  0.0018
     379 -0.06060606  0.33333333  0.00000000  0.0018
     380 -0.03030303  0.33333333  0.00000000  0.0018
     381  0.00000000  0.36363636  0.00000000  0.0018
     382  0.03030303  0.36363636  0.00000000  0.0018
     383  0.06060606  0.36363636  0.00000000  0.0018
     384  0.09090909  0.36363636  0.00000000  0.0018
     385  0.12121212  0.36363636  0.00000000  0.0018
     386  0.15151515  0.36363636  0.00000000  0.0018
     387  0.18181818  0.36363636  0.00000000  0.0018
     388  0.21212121  0.36363636  0.00000000  0.0018
     389  0.24242424  0.36363636  0.00000000  0.0018
     390  0.27272727  0.36363636  0.00000000  0.0018
     391  0.30303030  0.36363636  0.00000000  0.0018
     392  0.33333333  0.36363636  0.00000000  0.0018
     393  0.36363636  0.36363636  0.00000000  0.0018
     394  0.39393939  0.36363636  0.00000000  0.0018
     395  0.42424242  0.36363636  0.00000000  0.0018
     396  0.45454545  0.36363636  0.00000000  0.0018
     397  0.48484848  0.36363636  0.00000000  0.0018
     398  0.48484848 -0.36363636  0.00000000  0.0018
     399  0.45454545 -0.36363636  0.00000000  0.0018
     400  0.42424242 -0.36363636  0.00000000  0.0018
     401  0.39393939 -0.36363636  0.00000000  0.0018
     402 -0.36363636  0.36363636  0.00000000  0.0018
     403 -0.33333333  0.36363636  0.00000000  0.0018
     404 -0.30303030  0.36363636  0.00000000  0.0018
     405 -0.27272727  0.36363636  0.00000000  0.0018
     406 -0.24242424  0.36363636  0.00000000  0.0018
     407 -0.21212121  0.36363636  0.00000000  0.0018
     408 -0.18181818  0.36363636  0.00000000  0.0018
     409 -0.15151515  0.36363636  0.00000000  0.0018
     410 -0.12121212  0.36363636  0.00000000  0.0018
     411 -0.09090909  0.36363636  0.00000000  0.0018
     412 -0.06060606  0.36363636  0.00000000  0.0018
     413 -0.03030303  0.36363636  0.00000000  0.0018
     414  0.00000000  0.39393939  0.00000000  0.0018
     415  0.03030303  0.39393939  0.00000000  0.0018
     416  0.06060606  0.39393939  0.00000000  0.0018
     417  0.09090909  0.39393939  0.00000000  0.0018
     418  0.12121212  0.39393939  0.00000000  0.0018
     419  0.15151515  0.39393939  0.00000000  0.0018
     420  0.18181818  0.39393939  0.00000000  0.0018
     421  0.21212121  0.39393939  0.00000000  0.0018
     422  0.24242424  0.39393939  0.00000000  0.0018
     423  0.27272727  0.39393939  0.00000000  0.0018
     424  0.30303030  0.39393939  0.00000000  0.0018
     425  0.33333333  0.39393939  0.00000000  0.0018
     426  0.36363636  0.39393939  0.00000000  0.0018
     427  0.39393939  0.39393939  0.00000000  0.0018
     428  0.42424242  0.39393939  0.00000000  0.0018
     429  0.45454545  0.39393939  0.00000000  0.0018
     430  0.48484848  0.39393939  0.00000000  0.0018
     431  0.48484848 -0.39393939  0.00000000  0.0018
     432  0.45454545 -0.39393939  0.00000000  0.0018
     433  0.42424242 -0.39393939  0.00000000  0.0018
     434 -0.39393939  0.39393939  0.00000000  0.0018
     435 -0.36363636  0.39393939  0.00000000  0.0018
     436 -0.33333333  0.39393939  0.00000000  0.0018
     437 -0.30303030  0.39393939  0.00000000  0.0018
     438 -0.27272727  0.39393939  0.00000000  0.0018
     439 -0.24242424  0.39393939  0.00000000  0.0018
     440 -0.21212121  0.39393939  0.00000000  0.0018
     441 -0.18181818  0.39393939  0.00000000  0.0018
     442 -0.15151515  0.39393939  0.00000000  0.0018
     443 -0.12121212  0.39393939  0.00000000  0.0018
     444 -0.09090909  0.39393939  0.00000000  0.0018
     445 -0.06060606  0.39393939  0.00000000  0.0018
     446 -0.03030303  0.39393939  0.00000000  0.0018
     447  0.00000000  0.42424242  0.00000000  0.0018
     448  0.03030303  0.42424242  0.00000000  0.0018
     449  0.06060606  0.42424242  0.00000000  0.0018
     450  0.09090909  0.42424242  0.00000000  0.0018
     451  0.12121212  0.42424242  0.00000000  0.0018
     452  0.15151515  0.42424242  0.00000000  0.0018
     453  0.18181818  0.42424242  0.00000000  0.0018
     454  0.21212121  0.42424242  0.00000000  0.0018
     455  0.24242424  0.42424242  0.00000000  0.0018
     456  0.27272727  0.42424242  0.00000000  0.0018
     457  0.30303030  0.42424242  0.00000000  0.0018
     458  0.33333333  0.42424242  0.00000000  0.0018
     459  0.36363636  0.42424242  0.00000000  0.0018
     460  0.39393939  0.42424242  0.00000000  0.0018
     461  0.42424242  0.42424242  0.00000000  0.0018
     462  0.45454545  0.42424242  0.00000000  0.0018
     463  0.48484848  0.42424242  0.00000000  0.0018
     464  0.48484848 -0.42424242  0.00000000  0.0018
     465  0.45454545 -0.42424242  0.00000000  0.0018
     466 -0.42424242  0.42424242  0.00000000  0.0018
     467 -0.39393939  0.42424242  0.00000000  0.0018
     468 -0.36363636  0.42424242  0.00000000  0.0018
     469 -0.33333333  0.42424242  0.00000000  0.0018
     470 -0.30303030  0.42424242  0.00000000  0.0018
     471 -0.27272727  0.42424242  0.00000000  0.0018
     472 -0.24242424  0.42424242  0.00000000  0.0018
     473 -0.21212121  0.42424242  0.00000000  0.0018
     474 -0.18181818  0.42424242  0.00000000  0.0018
     475 -0.15151515  0.42424242  0.00000000  0.0018
     476 -0.12121212  0.42424242  0.00000000  0.0018
     477 -0.09090909  0.42424242  0.00000000  0.0018
     478 -0.06060606  0.42424242  0.00000000  0.0018
     479 -0.03030303  0.42424242  0.00000000  0.0018
     480  0.00000000  0.45454545  0.00000000  0.0018
     481  0.03030303  0.45454545  0.00000000  0.0018
     482  0.06060606  0.45454545  0.00000000  0.0018
     483  0.09090909  0.45454545  0.00000000  0.0018
     484  0.12121212  0.45454545  0.00000000  0.0018
     485  0.15151515  0.45454545  0.00000000  0.0018
     486  0.18181818  0.45454545  0.00000000  0.0018
     487  0.21212121  0.45454545  0.00000000  0.0018
     488  0.24242424  0.45454545  0.00000000  0.0018
     489  0.27272727  0.45454545  0.00000000  0.0018
     490  0.30303030  0.45454545  0.00000000  0.0018
     491  0.33333333  0.45454545  0.00000000  0.0018
     492  0.36363636  0.45454545  0.00000000  0.0018
     493  0.39393939  0.45454545  0.00000000  0.0018
     494  0.42424242  0.45454545  0.00000000  0.0018
     495  0.45454545  0.45454545  0.00000000  0.0018
     496  0.48484848  0.45454545  0.00000000  0.0018
     497  0.48484848 -0.45454545  0.00000000  0.0018
     498 -0.45454545  0.45454545  0.00000000  0.0018
     499 -0.42424242  0.45454545  0.00000000  0.0018
     500 -0.39393939  0.45454545  0.00000000  0.0018
     501 -0.36363636  0.45454545  0.00000000  0.0018
     502 -0.33333333  0.45454545  0.00000000  0.0018
     503 -0.30303030  0.45454545  0.00000000  0.0018
     504 -0.27272727  0.45454545  0.00000000  0.0018
     505 -0.24242424  0.45454545  0.00000000  0.0018
     506 -0.21212121  0.45454545  0.00000000  0.0018
     507 -0.18181818  0.45454545  0.00000000  0.0018
     508 -0.15151515  0.45454545  0.00000000  0.0018
     509 -0.12121212  0.45454545  0.00000000  0.0018
     510 -0.09090909  0.45454545  0.00000000  0.0018
     511 -0.06060606  0.45454545  0.00000000  0.0018
     512 -0.03030303  0.45454545  0.00000000  0.0018
     513  0.00000000  0.48484848  0.00000000  0.0018
     514  0.03030303  0.48484848  0.00000000  0.0018
     515  0.06060606  0.48484848  0.00000000  0.0018
     516  0.09090909  0.48484848  0.00000000  0.0018
     517  0.12121212  0.48484848  0.00000000  0.0018
     518  0.15151515  0.48484848  0.00000000  0.0018
     519  0.18181818  0.48484848  0.00000000  0.0018
     520  0.21212121  0.48484848  0.00000000  0.0018
     521  0.24242424  0.48484848  0.00000000  0.0018
     522  0.27272727  0.48484848  0.00000000  0.0018
     523  0.30303030  0.48484848  0.00000000  0.0018
     524  0.33333333  0.48484848  0.00000000  0.0018
     525  0.36363636  0.48484848  0.00000000  0.0018
     526  0.39393939  0.48484848  0.00000000  0.0018
     527  0.42424242  0.48484848  0.00000000  0.0018
     528  0.45454545  0.48484848  0.00000000  0.0018
     529  0.48484848  0.48484848  0.00000000  0.0018
     530 -0.48484848  0.48484848  0.00000000  0.0018
     531 -0.45454545  0.48484848  0.00000000  0.0018
     532 -0.42424242  0.48484848  0.00000000  0.0018
     533 -0.39393939  0.48484848  0.00000000  0.0018
     534 -0.36363636  0.48484848  0.00000000  0.0018
     535 -0.33333333  0.48484848  0.00000000  0.0018
     536 -0.30303030  0.48484848  0.00000000  0.0018
     537 -0.27272727  0.48484848  0.00000000  0.0018
     538 -0.24242424  0.48484848  0.00000000  0.0018
     539 -0.21212121  0.48484848  0.00000000  0.0018
     540 -0.18181818  0.48484848  0.00000000  0.0018
     541 -0.15151515  0.48484848  0.00000000  0.0018
     542 -0.12121212  0.48484848  0.00000000  0.0018
     543 -0.09090909  0.48484848  0.00000000  0.0018
     544 -0.06060606  0.48484848  0.00000000  0.0018
     545 -0.03030303  0.48484848  0.00000000  0.0018


           k-point number in this process = 545
       minimum distributed K point number = 545
starsize: 1
isym: 0 ks_vec: 0 0 0
starsize: 2
isym: 0 ks_vec: 0.030303 0 0
isym: 1 ks_vec: -0.030303 0 0
starsize: 2
isym: 0 ks_vec: 0.0606061 0 0
isym: 1 ks_vec: -0.0606061 0 0
starsize: 2
isym: 0 ks_vec: 0.0909091 0 0
isym: 1 ks_vec: -0.0909091 0 0
starsize: 2
isym: 0 ks_vec: 0.121212 0 0
isym: 1 ks_vec: -0.121212 0 0
starsize: 2
isym: 0 ks_vec: 0.151515 0 0
isym: 1 ks_vec: -0.151515 0 0
starsize: 2
isym: 0 ks_vec: 0.181818 0 0
isym: 1 ks_vec: -0.181818 0 0
starsize: 2
isym: 0 ks_vec: 0.212121 0 0
isym: 1 ks_vec: -0.212121 0 0
starsize: 2
isym: 0 ks_vec: 0.242424 0 0
isym: 1 ks_vec: -0.242424 0 0
starsize: 2
isym: 0 ks_vec: 0.272727 0 0
isym: 1 ks_vec: -0.272727 0 0
starsize: 2
isym: 0 ks_vec: 0.30303 0 0
isym: 1 ks_vec: -0.30303 0 0
starsize: 2
isym: 0 ks_vec: 0.333333 0 0
isym: 1 ks_vec: -0.333333 0 0
starsize: 2
isym: 0 ks_vec: 0.363636 0 0
isym: 1 ks_vec: -0.363636 0 0
starsize: 2
isym: 0 ks_vec: 0.393939 0 0
isym: 1 ks_vec: -0.393939 0 0
starsize: 2
isym: 0 ks_vec: 0.424242 0 0
isym: 1 ks_vec: -0.424242 0 0
starsize: 2
isym: 0 ks_vec: 0.454545 0 0
isym: 1 ks_vec: -0.454545 0 0
starsize: 2
isym: 0 ks_vec: 0.484848 0 0
isym: 1 ks_vec: -0.484848 0 0
starsize: 2
isym: 0 ks_vec: 0 0.030303 0
isym: 1 ks_vec: 0 -0.030303 0
starsize: 2
isym: 0 ks_vec: 0.030303 0.030303 0
isym: 1 ks_vec: -0.030303 -0.030303 0
starsize: 2
isym: 0 ks_vec: 0.0606061 0.030303 0
isym: 1 ks_vec: -0.0606061 -0.030303 0
starsize: 2
isym: 0 ks_vec: 0.0909091 0.030303 0
isym: 1 ks_vec: -0.0909091 -0.030303 0
starsize: 2
isym: 0 ks_vec: 0.121212 0.030303 0
isym: 1 ks_vec: -0.121212 -0.030303 0
starsize: 2
isym: 0 ks_vec: 0.151515 0.030303 0
isym: 1 ks_vec: -0.151515 -0.030303 0
starsize: 2
isym: 0 ks_vec: 0.181818 0.030303 0
isym: 1 ks_vec: -0.181818 -0.030303 0
starsize: 2
isym: 0 ks_vec: 0.212121 0.030303 0
isym: 1 ks_vec: -0.212121 -0.030303 0
starsize: 2
isym: 0 ks_vec: 0.242424 0.030303 0
isym: 1 ks_vec: -0.242424 -0.030303 0
starsize: 2
isym: 0 ks_vec: 0.272727 0.030303 0
isym: 1 ks_vec: -0.272727 -0.030303 0
starsize: 2
isym: 0 ks_vec: 0.30303 0.030303 0
isym: 1 ks_vec: -0.30303 -0.030303 0
starsize: 2
isym: 0 ks_vec: 0.333333 0.030303 0
isym: 1 ks_vec: -0.333333 -0.030303 0
starsize: 2
isym: 0 ks_vec: 0.363636 0.030303 0
isym: 1 ks_vec: -0.363636 -0.030303 0
starsize: 2
isym: 0 ks_vec: 0.393939 0.030303 0
isym: 1 ks_vec: -0.393939 -0.030303 0
starsize: 2
isym: 0 ks_vec: 0.424242 0.030303 0
isym: 1 ks_vec: -0.424242 -0.030303 0
starsize: 2
isym: 0 ks_vec: 0.454545 0.030303 0
isym: 1 ks_vec: -0.454545 -0.030303 0
starsize: 2
isym: 0 ks_vec: 0.484848 0.030303 0
isym: 1 ks_vec: -0.484848 -0.030303 0
starsize: 2
isym: 0 ks_vec: 0.484848 -0.030303 0
isym: 1 ks_vec: -0.484848 0.030303 0
starsize: 2
isym: 0 ks_vec: 0.454545 -0.030303 0
isym: 1 ks_vec: -0.454545 0.030303 0
starsize: 2
isym: 0 ks_vec: 0.424242 -0.030303 0
isym: 1 ks_vec: -0.424242 0.030303 0
starsize: 2
isym: 0 ks_vec: 0.393939 -0.030303 0
isym: 1 ks_vec: -0.393939 0.030303 0
starsize: 2
isym: 0 ks_vec: 0.363636 -0.030303 0
isym: 1 ks_vec: -0.363636 0.030303 0
starsize: 2
isym: 0 ks_vec: 0.333333 -0.030303 0
isym: 1 ks_vec: -0.333333 0.030303 0
starsize: 2
isym: 0 ks_vec: 0.30303 -0.030303 0
isym: 1 ks_vec: -0.30303 0.030303 0
starsize: 2
isym: 0 ks_vec: 0.272727 -0.030303 0
isym: 1 ks_vec: -0.272727 0.030303 0
starsize: 2
isym: 0 ks_vec: 0.242424 -0.030303 0
isym: 1 ks_vec: -0.242424 0.030303 0
starsize: 2
isym: 0 ks_vec: 0.212121 -0.030303 0
isym: 1 ks_vec: -0.212121 0.030303 0
starsize: 2
isym: 0 ks_vec: 0.181818 -0.030303 0
isym: 1 ks_vec: -0.181818 0.030303 0
starsize: 2
isym: 0 ks_vec: 0.151515 -0.030303 0
isym: 1 ks_vec: -0.151515 0.030303 0
starsize: 2
isym: 0 ks_vec: 0.121212 -0.030303 0
isym: 1 ks_vec: -0.121212 0.030303 0
starsize: 2
isym: 0 ks_vec: 0.0909091 -0.030303 0
isym: 1 ks_vec: -0.0909091 0.030303 0
starsize: 2
isym: 0 ks_vec: 0.0606061 -0.030303 0
isym: 1 ks_vec: -0.0606061 0.030303 0
starsize: 2
isym: 0 ks_vec: -0.030303 0.030303 0
isym: 1 ks_vec: 0.030303 -0.030303 0
starsize: 2
isym: 0 ks_vec: 0 0.0606061 0
isym: 1 ks_vec: 0 -0.0606061 0
starsize: 2
isym: 0 ks_vec: 0.030303 0.0606061 0
isym: 1 ks_vec: -0.030303 -0.0606061 0
starsize: 2
isym: 0 ks_vec: 0.0606061 0.0606061 0
isym: 1 ks_vec: -0.0606061 -0.0606061 0
starsize: 2
isym: 0 ks_vec: 0.0909091 0.0606061 0
isym: 1 ks_vec: -0.0909091 -0.0606061 0
starsize: 2
isym: 0 ks_vec: 0.121212 0.0606061 0
isym: 1 ks_vec: -0.121212 -0.0606061 0
starsize: 2
isym: 0 ks_vec: 0.151515 0.0606061 0
isym: 1 ks_vec: -0.151515 -0.0606061 0
starsize: 2
isym: 0 ks_vec: 0.181818 0.0606061 0
isym: 1 ks_vec: -0.181818 -0.0606061 0
starsize: 2
isym: 0 ks_vec: 0.212121 0.0606061 0
isym: 1 ks_vec: -0.212121 -0.0606061 0
starsize: 2
isym: 0 ks_vec: 0.242424 0.0606061 0
isym: 1 ks_vec: -0.242424 -0.0606061 0
starsize: 2
isym: 0 ks_vec: 0.272727 0.0606061 0
isym: 1 ks_vec: -0.272727 -0.0606061 0
starsize: 2
isym: 0 ks_vec: 0.30303 0.0606061 0
isym: 1 ks_vec: -0.30303 -0.0606061 0
starsize: 2
isym: 0 ks_vec: 0.333333 0.0606061 0
isym: 1 ks_vec: -0.333333 -0.0606061 0
starsize: 2
isym: 0 ks_vec: 0.363636 0.0606061 0
isym: 1 ks_vec: -0.363636 -0.0606061 0
starsize: 2
isym: 0 ks_vec: 0.393939 0.0606061 0
isym: 1 ks_vec: -0.393939 -0.0606061 0
starsize: 2
isym: 0 ks_vec: 0.424242 0.0606061 0
isym: 1 ks_vec: -0.424242 -0.0606061 0
starsize: 2
isym: 0 ks_vec: 0.454545 0.0606061 0
isym: 1 ks_vec: -0.454545 -0.0606061 0
starsize: 2
isym: 0 ks_vec: 0.484848 0.0606061 0
isym: 1 ks_vec: -0.484848 -0.0606061 0
starsize: 2
isym: 0 ks_vec: 0.484848 -0.0606061 0
isym: 1 ks_vec: -0.484848 0.0606061 0
starsize: 2
isym: 0 ks_vec: 0.454545 -0.0606061 0
isym: 1 ks_vec: -0.454545 0.0606061 0
starsize: 2
isym: 0 ks_vec: 0.424242 -0.0606061 0
isym: 1 ks_vec: -0.424242 0.0606061 0
starsize: 2
isym: 0 ks_vec: 0.393939 -0.0606061 0
isym: 1 ks_vec: -0.393939 0.0606061 0
starsize: 2
isym: 0 ks_vec: 0.363636 -0.0606061 0
isym: 1 ks_vec: -0.363636 0.0606061 0
starsize: 2
isym: 0 ks_vec: 0.333333 -0.0606061 0
isym: 1 ks_vec: -0.333333 0.0606061 0
starsize: 2
isym: 0 ks_vec: 0.30303 -0.0606061 0
isym: 1 ks_vec: -0.30303 0.0606061 0
starsize: 2
isym: 0 ks_vec: 0.272727 -0.0606061 0
isym: 1 ks_vec: -0.272727 0.0606061 0
starsize: 2
isym: 0 ks_vec: 0.242424 -0.0606061 0
isym: 1 ks_vec: -0.242424 0.0606061 0
starsize: 2
isym: 0 ks_vec: 0.212121 -0.0606061 0
isym: 1 ks_vec: -0.212121 0.0606061 0
starsize: 2
isym: 0 ks_vec: 0.181818 -0.0606061 0
isym: 1 ks_vec: -0.181818 0.0606061 0
starsize: 2
isym: 0 ks_vec: 0.151515 -0.0606061 0
isym: 1 ks_vec: -0.151515 0.0606061 0
starsize: 2
isym: 0 ks_vec: 0.121212 -0.0606061 0
isym: 1 ks_vec: -0.121212 0.0606061 0
starsize: 2
isym: 0 ks_vec: 0.0909091 -0.0606061 0
isym: 1 ks_vec: -0.0909091 0.0606061 0
starsize: 2
isym: 0 ks_vec: -0.0606061 0.0606061 0
isym: 1 ks_vec: 0.0606061 -0.0606061 0
starsize: 2
isym: 0 ks_vec: -0.030303 0.0606061 0
isym: 1 ks_vec: 0.030303 -0.0606061 0
starsize: 2
isym: 0 ks_vec: 0 0.0909091 0
isym: 1 ks_vec: 0 -0.0909091 0
starsize: 2
isym: 0 ks_vec: 0.030303 0.0909091 0
isym: 1 ks_vec: -0.030303 -0.0909091 0
starsize: 2
isym: 0 ks_vec: 0.0606061 0.0909091 0
isym: 1 ks_vec: -0.0606061 -0.0909091 0
starsize: 2
isym: 0 ks_vec: 0.0909091 0.0909091 0
isym: 1 ks_vec: -0.0909091 -0.0909091 0
starsize: 2
isym: 0 ks_vec: 0.121212 0.0909091 0
isym: 1 ks_vec: -0.121212 -0.0909091 0
starsize: 2
isym: 0 ks_vec: 0.151515 0.0909091 0
isym: 1 ks_vec: -0.151515 -0.0909091 0
starsize: 2
isym: 0 ks_vec: 0.181818 0.0909091 0
isym: 1 ks_vec: -0.181818 -0.0909091 0
starsize: 2
isym: 0 ks_vec: 0.212121 0.0909091 0
isym: 1 ks_vec: -0.212121 -0.0909091 0
starsize: 2
isym: 0 ks_vec: 0.242424 0.0909091 0
isym: 1 ks_vec: -0.242424 -0.0909091 0
starsize: 2
isym: 0 ks_vec: 0.272727 0.0909091 0
isym: 1 ks_vec: -0.272727 -0.0909091 0
starsize: 2
isym: 0 ks_vec: 0.30303 0.0909091 0
isym: 1 ks_vec: -0.30303 -0.0909091 0
starsize: 2
isym: 0 ks_vec: 0.333333 0.0909091 0
isym: 1 ks_vec: -0.333333 -0.0909091 0
starsize: 2
isym: 0 ks_vec: 0.363636 0.0909091 0
isym: 1 ks_vec: -0.363636 -0.0909091 0
starsize: 2
isym: 0 ks_vec: 0.393939 0.0909091 0
isym: 1 ks_vec: -0.393939 -0.0909091 0
starsize: 2
isym: 0 ks_vec: 0.424242 0.0909091 0
isym: 1 ks_vec: -0.424242 -0.0909091 0
starsize: 2
isym: 0 ks_vec: 0.454545 0.0909091 0
isym: 1 ks_vec: -0.454545 -0.0909091 0
starsize: 2
isym: 0 ks_vec: 0.484848 0.0909091 0
isym: 1 ks_vec: -0.484848 -0.0909091 0
starsize: 2
isym: 0 ks_vec: 0.484848 -0.0909091 0
isym: 1 ks_vec: -0.484848 0.0909091 0
starsize: 2
isym: 0 ks_vec: 0.454545 -0.0909091 0
isym: 1 ks_vec: -0.454545 0.0909091 0
starsize: 2
isym: 0 ks_vec: 0.424242 -0.0909091 0
isym: 1 ks_vec: -0.424242 0.0909091 0
starsize: 2
isym: 0 ks_vec: 0.393939 -0.0909091 0
isym: 1 ks_vec: -0.393939 0.0909091 0
starsize: 2
isym: 0 ks_vec: 0.363636 -0.0909091 0
isym: 1 ks_vec: -0.363636 0.0909091 0
starsize: 2
isym: 0 ks_vec: 0.333333 -0.0909091 0
isym: 1 ks_vec: -0.333333 0.0909091 0
starsize: 2
isym: 0 ks_vec: 0.30303 -0.0909091 0
isym: 1 ks_vec: -0.30303 0.0909091 0
starsize: 2
isym: 0 ks_vec: 0.272727 -0.0909091 0
isym: 1 ks_vec: -0.272727 0.0909091 0
starsize: 2
isym: 0 ks_vec: 0.242424 -0.0909091 0
isym: 1 ks_vec: -0.242424 0.0909091 0
starsize: 2
isym: 0 ks_vec: 0.212121 -0.0909091 0
isym: 1 ks_vec: -0.212121 0.0909091 0
starsize: 2
isym: 0 ks_vec: 0.181818 -0.0909091 0
isym: 1 ks_vec: -0.181818 0.0909091 0
starsize: 2
isym: 0 ks_vec: 0.151515 -0.0909091 0
isym: 1 ks_vec: -0.151515 0.0909091 0
starsize: 2
isym: 0 ks_vec: 0.121212 -0.0909091 0
isym: 1 ks_vec: -0.121212 0.0909091 0
starsize: 2
isym: 0 ks_vec: -0.0909091 0.0909091 0
isym: 1 ks_vec: 0.0909091 -0.0909091 0
starsize: 2
isym: 0 ks_vec: -0.0606061 0.0909091 0
isym: 1 ks_vec: 0.0606061 -0.0909091 0
starsize: 2
isym: 0 ks_vec: -0.030303 0.0909091 0
isym: 1 ks_vec: 0.030303 -0.0909091 0
starsize: 2
isym: 0 ks_vec: 0 0.121212 0
isym: 1 ks_vec: 0 -0.121212 0
starsize: 2
isym: 0 ks_vec: 0.030303 0.121212 0
isym: 1 ks_vec: -0.030303 -0.121212 0
starsize: 2
isym: 0 ks_vec: 0.0606061 0.121212 0
isym: 1 ks_vec: -0.0606061 -0.121212 0
starsize: 2
isym: 0 ks_vec: 0.0909091 0.121212 0
isym: 1 ks_vec: -0.0909091 -0.121212 0
starsize: 2
isym: 0 ks_vec: 0.121212 0.121212 0
isym: 1 ks_vec: -0.121212 -0.121212 0
starsize: 2
isym: 0 ks_vec: 0.151515 0.121212 0
isym: 1 ks_vec: -0.151515 -0.121212 0
starsize: 2
isym: 0 ks_vec: 0.181818 0.121212 0
isym: 1 ks_vec: -0.181818 -0.121212 0
starsize: 2
isym: 0 ks_vec: 0.212121 0.121212 0
isym: 1 ks_vec: -0.212121 -0.121212 0
starsize: 2
isym: 0 ks_vec: 0.242424 0.121212 0
isym: 1 ks_vec: -0.242424 -0.121212 0
starsize: 2
isym: 0 ks_vec: 0.272727 0.121212 0
isym: 1 ks_vec: -0.272727 -0.121212 0
starsize: 2
isym: 0 ks_vec: 0.30303 0.121212 0
isym: 1 ks_vec: -0.30303 -0.121212 0
starsize: 2
isym: 0 ks_vec: 0.333333 0.121212 0
isym: 1 ks_vec: -0.333333 -0.121212 0
starsize: 2
isym: 0 ks_vec: 0.363636 0.121212 0
isym: 1 ks_vec: -0.363636 -0.121212 0
starsize: 2
isym: 0 ks_vec: 0.393939 0.121212 0
isym: 1 ks_vec: -0.393939 -0.121212 0
starsize: 2
isym: 0 ks_vec: 0.424242 0.121212 0
isym: 1 ks_vec: -0.424242 -0.121212 0
starsize: 2
isym: 0 ks_vec: 0.454545 0.121212 0
isym: 1 ks_vec: -0.454545 -0.121212 0
starsize: 2
isym: 0 ks_vec: 0.484848 0.121212 0
isym: 1 ks_vec: -0.484848 -0.121212 0
starsize: 2
isym: 0 ks_vec: 0.484848 -0.121212 0
isym: 1 ks_vec: -0.484848 0.121212 0
starsize: 2
isym: 0 ks_vec: 0.454545 -0.121212 0
isym: 1 ks_vec: -0.454545 0.121212 0
starsize: 2
isym: 0 ks_vec: 0.424242 -0.121212 0
isym: 1 ks_vec: -0.424242 0.121212 0
starsize: 2
isym: 0 ks_vec: 0.393939 -0.121212 0
isym: 1 ks_vec: -0.393939 0.121212 0
starsize: 2
isym: 0 ks_vec: 0.363636 -0.121212 0
isym: 1 ks_vec: -0.363636 0.121212 0
starsize: 2
isym: 0 ks_vec: 0.333333 -0.121212 0
isym: 1 ks_vec: -0.333333 0.121212 0
starsize: 2
isym: 0 ks_vec: 0.30303 -0.121212 0
isym: 1 ks_vec: -0.30303 0.121212 0
starsize: 2
isym: 0 ks_vec: 0.272727 -0.121212 0
isym: 1 ks_vec: -0.272727 0.121212 0
starsize: 2
isym: 0 ks_vec: 0.242424 -0.121212 0
isym: 1 ks_vec: -0.242424 0.121212 0
starsize: 2
isym: 0 ks_vec: 0.212121 -0.121212 0
isym: 1 ks_vec: -0.212121 0.121212 0
starsize: 2
isym: 0 ks_vec: 0.181818 -0.121212 0
isym: 1 ks_vec: -0.181818 0.121212 0
starsize: 2
isym: 0 ks_vec: 0.151515 -0.121212 0
isym: 1 ks_vec: -0.151515 0.121212 0
starsize: 2
isym: 0 ks_vec: -0.121212 0.121212 0
isym: 1 ks_vec: 0.121212 -0.121212 0
starsize: 2
isym: 0 ks_vec: -0.0909091 0.121212 0
isym: 1 ks_vec: 0.0909091 -0.121212 0
starsize: 2
isym: 0 ks_vec: -0.0606061 0.121212 0
isym: 1 ks_vec: 0.0606061 -0.121212 0
starsize: 2
isym: 0 ks_vec: -0.030303 0.121212 0
isym: 1 ks_vec: 0.030303 -0.121212 0
starsize: 2
isym: 0 ks_vec: 0 0.151515 0
isym: 1 ks_vec: 0 -0.151515 0
starsize: 2
isym: 0 ks_vec: 0.030303 0.151515 0
isym: 1 ks_vec: -0.030303 -0.151515 0
starsize: 2
isym: 0 ks_vec: 0.0606061 0.151515 0
isym: 1 ks_vec: -0.0606061 -0.151515 0
starsize: 2
isym: 0 ks_vec: 0.0909091 0.151515 0
isym: 1 ks_vec: -0.0909091 -0.151515 0
starsize: 2
isym: 0 ks_vec: 0.121212 0.151515 0
isym: 1 ks_vec: -0.121212 -0.151515 0
starsize: 2
isym: 0 ks_vec: 0.151515 0.151515 0
isym: 1 ks_vec: -0.151515 -0.151515 0
starsize: 2
isym: 0 ks_vec: 0.181818 0.151515 0
isym: 1 ks_vec: -0.181818 -0.151515 0
starsize: 2
isym: 0 ks_vec: 0.212121 0.151515 0
isym: 1 ks_vec: -0.212121 -0.151515 0
starsize: 2
isym: 0 ks_vec: 0.242424 0.151515 0
isym: 1 ks_vec: -0.242424 -0.151515 0
starsize: 2
isym: 0 ks_vec: 0.272727 0.151515 0
isym: 1 ks_vec: -0.272727 -0.151515 0
starsize: 2
isym: 0 ks_vec: 0.30303 0.151515 0
isym: 1 ks_vec: -0.30303 -0.151515 0
starsize: 2
isym: 0 ks_vec: 0.333333 0.151515 0
isym: 1 ks_vec: -0.333333 -0.151515 0
starsize: 2
isym: 0 ks_vec: 0.363636 0.151515 0
isym: 1 ks_vec: -0.363636 -0.151515 0
starsize: 2
isym: 0 ks_vec: 0.393939 0.151515 0
isym: 1 ks_vec: -0.393939 -0.151515 0
starsize: 2
isym: 0 ks_vec: 0.424242 0.151515 0
isym: 1 ks_vec: -0.424242 -0.151515 0
starsize: 2
isym: 0 ks_vec: 0.454545 0.151515 0
isym: 1 ks_vec: -0.454545 -0.151515 0
starsize: 2
isym: 0 ks_vec: 0.484848 0.151515 0
isym: 1 ks_vec: -0.484848 -0.151515 0
starsize: 2
isym: 0 ks_vec: 0.484848 -0.151515 0
isym: 1 ks_vec: -0.484848 0.151515 0
starsize: 2
isym: 0 ks_vec: 0.454545 -0.151515 0
isym: 1 ks_vec: -0.454545 0.151515 0
starsize: 2
isym: 0 ks_vec: 0.424242 -0.151515 0
isym: 1 ks_vec: -0.424242 0.151515 0
starsize: 2
isym: 0 ks_vec: 0.393939 -0.151515 0
isym: 1 ks_vec: -0.393939 0.151515 0
starsize: 2
isym: 0 ks_vec: 0.363636 -0.151515 0
isym: 1 ks_vec: -0.363636 0.151515 0
starsize: 2
isym: 0 ks_vec: 0.333333 -0.151515 0
isym: 1 ks_vec: -0.333333 0.151515 0
starsize: 2
isym: 0 ks_vec: 0.30303 -0.151515 0
isym: 1 ks_vec: -0.30303 0.151515 0
starsize: 2
isym: 0 ks_vec: 0.272727 -0.151515 0
isym: 1 ks_vec: -0.272727 0.151515 0
starsize: 2
isym: 0 ks_vec: 0.242424 -0.151515 0
isym: 1 ks_vec: -0.242424 0.151515 0
starsize: 2
isym: 0 ks_vec: 0.212121 -0.151515 0
isym: 1 ks_vec: -0.212121 0.151515 0
starsize: 2
isym: 0 ks_vec: 0.181818 -0.151515 0
isym: 1 ks_vec: -0.181818 0.151515 0
starsize: 2
isym: 0 ks_vec: -0.151515 0.151515 0
isym: 1 ks_vec: 0.151515 -0.151515 0
starsize: 2
isym: 0 ks_vec: -0.121212 0.151515 0
isym: 1 ks_vec: 0.121212 -0.151515 0
starsize: 2
isym: 0 ks_vec: -0.0909091 0.151515 0
isym: 1 ks_vec: 0.0909091 -0.151515 0
starsize: 2
isym: 0 ks_vec: -0.0606061 0.151515 0
isym: 1 ks_vec: 0.0606061 -0.151515 0
starsize: 2
isym: 0 ks_vec: -0.030303 0.151515 0
isym: 1 ks_vec: 0.030303 -0.151515 0
starsize: 2
isym: 0 ks_vec: 0 0.181818 0
isym: 1 ks_vec: 0 -0.181818 0
starsize: 2
isym: 0 ks_vec: 0.030303 0.181818 0
isym: 1 ks_vec: -0.030303 -0.181818 0
starsize: 2
isym: 0 ks_vec: 0.0606061 0.181818 0
isym: 1 ks_vec: -0.0606061 -0.181818 0
starsize: 2
isym: 0 ks_vec: 0.0909091 0.181818 0
isym: 1 ks_vec: -0.0909091 -0.181818 0
starsize: 2
isym: 0 ks_vec: 0.121212 0.181818 0
isym: 1 ks_vec: -0.121212 -0.181818 0
starsize: 2
isym: 0 ks_vec: 0.151515 0.181818 0
isym: 1 ks_vec: -0.151515 -0.181818 0
starsize: 2
isym: 0 ks_vec: 0.181818 0.181818 0
isym: 1 ks_vec: -0.181818 -0.181818 0
starsize: 2
isym: 0 ks_vec: 0.212121 0.181818 0
isym: 1 ks_vec: -0.212121 -0.181818 0
starsize: 2
isym: 0 ks_vec: 0.242424 0.181818 0
isym: 1 ks_vec: -0.242424 -0.181818 0
starsize: 2
isym: 0 ks_vec: 0.272727 0.181818 0
isym: 1 ks_vec: -0.272727 -0.181818 0
starsize: 2
isym: 0 ks_vec: 0.30303 0.181818 0
isym: 1 ks_vec: -0.30303 -0.181818 0
starsize: 2
isym: 0 ks_vec: 0.333333 0.181818 0
isym: 1 ks_vec: -0.333333 -0.181818 0
starsize: 2
isym: 0 ks_vec: 0.363636 0.181818 0
isym: 1 ks_vec: -0.363636 -0.181818 0
starsize: 2
isym: 0 ks_vec: 0.393939 0.181818 0
isym: 1 ks_vec: -0.393939 -0.181818 0
starsize: 2
isym: 0 ks_vec: 0.424242 0.181818 0
isym: 1 ks_vec: -0.424242 -0.181818 0
starsize: 2
isym: 0 ks_vec: 0.454545 0.181818 0
isym: 1 ks_vec: -0.454545 -0.181818 0
starsize: 2
isym: 0 ks_vec: 0.484848 0.181818 0
isym: 1 ks_vec: -0.484848 -0.181818 0
starsize: 2
isym: 0 ks_vec: 0.484848 -0.181818 0
isym: 1 ks_vec: -0.484848 0.181818 0
starsize: 2
isym: 0 ks_vec: 0.454545 -0.181818 0
isym: 1 ks_vec: -0.454545 0.181818 0
starsize: 2
isym: 0 ks_vec: 0.424242 -0.181818 0
isym: 1 ks_vec: -0.424242 0.181818 0
starsize: 2
isym: 0 ks_vec: 0.393939 -0.181818 0
isym: 1 ks_vec: -0.393939 0.181818 0
starsize: 2
isym: 0 ks_vec: 0.363636 -0.181818 0
isym: 1 ks_vec: -0.363636 0.181818 0
starsize: 2
isym: 0 ks_vec: 0.333333 -0.181818 0
isym: 1 ks_vec: -0.333333 0.181818 0
starsize: 2
isym: 0 ks_vec: 0.30303 -0.181818 0
isym: 1 ks_vec: -0.30303 0.181818 0
starsize: 2
isym: 0 ks_vec: 0.272727 -0.181818 0
isym: 1 ks_vec: -0.272727 0.181818 0
starsize: 2
isym: 0 ks_vec: 0.242424 -0.181818 0
isym: 1 ks_vec: -0.242424 0.181818 0
starsize: 2
isym: 0 ks_vec: 0.212121 -0.181818 0
isym: 1 ks_vec: -0.212121 0.181818 0
starsize: 2
isym: 0 ks_vec: -0.181818 0.181818 0
isym: 1 ks_vec: 0.181818 -0.181818 0
starsize: 2
isym: 0 ks_vec: -0.151515 0.181818 0
isym: 1 ks_vec: 0.151515 -0.181818 0
starsize: 2
isym: 0 ks_vec: -0.121212 0.181818 0
isym: 1 ks_vec: 0.121212 -0.181818 0
starsize: 2
isym: 0 ks_vec: -0.0909091 0.181818 0
isym: 1 ks_vec: 0.0909091 -0.181818 0
starsize: 2
isym: 0 ks_vec: -0.0606061 0.181818 0
isym: 1 ks_vec: 0.0606061 -0.181818 0
starsize: 2
isym: 0 ks_vec: -0.030303 0.181818 0
isym: 1 ks_vec: 0.030303 -0.181818 0
starsize: 2
isym: 0 ks_vec: 0 0.212121 0
isym: 1 ks_vec: 0 -0.212121 0
starsize: 2
isym: 0 ks_vec: 0.030303 0.212121 0
isym: 1 ks_vec: -0.030303 -0.212121 0
starsize: 2
isym: 0 ks_vec: 0.0606061 0.212121 0
isym: 1 ks_vec: -0.0606061 -0.212121 0
starsize: 2
isym: 0 ks_vec: 0.0909091 0.212121 0
isym: 1 ks_vec: -0.0909091 -0.212121 0
starsize: 2
isym: 0 ks_vec: 0.121212 0.212121 0
isym: 1 ks_vec: -0.121212 -0.212121 0
starsize: 2
isym: 0 ks_vec: 0.151515 0.212121 0
isym: 1 ks_vec: -0.151515 -0.212121 0
starsize: 2
isym: 0 ks_vec: 0.181818 0.212121 0
isym: 1 ks_vec: -0.181818 -0.212121 0
starsize: 2
isym: 0 ks_vec: 0.212121 0.212121 0
isym: 1 ks_vec: -0.212121 -0.212121 0
starsize: 2
isym: 0 ks_vec: 0.242424 0.212121 0
isym: 1 ks_vec: -0.242424 -0.212121 0
starsize: 2
isym: 0 ks_vec: 0.272727 0.212121 0
isym: 1 ks_vec: -0.272727 -0.212121 0
starsize: 2
isym: 0 ks_vec: 0.30303 0.212121 0
isym: 1 ks_vec: -0.30303 -0.212121 0
starsize: 2
isym: 0 ks_vec: 0.333333 0.212121 0
isym: 1 ks_vec: -0.333333 -0.212121 0
starsize: 2
isym: 0 ks_vec: 0.363636 0.212121 0
isym: 1 ks_vec: -0.363636 -0.212121 0
starsize: 2
isym: 0 ks_vec: 0.393939 0.212121 0
isym: 1 ks_vec: -0.393939 -0.212121 0
starsize: 2
isym: 0 ks_vec: 0.424242 0.212121 0
isym: 1 ks_vec: -0.424242 -0.212121 0
starsize: 2
isym: 0 ks_vec: 0.454545 0.212121 0
isym: 1 ks_vec: -0.454545 -0.212121 0
starsize: 2
isym: 0 ks_vec: 0.484848 0.212121 0
isym: 1 ks_vec: -0.484848 -0.212121 0
starsize: 2
isym: 0 ks_vec: 0.484848 -0.212121 0
isym: 1 ks_vec: -0.484848 0.212121 0
starsize: 2
isym: 0 ks_vec: 0.454545 -0.212121 0
isym: 1 ks_vec: -0.454545 0.212121 0
starsize: 2
isym: 0 ks_vec: 0.424242 -0.212121 0
isym: 1 ks_vec: -0.424242 0.212121 0
starsize: 2
isym: 0 ks_vec: 0.393939 -0.212121 0
isym: 1 ks_vec: -0.393939 0.212121 0
starsize: 2
isym: 0 ks_vec: 0.363636 -0.212121 0
isym: 1 ks_vec: -0.363636 0.212121 0
starsize: 2
isym: 0 ks_vec: 0.333333 -0.212121 0
isym: 1 ks_vec: -0.333333 0.212121 0
starsize: 2
isym: 0 ks_vec: 0.30303 -0.212121 0
isym: 1 ks_vec: -0.30303 0.212121 0
starsize: 2
isym: 0 ks_vec: 0.272727 -0.212121 0
isym: 1 ks_vec: -0.272727 0.212121 0
starsize: 2
isym: 0 ks_vec: 0.242424 -0.212121 0
isym: 1 ks_vec: -0.242424 0.212121 0
starsize: 2
isym: 0 ks_vec: -0.212121 0.212121 0
isym: 1 ks_vec: 0.212121 -0.212121 0
starsize: 2
isym: 0 ks_vec: -0.181818 0.212121 0
isym: 1 ks_vec: 0.181818 -0.212121 0
starsize: 2
isym: 0 ks_vec: -0.151515 0.212121 0
isym: 1 ks_vec: 0.151515 -0.212121 0
starsize: 2
isym: 0 ks_vec: -0.121212 0.212121 0
isym: 1 ks_vec: 0.121212 -0.212121 0
starsize: 2
isym: 0 ks_vec: -0.0909091 0.212121 0
isym: 1 ks_vec: 0.0909091 -0.212121 0
starsize: 2
isym: 0 ks_vec: -0.0606061 0.212121 0
isym: 1 ks_vec: 0.0606061 -0.212121 0
starsize: 2
isym: 0 ks_vec: -0.030303 0.212121 0
isym: 1 ks_vec: 0.030303 -0.212121 0
starsize: 2
isym: 0 ks_vec: 0 0.242424 0
isym: 1 ks_vec: 0 -0.242424 0
starsize: 2
isym: 0 ks_vec: 0.030303 0.242424 0
isym: 1 ks_vec: -0.030303 -0.242424 0
starsize: 2
isym: 0 ks_vec: 0.0606061 0.242424 0
isym: 1 ks_vec: -0.0606061 -0.242424 0
starsize: 2
isym: 0 ks_vec: 0.0909091 0.242424 0
isym: 1 ks_vec: -0.0909091 -0.242424 0
starsize: 2
isym: 0 ks_vec: 0.121212 0.242424 0
isym: 1 ks_vec: -0.121212 -0.242424 0
starsize: 2
isym: 0 ks_vec: 0.151515 0.242424 0
isym: 1 ks_vec: -0.151515 -0.242424 0
starsize: 2
isym: 0 ks_vec: 0.181818 0.242424 0
isym: 1 ks_vec: -0.181818 -0.242424 0
starsize: 2
isym: 0 ks_vec: 0.212121 0.242424 0
isym: 1 ks_vec: -0.212121 -0.242424 0
starsize: 2
isym: 0 ks_vec: 0.242424 0.242424 0
isym: 1 ks_vec: -0.242424 -0.242424 0
starsize: 2
isym: 0 ks_vec: 0.272727 0.242424 0
isym: 1 ks_vec: -0.272727 -0.242424 0
starsize: 2
isym: 0 ks_vec: 0.30303 0.242424 0
isym: 1 ks_vec: -0.30303 -0.242424 0
starsize: 2
isym: 0 ks_vec: 0.333333 0.242424 0
isym: 1 ks_vec: -0.333333 -0.242424 0
starsize: 2
isym: 0 ks_vec: 0.363636 0.242424 0
isym: 1 ks_vec: -0.363636 -0.242424 0
starsize: 2
isym: 0 ks_vec: 0.393939 0.242424 0
isym: 1 ks_vec: -0.393939 -0.242424 0
starsize: 2
isym: 0 ks_vec: 0.424242 0.242424 0
isym: 1 ks_vec: -0.424242 -0.242424 0
starsize: 2
isym: 0 ks_vec: 0.454545 0.242424 0
isym: 1 ks_vec: -0.454545 -0.242424 0
starsize: 2
isym: 0 ks_vec: 0.484848 0.242424 0
isym: 1 ks_vec: -0.484848 -0.242424 0
starsize: 2
isym: 0 ks_vec: 0.484848 -0.242424 0
isym: 1 ks_vec: -0.484848 0.242424 0
starsize: 2
isym: 0 ks_vec: 0.454545 -0.242424 0
isym: 1 ks_vec: -0.454545 0.242424 0
starsize: 2
isym: 0 ks_vec: 0.424242 -0.242424 0
isym: 1 ks_vec: -0.424242 0.242424 0
starsize: 2
isym: 0 ks_vec: 0.393939 -0.242424 0
isym: 1 ks_vec: -0.393939 0.242424 0
starsize: 2
isym: 0 ks_vec: 0.363636 -0.242424 0
isym: 1 ks_vec: -0.363636 0.242424 0
starsize: 2
isym: 0 ks_vec: 0.333333 -0.242424 0
isym: 1 ks_vec: -0.333333 0.242424 0
starsize: 2
isym: 0 ks_vec: 0.30303 -0.242424 0
isym: 1 ks_vec: -0.30303 0.242424 0
starsize: 2
isym: 0 ks_vec: 0.272727 -0.242424 0
isym: 1 ks_vec: -0.272727 0.242424 0
starsize: 2
isym: 0 ks_vec: -0.242424 0.242424 0
isym: 1 ks_vec: 0.242424 -0.242424 0
starsize: 2
isym: 0 ks_vec: -0.212121 0.242424 0
isym: 1 ks_vec: 0.212121 -0.242424 0
starsize: 2
isym: 0 ks_vec: -0.181818 0.242424 0
isym: 1 ks_vec: 0.181818 -0.242424 0
starsize: 2
isym: 0 ks_vec: -0.151515 0.242424 0
isym: 1 ks_vec: 0.151515 -0.242424 0
starsize: 2
isym: 0 ks_vec: -0.121212 0.242424 0
isym: 1 ks_vec: 0.121212 -0.242424 0
starsize: 2
isym: 0 ks_vec: -0.0909091 0.242424 0
isym: 1 ks_vec: 0.0909091 -0.242424 0
starsize: 2
isym: 0 ks_vec: -0.0606061 0.242424 0
isym: 1 ks_vec: 0.0606061 -0.242424 0
starsize: 2
isym: 0 ks_vec: -0.030303 0.242424 0
isym: 1 ks_vec: 0.030303 -0.242424 0
starsize: 2
isym: 0 ks_vec: 0 0.272727 0
isym: 1 ks_vec: 0 -0.272727 0
starsize: 2
isym: 0 ks_vec: 0.030303 0.272727 0
isym: 1 ks_vec: -0.030303 -0.272727 0
starsize: 2
isym: 0 ks_vec: 0.0606061 0.272727 0
isym: 1 ks_vec: -0.0606061 -0.272727 0
starsize: 2
isym: 0 ks_vec: 0.0909091 0.272727 0
isym: 1 ks_vec: -0.0909091 -0.272727 0
starsize: 2
isym: 0 ks_vec: 0.121212 0.272727 0
isym: 1 ks_vec: -0.121212 -0.272727 0
starsize: 2
isym: 0 ks_vec: 0.151515 0.272727 0
isym: 1 ks_vec: -0.151515 -0.272727 0
starsize: 2
isym: 0 ks_vec: 0.181818 0.272727 0
isym: 1 ks_vec: -0.181818 -0.272727 0
starsize: 2
isym: 0 ks_vec: 0.212121 0.272727 0
isym: 1 ks_vec: -0.212121 -0.272727 0
starsize: 2
isym: 0 ks_vec: 0.242424 0.272727 0
isym: 1 ks_vec: -0.242424 -0.272727 0
starsize: 2
isym: 0 ks_vec: 0.272727 0.272727 0
isym: 1 ks_vec: -0.272727 -0.272727 0
starsize: 2
isym: 0 ks_vec: 0.30303 0.272727 0
isym: 1 ks_vec: -0.30303 -0.272727 0
starsize: 2
isym: 0 ks_vec: 0.333333 0.272727 0
isym: 1 ks_vec: -0.333333 -0.272727 0
starsize: 2
isym: 0 ks_vec: 0.363636 0.272727 0
isym: 1 ks_vec: -0.363636 -0.272727 0
starsize: 2
isym: 0 ks_vec: 0.393939 0.272727 0
isym: 1 ks_vec: -0.393939 -0.272727 0
starsize: 2
isym: 0 ks_vec: 0.424242 0.272727 0
isym: 1 ks_vec: -0.424242 -0.272727 0
starsize: 2
isym: 0 ks_vec: 0.454545 0.272727 0
isym: 1 ks_vec: -0.454545 -0.272727 0
starsize: 2
isym: 0 ks_vec: 0.484848 0.272727 0
isym: 1 ks_vec: -0.484848 -0.272727 0
starsize: 2
isym: 0 ks_vec: 0.484848 -0.272727 0
isym: 1 ks_vec: -0.484848 0.272727 0
starsize: 2
isym: 0 ks_vec: 0.454545 -0.272727 0
isym: 1 ks_vec: -0.454545 0.272727 0
starsize: 2
isym: 0 ks_vec: 0.424242 -0.272727 0
isym: 1 ks_vec: -0.424242 0.272727 0
starsize: 2
isym: 0 ks_vec: 0.393939 -0.272727 0
isym: 1 ks_vec: -0.393939 0.272727 0
starsize: 2
isym: 0 ks_vec: 0.363636 -0.272727 0
isym: 1 ks_vec: -0.363636 0.272727 0
starsize: 2
isym: 0 ks_vec: 0.333333 -0.272727 0
isym: 1 ks_vec: -0.333333 0.272727 0
starsize: 2
isym: 0 ks_vec: 0.30303 -0.272727 0
isym: 1 ks_vec: -0.30303 0.272727 0
starsize: 2
isym: 0 ks_vec: -0.272727 0.272727 0
isym: 1 ks_vec: 0.272727 -0.272727 0
starsize: 2
isym: 0 ks_vec: -0.242424 0.272727 0
isym: 1 ks_vec: 0.242424 -0.272727 0
starsize: 2
isym: 0 ks_vec: -0.212121 0.272727 0
isym: 1 ks_vec: 0.212121 -0.272727 0
starsize: 2
isym: 0 ks_vec: -0.181818 0.272727 0
isym: 1 ks_vec: 0.181818 -0.272727 0
starsize: 2
isym: 0 ks_vec: -0.151515 0.272727 0
isym: 1 ks_vec: 0.151515 -0.272727 0
starsize: 2
isym: 0 ks_vec: -0.121212 0.272727 0
isym: 1 ks_vec: 0.121212 -0.272727 0
starsize: 2
isym: 0 ks_vec: -0.0909091 0.272727 0
isym: 1 ks_vec: 0.0909091 -0.272727 0
starsize: 2
isym: 0 ks_vec: -0.0606061 0.272727 0
isym: 1 ks_vec: 0.0606061 -0.272727 0
starsize: 2
isym: 0 ks_vec: -0.030303 0.272727 0
isym: 1 ks_vec: 0.030303 -0.272727 0
starsize: 2
isym: 0 ks_vec: 0 0.30303 0
isym: 1 ks_vec: 0 -0.30303 0
starsize: 2
isym: 0 ks_vec: 0.030303 0.30303 0
isym: 1 ks_vec: -0.030303 -0.30303 0
starsize: 2
isym: 0 ks_vec: 0.0606061 0.30303 0
isym: 1 ks_vec: -0.0606061 -0.30303 0
starsize: 2
isym: 0 ks_vec: 0.0909091 0.30303 0
isym: 1 ks_vec: -0.0909091 -0.30303 0
starsize: 2
isym: 0 ks_vec: 0.121212 0.30303 0
isym: 1 ks_vec: -0.121212 -0.30303 0
starsize: 2
isym: 0 ks_vec: 0.151515 0.30303 0
isym: 1 ks_vec: -0.151515 -0.30303 0
starsize: 2
isym: 0 ks_vec: 0.181818 0.30303 0
isym: 1 ks_vec: -0.181818 -0.30303 0
starsize: 2
isym: 0 ks_vec: 0.212121 0.30303 0
isym: 1 ks_vec: -0.212121 -0.30303 0
starsize: 2
isym: 0 ks_vec: 0.242424 0.30303 0
isym: 1 ks_vec: -0.242424 -0.30303 0
starsize: 2
isym: 0 ks_vec: 0.272727 0.30303 0
isym: 1 ks_vec: -0.272727 -0.30303 0
starsize: 2
isym: 0 ks_vec: 0.30303 0.30303 0
isym: 1 ks_vec: -0.30303 -0.30303 0
starsize: 2
isym: 0 ks_vec: 0.333333 0.30303 0
isym: 1 ks_vec: -0.333333 -0.30303 0
starsize: 2
isym: 0 ks_vec: 0.363636 0.30303 0
isym: 1 ks_vec: -0.363636 -0.30303 0
starsize: 2
isym: 0 ks_vec: 0.393939 0.30303 0
isym: 1 ks_vec: -0.393939 -0.30303 0
starsize: 2
isym: 0 ks_vec: 0.424242 0.30303 0
isym: 1 ks_vec: -0.424242 -0.30303 0
starsize: 2
isym: 0 ks_vec: 0.454545 0.30303 0
isym: 1 ks_vec: -0.454545 -0.30303 0
starsize: 2
isym: 0 ks_vec: 0.484848 0.30303 0
isym: 1 ks_vec: -0.484848 -0.30303 0
starsize: 2
isym: 0 ks_vec: 0.484848 -0.30303 0
isym: 1 ks_vec: -0.484848 0.30303 0
starsize: 2
isym: 0 ks_vec: 0.454545 -0.30303 0
isym: 1 ks_vec: -0.454545 0.30303 0
starsize: 2
isym: 0 ks_vec: 0.424242 -0.30303 0
isym: 1 ks_vec: -0.424242 0.30303 0
starsize: 2
isym: 0 ks_vec: 0.393939 -0.30303 0
isym: 1 ks_vec: -0.393939 0.30303 0
starsize: 2
isym: 0 ks_vec: 0.363636 -0.30303 0
isym: 1 ks_vec: -0.363636 0.30303 0
starsize: 2
isym: 0 ks_vec: 0.333333 -0.30303 0
isym: 1 ks_vec: -0.333333 0.30303 0
starsize: 2
isym: 0 ks_vec: -0.30303 0.30303 0
isym: 1 ks_vec: 0.30303 -0.30303 0
starsize: 2
isym: 0 ks_vec: -0.272727 0.30303 0
isym: 1 ks_vec: 0.272727 -0.30303 0
starsize: 2
isym: 0 ks_vec: -0.242424 0.30303 0
isym: 1 ks_vec: 0.242424 -0.30303 0
starsize: 2
isym: 0 ks_vec: -0.212121 0.30303 0
isym: 1 ks_vec: 0.212121 -0.30303 0
starsize: 2
isym: 0 ks_vec: -0.181818 0.30303 0
isym: 1 ks_vec: 0.181818 -0.30303 0
starsize: 2
isym: 0 ks_vec: -0.151515 0.30303 0
isym: 1 ks_vec: 0.151515 -0.30303 0
starsize: 2
isym: 0 ks_vec: -0.121212 0.30303 0
isym: 1 ks_vec: 0.121212 -0.30303 0
starsize: 2
isym: 0 ks_vec: -0.0909091 0.30303 0
isym: 1 ks_vec: 0.0909091 -0.30303 0
starsize: 2
isym: 0 ks_vec: -0.0606061 0.30303 0
isym: 1 ks_vec: 0.0606061 -0.30303 0
starsize: 2
isym: 0 ks_vec: -0.030303 0.30303 0
isym: 1 ks_vec: 0.030303 -0.30303 0
starsize: 2
isym: 0 ks_vec: 0 0.333333 0
isym: 1 ks_vec: 0 -0.333333 0
starsize: 2
isym: 0 ks_vec: 0.030303 0.333333 0
isym: 1 ks_vec: -0.030303 -0.333333 0
starsize: 2
isym: 0 ks_vec: 0.0606061 0.333333 0
isym: 1 ks_vec: -0.0606061 -0.333333 0
starsize: 2
isym: 0 ks_vec: 0.0909091 0.333333 0
isym: 1 ks_vec: -0.0909091 -0.333333 0
starsize: 2
isym: 0 ks_vec: 0.121212 0.333333 0
isym: 1 ks_vec: -0.121212 -0.333333 0
starsize: 2
isym: 0 ks_vec: 0.151515 0.333333 0
isym: 1 ks_vec: -0.151515 -0.333333 0
starsize: 2
isym: 0 ks_vec: 0.181818 0.333333 0
isym: 1 ks_vec: -0.181818 -0.333333 0
starsize: 2
isym: 0 ks_vec: 0.212121 0.333333 0
isym: 1 ks_vec: -0.212121 -0.333333 0
starsize: 2
isym: 0 ks_vec: 0.242424 0.333333 0
isym: 1 ks_vec: -0.242424 -0.333333 0
starsize: 2
isym: 0 ks_vec: 0.272727 0.333333 0
isym: 1 ks_vec: -0.272727 -0.333333 0
starsize: 2
isym: 0 ks_vec: 0.30303 0.333333 0
isym: 1 ks_vec: -0.30303 -0.333333 0
starsize: 2
isym: 0 ks_vec: 0.333333 0.333333 0
isym: 1 ks_vec: -0.333333 -0.333333 0
starsize: 2
isym: 0 ks_vec: 0.363636 0.333333 0
isym: 1 ks_vec: -0.363636 -0.333333 0
starsize: 2
isym: 0 ks_vec: 0.393939 0.333333 0
isym: 1 ks_vec: -0.393939 -0.333333 0
starsize: 2
isym: 0 ks_vec: 0.424242 0.333333 0
isym: 1 ks_vec: -0.424242 -0.333333 0
starsize: 2
isym: 0 ks_vec: 0.454545 0.333333 0
isym: 1 ks_vec: -0.454545 -0.333333 0
starsize: 2
isym: 0 ks_vec: 0.484848 0.333333 0
isym: 1 ks_vec: -0.484848 -0.333333 0
starsize: 2
isym: 0 ks_vec: 0.484848 -0.333333 0
isym: 1 ks_vec: -0.484848 0.333333 0
starsize: 2
isym: 0 ks_vec: 0.454545 -0.333333 0
isym: 1 ks_vec: -0.454545 0.333333 0
starsize: 2
isym: 0 ks_vec: 0.424242 -0.333333 0
isym: 1 ks_vec: -0.424242 0.333333 0
starsize: 2
isym: 0 ks_vec: 0.393939 -0.333333 0
isym: 1 ks_vec: -0.393939 0.333333 0
starsize: 2
isym: 0 ks_vec: 0.363636 -0.333333 0
isym: 1 ks_vec: -0.363636 0.333333 0
starsize: 2
isym: 0 ks_vec: -0.333333 0.333333 0
isym: 1 ks_vec: 0.333333 -0.333333 0
starsize: 2
isym: 0 ks_vec: -0.30303 0.333333 0
isym: 1 ks_vec: 0.30303 -0.333333 0
starsize: 2
isym: 0 ks_vec: -0.272727 0.333333 0
isym: 1 ks_vec: 0.272727 -0.333333 0
starsize: 2
isym: 0 ks_vec: -0.242424 0.333333 0
isym: 1 ks_vec: 0.242424 -0.333333 0
starsize: 2
isym: 0 ks_vec: -0.212121 0.333333 0
isym: 1 ks_vec: 0.212121 -0.333333 0
starsize: 2
isym: 0 ks_vec: -0.181818 0.333333 0
isym: 1 ks_vec: 0.181818 -0.333333 0
starsize: 2
isym: 0 ks_vec: -0.151515 0.333333 0
isym: 1 ks_vec: 0.151515 -0.333333 0
starsize: 2
isym: 0 ks_vec: -0.121212 0.333333 0
isym: 1 ks_vec: 0.121212 -0.333333 0
starsize: 2
isym: 0 ks_vec: -0.0909091 0.333333 0
isym: 1 ks_vec: 0.0909091 -0.333333 0
starsize: 2
isym: 0 ks_vec: -0.0606061 0.333333 0
isym: 1 ks_vec: 0.0606061 -0.333333 0
starsize: 2
isym: 0 ks_vec: -0.030303 0.333333 0
isym: 1 ks_vec: 0.030303 -0.333333 0
starsize: 2
isym: 0 ks_vec: 0 0.363636 0
isym: 1 ks_vec: 0 -0.363636 0
starsize: 2
isym: 0 ks_vec: 0.030303 0.363636 0
isym: 1 ks_vec: -0.030303 -0.363636 0
starsize: 2
isym: 0 ks_vec: 0.0606061 0.363636 0
isym: 1 ks_vec: -0.0606061 -0.363636 0
starsize: 2
isym: 0 ks_vec: 0.0909091 0.363636 0
isym: 1 ks_vec: -0.0909091 -0.363636 0
starsize: 2
isym: 0 ks_vec: 0.121212 0.363636 0
isym: 1 ks_vec: -0.121212 -0.363636 0
starsize: 2
isym: 0 ks_vec: 0.151515 0.363636 0
isym: 1 ks_vec: -0.151515 -0.363636 0
starsize: 2
isym: 0 ks_vec: 0.181818 0.363636 0
isym: 1 ks_vec: -0.181818 -0.363636 0
starsize: 2
isym: 0 ks_vec: 0.212121 0.363636 0
isym: 1 ks_vec: -0.212121 -0.363636 0
starsize: 2
isym: 0 ks_vec: 0.242424 0.363636 0
isym: 1 ks_vec: -0.242424 -0.363636 0
starsize: 2
isym: 0 ks_vec: 0.272727 0.363636 0
isym: 1 ks_vec: -0.272727 -0.363636 0
starsize: 2
isym: 0 ks_vec: 0.30303 0.363636 0
isym: 1 ks_vec: -0.30303 -0.363636 0
starsize: 2
isym: 0 ks_vec: 0.333333 0.363636 0
isym: 1 ks_vec: -0.333333 -0.363636 0
starsize: 2
isym: 0 ks_vec: 0.363636 0.363636 0
isym: 1 ks_vec: -0.363636 -0.363636 0
starsize: 2
isym: 0 ks_vec: 0.393939 0.363636 0
isym: 1 ks_vec: -0.393939 -0.363636 0
starsize: 2
isym: 0 ks_vec: 0.424242 0.363636 0
isym: 1 ks_vec: -0.424242 -0.363636 0
starsize: 2
isym: 0 ks_vec: 0.454545 0.363636 0
isym: 1 ks_vec: -0.454545 -0.363636 0
starsize: 2
isym: 0 ks_vec: 0.484848 0.363636 0
isym: 1 ks_vec: -0.484848 -0.363636 0
starsize: 2
isym: 0 ks_vec: 0.484848 -0.363636 0
isym: 1 ks_vec: -0.484848 0.363636 0
starsize: 2
isym: 0 ks_vec: 0.454545 -0.363636 0
isym: 1 ks_vec: -0.454545 0.363636 0
starsize: 2
isym: 0 ks_vec: 0.424242 -0.363636 0
isym: 1 ks_vec: -0.424242 0.363636 0
starsize: 2
isym: 0 ks_vec: 0.393939 -0.363636 0
isym: 1 ks_vec: -0.393939 0.363636 0
starsize: 2
isym: 0 ks_vec: -0.363636 0.363636 0
isym: 1 ks_vec: 0.363636 -0.363636 0
starsize: 2
isym: 0 ks_vec: -0.333333 0.363636 0
isym: 1 ks_vec: 0.333333 -0.363636 0
starsize: 2
isym: 0 ks_vec: -0.30303 0.363636 0
isym: 1 ks_vec: 0.30303 -0.363636 0
starsize: 2
isym: 0 ks_vec: -0.272727 0.363636 0
isym: 1 ks_vec: 0.272727 -0.363636 0
starsize: 2
isym: 0 ks_vec: -0.242424 0.363636 0
isym: 1 ks_vec: 0.242424 -0.363636 0
starsize: 2
isym: 0 ks_vec: -0.212121 0.363636 0
isym: 1 ks_vec: 0.212121 -0.363636 0
starsize: 2
isym: 0 ks_vec: -0.181818 0.363636 0
isym: 1 ks_vec: 0.181818 -0.363636 0
starsize: 2
isym: 0 ks_vec: -0.151515 0.363636 0
isym: 1 ks_vec: 0.151515 -0.363636 0
starsize: 2
isym: 0 ks_vec: -0.121212 0.363636 0
isym: 1 ks_vec: 0.121212 -0.363636 0
starsize: 2
isym: 0 ks_vec: -0.0909091 0.363636 0
isym: 1 ks_vec: 0.0909091 -0.363636 0
starsize: 2
isym: 0 ks_vec: -0.0606061 0.363636 0
isym: 1 ks_vec: 0.0606061 -0.363636 0
starsize: 2
isym: 0 ks_vec: -0.030303 0.363636 0
isym: 1 ks_vec: 0.030303 -0.363636 0
starsize: 2
isym: 0 ks_vec: 0 0.393939 0
isym: 1 ks_vec: 0 -0.393939 0
starsize: 2
isym: 0 ks_vec: 0.030303 0.393939 0
isym: 1 ks_vec: -0.030303 -0.393939 0
starsize: 2
isym: 0 ks_vec: 0.0606061 0.393939 0
isym: 1 ks_vec: -0.0606061 -0.393939 0
starsize: 2
isym: 0 ks_vec: 0.0909091 0.393939 0
isym: 1 ks_vec: -0.0909091 -0.393939 0
starsize: 2
isym: 0 ks_vec: 0.121212 0.393939 0
isym: 1 ks_vec: -0.121212 -0.393939 0
starsize: 2
isym: 0 ks_vec: 0.151515 0.393939 0
isym: 1 ks_vec: -0.151515 -0.393939 0
starsize: 2
isym: 0 ks_vec: 0.181818 0.393939 0
isym: 1 ks_vec: -0.181818 -0.393939 0
starsize: 2
isym: 0 ks_vec: 0.212121 0.393939 0
isym: 1 ks_vec: -0.212121 -0.393939 0
starsize: 2
isym: 0 ks_vec: 0.242424 0.393939 0
isym: 1 ks_vec: -0.242424 -0.393939 0
starsize: 2
isym: 0 ks_vec: 0.272727 0.393939 0
isym: 1 ks_vec: -0.272727 -0.393939 0
starsize: 2
isym: 0 ks_vec: 0.30303 0.393939 0
isym: 1 ks_vec: -0.30303 -0.393939 0
starsize: 2
isym: 0 ks_vec: 0.333333 0.393939 0
isym: 1 ks_vec: -0.333333 -0.393939 0
starsize: 2
isym: 0 ks_vec: 0.363636 0.393939 0
isym: 1 ks_vec: -0.363636 -0.393939 0
starsize: 2
isym: 0 ks_vec: 0.393939 0.393939 0
isym: 1 ks_vec: -0.393939 -0.393939 0
starsize: 2
isym: 0 ks_vec: 0.424242 0.393939 0
isym: 1 ks_vec: -0.424242 -0.393939 0
starsize: 2
isym: 0 ks_vec: 0.454545 0.393939 0
isym: 1 ks_vec: -0.454545 -0.393939 0
starsize: 2
isym: 0 ks_vec: 0.484848 0.393939 0
isym: 1 ks_vec: -0.484848 -0.393939 0
starsize: 2
isym: 0 ks_vec: 0.484848 -0.393939 0
isym: 1 ks_vec: -0.484848 0.393939 0
starsize: 2
isym: 0 ks_vec: 0.454545 -0.393939 0
isym: 1 ks_vec: -0.454545 0.393939 0
starsize: 2
isym: 0 ks_vec: 0.424242 -0.393939 0
isym: 1 ks_vec: -0.424242 0.393939 0
starsize: 2
isym: 0 ks_vec: -0.393939 0.393939 0
isym: 1 ks_vec: 0.393939 -0.393939 0
starsize: 2
isym: 0 ks_vec: -0.363636 0.393939 0
isym: 1 ks_vec: 0.363636 -0.393939 0
starsize: 2
isym: 0 ks_vec: -0.333333 0.393939 0
isym: 1 ks_vec: 0.333333 -0.393939 0
starsize: 2
isym: 0 ks_vec: -0.30303 0.393939 0
isym: 1 ks_vec: 0.30303 -0.393939 0
starsize: 2
isym: 0 ks_vec: -0.272727 0.393939 0
isym: 1 ks_vec: 0.272727 -0.393939 0
starsize: 2
isym: 0 ks_vec: -0.242424 0.393939 0
isym: 1 ks_vec: 0.242424 -0.393939 0
starsize: 2
isym: 0 ks_vec: -0.212121 0.393939 0
isym: 1 ks_vec: 0.212121 -0.393939 0
starsize: 2
isym: 0 ks_vec: -0.181818 0.393939 0
isym: 1 ks_vec: 0.181818 -0.393939 0
starsize: 2
isym: 0 ks_vec: -0.151515 0.393939 0
isym: 1 ks_vec: 0.151515 -0.393939 0
starsize: 2
isym: 0 ks_vec: -0.121212 0.393939 0
isym: 1 ks_vec: 0.121212 -0.393939 0
starsize: 2
isym: 0 ks_vec: -0.0909091 0.393939 0
isym: 1 ks_vec: 0.0909091 -0.393939 0
starsize: 2
isym: 0 ks_vec: -0.0606061 0.393939 0
isym: 1 ks_vec: 0.0606061 -0.393939 0
starsize: 2
isym: 0 ks_vec: -0.030303 0.393939 0
isym: 1 ks_vec: 0.030303 -0.393939 0
starsize: 2
isym: 0 ks_vec: 0 0.424242 0
isym: 1 ks_vec: 0 -0.424242 0
starsize: 2
isym: 0 ks_vec: 0.030303 0.424242 0
isym: 1 ks_vec: -0.030303 -0.424242 0
starsize: 2
isym: 0 ks_vec: 0.0606061 0.424242 0
isym: 1 ks_vec: -0.0606061 -0.424242 0
starsize: 2
isym: 0 ks_vec: 0.0909091 0.424242 0
isym: 1 ks_vec: -0.0909091 -0.424242 0
starsize: 2
isym: 0 ks_vec: 0.121212 0.424242 0
isym: 1 ks_vec: -0.121212 -0.424242 0
starsize: 2
isym: 0 ks_vec: 0.151515 0.424242 0
isym: 1 ks_vec: -0.151515 -0.424242 0
starsize: 2
isym: 0 ks_vec: 0.181818 0.424242 0
isym: 1 ks_vec: -0.181818 -0.424242 0
starsize: 2
isym: 0 ks_vec: 0.212121 0.424242 0
isym: 1 ks_vec: -0.212121 -0.424242 0
starsize: 2
isym: 0 ks_vec: 0.242424 0.424242 0
isym: 1 ks_vec: -0.242424 -0.424242 0
starsize: 2
isym: 0 ks_vec: 0.272727 0.424242 0
isym: 1 ks_vec: -0.272727 -0.424242 0
starsize: 2
isym: 0 ks_vec: 0.30303 0.424242 0
isym: 1 ks_vec: -0.30303 -0.424242 0
starsize: 2
isym: 0 ks_vec: 0.333333 0.424242 0
isym: 1 ks_vec: -0.333333 -0.424242 0
starsize: 2
isym: 0 ks_vec: 0.363636 0.424242 0
isym: 1 ks_vec: -0.363636 -0.424242 0
starsize: 2
isym: 0 ks_vec: 0.393939 0.424242 0
isym: 1 ks_vec: -0.393939 -0.424242 0
starsize: 2
isym: 0 ks_vec: 0.424242 0.424242 0
isym: 1 ks_vec: -0.424242 -0.424242 0
starsize: 2
isym: 0 ks_vec: 0.454545 0.424242 0
isym: 1 ks_vec: -0.454545 -0.424242 0
starsize: 2
isym: 0 ks_vec: 0.484848 0.424242 0
isym: 1 ks_vec: -0.484848 -0.424242 0
starsize: 2
isym: 0 ks_vec: 0.484848 -0.424242 0
isym: 1 ks_vec: -0.484848 0.424242 0
starsize: 2
isym: 0 ks_vec: 0.454545 -0.424242 0
isym: 1 ks_vec: -0.454545 0.424242 0
starsize: 2
isym: 0 ks_vec: -0.424242 0.424242 0
isym: 1 ks_vec: 0.424242 -0.424242 0
starsize: 2
isym: 0 ks_vec: -0.393939 0.424242 0
isym: 1 ks_vec: 0.393939 -0.424242 0
starsize: 2
isym: 0 ks_vec: -0.363636 0.424242 0
isym: 1 ks_vec: 0.363636 -0.424242 0
starsize: 2
isym: 0 ks_vec: -0.333333 0.424242 0
isym: 1 ks_vec: 0.333333 -0.424242 0
starsize: 2
isym: 0 ks_vec: -0.30303 0.424242 0
isym: 1 ks_vec: 0.30303 -0.424242 0
starsize: 2
isym: 0 ks_vec: -0.272727 0.424242 0
isym: 1 ks_vec: 0.272727 -0.424242 0
starsize: 2
isym: 0 ks_vec: -0.242424 0.424242 0
isym: 1 ks_vec: 0.242424 -0.424242 0
starsize: 2
isym: 0 ks_vec: -0.212121 0.424242 0
isym: 1 ks_vec: 0.212121 -0.424242 0
starsize: 2
isym: 0 ks_vec: -0.181818 0.424242 0
isym: 1 ks_vec: 0.181818 -0.424242 0
starsize: 2
isym: 0 ks_vec: -0.151515 0.424242 0
isym: 1 ks_vec: 0.151515 -0.424242 0
starsize: 2
isym: 0 ks_vec: -0.121212 0.424242 0
isym: 1 ks_vec: 0.121212 -0.424242 0
starsize: 2
isym: 0 ks_vec: -0.0909091 0.424242 0
isym: 1 ks_vec: 0.0909091 -0.424242 0
starsize: 2
isym: 0 ks_vec: -0.0606061 0.424242 0
isym: 1 ks_vec: 0.0606061 -0.424242 0
starsize: 2
isym: 0 ks_vec: -0.030303 0.424242 0
isym: 1 ks_vec: 0.030303 -0.424242 0
starsize: 2
isym: 0 ks_vec: 0 0.454545 0
isym: 1 ks_vec: 0 -0.454545 0
starsize: 2
isym: 0 ks_vec: 0.030303 0.454545 0
isym: 1 ks_vec: -0.030303 -0.454545 0
starsize: 2
isym: 0 ks_vec: 0.0606061 0.454545 0
isym: 1 ks_vec: -0.0606061 -0.454545 0
starsize: 2
isym: 0 ks_vec: 0.0909091 0.454545 0
isym: 1 ks_vec: -0.0909091 -0.454545 0
starsize: 2
isym: 0 ks_vec: 0.121212 0.454545 0
isym: 1 ks_vec: -0.121212 -0.454545 0
starsize: 2
isym: 0 ks_vec: 0.151515 0.454545 0
isym: 1 ks_vec: -0.151515 -0.454545 0
starsize: 2
isym: 0 ks_vec: 0.181818 0.454545 0
isym: 1 ks_vec: -0.181818 -0.454545 0
starsize: 2
isym: 0 ks_vec: 0.212121 0.454545 0
isym: 1 ks_vec: -0.212121 -0.454545 0
starsize: 2
isym: 0 ks_vec: 0.242424 0.454545 0
isym: 1 ks_vec: -0.242424 -0.454545 0
starsize: 2
isym: 0 ks_vec: 0.272727 0.454545 0
isym: 1 ks_vec: -0.272727 -0.454545 0
starsize: 2
isym: 0 ks_vec: 0.30303 0.454545 0
isym: 1 ks_vec: -0.30303 -0.454545 0
starsize: 2
isym: 0 ks_vec: 0.333333 0.454545 0
isym: 1 ks_vec: -0.333333 -0.454545 0
starsize: 2
isym: 0 ks_vec: 0.363636 0.454545 0
isym: 1 ks_vec: -0.363636 -0.454545 0
starsize: 2
isym: 0 ks_vec: 0.393939 0.454545 0
isym: 1 ks_vec: -0.393939 -0.454545 0
starsize: 2
isym: 0 ks_vec: 0.424242 0.454545 0
isym: 1 ks_vec: -0.424242 -0.454545 0
starsize: 2
isym: 0 ks_vec: 0.454545 0.454545 0
isym: 1 ks_vec: -0.454545 -0.454545 0
starsize: 2
isym: 0 ks_vec: 0.484848 0.454545 0
isym: 1 ks_vec: -0.484848 -0.454545 0
starsize: 2
isym: 0 ks_vec: 0.484848 -0.454545 0
isym: 1 ks_vec: -0.484848 0.454545 0
starsize: 2
isym: 0 ks_vec: -0.454545 0.454545 0
isym: 1 ks_vec: 0.454545 -0.454545 0
starsize: 2
isym: 0 ks_vec: -0.424242 0.454545 0
isym: 1 ks_vec: 0.424242 -0.454545 0
starsize: 2
isym: 0 ks_vec: -0.393939 0.454545 0
isym: 1 ks_vec: 0.393939 -0.454545 0
starsize: 2
isym: 0 ks_vec: -0.363636 0.454545 0
isym: 1 ks_vec: 0.363636 -0.454545 0
starsize: 2
isym: 0 ks_vec: -0.333333 0.454545 0
isym: 1 ks_vec: 0.333333 -0.454545 0
starsize: 2
isym: 0 ks_vec: -0.30303 0.454545 0
isym: 1 ks_vec: 0.30303 -0.454545 0
starsize: 2
isym: 0 ks_vec: -0.272727 0.454545 0
isym: 1 ks_vec: 0.272727 -0.454545 0
starsize: 2
isym: 0 ks_vec: -0.242424 0.454545 0
isym: 1 ks_vec: 0.242424 -0.454545 0
starsize: 2
isym: 0 ks_vec: -0.212121 0.454545 0
isym: 1 ks_vec: 0.212121 -0.454545 0
starsize: 2
isym: 0 ks_vec: -0.181818 0.454545 0
isym: 1 ks_vec: 0.181818 -0.454545 0
starsize: 2
isym: 0 ks_vec: -0.151515 0.454545 0
isym: 1 ks_vec: 0.151515 -0.454545 0
starsize: 2
isym: 0 ks_vec: -0.121212 0.454545 0
isym: 1 ks_vec: 0.121212 -0.454545 0
starsize: 2
isym: 0 ks_vec: -0.0909091 0.454545 0
isym: 1 ks_vec: 0.0909091 -0.454545 0
starsize: 2
isym: 0 ks_vec: -0.0606061 0.454545 0
isym: 1 ks_vec: 0.0606061 -0.454545 0
starsize: 2
isym: 0 ks_vec: -0.030303 0.454545 0
isym: 1 ks_vec: 0.030303 -0.454545 0
starsize: 2
isym: 0 ks_vec: 0 0.484848 0
isym: 1 ks_vec: 0 -0.484848 0
starsize: 2
isym: 0 ks_vec: 0.030303 0.484848 0
isym: 1 ks_vec: -0.030303 -0.484848 0
starsize: 2
isym: 0 ks_vec: 0.0606061 0.484848 0
isym: 1 ks_vec: -0.0606061 -0.484848 0
starsize: 2
isym: 0 ks_vec: 0.0909091 0.484848 0
isym: 1 ks_vec: -0.0909091 -0.484848 0
starsize: 2
isym: 0 ks_vec: 0.121212 0.484848 0
isym: 1 ks_vec: -0.121212 -0.484848 0
starsize: 2
isym: 0 ks_vec: 0.151515 0.484848 0
isym: 1 ks_vec: -0.151515 -0.484848 0
starsize: 2
isym: 0 ks_vec: 0.181818 0.484848 0
isym: 1 ks_vec: -0.181818 -0.484848 0
starsize: 2
isym: 0 ks_vec: 0.212121 0.484848 0
isym: 1 ks_vec: -0.212121 -0.484848 0
starsize: 2
isym: 0 ks_vec: 0.242424 0.484848 0
isym: 1 ks_vec: -0.242424 -0.484848 0
starsize: 2
isym: 0 ks_vec: 0.272727 0.484848 0
isym: 1 ks_vec: -0.272727 -0.484848 0
starsize: 2
isym: 0 ks_vec: 0.30303 0.484848 0
isym: 1 ks_vec: -0.30303 -0.484848 0
starsize: 2
isym: 0 ks_vec: 0.333333 0.484848 0
isym: 1 ks_vec: -0.333333 -0.484848 0
starsize: 2
isym: 0 ks_vec: 0.363636 0.484848 0
isym: 1 ks_vec: -0.363636 -0.484848 0
starsize: 2
isym: 0 ks_vec: 0.393939 0.484848 0
isym: 1 ks_vec: -0.393939 -0.484848 0
starsize: 2
isym: 0 ks_vec: 0.424242 0.484848 0
isym: 1 ks_vec: -0.424242 -0.484848 0
starsize: 2
isym: 0 ks_vec: 0.454545 0.484848 0
isym: 1 ks_vec: -0.454545 -0.484848 0
starsize: 2
isym: 0 ks_vec: 0.484848 0.484848 0
isym: 1 ks_vec: -0.484848 -0.484848 0
starsize: 2
isym: 0 ks_vec: -0.484848 0.484848 0
isym: 1 ks_vec: 0.484848 -0.484848 0
starsize: 2
isym: 0 ks_vec: -0.454545 0.484848 0
isym: 1 ks_vec: 0.454545 -0.484848 0
starsize: 2
isym: 0 ks_vec: -0.424242 0.484848 0
isym: 1 ks_vec: 0.424242 -0.484848 0
starsize: 2
isym: 0 ks_vec: -0.393939 0.484848 0
isym: 1 ks_vec: 0.393939 -0.484848 0
starsize: 2
isym: 0 ks_vec: -0.363636 0.484848 0
isym: 1 ks_vec: 0.363636 -0.484848 0
starsize: 2
isym: 0 ks_vec: -0.333333 0.484848 0
isym: 1 ks_vec: 0.333333 -0.484848 0
starsize: 2
isym: 0 ks_vec: -0.30303 0.484848 0
isym: 1 ks_vec: 0.30303 -0.484848 0
starsize: 2
isym: 0 ks_vec: -0.272727 0.484848 0
isym: 1 ks_vec: 0.272727 -0.484848 0
starsize: 2
isym: 0 ks_vec: -0.242424 0.484848 0
isym: 1 ks_vec: 0.242424 -0.484848 0
starsize: 2
isym: 0 ks_vec: -0.212121 0.484848 0
isym: 1 ks_vec: 0.212121 -0.484848 0
starsize: 2
isym: 0 ks_vec: -0.181818 0.484848 0
isym: 1 ks_vec: 0.181818 -0.484848 0
starsize: 2
isym: 0 ks_vec: -0.151515 0.484848 0
isym: 1 ks_vec: 0.151515 -0.484848 0
starsize: 2
isym: 0 ks_vec: -0.121212 0.484848 0
isym: 1 ks_vec: 0.121212 -0.484848 0
starsize: 2
isym: 0 ks_vec: -0.0909091 0.484848 0
isym: 1 ks_vec: 0.0909091 -0.484848 0
starsize: 2
isym: 0 ks_vec: -0.0606061 0.484848 0
isym: 1 ks_vec: 0.0606061 -0.484848 0
starsize: 2
isym: 0 ks_vec: -0.030303 0.484848 0
isym: 1 ks_vec: 0.030303 -0.484848 0

K-POINTS CARTESIAN COORDINATES
 KPOINTS CARTESIAN_X CARTESIAN_Y CARTESIAN_Z  WEIGHT
       1  0.00000000  0.00000000  0.00000000  0.0018
       2  0.00947491 -0.00547034  0.00000000  0.0037
       3  0.01894982 -0.01094068  0.00000000  0.0037
       4  0.02842473 -0.01641102  0.00000000  0.0037
       5  0.03789964 -0.02188137  0.00000000  0.0037
       6  0.04737455 -0.02735171  0.00000000  0.0037
       7  0.05684946 -0.03282205  0.00000000  0.0037
       8  0.06632437 -0.03829239  0.00000000  0.0037
       9  0.07579928 -0.04376273  0.00000000  0.0037
      10  0.08527419 -0.04923307  0.00000000  0.0037
      11  0.09474909 -0.05470342  0.00000000  0.0037
      12  0.10422400 -0.06017376  0.00000000  0.0037
      13  0.11369891 -0.06564410  0.00000000  0.0037
      14  0.12317382 -0.07111444  0.00000000  0.0037
      15  0.13264873 -0.07658478  0.00000000  0.0037
      16  0.14212364 -0.08205512  0.00000000  0.0037
      17  0.15159855 -0.08752546  0.00000000  0.0037
      18  0.00947491  0.00547034  0.00000000  0.0037
      19  0.01894982  0.00000000  0.00000000  0.0037
      20  0.02842473 -0.00547034  0.00000000  0.0037
      21  0.03789964 -0.01094068  0.00000000  0.0037
      22  0.04737455 -0.01641102  0.00000000  0.0037
      23  0.05684946 -0.02188137  0.00000000  0.0037
      24  0.06632437 -0.02735171  0.00000000  0.0037
      25  0.07579928 -0.03282205  0.00000000  0.0037
      26  0.08527419 -0.03829239  0.00000000  0.0037
      27  0.09474909 -0.04376273  0.00000000  0.0037
      28  0.10422400 -0.04923307  0.00000000  0.0037
      29  0.11369891 -0.05470342  0.00000000  0.0037
      30  0.12317382 -0.06017376  0.00000000  0.0037
      31  0.13264873 -0.06564410  0.00000000  0.0037
      32  0.14212364 -0.07111444  0.00000000  0.0037
      33  0.15159855 -0.07658478  0.00000000  0.0037
      34  0.16107346 -0.08205512  0.00000000  0.0037
      35  0.14212364 -0.09299581  0.00000000  0.0037
      36  0.13264873 -0.08752546  0.00000000  0.0037
      37  0.12317382 -0.08205512  0.00000000  0.0037
      38  0.11369891 -0.07658478  0.00000000  0.0037
      39  0.10422400 -0.07111444  0.00000000  0.0037
      40  0.09474909 -0.06564410  0.00000000  0.0037
      41  0.08527419 -0.06017376  0.00000000  0.0037
      42  0.07579928 -0.05470342  0.00000000  0.0037
      43  0.06632437 -0.04923307  0.00000000  0.0037
      44  0.05684946 -0.04376273  0.00000000  0.0037
      45  0.04737455 -0.03829239  0.00000000  0.0037
      46  0.03789964 -0.03282205  0.00000000  0.0037
      47  0.02842473 -0.02735171  0.00000000  0.0037
      48  0.01894982 -0.02188137  0.00000000  0.0037
      49  0.00947491 -0.01641102  0.00000000  0.0037
      50  0.00000000  0.01094068  0.00000000  0.0037
      51  0.01894982  0.01094068  0.00000000  0.0037
      52  0.02842473  0.00547034  0.00000000  0.0037
      53  0.03789964  0.00000000  0.00000000  0.0037
      54  0.04737455 -0.00547034  0.00000000  0.0037
      55  0.05684946 -0.01094068  0.00000000  0.0037
      56  0.06632437 -0.01641102  0.00000000  0.0037
      57  0.07579928 -0.02188137  0.00000000  0.0037
      58  0.08527419 -0.02735171  0.00000000  0.0037
      59  0.09474909 -0.03282205  0.00000000  0.0037
      60  0.10422400 -0.03829239  0.00000000  0.0037
      61  0.11369891 -0.04376273  0.00000000  0.0037
      62  0.12317382 -0.04923307  0.00000000  0.0037
      63  0.13264873 -0.05470342  0.00000000  0.0037
      64  0.14212364 -0.06017376  0.00000000  0.0037
      65  0.15159855 -0.06564410  0.00000000  0.0037
      66  0.16107346 -0.07111444  0.00000000  0.0037
      67  0.17054837 -0.07658478  0.00000000  0.0037
      68  0.13264873 -0.09846615  0.00000000  0.0037
      69  0.12317382 -0.09299581  0.00000000  0.0037
      70  0.11369891 -0.08752546  0.00000000  0.0037
      71  0.10422400 -0.08205512  0.00000000  0.0037
      72  0.09474909 -0.07658478  0.00000000  0.0037
      73  0.08527419 -0.07111444  0.00000000  0.0037
      74  0.07579928 -0.06564410  0.00000000  0.0037
      75  0.06632437 -0.06017376  0.00000000  0.0037
      76  0.05684946 -0.05470342  0.00000000  0.0037
      77  0.04737455 -0.04923307  0.00000000  0.0037
      78  0.03789964 -0.04376273  0.00000000  0.0037
      79  0.02842473 -0.03829239  0.00000000  0.0037
      80  0.01894982 -0.03282205  0.00000000  0.0037
      81  0.00947491 -0.02735171  0.00000000  0.0037
      82  0.00000000  0.02188137  0.00000000  0.0037
      83  0.00947491  0.01641102  0.00000000  0.0037
      84  0.02842473  0.01641102  0.00000000  0.0037
      85  0.03789964  0.01094068  0.00000000  0.0037
      86  0.04737455  0.00547034  0.00000000  0.0037
      87  0.05684946  0.00000000  0.00000000  0.0037
      88  0.06632437 -0.00547034  0.00000000  0.0037
      89  0.07579928 -0.01094068  0.00000000  0.0037
      90  0.08527419 -0.01641102  0.00000000  0.0037
      91  0.09474909 -0.02188137  0.00000000  0.0037
      92  0.10422400 -0.02735171  0.00000000  0.0037
      93  0.11369891 -0.03282205  0.00000000  0.0037
      94  0.12317382 -0.03829239  0.00000000  0.0037
      95  0.13264873 -0.04376273  0.00000000  0.0037
      96  0.14212364 -0.04923307  0.00000000  0.0037
      97  0.15159855 -0.05470342  0.00000000  0.0037
      98  0.16107346 -0.06017376  0.00000000  0.0037
      99  0.17054837 -0.06564410  0.00000000  0.0037
     100  0.18002328 -0.07111444  0.00000000  0.0037
     101  0.12317382 -0.10393649  0.00000000  0.0037
     102  0.11369891 -0.09846615  0.00000000  0.0037
     103  0.10422400 -0.09299581  0.00000000  0.0037
     104  0.09474909 -0.08752546  0.00000000  0.0037
     105  0.08527419 -0.08205512  0.00000000  0.0037
     106  0.07579928 -0.07658478  0.00000000  0.0037
     107  0.06632437 -0.07111444  0.00000000  0.0037
     108  0.05684946 -0.06564410  0.00000000  0.0037
     109  0.04737455 -0.06017376  0.00000000  0.0037
     110  0.03789964 -0.05470342  0.00000000  0.0037
     111  0.02842473 -0.04923307  0.00000000  0.0037
     112  0.01894982 -0.04376273  0.00000000  0.0037
     113  0.00947491 -0.03829239  0.00000000  0.0037
     114  0.00000000  0.03282205  0.00000000  0.0037
     115  0.00947491  0.02735171  0.00000000  0.0037
     116  0.01894982  0.02188137  0.00000000  0.0037
     117  0.03789964  0.02188137  0.00000000  0.0037
     118  0.04737455  0.01641102  0.00000000  0.0037
     119  0.05684946  0.01094068  0.00000000  0.0037
     120  0.06632437  0.00547034  0.00000000  0.0037
     121  0.07579928  0.00000000  0.00000000  0.0037
     122  0.08527419 -0.00547034  0.00000000  0.0037
     123  0.09474909 -0.01094068  0.00000000  0.0037
     124  0.10422400 -0.01641102  0.00000000  0.0037
     125  0.11369891 -0.02188137  0.00000000  0.0037
     126  0.12317382 -0.02735171  0.00000000  0.0037
     127  0.13264873 -0.03282205  0.00000000  0.0037
     128  0.14212364 -0.03829239  0.00000000  0.0037
     129  0.15159855 -0.04376273  0.00000000  0.0037
     130  0.16107346 -0.04923307  0.00000000  0.0037
     131  0.17054837 -0.05470342  0.00000000  0.0037
     132  0.18002328 -0.06017376  0.00000000  0.0037
     133  0.18949819 -0.06564410  0.00000000  0.0037
     134  0.11369891 -0.10940683  0.00000000  0.0037
     135  0.10422400 -0.10393649  0.00000000  0.0037
     136  0.09474909 -0.09846615  0.00000000  0.0037
     137  0.08527419 -0.09299581  0.00000000  0.0037
     138  0.07579928 -0.08752546  0.00000000  0.0037
     139  0.06632437 -0.08205512  0.00000000  0.0037
     140  0.05684946 -0.07658478  0.00000000  0.0037
     141  0.04737455 -0.07111444  0.00000000  0.0037
     142  0.03789964 -0.06564410  0.00000000  0.0037
     143  0.02842473 -0.06017376  0.00000000  0.0037
     144  0.01894982 -0.05470342  0.00000000  0.0037
     145  0.00947491 -0.04923307  0.00000000  0.0037
     146  0.00000000  0.04376273  0.00000000  0.0037
     147  0.00947491  0.03829239  0.00000000  0.0037
     148  0.01894982  0.03282205  0.00000000  0.0037
     149  0.02842473  0.02735171  0.00000000  0.0037
     150  0.04737455  0.02735171  0.00000000  0.0037
     151  0.05684946  0.02188137  0.00000000  0.0037
     152  0.06632437  0.01641102  0.00000000  0.0037
     153  0.07579928  0.01094068  0.00000000  0.0037
     154  0.08527419  0.00547034  0.00000000  0.0037
     155  0.09474909  0.00000000  0.00000000  0.0037
     156  0.10422400 -0.00547034  0.00000000  0.0037
     157  0.11369891 -0.01094068  0.00000000  0.0037
     158  0.12317382 -0.01641102  0.00000000  0.0037
     159  0.13264873 -0.02188137  0.00000000  0.0037
     160  0.14212364 -0.02735171  0.00000000  0.0037
     161  0.15159855 -0.03282205  0.00000000  0.0037
     162  0.16107346 -0.03829239  0.00000000  0.0037
     163  0.17054837 -0.04376273  0.00000000  0.0037
     164  0.18002328 -0.04923307  0.00000000  0.0037
     165  0.18949819 -0.05470342  0.00000000  0.0037
     166  0.19897310 -0.06017376  0.00000000  0.0037
     167  0.10422400 -0.11487717  0.00000000  0.0037
     168  0.09474909 -0.10940683  0.00000000  0.0037
     169  0.08527419 -0.10393649  0.00000000  0.0037
     170  0.07579928 -0.09846615  0.00000000  0.0037
     171  0.06632437 -0.09299581  0.00000000  0.0037
     172  0.05684946 -0.08752546  0.00000000  0.0037
     173  0.04737455 -0.08205512  0.00000000  0.0037
     174  0.03789964 -0.07658478  0.00000000  0.0037
     175  0.02842473 -0.07111444  0.00000000  0.0037
     176  0.01894982 -0.06564410  0.00000000  0.0037
     177  0.00947491 -0.06017376  0.00000000  0.0037
     178  0.00000000  0.05470342  0.00000000  0.0037
     179  0.00947491  0.04923307  0.00000000  0.0037
     180  0.01894982  0.04376273  0.00000000  0.0037
     181  0.02842473  0.03829239  0.00000000  0.0037
     182  0.03789964  0.03282205  0.00000000  0.0037
     183  0.05684946  0.03282205  0.00000000  0.0037
     184  0.06632437  0.02735171  0.00000000  0.0037
     185  0.07579928  0.02188137  0.00000000  0.0037
     186  0.08527419  0.01641102  0.00000000  0.0037
     187  0.09474909  0.01094068  0.00000000  0.0037
     188  0.10422400  0.00547034  0.00000000  0.0037
     189  0.11369891  0.00000000  0.00000000  0.0037
     190  0.12317382 -0.00547034  0.00000000  0.0037
     191  0.13264873 -0.01094068  0.00000000  0.0037
     192  0.14212364 -0.01641102  0.00000000  0.0037
     193  0.15159855 -0.02188137  0.00000000  0.0037
     194  0.16107346 -0.02735171  0.00000000  0.0037
     195  0.17054837 -0.03282205  0.00000000  0.0037
     196  0.18002328 -0.03829239  0.00000000  0.0037
     197  0.18949819 -0.04376273  0.00000000  0.0037
     198  0.19897310 -0.04923307  0.00000000  0.0037
     199  0.20844801 -0.05470342  0.00000000  0.0037
     200  0.09474909 -0.12034751  0.00000000  0.0037
     201  0.08527419 -0.11487717  0.00000000  0.0037
     202  0.07579928 -0.10940683  0.00000000  0.0037
     203  0.06632437 -0.10393649  0.00000000  0.0037
     204  0.05684946 -0.09846615  0.00000000  0.0037
     205  0.04737455 -0.09299581  0.00000000  0.0037
     206  0.03789964 -0.08752546  0.00000000  0.0037
     207  0.02842473 -0.08205512  0.00000000  0.0037
     208  0.01894982 -0.07658478  0.00000000  0.0037
     209  0.00947491 -0.07111444  0.00000000  0.0037
     210  0.00000000  0.06564410  0.00000000  0.0037
     211  0.00947491  0.06017376  0.00000000  0.0037
     212  0.01894982  0.05470342  0.00000000  0.0037
     213  0.02842473  0.04923307  0.00000000  0.0037
     214  0.03789964  0.04376273  0.00000000  0.0037
     215  0.04737455  0.03829239  0.00000000  0.0037
     216  0.06632437  0.03829239  0.00000000  0.0037
     217  0.07579928  0.03282205  0.00000000  0.0037
     218  0.08527419  0.02735171  0.00000000  0.0037
     219  0.09474909  0.02188137  0.00000000  0.0037
     220  0.10422400  0.01641102  0.00000000  0.0037
     221  0.11369891  0.01094068  0.00000000  0.0037
     222  0.12317382  0.00547034  0.00000000  0.0037
     223  0.13264873  0.00000000  0.00000000  0.0037
     224  0.14212364 -0.00547034  0.00000000  0.0037
     225  0.15159855 -0.01094068  0.00000000  0.0037
     226  0.16107346 -0.01641102  0.00000000  0.0037
     227  0.17054837 -0.02188137  0.00000000  0.0037
     228  0.18002328 -0.02735171  0.00000000  0.0037
     229  0.18949819 -0.03282205  0.00000000  0.0037
     230  0.19897310 -0.03829239  0.00000000  0.0037
     231  0.20844801 -0.04376273  0.00000000  0.0037
     232  0.21792292 -0.04923307  0.00000000  0.0037
     233  0.08527419 -0.12581785  0.00000000  0.0037
     234  0.07579928 -0.12034751  0.00000000  0.0037
     235  0.06632437 -0.11487717  0.00000000  0.0037
     236  0.05684946 -0.10940683  0.00000000  0.0037
     237  0.04737455 -0.10393649  0.00000000  0.0037
     238  0.03789964 -0.09846615  0.00000000  0.0037
     239  0.02842473 -0.09299581  0.00000000  0.0037
     240  0.01894982 -0.08752546  0.00000000  0.0037
     241  0.00947491 -0.08205512  0.00000000  0.0037
     242  0.00000000  0.07658478  0.00000000  0.0037
     243  0.00947491  0.07111444  0.00000000  0.0037
     244  0.01894982  0.06564410  0.00000000  0.0037
     245  0.02842473  0.06017376  0.00000000  0.0037
     246  0.03789964  0.05470342  0.00000000  0.0037
     247  0.04737455  0.04923307  0.00000000  0.0037
     248  0.05684946  0.04376273  0.00000000  0.0037
     249  0.07579928  0.04376273  0.00000000  0.0037
     250  0.08527419  0.03829239  0.00000000  0.0037
     251  0.09474909  0.03282205  0.00000000  0.0037
     252  0.10422400  0.02735171  0.00000000  0.0037
     253  0.11369891  0.02188137  0.00000000  0.0037
     254  0.12317382  0.01641102  0.00000000  0.0037
     255  0.13264873  0.01094068  0.00000000  0.0037
     256  0.14212364  0.00547034  0.00000000  0.0037
     257  0.15159855  0.00000000  0.00000000  0.0037
     258  0.16107346 -0.00547034  0.00000000  0.0037
     259  0.17054837 -0.01094068  0.00000000  0.0037
     260  0.18002328 -0.01641102  0.00000000  0.0037
     261  0.18949819 -0.02188137  0.00000000  0.0037
     262  0.19897310 -0.02735171  0.00000000  0.0037
     263  0.20844801 -0.03282205  0.00000000  0.0037
     264  0.21792292 -0.03829239  0.00000000  0.0037
     265  0.22739783 -0.04376273  0.00000000  0.0037
     266  0.07579928 -0.13128820  0.00000000  0.0037
     267  0.06632437 -0.12581785  0.00000000  0.0037
     268  0.05684946 -0.12034751  0.00000000  0.0037
     269  0.04737455 -0.11487717  0.00000000  0.0037
     270  0.03789964 -0.10940683  0.00000000  0.0037
     271  0.02842473 -0.10393649  0.00000000  0.0037
     272  0.01894982 -0.09846615  0.00000000  0.0037
     273  0.00947491 -0.09299581  0.00000000  0.0037
     274  0.00000000  0.08752546  0.00000000  0.0037
     275  0.00947491  0.08205512  0.00000000  0.0037
     276  0.01894982  0.07658478  0.00000000  0.0037
     277  0.02842473  0.07111444  0.00000000  0.0037
     278  0.03789964  0.06564410  0.00000000  0.0037
     279  0.04737455  0.06017376  0.00000000  0.0037
     280  0.05684946  0.05470342  0.00000000  0.0037
     281  0.06632437  0.04923307  0.00000000  0.0037
     282  0.08527419  0.04923307  0.00000000  0.0037
     283  0.09474909  0.04376273  0.00000000  0.0037
     284  0.10422400  0.03829239  0.00000000  0.0037
     285  0.11369891  0.03282205  0.00000000  0.0037
     286  0.12317382  0.02735171  0.00000000  0.0037
     287  0.13264873  0.02188137  0.00000000  0.0037
     288  0.14212364  0.01641102  0.00000000  0.0037
     289  0.15159855  0.01094068  0.00000000  0.0037
     290  0.16107346  0.00547034  0.00000000  0.0037
     291  0.17054837  0.00000000  0.00000000  0.0037
     292  0.18002328 -0.00547034  0.00000000  0.0037
     293  0.18949819 -0.01094068  0.00000000  0.0037
     294  0.19897310 -0.01641102  0.00000000  0.0037
     295  0.20844801 -0.02188137  0.00000000  0.0037
     296  0.21792292 -0.02735171  0.00000000  0.0037
     297  0.22739783 -0.03282205  0.00000000  0.0037
     298  0.23687274 -0.03829239  0.00000000  0.0037
     299  0.06632437 -0.13675854  0.00000000  0.0037
     300  0.05684946 -0.13128820  0.00000000  0.0037
     301  0.04737455 -0.12581785  0.00000000  0.0037
     302  0.03789964 -0.12034751  0.00000000  0.0037
     303  0.02842473 -0.11487717  0.00000000  0.0037
     304  0.01894982 -0.10940683  0.00000000  0.0037
     305  0.00947491 -0.10393649  0.00000000  0.0037
     306  0.00000000  0.09846615  0.00000000  0.0037
     307  0.00947491  0.09299581  0.00000000  0.0037
     308  0.01894982  0.08752546  0.00000000  0.0037
     309  0.02842473  0.08205512  0.00000000  0.0037
     310  0.03789964  0.07658478  0.00000000  0.0037
     311  0.04737455  0.07111444  0.00000000  0.0037
     312  0.05684946  0.06564410  0.00000000  0.0037
     313  0.06632437  0.06017376  0.00000000  0.0037
     314  0.07579928  0.05470342  0.00000000  0.0037
     315  0.09474909  0.05470342  0.00000000  0.0037
     316  0.10422400  0.04923307  0.00000000  0.0037
     317  0.11369891  0.04376273  0.00000000  0.0037
     318  0.12317382  0.03829239  0.00000000  0.0037
     319  0.13264873  0.03282205  0.00000000  0.0037
     320  0.14212364  0.02735171  0.00000000  0.0037
     321  0.15159855  0.02188137  0.00000000  0.0037
     322  0.16107346  0.01641102  0.00000000  0.0037
     323  0.17054837  0.01094068  0.00000000  0.0037
     324  0.18002328  0.00547034  0.00000000  0.0037
     325  0.18949819  0.00000000  0.00000000  0.0037
     326  0.19897310 -0.00547034  0.00000000  0.0037
     327  0.20844801 -0.01094068  0.00000000  0.0037
     328  0.21792292 -0.01641102  0.00000000  0.0037
     329  0.22739783 -0.02188137  0.00000000  0.0037
     330  0.23687274 -0.02735171  0.00000000  0.0037
     331  0.24634765 -0.03282205  0.00000000  0.0037
     332  0.05684946 -0.14222888  0.00000000  0.0037
     333  0.04737455 -0.13675854  0.00000000  0.0037
     334  0.03789964 -0.13128820  0.00000000  0.0037
     335  0.02842473 -0.12581785  0.00000000  0.0037
     336  0.01894982 -0.12034751  0.00000000  0.0037
     337  0.00947491 -0.11487717  0.00000000  0.0037
     338  0.00000000  0.10940683  0.00000000  0.0037
     339  0.00947491  0.10393649  0.00000000  0.0037
     340  0.01894982  0.09846615  0.00000000  0.0037
     341  0.02842473  0.09299581  0.00000000  0.0037
     342  0.03789964  0.08752546  0.00000000  0.0037
     343  0.04737455  0.08205512  0.00000000  0.0037
     344  0.05684946  0.07658478  0.00000000  0.0037
     345  0.06632437  0.07111444  0.00000000  0.0037
     346  0.07579928  0.06564410  0.00000000  0.0037
     347  0.08527419  0.06017376  0.00000000  0.0037
     348  0.10422400  0.06017376  0.00000000  0.0037
     349  0.11369891  0.05470342  0.00000000  0.0037
     350  0.12317382  0.04923307  0.00000000  0.0037
     351  0.13264873  0.04376273  0.00000000  0.0037
     352  0.14212364  0.03829239  0.00000000  0.0037
     353  0.15159855  0.03282205  0.00000000  0.0037
     354  0.16107346  0.02735171  0.00000000  0.0037
     355  0.17054837  0.02188137  0.00000000  0.0037
     356  0.18002328  0.01641102  0.00000000  0.0037
     357  0.18949819  0.01094068  0.00000000  0.0037
     358  0.19897310  0.00547034  0.00000000  0.0037
     359  0.20844801  0.00000000  0.00000000  0.0037
     360  0.21792292 -0.00547034  0.00000000  0.0037
     361  0.22739783 -0.01094068  0.00000000  0.0037
     362  0.23687274 -0.01641102  0.00000000  0.0037
     363  0.24634765 -0.02188137  0.00000000  0.0037
     364  0.25582256 -0.02735171  0.00000000  0.0037
     365  0.04737455 -0.14769922  0.00000000  0.0037
     366  0.03789964 -0.14222888  0.00000000  0.0037
     367  0.02842473 -0.13675854  0.00000000  0.0037
     368  0.01894982 -0.13128820  0.00000000  0.0037
     369  0.00947491 -0.12581785  0.00000000  0.0037
     370  0.00000000  0.12034751  0.00000000  0.0037
     371  0.00947491  0.11487717  0.00000000  0.0037
     372  0.01894982  0.10940683  0.00000000  0.0037
     373  0.02842473  0.10393649  0.00000000  0.0037
     374  0.03789964  0.09846615  0.00000000  0.0037
     375  0.04737455  0.09299581  0.00000000  0.0037
     376  0.05684946  0.08752546  0.00000000  0.0037
     377  0.06632437  0.08205512  0.00000000  0.0037
     378  0.07579928  0.07658478  0.00000000  0.0037
     379  0.08527419  0.07111444  0.00000000  0.0037
     380  0.09474909  0.06564410  0.00000000  0.0037
     381  0.11369891  0.06564410  0.00000000  0.0037
     382  0.12317382  0.06017376  0.00000000  0.0037
     383  0.13264873  0.05470342  0.00000000  0.0037
     384  0.14212364  0.04923307  0.00000000  0.0037
     385  0.15159855  0.04376273  0.00000000  0.0037
     386  0.16107346  0.03829239  0.00000000  0.0037
     387  0.17054837  0.03282205  0.00000000  0.0037
     388  0.18002328  0.02735171  0.00000000  0.0037
     389  0.18949819  0.02188137  0.00000000  0.0037
     390  0.19897310  0.01641102  0.00000000  0.0037
     391  0.20844801  0.01094068  0.00000000  0.0037
     392  0.21792292  0.00547034  0.00000000  0.0037
     393  0.22739783  0.00000000  0.00000000  0.0037
     394  0.23687274 -0.00547034  0.00000000  0.0037
     395  0.24634765 -0.01094068  0.00000000  0.0037
     396  0.25582256 -0.01641102  0.00000000  0.0037
     397  0.26529746 -0.02188137  0.00000000  0.0037
     398  0.03789964 -0.15316956  0.00000000  0.0037
     399  0.02842473 -0.14769922  0.00000000  0.0037
     400  0.01894982 -0.14222888  0.00000000  0.0037
     401  0.00947491 -0.13675854  0.00000000  0.0037
     402  0.00000000  0.13128820  0.00000000  0.0037
     403  0.00947491  0.12581785  0.00000000  0.0037
     404  0.01894982  0.12034751  0.00000000  0.0037
     405  0.02842473  0.11487717  0.00000000  0.0037
     406  0.03789964  0.10940683  0.00000000  0.0037
     407  0.04737455  0.10393649  0.00000000  0.0037
     408  0.05684946  0.09846615  0.00000000  0.0037
     409  0.06632437  0.09299581  0.00000000  0.0037
     410  0.07579928  0.08752546  0.00000000  0.0037
     411  0.08527419  0.08205512  0.00000000  0.0037
     412  0.09474909  0.07658478  0.00000000  0.0037
     413  0.10422400  0.07111444  0.00000000  0.0037
     414  0.12317382  0.07111444  0.00000000  0.0037
     415  0.13264873  0.06564410  0.00000000  0.0037
     416  0.14212364  0.06017376  0.00000000  0.0037
     417  0.15159855  0.05470342  0.00000000  0.0037
     418  0.16107346  0.04923307  0.00000000  0.0037
     419  0.17054837  0.04376273  0.00000000  0.0037
     420  0.18002328  0.03829239  0.00000000  0.0037
     421  0.18949819  0.03282205  0.00000000  0.0037
     422  0.19897310  0.02735171  0.00000000  0.0037
     423  0.20844801  0.02188137  0.00000000  0.0037
     424  0.21792292  0.01641102  0.00000000  0.0037
     425  0.22739783  0.01094068  0.00000000  0.0037
     426  0.23687274  0.00547034  0.00000000  0.0037
     427  0.24634765  0.00000000  0.00000000  0.0037
     428  0.25582256 -0.00547034  0.00000000  0.0037
     429  0.26529746 -0.01094068  0.00000000  0.0037
     430  0.27477237 -0.01641102  0.00000000  0.0037
     431  0.02842473 -0.15863990  0.00000000  0.0037
     432  0.01894982 -0.15316956  0.00000000  0.0037
     433  0.00947491 -0.14769922  0.00000000  0.0037
     434  0.00000000  0.14222888  0.00000000  0.0037
     435  0.00947491  0.13675854  0.00000000  0.0037
     436  0.01894982  0.13128820  0.00000000  0.0037
     437  0.02842473  0.12581785  0.00000000  0.0037
     438  0.03789964  0.12034751  0.00000000  0.0037
     439  0.04737455  0.11487717  0.00000000  0.0037
     440  0.05684946  0.10940683  0.00000000  0.0037
     441  0.06632437  0.10393649  0.00000000  0.0037
     442  0.07579928  0.09846615  0.00000000  0.0037
     443  0.08527419  0.09299581  0.00000000  0.0037
     444  0.09474909  0.08752546  0.00000000  0.0037
     445  0.10422400  0.08205512  0.00000000  0.0037
     446  0.11369891  0.07658478  0.00000000  0.0037
     447  0.13264873  0.07658478  0.00000000  0.0037
     448  0.14212364  0.07111444  0.00000000  0.0037
     449  0.15159855  0.06564410  0.00000000  0.0037
     450  0.16107346  0.06017376  0.00000000  0.0037
     451  0.17054837  0.05470342  0.00000000  0.0037
     452  0.18002328  0.04923307  0.00000000  0.0037
     453  0.18949819  0.04376273  0.00000000  0.0037
     454  0.19897310  0.03829239  0.00000000  0.0037
     455  0.20844801  0.03282205  0.00000000  0.0037
     456  0.21792292  0.02735171  0.00000000  0.0037
     457  0.22739783  0.02188137  0.00000000  0.0037
     458  0.23687274  0.01641102  0.00000000  0.0037
     459  0.24634765  0.01094068  0.00000000  0.0037
     460  0.25582256  0.00547034  0.00000000  0.0037
     461  0.26529746  0.00000000  0.00000000  0.0037
     462  0.27477237 -0.00547034  0.00000000  0.0037
     463  0.28424728 -0.01094068  0.00000000  0.0037
     464  0.01894982 -0.16411025  0.00000000  0.0037
     465  0.00947491 -0.15863990  0.00000000  0.0037
     466  0.00000000  0.15316956  0.00000000  0.0037
     467  0.00947491  0.14769922  0.00000000  0.0037
     468  0.01894982  0.14222888  0.00000000  0.0037
     469  0.02842473  0.13675854  0.00000000  0.0037
     470  0.03789964  0.13128820  0.00000000  0.0037
     471  0.04737455  0.12581785  0.00000000  0.0037
     472  0.05684946  0.12034751  0.00000000  0.0037
     473  0.06632437  0.11487717  0.00000000  0.0037
     474  0.07579928  0.10940683  0.00000000  0.0037
     475  0.08527419  0.10393649  0.00000000  0.0037
     476  0.09474909  0.09846615  0.00000000  0.0037
     477  0.10422400  0.09299581  0.00000000  0.0037
     478  0.11369891  0.08752546  0.00000000  0.0037
     479  0.12317382  0.08205512  0.00000000  0.0037
     480  0.14212364  0.08205512  0.00000000  0.0037
     481  0.15159855  0.07658478  0.00000000  0.0037
     482  0.16107346  0.07111444  0.00000000  0.0037
     483  0.17054837  0.06564410  0.00000000  0.0037
     484  0.18002328  0.06017376  0.00000000  0.0037
     485  0.18949819  0.05470342  0.00000000  0.0037
     486  0.19897310  0.04923307  0.00000000  0.0037
     487  0.20844801  0.04376273  0.00000000  0.0037
     488  0.21792292  0.03829239  0.00000000  0.0037
     489  0.22739783  0.03282205  0.00000000  0.0037
     490  0.23687274  0.02735171  0.00000000  0.0037
     491  0.24634765  0.02188137  0.00000000  0.0037
     492  0.25582256  0.01641102  0.00000000  0.0037
     493  0.26529746  0.01094068  0.00000000  0.0037
     494  0.27477237  0.00547034  0.00000000  0.0037
     495  0.28424728  0.00000000  0.00000000  0.0037
     496  0.29372219 -0.00547034  0.00000000  0.0037
     497  0.00947491 -0.16958059  0.00000000  0.0037
     498  0.00000000  0.16411025  0.00000000  0.0037
     499  0.00947491  0.15863990  0.00000000  0.0037
     500  0.01894982  0.15316956  0.00000000  0.0037
     501  0.02842473  0.14769922  0.00000000  0.0037
     502  0.03789964  0.14222888  0.00000000  0.0037
     503  0.04737455  0.13675854  0.00000000  0.0037
     504  0.05684946  0.13128820  0.00000000  0.0037
     505  0.06632437  0.12581785  0.00000000  0.0037
     506  0.07579928  0.12034751  0.00000000  0.0037
     507  0.08527419  0.11487717  0.00000000  0.0037
     508  0.09474909  0.10940683  0.00000000  0.0037
     509  0.10422400  0.10393649  0.00000000  0.0037
     510  0.11369891  0.09846615  0.00000000  0.0037
     511  0.12317382  0.09299581  0.00000000  0.0037
     512  0.13264873  0.08752546  0.00000000  0.0037
     513  0.15159855  0.08752546  0.00000000  0.0037
     514  0.16107346  0.08205512  0.00000000  0.0037
     515  0.17054837  0.07658478  0.00000000  0.0037
     516  0.18002328  0.07111444  0.00000000  0.0037
     517  0.18949819  0.06564410  0.00000000  0.0037
     518  0.19897310  0.06017376  0.00000000  0.0037
     519  0.20844801  0.05470342  0.00000000  0.0037
     520  0.21792292  0.04923307  0.00000000  0.0037
     521  0.22739783  0.04376273  0.00000000  0.0037
     522  0.23687274  0.03829239  0.00000000  0.0037
     523  0.24634765  0.03282205  0.00000000  0.0037
     524  0.25582256  0.02735171  0.00000000  0.0037
     525  0.26529746  0.02188137  0.00000000  0.0037
     526  0.27477237  0.01641102  0.00000000  0.0037
     527  0.28424728  0.01094068  0.00000000  0.0037
     528  0.29372219  0.00547034  0.00000000  0.0037
     529  0.30319710  0.00000000  0.00000000  0.0037
     530  0.00000000  0.17505093  0.00000000  0.0037
     531  0.00947491  0.16958059  0.00000000  0.0037
     532  0.01894982  0.16411025  0.00000000  0.0037
     533  0.02842473  0.15863990  0.00000000  0.0037
     534  0.03789964  0.15316956  0.00000000  0.0037
     535  0.04737455  0.14769922  0.00000000  0.0037
     536  0.05684946  0.14222888  0.00000000  0.0037
     537  0.06632437  0.13675854  0.00000000  0.0037
     538  0.07579928  0.13128820  0.00000000  0.0037
     539  0.08527419  0.12581785  0.00000000  0.0037
     540  0.09474909  0.12034751  0.00000000  0.0037
     541  0.10422400  0.11487717  0.00000000  0.0037
     542  0.11369891  0.10940683  0.00000000  0.0037
     543  0.12317382  0.10393649  0.00000000  0.0037
     544  0.13264873  0.09846615  0.00000000  0.0037
     545  0.14212364  0.09299581  0.00000000  0.0037


K-POINTS DIRECT COORDINATES
 KPOINTS    DIRECT_X    DIRECT_Y    DIRECT_Z  WEIGHT
       1  0.00000000  0.00000000  0.00000000  0.0018
       2  0.03030303  0.00000000  0.00000000  0.0037
       3  0.06060606  0.00000000  0.00000000  0.0037
       4  0.09090909  0.00000000  0.00000000  0.0037
       5  0.12121212  0.00000000  0.00000000  0.0037
       6  0.15151515  0.00000000  0.00000000  0.0037
       7  0.18181818  0.00000000  0.00000000  0.0037
       8  0.21212121  0.00000000  0.00000000  0.0037
       9  0.24242424  0.00000000  0.00000000  0.0037
      10  0.27272727  0.00000000  0.00000000  0.0037
      11  0.30303030  0.00000000  0.00000000  0.0037
      12  0.33333333  0.00000000  0.00000000  0.0037
      13  0.36363636  0.00000000  0.00000000  0.0037
      14  0.39393939  0.00000000  0.00000000  0.0037
      15  0.42424242  0.00000000  0.00000000  0.0037
      16  0.45454545  0.00000000  0.00000000  0.0037
      17  0.48484848  0.00000000  0.00000000  0.0037
      18  0.00000000  0.03030303  0.00000000  0.0037
      19  0.03030303  0.03030303  0.00000000  0.0037
      20  0.06060606  0.03030303  0.00000000  0.0037
      21  0.09090909  0.03030303  0.00000000  0.0037
      22  0.12121212  0.03030303  0.00000000  0.0037
      23  0.15151515  0.03030303  0.00000000  0.0037
      24  0.18181818  0.03030303  0.00000000  0.0037
      25  0.21212121  0.03030303  0.00000000  0.0037
      26  0.24242424  0.03030303  0.00000000  0.0037
      27  0.27272727  0.03030303  0.00000000  0.0037
      28  0.30303030  0.03030303  0.00000000  0.0037
      29  0.33333333  0.03030303  0.00000000  0.0037
      30  0.36363636  0.03030303  0.00000000  0.0037
      31  0.39393939  0.03030303  0.00000000  0.0037
      32  0.42424242  0.03030303  0.00000000  0.0037
      33  0.45454545  0.03030303  0.00000000  0.0037
      34  0.48484848  0.03030303  0.00000000  0.0037
      35  0.48484848 -0.03030303  0.00000000  0.0037
      36  0.45454545 -0.03030303  0.00000000  0.0037
      37  0.42424242 -0.03030303  0.00000000  0.0037
      38  0.39393939 -0.03030303  0.00000000  0.0037
      39  0.36363636 -0.03030303  0.00000000  0.0037
      40  0.33333333 -0.03030303  0.00000000  0.0037
      41  0.30303030 -0.03030303  0.00000000  0.0037
      42  0.27272727 -0.03030303  0.00000000  0.0037
      43  0.24242424 -0.03030303  0.00000000  0.0037
      44  0.21212121 -0.03030303  0.00000000  0.0037
      45  0.18181818 -0.03030303  0.00000000  0.0037
      46  0.15151515 -0.03030303  0.00000000  0.0037
      47  0.12121212 -0.03030303  0.00000000  0.0037
      48  0.09090909 -0.03030303  0.00000000  0.0037
      49  0.06060606 -0.03030303  0.00000000  0.0037
      50 -0.03030303  0.03030303  0.00000000  0.0037
      51  0.00000000  0.06060606  0.00000000  0.0037
      52  0.03030303  0.06060606  0.00000000  0.0037
      53  0.06060606  0.06060606  0.00000000  0.0037
      54  0.09090909  0.06060606  0.00000000  0.0037
      55  0.12121212  0.06060606  0.00000000  0.0037
      56  0.15151515  0.06060606  0.00000000  0.0037
      57  0.18181818  0.06060606  0.00000000  0.0037
      58  0.21212121  0.06060606  0.00000000  0.0037
      59  0.24242424  0.06060606  0.00000000  0.0037
      60  0.27272727  0.06060606  0.00000000  0.0037
      61  0.30303030  0.06060606  0.00000000  0.0037
      62  0.33333333  0.06060606  0.00000000  0.0037
      63  0.36363636  0.06060606  0.00000000  0.0037
      64  0.39393939  0.06060606  0.00000000  0.0037
      65  0.42424242  0.06060606  0.00000000  0.0037
      66  0.45454545  0.06060606  0.00000000  0.0037
      67  0.48484848  0.06060606  0.00000000  0.0037
      68  0.48484848 -0.06060606  0.00000000  0.0037
      69  0.45454545 -0.06060606  0.00000000  0.0037
      70  0.42424242 -0.06060606  0.00000000  0.0037
      71  0.39393939 -0.06060606  0.00000000  0.0037
      72  0.36363636 -0.06060606  0.00000000  0.0037
      73  0.33333333 -0.06060606  0.00000000  0.0037
      74  0.30303030 -0.06060606  0.00000000  0.0037
      75  0.27272727 -0.06060606  0.00000000  0.0037
      76  0.24242424 -0.06060606  0.00000000  0.0037
      77  0.21212121 -0.06060606  0.00000000  0.0037
      78  0.18181818 -0.06060606  0.00000000  0.0037
      79  0.15151515 -0.06060606  0.00000000  0.0037
      80  0.12121212 -0.06060606  0.00000000  0.0037
      81  0.09090909 -0.06060606  0.00000000  0.0037
      82 -0.06060606  0.06060606  0.00000000  0.0037
      83 -0.03030303  0.06060606  0.00000000  0.0037
      84  0.00000000  0.09090909  0.00000000  0.0037
      85  0.03030303  0.09090909  0.00000000  0.0037
      86  0.06060606  0.09090909  0.00000000  0.0037
      87  0.09090909  0.09090909  0.00000000  0.0037
      88  0.12121212  0.09090909  0.00000000  0.0037
      89  0.15151515  0.09090909  0.00000000  0.0037
      90  0.18181818  0.09090909  0.00000000  0.0037
      91  0.21212121  0.09090909  0.00000000  0.0037
      92  0.24242424  0.09090909  0.00000000  0.0037
      93  0.27272727  0.09090909  0.00000000  0.0037
      94  0.30303030  0.09090909  0.00000000  0.0037
      95  0.33333333  0.09090909  0.00000000  0.0037
      96  0.36363636  0.09090909  0.00000000  0.0037
      97  0.39393939  0.09090909  0.00000000  0.0037
      98  0.42424242  0.09090909  0.00000000  0.0037
      99  0.45454545  0.09090909  0.00000000  0.0037
     100  0.48484848  0.09090909  0.00000000  0.0037
     101  0.48484848 -0.09090909  0.00000000  0.0037
     102  0.45454545 -0.09090909  0.00000000  0.0037
     103  0.42424242 -0.09090909  0.00000000  0.0037
     104  0.39393939 -0.09090909  0.00000000  0.0037
     105  0.36363636 -0.09090909  0.00000000  0.0037
     106  0.33333333 -0.09090909  0.00000000  0.0037
     107  0.30303030 -0.09090909  0.00000000  0.0037
     108  0.27272727 -0.09090909  0.00000000  0.0037
     109  0.24242424 -0.09090909  0.00000000  0.0037
     110  0.21212121 -0.09090909  0.00000000  0.0037
     111  0.18181818 -0.09090909  0.00000000  0.0037
     112  0.15151515 -0.09090909  0.00000000  0.0037
     113  0.12121212 -0.09090909  0.00000000  0.0037
     114 -0.09090909  0.09090909  0.00000000  0.0037
     115 -0.06060606  0.09090909  0.00000000  0.0037
     116 -0.03030303  0.09090909  0.00000000  0.0037
     117  0.00000000  0.12121212  0.00000000  0.0037
     118  0.03030303  0.12121212  0.00000000  0.0037
     119  0.06060606  0.12121212  0.00000000  0.0037
     120  0.09090909  0.12121212  0.00000000  0.0037
     121  0.12121212  0.12121212  0.00000000  0.0037
     122  0.15151515  0.12121212  0.00000000  0.0037
     123  0.18181818  0.12121212  0.00000000  0.0037
     124  0.21212121  0.12121212  0.00000000  0.0037
     125  0.24242424  0.12121212  0.00000000  0.0037
     126  0.27272727  0.12121212  0.00000000  0.0037
     127  0.30303030  0.12121212  0.00000000  0.0037
     128  0.33333333  0.12121212  0.00000000  0.0037
     129  0.36363636  0.12121212  0.00000000  0.0037
     130  0.39393939  0.12121212  0.00000000  0.0037
     131  0.42424242  0.12121212  0.00000000  0.0037
     132  0.45454545  0.12121212  0.00000000  0.0037
     133  0.48484848  0.12121212  0.00000000  0.0037
     134  0.48484848 -0.12121212  0.00000000  0.0037
     135  0.45454545 -0.12121212  0.00000000  0.0037
     136  0.42424242 -0.12121212  0.00000000  0.0037
     137  0.39393939 -0.12121212  0.00000000  0.0037
     138  0.36363636 -0.12121212  0.00000000  0.0037
     139  0.33333333 -0.12121212  0.00000000  0.0037
     140  0.30303030 -0.12121212  0.00000000  0.0037
     141  0.27272727 -0.12121212  0.00000000  0.0037
     142  0.24242424 -0.12121212  0.00000000  0.0037
     143  0.21212121 -0.12121212  0.00000000  0.0037
     144  0.18181818 -0.12121212  0.00000000  0.0037
     145  0.15151515 -0.12121212  0.00000000  0.0037
     146 -0.12121212  0.12121212  0.00000000  0.0037
     147 -0.09090909  0.12121212  0.00000000  0.0037
     148 -0.06060606  0.12121212  0.00000000  0.0037
     149 -0.03030303  0.12121212  0.00000000  0.0037
     150  0.00000000  0.15151515  0.00000000  0.0037
     151  0.03030303  0.15151515  0.00000000  0.0037
     152  0.06060606  0.15151515  0.00000000  0.0037
     153  0.09090909  0.15151515  0.00000000  0.0037
     154  0.12121212  0.15151515  0.00000000  0.0037
     155  0.15151515  0.15151515  0.00000000  0.0037
     156  0.18181818  0.15151515  0.00000000  0.0037
     157  0.21212121  0.15151515  0.00000000  0.0037
     158  0.24242424  0.15151515  0.00000000  0.0037
     159  0.27272727  0.15151515  0.00000000  0.0037
     160  0.30303030  0.15151515  0.00000000  0.0037
     161  0.33333333  0.15151515  0.00000000  0.0037
     162  0.36363636  0.15151515  0.00000000  0.0037
     163  0.39393939  0.15151515  0.00000000  0.0037
     164  0.42424242  0.15151515  0.00000000  0.0037
     165  0.45454545  0.15151515  0.00000000  0.0037
     166  0.48484848  0.15151515  0.00000000  0.0037
     167  0.48484848 -0.15151515  0.00000000  0.0037
     168  0.45454545 -0.15151515  0.00000000  0.0037
     169  0.42424242 -0.15151515  0.00000000  0.0037
     170  0.39393939 -0.15151515  0.00000000  0.0037
     171  0.36363636 -0.15151515  0.00000000  0.0037
     172  0.33333333 -0.15151515  0.00000000  0.0037
     173  0.30303030 -0.15151515  0.00000000  0.0037
     174  0.27272727 -0.15151515  0.00000000  0.0037
     175  0.24242424 -0.15151515  0.00000000  0.0037
     176  0.21212121 -0.15151515  0.00000000  0.0037
     177  0.18181818 -0.15151515  0.00000000  0.0037
     178 -0.15151515  0.15151515  0.00000000  0.0037
     179 -0.12121212  0.15151515  0.00000000  0.0037
     180 -0.09090909  0.15151515  0.00000000  0.0037
     181 -0.06060606  0.15151515  0.00000000  0.0037
     182 -0.03030303  0.15151515  0.00000000  0.0037
     183  0.00000000  0.18181818  0.00000000  0.0037
     184  0.03030303  0.18181818  0.00000000  0.0037
     185  0.06060606  0.18181818  0.00000000  0.0037
     186  0.09090909  0.18181818  0.00000000  0.0037
     187  0.12121212  0.18181818  0.00000000  0.0037
     188  0.15151515  0.18181818  0.00000000  0.0037
     189  0.18181818  0.18181818  0.00000000  0.0037
     190  0.21212121  0.18181818  0.00000000  0.0037
     191  0.24242424  0.18181818  0.00000000  0.0037
     192  0.27272727  0.18181818  0.00000000  0.0037
     193  0.30303030  0.18181818  0.00000000  0.0037
     194  0.33333333  0.18181818  0.00000000  0.0037
     195  0.36363636  0.18181818  0.00000000  0.0037
     196  0.39393939  0.18181818  0.00000000  0.0037
     197  0.42424242  0.18181818  0.00000000  0.0037
     198  0.45454545  0.18181818  0.00000000  0.0037
     199  0.48484848  0.18181818  0.00000000  0.0037
     200  0.48484848 -0.18181818  0.00000000  0.0037
     201  0.45454545 -0.18181818  0.00000000  0.0037
     202  0.42424242 -0.18181818  0.00000000  0.0037
     203  0.39393939 -0.18181818  0.00000000  0.0037
     204  0.36363636 -0.18181818  0.00000000  0.0037
     205  0.33333333 -0.18181818  0.00000000  0.0037
     206  0.30303030 -0.18181818  0.00000000  0.0037
     207  0.27272727 -0.18181818  0.00000000  0.0037
     208  0.24242424 -0.18181818  0.00000000  0.0037
     209  0.21212121 -0.18181818  0.00000000  0.0037
     210 -0.18181818  0.18181818  0.00000000  0.0037
     211 -0.15151515  0.18181818  0.00000000  0.0037
     212 -0.12121212  0.18181818  0.00000000  0.0037
     213 -0.09090909  0.18181818  0.00000000  0.0037
     214 -0.06060606  0.18181818  0.00000000  0.0037
     215 -0.03030303  0.18181818  0.00000000  0.0037
     216  0.00000000  0.21212121  0.00000000  0.0037
     217  0.03030303  0.21212121  0.00000000  0.0037
     218  0.06060606  0.21212121  0.00000000  0.0037
     219  0.09090909  0.21212121  0.00000000  0.0037
     220  0.12121212  0.21212121  0.00000000  0.0037
     221  0.15151515  0.21212121  0.00000000  0.0037
     222  0.18181818  0.21212121  0.00000000  0.0037
     223  0.21212121  0.21212121  0.00000000  0.0037
     224  0.24242424  0.21212121  0.00000000  0.0037
     225  0.27272727  0.21212121  0.00000000  0.0037
     226  0.30303030  0.21212121  0.00000000  0.0037
     227  0.33333333  0.21212121  0.00000000  0.0037
     228  0.36363636  0.21212121  0.00000000  0.0037
     229  0.39393939  0.21212121  0.00000000  0.0037
     230  0.42424242  0.21212121  0.00000000  0.0037
     231  0.45454545  0.21212121  0.00000000  0.0037
     232  0.48484848  0.21212121  0.00000000  0.0037
     233  0.48484848 -0.21212121  0.00000000  0.0037
     234  0.45454545 -0.21212121  0.00000000  0.0037
     235  0.42424242 -0.21212121  0.00000000  0.0037
     236  0.39393939 -0.21212121  0.00000000  0.0037
     237  0.36363636 -0.21212121  0.00000000  0.0037
     238  0.33333333 -0.21212121  0.00000000  0.0037
     239  0.30303030 -0.21212121  0.00000000  0.0037
     240  0.27272727 -0.21212121  0.00000000  0.0037
     241  0.24242424 -0.21212121  0.00000000  0.0037
     242 -0.21212121  0.21212121  0.00000000  0.0037
     243 -0.18181818  0.21212121  0.00000000  0.0037
     244 -0.15151515  0.21212121  0.00000000  0.0037
     245 -0.12121212  0.21212121  0.00000000  0.0037
     246 -0.09090909  0.21212121  0.00000000  0.0037
     247 -0.06060606  0.21212121  0.00000000  0.0037
     248 -0.03030303  0.21212121  0.00000000  0.0037
     249  0.00000000  0.24242424  0.00000000  0.0037
     250  0.03030303  0.24242424  0.00000000  0.0037
     251  0.06060606  0.24242424  0.00000000  0.0037
     252  0.09090909  0.24242424  0.00000000  0.0037
     253  0.12121212  0.24242424  0.00000000  0.0037
     254  0.15151515  0.24242424  0.00000000  0.0037
     255  0.18181818  0.24242424  0.00000000  0.0037
     256  0.21212121  0.24242424  0.00000000  0.0037
     257  0.24242424  0.24242424  0.00000000  0.0037
     258  0.27272727  0.24242424  0.00000000  0.0037
     259  0.30303030  0.24242424  0.00000000  0.0037
     260  0.33333333  0.24242424  0.00000000  0.0037
     261  0.36363636  0.24242424  0.00000000  0.0037
     262  0.39393939  0.24242424  0.00000000  0.0037
     263  0.42424242  0.24242424  0.00000000  0.0037
     264  0.45454545  0.24242424  0.00000000  0.0037
     265  0.48484848  0.24242424  0.00000000  0.0037
     266  0.48484848 -0.24242424  0.00000000  0.0037
     267  0.45454545 -0.24242424  0.00000000  0.0037
     268  0.42424242 -0.24242424  0.00000000  0.0037
     269  0.39393939 -0.24242424  0.00000000  0.0037
     270  0.36363636 -0.24242424  0.00000000  0.0037
     271  0.33333333 -0.24242424  0.00000000  0.0037
     272  0.30303030 -0.24242424  0.00000000  0.0037
     273  0.27272727 -0.24242424  0.00000000  0.0037
     274 -0.24242424  0.24242424  0.00000000  0.0037
     275 -0.21212121  0.24242424  0.00000000  0.0037
     276 -0.18181818  0.24242424  0.00000000  0.0037
     277 -0.15151515  0.24242424  0.00000000  0.0037
     278 -0.12121212  0.24242424  0.00000000  0.0037
     279 -0.09090909  0.24242424  0.00000000  0.0037
     280 -0.06060606  0.24242424  0.00000000  0.0037
     281 -0.03030303  0.24242424  0.00000000  0.0037
     282  0.00000000  0.27272727  0.00000000  0.0037
     283  0.03030303  0.27272727  0.00000000  0.0037
     284  0.06060606  0.27272727  0.00000000  0.0037
     285  0.09090909  0.27272727  0.00000000  0.0037
     286  0.12121212  0.27272727  0.00000000  0.0037
     287  0.15151515  0.27272727  0.00000000  0.0037
     288  0.18181818  0.27272727  0.00000000  0.0037
     289  0.21212121  0.27272727  0.00000000  0.0037
     290  0.24242424  0.27272727  0.00000000  0.0037
     291  0.27272727  0.27272727  0.00000000  0.0037
     292  0.30303030  0.27272727  0.00000000  0.0037
     293  0.33333333  0.27272727  0.00000000  0.0037
     294  0.36363636  0.27272727  0.00000000  0.0037
     295  0.39393939  0.27272727  0.00000000  0.0037
     296  0.42424242  0.27272727  0.00000000  0.0037
     297  0.45454545  0.27272727  0.00000000  0.0037
     298  0.48484848  0.27272727  0.00000000  0.0037
     299  0.48484848 -0.27272727  0.00000000  0.0037
     300  0.45454545 -0.27272727  0.00000000  0.0037
     301  0.42424242 -0.27272727  0.00000000  0.0037
     302  0.39393939 -0.27272727  0.00000000  0.0037
     303  0.36363636 -0.27272727  0.00000000  0.0037
     304  0.33333333 -0.27272727  0.00000000  0.0037
     305  0.30303030 -0.27272727  0.00000000  0.0037
     306 -0.27272727  0.27272727  0.00000000  0.0037
     307 -0.24242424  0.27272727  0.00000000  0.0037
     308 -0.21212121  0.27272727  0.00000000  0.0037
     309 -0.18181818  0.27272727  0.00000000  0.0037
     310 -0.15151515  0.27272727  0.00000000  0.0037
     311 -0.12121212  0.27272727  0.00000000  0.0037
     312 -0.09090909  0.27272727  0.00000000  0.0037
     313 -0.06060606  0.27272727  0.00000000  0.0037
     314 -0.03030303  0.27272727  0.00000000  0.0037
     315  0.00000000  0.30303030  0.00000000  0.0037
     316  0.03030303  0.30303030  0.00000000  0.0037
     317  0.06060606  0.30303030  0.00000000  0.0037
     318  0.09090909  0.30303030  0.00000000  0.0037
     319  0.12121212  0.30303030  0.00000000  0.0037
     320  0.15151515  0.30303030  0.00000000  0.0037
     321  0.18181818  0.30303030  0.00000000  0.0037
     322  0.21212121  0.30303030  0.00000000  0.0037
     323  0.24242424  0.30303030  0.00000000  0.0037
     324  0.27272727  0.30303030  0.00000000  0.0037
     325  0.30303030  0.30303030  0.00000000  0.0037
     326  0.33333333  0.30303030  0.00000000  0.0037
     327  0.36363636  0.30303030  0.00000000  0.0037
     328  0.39393939  0.30303030  0.00000000  0.0037
     329  0.42424242  0.30303030  0.00000000  0.0037
     330  0.45454545  0.30303030  0.00000000  0.0037
     331  0.48484848  0.30303030  0.00000000  0.0037
     332  0.48484848 -0.30303030  0.00000000  0.0037
     333  0.45454545 -0.30303030  0.00000000  0.0037
     334  0.42424242 -0.30303030  0.00000000  0.0037
     335  0.39393939 -0.30303030  0.00000000  0.0037
     336  0.36363636 -0.30303030  0.00000000  0.0037
     337  0.33333333 -0.30303030  0.00000000  0.0037
     338 -0.30303030  0.30303030  0.00000000  0.0037
     339 -0.27272727  0.30303030  0.00000000  0.0037
     340 -0.24242424  0.30303030  0.00000000  0.0037
     341 -0.21212121  0.30303030  0.00000000  0.0037
     342 -0.18181818  0.30303030  0.00000000  0.0037
     343 -0.15151515  0.30303030  0.00000000  0.0037
     344 -0.12121212  0.30303030  0.00000000  0.0037
     345 -0.09090909  0.30303030  0.00000000  0.0037
     346 -0.06060606  0.30303030  0.00000000  0.0037
     347 -0.03030303  0.30303030  0.00000000  0.0037
     348  0.00000000  0.33333333  0.00000000  0.0037
     349  0.03030303  0.33333333  0.00000000  0.0037
     350  0.06060606  0.33333333  0.00000000  0.0037
     351  0.09090909  0.33333333  0.00000000  0.0037
     352  0.12121212  0.33333333  0.00000000  0.0037
     353  0.15151515  0.33333333  0.00000000  0.0037
     354  0.18181818  0.33333333  0.00000000  0.0037
     355  0.21212121  0.33333333  0.00000000  0.0037
     356  0.24242424  0.33333333  0.00000000  0.0037
     357  0.27272727  0.33333333  0.00000000  0.0037
     358  0.30303030  0.33333333  0.00000000  0.0037
     359  0.33333333  0.33333333  0.00000000  0.0037
     360  0.36363636  0.33333333  0.00000000  0.0037
     361  0.39393939  0.33333333  0.00000000  0.0037
     362  0.42424242  0.33333333  0.00000000  0.0037
     363  0.45454545  0.33333333  0.00000000  0.0037
     364  0.48484848  0.33333333  0.00000000  0.0037
     365  0.48484848 -0.33333333  0.00000000  0.0037
     366  0.45454545 -0.33333333  0.00000000  0.0037
     367  0.42424242 -0.33333333  0.00000000  0.0037
     368  0.39393939 -0.33333333  0.00000000  0.0037
     369  0.36363636 -0.33333333  0.00000000  0.0037
     370 -0.33333333  0.33333333  0.00000000  0.0037
     371 -0.30303030  0.33333333  0.00000000  0.0037
     372 -0.27272727  0.33333333  0.00000000  0.0037
     373 -0.24242424  0.33333333  0.00000000  0.0037
     374 -0.21212121  0.33333333  0.00000000  0.0037
     375 -0.18181818  0.33333333  0.00000000  0.0037
     376 -0.15151515  0.33333333  0.00000000  0.0037
     377 -0.12121212  0.33333333  0.00000000  0.0037
     378 -0.09090909  0.33333333  0.00000000  0.0037
     379 -0.06060606  0.33333333  0.00000000  0.0037
     380 -0.03030303  0.33333333  0.00000000  0.0037
     381  0.00000000  0.36363636  0.00000000  0.0037
     382  0.03030303  0.36363636  0.00000000  0.0037
     383  0.06060606  0.36363636  0.00000000  0.0037
     384  0.09090909  0.36363636  0.00000000  0.0037
     385  0.12121212  0.36363636  0.00000000  0.0037
     386  0.15151515  0.36363636  0.00000000  0.0037
     387  0.18181818  0.36363636  0.00000000  0.0037
     388  0.21212121  0.36363636  0.00000000  0.0037
     389  0.24242424  0.36363636  0.00000000  0.0037
     390  0.27272727  0.36363636  0.00000000  0.0037
     391  0.30303030  0.36363636  0.00000000  0.0037
     392  0.33333333  0.36363636  0.00000000  0.0037
     393  0.36363636  0.36363636  0.00000000  0.0037
     394  0.39393939  0.36363636  0.00000000  0.0037
     395  0.42424242  0.36363636  0.00000000  0.0037
     396  0.45454545  0.36363636  0.00000000  0.0037
     397  0.48484848  0.36363636  0.00000000  0.0037
     398  0.48484848 -0.36363636  0.00000000  0.0037
     399  0.45454545 -0.36363636  0.00000000  0.0037
     400  0.42424242 -0.36363636  0.00000000  0.0037
     401  0.39393939 -0.36363636  0.00000000  0.0037
     402 -0.36363636  0.36363636  0.00000000  0.0037
     403 -0.33333333  0.36363636  0.00000000  0.0037
     404 -0.30303030  0.36363636  0.00000000  0.0037
     405 -0.27272727  0.36363636  0.00000000  0.0037
     406 -0.24242424  0.36363636  0.00000000  0.0037
     407 -0.21212121  0.36363636  0.00000000  0.0037
     408 -0.18181818  0.36363636  0.00000000  0.0037
     409 -0.15151515  0.36363636  0.00000000  0.0037
     410 -0.12121212  0.36363636  0.00000000  0.0037
     411 -0.09090909  0.36363636  0.00000000  0.0037
     412 -0.06060606  0.36363636  0.00000000  0.0037
     413 -0.03030303  0.36363636  0.00000000  0.0037
     414  0.00000000  0.39393939  0.00000000  0.0037
     415  0.03030303  0.39393939  0.00000000  0.0037
     416  0.06060606  0.39393939  0.00000000  0.0037
     417  0.09090909  0.39393939  0.00000000  0.0037
     418  0.12121212  0.39393939  0.00000000  0.0037
     419  0.15151515  0.39393939  0.00000000  0.0037
     420  0.18181818  0.39393939  0.00000000  0.0037
     421  0.21212121  0.39393939  0.00000000  0.0037
     422  0.24242424  0.39393939  0.00000000  0.0037
     423  0.27272727  0.39393939  0.00000000  0.0037
     424  0.30303030  0.39393939  0.00000000  0.0037
     425  0.33333333  0.39393939  0.00000000  0.0037
     426  0.36363636  0.39393939  0.00000000  0.0037
     427  0.39393939  0.39393939  0.00000000  0.0037
     428  0.42424242  0.39393939  0.00000000  0.0037
     429  0.45454545  0.39393939  0.00000000  0.0037
     430  0.48484848  0.39393939  0.00000000  0.0037
     431  0.48484848 -0.39393939  0.00000000  0.0037
     432  0.45454545 -0.39393939  0.00000000  0.0037
     433  0.42424242 -0.39393939  0.00000000  0.0037
     434 -0.39393939  0.39393939  0.00000000  0.0037
     435 -0.36363636  0.39393939  0.00000000  0.0037
     436 -0.33333333  0.39393939  0.00000000  0.0037
     437 -0.30303030  0.39393939  0.00000000  0.0037
     438 -0.27272727  0.39393939  0.00000000  0.0037
     439 -0.24242424  0.39393939  0.00000000  0.0037
     440 -0.21212121  0.39393939  0.00000000  0.0037
     441 -0.18181818  0.39393939  0.00000000  0.0037
     442 -0.15151515  0.39393939  0.00000000  0.0037
     443 -0.12121212  0.39393939  0.00000000  0.0037
     444 -0.09090909  0.39393939  0.00000000  0.0037
     445 -0.06060606  0.39393939  0.00000000  0.0037
     446 -0.03030303  0.39393939  0.00000000  0.0037
     447  0.00000000  0.42424242  0.00000000  0.0037
     448  0.03030303  0.42424242  0.00000000  0.0037
     449  0.06060606  0.42424242  0.00000000  0.0037
     450  0.09090909  0.42424242  0.00000000  0.0037
     451  0.12121212  0.42424242  0.00000000  0.0037
     452  0.15151515  0.42424242  0.00000000  0.0037
     453  0.18181818  0.42424242  0.00000000  0.0037
     454  0.21212121  0.42424242  0.00000000  0.0037
     455  0.24242424  0.42424242  0.00000000  0.0037
     456  0.27272727  0.42424242  0.00000000  0.0037
     457  0.30303030  0.42424242  0.00000000  0.0037
     458  0.33333333  0.42424242  0.00000000  0.0037
     459  0.36363636  0.42424242  0.00000000  0.0037
     460  0.39393939  0.42424242  0.00000000  0.0037
     461  0.42424242  0.42424242  0.00000000  0.0037
     462  0.45454545  0.42424242  0.00000000  0.0037
     463  0.48484848  0.42424242  0.00000000  0.0037
     464  0.48484848 -0.42424242  0.00000000  0.0037
     465  0.45454545 -0.42424242  0.00000000  0.0037
     466 -0.42424242  0.42424242  0.00000000  0.0037
     467 -0.39393939  0.42424242  0.00000000  0.0037
     468 -0.36363636  0.42424242  0.00000000  0.0037
     469 -0.33333333  0.42424242  0.00000000  0.0037
     470 -0.30303030  0.42424242  0.00000000  0.0037
     471 -0.27272727  0.42424242  0.00000000  0.0037
     472 -0.24242424  0.42424242  0.00000000  0.0037
     473 -0.21212121  0.42424242  0.00000000  0.0037
     474 -0.18181818  0.42424242  0.00000000  0.0037
     475 -0.15151515  0.42424242  0.00000000  0.0037
     476 -0.12121212  0.42424242  0.00000000  0.0037
     477 -0.09090909  0.42424242  0.00000000  0.0037
     478 -0.06060606  0.42424242  0.00000000  0.0037
     479 -0.03030303  0.42424242  0.00000000  0.0037
     480  0.00000000  0.45454545  0.00000000  0.0037
     481  0.03030303  0.45454545  0.00000000  0.0037
     482  0.06060606  0.45454545  0.00000000  0.0037
     483  0.09090909  0.45454545  0.00000000  0.0037
     484  0.12121212  0.45454545  0.00000000  0.0037
     485  0.15151515  0.45454545  0.00000000  0.0037
     486  0.18181818  0.45454545  0.00000000  0.0037
     487  0.21212121  0.45454545  0.00000000  0.0037
     488  0.24242424  0.45454545  0.00000000  0.0037
     489  0.27272727  0.45454545  0.00000000  0.0037
     490  0.30303030  0.45454545  0.00000000  0.0037
     491  0.33333333  0.45454545  0.00000000  0.0037
     492  0.36363636  0.45454545  0.00000000  0.0037
     493  0.39393939  0.45454545  0.00000000  0.0037
     494  0.42424242  0.45454545  0.00000000  0.0037
     495  0.45454545  0.45454545  0.00000000  0.0037
     496  0.48484848  0.45454545  0.00000000  0.0037
     497  0.48484848 -0.45454545  0.00000000  0.0037
     498 -0.45454545  0.45454545  0.00000000  0.0037
     499 -0.42424242  0.45454545  0.00000000  0.0037
     500 -0.39393939  0.45454545  0.00000000  0.0037
     501 -0.36363636  0.45454545  0.00000000  0.0037
     502 -0.33333333  0.45454545  0.00000000  0.0037
     503 -0.30303030  0.45454545  0.00000000  0.0037
     504 -0.27272727  0.45454545  0.00000000  0.0037
     505 -0.24242424  0.45454545  0.00000000  0.0037
     506 -0.21212121  0.45454545  0.00000000  0.0037
     507 -0.18181818  0.45454545  0.00000000  0.0037
     508 -0.15151515  0.45454545  0.00000000  0.0037
     509 -0.12121212  0.45454545  0.00000000  0.0037
     510 -0.09090909  0.45454545  0.00000000  0.0037
     511 -0.06060606  0.45454545  0.00000000  0.0037
     512 -0.03030303  0.45454545  0.00000000  0.0037
     513  0.00000000  0.48484848  0.00000000  0.0037
     514  0.03030303  0.48484848  0.00000000  0.0037
     515  0.06060606  0.48484848  0.00000000  0.0037
     516  0.09090909  0.48484848  0.00000000  0.0037
     517  0.12121212  0.48484848  0.00000000  0.0037
     518  0.15151515  0.48484848  0.00000000  0.0037
     519  0.18181818  0.48484848  0.00000000  0.0037
     520  0.21212121  0.48484848  0.00000000  0.0037
     521  0.24242424  0.48484848  0.00000000  0.0037
     522  0.27272727  0.48484848  0.00000000  0.0037
     523  0.30303030  0.48484848  0.00000000  0.0037
     524  0.33333333  0.48484848  0.00000000  0.0037
     525  0.36363636  0.48484848  0.00000000  0.0037
     526  0.39393939  0.48484848  0.00000000  0.0037
     527  0.42424242  0.48484848  0.00000000  0.0037
     528  0.45454545  0.48484848  0.00000000  0.0037
     529  0.48484848  0.48484848  0.00000000  0.0037
     530 -0.48484848  0.48484848  0.00000000  0.0037
     531 -0.45454545  0.48484848  0.00000000  0.0037
     532 -0.42424242  0.48484848  0.00000000  0.0037
     533 -0.39393939  0.48484848  0.00000000  0.0037
     534 -0.36363636  0.48484848  0.00000000  0.0037
     535 -0.33333333  0.48484848  0.00000000  0.0037
     536 -0.30303030  0.48484848  0.00000000  0.0037
     537 -0.27272727  0.48484848  0.00000000  0.0037
     538 -0.24242424  0.48484848  0.00000000  0.0037
     539 -0.21212121  0.48484848  0.00000000  0.0037
     540 -0.18181818  0.48484848  0.00000000  0.0037
     541 -0.15151515  0.48484848  0.00000000  0.0037
     542 -0.12121212  0.48484848  0.00000000  0.0037
     543 -0.09090909  0.48484848  0.00000000  0.0037
     544 -0.06060606  0.48484848  0.00000000  0.0037
     545 -0.03030303  0.48484848  0.00000000  0.0037

 DONE : INIT K-POINTS Time : 0.276907 (SEC)


 Warning_Memory_Consuming allocated:  PW_B_K::gk2 145.502 MB

 Warning_Memory_Consuming allocated:  PW_B_K::gcar 436.505 MB




 >>>>>>>>>>>>>>>>>>>>>>>>>>>>>>>>>>>>>>>>>>>>>>>>>>>>>>>>>>>>>>>>>>>>>>
 |                                                                    |
 | Setup plane waves of wave functions:                               |
 | Use the energy cutoff and the lattice vectors to generate the      |
 | dimensions of FFT grid. The number of FFT grid on each processor   |
 | is 'nrxx'. The number of plane wave basis in reciprocal space is   |
 | different for charege/potential and wave functions. We also set    |
 | the 'sticks' for the parallel of FFT. The number of plane wave of  |
 | each k-point is 'npwk[ik]' in each processor                       |
 <<<<<<<<<<<<<<<<<<<<<<<<<<<<<<<<<<<<<<<<<<<<<<<<<<<<<<<<<<<<<<<<<<<<<<





 SETUP PLANE WAVES FOR WAVE FUNCTIONS
     energy cutoff for wavefunc (unit:Ry) = 100
              fft grid for wave functions = [ 40, 40, 432 ]
                    number of plane waves = 46489
                         number of sticks = 313

 PARALLEL PW FOR WAVE FUNCTIONS
     PROC   COLUMNS(POT)             PW
        1            313          46489
 --------------- sum -------------------
        1            313          46489
 DONE : INIT PLANEWAVE Time : 1.36576 (SEC)


 Warning_Memory_Consuming allocated:  SF::strucFac 8.49905 MB
 SET NONLOCAL PSEUDOPOTENTIAL PROJECTORS
 SET NONLOCAL PSEUDOPOTENTIAL PROJECTORS
 max number of nonlocal projetors among all species is 6

 Warning_Memory_Consuming allocated:  DensityMatrix::DMK 23.3598 MB
 DONE : LOCAL POTENTIAL Time : 1.69854 (SEC)


 Warning_Memory_Consuming allocated:  Chg::rho 5.27344 MB

 Warning_Memory_Consuming allocated:  Chg::rho_save 5.27344 MB

 Warning_Memory_Consuming allocated:  Chg::rho_core 5.27344 MB

 Warning_Memory_Consuming allocated:  Pot::veff_fix 5.27344 MB

 Warning_Memory_Consuming allocated:  Pot::veff 5.27344 MB

 Warning_Memory_Consuming allocated:  Pot::veff_smooth 5.27344 MB

 -------------------------------------------
 SELF-CONSISTENT
 -------------------------------------------

DFT-D3 Dispersion correction parameters autoset
----------------------------------
 Parameters  Original   Autoset   
----------------------------------
         s6    default     1.0000 
         s8    default     0.7875 
         a1    default     0.4289 
         a2    default     4.4407 
----------------------------------
XC functional: pbe




 >>>>>>>>>>>>>>>>>>>>>>>>>>>>>>>>>>>>>>>>>>>>>>>>>>>>>>>>>>>>>>>>>>>>>>
 |                                                                    |
 | Search adjacent atoms:                                             |
 | Set the adjacent atoms for each atom and set the periodic boundary |
 | condition for the atoms on real space FFT grid. For k-dependent    |
 | algorithm, we also need to set the sparse H and S matrix element   |
 | for each atom.                                                     |
 |                                                                    |
 <<<<<<<<<<<<<<<<<<<<<<<<<<<<<<<<<<<<<<<<<<<<<<<<<<<<<<<<<<<<<<<<<<<<<<





 SETUP SEARCHING RADIUS FOR PROGRAM TO SEARCH ADJACENT ATOMS
                  longest orb rcut (Bohr) = 7
   longest nonlocal projector rcut (Bohr) = 1.66
                     search radius (Bohr) = 17.3
              searching radius is (Bohr)) = 17.3
         searching radius unit is (Bohr)) = 1.89
                         PeriodicBoundary = 1
                        Radius(unit:lat0) = 9.17
                                   glayer = [ 5, 5, 2 ]
                             glayer_minus = [ 4, 4, 1 ]

Find the coordinate range of the input atom(unit:lat0).
                                  min_tau = [ -11.2, -23.1, -32.8 ]
                                  max_tau = [ 14.4, 23.1, 39.3 ]
                                BoxNumber = [ 9, 9, 3 ]

 SETUP EXTENDED REAL SPACE GRID FOR GRID INTEGRATION
                          real space grid = [ 40, 40, 432 ]
                 big cell numbers in grid = [ 8, 8, 108 ]
             meshcell numbers in big cell = [ 5, 5, 4 ]
                        extended fft grid = [ 11, 11, 12 ]
                dimension of extened grid = [ 31, 31, 133 ]
                            UnitCellTotal = 75
              Atom number in sub-FFT-grid = 3
    Local orbitals number in sub-FFT-grid = 53
                                ParaV.nnr = 47911
                                 init_chg = file
 try to read charge from file
 Read in the charge density: OUT.POLAR//POLAR-CHARGE-DENSITY.restart
 DONE : INIT SCF Time : 1.94394 (SEC)


 LCAO ALGORITHM --------------- ION=   1  ELEC=   1--------------------------------

 Density error is 0.00483645370743
----------------------------------------------------------
     Energy           Rydberg                 eV          
----------------------------------------------------------
 E_KohnSham     -184.7700551009      -2513.9255691463     
 E_Harris       -184.7706491295      -2513.9336513198     
 E_Fermi        -0.1616020482        -2.1987086639        
----------------------------------------------------------


 LCAO ALGORITHM --------------- ION=   1  ELEC=   2--------------------------------

 Density error is 0.00107507046727
----------------------------------------------------------
     Energy           Rydberg                 eV          
----------------------------------------------------------
 E_KohnSham     -184.7703504701      -2513.9295878498     
 E_Harris       -184.7666357383      -2513.8790463317     
 E_Fermi        -0.1614529877        -2.1966805920        
----------------------------------------------------------


 LCAO ALGORITHM --------------- ION=   1  ELEC=   3--------------------------------

 Density error is 0.000275847700706
----------------------------------------------------------
     Energy           Rydberg                 eV          
----------------------------------------------------------
 E_KohnSham     -184.7703635791      -2513.9297662079     
 E_Harris       -184.7778268269      -2514.0313089033     
 E_Fermi        -0.1614659150        -2.1968564772        
----------------------------------------------------------


 LCAO ALGORITHM --------------- ION=   1  ELEC=   4--------------------------------

 Density error is 0.000136001458927
----------------------------------------------------------
     Energy           Rydberg                 eV          
----------------------------------------------------------
 E_KohnSham     -184.7703635377      -2513.9297656436     
 E_Harris       -184.7460926577      -2513.5995433804     
 E_Fermi        -0.1615206454        -2.1976011222        
----------------------------------------------------------


 LCAO ALGORITHM --------------- ION=   1  ELEC=   5--------------------------------

 Density error is 4.90969962412e-05
----------------------------------------------------------
     Energy           Rydberg                 eV          
----------------------------------------------------------
 E_KohnSham     -184.7703637207      -2513.9297681336     
 E_Harris       -184.7786101879      -2514.0419670762     
 E_Fermi        -0.1614643635        -2.1968353673        
----------------------------------------------------------


 LCAO ALGORITHM --------------- ION=   1  ELEC=   6--------------------------------

 Density error is 1.54448028499e-05
----------------------------------------------------------
     Energy           Rydberg                 eV          
----------------------------------------------------------
 E_KohnSham     -184.7703637652      -2513.9297687393     
 E_Harris       -184.7694061892      -2513.9167402490     
 E_Fermi        -0.1614803334        -2.1970526490        
----------------------------------------------------------


 LCAO ALGORITHM --------------- ION=   1  ELEC=   7--------------------------------

 Density error is 2.99872775879e-06
----------------------------------------------------------
     Energy           Rydberg                 eV          
----------------------------------------------------------
 E_KohnSham     -184.7703637666      -2513.9297687588     
 E_Harris       -184.7704354136      -2513.9307435654     
 E_Fermi        -0.1614786364        -2.1970295609        
----------------------------------------------------------


 LCAO ALGORITHM --------------- ION=   1  ELEC=   8--------------------------------

 Density error is 3.04966191158e-07
----------------------------------------------------------
     Energy           Rydberg                 eV          
----------------------------------------------------------
 E_KohnSham     -184.7703637674      -2513.9297687692     
 E_Harris       -184.7703577325      -2513.9296866599     
 E_Fermi        -0.1614787594        -2.1970312331        
----------------------------------------------------------


 LCAO ALGORITHM --------------- ION=   1  ELEC=   9--------------------------------

 Density error is 8.24560708314e-08
----------------------------------------------------------
     Energy           Rydberg                 eV          
----------------------------------------------------------
 E_KohnSham     -184.7703637675      -2513.9297687702     
 E_Harris       -184.7703602079      -2513.9297203403     
 E_Fermi        -0.1614787648        -2.1970313072        
----------------------------------------------------------


 LCAO ALGORITHM --------------- ION=   1  ELEC=  10--------------------------------

 Density error is 4.54204381932e-08
----------------------------------------------------------
     Energy           Rydberg                 eV          
----------------------------------------------------------
 E_KohnSham     -184.7703637675      -2513.9297687706     
 E_Harris       -184.7703595471      -2513.9297113493     
 E_Fermi        -0.1614787612        -2.1970312577        
----------------------------------------------------------


 LCAO ALGORITHM --------------- ION=   1  ELEC=  11--------------------------------

 Density error is 3.54675122373e-08
----------------------------------------------------------
     Energy           Rydberg                 eV          
----------------------------------------------------------
 E_KohnSham     -184.7703637675      -2513.9297687706     
 E_Harris       -184.7703597706      -2513.9297143901     
 E_Fermi        -0.1614787522        -2.1970311355        
----------------------------------------------------------


 LCAO ALGORITHM --------------- ION=   1  ELEC=  12--------------------------------

 Density error is 2.67691470239e-08
----------------------------------------------------------
     Energy           Rydberg                 eV          
----------------------------------------------------------
 E_KohnSham     -184.7703637675      -2513.9297687711     
 E_Harris       -184.7703600382      -2513.9297180315     
 E_Fermi        -0.1614787369        -2.1970309279        
----------------------------------------------------------


 LCAO ALGORITHM --------------- ION=   1  ELEC=  13--------------------------------

 Density error is 1.25970785808e-08
----------------------------------------------------------
     Energy           Rydberg                 eV          
----------------------------------------------------------
 E_KohnSham     -184.7703637675      -2513.9297687705     
 E_Harris       -184.7703609518      -2513.9297304611     
 E_Fermi        -0.1614786989        -2.1970304101        
----------------------------------------------------------


 LCAO ALGORITHM --------------- ION=   1  ELEC=  14--------------------------------

 Density error is 8.32106300881e-09
----------------------------------------------------------
     Energy           Rydberg                 eV          
----------------------------------------------------------
 E_KohnSham     -184.7703637675      -2513.9297687711     
 E_KS(sigma->0) -184.7703637675      -2513.9297687711     
 E_Harris       -184.7703615097      -2513.9297380521     
 E_band         -36.6938425738       -499.2453405186      
 E_one_elec     -2298.1424529648     -31267.8321760181    
 E_Hartree      1147.5688177654      15613.4747687332     
 E_xc           -33.4425696566       -455.0095030916      
 E_Ewald        999.3140080950       13596.3646013105     
 E_entropy(-TS) -0.0000000000        -0.0000000000        
 E_descf        0.0000000000         0.0000000000         
 E_vdwD3        -0.0681670066        -0.9274597051        
 E_exx          0.0000000000         0.0000000000         
 E_Fermi        -0.1614786777        -2.1970301223        
----------------------------------------------------------


 charge density convergence is achieved
 final etot is -2513.9297688 eV
 EFERMI = -2.1970301223 eV

 STATE ENERGY(eV) AND OCCUPATIONS    NSPIN == 1
 1/545 kpoint (Cartesian) = 0.0000 0.0000 0.0000 (34971 pws)
       1       -63.6438     0.00183655
       2       -37.9153     0.00183655
       3       -37.7176     0.00183655
       4       -37.7163     0.00183655
       5       -17.2282     0.00183655
       6       -15.9181     0.00183655
       7       -8.65477     0.00183655
       8       -5.58406     0.00183655
       9       -5.57314     0.00183655
      10       -4.73658     0.00183655
      11       -4.47857     0.00183655
      12       -4.43110     0.00183655
      13       -2.80203     0.00183655
      14      -0.101025        0.00000
      15     -0.0461604        0.00000
      16      0.0519530        0.00000
      17      0.0720913        0.00000
      18        4.96489        0.00000
      19        8.56876        0.00000
      20        10.5779        0.00000
      21        10.8761        0.00000
      22        11.1767        0.00000
      23        11.1943        0.00000

 2/545 kpoint (Cartesian) = 0.0094749 -0.0054703 0.0000 (34993 pws)
       1       -63.6434     0.00367309
       2       -37.9147     0.00367309
       3       -37.7209     0.00367309
       4       -37.7172     0.00367309
       5       -17.2147     0.00367309
       6       -15.9126     0.00367309
       7       -8.63842     0.00367309
       8       -5.60725     0.00367309
       9       -5.56830     0.00367309
      10       -4.85622     0.00367309
      11       -4.45896     0.00367309
      12       -4.37501     0.00367309
      13       -2.81088     0.00367309
      14     -0.0870722        0.00000
      15     -0.0595640        0.00000
      16      0.0227091        0.00000
      17      0.0573315        0.00000
      18        5.02265        0.00000
      19        8.59207        0.00000
      20        10.5415        0.00000
      21        10.8366        0.00000
      22        11.1049        0.00000
      23        11.1947        0.00000

 3/545 kpoint (Cartesian) = 0.018950 -0.010941 0.0000 (34971 pws)
       1       -63.6425     0.00367309
       2       -37.9127     0.00367309
       3       -37.7311     0.00367309
       4       -37.7195     0.00367309
       5       -17.1744     0.00367309
       6       -15.8962     0.00367309
       7       -8.59011     0.00367309
       8       -5.70321     0.00367309
       9       -5.52456     0.00367309
      10       -5.06366     0.00367309
      11       -4.52561     0.00367309
      12       -4.23250     0.00367309
      13       -2.83913     0.00367309
      14      -0.128324        0.00000
      15     -0.0611296        0.00000
      16     -0.0117398        0.00000
      17      0.0177284        0.00000
      18        5.19057        0.00000
      19        8.67041        0.00000
      20        10.3560        0.00000
      21        10.7285        0.00000
      22        11.0075        0.00000
      23        11.2462        0.00000

 4/545 kpoint (Cartesian) = 0.028425 -0.016411 0.0000 (34943 pws)
       1       -63.6409     0.00367309
       2       -37.9095     0.00367309
       3       -37.7476     0.00367309
       4       -37.7233     0.00367309
       5       -17.1081     0.00367309
       6       -15.8693     0.00367309
       7       -8.51221     0.00367309
       8       -5.85325     0.00367309
       9       -5.45305     0.00367309
      10       -5.29092     0.00367309
      11       -4.63067     0.00367309
      12       -4.11869     0.00367309
      13       -2.89137     0.00367309
      14      -0.197656        0.00000
      15      -0.176460        0.00000
      16     -0.0524948        0.00000
      17      0.0894847        0.00000
      18        5.45317        0.00000
      19        8.82024        0.00000
      20        10.0013        0.00000
      21        10.5743        0.00000
      22        11.0342        0.00000
      23        11.3361        0.00000

 5/545 kpoint (Cartesian) = 0.037900 -0.021881 0.0000 (34937 pws)
       1       -63.6387     0.00367309
       2       -37.9052     0.00367309
       3       -37.7699     0.00367309
       4       -37.7283     0.00367309
       5       -17.0173     0.00367309
       6       -15.8325     0.00367309
       7       -8.40922     0.00367309
       8       -6.04403     0.00367309
       9       -5.52750     0.00367309
      10       -5.35553     0.00367309
      11       -4.76417     0.00367309
      12       -4.05282     0.00367309
      13       -2.97348     0.00367309
      14      -0.313454        0.00000
      15      -0.240829        0.00000
      16      -0.137507        0.00000
      17       0.213016        0.00000
      18        5.78582        0.00000
      19        9.04962        0.00000
      20        9.59353        0.00000
      21        10.3961        0.00000
      22        11.1116        0.00000
      23        11.4678        0.00000

 6/545 kpoint (Cartesian) = 0.047375 -0.027352 0.0000 (34897 pws)
       1       -63.6361     0.00367309
       2       -37.9000     0.00367309
       3       -37.7969     0.00367309
       4       -37.7345     0.00367309
       5       -16.9039     0.00367309
       6       -15.7864     0.00367309
       7       -8.28877     0.00367309
       8       -6.25954     0.00367309
       9       -5.76848     0.00367309
      10       -5.23635     0.00367309
      11       -4.91632     0.00367309
      12       -4.04255     0.00367309
      13       -3.08952     0.00367309
      14      -0.432742        0.00000
      15      -0.249924        0.00000
      16      -0.232242        0.00000
      17       0.352300        0.00000
      18        6.15528        0.00000
      19        9.19448        0.00000
      20        9.34609        0.00000
      21        10.2138        0.00000
      22        11.1540        0.00000
      23        11.6431        0.00000

 7/545 kpoint (Cartesian) = 0.056849 -0.032822 0.0000 (34873 pws)
       1       -63.6331     0.00367309
       2       -37.8940     0.00367309
       3       -37.8278     0.00367309
       4       -37.7416     0.00367309
       5       -16.7703     0.00367309
       6       -15.7323     0.00367309
       7       -8.16350     0.00367309
       8       -6.48112     0.00367309
       9       -6.01255     0.00367309
      10       -5.10121     0.00367309
      11       -5.07593     0.00367309
      12       -4.08544     0.00367309
      13       -3.23777     0.00367309
      14      -0.523381        0.00000
      15      -0.341710        0.00000
      16      -0.191739        0.00000
      17       0.497437        0.00000
      18        6.51895        0.00000
      19        8.81996        0.00000
      20        9.63671        0.00000
      21        10.0866        0.00000
      22        11.1074        0.00000
      23        11.8583        0.00000

 8/545 kpoint (Cartesian) = 0.066324 -0.038292 0.0000 (34831 pws)
       1       -63.6298     0.00367309
       2       -37.8874     0.00367309
       3       -37.8613     0.00367309
       4       -37.7493     0.00367309
       5       -16.6200     0.00367309
       6       -15.6714     0.00367309
       7       -8.05436     0.00367309
       8       -6.68551     0.00367309
       9       -6.25787     0.00367309
      10       -5.24281     0.00367309
      11       -4.94777     0.00367309
      12       -4.16973     0.00367309
      13       -3.40794     0.00367309
      14      -0.576642        0.00000
      15      -0.445479        0.00000
      16     -0.0799643        0.00000
      17       0.640228        0.00000
      18        6.82489        0.00000
      19        8.46331        0.00000
      20        9.63940        0.00000
      21        10.2672        0.00000
      22        11.0379        0.00000
      23        11.9996        0.00000

 9/545 kpoint (Cartesian) = 0.075799 -0.043763 0.0000 (34861 pws)
       1       -63.6263     0.00367309
       2       -37.8963     0.00367309
       3       -37.8805     0.00367309
       4       -37.7574     0.00367309
       5       -16.4565     0.00367309
       6       -15.6055     0.00367309
       7       -7.99346     0.00367309
       8       -6.84275     0.00367309
       9       -6.50202     0.00367309
      10       -5.40284     0.00367309
      11       -4.78979     0.00367309
      12       -4.27877     0.00367309
      13       -3.58156     0.00367309
      14      -0.592913        0.00000
      15      -0.542052        0.00000
      16      0.0801683        0.00000
      17       0.774338        0.00000
      18        7.01494        0.00000
      19        8.11611        0.00000
      20        9.43848        0.00000
      21        10.6166        0.00000
      22        11.0506        0.00000
      23        11.8088        0.00000

 10/545 kpoint (Cartesian) = 0.085274 -0.049233 0.0000 (34839 pws)
       1       -63.6228     0.00367309
       2       -37.9313     0.00367309
       3       -37.8735     0.00367309
       4       -37.7655     0.00367309
       5       -16.2847     0.00367309
       6       -15.5365     0.00367309
       7       -8.01355     0.00367309
       8       -6.92648     0.00367309
       9       -6.74139     0.00367309
      10       -5.55410     0.00367309
      11       -4.63073     0.00367309
      12       -4.39646     0.00367309
      13       -3.73531     0.00367309
      14      -0.626732        0.00000
      15      -0.577015        0.00000
      16       0.273530        0.00000
      17       0.895347        0.00000
      18        7.02051        0.00000
      19        7.80924        0.00000
      20        9.19097        0.00000
      21        10.8714        0.00000
      22        11.1946        0.00000
      23        11.7928        0.00000

 11/545 kpoint (Cartesian) = 0.094749 -0.054703 0.0000 (34831 pws)
       1       -63.6194     0.00367309
       2       -37.9652     0.00367309
       3       -37.8667     0.00367309
       4       -37.7734     0.00367309
       5       -16.1100     0.00367309
       6       -15.4669     0.00367309
       7       -8.11545     0.00367309
       8       -6.97129     0.00367309
       9       -6.94431     0.00367309
      10       -5.69276     0.00367309
      11       -4.51103     0.00367309
      12       -4.47676     0.00367309
      13       -3.84610     0.00367309
      14      -0.693884        0.00000
      15      -0.538341        0.00000
      16       0.484333        0.00000
      17        1.00062        0.00000
      18        6.77569        0.00000
      19        7.62502        0.00000
      20        8.92155        0.00000
      21        10.9396        0.00000
      22        11.4346        0.00000
      23        12.0216        0.00000

 12/545 kpoint (Cartesian) = 0.10422 -0.060174 0.0000 (34758 pws)
       1       -63.6162     0.00367309
       2       -37.9968     0.00367309
       3       -37.8603     0.00367309
       4       -37.7808     0.00367309
       5       -15.9385     0.00367309
       6       -15.3992     0.00367309
       7       -8.26493     0.00367309
       8       -7.18515     0.00367309
       9       -6.93732     0.00367309
      10       -5.81594     0.00367309
      11       -4.61311     0.00367309
      12       -4.33577     0.00367309
      13       -3.89750     0.00367309
      14      -0.742366        0.00000
      15      -0.483784        0.00000
      16       0.697692        0.00000
      17        1.08903        0.00000
      18        6.35526        0.00000
      19        7.54184        0.00000
      20        8.64565        0.00000
      21        10.9368        0.00000
      22        11.6354        0.00000
      23        12.3560        0.00000

 13/545 kpoint (Cartesian) = 0.11370 -0.065644 0.0000 (34772 pws)
       1       -63.6134     0.00367309
       2       -38.0249     0.00367309
       3       -37.8546     0.00367309
       4       -37.7874     0.00367309
       5       -15.7775     0.00367309
       6       -15.3364     0.00367309
       7       -8.42684     0.00367309
       8       -7.37696     0.00367309
       9       -6.93795     0.00367309
      10       -5.92143     0.00367309
      11       -4.69970     0.00367309
      12       -4.21212     0.00367309
      13       -3.88657     0.00367309
      14      -0.772267        0.00000
      15      -0.420708        0.00000
      16       0.899981        0.00000
      17        1.16063        0.00000
      18        5.88398        0.00000
      19        7.49373        0.00000
      20        8.38118        0.00000
      21        10.9520        0.00000
      22        11.6615        0.00000
      23        12.5004        0.00000

 14/545 kpoint (Cartesian) = 0.12317 -0.071114 0.0000 (34762 pws)
       1       -63.6109     0.00367309
       2       -38.0486     0.00367309
       3       -37.8497     0.00367309
       4       -37.7930     0.00367309
       5       -15.6347     0.00367309
       6       -15.2814     0.00367309
       7       -8.57805     0.00367309
       8       -7.54002     0.00367309
       9       -6.95596     0.00367309
      10       -6.00757     0.00367309
      11       -4.76871     0.00367309
      12       -4.11037     0.00367309
      13       -3.82670     0.00367309
      14      -0.786275        0.00000
      15      -0.355914        0.00000
      16        1.07872        0.00000
      17        1.21635        0.00000
      18        5.43257        0.00000
      19        7.46057        0.00000
      20        8.14612        0.00000
      21        11.0005        0.00000
      22        11.5773        0.00000
      23        12.3213        0.00000

 15/545 kpoint (Cartesian) = 0.13265 -0.076585 0.0000 (34726 pws)
       1       -63.6090     0.00367309
       2       -38.0672     0.00367309
       3       -37.8459     0.00367309
       4       -37.7974     0.00367309
       5       -15.5182     0.00367309
       6       -15.2371     0.00367309
       7       -8.70369     0.00367309
       8       -7.66832     0.00367309
       9       -6.98487     0.00367309
      10       -6.07316     0.00367309
      11       -4.81984     0.00367309
      12       -4.03310     0.00367309
      13       -3.74359     0.00367309
      14      -0.789137        0.00000
      15      -0.296407        0.00000
      16        1.22069        0.00000
      17        1.25972        0.00000
      18        5.04721        0.00000
      19        7.43816        0.00000
      20        7.95588        0.00000
      21        11.0701        0.00000
      22        11.4712        0.00000
      23        12.1567        0.00000

 16/545 kpoint (Cartesian) = 0.14212 -0.082055 0.0000 (34742 pws)
       1       -63.6077     0.00367309
       2       -38.0799     0.00367309
       3       -37.8433     0.00367309
       4       -37.8004     0.00367309
       5       -15.4354     0.00367309
       6       -15.2060     0.00367309
       7       -8.79343     0.00367309
       8       -7.75686     0.00367309
       9       -7.01282     0.00367309
      10       -6.11733     0.00367309
      11       -4.85347     0.00367309
      12       -3.98146     0.00367309
      13       -3.66675     0.00367309
      14      -0.786585        0.00000
      15      -0.249892        0.00000
      16        1.27813        0.00000
      17        1.33061        0.00000
      18        4.76505        0.00000
      19        7.42461        0.00000
      20        7.82233        0.00000
      21        11.1380        0.00000
      22        11.3849        0.00000
      23        12.0338        0.00000

 17/545 kpoint (Cartesian) = 0.15160 -0.087525 0.0000 (34756 pws)
       1       -63.6071     0.00367309
       2       -38.0863     0.00367309
       3       -37.8420     0.00367309
       4       -37.8019     0.00367309
       5       -15.3924     0.00367309
       6       -15.1899     0.00367309
       7       -8.84015     0.00367309
       8       -7.80207     0.00367309
       9       -7.02957     0.00367309
      10       -6.13955     0.00367309
      11       -4.87012     0.00367309
      12       -3.95569     0.00367309
      13       -3.62120     0.00367309
      14      -0.783781        0.00000
      15      -0.224049        0.00000
      16        1.29225        0.00000
      17        1.38215        0.00000
      18        4.61544        0.00000
      19        7.41835        0.00000
      20        7.75352        0.00000
      21        11.1796        0.00000
      22        11.3381        0.00000
      23        11.9686        0.00000

 18/545 kpoint (Cartesian) = 0.0094749 0.0054703 0.0000 (34993 pws)
       1       -63.6434     0.00367309
       2       -37.9147     0.00367309
       3       -37.7199     0.00367309
       4       -37.7182     0.00367309
       5       -17.2147     0.00367309
       6       -15.9125     0.00367309
       7       -8.63848     0.00367309
       8       -5.61656     0.00367309
       9       -5.55899     0.00367309
      10       -4.84565     0.00367309
      11       -4.49890     0.00367309
      12       -4.34577     0.00367309
      13       -2.81051     0.00367309
      14      -0.119811        0.00000
      15     -0.0270147        0.00000
      16      0.0352699        0.00000
      17      0.0449174        0.00000
      18        5.02247        0.00000
      19        8.59192        0.00000
      20        10.5394        0.00000
      21        10.8365        0.00000
      22        11.0942        0.00000
      23        11.2097        0.00000

 19/545 kpoint (Cartesian) = 0.018950 0.0000 0.0000 (34977 pws)
       1       -63.6428     0.00367309
       2       -37.9134     0.00367309
       3       -37.7272     0.00367309
       4       -37.7193     0.00367309
       5       -17.1878     0.00367309
       6       -15.9016     0.00367309
       7       -8.60617     0.00367309
       8       -5.67641     0.00367309
       9       -5.53440     0.00367309
      10       -4.99678     0.00367309
      11       -4.52631     0.00367309
      12       -4.25506     0.00367309
      13       -2.82886     0.00367309
      14      -0.138192        0.00000
      15     -0.0314620        0.00000
      16    0.000493145        0.00000
      17      0.0222908        0.00000
      18        5.13529        0.00000
      19        8.64281        0.00000
      20        10.4238        0.00000
      21        10.7631        0.00000
      22        11.0100        0.00000
      23        11.2457        0.00000

 20/545 kpoint (Cartesian) = 0.028425 -0.0054703 0.0000 (34963 pws)
       1       -63.6415     0.00367309
       2       -37.9108     0.00367309
       3       -37.7407     0.00367309
       4       -37.7222     0.00367309
       5       -17.1346     0.00367309
       6       -15.8799     0.00367309
       7       -8.54304     0.00367309
       8       -5.79694     0.00367309
       9       -5.47922     0.00367309
      10       -5.20086     0.00367309
      11       -4.61006     0.00367309
      12       -4.14196     0.00367309
      13       -2.86892     0.00367309
      14      -0.189272        0.00000
      15      -0.132134        0.00000
      16     -0.0307191        0.00000
      17      0.0695962        0.00000
      18        5.35078        0.00000
      19        8.75762        0.00000
      20        10.1358        0.00000
      21        10.6341        0.00000
      22        10.9881        0.00000
      23        11.3361        0.00000

 21/545 kpoint (Cartesian) = 0.037900 -0.010941 0.0000 (34935 pws)
       1       -63.6396     0.00367309
       2       -37.9071     0.00367309
       3       -37.7601     0.00367309
       4       -37.7266     0.00367309
       5       -17.0560     0.00367309
       6       -15.8480     0.00367309
       7       -8.45241     0.00367309
       8       -5.96577     0.00367309
       9       -5.42462     0.00367309
      10       -5.39521     0.00367309
      11       -4.73420     0.00367309
      12       -4.05557     0.00367309
      13       -2.93595     0.00367309
      14      -0.261153        0.00000
      15      -0.243539        0.00000
      16      -0.105058        0.00000
      17       0.178762        0.00000
      18        5.64922        0.00000
      19        8.94877        0.00000
      20        9.75022        0.00000
      21        10.4720        0.00000
      22        11.0471        0.00000
      23        11.4612        0.00000

 22/545 kpoint (Cartesian) = 0.047375 -0.016411 0.0000 (34927 pws)
       1       -63.6372     0.00367309
       2       -37.9023     0.00367309
       3       -37.7846     0.00367309
       4       -37.7323     0.00367309
       5       -16.9539     0.00367309
       6       -15.8065     0.00367309
       7       -8.34016     0.00367309
       8       -6.16757     0.00367309
       9       -5.65513     0.00367309
      10       -5.28988     0.00367309
      11       -4.88402     0.00367309
      12       -4.01611     0.00367309
      13       -3.03506     0.00367309
      14      -0.386644        0.00000
      15      -0.274396        0.00000
      16      -0.195043        0.00000
      17       0.311559        0.00000
      18        6.00197        0.00000
      19        9.21437        0.00000
      20        9.35310        0.00000
      21        10.2952        0.00000
      22        11.1269        0.00000
      23        11.5740        0.00000

 23/545 kpoint (Cartesian) = 0.056849 -0.021881 0.0000 (34885 pws)
       1       -63.6344     0.00367309
       2       -37.8967     0.00367309
       3       -37.8135     0.00367309
       4       -37.7390     0.00367309
       5       -16.8304     0.00367309
       6       -15.7563     0.00367309
       7       -8.21612     0.00367309
       8       -6.38496     0.00367309
       9       -5.89260     0.00367309
      10       -5.16422     0.00367309
      11       -5.04728     0.00367309
      12       -4.02979     0.00367309
      13       -3.16752     0.00367309
      14      -0.494498        0.00000
      15      -0.294994        0.00000
      16      -0.251276        0.00000
      17       0.455851        0.00000
      18        6.37116        0.00000
      19        8.97759        0.00000
      20        9.52415        0.00000
      21        10.1290        0.00000
      22        11.1447        0.00000
      23        11.6282        0.00000

 24/545 kpoint (Cartesian) = 0.066324 -0.027352 0.0000 (34852 pws)
       1       -63.6313     0.00367309
       2       -37.8903     0.00367309
       3       -37.8455     0.00367309
       4       -37.7466     0.00367309
       5       -16.6884     0.00367309
       6       -15.6987     0.00367309
       7       -8.09665     0.00367309
       8       -6.59726     0.00367309
       9       -6.13429     0.00367309
      10       -5.21515     0.00367309
      11       -5.02316     0.00367309
      12       -4.09153     0.00367309
      13       -3.32711     0.00367309
      14      -0.571996        0.00000
      15      -0.391392        0.00000
      16      -0.172143        0.00000
      17       0.601979        0.00000
      18        6.70871        0.00000
      19        8.62731        0.00000
      20        9.70093        0.00000
      21        10.1274        0.00000
      22        11.0725        0.00000
      23        11.7352        0.00000

 25/545 kpoint (Cartesian) = 0.075799 -0.032822 0.0000 (34840 pws)
       1       -63.6279     0.00367309
       2       -37.8836     0.00367309
       3       -37.8796     0.00367309
       4       -37.7547     0.00367309
       5       -16.5314     0.00367309
       6       -15.6352     0.00367309
       7       -8.00835     0.00367309
       8       -6.77768     0.00367309
       9       -6.37817     0.00367309
      10       -5.37793     0.00367309
      11       -4.87467     0.00367309
      12       -4.18808     0.00367309
      13       -3.49872     0.00367309
      14      -0.619721        0.00000
      15      -0.476289        0.00000
      16     -0.0386126        0.00000
      17       0.742423        0.00000
      18        6.95752        0.00000
      19        8.29174        0.00000
      20        9.55733        0.00000
      21        10.4373        0.00000
      22        11.0247        0.00000
      23        11.7585        0.00000

 26/545 kpoint (Cartesian) = 0.085274 -0.038292 0.0000 (34833 pws)
       1       -63.6244     0.00367309
       2       -37.9144     0.00367309
       3       -37.8766     0.00367309
       4       -37.7629     0.00367309
       5       -16.3637     0.00367309
       6       -15.5676     0.00367309
       7       -7.98653     0.00367309
       8       -6.89532     0.00367309
       9       -6.62097     0.00367309
      10       -5.53086     0.00367309
      11       -4.72510     0.00367309
      12       -4.30337     0.00367309
      13       -3.66005     0.00367309
      14      -0.654151        0.00000
      15      -0.529586        0.00000
      16       0.135716        0.00000
      17       0.871763        0.00000
      18        7.05450        0.00000
      19        7.97458        0.00000
      20        9.32551        0.00000
      21        10.7484        0.00000
      22        11.0950        0.00000
      23        11.6706        0.00000

 27/545 kpoint (Cartesian) = 0.094749 -0.043763 0.0000 (34839 pws)
       1       -63.6210     0.00367309
       2       -37.9487     0.00367309
       3       -37.8698     0.00367309
       4       -37.7711     0.00367309
       5       -16.1902     0.00367309
       6       -15.4981     0.00367309
       7       -8.05107     0.00367309
       8       -6.93836     0.00367309
       9       -6.85785     0.00367309
      10       -5.67008     0.00367309
      11       -4.58284     0.00367309
      12       -4.42297     0.00367309
      13       -3.78562     0.00367309
      14      -0.695478        0.00000
      15      -0.533099        0.00000
      16       0.335161        0.00000
      17       0.986562        0.00000
      18        6.92789        0.00000
      19        7.73515        0.00000
      20        9.06446        0.00000
      21        10.8926        0.00000
      22        11.2964        0.00000
      23        11.8137        0.00000

 28/545 kpoint (Cartesian) = 0.10422 -0.049233 0.0000 (34811 pws)
       1       -63.6177     0.00367309
       2       -37.9813     0.00367309
       3       -37.8632     0.00367309
       4       -37.7789     0.00367309
       5       -16.0168     0.00367309
       6       -15.4293     0.00367309
       7       -8.18116     0.00367309
       8       -7.08291     0.00367309
       9       -6.93584     0.00367309
      10       -5.79329     0.00367309
      11       -4.53702     0.00367309
      12       -4.45500     0.00367309
      13       -3.85330     0.00367309
      14      -0.735393        0.00000
      15      -0.499967        0.00000
      16       0.544144        0.00000
      17        1.08516        0.00000
      18        6.57890        0.00000
      19        7.61187        0.00000
      20        8.79127        0.00000
      21        10.9108        0.00000
      22        11.5448        0.00000
      23        12.1267        0.00000

 29/545 kpoint (Cartesian) = 0.11370 -0.054703 0.0000 (34779 pws)
       1       -63.6146     0.00367309
       2       -38.0110     0.00367309
       3       -37.8571     0.00367309
       4       -37.7861     0.00367309
       5       -15.8501     0.00367309
       6       -15.3638     0.00367309
       7       -8.33888     0.00367309
       8       -7.28900     0.00367309
       9       -6.92898     0.00367309
      10       -5.89913     0.00367309
      11       -4.63728     0.00367309
      12       -4.34668     0.00367309
      13       -3.85459     0.00367309
      14      -0.763001        0.00000
      15      -0.447881        0.00000
      16       0.748050        0.00000
      17        1.16745        0.00000
      18        6.12574        0.00000
      19        7.54684        0.00000
      20        8.52288        0.00000
      21        10.9213        0.00000
      22        11.6594        0.00000
      23        12.3460        0.00000

 30/545 kpoint (Cartesian) = 0.12317 -0.060174 0.0000 (34751 pws)
       1       -63.6120     0.00367309
       2       -38.0368     0.00367309
       3       -37.8518     0.00367309
       4       -37.7923     0.00367309
       5       -15.6978     0.00367309
       6       -15.3046     0.00367309
       7       -8.49577     0.00367309
       8       -7.46933     0.00367309
       9       -6.93839     0.00367309
      10       -5.98678     0.00367309
      11       -4.72103     0.00367309
      12       -4.25370     0.00367309
      13       -3.80217     0.00367309
      14      -0.776981        0.00000
      15      -0.386983        0.00000
      16       0.933097        0.00000
      17        1.23479        0.00000
      18        5.66059        0.00000
      19        7.50402        0.00000
      20        8.27680        0.00000
      21        10.9611        0.00000
      22        11.6114        0.00000
      23        12.3404        0.00000

 31/545 kpoint (Cartesian) = 0.13265 -0.065644 0.0000 (34727 pws)
       1       -63.6098     0.00367309
       2       -38.0578     0.00367309
       3       -37.8475     0.00367309
       4       -37.7974     0.00367309
       5       -15.5676     0.00367309
       6       -15.2547     0.00367309
       7       -8.63389     0.00367309
       8       -7.61735     0.00367309
       9       -6.96378     0.00367309
      10       -6.05565     0.00367309
      11       -4.78637     0.00367309
      12       -4.17384     0.00367309
      13       -3.72177     0.00367309
      14      -0.780645        0.00000
      15      -0.325032        0.00000
      16        1.08558        0.00000
      17        1.29047        0.00000
      18        5.23874        0.00000
      19        7.47458        0.00000
      20        8.06863        0.00000
      21        11.0271        0.00000
      22        11.5113        0.00000
      23        12.1719        0.00000

 32/545 kpoint (Cartesian) = 0.14212 -0.071114 0.0000 (34745 pws)
       1       -63.6082     0.00367309
       2       -38.0733     0.00367309
       3       -37.8443     0.00367309
       4       -37.8011     0.00367309
       5       -15.4675     0.00367309
       6       -15.2168     0.00367309
       7       -8.74117     0.00367309
       8       -7.72742     0.00367309
       9       -6.99441     0.00367309
      10       -6.10531     0.00367309
      11       -4.83280     0.00367309
      12       -4.11124     0.00367309
      13       -3.63951     0.00367309
      14      -0.778843        0.00000
      15      -0.270231        0.00000
      16        1.19149        0.00000
      17        1.33993        0.00000
      18        4.90161        0.00000
      19        7.45577        0.00000
      20        7.91081        0.00000
      21        11.1010        0.00000
      22        11.4160        0.00000
      23        12.0215        0.00000

 33/545 kpoint (Cartesian) = 0.15160 -0.076585 0.0000 (34746 pws)
       1       -63.6072     0.00367309
       2       -38.0829     0.00367309
       3       -37.8423     0.00367309
       4       -37.8034     0.00367309
       5       -15.4043     0.00367309
       6       -15.1931     0.00367309
       7       -8.80912     0.00367309
       8       -7.79520     0.00367309
       9       -7.01835     0.00367309
      10       -6.13541     0.00367309
      11       -4.86039     0.00367309
      12       -4.07145     0.00367309
      13       -3.57863     0.00367309
      14      -0.775923        0.00000
      15      -0.231816        0.00000
      16        1.24469        0.00000
      17        1.38283        0.00000
      18        4.68307        0.00000
      19        7.44565        0.00000
      20        7.81233        0.00000
      21        11.1592        0.00000
      22        11.3511        0.00000
      23        11.9228        0.00000

 34/545 kpoint (Cartesian) = 0.16107 -0.082055 0.0000 (34776 pws)
       1       -63.6069     0.00367309
       2       -38.0861     0.00367309
       3       -37.8417     0.00367309
       4       -37.8042     0.00367309
       5       -15.3826     0.00367309
       6       -15.1850     0.00367309
       7       -8.83236     0.00367309
       8       -7.81795     0.00367309
       9       -7.02733     0.00367309
      10       -6.14575     0.00367309
      11       -4.86936     0.00367309
      12       -4.05740     0.00367309
      13       -3.55664     0.00367309
      14      -0.774613        0.00000
      15      -0.218005        0.00000
      16        1.25581        0.00000
      17        1.40437        0.00000
      18        4.60721        0.00000
      19        7.44273        0.00000
      20        7.77865        0.00000
      21        11.1810        0.00000
      22        11.3282        0.00000
      23        11.8890        0.00000

 35/545 kpoint (Cartesian) = 0.14212 -0.092996 0.0000 (34746 pws)
       1       -63.6072     0.00367309
       2       -38.0829     0.00367309
       3       -37.8423     0.00367309
       4       -37.8034     0.00367309
       5       -15.4042     0.00367309
       6       -15.1932     0.00367309
       7       -8.80905     0.00367309
       8       -7.79474     0.00367309
       9       -7.01849     0.00367309
      10       -6.13621     0.00367309
      11       -4.85982     0.00367309
      12       -4.06980     0.00367309
      13       -3.58023     0.00367309
      14      -0.775797        0.00000
      15      -0.232197        0.00000
      16        1.23297        0.00000
      17        1.39498        0.00000
      18        4.68298        0.00000
      19        7.44641        0.00000
      20        7.81163        0.00000
      21        11.1592        0.00000
      22        11.3498        0.00000
      23        11.9239        0.00000

 36/545 kpoint (Cartesian) = 0.13265 -0.087525 0.0000 (34745 pws)
       1       -63.6082     0.00367309
       2       -38.0734     0.00367309
       3       -37.8443     0.00367309
       4       -37.8011     0.00367309
       5       -15.4674     0.00367309
       6       -15.2170     0.00367309
       7       -8.74105     0.00367309
       8       -7.72653     0.00367309
       9       -6.99466     0.00367309
      10       -6.10684     0.00367309
      11       -4.83170     0.00367309
      12       -4.10799     0.00367309
      13       -3.64273     0.00367309
      14      -0.778574        0.00000
      15      -0.270954        0.00000
      16        1.17223        0.00000
      17        1.35998        0.00000
      18        4.90143        0.00000
      19        7.45721        0.00000
      20        7.90950        0.00000
      21        11.1010        0.00000
      22        11.4138        0.00000
      23        12.0233        0.00000

 37/545 kpoint (Cartesian) = 0.12317 -0.082055 0.0000 (34727 pws)
       1       -63.6098     0.00367309
       2       -38.0578     0.00367309
       3       -37.8475     0.00367309
       4       -37.7973     0.00367309
       5       -15.5675     0.00367309
       6       -15.2550     0.00367309
       7       -8.63370     0.00367309
       8       -7.61609     0.00367309
       9       -6.96407     0.00367309
      10       -6.05779     0.00367309
      11       -4.78482     0.00367309
      12       -4.16926     0.00367309
      13       -3.72645     0.00367309
      14      -0.780166        0.00000
      15      -0.326069        0.00000
      16        1.06678        0.00000
      17        1.31027        0.00000
      18        5.23847        0.00000
      19        7.47659        0.00000
      20        8.06685        0.00000
      21        11.0270        0.00000
      22        11.5088        0.00000
      23        12.1736        0.00000

 38/545 kpoint (Cartesian) = 0.11370 -0.076585 0.0000 (34751 pws)
       1       -63.6120     0.00367309
       2       -38.0368     0.00367309
       3       -37.8518     0.00367309
       4       -37.7922     0.00367309
       5       -15.6976     0.00367309
       6       -15.3050     0.00367309
       7       -8.49554     0.00367309
       8       -7.46781     0.00367309
       9       -6.93862     0.00367309
      10       -5.98933     0.00367309
      11       -4.71913     0.00367309
      12       -4.24844     0.00367309
      13       -3.80781     0.00367309
      14      -0.776124        0.00000
      15      -0.388392        0.00000
      16       0.918678        0.00000
      17        1.25031        0.00000
      18        5.66024        0.00000
      19        7.50645        0.00000
      20        8.27472        0.00000
      21        10.9610        0.00000
      22        11.6094        0.00000
      23        12.3407        0.00000

 39/545 kpoint (Cartesian) = 0.10422 -0.071114 0.0000 (34779 pws)
       1       -63.6146     0.00367309
       2       -38.0111     0.00367309
       3       -37.8571     0.00367309
       4       -37.7860     0.00367309
       5       -15.8499     0.00367309
       6       -15.3642     0.00367309
       7       -8.33863     0.00367309
       8       -7.28736     0.00367309
       9       -6.92904     0.00367309
      10       -5.90183     0.00367309
      11       -4.63518     0.00367309
      12       -4.34182     0.00367309
      13       -3.86029     0.00367309
      14      -0.761438        0.00000
      15      -0.449882        0.00000
      16       0.738045        0.00000
      17        1.17850        0.00000
      18        6.12535        0.00000
      19        7.54955        0.00000
      20        8.52068        0.00000
      21        10.9213        0.00000
      22        11.6578        0.00000
      23        12.3441        0.00000

 40/545 kpoint (Cartesian) = 0.094749 -0.065644 0.0000 (34811 pws)
       1       -63.6177     0.00367309
       2       -37.9814     0.00367309
       3       -37.8632     0.00367309
       4       -37.7788     0.00367309
       5       -16.0165     0.00367309
       6       -15.4297     0.00367309
       7       -8.18093     0.00367309
       8       -7.08134     0.00367309
       9       -6.93560     0.00367309
      10       -5.79579     0.00367309
      11       -4.53470     0.00367309
      12       -4.45167     0.00367309
      13       -3.85825     0.00367309
      14      -0.732526        0.00000
      15      -0.503075        0.00000
      16       0.537747        0.00000
      17        1.09245        0.00000
      18        6.57860        0.00000
      19        7.61470        0.00000
      20        8.78910        0.00000
      21        10.9111        0.00000
      22        11.5430        0.00000
      23        12.1270        0.00000

 41/545 kpoint (Cartesian) = 0.085274 -0.060174 0.0000 (34839 pws)
       1       -63.6210     0.00367309
       2       -37.9488     0.00367309
       3       -37.8697     0.00367309
       4       -37.7710     0.00367309
       5       -16.1900     0.00367309
       6       -15.4986     0.00367309
       7       -8.05090     0.00367309
       8       -6.93770     0.00367309
       9       -6.85663     0.00367309
      10       -5.67198     0.00367309
      11       -4.58059     0.00367309
      12       -4.42130     0.00367309
      13       -3.78964     0.00367309
      14      -0.690269        0.00000
      15      -0.538308        0.00000
      16       0.331656        0.00000
      17       0.990739        0.00000
      18        6.92809        0.00000
      19        7.73765        0.00000
      20        9.06244        0.00000
      21        10.8937        0.00000
      22        11.2939        0.00000
      23        11.8127        0.00000

 42/545 kpoint (Cartesian) = 0.075799 -0.054703 0.0000 (34833 pws)
       1       -63.6244     0.00367309
       2       -37.9145     0.00367309
       3       -37.8766     0.00367309
       4       -37.7628     0.00367309
       5       -16.3635     0.00367309
       6       -15.5680     0.00367309
       7       -7.98642     0.00367309
       8       -6.89430     0.00367309
       9       -6.62034     0.00367309
      10       -5.53175     0.00367309
      11       -4.72420     0.00367309
      12       -4.30199     0.00367309
      13       -3.66339     0.00367309
      14      -0.646460        0.00000
      15      -0.537039        0.00000
      16       0.134622        0.00000
      17       0.873298        0.00000
      18        7.05570        0.00000
      19        7.97615        0.00000
      20        9.32373        0.00000
      21        10.7503        0.00000
      22        11.0920        0.00000
      23        11.6683        0.00000

 43/545 kpoint (Cartesian) = 0.066324 -0.049233 0.0000 (34840 pws)
       1       -63.6279     0.00367309
       2       -37.8836     0.00367309
       3       -37.8797     0.00367309
       4       -37.7545     0.00367309
       5       -16.5312     0.00367309
       6       -15.6356     0.00367309
       7       -8.00824     0.00367309
       8       -6.77639     0.00367309
       9       -6.37842     0.00367309
      10       -5.37740     0.00367309
      11       -4.87468     0.00367309
      12       -4.18724     0.00367309
      13       -3.50163     0.00367309
      14      -0.613306        0.00000
      15      -0.482299        0.00000
      16     -0.0375407        0.00000
      17       0.741602        0.00000
      18        6.95928        0.00000
      19        8.29259        0.00000
      20        9.55588        0.00000
      21        10.4392        0.00000
      22        11.0215        0.00000
      23        11.7558        0.00000

 44/545 kpoint (Cartesian) = 0.056849 -0.043763 0.0000 (34852 pws)
       1       -63.6313     0.00367309
       2       -37.8903     0.00367309
       3       -37.8457     0.00367309
       4       -37.7464     0.00367309
       5       -16.6882     0.00367309
       6       -15.6991     0.00367309
       7       -8.09649     0.00367309
       8       -6.59574     0.00367309
       9       -6.13566     0.00367309
      10       -5.21289     0.00367309
      11       -5.02381     0.00367309
      12       -4.09142     0.00367309
      13       -3.32968     0.00367309
      14      -0.567848        0.00000
      15      -0.395139        0.00000
      16      -0.168884        0.00000
      17       0.598912        0.00000
      18        6.71049        0.00000
      19        8.62772        0.00000
      20        9.70032        0.00000
      21        10.1284        0.00000
      22        11.0702        0.00000
      23        11.7416        0.00000

 45/545 kpoint (Cartesian) = 0.047375 -0.038292 0.0000 (34885 pws)
       1       -63.6344     0.00367309
       2       -37.8966     0.00367309
       3       -37.8137     0.00367309
       4       -37.7389     0.00367309
       5       -16.8302     0.00367309
       6       -15.7566     0.00367309
       7       -8.21593     0.00367309
       8       -6.38321     0.00367309
       9       -5.89526     0.00367309
      10       -5.16557     0.00367309
      11       -5.04283     0.00367309
      12       -4.03059     0.00367309
      13       -3.16974     0.00367309
      14      -0.492218        0.00000
      15      -0.297604        0.00000
      16      -0.245063        0.00000
      17       0.450453        0.00000
      18        6.37269        0.00000
      19        8.97774        0.00000
      20        9.52488        0.00000
      21        10.1287        0.00000
      22        11.1456        0.00000
      23        11.6306        0.00000

 46/545 kpoint (Cartesian) = 0.037900 -0.032822 0.0000 (34927 pws)
       1       -63.6372     0.00367309
       2       -37.9023     0.00367309
       3       -37.7849     0.00367309
       4       -37.7321     0.00367309
       5       -16.9537     0.00367309
       6       -15.8067     0.00367309
       7       -8.33996     0.00367309
       8       -6.16548     0.00367309
       9       -5.65917     0.00367309
      10       -5.29171     0.00367309
      11       -4.87725     0.00367309
      12       -4.01810     0.00367309
      13       -3.03689     0.00367309
      14      -0.386207        0.00000
      15      -0.267151        0.00000
      16      -0.194280        0.00000
      17       0.303460        0.00000
      18        6.00314        0.00000
      19        9.21521        0.00000
      20        9.35311        0.00000
      21        10.2950        0.00000
      22        11.1327        0.00000
      23        11.5666        0.00000

 47/545 kpoint (Cartesian) = 0.028425 -0.027352 0.0000 (34935 pws)
       1       -63.6396     0.00367309
       2       -37.9071     0.00367309
       3       -37.7604     0.00367309
       4       -37.7263     0.00367309
       5       -17.0559     0.00367309
       6       -15.8482     0.00367309
       7       -8.45223     0.00367309
       8       -5.96316     0.00367309
       9       -5.43043     0.00367309
      10       -5.39730     0.00367309
      11       -4.72452     0.00367309
      12       -4.05926     0.00367309
      13       -2.93735     0.00367309
      14      -0.262896        0.00000
      15      -0.231837        0.00000
      16      -0.103124        0.00000
      17       0.167075        0.00000
      18        5.65004        0.00000
      19        8.94940        0.00000
      20        9.75050        0.00000
      21        10.4720        0.00000
      22        11.0547        0.00000
      23        11.4499        0.00000

 48/545 kpoint (Cartesian) = 0.018950 -0.021881 0.0000 (34963 pws)
       1       -63.6415     0.00367309
       2       -37.9108     0.00367309
       3       -37.7411     0.00367309
       4       -37.7218     0.00367309
       5       -17.1345     0.00367309
       6       -15.8801     0.00367309
       7       -8.54289     0.00367309
       8       -5.79345     0.00367309
       9       -5.48277     0.00367309
      10       -5.20753     0.00367309
      11       -4.59627     0.00367309
      12       -4.14857     0.00367309
      13       -2.86989     0.00367309
      14      -0.173994        0.00000
      15      -0.133527        0.00000
      16     -0.0274877        0.00000
      17      0.0525818        0.00000
      18        5.35130        0.00000
      19        8.75805        0.00000
      20        10.1368        0.00000
      21        10.6342        0.00000
      22        10.9951        0.00000
      23        11.3250        0.00000

 49/545 kpoint (Cartesian) = 0.0094749 -0.016411 0.0000 (34977 pws)
       1       -63.6428     0.00367309
       2       -37.9134     0.00367309
       3       -37.7277     0.00367309
       4       -37.7188     0.00367309
       5       -17.1878     0.00367309
       6       -15.9017     0.00367309
       7       -8.60608     0.00367309
       8       -5.67146     0.00367309
       9       -5.53939     0.00367309
      10       -5.00457     0.00367309
      11       -4.50605     0.00367309
      12       -4.26723     0.00367309
      13       -2.82944     0.00367309
      14      -0.113467        0.00000
      15     -0.0376272        0.00000
      16     -0.0245938        0.00000
      17      0.0288579        0.00000
      18        5.13557        0.00000
      19        8.64305        0.00000
      20        10.4258        0.00000
      21        10.7632        0.00000
      22        11.0156        0.00000
      23        11.2356        0.00000

 50/545 kpoint (Cartesian) = 0.0000 0.010941 0.0000 (34993 pws)
       1       -63.6434     0.00367309
       2       -37.9147     0.00367309
       3       -37.7205     0.00367309
       4       -37.7176     0.00367309
       5       -17.2147     0.00367309
       6       -15.9126     0.00367309
       7       -8.63845     0.00367309
       8       -5.61224     0.00367309
       9       -5.56332     0.00367309
      10       -4.85103     0.00367309
      11       -4.48119     0.00367309
      12       -4.35801     0.00367309
      13       -2.81070     0.00367309
      14      -0.107777        0.00000
      15     -0.0390315        0.00000
      16      0.0276513        0.00000
      17      0.0525288        0.00000
      18        5.02256        0.00000
      19        8.59200        0.00000
      20        10.5405        0.00000
      21        10.8365        0.00000
      22        11.0984        0.00000
      23        11.2034        0.00000

 51/545 kpoint (Cartesian) = 0.018950 0.010941 0.0000 (34971 pws)
       1       -63.6425     0.00367309
       2       -37.9127     0.00367309
       3       -37.7300     0.00367309
       4       -37.7206     0.00367309
       5       -17.1745     0.00367309
       6       -15.8960     0.00367309
       7       -8.59036     0.00367309
       8       -5.71241     0.00367309
       9       -5.51538     0.00367309
      10       -5.04645     0.00367309
      11       -4.56448     0.00367309
      12       -4.21155     0.00367309
      13       -2.83762     0.00367309
      14      -0.171600        0.00000
      15     -0.0453356        0.00000
      16    -0.00435150        0.00000
      17      0.0376609        0.00000
      18        5.18994        0.00000
      19        8.66975        0.00000
      20        10.3493        0.00000
      21        10.7282        0.00000
      22        11.0055        0.00000
      23        11.2608        0.00000

 52/545 kpoint (Cartesian) = 0.028425 0.0054703 0.0000 (34963 pws)
       1       -63.6415     0.00367309
       2       -37.9108     0.00367309
       3       -37.7402     0.00367309
       4       -37.7226     0.00367309
       5       -17.1347     0.00367309
       6       -15.8797     0.00367309
       7       -8.54324     0.00367309
       8       -5.80077     0.00367309
       9       -5.47541     0.00367309
      10       -5.19241     0.00367309
      11       -4.62572     0.00367309
      12       -4.13539     0.00367309
      13       -2.86778     0.00367309
      14      -0.206080        0.00000
      15      -0.125186        0.00000
      16     -0.0382193        0.00000
      17      0.0868585        0.00000
      18        5.35040        0.00000
      19        8.75708        0.00000
      20        10.1321        0.00000
      21        10.6339        0.00000
      22        10.9921        0.00000
      23        11.3391        0.00000

 53/545 kpoint (Cartesian) = 0.037900 0.0000 0.0000 (34963 pws)
       1       -63.6399     0.00367309
       2       -37.9077     0.00367309
       3       -37.7564     0.00367309
       4       -37.7264     0.00367309
       5       -17.0691     0.00367309
       6       -15.8530     0.00367309
       7       -8.46723     0.00367309
       8       -5.94040     0.00367309
       9       -5.40983     0.00367309
      10       -5.37608     0.00367309
      11       -4.74331     0.00367309
      12       -4.04857     0.00367309
      13       -2.92267     0.00367309
      14      -0.259722        0.00000
      15      -0.235492        0.00000
      16     -0.0990968        0.00000
      17       0.180541        0.00000
      18        5.60256        0.00000
      19        8.91467        0.00000
      20        9.80214        0.00000
      21        10.5009        0.00000
      22        11.0106        0.00000
      23        11.4879        0.00000

 54/545 kpoint (Cartesian) = 0.047375 -0.0054703 0.0000 (34921 pws)
       1       -63.6378     0.00367309
       2       -37.9035     0.00367309
       3       -37.7779     0.00367309
       4       -37.7316     0.00367309
       5       -16.9793     0.00367309
       6       -15.8165     0.00367309
       7       -8.36678     0.00367309
       8       -6.11905     0.00367309
       9       -5.58004     0.00367309
      10       -5.31800     0.00367309
      11       -4.90070     0.00367309
      12       -3.98477     0.00367309
      13       -3.00697     0.00367309
      14      -0.358077        0.00000
      15      -0.306133        0.00000
      16      -0.178138        0.00000
      17       0.306962        0.00000
      18        5.92334        0.00000
      19        9.14533        0.00000
      20        9.43201        0.00000
      21        10.3469        0.00000
      22        11.0782        0.00000
      23        11.5919        0.00000

 55/545 kpoint (Cartesian) = 0.056849 -0.010941 0.0000 (34878 pws)
       1       -63.6353     0.00367309
       2       -37.8983     0.00367309
       3       -37.8039     0.00367309
       4       -37.7382     0.00367309
       5       -16.8671     0.00367309
       6       -15.7708     0.00367309
       7       -8.24950     0.00367309
       8       -6.32101     0.00367309
       9       -5.79416     0.00367309
      10       -5.20819     0.00367309
      11       -5.07882     0.00367309
      12       -3.96329     0.00367309
      13       -3.12322     0.00367309
      14      -0.474719        0.00000
      15      -0.318237        0.00000
      16      -0.265082        0.00000
      17       0.451769        0.00000
      18        6.27995        0.00000
      19        9.07338        0.00000
      20        9.43535        0.00000
      21        10.1854        0.00000
      22        11.1547        0.00000
      23        11.5243        0.00000

 56/545 kpoint (Cartesian) = 0.066324 -0.016411 0.0000 (34842 pws)
       1       -63.6323     0.00367309
       2       -37.8924     0.00367309
       3       -37.8336     0.00367309
       4       -37.7457     0.00367309
       5       -16.7350     0.00367309
       6       -15.7171     0.00367309
       7       -8.12815     0.00367309
       8       -6.52764     0.00367309
       9       -6.01868     0.00367309
      10       -5.26189     0.00367309
      11       -5.08393     0.00367309
      12       -3.99036     0.00367309
      13       -3.26816     0.00367309
      14      -0.572544        0.00000
      15      -0.352340        0.00000
      16      -0.275917        0.00000
      17       0.603084        0.00000
      18        6.62829        0.00000
      19        8.74598        0.00000
      20        9.71311        0.00000
      21        10.0680        0.00000
      22        11.1294        0.00000
      23        11.5141        0.00000

 57/545 kpoint (Cartesian) = 0.075799 -0.021881 0.0000 (34839 pws)
       1       -63.6291     0.00367309
       2       -37.8859     0.00367309
       3       -37.8659     0.00367309
       4       -37.7540     0.00367309
       5       -16.5863     0.00367309
       6       -15.6567     0.00367309
       7       -8.02404     0.00367309
       8       -6.71532     0.00367309
       9       -6.25312     0.00367309
      10       -5.43561     0.00367309
      11       -4.95377     0.00367309
      12       -4.06116     0.00367309
      13       -3.43002     0.00367309
      14      -0.646785        0.00000
      15      -0.424171        0.00000
      16      -0.180695        0.00000
      17       0.751710        0.00000
      18        6.91183        0.00000
      19        8.44741        0.00000
      20        9.68188        0.00000
      21        10.2561        0.00000
      22        11.0279        0.00000
      23        11.5683        0.00000

 58/545 kpoint (Cartesian) = 0.085274 -0.027352 0.0000 (34840 pws)
       1       -63.6257     0.00367309
       2       -37.8994     0.00367309
       3       -37.8791     0.00367309
       4       -37.7626     0.00367309
       5       -16.4247     0.00367309
       6       -15.5913     0.00367309
       7       -7.96937     0.00367309
       8       -6.85402     0.00367309
       9       -6.49491     0.00367309
      10       -5.59216     0.00367309
      11       -4.82617     0.00367309
      12       -4.16361     0.00367309
      13       -3.58827     0.00367309
      14      -0.699919        0.00000
      15      -0.473428        0.00000
      16     -0.0376850        0.00000
      17       0.890914        0.00000
      18        7.06544        0.00000
      19        8.17000        0.00000
      20        9.46810        0.00000
      21        10.5634        0.00000
      22        11.0076        0.00000
      23        11.4637        0.00000

 59/545 kpoint (Cartesian) = 0.094749 -0.032822 0.0000 (34833 pws)
       1       -63.6222     0.00367309
       2       -37.9331     0.00367309
       3       -37.8723     0.00367309
       4       -37.7713     0.00367309
       5       -16.2550     0.00367309
       6       -15.5228     0.00367309
       7       -7.99450     0.00367309
       8       -6.91997     0.00367309
       9       -6.73848     0.00367309
      10       -5.72763     0.00367309
      11       -4.71163     0.00367309
      12       -4.28339     0.00367309
      13       -3.71643     0.00367309
      14      -0.736462        0.00000
      15      -0.494254        0.00000
      16       0.138977        0.00000
      17        1.01618        0.00000
      18        7.02614        0.00000
      19        7.93093        0.00000
      20        9.21425        0.00000
      21        10.7556        0.00000
      22        11.1341        0.00000
      23        11.5583        0.00000

 60/545 kpoint (Cartesian) = 0.10422 -0.038292 0.0000 (34789 pws)
       1       -63.6189     0.00367309
       2       -37.9657     0.00367309
       3       -37.8656     0.00367309
       4       -37.7798     0.00367309
       5       -16.0823     0.00367309
       6       -15.4537     0.00367309
       7       -8.09629     0.00367309
       8       -6.97631     0.00367309
       9       -6.92540     0.00367309
      10       -5.84151     0.00367309
      11       -4.61862     0.00367309
      12       -4.40755     0.00367309
      13       -3.78937     0.00367309
      14      -0.758466        0.00000
      15      -0.487760        0.00000
      16       0.333820        0.00000
      17        1.12489        0.00000
      18        6.76985        0.00000
      19        7.76901        0.00000
      20        8.94611        0.00000
      21        10.8166        0.00000
      22        11.3819        0.00000
      23        11.8363        0.00000

 61/545 kpoint (Cartesian) = 0.11370 -0.043763 0.0000 (34784 pws)
       1       -63.6157     0.00367309
       2       -37.9960     0.00367309
       3       -37.8593     0.00367309
       4       -37.7877     0.00367309
       5       -15.9131     0.00367309
       6       -15.3865     0.00367309
       7       -8.24064     0.00367309
       8       -7.19943     0.00367309
       9       -6.91225     0.00367309
      10       -5.93497     0.00367309
      11       -4.54810     0.00367309
      12       -4.52388     0.00367309
      13       -3.79658     0.00367309
      14      -0.766969        0.00000
      15      -0.459045        0.00000
      16       0.532008        0.00000
      17        1.21595        0.00000
      18        6.36594        0.00000
      19        7.67230        0.00000
      20        8.68184        0.00000
      21        10.8488        0.00000
      22        11.5966        0.00000
      23        11.9959        0.00000

 62/545 kpoint (Cartesian) = 0.12317 -0.049233 0.0000 (34767 pws)
       1       -63.6129     0.00367309
       2       -38.0231     0.00367309
       3       -37.8537     0.00367309
       4       -37.7948     0.00367309
       5       -15.7543     0.00367309
       6       -15.3241     0.00367309
       7       -8.39502     0.00367309
       8       -7.39994     0.00367309
       9       -6.91151     0.00367309
      10       -6.00972     0.00367309
      11       -4.63331     0.00367309
      12       -4.48019     0.00367309
      13       -3.74988     0.00367309
      14      -0.765441        0.00000
      15      -0.413353        0.00000
      16       0.720089        0.00000
      17        1.28943        0.00000
      18        5.90935        0.00000
      19        7.60899        0.00000
      20        8.43755        0.00000
      21        10.8984        0.00000
      22        11.5988        0.00000
      23        12.1837        0.00000

 63/545 kpoint (Cartesian) = 0.13265 -0.054703 0.0000 (34745 pws)
       1       -63.6106     0.00367309
       2       -38.0459     0.00367309
       3       -37.8490     0.00367309
       4       -37.8008     0.00367309
       5       -15.6137     0.00367309
       6       -15.2695     0.00367309
       7       -8.53839     0.00367309
       8       -7.57026     0.00367309
       9       -6.93111     0.00367309
      10       -6.06748     0.00367309
      11       -4.72209     0.00367309
      12       -4.41604     0.00367309
      13       -3.67224     0.00367309
      14      -0.759798        0.00000
      15      -0.355928        0.00000
      16       0.886126        0.00000
      17        1.34623        0.00000
      18        5.46681        0.00000
      19        7.56540        0.00000
      20        8.22663        0.00000
      21        10.9696        0.00000
      22        11.5142        0.00000
      23        12.0843        0.00000

 64/545 kpoint (Cartesian) = 0.14212 -0.060174 0.0000 (34754 pws)
       1       -63.6087     0.00367309
       2       -38.0637     0.00367309
       3       -37.8452     0.00367309
       4       -37.8054     0.00367309
       5       -15.4990     0.00367309
       6       -15.2254     0.00367309
       7       -8.65717     0.00367309
       8       -7.70395     0.00367309
       9       -6.96287     0.00367309
      10       -6.10969     0.00367309
      11       -4.79065     0.00367309
      12       -4.35647     0.00367309
      13       -3.58610     0.00367309
      14      -0.755315        0.00000
      15      -0.294631        0.00000
      16        1.01964        0.00000
      17        1.38794        0.00000
      18        5.08638        0.00000
      19        7.53655        0.00000
      20        8.05948        0.00000
      21        11.0506        0.00000
      22        11.4230        0.00000
      23        11.9072        0.00000

 65/545 kpoint (Cartesian) = 0.15160 -0.065644 0.0000 (34775 pws)
       1       -63.6074     0.00367309
       2       -38.0760     0.00367309
       3       -37.8427     0.00367309
       4       -37.8087     0.00367309
       5       -15.4176     0.00367309
       6       -15.1945     0.00367309
       7       -8.74184     0.00367309
       8       -7.79593     0.00367309
       9       -6.99351     0.00367309
      10       -6.13749     0.00367309
      11       -4.83702     0.00367309
      12       -4.31094     0.00367309
      13       -3.51235     0.00367309
      14      -0.753854        0.00000
      15      -0.241518        0.00000
      16        1.11164        0.00000
      17        1.41677        0.00000
      18        4.80673        0.00000
      19        7.51951        0.00000
      20        7.94366        0.00000
      21        11.1223        0.00000
      22        11.3536        0.00000
      23        11.7677        0.00000

 66/545 kpoint (Cartesian) = 0.16107 -0.071114 0.0000 (34790 pws)
       1       -63.6067     0.00367309
       2       -38.0822     0.00367309
       3       -37.8413     0.00367309
       4       -37.8103     0.00367309
       5       -15.3752     0.00367309
       6       -15.1786     0.00367309
       7       -8.78587     0.00367309
       8       -7.84261     0.00367309
       9       -7.01189     0.00367309
      10       -6.15160     0.00367309
      11       -4.86017     0.00367309
      12       -4.28626     0.00367309
      13       -3.46992     0.00367309
      14      -0.754046        0.00000
      15      -0.210382        0.00000
      16        1.15564        0.00000
      17        1.43458        0.00000
      18        4.65811        0.00000
      19        7.51203        0.00000
      20        7.88417        0.00000
      21        11.1644        0.00000
      22        11.3169        0.00000
      23        11.6929        0.00000

 67/545 kpoint (Cartesian) = 0.17055 -0.076585 0.0000 (34790 pws)
       1       -63.6067     0.00367309
       2       -38.0822     0.00367309
       3       -37.8413     0.00367309
       4       -37.8103     0.00367309
       5       -15.3752     0.00367309
       6       -15.1787     0.00367309
       7       -8.78580     0.00367309
       8       -7.84216     0.00367309
       9       -7.01203     0.00367309
      10       -6.15235     0.00367309
      11       -4.85963     0.00367309
      12       -4.28532     0.00367309
      13       -3.47080     0.00367309
      14      -0.753947        0.00000
      15      -0.210761        0.00000
      16        1.14980        0.00000
      17        1.44084        0.00000
      18        4.65803        0.00000
      19        7.51278        0.00000
      20        7.88351        0.00000
      21        11.1644        0.00000
      22        11.3152        0.00000
      23        11.6945        0.00000

 68/545 kpoint (Cartesian) = 0.13265 -0.098466 0.0000 (34775 pws)
       1       -63.6074     0.00367309
       2       -38.0760     0.00367309
       3       -37.8427     0.00367309
       4       -37.8086     0.00367309
       5       -15.4174     0.00367309
       6       -15.1948     0.00367309
       7       -8.74165     0.00367309
       8       -7.79462     0.00367309
       9       -6.99390     0.00367309
      10       -6.13967     0.00367309
      11       -4.83548     0.00367309
      12       -4.30818     0.00367309
      13       -3.51497     0.00367309
      14      -0.753538        0.00000
      15      -0.242611        0.00000
      16        1.09689        0.00000
      17        1.43270        0.00000
      18        4.80649        0.00000
      19        7.52168        0.00000
      20        7.94176        0.00000
      21        11.1223        0.00000
      22        11.3491        0.00000
      23        11.7716        0.00000

 69/545 kpoint (Cartesian) = 0.12317 -0.092996 0.0000 (34754 pws)
       1       -63.6087     0.00367309
       2       -38.0638     0.00367309
       3       -37.8452     0.00367309
       4       -37.8054     0.00367309
       5       -15.4987     0.00367309
       6       -15.2259     0.00367309
       7       -8.65686     0.00367309
       8       -7.70186     0.00367309
       9       -6.96342     0.00367309
      10       -6.11311     0.00367309
      11       -4.78822     0.00367309
      12       -4.35213     0.00367309
      13       -3.59041     0.00367309
      14      -0.754707        0.00000
      15      -0.296351        0.00000
      16        1.00144        0.00000
      17        1.40789        0.00000
      18        5.08597        0.00000
      19        7.53993        0.00000
      20        8.05655        0.00000
      21        11.0505        0.00000
      22        11.4174        0.00000
      23        11.9118        0.00000

 70/545 kpoint (Cartesian) = 0.11370 -0.087525 0.0000 (34745 pws)
       1       -63.6106     0.00367309
       2       -38.0461     0.00367309
       3       -37.8489     0.00367309
       4       -37.8007     0.00367309
       5       -15.6134     0.00367309
       6       -15.2701     0.00367309
       7       -8.53798     0.00367309
       8       -7.56752     0.00367309
       9       -6.93166     0.00367309
      10       -6.07181     0.00367309
      11       -4.71896     0.00367309
      12       -4.41060     0.00367309
      13       -3.67804     0.00367309
      14      -0.758704        0.00000
      15      -0.358247        0.00000
      16       0.868743        0.00000
      17        1.36569        0.00000
      18        5.46623        0.00000
      19        7.56973        0.00000
      20        8.22297        0.00000
      21        10.9694        0.00000
      22        11.5089        0.00000
      23        12.0878        0.00000

 71/545 kpoint (Cartesian) = 0.10422 -0.082055 0.0000 (34767 pws)
       1       -63.6129     0.00367309
       2       -38.0233     0.00367309
       3       -37.8537     0.00367309
       4       -37.7947     0.00367309
       5       -15.7540     0.00367309
       6       -15.3248     0.00367309
       7       -8.39454     0.00367309
       8       -7.39677     0.00367309
       9       -6.91182     0.00367309
      10       -6.01454     0.00367309
      11       -4.62961     0.00367309
      12       -4.47454     0.00367309
      13       -3.75676     0.00367309
      14      -0.763507        0.00000
      15      -0.416393        0.00000
      16       0.705656        0.00000
      17        1.30599        0.00000
      18        5.90865        0.00000
      19        7.61402        0.00000
      20        8.43348        0.00000
      21        10.8983        0.00000
      22        11.5946        0.00000
      23        12.1832        0.00000

 72/545 kpoint (Cartesian) = 0.094749 -0.076585 0.0000 (34784 pws)
       1       -63.6157     0.00367309
       2       -37.9962     0.00367309
       3       -37.8593     0.00367309
       4       -37.7876     0.00367309
       5       -15.9127     0.00367309
       6       -15.3873     0.00367309
       7       -8.24015     0.00367309
       8       -7.19613     0.00367309
       9       -6.91206     0.00367309
      10       -5.93973     0.00367309
      11       -4.53989     0.00367309
      12       -4.52317     0.00367309
      13       -3.80393     0.00367309
      14      -0.763718        0.00000
      15      -0.463079        0.00000
      16       0.521249        0.00000
      17        1.22865        0.00000
      18        6.36525        0.00000
      19        7.67776        0.00000
      20        8.67766        0.00000
      21        10.8489        0.00000
      22        11.5929        0.00000
      23        11.9950        0.00000

 73/545 kpoint (Cartesian) = 0.085274 -0.071114 0.0000 (34789 pws)
       1       -63.6189     0.00367309
       2       -37.9659     0.00367309
       3       -37.8656     0.00367309
       4       -37.7796     0.00367309
       5       -16.0819     0.00367309
       6       -15.4545     0.00367309
       7       -8.09589     0.00367309
       8       -6.97329     0.00367309
       9       -6.92454     0.00367309
      10       -5.84557     0.00367309
      11       -4.61429     0.00367309
      12       -4.40456     0.00367309
      13       -3.79649     0.00367309
      14      -0.753455        0.00000
      15      -0.493091        0.00000
      16       0.326771        0.00000
      17        1.13351        0.00000
      18        6.76957        0.00000
      19        7.77446        0.00000
      20        8.94206        0.00000
      21        10.8175        0.00000
      22        11.3774        0.00000
      23        11.8360        0.00000

 74/545 kpoint (Cartesian) = 0.075799 -0.065644 0.0000 (34833 pws)
       1       -63.6222     0.00367309
       2       -37.9334     0.00367309
       3       -37.8723     0.00367309
       4       -37.7711     0.00367309
       5       -16.2545     0.00367309
       6       -15.5237     0.00367309
       7       -7.99423     0.00367309
       8       -6.91829     0.00367309
       9       -6.73642     0.00367309
      10       -5.73023     0.00367309
      11       -4.70929     0.00367309
      12       -4.28068     0.00367309
      13       -3.72292     0.00367309
      14      -0.729633        0.00000
      15      -0.500891        0.00000
      16       0.135449        0.00000
      17        1.02083        0.00000
      18        7.02716        0.00000
      19        7.93538        0.00000
      20        9.21051        0.00000
      21        10.7583        0.00000
      22        11.1287        0.00000
      23        11.5557        0.00000

 75/545 kpoint (Cartesian) = 0.066324 -0.060174 0.0000 (34840 pws)
       1       -63.6257     0.00367309
       2       -37.8997     0.00367309
       3       -37.8791     0.00367309
       4       -37.7624     0.00367309
       5       -16.4243     0.00367309
       6       -15.5921     0.00367309
       7       -7.96917     0.00367309
       8       -6.85171     0.00367309
       9       -6.49440     0.00367309
      10       -5.59247     0.00367309
      11       -4.82557     0.00367309
      12       -4.16155     0.00367309
      13       -3.59411     0.00367309
      14      -0.692065        0.00000
      15      -0.480645        0.00000
      16     -0.0378528        0.00000
      17       0.891775        0.00000
      18        7.06807        0.00000
      19        8.17276        0.00000
      20        9.46484        0.00000
      21        10.5673        0.00000
      22        11.0016        0.00000
      23        11.4597        0.00000

 76/545 kpoint (Cartesian) = 0.056849 -0.054703 0.0000 (34839 pws)
       1       -63.6291     0.00367309
       2       -37.8859     0.00367309
       3       -37.8662     0.00367309
       4       -37.7537     0.00367309
       5       -16.5859     0.00367309
       6       -15.6574     0.00367309
       7       -8.02378     0.00367309
       8       -6.71259     0.00367309
       9       -6.25481     0.00367309
      10       -5.43289     0.00367309
      11       -4.95452     0.00367309
      12       -4.06002     0.00367309
      13       -3.43530     0.00367309
      14      -0.639432        0.00000
      15      -0.430678        0.00000
      16      -0.177468        0.00000
      17       0.748898        0.00000
      18        6.91514        0.00000
      19        8.44883        0.00000
      20        9.67941        0.00000
      21        10.2593        0.00000
      22        11.0221        0.00000
      23        11.5638        0.00000

 77/545 kpoint (Cartesian) = 0.047375 -0.049233 0.0000 (34842 pws)
       1       -63.6323     0.00367309
       2       -37.8924     0.00367309
       3       -37.8340     0.00367309
       4       -37.7454     0.00367309
       5       -16.7346     0.00367309
       6       -15.7177     0.00367309
       7       -8.12779     0.00367309
       8       -6.52456     0.00367309
       9       -6.02295     0.00367309
      10       -5.25567     0.00367309
      11       -5.08567     0.00367309
      12       -3.99042     0.00367309
      13       -3.27285     0.00367309
      14      -0.567075        0.00000
      15      -0.357499        0.00000
      16      -0.268630        0.00000
      17       0.596579        0.00000
      18        6.63141        0.00000
      19        8.74657        0.00000
      20        9.71368        0.00000
      21        10.0683        0.00000
      22        11.1265        0.00000
      23        11.5187        0.00000

 78/545 kpoint (Cartesian) = 0.037900 -0.043763 0.0000 (34878 pws)
       1       -63.6353     0.00367309
       2       -37.8983     0.00367309
       3       -37.8044     0.00367309
       4       -37.7378     0.00367309
       5       -16.8667     0.00367309
       6       -15.7714     0.00367309
       7       -8.24909     0.00367309
       8       -6.31752     0.00367309
       9       -5.80099     0.00367309
      10       -5.21106     0.00367309
      11       -5.06858     0.00367309
      12       -3.96485     0.00367309
      13       -3.12721     0.00367309
      14      -0.472027        0.00000
      15      -0.310803        0.00000
      16      -0.263941        0.00000
      17       0.441335        0.00000
      18        6.28248        0.00000
      19        9.07362        0.00000
      20        9.43705        0.00000
      21        10.1847        0.00000
      22        11.1599        0.00000
      23        11.5202        0.00000

 79/545 kpoint (Cartesian) = 0.028425 -0.038292 0.0000 (34921 pws)
       1       -63.6378     0.00367309
       2       -37.9035     0.00367309
       3       -37.7784     0.00367309
       4       -37.7312     0.00367309
       5       -16.9790     0.00367309
       6       -15.8169     0.00367309
       7       -8.36638     0.00367309
       8       -6.11501     0.00367309
       9       -5.58916     0.00367309
      10       -5.32160     0.00367309
      11       -4.88669     0.00367309
      12       -3.98831     0.00367309
      13       -3.01017     0.00367309
      14      -0.358940        0.00000
      15      -0.292241        0.00000
      16      -0.175735        0.00000
      17       0.292069        0.00000
      18        5.92519        0.00000
      19        9.14687        0.00000
      20        9.43231        0.00000
      21        10.3466        0.00000
      22        11.0866        0.00000
      23        11.5787        0.00000

 80/545 kpoint (Cartesian) = 0.018950 -0.032822 0.0000 (34963 pws)
       1       -63.6399     0.00367309
       2       -37.9077     0.00367309
       3       -37.7569     0.00367309
       4       -37.7258     0.00367309
       5       -17.0689     0.00367309
       6       -15.8534     0.00367309
       7       -8.46689     0.00367309
       8       -5.93564     0.00367309
       9       -5.41642     0.00367309
      10       -5.38471     0.00367309
      11       -4.72534     0.00367309
      12       -4.05482     0.00367309
      13       -2.92504     0.00367309
      14      -0.246495        0.00000
      15      -0.233685        0.00000
      16     -0.0937628        0.00000
      17       0.160458        0.00000
      18        5.60378        0.00000
      19        8.91577        0.00000
      20        9.80336        0.00000
      21        10.5010        0.00000
      22        11.0184        0.00000
      23        11.4728        0.00000

 81/545 kpoint (Cartesian) = 0.0094749 -0.027352 0.0000 (34963 pws)
       1       -63.6415     0.00367309
       2       -37.9108     0.00367309
       3       -37.7409     0.00367309
       4       -37.7220     0.00367309
       5       -17.1345     0.00367309
       6       -15.8800     0.00367309
       7       -8.54299     0.00367309
       8       -5.79537     0.00367309
       9       -5.48097     0.00367309
      10       -5.20336     0.00367309
      11       -4.60418     0.00367309
      12       -4.14501     0.00367309
      13       -2.86933     0.00367309
      14      -0.182966        0.00000
      15      -0.132243        0.00000
      16     -0.0296423        0.00000
      17      0.0623452        0.00000
      18        5.35111        0.00000
      19        8.75778        0.00000
      20        10.1350        0.00000
      21        10.6341        0.00000
      22        10.9968        0.00000
      23        11.3268        0.00000

 82/545 kpoint (Cartesian) = 0.0000 0.021881 0.0000 (34971 pws)
       1       -63.6425     0.00367309
       2       -37.9127     0.00367309
       3       -37.7306     0.00367309
       4       -37.7200     0.00367309
       5       -17.1745     0.00367309
       6       -15.8961     0.00367309
       7       -8.59023     0.00367309
       8       -5.70781     0.00367309
       9       -5.52005     0.00367309
      10       -5.05518     0.00367309
      11       -4.54546     0.00367309
      12       -4.22136     0.00367309
      13       -2.83838     0.00367309
      14      -0.152972        0.00000
      15     -0.0558858        0.00000
      16     0.00771348        0.00000
      17      0.0175561        0.00000
      18        5.19026        0.00000
      19        8.67008        0.00000
      20        10.3528        0.00000
      21        10.7283        0.00000
      22        11.0057        0.00000
      23        11.2543        0.00000

 83/545 kpoint (Cartesian) = 0.0094749 0.016411 0.0000 (34977 pws)
       1       -63.6428     0.00367309
       2       -37.9134     0.00367309
       3       -37.7266     0.00367309
       4       -37.7198     0.00367309
       5       -17.1879     0.00367309
       6       -15.9015     0.00367309
       7       -8.60626     0.00367309
       8       -5.68086     0.00367309
       9       -5.53002     0.00367309
      10       -4.98847     0.00367309
      11       -4.54575     0.00367309
      12       -4.24407     0.00367309
      13       -2.82830     0.00367309
      14      -0.156860        0.00000
      15     -0.0200521        0.00000
      16     0.00709974        0.00000
      17      0.0228385        0.00000
      18        5.13501        0.00000
      19        8.64257        0.00000
      20        10.4220        0.00000
      21        10.7629        0.00000
      22        11.0034        0.00000
      23        11.2567        0.00000

 84/545 kpoint (Cartesian) = 0.028425 0.016411 0.0000 (34943 pws)
       1       -63.6409     0.00367309
       2       -37.9096     0.00367309
       3       -37.7465     0.00367309
       4       -37.7243     0.00367309
       5       -17.1085     0.00367309
       6       -15.8688     0.00367309
       7       -8.51278     0.00367309
       8       -5.86216     0.00367309
       9       -5.44421     0.00367309
      10       -5.27078     0.00367309
      11       -4.66723     0.00367309
      12       -4.10417     0.00367309
      13       -2.88794     0.00367309
      14      -0.234653        0.00000
      15      -0.165569        0.00000
      16     -0.0683811        0.00000
      17       0.131121        0.00000
      18        5.45192        0.00000
      19        8.81859        0.00000
      20        9.99469        0.00000
      21        10.5739        0.00000
      22        11.0357        0.00000
      23        11.3498        0.00000

 85/545 kpoint (Cartesian) = 0.037900 0.010941 0.0000 (34935 pws)
       1       -63.6396     0.00367309
       2       -37.9071     0.00367309
       3       -37.7594     0.00367309
       4       -37.7272     0.00367309
       5       -17.0563     0.00367309
       6       -15.8475     0.00367309
       7       -8.45295     0.00367309
       8       -5.97103     0.00367309
       9       -5.41173     0.00367309
      10       -5.38945     0.00367309
      11       -4.75544     0.00367309
      12       -4.04977     0.00367309
      13       -2.93293     0.00367309
      14      -0.269167        0.00000
      15      -0.248163        0.00000
      16      -0.115756        0.00000
      17       0.201823        0.00000
      18        5.64843        0.00000
      19        8.94713        0.00000
      20        9.74649        0.00000
      21        10.4718        0.00000
      22        11.0533        0.00000
      23        11.4645        0.00000

 86/545 kpoint (Cartesian) = 0.047375 0.0054703 0.0000 (34921 pws)
       1       -63.6378     0.00367309
       2       -37.9035     0.00367309
       3       -37.7775     0.00367309
       4       -37.7319     0.00367309
       5       -16.9795     0.00367309
       6       -15.8162     0.00367309
       7       -8.36714     0.00367309
       8       -6.12118     0.00367309
       9       -5.57356     0.00367309
      10       -5.31586     0.00367309
      11       -4.90964     0.00367309
      12       -3.98372     0.00367309
      13       -3.00512     0.00367309
      14      -0.354546        0.00000
      15      -0.313569        0.00000
      16      -0.182904        0.00000
      17       0.315445        0.00000
      18        5.92304        0.00000
      19        9.14412        0.00000
      20        9.43109        0.00000
      21        10.3470        0.00000
      22        11.0806        0.00000
      23        11.5931        0.00000

 87/545 kpoint (Cartesian) = 0.056849 0.0000 0.0000 (34885 pws)
       1       -63.6355     0.00367309
       2       -37.8989     0.00367309
       3       -37.8004     0.00367309
       4       -37.7382     0.00367309
       5       -16.8795     0.00367309
       6       -15.7754     0.00367309
       7       -8.26117     0.00367309
       8       -6.29952     0.00367309
       9       -5.74964     0.00367309
      10       -5.22274     0.00367309
      11       -5.10635     0.00367309
      12       -3.93481     0.00367309
      13       -3.10685     0.00367309
      14      -0.465724        0.00000
      15      -0.347974        0.00000
      16      -0.259242        0.00000
      17       0.457886        0.00000
      18        6.24922        0.00000
      19        9.10417        0.00000
      20        9.40186        0.00000
      21        10.2105        0.00000
      22        11.1470        0.00000
      23        11.5094        0.00000

 88/545 kpoint (Cartesian) = 0.066324 -0.0054703 0.0000 (34854 pws)
       1       -63.6328     0.00367309
       2       -37.8934     0.00367309
       3       -37.8270     0.00367309
       4       -37.7458     0.00367309
       5       -16.7587     0.00367309
       6       -15.7261     0.00367309
       7       -8.14501     0.00367309
       8       -6.48966     0.00367309
       9       -5.93792     0.00367309
      10       -5.31893     0.00367309
      11       -5.11727     0.00367309
      12       -3.92292     0.00367309
      13       -3.23633     0.00367309
      14      -0.572203        0.00000
      15      -0.348880        0.00000
      16      -0.329587        0.00000
      17       0.613540        0.00000
      18        6.58800        0.00000
      19        8.80495        0.00000
      20        9.69281        0.00000
      21        10.0702        0.00000
      22        11.1839        0.00000
      23        11.3919        0.00000

 89/545 kpoint (Cartesian) = 0.075799 -0.010941 0.0000 (34836 pws)
       1       -63.6298     0.00367309
       2       -37.8874     0.00367309
       3       -37.8565     0.00367309
       4       -37.7544     0.00367309
       5       -16.6198     0.00367309
       6       -15.6695     0.00367309
       7       -8.03554     0.00367309
       8       -6.67080     0.00367309
       9       -6.14370     0.00367309
      10       -5.52131     0.00367309
      11       -5.00876     0.00367309
      12       -3.95562     0.00367309
      13       -3.38458     0.00367309
      14      -0.664419        0.00000
      15      -0.394470        0.00000
      16      -0.292504        0.00000
      17       0.770149        0.00000
      18        6.88482        0.00000
      19        8.54914        0.00000
      20        9.81229        0.00000
      21        10.0899        0.00000
      22        11.0555        0.00000
      23        11.3979        0.00000

 90/545 kpoint (Cartesian) = 0.085274 -0.016411 0.0000 (34827 pws)
       1       -63.6265     0.00367309
       2       -37.8879     0.00367309
       3       -37.8808     0.00367309
       4       -37.7636     0.00367309
       5       -16.4664     0.00367309
       6       -15.6071     0.00367309
       7       -7.95996     0.00367309
       8       -6.81571     0.00367309
       9       -6.37107     0.00367309
      10       -5.69501     0.00367309
      11       -4.90781     0.00367309
      12       -4.02971     0.00367309
      13       -3.53380     0.00367309
      14      -0.735509        0.00000
      15      -0.435602        0.00000
      16      -0.190674        0.00000
      17       0.918854        0.00000
      18        7.07107        0.00000
      19        8.33574        0.00000
      20        9.61926        0.00000
      21        10.3519        0.00000
      22        10.9452        0.00000
      23        11.2811        0.00000

 91/545 kpoint (Cartesian) = 0.094749 -0.021881 0.0000 (34829 pws)
       1       -63.6232     0.00367309
       2       -37.9199     0.00367309
       3       -37.8742     0.00367309
       4       -37.7731     0.00367309
       5       -16.3026     0.00367309
       6       -15.5406     0.00367309
       7       -7.95099     0.00367309
       8       -6.89618     0.00367309
       9       -6.61552     0.00367309
      10       -5.83303     0.00367309
      11       -4.82690     0.00367309
      12       -4.13491     0.00367309
      13       -3.65884     0.00367309
      14      -0.780624        0.00000
      15      -0.457502        0.00000
      16     -0.0469939        0.00000
      17        1.05363        0.00000
      18        7.08546        0.00000
      19        8.15297        0.00000
      20        9.36952        0.00000
      21        10.5430        0.00000
      22        10.9665        0.00000
      23        11.3561        0.00000

 92/545 kpoint (Cartesian) = 0.10422 -0.027352 0.0000 (34822 pws)
       1       -63.6198     0.00367309
       2       -37.9514     0.00367309
       3       -37.8675     0.00367309
       4       -37.7825     0.00367309
       5       -16.1333     0.00367309
       6       -15.4721     0.00367309
       7       -8.02024     0.00367309
       8       -6.90948     0.00367309
       9       -6.86510     0.00367309
      10       -5.93805     0.00367309
      11       -4.77456     0.00367309
      12       -4.25848     0.00367309
      13       -3.73450     0.00367309
      14      -0.797485        0.00000
      15      -0.462557        0.00000
      16       0.124759        0.00000
      17        1.17073        0.00000
      18        6.90968        0.00000
      19        7.99401        0.00000
      20        9.10357        0.00000
      21        10.6459        0.00000
      22        11.1437        0.00000
      23        11.5891        0.00000

 93/545 kpoint (Cartesian) = 0.11370 -0.032822 0.0000 (34803 pws)
       1       -63.6167     0.00367309
       2       -37.9814     0.00367309
       3       -37.8612     0.00367309
       4       -37.7915     0.00367309
       5       -15.9644     0.00367309
       6       -15.4043     0.00367309
       7       -8.14324     0.00367309
       8       -7.10725     0.00367309
       9       -6.88977     0.00367309
      10       -6.01578     0.00367309
      11       -4.74558     0.00367309
      12       -4.38838     0.00367309
      13       -3.74927     0.00367309
      14      -0.788388        0.00000
      15      -0.453274        0.00000
      16       0.309859        0.00000
      17        1.26824        0.00000
      18        6.57858        0.00000
      19        7.86517        0.00000
      20        8.84480        0.00000
      21        10.7228        0.00000
      22        11.4051        0.00000
      23        11.7447        0.00000

 94/545 kpoint (Cartesian) = 0.12317 -0.038292 0.0000 (34789 pws)
       1       -63.6137     0.00367309
       2       -38.0087     0.00367309
       3       -37.8553     0.00367309
       4       -37.7998     0.00367309
       5       -15.8023     0.00367309
       6       -15.3397     0.00367309
       7       -8.28661     0.00367309
       8       -7.33010     0.00367309
       9       -6.87660     0.00367309
      10       -6.07151     0.00367309
      11       -4.72134     0.00367309
      12       -4.51447     0.00367309
      13       -3.71183     0.00367309
      14      -0.762723        0.00000
      15      -0.428858        0.00000
      16       0.494477        0.00000
      17        1.34554        0.00000
      18        6.15858        0.00000
      19        7.76861        0.00000
      20        8.60918        0.00000
      21        10.8054        0.00000
      22        11.5096        0.00000
      23        11.9139        0.00000

 95/545 kpoint (Cartesian) = 0.13265 -0.043763 0.0000 (34780 pws)
       1       -63.6112     0.00367309
       2       -38.0324     0.00367309
       3       -37.8502     0.00367309
       4       -37.8069     0.00367309
       5       -15.6544     0.00367309
       6       -15.2812     0.00367309
       7       -8.42688     0.00367309
       8       -7.52479     0.00367309
       9       -6.88716     0.00367309
      10       -6.10975     0.00367309
      11       -4.68813     0.00367309
      12       -4.62804     0.00367309
      13       -3.64054     0.00367309
      14      -0.736632        0.00000
      15      -0.384858        0.00000
      16       0.666318        0.00000
      17        1.40312        0.00000
      18        5.71701        0.00000
      19        7.69951        0.00000
      20        8.40694        0.00000
      21        10.8975        0.00000
      22        11.4458        0.00000
      23        11.9441        0.00000

 96/545 kpoint (Cartesian) = 0.14212 -0.049233 0.0000 (34772 pws)
       1       -63.6091     0.00367309
       2       -38.0518     0.00367309
       3       -37.8461     0.00367309
       4       -37.8128     0.00367309
       5       -15.5283     0.00367309
       6       -15.2320     0.00367309
       7       -8.54931     0.00367309
       8       -7.68395     0.00367309
       9       -6.91786     0.00367309
      10       -6.13445     0.00367309
      11       -4.72614     0.00367309
      12       -4.64366     0.00367309
      13       -3.55375     0.00367309
      14      -0.724026        0.00000
      15      -0.321107        0.00000
      16       0.814531        0.00000
      17        1.44255        0.00000
      18        5.30909        0.00000
      19        7.65240        0.00000
      20        8.24451        0.00000
      21        10.9919        0.00000
      22        11.3551        0.00000
      23        11.7585        0.00000

 97/545 kpoint (Cartesian) = 0.15160 -0.054703 0.0000 (34752 pws)
       1       -63.6076     0.00367309
       2       -38.0661     0.00367309
       3       -37.8430     0.00367309
       4       -37.8171     0.00367309
       5       -15.4314     0.00367309
       6       -15.1945     0.00367309
       7       -8.64393     0.00367309
       8       -7.80177     0.00367309
       9       -6.95474     0.00367309
      10       -6.14922     0.00367309
      11       -4.79817     0.00367309
      12       -4.60389     0.00367309
      13       -3.46991     0.00367309
      14      -0.725958        0.00000
      15      -0.250882        0.00000
      16       0.929191        0.00000
      17        1.46681        0.00000
      18        4.97954        0.00000
      19        7.62278        0.00000
      20        8.12592        0.00000
      21        11.0757        0.00000
      22        11.2786        0.00000
      23        11.5888        0.00000

 98/545 kpoint (Cartesian) = 0.16107 -0.060174 0.0000 (34771 pws)
       1       -63.6066     0.00367309
       2       -38.0749     0.00367309
       3       -37.8411     0.00367309
       4       -37.8198     0.00367309
       5       -15.3703     0.00367309
       6       -15.1711     0.00367309
       7       -8.70365     0.00367309
       8       -7.87398     0.00367309
       9       -6.98342     0.00367309
      10       -6.15708     0.00367309
      11       -4.84302     0.00367309
      12       -4.57585     0.00367309
      13       -3.40862     0.00367309
      14      -0.733587        0.00000
      15      -0.196078        0.00000
      16        1.00094        0.00000
      17        1.48050        0.00000
      18        4.76459        0.00000
      19        7.60709        0.00000
      20        8.05356        0.00000
      21        11.1337        0.00000
      22        11.2319        0.00000
      23        11.4753        0.00000

 99/545 kpoint (Cartesian) = 0.17055 -0.065644 0.0000 (34770 pws)
       1       -63.6063     0.00367309
       2       -38.0779     0.00367309
       3       -37.8404     0.00367309
       4       -37.8206     0.00367309
       5       -15.3494     0.00367309
       6       -15.1632     0.00367309
       7       -8.72401     0.00367309
       8       -7.89793     0.00367309
       9       -6.99423     0.00367309
      10       -6.16014     0.00367309
      11       -4.85780     0.00367309
      12       -4.56537     0.00367309
      13       -3.38646     0.00367309
      14      -0.737385        0.00000
      15      -0.175691        0.00000
      16        1.02242        0.00000
      17        1.48820        0.00000
      18        4.68972        0.00000
      19        7.60288        0.00000
      20        8.02870        0.00000
      21        11.1540        0.00000
      22        11.2153        0.00000
      23        11.4370        0.00000

 100/545 kpoint (Cartesian) = 0.18002 -0.071114 0.0000 (34771 pws)
       1       -63.6066     0.00367309
       2       -38.0750     0.00367309
       3       -37.8411     0.00367309
       4       -37.8197     0.00367309
       5       -15.3702     0.00367309
       6       -15.1714     0.00367309
       7       -8.70345     0.00367309
       8       -7.87274     0.00367309
       9       -6.98385     0.00367309
      10       -6.15906     0.00367309
      11       -4.84162     0.00367309
      12       -4.57411     0.00367309
      13       -3.41012     0.00367309
      14      -0.733396        0.00000
      15      -0.197143        0.00000
      16       0.991998        0.00000
      17        1.49059        0.00000
      18        4.76440        0.00000
      19        7.60921        0.00000
      20        8.05182        0.00000
      21        11.1339        0.00000
      22        11.2254        0.00000
      23        11.4810        0.00000

 101/545 kpoint (Cartesian) = 0.12317 -0.10394 0.0000 (34752 pws)
       1       -63.6076     0.00367309
       2       -38.0662     0.00367309
       3       -37.8430     0.00367309
       4       -37.8170     0.00367309
       5       -15.4311     0.00367309
       6       -15.1951     0.00367309
       7       -8.64355     0.00367309
       8       -7.79936     0.00367309
       9       -6.95550     0.00367309
      10       -6.15296     0.00367309
      11       -4.79548     0.00367309
      12       -4.60061     0.00367309
      13       -3.47293     0.00367309
      14      -0.725492        0.00000
      15      -0.252914        0.00000
      16       0.914615        0.00000
      17        1.48351        0.00000
      18        4.97913        0.00000
      19        7.62681        0.00000
      20        8.12263        0.00000
      21        11.0758        0.00000
      22        11.2692        0.00000
      23        11.5969        0.00000

 102/545 kpoint (Cartesian) = 0.11370 -0.098466 0.0000 (34772 pws)
       1       -63.6091     0.00367309
       2       -38.0520     0.00367309
       3       -37.8460     0.00367309
       4       -37.8127     0.00367309
       5       -15.5278     0.00367309
       6       -15.2328     0.00367309
       7       -8.54877     0.00367309
       8       -7.68048     0.00367309
       9       -6.91873     0.00367309
      10       -6.13959     0.00367309
      11       -4.72213     0.00367309
      12       -4.63956     0.00367309
      13       -3.55825     0.00367309
      14      -0.723091        0.00000
      15      -0.323990        0.00000
      16       0.798180        0.00000
      17        1.46170        0.00000
      18        5.30844        0.00000
      19        7.65800        0.00000
      20        8.24002        0.00000
      21        10.9918        0.00000
      22        11.3456        0.00000
      23        11.7664        0.00000

 103/545 kpoint (Cartesian) = 0.10422 -0.092996 0.0000 (34780 pws)
       1       -63.6112     0.00367309
       2       -38.0327     0.00367309
       3       -37.8502     0.00367309
       4       -37.8068     0.00367309
       5       -15.6539     0.00367309
       6       -15.2822     0.00367309
       7       -8.42623     0.00367309
       8       -7.52047     0.00367309
       9       -6.88782     0.00367309
      10       -6.11580     0.00367309
      11       -4.68163     0.00367309
      12       -4.62521     0.00367309
      13       -3.64641     0.00367309
      14      -0.734925        0.00000
      15      -0.388532        0.00000
      16       0.650952        0.00000
      17        1.42159        0.00000
      18        5.71615        0.00000
      19        7.70628        0.00000
      20        8.40165        0.00000
      21        10.8972        0.00000
      22        11.4375        0.00000
      23        11.9491        0.00000

 104/545 kpoint (Cartesian) = 0.094749 -0.087525 0.0000 (34789 pws)
       1       -63.6137     0.00367309
       2       -38.0090     0.00367309
       3       -37.8553     0.00367309
       4       -37.7995     0.00367309
       5       -15.8017     0.00367309
       6       -15.3408     0.00367309
       7       -8.28591     0.00367309
       8       -7.32525     0.00367309
       9       -6.87666     0.00367309
      10       -6.07790     0.00367309
      11       -4.71565     0.00367309
      12       -4.51070     0.00367309
      13       -3.71885     0.00367309
      14      -0.759929        0.00000
      15      -0.433289        0.00000
      16       0.481652        0.00000
      17        1.36140        0.00000
      18        6.15764        0.00000
      19        7.77619        0.00000
      20        8.60351        0.00000
      21        10.8052        0.00000
      22        11.5028        0.00000
      23        11.9132        0.00000

 105/545 kpoint (Cartesian) = 0.085274 -0.082055 0.0000 (34803 pws)
       1       -63.6167     0.00367309
       2       -37.9817     0.00367309
       3       -37.8611     0.00367309
       4       -37.7913     0.00367309
       5       -15.9637     0.00367309
       6       -15.4055     0.00367309
       7       -8.14260     0.00367309
       8       -7.10235     0.00367309
       9       -6.88890     0.00367309
      10       -6.02178     0.00367309
      11       -4.74088     0.00367309
      12       -4.38454     0.00367309
      13       -3.75711     0.00367309
      14      -0.784236        0.00000
      15      -0.458450        0.00000
      16       0.300303        0.00000
      17        1.28045        0.00000
      18        6.57786        0.00000
      19        7.87319        0.00000
      20        8.83908        0.00000
      21        10.7231        0.00000
      22        11.3987        0.00000
      23        11.7445        0.00000

 106/545 kpoint (Cartesian) = 0.075799 -0.076585 0.0000 (34822 pws)
       1       -63.6198     0.00367309
       2       -37.9518     0.00367309
       3       -37.8675     0.00367309
       4       -37.7822     0.00367309
       5       -16.1326     0.00367309
       6       -15.4734     0.00367309
       7       -8.01975     0.00367309
       8       -6.90739     0.00367309
       9       -6.86103     0.00367309
      10       -5.94276     0.00367309
      11       -4.77139     0.00367309
      12       -4.25488     0.00367309
      13       -3.74270     0.00367309
      14      -0.791806        0.00000
      15      -0.468483        0.00000
      16       0.118740        0.00000
      17        1.17883        0.00000
      18        6.90987        0.00000
      19        8.00173        0.00000
      20        9.09805        0.00000
      21        10.6476        0.00000
      22        11.1369        0.00000
      23        11.5880        0.00000

 107/545 kpoint (Cartesian) = 0.066324 -0.071114 0.0000 (34829 pws)
       1       -63.6232     0.00367309
       2       -37.9204     0.00367309
       3       -37.8741     0.00367309
       4       -37.7728     0.00367309
       5       -16.3019     0.00367309
       6       -15.5418     0.00367309
       7       -7.95066     0.00367309
       8       -6.89318     0.00367309
       9       -6.61319     0.00367309
      10       -5.83519     0.00367309
      11       -4.82555     0.00367309
      12       -4.13179     0.00367309
      13       -3.66697     0.00367309
      14      -0.773519        0.00000
      15      -0.464072        0.00000
      16     -0.0493839        0.00000
      17        1.05742        0.00000
      18        7.08742        0.00000
      19        8.15913        0.00000
      20        9.36438        0.00000
      21        10.5470        0.00000
      22        10.9587        0.00000
      23        11.3528        0.00000

 108/545 kpoint (Cartesian) = 0.056849 -0.065644 0.0000 (34827 pws)
       1       -63.6265     0.00367309
       2       -37.8884     0.00367309
       3       -37.8808     0.00367309
       4       -37.7632     0.00367309
       5       -16.4657     0.00367309
       6       -15.6082     0.00367309
       7       -7.95962     0.00367309
       8       -6.81205     0.00367309
       9       -6.37192     0.00367309
      10       -5.69317     0.00367309
      11       -4.90818     0.00367309
      12       -4.02734     0.00367309
      13       -3.54156     0.00367309
      14      -0.727569        0.00000
      15      -0.442438        0.00000
      16      -0.189302        0.00000
      17       0.918316        0.00000
      18        7.07479        0.00000
      19        8.33947        0.00000
      20        9.61473        0.00000
      21        10.3572        0.00000
      22        10.9370        0.00000
      23        11.2766        0.00000

 109/545 kpoint (Cartesian) = 0.047375 -0.060174 0.0000 (34836 pws)
       1       -63.6298     0.00367309
       2       -37.8873     0.00367309
       3       -37.8571     0.00367309
       4       -37.7540     0.00367309
       5       -16.6192     0.00367309
       6       -15.6706     0.00367309
       7       -8.03506     0.00367309
       8       -6.66675     0.00367309
       9       -6.14862     0.00367309
      10       -5.51449     0.00367309
      11       -5.01055     0.00367309
      12       -3.95430     0.00367309
      13       -3.39174     0.00367309
      14      -0.656862        0.00000
      15      -0.400980        0.00000
      16      -0.286862        0.00000
      17       0.765239        0.00000
      18        6.88912        0.00000
      19        8.55083        0.00000
      20        9.80927        0.00000
      21        10.0941        0.00000
      22        11.0485        0.00000
      23        11.3927        0.00000

 110/545 kpoint (Cartesian) = 0.037900 -0.054703 0.0000 (34854 pws)
       1       -63.6328     0.00367309
       2       -37.8934     0.00367309
       3       -37.8276     0.00367309
       4       -37.7453     0.00367309
       5       -16.7582     0.00367309
       6       -15.7270     0.00367309
       7       -8.14441     0.00367309
       8       -6.48528     0.00367309
       9       -5.94658     0.00367309
      10       -5.30735     0.00367309
      11       -5.12016     0.00367309
      12       -3.92295     0.00367309
      13       -3.24266     0.00367309
      14      -0.566710        0.00000
      15      -0.350132        0.00000
      16      -0.322977        0.00000
      17       0.604140        0.00000
      18        6.59182        0.00000
      19        8.80551        0.00000
      20        9.69562        0.00000
      21        10.0688        0.00000
      22        11.1838        0.00000
      23        11.3919        0.00000

 111/545 kpoint (Cartesian) = 0.028425 -0.049233 0.0000 (34885 pws)
       1       -63.6355     0.00367309
       2       -37.8989     0.00367309
       3       -37.8010     0.00367309
       4       -37.7377     0.00367309
       5       -16.8791     0.00367309
       6       -15.7762     0.00367309
       7       -8.26054     0.00367309
       8       -6.29479     0.00367309
       9       -5.76088     0.00367309
      10       -5.22668     0.00367309
      11       -5.09077     0.00367309
      12       -3.93658     0.00367309
      13       -3.11215     0.00367309
      14      -0.463850        0.00000
      15      -0.336619        0.00000
      16      -0.257344        0.00000
      17       0.443780        0.00000
      18        6.25215        0.00000
      19        9.10448        0.00000
      20        9.40452        0.00000
      21        10.2095        0.00000
      22        11.1543        0.00000
      23        11.5016        0.00000

 112/545 kpoint (Cartesian) = 0.018950 -0.043763 0.0000 (34921 pws)
       1       -63.6378     0.00367309
       2       -37.9035     0.00367309
       3       -37.7782     0.00367309
       4       -37.7313     0.00367309
       5       -16.9791     0.00367309
       6       -15.8168     0.00367309
       7       -8.36656     0.00367309
       8       -6.11607     0.00367309
       9       -5.58624     0.00367309
      10       -5.32032     0.00367309
      11       -4.89109     0.00367309
      12       -3.98771     0.00367309
      13       -3.00925     0.00367309
      14      -0.356884        0.00000
      15      -0.296990        0.00000
      16      -0.177656        0.00000
      17       0.296548        0.00000
      18        5.92504        0.00000
      19        9.14628        0.00000
      20        9.43184        0.00000
      21        10.3467        0.00000
      22        11.0877        0.00000
      23        11.5794        0.00000

 113/545 kpoint (Cartesian) = 0.0094749 -0.038292 0.0000 (34935 pws)
       1       -63.6396     0.00367309
       2       -37.9071     0.00367309
       3       -37.7600     0.00367309
       4       -37.7266     0.00367309
       5       -17.0561     0.00367309
       6       -15.8480     0.00367309
       7       -8.45249     0.00367309
       8       -5.96577     0.00367309
       9       -5.42668     0.00367309
      10       -5.39196     0.00367309
      11       -4.73508     0.00367309
      12       -4.05615     0.00367309
      13       -2.93584     0.00367309
      14      -0.257069        0.00000
      15      -0.246208        0.00000
      16      -0.107200        0.00000
      17       0.179487        0.00000
      18        5.64965        0.00000
      19        8.94859        0.00000
      20        9.74864        0.00000
      21        10.4719        0.00000
      22        11.0576        0.00000
      23        11.4518        0.00000

 114/545 kpoint (Cartesian) = 0.0000 0.032822 0.0000 (34943 pws)
       1       -63.6409     0.00367309
       2       -37.9095     0.00367309
       3       -37.7471     0.00367309
       4       -37.7238     0.00367309
       5       -17.1083     0.00367309
       6       -15.8691     0.00367309
       7       -8.51249     0.00367309
       8       -5.85767     0.00367309
       9       -5.44917     0.00367309
      10       -5.28059     0.00367309
      11       -4.64900     0.00367309
      12       -4.11108     0.00367309
      13       -2.88966     0.00367309
      14      -0.215748        0.00000
      15      -0.174504        0.00000
      16     -0.0585861        0.00000
      17       0.111449        0.00000
      18        5.45255        0.00000
      19        8.81942        0.00000
      20        9.99803        0.00000
      21        10.5741        0.00000
      22        11.0342        0.00000
      23        11.3436        0.00000

 115/545 kpoint (Cartesian) = 0.0094749 0.027352 0.0000 (34963 pws)
       1       -63.6415     0.00367309
       2       -37.9108     0.00367309
       3       -37.7401     0.00367309
       4       -37.7228     0.00367309
       5       -17.1347     0.00367309
       6       -15.8797     0.00367309
       7       -8.54328     0.00367309
       8       -5.80211     0.00367309
       9       -5.47433     0.00367309
      10       -5.18933     0.00367309
      11       -4.63173     0.00367309
      12       -4.13221     0.00367309
      13       -2.86739     0.00367309
      14      -0.212706        0.00000
      15      -0.124353        0.00000
      16     -0.0386441        0.00000
      17      0.0929031        0.00000
      18        5.35007        0.00000
      19        8.75693        0.00000
      20        10.1330        0.00000
      21        10.6339        0.00000
      22        10.9823        0.00000
      23        11.3494        0.00000

 116/545 kpoint (Cartesian) = 0.018950 0.021881 0.0000 (34963 pws)
       1       -63.6415     0.00367309
       2       -37.9108     0.00367309
       3       -37.7398     0.00367309
       4       -37.7230     0.00367309
       5       -17.1348     0.00367309
       6       -15.8796     0.00367309
       7       -8.54338     0.00367309
       8       -5.80402     0.00367309
       9       -5.47231     0.00367309
      10       -5.18503     0.00367309
      11       -4.63953     0.00367309
      12       -4.12917     0.00367309
      13       -2.86682     0.00367309
      14      -0.220129        0.00000
      15      -0.119553        0.00000
      16     -0.0437975        0.00000
      17       0.100661        0.00000
      18        5.34988        0.00000
      19        8.75666        0.00000
      20        10.1311        0.00000
      21        10.6338        0.00000
      22        10.9845        0.00000
      23        11.3507        0.00000

 117/545 kpoint (Cartesian) = 0.037900 0.021881 0.0000 (34937 pws)
       1       -63.6387     0.00367309
       2       -37.9053     0.00367309
       3       -37.7687     0.00367309
       4       -37.7294     0.00367309
       5       -17.0179     0.00367309
       6       -15.8315     0.00367309
       7       -8.41026     0.00367309
       8       -6.05256     0.00367309
       9       -5.50632     0.00367309
      10       -5.34717     0.00367309
      11       -4.79805     0.00367309
      12       -4.04399     0.00367309
      13       -2.96741     0.00367309
      14      -0.303896        0.00000
      15      -0.274502        0.00000
      16      -0.152387        0.00000
      17       0.251289        0.00000
      18        5.78395        0.00000
      19        9.04624        0.00000
      20        9.58965        0.00000
      21        10.3961        0.00000
      22        11.1127        0.00000
      23        11.4804        0.00000

 118/545 kpoint (Cartesian) = 0.047375 0.016411 0.0000 (34927 pws)
       1       -63.6373     0.00367309
       2       -37.9023     0.00367309
       3       -37.7838     0.00367309
       4       -37.7330     0.00367309
       5       -16.9545     0.00367309
       6       -15.8056     0.00367309
       7       -8.34120     0.00367309
       8       -6.17334     0.00367309
       9       -5.63898     0.00367309
      10       -5.28420     0.00367309
      11       -4.90734     0.00367309
      12       -4.01299     0.00367309
      13       -3.02951     0.00367309
      14      -0.378425        0.00000
      15      -0.295772        0.00000
      16      -0.206912        0.00000
      17       0.335902        0.00000
      18        6.00088        0.00000
      19        9.21067        0.00000
      20        9.35142        0.00000
      21        10.2957        0.00000
      22        11.1302        0.00000
      23        11.5790        0.00000

 119/545 kpoint (Cartesian) = 0.056849 0.010941 0.0000 (34878 pws)
       1       -63.6353     0.00367309
       2       -37.8983     0.00367309
       3       -37.8034     0.00367309
       4       -37.7386     0.00367309
       5       -16.8675     0.00367309
       6       -15.7700     0.00367309
       7       -8.25038     0.00367309
       8       -6.32427     0.00367309
       9       -5.78303     0.00367309
      10       -5.20493     0.00367309
      11       -5.09335     0.00367309
      12       -3.96323     0.00367309
      13       -3.11896     0.00367309
      14      -0.470201        0.00000
      15      -0.328412        0.00000
      16      -0.272441        0.00000
      17       0.464122        0.00000
      18        6.27953        0.00000
      19        9.07349        0.00000
      20        9.43142        0.00000
      21        10.1867        0.00000
      22        11.1530        0.00000
      23        11.5298        0.00000

 120/545 kpoint (Cartesian) = 0.066324 0.0054703 0.0000 (34854 pws)
       1       -63.6328     0.00367309
       2       -37.8935     0.00367309
       3       -37.8268     0.00367309
       4       -37.7460     0.00367309
       5       -16.7590     0.00367309
       6       -15.7257     0.00367309
       7       -8.14554     0.00367309
       8       -6.49103     0.00367309
       9       -5.93196     0.00367309
      10       -5.32630     0.00367309
      11       -5.11585     0.00367309
      12       -3.92338     0.00367309
      13       -3.23401     0.00367309
      14      -0.570769        0.00000
      15      -0.352374        0.00000
      16      -0.332689        0.00000
      17       0.618190        0.00000
      18        6.58795        0.00000
      19        8.80555        0.00000
      20        9.68868        0.00000
      21        10.0728        0.00000
      22        11.1773        0.00000
      23        11.3997        0.00000

 121/545 kpoint (Cartesian) = 0.075799 0.0000 0.0000 (34807 pws)
       1       -63.6300     0.00367309
       2       -37.8879     0.00367309
       3       -37.8531     0.00367309
       4       -37.7548     0.00367309
       5       -16.6313     0.00367309
       6       -15.6735     0.00367309
       7       -8.04007     0.00367309
       8       -6.65535     0.00367309
       9       -6.09090     0.00367309
      10       -5.56964     0.00367309
      11       -5.02762     0.00367309
      12       -3.91547     0.00367309
      13       -3.36733     0.00367309
      14      -0.670104        0.00000
      15      -0.386802        0.00000
      16      -0.335799        0.00000
      17       0.780378        0.00000
      18        6.87611        0.00000
      19        8.58424        0.00000
      20        9.92788        0.00000
      21        9.96187        0.00000
      22        11.0710        0.00000
      23        11.3324        0.00000

 122/545 kpoint (Cartesian) = 0.085274 -0.0054703 0.0000 (34820 pws)
       1       -63.6270     0.00367309
       2       -37.8820     0.00367309
       3       -37.8812     0.00367309
       4       -37.7647     0.00367309
       5       -16.4877     0.00367309
       6       -15.6147     0.00367309
       7       -7.95617     0.00367309
       8       -6.79314     0.00367309
       9       -6.27682     0.00367309
      10       -5.78552     0.00367309
      11       -4.95258     0.00367309
      12       -3.94917     0.00367309
      13       -3.50386     0.00367309
      14      -0.754750        0.00000
      15      -0.417879        0.00000
      16      -0.280594        0.00000
      17       0.937800        0.00000
      18        7.07424        0.00000
      19        8.42973        0.00000
      20        9.75562        0.00000
      21        10.1718        0.00000
      22        10.9133        0.00000
      23        11.1822        0.00000

 123/545 kpoint (Cartesian) = 0.094749 -0.010941 0.0000 (34830 pws)
       1       -63.6237     0.00367309
       2       -37.9108     0.00367309
       3       -37.8753     0.00367309
       4       -37.7752     0.00367309
       5       -16.3318     0.00367309
       6       -15.5510     0.00367309
       7       -7.92395     0.00367309
       8       -6.87642     0.00367309
       9       -6.50350     0.00367309
      10       -5.94504     0.00367309
      11       -4.90527     0.00367309
      12       -4.02326     0.00367309
      13       -3.62119     0.00367309
      14      -0.811816        0.00000
      15      -0.434543        0.00000
      16      -0.180079        0.00000
      17        1.08195        0.00000
      18        7.11829        0.00000
      19        8.32909        0.00000
      20        9.51685        0.00000
      21        10.3218        0.00000
      22        10.8371        0.00000
      23        11.2416        0.00000

 124/545 kpoint (Cartesian) = 0.10422 -0.016411 0.0000 (34838 pws)
       1       -63.6205     0.00367309
       2       -37.9402     0.00367309
       3       -37.8688     0.00367309
       4       -37.7859     0.00367309
       5       -16.1683     0.00367309
       6       -15.4843     0.00367309
       7       -7.96282     0.00367309
       8       -6.89268     0.00367309
       9       -6.75825     0.00367309
      10       -6.04971     0.00367309
      11       -4.89523     0.00367309
      12       -4.12922     0.00367309
      13       -3.69602     0.00367309
      14      -0.832791        0.00000
      15      -0.440862        0.00000
      16     -0.0430971        0.00000
      17        1.20765        0.00000
      18        6.99765        0.00000
      19        8.22737        0.00000
      20        9.25293        0.00000
      21        10.4368        0.00000
      22        10.9053        0.00000
      23        11.4343        0.00000

 125/545 kpoint (Cartesian) = 0.11370 -0.021881 0.0000 (34811 pws)
       1       -63.6173     0.00367309
       2       -37.9686     0.00367309
       3       -37.8625     0.00367309
       4       -37.7963     0.00367309
       5       -16.0023     0.00367309
       6       -15.4168     0.00367309
       7       -8.05961     0.00367309
       8       -7.01721     0.00367309
       9       -6.86571     0.00367309
      10       -6.11525     0.00367309
      11       -4.91571     0.00367309
      12       -4.25550     0.00367309
      13       -3.71676     0.00367309
      14      -0.816131        0.00000
      15      -0.440632        0.00000
      16       0.117362        0.00000
      17        1.31223        0.00000
      18        6.74039        0.00000
      19        8.09730        0.00000
      20        8.99924        0.00000
      21        10.5554        0.00000
      22        11.1009        0.00000
      23        11.6467        0.00000

 126/545 kpoint (Cartesian) = 0.12317 -0.027352 0.0000 (34798 pws)
       1       -63.6144     0.00367309
       2       -37.9951     0.00367309
       3       -37.8566     0.00367309
       4       -37.8060     0.00367309
       5       -15.8400     0.00367309
       6       -15.3511     0.00367309
       7       -8.18421     0.00367309
       8       -7.26201     0.00367309
       9       -6.83694     0.00367309
      10       -6.15337     0.00367309
      11       -4.94304     0.00367309
      12       -4.39038     0.00367309
      13       -3.68886     0.00367309
      14      -0.770365        0.00000
      15      -0.433191        0.00000
      16       0.287275        0.00000
      17        1.39490        0.00000
      18        6.38162        0.00000
      19        7.96530        0.00000
      20        8.77515        0.00000
      21        10.6841        0.00000
      22        11.2813        0.00000
      23        11.7274        0.00000

 127/545 kpoint (Cartesian) = 0.13265 -0.032822 0.0000 (34798 pws)
       1       -63.6117     0.00367309
       2       -38.0186     0.00367309
       3       -37.8513     0.00367309
       4       -37.8148     0.00367309
       5       -15.6881     0.00367309
       6       -15.2901     0.00367309
       7       -8.31246     0.00367309
       8       -7.48106     0.00367309
       9       -6.83341     0.00367309
      10       -6.17145     0.00367309
      11       -4.95461     0.00367309
      12       -4.52314     0.00367309
      13       -3.62584     0.00367309
      14      -0.718712        0.00000
      15      -0.407489        0.00000
      16       0.453415        0.00000
      17        1.45626        0.00000
      18        5.96835        0.00000
      19        7.85703        0.00000
      20        8.58868        0.00000
      21        10.8138        0.00000
      22        11.2700        0.00000
      23        11.8403        0.00000

 128/545 kpoint (Cartesian) = 0.14212 -0.038292 0.0000 (34782 pws)
       1       -63.6095     0.00367309
       2       -38.0385     0.00367309
       3       -37.8468     0.00367309
       4       -37.8222     0.00367309
       5       -15.5539     0.00367309
       6       -15.2365     0.00367309
       7       -8.42918     0.00367309
       8       -7.66589     0.00367309
       9       -6.85918     0.00367309
      10       -6.17534     0.00367309
      11       -4.94463     0.00367309
      12       -4.64424     0.00367309
      13       -3.54155     0.00367309
      14      -0.693121        0.00000
      15      -0.346208        0.00000
      16       0.603946        0.00000
      17        1.49824        0.00000
      18        5.55471        0.00000
      19        7.77832        0.00000
      20        8.44197        0.00000
      21        10.9324        0.00000
      22        11.1576        0.00000
      23        11.6753        0.00000

 129/545 kpoint (Cartesian) = 0.15160 -0.043763 0.0000 (34769 pws)
       1       -63.6077     0.00367309
       2       -38.0541     0.00367309
       3       -37.8433     0.00367309
       4       -37.8280     0.00367309
       5       -15.4448     0.00367309
       6       -15.1933     0.00367309
       7       -8.52462     0.00367309
       8       -7.81004     0.00367309
       9       -6.90124     0.00367309
      10       -6.17074     0.00367309
      11       -4.92218     0.00367309
      12       -4.74496     0.00367309
      13       -3.45111     0.00367309
      14      -0.701039        0.00000
      15      -0.256873        0.00000
      16       0.728285        0.00000
      17        1.52409        0.00000
      18        5.19107        0.00000
      19        7.72586        0.00000
      20        8.33433        0.00000
      21        11.0190        0.00000
      22        11.0438        0.00000
      23        11.5266        0.00000

 130/545 kpoint (Cartesian) = 0.16107 -0.049233 0.0000 (34756 pws)
       1       -63.6065     0.00367309
       2       -38.0647     0.00367309
       3       -37.8408     0.00367309
       4       -37.8320     0.00367309
       5       -15.3676     0.00367309
       6       -15.1630     0.00367309
       7       -8.59205     0.00367309
       8       -7.90868     0.00367309
       9       -6.94156     0.00367309
      10       -6.16349     0.00367309
      11       -4.89993     0.00367309
      12       -4.81733     0.00367309
      13       -3.37327     0.00367309
      14      -0.723387        0.00000
      15      -0.171915        0.00000
      16       0.816818        0.00000
      17        1.53842        0.00000
      18        4.92015        0.00000
      19        7.69475        0.00000
      20        8.26388        0.00000
      21        10.9328        0.00000
      22        11.1012        0.00000
      23        11.4255        0.00000

 131/545 kpoint (Cartesian) = 0.17055 -0.054703 0.0000 (34758 pws)
       1       -63.6059     0.00367309
       2       -38.0702     0.00367309
       3       -37.8396     0.00367309
       4       -37.8340     0.00367309
       5       -15.3274     0.00367309
       6       -15.1475     0.00367309
       7       -8.62690     0.00367309
       8       -7.95846     0.00367309
       9       -6.96567     0.00367309
      10       -6.15883     0.00367309
      11       -4.88678     0.00367309
      12       -4.85468     0.00367309
      13       -3.32789     0.00367309
      14      -0.740343        0.00000
      15      -0.121252        0.00000
      16       0.861451        0.00000
      17        1.54631        0.00000
      18        4.77510        0.00000
      19        7.68101        0.00000
      20        8.22871        0.00000
      21        10.8797        0.00000
      22        11.1367        0.00000
      23        11.3747        0.00000

 132/545 kpoint (Cartesian) = 0.18002 -0.060174 0.0000 (34758 pws)
       1       -63.6059     0.00367309
       2       -38.0702     0.00367309
       3       -37.8396     0.00367309
       4       -37.8340     0.00367309
       5       -15.3273     0.00367309
       6       -15.1477     0.00367309
       7       -8.62677     0.00367309
       8       -7.95770     0.00367309
       9       -6.96597     0.00367309
      10       -6.15997     0.00367309
      11       -4.88566     0.00367309
      12       -4.85420     0.00367309
      13       -3.32847     0.00367309
      14      -0.740318        0.00000
      15      -0.121913        0.00000
      16       0.857718        0.00000
      17        1.55077        0.00000
      18        4.77501        0.00000
      19        7.68237        0.00000
      20        8.22769        0.00000
      21        10.8780        0.00000
      22        11.1366        0.00000
      23        11.3759        0.00000

 133/545 kpoint (Cartesian) = 0.18950 -0.065644 0.0000 (34756 pws)
       1       -63.6065     0.00367309
       2       -38.0649     0.00367309
       3       -37.8408     0.00367309
       4       -37.8319     0.00367309
       5       -15.3673     0.00367309
       6       -15.1636     0.00367309
       7       -8.59167     0.00367309
       8       -7.90644     0.00367309
       9       -6.94240     0.00367309
      10       -6.16677     0.00367309
      11       -4.89715     0.00367309
      12       -4.81549     0.00367309
      13       -3.37501     0.00367309
      14      -0.723246        0.00000
      15      -0.173828        0.00000
      16       0.806809        0.00000
      17        1.55051        0.00000
      18        4.91985        0.00000
      19        7.69868        0.00000
      20        8.26095        0.00000
      21        10.9283        0.00000
      22        11.1007        0.00000
      23        11.4292        0.00000

 134/545 kpoint (Cartesian) = 0.11370 -0.10941 0.0000 (34769 pws)
       1       -63.6077     0.00367309
       2       -38.0543     0.00367309
       3       -37.8432     0.00367309
       4       -37.8279     0.00367309
       5       -15.4443     0.00367309
       6       -15.1943     0.00367309
       7       -8.52403     0.00367309
       8       -7.80641     0.00367309
       9       -6.90239     0.00367309
      10       -6.17580     0.00367309
      11       -4.91816     0.00367309
      12       -4.74197     0.00367309
      13       -3.45409     0.00367309
      14      -0.700567        0.00000
      15      -0.259902        0.00000
      16       0.714686        0.00000
      17        1.54085        0.00000
      18        5.19051        0.00000
      19        7.73200        0.00000
      20        8.32979        0.00000
      21        11.0197        0.00000
      22        11.0353        0.00000
      23        11.5325        0.00000

 135/545 kpoint (Cartesian) = 0.10422 -0.10394 0.0000 (34782 pws)
       1       -63.6095     0.00367309
       2       -38.0388     0.00367309
       3       -37.8468     0.00367309
       4       -37.8220     0.00367309
       5       -15.5533     0.00367309
       6       -15.2377     0.00367309
       7       -8.42842     0.00367309
       8       -7.66102     0.00367309
       9       -6.86025     0.00367309
      10       -6.18169     0.00367309
      11       -4.93988     0.00367309
      12       -4.64052     0.00367309
      13       -3.54582     0.00367309
      14      -0.691950        0.00000
      15      -0.350253        0.00000
      16       0.589457        0.00000
      17        1.51658        0.00000
      18        5.55387        0.00000
      19        7.78618        0.00000
      20        8.43625        0.00000
      21        10.9321        0.00000
      22        11.1480        0.00000
      23        11.6824        0.00000

 136/545 kpoint (Cartesian) = 0.094749 -0.098466 0.0000 (34798 pws)
       1       -63.6117     0.00367309
       2       -38.0190     0.00367309
       3       -37.8513     0.00367309
       4       -37.8145     0.00367309
       5       -15.6873     0.00367309
       6       -15.2915     0.00367309
       7       -8.31161     0.00367309
       8       -7.47521     0.00367309
       9       -6.83388     0.00367309
      10       -6.17856     0.00367309
      11       -4.94985     0.00367309
      12       -4.51906     0.00367309
      13       -3.63140     0.00367309
      14      -0.716605        0.00000
      15      -0.412296        0.00000
      16       0.440024        0.00000
      17        1.47372        0.00000
      18        5.96734        0.00000
      19        7.86612        0.00000
      20        8.58225        0.00000
      21        10.8131        0.00000
      22        11.2605        0.00000
      23        11.8443        0.00000

 137/545 kpoint (Cartesian) = 0.085274 -0.092996 0.0000 (34798 pws)
       1       -63.6144     0.00367309
       2       -37.9955     0.00367309
       3       -37.8566     0.00367309
       4       -37.8057     0.00367309
       5       -15.8391     0.00367309
       6       -15.3527     0.00367309
       7       -8.18337     0.00367309
       8       -7.25557     0.00367309
       9       -6.83629     0.00367309
      10       -6.16063     0.00367309
      11       -4.93897     0.00367309
      12       -4.38623     0.00367309
      13       -3.69569     0.00367309
      14      -0.767298        0.00000
      15      -0.438339        0.00000
      16       0.276214        0.00000
      17        1.40979        0.00000
      18        6.38071        0.00000
      19        7.97522        0.00000
      20        8.76844        0.00000
      21        10.6836        0.00000
      22        11.2728        0.00000
      23        11.7257        0.00000

 138/545 kpoint (Cartesian) = 0.075799 -0.087525 0.0000 (34811 pws)
       1       -63.6173     0.00367309
       2       -37.9691     0.00367309
       3       -37.8625     0.00367309
       4       -37.7959     0.00367309
       5       -16.0014     0.00367309
       6       -15.4185     0.00367309
       7       -8.05889     0.00367309
       8       -7.01082     0.00367309
       9       -6.86372     0.00367309
      10       -6.12187     0.00367309
      11       -4.91279     0.00367309
      12       -4.25149     0.00367309
      13       -3.72477     0.00367309
      14      -0.811839        0.00000
      15      -0.446054        0.00000
      16       0.109309        0.00000
      17        1.32354        0.00000
      18        6.74003        0.00000
      19        8.10757        0.00000
      20        8.99253        0.00000
      21        10.5559        0.00000
      22        11.0930        0.00000
      23        11.6452        0.00000

 139/545 kpoint (Cartesian) = 0.066324 -0.082055 0.0000 (34838 pws)
       1       -63.6205     0.00367309
       2       -37.9408     0.00367309
       3       -37.8688     0.00367309
       4       -37.7854     0.00367309
       5       -16.1673     0.00367309
       6       -15.4859     0.00367309
       7       -7.96230     0.00367309
       8       -6.88929     0.00367309
       9       -6.75328     0.00367309
      10       -6.05435     0.00367309
      11       -4.89370     0.00367309
      12       -4.12549     0.00367309
      13       -3.70495     0.00367309
      14      -0.827022        0.00000
      15      -0.446657        0.00000
      16     -0.0477819        0.00000
      17        1.21477        0.00000
      18        6.99848        0.00000
      19        8.23709        0.00000
      20        9.24641        0.00000
      21        10.4390        0.00000
      22        10.8965        0.00000
      23        11.4332        0.00000

 140/545 kpoint (Cartesian) = 0.056849 -0.076585 0.0000 (34830 pws)
       1       -63.6237     0.00367309
       2       -37.9114     0.00367309
       3       -37.8753     0.00367309
       4       -37.7747     0.00367309
       5       -16.3309     0.00367309
       6       -15.5526     0.00367309
       7       -7.92353     0.00367309
       8       -6.87211     0.00367309
       9       -6.50198     0.00367309
      10       -5.94548     0.00367309
      11       -4.90523     0.00367309
      12       -4.01998     0.00367309
      13       -3.63057     0.00367309
      14      -0.804657        0.00000
      15      -0.440718        0.00000
      16      -0.181139        0.00000
      17        1.08458        0.00000
      18        7.12092        0.00000
      19        8.33659        0.00000
      20        9.51064        0.00000
      21        10.3265        0.00000
      22        10.8278        0.00000
      23        11.2387        0.00000

 141/545 kpoint (Cartesian) = 0.047375 -0.071114 0.0000 (34820 pws)
       1       -63.6269     0.00367309
       2       -37.8822     0.00367309
       3       -37.8816     0.00367309
       4       -37.7642     0.00367309
       5       -16.4868     0.00367309
       6       -15.6162     0.00367309
       7       -7.95561     0.00367309
       8       -6.78838     0.00367309
       9       -6.28102     0.00367309
      10       -5.77949     0.00367309
      11       -4.95400     0.00367309
      12       -3.94659     0.00367309
      13       -3.51310     0.00367309
      14      -0.746820        0.00000
      15      -0.424231        0.00000
      16      -0.277661        0.00000
      17       0.935776        0.00000
      18        7.07850        0.00000
      19        8.43384        0.00000
      20        9.75005        0.00000
      21        10.1783        0.00000
      22        10.9050        0.00000
      23        11.1779        0.00000

 142/545 kpoint (Cartesian) = 0.037900 -0.065644 0.0000 (34807 pws)
       1       -63.6300     0.00367309
       2       -37.8878     0.00367309
       3       -37.8538     0.00367309
       4       -37.7543     0.00367309
       5       -16.6305     0.00367309
       6       -15.6748     0.00367309
       7       -8.03931     0.00367309
       8       -6.65042     0.00367309
       9       -6.10014     0.00367309
      10       -5.55771     0.00367309
      11       -5.03031     0.00367309
      12       -3.91388     0.00367309
      13       -3.37591     0.00367309
      14      -0.662742        0.00000
      15      -0.393003        0.00000
      16      -0.327987        0.00000
      17       0.773580        0.00000
      18        6.88072        0.00000
      19        8.58572        0.00000
      20        9.92562        0.00000
      21        9.96598        0.00000
      22        11.0655        0.00000
      23        11.3273        0.00000

 143/545 kpoint (Cartesian) = 0.028425 -0.060174 0.0000 (34854 pws)
       1       -63.6328     0.00367309
       2       -37.8934     0.00367309
       3       -37.8275     0.00367309
       4       -37.7454     0.00367309
       5       -16.7583     0.00367309
       6       -15.7268     0.00367309
       7       -8.14467     0.00367309
       8       -6.48597     0.00367309
       9       -5.94380     0.00367309
      10       -5.31078     0.00367309
      11       -5.11953     0.00367309
      12       -3.92314     0.00367309
      13       -3.24150     0.00367309
      14      -0.565985        0.00000
      15      -0.352281        0.00000
      16      -0.324234        0.00000
      17       0.606524        0.00000
      18        6.59181        0.00000
      19        8.80581        0.00000
      20        9.69354        0.00000
      21        10.0702        0.00000
      22        11.1803        0.00000
      23        11.3960        0.00000

 144/545 kpoint (Cartesian) = 0.018950 -0.054703 0.0000 (34878 pws)
       1       -63.6353     0.00367309
       2       -37.8983     0.00367309
       3       -37.8041     0.00367309
       4       -37.7380     0.00367309
       5       -16.8670     0.00367309
       6       -15.7710     0.00367309
       7       -8.24952     0.00367309
       8       -6.31916     0.00367309
       9       -5.79580     0.00367309
      10       -5.20903     0.00367309
      11       -5.07592     0.00367309
      12       -3.96472     0.00367309
      13       -3.12508     0.00367309
      14      -0.469655        0.00000
      15      -0.317423        0.00000
      16      -0.266507        0.00000
      17       0.447735        0.00000
      18        6.28228        0.00000
      19        9.07369        0.00000
      20        9.43508        0.00000
      21        10.1854        0.00000
      22        11.1588        0.00000
      23        11.5231        0.00000

 145/545 kpoint (Cartesian) = 0.0094749 -0.049233 0.0000 (34927 pws)
       1       -63.6372     0.00367309
       2       -37.9023     0.00367309
       3       -37.7845     0.00367309
       4       -37.7324     0.00367309
       5       -16.9540     0.00367309
       6       -15.8063     0.00367309
       7       -8.34047     0.00367309
       8       -6.16835     0.00367309
       9       -5.65168     0.00367309
      10       -5.28848     0.00367309
      11       -4.88882     0.00367309
      12       -4.01635     0.00367309
      13       -3.03411     0.00367309
      14      -0.381692        0.00000
      15      -0.280697        0.00000
      16      -0.198440        0.00000
      17       0.316195        0.00000
      18        6.00261        0.00000
      19        9.21344        0.00000
      20        9.35220        0.00000
      21        10.2952        0.00000
      22        11.1341        0.00000
      23        11.5692        0.00000

 146/545 kpoint (Cartesian) = 0.0000 0.043763 0.0000 (34937 pws)
       1       -63.6387     0.00367309
       2       -37.9053     0.00367309
       3       -37.7693     0.00367309
       4       -37.7288     0.00367309
       5       -17.0176     0.00367309
       6       -15.8320     0.00367309
       7       -8.40973     0.00367309
       8       -6.04826     0.00367309
       9       -5.51789     0.00367309
      10       -5.35061     0.00367309
      11       -4.78106     0.00367309
      12       -4.04814     0.00367309
      13       -2.97045     0.00367309
      14      -0.307018        0.00000
      15      -0.262015        0.00000
      16      -0.143081        0.00000
      17       0.232850        0.00000
      18        5.78490        0.00000
      19        9.04796        0.00000
      20        9.59157        0.00000
      21        10.3961        0.00000
      22        11.1116        0.00000
      23        11.4746        0.00000

 147/545 kpoint (Cartesian) = 0.0094749 0.038292 0.0000 (34935 pws)
       1       -63.6396     0.00367309
       2       -37.9071     0.00367309
       3       -37.7594     0.00367309
       4       -37.7272     0.00367309
       5       -17.0563     0.00367309
       6       -15.8476     0.00367309
       7       -8.45285     0.00367309
       8       -5.97089     0.00367309
       9       -5.41649     0.00367309
      10       -5.38613     0.00367309
      11       -4.75462     0.00367309
      12       -4.04881     0.00367309
      13       -2.93307     0.00367309
      14      -0.268398        0.00000
      15      -0.252808        0.00000
      16      -0.111449        0.00000
      17       0.201150        0.00000
      18        5.64801        0.00000
      19        8.94735        0.00000
      20        9.74805        0.00000
      21        10.4719        0.00000
      22        11.0420        0.00000
      23        11.4747        0.00000

 148/545 kpoint (Cartesian) = 0.018950 0.032822 0.0000 (34963 pws)
       1       -63.6399     0.00367309
       2       -37.9077     0.00367309
       3       -37.7558     0.00367309
       4       -37.7269     0.00367309
       5       -17.0694     0.00367309
       6       -15.8527     0.00367309
       7       -8.46756     0.00367309
       8       -5.94498     0.00367309
       9       -5.40657     0.00367309
      10       -5.36389     0.00367309
      11       -4.76160     0.00367309
      12       -4.04224     0.00367309
      13       -2.92035     0.00367309
      14      -0.278672        0.00000
      15      -0.230247        0.00000
      16      -0.104378        0.00000
      17       0.199053        0.00000
      18        5.60134        0.00000
      19        8.91358        0.00000
      20        9.80092        0.00000
      21        10.5008        0.00000
      22        11.0023        0.00000
      23        11.5036        0.00000

 149/545 kpoint (Cartesian) = 0.028425 0.027352 0.0000 (34935 pws)
       1       -63.6396     0.00367309
       2       -37.9071     0.00367309
       3       -37.7590     0.00367309
       4       -37.7275     0.00367309
       5       -17.0565     0.00367309
       6       -15.8473     0.00367309
       7       -8.45313     0.00367309
       8       -5.97353     0.00367309
       9       -5.40709     0.00367309
      10       -5.38595     0.00367309
      11       -4.76532     0.00367309
      12       -4.04612     0.00367309
      13       -2.93156     0.00367309
      14      -0.279541        0.00000
      15      -0.245985        0.00000
      16      -0.117991        0.00000
      17       0.211947        0.00000
      18        5.64761        0.00000
      19        8.94652        0.00000
      20        9.74619        0.00000
      21        10.4718        0.00000
      22        11.0454        0.00000
      23        11.4762        0.00000

 150/545 kpoint (Cartesian) = 0.047375 0.027352 0.0000 (34897 pws)
       1       -63.6361     0.00367309
       2       -37.9000     0.00367309
       3       -37.7957     0.00367309
       4       -37.7356     0.00367309
       5       -16.9048     0.00367309
       6       -15.7849     0.00367309
       7       -8.29040     0.00367309
       8       -6.26764     0.00367309
       9       -5.74760     0.00367309
      10       -5.22869     0.00367309
      11       -4.94745     0.00367309
      12       -4.03854     0.00367309
      13       -3.08025     0.00367309
      14      -0.424800        0.00000
      15      -0.278355        0.00000
      16      -0.247698        0.00000
      17       0.386768        0.00000
      18        6.15289        0.00000
      19        9.19384        0.00000
      20        9.33961        0.00000
      21        10.2153        0.00000
      22        11.1511        0.00000
      23        11.6543        0.00000

 151/545 kpoint (Cartesian) = 0.056849 0.021881 0.0000 (34885 pws)
       1       -63.6344     0.00367309
       2       -37.8967     0.00367309
       3       -37.8125     0.00367309
       4       -37.7399     0.00367309
       5       -16.8313     0.00367309
       6       -15.7548     0.00367309
       7       -8.21780     0.00367309
       8       -6.39084     0.00367309
       9       -5.87544     0.00367309
      10       -5.15865     0.00367309
      11       -5.07119     0.00367309
      12       -4.02924     0.00367309
      13       -3.15901     0.00367309
      14      -0.487820        0.00000
      15      -0.307256        0.00000
      16      -0.271103        0.00000
      17       0.479691        0.00000
      18        6.36993        0.00000
      19        8.97861        0.00000
      20        9.51592        0.00000
      21        10.1322        0.00000
      22        11.1390        0.00000
      23        11.6397        0.00000

 152/545 kpoint (Cartesian) = 0.066324 0.016411 0.0000 (34842 pws)
       1       -63.6323     0.00367309
       2       -37.8924     0.00367309
       3       -37.8329     0.00367309
       4       -37.7463     0.00367309
       5       -16.7358     0.00367309
       6       -15.7158     0.00367309
       7       -8.12968     0.00367309
       8       -6.53151     0.00367309
       9       -6.00483     0.00367309
      10       -5.28011     0.00367309
      11       -5.08005     0.00367309
      12       -3.99136     0.00367309
      13       -3.26123     0.00367309
      14      -0.568696        0.00000
      15      -0.360717        0.00000
      16      -0.287053        0.00000
      17       0.617088        0.00000
      18        6.62792        0.00000
      19        8.74798        0.00000
      20        9.70160        0.00000
      21        10.0751        0.00000
      22        11.1181        0.00000
      23        11.5285        0.00000

 153/545 kpoint (Cartesian) = 0.075799 0.010941 0.0000 (34836 pws)
       1       -63.6298     0.00367309
       2       -37.8874     0.00367309
       3       -37.8561     0.00367309
       4       -37.7548     0.00367309
       5       -16.6205     0.00367309
       6       -15.6685     0.00367309
       7       -8.03670     0.00367309
       8       -6.67313     0.00367309
       9       -6.13315     0.00367309
      10       -5.53475     0.00367309
      11       -5.00623     0.00367309
      12       -3.95649     0.00367309
      13       -3.37986     0.00367309
      14      -0.663104        0.00000
      15      -0.398941        0.00000
      16      -0.298134        0.00000
      17       0.777383        0.00000
      18        6.88484        0.00000
      19        8.55117        0.00000
      20        9.80032        0.00000
      21        10.0986        0.00000
      22        11.0448        0.00000
      23        11.3981        0.00000

 154/545 kpoint (Cartesian) = 0.085274 0.0054703 0.0000 (34820 pws)
       1       -63.6270     0.00367309
       2       -37.8819     0.00367309
       3       -37.8810     0.00367309
       4       -37.7649     0.00367309
       5       -16.4880     0.00367309
       6       -15.6142     0.00367309
       7       -7.95675     0.00367309
       8       -6.79429     0.00367309
       9       -6.27067     0.00367309
      10       -5.79325     0.00367309
      11       -4.95121     0.00367309
      12       -3.94940     0.00367309
      13       -3.50164     0.00367309
      14      -0.754537        0.00000
      15      -0.419622        0.00000
      16      -0.282965        0.00000
      17       0.940666        0.00000
      18        7.07420        0.00000
      19        8.43107        0.00000
      20        9.75035        0.00000
      21        10.1755        0.00000
      22        10.9087        0.00000
      23        11.1821        0.00000

 155/545 kpoint (Cartesian) = 0.094749 0.0000 0.0000 (34809 pws)
       1       -63.6239     0.00367309
       2       -37.9074     0.00367309
       3       -37.8757     0.00367309
       4       -37.7762     0.00367309
       5       -16.3419     0.00367309
       6       -15.5541     0.00367309
       7       -7.91510     0.00367309
       8       -6.86949     0.00367309
       9       -6.44673     0.00367309
      10       -6.00451     0.00367309
      11       -4.93202     0.00367309
      12       -3.98177     0.00367309
      13       -3.60704     0.00367309
      14      -0.822929        0.00000
      15      -0.427766        0.00000
      16      -0.229824        0.00000
      17        1.09366        0.00000
      18        7.12876        0.00000
      19        8.39759        0.00000
      20        9.58959        0.00000
      21        10.2163        0.00000
      22        10.7864        0.00000
      23        11.2054        0.00000

 156/545 kpoint (Cartesian) = 0.10422 -0.0054703 0.0000 (34845 pws)
       1       -63.6208     0.00367309
       2       -37.9338     0.00367309
       3       -37.8695     0.00367309
       4       -37.7882     0.00367309
       5       -16.1862     0.00367309
       6       -15.4901     0.00367309
       7       -7.93199     0.00367309
       8       -6.88253     0.00367309
       9       -6.68040     0.00367309
      10       -6.13477     0.00367309
      11       -4.96033     0.00367309
      12       -4.05409     0.00367309
      13       -3.67584     0.00367309
      14      -0.852930        0.00000
      15      -0.429628        0.00000
      16      -0.137908        0.00000
      17        1.22859        0.00000
      18        7.03950        0.00000
      19        8.38253        0.00000
      20        9.35879        0.00000
      21        10.2815        0.00000
      22        10.7556        0.00000
      23        11.3640        0.00000

 157/545 kpoint (Cartesian) = 0.11370 -0.010941 0.0000 (34841 pws)
       1       -63.6178     0.00367309
       2       -37.9597     0.00367309
       3       -37.8634     0.00367309
       4       -37.8003     0.00367309
       5       -16.0257     0.00367309
       6       -15.4241     0.00367309
       7       -8.00269     0.00367309
       8       -6.94348     0.00367309
       9       -6.84685     0.00367309
      10       -6.20215     0.00367309
      11       -5.03046     0.00367309
      12       -4.15937     0.00367309
      13       -3.69788     0.00367309
      14      -0.837648        0.00000
      15      -0.430496        0.00000
      16     -0.0148225        0.00000
      17        1.34163        0.00000
      18        6.83909        0.00000
      19        8.30371        0.00000
      20        9.12207        0.00000
      21        10.3993        0.00000
      22        10.8494        0.00000
      23        11.5548        0.00000

 158/545 kpoint (Cartesian) = 0.12317 -0.016411 0.0000 (34826 pws)
       1       -63.6148     0.00367309
       2       -37.9840     0.00367309
       3       -37.8575     0.00367309
       4       -37.8120     0.00367309
       5       -15.8660     0.00367309
       6       -15.3585     0.00367309
       7       -8.10332     0.00367309
       8       -7.20326     0.00367309
       9       -6.79975     0.00367309
      10       -6.23146     0.00367309
      11       -5.11698     0.00367309
      12       -4.28688     0.00367309
      13       -3.67670     0.00367309
      14      -0.781751        0.00000
      15      -0.431693        0.00000
      16       0.127261        0.00000
      17        1.43175        0.00000
      18        6.54975        0.00000
      19        8.16256        0.00000
      20        8.91563        0.00000
      21        10.5559        0.00000
      22        11.0021        0.00000
      23        11.6275        0.00000

 159/545 kpoint (Cartesian) = 0.13265 -0.021881 0.0000 (34805 pws)
       1       -63.6121     0.00367309
       2       -38.0062     0.00367309
       3       -37.8521     0.00367309
       4       -37.8229     0.00367309
       5       -15.7133     0.00367309
       6       -15.2960     0.00367309
       7       -8.21144     0.00367309
       8       -7.44224     0.00367309
       9       -6.77502     0.00367309
      10       -6.23554     0.00367309
      11       -5.18931     0.00367309
      12       -4.42480     0.00367309
      13       -3.62155     0.00367309
      14      -0.708582        0.00000
      15      -0.421944        0.00000
      16       0.274903        0.00000
      17        1.49988        0.00000
      18        6.19153        0.00000
      19        8.01003        0.00000
      20        8.75109        0.00000
      21        10.7260        0.00000
      22        11.0410        0.00000
      23        11.7618        0.00000

 160/545 kpoint (Cartesian) = 0.14212 -0.027352 0.0000 (34776 pws)
       1       -63.6098     0.00367309
       2       -38.0254     0.00367309
       3       -37.8474     0.00367309
       4       -37.8324     0.00367309
       5       -15.5745     0.00367309
       6       -15.2394     0.00367309
       7       -8.31250     0.00367309
       8       -7.64977     0.00367309
       9       -6.78811     0.00367309
      10       -6.22213     0.00367309
      11       -5.22975     0.00367309
      12       -4.56156     0.00367309
      13       -3.54162     0.00367309
      14      -0.668153        0.00000
      15      -0.366669        0.00000
      16       0.415350        0.00000
      17        1.54831        0.00000
      18        5.80072        0.00000
      19        7.88213        0.00000
      20        8.62883        0.00000
      21        10.8768        0.00000
      22        10.9241        0.00000
      23        11.6225        0.00000

 161/545 kpoint (Cartesian) = 0.15160 -0.032822 0.0000 (34780 pws)
       1       -63.6078     0.00367309
       2       -38.0410     0.00367309
       3       -37.8435     0.00367309
       4       -37.8402     0.00367309
       5       -15.4567     0.00367309
       6       -15.1915     0.00367309
       7       -8.39777     0.00367309
       8       -7.81845     0.00367309
       9       -6.83162     0.00367309
      10       -6.19824     0.00367309
      11       -5.24046     0.00367309
      12       -4.68591     0.00367309
      13       -3.44788     0.00367309
      14      -0.684225        0.00000
      15      -0.257913        0.00000
      16       0.537338        0.00000
      17        1.58036        0.00000
      18        5.42573        0.00000
      19        7.78895        0.00000
      20        8.54429        0.00000
      21        10.7579        0.00000
      22        10.9995        0.00000
      23        11.5065        0.00000

 162/545 kpoint (Cartesian) = 0.16107 -0.038292 0.0000 (34773 pws)
       1       -63.6064     0.00367309
       2       -38.0525     0.00367309
       3       -37.8461     0.00367309
       4       -37.8406     0.00367309
       5       -15.3665     0.00367309
       6       -15.1551     0.00367309
       7       -8.46188     0.00367309
       8       -7.94272     0.00367309
       9       -6.88460     0.00367309
      10       -6.17170     0.00367309
      11       -5.23504     0.00367309
      12       -4.78662     0.00367309
      13       -3.35658     0.00367309
      14      -0.726041        0.00000
      15      -0.140161        0.00000
      16       0.631322        0.00000
      17        1.60003        0.00000
      18        5.11475        0.00000
      19        7.72823        0.00000
      20        8.49076        0.00000
      21        10.6240        0.00000
      22        11.0735        0.00000
      23        11.4242        0.00000

 163/545 kpoint (Cartesian) = 0.17055 -0.043763 0.0000 (34771 pws)
       1       -63.6055     0.00367309
       2       -38.0596     0.00367309
       3       -37.8496     0.00367309
       4       -37.8389     0.00367309
       5       -15.3098     0.00367309
       6       -15.1324     0.00367309
       7       -8.50151     0.00367309
       8       -8.01859     0.00367309
       9       -6.92588     0.00367309
      10       -6.15115     0.00367309
      11       -5.22649     0.00367309
      12       -4.85273     0.00367309
      13       -3.28872     0.00367309
      14      -0.764160        0.00000
      15     -0.0529511        0.00000
      16       0.689730        0.00000
      17        1.61141        0.00000
      18        4.90874        0.00000
      19        7.69504        0.00000
      20        8.46153        0.00000
      21        10.5383        0.00000
      22        11.1121        0.00000
      23        11.3732        0.00000

 164/545 kpoint (Cartesian) = 0.18002 -0.049233 0.0000 (34758 pws)
       1       -63.6052     0.00367309
       2       -38.0621     0.00367309
       3       -37.8508     0.00367309
       4       -37.8383     0.00367309
       5       -15.2903     0.00367309
       6       -15.1248     0.00367309
       7       -8.51481     0.00367309
       8       -8.04359     0.00367309
       9       -6.94151     0.00367309
      10       -6.14408     0.00367309
      11       -5.22232     0.00367309
      12       -4.87543     0.00367309
      13       -3.26366     0.00367309
      14      -0.779359        0.00000
      15     -0.0213419        0.00000
      16       0.707695        0.00000
      17        1.61748        0.00000
      18        4.83647        0.00000
      19        7.68551        0.00000
      20        8.45167        0.00000
      21        10.5086        0.00000
      22        11.1239        0.00000
      23        11.3560        0.00000

 165/545 kpoint (Cartesian) = 0.18950 -0.054703 0.0000 (34771 pws)
       1       -63.6055     0.00367309
       2       -38.0598     0.00367309
       3       -37.8495     0.00367309
       4       -37.8389     0.00367309
       5       -15.3095     0.00367309
       6       -15.1329     0.00367309
       7       -8.50119     0.00367309
       8       -8.01691     0.00367309
       9       -6.92668     0.00367309
      10       -6.15347     0.00367309
      11       -5.22485     0.00367309
      12       -4.85130     0.00367309
      13       -3.28951     0.00367309
      14      -0.764300        0.00000
      15     -0.0544117        0.00000
      16       0.683992        0.00000
      17        1.61883        0.00000
      18        4.90859        0.00000
      19        7.69814        0.00000
      20        8.45944        0.00000
      21        10.5366        0.00000
      22        11.1120        0.00000
      23        11.3738        0.00000

 166/545 kpoint (Cartesian) = 0.19897 -0.060174 0.0000 (34773 pws)
       1       -63.6064     0.00367309
       2       -38.0528     0.00367309
       3       -37.8459     0.00367309
       4       -37.8406     0.00367309
       5       -15.3660     0.00367309
       6       -15.1561     0.00367309
       7       -8.46128     0.00367309
       8       -7.93941     0.00367309
       9       -6.88599     0.00367309
      10       -6.17602     0.00367309
      11       -5.23198     0.00367309
      12       -4.78403     0.00367309
      13       -3.35826     0.00367309
      14      -0.726159        0.00000
      15      -0.142921        0.00000
      16       0.621212        0.00000
      17        1.61330        0.00000
      18        5.11439        0.00000
      19        7.73411        0.00000
      20        8.48681        0.00000
      21        10.6206        0.00000
      22        11.0729        0.00000
      23        11.4258        0.00000

 167/545 kpoint (Cartesian) = 0.10422 -0.11488 0.0000 (34780 pws)
       1       -63.6078     0.00367309
       2       -38.0413     0.00367309
       3       -37.8435     0.00367309
       4       -37.8400     0.00367309
       5       -15.4560     0.00367309
       6       -15.1928     0.00367309
       7       -8.39696     0.00367309
       8       -7.81363     0.00367309
       9       -6.83315     0.00367309
      10       -6.20410     0.00367309
      11       -5.23651     0.00367309
      12       -4.68254     0.00367309
      13       -3.45060     0.00367309
      14      -0.683953        0.00000
      15      -0.261810        0.00000
      16       0.524897        0.00000
      17        1.59708        0.00000
      18        5.42511        0.00000
      19        7.79710        0.00000
      20        8.53887        0.00000
      21        10.7531        0.00000
      22        10.9979        0.00000
      23        11.5096        0.00000

 168/545 kpoint (Cartesian) = 0.094749 -0.10941 0.0000 (34776 pws)
       1       -63.6098     0.00367309
       2       -38.0258     0.00367309
       3       -37.8473     0.00367309
       4       -37.8321     0.00367309
       5       -15.5737     0.00367309
       6       -15.2410     0.00367309
       7       -8.31157     0.00367309
       8       -7.64364     0.00367309
       9       -6.78911     0.00367309
      10       -6.22904     0.00367309
      11       -5.22568     0.00367309
      12       -4.55777     0.00367309
      13       -3.54550     0.00367309
      14      -0.666927        0.00000
      15      -0.371660        0.00000
      16       0.402552        0.00000
      17        1.56601        0.00000
      18        5.79989        0.00000
      19        7.89194        0.00000
      20        8.62242        0.00000
      21        10.8791        0.00000
      22        10.9127        0.00000
      23        11.6279        0.00000

 169/545 kpoint (Cartesian) = 0.085274 -0.10394 0.0000 (34805 pws)
       1       -63.6121     0.00367309
       2       -38.0067     0.00367309
       3       -37.8520     0.00367309
       4       -37.8225     0.00367309
       5       -15.7123     0.00367309
       6       -15.2979     0.00367309
       7       -8.21048     0.00367309
       8       -7.43508     0.00367309
       9       -6.77478     0.00367309
      10       -6.24303     0.00367309
      11       -5.18595     0.00367309
      12       -4.42084     0.00367309
      13       -3.62674     0.00367309
      14      -0.706469        0.00000
      15      -0.427373        0.00000
      16       0.263271        0.00000
      17        1.51650        0.00000
      18        6.19071        0.00000
      19        8.02099        0.00000
      20        8.74415        0.00000
      21        10.7247        0.00000
      22        11.0311        0.00000
      23        11.7630        0.00000

 170/545 kpoint (Cartesian) = 0.075799 -0.098466 0.0000 (34826 pws)
       1       -63.6148     0.00367309
       2       -37.9847     0.00367309
       3       -37.8574     0.00367309
       4       -37.8116     0.00367309
       5       -15.8649     0.00367309
       6       -15.3605     0.00367309
       7       -8.10245     0.00367309
       8       -7.19554     0.00367309
       9       -6.79788     0.00367309
      10       -6.23895     0.00367309
      11       -5.11482     0.00367309
      12       -4.28293     0.00367309
      13       -3.68335     0.00367309
      14      -0.778888        0.00000
      15      -0.436915        0.00000
      16       0.117811        0.00000
      17        1.44577        0.00000
      18        6.54931        0.00000
      19        8.17426        0.00000
      20        8.90855        0.00000
      21        10.5550        0.00000
      22        10.9925        0.00000
      23        11.6248        0.00000

 171/545 kpoint (Cartesian) = 0.066324 -0.092996 0.0000 (34841 pws)
       1       -63.6178     0.00367309
       2       -37.9604     0.00367309
       3       -37.8633     0.00367309
       4       -37.7998     0.00367309
       5       -16.0246     0.00367309
       6       -15.4261     0.00367309
       7       -8.00198     0.00367309
       8       -6.93608     0.00367309
       9       -6.84349     0.00367309
      10       -6.20865     0.00367309
      11       -5.02949     0.00367309
      12       -4.15554     0.00367309
      13       -3.70608     0.00367309
      14      -0.833510        0.00000
      15      -0.435688        0.00000
      16     -0.0214612        0.00000
      17        1.35202        0.00000
      18        6.83940        0.00000
      19        8.31565        0.00000
      20        9.11510        0.00000
      21        10.3996        0.00000
      22        10.8397        0.00000
      23        11.5552        0.00000

 172/545 kpoint (Cartesian) = 0.056849 -0.087525 0.0000 (34845 pws)
       1       -63.6208     0.00367309
       2       -37.9346     0.00367309
       3       -37.8695     0.00367309
       4       -37.7876     0.00367309
       5       -16.1851     0.00367309
       6       -15.4921     0.00367309
       7       -7.93142     0.00367309
       8       -6.87788     0.00367309
       9       -6.67558     0.00367309
      10       -6.13822     0.00367309
      11       -4.96038     0.00367309
      12       -4.05044     0.00367309
      13       -3.68544     0.00367309
      14      -0.847209        0.00000
      15      -0.434994        0.00000
      16      -0.141331        0.00000
      17        1.23471        0.00000
      18        7.04094        0.00000
      19        8.39337        0.00000
      20        9.35215        0.00000
      21        10.2838        0.00000
      22        10.7456        0.00000
      23        11.3632        0.00000

 173/545 kpoint (Cartesian) = 0.047375 -0.082055 0.0000 (34809 pws)
       1       -63.6239     0.00367309
       2       -37.9082     0.00367309
       3       -37.8757     0.00367309
       4       -37.7756     0.00367309
       5       -16.3408     0.00367309
       6       -15.5560     0.00367309
       7       -7.91448     0.00367309
       8       -6.86426     0.00367309
       9       -6.44785     0.00367309
      10       -6.00140     0.00367309
      11       -4.93308     0.00367309
      12       -3.97844     0.00367309
      13       -3.61746     0.00367309
      14      -0.815789        0.00000
      15      -0.433329        0.00000
      16      -0.229695        0.00000
      17        1.09512        0.00000
      18        7.13173        0.00000
      19        8.40517        0.00000
      20        9.58383        0.00000
      21        10.2208        0.00000
      22        10.7776        0.00000
      23        11.2028        0.00000

 174/545 kpoint (Cartesian) = 0.037900 -0.076585 0.0000 (34820 pws)
       1       -63.6269     0.00367309
       2       -37.8821     0.00367309
       3       -37.8816     0.00367309
       4       -37.7643     0.00367309
       5       -16.4870     0.00367309
       6       -15.6159     0.00367309
       7       -7.95589     0.00367309
       8       -6.78897     0.00367309
       9       -6.27809     0.00367309
      10       -5.78320     0.00367309
      11       -4.95334     0.00367309
      12       -3.94666     0.00367309
      13       -3.51200     0.00367309
      14      -0.746740        0.00000
      15      -0.425060        0.00000
      16      -0.278917        0.00000
      17       0.937225        0.00000
      18        7.07850        0.00000
      19        8.43452        0.00000
      20        9.74748        0.00000
      21        10.1801        0.00000
      22        10.9027        0.00000
      23        11.1779        0.00000

 175/545 kpoint (Cartesian) = 0.028425 -0.071114 0.0000 (34836 pws)
       1       -63.6298     0.00367309
       2       -37.8873     0.00367309
       3       -37.8569     0.00367309
       4       -37.7541     0.00367309
       5       -16.6195     0.00367309
       6       -15.6701     0.00367309
       7       -8.03562     0.00367309
       8       -6.66794     0.00367309
       9       -6.14362     0.00367309
      10       -5.52091     0.00367309
      11       -5.00933     0.00367309
      12       -3.95465     0.00367309
      13       -3.38939     0.00367309
      14      -0.656237        0.00000
      15      -0.403248        0.00000
      16      -0.289753        0.00000
      17       0.768917        0.00000
      18        6.88915        0.00000
      19        8.55186        0.00000
      20        9.80337        0.00000
      21        10.0984        0.00000
      22        11.0430        0.00000
      23        11.3931        0.00000

 176/545 kpoint (Cartesian) = 0.018950 -0.065644 0.0000 (34842 pws)
       1       -63.6323     0.00367309
       2       -37.8924     0.00367309
       3       -37.8337     0.00367309
       4       -37.7457     0.00367309
       5       -16.7350     0.00367309
       6       -15.7171     0.00367309
       7       -8.12854     0.00367309
       8       -6.52651     0.00367309
       9       -6.01637     0.00367309
      10       -5.26424     0.00367309
      11       -5.08394     0.00367309
      12       -3.99079     0.00367309
      13       -3.26939     0.00367309
      14      -0.565126        0.00000
      15      -0.362239        0.00000
      16      -0.273964        0.00000
      17       0.603754        0.00000
      18        6.63126        0.00000
      19        8.74758        0.00000
      20        9.70790        0.00000
      21        10.0719        0.00000
      22        11.1206        0.00000
      23        11.5260        0.00000

 177/545 kpoint (Cartesian) = 0.0094749 -0.060174 0.0000 (34885 pws)
       1       -63.6344     0.00367309
       2       -37.8967     0.00367309
       3       -37.8132     0.00367309
       4       -37.7393     0.00367309
       5       -16.8307     0.00367309
       6       -15.7559     0.00367309
       7       -8.21675     0.00367309
       8       -6.38615     0.00367309
       9       -5.88711     0.00367309
      10       -5.16213     0.00367309
      11       -5.05508     0.00367309
      12       -4.03014     0.00367309
      13       -3.16549     0.00367309
      14      -0.488783        0.00000
      15      -0.306158        0.00000
      16      -0.253172        0.00000
      17       0.462747        0.00000
      18        6.37210        0.00000
      19        8.97827        0.00000
      20        9.52075        0.00000
      21        10.1304        0.00000
      22        11.1424        0.00000
      23        11.6364        0.00000

 178/545 kpoint (Cartesian) = 0.0000 0.054703 0.0000 (34897 pws)
       1       -63.6361     0.00367309
       2       -37.9000     0.00367309
       3       -37.7963     0.00367309
       4       -37.7350     0.00367309
       5       -16.9043     0.00367309
       6       -15.7857     0.00367309
       7       -8.28957     0.00367309
       8       -6.26357     0.00367309
       9       -5.75855     0.00367309
      10       -5.23214     0.00367309
      11       -4.93187     0.00367309
      12       -4.04032     0.00367309
      13       -3.08490     0.00367309
      14      -0.428571        0.00000
      15      -0.270673        0.00000
      16      -0.234249        0.00000
      17       0.369981        0.00000
      18        6.15411        0.00000
      19        9.19426        0.00000
      20        9.34275        0.00000
      21        10.2145        0.00000
      22        11.1522        0.00000
      23        11.6486        0.00000

 179/545 kpoint (Cartesian) = 0.0094749 0.049233 0.0000 (34927 pws)
       1       -63.6373     0.00367309
       2       -37.9023     0.00367309
       3       -37.7840     0.00367309
       4       -37.7329     0.00367309
       5       -16.9543     0.00367309
       6       -15.8058     0.00367309
       7       -8.34087     0.00367309
       8       -6.17248     0.00367309
       9       -5.64340     0.00367309
      10       -5.28488     0.00367309
      11       -4.90251     0.00367309
      12       -4.01231     0.00367309
      13       -3.03052     0.00367309
      14      -0.382715        0.00000
      15      -0.295083        0.00000
      16      -0.199156        0.00000
      17       0.331534        0.00000
      18        6.00027        0.00000
      19        9.21187        0.00000
      20        9.35203        0.00000
      21        10.2956        0.00000
      22        11.1223        0.00000
      23        11.5840        0.00000

 180/545 kpoint (Cartesian) = 0.018950 0.043763 0.0000 (34921 pws)
       1       -63.6378     0.00367309
       2       -37.9035     0.00367309
       3       -37.7772     0.00367309
       4       -37.7322     0.00367309
       5       -16.9797     0.00367309
       6       -15.8158     0.00367309
       7       -8.36734     0.00367309
       8       -6.12406     0.00367309
       9       -5.56778     0.00367309
      10       -5.31306     0.00367309
      11       -4.91945     0.00367309
      12       -3.98047     0.00367309
      13       -3.00293     0.00367309
      14      -0.355797        0.00000
      15      -0.324130        0.00000
      16      -0.181611        0.00000
      17       0.325283        0.00000
      18        5.92135        0.00000
      19        9.14330        0.00000
      20        9.43110        0.00000
      21        10.3472        0.00000
      22        11.0707        0.00000
      23        11.6058        0.00000

 181/545 kpoint (Cartesian) = 0.028425 0.038292 0.0000 (34921 pws)
       1       -63.6378     0.00367309
       2       -37.9035     0.00367309
       3       -37.7770     0.00367309
       4       -37.7324     0.00367309
       5       -16.9798     0.00367309
       6       -15.8157     0.00367309
       7       -8.36752     0.00367309
       8       -6.12513     0.00367309
       9       -5.56420     0.00367309
      10       -5.31222     0.00367309
      11       -4.92400     0.00367309
      12       -3.98002     0.00367309
      13       -3.00200     0.00367309
      14      -0.354787        0.00000
      15      -0.326442        0.00000
      16      -0.184397        0.00000
      17       0.329320        0.00000
      18        5.92119        0.00000
      19        9.14269        0.00000
      20        9.43065        0.00000
      21        10.3473        0.00000
      22        11.0719        0.00000
      23        11.6064        0.00000

 182/545 kpoint (Cartesian) = 0.037900 0.032822 0.0000 (34927 pws)
       1       -63.6373     0.00367309
       2       -37.9023     0.00367309
       3       -37.7835     0.00367309
       4       -37.7333     0.00367309
       5       -16.9546     0.00367309
       6       -15.8053     0.00367309
       7       -8.34140     0.00367309
       8       -6.17538     0.00367309
       9       -5.63471     0.00367309
      10       -5.28245     0.00367309
      11       -4.91425     0.00367309
      12       -4.01093     0.00367309
      13       -3.02773     0.00367309
      14      -0.379100        0.00000
      15      -0.303098        0.00000
      16      -0.206647        0.00000
      17       0.343199        0.00000
      18        5.99970        0.00000
      19        9.20994        0.00000
      20        9.35126        0.00000
      21        10.2958        0.00000
      22        11.1243        0.00000
      23        11.5864        0.00000

 183/545 kpoint (Cartesian) = 0.056849 0.032822 0.0000 (34873 pws)
       1       -63.6331     0.00367309
       2       -37.8940     0.00367309
       3       -37.8265     0.00367309
       4       -37.7426     0.00367309
       5       -16.7717     0.00367309
       6       -15.7301     0.00367309
       7       -8.16580     0.00367309
       8       -6.48879     0.00367309
       9       -5.99320     0.00367309
      10       -5.11011     0.00367309
      11       -5.08876     0.00367309
      12       -4.08485     0.00367309
      13       -3.22511     0.00367309
      14      -0.518915        0.00000
      15      -0.353406        0.00000
      16      -0.217987        0.00000
      17       0.528090        0.00000
      18        6.51623        0.00000
      19        8.82225        0.00000
      20        9.62415        0.00000
      21        10.0923        0.00000
      22        11.0993        0.00000
      23        11.8677        0.00000

 184/545 kpoint (Cartesian) = 0.066324 0.027352 0.0000 (34852 pws)
       1       -63.6313     0.00367309
       2       -37.8904     0.00367309
       3       -37.8445     0.00367309
       4       -37.7474     0.00367309
       5       -16.6898     0.00367309
       6       -15.6966     0.00367309
       7       -8.09902     0.00367309
       8       -6.60313     0.00367309
       9       -6.11764     0.00367309
      10       -5.23918     0.00367309
      11       -5.01776     0.00367309
      12       -4.09239     0.00367309
      13       -3.31562     0.00367309
      14      -0.567251        0.00000
      15      -0.403029        0.00000
      16      -0.191021        0.00000
      17       0.624653        0.00000
      18        6.70745        0.00000
      19        8.63080        0.00000
      20        9.68757        0.00000
      21        10.1333        0.00000
      22        11.0605        0.00000
      23        11.7510        0.00000

 185/545 kpoint (Cartesian) = 0.075799 0.021881 0.0000 (34839 pws)
       1       -63.6291     0.00367309
       2       -37.8860     0.00367309
       3       -37.8650     0.00367309
       4       -37.7546     0.00367309
       5       -16.5875     0.00367309
       6       -15.6547     0.00367309
       7       -8.02621     0.00367309
       8       -6.71970     0.00367309
       9       -6.23862     0.00367309
      10       -5.45607     0.00367309
      11       -4.94940     0.00367309
      12       -4.06227     0.00367309
      13       -3.42059     0.00367309
      14      -0.644313        0.00000
      15      -0.432546        0.00000
      16      -0.192698        0.00000
      17       0.766342        0.00000
      18        6.91148        0.00000
      19        8.45129        0.00000
      20        9.67086        0.00000
      21        10.2599        0.00000
      22        11.0137        0.00000
      23        11.5700        0.00000

 186/545 kpoint (Cartesian) = 0.085274 0.016411 0.0000 (34827 pws)
       1       -63.6265     0.00367309
       2       -37.8872     0.00367309
       3       -37.8809     0.00367309
       4       -37.7641     0.00367309
       5       -16.4675     0.00367309
       6       -15.6054     0.00367309
       7       -7.96161     0.00367309
       8       -6.81904     0.00367309
       9       -6.35864     0.00367309
      10       -5.71227     0.00367309
      11       -4.90409     0.00367309
      12       -4.03012     0.00367309
      13       -3.52712     0.00367309
      14      -0.734831        0.00000
      15      -0.440674        0.00000
      16      -0.198167        0.00000
      17       0.927582        0.00000
      18        7.07081        0.00000
      19        8.33946        0.00000
      20        9.61047        0.00000
      21        10.3549        0.00000
      22        10.9335        0.00000
      23        11.2820        0.00000

 187/545 kpoint (Cartesian) = 0.094749 0.010941 0.0000 (34830 pws)
       1       -63.6237     0.00367309
       2       -37.9104     0.00367309
       3       -37.8754     0.00367309
       4       -37.7755     0.00367309
       5       -16.3326     0.00367309
       6       -15.5498     0.00367309
       7       -7.92485     0.00367309
       8       -6.87899     0.00367309
       9       -6.49428     0.00367309
      10       -5.95789     0.00367309
      11       -4.90212     0.00367309
      12       -4.02289     0.00367309
      13       -3.61743     0.00367309
      14      -0.811682        0.00000
      15      -0.437347        0.00000
      16      -0.184677        0.00000
      17        1.08663        0.00000
      18        7.11754        0.00000
      19        8.33228        0.00000
      20        9.51060        0.00000
      21        10.3244        0.00000
      22        10.8304        0.00000
      23        11.2417        0.00000

 188/545 kpoint (Cartesian) = 0.10422 0.0054703 0.0000 (34845 pws)
       1       -63.6208     0.00367309
       2       -37.9336     0.00367309
       3       -37.8695     0.00367309
       4       -37.7883     0.00367309
       5       -16.1867     0.00367309
       6       -15.4894     0.00367309
       7       -7.93223     0.00367309
       8       -6.88417     0.00367309
       9       -6.67635     0.00367309
      10       -6.14087     0.00367309
      11       -4.95829     0.00367309
      12       -4.05347     0.00367309
      13       -3.67446     0.00367309
      14      -0.852806        0.00000
      15      -0.430848        0.00000
      16      -0.140195        0.00000
      17        1.23046        0.00000
      18        7.03856        0.00000
      19        8.38458        0.00000
      20        9.35587        0.00000
      21        10.2826        0.00000
      22        10.7531        0.00000
      23        11.3640        0.00000

 189/545 kpoint (Cartesian) = 0.11370 0.0000 0.0000 (34837 pws)
       1       -63.6179     0.00367309
       2       -37.9563     0.00367309
       3       -37.8637     0.00367309
       4       -37.8020     0.00367309
       5       -16.0339     0.00367309
       6       -15.4260     0.00367309
       7       -7.98245     0.00367309
       8       -6.91157     0.00367309
       9       -6.84077     0.00367309
      10       -6.24108     0.00367309
      11       -5.06969     0.00367309
      12       -4.12362     0.00367309
      13       -3.69118     0.00367309
      14      -0.845396        0.00000
      15      -0.427456        0.00000
      16     -0.0634223        0.00000
      17        1.35278        0.00000
      18        6.87102        0.00000
      19        8.39160        0.00000
      20        9.17085        0.00000
      21        10.3333        0.00000
      22        10.7496        0.00000
      23        11.5171        0.00000

 190/545 kpoint (Cartesian) = 0.12317 -0.0054703 0.0000 (34836 pws)
       1       -63.6150     0.00367309
       2       -37.9777     0.00367309
       3       -37.8579     0.00367309
       4       -37.8158     0.00367309
       5       -15.8795     0.00367309
       6       -15.3618     0.00367309
       7       -8.05830     0.00367309
       8       -7.16694     0.00367309
       9       -6.77698     0.00367309
      10       -6.28148     0.00367309
      11       -5.21320     0.00367309
      12       -4.22740     0.00367309
      13       -3.67142     0.00367309
      14      -0.789246        0.00000
      15      -0.430023        0.00000
      16      0.0388140        0.00000
      17        1.45181        0.00000
      18        6.63909        0.00000
      19        8.29630        0.00000
      20        9.00037        0.00000
      21        10.4682        0.00000
      22        10.8190        0.00000
      23        11.5676        0.00000

 191/545 kpoint (Cartesian) = 0.13265 -0.010941 0.0000 (34809 pws)
       1       -63.6124     0.00367309
       2       -37.9972     0.00367309
       3       -37.8526     0.00367309
       4       -37.8292     0.00367309
       5       -15.7291     0.00367309
       6       -15.2991     0.00367309
       7       -8.14119     0.00367309
       8       -7.41427     0.00367309
       9       -6.72548     0.00367309
      10       -6.28457     0.00367309
      11       -5.35573     0.00367309
      12       -4.35459     0.00367309
      13       -3.62153     0.00367309
      14      -0.704302        0.00000
      15      -0.429458        0.00000
      16       0.155170        0.00000
      17        1.52867        0.00000
      18        6.34914        0.00000
      19        8.12477        0.00000
      20        8.86838        0.00000
      21        10.6524        0.00000
      22        10.8615        0.00000
      23        11.5174        0.00000

 192/545 kpoint (Cartesian) = 0.14212 -0.016411 0.0000 (34783 pws)
       1       -63.6100     0.00367309
       2       -38.0143     0.00367309
       3       -37.8478     0.00367309
       4       -37.8414     0.00367309
       5       -15.5891     0.00367309
       6       -15.2407     0.00367309
       7       -8.21825     0.00367309
       8       -7.63709     0.00367309
       9       -6.71283     0.00367309
      10       -6.26291     0.00367309
      11       -5.46703     0.00367309
      12       -4.49320     0.00367309
      13       -3.54631     0.00367309
      14      -0.651443        0.00000
      15      -0.380628        0.00000
      16       0.273056        0.00000
      17        1.58608        0.00000
      18        6.01196        0.00000
      19        7.93823        0.00000
      20        8.77982        0.00000
      21        10.7555        0.00000
      22        10.8467        0.00000
      23        11.4802        0.00000

 193/545 kpoint (Cartesian) = 0.15160 -0.021881 0.0000 (34769 pws)
       1       -63.6079     0.00367309
       2       -38.0286     0.00367309
       3       -37.8520     0.00367309
       4       -37.8437     0.00367309
       5       -15.4661     0.00367309
       6       -15.1895     0.00367309
       7       -8.28219     0.00367309
       8       -7.82541     0.00367309
       9       -6.74648     0.00367309
      10       -6.22543     0.00367309
      11       -5.53279     0.00367309
      12       -4.63066     0.00367309
      13       -3.45206     0.00367309
      14      -0.675686        0.00000
      15      -0.255170        0.00000
      16       0.380832        0.00000
      17        1.62747        0.00000
      18        5.65764        0.00000
      19        7.78045        0.00000
      20        8.72980        0.00000
      21        10.5892        0.00000
      22        10.9905        0.00000
      23        11.4436        0.00000

 194/545 kpoint (Cartesian) = 0.16107 -0.027352 0.0000 (34791 pws)
       1       -63.6063     0.00367309
       2       -38.0397     0.00367309
       3       -37.8604     0.00367309
       4       -37.8405     0.00367309
       5       -15.3666     0.00367309
       6       -15.1481     0.00367309
       7       -8.32973     0.00367309
       8       -7.97229     0.00367309
       9       -6.80930     0.00367309
      10       -6.18120     0.00367309
      11       -5.56035     0.00367309
      12       -4.75380     0.00367309
      13       -3.35107     0.00367309
      14      -0.736944        0.00000
      15      -0.107545        0.00000
      16       0.468958        0.00000
      17        1.65618        0.00000
      18        5.33155        0.00000
      19        7.66646        0.00000
      20        8.70836        0.00000
      21        10.4413        0.00000
      22        11.0666        0.00000
      23        11.4030        0.00000

 195/545 kpoint (Cartesian) = 0.17055 -0.032822 0.0000 (34785 pws)
       1       -63.6052     0.00367309
       2       -38.0472     0.00367309
       3       -37.8662     0.00367309
       4       -37.8383     0.00367309
       5       -15.2964     0.00367309
       6       -15.1191     0.00367309
       7       -8.36035     0.00367309
       8       -8.07271     0.00367309
       9       -6.87221     0.00367309
      10       -6.14116     0.00367309
      11       -5.56710     0.00367309
      12       -4.84841     0.00367309
      13       -3.26301     0.00367309
      14      -0.799568        0.00000
      15      0.0164389        0.00000
      16       0.530445        0.00000
      17        1.67500        0.00000
      18        5.08091        0.00000
      19        7.59539        0.00000
      20        8.70341        0.00000
      21        10.3379        0.00000
      22        11.0916        0.00000
      23        11.3696        0.00000

 196/545 kpoint (Cartesian) = 0.18002 -0.038292 0.0000 (34771 pws)
       1       -63.6047     0.00367309
       2       -38.0511     0.00367309
       3       -37.8691     0.00367309
       4       -37.8372     0.00367309
       5       -15.2600     0.00367309
       6       -15.1042     0.00367309
       7       -8.37502     0.00367309
       8       -8.12332     0.00367309
       9       -6.91052     0.00367309
      10       -6.11734     0.00367309
      11       -5.56683     0.00367309
      12       -4.90028     0.00367309
      13       -3.21086     0.00367309
      14      -0.838820        0.00000
      15      0.0866848        0.00000
      16       0.560928        0.00000
      17        1.68576        0.00000
      18        4.94442        0.00000
      19        7.56238        0.00000
      20        8.70380        0.00000
      21        10.2851        0.00000
      22        11.0954        0.00000
      23        11.3510        0.00000

 197/545 kpoint (Cartesian) = 0.18950 -0.043763 0.0000 (34771 pws)
       1       -63.6047     0.00367309
       2       -38.0512     0.00367309
       3       -37.8691     0.00367309
       4       -37.8372     0.00367309
       5       -15.2599     0.00367309
       6       -15.1045     0.00367309
       7       -8.37483     0.00367309
       8       -8.12242     0.00367309
       9       -6.91109     0.00367309
      10       -6.11847     0.00367309
      11       -5.56598     0.00367309
      12       -4.89962     0.00367309
      13       -3.21109     0.00367309
      14      -0.839015        0.00000
      15      0.0858801        0.00000
      16       0.558547        0.00000
      17        1.68911        0.00000
      18        4.94440        0.00000
      19        7.56401        0.00000
      20        8.70278        0.00000
      21        10.2846        0.00000
      22        11.0953        0.00000
      23        11.3507        0.00000

 198/545 kpoint (Cartesian) = 0.19897 -0.049233 0.0000 (34785 pws)
       1       -63.6052     0.00367309
       2       -38.0475     0.00367309
       3       -37.8660     0.00367309
       4       -37.8383     0.00367309
       5       -15.2959     0.00367309
       6       -15.1199     0.00367309
       7       -8.35980     0.00367309
       8       -8.07005     0.00367309
       9       -6.87376     0.00367309
      10       -6.14434     0.00367309
      11       -5.56468     0.00367309
      12       -4.84658     0.00367309
      13       -3.26377     0.00367309
      14      -0.800064        0.00000
      15      0.0141442        0.00000
      16       0.523763        0.00000
      17        1.68450        0.00000
      18        5.08082        0.00000
      19        7.60015        0.00000
      20        8.70046        0.00000
      21        10.3364        0.00000
      22        11.0911        0.00000
      23        11.3691        0.00000

 199/545 kpoint (Cartesian) = 0.20845 -0.054703 0.0000 (34791 pws)
       1       -63.6063     0.00367309
       2       -38.0401     0.00367309
       3       -37.8601     0.00367309
       4       -37.8405     0.00367309
       5       -15.3658     0.00367309
       6       -15.1495     0.00367309
       7       -8.32893     0.00367309
       8       -7.96796     0.00367309
       9       -6.81135     0.00367309
      10       -6.18602     0.00367309
      11       -5.55680     0.00367309
      12       -4.75117     0.00367309
      13       -3.35255     0.00367309
      14      -0.737485        0.00000
      15      -0.111053        0.00000
      16       0.459183        0.00000
      17        1.67032        0.00000
      18        5.33129        0.00000
      19        7.67389        0.00000
      20        8.70378        0.00000
      21        10.4389        0.00000
      22        11.0653        0.00000
      23        11.4027        0.00000

 200/545 kpoint (Cartesian) = 0.094749 -0.12035 0.0000 (34769 pws)
       1       -63.6079     0.00367309
       2       -38.0291     0.00367309
       3       -37.8516     0.00367309
       4       -37.8436     0.00367309
       5       -15.4651     0.00367309
       6       -15.1913     0.00367309
       7       -8.28125     0.00367309
       8       -7.81957     0.00367309
       9       -6.74818     0.00367309
      10       -6.23144     0.00367309
      11       -5.52897     0.00367309
      12       -4.62757     0.00367309
      13       -3.45447     0.00367309
      14      -0.675798        0.00000
      15      -0.259683        0.00000
      16       0.369522        0.00000
      17        1.64424        0.00000
      18        5.65722        0.00000
      19        7.78993        0.00000
      20        8.72402        0.00000
      21        10.5856        0.00000
      22        10.9878        0.00000
      23        11.4448        0.00000

 201/545 kpoint (Cartesian) = 0.085274 -0.11488 0.0000 (34783 pws)
       1       -63.6100     0.00367309
       2       -38.0150     0.00367309
       3       -37.8477     0.00367309
       4       -37.8409     0.00367309
       5       -15.5880     0.00367309
       6       -15.2429     0.00367309
       7       -8.21728     0.00367309
       8       -7.62997     0.00367309
       9       -6.71321     0.00367309
      10       -6.26971     0.00367309
      11       -5.46399     0.00367309
      12       -4.48988     0.00367309
      13       -3.54988     0.00367309
      14      -0.650421        0.00000
      15      -0.386146        0.00000
      16       0.261721        0.00000
      17        1.60340        0.00000
      18        6.01157        0.00000
      19        7.94909        0.00000
      20        8.77331        0.00000
      21        10.7511        0.00000
      22        10.8414        0.00000
      23        11.4850        0.00000

 202/545 kpoint (Cartesian) = 0.075799 -0.10941 0.0000 (34809 pws)
       1       -63.6124     0.00367309
       2       -37.9979     0.00367309
       3       -37.8525     0.00367309
       4       -37.8286     0.00367309
       5       -15.7279     0.00367309
       6       -15.3014     0.00367309
       7       -8.14027     0.00367309
       8       -7.40625     0.00367309
       9       -6.72393     0.00367309
      10       -6.29170     0.00367309
      11       -5.35414     0.00367309
      12       -4.35118     0.00367309
      13       -3.62651     0.00367309
      14      -0.702549        0.00000
      15      -0.434929        0.00000
      16       0.145029        0.00000
      17        1.54471        0.00000
      18        6.34909        0.00000
      19        8.13649        0.00000
      20        8.86156        0.00000
      21        10.6505        0.00000
      22        10.8507        0.00000
      23        11.5223        0.00000

 203/545 kpoint (Cartesian) = 0.066324 -0.10394 0.0000 (34836 pws)
       1       -63.6150     0.00367309
       2       -37.9785     0.00367309
       3       -37.8579     0.00367309
       4       -37.8152     0.00367309
       5       -15.8781     0.00367309
       6       -15.3642     0.00367309
       7       -8.05750     0.00367309
       8       -7.15870     0.00367309
       9       -6.77362     0.00367309
      10       -6.28826     0.00367309
      11       -5.21296     0.00367309
      12       -4.22396     0.00367309
      13       -3.67809     0.00367309
      14      -0.786748        0.00000
      15      -0.434927        0.00000
      16      0.0307402        0.00000
      17        1.46516        0.00000
      18        6.63960        0.00000
      19        8.30855        0.00000
      20        8.99364        0.00000
      21        10.4668        0.00000
      22        10.8084        0.00000
      23        11.5652        0.00000

 204/545 kpoint (Cartesian) = 0.056849 -0.098466 0.0000 (34837 pws)
       1       -63.6179     0.00367309
       2       -37.9571     0.00367309
       3       -37.8636     0.00367309
       4       -37.8013     0.00367309
       5       -16.0325     0.00367309
       6       -15.4285     0.00367309
       7       -7.98175     0.00367309
       8       -6.90448     0.00367309
       9       -6.83620     0.00367309
      10       -6.24607     0.00367309
      11       -5.07031     0.00367309
      12       -4.12017     0.00367309
      13       -3.69974     0.00367309
      14      -0.841449        0.00000
      15      -0.432169        0.00000
      16     -0.0688380        0.00000
      17        1.36239        0.00000
      18        6.87216        0.00000
      19        8.40355        0.00000
      20        9.16460        0.00000
      21        10.3333        0.00000
      22        10.7395        0.00000
      23        11.5177        0.00000

 205/545 kpoint (Cartesian) = 0.047375 -0.092996 0.0000 (34845 pws)
       1       -63.6208     0.00367309
       2       -37.9345     0.00367309
       3       -37.8695     0.00367309
       4       -37.7877     0.00367309
       5       -16.1853     0.00367309
       6       -15.4918     0.00367309
       7       -7.93153     0.00367309
       8       -6.87871     0.00367309
       9       -6.67355     0.00367309
      10       -6.14125     0.00367309
      11       -4.95938     0.00367309
      12       -4.05006     0.00367309
      13       -3.68478     0.00367309
      14      -0.847163        0.00000
      15      -0.435574        0.00000
      16      -0.142525        0.00000
      17        1.23565        0.00000
      18        7.04048        0.00000
      19        8.39443        0.00000
      20        9.35070        0.00000
      21        10.2843        0.00000
      22        10.7444        0.00000
      23        11.3632        0.00000

 206/545 kpoint (Cartesian) = 0.037900 -0.087525 0.0000 (34830 pws)
       1       -63.6237     0.00367309
       2       -37.9112     0.00367309
       3       -37.8753     0.00367309
       4       -37.7749     0.00367309
       5       -16.3313     0.00367309
       6       -15.5520     0.00367309
       7       -7.92395     0.00367309
       8       -6.87343     0.00367309
       9       -6.49748     0.00367309
      10       -5.95177     0.00367309
      11       -4.90370     0.00367309
      12       -4.01967     0.00367309
      13       -3.62872     0.00367309
      14      -0.804634        0.00000
      15      -0.442049        0.00000
      16      -0.183551        0.00000
      17        1.08693        0.00000
      18        7.12058        0.00000
      19        8.33823        0.00000
      20        9.50754        0.00000
      21        10.3278        0.00000
      22        10.8244        0.00000
      23        11.2388        0.00000

 207/545 kpoint (Cartesian) = 0.028425 -0.082055 0.0000 (34827 pws)
       1       -63.6265     0.00367309
       2       -37.8881     0.00367309
       3       -37.8808     0.00367309
       4       -37.7635     0.00367309
       5       -16.4663     0.00367309
       6       -15.6074     0.00367309
       7       -7.96042     0.00367309
       8       -6.81376     0.00367309
       9       -6.36592     0.00367309
      10       -5.70155     0.00367309
      11       -4.90638     0.00367309
      12       -4.02741     0.00367309
      13       -3.53824     0.00367309
      14      -0.727298        0.00000
      15      -0.444905        0.00000
      16      -0.193207        0.00000
      17       0.922728        0.00000
      18        7.07470        0.00000
      19        8.34137        0.00000
      20        9.61037        0.00000
      21        10.3586        0.00000
      22        10.9310        0.00000
      23        11.2771        0.00000

 208/545 kpoint (Cartesian) = 0.018950 -0.076585 0.0000 (34839 pws)
       1       -63.6291     0.00367309
       2       -37.8859     0.00367309
       3       -37.8658     0.00367309
       4       -37.7540     0.00367309
       5       -16.5865     0.00367309
       6       -15.6564     0.00367309
       7       -8.02483     0.00367309
       8       -6.71482     0.00367309
       9       -6.24783     0.00367309
      10       -5.44278     0.00367309
      11       -4.95242     0.00367309
      12       -4.06042     0.00367309
      13       -3.43059     0.00367309
      14      -0.638233        0.00000
      15      -0.434941        0.00000
      16      -0.183628        0.00000
      17       0.756339        0.00000
      18        6.91501        0.00000
      19        8.45079        0.00000
      20        9.67395        0.00000
      21        10.2612        0.00000
      22        11.0149        0.00000
      23        11.5648        0.00000

 209/545 kpoint (Cartesian) = 0.0094749 -0.071114 0.0000 (34852 pws)
       1       -63.6313     0.00367309
       2       -37.8904     0.00367309
       3       -37.8452     0.00367309
       4       -37.7469     0.00367309
       5       -16.6889     0.00367309
       6       -15.6980     0.00367309
       7       -8.09765     0.00367309
       8       -6.59870     0.00367309
       9       -6.12767     0.00367309
      10       -5.22439     0.00367309
      11       -5.02135     0.00367309
      12       -4.09166     0.00367309
      13       -3.32394     0.00367309
      14      -0.565482        0.00000
      15      -0.401326        0.00000
      16      -0.178380        0.00000
      17       0.610508        0.00000
      18        6.70990        0.00000
      19        8.62948        0.00000
      20        9.69365        0.00000
      21        10.1314        0.00000
      22        11.0639        0.00000
      23        11.7495        0.00000

 210/545 kpoint (Cartesian) = 0.0000 0.065644 0.0000 (34873 pws)
       1       -63.6331     0.00367309
       2       -37.8940     0.00367309
       3       -37.8272     0.00367309
       4       -37.7421     0.00367309
       5       -16.7710     0.00367309
       6       -15.7312     0.00367309
       7       -8.16463     0.00367309
       8       -6.48497     0.00367309
       9       -6.00324     0.00367309
      10       -5.09519     0.00367309
      11       -5.09252     0.00367309
      12       -4.08493     0.00367309
      13       -3.23146     0.00367309
      14      -0.521168        0.00000
      15      -0.348539        0.00000
      16      -0.204359        0.00000
      17       0.513071        0.00000
      18        6.51762        0.00000
      19        8.82112        0.00000
      20        9.63041        0.00000
      21        10.0895        0.00000
      22        11.1031        0.00000
      23        11.8590        0.00000

 211/545 kpoint (Cartesian) = 0.0094749 0.060174 0.0000 (34885 pws)
       1       -63.6344     0.00367309
       2       -37.8967     0.00367309
       3       -37.8128     0.00367309
       4       -37.7396     0.00367309
       5       -16.8310     0.00367309
       6       -15.7553     0.00367309
       7       -8.21713     0.00367309
       8       -6.38964     0.00367309
       9       -5.88165     0.00367309
      10       -5.15962     0.00367309
      11       -5.06392     0.00367309
      12       -4.02844     0.00367309
      13       -3.16113     0.00367309
      14      -0.493388        0.00000
      15      -0.304509        0.00000
      16      -0.261577        0.00000
      17       0.473058        0.00000
      18        6.36904        0.00000
      19        8.97796        0.00000
      20        9.51927        0.00000
      21        10.1309        0.00000
      22        11.1407        0.00000
      23        11.6312        0.00000

 212/545 kpoint (Cartesian) = 0.018950 0.054703 0.0000 (34878 pws)
       1       -63.6353     0.00367309
       2       -37.8983     0.00367309
       3       -37.8032     0.00367309
       4       -37.7388     0.00367309
       5       -16.8676     0.00367309
       6       -15.7699     0.00367309
       7       -8.25032     0.00367309
       8       -6.32609     0.00367309
       9       -5.78181     0.00367309
      10       -5.20353     0.00367309
      11       -5.09648     0.00367309
      12       -3.96139     0.00367309
      13       -3.11722     0.00367309
      14      -0.475085        0.00000
      15      -0.335186        0.00000
      16      -0.265374        0.00000
      17       0.467956        0.00000
      18        6.27721        0.00000
      19        9.07323        0.00000
      20        9.43161        0.00000
      21        10.1867        0.00000
      22        11.1484        0.00000
      23        11.5308        0.00000

 213/545 kpoint (Cartesian) = 0.028425 0.049233 0.0000 (34885 pws)
       1       -63.6355     0.00367309
       2       -37.8989     0.00367309
       3       -37.7997     0.00367309
       4       -37.7388     0.00367309
       5       -16.8800     0.00367309
       6       -15.7746     0.00367309
       7       -8.26178     0.00367309
       8       -6.30421     0.00367309
       9       -5.73821     0.00367309
      10       -5.21886     0.00367309
      11       -5.12214     0.00367309
      12       -3.93272     0.00367309
      13       -3.10169     0.00367309
      14      -0.467608        0.00000
      15      -0.361739        0.00000
      16      -0.258478        0.00000
      17       0.471486        0.00000
      18        6.24629        0.00000
      19        9.10390        0.00000
      20        9.39910        0.00000
      21        10.2115        0.00000
      22        11.1395        0.00000
      23        11.5167        0.00000

 214/545 kpoint (Cartesian) = 0.037900 0.043763 0.0000 (34878 pws)
       1       -63.6353     0.00367309
       2       -37.8984     0.00367309
       3       -37.8029     0.00367309
       4       -37.7390     0.00367309
       5       -16.8679     0.00367309
       6       -15.7695     0.00367309
       7       -8.25077     0.00367309
       8       -6.32772     0.00367309
       9       -5.77585     0.00367309
      10       -5.20244     0.00367309
      11       -5.10357     0.00367309
      12       -3.96145     0.00367309
      13       -3.11509     0.00367309
      14      -0.472917        0.00000
      15      -0.339071        0.00000
      16      -0.269878        0.00000
      17       0.473929        0.00000
      18        6.27699        0.00000
      19        9.07327        0.00000
      20        9.42966        0.00000
      21        10.1874        0.00000
      22        11.1478        0.00000
      23        11.5334        0.00000

 215/545 kpoint (Cartesian) = 0.047375 0.038292 0.0000 (34885 pws)
       1       -63.6344     0.00367309
       2       -37.8967     0.00367309
       3       -37.8123     0.00367309
       4       -37.7400     0.00367309
       5       -16.8315     0.00367309
       6       -15.7545     0.00367309
       7       -8.21798     0.00367309
       8       -6.39258     0.00367309
       9       -5.87263     0.00367309
      10       -5.15761     0.00367309
      11       -5.07547     0.00367309
      12       -4.02834     0.00367309
      13       -3.15687     0.00367309
      14      -0.490117        0.00000
      15      -0.308060        0.00000
      16      -0.273504        0.00000
      17       0.484631        0.00000
      18        6.36840        0.00000
      19        8.97845        0.00000
      20        9.51517        0.00000
      21        10.1325        0.00000
      22        11.1382        0.00000
      23        11.6369        0.00000

 216/545 kpoint (Cartesian) = 0.066324 0.038292 0.0000 (34831 pws)
       1       -63.6298     0.00367309
       2       -37.8875     0.00367309
       3       -37.8600     0.00367309
       4       -37.7504     0.00367309
       5       -16.6218     0.00367309
       6       -15.6684     0.00367309
       7       -8.05728     0.00367309
       8       -6.69290     0.00367309
       9       -6.24111     0.00367309
      10       -5.26903     0.00367309
      11       -4.94198     0.00367309
      12       -4.17068     0.00367309
      13       -3.39206     0.00367309
      14      -0.575420        0.00000
      15      -0.455147        0.00000
      16      -0.103323        0.00000
      17       0.667248        0.00000
      18        6.82201        0.00000
      19        8.46752        0.00000
      20        9.62912        0.00000
      21        10.2674        0.00000
      22        11.0271        0.00000
      23        12.0072        0.00000

 217/545 kpoint (Cartesian) = 0.075799 0.032822 0.0000 (34840 pws)
       1       -63.6279     0.00367309
       2       -37.8837     0.00367309
       3       -37.8784     0.00367309
       4       -37.7555     0.00367309
       5       -16.5333     0.00367309
       6       -15.6323     0.00367309
       7       -8.01122     0.00367309
       8       -6.78375     0.00367309
       9       -6.36339     0.00367309
      10       -5.40171     0.00367309
      11       -4.86957     0.00367309
      12       -4.18877     0.00367309
      13       -3.48460     0.00367309
      14      -0.616536        0.00000
      15      -0.487381        0.00000
      16     -0.0572814        0.00000
      17       0.763811        0.00000
      18        6.95616        0.00000
      19        8.29669        0.00000
      20        9.54798        0.00000
      21        10.4352        0.00000
      22        11.0110        0.00000
      23        11.7636        0.00000

 218/545 kpoint (Cartesian) = 0.085274 0.027352 0.0000 (34840 pws)
       1       -63.6257     0.00367309
       2       -37.8984     0.00367309
       3       -37.8792     0.00367309
       4       -37.7633     0.00367309
       5       -16.4265     0.00367309
       6       -15.5885     0.00367309
       7       -7.97180     0.00367309
       8       -6.85925     0.00367309
       9       -6.48172     0.00367309
      10       -5.61360     0.00367309
      11       -4.82112     0.00367309
      12       -4.16356     0.00367309
      13       -3.57702     0.00367309
      14      -0.698686        0.00000
      15      -0.481354        0.00000
      16     -0.0511904        0.00000
      17       0.905743        0.00000
      18        7.06455        0.00000
      19        8.17518        0.00000
      20        9.45912        0.00000
      21        10.5606        0.00000
      22        10.9935        0.00000
      23        11.4680        0.00000

 219/545 kpoint (Cartesian) = 0.094749 0.021881 0.0000 (34829 pws)
       1       -63.6232     0.00367309
       2       -37.9191     0.00367309
       3       -37.8742     0.00367309
       4       -37.7737     0.00367309
       5       -16.3042     0.00367309
       6       -15.5381     0.00367309
       7       -7.95258     0.00367309
       8       -6.90106     0.00367309
       9       -6.60413     0.00367309
      10       -5.85179     0.00367309
      11       -4.82142     0.00367309
      12       -4.13380     0.00367309
      13       -3.65121     0.00367309
      14      -0.780224        0.00000
      15      -0.462899        0.00000
      16     -0.0567594        0.00000
      17        1.06323        0.00000
      18        7.08379        0.00000
      19        8.15839        0.00000
      20        9.36112        0.00000
      21        10.5421        0.00000
      22        10.9552        0.00000
      23        11.3587        0.00000

 220/545 kpoint (Cartesian) = 0.10422 0.016411 0.0000 (34838 pws)
       1       -63.6205     0.00367309
       2       -37.9396     0.00367309
       3       -37.8689     0.00367309
       4       -37.7863     0.00367309
       5       -16.1696     0.00367309
       6       -15.4822     0.00367309
       7       -7.96346     0.00367309
       8       -6.89733     0.00367309
       9       -6.74985     0.00367309
      10       -6.06431     0.00367309
      11       -4.88957     0.00367309
      12       -4.12726     0.00367309
      13       -3.69182     0.00367309
      14      -0.832347        0.00000
      15      -0.444458        0.00000
      16     -0.0501682        0.00000
      17        1.21340        0.00000
      18        6.99481        0.00000
      19        8.23283        0.00000
      20        9.24603        0.00000
      21        10.4376        0.00000
      22        10.8987        0.00000
      23        11.4353        0.00000

 221/545 kpoint (Cartesian) = 0.11370 0.010941 0.0000 (34841 pws)
       1       -63.6178     0.00367309
       2       -37.9592     0.00367309
       3       -37.8634     0.00367309
       4       -37.8006     0.00367309
       5       -16.0267     0.00367309
       6       -15.4226     0.00367309
       7       -8.00265     0.00367309
       8       -6.93920     0.00367309
       9       -6.85084     0.00367309
      10       -6.21106     0.00367309
      11       -5.02569     0.00367309
      12       -4.15720     0.00367309
      13       -3.69604     0.00367309
      14      -0.836945        0.00000
      15      -0.432723        0.00000
      16     -0.0195248        0.00000
      17        1.34454        0.00000
      18        6.83569        0.00000
      19        8.30857        0.00000
      20        9.11758        0.00000
      21        10.4001        0.00000
      22        10.8468        0.00000
      23        11.5555        0.00000

 222/545 kpoint (Cartesian) = 0.12317 0.0054703 0.0000 (34836 pws)
       1       -63.6151     0.00367309
       2       -37.9774     0.00367309
       3       -37.8580     0.00367309
       4       -37.8160     0.00367309
       5       -15.8801     0.00367309
       6       -15.3609     0.00367309
       7       -8.05805     0.00367309
       8       -7.16577     0.00367309
       9       -6.77950     0.00367309
      10       -6.28522     0.00367309
      11       -5.21043     0.00367309
      12       -4.22589     0.00367309
      13       -3.67081     0.00367309
      14      -0.788549        0.00000
      15      -0.431137        0.00000
      16      0.0364956        0.00000
      17        1.45277        0.00000
      18        6.63648        0.00000
      19        8.29952        0.00000
      20        8.99839        0.00000
      21        10.4684        0.00000
      22        10.8185        0.00000
      23        11.5682        0.00000

 223/545 kpoint (Cartesian) = 0.13265 0.0000 0.0000 (34814 pws)
       1       -63.6125     0.00367309
       2       -37.9937     0.00367309
       3       -37.8528     0.00367309
       4       -37.8317     0.00367309
       5       -15.7349     0.00367309
       6       -15.2996     0.00367309
       7       -8.11566     0.00367309
       8       -7.40370     0.00367309
       9       -6.70680     0.00367309
      10       -6.30483     0.00367309
      11       -5.41543     0.00367309
      12       -4.32797     0.00367309
      13       -3.62169     0.00367309
      14      -0.702568        0.00000
      15      -0.432431        0.00000
      16       0.111658        0.00000
      17        1.53894        0.00000
      18        6.40463        0.00000
      19        8.17020        0.00000
      20        8.91125        0.00000
      21        10.6222        0.00000
      22        10.7952        0.00000
      23        11.4263        0.00000

 224/545 kpoint (Cartesian) = 0.14212 -0.0054703 0.0000 (34778 pws)
       1       -63.6101     0.00367309
       2       -38.0078     0.00367309
       3       -37.8480     0.00367309
       4       -37.8469     0.00367309
       5       -15.5969     0.00367309
       6       -15.2409     0.00367309
       7       -8.16492     0.00367309
       8       -7.63004     0.00367309
       9       -6.65881     0.00367309
      10       -6.28761     0.00367309
      11       -5.60894     0.00367309
      12       -4.45360     0.00367309
      13       -3.54993     0.00367309
      14      -0.642821        0.00000
      15      -0.387900        0.00000
      16       0.195758        0.00000
      17        1.60625        0.00000
      18        6.13808        0.00000
      19        7.95311        0.00000
      20        8.86602        0.00000
      21        10.7028        0.00000
      22        10.8266        0.00000
      23        11.3038        0.00000

 225/545 kpoint (Cartesian) = 0.15160 -0.010941 0.0000 (34804 pws)
       1       -63.6080     0.00367309
       2       -38.0193     0.00367309
       3       -37.8609     0.00367309
       4       -37.8438     0.00367309
       5       -15.4723     0.00367309
       6       -15.1877     0.00367309
       7       -8.19976     0.00367309
       8       -7.83009     0.00367309
       9       -6.65942     0.00367309
      10       -6.24590     0.00367309
      11       -5.75890     0.00367309
      12       -4.59062     0.00367309
      13       -3.45713     0.00367309
      14      -0.672388        0.00000
      15      -0.251691        0.00000
      16       0.277943        0.00000
      17        1.65844        0.00000
      18        5.84123        0.00000
      19        7.71954        0.00000
      20        8.86089        0.00000
      21        10.5578        0.00000
      22        11.0051        0.00000
      23        11.2962        0.00000

 226/545 kpoint (Cartesian) = 0.16107 -0.016411 0.0000 (34791 pws)
       1       -63.6063     0.00367309
       2       -38.0283     0.00367309
       3       -37.8728     0.00367309
       4       -37.8404     0.00367309
       5       -15.3672     0.00367309
       6       -15.1426     0.00367309
       7       -8.21849     0.00367309
       8       -7.99419     0.00367309
       9       -6.71499     0.00367309
      10       -6.19024     0.00367309
      11       -5.84743     0.00367309
      12       -4.72546     0.00367309
      13       -3.35070     0.00367309
      14      -0.748976        0.00000
      15     -0.0813325        0.00000
      16       0.349036        0.00000
      17        1.69845        0.00000
      18        5.53833        0.00000
      19        7.52551        0.00000
      20        8.88596        0.00000
      21        10.4218        0.00000
      22        11.0890        0.00000
      23        11.3174        0.00000

 227/545 kpoint (Cartesian) = 0.17055 -0.021881 0.0000 (34785 pws)
       1       -63.6050     0.00367309
       2       -38.0346     0.00367309
       3       -37.8819     0.00367309
       4       -37.8379     0.00367309
       5       -15.2873     0.00367309
       6       -15.1084     0.00367309
       7       -8.22373     0.00367309
       8       -8.11569     0.00367309
       9       -6.79912     0.00367309
      10       -6.13256     0.00367309
      11       -5.88567     0.00367309
      12       -4.84267     0.00367309
      13       -3.24670     0.00367309
      14      -0.834757        0.00000
      15      0.0746404        0.00000
      16       0.402622        0.00000
      17        1.72786        0.00000
      18        5.27212        0.00000
      19        7.39130        0.00000
      20        8.92546        0.00000
      21        10.3208        0.00000
      22        11.0834        0.00000
      23        11.3315        0.00000

 228/545 kpoint (Cartesian) = 0.18002 -0.027352 0.0000 (34757 pws)
       1       -63.6043     0.00367309
       2       -38.0385     0.00367309
       3       -37.8876     0.00367309
       4       -37.8363     0.00367309
       5       -15.2371     0.00367309
       6       -15.0870     0.00367309
       7       -8.22182     0.00367309
       8       -8.18996     0.00367309
       9       -6.87053     0.00367309
      10       -6.08777     0.00367309
      11       -5.89769     0.00367309
      12       -4.92455     0.00367309
      13       -3.16848     0.00367309
      14      -0.902306        0.00000
      15       0.183784        0.00000
      16       0.435030        0.00000
      17        1.74702        0.00000
      18        5.08890        0.00000
      19        7.31555        0.00000
      20        8.96033        0.00000
      21        10.2595        0.00000
      22        11.0509        0.00000
      23        11.3371        0.00000

 229/545 kpoint (Cartesian) = 0.18950 -0.032822 0.0000 (34748 pws)
       1       -63.6040     0.00367309
       2       -38.0398     0.00367309
       3       -37.8895     0.00367309
       4       -37.8358     0.00367309
       5       -15.2199     0.00367309
       6       -15.0799     0.00367309
       7       -8.22022     0.00367309
       8       -8.21408     0.00367309
       9       -6.89852     0.00367309
      10       -6.07115     0.00367309
      11       -5.89941     0.00367309
      12       -4.95404     0.00367309
      13       -3.13910     0.00367309
      14      -0.928336        0.00000
      15       0.222607        0.00000
      16       0.444654        0.00000
      17        1.75554        0.00000
      18        5.02355        0.00000
      19        7.29222        0.00000
      20        8.97366        0.00000
      21        10.2388        0.00000
      22        11.0351        0.00000
      23        11.3379        0.00000

 230/545 kpoint (Cartesian) = 0.19897 -0.038292 0.0000 (34757 pws)
       1       -63.6043     0.00367309
       2       -38.0387     0.00367309
       3       -37.8874     0.00367309
       4       -37.8363     0.00367309
       5       -15.2368     0.00367309
       6       -15.0877     0.00367309
       7       -8.22129     0.00367309
       8       -8.18822     0.00367309
       9       -6.87209     0.00367309
      10       -6.08967     0.00367309
      11       -5.89576     0.00367309
      12       -4.92357     0.00367309
      13       -3.16871     0.00367309
      14      -0.902884        0.00000
      15       0.182113        0.00000
      16       0.431240        0.00000
      17        1.75296        0.00000
      18        5.08904        0.00000
      19        7.31859        0.00000
      20        8.95852        0.00000
      21        10.2591        0.00000
      22        11.0504        0.00000
      23        11.3357        0.00000

 231/545 kpoint (Cartesian) = 0.20845 -0.043763 0.0000 (34785 pws)
       1       -63.6050     0.00367309
       2       -38.0350     0.00367309
       3       -37.8816     0.00367309
       4       -37.8378     0.00367309
       5       -15.2865     0.00367309
       6       -15.1097     0.00367309
       7       -8.22295     0.00367309
       8       -8.11213     0.00367309
       9       -6.80178     0.00367309
      10       -6.13605     0.00367309
      11       -5.88216     0.00367309
      12       -4.84099     0.00367309
      13       -3.24735     0.00367309
      14      -0.835721        0.00000
      15      0.0715559        0.00000
      16       0.395602        0.00000
      17        1.73900        0.00000
      18        5.27232        0.00000
      19        7.39709        0.00000
      20        8.92204        0.00000
      21        10.3202        0.00000
      22        11.0822        0.00000
      23        11.3291        0.00000

 232/545 kpoint (Cartesian) = 0.21792 -0.049233 0.0000 (34791 pws)
       1       -63.6063     0.00367309
       2       -38.0289     0.00367309
       3       -37.8724     0.00367309
       4       -37.8404     0.00367309
       5       -15.3662     0.00367309
       6       -15.1445     0.00367309
       7       -8.21759     0.00367309
       8       -7.98898     0.00367309
       9       -6.71773     0.00367309
      10       -6.19493     0.00367309
      11       -5.84326     0.00367309
      12       -4.72336     0.00367309
      13       -3.35202     0.00367309
      14      -0.750000        0.00000
      15     -0.0854418        0.00000
      16       0.339774        0.00000
      17        1.71340        0.00000
      18        5.53857        0.00000
      19        7.53348        0.00000
      20        8.88125        0.00000
      21        10.4206        0.00000
      22        11.0865        0.00000
      23        11.3150        0.00000

 233/545 kpoint (Cartesian) = 0.085274 -0.12582 0.0000 (34804 pws)
       1       -63.6080     0.00367309
       2       -38.0200     0.00367309
       3       -37.8604     0.00367309
       4       -37.8438     0.00367309
       5       -15.4711     0.00367309
       6       -15.1900     0.00367309
       7       -8.19886     0.00367309
       8       -7.82345     0.00367309
       9       -6.66076     0.00367309
      10       -6.25144     0.00367309
      11       -5.75556     0.00367309
      12       -4.58830     0.00367309
      13       -3.45939     0.00367309
      14      -0.672970        0.00000
      15      -0.256538        0.00000
      16       0.267646        0.00000
      17        1.67545        0.00000
      18        5.84167        0.00000
      19        7.72895        0.00000
      20        8.85527        0.00000
      21        10.5553        0.00000
      22        11.0011        0.00000
      23        11.2960        0.00000

 234/545 kpoint (Cartesian) = 0.075799 -0.12035 0.0000 (34778 pws)
       1       -63.6101     0.00367309
       2       -38.0086     0.00367309
       3       -37.8480     0.00367309
       4       -37.8463     0.00367309
       5       -15.5955     0.00367309
       6       -15.2435     0.00367309
       7       -8.16409     0.00367309
       8       -7.62234     0.00367309
       9       -6.65780     0.00367309
      10       -6.29362     0.00367309
      11       -5.60742     0.00367309
      12       -4.45114     0.00367309
      13       -3.55342     0.00367309
      14      -0.642261        0.00000
      15      -0.393433        0.00000
      16       0.185629        0.00000
      17        1.62347        0.00000
      18        6.13898        0.00000
      19        7.96333        0.00000
      20        8.85991        0.00000
      21        10.6979        0.00000
      22        10.8210        0.00000
      23        11.3081        0.00000

 235/545 kpoint (Cartesian) = 0.066324 -0.11488 0.0000 (34814 pws)
       1       -63.6124     0.00367309
       2       -37.9946     0.00367309
       3       -37.8527     0.00367309
       4       -37.8310     0.00367309
       5       -15.7333     0.00367309
       6       -15.3023     0.00367309
       7       -8.11492     0.00367309
       8       -7.39548     0.00367309
       9       -6.70366     0.00367309
      10       -6.31078     0.00367309
      11       -5.41561     0.00367309
      12       -4.32538     0.00367309
      13       -3.62674     0.00367309
      14      -0.701354        0.00000
      15      -0.437487        0.00000
      16       0.102724        0.00000
      17        1.55467        0.00000
      18        6.40607        0.00000
      19        8.18088        0.00000
      20        8.90508        0.00000
      21        10.6198        0.00000
      22        10.7842        0.00000
      23        11.4318        0.00000

 236/545 kpoint (Cartesian) = 0.056849 -0.10941 0.0000 (34836 pws)
       1       -63.6150     0.00367309
       2       -37.9783     0.00367309
       3       -37.8579     0.00367309
       4       -37.8153     0.00367309
       5       -15.8784     0.00367309
       6       -15.3638     0.00367309
       7       -8.05737     0.00367309
       8       -7.15810     0.00367309
       9       -6.77490     0.00367309
      10       -6.29011     0.00367309
      11       -5.21159     0.00367309
      12       -4.22316     0.00367309
      13       -3.67779     0.00367309
      14      -0.786395        0.00000
      15      -0.435484        0.00000
      16      0.0295462        0.00000
      17        1.46564        0.00000
      18        6.63831        0.00000
      19        8.31019        0.00000
      20        8.99266        0.00000
      21        10.4667        0.00000
      22        10.8083        0.00000
      23        11.5655        0.00000

 237/545 kpoint (Cartesian) = 0.047375 -0.10394 0.0000 (34841 pws)
       1       -63.6178     0.00367309
       2       -37.9601     0.00367309
       3       -37.8633     0.00367309
       4       -37.7999     0.00367309
       5       -16.0251     0.00367309
       6       -15.4254     0.00367309
       7       -8.00195     0.00367309
       8       -6.93390     0.00367309
       9       -6.84554     0.00367309
      10       -6.21309     0.00367309
      11       -5.02714     0.00367309
      12       -4.15433     0.00367309
      13       -3.70520     0.00367309
      14      -0.833172        0.00000
      15      -0.436772        0.00000
      16     -0.0238927        0.00000
      17        1.35348        0.00000
      18        6.83772        0.00000
      19        8.31815        0.00000
      20        9.11286        0.00000
      21        10.3999        0.00000
      22        10.8384        0.00000
      23        11.5558        0.00000

 238/545 kpoint (Cartesian) = 0.037900 -0.098466 0.0000 (34838 pws)
       1       -63.6205     0.00367309
       2       -37.9405     0.00367309
       3       -37.8688     0.00367309
       4       -37.7856     0.00367309
       5       -16.1680     0.00367309
       6       -15.4849     0.00367309
       7       -7.96259     0.00367309
       8       -6.89166     0.00367309
       9       -6.74911     0.00367309
      10       -6.06157     0.00367309
      11       -4.89095     0.00367309
      12       -4.12433     0.00367309
      13       -3.70290     0.00367309
      14      -0.826845        0.00000
      15      -0.448385        0.00000
      16     -0.0514501        0.00000
      17        1.21766        0.00000
      18        6.99710        0.00000
      19        8.23989        0.00000
      20        9.24296        0.00000
      21        10.4394        0.00000
      22        10.8931        0.00000
      23        11.4338        0.00000

 239/545 kpoint (Cartesian) = 0.028425 -0.092996 0.0000 (34829 pws)
       1       -63.6232     0.00367309
       2       -37.9199     0.00367309
       3       -37.8742     0.00367309
       4       -37.7731     0.00367309
       5       -16.3027     0.00367309
       6       -15.5405     0.00367309
       7       -7.95142     0.00367309
       8       -6.89568     0.00367309
       9       -6.60762     0.00367309
      10       -5.84439     0.00367309
      11       -4.82291     0.00367309
      12       -4.13103     0.00367309
      13       -3.66319     0.00367309
      14      -0.773401        0.00000
      15      -0.466673        0.00000
      16     -0.0544478        0.00000
      17        1.06226        0.00000
      18        7.08664        0.00000
      19        8.16190        0.00000
      20        9.36018        0.00000
      21        10.5465        0.00000
      22        10.9529        0.00000
      23        11.3542        0.00000

 240/545 kpoint (Cartesian) = 0.018950 -0.087525 0.0000 (34840 pws)
       1       -63.6257     0.00367309
       2       -37.8992     0.00367309
       3       -37.8792     0.00367309
       4       -37.7627     0.00367309
       5       -16.4252     0.00367309
       6       -15.5907     0.00367309
       7       -7.97034     0.00367309
       8       -6.85439     0.00367309
       9       -6.48799     0.00367309
      10       -5.60295     0.00367309
      11       -4.82316     0.00367309
      12       -4.16131     0.00367309
      13       -3.58850     0.00367309
      14      -0.691542        0.00000
      15      -0.484544        0.00000
      16     -0.0448296        0.00000
      17       0.899277        0.00000
      18        7.06770        0.00000
      19        8.17538        0.00000
      20        9.46037        0.00000
      21        10.5658        0.00000
      22        10.9943        0.00000
      23        11.4619        0.00000

 241/545 kpoint (Cartesian) = 0.0094749 -0.082055 0.0000 (34840 pws)
       1       -63.6279     0.00367309
       2       -37.8836     0.00367309
       3       -37.8792     0.00367309
       4       -37.7549     0.00367309
       5       -16.5321     0.00367309
       6       -15.6341     0.00367309
       7       -8.00963     0.00367309
       8       -6.77947     0.00367309
       9       -6.37126     0.00367309
      10       -5.38898     0.00367309
      11       -4.87226     0.00367309
      12       -4.18738     0.00367309
      13       -3.49458     0.00367309
      14      -0.611765        0.00000
      15      -0.487920        0.00000
      16     -0.0471284        0.00000
      17       0.752485        0.00000
      18        6.95867        0.00000
      19        8.29508        0.00000
      20        9.55125        0.00000
      21        10.4381        0.00000
      22        11.0145        0.00000
      23        11.7584        0.00000

 242/545 kpoint (Cartesian) = 0.0000 0.076585 0.0000 (34831 pws)
       1       -63.6298     0.00367309
       2       -37.8874     0.00367309
       3       -37.8607     0.00367309
       4       -37.7498     0.00367309
       5       -16.6209     0.00367309
       6       -15.6699     0.00367309
       7       -8.05578     0.00367309
       8       -6.68925     0.00367309
       9       -6.24977     0.00367309
      10       -5.25552     0.00367309
      11       -4.94505     0.00367309
      12       -4.16998     0.00367309
      13       -3.40002     0.00367309
      14      -0.576222        0.00000
      15      -0.450424        0.00000
      16     -0.0917766        0.00000
      17       0.653970        0.00000
      18        6.82350        0.00000
      19        8.46542        0.00000
      20        9.63430        0.00000
      21        10.2673        0.00000
      22        11.0323        0.00000
      23        12.0052        0.00000

 243/545 kpoint (Cartesian) = 0.0094749 0.071114 0.0000 (34852 pws)
       1       -63.6313     0.00367309
       2       -37.8904     0.00367309
       3       -37.8448     0.00367309
       4       -37.7472     0.00367309
       5       -16.6893     0.00367309
       6       -15.6973     0.00367309
       7       -8.09795     0.00367309
       8       -6.60173     0.00367309
       9       -6.12486     0.00367309
      10       -5.22901     0.00367309
      11       -5.01997     0.00367309
      12       -4.09179     0.00367309
      13       -3.31890     0.00367309
      14      -0.573783        0.00000
      15      -0.394423        0.00000
      16      -0.184070        0.00000
      17       0.616349        0.00000
      18        6.70632        0.00000
      19        8.62863        0.00000
      20        9.69485        0.00000
      21        10.1294        0.00000
      22        11.0686        0.00000
      23        11.7362        0.00000

 244/545 kpoint (Cartesian) = 0.018950 0.065644 0.0000 (34842 pws)
       1       -63.6323     0.00367309
       2       -37.8924     0.00367309
       3       -37.8329     0.00367309
       4       -37.7463     0.00367309
       5       -16.7358     0.00367309
       6       -15.7158     0.00367309
       7       -8.12924     0.00367309
       8       -6.53266     0.00367309
       9       -6.00765     0.00367309
      10       -5.27703     0.00367309
      11       -5.08029     0.00367309
      12       -3.99047     0.00367309
      13       -3.26018     0.00367309
      14      -0.575944        0.00000
      15      -0.354988        0.00000
      16      -0.285315        0.00000
      17       0.616351        0.00000
      18        6.62499        0.00000
      19        8.74636        0.00000
      20        9.70677        0.00000
      21        10.0712        0.00000
      22        11.1263        0.00000
      23        11.5162        0.00000

 245/545 kpoint (Cartesian) = 0.028425 0.060174 0.0000 (34854 pws)
       1       -63.6328     0.00367309
       2       -37.8935     0.00367309
       3       -37.8263     0.00367309
       4       -37.7464     0.00367309
       5       -16.7594     0.00367309
       6       -15.7250     0.00367309
       7       -8.14585     0.00367309
       8       -6.49470     0.00367309
       9       -5.92614     0.00367309
      10       -5.33439     0.00367309
      11       -5.11360     0.00367309
      12       -3.92274     0.00367309
      13       -3.22904     0.00367309
      14      -0.576816        0.00000
      15      -0.361853        0.00000
      16      -0.325388        0.00000
      17       0.624949        0.00000
      18        6.58414        0.00000
      19        8.80465        0.00000
      20        9.68800        0.00000
      21        10.0728        0.00000
      22        11.1804        0.00000
      23        11.3950        0.00000

 246/545 kpoint (Cartesian) = 0.037900 0.054703 0.0000 (34854 pws)
       1       -63.6328     0.00367309
       2       -37.8935     0.00367309
       3       -37.8262     0.00367309
       4       -37.7465     0.00367309
       5       -16.7595     0.00367309
       6       -15.7248     0.00367309
       7       -8.14612     0.00367309
       8       -6.49538     0.00367309
       9       -5.92296     0.00367309
      10       -5.33834     0.00367309
      11       -5.11283     0.00367309
      12       -3.92301     0.00367309
      13       -3.22788     0.00367309
      14      -0.576092        0.00000
      15      -0.363255        0.00000
      16      -0.327192        0.00000
      17       0.627220        0.00000
      18        6.58411        0.00000
      19        8.80494        0.00000
      20        9.68594        0.00000
      21        10.0741        0.00000
      22        11.1773        0.00000
      23        11.3987        0.00000

 247/545 kpoint (Cartesian) = 0.047375 0.049233 0.0000 (34842 pws)
       1       -63.6323     0.00367309
       2       -37.8925     0.00367309
       3       -37.8325     0.00367309
       4       -37.7466     0.00367309
       5       -16.7362     0.00367309
       6       -15.7151     0.00367309
       7       -8.13002     0.00367309
       8       -6.53458     0.00367309
       9       -6.00036     0.00367309
      10       -5.28666     0.00367309
      11       -5.07817     0.00367309
      12       -3.99109     0.00367309
      13       -3.25671     0.00367309
      14      -0.574014        0.00000
      15      -0.358642        0.00000
      16      -0.291143        0.00000
      17       0.623192        0.00000
      18        6.62477        0.00000
      19        8.74735        0.00000
      20        9.70105        0.00000
      21        10.0747        0.00000
      22        11.1208        0.00000
      23        11.5233        0.00000

 248/545 kpoint (Cartesian) = 0.056849 0.043763 0.0000 (34852 pws)
       1       -63.6313     0.00367309
       2       -37.8904     0.00367309
       3       -37.8443     0.00367309
       4       -37.7476     0.00367309
       5       -16.6900     0.00367309
       6       -15.6962     0.00367309
       7       -8.09916     0.00367309
       8       -6.60464     0.00367309
       9       -6.11621     0.00367309
      10       -5.24154     0.00367309
      11       -5.01704     0.00367309
      12       -4.09241     0.00367309
      13       -3.31314     0.00367309
      14      -0.571380        0.00000
      15      -0.399902        0.00000
      16      -0.193459        0.00000
      17       0.627439        0.00000
      18        6.70565        0.00000
      19        8.63036        0.00000
      20        9.68816        0.00000
      21        10.1323        0.00000
      22        11.0628        0.00000
      23        11.7441        0.00000

 249/545 kpoint (Cartesian) = 0.075799 0.043763 0.0000 (34861 pws)
       1       -63.6263     0.00367309
       2       -37.8949     0.00367309
       3       -37.8806     0.00367309
       4       -37.7584     0.00367309
       5       -16.4590     0.00367309
       6       -15.6016     0.00367309
       7       -7.99664     0.00367309
       8       -6.85029     0.00367309
       9       -6.48872     0.00367309
      10       -5.42705     0.00367309
      11       -4.78520     0.00367309
      12       -4.27942     0.00367309
      13       -3.56289     0.00367309
      14      -0.594318        0.00000
      15      -0.549550        0.00000
      16      0.0582353        0.00000
      17       0.798013        0.00000
      18        7.01199        0.00000
      19        8.12064        0.00000
      20        9.43126        0.00000
      21        10.6082        0.00000
      22        11.0401        0.00000
      23        11.8189        0.00000

 250/545 kpoint (Cartesian) = 0.085274 0.038292 0.0000 (34833 pws)
       1       -63.6244     0.00367309
       2       -37.9131     0.00367309
       3       -37.8768     0.00367309
       4       -37.7638     0.00367309
       5       -16.3661     0.00367309
       6       -15.5638     0.00367309
       7       -7.98932     0.00367309
       8       -6.90220     0.00367309
       9       -6.60915     0.00367309
      10       -5.55412     0.00367309
      11       -4.72020     0.00367309
      12       -4.30243     0.00367309
      13       -3.64404     0.00367309
      14      -0.652363        0.00000
      15      -0.539492        0.00000
      16       0.115973        0.00000
      17       0.892035        0.00000
      18        7.05248        0.00000
      19        7.97983        0.00000
      20        9.31733        0.00000
      21        10.7384        0.00000
      22        11.0832        0.00000
      23        11.6803        0.00000

 251/545 kpoint (Cartesian) = 0.094749 0.032822 0.0000 (34833 pws)
       1       -63.6222     0.00367309
       2       -37.9320     0.00367309
       3       -37.8724     0.00367309
       4       -37.7721     0.00367309
       5       -16.2574     0.00367309
       6       -15.5191     0.00367309
       7       -7.99645     0.00367309
       8       -6.92678     0.00367309
       9       -6.72805     0.00367309
      10       -5.74923     0.00367309
      11       -4.70529     0.00367309
      12       -4.28106     0.00367309
      13       -3.70459     0.00367309
      14      -0.735650        0.00000
      15      -0.501742        0.00000
      16       0.123133        0.00000
      17        1.03104        0.00000
      18        7.02330        0.00000
      19        7.93718        0.00000
      20        9.20539        0.00000
      21        10.7476        0.00000
      22        11.1226        0.00000
      23        11.5662        0.00000

 252/545 kpoint (Cartesian) = 0.10422 0.027352 0.0000 (34822 pws)
       1       -63.6199     0.00367309
       2       -37.9504     0.00367309
       3       -37.8676     0.00367309
       4       -37.7832     0.00367309
       5       -16.1356     0.00367309
       6       -15.4687     0.00367309
       7       -8.02112     0.00367309
       8       -6.91650     0.00367309
       9       -6.85657     0.00367309
      10       -5.95704     0.00367309
      11       -4.76657     0.00367309
      12       -4.25492     0.00367309
      13       -3.72726     0.00367309
      14      -0.796553        0.00000
      15      -0.468289        0.00000
      16       0.112276        0.00000
      17        1.18074        0.00000
      18        6.90497        0.00000
      19        8.00142        0.00000
      20        9.09483        0.00000
      21        10.6425        0.00000
      22        11.1350        0.00000
      23        11.5934        0.00000

 253/545 kpoint (Cartesian) = 0.11370 0.021881 0.0000 (34811 pws)
       1       -63.6174     0.00367309
       2       -37.9678     0.00367309
       3       -37.8626     0.00367309
       4       -37.7968     0.00367309
       5       -16.0043     0.00367309
       6       -15.4138     0.00367309
       7       -8.05952     0.00367309
       8       -7.01141     0.00367309
       9       -6.87290     0.00367309
      10       -6.13032     0.00367309
      11       -4.90721     0.00367309
      12       -4.25113     0.00367309
      13       -3.71298     0.00367309
      14      -0.814633        0.00000
      15      -0.444975        0.00000
      16       0.107675        0.00000
      17        1.31833        0.00000
      18        6.73394        0.00000
      19        8.10552        0.00000
      20        8.99174        0.00000
      21        10.5545        0.00000
      22        11.0971        0.00000
      23        11.6548        0.00000

 254/545 kpoint (Cartesian) = 0.12317 0.016411 0.0000 (34826 pws)
       1       -63.6148     0.00367309
       2       -37.9834     0.00367309
       3       -37.8576     0.00367309
       4       -37.8125     0.00367309
       5       -15.8676     0.00367309
       6       -15.3561     0.00367309
       7       -8.10261     0.00367309
       8       -7.20053     0.00367309
       9       -6.80656     0.00367309
      10       -6.24185     0.00367309
      11       -5.10945     0.00367309
      12       -4.28237     0.00367309
      13       -3.67484     0.00367309
      14      -0.779658        0.00000
      15      -0.434966        0.00000
      16       0.120235        0.00000
      17        1.43476        0.00000
      18        6.54244        0.00000
      19        8.17097        0.00000
      20        8.91019        0.00000
      21        10.5557        0.00000
      22        11.0019        0.00000
      23        11.6294        0.00000

 255/545 kpoint (Cartesian) = 0.13265 0.010941 0.0000 (34809 pws)
       1       -63.6124     0.00367309
       2       -37.9967     0.00367309
       3       -37.8526     0.00367309
       4       -37.8295     0.00367309
       5       -15.7303     0.00367309
       6       -15.2974     0.00367309
       7       -8.14031     0.00367309
       8       -7.41372     0.00367309
       9       -6.73111     0.00367309
      10       -6.29071     0.00367309
      11       -5.35014     0.00367309
      12       -4.35080     0.00367309
      13       -3.62057     0.00367309
      14      -0.701967        0.00000
      15      -0.431868        0.00000
      16       0.150811        0.00000
      17        1.52946        0.00000
      18        6.34241        0.00000
      19        8.13217        0.00000
      20        8.86516        0.00000
      21        10.6519        0.00000
      22        10.8618        0.00000
      23        11.5162        0.00000

 256/545 kpoint (Cartesian) = 0.14212 0.0054703 0.0000 (34778 pws)
       1       -63.6101     0.00367309
       2       -38.0075     0.00367309
       3       -37.8480     0.00367309
       4       -37.8471     0.00367309
       5       -15.5976     0.00367309
       6       -15.2400     0.00367309
       7       -8.16429     0.00367309
       8       -7.63032     0.00367309
       9       -6.66224     0.00367309
      10       -6.29037     0.00367309
      11       -5.60588     0.00367309
      12       -4.45134     0.00367309
      13       -3.54946     0.00367309
      14      -0.641467        0.00000
      15      -0.388920        0.00000
      16       0.193870        0.00000
      17        1.60595        0.00000
      18        6.13379        0.00000
      19        7.95763        0.00000
      20        8.86467        0.00000
      21        10.7028        0.00000
      22        10.8260        0.00000
      23        11.3045        0.00000

 257/545 kpoint (Cartesian) = 0.15160 0.0000 0.0000 (34782 pws)
       1       -63.6080     0.00367309
       2       -38.0156     0.00367309
       3       -37.8644     0.00367309
       4       -37.8439     0.00367309
       5       -15.4749     0.00367309
       6       -15.1864     0.00367309
       7       -8.16922     0.00367309
       8       -7.83213     0.00367309
       9       -6.61864     0.00367309
      10       -6.25501     0.00367309
      11       -5.84932     0.00367309
      12       -4.57445     0.00367309
      13       -3.45896     0.00367309
      14      -0.671100        0.00000
      15      -0.250310        0.00000
      16       0.241197        0.00000
      17        1.66859        0.00000
      18        5.91140        0.00000
      19        7.68558        0.00000
      20        8.90825        0.00000
      21        10.5795        0.00000
      22        11.0177        0.00000
      23        11.2003        0.00000

 258/545 kpoint (Cartesian) = 0.16107 -0.0054703 0.0000 (34786 pws)
       1       -63.6063     0.00367309
       2       -38.0212     0.00367309
       3       -37.8804     0.00367309
       4       -37.8404     0.00367309
       5       -15.3680     0.00367309
       6       -15.1393     0.00367309
       7       -8.15349     0.00367309
       8       -8.00622     0.00367309
       9       -6.62647     0.00367309
      10       -6.19675     0.00367309
      11       -6.04255     0.00367309
      12       -4.70786     0.00367309
      13       -3.35132     0.00367309
      14      -0.756208        0.00000
      15     -0.0667593        0.00000
      16       0.285067        0.00000
      17        1.72038        0.00000
      18        5.67448        0.00000
      19        7.40271        0.00000
      20        8.98804        0.00000
      21        10.4924        0.00000
      22        11.1255        0.00000
      23        11.1880        0.00000

 259/545 kpoint (Cartesian) = 0.17055 -0.010941 0.0000 (34790 pws)
       1       -63.6049     0.00367309
       2       -38.0245     0.00367309
       3       -37.8940     0.00367309
       4       -37.8376     0.00367309
       5       -15.2821     0.00367309
       6       -15.1012     0.00367309
       7       -8.14401     0.00367309
       8       -8.12009     0.00367309
       9       -6.70473     0.00367309
      10       -6.15160     0.00367309
      11       -6.12658     0.00367309
      12       -4.83684     0.00367309
      13       -3.23746     0.00367309
      14      -0.859838        0.00000
      15       0.113036        0.00000
      16       0.320135        0.00000
      17        1.76208        0.00000
      18        5.43998        0.00000
      19        7.17706        0.00000
      20        9.08876        0.00000
      21        10.4281        0.00000
      22        11.0899        0.00000
      23        11.2262        0.00000

 260/545 kpoint (Cartesian) = 0.18002 -0.016411 0.0000 (34773 pws)
       1       -63.6040     0.00367309
       2       -38.0261     0.00367309
       3       -37.9039     0.00367309
       4       -37.8357     0.00367309
       5       -15.2220     0.00367309
       6       -15.0744     0.00367309
       7       -8.23838     0.00367309
       8       -8.08045     0.00367309
       9       -6.81571     0.00367309
      10       -6.18917     0.00367309
      11       -6.06291     0.00367309
      12       -4.94318     0.00367309
      13       -3.13771     0.00367309
      14      -0.954561        0.00000
      15       0.255926        0.00000
      16       0.343872        0.00000
      17        1.79254        0.00000
      18        5.24575        0.00000
      19        7.03171        0.00000
      20        9.18618        0.00000
      21        10.3826        0.00000
      22        10.9951        0.00000
      23        11.2803        0.00000

 261/545 kpoint (Cartesian) = 0.18950 -0.021881 0.0000 (34730 pws)
       1       -63.6035     0.00367309
       2       -38.0268     0.00367309
       3       -37.9092     0.00367309
       4       -37.8347     0.00367309
       5       -15.1909     0.00367309
       6       -15.0608     0.00367309
       7       -8.28618     0.00367309
       8       -8.05177     0.00367309
       9       -6.89232     0.00367309
      10       -6.19812     0.00367309
      11       -6.02278     0.00367309
      12       -5.00514     0.00367309
      13       -3.07791     0.00367309
      14       -1.01238        0.00000
      15       0.333333        0.00000
      16       0.356936        0.00000
      17        1.80988        0.00000
      18        5.13491        0.00000
      19        6.96319        0.00000
      20        9.24808        0.00000
      21        10.3586        0.00000
      22        10.9254        0.00000
      23        11.3166        0.00000

 262/545 kpoint (Cartesian) = 0.19897 -0.027352 0.0000 (34730 pws)
       1       -63.6035     0.00367309
       2       -38.0269     0.00367309
       3       -37.9090     0.00367309
       4       -37.8347     0.00367309
       5       -15.1907     0.00367309
       6       -15.0612     0.00367309
       7       -8.28525     0.00367309
       8       -8.05152     0.00367309
       9       -6.89352     0.00367309
      10       -6.19681     0.00367309
      11       -6.02354     0.00367309
      12       -5.00486     0.00367309
      13       -3.07793     0.00367309
      14       -1.01277        0.00000
      15       0.332425        0.00000
      16       0.355380        0.00000
      17        1.81267        0.00000
      18        5.13516        0.00000
      19        6.96451        0.00000
      20        9.24734        0.00000
      21        10.3587        0.00000
      22        10.9250        0.00000
      23        11.3153        0.00000

 263/545 kpoint (Cartesian) = 0.20845 -0.032822 0.0000 (34773 pws)
       1       -63.6040     0.00367309
       2       -38.0265     0.00367309
       3       -37.9036     0.00367309
       4       -37.8357     0.00367309
       5       -15.2213     0.00367309
       6       -15.0755     0.00367309
       7       -8.23560     0.00367309
       8       -8.07984     0.00367309
       9       -6.81905     0.00367309
      10       -6.18537     0.00367309
      11       -6.06506     0.00367309
      12       -4.94247     0.00367309
      13       -3.13787     0.00367309
      14      -0.955626        0.00000
      15       0.253415        0.00000
      16       0.339314        0.00000
      17        1.80062        0.00000
      18        5.24646        0.00000
      19        7.03551        0.00000
      20        9.18403        0.00000
      21        10.3829        0.00000
      22        10.9937        0.00000
      23        11.2768        0.00000

 264/545 kpoint (Cartesian) = 0.21792 -0.038292 0.0000 (34790 pws)
       1       -63.6049     0.00367309
       2       -38.0251     0.00367309
       3       -37.8935     0.00367309
       4       -37.8376     0.00367309
       5       -15.2811     0.00367309
       6       -15.1029     0.00367309
       7       -8.13931     0.00367309
       8       -8.11958     0.00367309
       9       -6.70914     0.00367309
      10       -6.14627     0.00367309
      11       -6.12970     0.00367309
      12       -4.83590     0.00367309
      13       -3.23805     0.00367309
      14      -0.861284        0.00000
      15       0.109271        0.00000
      16       0.313112        0.00000
      17        1.77466        0.00000
      18        5.44114        0.00000
      19        7.18284        0.00000
      20        9.08535        0.00000
      21        10.4286        0.00000
      22        11.0875        0.00000
      23        11.2218        0.00000

 265/545 kpoint (Cartesian) = 0.22740 -0.043763 0.0000 (34786 pws)
       1       -63.6063     0.00367309
       2       -38.0219     0.00367309
       3       -37.8798     0.00367309
       4       -37.8403     0.00367309
       5       -15.3667     0.00367309
       6       -15.1416     0.00367309
       7       -8.15274     0.00367309
       8       -8.00030     0.00367309
       9       -6.62944     0.00367309
      10       -6.20068     0.00367309
      11       -6.03802     0.00367309
      12       -4.70680     0.00367309
      13       -3.35265     0.00367309
      14      -0.757679        0.00000
      15     -0.0712885        0.00000
      16       0.276341        0.00000
      17        1.73620        0.00000
      18        5.67622        0.00000
      19        7.40975        0.00000
      20        8.98361        0.00000
      21        10.4924        0.00000
      22        11.1222        0.00000
      23        11.1839        0.00000

 266/545 kpoint (Cartesian) = 0.075799 -0.13129 0.0000 (34782 pws)
       1       -63.6080     0.00367309
       2       -38.0165     0.00367309
       3       -37.8637     0.00367309
       4       -37.8438     0.00367309
       5       -15.4733     0.00367309
       6       -15.1892     0.00367309
       7       -8.16861     0.00367309
       8       -7.82499     0.00367309
       9       -6.61850     0.00367309
      10       -6.25949     0.00367309
      11       -5.84727     0.00367309
      12       -4.57327     0.00367309
      13       -3.46132     0.00367309
      14      -0.672145        0.00000
      15      -0.255218        0.00000
      16       0.231722        0.00000
      17        1.68605        0.00000
      18        5.91384        0.00000
      19        7.69324        0.00000
      20        8.90312        0.00000
      21        10.5776        0.00000
      22        11.0133        0.00000
      23        11.1992        0.00000

 267/545 kpoint (Cartesian) = 0.066324 -0.12582 0.0000 (34778 pws)
       1       -63.6101     0.00367309
       2       -38.0085     0.00367309
       3       -37.8480     0.00367309
       4       -37.8464     0.00367309
       5       -15.5958     0.00367309
       6       -15.2430     0.00367309
       7       -8.16378     0.00367309
       8       -7.62246     0.00367309
       9       -6.65955     0.00367309
      10       -6.29497     0.00367309
      11       -5.60590     0.00367309
      12       -4.44999     0.00367309
      13       -3.55319     0.00367309
      14      -0.641545        0.00000
      15      -0.393985        0.00000
      16       0.184656        0.00000
      17        1.62333        0.00000
      18        6.13684        0.00000
      19        7.96560        0.00000
      20        8.85926        0.00000
      21        10.6976        0.00000
      22        10.8210        0.00000
      23        11.3084        0.00000

 268/545 kpoint (Cartesian) = 0.056849 -0.12035 0.0000 (34809 pws)
       1       -63.6124     0.00367309
       2       -37.9977     0.00367309
       3       -37.8525     0.00367309
       4       -37.8288     0.00367309
       5       -15.7284     0.00367309
       6       -15.3006     0.00367309
       7       -8.13983     0.00367309
       8       -7.40596     0.00367309
       9       -6.72680     0.00367309
      10       -6.29473     0.00367309
      11       -5.35136     0.00367309
      12       -4.34923     0.00367309
      13       -3.62604     0.00367309
      14      -0.701337        0.00000
      15      -0.436177        0.00000
      16       0.142788        0.00000
      17        1.54512        0.00000
      18        6.34575        0.00000
      19        8.14022        0.00000
      20        8.85997        0.00000
      21        10.6499        0.00000
      22        10.8514        0.00000
      23        11.5216        0.00000

 269/545 kpoint (Cartesian) = 0.047375 -0.11488 0.0000 (34826 pws)
       1       -63.6148     0.00367309
       2       -37.9843     0.00367309
       3       -37.8575     0.00367309
       4       -37.8118     0.00367309
       5       -15.8657     0.00367309
       6       -15.3593     0.00367309
       7       -8.10208     0.00367309
       8       -7.19414     0.00367309
       9       -6.80135     0.00367309
      10       -6.24408     0.00367309
      11       -5.11110     0.00367309
      12       -4.28055     0.00367309
      13       -3.68244     0.00367309
      14      -0.777831        0.00000
      15      -0.438550        0.00000
      16       0.114198        0.00000
      17        1.44728        0.00000
      18        6.54569        0.00000
      19        8.17853        0.00000
      20        8.90583        0.00000
      21        10.5547        0.00000
      22        10.9926        0.00000
      23        11.6257        0.00000

 270/545 kpoint (Cartesian) = 0.037900 -0.10941 0.0000 (34811 pws)
       1       -63.6173     0.00367309
       2       -37.9687     0.00367309
       3       -37.8625     0.00367309
       4       -37.7962     0.00367309
       5       -16.0024     0.00367309
       6       -15.4170     0.00367309
       7       -8.05882     0.00367309
       8       -7.00789     0.00367309
       9       -6.86740     0.00367309
      10       -6.12932     0.00367309
      11       -4.90865     0.00367309
      12       -4.24909     0.00367309
      13       -3.72292     0.00367309
      14      -0.811118        0.00000
      15      -0.448176        0.00000
      16       0.104324        0.00000
      17        1.32659        0.00000
      18        6.73686        0.00000
      19        8.11176        0.00000
      20        8.98876        0.00000
      21        10.5554        0.00000
      22        11.0911        0.00000
      23        11.6499        0.00000

 271/545 kpoint (Cartesian) = 0.028425 -0.10394 0.0000 (34822 pws)
       1       -63.6198     0.00367309
       2       -37.9514     0.00367309
       3       -37.8675     0.00367309
       4       -37.7826     0.00367309
       5       -16.1338     0.00367309
       6       -15.4717     0.00367309
       7       -8.02016     0.00367309
       8       -6.91094     0.00367309
       9       -6.85684     0.00367309
      10       -5.95211     0.00367309
      11       -4.76756     0.00367309
      12       -4.25282     0.00367309
      13       -3.73912     0.00367309
      14      -0.791413        0.00000
      15      -0.471257        0.00000
      16       0.112313        0.00000
      17        1.18384        0.00000
      18        6.90758        0.00000
      19        8.00550        0.00000
      20        9.09365        0.00000
      21        10.6459        0.00000
      22        11.1324        0.00000
      23        11.5903        0.00000

 272/545 kpoint (Cartesian) = 0.018950 -0.098466 0.0000 (34833 pws)
       1       -63.6222     0.00367309
       2       -37.9328     0.00367309
       3       -37.8723     0.00367309
       4       -37.7715     0.00367309
       5       -16.2557     0.00367309
       6       -15.5218     0.00367309
       7       -7.99516     0.00367309
       8       -6.92176     0.00367309
       9       -6.73131     0.00367309
      10       -5.74084     0.00367309
      11       -4.70634     0.00367309
      12       -4.27922     0.00367309
      13       -3.71700     0.00367309
      14      -0.729350        0.00000
      15      -0.504511        0.00000
      16       0.127288        0.00000
      17        1.02832        0.00000
      18        7.02583        0.00000
      19        7.93853        0.00000
      20        9.20607        0.00000
      21        10.7543        0.00000
      22        11.1228        0.00000
      23        11.5598        0.00000

 273/545 kpoint (Cartesian) = 0.0094749 -0.092996 0.0000 (34833 pws)
       1       -63.6244     0.00367309
       2       -37.9139     0.00367309
       3       -37.8767     0.00367309
       4       -37.7632     0.00367309
       5       -16.3647     0.00367309
       6       -15.5661     0.00367309
       7       -7.98776     0.00367309
       8       -6.89782     0.00367309
       9       -6.61458     0.00367309
      10       -5.54314     0.00367309
      11       -4.72195     0.00367309
      12       -4.30124     0.00367309
      13       -3.65538     0.00367309
      14      -0.645704        0.00000
      15      -0.541898        0.00000
      16       0.124439        0.00000
      17       0.883584        0.00000
      18        7.05478        0.00000
      19        7.97878        0.00000
      20        9.31965        0.00000
      21        10.7453        0.00000
      22        11.0859        0.00000
      23        11.6733        0.00000

 274/545 kpoint (Cartesian) = 0.0000 0.087525 0.0000 (34861 pws)
       1       -63.6263     0.00367309
       2       -37.8956     0.00367309
       3       -37.8805     0.00367309
       4       -37.7579     0.00367309
       5       -16.4577     0.00367309
       6       -15.6036     0.00367309
       7       -7.99500     0.00367309
       8       -6.84658     0.00367309
       9       -6.49557     0.00367309
      10       -5.41466     0.00367309
      11       -4.78766     0.00367309
      12       -4.27883     0.00367309
      13       -3.57224     0.00367309
      14      -0.594385        0.00000
      15      -0.545151        0.00000
      16      0.0689029        0.00000
      17       0.786379        0.00000
      18        7.01354        0.00000
      19        8.11837        0.00000
      20        9.43491        0.00000
      21        10.6124        0.00000
      22        11.0452        0.00000
      23        11.8138        0.00000

 275/545 kpoint (Cartesian) = 0.0094749 0.082055 0.0000 (34840 pws)
       1       -63.6279     0.00367309
       2       -37.8837     0.00367309
       3       -37.8788     0.00367309
       4       -37.7552     0.00367309
       5       -16.5326     0.00367309
       6       -15.6334     0.00367309
       7       -8.00984     0.00367309
       8       -6.78207     0.00367309
       9       -6.37077     0.00367309
      10       -5.38999     0.00367309
      11       -4.87222     0.00367309
      12       -4.18898     0.00367309
      13       -3.48886     0.00367309
      14      -0.624448        0.00000
      15      -0.476292        0.00000
      16     -0.0488990        0.00000
      17       0.753954        0.00000
      18        6.95511        0.00000
      19        8.29335        0.00000
      20        9.55416        0.00000
      21        10.4344        0.00000
      22        11.0208        0.00000
      23        11.7634        0.00000

 276/545 kpoint (Cartesian) = 0.018950 0.076585 0.0000 (34839 pws)
       1       -63.6291     0.00367309
       2       -37.8860     0.00367309
       3       -37.8651     0.00367309
       4       -37.7546     0.00367309
       5       -16.5873     0.00367309
       6       -15.6550     0.00367309
       7       -8.02534     0.00367309
       8       -6.72027     0.00367309
       9       -6.24442     0.00367309
      10       -5.44823     0.00367309
      11       -4.95091     0.00367309
      12       -4.06252     0.00367309
      13       -3.42022     0.00367309
      14      -0.652650        0.00000
      15      -0.423003        0.00000
      16      -0.189123        0.00000
      17       0.761689        0.00000
      18        6.90834        0.00000
      19        8.44790        0.00000
      20        9.67890        0.00000
      21        10.2547        0.00000
      22        11.0264        0.00000
      23        11.5723        0.00000

 277/545 kpoint (Cartesian) = 0.028425 0.071114 0.0000 (34836 pws)
       1       -63.6298     0.00367309
       2       -37.8874     0.00367309
       3       -37.8558     0.00367309
       4       -37.7550     0.00367309
       5       -16.6207     0.00367309
       6       -15.6680     0.00367309
       7       -8.03656     0.00367309
       8       -6.67603     0.00367309
       9       -6.13361     0.00367309
      10       -5.53468     0.00367309
      11       -5.00573     0.00367309
      12       -3.95699     0.00367309
      13       -3.37533     0.00367309
      14      -0.671055        0.00000
      15      -0.392793        0.00000
      16      -0.298664        0.00000
      17       0.778459        0.00000
      18        6.88051        0.00000
      19        8.54842        0.00000
      20        9.80931        0.00000
      21        10.0901        0.00000
      22        11.0571        0.00000
      23        11.4012        0.00000

 278/545 kpoint (Cartesian) = 0.037900 0.065644 0.0000 (34807 pws)
       1       -63.6300     0.00367309
       2       -37.8879     0.00367309
       3       -37.8524     0.00367309
       4       -37.7554     0.00367309
       5       -16.6321     0.00367309
       6       -15.6722     0.00367309
       7       -8.04079     0.00367309
       8       -6.66030     0.00367309
       9       -6.08154     0.00367309
      10       -5.58163     0.00367309
      11       -5.02495     0.00367309
      12       -3.91663     0.00367309
      13       -3.35906     0.00367309
      14      -0.677211        0.00000
      15      -0.385548        0.00000
      16      -0.338945        0.00000
      17       0.786942        0.00000
      18        6.87146        0.00000
      19        8.58271        0.00000
      20        9.93137        0.00000
      21        9.95664        0.00000
      22        11.0763        0.00000
      23        11.3354        0.00000

 279/545 kpoint (Cartesian) = 0.047375 0.060174 0.0000 (34836 pws)
       1       -63.6298     0.00367309
       2       -37.8874     0.00367309
       3       -37.8555     0.00367309
       4       -37.7552     0.00367309
       5       -16.6211     0.00367309
       6       -15.6675     0.00367309
       7       -8.03716     0.00367309
       8       -6.67718     0.00367309
       9       -6.12805     0.00367309
      10       -5.54171     0.00367309
      11       -5.00443     0.00367309
      12       -3.95750     0.00367309
      13       -3.37296     0.00367309
      14      -0.670354        0.00000
      15      -0.395035        0.00000
      16      -0.301377        0.00000
      17       0.782018        0.00000
      18        6.88050        0.00000
      19        8.54942        0.00000
      20        9.80324        0.00000
      21        10.0945        0.00000
      22        11.0518        0.00000
      23        11.4012        0.00000

 280/545 kpoint (Cartesian) = 0.056849 0.054703 0.0000 (34839 pws)
       1       -63.6291     0.00367309
       2       -37.8860     0.00367309
       3       -37.8646     0.00367309
       4       -37.7549     0.00367309
       5       -16.5880     0.00367309
       6       -15.6540     0.00367309
       7       -8.02646     0.00367309
       8       -6.72242     0.00367309
       9       -6.23689     0.00367309
      10       -5.45880     0.00367309
      11       -4.94864     0.00367309
      12       -4.06323     0.00367309
      13       -3.41549     0.00367309
      14      -0.651357        0.00000
      15      -0.427147        0.00000
      16      -0.194958        0.00000
      17       0.768885        0.00000
      18        6.90812        0.00000
      19        8.44982        0.00000
      20        9.67333        0.00000
      21        10.2567        0.00000
      22        11.0194        0.00000
      23        11.5731        0.00000

 281/545 kpoint (Cartesian) = 0.066324 0.049233 0.0000 (34840 pws)
       1       -63.6279     0.00367309
       2       -37.8837     0.00367309
       3       -37.8782     0.00367309
       4       -37.7557     0.00367309
       5       -16.5335     0.00367309
       6       -15.6319     0.00367309
       7       -8.01133     0.00367309
       8       -6.78505     0.00367309
       9       -6.36316     0.00367309
      10       -5.40219     0.00367309
      11       -4.86954     0.00367309
      12       -4.18954     0.00367309
      13       -3.48179     0.00367309
      14      -0.622783        0.00000
      15      -0.481788        0.00000
      16     -0.0579805        0.00000
      17       0.764464        0.00000
      18        6.95437        0.00000
      19        8.29581        0.00000
      20        9.54945        0.00000
      21        10.4334        0.00000
      22        11.0141        0.00000
      23        11.7659        0.00000

 282/545 kpoint (Cartesian) = 0.085274 0.049233 0.0000 (34839 pws)
       1       -63.6229     0.00367309
       2       -37.9298     0.00367309
       3       -37.8736     0.00367309
       4       -37.7665     0.00367309
       5       -16.2878     0.00367309
       6       -15.5317     0.00367309
       7       -8.01627     0.00367309
       8       -6.93485     0.00367309
       9       -6.73213     0.00367309
      10       -5.57659     0.00367309
      11       -4.62755     0.00367309
      12       -4.39534     0.00367309
      13       -3.71445     0.00367309
      14      -0.631883        0.00000
      15      -0.580298        0.00000
      16       0.251636        0.00000
      17       0.916023        0.00000
      18        7.01712        0.00000
      19        7.81291        0.00000
      20        9.18432        0.00000
      21        10.8560        0.00000
      22        11.1877        0.00000
      23        11.8073        0.00000

 283/545 kpoint (Cartesian) = 0.094749 0.043763 0.0000 (34839 pws)
       1       -63.6210     0.00367309
       2       -37.9473     0.00367309
       3       -37.8699     0.00367309
       4       -37.7720     0.00367309
       5       -16.1933     0.00367309
       6       -15.4934     0.00367309
       7       -8.05302     0.00367309
       8       -6.94673     0.00367309
       9       -6.84972     0.00367309
      10       -5.69269     0.00367309
      11       -4.57774     0.00367309
      12       -4.41937     0.00367309
      13       -3.76889     0.00367309
      14      -0.694878        0.00000
      15      -0.541128        0.00000
      16       0.313137        0.00000
      17        1.00604        0.00000
      18        6.92379        0.00000
      19        7.74067        0.00000
      20        9.05603        0.00000
      21        10.8790        0.00000
      22        11.2901        0.00000
      23        11.8259        0.00000

 284/545 kpoint (Cartesian) = 0.10422 0.038292 0.0000 (34789 pws)
       1       -63.6189     0.00367309
       2       -37.9644     0.00367309
       3       -37.8657     0.00367309
       4       -37.7806     0.00367309
       5       -16.0854     0.00367309
       6       -15.4490     0.00367309
       7       -8.09717     0.00367309
       8       -6.96954     0.00367309
       9       -6.93414     0.00367309
      10       -5.86286     0.00367309
      11       -4.61021     0.00367309
      12       -4.40219     0.00367309
      13       -3.77851     0.00367309
      14      -0.757039        0.00000
      15      -0.494967        0.00000
      16       0.315011        0.00000
      17        1.13964        0.00000
      18        6.76357        0.00000
      19        7.77671        0.00000
      20        8.93666        0.00000
      21        10.8079        0.00000
      22        11.3773        0.00000
      23        11.8446        0.00000

 285/545 kpoint (Cartesian) = 0.11370 0.032822 0.0000 (34803 pws)
       1       -63.6167     0.00367309
       2       -37.9803     0.00367309
       3       -37.8613     0.00367309
       4       -37.7923     0.00367309
       5       -15.9673     0.00367309
       6       -15.3998     0.00367309
       7       -8.14304     0.00367309
       8       -7.10223     0.00367309
       9       -6.89910     0.00367309
      10       -6.03463     0.00367309
      11       -4.73501     0.00367309
      12       -4.38175     0.00367309
      13       -3.74329     0.00367309
      14      -0.786055        0.00000
      15      -0.459357        0.00000
      16       0.294553        0.00000
      17        1.27806        0.00000
      18        6.56983        0.00000
      19        7.87480        0.00000
      20        8.83549        0.00000
      21        10.7184        0.00000
      22        11.4050        0.00000
      23        11.7528        0.00000

 286/545 kpoint (Cartesian) = 0.12317 0.027352 0.0000 (34798 pws)
       1       -63.6144     0.00367309
       2       -37.9941     0.00367309
       3       -37.8567     0.00367309
       4       -37.8067     0.00367309
       5       -15.8427     0.00367309
       6       -15.3471     0.00367309
       7       -8.18313     0.00367309
       8       -7.25931     0.00367309
       9       -6.84653     0.00367309
      10       -6.16873     0.00367309
      11       -4.93242     0.00367309
      12       -4.38304     0.00367309
      13       -3.68563     0.00367309
      14      -0.766971        0.00000
      15      -0.438308        0.00000
      16       0.275264        0.00000
      17        1.40038        0.00000
      18        6.37089        0.00000
      19        7.97641        0.00000
      20        8.76715        0.00000
      21        10.6819        0.00000
      22        11.2857        0.00000
      23        11.7290        0.00000

 287/545 kpoint (Cartesian) = 0.13265 0.021881 0.0000 (34805 pws)
       1       -63.6121     0.00367309
       2       -38.0053     0.00367309
       3       -37.8522     0.00367309
       4       -37.8235     0.00367309
       5       -15.7157     0.00367309
       6       -15.2925     0.00367309
       7       -8.20982     0.00367309
       8       -7.44178     0.00367309
       9       -6.78440     0.00367309
      10       -6.24708     0.00367309
      11       -5.17998     0.00367309
      12       -4.41743     0.00367309
      13       -3.61957     0.00367309
      14      -0.704266        0.00000
      15      -0.426315        0.00000
      16       0.266142        0.00000
      17        1.50175        0.00000
      18        6.17978        0.00000
      19        8.02194        0.00000
      20        8.74508        0.00000
      21        10.7245        0.00000
      22        11.0438        0.00000
      23        11.7579        0.00000

 288/545 kpoint (Cartesian) = 0.14212 0.016411 0.0000 (34783 pws)
       1       -63.6100     0.00367309
       2       -38.0136     0.00367309
       3       -37.8478     0.00367309
       4       -37.8419     0.00367309
       5       -15.5910     0.00367309
       6       -15.2380     0.00367309
       7       -8.21649     0.00367309
       8       -7.63807     0.00367309
       9       -6.72135     0.00367309
      10       -6.27097     0.00367309
      11       -5.45956     0.00367309
      12       -4.48659     0.00367309
      13       -3.54489     0.00367309
      14      -0.647647        0.00000
      15      -0.383396        0.00000
      16       0.267439        0.00000
      17        1.58529        0.00000
      18        6.00060        0.00000
      19        7.94966        0.00000
      20        8.77593        0.00000
      21        10.7559        0.00000
      22        10.8449        0.00000
      23        11.4859        0.00000

 289/545 kpoint (Cartesian) = 0.15160 0.010941 0.0000 (34804 pws)
       1       -63.6080     0.00367309
       2       -38.0188     0.00367309
       3       -37.8613     0.00367309
       4       -37.8439     0.00367309
       5       -15.4737     0.00367309
       6       -15.1857     0.00367309
       7       -8.19824     0.00367309
       8       -7.83151     0.00367309
       9       -6.66631     0.00367309
      10       -6.25098     0.00367309
      11       -5.75345     0.00367309
      12       -4.58556     0.00367309
      13       -3.45612     0.00367309
      14      -0.670536        0.00000
      15      -0.252115        0.00000
      16       0.275060        0.00000
      17        1.65631        0.00000
      18        5.83198        0.00000
      19        7.72845        0.00000
      20        8.85879        0.00000
      21        10.5579        0.00000
      22        11.0031        0.00000
      23        11.3002        0.00000

 290/545 kpoint (Cartesian) = 0.16107 0.0054703 0.0000 (34786 pws)
       1       -63.6063     0.00367309
       2       -38.0209     0.00367309
       3       -37.8806     0.00367309
       4       -37.8404     0.00367309
       5       -15.3687     0.00367309
       6       -15.1382     0.00367309
       7       -8.15257     0.00367309
       8       -8.00724     0.00367309
       9       -6.63073     0.00367309
      10       -6.19922     0.00367309
      11       -6.03937     0.00367309
      12       -4.70505     0.00367309
      13       -3.35079     0.00367309
      14      -0.755452        0.00000
      15     -0.0664190        0.00000
      16       0.284141        0.00000
      17        1.71850        0.00000
      18        5.66917        0.00000
      19        7.40740        0.00000
      20        8.98722        0.00000
      21        10.4929        0.00000
      22        11.1243        0.00000
      23        11.1895        0.00000

 291/545 kpoint (Cartesian) = 0.17055 0.0000 0.0000 (34774 pws)
       1       -63.6049     0.00367309
       2       -38.0202     0.00367309
       3       -37.8988     0.00367309
       4       -37.8375     0.00367309
       5       -15.2809     0.00367309
       6       -15.0980     0.00367309
       7       -8.15427     0.00367309
       8       -8.08054     0.00367309
       9       -6.64181     0.00367309
      10       -6.27631     0.00367309
      11       -6.12732     0.00367309
      12       -4.83258     0.00367309
      13       -3.23415     0.00367309
      14      -0.868430        0.00000
      15       0.126819        0.00000
      16       0.291443        0.00000
      17        1.77234        0.00000
      18        5.50889        0.00000
      19        7.08484        0.00000
      20        9.14982        0.00000
      21        10.5107        0.00000
      22        11.0964        0.00000
      23        11.1428        0.00000

 292/545 kpoint (Cartesian) = 0.18002 -0.0054703 0.0000 (34780 pws)
       1       -63.6038     0.00367309
       2       -38.0176     0.00367309
       3       -37.9144     0.00367309
       4       -37.8354     0.00367309
       5       -15.2147     0.00367309
       6       -15.0674     0.00367309
       7       -8.26421     0.00367309
       8       -7.99075     0.00367309
       9       -6.75040     0.00367309
      10       -6.39276     0.00367309
      11       -6.05024     0.00367309
      12       -4.95198     0.00367309
      13       -3.12112     0.00367309
      14      -0.983632        0.00000
      15       0.287736        0.00000
      16       0.303051        0.00000
      17        1.81550        0.00000
      18        5.35949        0.00000
      19        6.83559        0.00000
      20        9.32673        0.00000
      21        10.5437        0.00000
      22        10.9498        0.00000
      23        11.1675        0.00000

 293/545 kpoint (Cartesian) = 0.18950 -0.010941 0.0000 (34753 pws)
       1       -63.6032     0.00367309
       2       -38.0148     0.00367309
       3       -37.9253     0.00367309
       4       -37.8341     0.00367309
       5       -15.1734     0.00367309
       6       -15.0483     0.00367309
       7       -8.33193     0.00367309
       8       -7.90529     0.00367309
       9       -6.89575     0.00367309
      10       -6.41802     0.00367309
      11       -5.98722     0.00367309
      12       -5.04154     0.00367309
      13       -3.03552     0.00367309
      14       -1.07232        0.00000
      15       0.295982        0.00000
      16       0.411576        0.00000
      17        1.84447        0.00000
      18        5.24764        0.00000
      19        6.68767        0.00000
      20        9.47999        0.00000
      21        10.5603        0.00000
      22        10.7932        0.00000
      23        11.2450        0.00000

 294/545 kpoint (Cartesian) = 0.19897 -0.016411 0.0000 (34736 pws)
       1       -63.6030     0.00367309
       2       -38.0136     0.00367309
       3       -37.9291     0.00367309
       4       -37.8337     0.00367309
       5       -15.1593     0.00367309
       6       -15.0421     0.00367309
       7       -8.35424     0.00367309
       8       -7.86679     0.00367309
       9       -6.96091     0.00367309
      10       -6.42023     0.00367309
      11       -5.96227     0.00367309
      12       -5.07583     0.00367309
      13       -3.00301     0.00367309
      14       -1.10642        0.00000
      15       0.295590        0.00000
      16       0.452108        0.00000
      17        1.85626        0.00000
      18        5.20588        0.00000
      19        6.64027        0.00000
      20        9.54517        0.00000
      21        10.5641        0.00000
      22        10.7235        0.00000
      23        11.2976        0.00000

 295/545 kpoint (Cartesian) = 0.20845 -0.021881 0.0000 (34753 pws)
       1       -63.6032     0.00367309
       2       -38.0152     0.00367309
       3       -37.9249     0.00367309
       4       -37.8341     0.00367309
       5       -15.1730     0.00367309
       6       -15.0491     0.00367309
       7       -8.33009     0.00367309
       8       -7.90479     0.00367309
       9       -6.89899     0.00367309
      10       -6.41462     0.00367309
      11       -5.98805     0.00367309
      12       -5.04168     0.00367309
      13       -3.03549     0.00367309
      14       -1.07322        0.00000
      15       0.293470        0.00000
      16       0.409772        0.00000
      17        1.84963        0.00000
      18        5.24877        0.00000
      19        6.68951        0.00000
      20        9.47905        0.00000
      21        10.5609        0.00000
      22        10.7919        0.00000
      23        11.2409        0.00000

 296/545 kpoint (Cartesian) = 0.21792 -0.027352 0.0000 (34780 pws)
       1       -63.6038     0.00367309
       2       -38.0183     0.00367309
       3       -37.9138     0.00367309
       4       -37.8354     0.00367309
       5       -15.2138     0.00367309
       6       -15.0690     0.00367309
       7       -8.26060     0.00367309
       8       -7.99018     0.00367309
       9       -6.75661     0.00367309
      10       -6.38583     0.00367309
      11       -6.05184     0.00367309
      12       -4.95226     0.00367309
      13       -3.12130     0.00367309
      14      -0.985183        0.00000
      15       0.283619        0.00000
      16       0.299007        0.00000
      17        1.82545        0.00000
      18        5.36175        0.00000
      19        6.83893        0.00000
      20        9.32471        0.00000
      21        10.5448        0.00000
      22        10.9474        0.00000
      23        11.1619        0.00000

 297/545 kpoint (Cartesian) = 0.22740 -0.032822 0.0000 (34774 pws)
       1       -63.6049     0.00367309
       2       -38.0210     0.00367309
       3       -37.8981     0.00367309
       4       -37.8375     0.00367309
       5       -15.2796     0.00367309
       6       -15.1003     0.00367309
       7       -8.14904     0.00367309
       8       -8.08016     0.00367309
       9       -6.64706     0.00367309
      10       -6.26953     0.00367309
      11       -6.12963     0.00367309
      12       -4.83294     0.00367309
      13       -3.23488     0.00367309
      14      -0.870290        0.00000
      15       0.122535        0.00000
      16       0.284575        0.00000
      17        1.78630        0.00000
      18        5.51228        0.00000
      19        7.08909        0.00000
      20        9.14671        0.00000
      21        10.5117        0.00000
      22        11.0934        0.00000
      23        11.1372        0.00000

 298/545 kpoint (Cartesian) = 0.23687 -0.038292 0.0000 (34786 pws)
       1       -63.6063     0.00367309
       2       -38.0218     0.00367309
       3       -37.8799     0.00367309
       4       -37.8403     0.00367309
       5       -15.3670     0.00367309
       6       -15.1411     0.00367309
       7       -8.15229     0.00367309
       8       -8.00079     0.00367309
       9       -6.63160     0.00367309
      10       -6.20184     0.00367309
      11       -6.03645     0.00367309
      12       -4.70539     0.00367309
      13       -3.35238     0.00367309
      14      -0.757285        0.00000
      15     -0.0711483        0.00000
      16       0.275852        0.00000
      17        1.73529        0.00000
      18        5.67356        0.00000
      19        7.41209        0.00000
      20        8.98322        0.00000
      21        10.4927        0.00000
      22        11.1219        0.00000
      23        11.1844        0.00000

 299/545 kpoint (Cartesian) = 0.066324 -0.13676 0.0000 (34804 pws)
       1       -63.6080     0.00367309
       2       -38.0198     0.00367309
       3       -37.8605     0.00367309
       4       -37.8438     0.00367309
       5       -15.4717     0.00367309
       6       -15.1890     0.00367309
       7       -8.19811     0.00367309
       8       -7.82414     0.00367309
       9       -6.66426     0.00367309
      10       -6.25391     0.00367309
      11       -5.75284     0.00367309
      12       -4.58576     0.00367309
      13       -3.45888     0.00367309
      14      -0.671996        0.00000
      15      -0.256811        0.00000
      16       0.266144        0.00000
      17        1.67443        0.00000
      18        5.83705        0.00000
      19        7.73341        0.00000
      20        8.85426        0.00000
      21        10.5553        0.00000
      22        11.0003        0.00000
      23        11.2979        0.00000

 300/545 kpoint (Cartesian) = 0.056849 -0.13129 0.0000 (34783 pws)
       1       -63.6100     0.00367309
       2       -38.0146     0.00367309
       3       -37.8478     0.00367309
       4       -37.8412     0.00367309
       5       -15.5889     0.00367309
       6       -15.2415     0.00367309
       7       -8.21640     0.00367309
       8       -7.63043     0.00367309
       9       -6.71754     0.00367309
      10       -6.27366     0.00367309
      11       -5.46028     0.00367309
      12       -4.48653     0.00367309
      13       -3.54917     0.00367309
      14      -0.648427        0.00000
      15      -0.387631        0.00000
      16       0.258818        0.00000
      17        1.60304        0.00000
      18        6.00591        0.00000
      19        7.95481        0.00000
      20        8.77139        0.00000
      21        10.7505        0.00000
      22        10.8416        0.00000
      23        11.4878        0.00000

 301/545 kpoint (Cartesian) = 0.047375 -0.12582 0.0000 (34805 pws)
       1       -63.6121     0.00367309
       2       -38.0063     0.00367309
       3       -37.8521     0.00367309
       4       -37.8228     0.00367309
       5       -15.7135     0.00367309
       6       -15.2961     0.00367309
       7       -8.20967     0.00367309
       8       -7.43481     0.00367309
       9       -6.77955     0.00367309
      10       -6.24871     0.00367309
      11       -5.18135     0.00367309
      12       -4.41705     0.00367309
      13       -3.62575     0.00367309
      14      -0.704245        0.00000
      15      -0.429619        0.00000
      16       0.258766        0.00000
      17        1.51746        0.00000
      18        6.18487        0.00000
      19        8.02699        0.00000
      20        8.74115        0.00000
      21        10.7237        0.00000
      22        11.0329        0.00000
      23        11.7608        0.00000

 302/545 kpoint (Cartesian) = 0.037900 -0.12035 0.0000 (34798 pws)
       1       -63.6144     0.00367309
       2       -37.9950     0.00367309
       3       -37.8566     0.00367309
       4       -37.8060     0.00367309
       5       -15.8405     0.00367309
       6       -15.3507     0.00367309
       7       -8.18282     0.00367309
       8       -7.25418     0.00367309
       9       -6.84118     0.00367309
      10       -6.16822     0.00367309
      11       -4.93379     0.00367309
      12       -4.38236     0.00367309
      13       -3.69409     0.00367309
      14      -0.765595        0.00000
      15      -0.440888        0.00000
      16       0.270056        0.00000
      17        1.41254        0.00000
      18        6.37540        0.00000
      19        7.98083        0.00000
      20        8.76440        0.00000
      21        10.6825        0.00000
      22        11.2752        0.00000
      23        11.7263        0.00000

 303/545 kpoint (Cartesian) = 0.028425 -0.11488 0.0000 (34803 pws)
       1       -63.6167     0.00367309
       2       -37.9812     0.00367309
       3       -37.8612     0.00367309
       4       -37.7916     0.00367309
       5       -15.9652     0.00367309
       6       -15.4033     0.00367309
       7       -8.14247     0.00367309
       8       -7.09982     0.00367309
       9       -6.89367     0.00367309
      10       -6.03108     0.00367309
      11       -4.73583     0.00367309
      12       -4.38092     0.00367309
      13       -3.75412     0.00367309
      14      -0.783119        0.00000
      15      -0.461424        0.00000
      16       0.292466        0.00000
      17        1.28536        0.00000
      18        6.57356        0.00000
      19        7.87806        0.00000
      20        8.83438        0.00000
      21        10.7210        0.00000
      22        11.3988        0.00000
      23        11.7484        0.00000

 304/545 kpoint (Cartesian) = 0.018950 -0.10941 0.0000 (34789 pws)
       1       -63.6189     0.00367309
       2       -37.9653     0.00367309
       3       -37.8656     0.00367309
       4       -37.7800     0.00367309
       5       -16.0834     0.00367309
       6       -15.4522     0.00367309
       7       -8.09629     0.00367309
       8       -6.96984     0.00367309
       9       -6.92912     0.00367309
      10       -5.85608     0.00367309
      11       -4.61050     0.00367309
      12       -4.40143     0.00367309
      13       -3.79102     0.00367309
      14      -0.752857        0.00000
      15      -0.496567        0.00000
      16       0.317132        0.00000
      17        1.14091        0.00000
      18        6.76653        0.00000
      19        7.77833        0.00000
      20        8.93730        0.00000
      21        10.8132        0.00000
      22        11.3750        0.00000
      23        11.8404        0.00000

 305/545 kpoint (Cartesian) = 0.0094749 -0.10394 0.0000 (34839 pws)
       1       -63.6210     0.00367309
       2       -37.9482     0.00367309
       3       -37.8698     0.00367309
       4       -37.7715     0.00367309
       5       -16.1915     0.00367309
       6       -15.4962     0.00367309
       7       -8.05182     0.00367309
       8       -6.94194     0.00367309
       9       -6.85269     0.00367309
      10       -5.68308     0.00367309
      11       -4.57852     0.00367309
      12       -4.41899     0.00367309
      13       -3.78121     0.00367309
      14      -0.690212        0.00000
      15      -0.542087        0.00000
      16       0.320301        0.00000
      17        1.00061        0.00000
      18        6.92616        0.00000
      19        7.74039        0.00000
      20        9.05822        0.00000
      21        10.8869        0.00000
      22        11.2906        0.00000
      23        11.8188        0.00000

 306/545 kpoint (Cartesian) = 0.0000 0.098466 0.0000 (34839 pws)
       1       -63.6228     0.00367309
       2       -37.9306     0.00367309
       3       -37.8736     0.00367309
       4       -37.7660     0.00367309
       5       -16.2862     0.00367309
       6       -15.5341     0.00367309
       7       -8.01486     0.00367309
       8       -6.93073     0.00367309
       9       -6.73690     0.00367309
      10       -5.56510     0.00367309
      11       -4.62946     0.00367309
      12       -4.39552     0.00367309
      13       -3.72485     0.00367309
      14      -0.630238        0.00000
      15      -0.577768        0.00000
      16       0.262176        0.00000
      17       0.905909        0.00000
      18        7.01893        0.00000
      19        7.81104        0.00000
      20        9.18766        0.00000
      21        10.8637        0.00000
      22        11.1910        0.00000
      23        11.8001        0.00000

 307/545 kpoint (Cartesian) = 0.0094749 0.092996 0.0000 (34833 pws)
       1       -63.6244     0.00367309
       2       -37.9136     0.00367309
       3       -37.8767     0.00367309
       4       -37.7635     0.00367309
       5       -16.3651     0.00367309
       6       -15.5653     0.00367309
       7       -7.98798     0.00367309
       8       -6.89984     0.00367309
       9       -6.61590     0.00367309
      10       -5.54128     0.00367309
      11       -4.72372     0.00367309
      12       -4.30398     0.00367309
      13       -3.64878     0.00367309
      14      -0.660654        0.00000
      15      -0.527535        0.00000
      16       0.126782        0.00000
      17       0.880442        0.00000
      18        7.05235        0.00000
      19        7.97558        0.00000
      20        9.32328        0.00000
      21        10.7415        0.00000
      22        11.0920        0.00000
      23        11.6778        0.00000

 308/545 kpoint (Cartesian) = 0.018950 0.087525 0.0000 (34840 pws)
       1       -63.6257     0.00367309
       2       -37.8986     0.00367309
       3       -37.8792     0.00367309
       4       -37.7632     0.00367309
       5       -16.4261     0.00367309
       6       -15.5891     0.00367309
       7       -7.97074     0.00367309
       8       -6.85900     0.00367309
       9       -6.48908     0.00367309
      10       -5.60218     0.00367309
      11       -4.82433     0.00367309
      12       -4.16534     0.00367309
      13       -3.57698     0.00367309
      14      -0.706864        0.00000
      15      -0.470830        0.00000
      16     -0.0440498        0.00000
      17       0.897372        0.00000
      18        7.06236        0.00000
      19        8.16979        0.00000
      20        9.46699        0.00000
      21        10.5582        0.00000
      22        11.0065        0.00000
      23        11.4699        0.00000

 309/545 kpoint (Cartesian) = 0.028425 0.082055 0.0000 (34827 pws)
       1       -63.6265     0.00367309
       2       -37.8871     0.00367309
       3       -37.8809     0.00367309
       4       -37.7643     0.00367309
       5       -16.4676     0.00367309
       6       -15.6051     0.00367309
       7       -7.96108     0.00367309
       8       -6.82107     0.00367309
       9       -6.36429     0.00367309
      10       -5.70507     0.00367309
      11       -4.90563     0.00367309
      12       -4.03192     0.00367309
      13       -3.52299     0.00367309
      14      -0.742834        0.00000
      15      -0.432344        0.00000
      16      -0.195093        0.00000
      17       0.923583        0.00000
      18        7.06718        0.00000
      19        8.33382        0.00000
      20        9.61954        0.00000
      21        10.3481        0.00000
      22        10.9475        0.00000
      23        11.2860        0.00000

 310/545 kpoint (Cartesian) = 0.037900 0.076585 0.0000 (34820 pws)
       1       -63.6270     0.00367309
       2       -37.8818     0.00367309
       3       -37.8806     0.00367309
       4       -37.7653     0.00367309
       5       -16.4887     0.00367309
       6       -15.6130     0.00367309
       7       -7.95698     0.00367309
       8       -6.79849     0.00367309
       9       -6.26974     0.00367309
      10       -5.79512     0.00367309
      11       -4.95050     0.00367309
      12       -3.95146     0.00367309
      13       -3.49386     0.00367309
      14      -0.762317        0.00000
      15      -0.414081        0.00000
      16      -0.283327        0.00000
      17       0.941060        0.00000
      18        7.06988        0.00000
      19        8.42625        0.00000
      20        9.75881        0.00000
      21        10.1671        0.00000
      22        10.9194        0.00000
      23        11.1863        0.00000

 311/545 kpoint (Cartesian) = 0.047375 0.071114 0.0000 (34820 pws)
       1       -63.6270     0.00367309
       2       -37.8818     0.00367309
       3       -37.8805     0.00367309
       4       -37.7654     0.00367309
       5       -16.4889     0.00367309
       6       -15.6127     0.00367309
       7       -7.95728     0.00367309
       8       -6.79905     0.00367309
       9       -6.26651     0.00367309
      10       -5.79915     0.00367309
      11       -4.94980     0.00367309
      12       -3.95162     0.00367309
      13       -3.49275     0.00367309
      14      -0.762182        0.00000
      15      -0.415010        0.00000
      16      -0.284430        0.00000
      17       0.942478        0.00000
      18        7.06985        0.00000
      19        8.42690        0.00000
      20        9.75610        0.00000
      21        10.1690        0.00000
      22        10.9172        0.00000
      23        11.1862        0.00000

 312/545 kpoint (Cartesian) = 0.056849 0.065644 0.0000 (34827 pws)
       1       -63.6265     0.00367309
       2       -37.8867     0.00367309
       3       -37.8809     0.00367309
       4       -37.7645     0.00367309
       5       -16.4681     0.00367309
       6       -15.6042     0.00367309
       7       -7.96193     0.00367309
       8       -6.82269     0.00367309
       9       -6.35787     0.00367309
      10       -5.71395     0.00367309
      11       -4.90372     0.00367309
      12       -4.03226     0.00367309
      13       -3.51963     0.00367309
      14      -0.742422        0.00000
      15      -0.434967        0.00000
      16      -0.198668        0.00000
      17       0.927901        0.00000
      18        7.06701        0.00000
      19        8.33565        0.00000
      20        9.61510        0.00000
      21        10.3496        0.00000
      22        10.9418        0.00000
      23        11.2863        0.00000

 313/545 kpoint (Cartesian) = 0.066324 0.060174 0.0000 (34840 pws)
       1       -63.6257     0.00367309
       2       -37.8981     0.00367309
       3       -37.8792     0.00367309
       4       -37.7636     0.00367309
       5       -16.4270     0.00367309
       6       -15.5877     0.00367309
       7       -7.97199     0.00367309
       8       -6.86155     0.00367309
       9       -6.48230     0.00367309
      10       -5.61315     0.00367309
      11       -4.82169     0.00367309
      12       -4.16552     0.00367309
      13       -3.57135     0.00367309
      14      -0.706146        0.00000
      15      -0.474871        0.00000
      16     -0.0505728        0.00000
      17       0.904701        0.00000
      18        7.06185        0.00000
      19        8.17235        0.00000
      20        9.46247        0.00000
      21        10.5568        0.00000
      22        10.9996        0.00000
      23        11.4720        0.00000

 314/545 kpoint (Cartesian) = 0.075799 0.054703 0.0000 (34833 pws)
       1       -63.6244     0.00367309
       2       -37.9130     0.00367309
       3       -37.8768     0.00367309
       4       -37.7639     0.00367309
       5       -16.3663     0.00367309
       6       -15.5634     0.00367309
       7       -7.98943     0.00367309
       8       -6.90321     0.00367309
       9       -6.60983     0.00367309
      10       -5.55316     0.00367309
      11       -4.72107     0.00367309
      12       -4.30379     0.00367309
      13       -3.64079     0.00367309
      14      -0.659620        0.00000
      15      -0.532587        0.00000
      16       0.117225        0.00000
      17       0.890427        0.00000
      18        7.05124        0.00000
      19        7.97821        0.00000
      20        9.31917        0.00000
      21        10.7365        0.00000
      22        11.0862        0.00000
      23        11.6826        0.00000

 315/545 kpoint (Cartesian) = 0.094749 0.054703 0.0000 (34831 pws)
       1       -63.6194     0.00367309
       2       -37.9637     0.00367309
       3       -37.8668     0.00367309
       4       -37.7744     0.00367309
       5       -16.1137     0.00367309
       6       -15.4611     0.00367309
       7       -8.11708     0.00367309
       8       -6.96658     0.00367309
       9       -6.95369     0.00367309
      10       -5.71382     0.00367309
      11       -4.50715     0.00367309
      12       -4.47518     0.00367309
      13       -3.82378     0.00367309
      14      -0.696665        0.00000
      15      -0.542602        0.00000
      16       0.461376        0.00000
      17        1.01867        0.00000
      18        6.77038        0.00000
      19        7.62839        0.00000
      20        8.91442        0.00000
      21        10.9249        0.00000
      22        11.4359        0.00000
      23        12.0343        0.00000

 316/545 kpoint (Cartesian) = 0.10422 0.049233 0.0000 (34811 pws)
       1       -63.6177     0.00367309
       2       -37.9798     0.00367309
       3       -37.8633     0.00367309
       4       -37.7798     0.00367309
       5       -16.0206     0.00367309
       6       -15.4235     0.00367309
       7       -8.18181     0.00367309
       8       -7.07879     0.00367309
       9       -6.94585     0.00367309
      10       -5.81517     0.00367309
      11       -4.53016     0.00367309
      12       -4.44912     0.00367309
      13       -3.83740     0.00367309
      14      -0.734354        0.00000
      15      -0.506853        0.00000
      16       0.518897        0.00000
      17        1.10421        0.00000
      18        6.57148        0.00000
      19        7.61826        0.00000
      20        8.78200        0.00000
      21        10.8995        0.00000
      22        11.5509        0.00000
      23        12.1365        0.00000

 317/545 kpoint (Cartesian) = 0.11370 0.043763 0.0000 (34784 pws)
       1       -63.6158     0.00367309
       2       -37.9947     0.00367309
       3       -37.8595     0.00367309
       4       -37.7885     0.00367309
       5       -15.9169     0.00367309
       6       -15.3808     0.00367309
       7       -8.24020     0.00367309
       8       -7.19647     0.00367309
       9       -6.92284     0.00367309
      10       -5.95591     0.00367309
      11       -4.53768     0.00367309
      12       -4.51508     0.00367309
      13       -3.78769     0.00367309
      14      -0.764184        0.00000
      15      -0.465851        0.00000
      16       0.510103        0.00000
      17        1.23024        0.00000
      18        6.35579        0.00000
      19        7.68149        0.00000
      20        8.67161        0.00000
      21        10.8416        0.00000
      22        11.6101        0.00000
      23        11.9944        0.00000

 318/545 kpoint (Cartesian) = 0.12317 0.038292 0.0000 (34789 pws)
       1       -63.6138     0.00367309
       2       -38.0074     0.00367309
       3       -37.8555     0.00367309
       4       -37.8005     0.00367309
       5       -15.8060     0.00367309
       6       -15.3342     0.00367309
       7       -8.28519     0.00367309
       8       -7.32875     0.00367309
       9       -6.88768     0.00367309
      10       -6.09025     0.00367309
      11       -4.70944     0.00367309
      12       -4.50454     0.00367309
      13       -3.70695     0.00367309
      14      -0.758462        0.00000
      15      -0.435004        0.00000
      16       0.476856        0.00000
      17        1.35421        0.00000
      18        6.14583        0.00000
      19        7.78010        0.00000
      20        8.59937        0.00000
      21        10.8012        0.00000
      22        11.5253        0.00000
      23        11.9110        0.00000

 319/545 kpoint (Cartesian) = 0.13265 0.032822 0.0000 (34798 pws)
       1       -63.6117     0.00367309
       2       -38.0175     0.00367309
       3       -37.8514     0.00367309
       4       -37.8156     0.00367309
       5       -15.6915     0.00367309
       6       -15.2850     0.00367309
       7       -8.31029     0.00367309
       8       -7.48154     0.00367309
       9       -6.84467     0.00367309
      10       -6.18723     0.00367309
      11       -4.94351     0.00367309
      12       -4.51260     0.00367309
      13       -3.62272     0.00367309
      14      -0.713157        0.00000
      15      -0.412882        0.00000
      16       0.440037        0.00000
      17        1.45974        0.00000
      18        5.95363        0.00000
      19        7.87029        0.00000
      20        8.58040        0.00000
      21        10.8111        0.00000
      22        11.2782        0.00000
      23        11.8515        0.00000

 320/545 kpoint (Cartesian) = 0.14212 0.027352 0.0000 (34776 pws)
       1       -63.6098     0.00367309
       2       -38.0243     0.00367309
       3       -37.8475     0.00367309
       4       -37.8331     0.00367309
       5       -15.5776     0.00367309
       6       -15.2348     0.00367309
       7       -8.30987     0.00367309
       8       -7.65181     0.00367309
       9       -6.79909     0.00367309
      10       -6.23479     0.00367309
      11       -5.22035     0.00367309
      12       -4.55108     0.00367309
      13       -3.53919     0.00367309
      14      -0.662610        0.00000
      15      -0.370412        0.00000
      16       0.406078        0.00000
      17        1.54739        0.00000
      18        5.78505        0.00000
      19        7.89642        0.00000
      20        8.62267        0.00000
      21        10.8750        0.00000
      22        10.9256        0.00000
      23        11.6392        0.00000

 321/545 kpoint (Cartesian) = 0.15160 0.021881 0.0000 (34769 pws)
       1       -63.6080     0.00367309
       2       -38.0277     0.00367309
       3       -37.8527     0.00367309
       4       -37.8438     0.00367309
       5       -15.4687     0.00367309
       6       -15.1857     0.00367309
       7       -8.27945     0.00367309
       8       -7.82834     0.00367309
       9       -6.75666     0.00367309
      10       -6.23520     0.00367309
      11       -5.52525     0.00367309
      12       -4.62099     0.00367309
      13       -3.45001     0.00367309
      14      -0.672057        0.00000
      15      -0.255944        0.00000
      16       0.375265        0.00000
      17        1.62339        0.00000
      18        5.64229        0.00000
      19        7.79435        0.00000
      20        8.72575        0.00000
      21        10.5895        0.00000
      22        10.9878        0.00000
      23        11.4565        0.00000

 322/545 kpoint (Cartesian) = 0.16107 0.016411 0.0000 (34791 pws)
       1       -63.6063     0.00367309
       2       -38.0275     0.00367309
       3       -37.8734     0.00367309
       4       -37.8405     0.00367309
       5       -15.3692     0.00367309
       6       -15.1397     0.00367309
       7       -8.21597     0.00367309
       8       -7.99725     0.00367309
       9       -6.72383     0.00367309
      10       -6.19742     0.00367309
      11       -5.84157     0.00367309
      12       -4.71732     0.00367309
      13       -3.34909     0.00367309
      14      -0.746713        0.00000
      15     -0.0803415        0.00000
      16       0.346419        0.00000
      17        1.69287        0.00000
      18        5.52476        0.00000
      19        7.53705        0.00000
      20        8.88362        0.00000
      21        10.4225        0.00000
      22        11.0865        0.00000
      23        11.3254        0.00000

 323/545 kpoint (Cartesian) = 0.17055 0.010941 0.0000 (34790 pws)
       1       -63.6049     0.00367309
       2       -38.0238     0.00367309
       3       -37.8945     0.00367309
       4       -37.8377     0.00367309
       5       -15.2835     0.00367309
       6       -15.0991     0.00367309
       7       -8.14647     0.00367309
       8       -8.11816     0.00367309
       9       -6.71159     0.00367309
      10       -6.14783     0.00367309
      11       -6.13084     0.00367309
      12       -4.83091     0.00367309
      13       -3.23642     0.00367309
      14      -0.858348        0.00000
      15       0.114489        0.00000
      16       0.319456        0.00000
      17        1.75681        0.00000
      18        5.42977        0.00000
      19        7.18489        0.00000
      20        9.08757        0.00000
      21        10.4299        0.00000
      22        11.0889        0.00000
      23        11.2299        0.00000

 324/545 kpoint (Cartesian) = 0.18002 0.0054703 0.0000 (34780 pws)
       1       -63.6038     0.00367309
       2       -38.0172     0.00367309
       3       -37.9147     0.00367309
       4       -37.8355     0.00367309
       5       -15.2154     0.00367309
       6       -15.0664     0.00367309
       7       -8.26565     0.00367309
       8       -7.98964     0.00367309
       9       -6.75390     0.00367309
      10       -6.39079     0.00367309
      11       -6.05262     0.00367309
      12       -4.94885     0.00367309
      13       -3.12068     0.00367309
      14      -0.982821        0.00000
      15       0.288322        0.00000
      16       0.303701        0.00000
      17        1.81220        0.00000
      18        5.35406        0.00000
      19        6.83929        0.00000
      20        9.32622        0.00000
      21        10.5456        0.00000
      22        10.9502        0.00000
      23        11.1680        0.00000

 325/545 kpoint (Cartesian) = 0.18950 0.0000 0.0000 (34762 pws)
       1       -63.6031     0.00367309
       2       -38.0090     0.00367309
       3       -37.9323     0.00367309
       4       -37.8339     0.00367309
       5       -15.1680     0.00367309
       6       -15.0434     0.00367309
       7       -8.34860     0.00367309
       8       -7.84167     0.00367309
       9       -6.90258     0.00367309
      10       -6.50111     0.00367309
      11       -5.97535     0.00367309
      12       -5.05296     0.00367309
      13       -3.02004     0.00367309
      14       -1.09358        0.00000
      15       0.276753        0.00000
      16       0.438387        0.00000
      17        1.85404        0.00000
      18        5.29722        0.00000
      19        6.57751        0.00000
      20        9.57951        0.00000
      21        10.6953        0.00000
      22        10.7266        0.00000
      23        11.1529        0.00000

 326/545 kpoint (Cartesian) = 0.19897 -0.0054703 0.0000 (34719 pws)
       1       -63.6027     0.00367309
       2       -38.0024     0.00367309
       3       -37.9437     0.00367309
       4       -37.8332     0.00367309
       5       -15.1436     0.00367309
       6       -15.0317     0.00367309
       7       -8.39072     0.00367309
       8       -7.71679     0.00367309
       9       -7.06027     0.00367309
      10       -6.52550     0.00367309
      11       -5.92464     0.00367309
      12       -5.11772     0.00367309
      13       -2.95949     0.00367309
      14       -1.16065        0.00000
      15       0.266604        0.00000
      16       0.515585        0.00000
      17        1.87761        0.00000
      18        5.26522        0.00000
      19        6.43992        0.00000
      20        9.78892        0.00000
      21        10.5209        0.00000
      22        10.7993        0.00000
      23        11.2173        0.00000

 327/545 kpoint (Cartesian) = 0.20845 -0.010941 0.0000 (34719 pws)
       1       -63.6027     0.00367309
       2       -38.0028     0.00367309
       3       -37.9434     0.00367309
       4       -37.8331     0.00367309
       5       -15.1433     0.00367309
       6       -15.0321     0.00367309
       7       -8.38981     0.00367309
       8       -7.71649     0.00367309
       9       -7.06181     0.00367309
      10       -6.52395     0.00367309
      11       -5.92461     0.00367309
      12       -5.11824     0.00367309
      13       -2.95945     0.00367309
      14       -1.16116        0.00000
      15       0.265577        0.00000
      16       0.514680        0.00000
      17        1.88007        0.00000
      18        5.26633        0.00000
      19        6.44027        0.00000
      20        9.78898        0.00000
      21        10.5198        0.00000
      22        10.7997        0.00000
      23        11.2129        0.00000

 328/545 kpoint (Cartesian) = 0.21792 -0.016411 0.0000 (34762 pws)
       1       -63.6031     0.00367309
       2       -38.0098     0.00367309
       3       -37.9317     0.00367309
       4       -37.8339     0.00367309
       5       -15.1672     0.00367309
       6       -15.0447     0.00367309
       7       -8.34592     0.00367309
       8       -7.84134     0.00367309
       9       -6.90681     0.00367309
      10       -6.49630     0.00367309
      11       -5.97542     0.00367309
      12       -5.05433     0.00367309
      13       -3.02006     0.00367309
      14       -1.09497        0.00000
      15       0.273685        0.00000
      16       0.435833        0.00000
      17        1.86129        0.00000
      18        5.30042        0.00000
      19        6.57851        0.00000
      20        9.57887        0.00000
      21        10.6955        0.00000
      22        10.7246        0.00000
      23        11.1476        0.00000

 329/545 kpoint (Cartesian) = 0.22740 -0.021881 0.0000 (34780 pws)
       1       -63.6038     0.00367309
       2       -38.0181     0.00367309
       3       -37.9140     0.00367309
       4       -37.8354     0.00367309
       5       -15.2141     0.00367309
       6       -15.0685     0.00367309
       7       -8.26132     0.00367309
       8       -7.98961     0.00367309
       9       -6.75841     0.00367309
      10       -6.38479     0.00367309
      11       -6.05302     0.00367309
      12       -4.95071     0.00367309
      13       -3.12107     0.00367309
      14      -0.984769        0.00000
      15       0.283557        0.00000
      16       0.299640        0.00000
      17        1.82383        0.00000
      18        5.35901        0.00000
      19        6.84079        0.00000
      20        9.32447        0.00000
      21        10.5458        0.00000
      22        10.9477        0.00000
      23        11.1621        0.00000

 330/545 kpoint (Cartesian) = 0.23687 -0.027352 0.0000 (34790 pws)
       1       -63.6049     0.00367309
       2       -38.0248     0.00367309
       3       -37.8937     0.00367309
       4       -37.8376     0.00367309
       5       -15.2818     0.00367309
       6       -15.1019     0.00367309
       7       -8.14074     0.00367309
       8       -8.11839     0.00367309
       9       -6.71265     0.00367309
      10       -6.14326     0.00367309
      11       -6.13286     0.00367309
      12       -4.83295     0.00367309
      13       -3.23753     0.00367309
      14      -0.860515        0.00000
      15       0.109926        0.00000
      16       0.312738        0.00000
      17        1.77209        0.00000
      18        5.43602        0.00000
      19        7.18676        0.00000
      20        9.08480        0.00000
      21        10.4295        0.00000
      22        11.0874        0.00000
      23        11.2234        0.00000

 331/545 kpoint (Cartesian) = 0.24635 -0.032822 0.0000 (34791 pws)
       1       -63.6063     0.00367309
       2       -38.0285     0.00367309
       3       -37.8726     0.00367309
       4       -37.8404     0.00367309
       5       -15.3672     0.00367309
       6       -15.1430     0.00367309
       7       -8.21635     0.00367309
       8       -7.99046     0.00367309
       9       -6.72224     0.00367309
      10       -6.19841     0.00367309
      11       -5.84034     0.00367309
      12       -4.71929     0.00367309
      13       -3.35120     0.00367309
      14      -0.748821        0.00000
      15     -0.0850208        0.00000
      16       0.338368        0.00000
      17        1.71069        0.00000
      18        5.53177        0.00000
      19        7.53925        0.00000
      20        8.88013        0.00000
      21        10.4210        0.00000
      22        11.0856        0.00000
      23        11.3188        0.00000

 332/545 kpoint (Cartesian) = 0.056849 -0.14223 0.0000 (34769 pws)
       1       -63.6079     0.00367309
       2       -38.0287     0.00367309
       3       -37.8519     0.00367309
       4       -37.8437     0.00367309
       5       -15.4664     0.00367309
       6       -15.1894     0.00367309
       7       -8.27989     0.00367309
       8       -7.82099     0.00367309
       9       -6.75336     0.00367309
      10       -6.23622     0.00367309
      11       -5.52522     0.00367309
      12       -4.62271     0.00367309
      13       -3.45343     0.00367309
      14      -0.673900        0.00000
      15      -0.260167        0.00000
      16       0.366597        0.00000
      17        1.64228        0.00000
      18        5.64954        0.00000
      19        7.79688        0.00000
      20        8.72203        0.00000
      21        10.5857        0.00000
      22        10.9869        0.00000
      23        11.4511        0.00000

 333/545 kpoint (Cartesian) = 0.047375 -0.13676 0.0000 (34776 pws)
       1       -63.6098     0.00367309
       2       -38.0253     0.00367309
       3       -37.8474     0.00367309
       4       -37.8324     0.00367309
       5       -15.5752     0.00367309
       6       -15.2388     0.00367309
       7       -8.31026     0.00367309
       8       -7.64462     0.00367309
       9       -6.79469     0.00367309
      10       -6.23526     0.00367309
      11       -5.22104     0.00367309
      12       -4.55245     0.00367309
      13       -3.54427     0.00367309
      14      -0.664051        0.00000
      15      -0.373637        0.00000
      16       0.397747        0.00000
      17        1.56562        0.00000
      18        5.79207        0.00000
      19        7.89912        0.00000
      20        8.61934        0.00000
      21        10.8764        0.00000
      22        10.9155        0.00000
      23        11.6361        0.00000

 334/545 kpoint (Cartesian) = 0.037900 -0.13129 0.0000 (34798 pws)
       1       -63.6117     0.00367309
       2       -38.0184     0.00367309
       3       -37.8513     0.00367309
       4       -37.8149     0.00367309
       5       -15.6890     0.00367309
       6       -15.2890     0.00367309
       7       -8.31052     0.00367309
       8       -7.47541     0.00367309
       9       -6.83960     0.00367309
      10       -6.18632     0.00367309
      11       -4.94444     0.00367309
      12       -4.51363     0.00367309
      13       -3.62981     0.00367309
      14      -0.713775        0.00000
      15      -0.415034        0.00000
      16       0.433155        0.00000
      17        1.47548        0.00000
      18        5.96003        0.00000
      19        7.87280        0.00000
      20        8.57808        0.00000
      21        10.8118        0.00000
      22        11.2648        0.00000
      23        11.8498        0.00000

 335/545 kpoint (Cartesian) = 0.028425 -0.12582 0.0000 (34789 pws)
       1       -63.6138     0.00367309
       2       -38.0084     0.00367309
       3       -37.8554     0.00367309
       4       -37.7999     0.00367309
       5       -15.8035     0.00367309
       6       -15.3381     0.00367309
       7       -8.28519     0.00367309
       8       -7.32454     0.00367309
       9       -6.88230     0.00367309
      10       -6.08712     0.00367309
      11       -4.71003     0.00367309
      12       -4.50539     0.00367309
      13       -3.71636     0.00367309
      14      -0.757814        0.00000
      15      -0.436330        0.00000
      16       0.472656        0.00000
      17        1.36573        0.00000
      18        6.15133        0.00000
      19        7.78199        0.00000
      20        8.59855        0.00000
      21        10.8032        0.00000
      22        11.5106        0.00000
      23        11.9116        0.00000

 336/545 kpoint (Cartesian) = 0.018950 -0.12035 0.0000 (34784 pws)
       1       -63.6158     0.00367309
       2       -37.9956     0.00367309
       3       -37.8594     0.00367309
       4       -37.7880     0.00367309
       5       -15.9146     0.00367309
       6       -15.3845     0.00367309
       7       -8.23992     0.00367309
       8       -7.19464     0.00367309
       9       -6.91746     0.00367309
      10       -5.95004     0.00367309
      11       -4.53745     0.00367309
      12       -4.51602     0.00367309
      13       -3.79939     0.00367309
      14      -0.762411        0.00000
      15      -0.466380        0.00000
      16       0.510081        0.00000
      17        1.23578        0.00000
      18        6.36027        0.00000
      19        7.68237        0.00000
      20        8.67249        0.00000
      21        10.8454        0.00000
      22        11.5997        0.00000
      23        11.9940        0.00000

 337/545 kpoint (Cartesian) = 0.0094749 -0.11488 0.0000 (34811 pws)
       1       -63.6177     0.00367309
       2       -37.9807     0.00367309
       3       -37.8632     0.00367309
       4       -37.7793     0.00367309
       5       -16.0184     0.00367309
       6       -15.4268     0.00367309
       7       -8.18122     0.00367309
       8       -7.07927     0.00367309
       9       -6.94073     0.00367309
      10       -5.80654     0.00367309
      11       -4.53169     0.00367309
      12       -4.44841     0.00367309
      13       -3.85012     0.00367309
      14      -0.732190        0.00000
      15      -0.506326        0.00000
      16       0.524760        0.00000
      17        1.10209        0.00000
      18        6.57500        0.00000
      19        7.61788        0.00000
      20        8.78443        0.00000
      21        10.9055        0.00000
      22        11.5459        0.00000
      23        12.1319        0.00000

 338/545 kpoint (Cartesian) = 0.0000 0.10941 0.0000 (34831 pws)
       1       -63.6194     0.00367309
       2       -37.9644     0.00367309
       3       -37.8668     0.00367309
       4       -37.7739     0.00367309
       5       -16.1118     0.00367309
       6       -15.4640     0.00367309
       7       -8.11622     0.00367309
       8       -6.96869     0.00367309
       9       -6.94941     0.00367309
      10       -5.70308     0.00367309
      11       -4.51012     0.00367309
      12       -4.47499     0.00367309
      13       -3.83479     0.00367309
      14      -0.695605        0.00000
      15      -0.540147        0.00000
      16       0.472308        0.00000
      17        1.00996        0.00000
      18        6.77317        0.00000
      19        7.62665        0.00000
      20        8.91798        0.00000
      21        10.9323        0.00000
      22        11.4351        0.00000
      23        12.0280        0.00000

 339/545 kpoint (Cartesian) = 0.0094749 0.10394 0.0000 (34839 pws)
       1       -63.6210     0.00367309
       2       -37.9479     0.00367309
       3       -37.8698     0.00367309
       4       -37.7716     0.00367309
       5       -16.1919     0.00367309
       6       -15.4954     0.00367309
       7       -8.05217     0.00367309
       8       -6.94321     0.00367309
       9       -6.85521     0.00367309
      10       -5.67920     0.00367309
      11       -4.58277     0.00367309
      12       -4.42253     0.00367309
      13       -3.77325     0.00367309
      14      -0.700421        0.00000
      15      -0.531928        0.00000
      16       0.327291        0.00000
      17       0.992306        0.00000
      18        6.92574        0.00000
      19        7.73531        0.00000
      20        9.06234        0.00000
      21        10.8848        0.00000
      22        11.2956        0.00000
      23        11.8210        0.00000

 340/545 kpoint (Cartesian) = 0.018950 0.098466 0.0000 (34833 pws)
       1       -63.6222     0.00367309
       2       -37.9323     0.00367309
       3       -37.8724     0.00367309
       4       -37.7719     0.00367309
       5       -16.2566     0.00367309
       6       -15.5202     0.00367309
       7       -7.99570     0.00367309
       8       -6.92510     0.00367309
       9       -6.73556     0.00367309
      10       -5.73547     0.00367309
      11       -4.71087     0.00367309
      12       -4.28470     0.00367309
      13       -3.70415     0.00367309
      14      -0.742701        0.00000
      15      -0.491695        0.00000
      16       0.134549        0.00000
      17        1.01890        0.00000
      18        7.02372        0.00000
      19        7.92952        0.00000
      20        9.21370        0.00000
      21        10.7490        0.00000
      22        11.1338        0.00000
      23        11.5649        0.00000

 341/545 kpoint (Cartesian) = 0.028425 0.092996 0.0000 (34829 pws)
       1       -63.6232     0.00367309
       2       -37.9190     0.00367309
       3       -37.8742     0.00367309
       4       -37.7738     0.00367309
       5       -16.3040     0.00367309
       6       -15.5381     0.00367309
       7       -7.95207     0.00367309
       8       -6.90165     0.00367309
       9       -6.61246     0.00367309
      10       -5.83980     0.00367309
      11       -4.82555     0.00367309
      12       -4.13722     0.00367309
      13       -3.64712     0.00367309
      14      -0.787307        0.00000
      15      -0.454162        0.00000
      16     -0.0492462        0.00000
      17        1.05448        0.00000
      18        7.08263        0.00000
      19        8.14945        0.00000
      20        9.37066        0.00000
      21        10.5386        0.00000
      22        10.9690        0.00000
      23        11.3606        0.00000

 342/545 kpoint (Cartesian) = 0.037900 0.087525 0.0000 (34830 pws)
       1       -63.6238     0.00367309
       2       -37.9099     0.00367309
       3       -37.8754     0.00367309
       4       -37.7758     0.00367309
       5       -16.3331     0.00367309
       6       -15.5488     0.00367309
       7       -7.92479     0.00367309
       8       -6.88202     0.00367309
       9       -6.50078     0.00367309
      10       -5.95050     0.00367309
      11       -4.90375     0.00367309
      12       -4.02605     0.00367309
      13       -3.61023     0.00367309
      14      -0.818686        0.00000
      15      -0.430557        0.00000
      16      -0.180778        0.00000
      17        1.08147        0.00000
      18        7.11521        0.00000
      19        8.32313        0.00000
      20        9.52017        0.00000
      21        10.3184        0.00000
      22        10.8434        0.00000
      23        11.2444        0.00000

 343/545 kpoint (Cartesian) = 0.047375 0.082055 0.0000 (34809 pws)
       1       -63.6239     0.00367309
       2       -37.9066     0.00367309
       3       -37.8758     0.00367309
       4       -37.7768     0.00367309
       5       -16.3430     0.00367309
       6       -15.5522     0.00367309
       7       -7.91568     0.00367309
       8       -6.87472     0.00367309
       9       -6.44599     0.00367309
      10       -6.00710     0.00367309
      11       -4.93098     0.00367309
      12       -3.98477     0.00367309
      13       -3.59697     0.00367309
      14      -0.829851        0.00000
      15      -0.423173        0.00000
      16      -0.229216        0.00000
      17        1.09200        0.00000
      18        7.12569        0.00000
      19        8.38997        0.00000
      20        9.59566        0.00000
      21        10.2117        0.00000
      22        10.7956        0.00000
      23        11.2077        0.00000

 344/545 kpoint (Cartesian) = 0.056849 0.076585 0.0000 (34830 pws)
       1       -63.6238     0.00367309
       2       -37.9097     0.00367309
       3       -37.8754     0.00367309
       4       -37.7760     0.00367309
       5       -16.3335     0.00367309
       6       -15.5482     0.00367309
       7       -7.92526     0.00367309
       8       -6.88327     0.00367309
       9       -6.49607     0.00367309
      10       -5.95705     0.00367309
      11       -4.90214     0.00367309
      12       -4.02598     0.00367309
      13       -3.60833     0.00367309
      14      -0.818573        0.00000
      15      -0.432040        0.00000
      16      -0.182954        0.00000
      17        1.08379        0.00000
      18        7.11481        0.00000
      19        8.32468        0.00000
      20        9.51702        0.00000
      21        10.3197        0.00000
      22        10.8402        0.00000
      23        11.2444        0.00000

 345/545 kpoint (Cartesian) = 0.066324 0.071114 0.0000 (34829 pws)
       1       -63.6232     0.00367309
       2       -37.9186     0.00367309
       3       -37.8743     0.00367309
       4       -37.7741     0.00367309
       5       -16.3049     0.00367309
       6       -15.5369     0.00367309
       7       -7.95291     0.00367309
       8       -6.90403     0.00367309
       9       -6.60665     0.00367309
      10       -5.84935     0.00367309
      11       -4.82271     0.00367309
      12       -4.13687     0.00367309
      13       -3.64327     0.00367309
      14      -0.787024        0.00000
      15      -0.456966        0.00000
      16     -0.0539401        0.00000
      17        1.05925        0.00000
      18        7.08173        0.00000
      19        8.15210        0.00000
      20        9.36645        0.00000
      21        10.5382        0.00000
      22        10.9635        0.00000
      23        11.3618        0.00000

 346/545 kpoint (Cartesian) = 0.075799 0.065644 0.0000 (34833 pws)
       1       -63.6222     0.00367309
       2       -37.9317     0.00367309
       3       -37.8724     0.00367309
       4       -37.7723     0.00367309
       5       -16.2578     0.00367309
       6       -15.5183     0.00367309
       7       -7.99673     0.00367309
       8       -6.92843     0.00367309
       9       -6.73024     0.00367309
      10       -5.74646     0.00367309
      11       -4.70750     0.00367309
      12       -4.28382     0.00367309
      13       -3.69823     0.00367309
      14      -0.742173        0.00000
      15      -0.495564        0.00000
      16       0.126873        0.00000
      17        1.02628        0.00000
      18        7.02221        0.00000
      19        7.93262        0.00000
      20        9.20927        0.00000
      21        10.7449        0.00000
      22        11.1282        0.00000
      23        11.5687        0.00000

 347/545 kpoint (Cartesian) = 0.085274 0.060174 0.0000 (34839 pws)
       1       -63.6210     0.00367309
       2       -37.9472     0.00367309
       3       -37.8699     0.00367309
       4       -37.7721     0.00367309
       5       -16.1935     0.00367309
       6       -15.4929     0.00367309
       7       -8.05319     0.00367309
       8       -6.94735     0.00367309
       9       -6.85102     0.00367309
      10       -5.69071     0.00367309
      11       -4.57975     0.00367309
      12       -4.42122     0.00367309
      13       -3.76495     0.00367309
      14      -0.699899        0.00000
      15      -0.536159        0.00000
      16       0.316632        0.00000
      17        1.00191        0.00000
      18        6.92356        0.00000
      19        7.73809        0.00000
      20        9.05813        0.00000
      21        10.8780        0.00000
      22        11.2926        0.00000
      23        11.8270        0.00000

 348/545 kpoint (Cartesian) = 0.10422 0.060174 0.0000 (34758 pws)
       1       -63.6163     0.00367309
       2       -37.9952     0.00367309
       3       -37.8605     0.00367309
       4       -37.7818     0.00367309
       5       -15.9429     0.00367309
       6       -15.3924     0.00367309
       7       -8.26517     0.00367309
       8       -7.18443     0.00367309
       9       -6.94809     0.00367309
      10       -5.83582     0.00367309
      11       -4.60611     0.00367309
      12       -4.33585     0.00367309
      13       -3.87459     0.00367309
      14      -0.742728        0.00000
      15      -0.488228        0.00000
      16       0.672906        0.00000
      17        1.10485        0.00000
      18        6.34659        0.00000
      19        7.54608        0.00000
      20        8.63761        0.00000
      21        10.9262        0.00000
      22        11.6516        0.00000
      23        12.3644        0.00000

 349/545 kpoint (Cartesian) = 0.11370 0.054703 0.0000 (34779 pws)
       1       -63.6147     0.00367309
       2       -38.0094     0.00367309
       3       -37.8573     0.00367309
       4       -37.7870     0.00367309
       5       -15.8547     0.00367309
       6       -15.3569     0.00367309
       7       -8.33810     0.00367309
       8       -7.28889     0.00367309
       9       -6.94024     0.00367309
      10       -5.92023     0.00367309
      11       -4.62718     0.00367309
      12       -4.33974     0.00367309
      13       -3.84072     0.00367309
      14      -0.760575        0.00000
      15      -0.453751        0.00000
      16       0.719100        0.00000
      17        1.18626        0.00000
      18        6.11456        0.00000
      19        7.55438        0.00000
      20        8.51268        0.00000
      21        10.9134        0.00000
      22        11.6812        0.00000
      23        12.3423        0.00000

 350/545 kpoint (Cartesian) = 0.12317 0.049233 0.0000 (34767 pws)
       1       -63.6130     0.00367309
       2       -38.0216     0.00367309
       3       -37.8539     0.00367309
       4       -37.7956     0.00367309
       5       -15.7589     0.00367309
       6       -15.3174     0.00367309
       7       -8.39324     0.00367309
       8       -7.40081     0.00367309
       9       -6.92325     0.00367309
      10       -6.03020     0.00367309
      11       -4.62129     0.00367309
      12       -4.46909     0.00367309
      13       -3.74257     0.00367309
      14      -0.761060        0.00000
      15      -0.419221        0.00000
      16       0.695777        0.00000
      17        1.30233        0.00000
      18        5.89544        0.00000
      19        7.61936        0.00000
      20        8.42670        0.00000
      21        10.8932        0.00000
      22        11.6219        0.00000
      23        12.1844        0.00000

 351/545 kpoint (Cartesian) = 0.13265 0.043763 0.0000 (34780 pws)
       1       -63.6112     0.00367309
       2       -38.0311     0.00367309
       3       -37.8504     0.00367309
       4       -37.8078     0.00367309
       5       -15.6588     0.00367309
       6       -15.2747     0.00367309
       7       -8.42425     0.00367309
       8       -7.52697     0.00367309
       9       -6.89917     0.00367309
      10       -6.12841     0.00367309
      11       -4.67677     0.00367309
      12       -4.61499     0.00367309
      13       -3.63594     0.00367309
      14      -0.730701        0.00000
      15      -0.390099        0.00000
      16       0.647772        0.00000
      17        1.40905        0.00000
      18        5.70068        0.00000
      19        7.71213        0.00000
      20        8.39691        0.00000
      21        10.8942        0.00000
      22        11.4626        0.00000
      23        11.9557        0.00000

 352/545 kpoint (Cartesian) = 0.14212 0.038292 0.0000 (34782 pws)
       1       -63.6095     0.00367309
       2       -38.0372     0.00367309
       3       -37.8469     0.00367309
       4       -37.8231     0.00367309
       5       -15.5580     0.00367309
       6       -15.2304     0.00367309
       7       -8.42593     0.00367309
       8       -7.66942     0.00367309
       9       -6.87112     0.00367309
      10       -6.19157     0.00367309
      11       -4.93482     0.00367309
      12       -4.63063     0.00367309
      13       -3.53795     0.00367309
      14      -0.686654        0.00000
      15      -0.349977        0.00000
      16       0.590980        0.00000
      17        1.49776        0.00000
      18        5.53667        0.00000
      19        7.79258        0.00000
      20        8.43381        0.00000
      21        10.9300        0.00000
      22        11.1635        0.00000
      23        11.6964        0.00000

 353/545 kpoint (Cartesian) = 0.15160 0.032822 0.0000 (34780 pws)
       1       -63.6079     0.00367309
       2       -38.0397     0.00367309
       3       -37.8437     0.00367309
       4       -37.8411     0.00367309
       5       -15.4604     0.00367309
       6       -15.1860     0.00367309
       7       -8.39417     0.00367309
       8       -7.82303     0.00367309
       9       -6.84305     0.00367309
      10       -6.21192     0.00367309
      11       -5.23261     0.00367309
      12       -4.67245     0.00367309
      13       -3.44471     0.00367309
      14      -0.679027        0.00000
      15      -0.258835        0.00000
      16       0.529406        0.00000
      17        1.57465        0.00000
      18        5.40698        0.00000
      19        7.80398        0.00000
      20        8.53844        0.00000
      21        10.7593        0.00000
      22        10.9971        0.00000
      23        11.5276        0.00000

 354/545 kpoint (Cartesian) = 0.16107 0.027352 0.0000 (34791 pws)
       1       -63.6064     0.00367309
       2       -38.0385     0.00367309
       3       -37.8612     0.00367309
       4       -37.8406     0.00367309
       5       -15.3698     0.00367309
       6       -15.1433     0.00367309
       7       -8.32607     0.00367309
       8       -7.97735     0.00367309
       9       -6.81975     0.00367309
      10       -6.19245     0.00367309
      11       -5.55438     0.00367309
      12       -4.74120     0.00367309
      13       -3.34831     0.00367309
      14      -0.733196        0.00000
      15      -0.105992        0.00000
      16       0.465106        0.00000
      17        1.64703        0.00000
      18        5.31324        0.00000
      19        7.68077        0.00000
      20        8.70467        0.00000
      21        10.4420        0.00000
      22        11.0643        0.00000
      23        11.4199        0.00000

 355/545 kpoint (Cartesian) = 0.17055 0.021881 0.0000 (34785 pws)
       1       -63.6051     0.00367309
       2       -38.0335     0.00367309
       3       -37.8827     0.00367309
       4       -37.8380     0.00367309
       5       -15.2899     0.00367309
       6       -15.1044     0.00367309
       7       -8.22031     0.00367309
       8       -8.12062     0.00367309
       9       -6.80807     0.00367309
      10       -6.14150     0.00367309
      11       -5.88138     0.00367309
      12       -4.83162     0.00367309
      13       -3.24456     0.00367309
      14      -0.831833        0.00000
      15      0.0774265        0.00000
      16       0.401658        0.00000
      17        1.71736        0.00000
      18        5.25547        0.00000
      19        7.40319        0.00000
      20        8.92340        0.00000
      21        10.3226        0.00000
      22        11.0821        0.00000
      23        11.3433        0.00000

 356/545 kpoint (Cartesian) = 0.18002 0.016411 0.0000 (34773 pws)
       1       -63.6040     0.00367309
       2       -38.0251     0.00367309
       3       -37.9047     0.00367309
       4       -37.8358     0.00367309
       5       -15.2240     0.00367309
       6       -15.0714     0.00367309
       7       -8.24263     0.00367309
       8       -8.07756     0.00367309
       9       -6.82242     0.00367309
      10       -6.18662     0.00367309
      11       -6.06957     0.00367309
      12       -4.93435     0.00367309
      13       -3.13633     0.00367309
      14      -0.952198        0.00000
      15       0.258986        0.00000
      16       0.344627        0.00000
      17        1.78265        0.00000
      18        5.23204        0.00000
      19        7.04035        0.00000
      20        9.18505        0.00000
      21        10.3857        0.00000
      22        10.9957        0.00000
      23        11.2871        0.00000

 357/545 kpoint (Cartesian) = 0.18950 0.010941 0.0000 (34753 pws)
       1       -63.6032     0.00367309
       2       -38.0139     0.00367309
       3       -37.9260     0.00367309
       4       -37.8342     0.00367309
       5       -15.1747     0.00367309
       6       -15.0463     0.00367309
       7       -8.33506     0.00367309
       8       -7.90322     0.00367309
       9       -6.89902     0.00367309
      10       -6.41780     0.00367309
      11       -5.99149     0.00367309
      12       -5.03557     0.00367309
      13       -3.03488     0.00367309
      14       -1.07055        0.00000
      15       0.297373        0.00000
      16       0.414211        0.00000
      17        1.83679        0.00000
      18        5.23807        0.00000
      19        6.69293        0.00000
      20        9.47915        0.00000
      21        10.5642        0.00000
      22        10.7953        0.00000
      23        11.2470        0.00000

 358/545 kpoint (Cartesian) = 0.19897 0.0054703 0.0000 (34719 pws)
       1       -63.6027     0.00367309
       2       -38.0018     0.00367309
       3       -37.9443     0.00367309
       4       -37.8332     0.00367309
       5       -15.1442     0.00367309
       6       -15.0307     0.00367309
       7       -8.39239     0.00367309
       8       -7.71588     0.00367309
       9       -7.06056     0.00367309
      10       -6.52665     0.00367309
      11       -5.92645     0.00367309
      12       -5.11499     0.00367309
      13       -2.95934     0.00367309
      14       -1.15966        0.00000
      15       0.267730        0.00000
      16       0.517148        0.00000
      17        1.87334        0.00000
      18        5.26066        0.00000
      19        6.44196        0.00000
      20        9.78795        0.00000
      21        10.5232        0.00000
      22        10.8030        0.00000
      23        11.2148        0.00000

 359/545 kpoint (Cartesian) = 0.20845 0.0000 0.0000 (34710 pws)
       1       -63.6025     0.00367309
       2       -37.9954     0.00367309
       3       -37.9529     0.00367309
       4       -37.8328     0.00367309
       5       -15.1337     0.00367309
       6       -15.0257     0.00367309
       7       -8.41128     0.00367309
       8       -7.60484     0.00367309
       9       -7.17486     0.00367309
      10       -6.55139     0.00367309
      11       -5.89973     0.00367309
      12       -5.14689     0.00367309
      13       -2.93085     0.00367309
      14       -1.19355        0.00000
      15       0.256925        0.00000
      16       0.552993        0.00000
      17        1.88764        0.00000
      18        5.27496        0.00000
      19        6.34868        0.00000
      20        10.0042        0.00000
      21        10.3152        0.00000
      22        11.0397        0.00000
      23        11.0850        0.00000

 360/545 kpoint (Cartesian) = 0.21792 -0.0054703 0.0000 (34719 pws)
       1       -63.6027     0.00367309
       2       -38.0024     0.00367309
       3       -37.9437     0.00367309
       4       -37.8332     0.00367309
       5       -15.1437     0.00367309
       6       -15.0317     0.00367309
       7       -8.39064     0.00367309
       8       -7.71602     0.00367309
       9       -7.06204     0.00367309
      10       -6.52445     0.00367309
      11       -5.92550     0.00367309
      12       -5.11689     0.00367309
      13       -2.95937     0.00367309
      14       -1.16066        0.00000
      15       0.266102        0.00000
      16       0.515468        0.00000
      17        1.87795        0.00000
      18        5.26402        0.00000
      19        6.44132        0.00000
      20        9.78854        0.00000
      21        10.5210        0.00000
      22        10.8015        0.00000
      23        11.2117        0.00000

 361/545 kpoint (Cartesian) = 0.22740 -0.010941 0.0000 (34753 pws)
       1       -63.6032     0.00367309
       2       -38.0147     0.00367309
       3       -37.9253     0.00367309
       4       -37.8341     0.00367309
       5       -15.1736     0.00367309
       6       -15.0481     0.00367309
       7       -8.33165     0.00367309
       8       -7.90373     0.00367309
       9       -6.90076     0.00367309
      10       -6.41437     0.00367309
      11       -5.99017     0.00367309
      12       -5.03873     0.00367309
      13       -3.03516     0.00367309
      14       -1.07232        0.00000
      15       0.294031        0.00000
      16       0.411142        0.00000
      17        1.84584        0.00000
      18        5.24394        0.00000
      19        6.69218        0.00000
      20        9.47868        0.00000
      21        10.5629        0.00000
      22        10.7929        0.00000
      23        11.2418        0.00000

 362/545 kpoint (Cartesian) = 0.23687 -0.016411 0.0000 (34773 pws)
       1       -63.6040     0.00367309
       2       -38.0260     0.00367309
       3       -37.9040     0.00367309
       4       -37.8357     0.00367309
       5       -15.2223     0.00367309
       6       -15.0740     0.00367309
       7       -8.23775     0.00367309
       8       -8.07835     0.00367309
       9       -6.82253     0.00367309
      10       -6.18384     0.00367309
      11       -6.06848     0.00367309
      12       -4.93809     0.00367309
      13       -3.13717     0.00367309
      14      -0.954419        0.00000
      15       0.254765        0.00000
      16       0.339725        0.00000
      17        1.79577        0.00000
      18        5.23956        0.00000
      19        7.03985        0.00000
      20        9.18353        0.00000
      21        10.3845        0.00000
      22        10.9943        0.00000
      23        11.2800        0.00000

 363/545 kpoint (Cartesian) = 0.24635 -0.021881 0.0000 (34785 pws)
       1       -63.6050     0.00367309
       2       -38.0345     0.00367309
       3       -37.8820     0.00367309
       4       -37.8379     0.00367309
       5       -15.2879     0.00367309
       6       -15.1077     0.00367309
       7       -8.22130     0.00367309
       8       -8.11450     0.00367309
       9       -6.80636     0.00367309
      10       -6.14036     0.00367309
      11       -5.88003     0.00367309
      12       -4.83548     0.00367309
      13       -3.24626     0.00367309
      14      -0.834216        0.00000
      15      0.0728559        0.00000
      16       0.394991        0.00000
      17        1.73388        0.00000
      18        5.26396        0.00000
      19        7.40304        0.00000
      20        8.92108        0.00000
      21        10.3211        0.00000
      22        11.0820        0.00000
      23        11.3346        0.00000

 364/545 kpoint (Cartesian) = 0.25582 -0.027352 0.0000 (34791 pws)
       1       -63.6063     0.00367309
       2       -38.0395     0.00367309
       3       -37.8605     0.00367309
       4       -37.8405     0.00367309
       5       -15.3675     0.00367309
       6       -15.1471     0.00367309
       7       -8.32712     0.00367309
       8       -7.97044     0.00367309
       9       -6.81667     0.00367309
      10       -6.19151     0.00367309
      11       -5.55382     0.00367309
      12       -4.74487     0.00367309
      13       -3.35114     0.00367309
      14      -0.735543        0.00000
      15      -0.110370        0.00000
      16       0.457051        0.00000
      17        1.66590        0.00000
      18        5.32211        0.00000
      19        7.68105        0.00000
      20        8.70199        0.00000
      21        10.4393        0.00000
      22        11.0646        0.00000
      23        11.4108        0.00000

 365/545 kpoint (Cartesian) = 0.047375 -0.14770 0.0000 (34780 pws)
       1       -63.6078     0.00367309
       2       -38.0407     0.00367309
       3       -37.8436     0.00367309
       4       -37.8404     0.00367309
       5       -15.4578     0.00367309
       6       -15.1901     0.00367309
       7       -8.39517     0.00367309
       8       -7.81587     0.00367309
       9       -6.83896     0.00367309
      10       -6.21080     0.00367309
      11       -5.23263     0.00367309
      12       -4.67577     0.00367309
      13       -3.44897     0.00367309
      14      -0.681260        0.00000
      15      -0.262373        0.00000
      16       0.520681        0.00000
      17        1.59437        0.00000
      18        5.41573        0.00000
      19        7.80462        0.00000
      20        8.53596        0.00000
      21        10.7538        0.00000
      22        10.9971        0.00000
      23        11.5199        0.00000

 366/545 kpoint (Cartesian) = 0.037900 -0.14223 0.0000 (34782 pws)
       1       -63.6095     0.00367309
       2       -38.0382     0.00367309
       3       -37.8468     0.00367309
       4       -37.8224     0.00367309
       5       -15.5553     0.00367309
       6       -15.2347     0.00367309
       7       -8.42680     0.00367309
       8       -7.66274     0.00367309
       9       -6.86632     0.00367309
      10       -6.18966     0.00367309
      11       -4.93511     0.00367309
      12       -4.63360     0.00367309
      13       -3.54396     0.00367309
      14      -0.688637        0.00000
      15      -0.352214        0.00000
      16       0.582720        0.00000
      17        1.51644        0.00000
      18        5.54488        0.00000
      19        7.79334        0.00000
      20        8.43215        0.00000
      21        10.9311        0.00000
      22        11.1512        0.00000
      23        11.6927        0.00000

 367/545 kpoint (Cartesian) = 0.028425 -0.13676 0.0000 (34780 pws)
       1       -63.6112     0.00367309
       2       -38.0320     0.00367309
       3       -37.8503     0.00367309
       4       -37.8072     0.00367309
       5       -15.6561     0.00367309
       6       -15.2790     0.00367309
       7       -8.42491     0.00367309
       8       -7.52152     0.00367309
       9       -6.89392     0.00367309
      10       -6.12497     0.00367309
      11       -4.67657     0.00367309
      12       -4.61809     0.00367309
      13       -3.64402     0.00367309
      14      -0.731942        0.00000
      15      -0.391159        0.00000
      16       0.641459        0.00000
      17        1.42458        0.00000
      18        5.70803        0.00000
      19        7.71263        0.00000
      20        8.39658        0.00000
      21        10.8957        0.00000
      22        11.4458        0.00000
      23        11.9550        0.00000

 368/545 kpoint (Cartesian) = 0.018950 -0.13129 0.0000 (34767 pws)
       1       -63.6129     0.00367309
       2       -38.0226     0.00367309
       3       -37.8538     0.00367309
       4       -37.7951     0.00367309
       5       -15.7562     0.00367309
       6       -15.3215     0.00367309
       7       -8.39364     0.00367309
       8       -7.39717     0.00367309
       9       -6.91779     0.00367309
      10       -6.02460     0.00367309
      11       -4.62371     0.00367309
      12       -4.46897     0.00367309
      13       -3.75294     0.00367309
      14      -0.761366        0.00000
      15      -0.419262        0.00000
      16       0.693310        0.00000
      17        1.31240        0.00000
      18        5.90177        0.00000
      19        7.61922        0.00000
      20        8.42800        0.00000
      21        10.8958        0.00000
      22        11.6058        0.00000
      23        12.1837        0.00000

 369/545 kpoint (Cartesian) = 0.0094749 -0.12582 0.0000 (34779 pws)
       1       -63.6146     0.00367309
       2       -38.0103     0.00367309
       3       -37.8572     0.00367309
       4       -37.7864     0.00367309
       5       -15.8522     0.00367309
       6       -15.3608     0.00367309
       7       -8.33822     0.00367309
       8       -7.28728     0.00367309
       9       -6.93477     0.00367309
      10       -5.91220     0.00367309
      11       -4.63010     0.00367309
      12       -4.33861     0.00367309
      13       -3.85302     0.00367309
      14      -0.760342        0.00000
      15      -0.452685        0.00000
      16       0.723219        0.00000
      17        1.18800        0.00000
      18        6.11986        0.00000
      19        7.55330        0.00000
      20        8.51554        0.00000
      21        10.9175        0.00000
      22        11.6685        0.00000
      23        12.3421        0.00000

 370/545 kpoint (Cartesian) = 0.0000 0.12035 0.0000 (34758 pws)
       1       -63.6162     0.00367309
       2       -37.9960     0.00367309
       3       -37.8604     0.00367309
       4       -37.7813     0.00367309
       5       -15.9407     0.00367309
       6       -15.3959     0.00367309
       7       -8.26503     0.00367309
       8       -7.18479     0.00367309
       9       -6.94282     0.00367309
      10       -5.82569     0.00367309
      11       -4.60955     0.00367309
      12       -4.33613     0.00367309
      13       -3.88568     0.00367309
      14      -0.742730        0.00000
      15      -0.485812        0.00000
      16       0.684508        0.00000
      17        1.09747        0.00000
      18        6.35104        0.00000
      19        7.54391        0.00000
      20        8.64161        0.00000
      21        10.9317        0.00000
      22        11.6434        0.00000
      23        12.3603        0.00000

 371/545 kpoint (Cartesian) = 0.0094749 0.11488 0.0000 (34811 pws)
       1       -63.6177     0.00367309
       2       -37.9804     0.00367309
       3       -37.8633     0.00367309
       4       -37.7794     0.00367309
       5       -16.0188     0.00367309
       6       -15.4260     0.00367309
       7       -8.18169     0.00367309
       8       -7.08244     0.00367309
       9       -6.94123     0.00367309
      10       -5.80150     0.00367309
      11       -4.53568     0.00367309
      12       -4.45564     0.00367309
      13       -3.84032     0.00367309
      14      -0.737884        0.00000
      15      -0.500166        0.00000
      16       0.537327        0.00000
      17        1.08775        0.00000
      18        6.57561        0.00000
      19        7.61212        0.00000
      20        8.78886        0.00000
      21        10.9050        0.00000
      22        11.5496        0.00000
      23        12.1319        0.00000

 372/545 kpoint (Cartesian) = 0.018950 0.10941 0.0000 (34789 pws)
       1       -63.6189     0.00367309
       2       -37.9648     0.00367309
       3       -37.8657     0.00367309
       4       -37.7804     0.00367309
       5       -16.0843     0.00367309
       6       -15.4506     0.00367309
       7       -8.09710     0.00367309
       8       -6.97585     0.00367309
       9       -6.93092     0.00367309
      10       -5.84781     0.00367309
      11       -4.61869     0.00367309
      12       -4.40786     0.00367309
      13       -3.77684     0.00367309
      14      -0.762728        0.00000
      15      -0.486113        0.00000
      16       0.331292        0.00000
      17        1.12362        0.00000
      18        6.76706        0.00000
      19        7.76726        0.00000
      20        8.94559        0.00000
      21        10.8114        0.00000
      22        11.3841        0.00000
      23        11.8416        0.00000

 373/545 kpoint (Cartesian) = 0.028425 0.10394 0.0000 (34822 pws)
       1       -63.6199     0.00367309
       2       -37.9505     0.00367309
       3       -37.8676     0.00367309
       4       -37.7832     0.00367309
       5       -16.1351     0.00367309
       6       -15.4692     0.00367309
       7       -8.02114     0.00367309
       8       -6.91490     0.00367309
       9       -6.86533     0.00367309
      10       -5.94246     0.00367309
      11       -4.77372     0.00367309
      12       -4.26024     0.00367309
      13       -3.72276     0.00367309
      14      -0.802555        0.00000
      15      -0.459753        0.00000
      16       0.124590        0.00000
      17        1.16749        0.00000
      18        6.90716        0.00000
      19        7.98984        0.00000
      20        9.10495        0.00000
      21        10.6425        0.00000
      22        11.1465        0.00000
      23        11.5925        0.00000

 374/545 kpoint (Cartesian) = 0.037900 0.098466 0.0000 (34838 pws)
       1       -63.6205     0.00367309
       2       -37.9393     0.00367309
       3       -37.8689     0.00367309
       4       -37.7865     0.00367309
       5       -16.1698     0.00367309
       6       -15.4817     0.00367309
       7       -7.96363     0.00367309
       8       -6.89834     0.00367309
       9       -6.75938     0.00367309
      10       -6.05191     0.00367309
      11       -4.89393     0.00367309
      12       -4.13188     0.00367309
      13       -3.68514     0.00367309
      14      -0.838156        0.00000
      15      -0.437267        0.00000
      16     -0.0417232        0.00000
      17        1.20320        0.00000
      18        6.99536        0.00000
      19        8.22025        0.00000
      20        9.25628        0.00000
      21        10.4351        0.00000
      22        10.9112        0.00000
      23        11.4358        0.00000

 375/545 kpoint (Cartesian) = 0.047375 0.092996 0.0000 (34845 pws)
       1       -63.6208     0.00367309
       2       -37.9330     0.00367309
       3       -37.8696     0.00367309
       4       -37.7888     0.00367309
       5       -16.1875     0.00367309
       6       -15.4877     0.00367309
       7       -7.93265     0.00367309
       8       -6.88796     0.00367309
       9       -6.68353     0.00367309
      10       -6.13390     0.00367309
      11       -4.95926     0.00367309
      12       -4.05731     0.00367309
      13       -3.66574     0.00367309
      14      -0.858397        0.00000
      15      -0.425402        0.00000
      16      -0.135263        0.00000
      17        1.22319        0.00000
      18        7.03754        0.00000
      19        8.37261        0.00000
      20        9.36430        0.00000
      21        10.2799        0.00000
      22        10.7647        0.00000
      23        11.3645        0.00000

 376/545 kpoint (Cartesian) = 0.056849 0.087525 0.0000 (34845 pws)
       1       -63.6209     0.00367309
       2       -37.9329     0.00367309
       3       -37.8696     0.00367309
       4       -37.7889     0.00367309
       5       -16.1878     0.00367309
       6       -15.4874     0.00367309
       7       -7.93278     0.00367309
       8       -6.88876     0.00367309
       9       -6.68151     0.00367309
      10       -6.13697     0.00367309
      11       -4.95822     0.00367309
      12       -4.05707     0.00367309
      13       -3.66503     0.00367309
      14      -0.858320        0.00000
      15      -0.426044        0.00000
      16      -0.136351        0.00000
      17        1.22412        0.00000
      18        7.03706        0.00000
      19        8.37360        0.00000
      20        9.36283        0.00000
      21        10.2805        0.00000
      22        10.7635        0.00000
      23        11.3645        0.00000

 377/545 kpoint (Cartesian) = 0.066324 0.082055 0.0000 (34838 pws)
       1       -63.6205     0.00367309
       2       -37.9390     0.00367309
       3       -37.8689     0.00367309
       4       -37.7867     0.00367309
       5       -16.1705     0.00367309
       6       -15.4806     0.00367309
       7       -7.96398     0.00367309
       8       -6.90062     0.00367309
       9       -6.75515     0.00367309
      10       -6.05929     0.00367309
      11       -4.89103     0.00367309
      12       -4.13108     0.00367309
      13       -3.68299     0.00367309
      14      -0.837889        0.00000
      15      -0.439141        0.00000
      16     -0.0451199        0.00000
      17        1.20607        0.00000
      18        6.99390        0.00000
      19        8.22290        0.00000
      20        9.25283        0.00000
      21        10.4355        0.00000
      22        10.9080        0.00000
      23        11.4362        0.00000

 378/545 kpoint (Cartesian) = 0.075799 0.076585 0.0000 (34822 pws)
       1       -63.6199     0.00367309
       2       -37.9500     0.00367309
       3       -37.8677     0.00367309
       4       -37.7835     0.00367309
       5       -16.1362     0.00367309
       6       -15.4675     0.00367309
       7       -8.02162     0.00367309
       8       -6.91840     0.00367309
       9       -6.86096     0.00367309
      10       -5.95208     0.00367309
      11       -4.76956     0.00367309
      12       -4.25873     0.00367309
      13       -3.71912     0.00367309
      14      -0.802016        0.00000
      15      -0.462716        0.00000
      16       0.118541        0.00000
      17        1.17248        0.00000
      18        6.90473        0.00000
      19        7.99349        0.00000
      20        9.10060        0.00000
      21        10.6408        0.00000
      22        11.1422        0.00000
      23        11.5944        0.00000

 379/545 kpoint (Cartesian) = 0.085274 0.071114 0.0000 (34789 pws)
       1       -63.6189     0.00367309
       2       -37.9642     0.00367309
       3       -37.8658     0.00367309
       4       -37.7808     0.00367309
       5       -16.0858     0.00367309
       6       -15.4482     0.00367309
       7       -8.09758     0.00367309
       8       -6.97250     0.00367309
       9       -6.93512     0.00367309
      10       -5.85865     0.00367309
      11       -4.61409     0.00367309
      12       -4.40561     0.00367309
      13       -3.77146     0.00367309
      14      -0.761904        0.00000
      15      -0.489843        0.00000
      16       0.322131        0.00000
      17        1.13097        0.00000
      18        6.76382        0.00000
      19        7.77110        0.00000
      20        8.94089        0.00000
      21        10.8070        0.00000
      22        11.3819        0.00000
      23        11.8455        0.00000

 380/545 kpoint (Cartesian) = 0.094749 0.065644 0.0000 (34811 pws)
       1       -63.6177     0.00367309
       2       -37.9797     0.00367309
       3       -37.8633     0.00367309
       4       -37.7799     0.00367309
       5       -16.0208     0.00367309
       6       -15.4231     0.00367309
       7       -8.18205     0.00367309
       8       -7.08038     0.00367309
       9       -6.94611     0.00367309
      10       -5.81262     0.00367309
      11       -4.53182     0.00367309
      12       -4.45304     0.00367309
      13       -3.83255     0.00367309
      14      -0.737188        0.00000
      15      -0.503795        0.00000
      16       0.525089        0.00000
      17        1.09713        0.00000
      18        6.57178        0.00000
      19        7.61534        0.00000
      20        8.78426        0.00000
      21        10.8993        0.00000
      22        11.5527        0.00000
      23        12.1368        0.00000

 381/545 kpoint (Cartesian) = 0.11370 0.065644 0.0000 (34772 pws)
       1       -63.6134     0.00367309
       2       -38.0233     0.00367309
       3       -37.8548     0.00367309
       4       -37.7884     0.00367309
       5       -15.7826     0.00367309
       6       -15.3286     0.00367309
       7       -8.42561     0.00367309
       8       -7.38014     0.00367309
       9       -6.94946     0.00367309
      10       -5.94037     0.00367309
      11       -4.68957     0.00367309
      12       -4.21387     0.00367309
      13       -3.86394     0.00367309
      14      -0.770301        0.00000
      15      -0.424535        0.00000
      16       0.872955        0.00000
      17        1.17458        0.00000
      18        5.87151        0.00000
      19        7.49923        0.00000
      20        8.37219        0.00000
      21        10.9453        0.00000
      22        11.6887        0.00000
      23        12.5112        0.00000

 382/545 kpoint (Cartesian) = 0.12317 0.060174 0.0000 (34751 pws)
       1       -63.6120     0.00367309
       2       -38.0352     0.00367309
       3       -37.8520     0.00367309
       4       -37.7932     0.00367309
       5       -15.7030     0.00367309
       6       -15.2968     0.00367309
       7       -8.49358     0.00367309
       8       -7.47293     0.00367309
       9       -6.95031     0.00367309
      10       -6.00707     0.00367309
      11       -4.70798     0.00367309
      12       -4.24685     0.00367309
      13       -3.79008     0.00367309
      14      -0.772899        0.00000
      15      -0.391433        0.00000
      16       0.900905        0.00000
      17        1.25293        0.00000
      18        5.64569        0.00000
      19        7.51259        0.00000
      20        8.26591        0.00000
      21        10.9563        0.00000
      22        11.6389        0.00000
      23        12.3501        0.00000

 383/545 kpoint (Cartesian) = 0.13265 0.054703 0.0000 (34745 pws)
       1       -63.6106     0.00367309
       2       -38.0444     0.00367309
       3       -37.8492     0.00367309
       4       -37.8017     0.00367309
       5       -15.6189     0.00367309
       6       -15.2617     0.00367309
       7       -8.53534     0.00367309
       8       -7.57464     0.00367309
       9       -6.94332     0.00367309
      10       -6.08740     0.00367309
      11       -4.70727     0.00367309
      12       -4.40629     0.00367309
      13       -3.66535     0.00367309
      14      -0.754013        0.00000
      15      -0.360073        0.00000
      16       0.861380        0.00000
      17        1.35580        0.00000
      18        5.44946        0.00000
      19        7.57646        0.00000
      20        8.21554        0.00000
      21        10.9665        0.00000
      22        11.5386        0.00000
      23        12.0965        0.00000

 384/545 kpoint (Cartesian) = 0.14212 0.049233 0.0000 (34772 pws)
       1       -63.6091     0.00367309
       2       -38.0503     0.00367309
       3       -37.8463     0.00367309
       4       -37.8137     0.00367309
       5       -15.5334     0.00367309
       6       -15.2245     0.00367309
       7       -8.54558     0.00367309
       8       -7.68933     0.00367309
       9       -6.93008     0.00367309
      10       -6.15292     0.00367309
      11       -4.71039     0.00367309
      12       -4.63453     0.00367309
      13       -3.54861     0.00367309
      14      -0.717253        0.00000
      15      -0.324119        0.00000
      16       0.797598        0.00000
      17        1.44326        0.00000
      18        5.28970        0.00000
      19        7.66529        0.00000
      20        8.23473        0.00000
      21        10.9899        0.00000
      22        11.3700        0.00000
      23        11.7778        0.00000

 385/545 kpoint (Cartesian) = 0.15160 0.043763 0.0000 (34769 pws)
       1       -63.6077     0.00367309
       2       -38.0526     0.00367309
       3       -37.8434     0.00367309
       4       -37.8289     0.00367309
       5       -15.4496     0.00367309
       6       -15.1863     0.00367309
       7       -8.52044     0.00367309
       8       -7.81639     0.00367309
       9       -6.91311     0.00367309
      10       -6.18721     0.00367309
      11       -4.91481     0.00367309
      12       -4.72885     0.00367309
      13       -3.44662     0.00367309
      14      -0.694659        0.00000
      15      -0.257594        0.00000
      16       0.718333        0.00000
      17        1.51712        0.00000
      18        5.17039        0.00000
      19        7.73987        0.00000
      20        8.32681        0.00000
      21        11.0202        0.00000
      22        11.0450        0.00000
      23        11.5527        0.00000

 386/545 kpoint (Cartesian) = 0.16107 0.038292 0.0000 (34773 pws)
       1       -63.6064     0.00367309
       2       -38.0511     0.00367309
       3       -37.8470     0.00367309
       4       -37.8408     0.00367309
       5       -15.3709     0.00367309
       6       -15.1486     0.00367309
       7       -8.45751     0.00367309
       8       -7.94973     0.00367309
       9       -6.89569     0.00367309
      10       -6.18599     0.00367309
      11       -5.22961     0.00367309
      12       -4.77080     0.00367309
      13       -3.35256     0.00367309
      14      -0.720886        0.00000
      15      -0.138179        0.00000
      16       0.626944        0.00000
      17        1.58744        0.00000
      18        5.09374        0.00000
      19        7.74242        0.00000
      20        8.48578        0.00000
      21        10.6257        0.00000
      22        11.0719        0.00000
      23        11.4479        0.00000

 387/545 kpoint (Cartesian) = 0.17055 0.032822 0.0000 (34785 pws)
       1       -63.6053     0.00367309
       2       -38.0459     0.00367309
       3       -37.8672     0.00367309
       4       -37.8384     0.00367309
       5       -15.3003     0.00367309
       6       -15.1133     0.00367309
       7       -8.35606     0.00367309
       8       -8.07991     0.00367309
       9       -6.88205     0.00367309
      10       -6.15323     0.00367309
      11       -5.56345     0.00367309
      12       -4.83361     0.00367309
      13       -3.25963     0.00367309
      14      -0.795314        0.00000
      15      0.0202959        0.00000
      16       0.529962        0.00000
      17        1.65930        0.00000
      18        5.06062        0.00000
      19        7.60833        0.00000
      20        8.70067        0.00000
      21        10.3396        0.00000
      22        11.0905        0.00000
      23        11.3891        0.00000

 388/545 kpoint (Cartesian) = 0.18002 0.027352 0.0000 (34757 pws)
       1       -63.6043     0.00367309
       2       -38.0371     0.00367309
       3       -37.8886     0.00367309
       4       -37.8364     0.00367309
       5       -15.2404     0.00367309
       6       -15.0821     0.00367309
       7       -8.21795     0.00367309
       8       -8.19678     0.00367309
       9       -6.87852     0.00367309
      10       -6.09755     0.00367309
      11       -5.89572     0.00367309
      12       -4.91151     0.00367309
      13       -3.16598     0.00367309
      14      -0.898581        0.00000
      15       0.188574        0.00000
      16       0.436940        0.00000
      17        1.73059        0.00000
      18        5.07039        0.00000
      19        7.32594        0.00000
      20        8.95915        0.00000
      21        10.2623        0.00000
      22        11.0510        0.00000
      23        11.3519        0.00000

 389/545 kpoint (Cartesian) = 0.18950 0.021881 0.0000 (34730 pws)
       1       -63.6035     0.00367309
       2       -38.0254     0.00367309
       3       -37.9103     0.00367309
       4       -37.8348     0.00367309
       5       -15.1934     0.00367309
       6       -15.0568     0.00367309
       7       -8.29230     0.00367309
       8       -8.04852     0.00367309
       9       -6.89749     0.00367309
      10       -6.19815     0.00367309
      11       -6.03010     0.00367309
      12       -4.99463     0.00367309
      13       -3.07641     0.00367309
      14       -1.00908        0.00000
      15       0.338041        0.00000
      16       0.360340        0.00000
      17        1.79462        0.00000
      18        5.11922        0.00000
      19        6.97064        0.00000
      20        9.24763        0.00000
      21        10.3625        0.00000
      22        10.9275        0.00000
      23        11.3271        0.00000

 390/545 kpoint (Cartesian) = 0.19897 0.016411 0.0000 (34736 pws)
       1       -63.6030     0.00367309
       2       -38.0122     0.00367309
       3       -37.9304     0.00367309
       4       -37.8338     0.00367309
       5       -15.1611     0.00367309
       6       -15.0392     0.00367309
       7       -8.35918     0.00367309
       8       -7.86469     0.00367309
       9       -6.96194     0.00367309
      10       -6.42291     0.00367309
      11       -5.96685     0.00367309
      12       -5.06858     0.00367309
      13       -3.00238     0.00367309
      14       -1.10364        0.00000
      15       0.299105        0.00000
      16       0.456577        0.00000
      17        1.84354        0.00000
      18        5.19411        0.00000
      19        6.64474        0.00000
      20        9.54465        0.00000
      21        10.5685        0.00000
      22        10.7274        0.00000
      23        11.3047        0.00000

 391/545 kpoint (Cartesian) = 0.20845 0.010941 0.0000 (34719 pws)
       1       -63.6027     0.00367309
       2       -38.0014     0.00367309
       3       -37.9446     0.00367309
       4       -37.8332     0.00367309
       5       -15.1445     0.00367309
       6       -15.0303     0.00367309
       7       -8.39329     0.00367309
       8       -7.71618     0.00367309
       9       -7.05909     0.00367309
      10       -6.52812     0.00367309
      11       -5.92643     0.00367309
      12       -5.11453     0.00367309
      13       -2.95936     0.00367309
      14       -1.15914        0.00000
      15       0.268727        0.00000
      16       0.518052        0.00000
      17        1.87089        0.00000
      18        5.25952        0.00000
      19        6.44166        0.00000
      20        9.78801        0.00000
      21        10.5242        0.00000
      22        10.8027        0.00000
      23        11.2192        0.00000

 392/545 kpoint (Cartesian) = 0.21792 0.0054703 0.0000 (34719 pws)
       1       -63.6027     0.00367309
       2       -38.0018     0.00367309
       3       -37.9443     0.00367309
       4       -37.8332     0.00367309
       5       -15.1442     0.00367309
       6       -15.0308     0.00367309
       7       -8.39245     0.00367309
       8       -7.71662     0.00367309
       9       -7.05902     0.00367309
      10       -6.52747     0.00367309
      11       -5.92551     0.00367309
      12       -5.11592     0.00367309
      13       -2.95943     0.00367309
      14       -1.15963        0.00000
      15       0.268125        0.00000
      16       0.517276        0.00000
      17        1.87304        0.00000
      18        5.26177        0.00000
      19        6.44066        0.00000
      20        9.78854        0.00000
      21        10.5231        0.00000
      22        10.8008        0.00000
      23        11.2206        0.00000

 393/545 kpoint (Cartesian) = 0.22740 0.0000 0.0000 (34736 pws)
       1       -63.6030     0.00367309
       2       -38.0129     0.00367309
       3       -37.9297     0.00367309
       4       -37.8337     0.00367309
       5       -15.1602     0.00367309
       6       -15.0406     0.00367309
       7       -8.35670     0.00367309
       8       -7.86572     0.00367309
       9       -6.96159     0.00367309
      10       -6.42139     0.00367309
      11       -5.96453     0.00367309
      12       -5.07226     0.00367309
      13       -3.00267     0.00367309
      14       -1.10502        0.00000
      15       0.297213        0.00000
      16       0.454378        0.00000
      17        1.84996        0.00000
      18        5.19994        0.00000
      19        6.64256        0.00000
      20        9.54500        0.00000
      21        10.5664        0.00000
      22        10.7254        0.00000
      23        11.3011        0.00000

 394/545 kpoint (Cartesian) = 0.23687 -0.0054703 0.0000 (34730 pws)
       1       -63.6035     0.00367309
       2       -38.0262     0.00367309
       3       -37.9096     0.00367309
       4       -37.8348     0.00367309
       5       -15.1919     0.00367309
       6       -15.0592     0.00367309
       7       -8.28831     0.00367309
       8       -8.04986     0.00367309
       9       -6.89626     0.00367309
      10       -6.19657     0.00367309
      11       -6.02725     0.00367309
      12       -4.99966     0.00367309
      13       -3.07715     0.00367309
      14       -1.01110        0.00000
      15       0.334149        0.00000
      16       0.357544        0.00000
      17        1.80514        0.00000
      18        5.12725        0.00000
      19        6.96828        0.00000
      20        9.24721        0.00000
      21        10.3607        0.00000
      22        10.9262        0.00000
      23        11.3203        0.00000

 395/545 kpoint (Cartesian) = 0.24635 -0.010941 0.0000 (34757 pws)
       1       -63.6043     0.00367309
       2       -38.0380     0.00367309
       3       -37.8879     0.00367309
       4       -37.8363     0.00367309
       5       -15.2384     0.00367309
       6       -15.0852     0.00367309
       7       -8.21961     0.00367309
       8       -8.19135     0.00367309
       9       -6.87621     0.00367309
      10       -6.09434     0.00367309
      11       -5.89481     0.00367309
      12       -4.91709     0.00367309
      13       -3.16743     0.00367309
      14      -0.900982        0.00000
      15       0.184399        0.00000
      16       0.432047        0.00000
      17        1.74491        0.00000
      18        5.07973        0.00000
      19        7.32381        0.00000
      20        8.95802        0.00000
      21        10.2606        0.00000
      22        11.0509        0.00000
      23        11.3426        0.00000

 396/545 kpoint (Cartesian) = 0.25582 -0.016411 0.0000 (34785 pws)
       1       -63.6053     0.00367309
       2       -38.0468     0.00367309
       3       -37.8665     0.00367309
       4       -37.8383     0.00367309
       5       -15.2979     0.00367309
       6       -15.1170     0.00367309
       7       -8.35769     0.00367309
       8       -8.07359     0.00367309
       9       -6.87878     0.00367309
      10       -6.15023     0.00367309
      11       -5.56284     0.00367309
      12       -4.83920     0.00367309
      13       -3.26204     0.00367309
      14      -0.797880        0.00000
      15      0.0159803        0.00000
      16       0.523250        0.00000
      17        1.67687        0.00000
      18        5.07063        0.00000
      19        7.60661        0.00000
      20        8.69915        0.00000
      21        10.3374        0.00000
      22        11.0912        0.00000
      23        11.3782        0.00000

 397/545 kpoint (Cartesian) = 0.26530 -0.021881 0.0000 (34773 pws)
       1       -63.6064     0.00367309
       2       -38.0521     0.00367309
       3       -37.8464     0.00367309
       4       -37.8407     0.00367309
       5       -15.3682     0.00367309
       6       -15.1528     0.00367309
       7       -8.45911     0.00367309
       8       -7.94286     0.00367309
       9       -6.89163     0.00367309
      10       -6.18301     0.00367309
      11       -5.22929     0.00367309
      12       -4.77612     0.00367309
      13       -3.35619     0.00367309
      14      -0.723504        0.00000
      15      -0.142025        0.00000
      16       0.618657        0.00000
      17        1.60728        0.00000
      18        5.10387        0.00000
      19        7.74120        0.00000
      20        8.48435        0.00000
      21        10.6216        0.00000
      22        11.0727        0.00000
      23        11.4371        0.00000

 398/545 kpoint (Cartesian) = 0.037900 -0.15317 0.0000 (34769 pws)
       1       -63.6077     0.00367309
       2       -38.0536     0.00367309
       3       -37.8433     0.00367309
       4       -37.8283     0.00367309
       5       -15.4467     0.00367309
       6       -15.1907     0.00367309
       7       -8.52195     0.00367309
       8       -7.80953     0.00367309
       9       -6.90843     0.00367309
      10       -6.18387     0.00367309
      11       -4.91457     0.00367309
      12       -4.73385     0.00367309
      13       -3.45176     0.00367309
      14      -0.697296        0.00000
      15      -0.260348        0.00000
      16       0.709308        0.00000
      17        1.53762        0.00000
      18        5.18018        0.00000
      19        7.73901        0.00000
      20        8.32602        0.00000
      21        11.0228        0.00000
      22        11.0339        0.00000
      23        11.5451        0.00000

 399/545 kpoint (Cartesian) = 0.028425 -0.14770 0.0000 (34772 pws)
       1       -63.6091     0.00367309
       2       -38.0513     0.00367309
       3       -37.8461     0.00367309
       4       -37.8131     0.00367309
       5       -15.5304     0.00367309
       6       -15.2290     0.00367309
       7       -8.54692     0.00367309
       8       -7.68312     0.00367309
       9       -6.92494     0.00367309
      10       -6.14865     0.00367309
      11       -4.71431     0.00367309
      12       -4.63500     0.00367309
      13       -3.55555     0.00367309
      14      -0.719660        0.00000
      15      -0.325536        0.00000
      16       0.789367        0.00000
      17        1.46220        0.00000
      18        5.29878        0.00000
      19        7.66446        0.00000
      20        8.23508        0.00000
      21        10.9912        0.00000
      22        11.3527        0.00000
      23        11.7762        0.00000

 400/545 kpoint (Cartesian) = 0.018950 -0.14223 0.0000 (34745 pws)
       1       -63.6106     0.00367309
       2       -38.0453     0.00367309
       3       -37.8491     0.00367309
       4       -37.8011     0.00367309
       5       -15.6160     0.00367309
       6       -15.2662     0.00367309
       7       -8.53646     0.00367309
       8       -7.56966     0.00367309
       9       -6.93786     0.00367309
      10       -6.08159     0.00367309
      11       -4.71151     0.00367309
      12       -4.40590     0.00367309
      13       -3.67437     0.00367309
      14      -0.755824        0.00000
      15      -0.360297        0.00000
      16       0.856156        0.00000
      17        1.37046        0.00000
      18        5.45762        0.00000
      19        7.57527        0.00000
      20        8.21737        0.00000
      21        10.9682        0.00000
      22        11.5206        0.00000
      23        12.0944        0.00000

 401/545 kpoint (Cartesian) = 0.0094749 -0.13676 0.0000 (34751 pws)
       1       -63.6120     0.00367309
       2       -38.0361     0.00367309
       3       -37.8519     0.00367309
       4       -37.7927     0.00367309
       5       -15.7002     0.00367309
       6       -15.3011     0.00367309
       7       -8.49445     0.00367309
       8       -7.46957     0.00367309
       9       -6.94469     0.00367309
      10       -5.99930     0.00367309
      11       -4.71253     0.00367309
      12       -4.24544     0.00367309
      13       -3.80131     0.00367309
      14      -0.774150        0.00000
      15      -0.390536        0.00000
      16       0.902331        0.00000
      17        1.25936        0.00000
      18        5.65287        0.00000
      19        7.51072        0.00000
      20        8.26923        0.00000
      21        10.9589        0.00000
      22        11.6226        0.00000
      23        12.3461        0.00000

 402/545 kpoint (Cartesian) = 0.0000 0.13129 0.0000 (34772 pws)
       1       -63.6134     0.00367309
       2       -38.0241     0.00367309
       3       -37.8547     0.00367309
       4       -37.7879     0.00367309
       5       -15.7800     0.00367309
       6       -15.3326     0.00367309
       7       -8.42622     0.00367309
       8       -7.37853     0.00367309
       9       -6.94381     0.00367309
      10       -5.93072     0.00367309
      11       -4.69452     0.00367309
      12       -4.21365     0.00367309
      13       -3.87461     0.00367309
      14      -0.771394        0.00000
      15      -0.422496        0.00000
      16       0.885179        0.00000
      17        1.16862        0.00000
      18        5.87784        0.00000
      19        7.49644        0.00000
      20        8.37666        0.00000
      21        10.9489        0.00000
      22        11.6747        0.00000
      23        12.5061        0.00000

 403/545 kpoint (Cartesian) = 0.0094749 0.12582 0.0000 (34779 pws)
       1       -63.6147     0.00367309
       2       -38.0101     0.00367309
       3       -37.8572     0.00367309
       4       -37.7866     0.00367309
       5       -15.8526     0.00367309
       6       -15.3600     0.00367309
       7       -8.33873     0.00367309
       8       -7.29059     0.00367309
       9       -6.93466     0.00367309
      10       -5.90679     0.00367309
      11       -4.63409     0.00367309
      12       -4.34842     0.00367309
      13       -3.84175     0.00367309
      14      -0.763477        0.00000
      15      -0.448672        0.00000
      16       0.742705        0.00000
      17        1.16641        0.00000
      18        6.12063        0.00000
      19        7.54780        0.00000
      20        8.52003        0.00000
      21        10.9176        0.00000
      22        11.6715        0.00000
      23        12.3460        0.00000

 404/545 kpoint (Cartesian) = 0.018950 0.12035 0.0000 (34784 pws)
       1       -63.6158     0.00367309
       2       -37.9951     0.00367309
       3       -37.8594     0.00367309
       4       -37.7883     0.00367309
       5       -15.9154     0.00367309
       6       -15.3829     0.00367309
       7       -8.24089     0.00367309
       8       -7.20127     0.00367309
       9       -6.91785     0.00367309
      10       -5.94042     0.00367309
      11       -4.54810     0.00367309
      12       -4.52323     0.00367309
      13       -3.78469     0.00367309
      14      -0.768881        0.00000
      15      -0.458354        0.00000
      16       0.531577        0.00000
      17        1.21039        0.00000
      18        6.36163        0.00000
      19        7.67128        0.00000
      20        8.68104        0.00000
      21        10.8453        0.00000
      22        11.6069        0.00000
      23        11.9959        0.00000

 405/545 kpoint (Cartesian) = 0.028425 0.11488 0.0000 (34803 pws)
       1       -63.6167     0.00367309
       2       -37.9805     0.00367309
       3       -37.8613     0.00367309
       4       -37.7921     0.00367309
       5       -15.9665     0.00367309
       6       -15.4009     0.00367309
       7       -8.14378     0.00367309
       8       -7.10968     0.00367309
       9       -6.89542     0.00367309
      10       -6.01889     0.00367309
      11       -4.74487     0.00367309
      12       -4.38907     0.00367309
      13       -3.73841     0.00367309
      14      -0.791313        0.00000
      15      -0.451218        0.00000
      16       0.311750        0.00000
      17        1.26074        0.00000
      18        6.57497        0.00000
      19        7.86177        0.00000
      20        8.84610        0.00000
      21        10.7205        0.00000
      22        11.4116        0.00000
      23        11.7487        0.00000

 406/545 kpoint (Cartesian) = 0.037900 0.10941 0.0000 (34811 pws)
       1       -63.6174     0.00367309
       2       -37.9677     0.00367309
       3       -37.8626     0.00367309
       4       -37.7969     0.00367309
       5       -16.0041     0.00367309
       6       -15.4137     0.00367309
       7       -8.06027     0.00367309
       8       -7.02072     0.00367309
       9       -6.87144     0.00367309
      10       -6.11583     0.00367309
      11       -4.91433     0.00367309
      12       -4.25744     0.00367309
      13       -3.70686     0.00367309
      14      -0.819537        0.00000
      15      -0.437580        0.00000
      16       0.120675        0.00000
      17        1.30375        0.00000
      18        6.73754        0.00000
      19        8.09094        0.00000
      20        9.00250        0.00000
      21        10.5548        0.00000
      22        11.1072        0.00000
      23        11.6527        0.00000

 407/545 kpoint (Cartesian) = 0.047375 0.10394 0.0000 (34841 pws)
       1       -63.6178     0.00367309
       2       -37.9587     0.00367309
       3       -37.8634     0.00367309
       4       -37.8010     0.00367309
       5       -16.0273     0.00367309
       6       -15.4213     0.00367309
       7       -8.00338     0.00367309
       8       -6.94867     0.00367309
       9       -6.85242     0.00367309
      10       -6.19976     0.00367309
      11       -5.02903     0.00367309
      12       -4.16221     0.00367309
      13       -3.68879     0.00367309
      14      -0.841260        0.00000
      15      -0.426710        0.00000
      16     -0.0103441        0.00000
      17        1.33245        0.00000
      18        6.83706        0.00000
      19        8.29402        0.00000
      20        9.12713        0.00000
      21        10.3998        0.00000
      22        10.8580        0.00000
      23        11.5548        0.00000

 408/545 kpoint (Cartesian) = 0.056849 0.098466 0.0000 (34837 pws)
       1       -63.6179     0.00367309
       2       -37.9554     0.00367309
       3       -37.8637     0.00367309
       4       -37.8026     0.00367309
       5       -16.0353     0.00367309
       6       -15.4236     0.00367309
       7       -7.98314     0.00367309
       8       -6.91847     0.00367309
       9       -6.84563     0.00367309
      10       -6.23578     0.00367309
      11       -5.06906     0.00367309
      12       -4.12714     0.00367309
      13       -3.68265     0.00367309
      14      -0.849159        0.00000
      15      -0.423079        0.00000
      16     -0.0577737        0.00000
      17        1.34293        0.00000
      18        6.86985        0.00000
      19        8.37949        0.00000
      20        9.17743        0.00000
      21        10.3339        0.00000
      22        10.7600        0.00000
      23        11.5165        0.00000

 409/545 kpoint (Cartesian) = 0.066324 0.092996 0.0000 (34841 pws)
       1       -63.6178     0.00367309
       2       -37.9585     0.00367309
       3       -37.8635     0.00367309
       4       -37.8011     0.00367309
       5       -16.0278     0.00367309
       6       -15.4205     0.00367309
       7       -8.00337     0.00367309
       8       -6.94655     0.00367309
       9       -6.85437     0.00367309
      10       -6.20424     0.00367309
      11       -5.02660     0.00367309
      12       -4.16124     0.00367309
      13       -3.68783     0.00367309
      14      -0.840894        0.00000
      15      -0.427857        0.00000
      16     -0.0126111        0.00000
      17        1.33390        0.00000
      18        6.83534        0.00000
      19        8.29639        0.00000
      20        9.12488        0.00000
      21        10.4003        0.00000
      22        10.8566        0.00000
      23        11.5549        0.00000

 410/545 kpoint (Cartesian) = 0.075799 0.087525 0.0000 (34811 pws)
       1       -63.6174     0.00367309
       2       -37.9673     0.00367309
       3       -37.8627     0.00367309
       4       -37.7972     0.00367309
       5       -16.0052     0.00367309
       6       -15.4122     0.00367309
       7       -8.06025     0.00367309
       8       -7.01784     0.00367309
       9       -6.87495     0.00367309
      10       -6.12343     0.00367309
      11       -4.90997     0.00367309
      12       -4.25546     0.00367309
      13       -3.70493     0.00367309
      14      -0.818759        0.00000
      15      -0.439806        0.00000
      16       0.115979        0.00000
      17        1.30679        0.00000
      18        6.73426        0.00000
      19        8.09498        0.00000
      20        8.99876        0.00000
      21        10.5544        0.00000
      22        11.1052        0.00000
      23        11.6559        0.00000

 411/545 kpoint (Cartesian) = 0.085274 0.082055 0.0000 (34803 pws)
       1       -63.6167     0.00367309
       2       -37.9799     0.00367309
       3       -37.8613     0.00367309
       4       -37.7925     0.00367309
       5       -15.9679     0.00367309
       6       -15.3987     0.00367309
       7       -8.14370     0.00367309
       8       -7.10719     0.00367309
       9       -6.89998     0.00367309
      10       -6.02845     0.00367309
      11       -4.73936     0.00367309
      12       -4.38607     0.00367309
      13       -3.73542     0.00367309
      14      -0.790098        0.00000
      15      -0.454330        0.00000
      16       0.304287        0.00000
      17        1.26566        0.00000
      18        6.57052        0.00000
      19        7.86654        0.00000
      20        8.84149        0.00000
      21        10.7183        0.00000
      22        11.4114        0.00000
      23        11.7529        0.00000

 412/545 kpoint (Cartesian) = 0.094749 0.076585 0.0000 (34784 pws)
       1       -63.6158     0.00367309
       2       -37.9945     0.00367309
       3       -37.8595     0.00367309
       4       -37.7887     0.00367309
       5       -15.9173     0.00367309
       6       -15.3800     0.00367309
       7       -8.24070     0.00367309
       8       -7.19981     0.00367309
       9       -6.92304     0.00367309
      10       -5.95106     0.00367309
      11       -4.54043     0.00367309
      12       -4.52128     0.00367309
      13       -3.78035     0.00367309
      14      -0.767407        0.00000
      15      -0.461858        0.00000
      16       0.520851        0.00000
      17        1.21753        0.00000
      18        6.35646        0.00000
      19        7.67586        0.00000
      20        8.67597        0.00000
      21        10.8416        0.00000
      22        11.6137        0.00000
      23        11.9953        0.00000

 413/545 kpoint (Cartesian) = 0.10422 0.071114 0.0000 (34779 pws)
       1       -63.6147     0.00367309
       2       -38.0094     0.00367309
       3       -37.8573     0.00367309
       4       -37.7870     0.00367309
       5       -15.8549     0.00367309
       6       -15.3566     0.00367309
       7       -8.33836     0.00367309
       8       -7.29054     0.00367309
       9       -6.94018     0.00367309
      10       -5.91752     0.00367309
      11       -4.62907     0.00367309
      12       -4.34471     0.00367309
      13       -3.83513     0.00367309
      14      -0.762150        0.00000
      15      -0.451738        0.00000
      16       0.728631        0.00000
      17        1.17567        0.00000
      18        6.11494        0.00000
      19        7.55158        0.00000
      20        8.51497        0.00000
      21        10.9135        0.00000
      22        11.6827        0.00000
      23        12.3443        0.00000

 414/545 kpoint (Cartesian) = 0.12317 0.071114 0.0000 (34762 pws)
       1       -63.6110     0.00367309
       2       -38.0469     0.00367309
       3       -37.8500     0.00367309
       4       -37.7940     0.00367309
       5       -15.6405     0.00367309
       6       -15.2727     0.00367309
       7       -8.57541     0.00367309
       8       -7.54655     0.00367309
       9       -6.96778     0.00367309
      10       -6.02579     0.00367309
      11       -4.75577     0.00367309
      12       -4.11367     0.00367309
      13       -3.80504     0.00367309
      14      -0.782210        0.00000
      15      -0.358413        0.00000
      16        1.04948        0.00000
      17        1.22871        0.00000
      18        5.41639        0.00000
      19        7.46728        0.00000
      20        8.13636        0.00000
      21        10.9970        0.00000
      22        11.6085        0.00000
      23        12.3333        0.00000

 415/545 kpoint (Cartesian) = 0.13265 0.065644 0.0000 (34727 pws)
       1       -63.6099     0.00367309
       2       -38.0562     0.00367309
       3       -37.8477     0.00367309
       4       -37.7983     0.00367309
       5       -15.5736     0.00367309
       6       -15.2460     0.00367309
       7       -8.63043     0.00367309
       8       -7.62416     0.00367309
       9       -6.97590     0.00367309
      10       -6.07511     0.00367309
      11       -4.77096     0.00367309
      12       -4.16883     0.00367309
      13       -3.71016     0.00367309
      14      -0.775016        0.00000
      15      -0.327560        0.00000
      16        1.05291        0.00000
      17        1.30546        0.00000
      18        5.22041        0.00000
      19        7.48383        0.00000
      20        8.05742        0.00000
      21        11.0249        0.00000
      22        11.5408        0.00000
      23        12.1852        0.00000

 416/545 kpoint (Cartesian) = 0.14212 0.060174 0.0000 (34754 pws)
       1       -63.6087     0.00367309
       2       -38.0621     0.00367309
       3       -37.8455     0.00367309
       4       -37.8064     0.00367309
       5       -15.5049     0.00367309
       6       -15.2168     0.00367309
       7       -8.65304     0.00367309
       8       -7.71136     0.00367309
       9       -6.97507     0.00367309
      10       -6.12888     0.00367309
      11       -4.77377     0.00367309
      12       -4.34945     0.00367309
      13       -3.57858     0.00367309
      14      -0.748513        0.00000
      15      -0.296410        0.00000
      16       0.998263        0.00000
      17        1.39070        0.00000
      18        5.06604        0.00000
      19        7.54768        0.00000
      20        8.04863        0.00000
      21        11.0495        0.00000
      22        11.4483        0.00000
      23        11.9226        0.00000

 417/545 kpoint (Cartesian) = 0.15160 0.054703 0.0000 (34752 pws)
       1       -63.6076     0.00367309
       2       -38.0645     0.00367309
       3       -37.8432     0.00367309
       4       -37.8180     0.00367309
       5       -15.4372     0.00367309
       6       -15.1861     0.00367309
       7       -8.63934     0.00367309
       8       -7.80992     0.00367309
       9       -6.96672     0.00367309
      10       -6.16716     0.00367309
      11       -4.78059     0.00367309
      12       -4.59772     0.00367309
      13       -3.46372     0.00367309
      14      -0.718868        0.00000
      15      -0.251013        0.00000
      16       0.917613        0.00000
      17        1.45888        0.00000
      18        4.95768        0.00000
      19        7.63505        0.00000
      20        8.11692        0.00000
      21        11.0752        0.00000
      22        11.2916        0.00000
      23        11.6126        0.00000

 418/545 kpoint (Cartesian) = 0.16107 0.049233 0.0000 (34756 pws)
       1       -63.6065     0.00367309
       2       -38.0632     0.00367309
       3       -37.8410     0.00367309
       4       -37.8330     0.00367309
       5       -15.3730     0.00367309
       6       -15.1551     0.00367309
       7       -8.58724     0.00367309
       8       -7.91749     0.00367309
       9       -6.95294     0.00367309
      10       -6.17961     0.00367309
      11       -4.89527     0.00367309
      12       -4.79978     0.00367309
      13       -3.36773     0.00367309
      14      -0.717021        0.00000
      15      -0.169637        0.00000
      16       0.812876        0.00000
      17        1.52235        0.00000
      18        4.89754        0.00000
      19        7.70740        0.00000
      20        8.25756        0.00000
      21        10.9367        0.00000
      22        11.1006        0.00000
      23        11.4539        0.00000

 419/545 kpoint (Cartesian) = 0.17055 0.043763 0.0000 (34771 pws)
       1       -63.6056     0.00367309
       2       -38.0581     0.00367309
       3       -37.8507     0.00367309
       4       -37.8390     0.00367309
       5       -15.3147     0.00367309
       6       -15.1251     0.00367309
       7       -8.49674     0.00367309
       8       -8.02781     0.00367309
       9       -6.93624     0.00367309
      10       -6.16514     0.00367309
      11       -5.22353     0.00367309
      12       -4.83578     0.00367309
      13       -3.28388     0.00367309
      14      -0.758716        0.00000
      15     -0.0484404        0.00000
      16       0.690846        0.00000
      17        1.59042        0.00000
      18        4.88630        0.00000
      19        7.70714        0.00000
      20        8.45800        0.00000
      21        10.5411        0.00000
      22        11.1115        0.00000
      23        11.3981        0.00000

 420/545 kpoint (Cartesian) = 0.18002 0.038292 0.0000 (34771 pws)
       1       -63.6047     0.00367309
       2       -38.0495     0.00367309
       3       -37.8702     0.00367309
       4       -37.8373     0.00367309
       5       -15.2644     0.00367309
       6       -15.0976     0.00367309
       7       -8.37057     0.00367309
       8       -8.13254     0.00367309
       9       -6.91934     0.00367309
      10       -6.12893     0.00367309
      11       -5.56541     0.00367309
      12       -4.88480     0.00367309
      13       -3.20698     0.00367309
      14      -0.833984        0.00000
      15      0.0926675        0.00000
      16       0.564975        0.00000
      17        1.66282        0.00000
      18        4.92310        0.00000
      19        7.57273        0.00000
      20        8.70261        0.00000
      21        10.2880        0.00000
      22        11.0951        0.00000
      23        11.3718        0.00000

 421/545 kpoint (Cartesian) = 0.18950 0.032822 0.0000 (34748 pws)
       1       -63.6040     0.00367309
       2       -38.0382     0.00367309
       3       -37.8907     0.00367309
       4       -37.8359     0.00367309
       5       -15.2236     0.00367309
       6       -15.0743     0.00367309
       7       -8.22372     0.00367309
       8       -8.21558     0.00367309
       9       -6.90503     0.00367309
      10       -6.08001     0.00367309
      11       -5.89964     0.00367309
      12       -4.94091     0.00367309
      13       -3.13638     0.00367309
      14      -0.923881        0.00000
      15       0.229311        0.00000
      16       0.450241        0.00000
      17        1.73288        0.00000
      18        5.00428        0.00000
      19        7.29995        0.00000
      20        8.97403        0.00000
      21        10.2423        0.00000
      22        11.0361        0.00000
      23        11.3548        0.00000

 422/545 kpoint (Cartesian) = 0.19897 0.027352 0.0000 (34730 pws)
       1       -63.6035     0.00367309
       2       -38.0252     0.00367309
       3       -37.9104     0.00367309
       4       -37.8348     0.00367309
       5       -15.1936     0.00367309
       6       -15.0565     0.00367309
       7       -8.29321     0.00367309
       8       -8.04881     0.00367309
       9       -6.89631     0.00367309
      10       -6.19939     0.00367309
      11       -6.02934     0.00367309
      12       -4.99494     0.00367309
      13       -3.07637     0.00367309
      14       -1.00868        0.00000
      15       0.339099        0.00000
      16       0.361756        0.00000
      17        1.79180        0.00000
      18        5.11896        0.00000
      19        6.96935        0.00000
      20        9.24842        0.00000
      21        10.3624        0.00000
      22        10.9279        0.00000
      23        11.3285        0.00000

 423/545 kpoint (Cartesian) = 0.20845 0.021881 0.0000 (34753 pws)
       1       -63.6032     0.00367309
       2       -38.0135     0.00367309
       3       -37.9264     0.00367309
       4       -37.8342     0.00367309
       5       -15.1752     0.00367309
       6       -15.0455     0.00367309
       7       -8.33688     0.00367309
       8       -7.90376     0.00367309
       9       -6.89583     0.00367309
      10       -6.42108     0.00367309
      11       -5.99061     0.00367309
      12       -5.03552     0.00367309
      13       -3.03487     0.00367309
      14       -1.06964        0.00000
      15       0.299882        0.00000
      16       0.415994        0.00000
      17        1.83160        0.00000
      18        5.23689        0.00000
      19        6.69116        0.00000
      20        9.48022        0.00000
      21        10.5636        0.00000
      22        10.7965        0.00000
      23        11.2514        0.00000

 424/545 kpoint (Cartesian) = 0.21792 0.016411 0.0000 (34762 pws)
       1       -63.6031     0.00367309
       2       -38.0083     0.00367309
       3       -37.9330     0.00367309
       4       -37.8340     0.00367309
       5       -15.1688     0.00367309
       6       -15.0421     0.00367309
       7       -8.35125     0.00367309
       8       -7.84201     0.00367309
       9       -6.89853     0.00367309
      10       -6.50571     0.00367309
      11       -5.97519     0.00367309
      12       -5.05174     0.00367309
      13       -3.01996     0.00367309
      14       -1.09217        0.00000
      15       0.279722        0.00000
      16       0.440950        0.00000
      17        1.84681        0.00000
      18        5.29393        0.00000
      19        6.57664        0.00000
      20        9.58035        0.00000
      21        10.6945        0.00000
      22        10.7290        0.00000
      23        11.1585        0.00000

 425/545 kpoint (Cartesian) = 0.22740 0.010941 0.0000 (34753 pws)
       1       -63.6032     0.00367309
       2       -38.0139     0.00367309
       3       -37.9260     0.00367309
       4       -37.8342     0.00367309
       5       -15.1745     0.00367309
       6       -15.0465     0.00367309
       7       -8.33531     0.00367309
       8       -7.90477     0.00367309
       9       -6.89433     0.00367309
      10       -6.42105     0.00367309
      11       -5.98846     0.00367309
      12       -5.03854     0.00367309
      13       -3.03518     0.00367309
      14       -1.07052        0.00000
      15       0.299052        0.00000
      16       0.414729        0.00000
      17        1.83549        0.00000
      18        5.24164        0.00000
      19        6.68856        0.00000
      20        9.48069        0.00000
      21        10.5617        0.00000
      22        10.7955        0.00000
      23        11.2503        0.00000

 426/545 kpoint (Cartesian) = 0.23687 0.0054703 0.0000 (34730 pws)
       1       -63.6035     0.00367309
       2       -38.0259     0.00367309
       3       -37.9098     0.00367309
       4       -37.8348     0.00367309
       5       -15.1923     0.00367309
       6       -15.0584     0.00367309
       7       -8.29016     0.00367309
       8       -8.05040     0.00367309
       9       -6.89388     0.00367309
      10       -6.19912     0.00367309
      11       -6.02573     0.00367309
      12       -5.00024     0.00367309
      13       -3.07710     0.00367309
      14       -1.01031        0.00000
      15       0.336143        0.00000
      16       0.360487        0.00000
      17        1.79954        0.00000
      18        5.12674        0.00000
      19        6.96567        0.00000
      20        9.24873        0.00000
      21        10.3605        0.00000
      22        10.9271        0.00000
      23        11.3231        0.00000

 427/545 kpoint (Cartesian) = 0.24635 0.0000 0.0000 (34748 pws)
       1       -63.6040     0.00367309
       2       -38.0390     0.00367309
       3       -37.8901     0.00367309
       4       -37.8358     0.00367309
       5       -15.2218     0.00367309
       6       -15.0771     0.00367309
       7       -8.22156     0.00367309
       8       -8.21521     0.00367309
       9       -6.90191     0.00367309
      10       -6.07533     0.00367309
      11       -5.89957     0.00367309
      12       -4.94753     0.00367309
      13       -3.13770     0.00367309
      14      -0.926072        0.00000
      15       0.225852        0.00000
      16       0.447295        0.00000
      17        1.74437        0.00000
      18        5.01386        0.00000
      19        7.29612        0.00000
      20        8.97395        0.00000
      21        10.2406        0.00000
      22        11.0361        0.00000
      23        11.3459        0.00000

 428/545 kpoint (Cartesian) = 0.25582 -0.0054703 0.0000 (34771 pws)
       1       -63.6047     0.00367309
       2       -38.0504     0.00367309
       3       -37.8696     0.00367309
       4       -37.8372     0.00367309
       5       -15.2620     0.00367309
       6       -15.1012     0.00367309
       7       -8.37264     0.00367309
       8       -8.12696     0.00367309
       9       -6.91561     0.00367309
      10       -6.12410     0.00367309
      11       -5.56524     0.00367309
      12       -4.89192     0.00367309
      13       -3.20910     0.00367309
      14      -0.836547        0.00000
      15      0.0887850        0.00000
      16       0.560265        0.00000
      17        1.67790        0.00000
      18        4.93370        0.00000
      19        7.56919        0.00000
      20        8.70227        0.00000
      21        10.2861        0.00000
      22        11.0960        0.00000
      23        11.3603        0.00000

 429/545 kpoint (Cartesian) = 0.26530 -0.010941 0.0000 (34771 pws)
       1       -63.6055     0.00367309
       2       -38.0590     0.00367309
       3       -37.8500     0.00367309
       4       -37.8389     0.00367309
       5       -15.3120     0.00367309
       6       -15.1293     0.00367309
       7       -8.49884     0.00367309
       8       -8.02145     0.00367309
       9       -6.93196     0.00367309
      10       -6.16030     0.00367309
      11       -5.22335     0.00367309
      12       -4.84286     0.00367309
      13       -3.28702     0.00367309
      14      -0.761514        0.00000
      15     -0.0522424        0.00000
      16       0.684083        0.00000
      17        1.60870        0.00000
      18        4.89735        0.00000
      19        7.70417        0.00000
      20        8.45773        0.00000
      21        10.5381        0.00000
      22        11.1126        0.00000
      23        11.3854        0.00000

 430/545 kpoint (Cartesian) = 0.27477 -0.016411 0.0000 (34756 pws)
       1       -63.6065     0.00367309
       2       -38.0641     0.00367309
       3       -37.8409     0.00367309
       4       -37.8324     0.00367309
       5       -15.3700     0.00367309
       6       -15.1597     0.00367309
       7       -8.58930     0.00367309
       8       -7.91078     0.00367309
       9       -6.94819     0.00367309
      10       -6.17467     0.00367309
      11       -4.89481     0.00367309
      12       -4.80677     0.00367309
      13       -3.37214     0.00367309
      14      -0.719991        0.00000
      15      -0.172773        0.00000
      16       0.804227        0.00000
      17        1.54295        0.00000
      18        4.90854        0.00000
      19        7.70500        0.00000
      20        8.25779        0.00000
      21        10.9306        0.00000
      22        11.1009        0.00000
      23        11.4427        0.00000

 431/545 kpoint (Cartesian) = 0.028425 -0.15864 0.0000 (34752 pws)
       1       -63.6076     0.00367309
       2       -38.0655     0.00367309
       3       -37.8431     0.00367309
       4       -37.8175     0.00367309
       5       -15.4340     0.00367309
       6       -15.1909     0.00367309
       7       -8.64128     0.00367309
       8       -7.80337     0.00367309
       9       -6.96158     0.00367309
      10       -6.16175     0.00367309
      11       -4.78662     0.00367309
      12       -4.59768     0.00367309
      13       -3.46968     0.00367309
      14      -0.721893        0.00000
      15      -0.253039        0.00000
      16       0.908186        0.00000
      17        1.48000        0.00000
      18        4.96822        0.00000
      19        7.63295        0.00000
      20        8.11810        0.00000
      21        11.0765        0.00000
      22        11.2751        0.00000
      23        11.6087        0.00000

 432/545 kpoint (Cartesian) = 0.018950 -0.15317 0.0000 (34754 pws)
       1       -63.6087     0.00367309
       2       -38.0631     0.00367309
       3       -37.8453     0.00367309
       4       -37.8058     0.00367309
       5       -15.5017     0.00367309
       6       -15.2216     0.00367309
       7       -8.65481     0.00367309
       8       -7.70550     0.00367309
       9       -6.96962     0.00367309
      10       -6.12252     0.00367309
      11       -4.77971     0.00367309
      12       -4.34885     0.00367309
      13       -3.58639     0.00367309
      14      -0.751292        0.00000
      15      -0.297254        0.00000
      16       0.990307        0.00000
      17        1.40949        0.00000
      18        5.07584        0.00000
      19        7.54550        0.00000
      20        8.05107        0.00000
      21        11.0506        0.00000
      22        11.4292        0.00000
      23        11.9200        0.00000

 433/545 kpoint (Cartesian) = 0.0094749 -0.14770 0.0000 (34727 pws)
       1       -63.6098     0.00367309
       2       -38.0570     0.00367309
       3       -37.8476     0.00367309
       4       -37.7978     0.00367309
       5       -15.5704     0.00367309
       6       -15.2506     0.00367309
       7       -8.63199     0.00367309
       8       -7.61944     0.00367309
       9       -6.97023     0.00367309
      10       -6.06734     0.00367309
      11       -4.77702     0.00367309
      12       -4.16726     0.00367309
      13       -3.72013     0.00367309
      14      -0.777381        0.00000
      15      -0.327298        0.00000
      16        1.05035        0.00000
      17        1.31761        0.00000
      18        5.22937        0.00000
      19        7.48120        0.00000
      20        8.06119        0.00000
      21        11.0264        0.00000
      22        11.5229        0.00000
      23        12.1809        0.00000

 434/545 kpoint (Cartesian) = 0.0000 0.14223 0.0000 (34762 pws)
       1       -63.6110     0.00367309
       2       -38.0478     0.00367309
       3       -37.8499     0.00367309
       4       -37.7935     0.00367309
       5       -15.6376     0.00367309
       6       -15.2771     0.00367309
       7       -8.57674     0.00367309
       8       -7.54324     0.00367309
       9       -6.96197     0.00367309
      10       -6.01651     0.00367309
      11       -4.76212     0.00367309
      12       -4.11288     0.00367309
      13       -3.81501     0.00367309
      14      -0.784305        0.00000
      15      -0.357088        0.00000
      16        1.06158        0.00000
      17        1.22477        0.00000
      18        5.42455        0.00000
      19        7.46389        0.00000
      20        8.14120        0.00000
      21        10.9992        0.00000
      22        11.5922        0.00000
      23        12.3280        0.00000

 435/545 kpoint (Cartesian) = 0.0094749 0.13676 0.0000 (34751 pws)
       1       -63.6120     0.00367309
       2       -38.0359     0.00367309
       3       -37.8519     0.00367309
       4       -37.7928     0.00367309
       5       -15.7005     0.00367309
       6       -15.3004     0.00367309
       7       -8.49492     0.00367309
       8       -7.47262     0.00367309
       9       -6.94422     0.00367309
      10       -5.99419     0.00367309
      11       -4.71619     0.00367309
      12       -4.25595     0.00367309
      13       -3.79017     0.00367309
      14      -0.775891        0.00000
      15      -0.387683        0.00000
      16       0.930285        0.00000
      17        1.22919        0.00000
      18        5.65357        0.00000
      19        7.50580        0.00000
      20        8.27346        0.00000
      21        10.9592        0.00000
      22        11.6266        0.00000
      23        12.3455        0.00000

 436/545 kpoint (Cartesian) = 0.018950 0.13129 0.0000 (34767 pws)
       1       -63.6130     0.00367309
       2       -38.0222     0.00367309
       3       -37.8538     0.00367309
       4       -37.7953     0.00367309
       5       -15.7569     0.00367309
       6       -15.3201     0.00367309
       7       -8.39461     0.00367309
       8       -7.40354     0.00367309
       9       -6.91718     0.00367309
      10       -6.01494     0.00367309
      11       -4.63042     0.00367309
      12       -4.48098     0.00367309
      13       -3.73915     0.00367309
      14      -0.765267        0.00000
      15      -0.413138        0.00000
      16       0.722168        0.00000
      17        1.27924        0.00000
      18        5.90317        0.00000
      19        7.60901        0.00000
      20        8.43631        0.00000
      21        10.8964        0.00000
      22        11.6140        0.00000
      23        12.1850        0.00000

 437/545 kpoint (Cartesian) = 0.028425 0.12582 0.0000 (34789 pws)
       1       -63.6138     0.00367309
       2       -38.0078     0.00367309
       3       -37.8554     0.00367309
       4       -37.8004     0.00367309
       5       -15.8047     0.00367309
       6       -15.3358     0.00367309
       7       -8.28661     0.00367309
       8       -7.33429     0.00367309
       9       -6.88217     0.00367309
      10       -6.07425     0.00367309
      11       -4.72071     0.00367309
      12       -4.51374     0.00367309
      13       -3.70224     0.00367309
      14      -0.763399        0.00000
      15      -0.427461        0.00000
      16       0.498496        0.00000
      17        1.33376        0.00000
      18        6.15320        0.00000
      19        7.76658        0.00000
      20        8.61017        0.00000
      21        10.8040        0.00000
      22        11.5240        0.00000
      23        11.9131        0.00000

 438/545 kpoint (Cartesian) = 0.037900 0.12035 0.0000 (34798 pws)
       1       -63.6144     0.00367309
       2       -37.9941     0.00367309
       3       -37.8567     0.00367309
       4       -37.8067     0.00367309
       5       -15.8421     0.00367309
       6       -15.3476     0.00367309
       7       -8.18452     0.00367309
       8       -7.26712     0.00367309
       9       -6.84246     0.00367309
      10       -6.15352     0.00367309
      11       -4.94169     0.00367309
      12       -4.39109     0.00367309
      13       -3.68032     0.00367309
      14      -0.771653        0.00000
      15      -0.430671        0.00000
      16       0.292408        0.00000
      17        1.38246        0.00000
      18        6.37720        0.00000
      19        7.96072        0.00000
      20        8.77817        0.00000
      21        10.6840        0.00000
      22        11.2919        0.00000
      23        11.7297        0.00000

 439/545 kpoint (Cartesian) = 0.047375 0.11488 0.0000 (34826 pws)
       1       -63.6148     0.00367309
       2       -37.9831     0.00367309
       3       -37.8576     0.00367309
       4       -37.8127     0.00367309
       5       -15.8679     0.00367309
       6       -15.3553     0.00367309
       7       -8.10384     0.00367309
       8       -7.20961     0.00367309
       9       -6.80508     0.00367309
      10       -6.22891     0.00367309
      11       -5.11533     0.00367309
      12       -4.28878     0.00367309
      13       -3.66905     0.00367309
      14      -0.783412        0.00000
      15      -0.428273        0.00000
      16       0.133324        0.00000
      17        1.41896        0.00000
      18        6.54654        0.00000
      19        8.15485        0.00000
      20        8.92034        0.00000
      21        10.5574        0.00000
      22        11.0115        0.00000
      23        11.6310        0.00000

 440/545 kpoint (Cartesian) = 0.056849 0.10941 0.0000 (34836 pws)
       1       -63.6151     0.00367309
       2       -37.9768     0.00367309
       3       -37.8580     0.00367309
       4       -37.8165     0.00367309
       5       -15.8811     0.00367309
       6       -15.3589     0.00367309
       7       -8.05899     0.00367309
       8       -7.17456     0.00367309
       9       -6.78165     0.00367309
      10       -6.27633     0.00367309
      11       -5.21202     0.00367309
      12       -4.23029     0.00367309
      13       -3.66439     0.00367309
      14      -0.791204        0.00000
      15      -0.425902        0.00000
      16      0.0458890        0.00000
      17        1.43867        0.00000
      18        6.63727        0.00000
      19        8.28548        0.00000
      20        9.00643        0.00000
      21        10.4706        0.00000
      22        10.8292        0.00000
      23        11.5705        0.00000

 441/545 kpoint (Cartesian) = 0.066324 0.10394 0.0000 (34836 pws)
       1       -63.6151     0.00367309
       2       -37.9766     0.00367309
       3       -37.8580     0.00367309
       4       -37.8166     0.00367309
       5       -15.8814     0.00367309
       6       -15.3585     0.00367309
       7       -8.05887     0.00367309
       8       -7.17399     0.00367309
       9       -6.78289     0.00367309
      10       -6.27821     0.00367309
      11       -5.21062     0.00367309
      12       -4.22957     0.00367309
      13       -3.66407     0.00367309
      14      -0.790859        0.00000
      15      -0.426461        0.00000
      16      0.0447663        0.00000
      17        1.43915        0.00000
      18        6.63595        0.00000
      19        8.28706        0.00000
      20        9.00543        0.00000
      21        10.4708        0.00000
      22        10.8288        0.00000
      23        11.5708        0.00000

 442/545 kpoint (Cartesian) = 0.075799 0.098466 0.0000 (34826 pws)
       1       -63.6148     0.00367309
       2       -37.9828     0.00367309
       3       -37.8576     0.00367309
       4       -37.8129     0.00367309
       5       -15.8687     0.00367309
       6       -15.3541     0.00367309
       7       -8.10351     0.00367309
       8       -7.20828     0.00367309
       9       -6.80842     0.00367309
      10       -6.23415     0.00367309
      11       -5.11151     0.00367309
      12       -4.28665     0.00367309
      13       -3.66809     0.00367309
      14      -0.782375        0.00000
      15      -0.429915        0.00000
      16       0.129915        0.00000
      17        1.42045        0.00000
      18        6.54285        0.00000
      19        8.15899        0.00000
      20        8.91762        0.00000
      21        10.5574        0.00000
      22        11.0112        0.00000
      23        11.6320        0.00000

 443/545 kpoint (Cartesian) = 0.085274 0.092996 0.0000 (34798 pws)
       1       -63.6144     0.00367309
       2       -37.9936     0.00367309
       3       -37.8568     0.00367309
       4       -37.8070     0.00367309
       5       -15.8435     0.00367309
       6       -15.3456     0.00367309
       7       -8.18400     0.00367309
       8       -7.26580     0.00367309
       9       -6.84717     0.00367309
      10       -6.16130     0.00367309
      11       -4.93625     0.00367309
      12       -4.38762     0.00367309
      13       -3.67870     0.00367309
      14      -0.769961        0.00000
      15      -0.433242        0.00000
      16       0.286561        0.00000
      17        1.38519        0.00000
      18        6.37177        0.00000
      19        7.96621        0.00000
      20        8.77420        0.00000
      21        10.6830        0.00000
      22        11.2939        0.00000
      23        11.7306        0.00000

 444/545 kpoint (Cartesian) = 0.094749 0.087525 0.0000 (34789 pws)
       1       -63.6138     0.00367309
       2       -38.0071     0.00367309
       3       -37.8555     0.00367309
       4       -37.8008     0.00367309
       5       -15.8066     0.00367309
       6       -15.3331     0.00367309
       7       -8.28591     0.00367309
       8       -7.33364     0.00367309
       9       -6.88761     0.00367309
      10       -6.08377     0.00367309
      11       -4.71445     0.00367309
      12       -4.50911     0.00367309
      13       -3.69985     0.00367309
      14      -0.761254        0.00000
      15      -0.430568        0.00000
      16       0.489878        0.00000
      17        1.33810        0.00000
      18        6.14676        0.00000
      19        7.77228        0.00000
      20        8.60531        0.00000
      21        10.8018        0.00000
      22        11.5319        0.00000
      23        11.9117        0.00000

 445/545 kpoint (Cartesian) = 0.10422 0.082055 0.0000 (34767 pws)
       1       -63.6130     0.00367309
       2       -38.0215     0.00367309
       3       -37.8539     0.00367309
       4       -37.7958     0.00367309
       5       -15.7592     0.00367309
       6       -15.3167     0.00367309
       7       -8.39373     0.00367309
       8       -7.40400     0.00367309
       9       -6.92294     0.00367309
      10       -6.02535     0.00367309
      11       -4.62430     0.00367309
      12       -4.47546     0.00367309
      13       -3.73566     0.00367309
      14      -0.763030        0.00000
      15      -0.416135        0.00000
      16       0.710213        0.00000
      17        1.28573        0.00000
      18        5.89614        0.00000
      19        7.61419        0.00000
      20        8.43094        0.00000
      21        10.8936        0.00000
      22        11.6258        0.00000
      23        12.1852        0.00000

 446/545 kpoint (Cartesian) = 0.11370 0.076585 0.0000 (34751 pws)
       1       -63.6120     0.00367309
       2       -38.0351     0.00367309
       3       -37.8521     0.00367309
       4       -37.7933     0.00367309
       5       -15.7032     0.00367309
       6       -15.2964     0.00367309
       7       -8.49382     0.00367309
       8       -7.47446     0.00367309
       9       -6.95007     0.00367309
      10       -6.00452     0.00367309
      11       -4.70975     0.00367309
      12       -4.25212     0.00367309
      13       -3.78454     0.00367309
      14      -0.773785        0.00000
      15      -0.389988        0.00000
      16       0.914532        0.00000
      17        1.23818        0.00000
      18        5.64604        0.00000
      19        7.51010        0.00000
      20        8.26806        0.00000
      21        10.9565        0.00000
      22        11.6408        0.00000
      23        12.3499        0.00000

 447/545 kpoint (Cartesian) = 0.13265 0.076585 0.0000 (34726 pws)
       1       -63.6091     0.00367309
       2       -38.0654     0.00367309
       3       -37.8462     0.00367309
       4       -37.7983     0.00367309
       5       -15.5246     0.00367309
       6       -15.2277     0.00367309
       7       -8.69983     0.00367309
       8       -7.67749     0.00367309
       9       -6.99676     0.00367309
      10       -6.09085     0.00367309
      11       -4.80464     0.00367309
      12       -4.03770     0.00367309
      13       -3.72318     0.00367309
      14      -0.783349        0.00000
      15      -0.297119        0.00000
      16        1.19137        0.00000
      17        1.26893        0.00000
      18        5.02770        0.00000
      19        7.44581        0.00000
      20        7.94562        0.00000
      21        11.0692        0.00000
      22        11.5044        0.00000
      23        12.1696        0.00000

 448/545 kpoint (Cartesian) = 0.14212 0.071114 0.0000 (34745 pws)
       1       -63.6083     0.00367309
       2       -38.0717     0.00367309
       3       -37.8445     0.00367309
       4       -37.8021     0.00367309
       5       -15.4740     0.00367309
       6       -15.2073     0.00367309
       7       -8.73669     0.00367309
       8       -7.73678     0.00367309
       9       -7.00647     0.00367309
      10       -6.12391     0.00367309
      11       -4.81577     0.00367309
      12       -4.10901     0.00367309
      13       -3.62735     0.00367309
      14      -0.772009        0.00000
      15      -0.270584        0.00000
      16        1.16599        0.00000
      17        1.34475        0.00000
      18        4.88039        0.00000
      19        7.46525        0.00000
      20        7.89969        0.00000
      21        11.1010        0.00000
      22        11.4472        0.00000
      23        12.0359        0.00000

 449/545 kpoint (Cartesian) = 0.15160 0.065644 0.0000 (34775 pws)
       1       -63.6074     0.00367309
       2       -38.0743     0.00367309
       3       -37.8429     0.00367309
       4       -37.8096     0.00367309
       5       -15.4240     0.00367309
       6       -15.1852     0.00367309
       7       -8.73694     0.00367309
       8       -7.80574     0.00367309
       9       -7.00546     0.00367309
      10       -6.15570     0.00367309
      11       -4.81904     0.00367309
      12       -4.30700     0.00367309
      13       -3.50361     0.00367309
      14      -0.746436        0.00000
      15      -0.240817        0.00000
      16        1.09931        0.00000
      17        1.40764        0.00000
      18        4.78409        0.00000
      19        7.53008        0.00000
      20        7.93355        0.00000
      21        11.1228        0.00000
      22        11.3806        0.00000
      23        11.7835        0.00000

 450/545 kpoint (Cartesian) = 0.16107 0.060174 0.0000 (34771 pws)
       1       -63.6066     0.00367309
       2       -38.0733     0.00367309
       3       -37.8413     0.00367309
       4       -37.8207     0.00367309
       5       -15.3765     0.00367309
       6       -15.1621     0.00367309
       7       -8.69856     0.00367309
       8       -7.88434     0.00367309
       9       -6.99496     0.00367309
      10       -6.17396     0.00367309
      11       -4.82482     0.00367309
      12       -4.57253     0.00367309
      13       -3.40112     0.00367309
      14      -0.726368        0.00000
      15      -0.193592        0.00000
      16       0.998800        0.00000
      17        1.46049        0.00000
      18        4.74109        0.00000
      19        7.61797        0.00000
      20        8.04585        0.00000
      21        11.1345        0.00000
      22        11.2450        0.00000
      23        11.5007        0.00000

 451/545 kpoint (Cartesian) = 0.17055 0.054703 0.0000 (34758 pws)
       1       -63.6059     0.00367309
       2       -38.0685     0.00367309
       3       -37.8398     0.00367309
       4       -37.8351     0.00367309
       5       -15.3332     0.00367309
       6       -15.1389     0.00367309
       7       -8.62187     0.00367309
       8       -7.96930     0.00367309
       9       -6.97641     0.00367309
      10       -6.17370     0.00367309
      11       -4.88429     0.00367309
      12       -4.83733     0.00367309
      13       -3.32126     0.00367309
      14      -0.733896        0.00000
      15      -0.116630        0.00000
      16       0.865634        0.00000
      17        1.51969        0.00000
      18        4.75151        0.00000
      19        7.69145        0.00000
      20        8.22409        0.00000
      21        10.8854        0.00000
      22        11.1369        0.00000
      23        11.4029        0.00000

 452/545 kpoint (Cartesian) = 0.18002 0.049233 0.0000 (34758 pws)
       1       -63.6053     0.00367309
       2       -38.0604     0.00367309
       3       -37.8519     0.00367309
       4       -37.8385     0.00367309
       5       -15.2956     0.00367309
       6       -15.1169     0.00367309
       7       -8.51012     0.00367309
       8       -8.05469     0.00367309
       9       -6.95102     0.00367309
      10       -6.15642     0.00367309
      11       -5.22135     0.00367309
      12       -4.85909     0.00367309
      13       -3.25804     0.00367309
      14      -0.773654        0.00000
      15     -0.0149097        0.00000
      16       0.715094        0.00000
      17        1.58803        0.00000
      18        4.81360        0.00000
      19        7.69472        0.00000
      20        8.45010        0.00000
      21        10.5130        0.00000
      22        11.1237        0.00000
      23        11.3808        0.00000

 453/545 kpoint (Cartesian) = 0.18950 0.043763 0.0000 (34771 pws)
       1       -63.6047     0.00367309
       2       -38.0494     0.00367309
       3       -37.8703     0.00367309
       4       -37.8373     0.00367309
       5       -15.2645     0.00367309
       6       -15.0973     0.00367309
       7       -8.37077     0.00367309
       8       -8.13344     0.00367309
       9       -6.91877     0.00367309
      10       -6.12780     0.00367309
      11       -5.56624     0.00367309
      12       -4.88550     0.00367309
      13       -3.20673     0.00367309
      14      -0.833796        0.00000
      15      0.0934967        0.00000
      16       0.567414        0.00000
      17        1.65938        0.00000
      18        4.92311        0.00000
      19        7.57109        0.00000
      20        8.70367        0.00000
      21        10.2885        0.00000
      22        11.0954        0.00000
      23        11.3719        0.00000

 454/545 kpoint (Cartesian) = 0.19897 0.038292 0.0000 (34757 pws)
       1       -63.6043     0.00367309
       2       -38.0369     0.00367309
       3       -37.8888     0.00367309
       4       -37.8364     0.00367309
       5       -15.2407     0.00367309
       6       -15.0814     0.00367309
       7       -8.21827     0.00367309
       8       -8.19876     0.00367309
       9       -6.87696     0.00367309
      10       -6.09560     0.00367309
      11       -5.89762     0.00367309
      12       -4.91256     0.00367309
      13       -3.16571     0.00367309
      14      -0.898006        0.00000
      15       0.190292        0.00000
      16       0.440760        0.00000
      17        1.72454        0.00000
      18        5.07023        0.00000
      19        7.32293        0.00000
      20        8.96103        0.00000
      21        10.2627        0.00000
      22        11.0516        0.00000
      23        11.3533        0.00000

 455/545 kpoint (Cartesian) = 0.20845 0.032822 0.0000 (34773 pws)
       1       -63.6040     0.00367309
       2       -38.0247     0.00367309
       3       -37.9051     0.00367309
       4       -37.8358     0.00367309
       5       -15.2246     0.00367309
       6       -15.0703     0.00367309
       7       -8.24534     0.00367309
       8       -8.07826     0.00367309
       9       -6.81912     0.00367309
      10       -6.19022     0.00367309
      11       -6.06745     0.00367309
      12       -4.93517     0.00367309
      13       -3.13611     0.00367309
      14      -0.951125        0.00000
      15       0.261582        0.00000
      16       0.349131        0.00000
      17        1.77448        0.00000
      18        5.23129        0.00000
      19        7.03665        0.00000
      20        9.18733        0.00000
      21        10.3854        0.00000
      22        10.9970        0.00000
      23        11.2908        0.00000

 456/545 kpoint (Cartesian) = 0.21792 0.027352 0.0000 (34780 pws)
       1       -63.6038     0.00367309
       2       -38.0166     0.00367309
       3       -37.9153     0.00367309
       4       -37.8355     0.00367309
       5       -15.2163     0.00367309
       6       -15.0648     0.00367309
       7       -8.26919     0.00367309
       8       -7.99028     0.00367309
       9       -6.74776     0.00367309
      10       -6.39753     0.00367309
      11       -6.05096     0.00367309
      12       -4.94873     0.00367309
      13       -3.12042     0.00367309
      14      -0.981246        0.00000
      15       0.292402        0.00000
      16       0.307739        0.00000
      17        1.80220        0.00000
      18        5.35172        0.00000
      19        6.83608        0.00000
      20        9.32843        0.00000
      21        10.5444        0.00000
      22        10.9523        0.00000
      23        11.1740        0.00000

 457/545 kpoint (Cartesian) = 0.22740 0.021881 0.0000 (34780 pws)
       1       -63.6038     0.00367309
       2       -38.0168     0.00367309
       3       -37.9151     0.00367309
       4       -37.8355     0.00367309
       5       -15.2160     0.00367309
       6       -15.0653     0.00367309
       7       -8.26847     0.00367309
       8       -7.99082     0.00367309
       9       -6.74606     0.00367309
      10       -6.39845     0.00367309
      11       -6.04977     0.00367309
      12       -4.95031     0.00367309
      13       -3.12064     0.00367309
      14      -0.981643        0.00000
      15       0.291765        0.00000
      16       0.307711        0.00000
      17        1.80388        0.00000
      18        5.35442        0.00000
      19        6.83424        0.00000
      20        9.32872        0.00000
      21        10.5434        0.00000
      22        10.9522        0.00000
      23        11.1737        0.00000

 458/545 kpoint (Cartesian) = 0.23687 0.016411 0.0000 (34773 pws)
       1       -63.6040     0.00367309
       2       -38.0252     0.00367309
       3       -37.9047     0.00367309
       4       -37.8358     0.00367309
       5       -15.2236     0.00367309
       6       -15.0718     0.00367309
       7       -8.24323     0.00367309
       8       -8.07967     0.00367309
       9       -6.81590     0.00367309
      10       -6.19126     0.00367309
      11       -6.06420     0.00367309
      12       -4.93961     0.00367309
      13       -3.13678     0.00367309
      14      -0.952281        0.00000
      15       0.259882        0.00000
      16       0.348775        0.00000
      17        1.77952        0.00000
      18        5.23810        0.00000
      19        7.03235        0.00000
      20        9.18796        0.00000
      21        10.3838        0.00000
      22        10.9970        0.00000
      23        11.2872        0.00000

 459/545 kpoint (Cartesian) = 0.24635 0.010941 0.0000 (34757 pws)
       1       -63.6043     0.00367309
       2       -38.0376     0.00367309
       3       -37.8883     0.00367309
       4       -37.8364     0.00367309
       5       -15.2391     0.00367309
       6       -15.0839     0.00367309
       7       -8.22053     0.00367309
       8       -8.19498     0.00367309
       9       -6.87310     0.00367309
      10       -6.09049     0.00367309
      11       -5.89864     0.00367309
      12       -4.91912     0.00367309
      13       -3.16692     0.00367309
      14      -0.899829        0.00000
      15       0.187790        0.00000
      16       0.439650        0.00000
      17        1.73292        0.00000
      18        5.07944        0.00000
      19        7.31775        0.00000
      20        8.96171        0.00000
      21        10.2613        0.00000
      22        11.0521        0.00000
      23        11.3453        0.00000

 460/545 kpoint (Cartesian) = 0.25582 0.0054703 0.0000 (34771 pws)
       1       -63.6047     0.00367309
       2       -38.0503     0.00367309
       3       -37.8697     0.00367309
       4       -37.8372     0.00367309
       5       -15.2623     0.00367309
       6       -15.1006     0.00367309
       7       -8.37304     0.00367309
       8       -8.12875     0.00367309
       9       -6.91447     0.00367309
      10       -6.12185     0.00367309
      11       -5.56693     0.00367309
      12       -4.89328     0.00367309
      13       -3.20862     0.00367309
      14      -0.836165        0.00000
      15      0.0904196        0.00000
      16       0.565080        0.00000
      17        1.67110        0.00000
      18        4.93372        0.00000
      19        7.56592        0.00000
      20        8.70436        0.00000
      21        10.2871        0.00000
      22        11.0963        0.00000
      23        11.3607        0.00000

 461/545 kpoint (Cartesian) = 0.26530 0.0000 0.0000 (34758 pws)
       1       -63.6052     0.00367309
       2       -38.0612     0.00367309
       3       -37.8513     0.00367309
       4       -37.8384     0.00367309
       5       -15.2929     0.00367309
       6       -15.1209     0.00367309
       7       -8.51250     0.00367309
       8       -8.04908     0.00367309
       9       -6.94636     0.00367309
      10       -6.15009     0.00367309
      11       -5.22179     0.00367309
      12       -4.86732     0.00367309
      13       -3.26076     0.00367309
      14      -0.776452        0.00000
      15     -0.0181995        0.00000
      16       0.710917        0.00000
      17        1.60313        0.00000
      18        4.82501        0.00000
      19        7.69009        0.00000
      20        8.45096        0.00000
      21        10.5109        0.00000
      22        11.1249        0.00000
      23        11.3672        0.00000

 462/545 kpoint (Cartesian) = 0.27477 -0.0054703 0.0000 (34758 pws)
       1       -63.6059     0.00367309
       2       -38.0694     0.00367309
       3       -37.8397     0.00367309
       4       -37.8345     0.00367309
       5       -15.3302     0.00367309
       6       -15.1434     0.00367309
       7       -8.62429     0.00367309
       8       -7.96306     0.00367309
       9       -6.97144     0.00367309
      10       -6.16725     0.00367309
      11       -4.88399     0.00367309
      12       -4.84598     0.00367309
      13       -3.32503     0.00367309
      14      -0.737035        0.00000
      15      -0.119676        0.00000
      16       0.859058        0.00000
      17        1.53807        0.00000
      18        4.76320        0.00000
      19        7.68756        0.00000
      20        8.22542        0.00000
      21        10.8811        0.00000
      22        11.1377        0.00000
      23        11.3889        0.00000

 463/545 kpoint (Cartesian) = 0.28425 -0.010941 0.0000 (34771 pws)
       1       -63.6066     0.00367309
       2       -38.0742     0.00367309
       3       -37.8412     0.00367309
       4       -37.8202     0.00367309
       5       -15.3733     0.00367309
       6       -15.1669     0.00367309
       7       -8.70094     0.00367309
       8       -7.87786     0.00367309
       9       -6.98971     0.00367309
      10       -6.16732     0.00367309
      11       -4.83241     0.00367309
      12       -4.57264     0.00367309
      13       -3.40620     0.00367309
      14      -0.729734        0.00000
      15      -0.195965        0.00000
      16       0.989882        0.00000
      17        1.48145        0.00000
      18        4.75266        0.00000
      19        7.61463        0.00000
      20        8.04795        0.00000
      21        11.1364        0.00000
      22        11.2304        0.00000
      23        11.4934        0.00000

 464/545 kpoint (Cartesian) = 0.018950 -0.16411 0.0000 (34775 pws)
       1       -63.6074     0.00367309
       2       -38.0752     0.00367309
       3       -37.8428     0.00367309
       4       -37.8091     0.00367309
       5       -15.4206     0.00367309
       6       -15.1902     0.00367309
       7       -8.73923     0.00367309
       8       -7.79946     0.00367309
       9       -6.99998     0.00367309
      10       -6.14860     0.00367309
      11       -4.82640     0.00367309
      12       -4.30648     0.00367309
      13       -3.51032     0.00367309
      14      -0.749801        0.00000
      15      -0.242297        0.00000
      16        1.08959        0.00000
      17        1.42904        0.00000
      18        4.79520        0.00000
      19        7.52695        0.00000
      20        7.93666        0.00000
      21        11.1238        0.00000
      22        11.3611        0.00000
      23        11.7801        0.00000

 465/545 kpoint (Cartesian) = 0.0094749 -0.15864 0.0000 (34745 pws)
       1       -63.6082     0.00367309
       2       -38.0725     0.00367309
       3       -37.8444     0.00367309
       4       -37.8016     0.00367309
       5       -15.4707     0.00367309
       6       -15.2123     0.00367309
       7       -8.73883     0.00367309
       8       -7.73114     0.00367309
       9       -7.00079     0.00367309
      10       -6.11596     0.00367309
      11       -4.82309     0.00367309
      12       -4.10740     0.00367309
      13       -3.63611     0.00367309
      14      -0.775161        0.00000
      15      -0.271130        0.00000
      16        1.15879        0.00000
      17        1.36282        0.00000
      18        4.89087        0.00000
      19        7.46194        0.00000
      20        7.90389        0.00000
      21        11.1019        0.00000
      22        11.4282        0.00000
      23        12.0312        0.00000

 466/545 kpoint (Cartesian) = 0.0000 0.15317 0.0000 (34726 pws)
       1       -63.6091     0.00367309
       2       -38.0663     0.00367309
       3       -37.8461     0.00367309
       4       -37.7978     0.00367309
       5       -15.5214     0.00367309
       6       -15.2324     0.00367309
       7       -8.70179     0.00367309
       8       -7.67284     0.00367309
       9       -6.99092     0.00367309
      10       -6.08183     0.00367309
      11       -4.81212     0.00367309
      12       -4.03630     0.00367309
      13       -3.73247     0.00367309
      14      -0.786273        0.00000
      15      -0.296730        0.00000
      16        1.19942        0.00000
      17        1.27066        0.00000
      18        5.03751        0.00000
      19        7.44195        0.00000
      20        7.95070        0.00000
      21        11.0704        0.00000
      22        11.4867        0.00000
      23        12.1639        0.00000

 467/545 kpoint (Cartesian) = 0.0094749 0.14770 0.0000 (34727 pws)
       1       -63.6098     0.00367309
       2       -38.0569     0.00367309
       3       -37.8476     0.00367309
       4       -37.7979     0.00367309
       5       -15.5707     0.00367309
       6       -15.2501     0.00367309
       7       -8.63237     0.00367309
       8       -7.62195     0.00367309
       9       -6.96965     0.00367309
      10       -6.06307     0.00367309
      11       -4.78004     0.00367309
      12       -4.17638     0.00367309
      13       -3.71087     0.00367309
      14      -0.778372        0.00000
      15      -0.325179        0.00000
      16        1.08720        0.00000
      17        1.27871        0.00000
      18        5.22991        0.00000
      19        7.47713        0.00000
      20        8.06482        0.00000
      21        11.0268        0.00000
      22        11.5275        0.00000
      23        12.1775        0.00000

 468/545 kpoint (Cartesian) = 0.018950 0.14223 0.0000 (34745 pws)
       1       -63.6106     0.00367309
       2       -38.0450     0.00367309
       3       -37.8491     0.00367309
       4       -37.8013     0.00367309
       5       -15.6166     0.00367309
       6       -15.2650     0.00367309
       7       -8.53730     0.00367309
       8       -7.57515     0.00367309
       9       -6.93676     0.00367309
      10       -6.07293     0.00367309
      11       -4.71748     0.00367309
      12       -4.41706     0.00367309
      13       -3.66275     0.00367309
      14      -0.758075        0.00000
      15      -0.355575        0.00000
      16       0.891153        0.00000
      17        1.33125        0.00000
      18        5.45877        0.00000
      19        7.56647        0.00000
      20        8.22484        0.00000
      21        10.9689        0.00000
      22        11.5308        0.00000
      23        12.0873        0.00000

 469/545 kpoint (Cartesian) = 0.028425 0.13676 0.0000 (34780 pws)
       1       -63.6112     0.00367309
       2       -38.0315     0.00367309
       3       -37.8504     0.00367309
       4       -37.8075     0.00367309
       5       -15.6571     0.00367309
       6       -15.2770     0.00367309
       7       -8.42624     0.00367309
       8       -7.53017     0.00367309
       9       -6.89259     0.00367309
      10       -6.11283     0.00367309
      11       -4.68739     0.00367309
      12       -4.62602     0.00367309
      13       -3.63219     0.00367309
      14      -0.735428        0.00000
      15      -0.383710        0.00000
      16       0.672510        0.00000
      17        1.38725        0.00000
      18        5.70975        0.00000
      19        7.69888        0.00000
      20        8.40741        0.00000
      21        10.8970        0.00000
      22        11.4618        0.00000
      23        11.9450        0.00000

 470/545 kpoint (Cartesian) = 0.037900 0.13129 0.0000 (34798 pws)
       1       -63.6117     0.00367309
       2       -38.0177     0.00367309
       3       -37.8514     0.00367309
       4       -37.8154     0.00367309
       5       -15.6905     0.00367309
       6       -15.2861     0.00367309
       7       -8.31225     0.00367309
       8       -7.48713     0.00367309
       9       -6.83865     0.00367309
      10       -6.17201     0.00367309
      11       -4.95364     0.00367309
      12       -4.52226     0.00367309
      13       -3.61857     0.00367309
      14      -0.718028        0.00000
      15      -0.405349        0.00000
      16       0.460223        0.00000
      17        1.44020        0.00000
      18        5.96202        0.00000
      19        7.85437        0.00000
      20        8.59125        0.00000
      21        10.8140        0.00000
      22        11.2830        0.00000
      23        11.8418        0.00000

 471/545 kpoint (Cartesian) = 0.047375 0.12582 0.0000 (34805 pws)
       1       -63.6121     0.00367309
       2       -38.0052     0.00367309
       3       -37.8522     0.00367309
       4       -37.8236     0.00367309
       5       -15.7155     0.00367309
       6       -15.2924     0.00367309
       7       -8.21160     0.00367309
       8       -7.44915     0.00367309
       9       -6.78001     0.00367309
      10       -6.23360     0.00367309
      11       -5.18791     0.00367309
      12       -4.42532     0.00367309
      13       -3.61524     0.00367309
      14      -0.708423        0.00000
      15      -0.418778        0.00000
      16       0.282270        0.00000
      17        1.48388        0.00000
      18        6.18649        0.00000
      19        8.00484        0.00000
      20        8.75536        0.00000
      21        10.7277        0.00000
      22        11.0514        0.00000
      23        11.7579        0.00000

 472/545 kpoint (Cartesian) = 0.056849 0.12035 0.0000 (34809 pws)
       1       -63.6124     0.00367309
       2       -37.9963     0.00367309
       3       -37.8527     0.00367309
       4       -37.8299     0.00367309
       5       -15.7310     0.00367309
       6       -15.2959     0.00367309
       7       -8.14168     0.00367309
       8       -7.42198     0.00367309
       9       -6.72987     0.00367309
      10       -6.28030     0.00367309
      11       -5.35447     0.00367309
      12       -4.35635     0.00367309
      13       -3.61596     0.00367309
      14      -0.704683        0.00000
      15      -0.425373        0.00000
      16       0.163263        0.00000
      17        1.51272        0.00000
      18        6.34583        0.00000
      19        8.11659        0.00000
      20        8.87390        0.00000
      21        10.6559        0.00000
      22        10.8710        0.00000
      23        11.5121        0.00000

 473/545 kpoint (Cartesian) = 0.066324 0.11488 0.0000 (34814 pws)
       1       -63.6125     0.00367309
       2       -37.9929     0.00367309
       3       -37.8528     0.00367309
       4       -37.8323     0.00367309
       5       -15.7364     0.00367309
       6       -15.2968     0.00367309
       7       -8.11642     0.00367309
       8       -7.41187     0.00367309
       9       -6.70996     0.00367309
      10       -6.29869     0.00367309
      11       -5.41522     0.00367309
      12       -4.33080     0.00367309
      13       -3.61653     0.00367309
      14      -0.703540        0.00000
      15      -0.427601        0.00000
      16       0.120734        0.00000
      17        1.52290        0.00000
      18        6.40319        0.00000
      19        8.15941        0.00000
      20        8.91769        0.00000
      21        10.6268        0.00000
      22        10.8044        0.00000
      23        11.4211        0.00000

 474/545 kpoint (Cartesian) = 0.075799 0.10941 0.0000 (34809 pws)
       1       -63.6124     0.00367309
       2       -37.9960     0.00367309
       3       -37.8527     0.00367309
       4       -37.8300     0.00367309
       5       -15.7316     0.00367309
       6       -15.2950     0.00367309
       7       -8.14125     0.00367309
       8       -7.42173     0.00367309
       9       -6.73265     0.00367309
      10       -6.28341     0.00367309
      11       -5.35165     0.00367309
      12       -4.35451     0.00367309
      13       -3.61547     0.00367309
      14      -0.703558        0.00000
      15      -0.426540        0.00000
      16       0.161148        0.00000
      17        1.51310        0.00000
      18        6.34244        0.00000
      19        8.12027        0.00000
      20        8.87226        0.00000
      21        10.6560        0.00000
      22        10.8707        0.00000
      23        11.5116        0.00000

 475/545 kpoint (Cartesian) = 0.085274 0.10394 0.0000 (34805 pws)
       1       -63.6121     0.00367309
       2       -38.0048     0.00367309
       3       -37.8522     0.00367309
       4       -37.8239     0.00367309
       5       -15.7167     0.00367309
       6       -15.2907     0.00367309
       7       -8.21081     0.00367309
       8       -7.44895     0.00367309
       9       -6.78462     0.00367309
      10       -6.23946     0.00367309
      11       -5.18318     0.00367309
      12       -4.42175     0.00367309
      13       -3.61425     0.00367309
      14      -0.706328        0.00000
      15      -0.420909        0.00000
      16       0.278019        0.00000
      17        1.48478        0.00000
      18        6.18058        0.00000
      19        8.01075        0.00000
      20        8.75235        0.00000
      21        10.7272        0.00000
      22        11.0524        0.00000
      23        11.7563        0.00000

 476/545 kpoint (Cartesian) = 0.094749 0.098466 0.0000 (34798 pws)
       1       -63.6118     0.00367309
       2       -38.0171     0.00367309
       3       -37.8515     0.00367309
       4       -37.8158     0.00367309
       5       -15.6922     0.00367309
       6       -15.2836     0.00367309
       7       -8.31117     0.00367309
       8       -7.48741     0.00367309
       9       -6.84419     0.00367309
      10       -6.18003     0.00367309
      11       -4.94795     0.00367309
      12       -4.51715     0.00367309
      13       -3.61704     0.00367309
      14      -0.715302        0.00000
      15      -0.408005        0.00000
      16       0.453722        0.00000
      17        1.44191        0.00000
      18        5.95462        0.00000
      19        7.86096        0.00000
      20        8.58714        0.00000
      21        10.8126        0.00000
      22        11.2868        0.00000
      23        11.8476        0.00000

 477/545 kpoint (Cartesian) = 0.10422 0.092996 0.0000 (34780 pws)
       1       -63.6112     0.00367309
       2       -38.0308     0.00367309
       3       -37.8504     0.00367309
       4       -37.8079     0.00367309
       5       -15.6593     0.00367309
       6       -15.2738     0.00367309
       7       -8.42492     0.00367309
       8       -7.53130     0.00367309
       9       -6.89850     0.00367309
      10       -6.12232     0.00367309
      11       -4.68114     0.00367309
      12       -4.62004     0.00367309
      13       -3.62998     0.00367309
      14      -0.732483        0.00000
      15      -0.386323        0.00000
      16       0.663466        0.00000
      17        1.39019        0.00000
      18        5.70154        0.00000
      19        7.70517        0.00000
      20        8.40244        0.00000
      21        10.8951        0.00000
      22        11.4704        0.00000
      23        11.9507        0.00000

 478/545 kpoint (Cartesian) = 0.11370 0.087525 0.0000 (34745 pws)
       1       -63.6106     0.00367309
       2       -38.0442     0.00367309
       3       -37.8492     0.00367309
       4       -37.8018     0.00367309
       5       -15.6192     0.00367309
       6       -15.2611     0.00367309
       7       -8.53577     0.00367309
       8       -7.57739     0.00367309
       9       -6.94276     0.00367309
      10       -6.08307     0.00367309
      11       -4.71011     0.00367309
      12       -4.41203     0.00367309
      13       -3.65951     0.00367309
      14      -0.755172        0.00000
      15      -0.357669        0.00000
      16       0.879004        0.00000
      17        1.33605        0.00000
      18        5.45004        0.00000
      19        7.57200        0.00000
      20        8.21935        0.00000
      21        10.9670        0.00000
      22        11.5435        0.00000
      23        12.0929        0.00000

 479/545 kpoint (Cartesian) = 0.12317 0.082055 0.0000 (34727 pws)
       1       -63.6099     0.00367309
       2       -38.0561     0.00367309
       3       -37.8477     0.00367309
       4       -37.7983     0.00367309
       5       -15.5737     0.00367309
       6       -15.2457     0.00367309
       7       -8.63062     0.00367309
       8       -7.62542     0.00367309
       9       -6.97561     0.00367309
      10       -6.07298     0.00367309
      11       -4.77243     0.00367309
      12       -4.17339     0.00367309
      13       -3.70556     0.00367309
      14      -0.775530        0.00000
      15      -0.326478        0.00000
      16        1.07104        0.00000
      17        1.28630        0.00000
      18        5.22068        0.00000
      19        7.48178        0.00000
      20        8.05927        0.00000
      21        11.0251        0.00000
      22        11.5431        0.00000
      23        12.1835        0.00000

 480/545 kpoint (Cartesian) = 0.14212 0.082055 0.0000 (34742 pws)
       1       -63.6078     0.00367309
       2       -38.0781     0.00367309
       3       -37.8436     0.00367309
       4       -37.8013     0.00367309
       5       -15.4423     0.00367309
       6       -15.1960     0.00367309
       7       -8.78865     0.00367309
       8       -7.76786     0.00367309
       9       -7.02467     0.00367309
      10       -6.13468     0.00367309
      11       -4.83670     0.00367309
      12       -3.98700     0.00367309
      13       -3.64747     0.00367309
      14      -0.779574        0.00000
      15      -0.248831        0.00000
      16        1.28036        0.00000
      17        1.30594        0.00000
      18        4.74292        0.00000
      19        7.43289        0.00000
      20        7.81178        0.00000
      21        11.1390        0.00000
      22        11.4192        0.00000
      23        12.0475        0.00000

 481/545 kpoint (Cartesian) = 0.15160 0.076585 0.0000 (34746 pws)
       1       -63.6073     0.00367309
       2       -38.0812     0.00367309
       3       -37.8426     0.00367309
       4       -37.8044     0.00367309
       5       -15.4112     0.00367309
       6       -15.1831     0.00367309
       7       -8.80399     0.00367309
       8       -7.80634     0.00367309
       9       -7.03025     0.00367309
      10       -6.15316     0.00367309
      11       -4.84260     0.00367309
      12       -4.07191     0.00367309
      13       -3.56540     0.00367309
      14      -0.768370        0.00000
      15      -0.230274        0.00000
      16        1.23573        0.00000
      17        1.36895        0.00000
      18        4.65987        0.00000
      19        7.45491        0.00000
      20        7.80163        0.00000
      21        11.1607        0.00000
      22        11.3839        0.00000
      23        11.9371        0.00000

 482/545 kpoint (Cartesian) = 0.16107 0.071114 0.0000 (34790 pws)
       1       -63.6068     0.00367309
       2       -38.0805     0.00367309
       3       -37.8416     0.00367309
       4       -37.8113     0.00367309
       5       -15.3820     0.00367309
       6       -15.1688     0.00367309
       7       -8.78062     0.00367309
       8       -7.85410     0.00367309
       9       -7.02354     0.00367309
      10       -6.16855     0.00367309
      11       -4.84214     0.00367309
      12       -4.28502     0.00367309
      13       -3.45965     0.00367309
      14      -0.746413        0.00000
      15      -0.207777        0.00000
      16        1.15742        0.00000
      17        1.40939        0.00000
      18        4.63424        0.00000
      19        7.52149        0.00000
      20        7.87516        0.00000
      21        11.1660        0.00000
      22        11.3468        0.00000
      23        11.7069        0.00000

 483/545 kpoint (Cartesian) = 0.17055 0.065644 0.0000 (34770 pws)
       1       -63.6063     0.00367309
       2       -38.0762     0.00367309
       3       -37.8407     0.00367309
       4       -37.8217     0.00367309
       5       -15.3558     0.00367309
       6       -15.1538     0.00367309
       7       -8.71888     0.00367309
       8       -7.90988     0.00367309
       9       -7.00531     0.00367309
      10       -6.17531     0.00367309
      11       -4.84031     0.00367309
      12       -4.56429     0.00367309
      13       -3.37752     0.00367309
      14      -0.730233        0.00000
      15      -0.171496        0.00000
      16        1.03134        0.00000
      17        1.45541        0.00000
      18        4.66575        0.00000
      19        7.61179        0.00000
      20        8.02268        0.00000
      21        11.1557        0.00000
      22        11.2327        0.00000
      23        11.4585        0.00000

 484/545 kpoint (Cartesian) = 0.18002 0.060174 0.0000 (34758 pws)
       1       -63.6059     0.00367309
       2       -38.0685     0.00367309
       3       -37.8398     0.00367309
       4       -37.8351     0.00367309
       5       -15.3333     0.00367309
       6       -15.1387     0.00367309
       7       -8.62201     0.00367309
       8       -7.97006     0.00367309
       9       -6.97610     0.00367309
      10       -6.17256     0.00367309
      11       -4.88495     0.00367309
      12       -4.83828     0.00367309
      13       -3.32067     0.00367309
      14      -0.733942        0.00000
      15      -0.115940        0.00000
      16       0.869608        0.00000
      17        1.51496        0.00000
      18        4.75160        0.00000
      19        7.69007        0.00000
      20        8.22515        0.00000
      21        10.8870        0.00000
      22        11.1370        0.00000
      23        11.4016        0.00000

 485/545 kpoint (Cartesian) = 0.18950 0.054703 0.0000 (34771 pws)
       1       -63.6056     0.00367309
       2       -38.0580     0.00367309
       3       -37.8507     0.00367309
       4       -37.8391     0.00367309
       5       -15.3149     0.00367309
       6       -15.1246     0.00367309
       7       -8.49707     0.00367309
       8       -8.02949     0.00367309
       9       -6.93543     0.00367309
      10       -6.16283     0.00367309
      11       -5.22509     0.00367309
      12       -4.83732     0.00367309
      13       -3.28305     0.00367309
      14      -0.758603        0.00000
      15     -0.0469272        0.00000
      16       0.696813        0.00000
      17        1.58272        0.00000
      18        4.88645        0.00000
      19        7.70401        0.00000
      20        8.46017        0.00000
      21        10.5429        0.00000
      22        11.1118        0.00000
      23        11.3972        0.00000

 486/545 kpoint (Cartesian) = 0.19897 0.049233 0.0000 (34785 pws)
       1       -63.6053     0.00367309
       2       -38.0456     0.00367309
       3       -37.8673     0.00367309
       4       -37.8384     0.00367309
       5       -15.3007     0.00367309
       6       -15.1124     0.00367309
       7       -8.35661     0.00367309
       8       -8.08258     0.00367309
       9       -6.88049     0.00367309
      10       -6.15003     0.00367309
      11       -5.56580     0.00367309
      12       -4.83555     0.00367309
      13       -3.25880     0.00367309
      14      -0.794836        0.00000
      15      0.0226529        0.00000
      16       0.536801        0.00000
      17        1.64956        0.00000
      18        5.06071        0.00000
      19        7.60358        0.00000
      20        8.70373        0.00000
      21        10.3411        0.00000
      22        11.0912        0.00000
      23        11.3893        0.00000

 487/545 kpoint (Cartesian) = 0.20845 0.043763 0.0000 (34785 pws)
       1       -63.6051     0.00367309
       2       -38.0331     0.00367309
       3       -37.8830     0.00367309
       4       -37.8380     0.00367309
       5       -15.2906     0.00367309
       6       -15.1031     0.00367309
       7       -8.22103     0.00367309
       8       -8.12427     0.00367309
       9       -6.80541     0.00367309
      10       -6.13793     0.00367309
      11       -5.88482     0.00367309
      12       -4.83345     0.00367309
      13       -3.24384     0.00367309
      14      -0.830867        0.00000
      15      0.0805680        0.00000
      16       0.408757        0.00000
      17        1.70603        0.00000
      18        5.25525        0.00000
      19        7.39746        0.00000
      20        8.92696        0.00000
      21        10.3233        0.00000
      22        11.0836        0.00000
      23        11.3456        0.00000

 488/545 kpoint (Cartesian) = 0.21792 0.038292 0.0000 (34790 pws)
       1       -63.6049     0.00367309
       2       -38.0232     0.00367309
       3       -37.8950     0.00367309
       4       -37.8377     0.00367309
       5       -15.2845     0.00367309
       6       -15.0974     0.00367309
       7       -8.15068     0.00367309
       8       -8.11919     0.00367309
       9       -6.70724     0.00367309
      10       -6.15225     0.00367309
      11       -6.12838     0.00367309
      12       -4.83203     0.00367309
      13       -3.23574     0.00367309
      14      -0.856875        0.00000
      15       0.118277        0.00000
      16       0.326501        0.00000
      17        1.74407        0.00000
      18        5.42856        0.00000
      19        7.17922        0.00000
      20        9.09116        0.00000
      21        10.4294        0.00000
      22        11.0914        0.00000
      23        11.2347        0.00000

 489/545 kpoint (Cartesian) = 0.22740 0.032822 0.0000 (34774 pws)
       1       -63.6049     0.00367309
       2       -38.0194     0.00367309
       3       -37.8995     0.00367309
       4       -37.8376     0.00367309
       5       -15.2822     0.00367309
       6       -15.0957     0.00367309
       7       -8.15933     0.00367309
       8       -8.08108     0.00367309
       9       -6.63663     0.00367309
      10       -6.28276     0.00367309
      11       -6.12505     0.00367309
      12       -4.83242     0.00367309
      13       -3.23332     0.00367309
      14      -0.866518        0.00000
      15       0.131045        0.00000
      16       0.298313        0.00000
      17        1.75829        0.00000
      18        5.50543        0.00000
      19        7.08072        0.00000
      20        9.15315        0.00000
      21        10.5096        0.00000
      22        11.0993        0.00000
      23        11.1489        0.00000

 490/545 kpoint (Cartesian) = 0.23687 0.027352 0.0000 (34790 pws)
       1       -63.6049     0.00367309
       2       -38.0235     0.00367309
       3       -37.8947     0.00367309
       4       -37.8377     0.00367309
       5       -15.2838     0.00367309
       6       -15.0984     0.00367309
       7       -8.14956     0.00367309
       8       -8.12002     0.00367309
       9       -6.70389     0.00367309
      10       -6.15374     0.00367309
      11       -6.12653     0.00367309
      12       -4.83500     0.00367309
      13       -3.23625     0.00367309
      14      -0.857597        0.00000
      15       0.117482        0.00000
      16       0.326800        0.00000
      17        1.74677        0.00000
      18        5.43364        0.00000
      19        7.17532        0.00000
      20        9.09179        0.00000
      21        10.4285        0.00000
      22        11.0923        0.00000
      23        11.2325        0.00000

 491/545 kpoint (Cartesian) = 0.24635 0.021881 0.0000 (34785 pws)
       1       -63.6051     0.00367309
       2       -38.0337     0.00367309
       3       -37.8826     0.00367309
       4       -37.8379     0.00367309
       5       -15.2893     0.00367309
       6       -15.1051     0.00367309
       7       -8.22281     0.00367309
       8       -8.12171     0.00367309
       9       -6.80105     0.00367309
      10       -6.13328     0.00367309
      11       -5.88699     0.00367309
      12       -4.83900     0.00367309
      13       -3.24489     0.00367309
      14      -0.832286        0.00000
      15      0.0790850        0.00000
      16       0.409101        0.00000
      17        1.71141        0.00000
      18        5.26353        0.00000
      19        7.39152        0.00000
      20        8.92806        0.00000
      21        10.3224        0.00000
      22        11.0848        0.00000
      23        11.3392        0.00000

 492/545 kpoint (Cartesian) = 0.25582 0.016411 0.0000 (34785 pws)
       1       -63.6053     0.00367309
       2       -38.0463     0.00367309
       3       -37.8668     0.00367309
       4       -37.8384     0.00367309
       5       -15.2988     0.00367309
       6       -15.1153     0.00367309
       7       -8.35879     0.00367309
       8       -8.07891     0.00367309
       9       -6.87568     0.00367309
      10       -6.14384     0.00367309
      11       -5.56762     0.00367309
      12       -4.84297     0.00367309
      13       -3.26045     0.00367309
      14      -0.796905        0.00000
      15      0.0206338        0.00000
      16       0.536760        0.00000
      17        1.65764        0.00000
      18        5.07082        0.00000
      19        7.59711        0.00000
      20        8.70518        0.00000
      21        10.3403        0.00000
      22        11.0925        0.00000
      23        11.3789        0.00000

 493/545 kpoint (Cartesian) = 0.26530 0.010941 0.0000 (34771 pws)
       1       -63.6055     0.00367309
       2       -38.0587     0.00367309
       3       -37.8502     0.00367309
       4       -37.8390     0.00367309
       5       -15.3125     0.00367309
       6       -15.1283     0.00367309
       7       -8.49949     0.00367309
       8       -8.02482     0.00367309
       9       -6.93035     0.00367309
      10       -6.15568     0.00367309
      11       -5.22656     0.00367309
      12       -4.84582     0.00367309
      13       -3.28540     0.00367309
      14      -0.761261        0.00000
      15     -0.0492678        0.00000
      16       0.695771        0.00000
      17        1.59360        0.00000
      18        4.89764        0.00000
      19        7.69795        0.00000
      20        8.46199        0.00000
      21        10.5416        0.00000
      22        11.1131        0.00000
      23        11.3838        0.00000

 494/545 kpoint (Cartesian) = 0.27477 0.0054703 0.0000 (34758 pws)
       1       -63.6059     0.00367309
       2       -38.0693     0.00367309
       3       -37.8397     0.00367309
       4       -37.8346     0.00367309
       5       -15.3304     0.00367309
       6       -15.1430     0.00367309
       7       -8.62455     0.00367309
       8       -7.96457     0.00367309
       9       -6.97082     0.00367309
      10       -6.16497     0.00367309
      11       -4.88570     0.00367309
      12       -4.84750     0.00367309
      13       -3.32387     0.00367309
      14      -0.737105        0.00000
      15      -0.118325        0.00000
      16       0.866742        0.00000
      17        1.52890        0.00000
      18        4.76339        0.00000
      19        7.68482        0.00000
      20        8.22749        0.00000
      21        10.8844        0.00000
      22        11.1379        0.00000
      23        11.3864        0.00000

 495/545 kpoint (Cartesian) = 0.28425 0.0000 0.0000 (34770 pws)
       1       -63.6063     0.00367309
       2       -38.0770     0.00367309
       3       -37.8405     0.00367309
       4       -37.8212     0.00367309
       5       -15.3526     0.00367309
       6       -15.1585     0.00367309
       7       -8.72148     0.00367309
       8       -7.90383     0.00367309
       9       -6.99986     0.00367309
      10       -6.16756     0.00367309
      11       -4.84892     0.00367309
      12       -4.56505     0.00367309
      13       -3.38180     0.00367309
      14      -0.733766        0.00000
      15      -0.173649        0.00000
      16        1.02571        0.00000
      17        1.47278        0.00000
      18        4.67774        0.00000
      19        7.60730        0.00000
      20        8.02570        0.00000
      21        11.1582        0.00000
      22        11.2212        0.00000
      23        11.4474        0.00000

 496/545 kpoint (Cartesian) = 0.29372 -0.0054703 0.0000 (34790 pws)
       1       -63.6068     0.00367309
       2       -38.0814     0.00367309
       3       -37.8415     0.00367309
       4       -37.8107     0.00367309
       5       -15.3786     0.00367309
       6       -15.1738     0.00367309
       7       -8.78322     0.00367309
       8       -7.84784     0.00367309
       9       -7.01795     0.00367309
      10       -6.16065     0.00367309
      11       -4.85052     0.00367309
      12       -4.28498     0.00367309
      13       -3.46537     0.00367309
      14      -0.750101        0.00000
      15      -0.209500        0.00000
      16        1.14874        0.00000
      17        1.42997        0.00000
      18        4.64612        0.00000
      19        7.51749        0.00000
      20        7.87898        0.00000
      21        11.1673        0.00000
      22        11.3277        0.00000
      23        11.7021        0.00000

 497/545 kpoint (Cartesian) = 0.0094749 -0.16958 0.0000 (34746 pws)
       1       -63.6072     0.00367309
       2       -38.0820     0.00367309
       3       -37.8425     0.00367309
       4       -37.8039     0.00367309
       5       -15.4077     0.00367309
       6       -15.1882     0.00367309
       7       -8.80653     0.00367309
       8       -7.80023     0.00367309
       9       -7.02453     0.00367309
      10       -6.14491     0.00367309
      11       -4.85082     0.00367309
      12       -4.07055     0.00367309
      13       -3.57308     0.00367309
      14      -0.772011        0.00000
      15      -0.231448        0.00000
      16        1.22581        0.00000
      17        1.39047        0.00000
      18        4.67142        0.00000
      19        7.45102        0.00000
      20        7.80623        0.00000
      21        11.1616        0.00000
      22        11.3642        0.00000
      23        11.9318        0.00000

 498/545 kpoint (Cartesian) = 0.0000 0.16411 0.0000 (34742 pws)
       1       -63.6077     0.00367309
       2       -38.0790     0.00367309
       3       -37.8434     0.00367309
       4       -37.8008     0.00367309
       5       -15.4389     0.00367309
       6       -15.2010     0.00367309
       7       -8.79107     0.00367309
       8       -7.76229     0.00367309
       9       -7.01885     0.00367309
      10       -6.12583     0.00367309
      11       -4.84497     0.00367309
      12       -3.98509     0.00367309
      13       -3.65623     0.00367309
      14      -0.783088        0.00000
      15      -0.249361        0.00000
      16        1.27045        0.00000
      17        1.32680        0.00000
      18        4.75403        0.00000
      19        7.42872        0.00000
      20        7.81701        0.00000
      21        11.1398        0.00000
      22        11.4004        0.00000
      23        12.0414        0.00000

 499/545 kpoint (Cartesian) = 0.0094749 0.15864 0.0000 (34745 pws)
       1       -63.6082     0.00367309
       2       -38.0725     0.00367309
       3       -37.8444     0.00367309
       4       -37.8016     0.00367309
       5       -15.4708     0.00367309
       6       -15.2119     0.00367309
       7       -8.73910     0.00367309
       8       -7.73292     0.00367309
       9       -7.00029     0.00367309
      10       -6.11291     0.00367309
      11       -4.82524     0.00367309
      12       -4.11385     0.00367309
      13       -3.62974     0.00367309
      14      -0.775729        0.00000
      15      -0.269645        0.00000
      16        1.19855        0.00000
      17        1.32147        0.00000
      18        4.89123        0.00000
      19        7.45901        0.00000
      20        7.90656        0.00000
      21        11.1022        0.00000
      22        11.4323        0.00000
      23        12.0277        0.00000

 500/545 kpoint (Cartesian) = 0.018950 0.15317 0.0000 (34754 pws)
       1       -63.6087     0.00367309
       2       -38.0629     0.00367309
       3       -37.8454     0.00367309
       4       -37.8060     0.00367309
       5       -15.5021     0.00367309
       6       -15.2207     0.00367309
       7       -8.65545     0.00367309
       8       -7.70969     0.00367309
       9       -6.96850     0.00367309
      10       -6.11572     0.00367309
      11       -4.78441     0.00367309
      12       -4.35769     0.00367309
      13       -3.57775     0.00367309
      14      -0.752574        0.00000
      15      -0.293727        0.00000
      16        1.02750        0.00000
      17        1.36873        0.00000
      18        5.07666        0.00000
      19        7.53863        0.00000
      20        8.05705        0.00000
      21        11.0512        0.00000
      22        11.4400        0.00000
      23        11.9107        0.00000

 501/545 kpoint (Cartesian) = 0.028425 0.14770 0.0000 (34772 pws)
       1       -63.6091     0.00367309
       2       -38.0509     0.00367309
       3       -37.8462     0.00367309
       4       -37.8133     0.00367309
       5       -15.5312     0.00367309
       6       -15.2274     0.00367309
       7       -8.54802     0.00367309
       8       -7.69006     0.00367309
       9       -6.92319     0.00367309
      10       -6.13838     0.00367309
      11       -4.72117     0.00367309
      12       -4.64442     0.00367309
      13       -3.54648     0.00367309
      14      -0.721624        0.00000
      15      -0.319643        0.00000
      16       0.822635        0.00000
      17        1.42326        0.00000
      18        5.30008        0.00000
      19        7.65311        0.00000
      20        8.24427        0.00000
      21        10.9923        0.00000
      22        11.3711        0.00000
      23        11.7603        0.00000

 502/545 kpoint (Cartesian) = 0.037900 0.14223 0.0000 (34782 pws)
       1       -63.6095     0.00367309
       2       -38.0376     0.00367309
       3       -37.8469     0.00367309
       4       -37.8228     0.00367309
       5       -15.5566     0.00367309
       6       -15.2323     0.00367309
       7       -8.42835     0.00367309
       8       -7.67248     0.00367309
       9       -6.86415     0.00367309
      10       -6.17692     0.00367309
      11       -4.94420     0.00367309
      12       -4.64152     0.00367309
      13       -3.53532     0.00367309
      14      -0.691076        0.00000
      15      -0.343982        0.00000
      16       0.612098        0.00000
      17        1.47927        0.00000
      18        5.54654        0.00000
      19        7.77744        0.00000
      20        8.44386        0.00000
      21        10.9330        0.00000
      22        11.1687        0.00000
      23        11.6786        0.00000

 503/545 kpoint (Cartesian) = 0.047375 0.13676 0.0000 (34776 pws)
       1       -63.6098     0.00367309
       2       -38.0244     0.00367309
       3       -37.8475     0.00367309
       4       -37.8331     0.00367309
       5       -15.5769     0.00367309
       6       -15.2355     0.00367309
       7       -8.31215     0.00367309
       8       -7.65689     0.00367309
       9       -6.79267     0.00367309
      10       -6.22136     0.00367309
      11       -5.22900     0.00367309
      12       -4.56037     0.00367309
      13       -3.53638     0.00367309
      14      -0.666552        0.00000
      15      -0.363553        0.00000
      16       0.423629        0.00000
      17        1.52982        0.00000
      18        5.79373        0.00000
      19        7.87931        0.00000
      20        8.63247        0.00000
      21        10.8806        0.00000
      22        10.9295        0.00000
      23        11.6253        0.00000

 504/545 kpoint (Cartesian) = 0.056849 0.13129 0.0000 (34783 pws)
       1       -63.6100     0.00367309
       2       -38.0134     0.00367309
       3       -37.8479     0.00367309
       4       -37.8421     0.00367309
       5       -15.5912     0.00367309
       6       -15.2373     0.00367309
       7       -8.21837     0.00367309
       8       -7.64466     0.00367309
       9       -6.71676     0.00367309
      10       -6.25996     0.00367309
      11       -5.46624     0.00367309
      12       -4.49346     0.00367309
      13       -3.54190     0.00367309
      14      -0.650414        0.00000
      15      -0.376600        0.00000
      16       0.281697        0.00000
      17        1.56806        0.00000
      18        6.00667        0.00000
      19        7.93300        0.00000
      20        8.78468        0.00000
      21        10.7632        0.00000
      22        10.8481        0.00000
      23        11.4785        0.00000

 505/545 kpoint (Cartesian) = 0.066324 0.12582 0.0000 (34778 pws)
       1       -63.6101     0.00367309
       2       -38.0068     0.00367309
       3       -37.8482     0.00367309
       4       -37.8475     0.00367309
       5       -15.5987     0.00367309
       6       -15.2379     0.00367309
       7       -8.16546     0.00367309
       8       -7.63785     0.00367309
       9       -6.66154     0.00367309
      10       -6.28280     0.00367309
      11       -5.60886     0.00367309
      12       -4.45518     0.00367309
      13       -3.54608     0.00367309
      14      -0.642475        0.00000
      15      -0.383070        0.00000
      16       0.205065        0.00000
      17        1.58858        0.00000
      18        6.13503        0.00000
      19        7.94510        0.00000
      20        8.87172        0.00000
      21        10.7102        0.00000
      22        10.8297        0.00000
      23        11.3003        0.00000

 506/545 kpoint (Cartesian) = 0.075799 0.12035 0.0000 (34778 pws)
       1       -63.6101     0.00367309
       2       -38.0067     0.00367309
       3       -37.8482     0.00367309
       4       -37.8476     0.00367309
       5       -15.5990     0.00367309
       6       -15.2374     0.00367309
       7       -8.16515     0.00367309
       8       -7.63800     0.00367309
       9       -6.66323     0.00367309
      10       -6.28421     0.00367309
      11       -5.60732     0.00367309
      12       -4.45407     0.00367309
      13       -3.54584     0.00367309
      14      -0.641836        0.00000
      15      -0.383541        0.00000
      16       0.204153        0.00000
      17        1.58842        0.00000
      18        6.13287        0.00000
      19        7.94736        0.00000
      20        8.87103        0.00000
      21        10.7105        0.00000
      22        10.8290        0.00000
      23        11.3007        0.00000

 507/545 kpoint (Cartesian) = 0.085274 0.11488 0.0000 (34783 pws)
       1       -63.6100     0.00367309
       2       -38.0130     0.00367309
       3       -37.8479     0.00367309
       4       -37.8424     0.00367309
       5       -15.5921     0.00367309
       6       -15.2359     0.00367309
       7       -8.21750     0.00367309
       8       -7.64518     0.00367309
       9       -6.72095     0.00367309
      10       -6.26406     0.00367309
      11       -5.46249     0.00367309
      12       -4.49020     0.00367309
      13       -3.54119     0.00367309
      14      -0.648608        0.00000
      15      -0.377890        0.00000
      16       0.278988        0.00000
      17        1.56763        0.00000
      18        6.00097        0.00000
      19        7.93869        0.00000
      20        8.78270        0.00000
      21        10.7644        0.00000
      22        10.8461        0.00000
      23        11.4814        0.00000

 508/545 kpoint (Cartesian) = 0.094749 0.10941 0.0000 (34776 pws)
       1       -63.6098     0.00367309
       2       -38.0239     0.00367309
       3       -37.8475     0.00367309
       4       -37.8335     0.00367309
       5       -15.5785     0.00367309
       6       -15.2332     0.00367309
       7       -8.31084     0.00367309
       8       -7.65795     0.00367309
       9       -6.79807     0.00367309
      10       -6.22781     0.00367309
      11       -5.22424     0.00367309
      12       -4.55521     0.00367309
      13       -3.53518     0.00367309
      14      -0.663884        0.00000
      15      -0.365322        0.00000
      16       0.419170        0.00000
      17        1.52928        0.00000
      18        5.78587        0.00000
      19        7.88642        0.00000
      20        8.62937        0.00000
      21        10.8807        0.00000
      22        10.9289        0.00000
      23        11.6337        0.00000

 509/545 kpoint (Cartesian) = 0.10422 0.10394 0.0000 (34782 pws)
       1       -63.6095     0.00367309
       2       -38.0369     0.00367309
       3       -37.8470     0.00367309
       4       -37.8233     0.00367309
       5       -15.5587     0.00367309
       6       -15.2292     0.00367309
       7       -8.42672     0.00367309
       8       -7.67429     0.00367309
       9       -6.87003     0.00367309
      10       -6.18519     0.00367309
      11       -4.93918     0.00367309
      12       -4.63484     0.00367309
      13       -3.53357     0.00367309
      14      -0.687923        0.00000
      15      -0.345791        0.00000
      16       0.605882        0.00000
      17        1.47891        0.00000
      18        5.53750        0.00000
      19        7.78454        0.00000
      20        8.43980        0.00000
      21        10.9316        0.00000
      22        11.1715        0.00000
      23        11.6893        0.00000

 510/545 kpoint (Cartesian) = 0.11370 0.098466 0.0000 (34772 pws)
       1       -63.6091     0.00367309
       2       -38.0501     0.00367309
       3       -37.8463     0.00367309
       4       -37.8138     0.00367309
       5       -15.5338     0.00367309
       6       -15.2237     0.00367309
       7       -8.54614     0.00367309
       8       -7.69281     0.00367309
       9       -6.92920     0.00367309
      10       -6.14778     0.00367309
      11       -4.71316     0.00367309
      12       -4.63992     0.00367309
      13       -3.54404     0.00367309
      14      -0.718284        0.00000
      15      -0.321108        0.00000
      16       0.814539        0.00000
      17        1.42344        0.00000
      18        5.29036        0.00000
      19        7.65954        0.00000
      20        8.23942        0.00000
      21        10.9908        0.00000
      22        11.3788        0.00000
      23        11.7698        0.00000

 511/545 kpoint (Cartesian) = 0.12317 0.092996 0.0000 (34754 pws)
       1       -63.6087     0.00367309
       2       -38.0620     0.00367309
       3       -37.8455     0.00367309
       4       -37.8064     0.00367309
       5       -15.5051     0.00367309
       6       -15.2163     0.00367309
       7       -8.65336     0.00367309
       8       -7.71345     0.00367309
       9       -6.97450     0.00367309
      10       -6.12549     0.00367309
      11       -4.77604     0.00367309
      12       -4.35394     0.00367309
      13       -3.57424     0.00367309
      14      -0.749189        0.00000
      15      -0.294603        0.00000
      16        1.01731        0.00000
      17        1.36984        0.00000
      18        5.06645        0.00000
      19        7.54420        0.00000
      20        8.05167        0.00000
      21        11.0500        0.00000
      22        11.4535        0.00000
      23        11.9178        0.00000

 512/545 kpoint (Cartesian) = 0.13265 0.087525 0.0000 (34745 pws)
       1       -63.6083     0.00367309
       2       -38.0716     0.00367309
       3       -37.8445     0.00367309
       4       -37.8021     0.00367309
       5       -15.4741     0.00367309
       6       -15.2071     0.00367309
       7       -8.73683     0.00367309
       8       -7.73767     0.00367309
       9       -7.00622     0.00367309
      10       -6.12239     0.00367309
      11       -4.81682     0.00367309
      12       -4.11222     0.00367309
      13       -3.62418     0.00367309
      14      -0.772309        0.00000
      15      -0.269821        0.00000
      16        1.18668        0.00000
      17        1.32326        0.00000
      18        4.88057        0.00000
      19        7.46377        0.00000
      20        7.90105        0.00000
      21        11.1012        0.00000
      22        11.4492        0.00000
      23        12.0341        0.00000

 513/545 kpoint (Cartesian) = 0.15160 0.087525 0.0000 (34756 pws)
       1       -63.6071     0.00367309
       2       -38.0846     0.00367309
       3       -37.8422     0.00367309
       4       -37.8028     0.00367309
       5       -15.3995     0.00367309
       6       -15.1796     0.00367309
       7       -8.83490     0.00367309
       8       -7.81399     0.00367309
       9       -7.04139     0.00367309
      10       -6.15672     0.00367309
      11       -4.85254     0.00367309
      12       -3.96172     0.00367309
      13       -3.60259     0.00367309
      14      -0.776137        0.00000
      15      -0.221859        0.00000
      16        1.30088        0.00000
      17        1.34985        0.00000
      18        4.59183        0.00000
      19        7.42693        0.00000
      20        7.74285        0.00000
      21        11.1819        0.00000
      22        11.3728        0.00000
      23        11.9826        0.00000

 514/545 kpoint (Cartesian) = 0.16107 0.082055 0.0000 (34776 pws)
       1       -63.6069     0.00367309
       2       -38.0844     0.00367309
       3       -37.8419     0.00367309
       4       -37.8052     0.00367309
       5       -15.3897     0.00367309
       6       -15.1748     0.00367309
       7       -8.82706     0.00367309
       8       -7.83000     0.00367309
       9       -7.03907     0.00367309
      10       -6.16266     0.00367309
      11       -4.85169     0.00367309
      12       -4.05989     0.00367309
      13       -3.54201     0.00367309
      14      -0.766901        0.00000
      15      -0.215465        0.00000
      16        1.26398        0.00000
      17        1.37231        0.00000
      18        4.58334        0.00000
      19        7.45138        0.00000
      20        7.76859        0.00000
      21        11.1833        0.00000
      22        11.3623        0.00000
      23        11.9023        0.00000

 515/545 kpoint (Cartesian) = 0.17055 0.076585 0.0000 (34790 pws)
       1       -63.6068     0.00367309
       2       -38.0805     0.00367309
       3       -37.8416     0.00367309
       4       -37.8113     0.00367309
       5       -15.3821     0.00367309
       6       -15.1687     0.00367309
       7       -8.78069     0.00367309
       8       -7.85455     0.00367309
       9       -7.02339     0.00367309
      10       -6.16781     0.00367309
      11       -4.84265     0.00367309
      12       -4.28598     0.00367309
      13       -3.45877     0.00367309
      14      -0.746531        0.00000
      15      -0.207375        0.00000
      16        1.16428        0.00000
      17        1.40210        0.00000
      18        4.63432        0.00000
      19        7.52073        0.00000
      20        7.87585        0.00000
      21        11.1662        0.00000
      22        11.3484        0.00000
      23        11.7053        0.00000

 516/545 kpoint (Cartesian) = 0.18002 0.071114 0.0000 (34771 pws)
       1       -63.6066     0.00367309
       2       -38.0732     0.00367309
       3       -37.8413     0.00367309
       4       -37.8208     0.00367309
       5       -15.3767     0.00367309
       6       -15.1618     0.00367309
       7       -8.69876     0.00367309
       8       -7.88558     0.00367309
       9       -6.99453     0.00367309
      10       -6.17200     0.00367309
      11       -4.82610     0.00367309
      12       -4.57440     0.00367309
      13       -3.39959     0.00367309
      14      -0.726603        0.00000
      15      -0.192468        0.00000
      16        1.00855        0.00000
      17        1.44956        0.00000
      18        4.74129        0.00000
      19        7.61579        0.00000
      20        8.04766        0.00000
      21        11.1351        0.00000
      22        11.2505        0.00000
      23        11.4951        0.00000

 517/545 kpoint (Cartesian) = 0.18950 0.065644 0.0000 (34756 pws)
       1       -63.6065     0.00367309
       2       -38.0630     0.00367309
       3       -37.8410     0.00367309
       4       -37.8331     0.00367309
       5       -15.3733     0.00367309
       6       -15.1545     0.00367309
       7       -8.58764     0.00367309
       8       -7.91973     0.00367309
       9       -6.95208     0.00367309
      10       -6.17634     0.00367309
      11       -4.89745     0.00367309
      12       -4.80223     0.00367309
      13       -3.36593     0.00367309
      14      -0.717219        0.00000
      15      -0.167638        0.00000
      16       0.823423        0.00000
      17        1.50965        0.00000
      18        4.89785        0.00000
      19        7.70339        0.00000
      20        8.26061        0.00000
      21        10.9415        0.00000
      22        11.1007        0.00000
      23        11.4502        0.00000

 518/545 kpoint (Cartesian) = 0.19897 0.060174 0.0000 (34773 pws)
       1       -63.6064     0.00367309
       2       -38.0509     0.00367309
       3       -37.8472     0.00367309
       4       -37.8408     0.00367309
       5       -15.3714     0.00367309
       6       -15.1477     0.00367309
       7       -8.45812     0.00367309
       8       -7.95304     0.00367309
       9       -6.89428     0.00367309
      10       -6.18166     0.00367309
      11       -5.23251     0.00367309
      12       -4.77359     0.00367309
      13       -3.35080     0.00367309
      14      -0.720816        0.00000
      15      -0.135326        0.00000
      16       0.637401        0.00000
      17        1.57372        0.00000
      18        5.09410        0.00000
      19        7.73647        0.00000
      20        8.48989        0.00000
      21        10.6291        0.00000
      22        11.0727        0.00000
      23        11.4460        0.00000

 519/545 kpoint (Cartesian) = 0.20845 0.054703 0.0000 (34791 pws)
       1       -63.6064     0.00367309
       2       -38.0381     0.00367309
       3       -37.8615     0.00367309
       4       -37.8406     0.00367309
       5       -15.3706     0.00367309
       6       -15.1419     0.00367309
       7       -8.32690     0.00367309
       8       -7.98169     0.00367309
       9       -6.81769     0.00367309
      10       -6.18758     0.00367309
      11       -5.55782     0.00367309
      12       -4.74401     0.00367309
      13       -3.34674     0.00367309
      14      -0.732673        0.00000
      15      -0.102408        0.00000
      16       0.475096        0.00000
      17        1.63255        0.00000
      18        5.31349        0.00000
      19        7.67333        0.00000
      20        8.70943        0.00000
      21        10.4445        0.00000
      22        11.0659        0.00000
      23        11.4199        0.00000

 520/545 kpoint (Cartesian) = 0.21792 0.049233 0.0000 (34791 pws)
       1       -63.6063     0.00367309
       2       -38.0269     0.00367309
       3       -37.8738     0.00367309
       4       -37.8405     0.00367309
       5       -15.3702     0.00367309
       6       -15.1378     0.00367309
       7       -8.21686     0.00367309
       8       -8.00249     0.00367309
       9       -6.72110     0.00367309
      10       -6.19263     0.00367309
      11       -5.84563     0.00367309
      12       -4.71963     0.00367309
      13       -3.34767     0.00367309
      14      -0.745667        0.00000
      15     -0.0761982        0.00000
      16       0.355806        0.00000
      17        1.67765        0.00000
      18        5.52449        0.00000
      19        7.52914        0.00000
      20        8.88851        0.00000
      21        10.4237        0.00000
      22        11.0893        0.00000
      23        11.3276        0.00000

 521/545 kpoint (Cartesian) = 0.22740 0.043763 0.0000 (34786 pws)
       1       -63.6063     0.00367309
       2       -38.0201     0.00367309
       3       -37.8813     0.00367309
       4       -37.8404     0.00367309
       5       -15.3700     0.00367309
       6       -15.1359     0.00367309
       7       -8.15329     0.00367309
       8       -8.01320     0.00367309
       9       -6.62782     0.00367309
      10       -6.19507     0.00367309
      11       -6.04384     0.00367309
      12       -4.70634     0.00367309
      13       -3.34935     0.00367309
      14      -0.753917        0.00000
      15     -0.0619195        0.00000
      16       0.292936        0.00000
      17        1.70247        0.00000
      18        5.66739        0.00000
      19        7.40045        0.00000
      20        8.99186        0.00000
      21        10.4928        0.00000
      22        11.1286        0.00000
      23        11.1932        0.00000

 522/545 kpoint (Cartesian) = 0.23687 0.038292 0.0000 (34786 pws)
       1       -63.6063     0.00367309
       2       -38.0202     0.00367309
       3       -37.8811     0.00367309
       4       -37.8404     0.00367309
       5       -15.3696     0.00367309
       6       -15.1364     0.00367309
       7       -8.15376     0.00367309
       8       -8.01267     0.00367309
       9       -6.62572     0.00367309
      10       -6.19376     0.00367309
      11       -6.04547     0.00367309
      12       -4.70774     0.00367309
      13       -3.34961     0.00367309
      14      -0.754278        0.00000
      15     -0.0621184        0.00000
      16       0.293371        0.00000
      17        1.70344        0.00000
      18        5.67004        0.00000
      19        7.39810        0.00000
      20        8.99229        0.00000
      21        10.4926        0.00000
      22        11.1296        0.00000
      23        11.1922        0.00000

 523/545 kpoint (Cartesian) = 0.24635 0.032822 0.0000 (34791 pws)
       1       -63.6063     0.00367309
       2       -38.0273     0.00367309
       3       -37.8735     0.00367309
       4       -37.8405     0.00367309
       5       -15.3692     0.00367309
       6       -15.1393     0.00367309
       7       -8.21814     0.00367309
       8       -8.00092     0.00367309
       9       -6.71676     0.00367309
      10       -6.18892     0.00367309
      11       -5.84857     0.00367309
      12       -4.72369     0.00367309
      13       -3.34846     0.00367309
      14      -0.746752        0.00000
      15     -0.0767657        0.00000
      16       0.357011        0.00000
      17        1.68053        0.00000
      18        5.53125        0.00000
      19        7.52337        0.00000
      20        8.88973        0.00000
      21        10.4234        0.00000
      22        11.0910        0.00000
      23        11.3232        0.00000

 524/545 kpoint (Cartesian) = 0.25582 0.027352 0.0000 (34791 pws)
       1       -63.6064     0.00367309
       2       -38.0387     0.00367309
       3       -37.8611     0.00367309
       4       -37.8406     0.00367309
       5       -15.3689     0.00367309
       6       -15.1443     0.00367309
       7       -8.32874     0.00367309
       8       -7.97910     0.00367309
       9       -6.81257     0.00367309
      10       -6.18182     0.00367309
      11       -5.56081     0.00367309
      12       -4.75031     0.00367309
      13       -3.34809     0.00367309
      14      -0.734479        0.00000
      15      -0.103276        0.00000
      16       0.476803        0.00000
      17        1.63729        0.00000
      18        5.32263        0.00000
      19        7.66618        0.00000
      20        8.71133        0.00000
      21        10.4441        0.00000
      22        11.0675        0.00000
      23        11.4110        0.00000

 525/545 kpoint (Cartesian) = 0.26530 0.021881 0.0000 (34773 pws)
       1       -63.6064     0.00367309
       2       -38.0516     0.00367309
       3       -37.8467     0.00367309
       4       -37.8407     0.00367309
       5       -15.3692     0.00367309
       6       -15.1509     0.00367309
       7       -8.46033     0.00367309
       8       -7.94948     0.00367309
       9       -6.88883     0.00367309
      10       -6.17437     0.00367309
      11       -5.23524     0.00367309
      12       -4.78149     0.00367309
      13       -3.35275     0.00367309
      14      -0.723316        0.00000
      15      -0.136411        0.00000
      16       0.639204        0.00000
      17        1.58031        0.00000
      18        5.10459        0.00000
      19        7.72937        0.00000
      20        8.49242        0.00000
      21        10.6284        0.00000
      22        11.0740        0.00000
      23        11.4336        0.00000

 526/545 kpoint (Cartesian) = 0.27477 0.016411 0.0000 (34756 pws)
       1       -63.6065     0.00367309
       2       -38.0638     0.00367309
       3       -37.8409     0.00367309
       4       -37.8326     0.00367309
       5       -15.3705     0.00367309
       6       -15.1585     0.00367309
       7       -8.59007     0.00367309
       8       -7.91526     0.00367309
       9       -6.94649     0.00367309
      10       -6.16811     0.00367309
      11       -4.89973     0.00367309
      12       -4.81109     0.00367309
      13       -3.36860     0.00367309
      14      -0.720330        0.00000
      15      -0.168861        0.00000
      16       0.824741        0.00000
      17        1.51820        0.00000
      18        4.90915        0.00000
      19        7.69705        0.00000
      20        8.26379        0.00000
      21        10.9399        0.00000
      22        11.1016        0.00000
      23        11.4352        0.00000

 527/545 kpoint (Cartesian) = 0.28425 0.010941 0.0000 (34771 pws)
       1       -63.6066     0.00367309
       2       -38.0740     0.00367309
       3       -37.8412     0.00367309
       4       -37.8203     0.00367309
       5       -15.3735     0.00367309
       6       -15.1663     0.00367309
       7       -8.70134     0.00367309
       8       -7.88033     0.00367309
       9       -6.98885     0.00367309
      10       -6.16339     0.00367309
      11       -4.83510     0.00367309
      12       -4.57625     0.00367309
      13       -3.40317     0.00367309
      14      -0.730159        0.00000
      15      -0.193775        0.00000
      16        1.00847        0.00000
      17        1.46053        0.00000
      18        4.75304        0.00000
      19        7.61034        0.00000
      20        8.05151        0.00000
      21        11.1367        0.00000
      22        11.2424        0.00000
      23        11.4822        0.00000

 528/545 kpoint (Cartesian) = 0.29372 0.0054703 0.0000 (34790 pws)
       1       -63.6068     0.00367309
       2       -38.0813     0.00367309
       3       -37.8415     0.00367309
       4       -37.8108     0.00367309
       5       -15.3787     0.00367309
       6       -15.1736     0.00367309
       7       -8.78335     0.00367309
       8       -7.84873     0.00367309
       9       -7.01766     0.00367309
      10       -6.15916     0.00367309
      11       -4.85156     0.00367309
      12       -4.28688     0.00367309
      13       -3.46362     0.00367309
      14      -0.750318        0.00000
      15      -0.208720        0.00000
      16        1.16120        0.00000
      17        1.41666        0.00000
      18        4.64627        0.00000
      19        7.51597        0.00000
      20        7.88032        0.00000
      21        11.1674        0.00000
      22        11.3311        0.00000
      23        11.6990        0.00000

 529/545 kpoint (Cartesian) = 0.30320 0.0000 0.0000 (34776 pws)
       1       -63.6069     0.00367309
       2       -38.0852     0.00367309
       3       -37.8418     0.00367309
       4       -37.8047     0.00367309
       5       -15.3861     0.00367309
       6       -15.1799     0.00367309
       7       -8.82975     0.00367309
       8       -7.82390     0.00367309
       9       -7.03330     0.00367309
      10       -6.15403     0.00367309
      11       -4.86042     0.00367309
      12       -4.05916     0.00367309
      13       -3.54879     0.00367309
      14      -0.770747        0.00000
      15      -0.216761        0.00000
      16        1.25603        0.00000
      17        1.39195        0.00000
      18        4.59531        0.00000
      19        7.44703        0.00000
      20        7.77358        0.00000
      21        11.1844        0.00000
      22        11.3426        0.00000
      23        11.8964        0.00000

 530/545 kpoint (Cartesian) = 0.0000 0.17505 0.0000 (34756 pws)
       1       -63.6071     0.00367309
       2       -38.0855     0.00367309
       3       -37.8421     0.00367309
       4       -37.8024     0.00367309
       5       -15.3959     0.00367309
       6       -15.1848     0.00367309
       7       -8.83756     0.00367309
       8       -7.80795     0.00367309
       9       -7.03558     0.00367309
      10       -6.14796     0.00367309
      11       -4.86122     0.00367309
      12       -3.95953     0.00367309
      13       -3.61105     0.00367309
      14      -0.779955        0.00000
      15      -0.222973        0.00000
      16        1.28991        0.00000
      17        1.37239        0.00000
      18        4.60367        0.00000
      19        7.42261        0.00000
      20        7.74813        0.00000
      21        11.1828        0.00000
      22        11.3530        0.00000
      23        11.9764        0.00000

 531/545 kpoint (Cartesian) = 0.0094749 0.16958 0.0000 (34746 pws)
       1       -63.6073     0.00367309
       2       -38.0820     0.00367309
       3       -37.8425     0.00367309
       4       -37.8039     0.00367309
       5       -15.4078     0.00367309
       6       -15.1880     0.00367309
       7       -8.80666     0.00367309
       8       -7.80115     0.00367309
       9       -7.02426     0.00367309
      10       -6.14332     0.00367309
      11       -4.85194     0.00367309
      12       -4.07382     0.00367309
      13       -3.56990     0.00367309
      14      -0.772281        0.00000
      15      -0.230663        0.00000
      16        1.25125        0.00000
      17        1.36416        0.00000
      18        4.67159        0.00000
      19        7.44948        0.00000
      20        7.80765        0.00000
      21        11.1618        0.00000
      22        11.3666        0.00000
      23        11.9296        0.00000

 532/545 kpoint (Cartesian) = 0.018950 0.16411 0.0000 (34775 pws)
       1       -63.6074     0.00367309
       2       -38.0751     0.00367309
       3       -37.8428     0.00367309
       4       -37.8092     0.00367309
       5       -15.4209     0.00367309
       6       -15.1896     0.00367309
       7       -8.73963     0.00367309
       8       -7.80207     0.00367309
       9       -6.99918     0.00367309
      10       -6.14426     0.00367309
      11       -4.82941     0.00367309
      12       -4.31206     0.00367309
      13       -3.50506     0.00367309
      14      -0.750482        0.00000
      15      -0.240048        0.00000
      16        1.12046        0.00000
      17        1.39578        0.00000
      18        4.79568        0.00000
      19        7.52256        0.00000
      20        7.94054        0.00000
      21        11.1242        0.00000
      22        11.3697        0.00000
      23        11.7723        0.00000

 533/545 kpoint (Cartesian) = 0.028425 0.15864 0.0000 (34752 pws)
       1       -63.6076     0.00367309
       2       -38.0652     0.00367309
       3       -37.8431     0.00367309
       4       -37.8177     0.00367309
       5       -15.4346     0.00367309
       6       -15.1898     0.00367309
       7       -8.64205     0.00367309
       8       -7.80820     0.00367309
       9       -6.96006     0.00367309
      10       -6.15429     0.00367309
      11       -4.79166     0.00367309
      12       -4.60457     0.00367309
      13       -3.46359     0.00367309
      14      -0.722901        0.00000
      15      -0.248871        0.00000
      16       0.938154        0.00000
      17        1.44572        0.00000
      18        4.96904        0.00000
      19        7.62478        0.00000
      20        8.12482        0.00000
      21        11.0772        0.00000
      22        11.2929        0.00000
      23        11.5925        0.00000

 534/545 kpoint (Cartesian) = 0.037900 0.15317 0.0000 (34769 pws)
       1       -63.6077     0.00367309
       2       -38.0531     0.00367309
       3       -37.8434     0.00367309
       4       -37.8286     0.00367309
       5       -15.4477     0.00367309
       6       -15.1889     0.00367309
       7       -8.52317     0.00367309
       8       -7.81679     0.00367309
       9       -6.90609     0.00367309
      10       -6.17375     0.00367309
      11       -4.92212     0.00367309
      12       -4.74036     0.00367309
      13       -3.44572     0.00367309
      14      -0.698326        0.00000
      15      -0.254162        0.00000
      16       0.737020        0.00000
      17        1.50349        0.00000
      18        5.18131        0.00000
      19        7.72660        0.00000
      20        8.33531        0.00000
      21        11.0291        0.00000
      22        11.0432        0.00000
      23        11.5334        0.00000

 535/545 kpoint (Cartesian) = 0.047375 0.14770 0.0000 (34780 pws)
       1       -63.6079     0.00367309
       2       -38.0400     0.00367309
       3       -37.8436     0.00367309
       4       -37.8409     0.00367309
       5       -15.4592     0.00367309
       6       -15.1874     0.00367309
       7       -8.39681     0.00367309
       8       -7.82550     0.00367309
       9       -6.83588     0.00367309
      10       -6.19905     0.00367309
      11       -5.24035     0.00367309
      12       -4.68278     0.00367309
      13       -3.44344     0.00367309
      14      -0.681867        0.00000
      15      -0.254463        0.00000
      16       0.545896        0.00000
      17        1.56049        0.00000
      18        5.41698        0.00000
      19        7.78821        0.00000
      20        8.54704        0.00000
      21        10.7641        0.00000
      22        10.9997        0.00000
      23        11.5135        0.00000

 536/545 kpoint (Cartesian) = 0.056849 0.14223 0.0000 (34769 pws)
       1       -63.6080     0.00367309
       2       -38.0276     0.00367309
       3       -37.8527     0.00367309
       4       -37.8438     0.00367309
       5       -15.4683     0.00367309
       6       -15.1858     0.00367309
       7       -8.28180     0.00367309
       8       -7.83268     0.00367309
       9       -6.74992     0.00367309
      10       -6.22412     0.00367309
      11       -5.53273     0.00367309
      12       -4.62914     0.00367309
      13       -3.44849     0.00367309
      14      -0.673680        0.00000
      15      -0.251077        0.00000
      16       0.389435        0.00000
      17        1.60839        0.00000
      18        5.65037        0.00000
      19        7.77788        0.00000
      20        8.73382        0.00000
      21        10.5933        0.00000
      22        10.9919        0.00000
      23        11.4486        0.00000

 537/545 kpoint (Cartesian) = 0.066324 0.13676 0.0000 (34804 pws)
       1       -63.6080     0.00367309
       2       -38.0184     0.00367309
       3       -37.8616     0.00367309
       4       -37.8439     0.00367309
       5       -15.4742     0.00367309
       6       -15.1845     0.00367309
       7       -8.19992     0.00367309
       8       -7.83740     0.00367309
       9       -6.66158     0.00367309
      10       -6.24271     0.00367309
      11       -5.75942     0.00367309
      12       -4.59065     0.00367309
      13       -3.45423     0.00367309
      14      -0.670760        0.00000
      15      -0.247136        0.00000
      16       0.286884        0.00000
      17        1.64011        0.00000
      18        5.83613        0.00000
      19        7.71459        0.00000
      20        8.86570        0.00000
      21        10.5605        0.00000
      22        11.0084        0.00000
      23        11.2984        0.00000

 538/545 kpoint (Cartesian) = 0.075799 0.13129 0.0000 (34782 pws)
       1       -63.6080     0.00367309
       2       -38.0148     0.00367309
       3       -37.8651     0.00367309
       4       -37.8439     0.00367309
       5       -15.4765     0.00367309
       6       -15.1836     0.00367309
       7       -8.16986     0.00367309
       8       -7.83925     0.00367309
       9       -6.61881     0.00367309
      10       -6.25035     0.00367309
      11       -5.85129     0.00367309
      12       -4.57588     0.00367309
      13       -3.45647     0.00367309
      14      -0.669919        0.00000
      15      -0.245504        0.00000
      16       0.250764        0.00000
      17        1.65087        0.00000
      18        5.90893        0.00000
      19        7.67796        0.00000
      20        8.91363        0.00000
      21        10.5816        0.00000
      22        11.0225        0.00000
      23        11.2014        0.00000

 539/545 kpoint (Cartesian) = 0.085274 0.12582 0.0000 (34804 pws)
       1       -63.6080     0.00367309
       2       -38.0181     0.00367309
       3       -37.8618     0.00367309
       4       -37.8439     0.00367309
       5       -15.4749     0.00367309
       6       -15.1835     0.00367309
       7       -8.19916     0.00367309
       8       -7.83813     0.00367309
       9       -6.66496     0.00367309
      10       -6.24532     0.00367309
      11       -5.75669     0.00367309
      12       -4.58813     0.00367309
      13       -3.45373     0.00367309
      14      -0.669882        0.00000
      15      -0.247290        0.00000
      16       0.285508        0.00000
      17        1.63900        0.00000
      18        5.83151        0.00000
      19        7.71905        0.00000
      20        8.86462        0.00000
      21        10.5606        0.00000
      22        11.0071        0.00000
      23        11.3004        0.00000

 540/545 kpoint (Cartesian) = 0.094749 0.12035 0.0000 (34769 pws)
       1       -63.6080     0.00367309
       2       -38.0272     0.00367309
       3       -37.8530     0.00367309
       4       -37.8438     0.00367309
       5       -15.4696     0.00367309
       6       -15.1839     0.00367309
       7       -8.28042     0.00367309
       8       -7.83419     0.00367309
       9       -6.75493     0.00367309
      10       -6.22911     0.00367309
      11       -5.52894     0.00367309
      12       -4.62433     0.00367309
      13       -3.44748     0.00367309
      14      -0.671947        0.00000
      15      -0.251370        0.00000
      16       0.386802        0.00000
      17        1.60626        0.00000
      18        5.64269        0.00000
      19        7.78483        0.00000
      20        8.73175        0.00000
      21        10.5935        0.00000
      22        10.9902        0.00000
      23        11.4552        0.00000

 541/545 kpoint (Cartesian) = 0.10422 0.11488 0.0000 (34780 pws)
       1       -63.6079     0.00367309
       2       -38.0394     0.00367309
       3       -37.8437     0.00367309
       4       -37.8413     0.00367309
       5       -15.4611     0.00367309
       6       -15.1846     0.00367309
       7       -8.39500     0.00367309
       8       -7.82784     0.00367309
       9       -6.84150     0.00367309
      10       -6.20603     0.00367309
      11       -5.23639     0.00367309
      12       -4.67610     0.00367309
      13       -3.44189     0.00367309
      14      -0.679361        0.00000
      15      -0.254823        0.00000
      16       0.542195        0.00000
      17        1.55747        0.00000
      18        5.40760        0.00000
      19        7.79571        0.00000
      20        8.54409        0.00000
      21        10.7648        0.00000
      22        10.9981        0.00000
      23        11.5244        0.00000

 542/545 kpoint (Cartesian) = 0.11370 0.10941 0.0000 (34769 pws)
       1       -63.6077     0.00367309
       2       -38.0524     0.00367309
       3       -37.8435     0.00367309
       4       -37.8291     0.00367309
       5       -15.4501     0.00367309
       6       -15.1853     0.00367309
       7       -8.52106     0.00367309
       8       -7.82002     0.00367309
       9       -6.91193     0.00367309
      10       -6.18215     0.00367309
      11       -4.91835     0.00367309
      12       -4.73236     0.00367309
      13       -3.44356     0.00367309
      14      -0.695218        0.00000
      15      -0.254437        0.00000
      16       0.732474        0.00000
      17        1.49972        0.00000
      18        5.17096        0.00000
      19        7.73359        0.00000
      20        8.33155        0.00000
      21        11.0274        0.00000
      22        11.0456        0.00000
      23        11.5469        0.00000

 543/545 kpoint (Cartesian) = 0.12317 0.10394 0.0000 (34752 pws)
       1       -63.6076     0.00367309
       2       -38.0644     0.00367309
       3       -37.8432     0.00367309
       4       -37.8181     0.00367309
       5       -15.4374     0.00367309
       6       -15.1856     0.00367309
       7       -8.63973     0.00367309
       8       -7.81234     0.00367309
       9       -6.96596     0.00367309
      10       -6.16344     0.00367309
      11       -4.78293     0.00367309
      12       -4.60135     0.00367309
      13       -3.46065     0.00367309
      14      -0.719413        0.00000
      15      -0.248877        0.00000
      16       0.933074        0.00000
      17        1.44123        0.00000
      18        4.95810        0.00000
      19        7.63092        0.00000
      20        8.12035        0.00000
      21        11.0760        0.00000
      22        11.3001        0.00000
      23        11.6045        0.00000

 544/545 kpoint (Cartesian) = 0.13265 0.098466 0.0000 (34775 pws)
       1       -63.6074     0.00367309
       2       -38.0743     0.00367309
       3       -37.8429     0.00367309
       4       -37.8096     0.00367309
       5       -15.4242     0.00367309
       6       -15.1849     0.00367309
       7       -8.73715     0.00367309
       8       -7.80705     0.00367309
       9       -7.00506     0.00367309
      10       -6.15354     0.00367309
      11       -4.82050     0.00367309
      12       -4.30983     0.00367309
      13       -3.50097     0.00367309
      14      -0.746801        0.00000
      15      -0.239660        0.00000
      16        1.11566        0.00000
      17        1.39008        0.00000
      18        4.78433        0.00000
      19        7.52786        0.00000
      20        7.93552        0.00000
      21        11.1232        0.00000
      22        11.3848        0.00000
      23        11.7795        0.00000

 545/545 kpoint (Cartesian) = 0.14212 0.092996 0.0000 (34746 pws)
       1       -63.6073     0.00367309
       2       -38.0811     0.00367309
       3       -37.8426     0.00367309
       4       -37.8044     0.00367309
       5       -15.4112     0.00367309
       6       -15.1830     0.00367309
       7       -8.80406     0.00367309
       8       -7.80680     0.00367309
       9       -7.03011     0.00367309
      10       -6.15237     0.00367309
      11       -4.84314     0.00367309
      12       -4.07354     0.00367309
      13       -3.56382     0.00367309
      14      -0.768514        0.00000
      15      -0.229870        0.00000
      16        1.25077        0.00000
      17        1.35348        0.00000
      18        4.65996        0.00000
      19        7.45413        0.00000
      20        7.80235        0.00000
      21        11.1609        0.00000
      22        11.3850        0.00000
      23        11.9360        0.00000


 Warning_Memory_Consuming allocated:  ORB::Jl(x) 921.868 MB
 correction force for each atom along direction 1 is 6.57233e-07
 correction force for each atom along direction 2 is 7.31207e-06
 correction force for each atom along direction 3 is -4.33910e-06
------------------------------------------------------------------------------------------
 TOTAL-FORCE (eV/Angstrom)                                                                
------------------------------------------------------------------------------------------
                       Mo1         0.0991935411         0.0000246480         0.0001804881 
                        S1        -0.0951787987         0.0003066689         0.0366453126 
                        S2        -0.0040147424        -0.0003313168        -0.0368258007 
------------------------------------------------------------------------------------------



 --------------------------------------------
 !FINAL_ETOT_IS -2513.929768771056 eV
 --------------------------------------------


TIME STATISTICS
------------------------------------------------------------------------------------
    CLASS_NAME                    NAME                TIME/s  CALLS   AVG/s  PER/%  
------------------------------------------------------------------------------------
                   total                              39.45  13       3.03   100.00 
 Driver            reading                            0.03   1        0.03   0.07   
 Input_Conv        Convert                            0.00   1        0.00   0.00   
 Driver            driver_line                        39.42  1        39.42  99.93  
 UnitCell          check_tau                          0.00   1        0.00   0.00   
 ESolver_KS_LCAO   before_all_runners                 1.68   1        1.68   4.27   
 PW_Basis_Sup      setuptransform                     0.01   1        0.01   0.02   
 PW_Basis_Sup      distributeg                        0.00   1        0.00   0.01   
 mymath            heapsort                           0.03   121      0.00   0.07   
 Charge_Mixing     init_mixing                        0.00   1        0.00   0.00   
 Symmetry          analy_sys                          0.02   1        0.02   0.06   
 PW_Basis_K        setuptransform                     0.65   1        0.65   1.65   
 PW_Basis_K        distributeg                        0.00   1        0.00   0.01   
 PW_Basis          setup_struc_factor                 0.01   1        0.01   0.03   
 NOrbital_Lm       extra_uniform                      0.99   337      0.00   2.52   
 Mathzone_Add1     SplineD2                           0.00   337      0.00   0.01   
 Mathzone_Add1     Cubic_Spline_Interpolation         0.01   337      0.00   0.01   
 Mathzone_Add1     Uni_Deriv_Phi                      0.97   337      0.00   2.45   
 ppcell_vl         init_vloc                          0.01   1        0.01   0.03   
 Ions              opt_ions                           37.54  1        37.54  95.15  
 ESolver_KS_LCAO   runner                             37.17  1        37.17  94.23  
 ESolver_KS_LCAO   before_scf                         0.23   1        0.23   0.58   
 Vdwd3             cal_energy                         0.00   1        0.00   0.00   
 atom_arrange      search                             0.00   1        0.00   0.00   
 atom_arrange      grid_d.init                        0.00   1        0.00   0.00   
 Grid              Construct_Adjacent_expand          0.00   1        0.00   0.00   
 Grid              Construct_Adjacent_expand_periodic 0.00   3        0.00   0.00   
 Grid_Technique    init                               0.02   1        0.02   0.04   
 Grid_BigCell      grid_expansion_index               0.00   2        0.00   0.01   
 Grid_Driver       Find_atom                          0.00   18       0.00   0.00   
 Record_adj        for_2d                             0.00   1        0.00   0.00   
 LCAO_domain       grid_prepare                       0.00   1        0.00   0.00   
 Veff              initialize_HR                      0.00   1        0.00   0.00   
 OverlapNew        initialize_SR                      0.00   1        0.00   0.00   
 EkineticNew       initialize_HR                      0.00   1        0.00   0.00   
 NonlocalNew       initialize_HR                      0.00   1        0.00   0.00   
 Charge            set_rho_core                       0.03   1        0.03   0.07   
 PW_Basis_Sup      recip2real                         0.21   111      0.00   0.54   
 PW_Basis_Sup      gathers_scatterp                   0.03   111      0.00   0.06   
 ModuleIO          read_rhog                          0.04   1        0.04   0.10   
 Potential         init_pot                           0.07   1        0.07   0.17   
 Potential         update_from_charge                 0.77   15       0.05   1.95   
 Potential         cal_fixed_v                        0.01   1        0.01   0.01   
 PotLocal          cal_fixed_v                        0.00   1        0.00   0.01   
 Potential         cal_v_eff                          0.75   15       0.05   1.89   
 H_Hartree_pw      v_hartree                          0.11   15       0.01   0.28   
 PW_Basis_Sup      real2recip                         0.18   128      0.00   0.45   
 PW_Basis_Sup      gatherp_scatters                   0.03   128      0.00   0.07   
 PotXC             cal_v_eff                          0.60   15       0.04   1.53   
 XC_Functional     v_xc                               0.62   16       0.04   1.57   
 Potential         interpolate_vrs                    0.02   15       0.00   0.05   
 Symmetry          rhog_symmetry                      0.58   15       0.04   1.48   
 Symmetry          group fft grids                    0.43   15       0.03   1.10   
 H_Ewald_pw        compute_ewald                      0.01   1        0.01   0.03   
 HSolverLCAO       solve                              30.95  14       2.21   78.45  
 HamiltLCAO        updateHk                           1.41   7630     0.00   3.56   
 OperatorLCAO      init                               0.74   22890    0.00   1.88   
 Veff              contributeHR                       0.39   14       0.03   0.99   
 Gint_interface    cal_gint                           0.75   29       0.03   1.91   
 Gint_interface    cal_gint_vlocal                    0.37   14       0.03   0.93   
 Gint_Tools        cal_psir_ylm                       0.48   1181     0.00   1.22   
 Gint_k            transfer_pvpR                      0.00   14       0.00   0.01   
 OverlapNew        calculate_SR                       0.04   1        0.04   0.10   
 OverlapNew        contributeHk                       0.61   7630     0.00   1.55   
 EkineticNew       contributeHR                       0.06   14       0.00   0.15   
 EkineticNew       calculate_HR                       0.06   1        0.06   0.15   
 NonlocalNew       contributeHR                       0.08   14       0.01   0.21   
 NonlocalNew       calculate_HR                       0.08   1        0.08   0.20   
 OperatorLCAO      contributeHk                       0.16   7630     0.00   0.42   
 HSolverLCAO       hamiltSolvePsiK                    28.16  7630     0.00   71.38  
 DiagoElpa         elpa_solve                         26.39  7630     0.00   66.90  
 elecstate         cal_dm                             0.95   15       0.06   2.41   
 psiMulPsiMpi      pdgemm                             0.50   8175     0.00   1.28   
 DensityMatrix     cal_DMR                            0.07   15       0.00   0.18   
 ElecStateLCAO     psiToRho                           0.40   14       0.03   1.02   
 Gint              transfer_DMR                       0.01   14       0.00   0.01   
 Gint_interface    cal_gint_rho                       0.33   14       0.02   0.84   
 Charge_Mixing     get_drho                           0.00   14       0.00   0.01   
 Charge            mix_rho                            0.17   13       0.01   0.43   
 Charge            Broyden_mixing                     0.02   13       0.00   0.06   
 ModuleIO          write_rhog                         0.06   1        0.06   0.14   
 ESolver_KS_LCAO   after_scf                          4.19   1        4.19   10.61  
 Charge            atomic_rho                         0.02   1        0.02   0.06   
 ModuleIO          output_HSR                         0.18   1        0.18   0.44   
 ModuleIO          save_HSR_sparse                    0.16   1        0.16   0.42   
 cal_r_overlap_R   init                               3.20   1        3.20   8.10   
 ORB_gaunt_table   init_Gaunt_CH                      0.00   1        0.00   0.00   
 ORB_gaunt_table   Calc_Gaunt_CH                      0.00   1631     0.00   0.00   
 ORB_gaunt_table   init_Gaunt                         0.01   1        0.01   0.03   
 ORB_gaunt_table   Get_Gaunt_SH                       0.00   25313    0.00   0.01   
 Center2_Orb       cal_ST_Phi12_R                     1.18   769      0.00   2.99   
 cal_r_overlap_R   out_rR_other                       0.42   1        0.42   1.06   
 ESolver_KS_LCAO   cal_force                          0.36   1        0.36   0.92   
 Force_Stress_LCAO getForceStress                     0.36   1        0.36   0.92   
 Forces            cal_force_loc                      0.02   1        0.02   0.04   
 Forces            cal_force_ew                       0.01   1        0.01   0.03   
 Forces            cal_force_cc                       0.07   1        0.07   0.19   
 Forces            cal_force_scc                      0.02   1        0.02   0.04   
 Force_LCAO        ftable                             0.22   1        0.22   0.55   
 Force_LCAO        allocate                           0.12   1        0.12   0.29   
 LCAO_domain       build_ST_new                       0.12   2        0.06   0.29   
 Force_LCAO        cal_pulay_fs_center2               0.00   2        0.00   0.00   
 Gint_interface    cal_gint_force                     0.03   1        0.03   0.08   
 Gint_Tools        cal_dpsir_ylm                      0.02   41       0.00   0.05   
 NonlocalNew       cal_force_stress                   0.02   1        0.02   0.05   
 Vdwd3             cal_force                          0.01   1        0.01   0.01   
 ESolver_KS_LCAO   after_all_runners                  0.19   1        0.19   0.48   
 ModuleIO          write_istate_info                  0.19   1        0.19   0.48   
------------------------------------------------------------------------------------


 NAME-------------------------|MEMORY(MB)--------
                         total          1589.
                    ORB::Jl(x)          921.9
                  PW_B_K::gcar          436.5
                   PW_B_K::gk2          145.5
            DensityMatrix::DMK          23.36
                  SF::strucFac          8.499
                      Chg::rho          5.273
                 Chg::rho_save          5.273
                 Chg::rho_core          5.273
                 Pot::veff_fix          5.273
                     Pot::veff          5.273
              Pot::veff_smooth          5.273
       TwoCenterTable: Kinetic          3.023
       TwoCenterTable: Overlap          3.023
      TwoCenterTable: Nonlocal          2.676
                     Chg::rhog          2.125
                Chg::rhog_save          2.125
                Chg::rhog_core          2.125
                   Force::dS_K          1.097
                  Force::dTVNL          1.097
 -------------   < 1.0 MB has been ignored ----------------
 ----------------------------------------------------------

 Start  Time  : Fri Sep  4 16:49:29 2026
 Finish Time  : Fri Sep  4 16:50:08 2026
 Total  Time  : 0 h 0 mins 39 secs 
