# frequency_cm-1 xx xy xz yx yy yz zx zy zz
0.00000000 1.6063767053e+02 -2.7080619279e-04 3.6080654315e-04 -2.7080619279e-04 1.6064007798e+02 8.9450459036e-04 3.6080654315e-04 8.9450459036e-04 7.5385862967e+01
0.24489164 1.6063767060e+02 -2.7080631838e-04 3.6080671164e-04 -2.7080631838e-04 1.6064007805e+02 8.9450500514e-04 3.6080671164e-04 8.9450500514e-04 7.5385862967e+01
0.48978329 1.6063767082e+02 -2.7080669517e-04 3.6080721711e-04 -2.7080669517e-04 1.6064007828e+02 8.9450624949e-04 3.6080721711e-04 8.9450624949e-04 7.5385862967e+01
0.73467493 1.6063767118e+02 -2.7080732314e-04 3.6080805957e-04 -2.7080732314e-04 1.6064007865e+02 8.9450832340e-04 3.6080805957e-04 8.9450832340e-04 7.5385862968e+01
0.97956658 1.6063767169e+02 -2.7080820231e-04 3.6080923903e-04 -2.7080820231e-04 1.6064007917e+02 8.9451122690e-04 3.6080923903e-04 8.9451122690e-04 7.5385862968e+01
1.22445822 1.6063767235e+02 -2.7080933268e-04 3.6081075548e-04 -2.7080933268e-04 1.6064007983e+02 8.9451496000e-04 3.6081075548e-04 8.9451496000e-04 7.5385862968e+01
1.46934986 1.6063767316e+02 -2.7081071425e-04 3.6081260894e-04 -2.7081071425e-04 1.6064008065e+02 8.9451952271e-04 3.6081260894e-04 8.9451952271e-04 7.5385862968e+01
1.71424151 1.6063767411e+02 -2.7081234703e-04 3.6081479941e-04 -2.7081234703e-04 1.6064008161e+02 8.9452491507e-04 3.6081479941e-04 8.9452491507e-04 7.5385862968e+01
1.95913315 1.6063767520e+02 -2.7081423104e-04 3.6081732692e-04 -2.7081423104e-04 1.6064008273e+02 8.9453113711e-04 3.6081732692e-04 8.9453113711e-04 7.5385862968e+01
2.20402479 1.6063767644e+02 -2.7081636628e-04 3.6082019147e-04 -2.7081636628e-04 1.6064008399e+02 8.9453818885e-04 3.6082019147e-04 8.9453818885e-04 7.5385862968e+01
2.44891644 1.6063767783e+02 -2.7081875277e-04 3.6082339308e-04 -2.7081875277e-04 1.6064008540e+02 8.9454607034e-04 3.6082339308e-04 8.9454607034e-04 7.5385862968e+01
2.69380808 1.6063767937e+02 -2.7082139051e-04 3.6082693176e-04 -2.7082139051e-04 1.6064008696e+02 8.9455478163e-04 3.6082693176e-04 8.9455478163e-04 7.5385862968e+01
2.93869973 1.6063768105e+02 -2.7082427953e-04 3.6083080755e-04 -2.7082427953e-04 1.6064008866e+02 8.9456432275e-04 3.6083080755e-04 8.9456432275e-04 7.5385862968e+01
3.18359137 1.6063768287e+02 -2.7082741983e-04 3.6083502045e-04 -2.7082741983e-04 1.6064009052e+02 8.9457469377e-04 3.6083502045e-04 8.9457469377e-04 7.5385862968e+01
3.42848301 1.6063768485e+02 -2.7083081144e-04 3.6083957050e-04 -2.7083081144e-04 1.6064009252e+02 8.9458589474e-04 3.6083957050e-04 8.9458589474e-04 7.5385862968e+01
3.67337466 1.6063768696e+02 -2.7083445438e-04 3.6084445771e-04 -2.7083445438e-04 1.6064009467e+02 8.9459792572e-04 3.6084445771e-04 8.9459792572e-04 7.5385862968e+01
3.91826630 1.6063768923e+02 -2.7083834866e-04 3.6084968213e-04 -2.7083834866e-04 1.6064009697e+02 8.9461078679e-04 3.6084968213e-04 8.9461078679e-04 7.5385862969e+01
4.16315794 1.6063769164e+02 -2.7084249431e-04 3.6085524377e-04 -2.7084249431e-04 1.6064009942e+02 8.9462447801e-04 3.6085524377e-04 8.9462447801e-04 7.5385862969e+01
4.40804959 1.6063769420e+02 -2.7084689135e-04 3.6086114266e-04 -2.7084689135e-04 1.6064010202e+02 8.9463899945e-04 3.6086114266e-04 8.9463899945e-04 7.5385862969e+01
4.65294123 1.6063769690e+02 -2.7085153980e-04 3.6086737885e-04 -2.7085153980e-04 1.6064010476e+02 8.9465435121e-04 3.6086737885e-04 8.9465435121e-04 7.5385862969e+01
4.89783288 1.6063769975e+02 -2.7085643969e-04 3.6087395236e-04 -2.7085643969e-04 1.6064010765e+02 8.9467053336e-04 3.6087395236e-04 8.9467053336e-04 7.5385862969e+01
5.14272452 1.6063770275e+02 -2.7086159105e-04 3.6088086324e-04 -2.7086159105e-04 1.6064011070e+02 8.9468754599e-04 3.6088086324e-04 8.9468754599e-04 7.5385862969e+01
5.38761616 1.6063770589e+02 -2.7086699391e-04 3.6088811152e-04 -2.7086699391e-04 1.6064011389e+02 8.9470538921e-04 3.6088811152e-04 8.9470538921e-04 7.5385862969e+01
5.63250781 1.6063770918e+02 -2.7087264830e-04 3.6089569724e-04 -2.7087264830e-04 1.6064011723e+02 8.9472406310e-04 3.6089569724e-04 8.9472406310e-04 7.5385862970e+01
5.87739945 1.6063771262e+02 -2.7087855424e-04 3.6090362044e-04 -2.7087855424e-04 1.6064012071e+02 8.9474356777e-04 3.6090362044e-04 8.9474356777e-04 7.5385862970e+01
6.12229109 1.6063771620e+02 -2.7088471177e-04 3.6091188118e-04 -2.7088471177e-04 1.6064012435e+02 8.9476390334e-04 3.6091188118e-04 8.9476390334e-04 7.5385862970e+01
6.36718274 1.6063771992e+02 -2.7089112093e-04 3.6092047949e-04 -2.7089112093e-04 1.6064012813e+02 8.9478506991e-04 3.6092047949e-04 8.9478506991e-04 7.5385862970e+01
6.61207438 1.6063772380e+02 -2.7089778175e-04 3.6092941543e-04 -2.7089778175e-04 1.6064013207e+02 8.9480706761e-04 3.6092941543e-04 8.9480706761e-04 7.5385862970e+01
6.85696603 1.6063772782e+02 -2.7090469427e-04 3.6093868905e-04 -2.7090469427e-04 1.6064013615e+02 8.9482989654e-04 3.6093868905e-04 8.9482989654e-04 7.5385862971e+01
7.10185767 1.6063773199e+02 -2.7091185852e-04 3.6094830039e-04 -2.7091185852e-04 1.6064014038e+02 8.9485355685e-04 3.6094830039e-04 8.9485355685e-04 7.5385862971e+01
7.34674931 1.6063773630e+02 -2.7091927455e-04 3.6095824951e-04 -2.7091927455e-04 1.6064014476e+02 8.9487804867e-04 3.6095824951e-04 8.9487804867e-04 7.5385862971e+01
7.59164096 1.6063774076e+02 -2.7092694240e-04 3.6096853648e-04 -2.7092694240e-04 1.6064014929e+02 8.9490337212e-04 3.6096853648e-04 8.9490337212e-04 7.5385862971e+01
7.83653260 1.6063774537e+02 -2.7093486211e-04 3.6097916134e-04 -2.7093486211e-04 1.6064015397e+02 8.9492952736e-04 3.6097916134e-04 8.9492952736e-04 7.5385862972e+01
8.08142424 1.6063775012e+02 -2.7094303372e-04 3.6099012415e-04 -2.7094303372e-04 1.6064015879e+02 8.9495651452e-04 3.6099012415e-04 8.9495651452e-04 7.5385862972e+01
8.32631589 1.6063775502e+02 -2.7095145728e-04 3.6100142499e-04 -2.7095145728e-04 1.6064016377e+02 8.9498433376e-04 3.6100142499e-04 8.9498433376e-04 7.5385862972e+01
8.57120753 1.6063776007e+02 -2.7096013284e-04 3.6101306390e-04 -2.7096013284e-04 1.6064016889e+02 8.9501298523e-04 3.6101306390e-04 8.9501298523e-04 7.5385862973e+01
8.81609918 1.6063776526e+02 -2.7096906045e-04 3.6102504097e-04 -2.7096906045e-04 1.6064017416e+02 8.9504246909e-04 3.6102504097e-04 8.9504246909e-04 7.5385862973e+01
9.06099082 1.6063777060e+02 -2.7097824015e-04 3.6103735625e-04 -2.7097824015e-04 1.6064017958e+02 8.9507278551e-04 3.6103735625e-04 8.9507278551e-04 7.5385862973e+01
9.30588246 1.6063777608e+02 -2.7098767200e-04 3.6105000981e-04 -2.7098767200e-04 1.6064018515e+02 8.9510393465e-04 3.6105000981e-04 8.9510393465e-04 7.5385862973e+01
9.55077411 1.6063778172e+02 -2.7099735604e-04 3.6106300173e-04 -2.7099735604e-04 1.6064019087e+02 8.9513591669e-04 3.6106300173e-04 8.9513591669e-04 7.5385862974e+01
9.79566575 1.6063778750e+02 -2.7100729234e-04 3.6107633208e-04 -2.7100729234e-04 1.6064019674e+02 8.9516873181e-04 3.6107633208e-04 8.9516873181e-04 7.5385862974e+01
10.04055740 1.6063779342e+02 -2.7101748095e-04 3.6109000094e-04 -2.7101748095e-04 1.6064020276e+02 8.9520238018e-04 3.6109000094e-04 8.9520238018e-04 7.5385862974e+01
10.28544904 1.6063779950e+02 -2.7102792192e-04 3.6110400838e-04 -2.7102792192e-04 1.6064020892e+02 8.9523686201e-04 3.6110400838e-04 8.9523686201e-04 7.5385862975e+01
10.53034068 1.6063780572e+02 -2.7103861532e-04 3.6111835448e-04 -2.7103861532e-04 1.6064021524e+02 8.9527217747e-04 3.6111835448e-04 8.9527217747e-04 7.5385862975e+01
10.77523233 1.6063781208e+02 -2.7104956120e-04 3.6113303932e-04 -2.7104956120e-04 1.6064022170e+02 8.9530832677e-04 3.6113303932e-04 8.9530832677e-04 7.5385862976e+01
11.02012397 1.6063781860e+02 -2.7106075963e-04 3.6114806298e-04 -2.7106075963e-04 1.6064022832e+02 8.9534531011e-04 3.6114806298e-04 8.9534531011e-04 7.5385862976e+01
11.26501561 1.6063782526e+02 -2.7107221066e-04 3.6116342556e-04 -2.7107221066e-04 1.6064023508e+02 8.9538312769e-04 3.6116342556e-04 8.9538312769e-04 7.5385862976e+01
11.50990726 1.6063783206e+02 -2.7108391436e-04 3.6117912714e-04 -2.7108391436e-04 1.6064024199e+02 8.9542177973e-04 3.6117912714e-04 8.9542177973e-04 7.5385862977e+01
11.75479890 1.6063783902e+02 -2.7109587080e-04 3.6119516780e-04 -2.7109587080e-04 1.6064024905e+02 8.9546126644e-04 3.6119516780e-04 8.9546126644e-04 7.5385862977e+01
11.99969055 1.6063784612e+02 -2.7110808004e-04 3.6121154763e-04 -2.7110808004e-04 1.6064025626e+02 8.9550158804e-04 3.6121154763e-04 8.9550158804e-04 7.5385862977e+01
12.24458219 1.6063785337e+02 -2.7112054215e-04 3.6122826674e-04 -2.7112054215e-04 1.6064026362e+02 8.9554274475e-04 3.6122826674e-04 8.9554274475e-04 7.5385862978e+01
12.48947383 1.6063786077e+02 -2.7113325720e-04 3.6124532521e-04 -2.7113325720e-04 1.6064027113e+02 8.9558473681e-04 3.6124532521e-04 8.9558473681e-04 7.5385862978e+01
12.73436548 1.6063786831e+02 -2.7114622526e-04 3.6126272314e-04 -2.7114622526e-04 1.6064027879e+02 8.9562756445e-04 3.6126272314e-04 8.9562756445e-04 7.5385862979e+01
12.97925712 1.6063787600e+02 -2.7115944641e-04 3.6128046063e-04 -2.7115944641e-04 1.6064028659e+02 8.9567122791e-04 3.6128046063e-04 8.9567122791e-04 7.5385862979e+01
13.22414876 1.6063788384e+02 -2.7117292072e-04 3.6129853778e-04 -2.7117292072e-04 1.6064029455e+02 8.9571572744e-04 3.6129853778e-04 8.9571572744e-04 7.5385862980e+01
13.46904041 1.6063789182e+02 -2.7118664826e-04 3.6131695469e-04 -2.7118664826e-04 1.6064030266e+02 8.9576106327e-04 3.6131695469e-04 8.9576106327e-04 7.5385862980e+01
13.71393205 1.6063789995e+02 -2.7120062910e-04 3.6133571146e-04 -2.7120062910e-04 1.6064031091e+02 8.9580723567e-04 3.6133571146e-04 8.9580723567e-04 7.5385862981e+01
13.95882370 1.6063790823e+02 -2.7121486334e-04 3.6135480821e-04 -2.7121486334e-04 1.6064031932e+02 8.9585424489e-04 3.6135480821e-04 8.9585424489e-04 7.5385862981e+01
14.20371534 1.6063791666e+02 -2.7122935104e-04 3.6137424503e-04 -2.7122935104e-04 1.6064032788e+02 8.9590209120e-04 3.6137424503e-04 8.9590209120e-04 7.5385862981e+01
14.44860698 1.6063792523e+02 -2.7124409230e-04 3.6139402205e-04 -2.7124409230e-04 1.6064033658e+02 8.9595077486e-04 3.6139402205e-04 8.9595077486e-04 7.5385862982e+01
14.69349863 1.6063793395e+02 -2.7125908718e-04 3.6141413937e-04 -2.7125908718e-04 1.6064034544e+02 8.9600029614e-04 3.6141413937e-04 8.9600029614e-04 7.5385862982e+01
14.93839027 1.6063794282e+02 -2.7127433578e-04 3.6143459710e-04 -2.7127433578e-04 1.6064035444e+02 8.9605065533e-04 3.6143459710e-04 8.9605065533e-04 7.5385862983e+01
15.18328191 1.6063795184e+02 -2.7128983818e-04 3.6145539537e-04 -2.7128983818e-04 1.6064036360e+02 8.9610185270e-04 3.6145539537e-04 8.9610185270e-04 7.5385862983e+01
15.42817356 1.6063796101e+02 -2.7130559446e-04 3.6147653428e-04 -2.7130559446e-04 1.6064037290e+02 8.9615388854e-04 3.6147653428e-04 8.9615388854e-04 7.5385862984e+01
15.67306520 1.6063797032e+02 -2.7132160472e-04 3.6149801396e-04 -2.7132160472e-04 1.6064038236e+02 8.9620676313e-04 3.6149801396e-04 8.9620676313e-04 7.5385862985e+01
15.91795685 1.6063797978e+02 -2.7133786905e-04 3.6151983454e-04 -2.7133786905e-04 1.6064039196e+02 8.9626047679e-04 3.6151983454e-04 8.9626047679e-04 7.5385862985e+01
16.16284849 1.6063798939e+02 -2.7135438753e-04 3.6154199613e-04 -2.7135438753e-04 1.6064040172e+02 8.9631502980e-04 3.6154199613e-04 8.9631502980e-04 7.5385862986e+01
16.40774013 1.6063799914e+02 -2.7137116026e-04 3.6156449886e-04 -2.7137116026e-04 1.6064041162e+02 8.9637042247e-04 3.6156449886e-04 8.9637042247e-04 7.5385862986e+01
16.65263178 1.6063800905e+02 -2.7138818733e-04 3.6158734286e-04 -2.7138818733e-04 1.6064042168e+02 8.9642665511e-04 3.6158734286e-04 8.9642665511e-04 7.5385862987e+01
16.89752342 1.6063801910e+02 -2.7140546884e-04 3.6161052825e-04 -2.7140546884e-04 1.6064043188e+02 8.9648372804e-04 3.6161052825e-04 8.9648372804e-04 7.5385862987e+01
17.14241506 1.6063802930e+02 -2.7142300488e-04 3.6163405518e-04 -2.7142300488e-04 1.6064044224e+02 8.9654164158e-04 3.6163405518e-04 8.9654164158e-04 7.5385862988e+01
17.38730671 1.6063803965e+02 -2.7144079556e-04 3.6165792377e-04 -2.7144079556e-04 1.6064045274e+02 8.9660039604e-04 3.6165792377e-04 8.9660039604e-04 7.5385862988e+01
17.63219835 1.6063805014e+02 -2.7145884096e-04 3.6168213415e-04 -2.7145884096e-04 1.6064046340e+02 8.9665999177e-04 3.6168213415e-04 8.9665999177e-04 7.5385862989e+01
17.87709000 1.6063806079e+02 -2.7147714121e-04 3.6170668648e-04 -2.7147714121e-04 1.6064047421e+02 8.9672042909e-04 3.6170668648e-04 8.9672042909e-04 7.5385862990e+01
18.12198164 1.6063807158e+02 -2.7149569638e-04 3.6173158087e-04 -2.7149569638e-04 1.6064048517e+02 8.9678170834e-04 3.6173158087e-04 8.9678170834e-04 7.5385862990e+01
18.36687328 1.6063808252e+02 -2.7151450660e-04 3.6175681749e-04 -2.7151450660e-04 1.6064049627e+02 8.9684382986e-04 3.6175681749e-04 8.9684382986e-04 7.5385862991e+01
18.61176493 1.6063809361e+02 -2.7153357196e-04 3.6178239646e-04 -2.7153357196e-04 1.6064050753e+02 8.9690679401e-04 3.6178239646e-04 8.9690679401e-04 7.5385862992e+01
18.85665657 1.6063810485e+02 -2.7155289258e-04 3.6180831794e-04 -2.7155289258e-04 1.6064051894e+02 8.9697060114e-04 3.6180831794e-04 8.9697060114e-04 7.5385862992e+01
19.10154821 1.6063811623e+02 -2.7157246855e-04 3.6183458207e-04 -2.7157246855e-04 1.6064053050e+02 8.9703525160e-04 3.6183458207e-04 8.9703525160e-04 7.5385862993e+01
19.34643986 1.6063812777e+02 -2.7159230000e-04 3.6186118900e-04 -2.7159230000e-04 1.6064054221e+02 8.9710074575e-04 3.6186118900e-04 8.9710074575e-04 7.5385862993e+01
19.59133150 1.6063813945e+02 -2.7161238703e-04 3.6188813888e-04 -2.7161238703e-04 1.6064055408e+02 8.9716708397e-04 3.6188813888e-04 8.9716708397e-04 7.5385862994e+01
19.83622315 1.6063815129e+02 -2.7163272975e-04 3.6191543187e-04 -2.7163272975e-04 1.6064056609e+02 8.9723426663e-04 3.6191543187e-04 8.9723426663e-04 7.5385862995e+01
20.08111479 1.6063816327e+02 -2.7165332829e-04 3.6194306813e-04 -2.7165332829e-04 1.6064057825e+02 8.9730229410e-04 3.6194306813e-04 8.9730229410e-04 7.5385862995e+01
20.32600643 1.6063817540e+02 -2.7167418274e-04 3.6197104780e-04 -2.7167418274e-04 1.6064059057e+02 8.9737116676e-04 3.6197104780e-04 8.9737116676e-04 7.5385862996e+01
20.57089808 1.6063818768e+02 -2.7169529324e-04 3.6199937105e-04 -2.7169529324e-04 1.6064060304e+02 8.9744088501e-04 3.6199937105e-04 8.9744088501e-04 7.5385862997e+01
20.81578972 1.6063820010e+02 -2.7171665990e-04 3.6202803804e-04 -2.7171665990e-04 1.6064061566e+02 8.9751144923e-04 3.6202803804e-04 8.9751144923e-04 7.5385862998e+01
21.06068137 1.6063821268e+02 -2.7173828284e-04 3.6205704893e-04 -2.7173828284e-04 1.6064062842e+02 8.9758285982e-04 3.6205704893e-04 8.9758285982e-04 7.5385862998e+01
21.30557301 1.6063822541e+02 -2.7176016219e-04 3.6208640388e-04 -2.7176016219e-04 1.6064064135e+02 8.9765511718e-04 3.6208640388e-04 8.9765511718e-04 7.5385862999e+01
21.55046465 1.6063823828e+02 -2.7178229805e-04 3.6211610308e-04 -2.7178229805e-04 1.6064065442e+02 8.9772822171e-04 3.6211610308e-04 8.9772822171e-04 7.5385863000e+01
21.79535630 1.6063825131e+02 -2.7180469057e-04 3.6214614667e-04 -2.7180469057e-04 1.6064066764e+02 8.9780217384e-04 3.6214614667e-04 8.9780217384e-04 7.5385863000e+01
22.04024794 1.6063826448e+02 -2.7182733987e-04 3.6217653484e-04 -2.7182733987e-04 1.6064068102e+02 8.9787697397e-04 3.6217653484e-04 8.9787697397e-04 7.5385863001e+01
22.28513958 1.6063827780e+02 -2.7185024606e-04 3.6220726776e-04 -2.7185024606e-04 1.6064069454e+02 8.9795262253e-04 3.6220726776e-04 8.9795262253e-04 7.5385863002e+01
22.53003123 1.6063829128e+02 -2.7187340929e-04 3.6223834561e-04 -2.7187340929e-04 1.6064070822e+02 8.9802911993e-04 3.6223834561e-04 8.9802911993e-04 7.5385863003e+01
22.77492287 1.6063830490e+02 -2.7189682969e-04 3.6226976855e-04 -2.7189682969e-04 1.6064072205e+02 8.9810646662e-04 3.6226976855e-04 8.9810646662e-04 7.5385863004e+01
23.01981452 1.6063831867e+02 -2.7192050737e-04 3.6230153678e-04 -2.7192050737e-04 1.6064073604e+02 8.9818466302e-04 3.6230153678e-04 8.9818466302e-04 7.5385863004e+01
23.26470616 1.6063833259e+02 -2.7194444249e-04 3.6233365046e-04 -2.7194444249e-04 1.6064075017e+02 8.9826370958e-04 3.6233365046e-04 8.9826370958e-04 7.5385863005e+01
23.50959780 1.6063834667e+02 -2.7196863516e-04 3.6236610979e-04 -2.7196863516e-04 1.6064076446e+02 8.9834360674e-04 3.6236610979e-04 8.9834360674e-04 7.5385863006e+01
23.75448945 1.6063836089e+02 -2.7199308554e-04 3.6239891495e-04 -2.7199308554e-04 1.6064077890e+02 8.9842435495e-04 3.6239891495e-04 8.9842435495e-04 7.5385863007e+01
23.99938109 1.6063837526e+02 -2.7201779375e-04 3.6243206613e-04 -2.7201779375e-04 1.6064079349e+02 8.9850595466e-04 3.6243206613e-04 8.9850595466e-04 7.5385863008e+01
24.24427273 1.6063838978e+02 -2.7204275994e-04 3.6246556351e-04 -2.7204275994e-04 1.6064080823e+02 8.9858840635e-04 3.6246556351e-04 8.9858840635e-04 7.5385863008e+01
24.48916438 1.6063840445e+02 -2.7206798425e-04 3.6249940730e-04 -2.7206798425e-04 1.6064082313e+02 8.9867171046e-04 3.6249940730e-04 8.9867171046e-04 7.5385863009e+01
24.73405602 1.6063841927e+02 -2.7209346682e-04 3.6253359767e-04 -2.7209346682e-04 1.6064083818e+02 8.9875586748e-04 3.6253359767e-04 8.9875586748e-04 7.5385863010e+01
24.97894767 1.6063843425e+02 -2.7211920779e-04 3.6256813483e-04 -2.7211920779e-04 1.6064085338e+02 8.9884087787e-04 3.6256813483e-04 8.9884087787e-04 7.5385863011e+01
25.22383931 1.6063844937e+02 -2.7214520731e-04 3.6260301898e-04 -2.7214520731e-04 1.6064086873e+02 8.9892674212e-04 3.6260301898e-04 8.9892674212e-04 7.5385863012e+01
25.46873095 1.6063846464e+02 -2.7217146552e-04 3.6263825031e-04 -2.7217146552e-04 1.6064088424e+02 8.9901346070e-04 3.6263825031e-04 8.9901346070e-04 7.5385863013e+01
25.71362260 1.6063848006e+02 -2.7219798258e-04 3.6267382903e-04 -2.7219798258e-04 1.6064089990e+02 8.9910103412e-04 3.6267382903e-04 8.9910103412e-04 7.5385863014e+01
25.95851424 1.6063849564e+02 -2.7222475863e-04 3.6270975533e-04 -2.7222475863e-04 1.6064091571e+02 8.9918946286e-04 3.6270975533e-04 8.9918946286e-04 7.5385863014e+01
26.20340588 1.6063851136e+02 -2.7225179383e-04 3.6274602943e-04 -2.7225179383e-04 1.6064093167e+02 8.9927874743e-04 3.6274602943e-04 8.9927874743e-04 7.5385863015e+01
26.44829753 1.6063852724e+02 -2.7227908832e-04 3.6278265154e-04 -2.7227908832e-04 1.6064094779e+02 8.9936888832e-04 3.6278265154e-04 8.9936888832e-04 7.5385863016e+01
26.69318917 1.6063854327e+02 -2.7230664227e-04 3.6281962185e-04 -2.7230664227e-04 1.6064096406e+02 8.9945988605e-04 3.6281962185e-04 8.9945988605e-04 7.5385863017e+01
26.93808082 1.6063855944e+02 -2.7233445582e-04 3.6285694059e-04 -2.7233445582e-04 1.6064098049e+02 8.9955174113e-04 3.6285694059e-04 8.9955174113e-04 7.5385863018e+01
27.18297246 1.6063857577e+02 -2.7236252914e-04 3.6289460797e-04 -2.7236252914e-04 1.6064099707e+02 8.9964445408e-04 3.6289460797e-04 8.9964445408e-04 7.5385863019e+01
27.42786410 1.6063859225e+02 -2.7239086239e-04 3.6293262421e-04 -2.7239086239e-04 1.6064101380e+02 8.9973802543e-04 3.6293262421e-04 8.9973802543e-04 7.5385863020e+01
27.67275575 1.6063860888e+02 -2.7241945572e-04 3.6297098952e-04 -2.7241945572e-04 1.6064103069e+02 8.9983245570e-04 3.6297098952e-04 8.9983245570e-04 7.5385863021e+01
27.91764739 1.6063862567e+02 -2.7244830930e-04 3.6300970412e-04 -2.7244830930e-04 1.6064104772e+02 8.9992774544e-04 3.6300970412e-04 8.9992774544e-04 7.5385863022e+01
28.16253903 1.6063864260e+02 -2.7247742328e-04 3.6304876823e-04 -2.7247742328e-04 1.6064106492e+02 9.0002389517e-04 3.6304876823e-04 9.0002389517e-04 7.5385863023e+01
28.40743068 1.6063865969e+02 -2.7250679785e-04 3.6308818209e-04 -2.7250679785e-04 1.6064108226e+02 9.0012090545e-04 3.6308818209e-04 9.0012090545e-04 7.5385863024e+01
28.65232232 1.6063867692e+02 -2.7253643315e-04 3.6312794591e-04 -2.7253643315e-04 1.6064109977e+02 9.0021877682e-04 3.6312794591e-04 9.0021877682e-04 7.5385863025e+01
28.89721397 1.6063869431e+02 -2.7256632937e-04 3.6316805992e-04 -2.7256632937e-04 1.6064111742e+02 9.0031750984e-04 3.6316805992e-04 9.0031750984e-04 7.5385863026e+01
29.14210561 1.6063871185e+02 -2.7259648666e-04 3.6320852436e-04 -2.7259648666e-04 1.6064113523e+02 9.0041710507e-04 3.6320852436e-04 9.0041710507e-04 7.5385863027e+01
29.38699725 1.6063872955e+02 -2.7262690520e-04 3.6324933946e-04 -2.7262690520e-04 1.6064115319e+02 9.0051756307e-04 3.6324933946e-04 9.0051756307e-04 7.5385863028e+01
29.63188890 1.6063874739e+02 -2.7265758517e-04 3.6329050545e-04 -2.7265758517e-04 1.6064117131e+02 9.0061888442e-04 3.6329050545e-04 9.0061888442e-04 7.5385863029e+01
29.87678054 1.6063876539e+02 -2.7268852674e-04 3.6333202257e-04 -2.7268852674e-04 1.6064118958e+02 9.0072106968e-04 3.6333202257e-04 9.0072106968e-04 7.5385863030e+01
30.12167219 1.6063878354e+02 -2.7271973008e-04 3.6337389106e-04 -2.7271973008e-04 1.6064120801e+02 9.0082411945e-04 3.6337389106e-04 9.0082411945e-04 7.5385863031e+01
30.36656383 1.6063880184e+02 -2.7275119537e-04 3.6341611115e-04 -2.7275119537e-04 1.6064122659e+02 9.0092803429e-04 3.6341611115e-04 9.0092803429e-04 7.5385863032e+01
30.61145547 1.6063882029e+02 -2.7278292279e-04 3.6345868310e-04 -2.7278292279e-04 1.6064124533e+02 9.0103281481e-04 3.6345868310e-04 9.0103281481e-04 7.5385863033e+01
30.85634712 1.6063883890e+02 -2.7281491252e-04 3.6350160715e-04 -2.7281491252e-04 1.6064126422e+02 9.0113846160e-04 3.6350160715e-04 9.0113846160e-04 7.5385863034e+01
31.10123876 1.6063885766e+02 -2.7284716474e-04 3.6354488354e-04 -2.7284716474e-04 1.6064128326e+02 9.0124497526e-04 3.6354488354e-04 9.0124497526e-04 7.5385863035e+01
31.34613040 1.6063887657e+02 -2.7287967964e-04 3.6358851253e-04 -2.7287967964e-04 1.6064130247e+02 9.0135235640e-04 3.6358851253e-04 9.0135235640e-04 7.5385863036e+01
31.59102205 1.6063889564e+02 -2.7291245740e-04 3.6363249436e-04 -2.7291245740e-04 1.6064132182e+02 9.0146060562e-04 3.6363249436e-04 9.0146060562e-04 7.5385863037e+01
31.83591369 1.6063891485e+02 -2.7294549821e-04 3.6367682929e-04 -2.7294549821e-04 1.6064134133e+02 9.0156972355e-04 3.6367682929e-04 9.0156972355e-04 7.5385863038e+01
32.08080534 1.6063893423e+02 -2.7297880225e-04 3.6372151758e-04 -2.7297880225e-04 1.6064136100e+02 9.0167971080e-04 3.6372151758e-04 9.0167971080e-04 7.5385863039e+01
32.32569698 1.6063895375e+02 -2.7301236971e-04 3.6376655949e-04 -2.7301236971e-04 1.6064138082e+02 9.0179056800e-04 3.6376655949e-04 9.0179056800e-04 7.5385863040e+01
32.57058862 1.6063897343e+02 -2.7304620080e-04 3.6381195527e-04 -2.7304620080e-04 1.6064140080e+02 9.0190229578e-04 3.6381195527e-04 9.0190229578e-04 7.5385863042e+01
32.81548027 1.6063899326e+02 -2.7308029569e-04 3.6385770518e-04 -2.7308029569e-04 1.6064142094e+02 9.0201489478e-04 3.6385770518e-04 9.0201489478e-04 7.5385863043e+01
33.06037191 1.6063901324e+02 -2.7311465459e-04 3.6390380950e-04 -2.7311465459e-04 1.6064144123e+02 9.0212836565e-04 3.6390380950e-04 9.0212836565e-04 7.5385863044e+01
33.30526355 1.6063903338e+02 -2.7314927769e-04 3.6395026848e-04 -2.7314927769e-04 1.6064146167e+02 9.0224270902e-04 3.6395026848e-04 9.0224270902e-04 7.5385863045e+01
33.55015520 1.6063905367e+02 -2.7318416519e-04 3.6399708240e-04 -2.7318416519e-04 1.6064148227e+02 9.0235792555e-04 3.6399708240e-04 9.0235792555e-04 7.5385863046e+01
33.79504684 1.6063907412e+02 -2.7321931728e-04 3.6404425153e-04 -2.7321931728e-04 1.6064150303e+02 9.0247401590e-04 3.6404425153e-04 9.0247401590e-04 7.5385863047e+01
34.03993849 1.6063909472e+02 -2.7325473417e-04 3.6409177614e-04 -2.7325473417e-04 1.6064152395e+02 9.0259098073e-04 3.6409177614e-04 9.0259098073e-04 7.5385863049e+01
34.28483013 1.6063911547e+02 -2.7329041607e-04 3.6413965651e-04 -2.7329041607e-04 1.6064154502e+02 9.0270882071e-04 3.6413965651e-04 9.0270882071e-04 7.5385863050e+01
34.52972177 1.6063913638e+02 -2.7332636316e-04 3.6418789290e-04 -2.7332636316e-04 1.6064156625e+02 9.0282753652e-04 3.6418789290e-04 9.0282753652e-04 7.5385863051e+01
34.77461342 1.6063915744e+02 -2.7336257567e-04 3.6423648562e-04 -2.7336257567e-04 1.6064158763e+02 9.0294712882e-04 3.6423648562e-04 9.0294712882e-04 7.5385863052e+01
35.01950506 1.6063917866e+02 -2.7339905380e-04 3.6428543492e-04 -2.7339905380e-04 1.6064160917e+02 9.0306759831e-04 3.6428543492e-04 9.0306759831e-04 7.5385863053e+01
35.26439670 1.6063920003e+02 -2.7343579775e-04 3.6433474111e-04 -2.7343579775e-04 1.6064163087e+02 9.0318894568e-04 3.6433474111e-04 9.0318894568e-04 7.5385863055e+01
35.50928835 1.6063922156e+02 -2.7347280774e-04 3.6438440446e-04 -2.7347280774e-04 1.6064165273e+02 9.0331117162e-04 3.6438440446e-04 9.0331117162e-04 7.5385863056e+01
35.75417999 1.6063924324e+02 -2.7351008398e-04 3.6443442527e-04 -2.7351008398e-04 1.6064167474e+02 9.0343427682e-04 3.6443442527e-04 9.0343427682e-04 7.5385863057e+01
35.99907164 1.6063926508e+02 -2.7354762668e-04 3.6448480382e-04 -2.7354762668e-04 1.6064169691e+02 9.0355826200e-04 3.6448480382e-04 9.0355826200e-04 7.5385863058e+01
36.24396328 1.6063928707e+02 -2.7358543606e-04 3.6453554040e-04 -2.7358543606e-04 1.6064171924e+02 9.0368312786e-04 3.6453554040e-04 9.0368312786e-04 7.5385863059e+01
36.48885492 1.6063930921e+02 -2.7362351233e-04 3.6458663532e-04 -2.7362351233e-04 1.6064174172e+02 9.0380887513e-04 3.6458663532e-04 9.0380887513e-04 7.5385863061e+01
36.73374657 1.6063933152e+02 -2.7366185572e-04 3.6463808887e-04 -2.7366185572e-04 1.6064176437e+02 9.0393550451e-04 3.6463808887e-04 9.0393550451e-04 7.5385863062e+01
36.97863821 1.6063935397e+02 -2.7370046644e-04 3.6468990134e-04 -2.7370046644e-04 1.6064178717e+02 9.0406301675e-04 3.6468990134e-04 9.0406301675e-04 7.5385863063e+01
37.22352985 1.6063937659e+02 -2.7373934471e-04 3.6474207305e-04 -2.7373934471e-04 1.6064181013e+02 9.0419141256e-04 3.6474207305e-04 9.0419141256e-04 7.5385863065e+01
37.46842150 1.6063939936e+02 -2.7377849077e-04 3.6479460429e-04 -2.7377849077e-04 1.6064183324e+02 9.0432069269e-04 3.6479460429e-04 9.0432069269e-04 7.5385863066e+01
37.71331314 1.6063942228e+02 -2.7381790483e-04 3.6484749537e-04 -2.7381790483e-04 1.6064185652e+02 9.0445085789e-04 3.6484749537e-04 9.0445085789e-04 7.5385863067e+01
37.95820479 1.6063944536e+02 -2.7385758711e-04 3.6490074660e-04 -2.7385758711e-04 1.6064187995e+02 9.0458190889e-04 3.6490074660e-04 9.0458190889e-04 7.5385863068e+01
38.20309643 1.6063946860e+02 -2.7389753786e-04 3.6495435829e-04 -2.7389753786e-04 1.6064190354e+02 9.0471384645e-04 3.6495435829e-04 9.0471384645e-04 7.5385863070e+01
38.44798807 1.6063949199e+02 -2.7393775730e-04 3.6500833075e-04 -2.7393775730e-04 1.6064192729e+02 9.0484667134e-04 3.6500833075e-04 9.0484667134e-04 7.5385863071e+01
38.69287972 1.6063951554e+02 -2.7397824565e-04 3.6506266429e-04 -2.7397824565e-04 1.6064195120e+02 9.0498038431e-04 3.6506266429e-04 9.0498038431e-04 7.5385863072e+01
38.93777136 1.6063953925e+02 -2.7401900316e-04 3.6511735924e-04 -2.7401900316e-04 1.6064197527e+02 9.0511498614e-04 3.6511735924e-04 9.0511498614e-04 7.5385863074e+01
39.18266301 1.6063956311e+02 -2.7406003006e-04 3.6517241592e-04 -2.7406003006e-04 1.6064199950e+02 9.0525047759e-04 3.6517241592e-04 9.0525047759e-04 7.5385863075e+01
39.42755465 1.6063958713e+02 -2.7410132659e-04 3.6522783464e-04 -2.7410132659e-04 1.6064202389e+02 9.0538685946e-04 3.6522783464e-04 9.0538685946e-04 7.5385863077e+01
39.67244629 1.6063961130e+02 -2.7414289297e-04 3.6528361573e-04 -2.7414289297e-04 1.6064204843e+02 9.0552413253e-04 3.6528361573e-04 9.0552413253e-04 7.5385863078e+01
39.91733794 1.6063963564e+02 -2.7418472946e-04 3.6533975952e-04 -2.7418472946e-04 1.6064207314e+02 9.0566229759e-04 3.6533975952e-04 9.0566229759e-04 7.5385863079e+01
40.16222958 1.6063966013e+02 -2.7422683630e-04 3.6539626633e-04 -2.7422683630e-04 1.6064209800e+02 9.0580135543e-04 3.6539626633e-04 9.0580135543e-04 7.5385863081e+01
40.40712122 1.6063968478e+02 -2.7426921372e-04 3.6545313649e-04 -2.7426921372e-04 1.6064212303e+02 9.0594130686e-04 3.6545313649e-04 9.0594130686e-04 7.5385863082e+01
40.65201287 1.6063970958e+02 -2.7431186198e-04 3.6551037035e-04 -2.7431186198e-04 1.6064214821e+02 9.0608215269e-04 3.6551037035e-04 9.0608215269e-04 7.5385863084e+01
40.89690451 1.6063973455e+02 -2.7435478131e-04 3.6556796823e-04 -2.7435478131e-04 1.6064217356e+02 9.0622389373e-04 3.6556796823e-04 9.0622389373e-04 7.5385863085e+01
41.14179616 1.6063975967e+02 -2.7439797198e-04 3.6562593047e-04 -2.7439797198e-04 1.6064219906e+02 9.0636653081e-04 3.6562593047e-04 9.0636653081e-04 7.5385863086e+01
41.38668780 1.6063978495e+02 -2.7444143422e-04 3.6568425741e-04 -2.7444143422e-04 1.6064222473e+02 9.0651006473e-04 3.6568425741e-04 9.0651006473e-04 7.5385863088e+01
41.63157944 1.6063981038e+02 -2.7448516829e-04 3.6574294940e-04 -2.7448516829e-04 1.6064225056e+02 9.0665449635e-04 3.6574294940e-04 9.0665449635e-04 7.5385863089e+01
41.87647109 1.6063983598e+02 -2.7452917444e-04 3.6580200677e-04 -2.7452917444e-04 1.6064227654e+02 9.0679982649e-04 3.6580200677e-04 9.0679982649e-04 7.5385863091e+01
42.12136273 1.6063986173e+02 -2.7457345294e-04 3.6586142989e-04 -2.7457345294e-04 1.6064230269e+02 9.0694605599e-04 3.6586142989e-04 9.0694605599e-04 7.5385863092e+01
42.36625437 1.6063988764e+02 -2.7461800402e-04 3.6592121908e-04 -2.7461800402e-04 1.6064232900e+02 9.0709318571e-04 3.6592121908e-04 9.0709318571e-04 7.5385863094e+01
42.61114602 1.6063991372e+02 -2.7466282796e-04 3.6598137472e-04 -2.7466282796e-04 1.6064235547e+02 9.0724121649e-04 3.6598137472e-04 9.0724121649e-04 7.5385863095e+01
42.85603766 1.6063993995e+02 -2.7470792501e-04 3.6604189714e-04 -2.7470792501e-04 1.6064238210e+02 9.0739014919e-04 3.6604189714e-04 9.0739014919e-04 7.5385863097e+01
43.10092931 1.6063996633e+02 -2.7475329544e-04 3.6610278672e-04 -2.7475329544e-04 1.6064240889e+02 9.0753998468e-04 3.6610278672e-04 9.0753998468e-04 7.5385863098e+01
43.34582095 1.6063999288e+02 -2.7479893951e-04 3.6616404380e-04 -2.7479893951e-04 1.6064243584e+02 9.0769072383e-04 3.6616404380e-04 9.0769072383e-04 7.5385863100e+01
43.59071259 1.6064001959e+02 -2.7484485748e-04 3.6622566874e-04 -2.7484485748e-04 1.6064246296e+02 9.0784236751e-04 3.6622566874e-04 9.0784236751e-04 7.5385863101e+01
43.83560424 1.6064004646e+02 -2.7489104962e-04 3.6628766192e-04 -2.7489104962e-04 1.6064249024e+02 9.0799491661e-04 3.6628766192e-04 9.0799491661e-04 7.5385863103e+01
44.08049588 1.6064007348e+02 -2.7493751620e-04 3.6635002369e-04 -2.7493751620e-04 1.6064251768e+02 9.0814837200e-04 3.6635002369e-04 9.0814837200e-04 7.5385863104e+01
44.32538752 1.6064010067e+02 -2.7498425749e-04 3.6641275443e-04 -2.7498425749e-04 1.6064254528e+02 9.0830273460e-04 3.6641275443e-04 9.0830273460e-04 7.5385863106e+01
44.57027917 1.6064012801e+02 -2.7503127377e-04 3.6647585450e-04 -2.7503127377e-04 1.6064257304e+02 9.0845800528e-04 3.6647585450e-04 9.0845800528e-04 7.5385863107e+01
44.81517081 1.6064015552e+02 -2.7507856530e-04 3.6653932428e-04 -2.7507856530e-04 1.6064260097e+02 9.0861418496e-04 3.6653932428e-04 9.0861418496e-04 7.5385863109e+01
45.06006246 1.6064018319e+02 -2.7512613236e-04 3.6660316415e-04 -2.7512613236e-04 1.6064262906e+02 9.0877127455e-04 3.6660316415e-04 9.0877127455e-04 7.5385863111e+01
45.30495410 1.6064021101e+02 -2.7517397524e-04 3.6666737447e-04 -2.7517397524e-04 1.6064265731e+02 9.0892927496e-04 3.6666737447e-04 9.0892927496e-04 7.5385863112e+01
45.54984574 1.6064023900e+02 -2.7522209420e-04 3.6673195563e-04 -2.7522209420e-04 1.6064268573e+02 9.0908818711e-04 3.6673195563e-04 9.0908818711e-04 7.5385863114e+01
45.79473739 1.6064026715e+02 -2.7527048953e-04 3.6679690802e-04 -2.7527048953e-04 1.6064271430e+02 9.0924801194e-04 3.6679690802e-04 9.0924801194e-04 7.5385863115e+01
46.03962903 1.6064029546e+02 -2.7531916152e-04 3.6686223202e-04 -2.7531916152e-04 1.6064274305e+02 9.0940875037e-04 3.6686223202e-04 9.0940875037e-04 7.5385863117e+01
46.28452067 1.6064032393e+02 -2.7536811044e-04 3.6692792800e-04 -2.7536811044e-04 1.6064277195e+02 9.0957040334e-04 3.6692792800e-04 9.0957040334e-04 7.5385863119e+01
46.52941232 1.6064035256e+02 -2.7541733659e-04 3.6699399638e-04 -2.7541733659e-04 1.6064280102e+02 9.0973297181e-04 3.6699399638e-04 9.0973297181e-04 7.5385863120e+01
46.77430396 1.6064038135e+02 -2.7546684024e-04 3.6706043753e-04 -2.7546684024e-04 1.6064283025e+02 9.0989645671e-04 3.6706043753e-04 9.0989645671e-04 7.5385863122e+01
47.01919561 1.6064041030e+02 -2.7551662170e-04 3.6712725185e-04 -2.7551662170e-04 1.6064285965e+02 9.1006085900e-04 3.6712725185e-04 9.1006085900e-04 7.5385863124e+01
47.26408725 1.6064043942e+02 -2.7556668125e-04 3.6719443974e-04 -2.7556668125e-04 1.6064288921e+02 9.1022617966e-04 3.6719443974e-04 9.1022617966e-04 7.5385863125e+01
47.50897889 1.6064046870e+02 -2.7561701919e-04 3.6726200159e-04 -2.7561701919e-04 1.6064291894e+02 9.1039241963e-04 3.6726200159e-04 9.1039241963e-04 7.5385863127e+01
47.75387054 1.6064049814e+02 -2.7566763581e-04 3.6732993782e-04 -2.7566763581e-04 1.6064294883e+02 9.1055957991e-04 3.6732993782e-04 9.1055957991e-04 7.5385863129e+01
47.99876218 1.6064052774e+02 -2.7571853141e-04 3.6739824882e-04 -2.7571853141e-04 1.6064297888e+02 9.1072766147e-04 3.6739824882e-04 9.1072766147e-04 7.5385863130e+01
48.24365383 1.6064055750e+02 -2.7576970629e-04 3.6746693500e-04 -2.7576970629e-04 1.6064300910e+02 9.1089666530e-04 3.6746693500e-04 9.1089666530e-04 7.5385863132e+01
48.48854547 1.6064058743e+02 -2.7582116074e-04 3.6753599677e-04 -2.7582116074e-04 1.6064303948e+02 9.1106659238e-04 3.6753599677e-04 9.1106659238e-04 7.5385863134e+01
48.73343711 1.6064061752e+02 -2.7587289508e-04 3.6760543453e-04 -2.7587289508e-04 1.6064307003e+02 9.1123744372e-04 3.6760543453e-04 9.1123744372e-04 7.5385863135e+01
48.97832876 1.6064064777e+02 -2.7592490959e-04 3.6767524872e-04 -2.7592490959e-04 1.6064310075e+02 9.1140922032e-04 3.6767524872e-04 9.1140922032e-04 7.5385863137e+01
49.22322040 1.6064067819e+02 -2.7597720460e-04 3.6774543973e-04 -2.7597720460e-04 1.6064313163e+02 9.1158192319e-04 3.6774543973e-04 9.1158192319e-04 7.5385863139e+01
49.46811204 1.6064070877e+02 -2.7602978041e-04 3.6781600800e-04 -2.7602978041e-04 1.6064316268e+02 9.1175555335e-04 3.6781600800e-04 9.1175555335e-04 7.5385863141e+01
49.71300369 1.6064073951e+02 -2.7608263733e-04 3.6788695394e-04 -2.7608263733e-04 1.6064319389e+02 9.1193011181e-04 3.6788695394e-04 9.1193011181e-04 7.5385863142e+01
49.95789533 1.6064077042e+02 -2.7613577566e-04 3.6795827798e-04 -2.7613577566e-04 1.6064322527e+02 9.1210559961e-04 3.6795827798e-04 9.1210559961e-04 7.5385863144e+01
50.20278698 1.6064080149e+02 -2.7618919573e-04 3.6802998053e-04 -2.7618919573e-04 1.6064325681e+02 9.1228201778e-04 3.6802998053e-04 9.1228201778e-04 7.5385863146e+01
50.44767862 1.6064083272e+02 -2.7624289785e-04 3.6810206204e-04 -2.7624289785e-04 1.6064328853e+02 9.1245936736e-04 3.6810206204e-04 9.1245936736e-04 7.5385863148e+01
50.69257026 1.6064086412e+02 -2.7629688233e-04 3.6817452294e-04 -2.7629688233e-04 1.6064332040e+02 9.1263764940e-04 3.6817452294e-04 9.1263764940e-04 7.5385863150e+01
50.93746191 1.6064089568e+02 -2.7635114950e-04 3.6824736365e-04 -2.7635114950e-04 1.6064335245e+02 9.1281686494e-04 3.6824736365e-04 9.1281686494e-04 7.5385863151e+01
51.18235355 1.6064092741e+02 -2.7640569967e-04 3.6832058462e-04 -2.7640569967e-04 1.6064338466e+02 9.1299701505e-04 3.6832058462e-04 9.1299701505e-04 7.5385863153e+01
51.42724519 1.6064095930e+02 -2.7646053316e-04 3.6839418628e-04 -2.7646053316e-04 1.6064341704e+02 9.1317810080e-04 3.6839418628e-04 9.1317810080e-04 7.5385863155e+01
51.67213684 1.6064099136e+02 -2.7651565032e-04 3.6846816908e-04 -2.7651565032e-04 1.6064344959e+02 9.1336012325e-04 3.6846816908e-04 9.1336012325e-04 7.5385863157e+01
51.91702848 1.6064102358e+02 -2.7657105144e-04 3.6854253346e-04 -2.7657105144e-04 1.6064348230e+02 9.1354308347e-04 3.6854253346e-04 9.1354308347e-04 7.5385863159e+01
52.16192013 1.6064105597e+02 -2.7662673688e-04 3.6861727986e-04 -2.7662673688e-04 1.6064351519e+02 9.1372698256e-04 3.6861727986e-04 9.1372698256e-04 7.5385863161e+01
52.40681177 1.6064108852e+02 -2.7668270695e-04 3.6869240875e-04 -2.7668270695e-04 1.6064354824e+02 9.1391182161e-04 3.6869240875e-04 9.1391182161e-04 7.5385863162e+01
52.65170341 1.6064112124e+02 -2.7673896199e-04 3.6876792056e-04 -2.7673896199e-04 1.6064358146e+02 9.1409760170e-04 3.6876792056e-04 9.1409760170e-04 7.5385863164e+01
52.89659506 1.6064115413e+02 -2.7679550233e-04 3.6884381575e-04 -2.7679550233e-04 1.6064361484e+02 9.1428432394e-04 3.6884381575e-04 9.1428432394e-04 7.5385863166e+01
53.14148670 1.6064118718e+02 -2.7685232831e-04 3.6892009479e-04 -2.7685232831e-04 1.6064364840e+02 9.1447198943e-04 3.6892009479e-04 9.1447198943e-04 7.5385863168e+01
53.38637834 1.6064122039e+02 -2.7690944027e-04 3.6899675813e-04 -2.7690944027e-04 1.6064368212e+02 9.1466059930e-04 3.6899675813e-04 9.1466059930e-04 7.5385863170e+01
53.63126999 1.6064125378e+02 -2.7696683854e-04 3.6907380623e-04 -2.7696683854e-04 1.6064371602e+02 9.1485015467e-04 3.6907380623e-04 9.1485015467e-04 7.5385863172e+01
53.87616163 1.6064128733e+02 -2.7702452347e-04 3.6915123956e-04 -2.7702452347e-04 1.6064375008e+02 9.1504065665e-04 3.6915123956e-04 9.1504065665e-04 7.5385863174e+01
54.12105328 1.6064132104e+02 -2.7708249540e-04 3.6922905858e-04 -2.7708249540e-04 1.6064378431e+02 9.1523210638e-04 3.6922905858e-04 9.1523210638e-04 7.5385863176e+01
54.36594492 1.6064135493e+02 -2.7714075468e-04 3.6930726377e-04 -2.7714075468e-04 1.6064381872e+02 9.1542450501e-04 3.6930726377e-04 9.1542450501e-04 7.5385863178e+01
54.61083656 1.6064138898e+02 -2.7719930165e-04 3.6938585560e-04 -2.7719930165e-04 1.6064385329e+02 9.1561785368e-04 3.6938585560e-04 9.1561785368e-04 7.5385863180e+01
54.85572821 1.6064142320e+02 -2.7725813666e-04 3.6946483455e-04 -2.7725813666e-04 1.6064388803e+02 9.1581215354e-04 3.6946483455e-04 9.1581215354e-04 7.5385863182e+01
55.10061985 1.6064145759e+02 -2.7731726006e-04 3.6954420109e-04 -2.7731726006e-04 1.6064392294e+02 9.1600740574e-04 3.6954420109e-04 9.1600740574e-04 7.5385863184e+01
55.34551149 1.6064149214e+02 -2.7737667221e-04 3.6962395570e-04 -2.7737667221e-04 1.6064395803e+02 9.1620361146e-04 3.6962395570e-04 9.1620361146e-04 7.5385863185e+01
55.59040314 1.6064152686e+02 -2.7743637346e-04 3.6970409887e-04 -2.7743637346e-04 1.6064399328e+02 9.1640077187e-04 3.6970409887e-04 9.1640077187e-04 7.5385863187e+01
55.83529478 1.6064156175e+02 -2.7749636417e-04 3.6978463109e-04 -2.7749636417e-04 1.6064402871e+02 9.1659888814e-04 3.6978463109e-04 9.1659888814e-04 7.5385863189e+01
56.08018643 1.6064159681e+02 -2.7755664470e-04 3.6986555284e-04 -2.7755664470e-04 1.6064406430e+02 9.1679796146e-04 3.6986555284e-04 9.1679796146e-04 7.5385863191e+01
56.32507807 1.6064163204e+02 -2.7761721540e-04 3.6994686461e-04 -2.7761721540e-04 1.6064410007e+02 9.1699799302e-04 3.6994686461e-04 9.1699799302e-04 7.5385863194e+01
56.56996971 1.6064166744e+02 -2.7767807665e-04 3.7002856690e-04 -2.7767807665e-04 1.6064413601e+02 9.1719898402e-04 3.7002856690e-04 9.1719898402e-04 7.5385863196e+01
56.81486136 1.6064170301e+02 -2.7773922880e-04 3.7011066021e-04 -2.7773922880e-04 1.6064417212e+02 9.1740093566e-04 3.7011066021e-04 9.1740093566e-04 7.5385863198e+01
57.05975300 1.6064173874e+02 -2.7780067222e-04 3.7019314504e-04 -2.7780067222e-04 1.6064420840e+02 9.1760384915e-04 3.7019314504e-04 9.1760384915e-04 7.5385863200e+01
57.30464464 1.6064177465e+02 -2.7786240729e-04 3.7027602188e-04 -2.7786240729e-04 1.6064424485e+02 9.1780772571e-04 3.7027602188e-04 9.1780772571e-04 7.5385863202e+01
57.54953629 1.6064181072e+02 -2.7792443437e-04 3.7035929125e-04 -2.7792443437e-04 1.6064428148e+02 9.1801256656e-04 3.7035929125e-04 9.1801256656e-04 7.5385863204e+01
57.79442793 1.6064184697e+02 -2.7798675383e-04 3.7044295365e-04 -2.7798675383e-04 1.6064431828e+02 9.1821837294e-04 3.7044295365e-04 9.1821837294e-04 7.5385863206e+01
58.03931958 1.6064188338e+02 -2.7804936606e-04 3.7052700959e-04 -2.7804936606e-04 1.6064435525e+02 9.1842514607e-04 3.7052700959e-04 9.1842514607e-04 7.5385863208e+01
58.28421122 1.6064191997e+02 -2.7811227142e-04 3.7061145959e-04 -2.7811227142e-04 1.6064439240e+02 9.1863288721e-04 3.7061145959e-04 9.1863288721e-04 7.5385863210e+01
58.52910286 1.6064195673e+02 -2.7817547029e-04 3.7069630416e-04 -2.7817547029e-04 1.6064442972e+02 9.1884159760e-04 3.7069630416e-04 9.1884159760e-04 7.5385863212e+01
58.77399451 1.6064199365e+02 -2.7823896306e-04 3.7078154383e-04 -2.7823896306e-04 1.6064446721e+02 9.1905127850e-04 3.7078154383e-04 9.1905127850e-04 7.5385863214e+01
59.01888615 1.6064203075e+02 -2.7830275011e-04 3.7086717910e-04 -2.7830275011e-04 1.6064450488e+02 9.1926193117e-04 3.7086717910e-04 9.1926193117e-04 7.5385863216e+01
59.26377780 1.6064206802e+02 -2.7836683183e-04 3.7095321051e-04 -2.7836683183e-04 1.6064454272e+02 9.1947355689e-04 3.7095321051e-04 9.1947355689e-04 7.5385863219e+01
59.50866944 1.6064210546e+02 -2.7843120860e-04 3.7103963859e-04 -2.7843120860e-04 1.6064458073e+02 9.1968615693e-04 3.7103963859e-04 9.1968615693e-04 7.5385863221e+01
59.75356108 1.6064214308e+02 -2.7849588080e-04 3.7112646386e-04 -2.7849588080e-04 1.6064461892e+02 9.1989973257e-04 3.7112646386e-04 9.1989973257e-04 7.5385863223e+01
59.99845273 1.6064218086e+02 -2.7856084884e-04 3.7121368687e-04 -2.7856084884e-04 1.6064465728e+02 9.2011428511e-04 3.7121368687e-04 9.2011428511e-04 7.5385863225e+01
60.24334437 1.6064221882e+02 -2.7862611311e-04 3.7130130813e-04 -2.7862611311e-04 1.6064469582e+02 9.2032981584e-04 3.7130130813e-04 9.2032981584e-04 7.5385863227e+01
60.48823601 1.6064225695e+02 -2.7869167399e-04 3.7138932820e-04 -2.7869167399e-04 1.6064473453e+02 9.2054632607e-04 3.7138932820e-04 9.2054632607e-04 7.5385863229e+01
60.73312766 1.6064229525e+02 -2.7875753189e-04 3.7147774761e-04 -2.7875753189e-04 1.6064477342e+02 9.2076381710e-04 3.7147774761e-04 9.2076381710e-04 7.5385863232e+01
60.97801930 1.6064233373e+02 -2.7882368720e-04 3.7156656691e-04 -2.7882368720e-04 1.6064481249e+02 9.2098229026e-04 3.7156656691e-04 9.2098229026e-04 7.5385863234e+01
61.22291095 1.6064237238e+02 -2.7889014034e-04 3.7165578665e-04 -2.7889014034e-04 1.6064485173e+02 9.2120174687e-04 3.7165578665e-04 9.2120174687e-04 7.5385863236e+01
61.46780259 1.6064241120e+02 -2.7895689169e-04 3.7174540737e-04 -2.7895689169e-04 1.6064489114e+02 9.2142218826e-04 3.7174540737e-04 9.2142218826e-04 7.5385863238e+01
61.71269423 1.6064245020e+02 -2.7902394167e-04 3.7183542963e-04 -2.7902394167e-04 1.6064493073e+02 9.2164361577e-04 3.7183542963e-04 9.2164361577e-04 7.5385863240e+01
61.95758588 1.6064248937e+02 -2.7909129069e-04 3.7192585398e-04 -2.7909129069e-04 1.6064497050e+02 9.2186603074e-04 3.7192585398e-04 9.2186603074e-04 7.5385863243e+01
62.20247752 1.6064252871e+02 -2.7915893914e-04 3.7201668099e-04 -2.7915893914e-04 1.6064501045e+02 9.2208943453e-04 3.7201668099e-04 9.2208943453e-04 7.5385863245e+01
62.44736916 1.6064256823e+02 -2.7922688746e-04 3.7210791121e-04 -2.7922688746e-04 1.6064505057e+02 9.2231382850e-04 3.7210791121e-04 9.2231382850e-04 7.5385863247e+01
62.69226081 1.6064260792e+02 -2.7929513605e-04 3.7219954522e-04 -2.7929513605e-04 1.6064509087e+02 9.2253921402e-04 3.7219954522e-04 9.2253921402e-04 7.5385863249e+01
62.93715245 1.6064264779e+02 -2.7936368532e-04 3.7229158356e-04 -2.7936368532e-04 1.6064513135e+02 9.2276559244e-04 3.7229158356e-04 9.2276559244e-04 7.5385863252e+01
63.18204410 1.6064268783e+02 -2.7943253570e-04 3.7238402683e-04 -2.7943253570e-04 1.6064517200e+02 9.2299296517e-04 3.7238402683e-04 9.2299296517e-04 7.5385863254e+01
63.42693574 1.6064272805e+02 -2.7950168760e-04 3.7247687558e-04 -2.7950168760e-04 1.6064521284e+02 9.2322133358e-04 3.7247687558e-04 9.2322133358e-04 7.5385863256e+01
63.67182738 1.6064276845e+02 -2.7957114145e-04 3.7257013041e-04 -2.7957114145e-04 1.6064525385e+02 9.2345069907e-04 3.7257013041e-04 9.2345069907e-04 7.5385863259e+01
63.91671903 1.6064280902e+02 -2.7964089767e-04 3.7266379187e-04 -2.7964089767e-04 1.6064529504e+02 9.2368106304e-04 3.7266379187e-04 9.2368106304e-04 7.5385863261e+01
64.16161067 1.6064284976e+02 -2.7971095669e-04 3.7275786057e-04 -2.7971095669e-04 1.6064533641e+02 9.2391242689e-04 3.7275786057e-04 9.2391242689e-04 7.5385863263e+01
64.40650231 1.6064289068e+02 -2.7978131894e-04 3.7285233708e-04 -2.7978131894e-04 1.6064537796e+02 9.2414479206e-04 3.7285233708e-04 9.2414479206e-04 7.5385863266e+01
64.65139396 1.6064293178e+02 -2.7985198485e-04 3.7294722199e-04 -2.7985198485e-04 1.6064541968e+02 9.2437815995e-04 3.7294722199e-04 9.2437815995e-04 7.5385863268e+01
64.89628560 1.6064297306e+02 -2.7992295486e-04 3.7304251589e-04 -2.7992295486e-04 1.6064546159e+02 9.2461253200e-04 3.7304251589e-04 9.2461253200e-04 7.5385863270e+01
65.14117725 1.6064301451e+02 -2.7999422939e-04 3.7313821938e-04 -2.7999422939e-04 1.6064550368e+02 9.2484790964e-04 3.7313821938e-04 9.2484790964e-04 7.5385863273e+01
65.38606889 1.6064305614e+02 -2.8006580889e-04 3.7323433305e-04 -2.8006580889e-04 1.6064554594e+02 9.2508429433e-04 3.7323433305e-04 9.2508429433e-04 7.5385863275e+01
65.63096053 1.6064309795e+02 -2.8013769379e-04 3.7333085750e-04 -2.8013769379e-04 1.6064558839e+02 9.2532168751e-04 3.7333085750e-04 9.2532168751e-04 7.5385863278e+01
65.87585218 1.6064313993e+02 -2.8020988455e-04 3.7342779335e-04 -2.8020988455e-04 1.6064563102e+02 9.2556009064e-04 3.7342779335e-04 9.2556009064e-04 7.5385863280e+01
66.12074382 1.6064318210e+02 -2.8028238160e-04 3.7352514118e-04 -2.8028238160e-04 1.6064567382e+02 9.2579950520e-04 3.7352514118e-04 9.2579950520e-04 7.5385863282e+01
66.36563546 1.6064322444e+02 -2.8035518538e-04 3.7362290162e-04 -2.8035518538e-04 1.6064571681e+02 9.2603993264e-04 3.7362290162e-04 9.2603993264e-04 7.5385863285e+01
66.61052711 1.6064326696e+02 -2.8042829636e-04 3.7372107527e-04 -2.8042829636e-04 1.6064575998e+02 9.2628137446e-04 3.7372107527e-04 9.2628137446e-04 7.5385863287e+01
66.85541875 1.6064330966e+02 -2.8050171498e-04 3.7381966275e-04 -2.8050171498e-04 1.6064580334e+02 9.2652383214e-04 3.7381966275e-04 9.2652383214e-04 7.5385863290e+01
67.10031040 1.6064335254e+02 -2.8057544169e-04 3.7391866469e-04 -2.8057544169e-04 1.6064584687e+02 9.2676730718e-04 3.7391866469e-04 9.2676730718e-04 7.5385863292e+01
67.34520204 1.6064339559e+02 -2.8064947695e-04 3.7401808169e-04 -2.8064947695e-04 1.6064589059e+02 9.2701180109e-04 3.7401808169e-04 9.2701180109e-04 7.5385863295e+01
67.59009368 1.6064343883e+02 -2.8072382122e-04 3.7411791439e-04 -2.8072382122e-04 1.6064593448e+02 9.2725731536e-04 3.7411791439e-04 9.2725731536e-04 7.5385863297e+01
67.83498533 1.6064348225e+02 -2.8079847496e-04 3.7421816341e-04 -2.8079847496e-04 1.6064597857e+02 9.2750385153e-04 3.7421816341e-04 9.2750385153e-04 7.5385863300e+01
68.07987697 1.6064352585e+02 -2.8087343862e-04 3.7431882938e-04 -2.8087343862e-04 1.6064602283e+02 9.2775141112e-04 3.7431882938e-04 9.2775141112e-04 7.5385863302e+01
68.32476862 1.6064356962e+02 -2.8094871268e-04 3.7441991294e-04 -2.8094871268e-04 1.6064606728e+02 9.2799999566e-04 3.7441991294e-04 9.2799999566e-04 7.5385863305e+01
68.56966026 1.6064361358e+02 -2.8102429761e-04 3.7452141473e-04 -2.8102429761e-04 1.6064611191e+02 9.2824960670e-04 3.7452141473e-04 9.2824960670e-04 7.5385863307e+01
68.81455190 1.6064365772e+02 -2.8110019386e-04 3.7462333538e-04 -2.8110019386e-04 1.6064615672e+02 9.2850024577e-04 3.7462333538e-04 9.2850024577e-04 7.5385863310e+01
69.05944355 1.6064370204e+02 -2.8117640191e-04 3.7472567555e-04 -2.8117640191e-04 1.6064620172e+02 9.2875191445e-04 3.7472567555e-04 9.2875191445e-04 7.5385863312e+01
69.30433519 1.6064374655e+02 -2.8125292225e-04 3.7482843586e-04 -2.8125292225e-04 1.6064624690e+02 9.2900461428e-04 3.7482843586e-04 9.2900461428e-04 7.5385863315e+01
69.54922683 1.6064379123e+02 -2.8132975533e-04 3.7493161699e-04 -2.8132975533e-04 1.6064629227e+02 9.2925834685e-04 3.7493161699e-04 9.2925834685e-04 7.5385863318e+01
69.79411848 1.6064383610e+02 -2.8140690165e-04 3.7503521957e-04 -2.8140690165e-04 1.6064633783e+02 9.2951311374e-04 3.7503521957e-04 9.2951311374e-04 7.5385863320e+01
70.03901012 1.6064388115e+02 -2.8148436168e-04 3.7513924427e-04 -2.8148436168e-04 1.6064638356e+02 9.2976891652e-04 3.7513924427e-04 9.2976891652e-04 7.5385863323e+01
70.28390177 1.6064392638e+02 -2.8156213591e-04 3.7524369175e-04 -2.8156213591e-04 1.6064642949e+02 9.3002575680e-04 3.7524369175e-04 9.3002575680e-04 7.5385863325e+01
70.52879341 1.6064397179e+02 -2.8164022481e-04 3.7534856266e-04 -2.8164022481e-04 1.6064647560e+02 9.3028363617e-04 3.7534856266e-04 9.3028363617e-04 7.5385863328e+01
70.77368505 1.6064401739e+02 -2.8171862889e-04 3.7545385768e-04 -2.8171862889e-04 1.6064652189e+02 9.3054255625e-04 3.7545385768e-04 9.3054255625e-04 7.5385863331e+01
71.01857670 1.6064406317e+02 -2.8179734862e-04 3.7555957747e-04 -2.8179734862e-04 1.6064656837e+02 9.3080251866e-04 3.7555957747e-04 9.3080251866e-04 7.5385863333e+01
71.26346834 1.6064410914e+02 -2.8187638451e-04 3.7566572270e-04 -2.8187638451e-04 1.6064661504e+02 9.3106352502e-04 3.7566572270e-04 9.3106352502e-04 7.5385863336e+01
71.50835998 1.6064415529e+02 -2.8195573705e-04 3.7577229406e-04 -2.8195573705e-04 1.6064666190e+02 9.3132557696e-04 3.7577229406e-04 9.3132557696e-04 7.5385863339e+01
71.75325163 1.6064420162e+02 -2.8203540673e-04 3.7587929222e-04 -2.8203540673e-04 1.6064670894e+02 9.3158867613e-04 3.7587929222e-04 9.3158867613e-04 7.5385863341e+01
71.99814327 1.6064424814e+02 -2.8211539406e-04 3.7598671786e-04 -2.8211539406e-04 1.6064675617e+02 9.3185282418e-04 3.7598671786e-04 9.3185282418e-04 7.5385863344e+01
72.24303492 1.6064429484e+02 -2.8219569953e-04 3.7609457168e-04 -2.8219569953e-04 1.6064680359e+02 9.3211802276e-04 3.7609457168e-04 9.3211802276e-04 7.5385863347e+01
72.48792656 1.6064434173e+02 -2.8227632366e-04 3.7620285435e-04 -2.8227632366e-04 1.6064685119e+02 9.3238427354e-04 3.7620285435e-04 9.3238427354e-04 7.5385863349e+01
72.73281820 1.6064438880e+02 -2.8235726695e-04 3.7631156657e-04 -2.8235726695e-04 1.6064689898e+02 9.3265157820e-04 3.7631156657e-04 9.3265157820e-04 7.5385863352e+01
72.97770985 1.6064443606e+02 -2.8243852990e-04 3.7642070904e-04 -2.8243852990e-04 1.6064694697e+02 9.3291993841e-04 3.7642070904e-04 9.3291993841e-04 7.5385863355e+01
73.22260149 1.6064448351e+02 -2.8252011304e-04 3.7653028245e-04 -2.8252011304e-04 1.6064699514e+02 9.3318935586e-04 3.7653028245e-04 9.3318935586e-04 7.5385863357e+01
73.46749313 1.6064453114e+02 -2.8260201687e-04 3.7664028751e-04 -2.8260201687e-04 1.6064704350e+02 9.3345983225e-04 3.7664028751e-04 9.3345983225e-04 7.5385863360e+01
73.71238478 1.6064457896e+02 -2.8268424191e-04 3.7675072493e-04 -2.8268424191e-04 1.6064709205e+02 9.3373136929e-04 3.7675072493e-04 9.3373136929e-04 7.5385863363e+01
73.95727642 1.6064462697e+02 -2.8276678869e-04 3.7686159541e-04 -2.8276678869e-04 1.6064714079e+02 9.3400396870e-04 3.7686159541e-04 9.3400396870e-04 7.5385863366e+01
74.20216807 1.6064467516e+02 -2.8284965772e-04 3.7697289967e-04 -2.8284965772e-04 1.6064718972e+02 9.3427763219e-04 3.7697289967e-04 9.3427763219e-04 7.5385863369e+01
74.44705971 1.6064472354e+02 -2.8293284953e-04 3.7708463842e-04 -2.8293284953e-04 1.6064723884e+02 9.3455236149e-04 3.7708463842e-04 9.3455236149e-04 7.5385863371e+01
74.69195135 1.6064477211e+02 -2.8301636464e-04 3.7719681238e-04 -2.8301636464e-04 1.6064728816e+02 9.3482815834e-04 3.7719681238e-04 9.3482815834e-04 7.5385863374e+01
74.93684300 1.6064482087e+02 -2.8310020359e-04 3.7730942228e-04 -2.8310020359e-04 1.6064733766e+02 9.3510502449e-04 3.7730942228e-04 9.3510502449e-04 7.5385863377e+01
75.18173464 1.6064486982e+02 -2.8318436691e-04 3.7742246884e-04 -2.8318436691e-04 1.6064738735e+02 9.3538296170e-04 3.7742246884e-04 9.3538296170e-04 7.5385863380e+01
75.42662628 1.6064491895e+02 -2.8326885513e-04 3.7753595279e-04 -2.8326885513e-04 1.6064743724e+02 9.3566197173e-04 3.7753595279e-04 9.3566197173e-04 7.5385863383e+01
75.67151793 1.6064496828e+02 -2.8335366878e-04 3.7764987486e-04 -2.8335366878e-04 1.6064748732e+02 9.3594205634e-04 3.7764987486e-04 9.3594205634e-04 7.5385863385e+01
75.91640957 1.6064501779e+02 -2.8343880841e-04 3.7776423580e-04 -2.8343880841e-04 1.6064753759e+02 9.3622321733e-04 3.7776423580e-04 9.3622321733e-04 7.5385863388e+01
76.16130122 1.6064506750e+02 -2.8352427456e-04 3.7787903634e-04 -2.8352427456e-04 1.6064758806e+02 9.3650545647e-04 3.7787903634e-04 9.3650545647e-04 7.5385863391e+01
76.40619286 1.6064511739e+02 -2.8361006778e-04 3.7799427723e-04 -2.8361006778e-04 1.6064763871e+02 9.3678877557e-04 3.7799427723e-04 9.3678877557e-04 7.5385863394e+01
76.65108450 1.6064516747e+02 -2.8369618861e-04 3.7810995921e-04 -2.8369618861e-04 1.6064768956e+02 9.3707317643e-04 3.7810995921e-04 9.3707317643e-04 7.5385863397e+01
76.89597615 1.6064521775e+02 -2.8378263759e-04 3.7822608304e-04 -2.8378263759e-04 1.6064774061e+02 9.3735866086e-04 3.7822608304e-04 9.3735866086e-04 7.5385863400e+01
77.14086779 1.6064526822e+02 -2.8386941530e-04 3.7834264946e-04 -2.8386941530e-04 1.6064779184e+02 9.3764523069e-04 3.7834264946e-04 9.3764523069e-04 7.5385863403e+01
77.38575944 1.6064531887e+02 -2.8395652226e-04 3.7845965925e-04 -2.8395652226e-04 1.6064784328e+02 9.3793288775e-04 3.7845965925e-04 9.3793288775e-04 7.5385863406e+01
77.63065108 1.6064536972e+02 -2.8404395906e-04 3.7857711315e-04 -2.8404395906e-04 1.6064789490e+02 9.3822163388e-04 3.7857711315e-04 9.3822163388e-04 7.5385863409e+01
77.87554272 1.6064542076e+02 -2.8413172624e-04 3.7869501194e-04 -2.8413172624e-04 1.6064794673e+02 9.3851147092e-04 3.7869501194e-04 9.3851147092e-04 7.5385863412e+01
78.12043437 1.6064547200e+02 -2.8421982437e-04 3.7881335639e-04 -2.8421982437e-04 1.6064799874e+02 9.3880240073e-04 3.7881335639e-04 9.3880240073e-04 7.5385863415e+01
78.36532601 1.6064552343e+02 -2.8430825402e-04 3.7893214726e-04 -2.8430825402e-04 1.6064805096e+02 9.3909442518e-04 3.7893214726e-04 9.3909442518e-04 7.5385863418e+01
78.61021765 1.6064557504e+02 -2.8439701574e-04 3.7905138534e-04 -2.8439701574e-04 1.6064810337e+02 9.3938754615e-04 3.7905138534e-04 9.3938754615e-04 7.5385863421e+01
78.85510930 1.6064562686e+02 -2.8448611012e-04 3.7917107139e-04 -2.8448611012e-04 1.6064815597e+02 9.3968176550e-04 3.7917107139e-04 9.3968176550e-04 7.5385863424e+01
79.10000094 1.6064567886e+02 -2.8457553773e-04 3.7929120622e-04 -2.8457553773e-04 1.6064820877e+02 9.3997708515e-04 3.7929120622e-04 9.3997708515e-04 7.5385863427e+01
79.34489259 1.6064573107e+02 -2.8466529914e-04 3.7941179060e-04 -2.8466529914e-04 1.6064826177e+02 9.4027350698e-04 3.7941179060e-04 9.4027350698e-04 7.5385863430e+01
79.58978423 1.6064578346e+02 -2.8475539492e-04 3.7953282532e-04 -2.8475539492e-04 1.6064831497e+02 9.4057103291e-04 3.7953282532e-04 9.4057103291e-04 7.5385863433e+01
79.83467587 1.6064583605e+02 -2.8484582567e-04 3.7965431119e-04 -2.8484582567e-04 1.6064836836e+02 9.4086966486e-04 3.7965431119e-04 9.4086966486e-04 7.5385863436e+01
80.07956752 1.6064588884e+02 -2.8493659197e-04 3.7977624899e-04 -2.8493659197e-04 1.6064842196e+02 9.4116940475e-04 3.7977624899e-04 9.4116940475e-04 7.5385863439e+01
80.32445916 1.6064594182e+02 -2.8502769440e-04 3.7989863954e-04 -2.8502769440e-04 1.6064847575e+02 9.4147025451e-04 3.7989863954e-04 9.4147025451e-04 7.5385863442e+01
80.56935080 1.6064599499e+02 -2.8511913356e-04 3.8002148363e-04 -2.8511913356e-04 1.6064852974e+02 9.4177221610e-04 3.8002148363e-04 9.4177221610e-04 7.5385863445e+01
80.81424245 1.6064604837e+02 -2.8521091003e-04 3.8014478207e-04 -2.8521091003e-04 1.6064858392e+02 9.4207529147e-04 3.8014478207e-04 9.4207529147e-04 7.5385863448e+01
81.05913409 1.6064610193e+02 -2.8530302440e-04 3.8026853569e-04 -2.8530302440e-04 1.6064863831e+02 9.4237948257e-04 3.8026853569e-04 9.4237948257e-04 7.5385863451e+01
81.30402574 1.6064615570e+02 -2.8539547729e-04 3.8039274529e-04 -2.8539547729e-04 1.6064869290e+02 9.4268479139e-04 3.8039274529e-04 9.4268479139e-04 7.5385863454e+01
81.54891738 1.6064620966e+02 -2.8548826928e-04 3.8051741171e-04 -2.8548826928e-04 1.6064874769e+02 9.4299121991e-04 3.8051741171e-04 9.4299121991e-04 7.5385863457e+01
81.79380902 1.6064626382e+02 -2.8558140099e-04 3.8064253575e-04 -2.8558140099e-04 1.6064880268e+02 9.4329877010e-04 3.8064253575e-04 9.4329877010e-04 7.5385863460e+01
82.03870067 1.6064631818e+02 -2.8567487301e-04 3.8076811826e-04 -2.8567487301e-04 1.6064885787e+02 9.4360744399e-04 3.8076811826e-04 9.4360744399e-04 7.5385863464e+01
82.28359231 1.6064637274e+02 -2.8576868596e-04 3.8089416006e-04 -2.8576868596e-04 1.6064891326e+02 9.4391724356e-04 3.8089416006e-04 9.4391724356e-04 7.5385863467e+01
82.52848395 1.6064642749e+02 -2.8586284045e-04 3.8102066199e-04 -2.8586284045e-04 1.6064896885e+02 9.4422817085e-04 3.8102066199e-04 9.4422817085e-04 7.5385863470e+01
82.77337560 1.6064648245e+02 -2.8595733709e-04 3.8114762490e-04 -2.8595733709e-04 1.6064902464e+02 9.4454022787e-04 3.8114762490e-04 9.4454022787e-04 7.5385863473e+01
83.01826724 1.6064653760e+02 -2.8605217650e-04 3.8127504962e-04 -2.8605217650e-04 1.6064908064e+02 9.4485341667e-04 3.8127504962e-04 9.4485341667e-04 7.5385863476e+01
83.26315889 1.6064659295e+02 -2.8614735930e-04 3.8140293700e-04 -2.8614735930e-04 1.6064913684e+02 9.4516773929e-04 3.8140293700e-04 9.4516773929e-04 7.5385863479e+01
83.50805053 1.6064664850e+02 -2.8624288612e-04 3.8153128790e-04 -2.8624288612e-04 1.6064919324e+02 9.4548319779e-04 3.8153128790e-04 9.4548319779e-04 7.5385863483e+01
83.75294217 1.6064670426e+02 -2.8633875757e-04 3.8166010317e-04 -2.8633875757e-04 1.6064924985e+02 9.4579979423e-04 3.8166010317e-04 9.4579979423e-04 7.5385863486e+01
83.99783382 1.6064676021e+02 -2.8643497429e-04 3.8178938368e-04 -2.8643497429e-04 1.6064930666e+02 9.4611753068e-04 3.8178938368e-04 9.4611753068e-04 7.5385863489e+01
84.24272546 1.6064681637e+02 -2.8653153691e-04 3.8191913028e-04 -2.8653153691e-04 1.6064936367e+02 9.4643640924e-04 3.8191913028e-04 9.4643640924e-04 7.5385863492e+01
84.48761710 1.6064687272e+02 -2.8662844606e-04 3.8204934385e-04 -2.8662844606e-04 1.6064942089e+02 9.4675643198e-04 3.8204934385e-04 9.4675643198e-04 7.5385863496e+01
84.73250875 1.6064692928e+02 -2.8672570238e-04 3.8218002525e-04 -2.8672570238e-04 1.6064947831e+02 9.4707760102e-04 3.8218002525e-04 9.4707760102e-04 7.5385863499e+01
84.97740039 1.6064698604e+02 -2.8682330652e-04 3.8231117536e-04 -2.8682330652e-04 1.6064953594e+02 9.4739991847e-04 3.8231117536e-04 9.4739991847e-04 7.5385863502e+01
85.22229204 1.6064704300e+02 -2.8692125911e-04 3.8244279507e-04 -2.8692125911e-04 1.6064959377e+02 9.4772338645e-04 3.8244279507e-04 9.4772338645e-04 7.5385863506e+01
85.46718368 1.6064710017e+02 -2.8701956080e-04 3.8257488526e-04 -2.8701956080e-04 1.6064965181e+02 9.4804800709e-04 3.8257488526e-04 9.4804800709e-04 7.5385863509e+01
85.71207532 1.6064715754e+02 -2.8711821224e-04 3.8270744681e-04 -2.8711821224e-04 1.6064971006e+02 9.4837378253e-04 3.8270744681e-04 9.4837378253e-04 7.5385863512e+01
85.95696697 1.6064721511e+02 -2.8721721408e-04 3.8284048061e-04 -2.8721721408e-04 1.6064976851e+02 9.4870071493e-04 3.8284048061e-04 9.4870071493e-04 7.5385863516e+01
86.20185861 1.6064727289e+02 -2.8731656697e-04 3.8297398757e-04 -2.8731656697e-04 1.6064982717e+02 9.4902880644e-04 3.8297398757e-04 9.4902880644e-04 7.5385863519e+01
86.44675025 1.6064733087e+02 -2.8741627158e-04 3.8310796859e-04 -2.8741627158e-04 1.6064988604e+02 9.4935805924e-04 3.8310796859e-04 9.4935805924e-04 7.5385863522e+01
86.69164190 1.6064738905e+02 -2.8751632857e-04 3.8324242456e-04 -2.8751632857e-04 1.6064994512e+02 9.4968847550e-04 3.8324242456e-04 9.4968847550e-04 7.5385863526e+01
86.93653354 1.6064744744e+02 -2.8761673860e-04 3.8337735641e-04 -2.8761673860e-04 1.6065000440e+02 9.5002005743e-04 3.8337735641e-04 9.5002005743e-04 7.5385863529e+01
87.18142519 1.6064750604e+02 -2.8771750233e-04 3.8351276503e-04 -2.8771750233e-04 1.6065006389e+02 9.5035280721e-04 3.8351276503e-04 9.5035280721e-04 7.5385863532e+01
87.42631683 1.6064756484e+02 -2.8781862044e-04 3.8364865135e-04 -2.8781862044e-04 1.6065012360e+02 9.5068672706e-04 3.8364865135e-04 9.5068672706e-04 7.5385863536e+01
87.67120847 1.6064762385e+02 -2.8792009360e-04 3.8378501630e-04 -2.8792009360e-04 1.6065018351e+02 9.5102181919e-04 3.8378501630e-04 9.5102181919e-04 7.5385863539e+01
87.91610012 1.6064768307e+02 -2.8802192249e-04 3.8392186078e-04 -2.8802192249e-04 1.6065024363e+02 9.5135808585e-04 3.8392186078e-04 9.5135808585e-04 7.5385863543e+01
88.16099176 1.6064774249e+02 -2.8812410778e-04 3.8405918575e-04 -2.8812410778e-04 1.6065030396e+02 9.5169552927e-04 3.8405918575e-04 9.5169552927e-04 7.5385863546e+01
88.40588341 1.6064780212e+02 -2.8822665016e-04 3.8419699212e-04 -2.8822665016e-04 1.6065036450e+02 9.5203415170e-04 3.8419699212e-04 9.5203415170e-04 7.5385863550e+01
88.65077505 1.6064786196e+02 -2.8832955031e-04 3.8433528084e-04 -2.8832955031e-04 1.6065042526e+02 9.5237395540e-04 3.8433528084e-04 9.5237395540e-04 7.5385863553e+01
88.89566669 1.6064792201e+02 -2.8843280892e-04 3.8447405286e-04 -2.8843280892e-04 1.6065048622e+02 9.5271494265e-04 3.8447405286e-04 9.5271494265e-04 7.5385863557e+01
89.14055834 1.6064798226e+02 -2.8853642669e-04 3.8461330911e-04 -2.8853642669e-04 1.6065054740e+02 9.5305711572e-04 3.8461330911e-04 9.5305711572e-04 7.5385863560e+01
89.38544998 1.6064804273e+02 -2.8864040430e-04 3.8475305055e-04 -2.8864040430e-04 1.6065060879e+02 9.5340047691e-04 3.8475305055e-04 9.5340047691e-04 7.5385863564e+01
89.63034162 1.6064810340e+02 -2.8874474246e-04 3.8489327813e-04 -2.8874474246e-04 1.6065067039e+02 9.5374502852e-04 3.8489327813e-04 9.5374502852e-04 7.5385863567e+01
89.87523327 1.6064816429e+02 -2.8884944186e-04 3.8503399282e-04 -2.8884944186e-04 1.6065073221e+02 9.5409077285e-04 3.8503399282e-04 9.5409077285e-04 7.5385863571e+01
90.12012491 1.6064822538e+02 -2.8895450322e-04 3.8517519558e-04 -2.8895450322e-04 1.6065079424e+02 9.5443771225e-04 3.8517519558e-04 9.5443771225e-04 7.5385863574e+01
90.36501656 1.6064828669e+02 -2.8905992723e-04 3.8531688738e-04 -2.8905992723e-04 1.6065085648e+02 9.5478584903e-04 3.8531688738e-04 9.5478584903e-04 7.5385863578e+01
90.60990820 1.6064834821e+02 -2.8916571461e-04 3.8545906919e-04 -2.8916571461e-04 1.6065091894e+02 9.5513518555e-04 3.8545906919e-04 9.5513518555e-04 7.5385863581e+01
90.85479984 1.6064840993e+02 -2.8927186607e-04 3.8560174199e-04 -2.8927186607e-04 1.6065098161e+02 9.5548572415e-04 3.8560174199e-04 9.5548572415e-04 7.5385863585e+01
91.09969149 1.6064847188e+02 -2.8937838233e-04 3.8574490676e-04 -2.8937838233e-04 1.6065104450e+02 9.5583746720e-04 3.8574490676e-04 9.5583746720e-04 7.5385863589e+01
91.34458313 1.6064853403e+02 -2.8948526411e-04 3.8588856449e-04 -2.8948526411e-04 1.6065110760e+02 9.5619041708e-04 3.8588856449e-04 9.5619041708e-04 7.5385863592e+01
91.58947477 1.6064859639e+02 -2.8959251213e-04 3.8603271617e-04 -2.8959251213e-04 1.6065117092e+02 9.5654457617e-04 3.8603271617e-04 9.5654457617e-04 7.5385863596e+01
91.83436642 1.6064865897e+02 -2.8970012712e-04 3.8617736280e-04 -2.8970012712e-04 1.6065123446e+02 9.5689994688e-04 3.8617736280e-04 9.5689994688e-04 7.5385863600e+01
92.07925806 1.6064872177e+02 -2.8980810981e-04 3.8632250537e-04 -2.8980810981e-04 1.6065129821e+02 9.5725653161e-04 3.8632250537e-04 9.5725653161e-04 7.5385863603e+01
92.32414971 1.6064878477e+02 -2.8991646093e-04 3.8646814489e-04 -2.8991646093e-04 1.6065136218e+02 9.5761433277e-04 3.8646814489e-04 9.5761433277e-04 7.5385863607e+01
92.56904135 1.6064884799e+02 -2.9002518122e-04 3.8661428237e-04 -2.9002518122e-04 1.6065142637e+02 9.5797335280e-04 3.8661428237e-04 9.5797335280e-04 7.5385863611e+01
92.81393299 1.6064891143e+02 -2.9013427142e-04 3.8676091883e-04 -2.9013427142e-04 1.6065149078e+02 9.5833359414e-04 3.8676091883e-04 9.5833359414e-04 7.5385863614e+01
93.05882464 1.6064897508e+02 -2.9024373226e-04 3.8690805528e-04 -2.9024373226e-04 1.6065155540e+02 9.5869505924e-04 3.8690805528e-04 9.5869505924e-04 7.5385863618e+01
93.30371628 1.6064903895e+02 -2.9035356451e-04 3.8705569274e-04 -2.9035356451e-04 1.6065162025e+02 9.5905775056e-04 3.8705569274e-04 9.5905775056e-04 7.5385863622e+01
93.54860792 1.6064910304e+02 -2.9046376891e-04 3.8720383225e-04 -2.9046376891e-04 1.6065168531e+02 9.5942167057e-04 3.8720383225e-04 9.5942167057e-04 7.5385863625e+01
93.79349957 1.6064916734e+02 -2.9057434620e-04 3.8735247483e-04 -2.9057434620e-04 1.6065175060e+02 9.5978682177e-04 3.8735247483e-04 9.5978682177e-04 7.5385863629e+01
94.03839121 1.6064923186e+02 -2.9068529715e-04 3.8750162153e-04 -2.9068529715e-04 1.6065181610e+02 9.6015320664e-04 3.8750162153e-04 9.6015320664e-04 7.5385863633e+01
94.28328286 1.6064929659e+02 -2.9079662252e-04 3.8765127338e-04 -2.9079662252e-04 1.6065188183e+02 9.6052082769e-04 3.8765127338e-04 9.6052082769e-04 7.5385863637e+01
94.52817450 1.6064936154e+02 -2.9090832307e-04 3.8780143144e-04 -2.9090832307e-04 1.6065194778e+02 9.6088968745e-04 3.8780143144e-04 9.6088968745e-04 7.5385863641e+01
94.77306614 1.6064942672e+02 -2.9102039957e-04 3.8795209674e-04 -2.9102039957e-04 1.6065201394e+02 9.6125978843e-04 3.8795209674e-04 9.6125978843e-04 7.5385863644e+01
95.01795779 1.6064949211e+02 -2.9113285279e-04 3.8810327036e-04 -2.9113285279e-04 1.6065208034e+02 9.6163113319e-04 3.8810327036e-04 9.6163113319e-04 7.5385863648e+01
95.26284943 1.6064955772e+02 -2.9124568349e-04 3.8825495334e-04 -2.9124568349e-04 1.6065214695e+02 9.6200372427e-04 3.8825495334e-04 9.6200372427e-04 7.5385863652e+01
95.50774107 1.6064962355e+02 -2.9135889247e-04 3.8840714677e-04 -2.9135889247e-04 1.6065221379e+02 9.6237756423e-04 3.8840714677e-04 9.6237756423e-04 7.5385863656e+01
95.75263272 1.6064968960e+02 -2.9147248049e-04 3.8855985170e-04 -2.9147248049e-04 1.6065228085e+02 9.6275265566e-04 3.8855985170e-04 9.6275265566e-04 7.5385863660e+01
95.99752436 1.6064975587e+02 -2.9158644834e-04 3.8871306921e-04 -2.9158644834e-04 1.6065234813e+02 9.6312900113e-04 3.8871306921e-04 9.6312900113e-04 7.5385863664e+01
96.24241601 1.6064982237e+02 -2.9170079682e-04 3.8886680038e-04 -2.9170079682e-04 1.6065241564e+02 9.6350660325e-04 3.8886680038e-04 9.6350660325e-04 7.5385863668e+01
96.48730765 1.6064988908e+02 -2.9181552671e-04 3.8902104630e-04 -2.9181552671e-04 1.6065248338e+02 9.6388546462e-04 3.8902104630e-04 9.6388546462e-04 7.5385863671e+01
96.73219929 1.6064995602e+02 -2.9193063880e-04 3.8917580806e-04 -2.9193063880e-04 1.6065255134e+02 9.6426558788e-04 3.8917580806e-04 9.6426558788e-04 7.5385863675e+01
96.97709094 1.6065002318e+02 -2.9204613390e-04 3.8933108675e-04 -2.9204613390e-04 1.6065261953e+02 9.6464697564e-04 3.8933108675e-04 9.6464697564e-04 7.5385863679e+01
97.22198258 1.6065009056e+02 -2.9216201280e-04 3.8948688347e-04 -2.9216201280e-04 1.6065268794e+02 9.6502963055e-04 3.8948688347e-04 9.6502963055e-04 7.5385863683e+01
97.46687423 1.6065015816e+02 -2.9227827631e-04 3.8964319933e-04 -2.9227827631e-04 1.6065275658e+02 9.6541355527e-04 3.8964319933e-04 9.6541355527e-04 7.5385863687e+01
97.71176587 1.6065022599e+02 -2.9239492525e-04 3.8980003544e-04 -2.9239492525e-04 1.6065282545e+02 9.6579875248e-04 3.8980003544e-04 9.6579875248e-04 7.5385863691e+01
97.95665751 1.6065029405e+02 -2.9251196041e-04 3.8995739291e-04 -2.9251196041e-04 1.6065289454e+02 9.6618522484e-04 3.8995739291e-04 9.6618522484e-04 7.5385863695e+01
98.20154916 1.6065036233e+02 -2.9262938263e-04 3.9011527286e-04 -2.9262938263e-04 1.6065296386e+02 9.6657297505e-04 3.9011527286e-04 9.6657297505e-04 7.5385863699e+01
98.44644080 1.6065043083e+02 -2.9274719271e-04 3.9027367643e-04 -2.9274719271e-04 1.6065303342e+02 9.6696200582e-04 3.9027367643e-04 9.6696200582e-04 7.5385863703e+01
98.69133244 1.6065049956e+02 -2.9286539149e-04 3.9043260473e-04 -2.9286539149e-04 1.6065310320e+02 9.6735231986e-04 3.9043260473e-04 9.6735231986e-04 7.5385863707e+01
98.93622409 1.6065056852e+02 -2.9298397978e-04 3.9059205890e-04 -2.9298397978e-04 1.6065317321e+02 9.6774391990e-04 3.9059205890e-04 9.6774391990e-04 7.5385863711e+01
99.18111573 1.6065063770e+02 -2.9310295842e-04 3.9075204009e-04 -2.9310295842e-04 1.6065324345e+02 9.6813680868e-04 3.9075204009e-04 9.6813680868e-04 7.5385863715e+01
99.42600738 1.6065070711e+02 -2.9322232825e-04 3.9091254943e-04 -2.9322232825e-04 1.6065331393e+02 9.6853098896e-04 3.9091254943e-04 9.6853098896e-04 7.5385863719e+01
99.67089902 1.6065077675e+02 -2.9334209010e-04 3.9107358809e-04 -2.9334209010e-04 1.6065338463e+02 9.6892646349e-04 3.9107358809e-04 9.6892646349e-04 7.5385863723e+01
99.91579066 1.6065084662e+02 -2.9346224482e-04 3.9123515721e-04 -2.9346224482e-04 1.6065345557e+02 9.6932323506e-04 3.9123515721e-04 9.6932323506e-04 7.5385863727e+01
100.16068231 1.6065091672e+02 -2.9358279324e-04 3.9139725797e-04 -2.9358279324e-04 1.6065352673e+02 9.6972130645e-04 3.9139725797e-04 9.6972130645e-04 7.5385863732e+01
100.40557395 1.6065098704e+02 -2.9370373623e-04 3.9155989151e-04 -2.9370373623e-04 1.6065359813e+02 9.7012068047e-04 3.9155989151e-04 9.7012068047e-04 7.5385863736e+01
100.65046559 1.6065105760e+02 -2.9382507462e-04 3.9172305902e-04 -2.9382507462e-04 1.6065366977e+02 9.7052135993e-04 3.9172305902e-04 9.7052135993e-04 7.5385863740e+01
100.89535724 1.6065112838e+02 -2.9394680929e-04 3.9188676168e-04 -2.9394680929e-04 1.6065374164e+02 9.7092334765e-04 3.9188676168e-04 9.7092334765e-04 7.5385863744e+01
101.14024888 1.6065119940e+02 -2.9406894109e-04 3.9205100066e-04 -2.9406894109e-04 1.6065381374e+02 9.7132664649e-04 3.9205100066e-04 9.7132664649e-04 7.5385863748e+01
101.38514053 1.6065127065e+02 -2.9419147088e-04 3.9221577715e-04 -2.9419147088e-04 1.6065388608e+02 9.7173125929e-04 3.9221577715e-04 9.7173125929e-04 7.5385863752e+01
101.63003217 1.6065134213e+02 -2.9431439954e-04 3.9238109235e-04 -2.9431439954e-04 1.6065395865e+02 9.7213718891e-04 3.9238109235e-04 9.7213718891e-04 7.5385863757e+01
101.87492381 1.6065141384e+02 -2.9443772793e-04 3.9254694746e-04 -2.9443772793e-04 1.6065403146e+02 9.7254443823e-04 3.9254694746e-04 9.7254443823e-04 7.5385863761e+01
102.11981546 1.6065148578e+02 -2.9456145693e-04 3.9271334367e-04 -2.9456145693e-04 1.6065410450e+02 9.7295301015e-04 3.9271334367e-04 9.7295301015e-04 7.5385863765e+01
102.36470710 1.6065155796e+02 -2.9468558743e-04 3.9288028220e-04 -2.9468558743e-04 1.6065417779e+02 9.7336290757e-04 3.9288028220e-04 9.7336290757e-04 7.5385863769e+01
102.60959874 1.6065163037e+02 -2.9481012031e-04 3.9304776427e-04 -2.9481012031e-04 1.6065425130e+02 9.7377413340e-04 3.9304776427e-04 9.7377413340e-04 7.5385863773e+01
102.85449039 1.6065170302e+02 -2.9493505645e-04 3.9321579108e-04 -2.9493505645e-04 1.6065432506e+02 9.7418669057e-04 3.9321579108e-04 9.7418669057e-04 7.5385863778e+01
103.09938203 1.6065177590e+02 -2.9506039675e-04 3.9338436388e-04 -2.9506039675e-04 1.6065439906e+02 9.7460058202e-04 3.9338436388e-04 9.7460058202e-04 7.5385863782e+01
103.34427368 1.6065184901e+02 -2.9518614210e-04 3.9355348389e-04 -2.9518614210e-04 1.6065447329e+02 9.7501581072e-04 3.9355348389e-04 9.7501581072e-04 7.5385863786e+01
103.58916532 1.6065192237e+02 -2.9531229340e-04 3.9372315234e-04 -2.9531229340e-04 1.6065454777e+02 9.7543237962e-04 3.9372315234e-04 9.7543237962e-04 7.5385863791e+01
103.83405696 1.6065199596e+02 -2.9543885156e-04 3.9389337049e-04 -2.9543885156e-04 1.6065462248e+02 9.7585029171e-04 3.9389337049e-04 9.7585029171e-04 7.5385863795e+01
104.07894861 1.6065206978e+02 -2.9556581748e-04 3.9406413957e-04 -2.9556581748e-04 1.6065469743e+02 9.7626954999e-04 3.9406413957e-04 9.7626954999e-04 7.5385863799e+01
104.32384025 1.6065214384e+02 -2.9569319209e-04 3.9423546085e-04 -2.9569319209e-04 1.6065477263e+02 9.7669015747e-04 3.9423546085e-04 9.7669015747e-04 7.5385863804e+01
104.56873189 1.6065221814e+02 -2.9582097628e-04 3.9440733558e-04 -2.9582097628e-04 1.6065484807e+02 9.7711211715e-04 3.9440733558e-04 9.7711211715e-04 7.5385863808e+01
104.81362354 1.6065229268e+02 -2.9594917099e-04 3.9457976502e-04 -2.9594917099e-04 1.6065492375e+02 9.7753543209e-04 3.9457976502e-04 9.7753543209e-04 7.5385863812e+01
105.05851518 1.6065236746e+02 -2.9607777713e-04 3.9475275045e-04 -2.9607777713e-04 1.6065499967e+02 9.7796010533e-04 3.9475275045e-04 9.7796010533e-04 7.5385863817e+01
105.30340683 1.6065244248e+02 -2.9620679565e-04 3.9492629315e-04 -2.9620679565e-04 1.6065507584e+02 9.7838613993e-04 3.9492629315e-04 9.7838613993e-04 7.5385863821e+01
105.54829847 1.6065251774e+02 -2.9633622746e-04 3.9510039440e-04 -2.9633622746e-04 1.6065515225e+02 9.7881353896e-04 3.9510039440e-04 9.7881353896e-04 7.5385863826e+01
105.79319011 1.6065259324e+02 -2.9646607350e-04 3.9527505548e-04 -2.9646607350e-04 1.6065522890e+02 9.7924230552e-04 3.9527505548e-04 9.7924230552e-04 7.5385863830e+01
106.03808176 1.6065266898e+02 -2.9659633472e-04 3.9545027768e-04 -2.9659633472e-04 1.6065530580e+02 9.7967244271e-04 3.9545027768e-04 9.7967244271e-04 7.5385863835e+01
106.28297340 1.6065274496e+02 -2.9672701206e-04 3.9562606232e-04 -2.9672701206e-04 1.6065538294e+02 9.8010395364e-04 3.9562606232e-04 9.8010395364e-04 7.5385863839e+01
106.52786505 1.6065282119e+02 -2.9685810647e-04 3.9580241069e-04 -2.9685810647e-04 1.6065546033e+02 9.8053684146e-04 3.9580241069e-04 9.8053684146e-04 7.5385863844e+01
106.77275669 1.6065289765e+02 -2.9698961891e-04 3.9597932411e-04 -2.9698961891e-04 1.6065553797e+02 9.8097110929e-04 3.9597932411e-04 9.8097110929e-04 7.5385863848e+01
107.01764833 1.6065297436e+02 -2.9712155033e-04 3.9615680390e-04 -2.9712155033e-04 1.6065561586e+02 9.8140676031e-04 3.9615680390e-04 9.8140676031e-04 7.5385863853e+01
107.26253998 1.6065305132e+02 -2.9725390169e-04 3.9633485137e-04 -2.9725390169e-04 1.6065569399e+02 9.8184379768e-04 3.9633485137e-04 9.8184379768e-04 7.5385863857e+01
107.50743162 1.6065312852e+02 -2.9738667396e-04 3.9651346786e-04 -2.9738667396e-04 1.6065577237e+02 9.8228222459e-04 3.9651346786e-04 9.8228222459e-04 7.5385863862e+01
107.75232326 1.6065320596e+02 -2.9751986811e-04 3.9669265470e-04 -2.9751986811e-04 1.6065585100e+02 9.8272204424e-04 3.9669265470e-04 9.8272204424e-04 7.5385863866e+01
107.99721491 1.6065328365e+02 -2.9765348511e-04 3.9687241324e-04 -2.9765348511e-04 1.6065592988e+02 9.8316325985e-04 3.9687241324e-04 9.8316325985e-04 7.5385863871e+01
108.24210655 1.6065336159e+02 -2.9778752595e-04 3.9705274482e-04 -2.9778752595e-04 1.6065600900e+02 9.8360587464e-04 3.9705274482e-04 9.8360587464e-04 7.5385863875e+01
108.48699820 1.6065343977e+02 -2.9792199161e-04 3.9723365080e-04 -2.9792199161e-04 1.6065608838e+02 9.8404989187e-04 3.9723365080e-04 9.8404989187e-04 7.5385863880e+01
108.73188984 1.6065351820e+02 -2.9805688307e-04 3.9741513254e-04 -2.9805688307e-04 1.6065616801e+02 9.8449531478e-04 3.9741513254e-04 9.8449531478e-04 7.5385863885e+01
108.97678148 1.6065359688e+02 -2.9819220133e-04 3.9759719140e-04 -2.9819220133e-04 1.6065624790e+02 9.8494214666e-04 3.9759719140e-04 9.8494214666e-04 7.5385863889e+01
109.22167313 1.6065367581e+02 -2.9832794739e-04 3.9777982875e-04 -2.9832794739e-04 1.6065632803e+02 9.8539039078e-04 3.9777982875e-04 9.8539039078e-04 7.5385863894e+01
109.46656477 1.6065375499e+02 -2.9846412224e-04 3.9796304598e-04 -2.9846412224e-04 1.6065640842e+02 9.8584005046e-04 3.9796304598e-04 9.8584005046e-04 7.5385863899e+01
109.71145641 1.6065383441e+02 -2.9860072689e-04 3.9814684447e-04 -2.9860072689e-04 1.6065648906e+02 9.8629112901e-04 3.9814684447e-04 9.8629112901e-04 7.5385863903e+01
109.95634806 1.6065391409e+02 -2.9873776236e-04 3.9833122561e-04 -2.9873776236e-04 1.6065656996e+02 9.8674362975e-04 3.9833122561e-04 9.8674362975e-04 7.5385863908e+01
110.20123970 1.6065399402e+02 -2.9887522965e-04 3.9851619079e-04 -2.9887522965e-04 1.6065665111e+02 9.8719755605e-04 3.9851619079e-04 9.8719755605e-04 7.5385863913e+01
110.44613135 1.6065407420e+02 -2.9901312979e-04 3.9870174143e-04 -2.9901312979e-04 1.6065673251e+02 9.8765291125e-04 3.9870174143e-04 9.8765291125e-04 7.5385863918e+01
110.69102299 1.6065415463e+02 -2.9915146380e-04 3.9888787893e-04 -2.9915146380e-04 1.6065681417e+02 9.8810969874e-04 3.9888787893e-04 9.8810969874e-04 7.5385863922e+01
110.93591463 1.6065423531e+02 -2.9929023271e-04 3.9907460471e-04 -2.9929023271e-04 1.6065689609e+02 9.8856792190e-04 3.9907460471e-04 9.8856792190e-04 7.5385863927e+01
111.18080628 1.6065431625e+02 -2.9942943754e-04 3.9926192019e-04 -2.9942943754e-04 1.6065697827e+02 9.8902758415e-04 3.9926192019e-04 9.8902758415e-04 7.5385863932e+01
111.42569792 1.6065439744e+02 -2.9956907935e-04 3.9944982680e-04 -2.9956907935e-04 1.6065706070e+02 9.8948868890e-04 3.9944982680e-04 9.8948868890e-04 7.5385863937e+01
111.67058956 1.6065447889e+02 -2.9970915916e-04 3.9963832598e-04 -2.9970915916e-04 1.6065714339e+02 9.8995123959e-04 3.9963832598e-04 9.8995123959e-04 7.5385863941e+01
111.91548121 1.6065456059e+02 -2.9984967804e-04 3.9982741917e-04 -2.9984967804e-04 1.6065722634e+02 9.9041523968e-04 3.9982741917e-04 9.9041523968e-04 7.5385863946e+01
112.16037285 1.6065464254e+02 -2.9999063702e-04 4.0001710782e-04 -2.9999063702e-04 1.6065730955e+02 9.9088069262e-04 4.0001710782e-04 9.9088069262e-04 7.5385863951e+01
112.40526450 1.6065472475e+02 -3.0013203717e-04 4.0020739338e-04 -3.0013203717e-04 1.6065739302e+02 9.9134760192e-04 4.0020739338e-04 9.9134760192e-04 7.5385863956e+01
112.65015614 1.6065480722e+02 -3.0027387954e-04 4.0039827732e-04 -3.0027387954e-04 1.6065747675e+02 9.9181597105e-04 4.0039827732e-04 9.9181597105e-04 7.5385863961e+01
112.89504778 1.6065488995e+02 -3.0041616521e-04 4.0058976111e-04 -3.0041616521e-04 1.6065756075e+02 9.9228580355e-04 4.0058976111e-04 9.9228580355e-04 7.5385863966e+01
113.13993943 1.6065497294e+02 -3.0055889523e-04 4.0078184622e-04 -3.0055889523e-04 1.6065764500e+02 9.9275710293e-04 4.0078184622e-04 9.9275710293e-04 7.5385863971e+01
113.38483107 1.6065505618e+02 -3.0070207070e-04 4.0097453413e-04 -3.0070207070e-04 1.6065772952e+02 9.9322987274e-04 4.0097453413e-04 9.9322987274e-04 7.5385863976e+01
113.62972271 1.6065513968e+02 -3.0084569268e-04 4.0116782634e-04 -3.0084569268e-04 1.6065781430e+02 9.9370411655e-04 4.0116782634e-04 9.9370411655e-04 7.5385863981e+01
113.87461436 1.6065522345e+02 -3.0098976226e-04 4.0136172433e-04 -3.0098976226e-04 1.6065789934e+02 9.9417983794e-04 4.0136172433e-04 9.9417983794e-04 7.5385863986e+01
114.11950600 1.6065530747e+02 -3.0113428054e-04 4.0155622962e-04 -3.0113428054e-04 1.6065798465e+02 9.9465704049e-04 4.0155622962e-04 9.9465704049e-04 7.5385863991e+01
114.36439765 1.6065539176e+02 -3.0127924860e-04 4.0175134371e-04 -3.0127924860e-04 1.6065807023e+02 9.9513572782e-04 4.0175134371e-04 9.9513572782e-04 7.5385863996e+01
114.60928929 1.6065547630e+02 -3.0142466755e-04 4.0194706812e-04 -3.0142466755e-04 1.6065815607e+02 9.9561590355e-04 4.0194706812e-04 9.9561590355e-04 7.5385864001e+01
114.85418093 1.6065556111e+02 -3.0157053848e-04 4.0214340438e-04 -3.0157053848e-04 1.6065824218e+02 9.9609757132e-04 4.0214340438e-04 9.9609757132e-04 7.5385864006e+01
115.09907258 1.6065564619e+02 -3.0171686252e-04 4.0234035400e-04 -3.0171686252e-04 1.6065832855e+02 9.9658073480e-04 4.0234035400e-04 9.9658073480e-04 7.5385864011e+01
115.34396422 1.6065573152e+02 -3.0186364077e-04 4.0253791854e-04 -3.0186364077e-04 1.6065841519e+02 9.9706539765e-04 4.0253791854e-04 9.9706539765e-04 7.5385864016e+01
115.58885586 1.6065581713e+02 -3.0201087435e-04 4.0273609953e-04 -3.0201087435e-04 1.6065850210e+02 9.9755156357e-04 4.0273609953e-04 9.9755156357e-04 7.5385864021e+01
115.83374751 1.6065590299e+02 -3.0215856439e-04 4.0293489852e-04 -3.0215856439e-04 1.6065858928e+02 9.9803923627e-04 4.0293489852e-04 9.9803923627e-04 7.5385864026e+01
116.07863915 1.6065598913e+02 -3.0230671202e-04 4.0313431708e-04 -3.0230671202e-04 1.6065867674e+02 9.9852841946e-04 4.0313431708e-04 9.9852841946e-04 7.5385864031e+01
116.32353080 1.6065607553e+02 -3.0245531836e-04 4.0333435678e-04 -3.0245531836e-04 1.6065876446e+02 9.9901911690e-04 4.0333435678e-04 9.9901911690e-04 7.5385864036e+01
116.56842244 1.6065616219e+02 -3.0260438457e-04 4.0353501917e-04 -3.0260438457e-04 1.6065885245e+02 9.9951133233e-04 4.0353501917e-04 9.9951133233e-04 7.5385864041e+01
116.81331408 1.6065624913e+02 -3.0275391178e-04 4.0373630585e-04 -3.0275391178e-04 1.6065894071e+02 1.0000050695e-03 4.0373630585e-04 1.0000050695e-03 7.5385864047e+01
117.05820573 1.6065633633e+02 -3.0290390115e-04 4.0393821840e-04 -3.0290390115e-04 1.6065902925e+02 1.0005003323e-03 4.0393821840e-04 1.0005003323e-03 7.5385864052e+01
117.30309737 1.6065642380e+02 -3.0305435383e-04 4.0414075842e-04 -3.0305435383e-04 1.6065911806e+02 1.0009971245e-03 4.0414075842e-04 1.0009971245e-03 7.5385864057e+01
117.54798902 1.6065651154e+02 -3.0320527097e-04 4.0434392750e-04 -3.0320527097e-04 1.6065920714e+02 1.0014954498e-03 4.0434392750e-04 1.0014954498e-03 7.5385864062e+01
117.79288066 1.6065659955e+02 -3.0335665375e-04 4.0454772727e-04 -3.0335665375e-04 1.6065929650e+02 1.0019953122e-03 4.0454772727e-04 1.0019953122e-03 7.5385864067e+01
118.03777230 1.6065668784e+02 -3.0350850334e-04 4.0475215932e-04 -3.0350850334e-04 1.6065938614e+02 1.0024967155e-03 4.0475215932e-04 1.0024967155e-03 7.5385864073e+01
118.28266395 1.6065677639e+02 -3.0366082091e-04 4.0495722530e-04 -3.0366082091e-04 1.6065947605e+02 1.0029996635e-03 4.0495722530e-04 1.0029996635e-03 7.5385864078e+01
118.52755559 1.6065686522e+02 -3.0381360764e-04 4.0516292682e-04 -3.0381360764e-04 1.6065956623e+02 1.0035041603e-03 4.0516292682e-04 1.0035041603e-03 7.5385864083e+01
118.77244723 1.6065695432e+02 -3.0396686472e-04 4.0536926553e-04 -3.0396686472e-04 1.6065965670e+02 1.0040102096e-03 4.0536926553e-04 1.0040102096e-03 7.5385864089e+01
119.01733888 1.6065704370e+02 -3.0412059334e-04 4.0557624308e-04 -3.0412059334e-04 1.6065974744e+02 1.0045178154e-03 4.0557624308e-04 1.0045178154e-03 7.5385864094e+01
119.26223052 1.6065713334e+02 -3.0427479470e-04 4.0578386112e-04 -3.0427479470e-04 1.6065983846e+02 1.0050269817e-03 4.0578386112e-04 1.0050269817e-03 7.5385864099e+01
119.50712217 1.6065722327e+02 -3.0442946999e-04 4.0599212131e-04 -3.0442946999e-04 1.6065992976e+02 1.0055377124e-03 4.0599212131e-04 1.0055377124e-03 7.5385864105e+01
119.75201381 1.6065731347e+02 -3.0458462044e-04 4.0620102532e-04 -3.0458462044e-04 1.6066002134e+02 1.0060500116e-03 4.0620102532e-04 1.0060500116e-03 7.5385864110e+01
119.99690545 1.6065740395e+02 -3.0474024725e-04 4.0641057483e-04 -3.0474024725e-04 1.6066011320e+02 1.0065638831e-03 4.0641057483e-04 1.0065638831e-03 7.5385864115e+01
120.24179710 1.6065749470e+02 -3.0489635163e-04 4.0662077152e-04 -3.0489635163e-04 1.6066020535e+02 1.0070793311e-03 4.0662077152e-04 1.0070793311e-03 7.5385864121e+01
120.48668874 1.6065758574e+02 -3.0505293483e-04 4.0683161709e-04 -3.0505293483e-04 1.6066029777e+02 1.0075963596e-03 4.0683161709e-04 1.0075963596e-03 7.5385864126e+01
120.73158038 1.6065767705e+02 -3.0520999805e-04 4.0704311324e-04 -3.0520999805e-04 1.6066039048e+02 1.0081149725e-03 4.0704311324e-04 1.0081149725e-03 7.5385864132e+01
120.97647203 1.6065776864e+02 -3.0536754255e-04 4.0725526167e-04 -3.0536754255e-04 1.6066048347e+02 1.0086351741e-03 4.0725526167e-04 1.0086351741e-03 7.5385864137e+01
121.22136367 1.6065786051e+02 -3.0552556956e-04 4.0746806410e-04 -3.0552556956e-04 1.6066057675e+02 1.0091569683e-03 4.0746806410e-04 1.0091569683e-03 7.5385864143e+01
121.46625532 1.6065795266e+02 -3.0568408032e-04 4.0768152226e-04 -3.0568408032e-04 1.6066067031e+02 1.0096803594e-03 4.0768152226e-04 1.0096803594e-03 7.5385864148e+01
121.71114696 1.6065804510e+02 -3.0584307609e-04 4.0789563788e-04 -3.0584307609e-04 1.6066076416e+02 1.0102053514e-03 4.0789563788e-04 1.0102053514e-03 7.5385864154e+01
121.95603860 1.6065813781e+02 -3.0600255814e-04 4.0811041269e-04 -3.0600255814e-04 1.6066085830e+02 1.0107319484e-03 4.0811041269e-04 1.0107319484e-03 7.5385864159e+01
122.20093025 1.6065823081e+02 -3.0616252771e-04 4.0832584845e-04 -3.0616252771e-04 1.6066095272e+02 1.0112601547e-03 4.0832584845e-04 1.0112601547e-03 7.5385864165e+01
122.44582189 1.6065832410e+02 -3.0632298608e-04 4.0854194691e-04 -3.0632298608e-04 1.6066104743e+02 1.0117899745e-03 4.0854194691e-04 1.0117899745e-03 7.5385864170e+01
122.69071353 1.6065841767e+02 -3.0648393453e-04 4.0875870984e-04 -3.0648393453e-04 1.6066114243e+02 1.0123214118e-03 4.0875870984e-04 1.0123214118e-03 7.5385864176e+01
122.93560518 1.6065851152e+02 -3.0664537434e-04 4.0897613901e-04 -3.0664537434e-04 1.6066123772e+02 1.0128544710e-03 4.0897613901e-04 1.0128544710e-03 7.5385864182e+01
123.18049682 1.6065860566e+02 -3.0680730679e-04 4.0919423620e-04 -3.0680730679e-04 1.6066133330e+02 1.0133891563e-03 4.0919423620e-04 1.0133891563e-03 7.5385864187e+01
123.42538847 1.6065870009e+02 -3.0696973317e-04 4.0941300319e-04 -3.0696973317e-04 1.6066142917e+02 1.0139254720e-03 4.0941300319e-04 1.0139254720e-03 7.5385864193e+01
123.67028011 1.6065879480e+02 -3.0713265479e-04 4.0963244180e-04 -3.0713265479e-04 1.6066152534e+02 1.0144634223e-03 4.0963244180e-04 1.0144634223e-03 7.5385864199e+01
123.91517175 1.6065888981e+02 -3.0729607294e-04 4.0985255382e-04 -3.0729607294e-04 1.6066162179e+02 1.0150030116e-03 4.0985255382e-04 1.0150030116e-03 7.5385864204e+01
124.16006340 1.6065898510e+02 -3.0745998895e-04 4.1007334106e-04 -3.0745998895e-04 1.6066171854e+02 1.0155442441e-03 4.1007334106e-04 1.0155442441e-03 7.5385864210e+01
124.40495504 1.6065908068e+02 -3.0762440412e-04 4.1029480536e-04 -3.0762440412e-04 1.6066181559e+02 1.0160871242e-03 4.1029480536e-04 1.0160871242e-03 7.5385864216e+01
124.64984668 1.6065917655e+02 -3.0778931977e-04 4.1051694853e-04 -3.0778931977e-04 1.6066191293e+02 1.0166316562e-03 4.1051694853e-04 1.0166316562e-03 7.5385864221e+01
124.89473833 1.6065927272e+02 -3.0795473724e-04 4.1073977243e-04 -3.0795473724e-04 1.6066201056e+02 1.0171778446e-03 4.1073977243e-04 1.0171778446e-03 7.5385864227e+01
125.13962997 1.6065936917e+02 -3.0812065786e-04 4.1096327890e-04 -3.0812065786e-04 1.6066210850e+02 1.0177256937e-03 4.1096327890e-04 1.0177256937e-03 7.5385864233e+01
125.38452162 1.6065946592e+02 -3.0828708296e-04 4.1118746979e-04 -3.0828708296e-04 1.6066220673e+02 1.0182752080e-03 4.1118746979e-04 1.0182752080e-03 7.5385864239e+01
125.62941326 1.6065956297e+02 -3.0845401391e-04 4.1141234697e-04 -3.0845401391e-04 1.6066230525e+02 1.0188263919e-03 4.1141234697e-04 1.0188263919e-03 7.5385864245e+01
125.87430490 1.6065966030e+02 -3.0862145204e-04 4.1163791232e-04 -3.0862145204e-04 1.6066240408e+02 1.0193792498e-03 4.1163791232e-04 1.0193792498e-03 7.5385864250e+01
126.11919655 1.6065975794e+02 -3.0878939871e-04 4.1186416772e-04 -3.0878939871e-04 1.6066250321e+02 1.0199337863e-03 4.1186416772e-04 1.0199337863e-03 7.5385864256e+01
126.36408819 1.6065985587e+02 -3.0895785530e-04 4.1209111505e-04 -3.0895785530e-04 1.6066260264e+02 1.0204900058e-03 4.1209111505e-04 1.0204900058e-03 7.5385864262e+01
126.60897984 1.6065995409e+02 -3.0912682316e-04 4.1231875623e-04 -3.0912682316e-04 1.6066270237e+02 1.0210479128e-03 4.1231875623e-04 1.0210479128e-03 7.5385864268e+01
126.85387148 1.6066005262e+02 -3.0929630369e-04 4.1254709316e-04 -3.0929630369e-04 1.6066280240e+02 1.0216075120e-03 4.1254709316e-04 1.0216075120e-03 7.5385864274e+01
127.09876312 1.6066015144e+02 -3.0946629826e-04 4.1277612776e-04 -3.0946629826e-04 1.6066290273e+02 1.0221688077e-03 4.1277612776e-04 1.0221688077e-03 7.5385864280e+01
127.34365477 1.6066025056e+02 -3.0963680826e-04 4.1300586195e-04 -3.0963680826e-04 1.6066300337e+02 1.0227318048e-03 4.1300586195e-04 1.0227318048e-03 7.5385864286e+01
127.58854641 1.6066034998e+02 -3.0980783510e-04 4.1323629768e-04 -3.0980783510e-04 1.6066310431e+02 1.0232965076e-03 4.1323629768e-04 1.0232965076e-03 7.5385864292e+01
127.83343805 1.6066044971e+02 -3.0997938016e-04 4.1346743689e-04 -3.0997938016e-04 1.6066320556e+02 1.0238629209e-03 4.1346743689e-04 1.0238629209e-03 7.5385864298e+01
128.07832970 1.6066054973e+02 -3.1015144486e-04 4.1369928153e-04 -3.1015144486e-04 1.6066330712e+02 1.0244310494e-03 4.1369928153e-04 1.0244310494e-03 7.5385864304e+01
128.32322134 1.6066065006e+02 -3.1032403062e-04 4.1393183357e-04 -3.1032403062e-04 1.6066340898e+02 1.0250008976e-03 4.1393183357e-04 1.0250008976e-03 7.5385864310e+01
128.56811299 1.6066075069e+02 -3.1049713886e-04 4.1416509497e-04 -3.1049713886e-04 1.6066351115e+02 1.0255724702e-03 4.1416509497e-04 1.0255724702e-03 7.5385864316e+01
128.81300463 1.6066085163e+02 -3.1067077101e-04 4.1439906774e-04 -3.1067077101e-04 1.6066361363e+02 1.0261457721e-03 4.1439906774e-04 1.0261457721e-03 7.5385864322e+01
129.05789627 1.6066095287e+02 -3.1084492850e-04 4.1463375384e-04 -3.1084492850e-04 1.6066371642e+02 1.0267208078e-03 4.1463375384e-04 1.0267208078e-03 7.5385864328e+01
129.30278792 1.6066105441e+02 -3.1101961277e-04 4.1486915530e-04 -3.1101961277e-04 1.6066381952e+02 1.0272975822e-03 4.1486915530e-04 1.0272975822e-03 7.5385864334e+01
129.54767956 1.6066115627e+02 -3.1119482527e-04 4.1510527411e-04 -3.1119482527e-04 1.6066392293e+02 1.0278761000e-03 4.1510527411e-04 1.0278761000e-03 7.5385864341e+01
129.79257120 1.6066125843e+02 -3.1137056746e-04 4.1534211230e-04 -3.1137056746e-04 1.6066402666e+02 1.0284563661e-03 4.1534211230e-04 1.0284563661e-03 7.5385864347e+01
130.03746285 1.6066136089e+02 -3.1154684080e-04 4.1557967189e-04 -3.1154684080e-04 1.6066413069e+02 1.0290383852e-03 4.1557967189e-04 1.0290383852e-03 7.5385864353e+01
130.28235449 1.6066146367e+02 -3.1172364675e-04 4.1581795493e-04 -3.1172364675e-04 1.6066423504e+02 1.0296221622e-03 4.1581795493e-04 1.0296221622e-03 7.5385864359e+01
130.52724614 1.6066156676e+02 -3.1190098680e-04 4.1605696347e-04 -3.1190098680e-04 1.6066433971e+02 1.0302077019e-03 4.1605696347e-04 1.0302077019e-03 7.5385864365e+01
130.77213778 1.6066167016e+02 -3.1207886242e-04 4.1629669956e-04 -3.1207886242e-04 1.6066444469e+02 1.0307950093e-03 4.1629669956e-04 1.0307950093e-03 7.5385864372e+01
131.01702942 1.6066177387e+02 -3.1225727510e-04 4.1653716527e-04 -3.1225727510e-04 1.6066454999e+02 1.0313840892e-03 4.1653716527e-04 1.0313840892e-03 7.5385864378e+01
131.26192107 1.6066187790e+02 -3.1243622634e-04 4.1677836268e-04 -3.1243622634e-04 1.6066465560e+02 1.0319749466e-03 4.1677836268e-04 1.0319749466e-03 7.5385864384e+01
131.50681271 1.6066198223e+02 -3.1261571764e-04 4.1702029388e-04 -3.1261571764e-04 1.6066476154e+02 1.0325675864e-03 4.1702029388e-04 1.0325675864e-03 7.5385864391e+01
131.75170435 1.6066208689e+02 -3.1279575051e-04 4.1726296097e-04 -3.1279575051e-04 1.6066486779e+02 1.0331620136e-03 4.1726296097e-04 1.0331620136e-03 7.5385864397e+01
131.99659600 1.6066219185e+02 -3.1297632647e-04 4.1750636605e-04 -3.1297632647e-04 1.6066497437e+02 1.0337582332e-03 4.1750636605e-04 1.0337582332e-03 7.5385864403e+01
132.24148764 1.6066229714e+02 -3.1315744704e-04 4.1775051124e-04 -3.1315744704e-04 1.6066508126e+02 1.0343562502e-03 4.1775051124e-04 1.0343562502e-03 7.5385864410e+01
132.48637929 1.6066240274e+02 -3.1333911374e-04 4.1799539867e-04 -3.1333911374e-04 1.6066518848e+02 1.0349560697e-03 4.1799539867e-04 1.0349560697e-03 7.5385864416e+01
132.73127093 1.6066250866e+02 -3.1352132813e-04 4.1824103049e-04 -3.1352132813e-04 1.6066529602e+02 1.0355576967e-03 4.1824103049e-04 1.0355576967e-03 7.5385864422e+01
132.97616257 1.6066261489e+02 -3.1370409174e-04 4.1848740882e-04 -3.1370409174e-04 1.6066540388e+02 1.0361611364e-03 4.1848740882e-04 1.0361611364e-03 7.5385864429e+01
133.22105422 1.6066272145e+02 -3.1388740612e-04 4.1873453585e-04 -3.1388740612e-04 1.6066551207e+02 1.0367663938e-03 4.1873453585e-04 1.0367663938e-03 7.5385864435e+01
133.46594586 1.6066282833e+02 -3.1407127284e-04 4.1898241373e-04 -3.1407127284e-04 1.6066562058e+02 1.0373734741e-03 4.1898241373e-04 1.0373734741e-03 7.5385864442e+01
133.71083750 1.6066293553e+02 -3.1425569345e-04 4.1923104464e-04 -3.1425569345e-04 1.6066572942e+02 1.0379823824e-03 4.1923104464e-04 1.0379823824e-03 7.5385864448e+01
133.95572915 1.6066304305e+02 -3.1444066954e-04 4.1948043077e-04 -3.1444066954e-04 1.6066583859e+02 1.0385931240e-03 4.1948043077e-04 1.0385931240e-03 7.5385864455e+01
134.20062079 1.6066315090e+02 -3.1462620269e-04 4.1973057433e-04 -3.1462620269e-04 1.6066594809e+02 1.0392057040e-03 4.1973057433e-04 1.0392057040e-03 7.5385864461e+01
134.44551244 1.6066325907e+02 -3.1481229447e-04 4.1998147753e-04 -3.1481229447e-04 1.6066605791e+02 1.0398201276e-03 4.1998147753e-04 1.0398201276e-03 7.5385864468e+01
134.69040408 1.6066336756e+02 -3.1499894650e-04 4.2023314257e-04 -3.1499894650e-04 1.6066616807e+02 1.0404364002e-03 4.2023314257e-04 1.0404364002e-03 7.5385864475e+01
134.93529572 1.6066347639e+02 -3.1518616036e-04 4.2048557171e-04 -3.1518616036e-04 1.6066627855e+02 1.0410545271e-03 4.2048557171e-04 1.0410545271e-03 7.5385864481e+01
135.18018737 1.6066358553e+02 -3.1537393768e-04 4.2073876717e-04 -3.1537393768e-04 1.6066638937e+02 1.0416745134e-03 4.2073876717e-04 1.0416745134e-03 7.5385864488e+01
135.42507901 1.6066369501e+02 -3.1556228006e-04 4.2099273122e-04 -3.1556228006e-04 1.6066650053e+02 1.0422963646e-03 4.2099273122e-04 1.0422963646e-03 7.5385864495e+01
135.66997066 1.6066380482e+02 -3.1575118915e-04 4.2124746612e-04 -3.1575118915e-04 1.6066661201e+02 1.0429200861e-03 4.2124746612e-04 1.0429200861e-03 7.5385864501e+01
135.91486230 1.6066391495e+02 -3.1594066655e-04 4.2150297414e-04 -3.1594066655e-04 1.6066672383e+02 1.0435456831e-03 4.2150297414e-04 1.0435456831e-03 7.5385864508e+01
136.15975394 1.6066402542e+02 -3.1613071393e-04 4.2175925757e-04 -3.1613071393e-04 1.6066683599e+02 1.0441731612e-03 4.2175925757e-04 1.0441731612e-03 7.5385864515e+01
136.40464559 1.6066413622e+02 -3.1632133293e-04 4.2201631870e-04 -3.1632133293e-04 1.6066694849e+02 1.0448025256e-03 4.2201631870e-04 1.0448025256e-03 7.5385864521e+01
136.64953723 1.6066424735e+02 -3.1651252520e-04 4.2227415985e-04 -3.1651252520e-04 1.6066706132e+02 1.0454337820e-03 4.2227415985e-04 1.0454337820e-03 7.5385864528e+01
136.89442887 1.6066435882e+02 -3.1670429241e-04 4.2253278333e-04 -3.1670429241e-04 1.6066717449e+02 1.0460669358e-03 4.2253278333e-04 1.0460669358e-03 7.5385864535e+01
137.13932052 1.6066447062e+02 -3.1689663622e-04 4.2279219148e-04 -3.1689663622e-04 1.6066728800e+02 1.0467019925e-03 4.2279219148e-04 1.0467019925e-03 7.5385864542e+01
137.38421216 1.6066458275e+02 -3.1708955833e-04 4.2305238664e-04 -3.1708955833e-04 1.6066740185e+02 1.0473389576e-03 4.2305238664e-04 1.0473389576e-03 7.5385864549e+01
137.62910381 1.6066469522e+02 -3.1728306041e-04 4.2331337115e-04 -3.1728306041e-04 1.6066751605e+02 1.0479778367e-03 4.2331337115e-04 1.0479778367e-03 7.5385864555e+01
137.87399545 1.6066480803e+02 -3.1747714416e-04 4.2357514739e-04 -3.1747714416e-04 1.6066763058e+02 1.0486186354e-03 4.2357514739e-04 1.0486186354e-03 7.5385864562e+01
138.11888709 1.6066492118e+02 -3.1767181129e-04 4.2383771772e-04 -3.1767181129e-04 1.6066774546e+02 1.0492613593e-03 4.2383771772e-04 1.0492613593e-03 7.5385864569e+01
138.36377874 1.6066503467e+02 -3.1786706350e-04 4.2410108455e-04 -3.1786706350e-04 1.6066786069e+02 1.0499060140e-03 4.2410108455e-04 1.0499060140e-03 7.5385864576e+01
138.60867038 1.6066514850e+02 -3.1806290252e-04 4.2436525026e-04 -3.1806290252e-04 1.6066797626e+02 1.0505526052e-03 4.2436525026e-04 1.0505526052e-03 7.5385864583e+01
138.85356202 1.6066526267e+02 -3.1825933007e-04 4.2463021727e-04 -3.1825933007e-04 1.6066809218e+02 1.0512011386e-03 4.2463021727e-04 1.0512011386e-03 7.5385864590e+01
139.09845367 1.6066537719e+02 -3.1845634789e-04 4.2489598800e-04 -3.1845634789e-04 1.6066820844e+02 1.0518516199e-03 4.2489598800e-04 1.0518516199e-03 7.5385864597e+01
139.34334531 1.6066549204e+02 -3.1865395772e-04 4.2516256488e-04 -3.1865395772e-04 1.6066832506e+02 1.0525040549e-03 4.2516256488e-04 1.0525040549e-03 7.5385864604e+01
139.58823696 1.6066560724e+02 -3.1885216132e-04 4.2542995037e-04 -3.1885216132e-04 1.6066844202e+02 1.0531584493e-03 4.2542995037e-04 1.0531584493e-03 7.5385864611e+01
139.83312860 1.6066572279e+02 -3.1905096044e-04 4.2569814691e-04 -3.1905096044e-04 1.6066855934e+02 1.0538148090e-03 4.2569814691e-04 1.0538148090e-03 7.5385864618e+01
140.07802024 1.6066583869e+02 -3.1925035685e-04 4.2596715699e-04 -3.1925035685e-04 1.6066867701e+02 1.0544731397e-03 4.2596715699e-04 1.0544731397e-03 7.5385864625e+01
140.32291189 1.6066595493e+02 -3.1945035234e-04 4.2623698307e-04 -3.1945035234e-04 1.6066879503e+02 1.0551334473e-03 4.2623698307e-04 1.0551334473e-03 7.5385864633e+01
140.56780353 1.6066607152e+02 -3.1965094868e-04 4.2650762766e-04 -3.1965094868e-04 1.6066891340e+02 1.0557957378e-03 4.2650762766e-04 1.0557957378e-03 7.5385864640e+01
140.81269517 1.6066618846e+02 -3.1985214767e-04 4.2677909327e-04 -3.1985214767e-04 1.6066903213e+02 1.0564600169e-03 4.2677909327e-04 1.0564600169e-03 7.5385864647e+01
141.05758682 1.6066630575e+02 -3.2005395111e-04 4.2705138240e-04 -3.2005395111e-04 1.6066915122e+02 1.0571262907e-03 4.2705138240e-04 1.0571262907e-03 7.5385864654e+01
141.30247846 1.6066642340e+02 -3.2025636081e-04 4.2732449760e-04 -3.2025636081e-04 1.6066927067e+02 1.0577945652e-03 4.2732449760e-04 1.0577945652e-03 7.5385864661e+01
141.54737011 1.6066654139e+02 -3.2045937860e-04 4.2759844141e-04 -3.2045937860e-04 1.6066939047e+02 1.0584648462e-03 4.2759844141e-04 1.0584648462e-03 7.5385864669e+01
141.79226175 1.6066665974e+02 -3.2066300629e-04 4.2787321637e-04 -3.2066300629e-04 1.6066951063e+02 1.0591371399e-03 4.2787321637e-04 1.0591371399e-03 7.5385864676e+01
142.03715339 1.6066677845e+02 -3.2086724573e-04 4.2814882507e-04 -3.2086724573e-04 1.6066963115e+02 1.0598114523e-03 4.2814882507e-04 1.0598114523e-03 7.5385864683e+01
142.28204504 1.6066689751e+02 -3.2107209877e-04 4.2842527009e-04 -3.2107209877e-04 1.6066975204e+02 1.0604877895e-03 4.2842527009e-04 1.0604877895e-03 7.5385864690e+01
142.52693668 1.6066701693e+02 -3.2127756725e-04 4.2870255401e-04 -3.2127756725e-04 1.6066987328e+02 1.0611661576e-03 4.2870255401e-04 1.0611661576e-03 7.5385864698e+01
142.77182832 1.6066713671e+02 -3.2148365304e-04 4.2898067944e-04 -3.2148365304e-04 1.6066999489e+02 1.0618465627e-03 4.2898067944e-04 1.0618465627e-03 7.5385864705e+01
143.01671997 1.6066725684e+02 -3.2169035801e-04 4.2925964901e-04 -3.2169035801e-04 1.6067011687e+02 1.0625290109e-03 4.2925964901e-04 1.0625290109e-03 7.5385864713e+01
143.26161161 1.6066737734e+02 -3.2189768405e-04 4.2953946535e-04 -3.2189768405e-04 1.6067023921e+02 1.0632135086e-03 4.2953946535e-04 1.0632135086e-03 7.5385864720e+01
143.50650326 1.6066749820e+02 -3.2210563304e-04 4.2982013109e-04 -3.2210563304e-04 1.6067036192e+02 1.0639000619e-03 4.2982013109e-04 1.0639000619e-03 7.5385864727e+01
143.75139490 1.6066761942e+02 -3.2231420688e-04 4.3010164892e-04 -3.2231420688e-04 1.6067048500e+02 1.0645886771e-03 4.3010164892e-04 1.0645886771e-03 7.5385864735e+01
143.99628654 1.6066774101e+02 -3.2252340748e-04 4.3038402148e-04 -3.2252340748e-04 1.6067060844e+02 1.0652793605e-03 4.3038402148e-04 1.0652793605e-03 7.5385864742e+01
144.24117819 1.6066786296e+02 -3.2273323676e-04 4.3066725147e-04 -3.2273323676e-04 1.6067073226e+02 1.0659721183e-03 4.3066725147e-04 1.0659721183e-03 7.5385864750e+01
144.48606983 1.6066798527e+02 -3.2294369664e-04 4.3095134160e-04 -3.2294369664e-04 1.6067085645e+02 1.0666669570e-03 4.3095134160e-04 1.0666669570e-03 7.5385864757e+01
144.73096148 1.6066810796e+02 -3.2315478906e-04 4.3123629456e-04 -3.2315478906e-04 1.6067098101e+02 1.0673638829e-03 4.3123629456e-04 1.0673638829e-03 7.5385864765e+01
144.97585312 1.6066823101e+02 -3.2336651597e-04 4.3152211309e-04 -3.2336651597e-04 1.6067110594e+02 1.0680629024e-03 4.3152211309e-04 1.0680629024e-03 7.5385864773e+01
145.22074476 1.6066835443e+02 -3.2357887931e-04 4.3180879992e-04 -3.2357887931e-04 1.6067123125e+02 1.0687640220e-03 4.3180879992e-04 1.0687640220e-03 7.5385864780e+01
145.46563641 1.6066847822e+02 -3.2379188106e-04 4.3209635782e-04 -3.2379188106e-04 1.6067135694e+02 1.0694672481e-03 4.3209635782e-04 1.0694672481e-03 7.5385864788e+01
145.71052805 1.6066860238e+02 -3.2400552318e-04 4.3238478953e-04 -3.2400552318e-04 1.6067148300e+02 1.0701725872e-03 4.3238478953e-04 1.0701725872e-03 7.5385864796e+01
145.95541969 1.6066872692e+02 -3.2421980767e-04 4.3267409786e-04 -3.2421980767e-04 1.6067160945e+02 1.0708800459e-03 4.3267409786e-04 1.0708800459e-03 7.5385864803e+01
146.20031134 1.6066885183e+02 -3.2443473650e-04 4.3296428558e-04 -3.2443473650e-04 1.6067173627e+02 1.0715896308e-03 4.3296428558e-04 1.0715896308e-03 7.5385864811e+01
146.44520298 1.6066897711e+02 -3.2465031168e-04 4.3325535552e-04 -3.2465031168e-04 1.6067186347e+02 1.0723013483e-03 4.3325535552e-04 1.0723013483e-03 7.5385864819e+01
146.69009463 1.6066910277e+02 -3.2486653523e-04 4.3354731048e-04 -3.2486653523e-04 1.6067199105e+02 1.0730152052e-03 4.3354731048e-04 1.0730152052e-03 7.5385864827e+01
146.93498627 1.6066922881e+02 -3.2508340916e-04 4.3384015331e-04 -3.2508340916e-04 1.6067211902e+02 1.0737312081e-03 4.3384015331e-04 1.0737312081e-03 7.5385864834e+01
147.17987791 1.6066935523e+02 -3.2530093551e-04 4.3413388686e-04 -3.2530093551e-04 1.6067224737e+02 1.0744493637e-03 4.3413388686e-04 1.0744493637e-03 7.5385864842e+01
147.42476956 1.6066948203e+02 -3.2551911631e-04 4.3442851400e-04 -3.2551911631e-04 1.6067237611e+02 1.0751696788e-03 4.3442851400e-04 1.0751696788e-03 7.5385864850e+01
147.66966120 1.6066960920e+02 -3.2573795363e-04 4.3472403760e-04 -3.2573795363e-04 1.6067250524e+02 1.0758921600e-03 4.3472403760e-04 1.0758921600e-03 7.5385864858e+01
147.91455284 1.6066973676e+02 -3.2595744951e-04 4.3502046056e-04 -3.2595744951e-04 1.6067263475e+02 1.0766168142e-03 4.3502046056e-04 1.0766168142e-03 7.5385864866e+01
148.15944449 1.6066986471e+02 -3.2617760603e-04 4.3531778578e-04 -3.2617760603e-04 1.6067276465e+02 1.0773436482e-03 4.3531778578e-04 1.0773436482e-03 7.5385864874e+01
148.40433613 1.6066999304e+02 -3.2639842527e-04 4.3561601620e-04 -3.2639842527e-04 1.6067289494e+02 1.0780726688e-03 4.3561601620e-04 1.0780726688e-03 7.5385864882e+01
148.64922778 1.6067012175e+02 -3.2661990932e-04 4.3591515474e-04 -3.2661990932e-04 1.6067302563e+02 1.0788038830e-03 4.3591515474e-04 1.0788038830e-03 7.5385864890e+01
148.89411942 1.6067025085e+02 -3.2684206028e-04 4.3621520437e-04 -3.2684206028e-04 1.6067315671e+02 1.0795372976e-03 4.3621520437e-04 1.0795372976e-03 7.5385864898e+01
149.13901106 1.6067038034e+02 -3.2706488026e-04 4.3651616805e-04 -3.2706488026e-04 1.6067328818e+02 1.0802729196e-03 4.3651616805e-04 1.0802729196e-03 7.5385864906e+01
149.38390271 1.6067051022e+02 -3.2728837139e-04 4.3681804876e-04 -3.2728837139e-04 1.6067342004e+02 1.0810107561e-03 4.3681804876e-04 1.0810107561e-03 7.5385864914e+01
149.62879435 1.6067064049e+02 -3.2751253579e-04 4.3712084951e-04 -3.2751253579e-04 1.6067355231e+02 1.0817508140e-03 4.3712084951e-04 1.0817508140e-03 7.5385864922e+01
149.87368599 1.6067077115e+02 -3.2773737561e-04 4.3742457330e-04 -3.2773737561e-04 1.6067368497e+02 1.0824931003e-03 4.3742457330e-04 1.0824931003e-03 7.5385864930e+01
150.11857764 1.6067090220e+02 -3.2796289301e-04 4.3772922317e-04 -3.2796289301e-04 1.6067381803e+02 1.0832376222e-03 4.3772922317e-04 1.0832376222e-03 7.5385864938e+01
150.36346928 1.6067103365e+02 -3.2818909014e-04 4.3803480216e-04 -3.2818909014e-04 1.6067395149e+02 1.0839843869e-03 4.3803480216e-04 1.0839843869e-03 7.5385864947e+01
150.60836093 1.6067116550e+02 -3.2841596917e-04 4.3834131333e-04 -3.2841596917e-04 1.6067408535e+02 1.0847334013e-03 4.3834131333e-04 1.0847334013e-03 7.5385864955e+01
150.85325257 1.6067129774e+02 -3.2864353230e-04 4.3864875975e-04 -3.2864353230e-04 1.6067421962e+02 1.0854846729e-03 4.3864875975e-04 1.0854846729e-03 7.5385864963e+01
151.09814421 1.6067143038e+02 -3.2887178172e-04 4.3895714452e-04 -3.2887178172e-04 1.6067435429e+02 1.0862382087e-03 4.3895714452e-04 1.0862382087e-03 7.5385864971e+01
151.34303586 1.6067156342e+02 -3.2910071963e-04 4.3926647075e-04 -3.2910071963e-04 1.6067448936e+02 1.0869940161e-03 4.3926647075e-04 1.0869940161e-03 7.5385864980e+01
151.58792750 1.6067169685e+02 -3.2933034825e-04 4.3957674155e-04 -3.2933034825e-04 1.6067462485e+02 1.0877521024e-03 4.3957674155e-04 1.0877521024e-03 7.5385864988e+01
151.83281914 1.6067183070e+02 -3.2956066981e-04 4.3988796007e-04 -3.2956066981e-04 1.6067476074e+02 1.0885124748e-03 4.3988796007e-04 1.0885124748e-03 7.5385864996e+01
152.07771079 1.6067196494e+02 -3.2979168655e-04 4.4020012946e-04 -3.2979168655e-04 1.6067489704e+02 1.0892751408e-03 4.4020012946e-04 1.0892751408e-03 7.5385865005e+01
152.32260243 1.6067209959e+02 -3.3002340072e-04 4.4051325290e-04 -3.3002340072e-04 1.6067503375e+02 1.0900401079e-03 4.4051325290e-04 1.0900401079e-03 7.5385865013e+01
152.56749408 1.6067223465e+02 -3.3025581457e-04 4.4082733357e-04 -3.3025581457e-04 1.6067517087e+02 1.0908073833e-03 4.4082733357e-04 1.0908073833e-03 7.5385865022e+01
152.81238572 1.6067237011e+02 -3.3048893039e-04 4.4114237468e-04 -3.3048893039e-04 1.6067530841e+02 1.0915769746e-03 4.4114237468e-04 1.0915769746e-03 7.5385865030e+01
153.05727736 1.6067250598e+02 -3.3072275045e-04 4.4145837944e-04 -3.3072275045e-04 1.6067544636e+02 1.0923488894e-03 4.4145837944e-04 1.0923488894e-03 7.5385865039e+01
153.30216901 1.6067264226e+02 -3.3095727704e-04 4.4177535110e-04 -3.3095727704e-04 1.6067558473e+02 1.0931231352e-03 4.4177535110e-04 1.0931231352e-03 7.5385865047e+01
153.54706065 1.6067277895e+02 -3.3119251249e-04 4.4209329291e-04 -3.3119251249e-04 1.6067572351e+02 1.0938997196e-03 4.4209329291e-04 1.0938997196e-03 7.5385865056e+01
153.79195229 1.6067291606e+02 -3.3142845909e-04 4.4241220814e-04 -3.3142845909e-04 1.6067586272e+02 1.0946786502e-03 4.4241220814e-04 1.0946786502e-03 7.5385865065e+01
154.03684394 1.6067305358e+02 -3.3166511918e-04 4.4273210008e-04 -3.3166511918e-04 1.6067600234e+02 1.0954599346e-03 4.4273210008e-04 1.0954599346e-03 7.5385865073e+01
154.28173558 1.6067319151e+02 -3.3190249511e-04 4.4305297203e-04 -3.3190249511e-04 1.6067614239e+02 1.0962435807e-03 4.4305297203e-04 1.0962435807e-03 7.5385865082e+01
154.52662723 1.6067332986e+02 -3.3214058922e-04 4.4337482732e-04 -3.3214058922e-04 1.6067628286e+02 1.0970295961e-03 4.4337482732e-04 1.0970295961e-03 7.5385865091e+01
154.77151887 1.6067346863e+02 -3.3237940387e-04 4.4369766928e-04 -3.3237940387e-04 1.6067642375e+02 1.0978179887e-03 4.4369766928e-04 1.0978179887e-03 7.5385865099e+01
155.01641051 1.6067360782e+02 -3.3261894145e-04 4.4402150128e-04 -3.3261894145e-04 1.6067656507e+02 1.0986087662e-03 4.4402150128e-04 1.0986087662e-03 7.5385865108e+01
155.26130216 1.6067374743e+02 -3.3285920434e-04 4.4434632669e-04 -3.3285920434e-04 1.6067670681e+02 1.0994019366e-03 4.4434632669e-04 1.0994019366e-03 7.5385865117e+01
155.50619380 1.6067388746e+02 -3.3310019493e-04 4.4467214890e-04 -3.3310019493e-04 1.6067684899e+02 1.1001975076e-03 4.4467214890e-04 1.1001975076e-03 7.5385865126e+01
155.75108545 1.6067402792e+02 -3.3334191565e-04 4.4499897132e-04 -3.3334191565e-04 1.6067699160e+02 1.1009954873e-03 4.4499897132e-04 1.1009954873e-03 7.5385865135e+01
155.99597709 1.6067416880e+02 -3.3358436891e-04 4.4532679738e-04 -3.3358436891e-04 1.6067713463e+02 1.1017958837e-03 4.4532679738e-04 1.1017958837e-03 7.5385865143e+01
156.24086873 1.6067431010e+02 -3.3382755715e-04 4.4565563052e-04 -3.3382755715e-04 1.6067727810e+02 1.1025987047e-03 4.4565563052e-04 1.1025987047e-03 7.5385865152e+01
156.48576038 1.6067445184e+02 -3.3407148282e-04 4.4598547421e-04 -3.3407148282e-04 1.6067742201e+02 1.1034039584e-03 4.4598547421e-04 1.1034039584e-03 7.5385865161e+01
156.73065202 1.6067459400e+02 -3.3431614837e-04 4.4631633194e-04 -3.3431614837e-04 1.6067756634e+02 1.1042116530e-03 4.4631633194e-04 1.1042116530e-03 7.5385865170e+01
156.97554366 1.6067473659e+02 -3.3456155629e-04 4.4664820719e-04 -3.3456155629e-04 1.6067771112e+02 1.1050217965e-03 4.4664820719e-04 1.1050217965e-03 7.5385865179e+01
157.22043531 1.6067487962e+02 -3.3480770904e-04 4.4698110350e-04 -3.3480770904e-04 1.6067785634e+02 1.1058343972e-03 4.4698110350e-04 1.1058343972e-03 7.5385865188e+01
157.46532695 1.6067502308e+02 -3.3505460914e-04 4.4731502439e-04 -3.3505460914e-04 1.6067800199e+02 1.1066494633e-03 4.4731502439e-04 1.1066494633e-03 7.5385865197e+01
157.71021860 1.6067516697e+02 -3.3530225909e-04 4.4764997344e-04 -3.3530225909e-04 1.6067814809e+02 1.1074670030e-03 4.4764997344e-04 1.1074670030e-03 7.5385865207e+01
157.95511024 1.6067531130e+02 -3.3555066142e-04 4.4798595420e-04 -3.3555066142e-04 1.6067829463e+02 1.1082870246e-03 4.4798595420e-04 1.1082870246e-03 7.5385865216e+01
158.20000188 1.6067545607e+02 -3.3579981865e-04 4.4832297027e-04 -3.3579981865e-04 1.6067844161e+02 1.1091095366e-03 4.4832297027e-04 1.1091095366e-03 7.5385865225e+01
158.44489353 1.6067560128e+02 -3.3604973334e-04 4.4866102528e-04 -3.3604973334e-04 1.6067858904e+02 1.1099345472e-03 4.4866102528e-04 1.1099345472e-03 7.5385865234e+01
158.68978517 1.6067574692e+02 -3.3630040804e-04 4.4900012284e-04 -3.3630040804e-04 1.6067873692e+02 1.1107620649e-03 4.4900012284e-04 1.1107620649e-03 7.5385865243e+01
158.93467681 1.6067589301e+02 -3.3655184534e-04 4.4934026662e-04 -3.3655184534e-04 1.6067888525e+02 1.1115920982e-03 4.4934026662e-04 1.1115920982e-03 7.5385865253e+01
159.17956846 1.6067603955e+02 -3.3680404782e-04 4.4968146028e-04 -3.3680404782e-04 1.6067903403e+02 1.1124246557e-03 4.4968146028e-04 1.1124246557e-03 7.5385865262e+01
159.42446010 1.6067618653e+02 -3.3705701807e-04 4.5002370751e-04 -3.3705701807e-04 1.6067918326e+02 1.1132597458e-03 4.5002370751e-04 1.1132597458e-03 7.5385865271e+01
159.66935175 1.6067633395e+02 -3.3731075872e-04 4.5036701203e-04 -3.3731075872e-04 1.6067933294e+02 1.1140973771e-03 4.5036701203e-04 1.1140973771e-03 7.5385865281e+01
159.91424339 1.6067648183e+02 -3.3756527238e-04 4.5071137756e-04 -3.3756527238e-04 1.6067948308e+02 1.1149375584e-03 4.5071137756e-04 1.1149375584e-03 7.5385865290e+01
160.15913503 1.6067663015e+02 -3.3782056170e-04 4.5105680786e-04 -3.3782056170e-04 1.6067963368e+02 1.1157802983e-03 4.5105680786e-04 1.1157802983e-03 7.5385865300e+01
160.40402668 1.6067677893e+02 -3.3807662934e-04 4.5140330669e-04 -3.3807662934e-04 1.6067978473e+02 1.1166256056e-03 4.5140330669e-04 1.1166256056e-03 7.5385865309e+01
160.64891832 1.6067692816e+02 -3.3833347795e-04 4.5175087785e-04 -3.3833347795e-04 1.6067993624e+02 1.1174734890e-03 4.5175087785e-04 1.1174734890e-03 7.5385865319e+01
160.89380996 1.6067707784e+02 -3.3859111021e-04 4.5209952515e-04 -3.3859111021e-04 1.6068008822e+02 1.1183239573e-03 4.5209952515e-04 1.1183239573e-03 7.5385865328e+01
161.13870161 1.6067722798e+02 -3.3884952884e-04 4.5244925242e-04 -3.3884952884e-04 1.6068024066e+02 1.1191770195e-03 4.5244925242e-04 1.1191770195e-03 7.5385865338e+01
161.38359325 1.6067737858e+02 -3.3910873652e-04 4.5280006351e-04 -3.3910873652e-04 1.6068039356e+02 1.1200326844e-03 4.5280006351e-04 1.1200326844e-03 7.5385865347e+01
161.62848490 1.6067752963e+02 -3.3936873598e-04 4.5315196229e-04 -3.3936873598e-04 1.6068054693e+02 1.1208909610e-03 4.5315196229e-04 1.1208909610e-03 7.5385865357e+01
161.87337654 1.6067768115e+02 -3.3962952996e-04 4.5350495267e-04 -3.3962952996e-04 1.6068070077e+02 1.1217518583e-03 4.5350495267e-04 1.1217518583e-03 7.5385865367e+01
162.11826818 1.6067783313e+02 -3.3989112121e-04 4.5385903855e-04 -3.3989112121e-04 1.6068085507e+02 1.1226153853e-03 4.5385903855e-04 1.1226153853e-03 7.5385865376e+01
162.36315983 1.6067798557e+02 -3.4015351248e-04 4.5421422386e-04 -3.4015351248e-04 1.6068100985e+02 1.1234815513e-03 4.5421422386e-04 1.1234815513e-03 7.5385865386e+01
162.60805147 1.6067813848e+02 -3.4041670657e-04 4.5457051258e-04 -3.4041670657e-04 1.6068116510e+02 1.1243503652e-03 4.5457051258e-04 1.1243503652e-03 7.5385865396e+01
162.85294311 1.6067829185e+02 -3.4068070626e-04 4.5492790867e-04 -3.4068070626e-04 1.6068132082e+02 1.1252218363e-03 4.5492790867e-04 1.1252218363e-03 7.5385865406e+01
163.09783476 1.6067844570e+02 -3.4094551436e-04 4.5528641614e-04 -3.4094551436e-04 1.6068147702e+02 1.1260959739e-03 4.5528641614e-04 1.1260959739e-03 7.5385865416e+01
163.34272640 1.6067860001e+02 -3.4121113368e-04 4.5564603902e-04 -3.4121113368e-04 1.6068163370e+02 1.1269727871e-03 4.5564603902e-04 1.1269727871e-03 7.5385865426e+01
163.58761805 1.6067875480e+02 -3.4147756708e-04 4.5600678133e-04 -3.4147756708e-04 1.6068179086e+02 1.1278522855e-03 4.5600678133e-04 1.1278522855e-03 7.5385865435e+01
163.83250969 1.6067891006e+02 -3.4174481738e-04 4.5636864717e-04 -3.4174481738e-04 1.6068194850e+02 1.1287344782e-03 4.5636864717e-04 1.1287344782e-03 7.5385865445e+01
164.07740133 1.6067906579e+02 -3.4201288747e-04 4.5673164060e-04 -3.4201288747e-04 1.6068210662e+02 1.1296193749e-03 4.5673164060e-04 1.1296193749e-03 7.5385865455e+01
164.32229298 1.6067922201e+02 -3.4228178022e-04 4.5709576574e-04 -3.4228178022e-04 1.6068226522e+02 1.1305069849e-03 4.5709576574e-04 1.1305069849e-03 7.5385865466e+01
164.56718462 1.6067937870e+02 -3.4255149852e-04 4.5746102674e-04 -3.4255149852e-04 1.6068242431e+02 1.1313973177e-03 4.5746102674e-04 1.1313973177e-03 7.5385865476e+01
164.81207627 1.6067953587e+02 -3.4282204529e-04 4.5782742774e-04 -3.4282204529e-04 1.6068258389e+02 1.1322903831e-03 4.5782742774e-04 1.1322903831e-03 7.5385865486e+01
165.05696791 1.6067969352e+02 -3.4309342345e-04 4.5819497292e-04 -3.4309342345e-04 1.6068274396e+02 1.1331861905e-03 4.5819497292e-04 1.1331861905e-03 7.5385865496e+01
165.30185955 1.6067985166e+02 -3.4336563595e-04 4.5856366649e-04 -3.4336563595e-04 1.6068290452e+02 1.1340847497e-03 4.5856366649e-04 1.1340847497e-03 7.5385865506e+01
165.54675120 1.6068001028e+02 -3.4363868572e-04 4.5893351267e-04 -3.4363868572e-04 1.6068306557e+02 1.1349860703e-03 4.5893351267e-04 1.1349860703e-03 7.5385865516e+01
165.79164284 1.6068016939e+02 -3.4391257576e-04 4.5930451572e-04 -3.4391257576e-04 1.6068322711e+02 1.1358901623e-03 4.5930451572e-04 1.1358901623e-03 7.5385865527e+01
166.03653448 1.6068032899e+02 -3.4418730904e-04 4.5967667990e-04 -3.4418730904e-04 1.6068338916e+02 1.1367970353e-03 4.5967667990e-04 1.1367970353e-03 7.5385865537e+01
166.28142613 1.6068048907e+02 -3.4446288856e-04 4.6005000951e-04 -3.4446288856e-04 1.6068355170e+02 1.1377066993e-03 4.6005000951e-04 1.1377066993e-03 7.5385865547e+01
166.52631777 1.6068064966e+02 -3.4473931736e-04 4.6042450888e-04 -3.4473931736e-04 1.6068371474e+02 1.1386191643e-03 4.6042450888e-04 1.1386191643e-03 7.5385865558e+01
166.77120942 1.6068081073e+02 -3.4501659844e-04 4.6080018234e-04 -3.4501659844e-04 1.6068387828e+02 1.1395344401e-03 4.6080018234e-04 1.1395344401e-03 7.5385865568e+01
167.01610106 1.6068097230e+02 -3.4529473488e-04 4.6117703427e-04 -3.4529473488e-04 1.6068404232e+02 1.1404525369e-03 4.6117703427e-04 1.1404525369e-03 7.5385865579e+01
167.26099270 1.6068113437e+02 -3.4557372973e-04 4.6155506906e-04 -3.4557372973e-04 1.6068420687e+02 1.1413734647e-03 4.6155506906e-04 1.1413734647e-03 7.5385865589e+01
167.50588435 1.6068129694e+02 -3.4585358607e-04 4.6193429113e-04 -3.4585358607e-04 1.6068437193e+02 1.1422972336e-03 4.6193429113e-04 1.1422972336e-03 7.5385865600e+01
167.75077599 1.6068146001e+02 -3.4613430701e-04 4.6231470492e-04 -3.4613430701e-04 1.6068453750e+02 1.1432238539e-03 4.6231470492e-04 1.1432238539e-03 7.5385865610e+01
167.99566763 1.6068162358e+02 -3.4641589565e-04 4.6269631489e-04 -3.4641589565e-04 1.6068470358e+02 1.1441533358e-03 4.6269631489e-04 1.1441533358e-03 7.5385865621e+01
168.24055928 1.6068178765e+02 -3.4669835513e-04 4.6307912555e-04 -3.4669835513e-04 1.6068487017e+02 1.1450856897e-03 4.6307912555e-04 1.1450856897e-03 7.5385865632e+01
168.48545092 1.6068195224e+02 -3.4698168860e-04 4.6346314140e-04 -3.4698168860e-04 1.6068503727e+02 1.1460209258e-03 4.6346314140e-04 1.1460209258e-03 7.5385865642e+01
168.73034257 1.6068211733e+02 -3.4726589922e-04 4.6384836700e-04 -3.4726589922e-04 1.6068520489e+02 1.1469590545e-03 4.6384836700e-04 1.1469590545e-03 7.5385865653e+01
168.97523421 1.6068228293e+02 -3.4755099016e-04 4.6423480690e-04 -3.4755099016e-04 1.6068537303e+02 1.1479000864e-03 4.6423480690e-04 1.1479000864e-03 7.5385865664e+01
169.22012585 1.6068244904e+02 -3.4783696463e-04 4.6462246571e-04 -3.4783696463e-04 1.6068554169e+02 1.1488440320e-03 4.6462246571e-04 1.1488440320e-03 7.5385865675e+01
169.46501750 1.6068261567e+02 -3.4812382584e-04 4.6501134804e-04 -3.4812382584e-04 1.6068571087e+02 1.1497909018e-03 4.6501134804e-04 1.1497909018e-03 7.5385865686e+01
169.70990914 1.6068278281e+02 -3.4841157703e-04 4.6540145855e-04 -3.4841157703e-04 1.6068588057e+02 1.1507407065e-03 4.6540145855e-04 1.1507407065e-03 7.5385865696e+01
169.95480078 1.6068295048e+02 -3.4870022143e-04 4.6579280190e-04 -3.4870022143e-04 1.6068605080e+02 1.1516934568e-03 4.6579280190e-04 1.1516934568e-03 7.5385865707e+01
170.19969243 1.6068311866e+02 -3.4898976233e-04 4.6618538280e-04 -3.4898976233e-04 1.6068622156e+02 1.1526491633e-03 4.6618538280e-04 1.1526491633e-03 7.5385865718e+01
170.44458407 1.6068328736e+02 -3.4928020299e-04 4.6657920597e-04 -3.4928020299e-04 1.6068639284e+02 1.1536078370e-03 4.6657920597e-04 1.1536078370e-03 7.5385865729e+01
170.68947572 1.6068345658e+02 -3.4957154673e-04 4.6697427617e-04 -3.4957154673e-04 1.6068656466e+02 1.1545694887e-03 4.6697427617e-04 1.1545694887e-03 7.5385865741e+01
170.93436736 1.6068362633e+02 -3.4986379685e-04 4.6737059818e-04 -3.4986379685e-04 1.6068673701e+02 1.1555341292e-03 4.6737059818e-04 1.1555341292e-03 7.5385865752e+01
171.17925900 1.6068379661e+02 -3.5015695670e-04 4.6776817680e-04 -3.5015695670e-04 1.6068690990e+02 1.1565017696e-03 4.6776817680e-04 1.1565017696e-03 7.5385865763e+01
171.42415065 1.6068396742e+02 -3.5045102963e-04 4.6816701687e-04 -3.5045102963e-04 1.6068708332e+02 1.1574724209e-03 4.6816701687e-04 1.1574724209e-03 7.5385865774e+01
171.66904229 1.6068413876e+02 -3.5074601902e-04 4.6856712326e-04 -3.5074601902e-04 1.6068725728e+02 1.1584460942e-03 4.6856712326e-04 1.1584460942e-03 7.5385865785e+01
171.91393393 1.6068431063e+02 -3.5104192824e-04 4.6896850085e-04 -3.5104192824e-04 1.6068743179e+02 1.1594228006e-03 4.6896850085e-04 1.1594228006e-03 7.5385865797e+01
172.15882558 1.6068448303e+02 -3.5133876072e-04 4.6937115457e-04 -3.5133876072e-04 1.6068760683e+02 1.1604025514e-03 4.6937115457e-04 1.1604025514e-03 7.5385865808e+01
172.40371722 1.6068465597e+02 -3.5163651987e-04 4.6977508937e-04 -3.5163651987e-04 1.6068778242e+02 1.1613853578e-03 4.6977508937e-04 1.1613853578e-03 7.5385865819e+01
172.64860887 1.6068482946e+02 -3.5193520915e-04 4.7018031021e-04 -3.5193520915e-04 1.6068795856e+02 1.1623712312e-03 4.7018031021e-04 1.1623712312e-03 7.5385865831e+01
172.89350051 1.6068500348e+02 -3.5223483202e-04 4.7058682211e-04 -3.5223483202e-04 1.6068813525e+02 1.1633601830e-03 4.7058682211e-04 1.1633601830e-03 7.5385865842e+01
173.13839215 1.6068517804e+02 -3.5253539195e-04 4.7099463011e-04 -3.5253539195e-04 1.6068831249e+02 1.1643522245e-03 4.7099463011e-04 1.1643522245e-03 7.5385865854e+01
173.38328380 1.6068535315e+02 -3.5283689246e-04 4.7140373926e-04 -3.5283689246e-04 1.6068849028e+02 1.1653473674e-03 4.7140373926e-04 1.1653473674e-03 7.5385865865e+01
173.62817544 1.6068552881e+02 -3.5313933705e-04 4.7181415465e-04 -3.5313933705e-04 1.6068866863e+02 1.1663456233e-03 4.7181415465e-04 1.1663456233e-03 7.5385865877e+01
173.87306709 1.6068570502e+02 -3.5344272928e-04 4.7222588142e-04 -3.5344272928e-04 1.6068884754e+02 1.1673470036e-03 4.7222588142e-04 1.1673470036e-03 7.5385865889e+01
174.11795873 1.6068588177e+02 -3.5374707269e-04 4.7263892472e-04 -3.5374707269e-04 1.6068902700e+02 1.1683515202e-03 4.7263892472e-04 1.1683515202e-03 7.5385865900e+01
174.36285037 1.6068605908e+02 -3.5405237088e-04 4.7305328972e-04 -3.5405237088e-04 1.6068920703e+02 1.1693591849e-03 4.7305328972e-04 1.1693591849e-03 7.5385865912e+01
174.60774202 1.6068623695e+02 -3.5435862742e-04 4.7346898164e-04 -3.5435862742e-04 1.6068938762e+02 1.1703700094e-03 4.7346898164e-04 1.1703700094e-03 7.5385865924e+01
174.85263366 1.6068641537e+02 -3.5466584595e-04 4.7388600573e-04 -3.5466584595e-04 1.6068956878e+02 1.1713840056e-03 4.7388600573e-04 1.1713840056e-03 7.5385865936e+01
175.09752530 1.6068659435e+02 -3.5497403010e-04 4.7430436726e-04 -3.5497403010e-04 1.6068975050e+02 1.1724011856e-03 4.7430436726e-04 1.1724011856e-03 7.5385865948e+01
175.34241695 1.6068677390e+02 -3.5528318352e-04 4.7472407154e-04 -3.5528318352e-04 1.6068993280e+02 1.1734215613e-03 4.7472407154e-04 1.1734215613e-03 7.5385865960e+01
175.58730859 1.6068695400e+02 -3.5559330989e-04 4.7514512390e-04 -3.5559330989e-04 1.6069011566e+02 1.1744451448e-03 4.7514512390e-04 1.1744451448e-03 7.5385865972e+01
175.83220024 1.6068713468e+02 -3.5590441291e-04 4.7556752971e-04 -3.5590441291e-04 1.6069029910e+02 1.1754719483e-03 4.7556752971e-04 1.1754719483e-03 7.5385865984e+01
176.07709188 1.6068731592e+02 -3.5621649629e-04 4.7599129438e-04 -3.5621649629e-04 1.6069048312e+02 1.1765019841e-03 4.7599129438e-04 1.1765019841e-03 7.5385865996e+01
176.32198352 1.6068749773e+02 -3.5652956378e-04 4.7641642333e-04 -3.5652956378e-04 1.6069066772e+02 1.1775352643e-03 4.7641642333e-04 1.1775352643e-03 7.5385866008e+01
176.56687517 1.6068768011e+02 -3.5684361913e-04 4.7684292203e-04 -3.5684361913e-04 1.6069085289e+02 1.1785718014e-03 4.7684292203e-04 1.1785718014e-03 7.5385866020e+01
176.81176681 1.6068786307e+02 -3.5715866611e-04 4.7727079599e-04 -3.5715866611e-04 1.6069103865e+02 1.1796116077e-03 4.7727079599e-04 1.1796116077e-03 7.5385866032e+01
177.05665845 1.6068804660e+02 -3.5747470854e-04 4.7770005072e-04 -3.5747470854e-04 1.6069122500e+02 1.1806546959e-03 4.7770005072e-04 1.1806546959e-03 7.5385866045e+01
177.30155010 1.6068823071e+02 -3.5779175022e-04 4.7813069179e-04 -3.5779175022e-04 1.6069141193e+02 1.1817010783e-03 4.7813069179e-04 1.1817010783e-03 7.5385866057e+01
177.54644174 1.6068841541e+02 -3.5810979500e-04 4.7856272481e-04 -3.5810979500e-04 1.6069159946e+02 1.1827507678e-03 4.7856272481e-04 1.1827507678e-03 7.5385866069e+01
177.79133339 1.6068860068e+02 -3.5842884674e-04 4.7899615540e-04 -3.5842884674e-04 1.6069178757e+02 1.1838037769e-03 4.7899615540e-04 1.1838037769e-03 7.5385866082e+01
178.03622503 1.6068878654e+02 -3.5874890934e-04 4.7943098922e-04 -3.5874890934e-04 1.6069197628e+02 1.1848601184e-03 4.7943098922e-04 1.1848601184e-03 7.5385866094e+01
178.28111667 1.6068897299e+02 -3.5906998668e-04 4.7986723197e-04 -3.5906998668e-04 1.6069216559e+02 1.1859198052e-03 4.7986723197e-04 1.1859198052e-03 7.5385866107e+01
178.52600832 1.6068916003e+02 -3.5939208271e-04 4.8030488939e-04 -3.5939208271e-04 1.6069235549e+02 1.1869828502e-03 4.8030488939e-04 1.1869828502e-03 7.5385866119e+01
178.77089996 1.6068934766e+02 -3.5971520136e-04 4.8074396724e-04 -3.5971520136e-04 1.6069254600e+02 1.1880492664e-03 4.8074396724e-04 1.1880492664e-03 7.5385866132e+01
179.01579160 1.6068953589e+02 -3.6003934661e-04 4.8118447132e-04 -3.6003934661e-04 1.6069273711e+02 1.1891190668e-03 4.8118447132e-04 1.1891190668e-03 7.5385866145e+01
179.26068325 1.6068972471e+02 -3.6036452246e-04 4.8162640748e-04 -3.6036452246e-04 1.6069292883e+02 1.1901922646e-03 4.8162640748e-04 1.1901922646e-03 7.5385866157e+01
179.50557489 1.6068991413e+02 -3.6069073291e-04 4.8206978158e-04 -3.6069073291e-04 1.6069312115e+02 1.1912688729e-03 4.8206978158e-04 1.1912688729e-03 7.5385866170e+01
179.75046654 1.6069010416e+02 -3.6101798202e-04 4.8251459954e-04 -3.6101798202e-04 1.6069331409e+02 1.1923489051e-03 4.8251459954e-04 1.1923489051e-03 7.5385866183e+01
179.99535818 1.6069029478e+02 -3.6134627383e-04 4.8296086729e-04 -3.6134627383e-04 1.6069350763e+02 1.1934323744e-03 4.8296086729e-04 1.1934323744e-03 7.5385866196e+01
180.24024982 1.6069048601e+02 -3.6167561243e-04 4.8340859082e-04 -3.6167561243e-04 1.6069370180e+02 1.1945192943e-03 4.8340859082e-04 1.1945192943e-03 7.5385866209e+01
180.48514147 1.6069067786e+02 -3.6200600193e-04 4.8385777615e-04 -3.6200600193e-04 1.6069389658e+02 1.1956096783e-03 4.8385777615e-04 1.1956096783e-03 7.5385866222e+01
180.73003311 1.6069087031e+02 -3.6233744645e-04 4.8430842934e-04 -3.6233744645e-04 1.6069409198e+02 1.1967035400e-03 4.8430842934e-04 1.1967035400e-03 7.5385866235e+01
180.97492475 1.6069106337e+02 -3.6266995016e-04 4.8476055646e-04 -3.6266995016e-04 1.6069428800e+02 1.1978008930e-03 4.8476055646e-04 1.1978008930e-03 7.5385866248e+01
181.21981640 1.6069125705e+02 -3.6300351722e-04 4.8521416366e-04 -3.6300351722e-04 1.6069448465e+02 1.1989017511e-03 4.8521416366e-04 1.1989017511e-03 7.5385866261e+01
181.46470804 1.6069145135e+02 -3.6333815183e-04 4.8566925710e-04 -3.6333815183e-04 1.6069468193e+02 1.2000061280e-03 4.8566925710e-04 1.2000061280e-03 7.5385866274e+01
181.70959969 1.6069164627e+02 -3.6367385823e-04 4.8612584299e-04 -3.6367385823e-04 1.6069487984e+02 1.2011140376e-03 4.8612584299e-04 1.2011140376e-03 7.5385866287e+01
181.95449133 1.6069184181e+02 -3.6401064064e-04 4.8658392756e-04 -3.6401064064e-04 1.6069507838e+02 1.2022254939e-03 4.8658392756e-04 1.2022254939e-03 7.5385866301e+01
182.19938297 1.6069203798e+02 -3.6434850336e-04 4.8704351711e-04 -3.6434850336e-04 1.6069527755e+02 1.2033405109e-03 4.8704351711e-04 1.2033405109e-03 7.5385866314e+01
182.44427462 1.6069223477e+02 -3.6468745066e-04 4.8750461795e-04 -3.6468745066e-04 1.6069547736e+02 1.2044591028e-03 4.8750461795e-04 1.2044591028e-03 7.5385866328e+01
182.68916626 1.6069243220e+02 -3.6502748688e-04 4.8796723644e-04 -3.6502748688e-04 1.6069567781e+02 1.2055812836e-03 4.8796723644e-04 1.2055812836e-03 7.5385866341e+01
182.93405790 1.6069263026e+02 -3.6536861635e-04 4.8843137899e-04 -3.6536861635e-04 1.6069587891e+02 1.2067070678e-03 4.8843137899e-04 1.2067070678e-03 7.5385866355e+01
183.17894955 1.6069282895e+02 -3.6571084345e-04 4.8889705204e-04 -3.6571084345e-04 1.6069608064e+02 1.2078364696e-03 4.8889705204e-04 1.2078364696e-03 7.5385866368e+01
183.42384119 1.6069302828e+02 -3.6605417257e-04 4.8936426206e-04 -3.6605417257e-04 1.6069628303e+02 1.2089695036e-03 4.8936426206e-04 1.2089695036e-03 7.5385866382e+01
183.66873284 1.6069322825e+02 -3.6639860813e-04 4.8983301559e-04 -3.6639860813e-04 1.6069648607e+02 1.2101061841e-03 4.8983301559e-04 1.2101061841e-03 7.5385866396e+01
183.91362448 1.6069342887e+02 -3.6674415457e-04 4.9030331917e-04 -3.6674415457e-04 1.6069668976e+02 1.2112465259e-03 4.9030331917e-04 1.2112465259e-03 7.5385866409e+01
184.15851612 1.6069363013e+02 -3.6709081636e-04 4.9077517943e-04 -3.6709081636e-04 1.6069689410e+02 1.2123905435e-03 4.9077517943e-04 1.2123905435e-03 7.5385866423e+01
184.40340777 1.6069383203e+02 -3.6743859800e-04 4.9124860299e-04 -3.6743859800e-04 1.6069709910e+02 1.2135382519e-03 4.9124860299e-04 1.2135382519e-03 7.5385866437e+01
184.64829941 1.6069403459e+02 -3.6778750401e-04 4.9172359656e-04 -3.6778750401e-04 1.6069730477e+02 1.2146896657e-03 4.9172359656e-04 1.2146896657e-03 7.5385866451e+01
184.89319106 1.6069423780e+02 -3.6813753893e-04 4.9220016686e-04 -3.6813753893e-04 1.6069751109e+02 1.2158448001e-03 4.9220016686e-04 1.2158448001e-03 7.5385866465e+01
185.13808270 1.6069444167e+02 -3.6848870735e-04 4.9267832067e-04 -3.6848870735e-04 1.6069771809e+02 1.2170036699e-03 4.9267832067e-04 1.2170036699e-03 7.5385866479e+01
185.38297434 1.6069464620e+02 -3.6884101385e-04 4.9315806480e-04 -3.6884101385e-04 1.6069792575e+02 1.2181662903e-03 4.9315806480e-04 1.2181662903e-03 7.5385866493e+01
185.62786599 1.6069485138e+02 -3.6919446308e-04 4.9363940612e-04 -3.6919446308e-04 1.6069813408e+02 1.2193326765e-03 4.9363940612e-04 1.2193326765e-03 7.5385866507e+01
185.87275763 1.6069505724e+02 -3.6954905967e-04 4.9412235152e-04 -3.6954905967e-04 1.6069834309e+02 1.2205028438e-03 4.9412235152e-04 1.2205028438e-03 7.5385866522e+01
186.11764927 1.6069526375e+02 -3.6990480831e-04 4.9460690796e-04 -3.6990480831e-04 1.6069855277e+02 1.2216768076e-03 4.9460690796e-04 1.2216768076e-03 7.5385866536e+01
186.36254092 1.6069547094e+02 -3.7026171371e-04 4.9509308243e-04 -3.7026171371e-04 1.6069876313e+02 1.2228545832e-03 4.9509308243e-04 1.2228545832e-03 7.5385866550e+01
186.60743256 1.6069567880e+02 -3.7061978060e-04 4.9558088197e-04 -3.7061978060e-04 1.6069897418e+02 1.2240361863e-03 4.9558088197e-04 1.2240361863e-03 7.5385866565e+01
186.85232421 1.6069588733e+02 -3.7097901375e-04 4.9607031367e-04 -3.7097901375e-04 1.6069918591e+02 1.2252216325e-03 4.9607031367e-04 1.2252216325e-03 7.5385866579e+01
187.09721585 1.6069609654e+02 -3.7133941794e-04 4.9656138464e-04 -3.7133941794e-04 1.6069939833e+02 1.2264109376e-03 4.9656138464e-04 1.2264109376e-03 7.5385866594e+01
187.34210749 1.6069630643e+02 -3.7170099799e-04 4.9705410208e-04 -3.7170099799e-04 1.6069961144e+02 1.2276041173e-03 4.9705410208e-04 1.2276041173e-03 7.5385866608e+01
187.58699914 1.6069651701e+02 -3.7206375875e-04 4.9754847320e-04 -3.7206375875e-04 1.6069982524e+02 1.2288011876e-03 4.9754847320e-04 1.2288011876e-03 7.5385866623e+01
187.83189078 1.6069672827e+02 -3.7242770509e-04 4.9804450527e-04 -3.7242770509e-04 1.6070003974e+02 1.2300021644e-03 4.9804450527e-04 1.2300021644e-03 7.5385866638e+01
188.07678242 1.6069694021e+02 -3.7279284191e-04 4.9854220562e-04 -3.7279284191e-04 1.6070025494e+02 1.2312070639e-03 4.9854220562e-04 1.2312070639e-03 7.5385866653e+01
188.32167407 1.6069715285e+02 -3.7315917415e-04 4.9904158160e-04 -3.7315917415e-04 1.6070047084e+02 1.2324159023e-03 4.9904158160e-04 1.2324159023e-03 7.5385866668e+01
188.56656571 1.6069736619e+02 -3.7352670677e-04 4.9954264063e-04 -3.7352670677e-04 1.6070068744e+02 1.2336286958e-03 4.9954264063e-04 1.2336286958e-03 7.5385866683e+01
188.81145736 1.6069758022e+02 -3.7389544476e-04 5.0004539017e-04 -3.7389544476e-04 1.6070090476e+02 1.2348454608e-03 5.0004539017e-04 1.2348454608e-03 7.5385866698e+01
189.05634900 1.6069779495e+02 -3.7426539313e-04 5.0054983773e-04 -3.7426539313e-04 1.6070112278e+02 1.2360662139e-03 5.0054983773e-04 1.2360662139e-03 7.5385866713e+01
189.30124064 1.6069801038e+02 -3.7463655694e-04 5.0105599088e-04 -3.7463655694e-04 1.6070134152e+02 1.2372909715e-03 5.0105599088e-04 1.2372909715e-03 7.5385866728e+01
189.54613229 1.6069822652e+02 -3.7500894126e-04 5.0156385723e-04 -3.7500894126e-04 1.6070156097e+02 1.2385197504e-03 5.0156385723e-04 1.2385197504e-03 7.5385866743e+01
189.79102393 1.6069844337e+02 -3.7538255120e-04 5.0207344444e-04 -3.7538255120e-04 1.6070178114e+02 1.2397525674e-03 5.0207344444e-04 1.2397525674e-03 7.5385866758e+01
190.03591557 1.6069866093e+02 -3.7575739190e-04 5.0258476022e-04 -3.7575739190e-04 1.6070200204e+02 1.2409894392e-03 5.0258476022e-04 1.2409894392e-03 7.5385866774e+01
190.28080722 1.6069887921e+02 -3.7613346854e-04 5.0309781234e-04 -3.7613346854e-04 1.6070222366e+02 1.2422303829e-03 5.0309781234e-04 1.2422303829e-03 7.5385866789e+01
190.52569886 1.6069909820e+02 -3.7651078631e-04 5.0361260862e-04 -3.7651078631e-04 1.6070244601e+02 1.2434754155e-03 5.0361260862e-04 1.2434754155e-03 7.5385866805e+01
190.77059051 1.6069931791e+02 -3.7688935044e-04 5.0412915692e-04 -3.7688935044e-04 1.6070266910e+02 1.2447245542e-03 5.0412915692e-04 1.2447245542e-03 7.5385866820e+01
191.01548215 1.6069953835e+02 -3.7726916619e-04 5.0464746516e-04 -3.7726916619e-04 1.6070289291e+02 1.2459778163e-03 5.0464746516e-04 1.2459778163e-03 7.5385866836e+01
191.26037379 1.6069975951e+02 -3.7765023886e-04 5.0516754132e-04 -3.7765023886e-04 1.6070311747e+02 1.2472352192e-03 5.0516754132e-04 1.2472352192e-03 7.5385866851e+01
191.50526544 1.6069998140e+02 -3.7803257378e-04 5.0568939343e-04 -3.7803257378e-04 1.6070334276e+02 1.2484967803e-03 5.0568939343e-04 1.2484967803e-03 7.5385866867e+01
191.75015708 1.6070020403e+02 -3.7841617630e-04 5.0621302958e-04 -3.7841617630e-04 1.6070356880e+02 1.2497625171e-03 5.0621302958e-04 1.2497625171e-03 7.5385866883e+01
191.99504872 1.6070042739e+02 -3.7880105181e-04 5.0673845790e-04 -3.7880105181e-04 1.6070379559e+02 1.2510324475e-03 5.0673845790e-04 1.2510324475e-03 7.5385866899e+01
192.23994037 1.6070065149e+02 -3.7918720573e-04 5.0726568659e-04 -3.7918720573e-04 1.6070402313e+02 1.2523065891e-03 5.0726568659e-04 1.2523065891e-03 7.5385866915e+01
192.48483201 1.6070087633e+02 -3.7957464352e-04 5.0779472389e-04 -3.7957464352e-04 1.6070425142e+02 1.2535849600e-03 5.0779472389e-04 1.2535849600e-03 7.5385866931e+01
192.72972366 1.6070110192e+02 -3.7996337067e-04 5.0832557811e-04 -3.7996337067e-04 1.6070448047e+02 1.2548675779e-03 5.0832557811e-04 1.2548675779e-03 7.5385866947e+01
192.97461530 1.6070132826e+02 -3.8035339269e-04 5.0885825761e-04 -3.8035339269e-04 1.6070471028e+02 1.2561544612e-03 5.0885825761e-04 1.2561544612e-03 7.5385866963e+01
193.21950694 1.6070155535e+02 -3.8074471514e-04 5.0939277083e-04 -3.8074471514e-04 1.6070494085e+02 1.2574456280e-03 5.0939277083e-04 1.2574456280e-03 7.5385866980e+01
193.46439859 1.6070178319e+02 -3.8113734361e-04 5.0992912623e-04 -3.8113734361e-04 1.6070517218e+02 1.2587410967e-03 5.0992912623e-04 1.2587410967e-03 7.5385866996e+01
193.70929023 1.6070201179e+02 -3.8153128372e-04 5.1046733234e-04 -3.8153128372e-04 1.6070540429e+02 1.2600408856e-03 5.1046733234e-04 1.2600408856e-03 7.5385867012e+01
193.95418188 1.6070224115e+02 -3.8192654112e-04 5.1100739778e-04 -3.8192654112e-04 1.6070563717e+02 1.2613450134e-03 5.1100739778e-04 1.2613450134e-03 7.5385867029e+01
194.19907352 1.6070247128e+02 -3.8232312151e-04 5.1154933119e-04 -3.8232312151e-04 1.6070587083e+02 1.2626534986e-03 5.1154933119e-04 1.2626534986e-03 7.5385867046e+01
194.44396516 1.6070270217e+02 -3.8272103060e-04 5.1209314129e-04 -3.8272103060e-04 1.6070610526e+02 1.2639663602e-03 5.1209314129e-04 1.2639663602e-03 7.5385867062e+01
194.68885681 1.6070293383e+02 -3.8312027417e-04 5.1263883686e-04 -3.8312027417e-04 1.6070634048e+02 1.2652836169e-03 5.1263883686e-04 1.2652836169e-03 7.5385867079e+01
194.93374845 1.6070316627e+02 -3.8352085800e-04 5.1318642674e-04 -3.8352085800e-04 1.6070657649e+02 1.2666052877e-03 5.1318642674e-04 1.2666052877e-03 7.5385867096e+01
195.17864009 1.6070339949e+02 -3.8392278792e-04 5.1373591983e-04 -3.8392278792e-04 1.6070681328e+02 1.2679313919e-03 5.1373591983e-04 1.2679313919e-03 7.5385867113e+01
195.42353174 1.6070363349e+02 -3.8432606981e-04 5.1428732508e-04 -3.8432606981e-04 1.6070705087e+02 1.2692619485e-03 5.1428732508e-04 1.2692619485e-03 7.5385867130e+01
195.66842338 1.6070386827e+02 -3.8473070956e-04 5.1484065153e-04 -3.8473070956e-04 1.6070728925e+02 1.2705969771e-03 5.1484065153e-04 1.2705969771e-03 7.5385867147e+01
195.91331503 1.6070410384e+02 -3.8513671311e-04 5.1539590828e-04 -3.8513671311e-04 1.6070752844e+02 1.2719364970e-03 5.1539590828e-04 1.2719364970e-03 7.5385867164e+01
196.15820667 1.6070434020e+02 -3.8554408643e-04 5.1595310446e-04 -3.8554408643e-04 1.6070776843e+02 1.2732805278e-03 5.1595310446e-04 1.2732805278e-03 7.5385867181e+01
196.40309831 1.6070457736e+02 -3.8595283554e-04 5.1651224931e-04 -3.8595283554e-04 1.6070800922e+02 1.2746290893e-03 5.1651224931e-04 1.2746290893e-03 7.5385867198e+01
196.64798996 1.6070481531e+02 -3.8636296649e-04 5.1707335211e-04 -3.8636296649e-04 1.6070825083e+02 1.2759822012e-03 5.1707335211e-04 1.2759822012e-03 7.5385867216e+01
196.89288160 1.6070505407e+02 -3.8677448537e-04 5.1763642221e-04 -3.8677448537e-04 1.6070849325e+02 1.2773398836e-03 5.1763642221e-04 1.2773398836e-03 7.5385867233e+01
197.13777324 1.6070529363e+02 -3.8718739829e-04 5.1820146903e-04 -3.8718739829e-04 1.6070873648e+02 1.2787021565e-03 5.1820146903e-04 1.2787021565e-03 7.5385867251e+01
197.38266489 1.6070553400e+02 -3.8760171142e-04 5.1876850207e-04 -3.8760171142e-04 1.6070898054e+02 1.2800690400e-03 5.1876850207e-04 1.2800690400e-03 7.5385867269e+01
197.62755653 1.6070577518e+02 -3.8801743097e-04 5.1933753087e-04 -3.8801743097e-04 1.6070922542e+02 1.2814405546e-03 5.1933753087e-04 1.2814405546e-03 7.5385867286e+01
197.87244818 1.6070601718e+02 -3.8843456317e-04 5.1990856506e-04 -3.8843456317e-04 1.6070947114e+02 1.2828167207e-03 5.1990856506e-04 1.2828167207e-03 7.5385867304e+01
198.11733982 1.6070626000e+02 -3.8885311429e-04 5.2048161433e-04 -3.8885311429e-04 1.6070971768e+02 1.2841975589e-03 5.2048161433e-04 1.2841975589e-03 7.5385867322e+01
198.36223146 1.6070650364e+02 -3.8927309066e-04 5.2105668846e-04 -3.8927309066e-04 1.6070996506e+02 1.2855830897e-03 5.2105668846e-04 1.2855830897e-03 7.5385867340e+01
198.60712311 1.6070674810e+02 -3.8969449864e-04 5.2163379728e-04 -3.8969449864e-04 1.6071021327e+02 1.2869733342e-03 5.2163379728e-04 1.2869733342e-03 7.5385867358e+01
198.85201475 1.6070699340e+02 -3.9011734462e-04 5.2221295069e-04 -3.9011734462e-04 1.6071046234e+02 1.2883683132e-03 5.2221295069e-04 1.2883683132e-03 7.5385867376e+01
199.09690639 1.6070723953e+02 -3.9054163504e-04 5.2279415869e-04 -3.9054163504e-04 1.6071071224e+02 1.2897680479e-03 5.2279415869e-04 1.2897680479e-03 7.5385867394e+01
199.34179804 1.6070748650e+02 -3.9096737637e-04 5.2337743131e-04 -3.9096737637e-04 1.6071096300e+02 1.2911725594e-03 5.2337743131e-04 1.2911725594e-03 7.5385867413e+01
199.58668968 1.6070773431e+02 -3.9139457514e-04 5.2396277870e-04 -3.9139457514e-04 1.6071121461e+02 1.2925818691e-03 5.2396277870e-04 1.2925818691e-03 7.5385867431e+01
199.83158133 1.6070798296e+02 -3.9182323790e-04 5.2455021107e-04 -3.9182323790e-04 1.6071146708e+02 1.2939959985e-03 5.2455021107e-04 1.2939959985e-03 7.5385867450e+01
200.07647297 1.6070823246e+02 -3.9225337126e-04 5.2513973867e-04 -3.9225337126e-04 1.6071172042e+02 1.2954149692e-03 5.2513973867e-04 1.2954149692e-03 7.5385867468e+01
200.32136461 1.6070848282e+02 -3.9268498186e-04 5.2573137189e-04 -3.9268498186e-04 1.6071197461e+02 1.2968388030e-03 5.2573137189e-04 1.2968388030e-03 7.5385867487e+01
200.56625626 1.6070873403e+02 -3.9311807639e-04 5.2632512115e-04 -3.9311807639e-04 1.6071222968e+02 1.2982675218e-03 5.2632512115e-04 1.2982675218e-03 7.5385867506e+01
200.81114790 1.6070898610e+02 -3.9355266157e-04 5.2692099696e-04 -3.9355266157e-04 1.6071248562e+02 1.2997011476e-03 5.2692099696e-04 1.2997011476e-03 7.5385867525e+01
201.05603954 1.6070923904e+02 -3.9398874418e-04 5.2751900992e-04 -3.9398874418e-04 1.6071274244e+02 1.3011397026e-03 5.2751900992e-04 1.3011397026e-03 7.5385867544e+01
201.30093119 1.6070949284e+02 -3.9442633102e-04 5.2811917069e-04 -3.9442633102e-04 1.6071300014e+02 1.3025832091e-03 5.2811917069e-04 1.3025832091e-03 7.5385867563e+01
201.54582283 1.6070974752e+02 -3.9486542896e-04 5.2872149004e-04 -3.9486542896e-04 1.6071325873e+02 1.3040316895e-03 5.2872149004e-04 1.3040316895e-03 7.5385867582e+01
201.79071448 1.6071000307e+02 -3.9530604490e-04 5.2932597879e-04 -3.9530604490e-04 1.6071351820e+02 1.3054851665e-03 5.2932597879e-04 1.3054851665e-03 7.5385867602e+01
202.03560612 1.6071025950e+02 -3.9574818578e-04 5.2993264787e-04 -3.9574818578e-04 1.6071377857e+02 1.3069436627e-03 5.2993264787e-04 1.3069436627e-03 7.5385867621e+01
202.28049776 1.6071051682e+02 -3.9619185860e-04 5.3054150827e-04 -3.9619185860e-04 1.6071403984e+02 1.3084072012e-03 5.3054150827e-04 1.3084072012e-03 7.5385867640e+01
202.52538941 1.6071077502e+02 -3.9663707039e-04 5.3115257108e-04 -3.9663707039e-04 1.6071430200e+02 1.3098758048e-03 5.3115257108e-04 1.3098758048e-03 7.5385867660e+01
202.77028105 1.6071103412e+02 -3.9708382823e-04 5.3176584747e-04 -3.9708382823e-04 1.6071456508e+02 1.3113494968e-03 5.3176584747e-04 1.3113494968e-03 7.5385867680e+01
203.01517270 1.6071129411e+02 -3.9753213925e-04 5.3238134869e-04 -3.9753213925e-04 1.6071482906e+02 1.3128283005e-03 5.3238134869e-04 1.3128283005e-03 7.5385867700e+01
203.26006434 1.6071155500e+02 -3.9798201062e-04 5.3299908610e-04 -3.9798201062e-04 1.6071509396e+02 1.3143122393e-03 5.3299908610e-04 1.3143122393e-03 7.5385867719e+01
203.50495598 1.6071181679e+02 -3.9843344956e-04 5.3361907112e-04 -3.9843344956e-04 1.6071535977e+02 1.3158013370e-03 5.3361907112e-04 1.3158013370e-03 7.5385867739e+01
203.74984763 1.6071207949e+02 -3.9888646334e-04 5.3424131527e-04 -3.9888646334e-04 1.6071562651e+02 1.3172956172e-03 5.3424131527e-04 1.3172956172e-03 7.5385867760e+01
203.99473927 1.6071234311e+02 -3.9934105927e-04 5.3486583016e-04 -3.9934105927e-04 1.6071589417e+02 1.3187951040e-03 5.3486583016e-04 1.3187951040e-03 7.5385867780e+01
204.23963091 1.6071260764e+02 -3.9979724472e-04 5.3549262751e-04 -3.9979724472e-04 1.6071616276e+02 1.3202998213e-03 5.3549262751e-04 1.3202998213e-03 7.5385867800e+01
204.48452256 1.6071287309e+02 -4.0025502709e-04 5.3612171910e-04 -4.0025502709e-04 1.6071643229e+02 1.3218097935e-03 5.3612171910e-04 1.3218097935e-03 7.5385867821e+01
204.72941420 1.6071313947e+02 -4.0071441384e-04 5.3675311682e-04 -4.0071441384e-04 1.6071670276e+02 1.3233250448e-03 5.3675311682e-04 1.3233250448e-03 7.5385867841e+01
204.97430585 1.6071340678e+02 -4.0117541247e-04 5.3738683265e-04 -4.0117541247e-04 1.6071697417e+02 1.3248456000e-03 5.3738683265e-04 1.3248456000e-03 7.5385867862e+01
205.21919749 1.6071367502e+02 -4.0163803056e-04 5.3802287868e-04 -4.0163803056e-04 1.6071724653e+02 1.3263714836e-03 5.3802287868e-04 1.3263714836e-03 7.5385867883e+01
205.46408913 1.6071394419e+02 -4.0210227569e-04 5.3866126707e-04 -4.0210227569e-04 1.6071751984e+02 1.3279027206e-03 5.3866126707e-04 1.3279027206e-03 7.5385867903e+01
205.70898078 1.6071421431e+02 -4.0256815553e-04 5.3930201010e-04 -4.0256815553e-04 1.6071779411e+02 1.3294393359e-03 5.3930201010e-04 1.3294393359e-03 7.5385867924e+01
205.95387242 1.6071448538e+02 -4.0303567778e-04 5.3994512014e-04 -4.0303567778e-04 1.6071806934e+02 1.3309813549e-03 5.3994512014e-04 1.3309813549e-03 7.5385867945e+01
206.19876406 1.6071475740e+02 -4.0350485021e-04 5.4059060967e-04 -4.0350485021e-04 1.6071834553e+02 1.3325288028e-03 5.4059060967e-04 1.3325288028e-03 7.5385867967e+01
206.44365571 1.6071503037e+02 -4.0397568062e-04 5.4123849125e-04 -4.0397568062e-04 1.6071862270e+02 1.3340817053e-03 5.4123849125e-04 1.3340817053e-03 7.5385867988e+01
206.68854735 1.6071530430e+02 -4.0444817687e-04 5.4188877756e-04 -4.0444817687e-04 1.6071890084e+02 1.3356400879e-03 5.4188877756e-04 1.3356400879e-03 7.5385868009e+01
206.93343900 1.6071557920e+02 -4.0492234688e-04 5.4254148137e-04 -4.0492234688e-04 1.6071917996e+02 1.3372039765e-03 5.4254148137e-04 1.3372039765e-03 7.5385868031e+01
207.17833064 1.6071585507e+02 -4.0539819862e-04 5.4319661558e-04 -4.0539819862e-04 1.6071946006e+02 1.3387733972e-03 5.4319661558e-04 1.3387733972e-03 7.5385868053e+01
207.42322228 1.6071613190e+02 -4.0587574010e-04 5.4385419316e-04 -4.0587574010e-04 1.6071974115e+02 1.3403483763e-03 5.4385419316e-04 1.3403483763e-03 7.5385868075e+01
207.66811393 1.6071640972e+02 -4.0635497939e-04 5.4451422722e-04 -4.0635497939e-04 1.6072002324e+02 1.3419289400e-03 5.4451422722e-04 1.3419289400e-03 7.5385868096e+01
207.91300557 1.6071668852e+02 -4.0683592463e-04 5.4517673096e-04 -4.0683592463e-04 1.6072030632e+02 1.3435151149e-03 5.4517673096e-04 1.3435151149e-03 7.5385868119e+01
208.15789721 1.6071696831e+02 -4.0731858400e-04 5.4584171769e-04 -4.0731858400e-04 1.6072059041e+02 1.3451069278e-03 5.4584171769e-04 1.3451069278e-03 7.5385868141e+01
208.40278886 1.6071724909e+02 -4.0780296574e-04 5.4650920085e-04 -4.0780296574e-04 1.6072087550e+02 1.3467044055e-03 5.4650920085e-04 1.3467044055e-03 7.5385868163e+01
208.64768050 1.6071753086e+02 -4.0828907813e-04 5.4717919396e-04 -4.0828907813e-04 1.6072116161e+02 1.3483075752e-03 5.4717919396e-04 1.3483075752e-03 7.5385868185e+01
208.89257215 1.6071781364e+02 -4.0877692954e-04 5.4785171069e-04 -4.0877692954e-04 1.6072144873e+02 1.3499164642e-03 5.4785171069e-04 1.3499164642e-03 7.5385868208e+01
209.13746379 1.6071809742e+02 -4.0926652836e-04 5.4852676480e-04 -4.0926652836e-04 1.6072173687e+02 1.3515310998e-03 5.4852676480e-04 1.3515310998e-03 7.5385868231e+01
209.38235543 1.6071838222e+02 -4.0975788305e-04 5.4920437018e-04 -4.0975788305e-04 1.6072202604e+02 1.3531515097e-03 5.4920437018e-04 1.3531515097e-03 7.5385868253e+01
209.62724708 1.6071866802e+02 -4.1025100215e-04 5.4988454083e-04 -4.1025100215e-04 1.6072231624e+02 1.3547777218e-03 5.4988454083e-04 1.3547777218e-03 7.5385868276e+01
209.87213872 1.6071895485e+02 -4.1074589422e-04 5.5056729087e-04 -4.1074589422e-04 1.6072260748e+02 1.3564097640e-03 5.5056729087e-04 1.3564097640e-03 7.5385868299e+01
210.11703036 1.6071924271e+02 -4.1124256791e-04 5.5125263455e-04 -4.1124256791e-04 1.6072289976e+02 1.3580476645e-03 5.5125263455e-04 1.3580476645e-03 7.5385868323e+01
210.36192201 1.6071953160e+02 -4.1174103191e-04 5.5194058624e-04 -4.1174103191e-04 1.6072319308e+02 1.3596914517e-03 5.5194058624e-04 1.3596914517e-03 7.5385868346e+01
210.60681365 1.6071982152e+02 -4.1224129499e-04 5.5263116043e-04 -4.1224129499e-04 1.6072348746e+02 1.3613411542e-03 5.5263116043e-04 1.3613411542e-03 7.5385868369e+01
210.85170530 1.6072011248e+02 -4.1274336594e-04 5.5332437174e-04 -4.1274336594e-04 1.6072378289e+02 1.3629968008e-03 5.5332437174e-04 1.3629968008e-03 7.5385868393e+01
211.09659694 1.6072040448e+02 -4.1324725366e-04 5.5402023492e-04 -4.1324725366e-04 1.6072407939e+02 1.3646584204e-03 5.5402023492e-04 1.3646584204e-03 7.5385868417e+01
211.34148858 1.6072069754e+02 -4.1375296709e-04 5.5471876483e-04 -4.1375296709e-04 1.6072437695e+02 1.3663260423e-03 5.5471876483e-04 1.3663260423e-03 7.5385868441e+01
211.58638023 1.6072099165e+02 -4.1426051521e-04 5.5541997650e-04 -4.1426051521e-04 1.6072467558e+02 1.3679996956e-03 5.5541997650e-04 1.3679996956e-03 7.5385868465e+01
211.83127187 1.6072128683e+02 -4.1476990711e-04 5.5612388505e-04 -4.1476990711e-04 1.6072497529e+02 1.3696794101e-03 5.5612388505e-04 1.3696794101e-03 7.5385868489e+01
212.07616352 1.6072158306e+02 -4.1528115190e-04 5.5683050577e-04 -4.1528115190e-04 1.6072527608e+02 1.3713652154e-03 5.5683050577e-04 1.3713652154e-03 7.5385868513e+01
212.32105516 1.6072188037e+02 -4.1579425877e-04 5.5753985406e-04 -4.1579425877e-04 1.6072557796e+02 1.3730571416e-03 5.5753985406e-04 1.3730571416e-03 7.5385868538e+01
212.56594680 1.6072217876e+02 -4.1630923698e-04 5.5825194547e-04 -4.1630923698e-04 1.6072588094e+02 1.3747552187e-03 5.5825194547e-04 1.3747552187e-03 7.5385868562e+01
212.81083845 1.6072247823e+02 -4.1682609584e-04 5.5896679569e-04 -4.1682609584e-04 1.6072618501e+02 1.3764594773e-03 5.5896679569e-04 1.3764594773e-03 7.5385868587e+01
213.05573009 1.6072277878e+02 -4.1734484474e-04 5.5968442056e-04 -4.1734484474e-04 1.6072649018e+02 1.3781699479e-03 5.5968442056e-04 1.3781699479e-03 7.5385868612e+01
213.30062173 1.6072308042e+02 -4.1786549314e-04 5.6040483605e-04 -4.1786549314e-04 1.6072679646e+02 1.3798866612e-03 5.6040483605e-04 1.3798866612e-03 7.5385868637e+01
213.54551338 1.6072338317e+02 -4.1838805054e-04 5.6112805828e-04 -4.1838805054e-04 1.6072710386e+02 1.3816096483e-03 5.6112805828e-04 1.3816096483e-03 7.5385868662e+01
213.79040502 1.6072368701e+02 -4.1891252654e-04 5.6185410352e-04 -4.1891252654e-04 1.6072741238e+02 1.3833389404e-03 5.6185410352e-04 1.3833389404e-03 7.5385868687e+01
214.03529667 1.6072399197e+02 -4.1943893078e-04 5.6258298819e-04 -4.1943893078e-04 1.6072772202e+02 1.3850745690e-03 5.6258298819e-04 1.3850745690e-03 7.5385868713e+01
214.28018831 1.6072429803e+02 -4.1996727298e-04 5.6331472886e-04 -4.1996727298e-04 1.6072803279e+02 1.3868165657e-03 5.6331472886e-04 1.3868165657e-03 7.5385868739e+01
214.52507995 1.6072460522e+02 -4.2049756294e-04 5.6404934226e-04 -4.2049756294e-04 1.6072834470e+02 1.3885649624e-03 5.6404934226e-04 1.3885649624e-03 7.5385868764e+01
214.76997160 1.6072491353e+02 -4.2102981051e-04 5.6478684526e-04 -4.2102981051e-04 1.6072865776e+02 1.3903197912e-03 5.6478684526e-04 1.3903197912e-03 7.5385868790e+01
215.01486324 1.6072522297e+02 -4.2156402563e-04 5.6552725491e-04 -4.2156402563e-04 1.6072897196e+02 1.3920810845e-03 5.6552725491e-04 1.3920810845e-03 7.5385868817e+01
215.25975488 1.6072553355e+02 -4.2210021829e-04 5.6627058841e-04 -4.2210021829e-04 1.6072928731e+02 1.3938488747e-03 5.6627058841e-04 1.3938488747e-03 7.5385868843e+01
215.50464653 1.6072584527e+02 -4.2263839857e-04 5.6701686313e-04 -4.2263839857e-04 1.6072960382e+02 1.3956231947e-03 5.6701686313e-04 1.3956231947e-03 7.5385868869e+01
215.74953817 1.6072615813e+02 -4.2317857661e-04 5.6776609659e-04 -4.2317857661e-04 1.6072992150e+02 1.3974040776e-03 5.6776609659e-04 1.3974040776e-03 7.5385868896e+01
215.99442982 1.6072647215e+02 -4.2372076263e-04 5.6851830649e-04 -4.2372076263e-04 1.6073024035e+02 1.3991915565e-03 5.6851830649e-04 1.3991915565e-03 7.5385868923e+01
216.23932146 1.6072678733e+02 -4.2426496692e-04 5.6927351071e-04 -4.2426496692e-04 1.6073056038e+02 1.4009856649e-03 5.6927351071e-04 1.4009856649e-03 7.5385868950e+01
216.48421310 1.6072710367e+02 -4.2481119985e-04 5.7003172728e-04 -4.2481119985e-04 1.6073088159e+02 1.4027864366e-03 5.7003172728e-04 1.4027864366e-03 7.5385868977e+01
216.72910475 1.6072742118e+02 -4.2535947187e-04 5.7079297441e-04 -4.2535947187e-04 1.6073120398e+02 1.4045939055e-03 5.7079297441e-04 1.4045939055e-03 7.5385869004e+01
216.97399639 1.6072773987e+02 -4.2590979349e-04 5.7155727051e-04 -4.2590979349e-04 1.6073152757e+02 1.4064081059e-03 5.7155727051e-04 1.4064081059e-03 7.5385869032e+01
217.21888803 1.6072805974e+02 -4.2646217530e-04 5.7232463416e-04 -4.2646217530e-04 1.6073185237e+02 1.4082290721e-03 5.7232463416e-04 1.4082290721e-03 7.5385869060e+01
217.46377968 1.6072838080e+02 -4.2701662798e-04 5.7309508410e-04 -4.2701662798e-04 1.6073217837e+02 1.4100568389e-03 5.7309508410e-04 1.4100568389e-03 7.5385869087e+01
217.70867132 1.6072870305e+02 -4.2757316228e-04 5.7386863929e-04 -4.2757316228e-04 1.6073250558e+02 1.4118914412e-03 5.7386863929e-04 1.4118914412e-03 7.5385869115e+01
217.95356297 1.6072902651e+02 -4.2813178903e-04 5.7464531885e-04 -4.2813178903e-04 1.6073283401e+02 1.4137329142e-03 5.7464531885e-04 1.4137329142e-03 7.5385869144e+01
218.19845461 1.6072935117e+02 -4.2869251914e-04 5.7542514213e-04 -4.2869251914e-04 1.6073316366e+02 1.4155812934e-03 5.7542514213e-04 1.4155812934e-03 7.5385869172e+01
218.44334625 1.6072967704e+02 -4.2925536360e-04 5.7620812863e-04 -4.2925536360e-04 1.6073349455e+02 1.4174366145e-03 5.7620812863e-04 1.4174366145e-03 7.5385869201e+01
218.68823790 1.6073000413e+02 -4.2982033348e-04 5.7699429808e-04 -4.2982033348e-04 1.6073382668e+02 1.4192989133e-03 5.7699429808e-04 1.4192989133e-03 7.5385869230e+01
218.93312954 1.6073033245e+02 -4.3038743994e-04 5.7778367040e-04 -4.3038743994e-04 1.6073416005e+02 1.4211682262e-03 5.7778367040e-04 1.4211682262e-03 7.5385869259e+01
219.17802118 1.6073066199e+02 -4.3095669422e-04 5.7857626572e-04 -4.3095669422e-04 1.6073449467e+02 1.4230445897e-03 5.7857626572e-04 1.4230445897e-03 7.5385869288e+01
219.42291283 1.6073099278e+02 -4.3152810763e-04 5.7937210436e-04 -4.3152810763e-04 1.6073483054e+02 1.4249280404e-03 5.7937210436e-04 1.4249280404e-03 7.5385869317e+01
219.66780447 1.6073132481e+02 -4.3210169158e-04 5.8017120687e-04 -4.3210169158e-04 1.6073516768e+02 1.4268186154e-03 5.8017120687e-04 1.4268186154e-03 7.5385869347e+01
219.91269612 1.6073165808e+02 -4.3267745757e-04 5.8097359401e-04 -4.3267745757e-04 1.6073550609e+02 1.4287163520e-03 5.8097359401e-04 1.4287163520e-03 7.5385869377e+01
220.15758776 1.6073199262e+02 -4.3325541717e-04 5.8177928676e-04 -4.3325541717e-04 1.6073584578e+02 1.4306212878e-03 5.8177928676e-04 1.4306212878e-03 7.5385869407e+01
220.40247940 1.6073232842e+02 -4.3383558206e-04 5.8258830630e-04 -4.3383558206e-04 1.6073618675e+02 1.4325334606e-03 5.8258830630e-04 1.4325334606e-03 7.5385869437e+01
220.64737105 1.6073266549e+02 -4.3441796397e-04 5.8340067407e-04 -4.3441796397e-04 1.6073652901e+02 1.4344529084e-03 5.8340067407e-04 1.4344529084e-03 7.5385869467e+01
220.89226269 1.6073300383e+02 -4.3500257477e-04 5.8421641171e-04 -4.3500257477e-04 1.6073687256e+02 1.4363796698e-03 5.8421641171e-04 1.4363796698e-03 7.5385869498e+01
221.13715433 1.6073334346e+02 -4.3558942638e-04 5.8503554111e-04 -4.3558942638e-04 1.6073721742e+02 1.4383137834e-03 5.8503554111e-04 1.4383137834e-03 7.5385869529e+01
221.38204598 1.6073368438e+02 -4.3617853082e-04 5.8585808439e-04 -4.3617853082e-04 1.6073756359e+02 1.4402552882e-03 5.8585808439e-04 1.4402552882e-03 7.5385869560e+01
221.62693762 1.6073402659e+02 -4.3676990022e-04 5.8668406389e-04 -4.3676990022e-04 1.6073791107e+02 1.4422042233e-03 5.8668406389e-04 1.4422042233e-03 7.5385869591e+01
221.87182927 1.6073437011e+02 -4.3736354679e-04 5.8751350224e-04 -4.3736354679e-04 1.6073825988e+02 1.4441606285e-03 5.8751350224e-04 1.4441606285e-03 7.5385869623e+01
222.11672091 1.6073471494e+02 -4.3795948283e-04 5.8834642227e-04 -4.3795948283e-04 1.6073861002e+02 1.4461245435e-03 5.8834642227e-04 1.4461245435e-03 7.5385869654e+01
222.36161255 1.6073506108e+02 -4.3855772074e-04 5.8918284711e-04 -4.3855772074e-04 1.6073896150e+02 1.4480960085e-03 5.8918284711e-04 1.4480960085e-03 7.5385869686e+01
222.60650420 1.6073540855e+02 -4.3915827302e-04 5.9002280009e-04 -4.3915827302e-04 1.6073931432e+02 1.4500750639e-03 5.9002280009e-04 1.4500750639e-03 7.5385869718e+01
222.85139584 1.6073575735e+02 -4.3976115225e-04 5.9086630486e-04 -4.3976115225e-04 1.6073966849e+02 1.4520617505e-03 5.9086630486e-04 1.4520617505e-03 7.5385869751e+01
223.09628749 1.6073610748e+02 -4.4036637114e-04 5.9171338530e-04 -4.4036637114e-04 1.6074002402e+02 1.4540561094e-03 5.9171338530e-04 1.4540561094e-03 7.5385869784e+01
223.34117913 1.6073645897e+02 -4.4097394247e-04 5.9256406558e-04 -4.4097394247e-04 1.6074038092e+02 1.4560581819e-03 5.9256406558e-04 1.4560581819e-03 7.5385869816e+01
223.58607077 1.6073681180e+02 -4.4158387913e-04 5.9341837012e-04 -4.4158387913e-04 1.6074073919e+02 1.4580680096e-03 5.9341837012e-04 1.4580680096e-03 7.5385869850e+01
223.83096242 1.6073716599e+02 -4.4219619412e-04 5.9427632365e-04 -4.4219619412e-04 1.6074109884e+02 1.4600856348e-03 5.9427632365e-04 1.4600856348e-03 7.5385869883e+01
224.07585406 1.6073752155e+02 -4.4281090053e-04 5.9513795117e-04 -4.4281090053e-04 1.6074145988e+02 1.4621110995e-03 5.9513795117e-04 1.4621110995e-03 7.5385869917e+01
224.32074570 1.6073787849e+02 -4.4342801156e-04 5.9600327797e-04 -4.4342801156e-04 1.6074182232e+02 1.4641444466e-03 5.9600327797e-04 1.4641444466e-03 7.5385869951e+01
224.56563735 1.6073823680e+02 -4.4404754051e-04 5.9687232964e-04 -4.4404754051e-04 1.6074218615e+02 1.4661857189e-03 5.9687232964e-04 1.4661857189e-03 7.5385869985e+01
224.81052899 1.6073859650e+02 -4.4466950079e-04 5.9774513209e-04 -4.4466950079e-04 1.6074255140e+02 1.4682349598e-03 5.9774513209e-04 1.4682349598e-03 7.5385870019e+01
225.05542064 1.6073895760e+02 -4.4529390593e-04 5.9862171150e-04 -4.4529390593e-04 1.6074291807e+02 1.4702922129e-03 5.9862171150e-04 1.4702922129e-03 7.5385870054e+01
225.30031228 1.6073932010e+02 -4.4592076954e-04 5.9950209438e-04 -4.4592076954e-04 1.6074328616e+02 1.4723575222e-03 5.9950209438e-04 1.4723575222e-03 7.5385870089e+01
225.54520392 1.6073968402e+02 -4.4655010536e-04 6.0038630758e-04 -4.4655010536e-04 1.6074365568e+02 1.4744309320e-03 6.0038630758e-04 1.4744309320e-03 7.5385870124e+01
225.79009557 1.6074004935e+02 -4.4718192724e-04 6.0127437824e-04 -4.4718192724e-04 1.6074402665e+02 1.4765124870e-03 6.0127437824e-04 1.4765124870e-03 7.5385870159e+01
226.03498721 1.6074041610e+02 -4.4781624913e-04 6.0216633386e-04 -4.4781624913e-04 1.6074439906e+02 1.4786022323e-03 6.0216633386e-04 1.4786022323e-03 7.5385870195e+01
226.27987885 1.6074078430e+02 -4.4845308512e-04 6.0306220225e-04 -4.4845308512e-04 1.6074477293e+02 1.4807002130e-03 6.0306220225e-04 1.4807002130e-03 7.5385870231e+01
226.52477050 1.6074115393e+02 -4.4909244938e-04 6.0396201160e-04 -4.4909244938e-04 1.6074514826e+02 1.4828064751e-03 6.0396201160e-04 1.4828064751e-03 7.5385870268e+01
226.76966214 1.6074152501e+02 -4.4973435621e-04 6.0486579041e-04 -4.4973435621e-04 1.6074552507e+02 1.4849210645e-03 6.0486579041e-04 1.4849210645e-03 7.5385870304e+01
227.01455379 1.6074189755e+02 -4.5037882005e-04 6.0577356757e-04 -4.5037882005e-04 1.6074590336e+02 1.4870440278e-03 6.0577356757e-04 1.4870440278e-03 7.5385870341e+01
227.25944543 1.6074227156e+02 -4.5102585542e-04 6.0668537232e-04 -4.5102585542e-04 1.6074628313e+02 1.4891754117e-03 6.0668537232e-04 1.4891754117e-03 7.5385870378e+01
227.50433707 1.6074264704e+02 -4.5167547700e-04 6.0760123427e-04 -4.5167547700e-04 1.6074666440e+02 1.4913152634e-03 6.0760123427e-04 1.4913152634e-03 7.5385870416e+01
227.74922872 1.6074302400e+02 -4.5232769956e-04 6.0852118342e-04 -4.5232769956e-04 1.6074704718e+02 1.4934636305e-03 6.0852118342e-04 1.4934636305e-03 7.5385870454e+01
227.99412036 1.6074340245e+02 -4.5298253800e-04 6.0944525015e-04 -4.5298253800e-04 1.6074743147e+02 1.4956205609e-03 6.0944525015e-04 1.4956205609e-03 7.5385870492e+01
228.23901200 1.6074378240e+02 -4.5364000736e-04 6.1037346524e-04 -4.5364000736e-04 1.6074781728e+02 1.4977861029e-03 6.1037346524e-04 1.4977861029e-03 7.5385870530e+01
228.48390365 1.6074416385e+02 -4.5430012280e-04 6.1130585986e-04 -4.5430012280e-04 1.6074820462e+02 1.4999603053e-03 6.1130585986e-04 1.4999603053e-03 7.5385870569e+01
228.72879529 1.6074454682e+02 -4.5496289959e-04 6.1224246560e-04 -4.5496289959e-04 1.6074859350e+02 1.5021432172e-03 6.1224246560e-04 1.5021432172e-03 7.5385870608e+01
228.97368694 1.6074493131e+02 -4.5562835316e-04 6.1318331449e-04 -4.5562835316e-04 1.6074898393e+02 1.5043348880e-03 6.1318331449e-04 1.5043348880e-03 7.5385870648e+01
229.21857858 1.6074531733e+02 -4.5629649905e-04 6.1412843895e-04 -4.5629649905e-04 1.6074937591e+02 1.5065353678e-03 6.1412843895e-04 1.5065353678e-03 7.5385870687e+01
229.46347022 1.6074570490e+02 -4.5696735293e-04 6.1507787187e-04 -4.5696735293e-04 1.6074976946e+02 1.5087447067e-03 6.1507787187e-04 1.5087447067e-03 7.5385870727e+01
229.70836187 1.6074609401e+02 -4.5764093062e-04 6.1603164657e-04 -4.5764093062e-04 1.6075016458e+02 1.5109629555e-03 6.1603164657e-04 1.5109629555e-03 7.5385870768e+01
229.95325351 1.6074648467e+02 -4.5831724807e-04 6.1698979683e-04 -4.5831724807e-04 1.6075056128e+02 1.5131901654e-03 6.1698979683e-04 1.5131901654e-03 7.5385870809e+01
230.19814515 1.6074687691e+02 -4.5899632136e-04 6.1795235691e-04 -4.5899632136e-04 1.6075095957e+02 1.5154263879e-03 6.1795235691e-04 1.5154263879e-03 7.5385870850e+01
230.44303680 1.6074727071e+02 -4.5967816671e-04 6.1891936152e-04 -4.5967816671e-04 1.6075135946e+02 1.5176716750e-03 6.1891936152e-04 1.5176716750e-03 7.5385870891e+01
230.68792844 1.6074766610e+02 -4.6036280051e-04 6.1989084589e-04 -4.6036280051e-04 1.6075176096e+02 1.5199260792e-03 6.1989084589e-04 1.5199260792e-03 7.5385870933e+01
230.93282009 1.6074806309e+02 -4.6105023926e-04 6.2086684572e-04 -4.6105023926e-04 1.6075216407e+02 1.5221896532e-03 6.2086684572e-04 1.5221896532e-03 7.5385870975e+01
231.17771173 1.6074846167e+02 -4.6174049960e-04 6.2184739723e-04 -4.6174049960e-04 1.6075256882e+02 1.5244624503e-03 6.2184739723e-04 1.5244624503e-03 7.5385871018e+01
231.42260337 1.6074886187e+02 -4.6243359836e-04 6.2283253716e-04 -4.6243359836e-04 1.6075297519e+02 1.5267445244e-03 6.2283253716e-04 1.5267445244e-03 7.5385871061e+01
231.66749502 1.6074926368e+02 -4.6312955247e-04 6.2382230280e-04 -4.6312955247e-04 1.6075338322e+02 1.5290359296e-03 6.2382230280e-04 1.5290359296e-03 7.5385871104e+01
231.91238666 1.6074966712e+02 -4.6382837905e-04 6.2481673195e-04 -4.6382837905e-04 1.6075379289e+02 1.5313367205e-03 6.2481673195e-04 1.5313367205e-03 7.5385871148e+01
232.15727831 1.6075007220e+02 -4.6453009535e-04 6.2581586299e-04 -4.6453009535e-04 1.6075420423e+02 1.5336469523e-03 6.2581586299e-04 1.5336469523e-03 7.5385871192e+01
232.40216995 1.6075047893e+02 -4.6523471877e-04 6.2681973487e-04 -4.6523471877e-04 1.6075461725e+02 1.5359666805e-03 6.2681973487e-04 1.5359666805e-03 7.5385871237e+01
232.64706159 1.6075088731e+02 -4.6594226690e-04 6.2782838711e-04 -4.6594226690e-04 1.6075503194e+02 1.5382959613e-03 6.2782838711e-04 1.5382959613e-03 7.5385871282e+01
232.89195324 1.6075129736e+02 -4.6665275745e-04 6.2884185984e-04 -4.6665275745e-04 1.6075544833e+02 1.5406348510e-03 6.2884185984e-04 1.5406348510e-03 7.5385871327e+01
233.13684488 1.6075170908e+02 -4.6736620832e-04 6.2986019379e-04 -4.6736620832e-04 1.6075586642e+02 1.5429834068e-03 6.2986019379e-04 1.5429834068e-03 7.5385871373e+01
233.38173652 1.6075212249e+02 -4.6808263757e-04 6.3088343032e-04 -4.6808263757e-04 1.6075628623e+02 1.5453416861e-03 6.3088343032e-04 1.5453416861e-03 7.5385871419e+01
233.62662817 1.6075253760e+02 -4.6880206341e-04 6.3191161144e-04 -4.6880206341e-04 1.6075670775e+02 1.5477097470e-03 6.3191161144e-04 1.5477097470e-03 7.5385871466e+01
233.87151981 1.6075295440e+02 -4.6952450423e-04 6.3294477980e-04 -4.6952450423e-04 1.6075713101e+02 1.5500876480e-03 6.3294477980e-04 1.5500876480e-03 7.5385871513e+01
234.11641146 1.6075337293e+02 -4.7024997860e-04 6.3398297873e-04 -4.7024997860e-04 1.6075755601e+02 1.5524754481e-03 6.3398297873e-04 1.5524754481e-03 7.5385871561e+01
234.36130310 1.6075379317e+02 -4.7097850524e-04 6.3502625224e-04 -4.7097850524e-04 1.6075798276e+02 1.5548732069e-03 6.3502625224e-04 1.5548732069e-03 7.5385871609e+01
234.60619474 1.6075421515e+02 -4.7171010307e-04 6.3607464507e-04 -4.7171010307e-04 1.6075841127e+02 1.5572809843e-03 6.3607464507e-04 1.5572809843e-03 7.5385871657e+01
234.85108639 1.6075463888e+02 -4.7244479118e-04 6.3712820264e-04 -4.7244479118e-04 1.6075884155e+02 1.5596988411e-03 6.3712820264e-04 1.5596988411e-03 7.5385871706e+01
235.09597803 1.6075506436e+02 -4.7318258884e-04 6.3818697115e-04 -4.7318258884e-04 1.6075927362e+02 1.5621268383e-03 6.3818697115e-04 1.5621268383e-03 7.5385871756e+01
235.34086967 1.6075549160e+02 -4.7392351551e-04 6.3925099754e-04 -4.7392351551e-04 1.6075970748e+02 1.5645650376e-03 6.3925099754e-04 1.5645650376e-03 7.5385871806e+01
235.58576132 1.6075592062e+02 -4.7466759081e-04 6.4032032953e-04 -4.7466759081e-04 1.6076014314e+02 1.5670135013e-03 6.4032032953e-04 1.5670135013e-03 7.5385871856e+01
235.83065296 1.6075635143e+02 -4.7541483460e-04 6.4139501565e-04 -4.7541483460e-04 1.6076058062e+02 1.5694722921e-03 6.4139501565e-04 1.5694722921e-03 7.5385871907e+01
236.07554461 1.6075678403e+02 -4.7616526689e-04 6.4247510523e-04 -4.7616526689e-04 1.6076101992e+02 1.5719414735e-03 6.4247510523e-04 1.5719414735e-03 7.5385871959e+01
236.32043625 1.6075721844e+02 -4.7691890789e-04 6.4356064845e-04 -4.7691890789e-04 1.6076146106e+02 1.5744211093e-03 6.4356064845e-04 1.5744211093e-03 7.5385872011e+01
236.56532789 1.6075765466e+02 -4.7767577804e-04 6.4465169637e-04 -4.7767577804e-04 1.6076190404e+02 1.5769112642e-03 6.4465169637e-04 1.5769112642e-03 7.5385872063e+01
236.81021954 1.6075809272e+02 -4.7843589795e-04 6.4574830089e-04 -4.7843589795e-04 1.6076234888e+02 1.5794120031e-03 6.4574830089e-04 1.5794120031e-03 7.5385872116e+01
237.05511118 1.6075853261e+02 -4.7919928845e-04 6.4685051487e-04 -4.7919928845e-04 1.6076279559e+02 1.5819233918e-03 6.4685051487e-04 1.5819233918e-03 7.5385872170e+01
237.30000282 1.6075897435e+02 -4.7996597057e-04 6.4795839207e-04 -4.7996597057e-04 1.6076324418e+02 1.5844454966e-03 6.4795839207e-04 1.5844454966e-03 7.5385872224e+01
237.54489447 1.6075941795e+02 -4.8073596556e-04 6.4907198721e-04 -4.8073596556e-04 1.6076369466e+02 1.5869783845e-03 6.4907198721e-04 1.5869783845e-03 7.5385872279e+01
237.78978611 1.6075986343e+02 -4.8150929488e-04 6.5019135601e-04 -4.8150929488e-04 1.6076414704e+02 1.5895221231e-03 6.5019135601e-04 1.5895221231e-03 7.5385872335e+01
238.03467776 1.6076031078e+02 -4.8228598021e-04 6.5131655518e-04 -4.8228598021e-04 1.6076460133e+02 1.5920767804e-03 6.5131655518e-04 1.5920767804e-03 7.5385872391e+01
238.27956940 1.6076076003e+02 -4.8306604346e-04 6.5244764249e-04 -4.8306604346e-04 1.6076505755e+02 1.5946424255e-03 6.5244764249e-04 1.5946424255e-03 7.5385872447e+01
238.52446104 1.6076121119e+02 -4.8384950674e-04 6.5358467675e-04 -4.8384950674e-04 1.6076551571e+02 1.5972191277e-03 6.5358467675e-04 1.5972191277e-03 7.5385872504e+01
238.76935269 1.6076166427e+02 -4.8463639243e-04 6.5472771788e-04 -4.8463639243e-04 1.6076597581e+02 1.5998069572e-03 6.5472771788e-04 1.5998069572e-03 7.5385872562e+01
239.01424433 1.6076211927e+02 -4.8542672312e-04 6.5587682694e-04 -4.8542672312e-04 1.6076643788e+02 1.6024059849e-03 6.5587682694e-04 1.6024059849e-03 7.5385872621e+01
239.25913597 1.6076257621e+02 -4.8622052164e-04 6.5703206612e-04 -4.8622052164e-04 1.6076690191e+02 1.6050162823e-03 6.5703206612e-04 1.6050162823e-03 7.5385872680e+01
239.50402762 1.6076303511e+02 -4.8701781106e-04 6.5819349883e-04 -4.8701781106e-04 1.6076736793e+02 1.6076379216e-03 6.5819349883e-04 1.6076379216e-03 7.5385872740e+01
239.74891926 1.6076349596e+02 -4.8781861470e-04 6.5936118967e-04 -4.8781861470e-04 1.6076783595e+02 1.6102709757e-03 6.5936118967e-04 1.6102709757e-03 7.5385872801e+01
239.99381091 1.6076395880e+02 -4.8862295613e-04 6.6053520454e-04 -4.8862295613e-04 1.6076830597e+02 1.6129155182e-03 6.6053520454e-04 1.6129155182e-03 7.5385872862e+01
240.23870255 1.6076442362e+02 -4.8943085918e-04 6.6171561061e-04 -4.8943085918e-04 1.6076877801e+02 1.6155716236e-03 6.6171561061e-04 1.6155716236e-03 7.5385872924e+01
240.48359419 1.6076489045e+02 -4.9024234795e-04 6.6290247638e-04 -4.9024234795e-04 1.6076925209e+02 1.6182393668e-03 6.6290247638e-04 1.6182393668e-03 7.5385872987e+01
240.72848584 1.6076535928e+02 -4.9105744677e-04 6.6409587175e-04 -4.9105744677e-04 1.6076972821e+02 1.6209188238e-03 6.6409587175e-04 1.6209188238e-03 7.5385873050e+01
240.97337748 1.6076583014e+02 -4.9187618027e-04 6.6529586801e-04 -4.9187618027e-04 1.6077020639e+02 1.6236100712e-03 6.6529586801e-04 1.6236100712e-03 7.5385873114e+01
241.21826913 1.6076630304e+02 -4.9269857335e-04 6.6650253790e-04 -4.9269857335e-04 1.6077068663e+02 1.6263131862e-03 6.6650253790e-04 1.6263131862e-03 7.5385873179e+01
241.46316077 1.6076677798e+02 -4.9352465118e-04 6.6771595568e-04 -4.9352465118e-04 1.6077116897e+02 1.6290282472e-03 6.6771595568e-04 1.6290282472e-03 7.5385873245e+01
241.70805241 1.6076725499e+02 -4.9435443922e-04 6.6893619713e-04 -4.9435443922e-04 1.6077165339e+02 1.6317553331e-03 6.6893619713e-04 1.6317553331e-03 7.5385873312e+01
241.95294406 1.6076773408e+02 -4.9518796323e-04 6.7016333963e-04 -4.9518796323e-04 1.6077213993e+02 1.6344945236e-03 6.7016333963e-04 1.6344945236e-03 7.5385873379e+01
242.19783570 1.6076821525e+02 -4.9602524925e-04 6.7139746219e-04 -4.9602524925e-04 1.6077262859e+02 1.6372458994e-03 6.7139746219e-04 1.6372458994e-03 7.5385873447e+01
242.44272734 1.6076869852e+02 -4.9686632363e-04 6.7263864551e-04 -4.9686632363e-04 1.6077311938e+02 1.6400095419e-03 6.7263864551e-04 1.6400095419e-03 7.5385873516e+01
242.68761899 1.6076918391e+02 -4.9771121303e-04 6.7388697203e-04 -4.9771121303e-04 1.6077361233e+02 1.6427855334e-03 6.7388697203e-04 1.6427855334e-03 7.5385873586e+01
242.93251063 1.6076967142e+02 -4.9855994443e-04 6.7514252596e-04 -4.9855994443e-04 1.6077410743e+02 1.6455739571e-03 6.7514252596e-04 1.6455739571e-03 7.5385873657e+01
243.17740228 1.6077016108e+02 -4.9941254511e-04 6.7640539337e-04 -4.9941254511e-04 1.6077460471e+02 1.6483748970e-03 6.7640539337e-04 1.6483748970e-03 7.5385873729e+01
243.42229392 1.6077065289e+02 -5.0026904269e-04 6.7767566222e-04 -5.0026904269e-04 1.6077510419e+02 1.6511884382e-03 6.7767566222e-04 1.6511884382e-03 7.5385873802e+01
243.66718556 1.6077114686e+02 -5.0112946512e-04 6.7895342245e-04 -5.0112946512e-04 1.6077560586e+02 1.6540146664e-03 6.7895342245e-04 1.6540146664e-03 7.5385873875e+01
243.91207721 1.6077164302e+02 -5.0199384071e-04 6.8023876598e-04 -5.0199384071e-04 1.6077610975e+02 1.6568536685e-03 6.8023876598e-04 1.6568536685e-03 7.5385873950e+01
244.15696885 1.6077214138e+02 -5.0286219808e-04 6.8153178685e-04 -5.0286219808e-04 1.6077661587e+02 1.6597055323e-03 6.8153178685e-04 1.6597055323e-03 7.5385874026e+01
244.40186049 1.6077264194e+02 -5.0373456622e-04 6.8283258123e-04 -5.0373456622e-04 1.6077712424e+02 1.6625703464e-03 6.8283258123e-04 1.6625703464e-03 7.5385874102e+01
244.64675214 1.6077314472e+02 -5.0461097451e-04 6.8414124748e-04 -5.0461097451e-04 1.6077763487e+02 1.6654482006e-03 6.8414124748e-04 1.6654482006e-03 7.5385874180e+01
244.89164378 1.6077364975e+02 -5.0549145265e-04 6.8545788628e-04 -5.0549145265e-04 1.6077814778e+02 1.6683391855e-03 6.8545788628e-04 1.6683391855e-03 7.5385874259e+01
245.13653543 1.6077415702e+02 -5.0637603075e-04 6.8678260064e-04 -5.0637603075e-04 1.6077866297e+02 1.6712433929e-03 6.8678260064e-04 1.6712433929e-03 7.5385874339e+01
245.38142707 1.6077466656e+02 -5.0726473931e-04 6.8811549599e-04 -5.0726473931e-04 1.6077918047e+02 1.6741609156e-03 6.8811549599e-04 1.6741609156e-03 7.5385874420e+01
245.62631871 1.6077517838e+02 -5.0815760919e-04 6.8945668026e-04 -5.0815760919e-04 1.6077970028e+02 1.6770918474e-03 6.8945668026e-04 1.6770918474e-03 7.5385874502e+01
245.87121036 1.6077569250e+02 -5.0905467168e-04 6.9080626398e-04 -5.0905467168e-04 1.6078022243e+02 1.6800362831e-03 6.9080626398e-04 1.6800362831e-03 7.5385874585e+01
246.11610200 1.6077620893e+02 -5.0995595848e-04 6.9216436032e-04 -5.0995595848e-04 1.6078074693e+02 1.6829943188e-03 6.9216436032e-04 1.6829943188e-03 7.5385874669e+01
246.36099364 1.6077672768e+02 -5.1086150169e-04 6.9353108518e-04 -5.1086150169e-04 1.6078127379e+02 1.6859660516e-03 6.9353108518e-04 1.6859660516e-03 7.5385874755e+01
246.60588529 1.6077724877e+02 -5.1177133386e-04 6.9490655731e-04 -5.1177133386e-04 1.6078180303e+02 1.6889515797e-03 6.9490655731e-04 1.6889515797e-03 7.5385874842e+01
246.85077693 1.6077777222e+02 -5.1268548796e-04 6.9629089834e-04 -5.1268548796e-04 1.6078233466e+02 1.6919510026e-03 6.9629089834e-04 1.6919510026e-03 7.5385874930e+01
247.09566858 1.6077829804e+02 -5.1360399742e-04 6.9768423292e-04 -5.1360399742e-04 1.6078286871e+02 1.6949644208e-03 6.9768423292e-04 1.6949644208e-03 7.5385875020e+01
247.34056022 1.6077882624e+02 -5.1452689612e-04 6.9908668880e-04 -5.1452689612e-04 1.6078340518e+02 1.6979919361e-03 6.9908668880e-04 1.6979919361e-03 7.5385875111e+01
247.58545186 1.6077935685e+02 -5.1545421841e-04 7.0049839688e-04 -5.1545421841e-04 1.6078394410e+02 1.7010336517e-03 7.0049839688e-04 1.7010336517e-03 7.5385875203e+01
247.83034351 1.6077988987e+02 -5.1638599912e-04 7.0191949137e-04 -5.1638599912e-04 1.6078448547e+02 1.7040896717e-03 7.0191949137e-04 1.7040896717e-03 7.5385875297e+01
248.07523515 1.6078042533e+02 -5.1732227355e-04 7.0335010983e-04 -5.1732227355e-04 1.6078502932e+02 1.7071601017e-03 7.0335010983e-04 1.7071601017e-03 7.5385875392e+01
248.32012679 1.6078096323e+02 -5.1826307752e-04 7.0479039332e-04 -5.1826307752e-04 1.6078557566e+02 1.7102450485e-03 7.0479039332e-04 1.7102450485e-03 7.5385875488e+01
248.56501844 1.6078150360e+02 -5.1920844735e-04 7.0624048646e-04 -5.1920844735e-04 1.6078612450e+02 1.7133446205e-03 7.0624048646e-04 1.7133446205e-03 7.5385875586e+01
248.80991008 1.6078204646e+02 -5.2015841988e-04 7.0770053753e-04 -5.2015841988e-04 1.6078667588e+02 1.7164589270e-03 7.0770053753e-04 1.7164589270e-03 7.5385875686e+01
249.05480173 1.6078259181e+02 -5.2111303246e-04 7.0917069860e-04 -5.2111303246e-04 1.6078722979e+02 1.7195880790e-03 7.0917069860e-04 1.7195880790e-03 7.5385875787e+01
249.29969337 1.6078313968e+02 -5.2207232302e-04 7.1065112562e-04 -5.2207232302e-04 1.6078778626e+02 1.7227321888e-03 7.1065112562e-04 1.7227321888e-03 7.5385875890e+01
249.54458501 1.6078369008e+02 -5.2303633000e-04 7.1214197851e-04 -5.2303633000e-04 1.6078834531e+02 1.7258913702e-03 7.1214197851e-04 1.7258913702e-03 7.5385875995e+01
249.78947666 1.6078424303e+02 -5.2400509244e-04 7.1364342127e-04 -5.2400509244e-04 1.6078890695e+02 1.7290657383e-03 7.1364342127e-04 1.7290657383e-03 7.5385876101e+01
250.03436830 1.6078479854e+02 -5.2497864991e-04 7.1515562208e-04 -5.2497864991e-04 1.6078947120e+02 1.7322554097e-03 7.1515562208e-04 1.7322554097e-03 7.5385876209e+01
250.27925994 1.6078535664e+02 -5.2595704260e-04 7.1667875339e-04 -5.2595704260e-04 1.6079003807e+02 1.7354605027e-03 7.1667875339e-04 1.7354605027e-03 7.5385876319e+01
250.52415159 1.6078591734e+02 -5.2694031129e-04 7.1821299202e-04 -5.2694031129e-04 1.6079060760e+02 1.7386811368e-03 7.1821299202e-04 1.7386811368e-03 7.5385876431e+01
250.76904323 1.6078648066e+02 -5.2792849734e-04 7.1975851926e-04 -5.2792849734e-04 1.6079117979e+02 1.7419174334e-03 7.1975851926e-04 1.7419174334e-03 7.5385876544e+01
251.01393488 1.6078704661e+02 -5.2892164274e-04 7.2131552093e-04 -5.2892164274e-04 1.6079175466e+02 1.7451695152e-03 7.2131552093e-04 1.7451695152e-03 7.5385876660e+01
251.25882652 1.6078761522e+02 -5.2991979010e-04 7.2288418747e-04 -5.2991979010e-04 1.6079233223e+02 1.7484375065e-03 7.2288418747e-04 1.7484375065e-03 7.5385876777e+01
251.50371816 1.6078818650e+02 -5.3092298267e-04 7.2446471402e-04 -5.3092298267e-04 1.6079291252e+02 1.7517215335e-03 7.2446471402e-04 1.7517215335e-03 7.5385876897e+01
251.74860981 1.6078876047e+02 -5.3193126432e-04 7.2605730046e-04 -5.3193126432e-04 1.6079349555e+02 1.7550217237e-03 7.2605730046e-04 1.7550217237e-03 7.5385877019e+01
251.99350145 1.6078933715e+02 -5.3294467958e-04 7.2766215145e-04 -5.3294467958e-04 1.6079408133e+02 1.7583382064e-03 7.2766215145e-04 1.7583382064e-03 7.5385877142e+01
252.23839310 1.6078991656e+02 -5.3396327362e-04 7.2927947650e-04 -5.3396327362e-04 1.6079466989e+02 1.7616711126e-03 7.2927947650e-04 1.7616711126e-03 7.5385877269e+01
252.48328474 1.6079049872e+02 -5.3498709227e-04 7.3090948993e-04 -5.3498709227e-04 1.6079526125e+02 1.7650205748e-03 7.3090948993e-04 1.7650205748e-03 7.5385877397e+01
252.72817638 1.6079108364e+02 -5.3601618201e-04 7.3255241089e-04 -5.3601618201e-04 1.6079585542e+02 1.7683867274e-03 7.3255241089e-04 1.7683867274e-03 7.5385877528e+01
252.97306803 1.6079167135e+02 -5.3705058998e-04 7.3420846330e-04 -5.3705058998e-04 1.6079645243e+02 1.7717697064e-03 7.3420846330e-04 1.7717697064e-03 7.5385877661e+01
253.21795967 1.6079226186e+02 -5.3809036398e-04 7.3587787581e-04 -5.3809036398e-04 1.6079705229e+02 1.7751696494e-03 7.3587787581e-04 1.7751696494e-03 7.5385877796e+01
253.46285131 1.6079285519e+02 -5.3913555244e-04 7.3756088168e-04 -5.3913555244e-04 1.6079765502e+02 1.7785866958e-03 7.3756088168e-04 1.7785866958e-03 7.5385877934e+01
253.70774296 1.6079345137e+02 -5.4018620443e-04 7.3925771863e-04 -5.4018620443e-04 1.6079826065e+02 1.7820209866e-03 7.3925771863e-04 1.7820209866e-03 7.5385878075e+01
253.95263460 1.6079405041e+02 -5.4124236966e-04 7.4096862864e-04 -5.4124236966e-04 1.6079886919e+02 1.7854726645e-03 7.4096862864e-04 1.7854726645e-03 7.5385878219e+01
254.19752625 1.6079465233e+02 -5.4230409844e-04 7.4269385771e-04 -5.4230409844e-04 1.6079948067e+02 1.7889418737e-03 7.4269385771e-04 1.7889418737e-03 7.5385878365e+01
254.44241789 1.6079525716e+02 -5.4337144165e-04 7.4443365554e-04 -5.4337144165e-04 1.6080009511e+02 1.7924287601e-03 7.4443365554e-04 1.7924287601e-03 7.5385878514e+01
254.68730953 1.6079586491e+02 -5.4444445073e-04 7.4618827510e-04 -5.4444445073e-04 1.6080071252e+02 1.7959334709e-03 7.4618827510e-04 1.7959334709e-03 7.5385878665e+01
254.93220118 1.6079647561e+02 -5.4552317764e-04 7.4795797216e-04 -5.4552317764e-04 1.6080133294e+02 1.7994561551e-03 7.4795797216e-04 1.7994561551e-03 7.5385878820e+01
255.17709282 1.6079708927e+02 -5.4660767480e-04 7.4974300469e-04 -5.4660767480e-04 1.6080195637e+02 1.8029969627e-03 7.4974300469e-04 1.8029969627e-03 7.5385878978e+01
255.42198446 1.6079770592e+02 -5.4769799504e-04 7.5154363214e-04 -5.4769799504e-04 1.6080258284e+02 1.8065560451e-03 7.5154363214e-04 1.8065560451e-03 7.5385879139e+01
255.66687611 1.6079832558e+02 -5.4879419154e-04 7.5336011457e-04 -5.4879419154e-04 1.6080321238e+02 1.8101335548e-03 7.5336011457e-04 1.8101335548e-03 7.5385879303e+01
255.91176775 1.6079894827e+02 -5.4989631773e-04 7.5519271164e-04 -5.4989631773e-04 1.6080384500e+02 1.8137296452e-03 7.5519271164e-04 1.8137296452e-03 7.5385879470e+01
256.15665940 1.6079957401e+02 -5.5100442722e-04 7.5704168135e-04 -5.5100442722e-04 1.6080448073e+02 1.8173444706e-03 7.5704168135e-04 1.8173444706e-03 7.5385879640e+01
256.40155104 1.6080020282e+02 -5.5211857364e-04 7.5890727866e-04 -5.5211857364e-04 1.6080511960e+02 1.8209781857e-03 7.5890727866e-04 1.8209781857e-03 7.5385879814e+01
256.64644268 1.6080083473e+02 -5.5323881055e-04 7.6078975376e-04 -5.5323881055e-04 1.6080576161e+02 1.8246309454e-03 7.6078975376e-04 1.8246309454e-03 7.5385879991e+01
256.89133433 1.6080146976e+02 -5.5436519124e-04 7.6268935008e-04 -5.5436519124e-04 1.6080640680e+02 1.8283029048e-03 7.6268935008e-04 1.8283029048e-03 7.5385880172e+01
257.13622597 1.6080210792e+02 -5.5549776857e-04 7.6460630198e-04 -5.5549776857e-04 1.6080705519e+02 1.8319942183e-03 7.6460630198e-04 1.8319942183e-03 7.5385880356e+01
257.38111761 1.6080274925e+02 -5.5663659472e-04 7.6654083205e-04 -5.5663659472e-04 1.6080770679e+02 1.8357050396e-03 7.6654083205e-04 1.8357050396e-03 7.5385880544e+01
257.62600926 1.6080339376e+02 -5.5778172096e-04 7.6849314789e-04 -5.5778172096e-04 1.6080836165e+02 1.8394355208e-03 7.6849314789e-04 1.8394355208e-03 7.5385880736e+01
257.87090090 1.6080404148e+02 -5.5893319731e-04 7.7046343845e-04 -5.5893319731e-04 1.6080901977e+02 1.8431858124e-03 7.7046343845e-04 1.8431858124e-03 7.5385880931e+01
258.11579255 1.6080469243e+02 -5.6009107222e-04 7.7245186973e-04 -5.6009107222e-04 1.6080968118e+02 1.8469560618e-03 7.7245186973e-04 1.8469560618e-03 7.5385881131e+01
258.36068419 1.6080534664e+02 -5.6125539212e-04 7.7445857976e-04 -5.6125539212e-04 1.6081034591e+02 1.8507464132e-03 7.7445857976e-04 1.8507464132e-03 7.5385881333e+01
258.60557583 1.6080600412e+02 -5.6242620099e-04 7.7648367285e-04 -5.6242620099e-04 1.6081101398e+02 1.8545570060e-03 7.7648367285e-04 1.8545570060e-03 7.5385881540e+01
258.85046748 1.6080666490e+02 -5.6360353976e-04 7.7852721281e-04 -5.6360353976e-04 1.6081168541e+02 1.8583879744e-03 7.7852721281e-04 1.8583879744e-03 7.5385881751e+01
259.09535912 1.6080732901e+02 -5.6478744567e-04 7.8058921518e-04 -5.6478744567e-04 1.6081236022e+02 1.8622394454e-03 7.8058921518e-04 1.8622394454e-03 7.5385881965e+01
259.34025076 1.6080799647e+02 -5.6597795156e-04 7.8266963819e-04 -5.6597795156e-04 1.6081303844e+02 1.8661115380e-03 7.8266963819e-04 1.8661115380e-03 7.5385882183e+01
259.58514241 1.6080866729e+02 -5.6717508496e-04 7.8476837233e-04 -5.6717508496e-04 1.6081372010e+02 1.8700043608e-03 7.8476837233e-04 1.8700043608e-03 7.5385882405e+01
259.83003405 1.6080934151e+02 -5.6837886709e-04 7.8688522822e-04 -5.6837886709e-04 1.6081440522e+02 1.8739180105e-03 7.8688522822e-04 1.8739180105e-03 7.5385882630e+01
260.07492570 1.6081001915e+02 -5.6958931173e-04 7.8901992270e-04 -5.6958931173e-04 1.6081509381e+02 1.8778525695e-03 7.8901992270e-04 1.8778525695e-03 7.5385882859e+01
260.31981734 1.6081070022e+02 -5.7080642386e-04 7.9117206267e-04 -5.7080642386e-04 1.6081578591e+02 1.8818081028e-03 7.9117206267e-04 1.8818081028e-03 7.5385883092e+01
260.56470898 1.6081138477e+02 -5.7203019812e-04 7.9334112646e-04 -5.7203019812e-04 1.6081648153e+02 1.8857846556e-03 7.9334112646e-04 1.8857846556e-03 7.5385883327e+01
260.80960063 1.6081207279e+02 -5.7326061701e-04 7.9552644242e-04 -5.7326061701e-04 1.6081718071e+02 1.8897822493e-03 7.9552644242e-04 1.8897822493e-03 7.5385883566e+01
261.05449227 1.6081276433e+02 -5.7449764885e-04 7.9772716419e-04 -5.7449764885e-04 1.6081788345e+02 1.8938008774e-03 7.9772716419e-04 1.8938008774e-03 7.5385883807e+01
261.29938392 1.6081345940e+02 -5.7574124543e-04 7.9994224230e-04 -5.7574124543e-04 1.6081858979e+02 1.8978405009e-03 7.9994224230e-04 1.8978405009e-03 7.5385884050e+01
261.54427556 1.6081415803e+02 -5.7699133928e-04 8.0217039153e-04 -5.7699133928e-04 1.6081929974e+02 1.9019010429e-03 8.0217039153e-04 1.9019010429e-03 7.5385884296e+01
261.78916720 1.6081486023e+02 -5.7824784056e-04 8.0441005352e-04 -5.7824784056e-04 1.6082001332e+02 1.9059823824e-03 8.0441005352e-04 1.9059823824e-03 7.5385884542e+01
262.03405885 1.6081556602e+02 -5.7951063347e-04 8.0665935394e-04 -5.7951063347e-04 1.6082073056e+02 1.9100843469e-03 8.0665935394e-04 1.9100843469e-03 7.5385884789e+01
262.27895049 1.6081627543e+02 -5.8077957225e-04 8.0891605370e-04 -5.8077957225e-04 1.6082145146e+02 1.9142067047e-03 8.0891605370e-04 1.9142067047e-03 7.5385885036e+01
262.52384213 1.6081698847e+02 -5.8205447650e-04 8.1117749328e-04 -5.8205447650e-04 1.6082217605e+02 1.9183491553e-03 8.1117749328e-04 1.9183491553e-03 7.5385885282e+01
262.76873378 1.6081770517e+02 -5.8333512594e-04 8.1344052974e-04 -5.8333512594e-04 1.6082290434e+02 1.9225113192e-03 8.1344052974e-04 1.9225113192e-03 7.5385885526e+01
263.01362542 1.6081842553e+02 -5.8462125450e-04 8.1570146556e-04 -5.8462125450e-04 1.6082363634e+02 1.9266927257e-03 8.1570146556e-04 1.9266927257e-03 7.5385885767e+01
263.25851707 1.6081914957e+02 -5.8591254364e-04 8.1795596861e-04 -5.8591254364e-04 1.6082437206e+02 1.9308928001e-03 8.1795596861e-04 1.9308928001e-03 7.5385886003e+01
263.50340871 1.6081987730e+02 -5.8720861493e-04 8.2019898298e-04 -5.8720861493e-04 1.6082511151e+02 1.9351108483e-03 8.2019898298e-04 1.9351108483e-03 7.5385886232e+01
263.74830035 1.6082060874e+02 -5.8850902184e-04 8.2242463017e-04 -5.8850902184e-04 1.6082585470e+02 1.9393460407e-03 8.2242463017e-04 1.9393460407e-03 7.5385886453e+01
263.99319200 1.6082134389e+02 -5.8981324069e-04 8.2462610072e-04 -5.8981324069e-04 1.6082660161e+02 1.9435973939e-03 8.2462610072e-04 1.9435973939e-03 7.5385886663e+01
264.23808364 1.6082208275e+02 -5.9112066088e-04 8.2679553694e-04 -5.9112066088e-04 1.6082735226e+02 1.9478637517e-03 8.2679553694e-04 1.9478637517e-03 7.5385886859e+01
264.48297528 1.6082282533e+02 -5.9243057451e-04 8.2892390792e-04 -5.9243057451e-04 1.6082810663e+02 1.9521437635e-03 8.2892390792e-04 1.9521437635e-03 7.5385887039e+01
264.72786693 1.6082357162e+02 -5.9374216549e-04 8.3100087912e-04 -5.9374216549e-04 1.6082886470e+02 1.9564358632e-03 8.3100087912e-04 1.9564358632e-03 7.5385887199e+01
264.97275857 1.6082432162e+02 -5.9505449855e-04 8.3301468032e-04 -5.9505449855e-04 1.6082962647e+02 1.9607382471e-03 8.3301468032e-04 1.9607382471e-03 7.5385887336e+01
265.21765022 1.6082507532e+02 -5.9636650854e-04 8.3495197715e-04 -5.9636650854e-04 1.6083039190e+02 1.9650488523e-03 8.3495197715e-04 1.9650488523e-03 7.5385887444e+01
265.46254186 1.6082583270e+02 -5.9767699070e-04 8.3679775428e-04 -5.9767699070e-04 1.6083116096e+02 1.9693653374e-03 8.3679775428e-04 1.9693653374e-03 7.5385887518e+01
265.70743350 1.6082659373e+02 -5.9898459277e-04 8.3853522051e-04 -5.9898459277e-04 1.6083193361e+02 1.9736850667e-03 8.3853522051e-04 1.9736850667e-03 7.5385887554e+01
265.95232515 1.6082735840e+02 -6.0028781010e-04 8.4014575021e-04 -6.0028781010e-04 1.6083270981e+02 1.9780051005e-03 8.4014575021e-04 1.9780051005e-03 7.5385887544e+01
266.19721679 1.6082812667e+02 -6.0158498528e-04 8.4160887874e-04 -6.0158498528e-04 1.6083348950e+02 1.9823221941e-03 8.4160887874e-04 1.9823221941e-03 7.5385887483e+01
266.44210843 1.6082889850e+02 -6.0287431415e-04 8.4290237443e-04 -6.0287431415e-04 1.6083427263e+02 1.9866328102e-03 8.4290237443e-04 1.9866328102e-03 7.5385887361e+01
266.68700008 1.6082967385e+02 -6.0415386037e-04 8.4400241346e-04 -6.0415386037e-04 1.6083505911e+02 1.9909331479e-03 8.4400241346e-04 1.9909331479e-03 7.5385887173e+01
266.93189172 1.6083045267e+02 -6.0542158110e-04 8.4488388792e-04 -6.0542158110e-04 1.6083584889e+02 1.9952191939e-03 8.4488388792e-04 1.9952191939e-03 7.5385886909e+01
267.17678337 1.6083123493e+02 -6.0667536647e-04 8.4552087924e-04 -6.0667536647e-04 1.6083664189e+02 1.9994868017e-03 8.4552087924e-04 1.9994868017e-03 7.5385886560e+01
267.42167501 1.6083202057e+02 -6.0791309541e-04 8.4588732825e-04 -6.0791309541e-04 1.6083743803e+02 2.0037318032e-03 8.4588732825e-04 2.0037318032e-03 7.5385886117e+01
267.66656665 1.6083280954e+02 -6.0913271009e-04 8.4595792828e-04 -6.0913271009e-04 1.6083823725e+02 2.0079501575e-03 8.4595792828e-04 2.0079501575e-03 7.5385885574e+01
267.91145830 1.6083360181e+02 -6.1033231015e-04 8.4570925578e-04 -6.1033231015e-04 1.6083903946e+02 2.0121381394e-03 8.4570925578e-04 2.0121381394e-03 7.5385884920e+01
268.15634994 1.6083439735e+02 -6.1151026633e-04 8.4512113392e-04 -6.1151026633e-04 1.6083984464e+02 2.0162925667e-03 8.4512113392e-04 2.0162925667e-03 7.5385884151e+01
268.40124158 1.6083519615e+02 -6.1266535082e-04 8.4417819649e-04 -6.1266535082e-04 1.6084065274e+02 2.0204110609e-03 8.4417819649e-04 2.0204110609e-03 7.5385883260e+01
268.64613323 1.6083599820e+02 -6.1379687849e-04 8.4287158305e-04 -6.1379687849e-04 1.6084146377e+02 2.0244923299e-03 8.4287158305e-04 2.0244923299e-03 7.5385882244e+01
268.89102487 1.6083680356e+02 -6.1490484989e-04 8.4120065426e-04 -6.1490484989e-04 1.6084227776e+02 2.0285364534e-03 8.4120065426e-04 2.0285364534e-03 7.5385881104e+01
269.13591652 1.6083761227e+02 -6.1599008313e-04 8.3917457457e-04 -6.1599008313e-04 1.6084309478e+02 2.0325451474e-03 8.3917457457e-04 2.0325451474e-03 7.5385879843e+01
269.38080816 1.6083842445e+02 -6.1705431918e-04 8.3681357609e-04 -6.1705431918e-04 1.6084391495e+02 2.0365219743e-03 8.3681357609e-04 2.0365219743e-03 7.5385878466e+01
269.62569980 1.6083924021e+02 -6.1810028399e-04 8.3414970334e-04 -6.1810028399e-04 1.6084473844e+02 2.0404724673e-03 8.3414970334e-04 2.0404724673e-03 7.5385876986e+01
269.87059145 1.6084005974e+02 -6.1913169184e-04 8.3122685355e-04 -6.1913169184e-04 1.6084556548e+02 2.0444041373e-03 8.3122685355e-04 2.0444041373e-03 7.5385875415e+01
270.11548309 1.6084088324e+02 -6.2015317880e-04 8.2809997847e-04 -6.2015317880e-04 1.6084639633e+02 2.0483263394e-03 8.2809997847e-04 2.0483263394e-03 7.5385873774e+01
270.36037474 1.6084171095e+02 -6.2117016241e-04 8.2483339984e-04 -6.2117016241e-04 1.6084723129e+02 2.0522499929e-03 8.2483339984e-04 2.0522499929e-03 7.5385872082e+01
270.60526638 1.6084254312e+02 -6.2218863273e-04 8.2149830228e-04 -6.2218863273e-04 1.6084807070e+02 2.0561871626e-03 8.2149830228e-04 2.0561871626e-03 7.5385870364e+01
270.85015802 1.6084338002e+02 -6.2321489001e-04 8.1816958529e-04 -6.2321489001e-04 1.6084891492e+02 2.0601505351e-03 8.1816958529e-04 2.0601505351e-03 7.5385868645e+01
271.09504967 1.6084422193e+02 -6.2425525241e-04 8.1492235534e-04 -6.2425525241e-04 1.6084976428e+02 2.0641528334e-03 8.1492235534e-04 2.0641528334e-03 7.5385866950e+01
271.33994131 1.6084506910e+02 -6.2531576196e-04 8.1182839777e-04 -6.2531576196e-04 1.6085061913e+02 2.0682062293e-03 8.1182839777e-04 2.0682062293e-03 7.5385865303e+01
271.58483295 1.6084592177e+02 -6.2640191747e-04 8.0895297140e-04 -6.2640191747e-04 1.6085147979e+02 2.0723218090e-03 8.0895297140e-04 2.0723218090e-03 7.5385863724e+01
271.82972460 1.6084678016e+02 -6.2751845854e-04 8.0635221625e-04 -6.2751845854e-04 1.6085234653e+02 2.0765091416e-03 8.0635221625e-04 2.0765091416e-03 7.5385862234e+01
272.07461624 1.6084764445e+02 -6.2866921678e-04 8.0407136874e-04 -6.2866921678e-04 1.6085321957e+02 2.0807759807e-03 8.0407136874e-04 2.0807759807e-03 7.5385860847e+01
272.31950789 1.6084851477e+02 -6.2985704088e-04 8.0214386186e-04 -6.2985704088e-04 1.6085409909e+02 2.0851281156e-03 8.0214386186e-04 2.0851281156e-03 7.5385859574e+01
272.56439953 1.6084939124e+02 -6.3108379237e-04 8.0059127445e-04 -6.3108379237e-04 1.6085498524e+02 2.0895693619e-03 8.0059127445e-04 2.0895693619e-03 7.5385858423e+01
272.80929117 1.6085027394e+02 -6.3235040168e-04 7.9942400355e-04 -6.3235040168e-04 1.6085587808e+02 2.0941016741e-03 7.9942400355e-04 2.0941016741e-03 7.5385857396e+01
273.05418282 1.6085116289e+02 -6.3365696931e-04 7.9864247873e-04 -6.3365696931e-04 1.6085677768e+02 2.0987253481e-03 7.9864247873e-04 2.0987253481e-03 7.5385856494e+01
273.29907446 1.6085205813e+02 -6.3500289555e-04 7.9823871799e-04 -6.3500289555e-04 1.6085768403e+02 2.1034392801e-03 7.9823871799e-04 2.1034392801e-03 7.5385855715e+01
273.54396610 1.6085295965e+02 -6.3638702280e-04 7.9819803644e-04 -6.3638702280e-04 1.6085859712e+02 2.1082412519e-03 7.9819803644e-04 2.1082412519e-03 7.5385855052e+01
273.78885775 1.6085386744e+02 -6.3780777766e-04 7.9850075013e-04 -6.3780777766e-04 1.6085951692e+02 2.1131282146e-03 7.9850075013e-04 2.1131282146e-03 7.5385854501e+01
274.03374939 1.6085478145e+02 -6.3926330283e-04 7.9912375944e-04 -6.3926330283e-04 1.6086044336e+02 2.1180965526e-03 7.9912375944e-04 2.1180965526e-03 7.5385854052e+01
274.27864104 1.6085570168e+02 -6.4075157287e-04 8.0004193803e-04 -6.4075157287e-04 1.6086137640e+02 2.1231423154e-03 8.0004193803e-04 2.1231423154e-03 7.5385853698e+01
274.52353268 1.6085662806e+02 -6.4227049074e-04 8.0122929098e-04 -6.4227049074e-04 1.6086231596e+02 2.1282614100e-03 8.0122929098e-04 2.1282614100e-03 7.5385853430e+01
274.76842432 1.6085756058e+02 -6.4381796448e-04 8.0265987479e-04 -6.4381796448e-04 1.6086326199e+02 2.1334497551e-03 8.0265987479e-04 2.1334497551e-03 7.5385853239e+01
275.01331597 1.6085849920e+02 -6.4539196507e-04 8.0430849197e-04 -6.4539196507e-04 1.6086421442e+02 2.1387033962e-03 8.0430849197e-04 2.1387033962e-03 7.5385853117e+01
275.25820761 1.6085944390e+02 -6.4699056771e-04 8.0615118558e-04 -6.4699056771e-04 1.6086517321e+02 2.1440185885e-03 8.0615118558e-04 2.1440185885e-03 7.5385853056e+01
275.50309925 1.6086039465e+02 -6.4861197888e-04 8.0816556468e-04 -6.4861197888e-04 1.6086613831e+02 2.1493918510e-03 8.0816556468e-04 2.1493918510e-03 7.5385853048e+01
275.74799090 1.6086135143e+02 -6.5025455216e-04 8.1033099299e-04 -6.5025455216e-04 1.6086710968e+02 2.1548199981e-03 8.1033099299e-04 2.1548199981e-03 7.5385853086e+01
275.99288254 1.6086231423e+02 -6.5191679501e-04 8.1262867125e-04 -6.5191679501e-04 1.6086808729e+02 2.1603001532e-03 8.1262867125e-04 2.1603001532e-03 7.5385853164e+01
276.23777419 1.6086328306e+02 -6.5359736913e-04 8.1504164032e-04 -6.5359736913e-04 1.6086907112e+02 2.1658297493e-03 8.1504164032e-04 2.1658297493e-03 7.5385853277e+01
276.48266583 1.6086425792e+02 -6.5529508595e-04 8.1755472777e-04 -6.5529508595e-04 1.6087006115e+02 2.1714065204e-03 8.1755472777e-04 2.1714065204e-03 7.5385853419e+01
276.72755747 1.6086523880e+02 -6.5700889908e-04 8.2015445648e-04 -6.5700889908e-04 1.6087105739e+02 2.1770284858e-03 8.2015445648e-04 2.1770284858e-03 7.5385853585e+01
276.97244912 1.6086622574e+02 -6.5873789469e-04 8.2282892963e-04 -6.5873789469e-04 1.6087205983e+02 2.1826939315e-03 8.2282892963e-04 2.1826939315e-03 7.5385853773e+01
277.21734076 1.6086721873e+02 -6.6048128094e-04 8.2556770328e-04 -6.6048128094e-04 1.6087306848e+02 2.1884013887e-03 8.2556770328e-04 2.1884013887e-03 7.5385853977e+01
277.46223240 1.6086821782e+02 -6.6223837700e-04 8.2836165433e-04 -6.6223837700e-04 1.6087408335e+02 2.1941496120e-03 8.2836165433e-04 2.1941496120e-03 7.5385854196e+01
277.70712405 1.6086922302e+02 -6.6400860210e-04 8.3120284974e-04 -6.6400860210e-04 1.6087510447e+02 2.1999375575e-03 8.3120284974e-04 2.1999375575e-03 7.5385854426e+01
277.95201569 1.6087023437e+02 -6.6579146515e-04 8.3408442080e-04 -6.6579146515e-04 1.6087613186e+02 2.2057643620e-03 8.3408442080e-04 2.2057643620e-03 7.5385854665e+01
278.19690734 1.6087125191e+02 -6.6758655485e-04 8.3700044490e-04 -6.6758655485e-04 1.6087716554e+02 2.2116293232e-03 8.3700044490e-04 2.2116293232e-03 7.5385854912e+01
278.44179898 1.6087227566e+02 -6.6939353058e-04 8.3994583609e-04 -6.6939353058e-04 1.6087820556e+02 2.2175318818e-03 8.3994583609e-04 2.2175318818e-03 7.5385855163e+01
278.68669062 1.6087330568e+02 -6.7121211414e-04 8.4291624521e-04 -6.7121211414e-04 1.6087925195e+02 2.2234716045e-03 8.4291624521e-04 2.2234716045e-03 7.5385855419e+01
278.93158227 1.6087434200e+02 -6.7304208216e-04 8.4590796958e-04 -6.7304208216e-04 1.6088030475e+02 2.2294481695e-03 8.4590796958e-04 2.2294481695e-03 7.5385855677e+01
279.17647391 1.6087538468e+02 -6.7488325946e-04 8.4891787199e-04 -6.7488325946e-04 1.6088136400e+02 2.2354613525e-03 8.4891787199e-04 2.2354613525e-03 7.5385855937e+01
279.42136556 1.6087643376e+02 -6.7673551297e-04 8.5194330857e-04 -6.7673551297e-04 1.6088242975e+02 2.2415110152e-03 8.5194330857e-04 2.2415110152e-03 7.5385856197e+01
279.66625720 1.6087748929e+02 -6.7859874648e-04 8.5498206486e-04 -6.7859874648e-04 1.6088350205e+02 2.2475970944e-03 8.5498206486e-04 2.2475970944e-03 7.5385856457e+01
279.91114884 1.6087855132e+02 -6.8047289591e-04 8.5803229944e-04 -6.8047289591e-04 1.6088458095e+02 2.2537195928e-03 8.5803229944e-04 2.2537195928e-03 7.5385856717e+01
280.15604049 1.6087961991e+02 -6.8235792521e-04 8.6109249428e-04 -6.8235792521e-04 1.6088566650e+02 2.2598785707e-03 8.6109249428e-04 2.2598785707e-03 7.5385856974e+01
280.40093213 1.6088069512e+02 -6.8425382278e-04 8.6416141139e-04 -6.8425382278e-04 1.6088675877e+02 2.2660741388e-03 8.6416141139e-04 2.2660741388e-03 7.5385857231e+01
280.64582377 1.6088177699e+02 -6.8616059829e-04 8.6723805476e-04 -6.8616059829e-04 1.6088785779e+02 2.2723064522e-03 8.6723805476e-04 2.2723064522e-03 7.5385857484e+01
280.89071542 1.6088286560e+02 -6.8807827994e-04 8.7032163728e-04 -6.8807827994e-04 1.6088896364e+02 2.2785757046e-03 8.7032163728e-04 2.2785757046e-03 7.5385857736e+01
281.13560706 1.6088396100e+02 -6.9000691209e-04 8.7341155187e-04 -6.9000691209e-04 1.6089007638e+02 2.2848821237e-03 8.7341155187e-04 2.2848821237e-03 7.5385857984e+01
281.38049871 1.6088506324e+02 -6.9194655318e-04 8.7650734640e-04 -6.9194655318e-04 1.6089119605e+02 2.2912259670e-03 8.7650734640e-04 2.2912259670e-03 7.5385858230e+01
281.62539035 1.6088617240e+02 -6.9389727392e-04 8.7960870190e-04 -6.9389727392e-04 1.6089232274e+02 2.2976075183e-03 8.7960870190e-04 2.2976075183e-03 7.5385858472e+01
281.87028199 1.6088728854e+02 -6.9585915575e-04 8.8271541364e-04 -6.9585915575e-04 1.6089345650e+02 2.3040270847e-03 8.8271541364e-04 2.3040270847e-03 7.5385858712e+01
282.11517364 1.6088841171e+02 -6.9783228949e-04 8.8582737482e-04 -6.9783228949e-04 1.6089459739e+02 2.3104849938e-03 8.8582737482e-04 2.3104849938e-03 7.5385858948e+01
282.36006528 1.6088954199e+02 -6.9981677416e-04 8.8894456229e-04 -6.9981677416e-04 1.6089574548e+02 2.3169815914e-03 8.8894456229e-04 2.3169815914e-03 7.5385859180e+01
282.60495692 1.6089067944e+02 -7.0181271600e-04 8.9206702439e-04 -7.0181271600e-04 1.6089690085e+02 2.3235172395e-03 8.9206702439e-04 2.3235172395e-03 7.5385859409e+01
282.84984857 1.6089182413e+02 -7.0382022759e-04 8.9519487026e-04 -7.0382022759e-04 1.6089806355e+02 2.3300923148e-03 8.9519487026e-04 2.3300923148e-03 7.5385859635e+01
283.09474021 1.6089297613e+02 -7.0583942714e-04 8.9832826073e-04 -7.0583942714e-04 1.6089923367e+02 2.3367072071e-03 8.9832826073e-04 2.3367072071e-03 7.5385859858e+01
283.33963186 1.6089413551e+02 -7.0787043778e-04 9.0146740038e-04 -7.0787043778e-04 1.6090041126e+02 2.3433623179e-03 9.0146740038e-04 2.3433623179e-03 7.5385860077e+01
283.58452350 1.6089530234e+02 -7.0991338710e-04 9.0461253076e-04 -7.0991338710e-04 1.6090159640e+02 2.3500580597e-03 9.0461253076e-04 2.3500580597e-03 7.5385860292e+01
283.82941514 1.6089647668e+02 -7.1196840661e-04 9.0776392448e-04 -7.1196840661e-04 1.6090278916e+02 2.3567948546e-03 9.0776392448e-04 2.3567948546e-03 7.5385860505e+01
284.07430679 1.6089765862e+02 -7.1403563137e-04 9.1092188017e-04 -7.1403563137e-04 1.6090398962e+02 2.3635731342e-03 9.1092188017e-04 2.3635731342e-03 7.5385860714e+01
284.31919843 1.6089884823e+02 -7.1611519967e-04 9.1408671813e-04 -7.1611519967e-04 1.6090519786e+02 2.3703933383e-03 9.1408671813e-04 2.3703933383e-03 7.5385860919e+01
284.56409007 1.6090004557e+02 -7.1820725270e-04 9.1725877661e-04 -7.1820725270e-04 1.6090641394e+02 2.3772559146e-03 9.1725877661e-04 2.3772559146e-03 7.5385861122e+01
284.80898172 1.6090125073e+02 -7.2031193433e-04 9.2043840858e-04 -7.2031193433e-04 1.6090763794e+02 2.3841613184e-03 9.2043840858e-04 2.3841613184e-03 7.5385861322e+01
285.05387336 1.6090246378e+02 -7.2242939091e-04 9.2362597903e-04 -7.2242939091e-04 1.6090886995e+02 2.3911100120e-03 9.2362597903e-04 2.3911100120e-03 7.5385861518e+01
285.29876501 1.6090368480e+02 -7.2455977107e-04 9.2682186259e-04 -7.2455977107e-04 1.6091011004e+02 2.3981024646e-03 9.2682186259e-04 2.3981024646e-03 7.5385861712e+01
285.54365665 1.6090491387e+02 -7.2670322562e-04 9.3002644159e-04 -7.2670322562e-04 1.6091135828e+02 2.4051391519e-03 9.3002644159e-04 2.4051391519e-03 7.5385861903e+01
285.78854829 1.6090615106e+02 -7.2885990738e-04 9.3324010429e-04 -7.2885990738e-04 1.6091261477e+02 2.4122205558e-03 9.3324010429e-04 2.4122205558e-03 7.5385862091e+01
286.03343994 1.6090739646e+02 -7.3102997116e-04 9.3646324354e-04 -7.3102997116e-04 1.6091387958e+02 2.4193471645e-03 9.3646324354e-04 2.4193471645e-03 7.5385862276e+01
286.27833158 1.6090865015e+02 -7.3321357359e-04 9.3969625548e-04 -7.3321357359e-04 1.6091515280e+02 2.4265194723e-03 9.3969625548e-04 2.4265194723e-03 7.5385862458e+01
286.52322322 1.6090991222e+02 -7.3541087315e-04 9.4293953860e-04 -7.3541087315e-04 1.6091643451e+02 2.4337379794e-03 9.4293953860e-04 2.4337379794e-03 7.5385862638e+01
286.76811487 1.6091118273e+02 -7.3762203008e-04 9.4619349285e-04 -7.3762203008e-04 1.6091772479e+02 2.4410031920e-03 9.4619349285e-04 2.4410031920e-03 7.5385862816e+01
287.01300651 1.6091246179e+02 -7.3984720634e-04 9.4945851894e-04 -7.3984720634e-04 1.6091902373e+02 2.4483156222e-03 9.4945851894e-04 2.4483156222e-03 7.5385862991e+01
287.25789816 1.6091374947e+02 -7.4208656563e-04 9.5273501778e-04 -7.4208656563e-04 1.6092033143e+02 2.4556757880e-03 9.5273501778e-04 2.4556757880e-03 7.5385863163e+01
287.50278980 1.6091504587e+02 -7.4434027332e-04 9.5602339002e-04 -7.4434027332e-04 1.6092164796e+02 2.4630842135e-03 9.5602339002e-04 2.4630842135e-03 7.5385863334e+01
287.74768144 1.6091635107e+02 -7.4660849653e-04 9.5932403565e-04 -7.4660849653e-04 1.6092297341e+02 2.4705414284e-03 9.5932403565e-04 2.4705414284e-03 7.5385863502e+01
287.99257309 1.6091766515e+02 -7.4889140405e-04 9.6263735372e-04 -7.4889140405e-04 1.6092430789e+02 2.4780479689e-03 9.6263735372e-04 2.4780479689e-03 7.5385863668e+01
288.23746473 1.6091898822e+02 -7.5118916639e-04 9.6596374213e-04 -7.5118916639e-04 1.6092565147e+02 2.4856043769e-03 9.6596374213e-04 2.4856043769e-03 7.5385863832e+01
288.48235637 1.6092032036e+02 -7.5350195583e-04 9.6930359744e-04 -7.5350195583e-04 1.6092700426e+02 2.4932112007e-03 9.6930359744e-04 2.4932112007e-03 7.5385863993e+01
288.72724802 1.6092166166e+02 -7.5582994636e-04 9.7265731479e-04 -7.5582994636e-04 1.6092836635e+02 2.5008689947e-03 9.7265731479e-04 2.5008689947e-03 7.5385864153e+01
288.97213966 1.6092301222e+02 -7.5817331378e-04 9.7602528781e-04 -7.5817331378e-04 1.6092973782e+02 2.5085783197e-03 9.7602528781e-04 2.5085783197e-03 7.5385864311e+01
289.21703131 1.6092437214e+02 -7.6053223570e-04 9.7940790859e-04 -7.6053223570e-04 1.6093111879e+02 2.5163397432e-03 9.7940790859e-04 2.5163397432e-03 7.5385864467e+01
289.46192295 1.6092574150e+02 -7.6290689158e-04 9.8280556771e-04 -7.6290689158e-04 1.6093250934e+02 2.5241538389e-03 9.8280556771e-04 2.5241538389e-03 7.5385864622e+01
289.70681459 1.6092712042e+02 -7.6529746274e-04 9.8621865424e-04 -7.6529746274e-04 1.6093390959e+02 2.5320211874e-03 9.8621865424e-04 2.5320211874e-03 7.5385864775e+01
289.95170624 1.6092850898e+02 -7.6770413244e-04 9.8964755582e-04 -7.6770413244e-04 1.6093531962e+02 2.5399423761e-03 9.8964755582e-04 2.5399423761e-03 7.5385864926e+01
290.19659788 1.6092990729e+02 -7.7012708590e-04 9.9309265871e-04 -7.7012708590e-04 1.6093673954e+02 2.5479179993e-03 9.9309265871e-04 2.5479179993e-03 7.5385865075e+01
290.44148953 1.6093131545e+02 -7.7256651033e-04 9.9655434789e-04 -7.7256651033e-04 1.6093816946e+02 2.5559486586e-03 9.9655434789e-04 2.5559486586e-03 7.5385865223e+01
290.68638117 1.6093273357e+02 -7.7502259501e-04 1.0000330072e-03 -7.7502259501e-04 1.6093960947e+02 2.5640349625e-03 1.0000330072e-03 2.5640349625e-03 7.5385865370e+01
290.93127281 1.6093416174e+02 -7.7749553131e-04 1.0035290194e-03 -7.7749553131e-04 1.6094105969e+02 2.5721775273e-03 1.0035290194e-03 2.5721775273e-03 7.5385865515e+01
291.17616446 1.6093560008e+02 -7.7998551273e-04 1.0070427663e-03 -7.7998551273e-04 1.6094252023e+02 2.5803769764e-03 1.0070427663e-03 2.5803769764e-03 7.5385865658e+01
291.42105610 1.6093704868e+02 -7.8249273499e-04 1.0105746290e-03 -7.8249273499e-04 1.6094399119e+02 2.5886339412e-03 1.0105746290e-03 2.5886339412e-03 7.5385865801e+01
291.66594774 1.6093850767e+02 -7.8501739603e-04 1.0141249880e-03 -7.8501739603e-04 1.6094547268e+02 2.5969490608e-03 1.0141249880e-03 2.5969490608e-03 7.5385865942e+01
291.91083939 1.6093997715e+02 -7.8755969612e-04 1.0176942231e-03 -7.8755969612e-04 1.6094696482e+02 2.6053229826e-03 1.0176942231e-03 2.6053229826e-03 7.5385866081e+01
292.15573103 1.6094145724e+02 -7.9011983786e-04 1.0212827139e-03 -7.9011983786e-04 1.6094846772e+02 2.6137563617e-03 1.0212827139e-03 2.6137563617e-03 7.5385866220e+01
292.40062268 1.6094294804e+02 -7.9269802626e-04 1.0248908399e-03 -7.9269802626e-04 1.6094998150e+02 2.6222498621e-03 1.0248908399e-03 2.6222498621e-03 7.5385866358e+01
292.64551432 1.6094444968e+02 -7.9529446880e-04 1.0285189804e-03 -7.9529446880e-04 1.6095150626e+02 2.6308041559e-03 1.0285189804e-03 2.6308041559e-03 7.5385866494e+01
292.89040596 1.6094596226e+02 -7.9790937548e-04 1.0321675150e-03 -7.9790937548e-04 1.6095304214e+02 2.6394199241e-03 1.0321675150e-03 2.6394199241e-03 7.5385866629e+01
293.13529761 1.6094748591e+02 -8.0054295888e-04 1.0358368234e-03 -8.0054295888e-04 1.6095458926e+02 2.6480978566e-03 1.0358368234e-03 2.6480978566e-03 7.5385866764e+01
293.38018925 1.6094902076e+02 -8.0319543423e-04 1.0395272860e-03 -8.0319543423e-04 1.6095614773e+02 2.6568386524e-03 1.0395272860e-03 2.6568386524e-03 7.5385866897e+01
293.62508089 1.6095056691e+02 -8.0586701944e-04 1.0432392838e-03 -8.0586701944e-04 1.6095771767e+02 2.6656430198e-03 1.0432392838e-03 2.6656430198e-03 7.5385867030e+01
293.86997254 1.6095212450e+02 -8.0855793518e-04 1.0469731984e-03 -8.0855793518e-04 1.6095929923e+02 2.6745116763e-03 1.0469731984e-03 2.6745116763e-03 7.5385867161e+01
294.11486418 1.6095369364e+02 -8.1126840497e-04 1.0507294125e-03 -8.1126840497e-04 1.6096089251e+02 2.6834453493e-03 1.0507294125e-03 2.6834453493e-03 7.5385867292e+01
294.35975583 1.6095527448e+02 -8.1399865520e-04 1.0545083101e-03 -8.1399865520e-04 1.6096249766e+02 2.6924447762e-03 1.0545083101e-03 2.6924447762e-03 7.5385867422e+01
294.60464747 1.6095686713e+02 -8.1674891520e-04 1.0583102763e-03 -8.1674891520e-04 1.6096411480e+02 2.7015107040e-03 1.0583102763e-03 2.7015107040e-03 7.5385867551e+01
294.84953911 1.6095847173e+02 -8.1951941733e-04 1.0621356976e-03 -8.1951941733e-04 1.6096574406e+02 2.7106438904e-03 1.0621356976e-03 2.7106438904e-03 7.5385867679e+01
295.09443076 1.6096008841e+02 -8.2231039704e-04 1.0659849624e-03 -8.2231039704e-04 1.6096738559e+02 2.7198451034e-03 1.0659849624e-03 2.7198451034e-03 7.5385867807e+01
295.33932240 1.6096171730e+02 -8.2512209293e-04 1.0698584607e-03 -8.2512209293e-04 1.6096903951e+02 2.7291151216e-03 1.0698584607e-03 2.7291151216e-03 7.5385867934e+01
295.58421404 1.6096335855e+02 -8.2795474680e-04 1.0737565844e-03 -8.2795474680e-04 1.6097070598e+02 2.7384547347e-03 1.0737565844e-03 2.7384547347e-03 7.5385868061e+01
295.82910569 1.6096501229e+02 -8.3080860377e-04 1.0776797279e-03 -8.3080860377e-04 1.6097238512e+02 2.7478647435e-03 1.0776797279e-03 2.7478647435e-03 7.5385868186e+01
296.07399733 1.6096667867e+02 -8.3368391231e-04 1.0816282875e-03 -8.3368391231e-04 1.6097407708e+02 2.7573459600e-03 1.0816282875e-03 2.7573459600e-03 7.5385868312e+01
296.31888898 1.6096835782e+02 -8.3658092432e-04 1.0856026622e-03 -8.3658092432e-04 1.6097578201e+02 2.7668992079e-03 1.0856026622e-03 2.7668992079e-03 7.5385868436e+01
296.56378062 1.6097004989e+02 -8.3949989521e-04 1.0896032534e-03 -8.3949989521e-04 1.6097750006e+02 2.7765253229e-03 1.0896032534e-03 2.7765253229e-03 7.5385868560e+01
296.80867226 1.6097175503e+02 -8.4244108399e-04 1.0936304656e-03 -8.4244108399e-04 1.6097923137e+02 2.7862251525e-03 1.0936304656e-03 2.7862251525e-03 7.5385868684e+01
297.05356391 1.6097347338e+02 -8.4540475331e-04 1.0976847059e-03 -8.4540475331e-04 1.6098097610e+02 2.7959995566e-03 1.0976847059e-03 2.7959995566e-03 7.5385868807e+01
297.29845555 1.6097520511e+02 -8.4839116957e-04 1.1017663849e-03 -8.4839116957e-04 1.6098273440e+02 2.8058494077e-03 1.1017663849e-03 2.8058494077e-03 7.5385868930e+01
297.54334719 1.6097695037e+02 -8.5140060300e-04 1.1058759161e-03 -8.5140060300e-04 1.6098450643e+02 2.8157755911e-03 1.1058759161e-03 2.8157755911e-03 7.5385869052e+01
297.78823884 1.6097870930e+02 -8.5443332771e-04 1.1100137168e-03 -8.5443332771e-04 1.6098629235e+02 2.8257790053e-03 1.1100137168e-03 2.8257790053e-03 7.5385869174e+01
298.03313048 1.6098048208e+02 -8.5748962180e-04 1.1141802075e-03 -8.5748962180e-04 1.6098809231e+02 2.8358605619e-03 1.1141802075e-03 2.8358605619e-03 7.5385869296e+01
298.27802213 1.6098226885e+02 -8.6056976745e-04 1.1183758129e-03 -8.6056976745e-04 1.6098990649e+02 2.8460211864e-03 1.1183758129e-03 2.8460211864e-03 7.5385869417e+01
298.52291377 1.6098406980e+02 -8.6367405096e-04 1.1226009614e-03 -8.6367405096e-04 1.6099173504e+02 2.8562618180e-03 1.1226009614e-03 2.8562618180e-03 7.5385869538e+01
298.76780541 1.6098588507e+02 -8.6680276291e-04 1.1268560855e-03 -8.6680276291e-04 1.6099357815e+02 2.8665834100e-03 1.1268560855e-03 2.8665834100e-03 7.5385869659e+01
299.01269706 1.6098771485e+02 -8.6995619817e-04 1.1311416220e-03 -8.6995619817e-04 1.6099543597e+02 2.8769869306e-03 1.1311416220e-03 2.8769869306e-03 7.5385869780e+01
299.25758870 1.6098955930e+02 -8.7313465607e-04 1.1354580121e-03 -8.7313465607e-04 1.6099730870e+02 2.8874733622e-03 1.1354580121e-03 2.8874733622e-03 7.5385869900e+01
299.50248035 1.6099141860e+02 -8.7633844042e-04 1.1398057017e-03 -8.7633844042e-04 1.6099919649e+02 2.8980437026e-03 1.1398057017e-03 2.8980437026e-03 7.5385870020e+01
299.74737199 1.6099329292e+02 -8.7956785966e-04 1.1441851415e-03 -8.7956785966e-04 1.6100109953e+02 2.9086989650e-03 1.1441851415e-03 2.9086989650e-03 7.5385870140e+01
299.99226363 1.6099518245e+02 -8.8282322692e-04 1.1485967868e-03 -8.8282322692e-04 1.6100301801e+02 2.9194401782e-03 1.1485967868e-03 2.9194401782e-03 7.5385870259e+01
300.23715528 1.6099708737e+02 -8.8610486014e-04 1.1530410984e-03 -8.8610486014e-04 1.6100495211e+02 2.9302683868e-03 1.1530410984e-03 2.9302683868e-03 7.5385870379e+01
300.48204692 1.6099900786e+02 -8.8941308217e-04 1.1575185422e-03 -8.8941308217e-04 1.6100690202e+02 2.9411846522e-03 1.1575185422e-03 2.9411846522e-03 7.5385870499e+01
300.72693856 1.6100094412e+02 -8.9274822086e-04 1.1620295896e-03 -8.9274822086e-04 1.6100886793e+02 2.9521900521e-03 1.1620295896e-03 2.9521900521e-03 7.5385870618e+01
300.97183021 1.6100289633e+02 -8.9611060919e-04 1.1665747176e-03 -8.9611060919e-04 1.6101085003e+02 2.9632856813e-03 1.1665747176e-03 2.9632856813e-03 7.5385870737e+01
301.21672185 1.6100486468e+02 -8.9950058532e-04 1.1711544090e-03 -8.9950058532e-04 1.6101284853e+02 2.9744726520e-03 1.1711544090e-03 2.9744726520e-03 7.5385870857e+01
301.46161350 1.6100684939e+02 -9.0291849280e-04 1.1757691526e-03 -9.0291849280e-04 1.6101486362e+02 2.9857520942e-03 1.1757691526e-03 2.9857520942e-03 7.5385870976e+01
301.70650514 1.6100885064e+02 -9.0636468057e-04 1.1804194434e-03 -9.0636468057e-04 1.6101689552e+02 2.9971251558e-03 1.1804194434e-03 2.9971251558e-03 7.5385871095e+01
301.95139678 1.6101086865e+02 -9.0983950316e-04 1.1851057826e-03 -9.0983950316e-04 1.6101894441e+02 3.0085930034e-03 1.1851057826e-03 3.0085930034e-03 7.5385871214e+01
302.19628843 1.6101290362e+02 -9.1334332077e-04 1.1898286781e-03 -9.1334332077e-04 1.6102101053e+02 3.0201568223e-03 1.1898286781e-03 3.0201568223e-03 7.5385871334e+01
302.44118007 1.6101495576e+02 -9.1687649939e-04 1.1945886445e-03 -9.1687649939e-04 1.6102309408e+02 3.0318178172e-03 1.1945886445e-03 3.0318178172e-03 7.5385871453e+01
302.68607171 1.6101702528e+02 -9.2043941095e-04 1.1993862033e-03 -9.2043941095e-04 1.6102519528e+02 3.0435772122e-03 1.1993862033e-03 3.0435772122e-03 7.5385871573e+01
302.93096336 1.6101911242e+02 -9.2403243339e-04 1.2042218829e-03 -9.2403243339e-04 1.6102731435e+02 3.0554362516e-03 1.2042218829e-03 3.0554362516e-03 7.5385871692e+01
303.17585500 1.6102121738e+02 -9.2765595086e-04 1.2090962193e-03 -9.2765595086e-04 1.6102945152e+02 3.0673962004e-03 1.2090962193e-03 3.0673962004e-03 7.5385871812e+01
303.42074665 1.6102334039e+02 -9.3131035380e-04 1.2140097558e-03 -9.3131035380e-04 1.6103160701e+02 3.0794583441e-03 1.2140097558e-03 3.0794583441e-03 7.5385871932e+01
303.66563829 1.6102548168e+02 -9.3499603910e-04 1.2189630436e-03 -9.3499603910e-04 1.6103378106e+02 3.0916239900e-03 1.2189630436e-03 3.0916239900e-03 7.5385872052e+01
303.91052993 1.6102764150e+02 -9.3871341022e-04 1.2239566415e-03 -9.3871341022e-04 1.6103597392e+02 3.1038944668e-03 1.2239566415e-03 3.1038944668e-03 7.5385872172e+01
304.15542158 1.6102982006e+02 -9.4246287734e-04 1.2289911167e-03 -9.4246287734e-04 1.6103818581e+02 3.1162711257e-03 1.2289911167e-03 3.1162711257e-03 7.5385872292e+01
304.40031322 1.6103201762e+02 -9.4624485752e-04 1.2340670446e-03 -9.4624485752e-04 1.6104041698e+02 3.1287553408e-03 1.2340670446e-03 3.1287553408e-03 7.5385872413e+01
304.64520486 1.6103423442e+02 -9.5005977483e-04 1.2391850091e-03 -9.5005977483e-04 1.6104266768e+02 3.1413485092e-03 1.2391850091e-03 3.1413485092e-03 7.5385872533e+01
304.89009651 1.6103647071e+02 -9.5390806051e-04 1.2443456030e-03 -9.5390806051e-04 1.6104493817e+02 3.1540520517e-03 1.2443456030e-03 3.1540520517e-03 7.5385872655e+01
305.13498815 1.6103872674e+02 -9.5779015311e-04 1.2495494279e-03 -9.5779015311e-04 1.6104722870e+02 3.1668674137e-03 1.2495494279e-03 3.1668674137e-03 7.5385872776e+01
305.37987980 1.6104100278e+02 -9.6170649868e-04 1.2547970949e-03 -9.6170649868e-04 1.6104953954e+02 3.1797960649e-03 1.2547970949e-03 3.1797960649e-03 7.5385872897e+01
305.62477144 1.6104329908e+02 -9.6565755091e-04 1.2600892242e-03 -9.6565755091e-04 1.6105187095e+02 3.1928395009e-03 1.2600892242e-03 3.1928395009e-03 7.5385873019e+01
305.86966308 1.6104561591e+02 -9.6964377129e-04 1.2654264460e-03 -9.6964377129e-04 1.6105422320e+02 3.2059992426e-03 1.2654264460e-03 3.2059992426e-03 7.5385873142e+01
306.11455473 1.6104795355e+02 -9.7366562932e-04 1.2708094003e-03 -9.7366562932e-04 1.6105659658e+02 3.2192768376e-03 1.2708094003e-03 3.2192768376e-03 7.5385873264e+01
306.35944637 1.6105031227e+02 -9.7772360265e-04 1.2762387373e-03 -9.7772360265e-04 1.6105899135e+02 3.2326738607e-03 1.2762387373e-03 3.2326738607e-03 7.5385873387e+01
306.60433801 1.6105269235e+02 -9.8181817727e-04 1.2817151175e-03 -9.8181817727e-04 1.6106140781e+02 3.2461919139e-03 1.2817151175e-03 3.2461919139e-03 7.5385873511e+01
306.84922966 1.6105509408e+02 -9.8594984771e-04 1.2872392124e-03 -9.8594984771e-04 1.6106384625e+02 3.2598326277e-03 1.2872392124e-03 3.2598326277e-03 7.5385873634e+01
307.09412130 1.6105751775e+02 -9.9011911721e-04 1.2928117042e-03 -9.9011911721e-04 1.6106630697e+02 3.2735976614e-03 1.2928117042e-03 3.2735976614e-03 7.5385873759e+01
307.33901295 1.6105996366e+02 -9.9432649793e-04 1.2984332865e-03 -9.9432649793e-04 1.6106879026e+02 3.2874887038e-03 1.2984332865e-03 3.2874887038e-03 7.5385873883e+01
307.58390459 1.6106243211e+02 -9.9857251113e-04 1.3041046642e-03 -9.9857251113e-04 1.6107129643e+02 3.3015074737e-03 1.3041046642e-03 3.3015074737e-03 7.5385874008e+01
307.82879623 1.6106492341e+02 -1.0028576874e-03 1.3098265542e-03 -1.0028576874e-03 1.6107382580e+02 3.3156557209e-03 1.3098265542e-03 3.3156557209e-03 7.5385874134e+01
308.07368788 1.6106743787e+02 -1.0071825669e-03 1.3155996853e-03 -1.0071825669e-03 1.6107637869e+02 3.3299352267e-03 1.3155996853e-03 3.3299352267e-03 7.5385874260e+01
308.31857952 1.6106997581e+02 -1.0115476994e-03 1.3214247990e-03 -1.0115476994e-03 1.6107895541e+02 3.3443478045e-03 1.3214247990e-03 3.3443478045e-03 7.5385874386e+01
308.56347117 1.6107253756e+02 -1.0159536448e-03 1.3273026491e-03 -1.0159536448e-03 1.6108155630e+02 3.3588953007e-03 1.3273026491e-03 3.3588953007e-03 7.5385874513e+01
308.80836281 1.6107512344e+02 -1.0204009731e-03 1.3332340026e-03 -1.0204009731e-03 1.6108418169e+02 3.3735795955e-03 1.3332340026e-03 3.3735795955e-03 7.5385874641e+01
309.05325445 1.6107773380e+02 -1.0248902647e-03 1.3392196398e-03 -1.0248902647e-03 1.6108683193e+02 3.3884026035e-03 1.3392196398e-03 3.3884026035e-03 7.5385874769e+01
309.29814610 1.6108036898e+02 -1.0294221109e-03 1.3452603547e-03 -1.0294221109e-03 1.6108950736e+02 3.4033662747e-03 1.3452603547e-03 3.4033662747e-03 7.5385874898e+01
309.54303774 1.6108302932e+02 -1.0339971136e-03 1.3513569550e-03 -1.0339971136e-03 1.6109220834e+02 3.4184725948e-03 1.3513569550e-03 3.4184725948e-03 7.5385875027e+01
309.78792938 1.6108571518e+02 -1.0386158860e-03 1.3575102630e-03 -1.0386158860e-03 1.6109493523e+02 3.4337235870e-03 1.3575102630e-03 3.4337235870e-03 7.5385875157e+01
310.03282103 1.6108842693e+02 -1.0432790528e-03 1.3637211157e-03 -1.0432790528e-03 1.6109768840e+02 3.4491213117e-03 1.3637211157e-03 3.4491213117e-03 7.5385875288e+01
310.27771267 1.6109116493e+02 -1.0479872502e-03 1.3699903648e-03 -1.0479872502e-03 1.6110046823e+02 3.4646678683e-03 1.3699903648e-03 3.4646678683e-03 7.5385875419e+01
310.52260432 1.6109392956e+02 -1.0527411267e-03 1.3763188778e-03 -1.0527411267e-03 1.6110327509e+02 3.4803653957e-03 1.3763188778e-03 3.4803653957e-03 7.5385875551e+01
310.76749596 1.6109672121e+02 -1.0575413427e-03 1.3827075377e-03 -1.0575413427e-03 1.6110610937e+02 3.4962160732e-03 1.3827075377e-03 3.4962160732e-03 7.5385875684e+01
311.01238760 1.6109954026e+02 -1.0623885714e-03 1.3891572439e-03 -1.0623885714e-03 1.6110897148e+02 3.5122221216e-03 1.3891572439e-03 3.5122221216e-03 7.5385875818e+01
311.25727925 1.6110238712e+02 -1.0672834986e-03 1.3956689121e-03 -1.0672834986e-03 1.6111186181e+02 3.5283858042e-03 1.3956689121e-03 3.5283858042e-03 7.5385875952e+01
311.50217089 1.6110526219e+02 -1.0722268234e-03 1.4022434751e-03 -1.0722268234e-03 1.6111478079e+02 3.5447094275e-03 1.4022434751e-03 3.5447094275e-03 7.5385876087e+01
311.74706253 1.6110816588e+02 -1.0772192585e-03 1.4088818833e-03 -1.0772192585e-03 1.6111772882e+02 3.5611953426e-03 1.4088818833e-03 3.5611953426e-03 7.5385876222e+01
311.99195418 1.6111109862e+02 -1.0822615300e-03 1.4155851047e-03 -1.0822615300e-03 1.6112070634e+02 3.5778459463e-03 1.4155851047e-03 3.5778459463e-03 7.5385876359e+01
312.23684582 1.6111406083e+02 -1.0873543785e-03 1.4223541255e-03 -1.0873543785e-03 1.6112371379e+02 3.5946636818e-03 1.4223541255e-03 3.5946636818e-03 7.5385876496e+01
312.48173747 1.6111705296e+02 -1.0924985587e-03 1.4291899510e-03 -1.0924985587e-03 1.6112675160e+02 3.6116510401e-03 1.4291899510e-03 3.6116510401e-03 7.5385876634e+01
312.72662911 1.6112007545e+02 -1.0976948405e-03 1.4360936053e-03 -1.0976948405e-03 1.6112982024e+02 3.6288105613e-03 1.4360936053e-03 3.6288105613e-03 7.5385876773e+01
312.97152075 1.6112312876e+02 -1.1029440087e-03 1.4430661326e-03 -1.1029440087e-03 1.6113292017e+02 3.6461448353e-03 1.4430661326e-03 3.6461448353e-03 7.5385876913e+01
313.21641240 1.6112621335e+02 -1.1082468637e-03 1.4501085969e-03 -1.1082468637e-03 1.6113605185e+02 3.6636565036e-03 1.4501085969e-03 3.6636565036e-03 7.5385877054e+01
313.46130404 1.6112932970e+02 -1.1136042219e-03 1.4572220831e-03 -1.1136042219e-03 1.6113921578e+02 3.6813482602e-03 1.4572220831e-03 3.6813482602e-03 7.5385877196e+01
313.70619568 1.6113247829e+02 -1.1190169158e-03 1.4644076973e-03 -1.1190169158e-03 1.6114241244e+02 3.6992228531e-03 1.4644076973e-03 3.6992228531e-03 7.5385877339e+01
313.95108733 1.6113565962e+02 -1.1244857949e-03 1.4716665674e-03 -1.1244857949e-03 1.6114564233e+02 3.7172830854e-03 1.4716665674e-03 3.7172830854e-03 7.5385877483e+01
314.19597897 1.6113887418e+02 -1.1300117257e-03 1.4789998434e-03 -1.1300117257e-03 1.6114890597e+02 3.7355318168e-03 1.4789998434e-03 3.7355318168e-03 7.5385877627e+01
314.44087062 1.6114212250e+02 -1.1355955923e-03 1.4864086986e-03 -1.1355955923e-03 1.6115220388e+02 3.7539719652e-03 1.4864086986e-03 3.7539719652e-03 7.5385877773e+01
314.68576226 1.6114540510e+02 -1.1412382969e-03 1.4938943293e-03 -1.1412382969e-03 1.6115553658e+02 3.7726065079e-03 1.4938943293e-03 3.7726065079e-03 7.5385877920e+01
314.93065390 1.6114872251e+02 -1.1469407599e-03 1.5014579563e-03 -1.1469407599e-03 1.6115890463e+02 3.7914384832e-03 1.5014579563e-03 3.7914384832e-03 7.5385878068e+01
315.17554555 1.6115207527e+02 -1.1527039210e-03 1.5091008246e-03 -1.1527039210e-03 1.6116230857e+02 3.8104709920e-03 1.5091008246e-03 3.8104709920e-03 7.5385878217e+01
315.42043719 1.6115546396e+02 -1.1585287390e-03 1.5168242051e-03 -1.1585287390e-03 1.6116574897e+02 3.8297071992e-03 1.5168242051e-03 3.8297071992e-03 7.5385878367e+01
315.66532883 1.6115888912e+02 -1.1644161929e-03 1.5246293943e-03 -1.1644161929e-03 1.6116922642e+02 3.8491503356e-03 1.5246293943e-03 3.8491503356e-03 7.5385878518e+01
315.91022048 1.6116235136e+02 -1.1703672819e-03 1.5325177156e-03 -1.1703672819e-03 1.6117274150e+02 3.8688036995e-03 1.5325177156e-03 3.8688036995e-03 7.5385878670e+01
316.15511212 1.6116585125e+02 -1.1763830262e-03 1.5404905195e-03 -1.1763830262e-03 1.6117629481e+02 3.8886706582e-03 1.5404905195e-03 3.8886706582e-03 7.5385878824e+01
316.40000377 1.6116938941e+02 -1.1824644676e-03 1.5485491850e-03 -1.1824644676e-03 1.6117988696e+02 3.9087546502e-03 1.5485491850e-03 3.9087546502e-03 7.5385878978e+01
316.64489541 1.6117296645e+02 -1.1886126700e-03 1.5566951194e-03 -1.1886126700e-03 1.6118351860e+02 3.9290591868e-03 1.5566951194e-03 3.9290591868e-03 7.5385879134e+01
316.88978705 1.6117658301e+02 -1.1948287198e-03 1.5649297602e-03 -1.1948287198e-03 1.6118719035e+02 3.9495878541e-03 1.5649297602e-03 3.9495878541e-03 7.5385879292e+01
317.13467870 1.6118023972e+02 -1.2011137266e-03 1.5732545748e-03 -1.2011137266e-03 1.6119090287e+02 3.9703443148e-03 1.5732545748e-03 3.9703443148e-03 7.5385879450e+01
317.37957034 1.6118393726e+02 -1.2074688241e-03 1.5816710620e-03 -1.2074688241e-03 1.6119465683e+02 3.9913323105e-03 1.5816710620e-03 3.9913323105e-03 7.5385879610e+01
317.62446198 1.6118767629e+02 -1.2138951702e-03 1.5901807527e-03 -1.2138951702e-03 1.6119845292e+02 4.0125556635e-03 1.5901807527e-03 4.0125556635e-03 7.5385879771e+01
317.86935363 1.6119145750e+02 -1.2203939481e-03 1.5987852105e-03 -1.2203939481e-03 1.6120229183e+02 4.0340182792e-03 1.5987852105e-03 4.0340182792e-03 7.5385879934e+01
318.11424527 1.6119528159e+02 -1.2269663668e-03 1.6074860329e-03 -1.2269663668e-03 1.6120617428e+02 4.0557241481e-03 1.6074860329e-03 4.0557241481e-03 7.5385880098e+01
318.35913692 1.6119914929e+02 -1.2336136618e-03 1.6162848522e-03 -1.2336136618e-03 1.6121010099e+02 4.0776773484e-03 1.6162848522e-03 4.0776773484e-03 7.5385880264e+01
318.60402856 1.6120306132e+02 -1.2403370957e-03 1.6251833360e-03 -1.2403370957e-03 1.6121407272e+02 4.0998820480e-03 1.6251833360e-03 4.0998820480e-03 7.5385880431e+01
318.84892020 1.6120701844e+02 -1.2471379591e-03 1.6341831889e-03 -1.2471379591e-03 1.6121809022e+02 4.1223425070e-03 1.6341831889e-03 4.1223425070e-03 7.5385880599e+01
319.09381185 1.6121102142e+02 -1.2540175715e-03 1.6432861530e-03 -1.2540175715e-03 1.6122215427e+02 4.1450630806e-03 1.6432861530e-03 4.1450630806e-03 7.5385880769e+01
319.33870349 1.6121507103e+02 -1.2609772817e-03 1.6524940089e-03 -1.2609772817e-03 1.6122626567e+02 4.1680482213e-03 1.6524940089e-03 4.1680482213e-03 7.5385880940e+01
319.58359514 1.6121916808e+02 -1.2680184690e-03 1.6618085771e-03 -1.2680184690e-03 1.6123042524e+02 4.1913024815e-03 1.6618085771e-03 4.1913024815e-03 7.5385881114e+01
319.82848678 1.6122331340e+02 -1.2751425436e-03 1.6712317189e-03 -1.2751425436e-03 1.6123463380e+02 4.2148305168e-03 1.6712317189e-03 4.2148305168e-03 7.5385881288e+01
320.07337842 1.6122750781e+02 -1.2823509479e-03 1.6807653375e-03 -1.2823509479e-03 1.6123889221e+02 4.2386370882e-03 1.6807653375e-03 4.2386370882e-03 7.5385881465e+01
320.31827007 1.6123175219e+02 -1.2896451572e-03 1.6904113794e-03 -1.2896451572e-03 1.6124320134e+02 4.2627270656e-03 1.6904113794e-03 4.2627270656e-03 7.5385881643e+01
320.56316171 1.6123604739e+02 -1.2970266806e-03 1.7001718353e-03 -1.2970266806e-03 1.6124756208e+02 4.2871054305e-03 1.7001718353e-03 4.2871054305e-03 7.5385881823e+01
320.80805335 1.6124039434e+02 -1.3044970620e-03 1.7100487417e-03 -1.3044970620e-03 1.6125197534e+02 4.3117772792e-03 1.7100487417e-03 4.3117772792e-03 7.5385882004e+01
321.05294500 1.6124479393e+02 -1.3120578812e-03 1.7200441819e-03 -1.3120578812e-03 1.6125644206e+02 4.3367478261e-03 1.7200441819e-03 4.3367478261e-03 7.5385882188e+01
321.29783664 1.6124924712e+02 -1.3197107545e-03 1.7301602873e-03 -1.3197107545e-03 1.6126096318e+02 4.3620224073e-03 1.7301602873e-03 4.3620224073e-03 7.5385882373e+01
321.54272829 1.6125375486e+02 -1.3274573362e-03 1.7403992393e-03 -1.3274573362e-03 1.6126553969e+02 4.3876064834e-03 1.7403992393e-03 4.3876064834e-03 7.5385882560e+01
321.78761993 1.6125831814e+02 -1.3352993197e-03 1.7507632702e-03 -1.3352993197e-03 1.6127017259e+02 4.4135056439e-03 1.7507632702e-03 4.4135056439e-03 7.5385882749e+01
322.03251157 1.6126293797e+02 -1.3432384381e-03 1.7612546647e-03 -1.3432384381e-03 1.6127486289e+02 4.4397256101e-03 1.7612546647e-03 4.4397256101e-03 7.5385882940e+01
322.27740322 1.6126761538e+02 -1.3512764660e-03 1.7718757617e-03 -1.3512764660e-03 1.6127961165e+02 4.4662722397e-03 1.7718757617e-03 4.4662722397e-03 7.5385883133e+01
322.52229486 1.6127235142e+02 -1.3594152202e-03 1.7826289559e-03 -1.3594152202e-03 1.6128441995e+02 4.4931515301e-03 1.7826289559e-03 4.4931515301e-03 7.5385883328e+01
322.76718650 1.6127714719e+02 -1.3676565612e-03 1.7935166989e-03 -1.3676565612e-03 1.6128928887e+02 4.5203696228e-03 1.7935166989e-03 4.5203696228e-03 7.5385883525e+01
323.01207815 1.6128200378e+02 -1.3760023945e-03 1.8045415016e-03 -1.3760023945e-03 1.6129421954e+02 4.5479328078e-03 1.8045415016e-03 4.5479328078e-03 7.5385883724e+01
323.25696979 1.6128692233e+02 -1.3844546718e-03 1.8157059355e-03 -1.3844546718e-03 1.6129921312e+02 4.5758475274e-03 1.8157059355e-03 4.5758475274e-03 7.5385883926e+01
323.50186144 1.6129190401e+02 -1.3930153923e-03 1.8270126346e-03 -1.3930153923e-03 1.6130427079e+02 4.6041203814e-03 1.8270126346e-03 4.6041203814e-03 7.5385884129e+01
323.74675308 1.6129695000e+02 -1.4016866043e-03 1.8384642971e-03 -1.4016866043e-03 1.6130939375e+02 4.6327581312e-03 1.8384642971e-03 4.6327581312e-03 7.5385884335e+01
323.99164472 1.6130206153e+02 -1.4104704068e-03 1.8500636877e-03 -1.4104704068e-03 1.6131458325e+02 4.6617677050e-03 1.8500636877e-03 4.6617677050e-03 7.5385884543e+01
324.23653637 1.6130723985e+02 -1.4193689503e-03 1.8618136395e-03 -1.4193689503e-03 1.6131984055e+02 4.6911562025e-03 1.8618136395e-03 4.6911562025e-03 7.5385884753e+01
324.48142801 1.6131248623e+02 -1.4283844395e-03 1.8737170555e-03 -1.4283844395e-03 1.6132516696e+02 4.7209309006e-03 1.8737170555e-03 4.7209309006e-03 7.5385884966e+01
324.72631965 1.6131780201e+02 -1.4375191338e-03 1.8857769117e-03 -1.4375191338e-03 1.6133056382e+02 4.7510992580e-03 1.8857769117e-03 4.7510992580e-03 7.5385885182e+01
324.97121130 1.6132318851e+02 -1.4467753497e-03 1.8979962585e-03 -1.4467753497e-03 1.6133603248e+02 4.7816689215e-03 1.8979962585e-03 4.7816689215e-03 7.5385885399e+01
325.21610294 1.6132864713e+02 -1.4561554623e-03 1.9103782232e-03 -1.4561554623e-03 1.6134157436e+02 4.8126477310e-03 1.9103782232e-03 4.8126477310e-03 7.5385885620e+01
325.46099459 1.6133417928e+02 -1.4656619070e-03 1.9229260127e-03 -1.4656619070e-03 1.6134719088e+02 4.8440437260e-03 1.9229260127e-03 4.8440437260e-03 7.5385885843e+01
325.70588623 1.6133978641e+02 -1.4752971817e-03 1.9356429156e-03 -1.4752971817e-03 1.6135288354e+02 4.8758651517e-03 1.9356429156e-03 4.8758651517e-03 7.5385886068e+01
325.95077787 1.6134547001e+02 -1.4850638482e-03 1.9485323047e-03 -1.4850638482e-03 1.6135865383e+02 4.9081204649e-03 1.9485323047e-03 4.9081204649e-03 7.5385886297e+01
326.19566952 1.6135123162e+02 -1.4949645346e-03 1.9615976399e-03 -1.4949645346e-03 1.6136450331e+02 4.9408183411e-03 1.9615976399e-03 4.9408183411e-03 7.5385886528e+01
326.44056116 1.6135707279e+02 -1.5050019375e-03 1.9748424706e-03 -1.5050019375e-03 1.6137043357e+02 4.9739676811e-03 1.9748424706e-03 4.9739676811e-03 7.5385886762e+01
326.68545280 1.6136299515e+02 -1.5151788236e-03 1.9882704390e-03 -1.5151788236e-03 1.6137644625e+02 5.0075776179e-03 1.9882704390e-03 5.0075776179e-03 7.5385886999e+01
326.93034445 1.6136900033e+02 -1.5254980322e-03 2.0018852822e-03 -1.5254980322e-03 1.6138254303e+02 5.0416575245e-03 2.0018852822e-03 5.0416575245e-03 7.5385887239e+01
327.17523609 1.6137509005e+02 -1.5359624778e-03 2.0156908363e-03 -1.5359624778e-03 1.6138872562e+02 5.0762170207e-03 2.0156908363e-03 5.0762170207e-03 7.5385887481e+01
327.42012774 1.6138126603e+02 -1.5465751519e-03 2.0296910384e-03 -1.5465751519e-03 1.6139499579e+02 5.1112659819e-03 2.0296910384e-03 5.1112659819e-03 7.5385887727e+01
327.66501938 1.6138753006e+02 -1.5573391259e-03 2.0438899306e-03 -1.5573391259e-03 1.6140135535e+02 5.1468145464e-03 2.0438899306e-03 5.1468145464e-03 7.5385887976e+01
327.90991102 1.6139388398e+02 -1.5682575535e-03 2.0582916634e-03 -1.5682575535e-03 1.6140780617e+02 5.1828731243e-03 2.0582916634e-03 5.1828731243e-03 7.5385888229e+01
328.15480267 1.6140032967e+02 -1.5793336731e-03 2.0729004984e-03 -1.5793336731e-03 1.6141435017e+02 5.2194524061e-03 2.0729004984e-03 5.2194524061e-03 7.5385888484e+01
328.39969431 1.6140686906e+02 -1.5905708112e-03 2.0877208128e-03 -1.5905708112e-03 1.6142098929e+02 5.2565633715e-03 2.0877208128e-03 5.2565633715e-03 7.5385888743e+01
328.64458596 1.6141350415e+02 -1.6019723845e-03 2.1027571026e-03 -1.6019723845e-03 1.6142772557e+02 5.2942172992e-03 2.1027571026e-03 5.2942172992e-03 7.5385889006e+01
328.88947760 1.6142023698e+02 -1.6135419033e-03 2.1180139865e-03 -1.6135419033e-03 1.6143456107e+02 5.3324257762e-03 2.1180139865e-03 5.3324257762e-03 7.5385889272e+01
329.13436924 1.6142706964e+02 -1.6252829743e-03 2.1334962102e-03 -1.6252829743e-03 1.6144149793e+02 5.3712007083e-03 2.1334962102e-03 5.3712007083e-03 7.5385889541e+01
329.37926089 1.6143400429e+02 -1.6371993040e-03 2.1492086503e-03 -1.6371993040e-03 1.6144853833e+02 5.4105543301e-03 2.1492086503e-03 5.4105543301e-03 7.5385889815e+01
329.62415253 1.6144104314e+02 -1.6492947017e-03 2.1651563186e-03 -1.6492947017e-03 1.6145568453e+02 5.4504992157e-03 2.1651563186e-03 5.4504992157e-03 7.5385890091e+01
329.86904417 1.6144818847e+02 -1.6615730831e-03 2.1813443668e-03 -1.6615730831e-03 1.6146293883e+02 5.4910482906e-03 2.1813443668e-03 5.4910482906e-03 7.5385890372e+01
330.11393582 1.6145544263e+02 -1.6740384738e-03 2.1977780906e-03 -1.6740384738e-03 1.6147030361e+02 5.5322148424e-03 2.1977780906e-03 5.5322148424e-03 7.5385890657e+01
330.35882746 1.6146280802e+02 -1.6866950126e-03 2.2144629351e-03 -1.6866950126e-03 1.6147778133e+02 5.5740125335e-03 2.2144629351e-03 5.5740125335e-03 7.5385890946e+01
330.60371911 1.6147028712e+02 -1.6995469558e-03 2.2314044994e-03 -1.6995469558e-03 1.6148537448e+02 5.6164554133e-03 2.2314044994e-03 5.6164554133e-03 7.5385891239e+01
330.84861075 1.6147788247e+02 -1.7125986808e-03 2.2486085419e-03 -1.7125986808e-03 1.6149308565e+02 5.6595579307e-03 2.2486085419e-03 5.6595579307e-03 7.5385891536e+01
331.09350239 1.6148559670e+02 -1.7258546903e-03 2.2660809853e-03 -1.7258546903e-03 1.6150091751e+02 5.7033349483e-03 2.2660809853e-03 5.7033349483e-03 7.5385891837e+01
331.33839404 1.6149343249e+02 -1.7393196160e-03 2.2838279226e-03 -1.7393196160e-03 1.6150887280e+02 5.7478017554e-03 2.2838279226e-03 5.7478017554e-03 7.5385892143e+01
331.58328568 1.6150139262e+02 -1.7529982238e-03 2.3018556224e-03 -1.7529982238e-03 1.6151695431e+02 5.7929740830e-03 2.3018556224e-03 5.7929740830e-03 7.5385892454e+01
331.82817732 1.6150947994e+02 -1.7668954175e-03 2.3201705351e-03 -1.7668954175e-03 1.6152516496e+02 5.8388681179e-03 2.3201705351e-03 5.8388681179e-03 7.5385892769e+01
332.07306897 1.6151769739e+02 -1.7810162439e-03 2.3387792987e-03 -1.7810162439e-03 1.6153350771e+02 5.8855005189e-03 2.3387792987e-03 5.8855005189e-03 7.5385893088e+01
332.31796061 1.6152604799e+02 -1.7953658976e-03 2.3576887454e-03 -1.7953658976e-03 1.6154198565e+02 5.9328884322e-03 2.3576887454e-03 5.9328884322e-03 7.5385893413e+01
332.56285226 1.6153453484e+02 -1.8099497257e-03 2.3769059082e-03 -1.8099497257e-03 1.6155060192e+02 5.9810495078e-03 2.3769059082e-03 5.9810495078e-03 7.5385893743e+01
332.80774390 1.6154316116e+02 -1.8247732333e-03 2.3964380275e-03 -1.8247732333e-03 1.6155935978e+02 6.0300019168e-03 2.3964380275e-03 6.0300019168e-03 7.5385894077e+01
333.05263554 1.6155193023e+02 -1.8398420886e-03 2.4162925580e-03 -1.8398420886e-03 1.6156826257e+02 6.0797643691e-03 2.4162925580e-03 6.0797643691e-03 7.5385894417e+01
333.29752719 1.6156084546e+02 -1.8551621287e-03 2.4364771765e-03 -1.8551621287e-03 1.6157731374e+02 6.1303561313e-03 2.4364771765e-03 6.1303561313e-03 7.5385894762e+01
333.54241883 1.6156991034e+02 -1.8707393648e-03 2.4569997889e-03 -1.8707393648e-03 1.6158651684e+02 6.1817970456e-03 2.4569997889e-03 6.1817970456e-03 7.5385895113e+01
333.78731047 1.6157912847e+02 -1.8865799887e-03 2.4778685379e-03 -1.8865799887e-03 1.6159587553e+02 6.2341075495e-03 2.4778685379e-03 6.2341075495e-03 7.5385895469e+01
334.03220212 1.6158850355e+02 -1.9026903786e-03 2.4990918116e-03 -1.9026903786e-03 1.6160539357e+02 6.2873086960e-03 2.4990918116e-03 6.2873086960e-03 7.5385895831e+01
334.27709376 1.6159803943e+02 -1.9190771053e-03 2.5206782512e-03 -1.9190771053e-03 1.6161507485e+02 6.3414221737e-03 2.5206782512e-03 6.3414221737e-03 7.5385896199e+01
334.52198541 1.6160774002e+02 -1.9357469389e-03 2.5426367596e-03 -1.9357469389e-03 1.6162492336e+02 6.3964703290e-03 2.5426367596e-03 6.3964703290e-03 7.5385896573e+01
334.76687705 1.6161760939e+02 -1.9527068553e-03 2.5649765107e-03 -1.9527068553e-03 1.6163494322e+02 6.4524761879e-03 2.5649765107e-03 6.4524761879e-03 7.5385896953e+01
335.01176869 1.6162765172e+02 -1.9699640433e-03 2.5877069578e-03 -1.9699640433e-03 1.6164513868e+02 6.5094634784e-03 2.5877069578e-03 6.5094634784e-03 7.5385897339e+01
335.25666034 1.6163787133e+02 -1.9875259115e-03 2.6108378432e-03 -1.9875259115e-03 1.6165551411e+02 6.5674566546e-03 2.6108378432e-03 6.5674566546e-03 7.5385897732e+01
335.50155198 1.6164827264e+02 -2.0054000958e-03 2.6343792080e-03 -2.0054000958e-03 1.6166607402e+02 6.6264809203e-03 2.6343792080e-03 6.6264809203e-03 7.5385898131e+01
335.74644362 1.6165886024e+02 -2.0235944667e-03 2.6583414017e-03 -2.0235944667e-03 1.6167682306e+02 6.6865622537e-03 2.6583414017e-03 6.6865622537e-03 7.5385898538e+01
335.99133527 1.6166963885e+02 -2.0421171372e-03 2.6827350924e-03 -2.0421171372e-03 1.6168776601e+02 6.7477274334e-03 2.6827350924e-03 6.7477274334e-03 7.5385898951e+01
336.23622691 1.6168061333e+02 -2.0609764703e-03 2.7075712771e-03 -2.0609764703e-03 1.6169890783e+02 6.8100040638e-03 2.7075712771e-03 6.8100040638e-03 7.5385899371e+01
336.48111856 1.6169178869e+02 -2.0801810878e-03 2.7328612926e-03 -2.0801810878e-03 1.6171025359e+02 6.8734206019e-03 2.7328612926e-03 6.8734206019e-03 7.5385899799e+01
336.72601020 1.6170317012e+02 -2.0997398777e-03 2.7586168259e-03 -2.0997398777e-03 1.6172180856e+02 6.9380063847e-03 2.7586168259e-03 6.9380063847e-03 7.5385900235e+01
336.97090184 1.6171476293e+02 -2.1196620032e-03 2.7848499256e-03 -2.1196620032e-03 1.6173357813e+02 7.0037916569e-03 2.7848499256e-03 7.0037916569e-03 7.5385900678e+01
337.21579349 1.6172657262e+02 -2.1399569111e-03 2.8115730130e-03 -2.1399569111e-03 1.6174556789e+02 7.0708075990e-03 2.8115730130e-03 7.0708075990e-03 7.5385901129e+01
337.46068513 1.6173860485e+02 -2.1606343402e-03 2.8387988934e-03 -2.1606343402e-03 1.6175778358e+02 7.1390863560e-03 2.8387988934e-03 7.1390863560e-03 7.5385901588e+01
337.70557678 1.6175086548e+02 -2.1817043306e-03 2.8665407679e-03 -2.1817043306e-03 1.6177023115e+02 7.2086610665e-03 2.8665407679e-03 7.2086610665e-03 7.5385902056e+01
337.95046842 1.6176336050e+02 -2.2031772321e-03 2.8948122451e-03 -2.2031772321e-03 1.6178291669e+02 7.2795658917e-03 2.8948122451e-03 7.2795658917e-03 7.5385902532e+01
338.19536006 1.6177609614e+02 -2.2250637134e-03 2.9236273521e-03 -2.2250637134e-03 1.6179584651e+02 7.3518360449e-03 2.9236273521e-03 7.3518360449e-03 7.5385903017e+01
338.44025171 1.6178907879e+02 -2.2473747707e-03 2.9530005473e-03 -2.2473747707e-03 1.6180902710e+02 7.4255078210e-03 2.9530005473e-03 7.4255078210e-03 7.5385903511e+01
338.68514335 1.6180231503e+02 -2.2701217369e-03 2.9829467310e-03 -2.2701217369e-03 1.6182246516e+02 7.5006186252e-03 2.9829467310e-03 7.5006186252e-03 7.5385904015e+01
338.93003499 1.6181581166e+02 -2.2933162901e-03 3.0134812574e-03 -2.2933162901e-03 1.6183616758e+02 7.5772070025e-03 3.0134812574e-03 7.5772070025e-03 7.5385904528e+01
339.17492664 1.6182957569e+02 -2.3169704619e-03 3.0446199458e-03 -2.3169704619e-03 1.6185014146e+02 7.6553126652e-03 3.0446199458e-03 7.6553126652e-03 7.5385905051e+01
339.41981828 1.6184361431e+02 -2.3410966465e-03 3.0763790915e-03 -2.3410966465e-03 1.6186439413e+02 7.7349765211e-03 3.0763790915e-03 7.7349765211e-03 7.5385905583e+01
339.66470993 1.6185793495e+02 -2.3657076078e-03 3.1087754762e-03 -2.3657076078e-03 1.6187893312e+02 7.8162406989e-03 3.1087754762e-03 7.8162406989e-03 7.5385906127e+01
339.90960157 1.6187254526e+02 -2.3908164873e-03 3.1418263778e-03 -2.3908164873e-03 1.6189376619e+02 7.8991485739e-03 3.1418263778e-03 7.8991485739e-03 7.5385906681e+01
340.15449321 1.6188745310e+02 -2.4164368112e-03 3.1755495798e-03 -2.4164368112e-03 1.6190890132e+02 7.9837447899e-03 3.1755495798e-03 7.9837447899e-03 7.5385907246e+01
340.39938486 1.6190266656e+02 -2.4425824961e-03 3.2099633789e-03 -2.4425824961e-03 1.6192434675e+02 8.0700752802e-03 3.2099633789e-03 8.0700752802e-03 7.5385907822e+01
340.64427650 1.6191819398e+02 -2.4692678546e-03 3.2450865926e-03 -2.4692678546e-03 1.6194011091e+02 8.1581872852e-03 3.2450865926e-03 8.1581872852e-03 7.5385908409e+01
340.88916814 1.6193404391e+02 -2.4965075998e-03 3.2809385642e-03 -2.4965075998e-03 1.6195620250e+02 8.2481293657e-03 3.2809385642e-03 8.2481293657e-03 7.5385909009e+01
341.13405979 1.6195022514e+02 -2.5243168474e-03 3.3175391671e-03 -2.5243168474e-03 1.6197263044e+02 8.3399514132e-03 3.3175391671e-03 8.3399514132e-03 7.5385909621e+01
341.37895143 1.6196674670e+02 -2.5527111179e-03 3.3549088060e-03 -2.5527111179e-03 1.6198940390e+02 8.4337046535e-03 3.3549088060e-03 8.4337046535e-03 7.5385910245e+01
341.62384308 1.6198361785e+02 -2.5817063354e-03 3.3930684166e-03 -2.5817063354e-03 1.6200653227e+02 8.5294416454e-03 3.3930684166e-03 8.5294416454e-03 7.5385910882e+01
341.86873472 1.6200084809e+02 -2.6113188250e-03 3.4320394616e-03 -2.6113188250e-03 1.6202402521e+02 8.6272162713e-03 3.4320394616e-03 8.6272162713e-03 7.5385911532e+01
342.11362636 1.6201844713e+02 -2.6415653075e-03 3.4718439238e-03 -2.6415653075e-03 1.6204189258e+02 8.7270837193e-03 3.4718439238e-03 8.7270837193e-03 7.5385912196e+01
342.35851801 1.6203642494e+02 -2.6724628909e-03 3.5125042949e-03 -2.6724628909e-03 1.6206014449e+02 8.8291004548e-03 3.5125042949e-03 8.8291004548e-03 7.5385912874e+01
342.60340965 1.6205479168e+02 -2.7040290578e-03 3.5540435594e-03 -2.7040290578e-03 1.6207879126e+02 8.9333241809e-03 3.5540435594e-03 8.9333241809e-03 7.5385913566e+01
342.84830129 1.6207355773e+02 -2.7362816496e-03 3.5964851729e-03 -2.7362816496e-03 1.6209784342e+02 9.0398137841e-03 3.5964851729e-03 9.0398137841e-03 7.5385914273e+01
343.09319294 1.6209273365e+02 -2.7692388448e-03 3.6398530347e-03 -2.7692388448e-03 1.6211731171e+02 9.1486292638e-03 3.6398530347e-03 9.1486292638e-03 7.5385914995e+01
343.33808458 1.6211233021e+02 -2.8029191319e-03 3.6841714512e-03 -2.8029191319e-03 1.6213720705e+02 9.2598316427e-03 3.6841714512e-03 9.2598316427e-03 7.5385915732e+01
343.58297623 1.6213235832e+02 -2.8373412758e-03 3.7294650924e-03 -2.8373412758e-03 1.6215754051e+02 9.3734828552e-03 3.7294650924e-03 9.3734828552e-03 7.5385916486e+01
343.82786787 1.6215282903e+02 -2.8725242757e-03 3.7757589361e-03 -2.8725242757e-03 1.6217832333e+02 9.4896456101e-03 3.7757589361e-03 9.4896456101e-03 7.5385917255e+01
344.07275951 1.6217375350e+02 -2.9084873149e-03 3.8230782024e-03 -2.9084873149e-03 1.6219956681e+02 9.6083832230e-03 3.8230782024e-03 9.6083832230e-03 7.5385918042e+01
344.31765116 1.6219514295e+02 -2.9452496989e-03 3.8714482721e-03 -2.9452496989e-03 1.6222128237e+02 9.7297594143e-03 3.8714482721e-03 9.7297594143e-03 7.5385918845e+01
344.56254280 1.6221700864e+02 -2.9828307829e-03 3.9208945911e-03 -2.9828307829e-03 1.6224348144e+02 9.8538380671e-03 3.9208945911e-03 9.8538380671e-03 7.5385919666e+01
344.80743444 1.6223936181e+02 -3.0212498836e-03 3.9714425551e-03 -3.0212498836e-03 1.6226617541e+02 9.9806829387e-03 3.9714425551e-03 9.9806829387e-03 7.5385920505e+01
345.05232609 1.6226221362e+02 -3.0605261757e-03 4.0231173731e-03 -3.0605261757e-03 1.6228937562e+02 1.0110357318e-02 4.0231173731e-03 1.0110357318e-02 7.5385921362e+01
345.29721773 1.6228557505e+02 -3.1006785691e-03 4.0759439064e-03 -3.1006785691e-03 1.6231309323e+02 1.0242923620e-02 4.0759439064e-03 1.0242923620e-02 7.5385922239e+01
345.54210938 1.6230945688e+02 -3.1417255648e-03 4.1299464785e-03 -3.1417255648e-03 1.6233733917e+02 1.0378442911e-02 4.1299464785e-03 1.0378442911e-02 7.5385923134e+01
345.78700102 1.6233386953e+02 -3.1836850851e-03 4.1851486526e-03 -3.1836850851e-03 1.6236212401e+02 1.0516974348e-02 4.1851486526e-03 1.0516974348e-02 7.5385924049e+01
346.03189266 1.6235882296e+02 -3.2265742747e-03 4.2415729702e-03 -3.2265742747e-03 1.6238745789e+02 1.0658574521e-02 4.2415729702e-03 1.0658574521e-02 7.5385924984e+01
346.27678431 1.6238432657e+02 -3.2704092687e-03 4.2992406455e-03 -3.2704092687e-03 1.6241335033e+02 1.0803296689e-02 4.2992406455e-03 1.0803296689e-02 7.5385925939e+01
346.52167595 1.6241038899e+02 -3.3152049212e-03 4.3581712094e-03 -3.3152049212e-03 1.6243981010e+02 1.0951189887e-02 4.3581712094e-03 1.0951189887e-02 7.5385926914e+01
346.76656759 1.6243701794e+02 -3.3609744895e-03 4.4183820940e-03 -3.3609744895e-03 1.6246684504e+02 1.1102297877e-02 4.4183820940e-03 1.1102297877e-02 7.5385927911e+01
347.01145924 1.6246421999e+02 -3.4077292662e-03 4.4798881494e-03 -3.4077292662e-03 1.6249446182e+02 1.1256657939e-02 4.4798881494e-03 1.1256657939e-02 7.5385928928e+01
347.25635088 1.6249200032e+02 -3.4554781521e-03 4.5427010818e-03 -3.4554781521e-03 1.6252266568e+02 1.1414299461e-02 4.5427010818e-03 1.1414299461e-02 7.5385929967e+01
347.50124253 1.6252036242e+02 -3.5042271593e-03 4.6068288009e-03 -3.5042271593e-03 1.6255146019e+02 1.1575242298e-02 4.6068288009e-03 1.1575242298e-02 7.5385931028e+01
347.74613417 1.6254930777e+02 -3.5539788358e-03 4.6722746636e-03 -3.5539788358e-03 1.6258084685e+02 1.1739494875e-02 4.6722746636e-03 1.1739494875e-02 7.5385932110e+01
347.99102581 1.6257883548e+02 -3.6047315975e-03 4.7390365957e-03 -3.6047315975e-03 1.6261082473e+02 1.1907051981e-02 4.7390365957e-03 1.1907051981e-02 7.5385933213e+01
348.23591746 1.6260894175e+02 -3.6564789554e-03 4.8071060762e-03 -3.6564789554e-03 1.6264139000e+02 1.2077892218e-02 4.8071060762e-03 1.2077892218e-02 7.5385934338e+01
348.48080910 1.6263961944e+02 -3.7092086199e-03 4.8764669603e-03 -3.7092086199e-03 1.6267253541e+02 1.2251975047e-02 4.8764669603e-03 1.2251975047e-02 7.5385935483e+01
348.72570075 1.6267085745e+02 -3.7629014655e-03 4.9470941187e-03 -3.7629014655e-03 1.6270424967e+02 1.2429237374e-02 4.9470941187e-03 1.2429237374e-02 7.5385936650e+01
348.97059239 1.6270263997e+02 -3.8175303342e-03 5.0189518643e-03 -3.8175303342e-03 1.6273651675e+02 1.2609589593e-02 5.0189518643e-03 1.2609589593e-02 7.5385937836e+01
349.21548403 1.6273494575e+02 -3.8730586526e-03 5.0919921349e-03 -3.8730586526e-03 1.6276931506e+02 1.2792911032e-02 5.0919921349e-03 1.2792911032e-02 7.5385939042e+01
349.46037568 1.6276774711e+02 -3.9294388365e-03 5.1661523966e-03 -3.9294388365e-03 1.6280261651e+02 1.2979044681e-02 5.1661523966e-03 1.2979044681e-02 7.5385940266e+01
349.70526732 1.6280100891e+02 -3.9866104509e-03 5.2413532249e-03 -3.9866104509e-03 1.6283638542e+02 1.3167791126e-02 5.2413532249e-03 1.3167791126e-02 7.5385941507e+01
349.95015896 1.6283468731e+02 -4.0444980906e-03 5.3174955192e-03 -4.0444980906e-03 1.6287057727e+02 1.3358901549e-02 5.3174955192e-03 1.3358901549e-02 7.5385942764e+01
350.19505061 1.6286872833e+02 -4.1030089412e-03 5.3944572971e-03 -4.1030089412e-03 1.6290513728e+02 1.3552069684e-02 5.3944572971e-03 1.3552069684e-02 7.5385944033e+01
350.43994225 1.6290306625e+02 -4.1620299766e-03 5.4720900109e-03 -4.1620299766e-03 1.6293999871e+02 1.3746922566e-02 5.4720900109e-03 1.3746922566e-02 7.5385945314e+01
350.68483390 1.6293762172e+02 -4.2214247441e-03 5.5502143221e-03 -4.2214247441e-03 1.6297508101e+02 1.3943009924e-02 5.5502143221e-03 1.3943009924e-02 7.5385946603e+01
350.92972554 1.6297229963e+02 -4.2810296824e-03 5.6286152618e-03 -4.2810296824e-03 1.6301028762e+02 1.4139792030e-02 5.6286152618e-03 1.4139792030e-02 7.5385947896e+01
351.17461718 1.6300698666e+02 -4.3406499157e-03 5.7070367028e-03 -4.3406499157e-03 1.6304550348e+02 1.4336625816e-02 5.7070367028e-03 1.4336625816e-02 7.5385949190e+01
351.41950883 1.6304154848e+02 -4.4000544609e-03 5.7851750601e-03 -4.4000544609e-03 1.6308059223e+02 1.4532749065e-02 5.7851750601e-03 1.4532749065e-02 7.5385950479e+01
351.66440047 1.6307582662e+02 -4.4589707853e-03 5.8626721375e-03 -4.4589707853e-03 1.6311539296e+02 1.4727262444e-02 5.8626721375e-03 1.4727262444e-02 7.5385951757e+01
351.90929211 1.6310963484e+02 -4.5170786500e-03 5.9391070361e-03 -4.5170786500e-03 1.6314971662e+02 1.4919109192e-02 5.9391070361e-03 1.4919109192e-02 7.5385953018e+01
352.15418376 1.6314275516e+02 -4.5740031798e-03 6.0139870451e-03 -4.5740031798e-03 1.6318334189e+02 1.5107052249e-02 6.0139870451e-03 1.5107052249e-02 7.5385954254e+01
352.39907540 1.6317493329e+02 -4.6293071080e-03 6.0867374494e-03 -4.6293071080e-03 1.6321601059e+02 1.5289648666e-02 6.0867374494e-03 1.5289648666e-02 7.5385955455e+01
352.64396705 1.6320587365e+02 -4.6824821610e-03 6.1566902047e-03 -4.6824821610e-03 1.6324742267e+02 1.5465221169e-02 6.1566902047e-03 1.5465221169e-02 7.5385956611e+01
352.88885869 1.6323523387e+02 -4.7329395723e-03 6.2230714707e-03 -4.7329395723e-03 1.6327723051e+02 1.5631826864e-02 6.2230714707e-03 1.5631826864e-02 7.5385957708e+01
353.13375033 1.6326261875e+02 -4.7799997578e-03 6.2849880399e-03 -4.7799997578e-03 1.6330503289e+02 1.5787223155e-02 6.2849880399e-03 1.5787223155e-02 7.5385958732e+01
353.37864198 1.6328757384e+02 -4.8228812382e-03 6.3414127783e-03 -4.8228812382e-03 1.6333036843e+02 1.5928831198e-02 6.3414127783e-03 1.5928831198e-02 7.5385959667e+01
353.62353362 1.6330957865e+02 -4.8606889786e-03 6.3911692985e-03 -4.8606889786e-03 1.6335270872e+02 1.6053697416e-02 6.3911692985e-03 1.6053697416e-02 7.5385960493e+01
353.86842526 1.6332803970e+02 -4.8924024227e-03 6.4329162335e-03 -4.8924024227e-03 1.6337145122e+02 1.6158454012e-02 6.4329162335e-03 1.6158454012e-02 7.5385961189e+01
354.11331691 1.6334228363e+02 -4.9168636484e-03 6.4651316678e-03 -4.9168636484e-03 1.6338591230e+02 1.6239279888e-02 6.4651316678e-03 1.6239279888e-02 7.5385961729e+01
354.35820855 1.6335155073e+02 -4.9327662591e-03 6.4860985369e-03 -4.9327662591e-03 1.6339532067e+02 1.6291863978e-02 6.4860985369e-03 1.6291863978e-02 7.5385962085e+01
354.60310020 1.6335498941e+02 -4.9386458651e-03 6.4938921171e-03 -4.9386458651e-03 1.6339881177e+02 1.6311373844e-02 6.4938921171e-03 1.6311373844e-02 7.5385962227e+01
354.84799184 1.6335165227e+02 -4.9328733015e-03 6.4863711104e-03 -4.9328733015e-03 1.6339542374e+02 1.6292433292e-02 6.4863711104e-03 1.6292433292e-02 7.5385962119e+01
355.09288348 1.6334049459e+02 -4.9136520675e-03 6.4611742791e-03 -4.9136520675e-03 1.6338409594e+02 1.6229113921e-02 6.4611742791e-03 1.6229113921e-02 7.5385961722e+01
355.33777513 1.6332037640e+02 -4.8790218530e-03 6.4157250818e-03 -4.8790218530e-03 1.6336367101e+02 1.6114946765e-02 6.4157250818e-03 1.6114946765e-02 7.5385960995e+01
355.58266677 1.6329006935e+02 -4.8268704117e-03 6.3472472779e-03 -4.8268704117e-03 1.6333290189e+02 1.5942961469e-02 6.3472472779e-03 1.5942961469e-02 7.5385959893e+01
355.82755841 1.6324827004e+02 -4.7549563957e-03 6.2527949408e-03 -4.7549563957e-03 1.6329046530e+02 1.5705761643e-02 6.2527949408e-03 1.5705761643e-02 7.5385958366e+01
356.07245006 1.6319362131e+02 -4.6609460224e-03 6.1293006521e-03 -4.6609460224e-03 1.6323498338e+02 1.5395645869e-02 6.1293006521e-03 1.5395645869e-02 7.5385956366e+01
356.31734170 1.6312474330e+02 -4.5424664898e-03 5.9736457078e-03 -4.5424664898e-03 1.6316505524e+02 1.5004783963e-02 5.9736457078e-03 1.5004783963e-02 7.5385953842e+01
356.56223335 1.6304027579e+02 -4.3971787556e-03 5.7827557772e-03 -4.3971787556e-03 1.6307929993e+02 1.4525457151e-02 5.7827557772e-03 1.4525457151e-02 7.5385950742e+01
356.80712499 1.6293893283e+02 -4.2228714998e-03 5.5537244027e-03 -4.2228714998e-03 1.6297641188e+02 1.3950368139e-02 5.5537244027e-03 1.3950368139e-02 7.5385947021e+01
357.05201663 1.6281956991e+02 -4.0175766331e-03 5.2839648210e-03 -4.0175766331e-03 1.6285522914e+02 1.3273022297e-02 5.2839648210e-03 1.3273022297e-02 7.5385942635e+01
357.29690828 1.6268126262e+02 -3.7797044858e-03 4.9713876485e-03 -3.7797044858e-03 1.6271481320e+02 1.2488173772e-02 4.9713876485e-03 1.2488173772e-02 7.5385937551e+01
357.54179992 1.6252339377e+02 -3.5081937901e-03 4.6145980142e-03 -3.5081937901e-03 1.6255453747e+02 1.1592320437e-02 4.6145980142e-03 1.1592320437e-02 7.5385931745e+01
357.78669157 1.6234574438e+02 -3.2026679263e-03 4.2131009218e-03 -3.2026679263e-03 1.6237417963e+02 1.0584219494e-02 4.2131009218e-03 1.0584219494e-02 7.5385925210e+01
358.03158321 1.6214858087e+02 -2.8635850176e-03 3.7674985305e-03 -2.8635850176e-03 1.6217401014e+02 9.4653827902e-03 3.7674985305e-03 9.4653827902e-03 7.5385917956e+01
358.27647485 1.6193272957e+02 -2.4923660364e-03 3.2796585313e-03 -2.4923660364e-03 1.6195486796e+02 8.2404995658e-03 3.2796585313e-03 8.2404995658e-03 7.5385910013e+01
358.52136650 1.6169962806e+02 -2.0914829912e-03 2.7528300576e-03 -2.0914829912e-03 1.6171821256e+02 6.9177274697e-03 2.7528300576e-03 6.9177274697e-03 7.5385901433e+01
358.76625814 1.6145134288e+02 -1.6644894984e-03 2.1916838670e-03 -1.6644894984e-03 1.6146614201e+02 5.5087934456e-03 2.1916838670e-03 5.5087934456e-03 7.5385892294e+01
359.01114978 1.6119054548e+02 -1.2159793487e-03 1.6022578833e-03 -1.2159793487e-03 1.6120136849e+02 4.0288570035e-03 1.6022578833e-03 4.0288570035e-03 7.5385882694e+01
359.25604143 1.6092044173e+02 -7.5146531126e-04 9.9179790027e-04 -7.5146531126e-04 1.6092714672e+02 2.4961102725e-03 9.9179790027e-04 2.4961102725e-03 7.5385872750e+01
359.50093307 1.6064465599e+02 -2.7717979888e-04 3.6849558479e-04 -2.7717979888e-04 1.6064715633e+02 9.3112020020e-04 3.6849558479e-04 9.3112020020e-04 7.5385862597e+01
359.74582472 1.6036707693e+02 2.0019027349e-04 -2.5886001574e-04 2.0019027349e-04 1.6036534528e+02 -6.4404641277e-04 -2.5886001574e-04 -6.4404641277e-04 7.5385852378e+01
359.99071636 1.6009167800e+02 6.7381216485e-04 -8.8128818502e-04 6.7381216485e-04 1.6008574760e+02 -2.2068415395e-03 -8.8128818502e-04 -2.2068415395e-03 7.5385842240e+01
360.23560800 1.5982232969e+02 1.1370302647e-03 -1.4900410197e-03 1.1370302647e-03 1.5981229279e+02 -3.7353016804e-03 -1.4900410197e-03 -3.7353016804e-03 7.5385832324e+01
360.48049965 1.5956262171e+02 1.5836717231e-03 -2.0770051376e-03 1.5836717231e-03 1.5954862528e+02 -5.2090564384e-03 -2.0770051376e-03 -5.2090564384e-03 7.5385822764e+01
360.72539129 1.5931571211e+02 2.0083059988e-03 -2.6350428180e-03 2.0083059988e-03 1.5929795128e+02 -6.6101850252e-03 -2.6350428180e-03 -6.6101850252e-03 7.5385813676e+01
360.97028293 1.5908421557e+02 2.4064369262e-03 -3.1582444469e-03 2.4064369262e-03 1.5906292532e+02 -7.9238500804e-03 -3.1582444469e-03 -7.9238500804e-03 7.5385805156e+01
361.21517458 1.5887013751e+02 2.7746160213e-03 -3.6420774420e-03 2.7746160213e-03 1.5884558339e+02 -9.1386715788e-03 -3.6420774420e-03 -9.1386715788e-03 7.5385797279e+01
361.46006622 1.5867485435e+02 3.1104764037e-03 -4.0834308386e-03 3.1104764037e-03 1.5864732292e+02 -1.0246838774e-02 -4.0834308386e-03 -1.0246838774e-02 7.5385790094e+01
361.70495787 1.5849913500e+02 3.4126958812e-03 -4.4805667693e-03 3.4126958812e-03 1.5846892453e+02 -1.1243988376e-02 -4.4805667693e-03 -1.1243988376e-02 7.5385783631e+01
361.94984951 1.5834319488e+02 3.6809040553e-03 -4.8329983666e-03 3.6809040553e-03 1.5831060692e+02 -1.2128898002e-02 -4.8329983666e-03 -1.2128898002e-02 7.5385777897e+01
362.19474115 1.5820677209e+02 3.9155512949e-03 -5.1413175480e-03 3.9155512949e-03 1.5817210420e+02 -1.2903053792e-02 -5.1413175480e-03 -1.2903053792e-02 7.5385772883e+01
362.43963280 1.5808921546e+02 4.1177573895e-03 -5.4069960903e-03 4.1177573895e-03 1.5805275527e+02 -1.3570150961e-02 -5.4069960903e-03 -1.3570150961e-02 7.5385768564e+01
362.68452444 1.5798957531e+02 4.2891554305e-03 -5.6321804339e-03 4.2891554305e-03 1.5795159597e+02 -1.4135578615e-02 -5.6321804339e-03 -1.4135578615e-02 7.5385764906e+01
362.92941608 1.5790669000e+02 4.4317429599e-03 -5.8194960382e-03 4.4317429599e-03 1.5786744696e+02 -1.4605928539e-02 -5.8194960382e-03 -1.4605928539e-02 7.5385761866e+01
363.17430773 1.5783926358e+02 4.5477485446e-03 -5.9718720116e-03 4.5477485446e-03 1.5779899252e+02 -1.4988554897e-02 -5.9718720116e-03 -1.4988554897e-02 7.5385759396e+01
363.41919937 1.5778593169e+02 4.6395183329e-03 -6.0923920065e-03 4.6395183329e-03 1.5774484750e+02 -1.5291199867e-02 -6.0923920065e-03 -1.5291199867e-02 7.5385757445e+01
363.66409102 1.5774531503e+02 4.7094242081e-03 -6.1841734986e-03 4.7094242081e-03 1.5770361156e+02 -1.5521690547e-02 -6.1841734986e-03 -1.5521690547e-02 7.5385755964e+01
363.90898266 1.5771606048e+02 4.7597929986e-03 -6.2502747449e-03 4.7597929986e-03 1.5767391096e+02 -1.5687705356e-02 -6.2502747449e-03 -1.5687705356e-02 7.5385754901e+01
364.15387430 1.5769687118e+02 4.7928548241e-03 -6.2936268904e-03 4.7928548241e-03 1.5765442906e+02 -1.5796603569e-02 -6.2936268904e-03 -1.5796603569e-02 7.5385754209e+01
364.39876595 1.5768652696e+02 4.8107079093e-03 -6.3169877216e-03 4.8107079093e-03 1.5764392709e+02 -1.5855309209e-02 -6.3169877216e-03 -1.5855309209e-02 7.5385753844e+01
364.64365759 1.5768389692e+02 4.8152969449e-03 -6.3229132245e-03 4.8152969449e-03 1.5764125691e+02 -1.5870239632e-02 -6.3229132245e-03 -1.5870239632e-02 7.5385753763e+01
364.88854923 1.5768794585e+02 4.8084021407e-03 -6.3137431963e-03 4.8084021407e-03 1.5764536753e+02 -1.5847269409e-02 -6.3137431963e-03 -1.5847269409e-02 7.5385753928e+01
365.13344088 1.5769773581e+02 4.7916363863e-03 -6.2915975141e-03 4.7916363863e-03 1.5765530670e+02 -1.5791720951e-02 -6.2915975141e-03 -1.5791720951e-02 7.5385754306e+01
365.37833252 1.5771242440e+02 4.7664483010e-03 -6.2583801428e-03 4.7664483010e-03 1.5767021919e+02 -1.5708374577e-02 -6.2583801428e-03 -1.5708374577e-02 7.5385754863e+01
365.62322417 1.5773126062e+02 4.7341293430e-03 -6.2157884795e-03 4.7341293430e-03 1.5768934254e+02 -1.5601491971e-02 -6.2157884795e-03 -1.5601491971e-02 7.5385755574e+01
365.86811581 1.5775357921e+02 4.6958235287e-03 -6.1653261277e-03 4.6958235287e-03 1.5771200134e+02 -1.5474848257e-02 -6.1653261277e-03 -1.5474848257e-02 7.5385756413e+01
366.11300745 1.5777879412e+02 4.6525386464e-03 -6.1083176373e-03 4.6525386464e-03 1.5773760063e+02 -1.5331769008e-02 -6.1083176373e-03 -1.5331769008e-02 7.5385757359e+01
366.35789910 1.5780639163e+02 4.6051581370e-03 -6.0459241183e-03 4.6051581370e-03 1.5776561884e+02 -1.5175169443e-02 -6.0459241183e-03 -1.5175169443e-02 7.5385758393e+01
366.60279074 1.5783592337e+02 4.5544530454e-03 -5.9791589510e-03 4.5544530454e-03 1.5779560077e+02 -1.5007593875e-02 -5.9791589510e-03 -1.5007593875e-02 7.5385759499e+01
366.84768239 1.5786699959e+02 4.5010936348e-03 -5.9089030499e-03 4.5010936348e-03 1.5782715072e+02 -1.4831254033e-02 -5.9089030499e-03 -1.4831254033e-02 7.5385760661e+01
367.09257403 1.5789928273e+02 4.4456603962e-03 -5.8359193350e-03 4.4456603962e-03 1.5785992600e+02 -1.4648065395e-02 -5.8359193350e-03 -1.4648065395e-02 7.5385761868e+01
367.33746567 1.5793248150e+02 4.3886542942e-03 -5.7608661983e-03 4.3886542942e-03 1.5789363085e+02 -1.4459680999e-02 -5.7608661983e-03 -1.4459680999e-02 7.5385763108e+01
367.58235732 1.5796634537e+02 4.3305061684e-03 -5.6843098602e-03 4.3305061684e-03 1.5792801095e+02 -1.4267522468e-02 -5.6843098602e-03 -1.4267522468e-02 7.5385764374e+01
367.82724896 1.5800065964e+02 4.2715852638e-03 -5.6067355822e-03 4.2715852638e-03 1.5796284832e+02 -1.4072808156e-02 -5.6067355822e-03 -1.4072808156e-02 7.5385765656e+01
368.07214060 1.5803524096e+02 4.2122069038e-03 -5.5285577508e-03 4.2122069038e-03 1.5799795681e+02 -1.3876578474e-02 -5.5285577508e-03 -1.3876578474e-02 7.5385766947e+01
368.31703225 1.5806993337e+02 4.1526393419e-03 -5.4501288845e-03 4.1526393419e-03 1.5803317808e+02 -1.3679718497e-02 -5.4501288845e-03 -1.3679718497e-02 7.5385768243e+01
368.56192389 1.5810460474e+02 4.0931098458e-03 -5.3717476296e-03 4.0931098458e-03 1.5806837797e+02 -1.3482978046e-02 -5.3717476296e-03 -1.3482978046e-02 7.5385769539e+01
368.80681554 1.5813914363e+02 4.0338100740e-03 -5.2936658266e-03 4.0338100740e-03 1.5810344338e+02 -1.3286989422e-02 -5.2936658266e-03 -1.3286989422e-02 7.5385770829e+01
369.05170718 1.5817345657e+02 3.9749008074e-03 -5.2160947305e-03 3.9749008074e-03 1.5813827939e+02 -1.3092283030e-02 -5.2160947305e-03 -1.3092283030e-02 7.5385772111e+01
369.29659882 1.5820746565e+02 3.9165161026e-03 -5.1392104682e-03 3.9165161026e-03 1.5817280690e+02 -1.2899301077e-02 -5.1392104682e-03 -1.2899301077e-02 7.5385773382e+01
369.54149047 1.5824110636e+02 3.8587669248e-03 -5.0631588146e-03 3.8587669248e-03 1.5820696042e+02 -1.2708409564e-02 -5.0631588146e-03 -1.2708409564e-02 7.5385774640e+01
369.78638211 1.5827432579e+02 3.8017443203e-03 -4.9880593619e-03 3.8017443203e-03 1.5824068624e+02 -1.2519908757e-02 -4.9880593619e-03 -1.2519908757e-02 7.5385775882e+01
370.03127375 1.5830708100e+02 3.7455221819e-03 -4.9140091541e-03 3.7455221819e-03 1.5827394076e+02 -1.2334042309e-02 -4.9140091541e-03 -1.2334042309e-02 7.5385777107e+01
370.27616540 1.5833933763e+02 3.6901596542e-03 -4.8410858490e-03 3.6901596542e-03 1.5830668910e+02 -1.2151005198e-02 -4.8410858490e-03 -1.2151005198e-02 7.5385778314e+01
370.52105704 1.5837106869e+02 3.6357032242e-03 -4.7693504656e-03 3.6357032242e-03 1.5833890385e+02 -1.1970950629e-02 -4.7693504656e-03 -1.1970950629e-02 7.5385779501e+01
370.76594869 1.5840225348e+02 3.5821885361e-03 -4.6988497694e-03 3.5821885361e-03 1.5837056400e+02 -1.1793996020e-02 -4.6988497694e-03 -1.1793996020e-02 7.5385780668e+01
371.01084033 1.5843287671e+02 3.5296419644e-03 -4.6296183401e-03 3.5296419644e-03 1.5840165402e+02 -1.1620228192e-02 -4.6296183401e-03 -1.1620228192e-02 7.5385781815e+01
371.25573197 1.5846292766e+02 3.4780819771e-03 -4.5616803640e-03 3.4780819771e-03 1.5843216305e+02 -1.1449707875e-02 -4.5616803640e-03 -1.1449707875e-02 7.5385782941e+01
371.50062362 1.5849239956e+02 3.4275203160e-03 -4.4950511844e-03 3.4275203160e-03 1.5846208419e+02 -1.1282473592e-02 -4.4950511844e-03 -1.1282473592e-02 7.5385784045e+01
371.74551526 1.5852128894e+02 3.3779630174e-03 -4.4297386438e-03 3.3779630174e-03 1.5849141392e+02 -1.1118545038e-02 -4.4297386438e-03 -1.1118545038e-02 7.5385785128e+01
371.99040690 1.5854959512e+02 3.3294112941e-03 -4.3657442435e-03 3.3294112941e-03 1.5852015156e+02 -1.0957925984e-02 -4.3657442435e-03 -1.0957925984e-02 7.5385786190e+01
372.23529855 1.5857731981e+02 3.2818622984e-03 -4.3030641458e-03 3.2818622984e-03 1.5854829885e+02 -1.0800606798e-02 -4.3030641458e-03 -1.0800606798e-02 7.5385787230e+01
372.48019019 1.5860446668e+02 3.2353097791e-03 -4.2416900389e-03 3.2353097791e-03 1.5857585950e+02 -1.0646566614e-02 -4.2416900389e-03 -1.0646566614e-02 7.5385788249e+01
372.72508184 1.5863104106e+02 3.1897446496e-03 -4.1816098827e-03 3.1897446496e-03 1.5860283894e+02 -1.0495775205e-02 -4.1816098827e-03 -1.0495775205e-02 7.5385789247e+01
372.96997348 1.5865704965e+02 3.1451554765e-03 -4.1228085521e-03 3.1451554765e-03 1.5862924394e+02 -1.0348194600e-02 -4.1228085521e-03 -1.0348194600e-02 7.5385790224e+01
373.21486512 1.5868250024e+02 3.1015289007e-03 -4.0652683902e-03 3.1015289007e-03 1.5865508246e+02 -1.0203780471e-02 -4.0652683902e-03 -1.0203780471e-02 7.5385791181e+01
373.45975677 1.5870740158e+02 3.0588499994e-03 -4.0089696850e-03 3.0588499994e-03 1.5868036333e+02 -1.0062483328e-02 -4.0089696850e-03 -1.0062483328e-02 7.5385792117e+01
373.70464841 1.5873176310e+02 3.0171025973e-03 -3.9538910783e-03 3.0171025973e-03 1.5870509615e+02 -9.9242495504e-03 -3.9538910783e-03 -9.9242495504e-03 7.5385793034e+01
373.94954005 1.5875559482e+02 2.9762695327e-03 -3.9000099167e-03 2.9762695327e-03 1.5872929110e+02 -9.7890222649e-03 -3.9000099167e-03 -9.7890222649e-03 7.5385793931e+01
374.19443170 1.5877890722e+02 2.9363328864e-03 -3.8473025527e-03 2.9363328864e-03 1.5875295880e+02 -9.6567421021e-03 -3.8473025527e-03 -9.6567421021e-03 7.5385794810e+01
374.43932334 1.5880171107e+02 2.8972741763e-03 -3.7957446016e-03 2.8972741763e-03 1.5877611020e+02 -9.5273478418e-03 -3.7957446016e-03 -9.5273478418e-03 7.5385795669e+01
374.68421499 1.5882401740e+02 2.8590745241e-03 -3.7453111607e-03 2.8590745241e-03 1.5879875649e+02 -9.4007769639e-03 -3.7453111607e-03 -9.4007769639e-03 7.5385796510e+01
374.92910663 1.5884583737e+02 2.8217147964e-03 -3.6959769971e-03 2.8217147964e-03 1.5882090900e+02 -9.2769661180e-03 -3.6959769971e-03 -9.2769661180e-03 7.5385797334e+01
375.17399827 1.5886718222e+02 2.7851757245e-03 -3.6477167051e-03 2.7851757245e-03 1.5884257914e+02 -9.1558515213e-03 -3.6477167051e-03 -9.1558515213e-03 7.5385798140e+01
375.41888992 1.5888806321e+02 2.7494380053e-03 -3.6005048413e-03 2.7494380053e-03 1.5886377835e+02 -9.0373692954e-03 -3.6005048413e-03 -9.0373692954e-03 7.5385798929e+01
375.66378156 1.5890849156e+02 2.7144823861e-03 -3.5543160371e-03 2.7144823861e-03 1.5888451801e+02 -8.9214557504e-03 -3.5543160371e-03 -8.9214557504e-03 7.5385799701e+01
375.90867321 1.5892847842e+02 2.6802897352e-03 -3.5091250940e-03 2.6802897352e-03 1.5890480945e+02 -8.8080476224e-03 -3.5091250940e-03 -8.8080476224e-03 7.5385800458e+01
376.15356485 1.5894803482e+02 2.6468411001e-03 -3.4649070619e-03 2.6468411001e-03 1.5892466387e+02 -8.6970822726e-03 -3.4649070619e-03 -8.6970822726e-03 7.5385801198e+01
376.39845649 1.5896717168e+02 2.6141177554e-03 -3.4216373051e-03 2.6141177554e-03 1.5894409234e+02 -8.5884978507e-03 -3.4216373051e-03 -8.5884978507e-03 7.5385801923e+01
376.64334814 1.5898589972e+02 2.5821012415e-03 -3.3792915560e-03 2.5821012415e-03 1.5896310576e+02 -8.4822334306e-03 -3.3792915560e-03 -8.4822334306e-03 7.5385802633e+01
376.88823978 1.5900422950e+02 2.5507733945e-03 -3.3378459581e-03 2.5507733945e-03 1.5898171484e+02 -8.3782291189e-03 -3.3378459581e-03 -8.3782291189e-03 7.5385803329e+01
377.13313142 1.5902217137e+02 2.5201163699e-03 -3.2972771014e-03 2.5201163699e-03 1.5899993010e+02 -8.2764261429e-03 -3.2972771014e-03 -8.2764261429e-03 7.5385804010e+01
377.37802307 1.5903973549e+02 2.4901126599e-03 -3.2575620497e-03 2.4901126599e-03 1.5901776184e+02 -8.1767669195e-03 -3.2575620497e-03 -8.1767669195e-03 7.5385804678e+01
377.62291471 1.5905693179e+02 2.4607451046e-03 -3.2186783613e-03 2.4607451046e-03 1.5903522015e+02 -8.0791951073e-03 -3.2186783613e-03 -8.0791951073e-03 7.5385805332e+01
377.86780636 1.5907376996e+02 2.4319968995e-03 -3.1806041047e-03 2.4319968995e-03 1.5905231487e+02 -7.9836556458e-03 -3.1806041047e-03 -7.9836556458e-03 7.5385805973e+01
378.11269800 1.5909025947e+02 2.4038515977e-03 -3.1433178692e-03 2.4038515977e-03 1.5906905561e+02 -7.8900947826e-03 -3.1433178692e-03 -7.8900947826e-03 7.5385806601e+01
378.35758964 1.5910640958e+02 2.3762931086e-03 -3.1067987721e-03 2.3762931086e-03 1.5908545177e+02 -7.7984600898e-03 -3.1067987721e-03 -7.7984600898e-03 7.5385807217e+01
378.60248129 1.5912222927e+02 2.3493056929e-03 -3.0710264613e-03 2.3493056929e-03 1.5910151248e+02 -7.7087004732e-03 -3.0710264613e-03 -7.7087004732e-03 7.5385807821e+01
378.84737293 1.5913772732e+02 2.3228739544e-03 -3.0359811166e-03 2.3228739544e-03 1.5911724664e+02 -7.6207661727e-03 -3.0359811166e-03 -7.6207661727e-03 7.5385808413e+01
379.09226457 1.5915291227e+02 2.2969828286e-03 -3.0016434470e-03 2.2969828286e-03 1.5913266291e+02 -7.5346087582e-03 -3.0016434470e-03 -7.5346087582e-03 7.5385808994e+01
379.33715622 1.5916779241e+02 2.2716175682e-03 -2.9679946874e-03 2.2716175682e-03 1.5914776974e+02 -7.4501811188e-03 -2.9679946874e-03 -7.4501811188e-03 7.5385809563e+01
379.58204786 1.5918237581e+02 2.2467637259e-03 -2.9350165924e-03 2.2467637259e-03 1.5916257530e+02 -7.3674374494e-03 -2.9350165924e-03 -7.3674374494e-03 7.5385810122e+01
379.82693951 1.5919667033e+02 2.2224071335e-03 -2.9026914294e-03 2.2224071335e-03 1.5917708757e+02 -7.2863332321e-03 -2.9026914294e-03 -7.2863332321e-03 7.5385810670e+01
380.07183115 1.5921068358e+02 2.1985338791e-03 -2.8710019704e-03 2.1985338791e-03 1.5919131428e+02 -7.2068252160e-03 -2.8710019704e-03 -7.2068252160e-03 7.5385811208e+01
380.31672279 1.5922442296e+02 2.1751302805e-03 -2.8399314829e-03 2.1751302805e-03 1.5920526295e+02 -7.1288713938e-03 -2.8399314829e-03 -7.1288713938e-03 7.5385811736e+01
380.56161444 1.5923789566e+02 2.1521828556e-03 -2.8094637196e-03 2.1521828556e-03 1.5921894088e+02 -7.0524309771e-03 -2.8094637196e-03 -7.0524309771e-03 7.5385812254e+01
380.80650608 1.5925110865e+02 2.1296782895e-03 -2.7795829083e-03 2.1296782895e-03 1.5923235514e+02 -6.9774643703e-03 -2.7795829083e-03 -6.9774643703e-03 7.5385812763e+01
381.05139772 1.5926406871e+02 2.1076033981e-03 -2.7502737408e-03 2.1076033981e-03 1.5924551262e+02 -6.9039331423e-03 -2.7502737408e-03 -6.9039331423e-03 7.5385813262e+01
381.29628937 1.5927678240e+02 2.0859450888e-03 -2.7215213615e-03 2.0859450888e-03 1.5925841998e+02 -6.8317999990e-03 -2.7215213615e-03 -6.8317999990e-03 7.5385813753e+01
381.54118101 1.5928925610e+02 2.0646903165e-03 -2.6933113560e-03 2.0646903165e-03 1.5927108370e+02 -6.7610287540e-03 -2.6933113560e-03 -6.7610287540e-03 7.5385814235e+01
381.78607266 1.5930149599e+02 2.0438260378e-03 -2.6656297398e-03 2.0438260378e-03 1.5928351005e+02 -6.6915842994e-03 -2.6656297398e-03 -6.6915842994e-03 7.5385814709e+01
382.03096430 1.5931350807e+02 2.0233391604e-03 -2.6384629457e-03 2.0233391604e-03 1.5929570514e+02 -6.6234325768e-03 -2.6384629457e-03 -6.6234325768e-03 7.5385815174e+01
382.27585594 1.5932529816e+02 2.0032164911e-03 -2.6117978133e-03 2.0032164911e-03 1.5930767486e+02 -6.5565405473e-03 -2.6117978133e-03 -6.5565405473e-03 7.5385815631e+01
382.52074759 1.5933687190e+02 1.9834446810e-03 -2.5856215764e-03 1.9834446810e-03 1.5931942495e+02 -6.4908761630e-03 -2.5856215764e-03 -6.4908761630e-03 7.5385816080e+01
382.76563923 1.5934823476e+02 1.9640101714e-03 -2.5599218519e-03 1.9640101714e-03 1.5933096097e+02 -6.4264083376e-03 -2.5599218519e-03 -6.4264083376e-03 7.5385816522e+01
383.01053087 1.5935939205e+02 1.9448991399e-03 -2.5346866283e-03 1.9448991399e-03 1.5934228830e+02 -6.3631069181e-03 -2.5346866283e-03 -6.3631069181e-03 7.5385816956e+01
383.25542252 1.5937034891e+02 1.9260974512e-03 -2.5099042547e-03 1.9260974512e-03 1.5935341219e+02 -6.3009426561e-03 -2.5099042547e-03 -6.3009426561e-03 7.5385817383e+01
383.50031416 1.5938111034e+02 1.9075906166e-03 -2.4855634294e-03 1.9075906166e-03 1.5936433770e+02 -6.2398871807e-03 -2.4855634294e-03 -6.2398871807e-03 7.5385817803e+01
383.74520581 1.5939168118e+02 1.8893637651e-03 -2.4616531893e-03 1.8893637651e-03 1.5937506975e+02 -6.1799129710e-03 -2.4616531893e-03 -6.1799129710e-03 7.5385818216e+01
383.99009745 1.5940206611e+02 1.8714016347e-03 -2.4381628993e-03 1.8714016347e-03 1.5938561312e+02 -6.1209933297e-03 -2.4381628993e-03 -6.1209933297e-03 7.5385818623e+01
384.23498909 1.5941226970e+02 1.8536885902e-03 -2.4150822418e-03 1.8536885902e-03 1.5939597243e+02 -6.0631023568e-03 -2.4150822418e-03 -6.0631023568e-03 7.5385819023e+01
384.47988074 1.5942229636e+02 1.8362086779e-03 -2.3924012069e-03 1.8362086779e-03 1.5940615216e+02 -6.0062149246e-03 -2.3924012069e-03 -6.0062149246e-03 7.5385819416e+01
384.72477238 1.5943215037e+02 1.8189457263e-03 -2.3701100824e-03 1.8189457263e-03 1.5941615669e+02 -5.9503066531e-03 -2.3701100824e-03 -5.9503066531e-03 7.5385819804e+01
384.96966402 1.5944183589e+02 1.8018835058e-03 -2.3481994440e-03 1.8018835058e-03 1.5942599023e+02 -5.8953538853e-03 -2.3481994440e-03 -5.8953538853e-03 7.5385820185e+01
385.21455567 1.5945135695e+02 1.7850059571e-03 -2.3266601464e-03 1.7850059571e-03 1.5943565689e+02 -5.8413336648e-03 -2.3266601464e-03 -5.8413336648e-03 7.5385820560e+01
385.45944731 1.5946071747e+02 1.7682974972e-03 -2.3054833142e-03 1.7682974972e-03 1.5944516065e+02 -5.7882237122e-03 -2.3054833142e-03 -5.7882237122e-03 7.5385820930e+01
385.70433896 1.5946992123e+02 1.7517434090e-03 -2.2846603327e-03 1.7517434090e-03 1.5945450537e+02 -5.7360024037e-03 -2.2846603327e-03 -5.7360024037e-03 7.5385821294e+01
385.94923060 1.5947897194e+02 1.7353303122e-03 -2.2641828400e-03 1.7353303122e-03 1.5946369479e+02 -5.6846487496e-03 -2.2641828400e-03 -5.6846487496e-03 7.5385821653e+01
386.19412224 1.5948787317e+02 1.7190467030e-03 -2.2440427182e-03 1.7190467030e-03 1.5947273258e+02 -5.6341423733e-03 -2.2440427182e-03 -5.6341423733e-03 7.5385822006e+01
386.43901389 1.5949662840e+02 1.7028835395e-03 -2.2242320859e-03 1.7028835395e-03 1.5948162225e+02 -5.5844634917e-03 -2.2242320859e-03 -5.5844634917e-03 7.5385822354e+01
386.68390553 1.5950524103e+02 1.6868348329e-03 -2.2047432900e-03 1.6868348329e-03 1.5949036725e+02 -5.5355928954e-03 -2.2047432900e-03 -5.5355928954e-03 7.5385822697e+01
386.92879718 1.5951371434e+02 1.6708981912e-03 -2.1855688988e-03 1.6708981912e-03 1.5949897092e+02 -5.4875119302e-03 -2.1855688988e-03 -5.4875119302e-03 7.5385823035e+01
387.17368882 1.5952205153e+02 1.6550752498e-03 -2.1667016941e-03 1.6550752498e-03 1.5950743650e+02 -5.4402024789e-03 -2.1667016941e-03 -5.4402024789e-03 7.5385823369e+01
387.41858046 1.5953025573e+02 1.6393719204e-03 -2.1481346646e-03 1.6393719204e-03 1.5951576716e+02 -5.3936469435e-03 -2.1481346646e-03 -5.3936469435e-03 7.5385823697e+01
387.66347211 1.5953832998e+02 1.6237983919e-03 -2.1298609992e-03 1.6237983919e-03 1.5952396595e+02 -5.3478282284e-03 -2.1298609992e-03 -5.3478282284e-03 7.5385824021e+01
387.90836375 1.5954627721e+02 1.6083688399e-03 -2.1118740802e-03 1.6083688399e-03 1.5953203587e+02 -5.3027297240e-03 -2.1118740802e-03 -5.3027297240e-03 7.5385824341e+01
388.15325539 1.5955410033e+02 1.5931008265e-03 -2.0941674772e-03 1.5931008265e-03 1.5953997982e+02 -5.2583352909e-03 -2.0941674772e-03 -5.2583352909e-03 7.5385824656e+01
388.39814704 1.5956180212e+02 1.5780144155e-03 -2.0767349407e-03 1.5780144155e-03 1.5954780061e+02 -5.2146292444e-03 -2.0767349407e-03 -5.2146292444e-03 7.5385824967e+01
388.64303868 1.5956938532e+02 1.5631310667e-03 -2.0595703967e-03 1.5631310667e-03 1.5955550101e+02 -5.1715963398e-03 -2.0595703967e-03 -5.1715963398e-03 7.5385825274e+01
388.88793033 1.5957685257e+02 1.5484724072e-03 -2.0426679406e-03 1.5484724072e-03 1.5956308366e+02 -5.1292217581e-03 -2.0426679406e-03 -5.1292217581e-03 7.5385825576e+01
389.13282197 1.5958420645e+02 1.5340590002e-03 -2.0260218318e-03 1.5340590002e-03 1.5957055118e+02 -5.0874910923e-03 -2.0260218318e-03 -5.0874910923e-03 7.5385825875e+01
389.37771361 1.5959144946e+02 1.5199092285e-03 -2.0096264884e-03 1.5199092285e-03 1.5957790608e+02 -5.0463903342e-03 -2.0096264884e-03 -5.0463903342e-03 7.5385826170e+01
389.62260526 1.5959858404e+02 1.5060383942e-03 -1.9934764823e-03 1.5060383942e-03 1.5958515081e+02 -5.0059058611e-03 -1.9934764823e-03 -5.0059058611e-03 7.5385826461e+01
389.86749690 1.5960561254e+02 1.4924581015e-03 -1.9775665340e-03 1.4924581015e-03 1.5959228775e+02 -4.9660244238e-03 -1.9775665340e-03 -4.9660244238e-03 7.5385826748e+01
390.11238854 1.5961253725e+02 1.4791759474e-03 -1.9618915077e-03 1.4791759474e-03 1.5959931922e+02 -4.9267331346e-03 -1.9618915077e-03 -4.9267331346e-03 7.5385827032e+01
390.35728019 1.5961936039e+02 1.4661955083e-03 -1.9464464073e-03 1.4661955083e-03 1.5960624746e+02 -4.8880194556e-03 -1.9464464073e-03 -4.8880194556e-03 7.5385827312e+01
390.60217183 1.5962608413e+02 1.4535165764e-03 -1.9312263712e-03 1.4535165764e-03 1.5961307466e+02 -4.8498711877e-03 -1.9312263712e-03 -4.8498711877e-03 7.5385827589e+01
390.84706348 1.5963271054e+02 1.4411355836e-03 -1.9162266686e-03 1.4411355836e-03 1.5961980295e+02 -4.8122764596e-03 -1.9162266686e-03 -4.8122764596e-03 7.5385827862e+01
391.09195512 1.5963924166e+02 1.4290461430e-03 -1.9014426951e-03 1.4290461430e-03 1.5962643439e+02 -4.7752237177e-03 -1.9014426951e-03 -4.7752237177e-03 7.5385828133e+01
391.33684676 1.5964567947e+02 1.4172396410e-03 -1.8868699688e-03 1.4172396410e-03 1.5963297099e+02 -4.7387017161e-03 -1.8868699688e-03 -4.7387017161e-03 7.5385828400e+01
391.58173841 1.5965202588e+02 1.4057058279e-03 -1.8725041263e-03 1.4057058279e-03 1.5963941470e+02 -4.7026995065e-03 -1.8725041263e-03 -4.7026995065e-03 7.5385828663e+01
391.82663005 1.5965828277e+02 1.3944333649e-03 -1.8583409192e-03 1.3944333649e-03 1.5964576742e+02 -4.6672064296e-03 -1.8583409192e-03 -4.6672064296e-03 7.5385828924e+01
392.07152169 1.5966445194e+02 1.3834103032e-03 -1.8443762103e-03 1.3834103032e-03 1.5965203102e+02 -4.6322121052e-03 -1.8443762103e-03 -4.6322121052e-03 7.5385829182e+01
392.31641334 1.5967053517e+02 1.3726244826e-03 -1.8306059704e-03 1.3726244826e-03 1.5965820728e+02 -4.5977064244e-03 -1.8306059704e-03 -4.5977064244e-03 7.5385829437e+01
392.56130498 1.5967653419e+02 1.3620638475e-03 -1.8170262745e-03 1.3620638475e-03 1.5966429797e+02 -4.5636795404e-03 -1.8170262745e-03 -4.5636795404e-03 7.5385829689e+01
392.80619663 1.5968245065e+02 1.3517166840e-03 -1.8036332992e-03 1.3517166840e-03 1.5967030480e+02 -4.5301218612e-03 -1.8036332992e-03 -4.5301218612e-03 7.5385829938e+01
393.05108827 1.5968828622e+02 1.3415717886e-03 -1.7904233191e-03 1.3415717886e-03 1.5967622943e+02 -4.4970240410e-03 -1.7904233191e-03 -4.4970240410e-03 7.5385830185e+01
393.29597991 1.5969404246e+02 1.3316185776e-03 -1.7773927039e-03 1.3316185776e-03 1.5968207349e+02 -4.4643769733e-03 -1.7773927039e-03 -4.4643769733e-03 7.5385830429e+01
393.54087156 1.5969972095e+02 1.3218471493e-03 -1.7645379157e-03 1.3218471493e-03 1.5968783857e+02 -4.4321717832e-03 -1.7645379157e-03 -4.4321717832e-03 7.5385830670e+01
393.78576320 1.5970532318e+02 1.3122483102e-03 -1.7518555058e-03 1.3122483102e-03 1.5969352620e+02 -4.4003998206e-03 -1.7518555058e-03 -4.4003998206e-03 7.5385830909e+01
394.03065484 1.5971085065e+02 1.3028135731e-03 -1.7393421125e-03 1.3028135731e-03 1.5969913789e+02 -4.3690526532e-03 -1.7393421125e-03 -4.3690526532e-03 7.5385831145e+01
394.27554649 1.5971630480e+02 1.2935351358e-03 -1.7269944581e-03 1.2935351358e-03 1.5970467511e+02 -4.3381220600e-03 -1.7269944581e-03 -4.3381220600e-03 7.5385831379e+01
394.52043813 1.5972168702e+02 1.2844058478e-03 -1.7148093464e-03 1.2844058478e-03 1.5971013929e+02 -4.3076000254e-03 -1.7148093464e-03 -4.3076000254e-03 7.5385831611e+01
394.76532978 1.5972699869e+02 1.2754191673e-03 -1.7027836605e-03 1.2754191673e-03 1.5971553182e+02 -4.2774787322e-03 -1.7027836605e-03 -4.2774787322e-03 7.5385831840e+01
395.01022142 1.5973224115e+02 1.2665691158e-03 -1.6909143602e-03 1.2665691158e-03 1.5972085408e+02 -4.2477505565e-03 -1.6909143602e-03 -4.2477505565e-03 7.5385832067e+01
395.25511306 1.5973741571e+02 1.2578502298e-03 -1.6791984800e-03 1.2578502298e-03 1.5972610738e+02 -4.2184080616e-03 -1.6791984800e-03 -4.2184080616e-03 7.5385832292e+01
395.50000471 1.5974252364e+02 1.2492575136e-03 -1.6676331264e-03 1.2492575136e-03 1.5973129303e+02 -4.1894439924e-03 -1.6676331264e-03 -4.1894439924e-03 7.5385832515e+01
395.74489635 1.5974756618e+02 1.2407863941e-03 -1.6562154763e-03 1.2407863941e-03 1.5973641229e+02 -4.1608512706e-03 -1.6562154763e-03 -4.1608512706e-03 7.5385832735e+01
395.98978800 1.5975254455e+02 1.2324326784e-03 -1.6449427748e-03 1.2324326784e-03 1.5974146639e+02 -4.1326229887e-03 -1.6449427748e-03 -4.1326229887e-03 7.5385832954e+01
396.23467964 1.5975745994e+02 1.2241925136e-03 -1.6338123331e-03 1.2241925136e-03 1.5974645655e+02 -4.1047524058e-03 -1.6338123331e-03 -4.1047524058e-03 7.5385833171e+01
396.47957128 1.5976231350e+02 1.2160623510e-03 -1.6228215265e-03 1.2160623510e-03 1.5975138393e+02 -4.0772329424e-03 -1.6228215265e-03 -4.0772329424e-03 7.5385833385e+01
396.72446293 1.5976710636e+02 1.2080389135e-03 -1.6119677928e-03 1.2080389135e-03 1.5975624969e+02 -4.0500581757e-03 -1.6119677928e-03 -4.0500581757e-03 7.5385833598e+01
396.96935457 1.5977183963e+02 1.2001191655e-03 -1.6012486304e-03 1.2001191655e-03 1.5976105495e+02 -4.0232218354e-03 -1.6012486304e-03 -4.0232218354e-03 7.5385833809e+01
397.21424621 1.5977651439e+02 1.1923002873e-03 -1.5906615966e-03 1.1923002873e-03 1.5976580080e+02 -3.9967177991e-03 -1.5906615966e-03 -3.9967177991e-03 7.5385834018e+01
397.45913786 1.5978113169e+02 1.1845796509e-03 -1.5802043056e-03 1.1845796509e-03 1.5977048831e+02 -3.9705400880e-03 -1.5802043056e-03 -3.9705400880e-03 7.5385834226e+01
397.70402950 1.5978569255e+02 1.1769547996e-03 -1.5698744275e-03 1.1769547996e-03 1.5977511853e+02 -3.9446828633e-03 -1.5698744275e-03 -3.9446828633e-03 7.5385834432e+01
397.94892115 1.5979019799e+02 1.1694234294e-03 -1.5596696862e-03 1.1694234294e-03 1.5977969248e+02 -3.9191404216e-03 -1.5596696862e-03 -3.9191404216e-03 7.5385834636e+01
398.19381279 1.5979464898e+02 1.1619833728e-03 -1.5495878580e-03 1.1619833728e-03 1.5978421116e+02 -3.8939071917e-03 -1.5495878580e-03 -3.8939071917e-03 7.5385834838e+01
398.43870443 1.5979904649e+02 1.1546325847e-03 -1.5396267702e-03 1.1546325847e-03 1.5978867554e+02 -3.8689777306e-03 -1.5396267702e-03 -3.8689777306e-03 7.5385835039e+01
398.68359608 1.5980339144e+02 1.1473691293e-03 -1.5297842999e-03 1.1473691293e-03 1.5979308657e+02 -3.8443467198e-03 -1.5297842999e-03 -3.8443467198e-03 7.5385835238e+01
398.92848772 1.5980768477e+02 1.1401911697e-03 -1.5200583721e-03 1.1401911697e-03 1.5979744518e+02 -3.8200089624e-03 -1.5200583721e-03 -3.8200089624e-03 7.5385835436e+01
399.17337936 1.5981192735e+02 1.1330969574e-03 -1.5104469587e-03 1.1330969574e-03 1.5980175229e+02 -3.7959593790e-03 -1.5104469587e-03 -3.7959593790e-03 7.5385835633e+01
399.41827101 1.5981612008e+02 1.1260848247e-03 -1.5009480774e-03 1.1260848247e-03 1.5980600877e+02 -3.7721930052e-03 -1.5009480774e-03 -3.7721930052e-03 7.5385835828e+01
399.66316265 1.5982026380e+02 1.1191531760e-03 -1.4915597899e-03 1.1191531760e-03 1.5981021551e+02 -3.7487049880e-03 -1.4915597899e-03 -3.7487049880e-03 7.5385836021e+01
399.90805430 1.5982435935e+02 1.1123004825e-03 -1.4822802011e-03 1.1123004825e-03 1.5981437335e+02 -3.7254905827e-03 -1.4822802011e-03 -3.7254905827e-03 7.5385836213e+01
400.15294594 1.5982840755e+02 1.1055252751e-03 -1.4731074580e-03 1.1055252751e-03 1.5981848312e+02 -3.7025451506e-03 -1.4731074580e-03 -3.7025451506e-03 7.5385836404e+01
400.39783758 1.5983240920e+02 1.0988261404e-03 -1.4640397482e-03 1.0988261404e-03 1.5982254563e+02 -3.6798641554e-03 -1.4640397482e-03 -3.6798641554e-03 7.5385836594e+01
400.64272923 1.5983636508e+02 1.0922017152e-03 -1.4550752991e-03 1.0922017152e-03 1.5982656168e+02 -3.6574431609e-03 -1.4550752991e-03 -3.6574431609e-03 7.5385836783e+01
400.88762087 1.5984027597e+02 1.0856506834e-03 -1.4462123767e-03 1.0856506834e-03 1.5983053205e+02 -3.6352778282e-03 -1.4462123767e-03 -3.6352778282e-03 7.5385836970e+01
401.13251251 1.5984414259e+02 1.0791717716e-03 -1.4374492845e-03 1.0791717716e-03 1.5983445749e+02 -3.6133639130e-03 -1.4374492845e-03 -3.6133639130e-03 7.5385837156e+01
401.37740416 1.5984796570e+02 1.0727637466e-03 -1.4287843627e-03 1.0727637466e-03 1.5983833875e+02 -3.5916972634e-03 -1.4287843627e-03 -3.5916972634e-03 7.5385837341e+01
401.62229580 1.5985174601e+02 1.0664254124e-03 -1.4202159872e-03 1.0664254124e-03 1.5984217656e+02 -3.5702738172e-03 -1.4202159872e-03 -3.5702738172e-03 7.5385837525e+01
401.86718745 1.5985548421e+02 1.0601556075e-03 -1.4117425685e-03 1.0601556075e-03 1.5984597163e+02 -3.5490895997e-03 -1.4117425685e-03 -3.5490895997e-03 7.5385837708e+01
402.11207909 1.5985918100e+02 1.0539532032e-03 -1.4033625508e-03 1.0539532032e-03 1.5984972466e+02 -3.5281407213e-03 -1.4033625508e-03 -3.5281407213e-03 7.5385837890e+01
402.35697073 1.5986283705e+02 1.0478171012e-03 -1.3950744112e-03 1.0478171012e-03 1.5985343632e+02 -3.5074233754e-03 -1.3950744112e-03 -3.5074233754e-03 7.5385838071e+01
402.60186238 1.5986645301e+02 1.0417462317e-03 -1.3868766591e-03 1.0417462317e-03 1.5985710730e+02 -3.4869338362e-03 -1.3868766591e-03 -3.4869338362e-03 7.5385838251e+01
402.84675402 1.5987002953e+02 1.0357395524e-03 -1.3787678347e-03 1.0357395524e-03 1.5986073823e+02 -3.4666684566e-03 -1.3787678347e-03 -3.4666684566e-03 7.5385838430e+01
403.09164566 1.5987356724e+02 1.0297960466e-03 -1.3707465089e-03 1.0297960466e-03 1.5986432976e+02 -3.4466236663e-03 -1.3707465089e-03 -3.4466236663e-03 7.5385838608e+01
403.33653731 1.5987706675e+02 1.0239147218e-03 -1.3628112821e-03 1.0239147218e-03 1.5986788252e+02 -3.4267959697e-03 -1.3628112821e-03 -3.4267959697e-03 7.5385838786e+01
403.58142895 1.5988052868e+02 1.0180946090e-03 -1.3549607835e-03 1.0180946090e-03 1.5987139713e+02 -3.4071819441e-03 -1.3549607835e-03 -3.4071819441e-03 7.5385838962e+01
403.82632060 1.5988395361e+02 1.0123347613e-03 -1.3471936705e-03 1.0123347613e-03 1.5987487417e+02 -3.3877782379e-03 -1.3471936705e-03 -3.3877782379e-03 7.5385839138e+01
404.07121224 1.5988734212e+02 1.0066342529e-03 -1.3395086279e-03 1.0066342529e-03 1.5987831425e+02 -3.3685815686e-03 -1.3395086279e-03 -3.3685815686e-03 7.5385839313e+01
404.31610388 1.5989069479e+02 1.0009921783e-03 -1.3319043670e-03 1.0009921783e-03 1.5988171793e+02 -3.3495887213e-03 -1.3319043670e-03 -3.3495887213e-03 7.5385839488e+01
404.56099553 1.5989401216e+02 9.9540765165e-04 -1.3243796255e-03 9.9540765165e-04 1.5988508578e+02 -3.3307965471e-03 -1.3243796255e-03 -3.3307965471e-03 7.5385839661e+01
404.80588717 1.5989729478e+02 9.8987980558e-04 -1.3169331661e-03 9.8987980558e-04 1.5988841836e+02 -3.3122019610e-03 -1.3169331661e-03 -3.3122019610e-03 7.5385839834e+01
405.05077882 1.5990054320e+02 9.8440779087e-04 -1.3095637766e-03 9.8440779087e-04 1.5989171621e+02 -3.2938019410e-03 -1.3095637766e-03 -3.2938019410e-03 7.5385840007e+01
405.29567046 1.5990375792e+02 9.7899077565e-04 -1.3022702685e-03 9.7899077565e-04 1.5989497986e+02 -3.2755935258e-03 -1.3022702685e-03 -3.2755935258e-03 7.5385840179e+01
405.54056210 1.5990693946e+02 9.7362794482e-04 -1.2950514772e-03 9.7362794482e-04 1.5989820982e+02 -3.2575738140e-03 -1.2950514772e-03 -3.2575738140e-03 7.5385840350e+01
405.78545375 1.5991008833e+02 9.6831849951e-04 -1.2879062609e-03 9.6831849951e-04 1.5990140662e+02 -3.2397399624e-03 -1.2879062609e-03 -3.2397399624e-03 7.5385840521e+01
406.03034539 1.5991320502e+02 9.6306165652e-04 -1.2808335000e-03 9.6306165652e-04 1.5990457075e+02 -3.2220891842e-03 -1.2808335000e-03 -3.2220891842e-03 7.5385840691e+01
406.27523703 1.5991629002e+02 9.5785664787e-04 -1.2738320970e-03 9.5785664787e-04 1.5990770270e+02 -3.2046187483e-03 -1.2738320970e-03 -3.2046187483e-03 7.5385840861e+01
406.52012868 1.5991934378e+02 9.5270272030e-04 -1.2669009756e-03 9.5270272030e-04 1.5991080295e+02 -3.1873259776e-03 -1.2669009756e-03 -3.1873259776e-03 7.5385841030e+01
406.76502032 1.5992236679e+02 9.4759913488e-04 -1.2600390800e-03 9.4759913488e-04 1.5991387197e+02 -3.1702082478e-03 -1.2600390800e-03 -3.1702082478e-03 7.5385841199e+01
407.00991197 1.5992535949e+02 9.4254516655e-04 -1.2532453751e-03 9.4254516655e-04 1.5991691023e+02 -3.1532629860e-03 -1.2532453751e-03 -3.1532629860e-03 7.5385841368e+01
407.25480361 1.5992832234e+02 9.3754010377e-04 -1.2465188453e-03 9.3754010377e-04 1.5991991818e+02 -3.1364876698e-03 -1.2465188453e-03 -3.1364876698e-03 7.5385841536e+01
407.49969525 1.5993125576e+02 9.3258324814e-04 -1.2398584942e-03 9.3258324814e-04 1.5992289626e+02 -3.1198798257e-03 -1.2398584942e-03 -3.1198798257e-03 7.5385841705e+01
407.74458690 1.5993416019e+02 9.2767391402e-04 -1.2332633444e-03 9.2767391402e-04 1.5992584490e+02 -3.1034370284e-03 -1.2332633444e-03 -3.1034370284e-03 7.5385841872e+01
407.98947854 1.5993703605e+02 9.2281142824e-04 -1.2267324369e-03 9.2281142824e-04 1.5992876455e+02 -3.0871568994e-03 -1.2267324369e-03 -3.0871568994e-03 7.5385842040e+01
408.23437018 1.5993988376e+02 9.1799512974e-04 -1.2202648305e-03 9.1799512974e-04 1.5993165561e+02 -3.0710371060e-03 -1.2202648305e-03 -3.0710371060e-03 7.5385842207e+01
408.47926183 1.5994270371e+02 9.1322436929e-04 -1.2138596014e-03 9.1322436929e-04 1.5993451850e+02 -3.0550753602e-03 -1.2138596014e-03 -3.0550753602e-03 7.5385842375e+01
408.72415347 1.5994549631e+02 9.0849850919e-04 -1.2075158432e-03 9.0849850919e-04 1.5993735362e+02 -3.0392694176e-03 -1.2075158432e-03 -3.0392694176e-03 7.5385842542e+01
408.96904512 1.5994826195e+02 9.0381692295e-04 -1.2012326658e-03 9.0381692295e-04 1.5994016136e+02 -3.0236170768e-03 -1.2012326658e-03 -3.0236170768e-03 7.5385842709e+01
409.21393676 1.5995100101e+02 8.9917899508e-04 -1.1950091958e-03 8.9917899508e-04 1.5994294212e+02 -3.0081161780e-03 -1.1950091958e-03 -3.0081161780e-03 7.5385842876e+01
409.45882840 1.5995371386e+02 8.9458412077e-04 -1.1888445752e-03 8.9458412077e-04 1.5994569628e+02 -2.9927646022e-03 -1.1888445752e-03 -2.9927646022e-03 7.5385843043e+01
409.70372005 1.5995640087e+02 8.9003170568e-04 -1.1827379619e-03 8.9003170568e-04 1.5994842422e+02 -2.9775602703e-03 -1.1827379619e-03 -2.9775602703e-03 7.5385843210e+01
409.94861169 1.5995906241e+02 8.8552116566e-04 -1.1766885288e-03 8.8552116566e-04 1.5995112629e+02 -2.9625011422e-03 -1.1766885288e-03 -2.9625011422e-03 7.5385843377e+01
410.19350333 1.5996169884e+02 8.8105192653e-04 -1.1706954636e-03 8.8105192653e-04 1.5995380286e+02 -2.9475852160e-03 -1.1706954636e-03 -2.9475852160e-03 7.5385843544e+01
410.43839498 1.5996431049e+02 8.7662342385e-04 -1.1647579684e-03 8.7662342385e-04 1.5995645429e+02 -2.9328105271e-03 -1.1647579684e-03 -2.9328105271e-03 7.5385843711e+01
410.68328662 1.5996689772e+02 8.7223510270e-04 -1.1588752595e-03 8.7223510270e-04 1.5995908092e+02 -2.9181751474e-03 -1.1588752595e-03 -2.9181751474e-03 7.5385843879e+01
410.92817827 1.5996946086e+02 8.6788641745e-04 -1.1530465669e-03 8.6788641745e-04 1.5996168309e+02 -2.9036771844e-03 -1.1530465669e-03 -2.9036771844e-03 7.5385844046e+01
411.17306991 1.5997200023e+02 8.6357683155e-04 -1.1472711341e-03 8.6357683155e-04 1.5996426114e+02 -2.8893147808e-03 -1.1472711341e-03 -2.8893147808e-03 7.5385844214e+01
411.41796155 1.5997451617e+02 8.5930581734e-04 -1.1415482177e-03 8.5930581734e-04 1.5996681540e+02 -2.8750861130e-03 -1.1415482177e-03 -2.8750861130e-03 7.5385844382e+01
411.66285320 1.5997700900e+02 8.5507285586e-04 -1.1358770872e-03 8.5507285586e-04 1.5996934619e+02 -2.8609893914e-03 -1.1358770872e-03 -2.8609893914e-03 7.5385844550e+01
411.90774484 1.5997947902e+02 8.5087743661e-04 -1.1302570244e-03 8.5087743661e-04 1.5997185383e+02 -2.8470228587e-03 -1.1302570244e-03 -2.8470228587e-03 7.5385844719e+01
412.15263648 1.5998192654e+02 8.4671905742e-04 -1.1246873237e-03 8.4671905742e-04 1.5997433863e+02 -2.8331847898e-03 -1.1246873237e-03 -2.8331847898e-03 7.5385844888e+01
412.39752813 1.5998435186e+02 8.4259722421e-04 -1.1191672912e-03 8.4259722421e-04 1.5997680090e+02 -2.8194734911e-03 -1.1191672912e-03 -2.8194734911e-03 7.5385845058e+01
412.64241977 1.5998675529e+02 8.3851145086e-04 -1.1136962446e-03 8.3851145086e-04 1.5997924094e+02 -2.8058872995e-03 -1.1136962446e-03 -2.8058872995e-03 7.5385845227e+01
412.88731142 1.5998913711e+02 8.3446125900e-04 -1.1082735134e-03 8.3446125900e-04 1.5998165904e+02 -2.7924245821e-03 -1.1082735134e-03 -2.7924245821e-03 7.5385845398e+01
413.13220306 1.5999149760e+02 8.3044617785e-04 -1.1028984378e-03 8.3044617785e-04 1.5998405549e+02 -2.7790837354e-03 -1.1028984378e-03 -2.7790837354e-03 7.5385845569e+01
413.37709470 1.5999383706e+02 8.2646574408e-04 -1.0975703690e-03 8.2646574408e-04 1.5998643059e+02 -2.7658631849e-03 -1.0975703690e-03 -2.7658631849e-03 7.5385845740e+01
413.62198635 1.5999615575e+02 8.2251950157e-04 -1.0922886691e-03 8.2251950157e-04 1.5998878461e+02 -2.7527613843e-03 -1.0922886691e-03 -2.7527613843e-03 7.5385845913e+01
413.86687799 1.5999845395e+02 8.1860700136e-04 -1.0870527101e-03 8.1860700136e-04 1.5999111782e+02 -2.7397768149e-03 -1.0870527101e-03 -2.7397768149e-03 7.5385846085e+01
414.11176963 1.6000073193e+02 8.1472780138e-04 -1.0818618745e-03 8.1472780138e-04 1.5999343050e+02 -2.7269079853e-03 -1.0818618745e-03 -2.7269079853e-03 7.5385846259e+01
414.35666128 1.6000298994e+02 8.1088146638e-04 -1.0767155546e-03 8.1088146638e-04 1.5999572291e+02 -2.7141534307e-03 -1.0767155546e-03 -2.7141534307e-03 7.5385846433e+01
414.60155292 1.6000522824e+02 8.0706756775e-04 -1.0716131523e-03 8.0706756775e-04 1.5999799532e+02 -2.7015117123e-03 -1.0716131523e-03 -2.7015117123e-03 7.5385846608e+01
414.84644457 1.6000744710e+02 8.0328568336e-04 -1.0665540789e-03 8.0328568336e-04 1.6000024798e+02 -2.6889814169e-03 -1.0665540789e-03 -2.6889814169e-03 7.5385846784e+01
415.09133621 1.6000964675e+02 7.9953539744e-04 -1.0615377550e-03 7.9953539744e-04 1.6000248115e+02 -2.6765611566e-03 -1.0615377550e-03 -2.6765611566e-03 7.5385846961e+01
415.33622785 1.6001182744e+02 7.9581630043e-04 -1.0565636103e-03 7.9581630043e-04 1.6000469507e+02 -2.6642495679e-03 -1.0565636103e-03 -2.6642495679e-03 7.5385847139e+01
415.58111950 1.6001398942e+02 7.9212798882e-04 -1.0516310830e-03 7.9212798882e-04 1.6000689000e+02 -2.6520453114e-03 -1.0516310830e-03 -2.6520453114e-03 7.5385847317e+01
415.82601114 1.6001613291e+02 7.8847006507e-04 -1.0467396201e-03 7.8847006507e-04 1.6000906616e+02 -2.6399470715e-03 -1.0467396201e-03 -2.6399470715e-03 7.5385847497e+01
416.07090279 1.6001825816e+02 7.8484213740e-04 -1.0418886768e-03 7.8484213740e-04 1.6001122379e+02 -2.6279535558e-03 -1.0418886768e-03 -2.6279535558e-03 7.5385847678e+01
416.31579443 1.6002036539e+02 7.8124381972e-04 -1.0370777167e-03 7.8124381972e-04 1.6001336314e+02 -2.6160634948e-03 -1.0370777167e-03 -2.6160634948e-03 7.5385847860e+01
416.56068607 1.6002245483e+02 7.7767473149e-04 -1.0323062111e-03 7.7767473149e-04 1.6001548442e+02 -2.6042756413e-03 -1.0323062111e-03 -2.6042756413e-03 7.5385848044e+01
416.80557772 1.6002452670e+02 7.7413449757e-04 -1.0275736392e-03 7.7413449757e-04 1.6001758787e+02 -2.5925887701e-03 -1.0275736392e-03 -2.5925887701e-03 7.5385848228e+01
417.05046936 1.6002658121e+02 7.7062274811e-04 -1.0228794878e-03 7.7062274811e-04 1.6001967370e+02 -2.5810016775e-03 -1.0228794878e-03 -2.5810016775e-03 7.5385848414e+01
417.29536100 1.6002861859e+02 7.6713911845e-04 -1.0182232510e-03 7.6713911845e-04 1.6002174213e+02 -2.5695131812e-03 -1.0182232510e-03 -2.5695131812e-03 7.5385848601e+01
417.54025265 1.6003063904e+02 7.6368324895e-04 -1.0136044304e-03 7.6368324895e-04 1.6002379337e+02 -2.5581221196e-03 -1.0136044304e-03 -2.5581221196e-03 7.5385848790e+01
417.78514429 1.6003264277e+02 7.6025478493e-04 -1.0090225344e-03 7.6025478493e-04 1.6002582764e+02 -2.5468273515e-03 -1.0090225344e-03 -2.5468273515e-03 7.5385848980e+01
418.03003594 1.6003462998e+02 7.5685337653e-04 -1.0044770781e-03 7.5685337653e-04 1.6002784514e+02 -2.5356277560e-03 -1.0044770781e-03 -2.5356277560e-03 7.5385849172e+01
418.27492758 1.6003660087e+02 7.5347867857e-04 -9.9996758377e-04 7.5347867857e-04 1.6002984608e+02 -2.5245222317e-03 -9.9996758377e-04 -2.5245222317e-03 7.5385849365e+01
418.51981922 1.6003855565e+02 7.5013035048e-04 -9.9549357982e-04 7.5013035048e-04 1.6003183066e+02 -2.5135096969e-03 -9.9549357982e-04 -2.5135096969e-03 7.5385849560e+01
418.76471087 1.6004049450e+02 7.4680805620e-04 -9.9105460117e-04 7.4680805620e-04 1.6003379908e+02 -2.5025890889e-03 -9.9105460117e-04 -2.5025890889e-03 7.5385849757e+01
419.00960251 1.6004241763e+02 7.4351146401e-04 -9.8665018895e-04 7.4351146401e-04 1.6003575152e+02 -2.4917593637e-03 -9.8665018895e-04 -2.4917593637e-03 7.5385849956e+01
419.25449415 1.6004432521e+02 7.4024024650e-04 -9.8227989032e-04 7.4024024650e-04 1.6003768818e+02 -2.4810194957e-03 -9.8227989032e-04 -2.4810194957e-03 7.5385850156e+01
419.49938580 1.6004621743e+02 7.3699408042e-04 -9.7794325834e-04 7.3699408042e-04 1.6003960926e+02 -2.4703684777e-03 -9.7794325834e-04 -2.4703684777e-03 7.5385850359e+01
419.74427744 1.6004809447e+02 7.3377264659e-04 -9.7363985181e-04 7.3377264659e-04 1.6004151492e+02 -2.4598053201e-03 -9.7363985181e-04 -2.4598053201e-03 7.5385850563e+01
419.98916909 1.6004995652e+02 7.3057562984e-04 -9.6936923514e-04 7.3057562984e-04 1.6004340537e+02 -2.4493290512e-03 -9.6936923514e-04 -2.4493290512e-03 7.5385850770e+01
420.23406073 1.6005180375e+02 7.2740271884e-04 -9.6513097821e-04 7.2740271884e-04 1.6004528076e+02 -2.4389387161e-03 -9.6513097821e-04 -2.4389387161e-03 7.5385850979e+01
420.47895237 1.6005363634e+02 7.2425360609e-04 -9.6092465621e-04 7.2425360609e-04 1.6004714130e+02 -2.4286333773e-03 -9.6092465621e-04 -2.4286333773e-03 7.5385851190e+01
420.72384402 1.6005545445e+02 7.2112798778e-04 -9.5674984953e-04 7.2112798778e-04 1.6004898714e+02 -2.4184121139e-03 -9.5674984953e-04 -2.4184121139e-03 7.5385851404e+01
420.96873566 1.6005725825e+02 7.1802556373e-04 -9.5260614364e-04 7.1802556373e-04 1.6005081845e+02 -2.4082740214e-03 -9.5260614364e-04 -2.4082740214e-03 7.5385851620e+01
421.21362730 1.6005904792e+02 7.1494603729e-04 -9.4849312893e-04 7.1494603729e-04 1.6005263542e+02 -2.3982182114e-03 -9.4849312893e-04 -2.3982182114e-03 7.5385851839e+01
421.45851895 1.6006082361e+02 7.1188911528e-04 -9.4441040064e-04 7.1188911528e-04 1.6005443819e+02 -2.3882438115e-03 -9.4441040064e-04 -2.3882438115e-03 7.5385852060e+01
421.70341059 1.6006258549e+02 7.0885450790e-04 -9.4035755873e-04 7.0885450790e-04 1.6005622695e+02 -2.3783499649e-03 -9.4035755873e-04 -2.3783499649e-03 7.5385852284e+01
421.94830224 1.6006433371e+02 7.0584192868e-04 -9.3633420777e-04 7.0584192868e-04 1.6005800184e+02 -2.3685358302e-03 -9.3633420777e-04 -2.3685358302e-03 7.5385852511e+01
422.19319388 1.6006606844e+02 7.0285109439e-04 -9.3233995688e-04 7.0285109439e-04 1.6005976303e+02 -2.3588005809e-03 -9.3233995688e-04 -2.3588005809e-03 7.5385852741e+01
422.43808552 1.6006778981e+02 6.9988172501e-04 -9.2837441959e-04 6.9988172501e-04 1.6006151067e+02 -2.3491434054e-03 -9.2837441959e-04 -2.3491434054e-03 7.5385852974e+01
422.68297717 1.6006949800e+02 6.9693354368e-04 -9.2443721383e-04 6.9693354368e-04 1.6006324491e+02 -2.3395635067e-03 -9.2443721383e-04 -2.3395635067e-03 7.5385853210e+01
422.92786881 1.6007119314e+02 6.9400627662e-04 -9.2052796182e-04 6.9400627662e-04 1.6006496592e+02 -2.3300601018e-03 -9.2052796182e-04 -2.3300601018e-03 7.5385853449e+01
423.17276045 1.6007287538e+02 6.9109965314e-04 -9.1664629004e-04 6.9109965314e-04 1.6006667383e+02 -2.3206324217e-03 -9.1664629004e-04 -2.3206324217e-03 7.5385853692e+01
423.41765210 1.6007454487e+02 6.8821340558e-04 -9.1279182920e-04 6.8821340558e-04 1.6006836880e+02 -2.3112797108e-03 -9.1279182920e-04 -2.3112797108e-03 7.5385853938e+01
423.66254374 1.6007620175e+02 6.8534726934e-04 -9.0896421420e-04 6.8534726934e-04 1.6007005097e+02 -2.3020012270e-03 -9.0896421420e-04 -2.3020012270e-03 7.5385854187e+01
423.90743539 1.6007784616e+02 6.8250098281e-04 -9.0516308417e-04 6.8250098281e-04 1.6007172047e+02 -2.2927962408e-03 -9.0516308417e-04 -2.2927962408e-03 7.5385854440e+01
424.15232703 1.6007947825e+02 6.7967428746e-04 -9.0138808242e-04 6.7967428746e-04 1.6007337747e+02 -2.2836640352e-03 -9.0138808242e-04 -2.2836640352e-03 7.5385854697e+01
424.39721867 1.6008109813e+02 6.7686692781e-04 -8.9763885659e-04 6.7686692781e-04 1.6007502208e+02 -2.2746039054e-03 -8.9763885659e-04 -2.2746039054e-03 7.5385854958e+01
424.64211032 1.6008270596e+02 6.7407865151e-04 -8.9391505863e-04 6.7407865151e-04 1.6007665445e+02 -2.2656151580e-03 -8.9391505863e-04 -2.2656151580e-03 7.5385855223e+01
424.88700196 1.6008430186e+02 6.7130920940e-04 -8.9021634496e-04 6.7130920940e-04 1.6007827472e+02 -2.2566971107e-03 -8.9021634496e-04 -2.2566971107e-03 7.5385855492e+01
425.13189361 1.6008588597e+02 6.6855835562e-04 -8.8654237660e-04 6.6855835562e-04 1.6007988301e+02 -2.2478490917e-03 -8.8654237660e-04 -2.2478490917e-03 7.5385855765e+01
425.37678525 1.6008745841e+02 6.6582584768e-04 -8.8289281938e-04 6.6582584768e-04 1.6008147946e+02 -2.2390704391e-03 -8.8289281938e-04 -2.2390704391e-03 7.5385856042e+01
425.62167689 1.6008901931e+02 6.6311144670e-04 -8.7926734413e-04 6.6311144670e-04 1.6008306419e+02 -2.2303605001e-03 -8.7926734413e-04 -2.2303605001e-03 7.5385856324e+01
425.86656854 1.6009056879e+02 6.6041491754e-04 -8.7566562702e-04 6.6041491754e-04 1.6008463734e+02 -2.2217186305e-03 -8.7566562702e-04 -2.2217186305e-03 7.5385856610e+01
426.11146018 1.6009210698e+02 6.5773602904e-04 -8.7208734991e-04 6.5773602904e-04 1.6008619902e+02 -2.2131441935e-03 -8.7208734991e-04 -2.2131441935e-03 7.5385856901e+01
426.35635182 1.6009363400e+02 6.5507455436e-04 -8.6853220077e-04 6.5507455436e-04 1.6008774937e+02 -2.2046365589e-03 -8.6853220077e-04 -2.2046365589e-03 7.5385857197e+01
426.60124347 1.6009514997e+02 6.5243027124e-04 -8.6499987419e-04 6.5243027124e-04 1.6008928849e+02 -2.1961951018e-03 -8.6499987419e-04 -2.1961951018e-03 7.5385857498e+01
426.84613511 1.6009665501e+02 6.4980296249e-04 -8.6149007204e-04 6.4980296249e-04 1.6009081652e+02 -2.1878192017e-03 -8.6149007204e-04 -2.1878192017e-03 7.5385857803e+01
427.09102676 1.6009814923e+02 6.4719241642e-04 -8.5800250417e-04 6.4719241642e-04 1.6009233358e+02 -2.1795082406e-03 -8.5800250417e-04 -2.1795082406e-03 7.5385858113e+01
427.33591840 1.6009963276e+02 6.4459842746e-04 -8.5453688930e-04 6.4459842746e-04 1.6009383976e+02 -2.1712616016e-03 -8.5453688930e-04 -2.1712616016e-03 7.5385858429e+01
427.58081004 1.6010110569e+02 6.4202079679e-04 -8.5109295603e-04 6.4202079679e-04 1.6009533521e+02 -2.1630786671e-03 -8.5109295603e-04 -2.1630786671e-03 7.5385858749e+01
427.82570169 1.6010256815e+02 6.3945933315e-04 -8.4767044400e-04 6.3945933315e-04 1.6009682001e+02 -2.1549588163e-03 -8.4767044400e-04 -2.1549588163e-03 7.5385859074e+01
428.07059333 1.6010402024e+02 6.3691385378e-04 -8.4426910534e-04 6.3691385378e-04 1.6009829430e+02 -2.1469014231e-03 -8.4426910534e-04 -2.1469014231e-03 7.5385859405e+01
428.31548497 1.6010546208e+02 6.3438418546e-04 -8.4088870627e-04 6.3438418546e-04 1.6009975817e+02 -2.1389058529e-03 -8.4088870627e-04 -2.1389058529e-03 7.5385859740e+01
428.56037662 1.6010689376e+02 6.3187016582e-04 -8.3752902899e-04 6.3187016582e-04 1.6010121174e+02 -2.1309714597e-03 -8.3752902899e-04 -2.1309714597e-03 7.5385860081e+01
428.80526826 1.6010831540e+02 6.2937164476e-04 -8.3418987389e-04 6.2937164476e-04 1.6010265512e+02 -2.1230975819e-03 -8.3418987389e-04 -2.1230975819e-03 7.5385860427e+01
429.05015991 1.6010972710e+02 6.2688848616e-04 -8.3087106211e-04 6.2688848616e-04 1.6010408840e+02 -2.1152835385e-03 -8.3087106211e-04 -2.1152835385e-03 7.5385860777e+01
429.29505155 1.6011112896e+02 6.2442056985e-04 -8.2757243851e-04 6.2442056985e-04 1.6010551170e+02 -2.1075286237e-03 -8.2757243851e-04 -2.1075286237e-03 7.5385861132e+01
429.53994319 1.6011252108e+02 6.2196779388e-04 -8.2429387506e-04 6.2196779388e-04 1.6010692511e+02 -2.0998321014e-03 -8.2429387506e-04 -2.0998321014e-03 7.5385861491e+01
429.78483484 1.6011390357e+02 6.1953007716e-04 -8.2103527487e-04 6.1953007716e-04 1.6010832874e+02 -2.0921931987e-03 -8.2103527487e-04 -2.0921931987e-03 7.5385861854e+01
430.02972648 1.6011527652e+02 6.1710736252e-04 -8.1779657672e-04 6.1710736252e-04 1.6010972269e+02 -2.0846110980e-03 -8.1779657672e-04 -2.0846110980e-03 7.5385862221e+01
430.27461812 1.6011664003e+02 6.1469962017e-04 -8.1457776036e-04 6.1469962017e-04 1.6011110705e+02 -2.0770849290e-03 -8.1457776036e-04 -2.0770849290e-03 7.5385862591e+01
430.51950977 1.6011799419e+02 6.1230685178e-04 -8.1137885260e-04 6.1230685178e-04 1.6011248193e+02 -2.0696137582e-03 -8.1137885260e-04 -2.0696137582e-03 7.5385862964e+01
430.76440141 1.6011933910e+02 6.0992909513e-04 -8.0819993427e-04 6.0992909513e-04 1.6011384741e+02 -2.0621965778e-03 -8.0819993427e-04 -2.0621965778e-03 7.5385863338e+01
431.00929306 1.6012067485e+02 6.0756642936e-04 -8.0504114827e-04 6.0756642936e-04 1.6011520360e+02 -2.0548322928e-03 -8.0504114827e-04 -2.0548322928e-03 7.5385863714e+01
431.25418470 1.6012200154e+02 6.0521898115e-04 -8.0190270867e-04 6.0521898115e-04 1.6011655059e+02 -2.0475197058e-03 -8.0190270867e-04 -2.0475197058e-03 7.5385864090e+01
431.49907634 1.6012331925e+02 6.0288693160e-04 -7.9878491126e-04 6.0288693160e-04 1.6011788846e+02 -2.0402575005e-03 -7.9878491126e-04 -2.0402575005e-03 7.5385864464e+01
431.74396799 1.6012462808e+02 6.0057052419e-04 -7.9568814538e-04 6.0057052419e-04 1.6011921731e+02 -2.0330442223e-03 -7.9568814538e-04 -2.0330442223e-03 7.5385864836e+01
431.98885963 1.6012592811e+02 5.9827007370e-04 -7.9261290743e-04 5.9827007370e-04 1.6012053723e+02 -2.0258782568e-03 -7.9261290743e-04 -2.0258782568e-03 7.5385865204e+01
432.23375127 1.6012721943e+02 5.9598597629e-04 -7.8955981604e-04 5.9598597629e-04 1.6012184830e+02 -2.0187578049e-03 -7.8955981604e-04 -2.0187578049e-03 7.5385865565e+01
432.47864292 1.6012850212e+02 5.9371872089e-04 -7.8652962917e-04 5.9371872089e-04 1.6012315062e+02 -2.0116808558e-03 -7.8652962917e-04 -2.0116808558e-03 7.5385865918e+01
432.72353456 1.6012977628e+02 5.9146890177e-04 -7.8352326304e-04 5.9146890177e-04 1.6012444426e+02 -2.0046451567e-03 -7.8352326304e-04 -2.0046451567e-03 7.5385866260e+01
432.96842621 1.6013104198e+02 5.8923723244e-04 -7.8054181312e-04 5.8923723244e-04 1.6012572932e+02 -1.9976481783e-03 -7.8054181312e-04 -1.9976481783e-03 7.5385866588e+01
433.21331785 1.6013229930e+02 5.8702456093e-04 -7.7758657699e-04 5.8702456093e-04 1.6012700587e+02 -1.9906870793e-03 -7.7758657699e-04 -1.9906870793e-03 7.5385866898e+01
433.45820949 1.6013354833e+02 5.8483188610e-04 -7.7465907903e-04 5.8483188610e-04 1.6012827399e+02 -1.9837586656e-03 -7.7465907903e-04 -1.9837586656e-03 7.5385867186e+01
433.70310114 1.6013478915e+02 5.8266037504e-04 -7.7176109650e-04 5.8266037504e-04 1.6012953377e+02 -1.9768593495e-03 -7.7176109650e-04 -1.9768593495e-03 7.5385867447e+01
433.94799278 1.6013602183e+02 5.8051138099e-04 -7.6889468658e-04 5.8051138099e-04 1.6013078528e+02 -1.9699851058e-03 -7.6889468658e-04 -1.9699851058e-03 7.5385867676e+01
434.19288443 1.6013724646e+02 5.7838646128e-04 -7.6606221332e-04 5.7838646128e-04 1.6013202860e+02 -1.9631314287e-03 -7.6606221332e-04 -1.9631314287e-03 7.5385867867e+01
434.43777607 1.6013846310e+02 5.7628739444e-04 -7.6326637343e-04 5.7628739444e-04 1.6013326381e+02 -1.9562932905e-03 -7.6326637343e-04 -1.9562932905e-03 7.5385868013e+01
434.68266771 1.6013967184e+02 5.7421619531e-04 -7.6051021897e-04 5.7421619531e-04 1.6013449098e+02 -1.9494651054e-03 -7.6051021897e-04 -1.9494651054e-03 7.5385868107e+01
434.92755936 1.6014087275e+02 5.7217512648e-04 -7.5779717464e-04 5.7217512648e-04 1.6013571018e+02 -1.9426407015e-03 -7.5779717464e-04 -1.9426407015e-03 7.5385868139e+01
435.17245100 1.6014206591e+02 5.7016670405e-04 -7.5513104636e-04 5.7016670405e-04 1.6013692149e+02 -1.9358133069e-03 -7.5513104636e-04 -1.9358133069e-03 7.5385868100e+01
435.41734264 1.6014325137e+02 5.6819369497e-04 -7.5251601737e-04 5.6819369497e-04 1.6013812497e+02 -1.9289755560e-03 -7.5251601737e-04 -1.9289755560e-03 7.5385867980e+01
435.66223429 1.6014442922e+02 5.6625910278e-04 -7.4995662668e-04 5.6625910278e-04 1.6013932070e+02 -1.9221195238e-03 -7.4995662668e-04 -1.9221195238e-03 7.5385867767e+01
435.90712593 1.6014559953e+02 5.6436613788e-04 -7.4745772442e-04 5.6436613788e-04 1.6014050874e+02 -1.9152367968e-03 -7.4745772442e-04 -1.9152367968e-03 7.5385867449e+01
436.15201758 1.6014676236e+02 5.6251816814e-04 -7.4502439743e-04 5.6251816814e-04 1.6014168916e+02 -1.9083185921e-03 -7.4502439743e-04 -1.9083185921e-03 7.5385867014e+01
436.39690922 1.6014791778e+02 5.6071864534e-04 -7.4266185866e-04 5.6071864534e-04 1.6014286203e+02 -1.9013559333e-03 -7.4266185866e-04 -1.9013559333e-03 7.5385866449e+01
436.64180086 1.6014906587e+02 5.5897100345e-04 -7.4037529404e-04 5.5897100345e-04 1.6014402740e+02 -1.8943398955e-03 -7.4037529404e-04 -1.8943398955e-03 7.5385865741e+01
436.88669251 1.6015020667e+02 5.5727852550e-04 -7.3816966213e-04 5.5727852550e-04 1.6014518535e+02 -1.8872619249e-03 -7.3816966213e-04 -1.8872619249e-03 7.5385864877e+01
437.13158415 1.6015134027e+02 5.5564417785e-04 -7.3604944477e-04 5.5564417785e-04 1.6014633593e+02 -1.8801142366e-03 -7.3604944477e-04 -1.8801142366e-03 7.5385863847e+01
437.37647579 1.6015246672e+02 5.5407041364e-04 -7.3401835137e-04 5.5407041364e-04 1.6014747921e+02 -1.8728902872e-03 -7.3401835137e-04 -1.8728902872e-03 7.5385862641e+01
437.62136744 1.6015358610e+02 5.5255895164e-04 -7.3207898596e-04 5.5255895164e-04 1.6014861526e+02 -1.8655853061e-03 -7.3207898596e-04 -1.8655853061e-03 7.5385861252e+01
437.86625908 1.6015469846e+02 5.5111054163e-04 -7.3023249425e-04 5.5111054163e-04 1.6014974414e+02 -1.8581968588e-03 -7.3023249425e-04 -1.8581968588e-03 7.5385859679e+01
438.11115073 1.6015580387e+02 5.4972473367e-04 -7.2847821641e-04 5.4972473367e-04 1.6015086592e+02 -1.8507254017e-03 -7.2847821641e-04 -1.8507254017e-03 7.5385857920e+01
438.35604237 1.6015690239e+02 5.4839967388e-04 -7.2681337973e-04 5.4839967388e-04 1.6015198065e+02 -1.8431747726e-03 -7.2681337973e-04 -1.8431747726e-03 7.5385855984e+01
438.60093401 1.6015799410e+02 5.4713195314e-04 -7.2523287096e-04 5.4713195314e-04 1.6015308842e+02 -1.8355525540e-03 -7.2523287096e-04 -1.8355525540e-03 7.5385853882e+01
438.84582566 1.6015907905e+02 5.4591653602e-04 -7.2372912935e-04 5.4591653602e-04 1.6015418929e+02 -1.8278702439e-03 -7.2372912935e-04 -1.8278702439e-03 7.5385851632e+01
439.09071730 1.6016015731e+02 5.4474679326e-04 -7.2229219554e-04 5.4474679326e-04 1.6015528334e+02 -1.8201431777e-03 -7.2229219554e-04 -1.8201431777e-03 7.5385849258e+01
439.33560894 1.6016122894e+02 5.4361465259e-04 -7.2090993855e-04 5.4361465259e-04 1.6015637063e+02 -1.8123901657e-03 -7.2090993855e-04 -1.8123901657e-03 7.5385846787e+01
439.58050059 1.6016229402e+02 5.4251086960e-04 -7.1956846329e-04 5.4251086960e-04 1.6015745125e+02 -1.8046328417e-03 -7.1956846329e-04 -1.8046328417e-03 7.5385844254e+01
439.82539223 1.6016335260e+02 5.4142540399e-04 -7.1825267689e-04 5.4142540399e-04 1.6015852527e+02 -1.7968947594e-03 -7.1825267689e-04 -1.7968947594e-03 7.5385841694e+01
440.07028388 1.6016440475e+02 5.4034787156e-04 -7.1694696879e-04 5.4034787156e-04 1.6015959277e+02 -1.7892003053e-03 -7.1694696879e-04 -1.7892003053e-03 7.5385839145e+01
440.31517552 1.6016545054e+02 5.3926802984e-04 -7.1563594152e-04 5.3926802984e-04 1.6016065382e+02 -1.7815735324e-03 -7.1563594152e-04 -1.7815735324e-03 7.5385836643e+01
440.56006716 1.6016649003e+02 5.3817624994e-04 -7.1430512076e-04 5.3817624994e-04 1.6016170849e+02 -1.7740370257e-03 -7.1430512076e-04 -1.7740370257e-03 7.5385834223e+01
440.80495881 1.6016752328e+02 5.3706392937e-04 -7.1294157661e-04 5.3706392937e-04 1.6016275685e+02 -1.7666109102e-03 -7.1294157661e-04 -1.7666109102e-03 7.5385831915e+01
441.04985045 1.6016855034e+02 5.3592381033e-04 -7.1153440252e-04 5.3592381033e-04 1.6016379898e+02 -1.7593120858e-03 -7.1153440252e-04 -1.7593120858e-03 7.5385829745e+01
441.29474209 1.6016957129e+02 5.3475018211e-04 -7.1007501986e-04 5.3475018211e-04 1.6016483494e+02 -1.7521537412e-03 -7.1007501986e-04 -1.7521537412e-03 7.5385827734e+01
441.53963374 1.6017058617e+02 5.3353896264e-04 -7.0855730067e-04 5.3353896264e-04 1.6016586478e+02 -1.7451451575e-03 -7.0855730067e-04 -1.7451451575e-03 7.5385825896e+01
441.78452538 1.6017159504e+02 5.3228766883e-04 -7.0697752301e-04 5.3228766883e-04 1.6016688858e+02 -1.7382917793e-03 -7.0697752301e-04 -1.7382917793e-03 7.5385824240e+01
442.02941703 1.6017259795e+02 5.3099529609e-04 -7.0533418968e-04 5.3099529609e-04 1.6016790637e+02 -1.7315955046e-03 -7.0533418968e-04 -1.7315955046e-03 7.5385822769e+01
442.27430867 1.6017359497e+02 5.2966213321e-04 -7.0362774960e-04 5.2966213321e-04 1.6016891822e+02 -1.7250551291e-03 -7.0362774960e-04 -1.7250551291e-03 7.5385821481e+01
442.51920031 1.6017458613e+02 5.2828953978e-04 -7.0186026296e-04 5.2828953978e-04 1.6016992418e+02 -1.7186668813e-03 -7.0186026296e-04 -1.7186668813e-03 7.5385820372e+01
442.76409196 1.6017557148e+02 5.2687971088e-04 -7.0003504699e-04 5.2687971088e-04 1.6017092429e+02 -1.7124249875e-03 -7.0003504699e-04 -1.7124249875e-03 7.5385819434e+01
443.00898360 1.6017655109e+02 5.2543544840e-04 -6.9815633199e-04 5.2543544840e-04 1.6017191861e+02 -1.7063222219e-03 -6.9815633199e-04 -1.7063222219e-03 7.5385818655e+01
443.25387525 1.6017752498e+02 5.2395995309e-04 -6.9622894830e-04 5.2395995309e-04 1.6017290717e+02 -1.7003504054e-03 -6.9622894830e-04 -1.7003504054e-03 7.5385818024e+01
443.49876689 1.6017849322e+02 5.2245664536e-04 -6.9425805662e-04 5.2245664536e-04 1.6017389002e+02 -1.6945008370e-03 -6.9425805662e-04 -1.6945008370e-03 7.5385817528e+01
443.74365853 1.6017945585e+02 5.2092901826e-04 -6.9224892690e-04 5.2092901826e-04 1.6017486720e+02 -1.6887646465e-03 -6.9224892690e-04 -1.6887646465e-03 7.5385817154e+01
443.98855018 1.6018041291e+02 5.1938052282e-04 -6.9020676567e-04 5.1938052282e-04 1.6017583877e+02 -1.6831330699e-03 -6.9020676567e-04 -1.6831330699e-03 7.5385816890e+01
444.23344182 1.6018136445e+02 5.1781448299e-04 -6.8813658806e-04 5.1781448299e-04 1.6017680476e+02 -1.6775976542e-03 -6.8813658806e-04 -1.6775976542e-03 7.5385816723e+01
444.47833346 1.6018231052e+02 5.1623403653e-04 -6.8604312896e-04 5.1623403653e-04 1.6017776521e+02 -1.6721503989e-03 -6.8604312896e-04 -1.6721503989e-03 7.5385816642e+01
444.72322511 1.6018325116e+02 5.1464209753e-04 -6.8393078648e-04 5.1464209753e-04 1.6017872017e+02 -1.6667838462e-03 -6.8393078648e-04 -1.6667838462e-03 7.5385816636e+01
444.96811675 1.6018418641e+02 5.1304133609e-04 -6.8180359144e-04 5.1304133609e-04 1.6017966968e+02 -1.6614911298e-03 -6.8180359144e-04 -1.6614911298e-03 7.5385816694e+01
445.21300840 1.6018511633e+02 5.1143417116e-04 -6.7966519660e-04 5.1143417116e-04 1.6018061378e+02 -1.6562659920e-03 -6.7966519660e-04 -1.6562659920e-03 7.5385816808e+01
445.45790004 1.6018604094e+02 5.0982277311e-04 -6.7751888052e-04 5.0982277311e-04 1.6018155252e+02 -1.6511027774e-03 -6.7751888052e-04 -1.6511027774e-03 7.5385816970e+01
445.70279168 1.6018696030e+02 5.0820907307e-04 -6.7536756165e-04 5.0820907307e-04 1.6018248593e+02 -1.6459964102e-03 -6.7536756165e-04 -1.6459964102e-03 7.5385817172e+01
445.94768333 1.6018787445e+02 5.0659477674e-04 -6.7321381903e-04 5.0659477674e-04 1.6018341407e+02 -1.6409423615e-03 -6.7321381903e-04 -1.6409423615e-03 7.5385817409e+01
446.19257497 1.6018878344e+02 5.0498138080e-04 -6.7105991704e-04 5.0498138080e-04 1.6018433696e+02 -1.6359366093e-03 -6.7105991704e-04 -1.6359366093e-03 7.5385817673e+01
446.43746661 1.6018968730e+02 5.0337019064e-04 -6.6890783212e-04 5.0337019064e-04 1.6018525466e+02 -1.6309755960e-03 -6.6890783212e-04 -1.6309755960e-03 7.5385817961e+01
446.68235826 1.6019058607e+02 5.0176233840e-04 -6.6675927984e-04 5.0176233840e-04 1.6018616720e+02 -1.6260561848e-03 -6.6675927984e-04 -1.6260561848e-03 7.5385818268e+01
446.92724990 1.6019147980e+02 5.0015880067e-04 -6.6461574159e-04 5.0015880067e-04 1.6018707463e+02 -1.6211756176e-03 -6.6461574159e-04 -1.6211756176e-03 7.5385818590e+01
447.17214155 1.6019236854e+02 4.9856041531e-04 -6.6247848984e-04 4.9856041531e-04 1.6018797699e+02 -1.6163314740e-03 -6.6247848984e-04 -1.6163314740e-03 7.5385818924e+01
447.41703319 1.6019325231e+02 4.9696789716e-04 -6.6034861191e-04 4.9696789716e-04 1.6018887431e+02 -1.6115216337e-03 -6.6034861191e-04 -1.6115216337e-03 7.5385819267e+01
447.66192483 1.6019413116e+02 4.9538185263e-04 -6.5822703171e-04 4.9538185263e-04 1.6018976664e+02 -1.6067442413e-03 -6.5822703171e-04 -1.6067442413e-03 7.5385819617e+01
447.90681648 1.6019500514e+02 4.9380279279e-04 -6.5611452967e-04 4.9380279279e-04 1.6019065402e+02 -1.6019976750e-03 -6.5611452967e-04 -1.6019976750e-03 7.5385819971e+01
448.15170812 1.6019587427e+02 4.9223114531e-04 -6.5401176054e-04 4.9223114531e-04 1.6019153648e+02 -1.5972805174e-03 -6.5401176054e-04 -1.5972805174e-03 7.5385820328e+01
448.39659976 1.6019673861e+02 4.9066726508e-04 -6.5191926947e-04 4.9066726508e-04 1.6019241407e+02 -1.5925915306e-03 -6.5191926947e-04 -1.5925915306e-03 7.5385820686e+01
448.64149141 1.6019759818e+02 4.8911144365e-04 -6.4983750617e-04 4.8911144365e-04 1.6019328683e+02 -1.5879296328e-03 -6.4983750617e-04 -1.5879296328e-03 7.5385821044e+01
448.88638305 1.6019845303e+02 4.8756391761e-04 -6.4776683752e-04 4.8756391761e-04 1.6019415480e+02 -1.5832938784e-03 -6.4776683752e-04 -1.5832938784e-03 7.5385821401e+01
449.13127470 1.6019930320e+02 4.8602487592e-04 -6.4570755867e-04 4.8602487592e-04 1.6019501800e+02 -1.5786834403e-03 -6.4570755867e-04 -1.5786834403e-03 7.5385821756e+01
449.37616634 1.6020014872e+02 4.8449446645e-04 -6.4365990275e-04 4.8449446645e-04 1.6019587649e+02 -1.5740975943e-03 -6.4365990275e-04 -1.5740975943e-03 7.5385822108e+01
449.62105798 1.6020098963e+02 4.8297280154e-04 -6.4162404939e-04 4.8297280154e-04 1.6019673030e+02 -1.5695357053e-03 -6.4162404939e-04 -1.5695357053e-03 7.5385822456e+01
449.86594963 1.6020182597e+02 4.8145996304e-04 -6.3960013218e-04 4.8145996304e-04 1.6019757947e+02 -1.5649972156e-03 -6.3960013218e-04 -1.5649972156e-03 7.5385822801e+01
450.11084127 1.6020265777e+02 4.7995600655e-04 -6.3758824515e-04 4.7995600655e-04 1.6019842403e+02 -1.5604816341e-03 -6.3758824515e-04 -1.5604816341e-03 7.5385823141e+01
450.35573291 1.6020348507e+02 4.7846096523e-04 -6.3558844842e-04 4.7846096523e-04 1.6019926402e+02 -1.5559885276e-03 -6.3558844842e-04 -1.5559885276e-03 7.5385823476e+01
450.60062456 1.6020430791e+02 4.7697485300e-04 -6.3360077307e-04 4.7697485300e-04 1.6020009948e+02 -1.5515175130e-03 -6.3360077307e-04 -1.5515175130e-03 7.5385823807e+01
450.84551620 1.6020512633e+02 4.7549766742e-04 -6.3162522548e-04 4.7549766742e-04 1.6020093044e+02 -1.5470682500e-03 -6.3162522548e-04 -1.5470682500e-03 7.5385824132e+01
451.09040785 1.6020594035e+02 4.7402939211e-04 -6.2966179092e-04 4.7402939211e-04 1.6020175694e+02 -1.5426404355e-03 -6.2966179092e-04 -1.5426404355e-03 7.5385824451e+01
451.33529949 1.6020675001e+02 4.7256999890e-04 -6.2771043685e-04 4.7256999890e-04 1.6020257902e+02 -1.5382337983e-03 -6.2771043685e-04 -1.5382337983e-03 7.5385824765e+01
451.58019113 1.6020755534e+02 4.7111944964e-04 -6.2577111559e-04 4.7111944964e-04 1.6020339670e+02 -1.5338480947e-03 -6.2577111559e-04 -1.5338480947e-03 7.5385825074e+01
451.82508278 1.6020835639e+02 4.6967769780e-04 -6.2384376679e-04 4.6967769780e-04 1.6020421003e+02 -1.5294831047e-03 -6.2384376679e-04 -1.5294831047e-03 7.5385825377e+01
452.06997442 1.6020915318e+02 4.6824468989e-04 -6.2192831948e-04 4.6824468989e-04 1.6020501903e+02 -1.5251386286e-03 -6.2192831948e-04 -1.5251386286e-03 7.5385825674e+01
452.31486606 1.6020994575e+02 4.6682036655e-04 -6.2002469381e-04 4.6682036655e-04 1.6020582375e+02 -1.5208144840e-03 -6.2002469381e-04 -1.5208144840e-03 7.5385825966e+01
452.55975771 1.6021073413e+02 4.6540466366e-04 -6.1813280266e-04 4.6540466366e-04 1.6020662421e+02 -1.5165105034e-03 -6.1813280266e-04 -1.5165105034e-03 7.5385826252e+01
452.80464935 1.6021151836e+02 4.6399751318e-04 -6.1625255292e-04 4.6399751318e-04 1.6020742045e+02 -1.5122265319e-03 -6.1625255292e-04 -1.5122265319e-03 7.5385826533e+01
453.04954100 1.6021229846e+02 4.6259884392e-04 -6.1438384663e-04 4.6259884392e-04 1.6020821250e+02 -1.5079624257e-03 -6.1438384663e-04 -1.5079624257e-03 7.5385826808e+01
453.29443264 1.6021307446e+02 4.6120858220e-04 -6.1252658202e-04 4.6120858220e-04 1.6020900040e+02 -1.5037180501e-03 -6.1252658202e-04 -1.5037180501e-03 7.5385827078e+01
453.53932428 1.6021384641e+02 4.5982665238e-04 -6.1068065428e-04 4.5982665238e-04 1.6020978417e+02 -1.4994932782e-03 -6.1068065428e-04 -1.4994932782e-03 7.5385827342e+01
453.78421593 1.6021461433e+02 4.5845297738e-04 -6.0884595633e-04 4.5845297738e-04 1.6021056385e+02 -1.4952879899e-03 -6.0884595633e-04 -1.4952879899e-03 7.5385827601e+01
454.02910757 1.6021537824e+02 4.5708747907e-04 -6.0702237945e-04 4.5708747907e-04 1.6021133947e+02 -1.4911020707e-03 -6.0702237945e-04 -1.4911020707e-03 7.5385827855e+01
454.27399922 1.6021613819e+02 4.5573007863e-04 -6.0520981376e-04 4.5573007863e-04 1.6021211106e+02 -1.4869354107e-03 -6.0520981376e-04 -1.4869354107e-03 7.5385828104e+01
454.51889086 1.6021689421e+02 4.5438069684e-04 -6.0340814874e-04 4.5438069684e-04 1.6021287865e+02 -1.4827879041e-03 -6.0340814874e-04 -1.4827879041e-03 7.5385828348e+01
454.76378250 1.6021764632e+02 4.5303925436e-04 -6.0161727355e-04 4.5303925436e-04 1.6021364228e+02 -1.4786594484e-03 -6.0161727355e-04 -1.4786594484e-03 7.5385828587e+01
455.00867415 1.6021839454e+02 4.5170567190e-04 -5.9983707742e-04 4.5170567190e-04 1.6021440197e+02 -1.4745499438e-03 -5.9983707742e-04 -1.4745499438e-03 7.5385828822e+01
455.25356579 1.6021913893e+02 4.5037987047e-04 -5.9806744987e-04 4.5037987047e-04 1.6021515774e+02 -1.4704592930e-03 -5.9806744987e-04 -1.4704592930e-03 7.5385829052e+01
455.49845743 1.6021987949e+02 4.4906177148e-04 -5.9630828098e-04 4.4906177148e-04 1.6021590965e+02 -1.4663874004e-03 -5.9630828098e-04 -1.4663874004e-03 7.5385829277e+01
455.74334908 1.6022061626e+02 4.4775129689e-04 -5.9455946158e-04 4.4775129689e-04 1.6021665770e+02 -1.4623341719e-03 -5.9455946158e-04 -1.4623341719e-03 7.5385829498e+01
455.98824072 1.6022134928e+02 4.4644836930e-04 -5.9282088341e-04 4.4644836930e-04 1.6021740193e+02 -1.4582995147e-03 -5.9282088341e-04 -1.4582995147e-03 7.5385829715e+01
456.23313237 1.6022207856e+02 4.4515291209e-04 -5.9109243923e-04 4.4515291209e-04 1.6021814238e+02 -1.4542833371e-03 -5.9109243923e-04 -1.4542833371e-03 7.5385829927e+01
456.47802401 1.6022280413e+02 4.4386484943e-04 -5.8937402299e-04 4.4386484943e-04 1.6021887906e+02 -1.4502855480e-03 -5.8937402299e-04 -1.4502855480e-03 7.5385830135e+01
456.72291565 1.6022352603e+02 4.4258410638e-04 -5.8766552985e-04 4.4258410638e-04 1.6021961201e+02 -1.4463060571e-03 -5.8766552985e-04 -1.4463060571e-03 7.5385830340e+01
456.96780730 1.6022424428e+02 4.4131060890e-04 -5.8596685630e-04 4.4131060890e-04 1.6022034125e+02 -1.4423447744e-03 -5.8596685630e-04 -1.4423447744e-03 7.5385830540e+01
457.21269894 1.6022495891e+02 4.4004428395e-04 -5.8427790021e-04 4.4004428395e-04 1.6022106681e+02 -1.4384016102e-03 -5.8427790021e-04 -1.4384016102e-03 7.5385830737e+01
457.45759058 1.6022566994e+02 4.3878505944e-04 -5.8259856085e-04 4.3878505944e-04 1.6022178872e+02 -1.4344764752e-03 -5.8259856085e-04 -1.4344764752e-03 7.5385830930e+01
457.70248223 1.6022637741e+02 4.3753286431e-04 -5.8092873893e-04 4.3753286431e-04 1.6022250701e+02 -1.4305692802e-03 -5.8092873893e-04 -1.4305692802e-03 7.5385831119e+01
457.94737387 1.6022708133e+02 4.3628762851e-04 -5.7926833665e-04 4.3628762851e-04 1.6022322170e+02 -1.4266799361e-03 -5.7926833665e-04 -1.4266799361e-03 7.5385831305e+01
458.19226552 1.6022778174e+02 4.3504928305e-04 -5.7761725767e-04 4.3504928305e-04 1.6022393283e+02 -1.4228083537e-03 -5.7761725767e-04 -1.4228083537e-03 7.5385831487e+01
458.43715716 1.6022847865e+02 4.3381775992e-04 -5.7597540715e-04 4.3381775992e-04 1.6022464041e+02 -1.4189544441e-03 -5.7597540715e-04 -1.4189544441e-03 7.5385831666e+01
458.68204880 1.6022917211e+02 4.3259299220e-04 -5.7434269173e-04 4.3259299220e-04 1.6022534447e+02 -1.4151181181e-03 -5.7434269173e-04 -1.4151181181e-03 7.5385831842e+01
458.92694045 1.6022986212e+02 4.3137491397e-04 -5.7271901952e-04 4.3137491397e-04 1.6022604504e+02 -1.4112992865e-03 -5.7271901952e-04 -1.4112992865e-03 7.5385832015e+01
459.17183209 1.6023054872e+02 4.3016346034e-04 -5.7110430013e-04 4.3016346034e-04 1.6022674214e+02 -1.4074978601e-03 -5.7110430013e-04 -1.4074978601e-03 7.5385832184e+01
459.41672373 1.6023123193e+02 4.2895856743e-04 -5.6949844461e-04 4.2895856743e-04 1.6022743580e+02 -1.4037137497e-03 -5.6949844461e-04 -1.4037137497e-03 7.5385832351e+01
459.66161538 1.6023191178e+02 4.2776017237e-04 -5.6790136546e-04 4.2776017237e-04 1.6022812604e+02 -1.3999468660e-03 -5.6790136546e-04 -1.3999468660e-03 7.5385832514e+01
459.90650702 1.6023258829e+02 4.2656821329e-04 -5.6631297661e-04 4.2656821329e-04 1.6022881290e+02 -1.3961971194e-03 -5.6631297661e-04 -1.3961971194e-03 7.5385832675e+01
460.15139867 1.6023326148e+02 4.2538262927e-04 -5.6473319339e-04 4.2538262927e-04 1.6022949639e+02 -1.3924644205e-03 -5.6473319339e-04 -1.3924644205e-03 7.5385832833e+01
460.39629031 1.6023393138e+02 4.2420336037e-04 -5.6316193251e-04 4.2420336037e-04 1.6023017653e+02 -1.3887486799e-03 -5.6316193251e-04 -1.3887486799e-03 7.5385832988e+01
460.64118195 1.6023459802e+02 4.2303034761e-04 -5.6159911206e-04 4.2303034761e-04 1.6023085336e+02 -1.3850498078e-03 -5.6159911206e-04 -1.3850498078e-03 7.5385833141e+01
460.88607360 1.6023526141e+02 4.2186353291e-04 -5.6004465144e-04 4.2186353291e-04 1.6023152689e+02 -1.3813677147e-03 -5.6004465144e-04 -1.3813677147e-03 7.5385833291e+01
461.13096524 1.6023592158e+02 4.2070285912e-04 -5.5849847139e-04 4.2070285912e-04 1.6023219716e+02 -1.3777023110e-03 -5.5849847139e-04 -1.3777023110e-03 7.5385833439e+01
461.37585688 1.6023657855e+02 4.1954826999e-04 -5.5696049391e-04 4.1954826999e-04 1.6023286417e+02 -1.3740535071e-03 -5.5696049391e-04 -1.3740535071e-03 7.5385833584e+01
461.62074853 1.6023723235e+02 4.1839971014e-04 -5.5543064228e-04 4.1839971014e-04 1.6023352796e+02 -1.3704212133e-03 -5.5543064228e-04 -1.3704212133e-03 7.5385833726e+01
461.86564017 1.6023788299e+02 4.1725712504e-04 -5.5390884101e-04 4.1725712504e-04 1.6023418856e+02 -1.3668053401e-03 -5.5390884101e-04 -1.3668053401e-03 7.5385833867e+01
462.11053182 1.6023853051e+02 4.1612046103e-04 -5.5239501582e-04 4.1612046103e-04 1.6023484597e+02 -1.3632057980e-03 -5.5239501582e-04 -1.3632057980e-03 7.5385834005e+01
462.35542346 1.6023917491e+02 4.1498966526e-04 -5.5088909361e-04 4.1498966526e-04 1.6023550023e+02 -1.3596224975e-03 -5.5088909361e-04 -1.3596224975e-03 7.5385834141e+01
462.60031510 1.6023981624e+02 4.1386468568e-04 -5.4939100244e-04 4.1386468568e-04 1.6023615135e+02 -1.3560553493e-03 -5.4939100244e-04 -1.3560553493e-03 7.5385834275e+01
462.84520675 1.6024045449e+02 4.1274547104e-04 -5.4790067151e-04 4.1274547104e-04 1.6023679937e+02 -1.3525042641e-03 -5.4790067151e-04 -1.3525042641e-03 7.5385834406e+01
463.09009839 1.6024108971e+02 4.1163197087e-04 -5.4641803111e-04 4.1163197087e-04 1.6023744429e+02 -1.3489691529e-03 -5.4641803111e-04 -1.3489691529e-03 7.5385834536e+01
463.33499004 1.6024172190e+02 4.1052413544e-04 -5.4494301262e-04 4.1052413544e-04 1.6023808615e+02 -1.3454499265e-03 -5.4494301262e-04 -1.3454499265e-03 7.5385834664e+01
463.57988168 1.6024235110e+02 4.0942191577e-04 -5.4347554849e-04 4.0942191577e-04 1.6023872496e+02 -1.3419464963e-03 -5.4347554849e-04 -1.3419464963e-03 7.5385834789e+01
463.82477332 1.6024297732e+02 4.0832526360e-04 -5.4201557219e-04 4.0832526360e-04 1.6023936075e+02 -1.3384587736e-03 -5.4201557219e-04 -1.3384587736e-03 7.5385834913e+01
464.06966497 1.6024360058e+02 4.0723413138e-04 -5.4056301820e-04 4.0723413138e-04 1.6023999353e+02 -1.3349866699e-03 -5.4056301820e-04 -1.3349866699e-03 7.5385835035e+01
464.31455661 1.6024422090e+02 4.0614847226e-04 -5.3911782200e-04 4.0614847226e-04 1.6024062333e+02 -1.3315300969e-03 -5.3911782200e-04 -1.3315300969e-03 7.5385835155e+01
464.55944825 1.6024483830e+02 4.0506824004e-04 -5.3767992003e-04 4.0506824004e-04 1.6024125017e+02 -1.3280889667e-03 -5.3767992003e-04 -1.3280889667e-03 7.5385835273e+01
464.80433990 1.6024545281e+02 4.0399338921e-04 -5.3624924965e-04 4.0399338921e-04 1.6024187407e+02 -1.3246631914e-03 -5.3624924965e-04 -1.3246631914e-03 7.5385835390e+01
465.04923154 1.6024606444e+02 4.0292387490e-04 -5.3482574918e-04 4.0292387490e-04 1.6024249505e+02 -1.3212526836e-03 -5.3482574918e-04 -1.3212526836e-03 7.5385835505e+01
465.29412319 1.6024667322e+02 4.0185965285e-04 -5.3340935782e-04 4.0185965285e-04 1.6024311312e+02 -1.3178573560e-03 -5.3340935782e-04 -1.3178573560e-03 7.5385835618e+01
465.53901483 1.6024727916e+02 4.0080067946e-04 -5.3200001564e-04 4.0080067946e-04 1.6024372832e+02 -1.3144771217e-03 -5.3200001564e-04 -1.3144771217e-03 7.5385835729e+01
465.78390647 1.6024788228e+02 3.9974691168e-04 -5.3059766360e-04 3.9974691168e-04 1.6024434066e+02 -1.3111118938e-03 -5.3059766360e-04 -1.3111118938e-03 7.5385835839e+01
466.02879812 1.6024848260e+02 3.9869830711e-04 -5.2920224346e-04 3.9869830711e-04 1.6024495015e+02 -1.3077615861e-03 -5.2920224346e-04 -1.3077615861e-03 7.5385835948e+01
466.27368976 1.6024908014e+02 3.9765482389e-04 -5.2781369784e-04 3.9765482389e-04 1.6024555682e+02 -1.3044261124e-03 -5.2781369784e-04 -1.3044261124e-03 7.5385836055e+01
466.51858140 1.6024967493e+02 3.9661642074e-04 -5.2643197014e-04 3.9661642074e-04 1.6024616069e+02 -1.3011053871e-03 -5.2643197014e-04 -1.3011053871e-03 7.5385836160e+01
466.76347305 1.6025026697e+02 3.9558305693e-04 -5.2505700456e-04 3.9558305693e-04 1.6024676178e+02 -1.2977993248e-03 -5.2505700456e-04 -1.2977993248e-03 7.5385836264e+01
467.00836469 1.6025085629e+02 3.9455469228e-04 -5.2368874606e-04 3.9455469228e-04 1.6024736010e+02 -1.2945078404e-03 -5.2368874606e-04 -1.2945078404e-03 7.5385836367e+01
467.25325634 1.6025144290e+02 3.9353128712e-04 -5.2232714034e-04 3.9353128712e-04 1.6024795568e+02 -1.2912308491e-03 -5.2232714034e-04 -1.2912308491e-03 7.5385836468e+01
467.49814798 1.6025202683e+02 3.9251280232e-04 -5.2097213386e-04 3.9251280232e-04 1.6024854853e+02 -1.2879682668e-03 -5.2097213386e-04 -1.2879682668e-03 7.5385836568e+01
467.74303962 1.6025260809e+02 3.9149919925e-04 -5.1962367379e-04 3.9149919925e-04 1.6024913867e+02 -1.2847200093e-03 -5.1962367379e-04 -1.2847200093e-03 7.5385836666e+01
467.98793127 1.6025318671e+02 3.9049043978e-04 -5.1828170798e-04 3.9049043978e-04 1.6024972612e+02 -1.2814859933e-03 -5.1828170798e-04 -1.2814859933e-03 7.5385836763e+01
468.23282291 1.6025376269e+02 3.8948648627e-04 -5.1694618501e-04 3.8948648627e-04 1.6025031090e+02 -1.2782661353e-03 -5.1694618501e-04 -1.2782661353e-03 7.5385836859e+01
468.47771455 1.6025433605e+02 3.8848730155e-04 -5.1561705410e-04 3.8848730155e-04 1.6025089302e+02 -1.2750603528e-03 -5.1561705410e-04 -1.2750603528e-03 7.5385836954e+01
468.72260620 1.6025490682e+02 3.8749284893e-04 -5.1429426514e-04 3.8749284893e-04 1.6025147251e+02 -1.2718685633e-03 -5.1429426514e-04 -1.2718685633e-03 7.5385837048e+01
468.96749784 1.6025547501e+02 3.8650309215e-04 -5.1297776867e-04 3.8650309215e-04 1.6025204938e+02 -1.2686906849e-03 -5.1297776867e-04 -1.2686906849e-03 7.5385837140e+01
469.21238949 1.6025604064e+02 3.8551799544e-04 -5.1166751585e-04 3.8551799544e-04 1.6025262364e+02 -1.2655266359e-03 -5.1166751585e-04 -1.2655266359e-03 7.5385837231e+01
469.45728113 1.6025660372e+02 3.8453752343e-04 -5.1036345848e-04 3.8453752343e-04 1.6025319533e+02 -1.2623763352e-03 -5.1036345848e-04 -1.2623763352e-03 7.5385837321e+01
469.70217277 1.6025716427e+02 3.8356164121e-04 -5.0906554895e-04 3.8356164121e-04 1.6025376444e+02 -1.2592397022e-03 -5.0906554895e-04 -1.2592397022e-03 7.5385837410e+01
469.94706442 1.6025772231e+02 3.8259031428e-04 -5.0777374025e-04 3.8259031428e-04 1.6025433100e+02 -1.2561166564e-03 -5.0777374025e-04 -1.2561166564e-03 7.5385837498e+01
470.19195606 1.6025827786e+02 3.8162350855e-04 -5.0648798594e-04 3.8162350855e-04 1.6025489504e+02 -1.2530071182e-03 -5.0648798594e-04 -1.2530071182e-03 7.5385837584e+01
470.43684770 1.6025883093e+02 3.8066119034e-04 -5.0520824017e-04 3.8066119034e-04 1.6025545655e+02 -1.2499110080e-03 -5.0520824017e-04 -1.2499110080e-03 7.5385837670e+01
470.68173935 1.6025938153e+02 3.7970332639e-04 -5.0393445764e-04 3.7970332639e-04 1.6025601556e+02 -1.2468282469e-03 -5.0393445764e-04 -1.2468282469e-03 7.5385837755e+01
470.92663099 1.6025992969e+02 3.7874988380e-04 -5.0266659360e-04 3.7874988380e-04 1.6025657210e+02 -1.2437587563e-03 -5.0266659360e-04 -1.2437587563e-03 7.5385837838e+01
471.17152264 1.6026047542e+02 3.7780083006e-04 -5.0140460383e-04 3.7780083006e-04 1.6025712616e+02 -1.2407024582e-03 -5.0140460383e-04 -1.2407024582e-03 7.5385837921e+01
471.41641428 1.6026101874e+02 3.7685613304e-04 -5.0014844464e-04 3.7685613304e-04 1.6025767777e+02 -1.2376592748e-03 -5.0014844464e-04 -1.2376592748e-03 7.5385838002e+01
471.66130592 1.6026155965e+02 3.7591576100e-04 -4.9889807287e-04 3.7591576100e-04 1.6025822695e+02 -1.2346291291e-03 -4.9889807287e-04 -1.2346291291e-03 7.5385838083e+01
471.90619757 1.6026209819e+02 3.7497968253e-04 -4.9765344585e-04 3.7497968253e-04 1.6025877370e+02 -1.2316119443e-03 -4.9765344585e-04 -1.2316119443e-03 7.5385838163e+01
472.15108921 1.6026263435e+02 3.7404786660e-04 -4.9641452142e-04 3.7404786660e-04 1.6025931806e+02 -1.2286076440e-03 -4.9641452142e-04 -1.2286076440e-03 7.5385838242e+01
472.39598086 1.6026316817e+02 3.7312028251e-04 -4.9518125790e-04 3.7312028251e-04 1.6025986002e+02 -1.2256161525e-03 -4.9518125790e-04 -1.2256161525e-03 7.5385838320e+01
472.64087250 1.6026369964e+02 3.7219689992e-04 -4.9395361410e-04 3.7219689992e-04 1.6026039962e+02 -1.2226373943e-03 -4.9395361410e-04 -1.2226373943e-03 7.5385838397e+01
472.88576414 1.6026422880e+02 3.7127768882e-04 -4.9273154928e-04 3.7127768882e-04 1.6026093685e+02 -1.2196712947e-03 -4.9273154928e-04 -1.2196712947e-03 7.5385838473e+01
473.13065579 1.6026475564e+02 3.7036261952e-04 -4.9151502319e-04 3.7036261952e-04 1.6026147174e+02 -1.2167177790e-03 -4.9151502319e-04 -1.2167177790e-03 7.5385838548e+01
473.37554743 1.6026528020e+02 3.6945166269e-04 -4.9030399601e-04 3.6945166269e-04 1.6026200431e+02 -1.2137767733e-03 -4.9030399601e-04 -1.2137767733e-03 7.5385838623e+01
473.62043907 1.6026580248e+02 3.6854478929e-04 -4.8909842838e-04 3.6854478929e-04 1.6026253456e+02 -1.2108482040e-03 -4.8909842838e-04 -1.2108482040e-03 7.5385838696e+01
473.86533072 1.6026632249e+02 3.6764197059e-04 -4.8789828137e-04 3.6764197059e-04 1.6026306252e+02 -1.2079319981e-03 -4.8789828137e-04 -1.2079319981e-03 7.5385838769e+01
474.11022236 1.6026684026e+02 3.6674317819e-04 -4.8670351649e-04 3.6674317819e-04 1.6026358819e+02 -1.2050280830e-03 -4.8670351649e-04 -1.2050280830e-03 7.5385838841e+01
474.35511401 1.6026735580e+02 3.6584838399e-04 -4.8551409565e-04 3.6584838399e-04 1.6026411159e+02 -1.2021363865e-03 -4.8551409565e-04 -1.2021363865e-03 7.5385838913e+01
474.60000565 1.6026786911e+02 3.6495756018e-04 -4.8432998120e-04 3.6495756018e-04 1.6026463274e+02 -1.1992568368e-03 -4.8432998120e-04 -1.1992568368e-03 7.5385838983e+01
474.84489729 1.6026838022e+02 3.6407067925e-04 -4.8315113588e-04 3.6407067925e-04 1.6026515166e+02 -1.1963893627e-03 -4.8315113588e-04 -1.1963893627e-03 7.5385839053e+01
475.08978894 1.6026888913e+02 3.6318771398e-04 -4.8197752286e-04 3.6318771398e-04 1.6026566834e+02 -1.1935338935e-03 -4.8197752286e-04 -1.1935338935e-03 7.5385839122e+01
475.33468058 1.6026939587e+02 3.6230863741e-04 -4.8080910566e-04 3.6230863741e-04 1.6026618281e+02 -1.1906903588e-03 -4.8080910566e-04 -1.1906903588e-03 7.5385839190e+01
475.57957222 1.6026990044e+02 3.6143342291e-04 -4.7964584822e-04 3.6143342291e-04 1.6026669509e+02 -1.1878586888e-03 -4.7964584822e-04 -1.1878586888e-03 7.5385839258e+01
475.82446387 1.6027040286e+02 3.6056204408e-04 -4.7848771486e-04 3.6056204408e-04 1.6026720518e+02 -1.1850388140e-03 -4.7848771486e-04 -1.1850388140e-03 7.5385839325e+01
476.06935551 1.6027090315e+02 3.5969447481e-04 -4.7733467026e-04 3.5969447481e-04 1.6026771311e+02 -1.1822306654e-03 -4.7733467026e-04 -1.1822306654e-03 7.5385839391e+01
476.31424716 1.6027140131e+02 3.5883068926e-04 -4.7618667949e-04 3.5883068926e-04 1.6026821887e+02 -1.1794341745e-03 -4.7618667949e-04 -1.1794341745e-03 7.5385839457e+01
476.55913880 1.6027189736e+02 3.5797066183e-04 -4.7504370795e-04 3.5797066183e-04 1.6026872250e+02 -1.1766492734e-03 -4.7504370795e-04 -1.1766492734e-03 7.5385839522e+01
476.80403044 1.6027239132e+02 3.5711436721e-04 -4.7390572143e-04 3.5711436721e-04 1.6026922399e+02 -1.1738758943e-03 -4.7390572143e-04 -1.1738758943e-03 7.5385839586e+01
477.04892209 1.6027288319e+02 3.5626178032e-04 -4.7277268606e-04 3.5626178032e-04 1.6026972337e+02 -1.1711139701e-03 -4.7277268606e-04 -1.1711139701e-03 7.5385839649e+01
477.29381373 1.6027337298e+02 3.5541287634e-04 -4.7164456830e-04 3.5541287634e-04 1.6027022065e+02 -1.1683634342e-03 -4.7164456830e-04 -1.1683634342e-03 7.5385839712e+01
477.53870537 1.6027386072e+02 3.5456763071e-04 -4.7052133499e-04 3.5456763071e-04 1.6027071583e+02 -1.1656242201e-03 -4.7052133499e-04 -1.1656242201e-03 7.5385839775e+01
477.78359702 1.6027434642e+02 3.5372601907e-04 -4.6940295326e-04 3.5372601907e-04 1.6027120894e+02 -1.1628962622e-03 -4.6940295326e-04 -1.1628962622e-03 7.5385839837e+01
478.02848866 1.6027483008e+02 3.5288801735e-04 -4.6828939060e-04 3.5288801735e-04 1.6027169998e+02 -1.1601794951e-03 -4.6828939060e-04 -1.1601794951e-03 7.5385839898e+01
478.27338031 1.6027531172e+02 3.5205360169e-04 -4.6718061482e-04 3.5205360169e-04 1.6027218898e+02 -1.1574738537e-03 -4.6718061482e-04 -1.1574738537e-03 7.5385839958e+01
478.51827195 1.6027579135e+02 3.5122274846e-04 -4.6607659403e-04 3.5122274846e-04 1.6027267593e+02 -1.1547792737e-03 -4.6607659403e-04 -1.1547792737e-03 7.5385840018e+01
478.76316359 1.6027626899e+02 3.5039543427e-04 -4.6497729669e-04 3.5039543427e-04 1.6027316086e+02 -1.1520956908e-03 -4.6497729669e-04 -1.1520956908e-03 7.5385840078e+01
479.00805524 1.6027674464e+02 3.4957163595e-04 -4.6388269153e-04 3.4957163595e-04 1.6027364377e+02 -1.1494230417e-03 -4.6388269153e-04 -1.1494230417e-03 7.5385840137e+01
479.25294688 1.6027721832e+02 3.4875133055e-04 -4.6279274763e-04 3.4875133055e-04 1.6027412468e+02 -1.1467612629e-03 -4.6279274763e-04 -1.1467612629e-03 7.5385840195e+01
479.49783852 1.6027769004e+02 3.4793449534e-04 -4.6170743434e-04 3.4793449534e-04 1.6027460360e+02 -1.1441102918e-03 -4.6170743434e-04 -1.1441102918e-03 7.5385840253e+01
479.74273017 1.6027815982e+02 3.4712110781e-04 -4.6062672131e-04 3.4712110781e-04 1.6027508055e+02 -1.1414700660e-03 -4.6062672131e-04 -1.1414700660e-03 7.5385840310e+01
479.98762181 1.6027862765e+02 3.4631114565e-04 -4.5955057850e-04 3.4631114565e-04 1.6027555553e+02 -1.1388405237e-03 -4.5955057850e-04 -1.1388405237e-03 7.5385840367e+01
480.23251346 1.6027909357e+02 3.4550458679e-04 -4.5847897614e-04 3.4550458679e-04 1.6027602856e+02 -1.1362216032e-03 -4.5847897614e-04 -1.1362216032e-03 7.5385840423e+01
480.47740510 1.6027955757e+02 3.4470140933e-04 -4.5741188475e-04 3.4470140933e-04 1.6027649964e+02 -1.1336132437e-03 -4.5741188475e-04 -1.1336132437e-03 7.5385840478e+01
480.72229674 1.6028001967e+02 3.4390159161e-04 -4.5634927513e-04 3.4390159161e-04 1.6027696880e+02 -1.1310153844e-03 -4.5634927513e-04 -1.1310153844e-03 7.5385840534e+01
480.96718839 1.6028047988e+02 3.4310511213e-04 -4.5529111837e-04 3.4310511213e-04 1.6027743603e+02 -1.1284279651e-03 -4.5529111837e-04 -1.1284279651e-03 7.5385840588e+01
481.21208003 1.6028093822e+02 3.4231194963e-04 -4.5423738582e-04 3.4231194963e-04 1.6027790136e+02 -1.1258509260e-03 -4.5423738582e-04 -1.1258509260e-03 7.5385840642e+01
481.45697167 1.6028139469e+02 3.4152208302e-04 -4.5318804908e-04 3.4152208302e-04 1.6027836480e+02 -1.1232842078e-03 -4.5318804908e-04 -1.1232842078e-03 7.5385840696e+01
481.70186332 1.6028184930e+02 3.4073549141e-04 -4.5214308006e-04 3.4073549141e-04 1.6027882635e+02 -1.1207277513e-03 -4.5214308006e-04 -1.1207277513e-03 7.5385840749e+01
481.94675496 1.6028230207e+02 3.3995215410e-04 -4.5110245088e-04 3.3995215410e-04 1.6027928603e+02 -1.1181814981e-03 -4.5110245088e-04 -1.1181814981e-03 7.5385840802e+01
482.19164661 1.6028275300e+02 3.3917205059e-04 -4.5006613397e-04 3.3917205059e-04 1.6027974384e+02 -1.1156453899e-03 -4.5006613397e-04 -1.1156453899e-03 7.5385840854e+01
482.43653825 1.6028320211e+02 3.3839516054e-04 -4.4903410196e-04 3.3839516054e-04 1.6028019981e+02 -1.1131193691e-03 -4.4903410196e-04 -1.1131193691e-03 7.5385840906e+01
482.68142989 1.6028364941e+02 3.3762146382e-04 -4.4800632779e-04 3.3762146382e-04 1.6028065394e+02 -1.1106033782e-03 -4.4800632779e-04 -1.1106033782e-03 7.5385840958e+01
482.92632154 1.6028409491e+02 3.3685094046e-04 -4.4698278459e-04 3.3685094046e-04 1.6028110623e+02 -1.1080973602e-03 -4.4698278459e-04 -1.1080973602e-03 7.5385841009e+01
483.17121318 1.6028453862e+02 3.3608357069e-04 -4.4596344576e-04 3.3608357069e-04 1.6028155672e+02 -1.1056012586e-03 -4.4596344576e-04 -1.1056012586e-03 7.5385841059e+01
483.41610483 1.6028498055e+02 3.3531933490e-04 -4.4494828496e-04 3.3531933490e-04 1.6028200539e+02 -1.1031150172e-03 -4.4494828496e-04 -1.1031150172e-03 7.5385841109e+01
483.66099647 1.6028542071e+02 3.3455821365e-04 -4.4393727606e-04 3.3455821365e-04 1.6028245227e+02 -1.1006385802e-03 -4.4393727606e-04 -1.1006385802e-03 7.5385841159e+01
483.90588811 1.6028585911e+02 3.3380018768e-04 -4.4293039317e-04 3.3380018768e-04 1.6028289736e+02 -1.0981718921e-03 -4.4293039317e-04 -1.0981718921e-03 7.5385841208e+01
484.15077976 1.6028629577e+02 3.3304523792e-04 -4.4192761064e-04 3.3304523792e-04 1.6028334068e+02 -1.0957148981e-03 -4.4192761064e-04 -1.0957148981e-03 7.5385841257e+01
484.39567140 1.6028673068e+02 3.3229334542e-04 -4.4092890304e-04 3.3229334542e-04 1.6028378223e+02 -1.0932675434e-03 -4.4092890304e-04 -1.0932675434e-03 7.5385841306e+01
484.64056304 1.6028716387e+02 3.3154449144e-04 -4.3993424517e-04 3.3154449144e-04 1.6028422203e+02 -1.0908297737e-03 -4.3993424517e-04 -1.0908297737e-03 7.5385841354e+01
484.88545469 1.6028759534e+02 3.3079865737e-04 -4.3894361205e-04 3.3079865737e-04 1.6028466009e+02 -1.0884015352e-03 -4.3894361205e-04 -1.0884015352e-03 7.5385841401e+01
485.13034633 1.6028802510e+02 3.3005582480e-04 -4.3795697893e-04 3.3005582480e-04 1.6028509641e+02 -1.0859827744e-03 -4.3795697893e-04 -1.0859827744e-03 7.5385841449e+01
485.37523798 1.6028845317e+02 3.2931597543e-04 -4.3697432127e-04 3.2931597543e-04 1.6028553100e+02 -1.0835734382e-03 -4.3697432127e-04 -1.0835734382e-03 7.5385841495e+01
485.62012962 1.6028887954e+02 3.2857909117e-04 -4.3599561473e-04 3.2857909117e-04 1.6028596389e+02 -1.0811734737e-03 -4.3599561473e-04 -1.0811734737e-03 7.5385841542e+01
485.86502126 1.6028930424e+02 3.2784515403e-04 -4.3502083521e-04 3.2784515403e-04 1.6028639507e+02 -1.0787828286e-03 -4.3502083521e-04 -1.0787828286e-03 7.5385841588e+01
486.10991291 1.6028972727e+02 3.2711414623e-04 -4.3404995880e-04 3.2711414623e-04 1.6028682455e+02 -1.0764014508e-03 -4.3404995880e-04 -1.0764014508e-03 7.5385841634e+01
486.35480455 1.6029014864e+02 3.2638605009e-04 -4.3308296180e-04 3.2638605009e-04 1.6028725235e+02 -1.0740292887e-03 -4.3308296180e-04 -1.0740292887e-03 7.5385841679e+01
486.59969619 1.6029056836e+02 3.2566084813e-04 -4.3211982072e-04 3.2566084813e-04 1.6028767848e+02 -1.0716662910e-03 -4.3211982072e-04 -1.0716662910e-03 7.5385841724e+01
486.84458784 1.6029098644e+02 3.2493852297e-04 -4.3116051227e-04 3.2493852297e-04 1.6028810294e+02 -1.0693124067e-03 -4.3116051227e-04 -1.0693124067e-03 7.5385841769e+01
487.08947948 1.6029140289e+02 3.2421905740e-04 -4.3020501335e-04 3.2421905740e-04 1.6028852575e+02 -1.0669675851e-03 -4.3020501335e-04 -1.0669675851e-03 7.5385841813e+01
487.33437113 1.6029181772e+02 3.2350243437e-04 -4.2925330107e-04 3.2350243437e-04 1.6028894691e+02 -1.0646317762e-03 -4.2925330107e-04 -1.0646317762e-03 7.5385841857e+01
487.57926277 1.6029223094e+02 3.2278863694e-04 -4.2830535272e-04 3.2278863694e-04 1.6028936643e+02 -1.0623049298e-03 -4.2830535272e-04 -1.0623049298e-03 7.5385841901e+01
487.82415441 1.6029264256e+02 3.2207764834e-04 -4.2736114579e-04 3.2207764834e-04 1.6028978433e+02 -1.0599869966e-03 -4.2736114579e-04 -1.0599869966e-03 7.5385841945e+01
488.06904606 1.6029305258e+02 3.2136945191e-04 -4.2642065797e-04 3.2136945191e-04 1.6029020061e+02 -1.0576779272e-03 -4.2642065797e-04 -1.0576779272e-03 7.5385841988e+01
488.31393770 1.6029346102e+02 3.2066403116e-04 -4.2548386712e-04 3.2066403116e-04 1.6029061528e+02 -1.0553776729e-03 -4.2548386712e-04 -1.0553776729e-03 7.5385842030e+01
488.55882934 1.6029386788e+02 3.1996136972e-04 -4.2455075130e-04 3.1996136972e-04 1.6029102835e+02 -1.0530861851e-03 -4.2455075130e-04 -1.0530861851e-03 7.5385842073e+01
488.80372099 1.6029427317e+02 3.1926145135e-04 -4.2362128873e-04 3.1926145135e-04 1.6029143983e+02 -1.0508034155e-03 -4.2362128873e-04 -1.0508034155e-03 7.5385842115e+01
489.04861263 1.6029467691e+02 3.1856425995e-04 -4.2269545784e-04 3.1856425995e-04 1.6029184973e+02 -1.0485293164e-03 -4.2269545784e-04 -1.0485293164e-03 7.5385842156e+01
489.29350428 1.6029507910e+02 3.1786977955e-04 -4.2177323723e-04 3.1786977955e-04 1.6029225806e+02 -1.0462638401e-03 -4.2177323723e-04 -1.0462638401e-03 7.5385842198e+01
489.53839592 1.6029547975e+02 3.1717799433e-04 -4.2085460566e-04 3.1717799433e-04 1.6029266482e+02 -1.0440069396e-03 -4.2085460566e-04 -1.0440069396e-03 7.5385842239e+01
489.78328756 1.6029587887e+02 3.1648888855e-04 -4.1993954209e-04 3.1648888855e-04 1.6029307003e+02 -1.0417585679e-03 -4.1993954209e-04 -1.0417585679e-03 7.5385842280e+01
