                                                                                     
                              ABACUS v3.10.0

               Atomic-orbital Based Ab-initio Computation at UStc                    

                     Website: http://abacus.ustc.edu.cn/                             
               Documentation: https://abacus.deepmodeling.com/                       
                  Repository: https://github.com/abacusmodeling/abacus-develop       
                              https://github.com/deepmodeling/abacus-develop         
                      Commit: e84abb4 (Sat Jun 28 13:06:46 2025 +0800)

    Start Time is Fri Sep  4 11:38:37 2026
                                                                                     
 ------------------------------------------------------------------------------------

 READING GENERAL INFORMATION
                           global_out_dir = OUT.POLAR/
                           global_in_card = INPUT
                               pseudo_dir = 
                              orbital_dir = 
                                    DRANK = 1
                                    DSIZE = 1
                                   DCOLOR = 1
                                    GRANK = 1
                                    GSIZE = 1




 >>>>>>>>>>>>>>>>>>>>>>>>>>>>>>>>>>>>>>>>>>>>>>>>>>>>>>>>>>>>>>>>>>>>>>
 |                                                                    |
 | Reading atom information in unitcell:                              |
 | From the input file and the structure file we know the number of   |
 | different elments in this unitcell, then we list the detail        |
 | information for each element, especially the zeta and polar atomic |
 | orbital number for each element. The total atom number is counted. |
 | We calculate the nearest atom distance for each atom and show the  |
 | Cartesian and Direct coordinates for each atom. We list the file   |
 | address for atomic orbitals. The volume and the lattice vectors    |
 | in real and reciprocal space is also shown.                        |
 |                                                                    |
 <<<<<<<<<<<<<<<<<<<<<<<<<<<<<<<<<<<<<<<<<<<<<<<<<<<<<<<<<<<<<<<<<<<<<<




 READING UNITCELL INFORMATION
                                    ntype = 2
                  lattice constant (Bohr) = 1.88973
              lattice constant (Angstrom) = 1

 READING ATOM TYPE 1
                               atom label = Hf
                      L=0, number of zeta = 6
                      L=1, number of zeta = 3
                      L=2, number of zeta = 3
                      L=3, number of zeta = 2
                      L=4, number of zeta = 1
             number of atom for this type = 2

 READING ATOM TYPE 2
                               atom label = O
                      L=0, number of zeta = 2
                      L=1, number of zeta = 2
                      L=2, number of zeta = 1
             number of atom for this type = 4

                        TOTAL ATOM NUMBER = 6
DIRECT COORDINATES
    atom                   x                   y                   z     mag                  vx                  vy                  vz
taud_Hf1            0.0016943828        0.0000000000        0.0016943828  0.0000        0.0000000000        0.0000000000        0.0000000000
taud_Hf2            0.5000000000        0.5000000000        0.5000000000  0.0000        0.0000000000        0.0000000000        0.0000000000
taud_O1            0.5000000000        0.0000000000        0.2973821282  0.0000        0.0000000000        0.0000000000        0.0000000000
taud_O2            0.5000000000        0.0000000000        0.7973821282  0.0000        0.0000000000        0.0000000000        0.0000000000
taud_O3            0.0000000000        0.5000000000        0.2026178718  0.0000        0.0000000000        0.0000000000        0.0000000000
taud_O4            0.0000000000        0.5000000000        0.7026178718  0.0000        0.0000000000        0.0000000000        0.0000000000



                          Volume (Bohr^3) = 438.304
                             Volume (A^3) = 64.9499

 Lattice vectors: (Cartesian coordinate: in unit of a_0)
             +3.55652                  +0                  +0
                   +0            +3.55652                  +0
                   +0                  +0            +5.13487
 Reciprocal vectors: (Cartesian coordinate: in unit of 2 pi/a_0)
            +0.281174                  -0                  +0
                   -0           +0.281174                  -0
                   +0                  -0           +0.194747
 The esolver type has been set to : ksdft_lcao

 RUNNING WITH DEVICE  : CPU / Intel(R) Xeon(R) Gold 6248 CPU @ 2.50GHz




 >>>>>>>>>>>>>>>>>>>>>>>>>>>>>>>>>>>>>>>>>>>>>>>>>>>>>>>>>>>>>>>>>>>>>>
 |                                                                    |
 | Reading pseudopotentials files:                                    |
 | The pseudopotential file is in UPF format. The 'NC' indicates that |
 | the type of pseudopotential is 'norm conserving'. Functional of    |
 | exchange and correlation is decided by 4 given parameters in UPF   |
 | file.  We also read in the 'core correction' if there exists.      |
 | Also we can read the valence electrons number and the maximal      |
 | angular momentum used in this pseudopotential. We also read in the |
 | trail wave function, trail atomic density and local-pseudopotential|
 | on logrithmic grid. The non-local pseudopotential projector is also|
 | read in if there is any.                                           |
 |                                                                    |
 <<<<<<<<<<<<<<<<<<<<<<<<<<<<<<<<<<<<<<<<<<<<<<<<<<<<<<<<<<<<<<<<<<<<<<




                PAO radial cut off (Bohr) = 15

 Read in pseudopotential file is Hf.upf
                     pseudopotential type = NC
          exchange-correlation functional = PBE
                 nonlocal core correction = 1
                        valence electrons = 12
                                     lmax = 3
                           number of zeta = 4
                     number of projectors = 8
                           L of projector = 0
                           L of projector = 0
                           L of projector = 1
                           L of projector = 1
                           L of projector = 2
                           L of projector = 2
                           L of projector = 3
                           L of projector = 3
 XC functional updated to : pbesol
          exchange-correlation functional = PBESOL
                PAO radial cut off (Bohr) = 15

 Read in pseudopotential file is O.upf
                     pseudopotential type = NC
          exchange-correlation functional = PBE
                 nonlocal core correction = 1
                        valence electrons = 6
                                     lmax = 2
                           number of zeta = 2
                     number of projectors = 5
                           L of projector = 0
                           L of projector = 0
                           L of projector = 1
                           L of projector = 1
                           L of projector = 2
 XC functional updated to : pbesol
          exchange-correlation functional = PBESOL
     initial pseudo atomic orbital number = 36

 SETUP THE ELECTRONS NUMBER
            electron number of element Hf = 12
      total electron number of element Hf = 24
             electron number of element O = 6
       total electron number of element O = 24
            AUTOSET number of electrons:  = 48
                           occupied bands = 24
                                   NLOCAL = 158
                                   NBANDS = 34
                                   NBANDS = 34
                                   NLOCAL = 158

%%%%%%%%%%%%%%%%%%%%%%%%%%%%%%%%%%%%%%%%%%%%%%%%%%%%%%%%%%%%%%%%%%%%%%%%%%%%%%%%%%%%%%%%%%%%%%%%%%%%%%%%%%
 Warning: the number of valence electrons in pseudopotential > 4 for Hf: [Xe] 4f14 5d2 6s2
 Pseudopotentials with additional electrons can yield (more) accurate outcomes, but may be less efficient.
 If you're confident that your chosen pseudopotential is appropriate, you can safely ignore this warning.
%%%%%%%%%%%%%%%%%%%%%%%%%%%%%%%%%%%%%%%%%%%%%%%%%%%%%%%%%%%%%%%%%%%%%%%%%%%%%%%%%%%%%%%%%%%%%%%%%%%%%%%%%%
                  




 >>>>>>>>>>>>>>>>>>>>>>>>>>>>>>>>>>>>>>>>>>>>>>>>>>>>>>>>>>>>>>>>>>>>>>
 |                                                                    |
 | Setup plane waves of charge/potential:                             |
 | Use the energy cutoff and the lattice vectors to generate the      |
 | dimensions of FFT grid. The number of FFT grid on each processor   |
 | is 'nrxx'. The number of plane wave basis in reciprocal space is   |
 | different for charege/potential and wave functions. We also set    |
 | the 'sticks' for the parallel of FFT. The number of plane waves    |
 | is 'npw' in each processor.                                        |
 <<<<<<<<<<<<<<<<<<<<<<<<<<<<<<<<<<<<<<<<<<<<<<<<<<<<<<<<<<<<<<<<<<<<<<





 SETUP THE PLANE WAVE BASIS
 energy cutoff for charge/potential (unit:Ry) = 400
            fft grid for charge/potential = [ 45, 45, 64 ]
                        fft grid division = [ 5, 5, 4 ]
        big fft grid for charge/potential = [ 9, 9, 16 ]
                                     nbxx = 1296
                                     nrxx = 129600

 SETUP PLANE WAVES FOR CHARGE/POTENTIAL
                    number of plane waves = 59229
                         number of sticks = 1441

 PARALLEL PW FOR CHARGE/POTENTIAL
     PROC   COLUMNS(POT)             PW
        1           1441          59229
 --------------- sum -------------------
        1           1441          59229
                            number of |g| = 3582
                                  max |g| = 36.1678
                                  min |g| = 0
 DONE : SETUP UNITCELL Time : 0.125911 (SEC)


----------- Double Check Mixing Parameters Begin ------------
mixing_type: broyden
mixing_beta: 0.8
mixing_gg0: 1
mixing_gg0_min: 0.1
mixing_ndim: 8
----------- Double Check Mixing Parameters End ------------




 >>>>>>>>>>>>>>>>>>>>>>>>>>>>>>>>>>>>>>>>>>>>>>>>>>>>>>>>>>>>>>>>>>>>>>
 |                                                                    |
 | Doing symmetry analysis:                                           |
 | We calculate the norm of 3 vectors and the angles between them,    |
 | the type of Bravais lattice is given. We can judge if the unticell |
 | is a primitive cell. Finally we give the point group operation for |
 | this unitcell. We use the point group operations to do symmetry |
 | analysis on given k-point mesh and the charge density.             |
 |                                                                    |
 <<<<<<<<<<<<<<<<<<<<<<<<<<<<<<<<<<<<<<<<<<<<<<<<<<<<<<<<<<<<<<<<<<<<<<




 LATTICE VECTORS: (CARTESIAN COORDINATE: IN UNIT OF A0)
             +3.55652                  +0                  +0
                   +0            +3.55652                  +0
                   +0                  +0            +5.13487
                       right hand lattice = 1
                                   NORM_A = 3.55652
                                   NORM_B = 3.55652
                                   NORM_C = 5.13487
                           ALPHA (DEGREE) = 90
                           BETA  (DEGREE) = 90
                           GAMMA (DEGREE) = 90

 The lattice vectors have been changed (STRU_SIMPLE.cif)

(for optimal symmetric configuration:)
                             BRAVAIS TYPE = 5
                     BRAVAIS LATTICE NAME = 05. Tetrogonal P (simple)
                                    ibrav = 5
                                    IBRAV = 5
                                  BRAVAIS = SIMPLE TETROGONAL CELL
                       LATTICE CONSTANT A = 3.55652
                                C/A RATIO = 1.44379
Original cell was already a primitive cell.
                        ROTATION MATRICES = 16
              PURE POINT GROUP OPERATIONS = 2
                   SPACE GROUP OPERATIONS = 2
                                       C2 = 0
                                       C3 = 0
                                       C4 = 0
                                       C6 = 0
                                       S1 = 1
                                       S3 = 0
                                       S4 = 0
                                       S6 = 0
                              POINT GROUP = C_1h
                                       C2 = 0
                                       C3 = 0
                                       C4 = 0
                                       C6 = 0
                                       S1 = 1
                                       S3 = 0
                                       S4 = 0
                                       S6 = 0
               POINT GROUP IN SPACE GROUP = C_1h
 DONE : SYMMETRY Time : 0.150514 (SEC)





 >>>>>>>>>>>>>>>>>>>>>>>>>>>>>>>>>>>>>>>>>>>>>>>>>>>>>>>>>>>>>>>>>>>>>>
 |                                                                    |
 | Setup K-points                                                     |
 | We setup the k-points according to input parameters.               |
 | The reduced k-points are set according to symmetry operations.     |
 | We treat the spin as another set of k-points.                      |
 |                                                                    |
 <<<<<<<<<<<<<<<<<<<<<<<<<<<<<<<<<<<<<<<<<<<<<<<<<<<<<<<<<<<<<<<<<<<<<<





 SETUP K-POINTS
                                    nspin = 1
                   Input type of k points = Monkhorst-Pack(Gamma)
                                   nkstot = 700
                       right hand lattice = 1
(for reciprocal lattice: )
                             BRAVAIS TYPE = 5
                     BRAVAIS LATTICE NAME = 05. Tetrogonal P (simple)
                                    ibrav = 5
                       right hand lattice = 1
(for k-lattice: )
                             BRAVAIS TYPE = 5
                     BRAVAIS LATTICE NAME = 05. Tetrogonal P (simple)
                                    ibrav = 5
                       right hand lattice = 1
                        ROTATION MATRICES = 16
                               nkstot_ibz = 216
K-POINTS REDUCTION ACCORDING TO SYMMETRY
     IBZ    DIRECT_X    DIRECT_Y    DIRECT_Z  WEIGHT  ibz2bz
       1  0.00000000  0.00000000  0.00000000  0.0014       0
       2  0.10000000  0.00000000  0.00000000  0.0029       1
       3  0.20000000  0.00000000  0.00000000  0.0029       2
       4  0.30000000  0.00000000  0.00000000  0.0029       3
       5  0.40000000  0.00000000  0.00000000  0.0029       4
       6  0.50000000  0.00000000  0.00000000  0.0014       5
       7  0.00000000  0.10000000  0.00000000  0.0029      10
       8  0.10000000  0.10000000  0.00000000  0.0057      11
       9  0.20000000  0.10000000  0.00000000  0.0057      12
      10  0.30000000  0.10000000  0.00000000  0.0057      13
      11  0.40000000  0.10000000  0.00000000  0.0057      14
      12  0.50000000  0.10000000  0.00000000  0.0029      15
      13  0.00000000  0.20000000  0.00000000  0.0029      20
      14  0.10000000  0.20000000  0.00000000  0.0057      21
      15  0.20000000  0.20000000  0.00000000  0.0057      22
      16  0.30000000  0.20000000  0.00000000  0.0057      23
      17  0.40000000  0.20000000  0.00000000  0.0057      24
      18  0.50000000  0.20000000  0.00000000  0.0029      25
      19  0.00000000  0.30000000  0.00000000  0.0029      30
      20  0.10000000  0.30000000  0.00000000  0.0057      31
      21  0.20000000  0.30000000  0.00000000  0.0057      32
      22  0.30000000  0.30000000  0.00000000  0.0057      33
      23  0.40000000  0.30000000  0.00000000  0.0057      34
      24  0.50000000  0.30000000  0.00000000  0.0029      35
      25  0.00000000  0.40000000  0.00000000  0.0029      40
      26  0.10000000  0.40000000  0.00000000  0.0057      41
      27  0.20000000  0.40000000  0.00000000  0.0057      42
      28  0.30000000  0.40000000  0.00000000  0.0057      43
      29  0.40000000  0.40000000  0.00000000  0.0057      44
      30  0.50000000  0.40000000  0.00000000  0.0029      45
      31  0.00000000  0.50000000  0.00000000  0.0014      50
      32  0.10000000  0.50000000  0.00000000  0.0029      51
      33  0.20000000  0.50000000  0.00000000  0.0029      52
      34  0.30000000  0.50000000  0.00000000  0.0029      53
      35  0.40000000  0.50000000  0.00000000  0.0029      54
      36  0.50000000  0.50000000  0.00000000  0.0014      55
      37  0.00000000  0.00000000  0.14285714  0.0029     100
      38  0.10000000  0.00000000  0.14285714  0.0029     101
      39  0.20000000  0.00000000  0.14285714  0.0029     102
      40  0.30000000  0.00000000  0.14285714  0.0029     103
      41  0.40000000  0.00000000  0.14285714  0.0029     104
      42  0.50000000  0.00000000  0.14285714  0.0029     105
      43  0.40000000  0.00000000 -0.14285714  0.0029     106
      44  0.30000000  0.00000000 -0.14285714  0.0029     107
      45  0.20000000  0.00000000 -0.14285714  0.0029     108
      46 -0.10000000  0.00000000  0.14285714  0.0029     109
      47  0.00000000  0.10000000  0.14285714  0.0057     110
      48  0.10000000  0.10000000  0.14285714  0.0057     111
      49  0.20000000  0.10000000  0.14285714  0.0057     112
      50  0.30000000  0.10000000  0.14285714  0.0057     113
      51  0.40000000  0.10000000  0.14285714  0.0057     114
      52  0.50000000  0.10000000  0.14285714  0.0057     115
      53  0.40000000  0.10000000 -0.14285714  0.0057     116
      54  0.30000000  0.10000000 -0.14285714  0.0057     117
      55  0.20000000  0.10000000 -0.14285714  0.0057     118
      56 -0.10000000  0.10000000  0.14285714  0.0057     119
      57  0.00000000  0.20000000  0.14285714  0.0057     120
      58  0.10000000  0.20000000  0.14285714  0.0057     121
      59  0.20000000  0.20000000  0.14285714  0.0057     122
      60  0.30000000  0.20000000  0.14285714  0.0057     123
      61  0.40000000  0.20000000  0.14285714  0.0057     124
      62  0.50000000  0.20000000  0.14285714  0.0057     125
      63  0.40000000  0.20000000 -0.14285714  0.0057     126
      64  0.30000000  0.20000000 -0.14285714  0.0057     127
      65  0.20000000  0.20000000 -0.14285714  0.0057     128
      66 -0.10000000  0.20000000  0.14285714  0.0057     129
      67  0.00000000  0.30000000  0.14285714  0.0057     130
      68  0.10000000  0.30000000  0.14285714  0.0057     131
      69  0.20000000  0.30000000  0.14285714  0.0057     132
      70  0.30000000  0.30000000  0.14285714  0.0057     133
      71  0.40000000  0.30000000  0.14285714  0.0057     134
      72  0.50000000  0.30000000  0.14285714  0.0057     135
      73  0.40000000  0.30000000 -0.14285714  0.0057     136
      74  0.30000000  0.30000000 -0.14285714  0.0057     137
      75  0.20000000  0.30000000 -0.14285714  0.0057     138
      76 -0.10000000  0.30000000  0.14285714  0.0057     139
      77  0.00000000  0.40000000  0.14285714  0.0057     140
      78  0.10000000  0.40000000  0.14285714  0.0057     141
      79  0.20000000  0.40000000  0.14285714  0.0057     142
      80  0.30000000  0.40000000  0.14285714  0.0057     143
      81  0.40000000  0.40000000  0.14285714  0.0057     144
      82  0.50000000  0.40000000  0.14285714  0.0057     145
      83  0.40000000  0.40000000 -0.14285714  0.0057     146
      84  0.30000000  0.40000000 -0.14285714  0.0057     147
      85  0.20000000  0.40000000 -0.14285714  0.0057     148
      86 -0.10000000  0.40000000  0.14285714  0.0057     149
      87  0.00000000  0.50000000  0.14285714  0.0029     150
      88  0.10000000  0.50000000  0.14285714  0.0029     151
      89  0.20000000  0.50000000  0.14285714  0.0029     152
      90  0.30000000  0.50000000  0.14285714  0.0029     153
      91  0.40000000  0.50000000  0.14285714  0.0029     154
      92  0.50000000  0.50000000  0.14285714  0.0029     155
      93  0.40000000  0.50000000 -0.14285714  0.0029     156
      94  0.30000000  0.50000000 -0.14285714  0.0029     157
      95  0.20000000  0.50000000 -0.14285714  0.0029     158
      96 -0.10000000  0.50000000  0.14285714  0.0029     159
      97  0.00000000  0.00000000  0.28571429  0.0029     200
      98  0.10000000  0.00000000  0.28571429  0.0029     201
      99  0.20000000  0.00000000  0.28571429  0.0029     202
     100  0.30000000  0.00000000  0.28571429  0.0029     203
     101  0.40000000  0.00000000  0.28571429  0.0029     204
     102  0.50000000  0.00000000  0.28571429  0.0029     205
     103  0.40000000  0.00000000 -0.28571429  0.0029     206
     104  0.30000000  0.00000000 -0.28571429  0.0029     207
     105 -0.20000000  0.00000000  0.28571429  0.0029     208
     106 -0.10000000  0.00000000  0.28571429  0.0029     209
     107  0.00000000  0.10000000  0.28571429  0.0057     210
     108  0.10000000  0.10000000  0.28571429  0.0057     211
     109  0.20000000  0.10000000  0.28571429  0.0057     212
     110  0.30000000  0.10000000  0.28571429  0.0057     213
     111  0.40000000  0.10000000  0.28571429  0.0057     214
     112  0.50000000  0.10000000  0.28571429  0.0057     215
     113  0.40000000  0.10000000 -0.28571429  0.0057     216
     114  0.30000000  0.10000000 -0.28571429  0.0057     217
     115 -0.20000000  0.10000000  0.28571429  0.0057     218
     116 -0.10000000  0.10000000  0.28571429  0.0057     219
     117  0.00000000  0.20000000  0.28571429  0.0057     220
     118  0.10000000  0.20000000  0.28571429  0.0057     221
     119  0.20000000  0.20000000  0.28571429  0.0057     222
     120  0.30000000  0.20000000  0.28571429  0.0057     223
     121  0.40000000  0.20000000  0.28571429  0.0057     224
     122  0.50000000  0.20000000  0.28571429  0.0057     225
     123  0.40000000  0.20000000 -0.28571429  0.0057     226
     124  0.30000000  0.20000000 -0.28571429  0.0057     227
     125 -0.20000000  0.20000000  0.28571429  0.0057     228
     126 -0.10000000  0.20000000  0.28571429  0.0057     229
     127  0.00000000  0.30000000  0.28571429  0.0057     230
     128  0.10000000  0.30000000  0.28571429  0.0057     231
     129  0.20000000  0.30000000  0.28571429  0.0057     232
     130  0.30000000  0.30000000  0.28571429  0.0057     233
     131  0.40000000  0.30000000  0.28571429  0.0057     234
     132  0.50000000  0.30000000  0.28571429  0.0057     235
     133  0.40000000  0.30000000 -0.28571429  0.0057     236
     134  0.30000000  0.30000000 -0.28571429  0.0057     237
     135 -0.20000000  0.30000000  0.28571429  0.0057     238
     136 -0.10000000  0.30000000  0.28571429  0.0057     239
     137  0.00000000  0.40000000  0.28571429  0.0057     240
     138  0.10000000  0.40000000  0.28571429  0.0057     241
     139  0.20000000  0.40000000  0.28571429  0.0057     242
     140  0.30000000  0.40000000  0.28571429  0.0057     243
     141  0.40000000  0.40000000  0.28571429  0.0057     244
     142  0.50000000  0.40000000  0.28571429  0.0057     245
     143  0.40000000  0.40000000 -0.28571429  0.0057     246
     144  0.30000000  0.40000000 -0.28571429  0.0057     247
     145 -0.20000000  0.40000000  0.28571429  0.0057     248
     146 -0.10000000  0.40000000  0.28571429  0.0057     249
     147  0.00000000  0.50000000  0.28571429  0.0029     250
     148  0.10000000  0.50000000  0.28571429  0.0029     251
     149  0.20000000  0.50000000  0.28571429  0.0029     252
     150  0.30000000  0.50000000  0.28571429  0.0029     253
     151  0.40000000  0.50000000  0.28571429  0.0029     254
     152  0.50000000  0.50000000  0.28571429  0.0029     255
     153  0.40000000  0.50000000 -0.28571429  0.0029     256
     154  0.30000000  0.50000000 -0.28571429  0.0029     257
     155 -0.20000000  0.50000000  0.28571429  0.0029     258
     156 -0.10000000  0.50000000  0.28571429  0.0029     259
     157  0.00000000  0.00000000  0.42857143  0.0029     300
     158  0.10000000  0.00000000  0.42857143  0.0029     301
     159  0.20000000  0.00000000  0.42857143  0.0029     302
     160  0.30000000  0.00000000  0.42857143  0.0029     303
     161  0.40000000  0.00000000  0.42857143  0.0029     304
     162  0.50000000  0.00000000  0.42857143  0.0029     305
     163 -0.40000000  0.00000000  0.42857143  0.0029     306
     164 -0.30000000  0.00000000  0.42857143  0.0029     307
     165 -0.20000000  0.00000000  0.42857143  0.0029     308
     166 -0.10000000  0.00000000  0.42857143  0.0029     309
     167  0.00000000  0.10000000  0.42857143  0.0057     310
     168  0.10000000  0.10000000  0.42857143  0.0057     311
     169  0.20000000  0.10000000  0.42857143  0.0057     312
     170  0.30000000  0.10000000  0.42857143  0.0057     313
     171  0.40000000  0.10000000  0.42857143  0.0057     314
     172  0.50000000  0.10000000  0.42857143  0.0057     315
     173 -0.40000000  0.10000000  0.42857143  0.0057     316
     174 -0.30000000  0.10000000  0.42857143  0.0057     317
     175 -0.20000000  0.10000000  0.42857143  0.0057     318
     176 -0.10000000  0.10000000  0.42857143  0.0057     319
     177  0.00000000  0.20000000  0.42857143  0.0057     320
     178  0.10000000  0.20000000  0.42857143  0.0057     321
     179  0.20000000  0.20000000  0.42857143  0.0057     322
     180  0.30000000  0.20000000  0.42857143  0.0057     323
     181  0.40000000  0.20000000  0.42857143  0.0057     324
     182  0.50000000  0.20000000  0.42857143  0.0057     325
     183 -0.40000000  0.20000000  0.42857143  0.0057     326
     184 -0.30000000  0.20000000  0.42857143  0.0057     327
     185 -0.20000000  0.20000000  0.42857143  0.0057     328
     186 -0.10000000  0.20000000  0.42857143  0.0057     329
     187  0.00000000  0.30000000  0.42857143  0.0057     330
     188  0.10000000  0.30000000  0.42857143  0.0057     331
     189  0.20000000  0.30000000  0.42857143  0.0057     332
     190  0.30000000  0.30000000  0.42857143  0.0057     333
     191  0.40000000  0.30000000  0.42857143  0.0057     334
     192  0.50000000  0.30000000  0.42857143  0.0057     335
     193 -0.40000000  0.30000000  0.42857143  0.0057     336
     194 -0.30000000  0.30000000  0.42857143  0.0057     337
     195 -0.20000000  0.30000000  0.42857143  0.0057     338
     196 -0.10000000  0.30000000  0.42857143  0.0057     339
     197  0.00000000  0.40000000  0.42857143  0.0057     340
     198  0.10000000  0.40000000  0.42857143  0.0057     341
     199  0.20000000  0.40000000  0.42857143  0.0057     342
     200  0.30000000  0.40000000  0.42857143  0.0057     343
     201  0.40000000  0.40000000  0.42857143  0.0057     344
     202  0.50000000  0.40000000  0.42857143  0.0057     345
     203 -0.40000000  0.40000000  0.42857143  0.0057     346
     204 -0.30000000  0.40000000  0.42857143  0.0057     347
     205 -0.20000000  0.40000000  0.42857143  0.0057     348
     206 -0.10000000  0.40000000  0.42857143  0.0057     349
     207  0.00000000  0.50000000  0.42857143  0.0029     350
     208  0.10000000  0.50000000  0.42857143  0.0029     351
     209  0.20000000  0.50000000  0.42857143  0.0029     352
     210  0.30000000  0.50000000  0.42857143  0.0029     353
     211  0.40000000  0.50000000  0.42857143  0.0029     354
     212  0.50000000  0.50000000  0.42857143  0.0029     355
     213 -0.40000000  0.50000000  0.42857143  0.0029     356
     214 -0.30000000  0.50000000  0.42857143  0.0029     357
     215 -0.20000000  0.50000000  0.42857143  0.0029     358
     216 -0.10000000  0.50000000  0.42857143  0.0029     359

                               nkstot now = 216
K-POINTS DIRECT COORDINATES
 KPOINTS    DIRECT_X    DIRECT_Y    DIRECT_Z  WEIGHT
       1  0.00000000  0.00000000  0.00000000  0.0014
       2  0.10000000  0.00000000  0.00000000  0.0029
       3  0.20000000  0.00000000  0.00000000  0.0029
       4  0.30000000  0.00000000  0.00000000  0.0029
       5  0.40000000  0.00000000  0.00000000  0.0029
       6  0.50000000  0.00000000  0.00000000  0.0014
       7  0.00000000  0.10000000  0.00000000  0.0029
       8  0.10000000  0.10000000  0.00000000  0.0057
       9  0.20000000  0.10000000  0.00000000  0.0057
      10  0.30000000  0.10000000  0.00000000  0.0057
      11  0.40000000  0.10000000  0.00000000  0.0057
      12  0.50000000  0.10000000  0.00000000  0.0029
      13  0.00000000  0.20000000  0.00000000  0.0029
      14  0.10000000  0.20000000  0.00000000  0.0057
      15  0.20000000  0.20000000  0.00000000  0.0057
      16  0.30000000  0.20000000  0.00000000  0.0057
      17  0.40000000  0.20000000  0.00000000  0.0057
      18  0.50000000  0.20000000  0.00000000  0.0029
      19  0.00000000  0.30000000  0.00000000  0.0029
      20  0.10000000  0.30000000  0.00000000  0.0057
      21  0.20000000  0.30000000  0.00000000  0.0057
      22  0.30000000  0.30000000  0.00000000  0.0057
      23  0.40000000  0.30000000  0.00000000  0.0057
      24  0.50000000  0.30000000  0.00000000  0.0029
      25  0.00000000  0.40000000  0.00000000  0.0029
      26  0.10000000  0.40000000  0.00000000  0.0057
      27  0.20000000  0.40000000  0.00000000  0.0057
      28  0.30000000  0.40000000  0.00000000  0.0057
      29  0.40000000  0.40000000  0.00000000  0.0057
      30  0.50000000  0.40000000  0.00000000  0.0029
      31  0.00000000  0.50000000  0.00000000  0.0014
      32  0.10000000  0.50000000  0.00000000  0.0029
      33  0.20000000  0.50000000  0.00000000  0.0029
      34  0.30000000  0.50000000  0.00000000  0.0029
      35  0.40000000  0.50000000  0.00000000  0.0029
      36  0.50000000  0.50000000  0.00000000  0.0014
      37  0.00000000  0.00000000  0.14285714  0.0029
      38  0.10000000  0.00000000  0.14285714  0.0029
      39  0.20000000  0.00000000  0.14285714  0.0029
      40  0.30000000  0.00000000  0.14285714  0.0029
      41  0.40000000  0.00000000  0.14285714  0.0029
      42  0.50000000  0.00000000  0.14285714  0.0029
      43  0.40000000  0.00000000 -0.14285714  0.0029
      44  0.30000000  0.00000000 -0.14285714  0.0029
      45  0.20000000  0.00000000 -0.14285714  0.0029
      46 -0.10000000  0.00000000  0.14285714  0.0029
      47  0.00000000  0.10000000  0.14285714  0.0057
      48  0.10000000  0.10000000  0.14285714  0.0057
      49  0.20000000  0.10000000  0.14285714  0.0057
      50  0.30000000  0.10000000  0.14285714  0.0057
      51  0.40000000  0.10000000  0.14285714  0.0057
      52  0.50000000  0.10000000  0.14285714  0.0057
      53  0.40000000  0.10000000 -0.14285714  0.0057
      54  0.30000000  0.10000000 -0.14285714  0.0057
      55  0.20000000  0.10000000 -0.14285714  0.0057
      56 -0.10000000  0.10000000  0.14285714  0.0057
      57  0.00000000  0.20000000  0.14285714  0.0057
      58  0.10000000  0.20000000  0.14285714  0.0057
      59  0.20000000  0.20000000  0.14285714  0.0057
      60  0.30000000  0.20000000  0.14285714  0.0057
      61  0.40000000  0.20000000  0.14285714  0.0057
      62  0.50000000  0.20000000  0.14285714  0.0057
      63  0.40000000  0.20000000 -0.14285714  0.0057
      64  0.30000000  0.20000000 -0.14285714  0.0057
      65  0.20000000  0.20000000 -0.14285714  0.0057
      66 -0.10000000  0.20000000  0.14285714  0.0057
      67  0.00000000  0.30000000  0.14285714  0.0057
      68  0.10000000  0.30000000  0.14285714  0.0057
      69  0.20000000  0.30000000  0.14285714  0.0057
      70  0.30000000  0.30000000  0.14285714  0.0057
      71  0.40000000  0.30000000  0.14285714  0.0057
      72  0.50000000  0.30000000  0.14285714  0.0057
      73  0.40000000  0.30000000 -0.14285714  0.0057
      74  0.30000000  0.30000000 -0.14285714  0.0057
      75  0.20000000  0.30000000 -0.14285714  0.0057
      76 -0.10000000  0.30000000  0.14285714  0.0057
      77  0.00000000  0.40000000  0.14285714  0.0057
      78  0.10000000  0.40000000  0.14285714  0.0057
      79  0.20000000  0.40000000  0.14285714  0.0057
      80  0.30000000  0.40000000  0.14285714  0.0057
      81  0.40000000  0.40000000  0.14285714  0.0057
      82  0.50000000  0.40000000  0.14285714  0.0057
      83  0.40000000  0.40000000 -0.14285714  0.0057
      84  0.30000000  0.40000000 -0.14285714  0.0057
      85  0.20000000  0.40000000 -0.14285714  0.0057
      86 -0.10000000  0.40000000  0.14285714  0.0057
      87  0.00000000  0.50000000  0.14285714  0.0029
      88  0.10000000  0.50000000  0.14285714  0.0029
      89  0.20000000  0.50000000  0.14285714  0.0029
      90  0.30000000  0.50000000  0.14285714  0.0029
      91  0.40000000  0.50000000  0.14285714  0.0029
      92  0.50000000  0.50000000  0.14285714  0.0029
      93  0.40000000  0.50000000 -0.14285714  0.0029
      94  0.30000000  0.50000000 -0.14285714  0.0029
      95  0.20000000  0.50000000 -0.14285714  0.0029
      96 -0.10000000  0.50000000  0.14285714  0.0029
      97  0.00000000  0.00000000  0.28571429  0.0029
      98  0.10000000  0.00000000  0.28571429  0.0029
      99  0.20000000  0.00000000  0.28571429  0.0029
     100  0.30000000  0.00000000  0.28571429  0.0029
     101  0.40000000  0.00000000  0.28571429  0.0029
     102  0.50000000  0.00000000  0.28571429  0.0029
     103  0.40000000  0.00000000 -0.28571429  0.0029
     104  0.30000000  0.00000000 -0.28571429  0.0029
     105 -0.20000000  0.00000000  0.28571429  0.0029
     106 -0.10000000  0.00000000  0.28571429  0.0029
     107  0.00000000  0.10000000  0.28571429  0.0057
     108  0.10000000  0.10000000  0.28571429  0.0057
     109  0.20000000  0.10000000  0.28571429  0.0057
     110  0.30000000  0.10000000  0.28571429  0.0057
     111  0.40000000  0.10000000  0.28571429  0.0057
     112  0.50000000  0.10000000  0.28571429  0.0057
     113  0.40000000  0.10000000 -0.28571429  0.0057
     114  0.30000000  0.10000000 -0.28571429  0.0057
     115 -0.20000000  0.10000000  0.28571429  0.0057
     116 -0.10000000  0.10000000  0.28571429  0.0057
     117  0.00000000  0.20000000  0.28571429  0.0057
     118  0.10000000  0.20000000  0.28571429  0.0057
     119  0.20000000  0.20000000  0.28571429  0.0057
     120  0.30000000  0.20000000  0.28571429  0.0057
     121  0.40000000  0.20000000  0.28571429  0.0057
     122  0.50000000  0.20000000  0.28571429  0.0057
     123  0.40000000  0.20000000 -0.28571429  0.0057
     124  0.30000000  0.20000000 -0.28571429  0.0057
     125 -0.20000000  0.20000000  0.28571429  0.0057
     126 -0.10000000  0.20000000  0.28571429  0.0057
     127  0.00000000  0.30000000  0.28571429  0.0057
     128  0.10000000  0.30000000  0.28571429  0.0057
     129  0.20000000  0.30000000  0.28571429  0.0057
     130  0.30000000  0.30000000  0.28571429  0.0057
     131  0.40000000  0.30000000  0.28571429  0.0057
     132  0.50000000  0.30000000  0.28571429  0.0057
     133  0.40000000  0.30000000 -0.28571429  0.0057
     134  0.30000000  0.30000000 -0.28571429  0.0057
     135 -0.20000000  0.30000000  0.28571429  0.0057
     136 -0.10000000  0.30000000  0.28571429  0.0057
     137  0.00000000  0.40000000  0.28571429  0.0057
     138  0.10000000  0.40000000  0.28571429  0.0057
     139  0.20000000  0.40000000  0.28571429  0.0057
     140  0.30000000  0.40000000  0.28571429  0.0057
     141  0.40000000  0.40000000  0.28571429  0.0057
     142  0.50000000  0.40000000  0.28571429  0.0057
     143  0.40000000  0.40000000 -0.28571429  0.0057
     144  0.30000000  0.40000000 -0.28571429  0.0057
     145 -0.20000000  0.40000000  0.28571429  0.0057
     146 -0.10000000  0.40000000  0.28571429  0.0057
     147  0.00000000  0.50000000  0.28571429  0.0029
     148  0.10000000  0.50000000  0.28571429  0.0029
     149  0.20000000  0.50000000  0.28571429  0.0029
     150  0.30000000  0.50000000  0.28571429  0.0029
     151  0.40000000  0.50000000  0.28571429  0.0029
     152  0.50000000  0.50000000  0.28571429  0.0029
     153  0.40000000  0.50000000 -0.28571429  0.0029
     154  0.30000000  0.50000000 -0.28571429  0.0029
     155 -0.20000000  0.50000000  0.28571429  0.0029
     156 -0.10000000  0.50000000  0.28571429  0.0029
     157  0.00000000  0.00000000  0.42857143  0.0029
     158  0.10000000  0.00000000  0.42857143  0.0029
     159  0.20000000  0.00000000  0.42857143  0.0029
     160  0.30000000  0.00000000  0.42857143  0.0029
     161  0.40000000  0.00000000  0.42857143  0.0029
     162  0.50000000  0.00000000  0.42857143  0.0029
     163 -0.40000000  0.00000000  0.42857143  0.0029
     164 -0.30000000  0.00000000  0.42857143  0.0029
     165 -0.20000000  0.00000000  0.42857143  0.0029
     166 -0.10000000  0.00000000  0.42857143  0.0029
     167  0.00000000  0.10000000  0.42857143  0.0057
     168  0.10000000  0.10000000  0.42857143  0.0057
     169  0.20000000  0.10000000  0.42857143  0.0057
     170  0.30000000  0.10000000  0.42857143  0.0057
     171  0.40000000  0.10000000  0.42857143  0.0057
     172  0.50000000  0.10000000  0.42857143  0.0057
     173 -0.40000000  0.10000000  0.42857143  0.0057
     174 -0.30000000  0.10000000  0.42857143  0.0057
     175 -0.20000000  0.10000000  0.42857143  0.0057
     176 -0.10000000  0.10000000  0.42857143  0.0057
     177  0.00000000  0.20000000  0.42857143  0.0057
     178  0.10000000  0.20000000  0.42857143  0.0057
     179  0.20000000  0.20000000  0.42857143  0.0057
     180  0.30000000  0.20000000  0.42857143  0.0057
     181  0.40000000  0.20000000  0.42857143  0.0057
     182  0.50000000  0.20000000  0.42857143  0.0057
     183 -0.40000000  0.20000000  0.42857143  0.0057
     184 -0.30000000  0.20000000  0.42857143  0.0057
     185 -0.20000000  0.20000000  0.42857143  0.0057
     186 -0.10000000  0.20000000  0.42857143  0.0057
     187  0.00000000  0.30000000  0.42857143  0.0057
     188  0.10000000  0.30000000  0.42857143  0.0057
     189  0.20000000  0.30000000  0.42857143  0.0057
     190  0.30000000  0.30000000  0.42857143  0.0057
     191  0.40000000  0.30000000  0.42857143  0.0057
     192  0.50000000  0.30000000  0.42857143  0.0057
     193 -0.40000000  0.30000000  0.42857143  0.0057
     194 -0.30000000  0.30000000  0.42857143  0.0057
     195 -0.20000000  0.30000000  0.42857143  0.0057
     196 -0.10000000  0.30000000  0.42857143  0.0057
     197  0.00000000  0.40000000  0.42857143  0.0057
     198  0.10000000  0.40000000  0.42857143  0.0057
     199  0.20000000  0.40000000  0.42857143  0.0057
     200  0.30000000  0.40000000  0.42857143  0.0057
     201  0.40000000  0.40000000  0.42857143  0.0057
     202  0.50000000  0.40000000  0.42857143  0.0057
     203 -0.40000000  0.40000000  0.42857143  0.0057
     204 -0.30000000  0.40000000  0.42857143  0.0057
     205 -0.20000000  0.40000000  0.42857143  0.0057
     206 -0.10000000  0.40000000  0.42857143  0.0057
     207  0.00000000  0.50000000  0.42857143  0.0029
     208  0.10000000  0.50000000  0.42857143  0.0029
     209  0.20000000  0.50000000  0.42857143  0.0029
     210  0.30000000  0.50000000  0.42857143  0.0029
     211  0.40000000  0.50000000  0.42857143  0.0029
     212  0.50000000  0.50000000  0.42857143  0.0029
     213 -0.40000000  0.50000000  0.42857143  0.0029
     214 -0.30000000  0.50000000  0.42857143  0.0029
     215 -0.20000000  0.50000000  0.42857143  0.0029
     216 -0.10000000  0.50000000  0.42857143  0.0029


           k-point number in this process = 216
       minimum distributed K point number = 216
starsize: 1
isym: 0 ks_vec: 0 0 0
starsize: 2
isym: 0 ks_vec: 0.1 0 0
isym: 2 ks_vec: -0.1 0 0
starsize: 2
isym: 0 ks_vec: 0.2 0 0
isym: 2 ks_vec: -0.2 0 0
starsize: 2
isym: 0 ks_vec: 0.3 0 0
isym: 2 ks_vec: -0.3 0 0
starsize: 2
isym: 0 ks_vec: 0.4 0 0
isym: 2 ks_vec: -0.4 0 0
starsize: 1
isym: 0 ks_vec: 0.5 0 0
starsize: 2
isym: 0 ks_vec: 0 0.1 0
isym: 1 ks_vec: 0 -0.1 0
starsize: 4
isym: 0 ks_vec: 0.1 0.1 0
isym: 1 ks_vec: 0.1 -0.1 0
isym: 2 ks_vec: -0.1 -0.1 0
isym: 3 ks_vec: -0.1 0.1 0
starsize: 4
isym: 0 ks_vec: 0.2 0.1 0
isym: 1 ks_vec: 0.2 -0.1 0
isym: 2 ks_vec: -0.2 -0.1 0
isym: 3 ks_vec: -0.2 0.1 0
starsize: 4
isym: 0 ks_vec: 0.3 0.1 0
isym: 1 ks_vec: 0.3 -0.1 0
isym: 2 ks_vec: -0.3 -0.1 0
isym: 3 ks_vec: -0.3 0.1 0
starsize: 4
isym: 0 ks_vec: 0.4 0.1 0
isym: 1 ks_vec: 0.4 -0.1 0
isym: 2 ks_vec: -0.4 -0.1 0
isym: 3 ks_vec: -0.4 0.1 0
starsize: 2
isym: 0 ks_vec: 0.5 0.1 0
isym: 1 ks_vec: 0.5 -0.1 0
starsize: 2
isym: 0 ks_vec: 0 0.2 0
isym: 1 ks_vec: 0 -0.2 0
starsize: 4
isym: 0 ks_vec: 0.1 0.2 0
isym: 1 ks_vec: 0.1 -0.2 0
isym: 2 ks_vec: -0.1 -0.2 0
isym: 3 ks_vec: -0.1 0.2 0
starsize: 4
isym: 0 ks_vec: 0.2 0.2 0
isym: 1 ks_vec: 0.2 -0.2 0
isym: 2 ks_vec: -0.2 -0.2 0
isym: 3 ks_vec: -0.2 0.2 0
starsize: 4
isym: 0 ks_vec: 0.3 0.2 0
isym: 1 ks_vec: 0.3 -0.2 0
isym: 2 ks_vec: -0.3 -0.2 0
isym: 3 ks_vec: -0.3 0.2 0
starsize: 4
isym: 0 ks_vec: 0.4 0.2 0
isym: 1 ks_vec: 0.4 -0.2 0
isym: 2 ks_vec: -0.4 -0.2 0
isym: 3 ks_vec: -0.4 0.2 0
starsize: 2
isym: 0 ks_vec: 0.5 0.2 0
isym: 1 ks_vec: 0.5 -0.2 0
starsize: 2
isym: 0 ks_vec: 0 0.3 0
isym: 1 ks_vec: 0 -0.3 0
starsize: 4
isym: 0 ks_vec: 0.1 0.3 0
isym: 1 ks_vec: 0.1 -0.3 0
isym: 2 ks_vec: -0.1 -0.3 0
isym: 3 ks_vec: -0.1 0.3 0
starsize: 4
isym: 0 ks_vec: 0.2 0.3 0
isym: 1 ks_vec: 0.2 -0.3 0
isym: 2 ks_vec: -0.2 -0.3 0
isym: 3 ks_vec: -0.2 0.3 0
starsize: 4
isym: 0 ks_vec: 0.3 0.3 0
isym: 1 ks_vec: 0.3 -0.3 0
isym: 2 ks_vec: -0.3 -0.3 0
isym: 3 ks_vec: -0.3 0.3 0
starsize: 4
isym: 0 ks_vec: 0.4 0.3 0
isym: 1 ks_vec: 0.4 -0.3 0
isym: 2 ks_vec: -0.4 -0.3 0
isym: 3 ks_vec: -0.4 0.3 0
starsize: 2
isym: 0 ks_vec: 0.5 0.3 0
isym: 1 ks_vec: 0.5 -0.3 0
starsize: 2
isym: 0 ks_vec: 0 0.4 0
isym: 1 ks_vec: 0 -0.4 0
starsize: 4
isym: 0 ks_vec: 0.1 0.4 0
isym: 1 ks_vec: 0.1 -0.4 0
isym: 2 ks_vec: -0.1 -0.4 0
isym: 3 ks_vec: -0.1 0.4 0
starsize: 4
isym: 0 ks_vec: 0.2 0.4 0
isym: 1 ks_vec: 0.2 -0.4 0
isym: 2 ks_vec: -0.2 -0.4 0
isym: 3 ks_vec: -0.2 0.4 0
starsize: 4
isym: 0 ks_vec: 0.3 0.4 0
isym: 1 ks_vec: 0.3 -0.4 0
isym: 2 ks_vec: -0.3 -0.4 0
isym: 3 ks_vec: -0.3 0.4 0
starsize: 4
isym: 0 ks_vec: 0.4 0.4 0
isym: 1 ks_vec: 0.4 -0.4 0
isym: 2 ks_vec: -0.4 -0.4 0
isym: 3 ks_vec: -0.4 0.4 0
starsize: 2
isym: 0 ks_vec: 0.5 0.4 0
isym: 1 ks_vec: 0.5 -0.4 0
starsize: 1
isym: 0 ks_vec: 0 0.5 0
starsize: 2
isym: 0 ks_vec: 0.1 0.5 0
isym: 2 ks_vec: -0.1 0.5 0
starsize: 2
isym: 0 ks_vec: 0.2 0.5 0
isym: 2 ks_vec: -0.2 0.5 0
starsize: 2
isym: 0 ks_vec: 0.3 0.5 0
isym: 2 ks_vec: -0.3 0.5 0
starsize: 2
isym: 0 ks_vec: 0.4 0.5 0
isym: 2 ks_vec: -0.4 0.5 0
starsize: 1
isym: 0 ks_vec: 0.5 0.5 0
starsize: 2
isym: 0 ks_vec: 0 0 0.142857
isym: 2 ks_vec: 0 0 -0.142857
starsize: 2
isym: 0 ks_vec: 0.1 0 0.142857
isym: 2 ks_vec: -0.1 0 -0.142857
starsize: 2
isym: 0 ks_vec: 0.2 0 0.142857
isym: 2 ks_vec: -0.2 0 -0.142857
starsize: 2
isym: 0 ks_vec: 0.3 0 0.142857
isym: 2 ks_vec: -0.3 0 -0.142857
starsize: 2
isym: 0 ks_vec: 0.4 0 0.142857
isym: 2 ks_vec: -0.4 0 -0.142857
starsize: 2
isym: 0 ks_vec: 0.5 0 0.142857
isym: 2 ks_vec: 0.5 0 -0.142857
starsize: 2
isym: 0 ks_vec: 0.4 0 -0.142857
isym: 2 ks_vec: -0.4 0 0.142857
starsize: 2
isym: 0 ks_vec: 0.3 0 -0.142857
isym: 2 ks_vec: -0.3 0 0.142857
starsize: 2
isym: 0 ks_vec: 0.2 0 -0.142857
isym: 2 ks_vec: -0.2 0 0.142857
starsize: 2
isym: 0 ks_vec: -0.1 0 0.142857
isym: 2 ks_vec: 0.1 0 -0.142857
starsize: 4
isym: 0 ks_vec: 0 0.1 0.142857
isym: 1 ks_vec: 0 -0.1 0.142857
isym: 2 ks_vec: 0 -0.1 -0.142857
isym: 3 ks_vec: 0 0.1 -0.142857
starsize: 4
isym: 0 ks_vec: 0.1 0.1 0.142857
isym: 1 ks_vec: 0.1 -0.1 0.142857
isym: 2 ks_vec: -0.1 -0.1 -0.142857
isym: 3 ks_vec: -0.1 0.1 -0.142857
starsize: 4
isym: 0 ks_vec: 0.2 0.1 0.142857
isym: 1 ks_vec: 0.2 -0.1 0.142857
isym: 2 ks_vec: -0.2 -0.1 -0.142857
isym: 3 ks_vec: -0.2 0.1 -0.142857
starsize: 4
isym: 0 ks_vec: 0.3 0.1 0.142857
isym: 1 ks_vec: 0.3 -0.1 0.142857
isym: 2 ks_vec: -0.3 -0.1 -0.142857
isym: 3 ks_vec: -0.3 0.1 -0.142857
starsize: 4
isym: 0 ks_vec: 0.4 0.1 0.142857
isym: 1 ks_vec: 0.4 -0.1 0.142857
isym: 2 ks_vec: -0.4 -0.1 -0.142857
isym: 3 ks_vec: -0.4 0.1 -0.142857
starsize: 4
isym: 0 ks_vec: 0.5 0.1 0.142857
isym: 1 ks_vec: 0.5 -0.1 0.142857
isym: 2 ks_vec: 0.5 -0.1 -0.142857
isym: 3 ks_vec: 0.5 0.1 -0.142857
starsize: 4
isym: 0 ks_vec: 0.4 0.1 -0.142857
isym: 1 ks_vec: 0.4 -0.1 -0.142857
isym: 2 ks_vec: -0.4 -0.1 0.142857
isym: 3 ks_vec: -0.4 0.1 0.142857
starsize: 4
isym: 0 ks_vec: 0.3 0.1 -0.142857
isym: 1 ks_vec: 0.3 -0.1 -0.142857
isym: 2 ks_vec: -0.3 -0.1 0.142857
isym: 3 ks_vec: -0.3 0.1 0.142857
starsize: 4
isym: 0 ks_vec: 0.2 0.1 -0.142857
isym: 1 ks_vec: 0.2 -0.1 -0.142857
isym: 2 ks_vec: -0.2 -0.1 0.142857
isym: 3 ks_vec: -0.2 0.1 0.142857
starsize: 4
isym: 0 ks_vec: -0.1 0.1 0.142857
isym: 1 ks_vec: -0.1 -0.1 0.142857
isym: 2 ks_vec: 0.1 -0.1 -0.142857
isym: 3 ks_vec: 0.1 0.1 -0.142857
starsize: 4
isym: 0 ks_vec: 0 0.2 0.142857
isym: 1 ks_vec: 0 -0.2 0.142857
isym: 2 ks_vec: 0 -0.2 -0.142857
isym: 3 ks_vec: 0 0.2 -0.142857
starsize: 4
isym: 0 ks_vec: 0.1 0.2 0.142857
isym: 1 ks_vec: 0.1 -0.2 0.142857
isym: 2 ks_vec: -0.1 -0.2 -0.142857
isym: 3 ks_vec: -0.1 0.2 -0.142857
starsize: 4
isym: 0 ks_vec: 0.2 0.2 0.142857
isym: 1 ks_vec: 0.2 -0.2 0.142857
isym: 2 ks_vec: -0.2 -0.2 -0.142857
isym: 3 ks_vec: -0.2 0.2 -0.142857
starsize: 4
isym: 0 ks_vec: 0.3 0.2 0.142857
isym: 1 ks_vec: 0.3 -0.2 0.142857
isym: 2 ks_vec: -0.3 -0.2 -0.142857
isym: 3 ks_vec: -0.3 0.2 -0.142857
starsize: 4
isym: 0 ks_vec: 0.4 0.2 0.142857
isym: 1 ks_vec: 0.4 -0.2 0.142857
isym: 2 ks_vec: -0.4 -0.2 -0.142857
isym: 3 ks_vec: -0.4 0.2 -0.142857
starsize: 4
isym: 0 ks_vec: 0.5 0.2 0.142857
isym: 1 ks_vec: 0.5 -0.2 0.142857
isym: 2 ks_vec: 0.5 -0.2 -0.142857
isym: 3 ks_vec: 0.5 0.2 -0.142857
starsize: 4
isym: 0 ks_vec: 0.4 0.2 -0.142857
isym: 1 ks_vec: 0.4 -0.2 -0.142857
isym: 2 ks_vec: -0.4 -0.2 0.142857
isym: 3 ks_vec: -0.4 0.2 0.142857
starsize: 4
isym: 0 ks_vec: 0.3 0.2 -0.142857
isym: 1 ks_vec: 0.3 -0.2 -0.142857
isym: 2 ks_vec: -0.3 -0.2 0.142857
isym: 3 ks_vec: -0.3 0.2 0.142857
starsize: 4
isym: 0 ks_vec: 0.2 0.2 -0.142857
isym: 1 ks_vec: 0.2 -0.2 -0.142857
isym: 2 ks_vec: -0.2 -0.2 0.142857
isym: 3 ks_vec: -0.2 0.2 0.142857
starsize: 4
isym: 0 ks_vec: -0.1 0.2 0.142857
isym: 1 ks_vec: -0.1 -0.2 0.142857
isym: 2 ks_vec: 0.1 -0.2 -0.142857
isym: 3 ks_vec: 0.1 0.2 -0.142857
starsize: 4
isym: 0 ks_vec: 0 0.3 0.142857
isym: 1 ks_vec: 0 -0.3 0.142857
isym: 2 ks_vec: 0 -0.3 -0.142857
isym: 3 ks_vec: 0 0.3 -0.142857
starsize: 4
isym: 0 ks_vec: 0.1 0.3 0.142857
isym: 1 ks_vec: 0.1 -0.3 0.142857
isym: 2 ks_vec: -0.1 -0.3 -0.142857
isym: 3 ks_vec: -0.1 0.3 -0.142857
starsize: 4
isym: 0 ks_vec: 0.2 0.3 0.142857
isym: 1 ks_vec: 0.2 -0.3 0.142857
isym: 2 ks_vec: -0.2 -0.3 -0.142857
isym: 3 ks_vec: -0.2 0.3 -0.142857
starsize: 4
isym: 0 ks_vec: 0.3 0.3 0.142857
isym: 1 ks_vec: 0.3 -0.3 0.142857
isym: 2 ks_vec: -0.3 -0.3 -0.142857
isym: 3 ks_vec: -0.3 0.3 -0.142857
starsize: 4
isym: 0 ks_vec: 0.4 0.3 0.142857
isym: 1 ks_vec: 0.4 -0.3 0.142857
isym: 2 ks_vec: -0.4 -0.3 -0.142857
isym: 3 ks_vec: -0.4 0.3 -0.142857
starsize: 4
isym: 0 ks_vec: 0.5 0.3 0.142857
isym: 1 ks_vec: 0.5 -0.3 0.142857
isym: 2 ks_vec: 0.5 -0.3 -0.142857
isym: 3 ks_vec: 0.5 0.3 -0.142857
starsize: 4
isym: 0 ks_vec: 0.4 0.3 -0.142857
isym: 1 ks_vec: 0.4 -0.3 -0.142857
isym: 2 ks_vec: -0.4 -0.3 0.142857
isym: 3 ks_vec: -0.4 0.3 0.142857
starsize: 4
isym: 0 ks_vec: 0.3 0.3 -0.142857
isym: 1 ks_vec: 0.3 -0.3 -0.142857
isym: 2 ks_vec: -0.3 -0.3 0.142857
isym: 3 ks_vec: -0.3 0.3 0.142857
starsize: 4
isym: 0 ks_vec: 0.2 0.3 -0.142857
isym: 1 ks_vec: 0.2 -0.3 -0.142857
isym: 2 ks_vec: -0.2 -0.3 0.142857
isym: 3 ks_vec: -0.2 0.3 0.142857
starsize: 4
isym: 0 ks_vec: -0.1 0.3 0.142857
isym: 1 ks_vec: -0.1 -0.3 0.142857
isym: 2 ks_vec: 0.1 -0.3 -0.142857
isym: 3 ks_vec: 0.1 0.3 -0.142857
starsize: 4
isym: 0 ks_vec: 0 0.4 0.142857
isym: 1 ks_vec: 0 -0.4 0.142857
isym: 2 ks_vec: 0 -0.4 -0.142857
isym: 3 ks_vec: 0 0.4 -0.142857
starsize: 4
isym: 0 ks_vec: 0.1 0.4 0.142857
isym: 1 ks_vec: 0.1 -0.4 0.142857
isym: 2 ks_vec: -0.1 -0.4 -0.142857
isym: 3 ks_vec: -0.1 0.4 -0.142857
starsize: 4
isym: 0 ks_vec: 0.2 0.4 0.142857
isym: 1 ks_vec: 0.2 -0.4 0.142857
isym: 2 ks_vec: -0.2 -0.4 -0.142857
isym: 3 ks_vec: -0.2 0.4 -0.142857
starsize: 4
isym: 0 ks_vec: 0.3 0.4 0.142857
isym: 1 ks_vec: 0.3 -0.4 0.142857
isym: 2 ks_vec: -0.3 -0.4 -0.142857
isym: 3 ks_vec: -0.3 0.4 -0.142857
starsize: 4
isym: 0 ks_vec: 0.4 0.4 0.142857
isym: 1 ks_vec: 0.4 -0.4 0.142857
isym: 2 ks_vec: -0.4 -0.4 -0.142857
isym: 3 ks_vec: -0.4 0.4 -0.142857
starsize: 4
isym: 0 ks_vec: 0.5 0.4 0.142857
isym: 1 ks_vec: 0.5 -0.4 0.142857
isym: 2 ks_vec: 0.5 -0.4 -0.142857
isym: 3 ks_vec: 0.5 0.4 -0.142857
starsize: 4
isym: 0 ks_vec: 0.4 0.4 -0.142857
isym: 1 ks_vec: 0.4 -0.4 -0.142857
isym: 2 ks_vec: -0.4 -0.4 0.142857
isym: 3 ks_vec: -0.4 0.4 0.142857
starsize: 4
isym: 0 ks_vec: 0.3 0.4 -0.142857
isym: 1 ks_vec: 0.3 -0.4 -0.142857
isym: 2 ks_vec: -0.3 -0.4 0.142857
isym: 3 ks_vec: -0.3 0.4 0.142857
starsize: 4
isym: 0 ks_vec: 0.2 0.4 -0.142857
isym: 1 ks_vec: 0.2 -0.4 -0.142857
isym: 2 ks_vec: -0.2 -0.4 0.142857
isym: 3 ks_vec: -0.2 0.4 0.142857
starsize: 4
isym: 0 ks_vec: -0.1 0.4 0.142857
isym: 1 ks_vec: -0.1 -0.4 0.142857
isym: 2 ks_vec: 0.1 -0.4 -0.142857
isym: 3 ks_vec: 0.1 0.4 -0.142857
starsize: 2
isym: 0 ks_vec: 0 0.5 0.142857
isym: 2 ks_vec: 0 0.5 -0.142857
starsize: 2
isym: 0 ks_vec: 0.1 0.5 0.142857
isym: 2 ks_vec: -0.1 0.5 -0.142857
starsize: 2
isym: 0 ks_vec: 0.2 0.5 0.142857
isym: 2 ks_vec: -0.2 0.5 -0.142857
starsize: 2
isym: 0 ks_vec: 0.3 0.5 0.142857
isym: 2 ks_vec: -0.3 0.5 -0.142857
starsize: 2
isym: 0 ks_vec: 0.4 0.5 0.142857
isym: 2 ks_vec: -0.4 0.5 -0.142857
starsize: 2
isym: 0 ks_vec: 0.5 0.5 0.142857
isym: 2 ks_vec: 0.5 0.5 -0.142857
starsize: 2
isym: 0 ks_vec: 0.4 0.5 -0.142857
isym: 2 ks_vec: -0.4 0.5 0.142857
starsize: 2
isym: 0 ks_vec: 0.3 0.5 -0.142857
isym: 2 ks_vec: -0.3 0.5 0.142857
starsize: 2
isym: 0 ks_vec: 0.2 0.5 -0.142857
isym: 2 ks_vec: -0.2 0.5 0.142857
starsize: 2
isym: 0 ks_vec: -0.1 0.5 0.142857
isym: 2 ks_vec: 0.1 0.5 -0.142857
starsize: 2
isym: 0 ks_vec: 0 0 0.285714
isym: 2 ks_vec: 0 0 -0.285714
starsize: 2
isym: 0 ks_vec: 0.1 0 0.285714
isym: 2 ks_vec: -0.1 0 -0.285714
starsize: 2
isym: 0 ks_vec: 0.2 0 0.285714
isym: 2 ks_vec: -0.2 0 -0.285714
starsize: 2
isym: 0 ks_vec: 0.3 0 0.285714
isym: 2 ks_vec: -0.3 0 -0.285714
starsize: 2
isym: 0 ks_vec: 0.4 0 0.285714
isym: 2 ks_vec: -0.4 0 -0.285714
starsize: 2
isym: 0 ks_vec: 0.5 0 0.285714
isym: 2 ks_vec: 0.5 0 -0.285714
starsize: 2
isym: 0 ks_vec: 0.4 0 -0.285714
isym: 2 ks_vec: -0.4 0 0.285714
starsize: 2
isym: 0 ks_vec: 0.3 0 -0.285714
isym: 2 ks_vec: -0.3 0 0.285714
starsize: 2
isym: 0 ks_vec: -0.2 0 0.285714
isym: 2 ks_vec: 0.2 0 -0.285714
starsize: 2
isym: 0 ks_vec: -0.1 0 0.285714
isym: 2 ks_vec: 0.1 0 -0.285714
starsize: 4
isym: 0 ks_vec: 0 0.1 0.285714
isym: 1 ks_vec: 0 -0.1 0.285714
isym: 2 ks_vec: 0 -0.1 -0.285714
isym: 3 ks_vec: 0 0.1 -0.285714
starsize: 4
isym: 0 ks_vec: 0.1 0.1 0.285714
isym: 1 ks_vec: 0.1 -0.1 0.285714
isym: 2 ks_vec: -0.1 -0.1 -0.285714
isym: 3 ks_vec: -0.1 0.1 -0.285714
starsize: 4
isym: 0 ks_vec: 0.2 0.1 0.285714
isym: 1 ks_vec: 0.2 -0.1 0.285714
isym: 2 ks_vec: -0.2 -0.1 -0.285714
isym: 3 ks_vec: -0.2 0.1 -0.285714
starsize: 4
isym: 0 ks_vec: 0.3 0.1 0.285714
isym: 1 ks_vec: 0.3 -0.1 0.285714
isym: 2 ks_vec: -0.3 -0.1 -0.285714
isym: 3 ks_vec: -0.3 0.1 -0.285714
starsize: 4
isym: 0 ks_vec: 0.4 0.1 0.285714
isym: 1 ks_vec: 0.4 -0.1 0.285714
isym: 2 ks_vec: -0.4 -0.1 -0.285714
isym: 3 ks_vec: -0.4 0.1 -0.285714
starsize: 4
isym: 0 ks_vec: 0.5 0.1 0.285714
isym: 1 ks_vec: 0.5 -0.1 0.285714
isym: 2 ks_vec: 0.5 -0.1 -0.285714
isym: 3 ks_vec: 0.5 0.1 -0.285714
starsize: 4
isym: 0 ks_vec: 0.4 0.1 -0.285714
isym: 1 ks_vec: 0.4 -0.1 -0.285714
isym: 2 ks_vec: -0.4 -0.1 0.285714
isym: 3 ks_vec: -0.4 0.1 0.285714
starsize: 4
isym: 0 ks_vec: 0.3 0.1 -0.285714
isym: 1 ks_vec: 0.3 -0.1 -0.285714
isym: 2 ks_vec: -0.3 -0.1 0.285714
isym: 3 ks_vec: -0.3 0.1 0.285714
starsize: 4
isym: 0 ks_vec: -0.2 0.1 0.285714
isym: 1 ks_vec: -0.2 -0.1 0.285714
isym: 2 ks_vec: 0.2 -0.1 -0.285714
isym: 3 ks_vec: 0.2 0.1 -0.285714
starsize: 4
isym: 0 ks_vec: -0.1 0.1 0.285714
isym: 1 ks_vec: -0.1 -0.1 0.285714
isym: 2 ks_vec: 0.1 -0.1 -0.285714
isym: 3 ks_vec: 0.1 0.1 -0.285714
starsize: 4
isym: 0 ks_vec: 0 0.2 0.285714
isym: 1 ks_vec: 0 -0.2 0.285714
isym: 2 ks_vec: 0 -0.2 -0.285714
isym: 3 ks_vec: 0 0.2 -0.285714
starsize: 4
isym: 0 ks_vec: 0.1 0.2 0.285714
isym: 1 ks_vec: 0.1 -0.2 0.285714
isym: 2 ks_vec: -0.1 -0.2 -0.285714
isym: 3 ks_vec: -0.1 0.2 -0.285714
starsize: 4
isym: 0 ks_vec: 0.2 0.2 0.285714
isym: 1 ks_vec: 0.2 -0.2 0.285714
isym: 2 ks_vec: -0.2 -0.2 -0.285714
isym: 3 ks_vec: -0.2 0.2 -0.285714
starsize: 4
isym: 0 ks_vec: 0.3 0.2 0.285714
isym: 1 ks_vec: 0.3 -0.2 0.285714
isym: 2 ks_vec: -0.3 -0.2 -0.285714
isym: 3 ks_vec: -0.3 0.2 -0.285714
starsize: 4
isym: 0 ks_vec: 0.4 0.2 0.285714
isym: 1 ks_vec: 0.4 -0.2 0.285714
isym: 2 ks_vec: -0.4 -0.2 -0.285714
isym: 3 ks_vec: -0.4 0.2 -0.285714
starsize: 4
isym: 0 ks_vec: 0.5 0.2 0.285714
isym: 1 ks_vec: 0.5 -0.2 0.285714
isym: 2 ks_vec: 0.5 -0.2 -0.285714
isym: 3 ks_vec: 0.5 0.2 -0.285714
starsize: 4
isym: 0 ks_vec: 0.4 0.2 -0.285714
isym: 1 ks_vec: 0.4 -0.2 -0.285714
isym: 2 ks_vec: -0.4 -0.2 0.285714
isym: 3 ks_vec: -0.4 0.2 0.285714
starsize: 4
isym: 0 ks_vec: 0.3 0.2 -0.285714
isym: 1 ks_vec: 0.3 -0.2 -0.285714
isym: 2 ks_vec: -0.3 -0.2 0.285714
isym: 3 ks_vec: -0.3 0.2 0.285714
starsize: 4
isym: 0 ks_vec: -0.2 0.2 0.285714
isym: 1 ks_vec: -0.2 -0.2 0.285714
isym: 2 ks_vec: 0.2 -0.2 -0.285714
isym: 3 ks_vec: 0.2 0.2 -0.285714
starsize: 4
isym: 0 ks_vec: -0.1 0.2 0.285714
isym: 1 ks_vec: -0.1 -0.2 0.285714
isym: 2 ks_vec: 0.1 -0.2 -0.285714
isym: 3 ks_vec: 0.1 0.2 -0.285714
starsize: 4
isym: 0 ks_vec: 0 0.3 0.285714
isym: 1 ks_vec: 0 -0.3 0.285714
isym: 2 ks_vec: 0 -0.3 -0.285714
isym: 3 ks_vec: 0 0.3 -0.285714
starsize: 4
isym: 0 ks_vec: 0.1 0.3 0.285714
isym: 1 ks_vec: 0.1 -0.3 0.285714
isym: 2 ks_vec: -0.1 -0.3 -0.285714
isym: 3 ks_vec: -0.1 0.3 -0.285714
starsize: 4
isym: 0 ks_vec: 0.2 0.3 0.285714
isym: 1 ks_vec: 0.2 -0.3 0.285714
isym: 2 ks_vec: -0.2 -0.3 -0.285714
isym: 3 ks_vec: -0.2 0.3 -0.285714
starsize: 4
isym: 0 ks_vec: 0.3 0.3 0.285714
isym: 1 ks_vec: 0.3 -0.3 0.285714
isym: 2 ks_vec: -0.3 -0.3 -0.285714
isym: 3 ks_vec: -0.3 0.3 -0.285714
starsize: 4
isym: 0 ks_vec: 0.4 0.3 0.285714
isym: 1 ks_vec: 0.4 -0.3 0.285714
isym: 2 ks_vec: -0.4 -0.3 -0.285714
isym: 3 ks_vec: -0.4 0.3 -0.285714
starsize: 4
isym: 0 ks_vec: 0.5 0.3 0.285714
isym: 1 ks_vec: 0.5 -0.3 0.285714
isym: 2 ks_vec: 0.5 -0.3 -0.285714
isym: 3 ks_vec: 0.5 0.3 -0.285714
starsize: 4
isym: 0 ks_vec: 0.4 0.3 -0.285714
isym: 1 ks_vec: 0.4 -0.3 -0.285714
isym: 2 ks_vec: -0.4 -0.3 0.285714
isym: 3 ks_vec: -0.4 0.3 0.285714
starsize: 4
isym: 0 ks_vec: 0.3 0.3 -0.285714
isym: 1 ks_vec: 0.3 -0.3 -0.285714
isym: 2 ks_vec: -0.3 -0.3 0.285714
isym: 3 ks_vec: -0.3 0.3 0.285714
starsize: 4
isym: 0 ks_vec: -0.2 0.3 0.285714
isym: 1 ks_vec: -0.2 -0.3 0.285714
isym: 2 ks_vec: 0.2 -0.3 -0.285714
isym: 3 ks_vec: 0.2 0.3 -0.285714
starsize: 4
isym: 0 ks_vec: -0.1 0.3 0.285714
isym: 1 ks_vec: -0.1 -0.3 0.285714
isym: 2 ks_vec: 0.1 -0.3 -0.285714
isym: 3 ks_vec: 0.1 0.3 -0.285714
starsize: 4
isym: 0 ks_vec: 0 0.4 0.285714
isym: 1 ks_vec: 0 -0.4 0.285714
isym: 2 ks_vec: 0 -0.4 -0.285714
isym: 3 ks_vec: 0 0.4 -0.285714
starsize: 4
isym: 0 ks_vec: 0.1 0.4 0.285714
isym: 1 ks_vec: 0.1 -0.4 0.285714
isym: 2 ks_vec: -0.1 -0.4 -0.285714
isym: 3 ks_vec: -0.1 0.4 -0.285714
starsize: 4
isym: 0 ks_vec: 0.2 0.4 0.285714
isym: 1 ks_vec: 0.2 -0.4 0.285714
isym: 2 ks_vec: -0.2 -0.4 -0.285714
isym: 3 ks_vec: -0.2 0.4 -0.285714
starsize: 4
isym: 0 ks_vec: 0.3 0.4 0.285714
isym: 1 ks_vec: 0.3 -0.4 0.285714
isym: 2 ks_vec: -0.3 -0.4 -0.285714
isym: 3 ks_vec: -0.3 0.4 -0.285714
starsize: 4
isym: 0 ks_vec: 0.4 0.4 0.285714
isym: 1 ks_vec: 0.4 -0.4 0.285714
isym: 2 ks_vec: -0.4 -0.4 -0.285714
isym: 3 ks_vec: -0.4 0.4 -0.285714
starsize: 4
isym: 0 ks_vec: 0.5 0.4 0.285714
isym: 1 ks_vec: 0.5 -0.4 0.285714
isym: 2 ks_vec: 0.5 -0.4 -0.285714
isym: 3 ks_vec: 0.5 0.4 -0.285714
starsize: 4
isym: 0 ks_vec: 0.4 0.4 -0.285714
isym: 1 ks_vec: 0.4 -0.4 -0.285714
isym: 2 ks_vec: -0.4 -0.4 0.285714
isym: 3 ks_vec: -0.4 0.4 0.285714
starsize: 4
isym: 0 ks_vec: 0.3 0.4 -0.285714
isym: 1 ks_vec: 0.3 -0.4 -0.285714
isym: 2 ks_vec: -0.3 -0.4 0.285714
isym: 3 ks_vec: -0.3 0.4 0.285714
starsize: 4
isym: 0 ks_vec: -0.2 0.4 0.285714
isym: 1 ks_vec: -0.2 -0.4 0.285714
isym: 2 ks_vec: 0.2 -0.4 -0.285714
isym: 3 ks_vec: 0.2 0.4 -0.285714
starsize: 4
isym: 0 ks_vec: -0.1 0.4 0.285714
isym: 1 ks_vec: -0.1 -0.4 0.285714
isym: 2 ks_vec: 0.1 -0.4 -0.285714
isym: 3 ks_vec: 0.1 0.4 -0.285714
starsize: 2
isym: 0 ks_vec: 0 0.5 0.285714
isym: 2 ks_vec: 0 0.5 -0.285714
starsize: 2
isym: 0 ks_vec: 0.1 0.5 0.285714
isym: 2 ks_vec: -0.1 0.5 -0.285714
starsize: 2
isym: 0 ks_vec: 0.2 0.5 0.285714
isym: 2 ks_vec: -0.2 0.5 -0.285714
starsize: 2
isym: 0 ks_vec: 0.3 0.5 0.285714
isym: 2 ks_vec: -0.3 0.5 -0.285714
starsize: 2
isym: 0 ks_vec: 0.4 0.5 0.285714
isym: 2 ks_vec: -0.4 0.5 -0.285714
starsize: 2
isym: 0 ks_vec: 0.5 0.5 0.285714
isym: 2 ks_vec: 0.5 0.5 -0.285714
starsize: 2
isym: 0 ks_vec: 0.4 0.5 -0.285714
isym: 2 ks_vec: -0.4 0.5 0.285714
starsize: 2
isym: 0 ks_vec: 0.3 0.5 -0.285714
isym: 2 ks_vec: -0.3 0.5 0.285714
starsize: 2
isym: 0 ks_vec: -0.2 0.5 0.285714
isym: 2 ks_vec: 0.2 0.5 -0.285714
starsize: 2
isym: 0 ks_vec: -0.1 0.5 0.285714
isym: 2 ks_vec: 0.1 0.5 -0.285714
starsize: 2
isym: 0 ks_vec: 0 0 0.428571
isym: 2 ks_vec: 0 0 -0.428571
starsize: 2
isym: 0 ks_vec: 0.1 0 0.428571
isym: 2 ks_vec: -0.1 0 -0.428571
starsize: 2
isym: 0 ks_vec: 0.2 0 0.428571
isym: 2 ks_vec: -0.2 0 -0.428571
starsize: 2
isym: 0 ks_vec: 0.3 0 0.428571
isym: 2 ks_vec: -0.3 0 -0.428571
starsize: 2
isym: 0 ks_vec: 0.4 0 0.428571
isym: 2 ks_vec: -0.4 0 -0.428571
starsize: 2
isym: 0 ks_vec: 0.5 0 0.428571
isym: 2 ks_vec: 0.5 0 -0.428571
starsize: 2
isym: 0 ks_vec: -0.4 0 0.428571
isym: 2 ks_vec: 0.4 0 -0.428571
starsize: 2
isym: 0 ks_vec: -0.3 0 0.428571
isym: 2 ks_vec: 0.3 0 -0.428571
starsize: 2
isym: 0 ks_vec: -0.2 0 0.428571
isym: 2 ks_vec: 0.2 0 -0.428571
starsize: 2
isym: 0 ks_vec: -0.1 0 0.428571
isym: 2 ks_vec: 0.1 0 -0.428571
starsize: 4
isym: 0 ks_vec: 0 0.1 0.428571
isym: 1 ks_vec: 0 -0.1 0.428571
isym: 2 ks_vec: 0 -0.1 -0.428571
isym: 3 ks_vec: 0 0.1 -0.428571
starsize: 4
isym: 0 ks_vec: 0.1 0.1 0.428571
isym: 1 ks_vec: 0.1 -0.1 0.428571
isym: 2 ks_vec: -0.1 -0.1 -0.428571
isym: 3 ks_vec: -0.1 0.1 -0.428571
starsize: 4
isym: 0 ks_vec: 0.2 0.1 0.428571
isym: 1 ks_vec: 0.2 -0.1 0.428571
isym: 2 ks_vec: -0.2 -0.1 -0.428571
isym: 3 ks_vec: -0.2 0.1 -0.428571
starsize: 4
isym: 0 ks_vec: 0.3 0.1 0.428571
isym: 1 ks_vec: 0.3 -0.1 0.428571
isym: 2 ks_vec: -0.3 -0.1 -0.428571
isym: 3 ks_vec: -0.3 0.1 -0.428571
starsize: 4
isym: 0 ks_vec: 0.4 0.1 0.428571
isym: 1 ks_vec: 0.4 -0.1 0.428571
isym: 2 ks_vec: -0.4 -0.1 -0.428571
isym: 3 ks_vec: -0.4 0.1 -0.428571
starsize: 4
isym: 0 ks_vec: 0.5 0.1 0.428571
isym: 1 ks_vec: 0.5 -0.1 0.428571
isym: 2 ks_vec: 0.5 -0.1 -0.428571
isym: 3 ks_vec: 0.5 0.1 -0.428571
starsize: 4
isym: 0 ks_vec: -0.4 0.1 0.428571
isym: 1 ks_vec: -0.4 -0.1 0.428571
isym: 2 ks_vec: 0.4 -0.1 -0.428571
isym: 3 ks_vec: 0.4 0.1 -0.428571
starsize: 4
isym: 0 ks_vec: -0.3 0.1 0.428571
isym: 1 ks_vec: -0.3 -0.1 0.428571
isym: 2 ks_vec: 0.3 -0.1 -0.428571
isym: 3 ks_vec: 0.3 0.1 -0.428571
starsize: 4
isym: 0 ks_vec: -0.2 0.1 0.428571
isym: 1 ks_vec: -0.2 -0.1 0.428571
isym: 2 ks_vec: 0.2 -0.1 -0.428571
isym: 3 ks_vec: 0.2 0.1 -0.428571
starsize: 4
isym: 0 ks_vec: -0.1 0.1 0.428571
isym: 1 ks_vec: -0.1 -0.1 0.428571
isym: 2 ks_vec: 0.1 -0.1 -0.428571
isym: 3 ks_vec: 0.1 0.1 -0.428571
starsize: 4
isym: 0 ks_vec: 0 0.2 0.428571
isym: 1 ks_vec: 0 -0.2 0.428571
isym: 2 ks_vec: 0 -0.2 -0.428571
isym: 3 ks_vec: 0 0.2 -0.428571
starsize: 4
isym: 0 ks_vec: 0.1 0.2 0.428571
isym: 1 ks_vec: 0.1 -0.2 0.428571
isym: 2 ks_vec: -0.1 -0.2 -0.428571
isym: 3 ks_vec: -0.1 0.2 -0.428571
starsize: 4
isym: 0 ks_vec: 0.2 0.2 0.428571
isym: 1 ks_vec: 0.2 -0.2 0.428571
isym: 2 ks_vec: -0.2 -0.2 -0.428571
isym: 3 ks_vec: -0.2 0.2 -0.428571
starsize: 4
isym: 0 ks_vec: 0.3 0.2 0.428571
isym: 1 ks_vec: 0.3 -0.2 0.428571
isym: 2 ks_vec: -0.3 -0.2 -0.428571
isym: 3 ks_vec: -0.3 0.2 -0.428571
starsize: 4
isym: 0 ks_vec: 0.4 0.2 0.428571
isym: 1 ks_vec: 0.4 -0.2 0.428571
isym: 2 ks_vec: -0.4 -0.2 -0.428571
isym: 3 ks_vec: -0.4 0.2 -0.428571
starsize: 4
isym: 0 ks_vec: 0.5 0.2 0.428571
isym: 1 ks_vec: 0.5 -0.2 0.428571
isym: 2 ks_vec: 0.5 -0.2 -0.428571
isym: 3 ks_vec: 0.5 0.2 -0.428571
starsize: 4
isym: 0 ks_vec: -0.4 0.2 0.428571
isym: 1 ks_vec: -0.4 -0.2 0.428571
isym: 2 ks_vec: 0.4 -0.2 -0.428571
isym: 3 ks_vec: 0.4 0.2 -0.428571
starsize: 4
isym: 0 ks_vec: -0.3 0.2 0.428571
isym: 1 ks_vec: -0.3 -0.2 0.428571
isym: 2 ks_vec: 0.3 -0.2 -0.428571
isym: 3 ks_vec: 0.3 0.2 -0.428571
starsize: 4
isym: 0 ks_vec: -0.2 0.2 0.428571
isym: 1 ks_vec: -0.2 -0.2 0.428571
isym: 2 ks_vec: 0.2 -0.2 -0.428571
isym: 3 ks_vec: 0.2 0.2 -0.428571
starsize: 4
isym: 0 ks_vec: -0.1 0.2 0.428571
isym: 1 ks_vec: -0.1 -0.2 0.428571
isym: 2 ks_vec: 0.1 -0.2 -0.428571
isym: 3 ks_vec: 0.1 0.2 -0.428571
starsize: 4
isym: 0 ks_vec: 0 0.3 0.428571
isym: 1 ks_vec: 0 -0.3 0.428571
isym: 2 ks_vec: 0 -0.3 -0.428571
isym: 3 ks_vec: 0 0.3 -0.428571
starsize: 4
isym: 0 ks_vec: 0.1 0.3 0.428571
isym: 1 ks_vec: 0.1 -0.3 0.428571
isym: 2 ks_vec: -0.1 -0.3 -0.428571
isym: 3 ks_vec: -0.1 0.3 -0.428571
starsize: 4
isym: 0 ks_vec: 0.2 0.3 0.428571
isym: 1 ks_vec: 0.2 -0.3 0.428571
isym: 2 ks_vec: -0.2 -0.3 -0.428571
isym: 3 ks_vec: -0.2 0.3 -0.428571
starsize: 4
isym: 0 ks_vec: 0.3 0.3 0.428571
isym: 1 ks_vec: 0.3 -0.3 0.428571
isym: 2 ks_vec: -0.3 -0.3 -0.428571
isym: 3 ks_vec: -0.3 0.3 -0.428571
starsize: 4
isym: 0 ks_vec: 0.4 0.3 0.428571
isym: 1 ks_vec: 0.4 -0.3 0.428571
isym: 2 ks_vec: -0.4 -0.3 -0.428571
isym: 3 ks_vec: -0.4 0.3 -0.428571
starsize: 4
isym: 0 ks_vec: 0.5 0.3 0.428571
isym: 1 ks_vec: 0.5 -0.3 0.428571
isym: 2 ks_vec: 0.5 -0.3 -0.428571
isym: 3 ks_vec: 0.5 0.3 -0.428571
starsize: 4
isym: 0 ks_vec: -0.4 0.3 0.428571
isym: 1 ks_vec: -0.4 -0.3 0.428571
isym: 2 ks_vec: 0.4 -0.3 -0.428571
isym: 3 ks_vec: 0.4 0.3 -0.428571
starsize: 4
isym: 0 ks_vec: -0.3 0.3 0.428571
isym: 1 ks_vec: -0.3 -0.3 0.428571
isym: 2 ks_vec: 0.3 -0.3 -0.428571
isym: 3 ks_vec: 0.3 0.3 -0.428571
starsize: 4
isym: 0 ks_vec: -0.2 0.3 0.428571
isym: 1 ks_vec: -0.2 -0.3 0.428571
isym: 2 ks_vec: 0.2 -0.3 -0.428571
isym: 3 ks_vec: 0.2 0.3 -0.428571
starsize: 4
isym: 0 ks_vec: -0.1 0.3 0.428571
isym: 1 ks_vec: -0.1 -0.3 0.428571
isym: 2 ks_vec: 0.1 -0.3 -0.428571
isym: 3 ks_vec: 0.1 0.3 -0.428571
starsize: 4
isym: 0 ks_vec: 0 0.4 0.428571
isym: 1 ks_vec: 0 -0.4 0.428571
isym: 2 ks_vec: 0 -0.4 -0.428571
isym: 3 ks_vec: 0 0.4 -0.428571
starsize: 4
isym: 0 ks_vec: 0.1 0.4 0.428571
isym: 1 ks_vec: 0.1 -0.4 0.428571
isym: 2 ks_vec: -0.1 -0.4 -0.428571
isym: 3 ks_vec: -0.1 0.4 -0.428571
starsize: 4
isym: 0 ks_vec: 0.2 0.4 0.428571
isym: 1 ks_vec: 0.2 -0.4 0.428571
isym: 2 ks_vec: -0.2 -0.4 -0.428571
isym: 3 ks_vec: -0.2 0.4 -0.428571
starsize: 4
isym: 0 ks_vec: 0.3 0.4 0.428571
isym: 1 ks_vec: 0.3 -0.4 0.428571
isym: 2 ks_vec: -0.3 -0.4 -0.428571
isym: 3 ks_vec: -0.3 0.4 -0.428571
starsize: 4
isym: 0 ks_vec: 0.4 0.4 0.428571
isym: 1 ks_vec: 0.4 -0.4 0.428571
isym: 2 ks_vec: -0.4 -0.4 -0.428571
isym: 3 ks_vec: -0.4 0.4 -0.428571
starsize: 4
isym: 0 ks_vec: 0.5 0.4 0.428571
isym: 1 ks_vec: 0.5 -0.4 0.428571
isym: 2 ks_vec: 0.5 -0.4 -0.428571
isym: 3 ks_vec: 0.5 0.4 -0.428571
starsize: 4
isym: 0 ks_vec: -0.4 0.4 0.428571
isym: 1 ks_vec: -0.4 -0.4 0.428571
isym: 2 ks_vec: 0.4 -0.4 -0.428571
isym: 3 ks_vec: 0.4 0.4 -0.428571
starsize: 4
isym: 0 ks_vec: -0.3 0.4 0.428571
isym: 1 ks_vec: -0.3 -0.4 0.428571
isym: 2 ks_vec: 0.3 -0.4 -0.428571
isym: 3 ks_vec: 0.3 0.4 -0.428571
starsize: 4
isym: 0 ks_vec: -0.2 0.4 0.428571
isym: 1 ks_vec: -0.2 -0.4 0.428571
isym: 2 ks_vec: 0.2 -0.4 -0.428571
isym: 3 ks_vec: 0.2 0.4 -0.428571
starsize: 4
isym: 0 ks_vec: -0.1 0.4 0.428571
isym: 1 ks_vec: -0.1 -0.4 0.428571
isym: 2 ks_vec: 0.1 -0.4 -0.428571
isym: 3 ks_vec: 0.1 0.4 -0.428571
starsize: 2
isym: 0 ks_vec: 0 0.5 0.428571
isym: 2 ks_vec: 0 0.5 -0.428571
starsize: 2
isym: 0 ks_vec: 0.1 0.5 0.428571
isym: 2 ks_vec: -0.1 0.5 -0.428571
starsize: 2
isym: 0 ks_vec: 0.2 0.5 0.428571
isym: 2 ks_vec: -0.2 0.5 -0.428571
starsize: 2
isym: 0 ks_vec: 0.3 0.5 0.428571
isym: 2 ks_vec: -0.3 0.5 -0.428571
starsize: 2
isym: 0 ks_vec: 0.4 0.5 0.428571
isym: 2 ks_vec: -0.4 0.5 -0.428571
starsize: 2
isym: 0 ks_vec: 0.5 0.5 0.428571
isym: 2 ks_vec: 0.5 0.5 -0.428571
starsize: 2
isym: 0 ks_vec: -0.4 0.5 0.428571
isym: 2 ks_vec: 0.4 0.5 -0.428571
starsize: 2
isym: 0 ks_vec: -0.3 0.5 0.428571
isym: 2 ks_vec: 0.3 0.5 -0.428571
starsize: 2
isym: 0 ks_vec: -0.2 0.5 0.428571
isym: 2 ks_vec: 0.2 0.5 -0.428571
starsize: 2
isym: 0 ks_vec: -0.1 0.5 0.428571
isym: 2 ks_vec: 0.1 0.5 -0.428571

K-POINTS CARTESIAN COORDINATES
 KPOINTS CARTESIAN_X CARTESIAN_Y CARTESIAN_Z  WEIGHT
       1  0.00000000  0.00000000  0.00000000  0.0029
       2  0.02811739  0.00000000  0.00000000  0.0057
       3  0.05623477  0.00000000  0.00000000  0.0057
       4  0.08435216  0.00000000  0.00000000  0.0057
       5  0.11246954  0.00000000  0.00000000  0.0057
       6  0.14058693  0.00000000  0.00000000  0.0029
       7  0.00000000  0.02811739  0.00000000  0.0057
       8  0.02811739  0.02811739  0.00000000  0.0114
       9  0.05623477  0.02811739  0.00000000  0.0114
      10  0.08435216  0.02811739  0.00000000  0.0114
      11  0.11246954  0.02811739  0.00000000  0.0114
      12  0.14058693  0.02811739  0.00000000  0.0057
      13  0.00000000  0.05623477  0.00000000  0.0057
      14  0.02811739  0.05623477  0.00000000  0.0114
      15  0.05623477  0.05623477  0.00000000  0.0114
      16  0.08435216  0.05623477  0.00000000  0.0114
      17  0.11246954  0.05623477  0.00000000  0.0114
      18  0.14058693  0.05623477  0.00000000  0.0057
      19  0.00000000  0.08435216  0.00000000  0.0057
      20  0.02811739  0.08435216  0.00000000  0.0114
      21  0.05623477  0.08435216  0.00000000  0.0114
      22  0.08435216  0.08435216  0.00000000  0.0114
      23  0.11246954  0.08435216  0.00000000  0.0114
      24  0.14058693  0.08435216  0.00000000  0.0057
      25  0.00000000  0.11246954  0.00000000  0.0057
      26  0.02811739  0.11246954  0.00000000  0.0114
      27  0.05623477  0.11246954  0.00000000  0.0114
      28  0.08435216  0.11246954  0.00000000  0.0114
      29  0.11246954  0.11246954  0.00000000  0.0114
      30  0.14058693  0.11246954  0.00000000  0.0057
      31  0.00000000  0.14058693  0.00000000  0.0029
      32  0.02811739  0.14058693  0.00000000  0.0057
      33  0.05623477  0.14058693  0.00000000  0.0057
      34  0.08435216  0.14058693  0.00000000  0.0057
      35  0.11246954  0.14058693  0.00000000  0.0057
      36  0.14058693  0.14058693  0.00000000  0.0029
      37  0.00000000  0.00000000  0.02782100  0.0057
      38  0.02811739  0.00000000  0.02782100  0.0057
      39  0.05623477  0.00000000  0.02782100  0.0057
      40  0.08435216  0.00000000  0.02782100  0.0057
      41  0.11246954  0.00000000  0.02782100  0.0057
      42  0.14058693  0.00000000  0.02782100  0.0057
      43  0.11246954  0.00000000 -0.02782100  0.0057
      44  0.08435216  0.00000000 -0.02782100  0.0057
      45  0.05623477  0.00000000 -0.02782100  0.0057
      46 -0.02811739  0.00000000  0.02782100  0.0057
      47  0.00000000  0.02811739  0.02782100  0.0114
      48  0.02811739  0.02811739  0.02782100  0.0114
      49  0.05623477  0.02811739  0.02782100  0.0114
      50  0.08435216  0.02811739  0.02782100  0.0114
      51  0.11246954  0.02811739  0.02782100  0.0114
      52  0.14058693  0.02811739  0.02782100  0.0114
      53  0.11246954  0.02811739 -0.02782100  0.0114
      54  0.08435216  0.02811739 -0.02782100  0.0114
      55  0.05623477  0.02811739 -0.02782100  0.0114
      56 -0.02811739  0.02811739  0.02782100  0.0114
      57  0.00000000  0.05623477  0.02782100  0.0114
      58  0.02811739  0.05623477  0.02782100  0.0114
      59  0.05623477  0.05623477  0.02782100  0.0114
      60  0.08435216  0.05623477  0.02782100  0.0114
      61  0.11246954  0.05623477  0.02782100  0.0114
      62  0.14058693  0.05623477  0.02782100  0.0114
      63  0.11246954  0.05623477 -0.02782100  0.0114
      64  0.08435216  0.05623477 -0.02782100  0.0114
      65  0.05623477  0.05623477 -0.02782100  0.0114
      66 -0.02811739  0.05623477  0.02782100  0.0114
      67  0.00000000  0.08435216  0.02782100  0.0114
      68  0.02811739  0.08435216  0.02782100  0.0114
      69  0.05623477  0.08435216  0.02782100  0.0114
      70  0.08435216  0.08435216  0.02782100  0.0114
      71  0.11246954  0.08435216  0.02782100  0.0114
      72  0.14058693  0.08435216  0.02782100  0.0114
      73  0.11246954  0.08435216 -0.02782100  0.0114
      74  0.08435216  0.08435216 -0.02782100  0.0114
      75  0.05623477  0.08435216 -0.02782100  0.0114
      76 -0.02811739  0.08435216  0.02782100  0.0114
      77  0.00000000  0.11246954  0.02782100  0.0114
      78  0.02811739  0.11246954  0.02782100  0.0114
      79  0.05623477  0.11246954  0.02782100  0.0114
      80  0.08435216  0.11246954  0.02782100  0.0114
      81  0.11246954  0.11246954  0.02782100  0.0114
      82  0.14058693  0.11246954  0.02782100  0.0114
      83  0.11246954  0.11246954 -0.02782100  0.0114
      84  0.08435216  0.11246954 -0.02782100  0.0114
      85  0.05623477  0.11246954 -0.02782100  0.0114
      86 -0.02811739  0.11246954  0.02782100  0.0114
      87  0.00000000  0.14058693  0.02782100  0.0057
      88  0.02811739  0.14058693  0.02782100  0.0057
      89  0.05623477  0.14058693  0.02782100  0.0057
      90  0.08435216  0.14058693  0.02782100  0.0057
      91  0.11246954  0.14058693  0.02782100  0.0057
      92  0.14058693  0.14058693  0.02782100  0.0057
      93  0.11246954  0.14058693 -0.02782100  0.0057
      94  0.08435216  0.14058693 -0.02782100  0.0057
      95  0.05623477  0.14058693 -0.02782100  0.0057
      96 -0.02811739  0.14058693  0.02782100  0.0057
      97  0.00000000  0.00000000  0.05564201  0.0057
      98  0.02811739  0.00000000  0.05564201  0.0057
      99  0.05623477  0.00000000  0.05564201  0.0057
     100  0.08435216  0.00000000  0.05564201  0.0057
     101  0.11246954  0.00000000  0.05564201  0.0057
     102  0.14058693  0.00000000  0.05564201  0.0057
     103  0.11246954  0.00000000 -0.05564201  0.0057
     104  0.08435216  0.00000000 -0.05564201  0.0057
     105 -0.05623477  0.00000000  0.05564201  0.0057
     106 -0.02811739  0.00000000  0.05564201  0.0057
     107  0.00000000  0.02811739  0.05564201  0.0114
     108  0.02811739  0.02811739  0.05564201  0.0114
     109  0.05623477  0.02811739  0.05564201  0.0114
     110  0.08435216  0.02811739  0.05564201  0.0114
     111  0.11246954  0.02811739  0.05564201  0.0114
     112  0.14058693  0.02811739  0.05564201  0.0114
     113  0.11246954  0.02811739 -0.05564201  0.0114
     114  0.08435216  0.02811739 -0.05564201  0.0114
     115 -0.05623477  0.02811739  0.05564201  0.0114
     116 -0.02811739  0.02811739  0.05564201  0.0114
     117  0.00000000  0.05623477  0.05564201  0.0114
     118  0.02811739  0.05623477  0.05564201  0.0114
     119  0.05623477  0.05623477  0.05564201  0.0114
     120  0.08435216  0.05623477  0.05564201  0.0114
     121  0.11246954  0.05623477  0.05564201  0.0114
     122  0.14058693  0.05623477  0.05564201  0.0114
     123  0.11246954  0.05623477 -0.05564201  0.0114
     124  0.08435216  0.05623477 -0.05564201  0.0114
     125 -0.05623477  0.05623477  0.05564201  0.0114
     126 -0.02811739  0.05623477  0.05564201  0.0114
     127  0.00000000  0.08435216  0.05564201  0.0114
     128  0.02811739  0.08435216  0.05564201  0.0114
     129  0.05623477  0.08435216  0.05564201  0.0114
     130  0.08435216  0.08435216  0.05564201  0.0114
     131  0.11246954  0.08435216  0.05564201  0.0114
     132  0.14058693  0.08435216  0.05564201  0.0114
     133  0.11246954  0.08435216 -0.05564201  0.0114
     134  0.08435216  0.08435216 -0.05564201  0.0114
     135 -0.05623477  0.08435216  0.05564201  0.0114
     136 -0.02811739  0.08435216  0.05564201  0.0114
     137  0.00000000  0.11246954  0.05564201  0.0114
     138  0.02811739  0.11246954  0.05564201  0.0114
     139  0.05623477  0.11246954  0.05564201  0.0114
     140  0.08435216  0.11246954  0.05564201  0.0114
     141  0.11246954  0.11246954  0.05564201  0.0114
     142  0.14058693  0.11246954  0.05564201  0.0114
     143  0.11246954  0.11246954 -0.05564201  0.0114
     144  0.08435216  0.11246954 -0.05564201  0.0114
     145 -0.05623477  0.11246954  0.05564201  0.0114
     146 -0.02811739  0.11246954  0.05564201  0.0114
     147  0.00000000  0.14058693  0.05564201  0.0057
     148  0.02811739  0.14058693  0.05564201  0.0057
     149  0.05623477  0.14058693  0.05564201  0.0057
     150  0.08435216  0.14058693  0.05564201  0.0057
     151  0.11246954  0.14058693  0.05564201  0.0057
     152  0.14058693  0.14058693  0.05564201  0.0057
     153  0.11246954  0.14058693 -0.05564201  0.0057
     154  0.08435216  0.14058693 -0.05564201  0.0057
     155 -0.05623477  0.14058693  0.05564201  0.0057
     156 -0.02811739  0.14058693  0.05564201  0.0057
     157  0.00000000  0.00000000  0.08346301  0.0057
     158  0.02811739  0.00000000  0.08346301  0.0057
     159  0.05623477  0.00000000  0.08346301  0.0057
     160  0.08435216  0.00000000  0.08346301  0.0057
     161  0.11246954  0.00000000  0.08346301  0.0057
     162  0.14058693  0.00000000  0.08346301  0.0057
     163 -0.11246954  0.00000000  0.08346301  0.0057
     164 -0.08435216  0.00000000  0.08346301  0.0057
     165 -0.05623477  0.00000000  0.08346301  0.0057
     166 -0.02811739  0.00000000  0.08346301  0.0057
     167  0.00000000  0.02811739  0.08346301  0.0114
     168  0.02811739  0.02811739  0.08346301  0.0114
     169  0.05623477  0.02811739  0.08346301  0.0114
     170  0.08435216  0.02811739  0.08346301  0.0114
     171  0.11246954  0.02811739  0.08346301  0.0114
     172  0.14058693  0.02811739  0.08346301  0.0114
     173 -0.11246954  0.02811739  0.08346301  0.0114
     174 -0.08435216  0.02811739  0.08346301  0.0114
     175 -0.05623477  0.02811739  0.08346301  0.0114
     176 -0.02811739  0.02811739  0.08346301  0.0114
     177  0.00000000  0.05623477  0.08346301  0.0114
     178  0.02811739  0.05623477  0.08346301  0.0114
     179  0.05623477  0.05623477  0.08346301  0.0114
     180  0.08435216  0.05623477  0.08346301  0.0114
     181  0.11246954  0.05623477  0.08346301  0.0114
     182  0.14058693  0.05623477  0.08346301  0.0114
     183 -0.11246954  0.05623477  0.08346301  0.0114
     184 -0.08435216  0.05623477  0.08346301  0.0114
     185 -0.05623477  0.05623477  0.08346301  0.0114
     186 -0.02811739  0.05623477  0.08346301  0.0114
     187  0.00000000  0.08435216  0.08346301  0.0114
     188  0.02811739  0.08435216  0.08346301  0.0114
     189  0.05623477  0.08435216  0.08346301  0.0114
     190  0.08435216  0.08435216  0.08346301  0.0114
     191  0.11246954  0.08435216  0.08346301  0.0114
     192  0.14058693  0.08435216  0.08346301  0.0114
     193 -0.11246954  0.08435216  0.08346301  0.0114
     194 -0.08435216  0.08435216  0.08346301  0.0114
     195 -0.05623477  0.08435216  0.08346301  0.0114
     196 -0.02811739  0.08435216  0.08346301  0.0114
     197  0.00000000  0.11246954  0.08346301  0.0114
     198  0.02811739  0.11246954  0.08346301  0.0114
     199  0.05623477  0.11246954  0.08346301  0.0114
     200  0.08435216  0.11246954  0.08346301  0.0114
     201  0.11246954  0.11246954  0.08346301  0.0114
     202  0.14058693  0.11246954  0.08346301  0.0114
     203 -0.11246954  0.11246954  0.08346301  0.0114
     204 -0.08435216  0.11246954  0.08346301  0.0114
     205 -0.05623477  0.11246954  0.08346301  0.0114
     206 -0.02811739  0.11246954  0.08346301  0.0114
     207  0.00000000  0.14058693  0.08346301  0.0057
     208  0.02811739  0.14058693  0.08346301  0.0057
     209  0.05623477  0.14058693  0.08346301  0.0057
     210  0.08435216  0.14058693  0.08346301  0.0057
     211  0.11246954  0.14058693  0.08346301  0.0057
     212  0.14058693  0.14058693  0.08346301  0.0057
     213 -0.11246954  0.14058693  0.08346301  0.0057
     214 -0.08435216  0.14058693  0.08346301  0.0057
     215 -0.05623477  0.14058693  0.08346301  0.0057
     216 -0.02811739  0.14058693  0.08346301  0.0057


K-POINTS DIRECT COORDINATES
 KPOINTS    DIRECT_X    DIRECT_Y    DIRECT_Z  WEIGHT
       1  0.00000000  0.00000000  0.00000000  0.0029
       2  0.10000000  0.00000000  0.00000000  0.0057
       3  0.20000000  0.00000000  0.00000000  0.0057
       4  0.30000000  0.00000000  0.00000000  0.0057
       5  0.40000000  0.00000000  0.00000000  0.0057
       6  0.50000000  0.00000000  0.00000000  0.0029
       7  0.00000000  0.10000000  0.00000000  0.0057
       8  0.10000000  0.10000000  0.00000000  0.0114
       9  0.20000000  0.10000000  0.00000000  0.0114
      10  0.30000000  0.10000000  0.00000000  0.0114
      11  0.40000000  0.10000000  0.00000000  0.0114
      12  0.50000000  0.10000000  0.00000000  0.0057
      13  0.00000000  0.20000000  0.00000000  0.0057
      14  0.10000000  0.20000000  0.00000000  0.0114
      15  0.20000000  0.20000000  0.00000000  0.0114
      16  0.30000000  0.20000000  0.00000000  0.0114
      17  0.40000000  0.20000000  0.00000000  0.0114
      18  0.50000000  0.20000000  0.00000000  0.0057
      19  0.00000000  0.30000000  0.00000000  0.0057
      20  0.10000000  0.30000000  0.00000000  0.0114
      21  0.20000000  0.30000000  0.00000000  0.0114
      22  0.30000000  0.30000000  0.00000000  0.0114
      23  0.40000000  0.30000000  0.00000000  0.0114
      24  0.50000000  0.30000000  0.00000000  0.0057
      25  0.00000000  0.40000000  0.00000000  0.0057
      26  0.10000000  0.40000000  0.00000000  0.0114
      27  0.20000000  0.40000000  0.00000000  0.0114
      28  0.30000000  0.40000000  0.00000000  0.0114
      29  0.40000000  0.40000000  0.00000000  0.0114
      30  0.50000000  0.40000000  0.00000000  0.0057
      31  0.00000000  0.50000000  0.00000000  0.0029
      32  0.10000000  0.50000000  0.00000000  0.0057
      33  0.20000000  0.50000000  0.00000000  0.0057
      34  0.30000000  0.50000000  0.00000000  0.0057
      35  0.40000000  0.50000000  0.00000000  0.0057
      36  0.50000000  0.50000000  0.00000000  0.0029
      37  0.00000000  0.00000000  0.14285714  0.0057
      38  0.10000000  0.00000000  0.14285714  0.0057
      39  0.20000000  0.00000000  0.14285714  0.0057
      40  0.30000000  0.00000000  0.14285714  0.0057
      41  0.40000000  0.00000000  0.14285714  0.0057
      42  0.50000000  0.00000000  0.14285714  0.0057
      43  0.40000000  0.00000000 -0.14285714  0.0057
      44  0.30000000  0.00000000 -0.14285714  0.0057
      45  0.20000000  0.00000000 -0.14285714  0.0057
      46 -0.10000000  0.00000000  0.14285714  0.0057
      47  0.00000000  0.10000000  0.14285714  0.0114
      48  0.10000000  0.10000000  0.14285714  0.0114
      49  0.20000000  0.10000000  0.14285714  0.0114
      50  0.30000000  0.10000000  0.14285714  0.0114
      51  0.40000000  0.10000000  0.14285714  0.0114
      52  0.50000000  0.10000000  0.14285714  0.0114
      53  0.40000000  0.10000000 -0.14285714  0.0114
      54  0.30000000  0.10000000 -0.14285714  0.0114
      55  0.20000000  0.10000000 -0.14285714  0.0114
      56 -0.10000000  0.10000000  0.14285714  0.0114
      57  0.00000000  0.20000000  0.14285714  0.0114
      58  0.10000000  0.20000000  0.14285714  0.0114
      59  0.20000000  0.20000000  0.14285714  0.0114
      60  0.30000000  0.20000000  0.14285714  0.0114
      61  0.40000000  0.20000000  0.14285714  0.0114
      62  0.50000000  0.20000000  0.14285714  0.0114
      63  0.40000000  0.20000000 -0.14285714  0.0114
      64  0.30000000  0.20000000 -0.14285714  0.0114
      65  0.20000000  0.20000000 -0.14285714  0.0114
      66 -0.10000000  0.20000000  0.14285714  0.0114
      67  0.00000000  0.30000000  0.14285714  0.0114
      68  0.10000000  0.30000000  0.14285714  0.0114
      69  0.20000000  0.30000000  0.14285714  0.0114
      70  0.30000000  0.30000000  0.14285714  0.0114
      71  0.40000000  0.30000000  0.14285714  0.0114
      72  0.50000000  0.30000000  0.14285714  0.0114
      73  0.40000000  0.30000000 -0.14285714  0.0114
      74  0.30000000  0.30000000 -0.14285714  0.0114
      75  0.20000000  0.30000000 -0.14285714  0.0114
      76 -0.10000000  0.30000000  0.14285714  0.0114
      77  0.00000000  0.40000000  0.14285714  0.0114
      78  0.10000000  0.40000000  0.14285714  0.0114
      79  0.20000000  0.40000000  0.14285714  0.0114
      80  0.30000000  0.40000000  0.14285714  0.0114
      81  0.40000000  0.40000000  0.14285714  0.0114
      82  0.50000000  0.40000000  0.14285714  0.0114
      83  0.40000000  0.40000000 -0.14285714  0.0114
      84  0.30000000  0.40000000 -0.14285714  0.0114
      85  0.20000000  0.40000000 -0.14285714  0.0114
      86 -0.10000000  0.40000000  0.14285714  0.0114
      87  0.00000000  0.50000000  0.14285714  0.0057
      88  0.10000000  0.50000000  0.14285714  0.0057
      89  0.20000000  0.50000000  0.14285714  0.0057
      90  0.30000000  0.50000000  0.14285714  0.0057
      91  0.40000000  0.50000000  0.14285714  0.0057
      92  0.50000000  0.50000000  0.14285714  0.0057
      93  0.40000000  0.50000000 -0.14285714  0.0057
      94  0.30000000  0.50000000 -0.14285714  0.0057
      95  0.20000000  0.50000000 -0.14285714  0.0057
      96 -0.10000000  0.50000000  0.14285714  0.0057
      97  0.00000000  0.00000000  0.28571429  0.0057
      98  0.10000000  0.00000000  0.28571429  0.0057
      99  0.20000000  0.00000000  0.28571429  0.0057
     100  0.30000000  0.00000000  0.28571429  0.0057
     101  0.40000000  0.00000000  0.28571429  0.0057
     102  0.50000000  0.00000000  0.28571429  0.0057
     103  0.40000000  0.00000000 -0.28571429  0.0057
     104  0.30000000  0.00000000 -0.28571429  0.0057
     105 -0.20000000  0.00000000  0.28571429  0.0057
     106 -0.10000000  0.00000000  0.28571429  0.0057
     107  0.00000000  0.10000000  0.28571429  0.0114
     108  0.10000000  0.10000000  0.28571429  0.0114
     109  0.20000000  0.10000000  0.28571429  0.0114
     110  0.30000000  0.10000000  0.28571429  0.0114
     111  0.40000000  0.10000000  0.28571429  0.0114
     112  0.50000000  0.10000000  0.28571429  0.0114
     113  0.40000000  0.10000000 -0.28571429  0.0114
     114  0.30000000  0.10000000 -0.28571429  0.0114
     115 -0.20000000  0.10000000  0.28571429  0.0114
     116 -0.10000000  0.10000000  0.28571429  0.0114
     117  0.00000000  0.20000000  0.28571429  0.0114
     118  0.10000000  0.20000000  0.28571429  0.0114
     119  0.20000000  0.20000000  0.28571429  0.0114
     120  0.30000000  0.20000000  0.28571429  0.0114
     121  0.40000000  0.20000000  0.28571429  0.0114
     122  0.50000000  0.20000000  0.28571429  0.0114
     123  0.40000000  0.20000000 -0.28571429  0.0114
     124  0.30000000  0.20000000 -0.28571429  0.0114
     125 -0.20000000  0.20000000  0.28571429  0.0114
     126 -0.10000000  0.20000000  0.28571429  0.0114
     127  0.00000000  0.30000000  0.28571429  0.0114
     128  0.10000000  0.30000000  0.28571429  0.0114
     129  0.20000000  0.30000000  0.28571429  0.0114
     130  0.30000000  0.30000000  0.28571429  0.0114
     131  0.40000000  0.30000000  0.28571429  0.0114
     132  0.50000000  0.30000000  0.28571429  0.0114
     133  0.40000000  0.30000000 -0.28571429  0.0114
     134  0.30000000  0.30000000 -0.28571429  0.0114
     135 -0.20000000  0.30000000  0.28571429  0.0114
     136 -0.10000000  0.30000000  0.28571429  0.0114
     137  0.00000000  0.40000000  0.28571429  0.0114
     138  0.10000000  0.40000000  0.28571429  0.0114
     139  0.20000000  0.40000000  0.28571429  0.0114
     140  0.30000000  0.40000000  0.28571429  0.0114
     141  0.40000000  0.40000000  0.28571429  0.0114
     142  0.50000000  0.40000000  0.28571429  0.0114
     143  0.40000000  0.40000000 -0.28571429  0.0114
     144  0.30000000  0.40000000 -0.28571429  0.0114
     145 -0.20000000  0.40000000  0.28571429  0.0114
     146 -0.10000000  0.40000000  0.28571429  0.0114
     147  0.00000000  0.50000000  0.28571429  0.0057
     148  0.10000000  0.50000000  0.28571429  0.0057
     149  0.20000000  0.50000000  0.28571429  0.0057
     150  0.30000000  0.50000000  0.28571429  0.0057
     151  0.40000000  0.50000000  0.28571429  0.0057
     152  0.50000000  0.50000000  0.28571429  0.0057
     153  0.40000000  0.50000000 -0.28571429  0.0057
     154  0.30000000  0.50000000 -0.28571429  0.0057
     155 -0.20000000  0.50000000  0.28571429  0.0057
     156 -0.10000000  0.50000000  0.28571429  0.0057
     157  0.00000000  0.00000000  0.42857143  0.0057
     158  0.10000000  0.00000000  0.42857143  0.0057
     159  0.20000000  0.00000000  0.42857143  0.0057
     160  0.30000000  0.00000000  0.42857143  0.0057
     161  0.40000000  0.00000000  0.42857143  0.0057
     162  0.50000000  0.00000000  0.42857143  0.0057
     163 -0.40000000  0.00000000  0.42857143  0.0057
     164 -0.30000000  0.00000000  0.42857143  0.0057
     165 -0.20000000  0.00000000  0.42857143  0.0057
     166 -0.10000000  0.00000000  0.42857143  0.0057
     167  0.00000000  0.10000000  0.42857143  0.0114
     168  0.10000000  0.10000000  0.42857143  0.0114
     169  0.20000000  0.10000000  0.42857143  0.0114
     170  0.30000000  0.10000000  0.42857143  0.0114
     171  0.40000000  0.10000000  0.42857143  0.0114
     172  0.50000000  0.10000000  0.42857143  0.0114
     173 -0.40000000  0.10000000  0.42857143  0.0114
     174 -0.30000000  0.10000000  0.42857143  0.0114
     175 -0.20000000  0.10000000  0.42857143  0.0114
     176 -0.10000000  0.10000000  0.42857143  0.0114
     177  0.00000000  0.20000000  0.42857143  0.0114
     178  0.10000000  0.20000000  0.42857143  0.0114
     179  0.20000000  0.20000000  0.42857143  0.0114
     180  0.30000000  0.20000000  0.42857143  0.0114
     181  0.40000000  0.20000000  0.42857143  0.0114
     182  0.50000000  0.20000000  0.42857143  0.0114
     183 -0.40000000  0.20000000  0.42857143  0.0114
     184 -0.30000000  0.20000000  0.42857143  0.0114
     185 -0.20000000  0.20000000  0.42857143  0.0114
     186 -0.10000000  0.20000000  0.42857143  0.0114
     187  0.00000000  0.30000000  0.42857143  0.0114
     188  0.10000000  0.30000000  0.42857143  0.0114
     189  0.20000000  0.30000000  0.42857143  0.0114
     190  0.30000000  0.30000000  0.42857143  0.0114
     191  0.40000000  0.30000000  0.42857143  0.0114
     192  0.50000000  0.30000000  0.42857143  0.0114
     193 -0.40000000  0.30000000  0.42857143  0.0114
     194 -0.30000000  0.30000000  0.42857143  0.0114
     195 -0.20000000  0.30000000  0.42857143  0.0114
     196 -0.10000000  0.30000000  0.42857143  0.0114
     197  0.00000000  0.40000000  0.42857143  0.0114
     198  0.10000000  0.40000000  0.42857143  0.0114
     199  0.20000000  0.40000000  0.42857143  0.0114
     200  0.30000000  0.40000000  0.42857143  0.0114
     201  0.40000000  0.40000000  0.42857143  0.0114
     202  0.50000000  0.40000000  0.42857143  0.0114
     203 -0.40000000  0.40000000  0.42857143  0.0114
     204 -0.30000000  0.40000000  0.42857143  0.0114
     205 -0.20000000  0.40000000  0.42857143  0.0114
     206 -0.10000000  0.40000000  0.42857143  0.0114
     207  0.00000000  0.50000000  0.42857143  0.0057
     208  0.10000000  0.50000000  0.42857143  0.0057
     209  0.20000000  0.50000000  0.42857143  0.0057
     210  0.30000000  0.50000000  0.42857143  0.0057
     211  0.40000000  0.50000000  0.42857143  0.0057
     212  0.50000000  0.50000000  0.42857143  0.0057
     213 -0.40000000  0.50000000  0.42857143  0.0057
     214 -0.30000000  0.50000000  0.42857143  0.0057
     215 -0.20000000  0.50000000  0.42857143  0.0057
     216 -0.10000000  0.50000000  0.42857143  0.0057

 DONE : INIT K-POINTS Time : 0.232087 (SEC)


 Warning_Memory_Consuming allocated:  PW_B_K::gk2 12.2657 MB

 Warning_Memory_Consuming allocated:  PW_B_K::gcar 36.7971 MB




 >>>>>>>>>>>>>>>>>>>>>>>>>>>>>>>>>>>>>>>>>>>>>>>>>>>>>>>>>>>>>>>>>>>>>>
 |                                                                    |
 | Setup plane waves of wave functions:                               |
 | Use the energy cutoff and the lattice vectors to generate the      |
 | dimensions of FFT grid. The number of FFT grid on each processor   |
 | is 'nrxx'. The number of plane wave basis in reciprocal space is   |
 | different for charege/potential and wave functions. We also set    |
 | the 'sticks' for the parallel of FFT. The number of plane wave of  |
 | each k-point is 'npwk[ik]' in each processor                       |
 <<<<<<<<<<<<<<<<<<<<<<<<<<<<<<<<<<<<<<<<<<<<<<<<<<<<<<<<<<<<<<<<<<<<<<





 SETUP PLANE WAVES FOR WAVE FUNCTIONS
     energy cutoff for wavefunc (unit:Ry) = 100
              fft grid for wave functions = [ 45, 45, 64 ]
                    number of plane waves = 9133
                         number of sticks = 421

 PARALLEL PW FOR WAVE FUNCTIONS
     PROC   COLUMNS(POT)             PW
        1            421           9133
 --------------- sum -------------------
        1            421           9133
 DONE : INIT PLANEWAVE Time : 0.338466 (SEC)

 SET NONLOCAL PSEUDOPOTENTIAL PROJECTORS
 SET NONLOCAL PSEUDOPOTENTIAL PROJECTORS
 max number of nonlocal projetors among all species is 8

 Warning_Memory_Consuming allocated:  TwoCenterTable: Kinetic 8.54429 MB

 Warning_Memory_Consuming allocated:  TwoCenterTable: Overlap 8.54429 MB

 Warning_Memory_Consuming allocated:  TwoCenterTable: Nonlocal 5.68853 MB

 Warning_Memory_Consuming allocated:  DensityMatrix::DMK 82.2788 MB
 DONE : LOCAL POTENTIAL Time : 0.924382 (SEC)


 -------------------------------------------
 SELF-CONSISTENT
 -------------------------------------------




 >>>>>>>>>>>>>>>>>>>>>>>>>>>>>>>>>>>>>>>>>>>>>>>>>>>>>>>>>>>>>>>>>>>>>>
 |                                                                    |
 | Search adjacent atoms:                                             |
 | Set the adjacent atoms for each atom and set the periodic boundary |
 | condition for the atoms on real space FFT grid. For k-dependent    |
 | algorithm, we also need to set the sparse H and S matrix element   |
 | for each atom.                                                     |
 |                                                                    |
 <<<<<<<<<<<<<<<<<<<<<<<<<<<<<<<<<<<<<<<<<<<<<<<<<<<<<<<<<<<<<<<<<<<<<<





 SETUP SEARCHING RADIUS FOR PROGRAM TO SEARCH ADJACENT ATOMS
                  longest orb rcut (Bohr) = 9
   longest nonlocal projector rcut (Bohr) = 2.46
                     search radius (Bohr) = 22.9
              searching radius is (Bohr)) = 22.9
         searching radius unit is (Bohr)) = 1.89
                         PeriodicBoundary = 1
                        Radius(unit:lat0) = 12.1
                                   glayer = [ 5, 5, 4 ]
                             glayer_minus = [ 4, 4, 3 ]

Find the coordinate range of the input atom(unit:lat0).
                                  min_tau = [ -14.2, -14.2, -15.4 ]
                                  max_tau = [ 16, 16, 19.5 ]
                                BoxNumber = [ 9, 9, 7 ]

 SETUP EXTENDED REAL SPACE GRID FOR GRID INTEGRATION
                          real space grid = [ 45, 45, 64 ]
                 big cell numbers in grid = [ 9, 9, 16 ]
             meshcell numbers in big cell = [ 5, 5, 4 ]
                        extended fft grid = [ 13, 13, 15 ]
                dimension of extened grid = [ 36, 36, 47 ]
                            UnitCellTotal = 75
              Atom number in sub-FFT-grid = 6
    Local orbitals number in sub-FFT-grid = 158
                                ParaV.nnr = 1720070

 Warning_Memory_Consuming allocated:  Gint::hRGint 10.7 MB

 Warning_Memory_Consuming allocated:  Gint::DMRGint 10.7 MB

 Warning_Memory_Consuming allocated:  HamiltLCAO::hR 13.2 MB

 Warning_Memory_Consuming allocated:  HamiltLCAO::sR 10.7 MB
                                 init_chg = file
 try to read charge from file
 Read in the charge density: OUT.POLAR//POLAR-CHARGE-DENSITY.restart

 Warning_Memory_Consuming allocated:  DensityMatrix::DMR 13.1882 MB
 DONE : INIT SCF Time : 1.06265 (SEC)


 LCAO ALGORITHM --------------- ION=   1  ELEC=   1--------------------------------

 Density error is 0.00962327771994
----------------------------------------------------------
     Energy           Rydberg                 eV          
----------------------------------------------------------
 E_KohnSham     -358.5881062366      -4878.8414798468     
 E_Harris       -358.5993784447      -4878.9948461069     
 E_Fermi        1.0449682880         14.2175229466        
----------------------------------------------------------


 LCAO ALGORITHM --------------- ION=   1  ELEC=   2--------------------------------

 Density error is 0.00733996720372
----------------------------------------------------------
     Energy           Rydberg                 eV          
----------------------------------------------------------
 E_KohnSham     -358.5926622213      -4878.9034671995     
 E_Harris       -358.5884731367      -4878.8464717786     
 E_Fermi        1.0444731995         14.2107869211        
----------------------------------------------------------


 LCAO ALGORITHM --------------- ION=   1  ELEC=   3--------------------------------

 Density error is 0.00299157191863
----------------------------------------------------------
     Energy           Rydberg                 eV          
----------------------------------------------------------
 E_KohnSham     -358.5945322064      -4878.9289096521     
 E_Harris       -358.5988132253      -4878.9871559015     
 E_Fermi        1.0446562786         14.2132778402        
----------------------------------------------------------


 LCAO ALGORITHM --------------- ION=   1  ELEC=   4--------------------------------

 Density error is 0.000486086662476
----------------------------------------------------------
     Energy           Rydberg                 eV          
----------------------------------------------------------
 E_KohnSham     -358.5948723056      -4878.9335369386     
 E_Harris       -358.5949591612      -4878.9347186697     
 E_Fermi        1.0446206624         14.2127932574        
----------------------------------------------------------


 LCAO ALGORITHM --------------- ION=   1  ELEC=   5--------------------------------

 Density error is 3.65524737008e-05
----------------------------------------------------------
     Energy           Rydberg                 eV          
----------------------------------------------------------
 E_KohnSham     -358.5948752536      -4878.9335770478     
 E_Harris       -358.5947638497      -4878.9320613203     
 E_Fermi        1.0445999955         14.2125120695        
----------------------------------------------------------


 LCAO ALGORITHM --------------- ION=   1  ELEC=   6--------------------------------

 Density error is 1.93915816503e-05
----------------------------------------------------------
     Energy           Rydberg                 eV          
----------------------------------------------------------
 E_KohnSham     -358.5948752698      -4878.9335772681     
 E_Harris       -358.5948521733      -4878.9332630246     
 E_Fermi        1.0446022084         14.2125421782        
----------------------------------------------------------


 LCAO ALGORITHM --------------- ION=   1  ELEC=   7--------------------------------

 Density error is 6.55900972055e-06
----------------------------------------------------------
     Energy           Rydberg                 eV          
----------------------------------------------------------
 E_KohnSham     -358.5948752860      -4878.9335774890     
 E_Harris       -358.5948672821      -4878.9334685904     
 E_Fermi        1.0446026581         14.2125482968        
----------------------------------------------------------


 LCAO ALGORITHM --------------- ION=   1  ELEC=   8--------------------------------

 Density error is 1.37715445192e-06
----------------------------------------------------------
     Energy           Rydberg                 eV          
----------------------------------------------------------
 E_KohnSham     -358.5948752867      -4878.9335774987     
 E_Harris       -358.5948771875      -4878.9336033607     
 E_Fermi        1.0446027714         14.2125498381        
----------------------------------------------------------


 LCAO ALGORITHM --------------- ION=   1  ELEC=   9--------------------------------

 Density error is 6.45939268045e-07
----------------------------------------------------------
     Energy           Rydberg                 eV          
----------------------------------------------------------
 E_KohnSham     -358.5948752868      -4878.9335774996     
 E_Harris       -358.5948750625      -4878.9335744477     
 E_Fermi        1.0446027356         14.2125493505        
----------------------------------------------------------


 LCAO ALGORITHM --------------- ION=   1  ELEC=  10--------------------------------

 Density error is 8.87684994427e-08
----------------------------------------------------------
     Energy           Rydberg                 eV          
----------------------------------------------------------
 E_KohnSham     -358.5948752868      -4878.9335774997     
 E_Harris       -358.5948748902      -4878.9335721033     
 E_Fermi        1.0446027179         14.2125491102        
----------------------------------------------------------


 LCAO ALGORITHM --------------- ION=   1  ELEC=  11--------------------------------

 Density error is 1.67087084234e-08
----------------------------------------------------------
     Energy           Rydberg                 eV          
----------------------------------------------------------
 E_KohnSham     -358.5948752868      -4878.9335774997     
 E_Harris       -358.5948754374      -4878.9335795491     
 E_Fermi        1.0446027237         14.2125491886        
----------------------------------------------------------


 LCAO ALGORITHM --------------- ION=   1  ELEC=  12--------------------------------

 Density error is 5.56756407755e-09
----------------------------------------------------------
     Energy           Rydberg                 eV          
----------------------------------------------------------
 E_KohnSham     -358.5948752868      -4878.9335774997     
 E_KS(sigma->0) -358.5948752868      -4878.9335774997     
 E_Harris       -358.5948750151      -4878.9335738038     
 E_band         -16.0133433409       -217.8727134663      
 E_one_elec     -53.5339816838       -728.3671875268      
 E_Hartree      55.9705597251        761.5185325109       
 E_xc           -90.2918769609       -1228.4840097836     
 E_Ewald        -270.7395763672      -3683.6009127003     
 E_entropy(-TS) -0.0000000000        -0.0000000000        
 E_descf        0.0000000000         0.0000000000         
 E_exx          0.0000000000         0.0000000000         
 E_Fermi        1.0446027236         14.2125491875        
----------------------------------------------------------


 charge density convergence is achieved
 final etot is -4878.9335775 eV
 EFERMI = 14.212549188 eV

 STATE ENERGY(eV) AND OCCUPATIONS    NSPIN == 1
 1/216 kpoint (Cartesian) = 0.0000 0.0000 0.0000 (7443 pws)
       1       -47.6748     0.00285714
       2       -47.6548     0.00285714
       3       -17.6501     0.00285714
       4       -17.2882     0.00285714
       5       -17.2832     0.00285714
       6       -17.2016     0.00285714
       7       -17.1710     0.00285714
       8       -17.1661     0.00285714
       9       -6.48795     0.00285714
      10       -4.82414     0.00285714
      11       -4.44485     0.00285714
      12       -3.72162     0.00285714
      13        6.03413     0.00285714
      14        6.72652     0.00285714
      15        6.88521     0.00285714
      16        6.90076     0.00285714
      17        8.74856     0.00285714
      18        8.77258     0.00285714
      19        10.2701     0.00285714
      20        10.3245     0.00285714
      21        11.0879     0.00285714
      22        11.4681     0.00285714
      23        11.4712     0.00285714
      24        11.5373     0.00285714
      25        16.3104        0.00000
      26        16.4193        0.00000
      27        17.5122        0.00000
      28        18.0106        0.00000
      29        18.0159        0.00000
      30        19.3411        0.00000
      31        20.8673        0.00000
      32        20.8799        0.00000
      33        22.8158        0.00000
      34        22.8204        0.00000

 2/216 kpoint (Cartesian) = 0.028117 0.0000 0.0000 (7415 pws)
       1       -47.6737     0.00571429
       2       -47.6547     0.00571429
       3       -17.6350     0.00571429
       4       -17.3110     0.00571429
       5       -17.2840     0.00571429
       6       -17.2059     0.00571429
       7       -17.1988     0.00571429
       8       -17.1726     0.00571429
       9       -6.39435     0.00571429
      10       -4.80042     0.00571429
      11       -4.45468     0.00571429
      12       -3.77285     0.00571429
      13        6.01515     0.00571429
      14        6.77187     0.00571429
      15        6.95521     0.00571429
      16        7.19333     0.00571429
      17        8.61065     0.00571429
      18        8.78061     0.00571429
      19        10.1700     0.00571429
      20        10.2657     0.00571429
      21        11.0262     0.00571429
      22        11.3330     0.00571429
      23        11.4158     0.00571429
      24        11.4891     0.00571429
      25        16.4441        0.00000
      26        16.6037        0.00000
      27        17.5117        0.00000
      28        18.0011        0.00000
      29        18.2477        0.00000
      30        19.3923        0.00000
      31        20.6625        0.00000
      32        20.8798        0.00000
      33        22.5271        0.00000
      34        22.7683        0.00000

 3/216 kpoint (Cartesian) = 0.056235 0.0000 0.0000 (7395 pws)
       1       -47.6707     0.00571429
       2       -47.6546     0.00571429
       3       -17.5922     0.00571429
       4       -17.3793     0.00571429
       5       -17.2840     0.00571429
       6       -17.2724     0.00571429
       7       -17.2227     0.00571429
       8       -17.1775     0.00571429
       9       -6.13740     0.00571429
      10       -4.75780     0.00571429
      11       -4.47520     0.00571429
      12       -3.90554     0.00571429
      13        6.13096     0.00571429
      14        6.88359     0.00571429
      15        7.16149     0.00571429
      16        7.83295     0.00571429
      17        8.31433     0.00571429
      18        8.81382     0.00571429
      19        9.88768     0.00571429
      20        10.0134     0.00571429
      21        10.8413     0.00571429
      22        10.8743     0.00571429
      23        11.3794     0.00571429
      24        11.5210     0.00571429
      25        16.7047        0.00000
      26        17.0180        0.00000
      27        17.3868        0.00000
      28        17.9675        0.00000
      29        18.8685        0.00000
      30        19.5675        0.00000
      31        20.2753        0.00000
      32        20.9293        0.00000
      33        21.8632        0.00000
      34        22.5784        0.00000

 4/216 kpoint (Cartesian) = 0.084352 0.0000 0.0000 (7409 pws)
       1       -47.6666     0.00571429
       2       -47.6549     0.00571429
       3       -17.5302     0.00571429
       4       -17.4577     0.00571429
       5       -17.3867     0.00571429
       6       -17.2563     0.00571429
       7       -17.2553     0.00571429
       8       -17.1863     0.00571429
       9       -5.78047     0.00571429
      10       -4.76346     0.00571429
      11       -4.48317     0.00571429
      12       -4.07020     0.00571429
      13        6.45771     0.00571429
      14        6.99577     0.00571429
      15        7.49246     0.00571429
      16        7.96941     0.00571429
      17        8.68604     0.00571429
      18        8.89656     0.00571429
      19        9.46884     0.00571429
      20        9.53971     0.00571429
      21        10.2653     0.00571429
      22        10.7655     0.00571429
      23        11.3472     0.00571429
      24        11.5314     0.00571429
      25        16.8401        0.00000
      26        17.1730        0.00000
      27        17.4293        0.00000
      28        17.9343        0.00000
      29        19.1540        0.00000
      30        19.8449        0.00000
      31        20.3683        0.00000
      32        21.0517        0.00000
      33        21.1264        0.00000
      34        22.3370        0.00000

 5/216 kpoint (Cartesian) = 0.11247 0.0000 0.0000 (7432 pws)
       1       -47.6623     0.00571429
       2       -47.6562     0.00571429
       3       -17.5146     0.00571429
       4       -17.4923     0.00571429
       5       -17.4370     0.00571429
       6       -17.3069     0.00571429
       7       -17.2356     0.00571429
       8       -17.1992     0.00571429
       9       -5.40648     0.00571429
      10       -4.87186     0.00571429
      11       -4.45038     0.00571429
      12       -4.22645     0.00571429
      13        6.83132     0.00571429
      14        7.04240     0.00571429
      15        7.92748     0.00571429
      16        7.96656     0.00571429
      17        8.96630     0.00571429
      18        8.97252     0.00571429
      19        9.06108     0.00571429
      20        9.45309     0.00571429
      21        9.74193     0.00571429
      22        10.5438     0.00571429
      23        11.3525     0.00571429
      24        11.4990     0.00571429
      25        16.8135        0.00000
      26        16.9552        0.00000
      27        17.7069        0.00000
      28        17.9043        0.00000
      29        19.0661        0.00000
      30        19.8017        0.00000
      31        20.7663        0.00000
      32        20.8039        0.00000
      33        21.2824        0.00000
      34        21.9871        0.00000

 6/216 kpoint (Cartesian) = 0.14059 0.0000 0.0000 (7422 pws)
       1       -47.6588     0.00285714
       2       -47.6585     0.00285714
       3       -17.5287     0.00285714
       4       -17.5236     0.00285714
       5       -17.3739     0.00285714
       6       -17.3695     0.00285714
       7       -17.2176     0.00285714
       8       -17.2146     0.00285714
       9       -5.09367     0.00285714
      10       -5.08714     0.00285714
      11       -4.36366     0.00285714
      12       -4.35713     0.00285714
      13        7.00119     0.00285714
      14        7.01094     0.00285714
      15        8.37903     0.00285714
      16        8.38541     0.00285714
      17        8.42703     0.00285714
      18        8.44164     0.00285714
      19        9.33133     0.00285714
      20        9.34192     0.00285714
      21        10.0861     0.00285714
      22        10.1068     0.00285714
      23        11.4234     0.00285714
      24        11.4288     0.00285714
      25        16.8065        0.00000
      26        16.8176        0.00000
      27        17.8315        0.00000
      28        17.8623        0.00000
      29        19.2968        0.00000
      30        19.3398        0.00000
      31        20.8529        0.00000
      32        20.8959        0.00000
      33        21.6045        0.00000
      34        21.6209        0.00000

 7/216 kpoint (Cartesian) = 0.0000 0.028117 0.0000 (7415 pws)
       1       -47.6737     0.00571429
       2       -47.6547     0.00571429
       3       -17.6352     0.00571429
       4       -17.3160     0.00571429
       5       -17.2790     0.00571429
       6       -17.2061     0.00571429
       7       -17.2039     0.00571429
       8       -17.1677     0.00571429
       9       -6.39317     0.00571429
      10       -4.79746     0.00571429
      11       -4.45476     0.00571429
      12       -3.77436     0.00571429
      13        6.01223     0.00571429
      14        6.77256     0.00571429
      15        6.97076     0.00571429
      16        7.17691     0.00571429
      17        8.63671     0.00571429
      18        8.75622     0.00571429
      19        10.2091     0.00571429
      20        10.2245     0.00571429
      21        11.0476     0.00571429
      22        11.2639     0.00571429
      23        11.4637     0.00571429
      24        11.4902     0.00571429
      25        16.4450        0.00000
      26        16.6055        0.00000
      27        17.5085        0.00000
      28        18.0024        0.00000
      29        18.2463        0.00000
      30        19.3886        0.00000
      31        20.6484        0.00000
      32        20.8925        0.00000
      33        22.5288        0.00000
      34        22.7646        0.00000

 8/216 kpoint (Cartesian) = 0.028117 0.028117 0.0000 (7409 pws)
       1       -47.6726      0.0114286
       2       -47.6546      0.0114286
       3       -17.6205      0.0114286
       4       -17.3263      0.0114286
       5       -17.2925      0.0114286
       6       -17.2214      0.0114286
       7       -17.2098      0.0114286
       8       -17.1842      0.0114286
       9       -6.30027      0.0114286
      10       -4.77071      0.0114286
      11       -4.46558      0.0114286
      12       -3.82441      0.0114286
      13        6.03338      0.0114286
      14        6.82303      0.0114286
      15        7.00212      0.0114286
      16        7.45966      0.0114286
      17        8.39311      0.0114286
      18        8.88042      0.0114286
      19        10.0090      0.0114286
      20        10.1648      0.0114286
      21        10.8661      0.0114286
      22        11.2767      0.0114286
      23        11.4857      0.0114286
      24        11.5067      0.0114286
      25        16.5775        0.00000
      26        16.7265        0.00000
      27        17.5024        0.00000
      28        17.9734        0.00000
      29        18.4976        0.00000
      30        19.4328        0.00000
      31        20.5017        0.00000
      32        20.8309        0.00000
      33        22.3933        0.00000
      34        22.5661        0.00000

 9/216 kpoint (Cartesian) = 0.056235 0.028117 0.0000 (7415 pws)
       1       -47.6697      0.0114286
       2       -47.6544      0.0114286
       3       -17.5790      0.0114286
       4       -17.3865      0.0114286
       5       -17.2978      0.0114286
       6       -17.2894      0.0114286
       7       -17.2251      0.0114286
       8       -17.1962      0.0114286
       9       -6.04548      0.0114286
      10       -4.71960      0.0114286
      11       -4.48898      0.0114286
      12       -3.95380      0.0114286
      13        6.19001      0.0114286
      14        6.94879      0.0114286
      15        7.18200      0.0114286
      16        7.91329      0.0114286
      17        8.19031      0.0114286
      18        8.99052      0.0114286
      19        9.48583      0.0114286
      20        9.92943      0.0114286
      21        10.6988      0.0114286
      22        11.1879      0.0114286
      23        11.4101      0.0114286
      24        11.5343      0.0114286
      25        16.8400        0.00000
      26        17.0465        0.00000
      27        17.4167        0.00000
      28        17.9053        0.00000
      29        19.0809        0.00000
      30        19.5884        0.00000
      31        20.1590        0.00000
      32        20.8276        0.00000
      33        21.7930        0.00000
      34        22.3596        0.00000

 10/216 kpoint (Cartesian) = 0.084352 0.028117 0.0000 (7395 pws)
       1       -47.6657      0.0114286
       2       -47.6546      0.0114286
       3       -17.5190      0.0114286
       4       -17.4638      0.0114286
       5       -17.3979      0.0114286
       6       -17.2772      0.0114286
       7       -17.2532      0.0114286
       8       -17.2056      0.0114286
       9       -5.69247      0.0114286
      10       -4.71411      0.0114286
      11       -4.50132      0.0114286
      12       -4.11261      0.0114286
      13        6.53856      0.0114286
      14        7.07557      0.0114286
      15        7.48216      0.0114286
      16        7.66897      0.0114286
      17        8.87984      0.0114286
      18        8.88584      0.0114286
      19        9.12636      0.0114286
      20        9.51925      0.0114286
      21        10.5205      0.0114286
      22        10.9349      0.0114286
      23        11.3497      0.0114286
      24        11.5349      0.0114286
      25        16.9779        0.00000
      26        17.2242        0.00000
      27        17.4232        0.00000
      28        17.8392        0.00000
      29        19.2603        0.00000
      30        19.8444        0.00000
      31        20.2701        0.00000
      32        20.9775        0.00000
      33        21.0878        0.00000
      34        22.0866        0.00000

 11/216 kpoint (Cartesian) = 0.11247 0.028117 0.0000 (7421 pws)
       1       -47.6616      0.0114286
       2       -47.6557      0.0114286
       3       -17.5209      0.0114286
       4       -17.4957      0.0114286
       5       -17.4347      0.0114286
       6       -17.3074      0.0114286
       7       -17.2519      0.0114286
       8       -17.2181      0.0114286
       9       -5.32505      0.0114286
      10       -4.81201      0.0114286
      11       -4.47342      0.0114286
      12       -4.26046      0.0114286
      13        6.92333      0.0114286
      14        7.11842      0.0114286
      15        7.56555      0.0114286
      16        7.94629      0.0114286
      17        8.36159      0.0114286
      18        9.00233      0.0114286
      19        9.29903      0.0114286
      20        9.66550      0.0114286
      21        10.1069      0.0114286
      22        10.6972      0.0114286
      23        11.3298      0.0114286
      24        11.4883      0.0114286
      25        16.9454        0.00000
      26        17.0518        0.00000
      27        17.6473        0.00000
      28        17.7986        0.00000
      29        19.1205        0.00000
      30        19.7974        0.00000
      31        20.6641        0.00000
      32        20.7587        0.00000
      33        21.2057        0.00000
      34        21.7396        0.00000

 12/216 kpoint (Cartesian) = 0.14059 0.028117 0.0000 (7390 pws)
       1       -47.6582     0.00571429
       2       -47.6579     0.00571429
       3       -17.5353     0.00571429
       4       -17.5303     0.00571429
       5       -17.3706     0.00571429
       6       -17.3662     0.00571429
       7       -17.2357     0.00571429
       8       -17.2326     0.00571429
       9       -5.02217     0.00571429
      10       -5.01623     0.00571429
      11       -4.39115     0.00571429
      12       -4.38488     0.00571429
      13        7.06797     0.00571429
      14        7.07766     0.00571429
      15        7.90381     0.00571429
      16        7.90789     0.00571429
      17        8.44751     0.00571429
      18        8.46166     0.00571429
      19        9.64276     0.00571429
      20        9.64645     0.00571429
      21        10.2743     0.00571429
      22        10.2881     0.00571429
      23        11.3992     0.00571429
      24        11.4055     0.00571429
      25        16.9273        0.00000
      26        16.9373        0.00000
      27        17.7407        0.00000
      28        17.7688        0.00000
      29        19.3167        0.00000
      30        19.3614        0.00000
      31        20.8159        0.00000
      32        20.8567        0.00000
      33        21.3911        0.00000
      34        21.4092        0.00000

 13/216 kpoint (Cartesian) = 0.0000 0.056235 0.0000 (7395 pws)
       1       -47.6707     0.00571429
       2       -47.6546     0.00571429
       3       -17.5933     0.00571429
       4       -17.3848     0.00571429
       5       -17.2889     0.00571429
       6       -17.2674     0.00571429
       7       -17.2234     0.00571429
       8       -17.1726     0.00571429
       9       -6.13262     0.00571429
      10       -4.74596     0.00571429
      11       -4.47599     0.00571429
      12       -3.91235     0.00571429
      13        6.12621     0.00571429
      14        6.88690     0.00571429
      15        7.17747     0.00571429
      16        7.79412     0.00571429
      17        8.35986     0.00571429
      18        8.78822     0.00571429
      19        9.94079     0.00571429
      20        9.96545     0.00571429
      21        10.7737     0.00571429
      22        10.9158     0.00571429
      23        11.3938     0.00571429
      24        11.5245     0.00571429
      25        16.7067        0.00000
      26        17.0249        0.00000
      27        17.3762        0.00000
      28        17.9723        0.00000
      29        18.8592        0.00000
      30        19.5541        0.00000
      31        20.2593        0.00000
      32        20.9411        0.00000
      33        21.8559        0.00000
      34        22.5892        0.00000

 14/216 kpoint (Cartesian) = 0.028117 0.056235 0.0000 (7415 pws)
       1       -47.6697      0.0114286
       2       -47.6544      0.0114286
       3       -17.5799      0.0114286
       4       -17.3909      0.0114286
       5       -17.3016      0.0114286
       6       -17.2858      0.0114286
       7       -17.2252      0.0114286
       8       -17.1924      0.0114286
       9       -6.04187      0.0114286
      10       -4.71040      0.0114286
      11       -4.48972      0.0114286
      12       -3.95940      0.0114286
      13        6.18708      0.0114286
      14        6.95142      0.0114286
      15        7.19168      0.0114286
      16        7.88744      0.0114286
      17        8.21083      0.0114286
      18        8.98352      0.0114286
      19        9.49288      0.0114286
      20        9.92563      0.0114286
      21        10.6771      0.0114286
      22        11.1941      0.0114286
      23        11.4175      0.0114286
      24        11.5370      0.0114286
      25        16.8413        0.00000
      26        17.0508        0.00000
      27        17.4094        0.00000
      28        17.9087        0.00000
      29        19.0724        0.00000
      30        19.5786        0.00000
      31        20.1501        0.00000
      32        20.8341        0.00000
      33        21.7853        0.00000
      34        22.3603        0.00000

 15/216 kpoint (Cartesian) = 0.056235 0.056235 0.0000 (7401 pws)
       1       -47.6670      0.0114286
       2       -47.6540      0.0114286
       3       -17.5421      0.0114286
       4       -17.4252      0.0114286
       5       -17.3532      0.0114286
       6       -17.3098      0.0114286
       7       -17.2361      0.0114286
       8       -17.2253      0.0114286
       9       -5.79368      0.0114286
      10       -4.63387      0.0114286
      11       -4.52156      0.0114286
      12       -4.08088      0.0114286
      13        6.39817      0.0114286
      14        7.12012      0.0114286
      15        7.31320      0.0114286
      16        7.50440      0.0114286
      17        8.70490      0.0114286
      18        8.72338      0.0114286
      19        9.21678      0.0114286
      20        9.73934      0.0114286
      21        10.6459      0.0114286
      22        11.3323      0.0114286
      23        11.4401      0.0114286
      24        11.5492      0.0114286
      25        17.1189        0.00000
      26        17.1830        0.00000
      27        17.4406        0.00000
      28        17.7639        0.00000
      29        19.5567        0.00000
      30        19.6778        0.00000
      31        19.8369        0.00000
      32        20.7907        0.00000
      33        21.4937        0.00000
      34        21.9012        0.00000

 16/216 kpoint (Cartesian) = 0.084352 0.056235 0.0000 (7390 pws)
       1       -47.6634      0.0114286
       2       -47.6539      0.0114286
       3       -17.4905      0.0114286
       4       -17.4876      0.0114286
       5       -17.4380      0.0114286
       6       -17.3109      0.0114286
       7       -17.2586      0.0114286
       8       -17.2450      0.0114286
       9       -5.45273      0.0114286
      10       -4.59442      0.0114286
      11       -4.54655      0.0114286
      12       -4.22483      0.0114286
      13        6.77167      0.0114286
      14        7.09624      0.0114286
      15        7.29648      0.0114286
      16        7.59615      0.0114286
      17        8.02328      0.0114286
      18        9.38732      0.0114286
      19        9.40154      0.0114286
      20        9.45188      0.0114286
      21        10.6260      0.0114286
      22        11.2326      0.0114286
      23        11.3596      0.0114286
      24        11.5203      0.0114286
      25        17.2495        0.00000
      26        17.3314        0.00000
      27        17.4388        0.00000
      28        17.6603        0.00000
      29        19.4466        0.00000
      30        19.8696        0.00000
      31        20.0059        0.00000
      32        20.9513        0.00000
      33        21.0724        0.00000
      34        21.5336        0.00000

 17/216 kpoint (Cartesian) = 0.11247 0.056235 0.0000 (7414 pws)
       1       -47.6596      0.0114286
       2       -47.6546      0.0114286
       3       -17.5444      0.0114286
       4       -17.5192      0.0114286
       5       -17.4208      0.0114286
       6       -17.3149      0.0114286
       7       -17.2808      0.0114286
       8       -17.2592      0.0114286
       9       -5.10628      0.0114286
      10       -4.66385      0.0114286
      11       -4.53212      0.0114286
      12       -4.34581      0.0114286
      13        6.88103      0.0114286
      14        7.19515      0.0114286
      15        7.23233      0.0114286
      16        7.69614      0.0114286
      17        7.98160      0.0114286
      18        8.94783      0.0114286
      19        9.66015      0.0114286
      20        10.1208      0.0114286
      21        10.4355      0.0114286
      22        11.0085      0.0114286
      23        11.2718      0.0114286
      24        11.4350      0.0114286
      25        17.1818        0.00000
      26        17.2609        0.00000
      27        17.5370        0.00000
      28        17.6374        0.00000
      29        19.2554        0.00000
      30        19.8117        0.00000
      31        20.3002        0.00000
      32        20.6812        0.00000
      33        21.1445        0.00000
      34        21.1839        0.00000

 18/216 kpoint (Cartesian) = 0.14059 0.056235 0.0000 (7394 pws)
       1       -47.6566     0.00571429
       2       -47.6564     0.00571429
       3       -17.5594     0.00571429
       4       -17.5547     0.00571429
       5       -17.3620     0.00571429
       6       -17.3579     0.00571429
       7       -17.2748     0.00571429
       8       -17.2715     0.00571429
       9       -4.83744     0.00571429
      10       -4.83314     0.00571429
      11       -4.45916     0.00571429
      12       -4.45341     0.00571429
      13        6.93036     0.00571429
      14        6.93225     0.00571429
      15        7.55778     0.00571429
      16        7.57121     0.00571429
      17        8.44446     0.00571429
      18        8.45651     0.00571429
      19        10.0149     0.00571429
      20        10.0281     0.00571429
      21        10.6701     0.00571429
      22        10.6738     0.00571429
      23        11.3138     0.00571429
      24        11.3232     0.00571429
      25        17.1580        0.00000
      26        17.1667        0.00000
      27        17.6006        0.00000
      28        17.6175        0.00000
      29        19.3871        0.00000
      30        19.4352        0.00000
      31        20.6205        0.00000
      32        20.6420        0.00000
      33        21.0145        0.00000
      34        21.0315        0.00000

 19/216 kpoint (Cartesian) = 0.0000 0.084352 0.0000 (7409 pws)
       1       -47.6666     0.00571429
       2       -47.6549     0.00571429
       3       -17.5338     0.00571429
       4       -17.4643     0.00571429
       5       -17.3901     0.00571429
       6       -17.2571     0.00571429
       7       -17.2501     0.00571429
       8       -17.1814     0.00571429
       9       -5.76945     0.00571429
      10       -4.73854     0.00571429
      11       -4.48661     0.00571429
      12       -4.08615     0.00571429
      13        6.45831     0.00571429
      14        7.00456     0.00571429
      15        7.50962     0.00571429
      16        7.94300     0.00571429
      17        8.70761     0.00571429
      18        8.86875     0.00571429
      19        9.50862     0.00571429
      20        9.51726     0.00571429
      21        10.2034     0.00571429
      22        10.7848     0.00571429
      23        11.3577     0.00571429
      24        11.5393     0.00571429
      25        16.8396        0.00000
      26        17.1560        0.00000
      27        17.4425        0.00000
      28        17.9437        0.00000
      29        19.1187        0.00000
      30        19.8188        0.00000
      31        20.3652        0.00000
      32        21.0599        0.00000
      33        21.1095        0.00000
      34        22.3361        0.00000

 20/216 kpoint (Cartesian) = 0.028117 0.084352 0.0000 (7395 pws)
       1       -47.6657      0.0114286
       2       -47.6546      0.0114286
       3       -17.5226      0.0114286
       4       -17.4699      0.0114286
       5       -17.4006      0.0114286
       6       -17.2750      0.0114286
       7       -17.2513      0.0114286
       8       -17.2011      0.0114286
       9       -5.68247      0.0114286
      10       -4.69033      0.0114286
      11       -4.50487      0.0114286
      12       -4.12882      0.0114286
      13        6.53937      0.0114286
      14        7.08368      0.0114286
      15        7.51287      0.0114286
      16        7.64075      0.0114286
      17        8.85439      0.0114286
      18        8.89104      0.0114286
      19        9.13826      0.0114286
      20        9.51548      0.0114286
      21        10.4608      0.0114286
      22        10.9740      0.0114286
      23        11.3530      0.0114286
      24        11.5420      0.0114286
      25        16.9770        0.00000
      26        17.2097        0.00000
      27        17.4335        0.00000
      28        17.8471        0.00000
      29        19.2252        0.00000
      30        19.8218        0.00000
      31        20.2714        0.00000
      32        20.9842        0.00000
      33        21.0699        0.00000
      34        22.0890        0.00000

 21/216 kpoint (Cartesian) = 0.056235 0.084352 0.0000 (7390 pws)
       1       -47.6634      0.0114286
       2       -47.6539      0.0114286
       3       -17.4942      0.0114286
       4       -17.4916      0.0114286
       5       -17.4374      0.0114286
       6       -17.3093      0.0114286
       7       -17.2577      0.0114286
       8       -17.2424      0.0114286
       9       -5.44593      0.0114286
      10       -4.57470      0.0114286
      11       -4.54978      0.0114286
      12       -4.24054      0.0114286
      13        6.77075      0.0114286
      14        7.10554      0.0114286
      15        7.30175      0.0114286
      16        7.59227      0.0114286
      17        8.02662      0.0114286
      18        9.31515      0.0114286
      19        9.39818      0.0114286
      20        9.51212      0.0114286
      21        10.5935      0.0114286
      22        11.2765      0.0114286
      23        11.3403      0.0114286
      24        11.5248      0.0114286
      25        17.2482        0.00000
      26        17.3249        0.00000
      27        17.4417        0.00000
      28        17.6645        0.00000
      29        19.4196        0.00000
      30        19.8567        0.00000
      31        20.0108        0.00000
      32        20.9341        0.00000
      33        21.0772        0.00000
      34        21.5420        0.00000

 22/216 kpoint (Cartesian) = 0.084352 0.084352 0.0000 (7389 pws)
       1       -47.6602      0.0114286
       2       -47.6533      0.0114286
       3       -17.5415      0.0114286
       4       -17.5066      0.0114286
       5       -17.4430      0.0114286
       6       -17.3291      0.0114286
       7       -17.2751      0.0114286
       8       -17.2713      0.0114286
       9       -5.12611      0.0114286
      10       -4.59471      0.0114286
      11       -4.47715      0.0114286
      12       -4.36862      0.0114286
      13        6.57234      0.0114286
      14        7.22084      0.0114286
      15        7.22944      0.0114286
      16        7.61382      0.0114286
      17        7.79637      0.0114286
      18        9.19026      0.0114286
      19        9.68071      0.0114286
      20        10.0389      0.0114286
      21        10.6465      0.0114286
      22        11.2396      0.0114286
      23        11.3667      0.0114286
      24        11.4485      0.0114286
      25        17.2208        0.00000
      26        17.4412        0.00000
      27        17.4531        0.00000
      28        17.7251        0.00000
      29        19.3429        0.00000
      30        19.9426        0.00000
      31        19.9708        0.00000
      32        20.7081        0.00000
      33        20.9362        0.00000
      34        21.4164        0.00000

 23/216 kpoint (Cartesian) = 0.11247 0.084352 0.0000 (7398 pws)
       1       -47.6570      0.0114286
       2       -47.6534      0.0114286
       3       -17.5882      0.0114286
       4       -17.5699      0.0114286
       5       -17.3941      0.0114286
       6       -17.3335      0.0114286
       7       -17.2940      0.0114286
       8       -17.2921      0.0114286
       9       -4.82063      0.0114286
      10       -4.59694      0.0114286
      11       -4.54890      0.0114286
      12       -4.40003      0.0114286
      13        6.30805      0.0114286
      14        6.64685      0.0114286
      15        7.65669      0.0114286
      16        7.86657      0.0114286
      17        8.10763      0.0114286
      18        8.87600      0.0114286
      19        9.95034      0.0114286
      20        10.5955      0.0114286
      21        10.6152      0.0114286
      22        11.0467      0.0114286
      23        11.2848      0.0114286
      24        11.3094      0.0114286
      25        17.1149        0.00000
      26        17.3441        0.00000
      27        17.5900        0.00000
      28        17.7872        0.00000
      29        19.2764        0.00000
      30        19.8675        0.00000
      31        19.9879        0.00000
      32        20.4498        0.00000
      33        20.6528        0.00000
      34        21.1267        0.00000

 24/216 kpoint (Cartesian) = 0.14059 0.084352 0.0000 (7440 pws)
       1       -47.6547     0.00571429
       2       -47.6546     0.00571429
       3       -17.6038     0.00571429
       4       -17.5991     0.00571429
       5       -17.3533     0.00571429
       6       -17.3492     0.00571429
       7       -17.3042     0.00571429
       8       -17.3018     0.00571429
       9       -4.65430     0.00571429
      10       -4.65254     0.00571429
      11       -4.49283     0.00571429
      12       -4.48979     0.00571429
      13        6.32556     0.00571429
      14        6.32773     0.00571429
      15        7.90846     0.00571429
      16        7.92369     0.00571429
      17        8.48603     0.00571429
      18        8.49505     0.00571429
      19        10.2810     0.00571429
      20        10.2968     0.00571429
      21        10.9750     0.00571429
      22        10.9810     0.00571429
      23        11.1646     0.00571429
      24        11.1814     0.00571429
      25        17.1673        0.00000
      26        17.1794        0.00000
      27        17.7241        0.00000
      28        17.7292        0.00000
      29        19.4573        0.00000
      30        19.5008        0.00000
      31        20.1429        0.00000
      32        20.1648        0.00000
      33        20.8620        0.00000
      34        20.8808        0.00000

 25/216 kpoint (Cartesian) = 0.0000 0.11247 0.0000 (7432 pws)
       1       -47.6623     0.00571429
       2       -47.6561     0.00571429
       3       -17.5227     0.00571429
       4       -17.5048     0.00571429
       5       -17.4322     0.00571429
       6       -17.3070     0.00571429
       7       -17.2306     0.00571429
       8       -17.1943     0.00571429
       9       -5.38623     0.00571429
      10       -4.83816     0.00571429
      11       -4.45994     0.00571429
      12       -4.24856     0.00571429
      13        6.84813     0.00571429
      14        7.05890     0.00571429
      15        7.93724     0.00571429
      16        7.94771     0.00571429
      17        8.94546     0.00571429
      18        9.00323     0.00571429
      19        9.02975     0.00571429
      20        9.45537     0.00571429
      21        9.69130     0.00571429
      22        10.5410     0.00571429
      23        11.3706     0.00571429
      24        11.5121     0.00571429
      25        16.8059        0.00000
      26        16.9370        0.00000
      27        17.7247        0.00000
      28        17.9178        0.00000
      29        19.0178        0.00000
      30        19.7564        0.00000
      31        20.7573        0.00000
      32        20.8021        0.00000
      33        21.2877        0.00000
      34        21.9879        0.00000

 26/216 kpoint (Cartesian) = 0.028117 0.11247 0.0000 (7421 pws)
       1       -47.6615      0.0114286
       2       -47.6557      0.0114286
       3       -17.5283      0.0114286
       4       -17.5073      0.0114286
       5       -17.4304      0.0114286
       6       -17.3078      0.0114286
       7       -17.2468      0.0114286
       8       -17.2133      0.0114286
       9       -5.30525      0.0114286
      10       -4.77752      0.0114286
      11       -4.48372      0.0114286
      12       -4.28468      0.0114286
      13        6.94093      0.0114286
      14        7.13406      0.0114286
      15        7.56284      0.0114286
      16        7.94296      0.0114286
      17        8.36743      0.0114286
      18        8.99733      0.0114286
      19        9.24326      0.0114286
      20        9.68963      0.0114286
      21        10.0468      0.0114286
      22        10.7189      0.0114286
      23        11.3444      0.0114286
      24        11.5008      0.0114286
      25        16.9379        0.00000
      26        17.0344        0.00000
      27        17.6630        0.00000
      28        17.8101        0.00000
      29        19.0739        0.00000
      30        19.7551        0.00000
      31        20.6645        0.00000
      32        20.7467        0.00000
      33        21.2136        0.00000
      34        21.7436        0.00000

 27/216 kpoint (Cartesian) = 0.056235 0.11247 0.0000 (7414 pws)
       1       -47.6596      0.0114286
       2       -47.6546      0.0114286
       3       -17.5498      0.0114286
       4       -17.5266      0.0114286
       5       -17.4189      0.0114286
       6       -17.3157      0.0114286
       7       -17.2764      0.0114286
       8       -17.2554      0.0114286
       9       -5.08727      0.0114286
      10       -4.62333      0.0114286
      11       -4.54461      0.0114286
      12       -4.37943      0.0114286
      13        6.88630      0.0114286
      14        7.20274      0.0114286
      15        7.24216      0.0114286
      16        7.70643      0.0114286
      17        7.97845      0.0114286
      18        8.94190      0.0114286
      19        9.59978      0.0114286
      20        10.1542      0.0114286
      21        10.3682      0.0114286
      22        11.0624      0.0114286
      23        11.2684      0.0114286
      24        11.4449      0.0114286
      25        17.1768        0.00000
      26        17.2477        0.00000
      27        17.5460        0.00000
      28        17.6432        0.00000
      29        19.2162        0.00000
      30        19.7772        0.00000
      31        20.3036        0.00000
      32        20.6682        0.00000
      33        21.1539        0.00000
      34        21.1959        0.00000

 28/216 kpoint (Cartesian) = 0.084352 0.11247 0.0000 (7398 pws)
       1       -47.6570      0.0114286
       2       -47.6534      0.0114286
       3       -17.5906      0.0114286
       4       -17.5726      0.0114286
       5       -17.3940      0.0114286
       6       -17.3336      0.0114286
       7       -17.2923      0.0114286
       8       -17.2903      0.0114286
       9       -4.79952      0.0114286
      10       -4.61515      0.0114286
      11       -4.50464      0.0114286
      12       -4.44133      0.0114286
      13        6.30918      0.0114286
      14        6.64799      0.0114286
      15        7.66611      0.0114286
      16        7.87641      0.0114286
      17        8.10549      0.0114286
      18        8.87244      0.0114286
      19        9.91424      0.0114286
      20        10.5622      0.0114286
      21        10.6188      0.0114286
      22        11.0872      0.0114286
      23        11.2855      0.0114286
      24        11.3139      0.0114286
      25        17.1150        0.00000
      26        17.3430        0.00000
      27        17.5878        0.00000
      28        17.7862        0.00000
      29        19.2561        0.00000
      30        19.8424        0.00000
      31        19.9912        0.00000
      32        20.4532        0.00000
      33        20.6603        0.00000
      34        21.1303        0.00000

 29/216 kpoint (Cartesian) = 0.11247 0.11247 0.0000 (7391 pws)
       1       -47.6546      0.0114286
       2       -47.6527      0.0114286
       3       -17.6328      0.0114286
       4       -17.6226      0.0114286
       5       -17.3658      0.0114286
       6       -17.3430      0.0114286
       7       -17.3108      0.0114286
       8       -17.3006      0.0114286
       9       -4.66653      0.0114286
      10       -4.60645      0.0114286
      11       -4.52593      0.0114286
      12       -4.33362      0.0114286
      13        5.94376      0.0114286
      14        6.12640      0.0114286
      15        8.13025      0.0114286
      16        8.21429      0.0114286
      17        8.30501      0.0114286
      18        8.75432      0.0114286
      19        10.1631      0.0114286
      20        10.7046      0.0114286
      21        10.8164      0.0114286
      22        10.9692      0.0114286
      23        11.1180      0.0114286
      24        11.2879      0.0114286
      25        17.0632        0.00000
      26        17.3091        0.00000
      27        17.7610        0.00000
      28        17.9195        0.00000
      29        19.1517        0.00000
      30        19.8050        0.00000
      31        19.8248        0.00000
      32        19.8786        0.00000
      33        20.6961        0.00000
      34        21.0468        0.00000

 30/216 kpoint (Cartesian) = 0.14059 0.11247 0.0000 (7400 pws)
       1       -47.6531     0.00571429
       2       -47.6530     0.00571429
       3       -17.6495     0.00571429
       4       -17.6447     0.00571429
       5       -17.3506     0.00571429
       6       -17.3454     0.00571429
       7       -17.3120     0.00571429
       8       -17.3115     0.00571429
       9       -4.66800     0.00571429
      10       -4.66232     0.00571429
      11       -4.35705     0.00571429
      12       -4.35619     0.00571429
      13        5.87557     0.00571429
      14        5.87719     0.00571429
      15        8.34709     0.00571429
      16        8.36054     0.00571429
      17        8.55146     0.00571429
      18        8.55582     0.00571429
      19        10.4413     0.00571429
      20        10.4525     0.00571429
      21        10.8881     0.00571429
      22        10.8977     0.00571429
      23        11.1838     0.00571429
      24        11.1907     0.00571429
      25        17.1779        0.00000
      26        17.1834        0.00000
      27        17.8982        0.00000
      28        17.9009        0.00000
      29        19.3069        0.00000
      30        19.3246        0.00000
      31        19.7630        0.00000
      32        19.8197        0.00000
      33        20.8824        0.00000
      34        20.8936        0.00000

 31/216 kpoint (Cartesian) = 0.0000 0.14059 0.0000 (7422 pws)
       1       -47.6587     0.00285714
       2       -47.6586     0.00285714
       3       -17.5383     0.00285714
       4       -17.5329     0.00285714
       5       -17.3705     0.00285714
       6       -17.3705     0.00285714
       7       -17.2124     0.00285714
       8       -17.2098     0.00285714
       9       -5.06252     0.00285714
      10       -5.05748     0.00285714
      11       -4.37882     0.00285714
      12       -4.37837     0.00285714
      13        7.02465     0.00285714
      14        7.03328     0.00285714
      15        8.34891     0.00285714
      16        8.35211     0.00285714
      17        8.45872     0.00285714
      18        8.46279     0.00285714
      19        9.29420     0.00285714
      20        9.30083     0.00285714
      21        10.0815     0.00285714
      22        10.1003     0.00285714
      23        11.4414     0.00285714
      24        11.4464     0.00285714
      25        16.7921        0.00000
      26        16.8028        0.00000
      27        17.8559        0.00000
      28        17.8722        0.00000
      29        19.2457        0.00000
      30        19.2878        0.00000
      31        20.8509        0.00000
      32        20.8899        0.00000
      33        21.6117        0.00000
      34        21.6186        0.00000

 32/216 kpoint (Cartesian) = 0.028117 0.14059 0.0000 (7390 pws)
       1       -47.6581     0.00571429
       2       -47.6580     0.00571429
       3       -17.5441     0.00571429
       4       -17.5388     0.00571429
       5       -17.3676     0.00571429
       6       -17.3675     0.00571429
       7       -17.2305     0.00571429
       8       -17.2277     0.00571429
       9       -4.99040     0.00571429
      10       -4.98586     0.00571429
      11       -4.40868     0.00571429
      12       -4.40758     0.00571429
      13        7.09075     0.00571429
      14        7.09925     0.00571429
      15        7.90224     0.00571429
      16        7.90536     0.00571429
      17        8.45107     0.00571429
      18        8.45216     0.00571429
      19        9.58605     0.00571429
      20        9.59084     0.00571429
      21        10.2900     0.00571429
      22        10.3004     0.00571429
      23        11.4163     0.00571429
      24        11.4219     0.00571429
      25        16.9133        0.00000
      26        16.9230        0.00000
      27        17.7624        0.00000
      28        17.7772        0.00000
      29        19.2675        0.00000
      30        19.3115        0.00000
      31        20.8129        0.00000
      32        20.8501        0.00000
      33        21.4014        0.00000
      34        21.4113        0.00000

 33/216 kpoint (Cartesian) = 0.056235 0.14059 0.0000 (7394 pws)
       1       -47.6565     0.00571429
       2       -47.6565     0.00571429
       3       -17.5660     0.00571429
       4       -17.5610     0.00571429
       5       -17.3605     0.00571429
       6       -17.3596     0.00571429
       7       -17.2702     0.00571429
       8       -17.2671     0.00571429
       9       -4.80077     0.00571429
      10       -4.79748     0.00571429
      11       -4.48608     0.00571429
      12       -4.48325     0.00571429
      13        6.93721     0.00571429
      14        6.93935     0.00571429
      15        7.57284     0.00571429
      16        7.58538     0.00571429
      17        8.44437     0.00571429
      18        8.44579     0.00571429
      19        9.94559     0.00571429
      20        9.96003     0.00571429
      21        10.7064     0.00571429
      22        10.7065     0.00571429
      23        11.3269     0.00571429
      24        11.3347     0.00571429
      25        17.1495        0.00000
      26        17.1556        0.00000
      27        17.6108        0.00000
      28        17.6223        0.00000
      29        19.3440        0.00000
      30        19.3918        0.00000
      31        20.6206        0.00000
      32        20.6399        0.00000
      33        21.0300        0.00000
      34        21.0347        0.00000

 34/216 kpoint (Cartesian) = 0.084352 0.14059 0.0000 (7440 pws)
       1       -47.6547     0.00571429
       2       -47.6546     0.00571429
       3       -17.6071     0.00571429
       4       -17.6023     0.00571429
       5       -17.3533     0.00571429
       6       -17.3507     0.00571429
       7       -17.3012     0.00571429
       8       -17.2988     0.00571429
       9       -4.59683     0.00571429
      10       -4.59583     0.00571429
      11       -4.54543     0.00571429
      12       -4.54335     0.00571429
      13        6.32774     0.00571429
      14        6.32877     0.00571429
      15        7.92476     0.00571429
      16        7.93929     0.00571429
      17        8.48455     0.00571429
      18        8.48761     0.00571429
      19        10.2220     0.00571429
      20        10.2380     0.00571429
      21        11.0266     0.00571429
      22        11.0324     0.00571429
      23        11.1581     0.00571429
      24        11.1705     0.00571429
      25        17.1707        0.00000
      26        17.1744        0.00000
      27        17.7219        0.00000
      28        17.7268        0.00000
      29        19.4237        0.00000
      30        19.4675        0.00000
      31        20.1582        0.00000
      32        20.1755        0.00000
      33        20.8693        0.00000
      34        20.8775        0.00000

 35/216 kpoint (Cartesian) = 0.11247 0.14059 0.0000 (7400 pws)
       1       -47.6531     0.00571429
       2       -47.6531     0.00571429
       3       -17.6503     0.00571429
       4       -17.6455     0.00571429
       5       -17.3508     0.00571429
       6       -17.3460     0.00571429
       7       -17.3112     0.00571429
       8       -17.3105     0.00571429
       9       -4.66204     0.00571429
      10       -4.65644     0.00571429
      11       -4.36157     0.00571429
      12       -4.36134     0.00571429
      13        5.87646     0.00571429
      14        5.87705     0.00571429
      15        8.35556     0.00571429
      16        8.36856     0.00571429
      17        8.54950     0.00571429
      18        8.55244     0.00571429
      19        10.4097     0.00571429
      20        10.4213     0.00571429
      21        10.9104     0.00571429
      22        10.9226     0.00571429
      23        11.1866     0.00571429
      24        11.1899     0.00571429
      25        17.1799        0.00000
      26        17.1814        0.00000
      27        17.8983        0.00000
      28        17.8989        0.00000
      29        19.2940        0.00000
      30        19.3113        0.00000
      31        19.7722        0.00000
      32        19.8266        0.00000
      33        20.8859        0.00000
      34        20.8894        0.00000

 36/216 kpoint (Cartesian) = 0.14059 0.14059 0.0000 (7344 pws)
       1       -47.6525     0.00285714
       2       -47.6525     0.00285714
       3       -17.6686     0.00285714
       4       -17.6637     0.00285714
       5       -17.3508     0.00285714
       6       -17.3451     0.00285714
       7       -17.3119     0.00285714
       8       -17.3118     0.00285714
       9       -4.69078     0.00285714
      10       -4.68454     0.00285714
      11       -4.28618     0.00285714
      12       -4.28558     0.00285714
      13        5.71482     0.00285714
      14        5.71522     0.00285714
      15        8.55433     0.00285714
      16        8.55449     0.00285714
      17        8.59271     0.00285714
      18        8.60170     0.00285714
      19        10.5085     0.00285714
      20        10.5118     0.00285714
      21        10.7500     0.00285714
      22        10.7691     0.00285714
      23        11.2132     0.00285714
      24        11.2168     0.00285714
      25        17.2266        0.00000
      26        17.2271        0.00000
      27        17.9718        0.00000
      28        17.9719        0.00000
      29        19.1262        0.00000
      30        19.1354        0.00000
      31        19.6638        0.00000
      32        19.7286        0.00000
      33        20.9219        0.00000
      34        20.9223        0.00000

 37/216 kpoint (Cartesian) = 0.0000 0.0000 0.027821 (7411 pws)
       1       -47.6738     0.00571429
       2       -47.6558     0.00571429
       3       -17.6299     0.00571429
       4       -17.2825     0.00571429
       5       -17.2775     0.00571429
       6       -17.2260     0.00571429
       7       -17.1768     0.00571429
       8       -17.1720     0.00571429
       9       -6.39960     0.00571429
      10       -4.77634     0.00571429
      11       -4.56860     0.00571429
      12       -3.78079     0.00571429
      13        6.22996     0.00571429
      14        6.92824     0.00571429
      15        6.93759     0.00571429
      16        6.95476     0.00571429
      17        8.56223     0.00571429
      18        8.58250     0.00571429
      19        10.4261     0.00571429
      20        10.4770     0.00571429
      21        10.7001     0.00571429
      22        11.1660     0.00571429
      23        11.4826     0.00571429
      24        11.5528     0.00571429
      25        16.4260        0.00000
      26        16.4844        0.00000
      27        17.5242        0.00000
      28        17.9173        0.00000
      29        18.2944        0.00000
      30        19.6758        0.00000
      31        20.8955        0.00000
      32        20.9072        0.00000
      33        22.6337        0.00000
      34        22.6403        0.00000

 38/216 kpoint (Cartesian) = 0.028117 0.0000 0.027821 (7406 pws)
       1       -47.6727     0.00571429
       2       -47.6557     0.00571429
       3       -17.6175     0.00571429
       4       -17.3045     0.00571429
       5       -17.2786     0.00571429
       6       -17.2432     0.00571429
       7       -17.1891     0.00571429
       8       -17.1781     0.00571429
       9       -6.31101     0.00571429
      10       -4.75933     0.00571429
      11       -4.56764     0.00571429
      12       -3.82725     0.00571429
      13        6.20100     0.00571429
      14        6.90673     0.00571429
      15        7.00275     0.00571429
      16        7.30323     0.00571429
      17        8.46757     0.00571429
      18        8.58623     0.00571429
      19        10.3355     0.00571429
      20        10.3554     0.00571429
      21        10.7601     0.00571429
      22        11.0983     0.00571429
      23        11.3561     0.00571429
      24        11.4465     0.00571429
      25        16.5460        0.00000
      26        16.6516        0.00000
      27        17.5313        0.00000
      28        17.9050        0.00000
      29        18.4937        0.00000
      30        19.7062        0.00000
      31        20.6781        0.00000
      32        20.9118        0.00000
      33        22.3068        0.00000
      34        22.6037        0.00000

 39/216 kpoint (Cartesian) = 0.056235 0.0000 0.027821 (7401 pws)
       1       -47.6699     0.00571429
       2       -47.6554     0.00571429
       3       -17.5852     0.00571429
       4       -17.3656     0.00571429
       5       -17.3167     0.00571429
       6       -17.2678     0.00571429
       7       -17.2124     0.00571429
       8       -17.1822     0.00571429
       9       -6.06926     0.00571429
      10       -4.75983     0.00571429
      11       -4.53344     0.00571429
      12       -3.94623     0.00571429
      13        6.29589     0.00571429
      14        6.99646     0.00571429
      15        7.19426     0.00571429
      16        7.91967     0.00571429
      17        8.26401     0.00571429
      18        8.59795     0.00571429
      19        10.0388     0.00571429
      20        10.0888     0.00571429
      21        10.8007     0.00571429
      22        10.8828     0.00571429
      23        10.9874     0.00571429
      24        11.4212     0.00571429
      25        16.7666        0.00000
      26        17.0180        0.00000
      27        17.4436        0.00000
      28        17.8815        0.00000
      29        18.9968        0.00000
      30        19.7890        0.00000
      31        20.3381        0.00000
      32        20.9697        0.00000
      33        21.7110        0.00000
      34        22.4847        0.00000

 40/216 kpoint (Cartesian) = 0.084352 0.0000 0.027821 (7410 pws)
       1       -47.6660     0.00571429
       2       -47.6555     0.00571429
       3       -17.5551     0.00571429
       4       -17.4248     0.00571429
       5       -17.4081     0.00571429
       6       -17.2519     0.00571429
       7       -17.2424     0.00571429
       8       -17.1897     0.00571429
       9       -5.73906     0.00571429
      10       -4.82481     0.00571429
      11       -4.46368     0.00571429
      12       -4.08974     0.00571429
      13        6.59192     0.00571429
      14        7.09081     0.00571429
      15        7.49703     0.00571429
      16        8.00220     0.00571429
      17        8.61146     0.00571429
      18        8.71936     0.00571429
      19        9.55969     0.00571429
      20        9.75887     0.00571429
      21        10.3334     0.00571429
      22        10.6932     0.00571429
      23        11.0468     0.00571429
      24        11.3827     0.00571429
      25        16.8560        0.00000
      26        17.2650        0.00000
      27        17.3610        0.00000
      28        17.8661        0.00000
      29        19.1780        0.00000
      30        19.9131        0.00000
      31        20.4082        0.00000
      32        21.1012        0.00000
      33        21.2662        0.00000
      34        22.2707        0.00000

 41/216 kpoint (Cartesian) = 0.11247 0.0000 0.027821 (7406 pws)
       1       -47.6620     0.00571429
       2       -47.6565     0.00571429
       3       -17.5601     0.00571429
       4       -17.5085     0.00571429
       5       -17.3943     0.00571429
       6       -17.2858     0.00571429
       7       -17.2338     0.00571429
       8       -17.2010     0.00571429
       9       -5.40384     0.00571429
      10       -4.94429     0.00571429
      11       -4.39917     0.00571429
      12       -4.21700     0.00571429
      13        6.93148     0.00571429
      14        7.12828     0.00571429
      15        7.87999     0.00571429
      16        8.03690     0.00571429
      17        8.55297     0.00571429
      18        9.01058     0.00571429
      19        9.42508     0.00571429
      20        9.50141     0.00571429
      21        9.85295     0.00571429
      22        10.4447     0.00571429
      23        11.1604     0.00571429
      24        11.3326     0.00571429
      25        16.8272        0.00000
      26        17.0338        0.00000
      27        17.5905        0.00000
      28        17.8376        0.00000
      29        19.0849        0.00000
      30        19.7454        0.00000
      31        20.7422        0.00000
      32        21.1291        0.00000
      33        21.3330        0.00000
      34        21.9757        0.00000

 42/216 kpoint (Cartesian) = 0.14059 0.0000 0.027821 (7420 pws)
       1       -47.6588     0.00571429
       2       -47.6585     0.00571429
       3       -17.5587     0.00571429
       4       -17.5540     0.00571429
       5       -17.3422     0.00571429
       6       -17.3382     0.00571429
       7       -17.2175     0.00571429
       8       -17.2146     0.00571429
       9       -5.13478     0.00571429
      10       -5.12895     0.00571429
      11       -4.32434     0.00571429
      12       -4.31845     0.00571429
      13        7.08734     0.00571429
      14        7.09734     0.00571429
      15        8.27338     0.00571429
      16        8.28609     0.00571429
      17        8.44170     0.00571429
      18        8.44798     0.00571429
      19        9.53206     0.00571429
      20        9.54557     0.00571429
      21        10.0041     0.00571429
      22        10.0242     0.00571429
      23        11.2649     0.00571429
      24        11.2696     0.00571429
      25        16.8480        0.00000
      26        16.8609        0.00000
      27        17.7306        0.00000
      28        17.7607        0.00000
      29        19.2890        0.00000
      30        19.3242        0.00000
      31        21.0036        0.00000
      32        21.0426        0.00000
      33        21.6355        0.00000
      34        21.6516        0.00000

 43/216 kpoint (Cartesian) = 0.11247 0.0000 -0.027821 (7406 pws)
       1       -47.6620     0.00571429
       2       -47.6565     0.00571429
       3       -17.5585     0.00571429
       4       -17.5097     0.00571429
       5       -17.3956     0.00571429
       6       -17.2848     0.00571429
       7       -17.2338     0.00571429
       8       -17.2010     0.00571429
       9       -5.40271     0.00571429
      10       -4.94586     0.00571429
      11       -4.39848     0.00571429
      12       -4.21733     0.00571429
      13        6.93259     0.00571429
      14        7.12689     0.00571429
      15        7.88355     0.00571429
      16        8.03785     0.00571429
      17        8.54560     0.00571429
      18        9.01149     0.00571429
      19        9.42574     0.00571429
      20        9.50851     0.00571429
      21        9.84951     0.00571429
      22        10.4416     0.00571429
      23        11.1601     0.00571429
      24        11.3338     0.00571429
      25        16.8237        0.00000
      26        17.0374        0.00000
      27        17.6103        0.00000
      28        17.8174        0.00000
      29        19.0830        0.00000
      30        19.7350        0.00000
      31        20.7560        0.00000
      32        21.1326        0.00000
      33        21.3327        0.00000
      34        21.9765        0.00000

 44/216 kpoint (Cartesian) = 0.084352 0.0000 -0.027821 (7410 pws)
       1       -47.6660     0.00571429
       2       -47.6555     0.00571429
       3       -17.5536     0.00571429
       4       -17.4264     0.00571429
       5       -17.4092     0.00571429
       6       -17.2519     0.00571429
       7       -17.2413     0.00571429
       8       -17.1897     0.00571429
       9       -5.73822     0.00571429
      10       -4.82583     0.00571429
      11       -4.46421     0.00571429
      12       -4.08915     0.00571429
      13        6.59408     0.00571429
      14        7.08918     0.00571429
      15        7.49934     0.00571429
      16        8.00287     0.00571429
      17        8.60561     0.00571429
      18        8.71816     0.00571429
      19        9.56085     0.00571429
      20        9.76442     0.00571429
      21        10.3311     0.00571429
      22        10.6911     0.00571429
      23        11.0467     0.00571429
      24        11.3840     0.00571429
      25        16.8520        0.00000
      26        17.2691        0.00000
      27        17.3748        0.00000
      28        17.8515        0.00000
      29        19.1746        0.00000
      30        19.8982        0.00000
      31        20.4198        0.00000
      32        21.1012        0.00000
      33        21.2775        0.00000
      34        22.2717        0.00000

 45/216 kpoint (Cartesian) = 0.056235 0.0000 -0.027821 (7401 pws)
       1       -47.6699     0.00571429
       2       -47.6554     0.00571429
       3       -17.5844     0.00571429
       4       -17.3661     0.00571429
       5       -17.3186     0.00571429
       6       -17.2678     0.00571429
       7       -17.2108     0.00571429
       8       -17.1822     0.00571429
       9       -6.06866     0.00571429
      10       -4.76012     0.00571429
      11       -4.53456     0.00571429
      12       -3.94553     0.00571429
      13        6.29844     0.00571429
      14        6.99560     0.00571429
      15        7.19568     0.00571429
      16        7.91898     0.00571429
      17        8.26214     0.00571429
      18        8.59427     0.00571429
      19        10.0396     0.00571429
      20        10.0921     0.00571429
      21        10.7991     0.00571429
      22        10.8816     0.00571429
      23        10.9886     0.00571429
      24        11.4222     0.00571429
      25        16.7645        0.00000
      26        17.0248        0.00000
      27        17.4458        0.00000
      28        17.8739        0.00000
      29        18.9941        0.00000
      30        19.7823        0.00000
      31        20.3426        0.00000
      32        20.9700        0.00000
      33        21.7169        0.00000
      34        22.4859        0.00000

 46/216 kpoint (Cartesian) = -0.028117 0.0000 0.027821 (7406 pws)
       1       -47.6727     0.00571429
       2       -47.6557     0.00571429
       3       -17.6172     0.00571429
       4       -17.3045     0.00571429
       5       -17.2786     0.00571429
       6       -17.2454     0.00571429
       7       -17.1872     0.00571429
       8       -17.1781     0.00571429
       9       -6.31069     0.00571429
      10       -4.75940     0.00571429
      11       -4.56835     0.00571429
      12       -3.82686     0.00571429
      13        6.20316     0.00571429
      14        6.90663     0.00571429
      15        7.00343     0.00571429
      16        7.30142     0.00571429
      17        8.46650     0.00571429
      18        8.58444     0.00571429
      19        10.3370     0.00571429
      20        10.3555     0.00571429
      21        10.7597     0.00571429
      22        11.0993     0.00571429
      23        11.3557     0.00571429
      24        11.4473     0.00571429
      25        16.5455        0.00000
      26        16.6539        0.00000
      27        17.5319        0.00000
      28        17.9021        0.00000
      29        18.4924        0.00000
      30        19.7040        0.00000
      31        20.6795        0.00000
      32        20.9120        0.00000
      33        22.3083        0.00000
      34        22.6047        0.00000

 47/216 kpoint (Cartesian) = 0.0000 0.028117 0.027821 (7406 pws)
       1       -47.6727      0.0114286
       2       -47.6557      0.0114286
       3       -17.6176      0.0114286
       4       -17.3092      0.0114286
       5       -17.2736      0.0114286
       6       -17.2463      0.0114286
       7       -17.1916      0.0114286
       8       -17.1732      0.0114286
       9       -6.30960      0.0114286
      10       -4.75461      0.0114286
      11       -4.56998      0.0114286
      12       -3.82856      0.0114286
      13        6.19948      0.0114286
      14        6.90434      0.0114286
      15        7.01959      0.0114286
      16        7.28774      0.0114286
      17        8.48999      0.0114286
      18        8.56543      0.0114286
      19        10.3072      0.0114286
      20        10.3866      0.0114286
      21        10.7542      0.0114286
      22        11.1232      0.0114286
      23        11.2859      0.0114286
      24        11.4941      0.0114286
      25        16.5462        0.00000
      26        16.6552        0.00000
      27        17.5275        0.00000
      28        17.9041        0.00000
      29        18.4920        0.00000
      30        19.7022        0.00000
      31        20.6673        0.00000
      32        20.9238        0.00000
      33        22.3130        0.00000
      34        22.5986        0.00000

 48/216 kpoint (Cartesian) = 0.028117 0.028117 0.027821 (7403 pws)
       1       -47.6717      0.0114286
       2       -47.6555      0.0114286
       3       -17.6053      0.0114286
       4       -17.3209      0.0114286
       5       -17.2858      0.0114286
       6       -17.2603      0.0114286
       7       -17.1947      0.0114286
       8       -17.1906      0.0114286
       9       -6.22132      0.0114286
      10       -4.72910      0.0114286
      11       -4.57580      0.0114286
      12       -3.87421      0.0114286
      13        6.21413      0.0114286
      14        6.94858      0.0114286
      15        7.03739      0.0114286
      16        7.57078      0.0114286
      17        8.28560      0.0114286
      18        8.68105      0.0114286
      19        10.1264      0.0114286
      20        10.2615      0.0114286
      21        10.8098      0.0114286
      22        10.9521      0.0114286
      23        11.3286      0.0114286
      24        11.4872      0.0114286
      25        16.6669        0.00000
      26        16.7721        0.00000
      27        17.5331        0.00000
      28        17.8776        0.00000
      29        18.6935        0.00000
      30        19.7312        0.00000
      31        20.5055        0.00000
      32        20.8793        0.00000
      33        22.2652        0.00000
      34        22.2865        0.00000

 49/216 kpoint (Cartesian) = 0.056235 0.028117 0.027821 (7404 pws)
       1       -47.6690      0.0114286
       2       -47.6552      0.0114286
       3       -17.5729      0.0114286
       4       -17.3756      0.0114286
       5       -17.3270      0.0114286
       6       -17.2827      0.0114286
       7       -17.2159      0.0114286
       8       -17.2015      0.0114286
       9       -5.98063      0.0114286
      10       -4.71547      0.0114286
      11       -4.55089      0.0114286
      12       -3.99096      0.0114286
      13        6.35221      0.0114286
      14        7.05583      0.0114286
      15        7.19696      0.0114286
      16        7.91937      0.0114286
      17        8.24566      0.0114286
      18        8.75195      0.0114286
      19        9.63202      0.0114286
      20        10.0078      0.0114286
      21        10.7635      0.0114286
      22        10.9102      0.0114286
      23        11.2145      0.0114286
      24        11.4395      0.0114286
      25        16.8910        0.00000
      26        17.0602        0.00000
      27        17.4763        0.00000
      28        17.8224        0.00000
      29        19.1566        0.00000
      30        19.8081        0.00000
      31        20.2080        0.00000
      32        20.8906        0.00000
      33        21.6963        0.00000
      34        22.1479        0.00000

 50/216 kpoint (Cartesian) = 0.084352 0.028117 0.027821 (7396 pws)
       1       -47.6652      0.0114286
       2       -47.6552      0.0114286
       3       -17.5444      0.0114286
       4       -17.4299      0.0114286
       5       -17.4183      0.0114286
       6       -17.2706      0.0114286
       7       -17.2429      0.0114286
       8       -17.2104      0.0114286
       9       -5.65281      0.0114286
      10       -4.77569      0.0114286
      11       -4.47988      0.0114286
      12       -4.13023      0.0114286
      13        6.67085      0.0114286
      14        7.15697      0.0114286
      15        7.47089      0.0114286
      16        7.70888      0.0114286
      17        8.69885      0.0114286
      18        8.93429      0.0114286
      19        9.14271      0.0114286
      20        9.70990      0.0114286
      21        10.5653      0.0114286
      22        10.8555      0.0114286
      23        11.0625      0.0114286
      24        11.3971      0.0114286
      25        16.9795        0.00000
      26        17.2887        0.00000
      27        17.4060        0.00000
      28        17.7811        0.00000
      29        19.2600        0.00000
      30        19.9161        0.00000
      31        20.3019        0.00000
      32        20.9771        0.00000
      33        21.3096        0.00000
      34        21.9465        0.00000

 51/216 kpoint (Cartesian) = 0.11247 0.028117 0.027821 (7404 pws)
       1       -47.6613      0.0114286
       2       -47.6560      0.0114286
       3       -17.5566      0.0114286
       4       -17.5117      0.0114286
       5       -17.3985      0.0114286
       6       -17.2899      0.0114286
       7       -17.2494      0.0114286
       8       -17.2209      0.0114286
       9       -5.32286      0.0114286
      10       -4.88574      0.0114286
      11       -4.41995      0.0114286
      12       -4.25028      0.0114286
      13        7.01649      0.0114286
      14        7.18886      0.0114286
      15        7.63895      0.0114286
      16        7.86849      0.0114286
      17        8.41345      0.0114286
      18        8.79873      0.0114286
      19        9.54116      0.0114286
      20        9.67384      0.0114286
      21        10.1739      0.0114286
      22        10.6093      0.0114286
      23        11.1355      0.0114286
      24        11.3256      0.0114286
      25        16.9496        0.00000
      26        17.1306        0.00000
      27        17.5582        0.00000
      28        17.7456        0.00000
      29        19.1299        0.00000
      30        19.7505        0.00000
      31        20.6506        0.00000
      32        20.9936        0.00000
      33        21.3247        0.00000
      34        21.7112        0.00000

 52/216 kpoint (Cartesian) = 0.14059 0.028117 0.027821 (7414 pws)
       1       -47.6582      0.0114286
       2       -47.6580      0.0114286
       3       -17.5595      0.0114286
       4       -17.5548      0.0114286
       5       -17.3448      0.0114286
       6       -17.3407      0.0114286
       7       -17.2358      0.0114286
       8       -17.2328      0.0114286
       9       -5.06356      0.0114286
      10       -5.05833      0.0114286
      11       -4.35100      0.0114286
      12       -4.34544      0.0114286
      13        7.14436      0.0114286
      14        7.15397      0.0114286
      15        7.92688      0.0114286
      16        7.93194      0.0114286
      17        8.39658      0.0114286
      18        8.40688      0.0114286
      19        9.76925      0.0114286
      20        9.77455      0.0114286
      21        10.2068      0.0114286
      22        10.2196      0.0114286
      23        11.2377      0.0114286
      24        11.2431      0.0114286
      25        16.9668        0.00000
      26        16.9782        0.00000
      27        17.6613        0.00000
      28        17.6883        0.00000
      29        19.3079        0.00000
      30        19.3450        0.00000
      31        20.9422        0.00000
      32        20.9772        0.00000
      33        21.4371        0.00000
      34        21.4532        0.00000

 53/216 kpoint (Cartesian) = 0.11247 0.028117 -0.027821 (7404 pws)
       1       -47.6613      0.0114286
       2       -47.6560      0.0114286
       3       -17.5552      0.0114286
       4       -17.5128      0.0114286
       5       -17.3997      0.0114286
       6       -17.2890      0.0114286
       7       -17.2494      0.0114286
       8       -17.2209      0.0114286
       9       -5.32178      0.0114286
      10       -4.88735      0.0114286
      11       -4.41904      0.0114286
      12       -4.25074      0.0114286
      13        7.01734      0.0114286
      14        7.18656      0.0114286
      15        7.64104      0.0114286
      16        7.87036      0.0114286
      17        8.41310      0.0114286
      18        8.79606      0.0114286
      19        9.54626      0.0114286
      20        9.67170      0.0114286
      21        10.1716      0.0114286
      22        10.6079      0.0114286
      23        11.1347      0.0114286
      24        11.3274      0.0114286
      25        16.9465        0.00000
      26        17.1338        0.00000
      27        17.5759        0.00000
      28        17.7277        0.00000
      29        19.1277        0.00000
      30        19.7405        0.00000
      31        20.6656        0.00000
      32        20.9895        0.00000
      33        21.3307        0.00000
      34        21.7128        0.00000

 54/216 kpoint (Cartesian) = 0.084352 0.028117 -0.027821 (7396 pws)
       1       -47.6652      0.0114286
       2       -47.6552      0.0114286
       3       -17.5428      0.0114286
       4       -17.4312      0.0114286
       5       -17.4196      0.0114286
       6       -17.2705      0.0114286
       7       -17.2420      0.0114286
       8       -17.2104      0.0114286
       9       -5.65201      0.0114286
      10       -4.77671      0.0114286
      11       -4.48035      0.0114286
      12       -4.12965      0.0114286
      13        6.67281      0.0114286
      14        7.15398      0.0114286
      15        7.47345      0.0114286
      16        7.71031      0.0114286
      17        8.69312      0.0114286
      18        8.93522      0.0114286
      19        9.14469      0.0114286
      20        9.71088      0.0114286
      21        10.5628      0.0114286
      22        10.8551      0.0114286
      23        11.0624      0.0114286
      24        11.3990      0.0114286
      25        16.9765        0.00000
      26        17.2913        0.00000
      27        17.4184        0.00000
      28        17.7682        0.00000
      29        19.2564        0.00000
      30        19.9008        0.00000
      31        20.3131        0.00000
      32        20.9812        0.00000
      33        21.3190        0.00000
      34        21.9512        0.00000

 55/216 kpoint (Cartesian) = 0.056235 0.028117 -0.027821 (7404 pws)
       1       -47.6690      0.0114286
       2       -47.6552      0.0114286
       3       -17.5721      0.0114286
       4       -17.3758      0.0114286
       5       -17.3289      0.0114286
       6       -17.2827      0.0114286
       7       -17.2143      0.0114286
       8       -17.2016      0.0114286
       9       -5.98006      0.0114286
      10       -4.71570      0.0114286
      11       -4.55202      0.0114286
      12       -3.99027      0.0114286
      13        6.35442      0.0114286
      14        7.05433      0.0114286
      15        7.19860      0.0114286
      16        7.91962      0.0114286
      17        8.24401      0.0114286
      18        8.74816      0.0114286
      19        9.63461      0.0114286
      20        10.0084      0.0114286
      21        10.7613      0.0114286
      22        10.9095      0.0114286
      23        11.2155      0.0114286
      24        11.4414      0.0114286
      25        16.8901        0.00000
      26        17.0641        0.00000
      27        17.4787        0.00000
      28        17.8158        0.00000
      29        19.1537        0.00000
      30        19.8017        0.00000
      31        20.2126        0.00000
      32        20.8913        0.00000
      33        21.7032        0.00000
      34        22.1532        0.00000

 56/216 kpoint (Cartesian) = -0.028117 0.028117 0.027821 (7403 pws)
       1       -47.6717      0.0114286
       2       -47.6555      0.0114286
       3       -17.6050      0.0114286
       4       -17.3207      0.0114286
       5       -17.2860      0.0114286
       6       -17.2621      0.0114286
       7       -17.1944      0.0114286
       8       -17.1895      0.0114286
       9       -6.22102      0.0114286
      10       -4.72919      0.0114286
      11       -4.57644      0.0114286
      12       -3.87384      0.0114286
      13        6.21582      0.0114286
      14        6.94791      0.0114286
      15        7.03860      0.0114286
      16        7.56921      0.0114286
      17        8.28531      0.0114286
      18        8.67916      0.0114286
      19        10.1268      0.0114286
      20        10.2624      0.0114286
      21        10.8088      0.0114286
      22        10.9522      0.0114286
      23        11.3290      0.0114286
      24        11.4885      0.0114286
      25        16.6665        0.00000
      26        16.7737        0.00000
      27        17.5334        0.00000
      28        17.8752        0.00000
      29        18.6922        0.00000
      30        19.7297        0.00000
      31        20.5068        0.00000
      32        20.8791        0.00000
      33        22.2688        0.00000
      34        22.2887        0.00000

 57/216 kpoint (Cartesian) = 0.0000 0.056235 0.027821 (7401 pws)
       1       -47.6699      0.0114286
       2       -47.6554      0.0114286
       3       -17.5862      0.0114286
       4       -17.3708      0.0114286
       5       -17.3216      0.0114286
       6       -17.2627      0.0114286
       7       -17.2136      0.0114286
       8       -17.1773      0.0114286
       9       -6.06392      0.0114286
      10       -4.74499      0.0114286
      11       -4.53836      0.0114286
      12       -3.95267      0.0114286
      13        6.29381      0.0114286
      14        6.99770      0.0114286
      15        7.21160      0.0114286
      16        7.87748      0.0114286
      17        8.30970      0.0114286
      18        8.57776      0.0114286
      19        9.99689      0.0114286
      20        10.1371      0.0114286
      21        10.8004      0.0114286
      22        10.8148      0.0114286
      23        11.0252      0.0114286
      24        11.4383      0.0114286
      25        16.7656        0.00000
      26        17.0300        0.00000
      27        17.4321        0.00000
      28        17.8802        0.00000
      29        18.9879        0.00000
      30        19.7754        0.00000
      31        20.3275        0.00000
      32        20.9810        0.00000
      33        21.7125        0.00000
      34        22.4822        0.00000

 58/216 kpoint (Cartesian) = 0.028117 0.056235 0.027821 (7404 pws)
       1       -47.6690      0.0114286
       2       -47.6552      0.0114286
       3       -17.5737      0.0114286
       4       -17.3793      0.0114286
       5       -17.3317      0.0114286
       6       -17.2780      0.0114286
       7       -17.2167      0.0114286
       8       -17.1978      0.0114286
       9       -5.97667      0.0114286
      10       -4.70243      0.0114286
      11       -4.55620      0.0114286
      12       -3.99632      0.0114286
      13        6.35084      0.0114286
      14        7.05670      0.0114286
      15        7.20781      0.0114286
      16        7.90191      0.0114286
      17        8.25374      0.0114286
      18        8.75376      0.0114286
      19        9.62127      0.0114286
      20        10.0169      0.0114286
      21        10.7432      0.0114286
      22        10.9066      0.0114286
      23        11.2221      0.0114286
      24        11.4495      0.0114286
      25        16.8906        0.00000
      26        17.0666        0.00000
      27        17.4701        0.00000
      28        17.8215        0.00000
      29        19.1488        0.00000
      30        19.7976        0.00000
      31        20.2030        0.00000
      32        20.8961        0.00000
      33        21.6968        0.00000
      34        22.1453        0.00000

 59/216 kpoint (Cartesian) = 0.056235 0.056235 0.027821 (7403 pws)
       1       -47.6664      0.0114286
       2       -47.6547      0.0114286
       3       -17.5401      0.0114286
       4       -17.4181      0.0114286
       5       -17.3720      0.0114286
       6       -17.3006      0.0114286
       7       -17.2338      0.0114286
       8       -17.2279      0.0114286
       9       -5.73937      0.0114286
      10       -4.60982      0.0114286
      11       -4.59560      0.0114286
      12       -4.10795      0.0114286
      13        6.54847      0.0114286
      14        7.18353      0.0114286
      15        7.29886      0.0114286
      16        7.55957      0.0114286
      17        8.65194      0.0114286
      18        8.78731      0.0114286
      19        9.22703      0.0114286
      20        9.74395      0.0114286
      21        10.7267      0.0114286
      22        10.9781      0.0114286
      23        11.3849      0.0114286
      24        11.4212      0.0114286
      25        17.1370        0.00000
      26        17.1898        0.00000
      27        17.5088        0.00000
      28        17.7083        0.00000
      29        19.5072        0.00000
      30        19.8801        0.00000
      31        19.8941        0.00000
      32        20.8443        0.00000
      33        21.6138        0.00000
      34        21.6310        0.00000

 60/216 kpoint (Cartesian) = 0.084352 0.056235 0.027821 (7399 pws)
       1       -47.6629      0.0114286
       2       -47.6544      0.0114286
       3       -17.5168      0.0114286
       4       -17.4565      0.0114286
       5       -17.4507      0.0114286
       6       -17.3028      0.0114286
       7       -17.2527      0.0114286
       8       -17.2511      0.0114286
       9       -5.41883      0.0114286
      10       -4.66593      0.0114286
      11       -4.50995      0.0114286
      12       -4.23687      0.0114286
      13        6.89840      0.0114286
      14        7.08377      0.0114286
      15        7.45569      0.0114286
      16        7.52222      0.0114286
      17        8.10434      0.0114286
      18        9.19792      0.0114286
      19        9.46892      0.0114286
      20        9.53878      0.0114286
      21        10.6818      0.0114286
      22        11.0092      0.0114286
      23        11.2181      0.0114286
      24        11.4145      0.0114286
      25        17.2074        0.00000
      26        17.3426        0.00000
      27        17.4863        0.00000
      28        17.6695        0.00000
      29        19.4362        0.00000
      30        19.9273        0.00000
      31        20.0228        0.00000
      32        20.8315        0.00000
      33        21.3231        0.00000
      34        21.5067        0.00000

 61/216 kpoint (Cartesian) = 0.11247 0.056235 0.027821 (7408 pws)
       1       -47.6594      0.0114286
       2       -47.6549      0.0114286
       3       -17.5554      0.0114286
       4       -17.5277      0.0114286
       5       -17.4100      0.0114286
       6       -17.3089      0.0114286
       7       -17.2748      0.0114286
       8       -17.2622      0.0114286
       9       -5.10561      0.0114286
      10       -4.74524      0.0114286
      11       -4.46822      0.0114286
      12       -4.33365      0.0114286
      13        6.92122      0.0114286
      14        7.23799      0.0114286
      15        7.36590      0.0114286
      16        7.73714      0.0114286
      17        7.98679      0.0114286
      18        8.81542      0.0114286
      19        9.73631      0.0114286
      20        10.1176      0.0114286
      21        10.4801      0.0114286
      22        10.9232      0.0114286
      23        11.0792      0.0114286
      24        11.3051      0.0114286
      25        17.1733        0.00000
      26        17.3143        0.00000
      27        17.5052        0.00000
      28        17.6431        0.00000
      29        19.2442        0.00000
      30        19.7781        0.00000
      31        20.2868        0.00000
      32        20.8266        0.00000
      33        21.1128        0.00000
      34        21.3309        0.00000

 62/216 kpoint (Cartesian) = 0.14059 0.056235 0.027821 (7414 pws)
       1       -47.6566      0.0114286
       2       -47.6564      0.0114286
       3       -17.5683      0.0114286
       4       -17.5637      0.0114286
       5       -17.3546      0.0114286
       6       -17.3504      0.0114286
       7       -17.2727      0.0114286
       8       -17.2698      0.0114286
       9       -4.88003      0.0114286
      10       -4.87641      0.0114286
      11       -4.41645      0.0114286
      12       -4.41161      0.0114286
      13        6.98289      0.0114286
      14        6.98524      0.0114286
      15        7.66108      0.0114286
      16        7.67396      0.0114286
      17        8.35274      0.0114286
      18        8.36341      0.0114286
      19        10.0827      0.0114286
      20        10.0950      0.0114286
      21        10.6146      0.0114286
      22        10.6187      0.0114286
      23        11.1611      0.0114286
      24        11.1692      0.0114286
      25        17.1913        0.00000
      26        17.2004        0.00000
      27        17.5755        0.00000
      28        17.5923        0.00000
      29        19.3646        0.00000
      30        19.4055        0.00000
      31        20.6457        0.00000
      32        20.6575        0.00000
      33        21.1395        0.00000
      34        21.1526        0.00000

 63/216 kpoint (Cartesian) = 0.11247 0.056235 -0.027821 (7408 pws)
       1       -47.6594      0.0114286
       2       -47.6549      0.0114286
       3       -17.5545      0.0114286
       4       -17.5284      0.0114286
       5       -17.4105      0.0114286
       6       -17.3090      0.0114286
       7       -17.2748      0.0114286
       8       -17.2618      0.0114286
       9       -5.10466      0.0114286
      10       -4.74713      0.0114286
      11       -4.46641      0.0114286
      12       -4.33457      0.0114286
      13        6.91855      0.0114286
      14        7.23959      0.0114286
      15        7.36553      0.0114286
      16        7.73922      0.0114286
      17        7.99043      0.0114286
      18        8.81228      0.0114286
      19        9.73643      0.0114286
      20        10.1174      0.0114286
      21        10.4781      0.0114286
      22        10.9213      0.0114286
      23        11.0783      0.0114286
      24        11.3087      0.0114286
      25        17.1682        0.00000
      26        17.3184        0.00000
      27        17.5121        0.00000
      28        17.6368        0.00000
      29        19.2422        0.00000
      30        19.7707        0.00000
      31        20.2938        0.00000
      32        20.8212        0.00000
      33        21.1235        0.00000
      34        21.3325        0.00000

 64/216 kpoint (Cartesian) = 0.084352 0.056235 -0.027821 (7399 pws)
       1       -47.6629      0.0114286
       2       -47.6544      0.0114286
       3       -17.5152      0.0114286
       4       -17.4568      0.0114286
       5       -17.4525      0.0114286
       6       -17.3032      0.0114286
       7       -17.2530      0.0114286
       8       -17.2500      0.0114286
       9       -5.41815      0.0114286
      10       -4.66708      0.0114286
      11       -4.51011      0.0114286
      12       -4.23632      0.0114286
      13        6.89899      0.0114286
      14        7.07954      0.0114286
      15        7.45977      0.0114286
      16        7.52444      0.0114286
      17        8.10544      0.0114286
      18        9.19584      0.0114286
      19        9.46858      0.0114286
      20        9.53762      0.0114286
      21        10.6797      0.0114286
      22        11.0049      0.0114286
      23        11.2211      0.0114286
      24        11.4176      0.0114286
      25        17.2075        0.00000
      26        17.3380        0.00000
      27        17.4952        0.00000
      28        17.6637        0.00000
      29        19.4335        0.00000
      30        19.9170        0.00000
      31        20.0250        0.00000
      32        20.8405        0.00000
      33        21.3311        0.00000
      34        21.5119        0.00000

 65/216 kpoint (Cartesian) = 0.056235 0.056235 -0.027821 (7403 pws)
       1       -47.6664      0.0114286
       2       -47.6547      0.0114286
       3       -17.5396      0.0114286
       4       -17.4180      0.0114286
       5       -17.3730      0.0114286
       6       -17.3014      0.0114286
       7       -17.2340      0.0114286
       8       -17.2267      0.0114286
       9       -5.73889      0.0114286
      10       -4.60985      0.0114286
      11       -4.59678      0.0114286
      12       -4.10731      0.0114286
      13        6.54982      0.0114286
      14        7.17913      0.0114286
      15        7.30104      0.0114286
      16        7.56320      0.0114286
      17        8.65243      0.0114286
      18        8.78529      0.0114286
      19        9.22544      0.0114286
      20        9.74430      0.0114286
      21        10.7242      0.0114286
      22        10.9758      0.0114286
      23        11.3870      0.0114286
      24        11.4240      0.0114286
      25        17.1351        0.00000
      26        17.1922        0.00000
      27        17.5097        0.00000
      28        17.7049        0.00000
      29        19.5042        0.00000
      30        19.8810        0.00000
      31        19.8899        0.00000
      32        20.8502        0.00000
      33        21.6181        0.00000
      34        21.6361        0.00000

 66/216 kpoint (Cartesian) = -0.028117 0.056235 0.027821 (7404 pws)
       1       -47.6690      0.0114286
       2       -47.6552      0.0114286
       3       -17.5736      0.0114286
       4       -17.3790      0.0114286
       5       -17.3320      0.0114286
       6       -17.2789      0.0114286
       7       -17.2170      0.0114286
       8       -17.1968      0.0114286
       9       -5.97641      0.0114286
      10       -4.70285      0.0114286
      11       -4.55641      0.0114286
      12       -3.99600      0.0114286
      13        6.35180      0.0114286
      14        7.05550      0.0114286
      15        7.20929      0.0114286
      16        7.90157      0.0114286
      17        8.25435      0.0114286
      18        8.75213      0.0114286
      19        9.61998      0.0114286
      20        10.0184      0.0114286
      21        10.7405      0.0114286
      22        10.9058      0.0114286
      23        11.2248      0.0114286
      24        11.4504      0.0114286
      25        16.8892        0.00000
      26        17.0688        0.00000
      27        17.4690        0.00000
      28        17.8204        0.00000
      29        19.1476        0.00000
      30        19.7972        0.00000
      31        20.2030        0.00000
      32        20.8973        0.00000
      33        21.6995        0.00000
      34        22.1478        0.00000

 67/216 kpoint (Cartesian) = 0.0000 0.084352 0.027821 (7410 pws)
       1       -47.6660      0.0114286
       2       -47.6555      0.0114286
       3       -17.5586      0.0114286
       4       -17.4362      0.0114286
       5       -17.4067      0.0114286
       6       -17.2471      0.0114286
       7       -17.2431      0.0114286
       8       -17.1848      0.0114286
       9       -5.72711      0.0114286
      10       -4.80315      0.0114286
      11       -4.46516      0.0114286
      12       -4.10559      0.0114286
      13        6.59671      0.0114286
      14        7.09818      0.0114286
      15        7.51524      0.0114286
      16        7.97833      0.0114286
      17        8.59552      0.0114286
      18        8.73551      0.0114286
      19        9.52973      0.0114286
      20        9.79578      0.0114286
      21        10.2696      0.0114286
      22        10.6962      0.0114286
      23        11.0684      0.0114286
      24        11.3947      0.0114286
      25        16.8484        0.00000
      26        17.2493        0.00000
      27        17.3827        0.00000
      28        17.8655        0.00000
      29        19.1477        0.00000
      30        19.8910        0.00000
      31        20.4041        0.00000
      32        21.1094        0.00000
      33        21.2538        0.00000
      34        22.2708        0.00000

 68/216 kpoint (Cartesian) = 0.028117 0.084352 0.027821 (7396 pws)
       1       -47.6652      0.0114286
       2       -47.6551      0.0114286
       3       -17.5478      0.0114286
       4       -17.4405      0.0114286
       5       -17.4166      0.0114286
       6       -17.2669      0.0114286
       7       -17.2424      0.0114286
       8       -17.2060      0.0114286
       9       -5.64202      0.0114286
      10       -4.75557      0.0114286
      11       -4.48089      0.0114286
      12       -4.14632      0.0114286
      13        6.67502      0.0114286
      14        7.16361      0.0114286
      15        7.49571      0.0114286
      16        7.68688      0.0114286
      17        8.69262      0.0114286
      18        8.93814      0.0114286
      19        9.12380      0.0114286
      20        9.71689      0.0114286
      21        10.5060      0.0114286
      22        10.8724      0.0114286
      23        11.0873      0.0114286
      24        11.4039      0.0114286
      25        16.9716        0.00000
      26        17.2806        0.00000
      27        17.4209        0.00000
      28        17.7799        0.00000
      29        19.2306        0.00000
      30        19.8965        0.00000
      31        20.3001        0.00000
      32        20.9788        0.00000
      33        21.3017        0.00000
      34        21.9507        0.00000

 69/216 kpoint (Cartesian) = 0.056235 0.084352 0.027821 (7399 pws)
       1       -47.6629      0.0114286
       2       -47.6544      0.0114286
       3       -17.5205      0.0114286
       4       -17.4618      0.0114286
       5       -17.4493      0.0114286
       6       -17.3004      0.0114286
       7       -17.2510      0.0114286
       8       -17.2497      0.0114286
       9       -5.41150      0.0114286
      10       -4.65397      0.0114286
      11       -4.50641      0.0114286
      12       -4.25221      0.0114286
      13        6.89861      0.0114286
      14        7.09335      0.0114286
      15        7.45208      0.0114286
      16        7.52753      0.0114286
      17        8.10890      0.0114286
      18        9.16329      0.0114286
      19        9.46757      0.0114286
      20        9.55576      0.0114286
      21        10.6529      0.0114286
      22        11.0048      0.0114286
      23        11.2569      0.0114286
      24        11.4056      0.0114286
      25        17.1999        0.00000
      26        17.3418        0.00000
      27        17.4963        0.00000
      28        17.6649        0.00000
      29        19.4128        0.00000
      30        19.9244        0.00000
      31        20.0167        0.00000
      32        20.8276        0.00000
      33        21.3282        0.00000
      34        21.5016        0.00000

 70/216 kpoint (Cartesian) = 0.084352 0.084352 0.027821 (7400 pws)
       1       -47.6598      0.0114286
       2       -47.6536      0.0114286
       3       -17.5310      0.0114286
       4       -17.5080      0.0114286
       5       -17.4579      0.0114286
       6       -17.3224      0.0114286
       7       -17.2807      0.0114286
       8       -17.2675      0.0114286
       9       -5.10386      0.0114286
      10       -4.62560      0.0114286
      11       -4.47282      0.0114286
      12       -4.37081      0.0114286
      13        6.64108      0.0114286
      14        7.25635      0.0114286
      15        7.30752      0.0114286
      16        7.73579      0.0114286
      17        7.77518      0.0114286
      18        9.12875      0.0114286
      19        9.58424      0.0114286
      20        10.0833      0.0114286
      21        10.6907      0.0114286
      22        11.0051      0.0114286
      23        11.2165      0.0114286
      24        11.4357      0.0114286
      25        17.1889        0.00000
      26        17.4224        0.00000
      27        17.5238        0.00000
      28        17.7621        0.00000
      29        19.4042        0.00000
      30        19.8038        0.00000
      31        20.0554        0.00000
      32        20.7273        0.00000
      33        20.8221        0.00000
      34        21.5001        0.00000

 71/216 kpoint (Cartesian) = 0.11247 0.084352 0.027821 (7404 pws)
       1       -47.6568      0.0114286
       2       -47.6536      0.0114286
       3       -17.5795      0.0114286
       4       -17.5659      0.0114286
       5       -17.4111      0.0114286
       6       -17.3353      0.0114286
       7       -17.2945      0.0114286
       8       -17.2867      0.0114286
       9       -4.82275      0.0114286
      10       -4.63943      0.0114286
      11       -4.51309      0.0114286
      12       -4.39204      0.0114286
      13        6.39297      0.0114286
      14        6.72198      0.0114286
      15        7.72747      0.0114286
      16        7.96975      0.0114286
      17        8.01761      0.0114286
      18        8.77994      0.0114286
      19        9.90642      0.0114286
      20        10.5926      0.0114286
      21        10.6301      0.0114286
      22        10.9536      0.0114286
      23        11.0269      0.0114286
      24        11.3603      0.0114286
      25        17.1357        0.00000
      26        17.4048        0.00000
      27        17.5745        0.00000
      28        17.8123        0.00000
      29        19.2898        0.00000
      30        19.8079        0.00000
      31        19.9337        0.00000
      32        20.4161        0.00000
      33        20.7827        0.00000
      34        21.2181        0.00000

 72/216 kpoint (Cartesian) = 0.14059 0.084352 0.027821 (7404 pws)
       1       -47.6547      0.0114286
       2       -47.6546      0.0114286
       3       -17.5973      0.0114286
       4       -17.5926      0.0114286
       5       -17.3671      0.0114286
       6       -17.3627      0.0114286
       7       -17.2974      0.0114286
       8       -17.2954      0.0114286
       9       -4.68583      0.0114286
      10       -4.68358      0.0114286
      11       -4.46089      0.0114286
      12       -4.45774      0.0114286
      13        6.41286      0.0114286
      14        6.41496      0.0114286
      15        7.98489      0.0114286
      16        7.99930      0.0114286
      17        8.37776      0.0114286
      18        8.38467      0.0114286
      19        10.2903      0.0114286
      20        10.3036      0.0114286
      21        10.8368      0.0114286
      22        10.8470      0.0114286
      23        11.1499      0.0114286
      24        11.1609      0.0114286
      25        17.2185        0.00000
      26        17.2301        0.00000
      27        17.7252        0.00000
      28        17.7327        0.00000
      29        19.4241        0.00000
      30        19.4638        0.00000
      31        20.1144        0.00000
      32        20.1336        0.00000
      33        20.9827        0.00000
      34        20.9982        0.00000

 73/216 kpoint (Cartesian) = 0.11247 0.084352 -0.027821 (7404 pws)
       1       -47.6568      0.0114286
       2       -47.6536      0.0114286
       3       -17.5793      0.0114286
       4       -17.5663      0.0114286
       5       -17.4105      0.0114286
       6       -17.3360      0.0114286
       7       -17.2951      0.0114286
       8       -17.2858      0.0114286
       9       -4.82199      0.0114286
      10       -4.64169      0.0114286
      11       -4.51061      0.0114286
      12       -4.39306      0.0114286
      13        6.39166      0.0114286
      14        6.72264      0.0114286
      15        7.72682      0.0114286
      16        7.97187      0.0114286
      17        8.02087      0.0114286
      18        8.77842      0.0114286
      19        9.90329      0.0114286
      20        10.5906      0.0114286
      21        10.6351      0.0114286
      22        10.9453      0.0114286
      23        11.0262      0.0114286
      24        11.3663      0.0114286
      25        17.1321        0.00000
      26        17.4077        0.00000
      27        17.5763        0.00000
      28        17.8110        0.00000
      29        19.2896        0.00000
      30        19.8141        0.00000
      31        19.9241        0.00000
      32        20.4148        0.00000
      33        20.7859        0.00000
      34        21.2205        0.00000

 74/216 kpoint (Cartesian) = 0.084352 0.084352 -0.027821 (7400 pws)
       1       -47.6598      0.0114286
       2       -47.6536      0.0114286
       3       -17.5310      0.0114286
       4       -17.5084      0.0114286
       5       -17.4570      0.0114286
       6       -17.3232      0.0114286
       7       -17.2808      0.0114286
       8       -17.2669      0.0114286
       9       -5.10339      0.0114286
      10       -4.62668      0.0114286
      11       -4.47284      0.0114286
      12       -4.37024      0.0114286
      13        6.63892      0.0114286
      14        7.25717      0.0114286
      15        7.30832      0.0114286
      16        7.73784      0.0114286
      17        7.77800      0.0114286
      18        9.12869      0.0114286
      19        9.58087      0.0114286
      20        10.0822      0.0114286
      21        10.6889      0.0114286
      22        10.9991      0.0114286
      23        11.2191      0.0114286
      24        11.4404      0.0114286
      25        17.1866        0.00000
      26        17.4236        0.00000
      27        17.5249        0.00000
      28        17.7613        0.00000
      29        19.4050        0.00000
      30        19.8033        0.00000
      31        20.0474        0.00000
      32        20.7361        0.00000
      33        20.8214        0.00000
      34        21.5010        0.00000

 75/216 kpoint (Cartesian) = 0.056235 0.084352 -0.027821 (7399 pws)
       1       -47.6629      0.0114286
       2       -47.6544      0.0114286
       3       -17.5209      0.0114286
       4       -17.4615      0.0114286
       5       -17.4489      0.0114286
       6       -17.3013      0.0114286
       7       -17.2517      0.0114286
       8       -17.2485      0.0114286
       9       -5.41114      0.0114286
      10       -4.65509      0.0114286
      11       -4.50615      0.0114286
      12       -4.25176      0.0114286
      13        6.89838      0.0114286
      14        7.08980      0.0114286
      15        7.45654      0.0114286
      16        7.53003      0.0114286
      17        8.10984      0.0114286
      18        9.16229      0.0114286
      19        9.46302      0.0114286
      20        9.55716      0.0114286
      21        10.6496      0.0114286
      22        11.0011      0.0114286
      23        11.2602      0.0114286
      24        11.4090      0.0114286
      25        17.1968        0.00000
      26        17.3468        0.00000
      27        17.4942        0.00000
      28        17.6635        0.00000
      29        19.4127        0.00000
      30        19.9191        0.00000
      31        20.0176        0.00000
      32        20.8378        0.00000
      33        21.3230        0.00000
      34        21.5027        0.00000

 76/216 kpoint (Cartesian) = -0.028117 0.084352 0.027821 (7396 pws)
       1       -47.6652      0.0114286
       2       -47.6551      0.0114286
       3       -17.5479      0.0114286
       4       -17.4404      0.0114286
       5       -17.4164      0.0114286
       6       -17.2675      0.0114286
       7       -17.2423      0.0114286
       8       -17.2057      0.0114286
       9       -5.64183      0.0114286
      10       -4.75611      0.0114286
      11       -4.48076      0.0114286
      12       -4.14613      0.0114286
      13        6.67549      0.0114286
      14        7.16172      0.0114286
      15        7.49717      0.0114286
      16        7.68873      0.0114286
      17        8.69781      0.0114286
      18        8.93480      0.0114286
      19        9.11813      0.0114286
      20        9.71911      0.0114286
      21        10.5032      0.0114286
      22        10.8713      0.0114286
      23        11.0893      0.0114286
      24        11.4054      0.0114286
      25        16.9711        0.00000
      26        17.2823        0.00000
      27        17.4186        0.00000
      28        17.7797        0.00000
      29        19.2303        0.00000
      30        19.8950        0.00000
      31        20.3011        0.00000
      32        20.9864        0.00000
      33        21.2957        0.00000
      34        21.9500        0.00000

 77/216 kpoint (Cartesian) = 0.0000 0.11247 0.027821 (7406 pws)
       1       -47.6620      0.0114286
       2       -47.6564      0.0114286
       3       -17.5663      0.0114286
       4       -17.5177      0.0114286
       5       -17.3943      0.0114286
       6       -17.2863      0.0114286
       7       -17.2287      0.0114286
       8       -17.1960      0.0114286
       9       -5.38280      0.0114286
      10       -4.91673      0.0114286
      11       -4.40295      0.0114286
      12       -4.23980      0.0114286
      13        6.95310      0.0114286
      14        7.14508      0.0114286
      15        7.89967      0.0114286
      16        8.00580      0.0114286
      17        8.55196      0.0114286
      18        8.98254      0.0114286
      19        9.42611      0.0114286
      20        9.50874      0.0114286
      21        9.80197      0.0114286
      22        10.4357      0.0114286
      23        11.1808      0.0114286
      24        11.3474      0.0114286
      25        16.8121        0.00000
      26        17.0161        0.00000
      27        17.6177        0.00000
      28        17.8397        0.00000
      29        19.0436        0.00000
      30        19.7080        0.00000
      31        20.7414        0.00000
      32        21.1159        0.00000
      33        21.3383        0.00000
      34        21.9777        0.00000

 78/216 kpoint (Cartesian) = 0.028117 0.11247 0.027821 (7404 pws)
       1       -47.6612      0.0114286
       2       -47.6560      0.0114286
       3       -17.5627      0.0114286
       4       -17.5203      0.0114286
       5       -17.3984      0.0114286
       6       -17.2905      0.0114286
       7       -17.2442      0.0114286
       8       -17.2161      0.0114286
       9       -5.30235      0.0114286
      10       -4.85876      0.0114286
      11       -4.42287      0.0114286
      12       -4.27529      0.0114286
      13        7.03856      0.0114286
      14        7.20395      0.0114286
      15        7.64125      0.0114286
      16        7.85902      0.0114286
      17        8.43212      0.0114286
      18        8.75654      0.0114286
      19        9.50356      0.0114286
      20        9.70168      0.0114286
      21        10.1127      0.0114286
      22        10.6253      0.0114286
      23        11.1552      0.0114286
      24        11.3379      0.0114286
      25        16.9340        0.00000
      26        17.1154        0.00000
      27        17.5829        0.00000
      28        17.7472        0.00000
      29        19.0900        0.00000
      30        19.7140        0.00000
      31        20.6534        0.00000
      32        20.9778        0.00000
      33        21.3324        0.00000
      34        21.7159        0.00000

 79/216 kpoint (Cartesian) = 0.056235 0.11247 0.027821 (7408 pws)
       1       -47.6593      0.0114286
       2       -47.6548      0.0114286
       3       -17.5608      0.0114286
       4       -17.5341      0.0114286
       5       -17.4091      0.0114286
       6       -17.3087      0.0114286
       7       -17.2710      0.0114286
       8       -17.2588      0.0114286
       9       -5.08613      0.0114286
      10       -4.72253      0.0114286
      11       -4.46233      0.0114286
      12       -4.36846      0.0114286
      13        6.92784      0.0114286
      14        7.25060      0.0114286
      15        7.36689      0.0114286
      16        7.75405      0.0114286
      17        7.98291      0.0114286
      18        8.80007      0.0114286
      19        9.68701      0.0114286
      20        10.1458      0.0114286
      21        10.4155      0.0114286
      22        10.9487      0.0114286
      23        11.1081      0.0114286
      24        11.3068      0.0114286
      25        17.1599        0.00000
      26        17.3096        0.00000
      27        17.5180        0.00000
      28        17.6411        0.00000
      29        19.2106        0.00000
      30        19.7464        0.00000
      31        20.2947        0.00000
      32        20.8102        0.00000
      33        21.1319        0.00000
      34        21.3314        0.00000

 80/216 kpoint (Cartesian) = 0.084352 0.11247 0.027821 (7404 pws)
       1       -47.6568      0.0114286
       2       -47.6536      0.0114286
       3       -17.5823      0.0114286
       4       -17.5687      0.0114286
       5       -17.4103      0.0114286
       6       -17.3350      0.0114286
       7       -17.2926      0.0114286
       8       -17.2856      0.0114286
       9       -4.80201      0.0114286
      10       -4.64223      0.0114286
      11       -4.48917      0.0114286
      12       -4.42810      0.0114286
      13        6.39430      0.0114286
      14        6.72338      0.0114286
      15        7.73554      0.0114286
      16        7.97967      0.0114286
      17        8.01672      0.0114286
      18        8.77580      0.0114286
      19        9.87714      0.0114286
      20        10.5813      0.0114286
      21        10.6148      0.0114286
      22        10.9445      0.0114286
      23        11.0663      0.0114286
      24        11.3648      0.0114286
      25        17.1340        0.00000
      26        17.4076        0.00000
      27        17.5716        0.00000
      28        17.8081        0.00000
      29        19.2702        0.00000
      30        19.7894        0.00000
      31        19.9365        0.00000
      32        20.4284        0.00000
      33        20.7814        0.00000
      34        21.2187        0.00000

 81/216 kpoint (Cartesian) = 0.11247 0.11247 0.027821 (7402 pws)
       1       -47.6545      0.0114286
       2       -47.6528      0.0114286
       3       -17.6192      0.0114286
       4       -17.6116      0.0114286
       5       -17.3909      0.0114286
       6       -17.3505      0.0114286
       7       -17.3057      0.0114286
       8       -17.2998      0.0114286
       9       -4.66073      0.0114286
      10       -4.59252      0.0114286
      11       -4.53173      0.0114286
      12       -4.34542      0.0114286
      13        6.04643      0.0114286
      14        6.22384      0.0114286
      15        8.14955      0.0114286
      16        8.17034      0.0114286
      17        8.30712      0.0114286
      18        8.68374      0.0114286
      19        10.0848      0.0114286
      20        10.6587      0.0114286
      21        10.7098      0.0114286
      22        10.8362      0.0114286
      23        11.0905      0.0114286
      24        11.3884      0.0114286
      25        17.1211        0.00000
      26        17.3780        0.00000
      27        17.7513        0.00000
      28        17.9310        0.00000
      29        19.1784        0.00000
      30        19.7318        0.00000
      31        19.7860        0.00000
      32        19.8336        0.00000
      33        20.8081        0.00000
      34        21.0881        0.00000

 82/216 kpoint (Cartesian) = 0.14059 0.11247 0.027821 (7388 pws)
       1       -47.6531      0.0114286
       2       -47.6531      0.0114286
       3       -17.6360      0.0114286
       4       -17.6311      0.0114286
       5       -17.3692      0.0114286
       6       -17.3640      0.0114286
       7       -17.3085      0.0114286
       8       -17.3076      0.0114286
       9       -4.65469      0.0114286
      10       -4.64935      0.0114286
      11       -4.36868      0.0114286
      12       -4.36766      0.0114286
      13        5.98159      0.0114286
      14        5.98313      0.0114286
      15        8.30381      0.0114286
      16        8.31198      0.0114286
      17        8.52624      0.0114286
      18        8.53124      0.0114286
      19        10.3814      0.0114286
      20        10.3902      0.0114286
      21        10.7211      0.0114286
      22        10.7348      0.0114286
      23        11.2856      0.0114286
      24        11.2915      0.0114286
      25        17.2479        0.00000
      26        17.2533        0.00000
      27        17.8988        0.00000
      28        17.9024        0.00000
      29        19.3056        0.00000
      30        19.3244        0.00000
      31        19.7092        0.00000
      32        19.7591        0.00000
      33        20.9437        0.00000
      34        20.9533        0.00000

 83/216 kpoint (Cartesian) = 0.11247 0.11247 -0.027821 (7402 pws)
       1       -47.6545      0.0114286
       2       -47.6528      0.0114286
       3       -17.6192      0.0114286
       4       -17.6118      0.0114286
       5       -17.3900      0.0114286
       6       -17.3508      0.0114286
       7       -17.3065      0.0114286
       8       -17.2996      0.0114286
       9       -4.66143      0.0114286
      10       -4.59211      0.0114286
      11       -4.53140      0.0114286
      12       -4.34549      0.0114286
      13        6.04585      0.0114286
      14        6.22432      0.0114286
      15        8.14808      0.0114286
      16        8.17373      0.0114286
      17        8.30839      0.0114286
      18        8.68355      0.0114286
      19        10.0821      0.0114286
      20        10.6600      0.0114286
      21        10.7110      0.0114286
      22        10.8287      0.0114286
      23        11.0891      0.0114286
      24        11.3938      0.0114286
      25        17.1210        0.00000
      26        17.3792        0.00000
      27        17.7520        0.00000
      28        17.9304        0.00000
      29        19.1788        0.00000
      30        19.7359        0.00000
      31        19.7827        0.00000
      32        19.8289        0.00000
      33        20.8094        0.00000
      34        21.0889        0.00000

 84/216 kpoint (Cartesian) = 0.084352 0.11247 -0.027821 (7404 pws)
       1       -47.6568      0.0114286
       2       -47.6536      0.0114286
       3       -17.5824      0.0114286
       4       -17.5691      0.0114286
       5       -17.4092      0.0114286
       6       -17.3350      0.0114286
       7       -17.2927      0.0114286
       8       -17.2861      0.0114286
       9       -4.80184      0.0114286
      10       -4.64316      0.0114286
      11       -4.48873      0.0114286
      12       -4.42783      0.0114286
      13        6.39345      0.0114286
      14        6.72408      0.0114286
      15        7.73574      0.0114286
      16        7.98103      0.0114286
      17        8.01912      0.0114286
      18        8.77598      0.0114286
      19        9.87503      0.0114286
      20        10.5815      0.0114286
      21        10.6086      0.0114286
      22        10.9390      0.0114286
      23        11.0686      0.0114286
      24        11.3707      0.0114286
      25        17.1347        0.00000
      26        17.4089        0.00000
      27        17.5715        0.00000
      28        17.8069        0.00000
      29        19.2694        0.00000
      30        19.7931        0.00000
      31        19.9320        0.00000
      32        20.4254        0.00000
      33        20.7847        0.00000
      34        21.2192        0.00000

 85/216 kpoint (Cartesian) = 0.056235 0.11247 -0.027821 (7408 pws)
       1       -47.6593      0.0114286
       2       -47.6548      0.0114286
       3       -17.5611      0.0114286
       4       -17.5344      0.0114286
       5       -17.4081      0.0114286
       6       -17.3086      0.0114286
       7       -17.2710      0.0114286
       8       -17.2594      0.0114286
       9       -5.08596      0.0114286
      10       -4.72340      0.0114286
      11       -4.46170      0.0114286
      12       -4.36843      0.0114286
      13        6.92630      0.0114286
      14        7.25149      0.0114286
      15        7.36822      0.0114286
      16        7.75514      0.0114286
      17        7.98476      0.0114286
      18        8.80009      0.0114286
      19        9.68510      0.0114286
      20        10.1439      0.0114286
      21        10.4125      0.0114286
      22        10.9437      0.0114286
      23        11.1115      0.0114286
      24        11.3107      0.0114286
      25        17.1617        0.00000
      26        17.3090        0.00000
      27        17.5196        0.00000
      28        17.6377        0.00000
      29        19.2099        0.00000
      30        19.7475        0.00000
      31        20.2956        0.00000
      32        20.8110        0.00000
      33        21.1310        0.00000
      34        21.3308        0.00000

 86/216 kpoint (Cartesian) = -0.028117 0.11247 0.027821 (7404 pws)
       1       -47.6612      0.0114286
       2       -47.6560      0.0114286
       3       -17.5629      0.0114286
       4       -17.5205      0.0114286
       5       -17.3979      0.0114286
       6       -17.2903      0.0114286
       7       -17.2445      0.0114286
       8       -17.2162      0.0114286
       9       -5.30226      0.0114286
      10       -4.85914      0.0114286
      11       -4.42265      0.0114286
      12       -4.27525      0.0114286
      13        7.03905      0.0114286
      14        7.20263      0.0114286
      15        7.64274      0.0114286
      16        7.86007      0.0114286
      17        8.43541      0.0114286
      18        8.75393      0.0114286
      19        9.49841      0.0114286
      20        9.70480      0.0114286
      21        10.1106      0.0114286
      22        10.6247      0.0114286
      23        11.1557      0.0114286
      24        11.3393      0.0114286
      25        16.9348        0.00000
      26        17.1149        0.00000
      27        17.5826        0.00000
      28        17.7459        0.00000
      29        19.0903        0.00000
      30        19.7149        0.00000
      31        20.6548        0.00000
      32        20.9806        0.00000
      33        21.3278        0.00000
      34        21.7157        0.00000

 87/216 kpoint (Cartesian) = 0.0000 0.14059 0.027821 (7420 pws)
       1       -47.6587     0.00571429
       2       -47.6586     0.00571429
       3       -17.5666     0.00571429
       4       -17.5620     0.00571429
       5       -17.3408     0.00571429
       6       -17.3401     0.00571429
       7       -17.2124     0.00571429
       8       -17.2098     0.00571429
       9       -5.10567     0.00571429
      10       -5.10154     0.00571429
      11       -4.33785     0.00571429
      12       -4.33731     0.00571429
      13        7.11375     0.00571429
      14        7.12255     0.00571429
      15        8.29465     0.00571429
      16        8.29807     0.00571429
      17        8.40884     0.00571429
      18        8.41266     0.00571429
      19        9.50550     0.00571429
      20        9.51341     0.00571429
      21        9.99824     0.00571429
      22        10.0165     0.00571429
      23        11.2829     0.00571429
      24        11.2871     0.00571429
      25        16.8300        0.00000
      26        16.8423        0.00000
      27        17.7529        0.00000
      28        17.7707        0.00000
      29        19.2465        0.00000
      30        19.2817        0.00000
      31        20.9998        0.00000
      32        21.0309        0.00000
      33        21.6429        0.00000
      34        21.6507        0.00000

 88/216 kpoint (Cartesian) = 0.028117 0.14059 0.027821 (7414 pws)
       1       -47.6581     0.00571429
       2       -47.6580     0.00571429
       3       -17.5671     0.00571429
       4       -17.5623     0.00571429
       5       -17.3433     0.00571429
       6       -17.3429     0.00571429
       7       -17.2308     0.00571429
       8       -17.2277     0.00571429
       9       -5.03434     0.00571429
      10       -5.03071     0.00571429
      11       -4.36586     0.00571429
      12       -4.36572     0.00571429
      13        7.16948     0.00571429
      14        7.17730     0.00571429
      15        7.93024     0.00571429
      16        7.93529     0.00571429
      17        8.38543     0.00571429
      18        8.38740     0.00571429
      19        9.71791     0.00571429
      20        9.72157     0.00571429
      21        10.2228     0.00571429
      22        10.2317     0.00571429
      23        11.2546     0.00571429
      24        11.2596     0.00571429
      25        16.9498        0.00000
      26        16.9604        0.00000
      27        17.6807        0.00000
      28        17.6980        0.00000
      29        19.2661        0.00000
      30        19.3041        0.00000
      31        20.9381        0.00000
      32        20.9672        0.00000
      33        21.4458        0.00000
      34        21.4556        0.00000

 89/216 kpoint (Cartesian) = 0.056235 0.14059 0.027821 (7414 pws)
       1       -47.6565     0.00571429
       2       -47.6565     0.00571429
       3       -17.5748     0.00571429
       4       -17.5697     0.00571429
       5       -17.3526     0.00571429
       6       -17.3523     0.00571429
       7       -17.2690     0.00571429
       8       -17.2654     0.00571429
       9       -4.84923     0.00571429
      10       -4.84706     0.00571429
      11       -4.43723     0.00571429
      12       -4.43556     0.00571429
      13        6.99053     0.00571429
      14        6.99371     0.00571429
      15        7.67811     0.00571429
      16        7.68850     0.00571429
      17        8.34761     0.00571429
      18        8.34931     0.00571429
      19        10.0182     0.00571429
      20        10.0320     0.00571429
      21        10.6455     0.00571429
      22        10.6479     0.00571429
      23        11.1736     0.00571429
      24        11.1821     0.00571429
      25        17.1840        0.00000
      26        17.1875        0.00000
      27        17.5809        0.00000
      28        17.5979        0.00000
      29        19.3274        0.00000
      30        19.3699        0.00000
      31        20.6515        0.00000
      32        20.6593        0.00000
      33        21.1468        0.00000
      34        21.1486        0.00000

 90/216 kpoint (Cartesian) = 0.084352 0.14059 0.027821 (7404 pws)
       1       -47.6547     0.00571429
       2       -47.6546     0.00571429
       3       -17.6010     0.00571429
       4       -17.5959     0.00571429
       5       -17.3654     0.00571429
       6       -17.3636     0.00571429
       7       -17.2958     0.00571429
       8       -17.2928     0.00571429
       9       -4.65195     0.00571429
      10       -4.65090     0.00571429
      11       -4.48961     0.00571429
      12       -4.48760     0.00571429
      13        6.41494     0.00571429
      14        6.41695     0.00571429
      15        8.00090     0.00571429
      16        8.01087     0.00571429
      17        8.37737     0.00571429
      18        8.37842     0.00571429
      19        10.2387     0.00571429
      20        10.2540     0.00571429
      21        10.8649     0.00571429
      22        10.8696     0.00571429
      23        11.1600     0.00571429
      24        11.1689     0.00571429
      25        17.2240        0.00000
      26        17.2253        0.00000
      27        17.7197        0.00000
      28        17.7288        0.00000
      29        19.3938        0.00000
      30        19.4348        0.00000
      31        20.1322        0.00000
      32        20.1491        0.00000
      33        20.9835        0.00000
      34        20.9922        0.00000

 91/216 kpoint (Cartesian) = 0.11247 0.14059 0.027821 (7388 pws)
       1       -47.6531     0.00571429
       2       -47.6531     0.00571429
       3       -17.6369     0.00571429
       4       -17.6319     0.00571429
       5       -17.3686     0.00571429
       6       -17.3647     0.00571429
       7       -17.3082     0.00571429
       8       -17.3067     0.00571429
       9       -4.64795     0.00571429
      10       -4.64283     0.00571429
      11       -4.37407     0.00571429
      12       -4.37337     0.00571429
      13        5.98225     0.00571429
      14        5.98338     0.00571429
      15        8.30732     0.00571429
      16        8.30923     0.00571429
      17        8.53071     0.00571429
      18        8.53645     0.00571429
      19        10.3571     0.00571429
      20        10.3678     0.00571429
      21        10.7365     0.00571429
      22        10.7430     0.00571429
      23        11.2933     0.00571429
      24        11.2934     0.00571429
      25        17.2502        0.00000
      26        17.2514        0.00000
      27        17.8979        0.00000
      28        17.8997        0.00000
      29        19.2918        0.00000
      30        19.3110        0.00000
      31        19.7213        0.00000
      32        19.7693        0.00000
      33        20.9447        0.00000
      34        20.9490        0.00000

 92/216 kpoint (Cartesian) = 0.14059 0.14059 0.027821 (7380 pws)
       1       -47.6525     0.00571429
       2       -47.6525     0.00571429
       3       -17.6535     0.00571429
       4       -17.6486     0.00571429
       5       -17.3672     0.00571429
       6       -17.3615     0.00571429
       7       -17.3123     0.00571429
       8       -17.3122     0.00571429
       9       -4.67016     0.00571429
      10       -4.66420     0.00571429
      11       -4.30499     0.00571429
      12       -4.30411     0.00571429
      13        5.82656     0.00571429
      14        5.82700     0.00571429
      15        8.37515     0.00571429
      16        8.37531     0.00571429
      17        8.68301     0.00571429
      18        8.69114     0.00571429
      19        10.4116     0.00571429
      20        10.4144     0.00571429
      21        10.6222     0.00571429
      22        10.6388     0.00571429
      23        11.3315     0.00571429
      24        11.3343     0.00571429
      25        17.2983        0.00000
      26        17.2991        0.00000
      27        17.9729        0.00000
      28        17.9733        0.00000
      29        19.1353        0.00000
      30        19.1457        0.00000
      31        19.6101        0.00000
      32        19.6688        0.00000
      33        20.9546        0.00000
      34        20.9550        0.00000

 93/216 kpoint (Cartesian) = 0.11247 0.14059 -0.027821 (7388 pws)
       1       -47.6531     0.00571429
       2       -47.6531     0.00571429
       3       -17.6369     0.00571429
       4       -17.6322     0.00571429
       5       -17.3689     0.00571429
       6       -17.3632     0.00571429
       7       -17.3079     0.00571429
       8       -17.3079     0.00571429
       9       -4.64834     0.00571429
      10       -4.64281     0.00571429
      11       -4.37367     0.00571429
      12       -4.37341     0.00571429
      13        5.98283     0.00571429
      14        5.98285     0.00571429
      15        8.30634     0.00571429
      16        8.31346     0.00571429
      17        8.53105     0.00571429
      18        8.53527     0.00571429
      19        10.3600     0.00571429
      20        10.3665     0.00571429
      21        10.7251     0.00571429
      22        10.7433     0.00571429
      23        11.2944     0.00571429
      24        11.2984     0.00571429
      25        17.2512        0.00000
      26        17.2527        0.00000
      27        17.8988        0.00000
      28        17.8988        0.00000
      29        19.2915        0.00000
      30        19.3094        0.00000
      31        19.7205        0.00000
      32        19.7680        0.00000
      33        20.9476        0.00000
      34        20.9479        0.00000

 94/216 kpoint (Cartesian) = 0.084352 0.14059 -0.027821 (7404 pws)
       1       -47.6547     0.00571429
       2       -47.6546     0.00571429
       3       -17.6009     0.00571429
       4       -17.5965     0.00571429
       5       -17.3657     0.00571429
       6       -17.3613     0.00571429
       7       -17.2955     0.00571429
       8       -17.2946     0.00571429
       9       -4.65301     0.00571429
      10       -4.65091     0.00571429
      11       -4.48855     0.00571429
      12       -4.48763     0.00571429
      13        6.41596     0.00571429
      14        6.41607     0.00571429
      15        7.99875     0.00571429
      16        8.01528     0.00571429
      17        8.37712     0.00571429
      18        8.37985     0.00571429
      19        10.2394     0.00571429
      20        10.2517     0.00571429
      21        10.8520     0.00571429
      22        10.8647     0.00571429
      23        11.1709     0.00571429
      24        11.1722     0.00571429
      25        17.2241        0.00000
      26        17.2288        0.00000
      27        17.7219        0.00000
      28        17.7249        0.00000
      29        19.3948        0.00000
      30        19.4332        0.00000
      31        20.1311        0.00000
      32        20.1466        0.00000
      33        20.9879        0.00000
      34        20.9905        0.00000

 95/216 kpoint (Cartesian) = 0.056235 0.14059 -0.027821 (7414 pws)
       1       -47.6565     0.00571429
       2       -47.6565     0.00571429
       3       -17.5747     0.00571429
       4       -17.5703     0.00571429
       5       -17.3528     0.00571429
       6       -17.3503     0.00571429
       7       -17.2688     0.00571429
       8       -17.2668     0.00571429
       9       -4.84926     0.00571429
      10       -4.84748     0.00571429
      11       -4.43681     0.00571429
      12       -4.43555     0.00571429
      13        6.99187     0.00571429
      14        6.99282     0.00571429
      15        7.67712     0.00571429
      16        7.69045     0.00571429
      17        8.34947     0.00571429
      18        8.34965     0.00571429
      19        10.0162     0.00571429
      20        10.0300     0.00571429
      21        10.6416     0.00571429
      22        10.6455     0.00571429
      23        11.1780     0.00571429
      24        11.1832     0.00571429
      25        17.1830        0.00000
      26        17.1919        0.00000
      27        17.5833        0.00000
      28        17.5918        0.00000
      29        19.3296        0.00000
      30        19.3693        0.00000
      31        20.6503        0.00000
      32        20.6591        0.00000
      33        21.1473        0.00000
      34        21.1488        0.00000

 96/216 kpoint (Cartesian) = -0.028117 0.14059 0.027821 (7414 pws)
       1       -47.6581     0.00571429
       2       -47.6580     0.00571429
       3       -17.5671     0.00571429
       4       -17.5627     0.00571429
       5       -17.3433     0.00571429
       6       -17.3420     0.00571429
       7       -17.2308     0.00571429
       8       -17.2283     0.00571429
       9       -5.03436     0.00571429
      10       -5.03087     0.00571429
      11       -4.36572     0.00571429
      12       -4.36570     0.00571429
      13        7.16918     0.00571429
      14        7.17807     0.00571429
      15        7.93279     0.00571429
      16        7.93367     0.00571429
      17        8.38565     0.00571429
      18        8.38842     0.00571429
      19        9.71461     0.00571429
      20        9.72053     0.00571429
      21        10.2226     0.00571429
      22        10.2317     0.00571429
      23        11.2555     0.00571429
      24        11.2601     0.00571429
      25        16.9499        0.00000
      26        16.9613        0.00000
      27        17.6808        0.00000
      28        17.6955        0.00000
      29        19.2681        0.00000
      30        19.3043        0.00000
      31        20.9393        0.00000
      32        20.9668        0.00000
      33        21.4458        0.00000
      34        21.4540        0.00000

 97/216 kpoint (Cartesian) = 0.0000 0.0000 0.055642 (7403 pws)
       1       -47.6710     0.00571429
       2       -47.6586     0.00571429
       3       -17.5721     0.00571429
       4       -17.2930     0.00571429
       5       -17.2665     0.00571429
       6       -17.2613     0.00571429
       7       -17.1931     0.00571429
       8       -17.1883     0.00571429
       9       -6.14791     0.00571429
      10       -4.89393     0.00571429
      11       -4.63881     0.00571429
      12       -3.94660     0.00571429
      13        6.78917     0.00571429
      14        7.09075     0.00571429
      15        7.11192     0.00571429
      16        7.50084     0.00571429
      17        8.17328     0.00571429
      18        8.19324     0.00571429
      19        9.77824     0.00571429
      20        10.3764     0.00571429
      21        10.7037     0.00571429
      22        10.7535     0.00571429
      23        11.5147     0.00571429
      24        11.5878     0.00571429
      25        16.6725        0.00000
      26        16.7388        0.00000
      27        17.5540        0.00000
      28        17.6559        0.00000
      29        18.9307        0.00000
      30        20.4673        0.00000
      31        20.9945        0.00000
      32        21.0048        0.00000
      33        22.0538        0.00000
      34        22.2165        0.00000

 98/216 kpoint (Cartesian) = 0.028117 0.0000 0.055642 (7381 pws)
       1       -47.6701     0.00571429
       2       -47.6583     0.00571429
       3       -17.5672     0.00571429
       4       -17.3182     0.00571429
       5       -17.2789     0.00571429
       6       -17.2634     0.00571429
       7       -17.1979     0.00571429
       8       -17.1935     0.00571429
       9       -6.07313     0.00571429
      10       -4.88811     0.00571429
      11       -4.61840     0.00571429
      12       -3.97947     0.00571429
      13        6.70954     0.00571429
      14        7.14372     0.00571429
      15        7.19354     0.00571429
      16        7.72838     0.00571429
      17        8.15540     0.00571429
      18        8.19785     0.00571429
      19        9.83992     0.00571429
      20        10.3443     0.00571429
      21        10.6257     0.00571429
      22        10.6713     0.00571429
      23        11.4085     0.00571429
      24        11.4128     0.00571429
      25        16.7935        0.00000
      26        16.8206        0.00000
      27        17.5655        0.00000
      28        17.6580        0.00000
      29        19.0347        0.00000
      30        20.3825        0.00000
      31        20.7388        0.00000
      32        21.0107        0.00000
      33        21.8530        0.00000
      34        22.2260        0.00000

 99/216 kpoint (Cartesian) = 0.056235 0.0000 0.055642 (7405 pws)
       1       -47.6677     0.00571429
       2       -47.6576     0.00571429
       3       -17.5613     0.00571429
       4       -17.3826     0.00571429
       5       -17.3285     0.00571429
       6       -17.2548     0.00571429
       7       -17.2113     0.00571429
       8       -17.1953     0.00571429
       9       -5.87418     0.00571429
      10       -4.91329     0.00571429
      11       -4.53427     0.00571429
      12       -4.05947     0.00571429
      13        6.73369     0.00571429
      14        7.26746     0.00571429
      15        7.29760     0.00571429
      16        8.10786     0.00571429
      17        8.20824     0.00571429
      18        8.26909     0.00571429
      19        9.96624     0.00571429
      20        10.1268     0.00571429
      21        10.4172     0.00571429
      22        10.5821     0.00571429
      23        10.9773     0.00571429
      24        11.2239     0.00571429
      25        16.9306        0.00000
      26        17.0247        0.00000
      27        17.5387        0.00000
      28        17.6861        0.00000
      29        19.2466        0.00000
      30        20.0018        0.00000
      31        20.7184        0.00000
      32        21.0687        0.00000
      33        21.5767        0.00000
      34        22.2061        0.00000

 100/216 kpoint (Cartesian) = 0.084352 0.0000 0.055642 (7412 pws)
       1       -47.6644     0.00571429
       2       -47.6571     0.00571429
       3       -17.5767     0.00571429
       4       -17.4739     0.00571429
       5       -17.3505     0.00571429
       6       -17.2424     0.00571429
       7       -17.2283     0.00571429
       8       -17.1992     0.00571429
       9       -5.61885     0.00571429
      10       -4.98737     0.00571429
      11       -4.41281     0.00571429
      12       -4.14297     0.00571429
      13        6.93724     0.00571429
      14        7.31134     0.00571429
      15        7.53164     0.00571429
      16        8.12077     0.00571429
      17        8.21471     0.00571429
      18        8.84959     0.00571429
      19        9.59152     0.00571429
      20        10.1473     0.00571429
      21        10.2530     0.00571429
      22        10.4867     0.00571429
      23        10.5094     0.00571429
      24        11.0949     0.00571429
      25        16.9195        0.00000
      26        17.2013        0.00000
      27        17.4191        0.00000
      28        17.7221        0.00000
      29        19.2681        0.00000
      30        19.7155        0.00000
      31        20.8874        0.00000
      32        21.2067        0.00000
      33        21.5649        0.00000
      34        22.1224        0.00000

 101/216 kpoint (Cartesian) = 0.11247 0.0000 0.055642 (7410 pws)
       1       -47.6611     0.00571429
       2       -47.6573     0.00571429
       3       -17.6040     0.00571429
       4       -17.5572     0.00571429
       5       -17.3280     0.00571429
       6       -17.2547     0.00571429
       7       -17.2288     0.00571429
       8       -17.2059     0.00571429
       9       -5.38541     0.00571429
      10       -5.08768     0.00571429
      11       -4.31404     0.00571429
      12       -4.19771     0.00571429
      13        7.18310     0.00571429
      14        7.33706     0.00571429
      15        7.80363     0.00571429
      16        8.18171     0.00571429
      17        8.24582     0.00571429
      18        9.09510     0.00571429
      19        9.37954     0.00571429
      20        9.92492     0.00571429
      21        10.0881     0.00571429
      22        10.1356     0.00571429
      23        10.6773     0.00571429
      24        11.0138     0.00571429
      25        16.8829        0.00000
      26        17.1681        0.00000
      27        17.3492        0.00000
      28        17.6693        0.00000
      29        19.1849        0.00000
      30        19.5710        0.00000
      31        21.0727        0.00000
      32        21.4378        0.00000
      33        21.4815        0.00000
      34        21.9510        0.00000

 102/216 kpoint (Cartesian) = 0.14059 0.0000 0.055642 (7404 pws)
       1       -47.6587     0.00571429
       2       -47.6586     0.00571429
       3       -17.6055     0.00571429
       4       -17.6012     0.00571429
       5       -17.2917     0.00571429
       6       -17.2883     0.00571429
       7       -17.2174     0.00571429
       8       -17.2146     0.00571429
       9       -5.21523     0.00571429
      10       -5.21069     0.00571429
      11       -4.24811     0.00571429
      12       -4.24329     0.00571429
      13        7.30574     0.00571429
      14        7.31660     0.00571429
      15        8.04076     0.00571429
      16        8.05001     0.00571429
      17        8.60438     0.00571429
      18        8.61087     0.00571429
      19        9.79677     0.00571429
      20        9.81582     0.00571429
      21        9.87692     0.00571429
      22        9.89196     0.00571429
      23        10.8938     0.00571429
      24        10.8966     0.00571429
      25        16.9367        0.00000
      26        16.9534        0.00000
      27        17.5052        0.00000
      28        17.5332        0.00000
      29        19.3165        0.00000
      30        19.3397        0.00000
      31        21.3010        0.00000
      32        21.3399        0.00000
      33        21.7003        0.00000
      34        21.7157        0.00000

 103/216 kpoint (Cartesian) = 0.11247 0.0000 -0.055642 (7410 pws)
       1       -47.6611     0.00571429
       2       -47.6573     0.00571429
       3       -17.6025     0.00571429
       4       -17.5585     0.00571429
       5       -17.3294     0.00571429
       6       -17.2534     0.00571429
       7       -17.2288     0.00571429
       8       -17.2059     0.00571429
       9       -5.38349     0.00571429
      10       -5.08987     0.00571429
      11       -4.31347     0.00571429
      12       -4.19810     0.00571429
      13        7.18503     0.00571429
      14        7.33463     0.00571429
      15        7.80914     0.00571429
      16        8.17453     0.00571429
      17        8.24757     0.00571429
      18        9.09644     0.00571429
      19        9.38073     0.00571429
      20        9.93106     0.00571429
      21        10.0834     0.00571429
      22        10.1305     0.00571429
      23        10.6776     0.00571429
      24        11.0148     0.00571429
      25        16.8797        0.00000
      26        17.1716        0.00000
      27        17.3672        0.00000
      28        17.6508        0.00000
      29        19.1804        0.00000
      30        19.5648        0.00000
      31        21.0896        0.00000
      32        21.4372        0.00000
      33        21.4824        0.00000
      34        21.9521        0.00000

 104/216 kpoint (Cartesian) = 0.084352 0.0000 -0.055642 (7412 pws)
       1       -47.6644     0.00571429
       2       -47.6571     0.00571429
       3       -17.5750     0.00571429
       4       -17.4754     0.00571429
       5       -17.3521     0.00571429
       6       -17.2424     0.00571429
       7       -17.2269     0.00571429
       8       -17.1992     0.00571429
       9       -5.61729     0.00571429
      10       -4.98918     0.00571429
      11       -4.41353     0.00571429
      12       -4.14213     0.00571429
      13        6.94198     0.00571429
      14        7.30727     0.00571429
      15        7.53562     0.00571429
      16        8.12165     0.00571429
      17        8.20860     0.00571429
      18        8.84726     0.00571429
      19        9.59469     0.00571429
      20        10.1522     0.00571429
      21        10.2496     0.00571429
      22        10.4836     0.00571429
      23        10.5097     0.00571429
      24        11.0958     0.00571429
      25        16.9156        0.00000
      26        17.2179        0.00000
      27        17.4231        0.00000
      28        17.7047        0.00000
      29        19.2628        0.00000
      30        19.7081        0.00000
      31        20.8915        0.00000
      32        21.2065        0.00000
      33        21.5793        0.00000
      34        22.1237        0.00000

 105/216 kpoint (Cartesian) = -0.056235 0.0000 0.055642 (7405 pws)
       1       -47.6677     0.00571429
       2       -47.6576     0.00571429
       3       -17.5601     0.00571429
       4       -17.3840     0.00571429
       5       -17.3301     0.00571429
       6       -17.2548     0.00571429
       7       -17.2096     0.00571429
       8       -17.1953     0.00571429
       9       -5.87305     0.00571429
      10       -4.91467     0.00571429
      11       -4.53512     0.00571429
      12       -4.05852     0.00571429
      13        6.73968     0.00571429
      14        7.26384     0.00571429
      15        7.30016     0.00571429
      16        8.10807     0.00571429
      17        8.20395     0.00571429
      18        8.26453     0.00571429
      19        9.96469     0.00571429
      20        10.1307     0.00571429
      21        10.4203     0.00571429
      22        10.5819     0.00571429
      23        10.9757     0.00571429
      24        11.2244     0.00571429
      25        16.9280        0.00000
      26        17.0360        0.00000
      27        17.5412        0.00000
      28        17.6738        0.00000
      29        19.2429        0.00000
      30        19.9944        0.00000
      31        20.7231        0.00000
      32        21.0688        0.00000
      33        21.5827        0.00000
      34        22.2077        0.00000

 106/216 kpoint (Cartesian) = -0.028117 0.0000 0.055642 (7381 pws)
       1       -47.6701     0.00571429
       2       -47.6583     0.00571429
       3       -17.5667     0.00571429
       4       -17.3186     0.00571429
       5       -17.2807     0.00571429
       6       -17.2634     0.00571429
       7       -17.1962     0.00571429
       8       -17.1936     0.00571429
       9       -6.07253     0.00571429
      10       -4.88899     0.00571429
      11       -4.61874     0.00571429
      12       -3.97896     0.00571429
      13        6.71535     0.00571429
      14        7.14497     0.00571429
      15        7.19016     0.00571429
      16        7.72617     0.00571429
      17        8.15353     0.00571429
      18        8.19565     0.00571429
      19        9.83942     0.00571429
      20        10.3458     0.00571429
      21        10.6271     0.00571429
      22        10.6722     0.00571429
      23        11.4080     0.00571429
      24        11.4131     0.00571429
      25        16.7978        0.00000
      26        16.8199        0.00000
      27        17.5661        0.00000
      28        17.6530        0.00000
      29        19.0326        0.00000
      30        20.3755        0.00000
      31        20.7473        0.00000
      32        21.0108        0.00000
      33        21.8465        0.00000
      34        22.2271        0.00000

 107/216 kpoint (Cartesian) = 0.0000 0.028117 0.055642 (7381 pws)
       1       -47.6701      0.0114286
       2       -47.6583      0.0114286
       3       -17.5674      0.0114286
       4       -17.3180      0.0114286
       5       -17.2865      0.0114286
       6       -17.2583      0.0114286
       7       -17.2008      0.0114286
       8       -17.1888      0.0114286
       9       -6.07134      0.0114286
      10       -4.88464      0.0114286
      11       -4.61975      0.0114286
      12       -3.98102      0.0114286
      13        6.71110      0.0114286
      14        7.16484      0.0114286
      15        7.17753      0.0114286
      16        7.71990      0.0114286
      17        8.17499      0.0114286
      18        8.17829      0.0114286
      19        9.84040      0.0114286
      20        10.3423      0.0114286
      21        10.6267      0.0114286
      22        10.6750      0.0114286
      23        11.3354      0.0114286
      24        11.4828      0.0114286
      25        16.7998        0.00000
      26        16.8201        0.00000
      27        17.5600        0.00000
      28        17.6533        0.00000
      29        19.0336        0.00000
      30        20.3764        0.00000
      31        20.7410        0.00000
      32        21.0215        0.00000
      33        21.8542        0.00000
      34        22.2171        0.00000

 108/216 kpoint (Cartesian) = 0.028117 0.028117 0.055642 (7410 pws)
       1       -47.6692      0.0114286
       2       -47.6580      0.0114286
       3       -17.5612      0.0114286
       4       -17.3372      0.0114286
       5       -17.2940      0.0114286
       6       -17.2667      0.0114286
       7       -17.2099      0.0114286
       8       -17.1954      0.0114286
       9       -5.99581      0.0114286
      10       -4.86737      0.0114286
      11       -4.60959      0.0114286
      12       -4.01419      0.0114286
      13        6.70773      0.0114286
      14        7.14184      0.0114286
      15        7.24480      0.0114286
      16        7.94130      0.0114286
      17        8.07997      0.0114286
      18        8.27517      0.0114286
      19        9.88356      0.0114286
      20        10.2553      0.0114286
      21        10.4539      0.0114286
      22        10.6733      0.0114286
      23        11.1939      0.0114286
      24        11.4799      0.0114286
      25        16.8953        0.00000
      26        16.9059        0.00000
      27        17.5762        0.00000
      28        17.6433        0.00000
      29        19.1269        0.00000
      30        20.3918        0.00000
      31        20.4516        0.00000
      32        21.0709        0.00000
      33        21.7594        0.00000
      34        22.0608        0.00000

 109/216 kpoint (Cartesian) = 0.056235 0.028117 0.055642 (7403 pws)
       1       -47.6668      0.0114286
       2       -47.6573      0.0114286
       3       -17.5517      0.0114286
       4       -17.3915      0.0114286
       5       -17.3403      0.0114286
       6       -17.2662      0.0114286
       7       -17.2244      0.0114286
       8       -17.2049      0.0114286
       9       -5.79490      0.0114286
      10       -4.87141      0.0114286
      11       -4.54319      0.0114286
      12       -4.09499      0.0114286
      13        6.78669      0.0114286
      14        7.25047      0.0114286
      15        7.29682      0.0114286
      16        7.93869      0.0114286
      17        8.34565      0.0114286
      18        8.50644      0.0114286
      19        9.78048      0.0114286
      20        10.0903      0.0114286
      21        10.1708      0.0114286
      22        10.6838      0.0114286
      23        10.9801      0.0114286
      24        11.3304      0.0114286
      25        16.9962        0.00000
      26        17.1143        0.00000
      27        17.5496        0.00000
      28        17.6684        0.00000
      29        19.3178        0.00000
      30        20.0030        0.00000
      31        20.5079        0.00000
      32        21.1118        0.00000
      33        21.5011        0.00000
      34        22.0111        0.00000

 110/216 kpoint (Cartesian) = 0.084352 0.028117 0.055642 (7413 pws)
       1       -47.6636      0.0114286
       2       -47.6567      0.0114286
       3       -17.5654      0.0114286
       4       -17.4739      0.0114286
       5       -17.3663      0.0114286
       6       -17.2573      0.0114286
       7       -17.2337      0.0114286
       8       -17.2194      0.0114286
       9       -5.53781      0.0114286
      10       -4.93354      0.0114286
      11       -4.42945      0.0114286
      12       -4.17833      0.0114286
      13        7.01037      0.0114286
      14        7.31617      0.0114286
      15        7.46341      0.0114286
      16        7.87497      0.0114286
      17        8.37940      0.0114286
      18        9.09329      0.0114286
      19        9.26831      0.0114286
      20        9.92502      0.0114286
      21        10.2906      0.0114286
      22        10.6347      0.0114286
      23        10.6851      0.0114286
      24        11.1541      0.0114286
      25        16.9950        0.00000
      26        17.2731        0.00000
      27        17.4470        0.00000
      28        17.6897        0.00000
      29        19.3279        0.00000
      30        19.7401        0.00000
      31        20.6695        0.00000
      32        21.1653        0.00000
      33        21.5311        0.00000
      34        21.8789        0.00000

 111/216 kpoint (Cartesian) = 0.11247 0.028117 0.055642 (7415 pws)
       1       -47.6605      0.0114286
       2       -47.6568      0.0114286
       3       -17.5953      0.0114286
       4       -17.5537      0.0114286
       5       -17.3409      0.0114286
       6       -17.2620      0.0114286
       7       -17.2432      0.0114286
       8       -17.2282      0.0114286
       9       -5.30618      0.0114286
      10       -5.02494      0.0114286
      11       -4.33642      0.0114286
      12       -4.22907      0.0114286
      13        7.23337      0.0114286
      14        7.36611      0.0114286
      15        7.72435      0.0114286
      16        7.85792      0.0114286
      17        8.35606      0.0114286
      18        8.78512      0.0114286
      19        9.61513      0.0114286
      20        9.87366      0.0114286
      21        10.3228      0.0114286
      22        10.3271      0.0114286
      23        10.6641      0.0114286
      24        11.0173      0.0114286
      25        16.9908        0.00000
      26        17.2473        0.00000
      27        17.3790        0.00000
      28        17.6153        0.00000
      29        19.2158        0.00000
      30        19.6028        0.00000
      31        20.8496        0.00000
      32        21.2788        0.00000
      33        21.5474        0.00000
      34        21.7217        0.00000

 112/216 kpoint (Cartesian) = 0.14059 0.028117 0.055642 (7402 pws)
       1       -47.6581      0.0114286
       2       -47.6580      0.0114286
       3       -17.5995      0.0114286
       4       -17.5952      0.0114286
       5       -17.3011      0.0114286
       6       -17.2974      0.0114286
       7       -17.2365      0.0114286
       8       -17.2337      0.0114286
       9       -5.14299      0.0114286
      10       -5.13899      0.0114286
      11       -4.27466      0.0114286
      12       -4.27028      0.0114286
      13        7.33526      0.0114286
      14        7.34419      0.0114286
      15        7.91120      0.0114286
      16        7.91837      0.0114286
      17        8.41487      0.0114286
      18        8.41912      0.0114286
      19        9.98866      0.0114286
      20        10.0052      0.0114286
      21        10.0571      0.0114286
      22        10.0640      0.0114286
      23        10.8613      0.0114286
      24        10.8647      0.0114286
      25        17.0518        0.00000
      26        17.0658        0.00000
      27        17.4834        0.00000
      28        17.5085        0.00000
      29        19.3295        0.00000
      30        19.3550        0.00000
      31        21.1372        0.00000
      32        21.1593        0.00000
      33        21.6034        0.00000
      34        21.6132        0.00000

 113/216 kpoint (Cartesian) = 0.11247 0.028117 -0.055642 (7415 pws)
       1       -47.6605      0.0114286
       2       -47.6568      0.0114286
       3       -17.5939      0.0114286
       4       -17.5549      0.0114286
       5       -17.3421      0.0114286
       6       -17.2611      0.0114286
       7       -17.2430      0.0114286
       8       -17.2282      0.0114286
       9       -5.30434      0.0114286
      10       -5.02708      0.0114286
      11       -4.33563      0.0114286
      12       -4.22965      0.0114286
      13        7.23314      0.0114286
      14        7.36480      0.0114286
      15        7.72873      0.0114286
      16        7.85683      0.0114286
      17        8.35636      0.0114286
      18        8.78463      0.0114286
      19        9.61670      0.0114286
      20        9.87360      0.0114286
      21        10.3139      0.0114286
      22        10.3297      0.0114286
      23        10.6650      0.0114286
      24        11.0194      0.0114286
      25        16.9882        0.00000
      26        17.2492        0.00000
      27        17.3948        0.00000
      28        17.6003        0.00000
      29        19.2110        0.00000
      30        19.5969        0.00000
      31        20.8655        0.00000
      32        21.2628        0.00000
      33        21.5647        0.00000
      34        21.7267        0.00000

 114/216 kpoint (Cartesian) = 0.084352 0.028117 -0.055642 (7413 pws)
       1       -47.6636      0.0114286
       2       -47.6567      0.0114286
       3       -17.5638      0.0114286
       4       -17.4753      0.0114286
       5       -17.3676      0.0114286
       6       -17.2575      0.0114286
       7       -17.2324      0.0114286
       8       -17.2193      0.0114286
       9       -5.53634      0.0114286
      10       -4.93532      0.0114286
      11       -4.43008      0.0114286
      12       -4.17753      0.0114286
      13        7.01485      0.0114286
      14        7.31041      0.0114286
      15        7.46680      0.0114286
      16        7.87653      0.0114286
      17        8.37596      0.0114286
      18        9.09177      0.0114286
      19        9.27027      0.0114286
      20        9.92599      0.0114286
      21        10.2880      0.0114286
      22        10.6371      0.0114286
      23        10.6806      0.0114286
      24        11.1571      0.0114286
      25        16.9948        0.00000
      26        17.2797        0.00000
      27        17.4516        0.00000
      28        17.6780        0.00000
      29        19.3217        0.00000
      30        19.7335        0.00000
      31        20.6753        0.00000
      32        21.1639        0.00000
      33        21.5423        0.00000
      34        21.8915        0.00000

 115/216 kpoint (Cartesian) = -0.056235 0.028117 0.055642 (7403 pws)
       1       -47.6668      0.0114286
       2       -47.6573      0.0114286
       3       -17.5505      0.0114286
       4       -17.3927      0.0114286
       5       -17.3417      0.0114286
       6       -17.2665      0.0114286
       7       -17.2235      0.0114286
       8       -17.2041      0.0114286
       9       -5.79382      0.0114286
      10       -4.87282      0.0114286
      11       -4.54391      0.0114286
      12       -4.09407      0.0114286
      13        6.79200      0.0114286
      14        7.25301      0.0114286
      15        7.29184      0.0114286
      16        7.94009      0.0114286
      17        8.34125      0.0114286
      18        8.50366      0.0114286
      19        9.78131      0.0114286
      20        10.0914      0.0114286
      21        10.1719      0.0114286
      22        10.6846      0.0114286
      23        10.9761      0.0114286
      24        11.3339      0.0114286
      25        17.0002        0.00000
      26        17.1149        0.00000
      27        17.5530        0.00000
      28        17.6588        0.00000
      29        19.3132        0.00000
      30        19.9979        0.00000
      31        20.5103        0.00000
      32        21.1146        0.00000
      33        21.5061        0.00000
      34        22.0190        0.00000

 116/216 kpoint (Cartesian) = -0.028117 0.028117 0.055642 (7410 pws)
       1       -47.6692      0.0114286
       2       -47.6580      0.0114286
       3       -17.5607      0.0114286
       4       -17.3376      0.0114286
       5       -17.2946      0.0114286
       6       -17.2676      0.0114286
       7       -17.2099      0.0114286
       8       -17.1939      0.0114286
       9       -5.99523      0.0114286
      10       -4.86829      0.0114286
      11       -4.60981      0.0114286
      12       -4.01370      0.0114286
      13        6.71184      0.0114286
      14        7.14444      0.0114286
      15        7.24087      0.0114286
      16        7.93997      0.0114286
      17        8.07984      0.0114286
      18        8.27169      0.0114286
      19        9.88235      0.0114286
      20        10.2576      0.0114286
      21        10.4556      0.0114286
      22        10.6735      0.0114286
      23        11.1911      0.0114286
      24        11.4824      0.0114286
      25        16.8975        0.00000
      26        16.9061        0.00000
      27        17.5768        0.00000
      28        17.6390        0.00000
      29        19.1246        0.00000
      30        20.3884        0.00000
      31        20.4544        0.00000
      32        21.0723        0.00000
      33        21.7582        0.00000
      34        22.0664        0.00000

 117/216 kpoint (Cartesian) = 0.0000 0.056235 0.055642 (7405 pws)
       1       -47.6677      0.0114286
       2       -47.6576      0.0114286
       3       -17.5630      0.0114286
       4       -17.3846      0.0114286
       5       -17.3352      0.0114286
       6       -17.2497      0.0114286
       7       -17.2133      0.0114286
       8       -17.1905      0.0114286
       9       -5.86763      0.0114286
      10       -4.90288      0.0114286
      11       -4.53529      0.0114286
      12       -4.06690      0.0114286
      13        6.73918      0.0114286
      14        7.25951      0.0114286
      15        7.31905      0.0114286
      16        8.08235      0.0114286
      17        8.19005      0.0114286
      18        8.29327      0.0114286
      19        9.95805      0.0114286
      20        10.1139      0.0114286
      21        10.4626      0.0114286
      22        10.5672      0.0114286
      23        10.9054      0.0114286
      24        11.2798      0.0114286
      25        16.9242        0.00000
      26        17.0449        0.00000
      27        17.5241        0.00000
      28        17.6754        0.00000
      29        19.2424        0.00000
      30        19.9956        0.00000
      31        20.7158        0.00000
      32        21.0784        0.00000
      33        21.5821        0.00000
      34        22.2019        0.00000

 118/216 kpoint (Cartesian) = 0.028117 0.056235 0.055642 (7403 pws)
       1       -47.6668      0.0114286
       2       -47.6573      0.0114286
       3       -17.5532      0.0114286
       4       -17.3920      0.0114286
       5       -17.3468      0.0114286
       6       -17.2612      0.0114286
       7       -17.2240      0.0114286
       8       -17.2034      0.0114286
       9       -5.79006      0.0114286
      10       -4.86318      0.0114286
      11       -4.54404      0.0114286
      12       -4.10108      0.0114286
      13        6.79037      0.0114286
      14        7.24617      0.0114286
      15        7.30994      0.0114286
      16        7.93152      0.0114286
      17        8.33357      0.0114286
      18        8.51612      0.0114286
      19        9.76065      0.0114286
      20        10.0748      0.0114286
      21        10.2053      0.0114286
      22        10.6875      0.0114286
      23        10.9426      0.0114286
      24        11.3567      0.0114286
      25        16.9968        0.00000
      26        17.1187        0.00000
      27        17.5556        0.00000
      28        17.6502        0.00000
      29        19.3137        0.00000
      30        19.9956        0.00000
      31        20.5096        0.00000
      32        21.1177        0.00000
      33        21.5041        0.00000
      34        22.0017        0.00000

 119/216 kpoint (Cartesian) = 0.056235 0.056235 0.055642 (7410 pws)
       1       -47.6646      0.0114286
       2       -47.6565      0.0114286
       3       -17.5304      0.0114286
       4       -17.4270      0.0114286
       5       -17.3822      0.0114286
       6       -17.2863      0.0114286
       7       -17.2501      0.0114286
       8       -17.2187      0.0114286
       9       -5.58362      0.0114286
      10       -4.79772      0.0114286
      11       -4.53683      0.0114286
      12       -4.18513      0.0114286
      13        6.95257      0.0114286
      14        7.24270      0.0114286
      15        7.28857      0.0114286
      16        7.83621      0.0114286
      17        8.38572      0.0114286
      18        9.03856      0.0114286
      19        9.34810      0.0114286
      20        9.74716      0.0114286
      21        10.1617      0.0114286
      22        10.8489      0.0114286
      23        10.9472      0.0114286
      24        11.3614      0.0114286
      25        17.1405        0.00000
      26        17.1806        0.00000
      27        17.6302        0.00000
      28        17.6566        0.00000
      29        19.4795        0.00000
      30        19.9222        0.00000
      31        20.2538        0.00000
      32        21.1393        0.00000
      33        21.2148        0.00000
      34        21.9784        0.00000

 120/216 kpoint (Cartesian) = 0.084352 0.056235 0.055642 (7396 pws)
       1       -47.6616      0.0114286
       2       -47.6557      0.0114286
       3       -17.5340      0.0114286
       4       -17.4816      0.0114286
       5       -17.4175      0.0114286
       6       -17.2984      0.0114286
       7       -17.2598      0.0114286
       8       -17.2398      0.0114286
       9       -5.32091      0.0114286
      10       -4.80674      0.0114286
      11       -4.46323      0.0114286
      12       -4.26999      0.0114286
      13        7.11036      0.0114286
      14        7.23172      0.0114286
      15        7.40367      0.0114286
      16        7.83279      0.0114286
      17        8.20019      0.0114286
      18        9.02442      0.0114286
      19        9.53933      0.0114286
      20        9.63342      0.0114286
      21        10.2862      0.0114286
      22        10.8298      0.0114286
      23        10.9323      0.0114286
      24        11.2183      0.0114286
      25        17.1274        0.00000
      26        17.2902        0.00000
      27        17.5670        0.00000
      28        17.7497        0.00000
      29        19.4651        0.00000
      30        19.7904        0.00000
      31        20.2376        0.00000
      32        21.0067        0.00000
      33        21.1845        0.00000
      34        21.8666        0.00000

 121/216 kpoint (Cartesian) = 0.11247 0.056235 0.055642 (7405 pws)
       1       -47.6587      0.0114286
       2       -47.6556      0.0114286
       3       -17.5737      0.0114286
       4       -17.5475      0.0114286
       5       -17.3855      0.0114286
       6       -17.3058      0.0114286
       7       -17.2639      0.0114286
       8       -17.2616      0.0114286
       9       -5.09468      0.0114286
      10       -4.86741      0.0114286
      11       -4.39331      0.0114286
      12       -4.30790      0.0114286
      13        7.03620      0.0114286
      14        7.36253      0.0114286
      15        7.61247      0.0114286
      16        7.81064      0.0114286
      17        8.12766      0.0114286
      18        8.57109      0.0114286
      19        9.79120      0.0114286
      20        10.1436      0.0114286
      21        10.4451      0.0114286
      22        10.5913      0.0114286
      23        10.8568      0.0114286
      24        11.0180      0.0114286
      25        17.1730        0.00000
      26        17.3545        0.00000
      27        17.4567        0.00000
      28        17.6668        0.00000
      29        19.2784        0.00000
      30        19.6740        0.00000
      31        20.3526        0.00000
      32        20.9180        0.00000
      33        21.2690        0.00000
      34        21.6031        0.00000

 122/216 kpoint (Cartesian) = 0.14059 0.056235 0.055642 (7402 pws)
       1       -47.6566      0.0114286
       2       -47.6565      0.0114286
       3       -17.5860      0.0114286
       4       -17.5816      0.0114286
       5       -17.3408      0.0114286
       6       -17.3365      0.0114286
       7       -17.2676      0.0114286
       8       -17.2655      0.0114286
       9       -4.95511      0.0114286
      10       -4.95245      0.0114286
      11       -4.34172      0.0114286
      12       -4.33822      0.0114286
      13        7.12734      0.0114286
      14        7.13008      0.0114286
      15        7.92464      0.0114286
      16        7.93619      0.0114286
      17        8.14650      0.0114286
      18        8.15476      0.0114286
      19        10.1864      0.0114286
      20        10.1935      0.0114286
      21        10.4734      0.0114286
      22        10.4849      0.0114286
      23        10.8319      0.0114286
      24        10.8365      0.0114286
      25        17.2649        0.00000
      26        17.2743        0.00000
      27        17.5094        0.00000
      28        17.5299        0.00000
      29        19.3531        0.00000
      30        19.3836        0.00000
      31        20.6661        0.00000
      32        20.6750        0.00000
      33        21.4233        0.00000
      34        21.4364        0.00000

 123/216 kpoint (Cartesian) = 0.11247 0.056235 -0.055642 (7405 pws)
       1       -47.6587      0.0114286
       2       -47.6556      0.0114286
       3       -17.5726      0.0114286
       4       -17.5484      0.0114286
       5       -17.3860      0.0114286
       6       -17.3061      0.0114286
       7       -17.2639      0.0114286
       8       -17.2609      0.0114286
       9       -5.09309      0.0114286
      10       -4.86945      0.0114286
      11       -4.39174      0.0114286
      12       -4.30909      0.0114286
      13        7.03230      0.0114286
      14        7.36408      0.0114286
      15        7.61475      0.0114286
      16        7.81134      0.0114286
      17        8.13394      0.0114286
      18        8.56711      0.0114286
      19        9.78973      0.0114286
      20        10.1437      0.0114286
      21        10.4403      0.0114286
      22        10.5870      0.0114286
      23        10.8617      0.0114286
      24        11.0202      0.0114286
      25        17.1677        0.00000
      26        17.3545        0.00000
      27        17.4674        0.00000
      28        17.6614        0.00000
      29        19.2743        0.00000
      30        19.6701        0.00000
      31        20.3601        0.00000
      32        20.9127        0.00000
      33        21.2724        0.00000
      34        21.6119        0.00000

 124/216 kpoint (Cartesian) = 0.084352 0.056235 -0.055642 (7396 pws)
       1       -47.6616      0.0114286
       2       -47.6557      0.0114286
       3       -17.5324      0.0114286
       4       -17.4827      0.0114286
       5       -17.4184      0.0114286
       6       -17.2988      0.0114286
       7       -17.2599      0.0114286
       8       -17.2388      0.0114286
       9       -5.31965      0.0114286
      10       -4.80847      0.0114286
      11       -4.46357      0.0114286
      12       -4.26929      0.0114286
      13        7.10559      0.0114286
      14        7.23389      0.0114286
      15        7.40661      0.0114286
      16        7.83492      0.0114286
      17        8.20385      0.0114286
      18        9.02133      0.0114286
      19        9.53857      0.0114286
      20        9.63187      0.0114286
      21        10.2822      0.0114286
      22        10.8251      0.0114286
      23        10.9355      0.0114286
      24        11.2227      0.0114286
      25        17.1276        0.00000
      26        17.2865        0.00000
      27        17.5720        0.00000
      28        17.7471        0.00000
      29        19.4593        0.00000
      30        19.7857        0.00000
      31        20.2425        0.00000
      32        21.0059        0.00000
      33        21.1915        0.00000
      34        21.8777        0.00000

 125/216 kpoint (Cartesian) = -0.056235 0.056235 0.055642 (7410 pws)
       1       -47.6646      0.0114286
       2       -47.6565      0.0114286
       3       -17.5295      0.0114286
       4       -17.4277      0.0114286
       5       -17.3825      0.0114286
       6       -17.2874      0.0114286
       7       -17.2500      0.0114286
       8       -17.2175      0.0114286
       9       -5.58269      0.0114286
      10       -4.79924      0.0114286
      11       -4.53715      0.0114286
      12       -4.18432      0.0114286
      13        6.95571      0.0114286
      14        7.24023      0.0114286
      15        7.28776      0.0114286
      16        7.84105      0.0114286
      17        8.38412      0.0114286
      18        9.03607      0.0114286
      19        9.34647      0.0114286
      20        9.74796      0.0114286
      21        10.1600      0.0114286
      22        10.8501      0.0114286
      23        10.9431      0.0114286
      24        11.3664      0.0114286
      25        17.1354        0.00000
      26        17.1856        0.00000
      27        17.6339        0.00000
      28        17.6507        0.00000
      29        19.4740        0.00000
      30        19.9250        0.00000
      31        20.2514        0.00000
      32        21.1448        0.00000
      33        21.2174        0.00000
      34        21.9857        0.00000

 126/216 kpoint (Cartesian) = -0.028117 0.056235 0.055642 (7403 pws)
       1       -47.6668      0.0114286
       2       -47.6573      0.0114286
       3       -17.5529      0.0114286
       4       -17.3924      0.0114286
       5       -17.3464      0.0114286
       6       -17.2625      0.0114286
       7       -17.2247      0.0114286
       8       -17.2017      0.0114286
       9       -5.78956      0.0114286
      10       -4.86409      0.0114286
      11       -4.54410      0.0114286
      12       -4.10068      0.0114286
      13        6.79218      0.0114286
      14        7.25019      0.0114286
      15        7.30510      0.0114286
      16        7.93436      0.0114286
      17        8.33200      0.0114286
      18        8.51301      0.0114286
      19        9.75976      0.0114286
      20        10.0732      0.0114286
      21        10.2088      0.0114286
      22        10.6875      0.0114286
      23        10.9392      0.0114286
      24        11.3604      0.0114286
      25        16.9899        0.00000
      26        17.1281        0.00000
      27        17.5495        0.00000
      28        17.6520        0.00000
      29        19.3115        0.00000
      30        19.9986        0.00000
      31        20.5073        0.00000
      32        21.1187        0.00000
      33        21.5046        0.00000
      34        22.0080        0.00000

 127/216 kpoint (Cartesian) = 0.0000 0.084352 0.055642 (7412 pws)
       1       -47.6644      0.0114286
       2       -47.6571      0.0114286
       3       -17.5807      0.0114286
       4       -17.4794      0.0114286
       5       -17.3536      0.0114286
       6       -17.2374      0.0114286
       7       -17.2299      0.0114286
       8       -17.1943      0.0114286
       9       -5.60477      0.0114286
      10       -4.97107      0.0114286
      11       -4.40932      0.0114286
      12       -4.16102      0.0114286
      13        6.95484      0.0114286
      14        7.31382      0.0114286
      15        7.55200      0.0114286
      16        8.10173      0.0114286
      17        8.20171      0.0114286
      18        8.85028      0.0114286
      19        9.56579      0.0114286
      20        10.1816      0.0114286
      21        10.2301      0.0114286
      22        10.4208      0.0114286
      23        10.5293      0.0114286
      24        11.1318      0.0114286
      25        16.9033        0.00000
      26        17.2277        0.00000
      27        17.3990        0.00000
      28        17.7145        0.00000
      29        19.2531        0.00000
      30        19.7075        0.00000
      31        20.8783        0.00000
      32        21.2134        0.00000
      33        21.5537        0.00000
      34        22.1235        0.00000

 128/216 kpoint (Cartesian) = 0.028117 0.084352 0.055642 (7413 pws)
       1       -47.6636      0.0114286
       2       -47.6567      0.0114286
       3       -17.5695      0.0114286
       4       -17.4785      0.0114286
       5       -17.3692      0.0114286
       6       -17.2525      0.0114286
       7       -17.2340      0.0114286
       8       -17.2159      0.0114286
       9       -5.52510      0.0114286
      10       -4.91872      0.0114286
      11       -4.42551      0.0114286
      12       -4.19639      0.0114286
      13        7.02648      0.0114286
      14        7.31698      0.0114286
      15        7.47700      0.0114286
      16        7.86569      0.0114286
      17        8.37909      0.0114286
      18        9.09099      0.0114286
      19        9.23121      0.0114286
      20        9.93427      0.0114286
      21        10.2920      0.0114286
      22        10.6247      0.0114286
      23        10.6586      0.0114286
      24        11.1857      0.0114286
      25        16.9805        0.00000
      26        17.2858        0.00000
      27        17.4509        0.00000
      28        17.6739        0.00000
      29        19.3124        0.00000
      30        19.7300        0.00000
      31        20.6677        0.00000
      32        21.1630        0.00000
      33        21.5351        0.00000
      34        21.8637        0.00000

 129/216 kpoint (Cartesian) = 0.056235 0.084352 0.055642 (7396 pws)
       1       -47.6616      0.0114286
       2       -47.6557      0.0114286
       3       -17.5386      0.0114286
       4       -17.4826      0.0114286
       5       -17.4194      0.0114286
       6       -17.2938      0.0114286
       7       -17.2593      0.0114286
       8       -17.2393      0.0114286
       9       -5.31216      0.0114286
      10       -4.79787      0.0114286
      11       -4.45726      0.0114286
      12       -4.28630      0.0114286
      13        7.12072      0.0114286
      14        7.23594      0.0114286
      15        7.39453      0.0114286
      16        7.84635      0.0114286
      17        8.20581      0.0114286
      18        8.99076      0.0114286
      19        9.53732      0.0114286
      20        9.63945      0.0114286
      21        10.2873      0.0114286
      22        10.7961      0.0114286
      23        10.9484      0.0114286
      24        11.2317      0.0114286
      25        17.1135        0.00000
      26        17.2984        0.00000
      27        17.5883        0.00000
      28        17.7268        0.00000
      29        19.4529        0.00000
      30        19.7794        0.00000
      31        20.2423        0.00000
      32        21.0086        0.00000
      33        21.1820        0.00000
      34        21.8534        0.00000

 130/216 kpoint (Cartesian) = 0.084352 0.084352 0.055642 (7393 pws)
       1       -47.6589      0.0114286
       2       -47.6546      0.0114286
       3       -17.5197      0.0114286
       4       -17.4906      0.0114286
       5       -17.4849      0.0114286
       6       -17.3403      0.0114286
       7       -17.2741      0.0114286
       8       -17.2593      0.0114286
       9       -5.03996      0.0114286
      10       -4.70820      0.0114286
      11       -4.46213      0.0114286
      12       -4.37751      0.0114286
      13        6.81262      0.0114286
      14        7.28920      0.0114286
      15        7.53479      0.0114286
      16        7.74888      0.0114286
      17        8.09918      0.0114286
      18        8.99400      0.0114286
      19        9.34342      0.0114286
      20        10.2112      0.0114286
      21        10.2944      0.0114286
      22        10.8082      0.0114286
      23        11.1353      0.0114286
      24        11.1950      0.0114286
      25        17.1353        0.00000
      26        17.3464        0.00000
      27        17.6809        0.00000
      28        17.8395        0.00000
      29        19.5309        0.00000
      30        19.7021        0.00000
      31        20.0150        0.00000
      32        20.5884        0.00000
      33        21.0684        0.00000
      34        21.6188        0.00000

 131/216 kpoint (Cartesian) = 0.11247 0.084352 0.055642 (7394 pws)
       1       -47.6563      0.0114286
       2       -47.6541      0.0114286
       3       -17.5627      0.0114286
       4       -17.5502      0.0114286
       5       -17.4372      0.0114286
       6       -17.3626      0.0114286
       7       -17.2828      0.0114286
       8       -17.2797      0.0114286
       9       -4.82236      0.0114286
      10       -4.70029      0.0114286
      11       -4.46736      0.0114286
      12       -4.37921      0.0114286
      13        6.62617      0.0114286
      14        6.92975      0.0114286
      15        7.77866      0.0114286
      16        7.85157      0.0114286
      17        8.26436      0.0114286
      18        8.61398      0.0114286
      19        9.73188      0.0114286
      20        10.3497      0.0114286
      21        10.6073      0.0114286
      22        10.6962      0.0114286
      23        10.9927      0.0114286
      24        11.2372      0.0114286
      25        17.1885        0.00000
      26        17.4983        0.00000
      27        17.5625        0.00000
      28        17.8560        0.00000
      29        19.3286        0.00000
      30        19.7267        0.00000
      31        19.8627        0.00000
      32        20.3095        0.00000
      33        21.0978        0.00000
      34        21.3749        0.00000

 132/216 kpoint (Cartesian) = 0.14059 0.084352 0.055642 (7376 pws)
       1       -47.6547      0.0114286
       2       -47.6546      0.0114286
       3       -17.5809      0.0114286
       4       -17.5763      0.0114286
       5       -17.3939      0.0114286
       6       -17.3891      0.0114286
       7       -17.2882      0.0114286
       8       -17.2867      0.0114286
       9       -4.73488      0.0114286
      10       -4.73277      0.0114286
      11       -4.40997      0.0114286
      12       -4.40717      0.0114286
      13        6.65918      0.0114286
      14        6.66141      0.0114286
      15        7.95536      0.0114286
      16        7.96418      0.0114286
      17        8.33619      0.0114286
      18        8.34625      0.0114286
      19        10.1966      0.0114286
      20        10.2042      0.0114286
      21        10.5966      0.0114286
      22        10.6111      0.0114286
      23        11.1128      0.0114286
      24        11.1199      0.0114286
      25        17.3408        0.00000
      26        17.3515        0.00000
      27        17.7073        0.00000
      28        17.7210        0.00000
      29        19.3740        0.00000
      30        19.4067        0.00000
      31        20.0767        0.00000
      32        20.0944        0.00000
      33        21.2114        0.00000
      34        21.2226        0.00000

 133/216 kpoint (Cartesian) = 0.11247 0.084352 -0.055642 (7394 pws)
       1       -47.6563      0.0114286
       2       -47.6541      0.0114286
       3       -17.5630      0.0114286
       4       -17.5500      0.0114286
       5       -17.4369      0.0114286
       6       -17.3630      0.0114286
       7       -17.2837      0.0114286
       8       -17.2787      0.0114286
       9       -4.82119      0.0114286
      10       -4.70220      0.0114286
      11       -4.46536      0.0114286
      12       -4.38052      0.0114286
      13        6.62354      0.0114286
      14        6.93118      0.0114286
      15        7.78506      0.0114286
      16        7.84785      0.0114286
      17        8.26806      0.0114286
      18        8.61363      0.0114286
      19        9.72760      0.0114286
      20        10.3449      0.0114286
      21        10.6063      0.0114286
      22        10.6976      0.0114286
      23        10.9931      0.0114286
      24        11.2400      0.0114286
      25        17.1835        0.00000
      26        17.5014        0.00000
      27        17.5666        0.00000
      28        17.8536        0.00000
      29        19.3279        0.00000
      30        19.7307        0.00000
      31        19.8577        0.00000
      32        20.3089        0.00000
      33        21.0971        0.00000
      34        21.3789        0.00000

 134/216 kpoint (Cartesian) = 0.084352 0.084352 -0.055642 (7393 pws)
       1       -47.6589      0.0114286
       2       -47.6546      0.0114286
       3       -17.5204      0.0114286
       4       -17.4908      0.0114286
       5       -17.4836      0.0114286
       6       -17.3407      0.0114286
       7       -17.2748      0.0114286
       8       -17.2584      0.0114286
       9       -5.03905      0.0114286
      10       -4.70974      0.0114286
      11       -4.46220      0.0114286
      12       -4.37688      0.0114286
      13        6.80901      0.0114286
      14        7.29092      0.0114286
      15        7.53549      0.0114286
      16        7.75304      0.0114286
      17        8.10346      0.0114286
      18        8.99482      0.0114286
      19        9.33730      0.0114286
      20        10.2104      0.0114286
      21        10.2882      0.0114286
      22        10.8043      0.0114286
      23        11.1422      0.0114286
      24        11.1963      0.0114286
      25        17.1313        0.00000
      26        17.3488        0.00000
      27        17.6829        0.00000
      28        17.8379        0.00000
      29        19.5330        0.00000
      30        19.6949        0.00000
      31        20.0192        0.00000
      32        20.5864        0.00000
      33        21.0707        0.00000
      34        21.6211        0.00000

 135/216 kpoint (Cartesian) = -0.056235 0.084352 0.055642 (7396 pws)
       1       -47.6616      0.0114286
       2       -47.6557      0.0114286
       3       -17.5386      0.0114286
       4       -17.4831      0.0114286
       5       -17.4183      0.0114286
       6       -17.2949      0.0114286
       7       -17.2598      0.0114286
       8       -17.2382      0.0114286
       9       -5.31145      0.0114286
      10       -4.79921      0.0114286
      11       -4.45726      0.0114286
      12       -4.28572      0.0114286
      13        7.11642      0.0114286
      14        7.23554      0.0114286
      15        7.39839      0.0114286
      16        7.85282      0.0114286
      17        8.20736      0.0114286
      18        8.98700      0.0114286
      19        9.53516      0.0114286
      20        9.63778      0.0114286
      21        10.2839      0.0114286
      22        10.7912      0.0114286
      23        10.9513      0.0114286
      24        11.2370      0.0114286
      25        17.1087        0.00000
      26        17.3038        0.00000
      27        17.5874        0.00000
      28        17.7251        0.00000
      29        19.4508        0.00000
      30        19.7807        0.00000
      31        20.2445        0.00000
      32        21.0026        0.00000
      33        21.1896        0.00000
      34        21.8519        0.00000

 136/216 kpoint (Cartesian) = -0.028117 0.084352 0.055642 (7413 pws)
       1       -47.6636      0.0114286
       2       -47.6567      0.0114286
       3       -17.5695      0.0114286
       4       -17.4788      0.0114286
       5       -17.3685      0.0114286
       6       -17.2535      0.0114286
       7       -17.2348      0.0114286
       8       -17.2144      0.0114286
       9       -5.52471      0.0114286
      10       -4.91945      0.0114286
      11       -4.42544      0.0114286
      12       -4.19615      0.0114286
      13        7.02699      0.0114286
      14        7.31316      0.0114286
      15        7.48039      0.0114286
      16        7.86949      0.0114286
      17        8.37925      0.0114286
      18        9.08827      0.0114286
      19        9.22897      0.0114286
      20        9.93442      0.0114286
      21        10.2912      0.0114286
      22        10.6210      0.0114286
      23        10.6602      0.0114286
      24        11.1892      0.0114286
      25        16.9775        0.00000
      26        17.2934        0.00000
      27        17.4446        0.00000
      28        17.6739        0.00000
      29        19.3116        0.00000
      30        19.7317        0.00000
      31        20.6695        0.00000
      32        21.1617        0.00000
      33        21.5325        0.00000
      34        21.8670        0.00000

 137/216 kpoint (Cartesian) = 0.0000 0.11247 0.055642 (7410 pws)
       1       -47.6611      0.0114286
       2       -47.6573      0.0114286
       3       -17.6096      0.0114286
       4       -17.5642      0.0114286
       5       -17.3299      0.0114286
       6       -17.2560      0.0114286
       7       -17.2237      0.0114286
       8       -17.2009      0.0114286
       9       -5.36302      0.0114286
      10       -5.06603      0.0114286
      11       -4.31140      0.0114286
      12       -4.22289      0.0114286
      13        7.21871      0.0114286
      14        7.35460      0.0114286
      15        7.82166      0.0114286
      16        8.17758      0.0114286
      17        8.20904      0.0114286
      18        9.06372      0.0114286
      19        9.37368      0.0114286
      20        9.93640      0.0114286
      21        10.0377      0.0114286
      22        10.1109      0.0114286
      23        10.7021      0.0114286
      24        11.0391      0.0114286
      25        16.8591        0.00000
      26        17.1429        0.00000
      27        17.3750        0.00000
      28        17.6693        0.00000
      29        19.1577        0.00000
      30        19.5523        0.00000
      31        21.0729        0.00000
      32        21.4423        0.00000
      33        21.4597        0.00000
      34        21.9553        0.00000

 138/216 kpoint (Cartesian) = 0.028117 0.11247 0.055642 (7415 pws)
       1       -47.6604      0.0114286
       2       -47.6568      0.0114286
       3       -17.6009      0.0114286
       4       -17.5603      0.0114286
       5       -17.3424      0.0114286
       6       -17.2629      0.0114286
       7       -17.2383      0.0114286
       8       -17.2237      0.0114286
       9       -5.28443      0.0114286
      10       -5.00422      0.0114286
      11       -4.33239      0.0114286
      12       -4.25647      0.0114286
      13        7.26659      0.0114286
      14        7.38167      0.0114286
      15        7.72914      0.0114286
      16        7.85390      0.0114286
      17        8.35949      0.0114286
      18        8.73659      0.0114286
      19        9.60406      0.0114286
      20        9.86983      0.0114286
      21        10.2574      0.0114286
      22        10.3295      0.0114286
      23        10.6937      0.0114286
      24        11.0417      0.0114286
      25        16.9662        0.00000
      26        17.2298        0.00000
      27        17.4043        0.00000
      28        17.6116        0.00000
      29        19.1889        0.00000
      30        19.5827        0.00000
      31        20.8548        0.00000
      32        21.2594        0.00000
      33        21.5625        0.00000
      34        21.7138        0.00000

 139/216 kpoint (Cartesian) = 0.056235 0.11247 0.055642 (7405 pws)
       1       -47.6586      0.0114286
       2       -47.6555      0.0114286
       3       -17.5796      0.0114286
       4       -17.5528      0.0114286
       5       -17.3847      0.0114286
       6       -17.3021      0.0114286
       7       -17.2637      0.0114286
       8       -17.2586      0.0114286
       9       -5.07425      0.0114286
      10       -4.85068      0.0114286
      11       -4.38053      0.0114286
      12       -4.34487      0.0114286
      13        7.04734      0.0114286
      14        7.37066      0.0114286
      15        7.60770      0.0114286
      16        7.83669      0.0114286
      17        8.13252      0.0114286
      18        8.54570      0.0114286
      19        9.75991      0.0114286
      20        10.1493      0.0114286
      21        10.4442      0.0114286
      22        10.5276      0.0114286
      23        10.8991      0.0114286
      24        11.0300      0.0114286
      25        17.1547        0.00000
      26        17.3569        0.00000
      27        17.4780        0.00000
      28        17.6461        0.00000
      29        19.2549        0.00000
      30        19.6534        0.00000
      31        20.3629        0.00000
      32        20.9220        0.00000
      33        21.2638        0.00000
      34        21.5985        0.00000

 140/216 kpoint (Cartesian) = 0.084352 0.11247 0.055642 (7394 pws)
       1       -47.6563      0.0114286
       2       -47.6541      0.0114286
       3       -17.5673      0.0114286
       4       -17.5529      0.0114286
       5       -17.4349      0.0114286
       6       -17.3599      0.0114286
       7       -17.2831      0.0114286
       8       -17.2786      0.0114286
       9       -4.80205      0.0114286
      10       -4.69630      0.0114286
      11       -4.45706      0.0114286
      12       -4.40813      0.0114286
      13        6.62890      0.0114286
      14        6.93261      0.0114286
      15        7.77556      0.0114286
      16        7.85045      0.0114286
      17        8.27987      0.0114286
      18        8.62009      0.0114286
      19        9.71089      0.0114286
      20        10.3492      0.0114286
      21        10.6082      0.0114286
      22        10.6554      0.0114286
      23        11.0152      0.0114286
      24        11.2446      0.0114286
      25        17.1880        0.00000
      26        17.4980        0.00000
      27        17.5674        0.00000
      28        17.8435        0.00000
      29        19.3103        0.00000
      30        19.7099        0.00000
      31        19.8747        0.00000
      32        20.3259        0.00000
      33        21.0906        0.00000
      34        21.3730        0.00000

 141/216 kpoint (Cartesian) = 0.11247 0.11247 0.055642 (7394 pws)
       1       -47.6543      0.0114286
       2       -47.6531      0.0114286
       3       -17.5856      0.0114286
       4       -17.5756      0.0114286
       5       -17.4367      0.0114286
       6       -17.3904      0.0114286
       7       -17.2980      0.0114286
       8       -17.2964      0.0114286
       9       -4.64552      0.0114286
      10       -4.55702      0.0114286
      11       -4.54456      0.0114286
      12       -4.37842      0.0114286
      13        6.33878      0.0114286
      14        6.50502      0.0114286
      15        7.80841      0.0114286
      16        7.95688      0.0114286
      17        8.57416      0.0114286
      18        8.76328      0.0114286
      19        9.83432      0.0114286
      20        10.2987      0.0114286
      21        10.6003      0.0114286
      22        10.6166      0.0114286
      23        11.2239      0.0114286
      24        11.4252      0.0114286
      25        17.2609        0.00000
      26        17.5478        0.00000
      27        17.7037        0.00000
      28        17.9418        0.00000
      29        19.2539        0.00000
      30        19.6082        0.00000
      31        19.7066        0.00000
      32        19.7341        0.00000
      33        21.0280        0.00000
      34        21.1778        0.00000

 142/216 kpoint (Cartesian) = 0.14059 0.11247 0.055642 (7392 pws)
       1       -47.6531      0.0114286
       2       -47.6531      0.0114286
       3       -17.5980      0.0114286
       4       -17.5931      0.0114286
       5       -17.4136      0.0114286
       6       -17.4083      0.0114286
       7       -17.3052      0.0114286
       8       -17.3043      0.0114286
       9       -4.61974      0.0114286
      10       -4.61538      0.0114286
      11       -4.39976      0.0114286
      12       -4.39806      0.0114286
      13        6.28751      0.0114286
      14        6.28895      0.0114286
      15        7.90421      0.0114286
      16        7.90934      0.0114286
      17        8.75376      0.0114286
      18        8.76173      0.0114286
      19        10.1663      0.0114286
      20        10.1728      0.0114286
      21        10.4888      0.0114286
      22        10.4994      0.0114286
      23        11.4055      0.0114286
      24        11.4096      0.0114286
      25        17.4205        0.00000
      26        17.4266        0.00000
      27        17.8780        0.00000
      28        17.8845        0.00000
      29        19.3079        0.00000
      30        19.3297        0.00000
      31        19.6040        0.00000
      32        19.6407        0.00000
      33        21.0669        0.00000
      34        21.0733        0.00000

 143/216 kpoint (Cartesian) = 0.11247 0.11247 -0.055642 (7394 pws)
       1       -47.6543      0.0114286
       2       -47.6531      0.0114286
       3       -17.5859      0.0114286
       4       -17.5758      0.0114286
       5       -17.4358      0.0114286
       6       -17.3905      0.0114286
       7       -17.2983      0.0114286
       8       -17.2966      0.0114286
       9       -4.64646      0.0114286
      10       -4.55672      0.0114286
      11       -4.54381      0.0114286
      12       -4.37857      0.0114286
      13        6.33751      0.0114286
      14        6.50596      0.0114286
      15        7.81180      0.0114286
      16        7.95512      0.0114286
      17        8.57634      0.0114286
      18        8.76494      0.0114286
      19        9.83012      0.0114286
      20        10.2932      0.0114286
      21        10.6042      0.0114286
      22        10.6141      0.0114286
      23        11.2233      0.0114286
      24        11.4277      0.0114286
      25        17.2605        0.00000
      26        17.5495        0.00000
      27        17.7049        0.00000
      28        17.9406        0.00000
      29        19.2554        0.00000
      30        19.6079        0.00000
      31        19.7070        0.00000
      32        19.7294        0.00000
      33        21.0285        0.00000
      34        21.1790        0.00000

 144/216 kpoint (Cartesian) = 0.084352 0.11247 -0.055642 (7394 pws)
       1       -47.6563      0.0114286
       2       -47.6541      0.0114286
       3       -17.5677      0.0114286
       4       -17.5534      0.0114286
       5       -17.4336      0.0114286
       6       -17.3597      0.0114286
       7       -17.2838      0.0114286
       8       -17.2786      0.0114286
       9       -4.80168      0.0114286
      10       -4.69733      0.0114286
      11       -4.45681      0.0114286
      12       -4.40778      0.0114286
      13        6.62727      0.0114286
      14        6.93376      0.0114286
      15        7.77675      0.0114286
      16        7.85202      0.0114286
      17        8.28363      0.0114286
      18        8.62051      0.0114286
      19        9.70668      0.0114286
      20        10.3431      0.0114286
      21        10.6092      0.0114286
      22        10.6477      0.0114286
      23        11.0211      0.0114286
      24        11.2477      0.0114286
      25        17.1883        0.00000
      26        17.4991        0.00000
      27        17.5690        0.00000
      28        17.8413        0.00000
      29        19.3094        0.00000
      30        19.7130        0.00000
      31        19.8728        0.00000
      32        20.3220        0.00000
      33        21.0923        0.00000
      34        21.3739        0.00000

 145/216 kpoint (Cartesian) = -0.056235 0.11247 0.055642 (7405 pws)
       1       -47.6586      0.0114286
       2       -47.6555      0.0114286
       3       -17.5799      0.0114286
       4       -17.5531      0.0114286
       5       -17.3834      0.0114286
       6       -17.3019      0.0114286
       7       -17.2644      0.0114286
       8       -17.2587      0.0114286
       9       -5.07389      0.0114286
      10       -4.85155      0.0114286
      11       -4.38015      0.0114286
      12       -4.34479      0.0114286
      13        7.04552      0.0114286
      14        7.37302      0.0114286
      15        7.60309      0.0114286
      16        7.84579      0.0114286
      17        8.13399      0.0114286
      18        8.54437      0.0114286
      19        9.75678      0.0114286
      20        10.1463      0.0114286
      21        10.4380      0.0114286
      22        10.5240      0.0114286
      23        10.9033      0.0114286
      24        11.0353      0.0114286
      25        17.1552        0.00000
      26        17.3566        0.00000
      27        17.4818        0.00000
      28        17.6414        0.00000
      29        19.2539        0.00000
      30        19.6559        0.00000
      31        20.3643        0.00000
      32        20.9170        0.00000
      33        21.2671        0.00000
      34        21.5980        0.00000

 146/216 kpoint (Cartesian) = -0.028117 0.11247 0.055642 (7415 pws)
       1       -47.6604      0.0114286
       2       -47.6568      0.0114286
       3       -17.6010      0.0114286
       4       -17.5604      0.0114286
       5       -17.3417      0.0114286
       6       -17.2627      0.0114286
       7       -17.2390      0.0114286
       8       -17.2236      0.0114286
       9       -5.28423      0.0114286
      10       -5.00465      0.0114286
      11       -4.33221      0.0114286
      12       -4.25643      0.0114286
      13        7.26698      0.0114286
      14        7.37966      0.0114286
      15        7.73080      0.0114286
      16        7.85628      0.0114286
      17        8.36304      0.0114286
      18        8.73351      0.0114286
      19        9.60018      0.0114286
      20        9.87059      0.0114286
      21        10.2541      0.0114286
      22        10.3279      0.0114286
      23        10.6957      0.0114286
      24        11.0443      0.0114286
      25        16.9665        0.00000
      26        17.2299        0.00000
      27        17.4050        0.00000
      28        17.6094        0.00000
      29        19.1891        0.00000
      30        19.5843        0.00000
      31        20.8580        0.00000
      32        21.2573        0.00000
      33        21.5583        0.00000
      34        21.7156        0.00000

 147/216 kpoint (Cartesian) = 0.0000 0.14059 0.055642 (7404 pws)
       1       -47.6587     0.00571429
       2       -47.6586     0.00571429
       3       -17.6121     0.00571429
       4       -17.6082     0.00571429
       5       -17.2922     0.00571429
       6       -17.2908     0.00571429
       7       -17.2123     0.00571429
       8       -17.2097     0.00571429
       9       -5.18904     0.00571429
      10       -5.18633     0.00571429
      11       -4.26022     0.00571429
      12       -4.25808     0.00571429
      13        7.34079     0.00571429
      14        7.35031     0.00571429
      15        8.05340     0.00571429
      16        8.05589     0.00571429
      17        8.56371     0.00571429
      18        8.56910     0.00571429
      19        9.78447     0.00571429
      20        9.80222     0.00571429
      21        9.85749     0.00571429
      22        9.86796     0.00571429
      23        10.9148     0.00571429
      24        10.9172     0.00571429
      25        16.9101        0.00000
      26        16.9261        0.00000
      27        17.5228        0.00000
      28        17.5438        0.00000
      29        19.2886        0.00000
      30        19.3122        0.00000
      31        21.3059        0.00000
      32        21.3207        0.00000
      33        21.7080        0.00000
      34        21.7177        0.00000

 148/216 kpoint (Cartesian) = 0.028117 0.14059 0.055642 (7402 pws)
       1       -47.6581     0.00571429
       2       -47.6580     0.00571429
       3       -17.6060     0.00571429
       4       -17.6019     0.00571429
       5       -17.3008     0.00571429
       6       -17.2999     0.00571429
       7       -17.2319     0.00571429
       8       -17.2286     0.00571429
       9       -5.11718     0.00571429
      10       -5.11498     0.00571429
      11       -4.28748     0.00571429
      12       -4.28602     0.00571429
      13        7.36634     0.00571429
      14        7.37261     0.00571429
      15        7.92493     0.00571429
      16        7.93205     0.00571429
      17        8.38011     0.00571429
      18        8.38429     0.00571429
      19        9.93470     0.00571429
      20        9.94571     0.00571429
      21        10.0759     0.00571429
      22        10.0761     0.00571429
      23        10.8835     0.00571429
      24        10.8858     0.00571429
      25        17.0280        0.00000
      26        17.0409        0.00000
      27        17.4981        0.00000
      28        17.5191        0.00000
      29        19.3012        0.00000
      30        19.3282        0.00000
      31        21.1446        0.00000
      32        21.1519        0.00000
      33        21.6046        0.00000
      34        21.6078        0.00000

 149/216 kpoint (Cartesian) = 0.056235 0.14059 0.055642 (7402 pws)
       1       -47.6565     0.00571429
       2       -47.6565     0.00571429
       3       -17.5923     0.00571429
       4       -17.5877     0.00571429
       5       -17.3376     0.00571429
       6       -17.3364     0.00571429
       7       -17.2657     0.00571429
       8       -17.2625     0.00571429
       9       -4.93005     0.00571429
      10       -4.92931     0.00571429
      11       -4.35657     0.00571429
      12       -4.35647     0.00571429
      13        7.13941     0.00571429
      14        7.14212     0.00571429
      15        7.94694     0.00571429
      16        7.95566     0.00571429
      17        8.13287     0.00571429
      18        8.13325     0.00571429
      19        10.1385     0.00571429
      20        10.1494     0.00571429
      21        10.4726     0.00571429
      22        10.4729     0.00571429
      23        10.8589     0.00571429
      24        10.8646     0.00571429
      25        17.2620        0.00000
      26        17.2627        0.00000
      27        17.5056        0.00000
      28        17.5291        0.00000
      29        19.3272        0.00000
      30        19.3592        0.00000
      31        20.6793        0.00000
      32        20.6847        0.00000
      33        21.4188        0.00000
      34        21.4240        0.00000

 150/216 kpoint (Cartesian) = 0.084352 0.14059 0.055642 (7376 pws)
       1       -47.6547     0.00571429
       2       -47.6546     0.00571429
       3       -17.5856     0.00571429
       4       -17.5806     0.00571429
       5       -17.3900     0.00571429
       6       -17.3875     0.00571429
       7       -17.2879     0.00571429
       8       -17.2857     0.00571429
       9       -4.71157     0.00571429
      10       -4.71015     0.00571429
      11       -4.42840     0.00571429
      12       -4.42685     0.00571429
      13        6.66321     0.00571429
      14        6.66568     0.00571429
      15        7.94663     0.00571429
      16        7.94923     0.00571429
      17        8.36036     0.00571429
      18        8.37015     0.00571429
      19        10.1738     0.00571429
      20        10.1806     0.00571429
      21        10.5855     0.00571429
      22        10.5913     0.00571429
      23        11.1307     0.00571429
      24        11.1345     0.00571429
      25        17.3507        0.00000
      26        17.3527        0.00000
      27        17.6954        0.00000
      28        17.7095        0.00000
      29        19.3506        0.00000
      30        19.3840        0.00000
      31        20.0974        0.00000
      32        20.1143        0.00000
      33        21.2067        0.00000
      34        21.2130        0.00000

 151/216 kpoint (Cartesian) = 0.11247 0.14059 0.055642 (7392 pws)
       1       -47.6531     0.00571429
       2       -47.6531     0.00571429
       3       -17.5995     0.00571429
       4       -17.5943     0.00571429
       5       -17.4121     0.00571429
       6       -17.4081     0.00571429
       7       -17.3051     0.00571429
       8       -17.3040     0.00571429
       9       -4.61064     0.00571429
      10       -4.60643     0.00571429
      11       -4.40765     0.00571429
      12       -4.40610     0.00571429
      13        6.28837     0.00571429
      14        6.28999     0.00571429
      15        7.90211     0.00571429
      16        7.90387     0.00571429
      17        8.76563     0.00571429
      18        8.77186     0.00571429
      19        10.1614     0.00571429
      20        10.1645     0.00571429
      21        10.4818     0.00571429
      22        10.4911     0.00571429
      23        11.4115     0.00571429
      24        11.4121     0.00571429
      25        17.4250        0.00000
      26        17.4256        0.00000
      27        17.8759        0.00000
      28        17.8788        0.00000
      29        19.2910        0.00000
      30        19.3136        0.00000
      31        19.6224        0.00000
      32        19.6570        0.00000
      33        21.0658        0.00000
      34        21.0690        0.00000

 152/216 kpoint (Cartesian) = 0.14059 0.14059 0.055642 (7404 pws)
       1       -47.6525     0.00571429
       2       -47.6525     0.00571429
       3       -17.6109     0.00571429
       4       -17.6059     0.00571429
       5       -17.4126     0.00571429
       6       -17.4071     0.00571429
       7       -17.3131     0.00571429
       8       -17.3130     0.00571429
       9       -4.61333     0.00571429
      10       -4.60816     0.00571429
      11       -4.35744     0.00571429
      12       -4.35581     0.00571429
      13        6.15065     0.00571429
      14        6.15119     0.00571429
      15        7.89638     0.00571429
      16        7.89658     0.00571429
      17        8.94415     0.00571429
      18        8.94963     0.00571429
      19        10.2777     0.00571429
      20        10.2901     0.00571429
      21        10.2959     0.00571429
      22        10.2970     0.00571429
      23        11.5001     0.00571429
      24        11.5024     0.00571429
      25        17.4779        0.00000
      26        17.4800        0.00000
      27        17.9546        0.00000
      28        17.9564        0.00000
      29        19.1678        0.00000
      30        19.1818        0.00000
      31        19.4836        0.00000
      32        19.5285        0.00000
      33        21.0281        0.00000
      34        21.0285        0.00000

 153/216 kpoint (Cartesian) = 0.11247 0.14059 -0.055642 (7392 pws)
       1       -47.6531     0.00571429
       2       -47.6531     0.00571429
       3       -17.5994     0.00571429
       4       -17.5948     0.00571429
       5       -17.4124     0.00571429
       6       -17.4066     0.00571429
       7       -17.3049     0.00571429
       8       -17.3049     0.00571429
       9       -4.61131     0.00571429
      10       -4.60640     0.00571429
      11       -4.40698     0.00571429
      12       -4.40615     0.00571429
      13        6.28889     0.00571429
      14        6.28941     0.00571429
      15        7.90281     0.00571429
      16        7.90522     0.00571429
      17        8.76540     0.00571429
      18        8.77409     0.00571429
      19        10.1579     0.00571429
      20        10.1628     0.00571429
      21        10.4780     0.00571429
      22        10.4925     0.00571429
      23        11.4122     0.00571429
      24        11.4138     0.00571429
      25        17.4261        0.00000
      26        17.4281        0.00000
      27        17.8769        0.00000
      28        17.8773        0.00000
      29        19.2904        0.00000
      30        19.3114        0.00000
      31        19.6213        0.00000
      32        19.6561        0.00000
      33        21.0678        0.00000
      34        21.0686        0.00000

 154/216 kpoint (Cartesian) = 0.084352 0.14059 -0.055642 (7376 pws)
       1       -47.6547     0.00571429
       2       -47.6546     0.00571429
       3       -17.5856     0.00571429
       4       -17.5814     0.00571429
       5       -17.3903     0.00571429
       6       -17.3851     0.00571429
       7       -17.2876     0.00571429
       8       -17.2872     0.00571429
       9       -4.71234     0.00571429
      10       -4.71017     0.00571429
      11       -4.42764     0.00571429
      12       -4.42688     0.00571429
      13        6.66379     0.00571429
      14        6.66517     0.00571429
      15        7.94579     0.00571429
      16        7.95213     0.00571429
      17        8.36233     0.00571429
      18        8.37149     0.00571429
      19        10.1716     0.00571429
      20        10.1762     0.00571429
      21        10.5748     0.00571429
      22        10.5939     0.00571429
      23        11.1357     0.00571429
      24        11.1368     0.00571429
      25        17.3520        0.00000
      26        17.3566        0.00000
      27        17.6992        0.00000
      28        17.7030        0.00000
      29        19.3515        0.00000
      30        19.3826        0.00000
      31        20.0959        0.00000
      32        20.1116        0.00000
      33        21.2108        0.00000
      34        21.2114        0.00000

 155/216 kpoint (Cartesian) = -0.056235 0.14059 0.055642 (7402 pws)
       1       -47.6565     0.00571429
       2       -47.6565     0.00571429
       3       -17.5922     0.00571429
       4       -17.5883     0.00571429
       5       -17.3379     0.00571429
       6       -17.3338     0.00571429
       7       -17.2654     0.00571429
       8       -17.2645     0.00571429
       9       -4.93008     0.00571429
      10       -4.92969     0.00571429
      11       -4.35647     0.00571429
      12       -4.35620     0.00571429
      13        7.14113     0.00571429
      14        7.14127     0.00571429
      15        7.94397     0.00571429
      16        7.95476     0.00571429
      17        8.13532     0.00571429
      18        8.13897     0.00571429
      19        10.1365     0.00571429
      20        10.1449     0.00571429
      21        10.4600     0.00571429
      22        10.4734     0.00571429
      23        10.8676     0.00571429
      24        10.8679     0.00571429
      25        17.2594        0.00000
      26        17.2709        0.00000
      27        17.5105        0.00000
      28        17.5189        0.00000
      29        19.3294        0.00000
      30        19.3585        0.00000
      31        20.6792        0.00000
      32        20.6823        0.00000
      33        21.4214        0.00000
      34        21.4227        0.00000

 156/216 kpoint (Cartesian) = -0.028117 0.14059 0.055642 (7402 pws)
       1       -47.6581     0.00571429
       2       -47.6580     0.00571429
       3       -17.6060     0.00571429
       4       -17.6022     0.00571429
       5       -17.3010     0.00571429
       6       -17.2986     0.00571429
       7       -17.2318     0.00571429
       8       -17.2297     0.00571429
       9       -5.11721     0.00571429
      10       -5.11514     0.00571429
      11       -4.28748     0.00571429
      12       -4.28586     0.00571429
      13        7.36548     0.00571429
      14        7.37442     0.00571429
      15        7.92814     0.00571429
      16        7.92878     0.00571429
      17        8.38212     0.00571429
      18        8.38492     0.00571429
      19        9.92742     0.00571429
      20        9.94454     0.00571429
      21        10.0744     0.00571429
      22        10.0783     0.00571429
      23        10.8852     0.00571429
      24        10.8876     0.00571429
      25        17.0278        0.00000
      26        17.0427        0.00000
      27        17.4991        0.00000
      28        17.5154        0.00000
      29        19.3033        0.00000
      30        19.3281        0.00000
      31        21.1448        0.00000
      32        21.1531        0.00000
      33        21.6038        0.00000
      34        21.6063        0.00000

 157/216 kpoint (Cartesian) = 0.0000 0.0000 0.083463 (7379 pws)
       1       -47.6670     0.00571429
       2       -47.6625     0.00571429
       3       -17.4861     0.00571429
       4       -17.3863     0.00571429
       5       -17.2437     0.00571429
       6       -17.2381     0.00571429
       7       -17.2161     0.00571429
       8       -17.2118     0.00571429
       9       -5.77184     0.00571429
      10       -5.32406     0.00571429
      11       -4.43405     0.00571429
      12       -4.17639     0.00571429
      13        7.31299     0.00571429
      14        7.35506     0.00571429
      15        7.63941     0.00571429
      16        7.78193     0.00571429
      17        7.82097     0.00571429
      18        8.35155     0.00571429
      19        8.68440     0.00571429
      20        9.36559     0.00571429
      21        10.8877     0.00571429
      22        10.9393     0.00571429
      23        11.5396     0.00571429
      24        11.6159     0.00571429
      25        16.9608        0.00000
      26        17.1418        0.00000
      27        17.3107        0.00000
      28        17.4583        0.00000
      29        19.7194        0.00000
      30        20.7385        0.00000
      31        21.1627        0.00000
      32        21.1749        0.00000
      33        21.3830        0.00000
      34        21.8083        0.00000

 158/216 kpoint (Cartesian) = 0.028117 0.0000 0.083463 (7385 pws)
       1       -47.6663     0.00571429
       2       -47.6621     0.00571429
       3       -17.4918     0.00571429
       4       -17.4021     0.00571429
       5       -17.2545     0.00571429
       6       -17.2417     0.00571429
       7       -17.2201     0.00571429
       8       -17.2155     0.00571429
       9       -5.71761     0.00571429
      10       -5.29167     0.00571429
      11       -4.43305     0.00571429
      12       -4.18986     0.00571429
      13        7.27234     0.00571429
      14        7.35204     0.00571429
      15        7.53188     0.00571429
      16        7.83381     0.00571429
      17        7.98073     0.00571429
      18        8.49399     0.00571429
      19        8.80198     0.00571429
      20        9.43640     0.00571429
      21        10.7759     0.00571429
      22        10.8163     0.00571429
      23        11.4319     0.00571429
      24        11.4512     0.00571429
      25        17.0090        0.00000
      26        17.1698        0.00000
      27        17.3612        0.00000
      28        17.4862        0.00000
      29        19.6484        0.00000
      30        20.3012        0.00000
      31        21.1557        0.00000
      32        21.2451        0.00000
      33        21.5515        0.00000
      34        21.8711        0.00000

 159/216 kpoint (Cartesian) = 0.056235 0.0000 0.083463 (7394 pws)
       1       -47.6645     0.00571429
       2       -47.6609     0.00571429
       3       -17.5207     0.00571429
       4       -17.4482     0.00571429
       5       -17.2898     0.00571429
       6       -17.2363     0.00571429
       7       -17.2281     0.00571429
       8       -17.2139     0.00571429
       9       -5.58314     0.00571429
      10       -5.22949     0.00571429
      11       -4.41315     0.00571429
      12       -4.21229     0.00571429
      13        7.21750     0.00571429
      14        7.45319     0.00571429
      15        7.46318     0.00571429
      16        7.86799     0.00571429
      17        8.20754     0.00571429
      18        8.81512     0.00571429
      19        9.13264     0.00571429
      20        9.56129     0.00571429
      21        10.3853     0.00571429
      22        10.6266     0.00571429
      23        11.0551     0.00571429
      24        11.1941     0.00571429
      25        17.0372        0.00000
      26        17.1139        0.00000
      27        17.5262        0.00000
      28        17.5604        0.00000
      29        19.4288        0.00000
      30        19.9013        0.00000
      31        21.1713        0.00000
      32        21.3195        0.00000
      33        21.6215        0.00000
      34        21.9620        0.00000

 160/216 kpoint (Cartesian) = 0.084352 0.0000 0.083463 (7398 pws)
       1       -47.6621     0.00571429
       2       -47.6595     0.00571429
       3       -17.5759     0.00571429
       4       -17.5214     0.00571429
       5       -17.2977     0.00571429
       6       -17.2337     0.00571429
       7       -17.2290     0.00571429
       8       -17.2126     0.00571429
       9       -5.43745     0.00571429
      10       -5.20127     0.00571429
      11       -4.34939     0.00571429
      12       -4.20946     0.00571429
      13        7.28766     0.00571429
      14        7.45979     0.00571429
      15        7.62289     0.00571429
      16        7.91258     0.00571429
      17        8.38273     0.00571429
      18        9.14705     0.00571429
      19        9.50123     0.00571429
      20        9.55491     0.00571429
      21        10.0628     0.00571429
      22        10.3833     0.00571429
      23        10.6115     0.00571429
      24        10.9715     0.00571429
      25        16.9919        0.00000
      26        17.0632        0.00000
      27        17.5064        0.00000
      28        17.6180        0.00000
      29        19.2763        0.00000
      30        19.6025        0.00000
      31        21.2904        0.00000
      32        21.4465        0.00000
      33        21.7551        0.00000
      34        22.0007        0.00000

 161/216 kpoint (Cartesian) = 0.11247 0.0000 0.083463 (7423 pws)
       1       -47.6599     0.00571429
       2       -47.6585     0.00571429
       3       -17.6232     0.00571429
       4       -17.5938     0.00571429
       5       -17.2803     0.00571429
       6       -17.2427     0.00571429
       7       -17.2217     0.00571429
       8       -17.2128     0.00571429
       9       -5.33445     0.00571429
      10       -5.22280     0.00571429
      11       -4.25943     0.00571429
      12       -4.18475     0.00571429
      13        7.42092     0.00571429
      14        7.52303     0.00571429
      15        7.78817     0.00571429
      16        7.94065     0.00571429
      17        8.53488     0.00571429
      18        9.13562     0.00571429
      19        9.42353     0.00571429
      20        9.70626     0.00571429
      21        10.1783     0.00571429
      22        10.2256     0.00571429
      23        10.2690     0.00571429
      24        10.7972     0.00571429
      25        16.9364        0.00000
      26        17.1611        0.00000
      27        17.2529        0.00000
      28        17.5284        0.00000
      29        19.3173        0.00000
      30        19.4452        0.00000
      31        21.3535        0.00000
      32        21.5151        0.00000
      33        21.7474        0.00000
      34        21.9310        0.00000

 162/216 kpoint (Cartesian) = 0.14059 0.0000 0.083463 (7408 pws)
       1       -47.6587     0.00571429
       2       -47.6586     0.00571429
       3       -17.6341     0.00571429
       4       -17.6301     0.00571429
       5       -17.2602     0.00571429
       6       -17.2572     0.00571429
       7       -17.2173     0.00571429
       8       -17.2146     0.00571429
       9       -5.27160     0.00571429
      10       -5.26802     0.00571429
      11       -4.19492     0.00571429
      12       -4.19081     0.00571429
      13        7.51765     0.00571429
      14        7.52978     0.00571429
      15        7.90262     0.00571429
      16        7.90902     0.00571429
      17        8.77084     0.00571429
      18        8.77868     0.00571429
      19        9.59324     0.00571429
      20        9.61195     0.00571429
      21        10.1106     0.00571429
      22        10.1256     0.00571429
      23        10.5681     0.00571429
      24        10.5692     0.00571429
      25        17.0018        0.00000
      26        17.0214        0.00000
      27        17.3246        0.00000
      28        17.3505        0.00000
      29        19.3907        0.00000
      30        19.4066        0.00000
      31        21.5002        0.00000
      32        21.5314        0.00000
      33        21.7481        0.00000
      34        21.7629        0.00000

 163/216 kpoint (Cartesian) = -0.11247 0.0000 0.083463 (7423 pws)
       1       -47.6599     0.00571429
       2       -47.6585     0.00571429
       3       -17.6224     0.00571429
       4       -17.5946     0.00571429
       5       -17.2812     0.00571429
       6       -17.2418     0.00571429
       7       -17.2217     0.00571429
       8       -17.2128     0.00571429
       9       -5.33230     0.00571429
      10       -5.22502     0.00571429
      11       -4.25922     0.00571429
      12       -4.18493     0.00571429
      13        7.42209     0.00571429
      14        7.52161     0.00571429
      15        7.79337     0.00571429
      16        7.93499     0.00571429
      17        8.53610     0.00571429
      18        9.13630     0.00571429
      19        9.42580     0.00571429
      20        9.70163     0.00571429
      21        10.1811     0.00571429
      22        10.2260     0.00571429
      23        10.2666     0.00571429
      24        10.7974     0.00571429
      25        16.9351        0.00000
      26        17.1678        0.00000
      27        17.2543        0.00000
      28        17.5216        0.00000
      29        19.3181        0.00000
      30        19.4395        0.00000
      31        21.3758        0.00000
      32        21.5148        0.00000
      33        21.7189        0.00000
      34        21.9315        0.00000

 164/216 kpoint (Cartesian) = -0.084352 0.0000 0.083463 (7398 pws)
       1       -47.6621     0.00571429
       2       -47.6595     0.00571429
       3       -17.5748     0.00571429
       4       -17.5225     0.00571429
       5       -17.2988     0.00571429
       6       -17.2326     0.00571429
       7       -17.2290     0.00571429
       8       -17.2126     0.00571429
       9       -5.43553     0.00571429
      10       -5.20332     0.00571429
      11       -4.34994     0.00571429
      12       -4.20886     0.00571429
      13        7.29323     0.00571429
      14        7.45474     0.00571429
      15        7.62685     0.00571429
      16        7.90795     0.00571429
      17        8.38258     0.00571429
      18        9.14442     0.00571429
      19        9.50767     0.00571429
      20        9.55213     0.00571429
      21        10.0613     0.00571429
      22        10.3854     0.00571429
      23        10.6099     0.00571429
      24        10.9717     0.00571429
      25        16.9903        0.00000
      26        17.0700        0.00000
      27        17.5081        0.00000
      28        17.6109        0.00000
      29        19.2760        0.00000
      30        19.5975        0.00000
      31        21.2902        0.00000
      32        21.4480        0.00000
      33        21.7561        0.00000
      34        22.0014        0.00000

 165/216 kpoint (Cartesian) = -0.056235 0.0000 0.083463 (7394 pws)
       1       -47.6645     0.00571429
       2       -47.6609     0.00571429
       3       -17.5194     0.00571429
       4       -17.4496     0.00571429
       5       -17.2909     0.00571429
       6       -17.2363     0.00571429
       7       -17.2269     0.00571429
       8       -17.2139     0.00571429
       9       -5.58164     0.00571429
      10       -5.23116     0.00571429
      11       -4.41384     0.00571429
      12       -4.21150     0.00571429
      13        7.22627     0.00571429
      14        7.44582     0.00571429
      15        7.46577     0.00571429
      16        7.86480     0.00571429
      17        8.20543     0.00571429
      18        8.81279     0.00571429
      19        9.13277     0.00571429
      20        9.56460     0.00571429
      21        10.3851     0.00571429
      22        10.6279     0.00571429
      23        11.0544     0.00571429
      24        11.1943     0.00571429
      25        17.0441        0.00000
      26        17.1124        0.00000
      27        17.5189        0.00000
      28        17.5616        0.00000
      29        19.4283        0.00000
      30        19.8977        0.00000
      31        21.1712        0.00000
      32        21.3165        0.00000
      33        21.6301        0.00000
      34        21.9628        0.00000

 166/216 kpoint (Cartesian) = -0.028117 0.0000 0.083463 (7385 pws)
       1       -47.6663     0.00571429
       2       -47.6621     0.00571429
       3       -17.4910     0.00571429
       4       -17.4031     0.00571429
       5       -17.2556     0.00571429
       6       -17.2417     0.00571429
       7       -17.2187     0.00571429
       8       -17.2155     0.00571429
       9       -5.71678     0.00571429
      10       -5.29263     0.00571429
      11       -4.43341     0.00571429
      12       -4.18940     0.00571429
      13        7.28126     0.00571429
      14        7.35331     0.00571429
      15        7.52467     0.00571429
      16        7.83219     0.00571429
      17        7.97750     0.00571429
      18        8.49248     0.00571429
      19        8.80343     0.00571429
      20        9.43781     0.00571429
      21        10.7763     0.00571429
      22        10.8168     0.00571429
      23        11.4320     0.00571429
      24        11.4510     0.00571429
      25        17.0140        0.00000
      26        17.1694        0.00000
      27        17.3559        0.00000
      28        17.4864        0.00000
      29        19.6466        0.00000
      30        20.3027        0.00000
      31        21.1556        0.00000
      32        21.2420        0.00000
      33        21.5485        0.00000
      34        21.8717        0.00000

 167/216 kpoint (Cartesian) = 0.0000 0.028117 0.083463 (7385 pws)
       1       -47.6663      0.0114286
       2       -47.6621      0.0114286
       3       -17.4928      0.0114286
       4       -17.4017      0.0114286
       5       -17.2617      0.0114286
       6       -17.2362      0.0114286
       7       -17.2228      0.0114286
       8       -17.2111      0.0114286
       9       -5.71489      0.0114286
      10       -5.29090      0.0114286
      11       -4.43032      0.0114286
      12       -4.19376      0.0114286
      13        7.25852      0.0114286
      14        7.39370      0.0114286
      15        7.53294      0.0114286
      16        7.79560      0.0114286
      17        7.98448      0.0114286
      18        8.48463      0.0114286
      19        8.81621      0.0114286
      20        9.43996      0.0114286
      21        10.7227      0.0114286
      22        10.8668      0.0114286
      23        11.3752      0.0114286
      24        11.5061      0.0114286
      25        17.0253        0.00000
      26        17.1689        0.00000
      27        17.3467        0.00000
      28        17.4791        0.00000
      29        19.6468        0.00000
      30        20.3082        0.00000
      31        21.1673        0.00000
      32        21.2474        0.00000
      33        21.5447        0.00000
      34        21.8571        0.00000

 168/216 kpoint (Cartesian) = 0.028117 0.028117 0.083463 (7395 pws)
       1       -47.6656      0.0114286
       2       -47.6616      0.0114286
       3       -17.4946      0.0114286
       4       -17.4140      0.0114286
       5       -17.2711      0.0114286
       6       -17.2478      0.0114286
       7       -17.2300      0.0114286
       8       -17.2125      0.0114286
       9       -5.65829      0.0114286
      10       -5.25383      0.0114286
      11       -4.43314      0.0114286
      12       -4.20920      0.0114286
      13        7.29879      0.0114286
      14        7.31515      0.0114286
      15        7.46857      0.0114286
      16        7.82975      0.0114286
      17        8.10833      0.0114286
      18        8.65260      0.0114286
      19        8.89288      0.0114286
      20        9.52500      0.0114286
      21        10.5887      0.0114286
      22        10.6505      0.0114286
      23        11.3170      0.0114286
      24        11.4403      0.0114286
      25        17.0774        0.00000
      26        17.1813        0.00000
      27        17.4016        0.00000
      28        17.5077        0.00000
      29        19.6193        0.00000
      30        20.1398        0.00000
      31        20.9195        0.00000
      32        21.2722        0.00000
      33        21.5911        0.00000
      34        22.0057        0.00000

 169/216 kpoint (Cartesian) = 0.056235 0.028117 0.083463 (7409 pws)
       1       -47.6638      0.0114286
       2       -47.6604      0.0114286
       3       -17.5144      0.0114286
       4       -17.4518      0.0114286
       5       -17.3065      0.0114286
       6       -17.2605      0.0114286
       7       -17.2331      0.0114286
       8       -17.2153      0.0114286
       9       -5.51744      0.0114286
      10       -5.17914      0.0114286
      11       -4.42345      0.0114286
      12       -4.23677      0.0114286
      13        7.24734      0.0114286
      14        7.39423      0.0114286
      15        7.41786      0.0114286
      16        7.89219      0.0114286
      17        8.27927      0.0114286
      18        9.02093      0.0114286
      19        9.14861      0.0114286
      20        9.65619      0.0114286
      21        10.1746      0.0114286
      22        10.3250      0.0114286
      23        11.1249      0.0114286
      24        11.2624      0.0114286
      25        17.0315        0.00000
      26        17.2590        0.00000
      27        17.4251        0.00000
      28        17.6628        0.00000
      29        19.5030        0.00000
      30        19.8637        0.00000
      31        20.8578        0.00000
      32        21.1741        0.00000
      33        21.6540        0.00000
      34        22.1355        0.00000

 170/216 kpoint (Cartesian) = 0.084352 0.028117 0.083463 (7401 pws)
       1       -47.6614      0.0114286
       2       -47.6589      0.0114286
       3       -17.5658      0.0114286
       4       -17.5163      0.0114286
       5       -17.3191      0.0114286
       6       -17.2565      0.0114286
       7       -17.2355      0.0114286
       8       -17.2223      0.0114286
       9       -5.36476      0.0114286
      10       -5.13814      0.0114286
      11       -4.37011      0.0114286
      12       -4.23843      0.0114286
      13        7.28769      0.0114286
      14        7.42457      0.0114286
      15        7.57654      0.0114286
      16        7.90697      0.0114286
      17        8.40964      0.0114286
      18        9.32762      0.0114286
      19        9.40768      0.0114286
      20        9.56783      0.0114286
      21        9.98576      0.0114286
      22        10.1429      0.0114286
      23        10.8041      0.0114286
      24        11.0667      0.0114286
      25        16.9769        0.00000
      26        17.2719        0.00000
      27        17.3915        0.00000
      28        17.7019        0.00000
      29        19.4061        0.00000
      30        19.5992        0.00000
      31        20.8866        0.00000
      32        21.3208        0.00000
      33        21.6959        0.00000
      34        22.0459        0.00000

 171/216 kpoint (Cartesian) = 0.11247 0.028117 0.083463 (7403 pws)
       1       -47.6593      0.0114286
       2       -47.6580      0.0114286
       3       -17.6130      0.0114286
       4       -17.5855      0.0114286
       5       -17.2984      0.0114286
       6       -17.2472      0.0114286
       7       -17.2464      0.0114286
       8       -17.2297      0.0114286
       9       -5.25918      0.0114286
      10       -5.15277      0.0114286
      11       -4.28526      0.0114286
      12       -4.21379      0.0114286
      13        7.38874      0.0114286
      14        7.57735      0.0114286
      15        7.68791      0.0114286
      16        7.87734      0.0114286
      17        8.47872      0.0114286
      18        8.86167      0.0114286
      19        9.68514      0.0114286
      20        9.85984      0.0114286
      21        10.0402      0.0114286
      22        10.2070      0.0114286
      23        10.4651      0.0114286
      24        10.8459      0.0114286
      25        17.0214        0.00000
      26        17.2553        0.00000
      27        17.2839        0.00000
      28        17.5370        0.00000
      29        19.3462        0.00000
      30        19.4905        0.00000
      31        20.9567        0.00000
      32        21.4085        0.00000
      33        21.7808        0.00000
      34        21.8731        0.00000

 172/216 kpoint (Cartesian) = 0.14059 0.028117 0.083463 (7402 pws)
       1       -47.6581      0.0114286
       2       -47.6580      0.0114286
       3       -17.6246      0.0114286
       4       -17.6205      0.0114286
       5       -17.2719      0.0114286
       6       -17.2683      0.0114286
       7       -17.2382      0.0114286
       8       -17.2358      0.0114286
       9       -5.19779      0.0114286
      10       -5.19472      0.0114286
      11       -4.22222      0.0114286
      12       -4.21864      0.0114286
      13        7.52492      0.0114286
      14        7.53111      0.0114286
      15        7.82876      0.0114286
      16        7.83640      0.0114286
      17        8.55570      0.0114286
      18        8.55836      0.0114286
      19        9.86392      0.0114286
      20        9.87849      0.0114286
      21        10.1666      0.0114286
      22        10.1685      0.0114286
      23        10.5523      0.0114286
      24        10.5575      0.0114286
      25        17.1147        0.00000
      26        17.1298        0.00000
      27        17.3418        0.00000
      28        17.3668        0.00000
      29        19.3895        0.00000
      30        19.4087        0.00000
      31        21.1973        0.00000
      32        21.2106        0.00000
      33        21.8592        0.00000
      34        21.8783        0.00000

 173/216 kpoint (Cartesian) = -0.11247 0.028117 0.083463 (7403 pws)
       1       -47.6593      0.0114286
       2       -47.6580      0.0114286
       3       -17.6122      0.0114286
       4       -17.5862      0.0114286
       5       -17.2991      0.0114286
       6       -17.2473      0.0114286
       7       -17.2456      0.0114286
       8       -17.2298      0.0114286
       9       -5.25716      0.0114286
      10       -5.15488      0.0114286
      11       -4.28494      0.0114286
      12       -4.21407      0.0114286
      13        7.38727      0.0114286
      14        7.57852      0.0114286
      15        7.69116      0.0114286
      16        7.87399      0.0114286
      17        8.48054      0.0114286
      18        8.86181      0.0114286
      19        9.68562      0.0114286
      20        9.85714      0.0114286
      21        10.0393      0.0114286
      22        10.2094      0.0114286
      23        10.4626      0.0114286
      24        10.8474      0.0114286
      25        17.0209        0.00000
      26        17.2593        0.00000
      27        17.2845        0.00000
      28        17.5330        0.00000
      29        19.3453        0.00000
      30        19.4866        0.00000
      31        20.9648        0.00000
      32        21.3999        0.00000
      33        21.7843        0.00000
      34        21.8910        0.00000

 174/216 kpoint (Cartesian) = -0.084352 0.028117 0.083463 (7401 pws)
       1       -47.6614      0.0114286
       2       -47.6589      0.0114286
       3       -17.5647      0.0114286
       4       -17.5173      0.0114286
       5       -17.3199      0.0114286
       6       -17.2562      0.0114286
       7       -17.2355      0.0114286
       8       -17.2218      0.0114286
       9       -5.36292      0.0114286
      10       -5.14011      0.0114286
      11       -4.37058      0.0114286
      12       -4.23787      0.0114286
      13        7.29042      0.0114286
      14        7.42237      0.0114286
      15        7.57974      0.0114286
      16        7.90268      0.0114286
      17        8.41086      0.0114286
      18        9.32484      0.0114286
      19        9.41102      0.0114286
      20        9.56670      0.0114286
      21        9.98309      0.0114286
      22        10.1461      0.0114286
      23        10.8007      0.0114286
      24        11.0693      0.0114286
      25        16.9788        0.00000
      26        17.2729        0.00000
      27        17.3901        0.00000
      28        17.7002        0.00000
      29        19.4050        0.00000
      30        19.5950        0.00000
      31        20.8897        0.00000
      32        21.3170        0.00000
      33        21.7014        0.00000
      34        22.0636        0.00000

 175/216 kpoint (Cartesian) = -0.056235 0.028117 0.083463 (7409 pws)
       1       -47.6638      0.0114286
       2       -47.6604      0.0114286
       3       -17.5131      0.0114286
       4       -17.4532      0.0114286
       5       -17.3073      0.0114286
       6       -17.2603      0.0114286
       7       -17.2333      0.0114286
       8       -17.2145      0.0114286
       9       -5.51599      0.0114286
      10       -5.18077      0.0114286
      11       -4.42406      0.0114286
      12       -4.23603      0.0114286
      13        7.25544      0.0114286
      14        7.38757      0.0114286
      15        7.42054      0.0114286
      16        7.88733      0.0114286
      17        8.27989      0.0114286
      18        9.01797      0.0114286
      19        9.14809      0.0114286
      20        9.66037      0.0114286
      21        10.1732      0.0114286
      22        10.3264      0.0114286
      23        11.1201      0.0114286
      24        11.2668      0.0114286
      25        17.0360        0.00000
      26        17.2551        0.00000
      27        17.4255        0.00000
      28        17.6610        0.00000
      29        19.5009        0.00000
      30        19.8626        0.00000
      31        20.8564        0.00000
      32        21.1767        0.00000
      33        21.6568        0.00000
      34        22.1391        0.00000

 176/216 kpoint (Cartesian) = -0.028117 0.028117 0.083463 (7395 pws)
       1       -47.6656      0.0114286
       2       -47.6616      0.0114286
       3       -17.4939      0.0114286
       4       -17.4148      0.0114286
       5       -17.2711      0.0114286
       6       -17.2488      0.0114286
       7       -17.2299      0.0114286
       8       -17.2114      0.0114286
       9       -5.65749      0.0114286
      10       -5.25477      0.0114286
      11       -4.43345      0.0114286
      12       -4.20878      0.0114286
      13        7.29952      0.0114286
      14        7.32408      0.0114286
      15        7.46322      0.0114286
      16        7.82413      0.0114286
      17        8.10900      0.0114286
      18        8.65056      0.0114286
      19        8.89336      0.0114286
      20        9.52690      0.0114286
      21        10.5898      0.0114286
      22        10.6502      0.0114286
      23        11.3139      0.0114286
      24        11.4432      0.0114286
      25        17.0819        0.00000
      26        17.1788        0.00000
      27        17.3995        0.00000
      28        17.5071        0.00000
      29        19.6166        0.00000
      30        20.1435        0.00000
      31        20.9159        0.00000
      32        21.2716        0.00000
      33        21.5932        0.00000
      34        22.0102        0.00000

 177/216 kpoint (Cartesian) = 0.0000 0.056235 0.083463 (7394 pws)
       1       -47.6644      0.0114286
       2       -47.6608      0.0114286
       3       -17.5246      0.0114286
       4       -17.4482      0.0114286
       5       -17.2956      0.0114286
       6       -17.2313      0.0114286
       7       -17.2302      0.0114286
       8       -17.2095      0.0114286
       9       -5.57317      0.0114286
      10       -5.22580      0.0114286
      11       -4.40225      0.0114286
      12       -4.22855      0.0114286
      13        7.23215      0.0114286
      14        7.44802      0.0114286
      15        7.50267      0.0114286
      16        7.83434      0.0114286
      17        8.18801      0.0114286
      18        8.79131      0.0114286
      19        9.16004      0.0114286
      20        9.57460      0.0114286
      21        10.3276      0.0114286
      22        10.6722      0.0114286
      23        10.9813      0.0114286
      24        11.2604      0.0114286
      25        17.0624        0.00000
      26        17.1044        0.00000
      27        17.5077        0.00000
      28        17.5454        0.00000
      29        19.4280        0.00000
      30        19.9069        0.00000
      31        21.1795        0.00000
      32        21.3244        0.00000
      33        21.6314        0.00000
      34        21.9563        0.00000

 178/216 kpoint (Cartesian) = 0.028117 0.056235 0.083463 (7409 pws)
       1       -47.6638      0.0114286
       2       -47.6603      0.0114286
       3       -17.5180      0.0114286
       4       -17.4510      0.0114286
       5       -17.3123      0.0114286
       6       -17.2550      0.0114286
       7       -17.2329      0.0114286
       8       -17.2142      0.0114286
       9       -5.50995      0.0114286
      10       -5.17637      0.0114286
      11       -4.41478      0.0114286
      12       -4.24971      0.0114286
      13        7.26264      0.0114286
      14        7.37860      0.0114286
      15        7.44112      0.0114286
      16        7.88436      0.0114286
      17        8.26564      0.0114286
      18        8.98629      0.0114286
      19        9.18408      0.0114286
      20        9.66068      0.0114286
      21        10.1200      0.0114286
      22        10.3737      0.0114286
      23        11.0708      0.0114286
      24        11.3102      0.0114286
      25        17.0352        0.00000
      26        17.2553        0.00000
      27        17.4376        0.00000
      28        17.6393        0.00000
      29        19.4973        0.00000
      30        19.8692        0.00000
      31        20.8626        0.00000
      32        21.1791        0.00000
      33        21.6509        0.00000
      34        22.1404        0.00000

 179/216 kpoint (Cartesian) = 0.056235 0.056235 0.083463 (7409 pws)
       1       -47.6620      0.0114286
       2       -47.6591      0.0114286
       3       -17.5079      0.0114286
       4       -17.4699      0.0114286
       5       -17.3488      0.0114286
       6       -17.3086      0.0114286
       7       -17.2385      0.0114286
       8       -17.2225      0.0114286
       9       -5.35029      0.0114286
      10       -5.06509      0.0114286
      11       -4.43466      0.0114286
      12       -4.29322      0.0114286
      13        7.23528      0.0114286
      14        7.28384      0.0114286
      15        7.48306      0.0114286
      16        7.97866      0.0114286
      17        8.41259      0.0114286
      18        9.22527      0.0114286
      19        9.45775      0.0114286
      20        9.53071      0.0114286
      21        9.74668      0.0114286
      22        10.1855      0.0114286
      23        11.1107      0.0114286
      24        11.2619      0.0114286
      25        17.1141        0.00000
      26        17.1357        0.00000
      27        17.6768        0.00000
      28        17.7080        0.00000
      29        19.5922        0.00000
      30        19.8092        0.00000
      31        20.5494        0.00000
      32        20.8446        0.00000
      33        21.6617        0.00000
      34        22.0916        0.00000

 180/216 kpoint (Cartesian) = 0.084352 0.056235 0.083463 (7397 pws)
       1       -47.6597      0.0114286
       2       -47.6576      0.0114286
       3       -17.5382      0.0114286
       4       -17.5067      0.0114286
       5       -17.3778      0.0114286
       6       -17.3259      0.0114286
       7       -17.2459      0.0114286
       8       -17.2367      0.0114286
       9       -5.17490      0.0114286
      10       -4.98003      0.0114286
      11       -4.41843      0.0114286
      12       -4.31097      0.0114286
      13        7.16830      0.0114286
      14        7.30862      0.0114286
      15        7.64042      0.0114286
      16        7.96433      0.0114286
      17        8.50771      0.0114286
      18        8.98125      0.0114286
      19        9.47390      0.0114286
      20        9.50108      0.0114286
      21        9.94382      0.0114286
      22        10.4055      0.0114286
      23        10.9778      0.0114286
      24        11.1130      0.0114286
      25        17.0741        0.00000
      26        17.2000        0.00000
      27        17.6186        0.00000
      28        17.8386        0.00000
      29        19.5354        0.00000
      30        19.7195        0.00000
      31        20.3857        0.00000
      32        20.7970        0.00000
      33        21.5967        0.00000
      34        21.9027        0.00000

 181/216 kpoint (Cartesian) = 0.11247 0.056235 0.083463 (7388 pws)
       1       -47.6577      0.0114286
       2       -47.6566      0.0114286
       3       -17.5847      0.0114286
       4       -17.5633      0.0114286
       5       -17.3591      0.0114286
       6       -17.3201      0.0114286
       7       -17.2578      0.0114286
       8       -17.2521      0.0114286
       9       -5.06055      0.0114286
      10       -4.97040      0.0114286
      11       -4.35263      0.0114286
      12       -4.28835      0.0114286
      13        7.18390      0.0114286
      14        7.40652      0.0114286
      15        7.68103      0.0114286
      16        8.01065      0.0114286
      17        8.37116      0.0114286
      18        8.45249      0.0114286
      19        9.72961      0.0114286
      20        9.88704      0.0114286
      21        10.2704      0.0114286
      22        10.5182      0.0114286
      23        10.7152      0.0114286
      24        10.8852      0.0114286
      25        17.1889        0.00000
      26        17.2693        0.00000
      27        17.4804        0.00000
      28        17.7049        0.00000
      29        19.3432        0.00000
      30        19.6213        0.00000
      31        20.4118        0.00000
      32        20.8425        0.00000
      33        21.5961        0.00000
      34        21.7654        0.00000

 182/216 kpoint (Cartesian) = 0.14059 0.056235 0.083463 (7386 pws)
       1       -47.6566      0.0114286
       2       -47.6565      0.0114286
       3       -17.5986      0.0114286
       4       -17.5944      0.0114286
       5       -17.3318      0.0114286
       6       -17.3276      0.0114286
       7       -17.2629      0.0114286
       8       -17.2614      0.0114286
       9       -5.00411      0.0114286
      10       -5.00216      0.0114286
      11       -4.29298      0.0114286
      12       -4.29047      0.0114286
      13        7.29761      0.0114286
      14        7.30044      0.0114286
      15        7.91404      0.0114286
      16        7.91971      0.0114286
      17        8.23090      0.0114286
      18        8.24093      0.0114286
      19        10.0664      0.0114286
      20        10.0693      0.0114286
      21        10.4370      0.0114286
      22        10.4587      0.0114286
      23        10.6142      0.0114286
      24        10.6230      0.0114286
      25        17.3246        0.00000
      26        17.3338        0.00000
      27        17.4445        0.00000
      28        17.4764        0.00000
      29        19.3745        0.00000
      30        19.3999        0.00000
      31        20.6703        0.00000
      32        20.6826        0.00000
      33        21.6681        0.00000
      34        21.6771        0.00000

 183/216 kpoint (Cartesian) = -0.11247 0.056235 0.083463 (7388 pws)
       1       -47.6577      0.0114286
       2       -47.6566      0.0114286
       3       -17.5842      0.0114286
       4       -17.5637      0.0114286
       5       -17.3593      0.0114286
       6       -17.3202      0.0114286
       7       -17.2578      0.0114286
       8       -17.2519      0.0114286
       9       -5.05890      0.0114286
      10       -4.97217      0.0114286
      11       -4.35201      0.0114286
      12       -4.28889      0.0114286
      13        7.18076      0.0114286
      14        7.40852      0.0114286
      15        7.68367      0.0114286
      16        8.00977      0.0114286
      17        8.36953      0.0114286
      18        8.45606      0.0114286
      19        9.72855      0.0114286
      20        9.88362      0.0114286
      21        10.2700      0.0114286
      22        10.5211      0.0114286
      23        10.7115      0.0114286
      24        10.8881      0.0114286
      25        17.1848        0.00000
      26        17.2717        0.00000
      27        17.4838        0.00000
      28        17.7032        0.00000
      29        19.3412        0.00000
      30        19.6201        0.00000
      31        20.4151        0.00000
      32        20.8409        0.00000
      33        21.5921        0.00000
      34        21.7747        0.00000

 184/216 kpoint (Cartesian) = -0.084352 0.056235 0.083463 (7397 pws)
       1       -47.6597      0.0114286
       2       -47.6576      0.0114286
       3       -17.5373      0.0114286
       4       -17.5075      0.0114286
       5       -17.3783      0.0114286
       6       -17.3258      0.0114286
       7       -17.2466      0.0114286
       8       -17.2358      0.0114286
       9       -5.17333      0.0114286
      10       -4.98179      0.0114286
      11       -4.41871      0.0114286
      12       -4.31055      0.0114286
      13        7.16520      0.0114286
      14        7.31147      0.0114286
      15        7.64219      0.0114286
      16        7.96303      0.0114286
      17        8.51171      0.0114286
      18        8.98037      0.0114286
      19        9.47572      0.0114286
      20        9.49533      0.0114286
      21        9.94183      0.0114286
      22        10.4080      0.0114286
      23        10.9718      0.0114286
      24        11.1189      0.0114286
      25        17.0737        0.00000
      26        17.1991        0.00000
      27        17.6198        0.00000
      28        17.8382        0.00000
      29        19.5324        0.00000
      30        19.7183        0.00000
      31        20.3886        0.00000
      32        20.7969        0.00000
      33        21.5957        0.00000
      34        21.9088        0.00000

 185/216 kpoint (Cartesian) = -0.056235 0.056235 0.083463 (7409 pws)
       1       -47.6620      0.0114286
       2       -47.6591      0.0114286
       3       -17.5069      0.0114286
       4       -17.4710      0.0114286
       5       -17.3487      0.0114286
       6       -17.3090      0.0114286
       7       -17.2393      0.0114286
       8       -17.2214      0.0114286
       9       -5.34900      0.0114286
      10       -5.06661      0.0114286
      11       -4.43509      0.0114286
      12       -4.29260      0.0114286
      13        7.23613      0.0114286
      14        7.28255      0.0114286
      15        7.48636      0.0114286
      16        7.97535      0.0114286
      17        8.41542      0.0114286
      18        9.22327      0.0114286
      19        9.45355      0.0114286
      20        9.53088      0.0114286
      21        9.74957      0.0114286
      22        10.1863      0.0114286
      23        11.1048      0.0114286
      24        11.2679      0.0114286
      25        17.1081        0.00000
      26        17.1413        0.00000
      27        17.6758        0.00000
      28        17.7084        0.00000
      29        19.5876        0.00000
      30        19.8131        0.00000
      31        20.5478        0.00000
      32        20.8464        0.00000
      33        21.6636        0.00000
      34        22.0925        0.00000

 186/216 kpoint (Cartesian) = -0.028117 0.056235 0.083463 (7409 pws)
       1       -47.6638      0.0114286
       2       -47.6603      0.0114286
       3       -17.5177      0.0114286
       4       -17.4514      0.0114286
       5       -17.3118      0.0114286
       6       -17.2560      0.0114286
       7       -17.2335      0.0114286
       8       -17.2129      0.0114286
       9       -5.50924      0.0114286
      10       -5.17724      0.0114286
      11       -4.41498      0.0114286
      12       -4.24938      0.0114286
      13        7.26226      0.0114286
      14        7.37835      0.0114286
      15        7.44568      0.0114286
      16        7.87990      0.0114286
      17        8.26690      0.0114286
      18        8.98495      0.0114286
      19        9.18197      0.0114286
      20        9.66322      0.0114286
      21        10.1215      0.0114286
      22        10.3723      0.0114286
      23        11.0679      0.0114286
      24        11.3132      0.0114286
      25        17.0312        0.00000
      26        17.2665        0.00000
      27        17.4277        0.00000
      28        17.6411        0.00000
      29        19.4957        0.00000
      30        19.8717        0.00000
      31        20.8630        0.00000
      32        21.1744        0.00000
      33        21.6564        0.00000
      34        22.1442        0.00000

 187/216 kpoint (Cartesian) = 0.0000 0.084352 0.083463 (7398 pws)
       1       -47.6620      0.0114286
       2       -47.6594      0.0114286
       3       -17.5815      0.0114286
       4       -17.5248      0.0114286
       5       -17.3006      0.0114286
       6       -17.2363      0.0114286
       7       -17.2236      0.0114286
       8       -17.2080      0.0114286
       9       -5.41754      0.0114286
      10       -5.19252      0.0114286
      11       -4.33044      0.0114286
      12       -4.24160      0.0114286
      13        7.32764      0.0114286
      14        7.45524      0.0114286
      15        7.65600      0.0114286
      16        7.88806      0.0114286
      17        8.35256      0.0114286
      18        9.12586      0.0114286
      19        9.50888      0.0114286
      20        9.54289      0.0114286
      21        10.0405      0.0114286
      22        10.4174      0.0114286
      23        10.5451      0.0114286
      24        11.0231      0.0114286
      25        16.9693        0.00000
      26        17.0870        0.00000
      27        17.4824        0.00000
      28        17.6120        0.00000
      29        19.2786        0.00000
      30        19.5940        0.00000
      31        21.2947        0.00000
      32        21.4489        0.00000
      33        21.7510        0.00000
      34        22.0024        0.00000

 188/216 kpoint (Cartesian) = 0.028117 0.084352 0.083463 (7401 pws)
       1       -47.6614      0.0114286
       2       -47.6589      0.0114286
       3       -17.5715      0.0114286
       4       -17.5189      0.0114286
       5       -17.3219      0.0114286
       6       -17.2516      0.0114286
       7       -17.2351      0.0114286
       8       -17.2201      0.0114286
       9       -5.34640      0.0114286
      10       -5.13067      0.0114286
      11       -4.35140      0.0114286
      12       -4.26982      0.0114286
      13        7.33508      0.0114286
      14        7.39340      0.0114286
      15        7.59681      0.0114286
      16        7.91748      0.0114286
      17        8.38670      0.0114286
      18        9.30851      0.0114286
      19        9.35482      0.0114286
      20        9.57912      0.0114286
      21        9.99600      0.0114286
      22        10.1707      0.0114286
      23        10.7398      0.0114286
      24        11.1158      0.0114286
      25        16.9617        0.00000
      26        17.2827        0.00000
      27        17.4006        0.00000
      28        17.6747        0.00000
      29        19.4021        0.00000
      30        19.5917        0.00000
      31        20.8901        0.00000
      32        21.3256        0.00000
      33        21.6906        0.00000
      34        22.0238        0.00000

 189/216 kpoint (Cartesian) = 0.056235 0.084352 0.083463 (7397 pws)
       1       -47.6597      0.0114286
       2       -47.6576      0.0114286
       3       -17.5445      0.0114286
       4       -17.5064      0.0114286
       5       -17.3805      0.0114286
       6       -17.3194      0.0114286
       7       -17.2469      0.0114286
       8       -17.2355      0.0114286
       9       -5.16149      0.0114286
      10       -4.97673      0.0114286
      11       -4.40238      0.0114286
      12       -4.33658      0.0114286
      13        7.19333      0.0114286
      14        7.28208      0.0114286
      15        7.65126      0.0114286
      16        7.99058      0.0114286
      17        8.50448      0.0114286
      18        8.94296      0.0114286
      19        9.46165      0.0114286
      20        9.50404      0.0114286
      21        9.95412      0.0114286
      22        10.4126      0.0114286
      23        10.9279      0.0114286
      24        11.1514      0.0114286
      25        17.0521        0.00000
      26        17.2188        0.00000
      27        17.6411        0.00000
      28        17.8082        0.00000
      29        19.5323        0.00000
      30        19.7060        0.00000
      31        20.3936        0.00000
      32        20.8009        0.00000
      33        21.5834        0.00000
      34        21.9042        0.00000

 190/216 kpoint (Cartesian) = 0.084352 0.084352 0.083463 (7391 pws)
       1       -47.6575      0.0114286
       2       -47.6560      0.0114286
       3       -17.5186      0.0114286
       4       -17.5063      0.0114286
       5       -17.4431      0.0114286
       6       -17.3875      0.0114286
       7       -17.2598      0.0114286
       8       -17.2546      0.0114286
       9       -4.94637      0.0114286
      10       -4.81615      0.0114286
      11       -4.45163      0.0114286
      12       -4.38556      0.0114286
      13        7.02260      0.0114286
      14        7.21128      0.0114286
      15        7.75318      0.0114286
      16        7.78525      0.0114286
      17        8.66528      0.0114286
      18        8.95179      0.0114286
      19        9.05349      0.0114286
      20        9.49532      0.0114286
      21        10.4346      0.0114286
      22        10.7294      0.0114286
      23        10.9824      0.0114286
      24        11.0824      0.0114286
      25        17.1363        0.00000
      26        17.2259        0.00000
      27        17.8185        0.00000
      28        17.8825        0.00000
      29        19.6234        0.00000
      30        19.6592        0.00000
      31        20.1132        0.00000
      32        20.3314        0.00000
      33        21.4392        0.00000
      34        21.6277        0.00000

 191/216 kpoint (Cartesian) = 0.11247 0.084352 0.083463 (7385 pws)
       1       -47.6556      0.0114286
       2       -47.6548      0.0114286
       3       -17.5491      0.0114286
       4       -17.5345      0.0114286
       5       -17.4408      0.0114286
       6       -17.4041      0.0114286
       7       -17.2747      0.0114286
       8       -17.2739      0.0114286
       9       -4.81244      0.0114286
      10       -4.74806      0.0114286
      11       -4.43639      0.0114286
      12       -4.37391      0.0114286
      13        6.94209      0.0114286
      14        7.15773      0.0114286
      15        7.51797      0.0114286
      16        7.74838      0.0114286
      17        8.59513      0.0114286
      18        8.73484      0.0114286
      19        9.49338      0.0114286
      20        9.74621      0.0114286
      21        10.6418      0.0114286
      22        10.7057      0.0114286
      23        11.0008      0.0114286
      24        11.0869      0.0114286
      25        17.2686        0.00000
      26        17.3987        0.00000
      27        17.6912        0.00000
      28        17.8649        0.00000
      29        19.3666        0.00000
      30        19.6929        0.00000
      31        19.8545        0.00000
      32        20.2208        0.00000
      33        21.3604        0.00000
      34        21.4551        0.00000

 192/216 kpoint (Cartesian) = 0.14059 0.084352 0.083463 (7378 pws)
       1       -47.6547      0.0114286
       2       -47.6546      0.0114286
       3       -17.5649      0.0114286
       4       -17.5604      0.0114286
       5       -17.4156      0.0114286
       6       -17.4109      0.0114286
       7       -17.2834      0.0114286
       8       -17.2821      0.0114286
       9       -4.76494      0.0114286
      10       -4.76316      0.0114286
      11       -4.37815      0.0114286
      12       -4.37580      0.0114286
      13        6.99954      0.0114286
      14        7.00303      0.0114286
      15        7.58838      0.0114286
      16        7.59393      0.0114286
      17        8.59915      0.0114286
      18        8.61108      0.0114286
      19        9.89179      0.0114286
      20        9.89650      0.0114286
      21        10.5421      0.0114286
      22        10.5530      0.0114286
      23        11.0847      0.0114286
      24        11.0920      0.0114286
      25        17.4656        0.00000
      26        17.4798        0.00000
      27        17.6489        0.00000
      28        17.6740        0.00000
      29        19.3532        0.00000
      30        19.3816        0.00000
      31        20.0623        0.00000
      32        20.0803        0.00000
      33        21.3740        0.00000
      34        21.3798        0.00000

 193/216 kpoint (Cartesian) = -0.11247 0.084352 0.083463 (7385 pws)
       1       -47.6556      0.0114286
       2       -47.6548      0.0114286
       3       -17.5497      0.0114286
       4       -17.5338      0.0114286
       5       -17.4408      0.0114286
       6       -17.4042      0.0114286
       7       -17.2751      0.0114286
       8       -17.2734      0.0114286
       9       -4.81154      0.0114286
      10       -4.74918      0.0114286
      11       -4.43550      0.0114286
      12       -4.37461      0.0114286
      13        6.93867      0.0114286
      14        7.15989      0.0114286
      15        7.52319      0.0114286
      16        7.74437      0.0114286
      17        8.59697      0.0114286
      18        8.73752      0.0114286
      19        9.49021      0.0114286
      20        9.74313      0.0114286
      21        10.6411      0.0114286
      22        10.7068      0.0114286
      23        11.0023      0.0114286
      24        11.0866      0.0114286
      25        17.2642        0.00000
      26        17.4024        0.00000
      27        17.6939        0.00000
      28        17.8629        0.00000
      29        19.3661        0.00000
      30        19.6947        0.00000
      31        19.8530        0.00000
      32        20.2203        0.00000
      33        21.3575        0.00000
      34        21.4591        0.00000

 194/216 kpoint (Cartesian) = -0.084352 0.084352 0.083463 (7391 pws)
       1       -47.6575      0.0114286
       2       -47.6560      0.0114286
       3       -17.5195      0.0114286
       4       -17.5053      0.0114286
       5       -17.4430      0.0114286
       6       -17.3877      0.0114286
       7       -17.2606      0.0114286
       8       -17.2538      0.0114286
       9       -4.94522      0.0114286
      10       -4.81755      0.0114286
      11       -4.45169      0.0114286
      12       -4.38529      0.0114286
      13        7.01878      0.0114286
      14        7.21430      0.0114286
      15        7.75219      0.0114286
      16        7.78863      0.0114286
      17        8.67125      0.0114286
      18        8.95502      0.0114286
      19        9.04604      0.0114286
      20        9.49082      0.0114286
      21        10.4322      0.0114286
      22        10.7313      0.0114286
      23        10.9801      0.0114286
      24        11.0860      0.0114286
      25        17.1320        0.00000
      26        17.2295        0.00000
      27        17.8206        0.00000
      28        17.8806        0.00000
      29        19.6273        0.00000
      30        19.6533        0.00000
      31        20.1183        0.00000
      32        20.3275        0.00000
      33        21.4379        0.00000
      34        21.6303        0.00000

 195/216 kpoint (Cartesian) = -0.056235 0.084352 0.083463 (7397 pws)
       1       -47.6597      0.0114286
       2       -47.6576      0.0114286
       3       -17.5444      0.0114286
       4       -17.5067      0.0114286
       5       -17.3798      0.0114286
       6       -17.3201      0.0114286
       7       -17.2477      0.0114286
       8       -17.2345      0.0114286
       9       -5.16048      0.0114286
      10       -4.97799      0.0114286
      11       -4.40258      0.0114286
      12       -4.33616      0.0114286
      13        7.19019      0.0114286
      14        7.28411      0.0114286
      15        7.65215      0.0114286
      16        7.99335      0.0114286
      17        8.50741      0.0114286
      18        8.94000      0.0114286
      19        9.45668      0.0114286
      20        9.50609      0.0114286
      21        9.95123      0.0114286
      22        10.4154      0.0114286
      23        10.9240      0.0114286
      24        11.1555      0.0114286
      25        17.0492        0.00000
      26        17.2214        0.00000
      27        17.6409        0.00000
      28        17.8077        0.00000
      29        19.5304        0.00000
      30        19.7084        0.00000
      31        20.3951        0.00000
      32        20.7983        0.00000
      33        21.5853        0.00000
      34        21.9041        0.00000

 196/216 kpoint (Cartesian) = -0.028117 0.084352 0.083463 (7401 pws)
       1       -47.6614      0.0114286
       2       -47.6589      0.0114286
       3       -17.5714      0.0114286
       4       -17.5191      0.0114286
       5       -17.3213      0.0114286
       6       -17.2525      0.0114286
       7       -17.2360      0.0114286
       8       -17.2188      0.0114286
       9       -5.34584      0.0114286
      10       -5.13136      0.0114286
      11       -4.35145      0.0114286
      12       -4.26965      0.0114286
      13        7.33406      0.0114286
      14        7.39163      0.0114286
      15        7.60212      0.0114286
      16        7.91607      0.0114286
      17        8.38755      0.0114286
      18        9.30753      0.0114286
      19        9.35433      0.0114286
      20        9.57461      0.0114286
      21        10.0035      0.0114286
      22        10.1671      0.0114286
      23        10.7376      0.0114286
      24        11.1181      0.0114286
      25        16.9595        0.00000
      26        17.2909        0.00000
      27        17.3935        0.00000
      28        17.6750        0.00000
      29        19.4021        0.00000
      30        19.5924        0.00000
      31        20.8925        0.00000
      32        21.3187        0.00000
      33        21.6965        0.00000
      34        22.0215        0.00000

 197/216 kpoint (Cartesian) = 0.0000 0.11247 0.083463 (7423 pws)
       1       -47.6599      0.0114286
       2       -47.6585      0.0114286
       3       -17.6294      0.0114286
       4       -17.5994      0.0114286
       5       -17.2823      0.0114286
       6       -17.2449      0.0114286
       7       -17.2165      0.0114286
       8       -17.2080      0.0114286
       9       -5.30811      0.0114286
      10       -5.20679      0.0114286
      11       -4.24825      0.0114286
      12       -4.21716      0.0114286
      13        7.47485      0.0114286
      14        7.53912      0.0114286
      15        7.81105      0.0114286
      16        7.92950      0.0114286
      17        8.49193      0.0114286
      18        9.10594      0.0114286
      19        9.40073      0.0114286
      20        9.66391      0.0114286
      21        10.1903      0.0114286
      22        10.2205      0.0114286
      23        10.2605      0.0114286
      24        10.8332      0.0114286
      25        16.9066        0.00000
      26        17.1806        0.00000
      27        17.2210        0.00000
      28        17.5322        0.00000
      29        19.3061        0.00000
      30        19.4295        0.00000
      31        21.3658        0.00000
      32        21.5192        0.00000
      33        21.7188        0.00000
      34        21.9373        0.00000

 198/216 kpoint (Cartesian) = 0.028117 0.11247 0.083463 (7403 pws)
       1       -47.6593      0.0114286
       2       -47.6580      0.0114286
       3       -17.6192      0.0114286
       4       -17.5909      0.0114286
       5       -17.2998      0.0114286
       6       -17.2491      0.0114286
       7       -17.2404      0.0114286
       8       -17.2261      0.0114286
       9       -5.23339      0.0114286
      10       -5.13789      0.0114286
      11       -4.27309      0.0114286
      12       -4.24787      0.0114286
      13        7.43110      0.0114286
      14        7.58325      0.0114286
      15        7.68648      0.0114286
      16        7.91236      0.0114286
      17        8.45178      0.0114286
      18        8.81628      0.0114286
      19        9.65521      0.0114286
      20        9.82663      0.0114286
      21        10.0472      0.0114286
      22        10.2516      0.0114286
      23        10.4072      0.0114286
      24        10.8844      0.0114286
      25        16.9902        0.00000
      26        17.2687        0.00000
      27        17.2835        0.00000
      28        17.5225        0.00000
      29        19.3294        0.00000
      30        19.4774        0.00000
      31        20.9633        0.00000
      32        21.4128        0.00000
      33        21.7721        0.00000
      34        21.8688        0.00000

 199/216 kpoint (Cartesian) = 0.056235 0.11247 0.083463 (7388 pws)
       1       -47.6577      0.0114286
       2       -47.6565      0.0114286
       3       -17.5913      0.0114286
       4       -17.5678      0.0114286
       5       -17.3583      0.0114286
       6       -17.3135      0.0114286
       7       -17.2601      0.0114286
       8       -17.2496      0.0114286
       9       -5.03570      0.0114286
      10       -4.95967      0.0114286
      11       -4.33583      0.0114286
      12       -4.32800      0.0114286
      13        7.21043      0.0114286
      14        7.38861      0.0114286
      15        7.69475      0.0114286
      16        8.04255      0.0114286
      17        8.34136      0.0114286
      18        8.46168      0.0114286
      19        9.70458      0.0114286
      20        9.86285      0.0114286
      21        10.2703      0.0114286
      22        10.5381      0.0114286
      23        10.6442      0.0114286
      24        10.9330      0.0114286
      25        17.1605        0.00000
      26        17.2876        0.00000
      27        17.5058        0.00000
      28        17.6686        0.00000
      29        19.3267        0.00000
      30        19.6056        0.00000
      31        20.4227        0.00000
      32        20.8545        0.00000
      33        21.5765        0.00000
      34        21.7652        0.00000

 200/216 kpoint (Cartesian) = 0.084352 0.11247 0.083463 (7385 pws)
       1       -47.6556      0.0114286
       2       -47.6548      0.0114286
       3       -17.5562      0.0114286
       4       -17.5370      0.0114286
       5       -17.4384      0.0114286
       6       -17.3982      0.0114286
       7       -17.2767      0.0114286
       8       -17.2721      0.0114286
       9       -4.78904      0.0114286
      10       -4.74598      0.0114286
      11       -4.42924      0.0114286
      12       -4.40098      0.0114286
      13        6.95299      0.0114286
      14        7.15821      0.0114286
      15        7.52077      0.0114286
      16        7.72342      0.0114286
      17        8.62324      0.0114286
      18        8.76805      0.0114286
      19        9.45893      0.0114286
      20        9.73408      0.0114286
      21        10.6416      0.0114286
      22        10.6733      0.0114286
      23        11.0017      0.0114286
      24        11.1036      0.0114286
      25        17.2747        0.00000
      26        17.3897        0.00000
      27        17.7138        0.00000
      28        17.8357        0.00000
      29        19.3495        0.00000
      30        19.6764        0.00000
      31        19.8705        0.00000
      32        20.2391        0.00000
      33        21.3487        0.00000
      34        21.4557        0.00000

 201/216 kpoint (Cartesian) = 0.11247 0.11247 0.083463 (7377 pws)
       1       -47.6539      0.0114286
       2       -47.6535      0.0114286
       3       -17.5413      0.0114286
       4       -17.5177      0.0114286
       5       -17.4891      0.0114286
       6       -17.4505      0.0114286
       7       -17.2952      0.0114286
       8       -17.2931      0.0114286
       9       -4.62816      0.0114286
      10       -4.56576      0.0114286
      11       -4.50499      0.0114286
      12       -4.42260      0.0114286
      13        6.77193      0.0114286
      14        6.92191      0.0114286
      15        7.32974      0.0114286
      16        7.48573      0.0114286
      17        8.97239      0.0114286
      18        9.15965      0.0114286
      19        9.43285      0.0114286
      20        9.71422      0.0114286
      21        10.5594      0.0114286
      22        10.5657      0.0114286
      23        11.3229      0.0114286
      24        11.3938      0.0114286
      25        17.4256        0.00000
      26        17.5852        0.00000
      27        17.7486        0.00000
      28        17.8950        0.00000
      29        19.3638        0.00000
      30        19.4923        0.00000
      31        19.6424        0.00000
      32        19.6747        0.00000
      33        21.1936        0.00000
      34        21.2372        0.00000

 202/216 kpoint (Cartesian) = 0.14059 0.11247 0.083463 (7400 pws)
       1       -47.6531      0.0114286
       2       -47.6531      0.0114286
       3       -17.5446      0.0114286
       4       -17.5396      0.0114286
       5       -17.4706      0.0114286
       6       -17.4653      0.0114286
       7       -17.3040      0.0114286
       8       -17.3032      0.0114286
       9       -4.58172      0.0114286
      10       -4.57863      0.0114286
      11       -4.43461      0.0114286
      12       -4.43180      0.0114286
      13        6.75160      0.0114286
      14        6.75385      0.0114286
      15        7.34580      0.0114286
      16        7.34922      0.0114286
      17        9.11187      0.0114286
      18        9.11825      0.0114286
      19        9.76924      0.0114286
      20        9.77272      0.0114286
      21        10.4139      0.0114286
      22        10.4200      0.0114286
      23        11.4644      0.0114286
      24        11.4683      0.0114286
      25        17.6123        0.00000
      26        17.6250        0.00000
      27        17.7948        0.00000
      28        17.8099        0.00000
      29        19.3183        0.00000
      30        19.3440        0.00000
      31        19.5284        0.00000
      32        19.5536        0.00000
      33        21.1571        0.00000
      34        21.1599        0.00000

 203/216 kpoint (Cartesian) = -0.11247 0.11247 0.083463 (7377 pws)
       1       -47.6539      0.0114286
       2       -47.6535      0.0114286
       3       -17.5419      0.0114286
       4       -17.5178      0.0114286
       5       -17.4882      0.0114286
       6       -17.4505      0.0114286
       7       -17.2949      0.0114286
       8       -17.2935      0.0114286
       9       -4.62871      0.0114286
      10       -4.56540      0.0114286
      11       -4.50462      0.0114286
      12       -4.42280      0.0114286
      13        6.76992      0.0114286
      14        6.92315      0.0114286
      15        7.33301      0.0114286
      16        7.48370      0.0114286
      17        8.97541      0.0114286
      18        9.16289      0.0114286
      19        9.42866      0.0114286
      20        9.70996      0.0114286
      21        10.5607      0.0114286
      22        10.5652      0.0114286
      23        11.3227      0.0114286
      24        11.3945      0.0114286
      25        17.4249        0.00000
      26        17.5859        0.00000
      27        17.7509        0.00000
      28        17.8932        0.00000
      29        19.3672        0.00000
      30        19.4880        0.00000
      31        19.6472        0.00000
      32        19.6696        0.00000
      33        21.1932        0.00000
      34        21.2382        0.00000

 204/216 kpoint (Cartesian) = -0.084352 0.11247 0.083463 (7385 pws)
       1       -47.6556      0.0114286
       2       -47.6548      0.0114286
       3       -17.5564      0.0114286
       4       -17.5372      0.0114286
       5       -17.4375      0.0114286
       6       -17.3983      0.0114286
       7       -17.2770      0.0114286
       8       -17.2722      0.0114286
       9       -4.78852      0.0114286
      10       -4.74674      0.0114286
      11       -4.42921      0.0114286
      12       -4.40079      0.0114286
      13        6.95094      0.0114286
      14        7.15949      0.0114286
      15        7.52337      0.0114286
      16        7.72226      0.0114286
      17        8.62839      0.0114286
      18        8.76696      0.0114286
      19        9.45704      0.0114286
      20        9.72969      0.0114286
      21        10.6437      0.0114286
      22        10.6681      0.0114286
      23        11.0061      0.0114286
      24        11.1031      0.0114286
      25        17.2742        0.00000
      26        17.3905        0.00000
      27        17.7161        0.00000
      28        17.8335        0.00000
      29        19.3491        0.00000
      30        19.6780        0.00000
      31        19.8700        0.00000
      32        20.2371        0.00000
      33        21.3488        0.00000
      34        21.4564        0.00000

 205/216 kpoint (Cartesian) = -0.056235 0.11247 0.083463 (7388 pws)
       1       -47.6577      0.0114286
       2       -47.6565      0.0114286
       3       -17.5914      0.0114286
       4       -17.5680      0.0114286
       5       -17.3576      0.0114286
       6       -17.3137      0.0114286
       7       -17.2604      0.0114286
       8       -17.2496      0.0114286
       9       -5.03514      0.0114286
      10       -4.96041      0.0114286
      11       -4.33579      0.0114286
      12       -4.32788      0.0114286
      13        7.20920      0.0114286
      14        7.38972      0.0114286
      15        7.69324      0.0114286
      16        8.04752      0.0114286
      17        8.34281      0.0114286
      18        8.46003      0.0114286
      19        9.70235      0.0114286
      20        9.86117      0.0114286
      21        10.2656      0.0114286
      22        10.5416      0.0114286
      23        10.6429      0.0114286
      24        10.9357      0.0114286
      25        17.1601        0.00000
      26        17.2882        0.00000
      27        17.5074        0.00000
      28        17.6665        0.00000
      29        19.3262        0.00000
      30        19.6069        0.00000
      31        20.4234        0.00000
      32        20.8526        0.00000
      33        21.5775        0.00000
      34        21.7648        0.00000

 206/216 kpoint (Cartesian) = -0.028117 0.11247 0.083463 (7403 pws)
       1       -47.6593      0.0114286
       2       -47.6580      0.0114286
       3       -17.6192      0.0114286
       4       -17.5910      0.0114286
       5       -17.2992      0.0114286
       6       -17.2491      0.0114286
       7       -17.2412      0.0114286
       8       -17.2257      0.0114286
       9       -5.23308      0.0114286
      10       -5.13829      0.0114286
      11       -4.27303      0.0114286
      12       -4.24786      0.0114286
      13        7.43062      0.0114286
      14        7.58120      0.0114286
      15        7.68986      0.0114286
      16        7.91229      0.0114286
      17        8.45427      0.0114286
      18        8.81464      0.0114286
      19        9.65399      0.0114286
      20        9.82398      0.0114286
      21        10.0471      0.0114286
      22        10.2538      0.0114286
      23        10.4052      0.0114286
      24        10.8862      0.0114286
      25        16.9899        0.00000
      26        17.2723        0.00000
      27        17.2807        0.00000
      28        17.5215        0.00000
      29        19.3297        0.00000
      30        19.4779        0.00000
      31        20.9652        0.00000
      32        21.4095        0.00000
      33        21.7746        0.00000
      34        21.8655        0.00000

 207/216 kpoint (Cartesian) = 0.0000 0.14059 0.083463 (7408 pws)
       1       -47.6587     0.00571429
       2       -47.6586     0.00571429
       3       -17.6402     0.00571429
       4       -17.6367     0.00571429
       5       -17.2615     0.00571429
       6       -17.2598     0.00571429
       7       -17.2122     0.00571429
       8       -17.2096     0.00571429
       9       -5.24696     0.00571429
      10       -5.24507     0.00571429
      11       -4.20658     0.00571429
      12       -4.20349     0.00571429
      13        7.56342     0.00571429
      14        7.57420     0.00571429
      15        7.91143     0.00571429
      16        7.91346     0.00571429
      17        8.72195     0.00571429
      18        8.72941     0.00571429
      19        9.56847     0.00571429
      20        9.58580     0.00571429
      21        10.0930     0.00571429
      22        10.1050     0.00571429
      23        10.5981     0.00571429
      24        10.5986     0.00571429
      25        16.9684        0.00000
      26        16.9872        0.00000
      27        17.3383        0.00000
      28        17.3620        0.00000
      29        19.3703        0.00000
      30        19.3860        0.00000
      31        21.5241        0.00000
      32        21.5329        0.00000
      33        21.7562        0.00000
      34        21.7671        0.00000

 208/216 kpoint (Cartesian) = 0.028117 0.14059 0.083463 (7402 pws)
       1       -47.6581     0.00571429
       2       -47.6580     0.00571429
       3       -17.6307     0.00571429
       4       -17.6270     0.00571429
       5       -17.2720     0.00571429
       6       -17.2704     0.00571429
       7       -17.2339     0.00571429
       8       -17.2311     0.00571429
       9       -5.17372     0.00571429
      10       -5.17235     0.00571429
      11       -4.23442     0.00571429
      12       -4.23199     0.00571429
      13        7.56381     0.00571429
      14        7.56716     0.00571429
      15        7.83802     0.00571429
      16        7.84651     0.00571429
      17        8.51934     0.00571429
      18        8.52248     0.00571429
      19        9.83883     0.00571429
      20        9.85304     0.00571429
      21        10.1340     0.00571429
      22        10.1357     0.00571429
      23        10.5886     0.00571429
      24        10.5903     0.00571429
      25        17.0858        0.00000
      26        17.1011        0.00000
      27        17.3535        0.00000
      28        17.3759        0.00000
      29        19.3689        0.00000
      30        19.3881        0.00000
      31        21.2121        0.00000
      32        21.2195        0.00000
      33        21.8577        0.00000
      34        21.8579        0.00000

 209/216 kpoint (Cartesian) = 0.056235 0.14059 0.083463 (7386 pws)
       1       -47.6565     0.00571429
       2       -47.6565     0.00571429
       3       -17.6048     0.00571429
       4       -17.6007     0.00571429
       5       -17.3276     0.00571429
       6       -17.3247     0.00571429
       7       -17.2625     0.00571429
       8       -17.2606     0.00571429
       9       -4.98142     0.00571429
      10       -4.98139     0.00571429
      11       -4.30643     0.00571429
      12       -4.30565     0.00571429
      13        7.32070     0.00571429
      14        7.32098     0.00571429
      15        7.88947     0.00571429
      16        7.89303     0.00571429
      17        8.25861     0.00571429
      18        8.26713     0.00571429
      19        10.0472     0.00571429
      20        10.0472     0.00571429
      21        10.3684     0.00571429
      22        10.3866     0.00571429
      23        10.6740     0.00571429
      24        10.6754     0.00571429
      25        17.3322        0.00000
      26        17.3361        0.00000
      27        17.4282        0.00000
      28        17.4575        0.00000
      29        19.3551        0.00000
      30        19.3802        0.00000
      31        20.6872        0.00000
      32        20.6974        0.00000
      33        21.6573        0.00000
      34        21.6616        0.00000

 210/216 kpoint (Cartesian) = 0.084352 0.14059 0.083463 (7378 pws)
       1       -47.6547     0.00571429
       2       -47.6546     0.00571429
       3       -17.5709     0.00571429
       4       -17.5663     0.00571429
       5       -17.4100     0.00571429
       6       -17.4062     0.00571429
       7       -17.2836     0.00571429
       8       -17.2823     0.00571429
       9       -4.74509     0.00571429
      10       -4.74333     0.00571429
      11       -4.39355     0.00571429
      12       -4.39243     0.00571429
      13        7.01502     0.00571429
      14        7.01627     0.00571429
      15        7.56586     0.00571429
      16        7.56664     0.00571429
      17        8.64017     0.00571429
      18        8.64986     0.00571429
      19        9.87149     0.00571429
      20        9.87227     0.00571429
      21        10.5131     0.00571429
      22        10.5256     0.00571429
      23        11.0999     0.00571429
      24        11.1029     0.00571429
      25        17.4884        0.00000
      26        17.4973        0.00000
      27        17.6240        0.00000
      28        17.6449        0.00000
      29        19.3341        0.00000
      30        19.3620        0.00000
      31        20.0842        0.00000
      32        20.1016        0.00000
      33        21.3663        0.00000
      34        21.3704        0.00000

 211/216 kpoint (Cartesian) = 0.11247 0.14059 0.083463 (7400 pws)
       1       -47.6531     0.00571429
       2       -47.6531     0.00571429
       3       -17.5483     0.00571429
       4       -17.5429     0.00571429
       5       -17.4668     0.00571429
       6       -17.4624     0.00571429
       7       -17.3040     0.00571429
       8       -17.3034     0.00571429
       9       -4.56749     0.00571429
      10       -4.56418     0.00571429
      11       -4.44771     0.00571429
      12       -4.44531     0.00571429
      13        6.75586     0.00571429
      14        6.75793     0.00571429
      15        7.33953     0.00571429
      16        7.34128     0.00571429
      17        9.13772     0.00571429
      18        9.14102     0.00571429
      19        9.75419     0.00571429
      20        9.75483     0.00571429
      21        10.4023     0.00571429
      22        10.4113     0.00571429
      23        11.4688     0.00571429
      24        11.4691     0.00571429
      25        17.6258        0.00000
      26        17.6263        0.00000
      27        17.7917        0.00000
      28        17.7943        0.00000
      29        19.2964        0.00000
      30        19.3223        0.00000
      31        19.5526        0.00000
      32        19.5772        0.00000
      33        21.1547        0.00000
      34        21.1564        0.00000

 212/216 kpoint (Cartesian) = 0.14059 0.14059 0.083463 (7400 pws)
       1       -47.6525     0.00571429
       2       -47.6525     0.00571429
       3       -17.5487     0.00571429
       4       -17.5435     0.00571429
       5       -17.4771     0.00571429
       6       -17.4718     0.00571429
       7       -17.3138     0.00571429
       8       -17.3137     0.00571429
       9       -4.53654     0.00571429
      10       -4.53249     0.00571429
      11       -4.43056     0.00571429
      12       -4.42784     0.00571429
      13        6.65108     0.00571429
      14        6.65224     0.00571429
      15        7.27314     0.00571429
      16        7.27391     0.00571429
      17        9.34295     0.00571429
      18        9.34407     0.00571429
      19        9.81805     0.00571429
      20        9.82277     0.00571429
      21        10.2455     0.00571429
      22        10.2477     0.00571429
      23        11.5897     0.00571429
      24        11.5918     0.00571429
      25        17.6792        0.00000
      26        17.6862        0.00000
      27        17.8767        0.00000
      28        17.8834        0.00000
      29        19.2343        0.00000
      30        19.2551        0.00000
      31        19.3467        0.00000
      32        19.3778        0.00000
      33        21.0869        0.00000
      34        21.0873        0.00000

 213/216 kpoint (Cartesian) = -0.11247 0.14059 0.083463 (7400 pws)
       1       -47.6531     0.00571429
       2       -47.6531     0.00571429
       3       -17.5482     0.00571429
       4       -17.5436     0.00571429
       5       -17.4670     0.00571429
       6       -17.4614     0.00571429
       7       -17.3040     0.00571429
       8       -17.3038     0.00571429
       9       -4.56799     0.00571429
      10       -4.56415     0.00571429
      11       -4.44720     0.00571429
      12       -4.44535     0.00571429
      13        6.75623     0.00571429
      14        6.75713     0.00571429
      15        7.34002     0.00571429
      16        7.34193     0.00571429
      17        9.13744     0.00571429
      18        9.14462     0.00571429
      19        9.74965     0.00571429
      20        9.75392     0.00571429
      21        10.4023     0.00571429
      22        10.4116     0.00571429
      23        11.4690     0.00571429
      24        11.4694     0.00571429
      25        17.6258        0.00000
      26        17.6293        0.00000
      27        17.7916        0.00000
      28        17.7929        0.00000
      29        19.2960        0.00000
      30        19.3212        0.00000
      31        19.5521        0.00000
      32        19.5771        0.00000
      33        21.1558        0.00000
      34        21.1560        0.00000

 214/216 kpoint (Cartesian) = -0.084352 0.14059 0.083463 (7378 pws)
       1       -47.6547     0.00571429
       2       -47.6546     0.00571429
       3       -17.5709     0.00571429
       4       -17.5667     0.00571429
       5       -17.4102     0.00571429
       6       -17.4052     0.00571429
       7       -17.2835     0.00571429
       8       -17.2829     0.00571429
       9       -4.74536     0.00571429
      10       -4.74334     0.00571429
      11       -4.39328     0.00571429
      12       -4.39244     0.00571429
      13        7.01401     0.00571429
      14        7.01702     0.00571429
      15        7.56448     0.00571429
      16        7.56904     0.00571429
      17        8.64062     0.00571429
      18        8.65228     0.00571429
      19        9.86768     0.00571429
      20        9.87069     0.00571429
      21        10.5112     0.00571429
      22        10.5264     0.00571429
      23        11.1015     0.00571429
      24        11.1033     0.00571429
      25        17.4946        0.00000
      26        17.4950        0.00000
      27        17.6277        0.00000
      28        17.6385        0.00000
      29        19.3344        0.00000
      30        19.3615        0.00000
      31        20.0835        0.00000
      32        20.1005        0.00000
      33        21.3678        0.00000
      34        21.3698        0.00000

 215/216 kpoint (Cartesian) = -0.056235 0.14059 0.083463 (7386 pws)
       1       -47.6565     0.00571429
       2       -47.6565     0.00571429
       3       -17.6047     0.00571429
       4       -17.6009     0.00571429
       5       -17.3278     0.00571429
       6       -17.3235     0.00571429
       7       -17.2624     0.00571429
       8       -17.2615     0.00571429
       9       -4.98156     0.00571429
      10       -4.98140     0.00571429
      11       -4.30644     0.00571429
      12       -4.30551     0.00571429
      13        7.32027     0.00571429
      14        7.32216     0.00571429
      15        7.88811     0.00571429
      16        7.89214     0.00571429
      17        8.25937     0.00571429
      18        8.27094     0.00571429
      19        10.0444     0.00571429
      20        10.0446     0.00571429
      21        10.3634     0.00571429
      22        10.3867     0.00571429
      23        10.6760     0.00571429
      24        10.6801     0.00571429
      25        17.3323        0.00000
      26        17.3399        0.00000
      27        17.4330        0.00000
      28        17.4489        0.00000
      29        19.3559        0.00000
      30        19.3799        0.00000
      31        20.6872        0.00000
      32        20.6962        0.00000
      33        21.6582        0.00000
      34        21.6613        0.00000

 216/216 kpoint (Cartesian) = -0.028117 0.14059 0.083463 (7402 pws)
       1       -47.6581     0.00571429
       2       -47.6580     0.00571429
       3       -17.6307     0.00571429
       4       -17.6271     0.00571429
       5       -17.2721     0.00571429
       6       -17.2694     0.00571429
       7       -17.2338     0.00571429
       8       -17.2319     0.00571429
       9       -5.17373     0.00571429
      10       -5.17242     0.00571429
      11       -4.23442     0.00571429
      12       -4.23193     0.00571429
      13        7.56272     0.00571429
      14        7.56928     0.00571429
      15        7.84012     0.00571429
      16        7.84350     0.00571429
      17        8.52174     0.00571429
      18        8.52201     0.00571429
      19        9.83637     0.00571429
      20        9.85290     0.00571429
      21        10.1314     0.00571429
      22        10.1350     0.00571429
      23        10.5907     0.00571429
      24        10.5917     0.00571429
      25        17.0856        0.00000
      26        17.1024        0.00000
      27        17.3543        0.00000
      28        17.3739        0.00000
      29        19.3697        0.00000
      30        19.3880        0.00000
      31        21.2130        0.00000
      32        21.2192        0.00000
      33        21.8566        0.00000
      34        21.8576        0.00000


 Warning_Memory_Consuming allocated:  ORB::Jl(x) 1106.24 MB

 Warning_Memory_Consuming allocated:  Force::dS_K 39.3693 MB

 Warning_Memory_Consuming allocated:  Force::dTVNL 39.3693 MB

 Warning_Memory_Consuming allocated:  DensityMatrix::DMR 13.1907 MB
 correction force for each atom along direction 1 is -1.42223e-06
 correction force for each atom along direction 2 is 0.000116648
 correction force for each atom along direction 3 is 4.65297e-06
------------------------------------------------------------------------------------------
 TOTAL-FORCE (eV/Angstrom)                                                                
------------------------------------------------------------------------------------------
                       Hf1        -0.0604185363         0.0000000000        -0.2190637715 
                       Hf2         0.0030952694         0.0000000000         0.1348847323 
                        O1        -0.0103183139         0.0000000000        -0.0115941534 
                        O2         0.0543112099         0.0000000000         0.0525122872 
                        O3         0.0078481542         0.0000000000         0.0549461212 
                        O4         0.0054822167         0.0000000000        -0.0116852158 
------------------------------------------------------------------------------------------



 --------------------------------------------
 !FINAL_ETOT_IS -4878.933577499727 eV
 --------------------------------------------


TIME STATISTICS
------------------------------------------------------------------------------------
    CLASS_NAME                    NAME                TIME/s  CALLS   AVG/s  PER/%  
------------------------------------------------------------------------------------
                   total                              111.02 13       8.54   100.00 
 Driver            reading                            0.03   1        0.03   0.03   
 Input_Conv        Convert                            0.00   1        0.00   0.00   
 Driver            driver_line                        110.99 1        110.99 99.97  
 UnitCell          check_tau                          0.00   1        0.00   0.00   
 ESolver_KS_LCAO   before_all_runners                 0.89   1        0.89   0.81   
 PW_Basis_Sup      setuptransform                     0.01   1        0.01   0.01   
 PW_Basis_Sup      distributeg                        0.00   1        0.00   0.00   
 mymath            heapsort                           0.01   267      0.00   0.00   
 Charge_Mixing     init_mixing                        0.00   1        0.00   0.00   
 Symmetry          analy_sys                          0.02   1        0.02   0.02   
 PW_Basis_K        setuptransform                     0.06   1        0.06   0.05   
 PW_Basis_K        distributeg                        0.00   1        0.00   0.00   
 PW_Basis          setup_struc_factor                 0.01   1        0.01   0.01   
 NOrbital_Lm       extra_uniform                      1.51   681      0.00   1.36   
 Mathzone_Add1     SplineD2                           0.01   681      0.00   0.01   
 Mathzone_Add1     Cubic_Spline_Interpolation         0.01   681      0.00   0.01   
 Mathzone_Add1     Uni_Deriv_Phi                      1.45   681      0.00   1.30   
 ppcell_vl         init_vloc                          0.01   1        0.01   0.01   
 Ions              opt_ions                           110.04 1        110.04 99.12  
 ESolver_KS_LCAO   runner                             106.08 1        106.08 95.54  
 ESolver_KS_LCAO   before_scf                         0.13   1        0.13   0.12   
 atom_arrange      search                             0.00   1        0.00   0.00   
 atom_arrange      grid_d.init                        0.00   1        0.00   0.00   
 Grid              Construct_Adjacent_expand          0.00   1        0.00   0.00   
 Grid              Construct_Adjacent_expand_periodic 0.00   6        0.00   0.00   
 Grid_Technique    init                               0.03   1        0.03   0.02   
 Grid_BigCell      grid_expansion_index               0.00   2        0.00   0.00   
 Grid_Driver       Find_atom                          0.00   37       0.00   0.00   
 Record_adj        for_2d                             0.01   1        0.01   0.01   
 LCAO_domain       grid_prepare                       0.00   1        0.00   0.00   
 Veff              initialize_HR                      0.00   1        0.00   0.00   
 OverlapNew        initialize_SR                      0.01   1        0.01   0.01   
 EkineticNew       initialize_HR                      0.00   1        0.00   0.00   
 NonlocalNew       initialize_HR                      0.01   1        0.01   0.01   
 Charge            set_rho_core                       0.01   1        0.01   0.01   
 PW_Basis_Sup      recip2real                         0.06   97       0.00   0.05   
 PW_Basis_Sup      gathers_scatterp                   0.00   97       0.00   0.00   
 ModuleIO          read_rhog                          0.01   1        0.01   0.01   
 Potential         init_pot                           0.01   1        0.01   0.01   
 Potential         update_from_charge                 0.19   13       0.01   0.17   
 Potential         cal_fixed_v                        0.00   1        0.00   0.00   
 PotLocal          cal_fixed_v                        0.00   1        0.00   0.00   
 Potential         cal_v_eff                          0.19   13       0.01   0.17   
 H_Hartree_pw      v_hartree                          0.02   13       0.00   0.02   
 PW_Basis_Sup      real2recip                         0.06   112      0.00   0.06   
 PW_Basis_Sup      gatherp_scatters                   0.01   112      0.00   0.01   
 PotXC             cal_v_eff                          0.15   13       0.01   0.14   
 XC_Functional     v_xc                               0.16   14       0.01   0.15   
 Potential         interpolate_vrs                    0.00   13       0.00   0.00   
 Symmetry          rhog_symmetry                      0.12   13       0.01   0.10   
 Symmetry          group fft grids                    0.07   13       0.01   0.06   
 H_Ewald_pw        compute_ewald                      0.00   1        0.00   0.00   
 HSolverLCAO       solve                              87.99  12       7.33   79.26  
 HamiltLCAO        updateHk                           10.63  2592     0.00   9.57   
 OperatorLCAO      init                               9.21   7776     0.00   8.30   
 Veff              contributeHR                       5.31   12       0.44   4.78   
 Gint_interface    cal_gint                           9.26   25       0.37   8.34   
 Gint_interface    cal_gint_vlocal                    4.81   12       0.40   4.33   
 Gint_Tools        cal_psir_ylm                       3.09   804      0.00   2.78   
 Gint_k            transfer_pvpR                      0.07   12       0.01   0.07   
 OverlapNew        calculate_SR                       0.76   1        0.76   0.68   
 OverlapNew        contributeHk                       0.65   2592     0.00   0.59   
 EkineticNew       contributeHR                       1.62   12       0.13   1.46   
 EkineticNew       calculate_HR                       1.61   1        1.61   1.45   
 NonlocalNew       contributeHR                       1.59   12       0.13   1.43   
 NonlocalNew       calculate_HR                       1.52   1        1.52   1.37   
 OperatorLCAO      contributeHk                       0.57   2592     0.00   0.52   
 HSolverLCAO       hamiltSolvePsiK                    72.60  2592     0.03   65.39  
 DiagoElpa         elpa_solve                         71.80  2592     0.03   64.67  
 elecstate         cal_dm                             0.68   13       0.05   0.61   
 psiMulPsiMpi      pdgemm                             0.59   2808     0.00   0.53   
 DensityMatrix     cal_DMR                            0.53   13       0.04   0.48   
 ElecStateLCAO     psiToRho                           3.65   12       0.30   3.29   
 Gint              transfer_DMR                       0.17   12       0.01   0.15   
 Gint_interface    cal_gint_rho                       3.47   12       0.29   3.12   
 Charge_Mixing     get_drho                           0.00   12       0.00   0.00   
 Charge            mix_rho                            0.05   11       0.00   0.05   
 Charge            Broyden_mixing                     0.01   11       0.00   0.01   
 ModuleIO          write_rhog                         0.02   1        0.02   0.01   
 ESolver_KS_LCAO   after_scf                          17.53  1        17.53  15.79  
 Charge            atomic_rho                         0.01   1        0.01   0.00   
 ModuleIO          output_HSR                         2.34   1        2.34   2.10   
 ModuleIO          save_HSR_sparse                    1.80   1        1.80   1.62   
 cal_r_overlap_R   init                               6.79   1        6.79   6.12   
 ORB_gaunt_table   init_Gaunt_CH                      0.00   1        0.00   0.00   
 ORB_gaunt_table   Calc_Gaunt_CH                      0.00   3738     0.00   0.00   
 ORB_gaunt_table   init_Gaunt                         0.04   1        0.04   0.03   
 ORB_gaunt_table   Get_Gaunt_SH                       0.01   78408    0.00   0.01   
 Center2_Orb       cal_ST_Phi12_R                     3.81   1699     0.00   3.43   
 cal_r_overlap_R   out_rR_other                       8.32   1        8.32   7.49   
 ESolver_KS_LCAO   cal_force                          3.96   1        3.96   3.57   
 Force_Stress_LCAO getForceStress                     3.96   1        3.96   3.57   
 Forces            cal_force_loc                      0.01   1        0.01   0.01   
 Forces            cal_force_ew                       0.01   1        0.01   0.00   
 Forces            cal_force_cc                       0.02   1        0.02   0.02   
 Forces            cal_force_scc                      0.00   1        0.00   0.00   
 Force_LCAO        ftable                             3.26   1        3.26   2.93   
 Force_LCAO        allocate                           2.55   1        2.55   2.30   
 LCAO_domain       build_ST_new                       2.55   2        1.28   2.30   
 Force_LCAO        cal_pulay_fs_center2               0.01   2        0.01   0.01   
 Gint_interface    cal_gint_force                     0.56   1        0.56   0.51   
 Gint_Tools        cal_dpsir_ylm                      0.22   33       0.01   0.19   
 NonlocalNew       cal_force_stress                   0.67   1        0.67   0.60   
 ESolver_KS_LCAO   after_all_runners                  0.03   1        0.03   0.03   
 ModuleIO          write_istate_info                  0.03   1        0.03   0.03   
------------------------------------------------------------------------------------


 NAME-------------------------|MEMORY(MB)--------
                         total          1410.
                    ORB::Jl(x)          1106.
            DensityMatrix::DMK          82.28
                   Force::dS_K          39.37
                  Force::dTVNL          39.37
                  PW_B_K::gcar          36.80
                HamiltLCAO::hR          13.19
            DensityMatrix::DMR          13.19
                   PW_B_K::gk2          12.27
                HamiltLCAO::sR          10.74
                  Gint::hRGint          10.74
                 Gint::DMRGint          10.74
       TwoCenterTable: Kinetic          8.544
       TwoCenterTable: Overlap          8.544
      TwoCenterTable: Nonlocal          5.689
                  SF::strucFac          1.808
 -------------   < 1.0 MB has been ignored ----------------
 ----------------------------------------------------------

 Start  Time  : Fri Sep  4 11:38:37 2026
 Finish Time  : Fri Sep  4 11:40:28 2026
 Total  Time  : 0 h 1 mins 51 secs 
