# frequency_cm-1 intensity_normalized
0.000000000000000000e+00 3.402185908037075931e-04
3.569734065418118107e-01 3.414593635399799780e-04
7.139468130836236215e-01 3.427090527535395616e-04
1.070920219625435488e+00 3.439677627087740493e-04
1.427893626167247243e+00 3.452355993642389014e-04
1.784867032709058998e+00 3.465126704072973222e-04
2.141840439250870975e+00 3.477990852896037030e-04
2.498813845792682731e+00 3.490949552634542105e-04
2.855787252334494486e+00 3.504003934190290772e-04
3.212760658876306241e+00 3.517155147225524523e-04
3.569734065418117996e+00 3.530404360553946407e-04
3.926707471959929752e+00 3.543752762541447577e-04
4.283680878501741951e+00 3.557201561516806321e-04
4.640654285043553706e+00 3.570751986192661001e-04
4.997627691585365461e+00 3.584405286097027397e-04
5.354601098127177217e+00 3.598162732015695474e-04
5.711574504668988972e+00 3.612025616445801025e-04
6.068547911210800727e+00 3.625995254060901786e-04
6.425521317752612482e+00 3.640072982187898994e-04
6.782494724294424238e+00 3.654260161296156765e-04
7.139468130836235993e+00 3.668558175499158649e-04
7.496441537378047748e+00 3.682968433069098708e-04
7.853414943919859503e+00 3.697492366964769258e-04
8.210388350461672147e+00 3.712131435373160508e-04
8.567361757003483902e+00 3.726887122265161879e-04
8.924335163545295657e+00 3.741760937965807354e-04
9.281308570087107412e+00 3.756754419739489863e-04
9.638281976628919168e+00 3.771869132390613623e-04
9.995255383170730923e+00 3.787106668880128955e-04
1.035222878971254268e+01 3.802468650958459157e-04
1.070920219625435443e+01 3.817956729815306775e-04
1.106617560279616619e+01 3.833572586746864571e-04
1.142314900933797794e+01 3.849317933840958657e-04
1.178012241587978970e+01 3.865194514680696789e-04
1.213709582242160145e+01 3.881204105067179101e-04
1.249406922896341321e+01 3.897348513761873562e-04
1.285104263550522496e+01 3.913629583249284439e-04
1.320801604204703672e+01 3.930049190520520930e-04
1.356498944858884848e+01 3.946609247878471774e-04
1.392196285513066023e+01 3.963311703765227696e-04
1.427893626167247199e+01 3.980158543612478624e-04
1.463590966821428374e+01 3.997151790715638151e-04
1.499288307475609550e+01 4.014293507132419983e-04
1.534985648129790725e+01 4.031585794606681742e-04
1.570682988783971901e+01 4.049030795518348690e-04
1.606380329438153254e+01 4.066630693860263089e-04
1.642077670092334429e+01 4.084387716242829781e-04
1.677775010746515605e+01 4.102304132927387173e-04
1.713472351400696780e+01 4.120382258889226804e-04
1.749169692054877956e+01 4.138624454911271990e-04
1.784867032709059131e+01 4.157033128709385897e-04
1.820564373363240307e+01 4.175610736090420343e-04
1.856261714017421482e+01 4.194359782144041851e-04
1.891959054671602658e+01 4.213282822469532419e-04
1.927656395325783834e+01 4.232382464438675263e-04
1.963353735979965009e+01 4.251661368496017341e-04
1.999051076634146185e+01 4.271122249497726758e-04
2.034748417288327360e+01 4.290767878090397613e-04
2.070445757942508536e+01 4.310601082131155885e-04
2.106143098596689711e+01 4.330624748150496456e-04
2.141840439250870887e+01 4.350841822859330085e-04
2.177537779905052062e+01 4.371255314701785895e-04
2.213235120559233238e+01 4.391868295455338741e-04
2.248932461213414413e+01 4.412683901879970697e-04
2.284629801867595589e+01 4.433705337418032558e-04
2.320327142521776764e+01 4.454935873946665832e-04
2.356024483175957940e+01 4.476378853584594216e-04
2.391721823830139115e+01 4.498037690555268652e-04
2.427419164484320291e+01 4.519915873108360351e-04
2.463116505138501466e+01 4.542016965501720306e-04
2.498813845792682642e+01 4.564344610045985642e-04
2.534511186446863817e+01 4.586902529214115037e-04
2.570208527101044993e+01 4.609694527818211348e-04
2.605905867755226168e+01 4.632724495256128924e-04
2.641603208409407344e+01 4.655996407830400989e-04
2.677300549063588520e+01 4.679514331142197608e-04
2.712997889717769695e+01 4.703282422563073001e-04
2.748695230371950871e+01 4.727304933787460973e-04
2.784392571026132046e+01 4.751586213468872921e-04
2.820089911680313222e+01 4.776130709943043440e-04
2.855787252334494397e+01 4.800942974041238175e-04
2.891484592988675573e+01 4.826027661997234035e-04
2.927181933642856748e+01 4.851389538451480782e-04
2.962879274297037924e+01 4.877033479556249006e-04
2.998576614951219099e+01 4.902964476185613400e-04
3.034273955605400275e+01 4.929187637254373424e-04
3.069971296259581450e+01 4.955708193150148945e-04
3.105668636913762626e+01 4.982531499283090679e-04
3.141365977567943801e+01 5.009663039757826291e-04
3.177063318222124977e+01 5.037108431172513485e-04
3.212760658876306508e+01 5.064873426550004203e-04
3.248457999530487683e+01 5.092963919406470492e-04
3.284155340184668859e+01 5.121385947962940133e-04
3.319852680838850034e+01 5.150145699505582651e-04
3.355550021493031210e+01 5.179249514900725057e-04
3.391247362147212385e+01 5.208703893270964867e-04
3.426944702801393561e+01 5.238515496838922446e-04
3.462642043455574736e+01 5.268691155945603045e-04
3.498339384109755912e+01 5.299237874250560011e-04
3.534036724763937087e+01 5.330162834121446444e-04
3.569734065418118263e+01 5.361473402220872124e-04
3.605431406072299438e+01 5.393177135298885894e-04
3.641128746726480614e+01 5.425281786199745177e-04
3.676826087380661789e+01 5.457795310092136308e-04
3.712523428034842965e+01 5.490725870932324859e-04
3.748220768689024140e+01 5.524081848170330974e-04
3.783918109343205316e+01 5.557871843709545623e-04
3.819615449997386492e+01 5.592104689130843404e-04
3.855312790651567667e+01 5.626789453192749483e-04
3.891010131305748843e+01 5.661935449619740846e-04
3.926707471959930018e+01 5.697552245191424497e-04
3.962404812614111194e+01 5.733649668145973828e-04
3.998102153268292369e+01 5.770237816911787674e-04
4.033799493922473545e+01 5.807327069182170341e-04
4.069496834576654720e+01 5.844928091348466220e-04
4.105194175230835896e+01 5.883051848307941289e-04
4.140891515885017071e+01 5.921709613663512627e-04
4.176588856539198247e+01 5.960912980333310691e-04
4.212286197193379422e+01 6.000673871588989338e-04
4.247983537847560598e+01 6.041004552542710146e-04
4.283680878501741773e+01 6.081917642103714218e-04
4.319378219155922949e+01 6.123426125426590511e-04
4.355075559810104124e+01 6.165543366874419841e-04
4.390772900464285300e+01 6.208283123521300814e-04
4.426470241118466475e+01 6.251659559220010699e-04
4.462167581772647651e+01 6.295687259262003907e-04
4.497864922426828826e+01 6.340381245658372085e-04
4.533562263081010002e+01 6.385756993072009636e-04
4.569259603735191178e+01 6.431830445432858059e-04
4.604956944389372353e+01 6.478618033269858880e-04
4.640654285043553529e+01 6.526136691795157490e-04
4.676351625697734704e+01 6.574403879778045268e-04
4.712048966351915880e+01 6.623437599248278417e-04
4.747746307006097055e+01 6.673256416070620471e-04
4.783443647660278231e+01 6.723879481434885111e-04
4.819140988314459406e+01 6.775326554308264788e-04
4.854838328968640582e+01 6.827618024899452000e-04
4.890535669622821757e+01 6.880774939186922335e-04
4.926233010277002933e+01 6.934819024566851427e-04
4.961930350931184108e+01 6.989772716679329813e-04
4.997627691585365284e+01 7.045659187475121921e-04
5.033325032239546459e+01 7.102502374588805191e-04
5.069022372893727635e+01 7.160327012088210609e-04
5.104719713547908810e+01 7.219158662674189653e-04
5.140417054202089986e+01 7.279023751409330724e-04
5.176114394856271161e+01 7.339949601059002392e-04
5.211811735510452337e+01 7.401964469133261561e-04
5.247509076164633512e+01 7.465097586723708212e-04
5.283206416818814688e+01 7.529379199235125466e-04
5.318903757472995864e+01 7.594840609118189319e-04
5.354601098127177039e+01 7.661514220716104809e-04
5.390298438781358215e+01 7.729433587345373039e-04
5.425995779435539390e+01 7.798633460738476362e-04
5.461693120089720566e+01 7.869149842984656451e-04
5.497390460743901741e+01 7.941020041113759339e-04
5.533087801398082917e+01 8.014282724477648405e-04
5.568785142052264092e+01 8.088977985093902734e-04
5.604482482706445268e+01 8.165147401127513136e-04
5.640179823360626443e+01 8.242834103697969364e-04
5.675877164014807619e+01 8.322082847211947259e-04
5.711574504668988794e+01 8.402940083435229230e-04
5.747271845323169970e+01 8.485454039532339555e-04
5.782969185977351145e+01 8.569674800317962507e-04
5.818666526631532321e+01 8.655654394981338474e-04
5.854363867285713496e+01 8.743446888563052117e-04
5.890061207939894672e+01 8.833108478483389517e-04
5.925758548594075847e+01 8.924697596442746853e-04
5.961455889248257023e+01 9.018275016037542030e-04
5.997153229902438198e+01 9.113903966459900195e-04
6.032850570556619374e+01 9.211650252676231113e-04
6.068547911210800549e+01 9.311582382508811189e-04
6.104245251864981725e+01 9.413771701075885744e-04
6.139942592519162901e+01 9.518292533079773061e-04
6.175639933173344076e+01 9.625222333469262521e-04
6.211337273827525252e+01 9.734641847042536846e-04
6.247034614481706427e+01 9.846635277600058241e-04
6.282731955135887603e+01 9.961290467303937548e-04
6.318429295790068778e+01 1.007869908695119363e-03
6.354126636444249954e+01 1.019895683792384307e-03
6.389823977098431129e+01 1.032216366663906348e-03
6.425521317752613015e+01 1.044842399238816305e-03
6.461218658406794191e+01 1.057784694952469467e-03
6.496915999060975366e+01 1.071054664503980807e-03
6.532613339715156542e+01 1.084664243264787812e-03
6.568310680369337717e+01 1.098625920459806457e-03
6.604008021023518893e+01 1.112952770252875973e-03
6.639705361677700068e+01 1.127658484879232167e-03
6.675402702331881244e+01 1.142757409979859628e-03
6.711100042986062419e+01 1.158264582305804915e-03
6.746797383640243595e+01 1.174195769975037995e-03
6.782494724294424771e+01 1.190567515480353729e-03
6.818192064948605946e+01 1.207397181664252245e-03
6.853889405602787122e+01 1.224703000895882490e-03
6.889586746256968297e+01 1.242504127706211669e-03
6.925284086911149473e+01 1.260820695160713885e-03
6.960981427565330648e+01 1.279673875274392946e-03
6.996678768219511824e+01 1.299085943802024117e-03
7.032376108873692999e+01 1.319080349767498637e-03
7.068073449527874175e+01 1.339681790130338879e-03
7.103770790182055350e+01 1.360916290025242096e-03
7.139468130836236526e+01 1.382811289052294536e-03
7.175165471490417701e+01 1.405395734141738542e-03
7.210862812144598877e+01 1.428700179568442559e-03
7.246560152798780052e+01 1.452756894748032102e-03
7.282257493452961228e+01 1.477599980509766925e-03
7.317954834107142403e+01 1.503265494611356369e-03
7.353652174761323579e+01 1.529791587338920518e-03
7.389349515415504754e+01 1.557218648122187833e-03
7.425046856069685930e+01 1.585589464191863212e-03
7.460744196723867105e+01 1.614949392414199948e-03
7.496441537378048281e+01 1.645346545558580087e-03
7.532138878032229456e+01 1.676831994388977131e-03
7.567836218686410632e+01 1.709459987121467444e-03
7.603533559340591808e+01 1.743288187959523986e-03
7.639230899994772983e+01 1.778377936609181094e-03
7.674928240648954159e+01 1.814794530890085364e-03
7.710625581303135334e+01 1.852607534799104779e-03
7.746322921957316510e+01 1.891891114654322206e-03
7.782020262611497685e+01 1.932724406253063772e-03
7.817717603265678861e+01 1.975191916323001257e-03
7.853414943919860036e+01 2.019383961935970577e-03
7.889112284574041212e+01 2.065397151996424194e-03
7.924809625228222387e+01 2.113334915417907842e-03
7.960506965882403563e+01 2.163308081170317934e-03
7.996204306536584738e+01 2.215435516028004155e-03
8.031901647190765914e+01 2.269844826585736951e-03
8.067598987844947089e+01 2.326673132949750623e-03
8.103296328499128265e+01 2.386067922470317109e-03
8.138993669153309440e+01 2.448187992978982132e-03
8.174691009807490616e+01 2.513204496249264123e-03
8.210388350461671791e+01 2.581302093839369597e-03
8.246085691115852967e+01 2.652680239128629366e-03
8.281783031770034142e+01 2.727554601260411774e-03
8.317480372424215318e+01 2.806158648893447224e-03
8.353177713078396494e+01 2.888745414188116385e-03
8.388875053732577669e+01 2.975589460369970282e-03
8.424572394386758845e+01 3.066989079584688666e-03
8.460269735040940020e+01 3.163268751663849115e-03
8.495967075695121196e+01 3.264781898949447019e-03
8.531664416349302371e+01 3.371913977583546052e-03
8.567361757003483547e+01 3.485085951782806394e-03
8.603059097657664722e+01 3.604758204733158385e-03
8.638756438311845898e+01 3.731434948030399462e-03
8.674453778966027073e+01 3.865669201261165682e-03
8.710151119620208249e+01 4.008068424602833843e-03
8.745848460274389424e+01 4.159300900498252677e-03
8.781545800928570600e+01 4.320102975853721758e-03
8.817243141582751775e+01 4.491287294189253744e-03
8.852940482236932951e+01 4.673752168165527278e-03
8.888637822891114126e+01 4.868492267406127061e-03
8.924335163545295302e+01 5.076610825066538157e-03
8.960032504199476477e+01 5.299333599761599581e-03
8.995729844853657653e+01 5.538024867871089996e-03
9.031427185507838828e+01 5.794205765516256476e-03
9.067124526162020004e+01 6.069575350193041029e-03
9.102821866816201180e+01 6.366034809549337738e-03
9.138519207470382355e+01 6.685715309160713583e-03
9.174216548124563531e+01 7.031010041850810875e-03
9.209913888778744706e+01 7.404611116562630387e-03
9.245611229432925882e+01 7.809552001796797073e-03
9.281308570087107057e+01 8.249256311315964277e-03
9.317005910741288233e+01 8.727593778118160686e-03
9.352703251395469408e+01 9.248944290074034499e-03
9.388400592049650584e+01 9.818270830625504611e-03
9.424097932703831759e+01 1.044120203894443114e-02
9.459795273358012935e+01 1.112412481151098947e-02
9.495492614012194110e+01 1.187428681263089786e-02
9.531189954666375286e+01 1.269990779593135888e-02
9.566887295320556461e+01 1.361029703962869652e-02
9.602584635974737637e+01 1.461597163690070596e-02
9.638281976628918812e+01 1.572876638261924351e-02
9.673979317283099988e+01 1.696191988299949188e-02
9.709676657937281163e+01 1.833011235557214375e-02
9.745373998591462339e+01 1.984941716328691638e-02
9.781071339245643514e+01 2.153710895871721945e-02
9.816768679899824690e+01 2.341124486277499500e-02
9.852466020554005866e+01 2.548990033591858051e-02
9.888163361208187041e+01 2.778989907779304616e-02
9.923860701862368217e+01 3.032483148970781250e-02
9.959558042516549392e+01 3.310212275547587402e-02
9.995255383170730568e+01 3.611891857748613516e-02
1.003095272382491174e+02 3.935665608624541040e-02
1.006665006447909292e+02 4.277445746788480219e-02
1.010234740513327409e+02 4.630201370133697064e-02
1.013804474578745527e+02 4.983346038046856941e-02
1.017374208644163645e+02 5.322477014059529693e-02
1.020943942709581762e+02 5.629796206334194281e-02
1.024513676774999880e+02 5.885514693655397034e-02
1.028083410840417997e+02 6.070320738862639703e-02
1.031653144905836115e+02 6.168563895323459639e-02
1.035222878971254232e+02 6.171333191133163143e-02
1.038792613036672350e+02 6.078393721178666775e-02
1.042362347102090467e+02 5.898239437051615297e-02
1.045932081167508585e+02 5.646241048777175114e-02
1.049501815232926702e+02 5.341601820580178100e-02
1.053071549298344820e+02 5.004155197604625432e-02
1.056641283363762938e+02 4.651846703502012653e-02
1.060211017429181055e+02 4.299273219874685803e-02
1.063780751494599173e+02 3.957217418459439001e-02
1.067350485560017290e+02 3.632881608270682045e-02
1.070920219625435408e+02 3.330488988475613366e-02
1.074489953690853525e+02 3.051994666007719348e-02
1.078059687756271643e+02 2.797751177216886015e-02
1.081629421821689760e+02 2.567058183354371109e-02
1.085199155887107878e+02 2.358580545286125332e-02
1.088768889952525996e+02 2.170647120563738361e-02
1.092338624017944113e+02 2.001453247018046208e-02
1.095908358083362231e+02 1.849190904739137983e-02
1.099478092148780348e+02 1.712127322137365140e-02
1.103047826214198466e+02 1.588648326355694695e-02
1.106617560279616583e+02 1.477278475424710809e-02
1.110187294345034701e+02 1.376686489405269144e-02
1.113757028410452818e+02 1.285681811118987057e-02
1.117326762475870936e+02 1.203206176131896982e-02
1.120896496541289054e+02 1.128322703284867848e-02
1.124466230606707171e+02 1.060204082260229885e-02
1.128035964672125289e+02 9.981208099229713082e-03
1.131605698737543406e+02 9.414300180459500220e-03
1.135175432802961524e+02 8.895651727331600409e-03
1.138745166868379641e+02 8.420267618498613812e-03
1.142314900933797759e+02 7.983739875533952743e-03
1.145884634999215876e+02 7.582174238591255812e-03
1.149454369064633994e+02 7.212125688496565101e-03
1.153024103130052112e+02 6.870542075693813512e-03
1.156593837195470229e+02 6.554714982508901173e-03
1.160163571260888347e+02 6.262236970366503314e-03
1.163733305326306464e+02 5.990964420767694656e-03
1.167303039391724582e+02 5.738985251065079583e-03
1.170872773457142699e+02 5.504590863030292373e-03
1.174442507522560817e+02 5.286251757846684336e-03
1.178012241587978934e+02 5.082596322148742567e-03
1.181581975653397052e+02 4.892392354445506547e-03
1.185151709718815169e+02 4.714530959125709172e-03
1.188721443784233287e+02 4.548012486281460126e-03
1.192291177849651405e+02 4.391934240181050511e-03
1.195860911915069522e+02 4.245479717919108630e-03
1.199430645980487640e+02 4.107909173189643916e-03
1.203000380045905757e+02 3.978551328885909268e-03
1.206570114111323875e+02 3.856796086921118749e-03
1.210139848176741992e+02 3.742088104828851947e-03
1.213709582242160110e+02 3.633921126827990844e-03
1.217279316307578227e+02 3.531832972554570238e-03
1.220849050372996345e+02 3.435401099946750782e-03
1.224418784438414463e+02 3.344238670144510442e-03
1.227988518503832580e+02 3.257991052011973733e-03
1.231558252569250698e+02 3.176332712247133695e-03
1.235127986634668815e+02 3.098964444215770130e-03
1.238697720700086933e+02 3.025610894807964028e-03
1.242267454765505050e+02 2.956018353915145815e-03
1.245837188830923168e+02 2.889952775689407991e-03
1.249406922896341285e+02 2.827198004681905422e-03
1.252976656961759403e+02 2.767554183354890493e-03
1.256546391027177521e+02 2.710836320399572213e-03
1.260116125092595638e+02 2.656873001835532294e-03
1.263685859158013756e+02 2.605505229072752667e-03
1.267255593223431873e+02 2.556585370032313492e-03
1.270825327288849991e+02 2.509976211086937560e-03
1.274395061354268108e+02 2.465550099032640975e-03
1.277964795419686226e+02 2.423188163567303096e-03
1.281534529485104486e+02 2.382779611856397813e-03
1.285104263550522603e+02 2.344221087731985370e-03
1.288673997615940721e+02 2.307416088917040465e-03
1.292243731681358838e+02 2.272274436409185173e-03
1.295813465746776956e+02 2.238711790809531140e-03
1.299383199812195073e+02 2.206649210955495023e-03
1.302952933877613191e+02 2.176012750721240552e-03
1.306522667943031308e+02 2.146733090294542304e-03
1.310092402008449426e+02 2.118745198632008414e-03
1.313662136073867543e+02 2.091988024142155643e-03
1.317231870139285661e+02 2.066404210953643426e-03
1.320801604204703779e+02 2.041939838398760566e-03
1.324371338270121896e+02 2.018544181584453791e-03
1.327941072335540014e+02 1.996169491138394606e-03
1.331510806400958131e+02 1.974770790409100842e-03
1.335080540466376249e+02 1.954305688569727209e-03
1.338650274531794366e+02 1.934734208227296753e-03
1.342220008597212484e+02 1.916018626275056789e-03
1.345789742662630601e+02 1.898123326847079391e-03
1.349359476728048719e+02 1.881014665342972203e-03
1.352929210793466837e+02 1.864660842587959663e-03
1.356498944858884954e+02 1.849031788280967089e-03
1.360068678924303072e+02 1.834099052961798851e-03
1.363638412989721189e+02 1.819835707799008972e-03
1.367208147055139307e+02 1.806216251563510069e-03
1.370777881120557424e+02 1.793216524210136274e-03
1.374347615185975542e+02 1.780813626540867813e-03
1.377917349251393659e+02 1.768985845469967086e-03
1.381487083316811777e+02 1.757712584453242346e-03
1.385056817382229895e+02 1.746974298681685600e-03
1.388626551447648012e+02 1.736752434674068485e-03
1.392196285513066130e+02 1.727029373934257190e-03
1.395766019578484247e+02 1.717788380367235145e-03
1.399335753643902365e+02 1.709013551173450308e-03
1.402905487709320482e+02 1.700689770964390873e-03
1.406475221774738600e+02 1.692802668863457654e-03
1.410044955840156717e+02 1.685338578375454935e-03
1.413614689905574835e+02 1.678284499825573664e-03
1.417184423970992952e+02 1.671628065184707548e-03
1.420754158036411070e+02 1.665357505112540024e-03
1.424323892101829188e+02 1.659461618063146982e-03
1.427893626167247305e+02 1.653929741310015923e-03
1.431463360232665423e+02 1.648751723758515959e-03
1.435033094298083540e+02 1.643917900424012209e-03
1.438602828363501658e+02 1.639419068463151847e-03
1.442172562428919775e+02 1.635246464654379565e-03
1.445742296494337893e+02 1.631391744231577888e-03
1.449312030559756010e+02 1.627846960981907832e-03
1.452881764625174128e+02 1.624604548525541590e-03
1.456451498690592246e+02 1.621657302701030997e-03
1.460021232756010363e+02 1.618998364985650392e-03
1.463590966821428481e+02 1.616621206885180588e-03
1.467160700886846598e+02 1.614519615232341224e-03
1.470730434952264716e+02 1.612687678337426395e-03
1.474300169017682833e+02 1.611119772938740839e-03
1.477869903083100951e+02 1.609810551904127798e-03
1.481439637148519068e+02 1.608754932638321172e-03
1.485009371213937186e+02 1.607948086154020436e-03
1.488579105279355304e+02 1.607385426767517179e-03
1.492148839344773421e+02 1.607062602382415464e-03
1.495718573410191539e+02 1.606975485327506769e-03
1.499288307475609656e+02 1.607120163717179430e-03
1.502858041541027774e+02 1.607492933304909130e-03
1.506427775606445891e+02 1.608090289802383433e-03
1.509997509671864009e+02 1.608908921638669068e-03
1.513567243737282126e+02 1.609945703135562140e-03
1.517136977802700244e+02 1.611197688076882991e-03
1.520706711868118362e+02 1.612662103650953872e-03
1.524276445933536479e+02 1.614336344746915980e-03
1.527846179998954597e+02 1.616217968586825633e-03
1.531415914064372714e+02 1.618304689676702997e-03
1.534985648129790832e+02 1.620594375060815679e-03
1.538555382195208949e+02 1.623085039864565664e-03
1.542125116260627067e+02 1.625774843112322114e-03
1.545694850326045184e+02 1.628662083807476488e-03
1.549264584391463302e+02 1.631745197262872904e-03
1.552834318456881419e+02 1.635022751670571354e-03
1.556404052522299537e+02 1.638493444900683115e-03
1.559973786587717655e+02 1.642156101519731508e-03
1.563543520653135772e+02 1.646009670019668147e-03
1.567113254718553890e+02 1.650053220249327306e-03
1.570682988783972007e+02 1.654285941040697970e-03
1.574252722849390125e+02 1.658707138022969072e-03
1.577822456914808242e+02 1.663316231617842714e-03
1.581392190980226360e+02 1.668112755210134036e-03
1.584961925045644477e+02 1.673096353488157150e-03
1.588531659111062595e+02 1.678266780948864693e-03
1.592101393176480713e+02 1.683623900563160046e-03
1.595671127241898830e+02 1.689167682597218865e-03
1.599240861307316948e+02 1.694898203586070115e-03
1.602810595372735065e+02 1.700815645456079696e-03
1.606380329438153183e+02 1.706920294793355750e-03
1.609950063503571300e+02 1.713212542255454496e-03
1.613519797568989418e+02 1.719692882124144225e-03
1.617089531634407535e+02 1.726361911997285241e-03
1.620659265699825653e+02 1.733220332618271194e-03
1.624228999765243771e+02 1.740268947841763086e-03
1.627798733830661888e+02 1.747508664734788528e-03
1.631368467896080006e+02 1.754940493812605796e-03
1.634938201961498123e+02 1.762565549409007230e-03
1.638507936026916241e+02 1.770385050181105986e-03
1.642077670092334358e+02 1.778400319748900177e-03
1.645647404157752476e+02 1.786612787470250388e-03
1.649217138223170593e+02 1.795023989352219915e-03
1.652786872288588711e+02 1.803635569100006534e-03
1.656356606354006828e+02 1.812449279305047021e-03
1.659926340419424946e+02 1.821466982774157511e-03
1.663496074484843064e+02 1.830690654001927969e-03
1.667065808550261181e+02 1.840122380788885691e-03
1.670635542615679299e+02 1.849764366008308999e-03
1.674205276681097416e+02 1.859618929524887347e-03
1.677775010746515534e+02 1.869688510268805934e-03
1.681344744811933651e+02 1.879975668469173770e-03
1.684914478877351769e+02 1.890483088051105997e-03
1.688484212942769886e+02 1.901213579201158294e-03
1.692053947008188004e+02 1.912170081106214121e-03
1.695623681073606122e+02 1.923355664871349022e-03
1.699193415139024239e+02 1.934773536622640296e-03
1.702763149204442357e+02 1.946427040801340961e-03
1.706332883269860474e+02 1.958319663656336081e-03
1.709902617335278592e+02 1.970455036942280694e-03
1.713472351400696709e+02 1.982836941831370246e-03
1.717042085466114827e+02 1.995469313047241924e-03
1.720611819531532944e+02 2.008356243230095123e-03
1.724181553596951062e+02 2.021501987542735721e-03
1.727751287662369180e+02 2.034910968527912402e-03
1.731321021727787297e+02 2.048587781227999543e-03
1.734890755793205415e+02 2.062537198578804579e-03
1.738460489858623532e+02 2.076764177090073115e-03
1.742030223924041650e+02 2.091273862826076909e-03
1.745599957989459767e+02 2.106071597700533322e-03
1.749169692054877885e+02 2.121162926101058908e-03
1.752739426120296002e+02 2.136553601859316961e-03
1.756309160185714120e+02 2.152249595584091336e-03
1.759878894251132238e+02 2.168257102375623427e-03
1.763448628316550355e+02 2.184582549940746170e-03
1.767018362381968473e+02 2.201232607129621766e-03
1.770588096447386590e+02 2.218214192916237709e-03
1.774157830512804708e+02 2.235534485846263353e-03
1.777727564578222825e+02 2.253200933977441735e-03
1.781297298643640943e+02 2.271221265339295158e-03
1.784867032709059060e+02 2.289603498940752727e-03
1.788436766774477178e+02 2.308355956356148569e-03
1.792006500839895295e+02 2.327487273922111168e-03
1.795576234905313413e+02 2.347006415580012682e-03
1.799145968970731531e+02 2.366922686400995974e-03
1.802715703036149648e+02 2.387245746833090675e-03
1.806285437101567766e+02 2.407985627712621972e-03
1.809855171166985883e+02 2.429152746085011440e-03
1.813424905232404001e+02 2.450757921883156640e-03
1.816994639297822118e+02 2.472812395514934185e-03
1.820564373363240236e+02 2.495327846414951457e-03
1.824134107428658353e+02 2.518316412619547081e-03
1.827703841494076471e+02 2.541790711428217487e-03
1.831273575559494589e+02 2.565763861219119441e-03
1.834843309624912706e+02 2.590249504491178197e-03
1.838413043690330824e+02 2.615261832210544202e-03
1.841982777755748941e+02 2.640815609544791727e-03
1.845552511821167059e+02 2.666926203074381982e-03
1.849122245886585176e+02 2.693609609577502211e-03
1.852691979952003294e+02 2.720882486491534979e-03
1.856261714017421411e+02 2.748762184162171704e-03
1.859831448082839529e+02 2.777266779999550215e-03
1.863401182148257647e+02 2.806415114669880400e-03
1.866970916213675764e+02 2.836226830460901720e-03
1.870540650279093882e+02 2.866722411970188365e-03
1.874110384344511999e+02 2.897923229276964767e-03
1.877680118409930117e+02 2.929851583770708666e-03
1.881249852475348234e+02 2.962530756823567035e-03
1.884819586540766352e+02 2.995985061508563054e-03
1.888389320606184469e+02 3.030239897581853570e-03
1.891959054671602587e+02 3.065321809965057022e-03
1.895528788737020705e+02 3.101258550983022194e-03
1.899098522802438822e+02 3.138079146633553172e-03
1.902668256867856940e+02 3.175813967188677225e-03
1.906237990933275057e+02 3.214494802452293881e-03
1.909807724998693175e+02 3.254154942026624229e-03
1.913377459064111292e+02 3.294829260970127873e-03
1.916947193129529410e+02 3.336554311262663036e-03
1.920516927194947527e+02 3.379368419529956997e-03
1.924086661260365645e+02 3.423311791519351860e-03
1.927656395325783762e+02 3.468426623862498268e-03
1.931226129391201880e+02 3.514757223708875940e-03
1.934795863456619998e+02 3.562350136866845700e-03
1.938365597522038115e+02 3.611254285147366596e-03
1.941935331587456233e+02 3.661521113669641454e-03
1.945505065652874350e+02 3.713204748958925591e-03
1.949074799718292468e+02 3.766362168744933486e-03
1.952644533783710585e+02 3.821053384455820080e-03
1.956214267849128703e+02 3.877341637498336966e-03
1.959784001914546820e+02 3.935293610520756644e-03
1.963353735979964938e+02 3.994979654972526800e-03
1.966923470045383056e+02 4.056474036404934640e-03
1.970493204110801173e+02 4.119855199101676510e-03
1.974062938176219291e+02 4.185206051789101128e-03
1.977632672241637408e+02 4.252614276354834029e-03
1.981202406307055526e+02 4.322172661702917279e-03
1.984772140372473643e+02 4.393979465095877723e-03
1.988341874437891761e+02 4.468138803582481777e-03
1.991911608503309878e+02 4.544761078387300583e-03
1.995481342568727996e+02 4.623963435448728322e-03
1.999051076634146114e+02 4.705870265639850412e-03
2.002620810699564231e+02 4.790613748596629119e-03
2.006190544764982349e+02 4.878334444515809373e-03
2.009760278830400466e+02 4.969181938777393094e-03
2.013330012895818584e+02 5.063315544800664307e-03
2.016899746961236701e+02 5.160905071167386574e-03
2.020469481026654819e+02 5.262131659750618473e-03
2.024039215092072936e+02 5.367188702383848299e-03
2.027608949157491054e+02 5.476282844506119400e-03
2.031178683222909171e+02 5.589635085239360625e-03
2.034748417288327289e+02 5.707481984511781486e-03
2.038318151353745407e+02 5.830076989156162369e-03
2.041887885419163524e+02 5.957691891407521784e-03
2.045457619484581642e+02 6.090618434928212269e-03
2.049027353549999759e+02 6.229170085431553344e-03
2.052597087615417877e+02 6.373683985194540311e-03
2.056166821680835994e+02 6.524523113288844406e-03
2.059736555746254112e+02 6.682078676267219457e-03
2.063306289811672229e+02 6.846772757378403150e-03
2.066876023877090347e+02 7.019061256215729239e-03
2.070445757942508465e+02 7.199437155113526561e-03
2.074015492007926582e+02 7.388434153684859257e-03
2.077585226073344700e+02 7.586630718754765364e-03
2.081154960138762817e+02 7.794654603714564270e-03
2.084724694204180935e+02 8.013187899157571056e-03
2.088294428269599052e+02 8.242972685734005489e-03
2.091864162335017170e+02 8.484817370694211838e-03
2.095433896400435287e+02 8.739603801822757798e-03
2.099003630465853405e+02 9.008295266693944203e-03
2.102573364531271523e+02 9.291945501745424094e-03
2.106143098596689640e+02 9.591708854974619752e-03
2.109712832662107758e+02 9.908851768585880473e-03
2.113282566727525875e+02 1.024476577420878852e-02
2.116852300792943993e+02 1.060098222401526478e-02
2.120422034858362110e+02 1.097918901693427721e-02
2.123991768923780228e+02 1.138124962106179354e-02
2.127561502989198345e+02 1.180922474227660834e-02
2.131131237054616463e+02 1.226539704611282269e-02
2.134700971120034581e+02 1.275229940634121407e-02
2.138270705185452698e+02 1.327274723080657144e-02
2.141840439250870816e+02 1.382987550423923906e-02
2.145410173316288933e+02 1.442718129034690003e-02
2.148979907381707051e+02 1.506857255263604513e-02
2.152549641447125168e+02 1.575842428578213758e-02
2.156119375512543286e+02 1.650164309673416568e-02
2.159689109577961403e+02 1.730374153529215878e-02
2.163258843643379521e+02 1.817092364317312789e-02
2.166828577708797638e+02 1.911018335981764724e-02
2.170398311774215756e+02 2.012941757678604615e-02
2.173968045839633874e+02 2.123755574425739701e-02
2.177537779905051991e+02 2.244470796005771859e-02
2.181107513970470109e+02 2.376233334569066713e-02
2.184677248035888226e+02 2.520343012853251338e-02
2.188246982101306344e+02 2.678274804046909888e-02
2.191816716166724461e+02 2.851702216056897776e-02
2.195386450232142579e+02 3.042522479595144783e-02
2.198956184297560696e+02 3.252882784979636149e-02
2.202525918362978814e+02 3.485206154523872585e-02
2.206095652428396932e+02 3.742214517230288418e-02
2.209665386493815049e+02 4.026945003356049990e-02
2.213235120559233167e+02 4.342753171789977967e-02
2.216804854624651284e+02 4.693293532081111580e-02
2.220374588690069402e+02 5.082462985617735435e-02
2.223944322755487519e+02 5.514286363098809540e-02
2.227514056820905637e+02 5.992714937466745578e-02
2.231083790886323754e+02 6.521299044681487522e-02
2.234653524951741872e+02 7.102686374063985064e-02
2.238223259017159990e+02 7.737892080560133945e-02
2.241792993082578107e+02 8.425293561887511884e-02
2.245362727147996225e+02 9.159334979311360703e-02
2.248932461213414342e+02 9.929003161750053763e-02
2.252502195278832460e+02 1.071627594156028818e-01
2.256071929344250577e+02 1.149494801491677543e-01
2.259641663409668695e+02 1.223046289935089403e-01
2.263211397475086812e+02 1.288149782816286060e-01
2.266781131540504930e+02 1.340386367276393542e-01
2.270350865605923047e+02 1.375662933046452596e-01
2.273920599671341165e+02 1.390933976268426409e-01
2.277490333736759283e+02 1.384825294729521150e-01
2.281060067802177400e+02 1.357938082679880087e-01
2.284629801867595518e+02 1.312714243146475834e-01
2.288199535933013635e+02 1.252916529936750623e-01
2.291769269998431753e+02 1.182917650774886753e-01
2.295339004063849870e+02 1.107024521116199561e-01
2.298908738129267988e+02 1.028993401128408813e-01
2.302478472194686105e+02 9.517834996508990619e-02
2.306048206260104223e+02 8.775128460414656495e-02
2.309617940325522341e+02 8.075442811813977884e-02
2.313187674390940458e+02 7.426317485725253409e-02
2.316757408456358576e+02 6.830772223914946539e-02
2.320327142521776693e+02 6.288707142535530925e-02
2.323896876587194811e+02 5.798024736051437394e-02
2.327466610652612928e+02 5.355464734014822592e-02
2.331036344718031046e+02 4.957190152226596119e-02
2.334606078783449163e+02 4.599177788207607642e-02
2.338175812848867281e+02 4.277464586153477411e-02
2.341745546914285399e+02 3.988292723083108199e-02
2.345315280979703516e+02 3.728186295708302289e-02
2.348885015045121634e+02 3.493983516184583776e-02
2.352454749110539751e+02 3.282841138462651298e-02
2.356024483175957869e+02 3.092222452967493748e-02
2.359594217241375986e+02 2.919876326619127993e-02
2.363163951306794104e+02 2.763812082422303570e-02
2.366733685372212221e+02 2.622273193818375550e-02
2.370303419437630339e+02 2.493711561415285632e-02
2.373873153503048457e+02 2.376763354205320422e-02
2.377442887568466574e+02 2.270226897598529719e-02
2.381012621633884692e+02 2.173042781101316295e-02
2.384582355699302809e+02 2.084276173781681590e-02
2.388152089764720927e+02 2.003101231558922918e-02
2.391721823830139044e+02 1.928787427341346894e-02
2.395291557895557162e+02 1.860687613665969187e-02
2.398861291960975279e+02 1.798227625097864255e-02
2.402431026026393397e+02 1.740897236071661802e-02
2.406000760091811514e+02 1.688242303940605191e-02
2.409570494157229632e+02 1.639857943536513971e-02
2.413140228222647750e+02 1.595382596606839329e-02
2.416709962288065867e+02 1.554492875970949622e-02
2.420279696353483985e+02 1.516899079533314335e-02
2.423849430418902102e+02 1.482341283135286090e-02
2.427419164484320220e+02 1.450585933543858431e-02
2.430988898549738337e+02 1.421422873702643877e-02
2.434558632615156455e+02 1.394662741806680650e-02
2.438128366680574572e+02 1.370134693936859299e-02
2.441698100745992690e+02 1.347684407039836593e-02
2.445267834811410808e+02 1.327172325101314519e-02
2.448837568876828925e+02 1.308472116562121521e-02
2.452407302942247043e+02 1.291469315483991485e-02
2.455977037007665160e+02 1.276060122788935138e-02
2.459546771073083278e+02 1.262150347163834910e-02
2.463116505138501395e+02 1.249654468019719897e-02
2.466686239203919513e+02 1.238494805291650257e-02
2.470255973269337630e+02 1.228600782919148093e-02
2.473825707334755748e+02 1.219908274609108299e-02
2.477395441400173866e+02 1.212359021996089505e-02
2.480965175465591983e+02 1.205900116615523862e-02
2.484534909531010101e+02 1.200483538224851425e-02
2.488104643596428218e+02 1.196065742972405796e-02
2.491674377661846336e+02 1.192607295746584209e-02
2.495244111727264453e+02 1.190072541757567111e-02
2.498813845792682571e+02 1.188429313026909302e-02
2.502383579858100688e+02 1.187648666000540830e-02
2.505953313923518806e+02 1.187704646969866412e-02
2.509523047988936924e+02 1.188574082393833477e-02
2.513092782054355041e+02 1.190236391570534749e-02
2.516662516119773159e+02 1.192673419417523799e-02
2.520232250185191276e+02 1.195869287391722845e-02
2.523801984250609394e+02 1.199810260818021806e-02
2.527371718316027511e+02 1.204484631104917741e-02
2.530941452381445629e+02 1.209882611509838224e-02
2.534511186446863746e+02 1.215996245279474079e-02
2.538080920512281864e+02 1.222819325134453725e-02
2.541650654577699981e+02 1.230347323195557681e-02
2.545220388643118099e+02 1.238577330562561953e-02
2.548790122708536217e+02 1.247508005858624473e-02
2.552359856773954334e+02 1.257139532144548391e-02
2.555929590839372452e+02 1.267473581689658978e-02
2.559499324904790569e+02 1.278513288160768729e-02
2.563069058970208971e+02 1.290263225858791218e-02
2.566638793035626804e+02 1.302729395695035458e-02
2.570208527101045206e+02 1.315919217656967739e-02
2.573778261166463039e+02 1.329841529566906135e-02
2.577347995231881441e+02 1.344506591987682832e-02
2.580917729297299275e+02 1.359926099177032575e-02
2.584487463362717676e+02 1.376113196038386208e-02
2.588057197428135510e+02 1.393082501059894791e-02
2.591626931493553911e+02 1.410850135276952091e-02
2.595196665558971745e+02 1.429433757336112318e-02
2.598766399624390147e+02 1.448852604781204756e-02
2.602336133689807980e+02 1.469127541725453491e-02
2.605905867755226382e+02 1.490281113117615346e-02
2.609475601820644215e+02 1.512337605855355697e-02
2.613045335886062617e+02 1.535323117046460614e-02
2.616615069951480450e+02 1.559265629767768967e-02
2.620184804016898852e+02 1.584195096724218960e-02
2.623754538082316685e+02 1.610143532265842156e-02
2.627324272147735087e+02 1.637145113280384645e-02
2.630894006213152920e+02 1.665236289543154183e-02
2.634463740278571322e+02 1.694455904175449015e-02
2.638033474343989155e+02 1.724845324938111338e-02
2.641603208409407557e+02 1.756448587169437761e-02
2.645172942474825390e+02 1.789312549266567492e-02
2.648742676540243792e+02 1.823487061708817594e-02
2.652312410605661626e+02 1.859025150730195947e-02
2.655882144671080027e+02 1.895983217869048887e-02
2.659451878736497861e+02 1.934421256755679969e-02
2.663021612801916262e+02 1.974403088646807872e-02
2.666591346867334096e+02 2.015996618379410979e-02
2.670161080932752498e+02 2.059274112599411219e-02
2.673730814998170331e+02 2.104312502323710254e-02
2.677300549063588733e+02 2.151193712121605289e-02
2.680870283129006566e+02 2.200005018455121822e-02
2.684440017194424968e+02 2.250839440002564557e-02
2.688009751259842801e+02 2.303796163107949685e-02
2.691579485325261203e+02 2.358981005857467561e-02
2.695149219390679036e+02 2.416506924686199695e-02
2.698718953456097438e+02 2.476494567872139160e-02
2.702288687521515271e+02 2.539072880785170350e-02
2.705858421586933673e+02 2.604379768336390066e-02
2.709428155652351506e+02 2.672562820725125562e-02
2.712997889717769908e+02 2.743780109320530236e-02
2.716567623783187742e+02 2.818201060351735801e-02
2.720137357848606143e+02 2.896007415032444618e-02
2.723707091914023977e+02 2.977394285826617110e-02
2.727276825979442378e+02 3.062571319794099925e-02
2.730846560044860212e+02 3.151763981358313149e-02
2.734416294110278614e+02 3.245214968442235864e-02
2.737986028175696447e+02 3.343185777751347953e-02
2.741555762241114849e+02 3.445958437082612819e-02
2.745125496306532682e+02 3.553837424945232443e-02
2.748695230371951084e+02 3.667151800545170176e-02
2.752264964437368917e+02 3.786257570364782304e-02
2.755834698502787319e+02 3.911540321233247103e-02
2.759404432568205152e+02 4.043418154007936277e-02
2.762974166633623554e+02 4.182344956869114144e-02
2.766543900699041387e+02 4.328814062875355889e-02
2.770113634764459789e+02 4.483362342968705283e-02
2.773683368829877622e+02 4.646574793203372272e-02
2.777253102895296024e+02 4.819089683783687322e-02
2.780822836960713857e+02 5.001604347740404993e-02
2.784392571026132259e+02 5.194881699002481396e-02
2.787962305091550093e+02 5.399757583517844628e-02
2.791532039156968494e+02 5.617149083288934530e-02
2.795101773222386328e+02 5.848063912108027868e-02
2.798671507287804729e+02 6.093611063876273881e-02
2.802241241353222563e+02 6.355012900200694703e-02
2.805810975418640965e+02 6.633618894116795339e-02
2.809380709484058798e+02 6.930921281984851745e-02
2.812950443549477200e+02 7.248572916671443267e-02
2.816520177614895033e+02 7.588407662940616083e-02
2.820089911680313435e+02 7.952463731525752366e-02
2.823659645745731268e+02 8.343010412639433049e-02
2.827229379811149670e+02 8.762578743717877594e-02
2.830799113876567503e+02 9.213996730850253225e-02
2.834368847941985905e+02 9.700429839194303627e-02
2.837938582007403738e+02 1.022542757467926194e-01
2.841508316072822140e+02 1.079297709635816532e-01
2.845078050138239973e+02 1.140756492296911701e-01
2.848647784203658375e+02 1.207424792276999420e-01
2.852217518269076209e+02 1.279873489196872716e-01
2.855787252334494610e+02 1.358748011622386842e-01
2.859356986399912444e+02 1.444779034245863014e-01
2.862926720465330845e+02 1.538794651795112878e-01
2.866496454530748679e+02 1.641734140712617362e-01
2.870066188596167081e+02 1.754663366063007324e-01
2.873635922661584914e+02 1.878791791345863216e-01
2.877205656727003316e+02 2.015490876862645053e-01
2.880775390792421149e+02 2.166313369150848767e-01
2.884345124857839551e+02 2.333012532601590749e-01
2.887914858923257384e+02 2.517559672070283638e-01
2.891484592988675786e+02 2.722157225324097762e-01
2.895054327054093619e+02 2.949243106974742679e-01
2.898624061119512021e+02 3.201479653895599742e-01
2.902193795184929854e+02 3.481717209182020878e-01
2.905763529250348256e+02 3.792917840946097296e-01
2.909333263315766089e+02 4.138018784839209707e-01
2.912902997381184491e+02 4.519708130537683499e-01
2.916472731446602324e+02 4.940078048715909054e-01
2.920042465512020726e+02 5.400116063250691711e-01
2.923612199577438560e+02 5.898997813026123360e-01
2.927181933642856961e+02 6.433164634815482508e-01
2.930751667708274795e+02 6.995219484763309792e-01
2.934321401773693196e+02 7.572769461550773462e-01
2.937891135839111030e+02 8.147487075387382927e-01
2.941460869904529432e+02 8.694829480468541094e-01
2.945030603969947265e+02 9.184963616500673167e-01
2.948600338035365667e+02 9.585355463835377732e-01
2.952170072100783500e+02 9.865058641432334907e-01
2.955739806166201902e+02 1.000000000000000000e+00
2.959309540231619735e+02 9.977816855295594811e-01
2.962879274297038137e+02 9.800570642981799585e-01
2.966449008362455970e+02 9.484283955172556624e-01
2.970018742427874372e+02 9.055485747549418818e-01
2.973588476493292205e+02 8.546075741391395697e-01
2.977158210558710607e+02 7.988198635623575683e-01
2.980727944624128440e+02 7.410394627332714812e-01
2.984297678689546842e+02 6.835503138306108228e-01
2.987867412754964676e+02 6.280129410223741493e-01
2.991437146820383077e+02 5.755161651292116654e-01
2.995006880885800911e+02 5.266807962646748997e-01
2.998576614951219312e+02 4.817759302299058355e-01
3.002146349016637146e+02 4.408250769866577379e-01
3.005716083082055547e+02 4.036924483429521482e-01
3.009285817147473381e+02 3.701478459116581132e-01
3.012855551212891783e+02 3.399126122685360296e-01
3.016425285278309616e+02 3.126905056793780058e-01
3.019995019343728018e+02 2.881873629381086488e-01
3.023564753409145851e+02 2.661228285142975269e-01
3.027134487474564253e+02 2.462366927361982760e-01
3.030704221539982086e+02 2.282917017198172194e-01
3.034273955605400488e+02 2.120741491785712862e-01
3.037843689670818321e+02 1.973931425913285909e-01
3.041413423736236723e+02 1.840791349007422917e-01
3.044983157801654556e+02 1.719821025944090753e-01
3.048552891867072958e+02 1.609696078936976305e-01
3.052122625932490791e+02 1.509248874454211797e-01
3.055692359997909193e+02 1.417450476939249304e-01
3.059262094063327027e+02 1.333394073740641617e-01
3.062831828128745428e+02 1.256280028371178636e-01
3.066401562194163262e+02 1.185402570621927054e-01
3.069971296259581663e+02 1.120138047347582905e-01
3.073541030324999497e+02 1.059934613666039388e-01
3.077110764390417899e+02 1.004303225515741083e-01
3.080680498455835732e+02 9.528097909644052399e-02
3.084250232521254134e+02 9.050683428937884856e-02
3.087819966586671967e+02 8.607351055934682471e-02
3.091389700652090369e+02 8.195033398223856846e-02
3.094959434717508202e+02 7.810988634930637886e-02
3.098529168782926604e+02 7.452761573973384901e-02
3.102098902848344437e+02 7.118149768378345676e-02
3.105668636913762839e+02 6.805174004234566809e-02
3.109238370979180672e+02 6.512052565570684848e-02
3.112808105044599074e+02 6.237178763050463259e-02
3.116377839110016907e+02 5.979101284607131472e-02
3.119947573175435309e+02 5.736506987879417402e-02
3.123517307240853143e+02 5.508205807600639187e-02
3.127087041306271544e+02 5.293117496925205112e-02
3.130656775371689378e+02 5.090259961018808732e-02
3.134226509437107779e+02 4.898738974952270009e-02
3.137796243502525613e+02 4.717739106813590572e-02
3.141365977567944014e+02 4.546515691667260550e-02
3.144935711633361848e+02 4.384387723151350613e-02
3.148505445698780250e+02 4.230731547621858352e-02
3.152075179764198083e+02 4.084975261283113612e-02
3.155644913829616485e+02 3.946593724057056995e-02
3.159214647895034318e+02 3.815104115375578253e-02
3.162784381960452720e+02 3.690061966899810253e-02
3.166354116025870553e+02 3.571057615620574360e-02
3.169923850091288955e+02 3.457713028070191069e-02
3.173493584156706788e+02 3.349678952653411396e-02
3.177063318222125190e+02 3.246632362524393828e-02
3.180633052287543023e+02 3.148274156125334400e-02
3.184202786352961425e+02 3.054327086560812768e-02
3.187772520418379258e+02 2.964533894503718764e-02
3.191342254483797660e+02 2.878655622385302079e-02
3.194911988549215494e+02 2.796470090282577453e-02
3.198481722614633895e+02 2.717770516231835312e-02
3.202051456680051729e+02 2.642364265718673277e-02
3.205621190745470130e+02 2.570071716859306105e-02
3.209190924810887964e+02 2.500725229332883062e-02
3.212760658876306366e+02 2.434168206476548454e-02
3.216330392941724199e+02 2.370254241142445706e-02
3.219900127007142601e+02 2.308846336957733753e-02
3.223469861072560434e+02 2.249816197546477062e-02
3.227039595137978836e+02 2.193043577079546377e-02
3.230609329203396669e+02 2.138415686231955049e-02
3.234179063268815071e+02 2.085826648255902083e-02
3.237748797334232904e+02 2.035177000435112876e-02
3.241318531399651306e+02 1.986373236678483367e-02
3.244888265465069139e+02 1.939327387448742945e-02
3.248457999530487541e+02 1.893956633609410883e-02
3.252027733595905374e+02 1.850182951118815519e-02
3.255597467661323776e+02 1.807932783806478691e-02
3.259167201726741609e+02 1.767136741741205316e-02
3.262736935792160011e+02 1.727729322943837020e-02
3.266306669857577845e+02 1.689648656415998831e-02
3.269876403922996246e+02 1.652836264650689446e-02
3.273446137988414080e+02 1.617236843965399670e-02
3.277015872053832481e+02 1.582798061154386954e-02
3.280585606119250315e+02 1.549470365097408223e-02
3.284155340184668717e+02 1.517206812087751842e-02
3.287725074250086550e+02 1.485962903756033425e-02
3.291294808315504952e+02 1.455696436567768988e-02
3.294864542380922785e+02 1.426367361964873438e-02
3.298434276446341187e+02 1.397937656303688096e-02
3.302004010511759020e+02 1.370371199817173834e-02
3.305573744577177422e+02 1.343633663896112544e-02
3.309143478642595255e+02 1.317692406045507629e-02
3.312713212708013657e+02 1.292516371927343935e-02
3.316282946773431490e+02 1.268076003951234230e-02
3.319852680838849892e+02 1.244343155919589231e-02
3.323422414904267725e+02 1.221291013275460462e-02
3.326992148969686127e+02 1.198894018538350370e-02
3.330561883035103961e+02 1.177127801547607315e-02
3.334131617100522362e+02 1.155969114163745218e-02
3.337701351165940196e+02 1.135395769106473454e-02
3.341271085231358597e+02 1.115386582633720591e-02
3.344840819296776431e+02 1.095921320789607772e-02
3.348410553362194833e+02 1.076980648970536462e-02
3.351980287427612666e+02 1.058546084578328161e-02
3.355550021493031068e+02 1.040599952547047700e-02
3.359119755558448901e+02 1.023125343546710080e-02
3.362689489623867303e+02 1.006106074681870077e-02
3.366259223689285136e+02 9.895266525170282046e-03
3.369828957754703538e+02 9.733722382731976527e-03
3.373398691820121371e+02 9.576286150517246062e-03
3.376968425885539773e+02 9.422821569518948989e-03
3.380538159950957606e+02 9.273197999587996093e-03
3.384107894016376008e+02 9.127290144867291483e-03
3.387677628081793841e+02 8.984977794717975350e-03
3.391247362147212243e+02 8.846145579149427771e-03
3.394817096212630076e+02 8.710682737836055248e-03
3.398386830278048478e+02 8.578482901867167873e-03
3.401956564343466312e+02 8.449443887437086548e-03
3.405526298408884713e+02 8.323467500736482852e-03
3.409096032474302547e+02 8.200459353358030556e-03
3.412665766539720948e+02 8.080328687575116103e-03
3.416235500605138782e+02 7.962988210897163285e-03
3.419805234670557184e+02 7.848353939344066693e-03
3.423374968735975017e+02 7.736345048920666503e-03
3.426944702801393419e+02 7.626883734805527289e-03
3.430514436866811252e+02 7.519895077801449709e-03
3.434084170932229654e+02 7.415306917623622034e-03
3.437653904997647487e+02 7.313049732629989079e-03
3.441223639063065889e+02 7.213056525622906986e-03
3.444793373128483722e+02 7.115262715375858180e-03
3.448363107193902124e+02 7.019606033560199174e-03
3.451932841259319957e+02 6.926026426768275290e-03
3.455502575324738359e+02 6.834465963347466540e-03
3.459072309390156192e+02 6.744868744778411036e-03
3.462642043455574594e+02 6.657180821346247480e-03
3.466211777520992428e+02 6.571350111870164282e-03
3.469781511586410829e+02 6.487326327269869047e-03
3.473351245651828663e+02 6.405060897762041537e-03
3.476920979717247064e+02 6.324506903491378638e-03
3.480490713782664898e+02 6.245619008413416662e-03
3.484060447848083300e+02 6.168353397256380252e-03
3.487630181913501133e+02 6.092667715400371282e-03
3.491199915978919535e+02 6.018521011520846543e-03
3.494769650044337368e+02 5.945873682853152452e-03
3.498339384109755770e+02 5.874687422942336500e-03
3.501909118175173603e+02 5.804925171751150470e-03
3.505478852240592005e+02 5.736551068005602341e-03
3.509048586306009838e+02 5.669530403665096023e-03
3.512618320371428240e+02 5.603829580409836787e-03
3.516188054436846073e+02 5.539416068044950882e-03
3.519757788502264475e+02 5.476258364725700503e-03
3.523327522567682308e+02 5.414325958914137545e-03
3.526897256633100710e+02 5.353589292981902371e-03
3.530466990698518543e+02 5.294019728379153501e-03
3.534036724763936945e+02 5.235589512293355868e-03
3.537606458829354779e+02 5.178271745726475278e-03
3.541176192894773180e+02 5.122040352922301205e-03
3.544745926960191014e+02 5.066870052079952558e-03
3.548315661025609415e+02 5.012736327292399187e-03
3.551885395091027249e+02 4.959615401652688223e-03
3.555455129156445651e+02 4.907484211473019803e-03
3.559024863221863484e+02 4.856320381565233310e-03
3.562594597287281886e+02 4.806102201533444911e-03
3.566164331352699719e+02 4.756808603032619889e-03
3.569734065418118121e+02 4.708419137948791425e-03
3.573303799483535954e+02 4.660913957459353156e-03
3.576873533548954356e+02 4.614273791933552055e-03
3.580443267614372189e+02 4.568479931635759279e-03
3.584013001679790591e+02 4.523514208195561666e-03
3.587582735745208424e+02 4.479358976810970776e-03
3.591152469810626826e+02 4.435997099152270279e-03
3.594722203876044659e+02 4.393411926936114514e-03
3.598291937941463061e+02 4.351587286140543194e-03
3.601861672006880895e+02 4.310507461833441162e-03
3.605431406072299296e+02 4.270157183587948782e-03
3.609001140137717130e+02 4.230521611459970438e-03
3.612570874203135531e+02 4.191586322503789049e-03
3.616140608268553365e+02 4.153337297803335812e-03
3.619710342333971766e+02 4.115760909997340060e-03
3.623280076399389600e+02 4.078843911278056018e-03
3.626849810464808002e+02 4.042573421843793230e-03
3.630419544530225835e+02 4.006936918786875579e-03
3.633989278595644237e+02 3.971922225399074531e-03
3.637559012661062070e+02 3.937517500877840693e-03
3.641128746726480472e+02 3.903711230417038994e-03
3.644698480791898305e+02 3.870492215667050307e-03
3.648268214857316707e+02 3.837849565549428851e-03
3.651837948922734540e+02 3.805772687412349500e-03
3.655407682988152942e+02 3.774251278513413455e-03
3.658977417053571344e+02 3.743275317817271533e-03
3.662547151118989177e+02 3.712835058095879503e-03
3.666116885184407579e+02 3.682921018319889467e-03
3.669686619249825412e+02 3.653523976330250254e-03
3.673256353315243814e+02 3.624634961779397719e-03
3.676826087380661647e+02 3.596245249332184757e-03
3.680395821446080049e+02 3.568346352116843079e-03
3.683965555511497882e+02 3.540930015417042501e-03
3.687535289576916284e+02 3.513988210596183295e-03
3.691105023642334118e+02 3.487513129245797469e-03
3.694674757707752519e+02 3.461497177550002489e-03
3.698244491773170353e+02 3.435932970858594955e-03
3.701814225838588754e+02 3.410813328461462842e-03
3.705383959904006588e+02 3.386131268557582980e-03
3.708953693969424990e+02 3.361880003411912930e-03
3.712523428034842823e+02 3.338052934694088394e-03
3.716093162100261225e+02 3.314643648992828158e-03
3.719662896165679058e+02 3.291645913500514976e-03
3.723232630231097460e+02 3.269053671862422964e-03
3.726802364296515293e+02 3.246861040185566871e-03
3.730372098361933695e+02 3.225062303202158153e-03
3.733941832427351528e+02 3.203651910583127198e-03
3.737511566492769930e+02 3.182624473397159797e-03
3.741081300558187763e+02 3.161974760711157382e-03
3.744651034623606165e+02 3.141697696328004091e-03
3.748220768689023998e+02 3.121788355657957419e-03
3.751790502754442400e+02 3.102241962719949706e-03
3.755360236819860233e+02 3.083053887269521839e-03
3.758929970885278635e+02 3.064219642050028565e-03
3.762499704950696469e+02 3.045734880164204569e-03
3.766069439016114870e+02 3.027595392563101496e-03
3.769639173081532704e+02 3.009797105649797324e-03
3.773208907146951105e+02 2.992336078995246930e-03
3.776778641212368939e+02 2.975208503163979251e-03
3.780348375277787341e+02 2.958410697647333859e-03
3.783918109343205174e+02 2.941939108902248950e-03
3.787487843408623576e+02 2.925790308493589342e-03
3.791057577474041409e+02 2.909960991338322693e-03
3.794627311539459811e+02 2.894447974049824384e-03
3.798197045604877644e+02 2.879248193380896850e-03
3.801766779670296046e+02 2.864358704764061354e-03
3.805336513735713879e+02 2.849776680947991615e-03
3.808906247801132281e+02 2.835499410728914860e-03
3.812475981866550114e+02 2.821524297776112095e-03
3.816045715931968516e+02 2.807848859550622894e-03
3.819615449997386349e+02 2.794470726316538017e-03
3.823185184062804751e+02 2.781387640244265772e-03
3.826754918128222585e+02 2.768597454605406516e-03
3.830324652193640986e+02 2.756098133058894426e-03
3.833894386259058820e+02 2.743887749028301164e-03
3.837464120324477221e+02 2.731964485170233336e-03
3.841033854389895055e+02 2.720326632933986379e-03
3.844603588455313457e+02 2.708972592212653078e-03
3.848173322520731290e+02 2.697900871086138155e-03
3.851743056586149692e+02 2.687110085656541254e-03
3.855312790651567525e+02 2.676598959976658580e-03
3.858882524716985927e+02 2.666366326072352588e-03
3.862452258782403760e+02 2.656411124059819724e-03
3.866021992847822162e+02 2.646732402358841722e-03
3.869591726913239995e+02 2.637329318003332323e-03
3.873161460978658397e+02 2.628201137050597581e-03
3.876731195044076230e+02 2.619347235090953817e-03
3.880300929109494632e+02 2.610767097859448792e-03
3.883870663174912465e+02 2.602460321951698390e-03
3.887440397240330867e+02 2.594426615645937378e-03
3.891010131305748700e+02 2.586665799833666891e-03
3.894579865371167102e+02 2.579177809061405317e-03
3.898149599436584936e+02 2.571962692686324652e-03
3.901719333502003337e+02 2.565020616148693585e-03
3.905289067567421171e+02 2.558351862364363020e-03
3.908858801632839572e+02 2.551956833240678901e-03
3.912428535698257406e+02 2.545836051319524691e-03
3.915998269763675808e+02 2.539990161551402247e-03
3.919568003829093641e+02 2.534419933204770398e-03
3.923137737894512043e+02 2.529126261915103351e-03
3.926707471959929876e+02 2.524110171878487120e-03
3.930277206025348278e+02 2.519372818194812874e-03
3.933846940090766111e+02 2.514915489366026814e-03
3.937416674156184513e+02 2.510739609955200177e-03
3.940986408221602346e+02 2.506846743412559884e-03
3.944556142287020748e+02 2.503238595075026659e-03
3.948125876352438581e+02 2.499917015346175657e-03
3.951695610417856983e+02 2.496884003064028627e-03
3.955265344483274816e+02 2.494141709064466497e-03
3.958835078548693218e+02 2.491692439948611608e-03
3.962404812614111052e+02 2.489538662062982469e-03
3.965974546679529453e+02 2.487683005701804562e-03
3.969544280744947287e+02 2.486128269541409367e-03
3.973114014810365688e+02 2.484877425317290420e-03
3.976683748875783522e+02 2.483933622755006218e-03
3.980253482941201923e+02 2.483300194766833655e-03
3.983823217006619757e+02 2.482980662926783429e-03
3.987392951072038159e+02 2.482978743237396809e-03
3.990962685137455992e+02 2.483298352202528529e-03
3.994532419202874394e+02 2.483943613221250429e-03
3.998102153268292227e+02 2.484918863318907704e-03
4.001671887333710629e+02 2.486228660232386173e-03
4.005241621399128462e+02 2.487877789867697607e-03
4.008811355464546864e+02 2.489871274149146364e-03
4.012381089529964697e+02 2.492214379280522328e-03
4.015950823595383099e+02 2.494912624440113070e-03
4.019520557660800932e+02 2.497971790932648241e-03
4.023090291726219334e+02 2.501397931822820116e-03
4.026660025791637167e+02 2.505197382076586755e-03
4.030229759857055569e+02 2.509376769238156907e-03
4.033799493922473403e+02 2.513943024672362931e-03
4.037369227987891804e+02 2.518903395404089099e-03
4.040938962053309638e+02 2.524265456588477459e-03
4.044508696118728039e+02 2.530037124647886802e-03
4.048078430184145873e+02 2.536226671113942129e-03
4.051648164249564275e+02 2.542842737215626238e-03
4.055217898314982108e+02 2.549894349257057768e-03
4.058787632380400510e+02 2.557390934831632774e-03
4.062357366445818343e+02 2.565342339922317260e-03
4.065927100511236745e+02 2.573758846941369242e-03
4.069496834576654578e+02 2.582651193766398370e-03
4.073066568642072980e+02 2.592030593833673149e-03
4.076636302707490813e+02 2.601908757353832424e-03
4.080206036772909215e+02 2.612297913719792072e-03
4.083775770838327048e+02 2.623210835181561448e-03
4.087345504903745450e+02 2.634660861868100799e-03
4.090915238969163283e+02 2.646661928242055942e-03
4.094484973034581685e+02 2.659228591079571598e-03
4.098054707099999519e+02 2.672376059073987200e-03
4.101624441165417920e+02 2.686120224169703807e-03
4.105194175230835754e+02 2.700477694740242938e-03
4.108763909296254155e+02 2.715465830733239817e-03
4.112333643361671989e+02 2.731102780914249940e-03
4.115903377427090390e+02 2.747407522351455380e-03
4.119473111492508224e+02 2.764399902294113840e-03
4.123042845557926626e+02 2.782100682609619027e-03
4.126612579623344459e+02 2.800531586956734719e-03
4.130182313688762861e+02 2.819715350886745856e-03
4.133752047754180694e+02 2.839675775079313937e-03
4.137321781819599096e+02 2.860437781936580985e-03
4.140891515885016929e+02 2.882027475776943563e-03
4.144461249950435331e+02 2.904472206889777836e-03
4.148030984015853164e+02 2.927800639733691736e-03
4.151600718081271566e+02 2.952042825584519359e-03
4.155170452146689399e+02 2.977230279964654305e-03
4.158740186212107801e+02 3.003396065213589494e-03
4.162309920277525634e+02 3.030574878589864345e-03
4.165879654342944036e+02 3.058803146328495457e-03
4.169449388408361870e+02 3.088119124114409569e-03
4.173019122473780271e+02 3.118563004473031731e-03
4.176588856539198105e+02 3.150177031623147342e-03
4.180158590604616506e+02 3.183005624386074997e-03
4.183728324670034340e+02 3.217095507798360763e-03
4.187298058735452742e+02 3.252495854134315138e-03
4.190867792800870575e+02 3.289258434109241808e-03
4.194437526866288977e+02 3.327437779105916430e-03
4.198007260931706810e+02 3.367091355345381166e-03
4.201576994997125212e+02 3.408279751010493547e-03
4.205146729062543045e+02 3.451066877426507782e-03
4.208716463127961447e+02 3.495520185509818235e-03
4.212286197193379280e+02 3.541710898813462457e-03
4.215855931258797682e+02 3.589714264629085931e-03
4.219425665324215515e+02 3.639609824749694567e-03
4.222995399389633917e+02 3.691481707659000338e-03
4.226565133455051750e+02 3.745418944091870577e-03
4.230134867520470152e+02 3.801515808110222504e-03
4.233704601585887985e+02 3.859872186060334543e-03
4.237274335651306387e+02 3.920593976025934548e-03
4.240844069716724221e+02 3.983793520667531889e-03
4.244413803782142622e+02 4.049590076648434608e-03
4.247983537847560456e+02 4.118110324193489241e-03
4.251553271912978857e+02 4.189488920715208828e-03
4.255123005978396691e+02 4.263869102876405304e-03
4.258692740043815093e+02 4.341403341948026941e-03
4.262262474109232926e+02 4.422254057869720763e-03
4.265832208174651328e+02 4.506594398040262260e-03
4.269401942240069161e+02 4.594609087561802793e-03
4.272971676305487563e+02 4.686495358449987297e-03
4.276541410370905396e+02 4.782463966211075376e-03
4.280111144436323798e+02 4.882740303194979536e-03
4.283680878501741631e+02 4.987565619273243156e-03
4.287250612567160033e+02 5.097198361686573753e-03
4.290820346632577866e+02 5.211915647376487611e-03
4.294390080697996268e+02 5.332014882790192013e-03
4.297959814763414101e+02 5.457815548053472805e-03
4.301529548828832503e+02 5.589661164582859602e-03
4.305099282894250337e+02 5.727921467692614205e-03
4.308669016959668738e+02 5.872994808597179969e-03
4.312238751025086572e+02 6.025310813466805936e-03
4.315808485090504973e+02 6.185333330934449439e-03
4.319378219155922807e+02 6.353563703747148669e-03
4.322947953221341209e+02 6.530544405201023882e-03
4.326517687286759042e+02 6.716863086695688823e-03
4.330087421352177444e+02 6.913157089321855103e-03
4.333657155417595277e+02 7.120118479994762620e-03
4.337226889483013679e+02 7.338499681444288214e-03
4.340796623548431512e+02 7.569119775565257870e-03
4.344366357613849914e+02 7.812871571463717371e-03
4.347936091679267747e+02 8.070729543278511164e-03
4.351505825744686149e+02 8.343758758850381568e-03
4.355075559810103982e+02 8.633124938930572881e-03
4.358645293875522384e+02 8.940105808331865259e-03
4.362215027940940217e+02 9.266103925749684736e-03
4.365784762006358619e+02 9.612661208552891745e-03
4.369354496071776452e+02 9.981475403377281300e-03
4.372924230137194854e+02 1.037441879370273531e-02
4.376493964202612688e+02 1.079355948271217523e-02
4.380063698268031089e+02 1.124118564473397357e-02
4.383633432333448923e+02 1.171983320268572479e-02
4.387203166398867324e+02 1.223231746355107896e-02
4.390772900464285158e+02 1.278176933048591479e-02
4.394342634529703560e+02 1.337167681019108163e-02
4.397912368595121393e+02 1.400593264912326427e-02
4.401482102660539795e+02 1.468888906313080452e-02
4.405051836725957628e+02 1.542542067275761396e-02
4.408621570791376030e+02 1.622099692025654252e-02
4.412191304856793863e+02 1.708176542182848062e-02
4.415761038922212265e+02 1.801464789415360354e-02
4.419330772987630098e+02 1.902745047709584331e-02
4.422900507053048500e+02 2.012899043563763646e-02
4.426470241118466333e+02 2.132924133194228841e-02
4.430039975183884735e+02 2.263949876169704320e-02
4.433609709249302568e+02 2.407256856624470989e-02
4.437179443314720970e+02 2.564297893681874788e-02
4.440749177380138804e+02 2.736721682452576340e-02
4.444318911445557205e+02 2.926398726334185699e-02
4.447888645510975039e+02 3.135449115794333025e-02
4.451458379576393440e+02 3.366271212271475938e-02
4.455028113641811274e+02 3.621569511584834394e-02
4.458597847707229676e+02 3.904378750563555073e-02
4.462167581772647509e+02 4.218079489503724633e-02
4.465737315838065911e+02 4.566397690584390184e-02
4.469307049903483744e+02 4.953376888130175265e-02
4.472876783968902146e+02 5.383306035415781621e-02
4.476446518034319979e+02 5.860578681664072725e-02
4.480016252099738381e+02 6.389449706082508951e-02
4.483585986165156214e+02 6.973645043225133733e-02
4.487155720230574616e+02 7.615769842551964319e-02
4.490725454295992449e+02 8.316456366811739165e-02
4.494295188361410851e+02 9.073204386026877122e-02
4.497864922426828684e+02 9.878909813021276298e-02
4.501434656492247086e+02 1.072017304882151856e-01
4.505004390557664919e+02 1.157564544805914503e-01
4.508574124623083321e+02 1.241490529300713630e-01
4.512143858688501155e+02 1.319858953195183482e-01
4.515713592753919556e+02 1.388058945061718119e-01
4.519283326819337390e+02 1.441282521552473550e-01
4.522853060884755791e+02 1.475229865755822156e-01
4.526422794950173625e+02 1.486895430452443434e-01
4.529992529015592027e+02 1.475196343653979725e-01
4.533562263081009860e+02 1.441213831953260527e-01
4.537131997146428262e+02 1.387952157388986918e-01
4.540701731211846095e+02 1.319710432495917185e-01
4.544271465277264497e+02 1.241296539882946887e-01
4.547841199342682330e+02 1.157321718991150966e-01
4.551410933408100732e+02 1.071722910016716240e-01
4.554980667473518565e+02 9.875430000759634341e-02
4.558550401538936967e+02 9.069175201293611099e-02
4.562120135604354800e+02 8.311869810483989152e-02
4.565689869669773202e+02 7.610622083859364118e-02
4.569259603735191035e+02 6.967935175225430100e-02
4.572829337800609437e+02 6.383178723570569202e-02
4.576399071866027271e+02 5.853748707044870853e-02
4.579968805931445672e+02 5.375919767278914546e-02
4.583538539996863506e+02 4.945437228673897623e-02
4.587108274062281907e+02 4.557907506828484667e-02
4.590678008127699741e+02 4.209041469604666436e-02
4.594247742193118142e+02 3.894795325005922376e-02
4.597817476258535976e+02 3.611442817003231859e-02
4.601387210323954378e+02 3.355603082196761955e-02
4.604956944389372211e+02 3.124241087594839539e-02
4.608526678454790613e+02 2.914652057221370565e-02
4.612096412520208446e+02 2.724437369944269355e-02
4.615666146585626848e+02 2.551476697633275892e-02
4.619235880651044681e+02 2.393899321086831455e-02
4.622805614716463083e+02 2.250056350085475471e-02
4.626375348781880916e+02 2.118494789420936539e-02
4.629945082847299318e+02 1.997933896019794126e-02
4.633514816912717151e+02 1.887243966622374064e-02
4.637084550978135553e+02 1.785427514761957907e-02
4.640654285043553386e+02 1.691602695476472282e-02
4.644224019108971788e+02 1.604988786629690800e-02
4.647793753174389622e+02 1.524893517430479101e-02
4.651363487239808023e+02 1.450702035040465215e-02
4.654933221305225857e+02 1.381867310932212607e-02
4.658502955370644258e+02 1.317901804774072178e-02
4.662072689436062092e+02 1.258370221912681088e-02
4.665642423501480494e+02 1.202883219095646043e-02
4.669212157566898327e+02 1.151091930839048816e-02
4.672781891632316729e+02 1.102683205224911853e-02
4.676351625697734562e+02 1.057375452673298480e-02
4.679921359763152964e+02 1.014915024324567795e-02
4.683491093828570797e+02 9.750730481554257395e-03
4.687060827893989199e+02 9.376426609539590881e-03
4.690630561959407032e+02 9.024365829379578374e-03
4.694200296024825434e+02 8.692849892644367166e-03
4.697770030090243267e+02 8.380336390935799740e-03
4.701339764155661669e+02 8.085422283721695538e-03
4.704909498221079502e+02 7.806829372154008503e-03
4.708479232286497904e+02 7.543391468010265943e-03
4.712048966351915738e+02 7.294043041442320116e-03
4.715618700417334139e+02 7.057809160785934004e-03
4.719188434482751973e+02 6.833796563016836766e-03
4.722758168548170374e+02 6.621185715146359584e-03
4.726327902613588208e+02 6.419223745475689802e-03
4.729897636679006609e+02 6.227218139617263573e-03
4.733467370744424443e+02 6.044531109940764514e-03
4.737037104809842845e+02 5.870574558930491231e-03
4.740606838875260678e+02 5.704805567138102398e-03
4.744176572940679080e+02 5.546722345210327795e-03
4.747746307006096913e+02 5.395860597074209238e-03
4.751316041071515315e+02 5.251790247937768510e-03
4.754885775136933148e+02 5.114112496464435186e-03
4.758455509202351550e+02 4.982457155422962726e-03
4.762025243267769383e+02 4.856480249413036056e-03
4.765594977333187785e+02 4.735861842004703871e-03
4.769164711398605618e+02 4.620304067889980520e-03
4.772734445464024020e+02 4.509529348487636286e-03
4.776304179529441853e+02 4.403278771929306987e-03
4.779873913594860255e+02 4.301310620529347553e-03
4.783443647660278089e+02 4.203399030748991051e-03
4.787013381725696490e+02 4.109332772337929117e-03
4.790583115791114324e+02 4.018914134808601081e-03
4.794152849856532725e+02 3.931957910692216764e-03
4.797722583921950559e+02 3.848290466167611761e-03
4.801292317987368961e+02 3.767748890660210966e-03
4.804862052052786794e+02 3.690180217899130099e-03
4.808431786118205196e+02 3.615440711707060186e-03
4.812001520183623029e+02 3.543395210496047640e-03
4.815571254249041431e+02 3.473916525060335991e-03
4.819140988314459264e+02 3.406884884807923758e-03
4.822710722379877666e+02 3.342187428060549182e-03
4.826280456445295499e+02 3.279717732487791478e-03
4.829850190510713901e+02 3.219375382128251799e-03
4.833419924576131734e+02 3.161065567797700145e-03
4.836989658641550136e+02 3.104698717992839148e-03
4.840559392706967969e+02 3.050190157676654218e-03
4.844129126772386371e+02 2.997459792578600901e-03
4.847698860837804204e+02 2.946431816865574538e-03
4.851268594903222606e+02 2.897034442238481666e-03
4.854838328968640440e+02 2.849199646688877971e-03
4.858408063034058841e+02 2.802862941310717889e-03
4.861977797099476675e+02 2.757963153707812965e-03
4.865547531164895076e+02 2.714442226667780102e-03
4.869117265230312910e+02 2.672245030891660066e-03
4.872686999295731312e+02 2.631319190674356531e-03
4.876256733361149145e+02 2.591614921527731624e-03
4.879826467426567547e+02 2.553084878824778744e-03
4.883396201491985380e+02 2.515684016622547325e-03
4.886965935557403782e+02 2.479369455892529387e-03
4.890535669622821615e+02 2.444100361452369169e-03
4.894105403688240017e+02 2.409837826951271092e-03
4.897675137753657850e+02 2.376544767315271617e-03
4.901244871819076252e+02 2.344185818106817032e-03
4.904814605884494085e+02 2.312727241297726256e-03
4.908384339949912487e+02 2.282136836994566684e-03
4.911954074015330320e+02 2.252383860692602421e-03
4.915523808080748722e+02 2.223438945667674266e-03
4.919093542146166556e+02 2.195274030146352959e-03
4.922663276211584957e+02 2.167862288922369537e-03
4.926233010277002791e+02 2.141178069113264248e-03
4.929802744342421192e+02 2.115196829774329285e-03
4.933372478407839026e+02 2.089895085108685324e-03
4.936942212473257428e+02 2.065250351031729971e-03
4.940511946538675261e+02 2.041241094866525722e-03
4.944081680604093663e+02 2.017846687963015771e-03
4.947651414669511496e+02 1.995047361049410214e-03
4.951221148734929898e+02 1.972824162137865392e-03
4.954790882800347731e+02 1.951158916819664821e-03
4.958360616865766133e+02 1.930034190796744683e-03
4.961930350931183966e+02 1.909433254507537535e-03
4.965500084996602368e+02 1.889340049714953061e-03
4.969069819062020201e+02 1.869739157933801707e-03
4.972639553127438603e+02 1.850615770583320142e-03
4.976209287192856436e+02 1.831955660758570383e-03
4.979779021258274838e+02 1.813745156521580273e-03
4.983348755323692671e+02 1.795971115620055786e-03
4.986918489389111073e+02 1.778620901547530711e-03
4.990488223454528907e+02 1.761682360864809480e-03
4.994057957519947308e+02 1.745143801707715620e-03
4.997627691585365142e+02 1.728993973411305403e-03
5.001197425650783543e+02 1.713222047185129640e-03
5.004767159716201377e+02 1.697817597778572421e-03
5.008336893781619779e+02 1.682770586079077296e-03
5.011906627847037612e+02 1.668071342589925316e-03
5.015476361912456014e+02 1.653710551737484552e-03
5.019046095977873847e+02 1.639679236961181586e-03
5.022615830043292249e+02 1.625968746542252701e-03
5.026185564108710082e+02 1.612570740130234463e-03
5.029755298174128484e+02 1.599477175928559888e-03
5.033325032239546317e+02 1.586680298503171868e-03
5.036894766304964719e+02 1.574172627180126828e-03
5.040464500370382552e+02 1.561946945000397850e-03
5.044034234435800954e+02 1.549996288201862865e-03
5.047603968501218787e+02 1.538313936200421360e-03
5.051173702566637189e+02 1.526893402043729125e-03
5.054743436632055023e+02 1.515728423312736250e-03
5.058313170697473424e+02 1.504812953447584459e-03
5.061882904762891258e+02 1.494141153475891546e-03
5.065452638828309659e+02 1.483707384122640938e-03
5.069022372893727493e+02 1.473506198282200632e-03
5.072592106959145895e+02 1.463532333834025121e-03
5.076161841024563728e+02 1.453780706784750520e-03
5.079731575089982130e+02 1.444246404720281969e-03
5.083301309155399963e+02 1.434924680552505374e-03
5.086871043220818365e+02 1.425810946546029068e-03
5.090440777286236198e+02 1.416900768611263628e-03
5.094010511351654600e+02 1.408189860850845264e-03
5.097580245417072433e+02 1.399674080347191197e-03
5.101149979482490835e+02 1.391349422179594076e-03
5.104719713547908668e+02 1.383212014659956392e-03
5.108289447613327070e+02 1.375258114776813133e-03
5.111859181678744903e+02 1.367484103837896372e-03
5.115428915744163305e+02 1.359886483301989612e-03
5.118998649809581138e+02 1.352461870791361225e-03
5.122568383874998972e+02 1.345206996276480851e-03
5.126138117940417942e+02 1.338118698425224459e-03
5.129707852005835775e+02 1.331193921109159913e-03
5.133277586071253609e+02 1.324429710059874844e-03
5.136847320136671442e+02 1.317823209668752497e-03
5.140417054202090412e+02 1.311371659923878542e-03
5.143986788267508246e+02 1.305072393478140047e-03
5.147556522332926079e+02 1.298922832842848169e-03
5.151126256398343912e+02 1.292920487701579345e-03
5.154695990463762882e+02 1.287062952339130357e-03
5.158265724529180716e+02 1.281347903180820019e-03
5.161835458594598549e+02 1.275773096437545460e-03
5.165405192660016382e+02 1.270336365852324945e-03
5.168974926725435353e+02 1.265035620544211360e-03
5.172544660790853186e+02 1.259868842945714674e-03
5.176114394856271019e+02 1.254834086830046002e-03
5.179684128921688853e+02 1.249929475424725296e-03
5.183253862987107823e+02 1.245153199608241756e-03
5.186823597052525656e+02 1.240503516186648985e-03
5.190393331117943490e+02 1.235978746247127016e-03
5.193963065183361323e+02 1.231577273585721111e-03
5.197532799248780293e+02 1.227297543206603420e-03
5.201102533314198126e+02 1.223138059890343469e-03
5.204672267379615960e+02 1.219097386828807634e-03
5.208242001445033793e+02 1.215174144324463260e-03
5.211811735510452763e+02 1.211367008551945696e-03
5.215381469575870597e+02 1.207674710379905885e-03
5.218951203641288430e+02 1.204096034251226624e-03
5.222520937706706263e+02 1.200629817119855435e-03
5.226090671772125233e+02 1.197274947442555958e-03
5.229660405837543067e+02 1.194030364224018788e-03
5.233230139902960900e+02 1.190895056113837076e-03
5.236799873968378733e+02 1.187868060553975589e-03
5.240369608033797704e+02 1.184948462975426347e-03
5.243939342099215537e+02 1.182135396042847345e-03
5.247509076164633370e+02 1.179428038946042949e-03
5.251078810230051204e+02 1.176825616737258101e-03
5.254648544295470174e+02 1.174327399713300402e-03
5.258218278360888007e+02 1.171932702841612479e-03
5.261788012426305841e+02 1.169640885229458749e-03
5.265357746491723674e+02 1.167451349635494941e-03
5.268927480557142644e+02 1.165363542023036686e-03
5.272497214622560477e+02 1.163376951154423706e-03
5.276066948687978311e+02 1.161491108225932729e-03
5.279636682753396144e+02 1.159705586542776612e-03
5.283206416818815114e+02 1.158020001233772472e-03
5.286776150884232948e+02 1.156434009005346186e-03
5.290345884949650781e+02 1.154947307934580530e-03
5.293915619015068614e+02 1.153559637301108769e-03
5.297485353080487585e+02 1.152270777457688015e-03
5.301055087145905418e+02 1.151080549739373453e-03
5.304624821211323251e+02 1.149988816411261954e-03
5.308194555276741085e+02 1.148995480654844796e-03
5.311764289342160055e+02 1.148100486593073115e-03
5.315334023407577888e+02 1.147303819354301329e-03
5.318903757472995721e+02 1.146605505175332098e-03
5.322473491538413555e+02 1.146005611543870952e-03
5.326043225603832525e+02 1.145504247380740121e-03
5.329612959669250358e+02 1.145101563262291558e-03
5.333182693734668192e+02 1.144797751683508755e-03
5.336752427800086025e+02 1.144593047362376563e-03
5.340322161865504995e+02 1.144487727586149771e-03
5.343891895930922828e+02 1.144482112600244935e-03
5.347461629996340662e+02 1.144576566040539974e-03
5.351031364061758495e+02 1.144771495409954752e-03
5.354601098127177465e+02 1.145067352600263487e-03
5.358170832192595299e+02 1.145464634460171367e-03
5.361740566258013132e+02 1.145963883410778183e-03
5.365310300323430965e+02 1.146565688109637193e-03
5.368880034388849936e+02 1.147270684164721334e-03
5.372449768454267769e+02 1.148079554899684128e-03
5.376019502519685602e+02 1.148993032171935318e-03
5.379589236585103436e+02 1.150011897245126983e-03
5.383158970650522406e+02 1.151136981717777903e-03
5.386728704715940239e+02 1.152369168509862407e-03
5.390298438781358072e+02 1.153709392909332615e-03
5.393868172846775906e+02 1.155158643680644472e-03
5.397437906912194876e+02 1.156717964237511699e-03
5.401007640977612709e+02 1.158388453882240815e-03
5.404577375043030543e+02 1.160171269114155211e-03
5.408147109108448376e+02 1.162067625009761311e-03
5.411716843173867346e+02 1.164078796677483780e-03
5.415286577239285180e+02 1.166206120789959775e-03
5.418856311304703013e+02 1.168450997197076130e-03
5.422426045370120846e+02 1.170814890623105486e-03
5.425995779435539816e+02 1.173299332451523385e-03
5.429565513500957650e+02 1.175905922601280622e-03
5.433135247566375483e+02 1.178636331498553484e-03
5.436704981631793316e+02 1.181492302148213483e-03
5.440274715697212287e+02 1.184475652309527078e-03
5.443844449762630120e+02 1.187588276780856753e-03
5.447414183828047953e+02 1.190832149798434682e-03
5.450983917893465787e+02 1.194209327554559110e-03
5.454553651958884757e+02 1.197721950840910030e-03
5.458123386024302590e+02 1.201372247823005853e-03
5.461693120089720423e+02 1.205162536952206730e-03
5.465262854155138257e+02 1.209095230022021704e-03
5.468832588220557227e+02 1.213172835375932483e-03
5.472402322285975060e+02 1.217397961274343816e-03
5.475972056351392894e+02 1.221773319428776832e-03
5.479541790416810727e+02 1.226301728711873783e-03
5.483111524482229697e+02 1.230986119052355316e-03
5.486681258547647531e+02 1.235829535524606785e-03
5.490250992613065364e+02 1.240835142643199798e-03
5.493820726678484334e+02 1.246006228873266933e-03
5.497390460743902167e+02 1.251346211368357247e-03
5.500960194809320001e+02 1.256858640948155682e-03
5.504529928874737834e+02 1.262547207329175894e-03
5.508099662940156804e+02 1.268415744622440481e-03
5.511669397005574638e+02 1.274468237113022965e-03
5.515239131070992471e+02 1.280708825337323418e-03
5.518808865136410304e+02 1.287141812474936180e-03
5.522378599201829275e+02 1.293771671073124787e-03
5.525948333267247108e+02 1.300603050123070844e-03
5.529518067332664941e+02 1.307640782508376993e-03
5.533087801398082775e+02 1.314889892847614710e-03
5.536657535463501745e+02 1.322355605754237887e-03
5.540227269528919578e+02 1.330043354538712995e-03
5.543797003594337411e+02 1.337958790379475829e-03
5.547366737659755245e+02 1.346107791991062825e-03
5.550936471725174215e+02 1.354496475819824252e-03
5.554506205790592048e+02 1.363131206799668383e-03
5.558075939856009882e+02 1.372018609702649284e-03
5.561645673921427715e+02 1.381165581121566836e-03
5.565215407986846685e+02 1.390579302124506696e-03
5.568785142052264518e+02 1.400267251624023879e-03
5.572354876117682352e+02 1.410237220506870091e-03
5.575924610183100185e+02 1.420497326573372243e-03
5.579494344248519155e+02 1.431056030339327833e-03
5.583064078313936989e+02 1.441922151757069146e-03
5.586633812379354822e+02 1.453104887916716699e-03
5.590203546444772655e+02 1.464613831793068043e-03
5.593773280510191626e+02 1.476458992108695047e-03
5.597343014575609459e+02 1.488650814389093921e-03
5.600912748641027292e+02 1.501200203291711216e-03
5.604482482706445126e+02 1.514118546296860457e-03
5.608052216771864096e+02 1.527417738855623049e-03
5.611621950837281929e+02 1.541110211097199015e-03
5.615191684902699762e+02 1.555208956206480513e-03
5.618761418968117596e+02 1.569727560591372296e-03
5.622331153033536566e+02 1.584680235969217893e-03
5.625900887098954399e+02 1.600081853512170605e-03
5.629470621164372233e+02 1.615947980203010729e-03
5.633040355229790066e+02 1.632294917565335840e-03
5.636610089295209036e+02 1.649139742946023049e-03
5.640179823360626870e+02 1.666500353542782736e-03
5.643749557426044703e+02 1.684395513386263178e-03
5.647319291491462536e+02 1.702844903504043082e-03
5.650889025556881506e+02 1.721869175513864080e-03
5.654458759622299340e+02 1.741490008915016346e-03
5.658028493687717173e+02 1.761730172370840454e-03
5.661598227753135006e+02 1.782613589301315811e-03
5.665167961818553977e+02 1.804165408133763049e-03
5.668737695883971810e+02 1.826412077591310461e-03
5.672307429949389643e+02 1.849381427433915721e-03
5.675877164014807477e+02 1.873102755105118377e-03
5.679446898080226447e+02 1.897606918780546468e-03
5.683016632145644280e+02 1.922926437361055074e-03
5.686586366211062114e+02 1.949095598005665684e-03
5.690156100276479947e+02 1.976150571856809604e-03
5.693725834341898917e+02 2.004129538674510706e-03
5.697295568407316750e+02 2.033072821166717874e-03
5.700865302472734584e+02 2.063023029881876688e-03
5.704435036538152417e+02 2.094025219616861382e-03
5.708004770603571387e+02 2.126127058390917327e-03
5.711574504668989221e+02 2.159379010144239948e-03
5.715144238734407054e+02 2.193834532440786314e-03
5.718713972799824887e+02 2.229550290589205758e-03
5.722283706865243857e+02 2.266586389746630490e-03
5.725853440930661691e+02 2.305006626738097687e-03
5.729423174996079524e+02 2.344878763513150166e-03
5.732992909061497357e+02 2.386274824372075672e-03
5.736562643126916328e+02 2.429271419331823379e-03
5.740132377192334161e+02 2.473950096267877718e-03
5.743702111257751994e+02 2.520397724768609019e-03
5.747271845323169828e+02 2.568706914975999508e-03
5.750841579388588798e+02 2.618976475068242847e-03
5.754411313454006631e+02 2.671311911469677076e-03
5.757981047519424465e+02 2.725825976360741251e-03
5.761550781584842298e+02 2.782639267611138924e-03
5.765120515650261268e+02 2.841880886884950216e-03
5.768690249715679101e+02 2.903689162375462565e-03
5.772259983781096935e+02 2.968212443434677453e-03
5.775829717846514768e+02 3.035609975280197624e-03
5.779399451911933738e+02 3.106052863009938891e-03
5.782969185977351572e+02 3.179725135350012447e-03
5.786538920042769405e+02 3.256824919928499873e-03
5.790108654108187238e+02 3.337565743431968567e-03
5.793678388173606209e+02 3.422177971796733133e-03
5.797248122239024042e+02 3.510910407646610810e-03
5.800817856304441875e+02 3.604032064559011417e-03
5.804387590369859709e+02 3.701834140468695904e-03
5.807957324435278679e+02 3.804632215666270498e-03
5.811527058500696512e+02 3.912768704481697432e-03
5.815096792566114345e+02 4.026615593947011247e-03
5.818666526631532179e+02 4.146577507598623973e-03
5.822236260696951149e+02 4.273095138225642062e-03
5.825805994762368982e+02 4.406649099923986082e-03
5.829375728827786816e+02 4.547764257437592224e-03
5.832945462893204649e+02 4.697014599635904522e-03
5.836515196958623619e+02 4.855028734312750310e-03
5.840084931024041452e+02 5.022496093542631532e-03
5.843654665089459286e+02 5.200173952897998997e-03
5.847224399154877119e+02 5.388895384255301506e-03
5.850794133220296089e+02 5.589578281107005289e-03
5.854363867285713923e+02 5.803235617708801114e-03
5.857933601351131756e+02 6.030987129564474407e-03
5.861503335416549589e+02 6.274072633281046855e-03
5.865073069481968560e+02 6.533867239395198603e-03
5.868642803547386393e+02 6.811898753102826019e-03
5.872212537612804226e+02 7.109867605697516198e-03
5.875782271678222060e+02 7.429669714699664758e-03
5.879352005743641030e+02 7.773422733835292329e-03
5.882921739809058863e+02 8.143496225672357605e-03
5.886491473874476696e+02 8.542546369917551272e-03
5.890061207939894530e+02 8.973555908422825925e-03
5.893630942005313500e+02 9.439880121908612864e-03
5.897200676070731333e+02 9.945299729231336233e-03
5.900770410136149167e+02 1.049408169036342847e-02
5.904340144201567000e+02 1.109104896651811820e-02
5.907909878266985970e+02 1.174166032437861176e-02
5.911479612332403804e+02 1.245210123304607737e-02
5.915049346397821637e+02 1.322938674009034934e-02
5.918619080463239470e+02 1.408147684638506002e-02
5.922188814528658440e+02 1.501740420505091878e-02
5.925758548594076274e+02 1.604741276150196960e-02
5.929328282659494107e+02 1.718310395095742904e-02
5.932898016724911940e+02 1.843758386639686442e-02
5.936467750790330911e+02 1.982559980865617952e-02
5.940037484855748744e+02 2.136364698683420812e-02
5.943607218921166577e+02 2.307001469058264989e-02
5.947176952986584411e+02 2.496472448398536284e-02
5.950746687052003381e+02 2.706928902943685211e-02
5.954316421117421214e+02 2.940618712523676917e-02
5.957886155182839047e+02 3.199790716276266350e-02
5.961455889248256881e+02 3.486535846047154191e-02
5.965025623313675851e+02 3.802539421259241298e-02
5.968595357379093684e+02 4.148714843342536651e-02
5.972165091444511518e+02 4.524689880240002904e-02
5.975734825509929351e+02 4.928129283037966518e-02
5.979304559575348321e+02 5.353911370847186380e-02
5.982874293640766155e+02 5.793242556232388457e-02
5.986444027706183988e+02 6.232898026984433348e-02
5.990013761771601821e+02 6.654904096018296467e-02
5.993583495837020791e+02 7.037073475985272664e-02
5.997153229902438625e+02 7.354767633974747254e-02
6.000722963967856458e+02 7.583981160250649611e-02
6.004292698033274291e+02 7.705309210913635631e-02
6.007862432098693262e+02 7.707769712709976184e-02
6.011432166164111095e+02 7.591191778709616145e-02
6.015001900229528928e+02 7.366254154387655295e-02
6.018571634294946762e+02 7.052158337268898958e-02
6.022141368360365732e+02 6.672831118684462159e-02
6.025711102425783565e+02 6.252943837233994329e-02
6.029280836491201399e+02 5.814791531122596308e-02
6.032850570556619232e+02 5.376489658567552149e-02
6.036420304622038202e+02 4.951406322894625484e-02
6.039990038687456035e+02 4.548460325452965969e-02
6.043559772752873869e+02 4.172872353478739721e-02
6.047129506818291702e+02 3.827050011969627269e-02
6.050699240883710672e+02 3.511414796405157995e-02
6.054268974949128506e+02 3.225084418813357889e-02
6.057838709014546339e+02 2.966391365319126852e-02
6.061408443079964172e+02 2.733253284042777217e-02
6.064978177145383142e+02 2.523423843788606333e-02
6.068547911210800976e+02 2.334653896387621497e-02
6.072117645276218809e+02 2.164788728501373938e-02
6.075687379341636642e+02 2.011821627478494953e-02
6.079257113407055613e+02 1.873918688653463185e-02
6.082826847472473446e+02 1.749425422009060968e-02
6.086396581537891279e+02 1.636862383439789681e-02
6.089966315603309113e+02 1.534914636853153096e-02
6.093536049668728083e+02 1.442418157215671209e-02
6.097105783734145916e+02 1.358345126234689407e-02
6.100675517799563750e+02 1.281789298342257341e-02
6.104245251864981583e+02 1.211952107876832462e-02
6.107814985930400553e+02 1.148129863541780607e-02
6.111384719995818386e+02 1.089702173184810968e-02
6.114954454061236220e+02 1.036121619167313344e-02
6.118524188126654053e+02 9.869046339076347971e-03
6.122093922192073023e+02 9.416234877238744208e-03
6.125663656257490857e+02 8.998992843936031230e-03
6.129233390322908690e+02 8.613958557252087908e-03
6.132803124388326523e+02 8.258144496264262571e-03
6.136372858453745494e+02 7.928891132997882216e-03
6.139942592519163327e+02 7.623826821957551715e-03
6.143512326584581160e+02 7.340832949326202110e-03
6.147082060649998994e+02 7.078013638010637563e-03
6.150651794715417964e+02 6.833669392975501647e-03
6.154221528780835797e+02 6.606274151757137759e-03
6.157791262846253630e+02 6.394455276959613507e-03
6.161360996911671464e+02 6.196976090965101644e-03
6.164930730977090434e+02 6.012720608501148818e-03
6.168500465042508267e+02 5.840680170792756677e-03
6.172070199107926101e+02 5.679941726546265841e-03
6.175639933173343934e+02 5.529677540745269078e-03
6.179209667238762904e+02 5.389136142912699136e-03
6.182779401304180737e+02 5.257634352790601165e-03
6.186349135369598571e+02 5.134550243908263256e-03
6.189918869435016404e+02 5.019316924790569005e-03
6.193488603500435374e+02 4.911417034061671405e-03
6.197058337565853208e+02 4.810377859834028859e-03
6.200628071631271041e+02 4.715767005881899183e-03
6.204197805696688874e+02 4.627188537483616602e-03
6.207767539762107845e+02 4.544279548727887807e-03
6.211337273827525678e+02 4.466707100737184535e-03
6.214907007892943511e+02 4.394165486846648289e-03
6.218476741958361345e+02 4.326373786449964724e-03
6.222046476023780315e+02 4.263073674113971277e-03
6.225616210089198148e+02 4.204027454788153255e-03
6.229185944154615981e+02 4.149016299586845077e-03
6.232755678220033815e+02 4.097838659785452316e-03
6.236325412285452785e+02 4.050308839414084976e-03
6.239895146350870618e+02 4.006255709214631699e-03
6.243464880416288452e+02 3.965521546798879242e-03
6.247034614481706285e+02 3.927960989650727125e-03
6.250604348547125255e+02 3.893440089189681430e-03
6.254174082612543089e+02 3.861835455489139122e-03
6.257743816677960922e+02 3.833033483446672465e-03
6.261313550743378755e+02 3.806929652259255416e-03
6.264883284808797725e+02 3.783427890982386625e-03
6.268453018874215559e+02 3.762440003766818163e-03
6.272022752939633392e+02 3.743885149083742061e-03
6.275592487005051225e+02 3.727689367882172384e-03
6.279162221070470196e+02 3.713785156181114312e-03
6.282731955135888029e+02 3.702111078094074293e-03
6.286301689201305862e+02 3.692611415722000818e-03
6.289871423266723696e+02 3.685235852740756726e-03
6.293441157332142666e+02 3.679939188855831274e-03
6.297010891397560499e+02 3.676681082606620115e-03
6.300580625462978333e+02 3.675425820279040832e-03
6.304150359528396166e+02 3.676142108933220815e-03
6.307720093593815136e+02 3.678802891775513357e-03
6.311289827659232969e+02 3.683385184304797076e-03
6.314859561724650803e+02 3.689869929844261185e-03
6.318429295790068636e+02 3.698241873234273201e-03
6.321999029855487606e+02 3.708489451611649262e-03
6.325568763920905440e+02 3.720604701337381585e-03
6.329138497986323273e+02 3.734583180260700550e-03
6.332708232051741106e+02 3.750423904623231483e-03
6.336277966117160076e+02 3.768129300014919861e-03
6.339847700182577910e+02 3.787705165894023063e-03
6.343417434247995743e+02 3.809160653278426383e-03
6.346987168313413576e+02 3.832508255305218034e-03
6.350556902378832547e+02 3.857763810441651887e-03
6.354126636444250380e+02 3.884946518213313205e-03
6.357696370509668213e+02 3.914078967396204464e-03
6.361266104575086047e+02 3.945187176698332354e-03
6.364835838640505017e+02 3.978300648035275333e-03
6.368405572705922850e+02 4.013452432582527776e-03
6.371975306771340684e+02 4.050679209867186735e-03
6.375545040836758517e+02 4.090021380242109608e-03
6.379114774902177487e+02 4.131523171169415240e-03
6.382684508967595320e+02 4.175232757826286174e-03
6.386254243033013154e+02 4.221202398636718540e-03
6.389823977098430987e+02 4.269488586427463116e-03
6.393393711163849957e+02 4.320152216007700288e-03
6.396963445229267791e+02 4.373258769078950357e-03
6.400533179294685624e+02 4.428878517497331253e-03
6.404102913360103457e+02 4.487086746033623272e-03
6.407672647425522428e+02 4.547963995911295625e-03
6.411242381490940261e+02 4.611596330547705451e-03
6.414812115556358094e+02 4.678075625082820863e-03
6.418381849621775928e+02 4.747499881452430653e-03
6.421951583687194898e+02 4.819973570953430334e-03
6.425521317752612731e+02 4.895608006456855094e-03
6.429091051818030564e+02 4.974521746654796128e-03
6.432660785883448398e+02 5.056841034979993148e-03
6.436230519948867368e+02 5.142700276118141421e-03
6.439800254014285201e+02 5.232242553342771572e-03
6.443369988079703035e+02 5.325620190247852721e-03
6.446939722145120868e+02 5.422995360835151588e-03
6.450509456210539838e+02 5.524540752340587058e-03
6.454079190275957671e+02 5.630440285657971680e-03
6.457648924341375505e+02 5.740889898749729041e-03
6.461218658406793338e+02 5.856098399025733148e-03
6.464788392472212308e+02 5.976288391336057049e-03
6.468358126537630142e+02 6.101697288966179654e-03
6.471927860603047975e+02 6.232578415858940936e-03
6.475497594668465808e+02 6.369202209224255999e-03
6.479067328733884779e+02 6.511857532754741600e-03
6.482637062799302612e+02 6.660853111853938004e-03
6.486206796864720445e+02 6.816519103627551035e-03
6.489776530930138279e+02 6.979208815903245773e-03
6.493346264995557249e+02 7.149300591262472068e-03
6.496915999060975082e+02 7.327199874010877079e-03
6.500485733126392915e+02 7.513341480221365047e-03
6.504055467191810749e+02 7.708192093488303899e-03
6.507625201257229719e+02 7.912253011884749429e-03
6.511194935322647552e+02 8.126063174861704319e-03
6.514764669388065386e+02 8.350202502536640051e-03
6.518334403453483219e+02 8.585295584051145720e-03
6.521904137518902189e+02 8.832015756525420785e-03
6.525473871584320023e+02 9.091089621687770822e-03
6.529043605649737856e+02 9.363302053630805089e-03
6.532613339715155689e+02 9.649501758465088910e-03
6.536183073780574659e+02 9.950607455070361804e-03
6.539752807845992493e+02 1.026761475585380445e-02
6.543322541911410326e+02 1.060160383763639365e-02
6.546892275976828159e+02 1.095374800574046292e-02
6.550462010042247130e+02 1.132532326935005960e-02
6.554031744107664963e+02 1.171771906359212953e-02
6.557601478173082796e+02 1.213245027395883774e-02
6.561171212238500630e+02 1.257117074212334672e-02
6.564740946303919600e+02 1.303568845947071335e-02
6.568310680369337433e+02 1.352798268641608112e-02
6.571880414434755266e+02 1.405022327260444133e-02
6.575450148500173100e+02 1.460479249627200278e-02
6.579019882565592070e+02 1.519430979148044848e-02
6.582589616631009903e+02 1.582165979082901866e-02
6.586159350696427737e+02 1.649002418005715218e-02
6.589729084761845570e+02 1.720291794130073687e-02
6.593298818827264540e+02 1.796423065556055146e-02
6.596868552892682374e+02 1.877827364426829654e-02
6.600438286958100207e+02 1.964983385704388574e-02
6.604008021023518040e+02 2.058423556029336313e-02
6.607577755088937010e+02 2.158741105178150002e-02
6.611147489154354844e+02 2.266598182210709592e-02
6.614717223219772677e+02 2.382735180708264386e-02
6.618286957285190510e+02 2.507981462624499225e-02
6.621856691350609481e+02 2.643267698112867700e-02
6.625426425416027314e+02 2.789640068811966370e-02
6.628996159481445147e+02 2.948276613482877020e-02
6.632565893546862981e+02 3.120506025710807763e-02
6.636135627612281951e+02 3.307829240318607006e-02
6.639705361677699784e+02 3.511944162687136162e-02
6.643275095743117618e+02 3.734773894448015913e-02
6.646844829808535451e+02 3.978498775919731695e-02
6.650414563873954421e+02 4.245592478273219061e-02
6.653984297939372254e+02 4.538862203012675178e-02
6.657554032004790088e+02 4.861492731721125254e-02
6.661123766070207921e+02 5.217093538191575064e-02
6.664693500135626891e+02 5.609747313913820976e-02
6.668263234201044725e+02 6.044056899602147370e-02
6.671832968266462558e+02 6.525185520955002760e-02
6.675402702331880391e+02 7.058882062440156868e-02
6.678972436397299361e+02 7.651478430839121769e-02
6.682542170462717195e+02 8.309839296069798653e-02
6.686111904528135028e+02 9.041235014673822123e-02
6.689681638593552861e+02 9.853095789756760592e-02
6.693251372658971832e+02 1.075258901184293070e-01
6.696821106724389665e+02 1.174594342013665360e-01
6.700390840789807498e+02 1.283742708295366741e-01
6.703960574855225332e+02 1.402788010677095409e-01
6.707530308920644302e+02 1.531272442570511538e-01
6.711100042986062135e+02 1.667944954801272583e-01
6.714669777051479969e+02 1.810474083866898953e-01
6.718239511116897802e+02 1.955170605317631816e-01
6.721809245182316772e+02 2.096805397912506475e-01
6.725378979247734605e+02 2.228647050154519138e-01
6.728948713313152439e+02 2.342855183012179654e-01
6.732518447378570272e+02 2.431311482546476832e-01
6.736088181443989242e+02 2.486827919722321145e-01
6.739657915509407076e+02 2.504472972152519405e-01
6.743227649574824909e+02 2.482608018141688189e-01
6.746797383640242742e+02 2.423253249120214392e-01
6.750367117705661713e+02 2.331638064045720993e-01
6.753936851771079546e+02 2.215113419849698007e-01
6.757506585836497379e+02 2.081820298294130289e-01
6.761076319901915213e+02 1.939512821130063291e-01
6.764646053967334183e+02 1.794774090006657774e-01
6.768215788032752016e+02 1.652666243955077108e-01
6.771785522098169849e+02 1.516722885662682707e-01
6.775355256163587683e+02 1.389146679589782774e-01
6.778924990229006653e+02 1.271091043797643871e-01
6.782494724294424486e+02 1.162945072359153342e-01
6.786064458359842320e+02 1.064579792575178208e-01
6.789634192425260153e+02 9.755414241300466860e-02
6.793203926490679123e+02 8.951929329336945351e-02
6.796773660556096956e+02 8.228120767667514157e-02
6.800343394621514790e+02 7.576558798515797832e-02
6.803913128686932623e+02 6.990006885178438878e-02
6.807482862752351593e+02 6.461652473237372574e-02
6.811052596817769427e+02 5.985224158339120387e-02
6.814622330883187260e+02 5.555035686170772813e-02
6.818192064948605093e+02 5.165984823345879523e-02
6.821761799014024064e+02 4.813525974558166554e-02
6.825331533079441897e+02 4.493628908267516958e-02
6.828901267144859730e+02 4.202731457396977066e-02
6.832471001210277564e+02 3.937691030051610613e-02
6.836040735275696534e+02 3.695737763060089748e-02
6.839610469341114367e+02 3.474430855632403004e-02
6.843180203406532200e+02 3.271618801247971192e-02
6.846749937471950034e+02 3.085403732710760571e-02
6.850319671537369004e+02 2.914109798595004505e-02
6.853889405602786837e+02 2.756255325335906989e-02
6.857459139668204671e+02 2.610528438959372477e-02
6.861028873733622504e+02 2.475765791672529526e-02
6.864598607799041474e+02 2.350934040307109743e-02
6.868168341864459308e+02 2.235113742506603801e-02
6.871738075929877141e+02 2.127485364108159735e-02
6.875307809995294974e+02 2.027317122180853984e-02
6.878877544060713944e+02 1.933954419524407109e-02
6.882447278126131778e+02 1.846810656345578006e-02
6.886017012191549611e+02 1.765359232392445590e-02
6.889586746256967444e+02 1.689126577652470471e-02
6.893156480322386415e+02 1.617686071729039499e-02
6.896726214387804248e+02 1.550652731312388184e-02
6.900295948453222081e+02 1.487678561952157814e-02
6.903865682518639915e+02 1.428448484867403737e-02
6.907435416584058885e+02 1.372676762047627362e-02
6.911005150649476718e+02 1.320103853656210378e-02
6.914574884714894552e+02 1.270493650973536157e-02
6.918144618780312385e+02 1.223631036021992531e-02
6.921714352845731355e+02 1.179319725781940303e-02
6.925284086911149188e+02 1.137380364701414369e-02
6.928853820976567022e+02 1.097648834161996274e-02
6.932423555041984855e+02 1.059974751812473373e-02
6.935993289107403825e+02 1.024220137323125605e-02
6.939563023172821659e+02 9.902582242380244398e-03
6.943132757238239492e+02 9.579724002851801659e-03
6.946702491303657325e+02 9.272552608111220979e-03
6.950272225369076295e+02 8.980077619911460210e-03
6.953841959434494129e+02 8.701384621774685066e-03
6.957411693499911962e+02 8.435628412234807624e-03
6.960981427565329795e+02 8.182026888982266502e-03
6.964551161630748766e+02 7.939855546086969917e-03
6.968120895696166599e+02 7.708442516042638554e-03
6.971690629761584432e+02 7.487164096673683961e-03
6.975260363827002266e+02 7.275440710161608544e-03
6.978830097892421236e+02 7.072733247722798322e-03
6.982399831957839069e+02 6.878539758942688563e-03
6.985969566023256903e+02 6.692392449544783475e-03
6.989539300088674736e+02 6.513854955549241640e-03
6.993109034154093706e+02 6.342519865426825276e-03
6.996678768219511539e+02 6.178006465058346643e-03
7.000248502284929373e+02 6.019958683119022019e-03
7.003818236350347206e+02 5.868043216980207109e-03
7.007387970415766176e+02 5.721947821393813007e-03
7.010957704481184010e+02 5.581379744143194141e-03
7.014527438546601843e+02 5.446064294534838819e-03
7.018097172612019676e+02 5.315743532102016472e-03
7.021666906677438647e+02 5.190175064212976079e-03
7.025236640742856480e+02 5.069130942449888780e-03
7.028806374808274313e+02 4.952396648663474031e-03
7.032376108873692147e+02 4.839770162533597875e-03
7.035945842939111117e+02 4.731061103286206791e-03
7.039515577004528950e+02 4.626089938949611534e-03
7.043085311069946783e+02 4.524687257184304562e-03
7.046655045135364617e+02 4.426693092303791120e-03
7.050224779200783587e+02 4.331956303622801902e-03
7.053794513266201420e+02 4.240334000735454349e-03
7.057364247331619254e+02 4.151691011741715127e-03
7.060933981397037087e+02 4.065899390815193998e-03
7.064503715462456057e+02 3.982837961839481682e-03
7.068073449527873890e+02 3.902391895142281325e-03
7.071643183593291724e+02 3.824452314626730371e-03
7.075212917658709557e+02 3.748915932844254766e-03
7.078782651724128527e+02 3.675684711772032615e-03
7.082352385789546361e+02 3.604665547257306264e-03
7.085922119854964194e+02 3.535769975269052387e-03
7.089491853920382027e+02 3.468913898260318675e-03
7.093061587985800998e+02 3.404017330090023091e-03
7.096631322051218831e+02 3.341004158086312986e-03
7.100201056116636664e+02 3.279801920953130754e-03
7.103770790182054498e+02 3.220341601331414179e-03
7.107340524247473468e+02 3.162557431924609662e-03
7.110910258312891301e+02 3.106386714188693905e-03
7.114479992378309134e+02 3.051769648668218281e-03
7.118049726443726968e+02 2.998649176134996278e-03
7.121619460509145938e+02 2.946970828753319588e-03
7.125189194574563771e+02 2.896682590557891467e-03
7.128758928639981605e+02 2.847734766586725291e-03
7.132328662705399438e+02 2.800079860063367770e-03
7.135898396770818408e+02 2.753672457069378850e-03
7.139468130836236242e+02 2.708469118191532757e-03
