system,frequency_cm-1,real_in_plane,real_out_of_plane,imag_in_plane,imag_out_of_plane,response_kind
HfO2,0.0,75.761034172,18.045191328,0.0,0.0,total relative dielectric
HfO2,0.304,75.761685984,18.04520381,0.017272340431,0.0003287080032,total relative dielectric
HfO2,0.608,75.763641498,18.045241259,0.034546739594,0.00065741971954,total relative dielectric
HfO2,0.912,75.766900943,18.045303673,0.051825256832,0.00098613886224,total relative dielectric
HfO2,1.216,75.771464705,18.045391055,0.069109952719,0.0013148691448,total relative dielectric
HfO2,1.52,75.777333322,18.045503403,0.086402889673,0.0016436142809,total relative dielectric
HfO2,1.824,75.784507486,18.045640721,0.10370613257,0.0019723779848,total relative dielectric
HfO2,2.128,75.792988044,18.04580301,0.12102174936,0.0023011639711,total relative dielectric
HfO2,2.432,75.802775998,18.045990271,0.1383518117,0.0026299759553,total relative dielectric
HfO2,2.736,75.813872504,18.046202506,0.15569839555,0.0029588176533,total relative dielectric
HfO2,3.04,75.826278873,18.046439719,0.17306358183,0.0032876927821,total relative dielectric
HfO2,3.344,75.839996573,18.046701911,0.190449457,0.0036166050596,total relative dielectric
HfO2,3.648,75.855027226,18.046989085,0.20785811374,0.0039455582046,total relative dielectric
HfO2,3.952,75.871372613,18.047301245,0.22529165155,0.0042745559372,total relative dielectric
HfO2,4.256,75.889034669,18.047638395,0.2427521774,0.0046036019787,total relative dielectric
HfO2,4.56,75.90801549,18.048000538,0.26024180637,0.0049327000518,total relative dielectric
HfO2,4.864,75.928317327,18.048387677,0.27776266229,0.0052618538807,total relative dielectric
HfO2,5.168,75.949942591,18.048799819,0.29531687839,0.005591067191,total relative dielectric
HfO2,5.472,75.972893854,18.049236967,0.31290659796,0.0059203437102,total relative dielectric
HfO2,5.776,75.997173847,18.049699125,0.33053397502,0.0062496871675,total relative dielectric
HfO2,6.08,76.022785462,18.050186301,0.34820117497,0.006579101294,total relative dielectric
HfO2,6.384,76.049731754,18.050698498,0.36591037527,0.0069085898228,total relative dielectric
HfO2,6.688,76.078015939,18.051235723,0.38366376612,0.0072381564889,total relative dielectric
HfO2,6.992,76.1076414,18.051797981,0.40146355117,0.0075678050299,total relative dielectric
HfO2,7.296,76.138611683,18.05238528,0.41931194818,0.0078975391855,total relative dielectric
HfO2,7.6,76.1709305,18.052997625,0.43721118973,0.0082273626978,total relative dielectric
HfO2,7.904,76.204601729,18.053635025,0.45516352397,0.0085572793115,total relative dielectric
HfO2,8.208,76.23962942,18.054297485,0.47317121529,0.0088872927738,total relative dielectric
HfO2,8.512,76.276017788,18.054985013,0.49123654507,0.0092174068348,total relative dielectric
HfO2,8.816,76.313771222,18.055697617,0.50936181246,0.0095476252475,total relative dielectric
HfO2,9.12,76.352894281,18.056435306,0.52754933504,0.0098779517676,total relative dielectric
HfO2,9.424,76.393391699,18.057198087,0.54580144969,0.010208390154,total relative dielectric
HfO2,9.728,76.435268384,18.05798597,0.56412051326,0.010538944169,total relative dielectric
HfO2,10.032,76.478529421,18.058798962,0.58250890343,0.010869617578,total relative dielectric
HfO2,10.336,76.523180072,18.059637074,0.60096901947,0.011200414149,total relative dielectric
HfO2,10.64,76.569225781,18.060500314,0.61950328307,0.011531337655,total relative dielectric
HfO2,10.944,76.61667217,18.061388694,0.63811413911,0.011862391872,total relative dielectric
HfO2,11.248,76.665525046,18.062302221,0.65680405659,0.012193580579,total relative dielectric
HfO2,11.552,76.7157904,18.063240908,0.67557552937,0.012524907559,total relative dielectric
HfO2,11.856,76.76747441,18.064204764,0.69443107714,0.012856376601,total relative dielectric
HfO2,12.16,76.820583444,18.065193801,0.71337324621,0.013187991494,total relative dielectric
HfO2,12.464,76.875124057,18.06620803,0.73240461047,0.013519756035,total relative dielectric
HfO2,12.768,76.931103,18.067247461,0.75152777228,0.013851674024,total relative dielectric
HfO2,13.072,76.988527217,18.068312108,0.77074536337,0.014183749264,total relative dielectric
HfO2,13.376,77.04740385,18.069401982,0.79006004587,0.014515985564,total relative dielectric
HfO2,13.68,77.107740238,18.070517095,0.80947451319,0.014848386737,total relative dielectric
HfO2,13.984,77.169543926,18.071657461,0.82899149104,0.015180956601,total relative dielectric
HfO2,14.288,77.232822657,18.072823091,0.84861373846,0.015513698978,total relative dielectric
HfO2,14.592,77.297584385,18.074014,0.8683440488,0.015846617697,total relative dielectric
HfO2,14.896,77.363837272,18.075230201,0.8881852508,0.01617971659,total relative dielectric
HfO2,15.2,77.431589689,18.076471707,0.90814020967,0.016512999493,total relative dielectric
HfO2,15.504,77.500850225,18.077738533,0.92821182813,0.016846470252,total relative dielectric
HfO2,15.808,77.571627683,18.079030693,0.94840304759,0.017180132713,total relative dielectric
HfO2,16.112,77.643931088,18.080348202,0.96871684925,0.01751399073,total relative dielectric
HfO2,16.416,77.717769688,18.081691075,0.98915625528,0.017848048163,total relative dielectric
HfO2,16.72,77.793152954,18.083059327,1.00972433,0.018182308877,total relative dielectric
HfO2,17.024,77.87009059,18.084452974,1.0304241812,0.018516776743,total relative dielectric
HfO2,17.328,77.94859253,18.085872031,1.0512589611,0.018851455638,total relative dielectric
HfO2,17.632,78.028668943,18.087316515,1.072231868,0.019186349443,total relative dielectric
HfO2,17.936,78.110330239,18.088786441,1.0933461474,0.019521462049,total relative dielectric
HfO2,18.24,78.19358707,18.090281828,1.1146050934,0.019856797351,total relative dielectric
HfO2,18.544,78.278450333,18.091802692,1.1360120497,0.020192359249,total relative dielectric
HfO2,18.848,78.364931176,18.09334905,1.1575704118,0.020528151653,total relative dielectric
HfO2,19.152,78.453040999,18.09492092,1.1792836276,0.020864178477,total relative dielectric
HfO2,19.456,78.542791461,18.09651832,1.2011551995,0.021200443643,total relative dielectric
HfO2,19.76,78.634194482,18.098141268,1.2231886854,0.021536951078,total relative dielectric
HfO2,20.064,78.727262248,18.099789782,1.2453877007,0.021873704717,total relative dielectric
HfO2,20.368,78.822007214,18.101463882,1.2677559195,0.022210708504,total relative dielectric
HfO2,20.672,78.91844211,18.103163587,1.2902970767,0.022547966388,total relative dielectric
HfO2,20.976,79.016579945,18.104888915,1.3130149691,0.022885482325,total relative dielectric
HfO2,21.28,79.11643401,18.106639887,1.3359134575,0.02322326028,total relative dielectric
HfO2,21.584,79.218017884,18.108416524,1.3589964685,0.023561304224,total relative dielectric
HfO2,21.888,79.321345441,18.110218844,1.3822679958,0.023899618137,total relative dielectric
HfO2,22.192,79.426430851,18.112046868,1.4057321029,0.024238206007,total relative dielectric
HfO2,22.496,79.533288588,18.113900619,1.4293929242,0.024577071827,total relative dielectric
HfO2,22.8,79.641933432,18.115780116,1.4532546674,0.024916219602,total relative dielectric
HfO2,23.104,79.752380479,18.117685382,1.4773216153,0.025255653342,total relative dielectric
HfO2,23.408,79.864645143,18.119616438,1.501598128,0.025595377067,total relative dielectric
HfO2,23.712,79.978743164,18.121573307,1.5260886449,0.025935394805,total relative dielectric
HfO2,24.016,80.094690611,18.123556011,1.5507976873,0.026275710593,total relative dielectric
HfO2,24.32,80.212503891,18.125564572,1.5757298598,0.026616328475,total relative dielectric
HfO2,24.624,80.332199753,18.127599014,1.6008898534,0.026957252505,total relative dielectric
HfO2,24.928,80.453795296,18.12965936,1.6262824475,0.027298486746,total relative dielectric
HfO2,25.232,80.577307974,18.131745634,1.6519125123,0.027640035269,total relative dielectric
HfO2,25.536,80.702755603,18.13385786,1.6777850118,0.027981902156,total relative dielectric
HfO2,25.84,80.83015637,18.135996062,1.7039050054,0.028324091495,total relative dielectric
HfO2,26.144,80.959528837,18.138160265,1.7302776517,0.028666607388,total relative dielectric
HfO2,26.448,81.09089195,18.140350493,1.7569082103,0.029009453942,total relative dielectric
HfO2,26.752,81.224265044,18.142566772,1.7838020452,0.029352635276,total relative dielectric
HfO2,27.056,81.359667857,18.144809128,1.8109646274,0.029696155518,total relative dielectric
HfO2,27.36,81.49712053,18.147077587,1.8384015381,0.030040018806,total relative dielectric
HfO2,27.664,81.636643619,18.149372173,1.8661184716,0.030384229289,total relative dielectric
HfO2,27.968,81.778258104,18.151692915,1.8941212383,0.030728791125,total relative dielectric
HfO2,28.272,81.921985396,18.154039839,1.9224157686,0.031073708481,total relative dielectric
HfO2,28.576,82.067847346,18.156412972,1.9510081154,0.031418985538,total relative dielectric
HfO2,28.88,82.215866254,18.158812341,1.9799044584,0.031764626485,total relative dielectric
HfO2,29.184,82.366064878,18.161237974,2.0091111069,0.032110635521,total relative dielectric
HfO2,29.488,82.518466446,18.1636899,2.0386345042,0.032457016857,total relative dielectric
HfO2,29.792,82.673094663,18.166168146,2.0684812308,0.032803774715,total relative dielectric
HfO2,30.096,82.829973719,18.168672742,2.0986580087,0.033150913328,total relative dielectric
HfO2,30.4,82.989128305,18.171203717,2.1291717054,0.033498436941,total relative dielectric
HfO2,30.704,83.150583621,18.173761099,2.1600293378,0.033846349807,total relative dielectric
HfO2,31.008,83.314365386,18.176344919,2.1912380768,0.034194656194,total relative dielectric
HfO2,31.312,83.480499848,18.178955206,2.2228052516,0.034543360381,total relative dielectric
HfO2,31.616,83.6490138,18.181591991,2.2547383542,0.034892466657,total relative dielectric
HfO2,31.92,83.819934588,18.184255305,2.2870450445,0.035241979323,total relative dielectric
HfO2,32.224,83.993290126,18.186945179,2.3197331546,0.035591902695,total relative dielectric
HfO2,32.528,84.169108906,18.189661643,2.3528106946,0.035942241098,total relative dielectric
HfO2,32.832,84.347420011,18.19240473,2.3862858569,0.03629299887,total relative dielectric
HfO2,33.136,84.528253132,18.195174472,2.4201670224,0.036644180362,total relative dielectric
HfO2,33.44,84.711638578,18.1979709,2.4544627656,0.036995789936,total relative dielectric
HfO2,33.744,84.897607289,18.200794048,2.4891818607,0.03734783197,total relative dielectric
HfO2,34.048,85.086190857,18.203643948,2.524333287,0.037700310851,total relative dielectric
HfO2,34.352,85.277421532,18.206520634,2.5599262356,0.038053230982,total relative dielectric
HfO2,34.656,85.47133224550001,18.20942414,2.5959701156,0.038406596776,total relative dielectric
HfO2,34.96,85.667956621,18.212354499,2.6324745605,0.038760412663,total relative dielectric
HfO2,35.264,85.867328993,18.215311746,2.669449435,0.039114683083,total relative dielectric
HfO2,35.568,86.069484421,18.218295915,2.7069048423,0.039469412491,total relative dielectric
HfO2,35.872,86.274458711,18.221307041,2.7448511314,0.039824605357,total relative dielectric
HfO2,36.176,86.482288431,18.22434516,2.783298904,0.040180266161,total relative dielectric
HfO2,36.48,86.693010926,18.227410308,2.8222590233,0.040536399402,total relative dielectric
HfO2,36.784,86.906664343,18.23050252,2.861742621,0.040893009589,total relative dielectric
HfO2,37.088,87.123287647,18.233621833,2.9017611067,0.041250101248,total relative dielectric
HfO2,37.392,87.342920641,18.236768283,2.9423261758,0.041607678917,total relative dielectric
HfO2,37.696,87.565603988,18.239941908,2.9834498187,0.04196574715,total relative dielectric
HfO2,38.0,87.791379232,18.243142744,3.0251443301,0.042324310517,total relative dielectric
HfO2,38.304,88.020288817,18.246370831,3.067422319,0.042683373599,total relative dielectric
HfO2,38.608,88.252376115,18.249626204,3.1102967179,0.043042940997,total relative dielectric
HfO2,38.912,88.487685445,18.252908905,3.1537807939,0.043403017323,total relative dielectric
HfO2,39.216,88.726262099,18.25621897,3.1978881589,0.043763607206,total relative dielectric
HfO2,39.52,88.968152366,18.259556439,3.2426327813,0.044124715292,total relative dielectric
HfO2,39.824,89.213403557,18.262921352,3.2880289969,0.044486346239,total relative dielectric
HfO2,40.128,89.462064035,18.266313748,3.3340915212,0.044848504724,total relative dielectric
HfO2,40.432,89.714183238,18.269733667,3.3808354621,0.045211195439,total relative dielectric
HfO2,40.736,89.969811707,18.273181151,3.4282763321,0.045574423091,total relative dielectric
HfO2,41.04,90.22900112,18.27665624,3.4764300626,0.045938192406,total relative dielectric
HfO2,41.344,90.491804317,18.280158976,3.5253130169,0.046302508123,total relative dielectric
HfO2,41.648,90.758275333,18.283689399,3.5749420054,0.046667375001,total relative dielectric
HfO2,41.952,91.028469429,18.287247552,3.6253343,0.047032797812,total relative dielectric
HfO2,42.256,91.302443125,18.290833478,3.6765076501,0.047398781349,total relative dielectric
HfO2,42.56,91.580254238,18.294447219,3.7284802989,0.047765330419,total relative dielectric
HfO2,42.864,91.86196191,18.298088818,3.7812709995,0.048132449848,total relative dielectric
HfO2,43.168,92.14762665,18.301758318,3.8348990335,0.048500144477,total relative dielectric
HfO2,43.472,92.43731037,18.305455764,3.8893842281,0.048868419169,total relative dielectric
HfO2,43.776,92.731076423,18.3091812,3.944746976,0.049237278801,total relative dielectric
HfO2,44.08,93.028989644,18.31293467,4.0010082544,0.049606728268,total relative dielectric
HfO2,44.384,93.331116392,18.316716219,4.0581896459,0.049976772486,total relative dielectric
HfO2,44.688,93.637524591,18.320525892,4.1163133597,0.050347416387,total relative dielectric
HfO2,44.992,93.948283777,18.324363736,4.1754022538,0.050718664921,total relative dielectric
HfO2,45.296,94.263465143,18.328229796,4.2354798582,0.051090523058,total relative dielectric
HfO2,45.6,94.583141584,18.332124118,4.2965703989,0.051462995786,total relative dielectric
HfO2,45.904,94.907387751,18.33604675,4.3586988233,0.051836088113,total relative dielectric
HfO2,46.208,95.236280098,18.339997738,4.4218908257,0.052209805066,total relative dielectric
HfO2,46.512,95.569896935,18.34397713,4.4861728754,0.052584151689,total relative dielectric
HfO2,46.816,95.908318486,18.347984975,4.5515722445,0.052959133048,total relative dielectric
HfO2,47.12,96.251626941,18.35202132,4.6181170378,0.053334754228,total relative dielectric
HfO2,47.424,96.599906518,18.356086215,4.6858362236,0.053711020335,total relative dielectric
HfO2,47.728,96.953243521,18.360179708,4.7547596663,0.054087936492,total relative dielectric
HfO2,48.032,97.311726405,18.364301848,4.8249181594,0.054465507845,total relative dielectric
HfO2,48.336,97.675445839,18.368452687,4.8963434614,0.05484373956,total relative dielectric
HfO2,48.64,98.044494776,18.372632273,4.969068332,0.055222636822,total relative dielectric
HfO2,48.944,98.418968522,18.376840659,5.0431265705,0.055602204839,total relative dielectric
HfO2,49.248,98.798964806,18.381077894,5.1185530561,0.055982448839,total relative dielectric
HfO2,49.552,99.184583858,18.38534403,5.1953837893,0.05636337407,total relative dielectric
HfO2,49.856,99.575928489,18.38963912,5.2736559361,0.056744985804,total relative dielectric
HfO2,50.16,99.973104165,18.393963215,5.3534078734,0.057127289332,total relative dielectric
HfO2,50.464,100.3762191,18.398316368,5.434679237,0.057510289967,total relative dielectric
HfO2,50.768,100.78538434,18.402698633,5.5175109715,0.057893993047,total relative dielectric
HfO2,51.072,101.20071384,18.407110062,5.6019453828,0.058278403928,total relative dielectric
HfO2,51.376,101.62232459,18.41155071,5.6880261928,0.058663527992,total relative dielectric
HfO2,51.68,102.05033667,18.416020631,5.7757985969,0.05904937064,total relative dielectric
HfO2,51.984,102.4848734,18.420519879,5.8653093239,0.059435937298,total relative dielectric
HfO2,52.288,102.9260614,18.425048511,5.9566066993,0.059823233415,total relative dielectric
HfO2,52.592,103.37403073,18.42960658,6.049740711,0.060211264463,total relative dielectric
HfO2,52.896,103.82891499,18.434194144,6.1447630786,0.060600035936,total relative dielectric
HfO2,53.2,104.29085145,18.438811259,6.241727326,0.060989553353,total relative dielectric
HfO2,53.504,104.75998115,18.443457981,6.3406888575,0.061379822256,total relative dielectric
HfO2,53.808,105.23644905,18.448134368,6.4417050375,0.061770848213,total relative dielectric
HfO2,54.112,105.72040417,18.452840477,6.5448352748,0.062162636812,total relative dielectric
HfO2,54.416,106.21199971,18.457576366,6.6501411101,0.06255519367,total relative dielectric
HfO2,54.72,106.71139318,18.462342095,6.7576863088,0.062948524425,total relative dielectric
HfO2,55.024,107.2187466,18.467137721,6.8675369581,0.063342634742,total relative dielectric
HfO2,55.328,107.73422662,18.471963304,6.979761569,0.063737530311,total relative dielectric
HfO2,55.632,108.25800468,18.476818905,7.0944311839,0.064133216847,total relative dielectric
HfO2,55.936,108.7902572,18.481704582,7.2116194896,0.064529700088,total relative dielectric
HfO2,56.24,109.33116576,18.486620398,7.3314029358,0.064926985802,total relative dielectric
HfO2,56.544,109.88091725,18.491566412,7.4538608606,0.065325079781,total relative dielectric
HfO2,56.848,110.43970412,18.496542687,7.579075622,0.065723987841,total relative dielectric
HfO2,57.152,111.00772452,18.501549284,7.707132737,0.066123715829,total relative dielectric
HfO2,57.456,111.58518255,18.506586266,7.8381210274,0.066524269613,total relative dielectric
HfO2,57.76,112.17228848,18.511653696,7.9721327742,0.066925655094,total relative dielectric
HfO2,58.064,112.76925894,18.516751636,8.1092638804,0.067327878195,total relative dielectric
HfO2,58.368,113.37631721,18.521880152,8.249614042,0.067730944868,total relative dielectric
HfO2,58.672,113.99369344,18.527039306,8.3932869297,0.068134861095,total relative dielectric
HfO2,58.976,114.62162491,18.532229165,8.5403903795,0.068539632881,total relative dielectric
HfO2,59.28,115.26035632,18.537449792,8.6910365949,0.068945266263,total relative dielectric
HfO2,59.584,115.91014006,18.542701253,8.8453423603,0.069351767305,total relative dielectric
HfO2,59.888,116.57123651,18.547983615,9.0034292664,0.069759142099,total relative dielectric
HfO2,60.192,117.24391435,18.553296944,9.165423949,0.070167396765,total relative dielectric
HfO2,60.496,117.92845092,18.558641307,9.3314583412,0.070576537455,total relative dielectric
HfO2,60.8,118.62513249,18.564016771,9.5016699411,0.070986570348,total relative dielectric
HfO2,61.104,119.33425469,18.569423404,9.6762020943,0.071397501652,total relative dielectric
HfO2,61.408,120.05612284,18.574861275,9.8552042939,0.071809337606,total relative dielectric
HfO2,61.712,120.79105237,18.580330453,10.038832499,0.072222084479,total relative dielectric
HfO2,62.016,121.5393692,18.585831007,10.22724947,0.072635748569,total relative dielectric
HfO2,62.32,122.30141021,18.591363006,10.42062513,0.073050336206,total relative dielectric
HfO2,62.624,123.07752365,18.596926521,10.61913694,0.07346585375,total relative dielectric
HfO2,62.928,123.86806964,18.602521623,10.822970305,0.073882307592,total relative dielectric
HfO2,63.232,124.67342067,18.608148383,11.032319001,0.074299704155,total relative dielectric
HfO2,63.536,125.49396209,18.613806873,11.247385634,0.074718049892,total relative dielectric
HfO2,63.84,126.33009271,18.619497164,11.468382118,0.07513735129,total relative dielectric
HfO2,64.144,127.18222531,18.625219331,11.695530199,0.075557614866,total relative dielectric
HfO2,64.448,128.05078731,18.630973445,11.929061997,0.07597884717,total relative dielectric
HfO2,64.752,128.93622135,18.636759582,12.169220596,0.076401054786,total relative dielectric
HfO2,65.056,129.83898598,18.642577814,12.416260664,0.076824244329,total relative dielectric
HfO2,65.36,130.75955638,18.648428217,12.670449121,0.077248422448,total relative dielectric
HfO2,65.664,131.69842505,18.654310866,12.932065849,0.077673595827,total relative dielectric
HfO2,65.968,132.65610263,18.660225836,13.201404446,0.07809977118,total relative dielectric
HfO2,66.272,133.63311869,18.666173204,13.478773043,0.078526955259,total relative dielectric
HfO2,66.576,134.6300226,18.672153047,13.764495162,0.078955154848,total relative dielectric
HfO2,66.88,135.64738444,18.678165442,14.058910649,0.079384376766,total relative dielectric
HfO2,67.184,136.68579591,18.684210467,14.362376661,0.079814627867,total relative dielectric
HfO2,67.488,137.74587141,18.6902882,14.675268732,0.080245915042,total relative dielectric
HfO2,67.792,138.82824903,18.69639872,14.997981904,0.080678245213,total relative dielectric
HfO2,68.096,139.9335917,18.702542106,15.330931958,0.081111625343,total relative dielectric
HfO2,68.4,141.06258833,18.708718439,15.674556714,0.081546062428,total relative dielectric
HfO2,68.704,142.2159551,18.714927798,16.029317443,0.081981563501,total relative dielectric
HfO2,69.008,143.39443673,18.721170264,16.395700378,0.082418135632,total relative dielectric
HfO2,69.312,144.59880787,18.72744592,16.774218338,0.082855785928,total relative dielectric
HfO2,69.616,145.82987455,18.733754847,17.165412478,0.083294521532,total relative dielectric
HfO2,69.92,147.08847574,18.740097128,17.569854173,0.083734349628,total relative dielectric
HfO2,70.224,148.37548493,18.746472846,17.988147049,0.084175277434,total relative dielectric
HfO2,70.528,149.69181189,18.752882084,18.42092917,0.084617312208,total relative dielectric
HfO2,70.832,151.03840446,18.759324927,18.868875402,0.085060461247,total relative dielectric
HfO2,71.136,152.41625046,18.76580146,19.332699967,0.085504731888,total relative dielectric
HfO2,71.44,153.82637969,18.772311768,19.813159201,0.085950131503,total relative dielectric
HfO2,71.744,155.26986614,18.778855936,20.31105454,0.086396667509,total relative dielectric
HfO2,72.048,156.74783014,18.785434052,20.82723575,0.086844347358,total relative dielectric
HfO2,72.352,158.26144084,18.792046203,21.362604434,0.087293178546,total relative dielectric
HfO2,72.656,159.81191867,18.798692475,21.918117825,0.087743168607,total relative dielectric
HfO2,72.96,161.40053802,18.805372958,22.494792916,0.088194325119,total relative dielectric
HfO2,73.264,163.02863007,18.812087739,23.093710936,0.088646655697,total relative dielectric
HfO2,73.568,164.69758572,18.818836909,23.716022223,0.089100168,total relative dielectric
HfO2,73.872,166.40885878,18.825620557,24.362951527,0.08955486973,total relative dielectric
HfO2,74.176,168.16396925,18.832438774,25.035803787,0.09001076863,total relative dielectric
HfO2,74.48,169.96450681,18.83929165,25.735970432,0.090467872484,total relative dielectric
HfO2,74.784,171.81213454,18.846179278,26.464936253,0.090926189123,total relative dielectric
HfO2,75.088,173.70859277,18.85310175,27.224286918,0.091385726418,total relative dielectric
HfO2,75.392,175.6557032,18.860059158,28.015717189,0.091846492285,total relative dielectric
HfO2,75.696,177.65537322,18.867051597,28.841039911,0.092308494684,total relative dielectric
HfO2,76.0,179.70960038,18.874079159,29.702195873,0.092771741619,total relative dielectric
HfO2,76.304,181.82047723,18.881141941,30.601264618,0.09323624114,total relative dielectric
HfO2,76.608,183.9901962,18.888240037,31.540476317,0.093702001341,total relative dielectric
HfO2,76.912,186.22105492,18.895373542,32.522224819,0.094169030363,total relative dielectric
HfO2,77.216,188.51546155,18.902542555,33.54908202,0.094637336391,total relative dielectric
HfO2,77.52,190.8759405,18.909747171,34.623813686,0.095106927658,total relative dielectric
HfO2,77.824,193.30513827,18.916987489,35.749396911,0.095577812443,total relative dielectric
HfO2,78.128,195.80582951,18.924263607,36.929039389,0.096049999073,total relative dielectric
HfO2,78.432,198.38092323,18.931575624,38.166200726,0.096523495922,total relative dielectric
HfO2,78.736,201.03346915,18.93892364,39.464616021,0.09699831141,total relative dielectric
HfO2,79.04,203.76666412,18.946307755,40.828321995,0.09747445401,total relative dielectric
HfO2,79.344,206.5838586,18.95372807,42.261685985,0.097951932239,total relative dielectric
HfO2,79.648,209.48856301,18.961184686,43.769438135,0.098430754667,total relative dielectric
HfO2,79.952,212.48445392,18.968677707,45.3567072,0.098910929909,total relative dielectric
HfO2,80.256,215.57538001,18.976207234,47.029060405,0.099392466636,total relative dielectric
HfO2,80.56,218.76536743,18.983773372,48.792547871,0.099875373563,total relative dielectric
HfO2,80.864,222.05862453,18.991376225,50.653752191,0.10035965946,total relative dielectric
HfO2,81.168,225.45954557,18.999015897,52.619843817,0.10084533315,total relative dielectric
HfO2,81.472,228.9727131,19.006692494,54.698643018,0.1013324035,total relative dielectric
HfO2,81.776,232.6028986,19.014406123,56.898689248,0.10182087944,total relative dielectric
HfO2,82.08,236.35506075,19.02215689,59.229318914,0.10231076994,total relative dielectric
HfO2,82.384,240.23434069,19.029944902,61.700752637,0.10280208404,total relative dielectric
HfO2,82.688,244.24605345,19.03777027,64.324193279,0.10329483081,total relative dielectric
HfO2,82.992,248.39567444,19.0456331,67.111936142,0.1037890194,total relative dielectric
HfO2,83.296,252.68881968,19.053533504,70.077492969,0.10428465899,total relative dielectric
HfO2,83.6,257.13121805,19.061471591,73.23573157,0.10478175884,total relative dielectric
HfO2,83.904,261.72867367,19.069447472,76.603033127,0.10528032823,total relative dielectric
HfO2,84.208,266.48701564,19.077461259,80.197469494,0.10578037654,total relative dielectric
HfO2,84.512,271.41203202,19.085513065,84.039003054,0.10628191317,total relative dielectric
HfO2,84.816,276.50938409,19.093603004,88.149711992,0.1067849476,total relative dielectric
HfO2,85.12,281.7844958,19.101731188,92.554044112,0.10728948935,total relative dielectric
HfO2,85.424,287.24241227,19.109897732,97.279102544,0.107795548,total relative dielectric
HfO2,85.728,292.8876195,19.118102753,102.35496694,0.10830313321,total relative dielectric
HfO2,86.032,298.72381567,19.126346365,107.8150538,0.10881225467,total relative dielectric
HfO2,86.336,304.75362186,19.134628687,113.69651951,0.10932292215,total relative dielectric
HfO2,86.64,310.97821712,19.142949835,120.04070943,0.10983514545,total relative dielectric
HfO2,86.944,317.39687922,19.151309928,126.89365534,0.11034893448,total relative dielectric
HfO2,87.248,324.0064076,19.159709085,134.30662265,0.11086429916,total relative dielectric
HfO2,87.552,330.80039967,19.168147426,142.33670587,0.11138124951,total relative dielectric
HfO2,87.856,337.76834478,19.176625072,151.04746775,0.11189979558,total relative dielectric
HfO2,88.16,344.89449188,19.185142143,160.50961134,0.1124199475,total relative dielectric
HfO2,88.464,352.15643756,19.193698762,170.8016663,0.11294171547,total relative dielectric
HfO2,88.768,359.52336969,19.202295053,182.01065789,0.11346510973,total relative dielectric
HfO2,89.072,366.95389011,19.210931138,194.2327095,0.1139901406,total relative dielectric
HfO2,89.376,374.39332687,19.219607142,207.57350396,0.11451681847,total relative dielectric
HfO2,89.68,381.77043492,19.228323191,222.14849281,0.11504515378,total relative dielectric
HfO2,89.984,388.9933764,19.23707941,238.08269347,0.11557515704,total relative dielectric
HfO2,90.288,395.94487238,19.245875926,255.50984688,0.11610683882,total relative dielectric
HfO2,90.592,402.47643465,19.254712868,274.5706192,0.11664020979,total relative dielectric
HfO2,90.896,408.40163175,19.263590363,295.40941752,0.11717528063,total relative dielectric
HfO2,91.2,413.48843569,19.272508541,318.1692492,0.11771206215,total relative dielectric
HfO2,91.504,417.45086099,19.281467532,342.98389561,0.11825056517,total relative dielectric
HfO2,91.808,419.94038073,19.290467467,369.96650949,0.11879080063,total relative dielectric
HfO2,92.112,420.53802677,19.299508478,399.19362479,0.1193327795,total relative dielectric
HfO2,92.416,418.74869253,19.308590697,430.68356362,0.11987651285,total relative dielectric
HfO2,92.72,413.99997547,19.317714257,464.36846697,0.12042201179,total relative dielectric
HfO2,93.024,405.6488792,19.326879294,500.05985367,0.12096928754,total relative dielectric
HfO2,93.328,393.00067336,19.336085942,537.4089649,0.12151835135,total relative dielectric
HfO2,93.632,375.34480651,19.345334337,575.86540415,0.12206921458,total relative dielectric
HfO2,93.936,352.01232779,19.354624616,614.64079101,0.12262188863,total relative dielectric
HfO2,94.24,322.45689936,19.363956918,652.68792984,0.12317638501,total relative dielectric
HfO2,94.544,286.35630611,19.373331379,688.70920753,0.12373271526,total relative dielectric
HfO2,94.848,243.72320207,19.38274814,721.20850625,0.12429089105,total relative dielectric
HfO2,95.152,195.00410182,19.392207342,748.59625279,0.12485092407,total relative dielectric
HfO2,95.456,141.13804869,19.401709125,769.34558679,0.12541282612,total relative dielectric
HfO2,95.76,83.54636371,19.411253632,782.18026254,0.12597660908,total relative dielectric
HfO2,96.064,24.036730013,19.420841006,786.25755679,0.12654228489,total relative dielectric
HfO2,96.368,-35.37213686,19.43047139,781.30110751,0.12710986557,total relative dielectric
HfO2,96.672,-92.672803007,19.44014493,767.64648542,0.12767936322,total relative dielectric
HfO2,96.976,-146.08885745,19.449861772,746.18598654,0.12825079005,total relative dielectric
HfO2,97.28,-194.24348886,19.459622061,718.2289675,0.1288241583,total relative dielectric
HfO2,97.584,-236.24683772,19.469425947,685.31647814,0.12939948033,total relative dielectric
HfO2,97.888,-271.69845177,19.479273576,649.03509095,0.12997676856,total relative dielectric
HfO2,98.192,-300.62331306,19.4891651,610.8651985,0.1305560355,total relative dielectric
HfO2,98.496,-323.37051191,19.499100668,572.08133245,0.13113729376,total relative dielectric
HfO2,98.8,-340.50263466,19.509080432,533.70507374,0.13172055601,total relative dielectric
HfO2,99.104,-352.6959195,19.519104544,496.5001779,0.132305835,total relative dielectric
HfO2,99.408,-360.66153026,19.529173158,460.9954961,0.1328931436,total relative dielectric
HfO2,99.712,-365.09039532,19.539286428,427.52221602,0.13348249473,total relative dielectric
HfO2,100.016,-366.61918422,19.549444509,396.25529327,0.13407390143,total relative dielectric
HfO2,100.32,-365.81285318,19.559647558,367.2527064,0.13466737679,total relative dielectric
HfO2,100.624,-363.15889002,19.569895732,340.48929027,0.13526293403,total relative dielectric
HfO2,100.928,-359.06904736,19.580189189,315.88405995,0.13586058642,total relative dielectric
HfO2,101.232,-353.88534457,19.590528089,293.3212132,0.13646034735,total relative dielectric
HfO2,101.536,-347.88809044,19.600912592,272.66562423,0.13706223028,total relative dielectric
HfO2,101.84,-341.30447715,19.61134286,253.7738519,0.13766624879,total relative dielectric
HfO2,102.144,-334.31688784,19.621819054,236.5016656,0.13827241651,total relative dielectric
HfO2,102.448,-327.07046564,19.632341339,220.70896425,0.13888074722,total relative dielectric
HfO2,102.752,-319.67975297,19.642909878,206.26280189,0.13949125473,total relative dielectric
HfO2,103.056,-312.2343664,19.653524838,193.03907507,0.140103953,total relative dielectric
HfO2,103.36,-304.80375914,19.664186385,180.92329016,0.14071885605,total relative dielectric
HfO2,103.664,-297.44116517,19.674894686,169.8107169,0.14133597802,total relative dielectric
HfO2,103.968,-290.18683373,19.685649911,159.6061482,0.14195533314,total relative dielectric
HfO2,104.272,-283.07066277,19.696452229,150.2234208,0.14257693572,total relative dielectric
HfO2,104.576,-276.11433117,19.707301811,141.58480335,0.14320080021,total relative dielectric
HfO2,104.88,-269.33301807,19.718198829,133.6203239,0.14382694112,total relative dielectric
HfO2,105.184,-262.73678479,19.729143457,126.26708385,0.14445537308,total relative dielectric
HfO2,105.488,-256.33168271,19.740135868,119.4685884,0.14508611083,total relative dielectric
HfO2,105.792,-250.12063963,19.751176237,113.17411143,0.14571916919,total relative dielectric
HfO2,106.096,-244.10416763,19.762264742,107.33810448,0.14635456311,total relative dielectric
HfO2,106.4,-238.28092732,19.77340156,101.9196546,0.14699230763,total relative dielectric
HfO2,106.704,-232.64817699,19.78458687,96.881991553,0.14763241789,total relative dielectric
HfO2,107.008,-227.20212925,19.795820851,92.192043496,0.14827490916,total relative dielectric
HfO2,107.312,-221.9382338,19.807103685,87.820038221,0.14891979679,total relative dielectric
HfO2,107.616,-216.85140087,19.818435554,83.739146852,0.14956709625,total relative dielectric
HfO2,107.92,-211.93617733,19.829816641,79.925166296,0.15021682314,total relative dielectric
HfO2,108.224,-207.18688481,19.84124713,76.356236811,0.15086899314,total relative dielectric
HfO2,108.528,-202.59772759,19.852727209,73.01259114,0.15152362205,total relative dielectric
HfO2,108.832,-198.16287618,19.864257063,69.876331871,0.1521807258,total relative dielectric
HfO2,109.136,-193.87653163,19.875836881,66.931233905,0.15284032041,total relative dielectric
HfO2,109.44,-189.73297441,19.887466852,64.162569236,0.15350242204,total relative dielectric
HfO2,109.744,-185.72660103,19.899147167,61.556951475,0.15416704694,total relative dielectric
HfO2,110.048,-181.85195081,19.910878018,59.102197847,0.15483421149,total relative dielectric
HfO2,110.352,-178.10372505,19.922659597,56.787206621,0.15550393219,total relative dielectric
HfO2,110.656,-174.47679995,19.9344921,54.601848168,0.15617622567,total relative dielectric
HfO2,110.96,-170.96623481,19.946375722,52.53686806,0.15685110864,total relative dielectric
HfO2,111.264,-167.56727642,19.958310659,50.583800788,0.15752859798,total relative dielectric
HfO2,111.568,-164.2753605,19.970297111,48.734892867,0.15820871067,total relative dielectric
HfO2,111.872,-161.08611091,19.982335276,46.983034234,0.1588914638,total relative dielectric
HfO2,112.176,-157.99533709,19.994425355,45.321696974,0.15957687461,total relative dielectric
HfO2,112.48,-154.99903026,20.00656755,43.744880532,0.16026496046,total relative dielectric
HfO2,112.784,-152.09335861,20.018762065,42.247062674,0.16095573882,total relative dielectric
HfO2,113.088,-149.27466185,20.031009105,40.823155527,0.1616492273,total relative dielectric
HfO2,113.392,-146.53944525,20.043308875,39.468466149,0.16234544365,total relative dielectric
HfO2,113.696,-143.88437341,20.055661583,38.178661091,0.16304440574,total relative dielectric
HfO2,114.0,-141.30626392,20.068067438,36.949734538,0.16374613157,total relative dielectric
HfO2,114.304,-138.80208083,20.080526649,35.777979616,0.16445063927,total relative dielectric
HfO2,114.608,-136.36892829,20.093039429,34.659962517,0.16515794712,total relative dielectric
HfO2,114.912,-134.00404419,20.105605991,33.592499162,0.16586807352,total relative dielectric
HfO2,115.216,-131.70479395,20.118226548,32.572634092,0.16658103701,total relative dielectric
HfO2,115.52,-129.4686645,20.130901316,31.597621386,0.16729685628,total relative dielectric
HfO2,115.824,-127.29325842,20.143630512,30.664907373,0.16801555014,total relative dielectric
HfO2,116.128,-125.17628833,20.156414356,29.772114956,0.16873713755,total relative dielectric
HfO2,116.432,-123.11557147,20.169253067,28.91702938,0.16946163762,total relative dielectric
HfO2,116.736,-121.10902448,20.182146866,28.097585304,0.1701890696,total relative dielectric
HfO2,117.04,-119.1546585,20.195095977,27.311855033,0.17091945288,total relative dielectric
HfO2,117.344,-117.2505744,20.208100623,26.558037809,0.17165280698,total relative dielectric
HfO2,117.648,-115.39495827,20.221161031,25.834450041,0.17238915161,total relative dielectric
HfO2,117.952,-113.58607717,20.234277429,25.139516389,0.17312850658,total relative dielectric
HfO2,118.256,-111.82227502,20.247450044,24.471761625,0.17387089189,total relative dielectric
HfO2,118.56,-110.10196873,20.260679107,23.829803183,0.17461632768,total relative dielectric
HfO2,118.864,-108.42364457,20.273964851,23.212344341,0.17536483422,total relative dielectric
HfO2,119.168,-106.78585465,20.287307509,22.618167981,0.17611643197,total relative dielectric
HfO2,119.472,-105.18721366,20.300707315,22.046130854,0.17687114152,total relative dielectric
HfO2,119.776,-103.62639571,20.314164507,21.495158325,0.17762898363,total relative dielectric
HfO2,120.08,-102.10213141,20.327679322,20.964239541,0.17838997922,total relative dielectric
HfO2,120.384,-100.61320506,20.341252,20.452422984,0.17915414936,total relative dielectric
HfO2,120.688,-99.158451978,20.354882783,19.958812387,0.1799215153,total relative dielectric
HfO2,120.992,-97.736756039,20.368571914,19.482562957,0.18069209844,total relative dielectric
HfO2,121.296,-96.347047268,20.382319637,19.022877909,0.18146592034,total relative dielectric
HfO2,121.6,-94.988299611,20.396126199,18.57900525,0.18224300274,total relative dielectric
HfO2,121.904,-93.659528808,20.409991846,18.150234825,0.18302336754,total relative dielectric
HfO2,122.208,-92.35979038,20.42391683,17.735895572,0.18380703682,total relative dielectric
HfO2,122.512,-91.088177735,20.437901401,17.335352994,0.18459403283,total relative dielectric
HfO2,122.816,-89.843820358,20.451945811,16.948006811,0.18538437798,total relative dielectric
HfO2,123.12,-88.625882112,20.466050317,16.573288787,0.18617809486,total relative dielectric
HfO2,123.424,-87.433559621,20.480215173,16.210660716,0.18697520625,total relative dielectric
HfO2,123.728,-86.266080742,20.494440639,15.859612549,0.1877757351,total relative dielectric
HfO2,124.032,-85.122703118,20.508726973,15.519660663,0.18857970454,total relative dielectric
HfO2,124.336,-84.002712803,20.523074438,15.19034624,0.18938713788,total relative dielectric
HfO2,124.64,-82.905422962,20.537483296,14.871233773,0.19019805861,total relative dielectric
HfO2,124.944,-81.830172639,20.551953813,14.561909663,0.19101249041,total relative dielectric
HfO2,125.248,-80.77632559,20.566486257,14.261980924,0.19183045716,total relative dielectric
HfO2,125.552,-79.743269169,20.581080894,13.971073966,0.19265198291,total relative dielectric
HfO2,125.856,-78.73041328,20.595737997,13.688833467,0.19347709191,total relative dielectric
HfO2,126.16,-77.737189378,20.610457837,13.414921319,0.19430580861,total relative dielectric
HfO2,126.464,-76.763049522,20.625240689,13.149015641,0.19513815763,total relative dielectric
HfO2,126.768,-75.807465473,20.640086829,12.890809861,0.19597416382,total relative dielectric
HfO2,127.072,-74.869927842,20.654996535,12.640011853,0.19681385221,total relative dielectric
HfO2,127.376,-73.949945279,20.669970087,12.396343136,0.19765724802,total relative dielectric
HfO2,127.68,-73.047043695,20.685007766,12.159538117,0.1985043767,total relative dielectric
HfO2,127.984,-72.160765538,20.700109857,11.92934339,0.19935526388,total relative dielectric
HfO2,128.288,-71.290669087,20.715276645,11.705517069,0.20020993542,total relative dielectric
HfO2,128.592,-70.436327795,20.730508417,11.487828175,0.20106841737,total relative dielectric
HfO2,128.896,-69.597329652,20.745805464,11.276056048,0.20193073599,total relative dielectric
HfO2,129.2,-68.773276589,20.761168078,11.069989808,0.20279691777,total relative dielectric
HfO2,129.504,-67.963783905,20.776596551,10.869427836,0.2036669894,total relative dielectric
HfO2,129.808,-67.168479718,20.792091179,10.674177296,0.2045409778,total relative dielectric
HfO2,130.112,-66.38700445,20.807652261,10.484053682,0.20541891009,total relative dielectric
HfO2,130.416,-65.619010334,20.823280096,10.29888039,0.20630081363,total relative dielectric
HfO2,130.72,-64.864160938,20.838974985,10.11848832,0.20718671599,total relative dielectric
HfO2,131.024,-64.122130716,20.854737234,9.942715496,0.20807664499,total relative dielectric
HfO2,131.328,-63.392604584,20.870567147,9.7714067117,0.20897062865,total relative dielectric
HfO2,131.632,-62.675277504,20.886465034,9.6044131948,0.20986869524,total relative dielectric
HfO2,131.936,-61.9698541,20.902431204,9.4415922915,0.21077087325,total relative dielectric
HfO2,132.24,-61.27604828,20.91846597,9.2828071678,0.21167719142,total relative dielectric
HfO2,132.544,-60.593582884,20.934569647,9.1279265284,0.2125876787,total relative dielectric
HfO2,132.848,-59.922189341,20.950742551,8.9768243507,0.21350236432,total relative dielectric
HfO2,133.152,-59.261607346,20.966985003,8.8293796342,0.21442127773,total relative dielectric
HfO2,133.456,-58.611584548,20.983297322,8.6854761626,0.21534444861,total relative dielectric
HfO2,133.76,-57.971876256,20.999679833,8.5450022799,0.21627190693,total relative dielectric
HfO2,134.064,-57.342245151,21.016132861,8.4078506783,0.21720368286,total relative dielectric
HfO2,134.368,-56.722461017,21.032656736,8.273918197,0.21813980687,total relative dielectric
HfO2,134.672,-56.112300482,21.049251786,8.1431056321,0.21908030965,total relative dielectric
HfO2,134.976,-55.511546766,21.065918346,8.0153175569,0.22002522217,total relative dielectric
HfO2,135.28,-54.919989445,21.08265675,7.890462151,0.22097457565,total relative dielectric
HfO2,135.584,-54.337424224,21.099467336,7.7684510384,0.22192840157,total relative dielectric
HfO2,135.888,-53.763652717,21.116350443,7.6491991347,0.22288673169,total relative dielectric
HfO2,136.192,-53.198482236,21.133306415,7.5326245011,0.22384959803,total relative dielectric
HfO2,136.496,-52.641725597,21.150335595,7.4186482064,0.22481703287,total relative dielectric
HfO2,136.8,-52.093200918,21.167438331,7.3071941962,0.22578906879,total relative dielectric
HfO2,137.104,-51.552731442,21.184614974,7.1981891682,0.22676573863,total relative dielectric
HfO2,137.408,-51.020145359,21.201865874,7.0915624542,0.22774707551,total relative dielectric
HfO2,137.712,-50.495275634,21.219191387,6.9872459074,0.22873311284,total relative dielectric
HfO2,138.016,-49.977959845,21.23659187,6.8851737957,0.22972388432,total relative dielectric
HfO2,138.32,-49.468040028,21.254067683,6.7852826999,0.23071942393,total relative dielectric
HfO2,138.624,-48.965362525,21.271619188,6.6875114176,0.23171976594,total relative dielectric
HfO2,138.928,-48.469777842,21.28924675,6.5918008703,0.23272494492,total relative dielectric
HfO2,139.232,-47.981140508,21.306950736,6.4980940166,0.23373499574,total relative dielectric
HfO2,139.536,-47.499308945,21.324731518,6.4063357683,0.23474995357,total relative dielectric
HfO2,139.84,-47.024145338,21.342589468,6.316472911,0.23576985388,total relative dielectric
HfO2,140.144,-46.555515512,21.360524961,6.2284540286,0.23679473246,total relative dielectric
HfO2,140.448,-46.093288816,21.378538377,6.1422294307,0.2378246254,total relative dielectric
HfO2,140.752,-45.637338005,21.396630095,6.0577510841,0.2388595691,total relative dielectric
HfO2,141.056,-45.187539137,21.4148005,5.9749725469,0.2398996003,total relative dielectric
HfO2,141.36,-44.743771463,21.433049979,5.8938489058,0.24094475603,total relative dielectric
HfO2,141.664,-44.305917326,21.45137892,5.8143367167,0.24199507368,total relative dielectric
HfO2,141.968,-43.873862066,21.469787717,5.7363939468,0.24305059093,total relative dielectric
HfO2,142.272,-43.447493924,21.488276764,5.659979921,0.24411134582,total relative dielectric
HfO2,142.576,-43.026703955,21.50684646,5.5850552689,0.24517737672,total relative dielectric
HfO2,142.88,-42.611385935,21.525497205,5.5115818757,0.24624872233,total relative dielectric
HfO2,143.184,-42.201436283,21.544229403,5.4395228343,0.24732542169,total relative dielectric
HfO2,143.488,-41.796753977,21.563043462,5.3688423995,0.2484075142,total relative dielectric
HfO2,143.792,-41.397240478,21.58193979,5.2995059453,0.24949503961,total relative dielectric
HfO2,144.096,-41.002799651,21.600918801,5.2314799221,0.250588038,total relative dielectric
HfO2,144.4,-40.6133377,21.619980911,5.1647318181,0.25168654984,total relative dielectric
HfO2,144.704,-40.228763091,21.639126539,5.0992301202,0.25279061593,total relative dielectric
HfO2,145.008,-39.848986487,21.658356106,5.0349442779,0.25390027746,total relative dielectric
HfO2,145.312,-39.473920684,21.677670038,4.9718446682,0.25501557598,total relative dielectric
HfO2,145.616,-39.103480549,21.697068764,4.9099025622,0.2561365534,total relative dielectric
HfO2,145.92,-38.737582955,21.716552714,4.8490900929,0.25726325204,total relative dielectric
HfO2,146.224,-38.37614673,21.736122324,4.7893802245,0.25839571456,total relative dielectric
HfO2,146.528,-38.019092593,21.755778032,4.7307467229,0.25953398404,total relative dielectric
HfO2,146.832,-37.666343103,21.775520278,4.6731641272,0.26067810393,total relative dielectric
HfO2,147.136,-37.317822607,21.795349508,4.6166077228,0.26182811809,total relative dielectric
HfO2,147.44,-36.97345719,21.815266169,4.5610535156,0.26298407076,total relative dielectric
HfO2,147.744,-36.63317462,21.835270713,4.5064782063,0.2641460066,total relative dielectric
HfO2,148.048,-36.296904309,21.855363594,4.452859167,0.26531397067,total relative dielectric
HfO2,148.352,-35.96457726,21.87554527,4.4001744182,0.26648800843,total relative dielectric
HfO2,148.656,-35.636126026,21.895816202,4.3484026064,0.26766816577,total relative dielectric
HfO2,148.96,-35.311484667,21.916176857,4.297522983,0.26885448901,total relative dielectric
HfO2,149.264,-34.990588707,21.936627701,4.2475153837,0.27004702488,total relative dielectric
HfO2,149.568,-34.673375096,21.957169208,4.1983602095,0.27124582054,total relative dielectric
HfO2,149.872,-34.359782169,21.977801853,4.150038407,0.2724509236,total relative dielectric
HfO2,150.176,-34.049749609,21.998526115,4.1025314511,0.27366238209,total relative dielectric
HfO2,150.48,-33.743218412,22.019342476,4.055821327,0.27488024451,total relative dielectric
HfO2,150.784,-33.440130851,22.040251425,4.0098905138,0.27610455978,total relative dielectric
HfO2,151.088,-33.14043044,22.06125345,3.964721968,0.2773353773,total relative dielectric
HfO2,151.392,-32.844061903,22.082349046,3.9202991085,0.27857274692,total relative dielectric
HfO2,151.696,-32.550971143,22.103538711,3.8766058014,0.27981671897,total relative dielectric
HfO2,152.0,-32.261105207,22.124822946,3.8336263455,0.28106734421,total relative dielectric
HfO2,152.304,-31.974412262,22.146202256,3.7913454587,0.28232467394,total relative dielectric
HfO2,152.608,-31.690841559,22.167677152,3.7497482645,0.28358875987,total relative dielectric
HfO2,152.912,-31.410343411,22.189248147,3.7088202795,0.28485965426,total relative dielectric
HfO2,153.216,-31.132869162,22.210915757,3.6685474006,0.28613740983,total relative dielectric
HfO2,153.52,-30.858371161,22.232680504,3.6289158933,0.2874220798,total relative dielectric
HfO2,153.824,-30.586802737,22.254542913,3.5899123805,0.2887137179,total relative dielectric
HfO2,154.128,-30.318118175,22.276503515,3.5515238308,0.29001237836,total relative dielectric
HfO2,154.432,-30.05227269,22.298562841,3.5137375484,0.29131811595,total relative dielectric
HfO2,154.736,-29.789222404,22.32072143,3.4765411626,0.29263098594,total relative dielectric
HfO2,155.04,-29.528924324,22.342979824,3.439922618,0.29395104413,total relative dielectric
HfO2,155.344,-29.271336321,22.365338569,3.4038701645,0.29527834685,total relative dielectric
HfO2,155.648,-29.016417104,22.387798214,3.3683723488,0.29661295099,total relative dielectric
HfO2,155.952,-28.764126206,22.410359316,3.3334180048,0.29795491397,total relative dielectric
HfO2,156.256,-28.514423958,22.433022432,3.2989962453,0.29930429377,total relative dielectric
HfO2,156.56,-28.267271472,22.455788127,3.265096454,0.30066114891,total relative dielectric
HfO2,156.864,-28.022630622,22.478656967,3.2317082768,0.30202553851,total relative dielectric
HfO2,157.168,-27.780464027,22.501629527,3.1988216146,0.30339752222,total relative dielectric
HfO2,157.472,-27.540735027,22.524706381,3.1664266157,0.30477716031,total relative dielectric
HfO2,157.776,-27.303407675,22.547888113,3.1345136685,0.30616451361,total relative dielectric
HfO2,158.08,-27.068446711,22.571175307,3.1030733945,0.30755964355,total relative dielectric
HfO2,158.384,-26.835817552,22.594568555,3.0720966418,0.30896261215,total relative dielectric
HfO2,158.688,-26.605486273,22.618068452,3.0415744782,0.31037348207,total relative dielectric
HfO2,158.992,-26.377419591,22.641675598,3.0114981853,0.31179231654,total relative dielectric
HfO2,159.296,-26.151584853,22.665390598,2.9818592521,0.31321917943,total relative dielectric
HfO2,159.6,-25.927950018,22.689214062,2.9526493694,0.31465413525,total relative dielectric
HfO2,159.904,-25.706483644,22.713146606,2.9238604236,0.31609724912,total relative dielectric
HfO2,160.208,-25.487154875,22.737188847,2.8954844919,0.31754858684,total relative dielectric
HfO2,160.512,-25.269933426,22.761341412,2.8675138365,0.31900821483,total relative dielectric
HfO2,160.816,-25.054789572,22.785604929,2.8399408995,0.32047620017,total relative dielectric
HfO2,161.12,-24.841694132,22.809980034,2.8127582979,0.32195261063,total relative dielectric
HfO2,161.424,-24.630618459,22.834467367,2.7859588191,0.32343751463,total relative dielectric
HfO2,161.728,-24.42153443,22.859067572,2.7595354157,0.32493098129,total relative dielectric
HfO2,162.032,-24.214414427,22.883781299,2.7334812014,0.32643308041,total relative dielectric
HfO2,162.336,-24.009231333,22.908609206,2.7077894464,0.32794388251,total relative dielectric
HfO2,162.64,-23.805958519,22.933551952,2.6824535731,0.32946345878,total relative dielectric
HfO2,162.944,-23.60456983,22.958610204,2.6574671523,0.33099188117,total relative dielectric
HfO2,163.248,-23.405039579,22.983784634,2.632823899,0.33252922233,total relative dielectric
HfO2,163.552,-23.207342531,23.009075919,2.6085176684,0.33407555564,total relative dielectric
HfO2,163.856,-23.0114539,23.034484742,2.5845424525,0.33563095525,total relative dielectric
HfO2,164.16,-22.817349334,23.060011792,2.5608923763,0.33719549603,total relative dielectric
HfO2,164.464,-22.625004907,23.085657763,2.5375616942,0.33876925364,total relative dielectric
HfO2,164.768,-22.434397111,23.111423355,2.5145447867,0.34035230449,total relative dielectric
HfO2,165.072,-22.245502844,23.137309273,2.4918361573,0.34194472578,total relative dielectric
HfO2,165.376,-22.058299407,23.16331623,2.4694304289,0.34354659551,total relative dielectric
HfO2,165.68,-21.872764487,23.189444942,2.4473223409,0.34515799245,total relative dielectric
HfO2,165.984,-21.688876157,23.215696134,2.4255067463,0.34677899622,total relative dielectric
HfO2,166.288,-21.506612862,23.242070534,2.4039786085,0.34840968722,total relative dielectric
HfO2,166.592,-21.325953413,23.268568879,2.3827329989,0.35005014671,total relative dielectric
HfO2,166.896,-21.146876982,23.29519191,2.3617650935,0.35170045677,total relative dielectric
HfO2,167.2,-20.969363091,23.321940376,2.3410701711,0.35336070035,total relative dielectric
HfO2,167.504,-20.793391603,23.34881503,2.3206436098,0.35503096125,total relative dielectric
HfO2,167.808,-20.618942722,23.375816634,2.3004808852,0.35671132414,total relative dielectric
HfO2,168.112,-20.445996979,23.402945954,2.2805775676,0.35840187458,total relative dielectric
HfO2,168.416,-20.274535227,23.430203763,2.2609293197,0.36010269902,total relative dielectric
HfO2,168.72,-20.104538638,23.457590843,2.2415318943,0.36181388482,total relative dielectric
HfO2,169.024,-19.935988691,23.48510798,2.2223811322,0.36353552025,total relative dielectric
HfO2,169.328,-19.768867169,23.512755967,2.2034729599,0.36526769452,total relative dielectric
HfO2,169.632,-19.603156154,23.540535605,2.1848033872,0.36701049778,total relative dielectric
HfO2,169.936,-19.438838016,23.5684477,2.166368506,0.36876402112,total relative dielectric
HfO2,170.24,-19.275895414,23.596493067,2.1481644873,0.3705283566,total relative dielectric
HfO2,170.544,-19.114311283,23.624672526,2.1301875801,0.37230359726,total relative dielectric
HfO2,170.848,-18.954068834,23.652986905,2.1124341089,0.37408983713,total relative dielectric
HfO2,171.152,-18.795151547,23.68143704,2.0949004723,0.37588717125,total relative dielectric
HfO2,171.456,-18.637543164,23.710023773,2.0775831411,0.37769569565,total relative dielectric
HfO2,171.76,-18.481227684,23.738747953,2.0604786565,0.37951550742,total relative dielectric
HfO2,172.064,-18.326189362,23.767610438,2.0435836283,0.38134670467,total relative dielectric
HfO2,172.368,-18.172412699,23.796612092,2.0268947337,0.38318938657,total relative dielectric
HfO2,172.672,-18.019882439,23.825753786,2.0104087153,0.38504365336,total relative dielectric
HfO2,172.976,-17.868583565,23.8550364,1.9941223799,0.38690960636,total relative dielectric
HfO2,173.28,-17.718501293,23.884460822,1.9780325965,0.388787348,total relative dielectric
HfO2,173.584,-17.569621069,23.914027946,1.9621362955,0.39067698181,total relative dielectric
HfO2,173.888,-17.421928563,23.943738675,1.9464304667,0.39257861244,total relative dielectric
HfO2,174.192,-17.275409668,23.97359392,1.9309121582,0.39449234569,total relative dielectric
HfO2,174.496,-17.130050489,24.0035946,1.915578475,0.39641828851,total relative dielectric
HfO2,174.8,-16.985837346,24.033741641,1.9004265779,0.39835654902,total relative dielectric
HfO2,175.104,-16.842756768,24.064035978,1.8854536818,0.40030723654,total relative dielectric
HfO2,175.408,-16.700795486,24.094478555,1.8706570547,0.40227046158,total relative dielectric
HfO2,175.712,-16.559940433,24.125070324,1.8560340166,0.40424633586,total relative dielectric
HfO2,176.016,-16.420178737,24.155812245,1.8415819382,0.40623497235,total relative dielectric
HfO2,176.32,-16.28149772,24.186705285,1.8272982397,0.40823648525,total relative dielectric
HfO2,176.624,-16.143884893,24.217750424,1.8131803897,0.41025099006,total relative dielectric
HfO2,176.928,-16.007327954,24.248948647,1.7992259044,0.41227860353,total relative dielectric
HfO2,177.232,-15.871814782,24.280300948,1.7854323461,0.41431944373,total relative dielectric
HfO2,177.536,-15.737333436,24.311808332,1.7717973224,0.41637363005,total relative dielectric
HfO2,177.84,-15.603872149,24.343471812,1.7583184853,0.41844128319,total relative dielectric
HfO2,178.144,-15.471419328,24.37529241,1.74499353,0.42052252525,total relative dielectric
HfO2,178.448,-15.33996355,24.407271157,1.7318201941,0.42261747966,total relative dielectric
HfO2,178.752,-15.209493557,24.439409094,1.7187962566,0.42472627127,total relative dielectric
HfO2,179.056,-15.079998255,24.471707272,1.705919537,0.42684902632,total relative dielectric
HfO2,179.36,-14.95146671,24.504166749,1.6931878944,0.42898587249,total relative dielectric
HfO2,179.664,-14.823888145,24.536788595,1.6805992269,0.43113693891,total relative dielectric
HfO2,179.968,-14.697251939,24.56957389,1.6681514704,0.43330235618,total relative dielectric
HfO2,180.272,-14.571547622,24.602523722,1.6558425978,0.43548225638,total relative dielectric
HfO2,180.576,-14.446764874,24.635639191,1.6436706185,0.43767677311,total relative dielectric
HfO2,180.88,-14.322893519,24.668921406,1.6316335775,0.43988604149,total relative dielectric
HfO2,181.184,-14.199923529,24.702371487,1.6197295544,0.4421101982,total relative dielectric
HfO2,181.488,-14.077845013,24.735990562,1.6079566631,0.44434938149,total relative dielectric
HfO2,181.792,-13.956648223,24.769779772,1.5963130505,0.4466037312,total relative dielectric
HfO2,182.096,-13.836323546,24.803740269,1.5847968966,0.4488733888,total relative dielectric
HfO2,182.4,-13.716861501,24.837873214,1.573406413,0.45115849738,total relative dielectric
HfO2,182.704,-13.598252742,24.872179779,1.5621398427,0.4534592017,total relative dielectric
HfO2,183.008,-13.48048805,24.906661147,1.5509954594,0.45577564822,total relative dielectric
HfO2,183.312,-13.363558336,24.941318513,1.5399715667,0.45810798508,total relative dielectric
HfO2,183.616,-13.247454633,24.976153083,1.5290664976,0.46045636219,total relative dielectric
HfO2,183.92,-13.132168099,25.011166074,1.5182786139,0.46282093118,total relative dielectric
HfO2,184.224,-13.017690013,25.046358714,1.5076063056,0.46520184549,total relative dielectric
HfO2,184.528,-12.904011771,25.081732243,1.4970479902,0.46759926036,total relative dielectric
HfO2,184.832,-12.791124888,25.117287914,1.4866021124,0.47001333285,total relative dielectric
HfO2,185.136,-12.679020992,25.153026989,1.4762671432,0.47244422189,total relative dielectric
HfO2,185.44,-12.567691824,25.188950745,1.4660415798,0.47489208831,total relative dielectric
HfO2,185.744,-12.457129237,25.22506047,1.4559239446,0.47735709483,total relative dielectric
HfO2,186.048,-12.347325194,25.261357464,1.445912785,0.47983940612,total relative dielectric
HfO2,186.352,-12.238271761,25.29784304,1.4360066729,0.48233918882,total relative dielectric
HfO2,186.656,-12.129961115,25.334518523,1.4262042039,0.48485661156,total relative dielectric
HfO2,186.96,-12.022385532,25.371385252,1.4165039974,0.48739184499,total relative dielectric
HfO2,187.264,-11.915537394,25.408444577,1.4069046954,0.48994506185,total relative dielectric
HfO2,187.568,-11.80940918,25.445697862,1.3974049627,0.49251643691,total relative dielectric
HfO2,187.872,-11.703993471,25.483146486,1.3880034861,0.4951061471,total relative dielectric
HfO2,188.176,-11.599282941,25.520791838,1.3786989741,0.49771437147,total relative dielectric
HfO2,188.48,-11.495270364,25.558635323,1.3694901562,0.50034129126,total relative dielectric
HfO2,188.784,-11.391948604,25.596678359,1.3603757831,0.50298708991,total relative dielectric
HfO2,189.088,-11.289310619,25.634922378,1.3513546256,0.50565195311,total relative dielectric
HfO2,189.392,-11.18734946,25.673368825,1.3424254746,0.50833606881,total relative dielectric
HfO2,189.696,-11.086058264,25.712019162,1.3335871406,0.51103962729,total relative dielectric
HfO2,190.0,-10.985430257,25.750874863,1.3248384534,0.51376282114,total relative dielectric
HfO2,190.304,-10.885458754,25.789937416,1.3161782616,0.51650584536,total relative dielectric
HfO2,190.608,-10.786137152,25.829208326,1.3076054324,0.51926889733,total relative dielectric
HfO2,190.912,-10.687458933,25.868689111,1.299118851,0.52205217691,total relative dielectric
HfO2,191.216,-10.589417662,25.908381306,1.2907174207,0.52485588643,total relative dielectric
HfO2,191.52,-10.492006985,25.94828646,1.2824000619,0.52768023073,total relative dielectric
HfO2,191.824,-10.395220629,25.988406137,1.2741657124,0.53052541721,total relative dielectric
HfO2,192.128,-10.299052396,26.028741918,1.2660133268,0.5333916559,total relative dielectric
HfO2,192.432,-10.203496171,26.069295399,1.2579418761,0.53627915943,total relative dielectric
HfO2,192.736,-10.10854591,26.110068193,1.2499503476,0.53918814311,total relative dielectric
HfO2,193.04,-10.014195647,26.151061929,1.2420377443,0.542118825,total relative dielectric
HfO2,193.344,-9.9204394885,26.192278251,1.234203085,0.54507142588,total relative dielectric
HfO2,193.648,-9.8272716155,26.233718822,1.2264454038,0.54804616936,total relative dielectric
HfO2,193.952,-9.7346862789,26.275385321,1.2187637497,0.55104328187,total relative dielectric
HfO2,194.256,-9.6426778008,26.317279442,1.2111571864,0.55406299273,total relative dielectric
HfO2,194.56,-9.5512405725,26.3594029,1.2036247923,0.55710553422,total relative dielectric
HfO2,194.864,-9.4603690537,26.401757426,1.1961656599,0.56017114156,total relative dielectric
HfO2,195.168,-9.3700577715,26.444344768,1.1887788954,0.56326005302,total relative dielectric
HfO2,195.472,-9.2803013193,26.487166692,1.1814636191,0.56637250991,total relative dielectric
HfO2,195.776,-9.1910943556,26.530224985,1.1742189645,0.56950875668,total relative dielectric
HfO2,196.08,-9.1024316033,26.573521448,1.1670440784,0.57266904094,total relative dielectric
HfO2,196.384,-9.0143078486,26.617057904,1.1599381203,0.57585361351,total relative dielectric
HfO2,196.688,-8.92671794,26.660836195,1.1529002629,0.57906272848,total relative dielectric
HfO2,196.992,-8.8396567876,26.70485818,1.145929691,0.58229664326,total relative dielectric
HfO2,197.296,-8.7531193617,26.749125739,1.1390256019,0.58555561861,total relative dielectric
HfO2,197.6,-8.6671006925,26.793640772,1.1321872047,0.58883991872,total relative dielectric
HfO2,197.904,-8.5815958688,26.838405199,1.1254137207,0.59214981127,total relative dielectric
HfO2,198.208,-8.4966000371,26.883420958,1.1187043825,0.59548556745,total relative dielectric
HfO2,198.512,-8.412108401,26.928690009,1.1120584344,0.59884746204,total relative dielectric
HfO2,198.816,-8.3281162202,26.974214335,1.1054751316,0.60223577348,total relative dielectric
HfO2,199.12,-8.2446188099,27.019995937,1.0989537406,0.60565078388,total relative dielectric
HfO2,199.424,-8.1616115394,27.066036837,1.0924935387,0.60909277914,total relative dielectric
HfO2,199.728,-8.0790898321,27.112339082,1.0860938137,0.61256204896,total relative dielectric
HfO2,200.032,-7.997049164,27.158904737,1.0797538639,0.61605888695,total relative dielectric
HfO2,200.336,-7.9154850635,27.205735891,1.0734729981,0.61958359062,total relative dielectric
HfO2,200.64,-7.8343931102,27.252834657,1.0672505349,0.62313646154,total relative dielectric
HfO2,200.944,-7.7537689344,27.300203169,1.0610858029,0.62671780532,total relative dielectric
HfO2,201.248,-7.6736082162,27.347843583,1.0549781406,0.63032793171,total relative dielectric
HfO2,201.552,-7.5939066852,27.39575808,1.0489268959,0.63396715469,total relative dielectric
HfO2,201.856,-7.5146601191,27.443948865,1.0429314261,0.63763579249,total relative dielectric
HfO2,202.16,-7.4358643437,27.492418166,1.0369910981,0.64133416772,total relative dielectric
HfO2,202.464,-7.3575152316,27.541168237,1.0311052874,0.64506260736,total relative dielectric
HfO2,202.768,-7.279608702,27.590201354,1.0252733788,0.64882144293,total relative dielectric
HfO2,203.072,-7.2021407198,27.63951982,1.0194947659,0.65261101049,total relative dielectric
HfO2,203.376,-7.1251072952,27.689125964,1.0137688507,0.65643165073,total relative dielectric
HfO2,203.68,-7.0485044827,27.739022138,1.0080950439,0.66028370909,total relative dielectric
HfO2,203.984,-6.9723283806,27.789210723,1.0024727645,0.66416753577,total relative dielectric
HfO2,204.288,-6.8965751306,27.839694124,0.99690143973,0.66808348588,total relative dielectric
HfO2,204.592,-6.8212409168,27.890474776,0.99138050486,0.67203191946,total relative dielectric
HfO2,204.896,-6.7463219656,27.941555137,0.98590940315,0.67601320161,total relative dielectric
HfO2,205.2,-6.6718145447,27.992937697,0.98048758568,0.68002770254,total relative dielectric
HfO2,205.504,-6.5977149627,28.044624969,0.97511451118,0.6840757977,total relative dielectric
HfO2,205.808,-6.5240195683,28.0966195,0.96978964596,0.68815786782,total relative dielectric
HfO2,206.112,-6.4507247502,28.148923861,0.96451246376,0.69227429902,total relative dielectric
HfO2,206.416,-6.3778269362,28.201540654,0.95928244564,0.69642548292,total relative dielectric
HfO2,206.72,-6.3053225927,28.25447251,0.95409907983,0.70061181669,total relative dielectric
HfO2,207.024,-6.2332082243,28.307722092,0.94896186166,0.70483370321,total relative dielectric
HfO2,207.328,-6.161480373,28.361292092,0.94387029341,0.7090915511,total relative dielectric
HfO2,207.632,-6.090135618,28.415185231,0.9388238842,0.71338577487,total relative dielectric
HfO2,207.936,-6.0191705752,28.469404264,0.93382214989,0.71771679498,total relative dielectric
HfO2,208.24,-5.9485818963,28.523951976,0.92886461297,0.72208503797,total relative dielectric
HfO2,208.544,-5.8783662688,28.578831186,0.92395080246,0.72649093659,total relative dielectric
HfO2,208.848,-5.8085204151,28.634044744,0.91908025377,0.73093492984,total relative dielectric
HfO2,209.152,-5.7390410924,28.689595533,0.91425250864,0.73541746313,total relative dielectric
HfO2,209.456,-5.6699250919,28.745486472,0.90946711502,0.73993898839,total relative dielectric
HfO2,209.76,-5.6011692386,28.80172051,0.90472362698,0.74449996417,total relative dielectric
HfO2,210.064,-5.5327703908,28.858300635,0.9000216046,0.74910085575,total relative dielectric
HfO2,210.368,-5.4647254393,28.915229867,0.89536061387,0.75374213529,total relative dielectric
HfO2,210.672,-5.3970313076,28.972511262,0.89074022663,0.75842428193,total relative dielectric
HfO2,210.976,-5.3296849508,29.030147914,0.88616002044,0.7631477819,total relative dielectric
HfO2,211.28,-5.2626833558,29.088142953,0.88161957852,0.76791312867,total relative dielectric
HfO2,211.584,-5.1960235405,29.146499543,0.87711848961,0.7727208231,total relative dielectric
HfO2,211.888,-5.1297025533,29.205220891,0.87265634798,0.7775713735,total relative dielectric
HfO2,212.192,-5.0637174729,29.264310238,0.86823275324,0.78246529585,total relative dielectric
HfO2,212.496,-4.9980654081,29.323770866,0.86384731031,0.78740311388,total relative dielectric
HfO2,212.8,-4.9327434969,29.383606097,0.85949962934,0.79238535923,total relative dielectric
HfO2,213.104,-4.8677489065,29.443819291,0.85518932561,0.7974125716,total relative dielectric
HfO2,213.408,-4.8030788328,29.50441385,0.85091601947,0.80248529889,total relative dielectric
HfO2,213.712,-4.7387305,29.565393218,0.84667933625,0.80760409734,total relative dielectric
HfO2,214.016,-4.6747011602,29.626760879,0.84247890617,0.81276953169,total relative dielectric
HfO2,214.32,-4.6109880932,29.688520361,0.8383143643,0.81798217536,total relative dielectric
HfO2,214.624,-4.5475886061,29.750675234,0.83418535045,0.82324261058,total relative dielectric
HfO2,214.928,-4.4845000326,29.813229114,0.83009150914,0.82855142855,total relative dielectric
HfO2,215.232,-4.4217197331,29.876185659,0.82603248947,0.83390922963,total relative dielectric
HfO2,215.536,-4.3592450943,29.939548574,0.82200794512,0.83931662351,total relative dielectric
HfO2,215.84,-4.2970735285,30.003321609,0.81801753421,0.84477422935,total relative dielectric
HfO2,216.144,-4.2352024738,30.067508561,0.81406091931,0.85028267599,total relative dielectric
HfO2,216.448,-4.1736293932,30.132113275,0.81013776728,0.85584260214,total relative dielectric
HfO2,216.752,-4.1123517749,30.197139642,0.80624774931,0.86145465653,total relative dielectric
HfO2,217.056,-4.0513671313,30.262591604,0.80239054077,0.86711949812,total relative dielectric
HfO2,217.36,-3.9906729993,30.328473152,0.79856582119,0.87283779631,total relative dielectric
HfO2,217.664,-3.9302669397,30.394788327,0.79477327418,0.8786102311,total relative dielectric
HfO2,217.968,-3.8701465367,30.461541221,0.79101258741,0.88443749334,total relative dielectric
HfO2,218.272,-3.8103093982,30.528735979,0.78728345248,0.89032028487,total relative dielectric
HfO2,218.576,-3.7507531548,30.596376797,0.78358556493,0.89625931882,total relative dielectric
HfO2,218.88,-3.69147546,30.664467928,0.77991862413,0.90225531976,total relative dielectric
HfO2,219.184,-3.6324739897,30.733013676,0.77628233326,0.90830902393,total relative dielectric
HfO2,219.488,-3.5737464421,30.802018402,0.77267639926,0.91442117951,total relative dielectric
HfO2,219.792,-3.5152905371,30.871486523,0.76910053271,0.92059254679,total relative dielectric
HfO2,220.096,-3.4571040164,30.941422513,0.76555444788,0.92682389845,total relative dielectric
HfO2,220.4,-3.3991846429,31.011830906,0.76203786257,0.93311601979,total relative dielectric
HfO2,220.704,-3.3415302007,31.082716291,0.75855049815,0.93946970898,total relative dielectric
HfO2,221.008,-3.2841384947,31.154083321,0.75509207943,0.94588577732,total relative dielectric
HfO2,221.312,-3.2270073503,31.225936709,0.75166233469,0.95236504948,total relative dielectric
HfO2,221.616,-3.1701346134,31.298281228,0.74826099556,0.95890836377,total relative dielectric
HfO2,221.92,-3.1135181496,31.371121716,0.74488779702,0.96551657243,total relative dielectric
HfO2,222.224,-3.0571558446,31.444463076,0.7415424773,0.97219054191,total relative dielectric
HfO2,222.528,-3.0010456036,31.518310272,0.73822477792,0.97893115312,total relative dielectric
HfO2,222.832,-2.9451853511,31.592668339,0.73493444354,0.98573930175,total relative dielectric
HfO2,223.136,-2.8895730308,31.667542377,0.731671222,0.99261589856,total relative dielectric
HfO2,223.44,-2.834206605,31.742937554,0.72843486423,0.99956186971,total relative dielectric
HfO2,223.744,-2.7790840549,31.818859109,0.72522512421,1.006578157,total relative dielectric
HfO2,224.048,-2.7242033799,31.89531235,0.72204175895,1.0136657183,total relative dielectric
HfO2,224.352,-2.6695625976,31.972302659,0.71888452843,1.0208255277,total relative dielectric
HfO2,224.656,-2.6151597437,32.049835489,0.71575319555,1.0280585762,total relative dielectric
HfO2,224.96,-2.5609928715,32.127916369,0.71264752611,1.0353658716,total relative dielectric
HfO2,225.264,-2.5070600518,32.206550904,0.70956728877,1.042748439,total relative dielectric
HfO2,225.568,-2.4533593728,32.285744775,0.70651225499,1.0502073215,total relative dielectric
HfO2,225.872,-2.3998889396,32.36550374,0.70348219899,1.0577435801,total relative dielectric
HfO2,226.176,-2.3466468745,32.445833639,0.70047689775,1.0653582944,total relative dielectric
HfO2,226.48,-2.2936313161,32.526740393,0.69749613093,1.0730525626,total relative dielectric
HfO2,226.784,-2.2408404199,32.608230004,0.69453968087,1.0808275026,total relative dielectric
HfO2,227.088,-2.1882723574,32.690308559,0.6916073325,1.0886842515,total relative dielectric
HfO2,227.392,-2.1359253162,32.772982228,0.68869887337,1.0966239667,total relative dielectric
HfO2,227.696,-2.0837974999,32.856257271,0.68581409356,1.1046478262,total relative dielectric
HfO2,228.0,-2.0318871278,32.940140036,0.68295278569,1.1127570288,total relative dielectric
HfO2,228.304,-1.9801924346,33.024636957,0.68011474484,1.1209527947,total relative dielectric
HfO2,228.608,-1.9287116706,33.109754565,0.67729976857,1.1292363659,total relative dielectric
HfO2,228.912,-1.8774431008,33.195499481,0.67450765684,1.137609007,total relative dielectric
HfO2,229.216,-1.8263850057,33.281878421,0.67173821198,1.1460720051,total relative dielectric
HfO2,229.52,-1.7755356802,33.368898197,0.66899123872,1.1546266707,total relative dielectric
HfO2,229.824,-1.724893434,33.456565722,0.66626654406,1.1632743382,total relative dielectric
HfO2,230.128,-1.6744565911,33.544888005,0.66356393732,1.1720163661,total relative dielectric
HfO2,230.432,-1.62422349,33.63387216,0.66088323009,1.180854138,total relative dielectric
HfO2,230.736,-1.5741924831,33.723525403,0.65822423617,1.1897890629,total relative dielectric
HfO2,231.04,-1.5243619368,33.813855057,0.65558677158,1.1988225755,total relative dielectric
HfO2,231.344,-1.4747302313,33.904868551,0.65297065449,1.2079561374,total relative dielectric
HfO2,231.648,-1.4252957605,33.996573423,0.65037570524,1.2171912371,total relative dielectric
HfO2,231.952,-1.3760569315,34.088977325,0.64780174628,1.226529391,total relative dielectric
HfO2,232.256,-1.3270121649,34.18208802,0.64524860213,1.2359721437,total relative dielectric
HfO2,232.56,-1.2781598944,34.275913388,0.64271609941,1.245521069,total relative dielectric
HfO2,232.864,-1.2294985666,34.370461426,0.64020406673,1.2551777702,total relative dielectric
HfO2,233.168,-1.1810266412,34.465740252,0.63771233475,1.264943881,total relative dielectric
HfO2,233.472,-1.1327425901,34.561758105,0.63524073609,1.2748210661,total relative dielectric
HfO2,233.776,-1.0846448983,34.658523349,0.63278910534,1.2848110221,total relative dielectric
HfO2,234.08,-1.0367320627,34.756044476,0.63035727901,1.2949154778,total relative dielectric
HfO2,234.384,-0.98900259267,34.854330105,0.62794509552,1.3051361953,total relative dielectric
HfO2,234.688,-0.94145500977,34.95338899,0.62555239519,1.3154749709,total relative dielectric
HfO2,234.992,-0.89408784735,35.053230015,0.62317902019,1.3259336354,total relative dielectric
HfO2,235.296,-0.84689965065,35.153862206,0.62082481452,1.3365140552,total relative dielectric
HfO2,235.6,-0.79988897661,35.255294723,0.61848962401,1.3472181333,total relative dielectric
HfO2,235.904,-0.75305439369,35.357536872,0.61617329625,1.3580478097,total relative dielectric
HfO2,236.208,-0.70639448178,35.460598104,0.61387568064,1.3690050629,total relative dielectric
HfO2,236.512,-0.65990783205,35.564488015,0.61159662829,1.38009191,total relative dielectric
HfO2,236.816,-0.61359304683,35.669216354,0.60933599206,1.3913104085,total relative dielectric
HfO2,237.12,-0.56744873948,35.774793023,0.6070936265,1.4026626566,total relative dielectric
HfO2,237.424,-0.52147353425,35.88122808,0.60486938784,1.4141507944,total relative dielectric
HfO2,237.728,-0.47566606615,35.988531745,0.60266313397,1.4257770049,total relative dielectric
HfO2,238.032,-0.43002498087,36.096714397,0.60047472445,1.4375435153,total relative dielectric
HfO2,238.336,-0.38454893459,36.205786585,0.59830402041,1.4494525976,total relative dielectric
HfO2,238.64,-0.33923659391,36.315759025,0.59615088462,1.4615065698,total relative dielectric
HfO2,238.944,-0.29408663573,36.426642608,0.59401518142,1.4737077974,total relative dielectric
HfO2,239.248,-0.2490977471,36.538448399,0.59189677671,1.4860586942,total relative dielectric
HfO2,239.552,-0.20426862512,36.651187644,0.58979553793,1.4985617236,total relative dielectric
HfO2,239.856,-0.15959797684,36.764871774,0.58771133406,1.5112193997,total relative dielectric
HfO2,240.16,-0.1150845191,36.879512406,0.58564403557,1.5240342889,total relative dielectric
HfO2,240.464,-0.070726978474,36.995121348,0.58359351441,1.5370090108,total relative dielectric
HfO2,240.768,-0.026524091135,37.111710603,0.58155964404,1.5501462397,total relative dielectric
HfO2,241.072,0.0175253972705,37.229292375,0.57954229932,1.5634487061,total relative dielectric
HfO2,241.376,0.0614227317105,37.347879069,0.5775413566,1.576919198,total relative dielectric
HfO2,241.68,0.10516914788,37.467483298,0.5755566936,1.5905605623,total relative dielectric
HfO2,241.984,0.14876587232,37.588117889,0.57358818947,1.6043757064,total relative dielectric
HfO2,242.288,0.1922141225,37.709795884,0.57163572473,1.6183675998,total relative dielectric
HfO2,242.592,0.23551510692,37.832530544,0.5696991813,1.6325392753,total relative dielectric
HfO2,242.896,0.27867002527,37.956335359,0.56777844241,1.6468938313,total relative dielectric
HfO2,243.2,0.32168006843,38.081224046,0.56587339265,1.661434433,total relative dielectric
HfO2,243.504,0.36454641867,38.207210561,0.56398391795,1.6761643141,total relative dielectric
HfO2,243.808,0.40727024968,38.334309097,0.5621099055,1.6910867792,total relative dielectric
HfO2,244.112,0.44985272672,38.462534095,0.56025124383,1.7062052047,total relative dielectric
HfO2,244.416,0.49229500665,38.591900244,0.55840782271,1.7215230416,total relative dielectric
HfO2,244.72,0.53459823811,38.722422493,0.5565795332,1.7370438169,total relative dielectric
HfO2,245.024,0.57676356153,38.85411605,0.55476626759,1.7527711359,total relative dielectric
HfO2,245.328,0.6187921093,38.986996391,0.55296791942,1.7687086842,total relative dielectric
HfO2,245.632,0.66068500579,39.121079267,0.55118438342,1.7848602297,total relative dielectric
HfO2,245.936,0.70244336751,39.256380707,0.54941555555,1.8012296253,total relative dielectric
HfO2,246.24,0.74406830314,39.392917027,0.54766133297,1.8178208104,total relative dielectric
HfO2,246.544,0.785560913665,39.530704834,0.545921614,1.8346378142,total relative dielectric
HfO2,246.848,0.82692229243,39.669761035,0.54419629813,1.8516847574,total relative dielectric
HfO2,247.152,0.86815352526,39.81010284,0.542485286,1.868965855,total relative dielectric
HfO2,247.456,0.9092556905,39.951747774,0.54078847942,1.886485419,total relative dielectric
HfO2,247.76,0.95022985916,40.094713679,0.53910578128,1.9042478608,total relative dielectric
HfO2,248.064,0.99107709495,40.239018726,0.53743709562,1.9222576943,total relative dielectric
HfO2,248.368,1.0317984544,40.384681419,0.53578232757,1.9405195385,total relative dielectric
HfO2,248.672,1.0723949869,40.531720603,0.53414138335,1.9590381204,total relative dielectric
HfO2,248.976,1.1128677347,40.680155473,0.53251417027,1.9778182785,total relative dielectric
HfO2,249.28,1.1532177334,40.830005583,0.53090059671,1.9968649654,total relative dielectric
HfO2,249.584,1.1934460115,40.981290853,0.52930057208,2.0161832514,total relative dielectric
HfO2,249.888,1.2335535906,41.134031575,0.52771400686,2.0357783277,total relative dielectric
HfO2,250.192,1.2735414859,41.288248428,0.52614081256,2.05565551,total relative dielectric
HfO2,250.496,1.3134107057,41.443962482,0.52458090171,2.0758202418,total relative dielectric
HfO2,250.8,1.3531622518,41.601195208,0.52303418784,2.0962780987,total relative dielectric
HfO2,251.104,1.3927971197,41.759968491,0.52150058551,2.1170347915,total relative dielectric
HfO2,251.408,1.4323162981,41.920304635,0.51998001024,2.1380961709,total relative dielectric
HfO2,251.712,1.4717207697,42.082226377,0.51847237856,2.1594682308,total relative dielectric
HfO2,252.016,1.5110115109,42.245756894,0.51697760794,2.1811571134,total relative dielectric
HfO2,252.32,1.5501894917,42.410919817,0.51549561684,2.203169113,total relative dielectric
HfO2,252.624,1.5892556762,42.577739241,0.51402632464,2.2255106807,total relative dielectric
HfO2,252.928,1.6282110223,42.746239736,0.51256965169,2.2481884293,total relative dielectric
HfO2,253.232,1.6670564821,42.916446357,0.51112551926,2.2712091379,total relative dielectric
HfO2,253.536,1.7057930017,43.088384661,0.50969384954,2.294579757,total relative dielectric
HfO2,253.84,1.7444215212,43.262080712,0.50827456563,2.3183074139,total relative dielectric
HfO2,254.144,1.7829429752,43.437561103,0.50686759154,2.3423994179,total relative dielectric
HfO2,254.448,1.8213582924,43.61485296,0.50547285217,2.3668632659,total relative dielectric
HfO2,254.752,1.859668396,43.793983961,0.50409027331,2.3917066486,total relative dielectric
HfO2,255.056,1.8978742035,43.97498235,0.50271978162,2.4169374558,total relative dielectric
HfO2,255.36,1.9359766271,44.157876948,0.50136130464,2.4425637833,total relative dielectric
HfO2,255.664,1.9739765733,44.342697172,0.50001477076,2.4685939391,total relative dielectric
HfO2,255.968,2.0118749435,44.529473047,0.49868010922,2.49503645,total relative dielectric
HfO2,256.272,2.0496726335,44.718235222,0.49735725011,2.5219000686,total relative dielectric
HfO2,256.576,2.087370534,44.909014991,0.49604612435,2.5491937807,total relative dielectric
HfO2,256.88,2.1249695307,45.101844301,0.49474666369,2.5769268124,total relative dielectric
HfO2,257.184,2.1624705038,45.296755777,0.49345880071,2.6051086383,total relative dielectric
HfO2,257.488,2.1998743288,45.493782739,0.49218246878,2.6337489892,total relative dielectric
HfO2,257.792,2.2371818759,45.692959214,0.49091760208,2.6628578606,total relative dielectric
HfO2,258.096,2.2743940105,45.894319962,0.4896641356,2.6924455212,total relative dielectric
HfO2,258.4,2.3115115933,46.097900495,0.4884220051,2.7225225223,total relative dielectric
HfO2,258.704,2.3485354798,46.303737091,0.48719114715,2.7530997067,total relative dielectric
HfO2,259.008,2.385466521,46.511866822,0.48597149906,2.7841882187,total relative dielectric
HfO2,259.312,2.4223055632,46.722327573,0.48476299893,2.8157995139,total relative dielectric
HfO2,259.616,2.4590534479,46.935158062,0.48356558561,2.8479453703,total relative dielectric
HfO2,259.92,2.4957110121,47.150397865,0.48237919872,2.8806378983,total relative dielectric
HfO2,260.224,2.5322790884,47.368087443,0.48120377861,2.9138895528,total relative dielectric
HfO2,260.528,2.5687585047,47.588268159,0.48003926637,2.9477131447,total relative dielectric
HfO2,260.832,2.6051500845,47.81098231,0.47888560384,2.982121853,total relative dielectric
HfO2,261.136,2.6414546472,48.03627315,0.47774273357,3.0171292378,total relative dielectric
HfO2,261.44,2.6776730075,48.264184918,0.47661059884,3.0527492534,total relative dielectric
HfO2,261.744,2.7138059761,48.494762865,0.47548914365,3.0889962624,total relative dielectric
HfO2,262.048,2.7498543595,48.728053284,0.4743783127,3.1258850496,total relative dielectric
HfO2,262.352,2.78581896,48.964103542,0.47327805139,3.1634308374,total relative dielectric
HfO2,262.656,2.8217005757,49.202962104,0.47218830583,3.201649301,total relative dielectric
HfO2,262.96,2.8575000008,49.444678574,0.47110902282,3.2405565851,total relative dielectric
HfO2,263.264,2.8932180254,49.689303721,0.47004014983,3.2801693204,total relative dielectric
HfO2,263.568,2.9288554358,49.936889519,0.46898163502,3.3205046415,total relative dielectric
HfO2,263.872,2.9644130143,50.187489175,0.46793342722,3.3615802052,total relative dielectric
HfO2,264.176,2.9998915393,50.441157175,0.46689547595,3.4034142096,total relative dielectric
HfO2,264.48,3.0352917856,50.697949316,0.46586773136,3.4460254142,total relative dielectric
HfO2,264.784,3.0706145241,50.957922745,0.46485014427,3.4894331606,total relative dielectric
HfO2,265.088,3.1058605221,51.221136004,0.46384266617,3.5336573946,total relative dielectric
HfO2,265.392,3.1410305432,51.487649069,0.46284524919,3.5787186886,total relative dielectric
HfO2,265.696,3.1761253475,51.757523396,0.46185784608,3.6246382654,total relative dielectric
HfO2,266.0,3.2111456913,52.030821964,0.46088041025,3.6714380229,total relative dielectric
HfO2,266.304,3.2460923278,52.307609325,0.45991289575,3.7191405604,total relative dielectric
HfO2,266.608,3.2809660064,52.587951651,0.45895525724,3.767769205,total relative dielectric
HfO2,266.912,3.3157674734,52.871916784,0.45800745,3.8173480403,total relative dielectric
HfO2,267.216,3.3504974714,53.159574291,0.45706942996,3.8679019359,total relative dielectric
HfO2,267.52,3.38515674,53.450995518,0.45614115364,3.919456578,total relative dielectric
HfO2,267.824,3.4197460155,53.746253645,0.45522257816,3.9720385021,total relative dielectric
HfO2,268.128,3.4542660307,54.045423746,0.45431366128,4.0256751267,total relative dielectric
HfO2,268.432,3.4887175155,54.348582851,0.45341436132,4.0803947885,total relative dielectric
HfO2,268.736,3.5231011967,54.655810006,0.45252463723,4.1362267797,total relative dielectric
HfO2,269.04,3.5574177979,54.967186344,0.45164444855,4.1932013866,total relative dielectric
HfO2,269.344,3.5916680396,55.282795148,0.45077375539,4.2513499306,total relative dielectric
HfO2,269.648,3.6258526395,55.602721928,0.44991251846,4.3107048104,total relative dielectric
HfO2,269.952,3.6599723122,55.927054489,0.44906069904,4.3712995467,total relative dielectric
HfO2,270.256,3.6940277695,56.255883012,0.44821825901,4.4331688294,total relative dielectric
HfO2,270.56,3.7280197202,56.589300132,0.44738516079,4.4963485662,total relative dielectric
HfO2,270.864,3.7619488705,56.927401023,0.4465613674,4.5608759346,total relative dielectric
HfO2,271.168,3.7958159236,57.270283481,0.44574684241,4.6267894356,total relative dielectric
HfO2,271.472,3.8296215801,57.618048018,0.44494154995,4.6941289507,total relative dielectric
HfO2,271.776,3.8633665379,57.970797953,0.44414545473,4.7629358014,total relative dielectric
HfO2,272.08,3.8970514923,58.328639513,0.44335852199,4.8332528119,total relative dielectric
HfO2,272.384,3.9306771357,58.691681929,0.44258071754,4.9051243749,total relative dielectric
HfO2,272.688,3.9642441584,59.060037546,0.44181200773,4.9785965211,total relative dielectric
HfO2,272.992,3.9977532478,59.433821935,0.44105235946,5.0537169914,total relative dielectric
HfO2,273.296,4.031205089,59.813154001,0.44030174018,5.130535314,total relative dielectric
HfO2,273.6,4.0646003646,60.198156111,0.43956011786,5.2091028847,total relative dielectric
HfO2,273.904,4.0979397549,60.588954213,0.43882746103,5.2894730522,total relative dielectric
HfO2,274.208,4.1312239376,60.985677968,0.43810373873,5.3717012067,total relative dielectric
HfO2,274.512,4.1644535884,61.38846089,0.43738892055,5.4558448747,total relative dielectric
HfO2,274.816,4.1976293805,61.79744048,0.43668297661,5.5419638181,total relative dielectric
HfO2,275.12,4.230751985,62.212758381,0.43598587753,5.6301201387,total relative dielectric
HfO2,275.424,4.2638220705,62.634560529,0.43529759448,5.7203783886,total relative dielectric
HfO2,275.728,4.2968403039,63.062997317,0.43461809915,5.8128056868,total relative dielectric
HfO2,276.032,4.3298073496,63.498223762,0.43394736372,5.9074718422,total relative dielectric
HfO2,276.336,4.3627238701,63.94039968,0.43328536091,6.0044494831,total relative dielectric
HfO2,276.64,4.3955905258,64.389689874,0.43263206394,6.1038141948,total relative dielectric
HfO2,276.944,4.4284079751,64.846264325,0.43198744656,6.2056446644,total relative dielectric
HfO2,277.248,4.4611768745,65.310298392,0.431351483,6.3100228344,total relative dielectric
HfO2,277.552,4.4938978784,65.781973026,0.43072414801,6.4170340646,total relative dielectric
HfO2,277.856,4.5265716396,66.261474986,0.43010541685,6.5267673038,total relative dielectric
HfO2,278.16,4.5591988086,66.748997076,0.42949526528,6.6393152719,total relative dielectric
HfO2,278.464,4.5917800346,67.244738381,0.42889366953,6.7547746522,total relative dielectric
HfO2,278.768,4.6243159647,67.748904526,0.42830060637,6.8732462956,total relative dielectric
HfO2,279.072,4.6568072443,68.261707936,0.42771605305,6.994835437,total relative dielectric
HfO2,279.376,4.6892545172,68.783368116,0.4271399873,7.1196519246,total relative dielectric
HfO2,279.68,4.7216584253,69.314111946,0.42657238735,7.2478104641,total relative dielectric
HfO2,279.984,4.7540196093,69.854173982,0.42601323192,7.3794308765,total relative dielectric
HfO2,280.288,4.7863387079,70.403796777,0.42546250024,7.5146383739,total relative dielectric
HfO2,280.592,4.8186163583,70.963231221,0.42492017198,7.6535638508,total relative dielectric
HfO2,280.896,4.8508531965,71.532736891,0.42438622734,7.796344195,total relative dielectric
HfO2,281.2,4.8830498567,72.112582424,0.42386064697,7.9431226183,total relative dielectric
HfO2,281.504,4.9152069717,72.703045905,0.42334341203,8.0940490079,total relative dielectric
HfO2,281.808,4.947325173,73.304415274,0.42283450414,8.2492803015,total relative dielectric
HfO2,282.112,4.9794050907,73.916988761,0.42233390541,8.4089808865,total relative dielectric
HfO2,282.416,5.0114473534,74.541075334,0.42184159841,8.5733230257,total relative dielectric
HfO2,282.72,5.0434525887,75.176995175,0.42135756623,8.742487312,total relative dielectric
HfO2,283.024,5.0754214227,75.825080179,0.42088179238,8.916663153,total relative dielectric
HfO2,283.328,5.1073544803,76.485674482,0.42041426088,9.0960492891,total relative dielectric
HfO2,283.632,5.1392523853,77.159135012,0.41995495621,9.2808543473,total relative dielectric
HfO2,283.936,5.1711157603,77.845832071,0.41950386333,9.4712974334,total relative dielectric
HfO2,284.24,5.2029452268,78.546149954,0.41906096766,9.6676087651,total relative dielectric
HfO2,284.544,5.2347414051,79.260487586,0.41862625511,9.8700303509,total relative dielectric
HfO2,284.848,5.2665049145,79.989259212,0.41819971203,10.078816716,total relative dielectric
HfO2,285.152,5.2982363735,80.732895106,0.41778132527,10.294235684,total relative dielectric
HfO2,285.456,5.3299363993,81.491842336,0.41737108212,10.516569209,total relative dielectric
HfO2,285.76,5.3616056084,82.266565554,0.41696897036,10.746114276,total relative dielectric
HfO2,286.064,5.3932446162,83.057547844,0.41657497821,10.983183865,total relative dielectric
HfO2,286.368,5.4248540373,83.865291603,0.41618909439,11.228107985,total relative dielectric
HfO2,286.672,5.4564344856,84.690319485,0.41581130806,11.481234791,total relative dielectric
HfO2,286.976,5.4879865739,85.533175384,0.41544160885,11.742931784,total relative dielectric
HfO2,287.28,5.5195109145,86.394425481,0.41507998686,12.013587103,total relative dielectric
HfO2,287.584,5.5510081189,87.274659348,0.41472643265,12.29361092,total relative dielectric
HfO2,287.888,5.5824787978,88.174491107,0.41438093724,12.583436943,total relative dielectric
HfO2,288.192,5.6139235614,89.094560665,0.41404349213,12.88352404,total relative dielectric
HfO2,288.496,5.645343019,90.035535014,0.41371408925,13.194357996,total relative dielectric
HfO2,288.8,5.6767377797,90.998109598,0.41339272104,13.516453408,total relative dielectric
HfO2,289.104,5.7081084517,91.983009772,0.41307938036,13.85035574,total relative dielectric
HfO2,289.408,5.7394556429,92.990992329,0.41277406055,14.196643547,total relative dielectric
HfO2,289.712,5.7707799605,94.022847123,0.41247675542,14.55593089,total relative dielectric
HfO2,290.016,5.8020820113,95.079398782,0.41218745924,14.928869949,total relative dielectric
HfO2,290.32,5.833362402,96.161508514,0.41190616673,15.316153869,total relative dielectric
HfO2,290.624,5.8646217384,97.270076021,0.41163287308,15.718519848,total relative dielectric
HfO2,290.928,5.8958606264,98.406041516,0.41136757397,16.136752498,total relative dielectric
HfO2,291.232,5.9270796713,99.570387855,0.4111102655,16.571687504,total relative dielectric
HfO2,291.536,5.9582794782,100.76414279,0.41086094426,17.024215617,total relative dielectric
HfO2,291.84,5.989460652,101.98838133,0.4106196073,17.495287002,total relative dielectric
HfO2,292.144,6.0206237973,103.24422827,0.41038625214,17.985915994,total relative dielectric
HfO2,292.448,6.0517695188,104.5328608,0.41016087675,18.497186292,total relative dielectric
HfO2,292.752,6.0828984206,105.8555113,0.40994347959,19.030256644,total relative dielectric
HfO2,293.056,6.114011107,107.21347025,0.40973405957,19.586367074,total relative dielectric
HfO2,293.36,6.1451081823,108.6080893,0.40953261608,20.166845709,total relative dielectric
HfO2,293.664,6.1761902506,110.04078449,0.40933914895,20.773116274,total relative dielectric
HfO2,293.968,6.207257916,111.51303962,0.40915365852,21.40670632,total relative dielectric
HfO2,294.272,6.2383117827,113.02640976,0.40897614557,22.069256289,total relative dielectric
HfO2,294.576,6.269352455,114.5825249,0.40880661137,22.762529479,total relative dielectric
HfO2,294.88,6.3003805373,116.18309379,0.40864505764,23.488423042,total relative dielectric
HfO2,295.184,6.331396634,117.82990787,0.4084914866,24.248980115,total relative dielectric
HfO2,295.488,6.3624013499,119.5248453,0.40834590093,25.046403222,total relative dielectric
HfO2,295.792,6.3933952899,121.26987514,0.40820830377,25.883069105,total relative dielectric
HfO2,296.096,6.4243790591,123.06706156,0.40807869877,26.761545146,total relative dielectric
HfO2,296.4,6.455353263,124.91856812,0.40795709004,27.684607565,total relative dielectric
HfO2,296.704,6.4863185074,126.82666199,0.40784348216,28.655261637,total relative dielectric
HfO2,297.008,6.5172753984,128.79371812,0.40773788021,29.676764144,total relative dielectric
HfO2,297.312,6.5482245425,130.82222324,0.40764028973,30.752648369,total relative dielectric
HfO2,297.616,6.5791665468,132.91477965,0.40755071678,31.886751931,total relative dielectric
HfO2,297.92,6.6101020187,135.07410851,0.40746916786,33.083247828,total relative dielectric
HfO2,298.224,6.641031566,137.30305267,0.40739565,34.346679111,total relative dielectric
HfO2,298.528,6.6719557974,139.60457873,0.40733017068,35.681997631,total relative dielectric
HfO2,298.832,6.7028753218,141.981778,0.4072727379,37.094607415,total relative dielectric
HfO2,299.136,6.7337907491,144.43786618,0.40722336013,38.590413255,total relative dielectric
HfO2,299.44,6.7647026894,146.9761813,0.40718204636,40.175875217,total relative dielectric
HfO2,299.744,6.7956117538,149.60017931,0.40714880605,41.858069826,total relative dielectric
HfO2,300.048,6.8265185542,152.31342684,0.40712364919,43.644758835,total relative dielectric
HfO2,300.352,6.857423703,155.11959029,0.40710658622,45.544466573,total relative dielectric
HfO2,300.656,6.8883278135,158.02242019,0.40709762814,47.56656701,total relative dielectric
HfO2,300.96,6.9192315,161.02572968,0.40709678643,49.721381818,total relative dielectric
HfO2,301.264,6.9501353776,164.13336562,0.40710407305,52.020290883,total relative dielectric
HfO2,301.568,6.9810400621,167.34917028,0.40711950052,54.475856871,total relative dielectric
HfO2,301.872,7.0119461706,170.67693142,0.40714308185,57.101965643,total relative dielectric
HfO2,302.176,7.042854321,174.12031763,0.40717483054,59.913984502,total relative dielectric
HfO2,302.48,7.0737651322,177.68279533,0.40721476065,62.928940414,total relative dielectric
HfO2,302.784,7.1046792242,181.36752284,0.40726288674,66.165720503,total relative dielectric
HfO2,303.088,7.1355972184,185.17721565,0.40731922389,69.64529723,total relative dielectric
HfO2,303.392,7.1665197369,189.11397583,0.4073837877,73.390980644,total relative dielectric
HfO2,303.696,7.1974474033,193.17907659,0.40745659432,77.428700024,total relative dielectric
HfO2,304.0,7.2283808423,197.37269078,0.40753766041,81.787316815,total relative dielectric
HfO2,304.304,7.2593206799,201.69354956,0.40762700319,86.498970118,total relative dielectric
HfO2,304.608,7.2902675435,206.13851394,0.40772464038,91.599454774,total relative dielectric
HfO2,304.912,7.3212220618,210.70203785,0.40783059028,97.128630129,total relative dielectric
HfO2,305.216,7.3521848647,215.37549659,0.40794487171,103.13085455,total relative dielectric
HfO2,305.52,7.3831565839,220.14634847,0.40806750404,109.65543614,total relative dielectric
HfO2,305.824,7.4141378524,224.99709062,0.40819850721,116.75708332,total relative dielectric
HfO2,306.128,7.4451293046,229.90396232,0.40833790168,124.49632899,total relative dielectric
HfO2,306.432,7.4761315766,234.83534079,0.4084857085,132.93988776,total relative dielectric
HfO2,306.736,7.5071453061,239.74976622,0.40864194928,142.16088561,total relative dielectric
HfO2,307.04,7.5381711324,244.59352623,0.40880664616,152.23887323,total relative dielectric
HfO2,307.344,7.5692096966,249.297727,0.4089798219,163.25949599,total relative dielectric
HfO2,307.648,7.6002616413,253.7747837,0.4091614998,175.31364204,total relative dielectric
HfO2,307.952,7.6313276112,257.91428239,0.40935170375,188.49582275,total relative dielectric
HfO2,308.256,7.6624082525,261.57820967,0.40955045821,202.90145583,total relative dielectric
HfO2,308.56,7.6935042134,264.59563001,0.40975778825,218.6226213,total relative dielectric
HfO2,308.864,7.7246161441,266.75703277,0.40997371949,235.74175232,total relative dielectric
HfO2,309.168,7.7557446967,267.80879935,0.41019827819,254.32262594,total relative dielectric
HfO2,309.472,7.7868905251,267.44858095,0.41043149118,274.39797008,total relative dielectric
HfO2,309.776,7.8180542855,265.32285248,0.41067338591,295.95307183,total relative dielectric
HfO2,310.08,7.8492366361,261.02851221,0.41092399042,318.90506183,total relative dielectric
HfO2,310.384,7.8804382372,254.12106577,0.41118333338,343.07820713,total relative dielectric
HfO2,310.688,7.9116597513,244.13249081,0.41145144406,368.17673037,total relative dielectric
HfO2,310.992,7.9429018431,230.6019859,0.41172835238,393.75849543,total relative dielectric
HfO2,311.296,7.9741651797,213.12193631,0.41201408886,419.21527326,total relative dielectric
HfO2,311.6,8.0054504304,191.39896296,0.41230868467,443.76773843,total relative dielectric
HfO2,311.904,8.0367582668,165.32544511,0.41261217162,466.48477421,total relative dielectric
HfO2,312.208,8.0680893631,135.05077154,0.41292458215,486.33546277,total relative dielectric
HfO2,312.512,8.0994443958,101.03548125,0.41324594936,502.27673181,total relative dielectric
HfO2,312.816,8.1308240442,64.068566564,0.413576307,513.36970522,total relative dielectric
HfO2,313.12,8.1622289897,25.232038413,0.41391568949,518.90568539,total relative dielectric
HfO2,313.424,8.1936599167,-14.191157208,0.4142641319,518.51354244,total relative dielectric
HfO2,313.728,8.2251175121,-52.852582411,0.41462166999,512.21995435,total relative dielectric
HfO2,314.032,8.2566024657,-89.488612637,0.41498834018,500.44498723,total relative dielectric
HfO2,314.336,8.2881154697,-123.05156205,0.4153641796,483.93433378,total relative dielectric
HfO2,314.64,8.3196572195,-152.79471238,0.41574922604,463.64775313,total relative dielectric
HfO2,314.944,8.3512284132,-178.3002793,0.41614351801,440.63287398,total relative dielectric
HfO2,315.248,8.3828297518,-199.45620979,0.41654709471,415.9117773,total relative dielectric
HfO2,315.552,8.4144619393,-216.39868323,0.41695999607,390.39787931,total relative dielectric
HfO2,315.856,8.4461256828,-229.43998034,0.41738226271,364.84855903,total relative dielectric
HfO2,316.16,8.4778216923,-238.99786321,0.417813936,339.8495792,total relative dielectric
HfO2,316.464,8.5095506813,-245.53635766,0.41825505802,315.82255398,total relative dielectric
HfO2,316.768,8.541313366,-249.52184664,0.41870567161,293.04596183,total relative dielectric
HfO2,317.072,8.5731104664,-251.39417518,0.41916582033,271.68184398,total relative dielectric
HfO2,317.376,8.6049427053,-251.55024201,0.4196355485,251.80280561,total relative dielectric
HfO2,317.68,8.6368108092,-250.33684567,0.42011490122,233.41625463,total relative dielectric
HfO2,317.984,8.6687155078,-248.04974545,0.42060392434,216.48455067,total relative dielectric
HfO2,318.288,8.7006575346,-244.93648513,0.42110266449,200.94084495,total relative dielectric
HfO2,318.592,8.7326376262,-241.20119505,0.42161116908,186.70099149,total relative dielectric
HfO2,318.896,8.7646565232,-237.01017715,0.42212948632,173.67216385,total relative dielectric
HfO2,319.2,8.7967149695,-232.49753435,0.42265766521,161.75885913,total relative dielectric
HfO2,319.504,8.8288137131,-227.77042975,0.42319575557,150.86691359,total relative dielectric
HfO2,319.808,8.8609535054,-222.91377628,0.42374380803,140.90605348,total relative dielectric
HfO2,320.112,8.893135102,-217.99429098,0.42430187405,131.79139714,total relative dielectric
HfO2,320.416,8.925359262,-213.06392512,0.42487000591,123.44422614,total relative dielectric
HfO2,320.72,8.9576267489,-208.16272171,0.42544825676,115.7922614,total relative dielectric
HfO2,321.024,8.9899383299,-203.32116912,0.42603668059,108.76961519,total relative dielectric
HfO2,321.328,9.0222947765,-198.56212365,0.42663533224,102.31654034,total relative dielectric
HfO2,321.632,9.0546968642,-193.90236995,0.42724426743,96.379061388,total relative dielectric
HfO2,321.936,9.0871453728,-189.35388167,0.42786354278,90.908544901,total relative dielectric
HfO2,322.24,9.1196410865,-184.92483615,0.42849321578,85.861247696,total relative dielectric
HfO2,322.544,9.1521847936,-180.62042887,0.42913334482,81.197867466,total relative dielectric
HfO2,322.848,9.184777287,-176.44352571,0.42978398922,76.883111217,total relative dielectric
HfO2,323.152,9.2174193641,-172.39518417,0.4304452092,72.885290323,total relative dielectric
HfO2,323.456,9.2501118269,-168.47506938,0.43111706593,69.175946655,total relative dielectric
HfO2,323.76,9.2828554819,-164.68178537,0.43179962151,65.729511397,total relative dielectric
HfO2,324.064,9.3156511405,-161.01313845,0.43249293901,62.522996294,total relative dielectric
HfO2,324.368,9.3484996185,-157.46634622,0.43319708246,59.535715994,total relative dielectric
HfO2,324.672,9.3814017371,-154.03820298,0.43391211684,56.74903947,total relative dielectric
HfO2,324.976,9.414358322,-150.72521033,0.43463810817,54.14616822,total relative dielectric
HfO2,325.28,9.4473702041,-147.52367976,0.43537512343,51.711938826,total relative dielectric
HfO2,325.584,9.4804382193,-144.42981304,0.43612323062,49.432647479,total relative dielectric
HfO2,325.888,9.5135632086,-141.43976472,0.43688249878,47.295894191,total relative dielectric
HfO2,326.192,9.5467460185,-138.54969042,0.43765299796,45.290444559,total relative dielectric
HfO2,326.496,9.5799875003,-135.75578371,0.43843479929,43.406107146,total relative dielectric
HfO2,326.8,9.6132885113,-133.05430403,0.43922797494,41.63362469,total relative dielectric
HfO2,327.104,9.6466499138,-130.44159727,0.44003259816,39.964577557,total relative dielectric
HfO2,327.408,9.6800725759,-127.91411077,0.4408487433,38.391298021,total relative dielectric
HfO2,327.712,9.7135573712,-125.46840368,0.44167648579,36.906794108,total relative dielectric
HfO2,328.016,9.7471051791,-123.10115383,0.4425159022,35.504681871,total relative dielectric
HfO2,328.32,9.7807168847,-120.80916175,0.44336707021,34.179125127,total relative dielectric
HfO2,328.624,9.8143933791,-118.58935247,0.44423006866,32.924781768,total relative dielectric
HfO2,328.928,9.8481355593,-116.43877571,0.44510497753,31.736755895,total relative dielectric
HfO2,329.232,9.8819443284,-114.35460471,0.44599187801,30.610555077,total relative dielectric
HfO2,329.536,9.9158205955,-112.33413403,0.44689085243,29.542052169,total relative dielectric
HfO2,329.84,9.9497652763,-110.37477676,0.44780198436,28.52745114,total relative dielectric
HfO2,330.144,9.9837792924,-108.47406102,0.44872535857,27.563256473,total relative dielectric
HfO2,330.448,10.017863572,-106.62962622,0.44966106108,26.646245718,total relative dielectric
HfO2,330.752,10.05201905,-104.83921901,0.45060917915,25.773444852,total relative dielectric
HfO2,331.056,10.086246667,-103.10068911,0.45156980132,24.942106135,total relative dielectric
HfO2,331.36,10.120547373,-101.41198506,0.45254301739,24.149688173,total relative dielectric
HfO2,331.664,10.15492212,-99.771149938,0.4535289185,23.393837958,total relative dielectric
HfO2,331.968,10.189371872,-98.17631719,0.45452759707,22.672374669,total relative dielectric
HfO2,332.272,10.223897597,-96.625706453,0.45553914689,21.983275042,total relative dielectric
HfO2,332.576,10.25850027,-95.117619521,0.45656366309,21.324660135,total relative dielectric
HfO2,332.88,10.293180875,-93.650436426,0.45760124216,20.694783356,total relative dielectric
HfO2,333.184,10.327940403,-92.222611649,0.45865198199,20.092019611,total relative dielectric
HfO2,333.488,10.36277985,-90.832670474,0.45971598191,19.514855452,total relative dielectric
HfO2,333.792,10.397700222,-89.479205488,0.46079334264,18.96188014,total relative dielectric
HfO2,334.096,10.432702532,-88.160873236,0.46188416636,18.431777507,total relative dielectric
HfO2,334.4,10.4677878,-86.876391023,0.46298855673,17.923318559,total relative dielectric
HfO2,334.704,10.502957056,-85.62453387,0.4641066189,17.435354728,total relative dielectric
HfO2,335.008,10.538211335,-84.404131604,0.46523845951,16.966811719,total relative dielectric
HfO2,335.312,10.573551682,-83.214066112,0.46638418676,16.516683895,total relative dielectric
HfO2,335.616,10.60897915,-82.05326871,0.4675439104,16.084029141,total relative dielectric
HfO2,335.92,10.644494799,-80.920717667,0.46871774172,15.667964164,total relative dielectric
HfO2,336.224,10.680099698,-79.815435839,0.46990579365,15.267660193,total relative dielectric
HfO2,336.528,10.715794927,-78.736488443,0.47110818072,14.882339032,total relative dielectric
HfO2,336.832,10.751581571,-77.682980934,0.47232501911,14.511269444,total relative dielectric
HfO2,337.136,10.787460726,-76.654057005,0.47355642665,14.153763825,total relative dielectric
HfO2,337.44,10.823433496,-75.648896686,0.4748025229,13.809175147,total relative dielectric
HfO2,337.744,10.859500995,-74.666714552,0.47606342909,13.476894149,total relative dielectric
HfO2,338.048,10.895664344,-73.70675802,0.47733926822,13.156346746,total relative dielectric
HfO2,338.352,10.931924677,-72.768305742,0.47863016504,12.846991643,total relative dielectric
HfO2,338.656,10.968283133,-71.850666081,0.4799362461,12.548318133,total relative dielectric
HfO2,338.96,11.004740864,-70.953175673,0.48125763976,12.259844066,total relative dielectric
HfO2,339.264,11.04129903,-70.075198063,0.48259447624,11.981113967,total relative dielectric
HfO2,339.568,11.077958802,-69.216122412,0.48394688762,11.711697304,total relative dielectric
HfO2,339.872,11.114721361,-68.375362282,0.48531500787,11.451186877,total relative dielectric
HfO2,340.176,11.151587895,-67.552354472,0.4866989729,11.199197328,total relative dielectric
HfO2,340.48,11.188559607,-66.74655793,0.48809892059,10.955363764,total relative dielectric
HfO2,340.784,11.225637708,-65.957452712,0.48951499077,10.719340476,total relative dielectric
HfO2,341.088,11.262823418,-65.184539003,0.49094732533,10.490799748,total relative dielectric
HfO2,341.392,11.300117972,-64.427336185,0.49239606816,10.269430755,total relative dielectric
HfO2,341.696,11.337522611,-63.685381956,0.49386136525,10.054938535,total relative dielectric
HfO2,342.0,11.375038591,-62.958231494,0.49534336472,9.8470430364,total relative dielectric
HfO2,342.304,11.412667177,-62.245456666,0.49684221679,9.6454782254,total relative dielectric
HfO2,342.608,11.450409646,-61.546645277,0.49835807389,9.4499912605,total relative dielectric
HfO2,342.912,11.488267286,-60.861400353,0.49989109063,9.2603417192,total relative dielectric
HfO2,343.216,11.526241398,-60.189339473,0.50144142388,9.0763008782,total relative dielectric
HfO2,343.52,11.564333293,-59.530094118,0.50300923277,8.8976510405,total relative dielectric
HfO2,343.824,11.602544296,-58.883309069,0.50459467876,8.724184908,total relative dielectric
HfO2,344.128,11.640875743,-58.248641825,0.50619792565,8.5557049945,total relative dielectric
HfO2,344.432,11.679328982,-57.625762055,0.50781913962,8.3920230766,total relative dielectric
HfO2,344.736,11.717905374,-57.014351074,0.50945848927,8.2329596806,total relative dielectric
HfO2,345.04,11.756606294,-56.414101346,0.51111614568,8.0783436012,total relative dielectric
HfO2,345.344,11.795433128,-55.824716016,0.51279228242,7.9280114514,total relative dielectric
HfO2,345.648,11.834387276,-55.245908458,0.51448707557,7.7818072399,total relative dielectric
HfO2,345.952,11.873470152,-54.677401846,0.51620070384,7.6395819755,total relative dielectric
HfO2,346.256,11.912683181,-54.118928753,0.51793334852,7.501193295,total relative dielectric
HfO2,346.56,11.952027805,-53.570230761,0.51968519358,7.3665051147,total relative dielectric
HfO2,346.864,11.991505478,-53.031058091,0.52145642571,7.2353873024,total relative dielectric
HfO2,347.168,12.031117668,-52.501169255,0.52324723431,7.107715369,total relative dielectric
HfO2,347.472,12.070865858,-51.98033072,0.52505781162,6.9833701794,total relative dielectric
HfO2,347.776,12.110751545,-51.468316591,0.52688835269,6.8622376792,total relative dielectric
HfO2,348.08,12.15077624,-50.964908304,0.52873905547,6.7442086386,total relative dielectric
HfO2,348.384,12.190941472,-50.469894341,0.53061012083,6.6291784101,total relative dielectric
HfO2,348.688,12.231248782,-49.983069948,0.53250175263,6.5170467015,total relative dielectric
HfO2,348.992,12.271699727,-49.504236877,0.53441415776,6.4077173603,total relative dielectric
HfO2,349.296,12.31229588,-49.033203128,0.5363475462,6.3010981719,total relative dielectric
HfO2,349.6,12.353038831,-48.569782715,0.53830213105,6.1971006681,total relative dielectric
HfO2,349.904,12.393930184,-48.113795432,0.54027812861,6.0956399468,total relative dielectric
HfO2,350.208,12.43497156,-47.665066635,0.54227575839,5.9966345013,total relative dielectric
HfO2,350.512,12.476164598,-47.223427033,0.54429524322,5.9000060599,total relative dielectric
HfO2,350.816,12.517510953,-46.788712485,0.54633680926,5.8056794331,total relative dielectric
HfO2,351.12,12.559012295,-46.360763815,0.5484006861,5.7135823697,total relative dielectric
HfO2,351.424,12.600670314,-45.939426618,0.55048710675,5.623645421,total relative dielectric
HfO2,351.728,12.642486717,-45.524551097,0.55259630778,5.5358018114,total relative dielectric
HfO2,352.032,12.684463228,-45.115991885,0.55472852933,5.4499873165,total relative dielectric
HfO2,352.336,12.72660159,-44.713607889,0.55688401517,5.3661401476,total relative dielectric
HfO2,352.64,12.768903564,-44.317262137,0.55906301278,5.2842008418,total relative dielectric
HfO2,352.944,12.811370929,-43.92682163,0.56126577343,5.2041121582,total relative dielectric
HfO2,353.248,12.854005484,-43.542157198,0.56349255219,5.1258189795,total relative dielectric
HfO2,353.552,12.896809048,-43.163143368,0.56574360806,5.0492682183,total relative dielectric
HfO2,353.856,12.939783457,-42.789658234,0.56801920399,4.9744087284,total relative dielectric
HfO2,354.16,12.982930568,-42.421583332,0.57031960698,4.9011912205,total relative dielectric
HfO2,354.464,13.026252259,-42.058803521,0.57264508814,4.8295681822,total relative dielectric
HfO2,354.768,13.069750428,-41.701206868,0.57499592275,4.7594938018,total relative dielectric
HfO2,355.072,13.113426994,-41.34868454,0.57737239034,4.6909238962,total relative dielectric
HfO2,355.376,13.157283895,-41.001130697,0.5797747748,4.6238158419,total relative dielectric
HfO2,355.68,13.201323093,-40.658442391,0.5822033644,4.5581285098,total relative dielectric
HfO2,355.984,13.245546571,-40.320519471,0.58465845191,4.4938222027,total relative dielectric
HfO2,356.288,13.289956334,-39.987264487,0.58714033466,4.4308585966,total relative dielectric
HfO2,356.592,13.334554408,-39.658582603,0.58964931463,4.3692006835,total relative dielectric
HfO2,356.896,13.379342844,-39.334381508,0.59218569853,4.3088127182,total relative dielectric
HfO2,357.2,13.424323715,-39.014571337,0.5947497979,4.2496601672,total relative dielectric
HfO2,357.504,13.469499117,-38.699064586,0.59734192916,4.1917096594,total relative dielectric
HfO2,357.808,13.514871171,-38.387776043,0.59996241375,4.13492894,total relative dielectric
HfO2,358.112,13.560442022,-38.080622708,0.60261157818,4.0792868258,total relative dielectric
HfO2,358.416,13.606213838,-37.777523724,0.60528975415,4.0247531633,total relative dielectric
HfO2,358.72,13.652188813,-37.478400312,0.60799727862,3.9712987876,total relative dielectric
HfO2,359.024,13.698369169,-37.1831757,0.61073449394,3.9188954848,total relative dielectric
HfO2,359.328,13.744757149,-36.891775064,0.6135017479,3.8675159541,total relative dielectric
HfO2,359.632,13.791355025,-36.604125468,0.6162993939,3.8171337734,total relative dielectric
HfO2,359.936,13.838165095,-36.3201558,0.61912779099,3.7677233654,total relative dielectric
HfO2,360.24,13.885189686,-36.039796721,0.62198730401,3.7192599656,total relative dielectric
HfO2,360.544,13.932431148,-35.762980609,0.62487830369,3.6717195911,total relative dielectric
HfO2,360.848,13.979891864,-35.489641506,0.62780116675,3.6250790119,total relative dielectric
HfO2,361.152,14.027574241,-35.219715067,0.63075627605,3.5793157225,total relative dielectric
HfO2,361.456,14.075480718,-34.953138515,0.63374402066,3.534407915,total relative dielectric
HfO2,361.76,14.123613761,-34.689850589,0.63676479601,3.4903344532,total relative dielectric
HfO2,362.064,14.171975868,-34.429791501,0.63981900398,3.4470748485,total relative dielectric
HfO2,362.368,14.220569565,-34.172902895,0.64290705307,3.4046092356,total relative dielectric
HfO2,362.672,14.26939741,-33.919127798,0.64602935849,3.3629183506,total relative dielectric
HfO2,362.976,14.318461993,-33.668410588,0.6491863423,3.3219835087,total relative dielectric
HfO2,363.28,14.367765933,-33.420696949,0.65237843353,3.2817865842,total relative dielectric
HfO2,363.584,14.417311884,-33.175933832,0.65560606834,3.2423099899,total relative dielectric
HfO2,363.888,14.467102531,-32.934069424,0.65886969016,3.2035366584,total relative dielectric
HfO2,364.192,14.517140595,-32.695053109,0.66216974979,3.1654500238,total relative dielectric
HfO2,364.496,14.567428827,-32.458835433,0.66550670559,3.1280340042,total relative dielectric
HfO2,364.8,14.617970016,-32.225368074,0.66888102361,3.0912729845,total relative dielectric
HfO2,365.104,14.668766984,-31.994603807,0.67229317774,3.0551518008,total relative dielectric
HfO2,365.408,14.719822589,-31.766496476,0.67574364988,3.0196557245,total relative dielectric
HfO2,365.712,14.771139725,-31.541000961,0.67923293007,2.9847704477,total relative dielectric
HfO2,366.016,14.822721325,-31.318073153,0.68276151669,2.9504820686,total relative dielectric
HfO2,366.32,14.874570355,-31.097669924,0.68632991658,2.9167770778,total relative dielectric
HfO2,366.624,14.926689824,-30.879749099,0.68993864527,2.8836423454,total relative dielectric
HfO2,366.928,14.979082777,-30.664269432,0.6935882271,2.851065108,total relative dielectric
HfO2,367.232,15.031752299,-30.451190579,0.69727919543,2.8190329568,total relative dielectric
HfO2,367.536,15.084701514,-30.240473077,0.70101209281,2.7875338255,total relative dielectric
HfO2,367.84,15.137933589,-30.032078314,0.70478747118,2.7565559793,total relative dielectric
HfO2,368.144,15.19145173,-29.825968514,0.70860589203,2.7260880041,total relative dielectric
HfO2,368.448,15.245259188,-29.622106708,0.71246792664,2.6961187957,total relative dielectric
HfO2,368.752,15.299359253,-29.420456716,0.71637415626,2.6666375502,total relative dielectric
HfO2,369.056,15.353755263,-29.220983126,0.7203251723,2.6376337542,total relative dielectric
HfO2,369.36,15.408450597,-29.023651274,0.72432157658,2.6090971752,total relative dielectric
HfO2,369.664,15.46344868,-28.828427223,0.72836398151,2.5810178531,total relative dielectric
HfO2,369.968,15.518752985,-28.635277744,0.73245301032,2.5533860913,total relative dielectric
HfO2,370.272,15.574367029,-28.444170302,0.7365892973,2.5261924483,total relative dielectric
HfO2,370.576,15.630294378,-28.255073033,0.74077348803,2.4994277302,total relative dielectric
HfO2,370.88,15.686538647,-28.067954727,0.74500623959,2.4730829822,total relative dielectric
HfO2,371.184,15.743103498,-27.882784816,0.74928822084,2.4471494818,total relative dielectric
HfO2,371.488,15.799992646,-27.699533354,0.75362011268,2.4216187315,total relative dielectric
HfO2,371.792,15.857209856,-27.518171002,0.75800260824,2.3964824516,total relative dielectric
HfO2,372.096,15.914758943,-27.338669013,0.76243641321,2.3717325738,total relative dielectric
HfO2,372.4,15.972643777,-27.160999216,0.76692224608,2.3473612348,total relative dielectric
HfO2,372.704,16.030868283,-26.985134005,0.77146083843,2.3233607699,total relative dielectric
HfO2,373.008,16.089436438,-26.811046321,0.7760529352,2.2997237072,total relative dielectric
HfO2,373.312,16.148352277,-26.638709642,0.78069929498,2.2764427617,total relative dielectric
HfO2,373.616,16.20761989,-26.468097967,0.78540069031,2.2535108297,total relative dielectric
HfO2,373.92,16.267243426,-26.299185805,0.79015790801,2.2309209835,total relative dielectric
HfO2,374.224,16.327227094,-26.131948163,0.79497174944,2.2086664664,total relative dielectric
HfO2,374.528,16.387575161,-25.966360533,0.7998430309,2.186740687,total relative dielectric
HfO2,374.832,16.448291955,-25.802398878,0.80477258386,2.1651372154,total relative dielectric
HfO2,375.136,16.509381869,-25.640039627,0.80976125539,2.1438497774,total relative dielectric
HfO2,375.44,16.570849357,-25.479259657,0.81480990845,2.1228722509,total relative dielectric
HfO2,375.744,16.632698938,-25.320036289,0.81991942228,2.1021986608,total relative dielectric
HfO2,376.048,16.694935198,-25.162347271,0.82509069273,2.0818231753,total relative dielectric
HfO2,376.352,16.757562788,-25.006170771,0.83032463269,2.0617401015,total relative dielectric
HfO2,376.656,16.820586429,-24.85148537,0.8356221724,2.0419438818,total relative dielectric
HfO2,376.96,16.884010911,-24.698270047,0.84098425993,2.0224290895,total relative dielectric
HfO2,377.264,16.947841095,-24.546504174,0.8464118615,2.0031904257,total relative dielectric
HfO2,377.568,17.012081914,-24.396167504,0.85190596197,1.9842227153,total relative dielectric
HfO2,377.872,17.076738375,-24.247240164,0.85746756522,1.9655209037,total relative dielectric
HfO2,378.176,17.14181556,-24.099702647,0.86309769463,1.9470800538,total relative dielectric
HfO2,378.48,17.207318627,-23.953535802,0.86879739349,1.9288953418,total relative dielectric
HfO2,378.784,17.273252814,-23.808720825,0.87456772549,1.9109620554,total relative dielectric
HfO2,379.088,17.339623435,-23.665239256,0.88040977518,1.8932755894,total relative dielectric
HfO2,379.392,17.406435888,-23.523072966,0.88632464848,1.8758314438,total relative dielectric
HfO2,379.696,17.473695652,-23.382204152,0.89231347316,1.8586252204,total relative dielectric
HfO2,380.0,17.541408291,-23.242615329,0.89837739939,1.8416526204,total relative dielectric
HfO2,380.304,17.609579455,-23.104289324,0.90451760023,1.8249094413,total relative dielectric
HfO2,380.608,17.678214882,-22.967209269,0.9107352722,1.8083915746,total relative dielectric
HfO2,380.912,17.747320397,-22.831358593,0.91703163584,1.7920950034,total relative dielectric
HfO2,381.216,17.816901918,-22.696721015,0.92340793629,1.7760157997,total relative dielectric
HfO2,381.52,17.886965457,-22.563280542,0.92986544385,1.7601501221,total relative dielectric
HfO2,381.824,17.957517118,-22.431021457,0.93640545466,1.7444942137,total relative dielectric
HfO2,382.128,18.028563104,-22.299928318,0.94302929125,1.7290443997,total relative dielectric
HfO2,382.432,18.100109715,-22.169985947,0.94973830322,1.7137970853,total relative dielectric
HfO2,382.736,18.172163353,-22.04117943,0.95653386794,1.6987487538,total relative dielectric
HfO2,383.04,18.244730521,-21.913494106,0.96341739114,1.6838959641,total relative dielectric
HfO2,383.344,18.31781783,-21.786915567,0.97039030772,1.6692353495,total relative dielectric
HfO2,383.648,18.391431993,-21.661429647,0.97745408239,1.654763615,total relative dielectric
HfO2,383.952,18.465579837,-21.537022421,0.98461021045,1.6404775361,total relative dielectric
HfO2,384.256,18.540268297,-21.413680199,0.99186021855,1.6263739565,total relative dielectric
HfO2,384.56,18.615504424,-21.291389521,0.99920566549,1.6124497869,total relative dielectric
HfO2,384.864,18.691295384,-21.17013715,1.006648143,1.5987020026,total relative dielectric
HfO2,385.168,18.76764846,-21.049910071,1.0141892766,1.5851276428,total relative dielectric
HfO2,385.472,18.844571059,-20.930695485,1.0218307265,1.5717238082,total relative dielectric
HfO2,385.776,18.92207071,-20.812480803,1.0295741883,1.5584876597,total relative dielectric
HfO2,386.08,19.000155068,-20.695253643,1.0374213942,1.5454164172,total relative dielectric
HfO2,386.384,19.078831916,-20.579001828,1.0453741138,1.5325073579,total relative dielectric
HfO2,386.688,19.158109171,-20.463713376,1.0534341548,1.5197578146,total relative dielectric
HfO2,386.992,19.237994883,-20.349376503,1.0616033645,1.5071651751,total relative dielectric
HfO2,387.296,19.318497237,-20.235979614,1.0698836305,1.49472688,total relative dielectric
HfO2,387.6,19.399624564,-20.123511301,1.0782768818,1.482440422,total relative dielectric
HfO2,387.904,19.481385332,-20.01196034,1.0867850899,1.4703033445,total relative dielectric
HfO2,388.208,19.563788159,-19.901315685,1.09541027,1.4583132402,total relative dielectric
HfO2,388.512,19.646841812,-19.791566467,1.1041544822,1.4464677502,total relative dielectric
HfO2,388.816,19.730555211,-19.682701989,1.1130198323,1.4347645625,total relative dielectric
HfO2,389.12,19.814937432,-19.574711723,1.1220084738,1.4232014111,total relative dielectric
HfO2,389.424,19.89999771,-19.467585307,1.1311226083,1.4117760752,total relative dielectric
HfO2,389.728,19.985745445,-19.361312542,1.1403644873,1.4004863773,total relative dielectric
HfO2,390.032,20.072190203,-19.255883387,1.1497364137,1.3893301831,total relative dielectric
HfO2,390.336,20.15934172,-19.151287959,1.1592407428,1.3783053998,total relative dielectric
HfO2,390.64,20.247209907,-19.047516526,1.1688798839,1.3674099757,total relative dielectric
HfO2,390.944,20.335804855,-18.944559508,1.1786563019,1.3566418986,total relative dielectric
HfO2,391.248,20.425136835,-18.842407472,1.1885725186,1.3459991955,total relative dielectric
HfO2,391.552,20.515216306,-18.741051129,1.1986311146,1.3354799313,total relative dielectric
HfO2,391.856,20.606053919,-18.640481333,1.2088347306,1.3250822081,total relative dielectric
HfO2,392.16,20.697660518,-18.540689076,1.2191860694,1.3148041643,total relative dielectric
HfO2,392.464,20.79004715,-18.441665486,1.2296878975,1.3046439737,total relative dielectric
HfO2,392.768,20.883225064,-18.343401827,1.2403430466,1.2945998449,total relative dielectric
HfO2,393.072,20.977205718,-18.245889493,1.2511544163,1.2846700202,total relative dielectric
HfO2,393.376,21.072000788,-18.149120007,1.262124975,1.2748527753,total relative dielectric
HfO2,393.68,21.167622164,-18.053085019,1.2732577626,1.2651464179,total relative dielectric
HfO2,393.984,21.264081966,-17.957776303,1.2845558925,1.2555492876,total relative dielectric
HfO2,394.288,21.361392538,-17.863185754,1.2960225532,1.2460597548,total relative dielectric
HfO2,394.592,21.459566465,-17.76930539,1.3076610113,1.2366762203,total relative dielectric
HfO2,394.896,21.558616569,-17.676127341,1.319474613,1.2273971143,total relative dielectric
HfO2,395.2,21.658555921,-17.583643858,1.3314667869,1.2182208961,total relative dielectric
HfO2,395.504,21.759397843,-17.491847302,1.3436410464,1.2091460531,total relative dielectric
HfO2,395.808,21.861155917,-17.400730145,1.3560009922,1.2001711006,total relative dielectric
HfO2,396.112,21.963843991,-17.31028497,1.3685503146,1.1912945807,total relative dielectric
HfO2,396.416,22.067476182,-17.220504466,1.3812927967,1.182515062,total relative dielectric
HfO2,396.72,22.172066889,-17.131381427,1.394232317,1.1738311393,total relative dielectric
HfO2,397.024,22.277630793,-17.042908752,1.4073728519,1.1652414325,total relative dielectric
HfO2,397.328,22.38418287,-16.95507944,1.4207184793,1.1567445862,total relative dielectric
HfO2,397.632,22.491738394,-16.86788659,1.4342733815,1.1483392694,total relative dielectric
HfO2,397.936,22.600312949,-16.781323399,1.448041848,1.140024175,total relative dielectric
HfO2,398.24,22.70992243,-16.695383162,1.4620282794,1.1317980187,total relative dielectric
HfO2,398.544,22.820583059,-16.610059265,1.4762371907,1.1236595394,total relative dielectric
HfO2,398.848,22.932311386,-16.525345191,1.4906732146,1.1156074979,total relative dielectric
HfO2,399.152,23.045124305,-16.44123451,1.5053411053,1.1076406771,total relative dielectric
HfO2,399.456,23.159039054,-16.357720886,1.5202457429,1.0997578811,total relative dielectric
HfO2,399.76,23.274073231,-16.274798069,1.5353921363,1.0919579347,total relative dielectric
HfO2,400.064,23.390244803,-16.192459894,1.5507854283,1.0842396834,total relative dielectric
HfO2,400.368,23.507572109,-16.110700284,1.5664308995,1.0766019927,total relative dielectric
HfO2,400.672,23.626073877,-16.029513245,1.5823339727,1.0690437477,total relative dielectric
HfO2,400.976,23.745769233,-15.948892864,1.5985002175,1.0615638525,total relative dielectric
HfO2,401.28,23.866677707,-15.868833309,1.6149353554,1.0541612303,total relative dielectric
HfO2,401.584,23.988819251,-15.789328829,1.6316452644,1.0468348225,total relative dielectric
HfO2,401.888,24.112214242,-15.71037375,1.6486359841,1.0395835887,total relative dielectric
HfO2,402.192,24.2368835,-15.631962475,1.6659137216,1.0324065062,total relative dielectric
HfO2,402.496,24.3628483,-15.554089483,1.6834848566,1.0253025694,total relative dielectric
HfO2,402.8,24.490130378,-15.476749325,1.7013559473,1.0182707899,total relative dielectric
HfO2,403.104,24.618751952,-15.399936627,1.7195337363,1.0113101958,total relative dielectric
HfO2,403.408,24.748735727,-15.323646088,1.7380251572,1.0044198316,total relative dielectric
HfO2,403.712,24.880104917,-15.247872475,1.7568373407,0.99759875758,total relative dielectric
HfO2,404.016,25.012883251,-15.172610626,1.7759776216,0.99084604991,total relative dielectric
HfO2,404.32,25.147094995,-15.097855446,1.7954535458,0.98416079992,total relative dielectric
HfO2,404.624,25.282764959,-15.023601908,1.8152728774,0.97754211404,total relative dielectric
HfO2,404.928,25.41991852,-14.949845051,1.8354436068,0.97098911342,total relative dielectric
HfO2,405.232,25.558581635,-14.876579979,1.8559739579,0.96450093366,total relative dielectric
HfO2,405.536,25.698780856,-14.803801861,1.8768723969,0.95807672452,total relative dielectric
HfO2,405.84,25.840543348,-14.731505926,1.8981476409,0.95171564964,total relative dielectric
HfO2,406.144,25.98389691,-14.659687467,1.9198086664,0.94541688626,total relative dielectric
HfO2,406.448,26.1288699885,-14.588341838,1.941864719,0.93917962501,total relative dielectric
HfO2,406.752,26.275491699,-14.517464452,1.9643253229,0.93300306956,total relative dielectric
HfO2,407.056,26.423791846,-14.447050781,1.9872002911,0.92688643644,total relative dielectric
HfO2,407.36,26.573800943,-14.377096355,2.0104997361,0.92082895477,total relative dielectric
HfO2,407.664,26.725550231,-14.307596763,2.0342340806,0.91482986601,total relative dielectric
HfO2,407.968,26.879071707,-14.238547646,2.0584140689,0.90888842374,total relative dielectric
HfO2,408.272,27.034398137,-14.169944705,2.0830507794,0.90300389339,total relative dielectric
HfO2,408.576,27.191563089,-14.101783692,2.1081556366,0.89717555209,total relative dielectric
HfO2,408.88,27.350600951,-14.034060413,2.1337404243,0.89140268836,total relative dielectric
HfO2,409.184,27.511546958,-13.966770728,2.1598172991,0.88568460197,total relative dielectric
HfO2,409.488,27.674437218,-13.899910549,2.1863988047,0.88002060366,total relative dielectric
HfO2,409.792,27.83930874,-13.833475837,2.2134978869,0.87441001499,total relative dielectric
HfO2,410.096,28.00619946,-13.767462605,2.2411279089,0.86885216811,total relative dielectric
HfO2,410.4,28.175148273,-13.701866916,2.2693026673,0.86334640558,total relative dielectric
HfO2,410.704,28.34619506,-13.636684879,2.2980364097,0.85789208014,total relative dielectric
HfO2,411.008,28.519380721,-13.571912655,2.3273438518,0.85248855457,total relative dielectric
HfO2,411.312,28.694747208,-13.507546448,2.3572401962,0.84713520146,total relative dielectric
HfO2,411.616,28.872337556,-13.443582511,2.3877411518,0.84183140305,total relative dielectric
HfO2,411.92,29.052195922,-13.380017144,2.4188629542,0.83657655108,total relative dielectric
HfO2,412.224,29.234367619,-13.316846688,2.4506223866,0.83137004654,total relative dielectric
HfO2,412.528,29.418899152,-13.254067533,2.4830368026,0.82621129958,total relative dielectric
HfO2,412.832,29.605838263,-13.191676109,2.5161241489,0.82109972931,total relative dielectric
HfO2,413.136,29.795233964,-13.129668892,2.5499029905,0.81603476363,total relative dielectric
HfO2,413.44,29.987136586,-13.068042399,2.5843925356,0.81101583907,total relative dielectric
HfO2,413.744,30.18159782,-13.006793188,2.6196126628,0.80604240066,total relative dielectric
HfO2,414.048,30.378670764,-12.945917861,2.6555839494,0.80111390176,total relative dielectric
HfO2,414.352,30.578409969,-12.885413058,2.6923277008,0.7962298039,total relative dielectric
HfO2,414.656,30.780871491,-12.825275459,2.7298659814,0.79138957665,total relative dielectric
HfO2,414.96,30.986112939,-12.765501785,2.7682216475,0.78659269746,total relative dielectric
HfO2,415.264,31.194193533,-12.706088796,2.8074183814,0.78183865156,total relative dielectric
HfO2,415.568,31.405174159,-12.647033287,2.8474807271,0.77712693176,total relative dielectric
HfO2,415.872,31.619117423,-12.588332094,2.8884341287,0.77245703837,total relative dielectric
HfO2,416.176,31.836087719,-12.52998209,2.9303049693,0.76782847903,total relative dielectric
HfO2,416.48,32.056151285,-12.471980182,2.9731206135,0.76324076862,total relative dielectric
HfO2,416.784,32.279376273,-12.414323316,3.016909451,0.75869342908,total relative dielectric
HfO2,417.088,32.505832819,-12.357008471,3.061700943,0.75418598936,total relative dielectric
HfO2,417.392,32.735593109,-12.300032662,3.1075256709,0.74971798521,total relative dielectric
HfO2,417.696,32.968731461,-12.243392941,3.1544153874,0.74528895914,total relative dielectric
HfO2,418.0,33.205324398,-12.187086389,3.2024030709,0.74089846025,total relative dielectric
HfO2,418.304,33.445450729,-12.131110124,3.2515229821,0.73654604414,total relative dielectric
HfO2,418.608,33.689191638,-12.075461297,3.3018107245,0.73223127281,total relative dielectric
HfO2,418.912,33.936630769,-12.020137091,3.3533033075,0.72795371451,total relative dielectric
HfO2,419.216,34.187854322,-11.965134719,3.4060392134,0.72371294368,total relative dielectric
HfO2,419.52,34.442951146,-11.91045143,3.4600584676,0.7195085408,total relative dielectric
HfO2,419.824,34.702012842,-11.8560845,3.5154027141,0.71534009232,total relative dielectric
HfO2,420.128,34.965133871,-11.802031239,3.5721152931,0.71120719055,total relative dielectric
HfO2,420.432,35.232411659,-11.748288985,3.6302413255,0.70710943355,total relative dielectric
HfO2,420.736,35.50394672,-11.694855107,3.6898277998,0.70304642505,total relative dielectric
HfO2,421.04,35.779842768,-11.641727003,3.7509236662,0.69901777432,total relative dielectric
HfO2,421.344,36.060206854,-11.588902101,3.8135799348,0.69502309614,total relative dielectric
HfO2,421.648,36.345149489,-11.536377857,3.8778497798,0.69106201064,total relative dielectric
HfO2,421.952,36.634784788,-11.484151754,3.9437886509,0.68713414326,total relative dielectric
HfO2,422.256,36.929230615,-11.432221306,4.0114543894,0.68323912463,total relative dielectric
HfO2,422.56,37.228608734,-11.380584052,4.0809073536,0.67937659049,total relative dielectric
HfO2,422.864,37.533044969,-11.329237558,4.1522105501,0.67554618162,total relative dielectric
HfO2,423.168,37.842669371,-11.278179419,4.2254297737,0.67174754376,total relative dielectric
HfO2,423.472,38.157616395,-11.227407254,4.3006337563,0.66798032749,total relative dielectric
HfO2,423.776,38.47802508,-11.17691871,4.3778943248,0.6642441882,total relative dielectric
HfO2,424.08,38.804039248,-11.126711457,4.4572865686,0.66053878598,total relative dielectric
HfO2,424.384,39.135807703,-11.076783194,4.5388890185,0.65686378553,total relative dielectric
HfO2,424.688,39.473484443,-11.027131641,4.6227838365,0.65321885615,total relative dielectric
HfO2,424.992,39.817228885,-10.977754545,4.7090570176,0.64960367157,total relative dielectric
HfO2,425.296,40.167206102,-10.928649678,4.797798606,0.64601790998,total relative dielectric
HfO2,425.6,40.523587065,-10.879814834,4.8891029237,0.64246125386,total relative dielectric
HfO2,425.904,40.886548904,-10.831247832,4.9830688159,0.63893339,total relative dielectric
HfO2,426.208,41.256275185,-10.782946514,5.079799912,0.63543400935,total relative dielectric
HfO2,426.512,41.63295619,-10.734908744,5.1794049043,0.63196280702,total relative dielectric
HfO2,426.816,42.016789223,-10.68713241,5.2819978458,0.62851948218,total relative dielectric
HfO2,427.12,42.407978927,-10.639615423,5.3876984686,0.62510373799,total relative dielectric
HfO2,427.424,42.806737618,-10.592355714,5.4966325245,0.62171528155,total relative dielectric
HfO2,427.728,43.213285638,-10.545351238,5.6089321487,0.61835382385,total relative dielectric
HfO2,428.032,43.627851723,-10.49859997,5.7247362508,0.61501907968,total relative dielectric
HfO2,428.336,44.050673399,-10.452099907,5.8441909317,0.61171076758,total relative dielectric
HfO2,428.64,44.481997389,-10.405849067,5.9674499326,0.60842860979,total relative dielectric
HfO2,428.944,44.922080049,-10.359845488,6.0946751156,0.60517233219,total relative dielectric
HfO2,429.248,45.371187829,-10.314087231,6.2260369795,0.60194166423,total relative dielectric
HfO2,429.552,45.829597751,-10.268572372,6.3617152148,0.59873633889,total relative dielectric
HfO2,429.856,46.297597923,-10.223299013,6.5018992995,0.59555609261,total relative dielectric
HfO2,430.16,46.775488073,-10.178265272,6.6467891409,0.59240066526,total relative dielectric
HfO2,430.464,47.263580121,-10.133469286,6.7965957659,0.58926980005,total relative dielectric
HfO2,430.768,47.762198776,-10.088909214,6.9515420647,0.58616324352,total relative dielectric
HfO2,431.072,48.27168217,-10.044583232,7.1118635934,0.58308074546,total relative dielectric
HfO2,431.376,48.792382525,-10.000489534,7.2778094391,0.58002205887,total relative dielectric
HfO2,431.68,49.324666862,-9.956626334,7.4496431547,0.5769869399,total relative dielectric
HfO2,431.984,49.868917746,-9.9129918638,7.6276437687,0.57397514782,total relative dielectric
HfO2,432.288,50.425534074,-9.8695843727,7.8121068778,0.57098644496,total relative dielectric
HfO2,432.592,50.994931909,-9.8264021282,8.0033458286,0.56802059668,total relative dielectric
HfO2,432.896,51.577545361,-9.783443415,8.2016929994,0.56507737128,total relative dielectric
HfO2,433.2,52.173827515,-9.7407065354,8.4075011881,0.56215654002,total relative dielectric
HfO2,433.504,52.784251417,-9.6981898085,8.6211451194,0.55925787703,total relative dielectric
HfO2,433.808,53.409311113,-9.6558915705,8.8430230817,0.55638115926,total relative dielectric
HfO2,434.112,54.049522743,-9.613810174,9.073558706,0.55352616648,total relative dielectric
HfO2,434.416,54.705425704,-9.5719439884,9.3132029018,0.5506926812,total relative dielectric
HfO2,434.72,55.377583872,-9.5302913991,9.5624359652,0.54788048864,total relative dielectric
HfO2,435.024,56.066586895,-9.4888508075,9.8217698771,0.54508937672,total relative dielectric
HfO2,435.328,56.773051554,-9.447620631,10.09175081,0.54231913595,total relative dielectric
HfO2,435.632,57.497623204,-9.4065993026,10.372961868,0.53956955947,total relative dielectric
HfO2,435.936,58.240977283,-9.3657852707,10.666026076,0.53684044295,total relative dielectric
HfO2,436.24,59.003820909,-9.3251769991,10.971609662,0.53413158458,total relative dielectric
HfO2,436.544,59.786894556,-9.2847729666,11.290425641,0.53144278504,total relative dielectric
HfO2,436.848,60.590973812,-9.2445716668,11.623237751,0.52877384746,total relative dielectric
HfO2,437.152,61.416871229,-9.2045716082,11.970864774,0.52612457735,total relative dielectric
HfO2,437.456,62.265438249,-9.1647713137,12.334185278,0.52349478262,total relative dielectric
HfO2,437.76,63.137567226,-9.1251693206,12.714142846,0.52088427349,total relative dielectric
HfO2,438.064,64.034193524,-9.0857641804,13.111751819,0.51829286253,total relative dielectric
HfO2,438.368,64.956297702,-9.0465544586,13.528103639,0.51572036452,total relative dielectric
HfO2,438.672,65.904907768,-9.0075387346,13.964373848,0.51316659652,total relative dielectric
HfO2,438.976,66.881101504,-8.9687156014,14.421829815,0.51063137779,total relative dielectric
HfO2,439.28,67.886008841,-8.9300836655,14.901839293,0.50811452975,total relative dielectric
HfO2,439.584,68.920814279,-8.8916415469,15.405879892,0.50561587596,total relative dielectric
HfO2,439.888,69.986759315,-8.8533878785,15.935549582,0.50313524211,total relative dielectric
HfO2,440.192,71.085144865,-8.8153213066,16.492578356,0.50067245595,total relative dielectric
HfO2,440.496,72.217333641,-8.7774404902,17.078841191,0.4982273473,total relative dielectric
HfO2,440.8,73.384752423,-8.739744101,17.696372474,0.49579974799,total relative dielectric
HfO2,441.104,74.588894183,-8.7022308234,18.347382065,0.49338949184,total relative dielectric
HfO2,441.408,75.831319973,-8.664899354,19.03427323,0.49099641465,total relative dielectric
HfO2,441.712,77.113660489,-8.6277484019,19.759662647,0.48862035414,total relative dielectric
HfO2,442.016,78.437617181,-8.5907766884,20.526402795,0.48626114995,total relative dielectric
HfO2,442.32,79.804962765,-8.5539829465,21.337606994,0.48391864361,total relative dielectric
HfO2,442.624,81.217540941,-8.5173659213,22.196677477,0.48159267849,total relative dielectric
HfO2,442.928,82.677265088,-8.4809243696,23.107336872,0.4792830998,total relative dielectric
HfO2,443.232,84.186115629,-8.4446570597,24.073663547,0.47698975455,total relative dielectric
HfO2,443.536,85.746135703,-8.4085627713,25.100131348,0.47471249153,total relative dielectric
HfO2,443.84,87.359424683,-8.3726402957,26.191654283,0.47245116129,total relative dielectric
HfO2,444.144,89.028128966,-8.336888435,27.353636835,0.47020561611,total relative dielectric
HfO2,444.448,90.754429313,-8.3013060027,28.592030628,0.46797570997,total relative dielectric
HfO2,444.752,92.54052386,-8.265891823,29.913398288,0.46576129855,total relative dielectric
HfO2,445.056,94.388605675,-8.2306447309,31.32498543,0.46356223915,total relative dielectric
HfO2,445.36,96.300833482,-8.1955635723,32.834801805,0.46137839076,total relative dielectric
HfO2,445.664,98.279293826,-8.1606472035,34.451712741,0.45920961395,total relative dielectric
HfO2,445.968,100.32595252,-8.1258944912,36.185542122,0.45705577088,total relative dielectric
HfO2,446.272,102.44259265,-8.0913043125,38.047188224,0.45491672531,total relative dielectric
HfO2,446.576,104.63073588,-8.0568755548,40.048753779,0.45279234251,total relative dielectric
HfO2,446.88,106.89154274,-8.0226071152,42.203691639,0.45068248931,total relative dielectric
HfO2,447.184,109.2256867,-7.9884979014,44.526967342,0.44858703403,total relative dielectric
HfO2,447.488,111.63319568,-7.9545468303,47.035239651,0.44650584648,total relative dielectric
HfO2,447.792,114.11325263,-7.920752829,49.747059716,0.44443879795,total relative dielectric
HfO2,448.096,116.66394537,-7.8871148341,52.683088815,0.44238576116,total relative dielectric
HfO2,448.4,119.28195313,-7.8536317917,55.866333425,0.44034661026,total relative dielectric
HfO2,448.704,121.96215454,-7.8203026574,59.322394607,0.43832122081,total relative dielectric
HfO2,449.008,124.69713838,-7.7871263961,63.079725932,0.43630946977,total relative dielectric
HfO2,449.312,127.47659434,-7.7541019818,67.169890152,0.43431123546,total relative dielectric
HfO2,449.616,130.28655674,-7.7212283978,71.627798928,0.43232639755,total relative dielectric
HfO2,449.92,133.10846926,-7.6885046363,76.491911529,0.43035483705,total relative dielectric
HfO2,450.224,135.91803415,-7.6559296985,81.804356513,0.42839643629,total relative dielectric
HfO2,450.528,138.68380576,-7.6235025942,87.610923863,0.42645107889,total relative dielectric
HfO2,450.832,141.36548691,-7.5912223423,93.96085249,0.42451864976,total relative dielectric
HfO2,451.136,143.91189023,-7.55908797,100.9063078,0.42259903508,total relative dielectric
HfO2,451.44,146.25853882,-7.5270985132,108.50140474,0.42069212227,total relative dielectric
HfO2,451.744,148.32490782,-7.4952530161,116.80058284,0.41879779998,total relative dielectric
HfO2,452.048,150.01135845,-7.4635505314,125.85608167,0.41691595808,total relative dielectric
HfO2,452.352,151.19590189,-7.4319901199,135.71420367,0.41504648765,total relative dielectric
HfO2,452.656,151.73106598,-7.4005708507,146.40999721,0.41318928094,total relative dielectric
HfO2,452.96,151.44133916,-7.3692918009,157.95996943,0.41134423138,total relative dielectric
HfO2,453.264,150.1219453,-7.3381520556,170.35248701,0.40951123354,total relative dielectric
HfO2,453.568,147.54005359,-7.3071507079,183.53570503,0.40769018314,total relative dielectric
HfO2,453.872,143.43990999,-7.2762868585,197.40326484,0.40588097703,total relative dielectric
HfO2,454.176,137.55367987,-7.2455596161,211.7787131,0.40408351315,total relative dielectric
HfO2,454.48,129.61981356,-7.2149680968,226.40067008,0.40229769056,total relative dielectric
HfO2,454.784,119.41017572,-7.1845114245,240.91215187,0.40052340939,total relative dielectric
HfO2,455.088,106.76566482,-7.1541887303,254.85881973,0.39876057083,total relative dielectric
HfO2,455.392,91.637381866,-7.1239991531,267.70164284,0.39700907713,total relative dielectric
HfO2,455.696,74.126847445,-7.0939418387,278.84857527,0.39526883159,total relative dielectric
HfO2,456.0,54.51537355,-7.0640159406,287.70649836,0.39353973852,total relative dielectric
HfO2,456.304,33.271339019,-7.0342206191,293.74880213,0.39182170326,total relative dielectric
HfO2,456.608,11.02675301,-7.0045550417,296.5870711,0.39011463213,total relative dielectric
HfO2,456.912,-11.478250507,-6.9750183832,296.03046766,0.38841843247,total relative dielectric
HfO2,457.216,-33.474422972,-6.9456098248,292.11683436,0.38673301257,total relative dielectric
HfO2,457.52,-54.249031562,-6.9163285552,285.10642776,0.3850582817,total relative dielectric
HfO2,457.824,-73.218749535,-6.8871737694,275.44015146,0.38339415006,total relative dielectric
HfO2,458.128,-89.975161151,-6.8581446695,263.67425584,0.38174052882,total relative dielectric
HfO2,458.432,-104.29760838,-6.8292404639,250.40834296,0.38009733005,total relative dielectric
HfO2,458.736,-116.13754692,-6.8004603681,236.22194037,0.37846446676,total relative dielectric
HfO2,459.04,-125.58440727,-6.7718036036,221.62897967,0.37684185285,total relative dielectric
HfO2,459.344,-132.82412478,-6.7432693986,207.05266894,0.3752294031,total relative dielectric
HfO2,459.648,-138.09924784,-6.7148569879,192.81811656,0.37362703322,total relative dielectric
HfO2,459.952,-141.67591374,-6.6865656122,179.15758029,0.37203465974,total relative dielectric
HfO2,460.256,-143.81964,-6.6583945187,166.22296148,0.37045220007,total relative dielectric
HfO2,460.56,-144.77958913,-6.6303429609,154.10118385,0.36887957249,total relative dielectric
HfO2,460.864,-144.77979286,-6.6024101982,142.82952094,0.36731669609,total relative dielectric
HfO2,461.168,-144.01548319,-6.5745954962,132.40923442,0.3657634908,total relative dielectric
HfO2,461.472,-142.65282056,-6.5468981265,122.81684156,0.36421987738,total relative dielectric
HfO2,461.776,-140.83065552,-6.5193173667,114.01293145,0.36268577738,total relative dielectric
HfO2,462.08,-138.66334044,-6.4918525001,105.94876846,0.36116111317,total relative dielectric
HfO2,462.384,-136.24393709,-6.464502816,98.571051926,0.35964580789,total relative dielectric
HfO2,462.688,-133.64741953,-6.4372676095,91.825220239,0.35813978547,total relative dielectric
HfO2,462.992,-130.93364997,-6.4101461813,85.657650987,0.35664297061,total relative dielectric
HfO2,463.296,-128.15002294,-6.3831378377,80.017050203,0.35515528877,total relative dielectric
HfO2,463.6,-125.33374549,-6.3562418908,74.855262569,0.35367666617,total relative dielectric
HfO2,463.904,-122.51376321,-6.3294576581,70.127679131,0.35220702976,total relative dielectric
HfO2,464.208,-119.71236252,-6.3027844626,65.793373217,0.35074630722,total relative dielectric
HfO2,464.512,-116.94648933,-6.2762216326,61.815059088,0.34929442697,total relative dielectric
HfO2,464.816,-114.22882536,-6.2497685021,58.158940316,0.34785131815,total relative dielectric
HfO2,465.12,-111.56866131,-6.2234244102,54.794494433,0.34641691059,total relative dielectric
HfO2,465.424,-108.97260196,-6.1971887012,51.694225499,0.34499113483,total relative dielectric
HfO2,465.728,-106.44513361,-6.1710607249,48.833405636,0.34357392209,total relative dielectric
HfO2,466.032,-103.98907932,-6.1450398358,46.189819035,0.34216520429,total relative dielectric
HfO2,466.336,-101.6059635,-6.1191253941,43.743516751,0.34076491402,total relative dielectric
HfO2,466.64,-99.296303194,-6.0933167646,41.476587051,0.33937298452,total relative dielectric
HfO2,466.944,-97.059840497,-6.0676133173,39.372943655,0.3379893497,total relative dielectric
HfO2,467.248,-94.895727603,-6.0420144272,37.418132678,0.33661394414,total relative dielectric
HfO2,467.552,-92.802673937,-6.016519474,35.599158041,0.33524670303,total relative dielectric
HfO2,467.856,-90.779062853,-5.9911278426,33.904324545,0.33388756222,total relative dielectric
HfO2,468.16,-88.823043991,-5.9658389224,32.32309743,0.33253645818,total relative dielectric
HfO2,468.464,-86.932606129,-5.9406521078,30.845977104,0.33119332799,total relative dielectric
HfO2,468.768,-85.105634456,-5.9155667977,29.464387642,0.32985810936,total relative dielectric
HfO2,469.072,-83.339955368,-5.8905823961,28.170577709,0.3285307406,total relative dielectric
HfO2,469.376,-81.633371302,-5.8656983111,26.957532597,0.32721116062,total relative dielectric
HfO2,469.68,-79.983687614,-5.8409139557,25.818896188,0.32589930892,total relative dielectric
HfO2,469.984,-78.388733109,-5.8162287474,24.748901717,0.32459512559,total relative dielectric
HfO2,470.288,-76.84637551,-5.7916421082,23.742310359,0.32329855129,total relative dielectric
HfO2,470.592,-75.354532902,-5.7671534646,22.794356713,0.32200952727,total relative dielectric
HfO2,470.896,-73.911181985,-5.7427622474,21.900700402,0.32072799533,total relative dielectric
HfO2,471.2,-72.514363799,-5.7184678919,21.057383066,0.31945389783,total relative dielectric
HfO2,471.504,-71.162187452,-5.6942698375,20.260790122,0.31818717769,total relative dielectric
HfO2,471.808,-69.852832284,-5.6701675283,19.507616723,0.31692777836,total relative dielectric
HfO2,472.112,-68.584548816,-5.6461604122,18.794837437,0.31567564385,total relative dielectric
HfO2,472.416,-67.355658741,-5.6222479417,18.119679204,0.3144307187,total relative dielectric
HfO2,472.72,-66.164554205,-5.5984295731,17.479597193,0.31319294796,total relative dielectric
HfO2,473.024,-65.00969653,-5.5747047672,16.872253225,0.31196227722,total relative dielectric
HfO2,473.328,-63.889614535,-5.5510729885,16.295496466,0.31073865259,total relative dielectric
HfO2,473.632,-62.80290256,-5.5275337059,15.747346132,0.30952202066,total relative dielectric
HfO2,473.936,-61.748218289,-5.5040863922,15.225975979,0.30831232857,total relative dielectric
HfO2,474.24,-60.724280433,-5.480730524,14.72970037,0.3071095239,total relative dielectric
HfO2,474.544,-59.72986634,-5.4574655821,14.256961759,0.30591355479,total relative dielectric
HfO2,474.848,-58.76380956,-5.434291051,13.806319419,0.3047243698,total relative dielectric
HfO2,475.152,-57.824997425,-5.4112064192,13.376439283,0.30354191803,total relative dielectric
HfO2,475.456,-56.912368636,-5.388211179,12.966084789,0.30236614901,total relative dielectric
HfO2,475.76,-56.024910902,-5.3653048265,12.574108599,0.30119701278,total relative dielectric
HfO2,476.064,-55.161658643,-5.3424868613,12.199445115,0.30003445982,total relative dielectric
HfO2,476.368,-54.321690751,-5.3197567873,11.841103708,0.29887844107,total relative dielectric
HfO2,476.672,-53.504128436,-5.2971141114,11.498162575,0.29772890794,total relative dielectric
HfO2,476.976,-52.708133155,-5.2745583448,11.169763168,0.29658581228,total relative dielectric
HfO2,477.28,-51.932904616,-5.2520890017,10.855105131,0.2954491064,total relative dielectric
HfO2,477.584,-51.17767888,-5.2297056005,10.553441699,0.29431874302,total relative dielectric
HfO2,477.888,-50.441726539,-5.2074076627,10.264075511,0.29319467534,total relative dielectric
HfO2,478.192,-49.724350987,-5.1851947134,9.9863547856,0.29207685694,total relative dielectric
HfO2,478.496,-49.024886769,-5.1630662814,9.7196698442,0.29096524186,total relative dielectric
HfO2,478.8,-48.342698015,-5.1410218988,9.4634499256,0.28985978456,total relative dielectric
HfO2,479.104,-47.677176948,-5.1190611011,9.2171602809,0.28876043991,total relative dielectric
HfO2,479.408,-47.027742476,-5.0971834273,8.9802995118,0.28766716318,total relative dielectric
HfO2,479.712,-46.393838847,-5.0753884197,8.7523971343,0.28657991007,total relative dielectric
HfO2,480.016,-45.774934386,-5.0536756238,8.5330113445,0.28549863666,total relative dielectric
HfO2,480.32,-45.170520288,-5.0320445888,8.321726968,0.28442329946,total relative dielectric
HfO2,480.624,-44.58010948,-5.0104948666,8.1181535775,0.28335385534,total relative dielectric
HfO2,480.928,-44.003235544,-4.9890260129,7.9219237608,0.28229026158,total relative dielectric
HfO2,481.232,-43.439451695,-4.9676375863,7.7326915282,0.28123247585,total relative dielectric
HfO2,481.536,-42.888329816,-4.9463291487,7.5501308449,0.28018045618,total relative dielectric
HfO2,481.84,-42.349459547,-4.925100265,7.3739342789,0.27913416099,total relative dielectric
HfO2,482.144,-41.822447414,-4.9039505033,7.203811753,0.27809354909,total relative dielectric
HfO2,482.448,-41.306916016,-4.8828794351,7.0394893925,0.27705857964,total relative dielectric
HfO2,482.752,-40.802503249,-4.8618866344,6.880708461,0.27602921217,total relative dielectric
HfO2,483.056,-40.308861571,-4.8409716788,6.7272243752,0.27500540656,total relative dielectric
HfO2,483.36,-39.825657311,-4.8201341485,6.5788057938,0.27398712307,total relative dielectric
HfO2,483.664,-39.352570011,-4.799373627,6.4352337732,0.2729743223,total relative dielectric
HfO2,483.968,-38.889291803,-4.7786897006,6.296300985,0.2719669652,total relative dielectric
HfO2,484.272,-38.43552682,-4.7580819585,6.1618109896,0.27096501308,total relative dielectric
HfO2,484.576,-37.990990642,-4.7375499929,6.0315775624,0.26996842757,total relative dielectric
HfO2,484.88,-37.555409762,-4.7170933989,5.9054240676,0.26897717067,total relative dielectric
HfO2,485.184,-37.128521087,-4.6967117744,5.7831828759,0.26799120468,total relative dielectric
HfO2,485.488,-36.710071466,-4.6764047202,5.6646948227,0.26701049225,total relative dielectric
HfO2,485.792,-36.299817237,-4.6561718398,5.5498087038,0.26603499637,total relative dielectric
HfO2,486.096,-35.897523798,-4.6360127396,5.4383808057,0.26506468034,total relative dielectric
HfO2,486.4,-35.502965209,-4.6159270288,5.3302744672,0.26409950778,total relative dielectric
HfO2,486.704,-35.1159238,-4.5959143191,5.2253596711,0.26313944263,total relative dielectric
HfO2,487.008,-34.73618981,-4.5759742252,5.1235126626,0.26218444916,total relative dielectric
HfO2,487.312,-34.363561044,-4.5561063643,5.0246155929,0.26123449193,total relative dielectric
HfO2,487.616,-33.997842537,-4.5363103564,4.9285561863,0.26028953581,total relative dielectric
HfO2,487.92,-33.638846245,-4.516585824,4.8352274286,0.259349546,total relative dielectric
HfO2,488.224,-33.286390752,-4.4969323923,4.7445272757,0.25841448798,total relative dielectric
HfO2,488.528,-32.940300981,-4.4773496891,4.656358381,0.25748432754,total relative dielectric
HfO2,488.832,-32.600407931,-4.4578373448,4.570627839,0.25655903074,total relative dielectric
HfO2,489.136,-32.266548419,-4.4383949923,4.4872469464,0.25563856397,total relative dielectric
HfO2,489.44,-31.938564837,-4.4190222671,4.4061309767,0.25472289388,total relative dielectric
HfO2,489.744,-31.616304924,-4.3997188071,4.3271989697,0.25381198743,total relative dielectric
HfO2,490.048,-31.299621544,-4.3804842527,4.2503735329,0.25290581185,total relative dielectric
HfO2,490.352,-30.988372475,-4.3613182469,4.175580656,0.25200433465,total relative dielectric
HfO2,490.656,-30.682420213,-4.3422204351,4.1027495352,0.25110752362,total relative dielectric
HfO2,490.96,-30.381631778,-4.323190465,4.0318124095,0.25021534683,total relative dielectric
HfO2,491.264,-30.085878539,-4.3042279868,3.9627044052,0.24932777262,total relative dielectric
HfO2,491.568,-29.795036032,-4.2853326531,3.8953633906,0.24844476959,total relative dielectric
HfO2,491.872,-29.508983804,-4.2665041189,3.8297298386,0.24756630662,total relative dielectric
HfO2,492.176,-29.227605251,-4.2477420413,3.7657466972,0.24669235286,total relative dielectric
HfO2,492.48,-28.95078747,-4.2290460802,3.7033592677,0.24582287769,total relative dielectric
HfO2,492.784,-28.678421114,-4.2104158972,3.6425150897,0.24495785078,total relative dielectric
HfO2,493.088,-28.410400258,-4.1918511567,3.5831638325,0.24409724204,total relative dielectric
HfO2,493.392,-28.146622266,-4.1733515251,3.5252571925,0.24324102165,total relative dielectric
HfO2,493.696,-27.886987666,-4.1549166711,3.4687487967,0.24238916002,total relative dielectric
HfO2,494.0,-27.631400035,-4.1365462657,3.4135941107,0.24154162781,total relative dielectric
HfO2,494.304,-27.37976588,-4.118239982,3.3597503529,0.24069839595,total relative dielectric
HfO2,494.608,-27.13199453,-4.0999974952,3.307176412,0.23985943559,total relative dielectric
HfO2,494.912,-26.887998035,-4.081818483,3.2558327704,0.23902471813,total relative dielectric
HfO2,495.216,-26.647691063,-4.0637026251,3.2056814301,0.23819421521,total relative dielectric
HfO2,495.52,-26.410990807,-4.0456496031,3.156685844,0.23736789869,total relative dielectric
HfO2,495.824,-26.177816889,-4.027659101,3.10881085,0.23654574069,total relative dielectric
HfO2,496.128,-25.948091281,-4.0097308048,3.0620226083,0.23572771354,total relative dielectric
HfO2,496.432,-25.721738211,-3.9918644027,3.0162885431,0.23491378982,total relative dielectric
HfO2,496.736,-25.49868409,-3.9740595847,2.9715772859,0.23410394231,total relative dielectric
HfO2,497.04,-25.278857435,-3.9563160432,2.9278586229,0.23329814403,total relative dielectric
HfO2,497.344,-25.062188788,-3.9386334723,2.8851034442,0.23249636824,total relative dielectric
HfO2,497.648,-24.848610657,-3.9210115684,2.8432836959,0.23169858838,total relative dielectric
HfO2,497.952,-24.638057435,-3.9034500296,2.802372335,0.23090477814,total relative dielectric
HfO2,498.256,-24.430465347,-3.8859485563,2.7623432854,0.23011491142,total relative dielectric
HfO2,498.56,-24.225772379,-3.8685068506,2.7231713978,0.22932896233,total relative dielectric
HfO2,498.864,-24.023918223,-3.8511246167,2.6848324098,0.22854690518,total relative dielectric
HfO2,499.168,-23.824844216,-3.8338015608,2.647302909,0.22776871451,total relative dielectric
HfO2,499.472,-23.628493289,-3.8165373907,2.6105602977,0.22699436506,total relative dielectric
HfO2,499.776,-23.434809909,-3.7993318165,2.5745827592,0.22622383177,total relative dielectric
HfO2,500.08,-23.243740032,-3.7821845499,2.5393492256,0.2254570898,total relative dielectric
HfO2,500.384,-23.055231052,-3.7650953047,2.5048393472,0.22469411448,total relative dielectric
HfO2,500.688,-22.869231756,-3.7480637964,2.4710334639,0.22393488137,total relative dielectric
HfO2,500.992,-22.685692275,-3.7310897422,2.4379125766,0.22317936622,total relative dielectric
HfO2,501.296,-22.504564045,-3.7141728616,2.4054583216,0.22242754498,total relative dielectric
HfO2,501.6,-22.32579976,-3.6973128753,2.3736529449,0.22167939377,total relative dielectric
HfO2,501.904,-22.149353337,-3.6805095064,2.3424792779,0.22093488892,total relative dielectric
HfO2,502.208,-21.975179874,-3.6637624794,2.3119207153,0.22019400696,total relative dielectric
HfO2,502.512,-21.803235614,-3.6470715206,2.2819611921,0.2194567246,total relative dielectric
HfO2,502.816,-21.633477909,-3.6304363582,2.2525851634,0.21872301872,total relative dielectric
HfO2,503.12,-21.465865182,-3.6138567221,2.2237775842,0.21799286641,total relative dielectric
HfO2,503.424,-21.300356901,-3.5973323438,2.19552389,0.21726624492,total relative dielectric
HfO2,503.728,-21.136913539,-3.5808629566,2.167809979,0.21654313171,total relative dielectric
HfO2,504.032,-20.97549655,-3.5644482956,2.1406221943,0.21582350438,total relative dielectric
HfO2,504.336,-20.816068334,-3.5480880975,2.1139473073,0.21510734076,total relative dielectric
HfO2,504.64,-20.658592209,-3.5317821005,2.0877725017,0.2143946188,total relative dielectric
HfO2,504.944,-20.503032388,-3.5155300448,2.0620853583,0.21368531666,total relative dielectric
HfO2,505.248,-20.349353945,-3.4993316721,2.0368738401,0.21297941267,total relative dielectric
HfO2,505.552,-20.197522796,-3.4831867255,2.0121262786,0.21227688532,total relative dielectric
HfO2,505.856,-20.047505669,-3.4670949502,1.9878313603,0.21157771327,total relative dielectric
HfO2,506.16,-19.899270084,-3.4510560925,1.9639781139,0.21088187536,total relative dielectric
HfO2,506.464,-19.752784326,-3.4350699006,1.9405558975,0.21018935058,total relative dielectric
HfO2,506.768,-19.608017427,-3.4191361242,1.9175543877,0.2095001181,total relative dielectric
HfO2,507.072,-19.46493914,-3.4032545147,1.8949635674,0.20881415724,total relative dielectric
HfO2,507.376,-19.323519921,-3.3874248249,1.8727737155,0.2081314475,total relative dielectric
HfO2,507.68,-19.18373091,-3.3716468091,1.8509753963,0.20745196852,total relative dielectric
HfO2,507.984,-19.045543906,-3.3559202233,1.8295594497,0.20677570011,total relative dielectric
HfO2,508.288,-18.908931355,-3.3402448249,1.8085169813,0.20610262223,total relative dielectric
HfO2,508.592,-18.773866327,-3.3246203729,1.7878393535,0.20543271501,total relative dielectric
HfO2,508.896,-18.640322502,-3.3090466277,1.7675181764,0.20476595871,total relative dielectric
HfO2,509.2,-18.508274149,-3.2935233513,1.7475452998,0.20410233377,total relative dielectric
HfO2,509.504,-18.377696114,-3.2780503071,1.7279128045,0.20344182076,total relative dielectric
HfO2,509.808,-18.2485638,-3.26262726,1.7086129949,0.20278440041,total relative dielectric
HfO2,510.112,-18.120853156,-3.2472539763,1.6896383913,0.20213005361,total relative dielectric
HfO2,510.416,-17.994540656,-3.2319302238,1.6709817228,0.20147876136,total relative dielectric
HfO2,510.72,-17.869603293,-3.2166557717,1.65263592,0.20083050486,total relative dielectric
HfO2,511.024,-17.746018557,-3.2014303906,1.634594109,0.2001852654,total relative dielectric
HfO2,511.328,-17.623764427,-3.1862538526,1.6168496044,0.19954302445,total relative dielectric
HfO2,511.632,-17.502819355,-3.1711259311,1.5993959034,0.19890376362,total relative dielectric
HfO2,511.936,-17.383162255,-3.1560464009,1.5822266796,0.19826746463,total relative dielectric
HfO2,512.24,-17.264772489,-3.1410150382,1.5653357777,0.19763410937,total relative dielectric
HfO2,512.544,-17.147629859,-3.1260316206,1.5487172077,0.19700367986,total relative dielectric
HfO2,512.848,-17.03171459,-3.111095927,1.5323651397,0.19637615826,total relative dielectric
HfO2,513.152,-16.917007323,-3.0962077376,1.5162738987,0.19575152685,total relative dielectric
HfO2,513.456,-16.803489103,-3.0813668341,1.50043796,0.19512976806,total relative dielectric
HfO2,513.76,-16.69114137,-3.0665729994,1.4848519439,0.19451086444,total relative dielectric
HfO2,514.064,-16.579945944,-3.0518260178,1.4695106118,0.1938947987,total relative dielectric
HfO2,514.368,-16.469885021,-3.0371256747,1.4544088613,0.19328155364,total relative dielectric
HfO2,514.672,-16.360941162,-3.022471757,1.4395417222,0.19267111223,total relative dielectric
HfO2,514.976,-16.253097282,-3.0078640529,1.4249043525,0.19206345753,total relative dielectric
HfO2,515.28,-16.14633664,-2.9933023518,1.4104920343,0.19145857275,total relative dielectric
HfO2,515.584,-16.040642836,-2.9787864442,1.3963001698,0.19085644123,total relative dielectric
HfO2,515.888,-15.935999796,-2.9643161223,1.3823242784,0.19025704642,total relative dielectric
HfO2,516.192,-15.832391769,-2.949891179,1.3685599922,0.18966037191,total relative dielectric
HfO2,516.496,-15.729803314,-2.9355114089,1.3550030532,0.18906640139,total relative dielectric
HfO2,516.8,-15.628219299,-2.9211766076,1.34164931,0.18847511869,total relative dielectric
HfO2,517.104,-15.527624885,-2.9068865719,1.3284947143,0.18788650776,total relative dielectric
HfO2,517.408,-15.428005527,-2.8926411,1.3155353181,0.18730055267,total relative dielectric
HfO2,517.712,-15.329346963,-2.8784399911,1.3027672708,0.18671723758,total relative dielectric
HfO2,518.016,-15.231635206,-2.8642830456,1.2901868159,0.18613654681,total relative dielectric
HfO2,518.32,-15.134856539,-2.8501700652,1.277790289,0.18555846478,total relative dielectric
HfO2,518.624,-15.03899751,-2.8361008528,1.2655741142,0.184982976,total relative dielectric
HfO2,518.928,-14.944044923,-2.8220752124,1.2535348023,0.18441006514,total relative dielectric
HfO2,519.232,-14.849985833,-2.808092949,1.2416689479,0.18383971695,total relative dielectric
HfO2,519.536,-14.756807541,-2.7941538691,1.2299732273,0.1832719163,total relative dielectric
HfO2,519.84,-14.664497586,-2.78025778,1.2184443957,0.18270664817,total relative dielectric
HfO2,520.144,-14.573043743,-2.7664044903,1.2070792855,0.18214389766,total relative dielectric
HfO2,520.448,-14.482434013,-2.7525938098,1.1958748036,0.18158364997,total relative dielectric
HfO2,520.752,-14.392656622,-2.7388255492,1.1848279297,0.18102589041,total relative dielectric
HfO2,521.056,-14.303700011,-2.7250995204,1.1739357141,0.1804706044,total relative dielectric
HfO2,521.36,-14.215552839,-2.7114155366,1.1631952758,0.17991777746,total relative dielectric
HfO2,521.664,-14.128203968,-2.6977734118,1.1526038005,0.17936739523,total relative dielectric
HfO2,521.968,-14.041642465,-2.6841729611,1.1421585386,0.17881944343,total relative dielectric
HfO2,522.272,-13.955857598,-2.670614001,1.1318568039,0.17827390791,total relative dielectric
HfO2,522.576,-13.870838826,-2.6570963488,1.1216959715,0.17773077461,total relative dielectric
HfO2,522.88,-13.786575799,-2.6436198228,1.1116734761,0.17719002956,total relative dielectric
HfO2,523.184,-13.703058355,-2.6301842425,1.1017868107,0.17665165892,total relative dielectric
HfO2,523.488,-13.620276509,-2.6167894284,1.0920335244,0.17611564893,total relative dielectric
HfO2,523.792,-13.538220457,-2.603435202,1.0824112219,0.17558198593,total relative dielectric
HfO2,524.096,-13.456880567,-2.5901213861,1.0729175608,0.17505065636,total relative dielectric
HfO2,524.4,-13.376247378,-2.576847804,1.0635502513,0.17452164676,total relative dielectric
HfO2,524.704,-13.296311594,-2.5636142805,1.0543070541,0.17399494377,total relative dielectric
HfO2,525.008,-13.217064082,-2.5504206412,1.0451857792,0.17347053412,total relative dielectric
HfO2,525.312,-13.138495867,-2.5372667126,1.0361842848,0.17294840463,total relative dielectric
HfO2,525.616,-13.06059813,-2.5241523225,1.0273004759,0.17242854224,total relative dielectric
HfO2,525.92,-12.983362206,-2.5110772994,1.0185323031,0.17191093394,total relative dielectric
HfO2,526.224,-12.906779576,-2.4980414729,1.0098777612,0.17139556685,total relative dielectric
HfO2,526.528,-12.830841867,-2.4850446735,1.0013348886,0.17088242817,total relative dielectric
HfO2,526.832,-12.755540851,-2.4720867328,0.99290176564,0.17037150518,total relative dielectric
HfO2,527.136,-12.680868437,-2.4591674833,0.98457651377,0.16986278527,total relative dielectric
HfO2,527.44,-12.606816673,-2.4462867583,0.97635729444,0.16935625591,total relative dielectric
HfO2,527.744,-12.533377739,-2.4334443924,0.96824230813,0.16885190465,total relative dielectric
HfO2,528.048,-12.460543946,-2.4206402207,0.96022979331,0.16834971915,total relative dielectric
HfO2,528.352,-12.388307734,-2.4078740796,0.9523180255,0.16784968712,total relative dielectric
HfO2,528.656,-12.316661668,-2.3951458061,0.94450531635,0.16735179641,total relative dielectric
HfO2,528.96,-12.245598438,-2.3824552385,0.93679001274,0.1668560349,total relative dielectric
HfO2,529.264,-12.175110851,-2.3698022158,0.92917049588,0.1663623906,total relative dielectric
HfO2,529.568,-12.105191836,-2.3571865777,0.92164518045,0.16587085157,total relative dielectric
HfO2,529.872,-12.035834434,-2.3446081652,0.91421251382,0.16538140598,total relative dielectric
HfO2,530.176,-11.967031801,-2.33206682,0.90687097522,0.16489404207,total relative dielectric
HfO2,530.48,-11.898777204,-2.3195623846,0.89961907494,0.16440874816,total relative dielectric
HfO2,530.784,-11.831064019,-2.3070947026,0.8924553536,0.16392551266,total relative dielectric
HfO2,531.088,-11.763885728,-2.2946636182,0.88537838139,0.16344432405,total relative dielectric
HfO2,531.392,-11.697235917,-2.2822689768,0.8783867574,0.1629651709,total relative dielectric
HfO2,531.696,-11.631108276,-2.2699106244,0.87147910884,0.16248804186,total relative dielectric
HfO2,532.0,-11.565496594,-2.2575884079,0.86465409047,0.16201292565,total relative dielectric
HfO2,532.304,-11.500394757,-2.2453021751,0.85791038383,0.16153981108,total relative dielectric
HfO2,532.608,-11.435796751,-2.2330517747,0.85124669671,0.16106868702,total relative dielectric
HfO2,532.912,-11.371696653,-2.2208370561,0.84466176243,0.16059954244,total relative dielectric
HfO2,533.216,-11.308088636,-2.2086578697,0.83815433932,0.16013236636,total relative dielectric
HfO2,533.52,-11.24496696,-2.1965140666,0.83172321006,0.1596671479,total relative dielectric
HfO2,533.824,-11.182325977,-2.1844054987,0.82536718116,0.15920387624,total relative dielectric
HfO2,534.128,-11.120160126,-2.1723320188,0.81908508238,0.15874254065,total relative dielectric
HfO2,534.432,-11.058463931,-2.1602934806,0.81287576618,0.15828313044,total relative dielectric
HfO2,534.736,-10.997232001,-2.1482897384,0.80673810724,0.15782563504,total relative dielectric
HfO2,535.04,-10.936459025,-2.1363206474,0.80067100187,0.15737004391,total relative dielectric
HfO2,535.344,-10.876139776,-2.1243860636,0.7946733676,0.15691634661,total relative dielectric
HfO2,535.648,-10.816269105,-2.1124858437,0.78874414261,0.15646453276,total relative dielectric
HfO2,535.952,-10.75684194,-2.1006198454,0.78288228532,0.15601459206,total relative dielectric
HfO2,536.256,-10.697853287,-2.0887879269,0.7770867739,0.15556651426,total relative dielectric
HfO2,536.56,-10.639298226,-2.0769899474,0.77135660584,0.1551202892,total relative dielectric
HfO2,536.864,-10.581171912,-2.0652257668,0.7656907975,0.15467590677,total relative dielectric
HfO2,537.168,-10.523469569,-2.0534952456,0.76008838367,0.15423335696,total relative dielectric
HfO2,537.472,-10.466186495,-2.0417982454,0.75454841721,0.1537926298,total relative dielectric
HfO2,537.776,-10.409318057,-2.0301346282,0.74906996858,0.15335371539,total relative dielectric
HfO2,538.08,-10.352859688,-2.0185042569,0.7436521255,0.15291660391,total relative dielectric
HfO2,538.384,-10.296806891,-2.0069069952,0.73829399255,0.15248128559,total relative dielectric
HfO2,538.688,-10.241155234,-1.9953427074,0.73299469079,0.15204775074,total relative dielectric
HfO2,538.992,-10.185900348,-1.9838112587,0.72775335739,0.15161598973,total relative dielectric
HfO2,539.296,-10.131037929,-1.9723125149,0.72256914533,0.151185993,total relative dielectric
HfO2,539.6,-10.076563734,-1.9608463426,0.71744122297,0.15075775103,total relative dielectric
HfO2,539.904,-10.022473584,-1.949412609,0.71236877378,0.15033125441,total relative dielectric
HfO2,540.208,-9.968763356,-1.9380111821,0.70735099601,0.14990649374,total relative dielectric
HfO2,540.512,-9.9154289891,-1.9266419306,0.70238710232,0.14948345972,total relative dielectric
HfO2,540.816,-9.8624664791,-1.9153047239,0.69747631953,0.1490621431,total relative dielectric
HfO2,541.12,-9.8098718789,-1.9039994321,0.69261788828,0.1486425347,total relative dielectric
HfO2,541.424,-9.7576412973,-1.892725926,0.68781106274,0.14822462537,total relative dielectric
HfO2,541.728,-9.705770898,-1.8814840771,0.68305511033,0.14780840607,total relative dielectric
HfO2,542.032,-9.6542568986,-1.8702737575,0.67834931143,0.14739386778,total relative dielectric
HfO2,542.336,-9.6030955699,-1.8590948402,0.67369295912,0.14698100156,total relative dielectric
HfO2,542.64,-9.5522832347,-1.8479471985,0.6690853589,0.14656979852,total relative dielectric
HfO2,542.944,-9.5018162668,-1.8368307067,0.66452582841,0.14616024983,total relative dielectric
HfO2,543.248,-9.4516910905,-1.8257452397,0.66001369724,0.14575234672,total relative dielectric
HfO2,543.552,-9.4019041795,-1.8146906729,0.65554830659,0.14534608048,total relative dielectric
HfO2,543.856,-9.3524520561,-1.8036668826,0.65112900912,0.14494144247,total relative dielectric
HfO2,544.16,-9.3033312901,-1.7926737456,0.64675516864,0.14453842407,total relative dielectric
HfO2,544.464,-9.2545384985,-1.7817111393,0.64242615993,0.14413701675,total relative dielectric
HfO2,544.768,-9.2060703443,-1.770778942,0.63814136847,0.14373721202,total relative dielectric
HfO2,545.072,-9.1579235359,-1.7598770322,0.63390019027,0.14333900146,total relative dielectric
HfO2,545.376,-9.1100948263,-1.7490052896,0.62970203161,0.14294237669,total relative dielectric
HfO2,545.68,-9.0625810121,-1.738163594,0.62554630886,0.14254732939,total relative dielectric
HfO2,545.984,-9.0153789333,-1.7273518262,0.62143244825,0.14215385129,total relative dielectric
HfO2,546.288,-8.968485472,-1.7165698675,0.61735988572,0.14176193419,total relative dielectric
HfO2,546.592,-8.9218975522,-1.7058175997,0.61332806664,0.14137156993,total relative dielectric
HfO2,546.896,-8.8756121386,-1.6950949054,0.60933644572,0.14098275041,total relative dielectric
HfO2,547.2,-8.8296262364,-1.6844016677,0.60538448674,0.14059546756,total relative dielectric
HfO2,547.504,-8.7839368903,-1.6737377704,0.60147166242,0.1402097134,total relative dielectric
HfO2,547.808,-8.7385411841,-1.6631030978,0.5975974542,0.13982547997,total relative dielectric
HfO2,548.112,-8.6934362397,-1.6524975348,0.59376135212,0.13944275938,total relative dielectric
HfO2,548.416,-8.6486192168,-1.6419209671,0.58996285461,0.13906154378,total relative dielectric
HfO2,548.72,-8.6040873124,-1.6313732807,0.58620146834,0.13868182538,total relative dielectric
HfO2,549.024,-8.5598377596,-1.6208543624,0.58247670804,0.13830359643,total relative dielectric
HfO2,549.328,-8.5158678277,-1.6103640994,0.57878809637,0.13792684924,total relative dielectric
HfO2,549.632,-8.4721748212,-1.5999023798,0.57513516375,0.13755157616,total relative dielectric
HfO2,549.936,-8.4287560791,-1.5894690919,0.57151744821,0.1371777696,total relative dielectric
HfO2,550.24,-8.3856089751,-1.5790641247,0.56793449524,0.13680542202,total relative dielectric
HfO2,550.544,-8.342730916,-1.568687368,0.56438585765,0.1364345259,total relative dielectric
HfO2,550.848,-8.3001193421,-1.5583387119,0.56087109543,0.1360650738,total relative dielectric
HfO2,551.152,-8.257771726,-1.5480180472,0.55738977562,0.13569705833,total relative dielectric
HfO2,551.456,-8.2156855725,-1.537725265,0.55394147215,0.13533047211,total relative dielectric
HfO2,551.76,-8.173858418,-1.5274602574,0.55052576573,0.13496530784,total relative dielectric
HfO2,552.064,-8.1322878297,-1.5172229167,0.54714224371,0.13460155826,total relative dielectric
HfO2,552.368,-8.0909714055,-1.5070131358,0.54379049997,0.13423921616,total relative dielectric
HfO2,552.672,-8.0499067736,-1.4968308083,0.54047013478,0.13387827435,total relative dielectric
HfO2,552.976,-8.0090915915,-1.4866758283,0.53718075469,0.13351872573,total relative dielectric
HfO2,553.28,-7.9685235459,-1.4765480902,0.5339219724,0.13316056319,total relative dielectric
HfO2,553.584,-7.9282003524,-1.4664474893,0.53069340666,0.13280377972,total relative dielectric
HfO2,553.888,-7.8881197547,-1.4563739211,0.52749468213,0.13244836832,total relative dielectric
HfO2,554.192,-7.8482795243,-1.4463272819,0.52432542932,0.13209432204,total relative dielectric
HfO2,554.496,-7.8086774602,-1.4363074684,0.52118528444,0.13174163399,total relative dielectric
HfO2,554.8,-7.7693113883,-1.4263143778,0.51807388929,0.13139029729,total relative dielectric
HfO2,555.104,-7.730179161,-1.4163479078,0.51499089118,0.13104030513,total relative dielectric
HfO2,555.408,-7.691278657,-1.4064079567,0.51193594284,0.13069165075,total relative dielectric
HfO2,555.712,-7.6526077808,-1.3964944232,0.50890870229,0.1303443274,total relative dielectric
HfO2,556.016,-7.614164462,-1.3866072067,0.50590883273,0.1299983284,total relative dielectric
HfO2,556.32,-7.5759466554,-1.3767462069,0.50293600252,0.12965364711,total relative dielectric
HfO2,556.624,-7.5379523404,-1.3669113242,0.499989885,0.12931027691,total relative dielectric
HfO2,556.928,-7.5001795206,-1.3571024592,0.49707015845,0.12896821124,total relative dielectric
HfO2,557.232,-7.4626262234,-1.3473195134,0.49417650598,0.12862744358,total relative dielectric
HfO2,557.536,-7.4252904999,-1.3375623884,0.49130861547,0.12828796745,total relative dielectric
HfO2,557.84,-7.3881704242,-1.3278309865,0.48846617945,0.1279497764,total relative dielectric
HfO2,558.144,-7.3512640934,-1.3181252105,0.48564889503,0.12761286403,total relative dielectric
HfO2,558.448,-7.3145696269,-1.3084449636,0.48285646384,0.12727722397,total relative dielectric
HfO2,558.752,-7.2780851664,-1.2987901496,0.48008859191,0.12694284991,total relative dielectric
HfO2,559.056,-7.2418088753,-1.2891606726,0.47734498961,0.12660973555,total relative dielectric
HfO2,559.36,-7.2057389387,-1.2795564372,0.4746253716,0.12627787466,total relative dielectric
HfO2,559.664,-7.1698735628,-1.2699773488,0.47192945671,0.12594726102,total relative dielectric
HfO2,559.968,-7.1342109747,-1.2604233127,0.46925696789,0.12561788847,total relative dielectric
HfO2,560.272,-7.0987494219,-1.2508942352,0.46660763215,0.12528975087,total relative dielectric
HfO2,560.576,-7.0634871726,-1.2413900228,0.46398118044,0.12496284214,total relative dielectric
HfO2,560.88,-7.0284225146,-1.2319105824,0.46137734765,0.12463715621,total relative dielectric
HfO2,561.184,-6.9935537557,-1.2224558215,0.45879587249,0.12431268707,total relative dielectric
HfO2,561.488,-6.9588792228,-1.2130256481,0.45623649744,0.12398942873,total relative dielectric
HfO2,561.792,-6.9243972623,-1.2036199705,0.45369896869,0.12366737525,total relative dielectric
HfO2,562.096,-6.8901062393,-1.1942386975,0.45118303607,0.12334652072,total relative dielectric
HfO2,562.4,-6.8560045374,-1.1848817384,0.44868845299,0.12302685927,total relative dielectric
HfO2,562.704,-6.8220905588,-1.1755490028,0.44621497637,0.12270838506,total relative dielectric
HfO2,563.008,-6.7883627235,-1.166240401,0.4437623666,0.12239109229,total relative dielectric
HfO2,563.312,-6.7548194695,-1.1569558435,0.44133038746,0.1220749752,total relative dielectric
HfO2,563.616,-6.7214592523,-1.1476952413,0.43891880607,0.12176002804,total relative dielectric
HfO2,563.92,-6.6882805449,-1.1384585059,0.43652739285,0.12144624513,total relative dielectric
HfO2,564.224,-6.655281837,-1.1292455492,0.43415592142,0.1211336208,total relative dielectric
HfO2,564.528,-6.6224616356,-1.1200562835,0.43180416861,0.12082214943,total relative dielectric
HfO2,564.832,-6.589818464,-1.1108906215,0.42947191433,0.12051182541,total relative dielectric
HfO2,565.136,-6.557350862,-1.1017484763,0.42715894161,0.1202026432,total relative dielectric
HfO2,565.44,-6.5250573855,-1.0926297616,0.42486503645,0.11989459726,total relative dielectric
HfO2,565.744,-6.4929366063,-1.0835343914,0.42258998785,0.1195876821,total relative dielectric
HfO2,566.048,-6.4609871121,-1.07446228,0.42033358771,0.11928189227,total relative dielectric
HfO2,566.352,-6.4292075059,-1.0654133423,0.4180956308,0.11897722232,total relative dielectric
HfO2,566.656,-6.3975964061,-1.0563874936,0.41587591474,0.11867366688,total relative dielectric
HfO2,566.96,-6.366152446,-1.0473846494,0.41367423988,0.11837122057,total relative dielectric
HfO2,567.264,-6.334874274,-1.0384047259,0.41149040934,0.11806987807,total relative dielectric
HfO2,567.568,-6.303760553,-1.0294476394,0.4093242289,0.11776963407,total relative dielectric
HfO2,567.872,-6.2728099604,-1.0205133068,0.40717550701,0.11747048332,total relative dielectric
HfO2,568.176,-6.242021188,-1.0116016454,0.4050440547,0.11717242057,total relative dielectric
HfO2,568.48,-6.2113929415,-1.0027125729,0.40292968555,0.11687544062,total relative dielectric
HfO2,568.784,-6.1809239405,-0.99384600717,0.40083221566,0.11657953829,total relative dielectric
HfO2,569.088,-6.1506129185,-0.98500186676,0.39875146363,0.11628470846,total relative dielectric
HfO2,569.392,-6.1204586224,-0.97618007046,0.39668725046,0.11599094599,total relative dielectric
HfO2,569.696,-6.0904598123,-0.96738053747,0.39463939956,0.11569824582,total relative dielectric
HfO2,570.0,-6.0606152616,-0.95860318739,0.3926077367,0.11540660288,total relative dielectric
HfO2,570.304,-6.0309237568,-0.94984794018,0.39059208996,0.11511601216,total relative dielectric
HfO2,570.608,-6.0013840971,-0.94111471621,0.38859228973,0.11482646867,total relative dielectric
HfO2,570.912,-5.9719950942,-0.93240343618,0.3866081686,0.11453796744,total relative dielectric
HfO2,571.216,-5.9427555726,-0.92371402122,0.38463956142,0.11425050354,total relative dielectric
HfO2,571.52,-5.9136643688,-0.91504639279,0.38268630517,0.11396407206,total relative dielectric
HfO2,571.824,-5.8847203317,-0.90640047275,0.38074823902,0.11367866814,total relative dielectric
HfO2,572.128,-5.8559223221,-0.89777618331,0.3788252042,0.11339428691,total relative dielectric
HfO2,572.432,-5.8272692126,-0.88917344705,0.37691704404,0.11311092357,total relative dielectric
HfO2,572.736,-5.7987598876,-0.88059218691,0.37502360392,0.11282857333,total relative dielectric
HfO2,573.04,-5.7703932429,-0.87203232622,0.37314473121,0.11254723141,total relative dielectric
HfO2,573.344,-5.7421681857,-0.86349378862,0.37128027527,0.1122668931,total relative dielectric
HfO2,573.648,-5.7140836347,-0.85497649816,0.3694300874,0.11198755367,total relative dielectric
HfO2,573.952,-5.6861385192,-0.84648037922,0.36759402083,0.11170920846,total relative dielectric
HfO2,574.256,-5.65833178,-0.83800535652,0.36577193068,0.11143185281,total relative dielectric
HfO2,574.56,-5.6306623684,-0.82955135517,0.36396367392,0.11115548209,total relative dielectric
HfO2,574.864,-5.6031292463,-0.82111830058,0.36216910934,0.11088009171,total relative dielectric
HfO2,575.168,-5.5757313864,-0.81270611856,0.36038809756,0.11060567709,total relative dielectric
HfO2,575.472,-5.5484677717,-0.80431473523,0.35862050096,0.1103322337,total relative dielectric
HfO2,575.776,-5.5213373954,-0.79594407707,0.35686618366,0.11005975701,total relative dielectric
HfO2,576.08,-5.4943392608,-0.78759407088,0.35512501151,0.10978824253,total relative dielectric
HfO2,576.384,-5.4674723815,-0.77926464384,0.35339685207,0.10951768579,total relative dielectric
HfO2,576.688,-5.4407357807,-0.77095572342,0.35168157455,0.10924808236,total relative dielectric
HfO2,576.992,-5.4141284915,-0.76266723746,0.34997904981,0.10897942781,total relative dielectric
HfO2,577.296,-5.3876495566,-0.75439911412,0.34828915033,0.10871171777,total relative dielectric
HfO2,577.6,-5.3612980282,-0.7461512819,0.34661175018,0.10844494786,total relative dielectric
HfO2,577.904,-5.3350729681,-0.73792366962,0.34494672501,0.10817911374,total relative dielectric
HfO2,578.208,-5.3089734471,-0.72971620643,0.34329395202,0.10791421111,total relative dielectric
HfO2,578.512,-5.2829985453,-0.72152882181,0.34165330992,0.10765023567,total relative dielectric
HfO2,578.816,-5.2571473519,-0.71336144557,0.34002467894,0.10738718315,total relative dielectric
HfO2,579.12,-5.2314189651,-0.70521400782,0.33840794078,0.10712504932,total relative dielectric
HfO2,579.424,-5.2058124918,-0.69708643903,0.33680297861,0.10686382996,total relative dielectric
HfO2,579.728,-5.1803270477,-0.68897866994,0.33520967701,0.10660352088,total relative dielectric
HfO2,580.032,-5.1549617571,-0.68089063165,0.33362792199,0.10634411791,total relative dielectric
HfO2,580.336,-5.1297157528,-0.67282225555,0.33205760098,0.10608561691,total relative dielectric
HfO2,580.64,-5.1045881761,-0.66477347335,0.33049860274,0.10582801375,total relative dielectric
HfO2,580.944,-5.0795781766,-0.65674421707,0.32895081741,0.10557130433,total relative dielectric
HfO2,581.248,-5.054684912,-0.64873441905,0.32741413646,0.10531548459,total relative dielectric
HfO2,581.552,-5.0299075483,-0.64074401192,0.32588845267,0.10506055046,total relative dielectric
HfO2,581.856,-5.0052452593,-0.63277292863,0.32437366012,0.10480649793,total relative dielectric
HfO2,582.16,-4.9806972268,-0.62482110244,0.32286965417,0.10455332299,total relative dielectric
HfO2,582.464,-4.9562626406,-0.61688846689,0.32137633144,0.10430102165,total relative dielectric
HfO2,582.768,-4.931940698,-0.60897495585,0.31989358978,0.10404958995,total relative dielectric
HfO2,583.072,-4.907730604,-0.60108050346,0.31842132826,0.10379902396,total relative dielectric
HfO2,583.376,-4.8836315711,-0.59320504418,0.31695944718,0.10354931976,total relative dielectric
HfO2,583.68,-4.8596428195,-0.58534851275,0.31550784799,0.10330047345,total relative dielectric
HfO2,583.984,-4.8357635765,-0.57751084423,0.31406643335,0.10305248116,total relative dielectric
HfO2,584.288,-4.8119930768,-0.56969197394,0.31263510705,0.10280533905,total relative dielectric
HfO2,584.592,-4.7883305622,-0.56189183751,0.31121377402,0.10255904329,total relative dielectric
HfO2,584.896,-4.7647752817,-0.55411037087,0.30980234031,0.10231359006,total relative dielectric
HfO2,585.2,-4.7413264915,-0.5463475102,0.3084007131,0.10206897558,total relative dielectric
HfO2,585.504,-4.7179834543,-0.53860319201,0.30700880063,0.10182519609,total relative dielectric
HfO2,585.808,-4.6947454401,-0.53087735307,0.30562651222,0.10158224784,total relative dielectric
HfO2,586.112,-4.6716117254,-0.52316993043,0.30425375827,0.10134012711,total relative dielectric
HfO2,586.416,-4.6485815936,-0.51548086145,0.3028904502,0.10109883019,total relative dielectric
HfO2,586.72,-4.6256543346,-0.50781008373,0.30153650047,0.10085835342,total relative dielectric
HfO2,587.024,-4.602829245,-0.50015753518,0.30019182257,0.10061869311,total relative dielectric
HfO2,587.328,-4.5801056276,-0.49252315396,0.29885633097,0.10037984565,total relative dielectric
HfO2,587.632,-4.5574827919,-0.48490687854,0.29752994113,0.10014180739,total relative dielectric
HfO2,587.936,-4.5349600535,-0.47730864764,0.2962125695,0.099904574746,total relative dielectric
HfO2,588.24,-4.5125367345,-0.46972840025,0.29490413349,0.099668144135,total relative dielectric
HfO2,588.544,-4.4902121629,-0.46216607564,0.29360455144,0.099432511994,total relative dielectric
HfO2,588.848,-4.467985673,-0.45462161335,0.29231374263,0.099197674783,total relative dielectric
HfO2,589.152,-4.4458566052,-0.44709495318,0.29103162727,0.09896362898,total relative dielectric
HfO2,589.456,-4.4238243056,-0.4395860352,0.28975812647,0.098730371082,total relative dielectric
HfO2,589.76,-4.4018881265,-0.43209479976,0.28849316225,0.098497897607,total relative dielectric
HfO2,590.064,-4.3800474258,-0.42462118744,0.28723665751,0.098266205091,total relative dielectric
HfO2,590.368,-4.3583015674,-0.41716513911,0.285988536,0.098035290089,total relative dielectric
HfO2,590.672,-4.3366499208,-0.4097265959,0.28474872237,0.097805149174,total relative dielectric
HfO2,590.976,-4.3150918611,-0.40230549917,0.28351714208,0.09757577894,total relative dielectric
HfO2,591.28,-4.293626769,-0.39490179058,0.28229372145,0.097347175998,total relative dielectric
HfO2,591.584,-4.2722540309,-0.38751541202,0.28107838763,0.097119336978,total relative dielectric
HfO2,591.888,-4.2509730383,-0.38014630563,0.27987106857,0.096892258529,total relative dielectric
HfO2,592.192,-4.2297831884,-0.37279441382,0.27867169304,0.096665937316,total relative dielectric
HfO2,592.496,-4.2086838837,-0.36545967925,0.27748019057,0.096440370025,total relative dielectric
HfO2,592.8,-4.1876745318,-0.35814204482,0.27629649153,0.096215553359,total relative dielectric
HfO2,593.104,-4.1667545457,-0.35084145368,0.275120527,0.095991484038,total relative dielectric
HfO2,593.408,-4.1459233435,-0.34355784925,0.27395222887,0.095768158801,total relative dielectric
HfO2,593.712,-4.1251803484,-0.33629117517,0.27279152975,0.095545574404,total relative dielectric
HfO2,594.016,-4.1045249886,-0.32904137533,0.27163836302,0.095323727622,total relative dielectric
HfO2,594.32,-4.0839566974,-0.32180839389,0.27049266277,0.095102615244,total relative dielectric
HfO2,594.624,-4.063474913,-0.31459217521,0.26935436382,0.094882234081,total relative dielectric
HfO2,594.928,-4.0430790785,-0.30739266393,0.26822340171,0.094662580957,total relative dielectric
HfO2,595.232,-4.0227686417,-0.3002098049,0.26709971266,0.094443652716,total relative dielectric
HfO2,595.536,-4.0025430553,-0.29304354323,0.26598323363,0.094225446218,total relative dielectric
HfO2,595.84,-3.9824017767,-0.28589382427,0.26487390221,0.094007958341,total relative dielectric
HfO2,596.144,-3.9623442681,-0.27876059358,0.26377165671,0.093791185976,total relative dielectric
HfO2,596.448,-3.9423699961,-0.27164379698,0.26267643608,0.093575126036,total relative dielectric
HfO2,596.752,-3.922478432,-0.26454338051,0.26158817996,0.093359775447,total relative dielectric
HfO2,597.056,-3.9026690517,-0.25745929045,0.2605068286,0.093145131153,total relative dielectric
HfO2,597.36,-3.8829413353,-0.25039147332,0.25943232292,0.092931190113,total relative dielectric
HfO2,597.664,-3.8632947677,-0.24333987584,0.25836460447,0.092717949303,total relative dielectric
HfO2,597.968,-3.843728838,-0.23630444499,0.25730361542,0.092505405717,total relative dielectric
HfO2,598.272,-3.8242430396,-0.22928512796,0.25624929857,0.092293556361,total relative dielectric
HfO2,598.576,-3.8048368701,-0.22228187217,0.25520159731,0.092082398261,total relative dielectric
HfO2,598.88,-3.7855098317,-0.21529462528,0.25416045564,0.091871928457,total relative dielectric
HfO2,599.184,-3.7662614304,-0.20832333514,0.25312581817,0.091662144005,total relative dielectric
HfO2,599.488,-3.7470911767,-0.20136794986,0.25209763007,0.091453041975,total relative dielectric
HfO2,599.792,-3.7279985848,-0.19442841774,0.2510758371,0.091244619456,total relative dielectric
HfO2,600.096,-3.7089831735,-0.18750468732,0.25006038561,0.09103687355,total relative dielectric
HfO2,600.4,-3.6900444651,-0.18059670737,0.24905122249,0.090829801374,total relative dielectric
HfO2,600.704,-3.6711819863,-0.17370442684,0.2480482952,0.090623400063,total relative dielectric
HfO2,601.008,-3.6523952674,-0.16682779493,0.24705155174,0.090417666763,total relative dielectric
HfO2,601.312,-3.6336838428,-0.15996676104,0.24606094067,0.09021259864,total relative dielectric
HfO2,601.616,-3.6150472508,-0.1531212748,0.24507641107,0.09000819287,total relative dielectric
HfO2,601.92,-3.5964850334,-0.14629128603,0.24409791256,0.089804446648,total relative dielectric
HfO2,602.224,-3.5779967364,-0.13947674478,0.24312539529,0.089601357181,total relative dielectric
HfO2,602.528,-3.5595819094,-0.13267760131,0.2421588099,0.089398921692,total relative dielectric
HfO2,602.832,-3.5412401056,-0.12589380608,0.24119810758,0.089197137419,total relative dielectric
HfO2,603.136,-3.522970882,-0.11912530977,0.24024323999,0.088996001613,total relative dielectric
HfO2,603.44,-3.5047737991,-0.11237206327,0.2392941593,0.08879551154,total relative dielectric
HfO2,603.744,-3.4866484211,-0.10563401766,0.23835081817,0.088595664482,total relative dielectric
HfO2,604.048,-3.4685943157,-0.098911124233,0.23741316976,0.088396457732,total relative dielectric
HfO2,604.352,-3.4506110541,-0.0922033345,0.2364811677,0.0881978886,total relative dielectric
HfO2,604.656,-3.4326982109,-0.085510600162,0.23555476608,0.087999954408,total relative dielectric
HfO2,604.96,-3.4148553644,-0.078832873125,0.23463391947,0.087802652494,total relative dielectric
HfO2,605.264,-3.397082096,-0.072170105497,0.23371858291,0.087605980209,total relative dielectric
HfO2,605.568,-3.3793779907,-0.065522249588,0.23280871188,0.087409934917,total relative dielectric
HfO2,605.872,-3.3617426368,-0.058889257905,0.23190426233,0.087214513997,total relative dielectric
HfO2,606.176,-3.3441756259,-0.052271083156,0.23100519064,0.08701971484,total relative dielectric
HfO2,606.48,-3.3266765527,-0.045667678244,0.23011145364,0.086825534852,total relative dielectric
HfO2,606.784,-3.3092450154,-0.039078996269,0.22922300859,0.086631971451,total relative dielectric
HfO2,607.088,-3.2918806153,-0.032504990526,0.22833981317,0.086439022071,total relative dielectric
HfO2,607.392,-3.2745829568,-0.025945614506,0.22746182551,0.086246684157,total relative dielectric
HfO2,607.696,-3.2573516476,-0.019400821892,0.22658900413,0.086054955168,total relative dielectric
HfO2,608.0,-3.2401862984,-0.012870566558,0.22572130799,0.085863832575,total relative dielectric
HfO2,608.304,-3.223086523,-0.0063548025714,0.22485869645,0.085673313863,total relative dielectric
HfO2,608.608,-3.2060519383,0.00014651581103,0.22400112926,0.085483396531,total relative dielectric
HfO2,608.912,-3.1890821642,0.0066334341431,0.22314856658,0.08529407809,total relative dielectric
HfO2,609.216,-3.1721768236,0.01310599779,0.22230096898,0.085105356062,total relative dielectric
HfO2,609.52,-3.1553355423,0.019564251931,0.22145829741,0.084917227985,total relative dielectric
HfO2,609.824,-3.1385579491,0.026008241556,0.22062051318,0.084729691407,total relative dielectric
HfO2,610.128,-3.1218436756,0.032438011473,0.21978757802,0.084542743889,total relative dielectric
HfO2,610.432,-3.1051923565,0.038853606302,0.21895945402,0.084356383007,total relative dielectric
HfO2,610.736,-3.0886036291,0.045255070482,0.21813610364,0.084170606346,total relative dielectric
HfO2,611.04,-3.0720771337,0.051642448269,0.2173174897,0.083985411505,total relative dielectric
HfO2,611.344,-3.0556125132,0.058015783737,0.21650357541,0.083800796095,total relative dielectric
HfO2,611.648,-3.0392094135,0.064375120777,0.2156943243,0.08361675774,total relative dielectric
HfO2,611.952,-3.0228674832,0.070720503105,0.2148897003,0.083433294074,total relative dielectric
HfO2,612.256,-3.0065863733,0.077051974253,0.21408966765,0.083250402746,total relative dielectric
HfO2,612.56,-2.9903657378,0.083369577579,0.21329419096,0.083068081414,total relative dielectric
HfO2,612.864,-2.9742052334,0.089673356261,0.21250323517,0.08288632775,total relative dielectric
HfO2,613.168,-2.9581045192,0.095963353302,0.21171676558,0.082705139436,total relative dielectric
HfO2,613.472,-2.942063257,0.10223961153,0.21093474779,0.082524514169,total relative dielectric
HfO2,613.776,-2.9260811113,0.1085021736,0.21015714777,0.082344449654,total relative dielectric
HfO2,614.08,-2.910157749,0.11475108199,0.20938393178,0.082164943609,total relative dielectric
HfO2,614.384,-2.8942928397,0.120986379,0.20861506644,0.081985993764,total relative dielectric
HfO2,614.688,-2.8784860552,0.12720810678,0.20785051865,0.08180759786,total relative dielectric
HfO2,614.992,-2.8627370701,0.13341630728,0.20709025566,0.081629753649,total relative dielectric
HfO2,615.296,-2.8470455614,0.1396110223,0.20633424501,0.081452458896,total relative dielectric
HfO2,615.6,-2.8314112084,0.14579229347,0.20558245456,0.081275711376,total relative dielectric
HfO2,615.904,-2.8158336931,0.15196016223,0.20483485247,0.081099508874,total relative dielectric
HfO2,616.208,-2.8003126994,0.15811466989,0.2040914072,0.080923849189,total relative dielectric
HfO2,616.512,-2.7848479141,0.16425585756,0.20335208753,0.080748730128,total relative dielectric
HfO2,616.816,-2.7694390261,0.1703837662,0.20261686249,0.080574149512,total relative dielectric
HfO2,617.12,-2.7540857266,0.1764984366,0.20188570145,0.08040010517,total relative dielectric
HfO2,617.424,-2.7387877091,0.18259990939,0.20115857403,0.080226594943,total relative dielectric
HfO2,617.728,-2.7235446696,0.18868822503,0.20043545016,0.080053616685,total relative dielectric
HfO2,618.032,-2.708356306,0.19476342382,0.19971630005,0.079881168257,total relative dielectric
HfO2,618.336,-2.6932223187,0.20082554591,0.19900109416,0.079709247533,total relative dielectric
HfO2,618.64,-2.6781424103,0.20687463127,0.19828980327,0.079537852398,total relative dielectric
HfO2,618.944,-2.6631162856,0.21291071971,0.19758239839,0.079366980744,total relative dielectric
HfO2,619.248,-2.6481436514,0.21893385091,0.19687885083,0.079196630479,total relative dielectric
HfO2,619.552,-2.6332242168,0.22494406436,0.19617913215,0.079026799517,total relative dielectric
HfO2,619.856,-2.6183576932,0.23094139939,0.19548321417,0.078857485784,total relative dielectric
HfO2,620.16,-2.6035437937,0.23692589521,0.194791069,0.078688687215,total relative dielectric
HfO2,620.464,-2.588782234,0.24289759083,0.19410266897,0.078520401759,total relative dielectric
HfO2,620.768,-2.5740727314,0.24885652514,0.19341798668,0.07835262737,total relative dielectric
HfO2,621.072,-2.5594150056,0.25480273685,0.19273699499,0.078185362016,total relative dielectric
HfO2,621.376,-2.5448087782,0.26073626452,0.19205966699,0.078018603673,total relative dielectric
HfO2,621.68,-2.5302537729,0.26665714658,0.19138597604,0.077852350328,total relative dielectric
HfO2,621.984,-2.5157497153,0.27256542128,0.19071589573,0.077686599978,total relative dielectric
HfO2,622.288,-2.501296333,0.27846112672,0.19004939988,0.077521350628,total relative dielectric
HfO2,622.592,-2.4868933557,0.28434430087,0.18938646258,0.077356600296,total relative dielectric
HfO2,622.896,-2.4725405149,0.29021498154,0.18872705812,0.077192347007,total relative dielectric
HfO2,623.2,-2.4582375441,0.29607320638,0.18807116104,0.077028588797,total relative dielectric
HfO2,623.504,-2.4439841787,0.3019190129,0.18741874612,0.076865323711,total relative dielectric
HfO2,623.808,-2.4297801561,0.30775243846,0.18676978835,0.076702549804,total relative dielectric
HfO2,624.112,-2.4156252153,0.31357352029,0.18612426295,0.076540265142,total relative dielectric
HfO2,624.416,-2.4015190975,0.31938229543,0.18548214538,0.076378467797,total relative dielectric
HfO2,624.72,-2.3874615455,0.32517880083,0.1848434113,0.076217155853,total relative dielectric
HfO2,625.024,-2.3734523042,0.33096307325,0.18420803659,0.076056327403,total relative dielectric
HfO2,625.328,-2.3594911199,0.33673514932,0.18357599736,0.075895980548,total relative dielectric
HfO2,625.632,-2.3455777411,0.34249506555,0.18294726993,0.075736113401,total relative dielectric
HfO2,625.936,-2.3317119178,0.34824285826,0.18232183081,0.075576724082,total relative dielectric
HfO2,626.24,-2.3178934021,0.35397856367,0.18169965675,0.075417810719,total relative dielectric
HfO2,626.544,-2.3041219474,0.35970221784,0.18108072469,0.075259371453,total relative dielectric
HfO2,626.848,-2.2903973092,0.36541385669,0.18046501177,0.075101404431,total relative dielectric
HfO2,627.152,-2.2767192445,0.371113516,0.17985249535,0.074943907809,total relative dielectric
HfO2,627.456,-2.2630875122,0.37680123141,0.17924315297,0.074786879753,total relative dielectric
HfO2,627.76,-2.2495018728,0.38247703843,0.17863696239,0.074630318438,total relative dielectric
HfO2,628.064,-2.2359620883,0.38814097242,0.17803390154,0.074474222047,total relative dielectric
HfO2,628.368,-2.2224679227,0.3937930686,0.17743394858,0.074318588772,total relative dielectric
HfO2,628.672,-2.2090191414,0.39943336207,0.17683708182,0.074163416815,total relative dielectric
HfO2,628.976,-2.1956155114,0.40506188778,0.17624327979,0.074008704384,total relative dielectric
HfO2,629.28,-2.1822568016,0.41067868055,0.1756525212,0.073854449699,total relative dielectric
HfO2,629.584,-2.1689427821,0.41628377506,0.17506478493,0.073700650985,total relative dielectric
HfO2,629.888,-2.155673225,0.42187720587,0.17448005008,0.073547306478,total relative dielectric
HfO2,630.192,-2.1424479036,0.42745900738,0.1738982959,0.073394414423,total relative dielectric
HfO2,630.496,-2.1292665931,0.43302921388,0.17331950182,0.07324197307,total relative dielectric
HfO2,630.8,-2.11612907,0.43858785953,0.17274364748,0.073089980682,total relative dielectric
HfO2,631.104,-2.1030351125,0.44413497834,0.17217071266,0.072938435526,total relative dielectric
HfO2,631.408,-2.0899845001,0.44967060419,0.17160067734,0.07278733588,total relative dielectric
HfO2,631.712,-2.076977014,0.45519477086,0.17103352165,0.07263668003,total relative dielectric
HfO2,632.016,-2.0640124369,0.46070751195,0.17046922592,0.072486466268,total relative dielectric
HfO2,632.32,-2.0510905529,0.46620886098,0.16990777062,0.072336692898,total relative dielectric
HfO2,632.624,-2.0382111476,0.47169885131,0.16934913641,0.072187358229,total relative dielectric
HfO2,632.928,-2.0253740081,0.47717751619,0.1687933041,0.072038460578,total relative dielectric
HfO2,633.232,-2.0125789227,0.48264488872,0.16824025467,0.071889998273,total relative dielectric
HfO2,633.536,-1.9998256816,0.4881010019,0.16768996926,0.071741969646,total relative dielectric
HfO2,633.84,-1.9871140759,0.49354588859,0.16714242918,0.071594373039,total relative dielectric
HfO2,634.144,-1.9744438986,0.49897958153,0.1665976159,0.071447206804,total relative dielectric
HfO2,634.448,-1.9618149436,0.50440211332,0.16605551102,0.071300469296,total relative dielectric
HfO2,634.752,-1.9492270066,0.50981351646,0.16551609634,0.071154158881,total relative dielectric
HfO2,635.056,-1.9366798845,0.51521382331,0.16497935377,0.071008273932,total relative dielectric
HfO2,635.36,-1.9241733755,0.5206030661,0.16444526539,0.070862812831,total relative dielectric
HfO2,635.664,-1.9117072793,0.52598127696,0.16391381346,0.070717773965,total relative dielectric
HfO2,635.968,-1.8992813967,0.53134848788,0.16338498033,0.070573155731,total relative dielectric
HfO2,636.272,-1.8868955302,0.53670473073,0.16285874856,0.070428956532,total relative dielectric
HfO2,636.576,-1.8745494832,0.54205003727,0.16233510081,0.070285174779,total relative dielectric
HfO2,636.88,-1.8622430607,0.54738443913,0.16181401992,0.070141808891,total relative dielectric
HfO2,637.184,-1.8499760689,0.55270796783,0.16129548884,0.069998857293,total relative dielectric
HfO2,637.488,-1.8377483153,0.55802065476,0.16077949068,0.06985631842,total relative dielectric
HfO2,637.792,-1.8255596086,0.56332253119,0.1602660087,0.069714190712,total relative dielectric
HfO2,638.096,-1.8134097587,0.56861362829,0.15975502628,0.069572472617,total relative dielectric
HfO2,638.4,-1.8012985771,0.57389397708,0.15924652696,0.069431162591,total relative dielectric
HfO2,638.704,-1.7892258762,0.5791636085,0.15874049439,0.069290259096,total relative dielectric
HfO2,639.008,-1.7771914697,0.58442255336,0.15823691237,0.069149760601,total relative dielectric
HfO2,639.312,-1.7651951725,0.58967084233,0.15773576485,0.069009665585,total relative dielectric
HfO2,639.616,-1.7532368009,0.594908506,0.15723703587,0.06886997253,total relative dielectric
HfO2,639.92,-1.7413161722,0.60013557484,0.15674070964,0.068730679928,total relative dielectric
HfO2,640.224,-1.729433105,0.60535207918,0.15624677049,0.068591786278,total relative dielectric
HfO2,640.528,-1.7175874189,0.61055804925,0.15575520287,0.068453290083,total relative dielectric
HfO2,640.832,-1.705778935,0.61575351519,0.15526599137,0.068315189857,total relative dielectric
HfO2,641.136,-1.6940074752,0.62093850699,0.15477912068,0.068177484118,total relative dielectric
HfO2,641.44,-1.6822728629,0.62611305455,0.15429457565,0.068040171393,total relative dielectric
HfO2,641.744,-1.6705749222,0.63127718765,0.15381234124,0.067903250213,total relative dielectric
HfO2,642.048,-1.6589134789,0.63643093597,0.15333240252,0.067766719119,total relative dielectric
HfO2,642.352,-1.6472883594,0.64157432907,0.15285474469,0.067630576656,total relative dielectric
HfO2,642.656,-1.6356993915,0.64670739639,0.15237935308,0.067494821379,total relative dielectric
HfO2,642.96,-1.6241464041,0.65183016729,0.15190621312,0.067359451845,total relative dielectric
HfO2,643.264,-1.612629227,0.65694267099,0.15143531037,0.067224466622,total relative dielectric
HfO2,643.568,-1.6011476914,0.66204493661,0.15096663052,0.067089864283,total relative dielectric
HfO2,643.872,-1.5897016293,0.66713699319,0.15050015933,0.066955643408,total relative dielectric
HfO2,644.176,-1.5782908739,0.67221886961,0.15003588273,0.066821802581,total relative dielectric
HfO2,644.48,-1.5669152594,0.67729059469,0.14957378673,0.066688340396,total relative dielectric
HfO2,644.784,-1.5555746211,0.68235219712,0.14911385746,0.066555255452,total relative dielectric
HfO2,645.088,-1.5442687954,0.68740370549,0.14865608115,0.066422546355,total relative dielectric
HfO2,645.392,-1.5329976197,0.69244514828,0.14820044417,0.066290211716,total relative dielectric
HfO2,645.696,-1.5217609323,0.69747655388,0.14774693296,0.066158250153,total relative dielectric
HfO2,646.0,-1.5105585726,0.70249795054,0.1472955341,0.066026660291,total relative dielectric
HfO2,646.304,-1.4993903812,0.70750936646,0.14684623426,0.065895440761,total relative dielectric
HfO2,646.608,-1.4882561994,0.71251082968,0.14639902022,0.0657645902,total relative dielectric
HfO2,646.912,-1.4771558696,0.71750236818,0.14595387886,0.065634107252,total relative dielectric
HfO2,647.216,-1.4660892354,0.72248400981,0.14551079718,0.065503990565,total relative dielectric
HfO2,647.52,-1.4550561411,0.72745578233,0.14506976227,0.065374238796,total relative dielectric
HfO2,647.824,-1.4440564321,0.73241771341,0.14463076131,0.065244850606,total relative dielectric
HfO2,648.128,-1.4330899547,0.73736983058,0.14419378161,0.065115824664,total relative dielectric
HfO2,648.432,-1.4221565562,0.74231216131,0.14375881055,0.064987159642,total relative dielectric
HfO2,648.736,-1.4112560849,0.74724473295,0.14332583564,0.064858854222,total relative dielectric
HfO2,649.04,-1.40038839,0.75216757275,0.14289484446,0.064730907089,total relative dielectric
HfO2,649.344,-1.3895533216,0.75708070787,0.1424658247,0.064603316935,total relative dielectric
HfO2,649.648,-1.3787507308,0.76198416536,0.14203876414,0.064476082458,total relative dielectric
HfO2,649.952,-1.3679804695,0.76687797218,0.14161365067,0.064349202362,total relative dielectric
HfO2,650.256,-1.3572423906,0.77176215518,0.14119047227,0.064222675356,total relative dielectric
HfO2,650.56,-1.346536348,0.77663674114,0.14076921698,0.064096500156,total relative dielectric
HfO2,650.864,-1.3358621963,0.7815017567,0.14034987299,0.063970675483,total relative dielectric
HfO2,651.168,-1.3252197911,0.78635722844,0.13993242854,0.063845200064,total relative dielectric
HfO2,651.472,-1.3146089889,0.79120318283,0.13951687198,0.063720072631,total relative dielectric
HfO2,651.776,-1.3040296471,0.79603964624,0.13910319173,0.063595291924,total relative dielectric
HfO2,652.08,-1.2934816238,0.80086664494,0.13869137632,0.063470856686,total relative dielectric
HfO2,652.384,-1.2829647783,0.80568420514,0.13828141437,0.063346765667,total relative dielectric
HfO2,652.688,-1.2724789703,0.8104923529,0.13787329456,0.063223017623,total relative dielectric
HfO2,652.992,-1.2620240607,0.81529111423,0.13746700569,0.063099611314,total relative dielectric
HfO2,653.296,-1.2515999112,0.82008051502,0.13706253663,0.062976545507,total relative dielectric
HfO2,653.6,-1.2412063843,0.82486058109,0.13665987634,0.062853818974,total relative dielectric
HfO2,653.904,-1.2308433433,0.82963133815,0.13625901385,0.062731430493,total relative dielectric
HfO2,654.208,-1.2205106522,0.83439281181,0.13585993829,0.062609378846,total relative dielectric
HfO2,654.512,-1.2102081762,0.83914502762,0.13546263886,0.062487662822,total relative dielectric
HfO2,654.816,-1.1999357809,0.843888011,0.13506710487,0.062366281215,total relative dielectric
HfO2,655.12,-1.189693333,0.84862178731,0.13467332568,0.062245232824,total relative dielectric
HfO2,655.424,-1.1794806998,0.8533463818,0.13428129073,0.062124516453,total relative dielectric
HfO2,655.728,-1.1692977496,0.85806181963,0.13389098957,0.062004130913,total relative dielectric
HfO2,656.032,-1.1591443513,0.86276812588,0.1335024118,0.061884075019,total relative dielectric
HfO2,656.336,-1.1490203746,0.86746532554,0.13311554712,0.061764347591,total relative dielectric
HfO2,656.64,-1.1389256901,0.8721534435,0.13273038528,0.061644947455,total relative dielectric
HfO2,656.944,-1.1288601691,0.87683250456,0.13234691614,0.061525873441,total relative dielectric
HfO2,657.248,-1.1188236837,0.88150253345,0.13196512961,0.061407124387,total relative dielectric
HfO2,657.552,-1.1088161067,0.8861635548,0.13158501569,0.061288699132,total relative dielectric
HfO2,657.856,-1.0988373117,0.89081559314,0.13120656445,0.061170596524,total relative dielectric
HfO2,658.16,-1.088887173,0.89545867294,0.13082976604,0.061052815414,total relative dielectric
HfO2,658.464,-1.0789655658,0.90009281856,0.13045461067,0.060935354658,total relative dielectric
HfO2,658.768,-1.0690723657,0.90471805428,0.13008108864,0.060818213118,total relative dielectric
HfO2,659.072,-1.0592074495,0.9093344043,0.12970919031,0.06070138966,total relative dielectric
HfO2,659.376,-1.0493706943,0.91394189273,0.12933890611,0.060584883157,total relative dielectric
HfO2,659.68,-1.0395619781,0.9185405436,0.12897022656,0.060468692484,total relative dielectric
HfO2,659.984,-1.0297811797,0.92313038083,0.12860314222,0.060352816524,total relative dielectric
HfO2,660.288,-1.0200281785,0.92771142829,0.12823764376,0.060237254162,total relative dielectric
HfO2,660.592,-1.0103028545,0.93228370974,0.12787372187,0.06012200429,total relative dielectric
HfO2,660.896,-1.0006050888,0.93684724888,0.12751136735,0.060007065804,total relative dielectric
HfO2,661.2,-0.99093476269,0.9414020693,0.12715057105,0.059892437605,total relative dielectric
HfO2,661.504,-0.98129175849,0.94594819452,0.12679132389,0.059778118598,total relative dielectric
HfO2,661.808,-0.97167595906,0.95048564798,0.12643361685,0.059664107696,total relative dielectric
HfO2,662.112,-0.962087248,0.95501445304,0.12607744099,0.059550403811,total relative dielectric
HfO2,662.416,-0.95252550956,0.95953463296,0.12572278742,0.059437005866,total relative dielectric
HfO2,662.72,-0.94299062866,0.96404621093,0.12536964733,0.059323912784,total relative dielectric
HfO2,663.024,-0.9334824909,0.96854921007,0.12501801196,0.059211123496,total relative dielectric
HfO2,663.328,-0.92400098252,0.9730436534,0.12466787263,0.059098636934,total relative dielectric
HfO2,663.632,-0.91454599044,0.97752956386,0.12431922071,0.058986452039,total relative dielectric
HfO2,663.936,-0.9051174022,0.98200696433,0.12397204764,0.058874567753,total relative dielectric
HfO2,664.24,-0.89571510601,0.98647587759,0.12362634491,0.058762983024,total relative dielectric
HfO2,664.544,-0.88633899071,0.99093632634,0.12328210409,0.058651696805,total relative dielectric
HfO2,664.848,-0.87698894579,0.99538833322,0.1229393168,0.058540708054,total relative dielectric
HfO2,665.152,-0.86766486136,0.99983192077,0.12259797471,0.058430015731,total relative dielectric
HfO2,665.456,-0.85836662815,1.0042671115,0.12225806958,0.058319618802,total relative dielectric
HfO2,665.76,-0.84909413754,1.0086939277,0.12191959321,0.058209516239,total relative dielectric
HfO2,666.064,-0.8398472815,1.0131123917,0.12158253745,0.058099707017,total relative dielectric
HfO2,666.368,-0.83062595264,1.0175225259,0.12124689422,0.057990190114,total relative dielectric
HfO2,666.672,-0.82143004414,1.0219243523,0.12091265551,0.057880964515,total relative dielectric
HfO2,666.976,-0.81225944984,1.026317893,0.12057981334,0.057772029208,total relative dielectric
HfO2,667.28,-0.80311406414,1.03070317,0.1202483598,0.057663383186,total relative dielectric
HfO2,667.584,-0.79399378204,1.0350802053,0.11991828706,0.057555025445,total relative dielectric
HfO2,667.888,-0.78489849916,1.0394490207,0.1195895873,0.057446954987,total relative dielectric
HfO2,668.192,-0.77582811168,1.043809638,0.1192622528,0.057339170816,total relative dielectric
HfO2,668.496,-0.76678251637,1.0481620788,0.11893627585,0.057231671945,total relative dielectric
HfO2,668.8,-0.75776161059,1.0525063649,0.11861164884,0.057124457385,total relative dielectric
HfO2,669.104,-0.74876529227,1.0568425178,0.11828836419,0.057017526155,total relative dielectric
HfO2,669.408,-0.7397934599,1.0611705588,0.11796641437,0.056910877279,total relative dielectric
HfO2,669.712,-0.73084601257,1.0654905096,0.11764579191,0.056804509782,total relative dielectric
HfO2,670.016,-0.7219228499,1.0698023913,0.11732648939,0.056698422695,total relative dielectric
HfO2,670.32,-0.71302387209,1.0741062252,0.11700849946,0.056592615054,total relative dielectric
HfO2,670.624,-0.70414897988,1.0784020326,0.1166918148,0.056487085897,total relative dielectric
HfO2,670.928,-0.69529807457,1.0826898344,0.11637642814,0.056381834268,total relative dielectric
HfO2,671.232,-0.68647105802,1.0869696519,0.11606233227,0.056276859213,total relative dielectric
HfO2,671.536,-0.67766783262,1.0912415058,0.11574952004,0.056172159785,total relative dielectric
HfO2,671.84,-0.66888830129,1.0955054172,0.11543798433,0.056067735038,total relative dielectric
HfO2,672.144,-0.66013236751,1.0997614068,0.11512771809,0.055963584033,total relative dielectric
HfO2,672.448,-0.65139993529,1.1040094955,0.1148187143,0.055859705831,total relative dielectric
HfO2,672.752,-0.64269090915,1.1082497038,0.114510966,0.055756099501,total relative dielectric
HfO2,673.056,-0.63400519415,1.1124820524,0.11420446627,0.055652764114,total relative dielectric
HfO2,673.36,-0.62534269587,1.1167065618,0.11389920826,0.055549698745,total relative dielectric
HfO2,673.664,-0.61670332041,1.1209232525,0.11359518513,0.055446902473,total relative dielectric
HfO2,673.968,-0.60808697438,1.1251321449,0.11329239013,0.055344374382,total relative dielectric
HfO2,674.272,-0.59949356491,1.1293332593,0.11299081652,0.055242113557,total relative dielectric
HfO2,674.576,-0.59092299963,1.133526616,0.11269045763,0.055140119091,total relative dielectric
HfO2,674.88,-0.58237518666,1.1377122352,0.11239130682,0.055038390077,total relative dielectric
HfO2,675.184,-0.57385003465,1.141890137,0.11209335752,0.054936925614,total relative dielectric
HfO2,675.488,-0.56534745273,1.1460603415,0.11179660317,0.054835724804,total relative dielectric
HfO2,675.792,-0.55686735053,1.1502228686,0.11150103729,0.054734786753,total relative dielectric
HfO2,676.096,-0.54840963815,1.1543777382,0.11120665342,0.05463411057,total relative dielectric
HfO2,676.4,-0.53997422622,1.1585249703,0.11091344516,0.05453369537,total relative dielectric
HfO2,676.704,-0.53156102581,1.1626645845,0.11062140613,0.05443354027,total relative dielectric
HfO2,677.008,-0.52316994849,1.1667966007,0.11033053003,0.05433364439,total relative dielectric
HfO2,677.312,-0.51480090631,1.1709210385,0.11004081057,0.054234006855,total relative dielectric
HfO2,677.616,-0.50645381179,1.1750379174,0.10975224153,0.054134626793,total relative dielectric
HfO2,677.92,-0.49812857792,1.179147257,0.1094648167,0.054035503336,total relative dielectric
HfO2,678.224,-0.48982511815,1.1832490767,0.10917852994,0.05393663562,total relative dielectric
HfO2,678.528,-0.4815433464,1.1873433959,0.10889337514,0.053838022784,total relative dielectric
HfO2,678.832,-0.47328317706,1.1914302339,0.10860934624,0.05373966397,total relative dielectric
HfO2,679.136,-0.46504452497,1.1955096101,0.10832643721,0.053641558325,total relative dielectric
HfO2,679.44,-0.45682730542,1.1995815435,0.10804464206,0.053543704998,total relative dielectric
HfO2,679.744,-0.44863143417,1.2036460534,0.10776395485,0.053446103144,total relative dielectric
HfO2,680.048,-0.4404568274,1.2077031587,0.10748436968,0.053348751919,total relative dielectric
HfO2,680.352,-0.43230340176,1.2117528785,0.10720588068,0.053251650482,total relative dielectric
HfO2,680.656,-0.42417107434,1.2157952317,0.10692848202,0.053154798,total relative dielectric
HfO2,680.96,-0.41605976265,1.2198302372,0.10665216792,0.053058193638,total relative dielectric
HfO2,681.264,-0.40796938467,1.2238579138,0.10637693264,0.052961836567,total relative dielectric
HfO2,681.568,-0.39989985878,1.2278782803,0.10610277045,0.052865725962,total relative dielectric
HfO2,681.872,-0.39185110381,1.2318913553,0.1058296757,0.052769861001,total relative dielectric
HfO2,682.176,-0.38382303903,1.2358971574,0.10555764275,0.052674240864,total relative dielectric
HfO2,682.48,-0.3758155841,1.2398957053,0.105286666,0.052578864736,total relative dielectric
HfO2,682.784,-0.36782865913,1.2438870174,0.10501673989,0.052483731805,total relative dielectric
HfO2,683.088,-0.35986218464,1.2478711121,0.1047478589,0.052388841261,total relative dielectric
HfO2,683.392,-0.35191608158,1.2518480079,0.10448001756,0.052294192301,total relative dielectric
HfO2,683.696,-0.34399027129,1.255817723,0.1042132104,0.052199784121,total relative dielectric
HfO2,684.0,-0.33608467554,1.2597802757,0.10394743202,0.052105615922,total relative dielectric
HfO2,684.304,-0.32819921651,1.2637356842,0.10368267704,0.052011686909,total relative dielectric
HfO2,684.608,-0.32033381677,1.2676839667,0.10341894012,0.05191799629,total relative dielectric
HfO2,684.912,-0.31248839932,1.2716251411,0.10315621595,0.051824543275,total relative dielectric
HfO2,685.216,-0.30466288752,1.2755592256,0.10289449927,0.051731327079,total relative dielectric
HfO2,685.52,-0.29685720517,1.279486238,0.10263378483,0.051638346919,total relative dielectric
HfO2,685.824,-0.28907127644,1.2834061963,0.10237406743,0.051545602015,total relative dielectric
HfO2,686.128,-0.2813050259,1.2873191183,0.1021153419,0.051453091593,total relative dielectric
HfO2,686.432,-0.27355837852,1.2912250217,0.10185760312,0.051360814878,total relative dielectric
HfO2,686.736,-0.26583125963,1.2951239244,0.10160084598,0.0512687711,total relative dielectric
HfO2,687.04,-0.25812359498,1.2990158439,0.10134506541,0.051176959493,total relative dielectric
HfO2,687.344,-0.25043531068,1.3029007979,0.10109025637,0.051085379294,total relative dielectric
HfO2,687.648,-0.24276633323,1.3067788039,0.10083641388,0.050994029741,total relative dielectric
HfO2,687.952,-0.23511658951,1.3106498793,0.10058353295,0.050902910078,total relative dielectric
HfO2,688.256,-0.22748600675,1.3145140417,0.10033160865,0.05081201955,total relative dielectric
HfO2,688.56,-0.21987451259,1.3183713084,0.10008063607,0.050721357405,total relative dielectric
HfO2,688.864,-0.21228203502,1.3222216967,0.099830610349,0.050630922896,total relative dielectric
HfO2,689.168,-0.20470850239,1.3260652239,0.099581526636,0.050540715278,total relative dielectric
HfO2,689.472,-0.19715384345,1.3299019071,0.099333380124,0.050450733808,total relative dielectric
HfO2,689.776,-0.18961798726,1.3337317635,0.099086166032,0.050360977748,total relative dielectric
HfO2,690.08,-0.1821008633,1.3375548103,0.098839879613,0.05027144636,total relative dielectric
HfO2,690.384,-0.17460240136,1.3413710644,0.098594516147,0.050182138913,total relative dielectric
HfO2,690.688,-0.16712253162,1.3451805428,0.098350070947,0.050093054675,total relative dielectric
HfO2,690.992,-0.15966118459,1.3489832624,0.098106539356,0.05000419292,total relative dielectric
HfO2,691.296,-0.15221829114,1.3527792402,0.097863916746,0.049915552923,total relative dielectric
HfO2,691.6,-0.14479378251,1.3565684929,0.097622198518,0.049827133963,total relative dielectric
HfO2,691.904,-0.13738759025,1.3603510372,0.097381380103,0.049738935321,total relative dielectric
HfO2,692.208,-0.12999964628,1.3641268899,0.097141456962,0.049650956282,total relative dielectric
HfO2,692.512,-0.12262988286,1.3678960677,0.096902424583,0.049563196133,total relative dielectric
HfO2,692.816,-0.11527823259,1.3716585871,0.096664278486,0.049475654165,total relative dielectric
HfO2,693.12,-0.10794462841,1.3754144647,0.096427014215,0.04938832967,total relative dielectric
HfO2,693.424,-0.10062900357,1.379163717,0.096190627346,0.049301221944,total relative dielectric
HfO2,693.728,-0.093331291706,1.3829063603,0.095955113481,0.049214330286,total relative dielectric
HfO2,694.032,-0.086051426742,1.3866424111,0.095720468251,0.049127653997,total relative dielectric
HfO2,694.336,-0.078789342951,1.3903718858,0.095486687314,0.049041192382,total relative dielectric
HfO2,694.64,-0.071544974931,1.3940948005,0.095253766355,0.048954944747,total relative dielectric
HfO2,694.944,-0.064318257605,1.3978111715,0.095021701088,0.048868910404,total relative dielectric
HfO2,695.248,-0.057109126222,1.401521015,0.094790487251,0.048783088663,total relative dielectric
HfO2,695.552,-0.04991751635,1.4052243472,0.094560120611,0.048697478841,total relative dielectric
HfO2,695.856,-0.042743363879,1.4089211839,0.094330596962,0.048612080255,total relative dielectric
HfO2,696.16,-0.035586605016,1.4126115414,0.094101912122,0.048526892227,total relative dielectric
HfO2,696.464,-0.028447176284,1.4162954355,0.093874061938,0.04844191408,total relative dielectric
HfO2,696.768,-0.021325014519500002,1.4199728822,0.093647042281,0.04835714514,total relative dielectric
HfO2,697.072,-0.014220056872,1.4236438974,0.093420849049,0.048272584736,total relative dielectric
HfO2,697.376,-0.0071322407996500005,1.4273084967,0.093195478164,0.048188232199,total relative dielectric
HfO2,697.68,-6.150406956650001e-05,1.4309666961,0.092970925575,0.048104086864,total relative dielectric
HfO2,697.984,0.0069922152454,1.4346185111,0.092747187255,0.048020148068,total relative dielectric
HfO2,698.288,0.014028978768,1.4382639576,0.092524259204,0.04793641515,total relative dielectric
HfO2,698.592,0.021048847819,1.441903051,0.092302137445,0.047852887452,total relative dielectric
HfO2,698.896,0.028051883419,1.445535807,0.092080818026,0.047769564319,total relative dielectric
HfO2,699.2,0.035038146288,1.449162241,0.091860297019,0.047686445097,total relative dielectric
HfO2,699.504,0.0420076968515,1.4527823685,0.091640570521,0.047603529138,total relative dielectric
HfO2,699.808,0.048960595239,1.456396205,0.091421634654,0.047520815794,total relative dielectric
HfO2,700.112,0.055896901288,1.4600037657,0.091203485562,0.047438304418,total relative dielectric
HfO2,700.416,0.062816674543,1.463605066,0.090986119415,0.04735599437,total relative dielectric
HfO2,700.72,0.06971997426,1.4672001213,0.090769532403,0.047273885009,total relative dielectric
HfO2,701.024,0.076606859408,1.4707889466,0.090553720744,0.047191975697,total relative dielectric
HfO2,701.328,0.083477388667,1.4743715571,0.090338680675,0.0471102658,total relative dielectric
HfO2,701.632,0.090331620437,1.477947968,0.090124408459,0.047028754685,total relative dielectric
HfO2,701.936,0.097169612833,1.4815181944,0.089910900381,0.046947441723,total relative dielectric
HfO2,702.24,0.10399142369,1.4850822513,0.089698152747,0.046866326285,total relative dielectric
HfO2,702.544,0.11079711056,1.4886401535,0.089486161888,0.046785407748,total relative dielectric
HfO2,702.848,0.11758673073,1.4921919162,0.089274924157,0.046704685487,total relative dielectric
HfO2,703.152,0.12436034119,1.4957375542,0.089064435928,0.046624158884,total relative dielectric
HfO2,703.456,0.13111799868,1.4992770822,0.088854693597,0.046543827321,total relative dielectric
HfO2,703.76,0.13785975965,1.5028105151,0.088645693584,0.046463690181,total relative dielectric
HfO2,704.064,0.14458568029,1.5063378677,0.088437432328,0.046383746853,total relative dielectric
HfO2,704.368,0.15129581651,1.5098591545,0.088229906292,0.046303996726,total relative dielectric
HfO2,704.672,0.15799022397,1.5133743904,0.088023111958,0.046224439192,total relative dielectric
HfO2,704.976,0.16466895804,1.5168835898,0.087817045832,0.046145073646,total relative dielectric
HfO2,705.28,0.17133207385,1.5203867674,0.087611704438,0.046065899482,total relative dielectric
HfO2,705.584,0.17797962625,1.5238839376,0.087407084324,0.045986916102,total relative dielectric
HfO2,705.888,0.18461166984,1.5273751149,0.087203182056,0.045908122906,total relative dielectric
HfO2,706.192,0.19122825896,1.5308603138,0.086999994224,0.045829519297,total relative dielectric
HfO2,706.496,0.19782944768,1.5343395486,0.086797517434,0.045751104683,total relative dielectric
HfO2,706.8,0.20441528983,1.5378128336,0.086595748316,0.04567287847,total relative dielectric
HfO2,707.104,0.21098583897,1.5412801832,0.08639468352,0.04559484007,total relative dielectric
HfO2,707.408,0.21754114841,1.5447416115,0.086194319714,0.045516988895,total relative dielectric
HfO2,707.712,0.22408127123,1.5481971328,0.085994653586,0.045439324361,total relative dielectric
HfO2,708.016,0.23060626022,1.5516467612,0.085795681847,0.045361845884,total relative dielectric
HfO2,708.32,0.23711616796,1.5550905108,0.085597401224,0.045284552886,total relative dielectric
HfO2,708.624,0.24361104677,1.5585283958,0.085399808465,0.045207444786,total relative dielectric
HfO2,708.928,0.2500909487,1.56196043,0.085202900338,0.045130521011,total relative dielectric
HfO2,709.232,0.25655592558,1.5653866275,0.085006673628,0.045053780985,total relative dielectric
HfO2,709.536,0.26300602901,1.5688070023,0.084811125141,0.044977224138,total relative dielectric
HfO2,709.84,0.26944131032,1.5722215682,0.084616251702,0.044900849899,total relative dielectric
HfO2,710.144,0.27586182061,1.575630339,0.084422050154,0.044824657703,total relative dielectric
HfO2,710.448,0.28226761074,1.5790333286,0.084228517358,0.044748646985,total relative dielectric
HfO2,710.752,0.28865873135,1.5824305507,0.084035650195,0.044672817181,total relative dielectric
HfO2,711.056,0.29503523281,1.5858220191,0.083843445563,0.04459716773,total relative dielectric
HfO2,711.36,0.30139716529,1.5892077474,0.083651900381,0.044521698076,total relative dielectric
HfO2,711.664,0.30774457871,1.5925877493,0.083461011582,0.044446407661,total relative dielectric
HfO2,711.968,0.31407752275,1.5959620383,0.08327077612,0.04437129593,total relative dielectric
HfO2,712.272,0.32039604689,1.599330628,0.083081190966,0.044296362334,total relative dielectric
HfO2,712.576,0.32670020034,1.6026935319,0.082892253108,0.04422160632,total relative dielectric
HfO2,712.88,0.33299003211,1.6060507635,0.082703959554,0.044147027342,total relative dielectric
HfO2,713.184,0.33926559099,1.6094023361,0.082516307327,0.044072624854,total relative dielectric
HfO2,713.488,0.34552692552,1.6127482633,0.082329293468,0.043998398312,total relative dielectric
HfO2,713.792,0.35177408402,1.6160885583,0.082142915035,0.043924347174,total relative dielectric
HfO2,714.096,0.35800711462,1.6194232344,0.081957169105,0.043850470902,total relative dielectric
HfO2,714.4,0.36422606519,1.6227523049,0.08177205277,0.043776768957,total relative dielectric
HfO2,714.704,0.3704309834,1.626075783,0.08158756314,0.043703240805,total relative dielectric
HfO2,715.008,0.37662191669,1.6293936819,0.081403697341,0.043629885912,total relative dielectric
HfO2,715.312,0.3827989123,1.6327060146,0.081220452516,0.043556703746,total relative dielectric
HfO2,715.616,0.38896201723,1.6360127945,0.081037825824,0.043483693779,total relative dielectric
HfO2,715.92,0.3951112783,1.6393140344,0.080855814441,0.043410855483,total relative dielectric
HfO2,716.224,0.40124674207,1.6426097474,0.08067441556,0.043338188332,total relative dielectric
HfO2,716.528,0.40736845493,1.6458999464,0.080493626389,0.043265691804,total relative dielectric
HfO2,716.832,0.41347646304,1.6491846445,0.080313444153,0.043193365377,total relative dielectric
HfO2,717.136,0.41957081235,1.6524638545,0.080133866092,0.043121208532,total relative dielectric
HfO2,717.44,0.4256515486,1.6557375893,0.079954889462,0.043049220752,total relative dielectric
HfO2,717.744,0.43171871733,1.6590058616,0.079776511536,0.04297740152,total relative dielectric
HfO2,718.048,0.43777236387,1.6622686844,0.079598729601,0.042905750324,total relative dielectric
HfO2,718.352,0.44381253335,1.6655260702,0.079421540961,0.042834266651,total relative dielectric
HfO2,718.656,0.44983927068,1.6687780319,0.079244942934,0.042762949993,total relative dielectric
HfO2,718.96,0.45585262058,1.672024582,0.079068932855,0.042691799842,total relative dielectric
HfO2,719.264,0.46185262758,1.6752657333,0.078893508072,0.042620815691,total relative dielectric
HfO2,719.568,0.46783933598,1.6785014983,0.07871866595,0.042549997037,total relative dielectric
HfO2,719.872,0.4738127899,1.6817318895,0.078544403869,0.042479343378,total relative dielectric
HfO2,720.176,0.47977303327,1.6849569195,0.078370719222,0.042408854214,total relative dielectric
HfO2,720.48,0.4857201098,1.6881766008,0.078197609419,0.042338529046,total relative dielectric
HfO2,720.784,0.49165406302,1.6913909457,0.078025071883,0.042268367379,total relative dielectric
HfO2,721.088,0.49757493626,1.6945999667,0.077853104053,0.042198368717,total relative dielectric
HfO2,721.392,0.50348277265,1.6978036761,0.077681703381,0.042128532568,total relative dielectric
HfO2,721.696,0.50937761516,1.7010020863,0.077510867335,0.042058858441,total relative dielectric
HfO2,722.0,0.51525950651,1.7041952095,0.077340593397,0.041989345847,total relative dielectric
HfO2,722.304,0.52112848929,1.7073830581,0.077170879062,0.0419199943,total relative dielectric
HfO2,722.608,0.52698460586,1.7105656441,0.07700172184,0.041850803312,total relative dielectric
HfO2,722.912,0.5328278984,1.7137429799,0.076833119255,0.041781772403,total relative dielectric
HfO2,723.216,0.53865840892,1.7169150774,0.076665068844,0.041712901088,total relative dielectric
HfO2,723.52,0.54447617923,1.7200819489,0.07649756816,0.041644188889,total relative dielectric
HfO2,723.824,0.55028125095,1.7232436064,0.076330614767,0.041575635327,total relative dielectric
HfO2,724.128,0.55607366553,1.726400062,0.076164206245,0.041507239926,total relative dielectric
HfO2,724.432,0.56185346423,1.7295513275,0.075998340186,0.041439002212,total relative dielectric
HfO2,724.736,0.56762068811,1.732697415,0.075833014196,0.041370921711,total relative dielectric
HfO2,725.04,0.57337537809,1.7358383365,0.075668225895,0.041302997953,total relative dielectric
HfO2,725.344,0.57911757487,1.7389741037,0.075503972914,0.041235230467,total relative dielectric
HfO2,725.648,0.58484731899,1.7421047285,0.0753402529,0.041167618787,total relative dielectric
HfO2,725.952,0.59056465081,1.7452302229,0.075177063512,0.041100162447,total relative dielectric
HfO2,726.256,0.59626961052,1.7483505984,0.075014402421,0.041032860983,total relative dielectric
HfO2,726.56,0.60196223812,1.751465867,0.074852267312,0.040965713931,total relative dielectric
HfO2,726.864,0.60764257343,1.7545760402,0.074690655883,0.040898720832,total relative dielectric
HfO2,727.168,0.61331065613,1.7576811298,0.074529565845,0.040831881226,total relative dielectric
HfO2,727.472,0.61896652569,1.7607811474,0.074368994919,0.040765194656,total relative dielectric
HfO2,727.776,0.62461022141,1.7638761047,0.074208940842,0.040698660667,total relative dielectric
HfO2,728.08,0.63024178246,1.7669660131,0.074049401362,0.040632278804,total relative dielectric
HfO2,728.384,0.63586124778,1.7700508843,0.07389037424,0.040566048615,total relative dielectric
HfO2,728.688,0.64146865619,1.7731307296,0.073731857247,0.04049996965,total relative dielectric
HfO2,728.992,0.64706404631,1.7762055607,0.07357384817,0.040434041459,total relative dielectric
HfO2,729.296,0.65264745661,1.7792753889,0.073416344805,0.040368263596,total relative dielectric
HfO2,729.6,0.6582189254,1.7823402257,0.073259344962,0.040302635614,total relative dielectric
HfO2,729.904,0.66377849079,1.7854000823,0.073102846462,0.04023715707,total relative dielectric
HfO2,730.208,0.66932619076,1.7884549702,0.072946847138,0.040171827521,total relative dielectric
HfO2,730.512,0.67486206311,1.7915049006,0.072791344835,0.040106646526,total relative dielectric
HfO2,730.816,0.68038614548,1.7945498848,0.072636337411,0.040041613647,total relative dielectric
HfO2,731.12,0.68589847535,1.797589934,0.072481822733,0.039976728445,total relative dielectric
HfO2,731.424,0.69139909004,1.8006250595,0.072327798682,0.039911990485,total relative dielectric
HfO2,731.728,0.69688802671,1.8036552723,0.072174263149,0.039847399332,total relative dielectric
HfO2,732.032,0.70236532235,1.8066805837,0.072021214038,0.039782954554,total relative dielectric
HfO2,732.336,0.7078310138,1.8097010048,0.071868649263,0.039718655719,total relative dielectric
HfO2,732.64,0.71328513774,1.8127165465,0.07171656675,0.039654502398,total relative dielectric
HfO2,732.944,0.7187277307,1.81572722,0.071564964435,0.039590494162,total relative dielectric
HfO2,733.248,0.72415882904,1.8187330362,0.071413840268,0.039526630585,total relative dielectric
HfO2,733.552,0.72957846898,1.8217340061,0.071263192207,0.039462911242,total relative dielectric
HfO2,733.856,0.73498668658,1.8247301407,0.071113018223,0.03939933571,total relative dielectric
HfO2,734.16,0.74038351774,1.8277214508,0.070963316297,0.039335903567,total relative dielectric
HfO2,734.464,0.74576899822,1.8307079474,0.070814084421,0.039272614392,total relative dielectric
HfO2,734.768,0.75114316361,1.8336896412,0.070665320598,0.039209467767,total relative dielectric
HfO2,735.072,0.75650604936,1.8366665431,0.070517022841,0.039146463274,total relative dielectric
HfO2,735.376,0.76185769078,1.8396386639,0.070369189176,0.039083600498,total relative dielectric
HfO2,735.68,0.76719812302,1.8426060143,0.070221817637,0.039020879024,total relative dielectric
HfO2,735.984,0.77252738106,1.8455686051,0.070074906268,0.038958298439,total relative dielectric
HfO2,736.288,0.77784549978,1.8485264469,0.069928453127,0.038895858333,total relative dielectric
HfO2,736.592,0.78315251387,1.8514795503,0.06978245628,0.038833558294,total relative dielectric
HfO2,736.896,0.78844845789,1.854427926,0.069636913803,0.038771397916,total relative dielectric
HfO2,737.2,0.79373336627,1.8573715846,0.069491823783,0.038709376791,total relative dielectric
HfO2,737.504,0.79900727326,1.8603105367,0.069347184316,0.038647494513,total relative dielectric
HfO2,737.808,0.804270213,1.8632447927,0.069202993511,0.038585750679,total relative dielectric
HfO2,738.112,0.80952221947,1.8661743633,0.069059249485,0.038524144887,total relative dielectric
HfO2,738.416,0.8147633265,1.8690992587,0.068915950364,0.038462676735,total relative dielectric
HfO2,738.72,0.8199935678,1.8720194896,0.068773094286,0.038401345823,total relative dielectric
HfO2,739.024,0.82521297692,1.8749350662,0.068630679397,0.038340151754,total relative dielectric
HfO2,739.328,0.83042158728,1.8778459991,0.068488703856,0.03827909413,total relative dielectric
HfO2,739.632,0.83561943217,1.8807522984,0.068347165827,0.038218172557,total relative dielectric
HfO2,739.936,0.84080654471,1.8836539746,0.068206063488,0.038157386641,total relative dielectric
HfO2,740.24,0.84598295791,1.886551038,0.068065395025,0.038096735988,total relative dielectric
HfO2,740.544,0.85114870463,1.8894434987,0.067925158632,0.038036220209,total relative dielectric
HfO2,740.848,0.85630381761,1.892331367,0.067785352514,0.037975838913,total relative dielectric
HfO2,741.152,0.86144832943,1.8952146532,0.067645974887,0.037915591712,total relative dielectric
HfO2,741.456,0.86658227255,1.8980933673,0.067507023973,0.037855478219,total relative dielectric
HfO2,741.76,0.87170567929,1.9009675196,0.067368498007,0.037795498048,total relative dielectric
HfO2,742.064,0.87681858185,1.9038371201,0.067230395229,0.037735650816,total relative dielectric
HfO2,742.368,0.88192101226,1.906702179,0.067092713891,0.03767593614,total relative dielectric
HfO2,742.672,0.88701300247,1.9095627062,0.066955452255,0.037616353638,total relative dielectric
HfO2,742.976,0.89209458426,1.9124187118,0.06681860859,0.03755690293,total relative dielectric
HfO2,743.28,0.8971657893,1.9152702059,0.066682181174,0.037497583637,total relative dielectric
HfO2,743.584,0.9022266491,1.9181171983,0.066546168295,0.037438395383,total relative dielectric
HfO2,743.888,0.90727719508,1.920959699,0.066410568251,0.037379337791,total relative dielectric
HfO2,744.192,0.91231745851,1.9237977179,0.066275379345,0.037320410486,total relative dielectric
HfO2,744.496,0.91734747053,1.9266312649,0.066140599894,0.037261613096,total relative dielectric
HfO2,744.8,0.92236726215,1.9294603499,0.066006228218,0.037202945247,total relative dielectric
HfO2,745.104,0.92737686427,1.9322849827,0.065872262651,0.03714440657,total relative dielectric
HfO2,745.408,0.93237630765,1.935105173,0.065738701533,0.037085996695,total relative dielectric
HfO2,745.712,0.93736562292,1.9379209307,0.065605543212,0.037027715253,total relative dielectric
HfO2,746.016,0.94234484061,1.9407322654,0.065472786046,0.036969561879,total relative dielectric
HfO2,746.32,0.9473139911,1.943539187,0.065340428401,0.036911536206,total relative dielectric
HfO2,746.624,0.95227310464,1.946341705,0.065208468652,0.03685363787,total relative dielectric
HfO2,746.928,0.9572222114,1.9491398292,0.06507690518,0.036795866509,total relative dielectric
HfO2,747.232,0.96216134138,1.9519335692,0.064945736377,0.036738221761,total relative dielectric
HfO2,747.536,0.96709052448,1.9547229345,0.064814960642,0.036680703265,total relative dielectric
HfO2,747.84,0.97200979048,1.9575079348,0.064684576383,0.036623310662,total relative dielectric
HfO2,748.144,0.97691916904,1.9602885796,0.064554582015,0.036566043595,total relative dielectric
HfO2,748.448,0.98181868969,1.9630648784,0.064424975963,0.036508901707,total relative dielectric
HfO2,748.752,0.98670838185,1.9658368408,0.064295756657,0.036451884642,total relative dielectric
HfO2,749.056,0.99158827482,1.9686044761,0.064166922538,0.036394992047,total relative dielectric
HfO2,749.36,0.99645839777,1.9713677938,0.064038472054,0.036338223568,total relative dielectric
HfO2,749.664,1.0013187798,1.9741268034,0.06391040366,0.036281578854,total relative dielectric
HfO2,749.968,1.0061694498,1.9768815142,0.06378271582,0.036225057555,total relative dielectric
HfO2,750.272,1.0110104366,1.9796319356,0.063655407005,0.036168659322,total relative dielectric
HfO2,750.576,1.015841769,1.982378077,0.063528475695,0.036112383806,total relative dielectric
HfO2,750.88,1.0206634755,1.9851199475,0.063401920376,0.036056230661,total relative dielectric
HfO2,751.184,1.0254755846,1.9878575566,0.063275739543,0.036000199541,total relative dielectric
HfO2,751.488,1.0302781247,1.9905909134,0.063149931698,0.035944290102,total relative dielectric
HfO2,751.792,1.0350711241,1.9933200273,0.063024495351,0.035888502002,total relative dielectric
HfO2,752.096,1.0398546109,1.9960449073,0.062899429019,0.035832834897,total relative dielectric
HfO2,752.4,1.0446286131,1.9987655627,0.062774731227,0.035777288448,total relative dielectric
HfO2,752.704,1.0493931587,2.0014820027,0.062650400508,0.035721862315,total relative dielectric
HfO2,753.008,1.0541482754,2.0041942363,0.0625264354,0.035666556159,total relative dielectric
HfO2,753.312,1.0588939909,2.0069022727,0.062402834451,0.035611369643,total relative dielectric
HfO2,753.616,1.063630333,2.0096061209,0.062279596215,0.035556302433,total relative dielectric
HfO2,753.92,1.0683573289,2.0123057899,0.062156719254,0.035501354191,total relative dielectric
HfO2,754.224,1.0730750062,2.0150012889,0.062034202136,0.035446524586,total relative dielectric
HfO2,754.528,1.077783392,2.0176926268,0.061912043438,0.035391813284,total relative dielectric
HfO2,754.832,1.0824825135,2.0203798126,0.061790241742,0.035337219954,total relative dielectric
HfO2,755.136,1.0871723978,2.0230628551,0.061668795638,0.035282744265,total relative dielectric
HfO2,755.44,1.0918530717,2.0257417635,0.061547703725,0.03522838589,total relative dielectric
HfO2,755.744,1.0965245623,2.0284165465,0.061426964605,0.0351741445,total relative dielectric
HfO2,756.048,1.1011868961,2.031087213,0.061306576891,0.035120019767,total relative dielectric
HfO2,756.352,1.1058400997,2.0337537718,0.061186539199,0.035066011367,total relative dielectric
HfO2,756.656,1.1104841998,2.0364162319,0.061066850156,0.035012118975,total relative dielectric
HfO2,756.96,1.1151192228,2.039074602,0.060947508393,0.034958342268,total relative dielectric
HfO2,757.264,1.1197451948,2.0417288908,0.060828512548,0.034904680922,total relative dielectric
HfO2,757.568,1.1243621422,2.0443791071,0.060709861268,0.034851134618,total relative dielectric
HfO2,757.872,1.1289700911,2.0470252597,0.060591553203,0.034797703034,total relative dielectric
HfO2,758.176,1.1335690674,2.0496673573,0.060473587013,0.034744385853,total relative dielectric
HfO2,758.48,1.1381590971,2.0523054084,0.060355961363,0.034691182755,total relative dielectric
HfO2,758.784,1.1427402059,2.0549394219,0.060238674925,0.034638093425,total relative dielectric
HfO2,759.088,1.1473124196,2.0575694062,0.060121726377,0.034585117546,total relative dielectric
HfO2,759.392,1.1518757638,2.06019537,0.060005114405,0.034532254804,total relative dielectric
HfO2,759.696,1.1564302639,2.062817322,0.0598888377,0.034479504885,total relative dielectric
HfO2,760.0,1.1609759454,2.0654352706,0.05977289496,0.034426867477,total relative dielectric
MoS2,0.0,0.71045722799,5.6767209753e-06,0.0,0.0,lattice 2D sheet polarizability / epsilon_0
MoS2,0.2,0.71045743644,5.6767221322e-06,8.3418127436e-06,4.6291821509e-11,lattice 2D sheet polarizability / epsilon_0
MoS2,0.4,0.71045806178,5.676725603e-06,1.6683654864e-05,9.2583756248e-11,lattice 2D sheet polarizability / epsilon_0
MoS2,0.6,0.71045910402,5.6767313876e-06,2.5025555738e-05,1.3887591745e-10,lattice 2D sheet polarizability / epsilon_0
MoS2,0.8,0.71046056316,5.676739486e-06,3.3367544743e-05,1.8516841834e-10,lattice 2D sheet polarizability / epsilon_0
MoS2,1.0,0.71046243921,5.6767498984e-06,4.1709651257e-05,2.3146137216e-10,lattice 2D sheet polarizability / epsilon_0
MoS2,1.2,0.71046473217,5.6767626246e-06,5.005190466e-05,2.7775489214e-10,lattice 2D sheet polarizability / epsilon_0
MoS2,1.4,0.71046744205,5.6767776648e-06,5.8394334332e-05,3.2404909153e-10,lattice 2D sheet polarizability / epsilon_0
MoS2,1.6,0.71047056886,5.676795019e-06,6.6736969655e-05,3.7034408357e-10,lattice 2D sheet polarizability / epsilon_0
MoS2,1.8,0.71047411262,5.6768146872e-06,7.5079840013e-05,4.1663998151e-10,lattice 2D sheet polarizability / epsilon_0
MoS2,2.0,0.71047807333,5.6768366694e-06,8.3422974793e-05,4.6293689859e-10,lattice 2D sheet polarizability / epsilon_0
MoS2,2.2,0.710482451,5.6768609658e-06,9.1766403381e-05,5.092349481e-10,lattice 2D sheet polarizability / epsilon_0
MoS2,2.4,0.71048724566,5.6768875763e-06,0.00010011015517,5.5553424329e-10,lattice 2D sheet polarizability / epsilon_0
MoS2,2.6,0.71049245732,5.6769165011e-06,0.00010845425955,6.0183489743e-10,lattice 2D sheet polarizability / epsilon_0
MoS2,2.8,0.710498086,5.6769477402e-06,0.00011679874593,6.4813702382e-10,lattice 2D sheet polarizability / epsilon_0
MoS2,3.0,0.71050413172,5.6769812937e-06,0.00012514364369,6.9444073575e-10,lattice 2D sheet polarizability / epsilon_0
MoS2,3.2,0.71051059449,5.6770171616e-06,0.00013348898225,7.4074614651e-10,lattice 2D sheet polarizability / epsilon_0
MoS2,3.4,0.71051747435,5.6770553442e-06,0.00014183479102,7.8705336942e-10,lattice 2D sheet polarizability / epsilon_0
MoS2,3.6,0.71052477132,5.6770958413e-06,0.00015018109939,8.3336251782e-10,lattice 2D sheet polarizability / epsilon_0
MoS2,3.8,0.71053248542,5.6771386532e-06,0.0001585279368,8.7967370502e-10,lattice 2D sheet polarizability / epsilon_0
MoS2,4.0,0.71054061667,5.67718378e-06,0.00016687533266,9.2598704438e-10,lattice 2D sheet polarizability / epsilon_0
MoS2,4.2,0.71054916512,5.6772312218e-06,0.0001752233164,9.7230264927e-10,lattice 2D sheet polarizability / epsilon_0
MoS2,4.4,0.71055813078,5.6772809786e-06,0.00018357191745,1.0186206331e-09,lattice 2D sheet polarizability / epsilon_0
MoS2,4.6,0.7105675137,5.6773330506e-06,0.00019192116524,1.0649411091e-09,lattice 2D sheet polarizability / epsilon_0
MoS2,4.8,0.71057731389,5.677387438e-06,0.00020027108921,1.1112641909e-09,lattice 2D sheet polarizability / epsilon_0
MoS2,5.0,0.71058753141,5.6774441409e-06,0.00020862171883,1.1575899918e-09,lattice 2D sheet polarizability / epsilon_0
MoS2,5.2,0.71059816627,5.6775031593e-06,0.00021697308353,1.2039186252e-09,lattice 2D sheet polarizability / epsilon_0
MoS2,5.4,0.71060921853,5.6775644935e-06,0.00022532521278,1.2502502046e-09,lattice 2D sheet polarizability / epsilon_0
MoS2,5.6,0.71062068822,5.6776281436e-06,0.00023367813606,1.2965848435e-09,lattice 2D sheet polarizability / epsilon_0
MoS2,5.8,0.71063257537,5.6776941097e-06,0.00024203188282,1.3429226554e-09,lattice 2D sheet polarizability / epsilon_0
MoS2,6.0,0.71064488004,5.6777623921e-06,0.00025038648256,1.3892637538e-09,lattice 2D sheet polarizability / epsilon_0
MoS2,6.2,0.71065760227,5.6778329908e-06,0.00025874196476,1.4356082522e-09,lattice 2D sheet polarizability / epsilon_0
MoS2,6.4,0.71067074209,5.6779059061e-06,0.00026709835892,1.4819562642e-09,lattice 2D sheet polarizability / epsilon_0
MoS2,6.6,0.71068429956,5.6779811381e-06,0.00027545569455,1.5283079033e-09,lattice 2D sheet polarizability / epsilon_0
MoS2,6.8,0.71069827473,5.6780586871e-06,0.00028381400115,1.5746632831e-09,lattice 2D sheet polarizability / epsilon_0
MoS2,7.0,0.71071266764,5.6781385531e-06,0.00029217330826,1.6210225173e-09,lattice 2D sheet polarizability / epsilon_0
MoS2,7.2,0.71072747834,5.6782207365e-06,0.0003005336454,1.6673857195e-09,lattice 2D sheet polarizability / epsilon_0
MoS2,7.4,0.71074270689,5.6783052373e-06,0.00030889504211,1.7137530033e-09,lattice 2D sheet polarizability / epsilon_0
MoS2,7.6,0.71075835334,5.6783920559e-06,0.00031725752794,1.7601244825e-09,lattice 2D sheet polarizability / epsilon_0
MoS2,7.8,0.71077441774,5.6784811924e-06,0.00032562113246,1.8065002708e-09,lattice 2D sheet polarizability / epsilon_0
MoS2,8.0,0.71079090016,5.678572647e-06,0.00033398588522,1.8528804819e-09,lattice 2D sheet polarizability / epsilon_0
MoS2,8.2,0.71080780064,5.67866642e-06,0.0003423518158,1.8992652296e-09,lattice 2D sheet polarizability / epsilon_0
MoS2,8.4,0.71082511926,5.6787625116e-06,0.00035071895381,1.9456546277e-09,lattice 2D sheet polarizability / epsilon_0
MoS2,8.6,0.71084285606,5.678860922e-06,0.00035908732883,1.99204879e-09,lattice 2D sheet polarizability / epsilon_0
MoS2,8.8,0.71086101112,5.6789616515e-06,0.00036745697048,2.0384478304e-09,lattice 2D sheet polarizability / epsilon_0
MoS2,9.0,0.71087958449,5.6790647003e-06,0.00037582790837,2.0848518627e-09,lattice 2D sheet polarizability / epsilon_0
MoS2,9.2,0.71089857625,5.6791700687e-06,0.00038420017215,2.1312610009e-09,lattice 2D sheet polarizability / epsilon_0
MoS2,9.4,0.71091798645,5.6792777569e-06,0.00039257379146,2.1776753589e-09,lattice 2D sheet polarizability / epsilon_0
MoS2,9.6,0.71093781518,5.6793877652e-06,0.00040094879595,2.2240950508e-09,lattice 2D sheet polarizability / epsilon_0
MoS2,9.8,0.71095806249,5.6795000938e-06,0.00040932521529,2.2705201904e-09,lattice 2D sheet polarizability / epsilon_0
MoS2,10.0,0.71097872846,5.6796147431e-06,0.00041770307917,2.3169508919e-09,lattice 2D sheet polarizability / epsilon_0
MoS2,10.2,0.71099981316,5.6797317133e-06,0.00042608241728,2.3633872693e-09,lattice 2D sheet polarizability / epsilon_0
MoS2,10.4,0.71102131667,5.6798510047e-06,0.00043446325933,2.4098294368e-09,lattice 2D sheet polarizability / epsilon_0
MoS2,10.6,0.71104323906,5.6799726176e-06,0.00044284563503,2.4562775085e-09,lattice 2D sheet polarizability / epsilon_0
MoS2,10.8,0.71106558041,5.6800965523e-06,0.00045122957413,2.5027315986e-09,lattice 2D sheet polarizability / epsilon_0
MoS2,11.0,0.71108834079,5.6802228091e-06,0.00045961510637,2.5491918213e-09,lattice 2D sheet polarizability / epsilon_0
MoS2,11.2,0.7111115203,5.6803513883e-06,0.00046800226151,2.5956582909e-09,lattice 2D sheet polarizability / epsilon_0
MoS2,11.4,0.71113511901,5.6804822902e-06,0.00047639106934,2.6421311217e-09,lattice 2D sheet polarizability / epsilon_0
MoS2,11.6,0.711159137,5.6806155152e-06,0.00048478155963,2.688610428e-09,lattice 2D sheet polarizability / epsilon_0
MoS2,11.8,0.71118357436,5.6807510635e-06,0.0004931737622,2.7350963242e-09,lattice 2D sheet polarizability / epsilon_0
MoS2,12.0,0.71120843117,5.6808889355e-06,0.00050156770687,2.7815889247e-09,lattice 2D sheet polarizability / epsilon_0
MoS2,12.2,0.71123370752,5.6810291316e-06,0.00050996342347,2.8280883439e-09,lattice 2D sheet polarizability / epsilon_0
MoS2,12.4,0.71125940351,5.681171652e-06,0.00051836094186,2.8745946964e-09,lattice 2D sheet polarizability / epsilon_0
MoS2,12.6,0.71128551922,5.6813164972e-06,0.00052676029191,2.9211080968e-09,lattice 2D sheet polarizability / epsilon_0
MoS2,12.8,0.71131205475,5.6814636674e-06,0.00053516150349,2.9676286596e-09,lattice 2D sheet polarizability / epsilon_0
MoS2,13.0,0.71133901018,5.6816131631e-06,0.00054356460652,3.0141564993e-09,lattice 2D sheet polarizability / epsilon_0
MoS2,13.2,0.71136638561,5.6817649846e-06,0.0005519696309,3.0606917308e-09,lattice 2D sheet polarizability / epsilon_0
MoS2,13.4,0.71139418115,5.6819191323e-06,0.00056037660658,3.1072344688e-09,lattice 2D sheet polarizability / epsilon_0
MoS2,13.6,0.71142239688,5.6820756065e-06,0.0005687855635,3.1537848279e-09,lattice 2D sheet polarizability / epsilon_0
MoS2,13.8,0.71145103292,5.6822344077e-06,0.00057719653164,3.200342923e-09,lattice 2D sheet polarizability / epsilon_0
MoS2,14.0,0.71148008935,5.6823955363e-06,0.00058560954098,3.2469088691e-09,lattice 2D sheet polarizability / epsilon_0
MoS2,14.2,0.71150956628,5.6825589925e-06,0.00059402462152,3.2934827809e-09,lattice 2D sheet polarizability / epsilon_0
MoS2,14.4,0.71153946382,5.6827247769e-06,0.0006024418033,3.3400647734e-09,lattice 2D sheet polarizability / epsilon_0
MoS2,14.6,0.71156978208,5.6828928899e-06,0.00061086111634,3.3866549617e-09,lattice 2D sheet polarizability / epsilon_0
MoS2,14.8,0.71160052115,5.6830633317e-06,0.00061928259072,3.4332534608e-09,lattice 2D sheet polarizability / epsilon_0
MoS2,15.0,0.71163168114,5.683236103e-06,0.00062770625652,3.4798603859e-09,lattice 2D sheet polarizability / epsilon_0
MoS2,15.2,0.71166326218,5.683411204e-06,0.00063613214383,3.526475852e-09,lattice 2D sheet polarizability / epsilon_0
MoS2,15.4,0.71169526437,5.6835886353e-06,0.00064456028277,3.5730999744e-09,lattice 2D sheet polarizability / epsilon_0
MoS2,15.6,0.71172768782,5.6837683972e-06,0.00065299070349,3.6197328683e-09,lattice 2D sheet polarizability / epsilon_0
MoS2,15.8,0.71176053264,5.6839504902e-06,0.00066142343614,3.6663746492e-09,lattice 2D sheet polarizability / epsilon_0
MoS2,16.0,0.71179379896,5.6841349147e-06,0.0006698585109,3.7130254323e-09,lattice 2D sheet polarizability / epsilon_0
MoS2,16.2,0.7118274869,5.6843216713e-06,0.00067829595797,3.7596853331e-09,lattice 2D sheet polarizability / epsilon_0
MoS2,16.4,0.71186159656,5.6845107603e-06,0.00068673580759,3.8063544671e-09,lattice 2D sheet polarizability / epsilon_0
MoS2,16.6,0.71189612807,5.6847021822e-06,0.00069517808997,3.8530329498e-09,lattice 2D sheet polarizability / epsilon_0
MoS2,16.8,0.71193108156,5.6848959375e-06,0.00070362283541,3.8997208968e-09,lattice 2D sheet polarizability / epsilon_0
MoS2,17.0,0.71196645715,5.6850920267e-06,0.00071207007417,3.9464184238e-09,lattice 2D sheet polarizability / epsilon_0
MoS2,17.2,0.71200225495,5.6852904503e-06,0.00072051983657,3.9931256465e-09,lattice 2D sheet polarizability / epsilon_0
MoS2,17.4,0.71203847511,5.6854912086e-06,0.00072897215295,4.0398426807e-09,lattice 2D sheet polarizability / epsilon_0
MoS2,17.6,0.71207511775,5.6856943023e-06,0.00073742705365,4.0865696422e-09,lattice 2D sheet polarizability / epsilon_0
MoS2,17.8,0.71211218299,5.6858997318e-06,0.00074588456905,4.1333066469e-09,lattice 2D sheet polarizability / epsilon_0
MoS2,18.0,0.71214967097,5.6861074977e-06,0.00075434472955,4.1800538108e-09,lattice 2D sheet polarizability / epsilon_0
MoS2,18.2,0.71218758182,5.6863176003e-06,0.00076280756558,4.2268112499e-09,lattice 2D sheet polarizability / epsilon_0
MoS2,18.4,0.71222591568,5.6865300404e-06,0.00077127310758,4.2735790803e-09,lattice 2D sheet polarizability / epsilon_0
MoS2,18.6,0.71226467269,5.6867448183e-06,0.00077974138603,4.3203574181e-09,lattice 2D sheet polarizability / epsilon_0
MoS2,18.8,0.71230385297,5.6869619346e-06,0.00078821243142,4.3671463796e-09,lattice 2D sheet polarizability / epsilon_0
MoS2,19.0,0.71234345667,5.6871813899e-06,0.00079668627427,4.413946081e-09,lattice 2D sheet polarizability / epsilon_0
MoS2,19.2,0.71238348393,5.6874031846e-06,0.00080516294513,4.4607566388e-09,lattice 2D sheet polarizability / epsilon_0
MoS2,19.4,0.71242393489,5.6876273194e-06,0.00081364247457,4.5075781692e-09,lattice 2D sheet polarizability / epsilon_0
MoS2,19.6,0.71246480969,5.6878537948e-06,0.00082212489318,4.5544107888e-09,lattice 2D sheet polarizability / epsilon_0
MoS2,19.8,0.71250610848,5.6880826112e-06,0.00083061023158,4.6012546141e-09,lattice 2D sheet polarizability / epsilon_0
MoS2,20.0,0.71254783141,5.6883137694e-06,0.00083909852044,4.6481097618e-09,lattice 2D sheet polarizability / epsilon_0
MoS2,20.2,0.71258997863,5.6885472699e-06,0.0008475897904,4.6949763485e-09,lattice 2D sheet polarizability / epsilon_0
MoS2,20.4,0.71263255028,5.6887831131e-06,0.00085608407219,4.741854491e-09,lattice 2D sheet polarizability / epsilon_0
MoS2,20.6,0.71267554651,5.6890212998e-06,0.00086458139653,4.7887443062e-09,lattice 2D sheet polarizability / epsilon_0
MoS2,20.8,0.71271896748,5.6892618306e-06,0.00087308179416,4.8356459109e-09,lattice 2D sheet polarizability / epsilon_0
MoS2,21.0,0.71276281334,5.6895047059e-06,0.00088158529588,4.8825594221e-09,lattice 2D sheet polarizability / epsilon_0
MoS2,21.2,0.71280708425,5.6897499264e-06,0.00089009193249,4.9294849569e-09,lattice 2D sheet polarizability / epsilon_0
MoS2,21.4,0.71285178037,5.6899974927e-06,0.00089860173484,4.9764226324e-09,lattice 2D sheet polarizability / epsilon_0
MoS2,21.6,0.71289690185,5.6902474054e-06,0.00090711473378,5.0233725657e-09,lattice 2D sheet polarizability / epsilon_0
MoS2,21.8,0.71294244885,5.6904996651e-06,0.00091563096022,5.0703348742e-09,lattice 2D sheet polarizability / epsilon_0
MoS2,22.0,0.71298842154,5.6907542725e-06,0.00092415044507,5.1173096753e-09,lattice 2D sheet polarizability / epsilon_0
MoS2,22.2,0.71303482008,5.6910112281e-06,0.00093267321928,5.1642970862e-09,lattice 2D sheet polarizability / epsilon_0
MoS2,22.4,0.71308164464,5.6912705327e-06,0.00094119931385,5.2112972247e-09,lattice 2D sheet polarizability / epsilon_0
MoS2,22.6,0.71312889537,5.6915321867e-06,0.00094972875978,5.2583102081e-09,lattice 2D sheet polarizability / epsilon_0
MoS2,22.8,0.71317657246,5.691796191e-06,0.00095826158812,5.3053361542e-09,lattice 2D sheet polarizability / epsilon_0
MoS2,23.0,0.71322467607,5.6920625461e-06,0.00096679782993,5.3523751808e-09,lattice 2D sheet polarizability / epsilon_0
MoS2,23.2,0.71327320636,5.6923312528e-06,0.00097533751632,5.3994274057e-09,lattice 2D sheet polarizability / epsilon_0
MoS2,23.4,0.71332216352,5.6926023115e-06,0.00098388067842,5.4464929467e-09,lattice 2D sheet polarizability / epsilon_0
MoS2,23.6,0.71337154772,5.6928757231e-06,0.0009924273474,5.4935719219e-09,lattice 2D sheet polarizability / epsilon_0
MoS2,23.8,0.71342135913,5.6931514882e-06,0.0010009775545,5.5406644493e-09,lattice 2D sheet polarizability / epsilon_0
MoS2,24.0,0.71347159793,5.6934296075e-06,0.0010095313308,5.5877706471e-09,lattice 2D sheet polarizability / epsilon_0
MoS2,24.2,0.7135222643,5.6937100816e-06,0.0010180887077,5.6348906336e-09,lattice 2D sheet polarizability / epsilon_0
MoS2,24.4,0.71357335843,5.6939929113e-06,0.0010266497165,5.682024527e-09,lattice 2D sheet polarizability / epsilon_0
MoS2,24.6,0.71362488048,5.6942780973e-06,0.0010352143884,5.7291724457e-09,lattice 2D sheet polarizability / epsilon_0
MoS2,24.8,0.71367683066,5.6945656402e-06,0.0010437827549,5.7763345084e-09,lattice 2D sheet polarizability / epsilon_0
MoS2,25.0,0.71372920913,5.6948555408e-06,0.0010523548473,5.8235108335e-09,lattice 2D sheet polarizability / epsilon_0
MoS2,25.2,0.71378201609,5.6951477997e-06,0.001060930697,5.8707015397e-09,lattice 2D sheet polarizability / epsilon_0
MoS2,25.4,0.71383525173,5.6954424178e-06,0.0010695103356,5.9179067458e-09,lattice 2D sheet polarizability / epsilon_0
MoS2,25.6,0.71388891624,5.6957393957e-06,0.0010780937944,5.9651265707e-09,lattice 2D sheet polarizability / epsilon_0
MoS2,25.8,0.71394300981,5.6960387342e-06,0.0010866811051,6.0123611333e-09,lattice 2D sheet polarizability / epsilon_0
MoS2,26.0,0.71399753262,5.6963404339e-06,0.0010952722991,6.0596105526e-09,lattice 2D sheet polarizability / epsilon_0
MoS2,26.2,0.71405248489,5.6966444958e-06,0.0011038674081,6.1068749477e-09,lattice 2D sheet polarizability / epsilon_0
MoS2,26.4,0.7141078668,5.6969509204e-06,0.0011124664638,6.154154438e-09,lattice 2D sheet polarizability / epsilon_0
MoS2,26.6,0.71416367855,5.6972597086e-06,0.0011210694977,6.2014491426e-09,lattice 2D sheet polarizability / epsilon_0
MoS2,26.8,0.71421992033,5.6975708611e-06,0.0011296765416,6.2487591811e-09,lattice 2D sheet polarizability / epsilon_0
MoS2,27.0,0.71427659236,5.6978843787e-06,0.0011382876272,6.2960846729e-09,lattice 2D sheet polarizability / epsilon_0
MoS2,27.2,0.71433369484,5.6982002621e-06,0.0011469027863,6.3434257376e-09,lattice 2D sheet polarizability / epsilon_0
MoS2,27.4,0.71439122796,5.6985185122e-06,0.0011555220507,6.3907824949e-09,lattice 2D sheet polarizability / epsilon_0
MoS2,27.6,0.71444919194,5.6988391298e-06,0.0011641454522,6.4381550646e-09,lattice 2D sheet polarizability / epsilon_0
MoS2,27.8,0.71450758697,5.6991621155e-06,0.0011727730228,6.4855435666e-09,lattice 2D sheet polarizability / epsilon_0
MoS2,28.0,0.71456641328,5.6994874703e-06,0.0011814047943,6.5329481209e-09,lattice 2D sheet polarizability / epsilon_0
MoS2,28.2,0.71462567107,5.699815195e-06,0.0011900407988,6.5803688476e-09,lattice 2D sheet polarizability / epsilon_0
MoS2,28.4,0.71468536055,5.7001452902e-06,0.0011986810682,6.6278058669e-09,lattice 2D sheet polarizability / epsilon_0
MoS2,28.6,0.71474548194,5.7004777569e-06,0.0012073256345,6.675259299e-09,lattice 2D sheet polarizability / epsilon_0
MoS2,28.8,0.71480603546,5.7008125959e-06,0.0012159745299,6.7227292645e-09,lattice 2D sheet polarizability / epsilon_0
MoS2,29.0,0.71486702131,5.7011498081e-06,0.0012246277864,6.7702158836e-09,lattice 2D sheet polarizability / epsilon_0
MoS2,29.2,0.71492843972,5.7014893941e-06,0.0012332854362,6.8177192772e-09,lattice 2D sheet polarizability / epsilon_0
MoS2,29.4,0.7149902909,5.701831355e-06,0.0012419475115,6.8652395659e-09,lattice 2D sheet polarizability / epsilon_0
MoS2,29.6,0.71505257509,5.7021756914e-06,0.0012506140446,6.9127768704e-09,lattice 2D sheet polarizability / epsilon_0
MoS2,29.8,0.7151152925,5.7025224044e-06,0.0012592850676,6.9603313118e-09,lattice 2D sheet polarizability / epsilon_0
MoS2,30.0,0.71517844336,5.7028714947e-06,0.001267960613,7.007903011e-09,lattice 2D sheet polarizability / epsilon_0
MoS2,30.2,0.7152420279,5.7032229632e-06,0.0012766407131,7.0554920892e-09,lattice 2D sheet polarizability / epsilon_0
MoS2,30.4,0.71530604633,5.7035768108e-06,0.0012853254002,7.1030986676e-09,lattice 2D sheet polarizability / epsilon_0
MoS2,30.6,0.7153704989,5.7039330384e-06,0.0012940147069,7.1507228675e-09,lattice 2D sheet polarizability / epsilon_0
MoS2,30.8,0.71543538584,5.7042916468e-06,0.0013027086655,7.1983648105e-09,lattice 2D sheet polarizability / epsilon_0
MoS2,31.0,0.71550070737,5.704652637e-06,0.0013114073087,7.2460246181e-09,lattice 2D sheet polarizability / epsilon_0
MoS2,31.2,0.71556646374,5.7050160097e-06,0.0013201106689,7.293702412e-09,lattice 2D sheet polarizability / epsilon_0
MoS2,31.4,0.71563265517,5.705381766e-06,0.0013288187789,7.3413983139e-09,lattice 2D sheet polarizability / epsilon_0
MoS2,31.6,0.71569928192,5.7057499067e-06,0.0013375316712,7.3891124459e-09,lattice 2D sheet polarizability / epsilon_0
MoS2,31.8,0.71576634421,5.7061204328e-06,0.0013462493786,7.4368449298e-09,lattice 2D sheet polarizability / epsilon_0
MoS2,32.0,0.71583384228,5.7064933452e-06,0.0013549719337,7.4845958879e-09,lattice 2D sheet polarizability / epsilon_0
MoS2,32.2,0.71590177639,5.7068686447e-06,0.0013636993694,7.5323654424e-09,lattice 2D sheet polarizability / epsilon_0
MoS2,32.4,0.71597014677,5.7072463324e-06,0.0013724317185,7.5801537157e-09,lattice 2D sheet polarizability / epsilon_0
MoS2,32.6,0.71603895368,5.7076264092e-06,0.0013811690139,7.6279608302e-09,lattice 2D sheet polarizability / epsilon_0
MoS2,32.8,0.71610819735,5.7080088759e-06,0.0013899112884,7.6757869086e-09,lattice 2D sheet polarizability / epsilon_0
MoS2,33.0,0.71617787805,5.7083937336e-06,0.0013986585751,7.7236320736e-09,lattice 2D sheet polarizability / epsilon_0
MoS2,33.2,0.71624799601,5.7087809833e-06,0.0014074109069,7.771496448e-09,lattice 2D sheet polarizability / epsilon_0
MoS2,33.4,0.71631855149,5.7091706258e-06,0.001416168317,7.8193801547e-09,lattice 2D sheet polarizability / epsilon_0
MoS2,33.6,0.71638954476,5.7095626622e-06,0.0014249308384,7.867283317e-09,lattice 2D sheet polarizability / epsilon_0
MoS2,33.8,0.71646097605,5.7099570934e-06,0.0014336985042,7.9152060579e-09,lattice 2D sheet polarizability / epsilon_0
MoS2,34.0,0.71653284564,5.7103539204e-06,0.0014424713476,7.9631485009e-09,lattice 2D sheet polarizability / epsilon_0
MoS2,34.2,0.71660515378,5.7107531442e-06,0.001451249402,8.0111107693e-09,lattice 2D sheet polarizability / epsilon_0
MoS2,34.4,0.71667790073,5.7111547657e-06,0.0014600327005,8.0590929867e-09,lattice 2D sheet polarizability / epsilon_0
MoS2,34.6,0.71675108675,5.7115587861e-06,0.0014688212766,8.1070952769e-09,lattice 2D sheet polarizability / epsilon_0
MoS2,34.8,0.71682471212,5.7119652063e-06,0.0014776151636,8.1551177636e-09,lattice 2D sheet polarizability / epsilon_0
MoS2,35.0,0.71689877709,5.7123740272e-06,0.0014864143949,8.2031605708e-09,lattice 2D sheet polarizability / epsilon_0
MoS2,35.2,0.71697328192,5.71278525e-06,0.001495219004,8.2512238227e-09,lattice 2D sheet polarizability / epsilon_0
MoS2,35.4,0.71704822691,5.7131988757e-06,0.0015040290244,8.2993076433e-09,lattice 2D sheet polarizability / epsilon_0
MoS2,35.6,0.7171236123,5.7136149052e-06,0.0015128444898,8.3474121571e-09,lattice 2D sheet polarizability / epsilon_0
MoS2,35.8,0.71719943838,5.7140333396e-06,0.0015216654338,8.3955374886e-09,lattice 2D sheet polarizability / epsilon_0
MoS2,36.0,0.71727570542,5.71445418e-06,0.00153049189,8.4436837622e-09,lattice 2D sheet polarizability / epsilon_0
MoS2,36.2,0.7173524137,5.7148774274e-06,0.0015393238921,8.4918511028e-09,lattice 2D sheet polarizability / epsilon_0
MoS2,36.4,0.71742956349,5.7153030829e-06,0.001548161474,8.5400396352e-09,lattice 2D sheet polarizability / epsilon_0
MoS2,36.6,0.71750715507,5.7157311475e-06,0.0015570046696,8.5882494844e-09,lattice 2D sheet polarizability / epsilon_0
MoS2,36.8,0.71758518873,5.7161616222e-06,0.0015658535125,8.6364807756e-09,lattice 2D sheet polarizability / epsilon_0
MoS2,37.0,0.71766366475,5.7165945083e-06,0.001574708037,8.6847336339e-09,lattice 2D sheet polarizability / epsilon_0
MoS2,37.2,0.71774258341,5.7170298067e-06,0.0015835682768,8.7330081849e-09,lattice 2D sheet polarizability / epsilon_0
MoS2,37.4,0.71782194499,5.7174675185e-06,0.001592434266,8.7813045541e-09,lattice 2D sheet polarizability / epsilon_0
MoS2,37.6,0.7179017498,5.7179076449e-06,0.0016013060388,8.8296228671e-09,lattice 2D sheet polarizability / epsilon_0
MoS2,37.8,0.71798199811,5.7183501868e-06,0.0016101836293,8.8779632497e-09,lattice 2D sheet polarizability / epsilon_0
MoS2,38.0,0.71806269021,5.7187951456e-06,0.0016190670716,8.9263258279e-09,lattice 2D sheet polarizability / epsilon_0
MoS2,38.2,0.71814382641,5.7192425221e-06,0.0016279564001,8.9747107278e-09,lattice 2D sheet polarizability / epsilon_0
MoS2,38.4,0.71822540699,5.7196923177e-06,0.0016368516491,9.0231180757e-09,lattice 2D sheet polarizability / epsilon_0
MoS2,38.6,0.71830743226,5.7201445333e-06,0.0016457528529,9.0715479978e-09,lattice 2D sheet polarizability / epsilon_0
MoS2,38.8,0.7183899025,5.7205991701e-06,0.0016546600459,9.1200006208e-09,lattice 2D sheet polarizability / epsilon_0
MoS2,39.0,0.71847281803,5.7210562293e-06,0.0016635732626,9.1684760713e-09,lattice 2D sheet polarizability / epsilon_0
MoS2,39.2,0.71855617913,5.721515712e-06,0.0016724925376,9.2169744761e-09,lattice 2D sheet polarizability / epsilon_0
MoS2,39.4,0.71863998612,5.7219776193e-06,0.0016814179053,9.2654959622e-09,lattice 2D sheet polarizability / epsilon_0
MoS2,39.6,0.71872423931,5.7224419525e-06,0.0016903494006,9.3140406566e-09,lattice 2D sheet polarizability / epsilon_0
MoS2,39.8,0.71880893898,5.7229087126e-06,0.001699287058,9.3626086866e-09,lattice 2D sheet polarizability / epsilon_0
MoS2,40.0,0.71889408547,5.7233779008e-06,0.0017082309124,9.4112001796e-09,lattice 2D sheet polarizability / epsilon_0
MoS2,40.2,0.71897967907,5.7238495184e-06,0.0017171809985,9.4598152631e-09,lattice 2D sheet polarizability / epsilon_0
MoS2,40.4,0.7190657201,5.7243235665e-06,0.0017261373512,9.5084540648e-09,lattice 2D sheet polarizability / epsilon_0
MoS2,40.6,0.71915220887,5.7248000462e-06,0.0017351000054,9.5571167126e-09,lattice 2D sheet polarizability / epsilon_0
MoS2,40.8,0.7192391457,5.7252789588e-06,0.0017440689961,9.6058033345e-09,lattice 2D sheet polarizability / epsilon_0
MoS2,41.0,0.7193265309,5.7257603055e-06,0.0017530443585,9.6545140586e-09,lattice 2D sheet polarizability / epsilon_0
MoS2,41.2,0.71941436479,5.7262440875e-06,0.0017620261274,9.7032490131e-09,lattice 2D sheet polarizability / epsilon_0
MoS2,41.4,0.71950264771,5.726730306e-06,0.0017710143383,9.7520083267e-09,lattice 2D sheet polarizability / epsilon_0
MoS2,41.6,0.71959137995,5.7272189622e-06,0.0017800090262,9.8007921278e-09,lattice 2D sheet polarizability / epsilon_0
MoS2,41.8,0.71968056186,5.7277100573e-06,0.0017890102264,9.8496005452e-09,lattice 2D sheet polarizability / epsilon_0
MoS2,42.0,0.71977019376,5.7282035927e-06,0.0017980179744,9.8984337078e-09,lattice 2D sheet polarizability / epsilon_0
MoS2,42.2,0.71986027597,5.7286995694e-06,0.0018070323054,9.9472917447e-09,lattice 2D sheet polarizability / epsilon_0
MoS2,42.4,0.71995080883,5.7291979888e-06,0.001816053255,9.9961747852e-09,lattice 2D sheet polarizability / epsilon_0
MoS2,42.6,0.72004179267,5.7296988521e-06,0.0018250808587,1.0045082959e-08,lattice 2D sheet polarizability / epsilon_0
MoS2,42.8,0.72013322781,5.7302021606e-06,0.0018341151521,1.0094016395e-08,lattice 2D sheet polarizability / epsilon_0
MoS2,43.0,0.7202251146,5.7307079156e-06,0.0018431561709,1.0142975223e-08,lattice 2D sheet polarizability / epsilon_0
MoS2,43.2,0.72031745337,5.7312161182e-06,0.0018522039506,1.0191959573e-08,lattice 2D sheet polarizability / epsilon_0
MoS2,43.4,0.72041024446,5.7317267699e-06,0.0018612585273,1.0240969575e-08,lattice 2D sheet polarizability / epsilon_0
MoS2,43.6,0.72050348821,5.7322398718e-06,0.0018703199366,1.029000536e-08,lattice 2D sheet polarizability / epsilon_0
MoS2,43.8,0.72059718497,5.7327554253e-06,0.0018793882145,1.0339067057e-08,lattice 2D sheet polarizability / epsilon_0
MoS2,44.0,0.72069133507,5.7332734316e-06,0.0018884633969,1.0388154798e-08,lattice 2D sheet polarizability / epsilon_0
MoS2,44.2,0.72078593886,5.7337938922e-06,0.0018975455199,1.0437268712e-08,lattice 2D sheet polarizability / epsilon_0
MoS2,44.4,0.72088099669,5.7343168082e-06,0.0019066346196,1.0486408931e-08,lattice 2D sheet polarizability / epsilon_0
MoS2,44.6,0.72097650891,5.734842181e-06,0.0019157307322,1.0535575586e-08,lattice 2D sheet polarizability / epsilon_0
MoS2,44.8,0.72107247587,5.7353700119e-06,0.0019248338939,1.0584768808e-08,lattice 2D sheet polarizability / epsilon_0
MoS2,45.0,0.72116889792,5.7359003022e-06,0.0019339441409,1.0633988728e-08,lattice 2D sheet polarizability / epsilon_0
MoS2,45.2,0.72126577542,5.7364330534e-06,0.0019430615097,1.0683235478e-08,lattice 2D sheet polarizability / epsilon_0
MoS2,45.4,0.72136310872,5.7369682667e-06,0.0019521860367,1.073250919e-08,lattice 2D sheet polarizability / epsilon_0
MoS2,45.6,0.72146089819,5.7375059435e-06,0.0019613177583,1.0781809995e-08,lattice 2D sheet polarizability / epsilon_0
MoS2,45.8,0.72155914418,5.7380460851e-06,0.0019704567112,1.0831138026e-08,lattice 2D sheet polarizability / epsilon_0
MoS2,46.0,0.72165784705,5.7385886929e-06,0.001979602932,1.0880493415e-08,lattice 2D sheet polarizability / epsilon_0
MoS2,46.2,0.72175700718,5.7391337683e-06,0.0019887564573,1.0929876294e-08,lattice 2D sheet polarizability / epsilon_0
MoS2,46.4,0.72185662491,5.7396813126e-06,0.001997917324,1.0979286795e-08,lattice 2D sheet polarizability / epsilon_0
MoS2,46.6,0.72195670063,5.7402313273e-06,0.0020070855689,1.1028725052e-08,lattice 2D sheet polarizability / epsilon_0
MoS2,46.8,0.7220572347,5.7407838137e-06,0.0020162612288,1.1078191198e-08,lattice 2D sheet polarizability / epsilon_0
MoS2,47.0,0.72215822749,5.7413387732e-06,0.0020254443408,1.1127685365e-08,lattice 2D sheet polarizability / epsilon_0
MoS2,47.2,0.72225967938,5.7418962072e-06,0.002034634942,1.1177207687e-08,lattice 2D sheet polarizability / epsilon_0
MoS2,47.4,0.72236159074,5.7424561172e-06,0.0020438330694,1.1226758297e-08,lattice 2D sheet polarizability / epsilon_0
MoS2,47.6,0.72246396194,5.7430185045e-06,0.0020530387602,1.127633733e-08,lattice 2D sheet polarizability / epsilon_0
MoS2,47.8,0.72256679337,5.7435833706e-06,0.0020622520517,1.1325944918e-08,lattice 2D sheet polarizability / epsilon_0
MoS2,48.0,0.72267008541,5.7441507169e-06,0.0020714729812,1.1375581196e-08,lattice 2D sheet polarizability / epsilon_0
MoS2,48.2,0.72277383843,5.7447205448e-06,0.0020807015862,1.1425246298e-08,lattice 2D sheet polarizability / epsilon_0
MoS2,48.4,0.72287805283,5.7452928558e-06,0.0020899379041,1.1474940359e-08,lattice 2D sheet polarizability / epsilon_0
MoS2,48.6,0.72298272899,5.7458676513e-06,0.0020991819724,1.1524663513e-08,lattice 2D sheet polarizability / epsilon_0
MoS2,48.8,0.72308786729,5.7464449329e-06,0.0021084338288,1.1574415894e-08,lattice 2D sheet polarizability / epsilon_0
MoS2,49.0,0.72319346813,5.7470247018e-06,0.002117693511,1.1624197639e-08,lattice 2D sheet polarizability / epsilon_0
MoS2,49.2,0.7232995319,5.7476069597e-06,0.0021269610568,1.1674008881e-08,lattice 2D sheet polarizability / epsilon_0
MoS2,49.4,0.72340605899,5.7481917081e-06,0.002136236504,1.1723849756e-08,lattice 2D sheet polarizability / epsilon_0
MoS2,49.6,0.72351304979,5.7487789482e-06,0.0021455198905,1.1773720401e-08,lattice 2D sheet polarizability / epsilon_0
MoS2,49.8,0.72362050472,5.7493686818e-06,0.0021548112544,1.1823620949e-08,lattice 2D sheet polarizability / epsilon_0
MoS2,50.0,0.72372842415,5.7499609102e-06,0.0021641106336,1.1873551539e-08,lattice 2D sheet polarizability / epsilon_0
MoS2,50.2,0.72383680851,5.750555635e-06,0.0021734180664,1.1923512304e-08,lattice 2D sheet polarizability / epsilon_0
MoS2,50.4,0.72394565818,5.7511528577e-06,0.002182733591,1.1973503383e-08,lattice 2D sheet polarizability / epsilon_0
MoS2,50.6,0.72405497357,5.7517525798e-06,0.0021920572457,1.2023524911e-08,lattice 2D sheet polarizability / epsilon_0
MoS2,50.8,0.7241647551,5.7523548028e-06,0.0022013890688,1.2073577024e-08,lattice 2D sheet polarizability / epsilon_0
MoS2,51.0,0.72427500316,5.7529595283e-06,0.0022107290989,1.2123659861e-08,lattice 2D sheet polarizability / epsilon_0
MoS2,51.2,0.72438571818,5.7535667578e-06,0.0022200773744,1.2173773558e-08,lattice 2D sheet polarizability / epsilon_0
MoS2,51.4,0.72449690056,5.7541764928e-06,0.002229433934,1.2223918252e-08,lattice 2D sheet polarizability / epsilon_0
MoS2,51.6,0.72460855071,5.7547887349e-06,0.0022387988164,1.227409408e-08,lattice 2D sheet polarizability / epsilon_0
MoS2,51.8,0.72472066906,5.7554034857e-06,0.0022481720604,1.2324301182e-08,lattice 2D sheet polarizability / epsilon_0
MoS2,52.0,0.72483325602,5.7560207467e-06,0.0022575537047,1.2374539693e-08,lattice 2D sheet polarizability / epsilon_0
MoS2,52.2,0.72494631202,5.7566405195e-06,0.0022669437885,1.2424809753e-08,lattice 2D sheet polarizability / epsilon_0
MoS2,52.4,0.72505983747,5.7572628056e-06,0.0022763423505,1.24751115e-08,lattice 2D sheet polarizability / epsilon_0
MoS2,52.6,0.7251738328,5.7578876068e-06,0.0022857494301,1.2525445072e-08,lattice 2D sheet polarizability / epsilon_0
MoS2,52.8,0.72528829844,5.7585149244e-06,0.0022951650662,1.2575810608e-08,lattice 2D sheet polarizability / epsilon_0
MoS2,53.0,0.72540323481,5.7591447602e-06,0.0023045892983,1.2626208246e-08,lattice 2D sheet polarizability / epsilon_0
MoS2,53.2,0.72551864234,5.7597771158e-06,0.0023140221656,1.2676638127e-08,lattice 2D sheet polarizability / epsilon_0
MoS2,53.4,0.72563452148,5.7604119928e-06,0.0023234637076,1.2727100389e-08,lattice 2D sheet polarizability / epsilon_0
MoS2,53.6,0.72575087264,5.7610493927e-06,0.0023329139638,1.2777595172e-08,lattice 2D sheet polarizability / epsilon_0
MoS2,53.8,0.72586769627,5.7616893173e-06,0.0023423729738,1.2828122616e-08,lattice 2D sheet polarizability / epsilon_0
MoS2,54.0,0.72598499281,5.7623317681e-06,0.0023518407772,1.287868286e-08,lattice 2D sheet polarizability / epsilon_0
MoS2,54.2,0.72610276269,5.7629767468e-06,0.0023613174139,1.2929276045e-08,lattice 2D sheet polarizability / epsilon_0
MoS2,54.4,0.72622100636,5.7636242551e-06,0.0023708029236,1.2979902312e-08,lattice 2D sheet polarizability / epsilon_0
MoS2,54.6,0.72633972426,5.7642742946e-06,0.0023802973464,1.30305618e-08,lattice 2D sheet polarizability / epsilon_0
MoS2,54.8,0.72645891684,5.7649268669e-06,0.0023898007222,1.3081254651e-08,lattice 2D sheet polarizability / epsilon_0
MoS2,55.0,0.72657858454,5.7655819738e-06,0.0023993130911,1.3131981006e-08,lattice 2D sheet polarizability / epsilon_0
MoS2,55.2,0.72669872782,5.7662396169e-06,0.0024088344933,1.3182741005e-08,lattice 2D sheet polarizability / epsilon_0
MoS2,55.4,0.72681934713,5.7668997979e-06,0.0024183649692,1.3233534792e-08,lattice 2D sheet polarizability / epsilon_0
MoS2,55.6,0.72694044292,5.7675625185e-06,0.002427904559,1.3284362506e-08,lattice 2D sheet polarizability / epsilon_0
MoS2,55.8,0.72706201565,5.7682277804e-06,0.0024374533033,1.3335224291e-08,lattice 2D sheet polarizability / epsilon_0
MoS2,56.0,0.72718406577,5.7688955852e-06,0.0024470112426,1.3386120288e-08,lattice 2D sheet polarizability / epsilon_0
MoS2,56.2,0.72730659375,5.7695659348e-06,0.0024565784175,1.3437050639e-08,lattice 2D sheet polarizability / epsilon_0
MoS2,56.4,0.72742960005,5.7702388308e-06,0.0024661548688,1.3488015488e-08,lattice 2D sheet polarizability / epsilon_0
MoS2,56.6,0.72755308513,5.770914275e-06,0.0024757406372,1.3539014977e-08,lattice 2D sheet polarizability / epsilon_0
MoS2,56.8,0.72767704946,5.7715922691e-06,0.0024853357637,1.3590049249e-08,lattice 2D sheet polarizability / epsilon_0
MoS2,57.0,0.72780149351,5.7722728147e-06,0.0024949402892,1.3641118448e-08,lattice 2D sheet polarizability / epsilon_0
MoS2,57.2,0.72792641775,5.7729559138e-06,0.002504554255,1.3692222716e-08,lattice 2D sheet polarizability / epsilon_0
MoS2,57.4,0.72805182265,5.773641568e-06,0.002514177702,1.3743362199e-08,lattice 2D sheet polarizability / epsilon_0
MoS2,57.6,0.72817770868,5.7743297791e-06,0.0025238106717,1.3794537039e-08,lattice 2D sheet polarizability / epsilon_0
MoS2,57.8,0.72830407632,5.7750205489e-06,0.0025334532054,1.3845747381e-08,lattice 2D sheet polarizability / epsilon_0
MoS2,58.0,0.72843092605,5.7757138791e-06,0.0025431053445,1.3896993369e-08,lattice 2D sheet polarizability / epsilon_0
MoS2,58.2,0.72855825835,5.7764097715e-06,0.0025527671306,1.3948275149e-08,lattice 2D sheet polarizability / epsilon_0
MoS2,58.4,0.72868607371,5.7771082279e-06,0.0025624386053,1.3999592864e-08,lattice 2D sheet polarizability / epsilon_0
MoS2,58.6,0.7288143726,5.7778092502e-06,0.0025721198105,1.405094666e-08,lattice 2D sheet polarizability / epsilon_0
MoS2,58.8,0.72894315552,5.7785128401e-06,0.0025818107878,1.4102336683e-08,lattice 2D sheet polarizability / epsilon_0
MoS2,59.0,0.72907242296,5.7792189994e-06,0.0025915115793,1.4153763078e-08,lattice 2D sheet polarizability / epsilon_0
MoS2,59.2,0.7292021754,5.77992773e-06,0.002601222227,1.4205225991e-08,lattice 2D sheet polarizability / epsilon_0
MoS2,59.4,0.72933241333,5.7806390337e-06,0.002610942773,1.4256725569e-08,lattice 2D sheet polarizability / epsilon_0
MoS2,59.6,0.72946313726,5.7813529123e-06,0.0026206732596,1.4308261956e-08,lattice 2D sheet polarizability / epsilon_0
MoS2,59.8,0.72959434768,5.7820693677e-06,0.002630413729,1.4359835301e-08,lattice 2D sheet polarizability / epsilon_0
MoS2,60.0,0.7297260451,5.7827884017e-06,0.0026401642237,1.4411445749e-08,lattice 2D sheet polarizability / epsilon_0
MoS2,60.2,0.72985823,5.7835100161e-06,0.0026499247862,1.4463093449e-08,lattice 2D sheet polarizability / epsilon_0
MoS2,60.4,0.7299909029,5.7842342129e-06,0.0026596954591,1.4514778547e-08,lattice 2D sheet polarizability / epsilon_0
MoS2,60.6,0.73012406431,5.7849609939e-06,0.0026694762851,1.456650119e-08,lattice 2D sheet polarizability / epsilon_0
MoS2,60.8,0.73025771472,5.785690361e-06,0.0026792673071,1.4618261527e-08,lattice 2D sheet polarizability / epsilon_0
MoS2,61.0,0.73039185465,5.786422316e-06,0.002689068568,1.4670059707e-08,lattice 2D sheet polarizability / epsilon_0
MoS2,61.2,0.73052648462,5.7871568609e-06,0.0026988801108,1.4721895876e-08,lattice 2D sheet polarizability / epsilon_0
MoS2,61.4,0.73066160513,5.7878939976e-06,0.0027087019785,1.4773770183e-08,lattice 2D sheet polarizability / epsilon_0
MoS2,61.6,0.73079721671,5.788633728e-06,0.0027185342145,1.4825682779e-08,lattice 2D sheet polarizability / epsilon_0
MoS2,61.8,0.73093331987,5.789376054e-06,0.0027283768621,1.4877633811e-08,lattice 2D sheet polarizability / epsilon_0
MoS2,62.0,0.73106991513,5.7901209775e-06,0.0027382299646,1.4929623428e-08,lattice 2D sheet polarizability / epsilon_0
MoS2,62.2,0.73120700302,5.7908685004e-06,0.0027480935657,1.4981651781e-08,lattice 2D sheet polarizability / epsilon_0
MoS2,62.4,0.73134458407,5.7916186247e-06,0.0027579677089,1.503371902e-08,lattice 2D sheet polarizability / epsilon_0
MoS2,62.6,0.73148265879,5.7923713524e-06,0.0027678524381,1.5085825294e-08,lattice 2D sheet polarizability / epsilon_0
MoS2,62.8,0.73162122772,5.7931266853e-06,0.0027777477969,1.5137970754e-08,lattice 2D sheet polarizability / epsilon_0
MoS2,63.0,0.73176029139,5.7938846255e-06,0.0027876538295,1.519015555e-08,lattice 2D sheet polarizability / epsilon_0
MoS2,63.2,0.73189985034,5.794645175e-06,0.0027975705799,1.5242379834e-08,lattice 2D sheet polarizability / epsilon_0
MoS2,63.4,0.7320399051,5.7954083356e-06,0.0028074980921,1.5294643756e-08,lattice 2D sheet polarizability / epsilon_0
MoS2,63.6,0.73218045621,5.7961741094e-06,0.0028174364106,1.5346947469e-08,lattice 2D sheet polarizability / epsilon_0
MoS2,63.8,0.73232150421,5.7969424983e-06,0.0028273855796,1.5399291122e-08,lattice 2D sheet polarizability / epsilon_0
MoS2,64.0,0.73246304964,5.7977135045e-06,0.0028373456437,1.545167487e-08,lattice 2D sheet polarizability / epsilon_0
MoS2,64.2,0.73260509305,5.7984871298e-06,0.0028473166475,1.5504098863e-08,lattice 2D sheet polarizability / epsilon_0
MoS2,64.4,0.73274763499,5.7992633763e-06,0.0028572986356,1.5556563254e-08,lattice 2D sheet polarizability / epsilon_0
MoS2,64.6,0.73289067601,5.800042246e-06,0.002867291653,1.5609068197e-08,lattice 2D sheet polarizability / epsilon_0
MoS2,64.8,0.73303421665,5.800823741e-06,0.0028772957444,1.5661613844e-08,lattice 2D sheet polarizability / epsilon_0
MoS2,65.0,0.73317825747,5.8016078632e-06,0.002887310955,1.5714200348e-08,lattice 2D sheet polarizability / epsilon_0
MoS2,65.2,0.73332279903,5.8023946148e-06,0.00289733733,1.5766827863e-08,lattice 2D sheet polarizability / epsilon_0
MoS2,65.4,0.73346784189,5.8031839977e-06,0.0029073749144,1.5819496543e-08,lattice 2D sheet polarizability / epsilon_0
MoS2,65.6,0.7336133866,5.8039760141e-06,0.0029174237539,1.5872206541e-08,lattice 2D sheet polarizability / epsilon_0
MoS2,65.8,0.73375943374,5.804770666e-06,0.0029274838937,1.5924958014e-08,lattice 2D sheet polarizability / epsilon_0
MoS2,66.0,0.73390598386,5.8055679555e-06,0.0029375553796,1.5977751114e-08,lattice 2D sheet polarizability / epsilon_0
MoS2,66.2,0.73405303754,5.8063678846e-06,0.0029476382573,1.6030585997e-08,lattice 2D sheet polarizability / epsilon_0
MoS2,66.4,0.73420059534,5.8071704555e-06,0.0029577325725,1.6083462818e-08,lattice 2D sheet polarizability / epsilon_0
MoS2,66.6,0.73434865783,5.8079756702e-06,0.0029678383713,1.6136381734e-08,lattice 2D sheet polarizability / epsilon_0
MoS2,66.8,0.7344972256,5.8087835309e-06,0.0029779556996,1.6189342899e-08,lattice 2D sheet polarizability / epsilon_0
MoS2,67.0,0.73464629921,5.8095940397e-06,0.0029880846038,1.6242346469e-08,lattice 2D sheet polarizability / epsilon_0
MoS2,67.2,0.73479587925,5.8104071987e-06,0.0029982251299,1.6295392602e-08,lattice 2D sheet polarizability / epsilon_0
MoS2,67.4,0.73494596629,5.81122301e-06,0.0030083773246,1.6348481453e-08,lattice 2D sheet polarizability / epsilon_0
MoS2,67.6,0.73509656093,5.8120414758e-06,0.0030185412343,1.640161318e-08,lattice 2D sheet polarizability / epsilon_0
MoS2,67.8,0.73524766375,5.8128625982e-06,0.0030287169056,1.645478794e-08,lattice 2D sheet polarizability / epsilon_0
MoS2,68.0,0.73539927533,5.8136863793e-06,0.0030389043854,1.6508005891e-08,lattice 2D sheet polarizability / epsilon_0
MoS2,68.2,0.73555139627,5.8145128214e-06,0.0030491037205,1.656126719e-08,lattice 2D sheet polarizability / epsilon_0
MoS2,68.4,0.73570402716,5.8153419266e-06,0.003059314958,1.6614571995e-08,lattice 2D sheet polarizability / epsilon_0
MoS2,68.6,0.7358571686,5.816173697e-06,0.0030695381449,1.6667920465e-08,lattice 2D sheet polarizability / epsilon_0
MoS2,68.8,0.73601082117,5.8170081349e-06,0.0030797733285,1.6721312759e-08,lattice 2D sheet polarizability / epsilon_0
MoS2,69.0,0.7361649855,5.8178452425e-06,0.0030900205562,1.6774749035e-08,lattice 2D sheet polarizability / epsilon_0
MoS2,69.2,0.73631966217,5.8186850219e-06,0.0031002798755,1.6828229453e-08,lattice 2D sheet polarizability / epsilon_0
MoS2,69.4,0.73647485179,5.8195274754e-06,0.003110551334,1.6881754173e-08,lattice 2D sheet polarizability / epsilon_0
MoS2,69.6,0.73663055497,5.8203726051e-06,0.0031208349795,1.6935323354e-08,lattice 2D sheet polarizability / epsilon_0
MoS2,69.8,0.73678677231,5.8212204134e-06,0.0031311308598,1.6988937157e-08,lattice 2D sheet polarizability / epsilon_0
MoS2,70.0,0.73694350444,5.8220709024e-06,0.0031414390229,1.7042595741e-08,lattice 2D sheet polarizability / epsilon_0
MoS2,70.2,0.73710075196,5.8229240744e-06,0.003151759517,1.7096299269e-08,lattice 2D sheet polarizability / epsilon_0
MoS2,70.4,0.7372585155,5.8237799316e-06,0.0031620923902,1.7150047901e-08,lattice 2D sheet polarizability / epsilon_0
MoS2,70.6,0.73741679566,5.8246384763e-06,0.0031724376911,1.7203841798e-08,lattice 2D sheet polarizability / epsilon_0
MoS2,70.8,0.73757559308,5.8254997107e-06,0.003182795468,1.7257681122e-08,lattice 2D sheet polarizability / epsilon_0
MoS2,71.0,0.73773490838,5.8263636372e-06,0.0031931657696,1.7311566036e-08,lattice 2D sheet polarizability / epsilon_0
MoS2,71.2,0.73789474218,5.8272302579e-06,0.0032035486447,1.7365496701e-08,lattice 2D sheet polarizability / epsilon_0
MoS2,71.4,0.73805509511,5.8280995753e-06,0.0032139441421,1.7419473281e-08,lattice 2D sheet polarizability / epsilon_0
MoS2,71.6,0.7382159678,5.8289715915e-06,0.0032243523108,1.7473495938e-08,lattice 2D sheet polarizability / epsilon_0
MoS2,71.8,0.7383773609,5.829846309e-06,0.0032347732001,1.7527564835e-08,lattice 2D sheet polarizability / epsilon_0
MoS2,72.0,0.73853927502,5.83072373e-06,0.0032452068592,1.7581680136e-08,lattice 2D sheet polarizability / epsilon_0
MoS2,72.2,0.73870171083,5.8316038568e-06,0.0032556533375,1.7635842006e-08,lattice 2D sheet polarizability / epsilon_0
MoS2,72.4,0.73886466894,5.8324866917e-06,0.0032661126846,1.7690050608e-08,lattice 2D sheet polarizability / epsilon_0
MoS2,72.6,0.73902815002,5.8333722372e-06,0.0032765849501,1.7744306107e-08,lattice 2D sheet polarizability / epsilon_0
MoS2,72.8,0.73919215469,5.8342604955e-06,0.0032870701838,1.7798608667e-08,lattice 2D sheet polarizability / epsilon_0
MoS2,73.0,0.73935668363,5.8351514691e-06,0.0032975684357,1.7852958455e-08,lattice 2D sheet polarizability / epsilon_0
MoS2,73.2,0.73952173746,5.8360451601e-06,0.0033080797559,1.7907355635e-08,lattice 2D sheet polarizability / epsilon_0
MoS2,73.4,0.73968731686,5.8369415712e-06,0.0033186041946,1.7961800374e-08,lattice 2D sheet polarizability / epsilon_0
MoS2,73.6,0.73985342247,5.8378407045e-06,0.0033291418021,1.8016292837e-08,lattice 2D sheet polarizability / epsilon_0
MoS2,73.8,0.74002005495,5.8387425626e-06,0.003339692629,1.8070833192e-08,lattice 2D sheet polarizability / epsilon_0
MoS2,74.0,0.74018721497,5.8396471478e-06,0.0033502567258,1.8125421604e-08,lattice 2D sheet polarizability / epsilon_0
MoS2,74.2,0.74035490319,5.8405544624e-06,0.0033608341434,1.8180058242e-08,lattice 2D sheet polarizability / epsilon_0
MoS2,74.4,0.74052312027,5.841464509e-06,0.0033714249325,1.8234743272e-08,lattice 2D sheet polarizability / epsilon_0
MoS2,74.6,0.74069186689,5.84237729e-06,0.0033820291444,1.8289476862e-08,lattice 2D sheet polarizability / epsilon_0
MoS2,74.8,0.74086114371,5.8432928077e-06,0.0033926468301,1.8344259182e-08,lattice 2D sheet polarizability / epsilon_0
MoS2,75.0,0.74103095141,5.8442110646e-06,0.003403278041,1.8399090398e-08,lattice 2D sheet polarizability / epsilon_0
MoS2,75.2,0.74120129067,5.8451320632e-06,0.0034139228286,1.8453970681e-08,lattice 2D sheet polarizability / epsilon_0
MoS2,75.4,0.74137216216,5.8460558059e-06,0.0034245812444,1.8508900199e-08,lattice 2D sheet polarizability / epsilon_0
MoS2,75.6,0.74154356657,5.8469822952e-06,0.0034352533402,1.8563879121e-08,lattice 2D sheet polarizability / epsilon_0
MoS2,75.8,0.74171550458,5.8479115336e-06,0.003445939168,1.8618907618e-08,lattice 2D sheet polarizability / epsilon_0
MoS2,76.0,0.74188797687,5.8488435234e-06,0.0034566387797,1.867398586e-08,lattice 2D sheet polarizability / epsilon_0
MoS2,76.2,0.74206098415,5.8497782673e-06,0.0034673522276,1.8729114018e-08,lattice 2D sheet polarizability / epsilon_0
MoS2,76.4,0.7422345271,5.8507157677e-06,0.0034780795639,1.8784292261e-08,lattice 2D sheet polarizability / epsilon_0
MoS2,76.6,0.74240860641,5.8516560271e-06,0.0034888208412,1.8839520762e-08,lattice 2D sheet polarizability / epsilon_0
MoS2,76.8,0.74258322278,5.8525990481e-06,0.003499576112,1.8894799693e-08,lattice 2D sheet polarizability / epsilon_0
MoS2,77.0,0.74275837692,5.8535448332e-06,0.0035103454292,1.8950129224e-08,lattice 2D sheet polarizability / epsilon_0
MoS2,77.2,0.74293406952,5.8544933848e-06,0.0035211288457,1.9005509529e-08,lattice 2D sheet polarizability / epsilon_0
MoS2,77.4,0.74311030128,5.8554447055e-06,0.0035319264145,1.906094078e-08,lattice 2D sheet polarizability / epsilon_0
MoS2,77.6,0.74328707293,5.856398798e-06,0.0035427381889,1.911642315e-08,lattice 2D sheet polarizability / epsilon_0
MoS2,77.8,0.74346438517,5.8573556647e-06,0.0035535642222,1.9171956812e-08,lattice 2D sheet polarizability / epsilon_0
MoS2,78.0,0.74364223871,5.8583153082e-06,0.0035644045679,1.9227541941e-08,lattice 2D sheet polarizability / epsilon_0
MoS2,78.2,0.74382063426,5.8592777311e-06,0.0035752592798,1.928317871e-08,lattice 2D sheet polarizability / epsilon_0
MoS2,78.4,0.74399957255,5.8602429359e-06,0.0035861284116,1.9338867293e-08,lattice 2D sheet polarizability / epsilon_0
MoS2,78.6,0.7441790543,5.8612109254e-06,0.0035970120173,1.9394607866e-08,lattice 2D sheet polarizability / epsilon_0
MoS2,78.8,0.74435908024,5.8621817019e-06,0.0036079101511,1.9450400603e-08,lattice 2D sheet polarizability / epsilon_0
MoS2,79.0,0.74453965107,5.8631552683e-06,0.0036188228672,1.9506245681e-08,lattice 2D sheet polarizability / epsilon_0
MoS2,79.2,0.74472076755,5.864131627e-06,0.0036297502201,1.9562143275e-08,lattice 2D sheet polarizability / epsilon_0
MoS2,79.4,0.7449024304,5.8651107808e-06,0.0036406922644,1.9618093561e-08,lattice 2D sheet polarizability / epsilon_0
MoS2,79.6,0.74508464035,5.8660927322e-06,0.0036516490549,1.9674096716e-08,lattice 2D sheet polarizability / epsilon_0
MoS2,79.8,0.74526739815,5.8670774839e-06,0.0036626206464,1.9730152917e-08,lattice 2D sheet polarizability / epsilon_0
MoS2,80.0,0.74545070453,5.8680650386e-06,0.003673607094,1.9786262342e-08,lattice 2D sheet polarizability / epsilon_0
MoS2,80.2,0.74563456023,5.8690553989e-06,0.003684608453,1.9842425167e-08,lattice 2D sheet polarizability / epsilon_0
MoS2,80.4,0.74581896601,5.8700485675e-06,0.0036956247788,1.9898641572e-08,lattice 2D sheet polarizability / epsilon_0
MoS2,80.6,0.7460039226,5.8710445471e-06,0.0037066561268,1.9954911734e-08,lattice 2D sheet polarizability / epsilon_0
MoS2,80.8,0.74618943077,5.8720433403e-06,0.0037177025529,2.0011235833e-08,lattice 2D sheet polarizability / epsilon_0
MoS2,81.0,0.74637549127,5.8730449499e-06,0.0037287641129,2.0067614048e-08,lattice 2D sheet polarizability / epsilon_0
MoS2,81.2,0.74656210485,5.8740493785e-06,0.0037398408628,2.0124046558e-08,lattice 2D sheet polarizability / epsilon_0
MoS2,81.4,0.74674927227,5.875056629e-06,0.0037509328589,2.0180533544e-08,lattice 2D sheet polarizability / epsilon_0
MoS2,81.6,0.7469369943,5.8760667039e-06,0.0037620401575,2.0237075186e-08,lattice 2D sheet polarizability / epsilon_0
MoS2,81.8,0.74712527169,5.8770796061e-06,0.0037731628151,2.0293671664e-08,lattice 2D sheet polarizability / epsilon_0
MoS2,82.0,0.74731410523,5.8780953383e-06,0.0037843008884,2.0350323161e-08,lattice 2D sheet polarizability / epsilon_0
MoS2,82.2,0.74750349568,5.8791139032e-06,0.0037954544343,2.0407029857e-08,lattice 2D sheet polarizability / epsilon_0
MoS2,82.4,0.74769344381,5.8801353036e-06,0.0038066235099,2.0463791934e-08,lattice 2D sheet polarizability / epsilon_0
MoS2,82.6,0.74788395041,5.8811595423e-06,0.0038178081723,2.0520609575e-08,lattice 2D sheet polarizability / epsilon_0
MoS2,82.8,0.74807501624,5.8821866221e-06,0.003829008479,2.0577482962e-08,lattice 2D sheet polarizability / epsilon_0
MoS2,83.0,0.7482666421,5.8832165457e-06,0.0038402244873,2.0634412279e-08,lattice 2D sheet polarizability / epsilon_0
MoS2,83.2,0.74845882876,5.8842493159e-06,0.0038514562551,2.069139771e-08,lattice 2D sheet polarizability / epsilon_0
MoS2,83.4,0.74865157703,5.8852849356e-06,0.0038627038403,2.0748439437e-08,lattice 2D sheet polarizability / epsilon_0
MoS2,83.6,0.74884488768,5.8863234076e-06,0.0038739673008,2.0805537646e-08,lattice 2D sheet polarizability / epsilon_0
MoS2,83.8,0.74903876151,5.8873647346e-06,0.003885246695,2.0862692521e-08,lattice 2D sheet polarizability / epsilon_0
MoS2,84.0,0.74923319933,5.8884089196e-06,0.0038965420812,2.0919904247e-08,lattice 2D sheet polarizability / epsilon_0
MoS2,84.2,0.74942820192,5.8894559654e-06,0.003907853518,2.097717301e-08,lattice 2D sheet polarizability / epsilon_0
MoS2,84.4,0.74962377009,5.8905058748e-06,0.0039191810642,2.1034498996e-08,lattice 2D sheet polarizability / epsilon_0
MoS2,84.6,0.74981990465,5.8915586506e-06,0.0039305247786,2.1091882391e-08,lattice 2D sheet polarizability / epsilon_0
MoS2,84.8,0.75001660641,5.8926142959e-06,0.0039418847204,2.1149323382e-08,lattice 2D sheet polarizability / epsilon_0
MoS2,85.0,0.75021387618,5.8936728133e-06,0.0039532609489,2.1206822156e-08,lattice 2D sheet polarizability / epsilon_0
MoS2,85.2,0.75041171477,5.894734206e-06,0.0039646535235,2.12643789e-08,lattice 2D sheet polarizability / epsilon_0
MoS2,85.4,0.75061012299,5.8957984766e-06,0.0039760625039,2.1321993804e-08,lattice 2D sheet polarizability / epsilon_0
MoS2,85.6,0.75080910168,5.8968656282e-06,0.0039874879499,2.1379667054e-08,lattice 2D sheet polarizability / epsilon_0
MoS2,85.8,0.75100865166,5.8979356637e-06,0.0039989299214,2.143739884e-08,lattice 2D sheet polarizability / epsilon_0
MoS2,86.0,0.75120877374,5.8990085859e-06,0.0040103884788,2.1495189352e-08,lattice 2D sheet polarizability / epsilon_0
MoS2,86.2,0.75140946877,5.9000843979e-06,0.0040218636823,2.1553038778e-08,lattice 2D sheet polarizability / epsilon_0
MoS2,86.4,0.75161073757,5.9011631026e-06,0.0040333555926,2.1610947309e-08,lattice 2D sheet polarizability / epsilon_0
MoS2,86.6,0.75181258098,5.9022447029e-06,0.0040448642702,2.1668915136e-08,lattice 2D sheet polarizability / epsilon_0
MoS2,86.8,0.75201499983,5.9033292018e-06,0.0040563897763,2.1726942449e-08,lattice 2D sheet polarizability / epsilon_0
MoS2,87.0,0.75221799498,5.9044166022e-06,0.0040679321718,2.178502944e-08,lattice 2D sheet polarizability / epsilon_0
MoS2,87.2,0.75242156725,5.9055069073e-06,0.0040794915182,2.18431763e-08,lattice 2D sheet polarizability / epsilon_0
MoS2,87.4,0.75262571751,5.9066001199e-06,0.0040910678767,2.1901383223e-08,lattice 2D sheet polarizability / epsilon_0
MoS2,87.6,0.75283044661,5.9076962431e-06,0.0041026613093,2.1959650399e-08,lattice 2D sheet polarizability / epsilon_0
MoS2,87.8,0.75303575538,5.9087952798e-06,0.0041142718776,2.2017978024e-08,lattice 2D sheet polarizability / epsilon_0
MoS2,88.0,0.75324164471,5.9098972332e-06,0.0041258996438,2.2076366289e-08,lattice 2D sheet polarizability / epsilon_0
MoS2,88.2,0.75344811543,5.9110021062e-06,0.0041375446701,2.213481539e-08,lattice 2D sheet polarizability / epsilon_0
MoS2,88.4,0.75365516843,5.9121099018e-06,0.0041492070189,2.219332552e-08,lattice 2D sheet polarizability / epsilon_0
MoS2,88.6,0.75386280455,5.9132206233e-06,0.004160886753,2.2251896874e-08,lattice 2D sheet polarizability / epsilon_0
MoS2,88.8,0.75407102468,5.9143342735e-06,0.004172583935,2.2310529648e-08,lattice 2D sheet polarizability / epsilon_0
MoS2,89.0,0.75427982969,5.9154508556e-06,0.0041842986281,2.2369224038e-08,lattice 2D sheet polarizability / epsilon_0
MoS2,89.2,0.75448922044,5.9165703726e-06,0.0041960308955,2.2427980239e-08,lattice 2D sheet polarizability / epsilon_0
MoS2,89.4,0.75469919783,5.9176928277e-06,0.0042077808005,2.2486798448e-08,lattice 2D sheet polarizability / epsilon_0
MoS2,89.6,0.75490976273,5.9188182239e-06,0.0042195484068,2.2545678862e-08,lattice 2D sheet polarizability / epsilon_0
MoS2,89.8,0.75512091603,5.9199465644e-06,0.0042313337782,2.260462168e-08,lattice 2D sheet polarizability / epsilon_0
MoS2,90.0,0.75533265861,5.9210778523e-06,0.0042431369788,2.2663627098e-08,lattice 2D sheet polarizability / epsilon_0
MoS2,90.2,0.75554499137,5.9222120907e-06,0.0042549580727,2.2722695316e-08,lattice 2D sheet polarizability / epsilon_0
MoS2,90.4,0.75575791521,5.9233492827e-06,0.0042667971243,2.2781826532e-08,lattice 2D sheet polarizability / epsilon_0
MoS2,90.6,0.75597143102,5.9244894316e-06,0.0042786541983,2.2841020945e-08,lattice 2D sheet polarizability / epsilon_0
MoS2,90.8,0.75618553969,5.9256325404e-06,0.0042905293595,2.2900278756e-08,lattice 2D sheet polarizability / epsilon_0
MoS2,91.0,0.75640024215,5.9267786124e-06,0.004302422673,2.2959600164e-08,lattice 2D sheet polarizability / epsilon_0
MoS2,91.2,0.75661553929,5.9279276507e-06,0.0043143342039,2.3018985371e-08,lattice 2D sheet polarizability / epsilon_0
MoS2,91.4,0.75683143203,5.9290796585e-06,0.0043262640178,2.3078434577e-08,lattice 2D sheet polarizability / epsilon_0
MoS2,91.6,0.75704792128,5.930234639e-06,0.0043382121801,2.3137947985e-08,lattice 2D sheet polarizability / epsilon_0
MoS2,91.8,0.75726500795,5.9313925955e-06,0.0043501787569,2.3197525796e-08,lattice 2D sheet polarizability / epsilon_0
MoS2,92.0,0.75748269298,5.9325535311e-06,0.0043621638142,2.3257168214e-08,lattice 2D sheet polarizability / epsilon_0
MoS2,92.2,0.75770097728,5.9337174491e-06,0.0043741674183,2.331687544e-08,lattice 2D sheet polarizability / epsilon_0
MoS2,92.4,0.75791986178,5.9348843527e-06,0.0043861896356,2.3376647679e-08,lattice 2D sheet polarizability / epsilon_0
MoS2,92.6,0.75813934741,5.9360542452e-06,0.0043982305328,2.3436485136e-08,lattice 2D sheet polarizability / epsilon_0
MoS2,92.8,0.75835943511,5.9372271299e-06,0.004410290177,2.3496388013e-08,lattice 2D sheet polarizability / epsilon_0
MoS2,93.0,0.75858012581,5.9384030099e-06,0.0044223686351,2.3556356517e-08,lattice 2D sheet polarizability / epsilon_0
MoS2,93.2,0.75880142046,5.9395818887e-06,0.0044344659746,2.3616390853e-08,lattice 2D sheet polarizability / epsilon_0
MoS2,93.4,0.75902332,5.9407637694e-06,0.0044465822629,2.3676491227e-08,lattice 2D sheet polarizability / epsilon_0
MoS2,93.6,0.75924582537,5.9419486555e-06,0.004458717568,2.3736657844e-08,lattice 2D sheet polarizability / epsilon_0
MoS2,93.8,0.75946893753,5.9431365501e-06,0.0044708719578,2.3796890914e-08,lattice 2D sheet polarizability / epsilon_0
MoS2,94.0,0.75969265743,5.9443274567e-06,0.0044830455004,2.3857190642e-08,lattice 2D sheet polarizability / epsilon_0
MoS2,94.2,0.75991698604,5.9455213786e-06,0.0044952382645,2.3917557236e-08,lattice 2D sheet polarizability / epsilon_0
MoS2,94.4,0.7601419243,5.946718319e-06,0.0045074503185,2.3977990906e-08,lattice 2D sheet polarizability / epsilon_0
MoS2,94.6,0.76036747319,5.9479182815e-06,0.0045196817314,2.403849186e-08,lattice 2D sheet polarizability / epsilon_0
MoS2,94.8,0.76059363368,5.9491212693e-06,0.0045319325723,2.4099060307e-08,lattice 2D sheet polarizability / epsilon_0
MoS2,95.0,0.76082040673,5.9503272858e-06,0.0045442029105,2.4159696457e-08,lattice 2D sheet polarizability / epsilon_0
MoS2,95.2,0.76104779332,5.9515363343e-06,0.0045564928156,2.4220400521e-08,lattice 2D sheet polarizability / epsilon_0
MoS2,95.4,0.76127579444,5.9527484184e-06,0.0045688023574,2.428117271e-08,lattice 2D sheet polarizability / epsilon_0
MoS2,95.6,0.76150441105,5.9539635414e-06,0.0045811316059,2.4342013236e-08,lattice 2D sheet polarizability / epsilon_0
MoS2,95.8,0.76173364415,5.9551817067e-06,0.0045934806313,2.4402922309e-08,lattice 2D sheet polarizability / epsilon_0
MoS2,96.0,0.76196349473,5.9564029178e-06,0.0046058495041,2.4463900143e-08,lattice 2D sheet polarizability / epsilon_0
MoS2,96.2,0.76219396378,5.9576271781e-06,0.004618238295,2.452494695e-08,lattice 2D sheet polarizability / epsilon_0
MoS2,96.4,0.76242505229,5.958854491e-06,0.0046306470749,2.4586062944e-08,lattice 2D sheet polarizability / epsilon_0
MoS2,96.6,0.76265676126,5.96008486e-06,0.004643075915,2.464724834e-08,lattice 2D sheet polarizability / epsilon_0
MoS2,96.8,0.76288909171,5.9613182886e-06,0.0046555248868,2.4708503351e-08,lattice 2D sheet polarizability / epsilon_0
MoS2,97.0,0.76312204463,5.9625547802e-06,0.0046679940617,2.4769828192e-08,lattice 2D sheet polarizability / epsilon_0
MoS2,97.2,0.76335562103,5.9637943384e-06,0.0046804835119,2.4831223079e-08,lattice 2D sheet polarizability / epsilon_0
MoS2,97.4,0.76358982194,5.9650369667e-06,0.0046929933092,2.4892688229e-08,lattice 2D sheet polarizability / epsilon_0
MoS2,97.6,0.76382464836,5.9662826685e-06,0.0047055235261,2.4954223858e-08,lattice 2D sheet polarizability / epsilon_0
MoS2,97.8,0.76406010132,5.9675314475e-06,0.0047180742353,2.5015830182e-08,lattice 2D sheet polarizability / epsilon_0
MoS2,98.0,0.76429618184,5.968783307e-06,0.0047306455094,2.507750742e-08,lattice 2D sheet polarizability / epsilon_0
MoS2,98.2,0.76453289095,5.9700382508e-06,0.0047432374216,2.513925579e-08,lattice 2D sheet polarizability / epsilon_0
MoS2,98.4,0.76477022969,5.9712962823e-06,0.0047558500453,2.520107551e-08,lattice 2D sheet polarizability / epsilon_0
MoS2,98.6,0.76500819908,5.9725574051e-06,0.0047684834539,2.5262966801e-08,lattice 2D sheet polarizability / epsilon_0
MoS2,98.8,0.76524680017,5.9738216227e-06,0.0047811377213,2.532492988e-08,lattice 2D sheet polarizability / epsilon_0
MoS2,99.0,0.76548603401,5.9750889389e-06,0.0047938129215,2.538696497e-08,lattice 2D sheet polarizability / epsilon_0
MoS2,99.2,0.76572590163,5.9763593572e-06,0.0048065091289,2.544907229e-08,lattice 2D sheet polarizability / epsilon_0
MoS2,99.4,0.76596640409,5.9776328811e-06,0.004819226418,2.5511252063e-08,lattice 2D sheet polarizability / epsilon_0
MoS2,99.6,0.76620754245,5.9789095144e-06,0.0048319648636,2.557350451e-08,lattice 2D sheet polarizability / epsilon_0
MoS2,99.8,0.76644931776,5.9801892606e-06,0.0048447245408,2.5635829854e-08,lattice 2D sheet polarizability / epsilon_0
MoS2,100.0,0.76669173108,5.9814721235e-06,0.0048575055248,2.5698228318e-08,lattice 2D sheet polarizability / epsilon_0
MoS2,100.2,0.76693478347,5.9827581066e-06,0.0048703078913,2.5760700125e-08,lattice 2D sheet polarizability / epsilon_0
MoS2,100.4,0.76717847602,5.9840472136e-06,0.0048831317161,2.58232455e-08,lattice 2D sheet polarizability / epsilon_0
MoS2,100.6,0.76742280979,5.9853394483e-06,0.0048959770751,2.5885864667e-08,lattice 2D sheet polarizability / epsilon_0
MoS2,100.8,0.76766778585,5.9866348142e-06,0.0049088440448,2.5948557852e-08,lattice 2D sheet polarizability / epsilon_0
MoS2,101.0,0.7679134053,5.9879333152e-06,0.0049217327018,2.601132528e-08,lattice 2D sheet polarizability / epsilon_0
MoS2,101.2,0.76815966921,5.9892349548e-06,0.0049346431229,2.6074167179e-08,lattice 2D sheet polarizability / epsilon_0
MoS2,101.4,0.76840657866,5.990539737e-06,0.0049475753852,2.6137083775e-08,lattice 2D sheet polarizability / epsilon_0
MoS2,101.6,0.76865413477,5.9918476653e-06,0.0049605295661,2.6200075295e-08,lattice 2D sheet polarizability / epsilon_0
MoS2,101.8,0.76890233861,5.9931587435e-06,0.0049735057433,2.6263141968e-08,lattice 2D sheet polarizability / epsilon_0
MoS2,102.0,0.76915119129,5.9944729754e-06,0.0049865039945,2.6326284022e-08,lattice 2D sheet polarizability / epsilon_0
MoS2,102.2,0.76940069392,5.9957903648e-06,0.0049995243981,2.6389501687e-08,lattice 2D sheet polarizability / epsilon_0
MoS2,102.4,0.7696508476,5.9971109155e-06,0.0050125670324,2.6452795193e-08,lattice 2D sheet polarizability / epsilon_0
MoS2,102.6,0.76990165344,5.9984346311e-06,0.0050256319762,2.651616477e-08,lattice 2D sheet polarizability / epsilon_0
MoS2,102.8,0.77015311256,5.9997615156e-06,0.0050387193084,2.6579610649e-08,lattice 2D sheet polarizability / epsilon_0
MoS2,103.0,0.77040522608,6.0010915728e-06,0.0050518291083,2.6643133061e-08,lattice 2D sheet polarizability / epsilon_0
MoS2,103.2,0.77065799512,6.0024248065e-06,0.0050649614554,2.6706732239e-08,lattice 2D sheet polarizability / epsilon_0
MoS2,103.4,0.77091142081,6.0037612205e-06,0.0050781164295,2.6770408416e-08,lattice 2D sheet polarizability / epsilon_0
MoS2,103.6,0.77116550428,6.0051008186e-06,0.0050912941106,2.6834161826e-08,lattice 2D sheet polarizability / epsilon_0
MoS2,103.8,0.77142024667,6.0064436048e-06,0.0051044945792,2.6897992701e-08,lattice 2D sheet polarizability / epsilon_0
MoS2,104.0,0.77167564911,6.007789583e-06,0.0051177179158,2.6961901276e-08,lattice 2D sheet polarizability / epsilon_0
MoS2,104.2,0.77193171276,6.0091387569e-06,0.0051309642013,2.7025887788e-08,lattice 2D sheet polarizability / epsilon_0
MoS2,104.4,0.77218843875,6.0104911305e-06,0.005144233517,2.708995247e-08,lattice 2D sheet polarizability / epsilon_0
MoS2,104.6,0.77244582824,6.0118467078e-06,0.0051575259443,2.7154095561e-08,lattice 2D sheet polarizability / epsilon_0
MoS2,104.8,0.77270388238,6.0132054926e-06,0.0051708415649,2.7218317297e-08,lattice 2D sheet polarizability / epsilon_0
MoS2,105.0,0.77296260234,6.0145674889e-06,0.0051841804609,2.7282617915e-08,lattice 2D sheet polarizability / epsilon_0
MoS2,105.2,0.77322198928,6.0159327006e-06,0.0051975427146,2.7346997653e-08,lattice 2D sheet polarizability / epsilon_0
MoS2,105.4,0.77348204436,6.0173011316e-06,0.0052109284086,2.7411456751e-08,lattice 2D sheet polarizability / epsilon_0
MoS2,105.6,0.77374276877,6.018672786e-06,0.0052243376258,2.7475995448e-08,lattice 2D sheet polarizability / epsilon_0
MoS2,105.8,0.77400416366,6.0200476677e-06,0.0052377704494,2.7540613983e-08,lattice 2D sheet polarizability / epsilon_0
MoS2,106.0,0.77426623024,6.0214257808e-06,0.0052512269628,2.7605312598e-08,lattice 2D sheet polarizability / epsilon_0
MoS2,106.2,0.77452896967,6.0228071292e-06,0.0052647072499,2.7670091534e-08,lattice 2D sheet polarizability / epsilon_0
MoS2,106.4,0.77479238315,6.0241917169e-06,0.0052782113947,2.7734951032e-08,lattice 2D sheet polarizability / epsilon_0
MoS2,106.6,0.77505647187,6.025579548e-06,0.0052917394816,2.7799891336e-08,lattice 2D sheet polarizability / epsilon_0
MoS2,106.8,0.77532123704,6.0269706265e-06,0.0053052915952,2.7864912688e-08,lattice 2D sheet polarizability / epsilon_0
MoS2,107.0,0.77558667984,6.0283649565e-06,0.0053188678204,2.7930015332e-08,lattice 2D sheet polarizability / epsilon_0
MoS2,107.2,0.77585280149,6.029762542e-06,0.0053324682426,2.7995199512e-08,lattice 2D sheet polarizability / epsilon_0
MoS2,107.4,0.77611960319,6.0311633872e-06,0.0053460929473,2.8060465474e-08,lattice 2D sheet polarizability / epsilon_0
MoS2,107.6,0.77638708617,6.032567496e-06,0.0053597420203,2.8125813464e-08,lattice 2D sheet polarizability / epsilon_0
MoS2,107.8,0.77665525163,6.0339748727e-06,0.0053734155479,2.8191243727e-08,lattice 2D sheet polarizability / epsilon_0
MoS2,108.0,0.77692410081,6.0353855213e-06,0.0053871136164,2.825675651e-08,lattice 2D sheet polarizability / epsilon_0
MoS2,108.2,0.77719363492,6.0367994459e-06,0.0054008363127,2.8322352062e-08,lattice 2D sheet polarizability / epsilon_0
MoS2,108.4,0.77746385521,6.0382166507e-06,0.0054145837239,2.838803063e-08,lattice 2D sheet polarizability / epsilon_0
MoS2,108.6,0.7777347629,6.0396371399e-06,0.0054283559373,2.8453792464e-08,lattice 2D sheet polarizability / epsilon_0
MoS2,108.8,0.77800635924,6.0410609176e-06,0.0054421530406,2.8519637812e-08,lattice 2D sheet polarizability / epsilon_0
MoS2,109.0,0.77827864547,6.042487988e-06,0.005455975122,2.8585566926e-08,lattice 2D sheet polarizability / epsilon_0
MoS2,109.2,0.77855162284,6.0439183552e-06,0.0054698222696,2.8651580056e-08,lattice 2D sheet polarizability / epsilon_0
MoS2,109.4,0.7788252926,6.0453520236e-06,0.0054836945722,2.8717677454e-08,lattice 2D sheet polarizability / epsilon_0
MoS2,109.6,0.77909965602,6.0467889972e-06,0.0054975921187,2.8783859371e-08,lattice 2D sheet polarizability / epsilon_0
MoS2,109.8,0.77937471435,6.0482292804e-06,0.0055115149985,2.8850126061e-08,lattice 2D sheet polarizability / epsilon_0
MoS2,110.0,0.77965046886,6.0496728773e-06,0.005525463301,2.8916477777e-08,lattice 2D sheet polarizability / epsilon_0
MoS2,110.2,0.77992692082,6.0511197923e-06,0.0055394371164,2.8982914774e-08,lattice 2D sheet polarizability / epsilon_0
MoS2,110.4,0.78020407151,6.0525700295e-06,0.0055534365347,2.9049437307e-08,lattice 2D sheet polarizability / epsilon_0
MoS2,110.6,0.7804819222,6.0540235933e-06,0.0055674616466,2.911604563e-08,lattice 2D sheet polarizability / epsilon_0
MoS2,110.8,0.78076047419,6.055480488e-06,0.0055815125431,2.9182740001e-08,lattice 2D sheet polarizability / epsilon_0
MoS2,111.0,0.78103972876,6.0569407178e-06,0.0055955893153,2.9249520676e-08,lattice 2D sheet polarizability / epsilon_0
MoS2,111.2,0.7813196872,6.0584042871e-06,0.0056096920547,2.9316387912e-08,lattice 2D sheet polarizability / epsilon_0
MoS2,111.4,0.78160035082,6.0598712002e-06,0.0056238208534,2.9383341969e-08,lattice 2D sheet polarizability / epsilon_0
MoS2,111.6,0.78188172092,6.0613414614e-06,0.0056379758035,2.9450383105e-08,lattice 2D sheet polarizability / epsilon_0
MoS2,111.8,0.7821637988,6.0628150752e-06,0.0056521569977,2.951751158e-08,lattice 2D sheet polarizability / epsilon_0
MoS2,112.0,0.78244658578,6.0642920458e-06,0.0056663645287,2.9584727654e-08,lattice 2D sheet polarizability / epsilon_0
MoS2,112.2,0.78273008317,6.0657723777e-06,0.0056805984898,2.9652031588e-08,lattice 2D sheet polarizability / epsilon_0
MoS2,112.4,0.7830142923,6.0672560752e-06,0.0056948589747,2.9719423644e-08,lattice 2D sheet polarizability / epsilon_0
MoS2,112.6,0.78329921449,6.0687431428e-06,0.0057091460772,2.9786904085e-08,lattice 2D sheet polarizability / epsilon_0
MoS2,112.8,0.78358485107,6.0702335849e-06,0.0057234598917,2.9854473174e-08,lattice 2D sheet polarizability / epsilon_0
MoS2,113.0,0.78387120338,6.0717274059e-06,0.0057378005126,2.9922131175e-08,lattice 2D sheet polarizability / epsilon_0
MoS2,113.2,0.78415827276,6.0732246102e-06,0.0057521680351,2.9989878352e-08,lattice 2D sheet polarizability / epsilon_0
MoS2,113.4,0.78444606055,6.0747252024e-06,0.0057665625543,3.005771497e-08,lattice 2D sheet polarizability / epsilon_0
MoS2,113.6,0.78473456811,6.0762291868e-06,0.0057809841659,3.0125641296e-08,lattice 2D sheet polarizability / epsilon_0
MoS2,113.8,0.78502379678,6.0777365681e-06,0.005795432966,3.0193657597e-08,lattice 2D sheet polarizability / epsilon_0
MoS2,114.0,0.78531374794,6.0792473506e-06,0.0058099090509,3.026176414e-08,lattice 2D sheet polarizability / epsilon_0
MoS2,114.2,0.78560442293,6.080761539e-06,0.0058244125173,3.0329961193e-08,lattice 2D sheet polarizability / epsilon_0
MoS2,114.4,0.78589582314,6.0822791376e-06,0.0058389434623,3.0398249025e-08,lattice 2D sheet polarizability / epsilon_0
MoS2,114.6,0.78618794993,6.0838001511e-06,0.0058535019833,3.0466627907e-08,lattice 2D sheet polarizability / epsilon_0
MoS2,114.8,0.78648080468,6.0853245841e-06,0.0058680881781,3.0535098107e-08,lattice 2D sheet polarizability / epsilon_0
MoS2,115.0,0.78677438878,6.086852441e-06,0.0058827021449,3.0603659898e-08,lattice 2D sheet polarizability / epsilon_0
MoS2,115.2,0.78706870362,6.0883837265e-06,0.0058973439821,3.0672313551e-08,lattice 2D sheet polarizability / epsilon_0
MoS2,115.4,0.78736375059,6.0899184451e-06,0.0059120137887,3.074105934e-08,lattice 2D sheet polarizability / epsilon_0
MoS2,115.6,0.78765953109,6.0914566016e-06,0.0059267116639,3.0809897537e-08,lattice 2D sheet polarizability / epsilon_0
MoS2,115.8,0.78795604652,6.0929982004e-06,0.0059414377073,3.0878828416e-08,lattice 2D sheet polarizability / epsilon_0
MoS2,116.0,0.78825329829,6.0945432463e-06,0.0059561920189,3.0947852253e-08,lattice 2D sheet polarizability / epsilon_0
MoS2,116.2,0.78855128781,6.0960917438e-06,0.0059709746991,3.1016969323e-08,lattice 2D sheet polarizability / epsilon_0
MoS2,116.4,0.78885001651,6.0976436977e-06,0.0059857858486,3.1086179902e-08,lattice 2D sheet polarizability / epsilon_0
MoS2,116.6,0.7891494858,6.0991991126e-06,0.0060006255685,3.1155484268e-08,lattice 2D sheet polarizability / epsilon_0
MoS2,116.8,0.78944969712,6.1007579932e-06,0.0060154939602,3.1224882699e-08,lattice 2D sheet polarizability / epsilon_0
MoS2,117.0,0.78975065189,6.1023203443e-06,0.0060303911258,3.1294375473e-08,lattice 2D sheet polarizability / epsilon_0
MoS2,117.2,0.79005235156,6.1038861704e-06,0.0060453171674,3.136396287e-08,lattice 2D sheet polarizability / epsilon_0
MoS2,117.4,0.79035479757,6.1054554765e-06,0.0060602721876,3.143364517e-08,lattice 2D sheet polarizability / epsilon_0
MoS2,117.6,0.79065799137,6.1070282671e-06,0.0060752562895,3.1503422654e-08,lattice 2D sheet polarizability / epsilon_0
MoS2,117.8,0.79096193441,6.1086045472e-06,0.0060902695765,3.1573295604e-08,lattice 2D sheet polarizability / epsilon_0
MoS2,118.0,0.79126662816,6.1101843214e-06,0.0061053121524,3.1643264302e-08,lattice 2D sheet polarizability / epsilon_0
MoS2,118.2,0.79157207407,6.1117675945e-06,0.0061203841213,3.1713329032e-08,lattice 2D sheet polarizability / epsilon_0
MoS2,118.4,0.79187827362,6.1133543714e-06,0.0061354855879,3.1783490078e-08,lattice 2D sheet polarizability / epsilon_0
MoS2,118.6,0.79218522828,6.1149446568e-06,0.0061506166572,3.1853747725e-08,lattice 2D sheet polarizability / epsilon_0
MoS2,118.8,0.79249293953,6.1165384557e-06,0.0061657774344,3.1924102259e-08,lattice 2D sheet polarizability / epsilon_0
MoS2,119.0,0.79280140886,6.1181357727e-06,0.0061809680255,3.1994553966e-08,lattice 2D sheet polarizability / epsilon_0
MoS2,119.2,0.79311063775,6.1197366129e-06,0.0061961885365,3.2065103133e-08,lattice 2D sheet polarizability / epsilon_0
MoS2,119.4,0.79342062771,6.1213409811e-06,0.006211439074,3.2135750049e-08,lattice 2D sheet polarizability / epsilon_0
MoS2,119.6,0.79373138024,6.1229488821e-06,0.006226719745,3.2206495003e-08,lattice 2D sheet polarizability / epsilon_0
MoS2,119.8,0.79404289683,6.1245603209e-06,0.006242030657,3.2277338284e-08,lattice 2D sheet polarizability / epsilon_0
MoS2,120.0,0.79435517901,6.1261753024e-06,0.0062573719177,3.2348280183e-08,lattice 2D sheet polarizability / epsilon_0
MoS2,120.2,0.79466822829,6.1277938315e-06,0.0062727436353,3.2419320991e-08,lattice 2D sheet polarizability / epsilon_0
MoS2,120.4,0.7949820462,6.1294159131e-06,0.0062881459184,3.2490461001e-08,lattice 2D sheet polarizability / epsilon_0
MoS2,120.6,0.79529663425,6.1310415523e-06,0.0063035788761,3.2561700506e-08,lattice 2D sheet polarizability / epsilon_0
MoS2,120.8,0.79561199399,6.1326707541e-06,0.0063190426179,3.2633039799e-08,lattice 2D sheet polarizability / epsilon_0
MoS2,121.0,0.79592812696,6.1343035233e-06,0.0063345372536,3.2704479175e-08,lattice 2D sheet polarizability / epsilon_0
MoS2,121.2,0.7962450347,6.135939865e-06,0.0063500628935,3.277601893e-08,lattice 2D sheet polarizability / epsilon_0
MoS2,121.4,0.79656271875,6.1375797842e-06,0.0063656196483,3.284765936e-08,lattice 2D sheet polarizability / epsilon_0
MoS2,121.6,0.79688118068,6.139223286e-06,0.0063812076293,3.2919400763e-08,lattice 2D sheet polarizability / epsilon_0
MoS2,121.8,0.79720042205,6.1408703754e-06,0.0063968269479,3.2991243435e-08,lattice 2D sheet polarizability / epsilon_0
MoS2,122.0,0.79752044442,6.1425210575e-06,0.0064124777161,3.3063187677e-08,lattice 2D sheet polarizability / epsilon_0
MoS2,122.2,0.79784124936,6.1441753373e-06,0.0064281600465,3.3135233788e-08,lattice 2D sheet polarizability / epsilon_0
MoS2,122.4,0.79816283846,6.14583322e-06,0.0064438740518,3.3207382069e-08,lattice 2D sheet polarizability / epsilon_0
MoS2,122.6,0.7984852133,6.1474947106e-06,0.0064596198454,3.327963282e-08,lattice 2D sheet polarizability / epsilon_0
MoS2,122.8,0.79880837546,6.1491598144e-06,0.006475397541,3.3351986345e-08,lattice 2D sheet polarizability / epsilon_0
MoS2,123.0,0.79913232654,6.1508285363e-06,0.0064912072528,3.3424442946e-08,lattice 2D sheet polarizability / epsilon_0
MoS2,123.2,0.79945706815,6.1525008817e-06,0.0065070490955,3.3497002928e-08,lattice 2D sheet polarizability / epsilon_0
MoS2,123.4,0.79978260188,6.1541768555e-06,0.0065229231841,3.3569666595e-08,lattice 2D sheet polarizability / epsilon_0
MoS2,123.6,0.80010892936,6.1558564632e-06,0.0065388296341,3.3642434254e-08,lattice 2D sheet polarizability / epsilon_0
MoS2,123.8,0.8004360522,6.1575397098e-06,0.0065547685616,3.371530621e-08,lattice 2D sheet polarizability / epsilon_0
MoS2,124.0,0.80076397201,6.1592266005e-06,0.0065707400828,3.3788282772e-08,lattice 2D sheet polarizability / epsilon_0
MoS2,124.2,0.80109269044,6.1609171406e-06,0.0065867443148,3.3861364247e-08,lattice 2D sheet polarizability / epsilon_0
MoS2,124.4,0.80142220912,6.1626113354e-06,0.0066027813748,3.3934550946e-08,lattice 2D sheet polarizability / epsilon_0
MoS2,124.6,0.80175252969,6.16430919e-06,0.0066188513806,3.4007843179e-08,lattice 2D sheet polarizability / epsilon_0
MoS2,124.8,0.80208365379,6.1660107099e-06,0.0066349544506,3.4081241255e-08,lattice 2D sheet polarizability / epsilon_0
MoS2,125.0,0.80241558308,6.1677159002e-06,0.0066510907033,3.4154745489e-08,lattice 2D sheet polarizability / epsilon_0
MoS2,125.2,0.80274831922,6.1694247663e-06,0.006667260258,3.4228356191e-08,lattice 2D sheet polarizability / epsilon_0
MoS2,125.4,0.80308186388,6.1711373135e-06,0.0066834632344,3.4302073677e-08,lattice 2D sheet polarizability / epsilon_0
MoS2,125.6,0.80341621871,6.1728535471e-06,0.0066996997525,3.4375898261e-08,lattice 2D sheet polarizability / epsilon_0
MoS2,125.8,0.80375138541,6.1745734726e-06,0.006715969933,3.4449830258e-08,lattice 2D sheet polarizability / epsilon_0
MoS2,126.0,0.80408736565,6.1762970952e-06,0.0067322738968,3.4523869985e-08,lattice 2D sheet polarizability / epsilon_0
MoS2,126.2,0.80442416113,6.1780244204e-06,0.0067486117657,3.459801776e-08,lattice 2D sheet polarizability / epsilon_0
MoS2,126.4,0.80476177353,6.1797554536e-06,0.0067649836615,3.4672273901e-08,lattice 2D sheet polarizability / epsilon_0
MoS2,126.6,0.80510020456,6.1814902002e-06,0.0067813897069,3.4746638727e-08,lattice 2D sheet polarizability / epsilon_0
MoS2,126.8,0.80543945593,6.1832286656e-06,0.0067978300247,3.4821112558e-08,lattice 2D sheet polarizability / epsilon_0
MoS2,127.0,0.80577952935,6.1849708552e-06,0.0068143047385,3.4895695716e-08,lattice 2D sheet polarizability / epsilon_0
MoS2,127.2,0.80612042654,6.1867167746e-06,0.0068308139723,3.4970388523e-08,lattice 2D sheet polarizability / epsilon_0
MoS2,127.4,0.80646214922,6.1884664293e-06,0.0068473578504,3.5045191302e-08,lattice 2D sheet polarizability / epsilon_0
MoS2,127.6,0.80680469914,6.1902198247e-06,0.0068639364979,3.5120104376e-08,lattice 2D sheet polarizability / epsilon_0
MoS2,127.8,0.80714807801,6.1919769663e-06,0.0068805500403,3.5195128072e-08,lattice 2D sheet polarizability / epsilon_0
MoS2,128.0,0.8074922876,6.1937378597e-06,0.0068971986034,3.5270262714e-08,lattice 2D sheet polarizability / epsilon_0
MoS2,128.2,0.80783732965,6.1955025104e-06,0.0069138823137,3.5345508629e-08,lattice 2D sheet polarizability / epsilon_0
MoS2,128.4,0.80818320592,6.197270924e-06,0.0069306012982,3.5420866146e-08,lattice 2D sheet polarizability / epsilon_0
MoS2,128.6,0.80852991816,6.1990431061e-06,0.0069473556844,3.5496335593e-08,lattice 2D sheet polarizability / epsilon_0
MoS2,128.8,0.80887746816,6.2008190623e-06,0.0069641456002,3.5571917299e-08,lattice 2D sheet polarizability / epsilon_0
MoS2,129.0,0.80922585769,6.2025987982e-06,0.0069809711741,3.5647611597e-08,lattice 2D sheet polarizability / epsilon_0
MoS2,129.2,0.80957508853,6.2043823194e-06,0.0069978325351,3.5723418817e-08,lattice 2D sheet polarizability / epsilon_0
MoS2,129.4,0.80992516247,6.2061696315e-06,0.0070147298128,3.5799339291e-08,lattice 2D sheet polarizability / epsilon_0
MoS2,129.6,0.8102760813,6.2079607403e-06,0.0070316631372,3.5875373355e-08,lattice 2D sheet polarizability / epsilon_0
MoS2,129.8,0.81062784684,6.2097556514e-06,0.0070486326389,3.5951521341e-08,lattice 2D sheet polarizability / epsilon_0
MoS2,130.0,0.81098046087,6.2115543706e-06,0.0070656384489,3.6027783587e-08,lattice 2D sheet polarizability / epsilon_0
MoS2,130.2,0.81133392523,6.2133569034e-06,0.0070826806989,3.6104160428e-08,lattice 2D sheet polarizability / epsilon_0
MoS2,130.4,0.81168824173,6.2151632557e-06,0.007099759521,3.6180652203e-08,lattice 2D sheet polarizability / epsilon_0
MoS2,130.6,0.81204341221,6.2169734332e-06,0.007116875048,3.6257259249e-08,lattice 2D sheet polarizability / epsilon_0
MoS2,130.8,0.81239943849,6.2187874417e-06,0.0071340274129,3.6333981907e-08,lattice 2D sheet polarizability / epsilon_0
MoS2,131.0,0.81275632241,6.220605287e-06,0.0071512167497,3.6410820517e-08,lattice 2D sheet polarizability / epsilon_0
MoS2,131.2,0.81311406584,6.2224269748e-06,0.0071684431926,3.6487775421e-08,lattice 2D sheet polarizability / epsilon_0
MoS2,131.4,0.81347267061,6.2242525109e-06,0.0071857068764,3.6564846962e-08,lattice 2D sheet polarizability / epsilon_0
MoS2,131.6,0.8138321386,6.2260819013e-06,0.0072030079366,3.6642035483e-08,lattice 2D sheet polarizability / epsilon_0
MoS2,131.8,0.81419247167,6.2279151517e-06,0.0072203465091,3.6719341329e-08,lattice 2D sheet polarizability / epsilon_0
MoS2,132.0,0.8145536717,6.2297522681e-06,0.0072377227303,3.6796764846e-08,lattice 2D sheet polarizability / epsilon_0
MoS2,132.2,0.81491574056,6.2315932563e-06,0.0072551367374,3.6874306381e-08,lattice 2D sheet polarizability / epsilon_0
MoS2,132.4,0.81527868015,6.2334381221e-06,0.007272588668,3.6951966281e-08,lattice 2D sheet polarizability / epsilon_0
MoS2,132.6,0.81564249237,6.2352868716e-06,0.0072900786603,3.7029744895e-08,lattice 2D sheet polarizability / epsilon_0
MoS2,132.8,0.81600717912,6.2371395107e-06,0.0073076068529,3.7107642574e-08,lattice 2D sheet polarizability / epsilon_0
MoS2,133.0,0.8163727423,6.2389960453e-06,0.0073251733852,3.7185659668e-08,lattice 2D sheet polarizability / epsilon_0
MoS2,133.2,0.81673918383,6.2408564814e-06,0.0073427783971,3.726379653e-08,lattice 2D sheet polarizability / epsilon_0
MoS2,133.4,0.81710650564,6.242720825e-06,0.0073604220291,3.7342053513e-08,lattice 2D sheet polarizability / epsilon_0
MoS2,133.6,0.81747470966,6.244589082e-06,0.0073781044221,3.742043097e-08,lattice 2D sheet polarizability / epsilon_0
MoS2,133.8,0.81784379782,6.2464612586e-06,0.0073958257178,3.7498929257e-08,lattice 2D sheet polarizability / epsilon_0
MoS2,134.0,0.81821377207,6.2483373608e-06,0.0074135860583,3.7577548731e-08,lattice 2D sheet polarizability / epsilon_0
MoS2,134.2,0.81858463437,6.2502173945e-06,0.0074313855865,3.7656289749e-08,lattice 2D sheet polarizability / epsilon_0
MoS2,134.4,0.81895638666,6.252101366e-06,0.0074492244457,3.7735152668e-08,lattice 2D sheet polarizability / epsilon_0
MoS2,134.6,0.81932903092,6.2539892813e-06,0.0074671027799,3.781413785e-08,lattice 2D sheet polarizability / epsilon_0
MoS2,134.8,0.81970256913,6.2558811465e-06,0.0074850207337,3.7893245654e-08,lattice 2D sheet polarizability / epsilon_0
MoS2,135.0,0.82007700325,6.2577769677e-06,0.0075029784521,3.7972476443e-08,lattice 2D sheet polarizability / epsilon_0
MoS2,135.2,0.82045233528,6.2596767512e-06,0.0075209760809,3.8051830579e-08,lattice 2D sheet polarizability / epsilon_0
MoS2,135.4,0.82082856722,6.261580503e-06,0.0075390137666,3.8131308426e-08,lattice 2D sheet polarizability / epsilon_0
MoS2,135.6,0.82120570106,6.2634882293e-06,0.007557091656,3.821091035e-08,lattice 2D sheet polarizability / epsilon_0
MoS2,135.8,0.82158373882,6.2653999364e-06,0.0075752098967,3.8290636716e-08,lattice 2D sheet polarizability / epsilon_0
MoS2,136.0,0.82196268251,6.2673156305e-06,0.007593368637,3.8370487892e-08,lattice 2D sheet polarizability / epsilon_0
MoS2,136.2,0.82234253416,6.2692353179e-06,0.0076115680256,3.8450464246e-08,lattice 2D sheet polarizability / epsilon_0
MoS2,136.4,0.8227232958,6.2711590047e-06,0.0076298082119,3.8530566148e-08,lattice 2D sheet polarizability / epsilon_0
MoS2,136.6,0.82310496947,6.2730866973e-06,0.0076480893461,3.8610793969e-08,lattice 2D sheet polarizability / epsilon_0
MoS2,136.8,0.82348755722,6.2750184019e-06,0.0076664115787,3.869114808e-08,lattice 2D sheet polarizability / epsilon_0
MoS2,137.0,0.82387106109,6.2769541249e-06,0.0076847750611,3.8771628854e-08,lattice 2D sheet polarizability / epsilon_0
MoS2,137.2,0.82425548316,6.2788938727e-06,0.0077031799453,3.8852236666e-08,lattice 2D sheet polarizability / epsilon_0
MoS2,137.4,0.82464082549,6.2808376515e-06,0.0077216263837,3.8932971891e-08,lattice 2D sheet polarizability / epsilon_0
MoS2,137.6,0.82502709017,6.2827854677e-06,0.0077401145296,3.9013834905e-08,lattice 2D sheet polarizability / epsilon_0
MoS2,137.8,0.82541427926,6.2847373278e-06,0.0077586445369,3.9094826087e-08,lattice 2D sheet polarizability / epsilon_0
MoS2,138.0,0.82580239488,6.2866932381e-06,0.0077772165601,3.9175945813e-08,lattice 2D sheet polarizability / epsilon_0
MoS2,138.2,0.82619143911,6.2886532051e-06,0.0077958307543,3.9257194466e-08,lattice 2D sheet polarizability / epsilon_0
MoS2,138.4,0.82658141406,6.2906172352e-06,0.0078144872754,3.9338572425e-08,lattice 2D sheet polarizability / epsilon_0
MoS2,138.6,0.82697232186,6.2925853349e-06,0.0078331862798,3.9420080073e-08,lattice 2D sheet polarizability / epsilon_0
MoS2,138.8,0.82736416463,6.2945575107e-06,0.0078519279245,3.9501717793e-08,lattice 2D sheet polarizability / epsilon_0
MoS2,139.0,0.82775694449,6.296533769e-06,0.0078707123675,3.9583485971e-08,lattice 2D sheet polarizability / epsilon_0
MoS2,139.2,0.82815066358,6.2985141164e-06,0.0078895397672,3.9665384992e-08,lattice 2D sheet polarizability / epsilon_0
MoS2,139.4,0.82854532406,6.3004985595e-06,0.0079084102827,3.9747415242e-08,lattice 2D sheet polarizability / epsilon_0
MoS2,139.6,0.82894092808,6.3024871048e-06,0.0079273240738,3.9829577111e-08,lattice 2D sheet polarizability / epsilon_0
MoS2,139.8,0.8293374778,6.3044797589e-06,0.007946281301,3.9911870988e-08,lattice 2D sheet polarizability / epsilon_0
MoS2,140.0,0.8297349754,6.3064765284e-06,0.0079652821254,3.9994297263e-08,lattice 2D sheet polarizability / epsilon_0
MoS2,140.2,0.83013342305,6.3084774199e-06,0.0079843267089,4.0076856329e-08,lattice 2D sheet polarizability / epsilon_0
MoS2,140.4,0.83053282293,6.31048244e-06,0.008003415214,4.0159548578e-08,lattice 2D sheet polarizability / epsilon_0
MoS2,140.6,0.83093317726,6.3124915955e-06,0.008022547804,4.0242374405e-08,lattice 2D sheet polarizability / epsilon_0
MoS2,140.8,0.83133448822,6.3145048929e-06,0.0080417246427,4.0325334205e-08,lattice 2D sheet polarizability / epsilon_0
MoS2,141.0,0.83173675803,6.3165223391e-06,0.0080609458949,4.0408428375e-08,lattice 2D sheet polarizability / epsilon_0
MoS2,141.2,0.83213998891,6.3185439406e-06,0.0080802117258,4.0491657314e-08,lattice 2D sheet polarizability / epsilon_0
MoS2,141.4,0.8325441831,6.3205697044e-06,0.0080995223014,4.057502142e-08,lattice 2D sheet polarizability / epsilon_0
MoS2,141.6,0.83294934282,6.322599637e-06,0.0081188777885,4.0658521095e-08,lattice 2D sheet polarizability / epsilon_0
MoS2,141.8,0.83335547032,6.3246337454e-06,0.0081382783547,4.074215674e-08,lattice 2D sheet polarizability / epsilon_0
MoS2,142.0,0.83376256785,6.3266720362e-06,0.0081577241679,4.0825928757e-08,lattice 2D sheet polarizability / epsilon_0
MoS2,142.2,0.83417063769,6.3287145164e-06,0.0081772153973,4.0909837552e-08,lattice 2D sheet polarizability / epsilon_0
MoS2,142.4,0.83457968208,6.3307611927e-06,0.0081967522123,4.0993883531e-08,lattice 2D sheet polarizability / epsilon_0
MoS2,142.6,0.83498970333,6.332812072e-06,0.0082163347833,4.1078067099e-08,lattice 2D sheet polarizability / epsilon_0
MoS2,142.8,0.8354007037,6.3348671613e-06,0.0082359632815,4.1162388665e-08,lattice 2D sheet polarizability / epsilon_0
MoS2,143.0,0.83581268551,6.3369264673e-06,0.0082556378786,4.1246848639e-08,lattice 2D sheet polarizability / epsilon_0
MoS2,143.2,0.83622565104,6.3389899971e-06,0.0082753587473,4.1331447432e-08,lattice 2D sheet polarizability / epsilon_0
MoS2,143.4,0.83663960262,6.3410577575e-06,0.0082951260608,4.1416185455e-08,lattice 2D sheet polarizability / epsilon_0
MoS2,143.6,0.83705454257,6.3431297555e-06,0.0083149399932,4.1501063122e-08,lattice 2D sheet polarizability / epsilon_0
MoS2,143.8,0.83747047321,6.3452059982e-06,0.0083348007194,4.1586080848e-08,lattice 2D sheet polarizability / epsilon_0
MoS2,144.0,0.83788739689,6.3472864925e-06,0.008354708415,4.1671239049e-08,lattice 2D sheet polarizability / epsilon_0
MoS2,144.2,0.83830531596,6.3493712454e-06,0.0083746632562,4.1756538141e-08,lattice 2D sheet polarizability / epsilon_0
MoS2,144.4,0.83872423276,6.351460264e-06,0.0083946654201,4.1841978544e-08,lattice 2D sheet polarizability / epsilon_0
MoS2,144.6,0.83914414967,6.3535535554e-06,0.0084147150848,4.1927560678e-08,lattice 2D sheet polarizability / epsilon_0
MoS2,144.8,0.83956506906,6.3556511266e-06,0.0084348124288,4.2013284964e-08,lattice 2D sheet polarizability / epsilon_0
MoS2,145.0,0.83998699332,6.3577529848e-06,0.0084549576315,4.2099151825e-08,lattice 2D sheet polarizability / epsilon_0
MoS2,145.2,0.84040992483,6.3598591371e-06,0.0084751508732,4.2185161684e-08,lattice 2D sheet polarizability / epsilon_0
MoS2,145.4,0.84083386599,6.3619695906e-06,0.0084953923349,4.2271314968e-08,lattice 2D sheet polarizability / epsilon_0
MoS2,145.6,0.84125881922,6.3640843525e-06,0.0085156821984,4.2357612102e-08,lattice 2D sheet polarizability / epsilon_0
MoS2,145.8,0.84168478694,6.36620343e-06,0.0085360206462,4.2444053516e-08,lattice 2D sheet polarizability / epsilon_0
MoS2,146.0,0.84211177158,6.3683268303e-06,0.0085564078619,4.2530639638e-08,lattice 2D sheet polarizability / epsilon_0
MoS2,146.2,0.84253977556,6.3704545607e-06,0.0085768440294,4.2617370899e-08,lattice 2D sheet polarizability / epsilon_0
MoS2,146.4,0.84296880135,6.3725866284e-06,0.008597329334,4.2704247732e-08,lattice 2D sheet polarizability / epsilon_0
MoS2,146.6,0.84339885139,6.3747230406e-06,0.0086178639613,4.2791270571e-08,lattice 2D sheet polarizability / epsilon_0
MoS2,146.8,0.84382992815,6.3768638048e-06,0.0086384480981,4.287843985e-08,lattice 2D sheet polarizability / epsilon_0
MoS2,147.0,0.84426203411,6.3790089282e-06,0.0086590819318,4.2965756005e-08,lattice 2D sheet polarizability / epsilon_0
MoS2,147.2,0.84469517174,6.3811584182e-06,0.0086797656506,4.3053219475e-08,lattice 2D sheet polarizability / epsilon_0
MoS2,147.4,0.84512934355,6.3833122821e-06,0.0087004994438,4.3140830699e-08,lattice 2D sheet polarizability / epsilon_0
MoS2,147.6,0.84556455204,6.3854705273e-06,0.0087212835012,4.3228590118e-08,lattice 2D sheet polarizability / epsilon_0
MoS2,147.8,0.84600079971,6.3876331612e-06,0.0087421180136,4.3316498173e-08,lattice 2D sheet polarizability / epsilon_0
MoS2,148.0,0.84643808909,6.3898001913e-06,0.0087630031727,4.3404555309e-08,lattice 2D sheet polarizability / epsilon_0
MoS2,148.2,0.84687642271,6.3919716251e-06,0.008783939171,4.349276197e-08,lattice 2D sheet polarizability / epsilon_0
MoS2,148.4,0.84731580312,6.3941474699e-06,0.0088049262019,4.3581118602e-08,lattice 2D sheet polarizability / epsilon_0
MoS2,148.6,0.84775623285,6.3963277333e-06,0.0088259644594,4.3669625654e-08,lattice 2D sheet polarizability / epsilon_0
MoS2,148.8,0.84819771448,6.3985124229e-06,0.0088470541388,4.3758283574e-08,lattice 2D sheet polarizability / epsilon_0
MoS2,149.0,0.84864025058,6.4007015461e-06,0.0088681954359,4.3847092814e-08,lattice 2D sheet polarizability / epsilon_0
MoS2,149.2,0.84908384372,6.4028951105e-06,0.0088893885475,4.3936053826e-08,lattice 2D sheet polarizability / epsilon_0
MoS2,149.4,0.84952849649,6.4050931238e-06,0.0089106336713,4.4025167063e-08,lattice 2D sheet polarizability / epsilon_0
MoS2,149.6,0.84997421149,6.4072955935e-06,0.0089319310059,4.4114432982e-08,lattice 2D sheet polarizability / epsilon_0
MoS2,149.8,0.85042099134,6.4095025273e-06,0.0089532807508,4.4203852037e-08,lattice 2D sheet polarizability / epsilon_0
MoS2,150.0,0.85086883865,6.4117139328e-06,0.0089746831062,4.4293424688e-08,lattice 2D sheet polarizability / epsilon_0
MoS2,150.2,0.85131775605,6.4139298177e-06,0.0089961382735,4.4383151394e-08,lattice 2D sheet polarizability / epsilon_0
MoS2,150.4,0.85176774618,6.4161501898e-06,0.0090176464548,4.4473032617e-08,lattice 2D sheet polarizability / epsilon_0
MoS2,150.6,0.8522188117,6.4183750566e-06,0.0090392078532,4.4563068819e-08,lattice 2D sheet polarizability / epsilon_0
MoS2,150.8,0.85267095525,6.4206044261e-06,0.0090608226725,4.4653260464e-08,lattice 2D sheet polarizability / epsilon_0
MoS2,151.0,0.85312417952,6.4228383059e-06,0.0090824911178,4.4743608018e-08,lattice 2D sheet polarizability / epsilon_0
MoS2,151.2,0.85357848717,6.4250767039e-06,0.0091042133948,4.4834111949e-08,lattice 2D sheet polarizability / epsilon_0
MoS2,151.4,0.85403388091,6.4273196279e-06,0.0091259897102,4.4924772724e-08,lattice 2D sheet polarizability / epsilon_0
MoS2,151.6,0.85449036343,6.4295670857e-06,0.0091478202718,4.5015590815e-08,lattice 2D sheet polarizability / epsilon_0
MoS2,151.8,0.85494793745,6.4318190853e-06,0.0091697052881,4.5106566693e-08,lattice 2D sheet polarizability / epsilon_0
MoS2,152.0,0.85540660568,6.4340756344e-06,0.0091916449687,4.5197700832e-08,lattice 2D sheet polarizability / epsilon_0
MoS2,152.2,0.85586637085,6.436336741e-06,0.0092136395241,4.5288993707e-08,lattice 2D sheet polarizability / epsilon_0
MoS2,152.4,0.85632723572,6.438602413e-06,0.0092356891657,4.5380445794e-08,lattice 2D sheet polarizability / epsilon_0
MoS2,152.6,0.85678920303,6.4408726584e-06,0.009257794106,4.5472057571e-08,lattice 2D sheet polarizability / epsilon_0
MoS2,152.8,0.85725227555,6.4431474852e-06,0.0092799545584,4.5563829519e-08,lattice 2D sheet polarizability / epsilon_0
MoS2,153.0,0.85771645605,6.4454269015e-06,0.0093021707371,4.5655762118e-08,lattice 2D sheet polarizability / epsilon_0
MoS2,153.2,0.85818174732,6.4477109151e-06,0.0093244428575,4.5747855851e-08,lattice 2D sheet polarizability / epsilon_0
MoS2,153.4,0.85864815214,6.4499995342e-06,0.0093467711359,4.5840111204e-08,lattice 2D sheet polarizability / epsilon_0
MoS2,153.6,0.85911567334,6.452292767e-06,0.0093691557897,4.5932528661e-08,lattice 2D sheet polarizability / epsilon_0
MoS2,153.8,0.85958431373,6.4545906213e-06,0.009391597037,4.6025108711e-08,lattice 2D sheet polarizability / epsilon_0
MoS2,154.0,0.86005407613,6.4568931055e-06,0.0094140950972,4.6117851843e-08,lattice 2D sheet polarizability / epsilon_0
MoS2,154.2,0.86052496339,6.4592002277e-06,0.0094366501906,4.6210758549e-08,lattice 2D sheet polarizability / epsilon_0
MoS2,154.4,0.86099697835,6.461511996e-06,0.0094592625384,4.630382932e-08,lattice 2D sheet polarizability / epsilon_0
MoS2,154.6,0.86147012388,6.4638284186e-06,0.009481932363,4.639706465e-08,lattice 2D sheet polarizability / epsilon_0
MoS2,154.8,0.86194440285,6.4661495039e-06,0.0095046598877,4.6490465037e-08,lattice 2D sheet polarizability / epsilon_0
MoS2,155.0,0.86241981814,6.4684752599e-06,0.0095274453368,4.6584030977e-08,lattice 2D sheet polarizability / epsilon_0
MoS2,155.2,0.86289637265,6.4708056951e-06,0.0095502889357,4.667776297e-08,lattice 2D sheet polarizability / epsilon_0
MoS2,155.4,0.86337406928,6.4731408177e-06,0.0095731909109,4.6771661517e-08,lattice 2D sheet polarizability / epsilon_0
MoS2,155.6,0.86385291096,6.475480636e-06,0.0095961514898,4.686572712e-08,lattice 2D sheet polarizability / epsilon_0
MoS2,155.8,0.8643329006,6.4778251585e-06,0.0096191709009,4.6959960283e-08,lattice 2D sheet polarizability / epsilon_0
MoS2,156.0,0.86481404116,6.4801743934e-06,0.0096422493738,4.7054361512e-08,lattice 2D sheet polarizability / epsilon_0
MoS2,156.2,0.86529633558,6.4825283492e-06,0.0096653871392,4.7148931316e-08,lattice 2D sheet polarizability / epsilon_0
MoS2,156.4,0.86577978683,6.4848870343e-06,0.0096885844287,4.7243670203e-08,lattice 2D sheet polarizability / epsilon_0
MoS2,156.6,0.86626439788,6.4872504571e-06,0.0097118414751,4.7338578685e-08,lattice 2D sheet polarizability / epsilon_0
MoS2,156.8,0.86675017171,6.4896186262e-06,0.0097351585122,4.7433657274e-08,lattice 2D sheet polarizability / epsilon_0
MoS2,157.0,0.86723711133,6.4919915501e-06,0.009758535775,4.7528906485e-08,lattice 2D sheet polarizability / epsilon_0
MoS2,157.2,0.86772521975,6.4943692373e-06,0.0097819734996,4.7624326834e-08,lattice 2D sheet polarizability / epsilon_0
MoS2,157.4,0.86821449998,6.4967516963e-06,0.009805471923,4.7719918839e-08,lattice 2D sheet polarizability / epsilon_0
MoS2,157.6,0.86870495507,6.4991389357e-06,0.0098290312835,4.781568302e-08,lattice 2D sheet polarizability / epsilon_0
MoS2,157.8,0.86919658805,6.5015309642e-06,0.0098526518205,4.7911619898e-08,lattice 2D sheet polarizability / epsilon_0
MoS2,158.0,0.86968940198,6.5039277904e-06,0.0098763337743,4.8007729998e-08,lattice 2D sheet polarizability / epsilon_0
MoS2,158.2,0.87018339993,6.5063294229e-06,0.0099000773866,4.8104013843e-08,lattice 2D sheet polarizability / epsilon_0
MoS2,158.4,0.87067858499,6.5087358704e-06,0.0099238829,4.820047196e-08,lattice 2D sheet polarizability / epsilon_0
MoS2,158.6,0.87117496025,6.5111471416e-06,0.0099477505585,4.8297104879e-08,lattice 2D sheet polarizability / epsilon_0
MoS2,158.8,0.87167252881,6.5135632454e-06,0.009971680607,4.839391313e-08,lattice 2D sheet polarizability / epsilon_0
MoS2,159.0,0.87217129379,6.5159841904e-06,0.0099956732917,4.8490897245e-08,lattice 2D sheet polarizability / epsilon_0
MoS2,159.2,0.87267125833,6.5184099854e-06,0.01001972886,4.8588057757e-08,lattice 2D sheet polarizability / epsilon_0
MoS2,159.4,0.87317242556,6.5208406393e-06,0.01004384756,4.8685395204e-08,lattice 2D sheet polarizability / epsilon_0
MoS2,159.6,0.87367479863,6.523276161e-06,0.010068029641,4.8782910122e-08,lattice 2D sheet polarizability / epsilon_0
MoS2,159.8,0.87417838073,6.5257165592e-06,0.010092275355,4.8880603051e-08,lattice 2D sheet polarizability / epsilon_0
MoS2,160.0,0.87468317502,6.5281618429e-06,0.010116584954,4.8978474532e-08,lattice 2D sheet polarizability / epsilon_0
MoS2,160.2,0.8751891847,6.530612021e-06,0.010140958689,4.907652511e-08,lattice 2D sheet polarizability / epsilon_0
MoS2,160.4,0.87569641297,6.5330671025e-06,0.010165396817,4.9174755328e-08,lattice 2D sheet polarizability / epsilon_0
MoS2,160.6,0.87620486306,6.5355270964e-06,0.010189899592,4.9273165734e-08,lattice 2D sheet polarizability / epsilon_0
MoS2,160.8,0.87671453819,6.5379920116e-06,0.010214467271,4.9371756876e-08,lattice 2D sheet polarizability / epsilon_0
MoS2,161.0,0.8772254416,6.5404618572e-06,0.010239100113,4.9470529306e-08,lattice 2D sheet polarizability / epsilon_0
MoS2,161.2,0.87773757656,6.5429366424e-06,0.010263798376,4.9569483575e-08,lattice 2D sheet polarizability / epsilon_0
MoS2,161.4,0.87825094634,6.545416376e-06,0.010288562321,4.9668620239e-08,lattice 2D sheet polarizability / epsilon_0
MoS2,161.6,0.8787655542,6.5479010674e-06,0.01031339221,4.9767939854e-08,lattice 2D sheet polarizability / epsilon_0
MoS2,161.8,0.87928140346,6.5503907256e-06,0.010338288305,4.9867442978e-08,lattice 2D sheet polarizability / epsilon_0
MoS2,162.0,0.87979849741,6.5528853598e-06,0.010363250871,4.9967130171e-08,lattice 2D sheet polarizability / epsilon_0
MoS2,162.2,0.88031683939,6.5553849792e-06,0.010388280173,5.0067001996e-08,lattice 2D sheet polarizability / epsilon_0
MoS2,162.4,0.88083643272,6.5578895931e-06,0.010413376478,5.0167059016e-08,lattice 2D sheet polarizability / epsilon_0
MoS2,162.6,0.88135728075,6.5603992107e-06,0.010438540054,5.0267301799e-08,lattice 2D sheet polarizability / epsilon_0
MoS2,162.8,0.88187938685,6.5629138413e-06,0.010463771171,5.0367730911e-08,lattice 2D sheet polarizability / epsilon_0
MoS2,163.0,0.88240275439,6.5654334942e-06,0.010489070098,5.0468346923e-08,lattice 2D sheet polarizability / epsilon_0
MoS2,163.2,0.88292738676,6.5679581788e-06,0.010514437108,5.0569150407e-08,lattice 2D sheet polarizability / epsilon_0
MoS2,163.4,0.88345328736,6.5704879044e-06,0.010539872473,5.0670141936e-08,lattice 2D sheet polarizability / epsilon_0
MoS2,163.6,0.88398045961,6.5730226805e-06,0.01056537647,5.0771322088e-08,lattice 2D sheet polarizability / epsilon_0
MoS2,163.8,0.88450890693,6.5755625164e-06,0.010590949372,5.0872691439e-08,lattice 2D sheet polarizability / epsilon_0
MoS2,164.0,0.88503863278,6.5781074217e-06,0.010616591457,5.097425057e-08,lattice 2D sheet polarizability / epsilon_0
MoS2,164.2,0.8855696406,6.5806574057e-06,0.010642303004,5.1076000062e-08,lattice 2D sheet polarizability / epsilon_0
MoS2,164.4,0.88610193387,6.5832124782e-06,0.010668084293,5.11779405e-08,lattice 2D sheet polarizability / epsilon_0
MoS2,164.6,0.88663551607,6.5857726485e-06,0.010693935605,5.128007247e-08,lattice 2D sheet polarizability / epsilon_0
MoS2,164.8,0.88717039071,6.5883379263e-06,0.010719857222,5.138239656e-08,lattice 2D sheet polarizability / epsilon_0
MoS2,165.0,0.88770656129,6.5909083212e-06,0.010745849428,5.148491336e-08,lattice 2D sheet polarizability / epsilon_0
MoS2,165.2,0.88824403135,6.5934838427e-06,0.010771912508,5.1587623462e-08,lattice 2D sheet polarizability / epsilon_0
MoS2,165.4,0.88878280442,6.5960645007e-06,0.01079804675,5.1690527461e-08,lattice 2D sheet polarizability / epsilon_0
MoS2,165.6,0.88932288406,6.5986503048e-06,0.010824252441,5.1793625952e-08,lattice 2D sheet polarizability / epsilon_0
MoS2,165.8,0.88986427384,6.6012412646e-06,0.01085052987,5.1896919535e-08,lattice 2D sheet polarizability / epsilon_0
MoS2,166.0,0.89040697735,6.60383739e-06,0.010876879329,5.2000408809e-08,lattice 2D sheet polarizability / epsilon_0
MoS2,166.2,0.89095099818,6.6064386907e-06,0.01090330111,5.2104094379e-08,lattice 2D sheet polarizability / epsilon_0
MoS2,166.4,0.89149633995,6.6090451766e-06,0.010929795506,5.2207976848e-08,lattice 2D sheet polarizability / epsilon_0
MoS2,166.6,0.89204300629,6.6116568575e-06,0.010956362813,5.2312056823e-08,lattice 2D sheet polarizability / epsilon_0
MoS2,166.8,0.89259100084,6.6142737433e-06,0.010983003327,5.2416334913e-08,lattice 2D sheet polarizability / epsilon_0
MoS2,167.0,0.89314032725,6.6168958439e-06,0.011009717346,5.252081173e-08,lattice 2D sheet polarizability / epsilon_0
MoS2,167.2,0.89369098921,6.6195231692e-06,0.011036505169,5.2625487887e-08,lattice 2D sheet polarizability / epsilon_0
MoS2,167.4,0.8942429904,6.6221557291e-06,0.011063367099,5.2730363999e-08,lattice 2D sheet polarizability / epsilon_0
MoS2,167.6,0.89479633452,6.6247935338e-06,0.011090303436,5.2835440685e-08,lattice 2D sheet polarizability / epsilon_0
MoS2,167.8,0.8953510253,6.6274365932e-06,0.011117314486,5.2940718563e-08,lattice 2D sheet polarizability / epsilon_0
MoS2,168.0,0.89590706645,6.6300849174e-06,0.011144400553,5.3046198257e-08,lattice 2D sheet polarizability / epsilon_0
MoS2,168.2,0.89646446174,6.6327385164e-06,0.011171561944,5.315188039e-08,lattice 2D sheet polarizability / epsilon_0
MoS2,168.4,0.89702321493,6.6353974005e-06,0.011198798969,5.3257765589e-08,lattice 2D sheet polarizability / epsilon_0
MoS2,168.6,0.89758332979,6.6380615796e-06,0.011226111935,5.3363854483e-08,lattice 2D sheet polarizability / epsilon_0
MoS2,168.8,0.89814481012,6.6407310642e-06,0.011253501157,5.3470147702e-08,lattice 2D sheet polarizability / epsilon_0
MoS2,169.0,0.89870765973,6.6434058642e-06,0.011280966945,5.357664588e-08,lattice 2D sheet polarizability / epsilon_0
MoS2,169.2,0.89927188244,6.6460859901e-06,0.011308509615,5.3683349652e-08,lattice 2D sheet polarizability / epsilon_0
MoS2,169.4,0.89983748211,6.6487714521e-06,0.011336129484,5.3790259657e-08,lattice 2D sheet polarizability / epsilon_0
MoS2,169.6,0.90040446258,6.6514622604e-06,0.011363826868,5.3897376533e-08,lattice 2D sheet polarizability / epsilon_0
MoS2,169.8,0.90097282773,6.6541584255e-06,0.011391602087,5.4004700924e-08,lattice 2D sheet polarizability / epsilon_0
MoS2,170.0,0.90154258144,6.6568599577e-06,0.011419455462,5.4112233473e-08,lattice 2D sheet polarizability / epsilon_0
MoS2,170.2,0.90211372763,6.6595668674e-06,0.011447387315,5.4219974828e-08,lattice 2D sheet polarizability / epsilon_0
MoS2,170.4,0.90268627021,6.6622791651e-06,0.01147539797,5.4327925638e-08,lattice 2D sheet polarizability / epsilon_0
MoS2,170.6,0.90326021312,6.6649968613e-06,0.011503487754,5.4436086554e-08,lattice 2D sheet polarizability / epsilon_0
MoS2,170.8,0.90383556032,6.6677199663e-06,0.011531656993,5.454445823e-08,lattice 2D sheet polarizability / epsilon_0
MoS2,171.0,0.90441231577,6.6704484909e-06,0.011559906017,5.4653041323e-08,lattice 2D sheet polarizability / epsilon_0
MoS2,171.2,0.90499048346,6.6731824455e-06,0.011588235156,5.4761836491e-08,lattice 2D sheet polarizability / epsilon_0
MoS2,171.4,0.9055700674,6.6759218407e-06,0.011616644741,5.4870844394e-08,lattice 2D sheet polarizability / epsilon_0
MoS2,171.6,0.9061510716,6.6786666873e-06,0.011645135108,5.4980065697e-08,lattice 2D sheet polarizability / epsilon_0
MoS2,171.8,0.9067335001,6.6814169958e-06,0.011673706592,5.5089501065e-08,lattice 2D sheet polarizability / epsilon_0
MoS2,172.0,0.90731735696,6.684172777e-06,0.01170235953,5.5199151165e-08,lattice 2D sheet polarizability / epsilon_0
MoS2,172.2,0.90790264624,6.6869340416e-06,0.011731094261,5.5309016669e-08,lattice 2D sheet polarizability / epsilon_0
MoS2,172.4,0.90848937202,6.6897008004e-06,0.011759911126,5.5419098249e-08,lattice 2D sheet polarizability / epsilon_0
MoS2,172.6,0.90907753842,6.6924730642e-06,0.011788810467,5.5529396581e-08,lattice 2D sheet polarizability / epsilon_0
MoS2,172.8,0.90966714956,6.6952508438e-06,0.011817792628,5.5639912343e-08,lattice 2D sheet polarizability / epsilon_0
MoS2,173.0,0.91025820956,6.69803415e-06,0.011846857956,5.5750646213e-08,lattice 2D sheet polarizability / epsilon_0
MoS2,173.2,0.9108507226,6.7008229939e-06,0.011876006797,5.5861598877e-08,lattice 2D sheet polarizability / epsilon_0
MoS2,173.4,0.91144469283,6.7036173863e-06,0.011905239502,5.5972771017e-08,lattice 2D sheet polarizability / epsilon_0
MoS2,173.6,0.91204012446,6.7064173383e-06,0.011934556421,5.6084163323e-08,lattice 2D sheet polarizability / epsilon_0
MoS2,173.8,0.91263702168,6.7092228607e-06,0.011963957907,5.6195776484e-08,lattice 2D sheet polarizability / epsilon_0
MoS2,174.0,0.91323538872,6.7120339647e-06,0.011993444315,5.6307611193e-08,lattice 2D sheet polarizability / epsilon_0
MoS2,174.2,0.91383522983,6.7148506614e-06,0.012023016002,5.6419668146e-08,lattice 2D sheet polarizability / epsilon_0
MoS2,174.4,0.91443654927,6.7176729618e-06,0.012052673326,5.6531948039e-08,lattice 2D sheet polarizability / epsilon_0
MoS2,174.6,0.91503935131,6.7205008771e-06,0.012082416647,5.6644451573e-08,lattice 2D sheet polarizability / epsilon_0
MoS2,174.8,0.91564364026,6.7233344185e-06,0.012112246328,5.6757179451e-08,lattice 2D sheet polarizability / epsilon_0
MoS2,175.0,0.91624942042,6.7261735972e-06,0.012142162731,5.6870132378e-08,lattice 2D sheet polarizability / epsilon_0
MoS2,175.2,0.91685669613,6.7290184245e-06,0.012172166223,5.6983311063e-08,lattice 2D sheet polarizability / epsilon_0
MoS2,175.4,0.91746547174,6.7318689116e-06,0.012202257172,5.7096716215e-08,lattice 2D sheet polarizability / epsilon_0
MoS2,175.6,0.91807575162,6.7347250699e-06,0.012232435946,5.7210348548e-08,lattice 2D sheet polarizability / epsilon_0
MoS2,175.8,0.91868754016,6.7375869107e-06,0.012262702918,5.7324208778e-08,lattice 2D sheet polarizability / epsilon_0
MoS2,176.0,0.91930084176,6.7404544455e-06,0.012293058461,5.7438297623e-08,lattice 2D sheet polarizability / epsilon_0
MoS2,176.2,0.91991566086,6.7433276855e-06,0.012323502949,5.7552615803e-08,lattice 2D sheet polarizability / epsilon_0
MoS2,176.4,0.92053200188,6.7462066425e-06,0.01235403676,5.7667164044e-08,lattice 2D sheet polarizability / epsilon_0
MoS2,176.6,0.9211498693,6.7490913277e-06,0.012384660273,5.778194307e-08,lattice 2D sheet polarizability / epsilon_0
MoS2,176.8,0.9217692676,6.7519817528e-06,0.012415373869,5.7896953612e-08,lattice 2D sheet polarizability / epsilon_0
MoS2,177.0,0.92239020127,6.7548779293e-06,0.012446177932,5.80121964e-08,lattice 2D sheet polarizability / epsilon_0
MoS2,177.2,0.92301267485,6.7577798689e-06,0.012477072845,5.8127672169e-08,lattice 2D sheet polarizability / epsilon_0
MoS2,177.4,0.92363669285,6.7606875832e-06,0.012508058997,5.8243381656e-08,lattice 2D sheet polarizability / epsilon_0
MoS2,177.6,0.92426225986,6.7636010839e-06,0.012539136775,5.83593256e-08,lattice 2D sheet polarizability / epsilon_0
MoS2,177.8,0.92488938043,6.7665203827e-06,0.012570306572,5.8475504746e-08,lattice 2D sheet polarizability / epsilon_0
MoS2,178.0,0.92551805918,6.7694454914e-06,0.012601568779,5.8591919837e-08,lattice 2D sheet polarizability / epsilon_0
MoS2,178.2,0.92614830071,6.7723764218e-06,0.012632923793,5.8708571621e-08,lattice 2D sheet polarizability / epsilon_0
MoS2,178.4,0.92678010966,6.7753131856e-06,0.012664372011,5.8825460851e-08,lattice 2D sheet polarizability / epsilon_0
MoS2,178.6,0.92741349069,6.7782557948e-06,0.01269591383,5.8942588278e-08,lattice 2D sheet polarizability / epsilon_0
MoS2,178.8,0.92804844848,6.7812042614e-06,0.012727549654,5.905995466e-08,lattice 2D sheet polarizability / epsilon_0
MoS2,179.0,0.92868498771,6.7841585971e-06,0.012759279885,5.9177560755e-08,lattice 2D sheet polarizability / epsilon_0
MoS2,179.2,0.92932311312,6.7871188141e-06,0.012791104928,5.9295407326e-08,lattice 2D sheet polarizability / epsilon_0
MoS2,179.4,0.92996282943,6.7900849243e-06,0.012823025192,5.9413495138e-08,lattice 2D sheet polarizability / epsilon_0
MoS2,179.6,0.93060414139,6.7930569398e-06,0.012855041086,5.9531824958e-08,lattice 2D sheet polarizability / epsilon_0
MoS2,179.8,0.9312470538,6.7960348728e-06,0.012887153022,5.9650397557e-08,lattice 2D sheet polarizability / epsilon_0
MoS2,180.0,0.93189157145,6.7990187353e-06,0.012919361414,5.9769213708e-08,lattice 2D sheet polarizability / epsilon_0
MoS2,180.2,0.93253769914,6.8020085395e-06,0.012951666678,5.9888274188e-08,lattice 2D sheet polarizability / epsilon_0
MoS2,180.4,0.93318544174,6.8050042976e-06,0.012984069233,6.0007579775e-08,lattice 2D sheet polarizability / epsilon_0
MoS2,180.6,0.93383480409,6.808006022e-06,0.013016569499,6.0127131253e-08,lattice 2D sheet polarizability / epsilon_0
MoS2,180.8,0.93448579107,6.8110137248e-06,0.0130491679,6.0246929405e-08,lattice 2D sheet polarizability / epsilon_0
MoS2,181.0,0.93513840759,6.8140274185e-06,0.01308186486,6.036697502e-08,lattice 2D sheet polarizability / epsilon_0
MoS2,181.2,0.93579265858,6.8170471153e-06,0.013114660806,6.048726889e-08,lattice 2D sheet polarizability / epsilon_0
MoS2,181.4,0.93644854897,6.8200728278e-06,0.013147556169,6.0607811807e-08,lattice 2D sheet polarizability / epsilon_0
MoS2,181.6,0.93710608373,6.8231045683e-06,0.01318055138,6.0728604569e-08,lattice 2D sheet polarizability / epsilon_0
MoS2,181.8,0.93776526786,6.8261423494e-06,0.013213646872,6.0849647976e-08,lattice 2D sheet polarizability / epsilon_0
MoS2,182.0,0.93842610635,6.8291861836e-06,0.013246843084,6.0970942831e-08,lattice 2D sheet polarizability / epsilon_0
MoS2,182.2,0.93908860425,6.8322360835e-06,0.013280140453,6.1092489939e-08,lattice 2D sheet polarizability / epsilon_0
MoS2,182.4,0.9397527666,6.8352920616e-06,0.013313539421,6.121429011e-08,lattice 2D sheet polarizability / epsilon_0
MoS2,182.6,0.94041859849,6.8383541306e-06,0.013347040431,6.1336344155e-08,lattice 2D sheet polarizability / epsilon_0
MoS2,182.8,0.941086105,6.8414223033e-06,0.013380643929,6.1458652891e-08,lattice 2D sheet polarizability / epsilon_0
MoS2,183.0,0.94175529126,6.8444965923e-06,0.013414350363,6.1581217134e-08,lattice 2D sheet polarizability / epsilon_0
MoS2,183.2,0.94242616241,6.8475770104e-06,0.013448160184,6.1704037706e-08,lattice 2D sheet polarizability / epsilon_0
MoS2,183.4,0.94309872361,6.8506635705e-06,0.013482073844,6.1827115432e-08,lattice 2D sheet polarizability / epsilon_0
MoS2,183.6,0.94377298005,6.8537562854e-06,0.0135160918,6.1950451139e-08,lattice 2D sheet polarizability / epsilon_0
MoS2,183.8,0.94444893695,6.856855168e-06,0.013550214509,6.2074045658e-08,lattice 2D sheet polarizability / epsilon_0
MoS2,184.0,0.94512659953,6.8599602312e-06,0.013584442431,6.2197899822e-08,lattice 2D sheet polarizability / epsilon_0
MoS2,184.2,0.94580597304,6.8630714881e-06,0.01361877603,6.2322014469e-08,lattice 2D sheet polarizability / epsilon_0
MoS2,184.4,0.94648706278,6.8661889516e-06,0.01365321577,6.2446390439e-08,lattice 2D sheet polarizability / epsilon_0
MoS2,184.6,0.94716987404,6.8693126348e-06,0.01368776212,6.2571028574e-08,lattice 2D sheet polarizability / epsilon_0
MoS2,184.8,0.94785441214,6.8724425508e-06,0.013722415549,6.2695929722e-08,lattice 2D sheet polarizability / epsilon_0
MoS2,185.0,0.94854068244,6.8755787128e-06,0.013757176531,6.2821094733e-08,lattice 2D sheet polarizability / epsilon_0
MoS2,185.2,0.9492286903,6.878721134e-06,0.013792045541,6.2946524459e-08,lattice 2D sheet polarizability / epsilon_0
MoS2,185.4,0.94991844113,6.8818698276e-06,0.013827023058,6.3072219756e-08,lattice 2D sheet polarizability / epsilon_0
MoS2,185.6,0.95060994033,6.8850248068e-06,0.013862109561,6.3198181485e-08,lattice 2D sheet polarizability / epsilon_0
MoS2,185.8,0.95130319337,6.8881860851e-06,0.013897305533,6.3324410508e-08,lattice 2D sheet polarizability / epsilon_0
MoS2,186.0,0.9519982057,6.8913536757e-06,0.013932611462,6.3450907692e-08,lattice 2D sheet polarizability / epsilon_0
MoS2,186.2,0.95269498282,6.8945275921e-06,0.013968027835,6.3577673905e-08,lattice 2D sheet polarizability / epsilon_0
MoS2,186.4,0.95339353024,6.8977078477e-06,0.014003555143,6.370471002e-08,lattice 2D sheet polarizability / epsilon_0
MoS2,186.6,0.9540938535,6.900894456e-06,0.014039193881,6.3832016915e-08,lattice 2D sheet polarizability / epsilon_0
MoS2,186.8,0.95479595818,6.9040874306e-06,0.014074944544,6.3959595467e-08,lattice 2D sheet polarizability / epsilon_0
MoS2,187.0,0.95549984986,6.907286785e-06,0.014110807632,6.4087446561e-08,lattice 2D sheet polarizability / epsilon_0
MoS2,187.2,0.95620553415,6.9104925329e-06,0.014146783646,6.4215571082e-08,lattice 2D sheet polarizability / epsilon_0
MoS2,187.4,0.9569130167,6.9137046879e-06,0.014182873093,6.434396992e-08,lattice 2D sheet polarizability / epsilon_0
MoS2,187.6,0.95762230318,6.9169232638e-06,0.014219076478,6.4472643969e-08,lattice 2D sheet polarizability / epsilon_0
MoS2,187.8,0.95833339927,6.9201482742e-06,0.014255394312,6.4601594125e-08,lattice 2D sheet polarizability / epsilon_0
MoS2,188.0,0.95904631069,6.9233797331e-06,0.014291827109,6.4730821288e-08,lattice 2D sheet polarizability / epsilon_0
MoS2,188.2,0.95976104318,6.9266176543e-06,0.014328375384,6.4860326361e-08,lattice 2D sheet polarizability / epsilon_0
MoS2,188.4,0.96047760252,6.9298620516e-06,0.014365039655,6.4990110252e-08,lattice 2D sheet polarizability / epsilon_0
MoS2,188.6,0.96119599448,6.933112939e-06,0.014401820445,6.5120173871e-08,lattice 2D sheet polarizability / epsilon_0
MoS2,188.8,0.96191622491,6.9363703305e-06,0.014438718278,6.5250518132e-08,lattice 2D sheet polarizability / epsilon_0
MoS2,189.0,0.96263829963,6.9396342401e-06,0.014475733681,6.5381143953e-08,lattice 2D sheet polarizability / epsilon_0
MoS2,189.2,0.96336222452,6.9429046819e-06,0.014512867184,6.5512052256e-08,lattice 2D sheet polarizability / epsilon_0
MoS2,189.4,0.96408800549,6.94618167e-06,0.014550119321,6.5643243964e-08,lattice 2D sheet polarizability / epsilon_0
MoS2,189.6,0.96481564845,6.9494652186e-06,0.014587490627,6.5774720006e-08,lattice 2D sheet polarizability / epsilon_0
MoS2,189.8,0.96554515936,6.9527553419e-06,0.014624981642,6.5906481314e-08,lattice 2D sheet polarizability / epsilon_0
MoS2,190.0,0.96627654419,6.9560520542e-06,0.014662592908,6.6038528825e-08,lattice 2D sheet polarizability / epsilon_0
MoS2,190.2,0.96700980896,6.9593553697e-06,0.01470032497,6.6170863476e-08,lattice 2D sheet polarizability / epsilon_0
MoS2,190.4,0.9677449597,6.9626653029e-06,0.014738178377,6.6303486211e-08,lattice 2D sheet polarizability / epsilon_0
MoS2,190.6,0.96848200246,6.9659818681e-06,0.014776153679,6.6436397977e-08,lattice 2D sheet polarizability / epsilon_0
MoS2,190.8,0.96922094334,6.9693050798e-06,0.01481425143,6.6569599724e-08,lattice 2D sheet polarizability / epsilon_0
MoS2,191.0,0.96996178844,6.9726349525e-06,0.014852472188,6.6703092406e-08,lattice 2D sheet polarizability / epsilon_0
MoS2,191.2,0.97070454393,6.9759715007e-06,0.014890816515,6.6836876981e-08,lattice 2D sheet polarizability / epsilon_0
MoS2,191.4,0.97144921595,6.979314739e-06,0.014929284972,6.697095441e-08,lattice 2D sheet polarizability / epsilon_0
MoS2,191.6,0.97219581072,6.982664682e-06,0.014967878127,6.7105325658e-08,lattice 2D sheet polarizability / epsilon_0
MoS2,191.8,0.97294433447,6.9860213446e-06,0.01500659655,6.7239991695e-08,lattice 2D sheet polarizability / epsilon_0
MoS2,192.0,0.97369479344,6.9893847413e-06,0.015045440815,6.7374953494e-08,lattice 2D sheet polarizability / epsilon_0
MoS2,192.2,0.97444719393,6.992754887e-06,0.015084411497,6.7510212031e-08,lattice 2D sheet polarizability / epsilon_0
MoS2,192.4,0.97520154224,6.9961317965e-06,0.015123509177,6.7645768286e-08,lattice 2D sheet polarizability / epsilon_0
MoS2,192.6,0.97595784473,6.9995154847e-06,0.015162734436,6.7781623245e-08,lattice 2D sheet polarizability / epsilon_0
MoS2,192.8,0.97671610775,7.0029059665e-06,0.015202087862,6.7917777896e-08,lattice 2D sheet polarizability / epsilon_0
MoS2,193.0,0.97747633772,7.006303257e-06,0.015241570044,6.8054233231e-08,lattice 2D sheet polarizability / epsilon_0
MoS2,193.2,0.97823854106,7.0097073711e-06,0.015281181575,6.8190990245e-08,lattice 2D sheet polarizability / epsilon_0
MoS2,193.4,0.97900272424,7.0131183239e-06,0.01532092305,6.832804994e-08,lattice 2D sheet polarizability / epsilon_0
MoS2,193.6,0.97976889373,7.0165361306e-06,0.015360795071,6.8465413318e-08,lattice 2D sheet polarizability / epsilon_0
MoS2,193.8,0.98053705607,7.0199608063e-06,0.015400798239,6.8603081389e-08,lattice 2D sheet polarizability / epsilon_0
MoS2,194.0,0.9813072178,7.0233923663e-06,0.015440933161,6.8741055164e-08,lattice 2D sheet polarizability / epsilon_0
MoS2,194.2,0.98207938549,7.0268308259e-06,0.015481200447,6.8879335659e-08,lattice 2D sheet polarizability / epsilon_0
MoS2,194.4,0.98285356577,7.0302762004e-06,0.015521600711,6.9017923895e-08,lattice 2D sheet polarizability / epsilon_0
MoS2,194.6,0.98362976528,7.0337285051e-06,0.015562134569,6.9156820894e-08,lattice 2D sheet polarizability / epsilon_0
MoS2,194.8,0.98440799067,7.0371877556e-06,0.015602802641,6.9296027687e-08,lattice 2D sheet polarizability / epsilon_0
MoS2,195.0,0.98518824866,7.0406539673e-06,0.015643605552,6.9435545304e-08,lattice 2D sheet polarizability / epsilon_0
MoS2,195.2,0.98597054598,7.0441271557e-06,0.015684543929,6.9575374782e-08,lattice 2D sheet polarizability / epsilon_0
MoS2,195.4,0.9867548894,7.0476073365e-06,0.015725618403,6.9715517163e-08,lattice 2D sheet polarizability / epsilon_0
MoS2,195.6,0.98754128571,7.0510945252e-06,0.015766829609,6.985597349e-08,lattice 2D sheet polarizability / epsilon_0
MoS2,195.8,0.98832974173,7.0545887376e-06,0.015808178185,6.9996744812e-08,lattice 2D sheet polarizability / epsilon_0
MoS2,196.0,0.98912026434,7.0580899895e-06,0.015849664774,7.0137832183e-08,lattice 2D sheet polarizability / epsilon_0
MoS2,196.2,0.98991286042,7.0615982965e-06,0.015891290021,7.027923666e-08,lattice 2D sheet polarizability / epsilon_0
MoS2,196.4,0.99070753689,7.0651136747e-06,0.015933054575,7.0420959303e-08,lattice 2D sheet polarizability / epsilon_0
MoS2,196.6,0.99150430071,7.0686361398e-06,0.01597495909,7.0563001181e-08,lattice 2D sheet polarizability / epsilon_0
MoS2,196.8,0.99230315888,7.0721657079e-06,0.016017004223,7.0705363361e-08,lattice 2D sheet polarizability / epsilon_0
MoS2,197.0,0.99310411841,7.0757023949e-06,0.016059190635,7.0848046918e-08,lattice 2D sheet polarizability / epsilon_0
MoS2,197.2,0.99390718635,7.079246217e-06,0.01610151899,7.0991052932e-08,lattice 2D sheet polarizability / epsilon_0
MoS2,197.4,0.99471236981,7.0827971902e-06,0.016143989956,7.1134382486e-08,lattice 2D sheet polarizability / epsilon_0
MoS2,197.6,0.99551967589,7.0863553307e-06,0.016186604207,7.1278036666e-08,lattice 2D sheet polarizability / epsilon_0
MoS2,197.8,0.99632911175,7.0899206548e-06,0.016229362417,7.1422016564e-08,lattice 2D sheet polarizability / epsilon_0
MoS2,198.0,0.99714068458,7.0934931787e-06,0.016272265269,7.1566323277e-08,lattice 2D sheet polarizability / epsilon_0
MoS2,198.2,0.99795440161,7.0970729188e-06,0.016315313445,7.1710957905e-08,lattice 2D sheet polarizability / epsilon_0
MoS2,198.4,0.99877027008,7.1006598915e-06,0.016358507634,7.1855921553e-08,lattice 2D sheet polarizability / epsilon_0
MoS2,198.6,0.9995882973,7.1042541131e-06,0.016401848528,7.2001215331e-08,lattice 2D sheet polarizability / epsilon_0
MoS2,198.8,1.0004084906,7.1078556003e-06,0.016445336823,7.2146840353e-08,lattice 2D sheet polarizability / epsilon_0
MoS2,199.0,1.0012308573,7.1114643696e-06,0.01648897322,7.2292797737e-08,lattice 2D sheet polarizability / epsilon_0
MoS2,199.2,1.0020554048,7.1150804376e-06,0.016532758423,7.2439088607e-08,lattice 2D sheet polarizability / epsilon_0
MoS2,199.4,1.0028821406,7.1187038209e-06,0.016576693141,7.258571409e-08,lattice 2D sheet polarizability / epsilon_0
MoS2,199.6,1.0037110721,7.1223345363e-06,0.016620778086,7.2732675318e-08,lattice 2D sheet polarizability / epsilon_0
MoS2,199.8,1.0045422068,7.1259726006e-06,0.016665013975,7.2879973428e-08,lattice 2D sheet polarizability / epsilon_0
MoS2,200.0,1.0053755523,7.1296180307e-06,0.01670940153,7.3027609562e-08,lattice 2D sheet polarizability / epsilon_0
MoS2,200.2,1.0062111161,7.1332708433e-06,0.016753941475,7.3175584865e-08,lattice 2D sheet polarizability / epsilon_0
MoS2,200.4,1.0070489059,7.1369310555e-06,0.016798634541,7.3323900489e-08,lattice 2D sheet polarizability / epsilon_0
MoS2,200.6,1.0078889292,7.1405986843e-06,0.016843481461,7.3472557589e-08,lattice 2D sheet polarizability / epsilon_0
MoS2,200.8,1.0087311938,7.1442737468e-06,0.016888482974,7.3621557326e-08,lattice 2D sheet polarizability / epsilon_0
MoS2,201.0,1.0095757074,7.1479562601e-06,0.016933639823,7.3770900863e-08,lattice 2D sheet polarizability / epsilon_0
MoS2,201.2,1.0104224777,7.1516462413e-06,0.016978952754,7.3920589371e-08,lattice 2D sheet polarizability / epsilon_0
MoS2,201.4,1.0112715125,7.1553437078e-06,0.017024422519,7.4070624024e-08,lattice 2D sheet polarizability / epsilon_0
MoS2,201.6,1.0121228198,7.1590486768e-06,0.017070049875,7.4221006002e-08,lattice 2D sheet polarizability / epsilon_0
MoS2,201.8,1.0129764072,7.1627611657e-06,0.017115835581,7.4371736489e-08,lattice 2D sheet polarizability / epsilon_0
MoS2,202.0,1.0138322828,7.1664811919e-06,0.017161780403,7.4522816674e-08,lattice 2D sheet polarizability / epsilon_0
MoS2,202.2,1.0146904545,7.1702087729e-06,0.017207885111,7.4674247751e-08,lattice 2D sheet polarizability / epsilon_0
MoS2,202.4,1.0155509302,7.1739439262e-06,0.017254150478,7.4826030918e-08,lattice 2D sheet polarizability / epsilon_0
MoS2,202.6,1.016413718,7.1776866695e-06,0.017300577283,7.497816738e-08,lattice 2D sheet polarizability / epsilon_0
MoS2,202.8,1.017278826,7.1814370204e-06,0.017347166311,7.5130658345e-08,lattice 2D sheet polarizability / epsilon_0
MoS2,203.0,1.0181462622,7.1851949966e-06,0.017393918349,7.5283505027e-08,lattice 2D sheet polarizability / epsilon_0
MoS2,203.2,1.0190160348,7.1889606159e-06,0.01744083419,7.5436708644e-08,lattice 2D sheet polarizability / epsilon_0
MoS2,203.4,1.019888152,7.1927338962e-06,0.017487914633,7.5590270421e-08,lattice 2D sheet polarizability / epsilon_0
MoS2,203.6,1.0207626219,7.1965148553e-06,0.017535160479,7.5744191586e-08,lattice 2D sheet polarizability / epsilon_0
MoS2,203.8,1.0216394529,7.2003035112e-06,0.017582572536,7.5898473373e-08,lattice 2D sheet polarizability / epsilon_0
MoS2,204.0,1.0225186532,7.204099882e-06,0.017630151616,7.6053117022e-08,lattice 2D sheet polarizability / epsilon_0
MoS2,204.2,1.0234002312,7.2079039857e-06,0.017677898537,7.6208123775e-08,lattice 2D sheet polarizability / epsilon_0
MoS2,204.4,1.0242841953,7.2117158405e-06,0.01772581412,7.6363494884e-08,lattice 2D sheet polarizability / epsilon_0
MoS2,204.6,1.0251705538,7.2155354646e-06,0.017773899192,7.6519231602e-08,lattice 2D sheet polarizability / epsilon_0
MoS2,204.8,1.0260593153,7.2193628763e-06,0.017822154587,7.6675335189e-08,lattice 2D sheet polarizability / epsilon_0
MoS2,205.0,1.0269504882,7.223198094e-06,0.01787058114,7.683180691e-08,lattice 2D sheet polarizability / epsilon_0
MoS2,205.2,1.0278440811,7.2270411359e-06,0.017919179695,7.6988648035e-08,lattice 2D sheet polarizability / epsilon_0
MoS2,205.4,1.0287401025,7.2308920206e-06,0.017967951098,7.714585984e-08,lattice 2D sheet polarizability / epsilon_0
MoS2,205.6,1.0296385612,7.2347507667e-06,0.018016896202,7.7303443606e-08,lattice 2D sheet polarizability / epsilon_0
MoS2,205.8,1.0305394657,7.2386173927e-06,0.018066015865,7.7461400619e-08,lattice 2D sheet polarizability / epsilon_0
MoS2,206.0,1.0314428248,7.2424919172e-06,0.01811531095,7.761973217e-08,lattice 2D sheet polarizability / epsilon_0
MoS2,206.2,1.0323486473,7.2463743591e-06,0.018164782325,7.7778439558e-08,lattice 2D sheet polarizability / epsilon_0
MoS2,206.4,1.0332569419,7.250264737e-06,0.018214430864,7.7937524084e-08,lattice 2D sheet polarizability / epsilon_0
MoS2,206.6,1.0341677175,7.2541630699e-06,0.018264257445,7.8096987055e-08,lattice 2D sheet polarizability / epsilon_0
MoS2,206.8,1.035080983,7.2580693766e-06,0.018314262954,7.8256829787e-08,lattice 2D sheet polarizability / epsilon_0
MoS2,207.0,1.0359967473,7.2619836762e-06,0.018364448279,7.8417053596e-08,lattice 2D sheet polarizability / epsilon_0
MoS2,207.2,1.0369150194,7.2659059876e-06,0.018414814317,7.8577659809e-08,lattice 2D sheet polarizability / epsilon_0
MoS2,207.4,1.0378358083,7.2698363301e-06,0.018465361968,7.8738649755e-08,lattice 2D sheet polarizability / epsilon_0
MoS2,207.6,1.038759123,7.2737747228e-06,0.018516092138,7.890002477e-08,lattice 2D sheet polarizability / epsilon_0
MoS2,207.8,1.0396849728,7.2777211849e-06,0.018567005739,7.9061786194e-08,lattice 2D sheet polarizability / epsilon_0
MoS2,208.0,1.0406133667,7.2816757357e-06,0.018618103689,7.9223935376e-08,lattice 2D sheet polarizability / epsilon_0
MoS2,208.2,1.0415443139,7.2856383947e-06,0.018669386911,7.9386473667e-08,lattice 2D sheet polarizability / epsilon_0
MoS2,208.4,1.0424778237,7.2896091813e-06,0.018720856335,7.9549402426e-08,lattice 2D sheet polarizability / epsilon_0
MoS2,208.6,1.0434139054,7.293588115e-06,0.018772512894,7.9712723018e-08,lattice 2D sheet polarizability / epsilon_0
MoS2,208.8,1.0443525684,7.2975752154e-06,0.01882435753,7.9876436811e-08,lattice 2D sheet polarizability / epsilon_0
MoS2,209.0,1.0452938219,7.3015705021e-06,0.01887639119,8.0040545182e-08,lattice 2D sheet polarizability / epsilon_0
MoS2,209.2,1.0462376755,7.305573995e-06,0.018928614824,8.0205049512e-08,lattice 2D sheet polarizability / epsilon_0
MoS2,209.4,1.0471841386,7.3095857137e-06,0.018981029393,8.0369951189e-08,lattice 2D sheet polarizability / epsilon_0
MoS2,209.6,1.0481332208,7.3136056781e-06,0.019033635859,8.0535251606e-08,lattice 2D sheet polarizability / epsilon_0
MoS2,209.8,1.0490849317,7.3176339082e-06,0.019086435194,8.0700952162e-08,lattice 2D sheet polarizability / epsilon_0
MoS2,210.0,1.0500392808,7.3216704239e-06,0.019139428374,8.0867054262e-08,lattice 2D sheet polarizability / epsilon_0
MoS2,210.2,1.0509962779,7.3257152454e-06,0.019192616381,8.1033559318e-08,lattice 2D sheet polarizability / epsilon_0
MoS2,210.4,1.0519559326,7.3297683928e-06,0.019246000204,8.1200468747e-08,lattice 2D sheet polarizability / epsilon_0
MoS2,210.6,1.0529182548,7.3338298863e-06,0.019299580838,8.1367783971e-08,lattice 2D sheet polarizability / epsilon_0
MoS2,210.8,1.0538832542,7.3378997461e-06,0.019353359285,8.1535506421e-08,lattice 2D sheet polarizability / epsilon_0
MoS2,211.0,1.0548509408,7.3419779927e-06,0.019407336551,8.1703637532e-08,lattice 2D sheet polarizability / epsilon_0
MoS2,211.2,1.0558213245,7.3460646465e-06,0.019461513651,8.1872178745e-08,lattice 2D sheet polarizability / epsilon_0
MoS2,211.4,1.0567944152,7.3501597279e-06,0.019515891605,8.2041131508e-08,lattice 2D sheet polarizability / epsilon_0
MoS2,211.6,1.0577702229,7.3542632576e-06,0.01957047144,8.2210497275e-08,lattice 2D sheet polarizability / epsilon_0
MoS2,211.8,1.0587487578,7.3583752561e-06,0.019625254188,8.2380277507e-08,lattice 2D sheet polarizability / epsilon_0
MoS2,212.0,1.05973003,7.3624957443e-06,0.019680240891,8.2550473669e-08,lattice 2D sheet polarizability / epsilon_0
MoS2,212.2,1.0607140496,7.3666247428e-06,0.019735432594,8.2721087235e-08,lattice 2D sheet polarizability / epsilon_0
MoS2,212.4,1.0617008269,7.3707622726e-06,0.01979083035,8.2892119683e-08,lattice 2D sheet polarizability / epsilon_0
MoS2,212.6,1.0626903722,7.3749083546e-06,0.01984643522,8.30635725e-08,lattice 2D sheet polarizability / epsilon_0
MoS2,212.8,1.0636826957,7.3790630098e-06,0.019902248269,8.3235447177e-08,lattice 2D sheet polarizability / epsilon_0
MoS2,213.0,1.064677808,7.3832262592e-06,0.019958270571,8.3407745213e-08,lattice 2D sheet polarizability / epsilon_0
MoS2,213.2,1.0656757194,7.3873981242e-06,0.020014503207,8.3580468112e-08,lattice 2D sheet polarizability / epsilon_0
MoS2,213.4,1.0666764404,7.3915786258e-06,0.020070947264,8.3753617386e-08,lattice 2D sheet polarizability / epsilon_0
MoS2,213.6,1.0676799816,7.3957677855e-06,0.020127603835,8.3927194552e-08,lattice 2D sheet polarizability / epsilon_0
MoS2,213.8,1.0686863536,7.3999656245e-06,0.020184474022,8.4101201136e-08,lattice 2D sheet polarizability / epsilon_0
MoS2,214.0,1.069695567,7.4041721644e-06,0.020241558934,8.4275638668e-08,lattice 2D sheet polarizability / epsilon_0
MoS2,214.2,1.0707076327,7.4083874267e-06,0.020298859685,8.4450508685e-08,lattice 2D sheet polarizability / epsilon_0
MoS2,214.4,1.0717225612,7.4126114331e-06,0.020356377398,8.4625812733e-08,lattice 2D sheet polarizability / epsilon_0
MoS2,214.6,1.0727403635,7.4168442051e-06,0.020414113204,8.4801552363e-08,lattice 2D sheet polarizability / epsilon_0
MoS2,214.8,1.0737610505,7.4210857646e-06,0.020472068238,8.4977729131e-08,lattice 2D sheet polarizability / epsilon_0
MoS2,215.0,1.074784633,7.4253361335e-06,0.020530243646,8.5154344604e-08,lattice 2D sheet polarizability / epsilon_0
MoS2,215.2,1.0758111222,7.4295953336e-06,0.02058864058,8.5331400352e-08,lattice 2D sheet polarizability / epsilon_0
MoS2,215.4,1.076840529,7.4338633871e-06,0.020647260199,8.5508897954e-08,lattice 2D sheet polarizability / epsilon_0
MoS2,215.6,1.0778728645,7.4381403158e-06,0.02070610367,8.5686838995e-08,lattice 2D sheet polarizability / epsilon_0
MoS2,215.8,1.07890814,7.4424261421e-06,0.020765172167,8.5865225067e-08,lattice 2D sheet polarizability / epsilon_0
MoS2,216.0,1.0799463667,7.4467208882e-06,0.020824466873,8.604405777e-08,lattice 2D sheet polarizability / epsilon_0
MoS2,216.2,1.0809875557,7.4510245764e-06,0.020883988977,8.6223338709e-08,lattice 2D sheet polarizability / epsilon_0
MoS2,216.4,1.0820317186,7.4553372291e-06,0.020943739678,8.6403069497e-08,lattice 2D sheet polarizability / epsilon_0
MoS2,216.6,1.0830788667,7.4596588687e-06,0.02100372018,8.6583251756e-08,lattice 2D sheet polarizability / epsilon_0
MoS2,216.8,1.0841290114,7.4639895179e-06,0.021063931697,8.6763887112e-08,lattice 2D sheet polarizability / epsilon_0
MoS2,217.0,1.0851821644,7.4683291993e-06,0.021124375451,8.6944977199e-08,lattice 2D sheet polarizability / epsilon_0
MoS2,217.2,1.0862383371,7.4726779357e-06,0.02118505267,8.7126523661e-08,lattice 2D sheet polarizability / epsilon_0
MoS2,217.4,1.0872975413,7.4770357498e-06,0.021245964593,8.7308528144e-08,lattice 2D sheet polarizability / epsilon_0
MoS2,217.6,1.0883597886,7.4814026645e-06,0.021307112464,8.7490992307e-08,lattice 2D sheet polarizability / epsilon_0
MoS2,217.8,1.0894250908,7.4857787028e-06,0.021368497538,8.7673917812e-08,lattice 2D sheet polarizability / epsilon_0
MoS2,218.0,1.0904934598,7.4901638879e-06,0.021430121077,8.785730633e-08,lattice 2D sheet polarizability / epsilon_0
MoS2,218.2,1.0915649074,7.4945582427e-06,0.021491984351,8.804115954e-08,lattice 2D sheet polarizability / epsilon_0
MoS2,218.4,1.0926394457,7.4989617906e-06,0.02155408864,8.8225479127e-08,lattice 2D sheet polarizability / epsilon_0
MoS2,218.6,1.0937170866,7.5033745548e-06,0.021616435229,8.8410266784e-08,lattice 2D sheet polarizability / epsilon_0
MoS2,218.8,1.0947978422,7.5077965587e-06,0.021679025416,8.8595524212e-08,lattice 2D sheet polarizability / epsilon_0
MoS2,219.0,1.0958817247,7.512227826e-06,0.021741860505,8.878125312e-08,lattice 2D sheet polarizability / epsilon_0
MoS2,219.2,1.0969687464,7.51666838e-06,0.021804941808,8.8967455223e-08,lattice 2D sheet polarizability / epsilon_0
MoS2,219.4,1.0980589194,7.5211182444e-06,0.021868270649,8.9154132244e-08,lattice 2D sheet polarizability / epsilon_0
MoS2,219.6,1.0991522562,7.525577443e-06,0.021931848357,8.9341285915e-08,lattice 2D sheet polarizability / epsilon_0
MoS2,219.8,1.1002487691,7.5300459997e-06,0.021995676272,8.9528917975e-08,lattice 2D sheet polarizability / epsilon_0
MoS2,220.0,1.1013484707,7.5345239383e-06,0.022059755743,8.9717030169e-08,lattice 2D sheet polarizability / epsilon_0
MoS2,220.2,1.1024513735,7.5390112827e-06,0.022124088127,8.9905624253e-08,lattice 2D sheet polarizability / epsilon_0
MoS2,220.4,1.10355749,7.5435080572e-06,0.022188674792,9.0094701989e-08,lattice 2D sheet polarizability / epsilon_0
MoS2,220.6,1.1046668331,7.5480142859e-06,0.022253517113,9.0284265147e-08,lattice 2D sheet polarizability / epsilon_0
MoS2,220.8,1.1057794155,7.552529993e-06,0.022318616475,9.0474315504e-08,lattice 2D sheet polarizability / epsilon_0
MoS2,221.0,1.1068952499,7.5570552029e-06,0.022383974273,9.0664854847e-08,lattice 2D sheet polarizability / epsilon_0
MoS2,221.2,1.1080143493,7.5615899401e-06,0.022449591911,9.085588497e-08,lattice 2D sheet polarizability / epsilon_0
MoS2,221.4,1.1091367267,7.566134229e-06,0.022515470802,9.1047407675e-08,lattice 2D sheet polarizability / epsilon_0
MoS2,221.6,1.110262395,7.5706880943e-06,0.022581612369,9.1239424772e-08,lattice 2D sheet polarizability / epsilon_0
MoS2,221.8,1.1113913674,7.5752515607e-06,0.022648018045,9.1431938078e-08,lattice 2D sheet polarizability / epsilon_0
MoS2,222.0,1.112523657,7.579824653e-06,0.022714689272,9.1624949422e-08,lattice 2D sheet polarizability / epsilon_0
MoS2,222.2,1.1136592772,7.5844073961e-06,0.022781627503,9.1818460637e-08,lattice 2D sheet polarizability / epsilon_0
MoS2,222.4,1.1147982412,7.5889998149e-06,0.022848834198,9.2012473566e-08,lattice 2D sheet polarizability / epsilon_0
MoS2,222.6,1.1159405623,7.5936019346e-06,0.022916310831,9.2206990061e-08,lattice 2D sheet polarizability / epsilon_0
MoS2,222.8,1.1170862542,7.5982137803e-06,0.022984058883,9.240201198e-08,lattice 2D sheet polarizability / epsilon_0
MoS2,223.0,1.1182353303,7.6028353773e-06,0.023052079847,9.2597541194e-08,lattice 2D sheet polarizability / epsilon_0
MoS2,223.2,1.1193878042,7.607466751e-06,0.023120375224,9.2793579577e-08,lattice 2D sheet polarizability / epsilon_0
MoS2,223.4,1.1205436897,7.6121079267e-06,0.023188946527,9.2990129014e-08,lattice 2D sheet polarizability / epsilon_0
MoS2,223.6,1.1217030005,7.61675893e-06,0.02325779528,9.31871914e-08,lattice 2D sheet polarizability / epsilon_0
MoS2,223.8,1.1228657503,7.6214197867e-06,0.023326923015,9.3384768637e-08,lattice 2D sheet polarizability / epsilon_0
MoS2,224.0,1.1240319533,7.6260905223e-06,0.023396331277,9.3582862634e-08,lattice 2D sheet polarizability / epsilon_0
MoS2,224.2,1.1252016232,7.6307711627e-06,0.023466021621,9.3781475313e-08,lattice 2D sheet polarizability / epsilon_0
MoS2,224.4,1.1263747743,7.6354617339e-06,0.023535995611,9.39806086e-08,lattice 2D sheet polarizability / epsilon_0
MoS2,224.6,1.1275514207,7.6401622618e-06,0.023606254824,9.4180264433e-08,lattice 2D sheet polarizability / epsilon_0
MoS2,224.8,1.1287315765,7.6448727727e-06,0.023676800847,9.4380444758e-08,lattice 2D sheet polarizability / epsilon_0
MoS2,225.0,1.1299152562,7.6495932926e-06,0.023747635278,9.458115153e-08,lattice 2D sheet polarizability / epsilon_0
MoS2,225.2,1.131102474,7.654323848e-06,0.023818759726,9.4782386712e-08,lattice 2D sheet polarizability / epsilon_0
MoS2,225.4,1.1322932445,7.6590644651e-06,0.023890175812,9.4984152276e-08,lattice 2D sheet polarizability / epsilon_0
MoS2,225.6,1.1334875822,7.6638151706e-06,0.023961885166,9.5186450205e-08,lattice 2D sheet polarizability / epsilon_0
MoS2,225.8,1.1346855017,7.6685759911e-06,0.024033889433,9.5389282489e-08,lattice 2D sheet polarizability / epsilon_0
MoS2,226.0,1.1358870177,7.6733469531e-06,0.024106190266,9.5592651128e-08,lattice 2D sheet polarizability / epsilon_0
MoS2,226.2,1.1370921451,7.6781280837e-06,0.024178789331,9.579655813e-08,lattice 2D sheet polarizability / epsilon_0
MoS2,226.4,1.1383008986,7.6829194095e-06,0.024251688307,9.6001005516e-08,lattice 2D sheet polarizability / epsilon_0
MoS2,226.6,1.1395132933,7.6877209578e-06,0.024324888881,9.6205995311e-08,lattice 2D sheet polarizability / epsilon_0
MoS2,226.8,1.1407293443,7.6925327555e-06,0.024398392756,9.6411529553e-08,lattice 2D sheet polarizability / epsilon_0
MoS2,227.0,1.1419490665,7.6973548299e-06,0.024472201645,9.6617610288e-08,lattice 2D sheet polarizability / epsilon_0
MoS2,227.2,1.1431724754,7.7021872083e-06,0.024546317272,9.6824239572e-08,lattice 2D sheet polarizability / epsilon_0
MoS2,227.4,1.144399586,7.7070299181e-06,0.024620741376,9.703141947e-08,lattice 2D sheet polarizability / epsilon_0
MoS2,227.6,1.1456304139,7.7118829868e-06,0.024695475705,9.7239152057e-08,lattice 2D sheet polarizability / epsilon_0
MoS2,227.8,1.1468649745,7.7167464421e-06,0.024770522022,9.7447439417e-08,lattice 2D sheet polarizability / epsilon_0
MoS2,228.0,1.1481032833,7.7216203117e-06,0.024845882101,9.7656283644e-08,lattice 2D sheet polarizability / epsilon_0
MoS2,228.2,1.1493453561,7.7265046234e-06,0.024921557729,9.7865686841e-08,lattice 2D sheet polarizability / epsilon_0
MoS2,228.4,1.1505912085,7.7313994051e-06,0.024997550706,9.8075651124e-08,lattice 2D sheet polarizability / epsilon_0
MoS2,228.6,1.1518408564,7.7363046849e-06,0.025073862845,9.8286178614e-08,lattice 2D sheet polarizability / epsilon_0
MoS2,228.8,1.1530943157,7.741220491e-06,0.025150495969,9.8497271444e-08,lattice 2D sheet polarizability / epsilon_0
MoS2,229.0,1.1543516023,7.7461468515e-06,0.025227451919,9.8708931759e-08,lattice 2D sheet polarizability / epsilon_0
MoS2,229.2,1.1556127325,7.7510837949e-06,0.025304732545,9.892116171e-08,lattice 2D sheet polarizability / epsilon_0
MoS2,229.4,1.1568777224,7.7560313496e-06,0.025382339712,9.9133963462e-08,lattice 2D sheet polarizability / epsilon_0
MoS2,229.6,1.1581465882,7.7609895442e-06,0.025460275298,9.9347339187e-08,lattice 2D sheet polarizability / epsilon_0
MoS2,229.8,1.1594193464,7.7659584074e-06,0.025538541195,9.9561291068e-08,lattice 2D sheet polarizability / epsilon_0
MoS2,230.0,1.1606960135,7.770937968e-06,0.025617139307,9.97758213e-08,lattice 2D sheet polarizability / epsilon_0
MoS2,230.2,1.1619766059,7.7759282548e-06,0.025696071554,9.9990932085e-08,lattice 2D sheet polarizability / epsilon_0
MoS2,230.4,1.1632611403,7.7809292969e-06,0.025775339867,1.0020662564e-07,lattice 2D sheet polarizability / epsilon_0
MoS2,230.6,1.1645496336,7.7859411235e-06,0.025854946194,1.0042290419e-07,lattice 2D sheet polarizability / epsilon_0
MoS2,230.8,1.1658421026,7.7909637637e-06,0.025934892495,1.0063976996e-07,lattice 2D sheet polarizability / epsilon_0
MoS2,231.0,1.1671385641,7.7959972469e-06,0.026015180744,1.0085722521e-07,lattice 2D sheet polarizability / epsilon_0
MoS2,231.2,1.1684390354,7.8010416025e-06,0.026095812931,1.0107527218e-07,lattice 2D sheet polarizability / epsilon_0
MoS2,231.4,1.1697435334,7.8060968602e-06,0.026176791058,1.0129391315e-07,lattice 2D sheet polarizability / epsilon_0
MoS2,231.6,1.1710520756,7.8111630497e-06,0.026258117145,1.015131504e-07,lattice 2D sheet polarizability / epsilon_0
MoS2,231.8,1.1723646791,7.8162402006e-06,0.026339793223,1.0173298621e-07,lattice 2D sheet polarizability / epsilon_0
MoS2,232.0,1.1736813616,7.8213283429e-06,0.026421821339,1.0195342287e-07,lattice 2D sheet polarizability / epsilon_0
MoS2,232.2,1.1750021404,7.8264275068e-06,0.026504203557,1.0217446271e-07,lattice 2D sheet polarizability / epsilon_0
MoS2,232.4,1.1763270334,7.8315377222e-06,0.026586941954,1.0239610804e-07,lattice 2D sheet polarizability / epsilon_0
MoS2,232.6,1.1776560582,7.8366590195e-06,0.026670038621,1.0261836118e-07,lattice 2D sheet polarizability / epsilon_0
MoS2,232.8,1.1789892327,7.841791429e-06,0.026753495668,1.028412245e-07,lattice 2D sheet polarizability / epsilon_0
MoS2,233.0,1.1803265748,7.8469349812e-06,0.026837315217,1.0306470033e-07,lattice 2D sheet polarizability / epsilon_0
MoS2,233.2,1.1816681028,7.8520897068e-06,0.026921499408,1.0328879104e-07,lattice 2D sheet polarizability / epsilon_0
MoS2,233.4,1.1830138346,7.8572556364e-06,0.027006050394,1.0351349902e-07,lattice 2D sheet polarizability / epsilon_0
MoS2,233.6,1.1843637887,7.862432801e-06,0.027090970347,1.0373882664e-07,lattice 2D sheet polarizability / epsilon_0
MoS2,233.8,1.1857179833,7.8676212314e-06,0.027176261453,1.0396477631e-07,lattice 2D sheet polarizability / epsilon_0
MoS2,234.0,1.1870764371,7.8728209588e-06,0.027261925915,1.0419135044e-07,lattice 2D sheet polarizability / epsilon_0
MoS2,234.2,1.1884391686,7.8780320144e-06,0.027347965952,1.0441855144e-07,lattice 2D sheet polarizability / epsilon_0
MoS2,234.4,1.1898061966,7.8832544295e-06,0.0274343838,1.0464638176e-07,lattice 2D sheet polarizability / epsilon_0
MoS2,234.6,1.1911775399,7.8884882355e-06,0.027521181709,1.0487484383e-07,lattice 2D sheet polarizability / epsilon_0
MoS2,234.8,1.1925532173,7.893733464e-06,0.02760836195,1.0510394011e-07,lattice 2D sheet polarizability / epsilon_0
MoS2,235.0,1.1939332481,7.8989901468e-06,0.027695926808,1.0533367308e-07,lattice 2D sheet polarizability / epsilon_0
MoS2,235.2,1.1953176514,7.9042583156e-06,0.027783878586,1.0556404521e-07,lattice 2D sheet polarizability / epsilon_0
MoS2,235.4,1.1967064464,7.9095380023e-06,0.027872219603,1.05795059e-07,lattice 2D sheet polarizability / epsilon_0
MoS2,235.6,1.1980996526,7.9148292391e-06,0.027960952196,1.0602671694e-07,lattice 2D sheet polarizability / epsilon_0
MoS2,235.8,1.1994972895,7.9201320582e-06,0.028050078721,1.0625902156e-07,lattice 2D sheet polarizability / epsilon_0
MoS2,236.0,1.2008993766,7.9254464917e-06,0.02813960155,1.0649197538e-07,lattice 2D sheet polarizability / epsilon_0
MoS2,236.2,1.2023059339,7.9307725723e-06,0.028229523073,1.0672558095e-07,lattice 2D sheet polarizability / epsilon_0
MoS2,236.4,1.2037169811,7.9361103323e-06,0.028319845699,1.0695984082e-07,lattice 2D sheet polarizability / epsilon_0
MoS2,236.6,1.2051325383,7.9414598047e-06,0.028410571853,1.0719475754e-07,lattice 2D sheet polarizability / epsilon_0
MoS2,236.8,1.2065526255,7.9468210221e-06,0.02850170398,1.0743033371e-07,lattice 2D sheet polarizability / epsilon_0
MoS2,237.0,1.207977263,7.9521940176e-06,0.028593244544,1.0766657191e-07,lattice 2D sheet polarizability / epsilon_0
MoS2,237.2,1.2094064711,7.9575788241e-06,0.028685196026,1.0790347473e-07,lattice 2D sheet polarizability / epsilon_0
MoS2,237.4,1.2108402704,7.962975475e-06,0.028777560927,1.0814104481e-07,lattice 2D sheet polarizability / epsilon_0
MoS2,237.6,1.2122786815,7.9683840035e-06,0.028870341766,1.0837928476e-07,lattice 2D sheet polarizability / epsilon_0
MoS2,237.8,1.213721725,7.9738044432e-06,0.028963541082,1.0861819723e-07,lattice 2D sheet polarizability / epsilon_0
MoS2,238.0,1.2151694218,7.9792368276e-06,0.029057161433,1.0885778487e-07,lattice 2D sheet polarizability / epsilon_0
MoS2,238.2,1.216621793,7.9846811905e-06,0.029151205396,1.0909805034e-07,lattice 2D sheet polarizability / epsilon_0
MoS2,238.4,1.2180788595,7.9901375658e-06,0.02924567557,1.0933899633e-07,lattice 2D sheet polarizability / epsilon_0
MoS2,238.6,1.2195406428,7.9956059874e-06,0.02934057457,1.0958062552e-07,lattice 2D sheet polarizability / epsilon_0
MoS2,238.8,1.2210071641,8.0010864895e-06,0.029435905034,1.0982294063e-07,lattice 2D sheet polarizability / epsilon_0
MoS2,239.0,1.2224784449,8.0065791064e-06,0.02953166962,1.1006594437e-07,lattice 2D sheet polarizability / epsilon_0
MoS2,239.2,1.223954507,8.0120838725e-06,0.029627871005,1.1030963948e-07,lattice 2D sheet polarizability / epsilon_0
MoS2,239.4,1.2254353719,8.0176008224e-06,0.029724511887,1.105540287e-07,lattice 2D sheet polarizability / epsilon_0
MoS2,239.6,1.2269210618,8.0231299906e-06,0.029821594986,1.1079911478e-07,lattice 2D sheet polarizability / epsilon_0
MoS2,239.8,1.2284115985,8.0286714121e-06,0.029919123042,1.1104490051e-07,lattice 2D sheet polarizability / epsilon_0
MoS2,240.0,1.2299070043,8.0342251218e-06,0.030017098816,1.1129138866e-07,lattice 2D sheet polarizability / epsilon_0
MoS2,240.2,1.2314073015,8.0397911547e-06,0.030115525091,1.1153858204e-07,lattice 2D sheet polarizability / epsilon_0
MoS2,240.4,1.2329125125,8.0453695463e-06,0.030214404672,1.1178648346e-07,lattice 2D sheet polarizability / epsilon_0
MoS2,240.6,1.2344226599,8.0509603317e-06,0.030313740383,1.1203509575e-07,lattice 2D sheet polarizability / epsilon_0
MoS2,240.8,1.2359377665,8.0565635466e-06,0.030413535075,1.1228442175e-07,lattice 2D sheet polarizability / epsilon_0
MoS2,241.0,1.2374578551,8.0621792266e-06,0.030513791616,1.1253446432e-07,lattice 2D sheet polarizability / epsilon_0
MoS2,241.2,1.2389829488,8.0678074075e-06,0.0306145129,1.1278522632e-07,lattice 2D sheet polarizability / epsilon_0
MoS2,241.4,1.2405130706,8.0734481253e-06,0.030715701842,1.1303671063e-07,lattice 2D sheet polarizability / epsilon_0
MoS2,241.6,1.2420482439,8.079101416e-06,0.030817361379,1.1328892017e-07,lattice 2D sheet polarizability / epsilon_0
MoS2,241.8,1.2435884922,8.0847673159e-06,0.030919494474,1.1354185783e-07,lattice 2D sheet polarizability / epsilon_0
MoS2,242.0,1.245133839,8.0904458613e-06,0.03102210411,1.1379552655e-07,lattice 2D sheet polarizability / epsilon_0
MoS2,242.2,1.2466843081,8.0961370889e-06,0.031125193295,1.1404992926e-07,lattice 2D sheet polarizability / epsilon_0
MoS2,242.4,1.2482399234,8.1018410352e-06,0.031228765062,1.1430506893e-07,lattice 2D sheet polarizability / epsilon_0
MoS2,242.6,1.2498007089,8.1075577372e-06,0.031332822465,1.1456094852e-07,lattice 2D sheet polarizability / epsilon_0
MoS2,242.8,1.2513666889,8.1132872317e-06,0.031437368584,1.1481757102e-07,lattice 2D sheet polarizability / epsilon_0
MoS2,243.0,1.2529378876,8.1190295559e-06,0.031542406523,1.1507493943e-07,lattice 2D sheet polarizability / epsilon_0
MoS2,243.2,1.2545143296,8.1247847471e-06,0.031647939411,1.1533305676e-07,lattice 2D sheet polarizability / epsilon_0
MoS2,243.4,1.2560960395,8.1305528427e-06,0.031753970401,1.1559192605e-07,lattice 2D sheet polarizability / epsilon_0
MoS2,243.6,1.2576830421,8.1363338802e-06,0.031860502673,1.1585155034e-07,lattice 2D sheet polarizability / epsilon_0
MoS2,243.8,1.2592753625,8.1421278974e-06,0.031967539428,1.1611193269e-07,lattice 2D sheet polarizability / epsilon_0
MoS2,244.0,1.2608730258,8.1479349321e-06,0.032075083898,1.1637307618e-07,lattice 2D sheet polarizability / epsilon_0
MoS2,244.2,1.2624760572,8.1537550224e-06,0.032183139338,1.166349839e-07,lattice 2D sheet polarizability / epsilon_0
MoS2,244.4,1.2640844822,8.1595882066e-06,0.032291709028,1.1689765895e-07,lattice 2D sheet polarizability / epsilon_0
MoS2,244.6,1.2656983264,8.1654345228e-06,0.032400796276,1.1716110446e-07,lattice 2D sheet polarizability / epsilon_0
MoS2,244.8,1.2673176157,8.1712940096e-06,0.032510404417,1.1742532357e-07,lattice 2D sheet polarizability / epsilon_0
MoS2,245.0,1.2689423759,8.1771667057e-06,0.032620536811,1.1769031943e-07,lattice 2D sheet polarizability / epsilon_0
MoS2,245.2,1.2705726331,8.1830526499e-06,0.032731196847,1.1795609521e-07,lattice 2D sheet polarizability / epsilon_0
MoS2,245.4,1.2722084138,8.1889518811e-06,0.032842387939,1.182226541e-07,lattice 2D sheet polarizability / epsilon_0
MoS2,245.6,1.2738497442,8.1948644385e-06,0.032954113532,1.184899993e-07,lattice 2D sheet polarizability / epsilon_0
MoS2,245.8,1.275496651,8.2007903613e-06,0.033066377095,1.1875813403e-07,lattice 2D sheet polarizability / epsilon_0
MoS2,246.0,1.2771491611,8.2067296891e-06,0.033179182128,1.1902706153e-07,lattice 2D sheet polarizability / epsilon_0
MoS2,246.2,1.2788073014,8.2126824613e-06,0.033292532159,1.1929678503e-07,lattice 2D sheet polarizability / epsilon_0
MoS2,246.4,1.2804710991,8.2186487179e-06,0.033406430743,1.1956730782e-07,lattice 2D sheet polarizability / epsilon_0
MoS2,246.6,1.2821405814,8.2246284986e-06,0.033520881465,1.1983863318e-07,lattice 2D sheet polarizability / epsilon_0
MoS2,246.8,1.2838157759,8.2306218437e-06,0.03363588794,1.201107644e-07,lattice 2D sheet polarizability / epsilon_0
MoS2,247.0,1.2854967102,8.2366287934e-06,0.033751453812,1.2038370481e-07,lattice 2D sheet polarizability / epsilon_0
MoS2,247.2,1.2871834122,8.2426493881e-06,0.033867582754,1.2065745773e-07,lattice 2D sheet polarizability / epsilon_0
MoS2,247.4,1.28887591,8.2486836683e-06,0.03398427847,1.2093202653e-07,lattice 2D sheet polarizability / epsilon_0
MoS2,247.6,1.2905742318,8.254731675e-06,0.034101544695,1.2120741457e-07,lattice 2D sheet polarizability / epsilon_0
MoS2,247.8,1.292278406,8.260793449e-06,0.034219385194,1.2148362524e-07,lattice 2D sheet polarizability / epsilon_0
MoS2,248.0,1.2939884611,8.2668690313e-06,0.034337803763,1.2176066193e-07,lattice 2D sheet polarizability / epsilon_0
MoS2,248.2,1.2957044261,8.2729584634e-06,0.034456804228,1.2203852808e-07,lattice 2D sheet polarizability / epsilon_0
MoS2,248.4,1.2974263298,8.2790617866e-06,0.03457639045,1.2231722711e-07,lattice 2D sheet polarizability / epsilon_0
MoS2,248.6,1.2991542014,8.2851790424e-06,0.034696566318,1.2259676249e-07,lattice 2D sheet polarizability / epsilon_0
MoS2,248.8,1.3008880704,8.2913102728e-06,0.034817335758,1.2287713768e-07,lattice 2D sheet polarizability / epsilon_0
MoS2,249.0,1.3026279661,8.2974555197e-06,0.034938702723,1.2315835619e-07,lattice 2D sheet polarizability / epsilon_0
MoS2,249.2,1.3043739185,8.3036148252e-06,0.035060671204,1.2344042151e-07,lattice 2D sheet polarizability / epsilon_0
MoS2,249.4,1.3061259575,8.3097882316e-06,0.035183245221,1.2372333718e-07,lattice 2D sheet polarizability / epsilon_0
MoS2,249.6,1.3078841132,8.3159757814e-06,0.035306428832,1.2400710674e-07,lattice 2D sheet polarizability / epsilon_0
MoS2,249.8,1.3096484159,8.3221775172e-06,0.035430226125,1.2429173376e-07,lattice 2D sheet polarizability / epsilon_0
MoS2,250.0,1.3114188963,8.3283934819e-06,0.035554641224,1.2457722182e-07,lattice 2D sheet polarizability / epsilon_0
MoS2,250.2,1.313195585,8.3346237186e-06,0.035679678288,1.2486357452e-07,lattice 2D sheet polarizability / epsilon_0
MoS2,250.4,1.3149785131,8.3408682704e-06,0.035805341511,1.2515079548e-07,lattice 2D sheet polarizability / epsilon_0
MoS2,250.6,1.3167677117,8.3471271806e-06,0.03593163512,1.2543888834e-07,lattice 2D sheet polarizability / epsilon_0
MoS2,250.8,1.3185632122,8.3534004929e-06,0.036058563381,1.2572785675e-07,lattice 2D sheet polarizability / epsilon_0
MoS2,251.0,1.3203650463,8.359688251e-06,0.036186130594,1.260177044e-07,lattice 2D sheet polarizability / epsilon_0
MoS2,251.2,1.3221732457,8.3659904988e-06,0.036314341096,1.2630843497e-07,lattice 2D sheet polarizability / epsilon_0
MoS2,251.4,1.3239878424,8.3723072805e-06,0.03644319926,1.2660005219e-07,lattice 2D sheet polarizability / epsilon_0
MoS2,251.6,1.3258088687,8.3786386402e-06,0.036572709497,1.2689255978e-07,lattice 2D sheet polarizability / epsilon_0
MoS2,251.8,1.3276363571,8.3849846226e-06,0.036702876256,1.271859615e-07,lattice 2D sheet polarizability / epsilon_0
MoS2,252.0,1.3294703402,8.3913452722e-06,0.036833704023,1.2748026113e-07,lattice 2D sheet polarizability / epsilon_0
MoS2,252.2,1.3313108509,8.397720634e-06,0.036965197323,1.2777546245e-07,lattice 2D sheet polarizability / epsilon_0
MoS2,252.4,1.3331579225,8.404110753e-06,0.037097360718,1.2807156929e-07,lattice 2D sheet polarizability / epsilon_0
MoS2,252.6,1.3350115881,8.4105156744e-06,0.037230198811,1.2836858546e-07,lattice 2D sheet polarizability / epsilon_0
MoS2,252.8,1.3368718815,8.4169354436e-06,0.037363716244,1.2866651484e-07,lattice 2D sheet polarizability / epsilon_0
MoS2,253.0,1.3387388364,8.4233701063e-06,0.037497917699,1.2896536128e-07,lattice 2D sheet polarizability / epsilon_0
MoS2,253.2,1.3406124869,8.4298197082e-06,0.037632807897,1.2926512868e-07,lattice 2D sheet polarizability / epsilon_0
MoS2,253.4,1.3424928673,8.4362842955e-06,0.037768391602,1.2956582096e-07,lattice 2D sheet polarizability / epsilon_0
MoS2,253.6,1.344380012,8.4427639142e-06,0.037904673617,1.2986744205e-07,lattice 2D sheet polarizability / epsilon_0
MoS2,253.8,1.3462739559,8.4492586109e-06,0.038041658788,1.301699959e-07,lattice 2D sheet polarizability / epsilon_0
MoS2,254.0,1.3481747339,8.455768432e-06,0.038179352002,1.304734865e-07,lattice 2D sheet polarizability / epsilon_0
MoS2,254.2,1.3500823813,8.4622934245e-06,0.03831775819,1.3077791784e-07,lattice 2D sheet polarizability / epsilon_0
MoS2,254.4,1.3519969335,8.4688336352e-06,0.038456882324,1.3108329394e-07,lattice 2D sheet polarizability / epsilon_0
MoS2,254.6,1.3539184264,8.4753891114e-06,0.03859672942,1.3138961883e-07,lattice 2D sheet polarizability / epsilon_0
MoS2,254.8,1.3558468958,8.4819599004e-06,0.038737304539,1.3169689659e-07,lattice 2D sheet polarizability / epsilon_0
MoS2,255.0,1.357782378,8.48854605e-06,0.038878612785,1.3200513128e-07,lattice 2D sheet polarizability / epsilon_0
MoS2,255.2,1.3597249095,8.4951476078e-06,0.039020659306,1.3231432703e-07,lattice 2D sheet polarizability / epsilon_0
MoS2,255.4,1.361674527,8.501764622e-06,0.039163449297,1.3262448794e-07,lattice 2D sheet polarizability / epsilon_0
MoS2,255.6,1.3636312675,8.5083971406e-06,0.039306987998,1.3293561818e-07,lattice 2D sheet polarizability / epsilon_0
MoS2,255.8,1.3655951684,8.5150452122e-06,0.039451280695,1.3324772191e-07,lattice 2D sheet polarizability / epsilon_0
MoS2,256.0,1.367566267,8.5217088853e-06,0.03959633272,1.3356080333e-07,lattice 2D sheet polarizability / epsilon_0
MoS2,256.2,1.3695446012,8.5283882088e-06,0.039742149454,1.3387486664e-07,lattice 2D sheet polarizability / epsilon_0
MoS2,256.4,1.371530209,8.5350832318e-06,0.039888736322,1.3418991609e-07,lattice 2D sheet polarizability / epsilon_0
MoS2,256.6,1.3735231288,8.5417940035e-06,0.040036098803,1.3450595594e-07,lattice 2D sheet polarizability / epsilon_0
MoS2,256.8,1.3755233992,8.5485205733e-06,0.040184242418,1.3482299047e-07,lattice 2D sheet polarizability / epsilon_0
MoS2,257.0,1.3775310589,8.5552629911e-06,0.040333172742,1.3514102399e-07,lattice 2D sheet polarizability / epsilon_0
MoS2,257.2,1.3795461472,8.5620213066e-06,0.040482895398,1.3546006082e-07,lattice 2D sheet polarizability / epsilon_0
MoS2,257.4,1.3815687035,8.56879557e-06,0.04063341606,1.3578010533e-07,lattice 2D sheet polarizability / epsilon_0
MoS2,257.6,1.3835987674,8.5755858316e-06,0.04078474045,1.3610116187e-07,lattice 2D sheet polarizability / epsilon_0
MoS2,257.8,1.385636379,8.582392142e-06,0.040936874345,1.3642323487e-07,lattice 2D sheet polarizability / epsilon_0
MoS2,258.0,1.3876815786,8.589214552e-06,0.041089823573,1.3674632872e-07,lattice 2D sheet polarizability / epsilon_0
MoS2,258.2,1.3897344066,8.5960531125e-06,0.041243594012,1.370704479e-07,lattice 2D sheet polarizability / epsilon_0
MoS2,258.4,1.391794904,8.6029078748e-06,0.041398191595,1.3739559686e-07,lattice 2D sheet polarizability / epsilon_0
MoS2,258.6,1.3938631118,8.6097788903e-06,0.041553622309,1.377217801e-07,lattice 2D sheet polarizability / epsilon_0
MoS2,258.8,1.3959390716,8.6166662107e-06,0.041709892195,1.3804900215e-07,lattice 2D sheet polarizability / epsilon_0
MoS2,259.0,1.3980228251,8.6235698878e-06,0.041867007347,1.3837726754e-07,lattice 2D sheet polarizability / epsilon_0
MoS2,259.2,1.4001144142,8.6304899738e-06,0.042024973916,1.3870658084e-07,lattice 2D sheet polarizability / epsilon_0
MoS2,259.4,1.4022138815,8.6374265211e-06,0.042183798108,1.3903694665e-07,lattice 2D sheet polarizability / epsilon_0
MoS2,259.6,1.4043212695,8.6443795821e-06,0.042343486187,1.393683696e-07,lattice 2D sheet polarizability / epsilon_0
MoS2,259.8,1.4064366211,8.6513492097e-06,0.042504044473,1.3970085431e-07,lattice 2D sheet polarizability / epsilon_0
MoS2,260.0,1.4085599798,8.658335457e-06,0.042665479344,1.4003440547e-07,lattice 2D sheet polarizability / epsilon_0
MoS2,260.2,1.410691389,8.6653383771e-06,0.042827797236,1.4036902776e-07,lattice 2D sheet polarizability / epsilon_0
MoS2,260.4,1.4128308927,8.6723580237e-06,0.042991004645,1.4070472591e-07,lattice 2D sheet polarizability / epsilon_0
MoS2,260.6,1.4149785351,8.6793944504e-06,0.043155108126,1.4104150466e-07,lattice 2D sheet polarizability / epsilon_0
MoS2,260.8,1.4171343608,8.6864477112e-06,0.043320114295,1.4137936879e-07,lattice 2D sheet polarizability / epsilon_0
MoS2,261.0,1.4192984147,8.6935178603e-06,0.043486029828,1.4171832309e-07,lattice 2D sheet polarizability / epsilon_0
MoS2,261.2,1.4214707419,8.7006049523e-06,0.043652861465,1.420583724e-07,lattice 2D sheet polarizability / epsilon_0
MoS2,261.4,1.4236513882,8.7077090417e-06,0.043820616005,1.4239952155e-07,lattice 2D sheet polarizability / epsilon_0
MoS2,261.6,1.4258403992,8.7148301835e-06,0.043989300314,1.4274177544e-07,lattice 2D sheet polarizability / epsilon_0
MoS2,261.8,1.4280378214,8.7219684329e-06,0.044158921319,1.4308513896e-07,lattice 2D sheet polarizability / epsilon_0
MoS2,262.0,1.4302437012,8.7291238453e-06,0.044329486011,1.4342961704e-07,lattice 2D sheet polarizability / epsilon_0
MoS2,262.2,1.4324580856,8.7362964765e-06,0.04450100145,1.4377521465e-07,lattice 2D sheet polarizability / epsilon_0
MoS2,262.4,1.4346810218,8.7434863822e-06,0.044673474759,1.4412193678e-07,lattice 2D sheet polarizability / epsilon_0
MoS2,262.6,1.4369125574,8.7506936187e-06,0.044846913128,1.4446978843e-07,lattice 2D sheet polarizability / epsilon_0
MoS2,262.8,1.4391527406,8.7579182423e-06,0.045021323814,1.4481877465e-07,lattice 2D sheet polarizability / epsilon_0
MoS2,263.0,1.4414016195,8.7651603099e-06,0.045196714145,1.4516890051e-07,lattice 2D sheet polarizability / epsilon_0
MoS2,263.2,1.4436592429,8.7724198782e-06,0.045373091515,1.4552017111e-07,lattice 2D sheet polarizability / epsilon_0
MoS2,263.4,1.4459256598,8.7796970044e-06,0.04555046339,1.4587259158e-07,lattice 2D sheet polarizability / epsilon_0
MoS2,263.6,1.4482009198,8.786991746e-06,0.045728837304,1.4622616706e-07,lattice 2D sheet polarizability / epsilon_0
MoS2,263.8,1.4504850725,8.7943041607e-06,0.045908220865,1.4658090275e-07,lattice 2D sheet polarizability / epsilon_0
MoS2,264.0,1.4527781683,8.8016343064e-06,0.046088621752,1.4693680386e-07,lattice 2D sheet polarizability / epsilon_0
MoS2,264.2,1.4550802576,8.8089822414e-06,0.046270047717,1.4729387562e-07,lattice 2D sheet polarizability / epsilon_0
MoS2,264.4,1.4573913914,8.816348024e-06,0.046452506587,1.4765212332e-07,lattice 2D sheet polarizability / epsilon_0
MoS2,264.6,1.4597116211,8.823731713e-06,0.046636006261,1.4801155225e-07,lattice 2D sheet polarizability / epsilon_0
MoS2,264.8,1.4620409983,8.8311333675e-06,0.046820554717,1.4837216773e-07,lattice 2D sheet polarizability / epsilon_0
MoS2,265.0,1.4643795753,8.8385530466e-06,0.047006160007,1.4873397514e-07,lattice 2D sheet polarizability / epsilon_0
MoS2,265.2,1.4667274045,8.8459908099e-06,0.047192830262,1.4909697987e-07,lattice 2D sheet polarizability / epsilon_0
MoS2,265.4,1.4690845388,8.8534467173e-06,0.047380573689,1.4946118733e-07,lattice 2D sheet polarizability / epsilon_0
MoS2,265.6,1.4714510317,8.8609208287e-06,0.047569398576,1.4982660297e-07,lattice 2D sheet polarizability / epsilon_0
MoS2,265.8,1.4738269368,8.8684132045e-06,0.047759313291,1.5019323228e-07,lattice 2D sheet polarizability / epsilon_0
MoS2,266.0,1.4762123083,8.8759239054e-06,0.047950326282,1.5056108077e-07,lattice 2D sheet polarizability / epsilon_0
MoS2,266.2,1.4786072007,8.8834529921e-06,0.048142446079,1.5093015398e-07,lattice 2D sheet polarizability / epsilon_0
MoS2,266.4,1.4810116691,8.891000526e-06,0.048335681296,1.5130045749e-07,lattice 2D sheet polarizability / epsilon_0
MoS2,266.6,1.4834257689,8.8985665684e-06,0.048530040629,1.5167199691e-07,lattice 2D sheet polarizability / epsilon_0
MoS2,266.8,1.485849556,8.906151181e-06,0.048725532861,1.5204477788e-07,lattice 2D sheet polarizability / epsilon_0
MoS2,267.0,1.4882830865,8.9137544259e-06,0.048922166859,1.5241880606e-07,lattice 2D sheet polarizability / epsilon_0
MoS2,267.2,1.4907264174,8.9213763653e-06,0.049119951578,1.5279408716e-07,lattice 2D sheet polarizability / epsilon_0
MoS2,267.4,1.4931796056,8.9290170618e-06,0.04931889606,1.5317062692e-07,lattice 2D sheet polarizability / epsilon_0
MoS2,267.6,1.4956427089,8.9366765783e-06,0.049519009436,1.535484311e-07,lattice 2D sheet polarizability / epsilon_0
MoS2,267.8,1.4981157853,8.944354978e-06,0.049720300927,1.5392750551e-07,lattice 2D sheet polarizability / epsilon_0
MoS2,268.0,1.5005988934,8.9520523241e-06,0.049922779845,1.5430785597e-07,lattice 2D sheet polarizability / epsilon_0
MoS2,268.2,1.5030920921,8.9597686806e-06,0.050126455594,1.5468948836e-07,lattice 2D sheet polarizability / epsilon_0
MoS2,268.4,1.5055954409,8.9675041113e-06,0.050331337672,1.5507240858e-07,lattice 2D sheet polarizability / epsilon_0
MoS2,268.6,1.5081089996,8.9752586807e-06,0.05053743567,1.5545662255e-07,lattice 2D sheet polarizability / epsilon_0
MoS2,268.8,1.5106328288,8.9830324532e-06,0.050744759275,1.5584213626e-07,lattice 2D sheet polarizability / epsilon_0
MoS2,269.0,1.5131669892,8.9908254939e-06,0.050953318271,1.5622895571e-07,lattice 2D sheet polarizability / epsilon_0
MoS2,269.2,1.5157115423,8.998637868e-06,0.051163122538,1.5661708692e-07,lattice 2D sheet polarizability / epsilon_0
MoS2,269.4,1.5182665498,9.0064696408e-06,0.051374182057,1.5700653598e-07,lattice 2D sheet polarizability / epsilon_0
MoS2,269.6,1.5208320741,9.0143208784e-06,0.051586506907,1.57397309e-07,lattice 2D sheet polarizability / epsilon_0
MoS2,269.8,1.5234081781,9.0221916467e-06,0.05180010727,1.577894121e-07,lattice 2D sheet polarizability / epsilon_0
MoS2,270.0,1.5259949251,9.0300820121e-06,0.052014993429,1.5818285148e-07,lattice 2D sheet polarizability / epsilon_0
MoS2,270.2,1.5285923789,9.0379920415e-06,0.052231175773,1.5857763334e-07,lattice 2D sheet polarizability / epsilon_0
MoS2,270.4,1.531200604,9.0459218019e-06,0.052448664792,1.5897376394e-07,lattice 2D sheet polarizability / epsilon_0
MoS2,270.6,1.5338196651,9.0538713605e-06,0.052667471087,1.5937124956e-07,lattice 2D sheet polarizability / epsilon_0
MoS2,270.8,1.5364496277,9.0618407851e-06,0.052887605363,1.5977009653e-07,lattice 2D sheet polarizability / epsilon_0
MoS2,271.0,1.5390905578,9.0698301437e-06,0.053109078436,1.6017031119e-07,lattice 2D sheet polarizability / epsilon_0
MoS2,271.2,1.5417425217,9.0778395045e-06,0.053331901229,1.6057189996e-07,lattice 2D sheet polarizability / epsilon_0
MoS2,271.4,1.5444055866,9.0858689362e-06,0.053556084781,1.6097486926e-07,lattice 2D sheet polarizability / epsilon_0
MoS2,271.6,1.5470798199,9.0939185077e-06,0.053781640241,1.6137922556e-07,lattice 2D sheet polarizability / epsilon_0
MoS2,271.8,1.5497652898,9.1019882882e-06,0.054008578872,1.6178497538e-07,lattice 2D sheet polarizability / epsilon_0
MoS2,272.0,1.552462065,9.1100783474e-06,0.054236912055,1.6219212525e-07,lattice 2D sheet polarizability / epsilon_0
MoS2,272.2,1.5551702146,9.1181887552e-06,0.054466651286,1.6260068176e-07,lattice 2D sheet polarizability / epsilon_0
MoS2,272.4,1.5578898085,9.1263195817e-06,0.05469780818,1.6301065155e-07,lattice 2D sheet polarizability / epsilon_0
MoS2,272.6,1.5606209169,9.1344708976e-06,0.054930394473,1.6342204126e-07,lattice 2D sheet polarizability / epsilon_0
MoS2,272.8,1.563363611,9.1426427738e-06,0.055164422021,1.638348576e-07,lattice 2D sheet polarizability / epsilon_0
MoS2,273.0,1.5661179622,9.1508352815e-06,0.055399902805,1.6424910731e-07,lattice 2D sheet polarizability / epsilon_0
MoS2,273.2,1.5688840425,9.1590484922e-06,0.055636848928,1.6466479718e-07,lattice 2D sheet polarizability / epsilon_0
MoS2,273.4,1.5716619249,9.167282478e-06,0.055875272622,1.6508193401e-07,lattice 2D sheet polarizability / epsilon_0
MoS2,273.6,1.5744516825,9.175537311e-06,0.056115186244,1.6550052468e-07,lattice 2D sheet polarizability / epsilon_0
MoS2,273.8,1.5772533893,9.1838130638e-06,0.056356602283,1.6592057608e-07,lattice 2D sheet polarizability / epsilon_0
MoS2,274.0,1.5800671199,9.1921098094e-06,0.056599533357,1.6634209516e-07,lattice 2D sheet polarizability / epsilon_0
MoS2,274.2,1.5828929494,9.200427621e-06,0.056843992217,1.667650889e-07,lattice 2D sheet polarizability / epsilon_0
MoS2,274.4,1.5857309536,9.2087665723e-06,0.057089991748,1.6718956431e-07,lattice 2D sheet polarizability / epsilon_0
MoS2,274.6,1.5885812091,9.2171267372e-06,0.057337544972,1.6761552848e-07,lattice 2D sheet polarizability / epsilon_0
MoS2,274.8,1.5914437928,9.2255081902e-06,0.057586665047,1.680429885e-07,lattice 2D sheet polarizability / epsilon_0
MoS2,275.0,1.5943187825,9.2339110058e-06,0.057837365274,1.6847195153e-07,lattice 2D sheet polarizability / epsilon_0
MoS2,275.2,1.5972062566,9.2423352592e-06,0.05808965909,1.6890242476e-07,lattice 2D sheet polarizability / epsilon_0
MoS2,275.4,1.6001062942,9.2507810257e-06,0.058343560079,1.6933441542e-07,lattice 2D sheet polarizability / epsilon_0
MoS2,275.6,1.6030189749,9.2592483811e-06,0.058599081968,1.6976793079e-07,lattice 2D sheet polarizability / epsilon_0
MoS2,275.8,1.6059443793,9.2677374015e-06,0.058856238633,1.7020297821e-07,lattice 2D sheet polarizability / epsilon_0
MoS2,276.0,1.6088825883,9.2762481634e-06,0.059115044094,1.7063956502e-07,lattice 2D sheet polarizability / epsilon_0
MoS2,276.2,1.6118336837,9.2847807437e-06,0.059375512527,1.7107769865e-07,lattice 2D sheet polarizability / epsilon_0
MoS2,276.4,1.614797748,9.2933352197e-06,0.059637658256,1.7151738654e-07,lattice 2D sheet polarizability / epsilon_0
MoS2,276.6,1.6177748645,9.3019116688e-06,0.059901495762,1.719586362e-07,lattice 2D sheet polarizability / epsilon_0
MoS2,276.8,1.6207651169,9.3105101691e-06,0.060167039682,1.7240145517e-07,lattice 2D sheet polarizability / epsilon_0
MoS2,277.0,1.62376859,9.3191307989e-06,0.06043430481,1.7284585104e-07,lattice 2D sheet polarizability / epsilon_0
MoS2,277.2,1.6267853691,9.3277736369e-06,0.060703306102,1.7329183145e-07,lattice 2D sheet polarizability / epsilon_0
MoS2,277.4,1.6298155402,9.3364387624e-06,0.060974058677,1.7373940407e-07,lattice 2D sheet polarizability / epsilon_0
MoS2,277.6,1.6328591902,9.3451262547e-06,0.061246577817,1.7418857664e-07,lattice 2D sheet polarizability / epsilon_0
MoS2,277.8,1.6359164067,9.3538361937e-06,0.061520878972,1.7463935693e-07,lattice 2D sheet polarizability / epsilon_0
MoS2,278.0,1.638987278,9.3625686598e-06,0.061796977761,1.7509175277e-07,lattice 2D sheet polarizability / epsilon_0
MoS2,278.2,1.6420718933,9.3713237335e-06,0.062074889973,1.7554577202e-07,lattice 2D sheet polarizability / epsilon_0
MoS2,278.4,1.6451703425,9.3801014959e-06,0.062354631574,1.7600142259e-07,lattice 2D sheet polarizability / epsilon_0
MoS2,278.6,1.6482827162,9.3889020285e-06,0.062636218701,1.7645871246e-07,lattice 2D sheet polarizability / epsilon_0
MoS2,278.8,1.6514091059,9.3977254131e-06,0.062919667674,1.7691764964e-07,lattice 2D sheet polarizability / epsilon_0
MoS2,279.0,1.6545496039,9.4065717319e-06,0.063204994989,1.7737824219e-07,lattice 2D sheet polarizability / epsilon_0
MoS2,279.2,1.6577043033,9.4154410675e-06,0.063492217329,1.7784049822e-07,lattice 2D sheet polarizability / epsilon_0
MoS2,279.4,1.6608732981,9.4243335031e-06,0.063781351559,1.783044259e-07,lattice 2D sheet polarizability / epsilon_0
MoS2,279.6,1.6640566829,9.4332491221e-06,0.064072414735,1.7877003343e-07,lattice 2D sheet polarizability / epsilon_0
MoS2,279.8,1.6672545535,9.4421880083e-06,0.0643654241,1.7923732907e-07,lattice 2D sheet polarizability / epsilon_0
MoS2,280.0,1.6704670061,9.451150246e-06,0.064660397093,1.7970632115e-07,lattice 2D sheet polarizability / epsilon_0
MoS2,280.2,1.6736941381,9.4601359199e-06,0.064957351347,1.8017701801e-07,lattice 2D sheet polarizability / epsilon_0
MoS2,280.4,1.6769360478,9.4691451151e-06,0.065256304693,1.8064942808e-07,lattice 2D sheet polarizability / epsilon_0
MoS2,280.6,1.680192834,9.4781779171e-06,0.065557275163,1.8112355982e-07,lattice 2D sheet polarizability / epsilon_0
MoS2,280.8,1.6834645969,9.487234412e-06,0.065860280993,1.8159942175e-07,lattice 2D sheet polarizability / epsilon_0
MoS2,281.0,1.6867514372,9.4963146859e-06,0.066165340625,1.8207702244e-07,lattice 2D sheet polarizability / epsilon_0
MoS2,281.2,1.6900534566,9.5054188258e-06,0.06647247271,1.8255637051e-07,lattice 2D sheet polarizability / epsilon_0
MoS2,281.4,1.6933707578,9.5145469189e-06,0.066781696111,1.8303747465e-07,lattice 2D sheet polarizability / epsilon_0
MoS2,281.6,1.6967034444,9.5236990528e-06,0.067093029906,1.8352034358e-07,lattice 2D sheet polarizability / epsilon_0
MoS2,281.8,1.700051621,9.5328753156e-06,0.067406493391,1.8400498608e-07,lattice 2D sheet polarizability / epsilon_0
MoS2,282.0,1.703415393,9.5420757959e-06,0.067722106082,1.84491411e-07,lattice 2D sheet polarizability / epsilon_0
MoS2,282.2,1.7067948669,9.5513005826e-06,0.06803988772,1.8497962724e-07,lattice 2D sheet polarizability / epsilon_0
MoS2,282.4,1.71019015,9.5605497652e-06,0.068359858271,1.8546964373e-07,lattice 2D sheet polarizability / epsilon_0
MoS2,282.6,1.7136013508,9.5698234335e-06,0.068682037934,1.8596146949e-07,lattice 2D sheet polarizability / epsilon_0
MoS2,282.8,1.7170285787,9.5791216779e-06,0.069006447138,1.8645511358e-07,lattice 2D sheet polarizability / epsilon_0
MoS2,283.0,1.720471944,9.588444589e-06,0.069333106551,1.8695058511e-07,lattice 2D sheet polarizability / epsilon_0
MoS2,283.2,1.7239315582,9.5977922582e-06,0.069662037078,1.8744789326e-07,lattice 2D sheet polarizability / epsilon_0
MoS2,283.4,1.7274075337,9.607164777e-06,0.069993259871,1.8794704727e-07,lattice 2D sheet polarizability / epsilon_0
MoS2,283.6,1.730899984,9.6165622377e-06,0.070326796325,1.8844805642e-07,lattice 2D sheet polarizability / epsilon_0
MoS2,283.8,1.7344090236,9.6259847328e-06,0.070662668087,1.8895093006e-07,lattice 2D sheet polarizability / epsilon_0
MoS2,284.0,1.7379347682,9.6354323555e-06,0.071000897056,1.894556776e-07,lattice 2D sheet polarizability / epsilon_0
MoS2,284.2,1.7414773343,9.6449051991e-06,0.071341505389,1.8996230851e-07,lattice 2D sheet polarizability / epsilon_0
MoS2,284.4,1.7450368399,9.6544033578e-06,0.071684515504,1.9047083232e-07,lattice 2D sheet polarizability / epsilon_0
MoS2,284.6,1.7486134037,9.663926926e-06,0.072029950081,1.909812586e-07,lattice 2D sheet polarizability / epsilon_0
MoS2,284.8,1.7522071457,9.6734759987e-06,0.072377832072,1.9149359701e-07,lattice 2D sheet polarizability / epsilon_0
MoS2,285.0,1.755818187,9.6830506713e-06,0.072728184697,1.9200785726e-07,lattice 2D sheet polarizability / epsilon_0
MoS2,285.2,1.7594466499,9.6926510397e-06,0.073081031454,1.9252404911e-07,lattice 2D sheet polarizability / epsilon_0
MoS2,285.4,1.7630926579,9.7022772004e-06,0.07343639612,1.930421824e-07,lattice 2D sheet polarizability / epsilon_0
MoS2,285.6,1.7667563354,9.7119292503e-06,0.073794302756,1.9356226701e-07,lattice 2D sheet polarizability / epsilon_0
MoS2,285.8,1.7704378083,9.7216072867e-06,0.074154775711,1.9408431292e-07,lattice 2D sheet polarizability / epsilon_0
MoS2,286.0,1.7741372035,9.7313114075e-06,0.074517839625,1.9460833013e-07,lattice 2D sheet polarizability / epsilon_0
MoS2,286.2,1.7778546491,9.7410417111e-06,0.074883519434,1.9513432873e-07,lattice 2D sheet polarizability / epsilon_0
MoS2,286.4,1.7815902746,9.7507982965e-06,0.075251840377,1.9566231887e-07,lattice 2D sheet polarizability / epsilon_0
MoS2,286.6,1.7853442106,9.760581263e-06,0.075622827994,1.9619231076e-07,lattice 2D sheet polarizability / epsilon_0
MoS2,286.8,1.789116589,9.7703907105e-06,0.075996508136,1.9672431468e-07,lattice 2D sheet polarizability / epsilon_0
MoS2,287.0,1.792907543,9.7802267395e-06,0.076372906968,1.9725834098e-07,lattice 2D sheet polarizability / epsilon_0
MoS2,287.2,1.7967172069,9.7900894508e-06,0.076752050973,1.9779440006e-07,lattice 2D sheet polarizability / epsilon_0
MoS2,287.4,1.8005457166,9.7999789459e-06,0.077133966957,1.983325024e-07,lattice 2D sheet polarizability / epsilon_0
MoS2,287.6,1.8043932091,9.8098953269e-06,0.077518682052,1.9887265856e-07,lattice 2D sheet polarizability / epsilon_0
MoS2,287.8,1.8082598227,9.8198386961e-06,0.077906223725,1.9941487913e-07,lattice 2D sheet polarizability / epsilon_0
MoS2,288.0,1.8121456973,9.8298091567e-06,0.078296619779,1.9995917481e-07,lattice 2D sheet polarizability / epsilon_0
MoS2,288.2,1.816050974,9.8398068121e-06,0.078689898359,2.0050555633e-07,lattice 2D sheet polarizability / epsilon_0
MoS2,288.4,1.8199757951,9.8498317666e-06,0.079086087957,2.0105403453e-07,lattice 2D sheet polarizability / epsilon_0
MoS2,288.6,1.8239203047,9.8598841247e-06,0.079485217419,2.0160462029e-07,lattice 2D sheet polarizability / epsilon_0
MoS2,288.8,1.827884648,9.8699639916e-06,0.079887315949,2.0215732457e-07,lattice 2D sheet polarizability / epsilon_0
MoS2,289.0,1.8318689718,9.880071473e-06,0.080292413111,2.0271215841e-07,lattice 2D sheet polarizability / epsilon_0
MoS2,289.2,1.8358734241,9.8902066752e-06,0.080700538842,2.032691329e-07,lattice 2D sheet polarizability / epsilon_0
MoS2,289.4,1.8398981548,9.900369705e-06,0.081111723449,2.0382825922e-07,lattice 2D sheet polarizability / epsilon_0
MoS2,289.6,1.8439433149,9.9105606698e-06,0.081525997621,2.0438954862e-07,lattice 2D sheet polarizability / epsilon_0
MoS2,289.8,1.8480090571,9.9207796777e-06,0.081943392432,2.0495301242e-07,lattice 2D sheet polarizability / epsilon_0
MoS2,290.0,1.8520955356,9.9310268369e-06,0.082363939347,2.0551866201e-07,lattice 2D sheet polarizability / epsilon_0
MoS2,290.2,1.856202906,9.9413022567e-06,0.082787670227,2.0608650887e-07,lattice 2D sheet polarizability / epsilon_0
MoS2,290.4,1.8603313256,9.9516060468e-06,0.083214617339,2.0665656454e-07,lattice 2D sheet polarizability / epsilon_0
MoS2,290.6,1.8644809534,9.9619383172e-06,0.083644813356,2.0722884064e-07,lattice 2D sheet polarizability / epsilon_0
MoS2,290.8,1.8686519497,9.9722991788e-06,0.084078291369,2.0780334887e-07,lattice 2D sheet polarizability / epsilon_0
MoS2,291.0,1.8728444767,9.9826887431e-06,0.084515084889,2.08380101e-07,lattice 2D sheet polarizability / epsilon_0
MoS2,291.2,1.877058698,9.9931071219e-06,0.084955227858,2.0895910888e-07,lattice 2D sheet polarizability / epsilon_0
MoS2,291.4,1.881294779,1.0003554428e-05,0.085398754649,2.0954038444e-07,lattice 2D sheet polarizability / epsilon_0
MoS2,291.6,1.8855528869,1.0014030774e-05,0.085845700081,2.101239397e-07,lattice 2D sheet polarizability / epsilon_0
MoS2,291.8,1.8898331904,1.0024536274e-05,0.086296099417,2.1070978673e-07,lattice 2D sheet polarizability / epsilon_0
MoS2,292.0,1.8941358599,1.0035071043e-05,0.086749988379,2.1129793771e-07,lattice 2D sheet polarizability / epsilon_0
MoS2,292.2,1.8984610679,1.0045635195e-05,0.08720740315,2.1188840488e-07,lattice 2D sheet polarizability / epsilon_0
MoS2,292.4,1.9028089882,1.0056228846e-05,0.087668380383,2.1248120057e-07,lattice 2D sheet polarizability / epsilon_0
MoS2,292.6,1.9071797967,1.0066852112e-05,0.088132957206,2.130763372e-07,lattice 2D sheet polarizability / epsilon_0
MoS2,292.8,1.911573671,1.007750511e-05,0.088601171235,2.1367382726e-07,lattice 2D sheet polarizability / epsilon_0
MoS2,293.0,1.9159907907,1.0088187958e-05,0.089073060575,2.1427368332e-07,lattice 2D sheet polarizability / epsilon_0
MoS2,293.2,1.920431337,1.0098900772e-05,0.089548663832,2.1487591805e-07,lattice 2D sheet polarizability / epsilon_0
MoS2,293.4,1.9248954933,1.0109643673e-05,0.09002802012,2.1548054419e-07,lattice 2D sheet polarizability / epsilon_0
MoS2,293.6,1.9293834445,1.012041678e-05,0.090511169069,2.1608757457e-07,lattice 2D sheet polarizability / epsilon_0
MoS2,293.8,1.9338953779,1.0131220211e-05,0.09099815083,2.1669702211e-07,lattice 2D sheet polarizability / epsilon_0
MoS2,294.0,1.9384314825,1.0142054089e-05,0.091489006089,2.1730889981e-07,lattice 2D sheet polarizability / epsilon_0
MoS2,294.2,1.9429919493,1.0152918534e-05,0.091983776073,2.1792322077e-07,lattice 2D sheet polarizability / epsilon_0
MoS2,294.4,1.9475769714,1.0163813668e-05,0.092482502556,2.1853999816e-07,lattice 2D sheet polarizability / epsilon_0
MoS2,294.6,1.9521867439,1.0174739613e-05,0.092985227872,2.1915924525e-07,lattice 2D sheet polarizability / epsilon_0
MoS2,294.8,1.9568214639,1.0185696494e-05,0.093491994921,2.1978097539e-07,lattice 2D sheet polarizability / epsilon_0
MoS2,295.0,1.9614813308,1.0196684433e-05,0.094002847178,2.2040520204e-07,lattice 2D sheet polarizability / epsilon_0
MoS2,295.2,1.9661665458,1.0207703556e-05,0.094517828707,2.2103193873e-07,lattice 2D sheet polarizability / epsilon_0
MoS2,295.4,1.9708773127,1.0218753987e-05,0.095036984164,2.2166119909e-07,lattice 2D sheet polarizability / epsilon_0
MoS2,295.6,1.975613837,1.0229835853e-05,0.095560358811,2.2229299684e-07,lattice 2D sheet polarizability / epsilon_0
MoS2,295.8,1.9803763267,1.024094928e-05,0.096087998523,2.2292734581e-07,lattice 2D sheet polarizability / epsilon_0
MoS2,296.0,1.9851649921,1.0252094395e-05,0.0966199498,2.2356425989e-07,lattice 2D sheet polarizability / epsilon_0
MoS2,296.2,1.9899800455,1.0263271326e-05,0.097156259778,2.2420375309e-07,lattice 2D sheet polarizability / epsilon_0
MoS2,296.4,1.9948217017,1.0274480203e-05,0.097696976238,2.2484583952e-07,lattice 2D sheet polarizability / epsilon_0
MoS2,296.6,1.9996901778,1.0285721153e-05,0.098242147614,2.2549053335e-07,lattice 2D sheet polarizability / epsilon_0
MoS2,296.8,2.0045856933,1.0296994309e-05,0.098791823009,2.261378489e-07,lattice 2D sheet polarizability / epsilon_0
MoS2,297.0,2.00950847,1.0308299799e-05,0.099346052204,2.2678780055e-07,lattice 2D sheet polarizability / epsilon_0
MoS2,297.2,2.0144587322,1.0319637756e-05,0.099904885666,2.2744040279e-07,lattice 2D sheet polarizability / epsilon_0
MoS2,297.4,2.0194367066,1.0331008312e-05,0.10046837457,2.280956702e-07,lattice 2D sheet polarizability / epsilon_0
MoS2,297.6,2.0244426225,1.03424116e-05,0.10103657078,2.2875361748e-07,lattice 2D sheet polarizability / epsilon_0
MoS2,297.8,2.0294767116,1.0353847754e-05,0.10160952692,2.2941425941e-07,lattice 2D sheet polarizability / epsilon_0
MoS2,298.0,2.0345392083,1.0365316907e-05,0.10218729633,2.300776109e-07,lattice 2D sheet polarizability / epsilon_0
MoS2,298.2,2.0396303494,1.0376819196e-05,0.10276993308,2.3074368692e-07,lattice 2D sheet polarizability / epsilon_0
MoS2,298.4,2.0447503747,1.0388354756e-05,0.10335749204,2.3141250258e-07,lattice 2D sheet polarizability / epsilon_0
MoS2,298.6,2.0498995263,1.0399923723e-05,0.10395002883,2.3208407308e-07,lattice 2D sheet polarizability / epsilon_0
MoS2,298.8,2.0550780492,1.0411526236e-05,0.10454759985,2.3275841374e-07,lattice 2D sheet polarizability / epsilon_0
MoS2,299.0,2.060286191,1.0423162432e-05,0.10515026232,2.3343553995e-07,lattice 2D sheet polarizability / epsilon_0
MoS2,299.2,2.0655242024,1.043483245e-05,0.10575807427,2.3411546726e-07,lattice 2D sheet polarizability / epsilon_0
MoS2,299.4,2.0707923366,1.044653643e-05,0.10637109455,2.3479821128e-07,lattice 2D sheet polarizability / epsilon_0
MoS2,299.6,2.0760908498,1.0458274513e-05,0.10698938284,2.3548378775e-07,lattice 2D sheet polarizability / epsilon_0
MoS2,299.8,2.0814200011,1.0470046839e-05,0.10761299972,2.3617221252e-07,lattice 2D sheet polarizability / epsilon_0
MoS2,300.0,2.0867800526,1.0481853552e-05,0.10824200659,2.3686350155e-07,lattice 2D sheet polarizability / epsilon_0
MoS2,300.2,2.0921712692,1.0493694793e-05,0.10887646576,2.3755767091e-07,lattice 2D sheet polarizability / epsilon_0
MoS2,300.4,2.0975939191,1.0505570706e-05,0.10951644046,2.3825473679e-07,lattice 2D sheet polarizability / epsilon_0
MoS2,300.6,2.1030482734,1.0517481437e-05,0.11016199481,2.3895471547e-07,lattice 2D sheet polarizability / epsilon_0
MoS2,300.8,2.1085346064,1.0529427129e-05,0.11081319387,2.3965762338e-07,lattice 2D sheet polarizability / epsilon_0
MoS2,301.0,2.1140531955,1.054140793e-05,0.11147010365,2.4036347703e-07,lattice 2D sheet polarizability / epsilon_0
MoS2,301.2,2.1196043214,1.0553423986e-05,0.11213279114,2.4107229307e-07,lattice 2D sheet polarizability / epsilon_0
MoS2,301.4,2.1251882679,1.0565475444e-05,0.1128013243,2.4178408827e-07,lattice 2D sheet polarizability / epsilon_0
MoS2,301.6,2.1308053222,1.0577562455e-05,0.11347577208,2.4249887949e-07,lattice 2D sheet polarizability / epsilon_0
MoS2,301.8,2.136455775,1.0589685166e-05,0.11415620448,2.4321668375e-07,lattice 2D sheet polarizability / epsilon_0
MoS2,302.0,2.1421399201,1.0601843728e-05,0.11484269251,2.4393751815e-07,lattice 2D sheet polarizability / epsilon_0
MoS2,302.2,2.1478580551,1.0614038293e-05,0.11553530825,2.4466139994e-07,lattice 2D sheet polarizability / epsilon_0
MoS2,302.4,2.1536104807,1.0626269012e-05,0.11623412484,2.4538834648e-07,lattice 2D sheet polarizability / epsilon_0
MoS2,302.6,2.1593975015,1.0638536038e-05,0.11693921652,2.4611837525e-07,lattice 2D sheet polarizability / epsilon_0
MoS2,302.8,2.1652194255,1.0650839524e-05,0.11765065866,2.4685150388e-07,lattice 2D sheet polarizability / epsilon_0
MoS2,303.0,2.1710765645,1.0663179627e-05,0.11836852774,2.4758775009e-07,lattice 2D sheet polarizability / epsilon_0
MoS2,303.2,2.176969234,1.06755565e-05,0.11909290139,2.4832713175e-07,lattice 2D sheet polarizability / epsilon_0
MoS2,303.4,2.182897753,1.06879703e-05,0.11982385844,2.4906966685e-07,lattice 2D sheet polarizability / epsilon_0
MoS2,303.6,2.1888624447,1.0700421185e-05,0.1205614789,2.4981537351e-07,lattice 2D sheet polarizability / epsilon_0
MoS2,303.8,2.194863636,1.0712909313e-05,0.12130584399,2.5056426998e-07,lattice 2D sheet polarizability / epsilon_0
MoS2,304.0,2.2009016578,1.0725434843e-05,0.12205703619,2.5131637465e-07,lattice 2D sheet polarizability / epsilon_0
MoS2,304.2,2.2069768448,1.0737997934e-05,0.12281513922,2.5207170602e-07,lattice 2D sheet polarizability / epsilon_0
MoS2,304.4,2.2130895361,1.0750598748e-05,0.1235802381,2.5283028274e-07,lattice 2D sheet polarizability / epsilon_0
MoS2,304.6,2.2192400746,1.0763237446e-05,0.12435241916,2.5359212361e-07,lattice 2D sheet polarizability / epsilon_0
MoS2,304.8,2.2254288076,1.0775914192e-05,0.12513177006,2.5435724753e-07,lattice 2D sheet polarizability / epsilon_0
MoS2,305.0,2.2316560865,1.0788629148e-05,0.12591837982,2.5512567356e-07,lattice 2D sheet polarizability / epsilon_0
MoS2,305.2,2.2379222673,1.0801382481e-05,0.12671233884,2.5589742089e-07,lattice 2D sheet polarizability / epsilon_0
MoS2,305.4,2.2442277099,1.0814174354e-05,0.12751373892,2.5667250886e-07,lattice 2D sheet polarizability / epsilon_0
MoS2,305.6,2.250572779,1.0827004935e-05,0.12832267333,2.5745095693e-07,lattice 2D sheet polarizability / epsilon_0
MoS2,305.8,2.2569578437,1.0839874392e-05,0.12913923678,2.5823278473e-07,lattice 2D sheet polarizability / epsilon_0
MoS2,306.0,2.2633832778,1.0852782892e-05,0.12996352545,2.5901801202e-07,lattice 2D sheet polarizability / epsilon_0
MoS2,306.2,2.2698494596,1.0865730606e-05,0.13079563709,2.5980665868e-07,lattice 2D sheet polarizability / epsilon_0
MoS2,306.4,2.2763567722,1.0878717704e-05,0.13163567095,2.6059874478e-07,lattice 2D sheet polarizability / epsilon_0
MoS2,306.6,2.2829056034,1.0891744357e-05,0.13248372788,2.6139429051e-07,lattice 2D sheet polarizability / epsilon_0
MoS2,306.8,2.2894963461,1.0904810738e-05,0.13333991033,2.621933162e-07,lattice 2D sheet polarizability / epsilon_0
MoS2,307.0,2.296129398,1.091791702e-05,0.13420432241,2.6299584236e-07,lattice 2D sheet polarizability / epsilon_0
MoS2,307.2,2.3028051617,1.0931063378e-05,0.13507706987,2.6380188963e-07,lattice 2D sheet polarizability / epsilon_0
MoS2,307.4,2.3095240453,1.0944249988e-05,0.13595826017,2.6461147879e-07,lattice 2D sheet polarizability / epsilon_0
MoS2,307.6,2.3162864616,1.0957477025e-05,0.13684800251,2.6542463081e-07,lattice 2D sheet polarizability / epsilon_0
MoS2,307.8,2.3230928291,1.0970744669e-05,0.13774640786,2.6624136678e-07,lattice 2D sheet polarizability / epsilon_0
MoS2,308.0,2.3299435715,1.0984053096e-05,0.138653589,2.6706170796e-07,lattice 2D sheet polarizability / epsilon_0
MoS2,308.2,2.3368391177,1.0997402488e-05,0.13956966051,2.6788567577e-07,lattice 2D sheet polarizability / epsilon_0
MoS2,308.4,2.3437799026,1.1010793024e-05,0.1404947389,2.6871329179e-07,lattice 2D sheet polarizability / epsilon_0
MoS2,308.6,2.3507663664,1.1024224888e-05,0.14142894256,2.6954457776e-07,lattice 2D sheet polarizability / epsilon_0
MoS2,308.8,2.357798955,1.1037698261e-05,0.14237239181,2.7037955557e-07,lattice 2D sheet polarizability / epsilon_0
MoS2,309.0,2.3648781203,1.1051213327e-05,0.143325209,2.7121824728e-07,lattice 2D sheet polarizability / epsilon_0
MoS2,309.2,2.3720043199,1.1064770273e-05,0.14428751848,2.7206067513e-07,lattice 2D sheet polarizability / epsilon_0
MoS2,309.4,2.3791780175,1.1078369284e-05,0.14525944668,2.729068615e-07,lattice 2D sheet polarizability / epsilon_0
MoS2,309.6,2.3863996828,1.1092010547e-05,0.14624112211,2.7375682896e-07,lattice 2D sheet polarizability / epsilon_0
MoS2,309.8,2.3936697919,1.1105694252e-05,0.14723267547,2.7461060023e-07,lattice 2D sheet polarizability / epsilon_0
MoS2,310.0,2.400988827,1.1119420586e-05,0.14823423963,2.7546819822e-07,lattice 2D sheet polarizability / epsilon_0
MoS2,310.2,2.4083572767,1.1133189743e-05,0.14924594971,2.76329646e-07,lattice 2D sheet polarizability / epsilon_0
MoS2,310.4,2.4157756361,1.1147001912e-05,0.1502679431,2.7719496681e-07,lattice 2D sheet polarizability / epsilon_0
MoS2,310.6,2.4232444071,1.1160857288e-05,0.15130035953,2.7806418409e-07,lattice 2D sheet polarizability / epsilon_0
MoS2,310.8,2.430764098,1.1174756065e-05,0.1523433411,2.7893732142e-07,lattice 2D sheet polarizability / epsilon_0
MoS2,311.0,2.4383352242,1.1188698437e-05,0.15339703234,2.7981440259e-07,lattice 2D sheet polarizability / epsilon_0
MoS2,311.2,2.445958308,1.1202684602e-05,0.15446158027,2.8069545156e-07,lattice 2D sheet polarizability / epsilon_0
MoS2,311.4,2.4536338787,1.1216714757e-05,0.1555371344,2.8158049246e-07,lattice 2D sheet polarizability / epsilon_0
MoS2,311.6,2.4613624727,1.1230789102e-05,0.15662384687,2.8246954962e-07,lattice 2D sheet polarizability / epsilon_0
MoS2,311.8,2.4691446339,1.1244907836e-05,0.1577218724,2.8336264755e-07,lattice 2D sheet polarizability / epsilon_0
MoS2,312.0,2.4769809135,1.1259071161e-05,0.15883136843,2.8425981095e-07,lattice 2D sheet polarizability / epsilon_0
MoS2,312.2,2.4848718702,1.1273279279e-05,0.15995249514,2.8516106469e-07,lattice 2D sheet polarizability / epsilon_0
MoS2,312.4,2.4928180706,1.1287532394e-05,0.1610854155,2.8606643386e-07,lattice 2D sheet polarizability / epsilon_0
MoS2,312.6,2.5008200889,1.1301830713e-05,0.16223029535,2.8697594372e-07,lattice 2D sheet polarizability / epsilon_0
MoS2,312.8,2.5088785074,1.1316174439e-05,0.16338730344,2.8788961973e-07,lattice 2D sheet polarizability / epsilon_0
MoS2,313.0,2.5169939164,1.1330563783e-05,0.16455661151,2.8880748756e-07,lattice 2D sheet polarizability / epsilon_0
MoS2,313.2,2.5251669144,1.1344998952e-05,0.16573839434,2.8972957304e-07,lattice 2D sheet polarizability / epsilon_0
MoS2,313.4,2.5333981083,1.1359480156e-05,0.16693282983,2.9065590225e-07,lattice 2D sheet polarizability / epsilon_0
MoS2,313.6,2.5416881136,1.1374007607e-05,0.16814009904,2.9158650142e-07,lattice 2D sheet polarizability / epsilon_0
MoS2,313.8,2.5500375544,1.1388581519e-05,0.16936038628,2.9252139703e-07,lattice 2D sheet polarizability / epsilon_0
MoS2,314.0,2.5584470636,1.1403202104e-05,0.17059387919,2.9346061573e-07,lattice 2D sheet polarizability / epsilon_0
MoS2,314.2,2.566917283,1.1417869578e-05,0.17184076877,2.944041844e-07,lattice 2D sheet polarizability / epsilon_0
MoS2,314.4,2.5754488638,1.1432584159e-05,0.17310124951,2.953521301e-07,lattice 2D sheet polarizability / epsilon_0
MoS2,314.6,2.5840424661,1.1447346064e-05,0.17437551941,2.9630448014e-07,lattice 2D sheet polarizability / epsilon_0
MoS2,314.8,2.5926987598,1.1462155513e-05,0.17566378009,2.9726126201e-07,lattice 2D sheet polarizability / epsilon_0
MoS2,315.0,2.6014184244,1.1477012727e-05,0.17696623687,2.9822250343e-07,lattice 2D sheet polarizability / epsilon_0
MoS2,315.2,2.6102021488,1.1491917927e-05,0.17828309883,2.9918823234e-07,lattice 2D sheet polarizability / epsilon_0
MoS2,315.4,2.6190506325,1.1506871338e-05,0.17961457891,3.0015847687e-07,lattice 2D sheet polarizability / epsilon_0
MoS2,315.6,2.6279645846,1.1521873184e-05,0.18096089401,3.0113326542e-07,lattice 2D sheet polarizability / epsilon_0
MoS2,315.8,2.6369447248,1.1536923692e-05,0.18232226502,3.0211262657e-07,lattice 2D sheet polarizability / epsilon_0
MoS2,316.0,2.6459917834,1.1552023089e-05,0.18369891699,3.0309658914e-07,lattice 2D sheet polarizability / epsilon_0
MoS2,316.2,2.6551065013,1.1567171606e-05,0.18509107915,3.0408518218e-07,lattice 2D sheet polarizability / epsilon_0
MoS2,316.4,2.6642896302,1.1582369472e-05,0.18649898507,3.0507843498e-07,lattice 2D sheet polarizability / epsilon_0
MoS2,316.6,2.6735419332,1.1597616921e-05,0.18792287268,3.0607637703e-07,lattice 2D sheet polarizability / epsilon_0
MoS2,316.8,2.6828641844,1.1612914184e-05,0.18936298446,3.0707903807e-07,lattice 2D sheet polarizability / epsilon_0
MoS2,317.0,2.6922571698,1.1628261499e-05,0.19081956746,3.080864481e-07,lattice 2D sheet polarizability / epsilon_0
MoS2,317.2,2.7017216868,1.16436591e-05,0.19229287346,3.0909863732e-07,lattice 2D sheet polarizability / epsilon_0
MoS2,317.4,2.711258545,1.1659107227e-05,0.19378315905,3.1011563619e-07,lattice 2D sheet polarizability / epsilon_0
MoS2,317.6,2.720868566,1.1674606119e-05,0.19529068576,3.1113747541e-07,lattice 2D sheet polarizability / epsilon_0
MoS2,317.8,2.730552584,1.1690156017e-05,0.19681572016,3.1216418592e-07,lattice 2D sheet polarizability / epsilon_0
MoS2,318.0,2.7403114457,1.1705757163e-05,0.19835853397,3.1319579891e-07,lattice 2D sheet polarizability / epsilon_0
MoS2,318.2,2.7501460108,1.1721409803e-05,0.1999194042,3.1423234583e-07,lattice 2D sheet polarizability / epsilon_0
MoS2,318.4,2.760057152,1.1737114181e-05,0.20149861328,3.1527385836e-07,lattice 2D sheet polarizability / epsilon_0
MoS2,318.6,2.7700457555,1.1752870546e-05,0.20309644914,3.1632036847e-07,lattice 2D sheet polarizability / epsilon_0
MoS2,318.8,2.780112721,1.1768679145e-05,0.20471320539,3.1737190834e-07,lattice 2D sheet polarizability / epsilon_0
MoS2,319.0,2.7902589624,1.178454023e-05,0.20634918143,3.1842851045e-07,lattice 2D sheet polarizability / epsilon_0
MoS2,319.2,2.8004854074,1.1800454054e-05,0.2080046826,3.1949020752e-07,lattice 2D sheet polarizability / epsilon_0
MoS2,319.4,2.8107929983,1.1816420868e-05,0.20968002031,3.2055703254e-07,lattice 2D sheet polarizability / epsilon_0
MoS2,319.6,2.8211826922,1.183244093e-05,0.21137551218,3.2162901877e-07,lattice 2D sheet polarizability / epsilon_0
MoS2,319.8,2.8316554612,1.1848514496e-05,0.21309148222,3.2270619974e-07,lattice 2D sheet polarizability / epsilon_0
MoS2,320.0,2.8422122924,1.1864641825e-05,0.21482826093,3.2378860924e-07,lattice 2D sheet polarizability / epsilon_0
MoS2,320.2,2.8528541888,1.1880823177e-05,0.21658618551,3.2487628136e-07,lattice 2D sheet polarizability / epsilon_0
MoS2,320.4,2.8635821694,1.1897058815e-05,0.21836560001,3.2596925044e-07,lattice 2D sheet polarizability / epsilon_0
MoS2,320.6,2.874397269,1.1913349002e-05,0.22016685548,3.2706755112e-07,lattice 2D sheet polarizability / epsilon_0
MoS2,320.8,2.8853005394,1.1929694003e-05,0.22199031014,3.2817121832e-07,lattice 2D sheet polarizability / epsilon_0
MoS2,321.0,2.896293049,1.1946094087e-05,0.22383632958,3.2928028723e-07,lattice 2D sheet polarizability / epsilon_0
MoS2,321.2,2.9073758833,1.1962549522e-05,0.22570528693,3.3039479335e-07,lattice 2D sheet polarizability / epsilon_0
MoS2,321.4,2.9185501458,1.1979060579e-05,0.22759756304,3.3151477245e-07,lattice 2D sheet polarizability / epsilon_0
MoS2,321.6,2.9298169574,1.199562753e-05,0.22951354668,3.3264026063e-07,lattice 2D sheet polarizability / epsilon_0
MoS2,321.8,2.9411774576,1.2012250651e-05,0.23145363472,3.3377129424e-07,lattice 2D sheet polarizability / epsilon_0
MoS2,322.0,2.9526328044,1.2028930216e-05,0.23341823239,3.3490790997e-07,lattice 2D sheet polarizability / epsilon_0
MoS2,322.2,2.9641841748,1.2045666504e-05,0.2354077534,3.360501448e-07,lattice 2D sheet polarizability / epsilon_0
MoS2,322.4,2.9758327653,1.2062459796e-05,0.23742262024,3.37198036e-07,lattice 2D sheet polarizability / epsilon_0
MoS2,322.6,2.9875797922,1.2079310371e-05,0.23946326435,3.3835162117e-07,lattice 2D sheet polarizability / epsilon_0
MoS2,322.8,2.9994264919,1.2096218515e-05,0.24153012638,3.3951093822e-07,lattice 2D sheet polarizability / epsilon_0
MoS2,323.0,3.0113741214,1.2113184512e-05,0.2436236564,3.4067602538e-07,lattice 2D sheet polarizability / epsilon_0
MoS2,323.2,3.023423959,1.2130208651e-05,0.24574431415,3.4184692117e-07,lattice 2D sheet polarizability / epsilon_0
MoS2,323.4,3.0355773042,1.2147291219e-05,0.24789256931,3.4302366446e-07,lattice 2D sheet polarizability / epsilon_0
MoS2,323.6,3.0478354788,1.2164432508e-05,0.25006890173,3.4420629444e-07,lattice 2D sheet polarizability / epsilon_0
MoS2,323.8,3.0601998265,1.2181632812e-05,0.2522738017,3.4539485063e-07,lattice 2D sheet polarizability / epsilon_0
MoS2,324.0,3.0726717144,1.2198892425e-05,0.25450777025,3.4658937287e-07,lattice 2D sheet polarizability / epsilon_0
MoS2,324.2,3.0852525325,1.2216211645e-05,0.2567713194,3.4778990135e-07,lattice 2D sheet polarizability / epsilon_0
MoS2,324.4,3.0979436952,1.223359077e-05,0.25906497246,3.4899647659e-07,lattice 2D sheet polarizability / epsilon_0
MoS2,324.6,3.1107466406,1.2251030102e-05,0.26138926433,3.5020913945e-07,lattice 2D sheet polarizability / epsilon_0
MoS2,324.8,3.1236628323,1.2268529944e-05,0.26374474183,3.5142793113e-07,lattice 2D sheet polarizability / epsilon_0
MoS2,325.0,3.136693759,1.22860906e-05,0.26613196397,3.5265289321e-07,lattice 2D sheet polarizability / epsilon_0
MoS2,325.2,3.1498409354,1.2303712378e-05,0.26855150233,3.5388406758e-07,lattice 2D sheet polarizability / epsilon_0
MoS2,325.4,3.1631059028,1.2321395588e-05,0.27100394137,3.5512149652e-07,lattice 2D sheet polarizability / epsilon_0
MoS2,325.6,3.1764902295,1.233914054e-05,0.27348987876,3.5636522264e-07,lattice 2D sheet polarizability / epsilon_0
MoS2,325.8,3.1899955117,1.2356947549e-05,0.2760099258,3.5761528894e-07,lattice 2D sheet polarizability / epsilon_0
MoS2,326.0,3.2036233738,1.2374816929e-05,0.27856470774,3.5887173878e-07,lattice 2D sheet polarizability / epsilon_0
MoS2,326.2,3.217375469,1.2392748999e-05,0.28115486418,3.6013461587e-07,lattice 2D sheet polarizability / epsilon_0
MoS2,326.4,3.2312534804,1.2410744078e-05,0.28378104945,3.6140396433e-07,lattice 2D sheet polarizability / epsilon_0
MoS2,326.6,3.2452591211,1.2428802489e-05,0.28644393307,3.6267982863e-07,lattice 2D sheet polarizability / epsilon_0
MoS2,326.8,3.2593941351,1.2446924556e-05,0.2891442001,3.6396225364e-07,lattice 2D sheet polarizability / epsilon_0
MoS2,327.0,3.2736602982,1.2465110605e-05,0.29188255163,3.6525128459e-07,lattice 2D sheet polarizability / epsilon_0
MoS2,327.2,3.2880594182,1.2483360966e-05,0.2946597052,3.6654696714e-07,lattice 2D sheet polarizability / epsilon_0
MoS2,327.4,3.3025933363,1.2501675969e-05,0.2974763953,3.6784934732e-07,lattice 2D sheet polarizability / epsilon_0
MoS2,327.6,3.3172639272,1.2520055948e-05,0.30033337379,3.6915847155e-07,lattice 2D sheet polarizability / epsilon_0
MoS2,327.8,3.3320731003,1.2538501238e-05,0.30323141045,3.7047438667e-07,lattice 2D sheet polarizability / epsilon_0
MoS2,328.0,3.3470228004,1.2557012178e-05,0.30617129347,3.7179713993e-07,lattice 2D sheet polarizability / epsilon_0
MoS2,328.2,3.3621150083,1.2575589108e-05,0.30915382999,3.7312677897e-07,lattice 2D sheet polarizability / epsilon_0
MoS2,328.4,3.3773517419,1.259423237e-05,0.31217984663,3.7446335186e-07,lattice 2D sheet polarizability / epsilon_0
MoS2,328.6,3.392735057,1.2612942309e-05,0.31525019006,3.758069071e-07,lattice 2D sheet polarizability / epsilon_0
MoS2,328.8,3.4082670481,1.2631719274e-05,0.3183657276,3.7715749359e-07,lattice 2D sheet polarizability / epsilon_0
MoS2,329.0,3.4239498492,1.2650563613e-05,0.32152734781,3.7851516067e-07,lattice 2D sheet polarizability / epsilon_0
MoS2,329.2,3.4397856352,1.266947568e-05,0.32473596113,3.7987995811e-07,lattice 2D sheet polarizability / epsilon_0
MoS2,329.4,3.4557766222,1.2688455829e-05,0.32799250049,3.8125193614e-07,lattice 2D sheet polarizability / epsilon_0
MoS2,329.6,3.4719250689,1.2707504418e-05,0.33129792203,3.8263114539e-07,lattice 2D sheet polarizability / epsilon_0
MoS2,329.8,3.4882332777,1.2726621806e-05,0.33465320576,3.8401763697e-07,lattice 2D sheet polarizability / epsilon_0
MoS2,330.0,3.5047035953,1.2745808355e-05,0.33805935629,3.8541146244e-07,lattice 2D sheet polarizability / epsilon_0
MoS2,330.2,3.5213384142,1.2765064431e-05,0.34151740355,3.868126738e-07,lattice 2D sheet polarizability / epsilon_0
MoS2,330.4,3.5381401737,1.2784390401e-05,0.34502840359,3.8822132351e-07,lattice 2D sheet polarizability / epsilon_0
MoS2,330.6,3.5551113606,1.2803786635e-05,0.34859343935,3.8963746453e-07,lattice 2D sheet polarizability / epsilon_0
MoS2,330.8,3.5722545112,1.2823253507e-05,0.35221362149,3.9106115024e-07,lattice 2D sheet polarizability / epsilon_0
MoS2,331.0,3.5895722116,1.284279139e-05,0.35589008926,3.9249243455e-07,lattice 2D sheet polarizability / epsilon_0
MoS2,331.2,3.6070670997,1.2862400664e-05,0.35962401134,3.9393137181e-07,lattice 2D sheet polarizability / epsilon_0
MoS2,331.4,3.6247418658,1.2882081709e-05,0.36341658682,3.9537801687e-07,lattice 2D sheet polarizability / epsilon_0
MoS2,331.6,3.6425992544,1.2901834908e-05,0.36726904608,3.9683242508e-07,lattice 2D sheet polarizability / epsilon_0
MoS2,331.8,3.6606420654,1.2921660648e-05,0.37118265182,3.9829465228e-07,lattice 2D sheet polarizability / epsilon_0
MoS2,332.0,3.6788731553,1.2941559318e-05,0.37515870005,3.9976475481e-07,lattice 2D sheet polarizability / epsilon_0
MoS2,332.2,3.6972954389,1.2961531309e-05,0.37919852118,4.0124278953e-07,lattice 2D sheet polarizability / epsilon_0
MoS2,332.4,3.7159118905,1.2981577017e-05,0.38330348109,4.0272881379e-07,lattice 2D sheet polarizability / epsilon_0
MoS2,332.6,3.7347255457,1.3001696838e-05,0.38747498225,4.0422288548e-07,lattice 2D sheet polarizability / epsilon_0
MoS2,332.8,3.7537395026,1.3021891172e-05,0.39171446495,4.0572506301e-07,lattice 2D sheet polarizability / epsilon_0
MoS2,333.0,3.7729569238,1.3042160424e-05,0.39602340848,4.0723540531e-07,lattice 2D sheet polarizability / epsilon_0
MoS2,333.2,3.7923810376,1.3062504999e-05,0.40040333241,4.0875397187e-07,lattice 2D sheet polarizability / epsilon_0
MoS2,333.4,3.8120151402,1.3082925306e-05,0.40485579793,4.1028082269e-07,lattice 2D sheet polarizability / epsilon_0
MoS2,333.6,3.8318625969,1.3103421757e-05,0.40938240917,4.1181601835e-07,lattice 2D sheet polarizability / epsilon_0
MoS2,333.8,3.8519268445,1.3123994768e-05,0.41398481469,4.1335961996e-07,lattice 2D sheet polarizability / epsilon_0
MoS2,334.0,3.8722113927,1.3144644756e-05,0.41866470887,4.149116892e-07,lattice 2D sheet polarizability / epsilon_0
MoS2,334.2,3.892719826,1.3165372142e-05,0.42342383353,4.1647228831e-07,lattice 2D sheet polarizability / epsilon_0
MoS2,334.4,3.9134558061,1.3186177351e-05,0.42826397945,4.1804148011e-07,lattice 2D sheet polarizability / epsilon_0
MoS2,334.6,3.9344230737,1.320706081e-05,0.43318698807,4.19619328e-07,lattice 2D sheet polarizability / epsilon_0
MoS2,334.8,3.9556254502,1.3228022949e-05,0.4381947532,4.2120589595e-07,lattice 2D sheet polarizability / epsilon_0
MoS2,335.0,3.9770668408,1.3249064203e-05,0.4432892228,4.2280124855e-07,lattice 2D sheet polarizability / epsilon_0
MoS2,335.2,3.9987512357,1.3270185007e-05,0.44847240084,4.2440545095e-07,lattice 2D sheet polarizability / epsilon_0
MoS2,335.4,4.020682713,1.3291385803e-05,0.45374634924,4.2601856894e-07,lattice 2D sheet polarizability / epsilon_0
MoS2,335.6,4.0428654413,1.3312667032e-05,0.45911318988,4.2764066891e-07,lattice 2D sheet polarizability / epsilon_0
MoS2,335.8,4.0653036813,1.3334029143e-05,0.46457510672,4.2927181786e-07,lattice 2D sheet polarizability / epsilon_0
MoS2,336.0,4.0880017893,1.3355472584e-05,0.47013434791,4.3091208342e-07,lattice 2D sheet polarizability / epsilon_0
MoS2,336.2,4.110964219,1.337699781e-05,0.47579322813,4.3256153385e-07,lattice 2D sheet polarizability / epsilon_0
MoS2,336.4,4.1341955248,1.3398605276e-05,0.48155413092,4.3422023806e-07,lattice 2D sheet polarizability / epsilon_0
MoS2,336.6,4.1577003643,1.3420295444e-05,0.48741951116,4.358882656e-07,lattice 2D sheet polarizability / epsilon_0
MoS2,336.8,4.1814835012,1.3442068775e-05,0.49339189758,4.3756568667e-07,lattice 2D sheet polarizability / epsilon_0
MoS2,337.0,4.2055498083,1.3463925738e-05,0.4994738955,4.3925257215e-07,lattice 2D sheet polarizability / epsilon_0
MoS2,337.2,4.2299042706,1.3485866803e-05,0.50566818957,4.4094899355e-07,lattice 2D sheet polarizability / epsilon_0
MoS2,337.4,4.2545519883,1.3507892444e-05,0.51197754668,4.4265502309e-07,lattice 2D sheet polarizability / epsilon_0
MoS2,337.6,4.2794981804,1.3530003138e-05,0.51840481897,4.4437073368e-07,lattice 2D sheet polarizability / epsilon_0
MoS2,337.8,4.3047481878,1.3552199367e-05,0.52495294703,4.4609619889e-07,lattice 2D sheet polarizability / epsilon_0
MoS2,338.0,4.330307477,1.3574481615e-05,0.53162496313,4.4783149301e-07,lattice 2D sheet polarizability / epsilon_0
MoS2,338.2,4.3561816433,1.3596850372e-05,0.53842399469,4.4957669104e-07,lattice 2D sheet polarizability / epsilon_0
MoS2,338.4,4.3823764152,1.3619306129e-05,0.54535326786,4.5133186869e-07,lattice 2D sheet polarizability / epsilon_0
MoS2,338.6,4.4088976578,1.3641849383e-05,0.55241611126,4.5309710239e-07,lattice 2D sheet polarizability / epsilon_0
MoS2,338.8,4.4357513767,1.3664480633e-05,0.55961595985,4.5487246931e-07,lattice 2D sheet polarizability / epsilon_0
MoS2,339.0,4.4629437226,1.3687200383e-05,0.56695635908,4.5665804736e-07,lattice 2D sheet polarizability / epsilon_0
MoS2,339.2,4.4904809951,1.371000914e-05,0.57444096909,4.584539152e-07,lattice 2D sheet polarizability / epsilon_0
MoS2,339.4,4.5183696474,1.3732907416e-05,0.58207356918,4.6026015223e-07,lattice 2D sheet polarizability / epsilon_0
MoS2,339.6,4.5466162908,1.3755895726e-05,0.58985806247,4.6207683866e-07,lattice 2D sheet polarizability / epsilon_0
MoS2,339.8,4.5752276993,1.3778974589e-05,0.59779848079,4.6390405543e-07,lattice 2D sheet polarizability / epsilon_0
MoS2,340.0,4.6042108146,1.3802144529e-05,0.60589898972,4.6574188428e-07,lattice 2D sheet polarizability / epsilon_0
MoS2,340.2,4.6335727514,1.3825406073e-05,0.61416389395,4.6759040777e-07,lattice 2D sheet polarizability / epsilon_0
MoS2,340.4,4.6633208021,1.3848759752e-05,0.62259764285,4.6944970922e-07,lattice 2D sheet polarizability / epsilon_0
MoS2,340.6,4.6934624427,1.3872206101e-05,0.63120483628,4.7131987279e-07,lattice 2D sheet polarizability / epsilon_0
MoS2,340.8,4.7240053381,1.3895745662e-05,0.63999023073,4.7320098345e-07,lattice 2D sheet polarizability / epsilon_0
MoS2,341.0,4.7549573482,1.3919378976e-05,0.64895874569,4.7509312703e-07,lattice 2D sheet polarizability / epsilon_0
MoS2,341.2,4.7863265335,1.3943106593e-05,0.65811547036,4.7699639015e-07,lattice 2D sheet polarizability / epsilon_0
MoS2,341.4,4.818121162,1.3966929065e-05,0.66746567065,4.7891086033e-07,lattice 2D sheet polarizability / epsilon_0
MoS2,341.6,4.8503497148,1.3990846949e-05,0.67701479658,4.8083662593e-07,lattice 2D sheet polarizability / epsilon_0
MoS2,341.8,4.8830208937,1.4014860806e-05,0.68676848996,4.8277377618e-07,lattice 2D sheet polarizability / epsilon_0
MoS2,342.0,4.9161436271,1.4038971201e-05,0.69673259248,4.847224012e-07,lattice 2D sheet polarizability / epsilon_0
MoS2,342.2,4.9497270783,1.4063178704e-05,0.70691315423,4.86682592e-07,lattice 2D sheet polarizability / epsilon_0
MoS2,342.4,4.983780652,1.408748389e-05,0.71731644259,4.8865444048e-07,lattice 2D sheet polarizability / epsilon_0
MoS2,342.6,5.0183140026,1.4111887338e-05,0.72794895158,4.9063803949e-07,lattice 2D sheet polarizability / epsilon_0
MoS2,342.8,5.0533370416,1.4136389632e-05,0.7388174117,4.9263348276e-07,lattice 2D sheet polarizability / epsilon_0
MoS2,343.0,5.0888599468,1.416099136e-05,0.74992880023,4.9464086499e-07,lattice 2D sheet polarizability / epsilon_0
MoS2,343.2,5.1248931697,1.4185693114e-05,0.76129035209,4.9666028181e-07,lattice 2D sheet polarizability / epsilon_0
MoS2,343.4,5.1614474455,1.4210495493e-05,0.77290957122,4.9869182981e-07,lattice 2D sheet polarizability / epsilon_0
MoS2,343.6,5.1985338015,1.4235399098e-05,0.78479424257,5.0073560656e-07,lattice 2D sheet polarizability / epsilon_0
MoS2,343.8,5.2361635671,1.4260404538e-05,0.79695244472,5.027917106e-07,lattice 2D sheet polarizability / epsilon_0
MoS2,344.0,5.2743483836,1.4285512424e-05,0.80939256313,5.0486024148e-07,lattice 2D sheet polarizability / epsilon_0
MoS2,344.2,5.3131002144,1.4310723374e-05,0.8221233041,5.0694129973e-07,lattice 2D sheet polarizability / epsilon_0
MoS2,344.4,5.3524313557,1.4336038009e-05,0.83515370946,5.0903498693e-07,lattice 2D sheet polarizability / epsilon_0
MoS2,344.6,5.3923544477,1.4361456956e-05,0.84849317208,5.1114140566e-07,lattice 2D sheet polarizability / epsilon_0
MoS2,344.8,5.4328824856,1.4386980849e-05,0.86215145217,5.1326065956e-07,lattice 2D sheet polarizability / epsilon_0
MoS2,345.0,5.4740288321,1.4412610323e-05,0.87613869447,5.1539285333e-07,lattice 2D sheet polarizability / epsilon_0
MoS2,345.2,5.5158072292,1.4438346021e-05,0.89046544639,5.1753809272e-07,lattice 2D sheet polarizability / epsilon_0
MoS2,345.4,5.5582318112,1.4464188592e-05,0.90514267713,5.1969648458e-07,lattice 2D sheet polarizability / epsilon_0
MoS2,345.6,5.6013171179,1.4490138687e-05,0.92018179786,5.2186813685e-07,lattice 2D sheet polarizability / epsilon_0
MoS2,345.8,5.6450781085,1.4516196966e-05,0.93559468304,5.2405315857e-07,lattice 2D sheet polarizability / epsilon_0
MoS2,346.0,5.6895301755,1.4542364092e-05,0.95139369288,5.2625165991e-07,lattice 2D sheet polarizability / epsilon_0
MoS2,346.2,5.7346891596,1.4568640733e-05,0.96759169716,5.2846375218e-07,lattice 2D sheet polarizability / epsilon_0
MoS2,346.4,5.7805713653,1.4595027565e-05,0.98420210029,5.3068954783e-07,lattice 2D sheet polarizability / epsilon_0
MoS2,346.6,5.8271935762,1.4621525268e-05,1.0012388679,5.3292916048e-07,lattice 2D sheet polarizability / epsilon_0
MoS2,346.8,5.874573072,1.4648134527e-05,1.0187165549,5.3518270494e-07,lattice 2D sheet polarizability / epsilon_0
MoS2,347.0,5.9227276451,1.4674856035e-05,1.0366503353,5.3745029718e-07,lattice 2D sheet polarizability / epsilon_0
MoS2,347.2,5.9716756186,1.4701690487e-05,1.0550560333,5.3973205442e-07,lattice 2D sheet polarizability / epsilon_0
MoS2,347.4,6.0214358643,1.4728638588e-05,1.0739501572,5.4202809508e-07,lattice 2D sheet polarizability / epsilon_0
MoS2,347.6,6.072027822,1.4755701045e-05,1.0933499343,5.4433853883e-07,lattice 2D sheet polarizability / epsilon_0
MoS2,347.8,6.1234715186,1.4782878574e-05,1.113273348,5.4666350657e-07,lattice 2D sheet polarizability / epsilon_0
MoS2,348.0,6.1757875888,1.4810171895e-05,1.1337391783,5.4900312051e-07,lattice 2D sheet polarizability / epsilon_0
MoS2,348.2,6.228997296,1.4837581735e-05,1.1547670431,5.5135750411e-07,lattice 2D sheet polarizability / epsilon_0
MoS2,348.4,6.2831225541,1.4865108827e-05,1.1763774431,5.5372678216e-07,lattice 2D sheet polarizability / epsilon_0
MoS2,348.6,6.3381859496,1.489275391e-05,1.1985918092,5.5611108075e-07,lattice 2D sheet polarizability / epsilon_0
MoS2,348.8,6.3942107653,1.4920517729e-05,1.2214325529,5.5851052732e-07,lattice 2D sheet polarizability / epsilon_0
MoS2,349.0,6.4512210039,1.4948401035e-05,1.2449231196,5.6092525065e-07,lattice 2D sheet polarizability / epsilon_0
MoS2,349.2,6.5092414128,1.4976404586e-05,1.2690880456,5.633553809e-07,lattice 2D sheet polarizability / epsilon_0
MoS2,349.4,6.5682975097,1.5004529147e-05,1.2939530186,5.6580104962e-07,lattice 2D sheet polarizability / epsilon_0
MoS2,349.6,6.6284156088,1.5032775488e-05,1.3195449418,5.6826238976e-07,lattice 2D sheet polarizability / epsilon_0
MoS2,349.8,6.6896228478,1.5061144387e-05,1.3458920029,5.707395357e-07,lattice 2D sheet polarizability / epsilon_0
MoS2,350.0,6.7519472157,1.5089636628e-05,1.3730237463,5.7323262324e-07,lattice 2D sheet polarizability / epsilon_0
MoS2,350.2,6.8154175813,1.5118253001e-05,1.4009711517,5.7574178967e-07,lattice 2D sheet polarizability / epsilon_0
MoS2,350.4,6.8800637228,1.5146994304e-05,1.4297667164,5.7826717375e-07,lattice 2D sheet polarizability / epsilon_0
MoS2,350.6,6.9459163574,1.517586134e-05,1.4594445439,5.8080891573e-07,lattice 2D sheet polarizability / epsilon_0
MoS2,350.8,7.0130071721,1.5204854922e-05,1.4900404381,5.8336715738e-07,lattice 2D sheet polarizability / epsilon_0
MoS2,351.0,7.081368855,1.5233975867e-05,1.5215920045,5.8594204203e-07,lattice 2D sheet polarizability / epsilon_0
MoS2,351.2,7.1510351272,1.5263225e-05,1.5541387571,5.8853371453e-07,lattice 2D sheet polarizability / epsilon_0
MoS2,351.4,7.2220407749,1.5292603155e-05,1.5877222339,5.9114232134e-07,lattice 2D sheet polarizability / epsilon_0
MoS2,351.6,7.2944216825,1.532211117e-05,1.6223861196,5.9376801051e-07,lattice 2D sheet polarizability / epsilon_0
MoS2,351.8,7.3682148651,1.5351749893e-05,1.6581763774,5.9641093169e-07,lattice 2D sheet polarizability / epsilon_0
MoS2,352.0,7.4434585022,1.5381520178e-05,1.6951413893,5.9907123621e-07,lattice 2D sheet polarizability / epsilon_0
MoS2,352.2,7.5201919704,1.5411422886e-05,1.7333321075,6.0174907703e-07,lattice 2D sheet polarizability / epsilon_0
MoS2,352.4,7.5984558767,1.5441458887e-05,1.7728022154,6.0444460882e-07,lattice 2D sheet polarizability / epsilon_0
MoS2,352.6,7.6782920907,1.5471629058e-05,1.813608301,6.0715798792e-07,lattice 2D sheet polarizability / epsilon_0
MoS2,352.8,7.7597437768,1.5501934284e-05,1.8558100426,6.0988937245e-07,lattice 2D sheet polarizability / epsilon_0
MoS2,353.0,7.8428554248,1.5532375456e-05,1.8994704083,6.1263892224e-07,lattice 2D sheet polarizability / epsilon_0
MoS2,353.2,7.9276728793,1.5562953476e-05,1.9446558695,6.1540679891e-07,lattice 2D sheet polarizability / epsilon_0
MoS2,353.4,8.0142433678,1.5593669251e-05,1.9914366311,6.181931659e-07,lattice 2D sheet polarizability / epsilon_0
MoS2,353.6,8.1026155258,1.5624523698e-05,2.0398868786,6.2099818845e-07,lattice 2D sheet polarizability / epsilon_0
MoS2,353.8,8.1928394192,1.5655517741e-05,2.0900850433,6.2382203365e-07,lattice 2D sheet polarizability / epsilon_0
MoS2,354.0,8.2849665639,1.5686652314e-05,2.1421140885,6.2666487047e-07,lattice 2D sheet polarizability / epsilon_0
MoS2,354.2,8.3790499398,1.5717928356e-05,2.1960618171,6.2952686978e-07,lattice 2D sheet polarizability / epsilon_0
MoS2,354.4,8.4751440008,1.5749346818e-05,2.2520212023,6.3240820437e-07,lattice 2D sheet polarizability / epsilon_0
MoS2,354.6,8.5733046776,1.5780908657e-05,2.310090745,6.3530904899e-07,lattice 2D sheet polarizability / epsilon_0
MoS2,354.8,8.6735893737,1.581261484e-05,2.3703748582,6.3822958035e-07,lattice 2D sheet polarizability / epsilon_0
MoS2,355.0,8.7760569521,1.5844466343e-05,2.4329842819,6.4116997717e-07,lattice 2D sheet polarizability / epsilon_0
MoS2,355.2,8.8807677114,1.5876464149e-05,2.4980365308,6.4413042021e-07,lattice 2D sheet polarizability / epsilon_0
MoS2,355.4,8.9877833498,1.5908609251e-05,2.5656563768,6.4711109229e-07,lattice 2D sheet polarizability / epsilon_0
MoS2,355.6,9.0971669144,1.5940902652e-05,2.6359763715,6.5011217829e-07,lattice 2D sheet polarizability / epsilon_0
MoS2,355.8,9.2089827328,1.5973345362e-05,2.7091374086,6.5313386523e-07,lattice 2D sheet polarizability / epsilon_0
MoS2,356.0,9.3232963257,1.6005938402e-05,2.7852893335,6.5617634228e-07,lattice 2D sheet polarizability / epsilon_0
MoS2,356.2,9.4401742955,1.6038682801e-05,2.864591601,6.5923980077e-07,lattice 2D sheet polarizability / epsilon_0
MoS2,356.4,9.5596841871,1.6071579598e-05,2.9472139871,6.6232443422e-07,lattice 2D sheet polarizability / epsilon_0
MoS2,356.6,9.6818943179,1.6104629842e-05,3.0333373584,6.6543043843e-07,lattice 2D sheet polarizability / epsilon_0
MoS2,356.8,9.80687357,1.6137834591e-05,3.1231545048,6.6855801141e-07,lattice 2D sheet polarizability / epsilon_0
MoS2,357.0,9.9346911399,1.6171194913e-05,3.21687104,6.7170735352e-07,lattice 2D sheet polarizability / epsilon_0
MoS2,357.2,10.065416238,1.6204711886e-05,3.3147063762,6.748786674e-07,lattice 2D sheet polarizability / epsilon_0
MoS2,357.4,10.199117728,1.6238386597e-05,3.4168947786,6.7807215809e-07,lattice 2D sheet polarizability / epsilon_0
MoS2,357.6,10.335863706,1.6272220144e-05,3.5236865063,6.8128803301e-07,lattice 2D sheet polarizability / epsilon_0
MoS2,357.8,10.475720992,1.6306213636e-05,3.6353490466,6.8452650201e-07,lattice 2D sheet polarizability / epsilon_0
MoS2,358.0,10.618754534,1.6340368191e-05,3.7521684499,6.877877774e-07,lattice 2D sheet polarizability / epsilon_0
MoS2,358.2,10.765026715,1.6374684937e-05,3.8744507728,6.9107207399e-07,lattice 2D sheet polarizability / epsilon_0
MoS2,358.4,10.914596526,1.6409165014e-05,4.0025236368,6.9437960913e-07,lattice 2D sheet polarizability / epsilon_0
MoS2,358.6,11.067518606,1.6443809572e-05,4.1367379123,6.9771060271e-07,lattice 2D sheet polarizability / epsilon_0
MoS2,358.8,11.22384212,1.6478619772e-05,4.2774695344,7.0106527726e-07,lattice 2D sheet polarizability / epsilon_0
MoS2,359.0,11.38360944,1.6513596785e-05,4.4251214589,7.0444385794e-07,lattice 2D sheet polarizability / epsilon_0
MoS2,359.2,11.546854614,1.6548741795e-05,4.5801257678,7.0784657259e-07,lattice 2D sheet polarizability / epsilon_0
MoS2,359.4,11.713601585,1.6584055996e-05,4.7429459293,7.1127365175e-07,lattice 2D sheet polarizability / epsilon_0
MoS2,359.6,11.883862105,1.6619540593e-05,4.9140792206,7.1472532875e-07,lattice 2D sheet polarizability / epsilon_0
MoS2,359.8,12.057633325,1.6655196802e-05,5.0940593162,7.182018397e-07,lattice 2D sheet polarizability / epsilon_0
MoS2,360.0,12.234894978,1.6691025853e-05,5.2834590452,7.2170342354e-07,lattice 2D sheet polarizability / epsilon_0
MoS2,360.2,12.415606125,1.6727028986e-05,5.4828933169,7.252303221e-07,lattice 2D sheet polarizability / epsilon_0
MoS2,360.4,12.599701363,1.6763207452e-05,5.6930222079,7.2878278012e-07,lattice 2D sheet polarizability / epsilon_0
MoS2,360.6,12.78708644,1.6799562516e-05,5.914554201,7.3236104531e-07,lattice 2D sheet polarizability / epsilon_0
MoS2,360.8,12.977633169,1.6836095455e-05,6.1482495566,7.3596536838e-07,lattice 2D sheet polarizability / epsilon_0
MoS2,361.0,13.171173539,1.6872807556e-05,6.3949237868,7.3959600311e-07,lattice 2D sheet polarizability / epsilon_0
MoS2,361.2,13.367492906,1.6909700121e-05,6.6554511908,7.4325320633e-07,lattice 2D sheet polarizability / epsilon_0
MoS2,361.4,13.566322129,1.6946774463e-05,6.9307683905,7.4693723806e-07,lattice 2D sheet polarizability / epsilon_0
MoS2,361.6,13.767328485,1.698403191e-05,7.2218777867,7.5064836146e-07,lattice 2D sheet polarizability / epsilon_0
MoS2,361.8,13.97010521,1.70214738e-05,7.5298508254,7.5438684294e-07,lattice 2D sheet polarizability / epsilon_0
MoS2,362.0,14.174159459,1.7059101486e-05,7.8558309297,7.5815295221e-07,lattice 2D sheet polarizability / epsilon_0
MoS2,362.2,14.378898482,1.7096916333e-05,8.2010359096,7.6194696228e-07,lattice 2D sheet polarizability / epsilon_0
MoS2,362.4,14.583613794,1.7134919721e-05,8.5667596061,7.6576914955e-07,lattice 2D sheet polarizability / epsilon_0
MoS2,362.6,14.787463086,1.7173113042e-05,8.9543724564,7.6961979384e-07,lattice 2D sheet polarizability / epsilon_0
MoS2,362.8,14.989449646,1.7211497703e-05,9.365320587,7.7349917845e-07,lattice 2D sheet polarizability / epsilon_0
MoS2,363.0,15.188399027,1.7250075124e-05,9.8011229355,7.7740759023e-07,lattice 2D sheet polarizability / epsilon_0
MoS2,363.2,15.382932739,1.7288846739e-05,10.26336578,7.8134531959e-07,lattice 2D sheet polarizability / epsilon_0
MoS2,363.4,15.571438784,1.7327813997e-05,10.753693911,7.8531266059e-07,lattice 2D sheet polarizability / epsilon_0
MoS2,363.6,15.752038889,1.7366978361e-05,11.273797501,7.8930991098e-07,lattice 2D sheet polarizability / epsilon_0
MoS2,363.8,15.92255245,1.7406341309e-05,11.825393545,7.9333737225e-07,lattice 2D sheet polarizability / epsilon_0
MoS2,364.0,16.080457333,1.7445904333e-05,12.410200493,7.9739534971e-07,lattice 2D sheet polarizability / epsilon_0
MoS2,364.2,16.222847943,1.748566894e-05,13.029904498,8.0148415252e-07,lattice 2D sheet polarizability / epsilon_0
MoS2,364.4,16.346391325,1.7525636653e-05,13.686115407,8.0560409377e-07,lattice 2D sheet polarizability / epsilon_0
MoS2,364.6,16.447282509,1.7565809011e-05,14.380310429,8.0975549052e-07,lattice 2D sheet polarizability / epsilon_0
MoS2,364.8,16.52120098,1.7606187565e-05,15.113763209,8.1393866388e-07,lattice 2D sheet polarizability / epsilon_0
MoS2,365.0,16.563270927,1.7646773886e-05,15.887455923,8.1815393908e-07,lattice 2D sheet polarizability / epsilon_0
MoS2,365.2,16.568028965,1.7687569558e-05,16.701972131,8.2240164548e-07,lattice 2D sheet polarizability / epsilon_0
MoS2,365.4,16.529404251,1.7728576184e-05,17.557368402,8.266821167e-07,lattice 2D sheet polarizability / epsilon_0
MoS2,365.6,16.440717306,1.7769795379e-05,18.453023483,8.3099569064e-07,lattice 2D sheet polarizability / epsilon_0
MoS2,365.8,16.294705437,1.7811228779e-05,19.387465012,8.3534270958e-07,lattice 2D sheet polarizability / epsilon_0
MoS2,366.0,16.083584131,1.7852878035e-05,20.358175752,8.3972352021e-07,lattice 2D sheet polarizability / epsilon_0
MoS2,366.2,15.799155108,1.7894744814e-05,21.36138412,8.4413847375e-07,lattice 2D sheet polarizability / epsilon_0
MoS2,366.4,15.432972377,1.7936830802e-05,22.391847626,8.4858792595e-07,lattice 2D sheet polarizability / epsilon_0
MoS2,366.6,14.976577235,1.79791377e-05,23.442642607,8.5307223723e-07,lattice 2D sheet polarizability / epsilon_0
MoS2,366.8,14.421811047,1.802166723e-05,24.50497925,8.5759177272e-07,lattice 2D sheet polarizability / epsilon_0
MoS2,367.0,13.761210183,1.8064421129e-05,25.568066808,8.6214690233e-07,lattice 2D sheet polarizability / epsilon_0
MoS2,367.2,12.988480079,1.8107401153e-05,26.619059214,8.6673800084e-07,lattice 2D sheet polarizability / epsilon_0
MoS2,367.4,12.099034771,1.8150609076e-05,27.64311469,8.7136544796e-07,lattice 2D sheet polarizability / epsilon_0
MoS2,367.6,11.090574688,1.8194046693e-05,28.623602618,8.7602962844e-07,lattice 2D sheet polarizability / epsilon_0
MoS2,367.8,9.9636602638,1.8237715814e-05,29.542485147,8.807309321e-07,lattice 2D sheet polarizability / epsilon_0
MoS2,368.0,8.7222243012,1.828161827e-05,30.380888093,8.8546975397e-07,lattice 2D sheet polarizability / epsilon_0
MoS2,368.2,7.3739554963,1.8325755912e-05,31.119855356,8.9024649432e-07,lattice 2D sheet polarizability / epsilon_0
MoS2,368.4,5.930483028,1.837013061e-05,31.741254437,8.9506155878e-07,lattice 2D sheet polarizability / epsilon_0
MoS2,368.6,4.4073012328,1.8414744253e-05,32.228771442,8.999153584e-07,lattice 2D sheet polarizability / epsilon_0
MoS2,368.8,2.8233959118,1.8459598752e-05,32.568907731,9.0480830976e-07,lattice 2D sheet polarizability / epsilon_0
MoS2,369.0,1.200568438,1.8504696035e-05,32.751873889,9.0974083505e-07,lattice 2D sheet polarizability / epsilon_0
MoS2,369.2,-0.43750443108,1.8550038054e-05,32.772275975,9.1471336216e-07,lattice 2D sheet polarizability / epsilon_0
MoS2,369.4,-2.0663963391,1.8595626781e-05,32.629506948,9.1972632475e-07,lattice 2D sheet polarizability / epsilon_0
MoS2,369.6,-3.662133358,1.8641464208e-05,32.327791304,9.2478016241e-07,lattice 2D sheet polarizability / epsilon_0
MoS2,369.8,-5.2023498601,1.868755235e-05,31.875876896,9.2987532067e-07,lattice 2D sheet polarizability / epsilon_0
MoS2,370.0,-6.6672837635,1.8733893242e-05,31.286415124,9.3501225117e-07,lattice 2D sheet polarizability / epsilon_0
MoS2,370.2,-8.0405235214,1.8780488944e-05,30.575109287,9.4019141172e-07,lattice 2D sheet polarizability / epsilon_0
MoS2,370.4,-9.3094583369,1.8827341534e-05,29.759733432,9.454132664e-07,lattice 2D sheet polarizability / epsilon_0
MoS2,370.6,-10.465425425,1.8874453118e-05,28.859127862,9.506782857e-07,lattice 2D sheet polarizability / epsilon_0
MoS2,370.8,-11.503585145,1.892182582e-05,27.892264423,9.5598694658e-07,lattice 2D sheet polarizability / epsilon_0
MoS2,371.0,-12.422580642,1.896946179e-05,26.877450269,9.6133973261e-07,lattice 2D sheet polarizability / epsilon_0
MoS2,371.2,-13.224050998,1.9017363202e-05,25.831709723,9.6673713407e-07,lattice 2D sheet polarizability / epsilon_0
MoS2,371.4,-13.912067042,1.9065532251e-05,24.770356193,9.7217964806e-07,lattice 2D sheet polarizability / epsilon_0
MoS2,371.6,-14.492550025,1.911397116e-05,23.706743934,9.776677786e-07,lattice 2D sheet polarizability / epsilon_0
MoS2,371.8,-14.972719425,1.9162682173e-05,22.652174741,9.8320203677e-07,lattice 2D sheet polarizability / epsilon_0
MoS2,372.0,-15.360600807,1.9211667562e-05,21.615927122,9.8878294084e-07,lattice 2D sheet polarizability / epsilon_0
MoS2,372.2,-15.664610516,1.9260929623e-05,20.60537405,9.9441101635e-07,lattice 2D sheet polarizability / epsilon_0
MoS2,372.4,-15.893222606,1.9310470677e-05,19.626157983,1.0000867962e-06,lattice 2D sheet polarizability / epsilon_0
MoS2,372.6,-16.05471514,1.9360293071e-05,18.682396833,1.005810821e-06,lattice 2D sheet polarizability / epsilon_0
MoS2,372.8,-16.156987936,1.9410399181e-05,17.776900426,1.0115836389e-06,lattice 2D sheet polarizability / epsilon_0
MoS2,373.0,-16.207441121,1.9460791405e-05,16.911382705,1.0174058057e-06,lattice 2D sheet polarizability / epsilon_0
MoS2,373.2,-16.212903146,1.9511472172e-05,16.086659996,1.0232778854e-06,lattice 2D sheet polarizability / epsilon_0
MoS2,373.4,-16.179597333,1.9562443938e-05,15.302829675,1.02920045e-06,lattice 2D sheet polarizability / epsilon_0
MoS2,373.6,-16.113137222,1.9613709184e-05,14.559426659,1.0351740797e-06,lattice 2D sheet polarizability / epsilon_0
MoS2,373.8,-16.018542444,1.9665270423e-05,13.855557303,1.0411993629e-06,lattice 2D sheet polarizability / epsilon_0
MoS2,374.0,-15.900268419,1.9717130194e-05,13.190011674,1.0472768966e-06,lattice 2D sheet polarizability / epsilon_0
MoS2,374.2,-15.762244636,1.9769291067e-05,12.561356043,1.0534072866e-06,lattice 2D sheet polarizability / epsilon_0
MoS2,374.4,-15.607917527,1.9821755639e-05,11.968007823,1.0595911472e-06,lattice 2D sheet polarizability / epsilon_0
MoS2,374.6,-15.440295042,1.9874526539e-05,11.408295319,1.0658291019e-06,lattice 2D sheet polarizability / epsilon_0
MoS2,374.8,-15.261990876,1.9927606426e-05,10.880504608,1.072121783e-06,lattice 2D sheet polarizability / epsilon_0
MoS2,375.0,-15.075266974,1.998099799e-05,10.382915661,1.0784698324e-06,lattice 2D sheet polarizability / epsilon_0
MoS2,375.2,-14.882073462,2.003470395e-05,9.9138296441,1.0848739012e-06,lattice 2D sheet polarizability / epsilon_0
MoS2,375.4,-14.684085515,2.0088727059e-05,9.4715890352,1.0913346502e-06,lattice 2D sheet polarizability / epsilon_0
MoS2,375.6,-14.482736936,2.0143070103e-05,9.0545919966,1.0978527499e-06,lattice 2D sheet polarizability / epsilon_0
MoS2,375.8,-14.279250449,2.0197735897e-05,8.6613021782,1.1044288807e-06,lattice 2D sheet polarizability / epsilon_0
MoS2,376.0,-14.07466477,2.0252727291e-05,8.2902549471,1.1110637331e-06,lattice 2D sheet polarizability / epsilon_0
MoS2,376.2,-13.869858665,2.0308047171e-05,7.9400608483,1.1177580081e-06,lattice 2D sheet polarizability / epsilon_0
MoS2,376.4,-13.665572187,2.0363698452e-05,7.6094069528,1.1245124169e-06,lattice 2D sheet polarizability / epsilon_0
MoS2,376.6,-13.462425369,2.0419684089e-05,7.2970566176,1.1313276816e-06,lattice 2D sheet polarizability / epsilon_0
MoS2,376.8,-13.260934588,2.0476007066e-05,7.0018480795,1.1382045349e-06,lattice 2D sheet polarizability / epsilon_0
MoS2,377.0,-13.061526872,2.0532670409e-05,6.7226922099,1.1451437207e-06,lattice 2D sheet polarizability / epsilon_0
MoS2,377.2,-12.864552361,2.0589677175e-05,6.4585696943,1.1521459941e-06,lattice 2D sheet polarizability / epsilon_0
MoS2,377.4,-12.670295144,2.0647030461e-05,6.2085278336,1.1592121218e-06,lattice 2D sheet polarizability / epsilon_0
MoS2,377.6,-12.478982667,2.0704733398e-05,5.9716771244,1.166342882e-06,lattice 2D sheet polarizability / epsilon_0
MoS2,377.8,-12.290793888,2.0762789159e-05,5.747187734,1.1735390648e-06,lattice 2D sheet polarizability / epsilon_0
MoS2,378.0,-12.105866336,2.0821200951e-05,5.5342859591,1.1808014725e-06,lattice 2D sheet polarizability / epsilon_0
MoS2,378.2,-11.924302215,2.0879972022e-05,5.3322507315,1.1881309195e-06,lattice 2D sheet polarizability / epsilon_0
MoS2,378.4,-11.746173684,2.093910566e-05,5.1404102182,1.195528233e-06,lattice 2D sheet polarizability / epsilon_0
MoS2,378.6,-11.571527402,2.0998605193e-05,4.9581385472,1.2029942528e-06,lattice 2D sheet polarizability / epsilon_0
MoS2,378.8,-11.400388464,2.1058473987e-05,4.7848526812,1.2105298319e-06,lattice 2D sheet polarizability / epsilon_0
MoS2,379.0,-11.232763782,2.1118715453e-05,4.6200094511,1.2181358362e-06,lattice 2D sheet polarizability / epsilon_0
MoS2,379.2,-11.068645002,2.1179333042e-05,4.4631027566,1.2258131456e-06,lattice 2D sheet polarizability / epsilon_0
MoS2,379.4,-10.908011013,2.1240330248e-05,4.3136609358,1.2335626533e-06,lattice 2D sheet polarizability / epsilon_0
MoS2,379.6,-10.750830108,2.1301710607e-05,4.1712443017,1.2413852668e-06,lattice 2D sheet polarizability / epsilon_0
MoS2,379.8,-10.597061836,2.1363477702e-05,4.0354428415,1.2492819077e-06,lattice 2D sheet polarizability / epsilon_0
MoS2,380.0,-10.446658596,2.1425635158e-05,3.9058740743,1.2572535124e-06,lattice 2D sheet polarizability / epsilon_0
MoS2,380.2,-10.299567,2.1488186645e-05,3.7821810576,1.2653010319e-06,lattice 2D sheet polarizability / epsilon_0
MoS2,380.4,-10.155729046,2.1551135881e-05,3.6640305376,1.2734254323e-06,lattice 2D sheet polarizability / epsilon_0
MoS2,380.6,-10.015083116,2.1614486629e-05,3.5511112334,1.2816276953e-06,lattice 2D sheet polarizability / epsilon_0
MoS2,380.8,-9.8775648289,2.1678242701e-05,3.4431322476,1.2899088181e-06,lattice 2D sheet polarizability / epsilon_0
MoS2,381.0,-9.7431077723,2.1742407956e-05,3.3398215951,1.298269814e-06,lattice 2D sheet polarizability / epsilon_0
MoS2,381.2,-9.6116441191,2.1806986302e-05,3.240924842,1.3067117125e-06,lattice 2D sheet polarizability / epsilon_0
MoS2,381.4,-9.4831051535,2.1871981698e-05,3.1462038469,1.3152355598e-06,lattice 2D sheet polarizability / epsilon_0
MoS2,381.6,-9.3574217154,2.1937398151e-05,3.0554355975,1.3238424191e-06,lattice 2D sheet polarizability / epsilon_0
MoS2,381.8,-9.2345245747,2.2003239722e-05,2.968411135,1.3325333708e-06,lattice 2D sheet polarizability / epsilon_0
MoS2,382.0,-9.1143447457,2.2069510523e-05,2.8849345605,1.3413095128e-06,lattice 2D sheet polarizability / epsilon_0
MoS2,382.2,-8.9968137492,2.2136214719e-05,2.8048221158,1.3501719612e-06,lattice 2D sheet polarizability / epsilon_0
MoS2,382.4,-8.8818638304,2.2203356528e-05,2.7279013351,1.3591218501e-06,lattice 2D sheet polarizability / epsilon_0
MoS2,382.6,-8.7694281379,2.2270940225e-05,2.6540102598,1.3681603326e-06,lattice 2D sheet polarizability / epsilon_0
MoS2,382.8,-8.6594408702,2.2338970138e-05,2.582996713,1.3772885805e-06,lattice 2D sheet polarizability / epsilon_0
MoS2,383.0,-8.5518373929,2.2407450653e-05,2.5147176286,1.3865077853e-06,lattice 2D sheet polarizability / epsilon_0
MoS2,383.2,-8.4465543328,2.2476386213e-05,2.4490384303,1.3958191581e-06,lattice 2D sheet polarizability / epsilon_0
MoS2,383.4,-8.3435296502,2.254578132e-05,2.3858324574,1.4052239303e-06,lattice 2D sheet polarizability / epsilon_0
MoS2,383.6,-8.2427026936,2.2615640533e-05,2.3249804331,1.4147233539e-06,lattice 2D sheet polarizability / epsilon_0
MoS2,383.8,-8.1440142396,2.2685968475e-05,2.266369972,1.4243187019e-06,lattice 2D sheet polarizability / epsilon_0
MoS2,384.0,-8.0474065193,2.2756769828e-05,2.2098951241,1.4340112687e-06,lattice 2D sheet polarizability / epsilon_0
MoS2,384.2,-7.9528232341,2.2828049335e-05,2.1554559522,1.4438023706e-06,lattice 2D sheet polarizability / epsilon_0
MoS2,384.4,-7.8602095621,2.2899811806e-05,2.1029581397,1.4536933463e-06,lattice 2D sheet polarizability / epsilon_0
MoS2,384.6,-7.7695121567,2.2972062111e-05,2.0523126269,1.4636855571e-06,lattice 2D sheet polarizability / epsilon_0
MoS2,384.8,-7.6806791382,2.304480519e-05,2.0034352742,1.4737803876e-06,lattice 2D sheet polarizability / epsilon_0
MoS2,385.0,-7.593660081,2.3118046046e-05,1.956246548,1.4839792462e-06,lattice 2D sheet polarizability / epsilon_0
MoS2,385.2,-7.508405995,2.319178975e-05,1.9106712302,1.4942835655e-06,lattice 2D sheet polarizability / epsilon_0
MoS2,385.4,-7.4248693042,2.3266041445e-05,1.8666381476,1.5046948026e-06,lattice 2D sheet polarizability / epsilon_0
MoS2,385.6,-7.3430038216,2.334080634e-05,1.8240799204,1.5152144401e-06,lattice 2D sheet polarizability / epsilon_0
MoS2,385.8,-7.2627647224,2.3416089717e-05,1.782932728,1.5258439863e-06,lattice 2D sheet polarizability / epsilon_0
MoS2,386.0,-7.1841085149,2.3491896931e-05,1.7431360912,1.5365849754e-06,lattice 2D sheet polarizability / epsilon_0
MoS2,386.2,-7.1069930096,2.3568233409e-05,1.7046326698,1.5474389689e-06,lattice 2D sheet polarizability / epsilon_0
MoS2,386.4,-7.0313772878,2.3645104654e-05,1.667368073,1.5584075555e-06,lattice 2D sheet polarizability / epsilon_0
MoS2,386.6,-6.9572216693,2.3722516246e-05,1.6312906835,1.5694923519e-06,lattice 2D sheet polarizability / epsilon_0
MoS2,386.8,-6.8844876794,2.380047384e-05,1.5963514931,1.5806950032e-06,lattice 2D sheet polarizability / epsilon_0
MoS2,387.0,-6.8131380158,2.3878983171e-05,1.5625039493,1.5920171839e-06,lattice 2D sheet polarizability / epsilon_0
MoS2,387.2,-6.7431365154,2.3958050055e-05,1.5297038122,1.6034605981e-06,lattice 2D sheet polarizability / epsilon_0
MoS2,387.4,-6.6744481214,2.4037680389e-05,1.4979090206,1.6150269805e-06,lattice 2D sheet polarizability / epsilon_0
MoS2,387.6,-6.6070388501,2.4117880153e-05,1.4670795669,1.6267180968e-06,lattice 2D sheet polarizability / epsilon_0
MoS2,387.8,-6.5408757591,2.4198655411e-05,1.4371773805,1.6385357444e-06,lattice 2D sheet polarizability / epsilon_0
MoS2,388.0,-6.4759269148,2.4280012314e-05,1.408166218,1.6504817532e-06,lattice 2D sheet polarizability / epsilon_0
MoS2,388.2,-6.412161361,2.4361957099e-05,1.3800115612,1.6625579862e-06,lattice 2D sheet polarizability / epsilon_0
MoS2,388.4,-6.3495490886,2.4444496094e-05,1.3526805209,1.6747663403e-06,lattice 2D sheet polarizability / epsilon_0
MoS2,388.6,-6.2880610046,2.4527635715e-05,1.3261417472,1.6871087469e-06,lattice 2D sheet polarizability / epsilon_0
MoS2,388.8,-6.2276689036,2.4611382473e-05,1.3003653454,1.6995871729e-06,lattice 2D sheet polarizability / epsilon_0
MoS2,389.0,-6.1683454382,2.4695742971e-05,1.2753227966,1.7122036213e-06,lattice 2D sheet polarizability / epsilon_0
MoS2,389.2,-6.1100640915,2.4780723908e-05,1.250986884,1.7249601319e-06,lattice 2D sheet polarizability / epsilon_0
MoS2,389.4,-6.05279915,2.4866332081e-05,1.2273316233,1.7378587825e-06,lattice 2D sheet polarizability / epsilon_0
MoS2,389.6,-5.9965256764,2.4952574386e-05,1.2043321968,1.7509016892e-06,lattice 2D sheet polarizability / epsilon_0
MoS2,389.8,-5.941219485,2.5039457818e-05,1.1819648928,1.7640910078e-06,lattice 2D sheet polarizability / epsilon_0
MoS2,390.0,-5.8868571156,2.5126989476e-05,1.1602070472,1.7774289344e-06,lattice 2D sheet polarizability / epsilon_0
MoS2,390.2,-5.8334158105,2.5215176565e-05,1.1390369896,1.7909177061e-06,lattice 2D sheet polarizability / epsilon_0
MoS2,390.4,-5.7808734902,2.5304026394e-05,1.1184339918,1.8045596026e-06,lattice 2D sheet polarizability / epsilon_0
MoS2,390.6,-5.7292087313,2.5393546383e-05,1.0983782202,1.8183569463e-06,lattice 2D sheet polarizability / epsilon_0
MoS2,390.8,-5.6784007444,2.5483744059e-05,1.0788506902,1.832312104e-06,lattice 2D sheet polarizability / epsilon_0
MoS2,391.0,-5.6284293529,2.5574627065e-05,1.0598332235,1.8464274876e-06,lattice 2D sheet polarizability / epsilon_0
MoS2,391.2,-5.5792749725,2.5666203156e-05,1.0413084078,1.8607055551e-06,lattice 2D sheet polarizability / epsilon_0
MoS2,391.4,-5.5309185919,2.5758480206e-05,1.0232595592,1.8751488116e-06,lattice 2D sheet polarizability / epsilon_0
MoS2,391.6,-5.4833417527,2.5851466206e-05,1.0056706861,1.8897598108e-06,lattice 2D sheet polarizability / epsilon_0
MoS2,391.8,-5.436526532,2.5945169269e-05,0.98852645541,1.9045411555e-06,lattice 2D sheet polarizability / epsilon_0
MoS2,392.0,-5.3904555239,2.6039597632e-05,0.97181216079,1.9194954992e-06,lattice 2D sheet polarizability / epsilon_0
MoS2,392.2,-5.3451118227,2.6134759657e-05,0.95551369243,1.9346255474e-06,lattice 2D sheet polarizability / epsilon_0
MoS2,392.4,-5.300479006,2.6230663835e-05,0.93961750857,1.9499340582e-06,lattice 2D sheet polarizability / epsilon_0
MoS2,392.6,-5.256541119,2.6327318785e-05,0.92411060859,1.9654238442e-06,lattice 2D sheet polarizability / epsilon_0
MoS2,392.8,-5.2132826588,2.6424733263e-05,0.90898050754,1.9810977733e-06,lattice 2D sheet polarizability / epsilon_0
MoS2,393.0,-5.1706885595,2.6522916159e-05,0.89421521205,1.9969587704e-06,lattice 2D sheet polarizability / epsilon_0
MoS2,393.2,-5.1287441782,2.66218765e-05,0.87980319751,2.0130098183e-06,lattice 2D sheet polarizability / epsilon_0
MoS2,393.4,-5.0874352808,2.6721623456e-05,0.86573338649,2.0292539598e-06,lattice 2D sheet polarizability / epsilon_0
MoS2,393.6,-5.0467480286,2.6822166339e-05,0.85199512829,2.0456942983e-06,lattice 2D sheet polarizability / epsilon_0
MoS2,393.8,-5.0066689656,2.692351461e-05,0.83857817953,2.0623339998e-06,lattice 2D sheet polarizability / epsilon_0
MoS2,394.0,-4.9671850061,2.7025677877e-05,0.82547268582,2.0791762944e-06,lattice 2D sheet polarizability / epsilon_0
MoS2,394.2,-4.9282834225,2.7128665902e-05,0.81266916429,2.0962244774e-06,lattice 2D sheet polarizability / epsilon_0
MoS2,394.4,-4.8899518339,2.7232488601e-05,0.80015848708,2.1134819115e-06,lattice 2D sheet polarizability / epsilon_0
MoS2,394.6,-4.852178195,2.7337156049e-05,0.78793186567,2.1309520282e-06,lattice 2D sheet polarizability / epsilon_0
MoS2,394.8,-4.8149507852,2.7442678483e-05,0.77598083597,2.1486383293e-06,lattice 2D sheet polarizability / epsilon_0
MoS2,395.0,-4.7782581982,2.7549066305e-05,0.7642972442,2.1665443889e-06,lattice 2D sheet polarizability / epsilon_0
MoS2,395.2,-4.7420893323,2.7656330084e-05,0.7528732334,2.1846738549e-06,lattice 2D sheet polarizability / epsilon_0
MoS2,395.4,-4.7064333805,2.7764480561e-05,0.74170123075,2.2030304513e-06,lattice 2D sheet polarizability / epsilon_0
MoS2,395.6,-4.6712798213,2.7873528653e-05,0.73077393536,2.2216179796e-06,lattice 2D sheet polarizability / epsilon_0
MoS2,395.8,-4.6366184096,2.7983485453e-05,0.72008430678,2.2404403212e-06,lattice 2D sheet polarizability / epsilon_0
MoS2,396.0,-4.6024391683,2.809436224e-05,0.70962555399,2.259501439e-06,lattice 2D sheet polarizability / epsilon_0
MoS2,396.2,-4.5687323795,2.8206170476e-05,0.69939112495,2.2788053797e-06,lattice 2D sheet polarizability / epsilon_0
MoS2,396.4,-4.535488577,2.8318921812e-05,0.6893746967,2.2983562759e-06,lattice 2D sheet polarizability / epsilon_0
MoS2,396.6,-4.5026985383,2.8432628095e-05,0.67957016584,2.3181583481e-06,lattice 2D sheet polarizability / epsilon_0
MoS2,396.8,-4.4703532769,2.8547301369e-05,0.66997163955,2.3382159074e-06,lattice 2D sheet polarizability / epsilon_0
MoS2,397.0,-4.4384440353,2.8662953878e-05,0.66057342696,2.3585333575e-06,lattice 2D sheet polarizability / epsilon_0
MoS2,397.2,-4.4069622779,2.8779598075e-05,0.651370031,2.3791151968e-06,lattice 2D sheet polarizability / epsilon_0
MoS2,397.4,-4.3758996842,2.8897246619e-05,0.64235614057,2.3999660216e-06,lattice 2D sheet polarizability / epsilon_0
MoS2,397.6,-4.3452481427,2.9015912388e-05,0.63352662309,2.4210905281e-06,lattice 2D sheet polarizability / epsilon_0
MoS2,397.8,-4.314999744,2.9135608475e-05,0.62487651741,2.442493515e-06,lattice 2D sheet polarizability / epsilon_0
MoS2,398.0,-4.285146775,2.9256348201e-05,0.61640102705,2.4641798867e-06,lattice 2D sheet polarizability / epsilon_0
MoS2,398.2,-4.2556817134,2.9378145112e-05,0.60809551366,2.4861546554e-06,lattice 2D sheet polarizability / epsilon_0
MoS2,398.4,-4.2265972213,2.9501012989e-05,0.59995549094,2.5084229446e-06,lattice 2D sheet polarizability / epsilon_0
MoS2,398.6,-4.1978861403,2.962496585e-05,0.59197661866,2.5309899915e-06,lattice 2D sheet polarizability / epsilon_0
MoS2,398.8,-4.1695414861,2.975001796e-05,0.58415469707,2.5538611504e-06,lattice 2D sheet polarizability / epsilon_0
MoS2,399.0,-4.1415564434,2.9876183829e-05,0.57648566151,2.5770418957e-06,lattice 2D sheet polarizability / epsilon_0
MoS2,399.2,-4.1139243606,3.0003478223e-05,0.56896557724,2.6005378255e-06,lattice 2D sheet polarizability / epsilon_0
MoS2,399.4,-4.0866387457,3.0131916166e-05,0.56159063452,2.6243546641e-06,lattice 2D sheet polarizability / epsilon_0
MoS2,399.6,-4.0596932612,3.0261512951e-05,0.55435714396,2.6484982664e-06,lattice 2D sheet polarizability / epsilon_0
MoS2,399.8,-4.0330817196,3.0392284137e-05,0.54726153192,2.6729746209e-06,lattice 2D sheet polarizability / epsilon_0
MoS2,400.0,-4.0067980795,3.0524245566e-05,0.54030033629,2.6977898534e-06,lattice 2D sheet polarizability / epsilon_0
MoS2,400.2,-3.9808364413,3.0657413358e-05,0.53347020232,2.7229502311e-06,lattice 2D sheet polarizability / epsilon_0
MoS2,400.4,-3.9551910427,3.0791803926e-05,0.52676787868,2.7484621662e-06,lattice 2D sheet polarizability / epsilon_0
MoS2,400.6,-3.9298562556,3.0927433977e-05,0.52019021369,2.77433222e-06,lattice 2D sheet polarizability / epsilon_0
MoS2,400.8,-3.9048265816,3.1064320523e-05,0.51373415168,2.8005671072e-06,lattice 2D sheet polarizability / epsilon_0
MoS2,401.0,-3.880096649,3.1202480884e-05,0.50739672952,2.8271737e-06,lattice 2D sheet polarizability / epsilon_0
MoS2,401.2,-3.8556612088,3.1341932695e-05,0.50117507334,2.8541590329e-06,lattice 2D sheet polarizability / epsilon_0
MoS2,401.4,-3.8315151312,3.1482693918e-05,0.49506639528,2.8815303068e-06,lattice 2D sheet polarizability / epsilon_0
MoS2,401.6,-3.807653403,3.1624782843e-05,0.48906799048,2.9092948943e-06,lattice 2D sheet polarizability / epsilon_0
MoS2,401.8,-3.7840711236,3.1768218101e-05,0.4831772341,2.9374603439e-06,lattice 2D sheet polarizability / epsilon_0
MoS2,402.0,-3.7607635024,3.1913018667e-05,0.47739157858,2.9660343858e-06,lattice 2D sheet polarizability / epsilon_0
MoS2,402.2,-3.7377258557,3.2059203873e-05,0.47170855088,2.9950249369e-06,lattice 2D sheet polarizability / epsilon_0
MoS2,402.4,-3.7149536036,3.2206793411e-05,0.46612574991,3.0244401057e-06,lattice 2D sheet polarizability / epsilon_0
MoS2,402.6,-3.6924422676,3.2355807347e-05,0.46064084407,3.0542881987e-06,lattice 2D sheet polarizability / epsilon_0
MoS2,402.8,-3.6701874672,3.2506266122e-05,0.45525156881,3.0845777256e-06,lattice 2D sheet polarizability / epsilon_0
MoS2,403.0,-3.6481849182,3.2658190571e-05,0.44995572441,3.1153174058e-06,lattice 2D sheet polarizability / epsilon_0
MoS2,403.2,-3.6264304293,3.2811601923e-05,0.44475117371,3.1465161739e-06,lattice 2D sheet polarizability / epsilon_0
MoS2,403.4,-3.6049199001,3.2966521816e-05,0.43963584003,3.1781831868e-06,lattice 2D sheet polarizability / epsilon_0
MoS2,403.6,-3.5836493185,3.3122972303e-05,0.43460770515,3.2103278298e-06,lattice 2D sheet polarizability / epsilon_0
MoS2,403.8,-3.5626147586,3.3280975866e-05,0.42966480731,3.2429597238e-06,lattice 2D sheet polarizability / epsilon_0
MoS2,404.0,-3.5418123781,3.3440555423e-05,0.4248052394,3.2760887323e-06,lattice 2D sheet polarizability / epsilon_0
MoS2,404.2,-3.5212384164,3.3601734339e-05,0.42002714707,3.3097249688e-06,lattice 2D sheet polarizability / epsilon_0
MoS2,404.4,-3.5008891924,3.3764536438e-05,0.41532872708,3.3438788041e-06,lattice 2D sheet polarizability / epsilon_0
MoS2,404.6,-3.4807611025,3.3928986014e-05,0.41070822557,3.3785608746e-06,lattice 2D sheet polarizability / epsilon_0
MoS2,404.8,-3.4608506184,3.4095107839e-05,0.40616393646,3.4137820904e-06,lattice 2D sheet polarizability / epsilon_0
MoS2,405.0,-3.4411542855,3.4262927183e-05,0.40169419993,3.4495536433e-06,lattice 2D sheet polarizability / epsilon_0
MoS2,405.2,-3.4216687206,3.4432469816e-05,0.39729740089,3.4858870163e-06,lattice 2D sheet polarizability / epsilon_0
MoS2,405.4,-3.4023906107,3.4603762028e-05,0.39297196761,3.5227939919e-06,lattice 2D sheet polarizability / epsilon_0
MoS2,405.6,-3.3833167106,3.4776830638e-05,0.38871637025,3.5602866621e-06,lattice 2D sheet polarizability / epsilon_0
MoS2,405.8,-3.3644438415,3.4951703009e-05,0.3845291196,3.598377438e-06,lattice 2D sheet polarizability / epsilon_0
MoS2,406.0,-3.3457688893,3.5128407061e-05,0.38040876578,3.6370790596e-06,lattice 2D sheet polarizability / epsilon_0
MoS2,406.2,-3.327288803,3.5306971285e-05,0.376353897,3.6764046069e-06,lattice 2D sheet polarizability / epsilon_0
MoS2,406.4,-3.3090005931,3.5487424758e-05,0.37236313836,3.71636751e-06,lattice 2D sheet polarizability / epsilon_0
MoS2,406.6,-3.2909013302,3.5669797155e-05,0.36843515074,3.7569815612e-06,lattice 2D sheet polarizability / epsilon_0
MoS2,406.8,-3.2729881434,3.585411877e-05,0.36456862963,3.798260926e-06,lattice 2D sheet polarizability / epsilon_0
MoS2,407.0,-3.2552582188,3.6040420527e-05,0.36076230414,3.8402201558e-06,lattice 2D sheet polarizability / epsilon_0
MoS2,407.2,-3.2377087981,3.6228733997e-05,0.35701493592,3.8828742001e-06,lattice 2D sheet polarizability / epsilon_0
MoS2,407.4,-3.2203371778,3.6419091417e-05,0.35332531818,3.9262384199e-06,lattice 2D sheet polarizability / epsilon_0
MoS2,407.6,-3.2031407068,3.6611525704e-05,0.34969227475,3.9703286011e-06,lattice 2D sheet polarizability / epsilon_0
MoS2,407.8,-3.1861167864,3.6806070477e-05,0.34611465912,4.0151609686e-06,lattice 2D sheet polarizability / epsilon_0
MoS2,408.0,-3.169262868,3.700276007e-05,0.34259135359,4.0607522013e-06,lattice 2D sheet polarizability / epsilon_0
MoS2,408.2,-3.1525764524,3.7201629556e-05,0.3391212684,4.1071194468e-06,lattice 2D sheet polarizability / epsilon_0
MoS2,408.4,-3.1360550886,3.7402714764e-05,0.33570334086,4.1542803378e-06,lattice 2D sheet polarizability / epsilon_0
MoS2,408.6,-3.1196963726,3.7606052298e-05,0.3323365346,4.2022530082e-06,lattice 2D sheet polarizability / epsilon_0
MoS2,408.8,-3.1034979464,3.781167956e-05,0.32901983878,4.2510561103e-06,lattice 2D sheet polarizability / epsilon_0
MoS2,409.0,-3.0874574966,3.8019634772e-05,0.32575226733,4.3007088327e-06,lattice 2D sheet polarizability / epsilon_0
MoS2,409.2,-3.0715727537,3.8229956995e-05,0.32253285823,4.3512309185e-06,lattice 2D sheet polarizability / epsilon_0
MoS2,409.4,-3.055841491,3.8442686153e-05,0.31936067282,4.4026426851e-06,lattice 2D sheet polarizability / epsilon_0
MoS2,409.6,-3.0402615236,3.8657863057e-05,0.31623479511,4.4549650438e-06,lattice 2D sheet polarizability / epsilon_0
MoS2,409.8,-3.0248307071,3.8875529432e-05,0.31315433117,4.5082195208e-06,lattice 2D sheet polarizability / epsilon_0
MoS2,410.0,-3.0095469375,3.9095727936e-05,0.31011840843,4.5624282787e-06,lattice 2D sheet polarizability / epsilon_0
MoS2,410.2,-2.9944081493,3.9318502189e-05,0.30712617512,4.6176141397e-06,lattice 2D sheet polarizability / epsilon_0
MoS2,410.4,-2.9794123152,3.9543896801e-05,0.3041767997,4.6738006084e-06,lattice 2D sheet polarizability / epsilon_0
MoS2,410.6,-2.9645574453,3.9771957399e-05,0.3012694702,4.7310118968e-06,lattice 2D sheet polarizability / epsilon_0
MoS2,410.8,-2.9498415859,4.0002730652e-05,0.29840339379,4.7892729497e-06,lattice 2D sheet polarizability / epsilon_0
MoS2,411.0,-2.9352628188,4.0236264306e-05,0.29557779613,4.8486094713e-06,lattice 2D sheet polarizability / epsilon_0
MoS2,411.2,-2.9208192606,4.047260721e-05,0.29279192094,4.9090479531e-06,lattice 2D sheet polarizability / epsilon_0
MoS2,411.4,-2.906509062,4.0711809347e-05,0.29004502945,4.9706157027e-06,lattice 2D sheet polarizability / epsilon_0
MoS2,411.6,-2.8923304069,4.0953921872e-05,0.28733639995,5.0333408739e-06,lattice 2D sheet polarizability / epsilon_0
MoS2,411.8,-2.8782815115,4.1198997138e-05,0.28466532729,5.0972524985e-06,lattice 2D sheet polarizability / epsilon_0
MoS2,412.0,-2.864360624,4.1447088736e-05,0.28203112245,5.1623805188e-06,lattice 2D sheet polarizability / epsilon_0
MoS2,412.2,-2.8505660235,4.169825153e-05,0.27943311208,5.2287558222e-06,lattice 2D sheet polarizability / epsilon_0
MoS2,412.4,-2.8368960198,4.195254169e-05,0.27687063811,5.2964102766e-06,lattice 2D sheet polarizability / epsilon_0
MoS2,412.6,-2.823348952,4.2210016735e-05,0.27434305729,5.3653767682e-06,lattice 2D sheet polarizability / epsilon_0
MoS2,412.8,-2.8099231886,4.2470735572e-05,0.27184974085,5.4356892404e-06,lattice 2D sheet polarizability / epsilon_0
MoS2,413.0,-2.7966171266,4.2734758533e-05,0.26939007404,5.5073827341e-06,lattice 2D sheet polarizability / epsilon_0
MoS2,413.2,-2.7834291906,4.3002147421e-05,0.26696345583,5.5804934313e-06,lattice 2D sheet polarizability / epsilon_0
MoS2,413.4,-2.7703578328,4.3272965552e-05,0.2645692985,5.6550586985e-06,lattice 2D sheet polarizability / epsilon_0
MoS2,413.6,-2.7574015317,4.3547277802e-05,0.2622070273,5.7311171343e-06,lattice 2D sheet polarizability / epsilon_0
MoS2,413.8,-2.7445587923,4.3825150652e-05,0.25987608011,5.8087086175e-06,lattice 2D sheet polarizability / epsilon_0
MoS2,414.0,-2.7318281448,4.4106652237e-05,0.2575759071,5.8878743579e-06,lattice 2D sheet polarizability / epsilon_0
MoS2,414.2,-2.7192081446,4.4391852397e-05,0.25530597044,5.9686569503e-06,lattice 2D sheet polarizability / epsilon_0
MoS2,414.4,-2.7066973716,4.4680822726e-05,0.25306574396,6.0511004296e-06,lattice 2D sheet polarizability / epsilon_0
MoS2,414.6,-2.6942944298,4.4973636631e-05,0.25085471284,6.1352503298e-06,lattice 2D sheet polarizability / epsilon_0
MoS2,414.8,-2.6819979464,4.5270369382e-05,0.24867237336,6.2211537446e-06,lattice 2D sheet polarizability / epsilon_0
MoS2,415.0,-2.6698065717,4.5571098172e-05,0.24651823256,6.308859392e-06,lattice 2D sheet polarizability / epsilon_0
MoS2,415.2,-2.6577189787,4.587590218e-05,0.24439180803,6.3984176812e-06,lattice 2D sheet polarizability / epsilon_0
MoS2,415.4,-2.6457338623,4.6184862627e-05,0.24229262757,6.4898807831e-06,lattice 2D sheet polarizability / epsilon_0
MoS2,415.6,-2.6338499389,4.6498062841e-05,0.24022022898,6.5833027041e-06,lattice 2D sheet polarizability / epsilon_0
MoS2,415.8,-2.6220659463,4.6815588328e-05,0.23817415982,6.6787393633e-06,lattice 2D sheet polarizability / epsilon_0
MoS2,416.0,-2.610380643,4.7137526837e-05,0.23615397711,6.7762486742e-06,lattice 2D sheet polarizability / epsilon_0
MoS2,416.2,-2.5987928076,4.746396843e-05,0.23415924714,6.8758906294e-06,lattice 2D sheet polarizability / epsilon_0
MoS2,416.4,-2.5873012388,4.7795005559e-05,0.23218954521,6.9777273905e-06,lattice 2D sheet polarizability / epsilon_0
MoS2,416.6,-2.5759047547,4.8130733139e-05,0.23024445543,7.0818233819e-06,lattice 2D sheet polarizability / epsilon_0
MoS2,416.8,-2.5646021926,4.8471248633e-05,0.2283235705,7.1882453895e-06,lattice 2D sheet polarizability / epsilon_0
MoS2,417.0,-2.5533924086,4.8816652125e-05,0.22642649147,7.2970626643e-06,lattice 2D sheet polarizability / epsilon_0
MoS2,417.2,-2.5422742768,4.9167046414e-05,0.22455282757,7.4083470318e-06,lattice 2D sheet polarizability / epsilon_0
MoS2,417.4,-2.5312466898,4.9522537098e-05,0.222702196,7.5221730062e-06,lattice 2D sheet polarizability / epsilon_0
MoS2,417.6,-2.5203085573,4.9883232665e-05,0.22087422173,7.6386179113e-06,lattice 2D sheet polarizability / epsilon_0
MoS2,417.8,-2.5094588069,5.0249244588e-05,0.21906853731,7.7577620072e-06,lattice 2D sheet polarizability / epsilon_0
MoS2,418.0,-2.4986963825,5.0620687427e-05,0.21728478268,7.8796886239e-06,lattice 2D sheet polarizability / epsilon_0
MoS2,418.2,-2.4880202452,5.0997678926e-05,0.21552260504,8.0044843019e-06,lattice 2D sheet polarizability / epsilon_0
MoS2,418.4,-2.477429372,5.138034012e-05,0.21378165861,8.1322389404e-06,lattice 2D sheet polarizability / epsilon_0
MoS2,418.6,-2.4669227561,5.1768795449e-05,0.2120616045,8.2630459529e-06,lattice 2D sheet polarizability / epsilon_0
MoS2,418.8,-2.4564994062,5.2163172863e-05,0.21036211055,8.3970024324e-06,lattice 2D sheet polarizability / epsilon_0
MoS2,419.0,-2.4461583467,5.256360395e-05,0.20868285114,8.5342093242e-06,lattice 2D sheet polarizability / epsilon_0
MoS2,419.2,-2.4358986166,5.2970224051e-05,0.20702350709,8.6747716091e-06,lattice 2D sheet polarizability / epsilon_0
MoS2,419.4,-2.4257192701,5.3383172388e-05,0.20538376544,8.8187984963e-06,lattice 2D sheet polarizability / epsilon_0
MoS2,419.6,-2.4156193756,5.3802592197e-05,0.20376331937,8.9664036274e-06,lattice 2D sheet polarizability / epsilon_0
MoS2,419.8,-2.4055980161,5.4228630866e-05,0.202161868,9.1177052911e-06,lattice 2D sheet polarizability / epsilon_0
MoS2,420.0,-2.3956542882,5.4661440071e-05,0.2005791163,9.2728266509e-06,lattice 2D sheet polarizability / epsilon_0
MoS2,420.2,-2.3857873024,5.5101175927e-05,0.19901477493,9.4318959853e-06,lattice 2D sheet polarizability / epsilon_0
MoS2,420.4,-2.3759961827,5.5547999139e-05,0.1974685601,9.5950469412e-06,lattice 2D sheet polarizability / epsilon_0
MoS2,420.6,-2.366280066,5.6002075156e-05,0.19594019347,9.7624188032e-06,lattice 2D sheet polarizability / epsilon_0
MoS2,420.8,-2.3566381024,5.6463574341e-05,0.19442940201,9.9341567772e-06,lattice 2D sheet polarizability / epsilon_0
MoS2,421.0,-2.3470694548,5.6932672132e-05,0.19293591787,1.0110412292e-05,lattice 2D sheet polarizability / epsilon_0
MoS2,421.2,-2.3375732982,5.7409549223e-05,0.19145947829,1.0291343316e-05,lattice 2D sheet polarizability / epsilon_0
MoS2,421.4,-2.3281488202,5.7894391743e-05,0.18999982545,1.0477114696e-05,lattice 2D sheet polarizability / epsilon_0
MoS2,421.6,-2.3187952203,5.8387391444e-05,0.1885567064,1.0667898517e-05,lattice 2D sheet polarizability / epsilon_0
MoS2,421.8,-2.3095117097,5.8888745893e-05,0.18712987289,1.0863874477e-05,lattice 2D sheet polarizability / epsilon_0
MoS2,422.0,-2.3002975113,5.9398658679e-05,0.18571908134,1.106523029e-05,lattice 2D sheet polarizability / epsilon_0
MoS2,422.2,-2.2911518593,5.9917339616e-05,0.18432409269,1.1272162117e-05,lattice 2D sheet polarizability / epsilon_0
MoS2,422.4,-2.2820739992,6.0445004956e-05,0.18294467228,1.1484875013e-05,lattice 2D sheet polarizability / epsilon_0
MoS2,422.6,-2.2730631873,6.0981877619e-05,0.18158058982,1.1703583414e-05,lattice 2D sheet polarizability / epsilon_0
MoS2,422.8,-2.2641186907,6.1528187414e-05,0.18023161923,1.1928511643e-05,lattice 2D sheet polarizability / epsilon_0
MoS2,423.0,-2.2552397872,6.2084171281e-05,0.17889753859,1.2159894459e-05,lattice 2D sheet polarizability / epsilon_0
MoS2,423.2,-2.2464257649,6.2650073534e-05,0.17757813001,1.2397977631e-05,lattice 2D sheet polarizability / epsilon_0
MoS2,423.4,-2.237675922,6.3226146109e-05,0.17627317957,1.2643018555e-05,lattice 2D sheet polarizability / epsilon_0
MoS2,423.6,-2.2289895669,6.381264883e-05,0.17498247725,1.2895286907e-05,lattice 2D sheet polarizability / epsilon_0
MoS2,423.8,-2.2203660177,6.4409849667e-05,0.17370581679,1.3155065344e-05,lattice 2D sheet polarizability / epsilon_0
MoS2,424.0,-2.2118046023,6.5018025015e-05,0.17244299566,1.3422650245e-05,lattice 2D sheet polarizability / epsilon_0
MoS2,424.2,-2.2033046581,6.5637459974e-05,0.17119381497,1.3698352504e-05,lattice 2D sheet polarizability / epsilon_0
MoS2,424.4,-2.1948655316,6.6268448632e-05,0.16995807936,1.3982498373e-05,lattice 2D sheet polarizability / epsilon_0
MoS2,424.6,-2.1864865787,6.6911294365e-05,0.16873559696,1.4275430368e-05,lattice 2D sheet polarizability / epsilon_0
MoS2,424.8,-2.1781671643,6.7566310132e-05,0.16752617931,1.4577508228e-05,lattice 2D sheet polarizability / epsilon_0
MoS2,425.0,-2.169906662,6.823381878e-05,0.16632964128,1.4889109945e-05,lattice 2D sheet polarizability / epsilon_0
MoS2,425.2,-2.1617044543,6.8914153356e-05,0.165145801,1.5210632864e-05,lattice 2D sheet polarizability / epsilon_0
MoS2,425.4,-2.1535599322,6.9607657421e-05,0.16397447979,1.5542494857e-05,lattice 2D sheet polarizability / epsilon_0
MoS2,425.6,-2.145472495,7.0314685363e-05,0.1628155021,1.5885135581e-05,lattice 2D sheet polarizability / epsilon_0
MoS2,425.8,-2.1374415503,7.1035602718e-05,0.16166869545,1.6239017821e-05,lattice 2D sheet polarizability / epsilon_0
MoS2,426.0,-2.1294665139,7.1770786487e-05,0.16053389033,1.6604628937e-05,lattice 2D sheet polarizability / epsilon_0
MoS2,426.2,-2.1215468095,7.2520625451e-05,0.15941092021,1.69824824e-05,lattice 2D sheet polarizability / epsilon_0
MoS2,426.4,-2.1136818687,7.3285520483e-05,0.15829962138,1.7373119453e-05,lattice 2D sheet polarizability / epsilon_0
MoS2,426.6,-2.1058711308,7.4065884857e-05,0.15719983299,1.7777110886e-05,lattice 2D sheet polarizability / epsilon_0
MoS2,426.8,-2.0981140427,7.4862144541e-05,0.15611139693,1.8195058935e-05,lattice 2D sheet polarizability / epsilon_0
MoS2,427.0,-2.0904100588,7.567473848e-05,0.15503415778,1.8627599333e-05,lattice 2D sheet polarizability / epsilon_0
MoS2,427.2,-2.0827586407,7.6504118866e-05,0.15396796279,1.9075403504e-05,lattice 2D sheet polarizability / epsilon_0
MoS2,427.4,-2.0751592572,7.7350751378e-05,0.15291266179,1.9539180923e-05,lattice 2D sheet polarizability / epsilon_0
MoS2,427.6,-2.0676113845,7.8215115404e-05,0.15186810715,2.0019681656e-05,lattice 2D sheet polarizability / epsilon_0
MoS2,427.8,-2.0601145054,7.9097704222e-05,0.15083415372,2.0517699089e-05,lattice 2D sheet polarizability / epsilon_0
MoS2,428.0,-2.0526681098,7.9999025145e-05,0.14981065881,2.1034072868e-05,lattice 2D sheet polarizability / epsilon_0
MoS2,428.2,-2.0452716942,8.0919599611e-05,0.14879748209,2.1569692064e-05,lattice 2D sheet polarizability / epsilon_0
MoS2,428.4,-2.0379247619,8.1859963221e-05,0.1477944856,2.2125498584e-05,lattice 2D sheet polarizability / epsilon_0
MoS2,428.6,-2.0306268226,8.2820665699e-05,0.14680153365,2.2702490844e-05,lattice 2D sheet polarizability / epsilon_0
MoS2,428.8,-2.0233773923,8.3802270767e-05,0.14581849282,2.3301727733e-05,lattice 2D sheet polarizability / epsilon_0
MoS2,429.0,-2.0161759937,8.4805355929e-05,0.14484523189,2.3924332891e-05,lattice 2D sheet polarizability / epsilon_0
MoS2,429.2,-2.0090221554,8.5830512122e-05,0.14388162179,2.4571499323e-05,lattice 2D sheet polarizability / epsilon_0
MoS2,429.4,-2.0019154121,8.6878343241e-05,0.14292753559,2.5244494382e-05,lattice 2D sheet polarizability / epsilon_0
MoS2,429.6,-1.9948553048,8.7949465496e-05,0.1419828484,2.5944665152e-05,lattice 2D sheet polarizability / epsilon_0
MoS2,429.8,-1.9878413801,8.9044506575e-05,0.14104743741,2.6673444266e-05,lattice 2D sheet polarizability / epsilon_0
MoS2,430.0,-1.9808731906,9.0164104591e-05,0.14012118179,2.7432356192e-05,lattice 2D sheet polarizability / epsilon_0
MoS2,430.2,-1.9739502946,9.130890676e-05,0.13920396265,2.8223024031e-05,lattice 2D sheet polarizability / epsilon_0
MoS2,430.4,-1.9670722561,9.2479567786e-05,0.13829566304,2.904717687e-05,lattice 2D sheet polarizability / epsilon_0
MoS2,430.6,-1.9602386445,9.3676747887e-05,0.1373961679,2.9906657735e-05,lattice 2D sheet polarizability / epsilon_0
MoS2,430.8,-1.9534490348,9.4901110412e-05,0.13650536399,3.0803432197e-05,lattice 2D sheet polarizability / epsilon_0
MoS2,431.0,-1.9467030073,9.6153318983e-05,0.13562313991,3.1739597681e-05,lattice 2D sheet polarizability / epsilon_0
MoS2,431.2,-1.9400001477,9.7434034086e-05,0.13474938603,3.2717393539e-05,lattice 2D sheet polarizability / epsilon_0
MoS2,431.4,-1.9333400467,9.8743909014e-05,0.13388399444,3.3739211953e-05,lattice 2D sheet polarizability / epsilon_0
MoS2,431.6,-1.9267223005,0.00010008358508,0.13302685898,3.4807609726e-05,lattice 2D sheet polarizability / epsilon_0
MoS2,431.8,-1.9201465099,0.00010145368594,0.13217787512,3.5925321033e-05,lattice 2D sheet polarizability / epsilon_0
MoS2,432.0,-1.913612281,0.00010285481097,0.13133694003,3.7095271206e-05,lattice 2D sheet polarizability / epsilon_0
MoS2,432.2,-1.9071192247,0.00010428752742,0.13050395244,3.8320591638e-05,lattice 2D sheet polarizability / epsilon_0
MoS2,432.4,-1.9006669567,0.00010575236126,0.12967881271,3.9604635858e-05,lattice 2D sheet polarizability / epsilon_0
MoS2,432.6,-1.8942550973,0.00010724978649,0.12886142272,4.0950996888e-05,lattice 2D sheet polarizability / epsilon_0
MoS2,432.8,-1.8878832719,0.00010878021261,0.12805168591,4.2363525934e-05,lattice 2D sheet polarizability / epsilon_0
MoS2,433.0,-1.88155111,0.00011034397004,0.1272495072,4.3846352506e-05,lattice 2D sheet polarizability / epsilon_0
MoS2,433.2,-1.8752582459,0.00011194129312,0.12645479296,4.5403906016e-05,lattice 2D sheet polarizability / epsilon_0
MoS2,433.4,-1.8690043184,0.00011357230032,0.12566745104,4.7040938934e-05,lattice 2D sheet polarizability / epsilon_0
MoS2,433.6,-1.8627889706,0.0001152369712,0.12488739069,4.8762551534e-05,lattice 2D sheet polarizability / epsilon_0
MoS2,433.8,-1.8566118499,0.00011693511968,0.12411452254,5.0574218256e-05,lattice 2D sheet polarizability / epsilon_0
MoS2,434.0,-1.850472608,0.00011866636297,0.12334875861,5.2481815681e-05,lattice 2D sheet polarizability / epsilon_0
MoS2,434.2,-1.8443709008,0.00012043008553,0.12259001223,5.4491652059e-05,lattice 2D sheet polarizability / epsilon_0
MoS2,434.4,-1.8383063884,0.00012222539723,0.12183819806,5.6610498307e-05,lattice 2D sheet polarizability / epsilon_0
MoS2,434.6,-1.8322787349,0.00012405108499,0.12109323206,5.884562027e-05,lattice 2D sheet polarizability / epsilon_0
MoS2,434.8,-1.8262876085,0.00012590555663,0.12035503144,6.1204812002e-05,lattice 2D sheet polarizability / epsilon_0
MoS2,435.0,-1.8203326811,0.00012778677606,0.11962351467,6.3696429638e-05,lattice 2D sheet polarizability / epsilon_0
MoS2,435.2,-1.8144136289,0.00012969218834,0.11889860145,6.6329425314e-05,lattice 2D sheet polarizability / epsilon_0
MoS2,435.4,-1.8085301316,0.00013161863317,0.11818021265,6.9113380354e-05,lattice 2D sheet polarizability / epsilon_0
MoS2,435.6,-1.8026818728,0.0001335622452,0.11746827036,7.2058536698e-05,lattice 2D sheet polarizability / epsilon_0
MoS2,435.8,-1.7968685399,0.0001355183394,0.11676269778,7.5175825189e-05,lattice 2D sheet polarizability / epsilon_0
MoS2,436.0,-1.7910898238,0.00013748127927,0.1160634193,7.8476888958e-05,lattice 2D sheet polarizability / epsilon_0
MoS2,436.2,-1.7853454193,0.00013944432603,0.1153703604,8.1974099569e-05,lattice 2D sheet polarizability / epsilon_0
MoS2,436.4,-1.7796350244,0.00014139946623,0.11468344766,8.5680562991e-05,lattice 2D sheet polarizability / epsilon_0
MoS2,436.6,-1.7739583409,0.00014333721554,0.11400260873,8.9610111635e-05,lattice 2D sheet polarizability / epsilon_0
MoS2,436.8,-1.768315074,0.00014524639631,0.11332777234,9.3777277729e-05,lattice 2D sheet polarizability / epsilon_0
MoS2,437.0,-1.7627049322,0.00014711388675,0.11265886826,9.8197242153e-05,lattice 2D sheet polarizability / epsilon_0
MoS2,437.2,-1.7571276275,0.0001489243397,0.11199582726,0.00010288575143,lattice 2D sheet polarizability / epsilon_0
MoS2,437.4,-1.7515828752,0.00015065987005,0.11133858114,0.00010785899395,lattice 2D sheet polarizability / epsilon_0
MoS2,437.6,-1.7460703937,0.00015229971037,0.11068706267,0.00011313342461,lattice 2D sheet polarizability / epsilon_0
MoS2,437.8,-1.7405899049,0.00015381983644,0.1100412056,0.00011872552493,lattice 2D sheet polarizability / epsilon_0
MoS2,438.0,-1.7351411336,0.00015519256629,0.10940094465,0.0001246514834,lattice 2D sheet polarizability / epsilon_0
MoS2,438.2,-1.729723808,0.00015638613992,0.10876621544,0.00013092677847,lattice 2D sheet polarizability / epsilon_0
MoS2,438.4,-1.7243376591,0.00015736429119,0.10813695454,0.00013756564428,lattice 2D sheet polarizability / epsilon_0
MoS2,438.6,-1.7189824212,0.00015808582948,0.10751309942,0.00014458039741,lattice 2D sheet polarizability / epsilon_0
MoS2,438.8,-1.7136578315,0.00015850425625,0.10689458843,0.00015198060203,lattice 2D sheet polarizability / epsilon_0
MoS2,439.0,-1.7083636301,0.00015856745142,0.10628136082,0.00015977205138,lattice 2D sheet polarizability / epsilon_0
MoS2,439.2,-1.7030995602,0.00015821747609,0.10567335666,0.00016795554657,lattice 2D sheet polarizability / epsilon_0
MoS2,439.4,-1.6978653675,0.00015739055167,0.10507051691,0.00017652546025,lattice 2D sheet polarizability / epsilon_0
MoS2,439.6,-1.692660801,0.00015601729011,0.10447278333,0.00018546808482,lattice 2D sheet polarizability / epsilon_0
MoS2,439.8,-1.6874856122,0.00015402326483,0.10388009851,0.00019475978278,lattice 2D sheet polarizability / epsilon_0
MoS2,440.0,-1.6823395555,0.00015133002405,0.10329240585,0.00020436498378,lattice 2D sheet polarizability / epsilon_0
MoS2,440.2,-1.6772223879,0.00014785665528,0.10270964952,0.00021423410899,lattice 2D sheet polarizability / epsilon_0
MoS2,440.4,-1.6721338691,0.0001435220064,0.10213177448,0.00022430154889,lattice 2D sheet polarizability / epsilon_0
MoS2,440.6,-1.6670737616,0.00013824764931,0.10155872646,0.00023448387409,lattice 2D sheet polarizability / epsilon_0
MoS2,440.8,-1.6620418304,0.00013196163069,0.10099045193,0.00024467851529,lattice 2D sheet polarizability / epsilon_0
MoS2,441.0,-1.657037843,0.0001246029847,0.10042689811,0.0002547632001,lattice 2D sheet polarizability / epsilon_0
MoS2,441.2,-1.6520615695,0.00011612688189,0.099868012937,0.00026459646787,lattice 2D sheet polarizability / epsilon_0
MoS2,441.4,-1.6471127827,0.00010651015992,0.099313745066,0.00027401958277,lattice 2D sheet polarizability / epsilon_0
MoS2,441.6,-1.6421912575,9.5756835809e-05,0.098764043857,0.00028286011223,lattice 2D sheet polarizability / epsilon_0
MoS2,441.8,-1.6372967715,8.3903058385e-05,0.098218859359,0.00029093731778,lattice 2D sheet polarizability / epsilon_0
MoS2,442.0,-1.6324291046,7.1020856089e-05,0.097678142305,0.00029806931292,lattice 2D sheet polarizability / epsilon_0
MoS2,442.2,-1.6275880392,5.7220006997e-05,0.097141844094,0.00030408168983,lattice 2D sheet polarizability / epsilon_0
MoS2,442.4,-1.6227733598,4.2647439692e-05,0.096609916784,0.00030881703679,lattice 2D sheet polarizability / epsilon_0
MoS2,442.6,-1.6179848535,2.748378379e-05,0.096082313082,0.00031214451385,lattice 2D sheet polarizability / epsilon_0
MoS2,442.8,-1.6132223095,1.1937016356e-05,0.095558986331,0.00031396849086,lattice 2D sheet polarizability / epsilon_0
MoS2,443.0,-1.6084855193,-3.7664509435e-06,0.095039890502,0.00031423523732,lattice 2D sheet polarizability / epsilon_0
MoS2,443.2,-1.6037742766,-1.9392505762e-05,0.094524980181,0.00031293681717,lattice 2D sheet polarizability / epsilon_0
MoS2,443.4,-1.5990883772,-3.4710851659e-05,0.094014210564,0.00031011167225,lattice 2D sheet polarizability / epsilon_0
MoS2,443.6,-1.5944276193,-4.9506135261e-05,0.093507537443,0.00030584181565,lattice 2D sheet polarizability / epsilon_0
MoS2,443.8,-1.589791803,-6.3587578763e-05,0.093004917196,0.00030024701044,lattice 2D sheet polarizability / epsilon_0
MoS2,444.0,-1.5851807305,-7.6796262821e-05,0.092506306782,0.00029347668497,lattice 2D sheet polarizability / epsilon_0
MoS2,444.2,-1.5805942064,-8.900957629e-05,0.092011663728,0.00028570055978,lattice 2D sheet polarizability / epsilon_0
MoS2,444.4,-1.576032037,-0.00010014275574,0.091520946121,0.00027709900641,lattice 2D sheet polarizability / epsilon_0
MoS2,444.6,-1.5714940307,-0.00011014779623,0.091034112602,0.0002678540391,lattice 2D sheet polarizability / epsilon_0
MoS2,444.8,-1.5669799979,-0.00011901026783,0.090551122352,0.00025814161026,lattice 2D sheet polarizability / epsilon_0
MoS2,445.0,-1.5624897512,-0.0001267446969,0.090071935087,0.00024812560231,lattice 2D sheet polarizability / epsilon_0
MoS2,445.2,-1.5580231048,-0.00013338917712,0.089596511048,0.00023795364147,lattice 2D sheet polarizability / epsilon_0
MoS2,445.4,-1.553579875,-0.00013899979269,0.089124810997,0.000227754644,lattice 2D sheet polarizability / epsilon_0
MoS2,445.6,-1.5491598799,-0.00014364530398,0.088656796202,0.00021763786067,lattice 2D sheet polarizability / epsilon_0
MoS2,445.8,-1.5447629397,-0.0001474023985,0.088192428433,0.00020769311036,lattice 2D sheet polarizability / epsilon_0
MoS2,446.0,-1.5403888762,-0.00015035167397,0.087731669958,0.00019799187723,lattice 2D sheet polarizability / epsilon_0
MoS2,446.2,-1.5360375131,-0.00015257440921,0.087274483526,0.00018858896979,lattice 2D sheet polarizability / epsilon_0
MoS2,446.4,-1.5317086759,-0.00015415009881,0.086820832368,0.00017952448687,lattice 2D sheet polarizability / epsilon_0
MoS2,446.6,-1.5274021919,-0.00015515467659,0.086370680185,0.00017082589176,lattice 2D sheet polarizability / epsilon_0
MoS2,446.8,-1.5231178901,-0.0001556593273,0.085923991144,0.00016251005103,lattice 2D sheet polarizability / epsilon_0
MoS2,447.0,-1.5188556014,-0.0001557297772,0.085480729867,0.00015458514283,lattice 2D sheet polarizability / epsilon_0
MoS2,447.2,-1.5146151582,-0.00015542595878,0.085040861428,0.00014705237916,lattice 2D sheet polarizability / epsilon_0
MoS2,447.4,-1.5103963947,-0.00015480195537,0.084604351343,0.00013990751609,lattice 2D sheet polarizability / epsilon_0
MoS2,447.6,-1.5061991467,-0.00015390614593,0.084171165564,0.0001331421472,lattice 2D sheet polarizability / epsilon_0
MoS2,447.8,-1.5020232518,-0.000152781485,0.083741270476,0.00012674478907,lattice 2D sheet polarizability / epsilon_0
MoS2,448.0,-1.497868549,-0.00015146586687,0.083314632885,0.00012070177624,lattice 2D sheet polarizability / epsilon_0
MoS2,448.2,-1.4937348791,-0.00014999253528,0.082891220013,0.0001149979868,lattice 2D sheet polarizability / epsilon_0
MoS2,448.4,-1.4896220843,-0.00014839051059,0.082470999496,0.00010961742137,lattice 2D sheet polarizability / epsilon_0
MoS2,448.6,-1.4855300086,-0.00014668501422,0.082053939373,0.00010454365769,lattice 2D sheet polarizability / epsilon_0
MoS2,448.8,-1.4814584975,-0.00014489787721,0.081640008081,9.9760201254e-05,lattice 2D sheet polarizability / epsilon_0
MoS2,449.0,-1.4774073977,-0.00014304792423,0.08122917445,9.5250750461e-05,lattice 2D sheet polarizability / epsilon_0
MoS2,449.2,-1.4733765579,-0.00014115132848,0.080821407698,9.0999392364e-05,lattice 2D sheet polarizability / epsilon_0
MoS2,449.4,-1.469365828,-0.00013922193509,0.080416677424,8.6990742656e-05,lattice 2D sheet polarizability / epsilon_0
MoS2,449.6,-1.4653750593,-0.00013727155293,0.0800149536,8.321004145e-05,lattice 2D sheet polarizability / epsilon_0
MoS2,449.8,-1.4614041048,-0.0001353102156,0.07961620657,7.964321437e-05,lattice 2D sheet polarizability / epsilon_0
MoS2,450.0,-1.4574528189,-0.00013334641324,0.079220407043,7.6276906796e-05,lattice 2D sheet polarizability / epsilon_0
MoS2,450.2,-1.4535210572,-0.00013138729746,0.078827526086,7.3098497582e-05,lattice 2D sheet polarizability / epsilon_0
MoS2,450.4,-1.4496086769,-0.00012943886146,0.078437535119,7.009609736e-05,lattice 2D sheet polarizability / epsilon_0
MoS2,450.6,-1.4457155365,-0.00012750609803,0.078050405912,6.7258535478e-05,lattice 2D sheet polarizability / epsilon_0
MoS2,450.8,-1.441841496,-0.00012559313746,0.077666110578,6.4575338794e-05,lattice 2D sheet polarizability / epsilon_0
MoS2,451.0,-1.4379864165,-0.00012370336781,0.077284621569,6.2036704829e-05,lattice 2D sheet polarizability / epsilon_0
MoS2,451.2,-1.4341501607,-0.00012183953948,0.076905911671,5.9633471231e-05,lattice 2D sheet polarizability / epsilon_0
MoS2,451.4,-1.4303325925,-0.00012000385596,0.076529953998,5.7357083059e-05,lattice 2D sheet polarizability / epsilon_0
MoS2,451.6,-1.426533577,-0.00011819805258,0.076156721987,5.5199559014e-05,lattice 2D sheet polarizability / epsilon_0
MoS2,451.8,-1.4227529809,-0.00011642346458,0.075786189397,5.3153457472e-05,lattice 2D sheet polarizability / epsilon_0
MoS2,452.0,-1.4189906718,-0.00011468108606,0.0754183303,5.121184296e-05,lattice 2D sheet polarizability / epsilon_0
MoS2,452.2,-1.4152465188,-0.00011297162091,0.075053119078,4.9368253501e-05,lattice 2D sheet polarizability / epsilon_0
MoS2,452.4,-1.4115203922,-0.00011129552671,0.074690530421,4.7616669172e-05,lattice 2D sheet polarizability / epsilon_0
MoS2,452.6,-1.4078121635,-0.0001096530527,0.074330539318,4.5951482053e-05,lattice 2D sheet polarizability / epsilon_0
MoS2,452.8,-1.4041217054,-0.00010804427241,0.073973121056,4.4367467724e-05,lattice 2D sheet polarizability / epsilon_0
MoS2,453.0,-1.4004488919,-0.00010646911184,0.073618251216,4.2859758346e-05,lattice 2D sheet polarizability / epsilon_0
MoS2,453.2,-1.3967935979,-0.00010492737365,0.073265905667,4.1423817367e-05,lattice 2D sheet polarizability / epsilon_0
MoS2,453.4,-1.3931556999,-0.00010341875805,0.072916060561,4.0055415838e-05,lattice 2D sheet polarizability / epsilon_0
MoS2,453.6,-1.3895350752,-0.00010194288066,0.072568692334,3.8750610279e-05,lattice 2D sheet polarizability / epsilon_0
MoS2,453.8,-1.3859316025,-0.00010049928792,0.072223777696,3.7505722075e-05,lattice 2D sheet polarizability / epsilon_0
MoS2,454.0,-1.3823451614,-9.9087470226e-05,0.071881293632,3.6317318298e-05,lattice 2D sheet polarizability / epsilon_0
MoS2,454.2,-1.3787756328,-9.770687326e-05,0.071541217394,3.5182193916e-05,lattice 2D sheet polarizability / epsilon_0
MoS2,454.4,-1.3752228986,-9.6356907635e-05,0.071203526501,3.4097355279e-05,lattice 2D sheet polarizability / epsilon_0
MoS2,454.6,-1.3716868419,-9.5036957143e-05,0.070868198731,3.3060004835e-05,lattice 2D sheet polarizability / epsilon_0
MoS2,454.8,-1.3681673467,-9.3746385791e-05,0.070535212124,3.2067526971e-05,lattice 2D sheet polarizability / epsilon_0
MoS2,455.0,-1.3646642983,-9.2484543779e-05,0.070204544971,3.1117474916e-05,lattice 2D sheet polarizability / epsilon_0
MoS2,455.2,-1.3611775829,-9.1250772577e-05,0.069876175814,3.0207558634e-05,lattice 2D sheet polarizability / epsilon_0
MoS2,455.4,-1.3577070877,-9.0044409215e-05,0.069550083445,2.9335633625e-05,lattice 2D sheet polarizability / epsilon_0
MoS2,455.6,-1.3542527011,-8.8864789906e-05,0.069226246897,2.8499690581e-05,lattice 2D sheet polarizability / epsilon_0
MoS2,455.8,-1.3508143124,-8.7711253078e-05,0.068904645445,2.769784582e-05,lattice 2D sheet polarizability / epsilon_0
MoS2,456.0,-1.3473918119,-8.6583141912e-05,0.0685852586,2.6928332449e-05,lattice 2D sheet polarizability / epsilon_0
MoS2,456.2,-1.343985091,-8.5479806447e-05,0.068268066109,2.6189492193e-05,lattice 2D sheet polarizability / epsilon_0
MoS2,456.4,-1.340594042,-8.4400605315e-05,0.06795304795,2.5479767846e-05,lattice 2D sheet polarizability / epsilon_0
MoS2,456.6,-1.3372185582,-8.3344907154e-05,0.067640184325,2.479769629e-05,lattice 2D sheet polarizability / epsilon_0
MoS2,456.8,-1.3338585339,-8.2312091747e-05,0.067329455665,2.4141902036e-05,lattice 2D sheet polarizability / epsilon_0
MoS2,457.0,-1.3305138642,-8.1301550933e-05,0.06702084262,2.3511091253e-05,lattice 2D sheet polarizability / epsilon_0
MoS2,457.2,-1.3271844453,-8.0312689308e-05,0.066714326059,2.2904046242e-05,lattice 2D sheet polarizability / epsilon_0
MoS2,457.4,-1.3238701744,-7.9344924757e-05,0.066409887067,2.2319620321e-05,lattice 2D sheet polarizability / epsilon_0
MoS2,457.6,-1.3205709493,-7.8397688844e-05,0.066107506942,2.1756733086e-05,lattice 2D sheet polarizability / epsilon_0
MoS2,457.8,-1.3172866691,-7.7470427066e-05,0.06580716719,2.1214366025e-05,lattice 2D sheet polarizability / epsilon_0
MoS2,458.0,-1.3140172335,-7.6562599016e-05,0.065508849527,2.0691558449e-05,lattice 2D sheet polarizability / epsilon_0
MoS2,458.2,-1.3107625433,-7.567367844e-05,0.06521253587,2.0187403723e-05,lattice 2D sheet polarizability / epsilon_0
MoS2,458.4,-1.3075225,-7.4803153232e-05,0.06491820834,1.9701045766e-05,lattice 2D sheet polarizability / epsilon_0
MoS2,458.6,-1.3042970061,-7.3950525357e-05,0.064625849255,1.9231675809e-05,lattice 2D sheet polarizability / epsilon_0
MoS2,458.8,-1.3010859649,-7.3115310725e-05,0.06433544113,1.8778529376e-05,lattice 2D sheet polarizability / epsilon_0
MoS2,459.0,-1.2978892807,-7.2297039018e-05,0.064046966674,1.8340883489e-05,lattice 2D sheet polarizability / epsilon_0
MoS2,459.2,-1.2947068583,-7.1495253487e-05,0.063760408787,1.7918054063e-05,lattice 2D sheet polarizability / epsilon_0
MoS2,459.4,-1.2915386038,-7.0709510712e-05,0.063475750556,1.7509393489e-05,lattice 2D sheet polarizability / epsilon_0
MoS2,459.6,-1.2883844236,-6.9939380346e-05,0.063192975256,1.7114288378e-05,lattice 2D sheet polarizability / epsilon_0
MoS2,459.8,-1.2852442254,-6.9184444833e-05,0.062912066343,1.6732157474e-05,lattice 2D sheet polarizability / epsilon_0
MoS2,460.0,-1.2821179174,-6.8444299117e-05,0.062633007457,1.6362449696e-05,lattice 2D sheet polarizability / epsilon_0
MoS2,460.2,-1.2790054088,-6.7718550343e-05,0.062355782416,1.6004642322e-05,lattice 2D sheet polarizability / epsilon_0
MoS2,460.4,-1.2759066093,-6.7006817539e-05,0.062080375212,1.5658239297e-05,lattice 2D sheet polarizability / epsilon_0
MoS2,460.6,-1.2728214297,-6.630873131e-05,0.061806770014,1.5322769648e-05,lattice 2D sheet polarizability / epsilon_0
MoS2,460.8,-1.2697497814,-6.5623933512e-05,0.061534951162,1.4997786012e-05,lattice 2D sheet polarizability / epsilon_0
MoS2,461.0,-1.2666915767,-6.495207694e-05,0.061264903165,1.4682863257e-05,lattice 2D sheet polarizability / epsilon_0
MoS2,461.2,-1.2636467283,-6.429282501e-05,0.060996610701,1.4377597197e-05,lattice 2D sheet polarizability / epsilon_0
MoS2,461.4,-1.2606151502,-6.364585144e-05,0.06073005861,1.4081603389e-05,lattice 2D sheet polarizability / epsilon_0
MoS2,461.6,-1.2575967567,-6.3010839946e-05,0.060465231899,1.3794516007e-05,lattice 2D sheet polarizability / epsilon_0
MoS2,461.8,-1.2545914629,-6.2387483928e-05,0.060202115734,1.3515986792e-05,lattice 2D sheet polarizability / epsilon_0
MoS2,462.0,-1.2515991848,-6.1775486174e-05,0.059940695439,1.3245684068e-05,lattice 2D sheet polarizability / epsilon_0
MoS2,462.2,-1.248619839,-6.1174558562e-05,0.059680956498,1.2983291818e-05,lattice 2D sheet polarizability / epsilon_0
MoS2,462.4,-1.2456533429,-6.0584421769e-05,0.059422884546,1.2728508821e-05,lattice 2D sheet polarizability / epsilon_0
MoS2,462.6,-1.2426996143,-6.0004804992e-05,0.059166465375,1.248104784e-05,lattice 2D sheet polarizability / epsilon_0
MoS2,462.8,-1.2397585722,-5.9435445669e-05,0.058911684925,1.2240634869e-05,lattice 2D sheet polarizability / epsilon_0
MoS2,463.0,-1.2368301358,-5.8876089212e-05,0.058658529286,1.2007008412e-05,lattice 2D sheet polarizability / epsilon_0
MoS2,463.2,-1.2339142253,-5.8326488744e-05,0.058406984695,1.1779918818e-05,lattice 2D sheet polarizability / epsilon_0
MoS2,463.4,-1.2310107613,-5.7786404847e-05,0.058157037535,1.1559127653e-05,lattice 2D sheet polarizability / epsilon_0
MoS2,463.6,-1.2281196654,-5.7255605314e-05,0.057908674332,1.134440711e-05,lattice 2D sheet polarizability / epsilon_0
MoS2,463.8,-1.2252408596,-5.6733864911e-05,0.057661881754,1.113553945e-05,lattice 2D sheet polarizability / epsilon_0
MoS2,464.0,-1.2223742667,-5.6220965143e-05,0.057416646607,1.0932316485e-05,lattice 2D sheet polarizability / epsilon_0
MoS2,464.2,-1.2195198099,-5.5716694032e-05,0.057172955837,1.0734539084e-05,lattice 2D sheet polarizability / epsilon_0
MoS2,464.4,-1.2166774134,-5.5220845898e-05,0.056930796528,1.054201671e-05,lattice 2D sheet polarizability / epsilon_0
MoS2,464.6,-1.2138470017,-5.473322115e-05,0.056690155894,1.0354566985e-05,lattice 2D sheet polarizability / epsilon_0
MoS2,464.8,-1.2110285002,-5.4253626079e-05,0.056451021287,1.0172015281e-05,lattice 2D sheet polarizability / epsilon_0
MoS2,465.0,-1.2082218347,-5.3781872668e-05,0.056213380186,9.9941943339e-06,lattice 2D sheet polarizability / epsilon_0
MoS2,465.2,-1.2054269318,-5.3317778396e-05,0.055977220204,9.8209438738e-06,lattice 2D sheet polarizability / epsilon_0
MoS2,465.4,-1.2026437184,-5.2861166058e-05,0.055742529078,9.6521102861e-06,lattice 2D sheet polarizability / epsilon_0
MoS2,465.6,-1.1998721224,-5.2411863585e-05,0.055509294674,9.4875462843e-06,lattice 2D sheet polarizability / epsilon_0
MoS2,465.8,-1.197112072,-5.1969703877e-05,0.055277504983,9.3271106038e-06,lattice 2D sheet polarizability / epsilon_0
MoS2,466.0,-1.1943634962,-5.1534524634e-05,0.055047148118,9.1706677121e-06,lattice 2D sheet polarizability / epsilon_0
MoS2,466.2,-1.1916263243,-5.1106168197e-05,0.054818212316,9.0180875351e-06,lattice 2D sheet polarizability / epsilon_0
MoS2,466.4,-1.1889004864,-5.0684481399e-05,0.054590685931,8.8692451984e-06,lattice 2D sheet polarizability / epsilon_0
MoS2,466.6,-1.1861859131,-5.026931541e-05,0.05436455744,8.7240207822e-06,lattice 2D sheet polarizability / epsilon_0
MoS2,466.8,-1.1834825357,-4.9860525599e-05,0.054139815435,8.58229909e-06,lattice 2D sheet polarizability / epsilon_0
MoS2,467.0,-1.1807902858,-4.9457971393e-05,0.053916448624,8.4439694295e-06,lattice 2D sheet polarizability / epsilon_0
MoS2,467.2,-1.1781090957,-4.9061516147e-05,0.05369444583,8.3089254046e-06,lattice 2D sheet polarizability / epsilon_0
MoS2,467.4,-1.1754388982,-4.8671027011e-05,0.05347379599,8.1770647193e-06,lattice 2D sheet polarizability / epsilon_0
MoS2,467.6,-1.1727796267,-4.8286374813e-05,0.053254488153,8.0482889912e-06,lattice 2D sheet polarizability / epsilon_0
MoS2,467.8,-1.1701312152,-4.7907433931e-05,0.053036511477,7.9225035748e-06,lattice 2D sheet polarizability / epsilon_0
MoS2,468.0,-1.167493598,-4.7534082186e-05,0.05281985523,7.7996173942e-06,lattice 2D sheet polarizability / epsilon_0
MoS2,468.2,-1.1648667102,-4.7166200727e-05,0.052604508787,7.6795427843e-06,lattice 2D sheet polarizability / epsilon_0
MoS2,468.4,-1.1622504871,-4.6803673924e-05,0.052390461633,7.56219534e-06,lattice 2D sheet polarizability / epsilon_0
MoS2,468.6,-1.1596448649,-4.6446389265e-05,0.052177703353,7.4474937728e-06,lattice 2D sheet polarizability / epsilon_0
MoS2,468.8,-1.1570497799,-4.6094237259e-05,0.05196622364,7.3353597756e-06,lattice 2D sheet polarizability / epsilon_0
MoS2,469.0,-1.1544651693,-4.5747111335e-05,0.051756012288,7.2257178929e-06,lattice 2D sheet polarizability / epsilon_0
MoS2,469.2,-1.1518909705,-4.5404907753e-05,0.051547059194,7.1184953983e-06,lattice 2D sheet polarizability / epsilon_0
MoS2,469.4,-1.1493271215,-4.5067525516e-05,0.051339354353,7.0136221784e-06,lattice 2D sheet polarizability / epsilon_0
MoS2,469.6,-1.1467735609,-4.4734866279e-05,0.051132887862,6.911030621e-06,lattice 2D sheet polarizability / epsilon_0
MoS2,469.8,-1.1442302276,-4.4406834271e-05,0.050927649913,6.8106555105e-06,lattice 2D sheet polarizability / epsilon_0
MoS2,470.0,-1.1416970611,-4.4083336211e-05,0.050723630798,6.7124339269e-06,lattice 2D sheet polarizability / epsilon_0
MoS2,470.2,-1.1391740012,-4.3764281231e-05,0.050520820902,6.6163051505e-06,lattice 2D sheet polarizability / epsilon_0
MoS2,470.4,-1.1366609885,-4.3449580806e-05,0.050319210706,6.5222105709e-06,lattice 2D sheet polarizability / epsilon_0
MoS2,470.6,-1.1341579638,-4.3139148676e-05,0.050118790783,6.4300936002e-06,lattice 2D sheet polarizability / epsilon_0
MoS2,470.8,-1.1316648684,-4.2832900779e-05,0.0499195518,6.339899591e-06,lattice 2D sheet polarizability / epsilon_0
MoS2,471.0,-1.1291816441,-4.2530755183e-05,0.049721484515,6.2515757567e-06,lattice 2D sheet polarizability / epsilon_0
MoS2,471.2,-1.1267082331,-4.2232632026e-05,0.049524579775,6.1650710974e-06,lattice 2D sheet polarizability / epsilon_0
MoS2,471.4,-1.1242445782,-4.1938453444e-05,0.049328828517,6.080336328e-06,lattice 2D sheet polarizability / epsilon_0
MoS2,471.6,-1.1217906225,-4.164814352e-05,0.049134221767,5.9973238099e-06,lattice 2D sheet polarizability / epsilon_0
MoS2,471.8,-1.1193463096,-4.1361628222e-05,0.048940750635,5.9159874861e-06,lattice 2D sheet polarizability / epsilon_0
MoS2,472.0,-1.1169115834,-4.1078835343e-05,0.048748406321,5.8362828186e-06,lattice 2D sheet polarizability / epsilon_0
MoS2,472.2,-1.1144863885,-4.0799694455e-05,0.048557180107,5.7581667297e-06,lattice 2D sheet polarizability / epsilon_0
MoS2,472.4,-1.1120706697,-4.0524136848e-05,0.048367063361,5.6815975447e-06,lattice 2D sheet polarizability / epsilon_0
MoS2,472.6,-1.1096643722,-4.0252095484e-05,0.048178047532,5.6065349383e-06,lattice 2D sheet polarizability / epsilon_0
MoS2,472.8,-1.1072674418,-3.9983504947e-05,0.047990124154,5.5329398823e-06,lattice 2D sheet polarizability / epsilon_0
MoS2,473.0,-1.1048798247,-3.9718301397e-05,0.047803284839,5.4607745968e-06,lattice 2D sheet polarizability / epsilon_0
MoS2,473.2,-1.1025014673,-3.9456422521e-05,0.047617521283,5.3900025022e-06,lattice 2D sheet polarizability / epsilon_0
MoS2,473.4,-1.1001323167,-3.919780749e-05,0.047432825257,5.3205881745e-06,lattice 2D sheet polarizability / epsilon_0
MoS2,473.6,-1.0977723201,-3.8942396919e-05,0.047249188614,5.252497302e-06,lattice 2D sheet polarizability / epsilon_0
MoS2,473.8,-1.0954214253,-3.8690132822e-05,0.047066603283,5.1856966437e-06,lattice 2D sheet polarizability / epsilon_0
MoS2,474.0,-1.0930795804,-3.8440958574e-05,0.04688506127,5.1201539897e-06,lattice 2D sheet polarizability / epsilon_0
MoS2,474.2,-1.0907467341,-3.8194818871e-05,0.046704554656,5.0558381234e-06,lattice 2D sheet polarizability / epsilon_0
MoS2,474.4,-1.0884228352,-3.7951659695e-05,0.046525075598,4.9927187852e-06,lattice 2D sheet polarizability / epsilon_0
MoS2,474.6,-1.086107833,-3.7711428273e-05,0.046346616328,4.9307666376e-06,lattice 2D sheet polarizability / epsilon_0
MoS2,474.8,-1.0838016772,-3.747407305e-05,0.046169169148,4.8699532319e-06,lattice 2D sheet polarizability / epsilon_0
MoS2,475.0,-1.0815043179,-3.7239543646e-05,0.045992726435,4.8102509763e-06,lattice 2D sheet polarizability / epsilon_0
MoS2,475.2,-1.0792157055,-3.700779083e-05,0.045817280637,4.7516331053e-06,lattice 2D sheet polarizability / epsilon_0
MoS2,475.4,-1.0769357909,-3.6778766486e-05,0.045642824273,4.6940736502e-06,lattice 2D sheet polarizability / epsilon_0
MoS2,475.6,-1.0746645252,-3.6552423581e-05,0.045469349931,4.637547411e-06,lattice 2D sheet polarizability / epsilon_0
MoS2,475.8,-1.0724018599,-3.6328716137e-05,0.04529685027,4.5820299298e-06,lattice 2D sheet polarizability / epsilon_0
MoS2,476.0,-1.0701477471,-3.6107599203e-05,0.045125318016,4.527497464e-06,lattice 2D sheet polarizability / epsilon_0
MoS2,476.2,-1.0679021388,-3.5889028824e-05,0.044954745963,4.4739269624e-06,lattice 2D sheet polarizability / epsilon_0
MoS2,476.4,-1.0656649878,-3.5672962018e-05,0.044785126972,4.4212960407e-06,lattice 2D sheet polarizability / epsilon_0
MoS2,476.6,-1.063436247,-3.5459356745e-05,0.044616453969,4.3695829588e-06,lattice 2D sheet polarizability / epsilon_0
MoS2,476.8,-1.0612158697,-3.5248171889e-05,0.044448719949,4.3187665987e-06,lattice 2D sheet polarizability / epsilon_0
MoS2,477.0,-1.0590038096,-3.5039367224e-05,0.044281917968,4.2688264437e-06,lattice 2D sheet polarizability / epsilon_0
MoS2,477.2,-1.0568000207,-3.4832903399e-05,0.044116041147,4.2197425575e-06,lattice 2D sheet polarizability / epsilon_0
MoS2,477.4,-1.0546044573,-3.4628741909e-05,0.043951082671,4.171495565e-06,lattice 2D sheet polarizability / epsilon_0
MoS2,477.6,-1.052417074,-3.4426845078e-05,0.043787035788,4.1240666339e-06,lattice 2D sheet polarizability / epsilon_0
MoS2,477.8,-1.0502378259,-3.422717603e-05,0.043623893807,4.0774374558e-06,lattice 2D sheet polarizability / epsilon_0
MoS2,478.0,-1.0480666683,-3.4029698676e-05,0.043461650097,4.0315902297e-06,lattice 2D sheet polarizability / epsilon_0
MoS2,478.2,-1.0459035569,-3.3834377689e-05,0.04330029809,3.9865076449e-06,lattice 2D sheet polarizability / epsilon_0
MoS2,478.4,-1.0437484476,-3.3641178485e-05,0.043139831277,3.9421728648e-06,lattice 2D sheet polarizability / epsilon_0
MoS2,478.6,-1.0416012967,-3.3450067205e-05,0.042980243208,3.898569512e-06,lattice 2D sheet polarizability / epsilon_0
MoS2,478.8,-1.0394620609,-3.3261010693e-05,0.042821527492,3.8556816528e-06,lattice 2D sheet polarizability / epsilon_0
MoS2,479.0,-1.037330697,-3.3073976486e-05,0.042663677794,3.8134937835e-06,lattice 2D sheet polarizability / epsilon_0
MoS2,479.2,-1.0352071624,-3.2888932786e-05,0.04250668784,3.7719908162e-06,lattice 2D sheet polarizability / epsilon_0
MoS2,479.4,-1.0330914145,-3.2705848452e-05,0.042350551411,3.7311580655e-06,lattice 2D sheet polarizability / epsilon_0
MoS2,479.6,-1.0309834111,-3.2524692978e-05,0.042195262342,3.6909812362e-06,lattice 2D sheet polarizability / epsilon_0
MoS2,479.8,-1.0288831106,-3.234543648e-05,0.042040814526,3.6514464105e-06,lattice 2D sheet polarizability / epsilon_0
MoS2,480.0,-1.0267904712,-3.2168049678e-05,0.04188720191,3.6125400364e-06,lattice 2D sheet polarizability / epsilon_0
MoS2,480.2,-1.0247054519,-3.1992503885e-05,0.041734418497,3.5742489163e-06,lattice 2D sheet polarizability / epsilon_0
MoS2,480.4,-1.0226280115,-3.1818770987e-05,0.04158245834,3.5365601956e-06,lattice 2D sheet polarizability / epsilon_0
MoS2,480.6,-1.0205581095,-3.1646823435e-05,0.041431315549,3.4994613526e-06,lattice 2D sheet polarizability / epsilon_0
MoS2,480.8,-1.0184957054,-3.1476634226e-05,0.041280984285,3.4629401882e-06,lattice 2D sheet polarizability / epsilon_0
MoS2,481.0,-1.0164407592,-3.1308176891e-05,0.041131458759,3.4269848155e-06,lattice 2D sheet polarizability / epsilon_0
MoS2,481.2,-1.0143932312,-3.1141425484e-05,0.040982733238,3.3915836508e-06,lattice 2D sheet polarizability / epsilon_0
MoS2,481.4,-1.0123530817,-3.0976354568e-05,0.040834802036,3.3567254043e-06,lattice 2D sheet polarizability / epsilon_0
MoS2,481.6,-1.0103202715,-3.0812939203e-05,0.040687659519,3.3223990711e-06,lattice 2D sheet polarizability / epsilon_0
MoS2,481.8,-1.0082947617,-3.0651154933e-05,0.040541300102,3.2885939228e-06,lattice 2D sheet polarizability / epsilon_0
MoS2,482.0,-1.0062765135,-3.0490977775e-05,0.04039571825,3.2552994992e-06,lattice 2D sheet polarizability / epsilon_0
MoS2,482.2,-1.0042654887,-3.033238421e-05,0.040250908478,3.2225056001e-06,lattice 2D sheet polarizability / epsilon_0
MoS2,482.4,-1.0022616489,-3.0175351169e-05,0.040106865346,3.190202278e-06,lattice 2D sheet polarizability / epsilon_0
MoS2,482.6,-1.0002649564,-3.0019856023e-05,0.039963583465,3.1583798302e-06,lattice 2D sheet polarizability / epsilon_0
MoS2,482.8,-0.99827537349,-2.9865876574e-05,0.039821057491,3.1270287923e-06,lattice 2D sheet polarizability / epsilon_0
MoS2,483.0,-0.99629286287,-2.9713391044e-05,0.039679282128,3.0961399303e-06,lattice 2D sheet polarizability / epsilon_0
MoS2,483.2,-0.99431738742,-2.9562378067e-05,0.039538252126,3.0657042349e-06,lattice 2D sheet polarizability / epsilon_0
MoS2,483.4,-0.99234891032,-2.9412816674e-05,0.039397962282,3.0357129141e-06,lattice 2D sheet polarizability / epsilon_0
MoS2,483.6,-0.99038739499,-2.9264686291e-05,0.039258407435,3.0061573879e-06,lattice 2D sheet polarizability / epsilon_0
MoS2,483.8,-0.9884328051,-2.9117966725e-05,0.039119582472,2.9770292812e-06,lattice 2D sheet polarizability / epsilon_0
MoS2,484.0,-0.98648510459,-2.897263816e-05,0.038981482323,2.9483204188e-06,lattice 2D sheet polarizability / epsilon_0
MoS2,484.2,-0.98454425762,-2.882868114e-05,0.038844101963,2.9200228193e-06,lattice 2D sheet polarizability / epsilon_0
MoS2,484.4,-0.98261022864,-2.8686076571e-05,0.038707436408,2.8921286898e-06,lattice 2D sheet polarizability / epsilon_0
MoS2,484.6,-0.98068298229,-2.8544805706e-05,0.038571480721,2.8646304204e-06,lattice 2D sheet polarizability / epsilon_0
MoS2,484.8,-0.97876248351,-2.8404850139e-05,0.038436230003,2.8375205794e-06,lattice 2D sheet polarizability / epsilon_0
MoS2,485.0,-0.97684869744,-2.8266191798e-05,0.038301679401,2.8107919081e-06,lattice 2D sheet polarizability / epsilon_0
MoS2,485.2,-0.97494158947,-2.8128812937e-05,0.038167824101,2.7844373158e-06,lattice 2D sheet polarizability / epsilon_0
MoS2,485.4,-0.97304112523,-2.799269613e-05,0.038034659331,2.7584498759e-06,lattice 2D sheet polarizability / epsilon_0
MoS2,485.6,-0.97114727058,-2.7857824261e-05,0.037902180362,2.7328228205e-06,lattice 2D sheet polarizability / epsilon_0
MoS2,485.8,-0.96925999163,-2.772418052e-05,0.037770382501,2.7075495366e-06,lattice 2D sheet polarizability / epsilon_0
MoS2,486.0,-0.9673792547,-2.7591748396e-05,0.0376392611,2.6826235618e-06,lattice 2D sheet polarizability / epsilon_0
MoS2,486.2,-0.96550502634,-2.7460511668e-05,0.037508811547,2.6580385801e-06,lattice 2D sheet polarizability / epsilon_0
MoS2,486.4,-0.96363727335,-2.7330454401e-05,0.03737902927,2.633788418e-06,lattice 2D sheet polarizability / epsilon_0
MoS2,486.6,-0.96177596271,-2.7201560941e-05,0.037249909737,2.6098670409e-06,lattice 2D sheet polarizability / epsilon_0
MoS2,486.8,-0.95992106168,-2.7073815905e-05,0.037121448452,2.5862685488e-06,lattice 2D sheet polarizability / epsilon_0
MoS2,487.0,-0.95807253769,-2.6947204178e-05,0.036993640961,2.5629871733e-06,lattice 2D sheet polarizability / epsilon_0
MoS2,487.2,-0.95623035842,-2.6821710906e-05,0.036866482843,2.5400172739e-06,lattice 2D sheet polarizability / epsilon_0
MoS2,487.4,-0.95439449176,-2.6697321494e-05,0.036739969718,2.5173533346e-06,lattice 2D sheet polarizability / epsilon_0
MoS2,487.6,-0.95256490582,-2.6574021593e-05,0.03661409724,2.4949899606e-06,lattice 2D sheet polarizability / epsilon_0
MoS2,487.8,-0.9507415689,-2.6451797103e-05,0.036488861102,2.4729218751e-06,lattice 2D sheet polarizability / epsilon_0
MoS2,488.0,-0.94892444955,-2.6330634162e-05,0.036364257031,2.4511439164e-06,lattice 2D sheet polarizability / epsilon_0
MoS2,488.2,-0.9471135165,-2.6210519145e-05,0.036240280791,2.4296510348e-06,lattice 2D sheet polarizability / epsilon_0
MoS2,488.4,-0.94530873871,-2.6091438654e-05,0.036116928181,2.4084382896e-06,lattice 2D sheet polarizability / epsilon_0
MoS2,488.6,-0.94351008532,-2.597337952e-05,0.035994195036,2.3875008464e-06,lattice 2D sheet polarizability / epsilon_0
MoS2,488.8,-0.9417175257,-2.5856328793e-05,0.035872077223,2.3668339744e-06,lattice 2D sheet polarizability / epsilon_0
MoS2,489.0,-0.93993102941,-2.5740273739e-05,0.035750570647,2.3464330439e-06,lattice 2D sheet polarizability / epsilon_0
MoS2,489.2,-0.93815056623,-2.5625201836e-05,0.035629671245,2.3262935233e-06,lattice 2D sheet polarizability / epsilon_0
MoS2,489.4,-0.93637610611,-2.5511100768e-05,0.035509374987,2.3064109769e-06,lattice 2D sheet polarizability / epsilon_0
MoS2,489.6,-0.93460761922,-2.5397958425e-05,0.035389677878,2.2867810627e-06,lattice 2D sheet polarizability / epsilon_0
MoS2,489.8,-0.93284507592,-2.5285762893e-05,0.035270575955,2.2673995294e-06,lattice 2D sheet polarizability / epsilon_0
MoS2,490.0,-0.93108844678,-2.5174502455e-05,0.035152065288,2.2482622148e-06,lattice 2D sheet polarizability / epsilon_0
MoS2,490.2,-0.92933770253,-2.5064165584e-05,0.035034141979,2.2293650434e-06,lattice 2D sheet polarizability / epsilon_0
MoS2,490.4,-0.92759281412,-2.495474094e-05,0.034916802163,2.2107040239e-06,lattice 2D sheet polarizability / epsilon_0
MoS2,490.6,-0.92585375269,-2.4846217368e-05,0.034800042005,2.1922752474e-06,lattice 2D sheet polarizability / epsilon_0
MoS2,490.8,-0.92412048955,-2.4738583891e-05,0.034683857704,2.1740748856e-06,lattice 2D sheet polarizability / epsilon_0
MoS2,491.0,-0.92239299622,-2.4631829708e-05,0.034568245488,2.1560991884e-06,lattice 2D sheet polarizability / epsilon_0
MoS2,491.2,-0.92067124438,-2.4525944191e-05,0.034453201616,2.1383444822e-06,lattice 2D sheet polarizability / epsilon_0
MoS2,491.4,-0.91895520592,-2.4420916884e-05,0.034338722379,2.1208071679e-06,lattice 2D sheet polarizability / epsilon_0
MoS2,491.6,-0.9172448529,-2.4316737492e-05,0.034224804095,2.1034837194e-06,lattice 2D sheet polarizability / epsilon_0
MoS2,491.8,-0.91554015756,-2.4213395887e-05,0.034111443116,2.0863706815e-06,lattice 2D sheet polarizability / epsilon_0
MoS2,492.0,-0.91384109232,-2.4110882098e-05,0.033998635822,2.0694646684e-06,lattice 2D sheet polarizability / epsilon_0
MoS2,492.2,-0.91214762978,-2.4009186311e-05,0.03388637862,2.0527623619e-06,lattice 2D sheet polarizability / epsilon_0
MoS2,492.4,-0.91045974273,-2.3908298866e-05,0.033774667949,2.0362605101e-06,lattice 2D sheet polarizability / epsilon_0
MoS2,492.6,-0.90877740411,-2.3808210253e-05,0.033663500276,2.0199559252e-06,lattice 2D sheet polarizability / epsilon_0
MoS2,492.8,-0.90710058706,-2.3708911109e-05,0.033552872097,2.0038454828e-06,lattice 2D sheet polarizability / epsilon_0
MoS2,493.0,-0.90542926487,-2.3610392217e-05,0.033442779934,1.9879261197e-06,lattice 2D sheet polarizability / epsilon_0
MoS2,493.2,-0.90376341101,-2.3512644501e-05,0.033333220339,1.9721948328e-06,lattice 2D sheet polarizability / epsilon_0
MoS2,493.4,-0.90210299912,-2.3415659024e-05,0.033224189891,1.9566486777e-06,lattice 2D sheet polarizability / epsilon_0
MoS2,493.6,-0.90044800303,-2.3319426986e-05,0.033115685197,1.9412847673e-06,lattice 2D sheet polarizability / epsilon_0
MoS2,493.8,-0.89879839669,-2.322393972e-05,0.033007702891,1.9261002703e-06,lattice 2D sheet polarizability / epsilon_0
MoS2,494.0,-0.89715415426,-2.3129188693e-05,0.032900239632,1.9110924102e-06,lattice 2D sheet polarizability / epsilon_0
MoS2,494.2,-0.89551525004,-2.3035165499e-05,0.032793292109,1.8962584639e-06,lattice 2D sheet polarizability / epsilon_0
MoS2,494.4,-0.89388165851,-2.2941861858e-05,0.032686857034,1.8815957602e-06,lattice 2D sheet polarizability / epsilon_0
MoS2,494.6,-0.8922533543,-2.2849269617e-05,0.032580931147,1.8671016793e-06,lattice 2D sheet polarizability / epsilon_0
MoS2,494.8,-0.89063031219,-2.2757380742e-05,0.032475511214,1.8527736509e-06,lattice 2D sheet polarizability / epsilon_0
MoS2,495.0,-0.88901250715,-2.266618732e-05,0.032370594026,1.8386091536e-06,lattice 2D sheet polarizability / epsilon_0
MoS2,495.2,-0.88739991429,-2.2575681556e-05,0.0322661764,1.8246057133e-06,lattice 2D sheet polarizability / epsilon_0
MoS2,495.4,-0.88579250886,-2.2485855769e-05,0.032162255177,1.8107609027e-06,lattice 2D sheet polarizability / epsilon_0
MoS2,495.6,-0.88419026631,-2.2396702393e-05,0.032058827223,1.7970723398e-06,lattice 2D sheet polarizability / epsilon_0
MoS2,495.8,-0.8825931622,-2.230821397e-05,0.031955889431,1.7835376872e-06,lattice 2D sheet polarizability / epsilon_0
MoS2,496.0,-0.88100117227,-2.2220383156e-05,0.031853438715,1.7701546508e-06,lattice 2D sheet polarizability / epsilon_0
MoS2,496.2,-0.8794142724,-2.2133202709e-05,0.031751472015,1.7569209791e-06,lattice 2D sheet polarizability / epsilon_0
MoS2,496.4,-0.87783243863,-2.2046665495e-05,0.031649986296,1.7438344622e-06,lattice 2D sheet polarizability / epsilon_0
MoS2,496.6,-0.87625564714,-2.1960764484e-05,0.031548978545,1.7308929307e-06,lattice 2D sheet polarizability / epsilon_0
MoS2,496.8,-0.87468387426,-2.1875492746e-05,0.031448445774,1.718094255e-06,lattice 2D sheet polarizability / epsilon_0
MoS2,497.0,-0.87311709648,-2.179084345e-05,0.031348385016,1.7054363446e-06,lattice 2D sheet polarizability / epsilon_0
MoS2,497.2,-0.87155529042,-2.1706809865e-05,0.031248793329,1.6929171467e-06,lattice 2D sheet polarizability / epsilon_0
MoS2,497.4,-0.86999843285,-2.1623385355e-05,0.031149667793,1.680534646e-06,lattice 2D sheet polarizability / epsilon_0
MoS2,497.6,-0.86844650069,-2.1540563378e-05,0.031051005513,1.6682868633e-06,lattice 2D sheet polarizability / epsilon_0
MoS2,497.8,-0.86689947099,-2.1458337485e-05,0.030952803612,1.6561718553e-06,lattice 2D sheet polarizability / epsilon_0
MoS2,498.0,-0.86535732097,-2.137670132e-05,0.03085505924,1.6441877135e-06,lattice 2D sheet polarizability / epsilon_0
MoS2,498.2,-0.86382002795,-2.1295648613e-05,0.030757769565,1.6323325634e-06,lattice 2D sheet polarizability / epsilon_0
MoS2,498.4,-0.86228756942,-2.1215173186e-05,0.030660931781,1.6206045639e-06,lattice 2D sheet polarizability / epsilon_0
MoS2,498.6,-0.860759923,-2.1135268943e-05,0.030564543098,1.6090019067e-06,lattice 2D sheet polarizability / epsilon_0
MoS2,498.8,-0.85923706644,-2.1055929878e-05,0.030468600754,1.5975228154e-06,lattice 2D sheet polarizability / epsilon_0
MoS2,499.0,-0.85771897764,-2.0977150065e-05,0.030373102003,1.5861655448e-06,lattice 2D sheet polarizability / epsilon_0
MoS2,499.2,-0.85620563463,-2.089892366e-05,0.030278044123,1.5749283805e-06,lattice 2D sheet polarizability / epsilon_0
MoS2,499.4,-0.85469701557,-2.0821244902e-05,0.030183424411,1.5638096381e-06,lattice 2D sheet polarizability / epsilon_0
MoS2,499.6,-0.85319309875,-2.0744108108e-05,0.030089240186,1.5528076624e-06,lattice 2D sheet polarizability / epsilon_0
MoS2,499.8,-0.85169386261,-2.0667507672e-05,0.029995488787,1.5419208272e-06,lattice 2D sheet polarizability / epsilon_0
MoS2,500.0,-0.8501992857,-2.0591438066e-05,0.029902167573,1.5311475343e-06,lattice 2D sheet polarizability / epsilon_0
