                                                                                     
                              ABACUS v3.10.0

               Atomic-orbital Based Ab-initio Computation at UStc                    

                     Website: http://abacus.ustc.edu.cn/                             
               Documentation: https://abacus.deepmodeling.com/                       
                  Repository: https://github.com/abacusmodeling/abacus-develop       
                              https://github.com/deepmodeling/abacus-develop         
                      Commit: e84abb4 (Sat Jun 28 13:06:46 2025 +0800)

    Start Time is Fri Sep  4 16:33:33 2026
                                                                                     
 ------------------------------------------------------------------------------------

 READING GENERAL INFORMATION
                           global_out_dir = OUT.POLAR/
                           global_in_card = INPUT
                               pseudo_dir = ./
                              orbital_dir = ./
                                    DRANK = 1
                                    DSIZE = 1
                                   DCOLOR = 1
                                    GRANK = 1
                                    GSIZE = 1




 >>>>>>>>>>>>>>>>>>>>>>>>>>>>>>>>>>>>>>>>>>>>>>>>>>>>>>>>>>>>>>>>>>>>>>
 |                                                                    |
 | Reading atom information in unitcell:                              |
 | From the input file and the structure file we know the number of   |
 | different elments in this unitcell, then we list the detail        |
 | information for each element, especially the zeta and polar atomic |
 | orbital number for each element. The total atom number is counted. |
 | We calculate the nearest atom distance for each atom and show the  |
 | Cartesian and Direct coordinates for each atom. We list the file   |
 | address for atomic orbitals. The volume and the lattice vectors    |
 | in real and reciprocal space is also shown.                        |
 |                                                                    |
 <<<<<<<<<<<<<<<<<<<<<<<<<<<<<<<<<<<<<<<<<<<<<<<<<<<<<<<<<<<<<<<<<<<<<<




 READING UNITCELL INFORMATION
                                    ntype = 2
                  lattice constant (Bohr) = 1.88973
              lattice constant (Angstrom) = 1

 READING ATOM TYPE 1
                               atom label = N
                      L=0, number of zeta = 2
                      L=1, number of zeta = 2
                      L=2, number of zeta = 1
             number of atom for this type = 1

 READING ATOM TYPE 2
                               atom label = B
                      L=0, number of zeta = 2
                      L=1, number of zeta = 2
                      L=2, number of zeta = 1
             number of atom for this type = 1

                        TOTAL ATOM NUMBER = 2
DIRECT COORDINATES
    atom                   x                   y                   z     mag                  vx                  vy                  vz
taud_N1            0.3357671755        0.6715343521        0.5000000000  0.0000        0.0000000000        0.0000000000        0.0000000000
taud_B1            0.6666666270        0.3333333130        0.5000000000  0.0000        0.0000000000        0.0000000000        0.0000000000



                          Volume (Bohr^3) = 1105.12
                             Volume (A^3) = 163.761

 Lattice vectors: (Cartesian coordinate: in unit of a_0)
             +2.51061                  +0                  +0
             -1.25531            +2.17425                  +0
                   +0                  +0                 +30
 Reciprocal vectors: (Cartesian coordinate: in unit of 2 pi/a_0)
            +0.398309           +0.229964                  -0
                   -0           +0.459928                  -0
                   +0                  -0          +0.0333333
 The esolver type has been set to : ksdft_lcao

 RUNNING WITH DEVICE  : CPU / Intel(R) Xeon(R) Gold 6248 CPU @ 2.50GHz




 >>>>>>>>>>>>>>>>>>>>>>>>>>>>>>>>>>>>>>>>>>>>>>>>>>>>>>>>>>>>>>>>>>>>>>
 |                                                                    |
 | Reading pseudopotentials files:                                    |
 | The pseudopotential file is in UPF format. The 'NC' indicates that |
 | the type of pseudopotential is 'norm conserving'. Functional of    |
 | exchange and correlation is decided by 4 given parameters in UPF   |
 | file.  We also read in the 'core correction' if there exists.      |
 | Also we can read the valence electrons number and the maximal      |
 | angular momentum used in this pseudopotential. We also read in the |
 | trail wave function, trail atomic density and local-pseudopotential|
 | on logrithmic grid. The non-local pseudopotential projector is also|
 | read in if there is any.                                           |
 |                                                                    |
 <<<<<<<<<<<<<<<<<<<<<<<<<<<<<<<<<<<<<<<<<<<<<<<<<<<<<<<<<<<<<<<<<<<<<<




                PAO radial cut off (Bohr) = 15

 Read in pseudopotential file is N.upf
                     pseudopotential type = NC
          exchange-correlation functional = PBE
                 nonlocal core correction = 1
                        valence electrons = 5
                                     lmax = 1
                           number of zeta = 2
                     number of projectors = 4
                           L of projector = 0
                           L of projector = 0
                           L of projector = 1
                           L of projector = 1
                PAO radial cut off (Bohr) = 15

 Read in pseudopotential file is B.upf
                     pseudopotential type = NC
          exchange-correlation functional = PBE
                 nonlocal core correction = 1
                        valence electrons = 3
                                     lmax = 1
                           number of zeta = 2
                     number of projectors = 4
                           L of projector = 0
                           L of projector = 0
                           L of projector = 1
                           L of projector = 1
     initial pseudo atomic orbital number = 8

 SETUP THE ELECTRONS NUMBER
             electron number of element N = 5
       total electron number of element N = 5
             electron number of element B = 3
       total electron number of element B = 3
            AUTOSET number of electrons:  = 8
                           occupied bands = 4
                                   NLOCAL = 26
                                   NBANDS = 14
                                   NBANDS = 14
                                   NLOCAL = 26




 >>>>>>>>>>>>>>>>>>>>>>>>>>>>>>>>>>>>>>>>>>>>>>>>>>>>>>>>>>>>>>>>>>>>>>
 |                                                                    |
 | Setup plane waves of charge/potential:                             |
 | Use the energy cutoff and the lattice vectors to generate the      |
 | dimensions of FFT grid. The number of FFT grid on each processor   |
 | is 'nrxx'. The number of plane wave basis in reciprocal space is   |
 | different for charege/potential and wave functions. We also set    |
 | the 'sticks' for the parallel of FFT. The number of plane waves    |
 | is 'npw' in each processor.                                        |
 <<<<<<<<<<<<<<<<<<<<<<<<<<<<<<<<<<<<<<<<<<<<<<<<<<<<<<<<<<<<<<<<<<<<<<





 SETUP THE PLANE WAVE BASIS
 energy cutoff for charge/potential (unit:Ry) = 400
            fft grid for charge/potential = [ 32, 32, 375 ]
                        fft grid division = [ 4, 4, 3 ]
        big fft grid for charge/potential = [ 8, 8, 125 ]
                                     nbxx = 8000
                                     nrxx = 384000

 SETUP PLANE WAVES FOR CHARGE/POTENTIAL
                    number of plane waves = 148909
                         number of sticks = 625

 PARALLEL PW FOR CHARGE/POTENTIAL
     PROC   COLUMNS(POT)             PW
        1            625         148909
 --------------- sum -------------------
        1            625         148909
                            number of |g| = 7324
                                  max |g| = 36.1822
                                  min |g| = 0
 DONE : SETUP UNITCELL Time : 0.105993 (SEC)


----------- Double Check Mixing Parameters Begin ------------
mixing_type: broyden
mixing_beta: 0.8
mixing_gg0: 1
mixing_gg0_min: 0.1
mixing_ndim: 8
----------- Double Check Mixing Parameters End ------------




 >>>>>>>>>>>>>>>>>>>>>>>>>>>>>>>>>>>>>>>>>>>>>>>>>>>>>>>>>>>>>>>>>>>>>>
 |                                                                    |
 | Doing symmetry analysis:                                           |
 | We calculate the norm of 3 vectors and the angles between them,    |
 | the type of Bravais lattice is given. We can judge if the unticell |
 | is a primitive cell. Finally we give the point group operation for |
 | this unitcell. We use the point group operations to do symmetry |
 | analysis on given k-point mesh and the charge density.             |
 |                                                                    |
 <<<<<<<<<<<<<<<<<<<<<<<<<<<<<<<<<<<<<<<<<<<<<<<<<<<<<<<<<<<<<<<<<<<<<<




 LATTICE VECTORS: (CARTESIAN COORDINATE: IN UNIT OF A0)
             +2.51061                  +0                  +0
             -1.25531            +2.17425                  +0
                   +0                  +0                 +30
                       right hand lattice = 1
                                   NORM_A = 2.51061
                                   NORM_B = 2.51061
                                   NORM_C = 30
                           ALPHA (DEGREE) = 90
                           BETA  (DEGREE) = 90
                           GAMMA (DEGREE) = 120

 The lattice vectors have been changed (STRU_SIMPLE.cif)

(for optimal symmetric configuration:)
                             BRAVAIS TYPE = 4
                     BRAVAIS LATTICE NAME = 04. Hexagonal cell
                                    ibrav = 4
                                    IBRAV = 4
                                  BRAVAIS = HEXAGONAL CELL
                       LATTICE CONSTANT A = 2.51061
                                C/A RATIO = 11.9493
Original cell was already a primitive cell.
                        ROTATION MATRICES = 24
              PURE POINT GROUP OPERATIONS = 4
                   SPACE GROUP OPERATIONS = 4
                                       C2 = 1
                                       C3 = 0
                                       C4 = 0
                                       C6 = 0
                                       S1 = 2
                                       S3 = 0
                                       S4 = 0
                                       S6 = 0
                              POINT GROUP = C_2v
                                       C2 = 1
                                       C3 = 0
                                       C4 = 0
                                       C6 = 0
                                       S1 = 2
                                       S3 = 0
                                       S4 = 0
                                       S6 = 0
               POINT GROUP IN SPACE GROUP = C_2v
 DONE : SYMMETRY Time : 0.130453 (SEC)





 >>>>>>>>>>>>>>>>>>>>>>>>>>>>>>>>>>>>>>>>>>>>>>>>>>>>>>>>>>>>>>>>>>>>>>
 |                                                                    |
 | Setup K-points                                                     |
 | We setup the k-points according to input parameters.               |
 | The reduced k-points are set according to symmetry operations.     |
 | We treat the spin as another set of k-points.                      |
 |                                                                    |
 <<<<<<<<<<<<<<<<<<<<<<<<<<<<<<<<<<<<<<<<<<<<<<<<<<<<<<<<<<<<<<<<<<<<<<





 SETUP K-POINTS
                                    nspin = 1
                   Input type of k points = Monkhorst-Pack(Gamma)
                                   nkstot = 256
                       right hand lattice = 1
(for reciprocal lattice: )
                             BRAVAIS TYPE = 4
                     BRAVAIS LATTICE NAME = 04. Hexagonal cell
                                    ibrav = 4
                       right hand lattice = 1
(for k-lattice: )
                             BRAVAIS TYPE = 4
                     BRAVAIS LATTICE NAME = 04. Hexagonal cell
                                    ibrav = 4
                       right hand lattice = 1
                        ROTATION MATRICES = 24
                               nkstot_ibz = 73
K-POINTS REDUCTION ACCORDING TO SYMMETRY
     IBZ    DIRECT_X    DIRECT_Y    DIRECT_Z  WEIGHT  ibz2bz
       1  0.00000000  0.00000000  0.00000000  0.0039       0
       2 -0.06250000  0.06250000  0.00000000  0.0156       1
       3 -0.12500000  0.12500000  0.00000000  0.0156       2
       4 -0.18750000  0.18750000  0.00000000  0.0156       3
       5 -0.25000000  0.25000000  0.00000000  0.0156       4
       6 -0.31250000  0.31250000  0.00000000  0.0156       5
       7 -0.37500000  0.37500000  0.00000000  0.0156       6
       8 -0.43750000  0.43750000  0.00000000  0.0156       7
       9  0.50000000  0.50000000  0.00000000  0.0078       8
      10  0.00000000  0.06250000  0.00000000  0.0078      16
      11 -0.06250000  0.12500000  0.00000000  0.0156      17
      12 -0.12500000  0.18750000  0.00000000  0.0156      18
      13 -0.18750000  0.25000000  0.00000000  0.0156      19
      14 -0.25000000  0.31250000  0.00000000  0.0156      20
      15 -0.31250000  0.37500000  0.00000000  0.0156      21
      16 -0.37500000  0.43750000  0.00000000  0.0156      22
      17  0.43750000  0.50000000  0.00000000  0.0156      23
      18  0.50000000  0.43750000  0.00000000  0.0156      24
      19  0.43750000 -0.37500000  0.00000000  0.0156      25
      20  0.37500000 -0.31250000  0.00000000  0.0156      26
      21  0.31250000 -0.25000000  0.00000000  0.0156      27
      22  0.25000000 -0.18750000  0.00000000  0.0156      28
      23  0.18750000 -0.12500000  0.00000000  0.0156      29
      24  0.12500000 -0.06250000  0.00000000  0.0078      30
      25  0.00000000  0.12500000  0.00000000  0.0078      32
      26 -0.06250000  0.18750000  0.00000000  0.0156      33
      27 -0.12500000  0.25000000  0.00000000  0.0156      34
      28 -0.18750000  0.31250000  0.00000000  0.0156      35
      29 -0.25000000  0.37500000  0.00000000  0.0156      36
      30 -0.31250000  0.43750000  0.00000000  0.0156      37
      31  0.37500000  0.50000000  0.00000000  0.0156      38
      32  0.43750000  0.43750000  0.00000000  0.0156      39
      33  0.50000000  0.37500000  0.00000000  0.0156      40
      34  0.43750000 -0.31250000  0.00000000  0.0156      41
      35  0.37500000 -0.25000000  0.00000000  0.0156      42
      36  0.31250000 -0.18750000  0.00000000  0.0156      43
      37  0.25000000 -0.12500000  0.00000000  0.0078      44
      38  0.00000000  0.18750000  0.00000000  0.0078      48
      39 -0.06250000  0.25000000  0.00000000  0.0156      49
      40 -0.12500000  0.31250000  0.00000000  0.0156      50
      41 -0.18750000  0.37500000  0.00000000  0.0156      51
      42 -0.25000000  0.43750000  0.00000000  0.0156      52
      43  0.31250000  0.50000000  0.00000000  0.0156      53
      44  0.37500000  0.43750000  0.00000000  0.0156      54
      45  0.43750000  0.37500000  0.00000000  0.0156      55
      46  0.50000000  0.31250000  0.00000000  0.0156      56
      47  0.43750000 -0.25000000  0.00000000  0.0156      57
      48  0.37500000 -0.18750000  0.00000000  0.0078      58
      49  0.00000000  0.25000000  0.00000000  0.0078      64
      50 -0.06250000  0.31250000  0.00000000  0.0156      65
      51 -0.12500000  0.37500000  0.00000000  0.0156      66
      52 -0.18750000  0.43750000  0.00000000  0.0156      67
      53  0.25000000  0.50000000  0.00000000  0.0156      68
      54  0.31250000  0.43750000  0.00000000  0.0156      69
      55  0.37500000  0.37500000  0.00000000  0.0156      70
      56  0.43750000  0.31250000  0.00000000  0.0156      71
      57  0.50000000  0.25000000  0.00000000  0.0078      72
      58  0.00000000  0.31250000  0.00000000  0.0078      80
      59 -0.06250000  0.37500000  0.00000000  0.0156      81
      60 -0.12500000  0.43750000  0.00000000  0.0156      82
      61  0.18750000  0.50000000  0.00000000  0.0156      83
      62  0.25000000  0.43750000  0.00000000  0.0156      84
      63  0.31250000  0.37500000  0.00000000  0.0156      85
      64  0.37500000  0.31250000  0.00000000  0.0078      86
      65  0.00000000  0.37500000  0.00000000  0.0078      96
      66 -0.06250000  0.43750000  0.00000000  0.0156      97
      67  0.12500000  0.50000000  0.00000000  0.0156      98
      68  0.18750000  0.43750000  0.00000000  0.0156      99
      69  0.25000000  0.37500000  0.00000000  0.0078     100
      70  0.00000000  0.43750000  0.00000000  0.0078     112
      71  0.06250000  0.50000000  0.00000000  0.0156     113
      72  0.12500000  0.43750000  0.00000000  0.0078     114
      73  0.00000000  0.50000000  0.00000000  0.0039     128

                               nkstot now = 73
K-POINTS DIRECT COORDINATES
 KPOINTS    DIRECT_X    DIRECT_Y    DIRECT_Z  WEIGHT
       1  0.00000000  0.00000000  0.00000000  0.0039
       2 -0.06250000  0.06250000  0.00000000  0.0156
       3 -0.12500000  0.12500000  0.00000000  0.0156
       4 -0.18750000  0.18750000  0.00000000  0.0156
       5 -0.25000000  0.25000000  0.00000000  0.0156
       6 -0.31250000  0.31250000  0.00000000  0.0156
       7 -0.37500000  0.37500000  0.00000000  0.0156
       8 -0.43750000  0.43750000  0.00000000  0.0156
       9  0.50000000  0.50000000  0.00000000  0.0078
      10  0.00000000  0.06250000  0.00000000  0.0078
      11 -0.06250000  0.12500000  0.00000000  0.0156
      12 -0.12500000  0.18750000  0.00000000  0.0156
      13 -0.18750000  0.25000000  0.00000000  0.0156
      14 -0.25000000  0.31250000  0.00000000  0.0156
      15 -0.31250000  0.37500000  0.00000000  0.0156
      16 -0.37500000  0.43750000  0.00000000  0.0156
      17  0.43750000  0.50000000  0.00000000  0.0156
      18  0.50000000  0.43750000  0.00000000  0.0156
      19  0.43750000 -0.37500000  0.00000000  0.0156
      20  0.37500000 -0.31250000  0.00000000  0.0156
      21  0.31250000 -0.25000000  0.00000000  0.0156
      22  0.25000000 -0.18750000  0.00000000  0.0156
      23  0.18750000 -0.12500000  0.00000000  0.0156
      24  0.12500000 -0.06250000  0.00000000  0.0078
      25  0.00000000  0.12500000  0.00000000  0.0078
      26 -0.06250000  0.18750000  0.00000000  0.0156
      27 -0.12500000  0.25000000  0.00000000  0.0156
      28 -0.18750000  0.31250000  0.00000000  0.0156
      29 -0.25000000  0.37500000  0.00000000  0.0156
      30 -0.31250000  0.43750000  0.00000000  0.0156
      31  0.37500000  0.50000000  0.00000000  0.0156
      32  0.43750000  0.43750000  0.00000000  0.0156
      33  0.50000000  0.37500000  0.00000000  0.0156
      34  0.43750000 -0.31250000  0.00000000  0.0156
      35  0.37500000 -0.25000000  0.00000000  0.0156
      36  0.31250000 -0.18750000  0.00000000  0.0156
      37  0.25000000 -0.12500000  0.00000000  0.0078
      38  0.00000000  0.18750000  0.00000000  0.0078
      39 -0.06250000  0.25000000  0.00000000  0.0156
      40 -0.12500000  0.31250000  0.00000000  0.0156
      41 -0.18750000  0.37500000  0.00000000  0.0156
      42 -0.25000000  0.43750000  0.00000000  0.0156
      43  0.31250000  0.50000000  0.00000000  0.0156
      44  0.37500000  0.43750000  0.00000000  0.0156
      45  0.43750000  0.37500000  0.00000000  0.0156
      46  0.50000000  0.31250000  0.00000000  0.0156
      47  0.43750000 -0.25000000  0.00000000  0.0156
      48  0.37500000 -0.18750000  0.00000000  0.0078
      49  0.00000000  0.25000000  0.00000000  0.0078
      50 -0.06250000  0.31250000  0.00000000  0.0156
      51 -0.12500000  0.37500000  0.00000000  0.0156
      52 -0.18750000  0.43750000  0.00000000  0.0156
      53  0.25000000  0.50000000  0.00000000  0.0156
      54  0.31250000  0.43750000  0.00000000  0.0156
      55  0.37500000  0.37500000  0.00000000  0.0156
      56  0.43750000  0.31250000  0.00000000  0.0156
      57  0.50000000  0.25000000  0.00000000  0.0078
      58  0.00000000  0.31250000  0.00000000  0.0078
      59 -0.06250000  0.37500000  0.00000000  0.0156
      60 -0.12500000  0.43750000  0.00000000  0.0156
      61  0.18750000  0.50000000  0.00000000  0.0156
      62  0.25000000  0.43750000  0.00000000  0.0156
      63  0.31250000  0.37500000  0.00000000  0.0156
      64  0.37500000  0.31250000  0.00000000  0.0078
      65  0.00000000  0.37500000  0.00000000  0.0078
      66 -0.06250000  0.43750000  0.00000000  0.0156
      67  0.12500000  0.50000000  0.00000000  0.0156
      68  0.18750000  0.43750000  0.00000000  0.0156
      69  0.25000000  0.37500000  0.00000000  0.0078
      70  0.00000000  0.43750000  0.00000000  0.0078
      71  0.06250000  0.50000000  0.00000000  0.0156
      72  0.12500000  0.43750000  0.00000000  0.0078
      73  0.00000000  0.50000000  0.00000000  0.0039


           k-point number in this process = 73
       minimum distributed K point number = 73
starsize: 1
isym: 0 ks_vec: 0 0 0
starsize: 4
isym: 0 ks_vec: -0.0625 0.0625 0
isym: 2 ks_vec: 0.0625 0 0
isym: 4 ks_vec: 0.0625 -0.0625 0
isym: 6 ks_vec: -0.0625 0 0
starsize: 4
isym: 0 ks_vec: -0.125 0.125 0
isym: 2 ks_vec: 0.125 0 0
isym: 4 ks_vec: 0.125 -0.125 0
isym: 6 ks_vec: -0.125 0 0
starsize: 4
isym: 0 ks_vec: -0.1875 0.1875 0
isym: 2 ks_vec: 0.1875 0 0
isym: 4 ks_vec: 0.1875 -0.1875 0
isym: 6 ks_vec: -0.1875 0 0
starsize: 4
isym: 0 ks_vec: -0.25 0.25 0
isym: 2 ks_vec: 0.25 0 0
isym: 4 ks_vec: 0.25 -0.25 0
isym: 6 ks_vec: -0.25 0 0
starsize: 4
isym: 0 ks_vec: -0.3125 0.3125 0
isym: 2 ks_vec: 0.3125 0 0
isym: 4 ks_vec: 0.3125 -0.3125 0
isym: 6 ks_vec: -0.3125 0 0
starsize: 4
isym: 0 ks_vec: -0.375 0.375 0
isym: 2 ks_vec: 0.375 0 0
isym: 4 ks_vec: 0.375 -0.375 0
isym: 6 ks_vec: -0.375 0 0
starsize: 4
isym: 0 ks_vec: -0.4375 0.4375 0
isym: 2 ks_vec: 0.4375 0 0
isym: 4 ks_vec: 0.4375 -0.4375 0
isym: 6 ks_vec: -0.4375 0 0
starsize: 2
isym: 0 ks_vec: 0.5 0.5 0
isym: 2 ks_vec: 0.5 0 0
starsize: 2
isym: 0 ks_vec: 0 0.0625 0
isym: 4 ks_vec: 0 -0.0625 0
starsize: 4
isym: 0 ks_vec: -0.0625 0.125 0
isym: 2 ks_vec: 0.0625 0.0625 0
isym: 4 ks_vec: 0.0625 -0.125 0
isym: 6 ks_vec: -0.0625 -0.0625 0
starsize: 4
isym: 0 ks_vec: -0.125 0.1875 0
isym: 2 ks_vec: 0.125 0.0625 0
isym: 4 ks_vec: 0.125 -0.1875 0
isym: 6 ks_vec: -0.125 -0.0625 0
starsize: 4
isym: 0 ks_vec: -0.1875 0.25 0
isym: 2 ks_vec: 0.1875 0.0625 0
isym: 4 ks_vec: 0.1875 -0.25 0
isym: 6 ks_vec: -0.1875 -0.0625 0
starsize: 4
isym: 0 ks_vec: -0.25 0.3125 0
isym: 2 ks_vec: 0.25 0.0625 0
isym: 4 ks_vec: 0.25 -0.3125 0
isym: 6 ks_vec: -0.25 -0.0625 0
starsize: 4
isym: 0 ks_vec: -0.3125 0.375 0
isym: 2 ks_vec: 0.3125 0.0625 0
isym: 4 ks_vec: 0.3125 -0.375 0
isym: 6 ks_vec: -0.3125 -0.0625 0
starsize: 4
isym: 0 ks_vec: -0.375 0.4375 0
isym: 2 ks_vec: 0.375 0.0625 0
isym: 4 ks_vec: 0.375 -0.4375 0
isym: 6 ks_vec: -0.375 -0.0625 0
starsize: 4
isym: 0 ks_vec: 0.4375 0.5 0
isym: 2 ks_vec: -0.4375 -0.0625 0
isym: 4 ks_vec: -0.4375 0.5 0
isym: 6 ks_vec: 0.4375 0.0625 0
starsize: 4
isym: 0 ks_vec: 0.5 0.4375 0
isym: 2 ks_vec: 0.5 -0.0625 0
isym: 4 ks_vec: 0.5 -0.4375 0
isym: 6 ks_vec: 0.5 0.0625 0
starsize: 4
isym: 0 ks_vec: 0.4375 -0.375 0
isym: 2 ks_vec: -0.4375 0.0625 0
isym: 4 ks_vec: -0.4375 0.375 0
isym: 6 ks_vec: 0.4375 -0.0625 0
starsize: 4
isym: 0 ks_vec: 0.375 -0.3125 0
isym: 2 ks_vec: -0.375 0.0625 0
isym: 4 ks_vec: -0.375 0.3125 0
isym: 6 ks_vec: 0.375 -0.0625 0
starsize: 4
isym: 0 ks_vec: 0.3125 -0.25 0
isym: 2 ks_vec: -0.3125 0.0625 0
isym: 4 ks_vec: -0.3125 0.25 0
isym: 6 ks_vec: 0.3125 -0.0625 0
starsize: 4
isym: 0 ks_vec: 0.25 -0.1875 0
isym: 2 ks_vec: -0.25 0.0625 0
isym: 4 ks_vec: -0.25 0.1875 0
isym: 6 ks_vec: 0.25 -0.0625 0
starsize: 4
isym: 0 ks_vec: 0.1875 -0.125 0
isym: 2 ks_vec: -0.1875 0.0625 0
isym: 4 ks_vec: -0.1875 0.125 0
isym: 6 ks_vec: 0.1875 -0.0625 0
starsize: 2
isym: 0 ks_vec: 0.125 -0.0625 0
isym: 2 ks_vec: -0.125 0.0625 0
starsize: 2
isym: 0 ks_vec: 0 0.125 0
isym: 4 ks_vec: 0 -0.125 0
starsize: 4
isym: 0 ks_vec: -0.0625 0.1875 0
isym: 2 ks_vec: 0.0625 0.125 0
isym: 4 ks_vec: 0.0625 -0.1875 0
isym: 6 ks_vec: -0.0625 -0.125 0
starsize: 4
isym: 0 ks_vec: -0.125 0.25 0
isym: 2 ks_vec: 0.125 0.125 0
isym: 4 ks_vec: 0.125 -0.25 0
isym: 6 ks_vec: -0.125 -0.125 0
starsize: 4
isym: 0 ks_vec: -0.1875 0.3125 0
isym: 2 ks_vec: 0.1875 0.125 0
isym: 4 ks_vec: 0.1875 -0.3125 0
isym: 6 ks_vec: -0.1875 -0.125 0
starsize: 4
isym: 0 ks_vec: -0.25 0.375 0
isym: 2 ks_vec: 0.25 0.125 0
isym: 4 ks_vec: 0.25 -0.375 0
isym: 6 ks_vec: -0.25 -0.125 0
starsize: 4
isym: 0 ks_vec: -0.3125 0.4375 0
isym: 2 ks_vec: 0.3125 0.125 0
isym: 4 ks_vec: 0.3125 -0.4375 0
isym: 6 ks_vec: -0.3125 -0.125 0
starsize: 4
isym: 0 ks_vec: 0.375 0.5 0
isym: 2 ks_vec: -0.375 -0.125 0
isym: 4 ks_vec: -0.375 0.5 0
isym: 6 ks_vec: 0.375 0.125 0
starsize: 4
isym: 0 ks_vec: 0.4375 0.4375 0
isym: 2 ks_vec: -0.4375 -0.125 0
isym: 4 ks_vec: -0.4375 -0.4375 0
isym: 6 ks_vec: 0.4375 0.125 0
starsize: 4
isym: 0 ks_vec: 0.5 0.375 0
isym: 2 ks_vec: 0.5 -0.125 0
isym: 4 ks_vec: 0.5 -0.375 0
isym: 6 ks_vec: 0.5 0.125 0
starsize: 4
isym: 0 ks_vec: 0.4375 -0.3125 0
isym: 2 ks_vec: -0.4375 0.125 0
isym: 4 ks_vec: -0.4375 0.3125 0
isym: 6 ks_vec: 0.4375 -0.125 0
starsize: 4
isym: 0 ks_vec: 0.375 -0.25 0
isym: 2 ks_vec: -0.375 0.125 0
isym: 4 ks_vec: -0.375 0.25 0
isym: 6 ks_vec: 0.375 -0.125 0
starsize: 4
isym: 0 ks_vec: 0.3125 -0.1875 0
isym: 2 ks_vec: -0.3125 0.125 0
isym: 4 ks_vec: -0.3125 0.1875 0
isym: 6 ks_vec: 0.3125 -0.125 0
starsize: 2
isym: 0 ks_vec: 0.25 -0.125 0
isym: 2 ks_vec: -0.25 0.125 0
starsize: 2
isym: 0 ks_vec: 0 0.1875 0
isym: 4 ks_vec: 0 -0.1875 0
starsize: 4
isym: 0 ks_vec: -0.0625 0.25 0
isym: 2 ks_vec: 0.0625 0.1875 0
isym: 4 ks_vec: 0.0625 -0.25 0
isym: 6 ks_vec: -0.0625 -0.1875 0
starsize: 4
isym: 0 ks_vec: -0.125 0.3125 0
isym: 2 ks_vec: 0.125 0.1875 0
isym: 4 ks_vec: 0.125 -0.3125 0
isym: 6 ks_vec: -0.125 -0.1875 0
starsize: 4
isym: 0 ks_vec: -0.1875 0.375 0
isym: 2 ks_vec: 0.1875 0.1875 0
isym: 4 ks_vec: 0.1875 -0.375 0
isym: 6 ks_vec: -0.1875 -0.1875 0
starsize: 4
isym: 0 ks_vec: -0.25 0.4375 0
isym: 2 ks_vec: 0.25 0.1875 0
isym: 4 ks_vec: 0.25 -0.4375 0
isym: 6 ks_vec: -0.25 -0.1875 0
starsize: 4
isym: 0 ks_vec: 0.3125 0.5 0
isym: 2 ks_vec: -0.3125 -0.1875 0
isym: 4 ks_vec: -0.3125 0.5 0
isym: 6 ks_vec: 0.3125 0.1875 0
starsize: 4
isym: 0 ks_vec: 0.375 0.4375 0
isym: 2 ks_vec: -0.375 -0.1875 0
isym: 4 ks_vec: -0.375 -0.4375 0
isym: 6 ks_vec: 0.375 0.1875 0
starsize: 4
isym: 0 ks_vec: 0.4375 0.375 0
isym: 2 ks_vec: -0.4375 -0.1875 0
isym: 4 ks_vec: -0.4375 -0.375 0
isym: 6 ks_vec: 0.4375 0.1875 0
starsize: 4
isym: 0 ks_vec: 0.5 0.3125 0
isym: 2 ks_vec: 0.5 -0.1875 0
isym: 4 ks_vec: 0.5 -0.3125 0
isym: 6 ks_vec: 0.5 0.1875 0
starsize: 4
isym: 0 ks_vec: 0.4375 -0.25 0
isym: 2 ks_vec: -0.4375 0.1875 0
isym: 4 ks_vec: -0.4375 0.25 0
isym: 6 ks_vec: 0.4375 -0.1875 0
starsize: 2
isym: 0 ks_vec: 0.375 -0.1875 0
isym: 2 ks_vec: -0.375 0.1875 0
starsize: 2
isym: 0 ks_vec: 0 0.25 0
isym: 4 ks_vec: 0 -0.25 0
starsize: 4
isym: 0 ks_vec: -0.0625 0.3125 0
isym: 2 ks_vec: 0.0625 0.25 0
isym: 4 ks_vec: 0.0625 -0.3125 0
isym: 6 ks_vec: -0.0625 -0.25 0
starsize: 4
isym: 0 ks_vec: -0.125 0.375 0
isym: 2 ks_vec: 0.125 0.25 0
isym: 4 ks_vec: 0.125 -0.375 0
isym: 6 ks_vec: -0.125 -0.25 0
starsize: 4
isym: 0 ks_vec: -0.1875 0.4375 0
isym: 2 ks_vec: 0.1875 0.25 0
isym: 4 ks_vec: 0.1875 -0.4375 0
isym: 6 ks_vec: -0.1875 -0.25 0
starsize: 4
isym: 0 ks_vec: 0.25 0.5 0
isym: 2 ks_vec: -0.25 -0.25 0
isym: 4 ks_vec: -0.25 0.5 0
isym: 6 ks_vec: 0.25 0.25 0
starsize: 4
isym: 0 ks_vec: 0.3125 0.4375 0
isym: 2 ks_vec: -0.3125 -0.25 0
isym: 4 ks_vec: -0.3125 -0.4375 0
isym: 6 ks_vec: 0.3125 0.25 0
starsize: 4
isym: 0 ks_vec: 0.375 0.375 0
isym: 2 ks_vec: -0.375 -0.25 0
isym: 4 ks_vec: -0.375 -0.375 0
isym: 6 ks_vec: 0.375 0.25 0
starsize: 4
isym: 0 ks_vec: 0.4375 0.3125 0
isym: 2 ks_vec: -0.4375 -0.25 0
isym: 4 ks_vec: -0.4375 -0.3125 0
isym: 6 ks_vec: 0.4375 0.25 0
starsize: 2
isym: 0 ks_vec: 0.5 0.25 0
isym: 2 ks_vec: 0.5 -0.25 0
starsize: 2
isym: 0 ks_vec: 0 0.3125 0
isym: 4 ks_vec: 0 -0.3125 0
starsize: 4
isym: 0 ks_vec: -0.0625 0.375 0
isym: 2 ks_vec: 0.0625 0.3125 0
isym: 4 ks_vec: 0.0625 -0.375 0
isym: 6 ks_vec: -0.0625 -0.3125 0
starsize: 4
isym: 0 ks_vec: -0.125 0.4375 0
isym: 2 ks_vec: 0.125 0.3125 0
isym: 4 ks_vec: 0.125 -0.4375 0
isym: 6 ks_vec: -0.125 -0.3125 0
starsize: 4
isym: 0 ks_vec: 0.1875 0.5 0
isym: 2 ks_vec: -0.1875 -0.3125 0
isym: 4 ks_vec: -0.1875 0.5 0
isym: 6 ks_vec: 0.1875 0.3125 0
starsize: 4
isym: 0 ks_vec: 0.25 0.4375 0
isym: 2 ks_vec: -0.25 -0.3125 0
isym: 4 ks_vec: -0.25 -0.4375 0
isym: 6 ks_vec: 0.25 0.3125 0
starsize: 4
isym: 0 ks_vec: 0.3125 0.375 0
isym: 2 ks_vec: -0.3125 -0.3125 0
isym: 4 ks_vec: -0.3125 -0.375 0
isym: 6 ks_vec: 0.3125 0.3125 0
starsize: 2
isym: 0 ks_vec: 0.375 0.3125 0
isym: 2 ks_vec: -0.375 -0.3125 0
starsize: 2
isym: 0 ks_vec: 0 0.375 0
isym: 4 ks_vec: 0 -0.375 0
starsize: 4
isym: 0 ks_vec: -0.0625 0.4375 0
isym: 2 ks_vec: 0.0625 0.375 0
isym: 4 ks_vec: 0.0625 -0.4375 0
isym: 6 ks_vec: -0.0625 -0.375 0
starsize: 4
isym: 0 ks_vec: 0.125 0.5 0
isym: 2 ks_vec: -0.125 -0.375 0
isym: 4 ks_vec: -0.125 0.5 0
isym: 6 ks_vec: 0.125 0.375 0
starsize: 4
isym: 0 ks_vec: 0.1875 0.4375 0
isym: 2 ks_vec: -0.1875 -0.375 0
isym: 4 ks_vec: -0.1875 -0.4375 0
isym: 6 ks_vec: 0.1875 0.375 0
starsize: 2
isym: 0 ks_vec: 0.25 0.375 0
isym: 2 ks_vec: -0.25 -0.375 0
starsize: 2
isym: 0 ks_vec: 0 0.4375 0
isym: 4 ks_vec: 0 -0.4375 0
starsize: 4
isym: 0 ks_vec: 0.0625 0.5 0
isym: 2 ks_vec: -0.0625 -0.4375 0
isym: 4 ks_vec: -0.0625 0.5 0
isym: 6 ks_vec: 0.0625 0.4375 0
starsize: 2
isym: 0 ks_vec: 0.125 0.4375 0
isym: 2 ks_vec: -0.125 -0.4375 0
starsize: 1
isym: 0 ks_vec: 0 0.5 0

K-POINTS CARTESIAN COORDINATES
 KPOINTS CARTESIAN_X CARTESIAN_Y CARTESIAN_Z  WEIGHT
       1  0.00000000  0.00000000  0.00000000  0.0078
       2 -0.02489432  0.01437274  0.00000000  0.0312
       3 -0.04978863  0.02874548  0.00000000  0.0312
       4 -0.07468295  0.04311822  0.00000000  0.0312
       5 -0.09957727  0.05749096  0.00000000  0.0312
       6 -0.12447158  0.07186370  0.00000000  0.0312
       7 -0.14936590  0.08623644  0.00000000  0.0312
       8 -0.17426022  0.10060918  0.00000000  0.0312
       9  0.19915453  0.34494577  0.00000000  0.0156
      10  0.00000000  0.02874548  0.00000000  0.0156
      11 -0.02489432  0.04311822  0.00000000  0.0312
      12 -0.04978863  0.05749096  0.00000000  0.0312
      13 -0.07468295  0.07186370  0.00000000  0.0312
      14 -0.09957727  0.08623644  0.00000000  0.0312
      15 -0.12447158  0.10060918  0.00000000  0.0312
      16 -0.14936590  0.11498192  0.00000000  0.0312
      17  0.17426022  0.33057303  0.00000000  0.0312
      18  0.19915453  0.31620029  0.00000000  0.0312
      19  0.17426022 -0.07186370  0.00000000  0.0312
      20  0.14936590 -0.05749096  0.00000000  0.0312
      21  0.12447158 -0.04311822  0.00000000  0.0312
      22  0.09957727 -0.02874548  0.00000000  0.0312
      23  0.07468295 -0.01437274  0.00000000  0.0312
      24  0.04978863  0.00000000  0.00000000  0.0156
      25  0.00000000  0.05749096  0.00000000  0.0156
      26 -0.02489432  0.07186370  0.00000000  0.0312
      27 -0.04978863  0.08623644  0.00000000  0.0312
      28 -0.07468295  0.10060918  0.00000000  0.0312
      29 -0.09957727  0.11498192  0.00000000  0.0312
      30 -0.12447158  0.12935466  0.00000000  0.0312
      31  0.14936590  0.31620029  0.00000000  0.0312
      32  0.17426022  0.30182755  0.00000000  0.0312
      33  0.19915453  0.28745481  0.00000000  0.0312
      34  0.17426022 -0.04311822  0.00000000  0.0312
      35  0.14936590 -0.02874548  0.00000000  0.0312
      36  0.12447158 -0.01437274  0.00000000  0.0312
      37  0.09957727  0.00000000  0.00000000  0.0156
      38  0.00000000  0.08623644  0.00000000  0.0156
      39 -0.02489432  0.10060918  0.00000000  0.0312
      40 -0.04978863  0.11498192  0.00000000  0.0312
      41 -0.07468295  0.12935466  0.00000000  0.0312
      42 -0.09957727  0.14372740  0.00000000  0.0312
      43  0.12447158  0.30182755  0.00000000  0.0312
      44  0.14936590  0.28745481  0.00000000  0.0312
      45  0.17426022  0.27308207  0.00000000  0.0312
      46  0.19915453  0.25870933  0.00000000  0.0312
      47  0.17426022 -0.01437274  0.00000000  0.0312
      48  0.14936590  0.00000000  0.00000000  0.0156
      49  0.00000000  0.11498192  0.00000000  0.0156
      50 -0.02489432  0.12935466  0.00000000  0.0312
      51 -0.04978863  0.14372740  0.00000000  0.0312
      52 -0.07468295  0.15810014  0.00000000  0.0312
      53  0.09957727  0.28745481  0.00000000  0.0312
      54  0.12447158  0.27308207  0.00000000  0.0312
      55  0.14936590  0.25870933  0.00000000  0.0312
      56  0.17426022  0.24433659  0.00000000  0.0312
      57  0.19915453  0.22996385  0.00000000  0.0156
      58  0.00000000  0.14372740  0.00000000  0.0156
      59 -0.02489432  0.15810014  0.00000000  0.0312
      60 -0.04978863  0.17247288  0.00000000  0.0312
      61  0.07468295  0.27308207  0.00000000  0.0312
      62  0.09957727  0.25870933  0.00000000  0.0312
      63  0.12447158  0.24433659  0.00000000  0.0312
      64  0.14936590  0.22996385  0.00000000  0.0156
      65  0.00000000  0.17247288  0.00000000  0.0156
      66 -0.02489432  0.18684562  0.00000000  0.0312
      67  0.04978863  0.25870933  0.00000000  0.0312
      68  0.07468295  0.24433659  0.00000000  0.0312
      69  0.09957727  0.22996385  0.00000000  0.0156
      70  0.00000000  0.20121836  0.00000000  0.0156
      71  0.02489432  0.24433659  0.00000000  0.0312
      72  0.04978863  0.22996385  0.00000000  0.0156
      73  0.00000000  0.22996385  0.00000000  0.0078


K-POINTS DIRECT COORDINATES
 KPOINTS    DIRECT_X    DIRECT_Y    DIRECT_Z  WEIGHT
       1  0.00000000  0.00000000  0.00000000  0.0078
       2 -0.06250000  0.06250000  0.00000000  0.0312
       3 -0.12500000  0.12500000  0.00000000  0.0312
       4 -0.18750000  0.18750000  0.00000000  0.0312
       5 -0.25000000  0.25000000  0.00000000  0.0312
       6 -0.31250000  0.31250000  0.00000000  0.0312
       7 -0.37500000  0.37500000  0.00000000  0.0312
       8 -0.43750000  0.43750000  0.00000000  0.0312
       9  0.50000000  0.50000000  0.00000000  0.0156
      10  0.00000000  0.06250000  0.00000000  0.0156
      11 -0.06250000  0.12500000  0.00000000  0.0312
      12 -0.12500000  0.18750000  0.00000000  0.0312
      13 -0.18750000  0.25000000  0.00000000  0.0312
      14 -0.25000000  0.31250000  0.00000000  0.0312
      15 -0.31250000  0.37500000  0.00000000  0.0312
      16 -0.37500000  0.43750000  0.00000000  0.0312
      17  0.43750000  0.50000000  0.00000000  0.0312
      18  0.50000000  0.43750000  0.00000000  0.0312
      19  0.43750000 -0.37500000  0.00000000  0.0312
      20  0.37500000 -0.31250000  0.00000000  0.0312
      21  0.31250000 -0.25000000  0.00000000  0.0312
      22  0.25000000 -0.18750000  0.00000000  0.0312
      23  0.18750000 -0.12500000  0.00000000  0.0312
      24  0.12500000 -0.06250000  0.00000000  0.0156
      25  0.00000000  0.12500000  0.00000000  0.0156
      26 -0.06250000  0.18750000  0.00000000  0.0312
      27 -0.12500000  0.25000000  0.00000000  0.0312
      28 -0.18750000  0.31250000  0.00000000  0.0312
      29 -0.25000000  0.37500000  0.00000000  0.0312
      30 -0.31250000  0.43750000  0.00000000  0.0312
      31  0.37500000  0.50000000  0.00000000  0.0312
      32  0.43750000  0.43750000  0.00000000  0.0312
      33  0.50000000  0.37500000  0.00000000  0.0312
      34  0.43750000 -0.31250000  0.00000000  0.0312
      35  0.37500000 -0.25000000  0.00000000  0.0312
      36  0.31250000 -0.18750000  0.00000000  0.0312
      37  0.25000000 -0.12500000  0.00000000  0.0156
      38  0.00000000  0.18750000  0.00000000  0.0156
      39 -0.06250000  0.25000000  0.00000000  0.0312
      40 -0.12500000  0.31250000  0.00000000  0.0312
      41 -0.18750000  0.37500000  0.00000000  0.0312
      42 -0.25000000  0.43750000  0.00000000  0.0312
      43  0.31250000  0.50000000  0.00000000  0.0312
      44  0.37500000  0.43750000  0.00000000  0.0312
      45  0.43750000  0.37500000  0.00000000  0.0312
      46  0.50000000  0.31250000  0.00000000  0.0312
      47  0.43750000 -0.25000000  0.00000000  0.0312
      48  0.37500000 -0.18750000  0.00000000  0.0156
      49  0.00000000  0.25000000  0.00000000  0.0156
      50 -0.06250000  0.31250000  0.00000000  0.0312
      51 -0.12500000  0.37500000  0.00000000  0.0312
      52 -0.18750000  0.43750000  0.00000000  0.0312
      53  0.25000000  0.50000000  0.00000000  0.0312
      54  0.31250000  0.43750000  0.00000000  0.0312
      55  0.37500000  0.37500000  0.00000000  0.0312
      56  0.43750000  0.31250000  0.00000000  0.0312
      57  0.50000000  0.25000000  0.00000000  0.0156
      58  0.00000000  0.31250000  0.00000000  0.0156
      59 -0.06250000  0.37500000  0.00000000  0.0312
      60 -0.12500000  0.43750000  0.00000000  0.0312
      61  0.18750000  0.50000000  0.00000000  0.0312
      62  0.25000000  0.43750000  0.00000000  0.0312
      63  0.31250000  0.37500000  0.00000000  0.0312
      64  0.37500000  0.31250000  0.00000000  0.0156
      65  0.00000000  0.37500000  0.00000000  0.0156
      66 -0.06250000  0.43750000  0.00000000  0.0312
      67  0.12500000  0.50000000  0.00000000  0.0312
      68  0.18750000  0.43750000  0.00000000  0.0312
      69  0.25000000  0.37500000  0.00000000  0.0156
      70  0.00000000  0.43750000  0.00000000  0.0156
      71  0.06250000  0.50000000  0.00000000  0.0312
      72  0.12500000  0.43750000  0.00000000  0.0156
      73  0.00000000  0.50000000  0.00000000  0.0078

 DONE : INIT K-POINTS Time : 0.207749 (SEC)


 Warning_Memory_Consuming allocated:  PW_B_K::gk2 10.4555 MB

 Warning_Memory_Consuming allocated:  PW_B_K::gcar 31.3666 MB




 >>>>>>>>>>>>>>>>>>>>>>>>>>>>>>>>>>>>>>>>>>>>>>>>>>>>>>>>>>>>>>>>>>>>>>
 |                                                                    |
 | Setup plane waves of wave functions:                               |
 | Use the energy cutoff and the lattice vectors to generate the      |
 | dimensions of FFT grid. The number of FFT grid on each processor   |
 | is 'nrxx'. The number of plane wave basis in reciprocal space is   |
 | different for charege/potential and wave functions. We also set    |
 | the 'sticks' for the parallel of FFT. The number of plane wave of  |
 | each k-point is 'npwk[ik]' in each processor                       |
 <<<<<<<<<<<<<<<<<<<<<<<<<<<<<<<<<<<<<<<<<<<<<<<<<<<<<<<<<<<<<<<<<<<<<<





 SETUP PLANE WAVES FOR WAVE FUNCTIONS
     energy cutoff for wavefunc (unit:Ry) = 100
              fft grid for wave functions = [ 32, 32, 375 ]
                    number of plane waves = 27271
                         number of sticks = 199

 PARALLEL PW FOR WAVE FUNCTIONS
     PROC   COLUMNS(POT)             PW
        1            199          27271
 --------------- sum -------------------
        1            199          27271
 DONE : INIT PLANEWAVE Time : 0.294678 (SEC)

 SET NONLOCAL PSEUDOPOTENTIAL PROJECTORS
 SET NONLOCAL PSEUDOPOTENTIAL PROJECTORS
 max number of nonlocal projetors among all species is 4
 DONE : LOCAL POTENTIAL Time : 0.483358 (SEC)


 -------------------------------------------
 SELF-CONSISTENT
 -------------------------------------------




 >>>>>>>>>>>>>>>>>>>>>>>>>>>>>>>>>>>>>>>>>>>>>>>>>>>>>>>>>>>>>>>>>>>>>>
 |                                                                    |
 | Search adjacent atoms:                                             |
 | Set the adjacent atoms for each atom and set the periodic boundary |
 | condition for the atoms on real space FFT grid. For k-dependent    |
 | algorithm, we also need to set the sparse H and S matrix element   |
 | for each atom.                                                     |
 |                                                                    |
 <<<<<<<<<<<<<<<<<<<<<<<<<<<<<<<<<<<<<<<<<<<<<<<<<<<<<<<<<<<<<<<<<<<<<<





 SETUP SEARCHING RADIUS FOR PROGRAM TO SEARCH ADJACENT ATOMS
                  longest orb rcut (Bohr) = 10
   longest nonlocal projector rcut (Bohr) = 1.38
                     search radius (Bohr) = 22.8
              searching radius is (Bohr)) = 22.8
         searching radius unit is (Bohr)) = 1.89
                         PeriodicBoundary = 1
                        Radius(unit:lat0) = 12
                                   glayer = [ 7, 7, 2 ]
                             glayer_minus = [ 6, 6, 1 ]

Find the coordinate range of the input atom(unit:lat0).
                                  min_tau = [ -22.6, -12.3, -15 ]
                                  max_tau = [ 23.9, 14.5, 45 ]
                                BoxNumber = [ 13, 13, 3 ]

 SETUP EXTENDED REAL SPACE GRID FOR GRID INTEGRATION
                          real space grid = [ 32, 32, 375 ]
                 big cell numbers in grid = [ 8, 8, 125 ]
             meshcell numbers in big cell = [ 4, 4, 3 ]
                        extended fft grid = [ 20, 20, 23 ]
                dimension of extened grid = [ 49, 49, 172 ]
                            UnitCellTotal = 147
              Atom number in sub-FFT-grid = 2
    Local orbitals number in sub-FFT-grid = 26
                                ParaV.nnr = 47996
                                 init_chg = file
 try to read charge from file
 Read in the charge density: OUT.POLAR//POLAR-CHARGE-DENSITY.restart
 DONE : INIT SCF Time : 0.652276 (SEC)


 LCAO ALGORITHM --------------- ION=   1  ELEC=   1--------------------------------

 Density error is 0.0191067103704
----------------------------------------------------------
     Energy           Rydberg                 eV          
----------------------------------------------------------
 E_KohnSham     -26.8058434487       -364.7122105984      
 E_Harris       -26.8048223414       -364.6983177212      
 E_Fermi        -0.1349598898        -1.8362235025        
----------------------------------------------------------


 LCAO ALGORITHM --------------- ION=   1  ELEC=   2--------------------------------

 Density error is 0.00197592350462
----------------------------------------------------------
     Energy           Rydberg                 eV          
----------------------------------------------------------
 E_KohnSham     -26.8063728912       -364.7194140335      
 E_Harris       -26.8088699473       -364.7533882236      
 E_Fermi        -0.1345374705        -1.8304761926        
----------------------------------------------------------


 LCAO ALGORITHM --------------- ION=   1  ELEC=   3--------------------------------

 Density error is 0.00046625747958
----------------------------------------------------------
     Energy           Rydberg                 eV          
----------------------------------------------------------
 E_KohnSham     -26.8063746391       -364.7194378142      
 E_Harris       -26.8046936932       -364.6965673728      
 E_Fermi        -0.1347200957        -1.8329609364        
----------------------------------------------------------


 LCAO ALGORITHM --------------- ION=   1  ELEC=   4--------------------------------

 Density error is 0.000180291906344
----------------------------------------------------------
     Energy           Rydberg                 eV          
----------------------------------------------------------
 E_KohnSham     -26.8063746789       -364.7194383557      
 E_Harris       -26.8085221193       -364.7486557817      
 E_Fermi        -0.1345584715        -1.8307619270        
----------------------------------------------------------


 LCAO ALGORITHM --------------- ION=   1  ELEC=   5--------------------------------

 Density error is 1.74990023155e-05
----------------------------------------------------------
     Energy           Rydberg                 eV          
----------------------------------------------------------
 E_KohnSham     -26.8063747367       -364.7194391422      
 E_Harris       -26.8062874484       -364.7182515240      
 E_Fermi        -0.1346518754        -1.8320327519        
----------------------------------------------------------


 LCAO ALGORITHM --------------- ION=   1  ELEC=   6--------------------------------

 Density error is 1.72369320653e-06
----------------------------------------------------------
     Energy           Rydberg                 eV          
----------------------------------------------------------
 E_KohnSham     -26.8063747374       -364.7194391515      
 E_Harris       -26.8063666933       -364.7193297061      
 E_Fermi        -0.1346489780        -1.8319933302        
----------------------------------------------------------


 LCAO ALGORITHM --------------- ION=   1  ELEC=   7--------------------------------

 Density error is 2.82362202779e-07
----------------------------------------------------------
     Energy           Rydberg                 eV          
----------------------------------------------------------
 E_KohnSham     -26.8063747375       -364.7194391538      
 E_Harris       -26.8063656176       -364.7193150703      
 E_Fermi        -0.1346490855        -1.8319947936        
----------------------------------------------------------


 LCAO ALGORITHM --------------- ION=   1  ELEC=   8--------------------------------

 Density error is 1.48065564713e-07
----------------------------------------------------------
     Energy           Rydberg                 eV          
----------------------------------------------------------
 E_KohnSham     -26.8063747377       -364.7194391554      
 E_Harris       -26.8063656059       -364.7193149118      
 E_Fermi        -0.1346490669        -1.8319945400        
----------------------------------------------------------


 LCAO ALGORITHM --------------- ION=   1  ELEC=   9--------------------------------

 Density error is 9.99977698014e-08
----------------------------------------------------------
     Energy           Rydberg                 eV          
----------------------------------------------------------
 E_KohnSham     -26.8063747377       -364.7194391565      
 E_Harris       -26.8063664626       -364.7193265681      
 E_Fermi        -0.1346489654        -1.8319931594        
----------------------------------------------------------


 LCAO ALGORITHM --------------- ION=   1  ELEC=  10--------------------------------

 Density error is 7.03274083182e-08
----------------------------------------------------------
     Energy           Rydberg                 eV          
----------------------------------------------------------
 E_KohnSham     -26.8063747378       -364.7194391576      
 E_Harris       -26.8063677192       -364.7193436642      
 E_Fermi        -0.1346488104        -1.8319910501        
----------------------------------------------------------


 LCAO ALGORITHM --------------- ION=   1  ELEC=  11--------------------------------

 Density error is 4.73599140475e-08
----------------------------------------------------------
     Energy           Rydberg                 eV          
----------------------------------------------------------
 E_KohnSham     -26.8063747378       -364.7194391580      
 E_Harris       -26.8063694186       -364.7193667853      
 E_Fermi        -0.1346486034        -1.8319882340        
----------------------------------------------------------


 LCAO ALGORITHM --------------- ION=   1  ELEC=  12--------------------------------

 Density error is 2.77559392799e-08
----------------------------------------------------------
     Energy           Rydberg                 eV          
----------------------------------------------------------
 E_KohnSham     -26.8063747379       -364.7194391585      
 E_Harris       -26.8063713237       -364.7193927065      
 E_Fermi        -0.1346483715        -1.8319850786        
----------------------------------------------------------


 LCAO ALGORITHM --------------- ION=   1  ELEC=  13--------------------------------

 Density error is 1.24458948674e-08
----------------------------------------------------------
     Energy           Rydberg                 eV          
----------------------------------------------------------
 E_KohnSham     -26.8063747379       -364.7194391590      
 E_Harris       -26.8063729526       -364.7194148679      
 E_Fermi        -0.1346481731        -1.8319823798        
----------------------------------------------------------


 LCAO ALGORITHM --------------- ION=   1  ELEC=  14--------------------------------

 Density error is 3.55791415748e-09
----------------------------------------------------------
     Energy           Rydberg                 eV          
----------------------------------------------------------
 E_KohnSham     -26.8063747379       -364.7194391594      
 E_KS(sigma->0) -26.8063747379       -364.7194391594      
 E_Harris       -26.8063741220       -364.7194307795      
 E_band         -7.0589343364        -96.0417287828       
 E_one_elec     -348.9759879056      -4748.0619006955     
 E_Hartree      175.8498101208       2392.5594098607      
 E_xc           -8.6468997228        -117.6471062643      
 E_Ewald        154.9667027697       2108.4301579398      
 E_entropy(-TS) -0.0000000000        -0.0000000000        
 E_descf        0.0000000000         0.0000000000         
 E_exx          0.0000000000         0.0000000000         
 E_Fermi        -0.1346480307        -1.8319804424        
----------------------------------------------------------


 charge density convergence is achieved
 final etot is -364.71943916 eV
 EFERMI = -1.8319804424 eV

 STATE ENERGY(eV) AND OCCUPATIONS    NSPIN == 1
 1/73 kpoint (Cartesian) = 0.0000 0.0000 0.0000 (18679 pws)
       1       -22.5070     0.00781250
       2       -10.0071     0.00781250
       3       -6.41297     0.00781250
       4       -6.16891     0.00781250
       5        3.79594        0.00000
       6        3.94120        0.00000
       7        6.57970        0.00000
       8        6.92505        0.00000
       9        10.4055        0.00000
      10        17.5920        0.00000
      11        32.7023        0.00000
      12        32.9231        0.00000
      13        40.8956        0.00000
      14        43.9796        0.00000

 2/73 kpoint (Cartesian) = -0.024894 0.014373 0.0000 (18713 pws)
       1       -22.4322      0.0312500
       2       -9.90712      0.0312500
       3       -6.63144      0.0312500
       4       -6.41826      0.0312500
       5        3.78244        0.00000
       6        4.01775        0.00000
       7        6.70406        0.00000
       8        7.22680        0.00000
       9        10.3041        0.00000
      10        16.8379        0.00000
      11        31.4195        0.00000
      12        31.9509        0.00000
      13        32.3982        0.00000
      14        43.8157        0.00000

 3/73 kpoint (Cartesian) = -0.049789 0.028745 0.0000 (18765 pws)
       1       -22.2100      0.0312500
       2       -9.60982      0.0312500
       3       -7.43760      0.0312500
       4       -6.86653      0.0312500
       5        3.84156        0.00000
       6        4.18558        0.00000
       7        6.97249        0.00000
       8        8.15228        0.00000
       9        10.1041        0.00000
      10        15.3731        0.00000
      11        28.0172        0.00000
      12        30.1293        0.00000
      13        31.4010        0.00000
      14        43.1664        0.00000

 4/73 kpoint (Cartesian) = -0.074683 0.043118 0.0000 (18773 pws)
       1       -21.8476      0.0312500
       2       -9.12367      0.0312500
       3       -8.63570      0.0312500
       4       -7.39278      0.0312500
       5        4.07116        0.00000
       6        4.21824        0.00000
       7        7.31503        0.00000
       8        9.57351        0.00000
       9        10.1601        0.00000
      10        14.6199        0.00000
      11        28.2557        0.00000
      12        28.3273        0.00000
      13        30.1357        0.00000
      14        42.0802        0.00000

 5/73 kpoint (Cartesian) = -0.099577 0.057491 0.0000 (18745 pws)
       1       -21.3604      0.0312500
       2       -9.98832      0.0312500
       3       -8.46614      0.0312500
       4       -7.93330      0.0312500
       5        3.78267        0.00000
       6        4.43515        0.00000
       7        7.76611        0.00000
       8        11.0146        0.00000
       9        11.3193        0.00000
      10        14.7191        0.00000
      11        26.6209        0.00000
      12        28.8691        0.00000
      13        29.5854        0.00000
      14        40.5330        0.00000

 6/73 kpoint (Cartesian) = -0.12447 0.071864 0.0000 (18685 pws)
       1       -20.7791      0.0312500
       2       -11.3374      0.0312500
       3       -8.41456      0.0312500
       4       -7.67181      0.0312500
       5        2.82778        0.00000
       6        4.79611        0.00000
       7        8.53407        0.00000
       8        12.9511        0.00000
       9        13.2105        0.00000
      10        15.3801        0.00000
      11        25.2796        0.00000
      12        27.7745        0.00000
      13        30.2914        0.00000
      14        38.8637        0.00000

 7/73 kpoint (Cartesian) = -0.14937 0.086236 0.0000 (18669 pws)
       1       -20.1666      0.0312500
       2       -12.5428      0.0312500
       3       -8.78712      0.0312500
       4       -6.81420      0.0312500
       5        1.64056        0.00000
       6        5.01727        0.00000
       7        9.81139        0.00000
       8        15.0132        0.00000
       9        15.7036        0.00000
      10        16.3653        0.00000
      11        24.2257        0.00000
      12        26.9480        0.00000
      13        29.8239        0.00000
      14        37.1354        0.00000

 8/73 kpoint (Cartesian) = -0.17426 0.10061 0.0000 (18611 pws)
       1       -19.6500      0.0312500
       2       -13.4315      0.0312500
       3       -9.02113      0.0312500
       4       -6.06043      0.0312500
       5       0.604429        0.00000
       6        5.10134        0.00000
       7        11.2972        0.00000
       8        16.3837        0.00000
       9        17.4316        0.00000
      10        18.3563        0.00000
      11        23.4447        0.00000
      12        26.4385        0.00000
      13        29.0660        0.00000
      14        35.7659        0.00000

 9/73 kpoint (Cartesian) = 0.19915 0.34495 0.0000 (18582 pws)
       1       -19.4350      0.0156250
       2       -13.7733      0.0156250
       3       -9.10078      0.0156250
       4       -5.73229      0.0156250
       5       0.168584        0.00000
       6        5.11888        0.00000
       7        12.0082        0.00000
       8        16.9112        0.00000
       9        17.9777        0.00000
      10        19.5295        0.00000
      11        23.0808        0.00000
      12        26.2670        0.00000
      13        28.7788        0.00000
      14        35.2319        0.00000

 10/73 kpoint (Cartesian) = 0.0000 0.028745 0.0000 (18713 pws)
       1       -22.4326      0.0156250
       2       -9.90663      0.0156250
       3       -6.72394      0.0156250
       4       -6.32126      0.0156250
       5        3.76923        0.00000
       6        4.01707        0.00000
       7        6.92303        0.00000
       8        7.00845        0.00000
       9        10.2998        0.00000
      10        16.8003        0.00000
      11        31.3585        0.00000
      12        31.8624        0.00000
      13        32.5282        0.00000
      14        43.9718        0.00000

 11/73 kpoint (Cartesian) = -0.024894 0.043118 0.0000 (18725 pws)
       1       -22.2845      0.0312500
       2       -9.70747      0.0312500
       3       -7.24154      0.0312500
       4       -6.66183      0.0312500
       5        3.80338        0.00000
       6        4.13918        0.00000
       7        7.04187        0.00000
       8        7.68380        0.00000
       9        10.1454        0.00000
      10        15.6921        0.00000
      11        28.3728        0.00000
      12        30.5983        0.00000
      13        31.8059        0.00000
      14        43.3438        0.00000

 12/73 kpoint (Cartesian) = -0.049789 0.057491 0.0000 (18750 pws)
       1       -21.9924      0.0312500
       2       -9.31501      0.0312500
       3       -8.16900      0.0312500
       4       -7.22327      0.0312500
       5        4.00892        0.00000
       6        4.24250        0.00000
       7        7.28606        0.00000
       8        8.85016        0.00000
       9        10.0715        0.00000
      10        14.7823        0.00000
      11        28.0052        0.00000
      12        28.7439        0.00000
      13        30.7784        0.00000
      14        41.8805        0.00000

 13/73 kpoint (Cartesian) = -0.074683 0.071864 0.0000 (18759 pws)
       1       -21.5671      0.0312500
       2       -9.37773      0.0312500
       3       -8.74173      0.0312500
       4       -7.82460      0.0312500
       5        4.02827        0.00000
       6        4.39297        0.00000
       7        7.63913        0.00000
       8        10.3352        0.00000
       9        10.5487        0.00000
      10        14.6908        0.00000
      11        26.8500        0.00000
      12        29.0265        0.00000
      13        29.7347        0.00000
      14        39.6083        0.00000

 14/73 kpoint (Cartesian) = -0.099577 0.086236 0.0000 (18737 pws)
       1       -21.0305      0.0312500
       2       -10.6912      0.0312500
       3       -8.37589      0.0312500
       4       -8.01222      0.0312500
       5        3.29337        0.00000
       6        4.85546        0.00000
       7        8.17429        0.00000
       8        12.0069        0.00000
       9        12.0248        0.00000
      10        15.2766        0.00000
      11        25.1826        0.00000
      12        28.7952        0.00000
      13        29.9493        0.00000
      14        37.4983        0.00000

 15/73 kpoint (Cartesian) = -0.12447 0.10061 0.0000 (18665 pws)
       1       -20.4265      0.0312500
       2       -11.9535      0.0312500
       3       -8.82487      0.0312500
       4       -7.17653      0.0312500
       5        2.19231        0.00000
       6        5.21946        0.00000
       7        9.14227        0.00000
       8        13.7716        0.00000
       9        14.4244        0.00000
      10        16.2723        0.00000
      11        23.8942        0.00000
      12        27.9834        0.00000
      13        29.6259        0.00000
      14        36.3780        0.00000

 16/73 kpoint (Cartesian) = -0.14937 0.11498 0.0000 (18644 pws)
       1       -19.8447      0.0312500
       2       -13.0061      0.0312500
       3       -9.13942      0.0312500
       4       -6.34543      0.0312500
       5        1.05399        0.00000
       6        5.39388        0.00000
       7        10.5718        0.00000
       8        15.3640        0.00000
       9        17.1329        0.00000
      10        17.4008        0.00000
      11        23.1592        0.00000
      12        27.2702        0.00000
      13        28.6024        0.00000
      14        35.4755        0.00000

 17/73 kpoint (Cartesian) = 0.17426 0.33057 0.0000 (18599 pws)
       1       -19.4546      0.0312500
       2       -13.6408      0.0312500
       3       -9.30113      0.0312500
       4       -5.76242      0.0312500
       5       0.280474        0.00000
       6        5.44506        0.00000
       7        11.7860        0.00000
       8        16.4182        0.00000
       9        18.2671        0.00000
      10        18.8060        0.00000
      11        23.1532        0.00000
      12        26.6923        0.00000
      13        28.0057        0.00000
      14        34.6313        0.00000

 18/73 kpoint (Cartesian) = 0.19915 0.31620 0.0000 (18599 pws)
       1       -19.4535      0.0312500
       2       -13.6415      0.0312500
       3       -9.30186      0.0312500
       4       -5.76471      0.0312500
       5       0.286165        0.00000
       6        5.44352        0.00000
       7        11.7761        0.00000
       8        16.4503        0.00000
       9        18.2486        0.00000
      10        18.7627        0.00000
      11        23.2407        0.00000
      12        26.6408        0.00000
      13        28.0977        0.00000
      14        34.5608        0.00000

 19/73 kpoint (Cartesian) = 0.17426 -0.071864 0.0000 (18644 pws)
       1       -19.8421      0.0312500
       2       -13.0068      0.0312500
       3       -9.14239      0.0312500
       4       -6.35035      0.0312500
       5        1.06877        0.00000
       6        5.39064        0.00000
       7        10.5498        0.00000
       8        15.4200        0.00000
       9        17.0806        0.00000
      10        17.3850        0.00000
      11        23.2499        0.00000
      12        27.2112        0.00000
      13        28.7933        0.00000
      14        35.3313        0.00000

 20/73 kpoint (Cartesian) = 0.14937 -0.057491 0.0000 (18665 pws)
       1       -20.4233      0.0312500
       2       -11.9508      0.0312500
       3       -8.83278      0.0312500
       4       -7.18171      0.0312500
       5        2.21238        0.00000
       6        5.21960        0.00000
       7        9.10302        0.00000
       8        13.8408        0.00000
       9        14.4017        0.00000
      10        16.2728        0.00000
      11        23.8841        0.00000
      12        27.9855        0.00000
      13        29.7973        0.00000
      14        36.2882        0.00000

 21/73 kpoint (Cartesian) = 0.12447 -0.043118 0.0000 (18737 pws)
       1       -21.0275      0.0312500
       2       -10.6791      0.0312500
       3       -8.39478      0.0312500
       4       -8.01670      0.0312500
       5        3.31424        0.00000
       6        4.86591        0.00000
       7        8.09867        0.00000
       8        12.0009        0.00000
       9        12.1323        0.00000
      10        15.2800        0.00000
      11        25.0853        0.00000
      12        28.8592        0.00000
      13        30.0179        0.00000
      14        37.5682        0.00000

 22/73 kpoint (Cartesian) = 0.099577 -0.028745 0.0000 (18759 pws)
       1       -21.5646      0.0312500
       2       -9.34403      0.0312500
       3       -8.74525      0.0312500
       4       -7.86713      0.0312500
       5        4.04421        0.00000
       6        4.41450        0.00000
       7        7.51250        0.00000
       8        10.4909        0.00000
       9        10.5534        0.00000
      10        14.7039        0.00000
      11        26.7001        0.00000
      12        29.0279        0.00000
      13        29.8312        0.00000
      14        39.7429        0.00000

 23/73 kpoint (Cartesian) = 0.074683 -0.014373 0.0000 (18750 pws)
       1       -21.9905      0.0312500
       2       -9.31751      0.0312500
       3       -8.08831      0.0312500
       4       -7.31466      0.0312500
       5        4.03736        0.00000
       6        4.25067        0.00000
       7        7.10525        0.00000
       8        9.04860        0.00000
       9        10.0829        0.00000
      10        14.8229        0.00000
      11        27.9926        0.00000
      12        28.5965        0.00000
      13        30.8532        0.00000
      14        41.9102        0.00000

 24/73 kpoint (Cartesian) = 0.049789 0.0000 0.0000 (18725 pws)
       1       -22.2833      0.0156250
       2       -9.70895      0.0156250
       3       -7.08080      0.0156250
       4       -6.83277      0.0156250
       5        3.83153        0.00000
       6        4.14217        0.00000
       7        6.81166        0.00000
       8        7.91875        0.00000
       9        10.1563        0.00000
      10        15.7596        0.00000
      11        28.3869        0.00000
      12        30.5483        0.00000
      13        31.7762        0.00000
      14        43.2270        0.00000

 25/73 kpoint (Cartesian) = 0.0000 0.057491 0.0000 (18765 pws)
       1       -22.2116      0.0156250
       2       -9.60776      0.0156250
       3       -7.56558      0.0156250
       4       -6.72400      0.0156250
       5        3.81005        0.00000
       6        4.18100        0.00000
       7        7.22382        0.00000
       8        7.89097        0.00000
       9        10.0903        0.00000
      10        15.2998        0.00000
      11        28.0296        0.00000
      12        30.1226        0.00000
      13        31.5134        0.00000
      14        43.3188        0.00000

 26/73 kpoint (Cartesian) = -0.024894 0.071864 0.0000 (18750 pws)
       1       -21.9936      0.0312500
       2       -9.31336      0.0312500
       3       -8.22905      0.0312500
       4       -7.15307      0.0312500
       5        3.99310        0.00000
       6        4.23759        0.00000
       7        7.38107        0.00000
       8        8.74368        0.00000
       9        10.0633        0.00000
      10        14.7520        0.00000
      11        28.0313        0.00000
      12        28.7436        0.00000
      13        30.8442        0.00000
      14        41.9167        0.00000

 27/73 kpoint (Cartesian) = -0.049789 0.086236 0.0000 (18755 pws)
       1       -21.6381      0.0312500
       2       -9.12263      0.0312500
       3       -8.83305      0.0312500
       4       -7.83394      0.0312500
       5        4.09400        0.00000
       6        4.44013        0.00000
       7        7.67612        0.00000
       8        9.81998        0.00000
       9        10.4184        0.00000
      10        14.7329        0.00000
      11        26.7795        0.00000
      12        28.8205        0.00000
      13        30.2368        0.00000
      14        39.1659        0.00000

 28/73 kpoint (Cartesian) = -0.074683 0.10061 0.0000 (18704 pws)
       1       -21.1610      0.0312500
       2       -10.1996      0.0312500
       3       -8.54030      0.0312500
       4       -8.18478      0.0312500
       5        3.53658        0.00000
       6        5.08393        0.00000
       7        8.07903        0.00000
       8        11.0439        0.00000
       9        11.5656        0.00000
      10        15.3773        0.00000
      11        24.7873        0.00000
      12        29.5882        0.00000
      13        29.6983        0.00000
      14        36.6243        0.00000

 29/73 kpoint (Cartesian) = -0.099577 0.11498 0.0000 (18652 pws)
       1       -20.5936      0.0312500
       2       -11.3628      0.0312500
       3       -9.12975      0.0312500
       4       -7.40379      0.0312500
       5        2.59631        0.00000
       6        5.74820        0.00000
       7        8.69476        0.00000
       8        12.4865        0.00000
       9        13.6125        0.00000
      10        16.4534        0.00000
      11        23.1554        0.00000
      12        29.0462        0.00000
      13        29.1628        0.00000
      14        35.5406        0.00000

 30/73 kpoint (Cartesian) = -0.12447 0.12935 0.0000 (18650 pws)
       1       -19.9989      0.0312500
       2       -12.4533      0.0312500
       3       -9.56013      0.0312500
       4       -6.56416      0.0312500
       5        1.49877        0.00000
       6        6.17450        0.00000
       7        9.80498        0.00000
       8        14.0790        0.00000
       9        16.0400        0.00000
      10        17.6522        0.00000
      11        22.3124        0.00000
      12        27.5768        0.00000
      13        28.5356        0.00000
      14        35.1157        0.00000

 31/73 kpoint (Cartesian) = 0.14937 0.31620 0.0000 (18631 pws)
       1       -19.5009      0.0312500
       2       -13.2748      0.0312500
       3       -9.82144      0.0312500
       4       -5.83152      0.0312500
       5       0.553780        0.00000
       6        6.33150        0.00000
       7        11.1843        0.00000
       8        15.4511        0.00000
       9        17.4984        0.00000
      10        18.7181        0.00000
      11        22.8670        0.00000
      12        26.5186        0.00000
      13        27.7477        0.00000
      14        34.2861        0.00000

 32/73 kpoint (Cartesian) = 0.17426 0.30183 0.0000 (18596 pws)
       1       -19.2938      0.0312500
       2       -13.5932      0.0312500
       3       -9.91012      0.0312500
       4       -5.51772      0.0312500
       5       0.163731        0.00000
       6        6.36190        0.00000
       7        11.8511        0.00000
       8        16.0073        0.00000
       9        17.7330        0.00000
      10        19.2192        0.00000
      11        23.7422        0.00000
      12        26.3185        0.00000
      13        27.1660        0.00000
      14        33.6953        0.00000

 33/73 kpoint (Cartesian) = 0.19915 0.28745 0.0000 (18631 pws)
       1       -19.4968      0.0312500
       2       -13.2758      0.0312500
       3       -9.82603      0.0312500
       4       -5.83988      0.0312500
       5       0.575859        0.00000
       6        6.32828        0.00000
       7        11.1426        0.00000
       8        15.5287        0.00000
       9        17.4058        0.00000
      10        18.7011        0.00000
      11        23.0129        0.00000
      12        26.7267        0.00000
      13        27.6692        0.00000
      14        34.1392        0.00000

 34/73 kpoint (Cartesian) = 0.17426 -0.043118 0.0000 (18650 pws)
       1       -19.9928      0.0312500
       2       -12.4500      0.0312500
       3       -9.57319      0.0312500
       4       -6.57516      0.0312500
       5        1.53533        0.00000
       6        6.17612        0.00000
       7        9.73221        0.00000
       8        14.1868        0.00000
       9        15.9587        0.00000
      10        17.6620        0.00000
      11        22.3833        0.00000
      12        27.8504        0.00000
      13        28.4972        0.00000
      14        34.9126        0.00000

 35/73 kpoint (Cartesian) = 0.14937 -0.028745 0.0000 (18652 pws)
       1       -20.5873      0.0312500
       2       -11.3445      0.0312500
       3       -9.16093      0.0312500
       4       -7.41404      0.0312500
       5        2.63915        0.00000
       6        5.76964        0.00000
       7        8.56318        0.00000
       8        12.6478        0.00000
       9        13.5817        0.00000
      10        16.4762        0.00000
      11        23.0928        0.00000
      12        29.1865        0.00000
      13        29.2678        0.00000
      14        35.4171        0.00000

 36/73 kpoint (Cartesian) = 0.12447 -0.014373 0.0000 (18704 pws)
       1       -21.1554      0.0312500
       2       -10.1490      0.0312500
       3       -8.60727      0.0312500
       4       -8.19317      0.0312500
       5        3.57610        0.00000
       6        5.12377        0.00000
       7        7.87294        0.00000
       8        11.2875        0.00000
       9        11.5617        0.00000
      10        15.3990        0.00000
      11        24.6319        0.00000
      12        29.6440        0.00000
      13        29.7686        0.00000
      14        36.7107        0.00000

 37/73 kpoint (Cartesian) = 0.099577 0.0000 0.0000 (18755 pws)
       1       -21.6337      0.0156250
       2       -9.02196      0.0156250
       3       -8.83933      0.0156250
       4       -7.95445      0.0156250
       5        4.12099        0.00000
       6        4.48614        0.00000
       7        7.41741        0.00000
       8        10.1218        0.00000
       9        10.4312        0.00000
      10        14.7693        0.00000
      11        26.5825        0.00000
      12        28.7897        0.00000
      13        30.3137        0.00000
      14        39.3150        0.00000

 38/73 kpoint (Cartesian) = 0.0000 0.086236 0.0000 (18773 pws)
       1       -21.8511      0.0156250
       2       -9.11869      0.0156250
       3       -8.74421      0.0156250
       4       -7.25893      0.0156250
       5        4.03609        0.00000
       6        4.20074        0.00000
       7        7.50682        0.00000
       8        9.33991        0.00000
       9        10.1412        0.00000
      10        14.5620        0.00000
      11        28.3301        0.00000
      12        28.3936        0.00000
      13        30.2189        0.00000
      14        42.2274        0.00000

 39/73 kpoint (Cartesian) = -0.024894 0.10061 0.0000 (18759 pws)
       1       -21.5704      0.0312500
       2       -9.45071      0.0312500
       3       -8.73685      0.0312500
       4       -7.73019      0.0312500
       5        4.00852        0.00000
       6        4.37337        0.00000
       7        7.73696        0.00000
       8        10.1974        0.00000
       9        10.5370        0.00000
      10        14.6610        0.00000
      11        26.8910        0.00000
      12        29.1028        0.00000
      13        29.8171        0.00000
      14        39.5684        0.00000

 40/73 kpoint (Cartesian) = -0.049789 0.11498 0.0000 (18704 pws)
       1       -21.1631      0.0312500
       2       -10.2365      0.0312500
       3       -8.49184      0.0312500
       4       -8.18130      0.0312500
       5        3.52185        0.00000
       6        5.07732        0.00000
       7        8.11657        0.00000
       8        10.9842        0.00000
       9        11.5613        0.00000
      10        15.3644        0.00000
      11        24.8174        0.00000
      12        29.6473        0.00000
      13        29.7298        0.00000
      14        36.5851        0.00000

 41/73 kpoint (Cartesian) = -0.074683 0.12935 0.0000 (18677 pws)
       1       -20.6528      0.0312500
       2       -11.0822      0.0312500
       3       -9.31945      0.0312500
       4       -7.47812      0.0312500
       5        2.73455        0.00000
       6        6.05569        0.00000
       7        8.55582        0.00000
       8        11.8916        0.00000
       9        13.3377        0.00000
      10        16.5328        0.00000
      11        22.8691        0.00000
      12        28.8052        0.00000
      13        29.6236        0.00000
      14        35.2438        0.00000

 42/73 kpoint (Cartesian) = -0.099577 0.14373 0.0000 (18622 pws)
       1       -20.0845      0.0312500
       2       -11.9730      0.0312500
       3       -10.0006      0.0312500
       4       -6.67904      0.0312500
       5        1.77167        0.00000
       6        7.03269        0.00000
       7        9.16552        0.00000
       8        13.1676        0.00000
       9        15.4285        0.00000
      10        17.8312        0.00000
      11        21.7336        0.00000
      12        26.9052        0.00000
      13        29.3213        0.00000
      14        35.0483        0.00000

 43/73 kpoint (Cartesian) = 0.12447 0.30183 0.0000 (18598 pws)
       1       -19.5466      0.0312500
       2       -12.7881      0.0312500
       3       -10.4487      0.0312500
       4       -5.89439      0.0312500
       5       0.829084        0.00000
       6        7.53519        0.00000
       7        10.3315        0.00000
       8        14.5291        0.00000
       9        16.4603        0.00000
      10        19.0673        0.00000
      11        22.4238        0.00000
      12        25.4033        0.00000
      13        28.6984        0.00000
      14        34.4213        0.00000

 44/73 kpoint (Cartesian) = 0.14937 0.28745 0.0000 (18585 pws)
       1       -19.1926      0.0312500
       2       -13.3019      0.0312500
       3       -10.6676      0.0312500
       4       -5.35468      0.0312500
       5       0.199399        0.00000
       6        7.65855        0.00000
       7        11.4968        0.00000
       8        15.2300        0.00000
       9        16.3958        0.00000
      10        20.0962        0.00000
      11        24.1178        0.00000
      12        24.8752        0.00000
      13        27.8411        0.00000
      14        33.4810        0.00000

 45/73 kpoint (Cartesian) = 0.17426 0.27308 0.0000 (18585 pws)
       1       -19.1893      0.0312500
       2       -13.3018      0.0312500
       3       -10.6725      0.0312500
       4       -5.36244      0.0312500
       5       0.217808        0.00000
       6        7.65911        0.00000
       7        11.4515        0.00000
       8        15.2916        0.00000
       9        16.3469        0.00000
      10        20.0902        0.00000
      11        24.2048        0.00000
      12        24.9851        0.00000
      13        27.7872        0.00000
      14        33.4110        0.00000

 46/73 kpoint (Cartesian) = 0.19915 0.25871 0.0000 (18598 pws)
       1       -19.5386      0.0312500
       2       -12.7826      0.0312500
       3       -10.4670      0.0312500
       4       -5.91114      0.0312500
       5       0.876012        0.00000
       6        7.54604        0.00000
       7        10.2267        0.00000
       8        14.6592        0.00000
       9        16.3333        0.00000
      10        19.0831        0.00000
      11        22.5592        0.00000
      12        25.6332        0.00000
      13        28.6409        0.00000
      14        34.2472        0.00000

 47/73 kpoint (Cartesian) = 0.17426 -0.014373 0.0000 (18622 pws)
       1       -20.0749      0.0312500
       2       -11.9488      0.0312500
       3       -10.0433      0.0312500
       4       -6.69669      0.0312500
       5        1.83355        0.00000
       6        7.07706        0.00000
       7        8.99064        0.00000
       8        13.3453        0.00000
       9        15.3327        0.00000
      10        17.8748        0.00000
      11        21.7628        0.00000
      12        27.1581        0.00000
      13        29.3038        0.00000
      14        34.8316        0.00000

 48/73 kpoint (Cartesian) = 0.14937 0.0000 0.0000 (18677 pws)
       1       -20.6436      0.0156250
       2       -11.0260      0.0156250
       3       -9.39906      0.0156250
       4       -7.49334      0.0156250
       5        2.79879        0.00000
       6        6.10974        0.00000
       7        8.32571        0.00000
       8        12.1416        0.00000
       9        13.3069        0.00000
      10        16.5775        0.00000
      11        22.7611        0.00000
      12        28.9864        0.00000
      13        29.6446        0.00000
      14        35.1329        0.00000

 49/73 kpoint (Cartesian) = 0.0000 0.11498 0.0000 (18745 pws)
       1       -21.3668      0.0156250
       2       -10.0734      0.0156250
       3       -8.45627      0.0156250
       4       -7.81302      0.0156250
       5        3.74042        0.00000
       6        4.41204        0.00000
       7        7.89126        0.00000
       8        11.0010        0.00000
       9        11.1056        0.00000
      10        14.6899        0.00000
      11        26.7556        0.00000
      12        28.9293        0.00000
      13        29.6994        0.00000
      14        40.2032        0.00000

 50/73 kpoint (Cartesian) = -0.024894 0.12935 0.0000 (18737 pws)
       1       -21.0368      0.0312500
       2       -10.7571      0.0312500
       3       -8.27805      0.0312500
       4       -8.00168      0.0312500
       5        3.24962        0.00000
       6        4.84669        0.00000
       7        8.23893        0.00000
       8        11.8824        0.00000
       9        11.9982        0.00000
      10        15.2537        0.00000
      11        25.2747        0.00000
      12        28.8676        0.00000
      13        30.0914        0.00000
      14        37.3832        0.00000

 51/73 kpoint (Cartesian) = -0.049789 0.14373 0.0000 (18652 pws)
       1       -20.5989      0.0312500
       2       -11.4101      0.0312500
       3       -9.05987      0.0312500
       4       -7.39383      0.0312500
       5        2.55867        0.00000
       6        5.75079        0.00000
       7        8.72311        0.00000
       8        12.4086        0.00000
       9        13.6080        0.00000
      10        16.4258        0.00000
      11        23.2300        0.00000
      12        29.1659        0.00000
      13        29.1934        0.00000
      14        35.4707        0.00000

 52/73 kpoint (Cartesian) = -0.074683 0.15810 0.0000 (18622 pws)
       1       -20.0878      0.0312500
       2       -11.9985      0.0312500
       3       -9.96386      0.0312500
       4       -6.67192      0.0312500
       5        1.74848        0.00000
       6        7.04323        0.00000
       7        9.16645        0.00000
       8        13.1394        0.00000
       9        15.4303        0.00000
      10        17.8068        0.00000
      11        21.7746        0.00000
      12        26.9638        0.00000
      13        29.3219        0.00000
      14        35.0265        0.00000

 53/73 kpoint (Cartesian) = 0.099577 0.28745 0.0000 (18594 pws)
       1       -19.5675      0.0312500
       2       -12.5144      0.0312500
       3       -10.7711      0.0312500
       4       -5.91316      0.0312500
       5       0.928892        0.00000
       6        8.43749        0.00000
       7        9.60407        0.00000
       8        14.1282        0.00000
       9        16.0832        0.00000
      10        19.1744        0.00000
      11        22.2500        0.00000
      12        25.0543        0.00000
      13        29.0490        0.00000
      14        34.5694        0.00000

 54/73 kpoint (Cartesian) = 0.12447 0.27308 0.0000 (18575 pws)
       1       -19.1490      0.0312500
       2       -12.9200      0.0312500
       3       -11.3034      0.0312500
       4       -5.27364      0.0312500
       5       0.263021        0.00000
       6        9.00090        0.00000
       7        10.7718        0.00000
       8        14.5724        0.00000
       9        15.5754        0.00000
      10        20.6433        0.00000
      11        24.1222        0.00000
      12        24.1829        0.00000
      13        28.3343        0.00000
      14        33.7176        0.00000

 55/73 kpoint (Cartesian) = 0.14937 0.25871 0.0000 (18600 pws)
       1       -18.9797      0.0312500
       2       -13.0842      0.0312500
       3       -11.4891      0.0312500
       4       -5.01309      0.0312500
       5     0.00458170        0.00000
       6        9.06867        0.00000
       7        11.5745        0.00000
       8        14.4295        0.00000
       9        15.2472        0.00000
      10        21.5039        0.00000
      11        23.9792        0.00000
      12        25.4400        0.00000
      13        27.6495        0.00000
      14        33.1795        0.00000

 56/73 kpoint (Cartesian) = 0.17426 0.24434 0.0000 (18575 pws)
       1       -19.1412      0.0312500
       2       -12.9083      0.0312500
       3       -11.3279      0.0312500
       4       -5.29342      0.0312500
       5       0.310118        0.00000
       6        9.03609        0.00000
       7        10.6319        0.00000
       8        14.7052        0.00000
       9        15.4858        0.00000
      10        20.6705        0.00000
      11        24.2493        0.00000
      12        24.2845        0.00000
      13        28.2853        0.00000
      14        33.6399        0.00000

 57/73 kpoint (Cartesian) = 0.19915 0.22996 0.0000 (18594 pws)
       1       -19.5554      0.0156250
       2       -12.4841      0.0156250
       3       -10.8239      0.0156250
       4       -5.93961      0.0156250
       5        1.00414        0.00000
       6        8.53511        0.00000
       7        9.37980        0.00000
       8        14.2991        0.00000
       9        15.9313        0.00000
      10        19.2351        0.00000
      11        22.3569        0.00000
      12        25.2367        0.00000
      13        29.0139        0.00000
      14        34.4031        0.00000

 58/73 kpoint (Cartesian) = 0.0000 0.14373 0.0000 (18685 pws)
       1       -20.7893      0.0156250
       2       -11.4021      0.0156250
       3       -8.30580      0.0156250
       4       -7.65397      0.0156250
       5        2.75757        0.00000
       6        4.79592        0.00000
       7        8.59389        0.00000
       8        12.9481        0.00000
       9        13.0109        0.00000
      10        15.3742        0.00000
      11        25.4477        0.00000
      12        27.8190        0.00000
      13        30.4293        0.00000
      14        38.5488        0.00000

 59/73 kpoint (Cartesian) = -0.024894 0.15810 0.0000 (18665 pws)
       1       -20.4368      0.0312500
       2       -12.0074      0.0312500
       3       -8.72974      0.0312500
       4       -7.15636      0.0312500
       5        2.12167        0.00000
       6        5.23096        0.00000
       7        9.16279        0.00000
       8        13.6409        0.00000
       9        14.4224        0.00000
      10        16.2448        0.00000
      11        24.0335        0.00000
      12        28.0254        0.00000
      13        29.8018        0.00000
      14        36.2657        0.00000

 60/73 kpoint (Cartesian) = -0.049789 0.17247 0.0000 (18650 pws)
       1       -20.0086      0.0312500
       2       -12.4973      0.0312500
       3       -9.48356      0.0312500
       4       -6.54272      0.0312500
       5        1.43327        0.00000
       6        6.19720        0.00000
       7        9.80217        0.00000
       8        14.0071        0.00000
       9        16.0475        0.00000
      10        17.5968        0.00000
      11        22.4273        0.00000
      12        27.7305        0.00000
      13        28.5369        0.00000
      14        35.0479        0.00000

 61/73 kpoint (Cartesian) = 0.074683 0.27308 0.0000 (18598 pws)
       1       -19.5545      0.0312500
       2       -12.8219      0.0312500
       3       -10.3933      0.0312500
       4       -5.87416      0.0312500
       5       0.775718        0.00000
       6        7.56777        0.00000
       7        10.3147        0.00000
       8        14.4864        0.00000
       9        16.4973        0.00000
      10        19.0013        0.00000
      11        22.4841        0.00000
      12        25.5214        0.00000
      13        28.6704        0.00000
      14        34.3738        0.00000

 62/73 kpoint (Cartesian) = 0.099577 0.25871 0.0000 (18575 pws)
       1       -19.1536      0.0312500
       2       -12.9414      0.0312500
       3       -11.2717      0.0312500
       4       -5.25987      0.0312500
       5       0.231362        0.00000
       6        9.02801        0.00000
       7        10.7657        0.00000
       8        14.5349        0.00000
       9        15.6087        0.00000
      10        20.5907        0.00000
      11        24.1962        0.00000
      12        24.2063        0.00000
      13        28.3063        0.00000
      14        33.6766        0.00000

 63/73 kpoint (Cartesian) = 0.12447 0.24434 0.0000 (18582 pws)
       1       -18.9089      0.0312500
       2       -12.8636      0.0312500
       3       -11.9155      0.0312500
       4       -4.87410      0.0312500
       5     -0.0853088        0.00000
       6        9.80354        0.00000
       7        11.7020        0.00000
       8        13.7110        0.00000
       9        14.8419        0.00000
      10        22.2337        0.00000
      11        23.5440        0.00000
      12        25.9676        0.00000
      13        27.4984        0.00000
      14        33.2515        0.00000

 64/73 kpoint (Cartesian) = 0.14937 0.22996 0.0000 (18582 pws)
       1       -18.9040      0.0156250
       2       -12.8435      0.0156250
       3       -11.9440      0.0156250
       4       -4.88876      0.0156250
       5     -0.0541001        0.00000
       6        9.82319        0.00000
       7        11.5679        0.00000
       8        13.8423        0.00000
       9        14.7988        0.00000
      10        22.2892        0.00000
      11        23.5346        0.00000
      12        26.0127        0.00000
      13        27.4758        0.00000
      14        33.2647        0.00000

 65/73 kpoint (Cartesian) = 0.0000 0.17247 0.0000 (18669 pws)
       1       -20.1814      0.0156250
       2       -12.5914      0.0156250
       3       -8.68654      0.0156250
       4       -6.78357      0.0156250
       5        1.54417        0.00000
       6        5.03781        0.00000
       7        9.82020        0.00000
       8        14.8252        0.00000
       9        15.7204        0.00000
      10        16.3730        0.00000
      11        24.3897        0.00000
      12        26.9821        0.00000
      13        29.9464        0.00000
      14        37.2169        0.00000

 66/73 kpoint (Cartesian) = -0.024894 0.18685 0.0000 (18644 pws)
       1       -19.8601      0.0312500
       2       -13.0484      0.0312500
       3       -9.04758      0.0312500
       4       -6.30976      0.0312500
       5       0.955347        0.00000
       6        5.42115        0.00000
       7        10.5584        0.00000
       8        15.2524        0.00000
       9        17.1567        0.00000
      10        17.3555        0.00000
      11        23.3178        0.00000
      12        27.2702        0.00000
      13        28.7934        0.00000
      14        35.3890        0.00000

 67/73 kpoint (Cartesian) = 0.049789 0.25871 0.0000 (18631 pws)
       1       -19.5159      0.0312500
       2       -13.3118      0.0312500
       3       -9.74317      0.0312500
       4       -5.79236      0.0312500
       5       0.457269        0.00000
       6        6.36762        0.00000
       7        11.1659        0.00000
       8        15.3724        0.00000
       9        17.5667        0.00000
      10        18.6358        0.00000
      11        22.9724        0.00000
      12        26.7054        0.00000
      13        27.7067        0.00000
      14        34.2002        0.00000

 68/73 kpoint (Cartesian) = 0.074683 0.24434 0.0000 (18585 pws)
       1       -19.2057      0.0312500
       2       -13.3351      0.0312500
       3       -10.6041      0.0312500
       4       -5.31643      0.0312500
       5       0.113084        0.00000
       6        7.70009        0.00000
       7        11.5006        0.00000
       8        15.1329        0.00000
       9        16.4895        0.00000
      10        20.0006        0.00000
      11        24.1720        0.00000
      12        25.0269        0.00000
      13        27.7792        0.00000
      14        33.3976        0.00000

 69/73 kpoint (Cartesian) = 0.099577 0.22996 0.0000 (18600 pws)
       1       -18.9893      0.0156250
       2       -13.1152      0.0156250
       3       -11.4391      0.0156250
       4       -4.98333      0.0156250
       5     -0.0592815        0.00000
       6        9.09293        0.00000
       7        11.6509        0.00000
       8        14.2916        0.00000
       9        15.3251        0.00000
      10        21.4004        0.00000
      11        24.0740        0.00000
      12        25.4504        0.00000
      13        27.6100        0.00000
      14        33.1161        0.00000

 70/73 kpoint (Cartesian) = 0.0000 0.20122 0.0000 (18611 pws)
       1       -19.6696      0.0156250
       2       -13.4687      0.0156250
       3       -8.92537      0.0156250
       4       -6.01200      0.0156250
       5       0.483385        0.00000
       6        5.13215        0.00000
       7        11.2779        0.00000
       8        16.2080        0.00000
       9        17.4397        0.00000
      10        18.4276        0.00000
      11        23.5507        0.00000
      12        26.4660        0.00000
      13        29.2172        0.00000
      14        35.8308        0.00000

 71/73 kpoint (Cartesian) = 0.024894 0.24434 0.0000 (18599 pws)
       1       -19.4746      0.0312500
       2       -13.6750      0.0312500
       3       -9.21107      0.0312500
       4       -5.70861      0.0312500
       5       0.156094        0.00000
       6        5.47976        0.00000
       7        11.7621        0.00000
       8        16.2964        0.00000
       9        18.2196        0.00000
      10        18.9090        0.00000
      11        23.2455        0.00000
      12        26.6771        0.00000
      13        28.2066        0.00000
      14        34.5566        0.00000

 72/73 kpoint (Cartesian) = 0.049789 0.22996 0.0000 (18596 pws)
       1       -19.3128      0.0156250
       2       -13.6260      0.0156250
       3       -9.83051      0.0156250
       4       -5.46422      0.0156250
       5      0.0437067        0.00000
       6        6.40337        0.00000
       7        11.8493        0.00000
       8        15.8778        0.00000
       9        17.8733        0.00000
      10        19.1458        0.00000
      11        23.7718        0.00000
      12        26.4572        0.00000
      13        27.1382        0.00000
      14        33.6326        0.00000

 73/73 kpoint (Cartesian) = 0.0000 0.22996 0.0000 (18582 pws)
       1       -19.4568     0.00781250
       2       -13.8060     0.00781250
       3       -9.00660     0.00781250
       4       -5.67275     0.00781250
       5      0.0344228        0.00000
       6        5.15240        0.00000
       7        11.9813        0.00000
       8        16.7414        0.00000
       9        17.9806        0.00000
      10        19.6645        0.00000
      11        23.1191        0.00000
      12        26.2919        0.00000
      13        28.9715        0.00000
      14        35.2914        0.00000


 Warning_Memory_Consuming allocated:  ORB::Jl(x) 737.494 MB
 correction force for each atom along direction 1 is 0.0915610
 correction force for each atom along direction 2 is -3.74067e-08
 correction force for each atom along direction 3 is -4.06905e-14
------------------------------------------------------------------------------------------
 TOTAL-FORCE (eV/Angstrom)                                                                
------------------------------------------------------------------------------------------
                        N1         0.0000000000        -0.4432701743         0.0000000000 
                        B1         0.0000000000         0.4432701743         0.0000000000 
------------------------------------------------------------------------------------------



 --------------------------------------------
 !FINAL_ETOT_IS -364.7194391593663 eV
 --------------------------------------------


TIME STATISTICS
------------------------------------------------------------------------------------
    CLASS_NAME                    NAME                TIME/s  CALLS   AVG/s  PER/%  
------------------------------------------------------------------------------------
                   total                              9.13   13       0.70   100.00 
 Driver            reading                            0.03   1        0.03   0.30   
 Input_Conv        Convert                            0.00   1        0.00   0.02   
 Driver            driver_line                        9.11   1        9.11   99.69  
 UnitCell          check_tau                          0.00   1        0.00   0.00   
 ESolver_KS_LCAO   before_all_runners                 0.46   1        0.46   5.07   
 PW_Basis_Sup      setuptransform                     0.01   1        0.01   0.07   
 PW_Basis_Sup      distributeg                        0.00   1        0.00   0.02   
 mymath            heapsort                           0.01   4        0.00   0.16   
 Charge_Mixing     init_mixing                        0.00   1        0.00   0.00   
 Symmetry          analy_sys                          0.02   1        0.02   0.27   
 PW_Basis_K        setuptransform                     0.05   1        0.05   0.59   
 PW_Basis_K        distributeg                        0.00   1        0.00   0.02   
 PW_Basis          setup_struc_factor                 0.01   1        0.01   0.16   
 NOrbital_Lm       extra_uniform                      0.78   181      0.00   8.56   
 Mathzone_Add1     SplineD2                           0.00   181      0.00   0.02   
 Mathzone_Add1     Cubic_Spline_Interpolation         0.00   181      0.00   0.04   
 Mathzone_Add1     Uni_Deriv_Phi                      0.76   181      0.00   8.36   
 ppcell_vl         init_vloc                          0.01   1        0.01   0.06   
 Ions              opt_ions                           8.63   1        8.63   94.46  
 ESolver_KS_LCAO   runner                             8.25   1        8.25   90.35  
 ESolver_KS_LCAO   before_scf                         0.16   1        0.16   1.72   
 atom_arrange      search                             0.00   1        0.00   0.00   
 atom_arrange      grid_d.init                        0.00   1        0.00   0.00   
 Grid              Construct_Adjacent_expand          0.00   1        0.00   0.00   
 Grid              Construct_Adjacent_expand_periodic 0.00   2        0.00   0.00   
 Grid_Technique    init                               0.05   1        0.05   0.59   
 Grid_BigCell      grid_expansion_index               0.01   2        0.01   0.14   
 Grid_Driver       Find_atom                          0.00   13       0.00   0.00   
 Record_adj        for_2d                             0.00   1        0.00   0.00   
 LCAO_domain       grid_prepare                       0.00   1        0.00   0.00   
 Veff              initialize_HR                      0.00   1        0.00   0.00   
 OverlapNew        initialize_SR                      0.00   1        0.00   0.00   
 EkineticNew       initialize_HR                      0.00   1        0.00   0.00   
 NonlocalNew       initialize_HR                      0.00   1        0.00   0.01   
 Charge            set_rho_core                       0.01   1        0.01   0.14   
 PW_Basis_Sup      recip2real                         0.13   111      0.00   1.47   
 PW_Basis_Sup      gathers_scatterp                   0.02   111      0.00   0.26   
 ModuleIO          read_rhog                          0.02   1        0.02   0.22   
 Potential         init_pot                           0.04   1        0.04   0.42   
 Potential         update_from_charge                 0.48   15       0.03   5.27   
 Potential         cal_fixed_v                        0.00   1        0.00   0.03   
 PotLocal          cal_fixed_v                        0.00   1        0.00   0.03   
 Potential         cal_v_eff                          0.47   15       0.03   5.15   
 H_Hartree_pw      v_hartree                          0.07   15       0.00   0.76   
 PW_Basis_Sup      real2recip                         0.14   128      0.00   1.56   
 PW_Basis_Sup      gatherp_scatters                   0.02   128      0.00   0.22   
 PotXC             cal_v_eff                          0.38   15       0.03   4.18   
 XC_Functional     v_xc                               0.40   16       0.02   4.35   
 Potential         interpolate_vrs                    0.01   15       0.00   0.09   
 Symmetry          rhog_symmetry                      0.14   15       0.01   1.49   
 Symmetry          group fft grids                    0.10   15       0.01   1.12   
 H_Ewald_pw        compute_ewald                      0.01   1        0.01   0.08   
 HSolverLCAO       solve                              3.66   14       0.26   40.04  
 HamiltLCAO        updateHk                           1.19   1022     0.00   13.07  
 OperatorLCAO      init                               1.13   3066     0.00   12.36  
 Veff              contributeHR                       0.99   14       0.07   10.88  
 Gint_interface    cal_gint                           2.26   29       0.08   24.74  
 Gint_interface    cal_gint_vlocal                    0.97   14       0.07   10.59  
 Gint_Tools        cal_psir_ylm                       0.90   1972     0.00   9.87   
 Gint_k            transfer_pvpR                      0.00   14       0.00   0.03   
 OverlapNew        calculate_SR                       0.04   1        0.04   0.40   
 OverlapNew        contributeHk                       0.03   1022     0.00   0.30   
 EkineticNew       contributeHR                       0.06   14       0.00   0.66   
 EkineticNew       calculate_HR                       0.06   1        0.06   0.65   
 NonlocalNew       contributeHR                       0.05   14       0.00   0.57   
 NonlocalNew       calculate_HR                       0.05   1        0.05   0.56   
 OperatorLCAO      contributeHk                       0.02   1022     0.00   0.22   
 HSolverLCAO       hamiltSolvePsiK                    1.28   1022     0.00   14.06  
 DiagoElpa         elpa_solve                         1.06   1022     0.00   11.56  
 elecstate         cal_dm                             0.01   15       0.00   0.16   
 psiMulPsiMpi      pdgemm                             0.01   1095     0.00   0.09   
 DensityMatrix     cal_DMR                            0.01   15       0.00   0.11   
 ElecStateLCAO     psiToRho                           1.15   14       0.08   12.63  
 Gint              transfer_DMR                       0.00   14       0.00   0.04   
 Gint_interface    cal_gint_rho                       1.11   14       0.08   12.20  
 Charge_Mixing     get_drho                           0.01   14       0.00   0.07   
 Charge            mix_rho                            0.10   13       0.01   1.12   
 Charge            Broyden_mixing                     0.02   13       0.00   0.21   
 ModuleIO          write_rhog                         0.03   1        0.03   0.35   
 ESolver_KS_LCAO   after_scf                          3.55   1        3.55   38.82  
 Charge            atomic_rho                         0.01   1        0.01   0.12   
 ModuleIO          output_HSR                         0.25   1        0.25   2.78   
 ModuleIO          save_HSR_sparse                    0.25   1        0.25   2.69   
 cal_r_overlap_R   init                               2.66   1        2.66   29.11  
 ORB_gaunt_table   init_Gaunt_CH                      0.00   1        0.00   0.01   
 ORB_gaunt_table   Calc_Gaunt_CH                      0.00   601      0.00   0.00   
 ORB_gaunt_table   init_Gaunt                         0.00   1        0.00   0.03   
 ORB_gaunt_table   Get_Gaunt_SH                       0.00   6272     0.00   0.02   
 Center2_Orb       cal_ST_Phi12_R                     0.92   384      0.00   10.05  
 cal_r_overlap_R   out_rR_other                       0.43   1        0.43   4.67   
 ESolver_KS_LCAO   cal_force                          0.38   1        0.38   4.11   
 Force_Stress_LCAO getForceStress                     0.38   1        0.38   4.11   
 Forces            cal_force_loc                      0.01   1        0.01   0.13   
 Forces            cal_force_ew                       0.01   1        0.01   0.06   
 Forces            cal_force_cc                       0.04   1        0.04   0.45   
 Forces            cal_force_scc                      0.01   1        0.01   0.10   
 Force_LCAO        ftable                             0.27   1        0.27   2.94   
 Force_LCAO        allocate                           0.11   1        0.11   1.22   
 LCAO_domain       build_ST_new                       0.11   2        0.06   1.22   
 Force_LCAO        cal_pulay_fs_center2               0.00   2        0.00   0.01   
 Gint_interface    cal_gint_force                     0.15   1        0.15   1.69   
 Gint_Tools        cal_dpsir_ylm                      0.04   69       0.00   0.41   
 NonlocalNew       cal_force_stress                   0.04   1        0.04   0.43   
 ESolver_KS_LCAO   after_all_runners                  0.00   1        0.00   0.04   
 ModuleIO          write_istate_info                  0.00   1        0.00   0.04   
------------------------------------------------------------------------------------


 NAME-------------------------|MEMORY(MB)--------
                         total          824.2
                    ORB::Jl(x)          737.5
                  PW_B_K::gcar          31.37
                   PW_B_K::gk2          10.46
                  SF::strucFac          4.544
                      Chg::rho          2.930
                 Chg::rho_save          2.930
                 Chg::rho_core          2.930
                 Pot::veff_fix          2.930
                     Pot::veff          2.930
              Pot::veff_smooth          2.930
       TwoCenterTable: Kinetic          2.152
       TwoCenterTable: Overlap          2.152
      TwoCenterTable: Nonlocal          1.599
               GT::ind_bigcell          1.575
         GT::in_this_processor          1.575
              GT::index2normal          1.575
               GT::index2ucell          1.575
                     Chg::rhog          1.136
                Chg::rhog_save          1.136
                Chg::rhog_core          1.136
                   Force::dS_K          1.099
                  Force::dTVNL          1.099
 -------------   < 1.0 MB has been ignored ----------------
 ----------------------------------------------------------

 Start  Time  : Fri Sep  4 16:33:33 2026
 Finish Time  : Fri Sep  4 16:33:42 2026
 Total  Time  : 0 h 0 mins 9 secs 
