# frequency_cm-1 xx xy xz yx yy yz zx zy zz
0.00000000 7.5761034172e+01 -1.9492120282e-14 0.0000000000e+00 -1.9492120282e-14 7.5761034172e+01 0.0000000000e+00 0.0000000000e+00 0.0000000000e+00 1.8045191328e+01
0.15200000 7.5761197124e+01 -1.9492120282e-14 0.0000000000e+00 -1.9492120282e-14 7.5761197124e+01 0.0000000000e+00 0.0000000000e+00 0.0000000000e+00 1.8045194448e+01
0.30400000 7.5761685984e+01 -2.0214050663e-14 0.0000000000e+00 -2.0214050663e-14 7.5761685984e+01 0.0000000000e+00 0.0000000000e+00 0.0000000000e+00 1.8045203810e+01
0.45600000 7.5762500768e+01 -2.0214050663e-14 0.0000000000e+00 -2.0214050663e-14 7.5762500768e+01 0.0000000000e+00 0.0000000000e+00 0.0000000000e+00 1.8045219414e+01
0.60800000 7.5763641498e+01 -2.0214050663e-14 0.0000000000e+00 -2.0214050663e-14 7.5763641498e+01 0.0000000000e+00 0.0000000000e+00 0.0000000000e+00 1.8045241259e+01
0.76000000 7.5765108209e+01 -2.0214050663e-14 0.0000000000e+00 -2.0214050663e-14 7.5765108209e+01 0.0000000000e+00 0.0000000000e+00 0.0000000000e+00 1.8045269345e+01
0.91200000 7.5766900943e+01 -2.0214050663e-14 0.0000000000e+00 -2.0214050663e-14 7.5766900943e+01 0.0000000000e+00 0.0000000000e+00 0.0000000000e+00 1.8045303673e+01
1.06400000 7.5769019755e+01 -2.0214050663e-14 0.0000000000e+00 -2.0214050663e-14 7.5769019755e+01 0.0000000000e+00 0.0000000000e+00 0.0000000000e+00 1.8045344243e+01
1.21600000 7.5771464705e+01 -2.0214050663e-14 0.0000000000e+00 -2.0214050663e-14 7.5771464705e+01 0.0000000000e+00 0.0000000000e+00 0.0000000000e+00 1.8045391055e+01
1.36800000 7.5774235867e+01 -2.0214050663e-14 0.0000000000e+00 -2.0214050663e-14 7.5774235867e+01 0.0000000000e+00 0.0000000000e+00 0.0000000000e+00 1.8045444108e+01
1.52000000 7.5777333322e+01 -2.0214050663e-14 0.0000000000e+00 -2.0214050663e-14 7.5777333322e+01 0.0000000000e+00 0.0000000000e+00 0.0000000000e+00 1.8045503403e+01
1.67200000 7.5780757161e+01 -2.0214050663e-14 0.0000000000e+00 -2.0214050663e-14 7.5780757161e+01 0.0000000000e+00 0.0000000000e+00 0.0000000000e+00 1.8045568941e+01
1.82400000 7.5784507486e+01 -2.0214050663e-14 0.0000000000e+00 -2.0214050663e-14 7.5784507486e+01 0.0000000000e+00 0.0000000000e+00 0.0000000000e+00 1.8045640721e+01
1.97600000 7.5788584407e+01 -2.0214050663e-14 0.0000000000e+00 -2.0214050663e-14 7.5788584407e+01 0.0000000000e+00 0.0000000000e+00 0.0000000000e+00 1.8045718744e+01
2.12800000 7.5792988044e+01 -2.0214050663e-14 0.0000000000e+00 -2.0214050663e-14 7.5792988044e+01 0.0000000000e+00 0.0000000000e+00 0.0000000000e+00 1.8045803010e+01
2.28000000 7.5797718528e+01 -2.0214050663e-14 0.0000000000e+00 -2.0214050663e-14 7.5797718528e+01 0.0000000000e+00 0.0000000000e+00 0.0000000000e+00 1.8045893519e+01
2.43200000 7.5802775998e+01 -2.0214050663e-14 0.0000000000e+00 -2.0214050663e-14 7.5802775998e+01 0.0000000000e+00 0.0000000000e+00 0.0000000000e+00 1.8045990271e+01
2.58400000 7.5808160604e+01 -1.9572334769e-14 0.0000000000e+00 -1.9572334769e-14 7.5808160604e+01 0.0000000000e+00 0.0000000000e+00 0.0000000000e+00 1.8046093267e+01
2.73600000 7.5813872504e+01 -2.0214050663e-14 0.0000000000e+00 -2.0214050663e-14 7.5813872504e+01 0.0000000000e+00 0.0000000000e+00 0.0000000000e+00 1.8046202506e+01
2.88800000 7.5819911867e+01 -1.9572334769e-14 0.0000000000e+00 -1.9572334769e-14 7.5819911867e+01 0.0000000000e+00 0.0000000000e+00 0.0000000000e+00 1.8046317990e+01
3.04000000 7.5826278873e+01 -1.9572334769e-14 0.0000000000e+00 -1.9572334769e-14 7.5826278873e+01 0.0000000000e+00 0.0000000000e+00 0.0000000000e+00 1.8046439719e+01
3.19200000 7.5832973709e+01 -2.0214050663e-14 0.0000000000e+00 -2.0214050663e-14 7.5832973709e+01 0.0000000000e+00 0.0000000000e+00 0.0000000000e+00 1.8046567692e+01
3.34400000 7.5839996573e+01 -2.0214050663e-14 0.0000000000e+00 -2.0214050663e-14 7.5839996573e+01 0.0000000000e+00 0.0000000000e+00 0.0000000000e+00 1.8046701911e+01
3.49600000 7.5847347673e+01 -2.0214050663e-14 0.0000000000e+00 -2.0214050663e-14 7.5847347673e+01 0.0000000000e+00 0.0000000000e+00 0.0000000000e+00 1.8046842375e+01
3.64800000 7.5855027226e+01 -2.0214050663e-14 0.0000000000e+00 -2.0214050663e-14 7.5855027226e+01 0.0000000000e+00 0.0000000000e+00 0.0000000000e+00 1.8046989085e+01
3.80000000 7.5863035461e+01 -2.0133836176e-14 0.0000000000e+00 -2.0133836176e-14 7.5863035461e+01 0.0000000000e+00 0.0000000000e+00 0.0000000000e+00 1.8047142042e+01
3.95200000 7.5871372613e+01 -1.9492120282e-14 0.0000000000e+00 -1.9492120282e-14 7.5871372613e+01 0.0000000000e+00 0.0000000000e+00 0.0000000000e+00 1.8047301245e+01
4.10400000 7.5880038930e+01 -2.0133836176e-14 0.0000000000e+00 -2.0133836176e-14 7.5880038930e+01 0.0000000000e+00 0.0000000000e+00 0.0000000000e+00 1.8047466696e+01
4.25600000 7.5889034669e+01 -2.0214050663e-14 0.0000000000e+00 -2.0214050663e-14 7.5889034669e+01 0.0000000000e+00 0.0000000000e+00 0.0000000000e+00 1.8047638395e+01
4.40800000 7.5898360097e+01 -2.0214050663e-14 0.0000000000e+00 -2.0214050663e-14 7.5898360097e+01 0.0000000000e+00 0.0000000000e+00 0.0000000000e+00 1.8047816342e+01
4.56000000 7.5908015490e+01 -2.0214050663e-14 0.0000000000e+00 -2.0214050663e-14 7.5908015490e+01 0.0000000000e+00 0.0000000000e+00 0.0000000000e+00 1.8048000538e+01
4.71200000 7.5918001134e+01 -2.0214050663e-14 0.0000000000e+00 -2.0214050663e-14 7.5918001134e+01 0.0000000000e+00 0.0000000000e+00 0.0000000000e+00 1.8048190983e+01
4.86400000 7.5928317327e+01 -2.0214050663e-14 0.0000000000e+00 -2.0214050663e-14 7.5928317327e+01 0.0000000000e+00 0.0000000000e+00 0.0000000000e+00 1.8048387677e+01
5.01600000 7.5938964373e+01 -2.0214050663e-14 0.0000000000e+00 -2.0214050663e-14 7.5938964373e+01 0.0000000000e+00 0.0000000000e+00 0.0000000000e+00 1.8048590623e+01
5.16800000 7.5949942591e+01 -2.0214050663e-14 0.0000000000e+00 -2.0214050663e-14 7.5949942591e+01 0.0000000000e+00 0.0000000000e+00 0.0000000000e+00 1.8048799819e+01
5.32000000 7.5961252306e+01 -1.9572334769e-14 0.0000000000e+00 -1.9572334769e-14 7.5961252306e+01 0.0000000000e+00 0.0000000000e+00 0.0000000000e+00 1.8049015267e+01
5.47200000 7.5972893854e+01 -2.0214050663e-14 0.0000000000e+00 -2.0214050663e-14 7.5972893854e+01 0.0000000000e+00 0.0000000000e+00 0.0000000000e+00 1.8049236967e+01
5.62400000 7.5984867582e+01 -2.0133836176e-14 0.0000000000e+00 -2.0133836176e-14 7.5984867582e+01 0.0000000000e+00 0.0000000000e+00 0.0000000000e+00 1.8049464919e+01
5.77600000 7.5997173847e+01 -2.0214050663e-14 0.0000000000e+00 -2.0214050663e-14 7.5997173847e+01 0.0000000000e+00 0.0000000000e+00 0.0000000000e+00 1.8049699125e+01
5.92800000 7.6009813014e+01 -2.0214050663e-14 0.0000000000e+00 -2.0214050663e-14 7.6009813014e+01 0.0000000000e+00 0.0000000000e+00 0.0000000000e+00 1.8049939586e+01
6.08000000 7.6022785462e+01 -2.0214050663e-14 0.0000000000e+00 -2.0214050663e-14 7.6022785462e+01 0.0000000000e+00 0.0000000000e+00 0.0000000000e+00 1.8050186301e+01
6.23200000 7.6036091576e+01 -2.0214050663e-14 0.0000000000e+00 -2.0214050663e-14 7.6036091576e+01 0.0000000000e+00 0.0000000000e+00 0.0000000000e+00 1.8050439271e+01
6.38400000 7.6049731754e+01 -2.0214050663e-14 0.0000000000e+00 -2.0214050663e-14 7.6049731754e+01 0.0000000000e+00 0.0000000000e+00 0.0000000000e+00 1.8050698498e+01
6.53600000 7.6063706402e+01 -2.0214050663e-14 0.0000000000e+00 -2.0214050663e-14 7.6063706402e+01 0.0000000000e+00 0.0000000000e+00 0.0000000000e+00 1.8050963981e+01
6.68800000 7.6078015939e+01 -2.0214050663e-14 0.0000000000e+00 -2.0214050663e-14 7.6078015939e+01 0.0000000000e+00 0.0000000000e+00 0.0000000000e+00 1.8051235723e+01
6.84000000 7.6092660793e+01 -1.9572334769e-14 0.0000000000e+00 -1.9572334769e-14 7.6092660793e+01 0.0000000000e+00 0.0000000000e+00 0.0000000000e+00 1.8051513722e+01
6.99200000 7.6107641400e+01 -2.0214050663e-14 0.0000000000e+00 -2.0214050663e-14 7.6107641400e+01 0.0000000000e+00 0.0000000000e+00 0.0000000000e+00 1.8051797981e+01
7.14400000 7.6122958211e+01 -2.0214050663e-14 0.0000000000e+00 -2.0214050663e-14 7.6122958211e+01 0.0000000000e+00 0.0000000000e+00 0.0000000000e+00 1.8052088500e+01
7.29600000 7.6138611683e+01 -1.9572334769e-14 0.0000000000e+00 -1.9572334769e-14 7.6138611683e+01 0.0000000000e+00 0.0000000000e+00 0.0000000000e+00 1.8052385280e+01
7.44800000 7.6154602286e+01 -2.0214050663e-14 0.0000000000e+00 -2.0214050663e-14 7.6154602286e+01 0.0000000000e+00 0.0000000000e+00 0.0000000000e+00 1.8052688321e+01
7.60000000 7.6170930500e+01 -2.0214050663e-14 0.0000000000e+00 -2.0214050663e-14 7.6170930500e+01 0.0000000000e+00 0.0000000000e+00 0.0000000000e+00 1.8052997625e+01
7.75200000 7.6187596814e+01 -2.0214050663e-14 0.0000000000e+00 -2.0214050663e-14 7.6187596814e+01 0.0000000000e+00 0.0000000000e+00 0.0000000000e+00 1.8053313193e+01
7.90400000 7.6204601729e+01 -2.0214050663e-14 0.0000000000e+00 -2.0214050663e-14 7.6204601729e+01 0.0000000000e+00 0.0000000000e+00 0.0000000000e+00 1.8053635025e+01
8.05600000 7.6221945757e+01 -2.0133836176e-14 0.0000000000e+00 -2.0133836176e-14 7.6221945757e+01 0.0000000000e+00 0.0000000000e+00 0.0000000000e+00 1.8053963121e+01
8.20800000 7.6239629420e+01 -2.0214050663e-14 0.0000000000e+00 -2.0214050663e-14 7.6239629420e+01 0.0000000000e+00 0.0000000000e+00 0.0000000000e+00 1.8054297485e+01
8.36000000 7.6257653249e+01 -2.0133836176e-14 0.0000000000e+00 -2.0133836176e-14 7.6257653249e+01 0.0000000000e+00 0.0000000000e+00 0.0000000000e+00 1.8054638115e+01
8.51200000 7.6276017788e+01 -2.0214050663e-14 0.0000000000e+00 -2.0214050663e-14 7.6276017788e+01 0.0000000000e+00 0.0000000000e+00 0.0000000000e+00 1.8054985013e+01
8.66400000 7.6294723591e+01 -2.0214050663e-14 0.0000000000e+00 -2.0214050663e-14 7.6294723591e+01 0.0000000000e+00 0.0000000000e+00 0.0000000000e+00 1.8055338180e+01
8.81600000 7.6313771222e+01 -2.0214050663e-14 0.0000000000e+00 -2.0214050663e-14 7.6313771222e+01 0.0000000000e+00 0.0000000000e+00 0.0000000000e+00 1.8055697617e+01
8.96800000 7.6333161256e+01 -2.0214050663e-14 0.0000000000e+00 -2.0214050663e-14 7.6333161256e+01 0.0000000000e+00 0.0000000000e+00 0.0000000000e+00 1.8056063326e+01
9.12000000 7.6352894281e+01 -2.0214050663e-14 0.0000000000e+00 -2.0214050663e-14 7.6352894281e+01 0.0000000000e+00 0.0000000000e+00 0.0000000000e+00 1.8056435306e+01
9.27200000 7.6372970892e+01 -2.0214050663e-14 0.0000000000e+00 -2.0214050663e-14 7.6372970892e+01 0.0000000000e+00 0.0000000000e+00 0.0000000000e+00 1.8056813560e+01
9.42400000 7.6393391699e+01 -2.0214050663e-14 0.0000000000e+00 -2.0214050663e-14 7.6393391699e+01 0.0000000000e+00 0.0000000000e+00 0.0000000000e+00 1.8057198087e+01
9.57600000 7.6414157319e+01 -2.0214050663e-14 0.0000000000e+00 -2.0214050663e-14 7.6414157319e+01 0.0000000000e+00 0.0000000000e+00 0.0000000000e+00 1.8057588890e+01
9.72800000 7.6435268384e+01 -2.0214050663e-14 0.0000000000e+00 -2.0214050663e-14 7.6435268384e+01 0.0000000000e+00 0.0000000000e+00 0.0000000000e+00 1.8057985970e+01
9.88000000 7.6456725534e+01 -2.0214050663e-14 0.0000000000e+00 -2.0214050663e-14 7.6456725534e+01 0.0000000000e+00 0.0000000000e+00 0.0000000000e+00 1.8058389327e+01
10.03200000 7.6478529421e+01 -2.0214050663e-14 0.0000000000e+00 -2.0214050663e-14 7.6478529421e+01 0.0000000000e+00 0.0000000000e+00 0.0000000000e+00 1.8058798962e+01
10.18400000 7.6500680709e+01 -2.0214050663e-14 0.0000000000e+00 -2.0214050663e-14 7.6500680709e+01 0.0000000000e+00 0.0000000000e+00 0.0000000000e+00 1.8059214878e+01
10.33600000 7.6523180072e+01 -2.0214050663e-14 0.0000000000e+00 -2.0214050663e-14 7.6523180072e+01 0.0000000000e+00 0.0000000000e+00 0.0000000000e+00 1.8059637074e+01
10.48800000 7.6546028197e+01 -2.0214050663e-14 0.0000000000e+00 -2.0214050663e-14 7.6546028197e+01 0.0000000000e+00 0.0000000000e+00 0.0000000000e+00 1.8060065552e+01
10.64000000 7.6569225781e+01 -2.0214050663e-14 0.0000000000e+00 -2.0214050663e-14 7.6569225781e+01 0.0000000000e+00 0.0000000000e+00 0.0000000000e+00 1.8060500314e+01
10.79200000 7.6592773532e+01 -2.0133836176e-14 0.0000000000e+00 -2.0133836176e-14 7.6592773532e+01 0.0000000000e+00 0.0000000000e+00 0.0000000000e+00 1.8060941361e+01
10.94400000 7.6616672170e+01 -2.0214050663e-14 0.0000000000e+00 -2.0214050663e-14 7.6616672170e+01 0.0000000000e+00 0.0000000000e+00 0.0000000000e+00 1.8061388694e+01
11.09600000 7.6640922427e+01 -2.0214050663e-14 0.0000000000e+00 -2.0214050663e-14 7.6640922427e+01 0.0000000000e+00 0.0000000000e+00 0.0000000000e+00 1.8061842313e+01
11.24800000 7.6665525046e+01 -2.0214050663e-14 0.0000000000e+00 -2.0214050663e-14 7.6665525046e+01 0.0000000000e+00 0.0000000000e+00 0.0000000000e+00 1.8062302221e+01
11.40000000 7.6690480781e+01 -2.0214050663e-14 0.0000000000e+00 -2.0214050663e-14 7.6690480781e+01 0.0000000000e+00 0.0000000000e+00 0.0000000000e+00 1.8062768419e+01
11.55200000 7.6715790400e+01 -2.0214050663e-14 0.0000000000e+00 -2.0214050663e-14 7.6715790400e+01 0.0000000000e+00 0.0000000000e+00 0.0000000000e+00 1.8063240908e+01
11.70400000 7.6741454680e+01 -2.0855766557e-14 0.0000000000e+00 -2.0855766557e-14 7.6741454680e+01 0.0000000000e+00 0.0000000000e+00 0.0000000000e+00 1.8063719689e+01
11.85600000 7.6767474410e+01 -2.0133836176e-14 0.0000000000e+00 -2.0133836176e-14 7.6767474410e+01 0.0000000000e+00 0.0000000000e+00 0.0000000000e+00 1.8064204764e+01
12.00800000 7.6793850394e+01 -2.0214050663e-14 0.0000000000e+00 -2.0214050663e-14 7.6793850394e+01 0.0000000000e+00 0.0000000000e+00 0.0000000000e+00 1.8064696134e+01
12.16000000 7.6820583444e+01 -2.0214050663e-14 0.0000000000e+00 -2.0214050663e-14 7.6820583444e+01 0.0000000000e+00 0.0000000000e+00 0.0000000000e+00 1.8065193801e+01
12.31200000 7.6847674385e+01 -2.0855766557e-14 0.0000000000e+00 -2.0855766557e-14 7.6847674385e+01 0.0000000000e+00 0.0000000000e+00 0.0000000000e+00 1.8065697766e+01
12.46400000 7.6875124057e+01 -2.0214050663e-14 0.0000000000e+00 -2.0214050663e-14 7.6875124057e+01 0.0000000000e+00 0.0000000000e+00 0.0000000000e+00 1.8066208030e+01
12.61600000 7.6902933308e+01 -2.0775552071e-14 0.0000000000e+00 -2.0775552071e-14 7.6902933308e+01 0.0000000000e+00 0.0000000000e+00 0.0000000000e+00 1.8066724594e+01
12.76800000 7.6931103000e+01 -2.0214050663e-14 0.0000000000e+00 -2.0214050663e-14 7.6931103000e+01 0.0000000000e+00 0.0000000000e+00 0.0000000000e+00 1.8067247461e+01
12.92000000 7.6959634007e+01 -2.0214050663e-14 0.0000000000e+00 -2.0214050663e-14 7.6959634007e+01 0.0000000000e+00 0.0000000000e+00 0.0000000000e+00 1.8067776632e+01
13.07200000 7.6988527217e+01 -2.0855766557e-14 0.0000000000e+00 -2.0855766557e-14 7.6988527217e+01 0.0000000000e+00 0.0000000000e+00 0.0000000000e+00 1.8068312108e+01
13.22400000 7.7017783527e+01 -2.0214050663e-14 0.0000000000e+00 -2.0214050663e-14 7.7017783527e+01 0.0000000000e+00 0.0000000000e+00 0.0000000000e+00 1.8068853891e+01
13.37600000 7.7047403850e+01 -2.0855766557e-14 0.0000000000e+00 -2.0855766557e-14 7.7047403850e+01 0.0000000000e+00 0.0000000000e+00 0.0000000000e+00 1.8069401982e+01
13.52800000 7.7077389108e+01 -2.0214050663e-14 0.0000000000e+00 -2.0214050663e-14 7.7077389108e+01 0.0000000000e+00 0.0000000000e+00 0.0000000000e+00 1.8069956383e+01
13.68000000 7.7107740238e+01 -2.0855766557e-14 0.0000000000e+00 -2.0855766557e-14 7.7107740238e+01 0.0000000000e+00 0.0000000000e+00 0.0000000000e+00 1.8070517095e+01
13.83200000 7.7138458190e+01 -2.0214050663e-14 0.0000000000e+00 -2.0214050663e-14 7.7138458190e+01 0.0000000000e+00 0.0000000000e+00 0.0000000000e+00 1.8071084121e+01
13.98400000 7.7169543926e+01 -2.0214050663e-14 0.0000000000e+00 -2.0214050663e-14 7.7169543926e+01 0.0000000000e+00 0.0000000000e+00 0.0000000000e+00 1.8071657461e+01
14.13600000 7.7200998419e+01 -2.0855766557e-14 0.0000000000e+00 -2.0855766557e-14 7.7200998419e+01 0.0000000000e+00 0.0000000000e+00 0.0000000000e+00 1.8072237117e+01
14.28800000 7.7232822657e+01 -2.0214050663e-14 0.0000000000e+00 -2.0214050663e-14 7.7232822657e+01 0.0000000000e+00 0.0000000000e+00 0.0000000000e+00 1.8072823091e+01
14.44000000 7.7265017641e+01 -2.0214050663e-14 0.0000000000e+00 -2.0214050663e-14 7.7265017641e+01 0.0000000000e+00 0.0000000000e+00 0.0000000000e+00 1.8073415385e+01
14.59200000 7.7297584385e+01 -2.0855766557e-14 0.0000000000e+00 -2.0855766557e-14 7.7297584385e+01 0.0000000000e+00 0.0000000000e+00 0.0000000000e+00 1.8074014000e+01
14.74400000 7.7330523915e+01 -2.0214050663e-14 0.0000000000e+00 -2.0214050663e-14 7.7330523915e+01 0.0000000000e+00 0.0000000000e+00 0.0000000000e+00 1.8074618938e+01
14.89600000 7.7363837272e+01 -2.0855766557e-14 0.0000000000e+00 -2.0855766557e-14 7.7363837272e+01 0.0000000000e+00 0.0000000000e+00 0.0000000000e+00 1.8075230201e+01
15.04800000 7.7397525507e+01 -2.0214050663e-14 0.0000000000e+00 -2.0214050663e-14 7.7397525507e+01 0.0000000000e+00 0.0000000000e+00 0.0000000000e+00 1.8075847790e+01
15.20000000 7.7431589689e+01 -2.0855766557e-14 0.0000000000e+00 -2.0855766557e-14 7.7431589689e+01 0.0000000000e+00 0.0000000000e+00 0.0000000000e+00 1.8076471707e+01
15.35200000 7.7466030897e+01 -2.0775552071e-14 0.0000000000e+00 -2.0775552071e-14 7.7466030897e+01 0.0000000000e+00 0.0000000000e+00 0.0000000000e+00 1.8077101954e+01
15.50400000 7.7500850225e+01 -2.0214050663e-14 0.0000000000e+00 -2.0214050663e-14 7.7500850225e+01 0.0000000000e+00 0.0000000000e+00 0.0000000000e+00 1.8077738533e+01
15.65600000 7.7536048780e+01 -2.0855766557e-14 0.0000000000e+00 -2.0855766557e-14 7.7536048780e+01 0.0000000000e+00 0.0000000000e+00 0.0000000000e+00 1.8078381446e+01
15.80800000 7.7571627683e+01 -2.0855766557e-14 0.0000000000e+00 -2.0855766557e-14 7.7571627683e+01 0.0000000000e+00 0.0000000000e+00 0.0000000000e+00 1.8079030693e+01
15.96000000 7.7607588070e+01 -2.0214050663e-14 0.0000000000e+00 -2.0214050663e-14 7.7607588070e+01 0.0000000000e+00 0.0000000000e+00 0.0000000000e+00 1.8079686278e+01
16.11200000 7.7643931088e+01 -2.0855766557e-14 0.0000000000e+00 -2.0855766557e-14 7.7643931088e+01 0.0000000000e+00 0.0000000000e+00 0.0000000000e+00 1.8080348202e+01
16.26400000 7.7680657902e+01 -2.0214050663e-14 0.0000000000e+00 -2.0214050663e-14 7.7680657902e+01 0.0000000000e+00 0.0000000000e+00 0.0000000000e+00 1.8081016467e+01
16.41600000 7.7717769688e+01 -2.0855766557e-14 0.0000000000e+00 -2.0855766557e-14 7.7717769688e+01 0.0000000000e+00 0.0000000000e+00 0.0000000000e+00 1.8081691075e+01
16.56800000 7.7755267637e+01 -2.0855766557e-14 0.0000000000e+00 -2.0855766557e-14 7.7755267637e+01 0.0000000000e+00 0.0000000000e+00 0.0000000000e+00 1.8082372028e+01
16.72000000 7.7793152954e+01 -2.0775552071e-14 0.0000000000e+00 -2.0775552071e-14 7.7793152954e+01 0.0000000000e+00 0.0000000000e+00 0.0000000000e+00 1.8083059327e+01
16.87200000 7.7831426860e+01 -2.0855766557e-14 0.0000000000e+00 -2.0855766557e-14 7.7831426860e+01 0.0000000000e+00 0.0000000000e+00 0.0000000000e+00 1.8083752975e+01
17.02400000 7.7870090590e+01 -2.0214050663e-14 0.0000000000e+00 -2.0214050663e-14 7.7870090590e+01 0.0000000000e+00 0.0000000000e+00 0.0000000000e+00 1.8084452974e+01
17.17600000 7.7909145392e+01 -2.0133836176e-14 0.0000000000e+00 -2.0133836176e-14 7.7909145392e+01 0.0000000000e+00 0.0000000000e+00 0.0000000000e+00 1.8085159325e+01
17.32800000 7.7948592530e+01 -2.0855766557e-14 0.0000000000e+00 -2.0855766557e-14 7.7948592530e+01 0.0000000000e+00 0.0000000000e+00 0.0000000000e+00 1.8085872031e+01
17.48000000 7.7988433282e+01 -2.0855766557e-14 0.0000000000e+00 -2.0855766557e-14 7.7988433282e+01 0.0000000000e+00 0.0000000000e+00 0.0000000000e+00 1.8086591093e+01
17.63200000 7.8028668943e+01 -2.0214050663e-14 0.0000000000e+00 -2.0214050663e-14 7.8028668943e+01 0.0000000000e+00 0.0000000000e+00 0.0000000000e+00 1.8087316515e+01
17.78400000 7.8069300821e+01 -2.0855766557e-14 0.0000000000e+00 -2.0855766557e-14 7.8069300821e+01 0.0000000000e+00 0.0000000000e+00 0.0000000000e+00 1.8088048297e+01
17.93600000 7.8110330239e+01 -2.0855766557e-14 0.0000000000e+00 -2.0855766557e-14 7.8110330239e+01 0.0000000000e+00 0.0000000000e+00 0.0000000000e+00 1.8088786441e+01
18.08800000 7.8151758538e+01 -2.0855766557e-14 0.0000000000e+00 -2.0855766557e-14 7.8151758538e+01 0.0000000000e+00 0.0000000000e+00 0.0000000000e+00 1.8089530951e+01
18.24000000 7.8193587070e+01 -2.0214050663e-14 0.0000000000e+00 -2.0214050663e-14 7.8193587070e+01 0.0000000000e+00 0.0000000000e+00 0.0000000000e+00 1.8090281828e+01
18.39200000 7.8235817207e+01 -2.0855766557e-14 0.0000000000e+00 -2.0855766557e-14 7.8235817207e+01 0.0000000000e+00 0.0000000000e+00 0.0000000000e+00 1.8091039074e+01
18.54400000 7.8278450333e+01 -2.0855766557e-14 0.0000000000e+00 -2.0855766557e-14 7.8278450333e+01 0.0000000000e+00 0.0000000000e+00 0.0000000000e+00 1.8091802692e+01
18.69600000 7.8321487850e+01 -2.0855766557e-14 0.0000000000e+00 -2.0855766557e-14 7.8321487850e+01 0.0000000000e+00 0.0000000000e+00 0.0000000000e+00 1.8092572683e+01
18.84800000 7.8364931176e+01 -2.0855766557e-14 0.0000000000e+00 -2.0855766557e-14 7.8364931176e+01 0.0000000000e+00 0.0000000000e+00 0.0000000000e+00 1.8093349050e+01
19.00000000 7.8408781742e+01 -2.1497482451e-14 0.0000000000e+00 -2.1497482451e-14 7.8408781742e+01 0.0000000000e+00 0.0000000000e+00 0.0000000000e+00 1.8094131795e+01
19.15200000 7.8453040999e+01 -2.0775552071e-14 0.0000000000e+00 -2.0775552071e-14 7.8453040999e+01 0.0000000000e+00 0.0000000000e+00 0.0000000000e+00 1.8094920920e+01
19.30400000 7.8497710411e+01 -2.0775552071e-14 0.0000000000e+00 -2.0775552071e-14 7.8497710411e+01 0.0000000000e+00 0.0000000000e+00 0.0000000000e+00 1.8095716428e+01
19.45600000 7.8542791461e+01 -2.0855766557e-14 0.0000000000e+00 -2.0855766557e-14 7.8542791461e+01 0.0000000000e+00 0.0000000000e+00 0.0000000000e+00 1.8096518320e+01
19.60800000 7.8588285646e+01 -2.0855766557e-14 0.0000000000e+00 -2.0855766557e-14 7.8588285646e+01 0.0000000000e+00 0.0000000000e+00 0.0000000000e+00 1.8097326599e+01
19.76000000 7.8634194482e+01 -2.0855766557e-14 0.0000000000e+00 -2.0855766557e-14 7.8634194482e+01 0.0000000000e+00 0.0000000000e+00 0.0000000000e+00 1.8098141268e+01
19.91200000 7.8680519500e+01 -2.0775552071e-14 0.0000000000e+00 -2.0775552071e-14 7.8680519500e+01 0.0000000000e+00 0.0000000000e+00 0.0000000000e+00 1.8098962328e+01
20.06400000 7.8727262248e+01 -2.0855766557e-14 0.0000000000e+00 -2.0855766557e-14 7.8727262248e+01 0.0000000000e+00 0.0000000000e+00 0.0000000000e+00 1.8099789782e+01
20.21600000 7.8774424292e+01 -2.0855766557e-14 0.0000000000e+00 -2.0855766557e-14 7.8774424292e+01 0.0000000000e+00 0.0000000000e+00 0.0000000000e+00 1.8100623633e+01
20.36800000 7.8822007214e+01 -2.0855766557e-14 0.0000000000e+00 -2.0855766557e-14 7.8822007214e+01 0.0000000000e+00 0.0000000000e+00 0.0000000000e+00 1.8101463882e+01
20.52000000 7.8870012614e+01 -2.1417267965e-14 0.0000000000e+00 -2.1417267965e-14 7.8870012614e+01 0.0000000000e+00 0.0000000000e+00 0.0000000000e+00 1.8102310533e+01
20.67200000 7.8918442110e+01 -2.0855766557e-14 0.0000000000e+00 -2.0855766557e-14 7.8918442110e+01 0.0000000000e+00 0.0000000000e+00 0.0000000000e+00 1.8103163587e+01
20.82400000 7.8967297336e+01 -2.0855766557e-14 0.0000000000e+00 -2.0855766557e-14 7.8967297336e+01 0.0000000000e+00 0.0000000000e+00 0.0000000000e+00 1.8104023047e+01
20.97600000 7.9016579945e+01 -2.0855766557e-14 0.0000000000e+00 -2.0855766557e-14 7.9016579945e+01 0.0000000000e+00 0.0000000000e+00 0.0000000000e+00 1.8104888915e+01
21.12800000 7.9066291606e+01 -2.0855766557e-14 0.0000000000e+00 -2.0855766557e-14 7.9066291606e+01 0.0000000000e+00 0.0000000000e+00 0.0000000000e+00 1.8105761195e+01
21.28000000 7.9116434010e+01 -2.0855766557e-14 0.0000000000e+00 -2.0855766557e-14 7.9116434010e+01 0.0000000000e+00 0.0000000000e+00 0.0000000000e+00 1.8106639887e+01
21.43200000 7.9167008861e+01 -2.1417267965e-14 0.0000000000e+00 -2.1417267965e-14 7.9167008861e+01 0.0000000000e+00 0.0000000000e+00 0.0000000000e+00 1.8107524996e+01
21.58400000 7.9218017884e+01 -2.0855766557e-14 0.0000000000e+00 -2.0855766557e-14 7.9218017884e+01 0.0000000000e+00 0.0000000000e+00 0.0000000000e+00 1.8108416524e+01
21.73600000 7.9269462824e+01 -2.1497482451e-14 0.0000000000e+00 -2.1497482451e-14 7.9269462824e+01 0.0000000000e+00 0.0000000000e+00 0.0000000000e+00 1.8109314472e+01
21.88800000 7.9321345441e+01 -2.1497482451e-14 0.0000000000e+00 -2.1497482451e-14 7.9321345441e+01 0.0000000000e+00 0.0000000000e+00 0.0000000000e+00 1.8110218844e+01
22.04000000 7.9373667517e+01 -2.1497482451e-14 0.0000000000e+00 -2.1497482451e-14 7.9373667517e+01 0.0000000000e+00 0.0000000000e+00 0.0000000000e+00 1.8111129642e+01
22.19200000 7.9426430851e+01 -2.0855766557e-14 0.0000000000e+00 -2.0855766557e-14 7.9426430851e+01 0.0000000000e+00 0.0000000000e+00 0.0000000000e+00 1.8112046868e+01
22.34400000 7.9479637262e+01 -2.0855766557e-14 0.0000000000e+00 -2.0855766557e-14 7.9479637262e+01 0.0000000000e+00 0.0000000000e+00 0.0000000000e+00 1.8112970527e+01
22.49600000 7.9533288588e+01 -2.0855766557e-14 0.0000000000e+00 -2.0855766557e-14 7.9533288588e+01 0.0000000000e+00 0.0000000000e+00 0.0000000000e+00 1.8113900619e+01
22.64800000 7.9587386685e+01 -2.0855766557e-14 0.0000000000e+00 -2.0855766557e-14 7.9587386685e+01 0.0000000000e+00 0.0000000000e+00 0.0000000000e+00 1.8114837148e+01
22.80000000 7.9641933432e+01 -2.1497482451e-14 0.0000000000e+00 -2.1497482451e-14 7.9641933432e+01 0.0000000000e+00 0.0000000000e+00 0.0000000000e+00 1.8115780116e+01
22.95200000 7.9696930724e+01 -2.1497482451e-14 0.0000000000e+00 -2.1497482451e-14 7.9696930724e+01 0.0000000000e+00 0.0000000000e+00 0.0000000000e+00 1.8116729527e+01
23.10400000 7.9752380479e+01 -2.1417267965e-14 0.0000000000e+00 -2.1417267965e-14 7.9752380479e+01 0.0000000000e+00 0.0000000000e+00 0.0000000000e+00 1.8117685382e+01
23.25600000 7.9808284633e+01 -2.1497482451e-14 0.0000000000e+00 -2.1497482451e-14 7.9808284633e+01 0.0000000000e+00 0.0000000000e+00 0.0000000000e+00 1.8118647685e+01
23.40800000 7.9864645143e+01 -2.1417267965e-14 0.0000000000e+00 -2.1417267965e-14 7.9864645143e+01 0.0000000000e+00 0.0000000000e+00 0.0000000000e+00 1.8119616438e+01
23.56000000 7.9921463988e+01 -2.1497482451e-14 0.0000000000e+00 -2.1497482451e-14 7.9921463988e+01 0.0000000000e+00 0.0000000000e+00 0.0000000000e+00 1.8120591645e+01
23.71200000 7.9978743164e+01 -2.1497482451e-14 0.0000000000e+00 -2.1497482451e-14 7.9978743164e+01 0.0000000000e+00 0.0000000000e+00 0.0000000000e+00 1.8121573307e+01
23.86400000 8.0036484692e+01 -2.1497482451e-14 0.0000000000e+00 -2.1497482451e-14 8.0036484692e+01 0.0000000000e+00 0.0000000000e+00 0.0000000000e+00 1.8122561428e+01
24.01600000 8.0094690611e+01 -2.1497482451e-14 0.0000000000e+00 -2.1497482451e-14 8.0094690611e+01 0.0000000000e+00 0.0000000000e+00 0.0000000000e+00 1.8123556011e+01
24.16800000 8.0153362983e+01 -2.1497482451e-14 0.0000000000e+00 -2.1497482451e-14 8.0153362983e+01 0.0000000000e+00 0.0000000000e+00 0.0000000000e+00 1.8124557058e+01
24.32000000 8.0212503891e+01 -2.1497482451e-14 0.0000000000e+00 -2.1497482451e-14 8.0212503891e+01 0.0000000000e+00 0.0000000000e+00 0.0000000000e+00 1.8125564572e+01
24.47200000 8.0272115439e+01 -2.1417267965e-14 0.0000000000e+00 -2.1417267965e-14 8.0272115439e+01 0.0000000000e+00 0.0000000000e+00 0.0000000000e+00 1.8126578556e+01
24.62400000 8.0332199753e+01 -2.1497482451e-14 0.0000000000e+00 -2.1497482451e-14 8.0332199753e+01 0.0000000000e+00 0.0000000000e+00 0.0000000000e+00 1.8127599014e+01
24.77600000 8.0392758982e+01 -2.1417267965e-14 0.0000000000e+00 -2.1417267965e-14 8.0392758982e+01 0.0000000000e+00 0.0000000000e+00 0.0000000000e+00 1.8128625948e+01
24.92800000 8.0453795296e+01 -2.2139198345e-14 0.0000000000e+00 -2.2139198345e-14 8.0453795296e+01 0.0000000000e+00 0.0000000000e+00 0.0000000000e+00 1.8129659360e+01
25.08000000 8.0515310888e+01 -2.1497482451e-14 0.0000000000e+00 -2.1497482451e-14 8.0515310888e+01 0.0000000000e+00 0.0000000000e+00 0.0000000000e+00 1.8130699255e+01
25.23200000 8.0577307974e+01 -2.1417267965e-14 0.0000000000e+00 -2.1417267965e-14 8.0577307974e+01 0.0000000000e+00 0.0000000000e+00 0.0000000000e+00 1.8131745634e+01
25.38400000 8.0639788792e+01 -2.1417267965e-14 0.0000000000e+00 -2.1417267965e-14 8.0639788792e+01 0.0000000000e+00 0.0000000000e+00 0.0000000000e+00 1.8132798502e+01
25.53600000 8.0702755603e+01 -2.1497482451e-14 0.0000000000e+00 -2.1497482451e-14 8.0702755603e+01 0.0000000000e+00 0.0000000000e+00 0.0000000000e+00 1.8133857860e+01
25.68800000 8.0766210693e+01 -2.1497482451e-14 0.0000000000e+00 -2.1497482451e-14 8.0766210693e+01 0.0000000000e+00 0.0000000000e+00 0.0000000000e+00 1.8134923712e+01
25.84000000 8.0830156370e+01 -2.1497482451e-14 0.0000000000e+00 -2.1497482451e-14 8.0830156370e+01 0.0000000000e+00 0.0000000000e+00 0.0000000000e+00 1.8135996062e+01
25.99200000 8.0894594966e+01 -2.2139198345e-14 0.0000000000e+00 -2.2139198345e-14 8.0894594966e+01 0.0000000000e+00 0.0000000000e+00 0.0000000000e+00 1.8137074912e+01
26.14400000 8.0959528837e+01 -2.1497482451e-14 0.0000000000e+00 -2.1497482451e-14 8.0959528837e+01 0.0000000000e+00 0.0000000000e+00 0.0000000000e+00 1.8138160265e+01
26.29600000 8.1024960363e+01 -2.2058983859e-14 0.0000000000e+00 -2.2058983859e-14 8.1024960363e+01 0.0000000000e+00 0.0000000000e+00 0.0000000000e+00 1.8139252124e+01
26.44800000 8.1090891950e+01 -2.2139198345e-14 0.0000000000e+00 -2.2139198345e-14 8.1090891950e+01 0.0000000000e+00 0.0000000000e+00 0.0000000000e+00 1.8140350493e+01
26.60000000 8.1157326025e+01 -2.2139198345e-14 0.0000000000e+00 -2.2139198345e-14 8.1157326025e+01 0.0000000000e+00 0.0000000000e+00 0.0000000000e+00 1.8141455375e+01
26.75200000 8.1224265044e+01 -2.2058983859e-14 0.0000000000e+00 -2.2058983859e-14 8.1224265044e+01 0.0000000000e+00 0.0000000000e+00 0.0000000000e+00 1.8142566772e+01
26.90400000 8.1291711487e+01 -2.1497482451e-14 0.0000000000e+00 -2.1497482451e-14 8.1291711487e+01 0.0000000000e+00 0.0000000000e+00 0.0000000000e+00 1.8143684689e+01
27.05600000 8.1359667857e+01 -2.2139198345e-14 0.0000000000e+00 -2.2139198345e-14 8.1359667857e+01 0.0000000000e+00 0.0000000000e+00 0.0000000000e+00 1.8144809128e+01
27.20800000 8.1428136686e+01 -2.2139198345e-14 0.0000000000e+00 -2.2139198345e-14 8.1428136686e+01 0.0000000000e+00 0.0000000000e+00 0.0000000000e+00 1.8145940093e+01
27.36000000 8.1497120530e+01 -2.2139198345e-14 0.0000000000e+00 -2.2139198345e-14 8.1497120530e+01 0.0000000000e+00 0.0000000000e+00 0.0000000000e+00 1.8147077587e+01
27.51200000 8.1566621971e+01 -2.1417267965e-14 0.0000000000e+00 -2.1417267965e-14 8.1566621971e+01 0.0000000000e+00 0.0000000000e+00 0.0000000000e+00 1.8148221612e+01
27.66400000 8.1636643619e+01 -2.2139198345e-14 0.0000000000e+00 -2.2139198345e-14 8.1636643619e+01 0.0000000000e+00 0.0000000000e+00 0.0000000000e+00 1.8149372173e+01
27.81600000 8.1707188109e+01 -2.2139198345e-14 0.0000000000e+00 -2.2139198345e-14 8.1707188109e+01 0.0000000000e+00 0.0000000000e+00 0.0000000000e+00 1.8150529273e+01
27.96800000 8.1778258104e+01 -2.2058983859e-14 0.0000000000e+00 -2.2058983859e-14 8.1778258104e+01 0.0000000000e+00 0.0000000000e+00 0.0000000000e+00 1.8151692915e+01
28.12000000 8.1849856294e+01 -2.2139198345e-14 0.0000000000e+00 -2.2139198345e-14 8.1849856294e+01 0.0000000000e+00 0.0000000000e+00 0.0000000000e+00 1.8152863103e+01
28.27200000 8.1921985396e+01 -2.2139198345e-14 0.0000000000e+00 -2.2139198345e-14 8.1921985396e+01 0.0000000000e+00 0.0000000000e+00 0.0000000000e+00 1.8154039839e+01
28.42400000 8.1994648155e+01 -2.2139198345e-14 0.0000000000e+00 -2.2139198345e-14 8.1994648155e+01 0.0000000000e+00 0.0000000000e+00 0.0000000000e+00 1.8155223128e+01
28.57600000 8.2067847346e+01 -2.2058983859e-14 0.0000000000e+00 -2.2058983859e-14 8.2067847346e+01 0.0000000000e+00 0.0000000000e+00 0.0000000000e+00 1.8156412972e+01
28.72800000 8.2141585768e+01 -2.2139198345e-14 0.0000000000e+00 -2.2139198345e-14 8.2141585768e+01 0.0000000000e+00 0.0000000000e+00 0.0000000000e+00 1.8157609375e+01
28.88000000 8.2215866254e+01 -2.2139198345e-14 0.0000000000e+00 -2.2139198345e-14 8.2215866254e+01 0.0000000000e+00 0.0000000000e+00 0.0000000000e+00 1.8158812341e+01
29.03200000 8.2290691661e+01 -2.2139198345e-14 0.0000000000e+00 -2.2139198345e-14 8.2290691661e+01 0.0000000000e+00 0.0000000000e+00 0.0000000000e+00 1.8160021873e+01
29.18400000 8.2366064878e+01 -2.2780914240e-14 0.0000000000e+00 -2.2780914240e-14 8.2366064878e+01 0.0000000000e+00 0.0000000000e+00 0.0000000000e+00 1.8161237974e+01
29.33600000 8.2441988824e+01 -2.2058983859e-14 0.0000000000e+00 -2.2058983859e-14 8.2441988824e+01 0.0000000000e+00 0.0000000000e+00 0.0000000000e+00 1.8162460649e+01
29.48800000 8.2518466446e+01 -2.2139198345e-14 0.0000000000e+00 -2.2139198345e-14 8.2518466446e+01 0.0000000000e+00 0.0000000000e+00 0.0000000000e+00 1.8163689900e+01
29.64000000 8.2595500723e+01 -2.2780914240e-14 0.0000000000e+00 -2.2780914240e-14 8.2595500723e+01 0.0000000000e+00 0.0000000000e+00 0.0000000000e+00 1.8164925731e+01
29.79200000 8.2673094663e+01 -2.2139198345e-14 0.0000000000e+00 -2.2139198345e-14 8.2673094663e+01 0.0000000000e+00 0.0000000000e+00 0.0000000000e+00 1.8166168146e+01
29.94400000 8.2751251304e+01 -2.2139198345e-14 0.0000000000e+00 -2.2139198345e-14 8.2751251304e+01 0.0000000000e+00 0.0000000000e+00 0.0000000000e+00 1.8167417149e+01
30.09600000 8.2829973719e+01 -2.2139198345e-14 0.0000000000e+00 -2.2139198345e-14 8.2829973719e+01 0.0000000000e+00 0.0000000000e+00 0.0000000000e+00 1.8168672742e+01
30.24800000 8.2909265008e+01 -2.2780914240e-14 0.0000000000e+00 -2.2780914240e-14 8.2909265008e+01 0.0000000000e+00 0.0000000000e+00 0.0000000000e+00 1.8169934930e+01
30.40000000 8.2989128305e+01 -2.2139198345e-14 0.0000000000e+00 -2.2139198345e-14 8.2989128305e+01 0.0000000000e+00 0.0000000000e+00 0.0000000000e+00 1.8171203717e+01
30.55200000 8.3069566777e+01 -2.2780914240e-14 0.0000000000e+00 -2.2780914240e-14 8.3069566777e+01 0.0000000000e+00 0.0000000000e+00 0.0000000000e+00 1.8172479105e+01
30.70400000 8.3150583621e+01 -2.2780914240e-14 0.0000000000e+00 -2.2780914240e-14 8.3150583621e+01 0.0000000000e+00 0.0000000000e+00 0.0000000000e+00 1.8173761099e+01
30.85600000 8.3232182069e+01 -2.2780914240e-14 0.0000000000e+00 -2.2780914240e-14 8.3232182069e+01 0.0000000000e+00 0.0000000000e+00 0.0000000000e+00 1.8175049702e+01
31.00800000 8.3314365386e+01 -2.2700699753e-14 0.0000000000e+00 -2.2700699753e-14 8.3314365386e+01 0.0000000000e+00 0.0000000000e+00 0.0000000000e+00 1.8176344919e+01
31.16000000 8.3397136868e+01 -2.2139198345e-14 0.0000000000e+00 -2.2139198345e-14 8.3397136868e+01 0.0000000000e+00 0.0000000000e+00 0.0000000000e+00 1.8177646752e+01
31.31200000 8.3480499848e+01 -2.2700699753e-14 0.0000000000e+00 -2.2700699753e-14 8.3480499848e+01 0.0000000000e+00 0.0000000000e+00 0.0000000000e+00 1.8178955206e+01
31.46400000 8.3564457691e+01 -2.2780914240e-14 0.0000000000e+00 -2.2780914240e-14 8.3564457691e+01 0.0000000000e+00 0.0000000000e+00 0.0000000000e+00 1.8180270285e+01
31.61600000 8.3649013800e+01 -2.2780914240e-14 0.0000000000e+00 -2.2780914240e-14 8.3649013800e+01 0.0000000000e+00 0.0000000000e+00 0.0000000000e+00 1.8181591991e+01
31.76800000 8.3734171608e+01 -2.2700699753e-14 0.0000000000e+00 -2.2700699753e-14 8.3734171608e+01 0.0000000000e+00 0.0000000000e+00 0.0000000000e+00 1.8182920330e+01
31.92000000 8.3819934588e+01 -2.2139198345e-14 0.0000000000e+00 -2.2139198345e-14 8.3819934588e+01 0.0000000000e+00 0.0000000000e+00 0.0000000000e+00 1.8184255305e+01
32.07200000 8.3906306246e+01 -2.2700699753e-14 0.0000000000e+00 -2.2700699753e-14 8.3906306246e+01 0.0000000000e+00 0.0000000000e+00 0.0000000000e+00 1.8185596920e+01
32.22400000 8.3993290126e+01 -2.2780914240e-14 0.0000000000e+00 -2.2780914240e-14 8.3993290126e+01 0.0000000000e+00 0.0000000000e+00 0.0000000000e+00 1.8186945179e+01
32.37600000 8.4080889807e+01 -2.2780914240e-14 0.0000000000e+00 -2.2780914240e-14 8.4080889807e+01 0.0000000000e+00 0.0000000000e+00 0.0000000000e+00 1.8188300085e+01
32.52800000 8.4169108906e+01 -2.2780914240e-14 0.0000000000e+00 -2.2780914240e-14 8.4169108906e+01 0.0000000000e+00 0.0000000000e+00 0.0000000000e+00 1.8189661643e+01
32.68000000 8.4257951077e+01 -2.2700699753e-14 0.0000000000e+00 -2.2700699753e-14 8.4257951077e+01 0.0000000000e+00 0.0000000000e+00 0.0000000000e+00 1.8191029857e+01
32.83200000 8.4347420011e+01 -2.2780914240e-14 0.0000000000e+00 -2.2780914240e-14 8.4347420011e+01 0.0000000000e+00 0.0000000000e+00 0.0000000000e+00 1.8192404730e+01
32.98400000 8.4437519440e+01 -2.2780914240e-14 0.0000000000e+00 -2.2780914240e-14 8.4437519440e+01 0.0000000000e+00 0.0000000000e+00 0.0000000000e+00 1.8193786267e+01
33.13600000 8.4528253132e+01 -2.2700699753e-14 0.0000000000e+00 -2.2700699753e-14 8.4528253132e+01 0.0000000000e+00 0.0000000000e+00 0.0000000000e+00 1.8195174472e+01
33.28800000 8.4619624896e+01 -2.3422630134e-14 0.0000000000e+00 -2.3422630134e-14 8.4619624896e+01 0.0000000000e+00 0.0000000000e+00 0.0000000000e+00 1.8196569348e+01
33.44000000 8.4711638578e+01 -2.2700699753e-14 0.0000000000e+00 -2.2700699753e-14 8.4711638578e+01 0.0000000000e+00 0.0000000000e+00 0.0000000000e+00 1.8197970900e+01
33.59200000 8.4804298066e+01 -2.2700699753e-14 0.0000000000e+00 -2.2700699753e-14 8.4804298066e+01 0.0000000000e+00 0.0000000000e+00 0.0000000000e+00 1.8199379132e+01
33.74400000 8.4897607289e+01 -2.2780914240e-14 0.0000000000e+00 -2.2780914240e-14 8.4897607289e+01 0.0000000000e+00 0.0000000000e+00 0.0000000000e+00 1.8200794048e+01
33.89600000 8.4991570216e+01 -2.2780914240e-14 0.0000000000e+00 -2.2780914240e-14 8.4991570216e+01 0.0000000000e+00 0.0000000000e+00 0.0000000000e+00 1.8202215652e+01
34.04800000 8.5086190857e+01 -2.3422630134e-14 0.0000000000e+00 -2.3422630134e-14 8.5086190857e+01 0.0000000000e+00 0.0000000000e+00 0.0000000000e+00 1.8203643948e+01
34.20000000 8.5181473264e+01 -2.3422630134e-14 0.0000000000e+00 -2.3422630134e-14 8.5181473264e+01 0.0000000000e+00 0.0000000000e+00 0.0000000000e+00 1.8205078941e+01
34.35200000 8.5277421532e+01 -2.2780914240e-14 0.0000000000e+00 -2.2780914240e-14 8.5277421532e+01 0.0000000000e+00 0.0000000000e+00 0.0000000000e+00 1.8206520634e+01
34.50400000 8.5374039799e+01 -2.3422630134e-14 0.0000000000e+00 -2.3422630134e-14 8.5374039799e+01 0.0000000000e+00 0.0000000000e+00 0.0000000000e+00 1.8207969033e+01
34.65600000 8.5471332245e+01 -2.2700699753e-14 0.0000000000e+00 -2.2700699753e-14 8.5471332246e+01 0.0000000000e+00 0.0000000000e+00 0.0000000000e+00 1.8209424140e+01
34.80800000 8.5569303096e+01 -2.3422630134e-14 0.0000000000e+00 -2.3422630134e-14 8.5569303096e+01 0.0000000000e+00 0.0000000000e+00 0.0000000000e+00 1.8210885961e+01
34.96000000 8.5667956621e+01 -2.3342415647e-14 0.0000000000e+00 -2.3342415647e-14 8.5667956621e+01 0.0000000000e+00 0.0000000000e+00 0.0000000000e+00 1.8212354499e+01
35.11200000 8.5767297133e+01 -2.3422630134e-14 0.0000000000e+00 -2.3422630134e-14 8.5767297133e+01 0.0000000000e+00 0.0000000000e+00 0.0000000000e+00 1.8213829759e+01
35.26400000 8.5867328993e+01 -2.3422630134e-14 0.0000000000e+00 -2.3422630134e-14 8.5867328993e+01 0.0000000000e+00 0.0000000000e+00 0.0000000000e+00 1.8215311746e+01
35.41600000 8.5968056604e+01 -2.2780914240e-14 0.0000000000e+00 -2.2780914240e-14 8.5968056605e+01 0.0000000000e+00 0.0000000000e+00 0.0000000000e+00 1.8216800463e+01
35.56800000 8.6069484421e+01 -2.3422630134e-14 0.0000000000e+00 -2.3422630134e-14 8.6069484421e+01 0.0000000000e+00 0.0000000000e+00 0.0000000000e+00 1.8218295915e+01
35.72000000 8.6171616941e+01 -2.3422630134e-14 0.0000000000e+00 -2.3422630134e-14 8.6171616941e+01 0.0000000000e+00 0.0000000000e+00 0.0000000000e+00 1.8219798106e+01
35.87200000 8.6274458711e+01 -2.3342415647e-14 0.0000000000e+00 -2.3342415647e-14 8.6274458711e+01 0.0000000000e+00 0.0000000000e+00 0.0000000000e+00 1.8221307041e+01
36.02400000 8.6378014327e+01 -2.3342415647e-14 0.0000000000e+00 -2.3342415647e-14 8.6378014327e+01 0.0000000000e+00 0.0000000000e+00 0.0000000000e+00 1.8222822724e+01
36.17600000 8.6482288431e+01 -2.3422630134e-14 0.0000000000e+00 -2.3422630134e-14 8.6482288431e+01 0.0000000000e+00 0.0000000000e+00 0.0000000000e+00 1.8224345160e+01
36.32800000 8.6587285716e+01 -2.3422630134e-14 0.0000000000e+00 -2.3422630134e-14 8.6587285716e+01 0.0000000000e+00 0.0000000000e+00 0.0000000000e+00 1.8225874353e+01
36.48000000 8.6693010926e+01 -2.3422630134e-14 0.0000000000e+00 -2.3422630134e-14 8.6693010926e+01 0.0000000000e+00 0.0000000000e+00 0.0000000000e+00 1.8227410308e+01
36.63200000 8.6799468853e+01 -2.3422630134e-14 0.0000000000e+00 -2.3422630134e-14 8.6799468853e+01 0.0000000000e+00 0.0000000000e+00 0.0000000000e+00 1.8228953029e+01
36.78400000 8.6906664343e+01 -2.3422630134e-14 0.0000000000e+00 -2.3422630134e-14 8.6906664343e+01 0.0000000000e+00 0.0000000000e+00 0.0000000000e+00 1.8230502520e+01
36.93600000 8.7014602291e+01 -2.3984131541e-14 0.0000000000e+00 -2.3984131541e-14 8.7014602291e+01 0.0000000000e+00 0.0000000000e+00 0.0000000000e+00 1.8232058786e+01
37.08800000 8.7123287647e+01 -2.4064346028e-14 0.0000000000e+00 -2.4064346028e-14 8.7123287647e+01 0.0000000000e+00 0.0000000000e+00 0.0000000000e+00 1.8233621833e+01
37.24000000 8.7232725412e+01 -2.4064346028e-14 0.0000000000e+00 -2.4064346028e-14 8.7232725412e+01 0.0000000000e+00 0.0000000000e+00 0.0000000000e+00 1.8235191663e+01
37.39200000 8.7342920641e+01 -2.3342415647e-14 0.0000000000e+00 -2.3342415647e-14 8.7342920641e+01 0.0000000000e+00 0.0000000000e+00 0.0000000000e+00 1.8236768283e+01
37.54400000 8.7453878445e+01 -2.4064346028e-14 0.0000000000e+00 -2.4064346028e-14 8.7453878445e+01 0.0000000000e+00 0.0000000000e+00 0.0000000000e+00 1.8238351696e+01
37.69600000 8.7565603988e+01 -2.3984131541e-14 0.0000000000e+00 -2.3984131541e-14 8.7565603988e+01 0.0000000000e+00 0.0000000000e+00 0.0000000000e+00 1.8239941908e+01
37.84800000 8.7678102492e+01 -2.4064346028e-14 0.0000000000e+00 -2.4064346028e-14 8.7678102492e+01 0.0000000000e+00 0.0000000000e+00 0.0000000000e+00 1.8241538922e+01
38.00000000 8.7791379232e+01 -2.3984131541e-14 0.0000000000e+00 -2.3984131541e-14 8.7791379232e+01 0.0000000000e+00 0.0000000000e+00 0.0000000000e+00 1.8243142744e+01
38.15200000 8.7905439543e+01 -2.3984131541e-14 0.0000000000e+00 -2.3984131541e-14 8.7905439543e+01 0.0000000000e+00 0.0000000000e+00 0.0000000000e+00 1.8244753379e+01
38.30400000 8.8020288817e+01 -2.3984131541e-14 0.0000000000e+00 -2.3984131541e-14 8.8020288817e+01 0.0000000000e+00 0.0000000000e+00 0.0000000000e+00 1.8246370831e+01
38.45600000 8.8135932505e+01 -2.4064346028e-14 0.0000000000e+00 -2.4064346028e-14 8.8135932505e+01 0.0000000000e+00 0.0000000000e+00 0.0000000000e+00 1.8247995104e+01
38.60800000 8.8252376115e+01 -2.4064346028e-14 0.0000000000e+00 -2.4064346028e-14 8.8252376115e+01 0.0000000000e+00 0.0000000000e+00 0.0000000000e+00 1.8249626204e+01
38.76000000 8.8369625219e+01 -2.4706061922e-14 0.0000000000e+00 -2.4706061922e-14 8.8369625219e+01 0.0000000000e+00 0.0000000000e+00 0.0000000000e+00 1.8251264136e+01
38.91200000 8.8487685445e+01 -2.4706061922e-14 0.0000000000e+00 -2.4706061922e-14 8.8487685445e+01 0.0000000000e+00 0.0000000000e+00 0.0000000000e+00 1.8252908905e+01
39.06400000 8.8606562487e+01 -2.3984131541e-14 0.0000000000e+00 -2.3984131541e-14 8.8606562487e+01 0.0000000000e+00 0.0000000000e+00 0.0000000000e+00 1.8254560514e+01
39.21600000 8.8726262099e+01 -2.4706061922e-14 0.0000000000e+00 -2.4706061922e-14 8.8726262099e+01 0.0000000000e+00 0.0000000000e+00 0.0000000000e+00 1.8256218970e+01
39.36800000 8.8846790098e+01 -2.4064346028e-14 0.0000000000e+00 -2.4064346028e-14 8.8846790098e+01 0.0000000000e+00 0.0000000000e+00 0.0000000000e+00 1.8257884276e+01
39.52000000 8.8968152366e+01 -2.4064346028e-14 0.0000000000e+00 -2.4064346028e-14 8.8968152366e+01 0.0000000000e+00 0.0000000000e+00 0.0000000000e+00 1.8259556439e+01
39.67200000 8.9090354848e+01 -2.4064346028e-14 0.0000000000e+00 -2.4064346028e-14 8.9090354848e+01 0.0000000000e+00 0.0000000000e+00 0.0000000000e+00 1.8261235462e+01
39.82400000 8.9213403557e+01 -2.4064346028e-14 0.0000000000e+00 -2.4064346028e-14 8.9213403557e+01 0.0000000000e+00 0.0000000000e+00 0.0000000000e+00 1.8262921352e+01
39.97600000 8.9337304571e+01 -2.4064346028e-14 0.0000000000e+00 -2.4064346028e-14 8.9337304571e+01 0.0000000000e+00 0.0000000000e+00 0.0000000000e+00 1.8264614112e+01
40.12800000 8.9462064035e+01 -2.4706061922e-14 0.0000000000e+00 -2.4706061922e-14 8.9462064035e+01 0.0000000000e+00 0.0000000000e+00 0.0000000000e+00 1.8266313748e+01
40.28000000 8.9587688163e+01 -2.4706061922e-14 0.0000000000e+00 -2.4706061922e-14 8.9587688163e+01 0.0000000000e+00 0.0000000000e+00 0.0000000000e+00 1.8268020265e+01
40.43200000 8.9714183238e+01 -2.4706061922e-14 0.0000000000e+00 -2.4706061922e-14 8.9714183238e+01 0.0000000000e+00 0.0000000000e+00 0.0000000000e+00 1.8269733667e+01
40.58400000 8.9841555611e+01 -2.4625847435e-14 0.0000000000e+00 -2.4625847435e-14 8.9841555611e+01 0.0000000000e+00 0.0000000000e+00 0.0000000000e+00 1.8271453961e+01
40.73600000 8.9969811707e+01 -2.4706061922e-14 0.0000000000e+00 -2.4706061922e-14 8.9969811707e+01 0.0000000000e+00 0.0000000000e+00 0.0000000000e+00 1.8273181151e+01
40.88800000 9.0098958021e+01 -2.4706061922e-14 0.0000000000e+00 -2.4706061922e-14 9.0098958021e+01 0.0000000000e+00 0.0000000000e+00 0.0000000000e+00 1.8274915243e+01
41.04000000 9.0229001120e+01 -2.4625847435e-14 0.0000000000e+00 -2.4625847435e-14 9.0229001120e+01 0.0000000000e+00 0.0000000000e+00 0.0000000000e+00 1.8276656240e+01
41.19200000 9.0359947647e+01 -2.4625847435e-14 0.0000000000e+00 -2.4625847435e-14 9.0359947647e+01 0.0000000000e+00 0.0000000000e+00 0.0000000000e+00 1.8278404150e+01
41.34400000 9.0491804317e+01 -2.5347777816e-14 0.0000000000e+00 -2.5347777816e-14 9.0491804317e+01 0.0000000000e+00 0.0000000000e+00 0.0000000000e+00 1.8280158976e+01
41.49600000 9.0624577923e+01 -2.4706061922e-14 0.0000000000e+00 -2.4706061922e-14 9.0624577923e+01 0.0000000000e+00 0.0000000000e+00 0.0000000000e+00 1.8281920724e+01
41.64800000 9.0758275333e+01 -2.5267563329e-14 0.0000000000e+00 -2.5267563329e-14 9.0758275333e+01 0.0000000000e+00 0.0000000000e+00 0.0000000000e+00 1.8283689399e+01
41.80000000 9.0892903493e+01 -2.4625847435e-14 0.0000000000e+00 -2.4625847435e-14 9.0892903493e+01 0.0000000000e+00 0.0000000000e+00 0.0000000000e+00 1.8285465007e+01
41.95200000 9.1028469429e+01 -2.4706061922e-14 0.0000000000e+00 -2.4706061922e-14 9.1028469429e+01 0.0000000000e+00 0.0000000000e+00 0.0000000000e+00 1.8287247552e+01
42.10400000 9.1164980244e+01 -2.5347777816e-14 0.0000000000e+00 -2.5347777816e-14 9.1164980244e+01 0.0000000000e+00 0.0000000000e+00 0.0000000000e+00 1.8289037041e+01
42.25600000 9.1302443125e+01 -2.4706061922e-14 0.0000000000e+00 -2.4706061922e-14 9.1302443125e+01 0.0000000000e+00 0.0000000000e+00 0.0000000000e+00 1.8290833478e+01
42.40800000 9.1440865340e+01 -2.5347777816e-14 0.0000000000e+00 -2.5347777816e-14 9.1440865340e+01 0.0000000000e+00 0.0000000000e+00 0.0000000000e+00 1.8292636869e+01
42.56000000 9.1580254238e+01 -2.4625847435e-14 0.0000000000e+00 -2.4625847435e-14 9.1580254238e+01 0.0000000000e+00 0.0000000000e+00 0.0000000000e+00 1.8294447219e+01
42.71200000 9.1720617255e+01 -2.5347777816e-14 0.0000000000e+00 -2.5347777816e-14 9.1720617255e+01 0.0000000000e+00 0.0000000000e+00 0.0000000000e+00 1.8296264533e+01
42.86400000 9.1861961910e+01 -2.5347777816e-14 0.0000000000e+00 -2.5347777816e-14 9.1861961910e+01 0.0000000000e+00 0.0000000000e+00 0.0000000000e+00 1.8298088818e+01
43.01600000 9.2004295810e+01 -2.5347777816e-14 0.0000000000e+00 -2.5347777816e-14 9.2004295810e+01 0.0000000000e+00 0.0000000000e+00 0.0000000000e+00 1.8299920078e+01
43.16800000 9.2147626650e+01 -2.5347777816e-14 0.0000000000e+00 -2.5347777816e-14 9.2147626650e+01 0.0000000000e+00 0.0000000000e+00 0.0000000000e+00 1.8301758318e+01
43.32000000 9.2291962212e+01 -2.5989493710e-14 0.0000000000e+00 -2.5989493710e-14 9.2291962212e+01 0.0000000000e+00 0.0000000000e+00 0.0000000000e+00 1.8303603546e+01
43.47200000 9.2437310370e+01 -2.5267563329e-14 0.0000000000e+00 -2.5267563329e-14 9.2437310370e+01 0.0000000000e+00 0.0000000000e+00 0.0000000000e+00 1.8305455764e+01
43.62400000 9.2583679088e+01 -2.5989493710e-14 0.0000000000e+00 -2.5989493710e-14 9.2583679088e+01 0.0000000000e+00 0.0000000000e+00 0.0000000000e+00 1.8307314981e+01
43.77600000 9.2731076423e+01 -2.5909279223e-14 0.0000000000e+00 -2.5909279223e-14 9.2731076423e+01 0.0000000000e+00 0.0000000000e+00 0.0000000000e+00 1.8309181200e+01
43.92800000 9.2879510526e+01 -2.5989493710e-14 0.0000000000e+00 -2.5989493710e-14 9.2879510526e+01 0.0000000000e+00 0.0000000000e+00 0.0000000000e+00 1.8311054428e+01
44.08000000 9.3028989644e+01 -2.5989493710e-14 0.0000000000e+00 -2.5989493710e-14 9.3028989644e+01 0.0000000000e+00 0.0000000000e+00 0.0000000000e+00 1.8312934670e+01
44.23200000 9.3179522119e+01 -2.5989493710e-14 0.0000000000e+00 -2.5989493710e-14 9.3179522119e+01 0.0000000000e+00 0.0000000000e+00 0.0000000000e+00 1.8314821932e+01
44.38400000 9.3331116392e+01 -2.5909279223e-14 0.0000000000e+00 -2.5909279223e-14 9.3331116392e+01 0.0000000000e+00 0.0000000000e+00 0.0000000000e+00 1.8316716219e+01
44.53600000 9.3483781002e+01 -2.5909279223e-14 0.0000000000e+00 -2.5909279223e-14 9.3483781002e+01 0.0000000000e+00 0.0000000000e+00 0.0000000000e+00 1.8318617537e+01
44.68800000 9.3637524591e+01 -2.5267563329e-14 0.0000000000e+00 -2.5267563329e-14 9.3637524591e+01 0.0000000000e+00 0.0000000000e+00 0.0000000000e+00 1.8320525892e+01
44.84000000 9.3792355901e+01 -2.5989493710e-14 0.0000000000e+00 -2.5989493710e-14 9.3792355901e+01 0.0000000000e+00 0.0000000000e+00 0.0000000000e+00 1.8322441290e+01
44.99200000 9.3948283777e+01 -2.5989493710e-14 0.0000000000e+00 -2.5989493710e-14 9.3948283777e+01 0.0000000000e+00 0.0000000000e+00 0.0000000000e+00 1.8324363736e+01
45.14400000 9.4105317172e+01 -2.5989493710e-14 0.0000000000e+00 -2.5989493710e-14 9.4105317172e+01 0.0000000000e+00 0.0000000000e+00 0.0000000000e+00 1.8326293236e+01
45.29600000 9.4263465143e+01 -2.5989493710e-14 0.0000000000e+00 -2.5989493710e-14 9.4263465143e+01 0.0000000000e+00 0.0000000000e+00 0.0000000000e+00 1.8328229796e+01
45.44800000 9.4422736855e+01 -2.6631209604e-14 0.0000000000e+00 -2.6631209604e-14 9.4422736855e+01 0.0000000000e+00 0.0000000000e+00 0.0000000000e+00 1.8330173421e+01
45.60000000 9.4583141584e+01 -2.5989493710e-14 0.0000000000e+00 -2.5989493710e-14 9.4583141584e+01 0.0000000000e+00 0.0000000000e+00 0.0000000000e+00 1.8332124118e+01
45.75200000 9.4744688717e+01 -2.6631209604e-14 0.0000000000e+00 -2.6631209604e-14 9.4744688717e+01 0.0000000000e+00 0.0000000000e+00 0.0000000000e+00 1.8334081892e+01
45.90400000 9.4907387751e+01 -2.6550995117e-14 0.0000000000e+00 -2.6550995117e-14 9.4907387751e+01 0.0000000000e+00 0.0000000000e+00 0.0000000000e+00 1.8336046750e+01
46.05600000 9.5071248302e+01 -2.5989493710e-14 0.0000000000e+00 -2.5989493710e-14 9.5071248302e+01 0.0000000000e+00 0.0000000000e+00 0.0000000000e+00 1.8338018696e+01
46.20800000 9.5236280098e+01 -2.6631209604e-14 0.0000000000e+00 -2.6631209604e-14 9.5236280098e+01 0.0000000000e+00 0.0000000000e+00 0.0000000000e+00 1.8339997738e+01
46.36000000 9.5402492987e+01 -2.6631209604e-14 0.0000000000e+00 -2.6631209604e-14 9.5402492987e+01 0.0000000000e+00 0.0000000000e+00 0.0000000000e+00 1.8341983881e+01
46.51200000 9.5569896935e+01 -2.6631209604e-14 0.0000000000e+00 -2.6631209604e-14 9.5569896935e+01 0.0000000000e+00 0.0000000000e+00 0.0000000000e+00 1.8343977130e+01
46.66400000 9.5738502032e+01 -2.6631209604e-14 0.0000000000e+00 -2.6631209604e-14 9.5738502032e+01 0.0000000000e+00 0.0000000000e+00 0.0000000000e+00 1.8345977493e+01
46.81600000 9.5908318486e+01 -2.6631209604e-14 0.0000000000e+00 -2.6631209604e-14 9.5908318486e+01 0.0000000000e+00 0.0000000000e+00 0.0000000000e+00 1.8347984975e+01
46.96800000 9.6079356635e+01 -2.6631209604e-14 0.0000000000e+00 -2.6631209604e-14 9.6079356635e+01 0.0000000000e+00 0.0000000000e+00 0.0000000000e+00 1.8349999582e+01
47.12000000 9.6251626941e+01 -2.7272925498e-14 0.0000000000e+00 -2.7272925498e-14 9.6251626941e+01 0.0000000000e+00 0.0000000000e+00 0.0000000000e+00 1.8352021320e+01
47.27200000 9.6425139995e+01 -2.6550995117e-14 0.0000000000e+00 -2.6550995117e-14 9.6425139995e+01 0.0000000000e+00 0.0000000000e+00 0.0000000000e+00 1.8354050196e+01
47.42400000 9.6599906518e+01 -2.6550995117e-14 0.0000000000e+00 -2.6550995117e-14 9.6599906518e+01 0.0000000000e+00 0.0000000000e+00 0.0000000000e+00 1.8356086215e+01
47.57600000 9.6775937364e+01 -2.6631209604e-14 0.0000000000e+00 -2.6631209604e-14 9.6775937364e+01 0.0000000000e+00 0.0000000000e+00 0.0000000000e+00 1.8358129383e+01
47.72800000 9.6953243521e+01 -2.6631209604e-14 0.0000000000e+00 -2.6631209604e-14 9.6953243521e+01 0.0000000000e+00 0.0000000000e+00 0.0000000000e+00 1.8360179708e+01
47.88000000 9.7131836114e+01 -2.7192711011e-14 0.0000000000e+00 -2.7192711011e-14 9.7131836114e+01 0.0000000000e+00 0.0000000000e+00 0.0000000000e+00 1.8362237194e+01
48.03200000 9.7311726405e+01 -2.6631209604e-14 0.0000000000e+00 -2.6631209604e-14 9.7311726405e+01 0.0000000000e+00 0.0000000000e+00 0.0000000000e+00 1.8364301848e+01
48.18400000 9.7492925798e+01 -2.7192711011e-14 0.0000000000e+00 -2.7192711011e-14 9.7492925798e+01 0.0000000000e+00 0.0000000000e+00 0.0000000000e+00 1.8366373677e+01
48.33600000 9.7675445839e+01 -2.7272925498e-14 0.0000000000e+00 -2.7272925498e-14 9.7675445839e+01 0.0000000000e+00 0.0000000000e+00 0.0000000000e+00 1.8368452687e+01
48.48800000 9.7859298219e+01 -2.7192711011e-14 0.0000000000e+00 -2.7192711011e-14 9.7859298219e+01 0.0000000000e+00 0.0000000000e+00 0.0000000000e+00 1.8370538883e+01
48.64000000 9.8044494776e+01 -2.7834426905e-14 0.0000000000e+00 -2.7834426905e-14 9.8044494776e+01 0.0000000000e+00 0.0000000000e+00 0.0000000000e+00 1.8372632273e+01
48.79200000 9.8231047498e+01 -2.7834426905e-14 0.0000000000e+00 -2.7834426905e-14 9.8231047498e+01 0.0000000000e+00 0.0000000000e+00 0.0000000000e+00 1.8374732863e+01
48.94400000 9.8418968522e+01 -2.7272925498e-14 0.0000000000e+00 -2.7272925498e-14 9.8418968522e+01 0.0000000000e+00 0.0000000000e+00 0.0000000000e+00 1.8376840659e+01
49.09600000 9.8608270142e+01 -2.7272925498e-14 0.0000000000e+00 -2.7272925498e-14 9.8608270142e+01 0.0000000000e+00 0.0000000000e+00 0.0000000000e+00 1.8378955667e+01
49.24800000 9.8798964806e+01 -2.7272925498e-14 0.0000000000e+00 -2.7272925498e-14 9.8798964806e+01 0.0000000000e+00 0.0000000000e+00 0.0000000000e+00 1.8381077894e+01
49.40000000 9.8991065122e+01 -2.7914641392e-14 0.0000000000e+00 -2.7914641392e-14 9.8991065122e+01 0.0000000000e+00 0.0000000000e+00 0.0000000000e+00 1.8383207346e+01
49.55200000 9.9184583858e+01 -2.7914641392e-14 0.0000000000e+00 -2.7914641392e-14 9.9184583858e+01 0.0000000000e+00 0.0000000000e+00 0.0000000000e+00 1.8385344030e+01
49.70400000 9.9379533948e+01 -2.7914641392e-14 0.0000000000e+00 -2.7914641392e-14 9.9379533948e+01 0.0000000000e+00 0.0000000000e+00 0.0000000000e+00 1.8387487953e+01
49.85600000 9.9575928489e+01 -2.7834426905e-14 0.0000000000e+00 -2.7834426905e-14 9.9575928489e+01 0.0000000000e+00 0.0000000000e+00 0.0000000000e+00 1.8389639120e+01
50.00800000 9.9773780748e+01 -2.7914641392e-14 0.0000000000e+00 -2.7914641392e-14 9.9773780748e+01 0.0000000000e+00 0.0000000000e+00 0.0000000000e+00 1.8391797538e+01
50.16000000 9.9973104165e+01 -2.7834426905e-14 0.0000000000e+00 -2.7834426905e-14 9.9973104165e+01 0.0000000000e+00 0.0000000000e+00 0.0000000000e+00 1.8393963215e+01
50.31200000 1.0017391235e+02 -2.7914641392e-14 0.0000000000e+00 -2.7914641392e-14 1.0017391235e+02 0.0000000000e+00 0.0000000000e+00 0.0000000000e+00 1.8396136156e+01
50.46400000 1.0037621910e+02 -2.7914641392e-14 0.0000000000e+00 -2.7914641392e-14 1.0037621910e+02 0.0000000000e+00 0.0000000000e+00 0.0000000000e+00 1.8398316368e+01
50.61600000 1.0058003838e+02 -2.8476142799e-14 0.0000000000e+00 -2.8476142799e-14 1.0058003838e+02 0.0000000000e+00 0.0000000000e+00 0.0000000000e+00 1.8400503858e+01
50.76800000 1.0078538434e+02 -2.7914641392e-14 0.0000000000e+00 -2.7914641392e-14 1.0078538434e+02 0.0000000000e+00 0.0000000000e+00 0.0000000000e+00 1.8402698633e+01
50.92000000 1.0099227132e+02 -2.8476142799e-14 0.0000000000e+00 -2.8476142799e-14 1.0099227132e+02 0.0000000000e+00 0.0000000000e+00 0.0000000000e+00 1.8404900699e+01
51.07200000 1.0120071384e+02 -2.8556357286e-14 0.0000000000e+00 -2.8556357286e-14 1.0120071384e+02 0.0000000000e+00 0.0000000000e+00 0.0000000000e+00 1.8407110062e+01
51.22400000 1.0141072662e+02 -2.8476142799e-14 0.0000000000e+00 -2.8476142799e-14 1.0141072662e+02 0.0000000000e+00 0.0000000000e+00 0.0000000000e+00 1.8409326730e+01
51.37600000 1.0162232459e+02 -2.8556357286e-14 0.0000000000e+00 -2.8556357286e-14 1.0162232459e+02 0.0000000000e+00 0.0000000000e+00 0.0000000000e+00 1.8411550710e+01
51.52800000 1.0183552283e+02 -2.8556357286e-14 0.0000000000e+00 -2.8556357286e-14 1.0183552283e+02 0.0000000000e+00 0.0000000000e+00 0.0000000000e+00 1.8413782008e+01
51.68000000 1.0205033667e+02 -2.8476142799e-14 0.0000000000e+00 -2.8476142799e-14 1.0205033667e+02 0.0000000000e+00 0.0000000000e+00 0.0000000000e+00 1.8416020631e+01
51.83200000 1.0226678162e+02 -2.8556357286e-14 0.0000000000e+00 -2.8556357286e-14 1.0226678162e+02 0.0000000000e+00 0.0000000000e+00 0.0000000000e+00 1.8418266586e+01
51.98400000 1.0248487340e+02 -2.9117858693e-14 0.0000000000e+00 -2.9117858693e-14 1.0248487340e+02 0.0000000000e+00 0.0000000000e+00 0.0000000000e+00 1.8420519879e+01
52.13600000 1.0270462794e+02 -2.9117858693e-14 0.0000000000e+00 -2.9117858693e-14 1.0270462794e+02 0.0000000000e+00 0.0000000000e+00 0.0000000000e+00 1.8422780519e+01
52.28800000 1.0292606140e+02 -2.8556357286e-14 0.0000000000e+00 -2.8556357286e-14 1.0292606140e+02 0.0000000000e+00 0.0000000000e+00 0.0000000000e+00 1.8425048511e+01
52.44000000 1.0314919013e+02 -2.9198073180e-14 0.0000000000e+00 -2.9198073180e-14 1.0314919013e+02 0.0000000000e+00 0.0000000000e+00 0.0000000000e+00 1.8427323862e+01
52.59200000 1.0337403073e+02 -2.9198073180e-14 0.0000000000e+00 -2.9198073180e-14 1.0337403073e+02 0.0000000000e+00 0.0000000000e+00 0.0000000000e+00 1.8429606580e+01
52.74400000 1.0360060000e+02 -2.9198073180e-14 0.0000000000e+00 -2.9198073180e-14 1.0360060000e+02 0.0000000000e+00 0.0000000000e+00 0.0000000000e+00 1.8431896672e+01
52.89600000 1.0382891499e+02 -2.9198073180e-14 0.0000000000e+00 -2.9198073180e-14 1.0382891499e+02 0.0000000000e+00 0.0000000000e+00 0.0000000000e+00 1.8434194144e+01
53.04800000 1.0405899297e+02 -2.9198073180e-14 0.0000000000e+00 -2.9198073180e-14 1.0405899297e+02 0.0000000000e+00 0.0000000000e+00 0.0000000000e+00 1.8436499004e+01
53.20000000 1.0429085145e+02 -2.9839789074e-14 0.0000000000e+00 -2.9839789074e-14 1.0429085145e+02 0.0000000000e+00 0.0000000000e+00 0.0000000000e+00 1.8438811259e+01
53.35200000 1.0452450818e+02 -2.9839789074e-14 0.0000000000e+00 -2.9839789074e-14 1.0452450818e+02 0.0000000000e+00 0.0000000000e+00 0.0000000000e+00 1.8441130915e+01
53.50400000 1.0475998115e+02 -2.9839789074e-14 0.0000000000e+00 -2.9839789074e-14 1.0475998115e+02 0.0000000000e+00 0.0000000000e+00 0.0000000000e+00 1.8443457981e+01
53.65600000 1.0499728861e+02 -2.9759574588e-14 0.0000000000e+00 -2.9759574588e-14 1.0499728861e+02 0.0000000000e+00 0.0000000000e+00 0.0000000000e+00 1.8445792463e+01
53.80800000 1.0523644905e+02 -2.9759574588e-14 0.0000000000e+00 -2.9759574588e-14 1.0523644905e+02 0.0000000000e+00 0.0000000000e+00 0.0000000000e+00 1.8448134368e+01
53.96000000 1.0547748124e+02 -2.9839789074e-14 0.0000000000e+00 -2.9839789074e-14 1.0547748124e+02 0.0000000000e+00 0.0000000000e+00 0.0000000000e+00 1.8450483703e+01
54.11200000 1.0572040417e+02 -2.9839789074e-14 0.0000000000e+00 -2.9839789074e-14 1.0572040417e+02 0.0000000000e+00 0.0000000000e+00 0.0000000000e+00 1.8452840477e+01
54.26400000 1.0596523715e+02 -2.9839789074e-14 0.0000000000e+00 -2.9839789074e-14 1.0596523715e+02 0.0000000000e+00 0.0000000000e+00 0.0000000000e+00 1.8455204695e+01
54.41600000 1.0621199971e+02 -2.9839789074e-14 0.0000000000e+00 -2.9839789074e-14 1.0621199971e+02 0.0000000000e+00 0.0000000000e+00 0.0000000000e+00 1.8457576366e+01
54.56800000 1.0646071168e+02 -2.9759574588e-14 0.0000000000e+00 -2.9759574588e-14 1.0646071168e+02 0.0000000000e+00 0.0000000000e+00 0.0000000000e+00 1.8459955497e+01
54.72000000 1.0671139318e+02 -2.9839789074e-14 0.0000000000e+00 -2.9839789074e-14 1.0671139318e+02 0.0000000000e+00 0.0000000000e+00 0.0000000000e+00 1.8462342095e+01
54.87200000 1.0696406459e+02 -3.0401290482e-14 0.0000000000e+00 -3.0401290482e-14 1.0696406459e+02 0.0000000000e+00 0.0000000000e+00 0.0000000000e+00 1.8464736167e+01
55.02400000 1.0721874660e+02 -3.0401290482e-14 0.0000000000e+00 -3.0401290482e-14 1.0721874660e+02 0.0000000000e+00 0.0000000000e+00 0.0000000000e+00 1.8467137721e+01
55.17600000 1.0747546018e+02 -3.0401290482e-14 0.0000000000e+00 -3.0401290482e-14 1.0747546018e+02 0.0000000000e+00 0.0000000000e+00 0.0000000000e+00 1.8469546764e+01
55.32800000 1.0773422662e+02 -3.0401290482e-14 0.0000000000e+00 -3.0401290482e-14 1.0773422662e+02 0.0000000000e+00 0.0000000000e+00 0.0000000000e+00 1.8471963304e+01
55.48000000 1.0799506748e+02 -3.0401290482e-14 0.0000000000e+00 -3.0401290482e-14 1.0799506748e+02 0.0000000000e+00 0.0000000000e+00 0.0000000000e+00 1.8474387349e+01
55.63200000 1.0825800468e+02 -3.1123220862e-14 0.0000000000e+00 -3.1123220862e-14 1.0825800468e+02 0.0000000000e+00 0.0000000000e+00 0.0000000000e+00 1.8476818905e+01
55.78400000 1.0852306040e+02 -3.1043006376e-14 0.0000000000e+00 -3.1043006376e-14 1.0852306040e+02 0.0000000000e+00 0.0000000000e+00 0.0000000000e+00 1.8479257980e+01
55.93600000 1.0879025720e+02 -3.1123220862e-14 0.0000000000e+00 -3.1123220862e-14 1.0879025720e+02 0.0000000000e+00 0.0000000000e+00 0.0000000000e+00 1.8481704582e+01
56.08800000 1.0905961792e+02 -3.0481504968e-14 0.0000000000e+00 -3.0481504968e-14 1.0905961792e+02 0.0000000000e+00 0.0000000000e+00 0.0000000000e+00 1.8484158719e+01
56.24000000 1.0933116576e+02 -3.1043006376e-14 0.0000000000e+00 -3.1043006376e-14 1.0933116576e+02 0.0000000000e+00 0.0000000000e+00 0.0000000000e+00 1.8486620398e+01
56.39200000 1.0960492424e+02 -3.1123220862e-14 0.0000000000e+00 -3.1123220862e-14 1.0960492424e+02 0.0000000000e+00 0.0000000000e+00 0.0000000000e+00 1.8489089626e+01
56.54400000 1.0988091725e+02 -3.1123220862e-14 0.0000000000e+00 -3.1123220862e-14 1.0988091725e+02 0.0000000000e+00 0.0000000000e+00 0.0000000000e+00 1.8491566412e+01
56.69600000 1.1015916902e+02 -3.1764936757e-14 0.0000000000e+00 -3.1764936757e-14 1.1015916902e+02 0.0000000000e+00 0.0000000000e+00 0.0000000000e+00 1.8494050763e+01
56.84800000 1.1043970412e+02 -3.1123220862e-14 0.0000000000e+00 -3.1123220862e-14 1.1043970412e+02 0.0000000000e+00 0.0000000000e+00 0.0000000000e+00 1.8496542687e+01
57.00000000 1.1072254752e+02 -3.1043006376e-14 0.0000000000e+00 -3.1043006376e-14 1.1072254752e+02 0.0000000000e+00 0.0000000000e+00 0.0000000000e+00 1.8499042191e+01
57.15200000 1.1100772452e+02 -3.1684722270e-14 0.0000000000e+00 -3.1684722270e-14 1.1100772452e+02 0.0000000000e+00 0.0000000000e+00 0.0000000000e+00 1.8501549284e+01
57.30400000 1.1129526084e+02 -3.1764936757e-14 0.0000000000e+00 -3.1764936757e-14 1.1129526084e+02 0.0000000000e+00 0.0000000000e+00 0.0000000000e+00 1.8504063973e+01
57.45600000 1.1158518255e+02 -3.1764936757e-14 0.0000000000e+00 -3.1764936757e-14 1.1158518255e+02 0.0000000000e+00 0.0000000000e+00 0.0000000000e+00 1.8506586266e+01
57.60800000 1.1187751614e+02 -3.2406652651e-14 0.0000000000e+00 -3.2406652651e-14 1.1187751614e+02 0.0000000000e+00 0.0000000000e+00 0.0000000000e+00 1.8509116171e+01
57.76000000 1.1217228848e+02 -3.2326438164e-14 0.0000000000e+00 -3.2326438164e-14 1.1217228848e+02 0.0000000000e+00 0.0000000000e+00 0.0000000000e+00 1.8511653696e+01
57.91200000 1.1246952684e+02 -3.1684722270e-14 0.0000000000e+00 -3.1684722270e-14 1.1246952684e+02 0.0000000000e+00 0.0000000000e+00 0.0000000000e+00 1.8514198848e+01
58.06400000 1.1276925894e+02 -3.2406652651e-14 0.0000000000e+00 -3.2406652651e-14 1.1276925894e+02 0.0000000000e+00 0.0000000000e+00 0.0000000000e+00 1.8516751636e+01
58.21600000 1.1307151288e+02 -3.2326438164e-14 0.0000000000e+00 -3.2326438164e-14 1.1307151288e+02 0.0000000000e+00 0.0000000000e+00 0.0000000000e+00 1.8519312068e+01
58.36800000 1.1337631721e+02 -3.3048368545e-14 0.0000000000e+00 -3.3048368545e-14 1.1337631721e+02 0.0000000000e+00 0.0000000000e+00 0.0000000000e+00 1.8521880152e+01
58.52000000 1.1368370092e+02 -3.1764936757e-14 0.0000000000e+00 -3.1764936757e-14 1.1368370092e+02 0.0000000000e+00 0.0000000000e+00 0.0000000000e+00 1.8524455895e+01
58.67200000 1.1399369344e+02 -3.3048368545e-14 0.0000000000e+00 -3.3048368545e-14 1.1399369344e+02 0.0000000000e+00 0.0000000000e+00 0.0000000000e+00 1.8527039306e+01
58.82400000 1.1430632465e+02 -3.3048368545e-14 0.0000000000e+00 -3.3048368545e-14 1.1430632465e+02 0.0000000000e+00 0.0000000000e+00 0.0000000000e+00 1.8529630393e+01
58.97600000 1.1462162491e+02 -3.2968154058e-14 0.0000000000e+00 -3.2968154058e-14 1.1462162491e+02 0.0000000000e+00 0.0000000000e+00 0.0000000000e+00 1.8532229165e+01
59.12800000 1.1493962503e+02 -3.3048368545e-14 0.0000000000e+00 -3.3048368545e-14 1.1493962503e+02 0.0000000000e+00 0.0000000000e+00 0.0000000000e+00 1.8534835628e+01
59.28000000 1.1526035632e+02 -3.3048368545e-14 0.0000000000e+00 -3.3048368545e-14 1.1526035632e+02 0.0000000000e+00 0.0000000000e+00 0.0000000000e+00 1.8537449792e+01
59.43200000 1.1558385056e+02 -3.2968154058e-14 0.0000000000e+00 -3.2968154058e-14 1.1558385056e+02 0.0000000000e+00 0.0000000000e+00 0.0000000000e+00 1.8540071664e+01
59.58400000 1.1591014006e+02 -3.2968154058e-14 0.0000000000e+00 -3.2968154058e-14 1.1591014006e+02 0.0000000000e+00 0.0000000000e+00 0.0000000000e+00 1.8542701253e+01
59.73600000 1.1623925760e+02 -3.3048368545e-14 0.0000000000e+00 -3.3048368545e-14 1.1623925760e+02 0.0000000000e+00 0.0000000000e+00 0.0000000000e+00 1.8545338567e+01
59.88800000 1.1657123651e+02 -3.2968154058e-14 0.0000000000e+00 -3.2968154058e-14 1.1657123651e+02 0.0000000000e+00 0.0000000000e+00 0.0000000000e+00 1.8547983615e+01
60.04000000 1.1690611063e+02 -3.4251585846e-14 0.0000000000e+00 -3.4251585846e-14 1.1690611063e+02 0.0000000000e+00 0.0000000000e+00 0.0000000000e+00 1.8550636404e+01
60.19200000 1.1724391435e+02 -3.4331800333e-14 0.0000000000e+00 -3.4331800333e-14 1.1724391435e+02 0.0000000000e+00 0.0000000000e+00 0.0000000000e+00 1.8553296944e+01
60.34400000 1.1758468262e+02 -3.4331800333e-14 0.0000000000e+00 -3.4331800333e-14 1.1758468262e+02 0.0000000000e+00 0.0000000000e+00 0.0000000000e+00 1.8555965242e+01
60.49600000 1.1792845092e+02 -3.3048368545e-14 0.0000000000e+00 -3.3048368545e-14 1.1792845092e+02 0.0000000000e+00 0.0000000000e+00 0.0000000000e+00 1.8558641307e+01
60.64800000 1.1827525532e+02 -3.2968154058e-14 0.0000000000e+00 -3.2968154058e-14 1.1827525532e+02 0.0000000000e+00 0.0000000000e+00 0.0000000000e+00 1.8561325147e+01
60.80000000 1.1862513249e+02 -3.2968154058e-14 0.0000000000e+00 -3.2968154058e-14 1.1862513249e+02 0.0000000000e+00 0.0000000000e+00 0.0000000000e+00 1.8564016771e+01
60.95200000 1.1897811966e+02 -3.4331800333e-14 0.0000000000e+00 -3.4331800333e-14 1.1897811966e+02 0.0000000000e+00 0.0000000000e+00 0.0000000000e+00 1.8566716187e+01
61.10400000 1.1933425469e+02 -3.4331800333e-14 0.0000000000e+00 -3.4331800333e-14 1.1933425469e+02 0.0000000000e+00 0.0000000000e+00 0.0000000000e+00 1.8569423404e+01
61.25600000 1.1969357605e+02 -3.4251585846e-14 0.0000000000e+00 -3.4251585846e-14 1.1969357605e+02 0.0000000000e+00 0.0000000000e+00 0.0000000000e+00 1.8572138431e+01
61.40800000 1.2005612284e+02 -3.4331800333e-14 0.0000000000e+00 -3.4331800333e-14 1.2005612284e+02 0.0000000000e+00 0.0000000000e+00 0.0000000000e+00 1.8574861275e+01
61.56000000 1.2042193481e+02 -3.4251585846e-14 0.0000000000e+00 -3.4251585846e-14 1.2042193481e+02 0.0000000000e+00 0.0000000000e+00 0.0000000000e+00 1.8577591947e+01
61.71200000 1.2079105237e+02 -3.4331800333e-14 0.0000000000e+00 -3.4331800333e-14 1.2079105237e+02 0.0000000000e+00 0.0000000000e+00 0.0000000000e+00 1.8580330453e+01
61.86400000 1.2116351658e+02 -3.4331800333e-14 0.0000000000e+00 -3.4331800333e-14 1.2116351658e+02 0.0000000000e+00 0.0000000000e+00 0.0000000000e+00 1.8583076803e+01
62.01600000 1.2153936920e+02 -3.4251585846e-14 0.0000000000e+00 -3.4251585846e-14 1.2153936920e+02 0.0000000000e+00 0.0000000000e+00 0.0000000000e+00 1.8585831007e+01
62.16800000 1.2191865269e+02 -3.5535017634e-14 0.0000000000e+00 -3.5535017634e-14 1.2191865269e+02 0.0000000000e+00 0.0000000000e+00 0.0000000000e+00 1.8588593071e+01
62.32000000 1.2230141021e+02 -3.5535017634e-14 0.0000000000e+00 -3.5535017634e-14 1.2230141021e+02 0.0000000000e+00 0.0000000000e+00 0.0000000000e+00 1.8591363006e+01
62.47200000 1.2268768565e+02 -3.5615232121e-14 0.0000000000e+00 -3.5615232121e-14 1.2268768565e+02 0.0000000000e+00 0.0000000000e+00 0.0000000000e+00 1.8594140819e+01
62.62400000 1.2307752365e+02 -3.5615232121e-14 0.0000000000e+00 -3.5615232121e-14 1.2307752365e+02 0.0000000000e+00 0.0000000000e+00 0.0000000000e+00 1.8596926521e+01
62.77600000 1.2347096959e+02 -3.5535017634e-14 0.0000000000e+00 -3.5535017634e-14 1.2347096959e+02 0.0000000000e+00 0.0000000000e+00 0.0000000000e+00 1.8599720119e+01
62.92800000 1.2386806964e+02 -3.5615232121e-14 0.0000000000e+00 -3.5615232121e-14 1.2386806964e+02 0.0000000000e+00 0.0000000000e+00 0.0000000000e+00 1.8602521623e+01
63.08000000 1.2426887075e+02 -3.5535017634e-14 0.0000000000e+00 -3.5535017634e-14 1.2426887075e+02 0.0000000000e+00 0.0000000000e+00 0.0000000000e+00 1.8605331041e+01
63.23200000 1.2467342067e+02 -3.6898663909e-14 0.0000000000e+00 -3.6898663909e-14 1.2467342067e+02 0.0000000000e+00 0.0000000000e+00 0.0000000000e+00 1.8608148383e+01
63.38400000 1.2508176798e+02 -3.5615232121e-14 0.0000000000e+00 -3.5615232121e-14 1.2508176798e+02 0.0000000000e+00 0.0000000000e+00 0.0000000000e+00 1.8610973657e+01
63.53600000 1.2549396209e+02 -3.5615232121e-14 0.0000000000e+00 -3.5615232121e-14 1.2549396209e+02 0.0000000000e+00 0.0000000000e+00 0.0000000000e+00 1.8613806873e+01
63.68800000 1.2591005329e+02 -3.6898663909e-14 0.0000000000e+00 -3.6898663909e-14 1.2591005329e+02 0.0000000000e+00 0.0000000000e+00 0.0000000000e+00 1.8616648039e+01
63.84000000 1.2633009271e+02 -3.6818449422e-14 0.0000000000e+00 -3.6818449422e-14 1.2633009271e+02 0.0000000000e+00 0.0000000000e+00 0.0000000000e+00 1.8619497164e+01
63.99200000 1.2675413240e+02 -3.6818449422e-14 0.0000000000e+00 -3.6818449422e-14 1.2675413240e+02 0.0000000000e+00 0.0000000000e+00 0.0000000000e+00 1.8622354259e+01
64.14400000 1.2718222531e+02 -3.6898663909e-14 0.0000000000e+00 -3.6898663909e-14 1.2718222531e+02 0.0000000000e+00 0.0000000000e+00 0.0000000000e+00 1.8625219331e+01
64.29600000 1.2761442534e+02 -3.6898663909e-14 0.0000000000e+00 -3.6898663909e-14 1.2761442534e+02 0.0000000000e+00 0.0000000000e+00 0.0000000000e+00 1.8628092390e+01
64.44800000 1.2805078731e+02 -3.6898663909e-14 0.0000000000e+00 -3.6898663909e-14 1.2805078731e+02 0.0000000000e+00 0.0000000000e+00 0.0000000000e+00 1.8630973445e+01
64.60000000 1.2849136705e+02 -3.6818449422e-14 0.0000000000e+00 -3.6818449422e-14 1.2849136705e+02 0.0000000000e+00 0.0000000000e+00 0.0000000000e+00 1.8633862506e+01
64.75200000 1.2893622135e+02 -3.8182095697e-14 0.0000000000e+00 -3.8182095697e-14 1.2893622135e+02 0.0000000000e+00 0.0000000000e+00 0.0000000000e+00 1.8636759582e+01
64.90400000 1.2938540804e+02 -3.6898663909e-14 0.0000000000e+00 -3.6898663909e-14 1.2938540804e+02 0.0000000000e+00 0.0000000000e+00 0.0000000000e+00 1.8639664681e+01
65.05600000 1.2983898598e+02 -3.6898663909e-14 0.0000000000e+00 -3.6898663909e-14 1.2983898598e+02 0.0000000000e+00 0.0000000000e+00 0.0000000000e+00 1.8642577814e+01
65.20800000 1.3029701510e+02 -3.8101881210e-14 0.0000000000e+00 -3.8101881210e-14 1.3029701510e+02 0.0000000000e+00 0.0000000000e+00 0.0000000000e+00 1.8645498989e+01
65.36000000 1.3075955638e+02 -3.8182095697e-14 0.0000000000e+00 -3.8182095697e-14 1.3075955638e+02 0.0000000000e+00 0.0000000000e+00 0.0000000000e+00 1.8648428217e+01
65.51200000 1.3122667195e+02 -3.8182095697e-14 0.0000000000e+00 -3.8182095697e-14 1.3122667195e+02 0.0000000000e+00 0.0000000000e+00 0.0000000000e+00 1.8651365506e+01
65.66400000 1.3169842505e+02 -3.9465527485e-14 0.0000000000e+00 -3.9465527485e-14 1.3169842505e+02 0.0000000000e+00 0.0000000000e+00 0.0000000000e+00 1.8654310866e+01
65.81600000 1.3217488008e+02 -3.8182095697e-14 0.0000000000e+00 -3.8182095697e-14 1.3217488008e+02 0.0000000000e+00 0.0000000000e+00 0.0000000000e+00 1.8657264306e+01
65.96800000 1.3265610263e+02 -3.8182095697e-14 0.0000000000e+00 -3.8182095697e-14 1.3265610263e+02 0.0000000000e+00 0.0000000000e+00 0.0000000000e+00 1.8660225836e+01
66.12000000 1.3314215949e+02 -3.8182095697e-14 0.0000000000e+00 -3.8182095697e-14 1.3314215949e+02 0.0000000000e+00 0.0000000000e+00 0.0000000000e+00 1.8663195466e+01
66.27200000 1.3363311869e+02 -3.8101881210e-14 0.0000000000e+00 -3.8101881210e-14 1.3363311869e+02 0.0000000000e+00 0.0000000000e+00 0.0000000000e+00 1.8666173204e+01
66.42400000 1.3412904953e+02 -3.9385312999e-14 0.0000000000e+00 -3.9385312999e-14 1.3412904953e+02 0.0000000000e+00 0.0000000000e+00 0.0000000000e+00 1.8669159062e+01
66.57600000 1.3463002260e+02 -3.9385312999e-14 0.0000000000e+00 -3.9385312999e-14 1.3463002260e+02 0.0000000000e+00 0.0000000000e+00 0.0000000000e+00 1.8672153047e+01
66.72800000 1.3513610982e+02 -3.9465527485e-14 0.0000000000e+00 -3.9465527485e-14 1.3513610982e+02 0.0000000000e+00 0.0000000000e+00 0.0000000000e+00 1.8675155171e+01
66.88000000 1.3564738444e+02 -4.0668744787e-14 0.0000000000e+00 -4.0668744787e-14 1.3564738444e+02 0.0000000000e+00 0.0000000000e+00 0.0000000000e+00 1.8678165442e+01
67.03200000 1.3616392111e+02 -3.9385312999e-14 0.0000000000e+00 -3.9385312999e-14 1.3616392111e+02 0.0000000000e+00 0.0000000000e+00 0.0000000000e+00 1.8681183871e+01
67.18400000 1.3668579591e+02 -3.9385312999e-14 0.0000000000e+00 -3.9385312999e-14 1.3668579591e+02 0.0000000000e+00 0.0000000000e+00 0.0000000000e+00 1.8684210467e+01
67.33600000 1.3721308635e+02 -4.0668744787e-14 0.0000000000e+00 -4.0668744787e-14 1.3721308635e+02 0.0000000000e+00 0.0000000000e+00 0.0000000000e+00 1.8687245240e+01
67.48800000 1.3774587141e+02 -4.0748959274e-14 0.0000000000e+00 -4.0748959274e-14 1.3774587141e+02 0.0000000000e+00 0.0000000000e+00 0.0000000000e+00 1.8690288200e+01
67.64000000 1.3828423162e+02 -4.0668744787e-14 0.0000000000e+00 -4.0668744787e-14 1.3828423162e+02 0.0000000000e+00 0.0000000000e+00 0.0000000000e+00 1.8693339357e+01
67.79200000 1.3882824903e+02 -4.0748959274e-14 0.0000000000e+00 -4.0748959274e-14 1.3882824903e+02 0.0000000000e+00 0.0000000000e+00 0.0000000000e+00 1.8696398720e+01
67.94400000 1.3937800730e+02 -4.0668744787e-14 0.0000000000e+00 -4.0668744787e-14 1.3937800730e+02 0.0000000000e+00 0.0000000000e+00 0.0000000000e+00 1.8699466300e+01
68.09600000 1.3993359170e+02 -4.1952176575e-14 0.0000000000e+00 -4.1952176575e-14 1.3993359170e+02 0.0000000000e+00 0.0000000000e+00 0.0000000000e+00 1.8702542106e+01
68.24800000 1.4049508916e+02 -4.1952176575e-14 0.0000000000e+00 -4.1952176575e-14 1.4049508916e+02 0.0000000000e+00 0.0000000000e+00 0.0000000000e+00 1.8705626149e+01
68.40000000 1.4106258833e+02 -4.0668744787e-14 0.0000000000e+00 -4.0668744787e-14 1.4106258833e+02 0.0000000000e+00 0.0000000000e+00 0.0000000000e+00 1.8708718439e+01
68.55200000 1.4163617959e+02 -4.0748959274e-14 0.0000000000e+00 -4.0748959274e-14 1.4163617959e+02 0.0000000000e+00 0.0000000000e+00 0.0000000000e+00 1.8711818985e+01
68.70400000 1.4221595510e+02 -4.2032391062e-14 0.0000000000e+00 -4.2032391062e-14 1.4221595510e+02 0.0000000000e+00 0.0000000000e+00 0.0000000000e+00 1.8714927798e+01
68.85600000 1.4280200886e+02 -4.2032391062e-14 0.0000000000e+00 -4.2032391062e-14 1.4280200886e+02 0.0000000000e+00 0.0000000000e+00 0.0000000000e+00 1.8718044887e+01
69.00800000 1.4339443673e+02 -4.2032391062e-14 0.0000000000e+00 -4.2032391062e-14 1.4339443673e+02 0.0000000000e+00 0.0000000000e+00 0.0000000000e+00 1.8721170264e+01
69.16000000 1.4399333649e+02 -4.1952176575e-14 0.0000000000e+00 -4.1952176575e-14 1.4399333649e+02 0.0000000000e+00 0.0000000000e+00 0.0000000000e+00 1.8724303938e+01
69.31200000 1.4459880787e+02 -4.3235608363e-14 0.0000000000e+00 -4.3235608363e-14 1.4459880787e+02 0.0000000000e+00 0.0000000000e+00 0.0000000000e+00 1.8727445920e+01
69.46400000 1.4521095262e+02 -4.2032391062e-14 0.0000000000e+00 -4.2032391062e-14 1.4521095262e+02 0.0000000000e+00 0.0000000000e+00 0.0000000000e+00 1.8730596220e+01
69.61600000 1.4582987455e+02 -4.3235608363e-14 0.0000000000e+00 -4.3235608363e-14 1.4582987455e+02 0.0000000000e+00 0.0000000000e+00 0.0000000000e+00 1.8733754847e+01
69.76800000 1.4645567957e+02 -4.3235608363e-14 0.0000000000e+00 -4.3235608363e-14 1.4645567957e+02 0.0000000000e+00 0.0000000000e+00 0.0000000000e+00 1.8736921813e+01
69.92000000 1.4708847574e+02 -4.3235608363e-14 0.0000000000e+00 -4.3235608363e-14 1.4708847574e+02 0.0000000000e+00 0.0000000000e+00 0.0000000000e+00 1.8740097128e+01
70.07200000 1.4772837334e+02 -4.4599254638e-14 0.0000000000e+00 -4.4599254638e-14 1.4772837334e+02 0.0000000000e+00 0.0000000000e+00 0.0000000000e+00 1.8743280802e+01
70.22400000 1.4837548493e+02 -4.3315822850e-14 0.0000000000e+00 -4.3315822850e-14 1.4837548493e+02 0.0000000000e+00 0.0000000000e+00 0.0000000000e+00 1.8746472846e+01
70.37600000 1.4902992536e+02 -4.4519040151e-14 0.0000000000e+00 -4.4519040151e-14 1.4902992536e+02 0.0000000000e+00 0.0000000000e+00 0.0000000000e+00 1.8749673270e+01
70.52800000 1.4969181189e+02 -4.3315822850e-14 0.0000000000e+00 -4.3315822850e-14 1.4969181189e+02 0.0000000000e+00 0.0000000000e+00 0.0000000000e+00 1.8752882084e+01
70.68000000 1.5036126420e+02 -4.4519040151e-14 0.0000000000e+00 -4.4519040151e-14 1.5036126420e+02 0.0000000000e+00 0.0000000000e+00 0.0000000000e+00 1.8756099300e+01
70.83200000 1.5103840446e+02 -4.4519040151e-14 0.0000000000e+00 -4.4519040151e-14 1.5103840446e+02 0.0000000000e+00 0.0000000000e+00 0.0000000000e+00 1.8759324927e+01
70.98400000 1.5172335743e+02 -4.4519040151e-14 0.0000000000e+00 -4.4519040151e-14 1.5172335743e+02 0.0000000000e+00 0.0000000000e+00 0.0000000000e+00 1.8762558977e+01
71.13600000 1.5241625046e+02 -4.5882686426e-14 0.0000000000e+00 -4.5882686426e-14 1.5241625046e+02 0.0000000000e+00 0.0000000000e+00 0.0000000000e+00 1.8765801460e+01
71.28800000 1.5311721361e+02 -4.5802471939e-14 0.0000000000e+00 -4.5802471939e-14 1.5311721361e+02 0.0000000000e+00 0.0000000000e+00 0.0000000000e+00 1.8769052387e+01
71.44000000 1.5382637969e+02 -4.4519040151e-14 0.0000000000e+00 -4.4519040151e-14 1.5382637969e+02 0.0000000000e+00 0.0000000000e+00 0.0000000000e+00 1.8772311768e+01
71.59200000 1.5454388436e+02 -4.5882686426e-14 0.0000000000e+00 -4.5882686426e-14 1.5454388436e+02 0.0000000000e+00 0.0000000000e+00 0.0000000000e+00 1.8775579614e+01
71.74400000 1.5526986614e+02 -4.5802471939e-14 0.0000000000e+00 -4.5802471939e-14 1.5526986614e+02 0.0000000000e+00 0.0000000000e+00 0.0000000000e+00 1.8778855936e+01
71.89600000 1.5600446654e+02 -4.5802471939e-14 0.0000000000e+00 -4.5802471939e-14 1.5600446654e+02 0.0000000000e+00 0.0000000000e+00 0.0000000000e+00 1.8782140745e+01
72.04800000 1.5674783014e+02 -4.7166118214e-14 0.0000000000e+00 -4.7166118214e-14 1.5674783014e+02 0.0000000000e+00 0.0000000000e+00 0.0000000000e+00 1.8785434052e+01
72.20000000 1.5750010461e+02 -4.7085903727e-14 0.0000000000e+00 -4.7085903727e-14 1.5750010461e+02 0.0000000000e+00 0.0000000000e+00 0.0000000000e+00 1.8788735868e+01
72.35200000 1.5826144084e+02 -4.7166118214e-14 0.0000000000e+00 -4.7166118214e-14 1.5826144084e+02 0.0000000000e+00 0.0000000000e+00 0.0000000000e+00 1.8792046203e+01
72.50400000 1.5903199301e+02 -4.7085903727e-14 0.0000000000e+00 -4.7085903727e-14 1.5903199301e+02 0.0000000000e+00 0.0000000000e+00 0.0000000000e+00 1.8795365068e+01
72.65600000 1.5981191867e+02 -4.8449550002e-14 0.0000000000e+00 -4.8449550002e-14 1.5981191867e+02 0.0000000000e+00 0.0000000000e+00 0.0000000000e+00 1.8798692475e+01
72.80800000 1.6060137882e+02 -4.8369335516e-14 0.0000000000e+00 -4.8369335516e-14 1.6060137882e+02 0.0000000000e+00 0.0000000000e+00 0.0000000000e+00 1.8802028434e+01
72.96000000 1.6140053802e+02 -4.8449550002e-14 0.0000000000e+00 -4.8449550002e-14 1.6140053802e+02 0.0000000000e+00 0.0000000000e+00 0.0000000000e+00 1.8805372958e+01
73.11200000 1.6220956446e+02 -4.9652767304e-14 0.0000000000e+00 -4.9652767304e-14 1.6220956446e+02 0.0000000000e+00 0.0000000000e+00 0.0000000000e+00 1.8808726055e+01
73.26400000 1.6302863007e+02 -4.8449550002e-14 0.0000000000e+00 -4.8449550002e-14 1.6302863007e+02 0.0000000000e+00 0.0000000000e+00 0.0000000000e+00 1.8812087739e+01
73.41600000 1.6385791059e+02 -4.8369335516e-14 0.0000000000e+00 -4.8369335516e-14 1.6385791059e+02 0.0000000000e+00 0.0000000000e+00 0.0000000000e+00 1.8815458020e+01
73.56800000 1.6469758572e+02 -4.9652767304e-14 0.0000000000e+00 -4.9652767304e-14 1.6469758572e+02 0.0000000000e+00 0.0000000000e+00 0.0000000000e+00 1.8818836909e+01
73.72000000 1.6554783917e+02 -4.9732981791e-14 0.0000000000e+00 -4.9732981791e-14 1.6554783917e+02 0.0000000000e+00 0.0000000000e+00 0.0000000000e+00 1.8822224417e+01
73.87200000 1.6640885878e+02 -4.9732981791e-14 0.0000000000e+00 -4.9732981791e-14 1.6640885878e+02 0.0000000000e+00 0.0000000000e+00 0.0000000000e+00 1.8825620557e+01
74.02400000 1.6728083666e+02 -5.0936199092e-14 0.0000000000e+00 -5.0936199092e-14 1.6728083666e+02 0.0000000000e+00 0.0000000000e+00 0.0000000000e+00 1.8829025338e+01
74.17600000 1.6816396925e+02 -4.9732981791e-14 0.0000000000e+00 -4.9732981791e-14 1.6816396925e+02 0.0000000000e+00 0.0000000000e+00 0.0000000000e+00 1.8832438774e+01
74.32800000 1.6905845747e+02 -5.1016413579e-14 0.0000000000e+00 -5.1016413579e-14 1.6905845747e+02 0.0000000000e+00 0.0000000000e+00 0.0000000000e+00 1.8835860874e+01
74.48000000 1.6996450681e+02 -5.0936199092e-14 0.0000000000e+00 -5.0936199092e-14 1.6996450681e+02 0.0000000000e+00 0.0000000000e+00 0.0000000000e+00 1.8839291650e+01
74.63200000 1.7088232749e+02 -5.1016413579e-14 0.0000000000e+00 -5.1016413579e-14 1.7088232749e+02 0.0000000000e+00 0.0000000000e+00 0.0000000000e+00 1.8842731114e+01
74.78400000 1.7181213454e+02 -5.2299845367e-14 0.0000000000e+00 -5.2299845367e-14 1.7181213454e+02 0.0000000000e+00 0.0000000000e+00 0.0000000000e+00 1.8846179278e+01
74.93600000 1.7275414794e+02 -5.2299845367e-14 0.0000000000e+00 -5.2299845367e-14 1.7275414794e+02 0.0000000000e+00 0.0000000000e+00 0.0000000000e+00 1.8849636153e+01
75.08800000 1.7370859277e+02 -5.2219630880e-14 0.0000000000e+00 -5.2219630880e-14 1.7370859277e+02 0.0000000000e+00 0.0000000000e+00 0.0000000000e+00 1.8853101750e+01
75.24000000 1.7467569931e+02 -5.3503062668e-14 0.0000000000e+00 -5.3503062668e-14 1.7467569931e+02 0.0000000000e+00 0.0000000000e+00 0.0000000000e+00 1.8856576081e+01
75.39200000 1.7565570320e+02 -5.3503062668e-14 0.0000000000e+00 -5.3503062668e-14 1.7565570320e+02 0.0000000000e+00 0.0000000000e+00 0.0000000000e+00 1.8860059158e+01
75.54400000 1.7664884558e+02 -5.3583277155e-14 0.0000000000e+00 -5.3583277155e-14 1.7664884558e+02 0.0000000000e+00 0.0000000000e+00 0.0000000000e+00 1.8863550993e+01
75.69600000 1.7765537322e+02 -5.3583277155e-14 0.0000000000e+00 -5.3583277155e-14 1.7765537322e+02 0.0000000000e+00 0.0000000000e+00 0.0000000000e+00 1.8867051597e+01
75.84800000 1.7867553866e+02 -5.3503062668e-14 0.0000000000e+00 -5.3503062668e-14 1.7867553866e+02 0.0000000000e+00 0.0000000000e+00 0.0000000000e+00 1.8870560982e+01
76.00000000 1.7970960038e+02 -5.3583277155e-14 0.0000000000e+00 -5.3583277155e-14 1.7970960038e+02 0.0000000000e+00 0.0000000000e+00 0.0000000000e+00 1.8874079159e+01
76.15200000 1.8075782297e+02 -5.4866708943e-14 0.0000000000e+00 -5.4866708943e-14 1.8075782297e+02 0.0000000000e+00 0.0000000000e+00 0.0000000000e+00 1.8877606142e+01
76.30400000 1.8182047723e+02 -5.4786494456e-14 0.0000000000e+00 -5.4786494456e-14 1.8182047723e+02 0.0000000000e+00 0.0000000000e+00 0.0000000000e+00 1.8881141941e+01
76.45600000 1.8289784037e+02 -5.4786494456e-14 0.0000000000e+00 -5.4786494456e-14 1.8289784037e+02 0.0000000000e+00 0.0000000000e+00 0.0000000000e+00 1.8884686568e+01
76.60800000 1.8399019620e+02 -5.6069926244e-14 0.0000000000e+00 -5.6069926244e-14 1.8399019620e+02 0.0000000000e+00 0.0000000000e+00 0.0000000000e+00 1.8888240037e+01
76.76000000 1.8509783524e+02 -5.6069926244e-14 0.0000000000e+00 -5.6069926244e-14 1.8509783524e+02 0.0000000000e+00 0.0000000000e+00 0.0000000000e+00 1.8891802357e+01
76.91200000 1.8622105492e+02 -5.6150140731e-14 0.0000000000e+00 -5.6150140731e-14 1.8622105492e+02 0.0000000000e+00 0.0000000000e+00 0.0000000000e+00 1.8895373542e+01
77.06400000 1.8736015976e+02 -5.6069926244e-14 0.0000000000e+00 -5.6069926244e-14 1.8736015976e+02 0.0000000000e+00 0.0000000000e+00 0.0000000000e+00 1.8898953604e+01
77.21600000 1.8851546155e+02 -5.7353358033e-14 0.0000000000e+00 -5.7353358033e-14 1.8851546155e+02 0.0000000000e+00 0.0000000000e+00 0.0000000000e+00 1.8902542555e+01
77.36800000 1.8968727951e+02 -5.7433572519e-14 0.0000000000e+00 -5.7433572519e-14 1.8968727951e+02 0.0000000000e+00 0.0000000000e+00 0.0000000000e+00 1.8906140407e+01
77.52000000 1.9087594050e+02 -5.8717004308e-14 0.0000000000e+00 -5.8717004308e-14 1.9087594050e+02 0.0000000000e+00 0.0000000000e+00 0.0000000000e+00 1.8909747171e+01
77.67200000 1.9208177919e+02 -5.8636789821e-14 0.0000000000e+00 -5.8636789821e-14 1.9208177919e+02 0.0000000000e+00 0.0000000000e+00 0.0000000000e+00 1.8913362862e+01
77.82400000 1.9330513827e+02 -5.8636789821e-14 0.0000000000e+00 -5.8636789821e-14 1.9330513827e+02 0.0000000000e+00 0.0000000000e+00 0.0000000000e+00 1.8916987489e+01
77.97600000 1.9454636862e+02 -5.8636789821e-14 0.0000000000e+00 -5.8636789821e-14 1.9454636862e+02 0.0000000000e+00 0.0000000000e+00 0.0000000000e+00 1.8920621067e+01
78.12800000 1.9580582951e+02 -6.0000436096e-14 0.0000000000e+00 -6.0000436096e-14 1.9580582951e+02 0.0000000000e+00 0.0000000000e+00 0.0000000000e+00 1.8924263607e+01
78.28000000 1.9708388883e+02 -5.9920221609e-14 0.0000000000e+00 -5.9920221609e-14 1.9708388883e+02 0.0000000000e+00 0.0000000000e+00 0.0000000000e+00 1.8927915122e+01
78.43200000 1.9838092323e+02 -6.1203653397e-14 0.0000000000e+00 -6.1203653397e-14 1.9838092323e+02 0.0000000000e+00 0.0000000000e+00 0.0000000000e+00 1.8931575624e+01
78.58400000 1.9969731839e+02 -6.1203653397e-14 0.0000000000e+00 -6.1203653397e-14 1.9969731839e+02 0.0000000000e+00 0.0000000000e+00 0.0000000000e+00 1.8935245126e+01
78.73600000 2.0103346915e+02 -6.1203653397e-14 0.0000000000e+00 -6.1203653397e-14 2.0103346915e+02 0.0000000000e+00 0.0000000000e+00 0.0000000000e+00 1.8938923640e+01
78.88800000 2.0238977978e+02 -6.2487085185e-14 0.0000000000e+00 -6.2487085185e-14 2.0238977978e+02 0.0000000000e+00 0.0000000000e+00 0.0000000000e+00 1.8942611179e+01
79.04000000 2.0376666412e+02 -6.2487085185e-14 0.0000000000e+00 -6.2487085185e-14 2.0376666412e+02 0.0000000000e+00 0.0000000000e+00 0.0000000000e+00 1.8946307755e+01
79.19200000 2.0516454585e+02 -6.3850731460e-14 0.0000000000e+00 -6.3850731460e-14 2.0516454585e+02 0.0000000000e+00 0.0000000000e+00 0.0000000000e+00 1.8950013381e+01
79.34400000 2.0658385860e+02 -6.2487085185e-14 0.0000000000e+00 -6.2487085185e-14 2.0658385860e+02 0.0000000000e+00 0.0000000000e+00 0.0000000000e+00 1.8953728070e+01
79.49600000 2.0802504624e+02 -6.3770516973e-14 0.0000000000e+00 -6.3770516973e-14 2.0802504624e+02 0.0000000000e+00 0.0000000000e+00 0.0000000000e+00 1.8957451834e+01
79.64800000 2.0948856301e+02 -6.3770516973e-14 0.0000000000e+00 -6.3770516973e-14 2.0948856301e+02 0.0000000000e+00 0.0000000000e+00 0.0000000000e+00 1.8961184686e+01
79.80000000 2.1097487371e+02 -6.5053948761e-14 0.0000000000e+00 -6.5053948761e-14 2.1097487371e+02 0.0000000000e+00 0.0000000000e+00 0.0000000000e+00 1.8964926640e+01
79.95200000 2.1248445392e+02 -6.5053948761e-14 0.0000000000e+00 -6.5053948761e-14 2.1248445392e+02 0.0000000000e+00 0.0000000000e+00 0.0000000000e+00 1.8968677707e+01
80.10400000 2.1401779015e+02 -6.6337380550e-14 0.0000000000e+00 -6.6337380550e-14 2.1401779015e+02 0.0000000000e+00 0.0000000000e+00 0.0000000000e+00 1.8972437901e+01
80.25600000 2.1557538001e+02 -6.6337380550e-14 0.0000000000e+00 -6.6337380550e-14 2.1557538001e+02 0.0000000000e+00 0.0000000000e+00 0.0000000000e+00 1.8976207234e+01
80.40800000 2.1715773235e+02 -6.5053948761e-14 0.0000000000e+00 -6.5053948761e-14 2.1715773235e+02 0.0000000000e+00 0.0000000000e+00 0.0000000000e+00 1.8979985720e+01
80.56000000 2.1876536743e+02 -6.7620812338e-14 0.0000000000e+00 -6.7620812338e-14 2.1876536743e+02 0.0000000000e+00 0.0000000000e+00 0.0000000000e+00 1.8983773372e+01
80.71200000 2.2039881702e+02 -6.7701026825e-14 0.0000000000e+00 -6.7701026825e-14 2.2039881702e+02 0.0000000000e+00 0.0000000000e+00 0.0000000000e+00 1.8987570202e+01
80.86400000 2.2205862453e+02 -7.0187675914e-14 0.0000000000e+00 -7.0187675914e-14 2.2205862453e+02 0.0000000000e+00 0.0000000000e+00 0.0000000000e+00 1.8991376225e+01
81.01600000 2.2374534508e+02 -6.7620812338e-14 0.0000000000e+00 -6.7620812338e-14 2.2374534508e+02 0.0000000000e+00 0.0000000000e+00 0.0000000000e+00 1.8995191452e+01
81.16800000 2.2545954557e+02 -7.0187675914e-14 0.0000000000e+00 -7.0187675914e-14 2.2545954557e+02 0.0000000000e+00 0.0000000000e+00 0.0000000000e+00 1.8999015897e+01
81.32000000 2.2720180472e+02 -7.0187675914e-14 0.0000000000e+00 -7.0187675914e-14 2.2720180472e+02 0.0000000000e+00 0.0000000000e+00 0.0000000000e+00 1.9002849573e+01
81.47200000 2.2897271310e+02 -7.0187675914e-14 0.0000000000e+00 -7.0187675914e-14 2.2897271310e+02 0.0000000000e+00 0.0000000000e+00 0.0000000000e+00 1.9006692494e+01
81.62400000 2.3077287304e+02 -7.0187675914e-14 0.0000000000e+00 -7.0187675914e-14 2.3077287304e+02 0.0000000000e+00 0.0000000000e+00 0.0000000000e+00 1.9010544673e+01
81.77600000 2.3260289860e+02 -7.2754539490e-14 0.0000000000e+00 -7.2754539490e-14 2.3260289860e+02 0.0000000000e+00 0.0000000000e+00 0.0000000000e+00 1.9014406123e+01
81.92800000 2.3446341547e+02 -7.2834753977e-14 0.0000000000e+00 -7.2834753977e-14 2.3446341547e+02 0.0000000000e+00 0.0000000000e+00 0.0000000000e+00 1.9018276857e+01
82.08000000 2.3635506075e+02 -7.2754539490e-14 0.0000000000e+00 -7.2754539490e-14 2.3635506075e+02 0.0000000000e+00 0.0000000000e+00 0.0000000000e+00 1.9022156890e+01
82.23200000 2.3827848275e+02 -7.2754539490e-14 0.0000000000e+00 -7.2754539490e-14 2.3827848275e+02 0.0000000000e+00 0.0000000000e+00 0.0000000000e+00 1.9026046233e+01
82.38400000 2.4023434069e+02 -7.2754539490e-14 0.0000000000e+00 -7.2754539490e-14 2.4023434069e+02 0.0000000000e+00 0.0000000000e+00 0.0000000000e+00 1.9029944902e+01
82.53600000 2.4222330431e+02 -7.5321403067e-14 0.0000000000e+00 -7.5321403067e-14 2.4222330431e+02 0.0000000000e+00 0.0000000000e+00 0.0000000000e+00 1.9033852910e+01
82.68800000 2.4424605345e+02 -7.5321403067e-14 0.0000000000e+00 -7.5321403067e-14 2.4424605345e+02 0.0000000000e+00 0.0000000000e+00 0.0000000000e+00 1.9037770270e+01
82.84000000 2.4630327743e+02 -7.5321403067e-14 0.0000000000e+00 -7.5321403067e-14 2.4630327743e+02 0.0000000000e+00 0.0000000000e+00 0.0000000000e+00 1.9041696995e+01
82.99200000 2.4839567444e+02 -7.5321403067e-14 0.0000000000e+00 -7.5321403067e-14 2.4839567444e+02 0.0000000000e+00 0.0000000000e+00 0.0000000000e+00 1.9045633100e+01
83.14400000 2.5052395073e+02 -7.7888266643e-14 0.0000000000e+00 -7.7888266643e-14 2.5052395073e+02 0.0000000000e+00 0.0000000000e+00 0.0000000000e+00 1.9049578598e+01
83.29600000 2.5268881968e+02 -7.7888266643e-14 0.0000000000e+00 -7.7888266643e-14 2.5268881968e+02 0.0000000000e+00 0.0000000000e+00 0.0000000000e+00 1.9053533504e+01
83.44800000 2.5489100071e+02 -7.7888266643e-14 0.0000000000e+00 -7.7888266643e-14 2.5489100071e+02 0.0000000000e+00 0.0000000000e+00 0.0000000000e+00 1.9057497830e+01
83.60000000 2.5713121805e+02 -8.0455130219e-14 0.0000000000e+00 -8.0455130219e-14 2.5713121805e+02 0.0000000000e+00 0.0000000000e+00 0.0000000000e+00 1.9061471591e+01
83.75200000 2.5941019929e+02 -8.0455130219e-14 0.0000000000e+00 -8.0455130219e-14 2.5941019929e+02 0.0000000000e+00 0.0000000000e+00 0.0000000000e+00 1.9065454800e+01
83.90400000 2.6172867367e+02 -8.0455130219e-14 0.0000000000e+00 -8.0455130219e-14 2.6172867367e+02 0.0000000000e+00 0.0000000000e+00 0.0000000000e+00 1.9069447472e+01
84.05600000 2.6408737025e+02 -8.0455130219e-14 0.0000000000e+00 -8.0455130219e-14 2.6408737025e+02 0.0000000000e+00 0.0000000000e+00 0.0000000000e+00 1.9073449620e+01
84.20800000 2.6648701564e+02 -8.3021993795e-14 0.0000000000e+00 -8.3021993795e-14 2.6648701564e+02 0.0000000000e+00 0.0000000000e+00 0.0000000000e+00 1.9077461259e+01
84.36000000 2.6892833157e+02 -8.5588857372e-14 0.0000000000e+00 -8.5588857372e-14 2.6892833157e+02 0.0000000000e+00 0.0000000000e+00 0.0000000000e+00 1.9081482403e+01
84.51200000 2.7141203202e+02 -8.5588857372e-14 0.0000000000e+00 -8.5588857372e-14 2.7141203202e+02 0.0000000000e+00 0.0000000000e+00 0.0000000000e+00 1.9085513065e+01
84.66400000 2.7393882005e+02 -8.5588857372e-14 0.0000000000e+00 -8.5588857372e-14 2.7393882005e+02 0.0000000000e+00 0.0000000000e+00 0.0000000000e+00 1.9089553261e+01
84.81600000 2.7650938409e+02 -8.5669071859e-14 0.0000000000e+00 -8.5669071859e-14 2.7650938409e+02 0.0000000000e+00 0.0000000000e+00 0.0000000000e+00 1.9093603004e+01
84.96800000 2.7912439389e+02 -8.8155720948e-14 0.0000000000e+00 -8.8155720948e-14 2.7912439389e+02 0.0000000000e+00 0.0000000000e+00 0.0000000000e+00 1.9097662308e+01
85.12000000 2.8178449580e+02 -8.8155720948e-14 0.0000000000e+00 -8.8155720948e-14 2.8178449580e+02 0.0000000000e+00 0.0000000000e+00 0.0000000000e+00 1.9101731188e+01
85.27200000 2.8449030755e+02 -8.8155720948e-14 0.0000000000e+00 -8.8155720948e-14 2.8449030755e+02 0.0000000000e+00 0.0000000000e+00 0.0000000000e+00 1.9105809658e+01
85.42400000 2.8724241227e+02 -8.8155720948e-14 0.0000000000e+00 -8.8155720948e-14 2.8724241227e+02 0.0000000000e+00 0.0000000000e+00 0.0000000000e+00 1.9109897732e+01
85.57600000 2.9004135188e+02 -9.0722584524e-14 0.0000000000e+00 -9.0722584524e-14 2.9004135188e+02 0.0000000000e+00 0.0000000000e+00 0.0000000000e+00 1.9113995426e+01
85.72800000 2.9288761950e+02 -9.0802799011e-14 0.0000000000e+00 -9.0802799011e-14 2.9288761950e+02 0.0000000000e+00 0.0000000000e+00 0.0000000000e+00 1.9118102753e+01
85.88000000 2.9578165104e+02 -9.3289448101e-14 0.0000000000e+00 -9.3289448101e-14 2.9578165104e+02 0.0000000000e+00 0.0000000000e+00 0.0000000000e+00 1.9122219728e+01
86.03200000 2.9872381567e+02 -9.3289448101e-14 0.0000000000e+00 -9.3289448101e-14 2.9872381567e+02 0.0000000000e+00 0.0000000000e+00 0.0000000000e+00 1.9126346365e+01
86.18400000 3.0171440515e+02 -9.5856311677e-14 0.0000000000e+00 -9.5856311677e-14 3.0171440515e+02 0.0000000000e+00 0.0000000000e+00 0.0000000000e+00 1.9130482680e+01
86.33600000 3.0475362186e+02 -9.3289448101e-14 0.0000000000e+00 -9.3289448101e-14 3.0475362186e+02 0.0000000000e+00 0.0000000000e+00 0.0000000000e+00 1.9134628687e+01
86.48800000 3.0784156531e+02 -9.8423175253e-14 0.0000000000e+00 -9.8423175253e-14 3.0784156531e+02 0.0000000000e+00 0.0000000000e+00 0.0000000000e+00 1.9138784400e+01
86.64000000 3.1097821712e+02 -9.5856311677e-14 0.0000000000e+00 -9.5856311677e-14 3.1097821712e+02 0.0000000000e+00 0.0000000000e+00 0.0000000000e+00 1.9142949835e+01
86.79200000 3.1416342408e+02 -9.8423175253e-14 0.0000000000e+00 -9.8423175253e-14 3.1416342408e+02 0.0000000000e+00 0.0000000000e+00 0.0000000000e+00 1.9147125006e+01
86.94400000 3.1739687922e+02 -1.0099003883e-13 0.0000000000e+00 -1.0099003883e-13 3.1739687922e+02 0.0000000000e+00 0.0000000000e+00 0.0000000000e+00 1.9151309928e+01
87.09600000 3.2067810061e+02 -1.0099003883e-13 0.0000000000e+00 -1.0099003883e-13 3.2067810061e+02 0.0000000000e+00 0.0000000000e+00 0.0000000000e+00 1.9155504616e+01
87.24800000 3.2400640760e+02 -1.0355690241e-13 0.0000000000e+00 -1.0355690241e-13 3.2400640760e+02 0.0000000000e+00 0.0000000000e+00 0.0000000000e+00 1.9159709085e+01
87.40000000 3.2738089426e+02 -1.0363711689e-13 0.0000000000e+00 -1.0363711689e-13 3.2738089426e+02 0.0000000000e+00 0.0000000000e+00 0.0000000000e+00 1.9163923350e+01
87.55200000 3.3080039967e+02 -1.0355690241e-13 0.0000000000e+00 -1.0355690241e-13 3.3080039967e+02 0.0000000000e+00 0.0000000000e+00 0.0000000000e+00 1.9168147426e+01
87.70400000 3.3426347468e+02 -1.0612376598e-13 0.0000000000e+00 -1.0612376598e-13 3.3426347468e+02 0.0000000000e+00 0.0000000000e+00 0.0000000000e+00 1.9172381328e+01
87.85600000 3.3776834478e+02 -1.0620398047e-13 0.0000000000e+00 -1.0620398047e-13 3.3776834478e+02 0.0000000000e+00 0.0000000000e+00 0.0000000000e+00 1.9176625072e+01
88.00800000 3.4131286865e+02 -1.0869062956e-13 0.0000000000e+00 -1.0869062956e-13 3.4131286865e+02 0.0000000000e+00 0.0000000000e+00 0.0000000000e+00 1.9180878672e+01
88.16000000 3.4489449188e+02 -1.0869062956e-13 0.0000000000e+00 -1.0869062956e-13 3.4489449188e+02 0.0000000000e+00 0.0000000000e+00 0.0000000000e+00 1.9185142143e+01
88.31200000 3.4851019532e+02 -1.1125749313e-13 0.0000000000e+00 -1.1125749313e-13 3.4851019532e+02 0.0000000000e+00 0.0000000000e+00 0.0000000000e+00 1.9189415502e+01
88.46400000 3.5215643756e+02 -1.1125749313e-13 0.0000000000e+00 -1.1125749313e-13 3.5215643756e+02 0.0000000000e+00 0.0000000000e+00 0.0000000000e+00 1.9193698762e+01
88.61600000 3.5582909082e+02 -1.1382435671e-13 0.0000000000e+00 -1.1382435671e-13 3.5582909082e+02 0.0000000000e+00 0.0000000000e+00 0.0000000000e+00 1.9197991941e+01
88.76800000 3.5952336969e+02 -1.1382435671e-13 0.0000000000e+00 -1.1382435671e-13 3.5952336969e+02 0.0000000000e+00 0.0000000000e+00 0.0000000000e+00 1.9202295053e+01
88.92000000 3.6323375184e+02 -1.1382435671e-13 0.0000000000e+00 -1.1382435671e-13 3.6323375184e+02 0.0000000000e+00 0.0000000000e+00 0.0000000000e+00 1.9206608113e+01
89.07200000 3.6695389011e+02 -1.1647143477e-13 0.0000000000e+00 -1.1647143477e-13 3.6695389011e+02 0.0000000000e+00 0.0000000000e+00 0.0000000000e+00 1.9210931138e+01
89.22400000 3.7067651502e+02 -1.1903829835e-13 0.0000000000e+00 -1.1903829835e-13 3.7067651502e+02 0.0000000000e+00 0.0000000000e+00 0.0000000000e+00 1.9215264142e+01
89.37600000 3.7439332687e+02 -1.1895808386e-13 0.0000000000e+00 -1.1895808386e-13 3.7439332687e+02 0.0000000000e+00 0.0000000000e+00 0.0000000000e+00 1.9219607142e+01
89.52800000 3.7809487669e+02 -1.1895808386e-13 0.0000000000e+00 -1.1895808386e-13 3.7809487669e+02 0.0000000000e+00 0.0000000000e+00 0.0000000000e+00 1.9223960153e+01
89.68000000 3.8177043492e+02 -1.2152494744e-13 0.0000000000e+00 -1.2152494744e-13 3.8177043492e+02 0.0000000000e+00 0.0000000000e+00 0.0000000000e+00 1.9228323191e+01
89.83200000 3.8540784721e+02 -1.2152494744e-13 0.0000000000e+00 -1.2152494744e-13 3.8540784721e+02 0.0000000000e+00 0.0000000000e+00 0.0000000000e+00 1.9232696271e+01
89.98400000 3.8899337640e+02 -1.2152494744e-13 0.0000000000e+00 -1.2152494744e-13 3.8899337640e+02 0.0000000000e+00 0.0000000000e+00 0.0000000000e+00 1.9237079410e+01
90.13600000 3.9251152994e+02 -1.2409181102e-13 0.0000000000e+00 -1.2409181102e-13 3.9251152994e+02 0.0000000000e+00 0.0000000000e+00 0.0000000000e+00 1.9241472623e+01
90.28800000 3.9594487238e+02 -1.2665867459e-13 0.0000000000e+00 -1.2665867459e-13 3.9594487238e+02 0.0000000000e+00 0.0000000000e+00 0.0000000000e+00 1.9245875926e+01
90.44000000 3.9927382241e+02 -1.2665867459e-13 0.0000000000e+00 -1.2665867459e-13 3.9927382241e+02 0.0000000000e+00 0.0000000000e+00 0.0000000000e+00 1.9250289336e+01
90.59200000 4.0247643465e+02 -1.2922553817e-13 0.0000000000e+00 -1.2922553817e-13 4.0247643465e+02 0.0000000000e+00 0.0000000000e+00 0.0000000000e+00 1.9254712868e+01
90.74400000 4.0552816658e+02 -1.2930575266e-13 0.0000000000e+00 -1.2930575266e-13 4.0552816658e+02 0.0000000000e+00 0.0000000000e+00 0.0000000000e+00 1.9259146538e+01
90.89600000 4.0840163175e+02 -1.3187261623e-13 0.0000000000e+00 -1.3187261623e-13 4.0840163175e+02 0.0000000000e+00 0.0000000000e+00 0.0000000000e+00 1.9263590363e+01
91.04800000 4.1106634115e+02 -1.3179240174e-13 0.0000000000e+00 -1.3179240174e-13 4.1106634115e+02 0.0000000000e+00 0.0000000000e+00 0.0000000000e+00 1.9268044358e+01
91.20000000 4.1348843569e+02 -1.3179240174e-13 0.0000000000e+00 -1.3179240174e-13 4.1348843569e+02 0.0000000000e+00 0.0000000000e+00 0.0000000000e+00 1.9272508541e+01
91.35200000 4.1563041393e+02 -1.3179240174e-13 0.0000000000e+00 -1.3179240174e-13 4.1563041393e+02 0.0000000000e+00 0.0000000000e+00 0.0000000000e+00 1.9276982927e+01
91.50400000 4.1745086099e+02 -1.3435926532e-13 0.0000000000e+00 -1.3435926532e-13 4.1745086099e+02 0.0000000000e+00 0.0000000000e+00 0.0000000000e+00 1.9281467532e+01
91.65600000 4.1890418635e+02 -1.3179240174e-13 0.0000000000e+00 -1.3179240174e-13 4.1890418635e+02 0.0000000000e+00 0.0000000000e+00 0.0000000000e+00 1.9285962373e+01
91.80800000 4.1994038073e+02 -1.3435926532e-13 0.0000000000e+00 -1.3435926532e-13 4.1994038073e+02 0.0000000000e+00 0.0000000000e+00 0.0000000000e+00 1.9290467467e+01
91.96000000 4.2050480490e+02 -1.3179240174e-13 0.0000000000e+00 -1.3179240174e-13 4.2050480490e+02 0.0000000000e+00 0.0000000000e+00 0.0000000000e+00 1.9294982830e+01
92.11200000 4.2053802677e+02 -1.3435926532e-13 0.0000000000e+00 -1.3435926532e-13 4.2053802677e+02 0.0000000000e+00 0.0000000000e+00 0.0000000000e+00 1.9299508478e+01
92.26400000 4.1997572635e+02 -1.3435926532e-13 0.0000000000e+00 -1.3435926532e-13 4.1997572635e+02 0.0000000000e+00 0.0000000000e+00 0.0000000000e+00 1.9304044428e+01
92.41600000 4.1874869253e+02 -1.3179240174e-13 0.0000000000e+00 -1.3179240174e-13 4.1874869253e+02 0.0000000000e+00 0.0000000000e+00 0.0000000000e+00 1.9308590697e+01
92.56800000 4.1678293956e+02 -1.3179240174e-13 0.0000000000e+00 -1.3179240174e-13 4.1678293956e+02 0.0000000000e+00 0.0000000000e+00 0.0000000000e+00 1.9313147301e+01
92.72000000 4.1399997547e+02 -1.3179240174e-13 0.0000000000e+00 -1.3179240174e-13 4.1399997547e+02 0.0000000000e+00 0.0000000000e+00 0.0000000000e+00 1.9317714257e+01
92.87200000 4.1031725831e+02 -1.2922553817e-13 0.0000000000e+00 -1.2922553817e-13 4.1031725831e+02 0.0000000000e+00 0.0000000000e+00 0.0000000000e+00 1.9322291583e+01
93.02400000 4.0564887920e+02 -1.2922553817e-13 0.0000000000e+00 -1.2922553817e-13 4.0564887920e+02 0.0000000000e+00 0.0000000000e+00 0.0000000000e+00 1.9326879294e+01
93.17600000 3.9990651258e+02 -1.2665867459e-13 0.0000000000e+00 -1.2665867459e-13 3.9990651258e+02 0.0000000000e+00 0.0000000000e+00 0.0000000000e+00 1.9331477408e+01
93.32800000 3.9300067336e+02 -1.2409181102e-13 0.0000000000e+00 -1.2409181102e-13 3.9300067336e+02 0.0000000000e+00 0.0000000000e+00 0.0000000000e+00 1.9336085942e+01
93.48000000 3.8484231651e+02 -1.2152494744e-13 0.0000000000e+00 -1.2152494744e-13 3.8484231651e+02 0.0000000000e+00 0.0000000000e+00 0.0000000000e+00 1.9340704913e+01
93.63200000 3.7534480651e+02 -1.1895808386e-13 0.0000000000e+00 -1.1895808386e-13 3.7534480651e+02 0.0000000000e+00 0.0000000000e+00 0.0000000000e+00 1.9345334337e+01
93.78400000 3.6442627030e+02 -1.1639122029e-13 0.0000000000e+00 -1.1639122029e-13 3.6442627030e+02 0.0000000000e+00 0.0000000000e+00 0.0000000000e+00 1.9349974233e+01
93.93600000 3.5201232779e+02 -1.1125749313e-13 0.0000000000e+00 -1.1125749313e-13 3.5201232779e+02 0.0000000000e+00 0.0000000000e+00 0.0000000000e+00 1.9354624616e+01
94.08800000 3.3803916714e+02 -1.0869062956e-13 0.0000000000e+00 -1.0869062956e-13 3.3803916714e+02 0.0000000000e+00 0.0000000000e+00 0.0000000000e+00 1.9359285506e+01
94.24000000 3.2245689936e+02 -1.0099003883e-13 0.0000000000e+00 -1.0099003883e-13 3.2245689936e+02 0.0000000000e+00 0.0000000000e+00 0.0000000000e+00 1.9363956918e+01
94.39200000 3.0523308771e+02 -9.5856311677e-14 0.0000000000e+00 -9.5856311677e-14 3.0523308771e+02 0.0000000000e+00 0.0000000000e+00 0.0000000000e+00 1.9368638870e+01
94.54400000 2.8635630611e+02 -8.8155720948e-14 0.0000000000e+00 -8.8155720948e-14 2.8635630611e+02 0.0000000000e+00 0.0000000000e+00 0.0000000000e+00 1.9373331379e+01
94.69600000 2.6583953926e+02 -8.0455130219e-14 0.0000000000e+00 -8.0455130219e-14 2.6583953926e+02 0.0000000000e+00 0.0000000000e+00 0.0000000000e+00 1.9378034464e+01
94.84800000 2.4372320207e+02 -7.5321403067e-14 0.0000000000e+00 -7.5321403067e-14 2.4372320207e+02 0.0000000000e+00 0.0000000000e+00 0.0000000000e+00 1.9382748140e+01
95.00000000 2.2007753183e+02 -6.7620812338e-14 0.0000000000e+00 -6.7620812338e-14 2.2007753183e+02 0.0000000000e+00 0.0000000000e+00 0.0000000000e+00 1.9387472427e+01
95.15200000 1.9500410182e+02 -5.9920221609e-14 0.0000000000e+00 -5.9920221609e-14 1.9500410182e+02 0.0000000000e+00 0.0000000000e+00 0.0000000000e+00 1.9392207342e+01
95.30400000 1.6863622322e+02 -5.0936199092e-14 0.0000000000e+00 -5.0936199092e-14 1.6863622322e+02 0.0000000000e+00 0.0000000000e+00 0.0000000000e+00 1.9396952902e+01
95.45600000 1.4113804869e+02 -4.1952176575e-14 0.0000000000e+00 -4.1952176575e-14 1.4113804869e+02 0.0000000000e+00 0.0000000000e+00 0.0000000000e+00 1.9401709125e+01
95.60800000 1.1270226545e+02 -3.1684722270e-14 0.0000000000e+00 -3.1684722270e-14 1.1270226545e+02 0.0000000000e+00 0.0000000000e+00 0.0000000000e+00 1.9406476029e+01
95.76000000 8.3546363710e+01 -2.2700699753e-14 0.0000000000e+00 -2.2700699753e-14 8.3546363710e+01 0.0000000000e+00 0.0000000000e+00 0.0000000000e+00 1.9411253632e+01
95.91200000 5.3907579853e+01 -1.2433245448e-14 0.0000000000e+00 -1.2433245448e-14 5.3907579853e+01 0.0000000000e+00 0.0000000000e+00 0.0000000000e+00 1.9416041952e+01
96.06400000 2.4036730013e+01 -2.8075070366e-15 0.0000000000e+00 -2.8075070366e-15 2.4036730013e+01 0.0000000000e+00 0.0000000000e+00 0.0000000000e+00 1.9420841006e+01
96.21600000 -5.8087464927e+00 7.1390893215e-15 0.0000000000e+00 7.1390893215e-15 -5.8087464927e+00 0.0000000000e+00 0.0000000000e+00 0.0000000000e+00 1.9425650813e+01
96.36800000 -3.5372136860e+01 1.6764827733e-14 0.0000000000e+00 1.6764827733e-14 -3.5372136860e+01 0.0000000000e+00 0.0000000000e+00 0.0000000000e+00 1.9430471390e+01
96.52000000 -6.4404761125e+01 2.6711424091e-14 0.0000000000e+00 2.6711424091e-14 -6.4404761125e+01 0.0000000000e+00 0.0000000000e+00 0.0000000000e+00 1.9435302757e+01
96.67200000 -9.2672803007e+01 3.6337162502e-14 0.0000000000e+00 3.6337162502e-14 -9.2672803007e+01 0.0000000000e+00 0.0000000000e+00 0.0000000000e+00 1.9440144930e+01
96.82400000 -1.1996328079e+02 4.5321185019e-14 0.0000000000e+00 4.5321185019e-14 -1.1996328079e+02 0.0000000000e+00 0.0000000000e+00 0.0000000000e+00 1.9444997929e+01
96.97600000 -1.4608885745e+02 5.3021775748e-14 0.0000000000e+00 5.3021775748e-14 -1.4608885745e+02 0.0000000000e+00 0.0000000000e+00 0.0000000000e+00 1.9449861772e+01
97.12800000 -1.7089129674e+02 6.0722366477e-14 0.0000000000e+00 6.0722366477e-14 -1.7089129674e+02 0.0000000000e+00 0.0000000000e+00 0.0000000000e+00 1.9454736476e+01
97.28000000 -1.9424348886e+02 6.8422957205e-14 0.0000000000e+00 6.8422957205e-14 -1.9424348886e+02 0.0000000000e+00 0.0000000000e+00 0.0000000000e+00 1.9459622061e+01
97.43200000 -2.1605008040e+02 7.6123547934e-14 0.0000000000e+00 7.6123547934e-14 -2.1605008040e+02 0.0000000000e+00 0.0000000000e+00 0.0000000000e+00 1.9464518545e+01
97.58400000 -2.3624683772e+02 8.3824138663e-14 0.0000000000e+00 8.3824138663e-14 -2.3624683772e+02 0.0000000000e+00 0.0000000000e+00 0.0000000000e+00 1.9469425947e+01
97.73600000 -2.5479894157e+02 8.8957865816e-14 0.0000000000e+00 8.8957865816e-14 -2.5479894157e+02 0.0000000000e+00 0.0000000000e+00 0.0000000000e+00 1.9474344284e+01
97.88800000 -2.7169845177e+02 9.4091592968e-14 0.0000000000e+00 9.4091592968e-14 -2.7169845177e+02 0.0000000000e+00 0.0000000000e+00 0.0000000000e+00 1.9479273576e+01
98.04000000 -2.8696119420e+02 1.0179218370e-13 0.0000000000e+00 1.0179218370e-13 -2.8696119420e+02 0.0000000000e+00 0.0000000000e+00 0.0000000000e+00 1.9484213842e+01
98.19200000 -3.0062331306e+02 1.0435904727e-13 0.0000000000e+00 1.0435904727e-13 -3.0062331306e+02 0.0000000000e+00 0.0000000000e+00 0.0000000000e+00 1.9489165100e+01
98.34400000 -3.1273770462e+02 1.0949277443e-13 0.0000000000e+00 1.0949277443e-13 -3.1273770462e+02 0.0000000000e+00 0.0000000000e+00 0.0000000000e+00 1.9494127369e+01
98.49600000 -3.2337051191e+02 1.1205963800e-13 0.0000000000e+00 1.1205963800e-13 -3.2337051191e+02 0.0000000000e+00 0.0000000000e+00 0.0000000000e+00 1.9499100668e+01
98.64800000 -3.3259781808e+02 1.1462650158e-13 0.0000000000e+00 1.1462650158e-13 -3.3259781808e+02 0.0000000000e+00 0.0000000000e+00 0.0000000000e+00 1.9504085016e+01
98.80000000 -3.4050263466e+02 1.1719336515e-13 0.0000000000e+00 1.1719336515e-13 -3.4050263466e+02 0.0000000000e+00 0.0000000000e+00 0.0000000000e+00 1.9509080432e+01
98.95200000 -3.4717224353e+02 1.1976022873e-13 0.0000000000e+00 1.1976022873e-13 -3.4717224353e+02 0.0000000000e+00 0.0000000000e+00 0.0000000000e+00 1.9514086935e+01
99.10400000 -3.5269591950e+02 1.2232709231e-13 0.0000000000e+00 1.2232709231e-13 -3.5269591950e+02 0.0000000000e+00 0.0000000000e+00 0.0000000000e+00 1.9519104544e+01
99.25600000 -3.5716303501e+02 1.2489395588e-13 0.0000000000e+00 1.2489395588e-13 -3.5716303501e+02 0.0000000000e+00 0.0000000000e+00 0.0000000000e+00 1.9524133278e+01
99.40800000 -3.6066153026e+02 1.2489395588e-13 0.0000000000e+00 1.2489395588e-13 -3.6066153026e+02 0.0000000000e+00 0.0000000000e+00 0.0000000000e+00 1.9529173158e+01
99.56000000 -3.6327671929e+02 1.2489395588e-13 0.0000000000e+00 1.2489395588e-13 -3.6327671929e+02 0.0000000000e+00 0.0000000000e+00 0.0000000000e+00 1.9534224201e+01
99.71200000 -3.6509039532e+02 1.2754103395e-13 0.0000000000e+00 1.2754103395e-13 -3.6509039532e+02 0.0000000000e+00 0.0000000000e+00 0.0000000000e+00 1.9539286428e+01
99.86400000 -3.6618019545e+02 1.2489395588e-13 0.0000000000e+00 1.2489395588e-13 -3.6618019545e+02 0.0000000000e+00 0.0000000000e+00 0.0000000000e+00 1.9544359857e+01
100.01600000 -3.6661918422e+02 1.2489395588e-13 0.0000000000e+00 1.2489395588e-13 -3.6661918422e+02 0.0000000000e+00 0.0000000000e+00 0.0000000000e+00 1.9549444509e+01
100.16800000 -3.6647561775e+02 1.2746081946e-13 0.0000000000e+00 1.2746081946e-13 -3.6647561775e+02 0.0000000000e+00 0.0000000000e+00 0.0000000000e+00 1.9554540402e+01
100.32000000 -3.6581285318e+02 1.2754103395e-13 0.0000000000e+00 1.2754103395e-13 -3.6581285318e+02 0.0000000000e+00 0.0000000000e+00 0.0000000000e+00 1.9559647558e+01
100.47200000 -3.6468937198e+02 1.2746081946e-13 0.0000000000e+00 1.2746081946e-13 -3.6468937198e+02 0.0000000000e+00 0.0000000000e+00 0.0000000000e+00 1.9564765994e+01
100.62400000 -3.6315889002e+02 1.2489395588e-13 0.0000000000e+00 1.2489395588e-13 -3.6315889002e+02 0.0000000000e+00 0.0000000000e+00 0.0000000000e+00 1.9569895732e+01
100.77600000 -3.6127053147e+02 1.2489395588e-13 0.0000000000e+00 1.2489395588e-13 -3.6127053147e+02 0.0000000000e+00 0.0000000000e+00 0.0000000000e+00 1.9575036790e+01
100.92800000 -3.5906904736e+02 1.2489395588e-13 0.0000000000e+00 1.2489395588e-13 -3.5906904736e+02 0.0000000000e+00 0.0000000000e+00 0.0000000000e+00 1.9580189189e+01
101.08000000 -3.5659506338e+02 1.2232709231e-13 0.0000000000e+00 1.2232709231e-13 -3.5659506338e+02 0.0000000000e+00 0.0000000000e+00 0.0000000000e+00 1.9585352949e+01
101.23200000 -3.5388534457e+02 1.1976022873e-13 0.0000000000e+00 1.1976022873e-13 -3.5388534457e+02 0.0000000000e+00 0.0000000000e+00 0.0000000000e+00 1.9590528089e+01
101.38400000 -3.5097306719e+02 1.1976022873e-13 0.0000000000e+00 1.1976022873e-13 -3.5097306719e+02 0.0000000000e+00 0.0000000000e+00 0.0000000000e+00 1.9595714630e+01
101.53600000 -3.4788809044e+02 1.1976022873e-13 0.0000000000e+00 1.1976022873e-13 -3.4788809044e+02 0.0000000000e+00 0.0000000000e+00 0.0000000000e+00 1.9600912592e+01
101.68800000 -3.4465722252e+02 1.1719336515e-13 0.0000000000e+00 1.1719336515e-13 -3.4465722252e+02 0.0000000000e+00 0.0000000000e+00 0.0000000000e+00 1.9606121995e+01
101.84000000 -3.4130447715e+02 1.1719336515e-13 0.0000000000e+00 1.1719336515e-13 -3.4130447715e+02 0.0000000000e+00 0.0000000000e+00 0.0000000000e+00 1.9611342860e+01
101.99200000 -3.3785131779e+02 1.1462650158e-13 0.0000000000e+00 1.1462650158e-13 -3.3785131779e+02 0.0000000000e+00 0.0000000000e+00 0.0000000000e+00 1.9616575206e+01
102.14400000 -3.3431688784e+02 1.1470671607e-13 0.0000000000e+00 1.1470671607e-13 -3.3431688784e+02 0.0000000000e+00 0.0000000000e+00 0.0000000000e+00 1.9621819054e+01
102.29600000 -3.3071822589e+02 1.1470671607e-13 0.0000000000e+00 1.1470671607e-13 -3.3071822589e+02 0.0000000000e+00 0.0000000000e+00 0.0000000000e+00 1.9627074425e+01
102.44800000 -3.2707046564e+02 1.1205963800e-13 0.0000000000e+00 1.1205963800e-13 -3.2707046564e+02 0.0000000000e+00 0.0000000000e+00 0.0000000000e+00 1.9632341339e+01
102.60000000 -3.2338702044e+02 1.1213985249e-13 0.0000000000e+00 1.1213985249e-13 -3.2338702044e+02 0.0000000000e+00 0.0000000000e+00 0.0000000000e+00 1.9637619816e+01
102.75200000 -3.1967975297e+02 1.0949277443e-13 0.0000000000e+00 1.0949277443e-13 -3.1967975297e+02 0.0000000000e+00 0.0000000000e+00 0.0000000000e+00 1.9642909878e+01
102.90400000 -3.1595913047e+02 1.0949277443e-13 0.0000000000e+00 1.0949277443e-13 -3.1595913047e+02 0.0000000000e+00 0.0000000000e+00 0.0000000000e+00 1.9648211545e+01
103.05600000 -3.1223436640e+02 1.0949277443e-13 0.0000000000e+00 1.0949277443e-13 -3.1223436640e+02 0.0000000000e+00 0.0000000000e+00 0.0000000000e+00 1.9653524838e+01
103.20800000 -3.0851354919e+02 1.0700612534e-13 0.0000000000e+00 1.0700612534e-13 -3.0851354919e+02 0.0000000000e+00 0.0000000000e+00 0.0000000000e+00 1.9658849777e+01
103.36000000 -3.0480375914e+02 1.0692591085e-13 0.0000000000e+00 1.0692591085e-13 -3.0480375914e+02 0.0000000000e+00 0.0000000000e+00 0.0000000000e+00 1.9664186385e+01
103.51200000 -3.0111117413e+02 1.0443926176e-13 0.0000000000e+00 1.0443926176e-13 -3.0111117413e+02 0.0000000000e+00 0.0000000000e+00 0.0000000000e+00 1.9669534680e+01
103.66400000 -2.9744116517e+02 1.0435904727e-13 0.0000000000e+00 1.0435904727e-13 -2.9744116517e+02 0.0000000000e+00 0.0000000000e+00 0.0000000000e+00 1.9674894686e+01
103.81600000 -2.9379838260e+02 1.0435904727e-13 0.0000000000e+00 1.0435904727e-13 -2.9379838260e+02 0.0000000000e+00 0.0000000000e+00 0.0000000000e+00 1.9680266422e+01
103.96800000 -2.9018683373e+02 1.0187239818e-13 0.0000000000e+00 1.0187239818e-13 -2.9018683373e+02 0.0000000000e+00 0.0000000000e+00 0.0000000000e+00 1.9685649911e+01
104.12000000 -2.8660995259e+02 9.9225320121e-14 0.0000000000e+00 9.9225320121e-14 -2.8660995259e+02 0.0000000000e+00 0.0000000000e+00 0.0000000000e+00 1.9691045172e+01
104.27200000 -2.8307066277e+02 9.6738671031e-14 0.0000000000e+00 9.6738671031e-14 -2.8307066277e+02 0.0000000000e+00 0.0000000000e+00 0.0000000000e+00 1.9696452229e+01
104.42400000 -2.7957143369e+02 9.6738671031e-14 0.0000000000e+00 9.6738671031e-14 -2.7957143369e+02 0.0000000000e+00 0.0000000000e+00 0.0000000000e+00 1.9701871101e+01
104.57600000 -2.7611433117e+02 9.6658456545e-14 0.0000000000e+00 9.6658456545e-14 -2.7611433117e+02 0.0000000000e+00 0.0000000000e+00 0.0000000000e+00 1.9707301811e+01
104.72800000 -2.7270106271e+02 9.6738671031e-14 0.0000000000e+00 9.6738671031e-14 -2.7270106271e+02 0.0000000000e+00 0.0000000000e+00 0.0000000000e+00 1.9712744380e+01
104.88000000 -2.6933301807e+02 9.6658456545e-14 0.0000000000e+00 9.6658456545e-14 -2.6933301807e+02 0.0000000000e+00 0.0000000000e+00 0.0000000000e+00 1.9718198829e+01
105.03200000 -2.6601130562e+02 9.4091592968e-14 0.0000000000e+00 9.4091592968e-14 -2.6601130562e+02 0.0000000000e+00 0.0000000000e+00 0.0000000000e+00 1.9723665181e+01
105.18400000 -2.6273678479e+02 9.1524729392e-14 0.0000000000e+00 9.1524729392e-14 -2.6273678479e+02 0.0000000000e+00 0.0000000000e+00 0.0000000000e+00 1.9729143457e+01
105.33600000 -2.5951009523e+02 9.1524729392e-14 0.0000000000e+00 9.1524729392e-14 -2.5951009523e+02 0.0000000000e+00 0.0000000000e+00 0.0000000000e+00 1.9734633678e+01
105.48800000 -2.5633168271e+02 9.1524729392e-14 0.0000000000e+00 9.1524729392e-14 -2.5633168271e+02 0.0000000000e+00 0.0000000000e+00 0.0000000000e+00 1.9740135868e+01
105.64000000 -2.5320182241e+02 8.8957865816e-14 0.0000000000e+00 8.8957865816e-14 -2.5320182241e+02 0.0000000000e+00 0.0000000000e+00 0.0000000000e+00 1.9745650047e+01
105.79200000 -2.5012063963e+02 8.8957865816e-14 0.0000000000e+00 8.8957865816e-14 -2.5012063963e+02 0.0000000000e+00 0.0000000000e+00 0.0000000000e+00 1.9751176237e+01
105.94400000 -2.4708812833e+02 8.6391002239e-14 0.0000000000e+00 8.6391002239e-14 -2.4708812833e+02 0.0000000000e+00 0.0000000000e+00 0.0000000000e+00 1.9756714462e+01
106.09600000 -2.4410416763e+02 8.6471216726e-14 0.0000000000e+00 8.6471216726e-14 -2.4410416763e+02 0.0000000000e+00 0.0000000000e+00 0.0000000000e+00 1.9762264742e+01
106.24800000 -2.4116853658e+02 8.6391002239e-14 0.0000000000e+00 8.6391002239e-14 -2.4116853658e+02 0.0000000000e+00 0.0000000000e+00 0.0000000000e+00 1.9767827101e+01
106.40000000 -2.3828092732e+02 8.3824138663e-14 0.0000000000e+00 8.3824138663e-14 -2.3828092732e+02 0.0000000000e+00 0.0000000000e+00 0.0000000000e+00 1.9773401560e+01
106.55200000 -2.3544095675e+02 8.3824138663e-14 0.0000000000e+00 8.3824138663e-14 -2.3544095675e+02 0.0000000000e+00 0.0000000000e+00 0.0000000000e+00 1.9778988142e+01
106.70400000 -2.3264817699e+02 8.3824138663e-14 0.0000000000e+00 8.3824138663e-14 -2.3264817699e+02 0.0000000000e+00 0.0000000000e+00 0.0000000000e+00 1.9784586870e+01
106.85600000 -2.2990208469e+02 8.1257275087e-14 0.0000000000e+00 8.1257275087e-14 -2.2990208469e+02 0.0000000000e+00 0.0000000000e+00 0.0000000000e+00 1.9790197765e+01
107.00800000 -2.2720212925e+02 8.1257275087e-14 0.0000000000e+00 8.1257275087e-14 -2.2720212925e+02 0.0000000000e+00 0.0000000000e+00 0.0000000000e+00 1.9795820851e+01
107.16000000 -2.2454772022e+02 8.1257275087e-14 0.0000000000e+00 8.1257275087e-14 -2.2454772022e+02 0.0000000000e+00 0.0000000000e+00 0.0000000000e+00 1.9801456150e+01
107.31200000 -2.2193823380e+02 7.8690411511e-14 0.0000000000e+00 7.8690411511e-14 -2.2193823380e+02 0.0000000000e+00 0.0000000000e+00 0.0000000000e+00 1.9807103685e+01
107.46400000 -2.1937301861e+02 7.8690411511e-14 0.0000000000e+00 7.8690411511e-14 -2.1937301861e+02 0.0000000000e+00 0.0000000000e+00 0.0000000000e+00 1.9812763479e+01
107.61600000 -2.1685140087e+02 7.6203762421e-14 0.0000000000e+00 7.6203762421e-14 -2.1685140087e+02 0.0000000000e+00 0.0000000000e+00 0.0000000000e+00 1.9818435554e+01
107.76800000 -2.1437268894e+02 7.6123547934e-14 0.0000000000e+00 7.6123547934e-14 -2.1437268894e+02 0.0000000000e+00 0.0000000000e+00 0.0000000000e+00 1.9824119933e+01
107.92000000 -2.1193617733e+02 7.3556684358e-14 0.0000000000e+00 7.3556684358e-14 -2.1193617733e+02 0.0000000000e+00 0.0000000000e+00 0.0000000000e+00 1.9829816641e+01
108.07200000 -2.0954115026e+02 7.3636898845e-14 0.0000000000e+00 7.3636898845e-14 -2.0954115026e+02 0.0000000000e+00 0.0000000000e+00 0.0000000000e+00 1.9835525699e+01
108.22400000 -2.0718688481e+02 7.3556684358e-14 0.0000000000e+00 7.3556684358e-14 -2.0718688481e+02 0.0000000000e+00 0.0000000000e+00 0.0000000000e+00 1.9841247130e+01
108.37600000 -2.0487265368e+02 7.1070035268e-14 0.0000000000e+00 7.1070035268e-14 -2.0487265368e+02 0.0000000000e+00 0.0000000000e+00 0.0000000000e+00 1.9846980959e+01
108.52800000 -2.0259772759e+02 7.0989820782e-14 0.0000000000e+00 7.0989820782e-14 -2.0259772759e+02 0.0000000000e+00 0.0000000000e+00 0.0000000000e+00 1.9852727209e+01
108.68000000 -2.0036137745e+02 7.1070035268e-14 0.0000000000e+00 7.1070035268e-14 -2.0036137745e+02 0.0000000000e+00 0.0000000000e+00 0.0000000000e+00 1.9858485902e+01
108.83200000 -1.9816287618e+02 7.1070035268e-14 0.0000000000e+00 7.1070035268e-14 -1.9816287618e+02 0.0000000000e+00 0.0000000000e+00 0.0000000000e+00 1.9864257063e+01
108.98400000 -1.9600150036e+02 7.0989820782e-14 0.0000000000e+00 7.0989820782e-14 -1.9600150036e+02 0.0000000000e+00 0.0000000000e+00 0.0000000000e+00 1.9870040715e+01
109.13600000 -1.9387653163e+02 6.8503171692e-14 0.0000000000e+00 6.8503171692e-14 -1.9387653163e+02 0.0000000000e+00 0.0000000000e+00 0.0000000000e+00 1.9875836881e+01
109.28800000 -1.9178725790e+02 6.8422957205e-14 0.0000000000e+00 6.8422957205e-14 -1.9178725790e+02 0.0000000000e+00 0.0000000000e+00 0.0000000000e+00 1.9881645585e+01
109.44000000 -1.8973297441e+02 6.8422957205e-14 0.0000000000e+00 6.8422957205e-14 -1.8973297441e+02 0.0000000000e+00 0.0000000000e+00 0.0000000000e+00 1.9887466852e+01
109.59200000 -1.8771298464e+02 6.7219739904e-14 0.0000000000e+00 6.7219739904e-14 -1.8771298464e+02 0.0000000000e+00 0.0000000000e+00 0.0000000000e+00 1.9893300705e+01
109.74400000 -1.8572660103e+02 6.7139525417e-14 0.0000000000e+00 6.7139525417e-14 -1.8572660103e+02 0.0000000000e+00 0.0000000000e+00 0.0000000000e+00 1.9899147167e+01
109.89600000 -1.8377314567e+02 6.5856093629e-14 0.0000000000e+00 6.5856093629e-14 -1.8377314567e+02 0.0000000000e+00 0.0000000000e+00 0.0000000000e+00 1.9905006263e+01
110.04800000 -1.8185195081e+02 6.4652876328e-14 0.0000000000e+00 6.4652876328e-14 -1.8185195081e+02 0.0000000000e+00 0.0000000000e+00 0.0000000000e+00 1.9910878018e+01
110.20000000 -1.7996235933e+02 6.4652876328e-14 0.0000000000e+00 6.4652876328e-14 -1.7996235933e+02 0.0000000000e+00 0.0000000000e+00 0.0000000000e+00 1.9916762454e+01
110.35200000 -1.7810372505e+02 6.4572661841e-14 0.0000000000e+00 6.4572661841e-14 -1.7810372505e+02 0.0000000000e+00 0.0000000000e+00 0.0000000000e+00 1.9922659597e+01
110.50400000 -1.7627541307e+02 6.4572661841e-14 0.0000000000e+00 6.4572661841e-14 -1.7627541307e+02 0.0000000000e+00 0.0000000000e+00 0.0000000000e+00 1.9928569471e+01
110.65600000 -1.7447679995e+02 6.2086012751e-14 0.0000000000e+00 6.2086012751e-14 -1.7447679995e+02 0.0000000000e+00 0.0000000000e+00 0.0000000000e+00 1.9934492100e+01
110.80800000 -1.7270727388e+02 6.3289230053e-14 0.0000000000e+00 6.3289230053e-14 -1.7270727388e+02 0.0000000000e+00 0.0000000000e+00 0.0000000000e+00 1.9940427509e+01
110.96000000 -1.7096623481e+02 6.2086012751e-14 0.0000000000e+00 6.2086012751e-14 -1.7096623481e+02 0.0000000000e+00 0.0000000000e+00 0.0000000000e+00 1.9946375722e+01
111.11200000 -1.6925309447e+02 6.2086012751e-14 0.0000000000e+00 6.2086012751e-14 -1.6925309447e+02 0.0000000000e+00 0.0000000000e+00 0.0000000000e+00 1.9952336764e+01
111.26400000 -1.6756727642e+02 6.0802580963e-14 0.0000000000e+00 6.0802580963e-14 -1.6756727642e+02 0.0000000000e+00 0.0000000000e+00 0.0000000000e+00 1.9958310659e+01
111.41600000 -1.6590821605e+02 6.0802580963e-14 0.0000000000e+00 6.0802580963e-14 -1.6590821605e+02 0.0000000000e+00 0.0000000000e+00 0.0000000000e+00 1.9964297433e+01
111.56800000 -1.6427536050e+02 5.9438934688e-14 0.0000000000e+00 5.9438934688e-14 -1.6427536050e+02 0.0000000000e+00 0.0000000000e+00 0.0000000000e+00 1.9970297111e+01
111.72000000 -1.6266816864e+02 5.9519149175e-14 0.0000000000e+00 5.9519149175e-14 -1.6266816864e+02 0.0000000000e+00 0.0000000000e+00 0.0000000000e+00 1.9976309717e+01
111.87200000 -1.6108611091e+02 5.8235717387e-14 0.0000000000e+00 5.8235717387e-14 -1.6108611091e+02 0.0000000000e+00 0.0000000000e+00 0.0000000000e+00 1.9982335276e+01
112.02400000 -1.5952866929e+02 5.6872071112e-14 0.0000000000e+00 5.6872071112e-14 -1.5952866929e+02 0.0000000000e+00 0.0000000000e+00 0.0000000000e+00 1.9988373813e+01
112.17600000 -1.5799533709e+02 5.6952285599e-14 0.0000000000e+00 5.6952285599e-14 -1.5799533709e+02 0.0000000000e+00 0.0000000000e+00 0.0000000000e+00 1.9994425355e+01
112.32800000 -1.5648561888e+02 5.6952285599e-14 0.0000000000e+00 5.6952285599e-14 -1.5648561888e+02 0.0000000000e+00 0.0000000000e+00 0.0000000000e+00 2.0000489925e+01
112.48000000 -1.5499903026e+02 5.6952285599e-14 0.0000000000e+00 5.6952285599e-14 -1.5499903026e+02 0.0000000000e+00 0.0000000000e+00 0.0000000000e+00 2.0006567550e+01
112.63200000 -1.5353509776e+02 5.5668853811e-14 0.0000000000e+00 5.5668853811e-14 -1.5353509776e+02 0.0000000000e+00 0.0000000000e+00 0.0000000000e+00 2.0012658255e+01
112.78400000 -1.5209335861e+02 5.5668853811e-14 0.0000000000e+00 5.5668853811e-14 -1.5209335861e+02 0.0000000000e+00 0.0000000000e+00 0.0000000000e+00 2.0018762065e+01
112.93600000 -1.5067336060e+02 5.5588639324e-14 0.0000000000e+00 5.5588639324e-14 -1.5067336060e+02 0.0000000000e+00 0.0000000000e+00 0.0000000000e+00 2.0024879007e+01
113.08800000 -1.4927466185e+02 5.4385422023e-14 0.0000000000e+00 5.4385422023e-14 -1.4927466185e+02 0.0000000000e+00 0.0000000000e+00 0.0000000000e+00 2.0031009105e+01
113.24000000 -1.4789683065e+02 5.3101990234e-14 0.0000000000e+00 5.3101990234e-14 -1.4789683065e+02 0.0000000000e+00 0.0000000000e+00 0.0000000000e+00 2.0037152386e+01
113.39200000 -1.4653944525e+02 5.4385422023e-14 0.0000000000e+00 5.4385422023e-14 -1.4653944525e+02 0.0000000000e+00 0.0000000000e+00 0.0000000000e+00 2.0043308875e+01
113.54400000 -1.4520209364e+02 5.3021775748e-14 0.0000000000e+00 5.3021775748e-14 -1.4520209364e+02 0.0000000000e+00 0.0000000000e+00 0.0000000000e+00 2.0049478599e+01
113.69600000 -1.4388437341e+02 5.3021775748e-14 0.0000000000e+00 5.3021775748e-14 -1.4388437341e+02 0.0000000000e+00 0.0000000000e+00 0.0000000000e+00 2.0055661583e+01
113.84800000 -1.4258589148e+02 5.3021775748e-14 0.0000000000e+00 5.3021775748e-14 -1.4258589148e+02 0.0000000000e+00 0.0000000000e+00 0.0000000000e+00 2.0061857854e+01
114.00000000 -1.4130626392e+02 5.1818558446e-14 0.0000000000e+00 5.1818558446e-14 -1.4130626392e+02 0.0000000000e+00 0.0000000000e+00 0.0000000000e+00 2.0068067438e+01
114.15200000 -1.4004511577e+02 5.1738343960e-14 0.0000000000e+00 5.1738343960e-14 -1.4004511577e+02 0.0000000000e+00 0.0000000000e+00 0.0000000000e+00 2.0074290361e+01
114.30400000 -1.3880208083e+02 5.1818558446e-14 0.0000000000e+00 5.1818558446e-14 -1.3880208083e+02 0.0000000000e+00 0.0000000000e+00 0.0000000000e+00 2.0080526649e+01
114.45600000 -1.3757680144e+02 5.0454912171e-14 0.0000000000e+00 5.0454912171e-14 -1.3757680144e+02 0.0000000000e+00 0.0000000000e+00 0.0000000000e+00 2.0086776330e+01
114.60800000 -1.3636892829e+02 5.0454912171e-14 0.0000000000e+00 5.0454912171e-14 -1.3636892829e+02 0.0000000000e+00 0.0000000000e+00 0.0000000000e+00 2.0093039429e+01
114.76000000 -1.3517812027e+02 5.0535126658e-14 0.0000000000e+00 5.0535126658e-14 -1.3517812027e+02 0.0000000000e+00 0.0000000000e+00 0.0000000000e+00 2.0099315974e+01
114.91200000 -1.3400404419e+02 5.0535126658e-14 0.0000000000e+00 5.0535126658e-14 -1.3400404419e+02 0.0000000000e+00 0.0000000000e+00 0.0000000000e+00 2.0105605991e+01
115.06400000 -1.3284637468e+02 4.9171480383e-14 0.0000000000e+00 4.9171480383e-14 -1.3284637468e+02 0.0000000000e+00 0.0000000000e+00 0.0000000000e+00 2.0111909506e+01
115.21600000 -1.3170479395e+02 4.9171480383e-14 0.0000000000e+00 4.9171480383e-14 -1.3170479395e+02 0.0000000000e+00 0.0000000000e+00 0.0000000000e+00 2.0118226548e+01
115.36800000 -1.3057899161e+02 4.9171480383e-14 0.0000000000e+00 4.9171480383e-14 -1.3057899161e+02 0.0000000000e+00 0.0000000000e+00 0.0000000000e+00 2.0124557142e+01
115.52000000 -1.2946866450e+02 4.9251694870e-14 0.0000000000e+00 4.9251694870e-14 -1.2946866450e+02 0.0000000000e+00 0.0000000000e+00 0.0000000000e+00 2.0130901316e+01
115.67200000 -1.2837351651e+02 4.7888048595e-14 0.0000000000e+00 4.7888048595e-14 -1.2837351651e+02 0.0000000000e+00 0.0000000000e+00 0.0000000000e+00 2.0137259097e+01
115.82400000 -1.2729325842e+02 4.7968263082e-14 0.0000000000e+00 4.7968263082e-14 -1.2729325842e+02 0.0000000000e+00 0.0000000000e+00 0.0000000000e+00 2.0143630512e+01
115.97600000 -1.2622760769e+02 4.6604616807e-14 0.0000000000e+00 4.6604616807e-14 -1.2622760769e+02 0.0000000000e+00 0.0000000000e+00 0.0000000000e+00 2.0150015590e+01
116.12800000 -1.2517628833e+02 4.6684831294e-14 0.0000000000e+00 4.6684831294e-14 -1.2517628833e+02 0.0000000000e+00 0.0000000000e+00 0.0000000000e+00 2.0156414356e+01
116.28000000 -1.2413903073e+02 4.6604616807e-14 0.0000000000e+00 4.6604616807e-14 -1.2413903073e+02 0.0000000000e+00 0.0000000000e+00 0.0000000000e+00 2.0162826839e+01
116.43200000 -1.2311557147e+02 4.5401399506e-14 0.0000000000e+00 4.5401399506e-14 -1.2311557147e+02 0.0000000000e+00 0.0000000000e+00 0.0000000000e+00 2.0169253067e+01
116.58400000 -1.2210565320e+02 4.5401399506e-14 0.0000000000e+00 4.5401399506e-14 -1.2210565320e+02 0.0000000000e+00 0.0000000000e+00 0.0000000000e+00 2.0175693067e+01
116.73600000 -1.2110902448e+02 4.5321185019e-14 0.0000000000e+00 4.5321185019e-14 -1.2110902448e+02 0.0000000000e+00 0.0000000000e+00 0.0000000000e+00 2.0182146866e+01
116.88800000 -1.2012543961e+02 4.4037753231e-14 0.0000000000e+00 4.4037753231e-14 -1.2012543961e+02 0.0000000000e+00 0.0000000000e+00 0.0000000000e+00 2.0188614493e+01
117.04000000 -1.1915465850e+02 4.4037753231e-14 0.0000000000e+00 4.4037753231e-14 -1.1915465850e+02 0.0000000000e+00 0.0000000000e+00 0.0000000000e+00 2.0195095977e+01
117.19200000 -1.1819644653e+02 4.4117967717e-14 0.0000000000e+00 4.4117967717e-14 -1.1819644653e+02 0.0000000000e+00 0.0000000000e+00 0.0000000000e+00 2.0201591344e+01
117.34400000 -1.1725057440e+02 4.4037753231e-14 0.0000000000e+00 4.4037753231e-14 -1.1725057440e+02 0.0000000000e+00 0.0000000000e+00 0.0000000000e+00 2.0208100623e+01
117.49600000 -1.1631681800e+02 4.2834535929e-14 0.0000000000e+00 4.2834535929e-14 -1.1631681800e+02 0.0000000000e+00 0.0000000000e+00 0.0000000000e+00 2.0214623843e+01
117.64800000 -1.1539495827e+02 4.4037753231e-14 0.0000000000e+00 4.4037753231e-14 -1.1539495827e+02 0.0000000000e+00 0.0000000000e+00 0.0000000000e+00 2.0221161031e+01
117.80000000 -1.1448478111e+02 4.2834535929e-14 0.0000000000e+00 4.2834535929e-14 -1.1448478111e+02 0.0000000000e+00 0.0000000000e+00 0.0000000000e+00 2.0227712217e+01
117.95200000 -1.1358607717e+02 4.2754321443e-14 0.0000000000e+00 4.2754321443e-14 -1.1358607717e+02 0.0000000000e+00 0.0000000000e+00 0.0000000000e+00 2.0234277429e+01
118.10400000 -1.1269864184e+02 4.1470889654e-14 0.0000000000e+00 4.1470889654e-14 -1.1269864184e+02 0.0000000000e+00 0.0000000000e+00 0.0000000000e+00 2.0240856695e+01
118.25600000 -1.1182227502e+02 4.1470889654e-14 0.0000000000e+00 4.1470889654e-14 -1.1182227502e+02 0.0000000000e+00 0.0000000000e+00 0.0000000000e+00 2.0247450044e+01
118.40800000 -1.1095678108e+02 4.2834535929e-14 0.0000000000e+00 4.2834535929e-14 -1.1095678108e+02 0.0000000000e+00 0.0000000000e+00 0.0000000000e+00 2.0254057505e+01
118.56000000 -1.1010196873e+02 4.1470889654e-14 0.0000000000e+00 4.1470889654e-14 -1.1010196873e+02 0.0000000000e+00 0.0000000000e+00 0.0000000000e+00 2.0260679107e+01
118.71200000 -1.0925765088e+02 4.1470889654e-14 0.0000000000e+00 4.1470889654e-14 -1.0925765088e+02 0.0000000000e+00 0.0000000000e+00 0.0000000000e+00 2.0267314880e+01
118.86400000 -1.0842364457e+02 4.0187457866e-14 0.0000000000e+00 4.0187457866e-14 -1.0842364457e+02 0.0000000000e+00 0.0000000000e+00 0.0000000000e+00 2.0273964851e+01
119.01600000 -1.0759977084e+02 4.0267672353e-14 0.0000000000e+00 4.0267672353e-14 -1.0759977084e+02 0.0000000000e+00 0.0000000000e+00 0.0000000000e+00 2.0280629051e+01
119.16800000 -1.0678585465e+02 4.0267672353e-14 0.0000000000e+00 4.0267672353e-14 -1.0678585465e+02 0.0000000000e+00 0.0000000000e+00 0.0000000000e+00 2.0287307509e+01
119.32000000 -1.0598172477e+02 4.0267672353e-14 0.0000000000e+00 4.0267672353e-14 -1.0598172477e+02 0.0000000000e+00 0.0000000000e+00 0.0000000000e+00 2.0294000253e+01
119.47200000 -1.0518721366e+02 4.0187457866e-14 0.0000000000e+00 4.0187457866e-14 -1.0518721366e+02 0.0000000000e+00 0.0000000000e+00 0.0000000000e+00 2.0300707315e+01
119.62400000 -1.0440215743e+02 3.8904026078e-14 0.0000000000e+00 3.8904026078e-14 -1.0440215743e+02 0.0000000000e+00 0.0000000000e+00 0.0000000000e+00 2.0307428723e+01
119.77600000 -1.0362639571e+02 4.0267672353e-14 0.0000000000e+00 4.0267672353e-14 -1.0362639571e+02 0.0000000000e+00 0.0000000000e+00 0.0000000000e+00 2.0314164507e+01
119.92800000 -1.0285977156e+02 3.8904026078e-14 0.0000000000e+00 3.8904026078e-14 -1.0285977156e+02 0.0000000000e+00 0.0000000000e+00 0.0000000000e+00 2.0320914696e+01
120.08000000 -1.0210213141e+02 3.8904026078e-14 0.0000000000e+00 3.8904026078e-14 -1.0210213141e+02 0.0000000000e+00 0.0000000000e+00 0.0000000000e+00 2.0327679322e+01
120.23200000 -1.0135332495e+02 3.8984240565e-14 0.0000000000e+00 3.8984240565e-14 -1.0135332495e+02 0.0000000000e+00 0.0000000000e+00 0.0000000000e+00 2.0334458413e+01
120.38400000 -1.0061320506e+02 3.7700808777e-14 0.0000000000e+00 3.7700808777e-14 -1.0061320506e+02 0.0000000000e+00 0.0000000000e+00 0.0000000000e+00 2.0341252000e+01
120.53600000 -9.9881627726e+01 3.8984240565e-14 0.0000000000e+00 3.8984240565e-14 -9.9881627726e+01 0.0000000000e+00 0.0000000000e+00 0.0000000000e+00 2.0348060114e+01
120.68800000 -9.9158451978e+01 3.7620594290e-14 0.0000000000e+00 3.7620594290e-14 -9.9158451978e+01 0.0000000000e+00 0.0000000000e+00 0.0000000000e+00 2.0354882783e+01
120.84000000 -9.8443539794e+01 3.7700808777e-14 0.0000000000e+00 3.7700808777e-14 -9.8443539794e+01 0.0000000000e+00 0.0000000000e+00 0.0000000000e+00 2.0361720040e+01
120.99200000 -9.7736756039e+01 3.7620594290e-14 0.0000000000e+00 3.7620594290e-14 -9.7736756039e+01 0.0000000000e+00 0.0000000000e+00 0.0000000000e+00 2.0368571914e+01
121.14400000 -9.7037968390e+01 3.6417376989e-14 0.0000000000e+00 3.6417376989e-14 -9.7037968390e+01 0.0000000000e+00 0.0000000000e+00 0.0000000000e+00 2.0375438436e+01
121.29600000 -9.6347047268e+01 3.7620594290e-14 0.0000000000e+00 3.7620594290e-14 -9.6347047268e+01 0.0000000000e+00 0.0000000000e+00 0.0000000000e+00 2.0382319637e+01
121.44800000 -9.5663865772e+01 3.6417376989e-14 0.0000000000e+00 3.6417376989e-14 -9.5663865772e+01 0.0000000000e+00 0.0000000000e+00 0.0000000000e+00 2.0389215548e+01
121.60000000 -9.4988299611e+01 3.7620594290e-14 0.0000000000e+00 3.7620594290e-14 -9.4988299611e+01 0.0000000000e+00 0.0000000000e+00 0.0000000000e+00 2.0396126199e+01
121.75200000 -9.4320227042e+01 3.6337162502e-14 0.0000000000e+00 3.6337162502e-14 -9.4320227042e+01 0.0000000000e+00 0.0000000000e+00 0.0000000000e+00 2.0403051621e+01
121.90400000 -9.3659528808e+01 3.6417376989e-14 0.0000000000e+00 3.6417376989e-14 -9.3659528808e+01 0.0000000000e+00 0.0000000000e+00 0.0000000000e+00 2.0409991846e+01
122.05600000 -9.3006088075e+01 3.6337162502e-14 0.0000000000e+00 3.6337162502e-14 -9.3006088075e+01 0.0000000000e+00 0.0000000000e+00 0.0000000000e+00 2.0416946906e+01
122.20800000 -9.2359790380e+01 3.6417376989e-14 0.0000000000e+00 3.6417376989e-14 -9.2359790380e+01 0.0000000000e+00 0.0000000000e+00 0.0000000000e+00 2.0423916830e+01
122.36000000 -9.1720523567e+01 3.5133945200e-14 0.0000000000e+00 3.5133945200e-14 -9.1720523567e+01 0.0000000000e+00 0.0000000000e+00 0.0000000000e+00 2.0430901651e+01
122.51200000 -9.1088177735e+01 3.5775661094e-14 0.0000000000e+00 3.5775661094e-14 -9.1088177735e+01 0.0000000000e+00 0.0000000000e+00 0.0000000000e+00 2.0437901401e+01
122.66400000 -9.0462645183e+01 3.5133945200e-14 0.0000000000e+00 3.5133945200e-14 -9.0462645183e+01 0.0000000000e+00 0.0000000000e+00 0.0000000000e+00 2.0444916110e+01
122.81600000 -8.9843820358e+01 3.5133945200e-14 0.0000000000e+00 3.5133945200e-14 -8.9843820358e+01 0.0000000000e+00 0.0000000000e+00 0.0000000000e+00 2.0451945811e+01
122.96800000 -8.9231599804e+01 3.5133945200e-14 0.0000000000e+00 3.5133945200e-14 -8.9231599804e+01 0.0000000000e+00 0.0000000000e+00 0.0000000000e+00 2.0458990536e+01
123.12000000 -8.8625882112e+01 3.4412014820e-14 0.0000000000e+00 3.4412014820e-14 -8.8625882112e+01 0.0000000000e+00 0.0000000000e+00 0.0000000000e+00 2.0466050317e+01
123.27200000 -8.8026567870e+01 3.4492229306e-14 0.0000000000e+00 3.4492229306e-14 -8.8026567870e+01 0.0000000000e+00 0.0000000000e+00 0.0000000000e+00 2.0473125185e+01
123.42400000 -8.7433559621e+01 3.4492229306e-14 0.0000000000e+00 3.4492229306e-14 -8.7433559621e+01 0.0000000000e+00 0.0000000000e+00 0.0000000000e+00 2.0480215173e+01
123.57600000 -8.6846761809e+01 3.3770298926e-14 0.0000000000e+00 3.3770298926e-14 -8.6846761809e+01 0.0000000000e+00 0.0000000000e+00 0.0000000000e+00 2.0487320314e+01
123.72800000 -8.6266080742e+01 3.3850513412e-14 0.0000000000e+00 3.3850513412e-14 -8.6266080742e+01 0.0000000000e+00 0.0000000000e+00 0.0000000000e+00 2.0494440639e+01
123.88000000 -8.5691424545e+01 3.3850513412e-14 0.0000000000e+00 3.3850513412e-14 -8.5691424545e+01 0.0000000000e+00 0.0000000000e+00 0.0000000000e+00 2.0501576181e+01
124.03200000 -8.5122703118e+01 3.3850513412e-14 0.0000000000e+00 3.3850513412e-14 -8.5122703118e+01 0.0000000000e+00 0.0000000000e+00 0.0000000000e+00 2.0508726973e+01
124.18400000 -8.4559828095e+01 3.3208797518e-14 0.0000000000e+00 3.3208797518e-14 -8.4559828095e+01 0.0000000000e+00 0.0000000000e+00 0.0000000000e+00 2.0515893048e+01
124.33600000 -8.4002712803e+01 3.2567081624e-14 0.0000000000e+00 3.2567081624e-14 -8.4002712803e+01 0.0000000000e+00 0.0000000000e+00 0.0000000000e+00 2.0523074438e+01
124.48800000 -8.3451272225e+01 3.3208797518e-14 0.0000000000e+00 3.3208797518e-14 -8.3451272225e+01 0.0000000000e+00 0.0000000000e+00 0.0000000000e+00 2.0530271176e+01
124.64000000 -8.2905422962e+01 3.2567081624e-14 0.0000000000e+00 3.2567081624e-14 -8.2905422962e+01 0.0000000000e+00 0.0000000000e+00 0.0000000000e+00 2.0537483296e+01
124.79200000 -8.2365083192e+01 3.2567081624e-14 0.0000000000e+00 3.2567081624e-14 -8.2365083192e+01 0.0000000000e+00 0.0000000000e+00 0.0000000000e+00 2.0544710831e+01
124.94400000 -8.1830172639e+01 3.2567081624e-14 0.0000000000e+00 3.2567081624e-14 -8.1830172639e+01 0.0000000000e+00 0.0000000000e+00 0.0000000000e+00 2.0551953813e+01
125.09600000 -8.1300612537e+01 3.1925365730e-14 0.0000000000e+00 3.1925365730e-14 -8.1300612537e+01 0.0000000000e+00 0.0000000000e+00 0.0000000000e+00 2.0559212278e+01
125.24800000 -8.0776325590e+01 3.1925365730e-14 0.0000000000e+00 3.1925365730e-14 -8.0776325590e+01 0.0000000000e+00 0.0000000000e+00 0.0000000000e+00 2.0566486257e+01
125.40000000 -8.0257235948e+01 3.1283649836e-14 0.0000000000e+00 3.1283649836e-14 -8.0257235948e+01 0.0000000000e+00 0.0000000000e+00 0.0000000000e+00 2.0573775784e+01
125.55200000 -7.9743269169e+01 3.1845151243e-14 0.0000000000e+00 3.1845151243e-14 -7.9743269169e+01 0.0000000000e+00 0.0000000000e+00 0.0000000000e+00 2.0581080894e+01
125.70400000 -7.9234352186e+01 3.1845151243e-14 0.0000000000e+00 3.1845151243e-14 -7.9234352186e+01 0.0000000000e+00 0.0000000000e+00 0.0000000000e+00 2.0588401621e+01
125.85600000 -7.8730413280e+01 3.1283649836e-14 0.0000000000e+00 3.1283649836e-14 -7.8730413280e+01 0.0000000000e+00 0.0000000000e+00 0.0000000000e+00 2.0595737997e+01
126.00800000 -7.8231382049e+01 3.1283649836e-14 0.0000000000e+00 3.1283649836e-14 -7.8231382049e+01 0.0000000000e+00 0.0000000000e+00 0.0000000000e+00 2.0603090058e+01
126.16000000 -7.7737189378e+01 3.1203435349e-14 0.0000000000e+00 3.1203435349e-14 -7.7737189378e+01 0.0000000000e+00 0.0000000000e+00 0.0000000000e+00 2.0610457837e+01
126.31200000 -7.7247767410e+01 3.1283649836e-14 0.0000000000e+00 3.1283649836e-14 -7.7247767410e+01 0.0000000000e+00 0.0000000000e+00 0.0000000000e+00 2.0617841370e+01
126.46400000 -7.6763049522e+01 3.0641933942e-14 0.0000000000e+00 3.0641933942e-14 -7.6763049522e+01 0.0000000000e+00 0.0000000000e+00 0.0000000000e+00 2.0625240689e+01
126.61600000 -7.6282970290e+01 3.0641933942e-14 0.0000000000e+00 3.0641933942e-14 -7.6282970290e+01 0.0000000000e+00 0.0000000000e+00 0.0000000000e+00 2.0632655831e+01
126.76800000 -7.5807465473e+01 3.0641933942e-14 0.0000000000e+00 3.0641933942e-14 -7.5807465473e+01 0.0000000000e+00 0.0000000000e+00 0.0000000000e+00 2.0640086829e+01
126.92000000 -7.5336471978e+01 3.0000218048e-14 0.0000000000e+00 3.0000218048e-14 -7.5336471978e+01 0.0000000000e+00 0.0000000000e+00 0.0000000000e+00 2.0647533719e+01
127.07200000 -7.4869927842e+01 3.0000218048e-14 0.0000000000e+00 3.0000218048e-14 -7.4869927842e+01 0.0000000000e+00 0.0000000000e+00 0.0000000000e+00 2.0654996535e+01
127.22400000 -7.4407772204e+01 2.9920003561e-14 0.0000000000e+00 2.9920003561e-14 -7.4407772204e+01 0.0000000000e+00 0.0000000000e+00 0.0000000000e+00 2.0662475313e+01
127.37600000 -7.3949945279e+01 2.9358502154e-14 0.0000000000e+00 2.9358502154e-14 -7.3949945279e+01 0.0000000000e+00 0.0000000000e+00 0.0000000000e+00 2.0669970087e+01
127.52800000 -7.3496388341e+01 2.9278287667e-14 0.0000000000e+00 2.9278287667e-14 -7.3496388341e+01 0.0000000000e+00 0.0000000000e+00 0.0000000000e+00 2.0677480893e+01
127.68000000 -7.3047043695e+01 2.9358502154e-14 0.0000000000e+00 2.9358502154e-14 -7.3047043695e+01 0.0000000000e+00 0.0000000000e+00 0.0000000000e+00 2.0685007766e+01
127.83200000 -7.2601854659e+01 2.9358502154e-14 0.0000000000e+00 2.9358502154e-14 -7.2601854659e+01 0.0000000000e+00 0.0000000000e+00 0.0000000000e+00 2.0692550742e+01
127.98400000 -7.2160765538e+01 2.9358502154e-14 0.0000000000e+00 2.9358502154e-14 -7.2160765538e+01 0.0000000000e+00 0.0000000000e+00 0.0000000000e+00 2.0700109857e+01
128.13600000 -7.1723721606e+01 2.9358502154e-14 0.0000000000e+00 2.9358502154e-14 -7.1723721606e+01 0.0000000000e+00 0.0000000000e+00 0.0000000000e+00 2.0707685146e+01
128.28800000 -7.1290669087e+01 2.9358502154e-14 0.0000000000e+00 2.9358502154e-14 -7.1290669087e+01 0.0000000000e+00 0.0000000000e+00 0.0000000000e+00 2.0715276645e+01
128.44000000 -7.0861555130e+01 2.8636571773e-14 0.0000000000e+00 2.8636571773e-14 -7.0861555130e+01 0.0000000000e+00 0.0000000000e+00 0.0000000000e+00 2.0722884390e+01
128.59200000 -7.0436327795e+01 2.8716786260e-14 0.0000000000e+00 2.8716786260e-14 -7.0436327795e+01 0.0000000000e+00 0.0000000000e+00 0.0000000000e+00 2.0730508417e+01
128.74400000 -7.0014936029e+01 2.8075070366e-14 0.0000000000e+00 2.8075070366e-14 -7.0014936029e+01 0.0000000000e+00 0.0000000000e+00 0.0000000000e+00 2.0738148763e+01
128.89600000 -6.9597329652e+01 2.8075070366e-14 0.0000000000e+00 2.8075070366e-14 -6.9597329652e+01 0.0000000000e+00 0.0000000000e+00 0.0000000000e+00 2.0745805464e+01
129.04800000 -6.9183459336e+01 2.8075070366e-14 0.0000000000e+00 2.8075070366e-14 -6.9183459336e+01 0.0000000000e+00 0.0000000000e+00 0.0000000000e+00 2.0753478557e+01
129.20000000 -6.8773276589e+01 2.7994855879e-14 0.0000000000e+00 2.7994855879e-14 -6.8773276589e+01 0.0000000000e+00 0.0000000000e+00 0.0000000000e+00 2.0761168078e+01
129.35200000 -6.8366733737e+01 2.8075070366e-14 0.0000000000e+00 2.8075070366e-14 -6.8366733737e+01 0.0000000000e+00 0.0000000000e+00 0.0000000000e+00 2.0768874063e+01
129.50400000 -6.7963783905e+01 2.7433354472e-14 0.0000000000e+00 2.7433354472e-14 -6.7963783905e+01 0.0000000000e+00 0.0000000000e+00 0.0000000000e+00 2.0776596551e+01
129.65600000 -6.7564381005e+01 2.7353139985e-14 0.0000000000e+00 2.7353139985e-14 -6.7564381005e+01 0.0000000000e+00 0.0000000000e+00 0.0000000000e+00 2.0784335577e+01
129.80800000 -6.7168479718e+01 2.7433354472e-14 0.0000000000e+00 2.7433354472e-14 -6.7168479718e+01 0.0000000000e+00 0.0000000000e+00 0.0000000000e+00 2.0792091179e+01
129.96000000 -6.6776035476e+01 2.7433354472e-14 0.0000000000e+00 2.7433354472e-14 -6.6776035476e+01 0.0000000000e+00 0.0000000000e+00 0.0000000000e+00 2.0799863395e+01
130.11200000 -6.6387004450e+01 2.7433354472e-14 0.0000000000e+00 2.7433354472e-14 -6.6387004450e+01 0.0000000000e+00 0.0000000000e+00 0.0000000000e+00 2.0807652261e+01
130.26400000 -6.6001343536e+01 2.7353139985e-14 0.0000000000e+00 2.7353139985e-14 -6.6001343536e+01 0.0000000000e+00 0.0000000000e+00 0.0000000000e+00 2.0815457815e+01
130.41600000 -6.5619010334e+01 2.6791638577e-14 0.0000000000e+00 2.6791638577e-14 -6.5619010334e+01 0.0000000000e+00 0.0000000000e+00 0.0000000000e+00 2.0823280096e+01
130.56800000 -6.5239963143e+01 2.6791638577e-14 0.0000000000e+00 2.6791638577e-14 -6.5239963143e+01 0.0000000000e+00 0.0000000000e+00 0.0000000000e+00 2.0831119140e+01
130.72000000 -6.4864160938e+01 2.6791638577e-14 0.0000000000e+00 2.6791638577e-14 -6.4864160938e+01 0.0000000000e+00 0.0000000000e+00 0.0000000000e+00 2.0838974985e+01
130.87200000 -6.4491563363e+01 2.6069708197e-14 0.0000000000e+00 2.6069708197e-14 -6.4491563363e+01 0.0000000000e+00 0.0000000000e+00 0.0000000000e+00 2.0846847671e+01
131.02400000 -6.4122130716e+01 2.6149922683e-14 0.0000000000e+00 2.6149922683e-14 -6.4122130716e+01 0.0000000000e+00 0.0000000000e+00 0.0000000000e+00 2.0854737234e+01
131.17600000 -6.3755823935e+01 2.6149922683e-14 0.0000000000e+00 2.6149922683e-14 -6.3755823935e+01 0.0000000000e+00 0.0000000000e+00 0.0000000000e+00 2.0862643713e+01
131.32800000 -6.3392604584e+01 2.6149922683e-14 0.0000000000e+00 2.6149922683e-14 -6.3392604584e+01 0.0000000000e+00 0.0000000000e+00 0.0000000000e+00 2.0870567147e+01
131.48000000 -6.3032434846e+01 2.6149922683e-14 0.0000000000e+00 2.6149922683e-14 -6.3032434846e+01 0.0000000000e+00 0.0000000000e+00 0.0000000000e+00 2.0878507575e+01
131.63200000 -6.2675277504e+01 2.6149922683e-14 0.0000000000e+00 2.6149922683e-14 -6.2675277504e+01 0.0000000000e+00 0.0000000000e+00 0.0000000000e+00 2.0886465034e+01
131.78400000 -6.2321095937e+01 2.6149922683e-14 0.0000000000e+00 2.6149922683e-14 -6.2321095937e+01 0.0000000000e+00 0.0000000000e+00 0.0000000000e+00 2.0894439564e+01
131.93600000 -6.1969854100e+01 2.6149922683e-14 0.0000000000e+00 2.6149922683e-14 -6.1969854100e+01 0.0000000000e+00 0.0000000000e+00 0.0000000000e+00 2.0902431204e+01
132.08800000 -6.1621516520e+01 2.5508206789e-14 0.0000000000e+00 2.5508206789e-14 -6.1621516520e+01 0.0000000000e+00 0.0000000000e+00 0.0000000000e+00 2.0910439993e+01
132.24000000 -6.1276048280e+01 2.5508206789e-14 0.0000000000e+00 2.5508206789e-14 -6.1276048280e+01 0.0000000000e+00 0.0000000000e+00 0.0000000000e+00 2.0918465970e+01
132.39200000 -6.0933415012e+01 2.5508206789e-14 0.0000000000e+00 2.5508206789e-14 -6.0933415012e+01 0.0000000000e+00 0.0000000000e+00 0.0000000000e+00 2.0926509175e+01
132.54400000 -6.0593582884e+01 2.5508206789e-14 0.0000000000e+00 2.5508206789e-14 -6.0593582884e+01 0.0000000000e+00 0.0000000000e+00 0.0000000000e+00 2.0934569647e+01
132.69600000 -6.0256518590e+01 2.4866490895e-14 0.0000000000e+00 2.4866490895e-14 -6.0256518590e+01 0.0000000000e+00 0.0000000000e+00 0.0000000000e+00 2.0942647426e+01
132.84800000 -5.9922189341e+01 2.4786276409e-14 0.0000000000e+00 2.4786276409e-14 -5.9922189341e+01 0.0000000000e+00 0.0000000000e+00 0.0000000000e+00 2.0950742551e+01
133.00000000 -5.9590562855e+01 2.4866490895e-14 0.0000000000e+00 2.4866490895e-14 -5.9590562855e+01 0.0000000000e+00 0.0000000000e+00 0.0000000000e+00 2.0958855064e+01
133.15200000 -5.9261607346e+01 2.4866490895e-14 0.0000000000e+00 2.4866490895e-14 -5.9261607346e+01 0.0000000000e+00 0.0000000000e+00 0.0000000000e+00 2.0966985003e+01
133.30400000 -5.8935291517e+01 2.4866490895e-14 0.0000000000e+00 2.4866490895e-14 -5.8935291517e+01 0.0000000000e+00 0.0000000000e+00 0.0000000000e+00 2.0975132409e+01
133.45600000 -5.8611584548e+01 2.4866490895e-14 0.0000000000e+00 2.4866490895e-14 -5.8611584548e+01 0.0000000000e+00 0.0000000000e+00 0.0000000000e+00 2.0983297322e+01
133.60800000 -5.8290456091e+01 2.4224775001e-14 0.0000000000e+00 2.4224775001e-14 -5.8290456091e+01 0.0000000000e+00 0.0000000000e+00 0.0000000000e+00 2.0991479783e+01
133.76000000 -5.7971876256e+01 2.4866490895e-14 0.0000000000e+00 2.4866490895e-14 -5.7971876256e+01 0.0000000000e+00 0.0000000000e+00 0.0000000000e+00 2.0999679833e+01
133.91200000 -5.7655815607e+01 2.4224775001e-14 0.0000000000e+00 2.4224775001e-14 -5.7655815607e+01 0.0000000000e+00 0.0000000000e+00 0.0000000000e+00 2.1007897512e+01
134.06400000 -5.7342245151e+01 2.4224775001e-14 0.0000000000e+00 2.4224775001e-14 -5.7342245151e+01 0.0000000000e+00 0.0000000000e+00 0.0000000000e+00 2.1016132861e+01
134.21600000 -5.7031136331e+01 2.4224775001e-14 0.0000000000e+00 2.4224775001e-14 -5.7031136331e+01 0.0000000000e+00 0.0000000000e+00 0.0000000000e+00 2.1024385922e+01
134.36800000 -5.6722461017e+01 2.4224775001e-14 0.0000000000e+00 2.4224775001e-14 -5.6722461017e+01 0.0000000000e+00 0.0000000000e+00 0.0000000000e+00 2.1032656736e+01
134.52000000 -5.6416191500e+01 2.4224775001e-14 0.0000000000e+00 2.4224775001e-14 -5.6416191500e+01 0.0000000000e+00 0.0000000000e+00 0.0000000000e+00 2.1040945343e+01
134.67200000 -5.6112300482e+01 2.4224775001e-14 0.0000000000e+00 2.4224775001e-14 -5.6112300482e+01 0.0000000000e+00 0.0000000000e+00 0.0000000000e+00 2.1049251786e+01
134.82400000 -5.5810761069e+01 2.4224775001e-14 0.0000000000e+00 2.4224775001e-14 -5.5810761069e+01 0.0000000000e+00 0.0000000000e+00 0.0000000000e+00 2.1057576107e+01
134.97600000 -5.5511546766e+01 2.4224775001e-14 0.0000000000e+00 2.4224775001e-14 -5.5511546766e+01 0.0000000000e+00 0.0000000000e+00 0.0000000000e+00 2.1065918346e+01
135.12800000 -5.5214631465e+01 2.3583059107e-14 0.0000000000e+00 2.3583059107e-14 -5.5214631465e+01 0.0000000000e+00 0.0000000000e+00 0.0000000000e+00 2.1074278546e+01
135.28000000 -5.4919989445e+01 2.3583059107e-14 0.0000000000e+00 2.3583059107e-14 -5.4919989445e+01 0.0000000000e+00 0.0000000000e+00 0.0000000000e+00 2.1082656750e+01
135.43200000 -5.4627595357e+01 2.2941343213e-14 0.0000000000e+00 2.2941343213e-14 -5.4627595357e+01 0.0000000000e+00 0.0000000000e+00 0.0000000000e+00 2.1091052999e+01
135.58400000 -5.4337424224e+01 2.2941343213e-14 0.0000000000e+00 2.2941343213e-14 -5.4337424224e+01 0.0000000000e+00 0.0000000000e+00 0.0000000000e+00 2.1099467336e+01
135.73600000 -5.4049451430e+01 2.3583059107e-14 0.0000000000e+00 2.3583059107e-14 -5.4049451430e+01 0.0000000000e+00 0.0000000000e+00 0.0000000000e+00 2.1107899803e+01
135.88800000 -5.3763652717e+01 2.3583059107e-14 0.0000000000e+00 2.3583059107e-14 -5.3763652717e+01 0.0000000000e+00 0.0000000000e+00 0.0000000000e+00 2.1116350443e+01
136.04000000 -5.3480004174e+01 2.2941343213e-14 0.0000000000e+00 2.2941343213e-14 -5.3480004174e+01 0.0000000000e+00 0.0000000000e+00 0.0000000000e+00 2.1124819299e+01
136.19200000 -5.3198482236e+01 2.2941343213e-14 0.0000000000e+00 2.2941343213e-14 -5.3198482236e+01 0.0000000000e+00 0.0000000000e+00 0.0000000000e+00 2.1133306415e+01
136.34400000 -5.2919063676e+01 2.2941343213e-14 0.0000000000e+00 2.2941343213e-14 -5.2919063676e+01 0.0000000000e+00 0.0000000000e+00 0.0000000000e+00 2.1141811832e+01
136.49600000 -5.2641725597e+01 2.2941343213e-14 0.0000000000e+00 2.2941343213e-14 -5.2641725597e+01 0.0000000000e+00 0.0000000000e+00 0.0000000000e+00 2.1150335595e+01
136.64800000 -5.2366445427e+01 2.2941343213e-14 0.0000000000e+00 2.2941343213e-14 -5.2366445427e+01 0.0000000000e+00 0.0000000000e+00 0.0000000000e+00 2.1158877747e+01
136.80000000 -5.2093200918e+01 2.2941343213e-14 0.0000000000e+00 2.2941343213e-14 -5.2093200918e+01 0.0000000000e+00 0.0000000000e+00 0.0000000000e+00 2.1167438331e+01
136.95200000 -5.1821970132e+01 2.2299627319e-14 0.0000000000e+00 2.2299627319e-14 -5.1821970132e+01 0.0000000000e+00 0.0000000000e+00 0.0000000000e+00 2.1176017392e+01
137.10400000 -5.1552731442e+01 2.2299627319e-14 0.0000000000e+00 2.2299627319e-14 -5.1552731442e+01 0.0000000000e+00 0.0000000000e+00 0.0000000000e+00 2.1184614974e+01
137.25600000 -5.1285463526e+01 2.2299627319e-14 0.0000000000e+00 2.2299627319e-14 -5.1285463526e+01 0.0000000000e+00 0.0000000000e+00 0.0000000000e+00 2.1193231120e+01
137.40800000 -5.1020145359e+01 2.1657911425e-14 0.0000000000e+00 2.1657911425e-14 -5.1020145359e+01 0.0000000000e+00 0.0000000000e+00 0.0000000000e+00 2.1201865874e+01
137.56000000 -5.0756756210e+01 2.1657911425e-14 0.0000000000e+00 2.1657911425e-14 -5.0756756210e+01 0.0000000000e+00 0.0000000000e+00 0.0000000000e+00 2.1210519282e+01
137.71200000 -5.0495275634e+01 2.1657911425e-14 0.0000000000e+00 2.1657911425e-14 -5.0495275634e+01 0.0000000000e+00 0.0000000000e+00 0.0000000000e+00 2.1219191387e+01
137.86400000 -5.0235683473e+01 2.1657911425e-14 0.0000000000e+00 2.1657911425e-14 -5.0235683473e+01 0.0000000000e+00 0.0000000000e+00 0.0000000000e+00 2.1227882235e+01
138.01600000 -4.9977959845e+01 2.1657911425e-14 0.0000000000e+00 2.1657911425e-14 -4.9977959845e+01 0.0000000000e+00 0.0000000000e+00 0.0000000000e+00 2.1236591870e+01
138.16800000 -4.9722085143e+01 2.1738125912e-14 0.0000000000e+00 2.1738125912e-14 -4.9722085143e+01 0.0000000000e+00 0.0000000000e+00 0.0000000000e+00 2.1245320338e+01
138.32000000 -4.9468040028e+01 2.1657911425e-14 0.0000000000e+00 2.1657911425e-14 -4.9468040028e+01 0.0000000000e+00 0.0000000000e+00 0.0000000000e+00 2.1254067683e+01
138.47200000 -4.9215805426e+01 2.1657911425e-14 0.0000000000e+00 2.1657911425e-14 -4.9215805426e+01 0.0000000000e+00 0.0000000000e+00 0.0000000000e+00 2.1262833951e+01
138.62400000 -4.8965362525e+01 2.1657911425e-14 0.0000000000e+00 2.1657911425e-14 -4.8965362525e+01 0.0000000000e+00 0.0000000000e+00 0.0000000000e+00 2.1271619188e+01
138.77600000 -4.8716692765e+01 2.1016195531e-14 0.0000000000e+00 2.1016195531e-14 -4.8716692765e+01 0.0000000000e+00 0.0000000000e+00 0.0000000000e+00 2.1280423439e+01
138.92800000 -4.8469777842e+01 2.1096410018e-14 0.0000000000e+00 2.1096410018e-14 -4.8469777842e+01 0.0000000000e+00 0.0000000000e+00 0.0000000000e+00 2.1289246750e+01
139.08000000 -4.8224599695e+01 2.1016195531e-14 0.0000000000e+00 2.1016195531e-14 -4.8224599695e+01 0.0000000000e+00 0.0000000000e+00 0.0000000000e+00 2.1298089167e+01
139.23200000 -4.7981140508e+01 2.1016195531e-14 0.0000000000e+00 2.1016195531e-14 -4.7981140508e+01 0.0000000000e+00 0.0000000000e+00 0.0000000000e+00 2.1306950736e+01
139.38400000 -4.7739382706e+01 2.1016195531e-14 0.0000000000e+00 2.1016195531e-14 -4.7739382706e+01 0.0000000000e+00 0.0000000000e+00 0.0000000000e+00 2.1315831505e+01
139.53600000 -4.7499308945e+01 2.1016195531e-14 0.0000000000e+00 2.1016195531e-14 -4.7499308945e+01 0.0000000000e+00 0.0000000000e+00 0.0000000000e+00 2.1324731518e+01
139.68800000 -4.7260902117e+01 2.1096410018e-14 0.0000000000e+00 2.1096410018e-14 -4.7260902117e+01 0.0000000000e+00 0.0000000000e+00 0.0000000000e+00 2.1333650824e+01
139.84000000 -4.7024145338e+01 2.1096410018e-14 0.0000000000e+00 2.1096410018e-14 -4.7024145338e+01 0.0000000000e+00 0.0000000000e+00 0.0000000000e+00 2.1342589468e+01
139.99200000 -4.6789021950e+01 2.0374479637e-14 0.0000000000e+00 2.0374479637e-14 -4.6789021950e+01 0.0000000000e+00 0.0000000000e+00 0.0000000000e+00 2.1351547498e+01
140.14400000 -4.6555515512e+01 2.1016195531e-14 0.0000000000e+00 2.1016195531e-14 -4.6555515512e+01 0.0000000000e+00 0.0000000000e+00 0.0000000000e+00 2.1360524961e+01
140.29600000 -4.6323609804e+01 2.0374479637e-14 0.0000000000e+00 2.0374479637e-14 -4.6323609804e+01 0.0000000000e+00 0.0000000000e+00 0.0000000000e+00 2.1369521905e+01
140.44800000 -4.6093288816e+01 2.1016195531e-14 0.0000000000e+00 2.1016195531e-14 -4.6093288816e+01 0.0000000000e+00 0.0000000000e+00 0.0000000000e+00 2.1378538377e+01
140.60000000 -4.5864536747e+01 2.1016195531e-14 0.0000000000e+00 2.1016195531e-14 -4.5864536747e+01 0.0000000000e+00 0.0000000000e+00 0.0000000000e+00 2.1387574424e+01
140.75200000 -4.5637338005e+01 2.0374479637e-14 0.0000000000e+00 2.0374479637e-14 -4.5637338005e+01 0.0000000000e+00 0.0000000000e+00 0.0000000000e+00 2.1396630095e+01
140.90400000 -4.5411677199e+01 2.0374479637e-14 0.0000000000e+00 2.0374479637e-14 -4.5411677199e+01 0.0000000000e+00 0.0000000000e+00 0.0000000000e+00 2.1405705438e+01
141.05600000 -4.5187539137e+01 2.0374479637e-14 0.0000000000e+00 2.0374479637e-14 -4.5187539137e+01 0.0000000000e+00 0.0000000000e+00 0.0000000000e+00 2.1414800500e+01
141.20800000 -4.4964908826e+01 2.0374479637e-14 0.0000000000e+00 2.0374479637e-14 -4.4964908826e+01 0.0000000000e+00 0.0000000000e+00 0.0000000000e+00 2.1423915331e+01
141.36000000 -4.4743771463e+01 2.0374479637e-14 0.0000000000e+00 2.0374479637e-14 -4.4743771463e+01 0.0000000000e+00 0.0000000000e+00 0.0000000000e+00 2.1433049979e+01
141.51200000 -4.4524112437e+01 2.0454694124e-14 0.0000000000e+00 2.0454694124e-14 -4.4524112437e+01 0.0000000000e+00 0.0000000000e+00 0.0000000000e+00 2.1442204492e+01
141.66400000 -4.4305917326e+01 1.9812978229e-14 0.0000000000e+00 1.9812978229e-14 -4.4305917326e+01 0.0000000000e+00 0.0000000000e+00 0.0000000000e+00 2.1451378920e+01
141.81600000 -4.4089171888e+01 1.9732763743e-14 0.0000000000e+00 1.9732763743e-14 -4.4089171888e+01 0.0000000000e+00 0.0000000000e+00 0.0000000000e+00 2.1460573312e+01
141.96800000 -4.3873862066e+01 2.0374479637e-14 0.0000000000e+00 2.0374479637e-14 -4.3873862066e+01 0.0000000000e+00 0.0000000000e+00 0.0000000000e+00 2.1469787717e+01
142.12000000 -4.3659973979e+01 1.9732763743e-14 0.0000000000e+00 1.9732763743e-14 -4.3659973979e+01 0.0000000000e+00 0.0000000000e+00 0.0000000000e+00 2.1479022185e+01
142.27200000 -4.3447493924e+01 1.9732763743e-14 0.0000000000e+00 1.9732763743e-14 -4.3447493924e+01 0.0000000000e+00 0.0000000000e+00 0.0000000000e+00 2.1488276764e+01
142.42400000 -4.3236408370e+01 1.9091047849e-14 0.0000000000e+00 1.9091047849e-14 -4.3236408370e+01 0.0000000000e+00 0.0000000000e+00 0.0000000000e+00 2.1497551506e+01
142.57600000 -4.3026703955e+01 1.9732763743e-14 0.0000000000e+00 1.9732763743e-14 -4.3026703955e+01 0.0000000000e+00 0.0000000000e+00 0.0000000000e+00 2.1506846460e+01
142.72800000 -4.2818367486e+01 1.9091047849e-14 0.0000000000e+00 1.9091047849e-14 -4.2818367486e+01 0.0000000000e+00 0.0000000000e+00 0.0000000000e+00 2.1516161676e+01
142.88000000 -4.2611385935e+01 1.9171262335e-14 0.0000000000e+00 1.9171262335e-14 -4.2611385935e+01 0.0000000000e+00 0.0000000000e+00 0.0000000000e+00 2.1525497205e+01
143.03200000 -4.2405746436e+01 1.9091047849e-14 0.0000000000e+00 1.9091047849e-14 -4.2405746436e+01 0.0000000000e+00 0.0000000000e+00 0.0000000000e+00 2.1534853097e+01
143.18400000 -4.2201436283e+01 1.9091047849e-14 0.0000000000e+00 1.9091047849e-14 -4.2201436283e+01 0.0000000000e+00 0.0000000000e+00 0.0000000000e+00 2.1544229403e+01
143.33600000 -4.1998442928e+01 1.9732763743e-14 0.0000000000e+00 1.9732763743e-14 -4.1998442928e+01 0.0000000000e+00 0.0000000000e+00 0.0000000000e+00 2.1553626174e+01
143.48800000 -4.1796753977e+01 1.9732763743e-14 0.0000000000e+00 1.9732763743e-14 -4.1796753977e+01 0.0000000000e+00 0.0000000000e+00 0.0000000000e+00 2.1563043462e+01
143.64000000 -4.1596357190e+01 1.9171262335e-14 0.0000000000e+00 1.9171262335e-14 -4.1596357190e+01 0.0000000000e+00 0.0000000000e+00 0.0000000000e+00 2.1572481316e+01
143.79200000 -4.1397240478e+01 1.9171262335e-14 0.0000000000e+00 1.9171262335e-14 -4.1397240478e+01 0.0000000000e+00 0.0000000000e+00 0.0000000000e+00 2.1581939790e+01
143.94400000 -4.1199391897e+01 1.9091047849e-14 0.0000000000e+00 1.9091047849e-14 -4.1199391897e+01 0.0000000000e+00 0.0000000000e+00 0.0000000000e+00 2.1591418934e+01
144.09600000 -4.1002799651e+01 1.9171262335e-14 0.0000000000e+00 1.9171262335e-14 -4.1002799651e+01 0.0000000000e+00 0.0000000000e+00 0.0000000000e+00 2.1600918801e+01
144.24800000 -4.0807452090e+01 1.9091047849e-14 0.0000000000e+00 1.9091047849e-14 -4.0807452090e+01 0.0000000000e+00 0.0000000000e+00 0.0000000000e+00 2.1610439443e+01
144.40000000 -4.0613337700e+01 1.9171262335e-14 0.0000000000e+00 1.9171262335e-14 -4.0613337700e+01 0.0000000000e+00 0.0000000000e+00 0.0000000000e+00 2.1619980911e+01
144.55200000 -4.0420445112e+01 1.8449331955e-14 0.0000000000e+00 1.8449331955e-14 -4.0420445112e+01 0.0000000000e+00 0.0000000000e+00 0.0000000000e+00 2.1629543259e+01
144.70400000 -4.0228763091e+01 1.8850404388e-14 0.0000000000e+00 1.8850404388e-14 -4.0228763091e+01 0.0000000000e+00 0.0000000000e+00 0.0000000000e+00 2.1639126539e+01
144.85600000 -4.0038280538e+01 1.8770189902e-14 0.0000000000e+00 1.8770189902e-14 -4.0038280538e+01 0.0000000000e+00 0.0000000000e+00 0.0000000000e+00 2.1648730803e+01
145.00800000 -3.9848986487e+01 1.8850404388e-14 0.0000000000e+00 1.8850404388e-14 -3.9848986487e+01 0.0000000000e+00 0.0000000000e+00 0.0000000000e+00 2.1658356106e+01
145.16000000 -3.9660870104e+01 1.8770189902e-14 0.0000000000e+00 1.8770189902e-14 -3.9660870104e+01 0.0000000000e+00 0.0000000000e+00 0.0000000000e+00 2.1668002500e+01
145.31200000 -3.9473920684e+01 1.8529546441e-14 0.0000000000e+00 1.8529546441e-14 -3.9473920684e+01 0.0000000000e+00 0.0000000000e+00 0.0000000000e+00 2.1677670038e+01
145.46400000 -3.9288127650e+01 1.8529546441e-14 0.0000000000e+00 1.8529546441e-14 -3.9288127650e+01 0.0000000000e+00 0.0000000000e+00 0.0000000000e+00 2.1687358775e+01
145.61600000 -3.9103480549e+01 1.8449331955e-14 0.0000000000e+00 1.8449331955e-14 -3.9103480549e+01 0.0000000000e+00 0.0000000000e+00 0.0000000000e+00 2.1697068764e+01
145.76800000 -3.8919969053e+01 1.8208688494e-14 0.0000000000e+00 1.8208688494e-14 -3.8919969053e+01 0.0000000000e+00 0.0000000000e+00 0.0000000000e+00 2.1706800059e+01
145.92000000 -3.8737582955e+01 1.8208688494e-14 0.0000000000e+00 1.8208688494e-14 -3.8737582955e+01 0.0000000000e+00 0.0000000000e+00 0.0000000000e+00 2.1716552714e+01
146.07200000 -3.8556312170e+01 1.8128474008e-14 0.0000000000e+00 1.8128474008e-14 -3.8556312170e+01 0.0000000000e+00 0.0000000000e+00 0.0000000000e+00 2.1726326784e+01
146.22400000 -3.8376146730e+01 1.7807616060e-14 0.0000000000e+00 1.7807616060e-14 -3.8376146730e+01 0.0000000000e+00 0.0000000000e+00 0.0000000000e+00 2.1736122324e+01
146.37600000 -3.8197076783e+01 1.8128474008e-14 0.0000000000e+00 1.8128474008e-14 -3.8197076783e+01 0.0000000000e+00 0.0000000000e+00 0.0000000000e+00 2.1745939388e+01
146.52800000 -3.8019092593e+01 1.7807616060e-14 0.0000000000e+00 1.7807616060e-14 -3.8019092593e+01 0.0000000000e+00 0.0000000000e+00 0.0000000000e+00 2.1755778032e+01
146.68000000 -3.7842184536e+01 1.7807616060e-14 0.0000000000e+00 1.7807616060e-14 -3.7842184536e+01 0.0000000000e+00 0.0000000000e+00 0.0000000000e+00 2.1765638310e+01
146.83200000 -3.7666343103e+01 1.7807616060e-14 0.0000000000e+00 1.7807616060e-14 -3.7666343103e+01 0.0000000000e+00 0.0000000000e+00 0.0000000000e+00 2.1775520278e+01
146.98400000 -3.7491558891e+01 1.7807616060e-14 0.0000000000e+00 1.7807616060e-14 -3.7491558891e+01 0.0000000000e+00 0.0000000000e+00 0.0000000000e+00 2.1785423992e+01
147.13600000 -3.7317822607e+01 1.7887830547e-14 0.0000000000e+00 1.7887830547e-14 -3.7317822607e+01 0.0000000000e+00 0.0000000000e+00 0.0000000000e+00 2.1795349508e+01
147.28800000 -3.7145125067e+01 1.7887830547e-14 0.0000000000e+00 1.7887830547e-14 -3.7145125067e+01 0.0000000000e+00 0.0000000000e+00 0.0000000000e+00 2.1805296882e+01
147.44000000 -3.6973457190e+01 1.7486758113e-14 0.0000000000e+00 1.7486758113e-14 -3.6973457190e+01 0.0000000000e+00 0.0000000000e+00 0.0000000000e+00 2.1815266169e+01
147.59200000 -3.6802809999e+01 1.7486758113e-14 0.0000000000e+00 1.7486758113e-14 -3.6802809999e+01 0.0000000000e+00 0.0000000000e+00 0.0000000000e+00 2.1825257427e+01
147.74400000 -3.6633174620e+01 1.7486758113e-14 0.0000000000e+00 1.7486758113e-14 -3.6633174620e+01 0.0000000000e+00 0.0000000000e+00 0.0000000000e+00 2.1835270713e+01
147.89600000 -3.6464542282e+01 1.7566972600e-14 0.0000000000e+00 1.7566972600e-14 -3.6464542282e+01 0.0000000000e+00 0.0000000000e+00 0.0000000000e+00 2.1845306083e+01
148.04800000 -3.6296904309e+01 1.7486758113e-14 0.0000000000e+00 1.7486758113e-14 -3.6296904309e+01 0.0000000000e+00 0.0000000000e+00 0.0000000000e+00 2.1855363594e+01
148.20000000 -3.6130252128e+01 1.7486758113e-14 0.0000000000e+00 1.7486758113e-14 -3.6130252128e+01 0.0000000000e+00 0.0000000000e+00 0.0000000000e+00 2.1865443304e+01
148.35200000 -3.5964577260e+01 1.7165900166e-14 0.0000000000e+00 1.7165900166e-14 -3.5964577260e+01 0.0000000000e+00 0.0000000000e+00 0.0000000000e+00 2.1875545270e+01
148.50400000 -3.5799871322e+01 1.7165900166e-14 0.0000000000e+00 1.7165900166e-14 -3.5799871322e+01 0.0000000000e+00 0.0000000000e+00 0.0000000000e+00 2.1885669550e+01
148.65600000 -3.5636126026e+01 1.7165900166e-14 0.0000000000e+00 1.7165900166e-14 -3.5636126026e+01 0.0000000000e+00 0.0000000000e+00 0.0000000000e+00 2.1895816202e+01
148.80800000 -3.5473333176e+01 1.6845042219e-14 0.0000000000e+00 1.6845042219e-14 -3.5473333176e+01 0.0000000000e+00 0.0000000000e+00 0.0000000000e+00 2.1905985285e+01
148.96000000 -3.5311484667e+01 1.7246114653e-14 0.0000000000e+00 1.7246114653e-14 -3.5311484667e+01 0.0000000000e+00 0.0000000000e+00 0.0000000000e+00 2.1916176857e+01
149.11200000 -3.5150572485e+01 1.7246114653e-14 0.0000000000e+00 1.7246114653e-14 -3.5150572485e+01 0.0000000000e+00 0.0000000000e+00 0.0000000000e+00 2.1926390976e+01
149.26400000 -3.4990588707e+01 1.7246114653e-14 0.0000000000e+00 1.7246114653e-14 -3.4990588707e+01 0.0000000000e+00 0.0000000000e+00 0.0000000000e+00 2.1936627701e+01
149.41600000 -3.4831525494e+01 1.7165900166e-14 0.0000000000e+00 1.7165900166e-14 -3.4831525494e+01 0.0000000000e+00 0.0000000000e+00 0.0000000000e+00 2.1946887092e+01
149.56800000 -3.4673375096e+01 1.6845042219e-14 0.0000000000e+00 1.6845042219e-14 -3.4673375096e+01 0.0000000000e+00 0.0000000000e+00 0.0000000000e+00 2.1957169208e+01
149.72000000 -3.4516129848e+01 1.6845042219e-14 0.0000000000e+00 1.6845042219e-14 -3.4516129848e+01 0.0000000000e+00 0.0000000000e+00 0.0000000000e+00 2.1967474108e+01
149.87200000 -3.4359782169e+01 1.6925256706e-14 0.0000000000e+00 1.6925256706e-14 -3.4359782169e+01 0.0000000000e+00 0.0000000000e+00 0.0000000000e+00 2.1977801853e+01
150.02400000 -3.4204324561e+01 1.6845042219e-14 0.0000000000e+00 1.6845042219e-14 -3.4204324561e+01 0.0000000000e+00 0.0000000000e+00 0.0000000000e+00 2.1988152502e+01
150.17600000 -3.4049749609e+01 1.6524184272e-14 0.0000000000e+00 1.6524184272e-14 -3.4049749609e+01 0.0000000000e+00 0.0000000000e+00 0.0000000000e+00 2.1998526115e+01
150.32800000 -3.3896049978e+01 1.6925256706e-14 0.0000000000e+00 1.6925256706e-14 -3.3896049978e+01 0.0000000000e+00 0.0000000000e+00 0.0000000000e+00 2.2008922753e+01
150.48000000 -3.3743218412e+01 1.6604398759e-14 0.0000000000e+00 1.6604398759e-14 -3.3743218412e+01 0.0000000000e+00 0.0000000000e+00 0.0000000000e+00 2.2019342476e+01
150.63200000 -3.3591247736e+01 1.6524184272e-14 0.0000000000e+00 1.6524184272e-14 -3.3591247736e+01 0.0000000000e+00 0.0000000000e+00 0.0000000000e+00 2.2029785347e+01
150.78400000 -3.3440130851e+01 1.6283540812e-14 0.0000000000e+00 1.6283540812e-14 -3.3440130851e+01 0.0000000000e+00 0.0000000000e+00 0.0000000000e+00 2.2040251425e+01
150.93600000 -3.3289860735e+01 1.6524184272e-14 0.0000000000e+00 1.6524184272e-14 -3.3289860735e+01 0.0000000000e+00 0.0000000000e+00 0.0000000000e+00 2.2050740772e+01
151.08800000 -3.3140430440e+01 1.6203326325e-14 0.0000000000e+00 1.6203326325e-14 -3.3140430440e+01 0.0000000000e+00 0.0000000000e+00 0.0000000000e+00 2.2061253450e+01
151.24000000 -3.2991833096e+01 1.6203326325e-14 0.0000000000e+00 1.6203326325e-14 -3.2991833096e+01 0.0000000000e+00 0.0000000000e+00 0.0000000000e+00 2.2071789521e+01
151.39200000 -3.2844061903e+01 1.6283540812e-14 0.0000000000e+00 1.6283540812e-14 -3.2844061903e+01 0.0000000000e+00 0.0000000000e+00 0.0000000000e+00 2.2082349046e+01
151.54400000 -3.2697110137e+01 1.6283540812e-14 0.0000000000e+00 1.6283540812e-14 -3.2697110137e+01 0.0000000000e+00 0.0000000000e+00 0.0000000000e+00 2.2092932088e+01
151.69600000 -3.2550971143e+01 1.5962682865e-14 0.0000000000e+00 1.5962682865e-14 -3.2550971143e+01 0.0000000000e+00 0.0000000000e+00 0.0000000000e+00 2.2103538711e+01
151.84800000 -3.2405638338e+01 1.6203326325e-14 0.0000000000e+00 1.6203326325e-14 -3.2405638338e+01 0.0000000000e+00 0.0000000000e+00 0.0000000000e+00 2.2114168975e+01
152.00000000 -3.2261105207e+01 1.5962682865e-14 0.0000000000e+00 1.5962682865e-14 -3.2261105207e+01 0.0000000000e+00 0.0000000000e+00 0.0000000000e+00 2.2124822946e+01
152.15200000 -3.2117365308e+01 1.5962682865e-14 0.0000000000e+00 1.5962682865e-14 -3.2117365308e+01 0.0000000000e+00 0.0000000000e+00 0.0000000000e+00 2.2135500685e+01
152.30400000 -3.1974412262e+01 1.6283540812e-14 0.0000000000e+00 1.6283540812e-14 -3.1974412262e+01 0.0000000000e+00 0.0000000000e+00 0.0000000000e+00 2.2146202256e+01
152.45600000 -3.1832239760e+01 1.5962682865e-14 0.0000000000e+00 1.5962682865e-14 -3.1832239760e+01 0.0000000000e+00 0.0000000000e+00 0.0000000000e+00 2.2156927724e+01
152.60800000 -3.1690841559e+01 1.5962682865e-14 0.0000000000e+00 1.5962682865e-14 -3.1690841559e+01 0.0000000000e+00 0.0000000000e+00 0.0000000000e+00 2.2167677152e+01
152.76000000 -3.1550211481e+01 1.5962682865e-14 0.0000000000e+00 1.5962682865e-14 -3.1550211481e+01 0.0000000000e+00 0.0000000000e+00 0.0000000000e+00 2.2178450605e+01
152.91200000 -3.1410343411e+01 1.5962682865e-14 0.0000000000e+00 1.5962682865e-14 -3.1410343411e+01 0.0000000000e+00 0.0000000000e+00 0.0000000000e+00 2.2189248147e+01
153.06400000 -3.1271231301e+01 1.5641824918e-14 0.0000000000e+00 1.5641824918e-14 -3.1271231301e+01 0.0000000000e+00 0.0000000000e+00 0.0000000000e+00 2.2200069842e+01
153.21600000 -3.1132869162e+01 1.5962682865e-14 0.0000000000e+00 1.5962682865e-14 -3.1132869162e+01 0.0000000000e+00 0.0000000000e+00 0.0000000000e+00 2.2210915757e+01
153.36800000 -3.0995251070e+01 1.5561610431e-14 0.0000000000e+00 1.5561610431e-14 -3.0995251070e+01 0.0000000000e+00 0.0000000000e+00 0.0000000000e+00 2.2221785956e+01
153.52000000 -3.0858371161e+01 1.5641824918e-14 0.0000000000e+00 1.5641824918e-14 -3.0858371161e+01 0.0000000000e+00 0.0000000000e+00 0.0000000000e+00 2.2232680504e+01
153.67200000 -3.0722223631e+01 1.5561610431e-14 0.0000000000e+00 1.5561610431e-14 -3.0722223631e+01 0.0000000000e+00 0.0000000000e+00 0.0000000000e+00 2.2243599468e+01
153.82400000 -3.0586802737e+01 1.5320966971e-14 0.0000000000e+00 1.5320966971e-14 -3.0586802737e+01 0.0000000000e+00 0.0000000000e+00 0.0000000000e+00 2.2254542913e+01
153.97600000 -3.0452102794e+01 1.5561610431e-14 0.0000000000e+00 1.5561610431e-14 -3.0452102794e+01 0.0000000000e+00 0.0000000000e+00 0.0000000000e+00 2.2265510907e+01
154.12800000 -3.0318118175e+01 1.5320966971e-14 0.0000000000e+00 1.5320966971e-14 -3.0318118175e+01 0.0000000000e+00 0.0000000000e+00 0.0000000000e+00 2.2276503515e+01
154.28000000 -3.0184843311e+01 1.5320966971e-14 0.0000000000e+00 1.5320966971e-14 -3.0184843311e+01 0.0000000000e+00 0.0000000000e+00 0.0000000000e+00 2.2287520804e+01
154.43200000 -3.0052272690e+01 1.5320966971e-14 0.0000000000e+00 1.5320966971e-14 -3.0052272690e+01 0.0000000000e+00 0.0000000000e+00 0.0000000000e+00 2.2298562841e+01
154.58400000 -2.9920400854e+01 1.5320966971e-14 0.0000000000e+00 1.5320966971e-14 -2.9920400854e+01 0.0000000000e+00 0.0000000000e+00 0.0000000000e+00 2.2309629694e+01
154.73600000 -2.9789222404e+01 1.5320966971e-14 0.0000000000e+00 1.5320966971e-14 -2.9789222404e+01 0.0000000000e+00 0.0000000000e+00 0.0000000000e+00 2.2320721430e+01
154.88800000 -2.9658731991e+01 1.5320966971e-14 0.0000000000e+00 1.5320966971e-14 -2.9658731991e+01 0.0000000000e+00 0.0000000000e+00 0.0000000000e+00 2.2331838117e+01
155.04000000 -2.9528924324e+01 1.5240752484e-14 0.0000000000e+00 1.5240752484e-14 -2.9528924324e+01 0.0000000000e+00 0.0000000000e+00 0.0000000000e+00 2.2342979824e+01
155.19200000 -2.9399794163e+01 1.5320966971e-14 0.0000000000e+00 1.5320966971e-14 -2.9399794163e+01 0.0000000000e+00 0.0000000000e+00 0.0000000000e+00 2.2354146618e+01
155.34400000 -2.9271336321e+01 1.5320966971e-14 0.0000000000e+00 1.5320966971e-14 -2.9271336321e+01 0.0000000000e+00 0.0000000000e+00 0.0000000000e+00 2.2365338569e+01
155.49600000 -2.9143545662e+01 1.5000109024e-14 0.0000000000e+00 1.5000109024e-14 -2.9143545662e+01 0.0000000000e+00 0.0000000000e+00 0.0000000000e+00 2.2376555744e+01
155.64800000 -2.9016417104e+01 1.5000109024e-14 0.0000000000e+00 1.5000109024e-14 -2.9016417104e+01 0.0000000000e+00 0.0000000000e+00 0.0000000000e+00 2.2387798214e+01
155.80000000 -2.8889945613e+01 1.5000109024e-14 0.0000000000e+00 1.5000109024e-14 -2.8889945613e+01 0.0000000000e+00 0.0000000000e+00 0.0000000000e+00 2.2399066048e+01
155.95200000 -2.8764126206e+01 1.4919894537e-14 0.0000000000e+00 1.4919894537e-14 -2.8764126206e+01 0.0000000000e+00 0.0000000000e+00 0.0000000000e+00 2.2410359316e+01
156.10400000 -2.8638953949e+01 1.5000109024e-14 0.0000000000e+00 1.5000109024e-14 -2.8638953949e+01 0.0000000000e+00 0.0000000000e+00 0.0000000000e+00 2.2421678087e+01
156.25600000 -2.8514423958e+01 1.5000109024e-14 0.0000000000e+00 1.5000109024e-14 -2.8514423958e+01 0.0000000000e+00 0.0000000000e+00 0.0000000000e+00 2.2433022432e+01
156.40800000 -2.8390531395e+01 1.4919894537e-14 0.0000000000e+00 1.4919894537e-14 -2.8390531395e+01 0.0000000000e+00 0.0000000000e+00 0.0000000000e+00 2.2444392422e+01
156.56000000 -2.8267271472e+01 1.5000109024e-14 0.0000000000e+00 1.5000109024e-14 -2.8267271472e+01 0.0000000000e+00 0.0000000000e+00 0.0000000000e+00 2.2455788127e+01
156.71200000 -2.8144639446e+01 1.4679251077e-14 0.0000000000e+00 1.4679251077e-14 -2.8144639446e+01 0.0000000000e+00 0.0000000000e+00 0.0000000000e+00 2.2467209618e+01
156.86400000 -2.8022630622e+01 1.4679251077e-14 0.0000000000e+00 1.4679251077e-14 -2.8022630622e+01 0.0000000000e+00 0.0000000000e+00 0.0000000000e+00 2.2478656967e+01
157.01600000 -2.7901240351e+01 1.4679251077e-14 0.0000000000e+00 1.4679251077e-14 -2.7901240351e+01 0.0000000000e+00 0.0000000000e+00 0.0000000000e+00 2.2490130246e+01
157.16800000 -2.7780464027e+01 1.4679251077e-14 0.0000000000e+00 1.4679251077e-14 -2.7780464027e+01 0.0000000000e+00 0.0000000000e+00 0.0000000000e+00 2.2501629527e+01
157.32000000 -2.7660297091e+01 1.4599036590e-14 0.0000000000e+00 1.4599036590e-14 -2.7660297091e+01 0.0000000000e+00 0.0000000000e+00 0.0000000000e+00 2.2513154881e+01
157.47200000 -2.7540735027e+01 1.4679251077e-14 0.0000000000e+00 1.4679251077e-14 -2.7540735027e+01 0.0000000000e+00 0.0000000000e+00 0.0000000000e+00 2.2524706381e+01
157.62400000 -2.7421773365e+01 1.4358393130e-14 0.0000000000e+00 1.4358393130e-14 -2.7421773365e+01 0.0000000000e+00 0.0000000000e+00 0.0000000000e+00 2.2536284101e+01
157.77600000 -2.7303407675e+01 1.4679251077e-14 0.0000000000e+00 1.4679251077e-14 -2.7303407675e+01 0.0000000000e+00 0.0000000000e+00 0.0000000000e+00 2.2547888113e+01
157.92800000 -2.7185633571e+01 1.4358393130e-14 0.0000000000e+00 1.4358393130e-14 -2.7185633571e+01 0.0000000000e+00 0.0000000000e+00 0.0000000000e+00 2.2559518490e+01
158.08000000 -2.7068446711e+01 1.4358393130e-14 0.0000000000e+00 1.4358393130e-14 -2.7068446711e+01 0.0000000000e+00 0.0000000000e+00 0.0000000000e+00 2.2571175307e+01
158.23200000 -2.6951842791e+01 1.4358393130e-14 0.0000000000e+00 1.4358393130e-14 -2.6951842791e+01 0.0000000000e+00 0.0000000000e+00 0.0000000000e+00 2.2582858637e+01
158.38400000 -2.6835817552e+01 1.4358393130e-14 0.0000000000e+00 1.4358393130e-14 -2.6835817552e+01 0.0000000000e+00 0.0000000000e+00 0.0000000000e+00 2.2594568555e+01
158.53600000 -2.6720366772e+01 1.4358393130e-14 0.0000000000e+00 1.4358393130e-14 -2.6720366772e+01 0.0000000000e+00 0.0000000000e+00 0.0000000000e+00 2.2606305135e+01
158.68800000 -2.6605486273e+01 1.4037535183e-14 0.0000000000e+00 1.4037535183e-14 -2.6605486273e+01 0.0000000000e+00 0.0000000000e+00 0.0000000000e+00 2.2618068452e+01
158.84000000 -2.6491171913e+01 1.4358393130e-14 0.0000000000e+00 1.4358393130e-14 -2.6491171913e+01 0.0000000000e+00 0.0000000000e+00 0.0000000000e+00 2.2629858581e+01
158.99200000 -2.6377419591e+01 1.4358393130e-14 0.0000000000e+00 1.4358393130e-14 -2.6377419591e+01 0.0000000000e+00 0.0000000000e+00 0.0000000000e+00 2.2641675598e+01
159.14400000 -2.6264225246e+01 1.4358393130e-14 0.0000000000e+00 1.4358393130e-14 -2.6264225246e+01 0.0000000000e+00 0.0000000000e+00 0.0000000000e+00 2.2653519578e+01
159.29600000 -2.6151584853e+01 1.4358393130e-14 0.0000000000e+00 1.4358393130e-14 -2.6151584853e+01 0.0000000000e+00 0.0000000000e+00 0.0000000000e+00 2.2665390598e+01
159.44800000 -2.6039494426e+01 1.4037535183e-14 0.0000000000e+00 1.4037535183e-14 -2.6039494426e+01 0.0000000000e+00 0.0000000000e+00 0.0000000000e+00 2.2677288734e+01
159.60000000 -2.5927950018e+01 1.4037535183e-14 0.0000000000e+00 1.4037535183e-14 -2.5927950018e+01 0.0000000000e+00 0.0000000000e+00 0.0000000000e+00 2.2689214062e+01
159.75200000 -2.5816947715e+01 1.4037535183e-14 0.0000000000e+00 1.4037535183e-14 -2.5816947715e+01 0.0000000000e+00 0.0000000000e+00 0.0000000000e+00 2.2701166661e+01
159.90400000 -2.5706483644e+01 1.4037535183e-14 0.0000000000e+00 1.4037535183e-14 -2.5706483644e+01 0.0000000000e+00 0.0000000000e+00 0.0000000000e+00 2.2713146606e+01
160.05600000 -2.5596553965e+01 1.4037535183e-14 0.0000000000e+00 1.4037535183e-14 -2.5596553965e+01 0.0000000000e+00 0.0000000000e+00 0.0000000000e+00 2.2725153975e+01
160.20800000 -2.5487154875e+01 1.4037535183e-14 0.0000000000e+00 1.4037535183e-14 -2.5487154875e+01 0.0000000000e+00 0.0000000000e+00 0.0000000000e+00 2.2737188847e+01
160.36000000 -2.5378282606e+01 1.4037535183e-14 0.0000000000e+00 1.4037535183e-14 -2.5378282606e+01 0.0000000000e+00 0.0000000000e+00 0.0000000000e+00 2.2749251300e+01
160.51200000 -2.5269933426e+01 1.3716677236e-14 0.0000000000e+00 1.3716677236e-14 -2.5269933426e+01 0.0000000000e+00 0.0000000000e+00 0.0000000000e+00 2.2761341412e+01
160.66400000 -2.5162103636e+01 1.3716677236e-14 0.0000000000e+00 1.3716677236e-14 -2.5162103636e+01 0.0000000000e+00 0.0000000000e+00 0.0000000000e+00 2.2773459262e+01
160.81600000 -2.5054789572e+01 1.3716677236e-14 0.0000000000e+00 1.3716677236e-14 -2.5054789572e+01 0.0000000000e+00 0.0000000000e+00 0.0000000000e+00 2.2785604929e+01
160.96800000 -2.4947987603e+01 1.3716677236e-14 0.0000000000e+00 1.3716677236e-14 -2.4947987603e+01 0.0000000000e+00 0.0000000000e+00 0.0000000000e+00 2.2797778493e+01
161.12000000 -2.4841694132e+01 1.3716677236e-14 0.0000000000e+00 1.3716677236e-14 -2.4841694132e+01 0.0000000000e+00 0.0000000000e+00 0.0000000000e+00 2.2809980034e+01
161.27200000 -2.4735905594e+01 1.3395819289e-14 0.0000000000e+00 1.3395819289e-14 -2.4735905594e+01 0.0000000000e+00 0.0000000000e+00 0.0000000000e+00 2.2822209632e+01
161.42400000 -2.4630618459e+01 1.3395819289e-14 0.0000000000e+00 1.3395819289e-14 -2.4630618459e+01 0.0000000000e+00 0.0000000000e+00 0.0000000000e+00 2.2834467367e+01
161.57600000 -2.4525829227e+01 1.3716677236e-14 0.0000000000e+00 1.3716677236e-14 -2.4525829227e+01 0.0000000000e+00 0.0000000000e+00 0.0000000000e+00 2.2846753319e+01
161.72800000 -2.4421534430e+01 1.3716677236e-14 0.0000000000e+00 1.3716677236e-14 -2.4421534430e+01 0.0000000000e+00 0.0000000000e+00 0.0000000000e+00 2.2859067572e+01
161.88000000 -2.4317730631e+01 1.3395819289e-14 0.0000000000e+00 1.3395819289e-14 -2.4317730631e+01 0.0000000000e+00 0.0000000000e+00 0.0000000000e+00 2.2871410204e+01
162.03200000 -2.4214414427e+01 1.3716677236e-14 0.0000000000e+00 1.3716677236e-14 -2.4214414427e+01 0.0000000000e+00 0.0000000000e+00 0.0000000000e+00 2.2883781299e+01
162.18400000 -2.4111582442e+01 1.3716677236e-14 0.0000000000e+00 1.3716677236e-14 -2.4111582442e+01 0.0000000000e+00 0.0000000000e+00 0.0000000000e+00 2.2896180939e+01
162.33600000 -2.4009231333e+01 1.3395819289e-14 0.0000000000e+00 1.3395819289e-14 -2.4009231333e+01 0.0000000000e+00 0.0000000000e+00 0.0000000000e+00 2.2908609206e+01
162.48800000 -2.3907357787e+01 1.3395819289e-14 0.0000000000e+00 1.3395819289e-14 -2.3907357787e+01 0.0000000000e+00 0.0000000000e+00 0.0000000000e+00 2.2921066183e+01
162.64000000 -2.3805958519e+01 1.3395819289e-14 0.0000000000e+00 1.3395819289e-14 -2.3805958519e+01 0.0000000000e+00 0.0000000000e+00 0.0000000000e+00 2.2933551952e+01
162.79200000 -2.3705030275e+01 1.3395819289e-14 0.0000000000e+00 1.3395819289e-14 -2.3705030275e+01 0.0000000000e+00 0.0000000000e+00 0.0000000000e+00 2.2946066598e+01
162.94400000 -2.3604569830e+01 1.3395819289e-14 0.0000000000e+00 1.3395819289e-14 -2.3604569830e+01 0.0000000000e+00 0.0000000000e+00 0.0000000000e+00 2.2958610204e+01
163.09600000 -2.3504573988e+01 1.3395819289e-14 0.0000000000e+00 1.3395819289e-14 -2.3504573988e+01 0.0000000000e+00 0.0000000000e+00 0.0000000000e+00 2.2971182855e+01
163.24800000 -2.3405039579e+01 1.3395819289e-14 0.0000000000e+00 1.3395819289e-14 -2.3405039579e+01 0.0000000000e+00 0.0000000000e+00 0.0000000000e+00 2.2983784634e+01
163.40000000 -2.3305963464e+01 1.3074961342e-14 0.0000000000e+00 1.3074961342e-14 -2.3305963464e+01 0.0000000000e+00 0.0000000000e+00 0.0000000000e+00 2.2996415627e+01
163.55200000 -2.3207342531e+01 1.3074961342e-14 0.0000000000e+00 1.3074961342e-14 -2.3207342531e+01 0.0000000000e+00 0.0000000000e+00 0.0000000000e+00 2.3009075919e+01
163.70400000 -2.3109173695e+01 1.3074961342e-14 0.0000000000e+00 1.3074961342e-14 -2.3109173695e+01 0.0000000000e+00 0.0000000000e+00 0.0000000000e+00 2.3021765596e+01
163.85600000 -2.3011453900e+01 1.3395819289e-14 0.0000000000e+00 1.3395819289e-14 -2.3011453900e+01 0.0000000000e+00 0.0000000000e+00 0.0000000000e+00 2.3034484742e+01
164.00800000 -2.2914180114e+01 1.3074961342e-14 0.0000000000e+00 1.3074961342e-14 -2.2914180114e+01 0.0000000000e+00 0.0000000000e+00 0.0000000000e+00 2.3047233446e+01
164.16000000 -2.2817349334e+01 1.3074961342e-14 0.0000000000e+00 1.3074961342e-14 -2.2817349334e+01 0.0000000000e+00 0.0000000000e+00 0.0000000000e+00 2.3060011792e+01
164.31200000 -2.2720958582e+01 1.3155175828e-14 0.0000000000e+00 1.3155175828e-14 -2.2720958582e+01 0.0000000000e+00 0.0000000000e+00 0.0000000000e+00 2.3072819869e+01
164.46400000 -2.2625004907e+01 1.3074961342e-14 0.0000000000e+00 1.3074961342e-14 -2.2625004907e+01 0.0000000000e+00 0.0000000000e+00 0.0000000000e+00 2.3085657763e+01
164.61600000 -2.2529485383e+01 1.2754103395e-14 0.0000000000e+00 1.2754103395e-14 -2.2529485383e+01 0.0000000000e+00 0.0000000000e+00 0.0000000000e+00 2.3098525562e+01
164.76800000 -2.2434397111e+01 1.3074961342e-14 0.0000000000e+00 1.3074961342e-14 -2.2434397111e+01 0.0000000000e+00 0.0000000000e+00 0.0000000000e+00 2.3111423355e+01
164.92000000 -2.2339737214e+01 1.3074961342e-14 0.0000000000e+00 1.3074961342e-14 -2.2339737214e+01 0.0000000000e+00 0.0000000000e+00 0.0000000000e+00 2.3124351229e+01
165.07200000 -2.2245502844e+01 1.2754103395e-14 0.0000000000e+00 1.2754103395e-14 -2.2245502844e+01 0.0000000000e+00 0.0000000000e+00 0.0000000000e+00 2.3137309273e+01
165.22400000 -2.2151691176e+01 1.2754103395e-14 0.0000000000e+00 1.2754103395e-14 -2.2151691176e+01 0.0000000000e+00 0.0000000000e+00 0.0000000000e+00 2.3150297577e+01
165.37600000 -2.2058299407e+01 1.2754103395e-14 0.0000000000e+00 1.2754103395e-14 -2.2058299407e+01 0.0000000000e+00 0.0000000000e+00 0.0000000000e+00 2.3163316230e+01
165.52800000 -2.1965324762e+01 1.2754103395e-14 0.0000000000e+00 1.2754103395e-14 -2.1965324762e+01 0.0000000000e+00 0.0000000000e+00 0.0000000000e+00 2.3176365321e+01
165.68000000 -2.1872764487e+01 1.2754103395e-14 0.0000000000e+00 1.2754103395e-14 -2.1872764487e+01 0.0000000000e+00 0.0000000000e+00 0.0000000000e+00 2.3189444942e+01
165.83200000 -2.1780615854e+01 1.2754103395e-14 0.0000000000e+00 1.2754103395e-14 -2.1780615854e+01 0.0000000000e+00 0.0000000000e+00 0.0000000000e+00 2.3202555182e+01
165.98400000 -2.1688876157e+01 1.2834317881e-14 0.0000000000e+00 1.2834317881e-14 -2.1688876157e+01 0.0000000000e+00 0.0000000000e+00 0.0000000000e+00 2.3215696134e+01
166.13600000 -2.1597542713e+01 1.2754103395e-14 0.0000000000e+00 1.2754103395e-14 -2.1597542713e+01 0.0000000000e+00 0.0000000000e+00 0.0000000000e+00 2.3228867887e+01
166.28800000 -2.1506612862e+01 1.2834317881e-14 0.0000000000e+00 1.2834317881e-14 -2.1506612862e+01 0.0000000000e+00 0.0000000000e+00 0.0000000000e+00 2.3242070534e+01
166.44000000 -2.1416083967e+01 1.2513459934e-14 0.0000000000e+00 1.2513459934e-14 -2.1416083967e+01 0.0000000000e+00 0.0000000000e+00 0.0000000000e+00 2.3255304167e+01
166.59200000 -2.1325953413e+01 1.2754103395e-14 0.0000000000e+00 1.2754103395e-14 -2.1325953413e+01 0.0000000000e+00 0.0000000000e+00 0.0000000000e+00 2.3268568879e+01
166.74400000 -2.1236218609e+01 1.2433245448e-14 0.0000000000e+00 1.2433245448e-14 -2.1236218609e+01 0.0000000000e+00 0.0000000000e+00 0.0000000000e+00 2.3281864762e+01
166.89600000 -2.1146876982e+01 1.2433245448e-14 0.0000000000e+00 1.2433245448e-14 -2.1146876982e+01 0.0000000000e+00 0.0000000000e+00 0.0000000000e+00 2.3295191910e+01
167.04800000 -2.1057925986e+01 1.2433245448e-14 0.0000000000e+00 1.2433245448e-14 -2.1057925986e+01 0.0000000000e+00 0.0000000000e+00 0.0000000000e+00 2.3308550417e+01
167.20000000 -2.0969363091e+01 1.2834317881e-14 0.0000000000e+00 1.2834317881e-14 -2.0969363091e+01 0.0000000000e+00 0.0000000000e+00 0.0000000000e+00 2.3321940376e+01
167.35200000 -2.0881185792e+01 1.2433245448e-14 0.0000000000e+00 1.2433245448e-14 -2.0881185792e+01 0.0000000000e+00 0.0000000000e+00 0.0000000000e+00 2.3335361882e+01
167.50400000 -2.0793391603e+01 1.2433245448e-14 0.0000000000e+00 1.2433245448e-14 -2.0793391603e+01 0.0000000000e+00 0.0000000000e+00 0.0000000000e+00 2.3348815030e+01
167.65600000 -2.0705978061e+01 1.2433245448e-14 0.0000000000e+00 1.2433245448e-14 -2.0705978061e+01 0.0000000000e+00 0.0000000000e+00 0.0000000000e+00 2.3362299915e+01
167.80800000 -2.0618942722e+01 1.2433245448e-14 0.0000000000e+00 1.2433245448e-14 -2.0618942722e+01 0.0000000000e+00 0.0000000000e+00 0.0000000000e+00 2.3375816634e+01
167.96000000 -2.0532283162e+01 1.2112387501e-14 0.0000000000e+00 1.2112387501e-14 -2.0532283162e+01 0.0000000000e+00 0.0000000000e+00 0.0000000000e+00 2.3389365281e+01
168.11200000 -2.0445996979e+01 1.2433245448e-14 0.0000000000e+00 1.2433245448e-14 -2.0445996979e+01 0.0000000000e+00 0.0000000000e+00 0.0000000000e+00 2.3402945954e+01
168.26400000 -2.0360081788e+01 1.2112387501e-14 0.0000000000e+00 1.2112387501e-14 -2.0360081788e+01 0.0000000000e+00 0.0000000000e+00 0.0000000000e+00 2.3416558749e+01
168.41600000 -2.0274535227e+01 1.2192601987e-14 0.0000000000e+00 1.2192601987e-14 -2.0274535227e+01 0.0000000000e+00 0.0000000000e+00 0.0000000000e+00 2.3430203763e+01
168.56800000 -2.0189354952e+01 1.2112387501e-14 0.0000000000e+00 1.2112387501e-14 -2.0189354952e+01 0.0000000000e+00 0.0000000000e+00 0.0000000000e+00 2.3443881096e+01
168.72000000 -2.0104538638e+01 1.2112387501e-14 0.0000000000e+00 1.2112387501e-14 -2.0104538638e+01 0.0000000000e+00 0.0000000000e+00 0.0000000000e+00 2.3457590843e+01
168.87200000 -2.0020083979e+01 1.2192601987e-14 0.0000000000e+00 1.2192601987e-14 -2.0020083979e+01 0.0000000000e+00 0.0000000000e+00 0.0000000000e+00 2.3471333105e+01
169.02400000 -1.9935988691e+01 1.2112387501e-14 0.0000000000e+00 1.2112387501e-14 -1.9935988691e+01 0.0000000000e+00 0.0000000000e+00 0.0000000000e+00 2.3485107980e+01
169.17600000 -1.9852250503e+01 1.2112387501e-14 0.0000000000e+00 1.2112387501e-14 -1.9852250503e+01 0.0000000000e+00 0.0000000000e+00 0.0000000000e+00 2.3498915568e+01
169.32800000 -1.9768867169e+01 1.2112387501e-14 0.0000000000e+00 1.2112387501e-14 -1.9768867169e+01 0.0000000000e+00 0.0000000000e+00 0.0000000000e+00 2.3512755967e+01
169.48000000 -1.9685836457e+01 1.2192601987e-14 0.0000000000e+00 1.2192601987e-14 -1.9685836457e+01 0.0000000000e+00 0.0000000000e+00 0.0000000000e+00 2.3526629279e+01
169.63200000 -1.9603156154e+01 1.1791529554e-14 0.0000000000e+00 1.1791529554e-14 -1.9603156154e+01 0.0000000000e+00 0.0000000000e+00 0.0000000000e+00 2.3540535605e+01
169.78400000 -1.9520824066e+01 1.1791529554e-14 0.0000000000e+00 1.1791529554e-14 -1.9520824066e+01 0.0000000000e+00 0.0000000000e+00 0.0000000000e+00 2.3554475045e+01
169.93600000 -1.9438838016e+01 1.1871744040e-14 0.0000000000e+00 1.1871744040e-14 -1.9438838016e+01 0.0000000000e+00 0.0000000000e+00 0.0000000000e+00 2.3568447700e+01
170.08800000 -1.9357195846e+01 1.1871744040e-14 0.0000000000e+00 1.1871744040e-14 -1.9357195846e+01 0.0000000000e+00 0.0000000000e+00 0.0000000000e+00 2.3582453673e+01
170.24000000 -1.9275895414e+01 1.2192601987e-14 0.0000000000e+00 1.2192601987e-14 -1.9275895414e+01 0.0000000000e+00 0.0000000000e+00 0.0000000000e+00 2.3596493067e+01
170.39200000 -1.9194934595e+01 1.2112387501e-14 0.0000000000e+00 1.2112387501e-14 -1.9194934595e+01 0.0000000000e+00 0.0000000000e+00 0.0000000000e+00 2.3610565983e+01
170.54400000 -1.9114311283e+01 1.2192601987e-14 0.0000000000e+00 1.2192601987e-14 -1.9114311283e+01 0.0000000000e+00 0.0000000000e+00 0.0000000000e+00 2.3624672526e+01
170.69600000 -1.9034023387e+01 1.1791529554e-14 0.0000000000e+00 1.1791529554e-14 -1.9034023387e+01 0.0000000000e+00 0.0000000000e+00 0.0000000000e+00 2.3638812798e+01
170.84800000 -1.8954068834e+01 1.1791529554e-14 0.0000000000e+00 1.1791529554e-14 -1.8954068834e+01 0.0000000000e+00 0.0000000000e+00 0.0000000000e+00 2.3652986905e+01
171.00000000 -1.8874445568e+01 1.1871744040e-14 0.0000000000e+00 1.1871744040e-14 -1.8874445568e+01 0.0000000000e+00 0.0000000000e+00 0.0000000000e+00 2.3667194951e+01
171.15200000 -1.8795151547e+01 1.1871744040e-14 0.0000000000e+00 1.1871744040e-14 -1.8795151547e+01 0.0000000000e+00 0.0000000000e+00 0.0000000000e+00 2.3681437040e+01
171.30400000 -1.8716184748e+01 1.1550886093e-14 0.0000000000e+00 1.1550886093e-14 -1.8716184748e+01 0.0000000000e+00 0.0000000000e+00 0.0000000000e+00 2.3695713279e+01
171.45600000 -1.8637543164e+01 1.1791529554e-14 0.0000000000e+00 1.1791529554e-14 -1.8637543164e+01 0.0000000000e+00 0.0000000000e+00 0.0000000000e+00 2.3710023773e+01
171.60800000 -1.8559224801e+01 1.1871744040e-14 0.0000000000e+00 1.1871744040e-14 -1.8559224801e+01 0.0000000000e+00 0.0000000000e+00 0.0000000000e+00 2.3724368629e+01
171.76000000 -1.8481227684e+01 1.1791529554e-14 0.0000000000e+00 1.1791529554e-14 -1.8481227684e+01 0.0000000000e+00 0.0000000000e+00 0.0000000000e+00 2.3738747953e+01
171.91200000 -1.8403549853e+01 1.1791529554e-14 0.0000000000e+00 1.1791529554e-14 -1.8403549853e+01 0.0000000000e+00 0.0000000000e+00 0.0000000000e+00 2.3753161854e+01
172.06400000 -1.8326189362e+01 1.1470671607e-14 0.0000000000e+00 1.1470671607e-14 -1.8326189362e+01 0.0000000000e+00 0.0000000000e+00 0.0000000000e+00 2.3767610438e+01
172.21600000 -1.8249144283e+01 1.1550886093e-14 0.0000000000e+00 1.1550886093e-14 -1.8249144283e+01 0.0000000000e+00 0.0000000000e+00 0.0000000000e+00 2.3782093814e+01
172.36800000 -1.8172412699e+01 1.1791529554e-14 0.0000000000e+00 1.1791529554e-14 -1.8172412699e+01 0.0000000000e+00 0.0000000000e+00 0.0000000000e+00 2.3796612092e+01
172.52000000 -1.8095992713e+01 1.1470671607e-14 0.0000000000e+00 1.1470671607e-14 -1.8095992713e+01 0.0000000000e+00 0.0000000000e+00 0.0000000000e+00 2.3811165379e+01
172.67200000 -1.8019882439e+01 1.1550886093e-14 0.0000000000e+00 1.1550886093e-14 -1.8019882439e+01 0.0000000000e+00 0.0000000000e+00 0.0000000000e+00 2.3825753786e+01
172.82400000 -1.7944080008e+01 1.1470671607e-14 0.0000000000e+00 1.1470671607e-14 -1.7944080008e+01 0.0000000000e+00 0.0000000000e+00 0.0000000000e+00 2.3840377423e+01
172.97600000 -1.7868583565e+01 1.1470671607e-14 0.0000000000e+00 1.1470671607e-14 -1.7868583565e+01 0.0000000000e+00 0.0000000000e+00 0.0000000000e+00 2.3855036400e+01
173.12800000 -1.7793391269e+01 1.1470671607e-14 0.0000000000e+00 1.1470671607e-14 -1.7793391269e+01 0.0000000000e+00 0.0000000000e+00 0.0000000000e+00 2.3869730829e+01
173.28000000 -1.7718501293e+01 1.1470671607e-14 0.0000000000e+00 1.1470671607e-14 -1.7718501293e+01 0.0000000000e+00 0.0000000000e+00 0.0000000000e+00 2.3884460822e+01
173.43200000 -1.7643911826e+01 1.1470671607e-14 0.0000000000e+00 1.1470671607e-14 -1.7643911826e+01 0.0000000000e+00 0.0000000000e+00 0.0000000000e+00 2.3899226490e+01
173.58400000 -1.7569621069e+01 1.1149813659e-14 0.0000000000e+00 1.1149813659e-14 -1.7569621069e+01 0.0000000000e+00 0.0000000000e+00 0.0000000000e+00 2.3914027946e+01
173.73600000 -1.7495627238e+01 1.1230028146e-14 0.0000000000e+00 1.1230028146e-14 -1.7495627238e+01 0.0000000000e+00 0.0000000000e+00 0.0000000000e+00 2.3928865303e+01
173.88800000 -1.7421928563e+01 1.1470671607e-14 0.0000000000e+00 1.1470671607e-14 -1.7421928563e+01 0.0000000000e+00 0.0000000000e+00 0.0000000000e+00 2.3943738675e+01
174.04000000 -1.7348523288e+01 1.1550886093e-14 0.0000000000e+00 1.1550886093e-14 -1.7348523288e+01 0.0000000000e+00 0.0000000000e+00 0.0000000000e+00 2.3958648176e+01
174.19200000 -1.7275409668e+01 1.1550886093e-14 0.0000000000e+00 1.1550886093e-14 -1.7275409668e+01 0.0000000000e+00 0.0000000000e+00 0.0000000000e+00 2.3973593920e+01
174.34400000 -1.7202585973e+01 1.1149813659e-14 0.0000000000e+00 1.1149813659e-14 -1.7202585973e+01 0.0000000000e+00 0.0000000000e+00 0.0000000000e+00 2.3988576023e+01
174.49600000 -1.7130050489e+01 1.1149813659e-14 0.0000000000e+00 1.1149813659e-14 -1.7130050489e+01 0.0000000000e+00 0.0000000000e+00 0.0000000000e+00 2.4003594600e+01
174.64800000 -1.7057801510e+01 1.1230028146e-14 0.0000000000e+00 1.1230028146e-14 -1.7057801510e+01 0.0000000000e+00 0.0000000000e+00 0.0000000000e+00 2.4018649767e+01
174.80000000 -1.6985837346e+01 1.1149813659e-14 0.0000000000e+00 1.1149813659e-14 -1.6985837346e+01 0.0000000000e+00 0.0000000000e+00 0.0000000000e+00 2.4033741641e+01
174.95200000 -1.6914156321e+01 1.1149813659e-14 0.0000000000e+00 1.1149813659e-14 -1.6914156321e+01 0.0000000000e+00 0.0000000000e+00 0.0000000000e+00 2.4048870338e+01
175.10400000 -1.6842756768e+01 1.0909170199e-14 0.0000000000e+00 1.0909170199e-14 -1.6842756768e+01 0.0000000000e+00 0.0000000000e+00 0.0000000000e+00 2.4064035978e+01
175.25600000 -1.6771637037e+01 1.0909170199e-14 0.0000000000e+00 1.0909170199e-14 -1.6771637037e+01 0.0000000000e+00 0.0000000000e+00 0.0000000000e+00 2.4079238677e+01
175.40800000 -1.6700795486e+01 1.1230028146e-14 0.0000000000e+00 1.1230028146e-14 -1.6700795486e+01 0.0000000000e+00 0.0000000000e+00 0.0000000000e+00 2.4094478555e+01
175.56000000 -1.6630230490e+01 1.1230028146e-14 0.0000000000e+00 1.1230028146e-14 -1.6630230490e+01 0.0000000000e+00 0.0000000000e+00 0.0000000000e+00 2.4109755731e+01
175.71200000 -1.6559940433e+01 1.1149813659e-14 0.0000000000e+00 1.1149813659e-14 -1.6559940433e+01 0.0000000000e+00 0.0000000000e+00 0.0000000000e+00 2.4125070324e+01
175.86400000 -1.6489923712e+01 1.1230028146e-14 0.0000000000e+00 1.1230028146e-14 -1.6489923712e+01 0.0000000000e+00 0.0000000000e+00 0.0000000000e+00 2.4140422455e+01
176.01600000 -1.6420178737e+01 1.0828955712e-14 0.0000000000e+00 1.0828955712e-14 -1.6420178737e+01 0.0000000000e+00 0.0000000000e+00 0.0000000000e+00 2.4155812245e+01
176.16800000 -1.6350703928e+01 1.0828955712e-14 0.0000000000e+00 1.0828955712e-14 -1.6350703928e+01 0.0000000000e+00 0.0000000000e+00 0.0000000000e+00 2.4171239814e+01
176.32000000 -1.6281497720e+01 1.0828955712e-14 0.0000000000e+00 1.0828955712e-14 -1.6281497720e+01 0.0000000000e+00 0.0000000000e+00 0.0000000000e+00 2.4186705285e+01
176.47200000 -1.6212558556e+01 1.0828955712e-14 0.0000000000e+00 1.0828955712e-14 -1.6212558556e+01 0.0000000000e+00 0.0000000000e+00 0.0000000000e+00 2.4202208781e+01
176.62400000 -1.6143884893e+01 1.0909170199e-14 0.0000000000e+00 1.0909170199e-14 -1.6143884893e+01 0.0000000000e+00 0.0000000000e+00 0.0000000000e+00 2.4217750424e+01
176.77600000 -1.6075475200e+01 1.0828955712e-14 0.0000000000e+00 1.0828955712e-14 -1.6075475200e+01 0.0000000000e+00 0.0000000000e+00 0.0000000000e+00 2.4233330338e+01
176.92800000 -1.6007327954e+01 1.0909170199e-14 0.0000000000e+00 1.0909170199e-14 -1.6007327954e+01 0.0000000000e+00 0.0000000000e+00 0.0000000000e+00 2.4248948647e+01
177.08000000 -1.5939441648e+01 1.0909170199e-14 0.0000000000e+00 1.0909170199e-14 -1.5939441648e+01 0.0000000000e+00 0.0000000000e+00 0.0000000000e+00 2.4264605475e+01
177.23200000 -1.5871814782e+01 1.0909170199e-14 0.0000000000e+00 1.0909170199e-14 -1.5871814782e+01 0.0000000000e+00 0.0000000000e+00 0.0000000000e+00 2.4280300948e+01
177.38400000 -1.5804445870e+01 1.0909170199e-14 0.0000000000e+00 1.0909170199e-14 -1.5804445870e+01 0.0000000000e+00 0.0000000000e+00 0.0000000000e+00 2.4296035192e+01
177.53600000 -1.5737333436e+01 1.0828955712e-14 0.0000000000e+00 1.0828955712e-14 -1.5737333436e+01 0.0000000000e+00 0.0000000000e+00 0.0000000000e+00 2.4311808332e+01
177.68800000 -1.5670476013e+01 1.0909170199e-14 0.0000000000e+00 1.0909170199e-14 -1.5670476013e+01 0.0000000000e+00 0.0000000000e+00 0.0000000000e+00 2.4327620497e+01
177.84000000 -1.5603872149e+01 1.0909170199e-14 0.0000000000e+00 1.0909170199e-14 -1.5603872149e+01 0.0000000000e+00 0.0000000000e+00 0.0000000000e+00 2.4343471812e+01
177.99200000 -1.5537520398e+01 1.0909170199e-14 0.0000000000e+00 1.0909170199e-14 -1.5537520398e+01 0.0000000000e+00 0.0000000000e+00 0.0000000000e+00 2.4359362407e+01
178.14400000 -1.5471419328e+01 1.0909170199e-14 0.0000000000e+00 1.0909170199e-14 -1.5471419328e+01 0.0000000000e+00 0.0000000000e+00 0.0000000000e+00 2.4375292410e+01
178.29600000 -1.5405567516e+01 1.0828955712e-14 0.0000000000e+00 1.0828955712e-14 -1.5405567516e+01 0.0000000000e+00 0.0000000000e+00 0.0000000000e+00 2.4391261950e+01
178.44800000 -1.5339963550e+01 1.0909170199e-14 0.0000000000e+00 1.0909170199e-14 -1.5339963550e+01 0.0000000000e+00 0.0000000000e+00 0.0000000000e+00 2.4407271157e+01
178.60000000 -1.5274606028e+01 1.0508097765e-14 0.0000000000e+00 1.0508097765e-14 -1.5274606028e+01 0.0000000000e+00 0.0000000000e+00 0.0000000000e+00 2.4423320162e+01
178.75200000 -1.5209493557e+01 1.0909170199e-14 0.0000000000e+00 1.0909170199e-14 -1.5209493557e+01 0.0000000000e+00 0.0000000000e+00 0.0000000000e+00 2.4439409094e+01
178.90400000 -1.5144624757e+01 1.0508097765e-14 0.0000000000e+00 1.0508097765e-14 -1.5144624757e+01 0.0000000000e+00 0.0000000000e+00 0.0000000000e+00 2.4455538087e+01
179.05600000 -1.5079998255e+01 1.0588312252e-14 0.0000000000e+00 1.0588312252e-14 -1.5079998255e+01 0.0000000000e+00 0.0000000000e+00 0.0000000000e+00 2.4471707272e+01
179.20800000 -1.5015612690e+01 1.0588312252e-14 0.0000000000e+00 1.0588312252e-14 -1.5015612690e+01 0.0000000000e+00 0.0000000000e+00 0.0000000000e+00 2.4487916781e+01
179.36000000 -1.4951466710e+01 1.0508097765e-14 0.0000000000e+00 1.0508097765e-14 -1.4951466710e+01 0.0000000000e+00 0.0000000000e+00 0.0000000000e+00 2.4504166749e+01
179.51200000 -1.4887558972e+01 1.0588312252e-14 0.0000000000e+00 1.0588312252e-14 -1.4887558972e+01 0.0000000000e+00 0.0000000000e+00 0.0000000000e+00 2.4520457308e+01
179.66400000 -1.4823888145e+01 1.0588312252e-14 0.0000000000e+00 1.0588312252e-14 -1.4823888145e+01 0.0000000000e+00 0.0000000000e+00 0.0000000000e+00 2.4536788595e+01
179.81600000 -1.4760452905e+01 1.0588312252e-14 0.0000000000e+00 1.0588312252e-14 -1.4760452905e+01 0.0000000000e+00 0.0000000000e+00 0.0000000000e+00 2.4553160744e+01
179.96800000 -1.4697251939e+01 1.0588312252e-14 0.0000000000e+00 1.0588312252e-14 -1.4697251939e+01 0.0000000000e+00 0.0000000000e+00 0.0000000000e+00 2.4569573890e+01
180.12000000 -1.4634283943e+01 1.0508097765e-14 0.0000000000e+00 1.0508097765e-14 -1.4634283943e+01 0.0000000000e+00 0.0000000000e+00 0.0000000000e+00 2.4586028170e+01
180.27200000 -1.4571547622e+01 1.0588312252e-14 0.0000000000e+00 1.0588312252e-14 -1.4571547622e+01 0.0000000000e+00 0.0000000000e+00 0.0000000000e+00 2.4602523722e+01
180.42400000 -1.4509041691e+01 1.0588312252e-14 0.0000000000e+00 1.0588312252e-14 -1.4509041691e+01 0.0000000000e+00 0.0000000000e+00 0.0000000000e+00 2.4619060683e+01
180.57600000 -1.4446764874e+01 1.0588312252e-14 0.0000000000e+00 1.0588312252e-14 -1.4446764874e+01 0.0000000000e+00 0.0000000000e+00 0.0000000000e+00 2.4635639191e+01
180.72800000 -1.4384715902e+01 1.0588312252e-14 0.0000000000e+00 1.0588312252e-14 -1.4384715902e+01 0.0000000000e+00 0.0000000000e+00 0.0000000000e+00 2.4652259386e+01
180.88000000 -1.4322893519e+01 1.0427883279e-14 0.0000000000e+00 1.0427883279e-14 -1.4322893519e+01 0.0000000000e+00 0.0000000000e+00 0.0000000000e+00 2.4668921406e+01
181.03200000 -1.4261296475e+01 1.0427883279e-14 0.0000000000e+00 1.0427883279e-14 -1.4261296475e+01 0.0000000000e+00 0.0000000000e+00 0.0000000000e+00 2.4685625393e+01
181.18400000 -1.4199923529e+01 1.0267454305e-14 0.0000000000e+00 1.0267454305e-14 -1.4199923529e+01 0.0000000000e+00 0.0000000000e+00 0.0000000000e+00 2.4702371487e+01
181.33600000 -1.4138773449e+01 1.0427883279e-14 0.0000000000e+00 1.0427883279e-14 -1.4138773449e+01 0.0000000000e+00 0.0000000000e+00 0.0000000000e+00 2.4719159829e+01
181.48800000 -1.4077845013e+01 1.0267454305e-14 0.0000000000e+00 1.0267454305e-14 -1.4077845013e+01 0.0000000000e+00 0.0000000000e+00 0.0000000000e+00 2.4735990562e+01
181.64000000 -1.4017137007e+01 1.0427883279e-14 0.0000000000e+00 1.0427883279e-14 -1.4017137007e+01 0.0000000000e+00 0.0000000000e+00 0.0000000000e+00 2.4752863829e+01
181.79200000 -1.3956648223e+01 1.0267454305e-14 0.0000000000e+00 1.0267454305e-14 -1.3956648223e+01 0.0000000000e+00 0.0000000000e+00 0.0000000000e+00 2.4769779772e+01
181.94400000 -1.3896377466e+01 1.0267454305e-14 0.0000000000e+00 1.0267454305e-14 -1.3896377466e+01 0.0000000000e+00 0.0000000000e+00 0.0000000000e+00 2.4786738538e+01
182.09600000 -1.3836323546e+01 1.0267454305e-14 0.0000000000e+00 1.0267454305e-14 -1.3836323546e+01 0.0000000000e+00 0.0000000000e+00 0.0000000000e+00 2.4803740269e+01
182.24800000 -1.3776485281e+01 1.0267454305e-14 0.0000000000e+00 1.0267454305e-14 -1.3776485281e+01 0.0000000000e+00 0.0000000000e+00 0.0000000000e+00 2.4820785113e+01
182.40000000 -1.3716861501e+01 1.0107025332e-14 0.0000000000e+00 1.0107025332e-14 -1.3716861501e+01 0.0000000000e+00 0.0000000000e+00 0.0000000000e+00 2.4837873214e+01
182.55200000 -1.3657451040e+01 1.0267454305e-14 0.0000000000e+00 1.0267454305e-14 -1.3657451040e+01 0.0000000000e+00 0.0000000000e+00 0.0000000000e+00 2.4855004720e+01
182.70400000 -1.3598252742e+01 1.0267454305e-14 0.0000000000e+00 1.0267454305e-14 -1.3598252742e+01 0.0000000000e+00 0.0000000000e+00 0.0000000000e+00 2.4872179779e+01
182.85600000 -1.3539265459e+01 1.0107025332e-14 0.0000000000e+00 1.0107025332e-14 -1.3539265459e+01 0.0000000000e+00 0.0000000000e+00 0.0000000000e+00 2.4889398538e+01
183.00800000 -1.3480488050e+01 1.0107025332e-14 0.0000000000e+00 1.0107025332e-14 -1.3480488050e+01 0.0000000000e+00 0.0000000000e+00 0.0000000000e+00 2.4906661147e+01
183.16000000 -1.3421919384e+01 1.0107025332e-14 0.0000000000e+00 1.0107025332e-14 -1.3421919384e+01 0.0000000000e+00 0.0000000000e+00 0.0000000000e+00 2.4923967755e+01
183.31200000 -1.3363558336e+01 1.0107025332e-14 0.0000000000e+00 1.0107025332e-14 -1.3363558336e+01 0.0000000000e+00 0.0000000000e+00 0.0000000000e+00 2.4941318513e+01
183.46400000 -1.3305403788e+01 9.9465963581e-15 0.0000000000e+00 9.9465963581e-15 -1.3305403788e+01 0.0000000000e+00 0.0000000000e+00 0.0000000000e+00 2.4958713572e+01
183.61600000 -1.3247454633e+01 9.9465963581e-15 0.0000000000e+00 9.9465963581e-15 -1.3247454633e+01 0.0000000000e+00 0.0000000000e+00 0.0000000000e+00 2.4976153083e+01
183.76800000 -1.3189709768e+01 9.9465963581e-15 0.0000000000e+00 9.9465963581e-15 -1.3189709768e+01 0.0000000000e+00 0.0000000000e+00 0.0000000000e+00 2.4993637200e+01
183.92000000 -1.3132168099e+01 1.0107025332e-14 0.0000000000e+00 1.0107025332e-14 -1.3132168099e+01 0.0000000000e+00 0.0000000000e+00 0.0000000000e+00 2.5011166074e+01
184.07200000 -1.3074828541e+01 9.9465963581e-15 0.0000000000e+00 9.9465963581e-15 -1.3074828541e+01 0.0000000000e+00 0.0000000000e+00 0.0000000000e+00 2.5028739861e+01
184.22400000 -1.3017690013e+01 9.9465963581e-15 0.0000000000e+00 9.9465963581e-15 -1.3017690013e+01 0.0000000000e+00 0.0000000000e+00 0.0000000000e+00 2.5046358714e+01
184.37600000 -1.2960751445e+01 9.9465963581e-15 0.0000000000e+00 9.9465963581e-15 -1.2960751445e+01 0.0000000000e+00 0.0000000000e+00 0.0000000000e+00 2.5064022789e+01
184.52800000 -1.2904011771e+01 9.9465963581e-15 0.0000000000e+00 9.9465963581e-15 -1.2904011771e+01 0.0000000000e+00 0.0000000000e+00 0.0000000000e+00 2.5081732243e+01
184.68000000 -1.2847469936e+01 9.8663818713e-15 0.0000000000e+00 9.8663818713e-15 -1.2847469936e+01 0.0000000000e+00 0.0000000000e+00 0.0000000000e+00 2.5099487232e+01
184.83200000 -1.2791124888e+01 9.9465963581e-15 0.0000000000e+00 9.9465963581e-15 -1.2791124888e+01 0.0000000000e+00 0.0000000000e+00 0.0000000000e+00 2.5117287914e+01
184.98400000 -1.2734975585e+01 9.9465963581e-15 0.0000000000e+00 9.9465963581e-15 -1.2734975585e+01 0.0000000000e+00 0.0000000000e+00 0.0000000000e+00 2.5135134446e+01
185.13600000 -1.2679020992e+01 1.0026810845e-14 0.0000000000e+00 1.0026810845e-14 -1.2679020992e+01 0.0000000000e+00 0.0000000000e+00 0.0000000000e+00 2.5153026989e+01
185.28800000 -1.2623260079e+01 9.7861673846e-15 0.0000000000e+00 9.7861673846e-15 -1.2623260079e+01 0.0000000000e+00 0.0000000000e+00 0.0000000000e+00 2.5170965702e+01
185.44000000 -1.2567691824e+01 9.7861673846e-15 0.0000000000e+00 9.7861673846e-15 -1.2567691824e+01 0.0000000000e+00 0.0000000000e+00 0.0000000000e+00 2.5188950745e+01
185.59200000 -1.2512315213e+01 9.9465963581e-15 0.0000000000e+00 9.9465963581e-15 -1.2512315213e+01 0.0000000000e+00 0.0000000000e+00 0.0000000000e+00 2.5206982281e+01
185.74400000 -1.2457129237e+01 9.7861673846e-15 0.0000000000e+00 9.7861673846e-15 -1.2457129237e+01 0.0000000000e+00 0.0000000000e+00 0.0000000000e+00 2.5225060470e+01
185.89600000 -1.2402132896e+01 9.7861673846e-15 0.0000000000e+00 9.7861673846e-15 -1.2402132896e+01 0.0000000000e+00 0.0000000000e+00 0.0000000000e+00 2.5243185477e+01
186.04800000 -1.2347325194e+01 9.7861673846e-15 0.0000000000e+00 9.7861673846e-15 -1.2347325194e+01 0.0000000000e+00 0.0000000000e+00 0.0000000000e+00 2.5261357464e+01
186.20000000 -1.2292705142e+01 9.6257384111e-15 0.0000000000e+00 9.6257384111e-15 -1.2292705142e+01 0.0000000000e+00 0.0000000000e+00 0.0000000000e+00 2.5279576597e+01
186.35200000 -1.2238271761e+01 9.7861673846e-15 0.0000000000e+00 9.7861673846e-15 -1.2238271761e+01 0.0000000000e+00 0.0000000000e+00 0.0000000000e+00 2.5297843040e+01
186.50400000 -1.2184024075e+01 9.6257384111e-15 0.0000000000e+00 9.6257384111e-15 -1.2184024075e+01 0.0000000000e+00 0.0000000000e+00 0.0000000000e+00 2.5316156960e+01
186.65600000 -1.2129961115e+01 9.7861673846e-15 0.0000000000e+00 9.7861673846e-15 -1.2129961115e+01 0.0000000000e+00 0.0000000000e+00 0.0000000000e+00 2.5334518523e+01
186.80800000 -1.2076081919e+01 9.7861673846e-15 0.0000000000e+00 9.7861673846e-15 -1.2076081919e+01 0.0000000000e+00 0.0000000000e+00 0.0000000000e+00 2.5352927898e+01
186.96000000 -1.2022385532e+01 9.6257384111e-15 0.0000000000e+00 9.6257384111e-15 -1.2022385532e+01 0.0000000000e+00 0.0000000000e+00 0.0000000000e+00 2.5371385252e+01
187.11200000 -1.1968871005e+01 9.7861673846e-15 0.0000000000e+00 9.7861673846e-15 -1.1968871005e+01 0.0000000000e+00 0.0000000000e+00 0.0000000000e+00 2.5389890755e+01
187.26400000 -1.1915537394e+01 9.6257384111e-15 0.0000000000e+00 9.6257384111e-15 -1.1915537394e+01 0.0000000000e+00 0.0000000000e+00 0.0000000000e+00 2.5408444577e+01
187.41600000 -1.1862383763e+01 9.6257384111e-15 0.0000000000e+00 9.6257384111e-15 -1.1862383763e+01 0.0000000000e+00 0.0000000000e+00 0.0000000000e+00 2.5427046889e+01
187.56800000 -1.1809409180e+01 9.6257384111e-15 0.0000000000e+00 9.6257384111e-15 -1.1809409180e+01 0.0000000000e+00 0.0000000000e+00 0.0000000000e+00 2.5445697862e+01
187.72000000 -1.1756612723e+01 9.6257384111e-15 0.0000000000e+00 9.6257384111e-15 -1.1756612723e+01 0.0000000000e+00 0.0000000000e+00 0.0000000000e+00 2.5464397670e+01
187.87200000 -1.1703993471e+01 9.6257384111e-15 0.0000000000e+00 9.6257384111e-15 -1.1703993471e+01 0.0000000000e+00 0.0000000000e+00 0.0000000000e+00 2.5483146486e+01
188.02400000 -1.1651550512e+01 9.4653094376e-15 0.0000000000e+00 9.4653094376e-15 -1.1651550512e+01 0.0000000000e+00 0.0000000000e+00 0.0000000000e+00 2.5501944483e+01
188.17600000 -1.1599282941e+01 9.6257384111e-15 0.0000000000e+00 9.6257384111e-15 -1.1599282941e+01 0.0000000000e+00 0.0000000000e+00 0.0000000000e+00 2.5520791838e+01
188.32800000 -1.1547189856e+01 9.6257384111e-15 0.0000000000e+00 9.6257384111e-15 -1.1547189856e+01 0.0000000000e+00 0.0000000000e+00 0.0000000000e+00 2.5539688725e+01
188.48000000 -1.1495270364e+01 9.5455239243e-15 0.0000000000e+00 9.5455239243e-15 -1.1495270364e+01 0.0000000000e+00 0.0000000000e+00 0.0000000000e+00 2.5558635323e+01
188.63200000 -1.1443523574e+01 9.4653094376e-15 0.0000000000e+00 9.4653094376e-15 -1.1443523574e+01 0.0000000000e+00 0.0000000000e+00 0.0000000000e+00 2.5577631808e+01
188.78400000 -1.1391948604e+01 9.4653094376e-15 0.0000000000e+00 9.4653094376e-15 -1.1391948604e+01 0.0000000000e+00 0.0000000000e+00 0.0000000000e+00 2.5596678359e+01
188.93600000 -1.1340544576e+01 9.4653094376e-15 0.0000000000e+00 9.4653094376e-15 -1.1340544576e+01 0.0000000000e+00 0.0000000000e+00 0.0000000000e+00 2.5615775155e+01
189.08800000 -1.1289310619e+01 9.3048804640e-15 0.0000000000e+00 9.3048804640e-15 -1.1289310619e+01 0.0000000000e+00 0.0000000000e+00 0.0000000000e+00 2.5634922378e+01
189.24000000 -1.1238245867e+01 9.5455239243e-15 0.0000000000e+00 9.5455239243e-15 -1.1238245867e+01 0.0000000000e+00 0.0000000000e+00 0.0000000000e+00 2.5654120207e+01
189.39200000 -1.1187349460e+01 9.3850949508e-15 0.0000000000e+00 9.3850949508e-15 -1.1187349460e+01 0.0000000000e+00 0.0000000000e+00 0.0000000000e+00 2.5673368825e+01
189.54400000 -1.1136620542e+01 9.4653094376e-15 0.0000000000e+00 9.4653094376e-15 -1.1136620542e+01 0.0000000000e+00 0.0000000000e+00 0.0000000000e+00 2.5692668416e+01
189.69600000 -1.1086058264e+01 9.3048804640e-15 0.0000000000e+00 9.3048804640e-15 -1.1086058264e+01 0.0000000000e+00 0.0000000000e+00 0.0000000000e+00 2.5712019162e+01
189.84800000 -1.1035661782e+01 9.3048804640e-15 0.0000000000e+00 9.3048804640e-15 -1.1035661782e+01 0.0000000000e+00 0.0000000000e+00 0.0000000000e+00 2.5731421249e+01
190.00000000 -1.0985430257e+01 9.3048804640e-15 0.0000000000e+00 9.3048804640e-15 -1.0985430257e+01 0.0000000000e+00 0.0000000000e+00 0.0000000000e+00 2.5750874863e+01
190.15200000 -1.0935362857e+01 9.3850949508e-15 0.0000000000e+00 9.3850949508e-15 -1.0935362857e+01 0.0000000000e+00 0.0000000000e+00 0.0000000000e+00 2.5770380189e+01
190.30400000 -1.0885458754e+01 9.3048804640e-15 0.0000000000e+00 9.3048804640e-15 -1.0885458754e+01 0.0000000000e+00 0.0000000000e+00 0.0000000000e+00 2.5789937416e+01
190.45600000 -1.0835717124e+01 9.3048804640e-15 0.0000000000e+00 9.3048804640e-15 -1.0835717124e+01 0.0000000000e+00 0.0000000000e+00 0.0000000000e+00 2.5809546732e+01
190.60800000 -1.0786137152e+01 9.3850949508e-15 0.0000000000e+00 9.3850949508e-15 -1.0786137152e+01 0.0000000000e+00 0.0000000000e+00 0.0000000000e+00 2.5829208326e+01
190.76000000 -1.0736718023e+01 9.1444514905e-15 0.0000000000e+00 9.1444514905e-15 -1.0736718023e+01 0.0000000000e+00 0.0000000000e+00 0.0000000000e+00 2.5848922388e+01
190.91200000 -1.0687458933e+01 9.1444514905e-15 0.0000000000e+00 9.1444514905e-15 -1.0687458933e+01 0.0000000000e+00 0.0000000000e+00 0.0000000000e+00 2.5868689111e+01
191.06400000 -1.0638359078e+01 9.3048804640e-15 0.0000000000e+00 9.3048804640e-15 -1.0638359078e+01 0.0000000000e+00 0.0000000000e+00 0.0000000000e+00 2.5888508686e+01
191.21600000 -1.0589417662e+01 9.3850949508e-15 0.0000000000e+00 9.3850949508e-15 -1.0589417662e+01 0.0000000000e+00 0.0000000000e+00 0.0000000000e+00 2.5908381306e+01
191.36800000 -1.0540633893e+01 9.1444514905e-15 0.0000000000e+00 9.1444514905e-15 -1.0540633893e+01 0.0000000000e+00 0.0000000000e+00 0.0000000000e+00 2.5928307166e+01
191.52000000 -1.0492006985e+01 9.1444514905e-15 0.0000000000e+00 9.1444514905e-15 -1.0492006985e+01 0.0000000000e+00 0.0000000000e+00 0.0000000000e+00 2.5948286460e+01
191.67200000 -1.0443536156e+01 9.2246659773e-15 0.0000000000e+00 9.2246659773e-15 -1.0443536156e+01 0.0000000000e+00 0.0000000000e+00 0.0000000000e+00 2.5968319384e+01
191.82400000 -1.0395220629e+01 9.1444514905e-15 0.0000000000e+00 9.1444514905e-15 -1.0395220629e+01 0.0000000000e+00 0.0000000000e+00 0.0000000000e+00 2.5988406137e+01
191.97600000 -1.0347059631e+01 9.1444514905e-15 0.0000000000e+00 9.1444514905e-15 -1.0347059631e+01 0.0000000000e+00 0.0000000000e+00 0.0000000000e+00 2.6008546915e+01
192.12800000 -1.0299052396e+01 9.0642370038e-15 0.0000000000e+00 9.0642370038e-15 -1.0299052396e+01 0.0000000000e+00 0.0000000000e+00 0.0000000000e+00 2.6028741918e+01
192.28000000 -1.0251198162e+01 9.0642370038e-15 0.0000000000e+00 9.0642370038e-15 -1.0251198162e+01 0.0000000000e+00 0.0000000000e+00 0.0000000000e+00 2.6048991346e+01
192.43200000 -1.0203496171e+01 9.0642370038e-15 0.0000000000e+00 9.0642370038e-15 -1.0203496171e+01 0.0000000000e+00 0.0000000000e+00 0.0000000000e+00 2.6069295399e+01
192.58400000 -1.0155945669e+01 9.2246659773e-15 0.0000000000e+00 9.2246659773e-15 -1.0155945669e+01 0.0000000000e+00 0.0000000000e+00 0.0000000000e+00 2.6089654281e+01
192.73600000 -1.0108545910e+01 9.0642370038e-15 0.0000000000e+00 9.0642370038e-15 -1.0108545910e+01 0.0000000000e+00 0.0000000000e+00 0.0000000000e+00 2.6110068193e+01
192.88800000 -1.0061296148e+01 9.1444514905e-15 0.0000000000e+00 9.1444514905e-15 -1.0061296148e+01 0.0000000000e+00 0.0000000000e+00 0.0000000000e+00 2.6130537341e+01
193.04000000 -1.0014195647e+01 9.2246659773e-15 0.0000000000e+00 9.2246659773e-15 -1.0014195647e+01 0.0000000000e+00 0.0000000000e+00 0.0000000000e+00 2.6151061929e+01
193.19200000 -9.9672436698e+00 9.2246659773e-15 0.0000000000e+00 9.2246659773e-15 -9.9672436698e+00 0.0000000000e+00 0.0000000000e+00 0.0000000000e+00 2.6171642163e+01
193.34400000 -9.9204394885e+00 8.9840225170e-15 0.0000000000e+00 8.9840225170e-15 -9.9204394885e+00 0.0000000000e+00 0.0000000000e+00 0.0000000000e+00 2.6192278251e+01
193.49600000 -9.8737823773e+00 9.0642370038e-15 0.0000000000e+00 9.0642370038e-15 -9.8737823773e+00 0.0000000000e+00 0.0000000000e+00 0.0000000000e+00 2.6212970401e+01
193.64800000 -9.8272716155e+00 9.0642370038e-15 0.0000000000e+00 9.0642370038e-15 -9.8272716155e+00 0.0000000000e+00 0.0000000000e+00 0.0000000000e+00 2.6233718822e+01
193.80000000 -9.7809064867e+00 8.9840225170e-15 0.0000000000e+00 8.9840225170e-15 -9.7809064867e+00 0.0000000000e+00 0.0000000000e+00 0.0000000000e+00 2.6254523725e+01
193.95200000 -9.7346862789e+00 8.9038080302e-15 0.0000000000e+00 8.9038080302e-15 -9.7346862789e+00 0.0000000000e+00 0.0000000000e+00 0.0000000000e+00 2.6275385321e+01
194.10400000 -9.6886102847e+00 9.0642370038e-15 0.0000000000e+00 9.0642370038e-15 -9.6886102847e+00 0.0000000000e+00 0.0000000000e+00 0.0000000000e+00 2.6296303822e+01
194.25600000 -9.6426778008e+00 8.8235935435e-15 0.0000000000e+00 8.8235935435e-15 -9.6426778008e+00 0.0000000000e+00 0.0000000000e+00 0.0000000000e+00 2.6317279442e+01
194.40800000 -9.5968881283e+00 8.9840225170e-15 0.0000000000e+00 8.9840225170e-15 -9.5968881283e+00 0.0000000000e+00 0.0000000000e+00 0.0000000000e+00 2.6338312396e+01
194.56000000 -9.5512405725e+00 8.9038080302e-15 0.0000000000e+00 8.9038080302e-15 -9.5512405725e+00 0.0000000000e+00 0.0000000000e+00 0.0000000000e+00 2.6359402900e+01
194.71200000 -9.5057344430e+00 8.9038080302e-15 0.0000000000e+00 8.9038080302e-15 -9.5057344430e+00 0.0000000000e+00 0.0000000000e+00 0.0000000000e+00 2.6380551171e+01
194.86400000 -9.4603690537e+00 8.8235935435e-15 0.0000000000e+00 8.8235935435e-15 -9.4603690537e+00 0.0000000000e+00 0.0000000000e+00 0.0000000000e+00 2.6401757426e+01
195.01600000 -9.4151437225e+00 8.8235935435e-15 0.0000000000e+00 8.8235935435e-15 -9.4151437225e+00 0.0000000000e+00 0.0000000000e+00 0.0000000000e+00 2.6423021885e+01
195.16800000 -9.3700577715e+00 8.8235935435e-15 0.0000000000e+00 8.8235935435e-15 -9.3700577715e+00 0.0000000000e+00 0.0000000000e+00 0.0000000000e+00 2.6444344768e+01
195.32000000 -9.3251105270e+00 8.9038080302e-15 0.0000000000e+00 8.9038080302e-15 -9.3251105270e+00 0.0000000000e+00 0.0000000000e+00 0.0000000000e+00 2.6465726296e+01
195.47200000 -9.2803013193e+00 8.8235935435e-15 0.0000000000e+00 8.8235935435e-15 -9.2803013193e+00 0.0000000000e+00 0.0000000000e+00 0.0000000000e+00 2.6487166692e+01
195.62400000 -9.2356294827e+00 8.8235935435e-15 0.0000000000e+00 8.8235935435e-15 -9.2356294827e+00 0.0000000000e+00 0.0000000000e+00 0.0000000000e+00 2.6508666180e+01
195.77600000 -9.1910943556e+00 8.9038080302e-15 0.0000000000e+00 8.9038080302e-15 -9.1910943556e+00 0.0000000000e+00 0.0000000000e+00 0.0000000000e+00 2.6530224985e+01
195.92800000 -9.1466952803e+00 8.6631645700e-15 0.0000000000e+00 8.6631645700e-15 -9.1466952803e+00 0.0000000000e+00 0.0000000000e+00 0.0000000000e+00 2.6551843331e+01
196.08000000 -9.1024316033e+00 8.7433790567e-15 0.0000000000e+00 8.7433790567e-15 -9.1024316033e+00 0.0000000000e+00 0.0000000000e+00 0.0000000000e+00 2.6573521448e+01
196.23200000 -9.0583026746e+00 8.9038080302e-15 0.0000000000e+00 8.9038080302e-15 -9.0583026746e+00 0.0000000000e+00 0.0000000000e+00 0.0000000000e+00 2.6595259562e+01
196.38400000 -9.0143078486e+00 8.7433790567e-15 0.0000000000e+00 8.7433790567e-15 -9.0143078486e+00 0.0000000000e+00 0.0000000000e+00 0.0000000000e+00 2.6617057904e+01
196.53600000 -8.9704464831e+00 8.7433790567e-15 0.0000000000e+00 8.7433790567e-15 -8.9704464831e+00 0.0000000000e+00 0.0000000000e+00 0.0000000000e+00 2.6638916704e+01
196.68800000 -8.9267179400e+00 8.6631645700e-15 0.0000000000e+00 8.6631645700e-15 -8.9267179400e+00 0.0000000000e+00 0.0000000000e+00 0.0000000000e+00 2.6660836195e+01
196.84000000 -8.8831215850e+00 8.7433790567e-15 0.0000000000e+00 8.7433790567e-15 -8.8831215850e+00 0.0000000000e+00 0.0000000000e+00 0.0000000000e+00 2.6682816609e+01
196.99200000 -8.8396567876e+00 8.7433790567e-15 0.0000000000e+00 8.7433790567e-15 -8.8396567876e+00 0.0000000000e+00 0.0000000000e+00 0.0000000000e+00 2.6704858180e+01
197.14400000 -8.7963229208e+00 8.7433790567e-15 0.0000000000e+00 8.7433790567e-15 -8.7963229208e+00 0.0000000000e+00 0.0000000000e+00 0.0000000000e+00 2.6726961145e+01
197.29600000 -8.7531193617e+00 8.5829500832e-15 0.0000000000e+00 8.5829500832e-15 -8.7531193617e+00 0.0000000000e+00 0.0000000000e+00 0.0000000000e+00 2.6749125739e+01
197.44800000 -8.7100454909e+00 8.5829500832e-15 0.0000000000e+00 8.5829500832e-15 -8.7100454909e+00 0.0000000000e+00 0.0000000000e+00 0.0000000000e+00 2.6771352202e+01
197.60000000 -8.6671006925e+00 8.5829500832e-15 0.0000000000e+00 8.5829500832e-15 -8.6671006925e+00 0.0000000000e+00 0.0000000000e+00 0.0000000000e+00 2.6793640772e+01
197.75200000 -8.6242843547e+00 8.6631645700e-15 0.0000000000e+00 8.6631645700e-15 -8.6242843547e+00 0.0000000000e+00 0.0000000000e+00 0.0000000000e+00 2.6815991691e+01
197.90400000 -8.5815958688e+00 8.7433790567e-15 0.0000000000e+00 8.7433790567e-15 -8.5815958688e+00 0.0000000000e+00 0.0000000000e+00 0.0000000000e+00 2.6838405199e+01
198.05600000 -8.5390346300e+00 8.5829500832e-15 0.0000000000e+00 8.5829500832e-15 -8.5390346300e+00 0.0000000000e+00 0.0000000000e+00 0.0000000000e+00 2.6860881540e+01
198.20800000 -8.4966000371e+00 8.5829500832e-15 0.0000000000e+00 8.5829500832e-15 -8.4966000371e+00 0.0000000000e+00 0.0000000000e+00 0.0000000000e+00 2.6883420958e+01
198.36000000 -8.4542914921e+00 8.5829500832e-15 0.0000000000e+00 8.5829500832e-15 -8.4542914921e+00 0.0000000000e+00 0.0000000000e+00 0.0000000000e+00 2.6906023699e+01
198.51200000 -8.4121084010e+00 8.5829500832e-15 0.0000000000e+00 8.5829500832e-15 -8.4121084010e+00 0.0000000000e+00 0.0000000000e+00 0.0000000000e+00 2.6928690009e+01
198.66400000 -8.3700501728e+00 8.5829500832e-15 0.0000000000e+00 8.5829500832e-15 -8.3700501728e+00 0.0000000000e+00 0.0000000000e+00 0.0000000000e+00 2.6951420138e+01
198.81600000 -8.3281162202e+00 8.5829500832e-15 0.0000000000e+00 8.5829500832e-15 -8.3281162202e+00 0.0000000000e+00 0.0000000000e+00 0.0000000000e+00 2.6974214335e+01
198.96800000 -8.2863059594e+00 8.5829500832e-15 0.0000000000e+00 8.5829500832e-15 -8.2863059594e+00 0.0000000000e+00 0.0000000000e+00 0.0000000000e+00 2.6997072850e+01
199.12000000 -8.2446188099e+00 8.5027355964e-15 0.0000000000e+00 8.5027355964e-15 -8.2446188099e+00 0.0000000000e+00 0.0000000000e+00 0.0000000000e+00 2.7019995937e+01
199.27200000 -8.2030541944e+00 8.5829500832e-15 0.0000000000e+00 8.5829500832e-15 -8.2030541944e+00 0.0000000000e+00 0.0000000000e+00 0.0000000000e+00 2.7042983847e+01
199.42400000 -8.1616115394e+00 8.5829500832e-15 0.0000000000e+00 8.5829500832e-15 -8.1616115394e+00 0.0000000000e+00 0.0000000000e+00 0.0000000000e+00 2.7066036837e+01
199.57600000 -8.1202902743e+00 8.4225211097e-15 0.0000000000e+00 8.4225211097e-15 -8.1202902743e+00 0.0000000000e+00 0.0000000000e+00 0.0000000000e+00 2.7089155163e+01
199.72800000 -8.0790898321e+00 8.4225211097e-15 0.0000000000e+00 8.4225211097e-15 -8.0790898321e+00 0.0000000000e+00 0.0000000000e+00 0.0000000000e+00 2.7112339082e+01
199.88000000 -8.0380096488e+00 8.5829500832e-15 0.0000000000e+00 8.5829500832e-15 -8.0380096488e+00 0.0000000000e+00 0.0000000000e+00 0.0000000000e+00 2.7135588853e+01
200.03200000 -7.9970491640e+00 8.4225211097e-15 0.0000000000e+00 8.4225211097e-15 -7.9970491640e+00 0.0000000000e+00 0.0000000000e+00 0.0000000000e+00 2.7158904737e+01
200.18400000 -7.9562078203e+00 8.4225211097e-15 0.0000000000e+00 8.4225211097e-15 -7.9562078203e+00 0.0000000000e+00 0.0000000000e+00 0.0000000000e+00 2.7182286995e+01
200.33600000 -7.9154850635e+00 8.4225211097e-15 0.0000000000e+00 8.4225211097e-15 -7.9154850635e+00 0.0000000000e+00 0.0000000000e+00 0.0000000000e+00 2.7205735891e+01
200.48800000 -7.8748803427e+00 8.4225211097e-15 0.0000000000e+00 8.4225211097e-15 -7.8748803427e+00 0.0000000000e+00 0.0000000000e+00 0.0000000000e+00 2.7229251690e+01
200.64000000 -7.8343931102e+00 8.4225211097e-15 0.0000000000e+00 8.4225211097e-15 -7.8343931102e+00 0.0000000000e+00 0.0000000000e+00 0.0000000000e+00 2.7252834657e+01
200.79200000 -7.7940228212e+00 8.4225211097e-15 0.0000000000e+00 8.4225211097e-15 -7.7940228212e+00 0.0000000000e+00 0.0000000000e+00 0.0000000000e+00 2.7276485061e+01
200.94400000 -7.7537689344e+00 8.3423066229e-15 0.0000000000e+00 8.3423066229e-15 -7.7537689344e+00 0.0000000000e+00 0.0000000000e+00 0.0000000000e+00 2.7300203169e+01
201.09600000 -7.7136309111e+00 8.2620921362e-15 0.0000000000e+00 8.2620921362e-15 -7.7136309111e+00 0.0000000000e+00 0.0000000000e+00 0.0000000000e+00 2.7323989252e+01
201.24800000 -7.6736082162e+00 8.4225211097e-15 0.0000000000e+00 8.4225211097e-15 -7.6736082162e+00 0.0000000000e+00 0.0000000000e+00 0.0000000000e+00 2.7347843583e+01
201.40000000 -7.6337003174e+00 8.4225211097e-15 0.0000000000e+00 8.4225211097e-15 -7.6337003174e+00 0.0000000000e+00 0.0000000000e+00 0.0000000000e+00 2.7371766434e+01
201.55200000 -7.5939066852e+00 8.2620921362e-15 0.0000000000e+00 8.2620921362e-15 -7.5939066852e+00 0.0000000000e+00 0.0000000000e+00 0.0000000000e+00 2.7395758080e+01
201.70400000 -7.5542267936e+00 8.2620921362e-15 0.0000000000e+00 8.2620921362e-15 -7.5542267936e+00 0.0000000000e+00 0.0000000000e+00 0.0000000000e+00 2.7419818798e+01
201.85600000 -7.5146601191e+00 8.2620921362e-15 0.0000000000e+00 8.2620921362e-15 -7.5146601191e+00 0.0000000000e+00 0.0000000000e+00 0.0000000000e+00 2.7443948865e+01
202.00800000 -7.4752061416e+00 8.2620921362e-15 0.0000000000e+00 8.2620921362e-15 -7.4752061416e+00 0.0000000000e+00 0.0000000000e+00 0.0000000000e+00 2.7468148561e+01
202.16000000 -7.4358643437e+00 8.2620921362e-15 0.0000000000e+00 8.2620921362e-15 -7.4358643437e+00 0.0000000000e+00 0.0000000000e+00 0.0000000000e+00 2.7492418166e+01
202.31200000 -7.3966342108e+00 8.4225211097e-15 0.0000000000e+00 8.4225211097e-15 -7.3966342108e+00 0.0000000000e+00 0.0000000000e+00 0.0000000000e+00 2.7516757964e+01
202.46400000 -7.3575152316e+00 8.2620921362e-15 0.0000000000e+00 8.2620921362e-15 -7.3575152316e+00 0.0000000000e+00 0.0000000000e+00 0.0000000000e+00 2.7541168237e+01
202.61600000 -7.3185068972e+00 8.2620921362e-15 0.0000000000e+00 8.2620921362e-15 -7.3185068972e+00 0.0000000000e+00 0.0000000000e+00 0.0000000000e+00 2.7565649271e+01
202.76800000 -7.2796087020e+00 8.2620921362e-15 0.0000000000e+00 8.2620921362e-15 -7.2796087020e+00 0.0000000000e+00 0.0000000000e+00 0.0000000000e+00 2.7590201354e+01
202.92000000 -7.2408201429e+00 8.2620921362e-15 0.0000000000e+00 8.2620921362e-15 -7.2408201429e+00 0.0000000000e+00 0.0000000000e+00 0.0000000000e+00 2.7614824773e+01
203.07200000 -7.2021407198e+00 8.2620921362e-15 0.0000000000e+00 8.2620921362e-15 -7.2021407198e+00 0.0000000000e+00 0.0000000000e+00 0.0000000000e+00 2.7639519820e+01
203.22400000 -7.1635699355e+00 8.2620921362e-15 0.0000000000e+00 8.2620921362e-15 -7.1635699355e+00 0.0000000000e+00 0.0000000000e+00 0.0000000000e+00 2.7664286786e+01
203.37600000 -7.1251072952e+00 8.1818776494e-15 0.0000000000e+00 8.1818776494e-15 -7.1251072952e+00 0.0000000000e+00 0.0000000000e+00 0.0000000000e+00 2.7689125964e+01
203.52800000 -7.0867523073e+00 8.1016631627e-15 0.0000000000e+00 8.1016631627e-15 -7.0867523073e+00 0.0000000000e+00 0.0000000000e+00 0.0000000000e+00 2.7714037649e+01
203.68000000 -7.0485044827e+00 8.1016631627e-15 0.0000000000e+00 8.1016631627e-15 -7.0485044827e+00 0.0000000000e+00 0.0000000000e+00 0.0000000000e+00 2.7739022138e+01
203.83200000 -7.0103633350e+00 8.2620921362e-15 0.0000000000e+00 8.2620921362e-15 -7.0103633350e+00 0.0000000000e+00 0.0000000000e+00 0.0000000000e+00 2.7764079729e+01
203.98400000 -6.9723283806e+00 8.3423066229e-15 0.0000000000e+00 8.3423066229e-15 -6.9723283806e+00 0.0000000000e+00 0.0000000000e+00 0.0000000000e+00 2.7789210723e+01
204.13600000 -6.9343991385e+00 8.2620921362e-15 0.0000000000e+00 8.2620921362e-15 -6.9343991385e+00 0.0000000000e+00 0.0000000000e+00 0.0000000000e+00 2.7814415420e+01
204.28800000 -6.8965751306e+00 8.1016631627e-15 0.0000000000e+00 8.1016631627e-15 -6.8965751306e+00 0.0000000000e+00 0.0000000000e+00 0.0000000000e+00 2.7839694124e+01
204.44000000 -6.8588558810e+00 8.1818776494e-15 0.0000000000e+00 8.1818776494e-15 -6.8588558810e+00 0.0000000000e+00 0.0000000000e+00 0.0000000000e+00 2.7865047141e+01
204.59200000 -6.8212409168e+00 8.1016631627e-15 0.0000000000e+00 8.1016631627e-15 -6.8212409168e+00 0.0000000000e+00 0.0000000000e+00 0.0000000000e+00 2.7890474776e+01
204.74400000 -6.7837297676e+00 8.1818776494e-15 0.0000000000e+00 8.1818776494e-15 -6.7837297676e+00 0.0000000000e+00 0.0000000000e+00 0.0000000000e+00 2.7915977338e+01
204.89600000 -6.7463219656e+00 8.1016631627e-15 0.0000000000e+00 8.1016631627e-15 -6.7463219656e+00 0.0000000000e+00 0.0000000000e+00 0.0000000000e+00 2.7941555137e+01
205.04800000 -6.7090170456e+00 8.1016631627e-15 0.0000000000e+00 8.1016631627e-15 -6.7090170456e+00 0.0000000000e+00 0.0000000000e+00 0.0000000000e+00 2.7967208486e+01
205.20000000 -6.6718145447e+00 8.1016631627e-15 0.0000000000e+00 8.1016631627e-15 -6.6718145447e+00 0.0000000000e+00 0.0000000000e+00 0.0000000000e+00 2.7992937697e+01
205.35200000 -6.6347140030e+00 8.1016631627e-15 0.0000000000e+00 8.1016631627e-15 -6.6347140030e+00 0.0000000000e+00 0.0000000000e+00 0.0000000000e+00 2.8018743085e+01
205.50400000 -6.5977149627e+00 8.1016631627e-15 0.0000000000e+00 8.1016631627e-15 -6.5977149627e+00 0.0000000000e+00 0.0000000000e+00 0.0000000000e+00 2.8044624969e+01
205.65600000 -6.5608169686e+00 8.1016631627e-15 0.0000000000e+00 8.1016631627e-15 -6.5608169686e+00 0.0000000000e+00 0.0000000000e+00 0.0000000000e+00 2.8070583667e+01
205.80800000 -6.5240195683e+00 7.9412341891e-15 0.0000000000e+00 7.9412341891e-15 -6.5240195683e+00 0.0000000000e+00 0.0000000000e+00 0.0000000000e+00 2.8096619500e+01
205.96000000 -6.4873223114e+00 8.1016631627e-15 0.0000000000e+00 8.1016631627e-15 -6.4873223114e+00 0.0000000000e+00 0.0000000000e+00 0.0000000000e+00 2.8122732789e+01
206.11200000 -6.4507247502e+00 8.0214486759e-15 0.0000000000e+00 8.0214486759e-15 -6.4507247502e+00 0.0000000000e+00 0.0000000000e+00 0.0000000000e+00 2.8148923861e+01
206.26400000 -6.4142264395e+00 8.1016631627e-15 0.0000000000e+00 8.1016631627e-15 -6.4142264395e+00 0.0000000000e+00 0.0000000000e+00 0.0000000000e+00 2.8175193039e+01
206.41600000 -6.3778269362e+00 8.0214486759e-15 0.0000000000e+00 8.0214486759e-15 -6.3778269362e+00 0.0000000000e+00 0.0000000000e+00 0.0000000000e+00 2.8201540654e+01
206.56800000 -6.3415258000e+00 8.0214486759e-15 0.0000000000e+00 8.0214486759e-15 -6.3415258000e+00 0.0000000000e+00 0.0000000000e+00 0.0000000000e+00 2.8227967033e+01
206.72000000 -6.3053225927e+00 7.9412341891e-15 0.0000000000e+00 7.9412341891e-15 -6.3053225927e+00 0.0000000000e+00 0.0000000000e+00 0.0000000000e+00 2.8254472510e+01
206.87200000 -6.2692168786e+00 7.9412341891e-15 0.0000000000e+00 7.9412341891e-15 -6.2692168786e+00 0.0000000000e+00 0.0000000000e+00 0.0000000000e+00 2.8281057418e+01
207.02400000 -6.2332082243e+00 8.0214486759e-15 0.0000000000e+00 8.0214486759e-15 -6.2332082243e+00 0.0000000000e+00 0.0000000000e+00 0.0000000000e+00 2.8307722092e+01
207.17600000 -6.1972961986e+00 8.0214486759e-15 0.0000000000e+00 8.0214486759e-15 -6.1972961986e+00 0.0000000000e+00 0.0000000000e+00 0.0000000000e+00 2.8334466870e+01
207.32800000 -6.1614803730e+00 8.0214486759e-15 0.0000000000e+00 8.0214486759e-15 -6.1614803730e+00 0.0000000000e+00 0.0000000000e+00 0.0000000000e+00 2.8361292092e+01
207.48000000 -6.1257603208e+00 7.9412341891e-15 0.0000000000e+00 7.9412341891e-15 -6.1257603208e+00 0.0000000000e+00 0.0000000000e+00 0.0000000000e+00 2.8388198097e+01
207.63200000 -6.0901356180e+00 8.0214486759e-15 0.0000000000e+00 8.0214486759e-15 -6.0901356180e+00 0.0000000000e+00 0.0000000000e+00 0.0000000000e+00 2.8415185231e+01
207.78400000 -6.0546058427e+00 7.7808052156e-15 0.0000000000e+00 7.7808052156e-15 -6.0546058427e+00 0.0000000000e+00 0.0000000000e+00 0.0000000000e+00 2.8442253837e+01
207.93600000 -6.0191705752e+00 8.0214486759e-15 0.0000000000e+00 8.0214486759e-15 -6.0191705752e+00 0.0000000000e+00 0.0000000000e+00 0.0000000000e+00 2.8469404264e+01
208.08800000 -5.9838293981e+00 7.7808052156e-15 0.0000000000e+00 7.7808052156e-15 -5.9838293981e+00 0.0000000000e+00 0.0000000000e+00 0.0000000000e+00 2.8496636860e+01
208.24000000 -5.9485818963e+00 7.7808052156e-15 0.0000000000e+00 7.7808052156e-15 -5.9485818963e+00 0.0000000000e+00 0.0000000000e+00 0.0000000000e+00 2.8523951976e+01
208.39200000 -5.9134276568e+00 7.9412341891e-15 0.0000000000e+00 7.9412341891e-15 -5.9134276568e+00 0.0000000000e+00 0.0000000000e+00 0.0000000000e+00 2.8551349966e+01
208.54400000 -5.8783662688e+00 7.9412341891e-15 0.0000000000e+00 7.9412341891e-15 -5.8783662688e+00 0.0000000000e+00 0.0000000000e+00 0.0000000000e+00 2.8578831186e+01
208.69600000 -5.8433973237e+00 7.9412341891e-15 0.0000000000e+00 7.9412341891e-15 -5.8433973237e+00 0.0000000000e+00 0.0000000000e+00 0.0000000000e+00 2.8606395992e+01
208.84800000 -5.8085204151e+00 7.8610197024e-15 0.0000000000e+00 7.8610197024e-15 -5.8085204151e+00 0.0000000000e+00 0.0000000000e+00 0.0000000000e+00 2.8634044744e+01
209.00000000 -5.7737351387e+00 7.7808052156e-15 0.0000000000e+00 7.7808052156e-15 -5.7737351387e+00 0.0000000000e+00 0.0000000000e+00 0.0000000000e+00 2.8661777803e+01
209.15200000 -5.7390410924e+00 7.7808052156e-15 0.0000000000e+00 7.7808052156e-15 -5.7390410924e+00 0.0000000000e+00 0.0000000000e+00 0.0000000000e+00 2.8689595533e+01
209.30400000 -5.7044378761e+00 7.7808052156e-15 0.0000000000e+00 7.7808052156e-15 -5.7044378761e+00 0.0000000000e+00 0.0000000000e+00 0.0000000000e+00 2.8717498300e+01
209.45600000 -5.6699250919e+00 7.8610197024e-15 0.0000000000e+00 7.8610197024e-15 -5.6699250919e+00 0.0000000000e+00 0.0000000000e+00 0.0000000000e+00 2.8745486472e+01
209.60800000 -5.6355023440e+00 7.7808052156e-15 0.0000000000e+00 7.7808052156e-15 -5.6355023440e+00 0.0000000000e+00 0.0000000000e+00 0.0000000000e+00 2.8773560418e+01
209.76000000 -5.6011692386e+00 7.8610197024e-15 0.0000000000e+00 7.8610197024e-15 -5.6011692386e+00 0.0000000000e+00 0.0000000000e+00 0.0000000000e+00 2.8801720510e+01
209.91200000 -5.5669253841e+00 7.6203762421e-15 0.0000000000e+00 7.6203762421e-15 -5.5669253841e+00 0.0000000000e+00 0.0000000000e+00 0.0000000000e+00 2.8829967124e+01
210.06400000 -5.5327703908e+00 7.7005907289e-15 0.0000000000e+00 7.7005907289e-15 -5.5327703908e+00 0.0000000000e+00 0.0000000000e+00 0.0000000000e+00 2.8858300635e+01
210.21600000 -5.4987038710e+00 7.6203762421e-15 0.0000000000e+00 7.6203762421e-15 -5.4987038710e+00 0.0000000000e+00 0.0000000000e+00 0.0000000000e+00 2.8886721422e+01
210.36800000 -5.4647254393e+00 7.7005907289e-15 0.0000000000e+00 7.7005907289e-15 -5.4647254393e+00 0.0000000000e+00 0.0000000000e+00 0.0000000000e+00 2.8915229867e+01
210.52000000 -5.4308347120e+00 7.6203762421e-15 0.0000000000e+00 7.6203762421e-15 -5.4308347120e+00 0.0000000000e+00 0.0000000000e+00 0.0000000000e+00 2.8943826352e+01
210.67200000 -5.3970313076e+00 7.7005907289e-15 0.0000000000e+00 7.7005907289e-15 -5.3970313076e+00 0.0000000000e+00 0.0000000000e+00 0.0000000000e+00 2.8972511262e+01
210.82400000 -5.3633148464e+00 7.7005907289e-15 0.0000000000e+00 7.7005907289e-15 -5.3633148464e+00 0.0000000000e+00 0.0000000000e+00 0.0000000000e+00 2.9001284987e+01
210.97600000 -5.3296849508e+00 7.6203762421e-15 0.0000000000e+00 7.6203762421e-15 -5.3296849508e+00 0.0000000000e+00 0.0000000000e+00 0.0000000000e+00 2.9030147914e+01
211.12800000 -5.2961412452e+00 7.8610197024e-15 0.0000000000e+00 7.8610197024e-15 -5.2961412452e+00 0.0000000000e+00 0.0000000000e+00 0.0000000000e+00 2.9059100438e+01
211.28000000 -5.2626833558e+00 7.6203762421e-15 0.0000000000e+00 7.6203762421e-15 -5.2626833558e+00 0.0000000000e+00 0.0000000000e+00 0.0000000000e+00 2.9088142953e+01
211.43200000 -5.2293109109e+00 7.7005907289e-15 0.0000000000e+00 7.7005907289e-15 -5.2293109109e+00 0.0000000000e+00 0.0000000000e+00 0.0000000000e+00 2.9117275854e+01
211.58400000 -5.1960235405e+00 7.7005907289e-15 0.0000000000e+00 7.7005907289e-15 -5.1960235405e+00 0.0000000000e+00 0.0000000000e+00 0.0000000000e+00 2.9146499543e+01
211.73600000 -5.1628208766e+00 7.6203762421e-15 0.0000000000e+00 7.6203762421e-15 -5.1628208766e+00 0.0000000000e+00 0.0000000000e+00 0.0000000000e+00 2.9175814421e+01
211.88800000 -5.1297025533e+00 7.7005907289e-15 0.0000000000e+00 7.7005907289e-15 -5.1297025533e+00 0.0000000000e+00 0.0000000000e+00 0.0000000000e+00 2.9205220891e+01
212.04000000 -5.0966682061e+00 7.4599472686e-15 0.0000000000e+00 7.4599472686e-15 -5.0966682061e+00 0.0000000000e+00 0.0000000000e+00 0.0000000000e+00 2.9234719360e+01
212.19200000 -5.0637174729e+00 7.5401617553e-15 0.0000000000e+00 7.5401617553e-15 -5.0637174729e+00 0.0000000000e+00 0.0000000000e+00 0.0000000000e+00 2.9264310238e+01
212.34400000 -5.0308499931e+00 7.7005907289e-15 0.0000000000e+00 7.7005907289e-15 -5.0308499931e+00 0.0000000000e+00 0.0000000000e+00 0.0000000000e+00 2.9293993935e+01
212.49600000 -4.9980654081e+00 7.4599472686e-15 0.0000000000e+00 7.4599472686e-15 -4.9980654081e+00 0.0000000000e+00 0.0000000000e+00 0.0000000000e+00 2.9323770866e+01
212.64800000 -4.9653633610e+00 7.5401617553e-15 0.0000000000e+00 7.5401617553e-15 -4.9653633610e+00 0.0000000000e+00 0.0000000000e+00 0.0000000000e+00 2.9353641447e+01
212.80000000 -4.9327434969e+00 7.7005907289e-15 0.0000000000e+00 7.7005907289e-15 -4.9327434969e+00 0.0000000000e+00 0.0000000000e+00 0.0000000000e+00 2.9383606097e+01
212.95200000 -4.9002054625e+00 7.5401617553e-15 0.0000000000e+00 7.5401617553e-15 -4.9002054625e+00 0.0000000000e+00 0.0000000000e+00 0.0000000000e+00 2.9413665237e+01
213.10400000 -4.8677489065e+00 7.4599472686e-15 0.0000000000e+00 7.4599472686e-15 -4.8677489065e+00 0.0000000000e+00 0.0000000000e+00 0.0000000000e+00 2.9443819291e+01
213.25600000 -4.8353734792e+00 7.7005907289e-15 0.0000000000e+00 7.7005907289e-15 -4.8353734792e+00 0.0000000000e+00 0.0000000000e+00 0.0000000000e+00 2.9474068686e+01
213.40800000 -4.8030788328e+00 7.4599472686e-15 0.0000000000e+00 7.4599472686e-15 -4.8030788328e+00 0.0000000000e+00 0.0000000000e+00 0.0000000000e+00 2.9504413850e+01
213.56000000 -4.7708646212e+00 7.5401617553e-15 0.0000000000e+00 7.5401617553e-15 -4.7708646212e+00 0.0000000000e+00 0.0000000000e+00 0.0000000000e+00 2.9534855216e+01
213.71200000 -4.7387305000e+00 7.5401617553e-15 0.0000000000e+00 7.5401617553e-15 -4.7387305000e+00 0.0000000000e+00 0.0000000000e+00 0.0000000000e+00 2.9565393218e+01
213.86400000 -4.7066761266e+00 7.4599472686e-15 0.0000000000e+00 7.4599472686e-15 -4.7066761266e+00 0.0000000000e+00 0.0000000000e+00 0.0000000000e+00 2.9596028292e+01
214.01600000 -4.6747011602e+00 7.4599472686e-15 0.0000000000e+00 7.4599472686e-15 -4.6747011602e+00 0.0000000000e+00 0.0000000000e+00 0.0000000000e+00 2.9626760879e+01
214.16800000 -4.6428052616e+00 7.3797327818e-15 0.0000000000e+00 7.3797327818e-15 -4.6428052616e+00 0.0000000000e+00 0.0000000000e+00 0.0000000000e+00 2.9657591420e+01
214.32000000 -4.6109880932e+00 7.5401617553e-15 0.0000000000e+00 7.5401617553e-15 -4.6109880932e+00 0.0000000000e+00 0.0000000000e+00 0.0000000000e+00 2.9688520361e+01
214.47200000 -4.5792493194e+00 7.3797327818e-15 0.0000000000e+00 7.3797327818e-15 -4.5792493194e+00 0.0000000000e+00 0.0000000000e+00 0.0000000000e+00 2.9719548149e+01
214.62400000 -4.5475886061e+00 7.4599472686e-15 0.0000000000e+00 7.4599472686e-15 -4.5475886061e+00 0.0000000000e+00 0.0000000000e+00 0.0000000000e+00 2.9750675234e+01
214.77600000 -4.5160056207e+00 7.2995182951e-15 0.0000000000e+00 7.2995182951e-15 -4.5160056207e+00 0.0000000000e+00 0.0000000000e+00 0.0000000000e+00 2.9781902071e+01
214.92800000 -4.4845000326e+00 7.5401617553e-15 0.0000000000e+00 7.5401617553e-15 -4.4845000326e+00 0.0000000000e+00 0.0000000000e+00 0.0000000000e+00 2.9813229114e+01
215.08000000 -4.4530715125e+00 7.5401617553e-15 0.0000000000e+00 7.5401617553e-15 -4.4530715125e+00 0.0000000000e+00 0.0000000000e+00 0.0000000000e+00 2.9844656823e+01
215.23200000 -4.4217197331e+00 7.3797327818e-15 0.0000000000e+00 7.3797327818e-15 -4.4217197331e+00 0.0000000000e+00 0.0000000000e+00 0.0000000000e+00 2.9876185659e+01
215.38400000 -4.3904443684e+00 7.2995182951e-15 0.0000000000e+00 7.2995182951e-15 -4.3904443684e+00 0.0000000000e+00 0.0000000000e+00 0.0000000000e+00 2.9907816087e+01
215.53600000 -4.3592450943e+00 7.5401617553e-15 0.0000000000e+00 7.5401617553e-15 -4.3592450943e+00 0.0000000000e+00 0.0000000000e+00 0.0000000000e+00 2.9939548574e+01
215.68800000 -4.3281215880e+00 7.5401617553e-15 0.0000000000e+00 7.5401617553e-15 -4.3281215880e+00 0.0000000000e+00 0.0000000000e+00 0.0000000000e+00 2.9971383591e+01
215.84000000 -4.2970735285e+00 7.4599472686e-15 0.0000000000e+00 7.4599472686e-15 -4.2970735285e+00 0.0000000000e+00 0.0000000000e+00 0.0000000000e+00 3.0003321609e+01
215.99200000 -4.2661005964e+00 7.5401617553e-15 0.0000000000e+00 7.5401617553e-15 -4.2661005964e+00 0.0000000000e+00 0.0000000000e+00 0.0000000000e+00 3.0035363107e+01
216.14400000 -4.2352024738e+00 7.2995182951e-15 0.0000000000e+00 7.2995182951e-15 -4.2352024738e+00 0.0000000000e+00 0.0000000000e+00 0.0000000000e+00 3.0067508561e+01
216.29600000 -4.2043788443e+00 7.2995182951e-15 0.0000000000e+00 7.2995182951e-15 -4.2043788443e+00 0.0000000000e+00 0.0000000000e+00 0.0000000000e+00 3.0099758456e+01
216.44800000 -4.1736293932e+00 7.3797327818e-15 0.0000000000e+00 7.3797327818e-15 -4.1736293932e+00 0.0000000000e+00 0.0000000000e+00 0.0000000000e+00 3.0132113275e+01
216.60000000 -4.1429538073e+00 7.3797327818e-15 0.0000000000e+00 7.3797327818e-15 -4.1429538073e+00 0.0000000000e+00 0.0000000000e+00 0.0000000000e+00 3.0164573507e+01
216.75200000 -4.1123517749e+00 7.3797327818e-15 0.0000000000e+00 7.3797327818e-15 -4.1123517749e+00 0.0000000000e+00 0.0000000000e+00 0.0000000000e+00 3.0197139642e+01
216.90400000 -4.0818229858e+00 7.3797327818e-15 0.0000000000e+00 7.3797327818e-15 -4.0818229858e+00 0.0000000000e+00 0.0000000000e+00 0.0000000000e+00 3.0229812175e+01
217.05600000 -4.0513671313e+00 7.2193038083e-15 0.0000000000e+00 7.2193038083e-15 -4.0513671313e+00 0.0000000000e+00 0.0000000000e+00 0.0000000000e+00 3.0262591604e+01
217.20800000 -4.0209839044e+00 7.3797327818e-15 0.0000000000e+00 7.3797327818e-15 -4.0209839044e+00 0.0000000000e+00 0.0000000000e+00 0.0000000000e+00 3.0295478428e+01
217.36000000 -3.9906729993e+00 7.3797327818e-15 0.0000000000e+00 7.3797327818e-15 -3.9906729993e+00 0.0000000000e+00 0.0000000000e+00 0.0000000000e+00 3.0328473152e+01
217.51200000 -3.9604341120e+00 7.2193038083e-15 0.0000000000e+00 7.2193038083e-15 -3.9604341120e+00 0.0000000000e+00 0.0000000000e+00 0.0000000000e+00 3.0361576281e+01
217.66400000 -3.9302669397e+00 7.3797327818e-15 0.0000000000e+00 7.3797327818e-15 -3.9302669397e+00 0.0000000000e+00 0.0000000000e+00 0.0000000000e+00 3.0394788327e+01
217.81600000 -3.9001711812e+00 7.3797327818e-15 0.0000000000e+00 7.3797327818e-15 -3.9001711812e+00 0.0000000000e+00 0.0000000000e+00 0.0000000000e+00 3.0428109801e+01
217.96800000 -3.8701465367e+00 7.3797327818e-15 0.0000000000e+00 7.3797327818e-15 -3.8701465367e+00 0.0000000000e+00 0.0000000000e+00 0.0000000000e+00 3.0461541221e+01
218.12000000 -3.8401927080e+00 7.3797327818e-15 0.0000000000e+00 7.3797327818e-15 -3.8401927080e+00 0.0000000000e+00 0.0000000000e+00 0.0000000000e+00 3.0495083106e+01
218.27200000 -3.8103093982e+00 7.3797327818e-15 0.0000000000e+00 7.3797327818e-15 -3.8103093982e+00 0.0000000000e+00 0.0000000000e+00 0.0000000000e+00 3.0528735979e+01
218.42400000 -3.7804963118e+00 7.3797327818e-15 0.0000000000e+00 7.3797327818e-15 -3.7804963118e+00 0.0000000000e+00 0.0000000000e+00 0.0000000000e+00 3.0562500366e+01
218.57600000 -3.7507531548e+00 7.3797327818e-15 0.0000000000e+00 7.3797327818e-15 -3.7507531548e+00 0.0000000000e+00 0.0000000000e+00 0.0000000000e+00 3.0596376797e+01
218.72800000 -3.7210796346e+00 7.2193038083e-15 0.0000000000e+00 7.2193038083e-15 -3.7210796346e+00 0.0000000000e+00 0.0000000000e+00 0.0000000000e+00 3.0630365806e+01
218.88000000 -3.6914754600e+00 7.2193038083e-15 0.0000000000e+00 7.2193038083e-15 -3.6914754600e+00 0.0000000000e+00 0.0000000000e+00 0.0000000000e+00 3.0664467928e+01
219.03200000 -3.6619403412e+00 7.2193038083e-15 0.0000000000e+00 7.2193038083e-15 -3.6619403412e+00 0.0000000000e+00 0.0000000000e+00 0.0000000000e+00 3.0698683703e+01
219.18400000 -3.6324739897e+00 7.2193038083e-15 0.0000000000e+00 7.2193038083e-15 -3.6324739897e+00 0.0000000000e+00 0.0000000000e+00 0.0000000000e+00 3.0733013676e+01
219.33600000 -3.6030761186e+00 7.2995182951e-15 0.0000000000e+00 7.2995182951e-15 -3.6030761186e+00 0.0000000000e+00 0.0000000000e+00 0.0000000000e+00 3.0767458392e+01
219.48800000 -3.5737464421e+00 7.2193038083e-15 0.0000000000e+00 7.2193038083e-15 -3.5737464421e+00 0.0000000000e+00 0.0000000000e+00 0.0000000000e+00 3.0802018402e+01
219.64000000 -3.5444846759e+00 7.2193038083e-15 0.0000000000e+00 7.2193038083e-15 -3.5444846759e+00 0.0000000000e+00 0.0000000000e+00 0.0000000000e+00 3.0836694260e+01
219.79200000 -3.5152905371e+00 7.2193038083e-15 0.0000000000e+00 7.2193038083e-15 -3.5152905371e+00 0.0000000000e+00 0.0000000000e+00 0.0000000000e+00 3.0871486523e+01
219.94400000 -3.4861637440e+00 7.0588748348e-15 0.0000000000e+00 7.0588748348e-15 -3.4861637440e+00 0.0000000000e+00 0.0000000000e+00 0.0000000000e+00 3.0906395752e+01
220.09600000 -3.4571040164e+00 7.2193038083e-15 0.0000000000e+00 7.2193038083e-15 -3.4571040164e+00 0.0000000000e+00 0.0000000000e+00 0.0000000000e+00 3.0941422513e+01
220.24800000 -3.4281110752e+00 7.2193038083e-15 0.0000000000e+00 7.2193038083e-15 -3.4281110752e+00 0.0000000000e+00 0.0000000000e+00 0.0000000000e+00 3.0976567374e+01
220.40000000 -3.3991846429e+00 7.0588748348e-15 0.0000000000e+00 7.0588748348e-15 -3.3991846429e+00 0.0000000000e+00 0.0000000000e+00 0.0000000000e+00 3.1011830906e+01
220.55200000 -3.3703244431e+00 7.2193038083e-15 0.0000000000e+00 7.2193038083e-15 -3.3703244431e+00 0.0000000000e+00 0.0000000000e+00 0.0000000000e+00 3.1047213685e+01
220.70400000 -3.3415302007e+00 7.0588748348e-15 0.0000000000e+00 7.0588748348e-15 -3.3415302007e+00 0.0000000000e+00 0.0000000000e+00 0.0000000000e+00 3.1082716291e+01
220.85600000 -3.3128016421e+00 7.0588748348e-15 0.0000000000e+00 7.0588748348e-15 -3.3128016421e+00 0.0000000000e+00 0.0000000000e+00 0.0000000000e+00 3.1118339308e+01
221.00800000 -3.2841384947e+00 7.0588748348e-15 0.0000000000e+00 7.0588748348e-15 -3.2841384947e+00 0.0000000000e+00 0.0000000000e+00 0.0000000000e+00 3.1154083321e+01
221.16000000 -3.2555404874e+00 7.0588748348e-15 0.0000000000e+00 7.0588748348e-15 -3.2555404874e+00 0.0000000000e+00 0.0000000000e+00 0.0000000000e+00 3.1189948923e+01
221.31200000 -3.2270073503e+00 7.0588748348e-15 0.0000000000e+00 7.0588748348e-15 -3.2270073503e+00 0.0000000000e+00 0.0000000000e+00 0.0000000000e+00 3.1225936709e+01
221.46400000 -3.1985388148e+00 7.0588748348e-15 0.0000000000e+00 7.0588748348e-15 -3.1985388148e+00 0.0000000000e+00 0.0000000000e+00 0.0000000000e+00 3.1262047276e+01
221.61600000 -3.1701346134e+00 7.1390893215e-15 0.0000000000e+00 7.1390893215e-15 -3.1701346134e+00 0.0000000000e+00 0.0000000000e+00 0.0000000000e+00 3.1298281228e+01
221.76800000 -3.1417944799e+00 7.2995182951e-15 0.0000000000e+00 7.2995182951e-15 -3.1417944799e+00 0.0000000000e+00 0.0000000000e+00 0.0000000000e+00 3.1334639171e+01
221.92000000 -3.1135181496e+00 7.0588748348e-15 0.0000000000e+00 7.0588748348e-15 -3.1135181496e+00 0.0000000000e+00 0.0000000000e+00 0.0000000000e+00 3.1371121716e+01
222.07200000 -3.0853053586e+00 7.0588748348e-15 0.0000000000e+00 7.0588748348e-15 -3.0853053586e+00 0.0000000000e+00 0.0000000000e+00 0.0000000000e+00 3.1407729478e+01
222.22400000 -3.0571558446e+00 7.1390893215e-15 0.0000000000e+00 7.1390893215e-15 -3.0571558446e+00 0.0000000000e+00 0.0000000000e+00 0.0000000000e+00 3.1444463076e+01
222.37600000 -3.0290693462e+00 7.0588748348e-15 0.0000000000e+00 7.0588748348e-15 -3.0290693462e+00 0.0000000000e+00 0.0000000000e+00 0.0000000000e+00 3.1481323131e+01
222.52800000 -3.0010456036e+00 6.8984458613e-15 0.0000000000e+00 6.8984458613e-15 -3.0010456036e+00 0.0000000000e+00 0.0000000000e+00 0.0000000000e+00 3.1518310272e+01
222.68000000 -2.9730843578e+00 6.8984458613e-15 0.0000000000e+00 6.8984458613e-15 -2.9730843578e+00 0.0000000000e+00 0.0000000000e+00 0.0000000000e+00 3.1555425130e+01
222.83200000 -2.9451853511e+00 7.0588748348e-15 0.0000000000e+00 7.0588748348e-15 -2.9451853511e+00 0.0000000000e+00 0.0000000000e+00 0.0000000000e+00 3.1592668339e+01
222.98400000 -2.9173483272e+00 7.1390893215e-15 0.0000000000e+00 7.1390893215e-15 -2.9173483272e+00 0.0000000000e+00 0.0000000000e+00 0.0000000000e+00 3.1630040541e+01
223.13600000 -2.8895730308e+00 6.9786603480e-15 0.0000000000e+00 6.9786603480e-15 -2.8895730308e+00 0.0000000000e+00 0.0000000000e+00 0.0000000000e+00 3.1667542377e+01
223.28800000 -2.8618592077e+00 7.1390893215e-15 0.0000000000e+00 7.1390893215e-15 -2.8618592077e+00 0.0000000000e+00 0.0000000000e+00 0.0000000000e+00 3.1705174498e+01
223.44000000 -2.8342066050e+00 6.9786603480e-15 0.0000000000e+00 6.9786603480e-15 -2.8342066050e+00 0.0000000000e+00 0.0000000000e+00 0.0000000000e+00 3.1742937554e+01
223.59200000 -2.8066149709e+00 6.9786603480e-15 0.0000000000e+00 6.9786603480e-15 -2.8066149709e+00 0.0000000000e+00 0.0000000000e+00 0.0000000000e+00 3.1780832204e+01
223.74400000 -2.7790840549e+00 6.8984458613e-15 0.0000000000e+00 6.8984458613e-15 -2.7790840549e+00 0.0000000000e+00 0.0000000000e+00 0.0000000000e+00 3.1818859109e+01
223.89600000 -2.7516136073e+00 6.8984458613e-15 0.0000000000e+00 6.8984458613e-15 -2.7516136073e+00 0.0000000000e+00 0.0000000000e+00 0.0000000000e+00 3.1857018934e+01
224.04800000 -2.7242033799e+00 6.9786603480e-15 0.0000000000e+00 6.9786603480e-15 -2.7242033799e+00 0.0000000000e+00 0.0000000000e+00 0.0000000000e+00 3.1895312350e+01
224.20000000 -2.6968531253e+00 6.9786603480e-15 0.0000000000e+00 6.9786603480e-15 -2.6968531253e+00 0.0000000000e+00 0.0000000000e+00 0.0000000000e+00 3.1933740032e+01
224.35200000 -2.6695625976e+00 6.8984458613e-15 0.0000000000e+00 6.8984458613e-15 -2.6695625976e+00 0.0000000000e+00 0.0000000000e+00 0.0000000000e+00 3.1972302659e+01
224.50400000 -2.6423315517e+00 6.8984458613e-15 0.0000000000e+00 6.8984458613e-15 -2.6423315517e+00 0.0000000000e+00 0.0000000000e+00 0.0000000000e+00 3.2011000915e+01
224.65600000 -2.6151597437e+00 6.9786603480e-15 0.0000000000e+00 6.9786603480e-15 -2.6151597437e+00 0.0000000000e+00 0.0000000000e+00 0.0000000000e+00 3.2049835489e+01
224.80800000 -2.5880469309e+00 6.8984458613e-15 0.0000000000e+00 6.8984458613e-15 -2.5880469309e+00 0.0000000000e+00 0.0000000000e+00 0.0000000000e+00 3.2088807074e+01
224.96000000 -2.5609928715e+00 6.8984458613e-15 0.0000000000e+00 6.8984458613e-15 -2.5609928715e+00 0.0000000000e+00 0.0000000000e+00 0.0000000000e+00 3.2127916369e+01
225.11200000 -2.5339973250e+00 6.9786603480e-15 0.0000000000e+00 6.9786603480e-15 -2.5339973250e+00 0.0000000000e+00 0.0000000000e+00 0.0000000000e+00 3.2167164077e+01
225.26400000 -2.5070600518e+00 6.9786603480e-15 0.0000000000e+00 6.9786603480e-15 -2.5070600518e+00 0.0000000000e+00 0.0000000000e+00 0.0000000000e+00 3.2206550904e+01
225.41600000 -2.4801808135e+00 6.8984458613e-15 0.0000000000e+00 6.8984458613e-15 -2.4801808135e+00 0.0000000000e+00 0.0000000000e+00 0.0000000000e+00 3.2246077564e+01
225.56800000 -2.4533593728e+00 6.8984458613e-15 0.0000000000e+00 6.8984458613e-15 -2.4533593728e+00 0.0000000000e+00 0.0000000000e+00 0.0000000000e+00 3.2285744775e+01
225.72000000 -2.4265954932e+00 6.9786603480e-15 0.0000000000e+00 6.9786603480e-15 -2.4265954932e+00 0.0000000000e+00 0.0000000000e+00 0.0000000000e+00 3.2325553257e+01
225.87200000 -2.3998889396e+00 6.8182313745e-15 0.0000000000e+00 6.8182313745e-15 -2.3998889396e+00 0.0000000000e+00 0.0000000000e+00 0.0000000000e+00 3.2365503740e+01
226.02400000 -2.3732394777e+00 6.9786603480e-15 0.0000000000e+00 6.9786603480e-15 -2.3732394777e+00 0.0000000000e+00 0.0000000000e+00 0.0000000000e+00 3.2405596955e+01
226.17600000 -2.3466468745e+00 6.8984458613e-15 0.0000000000e+00 6.8984458613e-15 -2.3466468745e+00 0.0000000000e+00 0.0000000000e+00 0.0000000000e+00 3.2445833639e+01
226.32800000 -2.3201108976e+00 6.8182313745e-15 0.0000000000e+00 6.8182313745e-15 -2.3201108976e+00 0.0000000000e+00 0.0000000000e+00 0.0000000000e+00 3.2486214536e+01
226.48000000 -2.2936313161e+00 6.8182313745e-15 0.0000000000e+00 6.8182313745e-15 -2.2936313161e+00 0.0000000000e+00 0.0000000000e+00 0.0000000000e+00 3.2526740393e+01
226.63200000 -2.2672078999e+00 6.7380168878e-15 0.0000000000e+00 6.7380168878e-15 -2.2672078999e+00 0.0000000000e+00 0.0000000000e+00 0.0000000000e+00 3.2567411963e+01
226.78400000 -2.2408404199e+00 6.8182313745e-15 0.0000000000e+00 6.8182313745e-15 -2.2408404199e+00 0.0000000000e+00 0.0000000000e+00 0.0000000000e+00 3.2608230004e+01
226.93600000 -2.2145286481e+00 6.9786603480e-15 0.0000000000e+00 6.9786603480e-15 -2.2145286481e+00 0.0000000000e+00 0.0000000000e+00 0.0000000000e+00 3.2649195280e+01
227.08800000 -2.1882723574e+00 6.9786603480e-15 0.0000000000e+00 6.9786603480e-15 -2.1882723574e+00 0.0000000000e+00 0.0000000000e+00 0.0000000000e+00 3.2690308559e+01
227.24000000 -2.1620713218e+00 6.8182313745e-15 0.0000000000e+00 6.8182313745e-15 -2.1620713218e+00 0.0000000000e+00 0.0000000000e+00 0.0000000000e+00 3.2731570615e+01
227.39200000 -2.1359253162e+00 6.8182313745e-15 0.0000000000e+00 6.8182313745e-15 -2.1359253162e+00 0.0000000000e+00 0.0000000000e+00 0.0000000000e+00 3.2772982228e+01
227.54400000 -2.1098341166e+00 6.9786603480e-15 0.0000000000e+00 6.9786603480e-15 -2.1098341166e+00 0.0000000000e+00 0.0000000000e+00 0.0000000000e+00 3.2814544183e+01
227.69600000 -2.0837974999e+00 6.8182313745e-15 0.0000000000e+00 6.8182313745e-15 -2.0837974999e+00 0.0000000000e+00 0.0000000000e+00 0.0000000000e+00 3.2856257271e+01
227.84800000 -2.0578152440e+00 6.8182313745e-15 0.0000000000e+00 6.8182313745e-15 -2.0578152440e+00 0.0000000000e+00 0.0000000000e+00 0.0000000000e+00 3.2898122288e+01
228.00000000 -2.0318871278e+00 6.8182313745e-15 0.0000000000e+00 6.8182313745e-15 -2.0318871278e+00 0.0000000000e+00 0.0000000000e+00 0.0000000000e+00 3.2940140036e+01
228.15200000 -2.0060129311e+00 6.7380168878e-15 0.0000000000e+00 6.7380168878e-15 -2.0060129311e+00 0.0000000000e+00 0.0000000000e+00 0.0000000000e+00 3.2982311321e+01
228.30400000 -1.9801924346e+00 6.7380168878e-15 0.0000000000e+00 6.7380168878e-15 -1.9801924346e+00 0.0000000000e+00 0.0000000000e+00 0.0000000000e+00 3.3024636957e+01
228.45600000 -1.9544254202e+00 6.8182313745e-15 0.0000000000e+00 6.8182313745e-15 -1.9544254202e+00 0.0000000000e+00 0.0000000000e+00 0.0000000000e+00 3.3067117764e+01
228.60800000 -1.9287116706e+00 6.7380168878e-15 0.0000000000e+00 6.7380168878e-15 -1.9287116706e+00 0.0000000000e+00 0.0000000000e+00 0.0000000000e+00 3.3109754565e+01
228.76000000 -1.9030509692e+00 6.8182313745e-15 0.0000000000e+00 6.8182313745e-15 -1.9030509692e+00 0.0000000000e+00 0.0000000000e+00 0.0000000000e+00 3.3152548192e+01
228.91200000 -1.8774431008e+00 6.6578024010e-15 0.0000000000e+00 6.6578024010e-15 -1.8774431008e+00 0.0000000000e+00 0.0000000000e+00 0.0000000000e+00 3.3195499481e+01
229.06400000 -1.8518878508e+00 6.8182313745e-15 0.0000000000e+00 6.8182313745e-15 -1.8518878508e+00 0.0000000000e+00 0.0000000000e+00 0.0000000000e+00 3.3238609274e+01
229.21600000 -1.8263850057e+00 6.8182313745e-15 0.0000000000e+00 6.8182313745e-15 -1.8263850057e+00 0.0000000000e+00 0.0000000000e+00 0.0000000000e+00 3.3281878421e+01
229.36800000 -1.8009343527e+00 6.8182313745e-15 0.0000000000e+00 6.8182313745e-15 -1.8009343527e+00 0.0000000000e+00 0.0000000000e+00 0.0000000000e+00 3.3325307775e+01
229.52000000 -1.7755356802e+00 6.8182313745e-15 0.0000000000e+00 6.8182313745e-15 -1.7755356802e+00 0.0000000000e+00 0.0000000000e+00 0.0000000000e+00 3.3368898197e+01
229.67200000 -1.7501887772e+00 6.6578024010e-15 0.0000000000e+00 6.6578024010e-15 -1.7501887772e+00 0.0000000000e+00 0.0000000000e+00 0.0000000000e+00 3.3412650555e+01
229.82400000 -1.7248934340e+00 6.8182313745e-15 0.0000000000e+00 6.8182313745e-15 -1.7248934340e+00 0.0000000000e+00 0.0000000000e+00 0.0000000000e+00 3.3456565722e+01
229.97600000 -1.6996494413e+00 6.8182313745e-15 0.0000000000e+00 6.8182313745e-15 -1.6996494413e+00 0.0000000000e+00 0.0000000000e+00 0.0000000000e+00 3.3500644576e+01
230.12800000 -1.6744565911e+00 6.6578024010e-15 0.0000000000e+00 6.6578024010e-15 -1.6744565911e+00 0.0000000000e+00 0.0000000000e+00 0.0000000000e+00 3.3544888005e+01
230.28000000 -1.6493146761e+00 6.8182313745e-15 0.0000000000e+00 6.8182313745e-15 -1.6493146761e+00 0.0000000000e+00 0.0000000000e+00 0.0000000000e+00 3.3589296900e+01
230.43200000 -1.6242234900e+00 6.6578024010e-15 0.0000000000e+00 6.6578024010e-15 -1.6242234900e+00 0.0000000000e+00 0.0000000000e+00 0.0000000000e+00 3.3633872160e+01
230.58400000 -1.5991828272e+00 6.6578024010e-15 0.0000000000e+00 6.6578024010e-15 -1.5991828272e+00 0.0000000000e+00 0.0000000000e+00 0.0000000000e+00 3.3678614690e+01
230.73600000 -1.5741924831e+00 6.6578024010e-15 0.0000000000e+00 6.6578024010e-15 -1.5741924831e+00 0.0000000000e+00 0.0000000000e+00 0.0000000000e+00 3.3723525403e+01
230.88800000 -1.5492522539e+00 6.6578024010e-15 0.0000000000e+00 6.6578024010e-15 -1.5492522539e+00 0.0000000000e+00 0.0000000000e+00 0.0000000000e+00 3.3768605217e+01
231.04000000 -1.5243619368e+00 6.6578024010e-15 0.0000000000e+00 6.6578024010e-15 -1.5243619368e+00 0.0000000000e+00 0.0000000000e+00 0.0000000000e+00 3.3813855057e+01
231.19200000 -1.4995213297e+00 6.6578024010e-15 0.0000000000e+00 6.6578024010e-15 -1.4995213297e+00 0.0000000000e+00 0.0000000000e+00 0.0000000000e+00 3.3859275855e+01
231.34400000 -1.4747302313e+00 6.6578024010e-15 0.0000000000e+00 6.6578024010e-15 -1.4747302313e+00 0.0000000000e+00 0.0000000000e+00 0.0000000000e+00 3.3904868551e+01
231.49600000 -1.4499884414e+00 6.6578024010e-15 0.0000000000e+00 6.6578024010e-15 -1.4499884414e+00 0.0000000000e+00 0.0000000000e+00 0.0000000000e+00 3.3950634089e+01
231.64800000 -1.4252957605e+00 6.6578024010e-15 0.0000000000e+00 6.6578024010e-15 -1.4252957605e+00 0.0000000000e+00 0.0000000000e+00 0.0000000000e+00 3.3996573423e+01
231.80000000 -1.4006519898e+00 6.6578024010e-15 0.0000000000e+00 6.6578024010e-15 -1.4006519898e+00 0.0000000000e+00 0.0000000000e+00 0.0000000000e+00 3.4042687513e+01
231.95200000 -1.3760569315e+00 6.6578024010e-15 0.0000000000e+00 6.6578024010e-15 -1.3760569315e+00 0.0000000000e+00 0.0000000000e+00 0.0000000000e+00 3.4088977325e+01
232.10400000 -1.3515103886e+00 6.6578024010e-15 0.0000000000e+00 6.6578024010e-15 -1.3515103886e+00 0.0000000000e+00 0.0000000000e+00 0.0000000000e+00 3.4135443833e+01
232.25600000 -1.3270121649e+00 6.6578024010e-15 0.0000000000e+00 6.6578024010e-15 -1.3270121649e+00 0.0000000000e+00 0.0000000000e+00 0.0000000000e+00 3.4182088020e+01
232.40800000 -1.3025620650e+00 6.6578024010e-15 0.0000000000e+00 6.6578024010e-15 -1.3025620650e+00 0.0000000000e+00 0.0000000000e+00 0.0000000000e+00 3.4228910873e+01
232.56000000 -1.2781598944e+00 6.6578024010e-15 0.0000000000e+00 6.6578024010e-15 -1.2781598944e+00 0.0000000000e+00 0.0000000000e+00 0.0000000000e+00 3.4275913388e+01
232.71200000 -1.2538054592e+00 6.6578024010e-15 0.0000000000e+00 6.6578024010e-15 -1.2538054592e+00 0.0000000000e+00 0.0000000000e+00 0.0000000000e+00 3.4323096569e+01
232.86400000 -1.2294985666e+00 6.7380168878e-15 0.0000000000e+00 6.7380168878e-15 -1.2294985666e+00 0.0000000000e+00 0.0000000000e+00 0.0000000000e+00 3.4370461426e+01
233.01600000 -1.2052390244e+00 6.5775879142e-15 0.0000000000e+00 6.5775879142e-15 -1.2052390244e+00 0.0000000000e+00 0.0000000000e+00 0.0000000000e+00 3.4418008978e+01
233.16800000 -1.1810266412e+00 6.6578024010e-15 0.0000000000e+00 6.6578024010e-15 -1.1810266412e+00 0.0000000000e+00 0.0000000000e+00 0.0000000000e+00 3.4465740252e+01
233.32000000 -1.1568612263e+00 6.4973734275e-15 0.0000000000e+00 6.4973734275e-15 -1.1568612263e+00 0.0000000000e+00 0.0000000000e+00 0.0000000000e+00 3.4513656280e+01
233.47200000 -1.1327425901e+00 6.6578024010e-15 0.0000000000e+00 6.6578024010e-15 -1.1327425901e+00 0.0000000000e+00 0.0000000000e+00 0.0000000000e+00 3.4561758105e+01
233.62400000 -1.1086705435e+00 6.7380168878e-15 0.0000000000e+00 6.7380168878e-15 -1.1086705435e+00 0.0000000000e+00 0.0000000000e+00 0.0000000000e+00 3.4610046775e+01
233.77600000 -1.0846448983e+00 6.6578024010e-15 0.0000000000e+00 6.6578024010e-15 -1.0846448983e+00 0.0000000000e+00 0.0000000000e+00 0.0000000000e+00 3.4658523349e+01
233.92800000 -1.0606654669e+00 6.4973734275e-15 0.0000000000e+00 6.4973734275e-15 -1.0606654669e+00 0.0000000000e+00 0.0000000000e+00 0.0000000000e+00 3.4707188891e+01
234.08000000 -1.0367320627e+00 6.4973734275e-15 0.0000000000e+00 6.4973734275e-15 -1.0367320627e+00 0.0000000000e+00 0.0000000000e+00 0.0000000000e+00 3.4756044476e+01
234.23200000 -1.0128444997e+00 6.4973734275e-15 0.0000000000e+00 6.4973734275e-15 -1.0128444997e+00 0.0000000000e+00 0.0000000000e+00 0.0000000000e+00 3.4805091184e+01
234.38400000 -9.8900259267e-01 6.6578024010e-15 0.0000000000e+00 6.6578024010e-15 -9.8900259267e-01 0.0000000000e+00 0.0000000000e+00 0.0000000000e+00 3.4854330105e+01
234.53600000 -9.6520615728e-01 6.6578024010e-15 0.0000000000e+00 6.6578024010e-15 -9.6520615728e-01 0.0000000000e+00 0.0000000000e+00 0.0000000000e+00 3.4903762339e+01
234.68800000 -9.4145500977e-01 6.4973734275e-15 0.0000000000e+00 6.4973734275e-15 -9.4145500977e-01 0.0000000000e+00 0.0000000000e+00 0.0000000000e+00 3.4953388990e+01
234.84000000 -9.1774896719e-01 6.5775879142e-15 0.0000000000e+00 6.5775879142e-15 -9.1774896719e-01 0.0000000000e+00 0.0000000000e+00 0.0000000000e+00 3.5003211174e+01
234.99200000 -8.9408784735e-01 6.5775879142e-15 0.0000000000e+00 6.5775879142e-15 -8.9408784735e-01 0.0000000000e+00 0.0000000000e+00 0.0000000000e+00 3.5053230015e+01
235.14400000 -8.7047146875e-01 6.4973734275e-15 0.0000000000e+00 6.4973734275e-15 -8.7047146875e-01 0.0000000000e+00 0.0000000000e+00 0.0000000000e+00 3.5103446646e+01
235.29600000 -8.4689965065e-01 6.4973734275e-15 0.0000000000e+00 6.4973734275e-15 -8.4689965065e-01 0.0000000000e+00 0.0000000000e+00 0.0000000000e+00 3.5153862206e+01
235.44800000 -8.2337221304e-01 6.4973734275e-15 0.0000000000e+00 6.4973734275e-15 -8.2337221304e-01 0.0000000000e+00 0.0000000000e+00 0.0000000000e+00 3.5204477845e+01
235.60000000 -7.9988897661e-01 6.4973734275e-15 0.0000000000e+00 6.4973734275e-15 -7.9988897661e-01 0.0000000000e+00 0.0000000000e+00 0.0000000000e+00 3.5255294723e+01
235.75200000 -7.7644976278e-01 6.4973734275e-15 0.0000000000e+00 6.4973734275e-15 -7.7644976278e-01 0.0000000000e+00 0.0000000000e+00 0.0000000000e+00 3.5306314006e+01
235.90400000 -7.5305439369e-01 6.4973734275e-15 0.0000000000e+00 6.4973734275e-15 -7.5305439369e-01 0.0000000000e+00 0.0000000000e+00 0.0000000000e+00 3.5357536872e+01
236.05600000 -7.2970269217e-01 6.4973734275e-15 0.0000000000e+00 6.4973734275e-15 -7.2970269217e-01 0.0000000000e+00 0.0000000000e+00 0.0000000000e+00 3.5408964506e+01
236.20800000 -7.0639448178e-01 6.5775879142e-15 0.0000000000e+00 6.5775879142e-15 -7.0639448178e-01 0.0000000000e+00 0.0000000000e+00 0.0000000000e+00 3.5460598104e+01
236.36000000 -6.8312958675e-01 6.4973734275e-15 0.0000000000e+00 6.4973734275e-15 -6.8312958675e-01 0.0000000000e+00 0.0000000000e+00 0.0000000000e+00 3.5512438869e+01
236.51200000 -6.5990783205e-01 6.4973734275e-15 0.0000000000e+00 6.4973734275e-15 -6.5990783205e-01 0.0000000000e+00 0.0000000000e+00 0.0000000000e+00 3.5564488015e+01
236.66400000 -6.3672904330e-01 6.4171589407e-15 0.0000000000e+00 6.4171589407e-15 -6.3672904330e-01 0.0000000000e+00 0.0000000000e+00 0.0000000000e+00 3.5616746766e+01
236.81600000 -6.1359304683e-01 6.3369444540e-15 0.0000000000e+00 6.3369444540e-15 -6.1359304683e-01 0.0000000000e+00 0.0000000000e+00 0.0000000000e+00 3.5669216354e+01
236.96800000 -5.9049966966e-01 6.3369444540e-15 0.0000000000e+00 6.3369444540e-15 -5.9049966966e-01 0.0000000000e+00 0.0000000000e+00 0.0000000000e+00 3.5721898022e+01
237.12000000 -5.6744873948e-01 6.5775879142e-15 0.0000000000e+00 6.5775879142e-15 -5.6744873948e-01 0.0000000000e+00 0.0000000000e+00 0.0000000000e+00 3.5774793023e+01
237.27200000 -5.4444008466e-01 6.4171589407e-15 0.0000000000e+00 6.4171589407e-15 -5.4444008466e-01 0.0000000000e+00 0.0000000000e+00 0.0000000000e+00 3.5827902618e+01
237.42400000 -5.2147353425e-01 6.4171589407e-15 0.0000000000e+00 6.4171589407e-15 -5.2147353425e-01 0.0000000000e+00 0.0000000000e+00 0.0000000000e+00 3.5881228080e+01
237.57600000 -4.9854891795e-01 6.4973734275e-15 0.0000000000e+00 6.4973734275e-15 -4.9854891795e-01 0.0000000000e+00 0.0000000000e+00 0.0000000000e+00 3.5934770692e+01
237.72800000 -4.7566606615e-01 6.4171589407e-15 0.0000000000e+00 6.4171589407e-15 -4.7566606615e-01 0.0000000000e+00 0.0000000000e+00 0.0000000000e+00 3.5988531745e+01
237.88000000 -4.5282480989e-01 6.4171589407e-15 0.0000000000e+00 6.4171589407e-15 -4.5282480989e-01 0.0000000000e+00 0.0000000000e+00 0.0000000000e+00 3.6042512542e+01
238.03200000 -4.3002498087e-01 6.4973734275e-15 0.0000000000e+00 6.4973734275e-15 -4.3002498087e-01 0.0000000000e+00 0.0000000000e+00 0.0000000000e+00 3.6096714397e+01
238.18400000 -4.0726641143e-01 6.4171589407e-15 0.0000000000e+00 6.4171589407e-15 -4.0726641143e-01 0.0000000000e+00 0.0000000000e+00 0.0000000000e+00 3.6151138633e+01
238.33600000 -3.8454893459e-01 6.3369444540e-15 0.0000000000e+00 6.3369444540e-15 -3.8454893459e-01 0.0000000000e+00 0.0000000000e+00 0.0000000000e+00 3.6205786585e+01
238.48800000 -3.6187238398e-01 6.4171589407e-15 0.0000000000e+00 6.4171589407e-15 -3.6187238398e-01 0.0000000000e+00 0.0000000000e+00 0.0000000000e+00 3.6260659597e+01
238.64000000 -3.3923659391e-01 6.4973734275e-15 0.0000000000e+00 6.4973734275e-15 -3.3923659391e-01 0.0000000000e+00 0.0000000000e+00 0.0000000000e+00 3.6315759025e+01
238.79200000 -3.1664139931e-01 6.4171589407e-15 0.0000000000e+00 6.4171589407e-15 -3.1664139931e-01 0.0000000000e+00 0.0000000000e+00 0.0000000000e+00 3.6371086236e+01
238.94400000 -2.9408663573e-01 6.4171589407e-15 0.0000000000e+00 6.4171589407e-15 -2.9408663573e-01 0.0000000000e+00 0.0000000000e+00 0.0000000000e+00 3.6426642608e+01
239.09600000 -2.7157213939e-01 6.3369444540e-15 0.0000000000e+00 6.3369444540e-15 -2.7157213939e-01 0.0000000000e+00 0.0000000000e+00 0.0000000000e+00 3.6482429528e+01
239.24800000 -2.4909774710e-01 6.3369444540e-15 0.0000000000e+00 6.3369444540e-15 -2.4909774710e-01 0.0000000000e+00 0.0000000000e+00 0.0000000000e+00 3.6538448399e+01
239.40000000 -2.2666329632e-01 6.4171589407e-15 0.0000000000e+00 6.4171589407e-15 -2.2666329632e-01 0.0000000000e+00 0.0000000000e+00 0.0000000000e+00 3.6594700630e+01
239.55200000 -2.0426862512e-01 6.3369444540e-15 0.0000000000e+00 6.3369444540e-15 -2.0426862512e-01 0.0000000000e+00 0.0000000000e+00 0.0000000000e+00 3.6651187644e+01
239.70400000 -1.8191357219e-01 6.4171589407e-15 0.0000000000e+00 6.4171589407e-15 -1.8191357219e-01 0.0000000000e+00 0.0000000000e+00 0.0000000000e+00 3.6707910877e+01
239.85600000 -1.5959797684e-01 6.4171589407e-15 0.0000000000e+00 6.4171589407e-15 -1.5959797684e-01 0.0000000000e+00 0.0000000000e+00 0.0000000000e+00 3.6764871774e+01
240.00800000 -1.3732167896e-01 6.3369444540e-15 0.0000000000e+00 6.3369444540e-15 -1.3732167896e-01 0.0000000000e+00 0.0000000000e+00 0.0000000000e+00 3.6822071794e+01
240.16000000 -1.1508451910e-01 6.3369444540e-15 0.0000000000e+00 6.3369444540e-15 -1.1508451910e-01 0.0000000000e+00 0.0000000000e+00 0.0000000000e+00 3.6879512406e+01
240.31200000 -9.2886338359e-02 6.3369444540e-15 0.0000000000e+00 6.3369444540e-15 -9.2886338359e-02 0.0000000000e+00 0.0000000000e+00 0.0000000000e+00 3.6937195093e+01
240.46400000 -7.0726978474e-02 6.3369444540e-15 0.0000000000e+00 6.3369444540e-15 -7.0726978474e-02 0.0000000000e+00 0.0000000000e+00 0.0000000000e+00 3.6995121348e+01
240.61600000 -4.8606281762e-02 6.3369444540e-15 0.0000000000e+00 6.3369444540e-15 -4.8606281762e-02 0.0000000000e+00 0.0000000000e+00 0.0000000000e+00 3.7053292678e+01
240.76800000 -2.6524091135e-02 6.3369444540e-15 0.0000000000e+00 6.3369444540e-15 -2.6524091135e-02 0.0000000000e+00 0.0000000000e+00 0.0000000000e+00 3.7111710603e+01
240.92000000 -4.4802500942e-03 6.2567299672e-15 0.0000000000e+00 6.2567299672e-15 -4.4802500944e-03 0.0000000000e+00 0.0000000000e+00 0.0000000000e+00 3.7170376654e+01
241.07200000 1.7525397271e-02 6.3369444540e-15 0.0000000000e+00 6.3369444540e-15 1.7525397270e-02 0.0000000000e+00 0.0000000000e+00 0.0000000000e+00 3.7229292375e+01
241.22400000 3.9493006289e-02 6.3369444540e-15 0.0000000000e+00 6.3369444540e-15 3.9493006289e-02 0.0000000000e+00 0.0000000000e+00 0.0000000000e+00 3.7288459323e+01
241.37600000 6.1422731711e-02 6.3369444540e-15 0.0000000000e+00 6.3369444540e-15 6.1422731710e-02 0.0000000000e+00 0.0000000000e+00 0.0000000000e+00 3.7347879069e+01
241.52800000 8.3314727709e-02 6.3369444540e-15 0.0000000000e+00 6.3369444540e-15 8.3314727708e-02 0.0000000000e+00 0.0000000000e+00 0.0000000000e+00 3.7407553195e+01
241.68000000 1.0516914788e-01 6.2567299672e-15 0.0000000000e+00 6.2567299672e-15 1.0516914788e-01 0.0000000000e+00 0.0000000000e+00 0.0000000000e+00 3.7467483298e+01
241.83200000 1.2698614527e-01 6.3369444540e-15 0.0000000000e+00 6.3369444540e-15 1.2698614527e-01 0.0000000000e+00 0.0000000000e+00 0.0000000000e+00 3.7527670989e+01
241.98400000 1.4876587232e-01 6.2567299672e-15 0.0000000000e+00 6.2567299672e-15 1.4876587232e-01 0.0000000000e+00 0.0000000000e+00 0.0000000000e+00 3.7588117889e+01
242.13600000 1.7050848095e-01 6.2567299672e-15 0.0000000000e+00 6.2567299672e-15 1.7050848095e-01 0.0000000000e+00 0.0000000000e+00 0.0000000000e+00 3.7648825637e+01
242.28800000 1.9221412250e-01 6.2567299672e-15 0.0000000000e+00 6.2567299672e-15 1.9221412250e-01 0.0000000000e+00 0.0000000000e+00 0.0000000000e+00 3.7709795884e+01
242.44000000 2.1388294774e-01 6.2567299672e-15 0.0000000000e+00 6.2567299672e-15 2.1388294774e-01 0.0000000000e+00 0.0000000000e+00 0.0000000000e+00 3.7771030293e+01
242.59200000 2.3551510692e-01 6.3369444540e-15 0.0000000000e+00 6.3369444540e-15 2.3551510692e-01 0.0000000000e+00 0.0000000000e+00 0.0000000000e+00 3.7832530544e+01
242.74400000 2.5711074972e-01 6.2567299672e-15 0.0000000000e+00 6.2567299672e-15 2.5711074972e-01 0.0000000000e+00 0.0000000000e+00 0.0000000000e+00 3.7894298330e+01
242.89600000 2.7867002527e-01 6.2567299672e-15 0.0000000000e+00 6.2567299672e-15 2.7867002527e-01 0.0000000000e+00 0.0000000000e+00 0.0000000000e+00 3.7956335359e+01
243.04800000 3.0019308215e-01 6.2567299672e-15 0.0000000000e+00 6.2567299672e-15 3.0019308215e-01 0.0000000000e+00 0.0000000000e+00 0.0000000000e+00 3.8018643352e+01
243.20000000 3.2168006843e-01 6.1765154804e-15 0.0000000000e+00 6.1765154804e-15 3.2168006843e-01 0.0000000000e+00 0.0000000000e+00 0.0000000000e+00 3.8081224046e+01
243.35200000 3.4313113161e-01 6.2567299672e-15 0.0000000000e+00 6.2567299672e-15 3.4313113161e-01 0.0000000000e+00 0.0000000000e+00 0.0000000000e+00 3.8144079194e+01
243.50400000 3.6454641867e-01 6.2567299672e-15 0.0000000000e+00 6.2567299672e-15 3.6454641867e-01 0.0000000000e+00 0.0000000000e+00 0.0000000000e+00 3.8207210561e+01
243.65600000 3.8592607605e-01 6.2567299672e-15 0.0000000000e+00 6.2567299672e-15 3.8592607605e-01 0.0000000000e+00 0.0000000000e+00 0.0000000000e+00 3.8270619930e+01
243.80800000 4.0727024968e-01 6.2567299672e-15 0.0000000000e+00 6.2567299672e-15 4.0727024968e-01 0.0000000000e+00 0.0000000000e+00 0.0000000000e+00 3.8334309097e+01
243.96000000 4.2857908495e-01 6.1765154804e-15 0.0000000000e+00 6.1765154804e-15 4.2857908495e-01 0.0000000000e+00 0.0000000000e+00 0.0000000000e+00 3.8398279876e+01
244.11200000 4.4985272672e-01 6.1765154804e-15 0.0000000000e+00 6.1765154804e-15 4.4985272672e-01 0.0000000000e+00 0.0000000000e+00 0.0000000000e+00 3.8462534095e+01
244.26400000 4.7109131934e-01 6.1765154804e-15 0.0000000000e+00 6.1765154804e-15 4.7109131934e-01 0.0000000000e+00 0.0000000000e+00 0.0000000000e+00 3.8527073597e+01
244.41600000 4.9229500665e-01 6.3369444540e-15 0.0000000000e+00 6.3369444540e-15 4.9229500665e-01 0.0000000000e+00 0.0000000000e+00 0.0000000000e+00 3.8591900244e+01
244.56800000 5.1346393197e-01 6.1765154804e-15 0.0000000000e+00 6.1765154804e-15 5.1346393197e-01 0.0000000000e+00 0.0000000000e+00 0.0000000000e+00 3.8657015912e+01
244.72000000 5.3459823811e-01 6.1765154804e-15 0.0000000000e+00 6.1765154804e-15 5.3459823811e-01 0.0000000000e+00 0.0000000000e+00 0.0000000000e+00 3.8722422493e+01
244.87200000 5.5569806736e-01 6.2567299672e-15 0.0000000000e+00 6.2567299672e-15 5.5569806736e-01 0.0000000000e+00 0.0000000000e+00 0.0000000000e+00 3.8788121897e+01
245.02400000 5.7676356153e-01 6.1765154804e-15 0.0000000000e+00 6.1765154804e-15 5.7676356153e-01 0.0000000000e+00 0.0000000000e+00 0.0000000000e+00 3.8854116050e+01
245.17600000 5.9779486191e-01 6.1765154804e-15 0.0000000000e+00 6.1765154804e-15 5.9779486191e-01 0.0000000000e+00 0.0000000000e+00 0.0000000000e+00 3.8920406894e+01
245.32800000 6.1879210930e-01 6.0963009937e-15 0.0000000000e+00 6.0963009937e-15 6.1879210930e-01 0.0000000000e+00 0.0000000000e+00 0.0000000000e+00 3.8986996391e+01
245.48000000 6.3975544399e-01 6.2567299672e-15 0.0000000000e+00 6.2567299672e-15 6.3975544399e-01 0.0000000000e+00 0.0000000000e+00 0.0000000000e+00 3.9053886517e+01
245.63200000 6.6068500579e-01 6.1765154804e-15 0.0000000000e+00 6.1765154804e-15 6.6068500579e-01 0.0000000000e+00 0.0000000000e+00 0.0000000000e+00 3.9121079267e+01
245.78400000 6.8158093402e-01 6.1765154804e-15 0.0000000000e+00 6.1765154804e-15 6.8158093402e-01 0.0000000000e+00 0.0000000000e+00 0.0000000000e+00 3.9188576654e+01
245.93600000 7.0244336751e-01 6.1765154804e-15 0.0000000000e+00 6.1765154804e-15 7.0244336751e-01 0.0000000000e+00 0.0000000000e+00 0.0000000000e+00 3.9256380707e+01
246.08800000 7.2327244460e-01 6.0963009937e-15 0.0000000000e+00 6.0963009937e-15 7.2327244460e-01 0.0000000000e+00 0.0000000000e+00 0.0000000000e+00 3.9324493476e+01
246.24000000 7.4406830314e-01 6.1765154804e-15 0.0000000000e+00 6.1765154804e-15 7.4406830314e-01 0.0000000000e+00 0.0000000000e+00 0.0000000000e+00 3.9392917027e+01
246.39200000 7.6483108053e-01 6.1765154804e-15 0.0000000000e+00 6.1765154804e-15 7.6483108053e-01 0.0000000000e+00 0.0000000000e+00 0.0000000000e+00 3.9461653445e+01
246.54400000 7.8556091367e-01 6.1765154804e-15 0.0000000000e+00 6.1765154804e-15 7.8556091366e-01 0.0000000000e+00 0.0000000000e+00 0.0000000000e+00 3.9530704834e+01
246.69600000 8.0625793898e-01 6.1765154804e-15 0.0000000000e+00 6.1765154804e-15 8.0625793898e-01 0.0000000000e+00 0.0000000000e+00 0.0000000000e+00 3.9600073317e+01
246.84800000 8.2692229243e-01 6.0963009937e-15 0.0000000000e+00 6.0963009937e-15 8.2692229243e-01 0.0000000000e+00 0.0000000000e+00 0.0000000000e+00 3.9669761035e+01
247.00000000 8.4755410952e-01 6.1765154804e-15 0.0000000000e+00 6.1765154804e-15 8.4755410952e-01 0.0000000000e+00 0.0000000000e+00 0.0000000000e+00 3.9739770149e+01
247.15200000 8.6815352526e-01 6.1765154804e-15 0.0000000000e+00 6.1765154804e-15 8.6815352526e-01 0.0000000000e+00 0.0000000000e+00 0.0000000000e+00 3.9810102840e+01
247.30400000 8.8872067422e-01 6.0963009937e-15 0.0000000000e+00 6.0963009937e-15 8.8872067422e-01 0.0000000000e+00 0.0000000000e+00 0.0000000000e+00 3.9880761308e+01
247.45600000 9.0925569050e-01 6.0963009937e-15 0.0000000000e+00 6.0963009937e-15 9.0925569050e-01 0.0000000000e+00 0.0000000000e+00 0.0000000000e+00 3.9951747774e+01
247.60800000 9.2975870775e-01 6.0963009937e-15 0.0000000000e+00 6.0963009937e-15 9.2975870775e-01 0.0000000000e+00 0.0000000000e+00 0.0000000000e+00 4.0023064477e+01
247.76000000 9.5022985916e-01 6.0160865069e-15 0.0000000000e+00 6.0160865069e-15 9.5022985916e-01 0.0000000000e+00 0.0000000000e+00 0.0000000000e+00 4.0094713679e+01
247.91200000 9.7066927746e-01 6.1765154804e-15 0.0000000000e+00 6.1765154804e-15 9.7066927746e-01 0.0000000000e+00 0.0000000000e+00 0.0000000000e+00 4.0166697661e+01
248.06400000 9.9107709495e-01 6.0160865069e-15 0.0000000000e+00 6.0160865069e-15 9.9107709495e-01 0.0000000000e+00 0.0000000000e+00 0.0000000000e+00 4.0239018726e+01
248.21600000 1.0114534435e+00 6.1765154804e-15 0.0000000000e+00 6.1765154804e-15 1.0114534435e+00 0.0000000000e+00 0.0000000000e+00 0.0000000000e+00 4.0311679197e+01
248.36800000 1.0317984544e+00 6.0963009937e-15 0.0000000000e+00 6.0963009937e-15 1.0317984544e+00 0.0000000000e+00 0.0000000000e+00 0.0000000000e+00 4.0384681419e+01
248.52000000 1.0521122587e+00 6.0160865069e-15 0.0000000000e+00 6.0160865069e-15 1.0521122587e+00 0.0000000000e+00 0.0000000000e+00 0.0000000000e+00 4.0458027758e+01
248.67200000 1.0723949869e+00 6.0963009937e-15 0.0000000000e+00 6.0963009937e-15 1.0723949869e+00 0.0000000000e+00 0.0000000000e+00 0.0000000000e+00 4.0531720603e+01
248.82400000 1.0926467690e+00 6.0160865069e-15 0.0000000000e+00 6.0160865069e-15 1.0926467690e+00 0.0000000000e+00 0.0000000000e+00 0.0000000000e+00 4.0605762364e+01
248.97600000 1.1128677347e+00 6.0160865069e-15 0.0000000000e+00 6.0160865069e-15 1.1128677347e+00 0.0000000000e+00 0.0000000000e+00 0.0000000000e+00 4.0680155473e+01
249.12800000 1.1330580133e+00 6.0160865069e-15 0.0000000000e+00 6.0160865069e-15 1.1330580133e+00 0.0000000000e+00 0.0000000000e+00 0.0000000000e+00 4.0754902387e+01
249.28000000 1.1532177334e+00 6.0160865069e-15 0.0000000000e+00 6.0160865069e-15 1.1532177334e+00 0.0000000000e+00 0.0000000000e+00 0.0000000000e+00 4.0830005583e+01
249.43200000 1.1733470235e+00 6.0963009937e-15 0.0000000000e+00 6.0963009937e-15 1.1733470235e+00 0.0000000000e+00 0.0000000000e+00 0.0000000000e+00 4.0905467564e+01
249.58400000 1.1934460115e+00 6.0160865069e-15 0.0000000000e+00 6.0160865069e-15 1.1934460115e+00 0.0000000000e+00 0.0000000000e+00 0.0000000000e+00 4.0981290853e+01
249.73600000 1.2135148248e+00 6.0963009937e-15 0.0000000000e+00 6.0963009937e-15 1.2135148248e+00 0.0000000000e+00 0.0000000000e+00 0.0000000000e+00 4.1057477999e+01
249.88800000 1.2335535906e+00 6.0160865069e-15 0.0000000000e+00 6.0160865069e-15 1.2335535906e+00 0.0000000000e+00 0.0000000000e+00 0.0000000000e+00 4.1134031575e+01
250.04000000 1.2535624356e+00 6.0160865069e-15 0.0000000000e+00 6.0160865069e-15 1.2535624356e+00 0.0000000000e+00 0.0000000000e+00 0.0000000000e+00 4.1210954178e+01
250.19200000 1.2735414859e+00 5.9358720202e-15 0.0000000000e+00 5.9358720202e-15 1.2735414859e+00 0.0000000000e+00 0.0000000000e+00 0.0000000000e+00 4.1288248428e+01
250.34400000 1.2934908675e+00 6.0160865069e-15 0.0000000000e+00 6.0160865069e-15 1.2934908675e+00 0.0000000000e+00 0.0000000000e+00 0.0000000000e+00 4.1365916972e+01
250.49600000 1.3134107057e+00 6.0963009937e-15 0.0000000000e+00 6.0963009937e-15 1.3134107057e+00 0.0000000000e+00 0.0000000000e+00 0.0000000000e+00 4.1443962482e+01
250.64800000 1.3333011256e+00 6.0160865069e-15 0.0000000000e+00 6.0160865069e-15 1.3333011256e+00 0.0000000000e+00 0.0000000000e+00 0.0000000000e+00 4.1522387653e+01
250.80000000 1.3531622518e+00 6.0160865069e-15 0.0000000000e+00 6.0160865069e-15 1.3531622518e+00 0.0000000000e+00 0.0000000000e+00 0.0000000000e+00 4.1601195208e+01
250.95200000 1.3729942086e+00 6.0160865069e-15 0.0000000000e+00 6.0160865069e-15 1.3729942086e+00 0.0000000000e+00 0.0000000000e+00 0.0000000000e+00 4.1680387896e+01
251.10400000 1.3927971197e+00 5.9358720202e-15 0.0000000000e+00 5.9358720202e-15 1.3927971197e+00 0.0000000000e+00 0.0000000000e+00 0.0000000000e+00 4.1759968491e+01
251.25600000 1.4125711085e+00 6.0963009937e-15 0.0000000000e+00 6.0963009937e-15 1.4125711085e+00 0.0000000000e+00 0.0000000000e+00 0.0000000000e+00 4.1839939795e+01
251.40800000 1.4323162981e+00 6.0160865069e-15 0.0000000000e+00 6.0160865069e-15 1.4323162981e+00 0.0000000000e+00 0.0000000000e+00 0.0000000000e+00 4.1920304635e+01
251.56000000 1.4520328111e+00 6.0160865069e-15 0.0000000000e+00 6.0160865069e-15 1.4520328111e+00 0.0000000000e+00 0.0000000000e+00 0.0000000000e+00 4.2001065868e+01
251.71200000 1.4717207697e+00 6.0160865069e-15 0.0000000000e+00 6.0160865069e-15 1.4717207697e+00 0.0000000000e+00 0.0000000000e+00 0.0000000000e+00 4.2082226377e+01
251.86400000 1.4913802958e+00 6.0160865069e-15 0.0000000000e+00 6.0160865069e-15 1.4913802958e+00 0.0000000000e+00 0.0000000000e+00 0.0000000000e+00 4.2163789072e+01
252.01600000 1.5110115109e+00 6.0160865069e-15 0.0000000000e+00 6.0160865069e-15 1.5110115109e+00 0.0000000000e+00 0.0000000000e+00 0.0000000000e+00 4.2245756894e+01
252.16800000 1.5306145359e+00 6.0160865069e-15 0.0000000000e+00 6.0160865069e-15 1.5306145359e+00 0.0000000000e+00 0.0000000000e+00 0.0000000000e+00 4.2328132810e+01
252.32000000 1.5501894917e+00 6.0160865069e-15 0.0000000000e+00 6.0160865069e-15 1.5501894917e+00 0.0000000000e+00 0.0000000000e+00 0.0000000000e+00 4.2410919817e+01
252.47200000 1.5697364984e+00 5.9358720202e-15 0.0000000000e+00 5.9358720202e-15 1.5697364984e+00 0.0000000000e+00 0.0000000000e+00 0.0000000000e+00 4.2494120942e+01
252.62400000 1.5892556762e+00 6.0160865069e-15 0.0000000000e+00 6.0160865069e-15 1.5892556762e+00 0.0000000000e+00 0.0000000000e+00 0.0000000000e+00 4.2577739241e+01
252.77600000 1.6087471444e+00 6.0160865069e-15 0.0000000000e+00 6.0160865069e-15 1.6087471444e+00 0.0000000000e+00 0.0000000000e+00 0.0000000000e+00 4.2661777800e+01
252.92800000 1.6282110223e+00 6.0160865069e-15 0.0000000000e+00 6.0160865069e-15 1.6282110223e+00 0.0000000000e+00 0.0000000000e+00 0.0000000000e+00 4.2746239736e+01
253.08000000 1.6476474288e+00 6.0160865069e-15 0.0000000000e+00 6.0160865069e-15 1.6476474288e+00 0.0000000000e+00 0.0000000000e+00 0.0000000000e+00 4.2831128195e+01
253.23200000 1.6670564821e+00 5.9358720202e-15 0.0000000000e+00 5.9358720202e-15 1.6670564821e+00 0.0000000000e+00 0.0000000000e+00 0.0000000000e+00 4.2916446357e+01
253.38400000 1.6864383005e+00 5.9358720202e-15 0.0000000000e+00 5.9358720202e-15 1.6864383005e+00 0.0000000000e+00 0.0000000000e+00 0.0000000000e+00 4.3002197432e+01
253.53600000 1.7057930017e+00 5.9358720202e-15 0.0000000000e+00 5.9358720202e-15 1.7057930017e+00 0.0000000000e+00 0.0000000000e+00 0.0000000000e+00 4.3088384661e+01
253.68800000 1.7251207029e+00 5.9358720202e-15 0.0000000000e+00 5.9358720202e-15 1.7251207029e+00 0.0000000000e+00 0.0000000000e+00 0.0000000000e+00 4.3175011319e+01
253.84000000 1.7444215212e+00 6.0160865069e-15 0.0000000000e+00 6.0160865069e-15 1.7444215212e+00 0.0000000000e+00 0.0000000000e+00 0.0000000000e+00 4.3262080712e+01
253.99200000 1.7636955732e+00 5.9358720202e-15 0.0000000000e+00 5.9358720202e-15 1.7636955732e+00 0.0000000000e+00 0.0000000000e+00 0.0000000000e+00 4.3349596183e+01
254.14400000 1.7829429752e+00 5.9358720202e-15 0.0000000000e+00 5.9358720202e-15 1.7829429752e+00 0.0000000000e+00 0.0000000000e+00 0.0000000000e+00 4.3437561103e+01
254.29600000 1.8021638431e+00 5.8556575334e-15 0.0000000000e+00 5.8556575334e-15 1.8021638431e+00 0.0000000000e+00 0.0000000000e+00 0.0000000000e+00 4.3525978881e+01
254.44800000 1.8213582924e+00 5.9358720202e-15 0.0000000000e+00 5.9358720202e-15 1.8213582924e+00 0.0000000000e+00 0.0000000000e+00 0.0000000000e+00 4.3614852960e+01
254.60000000 1.8405264384e+00 5.9358720202e-15 0.0000000000e+00 5.9358720202e-15 1.8405264384e+00 0.0000000000e+00 0.0000000000e+00 0.0000000000e+00 4.3704186815e+01
254.75200000 1.8596683960e+00 5.9358720202e-15 0.0000000000e+00 5.9358720202e-15 1.8596683960e+00 0.0000000000e+00 0.0000000000e+00 0.0000000000e+00 4.3793983961e+01
254.90400000 1.8787842796e+00 5.9358720202e-15 0.0000000000e+00 5.9358720202e-15 1.8787842796e+00 0.0000000000e+00 0.0000000000e+00 0.0000000000e+00 4.3884247944e+01
255.05600000 1.8978742035e+00 5.8556575334e-15 0.0000000000e+00 5.8556575334e-15 1.8978742035e+00 0.0000000000e+00 0.0000000000e+00 0.0000000000e+00 4.3974982350e+01
255.20800000 1.9169382815e+00 5.9358720202e-15 0.0000000000e+00 5.9358720202e-15 1.9169382815e+00 0.0000000000e+00 0.0000000000e+00 0.0000000000e+00 4.4066190798e+01
255.36000000 1.9359766271e+00 5.9358720202e-15 0.0000000000e+00 5.9358720202e-15 1.9359766271e+00 0.0000000000e+00 0.0000000000e+00 0.0000000000e+00 4.4157876948e+01
255.51200000 1.9549893534e+00 5.8556575334e-15 0.0000000000e+00 5.8556575334e-15 1.9549893534e+00 0.0000000000e+00 0.0000000000e+00 0.0000000000e+00 4.4250044495e+01
255.66400000 1.9739765733e+00 5.9358720202e-15 0.0000000000e+00 5.9358720202e-15 1.9739765733e+00 0.0000000000e+00 0.0000000000e+00 0.0000000000e+00 4.4342697172e+01
255.81600000 1.9929383993e+00 5.8556575334e-15 0.0000000000e+00 5.8556575334e-15 1.9929383993e+00 0.0000000000e+00 0.0000000000e+00 0.0000000000e+00 4.4435838752e+01
255.96800000 2.0118749435e+00 5.9358720202e-15 0.0000000000e+00 5.9358720202e-15 2.0118749435e+00 0.0000000000e+00 0.0000000000e+00 0.0000000000e+00 4.4529473047e+01
256.12000000 2.0307863177e+00 5.8556575334e-15 0.0000000000e+00 5.8556575334e-15 2.0307863177e+00 0.0000000000e+00 0.0000000000e+00 0.0000000000e+00 4.4623603906e+01
256.27200000 2.0496726335e+00 5.8556575334e-15 0.0000000000e+00 5.8556575334e-15 2.0496726335e+00 0.0000000000e+00 0.0000000000e+00 0.0000000000e+00 4.4718235222e+01
256.42400000 2.0685340020e+00 5.8556575334e-15 0.0000000000e+00 5.8556575334e-15 2.0685340020e+00 0.0000000000e+00 0.0000000000e+00 0.0000000000e+00 4.4813370926e+01
256.57600000 2.0873705340e+00 5.8556575334e-15 0.0000000000e+00 5.8556575334e-15 2.0873705340e+00 0.0000000000e+00 0.0000000000e+00 0.0000000000e+00 4.4909014991e+01
256.72800000 2.1061823402e+00 5.7754430466e-15 0.0000000000e+00 5.7754430466e-15 2.1061823402e+00 0.0000000000e+00 0.0000000000e+00 0.0000000000e+00 4.5005171430e+01
256.88000000 2.1249695307e+00 5.8556575334e-15 0.0000000000e+00 5.8556575334e-15 2.1249695307e+00 0.0000000000e+00 0.0000000000e+00 0.0000000000e+00 4.5101844301e+01
257.03200000 2.1437322154e+00 5.8556575334e-15 0.0000000000e+00 5.8556575334e-15 2.1437322154e+00 0.0000000000e+00 0.0000000000e+00 0.0000000000e+00 4.5199037702e+01
257.18400000 2.1624705038e+00 5.8556575334e-15 0.0000000000e+00 5.8556575334e-15 2.1624705038e+00 0.0000000000e+00 0.0000000000e+00 0.0000000000e+00 4.5296755777e+01
257.33600000 2.1811845053e+00 5.9358720202e-15 0.0000000000e+00 5.9358720202e-15 2.1811845053e+00 0.0000000000e+00 0.0000000000e+00 0.0000000000e+00 4.5395002713e+01
257.48800000 2.1998743288e+00 5.7754430466e-15 0.0000000000e+00 5.7754430466e-15 2.1998743288e+00 0.0000000000e+00 0.0000000000e+00 0.0000000000e+00 4.5493782739e+01
257.64000000 2.2185400828e+00 5.8556575334e-15 0.0000000000e+00 5.8556575334e-15 2.2185400828e+00 0.0000000000e+00 0.0000000000e+00 0.0000000000e+00 4.5593100132e+01
257.79200000 2.2371818759e+00 5.8556575334e-15 0.0000000000e+00 5.8556575334e-15 2.2371818759e+00 0.0000000000e+00 0.0000000000e+00 0.0000000000e+00 4.5692959214e+01
257.94400000 2.2557998158e+00 5.8556575334e-15 0.0000000000e+00 5.8556575334e-15 2.2557998158e+00 0.0000000000e+00 0.0000000000e+00 0.0000000000e+00 4.5793364352e+01
258.09600000 2.2743940105e+00 5.7754430466e-15 0.0000000000e+00 5.7754430466e-15 2.2743940105e+00 0.0000000000e+00 0.0000000000e+00 0.0000000000e+00 4.5894319962e+01
258.24800000 2.2929645673e+00 5.7754430466e-15 0.0000000000e+00 5.7754430466e-15 2.2929645673e+00 0.0000000000e+00 0.0000000000e+00 0.0000000000e+00 4.5995830507e+01
258.40000000 2.3115115933e+00 5.8556575334e-15 0.0000000000e+00 5.8556575334e-15 2.3115115933e+00 0.0000000000e+00 0.0000000000e+00 0.0000000000e+00 4.6097900495e+01
258.55200000 2.3300351952e+00 5.8556575334e-15 0.0000000000e+00 5.8556575334e-15 2.3300351952e+00 0.0000000000e+00 0.0000000000e+00 0.0000000000e+00 4.6200534487e+01
258.70400000 2.3485354798e+00 5.8556575334e-15 0.0000000000e+00 5.8556575334e-15 2.3485354798e+00 0.0000000000e+00 0.0000000000e+00 0.0000000000e+00 4.6303737091e+01
258.85600000 2.3670125530e+00 5.8556575334e-15 0.0000000000e+00 5.8556575334e-15 2.3670125530e+00 0.0000000000e+00 0.0000000000e+00 0.0000000000e+00 4.6407512966e+01
259.00800000 2.3854665210e+00 5.7754430466e-15 0.0000000000e+00 5.7754430466e-15 2.3854665210e+00 0.0000000000e+00 0.0000000000e+00 0.0000000000e+00 4.6511866822e+01
259.16000000 2.4038974892e+00 5.7754430466e-15 0.0000000000e+00 5.7754430466e-15 2.4038974892e+00 0.0000000000e+00 0.0000000000e+00 0.0000000000e+00 4.6616803420e+01
259.31200000 2.4223055632e+00 5.8556575334e-15 0.0000000000e+00 5.8556575334e-15 2.4223055632e+00 0.0000000000e+00 0.0000000000e+00 0.0000000000e+00 4.6722327573e+01
259.46400000 2.4406908478e+00 5.7754430466e-15 0.0000000000e+00 5.7754430466e-15 2.4406908478e+00 0.0000000000e+00 0.0000000000e+00 0.0000000000e+00 4.6828444147e+01
259.61600000 2.4590534479e+00 5.8556575334e-15 0.0000000000e+00 5.8556575334e-15 2.4590534479e+00 0.0000000000e+00 0.0000000000e+00 0.0000000000e+00 4.6935158062e+01
259.76800000 2.4773934679e+00 5.8556575334e-15 0.0000000000e+00 5.8556575334e-15 2.4773934679e+00 0.0000000000e+00 0.0000000000e+00 0.0000000000e+00 4.7042474291e+01
259.92000000 2.4957110121e+00 5.8556575334e-15 0.0000000000e+00 5.8556575334e-15 2.4957110121e+00 0.0000000000e+00 0.0000000000e+00 0.0000000000e+00 4.7150397865e+01
260.07200000 2.5140061844e+00 5.7754430466e-15 0.0000000000e+00 5.7754430466e-15 2.5140061844e+00 0.0000000000e+00 0.0000000000e+00 0.0000000000e+00 4.7258933869e+01
260.22400000 2.5322790884e+00 5.7754430466e-15 0.0000000000e+00 5.7754430466e-15 2.5322790884e+00 0.0000000000e+00 0.0000000000e+00 0.0000000000e+00 4.7368087443e+01
260.37600000 2.5505298275e+00 5.7754430466e-15 0.0000000000e+00 5.7754430466e-15 2.5505298275e+00 0.0000000000e+00 0.0000000000e+00 0.0000000000e+00 4.7477863787e+01
260.52800000 2.5687585047e+00 5.7754430466e-15 0.0000000000e+00 5.7754430466e-15 2.5687585047e+00 0.0000000000e+00 0.0000000000e+00 0.0000000000e+00 4.7588268159e+01
260.68000000 2.5869652229e+00 5.8556575334e-15 0.0000000000e+00 5.8556575334e-15 2.5869652229e+00 0.0000000000e+00 0.0000000000e+00 0.0000000000e+00 4.7699305875e+01
260.83200000 2.6051500845e+00 5.7754430466e-15 0.0000000000e+00 5.7754430466e-15 2.6051500845e+00 0.0000000000e+00 0.0000000000e+00 0.0000000000e+00 4.7810982310e+01
260.98400000 2.6233131920e+00 5.8556575334e-15 0.0000000000e+00 5.8556575334e-15 2.6233131920e+00 0.0000000000e+00 0.0000000000e+00 0.0000000000e+00 4.7923302903e+01
261.13600000 2.6414546472e+00 5.7754430466e-15 0.0000000000e+00 5.7754430466e-15 2.6414546472e+00 0.0000000000e+00 0.0000000000e+00 0.0000000000e+00 4.8036273150e+01
261.28800000 2.6595745519e+00 5.8556575334e-15 0.0000000000e+00 5.8556575334e-15 2.6595745519e+00 0.0000000000e+00 0.0000000000e+00 0.0000000000e+00 4.8149898614e+01
261.44000000 2.6776730075e+00 5.7754430466e-15 0.0000000000e+00 5.7754430466e-15 2.6776730075e+00 0.0000000000e+00 0.0000000000e+00 0.0000000000e+00 4.8264184918e+01
261.59200000 2.6957501153e+00 5.7754430466e-15 0.0000000000e+00 5.7754430466e-15 2.6957501153e+00 0.0000000000e+00 0.0000000000e+00 0.0000000000e+00 4.8379137750e+01
261.74400000 2.7138059761e+00 5.7754430466e-15 0.0000000000e+00 5.7754430466e-15 2.7138059761e+00 0.0000000000e+00 0.0000000000e+00 0.0000000000e+00 4.8494762865e+01
261.89600000 2.7318406908e+00 5.7754430466e-15 0.0000000000e+00 5.7754430466e-15 2.7318406908e+00 0.0000000000e+00 0.0000000000e+00 0.0000000000e+00 4.8611066081e+01
262.04800000 2.7498543595e+00 5.7754430466e-15 0.0000000000e+00 5.7754430466e-15 2.7498543595e+00 0.0000000000e+00 0.0000000000e+00 0.0000000000e+00 4.8728053284e+01
262.20000000 2.7678470827e+00 5.7754430466e-15 0.0000000000e+00 5.7754430466e-15 2.7678470827e+00 0.0000000000e+00 0.0000000000e+00 0.0000000000e+00 4.8845730430e+01
262.35200000 2.7858189600e+00 5.6952285599e-15 0.0000000000e+00 5.6952285599e-15 2.7858189600e+00 0.0000000000e+00 0.0000000000e+00 0.0000000000e+00 4.8964103542e+01
262.50400000 2.8037700912e+00 5.6952285599e-15 0.0000000000e+00 5.6952285599e-15 2.8037700912e+00 0.0000000000e+00 0.0000000000e+00 0.0000000000e+00 4.9083178711e+01
262.65600000 2.8217005757e+00 5.7754430466e-15 0.0000000000e+00 5.7754430466e-15 2.8217005757e+00 0.0000000000e+00 0.0000000000e+00 0.0000000000e+00 4.9202962104e+01
262.80800000 2.8396105126e+00 5.6952285599e-15 0.0000000000e+00 5.6952285599e-15 2.8396105126e+00 0.0000000000e+00 0.0000000000e+00 0.0000000000e+00 4.9323459955e+01
262.96000000 2.8575000008e+00 5.7754430466e-15 0.0000000000e+00 5.7754430466e-15 2.8575000008e+00 0.0000000000e+00 0.0000000000e+00 0.0000000000e+00 4.9444678574e+01
263.11200000 2.8753691389e+00 5.7754430466e-15 0.0000000000e+00 5.7754430466e-15 2.8753691389e+00 0.0000000000e+00 0.0000000000e+00 0.0000000000e+00 4.9566624343e+01
263.26400000 2.8932180254e+00 5.7754430466e-15 0.0000000000e+00 5.7754430466e-15 2.8932180254e+00 0.0000000000e+00 0.0000000000e+00 0.0000000000e+00 4.9689303721e+01
263.41600000 2.9110467584e+00 5.6952285599e-15 0.0000000000e+00 5.6952285599e-15 2.9110467584e+00 0.0000000000e+00 0.0000000000e+00 0.0000000000e+00 4.9812723243e+01
263.56800000 2.9288554358e+00 5.6952285599e-15 0.0000000000e+00 5.6952285599e-15 2.9288554358e+00 0.0000000000e+00 0.0000000000e+00 0.0000000000e+00 4.9936889519e+01
263.72000000 2.9466441553e+00 5.7754430466e-15 0.0000000000e+00 5.7754430466e-15 2.9466441553e+00 0.0000000000e+00 0.0000000000e+00 0.0000000000e+00 5.0061809240e+01
263.87200000 2.9644130143e+00 5.6952285599e-15 0.0000000000e+00 5.6952285599e-15 2.9644130143e+00 0.0000000000e+00 0.0000000000e+00 0.0000000000e+00 5.0187489175e+01
264.02400000 2.9821621100e+00 5.6952285599e-15 0.0000000000e+00 5.6952285599e-15 2.9821621100e+00 0.0000000000e+00 0.0000000000e+00 0.0000000000e+00 5.0313936176e+01
264.17600000 2.9998915393e+00 5.7754430466e-15 0.0000000000e+00 5.7754430466e-15 2.9998915393e+00 0.0000000000e+00 0.0000000000e+00 0.0000000000e+00 5.0441157175e+01
264.32800000 3.0176013990e+00 5.6952285599e-15 0.0000000000e+00 5.6952285599e-15 3.0176013990e+00 0.0000000000e+00 0.0000000000e+00 0.0000000000e+00 5.0569159188e+01
264.48000000 3.0352917856e+00 5.6952285599e-15 0.0000000000e+00 5.6952285599e-15 3.0352917856e+00 0.0000000000e+00 0.0000000000e+00 0.0000000000e+00 5.0697949316e+01
264.63200000 3.0529627953e+00 5.6952285599e-15 0.0000000000e+00 5.6952285599e-15 3.0529627953e+00 0.0000000000e+00 0.0000000000e+00 0.0000000000e+00 5.0827534743e+01
264.78400000 3.0706145241e+00 5.6952285599e-15 0.0000000000e+00 5.6952285599e-15 3.0706145241e+00 0.0000000000e+00 0.0000000000e+00 0.0000000000e+00 5.0957922745e+01
264.93600000 3.0882470679e+00 5.6150140731e-15 0.0000000000e+00 5.6150140731e-15 3.0882470679e+00 0.0000000000e+00 0.0000000000e+00 0.0000000000e+00 5.1089120681e+01
265.08800000 3.1058605221e+00 5.6952285599e-15 0.0000000000e+00 5.6952285599e-15 3.1058605221e+00 0.0000000000e+00 0.0000000000e+00 0.0000000000e+00 5.1221136004e+01
265.24000000 3.1234549822e+00 5.7754430466e-15 0.0000000000e+00 5.7754430466e-15 3.1234549822e+00 0.0000000000e+00 0.0000000000e+00 0.0000000000e+00 5.1353976255e+01
265.39200000 3.1410305432e+00 5.6952285599e-15 0.0000000000e+00 5.6952285599e-15 3.1410305432e+00 0.0000000000e+00 0.0000000000e+00 0.0000000000e+00 5.1487649069e+01
265.54400000 3.1585873001e+00 5.6150140731e-15 0.0000000000e+00 5.6150140731e-15 3.1585873001e+00 0.0000000000e+00 0.0000000000e+00 0.0000000000e+00 5.1622162175e+01
265.69600000 3.1761253475e+00 5.7754430466e-15 0.0000000000e+00 5.7754430466e-15 3.1761253475e+00 0.0000000000e+00 0.0000000000e+00 0.0000000000e+00 5.1757523396e+01
265.84800000 3.1936447798e+00 5.6150140731e-15 0.0000000000e+00 5.6150140731e-15 3.1936447798e+00 0.0000000000e+00 0.0000000000e+00 0.0000000000e+00 5.1893740653e+01
266.00000000 3.2111456913e+00 5.6150140731e-15 0.0000000000e+00 5.6150140731e-15 3.2111456913e+00 0.0000000000e+00 0.0000000000e+00 0.0000000000e+00 5.2030821964e+01
266.15200000 3.2286281760e+00 5.6150140731e-15 0.0000000000e+00 5.6150140731e-15 3.2286281760e+00 0.0000000000e+00 0.0000000000e+00 0.0000000000e+00 5.2168775448e+01
266.30400000 3.2460923278e+00 5.6150140731e-15 0.0000000000e+00 5.6150140731e-15 3.2460923278e+00 0.0000000000e+00 0.0000000000e+00 0.0000000000e+00 5.2307609325e+01
266.45600000 3.2635382401e+00 5.6952285599e-15 0.0000000000e+00 5.6952285599e-15 3.2635382401e+00 0.0000000000e+00 0.0000000000e+00 0.0000000000e+00 5.2447331917e+01
266.60800000 3.2809660064e+00 5.6952285599e-15 0.0000000000e+00 5.6952285599e-15 3.2809660064e+00 0.0000000000e+00 0.0000000000e+00 0.0000000000e+00 5.2587951651e+01
266.76000000 3.2983757199e+00 5.6952285599e-15 0.0000000000e+00 5.6952285599e-15 3.2983757199e+00 0.0000000000e+00 0.0000000000e+00 0.0000000000e+00 5.2729477059e+01
266.91200000 3.3157674734e+00 5.6150140731e-15 0.0000000000e+00 5.6150140731e-15 3.3157674734e+00 0.0000000000e+00 0.0000000000e+00 0.0000000000e+00 5.2871916784e+01
267.06400000 3.3331413597e+00 5.6952285599e-15 0.0000000000e+00 5.6952285599e-15 3.3331413597e+00 0.0000000000e+00 0.0000000000e+00 0.0000000000e+00 5.3015279574e+01
267.21600000 3.3504974714e+00 5.6952285599e-15 0.0000000000e+00 5.6952285599e-15 3.3504974714e+00 0.0000000000e+00 0.0000000000e+00 0.0000000000e+00 5.3159574291e+01
267.36800000 3.3678359008e+00 5.6150140731e-15 0.0000000000e+00 5.6150140731e-15 3.3678359008e+00 0.0000000000e+00 0.0000000000e+00 0.0000000000e+00 5.3304809910e+01
267.52000000 3.3851567400e+00 5.6952285599e-15 0.0000000000e+00 5.6952285599e-15 3.3851567400e+00 0.0000000000e+00 0.0000000000e+00 0.0000000000e+00 5.3450995518e+01
267.67200000 3.4024600810e+00 5.6150140731e-15 0.0000000000e+00 5.6150140731e-15 3.4024600810e+00 0.0000000000e+00 0.0000000000e+00 0.0000000000e+00 5.3598140322e+01
267.82400000 3.4197460155e+00 5.6952285599e-15 0.0000000000e+00 5.6952285599e-15 3.4197460155e+00 0.0000000000e+00 0.0000000000e+00 0.0000000000e+00 5.3746253645e+01
267.97600000 3.4370146349e+00 5.6952285599e-15 0.0000000000e+00 5.6952285599e-15 3.4370146349e+00 0.0000000000e+00 0.0000000000e+00 0.0000000000e+00 5.3895344931e+01
268.12800000 3.4542660307e+00 5.6952285599e-15 0.0000000000e+00 5.6952285599e-15 3.4542660307e+00 0.0000000000e+00 0.0000000000e+00 0.0000000000e+00 5.4045423746e+01
268.28000000 3.4715002939e+00 5.6150140731e-15 0.0000000000e+00 5.6150140731e-15 3.4715002939e+00 0.0000000000e+00 0.0000000000e+00 0.0000000000e+00 5.4196499781e+01
268.43200000 3.4887175155e+00 5.6952285599e-15 0.0000000000e+00 5.6952285599e-15 3.4887175155e+00 0.0000000000e+00 0.0000000000e+00 0.0000000000e+00 5.4348582851e+01
268.58400000 3.5059177863e+00 5.6150140731e-15 0.0000000000e+00 5.6150140731e-15 3.5059177863e+00 0.0000000000e+00 0.0000000000e+00 0.0000000000e+00 5.4501682901e+01
268.73600000 3.5231011967e+00 5.6150140731e-15 0.0000000000e+00 5.6150140731e-15 3.5231011967e+00 0.0000000000e+00 0.0000000000e+00 0.0000000000e+00 5.4655810006e+01
268.88800000 3.5402678372e+00 5.6150140731e-15 0.0000000000e+00 5.6150140731e-15 3.5402678372e+00 0.0000000000e+00 0.0000000000e+00 0.0000000000e+00 5.4810974373e+01
269.04000000 3.5574177979e+00 5.6150140731e-15 0.0000000000e+00 5.6150140731e-15 3.5574177979e+00 0.0000000000e+00 0.0000000000e+00 0.0000000000e+00 5.4967186344e+01
269.19200000 3.5745511688e+00 5.6952285599e-15 0.0000000000e+00 5.6952285599e-15 3.5745511688e+00 0.0000000000e+00 0.0000000000e+00 0.0000000000e+00 5.5124456396e+01
269.34400000 3.5916680396e+00 5.6952285599e-15 0.0000000000e+00 5.6952285599e-15 3.5916680396e+00 0.0000000000e+00 0.0000000000e+00 0.0000000000e+00 5.5282795148e+01
269.49600000 3.6087685000e+00 5.6952285599e-15 0.0000000000e+00 5.6952285599e-15 3.6087685000e+00 0.0000000000e+00 0.0000000000e+00 0.0000000000e+00 5.5442213358e+01
269.64800000 3.6258526395e+00 5.6150140731e-15 0.0000000000e+00 5.6150140731e-15 3.6258526395e+00 0.0000000000e+00 0.0000000000e+00 0.0000000000e+00 5.5602721928e+01
269.80000000 3.6429205472e+00 5.5347995864e-15 0.0000000000e+00 5.5347995864e-15 3.6429205472e+00 0.0000000000e+00 0.0000000000e+00 0.0000000000e+00 5.5764331906e+01
269.95200000 3.6599723122e+00 5.6150140731e-15 0.0000000000e+00 5.6150140731e-15 3.6599723122e+00 0.0000000000e+00 0.0000000000e+00 0.0000000000e+00 5.5927054489e+01
270.10400000 3.6770080234e+00 5.6150140731e-15 0.0000000000e+00 5.6150140731e-15 3.6770080234e+00 0.0000000000e+00 0.0000000000e+00 0.0000000000e+00 5.6090901024e+01
270.25600000 3.6940277695e+00 5.6150140731e-15 0.0000000000e+00 5.6150140731e-15 3.6940277695e+00 0.0000000000e+00 0.0000000000e+00 0.0000000000e+00 5.6255883012e+01
270.40800000 3.7110316390e+00 5.6150140731e-15 0.0000000000e+00 5.6150140731e-15 3.7110316390e+00 0.0000000000e+00 0.0000000000e+00 0.0000000000e+00 5.6422012110e+01
270.56000000 3.7280197202e+00 5.6150140731e-15 0.0000000000e+00 5.6150140731e-15 3.7280197202e+00 0.0000000000e+00 0.0000000000e+00 0.0000000000e+00 5.6589300132e+01
270.71200000 3.7449921014e+00 5.5347995864e-15 0.0000000000e+00 5.5347995864e-15 3.7449921014e+00 0.0000000000e+00 0.0000000000e+00 0.0000000000e+00 5.6757759057e+01
270.86400000 3.7619488705e+00 5.6150140731e-15 0.0000000000e+00 5.6150140731e-15 3.7619488705e+00 0.0000000000e+00 0.0000000000e+00 0.0000000000e+00 5.6927401023e+01
271.01600000 3.7788901154e+00 5.5347995864e-15 0.0000000000e+00 5.5347995864e-15 3.7788901154e+00 0.0000000000e+00 0.0000000000e+00 0.0000000000e+00 5.7098238339e+01
271.16800000 3.7958159236e+00 5.5347995864e-15 0.0000000000e+00 5.5347995864e-15 3.7958159236e+00 0.0000000000e+00 0.0000000000e+00 0.0000000000e+00 5.7270283481e+01
271.32000000 3.8127263828e+00 5.5347995864e-15 0.0000000000e+00 5.5347995864e-15 3.8127263828e+00 0.0000000000e+00 0.0000000000e+00 0.0000000000e+00 5.7443549099e+01
271.47200000 3.8296215801e+00 5.5347995864e-15 0.0000000000e+00 5.5347995864e-15 3.8296215801e+00 0.0000000000e+00 0.0000000000e+00 0.0000000000e+00 5.7618048018e+01
271.62400000 3.8465016029e+00 5.6150140731e-15 0.0000000000e+00 5.6150140731e-15 3.8465016029e+00 0.0000000000e+00 0.0000000000e+00 0.0000000000e+00 5.7793793241e+01
271.77600000 3.8633665379e+00 5.5347995864e-15 0.0000000000e+00 5.5347995864e-15 3.8633665379e+00 0.0000000000e+00 0.0000000000e+00 0.0000000000e+00 5.7970797953e+01
271.92800000 3.8802164722e+00 5.6150140731e-15 0.0000000000e+00 5.6150140731e-15 3.8802164722e+00 0.0000000000e+00 0.0000000000e+00 0.0000000000e+00 5.8149075525e+01
272.08000000 3.8970514923e+00 5.5347995864e-15 0.0000000000e+00 5.5347995864e-15 3.8970514923e+00 0.0000000000e+00 0.0000000000e+00 0.0000000000e+00 5.8328639513e+01
272.23200000 3.9138716846e+00 5.5347995864e-15 0.0000000000e+00 5.5347995864e-15 3.9138716846e+00 0.0000000000e+00 0.0000000000e+00 0.0000000000e+00 5.8509503666e+01
272.38400000 3.9306771357e+00 5.5347995864e-15 0.0000000000e+00 5.5347995864e-15 3.9306771357e+00 0.0000000000e+00 0.0000000000e+00 0.0000000000e+00 5.8691681929e+01
272.53600000 3.9474679316e+00 5.6952285599e-15 0.0000000000e+00 5.6952285599e-15 3.9474679316e+00 0.0000000000e+00 0.0000000000e+00 0.0000000000e+00 5.8875188441e+01
272.68800000 3.9642441584e+00 5.5347995864e-15 0.0000000000e+00 5.5347995864e-15 3.9642441584e+00 0.0000000000e+00 0.0000000000e+00 0.0000000000e+00 5.9060037546e+01
272.84000000 3.9810059018e+00 5.5347995864e-15 0.0000000000e+00 5.5347995864e-15 3.9810059018e+00 0.0000000000e+00 0.0000000000e+00 0.0000000000e+00 5.9246243792e+01
272.99200000 3.9977532478e+00 5.6150140731e-15 0.0000000000e+00 5.6150140731e-15 3.9977532478e+00 0.0000000000e+00 0.0000000000e+00 0.0000000000e+00 5.9433821935e+01
273.14400000 4.0144862817e+00 5.6150140731e-15 0.0000000000e+00 5.6150140731e-15 4.0144862817e+00 0.0000000000e+00 0.0000000000e+00 0.0000000000e+00 5.9622786943e+01
273.29600000 4.0312050890e+00 5.6150140731e-15 0.0000000000e+00 5.6150140731e-15 4.0312050890e+00 0.0000000000e+00 0.0000000000e+00 0.0000000000e+00 5.9813154001e+01
273.44800000 4.0479097549e+00 5.6150140731e-15 0.0000000000e+00 5.6150140731e-15 4.0479097549e+00 0.0000000000e+00 0.0000000000e+00 0.0000000000e+00 6.0004938514e+01
273.60000000 4.0646003646e+00 5.5347995864e-15 0.0000000000e+00 5.5347995864e-15 4.0646003646e+00 0.0000000000e+00 0.0000000000e+00 0.0000000000e+00 6.0198156111e+01
273.75200000 4.0812770030e+00 5.5347995864e-15 0.0000000000e+00 5.5347995864e-15 4.0812770030e+00 0.0000000000e+00 0.0000000000e+00 0.0000000000e+00 6.0392822647e+01
273.90400000 4.0979397549e+00 5.4545850996e-15 0.0000000000e+00 5.4545850996e-15 4.0979397549e+00 0.0000000000e+00 0.0000000000e+00 0.0000000000e+00 6.0588954213e+01
274.05600000 4.1145887049e+00 5.5347995864e-15 0.0000000000e+00 5.5347995864e-15 4.1145887049e+00 0.0000000000e+00 0.0000000000e+00 0.0000000000e+00 6.0786567131e+01
274.20800000 4.1312239376e+00 5.5347995864e-15 0.0000000000e+00 5.5347995864e-15 4.1312239376e+00 0.0000000000e+00 0.0000000000e+00 0.0000000000e+00 6.0985677968e+01
274.36000000 4.1478455374e+00 5.5347995864e-15 0.0000000000e+00 5.5347995864e-15 4.1478455374e+00 0.0000000000e+00 0.0000000000e+00 0.0000000000e+00 6.1186303535e+01
274.51200000 4.1644535884e+00 5.5347995864e-15 0.0000000000e+00 5.5347995864e-15 4.1644535884e+00 0.0000000000e+00 0.0000000000e+00 0.0000000000e+00 6.1388460890e+01
274.66400000 4.1810481748e+00 5.5347995864e-15 0.0000000000e+00 5.5347995864e-15 4.1810481748e+00 0.0000000000e+00 0.0000000000e+00 0.0000000000e+00 6.1592167348e+01
274.81600000 4.1976293805e+00 5.4545850996e-15 0.0000000000e+00 5.4545850996e-15 4.1976293805e+00 0.0000000000e+00 0.0000000000e+00 0.0000000000e+00 6.1797440480e+01
274.96800000 4.2141972894e+00 5.6150140731e-15 0.0000000000e+00 5.6150140731e-15 4.2141972894e+00 0.0000000000e+00 0.0000000000e+00 0.0000000000e+00 6.2004298123e+01
275.12000000 4.2307519850e+00 5.4545850996e-15 0.0000000000e+00 5.4545850996e-15 4.2307519850e+00 0.0000000000e+00 0.0000000000e+00 0.0000000000e+00 6.2212758381e+01
275.27200000 4.2472935509e+00 5.4545850996e-15 0.0000000000e+00 5.4545850996e-15 4.2472935509e+00 0.0000000000e+00 0.0000000000e+00 0.0000000000e+00 6.2422839631e+01
275.42400000 4.2638220705e+00 5.6150140731e-15 0.0000000000e+00 5.6150140731e-15 4.2638220705e+00 0.0000000000e+00 0.0000000000e+00 0.0000000000e+00 6.2634560529e+01
275.57600000 4.2803376271e+00 5.5347995864e-15 0.0000000000e+00 5.5347995864e-15 4.2803376271e+00 0.0000000000e+00 0.0000000000e+00 0.0000000000e+00 6.2847940015e+01
275.72800000 4.2968403039e+00 5.5347995864e-15 0.0000000000e+00 5.5347995864e-15 4.2968403039e+00 0.0000000000e+00 0.0000000000e+00 0.0000000000e+00 6.3062997317e+01
275.88000000 4.3133301837e+00 5.4545850996e-15 0.0000000000e+00 5.4545850996e-15 4.3133301837e+00 0.0000000000e+00 0.0000000000e+00 0.0000000000e+00 6.3279751959e+01
276.03200000 4.3298073496e+00 5.5347995864e-15 0.0000000000e+00 5.5347995864e-15 4.3298073496e+00 0.0000000000e+00 0.0000000000e+00 0.0000000000e+00 6.3498223762e+01
276.18400000 4.3462718842e+00 5.6150140731e-15 0.0000000000e+00 5.6150140731e-15 4.3462718842e+00 0.0000000000e+00 0.0000000000e+00 0.0000000000e+00 6.3718432855e+01
276.33600000 4.3627238701e+00 5.5347995864e-15 0.0000000000e+00 5.5347995864e-15 4.3627238701e+00 0.0000000000e+00 0.0000000000e+00 0.0000000000e+00 6.3940399680e+01
276.48800000 4.3791633898e+00 5.4545850996e-15 0.0000000000e+00 5.4545850996e-15 4.3791633898e+00 0.0000000000e+00 0.0000000000e+00 0.0000000000e+00 6.4164144992e+01
276.64000000 4.3955905258e+00 5.5347995864e-15 0.0000000000e+00 5.5347995864e-15 4.3955905258e+00 0.0000000000e+00 0.0000000000e+00 0.0000000000e+00 6.4389689874e+01
276.79200000 4.4120053602e+00 5.5347995864e-15 0.0000000000e+00 5.5347995864e-15 4.4120053602e+00 0.0000000000e+00 0.0000000000e+00 0.0000000000e+00 6.4617055736e+01
276.94400000 4.4284079751e+00 5.4545850996e-15 0.0000000000e+00 5.4545850996e-15 4.4284079751e+00 0.0000000000e+00 0.0000000000e+00 0.0000000000e+00 6.4846264325e+01
277.09600000 4.4447984526e+00 5.4545850996e-15 0.0000000000e+00 5.4545850996e-15 4.4447984526e+00 0.0000000000e+00 0.0000000000e+00 0.0000000000e+00 6.5077337731e+01
277.24800000 4.4611768745e+00 5.5347995864e-15 0.0000000000e+00 5.5347995864e-15 4.4611768745e+00 0.0000000000e+00 0.0000000000e+00 0.0000000000e+00 6.5310298392e+01
277.40000000 4.4775433226e+00 5.5347995864e-15 0.0000000000e+00 5.5347995864e-15 4.4775433226e+00 0.0000000000e+00 0.0000000000e+00 0.0000000000e+00 6.5545169105e+01
277.55200000 4.4938978784e+00 5.5347995864e-15 0.0000000000e+00 5.5347995864e-15 4.4938978784e+00 0.0000000000e+00 0.0000000000e+00 0.0000000000e+00 6.5781973026e+01
277.70400000 4.5102406236e+00 5.3743706128e-15 0.0000000000e+00 5.3743706128e-15 4.5102406236e+00 0.0000000000e+00 0.0000000000e+00 0.0000000000e+00 6.6020733684e+01
277.85600000 4.5265716396e+00 5.4545850996e-15 0.0000000000e+00 5.4545850996e-15 4.5265716396e+00 0.0000000000e+00 0.0000000000e+00 0.0000000000e+00 6.6261474986e+01
278.00800000 4.5428910075e+00 5.4545850996e-15 0.0000000000e+00 5.4545850996e-15 4.5428910075e+00 0.0000000000e+00 0.0000000000e+00 0.0000000000e+00 6.6504221222e+01
278.16000000 4.5591988086e+00 5.4545850996e-15 0.0000000000e+00 5.4545850996e-15 4.5591988086e+00 0.0000000000e+00 0.0000000000e+00 0.0000000000e+00 6.6748997076e+01
278.31200000 4.5754951240e+00 5.5347995864e-15 0.0000000000e+00 5.5347995864e-15 4.5754951240e+00 0.0000000000e+00 0.0000000000e+00 0.0000000000e+00 6.6995827631e+01
278.46400000 4.5917800346e+00 5.5347995864e-15 0.0000000000e+00 5.5347995864e-15 4.5917800346e+00 0.0000000000e+00 0.0000000000e+00 0.0000000000e+00 6.7244738381e+01
278.61600000 4.6080536213e+00 5.4545850996e-15 0.0000000000e+00 5.4545850996e-15 4.6080536213e+00 0.0000000000e+00 0.0000000000e+00 0.0000000000e+00 6.7495755235e+01
278.76800000 4.6243159647e+00 5.4545850996e-15 0.0000000000e+00 5.4545850996e-15 4.6243159647e+00 0.0000000000e+00 0.0000000000e+00 0.0000000000e+00 6.7748904526e+01
278.92000000 4.6405671455e+00 5.5347995864e-15 0.0000000000e+00 5.5347995864e-15 4.6405671455e+00 0.0000000000e+00 0.0000000000e+00 0.0000000000e+00 6.8004213023e+01
279.07200000 4.6568072443e+00 5.5347995864e-15 0.0000000000e+00 5.5347995864e-15 4.6568072443e+00 0.0000000000e+00 0.0000000000e+00 0.0000000000e+00 6.8261707936e+01
279.22400000 4.6730363414e+00 5.4545850996e-15 0.0000000000e+00 5.4545850996e-15 4.6730363414e+00 0.0000000000e+00 0.0000000000e+00 0.0000000000e+00 6.8521416926e+01
279.37600000 4.6892545172e+00 5.4545850996e-15 0.0000000000e+00 5.4545850996e-15 4.6892545172e+00 0.0000000000e+00 0.0000000000e+00 0.0000000000e+00 6.8783368116e+01
279.52800000 4.7054618518e+00 5.4545850996e-15 0.0000000000e+00 5.4545850996e-15 4.7054618518e+00 0.0000000000e+00 0.0000000000e+00 0.0000000000e+00 6.9047590099e+01
279.68000000 4.7216584253e+00 5.5347995864e-15 0.0000000000e+00 5.5347995864e-15 4.7216584253e+00 0.0000000000e+00 0.0000000000e+00 0.0000000000e+00 6.9314111946e+01
279.83200000 4.7378443179e+00 5.4545850996e-15 0.0000000000e+00 5.4545850996e-15 4.7378443179e+00 0.0000000000e+00 0.0000000000e+00 0.0000000000e+00 6.9582963220e+01
279.98400000 4.7540196093e+00 5.4545850996e-15 0.0000000000e+00 5.4545850996e-15 4.7540196093e+00 0.0000000000e+00 0.0000000000e+00 0.0000000000e+00 6.9854173982e+01
280.13600000 4.7701843794e+00 5.4545850996e-15 0.0000000000e+00 5.4545850996e-15 4.7701843794e+00 0.0000000000e+00 0.0000000000e+00 0.0000000000e+00 7.0127774803e+01
280.28800000 4.7863387079e+00 5.4545850996e-15 0.0000000000e+00 5.4545850996e-15 4.7863387079e+00 0.0000000000e+00 0.0000000000e+00 0.0000000000e+00 7.0403796777e+01
280.44000000 4.8024826743e+00 5.4545850996e-15 0.0000000000e+00 5.4545850996e-15 4.8024826743e+00 0.0000000000e+00 0.0000000000e+00 0.0000000000e+00 7.0682271527e+01
280.59200000 4.8186163583e+00 5.5347995864e-15 0.0000000000e+00 5.5347995864e-15 4.8186163583e+00 0.0000000000e+00 0.0000000000e+00 0.0000000000e+00 7.0963231221e+01
280.74400000 4.8347398393e+00 5.5347995864e-15 0.0000000000e+00 5.5347995864e-15 4.8347398393e+00 0.0000000000e+00 0.0000000000e+00 0.0000000000e+00 7.1246708580e+01
280.89600000 4.8508531965e+00 5.5347995864e-15 0.0000000000e+00 5.5347995864e-15 4.8508531965e+00 0.0000000000e+00 0.0000000000e+00 0.0000000000e+00 7.1532736891e+01
281.04800000 4.8669565093e+00 5.4545850996e-15 0.0000000000e+00 5.4545850996e-15 4.8669565093e+00 0.0000000000e+00 0.0000000000e+00 0.0000000000e+00 7.1821350021e+01
281.20000000 4.8830498567e+00 5.4545850996e-15 0.0000000000e+00 5.4545850996e-15 4.8830498567e+00 0.0000000000e+00 0.0000000000e+00 0.0000000000e+00 7.2112582424e+01
281.35200000 4.8991333179e+00 5.3743706128e-15 0.0000000000e+00 5.3743706128e-15 4.8991333179e+00 0.0000000000e+00 0.0000000000e+00 0.0000000000e+00 7.2406469161e+01
281.50400000 4.9152069717e+00 5.5347995864e-15 0.0000000000e+00 5.5347995864e-15 4.9152069717e+00 0.0000000000e+00 0.0000000000e+00 0.0000000000e+00 7.2703045905e+01
281.65600000 4.9312708972e+00 5.5347995864e-15 0.0000000000e+00 5.5347995864e-15 4.9312708972e+00 0.0000000000e+00 0.0000000000e+00 0.0000000000e+00 7.3002348960e+01
281.80800000 4.9473251730e+00 5.4545850996e-15 0.0000000000e+00 5.4545850996e-15 4.9473251730e+00 0.0000000000e+00 0.0000000000e+00 0.0000000000e+00 7.3304415274e+01
281.96000000 4.9633698780e+00 5.4545850996e-15 0.0000000000e+00 5.4545850996e-15 4.9633698780e+00 0.0000000000e+00 0.0000000000e+00 0.0000000000e+00 7.3609282450e+01
282.11200000 4.9794050907e+00 5.4545850996e-15 0.0000000000e+00 5.4545850996e-15 4.9794050907e+00 0.0000000000e+00 0.0000000000e+00 0.0000000000e+00 7.3916988761e+01
282.26400000 4.9954308897e+00 5.3743706128e-15 0.0000000000e+00 5.3743706128e-15 4.9954308897e+00 0.0000000000e+00 0.0000000000e+00 0.0000000000e+00 7.4227573169e+01
282.41600000 5.0114473534e+00 5.3743706128e-15 0.0000000000e+00 5.3743706128e-15 5.0114473534e+00 0.0000000000e+00 0.0000000000e+00 0.0000000000e+00 7.4541075334e+01
282.56800000 5.0274545603e+00 5.3743706128e-15 0.0000000000e+00 5.3743706128e-15 5.0274545603e+00 0.0000000000e+00 0.0000000000e+00 0.0000000000e+00 7.4857535633e+01
282.72000000 5.0434525887e+00 5.4545850996e-15 0.0000000000e+00 5.4545850996e-15 5.0434525887e+00 0.0000000000e+00 0.0000000000e+00 0.0000000000e+00 7.5176995175e+01
282.87200000 5.0594415168e+00 5.3743706128e-15 0.0000000000e+00 5.3743706128e-15 5.0594415168e+00 0.0000000000e+00 0.0000000000e+00 0.0000000000e+00 7.5499495817e+01
283.02400000 5.0754214227e+00 5.4545850996e-15 0.0000000000e+00 5.4545850996e-15 5.0754214227e+00 0.0000000000e+00 0.0000000000e+00 0.0000000000e+00 7.5825080179e+01
283.17600000 5.0913923845e+00 5.4545850996e-15 0.0000000000e+00 5.4545850996e-15 5.0913923845e+00 0.0000000000e+00 0.0000000000e+00 0.0000000000e+00 7.6153791667e+01
283.32800000 5.1073544803e+00 5.4545850996e-15 0.0000000000e+00 5.4545850996e-15 5.1073544803e+00 0.0000000000e+00 0.0000000000e+00 0.0000000000e+00 7.6485674482e+01
283.48000000 5.1233077879e+00 5.4545850996e-15 0.0000000000e+00 5.4545850996e-15 5.1233077879e+00 0.0000000000e+00 0.0000000000e+00 0.0000000000e+00 7.6820773645e+01
283.63200000 5.1392523853e+00 5.4545850996e-15 0.0000000000e+00 5.4545850996e-15 5.1392523853e+00 0.0000000000e+00 0.0000000000e+00 0.0000000000e+00 7.7159135012e+01
283.78400000 5.1551883502e+00 5.3743706128e-15 0.0000000000e+00 5.3743706128e-15 5.1551883502e+00 0.0000000000e+00 0.0000000000e+00 0.0000000000e+00 7.7500805292e+01
283.93600000 5.1711157603e+00 5.4545850996e-15 0.0000000000e+00 5.4545850996e-15 5.1711157603e+00 0.0000000000e+00 0.0000000000e+00 0.0000000000e+00 7.7845832071e+01
284.08800000 5.1870346933e+00 5.4545850996e-15 0.0000000000e+00 5.4545850996e-15 5.1870346933e+00 0.0000000000e+00 0.0000000000e+00 0.0000000000e+00 7.8194263828e+01
284.24000000 5.2029452268e+00 5.4545850996e-15 0.0000000000e+00 5.4545850996e-15 5.2029452268e+00 0.0000000000e+00 0.0000000000e+00 0.0000000000e+00 7.8546149954e+01
284.39200000 5.2188474382e+00 5.4545850996e-15 0.0000000000e+00 5.4545850996e-15 5.2188474382e+00 0.0000000000e+00 0.0000000000e+00 0.0000000000e+00 7.8901540778e+01
284.54400000 5.2347414051e+00 5.3743706128e-15 0.0000000000e+00 5.3743706128e-15 5.2347414051e+00 0.0000000000e+00 0.0000000000e+00 0.0000000000e+00 7.9260487586e+01
284.69600000 5.2506272047e+00 5.3743706128e-15 0.0000000000e+00 5.3743706128e-15 5.2506272047e+00 0.0000000000e+00 0.0000000000e+00 0.0000000000e+00 7.9623042642e+01
284.84800000 5.2665049145e+00 5.3743706128e-15 0.0000000000e+00 5.3743706128e-15 5.2665049145e+00 0.0000000000e+00 0.0000000000e+00 0.0000000000e+00 7.9989259212e+01
285.00000000 5.2823746117e+00 5.4545850996e-15 0.0000000000e+00 5.4545850996e-15 5.2823746117e+00 0.0000000000e+00 0.0000000000e+00 0.0000000000e+00 8.0359191586e+01
285.15200000 5.2982363735e+00 5.3743706128e-15 0.0000000000e+00 5.3743706128e-15 5.2982363735e+00 0.0000000000e+00 0.0000000000e+00 0.0000000000e+00 8.0732895106e+01
285.30400000 5.3140902770e+00 5.3743706128e-15 0.0000000000e+00 5.3743706128e-15 5.3140902770e+00 0.0000000000e+00 0.0000000000e+00 0.0000000000e+00 8.1110426185e+01
285.45600000 5.3299363993e+00 5.3743706128e-15 0.0000000000e+00 5.3743706128e-15 5.3299363993e+00 0.0000000000e+00 0.0000000000e+00 0.0000000000e+00 8.1491842336e+01
285.60800000 5.3457748175e+00 5.3743706128e-15 0.0000000000e+00 5.3743706128e-15 5.3457748175e+00 0.0000000000e+00 0.0000000000e+00 0.0000000000e+00 8.1877202196e+01
285.76000000 5.3616056084e+00 5.3743706128e-15 0.0000000000e+00 5.3743706128e-15 5.3616056084e+00 0.0000000000e+00 0.0000000000e+00 0.0000000000e+00 8.2266565554e+01
285.91200000 5.3774288490e+00 5.3743706128e-15 0.0000000000e+00 5.3743706128e-15 5.3774288490e+00 0.0000000000e+00 0.0000000000e+00 0.0000000000e+00 8.2659993378e+01
286.06400000 5.3932446162e+00 5.4545850996e-15 0.0000000000e+00 5.4545850996e-15 5.3932446162e+00 0.0000000000e+00 0.0000000000e+00 0.0000000000e+00 8.3057547844e+01
286.21600000 5.4090529867e+00 5.3743706128e-15 0.0000000000e+00 5.3743706128e-15 5.4090529867e+00 0.0000000000e+00 0.0000000000e+00 0.0000000000e+00 8.3459292360e+01
286.36800000 5.4248540373e+00 5.4545850996e-15 0.0000000000e+00 5.4545850996e-15 5.4248540373e+00 0.0000000000e+00 0.0000000000e+00 0.0000000000e+00 8.3865291603e+01
286.52000000 5.4406478447e+00 5.5347995864e-15 0.0000000000e+00 5.5347995864e-15 5.4406478447e+00 0.0000000000e+00 0.0000000000e+00 0.0000000000e+00 8.4275611545e+01
286.67200000 5.4564344856e+00 5.4545850996e-15 0.0000000000e+00 5.4545850996e-15 5.4564344856e+00 0.0000000000e+00 0.0000000000e+00 0.0000000000e+00 8.4690319485e+01
286.82400000 5.4722140364e+00 5.3743706128e-15 0.0000000000e+00 5.3743706128e-15 5.4722140364e+00 0.0000000000e+00 0.0000000000e+00 0.0000000000e+00 8.5109484081e+01
286.97600000 5.4879865739e+00 5.3743706128e-15 0.0000000000e+00 5.3743706128e-15 5.4879865739e+00 0.0000000000e+00 0.0000000000e+00 0.0000000000e+00 8.5533175384e+01
287.12800000 5.5037521744e+00 5.3743706128e-15 0.0000000000e+00 5.3743706128e-15 5.5037521744e+00 0.0000000000e+00 0.0000000000e+00 0.0000000000e+00 8.5961464871e+01
287.28000000 5.5195109145e+00 5.2941561261e-15 0.0000000000e+00 5.2941561261e-15 5.5195109145e+00 0.0000000000e+00 0.0000000000e+00 0.0000000000e+00 8.6394425481e+01
287.43200000 5.5352628706e+00 5.3743706128e-15 0.0000000000e+00 5.3743706128e-15 5.5352628706e+00 0.0000000000e+00 0.0000000000e+00 0.0000000000e+00 8.6832131650e+01
287.58400000 5.5510081189e+00 5.3743706128e-15 0.0000000000e+00 5.3743706128e-15 5.5510081189e+00 0.0000000000e+00 0.0000000000e+00 0.0000000000e+00 8.7274659348e+01
287.73600000 5.5667467359e+00 5.3743706128e-15 0.0000000000e+00 5.3743706128e-15 5.5667467359e+00 0.0000000000e+00 0.0000000000e+00 0.0000000000e+00 8.7722086116e+01
287.88800000 5.5824787978e+00 5.2941561261e-15 0.0000000000e+00 5.2941561261e-15 5.5824787978e+00 0.0000000000e+00 0.0000000000e+00 0.0000000000e+00 8.8174491107e+01
288.04000000 5.5982043809e+00 5.4545850996e-15 0.0000000000e+00 5.4545850996e-15 5.5982043809e+00 0.0000000000e+00 0.0000000000e+00 0.0000000000e+00 8.8631955125e+01
288.19200000 5.6139235614e+00 5.2941561261e-15 0.0000000000e+00 5.2941561261e-15 5.6139235614e+00 0.0000000000e+00 0.0000000000e+00 0.0000000000e+00 8.9094560665e+01
288.34400000 5.6296364154e+00 5.2941561261e-15 0.0000000000e+00 5.2941561261e-15 5.6296364154e+00 0.0000000000e+00 0.0000000000e+00 0.0000000000e+00 8.9562391959e+01
288.49600000 5.6453430190e+00 5.3743706128e-15 0.0000000000e+00 5.3743706128e-15 5.6453430190e+00 0.0000000000e+00 0.0000000000e+00 0.0000000000e+00 9.0035535014e+01
288.64800000 5.6610434485e+00 5.3743706128e-15 0.0000000000e+00 5.3743706128e-15 5.6610434485e+00 0.0000000000e+00 0.0000000000e+00 0.0000000000e+00 9.0514077660e+01
288.80000000 5.6767377797e+00 5.4545850996e-15 0.0000000000e+00 5.4545850996e-15 5.6767377797e+00 0.0000000000e+00 0.0000000000e+00 0.0000000000e+00 9.0998109598e+01
288.95200000 5.6924260888e+00 5.4545850996e-15 0.0000000000e+00 5.4545850996e-15 5.6924260888e+00 0.0000000000e+00 0.0000000000e+00 0.0000000000e+00 9.1487722442e+01
289.10400000 5.7081084517e+00 5.3743706128e-15 0.0000000000e+00 5.3743706128e-15 5.7081084517e+00 0.0000000000e+00 0.0000000000e+00 0.0000000000e+00 9.1983009772e+01
289.25600000 5.7237849444e+00 5.3743706128e-15 0.0000000000e+00 5.3743706128e-15 5.7237849444e+00 0.0000000000e+00 0.0000000000e+00 0.0000000000e+00 9.2484067181e+01
289.40800000 5.7394556429e+00 5.2941561261e-15 0.0000000000e+00 5.2941561261e-15 5.7394556429e+00 0.0000000000e+00 0.0000000000e+00 0.0000000000e+00 9.2990992329e+01
289.56000000 5.7551206229e+00 5.2941561261e-15 0.0000000000e+00 5.2941561261e-15 5.7551206229e+00 0.0000000000e+00 0.0000000000e+00 0.0000000000e+00 9.3503884993e+01
289.71200000 5.7707799605e+00 5.4545850996e-15 0.0000000000e+00 5.4545850996e-15 5.7707799605e+00 0.0000000000e+00 0.0000000000e+00 0.0000000000e+00 9.4022847123e+01
289.86400000 5.7864337313e+00 5.2941561261e-15 0.0000000000e+00 5.2941561261e-15 5.7864337313e+00 0.0000000000e+00 0.0000000000e+00 0.0000000000e+00 9.4547982898e+01
290.01600000 5.8020820113e+00 5.3743706128e-15 0.0000000000e+00 5.3743706128e-15 5.8020820113e+00 0.0000000000e+00 0.0000000000e+00 0.0000000000e+00 9.5079398782e+01
290.16800000 5.8177248763e+00 5.4545850996e-15 0.0000000000e+00 5.4545850996e-15 5.8177248763e+00 0.0000000000e+00 0.0000000000e+00 0.0000000000e+00 9.5617203583e+01
290.32000000 5.8333624020e+00 5.3743706128e-15 0.0000000000e+00 5.3743706128e-15 5.8333624020e+00 0.0000000000e+00 0.0000000000e+00 0.0000000000e+00 9.6161508514e+01
290.47200000 5.8489946641e+00 5.3743706128e-15 0.0000000000e+00 5.3743706128e-15 5.8489946641e+00 0.0000000000e+00 0.0000000000e+00 0.0000000000e+00 9.6712427256e+01
290.62400000 5.8646217384e+00 5.3743706128e-15 0.0000000000e+00 5.3743706128e-15 5.8646217384e+00 0.0000000000e+00 0.0000000000e+00 0.0000000000e+00 9.7270076021e+01
290.77600000 5.8802437006e+00 5.2941561261e-15 0.0000000000e+00 5.2941561261e-15 5.8802437006e+00 0.0000000000e+00 0.0000000000e+00 0.0000000000e+00 9.7834573616e+01
290.92800000 5.8958606264e+00 5.3743706128e-15 0.0000000000e+00 5.3743706128e-15 5.8958606264e+00 0.0000000000e+00 0.0000000000e+00 0.0000000000e+00 9.8406041516e+01
291.08000000 5.9114725914e+00 5.3743706128e-15 0.0000000000e+00 5.3743706128e-15 5.9114725914e+00 0.0000000000e+00 0.0000000000e+00 0.0000000000e+00 9.8984603925e+01
291.23200000 5.9270796713e+00 5.3743706128e-15 0.0000000000e+00 5.3743706128e-15 5.9270796713e+00 0.0000000000e+00 0.0000000000e+00 0.0000000000e+00 9.9570387855e+01
291.38400000 5.9426819417e+00 5.3743706128e-15 0.0000000000e+00 5.3743706128e-15 5.9426819417e+00 0.0000000000e+00 0.0000000000e+00 0.0000000000e+00 1.0016352320e+02
291.53600000 5.9582794782e+00 5.2941561261e-15 0.0000000000e+00 5.2941561261e-15 5.9582794782e+00 0.0000000000e+00 0.0000000000e+00 0.0000000000e+00 1.0076414279e+02
291.68800000 5.9738723564e+00 5.3743706128e-15 0.0000000000e+00 5.3743706128e-15 5.9738723564e+00 0.0000000000e+00 0.0000000000e+00 0.0000000000e+00 1.0137238251e+02
291.84000000 5.9894606520e+00 5.3743706128e-15 0.0000000000e+00 5.3743706128e-15 5.9894606520e+00 0.0000000000e+00 0.0000000000e+00 0.0000000000e+00 1.0198838133e+02
291.99200000 6.0050444404e+00 5.3743706128e-15 0.0000000000e+00 5.3743706128e-15 6.0050444404e+00 0.0000000000e+00 0.0000000000e+00 0.0000000000e+00 1.0261228144e+02
292.14400000 6.0206237973e+00 5.2941561261e-15 0.0000000000e+00 5.2941561261e-15 6.0206237973e+00 0.0000000000e+00 0.0000000000e+00 0.0000000000e+00 1.0324422827e+02
292.29600000 6.0361987983e+00 5.3743706128e-15 0.0000000000e+00 5.3743706128e-15 6.0361987983e+00 0.0000000000e+00 0.0000000000e+00 0.0000000000e+00 1.0388437064e+02
292.44800000 6.0517695188e+00 5.3743706128e-15 0.0000000000e+00 5.3743706128e-15 6.0517695188e+00 0.0000000000e+00 0.0000000000e+00 0.0000000000e+00 1.0453286080e+02
292.60000000 6.0673360343e+00 5.3743706128e-15 0.0000000000e+00 5.3743706128e-15 6.0673360343e+00 0.0000000000e+00 0.0000000000e+00 0.0000000000e+00 1.0518985455e+02
292.75200000 6.0828984206e+00 5.3743706128e-15 0.0000000000e+00 5.3743706128e-15 6.0828984206e+00 0.0000000000e+00 0.0000000000e+00 0.0000000000e+00 1.0585551130e+02
292.90400000 6.0984567530e+00 5.2941561261e-15 0.0000000000e+00 5.2941561261e-15 6.0984567530e+00 0.0000000000e+00 0.0000000000e+00 0.0000000000e+00 1.0652999421e+02
293.05600000 6.1140111070e+00 5.3743706128e-15 0.0000000000e+00 5.3743706128e-15 6.1140111070e+00 0.0000000000e+00 0.0000000000e+00 0.0000000000e+00 1.0721347025e+02
293.20800000 6.1295615583e+00 5.4545850996e-15 0.0000000000e+00 5.4545850996e-15 6.1295615583e+00 0.0000000000e+00 0.0000000000e+00 0.0000000000e+00 1.0790611031e+02
293.36000000 6.1451081823e+00 5.2941561261e-15 0.0000000000e+00 5.2941561261e-15 6.1451081823e+00 0.0000000000e+00 0.0000000000e+00 0.0000000000e+00 1.0860808930e+02
293.51200000 6.1606510546e+00 5.4545850996e-15 0.0000000000e+00 5.4545850996e-15 6.1606510546e+00 0.0000000000e+00 0.0000000000e+00 0.0000000000e+00 1.0931958627e+02
293.66400000 6.1761902506e+00 5.3743706128e-15 0.0000000000e+00 5.3743706128e-15 6.1761902506e+00 0.0000000000e+00 0.0000000000e+00 0.0000000000e+00 1.1004078449e+02
293.81600000 6.1917258459e+00 5.4545850996e-15 0.0000000000e+00 5.4545850996e-15 6.1917258459e+00 0.0000000000e+00 0.0000000000e+00 0.0000000000e+00 1.1077187159e+02
293.96800000 6.2072579160e+00 5.2941561261e-15 0.0000000000e+00 5.2941561261e-15 6.2072579160e+00 0.0000000000e+00 0.0000000000e+00 0.0000000000e+00 1.1151303962e+02
294.12000000 6.2227865364e+00 5.2941561261e-15 0.0000000000e+00 5.2941561261e-15 6.2227865364e+00 0.0000000000e+00 0.0000000000e+00 0.0000000000e+00 1.1226448524e+02
294.27200000 6.2383117827e+00 5.2941561261e-15 0.0000000000e+00 5.2941561261e-15 6.2383117827e+00 0.0000000000e+00 0.0000000000e+00 0.0000000000e+00 1.1302640976e+02
294.42400000 6.2538337304e+00 5.3743706128e-15 0.0000000000e+00 5.3743706128e-15 6.2538337304e+00 0.0000000000e+00 0.0000000000e+00 0.0000000000e+00 1.1379901930e+02
294.57600000 6.2693524550e+00 5.3743706128e-15 0.0000000000e+00 5.3743706128e-15 6.2693524550e+00 0.0000000000e+00 0.0000000000e+00 0.0000000000e+00 1.1458252490e+02
294.72800000 6.2848680321e+00 5.3743706128e-15 0.0000000000e+00 5.3743706128e-15 6.2848680321e+00 0.0000000000e+00 0.0000000000e+00 0.0000000000e+00 1.1537714265e+02
294.88000000 6.3003805373e+00 5.2941561261e-15 0.0000000000e+00 5.2941561261e-15 6.3003805373e+00 0.0000000000e+00 0.0000000000e+00 0.0000000000e+00 1.1618309379e+02
295.03200000 6.3158900461e+00 5.2941561261e-15 0.0000000000e+00 5.2941561261e-15 6.3158900461e+00 0.0000000000e+00 0.0000000000e+00 0.0000000000e+00 1.1700060488e+02
295.18400000 6.3313966340e+00 5.2941561261e-15 0.0000000000e+00 5.2941561261e-15 6.3313966340e+00 0.0000000000e+00 0.0000000000e+00 0.0000000000e+00 1.1782990787e+02
295.33600000 6.3469003768e+00 5.2941561261e-15 0.0000000000e+00 5.2941561261e-15 6.3469003768e+00 0.0000000000e+00 0.0000000000e+00 0.0000000000e+00 1.1867124028e+02
295.48800000 6.3624013499e+00 5.2941561261e-15 0.0000000000e+00 5.2941561261e-15 6.3624013499e+00 0.0000000000e+00 0.0000000000e+00 0.0000000000e+00 1.1952484530e+02
295.64000000 6.3778996291e+00 5.3743706128e-15 0.0000000000e+00 5.3743706128e-15 6.3778996291e+00 0.0000000000e+00 0.0000000000e+00 0.0000000000e+00 1.2039097193e+02
295.79200000 6.3933952899e+00 5.2941561261e-15 0.0000000000e+00 5.2941561261e-15 6.3933952899e+00 0.0000000000e+00 0.0000000000e+00 0.0000000000e+00 1.2126987514e+02
295.94400000 6.4088884080e+00 5.3743706128e-15 0.0000000000e+00 5.3743706128e-15 6.4088884080e+00 0.0000000000e+00 0.0000000000e+00 0.0000000000e+00 1.2216181593e+02
296.09600000 6.4243790591e+00 5.3743706128e-15 0.0000000000e+00 5.3743706128e-15 6.4243790591e+00 0.0000000000e+00 0.0000000000e+00 0.0000000000e+00 1.2306706156e+02
296.24800000 6.4398673188e+00 5.3743706128e-15 0.0000000000e+00 5.3743706128e-15 6.4398673188e+00 0.0000000000e+00 0.0000000000e+00 0.0000000000e+00 1.2398588561e+02
296.40000000 6.4553532630e+00 5.3743706128e-15 0.0000000000e+00 5.3743706128e-15 6.4553532630e+00 0.0000000000e+00 0.0000000000e+00 0.0000000000e+00 1.2491856812e+02
296.55200000 6.4708369672e+00 5.3743706128e-15 0.0000000000e+00 5.3743706128e-15 6.4708369672e+00 0.0000000000e+00 0.0000000000e+00 0.0000000000e+00 1.2586539578e+02
296.70400000 6.4863185074e+00 5.2139416393e-15 0.0000000000e+00 5.2139416393e-15 6.4863185074e+00 0.0000000000e+00 0.0000000000e+00 0.0000000000e+00 1.2682666199e+02
296.85600000 6.5017979592e+00 5.3743706128e-15 0.0000000000e+00 5.3743706128e-15 6.5017979592e+00 0.0000000000e+00 0.0000000000e+00 0.0000000000e+00 1.2780266702e+02
297.00800000 6.5172753984e+00 5.2139416393e-15 0.0000000000e+00 5.2139416393e-15 6.5172753984e+00 0.0000000000e+00 0.0000000000e+00 0.0000000000e+00 1.2879371812e+02
297.16000000 6.5327509009e+00 5.2941561261e-15 0.0000000000e+00 5.2941561261e-15 6.5327509009e+00 0.0000000000e+00 0.0000000000e+00 0.0000000000e+00 1.2980012966e+02
297.31200000 6.5482245425e+00 5.2941561261e-15 0.0000000000e+00 5.2941561261e-15 6.5482245425e+00 0.0000000000e+00 0.0000000000e+00 0.0000000000e+00 1.3082222324e+02
297.46400000 6.5636963992e+00 5.2941561261e-15 0.0000000000e+00 5.2941561261e-15 6.5636963992e+00 0.0000000000e+00 0.0000000000e+00 0.0000000000e+00 1.3186032779e+02
297.61600000 6.5791665468e+00 5.3743706128e-15 0.0000000000e+00 5.3743706128e-15 6.5791665468e+00 0.0000000000e+00 0.0000000000e+00 0.0000000000e+00 1.3291477965e+02
297.76800000 6.5946350613e+00 5.3743706128e-15 0.0000000000e+00 5.3743706128e-15 6.5946350613e+00 0.0000000000e+00 0.0000000000e+00 0.0000000000e+00 1.3398592272e+02
297.92000000 6.6101020187e+00 5.2941561261e-15 0.0000000000e+00 5.2941561261e-15 6.6101020187e+00 0.0000000000e+00 0.0000000000e+00 0.0000000000e+00 1.3507410851e+02
298.07200000 6.6255674949e+00 5.3743706128e-15 0.0000000000e+00 5.3743706128e-15 6.6255674949e+00 0.0000000000e+00 0.0000000000e+00 0.0000000000e+00 1.3617969618e+02
298.22400000 6.6410315660e+00 5.2941561261e-15 0.0000000000e+00 5.2941561261e-15 6.6410315660e+00 0.0000000000e+00 0.0000000000e+00 0.0000000000e+00 1.3730305267e+02
298.37600000 6.6564943082e+00 5.3743706128e-15 0.0000000000e+00 5.3743706128e-15 6.6564943082e+00 0.0000000000e+00 0.0000000000e+00 0.0000000000e+00 1.3844455268e+02
298.52800000 6.6719557974e+00 5.2941561261e-15 0.0000000000e+00 5.2941561261e-15 6.6719557974e+00 0.0000000000e+00 0.0000000000e+00 0.0000000000e+00 1.3960457873e+02
298.68000000 6.6874161099e+00 5.2941561261e-15 0.0000000000e+00 5.2941561261e-15 6.6874161099e+00 0.0000000000e+00 0.0000000000e+00 0.0000000000e+00 1.4078352113e+02
298.83200000 6.7028753218e+00 5.3743706128e-15 0.0000000000e+00 5.3743706128e-15 6.7028753218e+00 0.0000000000e+00 0.0000000000e+00 0.0000000000e+00 1.4198177800e+02
298.98400000 6.7183335095e+00 5.2941561261e-15 0.0000000000e+00 5.2941561261e-15 6.7183335095e+00 0.0000000000e+00 0.0000000000e+00 0.0000000000e+00 1.4319975518e+02
299.13600000 6.7337907491e+00 5.2941561261e-15 0.0000000000e+00 5.2941561261e-15 6.7337907491e+00 0.0000000000e+00 0.0000000000e+00 0.0000000000e+00 1.4443786618e+02
299.28800000 6.7492471169e+00 5.2941561261e-15 0.0000000000e+00 5.2941561261e-15 6.7492471169e+00 0.0000000000e+00 0.0000000000e+00 0.0000000000e+00 1.4569653207e+02
299.44000000 6.7647026894e+00 5.2941561261e-15 0.0000000000e+00 5.2941561261e-15 6.7647026894e+00 0.0000000000e+00 0.0000000000e+00 0.0000000000e+00 1.4697618130e+02
299.59200000 6.7801575428e+00 5.2941561261e-15 0.0000000000e+00 5.2941561261e-15 6.7801575428e+00 0.0000000000e+00 0.0000000000e+00 0.0000000000e+00 1.4827724951e+02
299.74400000 6.7956117538e+00 5.3743706128e-15 0.0000000000e+00 5.3743706128e-15 6.7956117538e+00 0.0000000000e+00 0.0000000000e+00 0.0000000000e+00 1.4960017931e+02
299.89600000 6.8110653987e+00 5.2941561261e-15 0.0000000000e+00 5.2941561261e-15 6.8110653987e+00 0.0000000000e+00 0.0000000000e+00 0.0000000000e+00 1.5094541991e+02
300.04800000 6.8265185542e+00 5.3743706128e-15 0.0000000000e+00 5.3743706128e-15 6.8265185542e+00 0.0000000000e+00 0.0000000000e+00 0.0000000000e+00 1.5231342684e+02
300.20000000 6.8419712967e+00 5.3743706128e-15 0.0000000000e+00 5.3743706128e-15 6.8419712967e+00 0.0000000000e+00 0.0000000000e+00 0.0000000000e+00 1.5370466142e+02
300.35200000 6.8574237030e+00 5.2941561261e-15 0.0000000000e+00 5.2941561261e-15 6.8574237030e+00 0.0000000000e+00 0.0000000000e+00 0.0000000000e+00 1.5511959029e+02
300.50400000 6.8728758497e+00 5.2941561261e-15 0.0000000000e+00 5.2941561261e-15 6.8728758497e+00 0.0000000000e+00 0.0000000000e+00 0.0000000000e+00 1.5655868478e+02
300.65600000 6.8883278135e+00 5.2941561261e-15 0.0000000000e+00 5.2941561261e-15 6.8883278135e+00 0.0000000000e+00 0.0000000000e+00 0.0000000000e+00 1.5802242019e+02
300.80800000 6.9037796714e+00 5.2139416393e-15 0.0000000000e+00 5.2139416393e-15 6.9037796714e+00 0.0000000000e+00 0.0000000000e+00 0.0000000000e+00 1.5951127495e+02
300.96000000 6.9192315000e+00 5.3743706128e-15 0.0000000000e+00 5.3743706128e-15 6.9192315000e+00 0.0000000000e+00 0.0000000000e+00 0.0000000000e+00 1.6102572968e+02
301.11200000 6.9346833765e+00 5.2139416393e-15 0.0000000000e+00 5.2139416393e-15 6.9346833765e+00 0.0000000000e+00 0.0000000000e+00 0.0000000000e+00 1.6256626607e+02
301.26400000 6.9501353776e+00 5.2941561261e-15 0.0000000000e+00 5.2941561261e-15 6.9501353776e+00 0.0000000000e+00 0.0000000000e+00 0.0000000000e+00 1.6413336562e+02
301.41600000 6.9655875804e+00 5.3743706128e-15 0.0000000000e+00 5.3743706128e-15 6.9655875804e+00 0.0000000000e+00 0.0000000000e+00 0.0000000000e+00 1.6572750817e+02
301.56800000 6.9810400621e+00 5.2941561261e-15 0.0000000000e+00 5.2941561261e-15 6.9810400621e+00 0.0000000000e+00 0.0000000000e+00 0.0000000000e+00 1.6734917028e+02
301.72000000 6.9964928998e+00 5.2941561261e-15 0.0000000000e+00 5.2941561261e-15 6.9964928998e+00 0.0000000000e+00 0.0000000000e+00 0.0000000000e+00 1.6899882334e+02
301.87200000 7.0119461706e+00 5.2941561261e-15 0.0000000000e+00 5.2941561261e-15 7.0119461706e+00 0.0000000000e+00 0.0000000000e+00 0.0000000000e+00 1.7067693142e+02
302.02400000 7.0273999519e+00 5.2139416393e-15 0.0000000000e+00 5.2139416393e-15 7.0273999519e+00 0.0000000000e+00 0.0000000000e+00 0.0000000000e+00 1.7238394888e+02
302.17600000 7.0428543210e+00 5.3743706128e-15 0.0000000000e+00 5.3743706128e-15 7.0428543210e+00 0.0000000000e+00 0.0000000000e+00 0.0000000000e+00 1.7412031763e+02
302.32800000 7.0583093552e+00 5.2941561261e-15 0.0000000000e+00 5.2941561261e-15 7.0583093552e+00 0.0000000000e+00 0.0000000000e+00 0.0000000000e+00 1.7588646400e+02
302.48000000 7.0737651322e+00 5.2941561261e-15 0.0000000000e+00 5.2941561261e-15 7.0737651322e+00 0.0000000000e+00 0.0000000000e+00 0.0000000000e+00 1.7768279533e+02
302.63200000 7.0892217293e+00 5.3743706128e-15 0.0000000000e+00 5.3743706128e-15 7.0892217293e+00 0.0000000000e+00 0.0000000000e+00 0.0000000000e+00 1.7950969596e+02
302.78400000 7.1046792242e+00 5.3743706128e-15 0.0000000000e+00 5.3743706128e-15 7.1046792242e+00 0.0000000000e+00 0.0000000000e+00 0.0000000000e+00 1.8136752284e+02
302.93600000 7.1201376947e+00 5.2941561261e-15 0.0000000000e+00 5.2941561261e-15 7.1201376947e+00 0.0000000000e+00 0.0000000000e+00 0.0000000000e+00 1.8325660054e+02
303.08800000 7.1355972184e+00 5.2941561261e-15 0.0000000000e+00 5.2941561261e-15 7.1355972184e+00 0.0000000000e+00 0.0000000000e+00 0.0000000000e+00 1.8517721565e+02
303.24000000 7.1510578732e+00 5.2139416393e-15 0.0000000000e+00 5.2139416393e-15 7.1510578732e+00 0.0000000000e+00 0.0000000000e+00 0.0000000000e+00 1.8712961044e+02
303.39200000 7.1665197369e+00 5.3743706128e-15 0.0000000000e+00 5.3743706128e-15 7.1665197369e+00 0.0000000000e+00 0.0000000000e+00 0.0000000000e+00 1.8911397583e+02
303.54400000 7.1819828876e+00 5.2941561261e-15 0.0000000000e+00 5.2941561261e-15 7.1819828876e+00 0.0000000000e+00 0.0000000000e+00 0.0000000000e+00 1.9113044342e+02
303.69600000 7.1974474033e+00 5.2941561261e-15 0.0000000000e+00 5.2941561261e-15 7.1974474033e+00 0.0000000000e+00 0.0000000000e+00 0.0000000000e+00 1.9317907659e+02
303.84800000 7.2129133621e+00 5.2941561261e-15 0.0000000000e+00 5.2941561261e-15 7.2129133621e+00 0.0000000000e+00 0.0000000000e+00 0.0000000000e+00 1.9525986047e+02
304.00000000 7.2283808423e+00 5.3743706128e-15 0.0000000000e+00 5.3743706128e-15 7.2283808423e+00 0.0000000000e+00 0.0000000000e+00 0.0000000000e+00 1.9737269078e+02
304.15200000 7.2438499221e+00 5.2941561261e-15 0.0000000000e+00 5.2941561261e-15 7.2438499221e+00 0.0000000000e+00 0.0000000000e+00 0.0000000000e+00 1.9951736125e+02
304.30400000 7.2593206799e+00 5.2941561261e-15 0.0000000000e+00 5.2941561261e-15 7.2593206799e+00 0.0000000000e+00 0.0000000000e+00 0.0000000000e+00 2.0169354956e+02
304.45600000 7.2747931942e+00 5.2941561261e-15 0.0000000000e+00 5.2941561261e-15 7.2747931942e+00 0.0000000000e+00 0.0000000000e+00 0.0000000000e+00 2.0390080163e+02
304.60800000 7.2902675435e+00 5.2941561261e-15 0.0000000000e+00 5.2941561261e-15 7.2902675435e+00 0.0000000000e+00 0.0000000000e+00 0.0000000000e+00 2.0613851394e+02
304.76000000 7.3057438065e+00 5.2941561261e-15 0.0000000000e+00 5.2941561261e-15 7.3057438065e+00 0.0000000000e+00 0.0000000000e+00 0.0000000000e+00 2.0840591392e+02
304.91200000 7.3212220618e+00 5.2941561261e-15 0.0000000000e+00 5.2941561261e-15 7.3212220618e+00 0.0000000000e+00 0.0000000000e+00 0.0000000000e+00 2.1070203785e+02
305.06400000 7.3367023882e+00 5.2941561261e-15 0.0000000000e+00 5.2941561261e-15 7.3367023882e+00 0.0000000000e+00 0.0000000000e+00 0.0000000000e+00 2.1302570629e+02
305.21600000 7.3521848647e+00 5.2941561261e-15 0.0000000000e+00 5.2941561261e-15 7.3521848647e+00 0.0000000000e+00 0.0000000000e+00 0.0000000000e+00 2.1537549659e+02
305.36800000 7.3676695703e+00 5.2941561261e-15 0.0000000000e+00 5.2941561261e-15 7.3676695703e+00 0.0000000000e+00 0.0000000000e+00 0.0000000000e+00 2.1774971220e+02
305.52000000 7.3831565839e+00 5.2941561261e-15 0.0000000000e+00 5.2941561261e-15 7.3831565839e+00 0.0000000000e+00 0.0000000000e+00 0.0000000000e+00 2.2014634847e+02
305.67200000 7.3986459849e+00 5.2139416393e-15 0.0000000000e+00 5.2139416393e-15 7.3986459849e+00 0.0000000000e+00 0.0000000000e+00 0.0000000000e+00 2.2256305449e+02
305.82400000 7.4141378524e+00 5.2941561261e-15 0.0000000000e+00 5.2941561261e-15 7.4141378524e+00 0.0000000000e+00 0.0000000000e+00 0.0000000000e+00 2.2499709062e+02
305.97600000 7.4296322658e+00 5.3743706128e-15 0.0000000000e+00 5.3743706128e-15 7.4296322658e+00 0.0000000000e+00 0.0000000000e+00 0.0000000000e+00 2.2744528126e+02
306.12800000 7.4451293046e+00 5.2941561261e-15 0.0000000000e+00 5.2941561261e-15 7.4451293046e+00 0.0000000000e+00 0.0000000000e+00 0.0000000000e+00 2.2990396232e+02
306.28000000 7.4606290483e+00 5.2941561261e-15 0.0000000000e+00 5.2941561261e-15 7.4606290483e+00 0.0000000000e+00 0.0000000000e+00 0.0000000000e+00 2.3236892291e+02
306.43200000 7.4761315766e+00 5.2139416393e-15 0.0000000000e+00 5.2139416393e-15 7.4761315766e+00 0.0000000000e+00 0.0000000000e+00 0.0000000000e+00 2.3483534079e+02
306.58400000 7.4916369692e+00 5.2941561261e-15 0.0000000000e+00 5.2941561261e-15 7.4916369692e+00 0.0000000000e+00 0.0000000000e+00 0.0000000000e+00 2.3729771085e+02
306.73600000 7.5071453061e+00 5.2941561261e-15 0.0000000000e+00 5.2941561261e-15 7.5071453061e+00 0.0000000000e+00 0.0000000000e+00 0.0000000000e+00 2.3974976622e+02
306.88800000 7.5226566671e+00 5.2941561261e-15 0.0000000000e+00 5.2941561261e-15 7.5226566671e+00 0.0000000000e+00 0.0000000000e+00 0.0000000000e+00 2.4218439130e+02
307.04000000 7.5381711324e+00 5.2139416393e-15 0.0000000000e+00 5.2139416393e-15 7.5381711324e+00 0.0000000000e+00 0.0000000000e+00 0.0000000000e+00 2.4459352623e+02
307.19200000 7.5536887821e+00 5.2941561261e-15 0.0000000000e+00 5.2941561261e-15 7.5536887821e+00 0.0000000000e+00 0.0000000000e+00 0.0000000000e+00 2.4696806215e+02
307.34400000 7.5692096966e+00 5.2139416393e-15 0.0000000000e+00 5.2139416393e-15 7.5692096966e+00 0.0000000000e+00 0.0000000000e+00 0.0000000000e+00 2.4929772700e+02
307.49600000 7.5847339561e+00 5.2139416393e-15 0.0000000000e+00 5.2139416393e-15 7.5847339561e+00 0.0000000000e+00 0.0000000000e+00 0.0000000000e+00 2.5157096128e+02
307.64800000 7.6002616413e+00 5.2941561261e-15 0.0000000000e+00 5.2941561261e-15 7.6002616413e+00 0.0000000000e+00 0.0000000000e+00 0.0000000000e+00 2.5377478370e+02
307.80000000 7.6157928327e+00 5.2941561261e-15 0.0000000000e+00 5.2941561261e-15 7.6157928327e+00 0.0000000000e+00 0.0000000000e+00 0.0000000000e+00 2.5589464674e+02
307.95200000 7.6313276112e+00 5.2941561261e-15 0.0000000000e+00 5.2941561261e-15 7.6313276112e+00 0.0000000000e+00 0.0000000000e+00 0.0000000000e+00 2.5791428239e+02
308.10400000 7.6468660574e+00 5.2941561261e-15 0.0000000000e+00 5.2941561261e-15 7.6468660574e+00 0.0000000000e+00 0.0000000000e+00 0.0000000000e+00 2.5981553888e+02
308.25600000 7.6624082525e+00 5.2139416393e-15 0.0000000000e+00 5.2139416393e-15 7.6624082525e+00 0.0000000000e+00 0.0000000000e+00 0.0000000000e+00 2.6157820967e+02
308.40800000 7.6779542774e+00 5.2941561261e-15 0.0000000000e+00 5.2941561261e-15 7.6779542774e+00 0.0000000000e+00 0.0000000000e+00 0.0000000000e+00 2.6317985660e+02
308.56000000 7.6935042134e+00 5.2941561261e-15 0.0000000000e+00 5.2941561261e-15 7.6935042134e+00 0.0000000000e+00 0.0000000000e+00 0.0000000000e+00 2.6459563001e+02
308.71200000 7.7090581419e+00 5.2941561261e-15 0.0000000000e+00 5.2941561261e-15 7.7090581419e+00 0.0000000000e+00 0.0000000000e+00 0.0000000000e+00 2.6579808985e+02
308.86400000 7.7246161441e+00 5.3743706128e-15 0.0000000000e+00 5.3743706128e-15 7.7246161441e+00 0.0000000000e+00 0.0000000000e+00 0.0000000000e+00 2.6675703277e+02
309.01600000 7.7401783019e+00 5.2941561261e-15 0.0000000000e+00 5.2941561261e-15 7.7401783019e+00 0.0000000000e+00 0.0000000000e+00 0.0000000000e+00 2.6743933212e+02
309.16800000 7.7557446967e+00 5.2941561261e-15 0.0000000000e+00 5.2941561261e-15 7.7557446967e+00 0.0000000000e+00 0.0000000000e+00 0.0000000000e+00 2.6780879935e+02
309.32000000 7.7713154105e+00 5.2941561261e-15 0.0000000000e+00 5.2941561261e-15 7.7713154105e+00 0.0000000000e+00 0.0000000000e+00 0.0000000000e+00 2.6782607766e+02
309.47200000 7.7868905251e+00 5.2139416393e-15 0.0000000000e+00 5.2139416393e-15 7.7868905251e+00 0.0000000000e+00 0.0000000000e+00 0.0000000000e+00 2.6744858095e+02
309.62400000 7.8024701227e+00 5.2941561261e-15 0.0000000000e+00 5.2941561261e-15 7.8024701227e+00 0.0000000000e+00 0.0000000000e+00 0.0000000000e+00 2.6663049403e+02
309.77600000 7.8180542855e+00 5.3743706128e-15 0.0000000000e+00 5.3743706128e-15 7.8180542855e+00 0.0000000000e+00 0.0000000000e+00 0.0000000000e+00 2.6532285248e+02
309.92800000 7.8336430958e+00 5.2941561261e-15 0.0000000000e+00 5.2941561261e-15 7.8336430958e+00 0.0000000000e+00 0.0000000000e+00 0.0000000000e+00 2.6347372358e+02
310.08000000 7.8492366361e+00 5.2139416393e-15 0.0000000000e+00 5.2139416393e-15 7.8492366361e+00 0.0000000000e+00 0.0000000000e+00 0.0000000000e+00 2.6102851221e+02
310.23200000 7.8648349890e+00 5.2139416393e-15 0.0000000000e+00 5.2139416393e-15 7.8648349890e+00 0.0000000000e+00 0.0000000000e+00 0.0000000000e+00 2.5793041732e+02
310.38400000 7.8804382372e+00 5.2139416393e-15 0.0000000000e+00 5.2139416393e-15 7.8804382372e+00 0.0000000000e+00 0.0000000000e+00 0.0000000000e+00 2.5412106577e+02
310.53600000 7.8960464636e+00 5.2139416393e-15 0.0000000000e+00 5.2139416393e-15 7.8960464636e+00 0.0000000000e+00 0.0000000000e+00 0.0000000000e+00 2.4954134971e+02
310.68800000 7.9116597513e+00 5.2139416393e-15 0.0000000000e+00 5.2139416393e-15 7.9116597513e+00 0.0000000000e+00 0.0000000000e+00 0.0000000000e+00 2.4413249081e+02
310.84000000 7.9272781834e+00 5.2139416393e-15 0.0000000000e+00 5.2139416393e-15 7.9272781834e+00 0.0000000000e+00 0.0000000000e+00 0.0000000000e+00 2.3783734922e+02
310.99200000 7.9429018431e+00 5.2941561261e-15 0.0000000000e+00 5.2941561261e-15 7.9429018431e+00 0.0000000000e+00 0.0000000000e+00 0.0000000000e+00 2.3060198590e+02
311.14400000 7.9585308141e+00 5.2139416393e-15 0.0000000000e+00 5.2139416393e-15 7.9585308141e+00 0.0000000000e+00 0.0000000000e+00 0.0000000000e+00 2.2237747389e+02
311.29600000 7.9741651797e+00 5.2139416393e-15 0.0000000000e+00 5.2139416393e-15 7.9741651797e+00 0.0000000000e+00 0.0000000000e+00 0.0000000000e+00 2.1312193631e+02
311.44800000 7.9898050239e+00 5.2941561261e-15 0.0000000000e+00 5.2941561261e-15 7.9898050239e+00 0.0000000000e+00 0.0000000000e+00 0.0000000000e+00 2.0280276683e+02
311.60000000 8.0054504304e+00 5.3743706128e-15 0.0000000000e+00 5.3743706128e-15 8.0054504304e+00 0.0000000000e+00 0.0000000000e+00 0.0000000000e+00 1.9139896296e+02
311.75200000 8.0211014833e+00 5.2139416393e-15 0.0000000000e+00 5.2139416393e-15 8.0211014833e+00 0.0000000000e+00 0.0000000000e+00 0.0000000000e+00 1.7890347488e+02
311.90400000 8.0367582668e+00 5.2139416393e-15 0.0000000000e+00 5.2139416393e-15 8.0367582668e+00 0.0000000000e+00 0.0000000000e+00 0.0000000000e+00 1.6532544511e+02
312.05600000 8.0524208652e+00 5.3743706128e-15 0.0000000000e+00 5.3743706128e-15 8.0524208652e+00 0.0000000000e+00 0.0000000000e+00 0.0000000000e+00 1.5069219168e+02
312.20800000 8.0680893631e+00 5.2941561261e-15 0.0000000000e+00 5.2941561261e-15 8.0680893631e+00 0.0000000000e+00 0.0000000000e+00 0.0000000000e+00 1.3505077154e+02
312.36000000 8.0837638450e+00 5.2139416393e-15 0.0000000000e+00 5.2139416393e-15 8.0837638450e+00 0.0000000000e+00 0.0000000000e+00 0.0000000000e+00 1.1846895832e+02
312.51200000 8.0994443958e+00 5.2941561261e-15 0.0000000000e+00 5.2941561261e-15 8.0994443958e+00 0.0000000000e+00 0.0000000000e+00 0.0000000000e+00 1.0103548125e+02
312.66400000 8.1151311005e+00 5.2941561261e-15 0.0000000000e+00 5.2941561261e-15 8.1151311005e+00 0.0000000000e+00 0.0000000000e+00 0.0000000000e+00 8.2859403347e+01
312.81600000 8.1308240442e+00 5.3743706128e-15 0.0000000000e+00 5.3743706128e-15 8.1308240442e+00 0.0000000000e+00 0.0000000000e+00 0.0000000000e+00 6.4068566564e+01
312.96800000 8.1465233121e+00 5.2941561261e-15 0.0000000000e+00 5.2941561261e-15 8.1465233121e+00 0.0000000000e+00 0.0000000000e+00 0.0000000000e+00 4.4807097003e+01
313.12000000 8.1622289897e+00 5.2941561261e-15 0.0000000000e+00 5.2941561261e-15 8.1622289897e+00 0.0000000000e+00 0.0000000000e+00 0.0000000000e+00 2.5232038413e+01
313.27200000 8.1779411626e+00 5.2941561261e-15 0.0000000000e+00 5.2941561261e-15 8.1779411626e+00 0.0000000000e+00 0.0000000000e+00 0.0000000000e+00 5.5092587379e+00
313.42400000 8.1936599167e+00 5.2941561261e-15 0.0000000000e+00 5.2941561261e-15 8.1936599167e+00 0.0000000000e+00 0.0000000000e+00 0.0000000000e+00 -1.4191157208e+01
313.57600000 8.2093853378e+00 5.2941561261e-15 0.0000000000e+00 5.2941561261e-15 8.2093853378e+00 0.0000000000e+00 0.0000000000e+00 0.0000000000e+00 -3.3699765466e+01
313.72800000 8.2251175121e+00 5.2941561261e-15 0.0000000000e+00 5.2941561261e-15 8.2251175121e+00 0.0000000000e+00 0.0000000000e+00 0.0000000000e+00 -5.2852582411e+01
313.88000000 8.2408565259e+00 5.2941561261e-15 0.0000000000e+00 5.2941561261e-15 8.2408565259e+00 0.0000000000e+00 0.0000000000e+00 0.0000000000e+00 -7.1495581183e+01
314.03200000 8.2566024657e+00 5.3743706128e-15 0.0000000000e+00 5.3743706128e-15 8.2566024657e+00 0.0000000000e+00 0.0000000000e+00 0.0000000000e+00 -8.9488612637e+01
314.18400000 8.2723554180e+00 5.2941561261e-15 0.0000000000e+00 5.2941561261e-15 8.2723554180e+00 0.0000000000e+00 0.0000000000e+00 0.0000000000e+00 -1.0670855427e+02
314.33600000 8.2881154697e+00 5.2941561261e-15 0.0000000000e+00 5.2941561261e-15 8.2881154697e+00 0.0000000000e+00 0.0000000000e+00 0.0000000000e+00 -1.2305156205e+02
314.48800000 8.3038827078e+00 5.3743706128e-15 0.0000000000e+00 5.3743706128e-15 8.3038827078e+00 0.0000000000e+00 0.0000000000e+00 0.0000000000e+00 -1.3843437705e+02
314.64000000 8.3196572195e+00 5.2941561261e-15 0.0000000000e+00 5.2941561261e-15 8.3196572195e+00 0.0000000000e+00 0.0000000000e+00 0.0000000000e+00 -1.5279471238e+02
314.79200000 8.3354390921e+00 5.2139416393e-15 0.0000000000e+00 5.2139416393e-15 8.3354390921e+00 0.0000000000e+00 0.0000000000e+00 0.0000000000e+00 -1.6609080710e+02
314.94400000 8.3512284132e+00 5.3743706128e-15 0.0000000000e+00 5.3743706128e-15 8.3512284132e+00 0.0000000000e+00 0.0000000000e+00 0.0000000000e+00 -1.7830027930e+02
315.09600000 8.3670252704e+00 5.2941561261e-15 0.0000000000e+00 5.2941561261e-15 8.3670252704e+00 0.0000000000e+00 0.0000000000e+00 0.0000000000e+00 -1.8941843648e+02
315.24800000 8.3828297518e+00 5.2139416393e-15 0.0000000000e+00 5.2139416393e-15 8.3828297518e+00 0.0000000000e+00 0.0000000000e+00 0.0000000000e+00 -1.9945620979e+02
315.40000000 8.3986419453e+00 5.2139416393e-15 0.0000000000e+00 5.2139416393e-15 8.3986419453e+00 0.0000000000e+00 0.0000000000e+00 0.0000000000e+00 -2.0843787228e+02
315.55200000 8.4144619393e+00 5.2941561261e-15 0.0000000000e+00 5.2941561261e-15 8.4144619393e+00 0.0000000000e+00 0.0000000000e+00 0.0000000000e+00 -2.1639868323e+02
315.70400000 8.4302898222e+00 5.3743706128e-15 0.0000000000e+00 5.3743706128e-15 8.4302898222e+00 0.0000000000e+00 0.0000000000e+00 0.0000000000e+00 -2.2338257612e+02
315.85600000 8.4461256828e+00 5.2941561261e-15 0.0000000000e+00 5.2941561261e-15 8.4461256828e+00 0.0000000000e+00 0.0000000000e+00 0.0000000000e+00 -2.2943998034e+02
316.00800000 8.4619696098e+00 5.2941561261e-15 0.0000000000e+00 5.2941561261e-15 8.4619696098e+00 0.0000000000e+00 0.0000000000e+00 0.0000000000e+00 -2.3462583931e+02
316.16000000 8.4778216923e+00 5.2941561261e-15 0.0000000000e+00 5.2941561261e-15 8.4778216923e+00 0.0000000000e+00 0.0000000000e+00 0.0000000000e+00 -2.3899786321e+02
316.31200000 8.4936820197e+00 5.2941561261e-15 0.0000000000e+00 5.2941561261e-15 8.4936820197e+00 0.0000000000e+00 0.0000000000e+00 0.0000000000e+00 -2.4261503314e+02
316.46400000 8.5095506813e+00 5.3743706128e-15 0.0000000000e+00 5.3743706128e-15 8.5095506813e+00 0.0000000000e+00 0.0000000000e+00 0.0000000000e+00 -2.4553635766e+02
316.61600000 8.5254277668e+00 5.2941561261e-15 0.0000000000e+00 5.2941561261e-15 8.5254277668e+00 0.0000000000e+00 0.0000000000e+00 0.0000000000e+00 -2.4781987004e+02
316.76800000 8.5413133660e+00 5.2139416393e-15 0.0000000000e+00 5.2139416393e-15 8.5413133660e+00 0.0000000000e+00 0.0000000000e+00 0.0000000000e+00 -2.4952184664e+02
316.92000000 8.5572075692e+00 5.2941561261e-15 0.0000000000e+00 5.2941561261e-15 8.5572075692e+00 0.0000000000e+00 0.0000000000e+00 0.0000000000e+00 -2.5069622216e+02
317.07200000 8.5731104664e+00 5.2941561261e-15 0.0000000000e+00 5.2941561261e-15 8.5731104664e+00 0.0000000000e+00 0.0000000000e+00 0.0000000000e+00 -2.5139417518e+02
317.22400000 8.5890221482e+00 5.2941561261e-15 0.0000000000e+00 5.2941561261e-15 8.5890221482e+00 0.0000000000e+00 0.0000000000e+00 0.0000000000e+00 -2.5166385754e+02
317.37600000 8.6049427053e+00 5.2941561261e-15 0.0000000000e+00 5.2941561261e-15 8.6049427053e+00 0.0000000000e+00 0.0000000000e+00 0.0000000000e+00 -2.5155024201e+02
317.52800000 8.6208722286e+00 5.3743706128e-15 0.0000000000e+00 5.3743706128e-15 8.6208722286e+00 0.0000000000e+00 0.0000000000e+00 0.0000000000e+00 -2.5109506532e+02
317.68000000 8.6368108092e+00 5.2941561261e-15 0.0000000000e+00 5.2941561261e-15 8.6368108092e+00 0.0000000000e+00 0.0000000000e+00 0.0000000000e+00 -2.5033684567e+02
317.83200000 8.6527585384e+00 5.2941561261e-15 0.0000000000e+00 5.2941561261e-15 8.6527585384e+00 0.0000000000e+00 0.0000000000e+00 0.0000000000e+00 -2.4931095710e+02
317.98400000 8.6687155078e+00 5.2941561261e-15 0.0000000000e+00 5.2941561261e-15 8.6687155078e+00 0.0000000000e+00 0.0000000000e+00 0.0000000000e+00 -2.4804974545e+02
318.13600000 8.6846818092e+00 5.2941561261e-15 0.0000000000e+00 5.2941561261e-15 8.6846818092e+00 0.0000000000e+00 0.0000000000e+00 0.0000000000e+00 -2.4658267350e+02
318.28800000 8.7006575346e+00 5.2941561261e-15 0.0000000000e+00 5.2941561261e-15 8.7006575346e+00 0.0000000000e+00 0.0000000000e+00 0.0000000000e+00 -2.4493648513e+02
318.44000000 8.7166427761e+00 5.2941561261e-15 0.0000000000e+00 5.2941561261e-15 8.7166427761e+00 0.0000000000e+00 0.0000000000e+00 0.0000000000e+00 -2.4313538038e+02
318.59200000 8.7326376262e+00 5.1337271526e-15 0.0000000000e+00 5.1337271526e-15 8.7326376262e+00 0.0000000000e+00 0.0000000000e+00 0.0000000000e+00 -2.4120119505e+02
318.74400000 8.7486421776e+00 5.1337271526e-15 0.0000000000e+00 5.1337271526e-15 8.7486421776e+00 0.0000000000e+00 0.0000000000e+00 0.0000000000e+00 -2.3915358008e+02
318.89600000 8.7646565232e+00 5.1337271526e-15 0.0000000000e+00 5.1337271526e-15 8.7646565232e+00 0.0000000000e+00 0.0000000000e+00 0.0000000000e+00 -2.3701017715e+02
319.04800000 8.7806807560e+00 5.1337271526e-15 0.0000000000e+00 5.1337271526e-15 8.7806807560e+00 0.0000000000e+00 0.0000000000e+00 0.0000000000e+00 -2.3478678778e+02
319.20000000 8.7967149695e+00 5.2941561261e-15 0.0000000000e+00 5.2941561261e-15 8.7967149695e+00 0.0000000000e+00 0.0000000000e+00 0.0000000000e+00 -2.3249753435e+02
319.35200000 8.8127592573e+00 5.2941561261e-15 0.0000000000e+00 5.2941561261e-15 8.8127592573e+00 0.0000000000e+00 0.0000000000e+00 0.0000000000e+00 -2.3015501188e+02
319.50400000 8.8288137131e+00 5.2941561261e-15 0.0000000000e+00 5.2941561261e-15 8.8288137131e+00 0.0000000000e+00 0.0000000000e+00 0.0000000000e+00 -2.2777042975e+02
319.65600000 8.8448784310e+00 5.2941561261e-15 0.0000000000e+00 5.2941561261e-15 8.8448784310e+00 0.0000000000e+00 0.0000000000e+00 0.0000000000e+00 -2.2535374349e+02
319.80800000 8.8609535054e+00 5.2941561261e-15 0.0000000000e+00 5.2941561261e-15 8.8609535054e+00 0.0000000000e+00 0.0000000000e+00 0.0000000000e+00 -2.2291377628e+02
319.96000000 8.8770390308e+00 5.2941561261e-15 0.0000000000e+00 5.2941561261e-15 8.8770390308e+00 0.0000000000e+00 0.0000000000e+00 0.0000000000e+00 -2.2045833070e+02
320.11200000 8.8931351020e+00 5.2941561261e-15 0.0000000000e+00 5.2941561261e-15 8.8931351020e+00 0.0000000000e+00 0.0000000000e+00 0.0000000000e+00 -2.1799429098e+02
320.26400000 8.9092418139e+00 5.2941561261e-15 0.0000000000e+00 5.2941561261e-15 8.9092418139e+00 0.0000000000e+00 0.0000000000e+00 0.0000000000e+00 -2.1552771620e+02
320.41600000 8.9253592620e+00 5.2941561261e-15 0.0000000000e+00 5.2941561261e-15 8.9253592620e+00 0.0000000000e+00 0.0000000000e+00 0.0000000000e+00 -2.1306392512e+02
320.56800000 8.9414875418e+00 5.2941561261e-15 0.0000000000e+00 5.2941561261e-15 8.9414875418e+00 0.0000000000e+00 0.0000000000e+00 0.0000000000e+00 -2.1060757311e+02
320.72000000 8.9576267489e+00 5.2941561261e-15 0.0000000000e+00 5.2941561261e-15 8.9576267489e+00 0.0000000000e+00 0.0000000000e+00 0.0000000000e+00 -2.0816272171e+02
320.87200000 8.9737769795e+00 5.2941561261e-15 0.0000000000e+00 5.2941561261e-15 8.9737769795e+00 0.0000000000e+00 0.0000000000e+00 0.0000000000e+00 -2.0573290156e+02
321.02400000 8.9899383299e+00 5.2941561261e-15 0.0000000000e+00 5.2941561261e-15 8.9899383299e+00 0.0000000000e+00 0.0000000000e+00 0.0000000000e+00 -2.0332116912e+02
321.17600000 9.0061108967e+00 5.2941561261e-15 0.0000000000e+00 5.2941561261e-15 9.0061108967e+00 0.0000000000e+00 0.0000000000e+00 0.0000000000e+00 -2.0093015775e+02
321.32800000 9.0222947765e+00 5.2941561261e-15 0.0000000000e+00 5.2941561261e-15 9.0222947765e+00 0.0000000000e+00 0.0000000000e+00 0.0000000000e+00 -1.9856212365e+02
321.48000000 9.0384900666e+00 5.2941561261e-15 0.0000000000e+00 5.2941561261e-15 9.0384900666e+00 0.0000000000e+00 0.0000000000e+00 0.0000000000e+00 -1.9621898719e+02
321.63200000 9.0546968642e+00 5.2941561261e-15 0.0000000000e+00 5.2941561261e-15 9.0546968642e+00 0.0000000000e+00 0.0000000000e+00 0.0000000000e+00 -1.9390236995e+02
321.78400000 9.0709152670e+00 5.2941561261e-15 0.0000000000e+00 5.2941561261e-15 9.0709152670e+00 0.0000000000e+00 0.0000000000e+00 0.0000000000e+00 -1.9161362800e+02
321.93600000 9.0871453728e+00 5.2941561261e-15 0.0000000000e+00 5.2941561261e-15 9.0871453728e+00 0.0000000000e+00 0.0000000000e+00 0.0000000000e+00 -1.8935388167e+02
322.08800000 9.1033872799e+00 5.2941561261e-15 0.0000000000e+00 5.2941561261e-15 9.1033872799e+00 0.0000000000e+00 0.0000000000e+00 0.0000000000e+00 -1.8712404231e+02
322.24000000 9.1196410865e+00 5.2941561261e-15 0.0000000000e+00 5.2941561261e-15 9.1196410865e+00 0.0000000000e+00 0.0000000000e+00 0.0000000000e+00 -1.8492483615e+02
322.39200000 9.1359068914e+00 5.2941561261e-15 0.0000000000e+00 5.2941561261e-15 9.1359068914e+00 0.0000000000e+00 0.0000000000e+00 0.0000000000e+00 -1.8275682569e+02
322.54400000 9.1521847936e+00 5.2941561261e-15 0.0000000000e+00 5.2941561261e-15 9.1521847936e+00 0.0000000000e+00 0.0000000000e+00 0.0000000000e+00 -1.8062042887e+02
322.69600000 9.1684748922e+00 5.2941561261e-15 0.0000000000e+00 5.2941561261e-15 9.1684748922e+00 0.0000000000e+00 0.0000000000e+00 0.0000000000e+00 -1.7851593613e+02
322.84800000 9.1847772870e+00 5.2941561261e-15 0.0000000000e+00 5.2941561261e-15 9.1847772870e+00 0.0000000000e+00 0.0000000000e+00 0.0000000000e+00 -1.7644352571e+02
323.00000000 9.2010920776e+00 5.2941561261e-15 0.0000000000e+00 5.2941561261e-15 9.2010920776e+00 0.0000000000e+00 0.0000000000e+00 0.0000000000e+00 -1.7440327728e+02
323.15200000 9.2174193641e+00 5.2941561261e-15 0.0000000000e+00 5.2941561261e-15 9.2174193641e+00 0.0000000000e+00 0.0000000000e+00 0.0000000000e+00 -1.7239518417e+02
323.30400000 9.2337592470e+00 5.2941561261e-15 0.0000000000e+00 5.2941561261e-15 9.2337592470e+00 0.0000000000e+00 0.0000000000e+00 0.0000000000e+00 -1.7041916419e+02
323.45600000 9.2501118269e+00 5.2941561261e-15 0.0000000000e+00 5.2941561261e-15 9.2501118269e+00 0.0000000000e+00 0.0000000000e+00 0.0000000000e+00 -1.6847506938e+02
323.60800000 9.2664772048e+00 5.2941561261e-15 0.0000000000e+00 5.2941561261e-15 9.2664772048e+00 0.0000000000e+00 0.0000000000e+00 0.0000000000e+00 -1.6656269463e+02
323.76000000 9.2828554819e+00 5.2941561261e-15 0.0000000000e+00 5.2941561261e-15 9.2828554819e+00 0.0000000000e+00 0.0000000000e+00 0.0000000000e+00 -1.6468178537e+02
323.91200000 9.2992467599e+00 5.2941561261e-15 0.0000000000e+00 5.2941561261e-15 9.2992467599e+00 0.0000000000e+00 0.0000000000e+00 0.0000000000e+00 -1.6283204451e+02
324.06400000 9.3156511405e+00 5.2941561261e-15 0.0000000000e+00 5.2941561261e-15 9.3156511405e+00 0.0000000000e+00 0.0000000000e+00 0.0000000000e+00 -1.6101313845e+02
324.21600000 9.3320687259e+00 5.4545850996e-15 0.0000000000e+00 5.4545850996e-15 9.3320687259e+00 0.0000000000e+00 0.0000000000e+00 0.0000000000e+00 -1.5922470262e+02
324.36800000 9.3484996185e+00 5.4545850996e-15 0.0000000000e+00 5.4545850996e-15 9.3484996185e+00 0.0000000000e+00 0.0000000000e+00 0.0000000000e+00 -1.5746634622e+02
324.52000000 9.3649439213e+00 5.2941561261e-15 0.0000000000e+00 5.2941561261e-15 9.3649439213e+00 0.0000000000e+00 0.0000000000e+00 0.0000000000e+00 -1.5573765659e+02
324.67200000 9.3814017371e+00 5.2941561261e-15 0.0000000000e+00 5.2941561261e-15 9.3814017371e+00 0.0000000000e+00 0.0000000000e+00 0.0000000000e+00 -1.5403820298e+02
324.82400000 9.3978731695e+00 5.2941561261e-15 0.0000000000e+00 5.2941561261e-15 9.3978731695e+00 0.0000000000e+00 0.0000000000e+00 0.0000000000e+00 -1.5236753995e+02
324.97600000 9.4143583220e+00 5.2941561261e-15 0.0000000000e+00 5.2941561261e-15 9.4143583220e+00 0.0000000000e+00 0.0000000000e+00 0.0000000000e+00 -1.5072521033e+02
325.12800000 9.4308572988e+00 5.2941561261e-15 0.0000000000e+00 5.2941561261e-15 9.4308572988e+00 0.0000000000e+00 0.0000000000e+00 0.0000000000e+00 -1.4911074791e+02
325.28000000 9.4473702041e+00 5.4545850996e-15 0.0000000000e+00 5.4545850996e-15 9.4473702041e+00 0.0000000000e+00 0.0000000000e+00 0.0000000000e+00 -1.4752367976e+02
325.43200000 9.4638971426e+00 5.4545850996e-15 0.0000000000e+00 5.4545850996e-15 9.4638971426e+00 0.0000000000e+00 0.0000000000e+00 0.0000000000e+00 -1.4596352828e+02
325.58400000 9.4804382193e+00 5.2941561261e-15 0.0000000000e+00 5.2941561261e-15 9.4804382193e+00 0.0000000000e+00 0.0000000000e+00 0.0000000000e+00 -1.4442981304e+02
325.73600000 9.4969935394e+00 5.2941561261e-15 0.0000000000e+00 5.2941561261e-15 9.4969935394e+00 0.0000000000e+00 0.0000000000e+00 0.0000000000e+00 -1.4292205236e+02
325.88800000 9.5135632086e+00 5.4545850996e-15 0.0000000000e+00 5.4545850996e-15 9.5135632086e+00 0.0000000000e+00 0.0000000000e+00 0.0000000000e+00 -1.4143976472e+02
326.04000000 9.5301473329e+00 5.4545850996e-15 0.0000000000e+00 5.4545850996e-15 9.5301473329e+00 0.0000000000e+00 0.0000000000e+00 0.0000000000e+00 -1.3998246998e+02
326.19200000 9.5467460185e+00 5.4545850996e-15 0.0000000000e+00 5.4545850996e-15 9.5467460185e+00 0.0000000000e+00 0.0000000000e+00 0.0000000000e+00 -1.3854969042e+02
326.34400000 9.5633593720e+00 5.4545850996e-15 0.0000000000e+00 5.4545850996e-15 9.5633593720e+00 0.0000000000e+00 0.0000000000e+00 0.0000000000e+00 -1.3714095172e+02
326.49600000 9.5799875003e+00 5.2941561261e-15 0.0000000000e+00 5.2941561261e-15 9.5799875003e+00 0.0000000000e+00 0.0000000000e+00 0.0000000000e+00 -1.3575578371e+02
326.64800000 9.5966305109e+00 5.4545850996e-15 0.0000000000e+00 5.4545850996e-15 9.5966305109e+00 0.0000000000e+00 0.0000000000e+00 0.0000000000e+00 -1.3439372110e+02
326.80000000 9.6132885113e+00 5.4545850996e-15 0.0000000000e+00 5.4545850996e-15 9.6132885113e+00 0.0000000000e+00 0.0000000000e+00 0.0000000000e+00 -1.3305430403e+02
326.95200000 9.6299616095e+00 5.2941561261e-15 0.0000000000e+00 5.2941561261e-15 9.6299616095e+00 0.0000000000e+00 0.0000000000e+00 0.0000000000e+00 -1.3173707859e+02
327.10400000 9.6466499138e+00 5.2941561261e-15 0.0000000000e+00 5.2941561261e-15 9.6466499138e+00 0.0000000000e+00 0.0000000000e+00 0.0000000000e+00 -1.3044159727e+02
327.25600000 9.6633535329e+00 5.4545850996e-15 0.0000000000e+00 5.4545850996e-15 9.6633535329e+00 0.0000000000e+00 0.0000000000e+00 0.0000000000e+00 -1.2916741925e+02
327.40800000 9.6800725759e+00 5.4545850996e-15 0.0000000000e+00 5.4545850996e-15 9.6800725759e+00 0.0000000000e+00 0.0000000000e+00 0.0000000000e+00 -1.2791411077e+02
327.56000000 9.6968071521e+00 5.4545850996e-15 0.0000000000e+00 5.4545850996e-15 9.6968071521e+00 0.0000000000e+00 0.0000000000e+00 0.0000000000e+00 -1.2668124527e+02
327.71200000 9.7135573712e+00 5.4545850996e-15 0.0000000000e+00 5.4545850996e-15 9.7135573712e+00 0.0000000000e+00 0.0000000000e+00 0.0000000000e+00 -1.2546840368e+02
327.86400000 9.7303233434e+00 5.4545850996e-15 0.0000000000e+00 5.4545850996e-15 9.7303233434e+00 0.0000000000e+00 0.0000000000e+00 0.0000000000e+00 -1.2427517448e+02
328.01600000 9.7471051791e+00 5.2941561261e-15 0.0000000000e+00 5.2941561261e-15 9.7471051791e+00 0.0000000000e+00 0.0000000000e+00 0.0000000000e+00 -1.2310115383e+02
328.16800000 9.7639029891e+00 5.2941561261e-15 0.0000000000e+00 5.2941561261e-15 9.7639029891e+00 0.0000000000e+00 0.0000000000e+00 0.0000000000e+00 -1.2194594568e+02
328.32000000 9.7807168847e+00 5.2941561261e-15 0.0000000000e+00 5.2941561261e-15 9.7807168847e+00 0.0000000000e+00 0.0000000000e+00 0.0000000000e+00 -1.2080916175e+02
328.47200000 9.7975469774e+00 5.2941561261e-15 0.0000000000e+00 5.2941561261e-15 9.7975469774e+00 0.0000000000e+00 0.0000000000e+00 0.0000000000e+00 -1.1969042157e+02
328.62400000 9.8143933791e+00 5.2941561261e-15 0.0000000000e+00 5.2941561261e-15 9.8143933791e+00 0.0000000000e+00 0.0000000000e+00 0.0000000000e+00 -1.1858935247e+02
328.77600000 9.8312562021e+00 5.2941561261e-15 0.0000000000e+00 5.2941561261e-15 9.8312562021e+00 0.0000000000e+00 0.0000000000e+00 0.0000000000e+00 -1.1750558957e+02
328.92800000 9.8481355593e+00 5.2941561261e-15 0.0000000000e+00 5.2941561261e-15 9.8481355593e+00 0.0000000000e+00 0.0000000000e+00 0.0000000000e+00 -1.1643877571e+02
329.08000000 9.8650315635e+00 5.4545850996e-15 0.0000000000e+00 5.4545850996e-15 9.8650315635e+00 0.0000000000e+00 0.0000000000e+00 0.0000000000e+00 -1.1538856139e+02
329.23200000 9.8819443284e+00 5.2941561261e-15 0.0000000000e+00 5.2941561261e-15 9.8819443284e+00 0.0000000000e+00 0.0000000000e+00 0.0000000000e+00 -1.1435460471e+02
329.38400000 9.8988739676e+00 5.2941561261e-15 0.0000000000e+00 5.2941561261e-15 9.8988739676e+00 0.0000000000e+00 0.0000000000e+00 0.0000000000e+00 -1.1333657125e+02
329.53600000 9.9158205955e+00 5.1337271526e-15 0.0000000000e+00 5.1337271526e-15 9.9158205955e+00 0.0000000000e+00 0.0000000000e+00 0.0000000000e+00 -1.1233413403e+02
329.68800000 9.9327843268e+00 5.2941561261e-15 0.0000000000e+00 5.2941561261e-15 9.9327843268e+00 0.0000000000e+00 0.0000000000e+00 0.0000000000e+00 -1.1134697337e+02
329.84000000 9.9497652763e+00 5.2941561261e-15 0.0000000000e+00 5.2941561261e-15 9.9497652763e+00 0.0000000000e+00 0.0000000000e+00 0.0000000000e+00 -1.1037477676e+02
329.99200000 9.9667635596e+00 5.2941561261e-15 0.0000000000e+00 5.2941561261e-15 9.9667635596e+00 0.0000000000e+00 0.0000000000e+00 0.0000000000e+00 -1.0941723880e+02
330.14400000 9.9837792924e+00 5.2941561261e-15 0.0000000000e+00 5.2941561261e-15 9.9837792924e+00 0.0000000000e+00 0.0000000000e+00 0.0000000000e+00 -1.0847406102e+02
330.29600000 1.0000812591e+01 5.2941561261e-15 0.0000000000e+00 5.2941561261e-15 1.0000812591e+01 0.0000000000e+00 0.0000000000e+00 0.0000000000e+00 -1.0754495180e+02
330.44800000 1.0017863572e+01 5.2941561261e-15 0.0000000000e+00 5.2941561261e-15 1.0017863572e+01 0.0000000000e+00 0.0000000000e+00 0.0000000000e+00 -1.0662962622e+02
330.60000000 1.0034932353e+01 5.2941561261e-15 0.0000000000e+00 5.2941561261e-15 1.0034932353e+01 0.0000000000e+00 0.0000000000e+00 0.0000000000e+00 -1.0572780593e+02
330.75200000 1.0052019050e+01 5.2941561261e-15 0.0000000000e+00 5.2941561261e-15 1.0052019050e+01 0.0000000000e+00 0.0000000000e+00 0.0000000000e+00 -1.0483921901e+02
330.90400000 1.0069123782e+01 5.2941561261e-15 0.0000000000e+00 5.2941561261e-15 1.0069123782e+01 0.0000000000e+00 0.0000000000e+00 0.0000000000e+00 -1.0396359988e+02
331.05600000 1.0086246667e+01 5.4545850996e-15 0.0000000000e+00 5.4545850996e-15 1.0086246667e+01 0.0000000000e+00 0.0000000000e+00 0.0000000000e+00 -1.0310068911e+02
331.20800000 1.0103387825e+01 5.2941561261e-15 0.0000000000e+00 5.2941561261e-15 1.0103387825e+01 0.0000000000e+00 0.0000000000e+00 0.0000000000e+00 -1.0225023333e+02
331.36000000 1.0120547373e+01 5.2941561261e-15 0.0000000000e+00 5.2941561261e-15 1.0120547373e+01 0.0000000000e+00 0.0000000000e+00 0.0000000000e+00 -1.0141198506e+02
331.51200000 1.0137725431e+01 5.2941561261e-15 0.0000000000e+00 5.2941561261e-15 1.0137725431e+01 0.0000000000e+00 0.0000000000e+00 0.0000000000e+00 -1.0058570261e+02
331.66400000 1.0154922120e+01 5.2941561261e-15 0.0000000000e+00 5.2941561261e-15 1.0154922120e+01 0.0000000000e+00 0.0000000000e+00 0.0000000000e+00 -9.9771149938e+01
331.81600000 1.0172137560e+01 5.2941561261e-15 0.0000000000e+00 5.2941561261e-15 1.0172137560e+01 0.0000000000e+00 0.0000000000e+00 0.0000000000e+00 -9.8968096513e+01
331.96800000 1.0189371872e+01 5.2941561261e-15 0.0000000000e+00 5.2941561261e-15 1.0189371872e+01 0.0000000000e+00 0.0000000000e+00 0.0000000000e+00 -9.8176317190e+01
332.12000000 1.0206625177e+01 5.2941561261e-15 0.0000000000e+00 5.2941561261e-15 1.0206625177e+01 0.0000000000e+00 0.0000000000e+00 0.0000000000e+00 -9.7395592087e+01
332.27200000 1.0223897597e+01 5.4545850996e-15 0.0000000000e+00 5.4545850996e-15 1.0223897597e+01 0.0000000000e+00 0.0000000000e+00 0.0000000000e+00 -9.6625706453e+01
332.42400000 1.0241189254e+01 5.2941561261e-15 0.0000000000e+00 5.2941561261e-15 1.0241189254e+01 0.0000000000e+00 0.0000000000e+00 0.0000000000e+00 -9.5866450548e+01
332.57600000 1.0258500270e+01 5.2941561261e-15 0.0000000000e+00 5.2941561261e-15 1.0258500270e+01 0.0000000000e+00 0.0000000000e+00 0.0000000000e+00 -9.5117619521e+01
332.72800000 1.0275830770e+01 5.2941561261e-15 0.0000000000e+00 5.2941561261e-15 1.0275830770e+01 0.0000000000e+00 0.0000000000e+00 0.0000000000e+00 -9.4379013290e+01
332.88000000 1.0293180875e+01 5.2941561261e-15 0.0000000000e+00 5.2941561261e-15 1.0293180875e+01 0.0000000000e+00 0.0000000000e+00 0.0000000000e+00 -9.3650436426e+01
333.03200000 1.0310550711e+01 5.2941561261e-15 0.0000000000e+00 5.2941561261e-15 1.0310550711e+01 0.0000000000e+00 0.0000000000e+00 0.0000000000e+00 -9.2931698035e+01
333.18400000 1.0327940403e+01 5.4545850996e-15 0.0000000000e+00 5.4545850996e-15 1.0327940403e+01 0.0000000000e+00 0.0000000000e+00 0.0000000000e+00 -9.2222611649e+01
333.33600000 1.0345350073e+01 5.4545850996e-15 0.0000000000e+00 5.4545850996e-15 1.0345350073e+01 0.0000000000e+00 0.0000000000e+00 0.0000000000e+00 -9.1522995112e+01
333.48800000 1.0362779850e+01 5.4545850996e-15 0.0000000000e+00 5.4545850996e-15 1.0362779850e+01 0.0000000000e+00 0.0000000000e+00 0.0000000000e+00 -9.0832670474e+01
333.64000000 1.0380229857e+01 5.2941561261e-15 0.0000000000e+00 5.2941561261e-15 1.0380229857e+01 0.0000000000e+00 0.0000000000e+00 0.0000000000e+00 -9.0151463884e+01
333.79200000 1.0397700222e+01 5.2941561261e-15 0.0000000000e+00 5.2941561261e-15 1.0397700222e+01 0.0000000000e+00 0.0000000000e+00 0.0000000000e+00 -8.9479205488e+01
333.94400000 1.0415191071e+01 5.4545850996e-15 0.0000000000e+00 5.4545850996e-15 1.0415191071e+01 0.0000000000e+00 0.0000000000e+00 0.0000000000e+00 -8.8815729326e+01
334.09600000 1.0432702532e+01 5.2941561261e-15 0.0000000000e+00 5.2941561261e-15 1.0432702532e+01 0.0000000000e+00 0.0000000000e+00 0.0000000000e+00 -8.8160873236e+01
334.24800000 1.0450234732e+01 5.2941561261e-15 0.0000000000e+00 5.2941561261e-15 1.0450234732e+01 0.0000000000e+00 0.0000000000e+00 0.0000000000e+00 -8.7514478754e+01
334.40000000 1.0467787800e+01 5.4545850996e-15 0.0000000000e+00 5.4545850996e-15 1.0467787800e+01 0.0000000000e+00 0.0000000000e+00 0.0000000000e+00 -8.6876391023e+01
334.55200000 1.0485361865e+01 5.2941561261e-15 0.0000000000e+00 5.2941561261e-15 1.0485361865e+01 0.0000000000e+00 0.0000000000e+00 0.0000000000e+00 -8.6246458701e+01
334.70400000 1.0502957056e+01 5.4545850996e-15 0.0000000000e+00 5.4545850996e-15 1.0502957056e+01 0.0000000000e+00 0.0000000000e+00 0.0000000000e+00 -8.5624533870e+01
334.85600000 1.0520573503e+01 5.4545850996e-15 0.0000000000e+00 5.4545850996e-15 1.0520573503e+01 0.0000000000e+00 0.0000000000e+00 0.0000000000e+00 -8.5010471947e+01
335.00800000 1.0538211335e+01 5.4545850996e-15 0.0000000000e+00 5.4545850996e-15 1.0538211335e+01 0.0000000000e+00 0.0000000000e+00 0.0000000000e+00 -8.4404131604e+01
335.16000000 1.0555870685e+01 5.4545850996e-15 0.0000000000e+00 5.4545850996e-15 1.0555870685e+01 0.0000000000e+00 0.0000000000e+00 0.0000000000e+00 -8.3805374683e+01
335.31200000 1.0573551682e+01 5.4545850996e-15 0.0000000000e+00 5.4545850996e-15 1.0573551682e+01 0.0000000000e+00 0.0000000000e+00 0.0000000000e+00 -8.3214066112e+01
335.46400000 1.0591254460e+01 5.4545850996e-15 0.0000000000e+00 5.4545850996e-15 1.0591254460e+01 0.0000000000e+00 0.0000000000e+00 0.0000000000e+00 -8.2630073830e+01
335.61600000 1.0608979150e+01 5.4545850996e-15 0.0000000000e+00 5.4545850996e-15 1.0608979150e+01 0.0000000000e+00 0.0000000000e+00 0.0000000000e+00 -8.2053268710e+01
335.76800000 1.0626725885e+01 5.4545850996e-15 0.0000000000e+00 5.4545850996e-15 1.0626725885e+01 0.0000000000e+00 0.0000000000e+00 0.0000000000e+00 -8.1483524483e+01
335.92000000 1.0644494799e+01 5.4545850996e-15 0.0000000000e+00 5.4545850996e-15 1.0644494799e+01 0.0000000000e+00 0.0000000000e+00 0.0000000000e+00 -8.0920717667e+01
336.07200000 1.0662286025e+01 5.4545850996e-15 0.0000000000e+00 5.4545850996e-15 1.0662286025e+01 0.0000000000e+00 0.0000000000e+00 0.0000000000e+00 -8.0364727492e+01
336.22400000 1.0680099698e+01 5.4545850996e-15 0.0000000000e+00 5.4545850996e-15 1.0680099698e+01 0.0000000000e+00 0.0000000000e+00 0.0000000000e+00 -7.9815435839e+01
336.37600000 1.0697935954e+01 5.4545850996e-15 0.0000000000e+00 5.4545850996e-15 1.0697935954e+01 0.0000000000e+00 0.0000000000e+00 0.0000000000e+00 -7.9272727165e+01
336.52800000 1.0715794927e+01 5.4545850996e-15 0.0000000000e+00 5.4545850996e-15 1.0715794927e+01 0.0000000000e+00 0.0000000000e+00 0.0000000000e+00 -7.8736488443e+01
336.68000000 1.0733676754e+01 5.4545850996e-15 0.0000000000e+00 5.4545850996e-15 1.0733676754e+01 0.0000000000e+00 0.0000000000e+00 0.0000000000e+00 -7.8206609095e+01
336.83200000 1.0751581571e+01 5.4545850996e-15 0.0000000000e+00 5.4545850996e-15 1.0751581571e+01 0.0000000000e+00 0.0000000000e+00 0.0000000000e+00 -7.7682980934e+01
336.98400000 1.0769509516e+01 5.6150140731e-15 0.0000000000e+00 5.6150140731e-15 1.0769509516e+01 0.0000000000e+00 0.0000000000e+00 0.0000000000e+00 -7.7165498100e+01
337.13600000 1.0787460726e+01 5.4545850996e-15 0.0000000000e+00 5.4545850996e-15 1.0787460726e+01 0.0000000000e+00 0.0000000000e+00 0.0000000000e+00 -7.6654057005e+01
337.28800000 1.0805435340e+01 5.4545850996e-15 0.0000000000e+00 5.4545850996e-15 1.0805435340e+01 0.0000000000e+00 0.0000000000e+00 0.0000000000e+00 -7.6148556272e+01
337.44000000 1.0823433496e+01 5.4545850996e-15 0.0000000000e+00 5.4545850996e-15 1.0823433496e+01 0.0000000000e+00 0.0000000000e+00 0.0000000000e+00 -7.5648896686e+01
337.59200000 1.0841455335e+01 5.6150140731e-15 0.0000000000e+00 5.6150140731e-15 1.0841455335e+01 0.0000000000e+00 0.0000000000e+00 0.0000000000e+00 -7.5154981133e+01
337.74400000 1.0859500995e+01 5.4545850996e-15 0.0000000000e+00 5.4545850996e-15 1.0859500995e+01 0.0000000000e+00 0.0000000000e+00 0.0000000000e+00 -7.4666714552e+01
337.89600000 1.0877570618e+01 5.4545850996e-15 0.0000000000e+00 5.4545850996e-15 1.0877570618e+01 0.0000000000e+00 0.0000000000e+00 0.0000000000e+00 -7.4184003884e+01
338.04800000 1.0895664344e+01 5.4545850996e-15 0.0000000000e+00 5.4545850996e-15 1.0895664344e+01 0.0000000000e+00 0.0000000000e+00 0.0000000000e+00 -7.3706758020e+01
338.20000000 1.0913782317e+01 5.6150140731e-15 0.0000000000e+00 5.6150140731e-15 1.0913782317e+01 0.0000000000e+00 0.0000000000e+00 0.0000000000e+00 -7.3234887756e+01
338.35200000 1.0931924677e+01 5.4545850996e-15 0.0000000000e+00 5.4545850996e-15 1.0931924677e+01 0.0000000000e+00 0.0000000000e+00 0.0000000000e+00 -7.2768305742e+01
338.50400000 1.0950091568e+01 5.6150140731e-15 0.0000000000e+00 5.6150140731e-15 1.0950091568e+01 0.0000000000e+00 0.0000000000e+00 0.0000000000e+00 -7.2306926441e+01
338.65600000 1.0968283133e+01 5.4545850996e-15 0.0000000000e+00 5.4545850996e-15 1.0968283133e+01 0.0000000000e+00 0.0000000000e+00 0.0000000000e+00 -7.1850666081e+01
338.80800000 1.0986499517e+01 5.4545850996e-15 0.0000000000e+00 5.4545850996e-15 1.0986499517e+01 0.0000000000e+00 0.0000000000e+00 0.0000000000e+00 -7.1399442614e+01
338.96000000 1.1004740864e+01 5.6150140731e-15 0.0000000000e+00 5.6150140731e-15 1.1004740864e+01 0.0000000000e+00 0.0000000000e+00 0.0000000000e+00 -7.0953175673e+01
339.11200000 1.1023007320e+01 5.4545850996e-15 0.0000000000e+00 5.4545850996e-15 1.1023007320e+01 0.0000000000e+00 0.0000000000e+00 0.0000000000e+00 -7.0511786531e+01
339.26400000 1.1041299030e+01 5.4545850996e-15 0.0000000000e+00 5.4545850996e-15 1.1041299030e+01 0.0000000000e+00 0.0000000000e+00 0.0000000000e+00 -7.0075198063e+01
339.41600000 1.1059616142e+01 5.4545850996e-15 0.0000000000e+00 5.4545850996e-15 1.1059616142e+01 0.0000000000e+00 0.0000000000e+00 0.0000000000e+00 -6.9643334703e+01
339.56800000 1.1077958802e+01 5.6150140731e-15 0.0000000000e+00 5.6150140731e-15 1.1077958802e+01 0.0000000000e+00 0.0000000000e+00 0.0000000000e+00 -6.9216122412e+01
339.72000000 1.1096327159e+01 5.6150140731e-15 0.0000000000e+00 5.6150140731e-15 1.1096327159e+01 0.0000000000e+00 0.0000000000e+00 0.0000000000e+00 -6.8793488639e+01
339.87200000 1.1114721361e+01 5.4545850996e-15 0.0000000000e+00 5.4545850996e-15 1.1114721361e+01 0.0000000000e+00 0.0000000000e+00 0.0000000000e+00 -6.8375362282e+01
340.02400000 1.1133141556e+01 5.6150140731e-15 0.0000000000e+00 5.6150140731e-15 1.1133141556e+01 0.0000000000e+00 0.0000000000e+00 0.0000000000e+00 -6.7961673659e+01
340.17600000 1.1151587895e+01 5.6150140731e-15 0.0000000000e+00 5.6150140731e-15 1.1151587895e+01 0.0000000000e+00 0.0000000000e+00 0.0000000000e+00 -6.7552354472e+01
340.32800000 1.1170060529e+01 5.4545850996e-15 0.0000000000e+00 5.4545850996e-15 1.1170060529e+01 0.0000000000e+00 0.0000000000e+00 0.0000000000e+00 -6.7147337772e+01
340.48000000 1.1188559607e+01 5.2941561261e-15 0.0000000000e+00 5.2941561261e-15 1.1188559607e+01 0.0000000000e+00 0.0000000000e+00 0.0000000000e+00 -6.6746557930e+01
340.63200000 1.1207085283e+01 5.6150140731e-15 0.0000000000e+00 5.6150140731e-15 1.1207085283e+01 0.0000000000e+00 0.0000000000e+00 0.0000000000e+00 -6.6349950604e+01
340.78400000 1.1225637708e+01 5.4545850996e-15 0.0000000000e+00 5.4545850996e-15 1.1225637708e+01 0.0000000000e+00 0.0000000000e+00 0.0000000000e+00 -6.5957452712e+01
340.93600000 1.1244217035e+01 5.6150140731e-15 0.0000000000e+00 5.6150140731e-15 1.1244217035e+01 0.0000000000e+00 0.0000000000e+00 0.0000000000e+00 -6.5569002397e+01
341.08800000 1.1262823418e+01 5.4545850996e-15 0.0000000000e+00 5.4545850996e-15 1.1262823418e+01 0.0000000000e+00 0.0000000000e+00 0.0000000000e+00 -6.5184539003e+01
341.24000000 1.1281457012e+01 5.6150140731e-15 0.0000000000e+00 5.6150140731e-15 1.1281457012e+01 0.0000000000e+00 0.0000000000e+00 0.0000000000e+00 -6.4804003046e+01
341.39200000 1.1300117972e+01 5.4545850996e-15 0.0000000000e+00 5.4545850996e-15 1.1300117972e+01 0.0000000000e+00 0.0000000000e+00 0.0000000000e+00 -6.4427336185e+01
341.54400000 1.1318806453e+01 5.4545850996e-15 0.0000000000e+00 5.4545850996e-15 1.1318806453e+01 0.0000000000e+00 0.0000000000e+00 0.0000000000e+00 -6.4054481198e+01
341.69600000 1.1337522611e+01 5.2941561261e-15 0.0000000000e+00 5.2941561261e-15 1.1337522611e+01 0.0000000000e+00 0.0000000000e+00 0.0000000000e+00 -6.3685381956e+01
341.84800000 1.1356266605e+01 5.4545850996e-15 0.0000000000e+00 5.4545850996e-15 1.1356266605e+01 0.0000000000e+00 0.0000000000e+00 0.0000000000e+00 -6.3319983394e+01
342.00000000 1.1375038591e+01 5.4545850996e-15 0.0000000000e+00 5.4545850996e-15 1.1375038591e+01 0.0000000000e+00 0.0000000000e+00 0.0000000000e+00 -6.2958231494e+01
342.15200000 1.1393838729e+01 5.4545850996e-15 0.0000000000e+00 5.4545850996e-15 1.1393838729e+01 0.0000000000e+00 0.0000000000e+00 0.0000000000e+00 -6.2600073253e+01
342.30400000 1.1412667177e+01 5.4545850996e-15 0.0000000000e+00 5.4545850996e-15 1.1412667177e+01 0.0000000000e+00 0.0000000000e+00 0.0000000000e+00 -6.2245456666e+01
342.45600000 1.1431524096e+01 5.2941561261e-15 0.0000000000e+00 5.2941561261e-15 1.1431524096e+01 0.0000000000e+00 0.0000000000e+00 0.0000000000e+00 -6.1894330701e+01
342.60800000 1.1450409646e+01 5.4545850996e-15 0.0000000000e+00 5.4545850996e-15 1.1450409646e+01 0.0000000000e+00 0.0000000000e+00 0.0000000000e+00 -6.1546645277e+01
342.76000000 1.1469323988e+01 5.4545850996e-15 0.0000000000e+00 5.4545850996e-15 1.1469323988e+01 0.0000000000e+00 0.0000000000e+00 0.0000000000e+00 -6.1202351241e+01
342.91200000 1.1488267286e+01 5.4545850996e-15 0.0000000000e+00 5.4545850996e-15 1.1488267286e+01 0.0000000000e+00 0.0000000000e+00 0.0000000000e+00 -6.0861400353e+01
343.06400000 1.1507239701e+01 5.4545850996e-15 0.0000000000e+00 5.4545850996e-15 1.1507239701e+01 0.0000000000e+00 0.0000000000e+00 0.0000000000e+00 -6.0523745259e+01
343.21600000 1.1526241398e+01 5.4545850996e-15 0.0000000000e+00 5.4545850996e-15 1.1526241398e+01 0.0000000000e+00 0.0000000000e+00 0.0000000000e+00 -6.0189339473e+01
343.36800000 1.1545272540e+01 5.6150140731e-15 0.0000000000e+00 5.6150140731e-15 1.1545272540e+01 0.0000000000e+00 0.0000000000e+00 0.0000000000e+00 -5.9858137360e+01
343.52000000 1.1564333293e+01 5.4545850996e-15 0.0000000000e+00 5.4545850996e-15 1.1564333293e+01 0.0000000000e+00 0.0000000000e+00 0.0000000000e+00 -5.9530094118e+01
343.67200000 1.1583423823e+01 5.4545850996e-15 0.0000000000e+00 5.4545850996e-15 1.1583423823e+01 0.0000000000e+00 0.0000000000e+00 0.0000000000e+00 -5.9205165753e+01
343.82400000 1.1602544296e+01 5.4545850996e-15 0.0000000000e+00 5.4545850996e-15 1.1602544296e+01 0.0000000000e+00 0.0000000000e+00 0.0000000000e+00 -5.8883309069e+01
343.97600000 1.1621694880e+01 5.4545850996e-15 0.0000000000e+00 5.4545850996e-15 1.1621694880e+01 0.0000000000e+00 0.0000000000e+00 0.0000000000e+00 -5.8564481646e+01
344.12800000 1.1640875743e+01 5.4545850996e-15 0.0000000000e+00 5.4545850996e-15 1.1640875743e+01 0.0000000000e+00 0.0000000000e+00 0.0000000000e+00 -5.8248641825e+01
344.28000000 1.1660087053e+01 5.4545850996e-15 0.0000000000e+00 5.4545850996e-15 1.1660087053e+01 0.0000000000e+00 0.0000000000e+00 0.0000000000e+00 -5.7935748691e+01
344.43200000 1.1679328982e+01 5.4545850996e-15 0.0000000000e+00 5.4545850996e-15 1.1679328982e+01 0.0000000000e+00 0.0000000000e+00 0.0000000000e+00 -5.7625762055e+01
344.58400000 1.1698601698e+01 5.4545850996e-15 0.0000000000e+00 5.4545850996e-15 1.1698601698e+01 0.0000000000e+00 0.0000000000e+00 0.0000000000e+00 -5.7318642443e+01
344.73600000 1.1717905374e+01 5.4545850996e-15 0.0000000000e+00 5.4545850996e-15 1.1717905374e+01 0.0000000000e+00 0.0000000000e+00 0.0000000000e+00 -5.7014351074e+01
344.88800000 1.1737240182e+01 5.4545850996e-15 0.0000000000e+00 5.4545850996e-15 1.1737240182e+01 0.0000000000e+00 0.0000000000e+00 0.0000000000e+00 -5.6712849852e+01
345.04000000 1.1756606294e+01 5.6150140731e-15 0.0000000000e+00 5.6150140731e-15 1.1756606294e+01 0.0000000000e+00 0.0000000000e+00 0.0000000000e+00 -5.6414101346e+01
345.19200000 1.1776003885e+01 5.4545850996e-15 0.0000000000e+00 5.4545850996e-15 1.1776003885e+01 0.0000000000e+00 0.0000000000e+00 0.0000000000e+00 -5.6118068780e+01
345.34400000 1.1795433128e+01 5.6150140731e-15 0.0000000000e+00 5.6150140731e-15 1.1795433128e+01 0.0000000000e+00 0.0000000000e+00 0.0000000000e+00 -5.5824716016e+01
345.49600000 1.1814894200e+01 5.4545850996e-15 0.0000000000e+00 5.4545850996e-15 1.1814894200e+01 0.0000000000e+00 0.0000000000e+00 0.0000000000e+00 -5.5534007542e+01
345.64800000 1.1834387276e+01 5.4545850996e-15 0.0000000000e+00 5.4545850996e-15 1.1834387276e+01 0.0000000000e+00 0.0000000000e+00 0.0000000000e+00 -5.5245908458e+01
345.80000000 1.1853912534e+01 5.6150140731e-15 0.0000000000e+00 5.6150140731e-15 1.1853912534e+01 0.0000000000e+00 0.0000000000e+00 0.0000000000e+00 -5.4960384463e+01
345.95200000 1.1873470152e+01 5.6150140731e-15 0.0000000000e+00 5.6150140731e-15 1.1873470152e+01 0.0000000000e+00 0.0000000000e+00 0.0000000000e+00 -5.4677401846e+01
346.10400000 1.1893060308e+01 5.6150140731e-15 0.0000000000e+00 5.6150140731e-15 1.1893060308e+01 0.0000000000e+00 0.0000000000e+00 0.0000000000e+00 -5.4396927468e+01
346.25600000 1.1912683181e+01 5.6150140731e-15 0.0000000000e+00 5.6150140731e-15 1.1912683181e+01 0.0000000000e+00 0.0000000000e+00 0.0000000000e+00 -5.4118928753e+01
346.40800000 1.1932338954e+01 5.6150140731e-15 0.0000000000e+00 5.6150140731e-15 1.1932338954e+01 0.0000000000e+00 0.0000000000e+00 0.0000000000e+00 -5.3843373679e+01
346.56000000 1.1952027805e+01 5.6150140731e-15 0.0000000000e+00 5.6150140731e-15 1.1952027805e+01 0.0000000000e+00 0.0000000000e+00 0.0000000000e+00 -5.3570230761e+01
346.71200000 1.1971749919e+01 5.4545850996e-15 0.0000000000e+00 5.4545850996e-15 1.1971749919e+01 0.0000000000e+00 0.0000000000e+00 0.0000000000e+00 -5.3299469044e+01
346.86400000 1.1991505478e+01 5.6150140731e-15 0.0000000000e+00 5.6150140731e-15 1.1991505478e+01 0.0000000000e+00 0.0000000000e+00 0.0000000000e+00 -5.3031058091e+01
347.01600000 1.2011294666e+01 5.6150140731e-15 0.0000000000e+00 5.6150140731e-15 1.2011294666e+01 0.0000000000e+00 0.0000000000e+00 0.0000000000e+00 -5.2764967972e+01
347.16800000 1.2031117668e+01 5.6150140731e-15 0.0000000000e+00 5.6150140731e-15 1.2031117668e+01 0.0000000000e+00 0.0000000000e+00 0.0000000000e+00 -5.2501169255e+01
347.32000000 1.2050974670e+01 5.6150140731e-15 0.0000000000e+00 5.6150140731e-15 1.2050974670e+01 0.0000000000e+00 0.0000000000e+00 0.0000000000e+00 -5.2239632994e+01
347.47200000 1.2070865858e+01 5.6150140731e-15 0.0000000000e+00 5.6150140731e-15 1.2070865858e+01 0.0000000000e+00 0.0000000000e+00 0.0000000000e+00 -5.1980330720e+01
347.62400000 1.2090791420e+01 5.6150140731e-15 0.0000000000e+00 5.6150140731e-15 1.2090791420e+01 0.0000000000e+00 0.0000000000e+00 0.0000000000e+00 -5.1723234433e+01
347.77600000 1.2110751545e+01 5.6150140731e-15 0.0000000000e+00 5.6150140731e-15 1.2110751545e+01 0.0000000000e+00 0.0000000000e+00 0.0000000000e+00 -5.1468316591e+01
347.92800000 1.2130746421e+01 5.6150140731e-15 0.0000000000e+00 5.6150140731e-15 1.2130746421e+01 0.0000000000e+00 0.0000000000e+00 0.0000000000e+00 -5.1215550099e+01
348.08000000 1.2150776240e+01 5.6150140731e-15 0.0000000000e+00 5.6150140731e-15 1.2150776240e+01 0.0000000000e+00 0.0000000000e+00 0.0000000000e+00 -5.0964908304e+01
348.23200000 1.2170841193e+01 5.6150140731e-15 0.0000000000e+00 5.6150140731e-15 1.2170841193e+01 0.0000000000e+00 0.0000000000e+00 0.0000000000e+00 -5.0716364985e+01
348.38400000 1.2190941472e+01 5.6150140731e-15 0.0000000000e+00 5.6150140731e-15 1.2190941472e+01 0.0000000000e+00 0.0000000000e+00 0.0000000000e+00 -5.0469894341e+01
348.53600000 1.2211077270e+01 5.6150140731e-15 0.0000000000e+00 5.6150140731e-15 1.2211077270e+01 0.0000000000e+00 0.0000000000e+00 0.0000000000e+00 -5.0225470988e+01
348.68800000 1.2231248782e+01 5.6150140731e-15 0.0000000000e+00 5.6150140731e-15 1.2231248782e+01 0.0000000000e+00 0.0000000000e+00 0.0000000000e+00 -4.9983069948e+01
348.84000000 1.2251456202e+01 5.6150140731e-15 0.0000000000e+00 5.6150140731e-15 1.2251456202e+01 0.0000000000e+00 0.0000000000e+00 0.0000000000e+00 -4.9742666641e+01
348.99200000 1.2271699727e+01 5.6150140731e-15 0.0000000000e+00 5.6150140731e-15 1.2271699727e+01 0.0000000000e+00 0.0000000000e+00 0.0000000000e+00 -4.9504236877e+01
349.14400000 1.2291979553e+01 5.6150140731e-15 0.0000000000e+00 5.6150140731e-15 1.2291979553e+01 0.0000000000e+00 0.0000000000e+00 0.0000000000e+00 -4.9267756849e+01
349.29600000 1.2312295880e+01 5.6150140731e-15 0.0000000000e+00 5.6150140731e-15 1.2312295880e+01 0.0000000000e+00 0.0000000000e+00 0.0000000000e+00 -4.9033203128e+01
349.44800000 1.2332648906e+01 5.6150140731e-15 0.0000000000e+00 5.6150140731e-15 1.2332648906e+01 0.0000000000e+00 0.0000000000e+00 0.0000000000e+00 -4.8800552650e+01
349.60000000 1.2353038831e+01 5.6150140731e-15 0.0000000000e+00 5.6150140731e-15 1.2353038831e+01 0.0000000000e+00 0.0000000000e+00 0.0000000000e+00 -4.8569782715e+01
349.75200000 1.2373465856e+01 5.6150140731e-15 0.0000000000e+00 5.6150140731e-15 1.2373465856e+01 0.0000000000e+00 0.0000000000e+00 0.0000000000e+00 -4.8340870975e+01
349.90400000 1.2393930184e+01 5.6150140731e-15 0.0000000000e+00 5.6150140731e-15 1.2393930184e+01 0.0000000000e+00 0.0000000000e+00 0.0000000000e+00 -4.8113795432e+01
350.05600000 1.2414432017e+01 5.6150140731e-15 0.0000000000e+00 5.6150140731e-15 1.2414432017e+01 0.0000000000e+00 0.0000000000e+00 0.0000000000e+00 -4.7888534427e+01
350.20800000 1.2434971560e+01 5.7754430466e-15 0.0000000000e+00 5.7754430466e-15 1.2434971560e+01 0.0000000000e+00 0.0000000000e+00 0.0000000000e+00 -4.7665066635e+01
350.36000000 1.2455549019e+01 5.7754430466e-15 0.0000000000e+00 5.7754430466e-15 1.2455549019e+01 0.0000000000e+00 0.0000000000e+00 0.0000000000e+00 -4.7443371062e+01
350.51200000 1.2476164598e+01 5.7754430466e-15 0.0000000000e+00 5.7754430466e-15 1.2476164598e+01 0.0000000000e+00 0.0000000000e+00 0.0000000000e+00 -4.7223427033e+01
350.66400000 1.2496818507e+01 5.6150140731e-15 0.0000000000e+00 5.6150140731e-15 1.2496818507e+01 0.0000000000e+00 0.0000000000e+00 0.0000000000e+00 -4.7005214190e+01
350.81600000 1.2517510953e+01 5.6150140731e-15 0.0000000000e+00 5.6150140731e-15 1.2517510953e+01 0.0000000000e+00 0.0000000000e+00 0.0000000000e+00 -4.6788712485e+01
350.96800000 1.2538242145e+01 5.7754430466e-15 0.0000000000e+00 5.7754430466e-15 1.2538242145e+01 0.0000000000e+00 0.0000000000e+00 0.0000000000e+00 -4.6573902175e+01
351.12000000 1.2559012295e+01 5.6150140731e-15 0.0000000000e+00 5.6150140731e-15 1.2559012295e+01 0.0000000000e+00 0.0000000000e+00 0.0000000000e+00 -4.6360763815e+01
351.27200000 1.2579821614e+01 5.6150140731e-15 0.0000000000e+00 5.6150140731e-15 1.2579821614e+01 0.0000000000e+00 0.0000000000e+00 0.0000000000e+00 -4.6149278250e+01
351.42400000 1.2600670314e+01 5.7754430466e-15 0.0000000000e+00 5.7754430466e-15 1.2600670314e+01 0.0000000000e+00 0.0000000000e+00 0.0000000000e+00 -4.5939426618e+01
351.57600000 1.2621558610e+01 5.6150140731e-15 0.0000000000e+00 5.6150140731e-15 1.2621558610e+01 0.0000000000e+00 0.0000000000e+00 0.0000000000e+00 -4.5731190336e+01
351.72800000 1.2642486717e+01 5.6150140731e-15 0.0000000000e+00 5.6150140731e-15 1.2642486717e+01 0.0000000000e+00 0.0000000000e+00 0.0000000000e+00 -4.5524551097e+01
351.88000000 1.2663454851e+01 5.6150140731e-15 0.0000000000e+00 5.6150140731e-15 1.2663454851e+01 0.0000000000e+00 0.0000000000e+00 0.0000000000e+00 -4.5319490869e+01
352.03200000 1.2684463228e+01 5.7754430466e-15 0.0000000000e+00 5.7754430466e-15 1.2684463228e+01 0.0000000000e+00 0.0000000000e+00 0.0000000000e+00 -4.5115991885e+01
352.18400000 1.2705512068e+01 5.7754430466e-15 0.0000000000e+00 5.7754430466e-15 1.2705512068e+01 0.0000000000e+00 0.0000000000e+00 0.0000000000e+00 -4.4914036640e+01
352.33600000 1.2726601590e+01 5.7754430466e-15 0.0000000000e+00 5.7754430466e-15 1.2726601590e+01 0.0000000000e+00 0.0000000000e+00 0.0000000000e+00 -4.4713607889e+01
352.48800000 1.2747732015e+01 5.7754430466e-15 0.0000000000e+00 5.7754430466e-15 1.2747732015e+01 0.0000000000e+00 0.0000000000e+00 0.0000000000e+00 -4.4514688637e+01
352.64000000 1.2768903564e+01 5.7754430466e-15 0.0000000000e+00 5.7754430466e-15 1.2768903564e+01 0.0000000000e+00 0.0000000000e+00 0.0000000000e+00 -4.4317262137e+01
352.79200000 1.2790116461e+01 5.7754430466e-15 0.0000000000e+00 5.7754430466e-15 1.2790116461e+01 0.0000000000e+00 0.0000000000e+00 0.0000000000e+00 -4.4121311889e+01
352.94400000 1.2811370929e+01 5.6150140731e-15 0.0000000000e+00 5.6150140731e-15 1.2811370929e+01 0.0000000000e+00 0.0000000000e+00 0.0000000000e+00 -4.3926821630e+01
353.09600000 1.2832667195e+01 5.7754430466e-15 0.0000000000e+00 5.7754430466e-15 1.2832667195e+01 0.0000000000e+00 0.0000000000e+00 0.0000000000e+00 -4.3733775332e+01
353.24800000 1.2854005484e+01 5.7754430466e-15 0.0000000000e+00 5.7754430466e-15 1.2854005484e+01 0.0000000000e+00 0.0000000000e+00 0.0000000000e+00 -4.3542157198e+01
353.40000000 1.2875386026e+01 5.7754430466e-15 0.0000000000e+00 5.7754430466e-15 1.2875386026e+01 0.0000000000e+00 0.0000000000e+00 0.0000000000e+00 -4.3351951659e+01
353.55200000 1.2896809048e+01 5.7754430466e-15 0.0000000000e+00 5.7754430466e-15 1.2896809048e+01 0.0000000000e+00 0.0000000000e+00 0.0000000000e+00 -4.3163143368e+01
353.70400000 1.2918274781e+01 5.7754430466e-15 0.0000000000e+00 5.7754430466e-15 1.2918274781e+01 0.0000000000e+00 0.0000000000e+00 0.0000000000e+00 -4.2975717197e+01
353.85600000 1.2939783457e+01 5.7754430466e-15 0.0000000000e+00 5.7754430466e-15 1.2939783457e+01 0.0000000000e+00 0.0000000000e+00 0.0000000000e+00 -4.2789658234e+01
354.00800000 1.2961335308e+01 5.7754430466e-15 0.0000000000e+00 5.7754430466e-15 1.2961335308e+01 0.0000000000e+00 0.0000000000e+00 0.0000000000e+00 -4.2604951777e+01
354.16000000 1.2982930568e+01 5.7754430466e-15 0.0000000000e+00 5.7754430466e-15 1.2982930568e+01 0.0000000000e+00 0.0000000000e+00 0.0000000000e+00 -4.2421583332e+01
354.31200000 1.3004569473e+01 5.7754430466e-15 0.0000000000e+00 5.7754430466e-15 1.3004569473e+01 0.0000000000e+00 0.0000000000e+00 0.0000000000e+00 -4.2239538610e+01
354.46400000 1.3026252259e+01 5.7754430466e-15 0.0000000000e+00 5.7754430466e-15 1.3026252259e+01 0.0000000000e+00 0.0000000000e+00 0.0000000000e+00 -4.2058803521e+01
354.61600000 1.3047979165e+01 5.7754430466e-15 0.0000000000e+00 5.7754430466e-15 1.3047979165e+01 0.0000000000e+00 0.0000000000e+00 0.0000000000e+00 -4.1879364173e+01
354.76800000 1.3069750428e+01 5.6150140731e-15 0.0000000000e+00 5.6150140731e-15 1.3069750428e+01 0.0000000000e+00 0.0000000000e+00 0.0000000000e+00 -4.1701206868e+01
354.92000000 1.3091566291e+01 5.7754430466e-15 0.0000000000e+00 5.7754430466e-15 1.3091566291e+01 0.0000000000e+00 0.0000000000e+00 0.0000000000e+00 -4.1524318097e+01
355.07200000 1.3113426994e+01 5.7754430466e-15 0.0000000000e+00 5.7754430466e-15 1.3113426994e+01 0.0000000000e+00 0.0000000000e+00 0.0000000000e+00 -4.1348684540e+01
355.22400000 1.3135332780e+01 5.9358720202e-15 0.0000000000e+00 5.9358720202e-15 1.3135332780e+01 0.0000000000e+00 0.0000000000e+00 0.0000000000e+00 -4.1174293059e+01
355.37600000 1.3157283895e+01 5.7754430466e-15 0.0000000000e+00 5.7754430466e-15 1.3157283895e+01 0.0000000000e+00 0.0000000000e+00 0.0000000000e+00 -4.1001130697e+01
355.52800000 1.3179280584e+01 5.7754430466e-15 0.0000000000e+00 5.7754430466e-15 1.3179280584e+01 0.0000000000e+00 0.0000000000e+00 0.0000000000e+00 -4.0829184676e+01
355.68000000 1.3201323093e+01 5.9358720202e-15 0.0000000000e+00 5.9358720202e-15 1.3201323093e+01 0.0000000000e+00 0.0000000000e+00 0.0000000000e+00 -4.0658442391e+01
355.83200000 1.3223411673e+01 5.9358720202e-15 0.0000000000e+00 5.9358720202e-15 1.3223411673e+01 0.0000000000e+00 0.0000000000e+00 0.0000000000e+00 -4.0488891411e+01
355.98400000 1.3245546571e+01 5.6150140731e-15 0.0000000000e+00 5.6150140731e-15 1.3245546571e+01 0.0000000000e+00 0.0000000000e+00 0.0000000000e+00 -4.0320519471e+01
356.13600000 1.3267728041e+01 5.9358720202e-15 0.0000000000e+00 5.9358720202e-15 1.3267728041e+01 0.0000000000e+00 0.0000000000e+00 0.0000000000e+00 -4.0153314475e+01
356.28800000 1.3289956334e+01 5.9358720202e-15 0.0000000000e+00 5.9358720202e-15 1.3289956334e+01 0.0000000000e+00 0.0000000000e+00 0.0000000000e+00 -3.9987264487e+01
356.44000000 1.3312231705e+01 5.7754430466e-15 0.0000000000e+00 5.7754430466e-15 1.3312231705e+01 0.0000000000e+00 0.0000000000e+00 0.0000000000e+00 -3.9822357735e+01
356.59200000 1.3334554408e+01 5.7754430466e-15 0.0000000000e+00 5.7754430466e-15 1.3334554408e+01 0.0000000000e+00 0.0000000000e+00 0.0000000000e+00 -3.9658582603e+01
356.74400000 1.3356924702e+01 5.7754430466e-15 0.0000000000e+00 5.7754430466e-15 1.3356924702e+01 0.0000000000e+00 0.0000000000e+00 0.0000000000e+00 -3.9495927630e+01
356.89600000 1.3379342844e+01 5.6150140731e-15 0.0000000000e+00 5.6150140731e-15 1.3379342844e+01 0.0000000000e+00 0.0000000000e+00 0.0000000000e+00 -3.9334381508e+01
357.04800000 1.3401809095e+01 5.7754430466e-15 0.0000000000e+00 5.7754430466e-15 1.3401809095e+01 0.0000000000e+00 0.0000000000e+00 0.0000000000e+00 -3.9173933080e+01
357.20000000 1.3424323715e+01 5.7754430466e-15 0.0000000000e+00 5.7754430466e-15 1.3424323715e+01 0.0000000000e+00 0.0000000000e+00 0.0000000000e+00 -3.9014571337e+01
357.35200000 1.3446886968e+01 5.6150140731e-15 0.0000000000e+00 5.6150140731e-15 1.3446886968e+01 0.0000000000e+00 0.0000000000e+00 0.0000000000e+00 -3.8856285412e+01
357.50400000 1.3469499117e+01 5.7754430466e-15 0.0000000000e+00 5.7754430466e-15 1.3469499117e+01 0.0000000000e+00 0.0000000000e+00 0.0000000000e+00 -3.8699064586e+01
357.65600000 1.3492160429e+01 5.6150140731e-15 0.0000000000e+00 5.6150140731e-15 1.3492160429e+01 0.0000000000e+00 0.0000000000e+00 0.0000000000e+00 -3.8542898277e+01
357.80800000 1.3514871171e+01 5.7754430466e-15 0.0000000000e+00 5.7754430466e-15 1.3514871171e+01 0.0000000000e+00 0.0000000000e+00 0.0000000000e+00 -3.8387776043e+01
357.96000000 1.3537631612e+01 5.7754430466e-15 0.0000000000e+00 5.7754430466e-15 1.3537631612e+01 0.0000000000e+00 0.0000000000e+00 0.0000000000e+00 -3.8233687577e+01
358.11200000 1.3560442022e+01 5.7754430466e-15 0.0000000000e+00 5.7754430466e-15 1.3560442022e+01 0.0000000000e+00 0.0000000000e+00 0.0000000000e+00 -3.8080622708e+01
358.26400000 1.3583302672e+01 5.7754430466e-15 0.0000000000e+00 5.7754430466e-15 1.3583302672e+01 0.0000000000e+00 0.0000000000e+00 0.0000000000e+00 -3.7928571394e+01
358.41600000 1.3606213838e+01 5.9358720202e-15 0.0000000000e+00 5.9358720202e-15 1.3606213838e+01 0.0000000000e+00 0.0000000000e+00 0.0000000000e+00 -3.7777523724e+01
358.56800000 1.3629175792e+01 5.7754430466e-15 0.0000000000e+00 5.7754430466e-15 1.3629175792e+01 0.0000000000e+00 0.0000000000e+00 0.0000000000e+00 -3.7627469916e+01
358.72000000 1.3652188813e+01 5.7754430466e-15 0.0000000000e+00 5.7754430466e-15 1.3652188813e+01 0.0000000000e+00 0.0000000000e+00 0.0000000000e+00 -3.7478400312e+01
358.87200000 1.3675253179e+01 5.9358720202e-15 0.0000000000e+00 5.9358720202e-15 1.3675253179e+01 0.0000000000e+00 0.0000000000e+00 0.0000000000e+00 -3.7330305377e+01
359.02400000 1.3698369169e+01 5.7754430466e-15 0.0000000000e+00 5.7754430466e-15 1.3698369169e+01 0.0000000000e+00 0.0000000000e+00 0.0000000000e+00 -3.7183175700e+01
359.17600000 1.3721537064e+01 5.7754430466e-15 0.0000000000e+00 5.7754430466e-15 1.3721537064e+01 0.0000000000e+00 0.0000000000e+00 0.0000000000e+00 -3.7037001987e+01
359.32800000 1.3744757149e+01 5.9358720202e-15 0.0000000000e+00 5.9358720202e-15 1.3744757149e+01 0.0000000000e+00 0.0000000000e+00 0.0000000000e+00 -3.6891775064e+01
359.48000000 1.3768029707e+01 5.7754430466e-15 0.0000000000e+00 5.7754430466e-15 1.3768029707e+01 0.0000000000e+00 0.0000000000e+00 0.0000000000e+00 -3.6747485873e+01
359.63200000 1.3791355025e+01 5.9358720202e-15 0.0000000000e+00 5.9358720202e-15 1.3791355025e+01 0.0000000000e+00 0.0000000000e+00 0.0000000000e+00 -3.6604125468e+01
359.78400000 1.3814733391e+01 5.7754430466e-15 0.0000000000e+00 5.7754430466e-15 1.3814733391e+01 0.0000000000e+00 0.0000000000e+00 0.0000000000e+00 -3.6461685017e+01
359.93600000 1.3838165095e+01 5.9358720202e-15 0.0000000000e+00 5.9358720202e-15 1.3838165095e+01 0.0000000000e+00 0.0000000000e+00 0.0000000000e+00 -3.6320155800e+01
360.08800000 1.3861650429e+01 5.9358720202e-15 0.0000000000e+00 5.9358720202e-15 1.3861650429e+01 0.0000000000e+00 0.0000000000e+00 0.0000000000e+00 -3.6179529203e+01
360.24000000 1.3885189686e+01 5.7754430466e-15 0.0000000000e+00 5.7754430466e-15 1.3885189686e+01 0.0000000000e+00 0.0000000000e+00 0.0000000000e+00 -3.6039796721e+01
360.39200000 1.3908783160e+01 5.9358720202e-15 0.0000000000e+00 5.9358720202e-15 1.3908783160e+01 0.0000000000e+00 0.0000000000e+00 0.0000000000e+00 -3.5900949955e+01
360.54400000 1.3932431148e+01 5.9358720202e-15 0.0000000000e+00 5.9358720202e-15 1.3932431148e+01 0.0000000000e+00 0.0000000000e+00 0.0000000000e+00 -3.5762980609e+01
360.69600000 1.3956133950e+01 5.9358720202e-15 0.0000000000e+00 5.9358720202e-15 1.3956133950e+01 0.0000000000e+00 0.0000000000e+00 0.0000000000e+00 -3.5625880490e+01
360.84800000 1.3979891864e+01 5.7754430466e-15 0.0000000000e+00 5.7754430466e-15 1.3979891864e+01 0.0000000000e+00 0.0000000000e+00 0.0000000000e+00 -3.5489641506e+01
361.00000000 1.4003705193e+01 5.7754430466e-15 0.0000000000e+00 5.7754430466e-15 1.4003705193e+01 0.0000000000e+00 0.0000000000e+00 0.0000000000e+00 -3.5354255663e+01
361.15200000 1.4027574241e+01 5.9358720202e-15 0.0000000000e+00 5.9358720202e-15 1.4027574241e+01 0.0000000000e+00 0.0000000000e+00 0.0000000000e+00 -3.5219715067e+01
361.30400000 1.4051499314e+01 5.9358720202e-15 0.0000000000e+00 5.9358720202e-15 1.4051499314e+01 0.0000000000e+00 0.0000000000e+00 0.0000000000e+00 -3.5086011919e+01
361.45600000 1.4075480718e+01 5.9358720202e-15 0.0000000000e+00 5.9358720202e-15 1.4075480718e+01 0.0000000000e+00 0.0000000000e+00 0.0000000000e+00 -3.4953138515e+01
361.60800000 1.4099518764e+01 5.9358720202e-15 0.0000000000e+00 5.9358720202e-15 1.4099518764e+01 0.0000000000e+00 0.0000000000e+00 0.0000000000e+00 -3.4821087245e+01
361.76000000 1.4123613761e+01 5.9358720202e-15 0.0000000000e+00 5.9358720202e-15 1.4123613761e+01 0.0000000000e+00 0.0000000000e+00 0.0000000000e+00 -3.4689850589e+01
361.91200000 1.4147766025e+01 5.9358720202e-15 0.0000000000e+00 5.9358720202e-15 1.4147766025e+01 0.0000000000e+00 0.0000000000e+00 0.0000000000e+00 -3.4559421121e+01
362.06400000 1.4171975868e+01 5.9358720202e-15 0.0000000000e+00 5.9358720202e-15 1.4171975868e+01 0.0000000000e+00 0.0000000000e+00 0.0000000000e+00 -3.4429791501e+01
362.21600000 1.4196243609e+01 5.9358720202e-15 0.0000000000e+00 5.9358720202e-15 1.4196243609e+01 0.0000000000e+00 0.0000000000e+00 0.0000000000e+00 -3.4300954481e+01
362.36800000 1.4220569565e+01 5.9358720202e-15 0.0000000000e+00 5.9358720202e-15 1.4220569565e+01 0.0000000000e+00 0.0000000000e+00 0.0000000000e+00 -3.4172902895e+01
362.52000000 1.4244954058e+01 6.0963009937e-15 0.0000000000e+00 6.0963009937e-15 1.4244954058e+01 0.0000000000e+00 0.0000000000e+00 0.0000000000e+00 -3.4045629665e+01
362.67200000 1.4269397410e+01 5.9358720202e-15 0.0000000000e+00 5.9358720202e-15 1.4269397410e+01 0.0000000000e+00 0.0000000000e+00 0.0000000000e+00 -3.3919127798e+01
362.82400000 1.4293899946e+01 5.9358720202e-15 0.0000000000e+00 5.9358720202e-15 1.4293899946e+01 0.0000000000e+00 0.0000000000e+00 0.0000000000e+00 -3.3793390382e+01
362.97600000 1.4318461993e+01 5.9358720202e-15 0.0000000000e+00 5.9358720202e-15 1.4318461993e+01 0.0000000000e+00 0.0000000000e+00 0.0000000000e+00 -3.3668410588e+01
363.12800000 1.4343083878e+01 5.9358720202e-15 0.0000000000e+00 5.9358720202e-15 1.4343083878e+01 0.0000000000e+00 0.0000000000e+00 0.0000000000e+00 -3.3544181667e+01
363.28000000 1.4367765933e+01 6.0963009937e-15 0.0000000000e+00 6.0963009937e-15 1.4367765933e+01 0.0000000000e+00 0.0000000000e+00 0.0000000000e+00 -3.3420696949e+01
363.43200000 1.4392508490e+01 5.9358720202e-15 0.0000000000e+00 5.9358720202e-15 1.4392508490e+01 0.0000000000e+00 0.0000000000e+00 0.0000000000e+00 -3.3297949842e+01
363.58400000 1.4417311884e+01 5.9358720202e-15 0.0000000000e+00 5.9358720202e-15 1.4417311884e+01 0.0000000000e+00 0.0000000000e+00 0.0000000000e+00 -3.3175933832e+01
363.73600000 1.4442176451e+01 5.9358720202e-15 0.0000000000e+00 5.9358720202e-15 1.4442176451e+01 0.0000000000e+00 0.0000000000e+00 0.0000000000e+00 -3.3054642481e+01
363.88800000 1.4467102531e+01 6.0963009937e-15 0.0000000000e+00 6.0963009937e-15 1.4467102531e+01 0.0000000000e+00 0.0000000000e+00 0.0000000000e+00 -3.2934069424e+01
364.04000000 1.4492090465e+01 6.0963009937e-15 0.0000000000e+00 6.0963009937e-15 1.4492090465e+01 0.0000000000e+00 0.0000000000e+00 0.0000000000e+00 -3.2814208373e+01
364.19200000 1.4517140595e+01 6.0963009937e-15 0.0000000000e+00 6.0963009937e-15 1.4517140595e+01 0.0000000000e+00 0.0000000000e+00 0.0000000000e+00 -3.2695053109e+01
364.34400000 1.4542253267e+01 6.0963009937e-15 0.0000000000e+00 6.0963009937e-15 1.4542253267e+01 0.0000000000e+00 0.0000000000e+00 0.0000000000e+00 -3.2576597488e+01
364.49600000 1.4567428827e+01 6.0963009937e-15 0.0000000000e+00 6.0963009937e-15 1.4567428827e+01 0.0000000000e+00 0.0000000000e+00 0.0000000000e+00 -3.2458835433e+01
364.64800000 1.4592667627e+01 6.0963009937e-15 0.0000000000e+00 6.0963009937e-15 1.4592667627e+01 0.0000000000e+00 0.0000000000e+00 0.0000000000e+00 -3.2341760941e+01
364.80000000 1.4617970016e+01 6.0963009937e-15 0.0000000000e+00 6.0963009937e-15 1.4617970016e+01 0.0000000000e+00 0.0000000000e+00 0.0000000000e+00 -3.2225368074e+01
364.95200000 1.4643336350e+01 6.0963009937e-15 0.0000000000e+00 6.0963009937e-15 1.4643336350e+01 0.0000000000e+00 0.0000000000e+00 0.0000000000e+00 -3.2109650964e+01
365.10400000 1.4668766984e+01 6.0963009937e-15 0.0000000000e+00 6.0963009937e-15 1.4668766984e+01 0.0000000000e+00 0.0000000000e+00 0.0000000000e+00 -3.1994603807e+01
365.25600000 1.4694262277e+01 6.0963009937e-15 0.0000000000e+00 6.0963009937e-15 1.4694262277e+01 0.0000000000e+00 0.0000000000e+00 0.0000000000e+00 -3.1880220868e+01
365.40800000 1.4719822589e+01 6.0963009937e-15 0.0000000000e+00 6.0963009937e-15 1.4719822589e+01 0.0000000000e+00 0.0000000000e+00 0.0000000000e+00 -3.1766496476e+01
365.56000000 1.4745448283e+01 6.0963009937e-15 0.0000000000e+00 6.0963009937e-15 1.4745448283e+01 0.0000000000e+00 0.0000000000e+00 0.0000000000e+00 -3.1653425021e+01
365.71200000 1.4771139725e+01 6.0963009937e-15 0.0000000000e+00 6.0963009937e-15 1.4771139725e+01 0.0000000000e+00 0.0000000000e+00 0.0000000000e+00 -3.1541000961e+01
365.86400000 1.4796897282e+01 6.0963009937e-15 0.0000000000e+00 6.0963009937e-15 1.4796897282e+01 0.0000000000e+00 0.0000000000e+00 0.0000000000e+00 -3.1429218812e+01
366.01600000 1.4822721325e+01 6.0963009937e-15 0.0000000000e+00 6.0963009937e-15 1.4822721325e+01 0.0000000000e+00 0.0000000000e+00 0.0000000000e+00 -3.1318073153e+01
366.16800000 1.4848612224e+01 6.0963009937e-15 0.0000000000e+00 6.0963009937e-15 1.4848612224e+01 0.0000000000e+00 0.0000000000e+00 0.0000000000e+00 -3.1207558624e+01
366.32000000 1.4874570355e+01 6.0963009937e-15 0.0000000000e+00 6.0963009937e-15 1.4874570355e+01 0.0000000000e+00 0.0000000000e+00 0.0000000000e+00 -3.1097669924e+01
366.47200000 1.4900596096e+01 6.0963009937e-15 0.0000000000e+00 6.0963009937e-15 1.4900596096e+01 0.0000000000e+00 0.0000000000e+00 0.0000000000e+00 -3.0988401810e+01
366.62400000 1.4926689824e+01 6.0963009937e-15 0.0000000000e+00 6.0963009937e-15 1.4926689824e+01 0.0000000000e+00 0.0000000000e+00 0.0000000000e+00 -3.0879749099e+01
366.77600000 1.4952851924e+01 6.2567299672e-15 0.0000000000e+00 6.2567299672e-15 1.4952851924e+01 0.0000000000e+00 0.0000000000e+00 0.0000000000e+00 -3.0771706663e+01
366.92800000 1.4979082777e+01 6.0963009937e-15 0.0000000000e+00 6.0963009937e-15 1.4979082777e+01 0.0000000000e+00 0.0000000000e+00 0.0000000000e+00 -3.0664269432e+01
367.08000000 1.5005382773e+01 6.0963009937e-15 0.0000000000e+00 6.0963009937e-15 1.5005382773e+01 0.0000000000e+00 0.0000000000e+00 0.0000000000e+00 -3.0557432391e+01
367.23200000 1.5031752299e+01 6.2567299672e-15 0.0000000000e+00 6.2567299672e-15 1.5031752299e+01 0.0000000000e+00 0.0000000000e+00 0.0000000000e+00 -3.0451190579e+01
367.38400000 1.5058191748e+01 6.2567299672e-15 0.0000000000e+00 6.2567299672e-15 1.5058191748e+01 0.0000000000e+00 0.0000000000e+00 0.0000000000e+00 -3.0345539092e+01
367.53600000 1.5084701514e+01 6.0963009937e-15 0.0000000000e+00 6.0963009937e-15 1.5084701514e+01 0.0000000000e+00 0.0000000000e+00 0.0000000000e+00 -3.0240473077e+01
367.68800000 1.5111281995e+01 6.2567299672e-15 0.0000000000e+00 6.2567299672e-15 1.5111281995e+01 0.0000000000e+00 0.0000000000e+00 0.0000000000e+00 -3.0135987734e+01
367.84000000 1.5137933589e+01 6.0963009937e-15 0.0000000000e+00 6.0963009937e-15 1.5137933589e+01 0.0000000000e+00 0.0000000000e+00 0.0000000000e+00 -3.0032078314e+01
367.99200000 1.5164656699e+01 6.0963009937e-15 0.0000000000e+00 6.0963009937e-15 1.5164656699e+01 0.0000000000e+00 0.0000000000e+00 0.0000000000e+00 -2.9928740123e+01
368.14400000 1.5191451730e+01 6.2567299672e-15 0.0000000000e+00 6.2567299672e-15 1.5191451730e+01 0.0000000000e+00 0.0000000000e+00 0.0000000000e+00 -2.9825968514e+01
368.29600000 1.5218319090e+01 6.0963009937e-15 0.0000000000e+00 6.0963009937e-15 1.5218319090e+01 0.0000000000e+00 0.0000000000e+00 0.0000000000e+00 -2.9723758891e+01
368.44800000 1.5245259188e+01 6.2567299672e-15 0.0000000000e+00 6.2567299672e-15 1.5245259188e+01 0.0000000000e+00 0.0000000000e+00 0.0000000000e+00 -2.9622106708e+01
368.60000000 1.5272272437e+01 6.2567299672e-15 0.0000000000e+00 6.2567299672e-15 1.5272272437e+01 0.0000000000e+00 0.0000000000e+00 0.0000000000e+00 -2.9521007466e+01
368.75200000 1.5299359253e+01 6.2567299672e-15 0.0000000000e+00 6.2567299672e-15 1.5299359253e+01 0.0000000000e+00 0.0000000000e+00 0.0000000000e+00 -2.9420456716e+01
368.90400000 1.5326520055e+01 6.0963009937e-15 0.0000000000e+00 6.0963009937e-15 1.5326520055e+01 0.0000000000e+00 0.0000000000e+00 0.0000000000e+00 -2.9320450055e+01
369.05600000 1.5353755263e+01 6.2567299672e-15 0.0000000000e+00 6.2567299672e-15 1.5353755263e+01 0.0000000000e+00 0.0000000000e+00 0.0000000000e+00 -2.9220983126e+01
369.20800000 1.5381065301e+01 6.2567299672e-15 0.0000000000e+00 6.2567299672e-15 1.5381065301e+01 0.0000000000e+00 0.0000000000e+00 0.0000000000e+00 -2.9122051621e+01
369.36000000 1.5408450597e+01 6.2567299672e-15 0.0000000000e+00 6.2567299672e-15 1.5408450597e+01 0.0000000000e+00 0.0000000000e+00 0.0000000000e+00 -2.9023651274e+01
369.51200000 1.5435911579e+01 6.2567299672e-15 0.0000000000e+00 6.2567299672e-15 1.5435911579e+01 0.0000000000e+00 0.0000000000e+00 0.0000000000e+00 -2.8925777866e+01
369.66400000 1.5463448680e+01 6.2567299672e-15 0.0000000000e+00 6.2567299672e-15 1.5463448680e+01 0.0000000000e+00 0.0000000000e+00 0.0000000000e+00 -2.8828427223e+01
369.81600000 1.5491062336e+01 6.2567299672e-15 0.0000000000e+00 6.2567299672e-15 1.5491062336e+01 0.0000000000e+00 0.0000000000e+00 0.0000000000e+00 -2.8731595211e+01
369.96800000 1.5518752985e+01 6.2567299672e-15 0.0000000000e+00 6.2567299672e-15 1.5518752985e+01 0.0000000000e+00 0.0000000000e+00 0.0000000000e+00 -2.8635277744e+01
370.12000000 1.5546521068e+01 6.4171589407e-15 0.0000000000e+00 6.4171589407e-15 1.5546521068e+01 0.0000000000e+00 0.0000000000e+00 0.0000000000e+00 -2.8539470776e+01
370.27200000 1.5574367029e+01 6.2567299672e-15 0.0000000000e+00 6.2567299672e-15 1.5574367029e+01 0.0000000000e+00 0.0000000000e+00 0.0000000000e+00 -2.8444170302e+01
370.42400000 1.5602291316e+01 6.2567299672e-15 0.0000000000e+00 6.2567299672e-15 1.5602291316e+01 0.0000000000e+00 0.0000000000e+00 0.0000000000e+00 -2.8349372362e+01
370.57600000 1.5630294378e+01 6.4171589407e-15 0.0000000000e+00 6.4171589407e-15 1.5630294378e+01 0.0000000000e+00 0.0000000000e+00 0.0000000000e+00 -2.8255073033e+01
370.72800000 1.5658376670e+01 6.2567299672e-15 0.0000000000e+00 6.2567299672e-15 1.5658376670e+01 0.0000000000e+00 0.0000000000e+00 0.0000000000e+00 -2.8161268435e+01
370.88000000 1.5686538647e+01 6.4171589407e-15 0.0000000000e+00 6.4171589407e-15 1.5686538647e+01 0.0000000000e+00 0.0000000000e+00 0.0000000000e+00 -2.8067954727e+01
371.03200000 1.5714780769e+01 6.2567299672e-15 0.0000000000e+00 6.2567299672e-15 1.5714780769e+01 0.0000000000e+00 0.0000000000e+00 0.0000000000e+00 -2.7975128108e+01
371.18400000 1.5743103498e+01 6.4171589407e-15 0.0000000000e+00 6.4171589407e-15 1.5743103498e+01 0.0000000000e+00 0.0000000000e+00 0.0000000000e+00 -2.7882784816e+01
371.33600000 1.5771507301e+01 6.2567299672e-15 0.0000000000e+00 6.2567299672e-15 1.5771507301e+01 0.0000000000e+00 0.0000000000e+00 0.0000000000e+00 -2.7790921127e+01
371.48800000 1.5799992646e+01 6.2567299672e-15 0.0000000000e+00 6.2567299672e-15 1.5799992646e+01 0.0000000000e+00 0.0000000000e+00 0.0000000000e+00 -2.7699533354e+01
371.64000000 1.5828560006e+01 6.0963009937e-15 0.0000000000e+00 6.0963009937e-15 1.5828560006e+01 0.0000000000e+00 0.0000000000e+00 0.0000000000e+00 -2.7608617850e+01
371.79200000 1.5857209856e+01 6.2567299672e-15 0.0000000000e+00 6.2567299672e-15 1.5857209856e+01 0.0000000000e+00 0.0000000000e+00 0.0000000000e+00 -2.7518171002e+01
371.94400000 1.5885942674e+01 6.2567299672e-15 0.0000000000e+00 6.2567299672e-15 1.5885942674e+01 0.0000000000e+00 0.0000000000e+00 0.0000000000e+00 -2.7428189236e+01
372.09600000 1.5914758943e+01 6.2567299672e-15 0.0000000000e+00 6.2567299672e-15 1.5914758943e+01 0.0000000000e+00 0.0000000000e+00 0.0000000000e+00 -2.7338669013e+01
372.24800000 1.5943659148e+01 6.2567299672e-15 0.0000000000e+00 6.2567299672e-15 1.5943659148e+01 0.0000000000e+00 0.0000000000e+00 0.0000000000e+00 -2.7249606829e+01
372.40000000 1.5972643777e+01 6.4171589407e-15 0.0000000000e+00 6.4171589407e-15 1.5972643777e+01 0.0000000000e+00 0.0000000000e+00 0.0000000000e+00 -2.7160999216e+01
372.55200000 1.6001713324e+01 6.4171589407e-15 0.0000000000e+00 6.4171589407e-15 1.6001713324e+01 0.0000000000e+00 0.0000000000e+00 0.0000000000e+00 -2.7072842741e+01
372.70400000 1.6030868283e+01 6.2567299672e-15 0.0000000000e+00 6.2567299672e-15 1.6030868283e+01 0.0000000000e+00 0.0000000000e+00 0.0000000000e+00 -2.6985134005e+01
372.85600000 1.6060109154e+01 6.2567299672e-15 0.0000000000e+00 6.2567299672e-15 1.6060109154e+01 0.0000000000e+00 0.0000000000e+00 0.0000000000e+00 -2.6897869642e+01
373.00800000 1.6089436438e+01 6.4171589407e-15 0.0000000000e+00 6.4171589407e-15 1.6089436438e+01 0.0000000000e+00 0.0000000000e+00 0.0000000000e+00 -2.6811046321e+01
373.16000000 1.6118850643e+01 6.2567299672e-15 0.0000000000e+00 6.2567299672e-15 1.6118850643e+01 0.0000000000e+00 0.0000000000e+00 0.0000000000e+00 -2.6724660743e+01
373.31200000 1.6148352277e+01 6.5775879142e-15 0.0000000000e+00 6.5775879142e-15 1.6148352277e+01 0.0000000000e+00 0.0000000000e+00 0.0000000000e+00 -2.6638709642e+01
373.46400000 1.6177941854e+01 6.2567299672e-15 0.0000000000e+00 6.2567299672e-15 1.6177941854e+01 0.0000000000e+00 0.0000000000e+00 0.0000000000e+00 -2.6553189784e+01
373.61600000 1.6207619890e+01 6.4171589407e-15 0.0000000000e+00 6.4171589407e-15 1.6207619890e+01 0.0000000000e+00 0.0000000000e+00 0.0000000000e+00 -2.6468097967e+01
373.76800000 1.6237386906e+01 6.4171589407e-15 0.0000000000e+00 6.4171589407e-15 1.6237386906e+01 0.0000000000e+00 0.0000000000e+00 0.0000000000e+00 -2.6383431021e+01
373.92000000 1.6267243426e+01 6.2567299672e-15 0.0000000000e+00 6.2567299672e-15 1.6267243426e+01 0.0000000000e+00 0.0000000000e+00 0.0000000000e+00 -2.6299185805e+01
374.07200000 1.6297189978e+01 6.2567299672e-15 0.0000000000e+00 6.2567299672e-15 1.6297189978e+01 0.0000000000e+00 0.0000000000e+00 0.0000000000e+00 -2.6215359212e+01
374.22400000 1.6327227094e+01 6.4171589407e-15 0.0000000000e+00 6.4171589407e-15 1.6327227094e+01 0.0000000000e+00 0.0000000000e+00 0.0000000000e+00 -2.6131948163e+01
374.37600000 1.6357355308e+01 6.2567299672e-15 0.0000000000e+00 6.2567299672e-15 1.6357355308e+01 0.0000000000e+00 0.0000000000e+00 0.0000000000e+00 -2.6048949610e+01
374.52800000 1.6387575161e+01 6.4171589407e-15 0.0000000000e+00 6.4171589407e-15 1.6387575161e+01 0.0000000000e+00 0.0000000000e+00 0.0000000000e+00 -2.5966360533e+01
374.68000000 1.6417887194e+01 6.2567299672e-15 0.0000000000e+00 6.2567299672e-15 1.6417887194e+01 0.0000000000e+00 0.0000000000e+00 0.0000000000e+00 -2.5884177942e+01
374.83200000 1.6448291955e+01 6.2567299672e-15 0.0000000000e+00 6.2567299672e-15 1.6448291955e+01 0.0000000000e+00 0.0000000000e+00 0.0000000000e+00 -2.5802398878e+01
374.98400000 1.6478789995e+01 6.4171589407e-15 0.0000000000e+00 6.4171589407e-15 1.6478789995e+01 0.0000000000e+00 0.0000000000e+00 0.0000000000e+00 -2.5721020407e+01
375.13600000 1.6509381869e+01 6.4171589407e-15 0.0000000000e+00 6.4171589407e-15 1.6509381869e+01 0.0000000000e+00 0.0000000000e+00 0.0000000000e+00 -2.5640039627e+01
375.28800000 1.6540068136e+01 6.4171589407e-15 0.0000000000e+00 6.4171589407e-15 1.6540068136e+01 0.0000000000e+00 0.0000000000e+00 0.0000000000e+00 -2.5559453660e+01
375.44000000 1.6570849357e+01 6.4171589407e-15 0.0000000000e+00 6.4171589407e-15 1.6570849357e+01 0.0000000000e+00 0.0000000000e+00 0.0000000000e+00 -2.5479259657e+01
375.59200000 1.6601726101e+01 6.4171589407e-15 0.0000000000e+00 6.4171589407e-15 1.6601726101e+01 0.0000000000e+00 0.0000000000e+00 0.0000000000e+00 -2.5399454799e+01
375.74400000 1.6632698938e+01 6.4171589407e-15 0.0000000000e+00 6.4171589407e-15 1.6632698938e+01 0.0000000000e+00 0.0000000000e+00 0.0000000000e+00 -2.5320036289e+01
375.89600000 1.6663768444e+01 6.4171589407e-15 0.0000000000e+00 6.4171589407e-15 1.6663768444e+01 0.0000000000e+00 0.0000000000e+00 0.0000000000e+00 -2.5241001360e+01
376.04800000 1.6694935198e+01 6.4171589407e-15 0.0000000000e+00 6.4171589407e-15 1.6694935198e+01 0.0000000000e+00 0.0000000000e+00 0.0000000000e+00 -2.5162347271e+01
376.20000000 1.6726199783e+01 6.4171589407e-15 0.0000000000e+00 6.4171589407e-15 1.6726199783e+01 0.0000000000e+00 0.0000000000e+00 0.0000000000e+00 -2.5084071304e+01
376.35200000 1.6757562788e+01 6.4171589407e-15 0.0000000000e+00 6.4171589407e-15 1.6757562788e+01 0.0000000000e+00 0.0000000000e+00 0.0000000000e+00 -2.5006170771e+01
376.50400000 1.6789024804e+01 6.4171589407e-15 0.0000000000e+00 6.4171589407e-15 1.6789024804e+01 0.0000000000e+00 0.0000000000e+00 0.0000000000e+00 -2.4928643006e+01
376.65600000 1.6820586429e+01 6.4171589407e-15 0.0000000000e+00 6.4171589407e-15 1.6820586429e+01 0.0000000000e+00 0.0000000000e+00 0.0000000000e+00 -2.4851485370e+01
376.80800000 1.6852248263e+01 6.5775879142e-15 0.0000000000e+00 6.5775879142e-15 1.6852248263e+01 0.0000000000e+00 0.0000000000e+00 0.0000000000e+00 -2.4774695247e+01
376.96000000 1.6884010911e+01 6.4171589407e-15 0.0000000000e+00 6.4171589407e-15 1.6884010911e+01 0.0000000000e+00 0.0000000000e+00 0.0000000000e+00 -2.4698270047e+01
377.11200000 1.6915874983e+01 6.5775879142e-15 0.0000000000e+00 6.5775879142e-15 1.6915874983e+01 0.0000000000e+00 0.0000000000e+00 0.0000000000e+00 -2.4622207204e+01
377.26400000 1.6947841095e+01 6.5775879142e-15 0.0000000000e+00 6.5775879142e-15 1.6947841095e+01 0.0000000000e+00 0.0000000000e+00 0.0000000000e+00 -2.4546504174e+01
377.41600000 1.6979909864e+01 6.4171589407e-15 0.0000000000e+00 6.4171589407e-15 1.6979909864e+01 0.0000000000e+00 0.0000000000e+00 0.0000000000e+00 -2.4471158439e+01
377.56800000 1.7012081914e+01 6.4171589407e-15 0.0000000000e+00 6.4171589407e-15 1.7012081914e+01 0.0000000000e+00 0.0000000000e+00 0.0000000000e+00 -2.4396167504e+01
377.72000000 1.7044357873e+01 6.5775879142e-15 0.0000000000e+00 6.5775879142e-15 1.7044357873e+01 0.0000000000e+00 0.0000000000e+00 0.0000000000e+00 -2.4321528896e+01
377.87200000 1.7076738375e+01 6.5775879142e-15 0.0000000000e+00 6.5775879142e-15 1.7076738375e+01 0.0000000000e+00 0.0000000000e+00 0.0000000000e+00 -2.4247240164e+01
378.02400000 1.7109224056e+01 6.5775879142e-15 0.0000000000e+00 6.5775879142e-15 1.7109224056e+01 0.0000000000e+00 0.0000000000e+00 0.0000000000e+00 -2.4173298883e+01
378.17600000 1.7141815560e+01 6.5775879142e-15 0.0000000000e+00 6.5775879142e-15 1.7141815560e+01 0.0000000000e+00 0.0000000000e+00 0.0000000000e+00 -2.4099702647e+01
378.32800000 1.7174513533e+01 6.5775879142e-15 0.0000000000e+00 6.5775879142e-15 1.7174513533e+01 0.0000000000e+00 0.0000000000e+00 0.0000000000e+00 -2.4026449074e+01
378.48000000 1.7207318627e+01 6.5775879142e-15 0.0000000000e+00 6.5775879142e-15 1.7207318627e+01 0.0000000000e+00 0.0000000000e+00 0.0000000000e+00 -2.3953535802e+01
378.63200000 1.7240231500e+01 6.5775879142e-15 0.0000000000e+00 6.5775879142e-15 1.7240231500e+01 0.0000000000e+00 0.0000000000e+00 0.0000000000e+00 -2.3880960492e+01
378.78400000 1.7273252814e+01 6.5775879142e-15 0.0000000000e+00 6.5775879142e-15 1.7273252814e+01 0.0000000000e+00 0.0000000000e+00 0.0000000000e+00 -2.3808720825e+01
378.93600000 1.7306383234e+01 6.5775879142e-15 0.0000000000e+00 6.5775879142e-15 1.7306383234e+01 0.0000000000e+00 0.0000000000e+00 0.0000000000e+00 -2.3736814506e+01
379.08800000 1.7339623435e+01 6.5775879142e-15 0.0000000000e+00 6.5775879142e-15 1.7339623435e+01 0.0000000000e+00 0.0000000000e+00 0.0000000000e+00 -2.3665239256e+01
379.24000000 1.7372974092e+01 6.5775879142e-15 0.0000000000e+00 6.5775879142e-15 1.7372974092e+01 0.0000000000e+00 0.0000000000e+00 0.0000000000e+00 -2.3593992822e+01
379.39200000 1.7406435888e+01 6.7380168878e-15 0.0000000000e+00 6.7380168878e-15 1.7406435888e+01 0.0000000000e+00 0.0000000000e+00 0.0000000000e+00 -2.3523072966e+01
379.54400000 1.7440009510e+01 6.5775879142e-15 0.0000000000e+00 6.5775879142e-15 1.7440009510e+01 0.0000000000e+00 0.0000000000e+00 0.0000000000e+00 -2.3452477475e+01
379.69600000 1.7473695652e+01 6.5775879142e-15 0.0000000000e+00 6.5775879142e-15 1.7473695652e+01 0.0000000000e+00 0.0000000000e+00 0.0000000000e+00 -2.3382204152e+01
379.84800000 1.7507495011e+01 6.7380168878e-15 0.0000000000e+00 6.7380168878e-15 1.7507495011e+01 0.0000000000e+00 0.0000000000e+00 0.0000000000e+00 -2.3312250822e+01
380.00000000 1.7541408291e+01 6.5775879142e-15 0.0000000000e+00 6.5775879142e-15 1.7541408291e+01 0.0000000000e+00 0.0000000000e+00 0.0000000000e+00 -2.3242615329e+01
380.15200000 1.7575436201e+01 6.7380168878e-15 0.0000000000e+00 6.7380168878e-15 1.7575436201e+01 0.0000000000e+00 0.0000000000e+00 0.0000000000e+00 -2.3173295536e+01
380.30400000 1.7609579455e+01 6.5775879142e-15 0.0000000000e+00 6.5775879142e-15 1.7609579455e+01 0.0000000000e+00 0.0000000000e+00 0.0000000000e+00 -2.3104289324e+01
380.45600000 1.7643838774e+01 6.7380168878e-15 0.0000000000e+00 6.7380168878e-15 1.7643838774e+01 0.0000000000e+00 0.0000000000e+00 0.0000000000e+00 -2.3035594595e+01
380.60800000 1.7678214882e+01 6.7380168878e-15 0.0000000000e+00 6.7380168878e-15 1.7678214882e+01 0.0000000000e+00 0.0000000000e+00 0.0000000000e+00 -2.2967209269e+01
380.76000000 1.7712708511e+01 6.7380168878e-15 0.0000000000e+00 6.7380168878e-15 1.7712708511e+01 0.0000000000e+00 0.0000000000e+00 0.0000000000e+00 -2.2899131283e+01
380.91200000 1.7747320397e+01 6.7380168878e-15 0.0000000000e+00 6.7380168878e-15 1.7747320397e+01 0.0000000000e+00 0.0000000000e+00 0.0000000000e+00 -2.2831358593e+01
381.06400000 1.7782051283e+01 6.7380168878e-15 0.0000000000e+00 6.7380168878e-15 1.7782051283e+01 0.0000000000e+00 0.0000000000e+00 0.0000000000e+00 -2.2763889173e+01
381.21600000 1.7816901918e+01 6.7380168878e-15 0.0000000000e+00 6.7380168878e-15 1.7816901918e+01 0.0000000000e+00 0.0000000000e+00 0.0000000000e+00 -2.2696721015e+01
381.36800000 1.7851873056e+01 6.7380168878e-15 0.0000000000e+00 6.7380168878e-15 1.7851873056e+01 0.0000000000e+00 0.0000000000e+00 0.0000000000e+00 -2.2629852129e+01
381.52000000 1.7886965457e+01 6.7380168878e-15 0.0000000000e+00 6.7380168878e-15 1.7886965457e+01 0.0000000000e+00 0.0000000000e+00 0.0000000000e+00 -2.2563280542e+01
381.67200000 1.7922179887e+01 6.8984458613e-15 0.0000000000e+00 6.8984458613e-15 1.7922179887e+01 0.0000000000e+00 0.0000000000e+00 0.0000000000e+00 -2.2497004298e+01
381.82400000 1.7957517118e+01 6.7380168878e-15 0.0000000000e+00 6.7380168878e-15 1.7957517118e+01 0.0000000000e+00 0.0000000000e+00 0.0000000000e+00 -2.2431021457e+01
381.97600000 1.7992977929e+01 6.7380168878e-15 0.0000000000e+00 6.7380168878e-15 1.7992977929e+01 0.0000000000e+00 0.0000000000e+00 0.0000000000e+00 -2.2365330099e+01
382.12800000 1.8028563104e+01 6.7380168878e-15 0.0000000000e+00 6.7380168878e-15 1.8028563104e+01 0.0000000000e+00 0.0000000000e+00 0.0000000000e+00 -2.2299928318e+01
382.28000000 1.8064273434e+01 6.8984458613e-15 0.0000000000e+00 6.8984458613e-15 1.8064273434e+01 0.0000000000e+00 0.0000000000e+00 0.0000000000e+00 -2.2234814224e+01
382.43200000 1.8100109715e+01 6.8984458613e-15 0.0000000000e+00 6.8984458613e-15 1.8100109715e+01 0.0000000000e+00 0.0000000000e+00 0.0000000000e+00 -2.2169985947e+01
382.58400000 1.8136072752e+01 6.8984458613e-15 0.0000000000e+00 6.8984458613e-15 1.8136072752e+01 0.0000000000e+00 0.0000000000e+00 0.0000000000e+00 -2.2105441629e+01
382.73600000 1.8172163353e+01 6.8984458613e-15 0.0000000000e+00 6.8984458613e-15 1.8172163353e+01 0.0000000000e+00 0.0000000000e+00 0.0000000000e+00 -2.2041179430e+01
382.88800000 1.8208382335e+01 6.7380168878e-15 0.0000000000e+00 6.7380168878e-15 1.8208382335e+01 0.0000000000e+00 0.0000000000e+00 0.0000000000e+00 -2.1977197525e+01
383.04000000 1.8244730521e+01 6.8984458613e-15 0.0000000000e+00 6.8984458613e-15 1.8244730521e+01 0.0000000000e+00 0.0000000000e+00 0.0000000000e+00 -2.1913494106e+01
383.19200000 1.8281208741e+01 6.7380168878e-15 0.0000000000e+00 6.7380168878e-15 1.8281208741e+01 0.0000000000e+00 0.0000000000e+00 0.0000000000e+00 -2.1850067379e+01
383.34400000 1.8317817830e+01 6.8984458613e-15 0.0000000000e+00 6.8984458613e-15 1.8317817830e+01 0.0000000000e+00 0.0000000000e+00 0.0000000000e+00 -2.1786915567e+01
383.49600000 1.8354558631e+01 6.8984458613e-15 0.0000000000e+00 6.8984458613e-15 1.8354558631e+01 0.0000000000e+00 0.0000000000e+00 0.0000000000e+00 -2.1724036905e+01
383.64800000 1.8391431993e+01 6.8984458613e-15 0.0000000000e+00 6.8984458613e-15 1.8391431993e+01 0.0000000000e+00 0.0000000000e+00 0.0000000000e+00 -2.1661429647e+01
383.80000000 1.8428438774e+01 6.8984458613e-15 0.0000000000e+00 6.8984458613e-15 1.8428438774e+01 0.0000000000e+00 0.0000000000e+00 0.0000000000e+00 -2.1599092058e+01
383.95200000 1.8465579837e+01 6.8984458613e-15 0.0000000000e+00 6.8984458613e-15 1.8465579837e+01 0.0000000000e+00 0.0000000000e+00 0.0000000000e+00 -2.1537022421e+01
384.10400000 1.8502856052e+01 6.8984458613e-15 0.0000000000e+00 6.8984458613e-15 1.8502856052e+01 0.0000000000e+00 0.0000000000e+00 0.0000000000e+00 -2.1475219031e+01
384.25600000 1.8540268297e+01 6.8984458613e-15 0.0000000000e+00 6.8984458613e-15 1.8540268297e+01 0.0000000000e+00 0.0000000000e+00 0.0000000000e+00 -2.1413680199e+01
384.40800000 1.8577817457e+01 6.8984458613e-15 0.0000000000e+00 6.8984458613e-15 1.8577817457e+01 0.0000000000e+00 0.0000000000e+00 0.0000000000e+00 -2.1352404250e+01
384.56000000 1.8615504424e+01 7.0588748348e-15 0.0000000000e+00 7.0588748348e-15 1.8615504424e+01 0.0000000000e+00 0.0000000000e+00 0.0000000000e+00 -2.1291389521e+01
384.71200000 1.8653330097e+01 6.8984458613e-15 0.0000000000e+00 6.8984458613e-15 1.8653330097e+01 0.0000000000e+00 0.0000000000e+00 0.0000000000e+00 -2.1230634366e+01
384.86400000 1.8691295384e+01 7.0588748348e-15 0.0000000000e+00 7.0588748348e-15 1.8691295384e+01 0.0000000000e+00 0.0000000000e+00 0.0000000000e+00 -2.1170137150e+01
385.01600000 1.8729401197e+01 7.0588748348e-15 0.0000000000e+00 7.0588748348e-15 1.8729401197e+01 0.0000000000e+00 0.0000000000e+00 0.0000000000e+00 -2.1109896254e+01
385.16800000 1.8767648460e+01 7.0588748348e-15 0.0000000000e+00 7.0588748348e-15 1.8767648460e+01 0.0000000000e+00 0.0000000000e+00 0.0000000000e+00 -2.1049910071e+01
385.32000000 1.8806038102e+01 7.0588748348e-15 0.0000000000e+00 7.0588748348e-15 1.8806038102e+01 0.0000000000e+00 0.0000000000e+00 0.0000000000e+00 -2.0990177008e+01
385.47200000 1.8844571059e+01 7.0588748348e-15 0.0000000000e+00 7.0588748348e-15 1.8844571059e+01 0.0000000000e+00 0.0000000000e+00 0.0000000000e+00 -2.0930695485e+01
385.62400000 1.8883248278e+01 7.0588748348e-15 0.0000000000e+00 7.0588748348e-15 1.8883248278e+01 0.0000000000e+00 0.0000000000e+00 0.0000000000e+00 -2.0871463935e+01
385.77600000 1.8922070710e+01 7.0588748348e-15 0.0000000000e+00 7.0588748348e-15 1.8922070710e+01 0.0000000000e+00 0.0000000000e+00 0.0000000000e+00 -2.0812480803e+01
385.92800000 1.8961039317e+01 7.0588748348e-15 0.0000000000e+00 7.0588748348e-15 1.8961039317e+01 0.0000000000e+00 0.0000000000e+00 0.0000000000e+00 -2.0753744549e+01
386.08000000 1.9000155068e+01 7.0588748348e-15 0.0000000000e+00 7.0588748348e-15 1.9000155068e+01 0.0000000000e+00 0.0000000000e+00 0.0000000000e+00 -2.0695253643e+01
386.23200000 1.9039418939e+01 7.0588748348e-15 0.0000000000e+00 7.0588748348e-15 1.9039418939e+01 0.0000000000e+00 0.0000000000e+00 0.0000000000e+00 -2.0637006571e+01
386.38400000 1.9078831916e+01 7.0588748348e-15 0.0000000000e+00 7.0588748348e-15 1.9078831916e+01 0.0000000000e+00 0.0000000000e+00 0.0000000000e+00 -2.0579001828e+01
386.53600000 1.9118394993e+01 7.0588748348e-15 0.0000000000e+00 7.0588748348e-15 1.9118394993e+01 0.0000000000e+00 0.0000000000e+00 0.0000000000e+00 -2.0521237922e+01
386.68800000 1.9158109171e+01 7.0588748348e-15 0.0000000000e+00 7.0588748348e-15 1.9158109171e+01 0.0000000000e+00 0.0000000000e+00 0.0000000000e+00 -2.0463713376e+01
386.84000000 1.9197975461e+01 7.2193038083e-15 0.0000000000e+00 7.2193038083e-15 1.9197975461e+01 0.0000000000e+00 0.0000000000e+00 0.0000000000e+00 -2.0406426721e+01
386.99200000 1.9237994883e+01 7.0588748348e-15 0.0000000000e+00 7.0588748348e-15 1.9237994883e+01 0.0000000000e+00 0.0000000000e+00 0.0000000000e+00 -2.0349376503e+01
387.14400000 1.9278168462e+01 7.2193038083e-15 0.0000000000e+00 7.2193038083e-15 1.9278168462e+01 0.0000000000e+00 0.0000000000e+00 0.0000000000e+00 -2.0292561278e+01
387.29600000 1.9318497237e+01 7.2193038083e-15 0.0000000000e+00 7.2193038083e-15 1.9318497237e+01 0.0000000000e+00 0.0000000000e+00 0.0000000000e+00 -2.0235979614e+01
387.44800000 1.9358982253e+01 7.2193038083e-15 0.0000000000e+00 7.2193038083e-15 1.9358982253e+01 0.0000000000e+00 0.0000000000e+00 0.0000000000e+00 -2.0179630092e+01
387.60000000 1.9399624564e+01 7.2193038083e-15 0.0000000000e+00 7.2193038083e-15 1.9399624564e+01 0.0000000000e+00 0.0000000000e+00 0.0000000000e+00 -2.0123511301e+01
387.75200000 1.9440425232e+01 7.2193038083e-15 0.0000000000e+00 7.2193038083e-15 1.9440425232e+01 0.0000000000e+00 0.0000000000e+00 0.0000000000e+00 -2.0067621846e+01
387.90400000 1.9481385332e+01 7.2193038083e-15 0.0000000000e+00 7.2193038083e-15 1.9481385332e+01 0.0000000000e+00 0.0000000000e+00 0.0000000000e+00 -2.0011960340e+01
388.05600000 1.9522505943e+01 7.2193038083e-15 0.0000000000e+00 7.2193038083e-15 1.9522505943e+01 0.0000000000e+00 0.0000000000e+00 0.0000000000e+00 -1.9956525408e+01
388.20800000 1.9563788159e+01 7.2193038083e-15 0.0000000000e+00 7.2193038083e-15 1.9563788159e+01 0.0000000000e+00 0.0000000000e+00 0.0000000000e+00 -1.9901315685e+01
388.36000000 1.9605233078e+01 7.3797327818e-15 0.0000000000e+00 7.3797327818e-15 1.9605233078e+01 0.0000000000e+00 0.0000000000e+00 0.0000000000e+00 -1.9846329819e+01
388.51200000 1.9646841812e+01 7.2193038083e-15 0.0000000000e+00 7.2193038083e-15 1.9646841812e+01 0.0000000000e+00 0.0000000000e+00 0.0000000000e+00 -1.9791566467e+01
388.66400000 1.9688615480e+01 7.2193038083e-15 0.0000000000e+00 7.2193038083e-15 1.9688615480e+01 0.0000000000e+00 0.0000000000e+00 0.0000000000e+00 -1.9737024297e+01
388.81600000 1.9730555211e+01 7.2193038083e-15 0.0000000000e+00 7.2193038083e-15 1.9730555211e+01 0.0000000000e+00 0.0000000000e+00 0.0000000000e+00 -1.9682701989e+01
388.96800000 1.9772662145e+01 7.2193038083e-15 0.0000000000e+00 7.2193038083e-15 1.9772662145e+01 0.0000000000e+00 0.0000000000e+00 0.0000000000e+00 -1.9628598231e+01
389.12000000 1.9814937432e+01 7.3797327818e-15 0.0000000000e+00 7.3797327818e-15 1.9814937432e+01 0.0000000000e+00 0.0000000000e+00 0.0000000000e+00 -1.9574711723e+01
389.27200000 1.9857382230e+01 7.3797327818e-15 0.0000000000e+00 7.3797327818e-15 1.9857382230e+01 0.0000000000e+00 0.0000000000e+00 0.0000000000e+00 -1.9521041175e+01
389.42400000 1.9899997710e+01 7.2193038083e-15 0.0000000000e+00 7.2193038083e-15 1.9899997710e+01 0.0000000000e+00 0.0000000000e+00 0.0000000000e+00 -1.9467585307e+01
389.57600000 1.9942785052e+01 7.3797327818e-15 0.0000000000e+00 7.3797327818e-15 1.9942785052e+01 0.0000000000e+00 0.0000000000e+00 0.0000000000e+00 -1.9414342849e+01
389.72800000 1.9985745445e+01 7.3797327818e-15 0.0000000000e+00 7.3797327818e-15 1.9985745445e+01 0.0000000000e+00 0.0000000000e+00 0.0000000000e+00 -1.9361312542e+01
389.88000000 2.0028880092e+01 7.2193038083e-15 0.0000000000e+00 7.2193038083e-15 2.0028880092e+01 0.0000000000e+00 0.0000000000e+00 0.0000000000e+00 -1.9308493135e+01
390.03200000 2.0072190203e+01 7.5401617553e-15 0.0000000000e+00 7.5401617553e-15 2.0072190203e+01 0.0000000000e+00 0.0000000000e+00 0.0000000000e+00 -1.9255883387e+01
390.18400000 2.0115677001e+01 7.2193038083e-15 0.0000000000e+00 7.2193038083e-15 2.0115677001e+01 0.0000000000e+00 0.0000000000e+00 0.0000000000e+00 -1.9203482069e+01
390.33600000 2.0159341720e+01 7.3797327818e-15 0.0000000000e+00 7.3797327818e-15 2.0159341720e+01 0.0000000000e+00 0.0000000000e+00 0.0000000000e+00 -1.9151287959e+01
390.48800000 2.0203185603e+01 7.3797327818e-15 0.0000000000e+00 7.3797327818e-15 2.0203185603e+01 0.0000000000e+00 0.0000000000e+00 0.0000000000e+00 -1.9099299845e+01
390.64000000 2.0247209907e+01 7.5401617553e-15 0.0000000000e+00 7.5401617553e-15 2.0247209907e+01 0.0000000000e+00 0.0000000000e+00 0.0000000000e+00 -1.9047516526e+01
390.79200000 2.0291415898e+01 7.3797327818e-15 0.0000000000e+00 7.3797327818e-15 2.0291415898e+01 0.0000000000e+00 0.0000000000e+00 0.0000000000e+00 -1.8995936808e+01
390.94400000 2.0335804855e+01 7.3797327818e-15 0.0000000000e+00 7.3797327818e-15 2.0335804855e+01 0.0000000000e+00 0.0000000000e+00 0.0000000000e+00 -1.8944559508e+01
391.09600000 2.0380378066e+01 7.3797327818e-15 0.0000000000e+00 7.3797327818e-15 2.0380378066e+01 0.0000000000e+00 0.0000000000e+00 0.0000000000e+00 -1.8893383451e+01
391.24800000 2.0425136835e+01 7.5401617553e-15 0.0000000000e+00 7.5401617553e-15 2.0425136835e+01 0.0000000000e+00 0.0000000000e+00 0.0000000000e+00 -1.8842407472e+01
391.40000000 2.0470082473e+01 7.5401617553e-15 0.0000000000e+00 7.5401617553e-15 2.0470082473e+01 0.0000000000e+00 0.0000000000e+00 0.0000000000e+00 -1.8791630414e+01
391.55200000 2.0515216306e+01 7.5401617553e-15 0.0000000000e+00 7.5401617553e-15 2.0515216306e+01 0.0000000000e+00 0.0000000000e+00 0.0000000000e+00 -1.8741051129e+01
391.70400000 2.0560539671e+01 7.3797327818e-15 0.0000000000e+00 7.3797327818e-15 2.0560539671e+01 0.0000000000e+00 0.0000000000e+00 0.0000000000e+00 -1.8690668479e+01
391.85600000 2.0606053919e+01 7.3797327818e-15 0.0000000000e+00 7.3797327818e-15 2.0606053919e+01 0.0000000000e+00 0.0000000000e+00 0.0000000000e+00 -1.8640481333e+01
392.00800000 2.0651760410e+01 7.3797327818e-15 0.0000000000e+00 7.3797327818e-15 2.0651760410e+01 0.0000000000e+00 0.0000000000e+00 0.0000000000e+00 -1.8590488570e+01
392.16000000 2.0697660518e+01 7.7005907289e-15 0.0000000000e+00 7.7005907289e-15 2.0697660518e+01 0.0000000000e+00 0.0000000000e+00 0.0000000000e+00 -1.8540689076e+01
392.31200000 2.0743755632e+01 7.5401617553e-15 0.0000000000e+00 7.5401617553e-15 2.0743755632e+01 0.0000000000e+00 0.0000000000e+00 0.0000000000e+00 -1.8491081747e+01
392.46400000 2.0790047150e+01 7.5401617553e-15 0.0000000000e+00 7.5401617553e-15 2.0790047150e+01 0.0000000000e+00 0.0000000000e+00 0.0000000000e+00 -1.8441665486e+01
392.61600000 2.0836536485e+01 7.5401617553e-15 0.0000000000e+00 7.5401617553e-15 2.0836536485e+01 0.0000000000e+00 0.0000000000e+00 0.0000000000e+00 -1.8392439206e+01
392.76800000 2.0883225064e+01 7.5401617553e-15 0.0000000000e+00 7.5401617553e-15 2.0883225064e+01 0.0000000000e+00 0.0000000000e+00 0.0000000000e+00 -1.8343401827e+01
392.92000000 2.0930114324e+01 7.3797327818e-15 0.0000000000e+00 7.3797327818e-15 2.0930114324e+01 0.0000000000e+00 0.0000000000e+00 0.0000000000e+00 -1.8294552277e+01
393.07200000 2.0977205718e+01 7.3797327818e-15 0.0000000000e+00 7.3797327818e-15 2.0977205718e+01 0.0000000000e+00 0.0000000000e+00 0.0000000000e+00 -1.8245889493e+01
393.22400000 2.1024500713e+01 7.3797327818e-15 0.0000000000e+00 7.3797327818e-15 2.1024500713e+01 0.0000000000e+00 0.0000000000e+00 0.0000000000e+00 -1.8197412419e+01
393.37600000 2.1072000788e+01 7.5401617553e-15 0.0000000000e+00 7.5401617553e-15 2.1072000788e+01 0.0000000000e+00 0.0000000000e+00 0.0000000000e+00 -1.8149120007e+01
393.52800000 2.1119707436e+01 7.5401617553e-15 0.0000000000e+00 7.5401617553e-15 2.1119707436e+01 0.0000000000e+00 0.0000000000e+00 0.0000000000e+00 -1.8101011218e+01
393.68000000 2.1167622164e+01 7.5401617553e-15 0.0000000000e+00 7.5401617553e-15 2.1167622164e+01 0.0000000000e+00 0.0000000000e+00 0.0000000000e+00 -1.8053085019e+01
393.83200000 2.1215746496e+01 7.5401617553e-15 0.0000000000e+00 7.5401617553e-15 2.1215746496e+01 0.0000000000e+00 0.0000000000e+00 0.0000000000e+00 -1.8005340386e+01
393.98400000 2.1264081966e+01 7.3797327818e-15 0.0000000000e+00 7.3797327818e-15 2.1264081966e+01 0.0000000000e+00 0.0000000000e+00 0.0000000000e+00 -1.7957776303e+01
394.13600000 2.1312630125e+01 7.7005907289e-15 0.0000000000e+00 7.7005907289e-15 2.1312630125e+01 0.0000000000e+00 0.0000000000e+00 0.0000000000e+00 -1.7910391759e+01
394.28800000 2.1361392538e+01 7.7005907289e-15 0.0000000000e+00 7.7005907289e-15 2.1361392538e+01 0.0000000000e+00 0.0000000000e+00 0.0000000000e+00 -1.7863185754e+01
394.44000000 2.1410370787e+01 7.7005907289e-15 0.0000000000e+00 7.7005907289e-15 2.1410370787e+01 0.0000000000e+00 0.0000000000e+00 0.0000000000e+00 -1.7816157294e+01
394.59200000 2.1459566465e+01 7.7005907289e-15 0.0000000000e+00 7.7005907289e-15 2.1459566465e+01 0.0000000000e+00 0.0000000000e+00 0.0000000000e+00 -1.7769305390e+01
394.74400000 2.1508981184e+01 7.3797327818e-15 0.0000000000e+00 7.3797327818e-15 2.1508981184e+01 0.0000000000e+00 0.0000000000e+00 0.0000000000e+00 -1.7722629063e+01
394.89600000 2.1558616569e+01 7.3797327818e-15 0.0000000000e+00 7.3797327818e-15 2.1558616569e+01 0.0000000000e+00 0.0000000000e+00 0.0000000000e+00 -1.7676127341e+01
395.04800000 2.1608474263e+01 7.3797327818e-15 0.0000000000e+00 7.3797327818e-15 2.1608474263e+01 0.0000000000e+00 0.0000000000e+00 0.0000000000e+00 -1.7629799259e+01
395.20000000 2.1658555921e+01 7.7005907289e-15 0.0000000000e+00 7.7005907289e-15 2.1658555921e+01 0.0000000000e+00 0.0000000000e+00 0.0000000000e+00 -1.7583643858e+01
395.35200000 2.1708863218e+01 7.7005907289e-15 0.0000000000e+00 7.7005907289e-15 2.1708863218e+01 0.0000000000e+00 0.0000000000e+00 0.0000000000e+00 -1.7537660187e+01
395.50400000 2.1759397843e+01 7.7005907289e-15 0.0000000000e+00 7.7005907289e-15 2.1759397843e+01 0.0000000000e+00 0.0000000000e+00 0.0000000000e+00 -1.7491847302e+01
395.65600000 2.1810161502e+01 7.7005907289e-15 0.0000000000e+00 7.7005907289e-15 2.1810161502e+01 0.0000000000e+00 0.0000000000e+00 0.0000000000e+00 -1.7446204264e+01
395.80800000 2.1861155917e+01 7.7005907289e-15 0.0000000000e+00 7.7005907289e-15 2.1861155917e+01 0.0000000000e+00 0.0000000000e+00 0.0000000000e+00 -1.7400730145e+01
395.96000000 2.1912382828e+01 7.7005907289e-15 0.0000000000e+00 7.7005907289e-15 2.1912382828e+01 0.0000000000e+00 0.0000000000e+00 0.0000000000e+00 -1.7355424019e+01
396.11200000 2.1963843991e+01 7.7005907289e-15 0.0000000000e+00 7.7005907289e-15 2.1963843991e+01 0.0000000000e+00 0.0000000000e+00 0.0000000000e+00 -1.7310284970e+01
396.26400000 2.2015541179e+01 8.0214486759e-15 0.0000000000e+00 8.0214486759e-15 2.2015541179e+01 0.0000000000e+00 0.0000000000e+00 0.0000000000e+00 -1.7265312086e+01
396.41600000 2.2067476182e+01 7.7005907289e-15 0.0000000000e+00 7.7005907289e-15 2.2067476182e+01 0.0000000000e+00 0.0000000000e+00 0.0000000000e+00 -1.7220504466e+01
396.56800000 2.2119650810e+01 7.7005907289e-15 0.0000000000e+00 7.7005907289e-15 2.2119650810e+01 0.0000000000e+00 0.0000000000e+00 0.0000000000e+00 -1.7175861209e+01
396.72000000 2.2172066889e+01 8.0214486759e-15 0.0000000000e+00 8.0214486759e-15 2.2172066889e+01 0.0000000000e+00 0.0000000000e+00 0.0000000000e+00 -1.7131381427e+01
396.87200000 2.2224726262e+01 7.7005907289e-15 0.0000000000e+00 7.7005907289e-15 2.2224726262e+01 0.0000000000e+00 0.0000000000e+00 0.0000000000e+00 -1.7087064234e+01
397.02400000 2.2277630793e+01 7.7005907289e-15 0.0000000000e+00 7.7005907289e-15 2.2277630793e+01 0.0000000000e+00 0.0000000000e+00 0.0000000000e+00 -1.7042908752e+01
397.17600000 2.2330782362e+01 8.0214486759e-15 0.0000000000e+00 8.0214486759e-15 2.2330782362e+01 0.0000000000e+00 0.0000000000e+00 0.0000000000e+00 -1.6998914109e+01
397.32800000 2.2384182870e+01 8.0214486759e-15 0.0000000000e+00 8.0214486759e-15 2.2384182870e+01 0.0000000000e+00 0.0000000000e+00 0.0000000000e+00 -1.6955079440e+01
397.48000000 2.2437834235e+01 7.7005907289e-15 0.0000000000e+00 7.7005907289e-15 2.2437834235e+01 0.0000000000e+00 0.0000000000e+00 0.0000000000e+00 -1.6911403884e+01
397.63200000 2.2491738394e+01 7.7005907289e-15 0.0000000000e+00 7.7005907289e-15 2.2491738394e+01 0.0000000000e+00 0.0000000000e+00 0.0000000000e+00 -1.6867886590e+01
397.78400000 2.2545897307e+01 8.0214486759e-15 0.0000000000e+00 8.0214486759e-15 2.2545897307e+01 0.0000000000e+00 0.0000000000e+00 0.0000000000e+00 -1.6824526708e+01
397.93600000 2.2600312949e+01 8.0214486759e-15 0.0000000000e+00 8.0214486759e-15 2.2600312949e+01 0.0000000000e+00 0.0000000000e+00 0.0000000000e+00 -1.6781323399e+01
398.08800000 2.2654987317e+01 8.0214486759e-15 0.0000000000e+00 8.0214486759e-15 2.2654987317e+01 0.0000000000e+00 0.0000000000e+00 0.0000000000e+00 -1.6738275827e+01
398.24000000 2.2709922430e+01 8.0214486759e-15 0.0000000000e+00 8.0214486759e-15 2.2709922430e+01 0.0000000000e+00 0.0000000000e+00 0.0000000000e+00 -1.6695383162e+01
398.39200000 2.2765120324e+01 8.0214486759e-15 0.0000000000e+00 8.0214486759e-15 2.2765120324e+01 0.0000000000e+00 0.0000000000e+00 0.0000000000e+00 -1.6652644580e+01
398.54400000 2.2820583059e+01 8.0214486759e-15 0.0000000000e+00 8.0214486759e-15 2.2820583059e+01 0.0000000000e+00 0.0000000000e+00 0.0000000000e+00 -1.6610059265e+01
398.69600000 2.2876312712e+01 8.0214486759e-15 0.0000000000e+00 8.0214486759e-15 2.2876312712e+01 0.0000000000e+00 0.0000000000e+00 0.0000000000e+00 -1.6567626404e+01
398.84800000 2.2932311386e+01 8.0214486759e-15 0.0000000000e+00 8.0214486759e-15 2.2932311386e+01 0.0000000000e+00 0.0000000000e+00 0.0000000000e+00 -1.6525345191e+01
399.00000000 2.2988581202e+01 8.0214486759e-15 0.0000000000e+00 8.0214486759e-15 2.2988581202e+01 0.0000000000e+00 0.0000000000e+00 0.0000000000e+00 -1.6483214824e+01
399.15200000 2.3045124305e+01 8.0214486759e-15 0.0000000000e+00 8.0214486759e-15 2.3045124305e+01 0.0000000000e+00 0.0000000000e+00 0.0000000000e+00 -1.6441234510e+01
399.30400000 2.3101942859e+01 8.0214486759e-15 0.0000000000e+00 8.0214486759e-15 2.3101942859e+01 0.0000000000e+00 0.0000000000e+00 0.0000000000e+00 -1.6399403459e+01
399.45600000 2.3159039054e+01 8.0214486759e-15 0.0000000000e+00 8.0214486759e-15 2.3159039054e+01 0.0000000000e+00 0.0000000000e+00 0.0000000000e+00 -1.6357720886e+01
399.60800000 2.3216415100e+01 8.3423066229e-15 0.0000000000e+00 8.3423066229e-15 2.3216415100e+01 0.0000000000e+00 0.0000000000e+00 0.0000000000e+00 -1.6316186014e+01
399.76000000 2.3274073231e+01 8.3423066229e-15 0.0000000000e+00 8.3423066229e-15 2.3274073231e+01 0.0000000000e+00 0.0000000000e+00 0.0000000000e+00 -1.6274798069e+01
399.91200000 2.3332015706e+01 8.0214486759e-15 0.0000000000e+00 8.0214486759e-15 2.3332015706e+01 0.0000000000e+00 0.0000000000e+00 0.0000000000e+00 -1.6233556283e+01
400.06400000 2.3390244803e+01 8.3423066229e-15 0.0000000000e+00 8.3423066229e-15 2.3390244803e+01 0.0000000000e+00 0.0000000000e+00 0.0000000000e+00 -1.6192459894e+01
400.21600000 2.3448762828e+01 8.3423066229e-15 0.0000000000e+00 8.3423066229e-15 2.3448762828e+01 0.0000000000e+00 0.0000000000e+00 0.0000000000e+00 -1.6151508145e+01
400.36800000 2.3507572109e+01 8.0214486759e-15 0.0000000000e+00 8.0214486759e-15 2.3507572109e+01 0.0000000000e+00 0.0000000000e+00 0.0000000000e+00 -1.6110700284e+01
400.52000000 2.3566674999e+01 8.0214486759e-15 0.0000000000e+00 8.0214486759e-15 2.3566674999e+01 0.0000000000e+00 0.0000000000e+00 0.0000000000e+00 -1.6070035565e+01
400.67200000 2.3626073877e+01 8.3423066229e-15 0.0000000000e+00 8.3423066229e-15 2.3626073877e+01 0.0000000000e+00 0.0000000000e+00 0.0000000000e+00 -1.6029513245e+01
400.82400000 2.3685771146e+01 8.0214486759e-15 0.0000000000e+00 8.0214486759e-15 2.3685771146e+01 0.0000000000e+00 0.0000000000e+00 0.0000000000e+00 -1.5989132588e+01
400.97600000 2.3745769233e+01 8.3423066229e-15 0.0000000000e+00 8.3423066229e-15 2.3745769233e+01 0.0000000000e+00 0.0000000000e+00 0.0000000000e+00 -1.5948892864e+01
401.12800000 2.3806070593e+01 8.3423066229e-15 0.0000000000e+00 8.3423066229e-15 2.3806070593e+01 0.0000000000e+00 0.0000000000e+00 0.0000000000e+00 -1.5908793345e+01
401.28000000 2.3866677707e+01 8.3423066229e-15 0.0000000000e+00 8.3423066229e-15 2.3866677707e+01 0.0000000000e+00 0.0000000000e+00 0.0000000000e+00 -1.5868833309e+01
401.43200000 2.3927593082e+01 8.3423066229e-15 0.0000000000e+00 8.3423066229e-15 2.3927593082e+01 0.0000000000e+00 0.0000000000e+00 0.0000000000e+00 -1.5829012041e+01
401.58400000 2.3988819251e+01 8.3423066229e-15 0.0000000000e+00 8.3423066229e-15 2.3988819251e+01 0.0000000000e+00 0.0000000000e+00 0.0000000000e+00 -1.5789328829e+01
401.73600000 2.4050358774e+01 8.3423066229e-15 0.0000000000e+00 8.3423066229e-15 2.4050358774e+01 0.0000000000e+00 0.0000000000e+00 0.0000000000e+00 -1.5749782966e+01
401.88800000 2.4112214242e+01 8.6631645700e-15 0.0000000000e+00 8.6631645700e-15 2.4112214242e+01 0.0000000000e+00 0.0000000000e+00 0.0000000000e+00 -1.5710373750e+01
402.04000000 2.4174388269e+01 8.3423066229e-15 0.0000000000e+00 8.3423066229e-15 2.4174388269e+01 0.0000000000e+00 0.0000000000e+00 0.0000000000e+00 -1.5671100484e+01
402.19200000 2.4236883500e+01 8.3423066229e-15 0.0000000000e+00 8.3423066229e-15 2.4236883500e+01 0.0000000000e+00 0.0000000000e+00 0.0000000000e+00 -1.5631962475e+01
402.34400000 2.4299702610e+01 8.6631645700e-15 0.0000000000e+00 8.6631645700e-15 2.4299702610e+01 0.0000000000e+00 0.0000000000e+00 0.0000000000e+00 -1.5592959036e+01
402.49600000 2.4362848300e+01 8.6631645700e-15 0.0000000000e+00 8.6631645700e-15 2.4362848300e+01 0.0000000000e+00 0.0000000000e+00 0.0000000000e+00 -1.5554089483e+01
402.64800000 2.4426323302e+01 8.3423066229e-15 0.0000000000e+00 8.3423066229e-15 2.4426323302e+01 0.0000000000e+00 0.0000000000e+00 0.0000000000e+00 -1.5515353137e+01
402.80000000 2.4490130378e+01 8.3423066229e-15 0.0000000000e+00 8.3423066229e-15 2.4490130378e+01 0.0000000000e+00 0.0000000000e+00 0.0000000000e+00 -1.5476749325e+01
402.95200000 2.4554272321e+01 8.6631645700e-15 0.0000000000e+00 8.6631645700e-15 2.4554272321e+01 0.0000000000e+00 0.0000000000e+00 0.0000000000e+00 -1.5438277377e+01
403.10400000 2.4618751952e+01 8.6631645700e-15 0.0000000000e+00 8.6631645700e-15 2.4618751952e+01 0.0000000000e+00 0.0000000000e+00 0.0000000000e+00 -1.5399936627e+01
403.25600000 2.4683572126e+01 8.6631645700e-15 0.0000000000e+00 8.6631645700e-15 2.4683572126e+01 0.0000000000e+00 0.0000000000e+00 0.0000000000e+00 -1.5361726417e+01
403.40800000 2.4748735727e+01 8.6631645700e-15 0.0000000000e+00 8.6631645700e-15 2.4748735727e+01 0.0000000000e+00 0.0000000000e+00 0.0000000000e+00 -1.5323646088e+01
403.56000000 2.4814245675e+01 8.6631645700e-15 0.0000000000e+00 8.6631645700e-15 2.4814245675e+01 0.0000000000e+00 0.0000000000e+00 0.0000000000e+00 -1.5285694990e+01
403.71200000 2.4880104917e+01 8.6631645700e-15 0.0000000000e+00 8.6631645700e-15 2.4880104917e+01 0.0000000000e+00 0.0000000000e+00 0.0000000000e+00 -1.5247872475e+01
403.86400000 2.4946316437e+01 8.6631645700e-15 0.0000000000e+00 8.6631645700e-15 2.4946316437e+01 0.0000000000e+00 0.0000000000e+00 0.0000000000e+00 -1.5210177900e+01
404.01600000 2.5012883251e+01 8.6631645700e-15 0.0000000000e+00 8.6631645700e-15 2.5012883251e+01 0.0000000000e+00 0.0000000000e+00 0.0000000000e+00 -1.5172610626e+01
404.16800000 2.5079808409e+01 8.6631645700e-15 0.0000000000e+00 8.6631645700e-15 2.5079808409e+01 0.0000000000e+00 0.0000000000e+00 0.0000000000e+00 -1.5135170018e+01
404.32000000 2.5147094995e+01 8.6631645700e-15 0.0000000000e+00 8.6631645700e-15 2.5147094995e+01 0.0000000000e+00 0.0000000000e+00 0.0000000000e+00 -1.5097855446e+01
404.47200000 2.5214746126e+01 8.6631645700e-15 0.0000000000e+00 8.6631645700e-15 2.5214746126e+01 0.0000000000e+00 0.0000000000e+00 0.0000000000e+00 -1.5060666283e+01
404.62400000 2.5282764959e+01 8.9840225170e-15 0.0000000000e+00 8.9840225170e-15 2.5282764959e+01 0.0000000000e+00 0.0000000000e+00 0.0000000000e+00 -1.5023601908e+01
404.77600000 2.5351154682e+01 8.6631645700e-15 0.0000000000e+00 8.6631645700e-15 2.5351154682e+01 0.0000000000e+00 0.0000000000e+00 0.0000000000e+00 -1.4986661702e+01
404.92800000 2.5419918520e+01 8.9840225170e-15 0.0000000000e+00 8.9840225170e-15 2.5419918520e+01 0.0000000000e+00 0.0000000000e+00 0.0000000000e+00 -1.4949845051e+01
405.08000000 2.5489059738e+01 8.9840225170e-15 0.0000000000e+00 8.9840225170e-15 2.5489059738e+01 0.0000000000e+00 0.0000000000e+00 0.0000000000e+00 -1.4913151346e+01
405.23200000 2.5558581635e+01 8.6631645700e-15 0.0000000000e+00 8.6631645700e-15 2.5558581635e+01 0.0000000000e+00 0.0000000000e+00 0.0000000000e+00 -1.4876579979e+01
405.38400000 2.5628487549e+01 8.9840225170e-15 0.0000000000e+00 8.9840225170e-15 2.5628487549e+01 0.0000000000e+00 0.0000000000e+00 0.0000000000e+00 -1.4840130351e+01
405.53600000 2.5698780856e+01 8.9840225170e-15 0.0000000000e+00 8.9840225170e-15 2.5698780856e+01 0.0000000000e+00 0.0000000000e+00 0.0000000000e+00 -1.4803801861e+01
405.68800000 2.5769464971e+01 8.6631645700e-15 0.0000000000e+00 8.6631645700e-15 2.5769464971e+01 0.0000000000e+00 0.0000000000e+00 0.0000000000e+00 -1.4767593916e+01
405.84000000 2.5840543348e+01 8.6631645700e-15 0.0000000000e+00 8.6631645700e-15 2.5840543348e+01 0.0000000000e+00 0.0000000000e+00 0.0000000000e+00 -1.4731505926e+01
405.99200000 2.5912019483e+01 8.6631645700e-15 0.0000000000e+00 8.6631645700e-15 2.5912019483e+01 0.0000000000e+00 0.0000000000e+00 0.0000000000e+00 -1.4695537304e+01
406.14400000 2.5983896910e+01 8.9840225170e-15 0.0000000000e+00 8.9840225170e-15 2.5983896910e+01 0.0000000000e+00 0.0000000000e+00 0.0000000000e+00 -1.4659687467e+01
406.29600000 2.6056179206e+01 8.9840225170e-15 0.0000000000e+00 8.9840225170e-15 2.6056179206e+01 0.0000000000e+00 0.0000000000e+00 0.0000000000e+00 -1.4623955837e+01
406.44800000 2.6128869989e+01 8.9840225170e-15 0.0000000000e+00 8.9840225170e-15 2.6128869988e+01 0.0000000000e+00 0.0000000000e+00 0.0000000000e+00 -1.4588341838e+01
406.60000000 2.6201972918e+01 8.9840225170e-15 0.0000000000e+00 8.9840225170e-15 2.6201972918e+01 0.0000000000e+00 0.0000000000e+00 0.0000000000e+00 -1.4552844899e+01
406.75200000 2.6275491699e+01 9.3048804640e-15 0.0000000000e+00 9.3048804640e-15 2.6275491699e+01 0.0000000000e+00 0.0000000000e+00 0.0000000000e+00 -1.4517464452e+01
406.90400000 2.6349430078e+01 8.9840225170e-15 0.0000000000e+00 8.9840225170e-15 2.6349430078e+01 0.0000000000e+00 0.0000000000e+00 0.0000000000e+00 -1.4482199933e+01
407.05600000 2.6423791846e+01 8.9840225170e-15 0.0000000000e+00 8.9840225170e-15 2.6423791846e+01 0.0000000000e+00 0.0000000000e+00 0.0000000000e+00 -1.4447050781e+01
407.20800000 2.6498580840e+01 8.9840225170e-15 0.0000000000e+00 8.9840225170e-15 2.6498580840e+01 0.0000000000e+00 0.0000000000e+00 0.0000000000e+00 -1.4412016440e+01
407.36000000 2.6573800943e+01 8.9840225170e-15 0.0000000000e+00 8.9840225170e-15 2.6573800943e+01 0.0000000000e+00 0.0000000000e+00 0.0000000000e+00 -1.4377096355e+01
407.51200000 2.6649456081e+01 9.3048804640e-15 0.0000000000e+00 9.3048804640e-15 2.6649456081e+01 0.0000000000e+00 0.0000000000e+00 0.0000000000e+00 -1.4342289979e+01
407.66400000 2.6725550231e+01 8.9840225170e-15 0.0000000000e+00 8.9840225170e-15 2.6725550231e+01 0.0000000000e+00 0.0000000000e+00 0.0000000000e+00 -1.4307596763e+01
407.81600000 2.6802087416e+01 9.3048804640e-15 0.0000000000e+00 9.3048804640e-15 2.6802087416e+01 0.0000000000e+00 0.0000000000e+00 0.0000000000e+00 -1.4273016165e+01
407.96800000 2.6879071707e+01 9.3048804640e-15 0.0000000000e+00 9.3048804640e-15 2.6879071707e+01 0.0000000000e+00 0.0000000000e+00 0.0000000000e+00 -1.4238547646e+01
408.12000000 2.6956507224e+01 9.3048804640e-15 0.0000000000e+00 9.3048804640e-15 2.6956507224e+01 0.0000000000e+00 0.0000000000e+00 0.0000000000e+00 -1.4204190671e+01
408.27200000 2.7034398137e+01 8.9840225170e-15 0.0000000000e+00 8.9840225170e-15 2.7034398137e+01 0.0000000000e+00 0.0000000000e+00 0.0000000000e+00 -1.4169944705e+01
408.42400000 2.7112748668e+01 9.3048804640e-15 0.0000000000e+00 9.3048804640e-15 2.7112748668e+01 0.0000000000e+00 0.0000000000e+00 0.0000000000e+00 -1.4135809221e+01
408.57600000 2.7191563089e+01 9.3048804640e-15 0.0000000000e+00 9.3048804640e-15 2.7191563089e+01 0.0000000000e+00 0.0000000000e+00 0.0000000000e+00 -1.4101783692e+01
408.72800000 2.7270845725e+01 9.3048804640e-15 0.0000000000e+00 9.3048804640e-15 2.7270845725e+01 0.0000000000e+00 0.0000000000e+00 0.0000000000e+00 -1.4067867595e+01
408.88000000 2.7350600951e+01 9.3048804640e-15 0.0000000000e+00 9.3048804640e-15 2.7350600951e+01 0.0000000000e+00 0.0000000000e+00 0.0000000000e+00 -1.4034060413e+01
409.03200000 2.7430833200e+01 9.3048804640e-15 0.0000000000e+00 9.3048804640e-15 2.7430833200e+01 0.0000000000e+00 0.0000000000e+00 0.0000000000e+00 -1.4000361628e+01
409.18400000 2.7511546958e+01 9.3048804640e-15 0.0000000000e+00 9.3048804640e-15 2.7511546958e+01 0.0000000000e+00 0.0000000000e+00 0.0000000000e+00 -1.3966770728e+01
409.33600000 2.7592746765e+01 9.3048804640e-15 0.0000000000e+00 9.3048804640e-15 2.7592746765e+01 0.0000000000e+00 0.0000000000e+00 0.0000000000e+00 -1.3933287204e+01
409.48800000 2.7674437218e+01 9.6257384111e-15 0.0000000000e+00 9.6257384111e-15 2.7674437218e+01 0.0000000000e+00 0.0000000000e+00 0.0000000000e+00 -1.3899910549e+01
409.64000000 2.7756622972e+01 9.3048804640e-15 0.0000000000e+00 9.3048804640e-15 2.7756622972e+01 0.0000000000e+00 0.0000000000e+00 0.0000000000e+00 -1.3866640260e+01
409.79200000 2.7839308740e+01 9.3048804640e-15 0.0000000000e+00 9.3048804640e-15 2.7839308740e+01 0.0000000000e+00 0.0000000000e+00 0.0000000000e+00 -1.3833475837e+01
409.94400000 2.7922499292e+01 9.6257384111e-15 0.0000000000e+00 9.6257384111e-15 2.7922499292e+01 0.0000000000e+00 0.0000000000e+00 0.0000000000e+00 -1.3800416783e+01
410.09600000 2.8006199460e+01 9.6257384111e-15 0.0000000000e+00 9.6257384111e-15 2.8006199460e+01 0.0000000000e+00 0.0000000000e+00 0.0000000000e+00 -1.3767462605e+01
410.24800000 2.8090414136e+01 9.6257384111e-15 0.0000000000e+00 9.6257384111e-15 2.8090414136e+01 0.0000000000e+00 0.0000000000e+00 0.0000000000e+00 -1.3734612812e+01
410.40000000 2.8175148273e+01 9.6257384111e-15 0.0000000000e+00 9.6257384111e-15 2.8175148273e+01 0.0000000000e+00 0.0000000000e+00 0.0000000000e+00 -1.3701866916e+01
410.55200000 2.8260406888e+01 9.6257384111e-15 0.0000000000e+00 9.6257384111e-15 2.8260406888e+01 0.0000000000e+00 0.0000000000e+00 0.0000000000e+00 -1.3669224432e+01
410.70400000 2.8346195060e+01 9.6257384111e-15 0.0000000000e+00 9.6257384111e-15 2.8346195060e+01 0.0000000000e+00 0.0000000000e+00 0.0000000000e+00 -1.3636684879e+01
410.85600000 2.8432517934e+01 9.6257384111e-15 0.0000000000e+00 9.6257384111e-15 2.8432517934e+01 0.0000000000e+00 0.0000000000e+00 0.0000000000e+00 -1.3604247779e+01
411.00800000 2.8519380721e+01 9.6257384111e-15 0.0000000000e+00 9.6257384111e-15 2.8519380721e+01 0.0000000000e+00 0.0000000000e+00 0.0000000000e+00 -1.3571912655e+01
411.16000000 2.8606788697e+01 9.6257384111e-15 0.0000000000e+00 9.6257384111e-15 2.8606788697e+01 0.0000000000e+00 0.0000000000e+00 0.0000000000e+00 -1.3539679034e+01
411.31200000 2.8694747208e+01 9.6257384111e-15 0.0000000000e+00 9.6257384111e-15 2.8694747208e+01 0.0000000000e+00 0.0000000000e+00 0.0000000000e+00 -1.3507546448e+01
411.46400000 2.8783261666e+01 9.9465963581e-15 0.0000000000e+00 9.9465963581e-15 2.8783261666e+01 0.0000000000e+00 0.0000000000e+00 0.0000000000e+00 -1.3475514428e+01
411.61600000 2.8872337556e+01 9.9465963581e-15 0.0000000000e+00 9.9465963581e-15 2.8872337556e+01 0.0000000000e+00 0.0000000000e+00 0.0000000000e+00 -1.3443582511e+01
411.76800000 2.8961980432e+01 9.6257384111e-15 0.0000000000e+00 9.6257384111e-15 2.8961980432e+01 0.0000000000e+00 0.0000000000e+00 0.0000000000e+00 -1.3411750236e+01
411.92000000 2.9052195922e+01 9.6257384111e-15 0.0000000000e+00 9.6257384111e-15 2.9052195922e+01 0.0000000000e+00 0.0000000000e+00 0.0000000000e+00 -1.3380017144e+01
412.07200000 2.9142989726e+01 9.9465963581e-15 0.0000000000e+00 9.9465963581e-15 2.9142989726e+01 0.0000000000e+00 0.0000000000e+00 0.0000000000e+00 -1.3348382779e+01
412.22400000 2.9234367619e+01 9.9465963581e-15 0.0000000000e+00 9.9465963581e-15 2.9234367619e+01 0.0000000000e+00 0.0000000000e+00 0.0000000000e+00 -1.3316846688e+01
412.37600000 2.9326335452e+01 9.9465963581e-15 0.0000000000e+00 9.9465963581e-15 2.9326335452e+01 0.0000000000e+00 0.0000000000e+00 0.0000000000e+00 -1.3285408422e+01
412.52800000 2.9418899152e+01 9.9465963581e-15 0.0000000000e+00 9.9465963581e-15 2.9418899152e+01 0.0000000000e+00 0.0000000000e+00 0.0000000000e+00 -1.3254067533e+01
412.68000000 2.9512064727e+01 9.9465963581e-15 0.0000000000e+00 9.9465963581e-15 2.9512064727e+01 0.0000000000e+00 0.0000000000e+00 0.0000000000e+00 -1.3222823576e+01
412.83200000 2.9605838263e+01 9.9465963581e-15 0.0000000000e+00 9.9465963581e-15 2.9605838263e+01 0.0000000000e+00 0.0000000000e+00 0.0000000000e+00 -1.3191676109e+01
412.98400000 2.9700225925e+01 9.9465963581e-15 0.0000000000e+00 9.9465963581e-15 2.9700225925e+01 0.0000000000e+00 0.0000000000e+00 0.0000000000e+00 -1.3160624693e+01
413.13600000 2.9795233964e+01 1.0267454305e-14 0.0000000000e+00 1.0267454305e-14 2.9795233964e+01 0.0000000000e+00 0.0000000000e+00 0.0000000000e+00 -1.3129668892e+01
413.28800000 2.9890868711e+01 1.0267454305e-14 0.0000000000e+00 1.0267454305e-14 2.9890868711e+01 0.0000000000e+00 0.0000000000e+00 0.0000000000e+00 -1.3098808271e+01
413.44000000 2.9987136586e+01 9.9465963581e-15 0.0000000000e+00 9.9465963581e-15 2.9987136586e+01 0.0000000000e+00 0.0000000000e+00 0.0000000000e+00 -1.3068042399e+01
413.59200000 3.0084044091e+01 1.0267454305e-14 0.0000000000e+00 1.0267454305e-14 3.0084044091e+01 0.0000000000e+00 0.0000000000e+00 0.0000000000e+00 -1.3037370847e+01
413.74400000 3.0181597820e+01 9.9465963581e-15 0.0000000000e+00 9.9465963581e-15 3.0181597820e+01 0.0000000000e+00 0.0000000000e+00 0.0000000000e+00 -1.3006793188e+01
413.89600000 3.0279804454e+01 1.0267454305e-14 0.0000000000e+00 1.0267454305e-14 3.0279804454e+01 0.0000000000e+00 0.0000000000e+00 0.0000000000e+00 -1.2976309000e+01
414.04800000 3.0378670764e+01 1.0267454305e-14 0.0000000000e+00 1.0267454305e-14 3.0378670764e+01 0.0000000000e+00 0.0000000000e+00 0.0000000000e+00 -1.2945917861e+01
414.20000000 3.0478203617e+01 1.0267454305e-14 0.0000000000e+00 1.0267454305e-14 3.0478203617e+01 0.0000000000e+00 0.0000000000e+00 0.0000000000e+00 -1.2915619352e+01
414.35200000 3.0578409969e+01 1.0267454305e-14 0.0000000000e+00 1.0267454305e-14 3.0578409969e+01 0.0000000000e+00 0.0000000000e+00 0.0000000000e+00 -1.2885413058e+01
414.50400000 3.0679296877e+01 1.0267454305e-14 0.0000000000e+00 1.0267454305e-14 3.0679296877e+01 0.0000000000e+00 0.0000000000e+00 0.0000000000e+00 -1.2855298564e+01
414.65600000 3.0780871491e+01 1.0267454305e-14 0.0000000000e+00 1.0267454305e-14 3.0780871491e+01 0.0000000000e+00 0.0000000000e+00 0.0000000000e+00 -1.2825275459e+01
414.80800000 3.0883141061e+01 1.0267454305e-14 0.0000000000e+00 1.0267454305e-14 3.0883141061e+01 0.0000000000e+00 0.0000000000e+00 0.0000000000e+00 -1.2795343335e+01
414.96000000 3.0986112939e+01 1.0588312252e-14 0.0000000000e+00 1.0588312252e-14 3.0986112939e+01 0.0000000000e+00 0.0000000000e+00 0.0000000000e+00 -1.2765501785e+01
415.11200000 3.1089794577e+01 1.0267454305e-14 0.0000000000e+00 1.0267454305e-14 3.1089794577e+01 0.0000000000e+00 0.0000000000e+00 0.0000000000e+00 -1.2735750406e+01
415.26400000 3.1194193533e+01 1.0588312252e-14 0.0000000000e+00 1.0588312252e-14 3.1194193533e+01 0.0000000000e+00 0.0000000000e+00 0.0000000000e+00 -1.2706088796e+01
415.41600000 3.1299317470e+01 1.0588312252e-14 0.0000000000e+00 1.0588312252e-14 3.1299317470e+01 0.0000000000e+00 0.0000000000e+00 0.0000000000e+00 -1.2676516555e+01
415.56800000 3.1405174159e+01 1.0588312252e-14 0.0000000000e+00 1.0588312252e-14 3.1405174159e+01 0.0000000000e+00 0.0000000000e+00 0.0000000000e+00 -1.2647033287e+01
415.72000000 3.1511771479e+01 1.0588312252e-14 0.0000000000e+00 1.0588312252e-14 3.1511771479e+01 0.0000000000e+00 0.0000000000e+00 0.0000000000e+00 -1.2617638598e+01
415.87200000 3.1619117423e+01 1.0588312252e-14 0.0000000000e+00 1.0588312252e-14 3.1619117423e+01 0.0000000000e+00 0.0000000000e+00 0.0000000000e+00 -1.2588332094e+01
416.02400000 3.1727220096e+01 1.0588312252e-14 0.0000000000e+00 1.0588312252e-14 3.1727220096e+01 0.0000000000e+00 0.0000000000e+00 0.0000000000e+00 -1.2559113388e+01
416.17600000 3.1836087719e+01 1.0588312252e-14 0.0000000000e+00 1.0588312252e-14 3.1836087719e+01 0.0000000000e+00 0.0000000000e+00 0.0000000000e+00 -1.2529982090e+01
416.32800000 3.1945728629e+01 1.0588312252e-14 0.0000000000e+00 1.0588312252e-14 3.1945728629e+01 0.0000000000e+00 0.0000000000e+00 0.0000000000e+00 -1.2500937816e+01
416.48000000 3.2056151285e+01 1.0588312252e-14 0.0000000000e+00 1.0588312252e-14 3.2056151285e+01 0.0000000000e+00 0.0000000000e+00 0.0000000000e+00 -1.2471980182e+01
416.63200000 3.2167364265e+01 1.0909170199e-14 0.0000000000e+00 1.0909170199e-14 3.2167364265e+01 0.0000000000e+00 0.0000000000e+00 0.0000000000e+00 -1.2443108808e+01
416.78400000 3.2279376273e+01 1.0909170199e-14 0.0000000000e+00 1.0909170199e-14 3.2279376273e+01 0.0000000000e+00 0.0000000000e+00 0.0000000000e+00 -1.2414323316e+01
416.93600000 3.2392196138e+01 1.0909170199e-14 0.0000000000e+00 1.0909170199e-14 3.2392196138e+01 0.0000000000e+00 0.0000000000e+00 0.0000000000e+00 -1.2385623328e+01
417.08800000 3.2505832819e+01 1.0909170199e-14 0.0000000000e+00 1.0909170199e-14 3.2505832819e+01 0.0000000000e+00 0.0000000000e+00 0.0000000000e+00 -1.2357008471e+01
417.24000000 3.2620295402e+01 1.1230028146e-14 0.0000000000e+00 1.1230028146e-14 3.2620295402e+01 0.0000000000e+00 0.0000000000e+00 0.0000000000e+00 -1.2328478372e+01
417.39200000 3.2735593109e+01 1.0909170199e-14 0.0000000000e+00 1.0909170199e-14 3.2735593109e+01 0.0000000000e+00 0.0000000000e+00 0.0000000000e+00 -1.2300032662e+01
417.54400000 3.2851735298e+01 1.0909170199e-14 0.0000000000e+00 1.0909170199e-14 3.2851735298e+01 0.0000000000e+00 0.0000000000e+00 0.0000000000e+00 -1.2271670974e+01
417.69600000 3.2968731461e+01 1.1230028146e-14 0.0000000000e+00 1.1230028146e-14 3.2968731461e+01 0.0000000000e+00 0.0000000000e+00 0.0000000000e+00 -1.2243392941e+01
417.84800000 3.3086591235e+01 1.1230028146e-14 0.0000000000e+00 1.1230028146e-14 3.3086591235e+01 0.0000000000e+00 0.0000000000e+00 0.0000000000e+00 -1.2215198199e+01
418.00000000 3.3205324398e+01 1.1230028146e-14 0.0000000000e+00 1.1230028146e-14 3.3205324398e+01 0.0000000000e+00 0.0000000000e+00 0.0000000000e+00 -1.2187086389e+01
418.15200000 3.3324940872e+01 1.1230028146e-14 0.0000000000e+00 1.1230028146e-14 3.3324940872e+01 0.0000000000e+00 0.0000000000e+00 0.0000000000e+00 -1.2159057149e+01
418.30400000 3.3445450729e+01 1.1230028146e-14 0.0000000000e+00 1.1230028146e-14 3.3445450729e+01 0.0000000000e+00 0.0000000000e+00 0.0000000000e+00 -1.2131110124e+01
418.45600000 3.3566864192e+01 1.1230028146e-14 0.0000000000e+00 1.1230028146e-14 3.3566864192e+01 0.0000000000e+00 0.0000000000e+00 0.0000000000e+00 -1.2103244958e+01
418.60800000 3.3689191638e+01 1.1230028146e-14 0.0000000000e+00 1.1230028146e-14 3.3689191638e+01 0.0000000000e+00 0.0000000000e+00 0.0000000000e+00 -1.2075461297e+01
418.76000000 3.3812443599e+01 1.1550886093e-14 0.0000000000e+00 1.1550886093e-14 3.3812443599e+01 0.0000000000e+00 0.0000000000e+00 0.0000000000e+00 -1.2047758791e+01
418.91200000 3.3936630769e+01 1.1550886093e-14 0.0000000000e+00 1.1550886093e-14 3.3936630769e+01 0.0000000000e+00 0.0000000000e+00 0.0000000000e+00 -1.2020137091e+01
419.06400000 3.4061764003e+01 1.1550886093e-14 0.0000000000e+00 1.1550886093e-14 3.4061764003e+01 0.0000000000e+00 0.0000000000e+00 0.0000000000e+00 -1.1992595848e+01
419.21600000 3.4187854322e+01 1.1550886093e-14 0.0000000000e+00 1.1550886093e-14 3.4187854322e+01 0.0000000000e+00 0.0000000000e+00 0.0000000000e+00 -1.1965134719e+01
419.36800000 3.4314912916e+01 1.1550886093e-14 0.0000000000e+00 1.1550886093e-14 3.4314912916e+01 0.0000000000e+00 0.0000000000e+00 0.0000000000e+00 -1.1937753360e+01
419.52000000 3.4442951146e+01 1.1550886093e-14 0.0000000000e+00 1.1550886093e-14 3.4442951146e+01 0.0000000000e+00 0.0000000000e+00 0.0000000000e+00 -1.1910451430e+01
419.67200000 3.4571980550e+01 1.1550886093e-14 0.0000000000e+00 1.1550886093e-14 3.4571980550e+01 0.0000000000e+00 0.0000000000e+00 0.0000000000e+00 -1.1883228589e+01
419.82400000 3.4702012842e+01 1.1550886093e-14 0.0000000000e+00 1.1550886093e-14 3.4702012842e+01 0.0000000000e+00 0.0000000000e+00 0.0000000000e+00 -1.1856084500e+01
419.97600000 3.4833059922e+01 1.1550886093e-14 0.0000000000e+00 1.1550886093e-14 3.4833059922e+01 0.0000000000e+00 0.0000000000e+00 0.0000000000e+00 -1.1829018828e+01
420.12800000 3.4965133871e+01 1.1871744040e-14 0.0000000000e+00 1.1871744040e-14 3.4965133871e+01 0.0000000000e+00 0.0000000000e+00 0.0000000000e+00 -1.1802031239e+01
420.28000000 3.5098246962e+01 1.1550886093e-14 0.0000000000e+00 1.1550886093e-14 3.5098246962e+01 0.0000000000e+00 0.0000000000e+00 0.0000000000e+00 -1.1775121401e+01
420.43200000 3.5232411659e+01 1.1871744040e-14 0.0000000000e+00 1.1871744040e-14 3.5232411659e+01 0.0000000000e+00 0.0000000000e+00 0.0000000000e+00 -1.1748288985e+01
420.58400000 3.5367640625e+01 1.1871744040e-14 0.0000000000e+00 1.1871744040e-14 3.5367640625e+01 0.0000000000e+00 0.0000000000e+00 0.0000000000e+00 -1.1721533662e+01
420.73600000 3.5503946720e+01 1.1871744040e-14 0.0000000000e+00 1.1871744040e-14 3.5503946720e+01 0.0000000000e+00 0.0000000000e+00 0.0000000000e+00 -1.1694855107e+01
420.88800000 3.5641343010e+01 1.1871744040e-14 0.0000000000e+00 1.1871744040e-14 3.5641343010e+01 0.0000000000e+00 0.0000000000e+00 0.0000000000e+00 -1.1668252995e+01
421.04000000 3.5779842768e+01 1.1871744040e-14 0.0000000000e+00 1.1871744040e-14 3.5779842768e+01 0.0000000000e+00 0.0000000000e+00 0.0000000000e+00 -1.1641727003e+01
421.19200000 3.5919459482e+01 1.1871744040e-14 0.0000000000e+00 1.1871744040e-14 3.5919459482e+01 0.0000000000e+00 0.0000000000e+00 0.0000000000e+00 -1.1615276812e+01
421.34400000 3.6060206854e+01 1.2192601987e-14 0.0000000000e+00 1.2192601987e-14 3.6060206854e+01 0.0000000000e+00 0.0000000000e+00 0.0000000000e+00 -1.1588902101e+01
421.49600000 3.6202098807e+01 1.2192601987e-14 0.0000000000e+00 1.2192601987e-14 3.6202098807e+01 0.0000000000e+00 0.0000000000e+00 0.0000000000e+00 -1.1562602554e+01
421.64800000 3.6345149489e+01 1.2192601987e-14 0.0000000000e+00 1.2192601987e-14 3.6345149489e+01 0.0000000000e+00 0.0000000000e+00 0.0000000000e+00 -1.1536377857e+01
421.80000000 3.6489373278e+01 1.2192601987e-14 0.0000000000e+00 1.2192601987e-14 3.6489373278e+01 0.0000000000e+00 0.0000000000e+00 0.0000000000e+00 -1.1510227694e+01
421.95200000 3.6634784788e+01 1.2192601987e-14 0.0000000000e+00 1.2192601987e-14 3.6634784788e+01 0.0000000000e+00 0.0000000000e+00 0.0000000000e+00 -1.1484151754e+01
422.10400000 3.6781398869e+01 1.2192601987e-14 0.0000000000e+00 1.2192601987e-14 3.6781398869e+01 0.0000000000e+00 0.0000000000e+00 0.0000000000e+00 -1.1458149728e+01
422.25600000 3.6929230615e+01 1.2192601987e-14 0.0000000000e+00 1.2192601987e-14 3.6929230615e+01 0.0000000000e+00 0.0000000000e+00 0.0000000000e+00 -1.1432221306e+01
422.40800000 3.7078295371e+01 1.2513459934e-14 0.0000000000e+00 1.2513459934e-14 3.7078295371e+01 0.0000000000e+00 0.0000000000e+00 0.0000000000e+00 -1.1406366182e+01
422.56000000 3.7228608734e+01 1.2192601987e-14 0.0000000000e+00 1.2192601987e-14 3.7228608734e+01 0.0000000000e+00 0.0000000000e+00 0.0000000000e+00 -1.1380584052e+01
422.71200000 3.7380186560e+01 1.2192601987e-14 0.0000000000e+00 1.2192601987e-14 3.7380186560e+01 0.0000000000e+00 0.0000000000e+00 0.0000000000e+00 -1.1354874611e+01
422.86400000 3.7533044969e+01 1.2513459934e-14 0.0000000000e+00 1.2513459934e-14 3.7533044969e+01 0.0000000000e+00 0.0000000000e+00 0.0000000000e+00 -1.1329237558e+01
423.01600000 3.7687200351e+01 1.2513459934e-14 0.0000000000e+00 1.2513459934e-14 3.7687200351e+01 0.0000000000e+00 0.0000000000e+00 0.0000000000e+00 -1.1303672594e+01
423.16800000 3.7842669371e+01 1.2513459934e-14 0.0000000000e+00 1.2513459934e-14 3.7842669371e+01 0.0000000000e+00 0.0000000000e+00 0.0000000000e+00 -1.1278179419e+01
423.32000000 3.7999468975e+01 1.2513459934e-14 0.0000000000e+00 1.2513459934e-14 3.7999468975e+01 0.0000000000e+00 0.0000000000e+00 0.0000000000e+00 -1.1252757738e+01
423.47200000 3.8157616395e+01 1.2834317881e-14 0.0000000000e+00 1.2834317881e-14 3.8157616395e+01 0.0000000000e+00 0.0000000000e+00 0.0000000000e+00 -1.1227407254e+01
423.62400000 3.8317129155e+01 1.2834317881e-14 0.0000000000e+00 1.2834317881e-14 3.8317129155e+01 0.0000000000e+00 0.0000000000e+00 0.0000000000e+00 -1.1202127676e+01
423.77600000 3.8478025080e+01 1.2513459934e-14 0.0000000000e+00 1.2513459934e-14 3.8478025080e+01 0.0000000000e+00 0.0000000000e+00 0.0000000000e+00 -1.1176918710e+01
423.92800000 3.8640322298e+01 1.2513459934e-14 0.0000000000e+00 1.2513459934e-14 3.8640322298e+01 0.0000000000e+00 0.0000000000e+00 0.0000000000e+00 -1.1151780067e+01
424.08000000 3.8804039248e+01 1.2513459934e-14 0.0000000000e+00 1.2513459934e-14 3.8804039248e+01 0.0000000000e+00 0.0000000000e+00 0.0000000000e+00 -1.1126711457e+01
424.23200000 3.8969194689e+01 1.3155175828e-14 0.0000000000e+00 1.3155175828e-14 3.8969194689e+01 0.0000000000e+00 0.0000000000e+00 0.0000000000e+00 -1.1101712595e+01
424.38400000 3.9135807703e+01 1.2834317881e-14 0.0000000000e+00 1.2834317881e-14 3.9135807703e+01 0.0000000000e+00 0.0000000000e+00 0.0000000000e+00 -1.1076783194e+01
424.53600000 3.9303897703e+01 1.2834317881e-14 0.0000000000e+00 1.2834317881e-14 3.9303897703e+01 0.0000000000e+00 0.0000000000e+00 0.0000000000e+00 -1.1051922970e+01
424.68800000 3.9473484443e+01 1.3155175828e-14 0.0000000000e+00 1.3155175828e-14 3.9473484443e+01 0.0000000000e+00 0.0000000000e+00 0.0000000000e+00 -1.1027131641e+01
424.84000000 3.9644588020e+01 1.3155175828e-14 0.0000000000e+00 1.3155175828e-14 3.9644588020e+01 0.0000000000e+00 0.0000000000e+00 0.0000000000e+00 -1.1002408926e+01
424.99200000 3.9817228885e+01 1.3155175828e-14 0.0000000000e+00 1.3155175828e-14 3.9817228885e+01 0.0000000000e+00 0.0000000000e+00 0.0000000000e+00 -1.0977754545e+01
425.14400000 3.9991427853e+01 1.3155175828e-14 0.0000000000e+00 1.3155175828e-14 3.9991427853e+01 0.0000000000e+00 0.0000000000e+00 0.0000000000e+00 -1.0953168221e+01
425.29600000 4.0167206102e+01 1.3155175828e-14 0.0000000000e+00 1.3155175828e-14 4.0167206102e+01 0.0000000000e+00 0.0000000000e+00 0.0000000000e+00 -1.0928649678e+01
425.44800000 4.0344585192e+01 1.3155175828e-14 0.0000000000e+00 1.3155175828e-14 4.0344585192e+01 0.0000000000e+00 0.0000000000e+00 0.0000000000e+00 -1.0904198640e+01
425.60000000 4.0523587065e+01 1.3155175828e-14 0.0000000000e+00 1.3155175828e-14 4.0523587065e+01 0.0000000000e+00 0.0000000000e+00 0.0000000000e+00 -1.0879814834e+01
425.75200000 4.0704234056e+01 1.3155175828e-14 0.0000000000e+00 1.3155175828e-14 4.0704234056e+01 0.0000000000e+00 0.0000000000e+00 0.0000000000e+00 -1.0855497988e+01
425.90400000 4.0886548904e+01 1.3155175828e-14 0.0000000000e+00 1.3155175828e-14 4.0886548904e+01 0.0000000000e+00 0.0000000000e+00 0.0000000000e+00 -1.0831247832e+01
426.05600000 4.1070554758e+01 1.3476033776e-14 0.0000000000e+00 1.3476033776e-14 4.1070554758e+01 0.0000000000e+00 0.0000000000e+00 0.0000000000e+00 -1.0807064096e+01
426.20800000 4.1256275185e+01 1.3476033776e-14 0.0000000000e+00 1.3476033776e-14 4.1256275185e+01 0.0000000000e+00 0.0000000000e+00 0.0000000000e+00 -1.0782946514e+01
426.36000000 4.1443734184e+01 1.3155175828e-14 0.0000000000e+00 1.3155175828e-14 4.1443734184e+01 0.0000000000e+00 0.0000000000e+00 0.0000000000e+00 -1.0758894818e+01
426.51200000 4.1632956190e+01 1.3796891723e-14 0.0000000000e+00 1.3796891723e-14 4.1632956190e+01 0.0000000000e+00 0.0000000000e+00 0.0000000000e+00 -1.0734908744e+01
426.66400000 4.1823966089e+01 1.3796891723e-14 0.0000000000e+00 1.3796891723e-14 4.1823966089e+01 0.0000000000e+00 0.0000000000e+00 0.0000000000e+00 -1.0710988028e+01
426.81600000 4.2016789223e+01 1.3796891723e-14 0.0000000000e+00 1.3796891723e-14 4.2016789223e+01 0.0000000000e+00 0.0000000000e+00 0.0000000000e+00 -1.0687132410e+01
426.96800000 4.2211451405e+01 1.4117749670e-14 0.0000000000e+00 1.4117749670e-14 4.2211451405e+01 0.0000000000e+00 0.0000000000e+00 0.0000000000e+00 -1.0663341628e+01
427.12000000 4.2407978927e+01 1.3476033776e-14 0.0000000000e+00 1.3476033776e-14 4.2407978927e+01 0.0000000000e+00 0.0000000000e+00 0.0000000000e+00 -1.0639615423e+01
427.27200000 4.2606398570e+01 1.4117749670e-14 0.0000000000e+00 1.4117749670e-14 4.2606398570e+01 0.0000000000e+00 0.0000000000e+00 0.0000000000e+00 -1.0615953537e+01
427.42400000 4.2806737618e+01 1.4117749670e-14 0.0000000000e+00 1.4117749670e-14 4.2806737618e+01 0.0000000000e+00 0.0000000000e+00 0.0000000000e+00 -1.0592355714e+01
427.57600000 4.3009023867e+01 1.4117749670e-14 0.0000000000e+00 1.4117749670e-14 4.3009023867e+01 0.0000000000e+00 0.0000000000e+00 0.0000000000e+00 -1.0568821699e+01
427.72800000 4.3213285638e+01 1.4117749670e-14 0.0000000000e+00 1.4117749670e-14 4.3213285638e+01 0.0000000000e+00 0.0000000000e+00 0.0000000000e+00 -1.0545351238e+01
427.88000000 4.3419551788e+01 1.4117749670e-14 0.0000000000e+00 1.4117749670e-14 4.3419551788e+01 0.0000000000e+00 0.0000000000e+00 0.0000000000e+00 -1.0521944078e+01
428.03200000 4.3627851723e+01 1.4117749670e-14 0.0000000000e+00 1.4117749670e-14 4.3627851723e+01 0.0000000000e+00 0.0000000000e+00 0.0000000000e+00 -1.0498599970e+01
428.18400000 4.3838215412e+01 1.4759465564e-14 0.0000000000e+00 1.4759465564e-14 4.3838215412e+01 0.0000000000e+00 0.0000000000e+00 0.0000000000e+00 -1.0475318662e+01
428.33600000 4.4050673399e+01 1.4759465564e-14 0.0000000000e+00 1.4759465564e-14 4.4050673399e+01 0.0000000000e+00 0.0000000000e+00 0.0000000000e+00 -1.0452099907e+01
428.48800000 4.4265256813e+01 1.4759465564e-14 0.0000000000e+00 1.4759465564e-14 4.4265256813e+01 0.0000000000e+00 0.0000000000e+00 0.0000000000e+00 -1.0428943457e+01
428.64000000 4.4481997389e+01 1.4759465564e-14 0.0000000000e+00 1.4759465564e-14 4.4481997389e+01 0.0000000000e+00 0.0000000000e+00 0.0000000000e+00 -1.0405849067e+01
428.79200000 4.4700927474e+01 1.4759465564e-14 0.0000000000e+00 1.4759465564e-14 4.4700927474e+01 0.0000000000e+00 0.0000000000e+00 0.0000000000e+00 -1.0382816492e+01
428.94400000 4.4922080049e+01 1.4759465564e-14 0.0000000000e+00 1.4759465564e-14 4.4922080049e+01 0.0000000000e+00 0.0000000000e+00 0.0000000000e+00 -1.0359845488e+01
429.09600000 4.5145488739e+01 1.4759465564e-14 0.0000000000e+00 1.4759465564e-14 4.5145488739e+01 0.0000000000e+00 0.0000000000e+00 0.0000000000e+00 -1.0336935815e+01
429.24800000 4.5371187829e+01 1.4759465564e-14 0.0000000000e+00 1.4759465564e-14 4.5371187829e+01 0.0000000000e+00 0.0000000000e+00 0.0000000000e+00 -1.0314087231e+01
429.40000000 4.5599212282e+01 1.5401181458e-14 0.0000000000e+00 1.5401181458e-14 4.5599212282e+01 0.0000000000e+00 0.0000000000e+00 0.0000000000e+00 -1.0291299496e+01
429.55200000 4.5829597751e+01 1.4759465564e-14 0.0000000000e+00 1.4759465564e-14 4.5829597751e+01 0.0000000000e+00 0.0000000000e+00 0.0000000000e+00 -1.0268572372e+01
429.70400000 4.6062380602e+01 1.4759465564e-14 0.0000000000e+00 1.4759465564e-14 4.6062380602e+01 0.0000000000e+00 0.0000000000e+00 0.0000000000e+00 -1.0245905624e+01
429.85600000 4.6297597923e+01 1.5401181458e-14 0.0000000000e+00 1.5401181458e-14 4.6297597923e+01 0.0000000000e+00 0.0000000000e+00 0.0000000000e+00 -1.0223299013e+01
430.00800000 4.6535287548e+01 1.5401181458e-14 0.0000000000e+00 1.5401181458e-14 4.6535287548e+01 0.0000000000e+00 0.0000000000e+00 0.0000000000e+00 -1.0200752307e+01
430.16000000 4.6775488073e+01 1.4759465564e-14 0.0000000000e+00 1.4759465564e-14 4.6775488073e+01 0.0000000000e+00 0.0000000000e+00 0.0000000000e+00 -1.0178265272e+01
430.31200000 4.7018238873e+01 1.4759465564e-14 0.0000000000e+00 1.4759465564e-14 4.7018238873e+01 0.0000000000e+00 0.0000000000e+00 0.0000000000e+00 -1.0155837675e+01
430.46400000 4.7263580121e+01 1.5401181458e-14 0.0000000000e+00 1.5401181458e-14 4.7263580121e+01 0.0000000000e+00 0.0000000000e+00 0.0000000000e+00 -1.0133469286e+01
430.61600000 4.7511552812e+01 1.5401181458e-14 0.0000000000e+00 1.5401181458e-14 4.7511552812e+01 0.0000000000e+00 0.0000000000e+00 0.0000000000e+00 -1.0111159876e+01
430.76800000 4.7762198776e+01 1.5401181458e-14 0.0000000000e+00 1.5401181458e-14 4.7762198776e+01 0.0000000000e+00 0.0000000000e+00 0.0000000000e+00 -1.0088909214e+01
430.92000000 4.8015560705e+01 1.6042897352e-14 0.0000000000e+00 1.6042897352e-14 4.8015560705e+01 0.0000000000e+00 0.0000000000e+00 0.0000000000e+00 -1.0066717075e+01
431.07200000 4.8271682170e+01 1.6042897352e-14 0.0000000000e+00 1.6042897352e-14 4.8271682170e+01 0.0000000000e+00 0.0000000000e+00 0.0000000000e+00 -1.0044583232e+01
431.22400000 4.8530607644e+01 1.6042897352e-14 0.0000000000e+00 1.6042897352e-14 4.8530607644e+01 0.0000000000e+00 0.0000000000e+00 0.0000000000e+00 -1.0022507459e+01
431.37600000 4.8792382525e+01 1.6042897352e-14 0.0000000000e+00 1.6042897352e-14 4.8792382525e+01 0.0000000000e+00 0.0000000000e+00 0.0000000000e+00 -1.0000489534e+01
431.52800000 4.9057053159e+01 1.6042897352e-14 0.0000000000e+00 1.6042897352e-14 4.9057053159e+01 0.0000000000e+00 0.0000000000e+00 0.0000000000e+00 -9.9785292327e+00
431.68000000 4.9324666862e+01 1.6042897352e-14 0.0000000000e+00 1.6042897352e-14 4.9324666862e+01 0.0000000000e+00 0.0000000000e+00 0.0000000000e+00 -9.9566263340e+00
431.83200000 4.9595271947e+01 1.6042897352e-14 0.0000000000e+00 1.6042897352e-14 4.9595271947e+01 0.0000000000e+00 0.0000000000e+00 0.0000000000e+00 -9.9347806175e+00
431.98400000 4.9868917746e+01 1.6684613246e-14 0.0000000000e+00 1.6684613246e-14 4.9868917746e+01 0.0000000000e+00 0.0000000000e+00 0.0000000000e+00 -9.9129918638e+00
432.13600000 5.0145654638e+01 1.6042897352e-14 0.0000000000e+00 1.6042897352e-14 5.0145654638e+01 0.0000000000e+00 0.0000000000e+00 0.0000000000e+00 -9.8912598546e+00
432.28800000 5.0425534074e+01 1.6684613246e-14 0.0000000000e+00 1.6684613246e-14 5.0425534074e+01 0.0000000000e+00 0.0000000000e+00 0.0000000000e+00 -9.8695843727e+00
432.44000000 5.0708608605e+01 1.6684613246e-14 0.0000000000e+00 1.6684613246e-14 5.0708608605e+01 0.0000000000e+00 0.0000000000e+00 0.0000000000e+00 -9.8479652022e+00
432.59200000 5.0994931909e+01 1.6684613246e-14 0.0000000000e+00 1.6684613246e-14 5.0994931909e+01 0.0000000000e+00 0.0000000000e+00 0.0000000000e+00 -9.8264021282e+00
432.74400000 5.1284558821e+01 1.6042897352e-14 0.0000000000e+00 1.6042897352e-14 5.1284558821e+01 0.0000000000e+00 0.0000000000e+00 0.0000000000e+00 -9.8048949367e+00
432.89600000 5.1577545361e+01 1.6684613246e-14 0.0000000000e+00 1.6684613246e-14 5.1577545361e+01 0.0000000000e+00 0.0000000000e+00 0.0000000000e+00 -9.7834434150e+00
433.04800000 5.1873948764e+01 1.6684613246e-14 0.0000000000e+00 1.6684613246e-14 5.1873948764e+01 0.0000000000e+00 0.0000000000e+00 0.0000000000e+00 -9.7620473515e+00
433.20000000 5.2173827515e+01 1.7326329140e-14 0.0000000000e+00 1.7326329140e-14 5.2173827515e+01 0.0000000000e+00 0.0000000000e+00 0.0000000000e+00 -9.7407065354e+00
433.35200000 5.2477241374e+01 1.6684613246e-14 0.0000000000e+00 1.6684613246e-14 5.2477241374e+01 0.0000000000e+00 0.0000000000e+00 0.0000000000e+00 -9.7194207572e+00
433.50400000 5.2784251417e+01 1.7326329140e-14 0.0000000000e+00 1.7326329140e-14 5.2784251417e+01 0.0000000000e+00 0.0000000000e+00 0.0000000000e+00 -9.6981898085e+00
433.65600000 5.3094920063e+01 1.7326329140e-14 0.0000000000e+00 1.7326329140e-14 5.3094920063e+01 0.0000000000e+00 0.0000000000e+00 0.0000000000e+00 -9.6770134817e+00
433.80800000 5.3409311113e+01 1.7326329140e-14 0.0000000000e+00 1.7326329140e-14 5.3409311113e+01 0.0000000000e+00 0.0000000000e+00 0.0000000000e+00 -9.6558915705e+00
433.96000000 5.3727489783e+01 1.7326329140e-14 0.0000000000e+00 1.7326329140e-14 5.3727489783e+01 0.0000000000e+00 0.0000000000e+00 0.0000000000e+00 -9.6348238694e+00
434.11200000 5.4049522743e+01 1.7326329140e-14 0.0000000000e+00 1.7326329140e-14 5.4049522743e+01 0.0000000000e+00 0.0000000000e+00 0.0000000000e+00 -9.6138101740e+00
434.26400000 5.4375478153e+01 1.7968045034e-14 0.0000000000e+00 1.7968045034e-14 5.4375478153e+01 0.0000000000e+00 0.0000000000e+00 0.0000000000e+00 -9.5928502812e+00
434.41600000 5.4705425704e+01 1.7968045034e-14 0.0000000000e+00 1.7968045034e-14 5.4705425704e+01 0.0000000000e+00 0.0000000000e+00 0.0000000000e+00 -9.5719439884e+00
434.56800000 5.5039436653e+01 1.7968045034e-14 0.0000000000e+00 1.7968045034e-14 5.5039436653e+01 0.0000000000e+00 0.0000000000e+00 0.0000000000e+00 -9.5510910945e+00
434.72000000 5.5377583872e+01 1.7968045034e-14 0.0000000000e+00 1.7968045034e-14 5.5377583872e+01 0.0000000000e+00 0.0000000000e+00 0.0000000000e+00 -9.5302913991e+00
434.87200000 5.5719941880e+01 1.7968045034e-14 0.0000000000e+00 1.7968045034e-14 5.5719941880e+01 0.0000000000e+00 0.0000000000e+00 0.0000000000e+00 -9.5095447028e+00
435.02400000 5.6066586895e+01 1.7968045034e-14 0.0000000000e+00 1.7968045034e-14 5.6066586895e+01 0.0000000000e+00 0.0000000000e+00 0.0000000000e+00 -9.4888508075e+00
435.17600000 5.6417596872e+01 1.8609760928e-14 0.0000000000e+00 1.8609760928e-14 5.6417596872e+01 0.0000000000e+00 0.0000000000e+00 0.0000000000e+00 -9.4682095156e+00
435.32800000 5.6773051554e+01 1.7968045034e-14 0.0000000000e+00 1.7968045034e-14 5.6773051554e+01 0.0000000000e+00 0.0000000000e+00 0.0000000000e+00 -9.4476206310e+00
435.48000000 5.7133032514e+01 1.8609760928e-14 0.0000000000e+00 1.8609760928e-14 5.7133032514e+01 0.0000000000e+00 0.0000000000e+00 0.0000000000e+00 -9.4270839581e+00
435.63200000 5.7497623204e+01 1.8609760928e-14 0.0000000000e+00 1.8609760928e-14 5.7497623204e+01 0.0000000000e+00 0.0000000000e+00 0.0000000000e+00 -9.4065993026e+00
435.78400000 5.7866909007e+01 1.8609760928e-14 0.0000000000e+00 1.8609760928e-14 5.7866909007e+01 0.0000000000e+00 0.0000000000e+00 0.0000000000e+00 -9.3861664710e+00
435.93600000 5.8240977283e+01 1.8609760928e-14 0.0000000000e+00 1.8609760928e-14 5.8240977283e+01 0.0000000000e+00 0.0000000000e+00 0.0000000000e+00 -9.3657852707e+00
436.08800000 5.8619917425e+01 1.8609760928e-14 0.0000000000e+00 1.8609760928e-14 5.8619917425e+01 0.0000000000e+00 0.0000000000e+00 0.0000000000e+00 -9.3454555103e+00
436.24000000 5.9003820909e+01 1.9251476822e-14 0.0000000000e+00 1.9251476822e-14 5.9003820909e+01 0.0000000000e+00 0.0000000000e+00 0.0000000000e+00 -9.3251769991e+00
436.39200000 5.9392781349e+01 1.9251476822e-14 0.0000000000e+00 1.9251476822e-14 5.9392781349e+01 0.0000000000e+00 0.0000000000e+00 0.0000000000e+00 -9.3049495475e+00
436.54400000 5.9786894556e+01 1.9251476822e-14 0.0000000000e+00 1.9251476822e-14 5.9786894556e+01 0.0000000000e+00 0.0000000000e+00 0.0000000000e+00 -9.2847729666e+00
436.69600000 6.0186258587e+01 1.9251476822e-14 0.0000000000e+00 1.9251476822e-14 6.0186258587e+01 0.0000000000e+00 0.0000000000e+00 0.0000000000e+00 -9.2646470687e+00
436.84800000 6.0590973812e+01 1.9893192716e-14 0.0000000000e+00 1.9893192716e-14 6.0590973812e+01 0.0000000000e+00 0.0000000000e+00 0.0000000000e+00 -9.2445716668e+00
437.00000000 6.1001142970e+01 1.9893192716e-14 0.0000000000e+00 1.9893192716e-14 6.1001142970e+01 0.0000000000e+00 0.0000000000e+00 0.0000000000e+00 -9.2245465750e+00
437.15200000 6.1416871229e+01 1.9251476822e-14 0.0000000000e+00 1.9251476822e-14 6.1416871229e+01 0.0000000000e+00 0.0000000000e+00 0.0000000000e+00 -9.2045716082e+00
437.30400000 6.1838266250e+01 1.9893192716e-14 0.0000000000e+00 1.9893192716e-14 6.1838266250e+01 0.0000000000e+00 0.0000000000e+00 0.0000000000e+00 -9.1846465822e+00
437.45600000 6.2265438249e+01 1.9893192716e-14 0.0000000000e+00 1.9893192716e-14 6.2265438249e+01 0.0000000000e+00 0.0000000000e+00 0.0000000000e+00 -9.1647713137e+00
437.60800000 6.2698500066e+01 2.0534908610e-14 0.0000000000e+00 2.0534908610e-14 6.2698500066e+01 0.0000000000e+00 0.0000000000e+00 0.0000000000e+00 -9.1449456203e+00
437.76000000 6.3137567226e+01 1.9893192716e-14 0.0000000000e+00 1.9893192716e-14 6.3137567226e+01 0.0000000000e+00 0.0000000000e+00 0.0000000000e+00 -9.1251693206e+00
437.91200000 6.3582758010e+01 2.0534908610e-14 0.0000000000e+00 2.0534908610e-14 6.3582758010e+01 0.0000000000e+00 0.0000000000e+00 0.0000000000e+00 -9.1054422339e+00
438.06400000 6.4034193524e+01 2.0534908610e-14 0.0000000000e+00 2.0534908610e-14 6.4034193524e+01 0.0000000000e+00 0.0000000000e+00 0.0000000000e+00 -9.0857641804e+00
438.21600000 6.4491997766e+01 2.0534908610e-14 0.0000000000e+00 2.0534908610e-14 6.4491997766e+01 0.0000000000e+00 0.0000000000e+00 0.0000000000e+00 -9.0661349813e+00
438.36800000 6.4956297702e+01 2.1176624504e-14 0.0000000000e+00 2.1176624504e-14 6.4956297702e+01 0.0000000000e+00 0.0000000000e+00 0.0000000000e+00 -9.0465544586e+00
438.52000000 6.5427223332e+01 2.1176624504e-14 0.0000000000e+00 2.1176624504e-14 6.5427223332e+01 0.0000000000e+00 0.0000000000e+00 0.0000000000e+00 -9.0270224352e+00
438.67200000 6.5904907768e+01 2.0534908610e-14 0.0000000000e+00 2.0534908610e-14 6.5904907768e+01 0.0000000000e+00 0.0000000000e+00 0.0000000000e+00 -9.0075387346e+00
438.82400000 6.6389487307e+01 2.1176624504e-14 0.0000000000e+00 2.1176624504e-14 6.6389487307e+01 0.0000000000e+00 0.0000000000e+00 0.0000000000e+00 -8.9881031816e+00
438.97600000 6.6881101504e+01 2.1818340398e-14 0.0000000000e+00 2.1818340398e-14 6.6881101504e+01 0.0000000000e+00 0.0000000000e+00 0.0000000000e+00 -8.9687156014e+00
439.12800000 6.7379893249e+01 2.1818340398e-14 0.0000000000e+00 2.1818340398e-14 6.7379893249e+01 0.0000000000e+00 0.0000000000e+00 0.0000000000e+00 -8.9493758204e+00
439.28000000 6.7886008841e+01 2.1818340398e-14 0.0000000000e+00 2.1818340398e-14 6.7886008841e+01 0.0000000000e+00 0.0000000000e+00 0.0000000000e+00 -8.9300836655e+00
439.43200000 6.8399598069e+01 2.2460056293e-14 0.0000000000e+00 2.2460056293e-14 6.8399598069e+01 0.0000000000e+00 0.0000000000e+00 0.0000000000e+00 -8.9108389648e+00
439.58400000 6.8920814279e+01 2.2460056293e-14 0.0000000000e+00 2.2460056293e-14 6.8920814279e+01 0.0000000000e+00 0.0000000000e+00 0.0000000000e+00 -8.8916415469e+00
439.73600000 6.9449814461e+01 2.2460056293e-14 0.0000000000e+00 2.2460056293e-14 6.9449814461e+01 0.0000000000e+00 0.0000000000e+00 0.0000000000e+00 -8.8724912413e+00
439.88800000 6.9986759315e+01 2.2460056293e-14 0.0000000000e+00 2.2460056293e-14 6.9986759315e+01 0.0000000000e+00 0.0000000000e+00 0.0000000000e+00 -8.8533878785e+00
440.04000000 7.0531813332e+01 2.2460056293e-14 0.0000000000e+00 2.2460056293e-14 7.0531813332e+01 0.0000000000e+00 0.0000000000e+00 0.0000000000e+00 -8.8343312896e+00
440.19200000 7.1085144865e+01 2.2460056293e-14 0.0000000000e+00 2.2460056293e-14 7.1085144865e+01 0.0000000000e+00 0.0000000000e+00 0.0000000000e+00 -8.8153213066e+00
440.34400000 7.1646926204e+01 2.3101772187e-14 0.0000000000e+00 2.3101772187e-14 7.1646926204e+01 0.0000000000e+00 0.0000000000e+00 0.0000000000e+00 -8.7963577623e+00
440.49600000 7.2217333641e+01 2.3101772187e-14 0.0000000000e+00 2.3101772187e-14 7.2217333641e+01 0.0000000000e+00 0.0000000000e+00 0.0000000000e+00 -8.7774404902e+00
440.64800000 7.2796547546e+01 2.3743488081e-14 0.0000000000e+00 2.3743488081e-14 7.2796547546e+01 0.0000000000e+00 0.0000000000e+00 0.0000000000e+00 -8.7585693248e+00
440.80000000 7.3384752423e+01 2.3743488081e-14 0.0000000000e+00 2.3743488081e-14 7.3384752423e+01 0.0000000000e+00 0.0000000000e+00 0.0000000000e+00 -8.7397441010e+00
440.95200000 7.3982136981e+01 2.3743488081e-14 0.0000000000e+00 2.3743488081e-14 7.3982136981e+01 0.0000000000e+00 0.0000000000e+00 0.0000000000e+00 -8.7209646550e+00
441.10400000 7.4588894183e+01 2.3743488081e-14 0.0000000000e+00 2.3743488081e-14 7.4588894183e+01 0.0000000000e+00 0.0000000000e+00 0.0000000000e+00 -8.7022308234e+00
441.25600000 7.5205221303e+01 2.3743488081e-14 0.0000000000e+00 2.3743488081e-14 7.5205221303e+01 0.0000000000e+00 0.0000000000e+00 0.0000000000e+00 -8.6835424436e+00
441.40800000 7.5831319973e+01 2.4385203975e-14 0.0000000000e+00 2.4385203975e-14 7.5831319973e+01 0.0000000000e+00 0.0000000000e+00 0.0000000000e+00 -8.6648993540e+00
441.56000000 7.6467396217e+01 2.4385203975e-14 0.0000000000e+00 2.4385203975e-14 7.6467396217e+01 0.0000000000e+00 0.0000000000e+00 0.0000000000e+00 -8.6463013935e+00
441.71200000 7.7113660489e+01 2.4385203975e-14 0.0000000000e+00 2.4385203975e-14 7.7113660489e+01 0.0000000000e+00 0.0000000000e+00 0.0000000000e+00 -8.6277484019e+00
441.86400000 7.7770327690e+01 2.4385203975e-14 0.0000000000e+00 2.4385203975e-14 7.7770327690e+01 0.0000000000e+00 0.0000000000e+00 0.0000000000e+00 -8.6092402198e+00
442.01600000 7.8437617181e+01 2.5026919869e-14 0.0000000000e+00 2.5026919869e-14 7.8437617181e+01 0.0000000000e+00 0.0000000000e+00 0.0000000000e+00 -8.5907766884e+00
442.16800000 7.9115752784e+01 2.5668635763e-14 0.0000000000e+00 2.5668635763e-14 7.9115752784e+01 0.0000000000e+00 0.0000000000e+00 0.0000000000e+00 -8.5723576497e+00
442.32000000 7.9804962765e+01 2.5668635763e-14 0.0000000000e+00 2.5668635763e-14 7.9804962765e+01 0.0000000000e+00 0.0000000000e+00 0.0000000000e+00 -8.5539829465e+00
442.47200000 8.0505479802e+01 2.5668635763e-14 0.0000000000e+00 2.5668635763e-14 8.0505479802e+01 0.0000000000e+00 0.0000000000e+00 0.0000000000e+00 -8.5356524223e+00
442.62400000 8.1217540941e+01 2.5668635763e-14 0.0000000000e+00 2.5668635763e-14 8.1217540941e+01 0.0000000000e+00 0.0000000000e+00 0.0000000000e+00 -8.5173659213e+00
442.77600000 8.1941387522e+01 2.6310351657e-14 0.0000000000e+00 2.6310351657e-14 8.1941387522e+01 0.0000000000e+00 0.0000000000e+00 0.0000000000e+00 -8.4991232885e+00
442.92800000 8.2677265088e+01 2.6310351657e-14 0.0000000000e+00 2.6310351657e-14 8.2677265088e+01 0.0000000000e+00 0.0000000000e+00 0.0000000000e+00 -8.4809243696e+00
443.08000000 8.3425423269e+01 2.6952067551e-14 0.0000000000e+00 2.6952067551e-14 8.3425423269e+01 0.0000000000e+00 0.0000000000e+00 0.0000000000e+00 -8.4627690109e+00
443.23200000 8.4186115629e+01 2.6952067551e-14 0.0000000000e+00 2.6952067551e-14 8.4186115629e+01 0.0000000000e+00 0.0000000000e+00 0.0000000000e+00 -8.4446570597e+00
443.38400000 8.4959599489e+01 2.6952067551e-14 0.0000000000e+00 2.6952067551e-14 8.4959599489e+01 0.0000000000e+00 0.0000000000e+00 0.0000000000e+00 -8.4265883636e+00
443.53600000 8.5746135703e+01 2.6952067551e-14 0.0000000000e+00 2.6952067551e-14 8.5746135703e+01 0.0000000000e+00 0.0000000000e+00 0.0000000000e+00 -8.4085627713e+00
443.68800000 8.6545988403e+01 2.6952067551e-14 0.0000000000e+00 2.6952067551e-14 8.6545988403e+01 0.0000000000e+00 0.0000000000e+00 0.0000000000e+00 -8.3905801320e+00
443.84000000 8.7359424683e+01 2.6952067551e-14 0.0000000000e+00 2.6952067551e-14 8.7359424683e+01 0.0000000000e+00 0.0000000000e+00 0.0000000000e+00 -8.3726402957e+00
443.99200000 8.8186714244e+01 2.8235499339e-14 0.0000000000e+00 2.8235499339e-14 8.8186714244e+01 0.0000000000e+00 0.0000000000e+00 0.0000000000e+00 -8.3547431129e+00
444.14400000 8.9028128966e+01 2.8235499339e-14 0.0000000000e+00 2.8235499339e-14 8.9028128966e+01 0.0000000000e+00 0.0000000000e+00 0.0000000000e+00 -8.3368884350e+00
444.29600000 8.9883942422e+01 2.9518931127e-14 0.0000000000e+00 2.9518931127e-14 8.9883942422e+01 0.0000000000e+00 0.0000000000e+00 0.0000000000e+00 -8.3190761140e+00
444.44800000 9.0754429313e+01 2.8235499339e-14 0.0000000000e+00 2.8235499339e-14 9.0754429313e+01 0.0000000000e+00 0.0000000000e+00 0.0000000000e+00 -8.3013060027e+00
444.60000000 9.1639864820e+01 2.9518931127e-14 0.0000000000e+00 2.9518931127e-14 9.1639864820e+01 0.0000000000e+00 0.0000000000e+00 0.0000000000e+00 -8.2835779543e+00
444.75200000 9.2540523860e+01 2.9518931127e-14 0.0000000000e+00 2.9518931127e-14 9.2540523860e+01 0.0000000000e+00 0.0000000000e+00 0.0000000000e+00 -8.2658918230e+00
444.90400000 9.3456680237e+01 3.0802362915e-14 0.0000000000e+00 3.0802362915e-14 9.3456680237e+01 0.0000000000e+00 0.0000000000e+00 0.0000000000e+00 -8.2482474634e+00
445.05600000 9.4388605675e+01 2.9518931127e-14 0.0000000000e+00 2.9518931127e-14 9.4388605675e+01 0.0000000000e+00 0.0000000000e+00 0.0000000000e+00 -8.2306447309e+00
445.20800000 9.5336568718e+01 3.0802362915e-14 0.0000000000e+00 3.0802362915e-14 9.5336568718e+01 0.0000000000e+00 0.0000000000e+00 0.0000000000e+00 -8.2130834817e+00
445.36000000 9.6300833482e+01 3.0802362915e-14 0.0000000000e+00 3.0802362915e-14 9.6300833482e+01 0.0000000000e+00 0.0000000000e+00 0.0000000000e+00 -8.1955635723e+00
445.51200000 9.7281658241e+01 3.0802362915e-14 0.0000000000e+00 3.0802362915e-14 9.7281658241e+01 0.0000000000e+00 0.0000000000e+00 0.0000000000e+00 -8.1780848603e+00
445.66400000 9.8279293826e+01 3.0802362915e-14 0.0000000000e+00 3.0802362915e-14 9.8279293826e+01 0.0000000000e+00 0.0000000000e+00 0.0000000000e+00 -8.1606472035e+00
445.81600000 9.9293981820e+01 3.0802362915e-14 0.0000000000e+00 3.0802362915e-14 9.9293981820e+01 0.0000000000e+00 0.0000000000e+00 0.0000000000e+00 -8.1432504607e+00
445.96800000 1.0032595252e+02 3.2085794704e-14 0.0000000000e+00 3.2085794704e-14 1.0032595252e+02 0.0000000000e+00 0.0000000000e+00 0.0000000000e+00 -8.1258944912e+00
446.12000000 1.0137542262e+02 3.2085794704e-14 0.0000000000e+00 3.2085794704e-14 1.0137542262e+02 0.0000000000e+00 0.0000000000e+00 0.0000000000e+00 -8.1085791549e+00
446.27200000 1.0244259265e+02 3.3369226492e-14 0.0000000000e+00 3.3369226492e-14 1.0244259265e+02 0.0000000000e+00 0.0000000000e+00 0.0000000000e+00 -8.0913043125e+00
446.42400000 1.0352764405e+02 3.3369226492e-14 0.0000000000e+00 3.3369226492e-14 1.0352764405e+02 0.0000000000e+00 0.0000000000e+00 0.0000000000e+00 -8.0740698252e+00
446.57600000 1.0463073588e+02 3.3369226492e-14 0.0000000000e+00 3.3369226492e-14 1.0463073588e+02 0.0000000000e+00 0.0000000000e+00 0.0000000000e+00 -8.0568755548e+00
446.72800000 1.0575200117e+02 3.3369226492e-14 0.0000000000e+00 3.3369226492e-14 1.0575200117e+02 0.0000000000e+00 0.0000000000e+00 0.0000000000e+00 -8.0397213637e+00
446.88000000 1.0689154274e+02 3.3369226492e-14 0.0000000000e+00 3.3369226492e-14 1.0689154274e+02 0.0000000000e+00 0.0000000000e+00 0.0000000000e+00 -8.0226071152e+00
447.03200000 1.0804942859e+02 3.3369226492e-14 0.0000000000e+00 3.3369226492e-14 1.0804942859e+02 0.0000000000e+00 0.0000000000e+00 0.0000000000e+00 -8.0055326730e+00
447.18400000 1.0922568670e+02 3.4652658280e-14 0.0000000000e+00 3.4652658280e-14 1.0922568670e+02 0.0000000000e+00 0.0000000000e+00 0.0000000000e+00 -7.9884979014e+00
447.33600000 1.1042029917e+02 3.4652658280e-14 0.0000000000e+00 3.4652658280e-14 1.1042029917e+02 0.0000000000e+00 0.0000000000e+00 0.0000000000e+00 -7.9715026653e+00
447.48800000 1.1163319568e+02 3.4652658280e-14 0.0000000000e+00 3.4652658280e-14 1.1163319568e+02 0.0000000000e+00 0.0000000000e+00 0.0000000000e+00 -7.9545468303e+00
447.64000000 1.1286424617e+02 3.5936090068e-14 0.0000000000e+00 3.5936090068e-14 1.1286424617e+02 0.0000000000e+00 0.0000000000e+00 0.0000000000e+00 -7.9376302626e+00
447.79200000 1.1411325263e+02 3.5936090068e-14 0.0000000000e+00 3.5936090068e-14 1.1411325263e+02 0.0000000000e+00 0.0000000000e+00 0.0000000000e+00 -7.9207528290e+00
447.94400000 1.1537993989e+02 3.5936090068e-14 0.0000000000e+00 3.5936090068e-14 1.1537993989e+02 0.0000000000e+00 0.0000000000e+00 0.0000000000e+00 -7.9039143969e+00
448.09600000 1.1666394537e+02 3.5936090068e-14 0.0000000000e+00 3.5936090068e-14 1.1666394537e+02 0.0000000000e+00 0.0000000000e+00 0.0000000000e+00 -7.8871148341e+00
448.24800000 1.1796480755e+02 3.7219521856e-14 0.0000000000e+00 3.7219521856e-14 1.1796480755e+02 0.0000000000e+00 0.0000000000e+00 0.0000000000e+00 -7.8703540094e+00
448.40000000 1.1928195313e+02 3.8502953644e-14 0.0000000000e+00 3.8502953644e-14 1.1928195313e+02 0.0000000000e+00 0.0000000000e+00 0.0000000000e+00 -7.8536317917e+00
448.55200000 1.2061468267e+02 3.7219521856e-14 0.0000000000e+00 3.7219521856e-14 1.2061468267e+02 0.0000000000e+00 0.0000000000e+00 0.0000000000e+00 -7.8369480510e+00
448.70400000 1.2196215454e+02 3.8502953644e-14 0.0000000000e+00 3.8502953644e-14 1.2196215454e+02 0.0000000000e+00 0.0000000000e+00 0.0000000000e+00 -7.8203026574e+00
448.85600000 1.2332336703e+02 3.8502953644e-14 0.0000000000e+00 3.8502953644e-14 1.2332336703e+02 0.0000000000e+00 0.0000000000e+00 0.0000000000e+00 -7.8036954820e+00
449.00800000 1.2469713838e+02 3.9786385432e-14 0.0000000000e+00 3.9786385432e-14 1.2469713838e+02 0.0000000000e+00 0.0000000000e+00 0.0000000000e+00 -7.7871263961e+00
449.16000000 1.2608208453e+02 3.9786385432e-14 0.0000000000e+00 3.9786385432e-14 1.2608208453e+02 0.0000000000e+00 0.0000000000e+00 0.0000000000e+00 -7.7705952718e+00
449.31200000 1.2747659434e+02 3.9786385432e-14 0.0000000000e+00 3.9786385432e-14 1.2747659434e+02 0.0000000000e+00 0.0000000000e+00 0.0000000000e+00 -7.7541019818e+00
449.46400000 1.2887880208e+02 3.9786385432e-14 0.0000000000e+00 3.9786385432e-14 1.2887880208e+02 0.0000000000e+00 0.0000000000e+00 0.0000000000e+00 -7.7376463992e+00
449.61600000 1.3028655674e+02 4.1069817221e-14 0.0000000000e+00 4.1069817221e-14 1.3028655674e+02 0.0000000000e+00 0.0000000000e+00 0.0000000000e+00 -7.7212283978e+00
449.76800000 1.3169738815e+02 4.1069817221e-14 0.0000000000e+00 4.1069817221e-14 1.3169738815e+02 0.0000000000e+00 0.0000000000e+00 0.0000000000e+00 -7.7048478519e+00
449.92000000 1.3310846926e+02 4.2353249009e-14 0.0000000000e+00 4.2353249009e-14 1.3310846926e+02 0.0000000000e+00 0.0000000000e+00 0.0000000000e+00 -7.6885046363e+00
450.07200000 1.3451657457e+02 4.2353249009e-14 0.0000000000e+00 4.2353249009e-14 1.3451657457e+02 0.0000000000e+00 0.0000000000e+00 0.0000000000e+00 -7.6721986265e+00
450.22400000 1.3591803415e+02 4.2353249009e-14 0.0000000000e+00 4.2353249009e-14 1.3591803415e+02 0.0000000000e+00 0.0000000000e+00 0.0000000000e+00 -7.6559296985e+00
450.37600000 1.3730868306e+02 4.3636680797e-14 0.0000000000e+00 4.3636680797e-14 1.3730868306e+02 0.0000000000e+00 0.0000000000e+00 0.0000000000e+00 -7.6396977287e+00
450.52800000 1.3868380576e+02 4.3636680797e-14 0.0000000000e+00 4.3636680797e-14 1.3868380576e+02 0.0000000000e+00 0.0000000000e+00 0.0000000000e+00 -7.6235025942e+00
450.68000000 1.4003807530e+02 4.4920112585e-14 0.0000000000e+00 4.4920112585e-14 1.4003807530e+02 0.0000000000e+00 0.0000000000e+00 0.0000000000e+00 -7.6073441727e+00
450.83200000 1.4136548691e+02 4.4920112585e-14 0.0000000000e+00 4.4920112585e-14 1.4136548691e+02 0.0000000000e+00 0.0000000000e+00 0.0000000000e+00 -7.5912223423e+00
450.98400000 1.4265928601e+02 4.4920112585e-14 0.0000000000e+00 4.4920112585e-14 1.4265928601e+02 0.0000000000e+00 0.0000000000e+00 0.0000000000e+00 -7.5751369817e+00
451.13600000 1.4391189023e+02 4.4920112585e-14 0.0000000000e+00 4.4920112585e-14 1.4391189023e+02 0.0000000000e+00 0.0000000000e+00 0.0000000000e+00 -7.5590879700e+00
451.28800000 1.4511480589e+02 4.4920112585e-14 0.0000000000e+00 4.4920112585e-14 1.4511480589e+02 0.0000000000e+00 0.0000000000e+00 0.0000000000e+00 -7.5430751871e+00
451.44000000 1.4625853882e+02 4.6203544373e-14 0.0000000000e+00 4.6203544373e-14 1.4625853882e+02 0.0000000000e+00 0.0000000000e+00 0.0000000000e+00 -7.5270985132e+00
451.59200000 1.4733250012e+02 4.6203544373e-14 0.0000000000e+00 4.6203544373e-14 1.4733250012e+02 0.0000000000e+00 0.0000000000e+00 0.0000000000e+00 -7.5111578291e+00
451.74400000 1.4832490782e+02 4.7486976161e-14 0.0000000000e+00 4.7486976161e-14 1.4832490782e+02 0.0000000000e+00 0.0000000000e+00 0.0000000000e+00 -7.4952530161e+00
451.89600000 1.4922268528e+02 4.7486976161e-14 0.0000000000e+00 4.7486976161e-14 1.4922268528e+02 0.0000000000e+00 0.0000000000e+00 0.0000000000e+00 -7.4793839561e+00
452.04800000 1.5001135845e+02 4.7486976161e-14 0.0000000000e+00 4.7486976161e-14 1.5001135845e+02 0.0000000000e+00 0.0000000000e+00 0.0000000000e+00 -7.4635505314e+00
452.20000000 1.5067495404e+02 4.7486976161e-14 0.0000000000e+00 4.7486976161e-14 1.5067495404e+02 0.0000000000e+00 0.0000000000e+00 0.0000000000e+00 -7.4477526249e+00
452.35200000 1.5119590189e+02 4.7486976161e-14 0.0000000000e+00 4.7486976161e-14 1.5119590189e+02 0.0000000000e+00 0.0000000000e+00 0.0000000000e+00 -7.4319901199e+00
452.50400000 1.5155494551e+02 4.8770407949e-14 0.0000000000e+00 4.8770407949e-14 1.5155494551e+02 0.0000000000e+00 0.0000000000e+00 0.0000000000e+00 -7.4162629004e+00
452.65600000 1.5173106598e+02 4.7486976161e-14 0.0000000000e+00 4.7486976161e-14 1.5173106598e+02 0.0000000000e+00 0.0000000000e+00 0.0000000000e+00 -7.4005708507e+00
452.80800000 1.5170142562e+02 4.8770407949e-14 0.0000000000e+00 4.8770407949e-14 1.5170142562e+02 0.0000000000e+00 0.0000000000e+00 0.0000000000e+00 -7.3849138557e+00
452.96000000 1.5144133916e+02 4.7486976161e-14 0.0000000000e+00 4.7486976161e-14 1.5144133916e+02 0.0000000000e+00 0.0000000000e+00 0.0000000000e+00 -7.3692918009e+00
453.11200000 1.5092428186e+02 4.7486976161e-14 0.0000000000e+00 4.7486976161e-14 1.5092428186e+02 0.0000000000e+00 0.0000000000e+00 0.0000000000e+00 -7.3537045721e+00
453.26400000 1.5012194530e+02 4.7486976161e-14 0.0000000000e+00 4.7486976161e-14 1.5012194530e+02 0.0000000000e+00 0.0000000000e+00 0.0000000000e+00 -7.3381520556e+00
453.41600000 1.4900435358e+02 4.6203544373e-14 0.0000000000e+00 4.6203544373e-14 1.4900435358e+02 0.0000000000e+00 0.0000000000e+00 0.0000000000e+00 -7.3226341385e+00
453.56800000 1.4754005359e+02 4.7486976161e-14 0.0000000000e+00 4.7486976161e-14 1.4754005359e+02 0.0000000000e+00 0.0000000000e+00 0.0000000000e+00 -7.3071507079e+00
453.72000000 1.4569639423e+02 4.6203544373e-14 0.0000000000e+00 4.6203544373e-14 1.4569639423e+02 0.0000000000e+00 0.0000000000e+00 0.0000000000e+00 -7.2917016518e+00
453.87200000 1.4343990999e+02 4.4920112585e-14 0.0000000000e+00 4.4920112585e-14 1.4343990999e+02 0.0000000000e+00 0.0000000000e+00 0.0000000000e+00 -7.2762868585e+00
454.02400000 1.4073682349e+02 4.4920112585e-14 0.0000000000e+00 4.4920112585e-14 1.4073682349e+02 0.0000000000e+00 0.0000000000e+00 0.0000000000e+00 -7.2609062169e+00
454.17600000 1.3755367987e+02 4.3636680797e-14 0.0000000000e+00 4.3636680797e-14 1.3755367987e+02 0.0000000000e+00 0.0000000000e+00 0.0000000000e+00 -7.2455596161e+00
454.32800000 1.3385812252e+02 4.2353249009e-14 0.0000000000e+00 4.2353249009e-14 1.3385812252e+02 0.0000000000e+00 0.0000000000e+00 0.0000000000e+00 -7.2302469460e+00
454.48000000 1.2961981356e+02 4.1069817221e-14 0.0000000000e+00 4.1069817221e-14 1.2961981356e+02 0.0000000000e+00 0.0000000000e+00 0.0000000000e+00 -7.2149680968e+00
454.63200000 1.2481149505e+02 3.9786385432e-14 0.0000000000e+00 3.9786385432e-14 1.2481149505e+02 0.0000000000e+00 0.0000000000e+00 0.0000000000e+00 -7.1997229592e+00
454.78400000 1.1941017572e+02 3.8502953644e-14 0.0000000000e+00 3.8502953644e-14 1.1941017572e+02 0.0000000000e+00 0.0000000000e+00 0.0000000000e+00 -7.1845114245e+00
454.93600000 1.1339841550e+02 3.5936090068e-14 0.0000000000e+00 3.5936090068e-14 1.1339841550e+02 0.0000000000e+00 0.0000000000e+00 0.0000000000e+00 -7.1693333841e+00
455.08800000 1.0676566482e+02 3.4652658280e-14 0.0000000000e+00 3.4652658280e-14 1.0676566482e+02 0.0000000000e+00 0.0000000000e+00 0.0000000000e+00 -7.1541887303e+00
455.24000000 9.9509600177e+01 3.2085794704e-14 0.0000000000e+00 3.2085794704e-14 9.9509600177e+01 0.0000000000e+00 0.0000000000e+00 0.0000000000e+00 -7.1390773556e+00
455.39200000 9.1637381866e+01 2.9518931127e-14 0.0000000000e+00 2.9518931127e-14 9.1637381866e+01 0.0000000000e+00 0.0000000000e+00 0.0000000000e+00 -7.1239991531e+00
455.54400000 8.3166747536e+01 2.5668635763e-14 0.0000000000e+00 2.5668635763e-14 8.3166747536e+01 0.0000000000e+00 0.0000000000e+00 0.0000000000e+00 -7.1089540161e+00
455.69600000 7.4126847445e+01 2.3101772187e-14 0.0000000000e+00 2.3101772187e-14 7.4126847445e+01 0.0000000000e+00 0.0000000000e+00 0.0000000000e+00 -7.0939418387e+00
455.84800000 6.4558727260e+01 2.0534908610e-14 0.0000000000e+00 2.0534908610e-14 6.4558727260e+01 0.0000000000e+00 0.0000000000e+00 0.0000000000e+00 -7.0789625153e+00
456.00000000 5.4515373550e+01 1.7326329140e-14 0.0000000000e+00 1.7326329140e-14 5.4515373550e+01 0.0000000000e+00 0.0000000000e+00 0.0000000000e+00 -7.0640159406e+00
456.15200000 4.4061257039e+01 1.4117749670e-14 0.0000000000e+00 1.4117749670e-14 4.4061257039e+01 0.0000000000e+00 0.0000000000e+00 0.0000000000e+00 -7.0491020100e+00
456.30400000 3.3271339019e+01 1.0588312252e-14 0.0000000000e+00 1.0588312252e-14 3.3271339019e+01 0.0000000000e+00 0.0000000000e+00 0.0000000000e+00 -7.0342206191e+00
456.45600000 2.2229544970e+01 7.2193038083e-15 0.0000000000e+00 7.2193038083e-15 2.2229544970e+01 0.0000000000e+00 0.0000000000e+00 0.0000000000e+00 -7.0193716641e+00
456.60800000 1.1026753010e+01 3.7700808777e-15 0.0000000000e+00 3.7700808777e-15 1.1026753010e+01 0.0000000000e+00 0.0000000000e+00 0.0000000000e+00 -7.0045550417e+00
456.76000000 -2.4161201142e-01 2.6069708197e-16 0.0000000000e+00 2.6069708197e-16 -2.4161201142e-01 0.0000000000e+00 0.0000000000e+00 0.0000000000e+00 -6.9897706489e+00
456.91200000 -1.1478250507e+01 -3.2085794704e-15 0.0000000000e+00 -3.2085794704e-15 -1.1478250507e+01 0.0000000000e+00 0.0000000000e+00 0.0000000000e+00 -6.9750183832e+00
457.06400000 -2.2586771702e+01 -6.7380168878e-15 0.0000000000e+00 -6.7380168878e-15 -2.2586771702e+01 0.0000000000e+00 0.0000000000e+00 0.0000000000e+00 -6.9602981423e+00
457.21600000 -3.3474422972e+01 -9.9465963581e-15 0.0000000000e+00 -9.9465963581e-15 -3.3474422972e+01 0.0000000000e+00 0.0000000000e+00 0.0000000000e+00 -6.9456098248e+00
457.36800000 -4.4054604675e+01 -1.3476033776e-14 0.0000000000e+00 -1.3476033776e-14 -4.4054604675e+01 0.0000000000e+00 0.0000000000e+00 0.0000000000e+00 -6.9309533294e+00
457.52000000 -5.4249031562e+01 -1.6042897352e-14 0.0000000000e+00 -1.6042897352e-14 -5.4249031562e+01 0.0000000000e+00 0.0000000000e+00 0.0000000000e+00 -6.9163285552e+00
457.67200000 -6.3989435929e+01 -1.9251476822e-14 0.0000000000e+00 -1.9251476822e-14 -6.3989435929e+01 0.0000000000e+00 0.0000000000e+00 0.0000000000e+00 -6.9017354018e+00
457.82400000 -7.3218749535e+01 -2.2460056293e-14 0.0000000000e+00 -2.2460056293e-14 -7.3218749535e+01 0.0000000000e+00 0.0000000000e+00 0.0000000000e+00 -6.8871737694e+00
457.97600000 -8.1891745363e+01 -2.5668635763e-14 0.0000000000e+00 -2.5668635763e-14 -8.1891745363e+01 0.0000000000e+00 0.0000000000e+00 0.0000000000e+00 -6.8726435583e+00
458.12800000 -8.9975161151e+01 -2.6952067551e-14 0.0000000000e+00 -2.6952067551e-14 -8.9975161151e+01 0.0000000000e+00 0.0000000000e+00 0.0000000000e+00 -6.8581446695e+00
458.28000000 -9.7447360167e+01 -2.9518931127e-14 0.0000000000e+00 -2.9518931127e-14 -9.7447360167e+01 0.0000000000e+00 0.0000000000e+00 0.0000000000e+00 -6.8436770041e+00
458.43200000 -1.0429760838e+02 -3.0802362915e-14 0.0000000000e+00 -3.0802362915e-14 -1.0429760838e+02 0.0000000000e+00 0.0000000000e+00 0.0000000000e+00 -6.8292404639e+00
458.58400000 -1.1052506005e+02 -3.4652658280e-14 0.0000000000e+00 -3.4652658280e-14 -1.1052506005e+02 0.0000000000e+00 0.0000000000e+00 0.0000000000e+00 -6.8148349511e+00
458.73600000 -1.1613754692e+02 -3.4652658280e-14 0.0000000000e+00 -3.4652658280e-14 -1.1613754692e+02 0.0000000000e+00 0.0000000000e+00 0.0000000000e+00 -6.8004603681e+00
458.88800000 -1.2115026064e+02 -3.7219521856e-14 0.0000000000e+00 -3.7219521856e-14 -1.2115026064e+02 0.0000000000e+00 0.0000000000e+00 0.0000000000e+00 -6.7861166178e+00
459.04000000 -1.2558440727e+02 -3.8502953644e-14 0.0000000000e+00 -3.8502953644e-14 -1.2558440727e+02 0.0000000000e+00 0.0000000000e+00 0.0000000000e+00 -6.7718036036e+00
459.19200000 -1.2946589810e+02 -3.9786385432e-14 0.0000000000e+00 -3.9786385432e-14 -1.2946589810e+02 0.0000000000e+00 0.0000000000e+00 0.0000000000e+00 -6.7575212291e+00
459.34400000 -1.3282412478e+02 -4.1069817221e-14 0.0000000000e+00 -4.1069817221e-14 -1.3282412478e+02 0.0000000000e+00 0.0000000000e+00 0.0000000000e+00 -6.7432693986e+00
459.49600000 -1.3569085220e+02 -4.1069817221e-14 0.0000000000e+00 -4.1069817221e-14 -1.3569085220e+02 0.0000000000e+00 0.0000000000e+00 0.0000000000e+00 -6.7290480166e+00
459.64800000 -1.3809924784e+02 -4.2353249009e-14 0.0000000000e+00 -4.2353249009e-14 -1.3809924784e+02 0.0000000000e+00 0.0000000000e+00 0.0000000000e+00 -6.7148569879e+00
459.80000000 -1.4008305577e+02 -4.2353249009e-14 0.0000000000e+00 -4.2353249009e-14 -1.4008305577e+02 0.0000000000e+00 0.0000000000e+00 0.0000000000e+00 -6.7006962178e+00
459.95200000 -1.4167591374e+02 -4.3636680797e-14 0.0000000000e+00 -4.3636680797e-14 -1.4167591374e+02 0.0000000000e+00 0.0000000000e+00 0.0000000000e+00 -6.6865656122e+00
460.10400000 -1.4291080602e+02 -4.3636680797e-14 0.0000000000e+00 -4.3636680797e-14 -1.4291080602e+02 0.0000000000e+00 0.0000000000e+00 0.0000000000e+00 -6.6724650770e+00
460.25600000 -1.4381964000e+02 -4.3636680797e-14 0.0000000000e+00 -4.3636680797e-14 -1.4381964000e+02 0.0000000000e+00 0.0000000000e+00 0.0000000000e+00 -6.6583945187e+00
460.40800000 -1.4443293228e+02 -4.4920112585e-14 0.0000000000e+00 -4.4920112585e-14 -1.4443293228e+02 0.0000000000e+00 0.0000000000e+00 0.0000000000e+00 -6.6443538443e+00
460.56000000 -1.4477958913e+02 -4.3636680797e-14 0.0000000000e+00 -4.3636680797e-14 -1.4477958913e+02 0.0000000000e+00 0.0000000000e+00 0.0000000000e+00 -6.6303429609e+00
460.71200000 -1.4488676615e+02 -4.4920112585e-14 0.0000000000e+00 -4.4920112585e-14 -1.4488676615e+02 0.0000000000e+00 0.0000000000e+00 0.0000000000e+00 -6.6163617762e+00
460.86400000 -1.4477979286e+02 -4.3636680797e-14 0.0000000000e+00 -4.3636680797e-14 -1.4477979286e+02 0.0000000000e+00 0.0000000000e+00 0.0000000000e+00 -6.6024101982e+00
461.01600000 -1.4448214931e+02 -4.3636680797e-14 0.0000000000e+00 -4.3636680797e-14 -1.4448214931e+02 0.0000000000e+00 0.0000000000e+00 0.0000000000e+00 -6.5884881353e+00
461.16800000 -1.4401548319e+02 -4.3636680797e-14 0.0000000000e+00 -4.3636680797e-14 -1.4401548319e+02 0.0000000000e+00 0.0000000000e+00 0.0000000000e+00 -6.5745954962e+00
461.32000000 -1.4339965749e+02 -4.3636680797e-14 0.0000000000e+00 -4.3636680797e-14 -1.4339965749e+02 0.0000000000e+00 0.0000000000e+00 0.0000000000e+00 -6.5607321901e+00
461.47200000 -1.4265282056e+02 -4.3636680797e-14 0.0000000000e+00 -4.3636680797e-14 -1.4265282056e+02 0.0000000000e+00 0.0000000000e+00 0.0000000000e+00 -6.5468981265e+00
461.62400000 -1.4179149150e+02 -4.3636680797e-14 0.0000000000e+00 -4.3636680797e-14 -1.4179149150e+02 0.0000000000e+00 0.0000000000e+00 0.0000000000e+00 -6.5330932153e+00
461.77600000 -1.4083065552e+02 -4.3636680797e-14 0.0000000000e+00 -4.3636680797e-14 -1.4083065552e+02 0.0000000000e+00 0.0000000000e+00 0.0000000000e+00 -6.5193173667e+00
461.92800000 -1.3978386463e+02 -4.3636680797e-14 0.0000000000e+00 -4.3636680797e-14 -1.3978386463e+02 0.0000000000e+00 0.0000000000e+00 0.0000000000e+00 -6.5055704913e+00
462.08000000 -1.3866334044e+02 -4.2353249009e-14 0.0000000000e+00 -4.2353249009e-14 -1.3866334044e+02 0.0000000000e+00 0.0000000000e+00 0.0000000000e+00 -6.4918525001e+00
462.23200000 -1.3748007633e+02 -4.2353249009e-14 0.0000000000e+00 -4.2353249009e-14 -1.3748007633e+02 0.0000000000e+00 0.0000000000e+00 0.0000000000e+00 -6.4781633044e+00
462.38400000 -1.3624393709e+02 -4.2353249009e-14 0.0000000000e+00 -4.2353249009e-14 -1.3624393709e+02 0.0000000000e+00 0.0000000000e+00 0.0000000000e+00 -6.4645028160e+00
462.53600000 -1.3496375475e+02 -4.1069817221e-14 0.0000000000e+00 -4.1069817221e-14 -1.3496375475e+02 0.0000000000e+00 0.0000000000e+00 0.0000000000e+00 -6.4508709469e+00
462.68800000 -1.3364741953e+02 -4.1069817221e-14 0.0000000000e+00 -4.1069817221e-14 -1.3364741953e+02 0.0000000000e+00 0.0000000000e+00 0.0000000000e+00 -6.4372676095e+00
462.84000000 -1.3230196539e+02 -4.1069817221e-14 0.0000000000e+00 -4.1069817221e-14 -1.3230196539e+02 0.0000000000e+00 0.0000000000e+00 0.0000000000e+00 -6.4236927166e+00
462.99200000 -1.3093364997e+02 -3.9786385432e-14 0.0000000000e+00 -3.9786385432e-14 -1.3093364997e+02 0.0000000000e+00 0.0000000000e+00 0.0000000000e+00 -6.4101461813e+00
463.14400000 -1.2954802867e+02 -3.8502953644e-14 0.0000000000e+00 -3.8502953644e-14 -1.2954802867e+02 0.0000000000e+00 0.0000000000e+00 0.0000000000e+00 -6.3966279171e+00
463.29600000 -1.2815002294e+02 -3.8502953644e-14 0.0000000000e+00 -3.8502953644e-14 -1.2815002294e+02 0.0000000000e+00 0.0000000000e+00 0.0000000000e+00 -6.3831378377e+00
463.44800000 -1.2674398305e+02 -3.8502953644e-14 0.0000000000e+00 -3.8502953644e-14 -1.2674398305e+02 0.0000000000e+00 0.0000000000e+00 0.0000000000e+00 -6.3696758575e+00
463.60000000 -1.2533374549e+02 -3.8502953644e-14 0.0000000000e+00 -3.8502953644e-14 -1.2533374549e+02 0.0000000000e+00 0.0000000000e+00 0.0000000000e+00 -6.3562418908e+00
463.75200000 -1.2392268522e+02 -3.8502953644e-14 0.0000000000e+00 -3.8502953644e-14 -1.2392268522e+02 0.0000000000e+00 0.0000000000e+00 0.0000000000e+00 -6.3428358526e+00
463.90400000 -1.2251376321e+02 -3.7219521856e-14 0.0000000000e+00 -3.7219521856e-14 -1.2251376321e+02 0.0000000000e+00 0.0000000000e+00 0.0000000000e+00 -6.3294576581e+00
464.05600000 -1.2110956958e+02 -3.7219521856e-14 0.0000000000e+00 -3.7219521856e-14 -1.2110956958e+02 0.0000000000e+00 0.0000000000e+00 0.0000000000e+00 -6.3161072228e+00
464.20800000 -1.1971236252e+02 -3.5936090068e-14 0.0000000000e+00 -3.5936090068e-14 -1.1971236252e+02 0.0000000000e+00 0.0000000000e+00 0.0000000000e+00 -6.3027844626e+00
464.36000000 -1.1832410357e+02 -3.5936090068e-14 0.0000000000e+00 -3.5936090068e-14 -1.1832410357e+02 0.0000000000e+00 0.0000000000e+00 0.0000000000e+00 -6.2894892937e+00
464.51200000 -1.1694648933e+02 -3.5936090068e-14 0.0000000000e+00 -3.5936090068e-14 -1.1694648933e+02 0.0000000000e+00 0.0000000000e+00 0.0000000000e+00 -6.2762216326e+00
464.66400000 -1.1558098005e+02 -3.4652658280e-14 0.0000000000e+00 -3.4652658280e-14 -1.1558098005e+02 0.0000000000e+00 0.0000000000e+00 0.0000000000e+00 -6.2629813964e+00
464.81600000 -1.1422882536e+02 -3.5936090068e-14 0.0000000000e+00 -3.5936090068e-14 -1.1422882536e+02 0.0000000000e+00 0.0000000000e+00 0.0000000000e+00 -6.2497685021e+00
464.96800000 -1.1289108735e+02 -3.4652658280e-14 0.0000000000e+00 -3.4652658280e-14 -1.1289108735e+02 0.0000000000e+00 0.0000000000e+00 0.0000000000e+00 -6.2365828674e+00
465.12000000 -1.1156866131e+02 -3.3369226492e-14 0.0000000000e+00 -3.3369226492e-14 -1.1156866131e+02 0.0000000000e+00 0.0000000000e+00 0.0000000000e+00 -6.2234244102e+00
465.27200000 -1.1026229433e+02 -3.3369226492e-14 0.0000000000e+00 -3.3369226492e-14 -1.1026229433e+02 0.0000000000e+00 0.0000000000e+00 0.0000000000e+00 -6.2102930486e+00
465.42400000 -1.0897260196e+02 -3.3369226492e-14 0.0000000000e+00 -3.3369226492e-14 -1.0897260196e+02 0.0000000000e+00 0.0000000000e+00 0.0000000000e+00 -6.1971887012e+00
465.57600000 -1.0770008315e+02 -3.2085794704e-14 0.0000000000e+00 -3.2085794704e-14 -1.0770008315e+02 0.0000000000e+00 0.0000000000e+00 0.0000000000e+00 -6.1841112869e+00
465.72800000 -1.0644513361e+02 -3.2085794704e-14 0.0000000000e+00 -3.2085794704e-14 -1.0644513361e+02 0.0000000000e+00 0.0000000000e+00 0.0000000000e+00 -6.1710607249e+00
465.88000000 -1.0520805772e+02 -3.2085794704e-14 0.0000000000e+00 -3.2085794704e-14 -1.0520805772e+02 0.0000000000e+00 0.0000000000e+00 0.0000000000e+00 -6.1580369346e+00
466.03200000 -1.0398907932e+02 -3.2085794704e-14 0.0000000000e+00 -3.2085794704e-14 -1.0398907932e+02 0.0000000000e+00 0.0000000000e+00 0.0000000000e+00 -6.1450398358e+00
466.18400000 -1.0278835115e+02 -3.0802362915e-14 0.0000000000e+00 -3.0802362915e-14 -1.0278835115e+02 0.0000000000e+00 0.0000000000e+00 0.0000000000e+00 -6.1320693489e+00
466.33600000 -1.0160596350e+02 -3.2085794704e-14 0.0000000000e+00 -3.2085794704e-14 -1.0160596350e+02 0.0000000000e+00 0.0000000000e+00 0.0000000000e+00 -6.1191253941e+00
466.48800000 -1.0044195174e+02 -3.0802362915e-14 0.0000000000e+00 -3.0802362915e-14 -1.0044195174e+02 0.0000000000e+00 0.0000000000e+00 0.0000000000e+00 -6.1062078923e+00
466.64000000 -9.9296303194e+01 -2.9518931127e-14 0.0000000000e+00 -2.9518931127e-14 -9.9296303194e+01 0.0000000000e+00 0.0000000000e+00 0.0000000000e+00 -6.0933167646e+00
466.79200000 -9.8168963196e+01 -3.0802362915e-14 0.0000000000e+00 -3.0802362915e-14 -9.8168963196e+01 0.0000000000e+00 0.0000000000e+00 0.0000000000e+00 -6.0804519324e+00
466.94400000 -9.7059840497e+01 -2.9518931127e-14 0.0000000000e+00 -2.9518931127e-14 -9.7059840497e+01 0.0000000000e+00 0.0000000000e+00 0.0000000000e+00 -6.0676133173e+00
467.09600000 -9.5968812108e+01 -2.9518931127e-14 0.0000000000e+00 -2.9518931127e-14 -9.5968812108e+01 0.0000000000e+00 0.0000000000e+00 0.0000000000e+00 -6.0548008415e+00
467.24800000 -9.4895727603e+01 -2.9518931127e-14 0.0000000000e+00 -2.9518931127e-14 -9.4895727603e+01 0.0000000000e+00 0.0000000000e+00 0.0000000000e+00 -6.0420144272e+00
467.40000000 -9.3840412953e+01 -2.8235499339e-14 0.0000000000e+00 -2.8235499339e-14 -9.3840412953e+01 0.0000000000e+00 0.0000000000e+00 0.0000000000e+00 -6.0292539970e+00
467.55200000 -9.2802673937e+01 -2.8235499339e-14 0.0000000000e+00 -2.8235499339e-14 -9.2802673937e+01 0.0000000000e+00 0.0000000000e+00 0.0000000000e+00 -6.0165194740e+00
467.70400000 -9.1782299181e+01 -2.8235499339e-14 0.0000000000e+00 -2.8235499339e-14 -9.1782299181e+01 0.0000000000e+00 0.0000000000e+00 0.0000000000e+00 -6.0038107813e+00
467.85600000 -9.0779062853e+01 -2.6952067551e-14 0.0000000000e+00 -2.6952067551e-14 -9.0779062853e+01 0.0000000000e+00 0.0000000000e+00 0.0000000000e+00 -5.9911278426e+00
468.00800000 -8.9792727065e+01 -2.6952067551e-14 0.0000000000e+00 -2.6952067551e-14 -8.9792727065e+01 0.0000000000e+00 0.0000000000e+00 0.0000000000e+00 -5.9784705815e+00
468.16000000 -8.8823043991e+01 -2.6952067551e-14 0.0000000000e+00 -2.6952067551e-14 -8.8823043991e+01 0.0000000000e+00 0.0000000000e+00 0.0000000000e+00 -5.9658389224e+00
468.31200000 -8.7869757762e+01 -2.5668635763e-14 0.0000000000e+00 -2.5668635763e-14 -8.7869757762e+01 0.0000000000e+00 0.0000000000e+00 0.0000000000e+00 -5.9532327895e+00
468.46400000 -8.6932606129e+01 -2.5668635763e-14 0.0000000000e+00 -2.5668635763e-14 -8.6932606129e+01 0.0000000000e+00 0.0000000000e+00 0.0000000000e+00 -5.9406521078e+00
468.61600000 -8.6011321943e+01 -2.5668635763e-14 0.0000000000e+00 -2.5668635763e-14 -8.6011321943e+01 0.0000000000e+00 0.0000000000e+00 0.0000000000e+00 -5.9280968021e+00
468.76800000 -8.5105634456e+01 -2.5668635763e-14 0.0000000000e+00 -2.5668635763e-14 -8.5105634456e+01 0.0000000000e+00 0.0000000000e+00 0.0000000000e+00 -5.9155667977e+00
468.92000000 -8.4215270475e+01 -2.5668635763e-14 0.0000000000e+00 -2.5668635763e-14 -8.4215270475e+01 0.0000000000e+00 0.0000000000e+00 0.0000000000e+00 -5.9030620204e+00
469.07200000 -8.3339955368e+01 -2.4385203975e-14 0.0000000000e+00 -2.4385203975e-14 -8.3339955368e+01 0.0000000000e+00 0.0000000000e+00 0.0000000000e+00 -5.8905823961e+00
469.22400000 -8.2479413959e+01 -2.5668635763e-14 0.0000000000e+00 -2.5668635763e-14 -8.2479413959e+01 0.0000000000e+00 0.0000000000e+00 0.0000000000e+00 -5.8781278508e+00
469.37600000 -8.1633371302e+01 -2.4385203975e-14 0.0000000000e+00 -2.4385203975e-14 -8.1633371302e+01 0.0000000000e+00 0.0000000000e+00 0.0000000000e+00 -5.8656983111e+00
469.52800000 -8.0801553363e+01 -2.5668635763e-14 0.0000000000e+00 -2.5668635763e-14 -8.0801553363e+01 0.0000000000e+00 0.0000000000e+00 0.0000000000e+00 -5.8532937037e+00
469.68000000 -7.9983687614e+01 -2.4385203975e-14 0.0000000000e+00 -2.4385203975e-14 -7.9983687614e+01 0.0000000000e+00 0.0000000000e+00 0.0000000000e+00 -5.8409139557e+00
469.83200000 -7.9179503545e+01 -2.3101772187e-14 0.0000000000e+00 -2.3101772187e-14 -7.9179503545e+01 0.0000000000e+00 0.0000000000e+00 0.0000000000e+00 -5.8285589944e+00
469.98400000 -7.8388733109e+01 -2.4385203975e-14 0.0000000000e+00 -2.4385203975e-14 -7.8388733109e+01 0.0000000000e+00 0.0000000000e+00 0.0000000000e+00 -5.8162287474e+00
470.13600000 -7.7611111107e+01 -2.4385203975e-14 0.0000000000e+00 -2.4385203975e-14 -7.7611111107e+01 0.0000000000e+00 0.0000000000e+00 0.0000000000e+00 -5.8039231426e+00
470.28800000 -7.6846375510e+01 -2.4385203975e-14 0.0000000000e+00 -2.4385203975e-14 -7.6846375510e+01 0.0000000000e+00 0.0000000000e+00 0.0000000000e+00 -5.7916421082e+00
470.44000000 -7.6094267740e+01 -2.3743488081e-14 0.0000000000e+00 -2.3743488081e-14 -7.6094267740e+01 0.0000000000e+00 0.0000000000e+00 0.0000000000e+00 -5.7793855727e+00
470.59200000 -7.5354532902e+01 -2.3101772187e-14 0.0000000000e+00 -2.3101772187e-14 -7.5354532902e+01 0.0000000000e+00 0.0000000000e+00 0.0000000000e+00 -5.7671534646e+00
470.74400000 -7.4626919977e+01 -2.3101772187e-14 0.0000000000e+00 -2.3101772187e-14 -7.4626919977e+01 0.0000000000e+00 0.0000000000e+00 0.0000000000e+00 -5.7549457131e+00
470.89600000 -7.3911181985e+01 -2.3101772187e-14 0.0000000000e+00 -2.3101772187e-14 -7.3911181985e+01 0.0000000000e+00 0.0000000000e+00 0.0000000000e+00 -5.7427622474e+00
471.04800000 -7.3207076108e+01 -2.3101772187e-14 0.0000000000e+00 -2.3101772187e-14 -7.3207076108e+01 0.0000000000e+00 0.0000000000e+00 0.0000000000e+00 -5.7306029971e+00
471.20000000 -7.2514363799e+01 -2.2460056293e-14 0.0000000000e+00 -2.2460056293e-14 -7.2514363799e+01 0.0000000000e+00 0.0000000000e+00 0.0000000000e+00 -5.7184678919e+00
471.35200000 -7.1832810849e+01 -2.2460056293e-14 0.0000000000e+00 -2.2460056293e-14 -7.1832810849e+01 0.0000000000e+00 0.0000000000e+00 0.0000000000e+00 -5.7063568619e+00
471.50400000 -7.1162187452e+01 -2.1818340398e-14 0.0000000000e+00 -2.1818340398e-14 -7.1162187452e+01 0.0000000000e+00 0.0000000000e+00 0.0000000000e+00 -5.6942698375e+00
471.65600000 -7.0502268235e+01 -2.1818340398e-14 0.0000000000e+00 -2.1818340398e-14 -7.0502268235e+01 0.0000000000e+00 0.0000000000e+00 0.0000000000e+00 -5.6822067494e+00
471.80800000 -6.9852832284e+01 -2.1176624504e-14 0.0000000000e+00 -2.1176624504e-14 -6.9852832284e+01 0.0000000000e+00 0.0000000000e+00 0.0000000000e+00 -5.6701675283e+00
471.96000000 -6.9213663145e+01 -2.1176624504e-14 0.0000000000e+00 -2.1176624504e-14 -6.9213663145e+01 0.0000000000e+00 0.0000000000e+00 0.0000000000e+00 -5.6581521055e+00
472.11200000 -6.8584548816e+01 -2.1818340398e-14 0.0000000000e+00 -2.1818340398e-14 -6.8584548816e+01 0.0000000000e+00 0.0000000000e+00 0.0000000000e+00 -5.6461604122e+00
472.26400000 -6.7965281734e+01 -2.1176624504e-14 0.0000000000e+00 -2.1176624504e-14 -6.7965281734e+01 0.0000000000e+00 0.0000000000e+00 0.0000000000e+00 -5.6341923803e+00
472.41600000 -6.7355658741e+01 -2.0534908610e-14 0.0000000000e+00 -2.0534908610e-14 -6.7355658741e+01 0.0000000000e+00 0.0000000000e+00 0.0000000000e+00 -5.6222479417e+00
472.56800000 -6.6755481052e+01 -2.0534908610e-14 0.0000000000e+00 -2.0534908610e-14 -6.6755481052e+01 0.0000000000e+00 0.0000000000e+00 0.0000000000e+00 -5.6103270285e+00
472.72000000 -6.6164554205e+01 -2.0534908610e-14 0.0000000000e+00 -2.0534908610e-14 -6.6164554205e+01 0.0000000000e+00 0.0000000000e+00 0.0000000000e+00 -5.5984295731e+00
472.87200000 -6.5582688019e+01 -2.0534908610e-14 0.0000000000e+00 -2.0534908610e-14 -6.5582688019e+01 0.0000000000e+00 0.0000000000e+00 0.0000000000e+00 -5.5865555084e+00
473.02400000 -6.5009696530e+01 -2.0534908610e-14 0.0000000000e+00 -2.0534908610e-14 -6.5009696530e+01 0.0000000000e+00 0.0000000000e+00 0.0000000000e+00 -5.5747047672e+00
473.17600000 -6.4445397937e+01 -1.9893192716e-14 0.0000000000e+00 -1.9893192716e-14 -6.4445397937e+01 0.0000000000e+00 0.0000000000e+00 0.0000000000e+00 -5.5628772827e+00
473.32800000 -6.3889614535e+01 -1.9893192716e-14 0.0000000000e+00 -1.9893192716e-14 -6.3889614535e+01 0.0000000000e+00 0.0000000000e+00 0.0000000000e+00 -5.5510729885e+00
473.48000000 -6.3342172648e+01 -1.9893192716e-14 0.0000000000e+00 -1.9893192716e-14 -6.3342172648e+01 0.0000000000e+00 0.0000000000e+00 0.0000000000e+00 -5.5392918183e+00
473.63200000 -6.2802902560e+01 -1.9893192716e-14 0.0000000000e+00 -1.9893192716e-14 -6.2802902560e+01 0.0000000000e+00 0.0000000000e+00 0.0000000000e+00 -5.5275337059e+00
473.78400000 -6.2271638445e+01 -1.9251476822e-14 0.0000000000e+00 -1.9251476822e-14 -6.2271638445e+01 0.0000000000e+00 0.0000000000e+00 0.0000000000e+00 -5.5157985857e+00
473.93600000 -6.1748218289e+01 -1.9251476822e-14 0.0000000000e+00 -1.9251476822e-14 -6.1748218289e+01 0.0000000000e+00 0.0000000000e+00 0.0000000000e+00 -5.5040863922e+00
474.08800000 -6.1232483821e+01 -1.8609760928e-14 0.0000000000e+00 -1.8609760928e-14 -6.1232483821e+01 0.0000000000e+00 0.0000000000e+00 0.0000000000e+00 -5.4923970599e+00
474.24000000 -6.0724280433e+01 -1.8609760928e-14 0.0000000000e+00 -1.8609760928e-14 -6.0724280433e+01 0.0000000000e+00 0.0000000000e+00 0.0000000000e+00 -5.4807305240e+00
474.39200000 -6.0223457108e+01 -1.8609760928e-14 0.0000000000e+00 -1.8609760928e-14 -6.0223457108e+01 0.0000000000e+00 0.0000000000e+00 0.0000000000e+00 -5.4690867196e+00
474.54400000 -5.9729866340e+01 -1.8609760928e-14 0.0000000000e+00 -1.8609760928e-14 -5.9729866340e+01 0.0000000000e+00 0.0000000000e+00 0.0000000000e+00 -5.4574655821e+00
474.69600000 -5.9243364059e+01 -1.7968045034e-14 0.0000000000e+00 -1.7968045034e-14 -5.9243364059e+01 0.0000000000e+00 0.0000000000e+00 0.0000000000e+00 -5.4458670473e+00
474.84800000 -5.8763809560e+01 -1.8609760928e-14 0.0000000000e+00 -1.8609760928e-14 -5.8763809560e+01 0.0000000000e+00 0.0000000000e+00 0.0000000000e+00 -5.4342910510e+00
475.00000000 -5.8291065420e+01 -1.7968045034e-14 0.0000000000e+00 -1.7968045034e-14 -5.8291065420e+01 0.0000000000e+00 0.0000000000e+00 0.0000000000e+00 -5.4227375295e+00
475.15200000 -5.7824997425e+01 -1.7968045034e-14 0.0000000000e+00 -1.7968045034e-14 -5.7824997425e+01 0.0000000000e+00 0.0000000000e+00 0.0000000000e+00 -5.4112064192e+00
475.30400000 -5.7365474502e+01 -1.7968045034e-14 0.0000000000e+00 -1.7968045034e-14 -5.7365474502e+01 0.0000000000e+00 0.0000000000e+00 0.0000000000e+00 -5.3996976568e+00
475.45600000 -5.6912368636e+01 -1.7326329140e-14 0.0000000000e+00 -1.7326329140e-14 -5.6912368636e+01 0.0000000000e+00 0.0000000000e+00 0.0000000000e+00 -5.3882111790e+00
475.60800000 -5.6465554804e+01 -1.7968045034e-14 0.0000000000e+00 -1.7968045034e-14 -5.6465554804e+01 0.0000000000e+00 0.0000000000e+00 0.0000000000e+00 -5.3767469231e+00
475.76000000 -5.6024910902e+01 -1.7326329140e-14 0.0000000000e+00 -1.7326329140e-14 -5.6024910902e+01 0.0000000000e+00 0.0000000000e+00 0.0000000000e+00 -5.3653048265e+00
475.91200000 -5.5590317674e+01 -1.7326329140e-14 0.0000000000e+00 -1.7326329140e-14 -5.5590317674e+01 0.0000000000e+00 0.0000000000e+00 0.0000000000e+00 -5.3538848266e+00
476.06400000 -5.5161658643e+01 -1.6684613246e-14 0.0000000000e+00 -1.6684613246e-14 -5.5161658643e+01 0.0000000000e+00 0.0000000000e+00 0.0000000000e+00 -5.3424868613e+00
476.21600000 -5.4738820042e+01 -1.6684613246e-14 0.0000000000e+00 -1.6684613246e-14 -5.4738820042e+01 0.0000000000e+00 0.0000000000e+00 0.0000000000e+00 -5.3311108688e+00
476.36800000 -5.4321690751e+01 -1.7326329140e-14 0.0000000000e+00 -1.7326329140e-14 -5.4321690751e+01 0.0000000000e+00 0.0000000000e+00 0.0000000000e+00 -5.3197567873e+00
476.52000000 -5.3910162225e+01 -1.6684613246e-14 0.0000000000e+00 -1.6684613246e-14 -5.3910162225e+01 0.0000000000e+00 0.0000000000e+00 0.0000000000e+00 -5.3084245552e+00
476.67200000 -5.3504128436e+01 -1.6684613246e-14 0.0000000000e+00 -1.6684613246e-14 -5.3504128436e+01 0.0000000000e+00 0.0000000000e+00 0.0000000000e+00 -5.2971141114e+00
476.82400000 -5.3103485809e+01 -1.6684613246e-14 0.0000000000e+00 -1.6684613246e-14 -5.3103485809e+01 0.0000000000e+00 0.0000000000e+00 0.0000000000e+00 -5.2858253949e+00
476.97600000 -5.2708133155e+01 -1.6684613246e-14 0.0000000000e+00 -1.6684613246e-14 -5.2708133155e+01 0.0000000000e+00 0.0000000000e+00 0.0000000000e+00 -5.2745583448e+00
477.12800000 -5.2317971619e+01 -1.6684613246e-14 0.0000000000e+00 -1.6684613246e-14 -5.2317971619e+01 0.0000000000e+00 0.0000000000e+00 0.0000000000e+00 -5.2633129005e+00
477.28000000 -5.1932904616e+01 -1.6042897352e-14 0.0000000000e+00 -1.6042897352e-14 -5.1932904616e+01 0.0000000000e+00 0.0000000000e+00 0.0000000000e+00 -5.2520890017e+00
477.43200000 -5.1552837774e+01 -1.6042897352e-14 0.0000000000e+00 -1.6042897352e-14 -5.1552837774e+01 0.0000000000e+00 0.0000000000e+00 0.0000000000e+00 -5.2408865884e+00
477.58400000 -5.1177678880e+01 -1.6042897352e-14 0.0000000000e+00 -1.6042897352e-14 -5.1177678880e+01 0.0000000000e+00 0.0000000000e+00 0.0000000000e+00 -5.2297056005e+00
477.73600000 -5.0807337822e+01 -1.5401181458e-14 0.0000000000e+00 -1.5401181458e-14 -5.0807337822e+01 0.0000000000e+00 0.0000000000e+00 0.0000000000e+00 -5.2185459784e+00
477.88800000 -5.0441726539e+01 -1.6042897352e-14 0.0000000000e+00 -1.6042897352e-14 -5.0441726539e+01 0.0000000000e+00 0.0000000000e+00 0.0000000000e+00 -5.2074076627e+00
478.04000000 -5.0080758966e+01 -1.5401181458e-14 0.0000000000e+00 -1.5401181458e-14 -5.0080758966e+01 0.0000000000e+00 0.0000000000e+00 0.0000000000e+00 -5.1962905940e+00
478.19200000 -4.9724350987e+01 -1.5401181458e-14 0.0000000000e+00 -1.5401181458e-14 -4.9724350987e+01 0.0000000000e+00 0.0000000000e+00 0.0000000000e+00 -5.1851947134e+00
478.34400000 -4.9372420379e+01 -1.5401181458e-14 0.0000000000e+00 -1.5401181458e-14 -4.9372420379e+01 0.0000000000e+00 0.0000000000e+00 0.0000000000e+00 -5.1741199621e+00
478.49600000 -4.9024886769e+01 -1.5401181458e-14 0.0000000000e+00 -1.5401181458e-14 -4.9024886769e+01 0.0000000000e+00 0.0000000000e+00 0.0000000000e+00 -5.1630662814e+00
478.64800000 -4.8681671587e+01 -1.5401181458e-14 0.0000000000e+00 -1.5401181458e-14 -4.8681671587e+01 0.0000000000e+00 0.0000000000e+00 0.0000000000e+00 -5.1520336131e+00
478.80000000 -4.8342698015e+01 -1.5401181458e-14 0.0000000000e+00 -1.5401181458e-14 -4.8342698015e+01 0.0000000000e+00 0.0000000000e+00 0.0000000000e+00 -5.1410218988e+00
478.95200000 -4.8007890948e+01 -1.5401181458e-14 0.0000000000e+00 -1.5401181458e-14 -4.8007890948e+01 0.0000000000e+00 0.0000000000e+00 0.0000000000e+00 -5.1300310808e+00
479.10400000 -4.7677176948e+01 -1.4759465564e-14 0.0000000000e+00 -1.4759465564e-14 -4.7677176948e+01 0.0000000000e+00 0.0000000000e+00 0.0000000000e+00 -5.1190611011e+00
479.25600000 -4.7350484201e+01 -1.4759465564e-14 0.0000000000e+00 -1.4759465564e-14 -4.7350484201e+01 0.0000000000e+00 0.0000000000e+00 0.0000000000e+00 -5.1081119024e+00
479.40800000 -4.7027742476e+01 -1.4117749670e-14 0.0000000000e+00 -1.4117749670e-14 -4.7027742476e+01 0.0000000000e+00 0.0000000000e+00 0.0000000000e+00 -5.0971834273e+00
479.56000000 -4.6708883085e+01 -1.4759465564e-14 0.0000000000e+00 -1.4759465564e-14 -4.6708883085e+01 0.0000000000e+00 0.0000000000e+00 0.0000000000e+00 -5.0862756187e+00
479.71200000 -4.6393838847e+01 -1.4759465564e-14 0.0000000000e+00 -1.4759465564e-14 -4.6393838847e+01 0.0000000000e+00 0.0000000000e+00 0.0000000000e+00 -5.0753884197e+00
479.86400000 -4.6082544043e+01 -1.4759465564e-14 0.0000000000e+00 -1.4759465564e-14 -4.6082544043e+01 0.0000000000e+00 0.0000000000e+00 0.0000000000e+00 -5.0645217735e+00
480.01600000 -4.5774934386e+01 -1.4759465564e-14 0.0000000000e+00 -1.4759465564e-14 -4.5774934386e+01 0.0000000000e+00 0.0000000000e+00 0.0000000000e+00 -5.0536756238e+00
480.16800000 -4.5470946981e+01 -1.4759465564e-14 0.0000000000e+00 -1.4759465564e-14 -4.5470946981e+01 0.0000000000e+00 0.0000000000e+00 0.0000000000e+00 -5.0428499143e+00
480.32000000 -4.5170520288e+01 -1.4117749670e-14 0.0000000000e+00 -1.4117749670e-14 -4.5170520288e+01 0.0000000000e+00 0.0000000000e+00 0.0000000000e+00 -5.0320445888e+00
480.47200000 -4.4873594096e+01 -1.4117749670e-14 0.0000000000e+00 -1.4117749670e-14 -4.4873594096e+01 0.0000000000e+00 0.0000000000e+00 0.0000000000e+00 -5.0212595914e+00
480.62400000 -4.4580109480e+01 -1.3476033776e-14 0.0000000000e+00 -1.3476033776e-14 -4.4580109480e+01 0.0000000000e+00 0.0000000000e+00 0.0000000000e+00 -5.0104948666e+00
480.77600000 -4.4290008776e+01 -1.4117749670e-14 0.0000000000e+00 -1.4117749670e-14 -4.4290008776e+01 0.0000000000e+00 0.0000000000e+00 0.0000000000e+00 -4.9997503589e+00
480.92800000 -4.4003235544e+01 -1.3476033776e-14 0.0000000000e+00 -1.3476033776e-14 -4.4003235544e+01 0.0000000000e+00 0.0000000000e+00 0.0000000000e+00 -4.9890260129e+00
481.08000000 -4.3719734542e+01 -1.3476033776e-14 0.0000000000e+00 -1.3476033776e-14 -4.3719734542e+01 0.0000000000e+00 0.0000000000e+00 0.0000000000e+00 -4.9783217737e+00
481.23200000 -4.3439451695e+01 -1.3476033776e-14 0.0000000000e+00 -1.3476033776e-14 -4.3439451695e+01 0.0000000000e+00 0.0000000000e+00 0.0000000000e+00 -4.9676375863e+00
481.38400000 -4.3162334062e+01 -1.3476033776e-14 0.0000000000e+00 -1.3476033776e-14 -4.3162334062e+01 0.0000000000e+00 0.0000000000e+00 0.0000000000e+00 -4.9569733961e+00
481.53600000 -4.2888329816e+01 -1.3476033776e-14 0.0000000000e+00 -1.3476033776e-14 -4.2888329816e+01 0.0000000000e+00 0.0000000000e+00 0.0000000000e+00 -4.9463291487e+00
481.68800000 -4.2617388208e+01 -1.3476033776e-14 0.0000000000e+00 -1.3476033776e-14 -4.2617388208e+01 0.0000000000e+00 0.0000000000e+00 0.0000000000e+00 -4.9357047896e+00
481.84000000 -4.2349459547e+01 -1.3476033776e-14 0.0000000000e+00 -1.3476033776e-14 -4.2349459547e+01 0.0000000000e+00 0.0000000000e+00 0.0000000000e+00 -4.9251002650e+00
481.99200000 -4.2084495168e+01 -1.3476033776e-14 0.0000000000e+00 -1.3476033776e-14 -4.2084495168e+01 0.0000000000e+00 0.0000000000e+00 0.0000000000e+00 -4.9145155208e+00
482.14400000 -4.1822447414e+01 -1.2834317881e-14 0.0000000000e+00 -1.2834317881e-14 -4.1822447414e+01 0.0000000000e+00 0.0000000000e+00 0.0000000000e+00 -4.9039505033e+00
482.29600000 -4.1563269604e+01 -1.2834317881e-14 0.0000000000e+00 -1.2834317881e-14 -4.1563269604e+01 0.0000000000e+00 0.0000000000e+00 0.0000000000e+00 -4.8934051592e+00
482.44800000 -4.1306916016e+01 -1.2834317881e-14 0.0000000000e+00 -1.2834317881e-14 -4.1306916016e+01 0.0000000000e+00 0.0000000000e+00 0.0000000000e+00 -4.8828794351e+00
482.60000000 -4.1053341858e+01 -1.2834317881e-14 0.0000000000e+00 -1.2834317881e-14 -4.1053341858e+01 0.0000000000e+00 0.0000000000e+00 0.0000000000e+00 -4.8723732778e+00
482.75200000 -4.0802503249e+01 -1.2834317881e-14 0.0000000000e+00 -1.2834317881e-14 -4.0802503249e+01 0.0000000000e+00 0.0000000000e+00 0.0000000000e+00 -4.8618866344e+00
482.90400000 -4.0554357196e+01 -1.2834317881e-14 0.0000000000e+00 -1.2834317881e-14 -4.0554357196e+01 0.0000000000e+00 0.0000000000e+00 0.0000000000e+00 -4.8514194523e+00
483.05600000 -4.0308861571e+01 -1.2834317881e-14 0.0000000000e+00 -1.2834317881e-14 -4.0308861571e+01 0.0000000000e+00 0.0000000000e+00 0.0000000000e+00 -4.8409716788e+00
483.20800000 -4.0065975095e+01 -1.2834317881e-14 0.0000000000e+00 -1.2834317881e-14 -4.0065975095e+01 0.0000000000e+00 0.0000000000e+00 0.0000000000e+00 -4.8305432616e+00
483.36000000 -3.9825657311e+01 -1.2834317881e-14 0.0000000000e+00 -1.2834317881e-14 -3.9825657311e+01 0.0000000000e+00 0.0000000000e+00 0.0000000000e+00 -4.8201341485e+00
483.51200000 -3.9587868571e+01 -1.2192601987e-14 0.0000000000e+00 -1.2192601987e-14 -3.9587868571e+01 0.0000000000e+00 0.0000000000e+00 0.0000000000e+00 -4.8097442876e+00
483.66400000 -3.9352570011e+01 -1.2192601987e-14 0.0000000000e+00 -1.2192601987e-14 -3.9352570011e+01 0.0000000000e+00 0.0000000000e+00 0.0000000000e+00 -4.7993736270e+00
483.81600000 -3.9119723537e+01 -1.2192601987e-14 0.0000000000e+00 -1.2192601987e-14 -3.9119723537e+01 0.0000000000e+00 0.0000000000e+00 0.0000000000e+00 -4.7890221152e+00
483.96800000 -3.8889291803e+01 -1.2192601987e-14 0.0000000000e+00 -1.2192601987e-14 -3.8889291803e+01 0.0000000000e+00 0.0000000000e+00 0.0000000000e+00 -4.7786897006e+00
484.12000000 -3.8661238196e+01 -1.2192601987e-14 0.0000000000e+00 -1.2192601987e-14 -3.8661238196e+01 0.0000000000e+00 0.0000000000e+00 0.0000000000e+00 -4.7683763320e+00
484.27200000 -3.8435526820e+01 -1.2192601987e-14 0.0000000000e+00 -1.2192601987e-14 -3.8435526820e+01 0.0000000000e+00 0.0000000000e+00 0.0000000000e+00 -4.7580819585e+00
484.42400000 -3.8212122475e+01 -1.2192601987e-14 0.0000000000e+00 -1.2192601987e-14 -3.8212122475e+01 0.0000000000e+00 0.0000000000e+00 0.0000000000e+00 -4.7478065290e+00
484.57600000 -3.7990990642e+01 -1.2192601987e-14 0.0000000000e+00 -1.2192601987e-14 -3.7990990642e+01 0.0000000000e+00 0.0000000000e+00 0.0000000000e+00 -4.7375499929e+00
484.72800000 -3.7772097471e+01 -1.1230028146e-14 0.0000000000e+00 -1.1230028146e-14 -3.7772097471e+01 0.0000000000e+00 0.0000000000e+00 0.0000000000e+00 -4.7273122996e+00
484.88000000 -3.7555409762e+01 -1.1550886093e-14 0.0000000000e+00 -1.1550886093e-14 -3.7555409762e+01 0.0000000000e+00 0.0000000000e+00 0.0000000000e+00 -4.7170933989e+00
485.03200000 -3.7340894948e+01 -1.1230028146e-14 0.0000000000e+00 -1.1230028146e-14 -3.7340894948e+01 0.0000000000e+00 0.0000000000e+00 0.0000000000e+00 -4.7068932405e+00
485.18400000 -3.7128521087e+01 -1.1230028146e-14 0.0000000000e+00 -1.1230028146e-14 -3.7128521087e+01 0.0000000000e+00 0.0000000000e+00 0.0000000000e+00 -4.6967117744e+00
485.33600000 -3.6918256841e+01 -1.1230028146e-14 0.0000000000e+00 -1.1230028146e-14 -3.6918256841e+01 0.0000000000e+00 0.0000000000e+00 0.0000000000e+00 -4.6865489508e+00
485.48800000 -3.6710071466e+01 -1.1230028146e-14 0.0000000000e+00 -1.1230028146e-14 -3.6710071466e+01 0.0000000000e+00 0.0000000000e+00 0.0000000000e+00 -4.6764047202e+00
485.64000000 -3.6503934798e+01 -1.1230028146e-14 0.0000000000e+00 -1.1230028146e-14 -3.6503934798e+01 0.0000000000e+00 0.0000000000e+00 0.0000000000e+00 -4.6662790329e+00
485.79200000 -3.6299817237e+01 -1.0909170199e-14 0.0000000000e+00 -1.0909170199e-14 -3.6299817237e+01 0.0000000000e+00 0.0000000000e+00 0.0000000000e+00 -4.6561718398e+00
485.94400000 -3.6097689738e+01 -1.0909170199e-14 0.0000000000e+00 -1.0909170199e-14 -3.6097689738e+01 0.0000000000e+00 0.0000000000e+00 0.0000000000e+00 -4.6460830917e+00
486.09600000 -3.5897523798e+01 -1.1230028146e-14 0.0000000000e+00 -1.1230028146e-14 -3.5897523798e+01 0.0000000000e+00 0.0000000000e+00 0.0000000000e+00 -4.6360127396e+00
486.24800000 -3.5699291441e+01 -1.0909170199e-14 0.0000000000e+00 -1.0909170199e-14 -3.5699291441e+01 0.0000000000e+00 0.0000000000e+00 0.0000000000e+00 -4.6259607349e+00
486.40000000 -3.5502965209e+01 -1.0909170199e-14 0.0000000000e+00 -1.0909170199e-14 -3.5502965209e+01 0.0000000000e+00 0.0000000000e+00 0.0000000000e+00 -4.6159270288e+00
486.55200000 -3.5308518148e+01 -1.0588312252e-14 0.0000000000e+00 -1.0588312252e-14 -3.5308518148e+01 0.0000000000e+00 0.0000000000e+00 0.0000000000e+00 -4.6059115730e+00
486.70400000 -3.5115923800e+01 -1.0909170199e-14 0.0000000000e+00 -1.0909170199e-14 -3.5115923800e+01 0.0000000000e+00 0.0000000000e+00 0.0000000000e+00 -4.5959143191e+00
486.85600000 -3.4925156188e+01 -1.0588312252e-14 0.0000000000e+00 -1.0588312252e-14 -3.4925156188e+01 0.0000000000e+00 0.0000000000e+00 0.0000000000e+00 -4.5859352192e+00
487.00800000 -3.4736189810e+01 -1.0588312252e-14 0.0000000000e+00 -1.0588312252e-14 -3.4736189810e+01 0.0000000000e+00 0.0000000000e+00 0.0000000000e+00 -4.5759742252e+00
487.16000000 -3.4548999625e+01 -1.0588312252e-14 0.0000000000e+00 -1.0588312252e-14 -3.4548999625e+01 0.0000000000e+00 0.0000000000e+00 0.0000000000e+00 -4.5660312895e+00
487.31200000 -3.4363561044e+01 -1.0588312252e-14 0.0000000000e+00 -1.0588312252e-14 -3.4363561044e+01 0.0000000000e+00 0.0000000000e+00 0.0000000000e+00 -4.5561063643e+00
487.46400000 -3.4179849919e+01 -1.0588312252e-14 0.0000000000e+00 -1.0588312252e-14 -3.4179849919e+01 0.0000000000e+00 0.0000000000e+00 0.0000000000e+00 -4.5461994024e+00
487.61600000 -3.3997842537e+01 -1.0267454305e-14 0.0000000000e+00 -1.0267454305e-14 -3.3997842537e+01 0.0000000000e+00 0.0000000000e+00 0.0000000000e+00 -4.5363103564e+00
487.76800000 -3.3817515604e+01 -1.0267454305e-14 0.0000000000e+00 -1.0267454305e-14 -3.3817515604e+01 0.0000000000e+00 0.0000000000e+00 0.0000000000e+00 -4.5264391793e+00
487.92000000 -3.3638846245e+01 -1.0267454305e-14 0.0000000000e+00 -1.0267454305e-14 -3.3638846245e+01 0.0000000000e+00 0.0000000000e+00 0.0000000000e+00 -4.5165858240e+00
488.07200000 -3.3461811987e+01 -1.0267454305e-14 0.0000000000e+00 -1.0267454305e-14 -3.3461811987e+01 0.0000000000e+00 0.0000000000e+00 0.0000000000e+00 -4.5067502439e+00
488.22400000 -3.3286390752e+01 -1.0267454305e-14 0.0000000000e+00 -1.0267454305e-14 -3.3286390752e+01 0.0000000000e+00 0.0000000000e+00 0.0000000000e+00 -4.4969323923e+00
488.37600000 -3.3112560853e+01 -1.0267454305e-14 0.0000000000e+00 -1.0267454305e-14 -3.3112560853e+01 0.0000000000e+00 0.0000000000e+00 0.0000000000e+00 -4.4871322228e+00
488.52800000 -3.2940300981e+01 -9.9465963581e-15 0.0000000000e+00 -9.9465963581e-15 -3.2940300981e+01 0.0000000000e+00 0.0000000000e+00 0.0000000000e+00 -4.4773496891e+00
488.68000000 -3.2769590199e+01 -9.9465963581e-15 0.0000000000e+00 -9.9465963581e-15 -3.2769590199e+01 0.0000000000e+00 0.0000000000e+00 0.0000000000e+00 -4.4675847451e+00
488.83200000 -3.2600407931e+01 -9.9465963581e-15 0.0000000000e+00 -9.9465963581e-15 -3.2600407931e+01 0.0000000000e+00 0.0000000000e+00 0.0000000000e+00 -4.4578373448e+00
488.98400000 -3.2432733961e+01 -9.9465963581e-15 0.0000000000e+00 -9.9465963581e-15 -3.2432733961e+01 0.0000000000e+00 0.0000000000e+00 0.0000000000e+00 -4.4481074425e+00
489.13600000 -3.2266548419e+01 -9.6257384111e-15 0.0000000000e+00 -9.6257384111e-15 -3.2266548419e+01 0.0000000000e+00 0.0000000000e+00 0.0000000000e+00 -4.4383949923e+00
489.28800000 -3.2101831776e+01 -9.6257384111e-15 0.0000000000e+00 -9.6257384111e-15 -3.2101831776e+01 0.0000000000e+00 0.0000000000e+00 0.0000000000e+00 -4.4286999490e+00
489.44000000 -3.1938564837e+01 -9.9465963581e-15 0.0000000000e+00 -9.9465963581e-15 -3.1938564837e+01 0.0000000000e+00 0.0000000000e+00 0.0000000000e+00 -4.4190222671e+00
489.59200000 -3.1776728736e+01 -9.6257384111e-15 0.0000000000e+00 -9.6257384111e-15 -3.1776728736e+01 0.0000000000e+00 0.0000000000e+00 0.0000000000e+00 -4.4093619015e+00
489.74400000 -3.1616304924e+01 -9.9465963581e-15 0.0000000000e+00 -9.9465963581e-15 -3.1616304924e+01 0.0000000000e+00 0.0000000000e+00 0.0000000000e+00 -4.3997188071e+00
489.89600000 -3.1457275169e+01 -9.6257384111e-15 0.0000000000e+00 -9.6257384111e-15 -3.1457275169e+01 0.0000000000e+00 0.0000000000e+00 0.0000000000e+00 -4.3900929390e+00
490.04800000 -3.1299621544e+01 -9.6257384111e-15 0.0000000000e+00 -9.6257384111e-15 -3.1299621544e+01 0.0000000000e+00 0.0000000000e+00 0.0000000000e+00 -4.3804842527e+00
490.20000000 -3.1143326423e+01 -9.6257384111e-15 0.0000000000e+00 -9.6257384111e-15 -3.1143326423e+01 0.0000000000e+00 0.0000000000e+00 0.0000000000e+00 -4.3708927035e+00
490.35200000 -3.0988372475e+01 -9.6257384111e-15 0.0000000000e+00 -9.6257384111e-15 -3.0988372475e+01 0.0000000000e+00 0.0000000000e+00 0.0000000000e+00 -4.3613182469e+00
490.50400000 -3.0834742658e+01 -9.6257384111e-15 0.0000000000e+00 -9.6257384111e-15 -3.0834742658e+01 0.0000000000e+00 0.0000000000e+00 0.0000000000e+00 -4.3517608388e+00
490.65600000 -3.0682420213e+01 -9.3048804640e-15 0.0000000000e+00 -9.3048804640e-15 -3.0682420213e+01 0.0000000000e+00 0.0000000000e+00 0.0000000000e+00 -4.3422204351e+00
490.80800000 -3.0531388656e+01 -9.3048804640e-15 0.0000000000e+00 -9.3048804640e-15 -3.0531388656e+01 0.0000000000e+00 0.0000000000e+00 0.0000000000e+00 -4.3326969917e+00
490.96000000 -3.0381631778e+01 -9.3048804640e-15 0.0000000000e+00 -9.3048804640e-15 -3.0381631778e+01 0.0000000000e+00 0.0000000000e+00 0.0000000000e+00 -4.3231904650e+00
491.11200000 -3.0233133634e+01 -9.3048804640e-15 0.0000000000e+00 -9.3048804640e-15 -3.0233133634e+01 0.0000000000e+00 0.0000000000e+00 0.0000000000e+00 -4.3137008111e+00
491.26400000 -3.0085878539e+01 -9.3048804640e-15 0.0000000000e+00 -9.3048804640e-15 -3.0085878539e+01 0.0000000000e+00 0.0000000000e+00 0.0000000000e+00 -4.3042279868e+00
491.41600000 -2.9939851064e+01 -8.9840225170e-15 0.0000000000e+00 -8.9840225170e-15 -2.9939851064e+01 0.0000000000e+00 0.0000000000e+00 0.0000000000e+00 -4.2947719485e+00
491.56800000 -2.9795036032e+01 -8.9840225170e-15 0.0000000000e+00 -8.9840225170e-15 -2.9795036032e+01 0.0000000000e+00 0.0000000000e+00 0.0000000000e+00 -4.2853326531e+00
491.72000000 -2.9651418509e+01 -8.9840225170e-15 0.0000000000e+00 -8.9840225170e-15 -2.9651418509e+01 0.0000000000e+00 0.0000000000e+00 0.0000000000e+00 -4.2759100575e+00
491.87200000 -2.9508983804e+01 -8.9840225170e-15 0.0000000000e+00 -8.9840225170e-15 -2.9508983804e+01 0.0000000000e+00 0.0000000000e+00 0.0000000000e+00 -4.2665041189e+00
492.02400000 -2.9367717459e+01 -8.9840225170e-15 0.0000000000e+00 -8.9840225170e-15 -2.9367717459e+01 0.0000000000e+00 0.0000000000e+00 0.0000000000e+00 -4.2571147943e+00
492.17600000 -2.9227605251e+01 -8.9840225170e-15 0.0000000000e+00 -8.9840225170e-15 -2.9227605251e+01 0.0000000000e+00 0.0000000000e+00 0.0000000000e+00 -4.2477420413e+00
492.32800000 -2.9088633180e+01 -8.6631645700e-15 0.0000000000e+00 -8.6631645700e-15 -2.9088633180e+01 0.0000000000e+00 0.0000000000e+00 0.0000000000e+00 -4.2383858174e+00
492.48000000 -2.8950787470e+01 -8.6631645700e-15 0.0000000000e+00 -8.6631645700e-15 -2.8950787470e+01 0.0000000000e+00 0.0000000000e+00 0.0000000000e+00 -4.2290460802e+00
492.63200000 -2.8814054563e+01 -8.6631645700e-15 0.0000000000e+00 -8.6631645700e-15 -2.8814054563e+01 0.0000000000e+00 0.0000000000e+00 0.0000000000e+00 -4.2197227874e+00
492.78400000 -2.8678421114e+01 -8.9840225170e-15 0.0000000000e+00 -8.9840225170e-15 -2.8678421114e+01 0.0000000000e+00 0.0000000000e+00 0.0000000000e+00 -4.2104158972e+00
492.93600000 -2.8543873989e+01 -8.6631645700e-15 0.0000000000e+00 -8.6631645700e-15 -2.8543873989e+01 0.0000000000e+00 0.0000000000e+00 0.0000000000e+00 -4.2011253676e+00
493.08800000 -2.8410400258e+01 -8.6631645700e-15 0.0000000000e+00 -8.6631645700e-15 -2.8410400258e+01 0.0000000000e+00 0.0000000000e+00 0.0000000000e+00 -4.1918511567e+00
493.24000000 -2.8277987193e+01 -8.6631645700e-15 0.0000000000e+00 -8.6631645700e-15 -2.8277987193e+01 0.0000000000e+00 0.0000000000e+00 0.0000000000e+00 -4.1825932231e+00
493.39200000 -2.8146622266e+01 -8.6631645700e-15 0.0000000000e+00 -8.6631645700e-15 -2.8146622266e+01 0.0000000000e+00 0.0000000000e+00 0.0000000000e+00 -4.1733515251e+00
493.54400000 -2.8016293138e+01 -8.3423066229e-15 0.0000000000e+00 -8.3423066229e-15 -2.8016293138e+01 0.0000000000e+00 0.0000000000e+00 0.0000000000e+00 -4.1641260215e+00
493.69600000 -2.7886987666e+01 -8.6631645700e-15 0.0000000000e+00 -8.6631645700e-15 -2.7886987666e+01 0.0000000000e+00 0.0000000000e+00 0.0000000000e+00 -4.1549166711e+00
493.84800000 -2.7758693890e+01 -8.6631645700e-15 0.0000000000e+00 -8.6631645700e-15 -2.7758693890e+01 0.0000000000e+00 0.0000000000e+00 0.0000000000e+00 -4.1457234328e+00
494.00000000 -2.7631400035e+01 -8.3423066229e-15 0.0000000000e+00 -8.3423066229e-15 -2.7631400035e+01 0.0000000000e+00 0.0000000000e+00 0.0000000000e+00 -4.1365462657e+00
494.15200000 -2.7505094505e+01 -8.3423066229e-15 0.0000000000e+00 -8.3423066229e-15 -2.7505094505e+01 0.0000000000e+00 0.0000000000e+00 0.0000000000e+00 -4.1273851290e+00
494.30400000 -2.7379765880e+01 -8.3423066229e-15 0.0000000000e+00 -8.3423066229e-15 -2.7379765880e+01 0.0000000000e+00 0.0000000000e+00 0.0000000000e+00 -4.1182399820e+00
494.45600000 -2.7255402913e+01 -8.3423066229e-15 0.0000000000e+00 -8.3423066229e-15 -2.7255402913e+01 0.0000000000e+00 0.0000000000e+00 0.0000000000e+00 -4.1091107842e+00
494.60800000 -2.7131994530e+01 -8.0214486759e-15 0.0000000000e+00 -8.0214486759e-15 -2.7131994530e+01 0.0000000000e+00 0.0000000000e+00 0.0000000000e+00 -4.0999974952e+00
494.76000000 -2.7009529819e+01 -8.0214486759e-15 0.0000000000e+00 -8.0214486759e-15 -2.7009529819e+01 0.0000000000e+00 0.0000000000e+00 0.0000000000e+00 -4.0909000749e+00
494.91200000 -2.6887998035e+01 -8.0214486759e-15 0.0000000000e+00 -8.0214486759e-15 -2.6887998035e+01 0.0000000000e+00 0.0000000000e+00 0.0000000000e+00 -4.0818184830e+00
495.06400000 -2.6767388592e+01 -8.0214486759e-15 0.0000000000e+00 -8.0214486759e-15 -2.6767388592e+01 0.0000000000e+00 0.0000000000e+00 0.0000000000e+00 -4.0727526797e+00
495.21600000 -2.6647691063e+01 -8.0214486759e-15 0.0000000000e+00 -8.0214486759e-15 -2.6647691063e+01 0.0000000000e+00 0.0000000000e+00 0.0000000000e+00 -4.0637026251e+00
495.36800000 -2.6528895175e+01 -8.0214486759e-15 0.0000000000e+00 -8.0214486759e-15 -2.6528895175e+01 0.0000000000e+00 0.0000000000e+00 0.0000000000e+00 -4.0546682794e+00
495.52000000 -2.6410990807e+01 -8.0214486759e-15 0.0000000000e+00 -8.0214486759e-15 -2.6410990807e+01 0.0000000000e+00 0.0000000000e+00 0.0000000000e+00 -4.0456496031e+00
495.67200000 -2.6293967987e+01 -8.0214486759e-15 0.0000000000e+00 -8.0214486759e-15 -2.6293967987e+01 0.0000000000e+00 0.0000000000e+00 0.0000000000e+00 -4.0366465567e+00
495.82400000 -2.6177816889e+01 -8.0214486759e-15 0.0000000000e+00 -8.0214486759e-15 -2.6177816889e+01 0.0000000000e+00 0.0000000000e+00 0.0000000000e+00 -4.0276591010e+00
495.97600000 -2.6062527834e+01 -7.7005907289e-15 0.0000000000e+00 -7.7005907289e-15 -2.6062527834e+01 0.0000000000e+00 0.0000000000e+00 0.0000000000e+00 -4.0186871967e+00
496.12800000 -2.5948091281e+01 -8.0214486759e-15 0.0000000000e+00 -8.0214486759e-15 -2.5948091281e+01 0.0000000000e+00 0.0000000000e+00 0.0000000000e+00 -4.0097308048e+00
496.28000000 -2.5834497828e+01 -8.0214486759e-15 0.0000000000e+00 -8.0214486759e-15 -2.5834497828e+01 0.0000000000e+00 0.0000000000e+00 0.0000000000e+00 -4.0007898864e+00
496.43200000 -2.5721738211e+01 -8.0214486759e-15 0.0000000000e+00 -8.0214486759e-15 -2.5721738211e+01 0.0000000000e+00 0.0000000000e+00 0.0000000000e+00 -3.9918644027e+00
496.58400000 -2.5609803298e+01 -7.7005907289e-15 0.0000000000e+00 -7.7005907289e-15 -2.5609803298e+01 0.0000000000e+00 0.0000000000e+00 0.0000000000e+00 -3.9829543150e+00
496.73600000 -2.5498684090e+01 -7.7005907289e-15 0.0000000000e+00 -7.7005907289e-15 -2.5498684090e+01 0.0000000000e+00 0.0000000000e+00 0.0000000000e+00 -3.9740595847e+00
496.88800000 -2.5388371717e+01 -7.7005907289e-15 0.0000000000e+00 -7.7005907289e-15 -2.5388371717e+01 0.0000000000e+00 0.0000000000e+00 0.0000000000e+00 -3.9651801736e+00
497.04000000 -2.5278857435e+01 -7.7005907289e-15 0.0000000000e+00 -7.7005907289e-15 -2.5278857435e+01 0.0000000000e+00 0.0000000000e+00 0.0000000000e+00 -3.9563160432e+00
497.19200000 -2.5170132624e+01 -7.7005907289e-15 0.0000000000e+00 -7.7005907289e-15 -2.5170132624e+01 0.0000000000e+00 0.0000000000e+00 0.0000000000e+00 -3.9474671555e+00
497.34400000 -2.5062188788e+01 -7.7005907289e-15 0.0000000000e+00 -7.7005907289e-15 -2.5062188788e+01 0.0000000000e+00 0.0000000000e+00 0.0000000000e+00 -3.9386334723e+00
497.49600000 -2.4955017552e+01 -7.7005907289e-15 0.0000000000e+00 -7.7005907289e-15 -2.4955017552e+01 0.0000000000e+00 0.0000000000e+00 0.0000000000e+00 -3.9298149559e+00
497.64800000 -2.4848610657e+01 -7.7005907289e-15 0.0000000000e+00 -7.7005907289e-15 -2.4848610657e+01 0.0000000000e+00 0.0000000000e+00 0.0000000000e+00 -3.9210115684e+00
497.80000000 -2.4742959960e+01 -7.7005907289e-15 0.0000000000e+00 -7.7005907289e-15 -2.4742959960e+01 0.0000000000e+00 0.0000000000e+00 0.0000000000e+00 -3.9122232721e+00
497.95200000 -2.4638057435e+01 -7.3797327818e-15 0.0000000000e+00 -7.3797327818e-15 -2.4638057435e+01 0.0000000000e+00 0.0000000000e+00 0.0000000000e+00 -3.9034500296e+00
498.10400000 -2.4533895166e+01 -7.3797327818e-15 0.0000000000e+00 -7.3797327818e-15 -2.4533895166e+01 0.0000000000e+00 0.0000000000e+00 0.0000000000e+00 -3.8946918034e+00
498.25600000 -2.4430465347e+01 -7.3797327818e-15 0.0000000000e+00 -7.3797327818e-15 -2.4430465347e+01 0.0000000000e+00 0.0000000000e+00 0.0000000000e+00 -3.8859485563e+00
498.40800000 -2.4327760282e+01 -7.3797327818e-15 0.0000000000e+00 -7.3797327818e-15 -2.4327760282e+01 0.0000000000e+00 0.0000000000e+00 0.0000000000e+00 -3.8772202510e+00
498.56000000 -2.4225772379e+01 -7.3797327818e-15 0.0000000000e+00 -7.3797327818e-15 -2.4225772379e+01 0.0000000000e+00 0.0000000000e+00 0.0000000000e+00 -3.8685068506e+00
498.71200000 -2.4124494154e+01 -7.3797327818e-15 0.0000000000e+00 -7.3797327818e-15 -2.4124494154e+01 0.0000000000e+00 0.0000000000e+00 0.0000000000e+00 -3.8598083181e+00
498.86400000 -2.4023918223e+01 -7.0588748348e-15 0.0000000000e+00 -7.0588748348e-15 -2.4023918223e+01 0.0000000000e+00 0.0000000000e+00 0.0000000000e+00 -3.8511246167e+00
499.01600000 -2.3924037304e+01 -7.3797327818e-15 0.0000000000e+00 -7.3797327818e-15 -2.3924037304e+01 0.0000000000e+00 0.0000000000e+00 0.0000000000e+00 -3.8424557098e+00
499.16800000 -2.3824844216e+01 -7.0588748348e-15 0.0000000000e+00 -7.0588748348e-15 -2.3824844216e+01 0.0000000000e+00 0.0000000000e+00 0.0000000000e+00 -3.8338015608e+00
499.32000000 -2.3726331874e+01 -7.3797327818e-15 0.0000000000e+00 -7.3797327818e-15 -2.3726331874e+01 0.0000000000e+00 0.0000000000e+00 0.0000000000e+00 -3.8251621332e+00
499.47200000 -2.3628493289e+01 -7.0588748348e-15 0.0000000000e+00 -7.0588748348e-15 -2.3628493289e+01 0.0000000000e+00 0.0000000000e+00 0.0000000000e+00 -3.8165373907e+00
499.62400000 -2.3531321567e+01 -7.0588748348e-15 0.0000000000e+00 -7.0588748348e-15 -2.3531321567e+01 0.0000000000e+00 0.0000000000e+00 0.0000000000e+00 -3.8079272972e+00
499.77600000 -2.3434809909e+01 -7.0588748348e-15 0.0000000000e+00 -7.0588748348e-15 -2.3434809909e+01 0.0000000000e+00 0.0000000000e+00 0.0000000000e+00 -3.7993318165e+00
499.92800000 -2.3338951603e+01 -7.0588748348e-15 0.0000000000e+00 -7.0588748348e-15 -2.3338951603e+01 0.0000000000e+00 0.0000000000e+00 0.0000000000e+00 -3.7907509127e+00
500.08000000 -2.3243740032e+01 -7.0588748348e-15 0.0000000000e+00 -7.0588748348e-15 -2.3243740032e+01 0.0000000000e+00 0.0000000000e+00 0.0000000000e+00 -3.7821845499e+00
500.23200000 -2.3149168663e+01 -7.0588748348e-15 0.0000000000e+00 -7.0588748348e-15 -2.3149168663e+01 0.0000000000e+00 0.0000000000e+00 0.0000000000e+00 -3.7736326925e+00
500.38400000 -2.3055231052e+01 -7.0588748348e-15 0.0000000000e+00 -7.0588748348e-15 -2.3055231052e+01 0.0000000000e+00 0.0000000000e+00 0.0000000000e+00 -3.7650953047e+00
500.53600000 -2.2961920842e+01 -7.0588748348e-15 0.0000000000e+00 -7.0588748348e-15 -2.2961920842e+01 0.0000000000e+00 0.0000000000e+00 0.0000000000e+00 -3.7565723511e+00
500.68800000 -2.2869231756e+01 -7.0588748348e-15 0.0000000000e+00 -7.0588748348e-15 -2.2869231756e+01 0.0000000000e+00 0.0000000000e+00 0.0000000000e+00 -3.7480637964e+00
500.84000000 -2.2777157604e+01 -7.0588748348e-15 0.0000000000e+00 -7.0588748348e-15 -2.2777157604e+01 0.0000000000e+00 0.0000000000e+00 0.0000000000e+00 -3.7395696051e+00
500.99200000 -2.2685692275e+01 -7.0588748348e-15 0.0000000000e+00 -7.0588748348e-15 -2.2685692275e+01 0.0000000000e+00 0.0000000000e+00 0.0000000000e+00 -3.7310897422e+00
501.14400000 -2.2594829739e+01 -6.7380168878e-15 0.0000000000e+00 -6.7380168878e-15 -2.2594829739e+01 0.0000000000e+00 0.0000000000e+00 0.0000000000e+00 -3.7226241727e+00
501.29600000 -2.2504564045e+01 -6.7380168878e-15 0.0000000000e+00 -6.7380168878e-15 -2.2504564045e+01 0.0000000000e+00 0.0000000000e+00 0.0000000000e+00 -3.7141728616e+00
501.44800000 -2.2414889317e+01 -6.7380168878e-15 0.0000000000e+00 -6.7380168878e-15 -2.2414889317e+01 0.0000000000e+00 0.0000000000e+00 0.0000000000e+00 -3.7057357740e+00
501.60000000 -2.2325799760e+01 -6.7380168878e-15 0.0000000000e+00 -6.7380168878e-15 -2.2325799760e+01 0.0000000000e+00 0.0000000000e+00 0.0000000000e+00 -3.6973128753e+00
501.75200000 -2.2237289649e+01 -6.7380168878e-15 0.0000000000e+00 -6.7380168878e-15 -2.2237289649e+01 0.0000000000e+00 0.0000000000e+00 0.0000000000e+00 -3.6889041310e+00
501.90400000 -2.2149353337e+01 -6.7380168878e-15 0.0000000000e+00 -6.7380168878e-15 -2.2149353337e+01 0.0000000000e+00 0.0000000000e+00 0.0000000000e+00 -3.6805095064e+00
502.05600000 -2.2061985247e+01 -6.7380168878e-15 0.0000000000e+00 -6.7380168878e-15 -2.2061985247e+01 0.0000000000e+00 0.0000000000e+00 0.0000000000e+00 -3.6721289673e+00
502.20800000 -2.1975179874e+01 -6.7380168878e-15 0.0000000000e+00 -6.7380168878e-15 -2.1975179874e+01 0.0000000000e+00 0.0000000000e+00 0.0000000000e+00 -3.6637624794e+00
502.36000000 -2.1888931785e+01 -6.7380168878e-15 0.0000000000e+00 -6.7380168878e-15 -2.1888931785e+01 0.0000000000e+00 0.0000000000e+00 0.0000000000e+00 -3.6554100085e+00
502.51200000 -2.1803235614e+01 -6.7380168878e-15 0.0000000000e+00 -6.7380168878e-15 -2.1803235614e+01 0.0000000000e+00 0.0000000000e+00 0.0000000000e+00 -3.6470715206e+00
502.66400000 -2.1718086065e+01 -6.4171589407e-15 0.0000000000e+00 -6.4171589407e-15 -2.1718086065e+01 0.0000000000e+00 0.0000000000e+00 0.0000000000e+00 -3.6387469818e+00
502.81600000 -2.1633477909e+01 -6.4171589407e-15 0.0000000000e+00 -6.4171589407e-15 -2.1633477909e+01 0.0000000000e+00 0.0000000000e+00 0.0000000000e+00 -3.6304363582e+00
502.96800000 -2.1549405980e+01 -6.4171589407e-15 0.0000000000e+00 -6.4171589407e-15 -2.1549405980e+01 0.0000000000e+00 0.0000000000e+00 0.0000000000e+00 -3.6221396162e+00
503.12000000 -2.1465865182e+01 -6.7380168878e-15 0.0000000000e+00 -6.7380168878e-15 -2.1465865182e+01 0.0000000000e+00 0.0000000000e+00 0.0000000000e+00 -3.6138567221e+00
503.27200000 -2.1382850479e+01 -6.4171589407e-15 0.0000000000e+00 -6.4171589407e-15 -2.1382850479e+01 0.0000000000e+00 0.0000000000e+00 0.0000000000e+00 -3.6055876424e+00
503.42400000 -2.1300356901e+01 -6.4171589407e-15 0.0000000000e+00 -6.4171589407e-15 -2.1300356901e+01 0.0000000000e+00 0.0000000000e+00 0.0000000000e+00 -3.5973323438e+00
503.57600000 -2.1218379537e+01 -6.4171589407e-15 0.0000000000e+00 -6.4171589407e-15 -2.1218379537e+01 0.0000000000e+00 0.0000000000e+00 0.0000000000e+00 -3.5890907929e+00
503.72800000 -2.1136913539e+01 -6.4171589407e-15 0.0000000000e+00 -6.4171589407e-15 -2.1136913539e+01 0.0000000000e+00 0.0000000000e+00 0.0000000000e+00 -3.5808629566e+00
503.88000000 -2.1055954120e+01 -6.4171589407e-15 0.0000000000e+00 -6.4171589407e-15 -2.1055954120e+01 0.0000000000e+00 0.0000000000e+00 0.0000000000e+00 -3.5726488018e+00
504.03200000 -2.0975496550e+01 -6.4171589407e-15 0.0000000000e+00 -6.4171589407e-15 -2.0975496550e+01 0.0000000000e+00 0.0000000000e+00 0.0000000000e+00 -3.5644482956e+00
504.18400000 -2.0895536159e+01 -6.4171589407e-15 0.0000000000e+00 -6.4171589407e-15 -2.0895536159e+01 0.0000000000e+00 0.0000000000e+00 0.0000000000e+00 -3.5562614051e+00
504.33600000 -2.0816068334e+01 -6.0963009937e-15 0.0000000000e+00 -6.0963009937e-15 -2.0816068334e+01 0.0000000000e+00 0.0000000000e+00 0.0000000000e+00 -3.5480880975e+00
504.48800000 -2.0737088517e+01 -6.4171589407e-15 0.0000000000e+00 -6.4171589407e-15 -2.0737088517e+01 0.0000000000e+00 0.0000000000e+00 0.0000000000e+00 -3.5399283401e+00
504.64000000 -2.0658592209e+01 -6.0963009937e-15 0.0000000000e+00 -6.0963009937e-15 -2.0658592209e+01 0.0000000000e+00 0.0000000000e+00 0.0000000000e+00 -3.5317821005e+00
504.79200000 -2.0580574963e+01 -6.4171589407e-15 0.0000000000e+00 -6.4171589407e-15 -2.0580574963e+01 0.0000000000e+00 0.0000000000e+00 0.0000000000e+00 -3.5236493462e+00
504.94400000 -2.0503032388e+01 -6.0963009937e-15 0.0000000000e+00 -6.0963009937e-15 -2.0503032388e+01 0.0000000000e+00 0.0000000000e+00 0.0000000000e+00 -3.5155300448e+00
505.09600000 -2.0425960144e+01 -6.0963009937e-15 0.0000000000e+00 -6.0963009937e-15 -2.0425960144e+01 0.0000000000e+00 0.0000000000e+00 0.0000000000e+00 -3.5074241642e+00
505.24800000 -2.0349353945e+01 -6.0963009937e-15 0.0000000000e+00 -6.0963009937e-15 -2.0349353945e+01 0.0000000000e+00 0.0000000000e+00 0.0000000000e+00 -3.4993316721e+00
505.40000000 -2.0273209557e+01 -6.0963009937e-15 0.0000000000e+00 -6.0963009937e-15 -2.0273209557e+01 0.0000000000e+00 0.0000000000e+00 0.0000000000e+00 -3.4912525365e+00
505.55200000 -2.0197522796e+01 -6.0963009937e-15 0.0000000000e+00 -6.0963009937e-15 -2.0197522796e+01 0.0000000000e+00 0.0000000000e+00 0.0000000000e+00 -3.4831867255e+00
505.70400000 -2.0122289528e+01 -6.0963009937e-15 0.0000000000e+00 -6.0963009937e-15 -2.0122289528e+01 0.0000000000e+00 0.0000000000e+00 0.0000000000e+00 -3.4751342073e+00
505.85600000 -2.0047505669e+01 -6.0963009937e-15 0.0000000000e+00 -6.0963009937e-15 -2.0047505669e+01 0.0000000000e+00 0.0000000000e+00 0.0000000000e+00 -3.4670949502e+00
506.00800000 -1.9973167183e+01 -6.0963009937e-15 0.0000000000e+00 -6.0963009937e-15 -1.9973167183e+01 0.0000000000e+00 0.0000000000e+00 0.0000000000e+00 -3.4590689224e+00
506.16000000 -1.9899270084e+01 -6.0963009937e-15 0.0000000000e+00 -6.0963009937e-15 -1.9899270084e+01 0.0000000000e+00 0.0000000000e+00 0.0000000000e+00 -3.4510560925e+00
506.31200000 -1.9825810429e+01 -6.0963009937e-15 0.0000000000e+00 -6.0963009937e-15 -1.9825810429e+01 0.0000000000e+00 0.0000000000e+00 0.0000000000e+00 -3.4430564290e+00
506.46400000 -1.9752784326e+01 -6.0963009937e-15 0.0000000000e+00 -6.0963009937e-15 -1.9752784326e+01 0.0000000000e+00 0.0000000000e+00 0.0000000000e+00 -3.4350699006e+00
506.61600000 -1.9680187926e+01 -6.0963009937e-15 0.0000000000e+00 -6.0963009937e-15 -1.9680187926e+01 0.0000000000e+00 0.0000000000e+00 0.0000000000e+00 -3.4270964761e+00
506.76800000 -1.9608017427e+01 -5.7754430466e-15 0.0000000000e+00 -5.7754430466e-15 -1.9608017427e+01 0.0000000000e+00 0.0000000000e+00 0.0000000000e+00 -3.4191361242e+00
506.92000000 -1.9536269069e+01 -6.0963009937e-15 0.0000000000e+00 -6.0963009937e-15 -1.9536269069e+01 0.0000000000e+00 0.0000000000e+00 0.0000000000e+00 -3.4111888141e+00
507.07200000 -1.9464939140e+01 -6.0963009937e-15 0.0000000000e+00 -6.0963009937e-15 -1.9464939140e+01 0.0000000000e+00 0.0000000000e+00 0.0000000000e+00 -3.4032545147e+00
507.22400000 -1.9394023967e+01 -5.7754430466e-15 0.0000000000e+00 -5.7754430466e-15 -1.9394023967e+01 0.0000000000e+00 0.0000000000e+00 0.0000000000e+00 -3.3953331952e+00
507.37600000 -1.9323519921e+01 -5.7754430466e-15 0.0000000000e+00 -5.7754430466e-15 -1.9323519921e+01 0.0000000000e+00 0.0000000000e+00 0.0000000000e+00 -3.3874248249e+00
507.52800000 -1.9253423417e+01 -5.7754430466e-15 0.0000000000e+00 -5.7754430466e-15 -1.9253423417e+01 0.0000000000e+00 0.0000000000e+00 0.0000000000e+00 -3.3795293730e+00
507.68000000 -1.9183730910e+01 -6.0963009937e-15 0.0000000000e+00 -6.0963009937e-15 -1.9183730910e+01 0.0000000000e+00 0.0000000000e+00 0.0000000000e+00 -3.3716468091e+00
507.83200000 -1.9114438894e+01 -5.7754430466e-15 0.0000000000e+00 -5.7754430466e-15 -1.9114438894e+01 0.0000000000e+00 0.0000000000e+00 0.0000000000e+00 -3.3637771026e+00
507.98400000 -1.9045543906e+01 -5.7754430466e-15 0.0000000000e+00 -5.7754430466e-15 -1.9045543906e+01 0.0000000000e+00 0.0000000000e+00 0.0000000000e+00 -3.3559202233e+00
508.13600000 -1.8977042521e+01 -5.7754430466e-15 0.0000000000e+00 -5.7754430466e-15 -1.8977042521e+01 0.0000000000e+00 0.0000000000e+00 0.0000000000e+00 -3.3480761408e+00
508.28800000 -1.8908931355e+01 -5.7754430466e-15 0.0000000000e+00 -5.7754430466e-15 -1.8908931355e+01 0.0000000000e+00 0.0000000000e+00 0.0000000000e+00 -3.3402448249e+00
508.44000000 -1.8841207060e+01 -5.7754430466e-15 0.0000000000e+00 -5.7754430466e-15 -1.8841207060e+01 0.0000000000e+00 0.0000000000e+00 0.0000000000e+00 -3.3324262456e+00
508.59200000 -1.8773866327e+01 -5.4545850996e-15 0.0000000000e+00 -5.4545850996e-15 -1.8773866327e+01 0.0000000000e+00 0.0000000000e+00 0.0000000000e+00 -3.3246203729e+00
508.74400000 -1.8706905886e+01 -5.4545850996e-15 0.0000000000e+00 -5.4545850996e-15 -1.8706905886e+01 0.0000000000e+00 0.0000000000e+00 0.0000000000e+00 -3.3168271769e+00
508.89600000 -1.8640322502e+01 -5.7754430466e-15 0.0000000000e+00 -5.7754430466e-15 -1.8640322502e+01 0.0000000000e+00 0.0000000000e+00 0.0000000000e+00 -3.3090466277e+00
509.04800000 -1.8574112977e+01 -5.7754430466e-15 0.0000000000e+00 -5.7754430466e-15 -1.8574112977e+01 0.0000000000e+00 0.0000000000e+00 0.0000000000e+00 -3.3012786957e+00
509.20000000 -1.8508274149e+01 -5.7754430466e-15 0.0000000000e+00 -5.7754430466e-15 -1.8508274149e+01 0.0000000000e+00 0.0000000000e+00 0.0000000000e+00 -3.2935233513e+00
509.35200000 -1.8442802892e+01 -5.7754430466e-15 0.0000000000e+00 -5.7754430466e-15 -1.8442802892e+01 0.0000000000e+00 0.0000000000e+00 0.0000000000e+00 -3.2857805649e+00
509.50400000 -1.8377696114e+01 -5.4545850996e-15 0.0000000000e+00 -5.4545850996e-15 -1.8377696114e+01 0.0000000000e+00 0.0000000000e+00 0.0000000000e+00 -3.2780503071e+00
509.65600000 -1.8312950758e+01 -5.7754430466e-15 0.0000000000e+00 -5.7754430466e-15 -1.8312950758e+01 0.0000000000e+00 0.0000000000e+00 0.0000000000e+00 -3.2703325486e+00
509.80800000 -1.8248563800e+01 -5.4545850996e-15 0.0000000000e+00 -5.4545850996e-15 -1.8248563800e+01 0.0000000000e+00 0.0000000000e+00 0.0000000000e+00 -3.2626272600e+00
509.96000000 -1.8184532252e+01 -5.7754430466e-15 0.0000000000e+00 -5.7754430466e-15 -1.8184532252e+01 0.0000000000e+00 0.0000000000e+00 0.0000000000e+00 -3.2549344123e+00
510.11200000 -1.8120853156e+01 -5.7754430466e-15 0.0000000000e+00 -5.7754430466e-15 -1.8120853156e+01 0.0000000000e+00 0.0000000000e+00 0.0000000000e+00 -3.2472539763e+00
510.26400000 -1.8057523588e+01 -5.4545850996e-15 0.0000000000e+00 -5.4545850996e-15 -1.8057523588e+01 0.0000000000e+00 0.0000000000e+00 0.0000000000e+00 -3.2395859231e+00
510.41600000 -1.7994540656e+01 -5.4545850996e-15 0.0000000000e+00 -5.4545850996e-15 -1.7994540656e+01 0.0000000000e+00 0.0000000000e+00 0.0000000000e+00 -3.2319302238e+00
510.56800000 -1.7931901501e+01 -5.7754430466e-15 0.0000000000e+00 -5.7754430466e-15 -1.7931901501e+01 0.0000000000e+00 0.0000000000e+00 0.0000000000e+00 -3.2242868496e+00
510.72000000 -1.7869603293e+01 -5.4545850996e-15 0.0000000000e+00 -5.4545850996e-15 -1.7869603293e+01 0.0000000000e+00 0.0000000000e+00 0.0000000000e+00 -3.2166557717e+00
510.87200000 -1.7807643234e+01 -5.7754430466e-15 0.0000000000e+00 -5.7754430466e-15 -1.7807643234e+01 0.0000000000e+00 0.0000000000e+00 0.0000000000e+00 -3.2090369616e+00
511.02400000 -1.7746018557e+01 -5.1337271526e-15 0.0000000000e+00 -5.1337271526e-15 -1.7746018557e+01 0.0000000000e+00 0.0000000000e+00 0.0000000000e+00 -3.2014303906e+00
511.17600000 -1.7684726524e+01 -5.4545850996e-15 0.0000000000e+00 -5.4545850996e-15 -1.7684726524e+01 0.0000000000e+00 0.0000000000e+00 0.0000000000e+00 -3.1938360304e+00
511.32800000 -1.7623764427e+01 -5.7754430466e-15 0.0000000000e+00 -5.7754430466e-15 -1.7623764427e+01 0.0000000000e+00 0.0000000000e+00 0.0000000000e+00 -3.1862538526e+00
511.48000000 -1.7563129587e+01 -5.7754430466e-15 0.0000000000e+00 -5.7754430466e-15 -1.7563129587e+01 0.0000000000e+00 0.0000000000e+00 0.0000000000e+00 -3.1786838289e+00
511.63200000 -1.7502819355e+01 -5.7754430466e-15 0.0000000000e+00 -5.7754430466e-15 -1.7502819355e+01 0.0000000000e+00 0.0000000000e+00 0.0000000000e+00 -3.1711259311e+00
511.78400000 -1.7442831109e+01 -5.4545850996e-15 0.0000000000e+00 -5.4545850996e-15 -1.7442831109e+01 0.0000000000e+00 0.0000000000e+00 0.0000000000e+00 -3.1635801311e+00
511.93600000 -1.7383162255e+01 -5.4545850996e-15 0.0000000000e+00 -5.4545850996e-15 -1.7383162255e+01 0.0000000000e+00 0.0000000000e+00 0.0000000000e+00 -3.1560464009e+00
512.08800000 -1.7323810228e+01 -5.4545850996e-15 0.0000000000e+00 -5.4545850996e-15 -1.7323810228e+01 0.0000000000e+00 0.0000000000e+00 0.0000000000e+00 -3.1485247125e+00
512.24000000 -1.7264772489e+01 -5.2941561261e-15 0.0000000000e+00 -5.2941561261e-15 -1.7264772489e+01 0.0000000000e+00 0.0000000000e+00 0.0000000000e+00 -3.1410150382e+00
512.39200000 -1.7206046528e+01 -5.2941561261e-15 0.0000000000e+00 -5.2941561261e-15 -1.7206046528e+01 0.0000000000e+00 0.0000000000e+00 0.0000000000e+00 -3.1335173501e+00
512.54400000 -1.7147629859e+01 -5.4545850996e-15 0.0000000000e+00 -5.4545850996e-15 -1.7147629859e+01 0.0000000000e+00 0.0000000000e+00 0.0000000000e+00 -3.1260316206e+00
512.69600000 -1.7089520024e+01 -5.2941561261e-15 0.0000000000e+00 -5.2941561261e-15 -1.7089520024e+01 0.0000000000e+00 0.0000000000e+00 0.0000000000e+00 -3.1185578220e+00
512.84800000 -1.7031714590e+01 -5.2941561261e-15 0.0000000000e+00 -5.2941561261e-15 -1.7031714590e+01 0.0000000000e+00 0.0000000000e+00 0.0000000000e+00 -3.1110959270e+00
513.00000000 -1.6974211150e+01 -5.2941561261e-15 0.0000000000e+00 -5.2941561261e-15 -1.6974211150e+01 0.0000000000e+00 0.0000000000e+00 0.0000000000e+00 -3.1036459079e+00
513.15200000 -1.6917007323e+01 -5.2941561261e-15 0.0000000000e+00 -5.2941561261e-15 -1.6917007323e+01 0.0000000000e+00 0.0000000000e+00 0.0000000000e+00 -3.0962077376e+00
513.30400000 -1.6860100751e+01 -5.2941561261e-15 0.0000000000e+00 -5.2941561261e-15 -1.6860100751e+01 0.0000000000e+00 0.0000000000e+00 0.0000000000e+00 -3.0887813887e+00
513.45600000 -1.6803489103e+01 -5.2941561261e-15 0.0000000000e+00 -5.2941561261e-15 -1.6803489103e+01 0.0000000000e+00 0.0000000000e+00 0.0000000000e+00 -3.0813668341e+00
513.60800000 -1.6747170071e+01 -5.1337271526e-15 0.0000000000e+00 -5.1337271526e-15 -1.6747170071e+01 0.0000000000e+00 0.0000000000e+00 0.0000000000e+00 -3.0739640467e+00
513.76000000 -1.6691141370e+01 -5.2941561261e-15 0.0000000000e+00 -5.2941561261e-15 -1.6691141370e+01 0.0000000000e+00 0.0000000000e+00 0.0000000000e+00 -3.0665729994e+00
513.91200000 -1.6635400739e+01 -5.2941561261e-15 0.0000000000e+00 -5.2941561261e-15 -1.6635400739e+01 0.0000000000e+00 0.0000000000e+00 0.0000000000e+00 -3.0591936654e+00
514.06400000 -1.6579945944e+01 -5.1337271526e-15 0.0000000000e+00 -5.1337271526e-15 -1.6579945944e+01 0.0000000000e+00 0.0000000000e+00 0.0000000000e+00 -3.0518260178e+00
514.21600000 -1.6524774768e+01 -5.1337271526e-15 0.0000000000e+00 -5.1337271526e-15 -1.6524774768e+01 0.0000000000e+00 0.0000000000e+00 0.0000000000e+00 -3.0444700298e+00
514.36800000 -1.6469885021e+01 -5.1337271526e-15 0.0000000000e+00 -5.1337271526e-15 -1.6469885021e+01 0.0000000000e+00 0.0000000000e+00 0.0000000000e+00 -3.0371256747e+00
514.52000000 -1.6415274535e+01 -5.1337271526e-15 0.0000000000e+00 -5.1337271526e-15 -1.6415274535e+01 0.0000000000e+00 0.0000000000e+00 0.0000000000e+00 -3.0297929260e+00
514.67200000 -1.6360941162e+01 -5.1337271526e-15 0.0000000000e+00 -5.1337271526e-15 -1.6360941162e+01 0.0000000000e+00 0.0000000000e+00 0.0000000000e+00 -3.0224717570e+00
514.82400000 -1.6306882779e+01 -5.1337271526e-15 0.0000000000e+00 -5.1337271526e-15 -1.6306882779e+01 0.0000000000e+00 0.0000000000e+00 0.0000000000e+00 -3.0151621415e+00
514.97600000 -1.6253097282e+01 -5.1337271526e-15 0.0000000000e+00 -5.1337271526e-15 -1.6253097282e+01 0.0000000000e+00 0.0000000000e+00 0.0000000000e+00 -3.0078640529e+00
515.12800000 -1.6199582589e+01 -5.1337271526e-15 0.0000000000e+00 -5.1337271526e-15 -1.6199582589e+01 0.0000000000e+00 0.0000000000e+00 0.0000000000e+00 -3.0005774651e+00
515.28000000 -1.6146336640e+01 -5.1337271526e-15 0.0000000000e+00 -5.1337271526e-15 -1.6146336640e+01 0.0000000000e+00 0.0000000000e+00 0.0000000000e+00 -2.9933023518e+00
515.43200000 -1.6093357396e+01 -4.9732981791e-15 0.0000000000e+00 -4.9732981791e-15 -1.6093357396e+01 0.0000000000e+00 0.0000000000e+00 0.0000000000e+00 -2.9860386868e+00
515.58400000 -1.6040642836e+01 -5.1337271526e-15 0.0000000000e+00 -5.1337271526e-15 -1.6040642836e+01 0.0000000000e+00 0.0000000000e+00 0.0000000000e+00 -2.9787864442e+00
515.73600000 -1.5988190963e+01 -5.1337271526e-15 0.0000000000e+00 -5.1337271526e-15 -1.5988190963e+01 0.0000000000e+00 0.0000000000e+00 0.0000000000e+00 -2.9715455980e+00
515.88800000 -1.5935999796e+01 -4.9732981791e-15 0.0000000000e+00 -4.9732981791e-15 -1.5935999796e+01 0.0000000000e+00 0.0000000000e+00 0.0000000000e+00 -2.9643161223e+00
516.04000000 -1.5884067378e+01 -4.9732981791e-15 0.0000000000e+00 -4.9732981791e-15 -1.5884067378e+01 0.0000000000e+00 0.0000000000e+00 0.0000000000e+00 -2.9570979912e+00
516.19200000 -1.5832391769e+01 -4.9732981791e-15 0.0000000000e+00 -4.9732981791e-15 -1.5832391769e+01 0.0000000000e+00 0.0000000000e+00 0.0000000000e+00 -2.9498911790e+00
516.34400000 -1.5780971048e+01 -4.9732981791e-15 0.0000000000e+00 -4.9732981791e-15 -1.5780971048e+01 0.0000000000e+00 0.0000000000e+00 0.0000000000e+00 -2.9426956601e+00
516.49600000 -1.5729803314e+01 -4.9732981791e-15 0.0000000000e+00 -4.9732981791e-15 -1.5729803314e+01 0.0000000000e+00 0.0000000000e+00 0.0000000000e+00 -2.9355114089e+00
516.64800000 -1.5678886686e+01 -4.9732981791e-15 0.0000000000e+00 -4.9732981791e-15 -1.5678886686e+01 0.0000000000e+00 0.0000000000e+00 0.0000000000e+00 -2.9283383999e+00
516.80000000 -1.5628219299e+01 -4.9732981791e-15 0.0000000000e+00 -4.9732981791e-15 -1.5628219299e+01 0.0000000000e+00 0.0000000000e+00 0.0000000000e+00 -2.9211766076e+00
516.95200000 -1.5577799307e+01 -4.9732981791e-15 0.0000000000e+00 -4.9732981791e-15 -1.5577799307e+01 0.0000000000e+00 0.0000000000e+00 0.0000000000e+00 -2.9140260067e+00
517.10400000 -1.5527624885e+01 -4.8128692055e-15 0.0000000000e+00 -4.8128692055e-15 -1.5527624885e+01 0.0000000000e+00 0.0000000000e+00 0.0000000000e+00 -2.9068865719e+00
517.25600000 -1.5477694222e+01 -4.9732981791e-15 0.0000000000e+00 -4.9732981791e-15 -1.5477694222e+01 0.0000000000e+00 0.0000000000e+00 0.0000000000e+00 -2.8997582781e+00
517.40800000 -1.5428005527e+01 -4.8128692055e-15 0.0000000000e+00 -4.8128692055e-15 -1.5428005527e+01 0.0000000000e+00 0.0000000000e+00 0.0000000000e+00 -2.8926411000e+00
517.56000000 -1.5378557027e+01 -4.8128692055e-15 0.0000000000e+00 -4.8128692055e-15 -1.5378557027e+01 0.0000000000e+00 0.0000000000e+00 0.0000000000e+00 -2.8855350126e+00
517.71200000 -1.5329346963e+01 -4.9732981791e-15 0.0000000000e+00 -4.9732981791e-15 -1.5329346963e+01 0.0000000000e+00 0.0000000000e+00 0.0000000000e+00 -2.8784399911e+00
517.86400000 -1.5280373597e+01 -4.8128692055e-15 0.0000000000e+00 -4.8128692055e-15 -1.5280373597e+01 0.0000000000e+00 0.0000000000e+00 0.0000000000e+00 -2.8713560103e+00
518.01600000 -1.5231635206e+01 -4.8128692055e-15 0.0000000000e+00 -4.8128692055e-15 -1.5231635206e+01 0.0000000000e+00 0.0000000000e+00 0.0000000000e+00 -2.8642830456e+00
518.16800000 -1.5183130083e+01 -4.8128692055e-15 0.0000000000e+00 -4.8128692055e-15 -1.5183130083e+01 0.0000000000e+00 0.0000000000e+00 0.0000000000e+00 -2.8572210721e+00
518.32000000 -1.5134856539e+01 -4.8128692055e-15 0.0000000000e+00 -4.8128692055e-15 -1.5134856539e+01 0.0000000000e+00 0.0000000000e+00 0.0000000000e+00 -2.8501700652e+00
518.47200000 -1.5086812900e+01 -4.6524402320e-15 0.0000000000e+00 -4.6524402320e-15 -1.5086812900e+01 0.0000000000e+00 0.0000000000e+00 0.0000000000e+00 -2.8431300003e+00
518.62400000 -1.5038997510e+01 -4.6524402320e-15 0.0000000000e+00 -4.6524402320e-15 -1.5038997510e+01 0.0000000000e+00 0.0000000000e+00 0.0000000000e+00 -2.8361008528e+00
518.77600000 -1.4991408726e+01 -4.6524402320e-15 0.0000000000e+00 -4.6524402320e-15 -1.4991408726e+01 0.0000000000e+00 0.0000000000e+00 0.0000000000e+00 -2.8290825983e+00
518.92800000 -1.4944044923e+01 -4.6524402320e-15 0.0000000000e+00 -4.6524402320e-15 -1.4944044923e+01 0.0000000000e+00 0.0000000000e+00 0.0000000000e+00 -2.8220752124e+00
519.08000000 -1.4896904490e+01 -4.6524402320e-15 0.0000000000e+00 -4.6524402320e-15 -1.4896904490e+01 0.0000000000e+00 0.0000000000e+00 0.0000000000e+00 -2.8150786707e+00
519.23200000 -1.4849985833e+01 -4.6524402320e-15 0.0000000000e+00 -4.6524402320e-15 -1.4849985833e+01 0.0000000000e+00 0.0000000000e+00 0.0000000000e+00 -2.8080929490e+00
519.38400000 -1.4803287371e+01 -4.6524402320e-15 0.0000000000e+00 -4.6524402320e-15 -1.4803287371e+01 0.0000000000e+00 0.0000000000e+00 0.0000000000e+00 -2.8011180232e+00
519.53600000 -1.4756807541e+01 -4.6524402320e-15 0.0000000000e+00 -4.6524402320e-15 -1.4756807541e+01 0.0000000000e+00 0.0000000000e+00 0.0000000000e+00 -2.7941538691e+00
519.68800000 -1.4710544791e+01 -4.6524402320e-15 0.0000000000e+00 -4.6524402320e-15 -1.4710544791e+01 0.0000000000e+00 0.0000000000e+00 0.0000000000e+00 -2.7872004627e+00
519.84000000 -1.4664497586e+01 -4.6524402320e-15 0.0000000000e+00 -4.6524402320e-15 -1.4664497586e+01 0.0000000000e+00 0.0000000000e+00 0.0000000000e+00 -2.7802577800e+00
519.99200000 -1.4618664406e+01 -4.4920112585e-15 0.0000000000e+00 -4.4920112585e-15 -1.4618664406e+01 0.0000000000e+00 0.0000000000e+00 0.0000000000e+00 -2.7733257971e+00
520.14400000 -1.4573043743e+01 -4.4920112585e-15 0.0000000000e+00 -4.4920112585e-15 -1.4573043743e+01 0.0000000000e+00 0.0000000000e+00 0.0000000000e+00 -2.7664044903e+00
520.29600000 -1.4527634105e+01 -4.4920112585e-15 0.0000000000e+00 -4.4920112585e-15 -1.4527634105e+01 0.0000000000e+00 0.0000000000e+00 0.0000000000e+00 -2.7594938357e+00
520.44800000 -1.4482434013e+01 -4.6524402320e-15 0.0000000000e+00 -4.6524402320e-15 -1.4482434013e+01 0.0000000000e+00 0.0000000000e+00 0.0000000000e+00 -2.7525938098e+00
520.60000000 -1.4437442002e+01 -4.6524402320e-15 0.0000000000e+00 -4.6524402320e-15 -1.4437442002e+01 0.0000000000e+00 0.0000000000e+00 0.0000000000e+00 -2.7457043887e+00
520.75200000 -1.4392656622e+01 -4.4920112585e-15 0.0000000000e+00 -4.4920112585e-15 -1.4392656622e+01 0.0000000000e+00 0.0000000000e+00 0.0000000000e+00 -2.7388255492e+00
520.90400000 -1.4348076433e+01 -4.4920112585e-15 0.0000000000e+00 -4.4920112585e-15 -1.4348076433e+01 0.0000000000e+00 0.0000000000e+00 0.0000000000e+00 -2.7319572675e+00
521.05600000 -1.4303700011e+01 -4.6524402320e-15 0.0000000000e+00 -4.6524402320e-15 -1.4303700011e+01 0.0000000000e+00 0.0000000000e+00 0.0000000000e+00 -2.7250995204e+00
521.20800000 -1.4259525946e+01 -4.4920112585e-15 0.0000000000e+00 -4.4920112585e-15 -1.4259525946e+01 0.0000000000e+00 0.0000000000e+00 0.0000000000e+00 -2.7182522845e+00
521.36000000 -1.4215552839e+01 -4.4920112585e-15 0.0000000000e+00 -4.4920112585e-15 -1.4215552839e+01 0.0000000000e+00 0.0000000000e+00 0.0000000000e+00 -2.7114155366e+00
521.51200000 -1.4171779303e+01 -4.4920112585e-15 0.0000000000e+00 -4.4920112585e-15 -1.4171779303e+01 0.0000000000e+00 0.0000000000e+00 0.0000000000e+00 -2.7045892534e+00
521.66400000 -1.4128203968e+01 -4.4920112585e-15 0.0000000000e+00 -4.4920112585e-15 -1.4128203968e+01 0.0000000000e+00 0.0000000000e+00 0.0000000000e+00 -2.6977734118e+00
521.81600000 -1.4084825471e+01 -4.4920112585e-15 0.0000000000e+00 -4.4920112585e-15 -1.4084825471e+01 0.0000000000e+00 0.0000000000e+00 0.0000000000e+00 -2.6909679887e+00
521.96800000 -1.4041642465e+01 -4.3315822850e-15 0.0000000000e+00 -4.3315822850e-15 -1.4041642465e+01 0.0000000000e+00 0.0000000000e+00 0.0000000000e+00 -2.6841729611e+00
522.12000000 -1.3998653615e+01 -4.3315822850e-15 0.0000000000e+00 -4.3315822850e-15 -1.3998653615e+01 0.0000000000e+00 0.0000000000e+00 0.0000000000e+00 -2.6773883062e+00
522.27200000 -1.3955857598e+01 -4.3315822850e-15 0.0000000000e+00 -4.3315822850e-15 -1.3955857598e+01 0.0000000000e+00 0.0000000000e+00 0.0000000000e+00 -2.6706140010e+00
522.42400000 -1.3913253101e+01 -4.3315822850e-15 0.0000000000e+00 -4.3315822850e-15 -1.3913253101e+01 0.0000000000e+00 0.0000000000e+00 0.0000000000e+00 -2.6638500228e+00
522.57600000 -1.3870838826e+01 -4.4920112585e-15 0.0000000000e+00 -4.4920112585e-15 -1.3870838826e+01 0.0000000000e+00 0.0000000000e+00 0.0000000000e+00 -2.6570963488e+00
522.72800000 -1.3828613484e+01 -4.4920112585e-15 0.0000000000e+00 -4.4920112585e-15 -1.3828613484e+01 0.0000000000e+00 0.0000000000e+00 0.0000000000e+00 -2.6503529563e+00
522.88000000 -1.3786575799e+01 -4.3315822850e-15 0.0000000000e+00 -4.3315822850e-15 -1.3786575799e+01 0.0000000000e+00 0.0000000000e+00 0.0000000000e+00 -2.6436198228e+00
523.03200000 -1.3744724507e+01 -4.3315822850e-15 0.0000000000e+00 -4.3315822850e-15 -1.3744724507e+01 0.0000000000e+00 0.0000000000e+00 0.0000000000e+00 -2.6368969256e+00
523.18400000 -1.3703058355e+01 -4.3315822850e-15 0.0000000000e+00 -4.3315822850e-15 -1.3703058355e+01 0.0000000000e+00 0.0000000000e+00 0.0000000000e+00 -2.6301842425e+00
523.33600000 -1.3661576099e+01 -4.3315822850e-15 0.0000000000e+00 -4.3315822850e-15 -1.3661576099e+01 0.0000000000e+00 0.0000000000e+00 0.0000000000e+00 -2.6234817508e+00
523.48800000 -1.3620276509e+01 -4.1711533115e-15 0.0000000000e+00 -4.1711533115e-15 -1.3620276509e+01 0.0000000000e+00 0.0000000000e+00 0.0000000000e+00 -2.6167894284e+00
523.64000000 -1.3579158364e+01 -4.3315822850e-15 0.0000000000e+00 -4.3315822850e-15 -1.3579158364e+01 0.0000000000e+00 0.0000000000e+00 0.0000000000e+00 -2.6101072529e+00
523.79200000 -1.3538220457e+01 -4.3315822850e-15 0.0000000000e+00 -4.3315822850e-15 -1.3538220457e+01 0.0000000000e+00 0.0000000000e+00 0.0000000000e+00 -2.6034352020e+00
523.94400000 -1.3497461587e+01 -4.3315822850e-15 0.0000000000e+00 -4.3315822850e-15 -1.3497461587e+01 0.0000000000e+00 0.0000000000e+00 0.0000000000e+00 -2.5967732538e+00
524.09600000 -1.3456880567e+01 -4.3315822850e-15 0.0000000000e+00 -4.3315822850e-15 -1.3456880567e+01 0.0000000000e+00 0.0000000000e+00 0.0000000000e+00 -2.5901213861e+00
524.24800000 -1.3416476220e+01 -4.1711533115e-15 0.0000000000e+00 -4.1711533115e-15 -1.3416476220e+01 0.0000000000e+00 0.0000000000e+00 0.0000000000e+00 -2.5834795768e+00
524.40000000 -1.3376247378e+01 -4.3315822850e-15 0.0000000000e+00 -4.3315822850e-15 -1.3376247378e+01 0.0000000000e+00 0.0000000000e+00 0.0000000000e+00 -2.5768478040e+00
524.55200000 -1.3336192885e+01 -4.3315822850e-15 0.0000000000e+00 -4.3315822850e-15 -1.3336192885e+01 0.0000000000e+00 0.0000000000e+00 0.0000000000e+00 -2.5702260459e+00
524.70400000 -1.3296311594e+01 -4.1711533115e-15 0.0000000000e+00 -4.1711533115e-15 -1.3296311594e+01 0.0000000000e+00 0.0000000000e+00 0.0000000000e+00 -2.5636142805e+00
524.85600000 -1.3256602368e+01 -4.1711533115e-15 0.0000000000e+00 -4.1711533115e-15 -1.3256602368e+01 0.0000000000e+00 0.0000000000e+00 0.0000000000e+00 -2.5570124862e+00
525.00800000 -1.3217064082e+01 -4.1711533115e-15 0.0000000000e+00 -4.1711533115e-15 -1.3217064082e+01 0.0000000000e+00 0.0000000000e+00 0.0000000000e+00 -2.5504206412e+00
525.16000000 -1.3177695617e+01 -4.1711533115e-15 0.0000000000e+00 -4.1711533115e-15 -1.3177695617e+01 0.0000000000e+00 0.0000000000e+00 0.0000000000e+00 -2.5438387239e+00
525.31200000 -1.3138495867e+01 -4.1711533115e-15 0.0000000000e+00 -4.1711533115e-15 -1.3138495867e+01 0.0000000000e+00 0.0000000000e+00 0.0000000000e+00 -2.5372667126e+00
525.46400000 -1.3099463734e+01 -4.1711533115e-15 0.0000000000e+00 -4.1711533115e-15 -1.3099463734e+01 0.0000000000e+00 0.0000000000e+00 0.0000000000e+00 -2.5307045860e+00
525.61600000 -1.3060598130e+01 -4.1711533115e-15 0.0000000000e+00 -4.1711533115e-15 -1.3060598130e+01 0.0000000000e+00 0.0000000000e+00 0.0000000000e+00 -2.5241523225e+00
525.76800000 -1.3021897978e+01 -4.1711533115e-15 0.0000000000e+00 -4.1711533115e-15 -1.3021897978e+01 0.0000000000e+00 0.0000000000e+00 0.0000000000e+00 -2.5176099007e+00
525.92000000 -1.2983362206e+01 -4.1711533115e-15 0.0000000000e+00 -4.1711533115e-15 -1.2983362206e+01 0.0000000000e+00 0.0000000000e+00 0.0000000000e+00 -2.5110772994e+00
526.07200000 -1.2944989756e+01 -4.1711533115e-15 0.0000000000e+00 -4.1711533115e-15 -1.2944989756e+01 0.0000000000e+00 0.0000000000e+00 0.0000000000e+00 -2.5045544972e+00
526.22400000 -1.2906779576e+01 -4.1711533115e-15 0.0000000000e+00 -4.1711533115e-15 -1.2906779576e+01 0.0000000000e+00 0.0000000000e+00 0.0000000000e+00 -2.4980414729e+00
526.37600000 -1.2868730624e+01 -4.1711533115e-15 0.0000000000e+00 -4.1711533115e-15 -1.2868730624e+01 0.0000000000e+00 0.0000000000e+00 0.0000000000e+00 -2.4915382053e+00
526.52800000 -1.2830841867e+01 -4.0107243379e-15 0.0000000000e+00 -4.0107243379e-15 -1.2830841867e+01 0.0000000000e+00 0.0000000000e+00 0.0000000000e+00 -2.4850446735e+00
526.68000000 -1.2793112281e+01 -4.0107243379e-15 0.0000000000e+00 -4.0107243379e-15 -1.2793112281e+01 0.0000000000e+00 0.0000000000e+00 0.0000000000e+00 -2.4785608563e+00
526.83200000 -1.2755540851e+01 -4.0107243379e-15 0.0000000000e+00 -4.0107243379e-15 -1.2755540851e+01 0.0000000000e+00 0.0000000000e+00 0.0000000000e+00 -2.4720867328e+00
526.98400000 -1.2718126569e+01 -4.0107243379e-15 0.0000000000e+00 -4.0107243379e-15 -1.2718126569e+01 0.0000000000e+00 0.0000000000e+00 0.0000000000e+00 -2.4656222821e+00
527.13600000 -1.2680868437e+01 -4.0107243379e-15 0.0000000000e+00 -4.0107243379e-15 -1.2680868437e+01 0.0000000000e+00 0.0000000000e+00 0.0000000000e+00 -2.4591674833e+00
527.28800000 -1.2643765466e+01 -4.0107243379e-15 0.0000000000e+00 -4.0107243379e-15 -1.2643765466e+01 0.0000000000e+00 0.0000000000e+00 0.0000000000e+00 -2.4527223156e+00
527.44000000 -1.2606816673e+01 -4.0107243379e-15 0.0000000000e+00 -4.0107243379e-15 -1.2606816673e+01 0.0000000000e+00 0.0000000000e+00 0.0000000000e+00 -2.4462867583e+00
527.59200000 -1.2570021086e+01 -4.0107243379e-15 0.0000000000e+00 -4.0107243379e-15 -1.2570021086e+01 0.0000000000e+00 0.0000000000e+00 0.0000000000e+00 -2.4398607908e+00
527.74400000 -1.2533377739e+01 -4.0107243379e-15 0.0000000000e+00 -4.0107243379e-15 -1.2533377739e+01 0.0000000000e+00 0.0000000000e+00 0.0000000000e+00 -2.4334443924e+00
527.89600000 -1.2496885675e+01 -4.0107243379e-15 0.0000000000e+00 -4.0107243379e-15 -1.2496885675e+01 0.0000000000e+00 0.0000000000e+00 0.0000000000e+00 -2.4270375425e+00
528.04800000 -1.2460543946e+01 -4.0107243379e-15 0.0000000000e+00 -4.0107243379e-15 -1.2460543946e+01 0.0000000000e+00 0.0000000000e+00 0.0000000000e+00 -2.4206402207e+00
528.20000000 -1.2424351609e+01 -4.0107243379e-15 0.0000000000e+00 -4.0107243379e-15 -1.2424351609e+01 0.0000000000e+00 0.0000000000e+00 0.0000000000e+00 -2.4142524065e+00
528.35200000 -1.2388307734e+01 -4.0107243379e-15 0.0000000000e+00 -4.0107243379e-15 -1.2388307734e+01 0.0000000000e+00 0.0000000000e+00 0.0000000000e+00 -2.4078740796e+00
528.50400000 -1.2352411392e+01 -4.0107243379e-15 0.0000000000e+00 -4.0107243379e-15 -1.2352411392e+01 0.0000000000e+00 0.0000000000e+00 0.0000000000e+00 -2.4015052195e+00
528.65600000 -1.2316661668e+01 -3.8502953644e-15 0.0000000000e+00 -3.8502953644e-15 -1.2316661668e+01 0.0000000000e+00 0.0000000000e+00 0.0000000000e+00 -2.3951458061e+00
528.80800000 -1.2281057651e+01 -4.0107243379e-15 0.0000000000e+00 -4.0107243379e-15 -1.2281057651e+01 0.0000000000e+00 0.0000000000e+00 0.0000000000e+00 -2.3887958192e+00
528.96000000 -1.2245598438e+01 -3.8502953644e-15 0.0000000000e+00 -3.8502953644e-15 -1.2245598438e+01 0.0000000000e+00 0.0000000000e+00 0.0000000000e+00 -2.3824552385e+00
529.11200000 -1.2210283134e+01 -3.8502953644e-15 0.0000000000e+00 -3.8502953644e-15 -1.2210283134e+01 0.0000000000e+00 0.0000000000e+00 0.0000000000e+00 -2.3761240441e+00
529.26400000 -1.2175110851e+01 -4.0107243379e-15 0.0000000000e+00 -4.0107243379e-15 -1.2175110851e+01 0.0000000000e+00 0.0000000000e+00 0.0000000000e+00 -2.3698022158e+00
529.41600000 -1.2140080710e+01 -3.8502953644e-15 0.0000000000e+00 -3.8502953644e-15 -1.2140080710e+01 0.0000000000e+00 0.0000000000e+00 0.0000000000e+00 -2.3634897336e+00
529.56800000 -1.2105191836e+01 -4.0107243379e-15 0.0000000000e+00 -4.0107243379e-15 -1.2105191836e+01 0.0000000000e+00 0.0000000000e+00 0.0000000000e+00 -2.3571865777e+00
529.72000000 -1.2070443363e+01 -3.8502953644e-15 0.0000000000e+00 -3.8502953644e-15 -1.2070443363e+01 0.0000000000e+00 0.0000000000e+00 0.0000000000e+00 -2.3508927282e+00
529.87200000 -1.2035834434e+01 -3.8502953644e-15 0.0000000000e+00 -3.8502953644e-15 -1.2035834434e+01 0.0000000000e+00 0.0000000000e+00 0.0000000000e+00 -2.3446081652e+00
530.02400000 -1.2001364194e+01 -3.8502953644e-15 0.0000000000e+00 -3.8502953644e-15 -1.2001364194e+01 0.0000000000e+00 0.0000000000e+00 0.0000000000e+00 -2.3383328691e+00
530.17600000 -1.1967031801e+01 -3.8502953644e-15 0.0000000000e+00 -3.8502953644e-15 -1.1967031801e+01 0.0000000000e+00 0.0000000000e+00 0.0000000000e+00 -2.3320668200e+00
530.32800000 -1.1932836414e+01 -3.8502953644e-15 0.0000000000e+00 -3.8502953644e-15 -1.1932836414e+01 0.0000000000e+00 0.0000000000e+00 0.0000000000e+00 -2.3258099984e+00
530.48000000 -1.1898777204e+01 -3.8502953644e-15 0.0000000000e+00 -3.8502953644e-15 -1.1898777204e+01 0.0000000000e+00 0.0000000000e+00 0.0000000000e+00 -2.3195623846e+00
530.63200000 -1.1864853345e+01 -3.6898663909e-15 0.0000000000e+00 -3.6898663909e-15 -1.1864853345e+01 0.0000000000e+00 0.0000000000e+00 0.0000000000e+00 -2.3133239592e+00
530.78400000 -1.1831064019e+01 -3.8502953644e-15 0.0000000000e+00 -3.8502953644e-15 -1.1831064019e+01 0.0000000000e+00 0.0000000000e+00 0.0000000000e+00 -2.3070947026e+00
530.93600000 -1.1797408415e+01 -3.6898663909e-15 0.0000000000e+00 -3.6898663909e-15 -1.1797408415e+01 0.0000000000e+00 0.0000000000e+00 0.0000000000e+00 -2.3008745954e+00
531.08800000 -1.1763885728e+01 -3.6898663909e-15 0.0000000000e+00 -3.6898663909e-15 -1.1763885728e+01 0.0000000000e+00 0.0000000000e+00 0.0000000000e+00 -2.2946636182e+00
531.24000000 -1.1730495160e+01 -3.8502953644e-15 0.0000000000e+00 -3.8502953644e-15 -1.1730495160e+01 0.0000000000e+00 0.0000000000e+00 0.0000000000e+00 -2.2884617518e+00
531.39200000 -1.1697235917e+01 -3.6898663909e-15 0.0000000000e+00 -3.6898663909e-15 -1.1697235917e+01 0.0000000000e+00 0.0000000000e+00 0.0000000000e+00 -2.2822689768e+00
531.54400000 -1.1664107216e+01 -3.6898663909e-15 0.0000000000e+00 -3.6898663909e-15 -1.1664107216e+01 0.0000000000e+00 0.0000000000e+00 0.0000000000e+00 -2.2760852741e+00
531.69600000 -1.1631108276e+01 -3.6898663909e-15 0.0000000000e+00 -3.6898663909e-15 -1.1631108276e+01 0.0000000000e+00 0.0000000000e+00 0.0000000000e+00 -2.2699106244e+00
531.84800000 -1.1598238324e+01 -3.6898663909e-15 0.0000000000e+00 -3.6898663909e-15 -1.1598238324e+01 0.0000000000e+00 0.0000000000e+00 0.0000000000e+00 -2.2637450087e+00
532.00000000 -1.1565496594e+01 -3.6898663909e-15 0.0000000000e+00 -3.6898663909e-15 -1.1565496594e+01 0.0000000000e+00 0.0000000000e+00 0.0000000000e+00 -2.2575884079e+00
532.15200000 -1.1532882323e+01 -3.6898663909e-15 0.0000000000e+00 -3.6898663909e-15 -1.1532882323e+01 0.0000000000e+00 0.0000000000e+00 0.0000000000e+00 -2.2514408030e+00
532.30400000 -1.1500394757e+01 -3.6898663909e-15 0.0000000000e+00 -3.6898663909e-15 -1.1500394757e+01 0.0000000000e+00 0.0000000000e+00 0.0000000000e+00 -2.2453021751e+00
532.45600000 -1.1468033148e+01 -3.6898663909e-15 0.0000000000e+00 -3.6898663909e-15 -1.1468033148e+01 0.0000000000e+00 0.0000000000e+00 0.0000000000e+00 -2.2391725053e+00
532.60800000 -1.1435796751e+01 -3.6898663909e-15 0.0000000000e+00 -3.6898663909e-15 -1.1435796751e+01 0.0000000000e+00 0.0000000000e+00 0.0000000000e+00 -2.2330517747e+00
532.76000000 -1.1403684830e+01 -3.6898663909e-15 0.0000000000e+00 -3.6898663909e-15 -1.1403684830e+01 0.0000000000e+00 0.0000000000e+00 0.0000000000e+00 -2.2269399645e+00
532.91200000 -1.1371696653e+01 -3.6898663909e-15 0.0000000000e+00 -3.6898663909e-15 -1.1371696653e+01 0.0000000000e+00 0.0000000000e+00 0.0000000000e+00 -2.2208370561e+00
533.06400000 -1.1339831495e+01 -3.5294374174e-15 0.0000000000e+00 -3.5294374174e-15 -1.1339831495e+01 0.0000000000e+00 0.0000000000e+00 0.0000000000e+00 -2.2147430307e+00
533.21600000 -1.1308088636e+01 -3.5294374174e-15 0.0000000000e+00 -3.5294374174e-15 -1.1308088636e+01 0.0000000000e+00 0.0000000000e+00 0.0000000000e+00 -2.2086578697e+00
533.36800000 -1.1276467360e+01 -3.6898663909e-15 0.0000000000e+00 -3.6898663909e-15 -1.1276467360e+01 0.0000000000e+00 0.0000000000e+00 0.0000000000e+00 -2.2025815545e+00
533.52000000 -1.1244966960e+01 -3.6898663909e-15 0.0000000000e+00 -3.6898663909e-15 -1.1244966960e+01 0.0000000000e+00 0.0000000000e+00 0.0000000000e+00 -2.1965140666e+00
533.67200000 -1.1213586732e+01 -3.6898663909e-15 0.0000000000e+00 -3.6898663909e-15 -1.1213586732e+01 0.0000000000e+00 0.0000000000e+00 0.0000000000e+00 -2.1904553874e+00
533.82400000 -1.1182325977e+01 -3.6898663909e-15 0.0000000000e+00 -3.6898663909e-15 -1.1182325977e+01 0.0000000000e+00 0.0000000000e+00 0.0000000000e+00 -2.1844054987e+00
533.97600000 -1.1151184005e+01 -3.5294374174e-15 0.0000000000e+00 -3.5294374174e-15 -1.1151184005e+01 0.0000000000e+00 0.0000000000e+00 0.0000000000e+00 -2.1783643819e+00
534.12800000 -1.1120160126e+01 -3.5294374174e-15 0.0000000000e+00 -3.5294374174e-15 -1.1120160126e+01 0.0000000000e+00 0.0000000000e+00 0.0000000000e+00 -2.1723320188e+00
534.28000000 -1.1089253661e+01 -3.5294374174e-15 0.0000000000e+00 -3.5294374174e-15 -1.1089253661e+01 0.0000000000e+00 0.0000000000e+00 0.0000000000e+00 -2.1663083912e+00
534.43200000 -1.1058463931e+01 -3.6898663909e-15 0.0000000000e+00 -3.6898663909e-15 -1.1058463931e+01 0.0000000000e+00 0.0000000000e+00 0.0000000000e+00 -2.1602934806e+00
534.58400000 -1.1027790267e+01 -3.5294374174e-15 0.0000000000e+00 -3.5294374174e-15 -1.1027790267e+01 0.0000000000e+00 0.0000000000e+00 0.0000000000e+00 -2.1542872691e+00
534.73600000 -1.0997232001e+01 -3.5294374174e-15 0.0000000000e+00 -3.5294374174e-15 -1.0997232001e+01 0.0000000000e+00 0.0000000000e+00 0.0000000000e+00 -2.1482897384e+00
534.88800000 -1.0966788472e+01 -3.5294374174e-15 0.0000000000e+00 -3.5294374174e-15 -1.0966788472e+01 0.0000000000e+00 0.0000000000e+00 0.0000000000e+00 -2.1423008705e+00
535.04000000 -1.0936459025e+01 -3.5294374174e-15 0.0000000000e+00 -3.5294374174e-15 -1.0936459025e+01 0.0000000000e+00 0.0000000000e+00 0.0000000000e+00 -2.1363206474e+00
535.19200000 -1.0906243008e+01 -3.3690084439e-15 0.0000000000e+00 -3.3690084439e-15 -1.0906243008e+01 0.0000000000e+00 0.0000000000e+00 0.0000000000e+00 -2.1303490511e+00
535.34400000 -1.0876139776e+01 -3.5294374174e-15 0.0000000000e+00 -3.5294374174e-15 -1.0876139776e+01 0.0000000000e+00 0.0000000000e+00 0.0000000000e+00 -2.1243860636e+00
535.49600000 -1.0846148687e+01 -3.5294374174e-15 0.0000000000e+00 -3.5294374174e-15 -1.0846148687e+01 0.0000000000e+00 0.0000000000e+00 0.0000000000e+00 -2.1184316671e+00
535.64800000 -1.0816269105e+01 -3.5294374174e-15 0.0000000000e+00 -3.5294374174e-15 -1.0816269105e+01 0.0000000000e+00 0.0000000000e+00 0.0000000000e+00 -2.1124858437e+00
535.80000000 -1.0786500398e+01 -3.5294374174e-15 0.0000000000e+00 -3.5294374174e-15 -1.0786500398e+01 0.0000000000e+00 0.0000000000e+00 0.0000000000e+00 -2.1065485757e+00
535.95200000 -1.0756841940e+01 -3.5294374174e-15 0.0000000000e+00 -3.5294374174e-15 -1.0756841940e+01 0.0000000000e+00 0.0000000000e+00 0.0000000000e+00 -2.1006198454e+00
536.10400000 -1.0727293109e+01 -3.5294374174e-15 0.0000000000e+00 -3.5294374174e-15 -1.0727293109e+01 0.0000000000e+00 0.0000000000e+00 0.0000000000e+00 -2.0946996350e+00
536.25600000 -1.0697853287e+01 -3.5294374174e-15 0.0000000000e+00 -3.5294374174e-15 -1.0697853287e+01 0.0000000000e+00 0.0000000000e+00 0.0000000000e+00 -2.0887879269e+00
536.40800000 -1.0668521862e+01 -3.3690084439e-15 0.0000000000e+00 -3.3690084439e-15 -1.0668521862e+01 0.0000000000e+00 0.0000000000e+00 0.0000000000e+00 -2.0828847036e+00
536.56000000 -1.0639298226e+01 -3.3690084439e-15 0.0000000000e+00 -3.3690084439e-15 -1.0639298226e+01 0.0000000000e+00 0.0000000000e+00 0.0000000000e+00 -2.0769899474e+00
536.71200000 -1.0610181776e+01 -3.5294374174e-15 0.0000000000e+00 -3.5294374174e-15 -1.0610181776e+01 0.0000000000e+00 0.0000000000e+00 0.0000000000e+00 -2.0711036410e+00
536.86400000 -1.0581171912e+01 -3.5294374174e-15 0.0000000000e+00 -3.5294374174e-15 -1.0581171912e+01 0.0000000000e+00 0.0000000000e+00 0.0000000000e+00 -2.0652257668e+00
537.01600000 -1.0552268039e+01 -3.5294374174e-15 0.0000000000e+00 -3.5294374174e-15 -1.0552268039e+01 0.0000000000e+00 0.0000000000e+00 0.0000000000e+00 -2.0593563075e+00
537.16800000 -1.0523469569e+01 -3.3690084439e-15 0.0000000000e+00 -3.3690084439e-15 -1.0523469569e+01 0.0000000000e+00 0.0000000000e+00 0.0000000000e+00 -2.0534952456e+00
537.32000000 -1.0494775915e+01 -3.3690084439e-15 0.0000000000e+00 -3.3690084439e-15 -1.0494775915e+01 0.0000000000e+00 0.0000000000e+00 0.0000000000e+00 -2.0476425640e+00
537.47200000 -1.0466186495e+01 -3.5294374174e-15 0.0000000000e+00 -3.5294374174e-15 -1.0466186495e+01 0.0000000000e+00 0.0000000000e+00 0.0000000000e+00 -2.0417982454e+00
537.62400000 -1.0437700733e+01 -3.5294374174e-15 0.0000000000e+00 -3.5294374174e-15 -1.0437700733e+01 0.0000000000e+00 0.0000000000e+00 0.0000000000e+00 -2.0359622725e+00
537.77600000 -1.0409318057e+01 -3.3690084439e-15 0.0000000000e+00 -3.3690084439e-15 -1.0409318057e+01 0.0000000000e+00 0.0000000000e+00 0.0000000000e+00 -2.0301346282e+00
537.92800000 -1.0381037896e+01 -3.5294374174e-15 0.0000000000e+00 -3.5294374174e-15 -1.0381037896e+01 0.0000000000e+00 0.0000000000e+00 0.0000000000e+00 -2.0243152953e+00
538.08000000 -1.0352859688e+01 -3.5294374174e-15 0.0000000000e+00 -3.5294374174e-15 -1.0352859688e+01 0.0000000000e+00 0.0000000000e+00 0.0000000000e+00 -2.0185042569e+00
538.23200000 -1.0324782872e+01 -3.2085794704e-15 0.0000000000e+00 -3.2085794704e-15 -1.0324782872e+01 0.0000000000e+00 0.0000000000e+00 0.0000000000e+00 -2.0127014958e+00
538.38400000 -1.0296806891e+01 -3.2085794704e-15 0.0000000000e+00 -3.2085794704e-15 -1.0296806891e+01 0.0000000000e+00 0.0000000000e+00 0.0000000000e+00 -2.0069069952e+00
538.53600000 -1.0268931195e+01 -3.3690084439e-15 0.0000000000e+00 -3.3690084439e-15 -1.0268931195e+01 0.0000000000e+00 0.0000000000e+00 0.0000000000e+00 -2.0011207380e+00
538.68800000 -1.0241155234e+01 -3.2085794704e-15 0.0000000000e+00 -3.2085794704e-15 -1.0241155234e+01 0.0000000000e+00 0.0000000000e+00 0.0000000000e+00 -1.9953427074e+00
538.84000000 -1.0213478465e+01 -3.3690084439e-15 0.0000000000e+00 -3.3690084439e-15 -1.0213478465e+01 0.0000000000e+00 0.0000000000e+00 0.0000000000e+00 -1.9895728866e+00
538.99200000 -1.0185900348e+01 -3.5294374174e-15 0.0000000000e+00 -3.5294374174e-15 -1.0185900348e+01 0.0000000000e+00 0.0000000000e+00 0.0000000000e+00 -1.9838112587e+00
539.14400000 -1.0158420346e+01 -3.3690084439e-15 0.0000000000e+00 -3.3690084439e-15 -1.0158420346e+01 0.0000000000e+00 0.0000000000e+00 0.0000000000e+00 -1.9780578071e+00
539.29600000 -1.0131037929e+01 -3.3690084439e-15 0.0000000000e+00 -3.3690084439e-15 -1.0131037929e+01 0.0000000000e+00 0.0000000000e+00 0.0000000000e+00 -1.9723125149e+00
539.44800000 -1.0103752566e+01 -3.2085794704e-15 0.0000000000e+00 -3.2085794704e-15 -1.0103752566e+01 0.0000000000e+00 0.0000000000e+00 0.0000000000e+00 -1.9665753656e+00
539.60000000 -1.0076563734e+01 -3.3690084439e-15 0.0000000000e+00 -3.3690084439e-15 -1.0076563734e+01 0.0000000000e+00 0.0000000000e+00 0.0000000000e+00 -1.9608463426e+00
539.75200000 -1.0049470912e+01 -3.5294374174e-15 0.0000000000e+00 -3.5294374174e-15 -1.0049470912e+01 0.0000000000e+00 0.0000000000e+00 0.0000000000e+00 -1.9551254292e+00
539.90400000 -1.0022473584e+01 -3.5294374174e-15 0.0000000000e+00 -3.5294374174e-15 -1.0022473584e+01 0.0000000000e+00 0.0000000000e+00 0.0000000000e+00 -1.9494126090e+00
540.05600000 -9.9955712347e+00 -3.3690084439e-15 0.0000000000e+00 -3.3690084439e-15 -9.9955712347e+00 0.0000000000e+00 0.0000000000e+00 0.0000000000e+00 -1.9437078654e+00
540.20800000 -9.9687633560e+00 -3.3690084439e-15 0.0000000000e+00 -3.3690084439e-15 -9.9687633560e+00 0.0000000000e+00 0.0000000000e+00 0.0000000000e+00 -1.9380111821e+00
540.36000000 -9.9420494415e+00 -3.2085794704e-15 0.0000000000e+00 -3.2085794704e-15 -9.9420494415e+00 0.0000000000e+00 0.0000000000e+00 0.0000000000e+00 -1.9323225426e+00
540.51200000 -9.9154289891e+00 -3.3690084439e-15 0.0000000000e+00 -3.3690084439e-15 -9.9154289891e+00 0.0000000000e+00 0.0000000000e+00 0.0000000000e+00 -1.9266419306e+00
540.66400000 -9.8889015000e+00 -3.3690084439e-15 0.0000000000e+00 -3.3690084439e-15 -9.8889015000e+00 0.0000000000e+00 0.0000000000e+00 0.0000000000e+00 -1.9209693298e+00
540.81600000 -9.8624664791e+00 -3.2085794704e-15 0.0000000000e+00 -3.2085794704e-15 -9.8624664791e+00 0.0000000000e+00 0.0000000000e+00 0.0000000000e+00 -1.9153047239e+00
540.96800000 -9.8361234348e+00 -3.3690084439e-15 0.0000000000e+00 -3.3690084439e-15 -9.8361234348e+00 0.0000000000e+00 0.0000000000e+00 0.0000000000e+00 -1.9096480967e+00
541.12000000 -9.8098718789e+00 -3.3690084439e-15 0.0000000000e+00 -3.3690084439e-15 -9.8098718789e+00 0.0000000000e+00 0.0000000000e+00 0.0000000000e+00 -1.9039994321e+00
541.27200000 -9.7837113269e+00 -3.3690084439e-15 0.0000000000e+00 -3.3690084439e-15 -9.7837113269e+00 0.0000000000e+00 0.0000000000e+00 0.0000000000e+00 -1.8983587139e+00
541.42400000 -9.7576412973e+00 -3.3690084439e-15 0.0000000000e+00 -3.3690084439e-15 -9.7576412973e+00 0.0000000000e+00 0.0000000000e+00 0.0000000000e+00 -1.8927259260e+00
541.57600000 -9.7316613125e+00 -3.3690084439e-15 0.0000000000e+00 -3.3690084439e-15 -9.7316613125e+00 0.0000000000e+00 0.0000000000e+00 0.0000000000e+00 -1.8871010524e+00
541.72800000 -9.7057708980e+00 -3.3690084439e-15 0.0000000000e+00 -3.3690084439e-15 -9.7057708980e+00 0.0000000000e+00 0.0000000000e+00 0.0000000000e+00 -1.8814840771e+00
541.88000000 -9.6799695826e+00 -3.3690084439e-15 0.0000000000e+00 -3.3690084439e-15 -9.6799695826e+00 0.0000000000e+00 0.0000000000e+00 0.0000000000e+00 -1.8758749841e+00
542.03200000 -9.6542568986e+00 -3.2085794704e-15 0.0000000000e+00 -3.2085794704e-15 -9.6542568986e+00 0.0000000000e+00 0.0000000000e+00 0.0000000000e+00 -1.8702737575e+00
542.18400000 -9.6286323815e+00 -3.3690084439e-15 0.0000000000e+00 -3.3690084439e-15 -9.6286323815e+00 0.0000000000e+00 0.0000000000e+00 0.0000000000e+00 -1.8646803815e+00
542.33600000 -9.6030955699e+00 -3.3690084439e-15 0.0000000000e+00 -3.3690084439e-15 -9.6030955699e+00 0.0000000000e+00 0.0000000000e+00 0.0000000000e+00 -1.8590948402e+00
542.48800000 -9.5776460060e+00 -3.2085794704e-15 0.0000000000e+00 -3.2085794704e-15 -9.5776460060e+00 0.0000000000e+00 0.0000000000e+00 0.0000000000e+00 -1.8535171177e+00
542.64000000 -9.5522832347e+00 -3.3690084439e-15 0.0000000000e+00 -3.3690084439e-15 -9.5522832347e+00 0.0000000000e+00 0.0000000000e+00 0.0000000000e+00 -1.8479471985e+00
542.79200000 -9.5270068045e+00 -3.2085794704e-15 0.0000000000e+00 -3.2085794704e-15 -9.5270068045e+00 0.0000000000e+00 0.0000000000e+00 0.0000000000e+00 -1.8423850667e+00
542.94400000 -9.5018162668e+00 -3.2085794704e-15 0.0000000000e+00 -3.2085794704e-15 -9.5018162668e+00 0.0000000000e+00 0.0000000000e+00 0.0000000000e+00 -1.8368307067e+00
543.09600000 -9.4767111763e+00 -3.2085794704e-15 0.0000000000e+00 -3.2085794704e-15 -9.4767111763e+00 0.0000000000e+00 0.0000000000e+00 0.0000000000e+00 -1.8312841029e+00
543.24800000 -9.4516910905e+00 -3.2085794704e-15 0.0000000000e+00 -3.2085794704e-15 -9.4516910905e+00 0.0000000000e+00 0.0000000000e+00 0.0000000000e+00 -1.8257452397e+00
543.40000000 -9.4267555704e+00 -3.2085794704e-15 0.0000000000e+00 -3.2085794704e-15 -9.4267555704e+00 0.0000000000e+00 0.0000000000e+00 0.0000000000e+00 -1.8202141015e+00
543.55200000 -9.4019041795e+00 -3.2085794704e-15 0.0000000000e+00 -3.2085794704e-15 -9.4019041795e+00 0.0000000000e+00 0.0000000000e+00 0.0000000000e+00 -1.8146906729e+00
543.70400000 -9.3771364848e+00 -3.2085794704e-15 0.0000000000e+00 -3.2085794704e-15 -9.3771364848e+00 0.0000000000e+00 0.0000000000e+00 0.0000000000e+00 -1.8091749384e+00
543.85600000 -9.3524520561e+00 -3.2085794704e-15 0.0000000000e+00 -3.2085794704e-15 -9.3524520561e+00 0.0000000000e+00 0.0000000000e+00 0.0000000000e+00 -1.8036668826e+00
544.00800000 -9.3278504659e+00 -3.2085794704e-15 0.0000000000e+00 -3.2085794704e-15 -9.3278504659e+00 0.0000000000e+00 0.0000000000e+00 0.0000000000e+00 -1.7981664901e+00
544.16000000 -9.3033312901e+00 -3.0481504968e-15 0.0000000000e+00 -3.0481504968e-15 -9.3033312901e+00 0.0000000000e+00 0.0000000000e+00 0.0000000000e+00 -1.7926737456e+00
544.31200000 -9.2788941071e+00 -3.2085794704e-15 0.0000000000e+00 -3.2085794704e-15 -9.2788941071e+00 0.0000000000e+00 0.0000000000e+00 0.0000000000e+00 -1.7871886337e+00
544.46400000 -9.2545384985e+00 -3.2085794704e-15 0.0000000000e+00 -3.2085794704e-15 -9.2545384985e+00 0.0000000000e+00 0.0000000000e+00 0.0000000000e+00 -1.7817111393e+00
544.61600000 -9.2302640485e+00 -3.2085794704e-15 0.0000000000e+00 -3.2085794704e-15 -9.2302640485e+00 0.0000000000e+00 0.0000000000e+00 0.0000000000e+00 -1.7762412471e+00
544.76800000 -9.2060703443e+00 -3.2085794704e-15 0.0000000000e+00 -3.2085794704e-15 -9.2060703443e+00 0.0000000000e+00 0.0000000000e+00 0.0000000000e+00 -1.7707789420e+00
544.92000000 -9.1819569759e+00 -3.2085794704e-15 0.0000000000e+00 -3.2085794704e-15 -9.1819569759e+00 0.0000000000e+00 0.0000000000e+00 0.0000000000e+00 -1.7653242087e+00
545.07200000 -9.1579235359e+00 -3.2085794704e-15 0.0000000000e+00 -3.2085794704e-15 -9.1579235359e+00 0.0000000000e+00 0.0000000000e+00 0.0000000000e+00 -1.7598770322e+00
545.22400000 -9.1339696200e+00 -3.0481504968e-15 0.0000000000e+00 -3.0481504968e-15 -9.1339696200e+00 0.0000000000e+00 0.0000000000e+00 0.0000000000e+00 -1.7544373975e+00
545.37600000 -9.1100948263e+00 -3.0481504968e-15 0.0000000000e+00 -3.0481504968e-15 -9.1100948263e+00 0.0000000000e+00 0.0000000000e+00 0.0000000000e+00 -1.7490052896e+00
545.52800000 -9.0862987558e+00 -3.2085794704e-15 0.0000000000e+00 -3.2085794704e-15 -9.0862987558e+00 0.0000000000e+00 0.0000000000e+00 0.0000000000e+00 -1.7435806934e+00
545.68000000 -9.0625810121e+00 -3.2085794704e-15 0.0000000000e+00 -3.2085794704e-15 -9.0625810121e+00 0.0000000000e+00 0.0000000000e+00 0.0000000000e+00 -1.7381635940e+00
545.83200000 -9.0389412016e+00 -3.0481504968e-15 0.0000000000e+00 -3.0481504968e-15 -9.0389412016e+00 0.0000000000e+00 0.0000000000e+00 0.0000000000e+00 -1.7327539766e+00
545.98400000 -9.0153789333e+00 -3.2085794704e-15 0.0000000000e+00 -3.2085794704e-15 -9.0153789333e+00 0.0000000000e+00 0.0000000000e+00 0.0000000000e+00 -1.7273518262e+00
546.13600000 -8.9918938187e+00 -3.0481504968e-15 0.0000000000e+00 -3.0481504968e-15 -8.9918938187e+00 0.0000000000e+00 0.0000000000e+00 0.0000000000e+00 -1.7219571281e+00
546.28800000 -8.9684854720e+00 -3.0481504968e-15 0.0000000000e+00 -3.0481504968e-15 -8.9684854720e+00 0.0000000000e+00 0.0000000000e+00 0.0000000000e+00 -1.7165698675e+00
546.44000000 -8.9451535101e+00 -3.2085794704e-15 0.0000000000e+00 -3.2085794704e-15 -8.9451535101e+00 0.0000000000e+00 0.0000000000e+00 0.0000000000e+00 -1.7111900296e+00
546.59200000 -8.9218975522e+00 -3.0481504968e-15 0.0000000000e+00 -3.0481504968e-15 -8.9218975522e+00 0.0000000000e+00 0.0000000000e+00 0.0000000000e+00 -1.7058175997e+00
546.74400000 -8.8987172202e+00 -3.0481504968e-15 0.0000000000e+00 -3.0481504968e-15 -8.8987172202e+00 0.0000000000e+00 0.0000000000e+00 0.0000000000e+00 -1.7004525632e+00
546.89600000 -8.8756121386e+00 -3.0481504968e-15 0.0000000000e+00 -3.0481504968e-15 -8.8756121386e+00 0.0000000000e+00 0.0000000000e+00 0.0000000000e+00 -1.6950949054e+00
547.04800000 -8.8525819342e+00 -3.0481504968e-15 0.0000000000e+00 -3.0481504968e-15 -8.8525819342e+00 0.0000000000e+00 0.0000000000e+00 0.0000000000e+00 -1.6897446118e+00
547.20000000 -8.8296262364e+00 -3.0481504968e-15 0.0000000000e+00 -3.0481504968e-15 -8.8296262364e+00 0.0000000000e+00 0.0000000000e+00 0.0000000000e+00 -1.6844016677e+00
547.35200000 -8.8067446770e+00 -3.0481504968e-15 0.0000000000e+00 -3.0481504968e-15 -8.8067446770e+00 0.0000000000e+00 0.0000000000e+00 0.0000000000e+00 -1.6790660587e+00
547.50400000 -8.7839368903e+00 -3.0481504968e-15 0.0000000000e+00 -3.0481504968e-15 -8.7839368903e+00 0.0000000000e+00 0.0000000000e+00 0.0000000000e+00 -1.6737377704e+00
547.65600000 -8.7612025130e+00 -3.0481504968e-15 0.0000000000e+00 -3.0481504968e-15 -8.7612025130e+00 0.0000000000e+00 0.0000000000e+00 0.0000000000e+00 -1.6684167882e+00
547.80800000 -8.7385411841e+00 -3.0481504968e-15 0.0000000000e+00 -3.0481504968e-15 -8.7385411841e+00 0.0000000000e+00 0.0000000000e+00 0.0000000000e+00 -1.6631030978e+00
547.96000000 -8.7159525450e+00 -3.0481504968e-15 0.0000000000e+00 -3.0481504968e-15 -8.7159525450e+00 0.0000000000e+00 0.0000000000e+00 0.0000000000e+00 -1.6577966848e+00
548.11200000 -8.6934362397e+00 -3.0481504968e-15 0.0000000000e+00 -3.0481504968e-15 -8.6934362397e+00 0.0000000000e+00 0.0000000000e+00 0.0000000000e+00 -1.6524975348e+00
548.26400000 -8.6709919141e+00 -3.0481504968e-15 0.0000000000e+00 -3.0481504968e-15 -8.6709919141e+00 0.0000000000e+00 0.0000000000e+00 0.0000000000e+00 -1.6472056337e+00
548.41600000 -8.6486192168e+00 -3.0481504968e-15 0.0000000000e+00 -3.0481504968e-15 -8.6486192168e+00 0.0000000000e+00 0.0000000000e+00 0.0000000000e+00 -1.6419209671e+00
548.56800000 -8.6263177986e+00 -2.8877215233e-15 0.0000000000e+00 -2.8877215233e-15 -8.6263177986e+00 0.0000000000e+00 0.0000000000e+00 0.0000000000e+00 -1.6366435208e+00
548.72000000 -8.6040873124e+00 -2.8877215233e-15 0.0000000000e+00 -2.8877215233e-15 -8.6040873124e+00 0.0000000000e+00 0.0000000000e+00 0.0000000000e+00 -1.6313732807e+00
548.87200000 -8.5819274136e+00 -2.8877215233e-15 0.0000000000e+00 -2.8877215233e-15 -8.5819274136e+00 0.0000000000e+00 0.0000000000e+00 0.0000000000e+00 -1.6261102326e+00
549.02400000 -8.5598377596e+00 -3.0481504968e-15 0.0000000000e+00 -3.0481504968e-15 -8.5598377596e+00 0.0000000000e+00 0.0000000000e+00 0.0000000000e+00 -1.6208543624e+00
549.17600000 -8.5378180104e+00 -2.8877215233e-15 0.0000000000e+00 -2.8877215233e-15 -8.5378180104e+00 0.0000000000e+00 0.0000000000e+00 0.0000000000e+00 -1.6156056560e+00
549.32800000 -8.5158678277e+00 -3.0481504968e-15 0.0000000000e+00 -3.0481504968e-15 -8.5158678277e+00 0.0000000000e+00 0.0000000000e+00 0.0000000000e+00 -1.6103640994e+00
549.48000000 -8.4939868759e+00 -3.0481504968e-15 0.0000000000e+00 -3.0481504968e-15 -8.4939868759e+00 0.0000000000e+00 0.0000000000e+00 0.0000000000e+00 -1.6051296787e+00
549.63200000 -8.4721748212e+00 -3.0481504968e-15 0.0000000000e+00 -3.0481504968e-15 -8.4721748212e+00 0.0000000000e+00 0.0000000000e+00 0.0000000000e+00 -1.5999023798e+00
549.78400000 -8.4504313320e+00 -2.8877215233e-15 0.0000000000e+00 -2.8877215233e-15 -8.4504313320e+00 0.0000000000e+00 0.0000000000e+00 0.0000000000e+00 -1.5946821888e+00
549.93600000 -8.4287560791e+00 -2.8877215233e-15 0.0000000000e+00 -2.8877215233e-15 -8.4287560791e+00 0.0000000000e+00 0.0000000000e+00 0.0000000000e+00 -1.5894690919e+00
550.08800000 -8.4071487352e+00 -2.8877215233e-15 0.0000000000e+00 -2.8877215233e-15 -8.4071487352e+00 0.0000000000e+00 0.0000000000e+00 0.0000000000e+00 -1.5842630751e+00
550.24000000 -8.3856089751e+00 -2.8877215233e-15 0.0000000000e+00 -2.8877215233e-15 -8.3856089751e+00 0.0000000000e+00 0.0000000000e+00 0.0000000000e+00 -1.5790641247e+00
550.39200000 -8.3641364757e+00 -2.8877215233e-15 0.0000000000e+00 -2.8877215233e-15 -8.3641364757e+00 0.0000000000e+00 0.0000000000e+00 0.0000000000e+00 -1.5738722270e+00
550.54400000 -8.3427309160e+00 -2.8877215233e-15 0.0000000000e+00 -2.8877215233e-15 -8.3427309160e+00 0.0000000000e+00 0.0000000000e+00 0.0000000000e+00 -1.5686873680e+00
550.69600000 -8.3213919771e+00 -2.8877215233e-15 0.0000000000e+00 -2.8877215233e-15 -8.3213919771e+00 0.0000000000e+00 0.0000000000e+00 0.0000000000e+00 -1.5635095343e+00
550.84800000 -8.3001193421e+00 -2.8877215233e-15 0.0000000000e+00 -2.8877215233e-15 -8.3001193421e+00 0.0000000000e+00 0.0000000000e+00 0.0000000000e+00 -1.5583387119e+00
551.00000000 -8.2789126960e+00 -2.8877215233e-15 0.0000000000e+00 -2.8877215233e-15 -8.2789126960e+00 0.0000000000e+00 0.0000000000e+00 0.0000000000e+00 -1.5531748874e+00
551.15200000 -8.2577717260e+00 -2.8877215233e-15 0.0000000000e+00 -2.8877215233e-15 -8.2577717260e+00 0.0000000000e+00 0.0000000000e+00 0.0000000000e+00 -1.5480180472e+00
551.30400000 -8.2366961212e+00 -2.8877215233e-15 0.0000000000e+00 -2.8877215233e-15 -8.2366961212e+00 0.0000000000e+00 0.0000000000e+00 0.0000000000e+00 -1.5428681775e+00
551.45600000 -8.2156855725e+00 -2.8877215233e-15 0.0000000000e+00 -2.8877215233e-15 -8.2156855725e+00 0.0000000000e+00 0.0000000000e+00 0.0000000000e+00 -1.5377252650e+00
551.60800000 -8.1947397732e+00 -2.7272925498e-15 0.0000000000e+00 -2.7272925498e-15 -8.1947397732e+00 0.0000000000e+00 0.0000000000e+00 0.0000000000e+00 -1.5325892961e+00
551.76000000 -8.1738584180e+00 -2.8877215233e-15 0.0000000000e+00 -2.8877215233e-15 -8.1738584180e+00 0.0000000000e+00 0.0000000000e+00 0.0000000000e+00 -1.5274602574e+00
551.91200000 -8.1530412039e+00 -2.8877215233e-15 0.0000000000e+00 -2.8877215233e-15 -8.1530412039e+00 0.0000000000e+00 0.0000000000e+00 0.0000000000e+00 -1.5223381354e+00
552.06400000 -8.1322878297e+00 -2.8877215233e-15 0.0000000000e+00 -2.8877215233e-15 -8.1322878297e+00 0.0000000000e+00 0.0000000000e+00 0.0000000000e+00 -1.5172229167e+00
552.21600000 -8.1115979960e+00 -2.7272925498e-15 0.0000000000e+00 -2.7272925498e-15 -8.1115979960e+00 0.0000000000e+00 0.0000000000e+00 0.0000000000e+00 -1.5121145879e+00
552.36800000 -8.0909714055e+00 -2.8877215233e-15 0.0000000000e+00 -2.8877215233e-15 -8.0909714055e+00 0.0000000000e+00 0.0000000000e+00 0.0000000000e+00 -1.5070131358e+00
552.52000000 -8.0704077626e+00 -2.8877215233e-15 0.0000000000e+00 -2.8877215233e-15 -8.0704077626e+00 0.0000000000e+00 0.0000000000e+00 0.0000000000e+00 -1.5019185470e+00
552.67200000 -8.0499067736e+00 -2.7272925498e-15 0.0000000000e+00 -2.7272925498e-15 -8.0499067736e+00 0.0000000000e+00 0.0000000000e+00 0.0000000000e+00 -1.4968308083e+00
552.82400000 -8.0294681466e+00 -2.8877215233e-15 0.0000000000e+00 -2.8877215233e-15 -8.0294681466e+00 0.0000000000e+00 0.0000000000e+00 0.0000000000e+00 -1.4917499065e+00
552.97600000 -8.0090915915e+00 -2.7272925498e-15 0.0000000000e+00 -2.7272925498e-15 -8.0090915915e+00 0.0000000000e+00 0.0000000000e+00 0.0000000000e+00 -1.4866758283e+00
553.12800000 -7.9887768201e+00 -2.8877215233e-15 0.0000000000e+00 -2.8877215233e-15 -7.9887768201e+00 0.0000000000e+00 0.0000000000e+00 0.0000000000e+00 -1.4816085605e+00
553.28000000 -7.9685235459e+00 -2.8877215233e-15 0.0000000000e+00 -2.8877215233e-15 -7.9685235459e+00 0.0000000000e+00 0.0000000000e+00 0.0000000000e+00 -1.4765480902e+00
553.43200000 -7.9483314843e+00 -2.8877215233e-15 0.0000000000e+00 -2.8877215233e-15 -7.9483314843e+00 0.0000000000e+00 0.0000000000e+00 0.0000000000e+00 -1.4714944041e+00
553.58400000 -7.9282003524e+00 -2.8877215233e-15 0.0000000000e+00 -2.8877215233e-15 -7.9282003524e+00 0.0000000000e+00 0.0000000000e+00 0.0000000000e+00 -1.4664474893e+00
553.73600000 -7.9081298690e+00 -2.7272925498e-15 0.0000000000e+00 -2.7272925498e-15 -7.9081298690e+00 0.0000000000e+00 0.0000000000e+00 0.0000000000e+00 -1.4614073326e+00
553.88800000 -7.8881197547e+00 -2.8877215233e-15 0.0000000000e+00 -2.8877215233e-15 -7.8881197547e+00 0.0000000000e+00 0.0000000000e+00 0.0000000000e+00 -1.4563739211e+00
554.04000000 -7.8681697318e+00 -2.7272925498e-15 0.0000000000e+00 -2.7272925498e-15 -7.8681697318e+00 0.0000000000e+00 0.0000000000e+00 0.0000000000e+00 -1.4513472419e+00
554.19200000 -7.8482795243e+00 -2.8877215233e-15 0.0000000000e+00 -2.8877215233e-15 -7.8482795243e+00 0.0000000000e+00 0.0000000000e+00 0.0000000000e+00 -1.4463272819e+00
554.34400000 -7.8284488580e+00 -2.7272925498e-15 0.0000000000e+00 -2.7272925498e-15 -7.8284488580e+00 0.0000000000e+00 0.0000000000e+00 0.0000000000e+00 -1.4413140284e+00
554.49600000 -7.8086774602e+00 -2.7272925498e-15 0.0000000000e+00 -2.7272925498e-15 -7.8086774602e+00 0.0000000000e+00 0.0000000000e+00 0.0000000000e+00 -1.4363074684e+00
554.64800000 -7.7889650600e+00 -2.7272925498e-15 0.0000000000e+00 -2.7272925498e-15 -7.7889650600e+00 0.0000000000e+00 0.0000000000e+00 0.0000000000e+00 -1.4313075891e+00
554.80000000 -7.7693113883e+00 -2.7272925498e-15 0.0000000000e+00 -2.7272925498e-15 -7.7693113883e+00 0.0000000000e+00 0.0000000000e+00 0.0000000000e+00 -1.4263143778e+00
554.95200000 -7.7497161772e+00 -2.8877215233e-15 0.0000000000e+00 -2.8877215233e-15 -7.7497161772e+00 0.0000000000e+00 0.0000000000e+00 0.0000000000e+00 -1.4213278216e+00
555.10400000 -7.7301791610e+00 -2.7272925498e-15 0.0000000000e+00 -2.7272925498e-15 -7.7301791610e+00 0.0000000000e+00 0.0000000000e+00 0.0000000000e+00 -1.4163479078e+00
555.25600000 -7.7107000752e+00 -2.7272925498e-15 0.0000000000e+00 -2.7272925498e-15 -7.7107000752e+00 0.0000000000e+00 0.0000000000e+00 0.0000000000e+00 -1.4113746237e+00
555.40800000 -7.6912786570e+00 -2.7272925498e-15 0.0000000000e+00 -2.7272925498e-15 -7.6912786570e+00 0.0000000000e+00 0.0000000000e+00 0.0000000000e+00 -1.4064079567e+00
555.56000000 -7.6719146454e+00 -2.7272925498e-15 0.0000000000e+00 -2.7272925498e-15 -7.6719146454e+00 0.0000000000e+00 0.0000000000e+00 0.0000000000e+00 -1.4014478940e+00
555.71200000 -7.6526077808e+00 -2.7272925498e-15 0.0000000000e+00 -2.7272925498e-15 -7.6526077808e+00 0.0000000000e+00 0.0000000000e+00 0.0000000000e+00 -1.3964944232e+00
555.86400000 -7.6333578051e+00 -2.7272925498e-15 0.0000000000e+00 -2.7272925498e-15 -7.6333578051e+00 0.0000000000e+00 0.0000000000e+00 0.0000000000e+00 -1.3915475316e+00
556.01600000 -7.6141644620e+00 -2.7272925498e-15 0.0000000000e+00 -2.7272925498e-15 -7.6141644620e+00 0.0000000000e+00 0.0000000000e+00 0.0000000000e+00 -1.3866072067e+00
556.16800000 -7.5950274965e+00 -2.7272925498e-15 0.0000000000e+00 -2.7272925498e-15 -7.5950274965e+00 0.0000000000e+00 0.0000000000e+00 0.0000000000e+00 -1.3816734360e+00
556.32000000 -7.5759466554e+00 -2.7272925498e-15 0.0000000000e+00 -2.7272925498e-15 -7.5759466554e+00 0.0000000000e+00 0.0000000000e+00 0.0000000000e+00 -1.3767462069e+00
556.47200000 -7.5569216868e+00 -2.7272925498e-15 0.0000000000e+00 -2.7272925498e-15 -7.5569216868e+00 0.0000000000e+00 0.0000000000e+00 0.0000000000e+00 -1.3718255072e+00
556.62400000 -7.5379523404e+00 -2.7272925498e-15 0.0000000000e+00 -2.7272925498e-15 -7.5379523404e+00 0.0000000000e+00 0.0000000000e+00 0.0000000000e+00 -1.3669113242e+00
556.77600000 -7.5190383674e+00 -2.7272925498e-15 0.0000000000e+00 -2.7272925498e-15 -7.5190383674e+00 0.0000000000e+00 0.0000000000e+00 0.0000000000e+00 -1.3620036457e+00
556.92800000 -7.5001795206e+00 -2.7272925498e-15 0.0000000000e+00 -2.7272925498e-15 -7.5001795206e+00 0.0000000000e+00 0.0000000000e+00 0.0000000000e+00 -1.3571024592e+00
557.08000000 -7.4813755540e+00 -2.7272925498e-15 0.0000000000e+00 -2.7272925498e-15 -7.4813755540e+00 0.0000000000e+00 0.0000000000e+00 0.0000000000e+00 -1.3522077526e+00
557.23200000 -7.4626262234e+00 -2.5668635763e-15 0.0000000000e+00 -2.5668635763e-15 -7.4626262234e+00 0.0000000000e+00 0.0000000000e+00 0.0000000000e+00 -1.3473195134e+00
557.38400000 -7.4439312859e+00 -2.5668635763e-15 0.0000000000e+00 -2.5668635763e-15 -7.4439312859e+00 0.0000000000e+00 0.0000000000e+00 0.0000000000e+00 -1.3424377294e+00
557.53600000 -7.4252904999e+00 -2.5668635763e-15 0.0000000000e+00 -2.5668635763e-15 -7.4252904999e+00 0.0000000000e+00 0.0000000000e+00 0.0000000000e+00 -1.3375623884e+00
557.68800000 -7.4067036256e+00 -2.7272925498e-15 0.0000000000e+00 -2.7272925498e-15 -7.4067036256e+00 0.0000000000e+00 0.0000000000e+00 0.0000000000e+00 -1.3326934781e+00
557.84000000 -7.3881704242e+00 -2.7272925498e-15 0.0000000000e+00 -2.7272925498e-15 -7.3881704242e+00 0.0000000000e+00 0.0000000000e+00 0.0000000000e+00 -1.3278309865e+00
557.99200000 -7.3696906588e+00 -2.7272925498e-15 0.0000000000e+00 -2.7272925498e-15 -7.3696906588e+00 0.0000000000e+00 0.0000000000e+00 0.0000000000e+00 -1.3229749013e+00
558.14400000 -7.3512640934e+00 -2.7272925498e-15 0.0000000000e+00 -2.7272925498e-15 -7.3512640934e+00 0.0000000000e+00 0.0000000000e+00 0.0000000000e+00 -1.3181252105e+00
558.29600000 -7.3328904938e+00 -2.5668635763e-15 0.0000000000e+00 -2.5668635763e-15 -7.3328904938e+00 0.0000000000e+00 0.0000000000e+00 0.0000000000e+00 -1.3132819020e+00
558.44800000 -7.3145696269e+00 -2.7272925498e-15 0.0000000000e+00 -2.7272925498e-15 -7.3145696269e+00 0.0000000000e+00 0.0000000000e+00 0.0000000000e+00 -1.3084449636e+00
558.60000000 -7.2963012612e+00 -2.5668635763e-15 0.0000000000e+00 -2.5668635763e-15 -7.2963012612e+00 0.0000000000e+00 0.0000000000e+00 0.0000000000e+00 -1.3036143835e+00
558.75200000 -7.2780851664e+00 -2.5668635763e-15 0.0000000000e+00 -2.5668635763e-15 -7.2780851664e+00 0.0000000000e+00 0.0000000000e+00 0.0000000000e+00 -1.2987901496e+00
558.90400000 -7.2599211136e+00 -2.5668635763e-15 0.0000000000e+00 -2.5668635763e-15 -7.2599211136e+00 0.0000000000e+00 0.0000000000e+00 0.0000000000e+00 -1.2939722499e+00
559.05600000 -7.2418088753e+00 -2.5668635763e-15 0.0000000000e+00 -2.5668635763e-15 -7.2418088753e+00 0.0000000000e+00 0.0000000000e+00 0.0000000000e+00 -1.2891606726e+00
559.20800000 -7.2237482253e+00 -2.5668635763e-15 0.0000000000e+00 -2.5668635763e-15 -7.2237482253e+00 0.0000000000e+00 0.0000000000e+00 0.0000000000e+00 -1.2843554056e+00
559.36000000 -7.2057389387e+00 -2.5668635763e-15 0.0000000000e+00 -2.5668635763e-15 -7.2057389387e+00 0.0000000000e+00 0.0000000000e+00 0.0000000000e+00 -1.2795564372e+00
559.51200000 -7.1877807920e+00 -2.5668635763e-15 0.0000000000e+00 -2.5668635763e-15 -7.1877807920e+00 0.0000000000e+00 0.0000000000e+00 0.0000000000e+00 -1.2747637556e+00
559.66400000 -7.1698735628e+00 -2.5668635763e-15 0.0000000000e+00 -2.5668635763e-15 -7.1698735628e+00 0.0000000000e+00 0.0000000000e+00 0.0000000000e+00 -1.2699773488e+00
559.81600000 -7.1520170303e+00 -2.5668635763e-15 0.0000000000e+00 -2.5668635763e-15 -7.1520170303e+00 0.0000000000e+00 0.0000000000e+00 0.0000000000e+00 -1.2651972051e+00
559.96800000 -7.1342109747e+00 -2.5668635763e-15 0.0000000000e+00 -2.5668635763e-15 -7.1342109747e+00 0.0000000000e+00 0.0000000000e+00 0.0000000000e+00 -1.2604233127e+00
560.12000000 -7.1164551776e+00 -2.5668635763e-15 0.0000000000e+00 -2.5668635763e-15 -7.1164551776e+00 0.0000000000e+00 0.0000000000e+00 0.0000000000e+00 -1.2556556600e+00
560.27200000 -7.0987494219e+00 -2.4064346028e-15 0.0000000000e+00 -2.4064346028e-15 -7.0987494219e+00 0.0000000000e+00 0.0000000000e+00 0.0000000000e+00 -1.2508942352e+00
560.42400000 -7.0810934918e+00 -2.5668635763e-15 0.0000000000e+00 -2.5668635763e-15 -7.0810934918e+00 0.0000000000e+00 0.0000000000e+00 0.0000000000e+00 -1.2461390267e+00
560.57600000 -7.0634871726e+00 -2.5668635763e-15 0.0000000000e+00 -2.5668635763e-15 -7.0634871726e+00 0.0000000000e+00 0.0000000000e+00 0.0000000000e+00 -1.2413900228e+00
560.72800000 -7.0459302509e+00 -2.4064346028e-15 0.0000000000e+00 -2.4064346028e-15 -7.0459302509e+00 0.0000000000e+00 0.0000000000e+00 0.0000000000e+00 -1.2366472119e+00
560.88000000 -7.0284225146e+00 -2.4064346028e-15 0.0000000000e+00 -2.4064346028e-15 -7.0284225146e+00 0.0000000000e+00 0.0000000000e+00 0.0000000000e+00 -1.2319105824e+00
561.03200000 -7.0109637528e+00 -2.5668635763e-15 0.0000000000e+00 -2.5668635763e-15 -7.0109637528e+00 0.0000000000e+00 0.0000000000e+00 0.0000000000e+00 -1.2271801228e+00
561.18400000 -6.9935537557e+00 -2.5668635763e-15 0.0000000000e+00 -2.5668635763e-15 -6.9935537557e+00 0.0000000000e+00 0.0000000000e+00 0.0000000000e+00 -1.2224558215e+00
561.33600000 -6.9761923148e+00 -2.4064346028e-15 0.0000000000e+00 -2.4064346028e-15 -6.9761923148e+00 0.0000000000e+00 0.0000000000e+00 0.0000000000e+00 -1.2177376671e+00
561.48800000 -6.9588792228e+00 -2.5668635763e-15 0.0000000000e+00 -2.5668635763e-15 -6.9588792228e+00 0.0000000000e+00 0.0000000000e+00 0.0000000000e+00 -1.2130256481e+00
561.64000000 -6.9416142737e+00 -2.4064346028e-15 0.0000000000e+00 -2.4064346028e-15 -6.9416142737e+00 0.0000000000e+00 0.0000000000e+00 0.0000000000e+00 -1.2083197530e+00
561.79200000 -6.9243972623e+00 -2.4064346028e-15 0.0000000000e+00 -2.4064346028e-15 -6.9243972623e+00 0.0000000000e+00 0.0000000000e+00 0.0000000000e+00 -1.2036199705e+00
561.94400000 -6.9072279851e+00 -2.4866490895e-15 0.0000000000e+00 -2.4866490895e-15 -6.9072279851e+00 0.0000000000e+00 0.0000000000e+00 0.0000000000e+00 -1.1989262891e+00
562.09600000 -6.8901062393e+00 -2.4866490895e-15 0.0000000000e+00 -2.4866490895e-15 -6.8901062393e+00 0.0000000000e+00 0.0000000000e+00 0.0000000000e+00 -1.1942386975e+00
562.24800000 -6.8730318235e+00 -2.4866490895e-15 0.0000000000e+00 -2.4866490895e-15 -6.8730318235e+00 0.0000000000e+00 0.0000000000e+00 0.0000000000e+00 -1.1895571843e+00
562.40000000 -6.8560045374e+00 -2.4866490895e-15 0.0000000000e+00 -2.4866490895e-15 -6.8560045374e+00 0.0000000000e+00 0.0000000000e+00 0.0000000000e+00 -1.1848817384e+00
562.55200000 -6.8390241819e+00 -2.4866490895e-15 0.0000000000e+00 -2.4866490895e-15 -6.8390241819e+00 0.0000000000e+00 0.0000000000e+00 0.0000000000e+00 -1.1802123483e+00
562.70400000 -6.8220905588e+00 -2.4866490895e-15 0.0000000000e+00 -2.4866490895e-15 -6.8220905588e+00 0.0000000000e+00 0.0000000000e+00 0.0000000000e+00 -1.1755490028e+00
562.85600000 -6.8052034713e+00 -2.4866490895e-15 0.0000000000e+00 -2.4866490895e-15 -6.8052034713e+00 0.0000000000e+00 0.0000000000e+00 0.0000000000e+00 -1.1708916908e+00
563.00800000 -6.7883627235e+00 -2.4866490895e-15 0.0000000000e+00 -2.4866490895e-15 -6.7883627235e+00 0.0000000000e+00 0.0000000000e+00 0.0000000000e+00 -1.1662404010e+00
563.16000000 -6.7715681208e+00 -2.4866490895e-15 0.0000000000e+00 -2.4866490895e-15 -6.7715681208e+00 0.0000000000e+00 0.0000000000e+00 0.0000000000e+00 -1.1615951223e+00
563.31200000 -6.7548194695e+00 -2.4064346028e-15 0.0000000000e+00 -2.4064346028e-15 -6.7548194695e+00 0.0000000000e+00 0.0000000000e+00 0.0000000000e+00 -1.1569558435e+00
563.46400000 -6.7381165772e+00 -2.4866490895e-15 0.0000000000e+00 -2.4866490895e-15 -6.7381165772e+00 0.0000000000e+00 0.0000000000e+00 0.0000000000e+00 -1.1523225535e+00
563.61600000 -6.7214592523e+00 -2.4866490895e-15 0.0000000000e+00 -2.4866490895e-15 -6.7214592523e+00 0.0000000000e+00 0.0000000000e+00 0.0000000000e+00 -1.1476952413e+00
563.76800000 -6.7048473047e+00 -2.4064346028e-15 0.0000000000e+00 -2.4064346028e-15 -6.7048473047e+00 0.0000000000e+00 0.0000000000e+00 0.0000000000e+00 -1.1430738958e+00
563.92000000 -6.6882805449e+00 -2.4064346028e-15 0.0000000000e+00 -2.4064346028e-15 -6.6882805449e+00 0.0000000000e+00 0.0000000000e+00 0.0000000000e+00 -1.1384585059e+00
564.07200000 -6.6717587847e+00 -2.4866490895e-15 0.0000000000e+00 -2.4866490895e-15 -6.6717587847e+00 0.0000000000e+00 0.0000000000e+00 0.0000000000e+00 -1.1338490607e+00
564.22400000 -6.6552818370e+00 -2.4064346028e-15 0.0000000000e+00 -2.4064346028e-15 -6.6552818370e+00 0.0000000000e+00 0.0000000000e+00 0.0000000000e+00 -1.1292455492e+00
564.37600000 -6.6388495157e+00 -2.4064346028e-15 0.0000000000e+00 -2.4064346028e-15 -6.6388495157e+00 0.0000000000e+00 0.0000000000e+00 0.0000000000e+00 -1.1246479604e+00
564.52800000 -6.6224616356e+00 -2.4064346028e-15 0.0000000000e+00 -2.4064346028e-15 -6.6224616356e+00 0.0000000000e+00 0.0000000000e+00 0.0000000000e+00 -1.1200562835e+00
564.68000000 -6.6061180127e+00 -2.4064346028e-15 0.0000000000e+00 -2.4064346028e-15 -6.6061180127e+00 0.0000000000e+00 0.0000000000e+00 0.0000000000e+00 -1.1154705074e+00
564.83200000 -6.5898184640e+00 -2.4064346028e-15 0.0000000000e+00 -2.4064346028e-15 -6.5898184640e+00 0.0000000000e+00 0.0000000000e+00 0.0000000000e+00 -1.1108906215e+00
564.98400000 -6.5735628074e+00 -2.3262201160e-15 0.0000000000e+00 -2.3262201160e-15 -6.5735628074e+00 0.0000000000e+00 0.0000000000e+00 0.0000000000e+00 -1.1063166147e+00
565.13600000 -6.5573508620e+00 -2.4064346028e-15 0.0000000000e+00 -2.4064346028e-15 -6.5573508620e+00 0.0000000000e+00 0.0000000000e+00 0.0000000000e+00 -1.1017484763e+00
565.28800000 -6.5411824477e+00 -2.4064346028e-15 0.0000000000e+00 -2.4064346028e-15 -6.5411824477e+00 0.0000000000e+00 0.0000000000e+00 0.0000000000e+00 -1.0971861955e+00
565.44000000 -6.5250573855e+00 -2.4064346028e-15 0.0000000000e+00 -2.4064346028e-15 -6.5250573855e+00 0.0000000000e+00 0.0000000000e+00 0.0000000000e+00 -1.0926297616e+00
565.59200000 -6.5089754974e+00 -2.3262201160e-15 0.0000000000e+00 -2.3262201160e-15 -6.5089754974e+00 0.0000000000e+00 0.0000000000e+00 0.0000000000e+00 -1.0880791638e+00
565.74400000 -6.4929366063e+00 -2.3262201160e-15 0.0000000000e+00 -2.3262201160e-15 -6.4929366063e+00 0.0000000000e+00 0.0000000000e+00 0.0000000000e+00 -1.0835343914e+00
565.89600000 -6.4769405363e+00 -2.4064346028e-15 0.0000000000e+00 -2.4064346028e-15 -6.4769405363e+00 0.0000000000e+00 0.0000000000e+00 0.0000000000e+00 -1.0789954337e+00
566.04800000 -6.4609871121e+00 -2.4064346028e-15 0.0000000000e+00 -2.4064346028e-15 -6.4609871121e+00 0.0000000000e+00 0.0000000000e+00 0.0000000000e+00 -1.0744622800e+00
566.20000000 -6.4450761597e+00 -2.3262201160e-15 0.0000000000e+00 -2.3262201160e-15 -6.4450761597e+00 0.0000000000e+00 0.0000000000e+00 0.0000000000e+00 -1.0699349198e+00
566.35200000 -6.4292075059e+00 -2.4064346028e-15 0.0000000000e+00 -2.4064346028e-15 -6.4292075059e+00 0.0000000000e+00 0.0000000000e+00 0.0000000000e+00 -1.0654133423e+00
566.50400000 -6.4133809785e+00 -2.3262201160e-15 0.0000000000e+00 -2.3262201160e-15 -6.4133809785e+00 0.0000000000e+00 0.0000000000e+00 0.0000000000e+00 -1.0608975371e+00
566.65600000 -6.3975964061e+00 -2.4064346028e-15 0.0000000000e+00 -2.4064346028e-15 -6.3975964061e+00 0.0000000000e+00 0.0000000000e+00 0.0000000000e+00 -1.0563874936e+00
566.80800000 -6.3818536184e+00 -2.3262201160e-15 0.0000000000e+00 -2.3262201160e-15 -6.3818536184e+00 0.0000000000e+00 0.0000000000e+00 0.0000000000e+00 -1.0518832012e+00
566.96000000 -6.3661524460e+00 -2.3262201160e-15 0.0000000000e+00 -2.3262201160e-15 -6.3661524460e+00 0.0000000000e+00 0.0000000000e+00 0.0000000000e+00 -1.0473846494e+00
567.11200000 -6.3504927204e+00 -2.3262201160e-15 0.0000000000e+00 -2.3262201160e-15 -6.3504927204e+00 0.0000000000e+00 0.0000000000e+00 0.0000000000e+00 -1.0428918278e+00
567.26400000 -6.3348742740e+00 -2.3262201160e-15 0.0000000000e+00 -2.3262201160e-15 -6.3348742740e+00 0.0000000000e+00 0.0000000000e+00 0.0000000000e+00 -1.0384047259e+00
567.41600000 -6.3192969401e+00 -2.3262201160e-15 0.0000000000e+00 -2.3262201160e-15 -6.3192969401e+00 0.0000000000e+00 0.0000000000e+00 0.0000000000e+00 -1.0339233332e+00
567.56800000 -6.3037605530e+00 -2.3262201160e-15 0.0000000000e+00 -2.3262201160e-15 -6.3037605530e+00 0.0000000000e+00 0.0000000000e+00 0.0000000000e+00 -1.0294476394e+00
567.72000000 -6.2882649478e+00 -2.3262201160e-15 0.0000000000e+00 -2.3262201160e-15 -6.2882649478e+00 0.0000000000e+00 0.0000000000e+00 0.0000000000e+00 -1.0249776340e+00
567.87200000 -6.2728099604e+00 -2.3262201160e-15 0.0000000000e+00 -2.3262201160e-15 -6.2728099604e+00 0.0000000000e+00 0.0000000000e+00 0.0000000000e+00 -1.0205133068e+00
568.02400000 -6.2573954279e+00 -2.3262201160e-15 0.0000000000e+00 -2.3262201160e-15 -6.2573954279e+00 0.0000000000e+00 0.0000000000e+00 0.0000000000e+00 -1.0160546474e+00
568.17600000 -6.2420211880e+00 -2.3262201160e-15 0.0000000000e+00 -2.3262201160e-15 -6.2420211880e+00 0.0000000000e+00 0.0000000000e+00 0.0000000000e+00 -1.0116016454e+00
568.32800000 -6.2266870793e+00 -2.3262201160e-15 0.0000000000e+00 -2.3262201160e-15 -6.2266870793e+00 0.0000000000e+00 0.0000000000e+00 0.0000000000e+00 -1.0071542907e+00
568.48000000 -6.2113929415e+00 -2.2460056293e-15 0.0000000000e+00 -2.2460056293e-15 -6.2113929415e+00 0.0000000000e+00 0.0000000000e+00 0.0000000000e+00 -1.0027125729e+00
568.63200000 -6.1961386148e+00 -2.2460056293e-15 0.0000000000e+00 -2.2460056293e-15 -6.1961386148e+00 0.0000000000e+00 0.0000000000e+00 0.0000000000e+00 -9.9827648177e-01
568.78400000 -6.1809239405e+00 -2.2460056293e-15 0.0000000000e+00 -2.2460056293e-15 -6.1809239405e+00 0.0000000000e+00 0.0000000000e+00 0.0000000000e+00 -9.9384600717e-01
568.93600000 -6.1657487608e+00 -2.2460056293e-15 0.0000000000e+00 -2.2460056293e-15 -6.1657487608e+00 0.0000000000e+00 0.0000000000e+00 0.0000000000e+00 -9.8942113889e-01
569.08800000 -6.1506129185e+00 -2.3262201160e-15 0.0000000000e+00 -2.3262201160e-15 -6.1506129185e+00 0.0000000000e+00 0.0000000000e+00 0.0000000000e+00 -9.8500186676e-01
569.24000000 -6.1355162575e+00 -2.2460056293e-15 0.0000000000e+00 -2.2460056293e-15 -6.1355162575e+00 0.0000000000e+00 0.0000000000e+00 0.0000000000e+00 -9.8058818066e-01
569.39200000 -6.1204586224e+00 -2.2460056293e-15 0.0000000000e+00 -2.2460056293e-15 -6.1204586224e+00 0.0000000000e+00 0.0000000000e+00 0.0000000000e+00 -9.7618007046e-01
569.54400000 -6.1054398585e+00 -2.2460056293e-15 0.0000000000e+00 -2.2460056293e-15 -6.1054398585e+00 0.0000000000e+00 0.0000000000e+00 0.0000000000e+00 -9.7177752609e-01
569.69600000 -6.0904598123e+00 -2.3262201160e-15 0.0000000000e+00 -2.3262201160e-15 -6.0904598123e+00 0.0000000000e+00 0.0000000000e+00 0.0000000000e+00 -9.6738053747e-01
569.84800000 -6.0755183307e+00 -2.2460056293e-15 0.0000000000e+00 -2.2460056293e-15 -6.0755183307e+00 0.0000000000e+00 0.0000000000e+00 0.0000000000e+00 -9.6298909458e-01
570.00000000 -6.0606152616e+00 -2.2460056293e-15 0.0000000000e+00 -2.2460056293e-15 -6.0606152616e+00 0.0000000000e+00 0.0000000000e+00 0.0000000000e+00 -9.5860318739e-01
570.15200000 -6.0457504538e+00 -2.2460056293e-15 0.0000000000e+00 -2.2460056293e-15 -6.0457504538e+00 0.0000000000e+00 0.0000000000e+00 0.0000000000e+00 -9.5422280591e-01
570.30400000 -6.0309237568e+00 -2.2460056293e-15 0.0000000000e+00 -2.2460056293e-15 -6.0309237568e+00 0.0000000000e+00 0.0000000000e+00 0.0000000000e+00 -9.4984794018e-01
570.45600000 -6.0161350209e+00 -2.2460056293e-15 0.0000000000e+00 -2.2460056293e-15 -6.0161350209e+00 0.0000000000e+00 0.0000000000e+00 0.0000000000e+00 -9.4547858025e-01
570.60800000 -6.0013840971e+00 -2.2460056293e-15 0.0000000000e+00 -2.2460056293e-15 -6.0013840971e+00 0.0000000000e+00 0.0000000000e+00 0.0000000000e+00 -9.4111471621e-01
570.76000000 -5.9866708373e+00 -2.2460056293e-15 0.0000000000e+00 -2.2460056293e-15 -5.9866708373e+00 0.0000000000e+00 0.0000000000e+00 0.0000000000e+00 -9.3675633814e-01
570.91200000 -5.9719950942e+00 -2.1657911425e-15 0.0000000000e+00 -2.1657911425e-15 -5.9719950942e+00 0.0000000000e+00 0.0000000000e+00 0.0000000000e+00 -9.3240343618e-01
571.06400000 -5.9573567212e+00 -2.2460056293e-15 0.0000000000e+00 -2.2460056293e-15 -5.9573567212e+00 0.0000000000e+00 0.0000000000e+00 0.0000000000e+00 -9.2805600049e-01
571.21600000 -5.9427555726e+00 -2.1657911425e-15 0.0000000000e+00 -2.1657911425e-15 -5.9427555726e+00 0.0000000000e+00 0.0000000000e+00 0.0000000000e+00 -9.2371402122e-01
571.36800000 -5.9281915032e+00 -2.2460056293e-15 0.0000000000e+00 -2.2460056293e-15 -5.9281915032e+00 0.0000000000e+00 0.0000000000e+00 0.0000000000e+00 -9.1937748858e-01
571.52000000 -5.9136643688e+00 -2.2460056293e-15 0.0000000000e+00 -2.2460056293e-15 -5.9136643688e+00 0.0000000000e+00 0.0000000000e+00 0.0000000000e+00 -9.1504639279e-01
571.67200000 -5.8991740259e+00 -2.1657911425e-15 0.0000000000e+00 -2.1657911425e-15 -5.8991740259e+00 0.0000000000e+00 0.0000000000e+00 0.0000000000e+00 -9.1072072410e-01
571.82400000 -5.8847203317e+00 -2.2460056293e-15 0.0000000000e+00 -2.2460056293e-15 -5.8847203317e+00 0.0000000000e+00 0.0000000000e+00 0.0000000000e+00 -9.0640047275e-01
571.97600000 -5.8703031442e+00 -2.1657911425e-15 0.0000000000e+00 -2.1657911425e-15 -5.8703031442e+00 0.0000000000e+00 0.0000000000e+00 0.0000000000e+00 -9.0208562905e-01
572.12800000 -5.8559223221e+00 -2.1657911425e-15 0.0000000000e+00 -2.1657911425e-15 -5.8559223221e+00 0.0000000000e+00 0.0000000000e+00 0.0000000000e+00 -8.9777618331e-01
572.28000000 -5.8415777248e+00 -2.1657911425e-15 0.0000000000e+00 -2.1657911425e-15 -5.8415777248e+00 0.0000000000e+00 0.0000000000e+00 0.0000000000e+00 -8.9347212585e-01
572.43200000 -5.8272692126e+00 -2.1657911425e-15 0.0000000000e+00 -2.1657911425e-15 -5.8272692126e+00 0.0000000000e+00 0.0000000000e+00 0.0000000000e+00 -8.8917344705e-01
572.58400000 -5.8129966463e+00 -2.1657911425e-15 0.0000000000e+00 -2.1657911425e-15 -5.8129966463e+00 0.0000000000e+00 0.0000000000e+00 0.0000000000e+00 -8.8488013727e-01
572.73600000 -5.7987598876e+00 -2.1657911425e-15 0.0000000000e+00 -2.1657911425e-15 -5.7987598876e+00 0.0000000000e+00 0.0000000000e+00 0.0000000000e+00 -8.8059218691e-01
572.88800000 -5.7845587987e+00 -2.1657911425e-15 0.0000000000e+00 -2.1657911425e-15 -5.7845587987e+00 0.0000000000e+00 0.0000000000e+00 0.0000000000e+00 -8.7630958641e-01
573.04000000 -5.7703932429e+00 -2.1657911425e-15 0.0000000000e+00 -2.1657911425e-15 -5.7703932429e+00 0.0000000000e+00 0.0000000000e+00 0.0000000000e+00 -8.7203232622e-01
573.19200000 -5.7562630837e+00 -2.1657911425e-15 0.0000000000e+00 -2.1657911425e-15 -5.7562630837e+00 0.0000000000e+00 0.0000000000e+00 0.0000000000e+00 -8.6776039679e-01
573.34400000 -5.7421681857e+00 -2.1657911425e-15 0.0000000000e+00 -2.1657911425e-15 -5.7421681857e+00 0.0000000000e+00 0.0000000000e+00 0.0000000000e+00 -8.6349378862e-01
573.49600000 -5.7281084141e+00 -2.1657911425e-15 0.0000000000e+00 -2.1657911425e-15 -5.7281084141e+00 0.0000000000e+00 0.0000000000e+00 0.0000000000e+00 -8.5923249224e-01
573.64800000 -5.7140836347e+00 -2.0855766557e-15 0.0000000000e+00 -2.0855766557e-15 -5.7140836347e+00 0.0000000000e+00 0.0000000000e+00 0.0000000000e+00 -8.5497649816e-01
573.80000000 -5.7000937140e+00 -2.1657911425e-15 0.0000000000e+00 -2.1657911425e-15 -5.7000937140e+00 0.0000000000e+00 0.0000000000e+00 0.0000000000e+00 -8.5072579696e-01
573.95200000 -5.6861385192e+00 -2.0855766557e-15 0.0000000000e+00 -2.0855766557e-15 -5.6861385192e+00 0.0000000000e+00 0.0000000000e+00 0.0000000000e+00 -8.4648037922e-01
574.10400000 -5.6722179184e+00 -2.0855766557e-15 0.0000000000e+00 -2.0855766557e-15 -5.6722179184e+00 0.0000000000e+00 0.0000000000e+00 0.0000000000e+00 -8.4224023553e-01
574.25600000 -5.6583317800e+00 -2.1657911425e-15 0.0000000000e+00 -2.1657911425e-15 -5.6583317800e+00 0.0000000000e+00 0.0000000000e+00 0.0000000000e+00 -8.3800535652e-01
574.40800000 -5.6444799734e+00 -2.1657911425e-15 0.0000000000e+00 -2.1657911425e-15 -5.6444799734e+00 0.0000000000e+00 0.0000000000e+00 0.0000000000e+00 -8.3377573285e-01
574.56000000 -5.6306623684e+00 -2.0855766557e-15 0.0000000000e+00 -2.0855766557e-15 -5.6306623684e+00 0.0000000000e+00 0.0000000000e+00 0.0000000000e+00 -8.2955135517e-01
574.71200000 -5.6168788356e+00 -2.1657911425e-15 0.0000000000e+00 -2.1657911425e-15 -5.6168788356e+00 0.0000000000e+00 0.0000000000e+00 0.0000000000e+00 -8.2533221417e-01
574.86400000 -5.6031292463e+00 -2.0855766557e-15 0.0000000000e+00 -2.0855766557e-15 -5.6031292463e+00 0.0000000000e+00 0.0000000000e+00 0.0000000000e+00 -8.2111830058e-01
575.01600000 -5.5894134724e+00 -2.1657911425e-15 0.0000000000e+00 -2.1657911425e-15 -5.5894134724e+00 0.0000000000e+00 0.0000000000e+00 0.0000000000e+00 -8.1690960513e-01
575.16800000 -5.5757313864e+00 -2.0855766557e-15 0.0000000000e+00 -2.0855766557e-15 -5.5757313864e+00 0.0000000000e+00 0.0000000000e+00 0.0000000000e+00 -8.1270611856e-01
575.32000000 -5.5620828616e+00 -2.1657911425e-15 0.0000000000e+00 -2.1657911425e-15 -5.5620828616e+00 0.0000000000e+00 0.0000000000e+00 0.0000000000e+00 -8.0850783166e-01
575.47200000 -5.5484677717e+00 -2.0855766557e-15 0.0000000000e+00 -2.0855766557e-15 -5.5484677717e+00 0.0000000000e+00 0.0000000000e+00 0.0000000000e+00 -8.0431473523e-01
575.62400000 -5.5348859913e+00 -2.0855766557e-15 0.0000000000e+00 -2.0855766557e-15 -5.5348859913e+00 0.0000000000e+00 0.0000000000e+00 0.0000000000e+00 -8.0012682009e-01
575.77600000 -5.5213373954e+00 -2.0855766557e-15 0.0000000000e+00 -2.0855766557e-15 -5.5213373954e+00 0.0000000000e+00 0.0000000000e+00 0.0000000000e+00 -7.9594407707e-01
575.92800000 -5.5078218598e+00 -2.0855766557e-15 0.0000000000e+00 -2.0855766557e-15 -5.5078218598e+00 0.0000000000e+00 0.0000000000e+00 0.0000000000e+00 -7.9176649704e-01
576.08000000 -5.4943392608e+00 -2.0855766557e-15 0.0000000000e+00 -2.0855766557e-15 -5.4943392608e+00 0.0000000000e+00 0.0000000000e+00 0.0000000000e+00 -7.8759407088e-01
576.23200000 -5.4808894756e+00 -2.0855766557e-15 0.0000000000e+00 -2.0855766557e-15 -5.4808894756e+00 0.0000000000e+00 0.0000000000e+00 0.0000000000e+00 -7.8342678951e-01
576.38400000 -5.4674723815e+00 -2.0855766557e-15 0.0000000000e+00 -2.0855766557e-15 -5.4674723815e+00 0.0000000000e+00 0.0000000000e+00 0.0000000000e+00 -7.7926464384e-01
576.53600000 -5.4540878570e+00 -2.0855766557e-15 0.0000000000e+00 -2.0855766557e-15 -5.4540878570e+00 0.0000000000e+00 0.0000000000e+00 0.0000000000e+00 -7.7510762482e-01
576.68800000 -5.4407357807e+00 -2.0855766557e-15 0.0000000000e+00 -2.0855766557e-15 -5.4407357807e+00 0.0000000000e+00 0.0000000000e+00 0.0000000000e+00 -7.7095572342e-01
576.84000000 -5.4274160322e+00 -2.0855766557e-15 0.0000000000e+00 -2.0855766557e-15 -5.4274160322e+00 0.0000000000e+00 0.0000000000e+00 0.0000000000e+00 -7.6680893063e-01
576.99200000 -5.4141284915e+00 -2.0855766557e-15 0.0000000000e+00 -2.0855766557e-15 -5.4141284915e+00 0.0000000000e+00 0.0000000000e+00 0.0000000000e+00 -7.6266723746e-01
577.14400000 -5.4008730392e+00 -2.0053621690e-15 0.0000000000e+00 -2.0053621690e-15 -5.4008730392e+00 0.0000000000e+00 0.0000000000e+00 0.0000000000e+00 -7.5853063494e-01
577.29600000 -5.3876495566e+00 -2.0855766557e-15 0.0000000000e+00 -2.0855766557e-15 -5.3876495566e+00 0.0000000000e+00 0.0000000000e+00 0.0000000000e+00 -7.5439911412e-01
577.44800000 -5.3744579255e+00 -2.0053621690e-15 0.0000000000e+00 -2.0053621690e-15 -5.3744579255e+00 0.0000000000e+00 0.0000000000e+00 0.0000000000e+00 -7.5027266608e-01
577.60000000 -5.3612980282e+00 -2.0855766557e-15 0.0000000000e+00 -2.0855766557e-15 -5.3612980282e+00 0.0000000000e+00 0.0000000000e+00 0.0000000000e+00 -7.4615128190e-01
577.75200000 -5.3481697479e+00 -2.0855766557e-15 0.0000000000e+00 -2.0855766557e-15 -5.3481697479e+00 0.0000000000e+00 0.0000000000e+00 0.0000000000e+00 -7.4203495270e-01
577.90400000 -5.3350729681e+00 -2.0053621690e-15 0.0000000000e+00 -2.0053621690e-15 -5.3350729681e+00 0.0000000000e+00 0.0000000000e+00 0.0000000000e+00 -7.3792366962e-01
578.05600000 -5.3220075729e+00 -2.0053621690e-15 0.0000000000e+00 -2.0053621690e-15 -5.3220075729e+00 0.0000000000e+00 0.0000000000e+00 0.0000000000e+00 -7.3381742380e-01
578.20800000 -5.3089734471e+00 -2.0053621690e-15 0.0000000000e+00 -2.0053621690e-15 -5.3089734471e+00 0.0000000000e+00 0.0000000000e+00 0.0000000000e+00 -7.2971620643e-01
578.36000000 -5.2959704759e+00 -2.0855766557e-15 0.0000000000e+00 -2.0855766557e-15 -5.2959704759e+00 0.0000000000e+00 0.0000000000e+00 0.0000000000e+00 -7.2562000869e-01
578.51200000 -5.2829985453e+00 -2.0053621690e-15 0.0000000000e+00 -2.0053621690e-15 -5.2829985453e+00 0.0000000000e+00 0.0000000000e+00 0.0000000000e+00 -7.2152882181e-01
578.66400000 -5.2700575416e+00 -2.0855766557e-15 0.0000000000e+00 -2.0855766557e-15 -5.2700575416e+00 0.0000000000e+00 0.0000000000e+00 0.0000000000e+00 -7.1744263702e-01
578.81600000 -5.2571473519e+00 -2.0855766557e-15 0.0000000000e+00 -2.0855766557e-15 -5.2571473519e+00 0.0000000000e+00 0.0000000000e+00 0.0000000000e+00 -7.1336144557e-01
578.96800000 -5.2442678637e+00 -2.0053621690e-15 0.0000000000e+00 -2.0053621690e-15 -5.2442678637e+00 0.0000000000e+00 0.0000000000e+00 0.0000000000e+00 -7.0928523874e-01
579.12000000 -5.2314189651e+00 -2.0053621690e-15 0.0000000000e+00 -2.0053621690e-15 -5.2314189651e+00 0.0000000000e+00 0.0000000000e+00 0.0000000000e+00 -7.0521400782e-01
579.27200000 -5.2186005447e+00 -2.0053621690e-15 0.0000000000e+00 -2.0053621690e-15 -5.2186005447e+00 0.0000000000e+00 0.0000000000e+00 0.0000000000e+00 -7.0114774414e-01
579.42400000 -5.2058124918e+00 -2.0053621690e-15 0.0000000000e+00 -2.0053621690e-15 -5.2058124918e+00 0.0000000000e+00 0.0000000000e+00 0.0000000000e+00 -6.9708643903e-01
579.57600000 -5.1930546960e+00 -2.0053621690e-15 0.0000000000e+00 -2.0053621690e-15 -5.1930546960e+00 0.0000000000e+00 0.0000000000e+00 0.0000000000e+00 -6.9303008384e-01
579.72800000 -5.1803270477e+00 -2.0053621690e-15 0.0000000000e+00 -2.0053621690e-15 -5.1803270477e+00 0.0000000000e+00 0.0000000000e+00 0.0000000000e+00 -6.8897866994e-01
579.88000000 -5.1676294376e+00 -2.0053621690e-15 0.0000000000e+00 -2.0053621690e-15 -5.1676294376e+00 0.0000000000e+00 0.0000000000e+00 0.0000000000e+00 -6.8493218874e-01
580.03200000 -5.1549617571e+00 -1.9251476822e-15 0.0000000000e+00 -1.9251476822e-15 -5.1549617571e+00 0.0000000000e+00 0.0000000000e+00 0.0000000000e+00 -6.8089063165e-01
580.18400000 -5.1423238980e+00 -1.9251476822e-15 0.0000000000e+00 -1.9251476822e-15 -5.1423238980e+00 0.0000000000e+00 0.0000000000e+00 0.0000000000e+00 -6.7685399010e-01
580.33600000 -5.1297157528e+00 -2.0053621690e-15 0.0000000000e+00 -2.0053621690e-15 -5.1297157528e+00 0.0000000000e+00 0.0000000000e+00 0.0000000000e+00 -6.7282225555e-01
580.48800000 -5.1171372143e+00 -1.9251476822e-15 0.0000000000e+00 -1.9251476822e-15 -5.1171372143e+00 0.0000000000e+00 0.0000000000e+00 0.0000000000e+00 -6.6879541947e-01
580.64000000 -5.1045881761e+00 -2.0053621690e-15 0.0000000000e+00 -2.0053621690e-15 -5.1045881761e+00 0.0000000000e+00 0.0000000000e+00 0.0000000000e+00 -6.6477347335e-01
580.79200000 -5.0920685320e+00 -2.0053621690e-15 0.0000000000e+00 -2.0053621690e-15 -5.0920685320e+00 0.0000000000e+00 0.0000000000e+00 0.0000000000e+00 -6.6075640870e-01
580.94400000 -5.0795781766e+00 -1.9251476822e-15 0.0000000000e+00 -1.9251476822e-15 -5.0795781766e+00 0.0000000000e+00 0.0000000000e+00 0.0000000000e+00 -6.5674421707e-01
581.09600000 -5.0671170048e+00 -2.0053621690e-15 0.0000000000e+00 -2.0053621690e-15 -5.0671170048e+00 0.0000000000e+00 0.0000000000e+00 0.0000000000e+00 -6.5273688999e-01
581.24800000 -5.0546849120e+00 -1.9251476822e-15 0.0000000000e+00 -1.9251476822e-15 -5.0546849120e+00 0.0000000000e+00 0.0000000000e+00 0.0000000000e+00 -6.4873441905e-01
581.40000000 -5.0422817944e+00 -1.9251476822e-15 0.0000000000e+00 -1.9251476822e-15 -5.0422817944e+00 0.0000000000e+00 0.0000000000e+00 0.0000000000e+00 -6.4473679582e-01
581.55200000 -5.0299075483e+00 -1.9251476822e-15 0.0000000000e+00 -1.9251476822e-15 -5.0299075483e+00 0.0000000000e+00 0.0000000000e+00 0.0000000000e+00 -6.4074401192e-01
581.70400000 -5.0175620708e+00 -1.9251476822e-15 0.0000000000e+00 -1.9251476822e-15 -5.0175620708e+00 0.0000000000e+00 0.0000000000e+00 0.0000000000e+00 -6.3675605898e-01
581.85600000 -5.0052452593e+00 -1.9251476822e-15 0.0000000000e+00 -1.9251476822e-15 -5.0052452593e+00 0.0000000000e+00 0.0000000000e+00 0.0000000000e+00 -6.3277292863e-01
582.00800000 -4.9929570118e+00 -1.9251476822e-15 0.0000000000e+00 -1.9251476822e-15 -4.9929570118e+00 0.0000000000e+00 0.0000000000e+00 0.0000000000e+00 -6.2879461256e-01
582.16000000 -4.9806972268e+00 -2.0053621690e-15 0.0000000000e+00 -2.0053621690e-15 -4.9806972268e+00 0.0000000000e+00 0.0000000000e+00 0.0000000000e+00 -6.2482110244e-01
582.31200000 -4.9684658033e+00 -1.9251476822e-15 0.0000000000e+00 -1.9251476822e-15 -4.9684658033e+00 0.0000000000e+00 0.0000000000e+00 0.0000000000e+00 -6.2085238998e-01
582.46400000 -4.9562626406e+00 -1.9251476822e-15 0.0000000000e+00 -1.9251476822e-15 -4.9562626406e+00 0.0000000000e+00 0.0000000000e+00 0.0000000000e+00 -6.1688846689e-01
582.61600000 -4.9440876387e+00 -1.9251476822e-15 0.0000000000e+00 -1.9251476822e-15 -4.9440876387e+00 0.0000000000e+00 0.0000000000e+00 0.0000000000e+00 -6.1292932493e-01
582.76800000 -4.9319406980e+00 -1.9251476822e-15 0.0000000000e+00 -1.9251476822e-15 -4.9319406980e+00 0.0000000000e+00 0.0000000000e+00 0.0000000000e+00 -6.0897495585e-01
582.92000000 -4.9198217193e+00 -1.9251476822e-15 0.0000000000e+00 -1.9251476822e-15 -4.9198217193e+00 0.0000000000e+00 0.0000000000e+00 0.0000000000e+00 -6.0502535143e-01
583.07200000 -4.9077306040e+00 -1.9251476822e-15 0.0000000000e+00 -1.9251476822e-15 -4.9077306040e+00 0.0000000000e+00 0.0000000000e+00 0.0000000000e+00 -6.0108050346e-01
583.22400000 -4.8956672538e+00 -1.9251476822e-15 0.0000000000e+00 -1.9251476822e-15 -4.8956672538e+00 0.0000000000e+00 0.0000000000e+00 0.0000000000e+00 -5.9714040377e-01
583.37600000 -4.8836315711e+00 -1.9251476822e-15 0.0000000000e+00 -1.9251476822e-15 -4.8836315711e+00 0.0000000000e+00 0.0000000000e+00 0.0000000000e+00 -5.9320504418e-01
583.52800000 -4.8716234586e+00 -1.9251476822e-15 0.0000000000e+00 -1.9251476822e-15 -4.8716234586e+00 0.0000000000e+00 0.0000000000e+00 0.0000000000e+00 -5.8927441655e-01
583.68000000 -4.8596428195e+00 -1.8449331955e-15 0.0000000000e+00 -1.8449331955e-15 -4.8596428195e+00 0.0000000000e+00 0.0000000000e+00 0.0000000000e+00 -5.8534851275e-01
583.83200000 -4.8476895574e+00 -1.8449331955e-15 0.0000000000e+00 -1.8449331955e-15 -4.8476895574e+00 0.0000000000e+00 0.0000000000e+00 0.0000000000e+00 -5.8142732468e-01
583.98400000 -4.8357635765e+00 -1.9251476822e-15 0.0000000000e+00 -1.9251476822e-15 -4.8357635765e+00 0.0000000000e+00 0.0000000000e+00 0.0000000000e+00 -5.7751084423e-01
584.13600000 -4.8238647813e+00 -1.8449331955e-15 0.0000000000e+00 -1.8449331955e-15 -4.8238647813e+00 0.0000000000e+00 0.0000000000e+00 0.0000000000e+00 -5.7359906334e-01
584.28800000 -4.8119930768e+00 -1.8449331955e-15 0.0000000000e+00 -1.8449331955e-15 -4.8119930768e+00 0.0000000000e+00 0.0000000000e+00 0.0000000000e+00 -5.6969197394e-01
584.44000000 -4.8001483684e+00 -1.8449331955e-15 0.0000000000e+00 -1.8449331955e-15 -4.8001483684e+00 0.0000000000e+00 0.0000000000e+00 0.0000000000e+00 -5.6578956801e-01
584.59200000 -4.7883305622e+00 -1.9251476822e-15 0.0000000000e+00 -1.9251476822e-15 -4.7883305622e+00 0.0000000000e+00 0.0000000000e+00 0.0000000000e+00 -5.6189183751e-01
584.74400000 -4.7765395644e+00 -1.9251476822e-15 0.0000000000e+00 -1.9251476822e-15 -4.7765395644e+00 0.0000000000e+00 0.0000000000e+00 0.0000000000e+00 -5.5799877446e-01
584.89600000 -4.7647752817e+00 -1.8449331955e-15 0.0000000000e+00 -1.8449331955e-15 -4.7647752817e+00 0.0000000000e+00 0.0000000000e+00 0.0000000000e+00 -5.5411037087e-01
585.04800000 -4.7530376216e+00 -1.8449331955e-15 0.0000000000e+00 -1.8449331955e-15 -4.7530376216e+00 0.0000000000e+00 0.0000000000e+00 0.0000000000e+00 -5.5022661876e-01
585.20000000 -4.7413264915e+00 -1.8449331955e-15 0.0000000000e+00 -1.8449331955e-15 -4.7413264915e+00 0.0000000000e+00 0.0000000000e+00 0.0000000000e+00 -5.4634751020e-01
585.35200000 -4.7296417995e+00 -1.8449331955e-15 0.0000000000e+00 -1.8449331955e-15 -4.7296417995e+00 0.0000000000e+00 0.0000000000e+00 0.0000000000e+00 -5.4247303726e-01
585.50400000 -4.7179834543e+00 -1.8449331955e-15 0.0000000000e+00 -1.8449331955e-15 -4.7179834543e+00 0.0000000000e+00 0.0000000000e+00 0.0000000000e+00 -5.3860319201e-01
585.65600000 -4.7063513647e+00 -1.8449331955e-15 0.0000000000e+00 -1.8449331955e-15 -4.7063513647e+00 0.0000000000e+00 0.0000000000e+00 0.0000000000e+00 -5.3473796657e-01
585.80800000 -4.6947454401e+00 -1.8449331955e-15 0.0000000000e+00 -1.8449331955e-15 -4.6947454401e+00 0.0000000000e+00 0.0000000000e+00 0.0000000000e+00 -5.3087735307e-01
585.96000000 -4.6831655903e+00 -1.8449331955e-15 0.0000000000e+00 -1.8449331955e-15 -4.6831655903e+00 0.0000000000e+00 0.0000000000e+00 0.0000000000e+00 -5.2702134364e-01
586.11200000 -4.6716117254e+00 -1.8449331955e-15 0.0000000000e+00 -1.8449331955e-15 -4.6716117254e+00 0.0000000000e+00 0.0000000000e+00 0.0000000000e+00 -5.2316993043e-01
586.26400000 -4.6600837562e+00 -1.9251476822e-15 0.0000000000e+00 -1.9251476822e-15 -4.6600837562e+00 0.0000000000e+00 0.0000000000e+00 0.0000000000e+00 -5.1932310564e-01
586.41600000 -4.6485815936e+00 -1.9251476822e-15 0.0000000000e+00 -1.9251476822e-15 -4.6485815936e+00 0.0000000000e+00 0.0000000000e+00 0.0000000000e+00 -5.1548086145e-01
586.56800000 -4.6371051492e+00 -1.8449331955e-15 0.0000000000e+00 -1.8449331955e-15 -4.6371051492e+00 0.0000000000e+00 0.0000000000e+00 0.0000000000e+00 -5.1164319007e-01
586.72000000 -4.6256543346e+00 -1.8449331955e-15 0.0000000000e+00 -1.8449331955e-15 -4.6256543346e+00 0.0000000000e+00 0.0000000000e+00 0.0000000000e+00 -5.0781008373e-01
586.87200000 -4.6142290624e+00 -1.8449331955e-15 0.0000000000e+00 -1.8449331955e-15 -4.6142290624e+00 0.0000000000e+00 0.0000000000e+00 0.0000000000e+00 -5.0398153468e-01
587.02400000 -4.6028292450e+00 -1.8449331955e-15 0.0000000000e+00 -1.8449331955e-15 -4.6028292450e+00 0.0000000000e+00 0.0000000000e+00 0.0000000000e+00 -5.0015753518e-01
587.17600000 -4.5914547956e+00 -1.7647187087e-15 0.0000000000e+00 -1.7647187087e-15 -4.5914547956e+00 0.0000000000e+00 0.0000000000e+00 0.0000000000e+00 -4.9633807751e-01
587.32800000 -4.5801056276e+00 -1.8449331955e-15 0.0000000000e+00 -1.8449331955e-15 -4.5801056276e+00 0.0000000000e+00 0.0000000000e+00 0.0000000000e+00 -4.9252315396e-01
587.48000000 -4.5687816550e+00 -1.9251476822e-15 0.0000000000e+00 -1.9251476822e-15 -4.5687816550e+00 0.0000000000e+00 0.0000000000e+00 0.0000000000e+00 -4.8871275687e-01
587.63200000 -4.5574827919e+00 -1.7647187087e-15 0.0000000000e+00 -1.7647187087e-15 -4.5574827919e+00 0.0000000000e+00 0.0000000000e+00 0.0000000000e+00 -4.8490687854e-01
587.78400000 -4.5462089531e+00 -1.9251476822e-15 0.0000000000e+00 -1.9251476822e-15 -4.5462089531e+00 0.0000000000e+00 0.0000000000e+00 0.0000000000e+00 -4.8110551135e-01
587.93600000 -4.5349600535e+00 -1.9251476822e-15 0.0000000000e+00 -1.9251476822e-15 -4.5349600535e+00 0.0000000000e+00 0.0000000000e+00 0.0000000000e+00 -4.7730864764e-01
588.08800000 -4.5237360087e+00 -1.7647187087e-15 0.0000000000e+00 -1.7647187087e-15 -4.5237360087e+00 0.0000000000e+00 0.0000000000e+00 0.0000000000e+00 -4.7351627981e-01
588.24000000 -4.5125367345e+00 -1.8449331955e-15 0.0000000000e+00 -1.8449331955e-15 -4.5125367345e+00 0.0000000000e+00 0.0000000000e+00 0.0000000000e+00 -4.6972840025e-01
588.39200000 -4.5013621470e+00 -1.8449331955e-15 0.0000000000e+00 -1.8449331955e-15 -4.5013621470e+00 0.0000000000e+00 0.0000000000e+00 0.0000000000e+00 -4.6594500138e-01
588.54400000 -4.4902121629e+00 -1.9251476822e-15 0.0000000000e+00 -1.9251476822e-15 -4.4902121629e+00 0.0000000000e+00 0.0000000000e+00 0.0000000000e+00 -4.6216607564e-01
588.69600000 -4.4790866991e+00 -1.9251476822e-15 0.0000000000e+00 -1.9251476822e-15 -4.4790866991e+00 0.0000000000e+00 0.0000000000e+00 0.0000000000e+00 -4.5839161547e-01
588.84800000 -4.4679856730e+00 -1.7647187087e-15 0.0000000000e+00 -1.7647187087e-15 -4.4679856730e+00 0.0000000000e+00 0.0000000000e+00 0.0000000000e+00 -4.5462161335e-01
589.00000000 -4.4569090024e+00 -1.9251476822e-15 0.0000000000e+00 -1.9251476822e-15 -4.4569090024e+00 0.0000000000e+00 0.0000000000e+00 0.0000000000e+00 -4.5085606175e-01
589.15200000 -4.4458566052e+00 -1.8449331955e-15 0.0000000000e+00 -1.8449331955e-15 -4.4458566052e+00 0.0000000000e+00 0.0000000000e+00 0.0000000000e+00 -4.4709495318e-01
589.30400000 -4.4348284000e+00 -1.7647187087e-15 0.0000000000e+00 -1.7647187087e-15 -4.4348284000e+00 0.0000000000e+00 0.0000000000e+00 0.0000000000e+00 -4.4333828015e-01
589.45600000 -4.4238243056e+00 -1.8449331955e-15 0.0000000000e+00 -1.8449331955e-15 -4.4238243056e+00 0.0000000000e+00 0.0000000000e+00 0.0000000000e+00 -4.3958603520e-01
589.60800000 -4.4128442412e+00 -1.8449331955e-15 0.0000000000e+00 -1.8449331955e-15 -4.4128442412e+00 0.0000000000e+00 0.0000000000e+00 0.0000000000e+00 -4.3583821088e-01
589.76000000 -4.4018881265e+00 -1.7647187087e-15 0.0000000000e+00 -1.7647187087e-15 -4.4018881265e+00 0.0000000000e+00 0.0000000000e+00 0.0000000000e+00 -4.3209479976e-01
589.91200000 -4.3909558812e+00 -1.8449331955e-15 0.0000000000e+00 -1.8449331955e-15 -4.3909558812e+00 0.0000000000e+00 0.0000000000e+00 0.0000000000e+00 -4.2835579441e-01
590.06400000 -4.3800474258e+00 -1.8449331955e-15 0.0000000000e+00 -1.8449331955e-15 -4.3800474258e+00 0.0000000000e+00 0.0000000000e+00 0.0000000000e+00 -4.2462118744e-01
590.21600000 -4.3691626809e+00 -1.7647187087e-15 0.0000000000e+00 -1.7647187087e-15 -4.3691626809e+00 0.0000000000e+00 0.0000000000e+00 0.0000000000e+00 -4.2089097146e-01
590.36800000 -4.3583015674e+00 -1.8449331955e-15 0.0000000000e+00 -1.8449331955e-15 -4.3583015674e+00 0.0000000000e+00 0.0000000000e+00 0.0000000000e+00 -4.1716513911e-01
590.52000000 -4.3474640068e+00 -1.7647187087e-15 0.0000000000e+00 -1.7647187087e-15 -4.3474640068e+00 0.0000000000e+00 0.0000000000e+00 0.0000000000e+00 -4.1344368303e-01
590.67200000 -4.3366499208e+00 -1.7647187087e-15 0.0000000000e+00 -1.7647187087e-15 -4.3366499208e+00 0.0000000000e+00 0.0000000000e+00 0.0000000000e+00 -4.0972659590e-01
590.82400000 -4.3258592314e+00 -1.8449331955e-15 0.0000000000e+00 -1.8449331955e-15 -4.3258592314e+00 0.0000000000e+00 0.0000000000e+00 0.0000000000e+00 -4.0601387038e-01
590.97600000 -4.3150918611e+00 -1.8449331955e-15 0.0000000000e+00 -1.8449331955e-15 -4.3150918611e+00 0.0000000000e+00 0.0000000000e+00 0.0000000000e+00 -4.0230549917e-01
591.12800000 -4.3043477326e+00 -1.8449331955e-15 0.0000000000e+00 -1.8449331955e-15 -4.3043477326e+00 0.0000000000e+00 0.0000000000e+00 0.0000000000e+00 -3.9860147500e-01
591.28000000 -4.2936267690e+00 -1.8449331955e-15 0.0000000000e+00 -1.8449331955e-15 -4.2936267690e+00 0.0000000000e+00 0.0000000000e+00 0.0000000000e+00 -3.9490179058e-01
591.43200000 -4.2829288939e+00 -1.7647187087e-15 0.0000000000e+00 -1.7647187087e-15 -4.2829288939e+00 0.0000000000e+00 0.0000000000e+00 0.0000000000e+00 -3.9120643867e-01
591.58400000 -4.2722540309e+00 -1.7647187087e-15 0.0000000000e+00 -1.7647187087e-15 -4.2722540309e+00 0.0000000000e+00 0.0000000000e+00 0.0000000000e+00 -3.8751541202e-01
591.73600000 -4.2616021042e+00 -1.8449331955e-15 0.0000000000e+00 -1.8449331955e-15 -4.2616021042e+00 0.0000000000e+00 0.0000000000e+00 0.0000000000e+00 -3.8382870341e-01
591.88800000 -4.2509730383e+00 -1.7647187087e-15 0.0000000000e+00 -1.7647187087e-15 -4.2509730383e+00 0.0000000000e+00 0.0000000000e+00 0.0000000000e+00 -3.8014630563e-01
592.04000000 -4.2403667580e+00 -1.7647187087e-15 0.0000000000e+00 -1.7647187087e-15 -4.2403667580e+00 0.0000000000e+00 0.0000000000e+00 0.0000000000e+00 -3.7646821149e-01
592.19200000 -4.2297831884e+00 -1.7647187087e-15 0.0000000000e+00 -1.7647187087e-15 -4.2297831884e+00 0.0000000000e+00 0.0000000000e+00 0.0000000000e+00 -3.7279441382e-01
592.34400000 -4.2192222550e+00 -1.8449331955e-15 0.0000000000e+00 -1.8449331955e-15 -4.2192222550e+00 0.0000000000e+00 0.0000000000e+00 0.0000000000e+00 -3.6912490545e-01
592.49600000 -4.2086838837e+00 -1.7647187087e-15 0.0000000000e+00 -1.7647187087e-15 -4.2086838837e+00 0.0000000000e+00 0.0000000000e+00 0.0000000000e+00 -3.6545967925e-01
592.64800000 -4.1981680004e+00 -1.6845042219e-15 0.0000000000e+00 -1.6845042219e-15 -4.1981680004e+00 0.0000000000e+00 0.0000000000e+00 0.0000000000e+00 -3.6179872807e-01
592.80000000 -4.1876745318e+00 -1.7647187087e-15 0.0000000000e+00 -1.7647187087e-15 -4.1876745318e+00 0.0000000000e+00 0.0000000000e+00 0.0000000000e+00 -3.5814204482e-01
592.95200000 -4.1772034045e+00 -1.7647187087e-15 0.0000000000e+00 -1.7647187087e-15 -4.1772034045e+00 0.0000000000e+00 0.0000000000e+00 0.0000000000e+00 -3.5448962238e-01
593.10400000 -4.1667545457e+00 -1.7647187087e-15 0.0000000000e+00 -1.7647187087e-15 -4.1667545457e+00 0.0000000000e+00 0.0000000000e+00 0.0000000000e+00 -3.5084145368e-01
593.25600000 -4.1563278828e+00 -1.7647187087e-15 0.0000000000e+00 -1.7647187087e-15 -4.1563278828e+00 0.0000000000e+00 0.0000000000e+00 0.0000000000e+00 -3.4719753166e-01
593.40800000 -4.1459233435e+00 -1.7647187087e-15 0.0000000000e+00 -1.7647187087e-15 -4.1459233435e+00 0.0000000000e+00 0.0000000000e+00 0.0000000000e+00 -3.4355784925e-01
593.56000000 -4.1355408559e+00 -1.7647187087e-15 0.0000000000e+00 -1.7647187087e-15 -4.1355408559e+00 0.0000000000e+00 0.0000000000e+00 0.0000000000e+00 -3.3992239943e-01
593.71200000 -4.1251803484e+00 -1.7647187087e-15 0.0000000000e+00 -1.7647187087e-15 -4.1251803484e+00 0.0000000000e+00 0.0000000000e+00 0.0000000000e+00 -3.3629117517e-01
593.86400000 -4.1148417496e+00 -1.7647187087e-15 0.0000000000e+00 -1.7647187087e-15 -4.1148417496e+00 0.0000000000e+00 0.0000000000e+00 0.0000000000e+00 -3.3266416947e-01
594.01600000 -4.1045249886e+00 -1.7647187087e-15 0.0000000000e+00 -1.7647187087e-15 -4.1045249886e+00 0.0000000000e+00 0.0000000000e+00 0.0000000000e+00 -3.2904137533e-01
594.16800000 -4.0942299947e+00 -1.7647187087e-15 0.0000000000e+00 -1.7647187087e-15 -4.0942299947e+00 0.0000000000e+00 0.0000000000e+00 0.0000000000e+00 -3.2542278579e-01
594.32000000 -4.0839566974e+00 -1.7647187087e-15 0.0000000000e+00 -1.7647187087e-15 -4.0839566974e+00 0.0000000000e+00 0.0000000000e+00 0.0000000000e+00 -3.2180839389e-01
594.47200000 -4.0737050268e+00 -1.7647187087e-15 0.0000000000e+00 -1.7647187087e-15 -4.0737050268e+00 0.0000000000e+00 0.0000000000e+00 0.0000000000e+00 -3.1819819267e-01
594.62400000 -4.0634749130e+00 -1.7647187087e-15 0.0000000000e+00 -1.7647187087e-15 -4.0634749130e+00 0.0000000000e+00 0.0000000000e+00 0.0000000000e+00 -3.1459217521e-01
594.77600000 -4.0532662866e+00 -1.7647187087e-15 0.0000000000e+00 -1.7647187087e-15 -4.0532662866e+00 0.0000000000e+00 0.0000000000e+00 0.0000000000e+00 -3.1099033460e-01
594.92800000 -4.0430790785e+00 -1.7647187087e-15 0.0000000000e+00 -1.7647187087e-15 -4.0430790785e+00 0.0000000000e+00 0.0000000000e+00 0.0000000000e+00 -3.0739266393e-01
595.08000000 -4.0329132197e+00 -1.7647187087e-15 0.0000000000e+00 -1.7647187087e-15 -4.0329132197e+00 0.0000000000e+00 0.0000000000e+00 0.0000000000e+00 -3.0379915632e-01
595.23200000 -4.0227686417e+00 -1.7647187087e-15 0.0000000000e+00 -1.7647187087e-15 -4.0227686417e+00 0.0000000000e+00 0.0000000000e+00 0.0000000000e+00 -3.0020980490e-01
595.38400000 -4.0126452762e+00 -1.7647187087e-15 0.0000000000e+00 -1.7647187087e-15 -4.0126452762e+00 0.0000000000e+00 0.0000000000e+00 0.0000000000e+00 -2.9662460282e-01
595.53600000 -4.0025430553e+00 -1.7647187087e-15 0.0000000000e+00 -1.7647187087e-15 -4.0025430553e+00 0.0000000000e+00 0.0000000000e+00 0.0000000000e+00 -2.9304354323e-01
595.68800000 -3.9924619112e+00 -1.6845042219e-15 0.0000000000e+00 -1.6845042219e-15 -3.9924619112e+00 0.0000000000e+00 0.0000000000e+00 0.0000000000e+00 -2.8946661932e-01
595.84000000 -3.9824017767e+00 -1.7647187087e-15 0.0000000000e+00 -1.7647187087e-15 -3.9824017767e+00 0.0000000000e+00 0.0000000000e+00 0.0000000000e+00 -2.8589382427e-01
595.99200000 -3.9723625846e+00 -1.7647187087e-15 0.0000000000e+00 -1.7647187087e-15 -3.9723625846e+00 0.0000000000e+00 0.0000000000e+00 0.0000000000e+00 -2.8232515128e-01
596.14400000 -3.9623442681e+00 -1.7647187087e-15 0.0000000000e+00 -1.7647187087e-15 -3.9623442681e+00 0.0000000000e+00 0.0000000000e+00 0.0000000000e+00 -2.7876059358e-01
596.29600000 -3.9523467607e+00 -1.6845042219e-15 0.0000000000e+00 -1.6845042219e-15 -3.9523467607e+00 0.0000000000e+00 0.0000000000e+00 0.0000000000e+00 -2.7520014439e-01
596.44800000 -3.9423699961e+00 -1.7647187087e-15 0.0000000000e+00 -1.7647187087e-15 -3.9423699961e+00 0.0000000000e+00 0.0000000000e+00 0.0000000000e+00 -2.7164379698e-01
596.60000000 -3.9324139084e+00 -1.7647187087e-15 0.0000000000e+00 -1.7647187087e-15 -3.9324139084e+00 0.0000000000e+00 0.0000000000e+00 0.0000000000e+00 -2.6809154459e-01
596.75200000 -3.9224784320e+00 -1.7647187087e-15 0.0000000000e+00 -1.7647187087e-15 -3.9224784320e+00 0.0000000000e+00 0.0000000000e+00 0.0000000000e+00 -2.6454338051e-01
596.90400000 -3.9125635015e+00 -1.6845042219e-15 0.0000000000e+00 -1.6845042219e-15 -3.9125635015e+00 0.0000000000e+00 0.0000000000e+00 0.0000000000e+00 -2.6099929803e-01
597.05600000 -3.9026690517e+00 -1.7647187087e-15 0.0000000000e+00 -1.7647187087e-15 -3.9026690517e+00 0.0000000000e+00 0.0000000000e+00 0.0000000000e+00 -2.5745929045e-01
597.20800000 -3.8927950178e+00 -1.6845042219e-15 0.0000000000e+00 -1.6845042219e-15 -3.8927950178e+00 0.0000000000e+00 0.0000000000e+00 0.0000000000e+00 -2.5392335111e-01
597.36000000 -3.8829413353e+00 -1.7647187087e-15 0.0000000000e+00 -1.7647187087e-15 -3.8829413353e+00 0.0000000000e+00 0.0000000000e+00 0.0000000000e+00 -2.5039147332e-01
597.51200000 -3.8731079400e+00 -1.7647187087e-15 0.0000000000e+00 -1.7647187087e-15 -3.8731079400e+00 0.0000000000e+00 0.0000000000e+00 0.0000000000e+00 -2.4686365044e-01
597.66400000 -3.8632947677e+00 -1.6845042219e-15 0.0000000000e+00 -1.6845042219e-15 -3.8632947677e+00 0.0000000000e+00 0.0000000000e+00 0.0000000000e+00 -2.4333987584e-01
597.81600000 -3.8535017549e+00 -1.6845042219e-15 0.0000000000e+00 -1.6845042219e-15 -3.8535017549e+00 0.0000000000e+00 0.0000000000e+00 0.0000000000e+00 -2.3982014289e-01
597.96800000 -3.8437288380e+00 -1.6845042219e-15 0.0000000000e+00 -1.6845042219e-15 -3.8437288380e+00 0.0000000000e+00 0.0000000000e+00 0.0000000000e+00 -2.3630444499e-01
598.12000000 -3.8339759539e+00 -1.7647187087e-15 0.0000000000e+00 -1.7647187087e-15 -3.8339759539e+00 0.0000000000e+00 0.0000000000e+00 0.0000000000e+00 -2.3279277554e-01
598.27200000 -3.8242430396e+00 -1.6845042219e-15 0.0000000000e+00 -1.6845042219e-15 -3.8242430396e+00 0.0000000000e+00 0.0000000000e+00 0.0000000000e+00 -2.2928512796e-01
598.42400000 -3.8145300324e+00 -1.6845042219e-15 0.0000000000e+00 -1.6845042219e-15 -3.8145300324e+00 0.0000000000e+00 0.0000000000e+00 0.0000000000e+00 -2.2578149569e-01
598.57600000 -3.8048368701e+00 -1.6845042219e-15 0.0000000000e+00 -1.6845042219e-15 -3.8048368701e+00 0.0000000000e+00 0.0000000000e+00 0.0000000000e+00 -2.2228187217e-01
598.72800000 -3.7951634905e+00 -1.6845042219e-15 0.0000000000e+00 -1.6845042219e-15 -3.7951634905e+00 0.0000000000e+00 0.0000000000e+00 0.0000000000e+00 -2.1878625088e-01
598.88000000 -3.7855098317e+00 -1.6845042219e-15 0.0000000000e+00 -1.6845042219e-15 -3.7855098317e+00 0.0000000000e+00 0.0000000000e+00 0.0000000000e+00 -2.1529462528e-01
599.03200000 -3.7758758321e+00 -1.6845042219e-15 0.0000000000e+00 -1.6845042219e-15 -3.7758758321e+00 0.0000000000e+00 0.0000000000e+00 0.0000000000e+00 -2.1180698886e-01
599.18400000 -3.7662614304e+00 -1.6042897352e-15 0.0000000000e+00 -1.6042897352e-15 -3.7662614304e+00 0.0000000000e+00 0.0000000000e+00 0.0000000000e+00 -2.0832333514e-01
599.33600000 -3.7566665656e+00 -1.6845042219e-15 0.0000000000e+00 -1.6845042219e-15 -3.7566665656e+00 0.0000000000e+00 0.0000000000e+00 0.0000000000e+00 -2.0484365763e-01
599.48800000 -3.7470911767e+00 -1.6845042219e-15 0.0000000000e+00 -1.6845042219e-15 -3.7470911767e+00 0.0000000000e+00 0.0000000000e+00 0.0000000000e+00 -2.0136794986e-01
599.64000000 -3.7375352032e+00 -1.6845042219e-15 0.0000000000e+00 -1.6845042219e-15 -3.7375352032e+00 0.0000000000e+00 0.0000000000e+00 0.0000000000e+00 -1.9789620537e-01
599.79200000 -3.7279985848e+00 -1.6845042219e-15 0.0000000000e+00 -1.6845042219e-15 -3.7279985848e+00 0.0000000000e+00 0.0000000000e+00 0.0000000000e+00 -1.9442841774e-01
599.94400000 -3.7184812615e+00 -1.6845042219e-15 0.0000000000e+00 -1.6845042219e-15 -3.7184812615e+00 0.0000000000e+00 0.0000000000e+00 0.0000000000e+00 -1.9096458053e-01
600.09600000 -3.7089831735e+00 -1.6042897352e-15 0.0000000000e+00 -1.6042897352e-15 -3.7089831735e+00 0.0000000000e+00 0.0000000000e+00 0.0000000000e+00 -1.8750468732e-01
600.24800000 -3.6995042611e+00 -1.6845042219e-15 0.0000000000e+00 -1.6845042219e-15 -3.6995042611e+00 0.0000000000e+00 0.0000000000e+00 0.0000000000e+00 -1.8404873173e-01
600.40000000 -3.6900444651e+00 -1.6845042219e-15 0.0000000000e+00 -1.6845042219e-15 -3.6900444651e+00 0.0000000000e+00 0.0000000000e+00 0.0000000000e+00 -1.8059670737e-01
600.55200000 -3.6806037264e+00 -1.6042897352e-15 0.0000000000e+00 -1.6042897352e-15 -3.6806037264e+00 0.0000000000e+00 0.0000000000e+00 0.0000000000e+00 -1.7714860786e-01
600.70400000 -3.6711819863e+00 -1.6042897352e-15 0.0000000000e+00 -1.6042897352e-15 -3.6711819863e+00 0.0000000000e+00 0.0000000000e+00 0.0000000000e+00 -1.7370442684e-01
600.85600000 -3.6617791860e+00 -1.6042897352e-15 0.0000000000e+00 -1.6042897352e-15 -3.6617791860e+00 0.0000000000e+00 0.0000000000e+00 0.0000000000e+00 -1.7026415797e-01
601.00800000 -3.6523952674e+00 -1.6042897352e-15 0.0000000000e+00 -1.6042897352e-15 -3.6523952674e+00 0.0000000000e+00 0.0000000000e+00 0.0000000000e+00 -1.6682779493e-01
601.16000000 -3.6430301722e+00 -1.6042897352e-15 0.0000000000e+00 -1.6042897352e-15 -3.6430301722e+00 0.0000000000e+00 0.0000000000e+00 0.0000000000e+00 -1.6339533139e-01
601.31200000 -3.6336838428e+00 -1.6042897352e-15 0.0000000000e+00 -1.6042897352e-15 -3.6336838428e+00 0.0000000000e+00 0.0000000000e+00 0.0000000000e+00 -1.5996676104e-01
601.46400000 -3.6243562214e+00 -1.6845042219e-15 0.0000000000e+00 -1.6845042219e-15 -3.6243562214e+00 0.0000000000e+00 0.0000000000e+00 0.0000000000e+00 -1.5654207761e-01
601.61600000 -3.6150472508e+00 -1.6042897352e-15 0.0000000000e+00 -1.6042897352e-15 -3.6150472508e+00 0.0000000000e+00 0.0000000000e+00 0.0000000000e+00 -1.5312127480e-01
601.76800000 -3.6057568737e+00 -1.6042897352e-15 0.0000000000e+00 -1.6042897352e-15 -3.6057568737e+00 0.0000000000e+00 0.0000000000e+00 0.0000000000e+00 -1.4970434636e-01
601.92000000 -3.5964850334e+00 -1.6042897352e-15 0.0000000000e+00 -1.6042897352e-15 -3.5964850334e+00 0.0000000000e+00 0.0000000000e+00 0.0000000000e+00 -1.4629128603e-01
602.07200000 -3.5872316731e+00 -1.6042897352e-15 0.0000000000e+00 -1.6042897352e-15 -3.5872316731e+00 0.0000000000e+00 0.0000000000e+00 0.0000000000e+00 -1.4288208758e-01
602.22400000 -3.5779967364e+00 -1.6845042219e-15 0.0000000000e+00 -1.6845042219e-15 -3.5779967364e+00 0.0000000000e+00 0.0000000000e+00 0.0000000000e+00 -1.3947674478e-01
602.37600000 -3.5687801671e+00 -1.6042897352e-15 0.0000000000e+00 -1.6042897352e-15 -3.5687801671e+00 0.0000000000e+00 0.0000000000e+00 0.0000000000e+00 -1.3607525142e-01
602.52800000 -3.5595819094e+00 -1.6042897352e-15 0.0000000000e+00 -1.6042897352e-15 -3.5595819094e+00 0.0000000000e+00 0.0000000000e+00 0.0000000000e+00 -1.3267760131e-01
602.68000000 -3.5504019074e+00 -1.6042897352e-15 0.0000000000e+00 -1.6042897352e-15 -3.5504019074e+00 0.0000000000e+00 0.0000000000e+00 0.0000000000e+00 -1.2928378825e-01
602.83200000 -3.5412401056e+00 -1.6042897352e-15 0.0000000000e+00 -1.6042897352e-15 -3.5412401056e+00 0.0000000000e+00 0.0000000000e+00 0.0000000000e+00 -1.2589380608e-01
602.98400000 -3.5320964488e+00 -1.6042897352e-15 0.0000000000e+00 -1.6042897352e-15 -3.5320964488e+00 0.0000000000e+00 0.0000000000e+00 0.0000000000e+00 -1.2250764864e-01
603.13600000 -3.5229708820e+00 -1.6042897352e-15 0.0000000000e+00 -1.6042897352e-15 -3.5229708820e+00 0.0000000000e+00 0.0000000000e+00 0.0000000000e+00 -1.1912530977e-01
603.28800000 -3.5138633503e+00 -1.6042897352e-15 0.0000000000e+00 -1.6042897352e-15 -3.5138633503e+00 0.0000000000e+00 0.0000000000e+00 0.0000000000e+00 -1.1574678336e-01
603.44000000 -3.5047737991e+00 -1.6042897352e-15 0.0000000000e+00 -1.6042897352e-15 -3.5047737991e+00 0.0000000000e+00 0.0000000000e+00 0.0000000000e+00 -1.1237206327e-01
603.59200000 -3.4957021741e+00 -1.6042897352e-15 0.0000000000e+00 -1.6042897352e-15 -3.4957021741e+00 0.0000000000e+00 0.0000000000e+00 0.0000000000e+00 -1.0900114340e-01
603.74400000 -3.4866484211e+00 -1.6042897352e-15 0.0000000000e+00 -1.6042897352e-15 -3.4866484211e+00 0.0000000000e+00 0.0000000000e+00 0.0000000000e+00 -1.0563401766e-01
603.89600000 -3.4776124862e+00 -1.6042897352e-15 0.0000000000e+00 -1.6042897352e-15 -3.4776124862e+00 0.0000000000e+00 0.0000000000e+00 0.0000000000e+00 -1.0227067996e-01
604.04800000 -3.4685943157e+00 -1.6042897352e-15 0.0000000000e+00 -1.6042897352e-15 -3.4685943157e+00 0.0000000000e+00 0.0000000000e+00 0.0000000000e+00 -9.8911124233e-02
604.20000000 -3.4595938561e+00 -1.6042897352e-15 0.0000000000e+00 -1.6042897352e-15 -3.4595938561e+00 0.0000000000e+00 0.0000000000e+00 0.0000000000e+00 -9.5555344429e-02
604.35200000 -3.4506110541e+00 -1.5240752484e-15 0.0000000000e+00 -1.5240752484e-15 -3.4506110541e+00 0.0000000000e+00 0.0000000000e+00 0.0000000000e+00 -9.2203334500e-02
604.50400000 -3.4416458566e+00 -1.5240752484e-15 0.0000000000e+00 -1.5240752484e-15 -3.4416458566e+00 0.0000000000e+00 0.0000000000e+00 0.0000000000e+00 -8.8855088418e-02
604.65600000 -3.4326982109e+00 -1.6042897352e-15 0.0000000000e+00 -1.6042897352e-15 -3.4326982109e+00 0.0000000000e+00 0.0000000000e+00 0.0000000000e+00 -8.5510600162e-02
604.80800000 -3.4237680643e+00 -1.6042897352e-15 0.0000000000e+00 -1.6042897352e-15 -3.4237680643e+00 0.0000000000e+00 0.0000000000e+00 0.0000000000e+00 -8.2169863729e-02
604.96000000 -3.4148553644e+00 -1.6042897352e-15 0.0000000000e+00 -1.6042897352e-15 -3.4148553644e+00 0.0000000000e+00 0.0000000000e+00 0.0000000000e+00 -7.8832873125e-02
605.11200000 -3.4059600589e+00 -1.5240752484e-15 0.0000000000e+00 -1.5240752484e-15 -3.4059600589e+00 0.0000000000e+00 0.0000000000e+00 0.0000000000e+00 -7.5499622370e-02
605.26400000 -3.3970820960e+00 -1.6042897352e-15 0.0000000000e+00 -1.6042897352e-15 -3.3970820960e+00 0.0000000000e+00 0.0000000000e+00 0.0000000000e+00 -7.2170105497e-02
605.41600000 -3.3882214238e+00 -1.6042897352e-15 0.0000000000e+00 -1.6042897352e-15 -3.3882214238e+00 0.0000000000e+00 0.0000000000e+00 0.0000000000e+00 -6.8844316551e-02
605.56800000 -3.3793779907e+00 -1.6042897352e-15 0.0000000000e+00 -1.6042897352e-15 -3.3793779907e+00 0.0000000000e+00 0.0000000000e+00 0.0000000000e+00 -6.5522249588e-02
605.72000000 -3.3705517455e+00 -1.6042897352e-15 0.0000000000e+00 -1.6042897352e-15 -3.3705517455e+00 0.0000000000e+00 0.0000000000e+00 0.0000000000e+00 -6.2203898679e-02
605.87200000 -3.3617426368e+00 -1.6042897352e-15 0.0000000000e+00 -1.6042897352e-15 -3.3617426368e+00 0.0000000000e+00 0.0000000000e+00 0.0000000000e+00 -5.8889257905e-02
606.02400000 -3.3529506139e+00 -1.6042897352e-15 0.0000000000e+00 -1.6042897352e-15 -3.3529506139e+00 0.0000000000e+00 0.0000000000e+00 0.0000000000e+00 -5.5578321362e-02
606.17600000 -3.3441756259e+00 -1.6042897352e-15 0.0000000000e+00 -1.6042897352e-15 -3.3441756259e+00 0.0000000000e+00 0.0000000000e+00 0.0000000000e+00 -5.2271083156e-02
606.32800000 -3.3354176223e+00 -1.5240752484e-15 0.0000000000e+00 -1.5240752484e-15 -3.3354176223e+00 0.0000000000e+00 0.0000000000e+00 0.0000000000e+00 -4.8967537406e-02
606.48000000 -3.3266765527e+00 -1.5240752484e-15 0.0000000000e+00 -1.5240752484e-15 -3.3266765527e+00 0.0000000000e+00 0.0000000000e+00 0.0000000000e+00 -4.5667678244e-02
606.63200000 -3.3179523670e+00 -1.6042897352e-15 0.0000000000e+00 -1.6042897352e-15 -3.3179523670e+00 0.0000000000e+00 0.0000000000e+00 0.0000000000e+00 -4.2371499813e-02
606.78400000 -3.3092450154e+00 -1.6042897352e-15 0.0000000000e+00 -1.6042897352e-15 -3.3092450154e+00 0.0000000000e+00 0.0000000000e+00 0.0000000000e+00 -3.9078996269e-02
606.93600000 -3.3005544480e+00 -1.5240752484e-15 0.0000000000e+00 -1.5240752484e-15 -3.3005544480e+00 0.0000000000e+00 0.0000000000e+00 0.0000000000e+00 -3.5790161780e-02
607.08800000 -3.2918806153e+00 -1.5240752484e-15 0.0000000000e+00 -1.5240752484e-15 -3.2918806153e+00 0.0000000000e+00 0.0000000000e+00 0.0000000000e+00 -3.2504990526e-02
607.24000000 -3.2832234679e+00 -1.5240752484e-15 0.0000000000e+00 -1.5240752484e-15 -3.2832234679e+00 0.0000000000e+00 0.0000000000e+00 0.0000000000e+00 -2.9223476700e-02
607.39200000 -3.2745829568e+00 -1.5240752484e-15 0.0000000000e+00 -1.5240752484e-15 -3.2745829568e+00 0.0000000000e+00 0.0000000000e+00 0.0000000000e+00 -2.5945614506e-02
607.54400000 -3.2659590329e+00 -1.5240752484e-15 0.0000000000e+00 -1.5240752484e-15 -3.2659590329e+00 0.0000000000e+00 0.0000000000e+00 0.0000000000e+00 -2.2671398161e-02
607.69600000 -3.2573516476e+00 -1.5240752484e-15 0.0000000000e+00 -1.5240752484e-15 -3.2573516476e+00 0.0000000000e+00 0.0000000000e+00 0.0000000000e+00 -1.9400821892e-02
607.84800000 -3.2487607522e+00 -1.5240752484e-15 0.0000000000e+00 -1.5240752484e-15 -3.2487607522e+00 0.0000000000e+00 0.0000000000e+00 0.0000000000e+00 -1.6133879940e-02
608.00000000 -3.2401862984e+00 -1.5240752484e-15 0.0000000000e+00 -1.5240752484e-15 -3.2401862984e+00 0.0000000000e+00 0.0000000000e+00 0.0000000000e+00 -1.2870566558e-02
608.15200000 -3.2316282380e+00 -1.5240752484e-15 0.0000000000e+00 -1.5240752484e-15 -3.2316282380e+00 0.0000000000e+00 0.0000000000e+00 0.0000000000e+00 -9.6108760096e-03
608.30400000 -3.2230865230e+00 -1.5240752484e-15 0.0000000000e+00 -1.5240752484e-15 -3.2230865230e+00 0.0000000000e+00 0.0000000000e+00 0.0000000000e+00 -6.3548025714e-03
608.45600000 -3.2145611057e+00 -1.5240752484e-15 0.0000000000e+00 -1.5240752484e-15 -3.2145611057e+00 0.0000000000e+00 0.0000000000e+00 0.0000000000e+00 -3.1023405312e-03
608.60800000 -3.2060519383e+00 -1.5240752484e-15 0.0000000000e+00 -1.5240752484e-15 -3.2060519383e+00 0.0000000000e+00 0.0000000000e+00 0.0000000000e+00 1.4651581103e-04
608.76000000 -3.1975589736e+00 -1.5240752484e-15 0.0000000000e+00 -1.5240752484e-15 -3.1975589736e+00 0.0000000000e+00 0.0000000000e+00 0.0000000000e+00 3.3917721436e-03
608.91200000 -3.1890821642e+00 -1.5240752484e-15 0.0000000000e+00 -1.5240752484e-15 -3.1890821642e+00 0.0000000000e+00 0.0000000000e+00 0.0000000000e+00 6.6334341431e-03
609.06400000 -3.1806214632e+00 -1.4438607617e-15 0.0000000000e+00 -1.4438607617e-15 -3.1806214632e+00 0.0000000000e+00 0.0000000000e+00 0.0000000000e+00 9.8715074743e-03
609.21600000 -3.1721768236e+00 -1.5240752484e-15 0.0000000000e+00 -1.5240752484e-15 -3.1721768236e+00 0.0000000000e+00 0.0000000000e+00 0.0000000000e+00 1.3105997790e-02
609.36800000 -3.1637481988e+00 -1.4438607617e-15 0.0000000000e+00 -1.4438607617e-15 -3.1637481988e+00 0.0000000000e+00 0.0000000000e+00 0.0000000000e+00 1.6336910733e-02
609.52000000 -3.1553355423e+00 -1.5240752484e-15 0.0000000000e+00 -1.5240752484e-15 -3.1553355423e+00 0.0000000000e+00 0.0000000000e+00 0.0000000000e+00 1.9564251931e-02
609.67200000 -3.1469388077e+00 -1.5240752484e-15 0.0000000000e+00 -1.5240752484e-15 -3.1469388077e+00 0.0000000000e+00 0.0000000000e+00 0.0000000000e+00 2.2788027003e-02
609.82400000 -3.1385579491e+00 -1.5240752484e-15 0.0000000000e+00 -1.5240752484e-15 -3.1385579491e+00 0.0000000000e+00 0.0000000000e+00 0.0000000000e+00 2.6008241556e-02
609.97600000 -3.1301929203e+00 -1.5240752484e-15 0.0000000000e+00 -1.5240752484e-15 -3.1301929203e+00 0.0000000000e+00 0.0000000000e+00 0.0000000000e+00 2.9224901185e-02
610.12800000 -3.1218436756e+00 -1.4438607617e-15 0.0000000000e+00 -1.4438607617e-15 -3.1218436756e+00 0.0000000000e+00 0.0000000000e+00 0.0000000000e+00 3.2438011473e-02
610.28000000 -3.1135101695e+00 -1.5240752484e-15 0.0000000000e+00 -1.5240752484e-15 -3.1135101695e+00 0.0000000000e+00 0.0000000000e+00 0.0000000000e+00 3.5647577992e-02
610.43200000 -3.1051923565e+00 -1.5240752484e-15 0.0000000000e+00 -1.5240752484e-15 -3.1051923565e+00 0.0000000000e+00 0.0000000000e+00 0.0000000000e+00 3.8853606302e-02
610.58400000 -3.0968901914e+00 -1.5240752484e-15 0.0000000000e+00 -1.5240752484e-15 -3.0968901914e+00 0.0000000000e+00 0.0000000000e+00 0.0000000000e+00 4.2056101953e-02
610.73600000 -3.0886036291e+00 -1.5240752484e-15 0.0000000000e+00 -1.5240752484e-15 -3.0886036291e+00 0.0000000000e+00 0.0000000000e+00 0.0000000000e+00 4.5255070482e-02
610.88800000 -3.0803326248e+00 -1.4438607617e-15 0.0000000000e+00 -1.4438607617e-15 -3.0803326248e+00 0.0000000000e+00 0.0000000000e+00 0.0000000000e+00 4.8450517416e-02
611.04000000 -3.0720771337e+00 -1.4438607617e-15 0.0000000000e+00 -1.4438607617e-15 -3.0720771337e+00 0.0000000000e+00 0.0000000000e+00 0.0000000000e+00 5.1642448269e-02
611.19200000 -3.0638371113e+00 -1.5240752484e-15 0.0000000000e+00 -1.5240752484e-15 -3.0638371113e+00 0.0000000000e+00 0.0000000000e+00 0.0000000000e+00 5.4830868545e-02
611.34400000 -3.0556125132e+00 -1.5240752484e-15 0.0000000000e+00 -1.5240752484e-15 -3.0556125132e+00 0.0000000000e+00 0.0000000000e+00 0.0000000000e+00 5.8015783737e-02
611.49600000 -3.0474032953e+00 -1.4438607617e-15 0.0000000000e+00 -1.4438607617e-15 -3.0474032953e+00 0.0000000000e+00 0.0000000000e+00 0.0000000000e+00 6.1197199324e-02
611.64800000 -3.0392094135e+00 -1.5240752484e-15 0.0000000000e+00 -1.5240752484e-15 -3.0392094135e+00 0.0000000000e+00 0.0000000000e+00 0.0000000000e+00 6.4375120777e-02
611.80000000 -3.0310308241e+00 -1.4438607617e-15 0.0000000000e+00 -1.4438607617e-15 -3.0310308241e+00 0.0000000000e+00 0.0000000000e+00 0.0000000000e+00 6.7549553555e-02
611.95200000 -3.0228674832e+00 -1.4438607617e-15 0.0000000000e+00 -1.4438607617e-15 -3.0228674832e+00 0.0000000000e+00 0.0000000000e+00 0.0000000000e+00 7.0720503105e-02
612.10400000 -3.0147193473e+00 -1.4438607617e-15 0.0000000000e+00 -1.4438607617e-15 -3.0147193473e+00 0.0000000000e+00 0.0000000000e+00 0.0000000000e+00 7.3887974863e-02
612.25600000 -3.0065863733e+00 -1.4438607617e-15 0.0000000000e+00 -1.4438607617e-15 -3.0065863733e+00 0.0000000000e+00 0.0000000000e+00 0.0000000000e+00 7.7051974253e-02
612.40800000 -2.9984685178e+00 -1.4438607617e-15 0.0000000000e+00 -1.4438607617e-15 -2.9984685178e+00 0.0000000000e+00 0.0000000000e+00 0.0000000000e+00 8.0212506691e-02
612.56000000 -2.9903657378e+00 -1.5240752484e-15 0.0000000000e+00 -1.5240752484e-15 -2.9903657378e+00 0.0000000000e+00 0.0000000000e+00 0.0000000000e+00 8.3369577579e-02
612.71200000 -2.9822779906e+00 -1.4438607617e-15 0.0000000000e+00 -1.4438607617e-15 -2.9822779906e+00 0.0000000000e+00 0.0000000000e+00 0.0000000000e+00 8.6523192308e-02
612.86400000 -2.9742052334e+00 -1.4438607617e-15 0.0000000000e+00 -1.4438607617e-15 -2.9742052334e+00 0.0000000000e+00 0.0000000000e+00 0.0000000000e+00 8.9673356261e-02
613.01600000 -2.9661474237e+00 -1.5240752484e-15 0.0000000000e+00 -1.5240752484e-15 -2.9661474237e+00 0.0000000000e+00 0.0000000000e+00 0.0000000000e+00 9.2820074805e-02
613.16800000 -2.9581045192e+00 -1.4438607617e-15 0.0000000000e+00 -1.4438607617e-15 -2.9581045192e+00 0.0000000000e+00 0.0000000000e+00 0.0000000000e+00 9.5963353302e-02
613.32000000 -2.9500764777e+00 -1.4438607617e-15 0.0000000000e+00 -1.4438607617e-15 -2.9500764777e+00 0.0000000000e+00 0.0000000000e+00 0.0000000000e+00 9.9103197097e-02
613.47200000 -2.9420632570e+00 -1.3636462749e-15 0.0000000000e+00 -1.3636462749e-15 -2.9420632570e+00 0.0000000000e+00 0.0000000000e+00 0.0000000000e+00 1.0223961153e-01
613.62400000 -2.9340648155e+00 -1.3636462749e-15 0.0000000000e+00 -1.3636462749e-15 -2.9340648155e+00 0.0000000000e+00 0.0000000000e+00 0.0000000000e+00 1.0537260192e-01
613.77600000 -2.9260811113e+00 -1.4438607617e-15 0.0000000000e+00 -1.4438607617e-15 -2.9260811113e+00 0.0000000000e+00 0.0000000000e+00 0.0000000000e+00 1.0850217360e-01
613.92800000 -2.9181121030e+00 -1.3636462749e-15 0.0000000000e+00 -1.3636462749e-15 -2.9181121030e+00 0.0000000000e+00 0.0000000000e+00 0.0000000000e+00 1.1162833185e-01
614.08000000 -2.9101577490e+00 -1.4438607617e-15 0.0000000000e+00 -1.4438607617e-15 -2.9101577490e+00 0.0000000000e+00 0.0000000000e+00 0.0000000000e+00 1.1475108199e-01
614.23200000 -2.9022180083e+00 -1.4438607617e-15 0.0000000000e+00 -1.4438607617e-15 -2.9022180083e+00 0.0000000000e+00 0.0000000000e+00 0.0000000000e+00 1.1787042928e-01
614.38400000 -2.8942928397e+00 -1.4438607617e-15 0.0000000000e+00 -1.4438607617e-15 -2.8942928397e+00 0.0000000000e+00 0.0000000000e+00 0.0000000000e+00 1.2098637900e-01
614.53600000 -2.8863822022e+00 -1.3636462749e-15 0.0000000000e+00 -1.3636462749e-15 -2.8863822022e+00 0.0000000000e+00 0.0000000000e+00 0.0000000000e+00 1.2409893642e-01
614.68800000 -2.8784860552e+00 -1.4438607617e-15 0.0000000000e+00 -1.4438607617e-15 -2.8784860552e+00 0.0000000000e+00 0.0000000000e+00 0.0000000000e+00 1.2720810678e-01
614.84000000 -2.8706043580e+00 -1.3636462749e-15 0.0000000000e+00 -1.3636462749e-15 -2.8706043580e+00 0.0000000000e+00 0.0000000000e+00 0.0000000000e+00 1.3031389532e-01
614.99200000 -2.8627370701e+00 -1.4438607617e-15 0.0000000000e+00 -1.4438607617e-15 -2.8627370701e+00 0.0000000000e+00 0.0000000000e+00 0.0000000000e+00 1.3341630728e-01
615.14400000 -2.8548841513e+00 -1.4438607617e-15 0.0000000000e+00 -1.4438607617e-15 -2.8548841513e+00 0.0000000000e+00 0.0000000000e+00 0.0000000000e+00 1.3651534787e-01
615.29600000 -2.8470455614e+00 -1.4438607617e-15 0.0000000000e+00 -1.4438607617e-15 -2.8470455614e+00 0.0000000000e+00 0.0000000000e+00 0.0000000000e+00 1.3961102230e-01
615.44800000 -2.8392212604e+00 -1.4438607617e-15 0.0000000000e+00 -1.4438607617e-15 -2.8392212604e+00 0.0000000000e+00 0.0000000000e+00 0.0000000000e+00 1.4270333577e-01
615.60000000 -2.8314112084e+00 -1.3636462749e-15 0.0000000000e+00 -1.3636462749e-15 -2.8314112084e+00 0.0000000000e+00 0.0000000000e+00 0.0000000000e+00 1.4579229347e-01
615.75200000 -2.8236153658e+00 -1.4438607617e-15 0.0000000000e+00 -1.4438607617e-15 -2.8236153658e+00 0.0000000000e+00 0.0000000000e+00 0.0000000000e+00 1.4887790056e-01
615.90400000 -2.8158336931e+00 -1.4438607617e-15 0.0000000000e+00 -1.4438607617e-15 -2.8158336931e+00 0.0000000000e+00 0.0000000000e+00 0.0000000000e+00 1.5196016223e-01
616.05600000 -2.8080661507e+00 -1.3636462749e-15 0.0000000000e+00 -1.3636462749e-15 -2.8080661507e+00 0.0000000000e+00 0.0000000000e+00 0.0000000000e+00 1.5503908363e-01
616.20800000 -2.8003126994e+00 -1.4438607617e-15 0.0000000000e+00 -1.4438607617e-15 -2.8003126994e+00 0.0000000000e+00 0.0000000000e+00 0.0000000000e+00 1.5811466989e-01
616.36000000 -2.7925733002e+00 -1.3636462749e-15 0.0000000000e+00 -1.3636462749e-15 -2.7925733002e+00 0.0000000000e+00 0.0000000000e+00 0.0000000000e+00 1.6118692616e-01
616.51200000 -2.7848479141e+00 -1.3636462749e-15 0.0000000000e+00 -1.3636462749e-15 -2.7848479141e+00 0.0000000000e+00 0.0000000000e+00 0.0000000000e+00 1.6425585756e-01
616.66400000 -2.7771365023e+00 -1.4438607617e-15 0.0000000000e+00 -1.4438607617e-15 -2.7771365023e+00 0.0000000000e+00 0.0000000000e+00 0.0000000000e+00 1.6732146921e-01
616.81600000 -2.7694390261e+00 -1.4438607617e-15 0.0000000000e+00 -1.4438607617e-15 -2.7694390261e+00 0.0000000000e+00 0.0000000000e+00 0.0000000000e+00 1.7038376620e-01
616.96800000 -2.7617554470e+00 -1.3636462749e-15 0.0000000000e+00 -1.3636462749e-15 -2.7617554470e+00 0.0000000000e+00 0.0000000000e+00 0.0000000000e+00 1.7344275364e-01
617.12000000 -2.7540857266e+00 -1.3636462749e-15 0.0000000000e+00 -1.3636462749e-15 -2.7540857266e+00 0.0000000000e+00 0.0000000000e+00 0.0000000000e+00 1.7649843660e-01
617.27200000 -2.7464298267e+00 -1.3636462749e-15 0.0000000000e+00 -1.3636462749e-15 -2.7464298267e+00 0.0000000000e+00 0.0000000000e+00 0.0000000000e+00 1.7955082017e-01
617.42400000 -2.7387877091e+00 -1.4438607617e-15 0.0000000000e+00 -1.4438607617e-15 -2.7387877091e+00 0.0000000000e+00 0.0000000000e+00 0.0000000000e+00 1.8259990939e-01
617.57600000 -2.7311593360e+00 -1.3636462749e-15 0.0000000000e+00 -1.3636462749e-15 -2.7311593360e+00 0.0000000000e+00 0.0000000000e+00 0.0000000000e+00 1.8564570933e-01
617.72800000 -2.7235446696e+00 -1.3636462749e-15 0.0000000000e+00 -1.3636462749e-15 -2.7235446696e+00 0.0000000000e+00 0.0000000000e+00 0.0000000000e+00 1.8868822503e-01
617.88000000 -2.7159436720e+00 -1.3636462749e-15 0.0000000000e+00 -1.3636462749e-15 -2.7159436720e+00 0.0000000000e+00 0.0000000000e+00 0.0000000000e+00 1.9172746152e-01
618.03200000 -2.7083563060e+00 -1.4438607617e-15 0.0000000000e+00 -1.4438607617e-15 -2.7083563060e+00 0.0000000000e+00 0.0000000000e+00 0.0000000000e+00 1.9476342382e-01
618.18400000 -2.7007825339e+00 -1.3636462749e-15 0.0000000000e+00 -1.3636462749e-15 -2.7007825339e+00 0.0000000000e+00 0.0000000000e+00 0.0000000000e+00 1.9779611695e-01
618.33600000 -2.6932223187e+00 -1.3636462749e-15 0.0000000000e+00 -1.3636462749e-15 -2.6932223187e+00 0.0000000000e+00 0.0000000000e+00 0.0000000000e+00 2.0082554591e-01
618.48800000 -2.6856756232e+00 -1.3636462749e-15 0.0000000000e+00 -1.3636462749e-15 -2.6856756232e+00 0.0000000000e+00 0.0000000000e+00 0.0000000000e+00 2.0385171569e-01
618.64000000 -2.6781424103e+00 -1.3636462749e-15 0.0000000000e+00 -1.3636462749e-15 -2.6781424103e+00 0.0000000000e+00 0.0000000000e+00 0.0000000000e+00 2.0687463127e-01
618.79200000 -2.6706226434e+00 -1.3636462749e-15 0.0000000000e+00 -1.3636462749e-15 -2.6706226434e+00 0.0000000000e+00 0.0000000000e+00 0.0000000000e+00 2.0989429762e-01
618.94400000 -2.6631162856e+00 -1.3636462749e-15 0.0000000000e+00 -1.3636462749e-15 -2.6631162856e+00 0.0000000000e+00 0.0000000000e+00 0.0000000000e+00 2.1291071971e-01
619.09600000 -2.6556233004e+00 -1.3636462749e-15 0.0000000000e+00 -1.3636462749e-15 -2.6556233004e+00 0.0000000000e+00 0.0000000000e+00 0.0000000000e+00 2.1592390250e-01
619.24800000 -2.6481436514e+00 -1.3636462749e-15 0.0000000000e+00 -1.3636462749e-15 -2.6481436514e+00 0.0000000000e+00 0.0000000000e+00 0.0000000000e+00 2.1893385091e-01
619.40000000 -2.6406773023e+00 -1.3636462749e-15 0.0000000000e+00 -1.3636462749e-15 -2.6406773023e+00 0.0000000000e+00 0.0000000000e+00 0.0000000000e+00 2.2194056989e-01
619.55200000 -2.6332242168e+00 -1.3636462749e-15 0.0000000000e+00 -1.3636462749e-15 -2.6332242168e+00 0.0000000000e+00 0.0000000000e+00 0.0000000000e+00 2.2494406436e-01
619.70400000 -2.6257843591e+00 -1.3636462749e-15 0.0000000000e+00 -1.3636462749e-15 -2.6257843591e+00 0.0000000000e+00 0.0000000000e+00 0.0000000000e+00 2.2794433922e-01
619.85600000 -2.6183576932e+00 -1.3636462749e-15 0.0000000000e+00 -1.3636462749e-15 -2.6183576932e+00 0.0000000000e+00 0.0000000000e+00 0.0000000000e+00 2.3094139939e-01
620.00800000 -2.6109441833e+00 -1.3636462749e-15 0.0000000000e+00 -1.3636462749e-15 -2.6109441833e+00 0.0000000000e+00 0.0000000000e+00 0.0000000000e+00 2.3393524976e-01
620.16000000 -2.6035437937e+00 -1.3636462749e-15 0.0000000000e+00 -1.3636462749e-15 -2.6035437937e+00 0.0000000000e+00 0.0000000000e+00 0.0000000000e+00 2.3692589521e-01
620.31200000 -2.5961564891e+00 -1.3636462749e-15 0.0000000000e+00 -1.3636462749e-15 -2.5961564891e+00 0.0000000000e+00 0.0000000000e+00 0.0000000000e+00 2.3991334061e-01
620.46400000 -2.5887822340e+00 -1.2834317881e-15 0.0000000000e+00 -1.2834317881e-15 -2.5887822340e+00 0.0000000000e+00 0.0000000000e+00 0.0000000000e+00 2.4289759083e-01
620.61600000 -2.5814209931e+00 -1.3636462749e-15 0.0000000000e+00 -1.3636462749e-15 -2.5814209931e+00 0.0000000000e+00 0.0000000000e+00 0.0000000000e+00 2.4587865073e-01
620.76800000 -2.5740727314e+00 -1.3636462749e-15 0.0000000000e+00 -1.3636462749e-15 -2.5740727314e+00 0.0000000000e+00 0.0000000000e+00 0.0000000000e+00 2.4885652514e-01
620.92000000 -2.5667374139e+00 -1.2834317881e-15 0.0000000000e+00 -1.2834317881e-15 -2.5667374139e+00 0.0000000000e+00 0.0000000000e+00 0.0000000000e+00 2.5183121890e-01
621.07200000 -2.5594150056e+00 -1.2834317881e-15 0.0000000000e+00 -1.2834317881e-15 -2.5594150056e+00 0.0000000000e+00 0.0000000000e+00 0.0000000000e+00 2.5480273685e-01
621.22400000 -2.5521054719e+00 -1.2834317881e-15 0.0000000000e+00 -1.2834317881e-15 -2.5521054719e+00 0.0000000000e+00 0.0000000000e+00 0.0000000000e+00 2.5777108379e-01
621.37600000 -2.5448087782e+00 -1.2834317881e-15 0.0000000000e+00 -1.2834317881e-15 -2.5448087782e+00 0.0000000000e+00 0.0000000000e+00 0.0000000000e+00 2.6073626452e-01
621.52800000 -2.5375248900e+00 -1.2834317881e-15 0.0000000000e+00 -1.2834317881e-15 -2.5375248900e+00 0.0000000000e+00 0.0000000000e+00 0.0000000000e+00 2.6369828386e-01
621.68000000 -2.5302537729e+00 -1.3636462749e-15 0.0000000000e+00 -1.3636462749e-15 -2.5302537729e+00 0.0000000000e+00 0.0000000000e+00 0.0000000000e+00 2.6665714658e-01
621.83200000 -2.5229953927e+00 -1.2834317881e-15 0.0000000000e+00 -1.2834317881e-15 -2.5229953927e+00 0.0000000000e+00 0.0000000000e+00 0.0000000000e+00 2.6961285746e-01
621.98400000 -2.5157497153e+00 -1.3636462749e-15 0.0000000000e+00 -1.3636462749e-15 -2.5157497153e+00 0.0000000000e+00 0.0000000000e+00 0.0000000000e+00 2.7256542128e-01
622.13600000 -2.5085167067e+00 -1.3636462749e-15 0.0000000000e+00 -1.3636462749e-15 -2.5085167067e+00 0.0000000000e+00 0.0000000000e+00 0.0000000000e+00 2.7551484278e-01
622.28800000 -2.5012963330e+00 -1.3636462749e-15 0.0000000000e+00 -1.3636462749e-15 -2.5012963330e+00 0.0000000000e+00 0.0000000000e+00 0.0000000000e+00 2.7846112672e-01
622.44000000 -2.4940885605e+00 -1.3636462749e-15 0.0000000000e+00 -1.3636462749e-15 -2.4940885605e+00 0.0000000000e+00 0.0000000000e+00 0.0000000000e+00 2.8140427784e-01
622.59200000 -2.4868933557e+00 -1.2834317881e-15 0.0000000000e+00 -1.2834317881e-15 -2.4868933557e+00 0.0000000000e+00 0.0000000000e+00 0.0000000000e+00 2.8434430087e-01
622.74400000 -2.4797106849e+00 -1.2834317881e-15 0.0000000000e+00 -1.2834317881e-15 -2.4797106849e+00 0.0000000000e+00 0.0000000000e+00 0.0000000000e+00 2.8728120054e-01
622.89600000 -2.4725405149e+00 -1.3636462749e-15 0.0000000000e+00 -1.3636462749e-15 -2.4725405149e+00 0.0000000000e+00 0.0000000000e+00 0.0000000000e+00 2.9021498154e-01
623.04800000 -2.4653828123e+00 -1.3636462749e-15 0.0000000000e+00 -1.3636462749e-15 -2.4653828123e+00 0.0000000000e+00 0.0000000000e+00 0.0000000000e+00 2.9314564859e-01
623.20000000 -2.4582375441e+00 -1.3636462749e-15 0.0000000000e+00 -1.3636462749e-15 -2.4582375441e+00 0.0000000000e+00 0.0000000000e+00 0.0000000000e+00 2.9607320638e-01
623.35200000 -2.4511046772e+00 -1.2834317881e-15 0.0000000000e+00 -1.2834317881e-15 -2.4511046772e+00 0.0000000000e+00 0.0000000000e+00 0.0000000000e+00 2.9899765959e-01
623.50400000 -2.4439841787e+00 -1.2834317881e-15 0.0000000000e+00 -1.2834317881e-15 -2.4439841787e+00 0.0000000000e+00 0.0000000000e+00 0.0000000000e+00 3.0191901290e-01
623.65600000 -2.4368760159e+00 -1.3636462749e-15 0.0000000000e+00 -1.3636462749e-15 -2.4368760159e+00 0.0000000000e+00 0.0000000000e+00 0.0000000000e+00 3.0483727097e-01
623.80800000 -2.4297801561e+00 -1.2834317881e-15 0.0000000000e+00 -1.2834317881e-15 -2.4297801561e+00 0.0000000000e+00 0.0000000000e+00 0.0000000000e+00 3.0775243846e-01
623.96000000 -2.4226965667e+00 -1.3636462749e-15 0.0000000000e+00 -1.3636462749e-15 -2.4226965667e+00 0.0000000000e+00 0.0000000000e+00 0.0000000000e+00 3.1066452002e-01
624.11200000 -2.4156252153e+00 -1.2834317881e-15 0.0000000000e+00 -1.2834317881e-15 -2.4156252153e+00 0.0000000000e+00 0.0000000000e+00 0.0000000000e+00 3.1357352029e-01
624.26400000 -2.4085660696e+00 -1.2834317881e-15 0.0000000000e+00 -1.2834317881e-15 -2.4085660696e+00 0.0000000000e+00 0.0000000000e+00 0.0000000000e+00 3.1647944388e-01
624.41600000 -2.4015190975e+00 -1.2834317881e-15 0.0000000000e+00 -1.2834317881e-15 -2.4015190975e+00 0.0000000000e+00 0.0000000000e+00 0.0000000000e+00 3.1938229543e-01
624.56800000 -2.3944842668e+00 -1.2834317881e-15 0.0000000000e+00 -1.2834317881e-15 -2.3944842668e+00 0.0000000000e+00 0.0000000000e+00 0.0000000000e+00 3.2228207955e-01
624.72000000 -2.3874615455e+00 -1.2834317881e-15 0.0000000000e+00 -1.2834317881e-15 -2.3874615455e+00 0.0000000000e+00 0.0000000000e+00 0.0000000000e+00 3.2517880083e-01
624.87200000 -2.3804509019e+00 -1.2834317881e-15 0.0000000000e+00 -1.2834317881e-15 -2.3804509019e+00 0.0000000000e+00 0.0000000000e+00 0.0000000000e+00 3.2807246387e-01
625.02400000 -2.3734523042e+00 -1.2834317881e-15 0.0000000000e+00 -1.2834317881e-15 -2.3734523042e+00 0.0000000000e+00 0.0000000000e+00 0.0000000000e+00 3.3096307325e-01
625.17600000 -2.3664657207e+00 -1.2834317881e-15 0.0000000000e+00 -1.2834317881e-15 -2.3664657207e+00 0.0000000000e+00 0.0000000000e+00 0.0000000000e+00 3.3385063355e-01
625.32800000 -2.3594911199e+00 -1.2834317881e-15 0.0000000000e+00 -1.2834317881e-15 -2.3594911199e+00 0.0000000000e+00 0.0000000000e+00 0.0000000000e+00 3.3673514932e-01
625.48000000 -2.3525284705e+00 -1.2032173014e-15 0.0000000000e+00 -1.2032173014e-15 -2.3525284705e+00 0.0000000000e+00 0.0000000000e+00 0.0000000000e+00 3.3961662514e-01
625.63200000 -2.3455777411e+00 -1.2834317881e-15 0.0000000000e+00 -1.2834317881e-15 -2.3455777411e+00 0.0000000000e+00 0.0000000000e+00 0.0000000000e+00 3.4249506555e-01
625.78400000 -2.3386389006e+00 -1.2834317881e-15 0.0000000000e+00 -1.2834317881e-15 -2.3386389006e+00 0.0000000000e+00 0.0000000000e+00 0.0000000000e+00 3.4537047508e-01
625.93600000 -2.3317119178e+00 -1.2834317881e-15 0.0000000000e+00 -1.2834317881e-15 -2.3317119178e+00 0.0000000000e+00 0.0000000000e+00 0.0000000000e+00 3.4824285826e-01
626.08800000 -2.3247967620e+00 -1.2032173014e-15 0.0000000000e+00 -1.2032173014e-15 -2.3247967620e+00 0.0000000000e+00 0.0000000000e+00 0.0000000000e+00 3.5111221962e-01
626.24000000 -2.3178934021e+00 -1.2834317881e-15 0.0000000000e+00 -1.2834317881e-15 -2.3178934021e+00 0.0000000000e+00 0.0000000000e+00 0.0000000000e+00 3.5397856367e-01
626.39200000 -2.3110018074e+00 -1.2834317881e-15 0.0000000000e+00 -1.2834317881e-15 -2.3110018074e+00 0.0000000000e+00 0.0000000000e+00 0.0000000000e+00 3.5684189492e-01
626.54400000 -2.3041219474e+00 -1.3636462749e-15 0.0000000000e+00 -1.3636462749e-15 -2.3041219474e+00 0.0000000000e+00 0.0000000000e+00 0.0000000000e+00 3.5970221784e-01
626.69600000 -2.2972537914e+00 -1.2032173014e-15 0.0000000000e+00 -1.2032173014e-15 -2.2972537914e+00 0.0000000000e+00 0.0000000000e+00 0.0000000000e+00 3.6255953694e-01
626.84800000 -2.2903973092e+00 -1.2834317881e-15 0.0000000000e+00 -1.2834317881e-15 -2.2903973092e+00 0.0000000000e+00 0.0000000000e+00 0.0000000000e+00 3.6541385669e-01
627.00000000 -2.2835524703e+00 -1.2834317881e-15 0.0000000000e+00 -1.2834317881e-15 -2.2835524703e+00 0.0000000000e+00 0.0000000000e+00 0.0000000000e+00 3.6826518156e-01
627.15200000 -2.2767192445e+00 -1.3636462749e-15 0.0000000000e+00 -1.3636462749e-15 -2.2767192445e+00 0.0000000000e+00 0.0000000000e+00 0.0000000000e+00 3.7111351600e-01
627.30400000 -2.2698976018e+00 -1.2834317881e-15 0.0000000000e+00 -1.2834317881e-15 -2.2698976018e+00 0.0000000000e+00 0.0000000000e+00 0.0000000000e+00 3.7395886447e-01
627.45600000 -2.2630875122e+00 -1.2032173014e-15 0.0000000000e+00 -1.2032173014e-15 -2.2630875122e+00 0.0000000000e+00 0.0000000000e+00 0.0000000000e+00 3.7680123141e-01
627.60800000 -2.2562889458e+00 -1.2834317881e-15 0.0000000000e+00 -1.2834317881e-15 -2.2562889458e+00 0.0000000000e+00 0.0000000000e+00 0.0000000000e+00 3.7964062126e-01
627.76000000 -2.2495018728e+00 -1.2834317881e-15 0.0000000000e+00 -1.2834317881e-15 -2.2495018728e+00 0.0000000000e+00 0.0000000000e+00 0.0000000000e+00 3.8247703843e-01
627.91200000 -2.2427262635e+00 -1.2834317881e-15 0.0000000000e+00 -1.2834317881e-15 -2.2427262635e+00 0.0000000000e+00 0.0000000000e+00 0.0000000000e+00 3.8531048735e-01
628.06400000 -2.2359620883e+00 -1.3636462749e-15 0.0000000000e+00 -1.3636462749e-15 -2.2359620883e+00 0.0000000000e+00 0.0000000000e+00 0.0000000000e+00 3.8814097242e-01
628.21600000 -2.2292093179e+00 -1.2834317881e-15 0.0000000000e+00 -1.2834317881e-15 -2.2292093179e+00 0.0000000000e+00 0.0000000000e+00 0.0000000000e+00 3.9096849804e-01
628.36800000 -2.2224679227e+00 -1.2032173014e-15 0.0000000000e+00 -1.2032173014e-15 -2.2224679227e+00 0.0000000000e+00 0.0000000000e+00 0.0000000000e+00 3.9379306860e-01
628.52000000 -2.2157378736e+00 -1.2834317881e-15 0.0000000000e+00 -1.2834317881e-15 -2.2157378736e+00 0.0000000000e+00 0.0000000000e+00 0.0000000000e+00 3.9661468849e-01
628.67200000 -2.2090191414e+00 -1.2834317881e-15 0.0000000000e+00 -1.2834317881e-15 -2.2090191414e+00 0.0000000000e+00 0.0000000000e+00 0.0000000000e+00 3.9943336207e-01
628.82400000 -2.2023116970e+00 -1.2032173014e-15 0.0000000000e+00 -1.2032173014e-15 -2.2023116970e+00 0.0000000000e+00 0.0000000000e+00 0.0000000000e+00 4.0224909371e-01
628.97600000 -2.1956155114e+00 -1.3636462749e-15 0.0000000000e+00 -1.3636462749e-15 -2.1956155114e+00 0.0000000000e+00 0.0000000000e+00 0.0000000000e+00 4.0506188778e-01
629.12800000 -2.1889305559e+00 -1.3636462749e-15 0.0000000000e+00 -1.3636462749e-15 -2.1889305559e+00 0.0000000000e+00 0.0000000000e+00 0.0000000000e+00 4.0787174861e-01
629.28000000 -2.1822568016e+00 -1.2834317881e-15 0.0000000000e+00 -1.2834317881e-15 -2.1822568016e+00 0.0000000000e+00 0.0000000000e+00 0.0000000000e+00 4.1067868055e-01
629.43200000 -2.1755942198e+00 -1.2834317881e-15 0.0000000000e+00 -1.2834317881e-15 -2.1755942198e+00 0.0000000000e+00 0.0000000000e+00 0.0000000000e+00 4.1348268792e-01
629.58400000 -2.1689427821e+00 -1.3636462749e-15 0.0000000000e+00 -1.3636462749e-15 -2.1689427821e+00 0.0000000000e+00 0.0000000000e+00 0.0000000000e+00 4.1628377506e-01
629.73600000 -2.1623024600e+00 -1.2834317881e-15 0.0000000000e+00 -1.2834317881e-15 -2.1623024600e+00 0.0000000000e+00 0.0000000000e+00 0.0000000000e+00 4.1908194627e-01
629.88800000 -2.1556732250e+00 -1.2032173014e-15 0.0000000000e+00 -1.2032173014e-15 -2.1556732250e+00 0.0000000000e+00 0.0000000000e+00 0.0000000000e+00 4.2187720587e-01
630.04000000 -2.1490550489e+00 -1.2834317881e-15 0.0000000000e+00 -1.2834317881e-15 -2.1490550489e+00 0.0000000000e+00 0.0000000000e+00 0.0000000000e+00 4.2466955814e-01
630.19200000 -2.1424479036e+00 -1.2032173014e-15 0.0000000000e+00 -1.2032173014e-15 -2.1424479036e+00 0.0000000000e+00 0.0000000000e+00 0.0000000000e+00 4.2745900738e-01
630.34400000 -2.1358517610e+00 -1.2834317881e-15 0.0000000000e+00 -1.2834317881e-15 -2.1358517610e+00 0.0000000000e+00 0.0000000000e+00 0.0000000000e+00 4.3024555787e-01
630.49600000 -2.1292665931e+00 -1.2834317881e-15 0.0000000000e+00 -1.2834317881e-15 -2.1292665931e+00 0.0000000000e+00 0.0000000000e+00 0.0000000000e+00 4.3302921388e-01
630.64800000 -2.1226923720e+00 -1.2834317881e-15 0.0000000000e+00 -1.2834317881e-15 -2.1226923720e+00 0.0000000000e+00 0.0000000000e+00 0.0000000000e+00 4.3580997969e-01
630.80000000 -2.1161290700e+00 -1.2834317881e-15 0.0000000000e+00 -1.2834317881e-15 -2.1161290700e+00 0.0000000000e+00 0.0000000000e+00 0.0000000000e+00 4.3858785953e-01
630.95200000 -2.1095766594e+00 -1.2032173014e-15 0.0000000000e+00 -1.2032173014e-15 -2.1095766594e+00 0.0000000000e+00 0.0000000000e+00 0.0000000000e+00 4.4136285767e-01
631.10400000 -2.1030351125e+00 -1.3636462749e-15 0.0000000000e+00 -1.3636462749e-15 -2.1030351125e+00 0.0000000000e+00 0.0000000000e+00 0.0000000000e+00 4.4413497834e-01
631.25600000 -2.0965044018e+00 -1.2032173014e-15 0.0000000000e+00 -1.2032173014e-15 -2.0965044018e+00 0.0000000000e+00 0.0000000000e+00 0.0000000000e+00 4.4690422577e-01
631.40800000 -2.0899845001e+00 -1.2834317881e-15 0.0000000000e+00 -1.2834317881e-15 -2.0899845001e+00 0.0000000000e+00 0.0000000000e+00 0.0000000000e+00 4.4967060419e-01
631.56000000 -2.0834753799e+00 -1.2834317881e-15 0.0000000000e+00 -1.2834317881e-15 -2.0834753799e+00 0.0000000000e+00 0.0000000000e+00 0.0000000000e+00 4.5243411782e-01
631.71200000 -2.0769770140e+00 -1.2834317881e-15 0.0000000000e+00 -1.2834317881e-15 -2.0769770140e+00 0.0000000000e+00 0.0000000000e+00 0.0000000000e+00 4.5519477086e-01
631.86400000 -2.0704893754e+00 -1.2834317881e-15 0.0000000000e+00 -1.2834317881e-15 -2.0704893754e+00 0.0000000000e+00 0.0000000000e+00 0.0000000000e+00 4.5795256750e-01
632.01600000 -2.0640124369e+00 -1.2834317881e-15 0.0000000000e+00 -1.2834317881e-15 -2.0640124369e+00 0.0000000000e+00 0.0000000000e+00 0.0000000000e+00 4.6070751195e-01
632.16800000 -2.0575461717e+00 -1.2032173014e-15 0.0000000000e+00 -1.2032173014e-15 -2.0575461717e+00 0.0000000000e+00 0.0000000000e+00 0.0000000000e+00 4.6345960839e-01
632.32000000 -2.0510905529e+00 -1.2032173014e-15 0.0000000000e+00 -1.2032173014e-15 -2.0510905529e+00 0.0000000000e+00 0.0000000000e+00 0.0000000000e+00 4.6620886098e-01
632.47200000 -2.0446455538e+00 -1.2834317881e-15 0.0000000000e+00 -1.2834317881e-15 -2.0446455538e+00 0.0000000000e+00 0.0000000000e+00 0.0000000000e+00 4.6895527390e-01
632.62400000 -2.0382111476e+00 -1.2834317881e-15 0.0000000000e+00 -1.2834317881e-15 -2.0382111476e+00 0.0000000000e+00 0.0000000000e+00 0.0000000000e+00 4.7169885131e-01
632.77600000 -2.0317873079e+00 -1.2834317881e-15 0.0000000000e+00 -1.2834317881e-15 -2.0317873079e+00 0.0000000000e+00 0.0000000000e+00 0.0000000000e+00 4.7443959736e-01
632.92800000 -2.0253740081e+00 -1.2032173014e-15 0.0000000000e+00 -1.2032173014e-15 -2.0253740081e+00 0.0000000000e+00 0.0000000000e+00 0.0000000000e+00 4.7717751619e-01
633.08000000 -2.0189712218e+00 -1.2834317881e-15 0.0000000000e+00 -1.2834317881e-15 -2.0189712218e+00 0.0000000000e+00 0.0000000000e+00 0.0000000000e+00 4.7991261193e-01
633.23200000 -2.0125789227e+00 -1.2834317881e-15 0.0000000000e+00 -1.2834317881e-15 -2.0125789227e+00 0.0000000000e+00 0.0000000000e+00 0.0000000000e+00 4.8264488872e-01
633.38400000 -2.0061970847e+00 -1.2834317881e-15 0.0000000000e+00 -1.2834317881e-15 -2.0061970847e+00 0.0000000000e+00 0.0000000000e+00 0.0000000000e+00 4.8537435067e-01
633.53600000 -1.9998256816e+00 -1.2032173014e-15 0.0000000000e+00 -1.2032173014e-15 -1.9998256816e+00 0.0000000000e+00 0.0000000000e+00 0.0000000000e+00 4.8810100190e-01
633.68800000 -1.9934646873e+00 -1.2834317881e-15 0.0000000000e+00 -1.2834317881e-15 -1.9934646873e+00 0.0000000000e+00 0.0000000000e+00 0.0000000000e+00 4.9082484651e-01
633.84000000 -1.9871140759e+00 -1.2834317881e-15 0.0000000000e+00 -1.2834317881e-15 -1.9871140759e+00 0.0000000000e+00 0.0000000000e+00 0.0000000000e+00 4.9354588859e-01
633.99200000 -1.9807738216e+00 -1.2032173014e-15 0.0000000000e+00 -1.2032173014e-15 -1.9807738216e+00 0.0000000000e+00 0.0000000000e+00 0.0000000000e+00 4.9626413224e-01
634.14400000 -1.9744438986e+00 -1.2032173014e-15 0.0000000000e+00 -1.2032173014e-15 -1.9744438986e+00 0.0000000000e+00 0.0000000000e+00 0.0000000000e+00 4.9897958153e-01
634.29600000 -1.9681242811e+00 -1.2834317881e-15 0.0000000000e+00 -1.2834317881e-15 -1.9681242811e+00 0.0000000000e+00 0.0000000000e+00 0.0000000000e+00 5.0169224054e-01
634.44800000 -1.9618149436e+00 -1.2834317881e-15 0.0000000000e+00 -1.2834317881e-15 -1.9618149436e+00 0.0000000000e+00 0.0000000000e+00 0.0000000000e+00 5.0440211332e-01
634.60000000 -1.9555158606e+00 -1.2032173014e-15 0.0000000000e+00 -1.2032173014e-15 -1.9555158606e+00 0.0000000000e+00 0.0000000000e+00 0.0000000000e+00 5.0710920395e-01
634.75200000 -1.9492270066e+00 -1.2032173014e-15 0.0000000000e+00 -1.2032173014e-15 -1.9492270066e+00 0.0000000000e+00 0.0000000000e+00 0.0000000000e+00 5.0981351646e-01
634.90400000 -1.9429483563e+00 -1.2834317881e-15 0.0000000000e+00 -1.2834317881e-15 -1.9429483563e+00 0.0000000000e+00 0.0000000000e+00 0.0000000000e+00 5.1251505490e-01
635.05600000 -1.9366798845e+00 -1.2032173014e-15 0.0000000000e+00 -1.2032173014e-15 -1.9366798845e+00 0.0000000000e+00 0.0000000000e+00 0.0000000000e+00 5.1521382331e-01
635.20800000 -1.9304215659e+00 -1.2834317881e-15 0.0000000000e+00 -1.2834317881e-15 -1.9304215659e+00 0.0000000000e+00 0.0000000000e+00 0.0000000000e+00 5.1790982570e-01
635.36000000 -1.9241733755e+00 -1.2032173014e-15 0.0000000000e+00 -1.2032173014e-15 -1.9241733755e+00 0.0000000000e+00 0.0000000000e+00 0.0000000000e+00 5.2060306610e-01
635.51200000 -1.9179352883e+00 -1.2834317881e-15 0.0000000000e+00 -1.2834317881e-15 -1.9179352883e+00 0.0000000000e+00 0.0000000000e+00 0.0000000000e+00 5.2329354852e-01
635.66400000 -1.9117072793e+00 -1.2834317881e-15 0.0000000000e+00 -1.2834317881e-15 -1.9117072793e+00 0.0000000000e+00 0.0000000000e+00 0.0000000000e+00 5.2598127696e-01
635.81600000 -1.9054893237e+00 -1.2834317881e-15 0.0000000000e+00 -1.2834317881e-15 -1.9054893237e+00 0.0000000000e+00 0.0000000000e+00 0.0000000000e+00 5.2866625541e-01
635.96800000 -1.8992813967e+00 -1.2032173014e-15 0.0000000000e+00 -1.2032173014e-15 -1.8992813967e+00 0.0000000000e+00 0.0000000000e+00 0.0000000000e+00 5.3134848788e-01
636.12000000 -1.8930834738e+00 -1.2032173014e-15 0.0000000000e+00 -1.2032173014e-15 -1.8930834738e+00 0.0000000000e+00 0.0000000000e+00 0.0000000000e+00 5.3402797832e-01
636.27200000 -1.8868955302e+00 -1.2032173014e-15 0.0000000000e+00 -1.2032173014e-15 -1.8868955302e+00 0.0000000000e+00 0.0000000000e+00 0.0000000000e+00 5.3670473073e-01
636.42400000 -1.8807175415e+00 -1.2032173014e-15 0.0000000000e+00 -1.2032173014e-15 -1.8807175415e+00 0.0000000000e+00 0.0000000000e+00 0.0000000000e+00 5.3937874906e-01
636.57600000 -1.8745494832e+00 -1.2032173014e-15 0.0000000000e+00 -1.2032173014e-15 -1.8745494832e+00 0.0000000000e+00 0.0000000000e+00 0.0000000000e+00 5.4205003727e-01
636.72800000 -1.8683913311e+00 -1.2032173014e-15 0.0000000000e+00 -1.2032173014e-15 -1.8683913311e+00 0.0000000000e+00 0.0000000000e+00 0.0000000000e+00 5.4471859932e-01
636.88000000 -1.8622430607e+00 -1.2032173014e-15 0.0000000000e+00 -1.2032173014e-15 -1.8622430607e+00 0.0000000000e+00 0.0000000000e+00 0.0000000000e+00 5.4738443913e-01
637.03200000 -1.8561046481e+00 -1.2834317881e-15 0.0000000000e+00 -1.2834317881e-15 -1.8561046481e+00 0.0000000000e+00 0.0000000000e+00 0.0000000000e+00 5.5004756066e-01
637.18400000 -1.8499760689e+00 -1.2032173014e-15 0.0000000000e+00 -1.2032173014e-15 -1.8499760689e+00 0.0000000000e+00 0.0000000000e+00 0.0000000000e+00 5.5270796783e-01
637.33600000 -1.8438572993e+00 -1.2032173014e-15 0.0000000000e+00 -1.2032173014e-15 -1.8438572993e+00 0.0000000000e+00 0.0000000000e+00 0.0000000000e+00 5.5536566456e-01
637.48800000 -1.8377483153e+00 -1.2032173014e-15 0.0000000000e+00 -1.2032173014e-15 -1.8377483153e+00 0.0000000000e+00 0.0000000000e+00 0.0000000000e+00 5.5802065476e-01
637.64000000 -1.8316490930e+00 -1.2032173014e-15 0.0000000000e+00 -1.2032173014e-15 -1.8316490930e+00 0.0000000000e+00 0.0000000000e+00 0.0000000000e+00 5.6067294234e-01
637.79200000 -1.8255596086e+00 -1.2032173014e-15 0.0000000000e+00 -1.2032173014e-15 -1.8255596086e+00 0.0000000000e+00 0.0000000000e+00 0.0000000000e+00 5.6332253119e-01
637.94400000 -1.8194798384e+00 -1.2032173014e-15 0.0000000000e+00 -1.2032173014e-15 -1.8194798384e+00 0.0000000000e+00 0.0000000000e+00 0.0000000000e+00 5.6596942521e-01
638.09600000 -1.8134097587e+00 -1.2032173014e-15 0.0000000000e+00 -1.2032173014e-15 -1.8134097587e+00 0.0000000000e+00 0.0000000000e+00 0.0000000000e+00 5.6861362829e-01
638.24800000 -1.8073493462e+00 -1.2032173014e-15 0.0000000000e+00 -1.2032173014e-15 -1.8073493462e+00 0.0000000000e+00 0.0000000000e+00 0.0000000000e+00 5.7125514429e-01
638.40000000 -1.8012985771e+00 -1.2032173014e-15 0.0000000000e+00 -1.2032173014e-15 -1.8012985771e+00 0.0000000000e+00 0.0000000000e+00 0.0000000000e+00 5.7389397708e-01
638.55200000 -1.7952574282e+00 -1.2032173014e-15 0.0000000000e+00 -1.2032173014e-15 -1.7952574282e+00 0.0000000000e+00 0.0000000000e+00 0.0000000000e+00 5.7653013054e-01
638.70400000 -1.7892258762e+00 -1.2032173014e-15 0.0000000000e+00 -1.2032173014e-15 -1.7892258762e+00 0.0000000000e+00 0.0000000000e+00 0.0000000000e+00 5.7916360850e-01
638.85600000 -1.7832038977e+00 -1.2032173014e-15 0.0000000000e+00 -1.2032173014e-15 -1.7832038977e+00 0.0000000000e+00 0.0000000000e+00 0.0000000000e+00 5.8179441483e-01
639.00800000 -1.7771914697e+00 -1.2032173014e-15 0.0000000000e+00 -1.2032173014e-15 -1.7771914697e+00 0.0000000000e+00 0.0000000000e+00 0.0000000000e+00 5.8442255336e-01
639.16000000 -1.7711885689e+00 -1.2032173014e-15 0.0000000000e+00 -1.2032173014e-15 -1.7711885689e+00 0.0000000000e+00 0.0000000000e+00 0.0000000000e+00 5.8704802791e-01
639.31200000 -1.7651951725e+00 -1.2032173014e-15 0.0000000000e+00 -1.2032173014e-15 -1.7651951725e+00 0.0000000000e+00 0.0000000000e+00 0.0000000000e+00 5.8967084233e-01
639.46400000 -1.7592112575e+00 -1.2032173014e-15 0.0000000000e+00 -1.2032173014e-15 -1.7592112575e+00 0.0000000000e+00 0.0000000000e+00 0.0000000000e+00 5.9229100042e-01
639.61600000 -1.7532368009e+00 -1.2032173014e-15 0.0000000000e+00 -1.2032173014e-15 -1.7532368009e+00 0.0000000000e+00 0.0000000000e+00 0.0000000000e+00 5.9490850600e-01
639.76800000 -1.7472717801e+00 -1.2032173014e-15 0.0000000000e+00 -1.2032173014e-15 -1.7472717801e+00 0.0000000000e+00 0.0000000000e+00 0.0000000000e+00 5.9752336288e-01
639.92000000 -1.7413161722e+00 -1.2032173014e-15 0.0000000000e+00 -1.2032173014e-15 -1.7413161722e+00 0.0000000000e+00 0.0000000000e+00 0.0000000000e+00 6.0013557484e-01
640.07200000 -1.7353699547e+00 -1.2032173014e-15 0.0000000000e+00 -1.2032173014e-15 -1.7353699547e+00 0.0000000000e+00 0.0000000000e+00 0.0000000000e+00 6.0274514568e-01
640.22400000 -1.7294331050e+00 -1.1230028146e-15 0.0000000000e+00 -1.1230028146e-15 -1.7294331050e+00 0.0000000000e+00 0.0000000000e+00 0.0000000000e+00 6.0535207918e-01
640.37600000 -1.7235056005e+00 -1.1230028146e-15 0.0000000000e+00 -1.1230028146e-15 -1.7235056005e+00 0.0000000000e+00 0.0000000000e+00 0.0000000000e+00 6.0795637911e-01
640.52800000 -1.7175874189e+00 -1.2032173014e-15 0.0000000000e+00 -1.2032173014e-15 -1.7175874189e+00 0.0000000000e+00 0.0000000000e+00 0.0000000000e+00 6.1055804925e-01
640.68000000 -1.7116785379e+00 -1.2032173014e-15 0.0000000000e+00 -1.2032173014e-15 -1.7116785379e+00 0.0000000000e+00 0.0000000000e+00 0.0000000000e+00 6.1315709336e-01
640.83200000 -1.7057789350e+00 -1.2032173014e-15 0.0000000000e+00 -1.2032173014e-15 -1.7057789350e+00 0.0000000000e+00 0.0000000000e+00 0.0000000000e+00 6.1575351519e-01
640.98400000 -1.6998885882e+00 -1.1230028146e-15 0.0000000000e+00 -1.1230028146e-15 -1.6998885882e+00 0.0000000000e+00 0.0000000000e+00 0.0000000000e+00 6.1834731848e-01
641.13600000 -1.6940074752e+00 -1.2032173014e-15 0.0000000000e+00 -1.2032173014e-15 -1.6940074752e+00 0.0000000000e+00 0.0000000000e+00 0.0000000000e+00 6.2093850699e-01
641.28800000 -1.6881355741e+00 -1.2032173014e-15 0.0000000000e+00 -1.2032173014e-15 -1.6881355741e+00 0.0000000000e+00 0.0000000000e+00 0.0000000000e+00 6.2352708443e-01
641.44000000 -1.6822728629e+00 -1.2032173014e-15 0.0000000000e+00 -1.2032173014e-15 -1.6822728629e+00 0.0000000000e+00 0.0000000000e+00 0.0000000000e+00 6.2611305455e-01
641.59200000 -1.6764193195e+00 -1.1230028146e-15 0.0000000000e+00 -1.1230028146e-15 -1.6764193195e+00 0.0000000000e+00 0.0000000000e+00 0.0000000000e+00 6.2869642105e-01
641.74400000 -1.6705749222e+00 -1.1230028146e-15 0.0000000000e+00 -1.1230028146e-15 -1.6705749222e+00 0.0000000000e+00 0.0000000000e+00 0.0000000000e+00 6.3127718765e-01
641.89600000 -1.6647396493e+00 -1.2032173014e-15 0.0000000000e+00 -1.2032173014e-15 -1.6647396493e+00 0.0000000000e+00 0.0000000000e+00 0.0000000000e+00 6.3385535806e-01
642.04800000 -1.6589134789e+00 -1.1230028146e-15 0.0000000000e+00 -1.1230028146e-15 -1.6589134789e+00 0.0000000000e+00 0.0000000000e+00 0.0000000000e+00 6.3643093597e-01
642.20000000 -1.6530963894e+00 -1.2032173014e-15 0.0000000000e+00 -1.2032173014e-15 -1.6530963894e+00 0.0000000000e+00 0.0000000000e+00 0.0000000000e+00 6.3900392508e-01
642.35200000 -1.6472883594e+00 -1.2032173014e-15 0.0000000000e+00 -1.2032173014e-15 -1.6472883594e+00 0.0000000000e+00 0.0000000000e+00 0.0000000000e+00 6.4157432907e-01
642.50400000 -1.6414893672e+00 -1.2032173014e-15 0.0000000000e+00 -1.2032173014e-15 -1.6414893672e+00 0.0000000000e+00 0.0000000000e+00 0.0000000000e+00 6.4414215161e-01
642.65600000 -1.6356993915e+00 -1.1230028146e-15 0.0000000000e+00 -1.1230028146e-15 -1.6356993915e+00 0.0000000000e+00 0.0000000000e+00 0.0000000000e+00 6.4670739639e-01
642.80800000 -1.6299184109e+00 -1.2032173014e-15 0.0000000000e+00 -1.2032173014e-15 -1.6299184109e+00 0.0000000000e+00 0.0000000000e+00 0.0000000000e+00 6.4927006706e-01
642.96000000 -1.6241464041e+00 -1.2032173014e-15 0.0000000000e+00 -1.2032173014e-15 -1.6241464041e+00 0.0000000000e+00 0.0000000000e+00 0.0000000000e+00 6.5183016729e-01
643.11200000 -1.6183833498e+00 -1.1230028146e-15 0.0000000000e+00 -1.1230028146e-15 -1.6183833498e+00 0.0000000000e+00 0.0000000000e+00 0.0000000000e+00 6.5438770071e-01
643.26400000 -1.6126292270e+00 -1.1230028146e-15 0.0000000000e+00 -1.1230028146e-15 -1.6126292270e+00 0.0000000000e+00 0.0000000000e+00 0.0000000000e+00 6.5694267099e-01
643.41600000 -1.6068840145e+00 -1.1230028146e-15 0.0000000000e+00 -1.1230028146e-15 -1.6068840145e+00 0.0000000000e+00 0.0000000000e+00 0.0000000000e+00 6.5949508174e-01
643.56800000 -1.6011476914e+00 -1.1230028146e-15 0.0000000000e+00 -1.1230028146e-15 -1.6011476914e+00 0.0000000000e+00 0.0000000000e+00 0.0000000000e+00 6.6204493661e-01
643.72000000 -1.5954202366e+00 -1.1230028146e-15 0.0000000000e+00 -1.1230028146e-15 -1.5954202366e+00 0.0000000000e+00 0.0000000000e+00 0.0000000000e+00 6.6459223922e-01
643.87200000 -1.5897016293e+00 -1.2032173014e-15 0.0000000000e+00 -1.2032173014e-15 -1.5897016293e+00 0.0000000000e+00 0.0000000000e+00 0.0000000000e+00 6.6713699319e-01
644.02400000 -1.5839918486e+00 -1.1230028146e-15 0.0000000000e+00 -1.1230028146e-15 -1.5839918486e+00 0.0000000000e+00 0.0000000000e+00 0.0000000000e+00 6.6967920211e-01
644.17600000 -1.5782908739e+00 -1.1230028146e-15 0.0000000000e+00 -1.1230028146e-15 -1.5782908739e+00 0.0000000000e+00 0.0000000000e+00 0.0000000000e+00 6.7221886961e-01
644.32800000 -1.5725986843e+00 -1.1230028146e-15 0.0000000000e+00 -1.1230028146e-15 -1.5725986843e+00 0.0000000000e+00 0.0000000000e+00 0.0000000000e+00 6.7475599927e-01
644.48000000 -1.5669152594e+00 -1.1230028146e-15 0.0000000000e+00 -1.1230028146e-15 -1.5669152594e+00 0.0000000000e+00 0.0000000000e+00 0.0000000000e+00 6.7729059469e-01
644.63200000 -1.5612405785e+00 -1.1230028146e-15 0.0000000000e+00 -1.1230028146e-15 -1.5612405785e+00 0.0000000000e+00 0.0000000000e+00 0.0000000000e+00 6.7982265945e-01
644.78400000 -1.5555746211e+00 -1.1230028146e-15 0.0000000000e+00 -1.1230028146e-15 -1.5555746211e+00 0.0000000000e+00 0.0000000000e+00 0.0000000000e+00 6.8235219712e-01
644.93600000 -1.5499173669e+00 -1.1230028146e-15 0.0000000000e+00 -1.1230028146e-15 -1.5499173669e+00 0.0000000000e+00 0.0000000000e+00 0.0000000000e+00 6.8487921128e-01
645.08800000 -1.5442687954e+00 -1.1230028146e-15 0.0000000000e+00 -1.1230028146e-15 -1.5442687954e+00 0.0000000000e+00 0.0000000000e+00 0.0000000000e+00 6.8740370549e-01
645.24000000 -1.5386288864e+00 -1.1230028146e-15 0.0000000000e+00 -1.1230028146e-15 -1.5386288864e+00 0.0000000000e+00 0.0000000000e+00 0.0000000000e+00 6.8992568331e-01
645.39200000 -1.5329976197e+00 -1.1230028146e-15 0.0000000000e+00 -1.1230028146e-15 -1.5329976197e+00 0.0000000000e+00 0.0000000000e+00 0.0000000000e+00 6.9244514828e-01
645.54400000 -1.5273749750e+00 -1.1230028146e-15 0.0000000000e+00 -1.1230028146e-15 -1.5273749750e+00 0.0000000000e+00 0.0000000000e+00 0.0000000000e+00 6.9496210396e-01
645.69600000 -1.5217609323e+00 -1.1230028146e-15 0.0000000000e+00 -1.1230028146e-15 -1.5217609323e+00 0.0000000000e+00 0.0000000000e+00 0.0000000000e+00 6.9747655388e-01
645.84800000 -1.5161554715e+00 -1.1230028146e-15 0.0000000000e+00 -1.1230028146e-15 -1.5161554715e+00 0.0000000000e+00 0.0000000000e+00 0.0000000000e+00 6.9998850156e-01
646.00000000 -1.5105585726e+00 -1.1230028146e-15 0.0000000000e+00 -1.1230028146e-15 -1.5105585726e+00 0.0000000000e+00 0.0000000000e+00 0.0000000000e+00 7.0249795054e-01
646.15200000 -1.5049702158e+00 -1.1230028146e-15 0.0000000000e+00 -1.1230028146e-15 -1.5049702158e+00 0.0000000000e+00 0.0000000000e+00 0.0000000000e+00 7.0500490434e-01
646.30400000 -1.4993903812e+00 -1.1230028146e-15 0.0000000000e+00 -1.1230028146e-15 -1.4993903812e+00 0.0000000000e+00 0.0000000000e+00 0.0000000000e+00 7.0750936646e-01
646.45600000 -1.4938190489e+00 -1.1230028146e-15 0.0000000000e+00 -1.1230028146e-15 -1.4938190489e+00 0.0000000000e+00 0.0000000000e+00 0.0000000000e+00 7.1001134041e-01
646.60800000 -1.4882561994e+00 -1.1230028146e-15 0.0000000000e+00 -1.1230028146e-15 -1.4882561994e+00 0.0000000000e+00 0.0000000000e+00 0.0000000000e+00 7.1251082968e-01
646.76000000 -1.4827018128e+00 -1.1230028146e-15 0.0000000000e+00 -1.1230028146e-15 -1.4827018128e+00 0.0000000000e+00 0.0000000000e+00 0.0000000000e+00 7.1500783778e-01
646.91200000 -1.4771558696e+00 -1.1230028146e-15 0.0000000000e+00 -1.1230028146e-15 -1.4771558696e+00 0.0000000000e+00 0.0000000000e+00 0.0000000000e+00 7.1750236818e-01
647.06400000 -1.4716183503e+00 -1.1230028146e-15 0.0000000000e+00 -1.1230028146e-15 -1.4716183503e+00 0.0000000000e+00 0.0000000000e+00 0.0000000000e+00 7.1999442437e-01
647.21600000 -1.4660892354e+00 -1.1230028146e-15 0.0000000000e+00 -1.1230028146e-15 -1.4660892354e+00 0.0000000000e+00 0.0000000000e+00 0.0000000000e+00 7.2248400981e-01
647.36800000 -1.4605685055e+00 -1.1230028146e-15 0.0000000000e+00 -1.1230028146e-15 -1.4605685055e+00 0.0000000000e+00 0.0000000000e+00 0.0000000000e+00 7.2497112798e-01
647.52000000 -1.4550561411e+00 -1.1230028146e-15 0.0000000000e+00 -1.1230028146e-15 -1.4550561411e+00 0.0000000000e+00 0.0000000000e+00 0.0000000000e+00 7.2745578233e-01
647.67200000 -1.4495521231e+00 -1.0427883279e-15 0.0000000000e+00 -1.0427883279e-15 -1.4495521231e+00 0.0000000000e+00 0.0000000000e+00 0.0000000000e+00 7.2993797633e-01
647.82400000 -1.4440564321e+00 -1.1230028146e-15 0.0000000000e+00 -1.1230028146e-15 -1.4440564321e+00 0.0000000000e+00 0.0000000000e+00 0.0000000000e+00 7.3241771341e-01
647.97600000 -1.4385690490e+00 -1.1230028146e-15 0.0000000000e+00 -1.1230028146e-15 -1.4385690490e+00 0.0000000000e+00 0.0000000000e+00 0.0000000000e+00 7.3489499701e-01
648.12800000 -1.4330899547e+00 -1.1230028146e-15 0.0000000000e+00 -1.1230028146e-15 -1.4330899547e+00 0.0000000000e+00 0.0000000000e+00 0.0000000000e+00 7.3736983058e-01
648.28000000 -1.4276191301e+00 -1.0427883279e-15 0.0000000000e+00 -1.0427883279e-15 -1.4276191301e+00 0.0000000000e+00 0.0000000000e+00 0.0000000000e+00 7.3984221754e-01
648.43200000 -1.4221565562e+00 -1.1230028146e-15 0.0000000000e+00 -1.1230028146e-15 -1.4221565562e+00 0.0000000000e+00 0.0000000000e+00 0.0000000000e+00 7.4231216131e-01
648.58400000 -1.4167022141e+00 -1.1230028146e-15 0.0000000000e+00 -1.1230028146e-15 -1.4167022141e+00 0.0000000000e+00 0.0000000000e+00 0.0000000000e+00 7.4477966531e-01
648.73600000 -1.4112560849e+00 -1.1230028146e-15 0.0000000000e+00 -1.1230028146e-15 -1.4112560849e+00 0.0000000000e+00 0.0000000000e+00 0.0000000000e+00 7.4724473295e-01
648.88800000 -1.4058181498e+00 -1.1230028146e-15 0.0000000000e+00 -1.1230028146e-15 -1.4058181498e+00 0.0000000000e+00 0.0000000000e+00 0.0000000000e+00 7.4970736763e-01
649.04000000 -1.4003883900e+00 -1.0427883279e-15 0.0000000000e+00 -1.0427883279e-15 -1.4003883900e+00 0.0000000000e+00 0.0000000000e+00 0.0000000000e+00 7.5216757275e-01
649.19200000 -1.3949667869e+00 -1.1230028146e-15 0.0000000000e+00 -1.1230028146e-15 -1.3949667869e+00 0.0000000000e+00 0.0000000000e+00 0.0000000000e+00 7.5462535170e-01
649.34400000 -1.3895533216e+00 -1.1230028146e-15 0.0000000000e+00 -1.1230028146e-15 -1.3895533216e+00 0.0000000000e+00 0.0000000000e+00 0.0000000000e+00 7.5708070787e-01
649.49600000 -1.3841479758e+00 -1.0427883279e-15 0.0000000000e+00 -1.0427883279e-15 -1.3841479758e+00 0.0000000000e+00 0.0000000000e+00 0.0000000000e+00 7.5953364463e-01
649.64800000 -1.3787507308e+00 -1.0427883279e-15 0.0000000000e+00 -1.0427883279e-15 -1.3787507308e+00 0.0000000000e+00 0.0000000000e+00 0.0000000000e+00 7.6198416536e-01
649.80000000 -1.3733615682e+00 -1.0427883279e-15 0.0000000000e+00 -1.0427883279e-15 -1.3733615682e+00 0.0000000000e+00 0.0000000000e+00 0.0000000000e+00 7.6443227342e-01
649.95200000 -1.3679804695e+00 -1.0427883279e-15 0.0000000000e+00 -1.0427883279e-15 -1.3679804695e+00 0.0000000000e+00 0.0000000000e+00 0.0000000000e+00 7.6687797218e-01
650.10400000 -1.3626074164e+00 -1.1230028146e-15 0.0000000000e+00 -1.1230028146e-15 -1.3626074164e+00 0.0000000000e+00 0.0000000000e+00 0.0000000000e+00 7.6932126498e-01
650.25600000 -1.3572423906e+00 -1.1230028146e-15 0.0000000000e+00 -1.1230028146e-15 -1.3572423906e+00 0.0000000000e+00 0.0000000000e+00 0.0000000000e+00 7.7176215518e-01
650.40800000 -1.3518853739e+00 -1.0828955712e-15 0.0000000000e+00 -1.0828955712e-15 -1.3518853739e+00 0.0000000000e+00 0.0000000000e+00 0.0000000000e+00 7.7420064612e-01
650.56000000 -1.3465363480e+00 -1.0828955712e-15 0.0000000000e+00 -1.0828955712e-15 -1.3465363480e+00 0.0000000000e+00 0.0000000000e+00 0.0000000000e+00 7.7663674114e-01
650.71200000 -1.3411952948e+00 -1.0828955712e-15 0.0000000000e+00 -1.0828955712e-15 -1.3411952948e+00 0.0000000000e+00 0.0000000000e+00 0.0000000000e+00 7.7907044356e-01
650.86400000 -1.3358621963e+00 -1.0828955712e-15 0.0000000000e+00 -1.0828955712e-15 -1.3358621963e+00 0.0000000000e+00 0.0000000000e+00 0.0000000000e+00 7.8150175670e-01
651.01600000 -1.3305370344e+00 -1.0828955712e-15 0.0000000000e+00 -1.0828955712e-15 -1.3305370344e+00 0.0000000000e+00 0.0000000000e+00 0.0000000000e+00 7.8393068389e-01
651.16800000 -1.3252197911e+00 -1.0828955712e-15 0.0000000000e+00 -1.0828955712e-15 -1.3252197911e+00 0.0000000000e+00 0.0000000000e+00 0.0000000000e+00 7.8635722844e-01
651.32000000 -1.3199104486e+00 -1.0828955712e-15 0.0000000000e+00 -1.0828955712e-15 -1.3199104486e+00 0.0000000000e+00 0.0000000000e+00 0.0000000000e+00 7.8878139365e-01
651.47200000 -1.3146089889e+00 -1.0828955712e-15 0.0000000000e+00 -1.0828955712e-15 -1.3146089889e+00 0.0000000000e+00 0.0000000000e+00 0.0000000000e+00 7.9120318283e-01
651.62400000 -1.3093153944e+00 -1.0828955712e-15 0.0000000000e+00 -1.0828955712e-15 -1.3093153944e+00 0.0000000000e+00 0.0000000000e+00 0.0000000000e+00 7.9362259926e-01
651.77600000 -1.3040296471e+00 -1.0427883279e-15 0.0000000000e+00 -1.0427883279e-15 -1.3040296471e+00 0.0000000000e+00 0.0000000000e+00 0.0000000000e+00 7.9603964624e-01
651.92800000 -1.2987517295e+00 -1.0828955712e-15 0.0000000000e+00 -1.0828955712e-15 -1.2987517295e+00 0.0000000000e+00 0.0000000000e+00 0.0000000000e+00 7.9845432704e-01
652.08000000 -1.2934816238e+00 -1.0427883279e-15 0.0000000000e+00 -1.0427883279e-15 -1.2934816238e+00 0.0000000000e+00 0.0000000000e+00 0.0000000000e+00 8.0086664494e-01
652.23200000 -1.2882193126e+00 -1.0828955712e-15 0.0000000000e+00 -1.0828955712e-15 -1.2882193126e+00 0.0000000000e+00 0.0000000000e+00 0.0000000000e+00 8.0327660322e-01
652.38400000 -1.2829647783e+00 -1.0828955712e-15 0.0000000000e+00 -1.0828955712e-15 -1.2829647783e+00 0.0000000000e+00 0.0000000000e+00 0.0000000000e+00 8.0568420514e-01
652.53600000 -1.2777180033e+00 -1.0828955712e-15 0.0000000000e+00 -1.0828955712e-15 -1.2777180033e+00 0.0000000000e+00 0.0000000000e+00 0.0000000000e+00 8.0808945394e-01
652.68800000 -1.2724789703e+00 -1.0427883279e-15 0.0000000000e+00 -1.0427883279e-15 -1.2724789703e+00 0.0000000000e+00 0.0000000000e+00 0.0000000000e+00 8.1049235290e-01
652.84000000 -1.2672476619e+00 -1.0828955712e-15 0.0000000000e+00 -1.0828955712e-15 -1.2672476619e+00 0.0000000000e+00 0.0000000000e+00 0.0000000000e+00 8.1289290524e-01
652.99200000 -1.2620240607e+00 -1.0828955712e-15 0.0000000000e+00 -1.0828955712e-15 -1.2620240607e+00 0.0000000000e+00 0.0000000000e+00 0.0000000000e+00 8.1529111423e-01
653.14400000 -1.2568081496e+00 -1.0427883279e-15 0.0000000000e+00 -1.0427883279e-15 -1.2568081496e+00 0.0000000000e+00 0.0000000000e+00 0.0000000000e+00 8.1768698307e-01
653.29600000 -1.2515999112e+00 -1.0427883279e-15 0.0000000000e+00 -1.0427883279e-15 -1.2515999112e+00 0.0000000000e+00 0.0000000000e+00 0.0000000000e+00 8.2008051502e-01
653.44800000 -1.2463993285e+00 -1.0427883279e-15 0.0000000000e+00 -1.0427883279e-15 -1.2463993285e+00 0.0000000000e+00 0.0000000000e+00 0.0000000000e+00 8.2247171329e-01
653.60000000 -1.2412063843e+00 -1.0427883279e-15 0.0000000000e+00 -1.0427883279e-15 -1.2412063843e+00 0.0000000000e+00 0.0000000000e+00 0.0000000000e+00 8.2486058109e-01
653.75200000 -1.2360210616e+00 -1.0427883279e-15 0.0000000000e+00 -1.0427883279e-15 -1.2360210616e+00 0.0000000000e+00 0.0000000000e+00 0.0000000000e+00 8.2724712164e-01
653.90400000 -1.2308433433e+00 -1.0427883279e-15 0.0000000000e+00 -1.0427883279e-15 -1.2308433433e+00 0.0000000000e+00 0.0000000000e+00 0.0000000000e+00 8.2963133815e-01
654.05600000 -1.2256732124e+00 -1.0828955712e-15 0.0000000000e+00 -1.0828955712e-15 -1.2256732124e+00 0.0000000000e+00 0.0000000000e+00 0.0000000000e+00 8.3201323381e-01
654.20800000 -1.2205106522e+00 -1.0828955712e-15 0.0000000000e+00 -1.0828955712e-15 -1.2205106522e+00 0.0000000000e+00 0.0000000000e+00 0.0000000000e+00 8.3439281181e-01
654.36000000 -1.2153556457e+00 -1.0828955712e-15 0.0000000000e+00 -1.0828955712e-15 -1.2153556457e+00 0.0000000000e+00 0.0000000000e+00 0.0000000000e+00 8.3677007536e-01
654.51200000 -1.2102081762e+00 -1.0427883279e-15 0.0000000000e+00 -1.0427883279e-15 -1.2102081762e+00 0.0000000000e+00 0.0000000000e+00 0.0000000000e+00 8.3914502762e-01
654.66400000 -1.2050682268e+00 -1.0828955712e-15 0.0000000000e+00 -1.0828955712e-15 -1.2050682268e+00 0.0000000000e+00 0.0000000000e+00 0.0000000000e+00 8.4151767178e-01
654.81600000 -1.1999357809e+00 -1.0828955712e-15 0.0000000000e+00 -1.0828955712e-15 -1.1999357809e+00 0.0000000000e+00 0.0000000000e+00 0.0000000000e+00 8.4388801100e-01
654.96800000 -1.1948108218e+00 -1.0427883279e-15 0.0000000000e+00 -1.0427883279e-15 -1.1948108218e+00 0.0000000000e+00 0.0000000000e+00 0.0000000000e+00 8.4625604846e-01
655.12000000 -1.1896933330e+00 -1.0427883279e-15 0.0000000000e+00 -1.0427883279e-15 -1.1896933330e+00 0.0000000000e+00 0.0000000000e+00 0.0000000000e+00 8.4862178731e-01
655.27200000 -1.1845832978e+00 -1.0427883279e-15 0.0000000000e+00 -1.0427883279e-15 -1.1845832978e+00 0.0000000000e+00 0.0000000000e+00 0.0000000000e+00 8.5098523071e-01
655.42400000 -1.1794806998e+00 -1.0427883279e-15 0.0000000000e+00 -1.0427883279e-15 -1.1794806998e+00 0.0000000000e+00 0.0000000000e+00 0.0000000000e+00 8.5334638180e-01
655.57600000 -1.1743855226e+00 -1.0427883279e-15 0.0000000000e+00 -1.0427883279e-15 -1.1743855226e+00 0.0000000000e+00 0.0000000000e+00 0.0000000000e+00 8.5570524373e-01
655.72800000 -1.1692977496e+00 -1.0427883279e-15 0.0000000000e+00 -1.0427883279e-15 -1.1692977496e+00 0.0000000000e+00 0.0000000000e+00 0.0000000000e+00 8.5806181963e-01
655.88000000 -1.1642173646e+00 -1.0427883279e-15 0.0000000000e+00 -1.0427883279e-15 -1.1642173646e+00 0.0000000000e+00 0.0000000000e+00 0.0000000000e+00 8.6041611264e-01
656.03200000 -1.1591443513e+00 -1.0427883279e-15 0.0000000000e+00 -1.0427883279e-15 -1.1591443513e+00 0.0000000000e+00 0.0000000000e+00 0.0000000000e+00 8.6276812588e-01
656.18400000 -1.1540786933e+00 -1.0427883279e-15 0.0000000000e+00 -1.0427883279e-15 -1.1540786933e+00 0.0000000000e+00 0.0000000000e+00 0.0000000000e+00 8.6511786248e-01
656.33600000 -1.1490203746e+00 -1.0427883279e-15 0.0000000000e+00 -1.0427883279e-15 -1.1490203746e+00 0.0000000000e+00 0.0000000000e+00 0.0000000000e+00 8.6746532554e-01
656.48800000 -1.1439693789e+00 -1.0427883279e-15 0.0000000000e+00 -1.0427883279e-15 -1.1439693789e+00 0.0000000000e+00 0.0000000000e+00 0.0000000000e+00 8.6981051818e-01
656.64000000 -1.1389256901e+00 -1.0026810845e-15 0.0000000000e+00 -1.0026810845e-15 -1.1389256901e+00 0.0000000000e+00 0.0000000000e+00 0.0000000000e+00 8.7215344350e-01
656.79200000 -1.1338892922e+00 -1.0026810845e-15 0.0000000000e+00 -1.0026810845e-15 -1.1338892922e+00 0.0000000000e+00 0.0000000000e+00 0.0000000000e+00 8.7449410459e-01
656.94400000 -1.1288601691e+00 -1.0427883279e-15 0.0000000000e+00 -1.0427883279e-15 -1.1288601691e+00 0.0000000000e+00 0.0000000000e+00 0.0000000000e+00 8.7683250456e-01
657.09600000 -1.1238383049e+00 -1.0427883279e-15 0.0000000000e+00 -1.0427883279e-15 -1.1238383049e+00 0.0000000000e+00 0.0000000000e+00 0.0000000000e+00 8.7916864649e-01
657.24800000 -1.1188236837e+00 -1.0427883279e-15 0.0000000000e+00 -1.0427883279e-15 -1.1188236837e+00 0.0000000000e+00 0.0000000000e+00 0.0000000000e+00 8.8150253345e-01
657.40000000 -1.1138162896e+00 -1.0427883279e-15 0.0000000000e+00 -1.0427883279e-15 -1.1138162896e+00 0.0000000000e+00 0.0000000000e+00 0.0000000000e+00 8.8383416853e-01
657.55200000 -1.1088161067e+00 -1.0427883279e-15 0.0000000000e+00 -1.0427883279e-15 -1.1088161067e+00 0.0000000000e+00 0.0000000000e+00 0.0000000000e+00 8.8616355480e-01
657.70400000 -1.1038231193e+00 -1.0427883279e-15 0.0000000000e+00 -1.0427883279e-15 -1.1038231193e+00 0.0000000000e+00 0.0000000000e+00 0.0000000000e+00 8.8849069531e-01
657.85600000 -1.0988373117e+00 -1.0427883279e-15 0.0000000000e+00 -1.0427883279e-15 -1.0988373117e+00 0.0000000000e+00 0.0000000000e+00 0.0000000000e+00 8.9081559314e-01
658.00800000 -1.0938586682e+00 -1.0427883279e-15 0.0000000000e+00 -1.0427883279e-15 -1.0938586682e+00 0.0000000000e+00 0.0000000000e+00 0.0000000000e+00 8.9313825133e-01
658.16000000 -1.0888871730e+00 -1.0427883279e-15 0.0000000000e+00 -1.0427883279e-15 -1.0888871730e+00 0.0000000000e+00 0.0000000000e+00 0.0000000000e+00 8.9545867294e-01
658.31200000 -1.0839228108e+00 -1.0427883279e-15 0.0000000000e+00 -1.0427883279e-15 -1.0839228108e+00 0.0000000000e+00 0.0000000000e+00 0.0000000000e+00 8.9777686100e-01
658.46400000 -1.0789655658e+00 -1.0026810845e-15 0.0000000000e+00 -1.0026810845e-15 -1.0789655658e+00 0.0000000000e+00 0.0000000000e+00 0.0000000000e+00 9.0009281856e-01
658.61600000 -1.0740154226e+00 -1.0026810845e-15 0.0000000000e+00 -1.0026810845e-15 -1.0740154226e+00 0.0000000000e+00 0.0000000000e+00 0.0000000000e+00 9.0240654864e-01
658.76800000 -1.0690723657e+00 -1.0026810845e-15 0.0000000000e+00 -1.0026810845e-15 -1.0690723657e+00 0.0000000000e+00 0.0000000000e+00 0.0000000000e+00 9.0471805428e-01
658.92000000 -1.0641363798e+00 -1.0026810845e-15 0.0000000000e+00 -1.0026810845e-15 -1.0641363798e+00 0.0000000000e+00 0.0000000000e+00 0.0000000000e+00 9.0702733850e-01
659.07200000 -1.0592074495e+00 -1.0026810845e-15 0.0000000000e+00 -1.0026810845e-15 -1.0592074495e+00 0.0000000000e+00 0.0000000000e+00 0.0000000000e+00 9.0933440430e-01
659.22400000 -1.0542855594e+00 -1.0026810845e-15 0.0000000000e+00 -1.0026810845e-15 -1.0542855594e+00 0.0000000000e+00 0.0000000000e+00 0.0000000000e+00 9.1163925471e-01
659.37600000 -1.0493706943e+00 -1.0026810845e-15 0.0000000000e+00 -1.0026810845e-15 -1.0493706943e+00 0.0000000000e+00 0.0000000000e+00 0.0000000000e+00 9.1394189273e-01
659.52800000 -1.0444628389e+00 -1.0026810845e-15 0.0000000000e+00 -1.0026810845e-15 -1.0444628389e+00 0.0000000000e+00 0.0000000000e+00 0.0000000000e+00 9.1624232136e-01
659.68000000 -1.0395619781e+00 -1.0026810845e-15 0.0000000000e+00 -1.0026810845e-15 -1.0395619781e+00 0.0000000000e+00 0.0000000000e+00 0.0000000000e+00 9.1854054360e-01
659.83200000 -1.0346680967e+00 -1.0026810845e-15 0.0000000000e+00 -1.0026810845e-15 -1.0346680967e+00 0.0000000000e+00 0.0000000000e+00 0.0000000000e+00 9.2083656242e-01
659.98400000 -1.0297811797e+00 -1.0026810845e-15 0.0000000000e+00 -1.0026810845e-15 -1.0297811797e+00 0.0000000000e+00 0.0000000000e+00 0.0000000000e+00 9.2313038083e-01
660.13600000 -1.0249012119e+00 -1.0026810845e-15 0.0000000000e+00 -1.0026810845e-15 -1.0249012119e+00 0.0000000000e+00 0.0000000000e+00 0.0000000000e+00 9.2542200179e-01
660.28800000 -1.0200281785e+00 -9.6257384111e-16 0.0000000000e+00 -9.6257384111e-16 -1.0200281785e+00 0.0000000000e+00 0.0000000000e+00 0.0000000000e+00 9.2771142829e-01
660.44000000 -1.0151620643e+00 -9.6257384111e-16 0.0000000000e+00 -9.6257384111e-16 -1.0151620643e+00 0.0000000000e+00 0.0000000000e+00 0.0000000000e+00 9.2999866328e-01
660.59200000 -1.0103028545e+00 -1.0026810845e-15 0.0000000000e+00 -1.0026810845e-15 -1.0103028545e+00 0.0000000000e+00 0.0000000000e+00 0.0000000000e+00 9.3228370974e-01
660.74400000 -1.0054505343e+00 -1.0026810845e-15 0.0000000000e+00 -1.0026810845e-15 -1.0054505343e+00 0.0000000000e+00 0.0000000000e+00 0.0000000000e+00 9.3456657062e-01
660.89600000 -1.0006050888e+00 -1.0026810845e-15 0.0000000000e+00 -1.0026810845e-15 -1.0006050888e+00 0.0000000000e+00 0.0000000000e+00 0.0000000000e+00 9.3684724888e-01
661.04800000 -9.9576650316e-01 -9.6257384111e-16 0.0000000000e+00 -9.6257384111e-16 -9.9576650316e-01 0.0000000000e+00 0.0000000000e+00 0.0000000000e+00 9.3912574746e-01
661.20000000 -9.9093476269e-01 -1.0026810845e-15 0.0000000000e+00 -1.0026810845e-15 -9.9093476269e-01 0.0000000000e+00 0.0000000000e+00 0.0000000000e+00 9.4140206930e-01
661.35200000 -9.8610985269e-01 -1.0026810845e-15 0.0000000000e+00 -1.0026810845e-15 -9.8610985269e-01 0.0000000000e+00 0.0000000000e+00 0.0000000000e+00 9.4367621734e-01
661.50400000 -9.8129175849e-01 -1.0026810845e-15 0.0000000000e+00 -1.0026810845e-15 -9.8129175849e-01 0.0000000000e+00 0.0000000000e+00 0.0000000000e+00 9.4594819452e-01
661.65600000 -9.7648046547e-01 -9.6257384111e-16 0.0000000000e+00 -9.6257384111e-16 -9.7648046547e-01 0.0000000000e+00 0.0000000000e+00 0.0000000000e+00 9.4821800376e-01
661.80800000 -9.7167595906e-01 -1.0026810845e-15 0.0000000000e+00 -1.0026810845e-15 -9.7167595906e-01 0.0000000000e+00 0.0000000000e+00 0.0000000000e+00 9.5048564798e-01
661.96000000 -9.6687822474e-01 -9.6257384111e-16 0.0000000000e+00 -9.6257384111e-16 -9.6687822473e-01 0.0000000000e+00 0.0000000000e+00 0.0000000000e+00 9.5275113011e-01
662.11200000 -9.6208724800e-01 -9.6257384111e-16 0.0000000000e+00 -9.6257384111e-16 -9.6208724800e-01 0.0000000000e+00 0.0000000000e+00 0.0000000000e+00 9.5501445304e-01
662.26400000 -9.5730301441e-01 -9.6257384111e-16 0.0000000000e+00 -9.6257384111e-16 -9.5730301441e-01 0.0000000000e+00 0.0000000000e+00 0.0000000000e+00 9.5727561969e-01
662.41600000 -9.5252550956e-01 -9.6257384111e-16 0.0000000000e+00 -9.6257384111e-16 -9.5252550956e-01 0.0000000000e+00 0.0000000000e+00 0.0000000000e+00 9.5953463296e-01
662.56800000 -9.4775471908e-01 -9.6257384111e-16 0.0000000000e+00 -9.6257384111e-16 -9.4775471908e-01 0.0000000000e+00 0.0000000000e+00 0.0000000000e+00 9.6179149574e-01
662.72000000 -9.4299062866e-01 -9.6257384111e-16 0.0000000000e+00 -9.6257384111e-16 -9.4299062866e-01 0.0000000000e+00 0.0000000000e+00 0.0000000000e+00 9.6404621093e-01
662.87200000 -9.3823322401e-01 -1.0026810845e-15 0.0000000000e+00 -1.0026810845e-15 -9.3823322401e-01 0.0000000000e+00 0.0000000000e+00 0.0000000000e+00 9.6629878142e-01
663.02400000 -9.3348249090e-01 -9.6257384111e-16 0.0000000000e+00 -9.6257384111e-16 -9.3348249090e-01 0.0000000000e+00 0.0000000000e+00 0.0000000000e+00 9.6854921007e-01
663.17600000 -9.2873841512e-01 -9.6257384111e-16 0.0000000000e+00 -9.6257384111e-16 -9.2873841512e-01 0.0000000000e+00 0.0000000000e+00 0.0000000000e+00 9.7079749978e-01
663.32800000 -9.2400098252e-01 -9.6257384111e-16 0.0000000000e+00 -9.6257384111e-16 -9.2400098252e-01 0.0000000000e+00 0.0000000000e+00 0.0000000000e+00 9.7304365340e-01
663.48000000 -9.1927017899e-01 -9.6257384111e-16 0.0000000000e+00 -9.6257384111e-16 -9.1927017899e-01 0.0000000000e+00 0.0000000000e+00 0.0000000000e+00 9.7528767381e-01
663.63200000 -9.1454599044e-01 -9.6257384111e-16 0.0000000000e+00 -9.6257384111e-16 -9.1454599044e-01 0.0000000000e+00 0.0000000000e+00 0.0000000000e+00 9.7752956386e-01
663.78400000 -9.0982840284e-01 -1.0026810845e-15 0.0000000000e+00 -1.0026810845e-15 -9.0982840284e-01 0.0000000000e+00 0.0000000000e+00 0.0000000000e+00 9.7976932642e-01
663.93600000 -9.0511740220e-01 -9.6257384111e-16 0.0000000000e+00 -9.6257384111e-16 -9.0511740220e-01 0.0000000000e+00 0.0000000000e+00 0.0000000000e+00 9.8200696433e-01
664.08800000 -9.0041297456e-01 -9.6257384111e-16 0.0000000000e+00 -9.6257384111e-16 -9.0041297456e-01 0.0000000000e+00 0.0000000000e+00 0.0000000000e+00 9.8424248044e-01
664.24000000 -8.9571510601e-01 -9.6257384111e-16 0.0000000000e+00 -9.6257384111e-16 -8.9571510601e-01 0.0000000000e+00 0.0000000000e+00 0.0000000000e+00 9.8647587759e-01
664.39200000 -8.9102378267e-01 -9.6257384111e-16 0.0000000000e+00 -9.6257384111e-16 -8.9102378267e-01 0.0000000000e+00 0.0000000000e+00 0.0000000000e+00 9.8870715861e-01
664.54400000 -8.8633899071e-01 -9.6257384111e-16 0.0000000000e+00 -9.6257384111e-16 -8.8633899071e-01 0.0000000000e+00 0.0000000000e+00 0.0000000000e+00 9.9093632634e-01
664.69600000 -8.8166071634e-01 -9.6257384111e-16 0.0000000000e+00 -9.6257384111e-16 -8.8166071634e-01 0.0000000000e+00 0.0000000000e+00 0.0000000000e+00 9.9316338360e-01
664.84800000 -8.7698894579e-01 -9.6257384111e-16 0.0000000000e+00 -9.6257384111e-16 -8.7698894579e-01 0.0000000000e+00 0.0000000000e+00 0.0000000000e+00 9.9538833322e-01
665.00000000 -8.7232366536e-01 -9.6257384111e-16 0.0000000000e+00 -9.6257384111e-16 -8.7232366536e-01 0.0000000000e+00 0.0000000000e+00 0.0000000000e+00 9.9761117800e-01
665.15200000 -8.6766486136e-01 -9.6257384111e-16 0.0000000000e+00 -9.6257384111e-16 -8.6766486136e-01 0.0000000000e+00 0.0000000000e+00 0.0000000000e+00 9.9983192077e-01
665.30400000 -8.6301252016e-01 -9.2246659773e-16 0.0000000000e+00 -9.2246659773e-16 -8.6301252016e-01 0.0000000000e+00 0.0000000000e+00 0.0000000000e+00 1.0020505643e+00
665.45600000 -8.5836662815e-01 -9.2246659773e-16 0.0000000000e+00 -9.2246659773e-16 -8.5836662815e-01 0.0000000000e+00 0.0000000000e+00 0.0000000000e+00 1.0042671115e+00
665.60800000 -8.5372717179e-01 -9.6257384111e-16 0.0000000000e+00 -9.6257384111e-16 -8.5372717179e-01 0.0000000000e+00 0.0000000000e+00 0.0000000000e+00 1.0064815650e+00
665.76000000 -8.4909413754e-01 -9.2246659773e-16 0.0000000000e+00 -9.2246659773e-16 -8.4909413754e-01 0.0000000000e+00 0.0000000000e+00 0.0000000000e+00 1.0086939277e+00
665.91200000 -8.4446751193e-01 -9.6257384111e-16 0.0000000000e+00 -9.6257384111e-16 -8.4446751193e-01 0.0000000000e+00 0.0000000000e+00 0.0000000000e+00 1.0109042023e+00
666.06400000 -8.3984728150e-01 -9.2246659773e-16 0.0000000000e+00 -9.2246659773e-16 -8.3984728150e-01 0.0000000000e+00 0.0000000000e+00 0.0000000000e+00 1.0131123917e+00
666.21600000 -8.3523343286e-01 -9.6257384111e-16 0.0000000000e+00 -9.6257384111e-16 -8.3523343286e-01 0.0000000000e+00 0.0000000000e+00 0.0000000000e+00 1.0153184987e+00
666.36800000 -8.3062595264e-01 -9.6257384111e-16 0.0000000000e+00 -9.6257384111e-16 -8.3062595264e-01 0.0000000000e+00 0.0000000000e+00 0.0000000000e+00 1.0175225259e+00
666.52000000 -8.2602482749e-01 -9.6257384111e-16 0.0000000000e+00 -9.6257384111e-16 -8.2602482749e-01 0.0000000000e+00 0.0000000000e+00 0.0000000000e+00 1.0197244762e+00
666.67200000 -8.2143004414e-01 -9.6257384111e-16 0.0000000000e+00 -9.6257384111e-16 -8.2143004414e-01 0.0000000000e+00 0.0000000000e+00 0.0000000000e+00 1.0219243523e+00
666.82400000 -8.1684158933e-01 -9.2246659773e-16 0.0000000000e+00 -9.2246659773e-16 -8.1684158933e-01 0.0000000000e+00 0.0000000000e+00 0.0000000000e+00 1.0241221570e+00
666.97600000 -8.1225944984e-01 -9.6257384111e-16 0.0000000000e+00 -9.6257384111e-16 -8.1225944984e-01 0.0000000000e+00 0.0000000000e+00 0.0000000000e+00 1.0263178930e+00
667.12800000 -8.0768361249e-01 -1.0026810845e-15 0.0000000000e+00 -1.0026810845e-15 -8.0768361249e-01 0.0000000000e+00 0.0000000000e+00 0.0000000000e+00 1.0285115631e+00
667.28000000 -8.0311406414e-01 -9.6257384111e-16 0.0000000000e+00 -9.6257384111e-16 -8.0311406414e-01 0.0000000000e+00 0.0000000000e+00 0.0000000000e+00 1.0307031700e+00
667.43200000 -7.9855079168e-01 -9.6257384111e-16 0.0000000000e+00 -9.6257384111e-16 -7.9855079168e-01 0.0000000000e+00 0.0000000000e+00 0.0000000000e+00 1.0328927165e+00
667.58400000 -7.9399378204e-01 -9.2246659773e-16 0.0000000000e+00 -9.2246659773e-16 -7.9399378204e-01 0.0000000000e+00 0.0000000000e+00 0.0000000000e+00 1.0350802053e+00
667.73600000 -7.8944302220e-01 -9.2246659773e-16 0.0000000000e+00 -9.2246659773e-16 -7.8944302220e-01 0.0000000000e+00 0.0000000000e+00 0.0000000000e+00 1.0372656391e+00
667.88800000 -7.8489849916e-01 -9.2246659773e-16 0.0000000000e+00 -9.2246659773e-16 -7.8489849916e-01 0.0000000000e+00 0.0000000000e+00 0.0000000000e+00 1.0394490207e+00
668.04000000 -7.8036019996e-01 -9.6257384111e-16 0.0000000000e+00 -9.6257384111e-16 -7.8036019996e-01 0.0000000000e+00 0.0000000000e+00 0.0000000000e+00 1.0416303527e+00
668.19200000 -7.7582811168e-01 -9.2246659773e-16 0.0000000000e+00 -9.2246659773e-16 -7.7582811168e-01 0.0000000000e+00 0.0000000000e+00 0.0000000000e+00 1.0438096380e+00
668.34400000 -7.7130222143e-01 -9.2246659773e-16 0.0000000000e+00 -9.2246659773e-16 -7.7130222143e-01 0.0000000000e+00 0.0000000000e+00 0.0000000000e+00 1.0459868791e+00
668.49600000 -7.6678251637e-01 -9.6257384111e-16 0.0000000000e+00 -9.6257384111e-16 -7.6678251637e-01 0.0000000000e+00 0.0000000000e+00 0.0000000000e+00 1.0481620788e+00
668.64800000 -7.6226898368e-01 -9.6257384111e-16 0.0000000000e+00 -9.6257384111e-16 -7.6226898368e-01 0.0000000000e+00 0.0000000000e+00 0.0000000000e+00 1.0503352399e+00
668.80000000 -7.5776161059e-01 -9.6257384111e-16 0.0000000000e+00 -9.6257384111e-16 -7.5776161059e-01 0.0000000000e+00 0.0000000000e+00 0.0000000000e+00 1.0525063649e+00
668.95200000 -7.5326038435e-01 -9.6257384111e-16 0.0000000000e+00 -9.6257384111e-16 -7.5326038435e-01 0.0000000000e+00 0.0000000000e+00 0.0000000000e+00 1.0546754567e+00
669.10400000 -7.4876529227e-01 -9.2246659773e-16 0.0000000000e+00 -9.2246659773e-16 -7.4876529227e-01 0.0000000000e+00 0.0000000000e+00 0.0000000000e+00 1.0568425178e+00
669.25600000 -7.4427632166e-01 -9.2246659773e-16 0.0000000000e+00 -9.2246659773e-16 -7.4427632166e-01 0.0000000000e+00 0.0000000000e+00 0.0000000000e+00 1.0590075509e+00
669.40800000 -7.3979345990e-01 -9.2246659773e-16 0.0000000000e+00 -9.2246659773e-16 -7.3979345990e-01 0.0000000000e+00 0.0000000000e+00 0.0000000000e+00 1.0611705588e+00
669.56000000 -7.3531669440e-01 -9.2246659773e-16 0.0000000000e+00 -9.2246659773e-16 -7.3531669440e-01 0.0000000000e+00 0.0000000000e+00 0.0000000000e+00 1.0633315442e+00
669.71200000 -7.3084601257e-01 -9.6257384111e-16 0.0000000000e+00 -9.6257384111e-16 -7.3084601257e-01 0.0000000000e+00 0.0000000000e+00 0.0000000000e+00 1.0654905096e+00
669.86400000 -7.2638140191e-01 -9.6257384111e-16 0.0000000000e+00 -9.6257384111e-16 -7.2638140191e-01 0.0000000000e+00 0.0000000000e+00 0.0000000000e+00 1.0676474577e+00
670.01600000 -7.2192284990e-01 -9.6257384111e-16 0.0000000000e+00 -9.6257384111e-16 -7.2192284990e-01 0.0000000000e+00 0.0000000000e+00 0.0000000000e+00 1.0698023913e+00
670.16800000 -7.1747034411e-01 -9.6257384111e-16 0.0000000000e+00 -9.6257384111e-16 -7.1747034411e-01 0.0000000000e+00 0.0000000000e+00 0.0000000000e+00 1.0719553129e+00
670.32000000 -7.1302387209e-01 -9.2246659773e-16 0.0000000000e+00 -9.2246659773e-16 -7.1302387209e-01 0.0000000000e+00 0.0000000000e+00 0.0000000000e+00 1.0741062252e+00
670.47200000 -7.0858342147e-01 -9.6257384111e-16 0.0000000000e+00 -9.6257384111e-16 -7.0858342146e-01 0.0000000000e+00 0.0000000000e+00 0.0000000000e+00 1.0762551309e+00
670.62400000 -7.0414897988e-01 -9.6257384111e-16 0.0000000000e+00 -9.6257384111e-16 -7.0414897988e-01 0.0000000000e+00 0.0000000000e+00 0.0000000000e+00 1.0784020326e+00
670.77600000 -6.9972053501e-01 -9.2246659773e-16 0.0000000000e+00 -9.2246659773e-16 -6.9972053501e-01 0.0000000000e+00 0.0000000000e+00 0.0000000000e+00 1.0805469329e+00
670.92800000 -6.9529807457e-01 -9.2246659773e-16 0.0000000000e+00 -9.2246659773e-16 -6.9529807457e-01 0.0000000000e+00 0.0000000000e+00 0.0000000000e+00 1.0826898344e+00
671.08000000 -6.9088158632e-01 -9.2246659773e-16 0.0000000000e+00 -9.2246659773e-16 -6.9088158632e-01 0.0000000000e+00 0.0000000000e+00 0.0000000000e+00 1.0848307399e+00
671.23200000 -6.8647105802e-01 -9.6257384111e-16 0.0000000000e+00 -9.6257384111e-16 -6.8647105802e-01 0.0000000000e+00 0.0000000000e+00 0.0000000000e+00 1.0869696519e+00
671.38400000 -6.8206647750e-01 -9.6257384111e-16 0.0000000000e+00 -9.6257384111e-16 -6.8206647750e-01 0.0000000000e+00 0.0000000000e+00 0.0000000000e+00 1.0891065730e+00
671.53600000 -6.7766783262e-01 -9.6257384111e-16 0.0000000000e+00 -9.6257384111e-16 -6.7766783262e-01 0.0000000000e+00 0.0000000000e+00 0.0000000000e+00 1.0912415058e+00
671.68800000 -6.7327511124e-01 -9.2246659773e-16 0.0000000000e+00 -9.2246659773e-16 -6.7327511124e-01 0.0000000000e+00 0.0000000000e+00 0.0000000000e+00 1.0933744530e+00
671.84000000 -6.6888830129e-01 -9.2246659773e-16 0.0000000000e+00 -9.2246659773e-16 -6.6888830129e-01 0.0000000000e+00 0.0000000000e+00 0.0000000000e+00 1.0955054172e+00
671.99200000 -6.6450739072e-01 -9.2246659773e-16 0.0000000000e+00 -9.2246659773e-16 -6.6450739072e-01 0.0000000000e+00 0.0000000000e+00 0.0000000000e+00 1.0976344009e+00
672.14400000 -6.6013236751e-01 -9.2246659773e-16 0.0000000000e+00 -9.2246659773e-16 -6.6013236751e-01 0.0000000000e+00 0.0000000000e+00 0.0000000000e+00 1.0997614068e+00
672.29600000 -6.5576321968e-01 -9.2246659773e-16 0.0000000000e+00 -9.2246659773e-16 -6.5576321968e-01 0.0000000000e+00 0.0000000000e+00 0.0000000000e+00 1.1018864375e+00
672.44800000 -6.5139993529e-01 -9.2246659773e-16 0.0000000000e+00 -9.2246659773e-16 -6.5139993529e-01 0.0000000000e+00 0.0000000000e+00 0.0000000000e+00 1.1040094955e+00
672.60000000 -6.4704250240e-01 -9.2246659773e-16 0.0000000000e+00 -9.2246659773e-16 -6.4704250240e-01 0.0000000000e+00 0.0000000000e+00 0.0000000000e+00 1.1061305834e+00
672.75200000 -6.4269090915e-01 -9.2246659773e-16 0.0000000000e+00 -9.2246659773e-16 -6.4269090915e-01 0.0000000000e+00 0.0000000000e+00 0.0000000000e+00 1.1082497038e+00
672.90400000 -6.3834514367e-01 -9.2246659773e-16 0.0000000000e+00 -9.2246659773e-16 -6.3834514367e-01 0.0000000000e+00 0.0000000000e+00 0.0000000000e+00 1.1103668592e+00
673.05600000 -6.3400519415e-01 -9.6257384111e-16 0.0000000000e+00 -9.6257384111e-16 -6.3400519415e-01 0.0000000000e+00 0.0000000000e+00 0.0000000000e+00 1.1124820524e+00
673.20800000 -6.2967104880e-01 -9.6257384111e-16 0.0000000000e+00 -9.6257384111e-16 -6.2967104880e-01 0.0000000000e+00 0.0000000000e+00 0.0000000000e+00 1.1145952857e+00
673.36000000 -6.2534269587e-01 -9.2246659773e-16 0.0000000000e+00 -9.2246659773e-16 -6.2534269587e-01 0.0000000000e+00 0.0000000000e+00 0.0000000000e+00 1.1167065618e+00
673.51200000 -6.2102012364e-01 -9.2246659773e-16 0.0000000000e+00 -9.2246659773e-16 -6.2102012364e-01 0.0000000000e+00 0.0000000000e+00 0.0000000000e+00 1.1188158832e+00
673.66400000 -6.1670332041e-01 -9.2246659773e-16 0.0000000000e+00 -9.2246659773e-16 -6.1670332041e-01 0.0000000000e+00 0.0000000000e+00 0.0000000000e+00 1.1209232525e+00
673.81600000 -6.1239227454e-01 -9.6257384111e-16 0.0000000000e+00 -9.6257384111e-16 -6.1239227454e-01 0.0000000000e+00 0.0000000000e+00 0.0000000000e+00 1.1230286722e+00
673.96800000 -6.0808697438e-01 -9.2246659773e-16 0.0000000000e+00 -9.2246659773e-16 -6.0808697438e-01 0.0000000000e+00 0.0000000000e+00 0.0000000000e+00 1.1251321449e+00
674.12000000 -6.0378740836e-01 -9.2246659773e-16 0.0000000000e+00 -9.2246659773e-16 -6.0378740836e-01 0.0000000000e+00 0.0000000000e+00 0.0000000000e+00 1.1272336731e+00
674.27200000 -5.9949356491e-01 -9.2246659773e-16 0.0000000000e+00 -9.2246659773e-16 -5.9949356491e-01 0.0000000000e+00 0.0000000000e+00 0.0000000000e+00 1.1293332593e+00
674.42400000 -5.9520543250e-01 -9.2246659773e-16 0.0000000000e+00 -9.2246659773e-16 -5.9520543250e-01 0.0000000000e+00 0.0000000000e+00 0.0000000000e+00 1.1314309061e+00
674.57600000 -5.9092299963e-01 -9.2246659773e-16 0.0000000000e+00 -9.2246659773e-16 -5.9092299963e-01 0.0000000000e+00 0.0000000000e+00 0.0000000000e+00 1.1335266160e+00
674.72800000 -5.8664625482e-01 -9.2246659773e-16 0.0000000000e+00 -9.2246659773e-16 -5.8664625482e-01 0.0000000000e+00 0.0000000000e+00 0.0000000000e+00 1.1356203916e+00
674.88000000 -5.8237518666e-01 -9.2246659773e-16 0.0000000000e+00 -9.2246659773e-16 -5.8237518666e-01 0.0000000000e+00 0.0000000000e+00 0.0000000000e+00 1.1377122352e+00
675.03200000 -5.7810978373e-01 -9.2246659773e-16 0.0000000000e+00 -9.2246659773e-16 -5.7810978373e-01 0.0000000000e+00 0.0000000000e+00 0.0000000000e+00 1.1398021495e+00
675.18400000 -5.7385003465e-01 -9.2246659773e-16 0.0000000000e+00 -9.2246659773e-16 -5.7385003465e-01 0.0000000000e+00 0.0000000000e+00 0.0000000000e+00 1.1418901370e+00
675.33600000 -5.6959592809e-01 -9.2246659773e-16 0.0000000000e+00 -9.2246659773e-16 -5.6959592809e-01 0.0000000000e+00 0.0000000000e+00 0.0000000000e+00 1.1439762002e+00
675.48800000 -5.6534745273e-01 -9.2246659773e-16 0.0000000000e+00 -9.2246659773e-16 -5.6534745273e-01 0.0000000000e+00 0.0000000000e+00 0.0000000000e+00 1.1460603415e+00
675.64000000 -5.6110459729e-01 -9.2246659773e-16 0.0000000000e+00 -9.2246659773e-16 -5.6110459729e-01 0.0000000000e+00 0.0000000000e+00 0.0000000000e+00 1.1481425634e+00
675.79200000 -5.5686735053e-01 -9.2246659773e-16 0.0000000000e+00 -9.2246659773e-16 -5.5686735053e-01 0.0000000000e+00 0.0000000000e+00 0.0000000000e+00 1.1502228686e+00
675.94400000 -5.5263570121e-01 -8.8235935435e-16 0.0000000000e+00 -8.8235935435e-16 -5.5263570121e-01 0.0000000000e+00 0.0000000000e+00 0.0000000000e+00 1.1523012593e+00
676.09600000 -5.4840963815e-01 -9.2246659773e-16 0.0000000000e+00 -9.2246659773e-16 -5.4840963815e-01 0.0000000000e+00 0.0000000000e+00 0.0000000000e+00 1.1543777382e+00
676.24800000 -5.4418915020e-01 -9.2246659773e-16 0.0000000000e+00 -9.2246659773e-16 -5.4418915020e-01 0.0000000000e+00 0.0000000000e+00 0.0000000000e+00 1.1564523077e+00
676.40000000 -5.3997422622e-01 -9.2246659773e-16 0.0000000000e+00 -9.2246659773e-16 -5.3997422622e-01 0.0000000000e+00 0.0000000000e+00 0.0000000000e+00 1.1585249703e+00
676.55200000 -5.3576485511e-01 -9.2246659773e-16 0.0000000000e+00 -9.2246659773e-16 -5.3576485511e-01 0.0000000000e+00 0.0000000000e+00 0.0000000000e+00 1.1605957284e+00
676.70400000 -5.3156102581e-01 -9.2246659773e-16 0.0000000000e+00 -9.2246659773e-16 -5.3156102581e-01 0.0000000000e+00 0.0000000000e+00 0.0000000000e+00 1.1626645845e+00
676.85600000 -5.2736272727e-01 -8.8235935435e-16 0.0000000000e+00 -8.8235935435e-16 -5.2736272727e-01 0.0000000000e+00 0.0000000000e+00 0.0000000000e+00 1.1647315412e+00
677.00800000 -5.2316994849e-01 -8.8235935435e-16 0.0000000000e+00 -8.8235935435e-16 -5.2316994849e-01 0.0000000000e+00 0.0000000000e+00 0.0000000000e+00 1.1667966007e+00
677.16000000 -5.1898267849e-01 -8.8235935435e-16 0.0000000000e+00 -8.8235935435e-16 -5.1898267849e-01 0.0000000000e+00 0.0000000000e+00 0.0000000000e+00 1.1688597657e+00
677.31200000 -5.1480090631e-01 -8.8235935435e-16 0.0000000000e+00 -8.8235935435e-16 -5.1480090631e-01 0.0000000000e+00 0.0000000000e+00 0.0000000000e+00 1.1709210385e+00
677.46400000 -5.1062462105e-01 -8.8235935435e-16 0.0000000000e+00 -8.8235935435e-16 -5.1062462105e-01 0.0000000000e+00 0.0000000000e+00 0.0000000000e+00 1.1729804216e+00
677.61600000 -5.0645381179e-01 -9.2246659773e-16 0.0000000000e+00 -9.2246659773e-16 -5.0645381179e-01 0.0000000000e+00 0.0000000000e+00 0.0000000000e+00 1.1750379174e+00
677.76800000 -5.0228846769e-01 -9.2246659773e-16 0.0000000000e+00 -9.2246659773e-16 -5.0228846769e-01 0.0000000000e+00 0.0000000000e+00 0.0000000000e+00 1.1770935284e+00
677.92000000 -4.9812857792e-01 -9.2246659773e-16 0.0000000000e+00 -9.2246659773e-16 -4.9812857792e-01 0.0000000000e+00 0.0000000000e+00 0.0000000000e+00 1.1791472570e+00
678.07200000 -4.9397413166e-01 -9.2246659773e-16 0.0000000000e+00 -9.2246659773e-16 -4.9397413166e-01 0.0000000000e+00 0.0000000000e+00 0.0000000000e+00 1.1811991056e+00
678.22400000 -4.8982511815e-01 -8.8235935435e-16 0.0000000000e+00 -8.8235935435e-16 -4.8982511815e-01 0.0000000000e+00 0.0000000000e+00 0.0000000000e+00 1.1832490767e+00
678.37600000 -4.8568152663e-01 -9.2246659773e-16 0.0000000000e+00 -9.2246659773e-16 -4.8568152663e-01 0.0000000000e+00 0.0000000000e+00 0.0000000000e+00 1.1852971726e+00
678.52800000 -4.8154334640e-01 -8.8235935435e-16 0.0000000000e+00 -8.8235935435e-16 -4.8154334640e-01 0.0000000000e+00 0.0000000000e+00 0.0000000000e+00 1.1873433959e+00
678.68000000 -4.7741056676e-01 -8.8235935435e-16 0.0000000000e+00 -8.8235935435e-16 -4.7741056676e-01 0.0000000000e+00 0.0000000000e+00 0.0000000000e+00 1.1893877488e+00
678.83200000 -4.7328317706e-01 -9.2246659773e-16 0.0000000000e+00 -9.2246659773e-16 -4.7328317706e-01 0.0000000000e+00 0.0000000000e+00 0.0000000000e+00 1.1914302339e+00
678.98400000 -4.6916116666e-01 -8.8235935435e-16 0.0000000000e+00 -8.8235935435e-16 -4.6916116666e-01 0.0000000000e+00 0.0000000000e+00 0.0000000000e+00 1.1934708535e+00
679.13600000 -4.6504452497e-01 -8.8235935435e-16 0.0000000000e+00 -8.8235935435e-16 -4.6504452497e-01 0.0000000000e+00 0.0000000000e+00 0.0000000000e+00 1.1955096101e+00
679.28800000 -4.6093324141e-01 -8.8235935435e-16 0.0000000000e+00 -8.8235935435e-16 -4.6093324141e-01 0.0000000000e+00 0.0000000000e+00 0.0000000000e+00 1.1975465059e+00
679.44000000 -4.5682730542e-01 -8.8235935435e-16 0.0000000000e+00 -8.8235935435e-16 -4.5682730542e-01 0.0000000000e+00 0.0000000000e+00 0.0000000000e+00 1.1995815435e+00
679.59200000 -4.5272670651e-01 -8.8235935435e-16 0.0000000000e+00 -8.8235935435e-16 -4.5272670651e-01 0.0000000000e+00 0.0000000000e+00 0.0000000000e+00 1.2016147252e+00
679.74400000 -4.4863143417e-01 -9.2246659773e-16 0.0000000000e+00 -9.2246659773e-16 -4.4863143417e-01 0.0000000000e+00 0.0000000000e+00 0.0000000000e+00 1.2036460534e+00
679.89600000 -4.4454147794e-01 -8.8235935435e-16 0.0000000000e+00 -8.8235935435e-16 -4.4454147794e-01 0.0000000000e+00 0.0000000000e+00 0.0000000000e+00 1.2056755304e+00
680.04800000 -4.4045682740e-01 -8.8235935435e-16 0.0000000000e+00 -8.8235935435e-16 -4.4045682740e-01 0.0000000000e+00 0.0000000000e+00 0.0000000000e+00 1.2077031587e+00
680.20000000 -4.3637747213e-01 -8.8235935435e-16 0.0000000000e+00 -8.8235935435e-16 -4.3637747213e-01 0.0000000000e+00 0.0000000000e+00 0.0000000000e+00 1.2097289406e+00
680.35200000 -4.3230340176e-01 -8.8235935435e-16 0.0000000000e+00 -8.8235935435e-16 -4.3230340176e-01 0.0000000000e+00 0.0000000000e+00 0.0000000000e+00 1.2117528785e+00
680.50400000 -4.2823460594e-01 -8.4225211097e-16 0.0000000000e+00 -8.4225211097e-16 -4.2823460594e-01 0.0000000000e+00 0.0000000000e+00 0.0000000000e+00 1.2137749747e+00
680.65600000 -4.2417107434e-01 -8.8235935435e-16 0.0000000000e+00 -8.8235935435e-16 -4.2417107434e-01 0.0000000000e+00 0.0000000000e+00 0.0000000000e+00 1.2157952317e+00
680.80800000 -4.2011279667e-01 -8.8235935435e-16 0.0000000000e+00 -8.8235935435e-16 -4.2011279667e-01 0.0000000000e+00 0.0000000000e+00 0.0000000000e+00 1.2178136517e+00
680.96000000 -4.1605976265e-01 -8.8235935435e-16 0.0000000000e+00 -8.8235935435e-16 -4.1605976265e-01 0.0000000000e+00 0.0000000000e+00 0.0000000000e+00 1.2198302372e+00
681.11200000 -4.1201196206e-01 -8.8235935435e-16 0.0000000000e+00 -8.8235935435e-16 -4.1201196206e-01 0.0000000000e+00 0.0000000000e+00 0.0000000000e+00 1.2218449905e+00
681.26400000 -4.0796938467e-01 -8.8235935435e-16 0.0000000000e+00 -8.8235935435e-16 -4.0796938467e-01 0.0000000000e+00 0.0000000000e+00 0.0000000000e+00 1.2238579138e+00
681.41600000 -4.0393202030e-01 -8.8235935435e-16 0.0000000000e+00 -8.8235935435e-16 -4.0393202030e-01 0.0000000000e+00 0.0000000000e+00 0.0000000000e+00 1.2258690097e+00
681.56800000 -3.9989985878e-01 -8.8235935435e-16 0.0000000000e+00 -8.8235935435e-16 -3.9989985878e-01 0.0000000000e+00 0.0000000000e+00 0.0000000000e+00 1.2278782803e+00
681.72000000 -3.9587288999e-01 -8.8235935435e-16 0.0000000000e+00 -8.8235935435e-16 -3.9587288999e-01 0.0000000000e+00 0.0000000000e+00 0.0000000000e+00 1.2298857281e+00
681.87200000 -3.9185110381e-01 -8.8235935435e-16 0.0000000000e+00 -8.8235935435e-16 -3.9185110381e-01 0.0000000000e+00 0.0000000000e+00 0.0000000000e+00 1.2318913553e+00
682.02400000 -3.8783449018e-01 -8.4225211097e-16 0.0000000000e+00 -8.4225211097e-16 -3.8783449018e-01 0.0000000000e+00 0.0000000000e+00 0.0000000000e+00 1.2338951643e+00
682.17600000 -3.8382303903e-01 -8.8235935435e-16 0.0000000000e+00 -8.8235935435e-16 -3.8382303903e-01 0.0000000000e+00 0.0000000000e+00 0.0000000000e+00 1.2358971574e+00
682.32800000 -3.7981674033e-01 -8.4225211097e-16 0.0000000000e+00 -8.4225211097e-16 -3.7981674033e-01 0.0000000000e+00 0.0000000000e+00 0.0000000000e+00 1.2378973370e+00
682.48000000 -3.7581558410e-01 -8.8235935435e-16 0.0000000000e+00 -8.8235935435e-16 -3.7581558410e-01 0.0000000000e+00 0.0000000000e+00 0.0000000000e+00 1.2398957053e+00
682.63200000 -3.7181956034e-01 -8.8235935435e-16 0.0000000000e+00 -8.8235935435e-16 -3.7181956034e-01 0.0000000000e+00 0.0000000000e+00 0.0000000000e+00 1.2418922647e+00
682.78400000 -3.6782865913e-01 -8.4225211097e-16 0.0000000000e+00 -8.4225211097e-16 -3.6782865913e-01 0.0000000000e+00 0.0000000000e+00 0.0000000000e+00 1.2438870174e+00
682.93600000 -3.6384287052e-01 -8.8235935435e-16 0.0000000000e+00 -8.8235935435e-16 -3.6384287052e-01 0.0000000000e+00 0.0000000000e+00 0.0000000000e+00 1.2458799658e+00
683.08800000 -3.5986218464e-01 -8.8235935435e-16 0.0000000000e+00 -8.8235935435e-16 -3.5986218464e-01 0.0000000000e+00 0.0000000000e+00 0.0000000000e+00 1.2478711121e+00
683.24000000 -3.5588659161e-01 -8.4225211097e-16 0.0000000000e+00 -8.4225211097e-16 -3.5588659161e-01 0.0000000000e+00 0.0000000000e+00 0.0000000000e+00 1.2498604587e+00
683.39200000 -3.5191608158e-01 -8.4225211097e-16 0.0000000000e+00 -8.4225211097e-16 -3.5191608158e-01 0.0000000000e+00 0.0000000000e+00 0.0000000000e+00 1.2518480079e+00
683.54400000 -3.4795064473e-01 -8.4225211097e-16 0.0000000000e+00 -8.4225211097e-16 -3.4795064473e-01 0.0000000000e+00 0.0000000000e+00 0.0000000000e+00 1.2538337619e+00
683.69600000 -3.4399027129e-01 -8.8235935435e-16 0.0000000000e+00 -8.8235935435e-16 -3.4399027129e-01 0.0000000000e+00 0.0000000000e+00 0.0000000000e+00 1.2558177230e+00
683.84800000 -3.4003495147e-01 -8.4225211097e-16 0.0000000000e+00 -8.4225211097e-16 -3.4003495147e-01 0.0000000000e+00 0.0000000000e+00 0.0000000000e+00 1.2577998935e+00
684.00000000 -3.3608467554e-01 -8.4225211097e-16 0.0000000000e+00 -8.4225211097e-16 -3.3608467554e-01 0.0000000000e+00 0.0000000000e+00 0.0000000000e+00 1.2597802757e+00
684.15200000 -3.3213943379e-01 -8.4225211097e-16 0.0000000000e+00 -8.4225211097e-16 -3.3213943379e-01 0.0000000000e+00 0.0000000000e+00 0.0000000000e+00 1.2617588719e+00
684.30400000 -3.2819921651e-01 -8.8235935435e-16 0.0000000000e+00 -8.8235935435e-16 -3.2819921651e-01 0.0000000000e+00 0.0000000000e+00 0.0000000000e+00 1.2637356842e+00
684.45600000 -3.2426401405e-01 -8.4225211097e-16 0.0000000000e+00 -8.4225211097e-16 -3.2426401405e-01 0.0000000000e+00 0.0000000000e+00 0.0000000000e+00 1.2657107151e+00
684.60800000 -3.2033381677e-01 -8.4225211097e-16 0.0000000000e+00 -8.4225211097e-16 -3.2033381677e-01 0.0000000000e+00 0.0000000000e+00 0.0000000000e+00 1.2676839667e+00
684.76000000 -3.1640861506e-01 -8.4225211097e-16 0.0000000000e+00 -8.4225211097e-16 -3.1640861506e-01 0.0000000000e+00 0.0000000000e+00 0.0000000000e+00 1.2696554413e+00
684.91200000 -3.1248839932e-01 -8.4225211097e-16 0.0000000000e+00 -8.4225211097e-16 -3.1248839932e-01 0.0000000000e+00 0.0000000000e+00 0.0000000000e+00 1.2716251411e+00
685.06400000 -3.0857315998e-01 -8.4225211097e-16 0.0000000000e+00 -8.4225211097e-16 -3.0857315998e-01 0.0000000000e+00 0.0000000000e+00 0.0000000000e+00 1.2735930685e+00
685.21600000 -3.0466288752e-01 -8.4225211097e-16 0.0000000000e+00 -8.4225211097e-16 -3.0466288752e-01 0.0000000000e+00 0.0000000000e+00 0.0000000000e+00 1.2755592256e+00
685.36800000 -3.0075757241e-01 -8.4225211097e-16 0.0000000000e+00 -8.4225211097e-16 -3.0075757241e-01 0.0000000000e+00 0.0000000000e+00 0.0000000000e+00 1.2775236147e+00
685.52000000 -2.9685720517e-01 -8.8235935435e-16 0.0000000000e+00 -8.8235935435e-16 -2.9685720517e-01 0.0000000000e+00 0.0000000000e+00 0.0000000000e+00 1.2794862380e+00
685.67200000 -2.9296177632e-01 -8.4225211097e-16 0.0000000000e+00 -8.4225211097e-16 -2.9296177632e-01 0.0000000000e+00 0.0000000000e+00 0.0000000000e+00 1.2814470978e+00
685.82400000 -2.8907127644e-01 -8.4225211097e-16 0.0000000000e+00 -8.4225211097e-16 -2.8907127644e-01 0.0000000000e+00 0.0000000000e+00 0.0000000000e+00 1.2834061963e+00
685.97600000 -2.8518569609e-01 -8.4225211097e-16 0.0000000000e+00 -8.4225211097e-16 -2.8518569609e-01 0.0000000000e+00 0.0000000000e+00 0.0000000000e+00 1.2853635357e+00
686.12800000 -2.8130502590e-01 -8.4225211097e-16 0.0000000000e+00 -8.4225211097e-16 -2.8130502590e-01 0.0000000000e+00 0.0000000000e+00 0.0000000000e+00 1.2873191183e+00
686.28000000 -2.7742925649e-01 -8.4225211097e-16 0.0000000000e+00 -8.4225211097e-16 -2.7742925649e-01 0.0000000000e+00 0.0000000000e+00 0.0000000000e+00 1.2892729462e+00
686.43200000 -2.7355837852e-01 -8.4225211097e-16 0.0000000000e+00 -8.4225211097e-16 -2.7355837852e-01 0.0000000000e+00 0.0000000000e+00 0.0000000000e+00 1.2912250217e+00
686.58400000 -2.6969238266e-01 -8.4225211097e-16 0.0000000000e+00 -8.4225211097e-16 -2.6969238266e-01 0.0000000000e+00 0.0000000000e+00 0.0000000000e+00 1.2931753471e+00
686.73600000 -2.6583125963e-01 -8.0214486759e-16 0.0000000000e+00 -8.0214486759e-16 -2.6583125963e-01 0.0000000000e+00 0.0000000000e+00 0.0000000000e+00 1.2951239244e+00
686.88800000 -2.6197500015e-01 -8.4225211097e-16 0.0000000000e+00 -8.4225211097e-16 -2.6197500015e-01 0.0000000000e+00 0.0000000000e+00 0.0000000000e+00 1.2970707559e+00
687.04000000 -2.5812359498e-01 -8.4225211097e-16 0.0000000000e+00 -8.4225211097e-16 -2.5812359498e-01 0.0000000000e+00 0.0000000000e+00 0.0000000000e+00 1.2990158439e+00
687.19200000 -2.5427703489e-01 -8.4225211097e-16 0.0000000000e+00 -8.4225211097e-16 -2.5427703489e-01 0.0000000000e+00 0.0000000000e+00 0.0000000000e+00 1.3009591905e+00
687.34400000 -2.5043531068e-01 -8.0214486759e-16 0.0000000000e+00 -8.0214486759e-16 -2.5043531068e-01 0.0000000000e+00 0.0000000000e+00 0.0000000000e+00 1.3029007979e+00
687.49600000 -2.4659841318e-01 -8.0214486759e-16 0.0000000000e+00 -8.0214486759e-16 -2.4659841318e-01 0.0000000000e+00 0.0000000000e+00 0.0000000000e+00 1.3048406683e+00
687.64800000 -2.4276633323e-01 -8.4225211097e-16 0.0000000000e+00 -8.4225211097e-16 -2.4276633323e-01 0.0000000000e+00 0.0000000000e+00 0.0000000000e+00 1.3067788039e+00
687.80000000 -2.3893906171e-01 -8.0214486759e-16 0.0000000000e+00 -8.0214486759e-16 -2.3893906171e-01 0.0000000000e+00 0.0000000000e+00 0.0000000000e+00 1.3087152068e+00
687.95200000 -2.3511658951e-01 -8.0214486759e-16 0.0000000000e+00 -8.0214486759e-16 -2.3511658951e-01 0.0000000000e+00 0.0000000000e+00 0.0000000000e+00 1.3106498793e+00
688.10400000 -2.3129890754e-01 -8.0214486759e-16 0.0000000000e+00 -8.0214486759e-16 -2.3129890754e-01 0.0000000000e+00 0.0000000000e+00 0.0000000000e+00 1.3125828236e+00
688.25600000 -2.2748600675e-01 -8.0214486759e-16 0.0000000000e+00 -8.0214486759e-16 -2.2748600675e-01 0.0000000000e+00 0.0000000000e+00 0.0000000000e+00 1.3145140417e+00
688.40800000 -2.2367787811e-01 -8.4225211097e-16 0.0000000000e+00 -8.4225211097e-16 -2.2367787811e-01 0.0000000000e+00 0.0000000000e+00 0.0000000000e+00 1.3164435360e+00
688.56000000 -2.1987451259e-01 -8.4225211097e-16 0.0000000000e+00 -8.4225211097e-16 -2.1987451259e-01 0.0000000000e+00 0.0000000000e+00 0.0000000000e+00 1.3183713084e+00
688.71200000 -2.1607590122e-01 -8.4225211097e-16 0.0000000000e+00 -8.4225211097e-16 -2.1607590122e-01 0.0000000000e+00 0.0000000000e+00 0.0000000000e+00 1.3202973613e+00
688.86400000 -2.1228203502e-01 -8.0214486759e-16 0.0000000000e+00 -8.0214486759e-16 -2.1228203502e-01 0.0000000000e+00 0.0000000000e+00 0.0000000000e+00 1.3222216967e+00
689.01600000 -2.0849290505e-01 -8.0214486759e-16 0.0000000000e+00 -8.0214486759e-16 -2.0849290505e-01 0.0000000000e+00 0.0000000000e+00 0.0000000000e+00 1.3241443169e+00
689.16800000 -2.0470850239e-01 -8.0214486759e-16 0.0000000000e+00 -8.0214486759e-16 -2.0470850239e-01 0.0000000000e+00 0.0000000000e+00 0.0000000000e+00 1.3260652239e+00
689.32000000 -2.0092881815e-01 -8.4225211097e-16 0.0000000000e+00 -8.4225211097e-16 -2.0092881815e-01 0.0000000000e+00 0.0000000000e+00 0.0000000000e+00 1.3279844199e+00
689.47200000 -1.9715384345e-01 -8.4225211097e-16 0.0000000000e+00 -8.4225211097e-16 -1.9715384345e-01 0.0000000000e+00 0.0000000000e+00 0.0000000000e+00 1.3299019071e+00
689.62400000 -1.9338356943e-01 -8.0214486759e-16 0.0000000000e+00 -8.0214486759e-16 -1.9338356943e-01 0.0000000000e+00 0.0000000000e+00 0.0000000000e+00 1.3318176876e+00
689.77600000 -1.8961798726e-01 -8.0214486759e-16 0.0000000000e+00 -8.0214486759e-16 -1.8961798726e-01 0.0000000000e+00 0.0000000000e+00 0.0000000000e+00 1.3337317635e+00
689.92800000 -1.8585708815e-01 -8.4225211097e-16 0.0000000000e+00 -8.4225211097e-16 -1.8585708815e-01 0.0000000000e+00 0.0000000000e+00 0.0000000000e+00 1.3356441371e+00
690.08000000 -1.8210086330e-01 -8.0214486759e-16 0.0000000000e+00 -8.0214486759e-16 -1.8210086330e-01 0.0000000000e+00 0.0000000000e+00 0.0000000000e+00 1.3375548103e+00
690.23200000 -1.7834930395e-01 -8.4225211097e-16 0.0000000000e+00 -8.4225211097e-16 -1.7834930395e-01 0.0000000000e+00 0.0000000000e+00 0.0000000000e+00 1.3394637854e+00
690.38400000 -1.7460240136e-01 -8.0214486759e-16 0.0000000000e+00 -8.0214486759e-16 -1.7460240136e-01 0.0000000000e+00 0.0000000000e+00 0.0000000000e+00 1.3413710644e+00
690.53600000 -1.7086014682e-01 -8.4225211097e-16 0.0000000000e+00 -8.4225211097e-16 -1.7086014682e-01 0.0000000000e+00 0.0000000000e+00 0.0000000000e+00 1.3432766495e+00
690.68800000 -1.6712253162e-01 -8.0214486759e-16 0.0000000000e+00 -8.0214486759e-16 -1.6712253162e-01 0.0000000000e+00 0.0000000000e+00 0.0000000000e+00 1.3451805428e+00
690.84000000 -1.6338954709e-01 -8.4225211097e-16 0.0000000000e+00 -8.4225211097e-16 -1.6338954709e-01 0.0000000000e+00 0.0000000000e+00 0.0000000000e+00 1.3470827464e+00
690.99200000 -1.5966118459e-01 -8.0214486759e-16 0.0000000000e+00 -8.0214486759e-16 -1.5966118459e-01 0.0000000000e+00 0.0000000000e+00 0.0000000000e+00 1.3489832624e+00
691.14400000 -1.5593743547e-01 -8.4225211097e-16 0.0000000000e+00 -8.4225211097e-16 -1.5593743547e-01 0.0000000000e+00 0.0000000000e+00 0.0000000000e+00 1.3508820930e+00
691.29600000 -1.5221829114e-01 -8.4225211097e-16 0.0000000000e+00 -8.4225211097e-16 -1.5221829114e-01 0.0000000000e+00 0.0000000000e+00 0.0000000000e+00 1.3527792402e+00
691.44800000 -1.4850374301e-01 -8.0214486759e-16 0.0000000000e+00 -8.0214486759e-16 -1.4850374301e-01 0.0000000000e+00 0.0000000000e+00 0.0000000000e+00 1.3546747061e+00
691.60000000 -1.4479378251e-01 -8.0214486759e-16 0.0000000000e+00 -8.0214486759e-16 -1.4479378251e-01 0.0000000000e+00 0.0000000000e+00 0.0000000000e+00 1.3565684929e+00
691.75200000 -1.4108840110e-01 -8.0214486759e-16 0.0000000000e+00 -8.0214486759e-16 -1.4108840110e-01 0.0000000000e+00 0.0000000000e+00 0.0000000000e+00 1.3584606025e+00
691.90400000 -1.3738759025e-01 -8.0214486759e-16 0.0000000000e+00 -8.0214486759e-16 -1.3738759025e-01 0.0000000000e+00 0.0000000000e+00 0.0000000000e+00 1.3603510372e+00
692.05600000 -1.3369134147e-01 -8.0214486759e-16 0.0000000000e+00 -8.0214486759e-16 -1.3369134147e-01 0.0000000000e+00 0.0000000000e+00 0.0000000000e+00 1.3622397990e+00
692.20800000 -1.2999964628e-01 -8.0214486759e-16 0.0000000000e+00 -8.0214486759e-16 -1.2999964628e-01 0.0000000000e+00 0.0000000000e+00 0.0000000000e+00 1.3641268899e+00
692.36000000 -1.2631249623e-01 -8.0214486759e-16 0.0000000000e+00 -8.0214486759e-16 -1.2631249623e-01 0.0000000000e+00 0.0000000000e+00 0.0000000000e+00 1.3660123122e+00
692.51200000 -1.2262988286e-01 -8.0214486759e-16 0.0000000000e+00 -8.0214486759e-16 -1.2262988286e-01 0.0000000000e+00 0.0000000000e+00 0.0000000000e+00 1.3678960677e+00
692.66400000 -1.1895179779e-01 -8.0214486759e-16 0.0000000000e+00 -8.0214486759e-16 -1.1895179778e-01 0.0000000000e+00 0.0000000000e+00 0.0000000000e+00 1.3697781587e+00
692.81600000 -1.1527823259e-01 -7.6203762421e-16 0.0000000000e+00 -7.6203762421e-16 -1.1527823259e-01 0.0000000000e+00 0.0000000000e+00 0.0000000000e+00 1.3716585871e+00
692.96800000 -1.1160917892e-01 -8.0214486759e-16 0.0000000000e+00 -8.0214486759e-16 -1.1160917892e-01 0.0000000000e+00 0.0000000000e+00 0.0000000000e+00 1.3735373551e+00
693.12000000 -1.0794462841e-01 -7.6203762421e-16 0.0000000000e+00 -7.6203762421e-16 -1.0794462841e-01 0.0000000000e+00 0.0000000000e+00 0.0000000000e+00 1.3754144647e+00
693.27200000 -1.0428457273e-01 -8.0214486759e-16 0.0000000000e+00 -8.0214486759e-16 -1.0428457273e-01 0.0000000000e+00 0.0000000000e+00 0.0000000000e+00 1.3772899180e+00
693.42400000 -1.0062900357e-01 -8.0214486759e-16 0.0000000000e+00 -8.0214486759e-16 -1.0062900357e-01 0.0000000000e+00 0.0000000000e+00 0.0000000000e+00 1.3791637170e+00
693.57600000 -9.6977912656e-02 -8.0214486759e-16 0.0000000000e+00 -8.0214486759e-16 -9.6977912656e-02 0.0000000000e+00 0.0000000000e+00 0.0000000000e+00 1.3810358637e+00
693.72800000 -9.3331291706e-02 -8.0214486759e-16 0.0000000000e+00 -8.0214486759e-16 -9.3331291706e-02 0.0000000000e+00 0.0000000000e+00 0.0000000000e+00 1.3829063603e+00
693.88000000 -8.9689132477e-02 -7.6203762421e-16 0.0000000000e+00 -7.6203762421e-16 -8.9689132477e-02 0.0000000000e+00 0.0000000000e+00 0.0000000000e+00 1.3847752088e+00
694.03200000 -8.6051426742e-02 -7.6203762421e-16 0.0000000000e+00 -7.6203762421e-16 -8.6051426742e-02 0.0000000000e+00 0.0000000000e+00 0.0000000000e+00 1.3866424111e+00
694.18400000 -8.2418166295e-02 -7.6203762421e-16 0.0000000000e+00 -7.6203762421e-16 -8.2418166295e-02 0.0000000000e+00 0.0000000000e+00 0.0000000000e+00 1.3885079695e+00
694.33600000 -7.8789342951e-02 -7.6203762421e-16 0.0000000000e+00 -7.6203762421e-16 -7.8789342951e-02 0.0000000000e+00 0.0000000000e+00 0.0000000000e+00 1.3903718858e+00
694.48800000 -7.5164948544e-02 -7.6203762421e-16 0.0000000000e+00 -7.6203762421e-16 -7.5164948544e-02 0.0000000000e+00 0.0000000000e+00 0.0000000000e+00 1.3922341621e+00
694.64000000 -7.1544974931e-02 -8.0214486759e-16 0.0000000000e+00 -8.0214486759e-16 -7.1544974931e-02 0.0000000000e+00 0.0000000000e+00 0.0000000000e+00 1.3940948005e+00
694.79200000 -6.7929413986e-02 -7.6203762421e-16 0.0000000000e+00 -7.6203762421e-16 -6.7929413986e-02 0.0000000000e+00 0.0000000000e+00 0.0000000000e+00 1.3959538030e+00
694.94400000 -6.4318257605e-02 -8.0214486759e-16 0.0000000000e+00 -8.0214486759e-16 -6.4318257605e-02 0.0000000000e+00 0.0000000000e+00 0.0000000000e+00 1.3978111715e+00
695.09600000 -6.0711497705e-02 -8.0214486759e-16 0.0000000000e+00 -8.0214486759e-16 -6.0711497705e-02 0.0000000000e+00 0.0000000000e+00 0.0000000000e+00 1.3996669082e+00
695.24800000 -5.7109126222e-02 -8.0214486759e-16 0.0000000000e+00 -8.0214486759e-16 -5.7109126222e-02 0.0000000000e+00 0.0000000000e+00 0.0000000000e+00 1.4015210150e+00
695.40000000 -5.3511135111e-02 -7.6203762421e-16 0.0000000000e+00 -7.6203762421e-16 -5.3511135111e-02 0.0000000000e+00 0.0000000000e+00 0.0000000000e+00 1.4033734940e+00
695.55200000 -4.9917516350e-02 -7.6203762421e-16 0.0000000000e+00 -7.6203762421e-16 -4.9917516350e-02 0.0000000000e+00 0.0000000000e+00 0.0000000000e+00 1.4052243472e+00
695.70400000 -4.6328261934e-02 -7.6203762421e-16 0.0000000000e+00 -7.6203762421e-16 -4.6328261934e-02 0.0000000000e+00 0.0000000000e+00 0.0000000000e+00 1.4070735765e+00
695.85600000 -4.2743363879e-02 -8.0214486759e-16 0.0000000000e+00 -8.0214486759e-16 -4.2743363879e-02 0.0000000000e+00 0.0000000000e+00 0.0000000000e+00 1.4089211839e+00
696.00800000 -3.9162814221e-02 -8.0214486759e-16 0.0000000000e+00 -8.0214486759e-16 -3.9162814221e-02 0.0000000000e+00 0.0000000000e+00 0.0000000000e+00 1.4107671716e+00
696.16000000 -3.5586605016e-02 -7.6203762421e-16 0.0000000000e+00 -7.6203762421e-16 -3.5586605016e-02 0.0000000000e+00 0.0000000000e+00 0.0000000000e+00 1.4126115414e+00
696.31200000 -3.2014728338e-02 -8.4225211097e-16 0.0000000000e+00 -8.4225211097e-16 -3.2014728338e-02 0.0000000000e+00 0.0000000000e+00 0.0000000000e+00 1.4144542954e+00
696.46400000 -2.8447176284e-02 -7.6203762421e-16 0.0000000000e+00 -7.6203762421e-16 -2.8447176284e-02 0.0000000000e+00 0.0000000000e+00 0.0000000000e+00 1.4162954355e+00
696.61600000 -2.4883940966e-02 -7.6203762421e-16 0.0000000000e+00 -7.6203762421e-16 -2.4883940966e-02 0.0000000000e+00 0.0000000000e+00 0.0000000000e+00 1.4181349638e+00
696.76800000 -2.1325014520e-02 -8.0214486759e-16 0.0000000000e+00 -8.0214486759e-16 -2.1325014519e-02 0.0000000000e+00 0.0000000000e+00 0.0000000000e+00 1.4199728822e+00
696.92000000 -1.7770389097e-02 -7.6203762421e-16 0.0000000000e+00 -7.6203762421e-16 -1.7770389097e-02 0.0000000000e+00 0.0000000000e+00 0.0000000000e+00 1.4218091927e+00
697.07200000 -1.4220056872e-02 -8.0214486759e-16 0.0000000000e+00 -8.0214486759e-16 -1.4220056872e-02 0.0000000000e+00 0.0000000000e+00 0.0000000000e+00 1.4236438974e+00
697.22400000 -1.0674010036e-02 -7.6203762421e-16 0.0000000000e+00 -7.6203762421e-16 -1.0674010036e-02 0.0000000000e+00 0.0000000000e+00 0.0000000000e+00 1.4254769980e+00
697.37600000 -7.1322407997e-03 -7.6203762421e-16 0.0000000000e+00 -7.6203762421e-16 -7.1322407996e-03 0.0000000000e+00 0.0000000000e+00 0.0000000000e+00 1.4273084967e+00
697.52800000 -3.5947413944e-03 -7.6203762421e-16 0.0000000000e+00 -7.6203762421e-16 -3.5947413944e-03 0.0000000000e+00 0.0000000000e+00 0.0000000000e+00 1.4291383954e+00
697.68000000 -6.1504069577e-05 -8.0214486759e-16 0.0000000000e+00 -8.0214486759e-16 -6.1504069556e-05 0.0000000000e+00 0.0000000000e+00 0.0000000000e+00 1.4309666961e+00
697.83200000 3.4674789063e-03 -7.6203762421e-16 0.0000000000e+00 -7.6203762421e-16 3.4674789063e-03 0.0000000000e+00 0.0000000000e+00 0.0000000000e+00 1.4327934007e+00
697.98400000 6.9922152454e-03 -7.6203762421e-16 0.0000000000e+00 -7.6203762421e-16 6.9922152454e-03 0.0000000000e+00 0.0000000000e+00 0.0000000000e+00 1.4346185111e+00
698.13600000 1.0512712641e-02 -7.6203762421e-16 0.0000000000e+00 -7.6203762421e-16 1.0512712641e-02 0.0000000000e+00 0.0000000000e+00 0.0000000000e+00 1.4364420295e+00
698.28800000 1.4028978768e-02 -8.0214486759e-16 0.0000000000e+00 -8.0214486759e-16 1.4028978768e-02 0.0000000000e+00 0.0000000000e+00 0.0000000000e+00 1.4382639576e+00
698.44000000 1.7541021282e-02 -7.6203762421e-16 0.0000000000e+00 -7.6203762421e-16 1.7541021282e-02 0.0000000000e+00 0.0000000000e+00 0.0000000000e+00 1.4400842974e+00
698.59200000 2.1048847819e-02 -8.0214486759e-16 0.0000000000e+00 -8.0214486759e-16 2.1048847819e-02 0.0000000000e+00 0.0000000000e+00 0.0000000000e+00 1.4419030510e+00
698.74400000 2.4552465998e-02 -8.0214486759e-16 0.0000000000e+00 -8.0214486759e-16 2.4552465998e-02 0.0000000000e+00 0.0000000000e+00 0.0000000000e+00 1.4437202202e+00
698.89600000 2.8051883419e-02 -8.0214486759e-16 0.0000000000e+00 -8.0214486759e-16 2.8051883419e-02 0.0000000000e+00 0.0000000000e+00 0.0000000000e+00 1.4455358070e+00
699.04800000 3.1547107661e-02 -7.6203762421e-16 0.0000000000e+00 -7.6203762421e-16 3.1547107661e-02 0.0000000000e+00 0.0000000000e+00 0.0000000000e+00 1.4473498132e+00
699.20000000 3.5038146288e-02 -7.6203762421e-16 0.0000000000e+00 -7.6203762421e-16 3.5038146288e-02 0.0000000000e+00 0.0000000000e+00 0.0000000000e+00 1.4491622410e+00
699.35200000 3.8525006843e-02 -7.6203762421e-16 0.0000000000e+00 -7.6203762421e-16 3.8525006843e-02 0.0000000000e+00 0.0000000000e+00 0.0000000000e+00 1.4509730921e+00
699.50400000 4.2007696851e-02 -7.6203762421e-16 0.0000000000e+00 -7.6203762421e-16 4.2007696852e-02 0.0000000000e+00 0.0000000000e+00 0.0000000000e+00 1.4527823685e+00
699.65600000 4.5486223821e-02 -7.6203762421e-16 0.0000000000e+00 -7.6203762421e-16 4.5486223821e-02 0.0000000000e+00 0.0000000000e+00 0.0000000000e+00 1.4545900721e+00
699.80800000 4.8960595239e-02 -7.6203762421e-16 0.0000000000e+00 -7.6203762421e-16 4.8960595239e-02 0.0000000000e+00 0.0000000000e+00 0.0000000000e+00 1.4563962050e+00
699.96000000 5.2430818578e-02 -8.0214486759e-16 0.0000000000e+00 -8.0214486759e-16 5.2430818578e-02 0.0000000000e+00 0.0000000000e+00 0.0000000000e+00 1.4582007688e+00
700.11200000 5.5896901288e-02 -7.6203762421e-16 0.0000000000e+00 -7.6203762421e-16 5.5896901288e-02 0.0000000000e+00 0.0000000000e+00 0.0000000000e+00 1.4600037657e+00
700.26400000 5.9358850805e-02 -7.2193038083e-16 0.0000000000e+00 -7.2193038083e-16 5.9358850805e-02 0.0000000000e+00 0.0000000000e+00 0.0000000000e+00 1.4618051975e+00
700.41600000 6.2816674543e-02 -8.0214486759e-16 0.0000000000e+00 -8.0214486759e-16 6.2816674543e-02 0.0000000000e+00 0.0000000000e+00 0.0000000000e+00 1.4636050660e+00
700.56800000 6.6270379902e-02 -8.0214486759e-16 0.0000000000e+00 -8.0214486759e-16 6.6270379902e-02 0.0000000000e+00 0.0000000000e+00 0.0000000000e+00 1.4654033733e+00
700.72000000 6.9719974260e-02 -7.6203762421e-16 0.0000000000e+00 -7.6203762421e-16 6.9719974260e-02 0.0000000000e+00 0.0000000000e+00 0.0000000000e+00 1.4672001213e+00
700.87200000 7.3165464981e-02 -7.6203762421e-16 0.0000000000e+00 -7.6203762421e-16 7.3165464981e-02 0.0000000000e+00 0.0000000000e+00 0.0000000000e+00 1.4689953117e+00
701.02400000 7.6606859408e-02 -7.6203762421e-16 0.0000000000e+00 -7.6203762421e-16 7.6606859408e-02 0.0000000000e+00 0.0000000000e+00 0.0000000000e+00 1.4707889466e+00
701.17600000 8.0044164867e-02 -8.0214486759e-16 0.0000000000e+00 -8.0214486759e-16 8.0044164867e-02 0.0000000000e+00 0.0000000000e+00 0.0000000000e+00 1.4725810277e+00
701.32800000 8.3477388667e-02 -7.6203762421e-16 0.0000000000e+00 -7.6203762421e-16 8.3477388667e-02 0.0000000000e+00 0.0000000000e+00 0.0000000000e+00 1.4743715571e+00
701.48000000 8.6906538100e-02 -7.2193038083e-16 0.0000000000e+00 -7.2193038083e-16 8.6906538100e-02 0.0000000000e+00 0.0000000000e+00 0.0000000000e+00 1.4761605366e+00
701.63200000 9.0331620437e-02 -7.6203762421e-16 0.0000000000e+00 -7.6203762421e-16 9.0331620437e-02 0.0000000000e+00 0.0000000000e+00 0.0000000000e+00 1.4779479680e+00
701.78400000 9.3752642936e-02 -7.6203762421e-16 0.0000000000e+00 -7.6203762421e-16 9.3752642936e-02 0.0000000000e+00 0.0000000000e+00 0.0000000000e+00 1.4797338533e+00
701.93600000 9.7169612833e-02 -7.6203762421e-16 0.0000000000e+00 -7.6203762421e-16 9.7169612833e-02 0.0000000000e+00 0.0000000000e+00 0.0000000000e+00 1.4815181944e+00
702.08800000 1.0058253735e-01 -7.2193038083e-16 0.0000000000e+00 -7.2193038083e-16 1.0058253735e-01 0.0000000000e+00 0.0000000000e+00 0.0000000000e+00 1.4833009931e+00
702.24000000 1.0399142369e-01 -7.6203762421e-16 0.0000000000e+00 -7.6203762421e-16 1.0399142369e-01 0.0000000000e+00 0.0000000000e+00 0.0000000000e+00 1.4850822513e+00
702.39200000 1.0739627904e-01 -7.6203762421e-16 0.0000000000e+00 -7.6203762421e-16 1.0739627904e-01 0.0000000000e+00 0.0000000000e+00 0.0000000000e+00 1.4868619708e+00
702.54400000 1.1079711056e-01 -7.6203762421e-16 0.0000000000e+00 -7.6203762421e-16 1.1079711056e-01 0.0000000000e+00 0.0000000000e+00 0.0000000000e+00 1.4886401535e+00
702.69600000 1.1419392541e-01 -8.0214486759e-16 0.0000000000e+00 -8.0214486759e-16 1.1419392541e-01 0.0000000000e+00 0.0000000000e+00 0.0000000000e+00 1.4904168014e+00
702.84800000 1.1758673073e-01 -7.6203762421e-16 0.0000000000e+00 -7.6203762421e-16 1.1758673073e-01 0.0000000000e+00 0.0000000000e+00 0.0000000000e+00 1.4921919162e+00
703.00000000 1.2097553362e-01 -7.6203762421e-16 0.0000000000e+00 -7.6203762421e-16 1.2097553362e-01 0.0000000000e+00 0.0000000000e+00 0.0000000000e+00 1.4939654999e+00
703.15200000 1.2436034119e-01 -8.0214486759e-16 0.0000000000e+00 -8.0214486759e-16 1.2436034119e-01 0.0000000000e+00 0.0000000000e+00 0.0000000000e+00 1.4957375542e+00
703.30400000 1.2774116052e-01 -7.6203762421e-16 0.0000000000e+00 -7.6203762421e-16 1.2774116052e-01 0.0000000000e+00 0.0000000000e+00 0.0000000000e+00 1.4975080810e+00
703.45600000 1.3111799868e-01 -7.6203762421e-16 0.0000000000e+00 -7.6203762421e-16 1.3111799868e-01 0.0000000000e+00 0.0000000000e+00 0.0000000000e+00 1.4992770822e+00
703.60800000 1.3449086271e-01 -7.6203762421e-16 0.0000000000e+00 -7.6203762421e-16 1.3449086271e-01 0.0000000000e+00 0.0000000000e+00 0.0000000000e+00 1.5010445596e+00
703.76000000 1.3785975965e-01 -7.6203762421e-16 0.0000000000e+00 -7.6203762421e-16 1.3785975965e-01 0.0000000000e+00 0.0000000000e+00 0.0000000000e+00 1.5028105151e+00
703.91200000 1.4122469651e-01 -7.6203762421e-16 0.0000000000e+00 -7.6203762421e-16 1.4122469651e-01 0.0000000000e+00 0.0000000000e+00 0.0000000000e+00 1.5045749505e+00
704.06400000 1.4458568029e-01 -7.6203762421e-16 0.0000000000e+00 -7.6203762421e-16 1.4458568029e-01 0.0000000000e+00 0.0000000000e+00 0.0000000000e+00 1.5063378677e+00
704.21600000 1.4794271797e-01 -7.6203762421e-16 0.0000000000e+00 -7.6203762421e-16 1.4794271797e-01 0.0000000000e+00 0.0000000000e+00 0.0000000000e+00 1.5080992684e+00
704.36800000 1.5129581651e-01 -7.6203762421e-16 0.0000000000e+00 -7.6203762421e-16 1.5129581651e-01 0.0000000000e+00 0.0000000000e+00 0.0000000000e+00 1.5098591545e+00
704.52000000 1.5464498287e-01 -7.6203762421e-16 0.0000000000e+00 -7.6203762421e-16 1.5464498287e-01 0.0000000000e+00 0.0000000000e+00 0.0000000000e+00 1.5116175279e+00
704.67200000 1.5799022397e-01 -7.6203762421e-16 0.0000000000e+00 -7.6203762421e-16 1.5799022397e-01 0.0000000000e+00 0.0000000000e+00 0.0000000000e+00 1.5133743904e+00
704.82400000 1.6133154672e-01 -7.6203762421e-16 0.0000000000e+00 -7.6203762421e-16 1.6133154672e-01 0.0000000000e+00 0.0000000000e+00 0.0000000000e+00 1.5151297438e+00
704.97600000 1.6466895804e-01 -7.6203762421e-16 0.0000000000e+00 -7.6203762421e-16 1.6466895804e-01 0.0000000000e+00 0.0000000000e+00 0.0000000000e+00 1.5168835898e+00
705.12800000 1.6800246479e-01 -7.6203762421e-16 0.0000000000e+00 -7.6203762421e-16 1.6800246479e-01 0.0000000000e+00 0.0000000000e+00 0.0000000000e+00 1.5186359304e+00
705.28000000 1.7133207385e-01 -7.6203762421e-16 0.0000000000e+00 -7.6203762421e-16 1.7133207385e-01 0.0000000000e+00 0.0000000000e+00 0.0000000000e+00 1.5203867674e+00
705.43200000 1.7465779206e-01 -7.6203762421e-16 0.0000000000e+00 -7.6203762421e-16 1.7465779206e-01 0.0000000000e+00 0.0000000000e+00 0.0000000000e+00 1.5221361025e+00
705.58400000 1.7797962625e-01 -7.6203762421e-16 0.0000000000e+00 -7.6203762421e-16 1.7797962625e-01 0.0000000000e+00 0.0000000000e+00 0.0000000000e+00 1.5238839376e+00
705.73600000 1.8129758325e-01 -7.6203762421e-16 0.0000000000e+00 -7.6203762421e-16 1.8129758325e-01 0.0000000000e+00 0.0000000000e+00 0.0000000000e+00 1.5256302745e+00
705.88800000 1.8461166984e-01 -7.6203762421e-16 0.0000000000e+00 -7.6203762421e-16 1.8461166984e-01 0.0000000000e+00 0.0000000000e+00 0.0000000000e+00 1.5273751149e+00
706.04000000 1.8792189283e-01 -7.6203762421e-16 0.0000000000e+00 -7.6203762421e-16 1.8792189283e-01 0.0000000000e+00 0.0000000000e+00 0.0000000000e+00 1.5291184608e+00
706.19200000 1.9122825896e-01 -7.6203762421e-16 0.0000000000e+00 -7.6203762421e-16 1.9122825896e-01 0.0000000000e+00 0.0000000000e+00 0.0000000000e+00 1.5308603138e+00
706.34400000 1.9453077500e-01 -7.6203762421e-16 0.0000000000e+00 -7.6203762421e-16 1.9453077500e-01 0.0000000000e+00 0.0000000000e+00 0.0000000000e+00 1.5326006758e+00
706.49600000 1.9782944768e-01 -7.2193038083e-16 0.0000000000e+00 -7.2193038083e-16 1.9782944768e-01 0.0000000000e+00 0.0000000000e+00 0.0000000000e+00 1.5343395486e+00
706.64800000 2.0112428372e-01 -7.6203762421e-16 0.0000000000e+00 -7.6203762421e-16 2.0112428372e-01 0.0000000000e+00 0.0000000000e+00 0.0000000000e+00 1.5360769339e+00
706.80000000 2.0441528983e-01 -7.6203762421e-16 0.0000000000e+00 -7.6203762421e-16 2.0441528983e-01 0.0000000000e+00 0.0000000000e+00 0.0000000000e+00 1.5378128336e+00
706.95200000 2.0770247268e-01 -7.2193038083e-16 0.0000000000e+00 -7.2193038083e-16 2.0770247268e-01 0.0000000000e+00 0.0000000000e+00 0.0000000000e+00 1.5395472494e+00
707.10400000 2.1098583897e-01 -7.6203762421e-16 0.0000000000e+00 -7.6203762421e-16 2.1098583897e-01 0.0000000000e+00 0.0000000000e+00 0.0000000000e+00 1.5412801832e+00
707.25600000 2.1426539533e-01 -7.6203762421e-16 0.0000000000e+00 -7.6203762421e-16 2.1426539533e-01 0.0000000000e+00 0.0000000000e+00 0.0000000000e+00 1.5430116366e+00
707.40800000 2.1754114841e-01 -7.6203762421e-16 0.0000000000e+00 -7.6203762421e-16 2.1754114841e-01 0.0000000000e+00 0.0000000000e+00 0.0000000000e+00 1.5447416115e+00
707.56000000 2.2081310484e-01 -7.6203762421e-16 0.0000000000e+00 -7.6203762421e-16 2.2081310484e-01 0.0000000000e+00 0.0000000000e+00 0.0000000000e+00 1.5464701096e+00
707.71200000 2.2408127123e-01 -7.6203762421e-16 0.0000000000e+00 -7.6203762421e-16 2.2408127123e-01 0.0000000000e+00 0.0000000000e+00 0.0000000000e+00 1.5481971328e+00
707.86400000 2.2734565416e-01 -7.6203762421e-16 0.0000000000e+00 -7.6203762421e-16 2.2734565416e-01 0.0000000000e+00 0.0000000000e+00 0.0000000000e+00 1.5499226827e+00
708.01600000 2.3060626022e-01 -7.6203762421e-16 0.0000000000e+00 -7.6203762421e-16 2.3060626022e-01 0.0000000000e+00 0.0000000000e+00 0.0000000000e+00 1.5516467612e+00
708.16800000 2.3386309598e-01 -7.6203762421e-16 0.0000000000e+00 -7.6203762421e-16 2.3386309598e-01 0.0000000000e+00 0.0000000000e+00 0.0000000000e+00 1.5533693700e+00
708.32000000 2.3711616796e-01 -7.2193038083e-16 0.0000000000e+00 -7.2193038083e-16 2.3711616796e-01 0.0000000000e+00 0.0000000000e+00 0.0000000000e+00 1.5550905108e+00
708.47200000 2.4036548272e-01 -7.2193038083e-16 0.0000000000e+00 -7.2193038083e-16 2.4036548272e-01 0.0000000000e+00 0.0000000000e+00 0.0000000000e+00 1.5568101855e+00
708.62400000 2.4361104677e-01 -7.2193038083e-16 0.0000000000e+00 -7.2193038083e-16 2.4361104677e-01 0.0000000000e+00 0.0000000000e+00 0.0000000000e+00 1.5585283958e+00
708.77600000 2.4685286659e-01 -7.6203762421e-16 0.0000000000e+00 -7.6203762421e-16 2.4685286659e-01 0.0000000000e+00 0.0000000000e+00 0.0000000000e+00 1.5602451433e+00
708.92800000 2.5009094870e-01 -7.2193038083e-16 0.0000000000e+00 -7.2193038083e-16 2.5009094870e-01 0.0000000000e+00 0.0000000000e+00 0.0000000000e+00 1.5619604300e+00
709.08000000 2.5332529954e-01 -7.2193038083e-16 0.0000000000e+00 -7.2193038083e-16 2.5332529954e-01 0.0000000000e+00 0.0000000000e+00 0.0000000000e+00 1.5636742575e+00
709.23200000 2.5655592558e-01 -7.2193038083e-16 0.0000000000e+00 -7.2193038083e-16 2.5655592558e-01 0.0000000000e+00 0.0000000000e+00 0.0000000000e+00 1.5653866275e+00
709.38400000 2.5978283327e-01 -7.6203762421e-16 0.0000000000e+00 -7.6203762421e-16 2.5978283327e-01 0.0000000000e+00 0.0000000000e+00 0.0000000000e+00 1.5670975419e+00
709.53600000 2.6300602901e-01 -7.6203762421e-16 0.0000000000e+00 -7.6203762421e-16 2.6300602901e-01 0.0000000000e+00 0.0000000000e+00 0.0000000000e+00 1.5688070023e+00
709.68800000 2.6622551923e-01 -7.2193038083e-16 0.0000000000e+00 -7.2193038083e-16 2.6622551923e-01 0.0000000000e+00 0.0000000000e+00 0.0000000000e+00 1.5705150105e+00
709.84000000 2.6944131032e-01 -7.6203762421e-16 0.0000000000e+00 -7.6203762421e-16 2.6944131032e-01 0.0000000000e+00 0.0000000000e+00 0.0000000000e+00 1.5722215682e+00
709.99200000 2.7265340866e-01 -7.2193038083e-16 0.0000000000e+00 -7.2193038083e-16 2.7265340866e-01 0.0000000000e+00 0.0000000000e+00 0.0000000000e+00 1.5739266771e+00
710.14400000 2.7586182061e-01 -7.6203762421e-16 0.0000000000e+00 -7.6203762421e-16 2.7586182061e-01 0.0000000000e+00 0.0000000000e+00 0.0000000000e+00 1.5756303390e+00
710.29600000 2.7906655253e-01 -7.2193038083e-16 0.0000000000e+00 -7.2193038083e-16 2.7906655253e-01 0.0000000000e+00 0.0000000000e+00 0.0000000000e+00 1.5773325556e+00
710.44800000 2.8226761074e-01 -7.2193038083e-16 0.0000000000e+00 -7.2193038083e-16 2.8226761074e-01 0.0000000000e+00 0.0000000000e+00 0.0000000000e+00 1.5790333286e+00
710.60000000 2.8546500158e-01 -7.6203762421e-16 0.0000000000e+00 -7.6203762421e-16 2.8546500158e-01 0.0000000000e+00 0.0000000000e+00 0.0000000000e+00 1.5807326598e+00
710.75200000 2.8865873135e-01 -7.6203762421e-16 0.0000000000e+00 -7.6203762421e-16 2.8865873135e-01 0.0000000000e+00 0.0000000000e+00 0.0000000000e+00 1.5824305507e+00
710.90400000 2.9184880633e-01 -7.2193038083e-16 0.0000000000e+00 -7.2193038083e-16 2.9184880633e-01 0.0000000000e+00 0.0000000000e+00 0.0000000000e+00 1.5841270033e+00
711.05600000 2.9503523281e-01 -7.6203762421e-16 0.0000000000e+00 -7.6203762421e-16 2.9503523281e-01 0.0000000000e+00 0.0000000000e+00 0.0000000000e+00 1.5858220191e+00
711.20800000 2.9821801705e-01 -7.2193038083e-16 0.0000000000e+00 -7.2193038083e-16 2.9821801705e-01 0.0000000000e+00 0.0000000000e+00 0.0000000000e+00 1.5875155999e+00
711.36000000 3.0139716529e-01 -7.6203762421e-16 0.0000000000e+00 -7.6203762421e-16 3.0139716529e-01 0.0000000000e+00 0.0000000000e+00 0.0000000000e+00 1.5892077474e+00
711.51200000 3.0457268377e-01 -7.6203762421e-16 0.0000000000e+00 -7.6203762421e-16 3.0457268377e-01 0.0000000000e+00 0.0000000000e+00 0.0000000000e+00 1.5908984633e+00
711.66400000 3.0774457871e-01 -7.2193038083e-16 0.0000000000e+00 -7.2193038083e-16 3.0774457871e-01 0.0000000000e+00 0.0000000000e+00 0.0000000000e+00 1.5925877493e+00
711.81600000 3.1091285631e-01 -7.2193038083e-16 0.0000000000e+00 -7.2193038083e-16 3.1091285631e-01 0.0000000000e+00 0.0000000000e+00 0.0000000000e+00 1.5942756070e+00
711.96800000 3.1407752275e-01 -7.2193038083e-16 0.0000000000e+00 -7.2193038083e-16 3.1407752275e-01 0.0000000000e+00 0.0000000000e+00 0.0000000000e+00 1.5959620383e+00
712.12000000 3.1723858423e-01 -7.2193038083e-16 0.0000000000e+00 -7.2193038083e-16 3.1723858423e-01 0.0000000000e+00 0.0000000000e+00 0.0000000000e+00 1.5976470447e+00
712.27200000 3.2039604689e-01 -7.2193038083e-16 0.0000000000e+00 -7.2193038083e-16 3.2039604689e-01 0.0000000000e+00 0.0000000000e+00 0.0000000000e+00 1.5993306280e+00
712.42400000 3.2354991688e-01 -7.2193038083e-16 0.0000000000e+00 -7.2193038083e-16 3.2354991688e-01 0.0000000000e+00 0.0000000000e+00 0.0000000000e+00 1.6010127898e+00
712.57600000 3.2670020034e-01 -7.2193038083e-16 0.0000000000e+00 -7.2193038083e-16 3.2670020034e-01 0.0000000000e+00 0.0000000000e+00 0.0000000000e+00 1.6026935319e+00
712.72800000 3.2984690338e-01 -7.2193038083e-16 0.0000000000e+00 -7.2193038083e-16 3.2984690338e-01 0.0000000000e+00 0.0000000000e+00 0.0000000000e+00 1.6043728559e+00
712.88000000 3.3299003211e-01 -7.2193038083e-16 0.0000000000e+00 -7.2193038083e-16 3.3299003211e-01 0.0000000000e+00 0.0000000000e+00 0.0000000000e+00 1.6060507635e+00
713.03200000 3.3612959262e-01 -7.2193038083e-16 0.0000000000e+00 -7.2193038083e-16 3.3612959262e-01 0.0000000000e+00 0.0000000000e+00 0.0000000000e+00 1.6077272563e+00
713.18400000 3.3926559099e-01 -7.2193038083e-16 0.0000000000e+00 -7.2193038083e-16 3.3926559099e-01 0.0000000000e+00 0.0000000000e+00 0.0000000000e+00 1.6094023361e+00
713.33600000 3.4239803327e-01 -7.2193038083e-16 0.0000000000e+00 -7.2193038083e-16 3.4239803327e-01 0.0000000000e+00 0.0000000000e+00 0.0000000000e+00 1.6110760046e+00
713.48800000 3.4552692552e-01 -7.2193038083e-16 0.0000000000e+00 -7.2193038083e-16 3.4552692552e-01 0.0000000000e+00 0.0000000000e+00 0.0000000000e+00 1.6127482633e+00
713.64000000 3.4865227376e-01 -7.2193038083e-16 0.0000000000e+00 -7.2193038083e-16 3.4865227376e-01 0.0000000000e+00 0.0000000000e+00 0.0000000000e+00 1.6144191140e+00
713.79200000 3.5177408402e-01 -7.2193038083e-16 0.0000000000e+00 -7.2193038083e-16 3.5177408402e-01 0.0000000000e+00 0.0000000000e+00 0.0000000000e+00 1.6160885583e+00
713.94400000 3.5489236231e-01 -7.2193038083e-16 0.0000000000e+00 -7.2193038083e-16 3.5489236231e-01 0.0000000000e+00 0.0000000000e+00 0.0000000000e+00 1.6177565979e+00
714.09600000 3.5800711462e-01 -7.2193038083e-16 0.0000000000e+00 -7.2193038083e-16 3.5800711462e-01 0.0000000000e+00 0.0000000000e+00 0.0000000000e+00 1.6194232344e+00
714.24800000 3.6111834693e-01 -7.2193038083e-16 0.0000000000e+00 -7.2193038083e-16 3.6111834693e-01 0.0000000000e+00 0.0000000000e+00 0.0000000000e+00 1.6210884695e+00
714.40000000 3.6422606519e-01 -7.2193038083e-16 0.0000000000e+00 -7.2193038083e-16 3.6422606519e-01 0.0000000000e+00 0.0000000000e+00 0.0000000000e+00 1.6227523049e+00
714.55200000 3.6733027537e-01 -6.8182313745e-16 0.0000000000e+00 -6.8182313745e-16 3.6733027537e-01 0.0000000000e+00 0.0000000000e+00 0.0000000000e+00 1.6244147422e+00
714.70400000 3.7043098340e-01 -6.8182313745e-16 0.0000000000e+00 -6.8182313745e-16 3.7043098340e-01 0.0000000000e+00 0.0000000000e+00 0.0000000000e+00 1.6260757830e+00
714.85600000 3.7352819520e-01 -6.8182313745e-16 0.0000000000e+00 -6.8182313745e-16 3.7352819520e-01 0.0000000000e+00 0.0000000000e+00 0.0000000000e+00 1.6277354290e+00
715.00800000 3.7662191669e-01 -7.2193038083e-16 0.0000000000e+00 -7.2193038083e-16 3.7662191669e-01 0.0000000000e+00 0.0000000000e+00 0.0000000000e+00 1.6293936819e+00
715.16000000 3.7971215376e-01 -7.2193038083e-16 0.0000000000e+00 -7.2193038083e-16 3.7971215376e-01 0.0000000000e+00 0.0000000000e+00 0.0000000000e+00 1.6310505432e+00
715.31200000 3.8279891230e-01 -7.2193038083e-16 0.0000000000e+00 -7.2193038083e-16 3.8279891230e-01 0.0000000000e+00 0.0000000000e+00 0.0000000000e+00 1.6327060146e+00
715.46400000 3.8588219817e-01 -7.2193038083e-16 0.0000000000e+00 -7.2193038083e-16 3.8588219817e-01 0.0000000000e+00 0.0000000000e+00 0.0000000000e+00 1.6343600979e+00
715.61600000 3.8896201723e-01 -7.2193038083e-16 0.0000000000e+00 -7.2193038083e-16 3.8896201723e-01 0.0000000000e+00 0.0000000000e+00 0.0000000000e+00 1.6360127945e+00
715.76800000 3.9203837533e-01 -7.2193038083e-16 0.0000000000e+00 -7.2193038083e-16 3.9203837533e-01 0.0000000000e+00 0.0000000000e+00 0.0000000000e+00 1.6376641061e+00
715.92000000 3.9511127830e-01 -7.2193038083e-16 0.0000000000e+00 -7.2193038083e-16 3.9511127830e-01 0.0000000000e+00 0.0000000000e+00 0.0000000000e+00 1.6393140344e+00
716.07200000 3.9818073194e-01 -7.2193038083e-16 0.0000000000e+00 -7.2193038083e-16 3.9818073194e-01 0.0000000000e+00 0.0000000000e+00 0.0000000000e+00 1.6409625809e+00
716.22400000 4.0124674207e-01 -6.8182313745e-16 0.0000000000e+00 -6.8182313745e-16 4.0124674207e-01 0.0000000000e+00 0.0000000000e+00 0.0000000000e+00 1.6426097474e+00
716.37600000 4.0430931447e-01 -6.8182313745e-16 0.0000000000e+00 -6.8182313745e-16 4.0430931447e-01 0.0000000000e+00 0.0000000000e+00 0.0000000000e+00 1.6442555353e+00
716.52800000 4.0736845493e-01 -7.2193038083e-16 0.0000000000e+00 -7.2193038083e-16 4.0736845493e-01 0.0000000000e+00 0.0000000000e+00 0.0000000000e+00 1.6458999464e+00
716.68000000 4.1042416920e-01 -7.2193038083e-16 0.0000000000e+00 -7.2193038083e-16 4.1042416920e-01 0.0000000000e+00 0.0000000000e+00 0.0000000000e+00 1.6475429823e+00
716.83200000 4.1347646304e-01 -6.8182313745e-16 0.0000000000e+00 -6.8182313745e-16 4.1347646304e-01 0.0000000000e+00 0.0000000000e+00 0.0000000000e+00 1.6491846445e+00
716.98400000 4.1652534218e-01 -6.8182313745e-16 0.0000000000e+00 -6.8182313745e-16 4.1652534218e-01 0.0000000000e+00 0.0000000000e+00 0.0000000000e+00 1.6508249347e+00
717.13600000 4.1957081235e-01 -7.2193038083e-16 0.0000000000e+00 -7.2193038083e-16 4.1957081235e-01 0.0000000000e+00 0.0000000000e+00 0.0000000000e+00 1.6524638545e+00
717.28800000 4.2261287925e-01 -6.8182313745e-16 0.0000000000e+00 -6.8182313745e-16 4.2261287925e-01 0.0000000000e+00 0.0000000000e+00 0.0000000000e+00 1.6541014055e+00
717.44000000 4.2565154860e-01 -6.8182313745e-16 0.0000000000e+00 -6.8182313745e-16 4.2565154860e-01 0.0000000000e+00 0.0000000000e+00 0.0000000000e+00 1.6557375893e+00
717.59200000 4.2868682607e-01 -6.8182313745e-16 0.0000000000e+00 -6.8182313745e-16 4.2868682607e-01 0.0000000000e+00 0.0000000000e+00 0.0000000000e+00 1.6573724074e+00
717.74400000 4.3171871733e-01 -6.8182313745e-16 0.0000000000e+00 -6.8182313745e-16 4.3171871733e-01 0.0000000000e+00 0.0000000000e+00 0.0000000000e+00 1.6590058616e+00
717.89600000 4.3474722805e-01 -6.8182313745e-16 0.0000000000e+00 -6.8182313745e-16 4.3474722805e-01 0.0000000000e+00 0.0000000000e+00 0.0000000000e+00 1.6606379534e+00
718.04800000 4.3777236387e-01 -6.8182313745e-16 0.0000000000e+00 -6.8182313745e-16 4.3777236387e-01 0.0000000000e+00 0.0000000000e+00 0.0000000000e+00 1.6622686844e+00
718.20000000 4.4079413043e-01 -6.8182313745e-16 0.0000000000e+00 -6.8182313745e-16 4.4079413043e-01 0.0000000000e+00 0.0000000000e+00 0.0000000000e+00 1.6638980561e+00
718.35200000 4.4381253335e-01 -6.8182313745e-16 0.0000000000e+00 -6.8182313745e-16 4.4381253335e-01 0.0000000000e+00 0.0000000000e+00 0.0000000000e+00 1.6655260702e+00
718.50400000 4.4682757823e-01 -6.8182313745e-16 0.0000000000e+00 -6.8182313745e-16 4.4682757823e-01 0.0000000000e+00 0.0000000000e+00 0.0000000000e+00 1.6671527283e+00
718.65600000 4.4983927068e-01 -7.2193038083e-16 0.0000000000e+00 -7.2193038083e-16 4.4983927068e-01 0.0000000000e+00 0.0000000000e+00 0.0000000000e+00 1.6687780319e+00
718.80800000 4.5284761627e-01 -6.8182313745e-16 0.0000000000e+00 -6.8182313745e-16 4.5284761627e-01 0.0000000000e+00 0.0000000000e+00 0.0000000000e+00 1.6704019826e+00
718.96000000 4.5585262058e-01 -6.8182313745e-16 0.0000000000e+00 -6.8182313745e-16 4.5585262058e-01 0.0000000000e+00 0.0000000000e+00 0.0000000000e+00 1.6720245820e+00
719.11200000 4.5885428917e-01 -6.8182313745e-16 0.0000000000e+00 -6.8182313745e-16 4.5885428917e-01 0.0000000000e+00 0.0000000000e+00 0.0000000000e+00 1.6736458318e+00
719.26400000 4.6185262758e-01 -6.8182313745e-16 0.0000000000e+00 -6.8182313745e-16 4.6185262758e-01 0.0000000000e+00 0.0000000000e+00 0.0000000000e+00 1.6752657333e+00
719.41600000 4.6484764134e-01 -6.8182313745e-16 0.0000000000e+00 -6.8182313745e-16 4.6484764134e-01 0.0000000000e+00 0.0000000000e+00 0.0000000000e+00 1.6768842883e+00
719.56800000 4.6783933598e-01 -6.8182313745e-16 0.0000000000e+00 -6.8182313745e-16 4.6783933598e-01 0.0000000000e+00 0.0000000000e+00 0.0000000000e+00 1.6785014983e+00
719.72000000 4.7082771700e-01 -6.8182313745e-16 0.0000000000e+00 -6.8182313745e-16 4.7082771700e-01 0.0000000000e+00 0.0000000000e+00 0.0000000000e+00 1.6801173649e+00
719.87200000 4.7381278990e-01 -6.8182313745e-16 0.0000000000e+00 -6.8182313745e-16 4.7381278990e-01 0.0000000000e+00 0.0000000000e+00 0.0000000000e+00 1.6817318895e+00
720.02400000 4.7679456017e-01 -6.8182313745e-16 0.0000000000e+00 -6.8182313745e-16 4.7679456017e-01 0.0000000000e+00 0.0000000000e+00 0.0000000000e+00 1.6833450739e+00
720.17600000 4.7977303327e-01 -6.8182313745e-16 0.0000000000e+00 -6.8182313745e-16 4.7977303327e-01 0.0000000000e+00 0.0000000000e+00 0.0000000000e+00 1.6849569195e+00
720.32800000 4.8274821466e-01 -6.8182313745e-16 0.0000000000e+00 -6.8182313745e-16 4.8274821466e-01 0.0000000000e+00 0.0000000000e+00 0.0000000000e+00 1.6865674280e+00
720.48000000 4.8572010980e-01 -6.8182313745e-16 0.0000000000e+00 -6.8182313745e-16 4.8572010980e-01 0.0000000000e+00 0.0000000000e+00 0.0000000000e+00 1.6881766008e+00
720.63200000 4.8868872411e-01 -6.8182313745e-16 0.0000000000e+00 -6.8182313745e-16 4.8868872411e-01 0.0000000000e+00 0.0000000000e+00 0.0000000000e+00 1.6897844395e+00
720.78400000 4.9165406302e-01 -6.8182313745e-16 0.0000000000e+00 -6.8182313745e-16 4.9165406302e-01 0.0000000000e+00 0.0000000000e+00 0.0000000000e+00 1.6913909457e+00
720.93600000 4.9461613193e-01 -6.8182313745e-16 0.0000000000e+00 -6.8182313745e-16 4.9461613193e-01 0.0000000000e+00 0.0000000000e+00 0.0000000000e+00 1.6929961209e+00
721.08800000 4.9757493626e-01 -6.8182313745e-16 0.0000000000e+00 -6.8182313745e-16 4.9757493626e-01 0.0000000000e+00 0.0000000000e+00 0.0000000000e+00 1.6945999667e+00
721.24000000 5.0053048137e-01 -6.8182313745e-16 0.0000000000e+00 -6.8182313745e-16 5.0053048137e-01 0.0000000000e+00 0.0000000000e+00 0.0000000000e+00 1.6962024846e+00
721.39200000 5.0348277265e-01 -6.4171589407e-16 0.0000000000e+00 -6.4171589407e-16 5.0348277265e-01 0.0000000000e+00 0.0000000000e+00 0.0000000000e+00 1.6978036761e+00
721.54400000 5.0643181547e-01 -6.8182313745e-16 0.0000000000e+00 -6.8182313745e-16 5.0643181547e-01 0.0000000000e+00 0.0000000000e+00 0.0000000000e+00 1.6994035428e+00
721.69600000 5.0937761516e-01 -6.8182313745e-16 0.0000000000e+00 -6.8182313745e-16 5.0937761516e-01 0.0000000000e+00 0.0000000000e+00 0.0000000000e+00 1.7010020863e+00
721.84800000 5.1232017706e-01 -6.8182313745e-16 0.0000000000e+00 -6.8182313745e-16 5.1232017706e-01 0.0000000000e+00 0.0000000000e+00 0.0000000000e+00 1.7025993080e+00
722.00000000 5.1525950651e-01 -6.8182313745e-16 0.0000000000e+00 -6.8182313745e-16 5.1525950651e-01 0.0000000000e+00 0.0000000000e+00 0.0000000000e+00 1.7041952095e+00
722.15200000 5.1819560882e-01 -6.8182313745e-16 0.0000000000e+00 -6.8182313745e-16 5.1819560882e-01 0.0000000000e+00 0.0000000000e+00 0.0000000000e+00 1.7057897924e+00
722.30400000 5.2112848929e-01 -6.8182313745e-16 0.0000000000e+00 -6.8182313745e-16 5.2112848929e-01 0.0000000000e+00 0.0000000000e+00 0.0000000000e+00 1.7073830581e+00
722.45600000 5.2405815321e-01 -6.8182313745e-16 0.0000000000e+00 -6.8182313745e-16 5.2405815321e-01 0.0000000000e+00 0.0000000000e+00 0.0000000000e+00 1.7089750082e+00
722.60800000 5.2698460586e-01 -6.8182313745e-16 0.0000000000e+00 -6.8182313745e-16 5.2698460586e-01 0.0000000000e+00 0.0000000000e+00 0.0000000000e+00 1.7105656441e+00
722.76000000 5.2990785250e-01 -6.8182313745e-16 0.0000000000e+00 -6.8182313745e-16 5.2990785250e-01 0.0000000000e+00 0.0000000000e+00 0.0000000000e+00 1.7121549675e+00
722.91200000 5.3282789840e-01 -6.8182313745e-16 0.0000000000e+00 -6.8182313745e-16 5.3282789840e-01 0.0000000000e+00 0.0000000000e+00 0.0000000000e+00 1.7137429799e+00
723.06400000 5.3574474880e-01 -6.4171589407e-16 0.0000000000e+00 -6.4171589407e-16 5.3574474880e-01 0.0000000000e+00 0.0000000000e+00 0.0000000000e+00 1.7153296827e+00
723.21600000 5.3865840892e-01 -6.4171589407e-16 0.0000000000e+00 -6.4171589407e-16 5.3865840892e-01 0.0000000000e+00 0.0000000000e+00 0.0000000000e+00 1.7169150774e+00
723.36800000 5.4156888400e-01 -6.8182313745e-16 0.0000000000e+00 -6.8182313745e-16 5.4156888400e-01 0.0000000000e+00 0.0000000000e+00 0.0000000000e+00 1.7184991657e+00
723.52000000 5.4447617923e-01 -6.4171589407e-16 0.0000000000e+00 -6.4171589407e-16 5.4447617923e-01 0.0000000000e+00 0.0000000000e+00 0.0000000000e+00 1.7200819489e+00
723.67200000 5.4738029982e-01 -6.8182313745e-16 0.0000000000e+00 -6.8182313745e-16 5.4738029982e-01 0.0000000000e+00 0.0000000000e+00 0.0000000000e+00 1.7216634287e+00
723.82400000 5.5028125095e-01 -6.4171589407e-16 0.0000000000e+00 -6.4171589407e-16 5.5028125095e-01 0.0000000000e+00 0.0000000000e+00 0.0000000000e+00 1.7232436064e+00
723.97600000 5.5317903780e-01 -6.8182313745e-16 0.0000000000e+00 -6.8182313745e-16 5.5317903780e-01 0.0000000000e+00 0.0000000000e+00 0.0000000000e+00 1.7248224837e+00
724.12800000 5.5607366553e-01 -6.8182313745e-16 0.0000000000e+00 -6.8182313745e-16 5.5607366553e-01 0.0000000000e+00 0.0000000000e+00 0.0000000000e+00 1.7264000620e+00
724.28000000 5.5896513929e-01 -6.4171589407e-16 0.0000000000e+00 -6.4171589407e-16 5.5896513929e-01 0.0000000000e+00 0.0000000000e+00 0.0000000000e+00 1.7279763427e+00
724.43200000 5.6185346423e-01 -6.8182313745e-16 0.0000000000e+00 -6.8182313745e-16 5.6185346423e-01 0.0000000000e+00 0.0000000000e+00 0.0000000000e+00 1.7295513275e+00
724.58400000 5.6473864546e-01 -6.8182313745e-16 0.0000000000e+00 -6.8182313745e-16 5.6473864546e-01 0.0000000000e+00 0.0000000000e+00 0.0000000000e+00 1.7311250178e+00
724.73600000 5.6762068811e-01 -6.4171589407e-16 0.0000000000e+00 -6.4171589407e-16 5.6762068811e-01 0.0000000000e+00 0.0000000000e+00 0.0000000000e+00 1.7326974150e+00
724.88800000 5.7049959729e-01 -6.4171589407e-16 0.0000000000e+00 -6.4171589407e-16 5.7049959729e-01 0.0000000000e+00 0.0000000000e+00 0.0000000000e+00 1.7342685208e+00
725.04000000 5.7337537809e-01 -6.4171589407e-16 0.0000000000e+00 -6.4171589407e-16 5.7337537809e-01 0.0000000000e+00 0.0000000000e+00 0.0000000000e+00 1.7358383365e+00
725.19200000 5.7624803559e-01 -6.8182313745e-16 0.0000000000e+00 -6.8182313745e-16 5.7624803559e-01 0.0000000000e+00 0.0000000000e+00 0.0000000000e+00 1.7374068636e+00
725.34400000 5.7911757487e-01 -6.8182313745e-16 0.0000000000e+00 -6.8182313745e-16 5.7911757487e-01 0.0000000000e+00 0.0000000000e+00 0.0000000000e+00 1.7389741037e+00
725.49600000 5.8198400098e-01 -6.4171589407e-16 0.0000000000e+00 -6.4171589407e-16 5.8198400098e-01 0.0000000000e+00 0.0000000000e+00 0.0000000000e+00 1.7405400582e+00
725.64800000 5.8484731899e-01 -6.8182313745e-16 0.0000000000e+00 -6.8182313745e-16 5.8484731899e-01 0.0000000000e+00 0.0000000000e+00 0.0000000000e+00 1.7421047285e+00
725.80000000 5.8770753392e-01 -6.4171589407e-16 0.0000000000e+00 -6.4171589407e-16 5.8770753392e-01 0.0000000000e+00 0.0000000000e+00 0.0000000000e+00 1.7436681163e+00
725.95200000 5.9056465081e-01 -6.8182313745e-16 0.0000000000e+00 -6.8182313745e-16 5.9056465081e-01 0.0000000000e+00 0.0000000000e+00 0.0000000000e+00 1.7452302229e+00
726.10400000 5.9341867468e-01 -6.8182313745e-16 0.0000000000e+00 -6.8182313745e-16 5.9341867468e-01 0.0000000000e+00 0.0000000000e+00 0.0000000000e+00 1.7467910498e+00
726.25600000 5.9626961052e-01 -6.8182313745e-16 0.0000000000e+00 -6.8182313745e-16 5.9626961052e-01 0.0000000000e+00 0.0000000000e+00 0.0000000000e+00 1.7483505984e+00
726.40800000 5.9911746334e-01 -6.4171589407e-16 0.0000000000e+00 -6.4171589407e-16 5.9911746334e-01 0.0000000000e+00 0.0000000000e+00 0.0000000000e+00 1.7499088703e+00
726.56000000 6.0196223812e-01 -6.4171589407e-16 0.0000000000e+00 -6.4171589407e-16 6.0196223812e-01 0.0000000000e+00 0.0000000000e+00 0.0000000000e+00 1.7514658670e+00
726.71200000 6.0480393983e-01 -6.8182313745e-16 0.0000000000e+00 -6.8182313745e-16 6.0480393983e-01 0.0000000000e+00 0.0000000000e+00 0.0000000000e+00 1.7530215898e+00
726.86400000 6.0764257343e-01 -6.8182313745e-16 0.0000000000e+00 -6.8182313745e-16 6.0764257343e-01 0.0000000000e+00 0.0000000000e+00 0.0000000000e+00 1.7545760402e+00
727.01600000 6.1047814389e-01 -6.4171589407e-16 0.0000000000e+00 -6.4171589407e-16 6.1047814389e-01 0.0000000000e+00 0.0000000000e+00 0.0000000000e+00 1.7561292197e+00
727.16800000 6.1331065613e-01 -6.4171589407e-16 0.0000000000e+00 -6.4171589407e-16 6.1331065613e-01 0.0000000000e+00 0.0000000000e+00 0.0000000000e+00 1.7576811298e+00
727.32000000 6.1614011509e-01 -6.4171589407e-16 0.0000000000e+00 -6.4171589407e-16 6.1614011509e-01 0.0000000000e+00 0.0000000000e+00 0.0000000000e+00 1.7592317719e+00
727.47200000 6.1896652569e-01 -6.4171589407e-16 0.0000000000e+00 -6.4171589407e-16 6.1896652569e-01 0.0000000000e+00 0.0000000000e+00 0.0000000000e+00 1.7607811474e+00
727.62400000 6.2178989283e-01 -6.4171589407e-16 0.0000000000e+00 -6.4171589407e-16 6.2178989283e-01 0.0000000000e+00 0.0000000000e+00 0.0000000000e+00 1.7623292579e+00
727.77600000 6.2461022141e-01 -6.4171589407e-16 0.0000000000e+00 -6.4171589407e-16 6.2461022141e-01 0.0000000000e+00 0.0000000000e+00 0.0000000000e+00 1.7638761047e+00
727.92800000 6.2742751633e-01 -6.4171589407e-16 0.0000000000e+00 -6.4171589407e-16 6.2742751633e-01 0.0000000000e+00 0.0000000000e+00 0.0000000000e+00 1.7654216893e+00
728.08000000 6.3024178246e-01 -6.4171589407e-16 0.0000000000e+00 -6.4171589407e-16 6.3024178246e-01 0.0000000000e+00 0.0000000000e+00 0.0000000000e+00 1.7669660131e+00
728.23200000 6.3305302465e-01 -6.4171589407e-16 0.0000000000e+00 -6.4171589407e-16 6.3305302465e-01 0.0000000000e+00 0.0000000000e+00 0.0000000000e+00 1.7685090776e+00
728.38400000 6.3586124778e-01 -6.4171589407e-16 0.0000000000e+00 -6.4171589407e-16 6.3586124778e-01 0.0000000000e+00 0.0000000000e+00 0.0000000000e+00 1.7700508843e+00
728.53600000 6.3866645668e-01 -6.4171589407e-16 0.0000000000e+00 -6.4171589407e-16 6.3866645668e-01 0.0000000000e+00 0.0000000000e+00 0.0000000000e+00 1.7715914345e+00
728.68800000 6.4146865619e-01 -6.4171589407e-16 0.0000000000e+00 -6.4171589407e-16 6.4146865619e-01 0.0000000000e+00 0.0000000000e+00 0.0000000000e+00 1.7731307296e+00
728.84000000 6.4426785113e-01 -6.4171589407e-16 0.0000000000e+00 -6.4171589407e-16 6.4426785113e-01 0.0000000000e+00 0.0000000000e+00 0.0000000000e+00 1.7746687712e+00
728.99200000 6.4706404631e-01 -6.4171589407e-16 0.0000000000e+00 -6.4171589407e-16 6.4706404631e-01 0.0000000000e+00 0.0000000000e+00 0.0000000000e+00 1.7762055607e+00
729.14400000 6.4985724654e-01 -6.4171589407e-16 0.0000000000e+00 -6.4171589407e-16 6.4985724654e-01 0.0000000000e+00 0.0000000000e+00 0.0000000000e+00 1.7777410995e+00
729.29600000 6.5264745661e-01 -6.4171589407e-16 0.0000000000e+00 -6.4171589407e-16 6.5264745661e-01 0.0000000000e+00 0.0000000000e+00 0.0000000000e+00 1.7792753889e+00
729.44800000 6.5543468131e-01 -6.4171589407e-16 0.0000000000e+00 -6.4171589407e-16 6.5543468131e-01 0.0000000000e+00 0.0000000000e+00 0.0000000000e+00 1.7808084305e+00
729.60000000 6.5821892540e-01 -6.4171589407e-16 0.0000000000e+00 -6.4171589407e-16 6.5821892540e-01 0.0000000000e+00 0.0000000000e+00 0.0000000000e+00 1.7823402257e+00
729.75200000 6.6100019364e-01 -6.4171589407e-16 0.0000000000e+00 -6.4171589407e-16 6.6100019364e-01 0.0000000000e+00 0.0000000000e+00 0.0000000000e+00 1.7838707758e+00
729.90400000 6.6377849079e-01 -6.4171589407e-16 0.0000000000e+00 -6.4171589407e-16 6.6377849079e-01 0.0000000000e+00 0.0000000000e+00 0.0000000000e+00 1.7854000823e+00
730.05600000 6.6655382158e-01 -6.4171589407e-16 0.0000000000e+00 -6.4171589407e-16 6.6655382158e-01 0.0000000000e+00 0.0000000000e+00 0.0000000000e+00 1.7869281466e+00
730.20800000 6.6932619076e-01 -6.4171589407e-16 0.0000000000e+00 -6.4171589407e-16 6.6932619076e-01 0.0000000000e+00 0.0000000000e+00 0.0000000000e+00 1.7884549702e+00
730.36000000 6.7209560303e-01 -6.4171589407e-16 0.0000000000e+00 -6.4171589407e-16 6.7209560303e-01 0.0000000000e+00 0.0000000000e+00 0.0000000000e+00 1.7899805543e+00
730.51200000 6.7486206311e-01 -6.4171589407e-16 0.0000000000e+00 -6.4171589407e-16 6.7486206311e-01 0.0000000000e+00 0.0000000000e+00 0.0000000000e+00 1.7915049006e+00
730.66400000 6.7762557569e-01 -6.4171589407e-16 0.0000000000e+00 -6.4171589407e-16 6.7762557569e-01 0.0000000000e+00 0.0000000000e+00 0.0000000000e+00 1.7930280102e+00
730.81600000 6.8038614548e-01 -6.0160865069e-16 0.0000000000e+00 -6.0160865069e-16 6.8038614548e-01 0.0000000000e+00 0.0000000000e+00 0.0000000000e+00 1.7945498848e+00
730.96800000 6.8314377714e-01 -6.4171589407e-16 0.0000000000e+00 -6.4171589407e-16 6.8314377714e-01 0.0000000000e+00 0.0000000000e+00 0.0000000000e+00 1.7960705256e+00
731.12000000 6.8589847535e-01 -6.4171589407e-16 0.0000000000e+00 -6.4171589407e-16 6.8589847535e-01 0.0000000000e+00 0.0000000000e+00 0.0000000000e+00 1.7975899340e+00
731.27200000 6.8865024477e-01 -6.0160865069e-16 0.0000000000e+00 -6.0160865069e-16 6.8865024477e-01 0.0000000000e+00 0.0000000000e+00 0.0000000000e+00 1.7991081115e+00
731.42400000 6.9139909004e-01 -6.4171589407e-16 0.0000000000e+00 -6.4171589407e-16 6.9139909004e-01 0.0000000000e+00 0.0000000000e+00 0.0000000000e+00 1.8006250595e+00
731.57600000 6.9414501581e-01 -6.4171589407e-16 0.0000000000e+00 -6.4171589407e-16 6.9414501581e-01 0.0000000000e+00 0.0000000000e+00 0.0000000000e+00 1.8021407793e+00
731.72800000 6.9688802671e-01 -6.4171589407e-16 0.0000000000e+00 -6.4171589407e-16 6.9688802671e-01 0.0000000000e+00 0.0000000000e+00 0.0000000000e+00 1.8036552723e+00
731.88000000 6.9962812735e-01 -6.4171589407e-16 0.0000000000e+00 -6.4171589407e-16 6.9962812735e-01 0.0000000000e+00 0.0000000000e+00 0.0000000000e+00 1.8051685400e+00
732.03200000 7.0236532235e-01 -6.4171589407e-16 0.0000000000e+00 -6.4171589407e-16 7.0236532235e-01 0.0000000000e+00 0.0000000000e+00 0.0000000000e+00 1.8066805837e+00
732.18400000 7.0509961630e-01 -6.0160865069e-16 0.0000000000e+00 -6.0160865069e-16 7.0509961630e-01 0.0000000000e+00 0.0000000000e+00 0.0000000000e+00 1.8081914048e+00
732.33600000 7.0783101380e-01 -6.4171589407e-16 0.0000000000e+00 -6.4171589407e-16 7.0783101380e-01 0.0000000000e+00 0.0000000000e+00 0.0000000000e+00 1.8097010048e+00
732.48800000 7.1055951942e-01 -6.0160865069e-16 0.0000000000e+00 -6.0160865069e-16 7.1055951942e-01 0.0000000000e+00 0.0000000000e+00 0.0000000000e+00 1.8112093848e+00
732.64000000 7.1328513774e-01 -6.0160865069e-16 0.0000000000e+00 -6.0160865069e-16 7.1328513774e-01 0.0000000000e+00 0.0000000000e+00 0.0000000000e+00 1.8127165465e+00
732.79200000 7.1600787331e-01 -6.4171589407e-16 0.0000000000e+00 -6.4171589407e-16 7.1600787331e-01 0.0000000000e+00 0.0000000000e+00 0.0000000000e+00 1.8142224911e+00
732.94400000 7.1872773070e-01 -6.4171589407e-16 0.0000000000e+00 -6.4171589407e-16 7.1872773070e-01 0.0000000000e+00 0.0000000000e+00 0.0000000000e+00 1.8157272200e+00
733.09600000 7.2144471443e-01 -6.4171589407e-16 0.0000000000e+00 -6.4171589407e-16 7.2144471443e-01 0.0000000000e+00 0.0000000000e+00 0.0000000000e+00 1.8172307345e+00
733.24800000 7.2415882904e-01 -6.0160865069e-16 0.0000000000e+00 -6.0160865069e-16 7.2415882904e-01 0.0000000000e+00 0.0000000000e+00 0.0000000000e+00 1.8187330362e+00
733.40000000 7.2687007905e-01 -6.4171589407e-16 0.0000000000e+00 -6.4171589407e-16 7.2687007905e-01 0.0000000000e+00 0.0000000000e+00 0.0000000000e+00 1.8202341262e+00
733.55200000 7.2957846898e-01 -6.0160865069e-16 0.0000000000e+00 -6.0160865069e-16 7.2957846898e-01 0.0000000000e+00 0.0000000000e+00 0.0000000000e+00 1.8217340061e+00
733.70400000 7.3228400333e-01 -6.0160865069e-16 0.0000000000e+00 -6.0160865069e-16 7.3228400333e-01 0.0000000000e+00 0.0000000000e+00 0.0000000000e+00 1.8232326771e+00
733.85600000 7.3498668658e-01 -6.4171589407e-16 0.0000000000e+00 -6.4171589407e-16 7.3498668658e-01 0.0000000000e+00 0.0000000000e+00 0.0000000000e+00 1.8247301407e+00
734.00800000 7.3768652323e-01 -6.4171589407e-16 0.0000000000e+00 -6.4171589407e-16 7.3768652323e-01 0.0000000000e+00 0.0000000000e+00 0.0000000000e+00 1.8262263981e+00
734.16000000 7.4038351774e-01 -6.8182313745e-16 0.0000000000e+00 -6.8182313745e-16 7.4038351774e-01 0.0000000000e+00 0.0000000000e+00 0.0000000000e+00 1.8277214508e+00
734.31200000 7.4307767459e-01 -6.0160865069e-16 0.0000000000e+00 -6.0160865069e-16 7.4307767459e-01 0.0000000000e+00 0.0000000000e+00 0.0000000000e+00 1.8292153001e+00
734.46400000 7.4576899822e-01 -6.4171589407e-16 0.0000000000e+00 -6.4171589407e-16 7.4576899822e-01 0.0000000000e+00 0.0000000000e+00 0.0000000000e+00 1.8307079474e+00
734.61600000 7.4845749308e-01 -6.4171589407e-16 0.0000000000e+00 -6.4171589407e-16 7.4845749308e-01 0.0000000000e+00 0.0000000000e+00 0.0000000000e+00 1.8321993940e+00
734.76800000 7.5114316361e-01 -6.8182313745e-16 0.0000000000e+00 -6.8182313745e-16 7.5114316361e-01 0.0000000000e+00 0.0000000000e+00 0.0000000000e+00 1.8336896412e+00
734.92000000 7.5382601423e-01 -6.4171589407e-16 0.0000000000e+00 -6.4171589407e-16 7.5382601423e-01 0.0000000000e+00 0.0000000000e+00 0.0000000000e+00 1.8351786905e+00
735.07200000 7.5650604936e-01 -6.8182313745e-16 0.0000000000e+00 -6.8182313745e-16 7.5650604936e-01 0.0000000000e+00 0.0000000000e+00 0.0000000000e+00 1.8366665431e+00
735.22400000 7.5918327341e-01 -6.8182313745e-16 0.0000000000e+00 -6.8182313745e-16 7.5918327341e-01 0.0000000000e+00 0.0000000000e+00 0.0000000000e+00 1.8381532005e+00
735.37600000 7.6185769078e-01 -6.4171589407e-16 0.0000000000e+00 -6.4171589407e-16 7.6185769078e-01 0.0000000000e+00 0.0000000000e+00 0.0000000000e+00 1.8396386639e+00
735.52800000 7.6452930586e-01 -6.0160865069e-16 0.0000000000e+00 -6.0160865069e-16 7.6452930586e-01 0.0000000000e+00 0.0000000000e+00 0.0000000000e+00 1.8411229348e+00
735.68000000 7.6719812302e-01 -6.0160865069e-16 0.0000000000e+00 -6.0160865069e-16 7.6719812302e-01 0.0000000000e+00 0.0000000000e+00 0.0000000000e+00 1.8426060143e+00
735.83200000 7.6986414663e-01 -6.4171589407e-16 0.0000000000e+00 -6.4171589407e-16 7.6986414663e-01 0.0000000000e+00 0.0000000000e+00 0.0000000000e+00 1.8440879040e+00
735.98400000 7.7252738106e-01 -6.8182313745e-16 0.0000000000e+00 -6.8182313745e-16 7.7252738106e-01 0.0000000000e+00 0.0000000000e+00 0.0000000000e+00 1.8455686051e+00
736.13600000 7.7518783066e-01 -6.4171589407e-16 0.0000000000e+00 -6.4171589407e-16 7.7518783066e-01 0.0000000000e+00 0.0000000000e+00 0.0000000000e+00 1.8470481189e+00
736.28800000 7.7784549978e-01 -6.4171589407e-16 0.0000000000e+00 -6.4171589407e-16 7.7784549978e-01 0.0000000000e+00 0.0000000000e+00 0.0000000000e+00 1.8485264469e+00
736.44000000 7.8050039274e-01 -6.4171589407e-16 0.0000000000e+00 -6.4171589407e-16 7.8050039274e-01 0.0000000000e+00 0.0000000000e+00 0.0000000000e+00 1.8500035902e+00
736.59200000 7.8315251387e-01 -6.0160865069e-16 0.0000000000e+00 -6.0160865069e-16 7.8315251387e-01 0.0000000000e+00 0.0000000000e+00 0.0000000000e+00 1.8514795503e+00
736.74400000 7.8580186749e-01 -6.0160865069e-16 0.0000000000e+00 -6.0160865069e-16 7.8580186749e-01 0.0000000000e+00 0.0000000000e+00 0.0000000000e+00 1.8529543285e+00
736.89600000 7.8844845789e-01 -6.4171589407e-16 0.0000000000e+00 -6.4171589407e-16 7.8844845789e-01 0.0000000000e+00 0.0000000000e+00 0.0000000000e+00 1.8544279260e+00
737.04800000 7.9109228939e-01 -6.0160865069e-16 0.0000000000e+00 -6.0160865069e-16 7.9109228939e-01 0.0000000000e+00 0.0000000000e+00 0.0000000000e+00 1.8559003443e+00
737.20000000 7.9373336627e-01 -6.4171589407e-16 0.0000000000e+00 -6.4171589407e-16 7.9373336627e-01 0.0000000000e+00 0.0000000000e+00 0.0000000000e+00 1.8573715846e+00
737.35200000 7.9637169280e-01 -6.0160865069e-16 0.0000000000e+00 -6.0160865069e-16 7.9637169280e-01 0.0000000000e+00 0.0000000000e+00 0.0000000000e+00 1.8588416483e+00
737.50400000 7.9900727326e-01 -6.4171589407e-16 0.0000000000e+00 -6.4171589407e-16 7.9900727326e-01 0.0000000000e+00 0.0000000000e+00 0.0000000000e+00 1.8603105367e+00
737.65600000 8.0164011191e-01 -6.4171589407e-16 0.0000000000e+00 -6.4171589407e-16 8.0164011191e-01 0.0000000000e+00 0.0000000000e+00 0.0000000000e+00 1.8617782511e+00
737.80800000 8.0427021300e-01 -6.0160865069e-16 0.0000000000e+00 -6.0160865069e-16 8.0427021300e-01 0.0000000000e+00 0.0000000000e+00 0.0000000000e+00 1.8632447927e+00
737.96000000 8.0689758077e-01 -6.4171589407e-16 0.0000000000e+00 -6.4171589407e-16 8.0689758077e-01 0.0000000000e+00 0.0000000000e+00 0.0000000000e+00 1.8647101630e+00
738.11200000 8.0952221947e-01 -6.0160865069e-16 0.0000000000e+00 -6.0160865069e-16 8.0952221947e-01 0.0000000000e+00 0.0000000000e+00 0.0000000000e+00 1.8661743633e+00
738.26400000 8.1214413330e-01 -6.4171589407e-16 0.0000000000e+00 -6.4171589407e-16 8.1214413330e-01 0.0000000000e+00 0.0000000000e+00 0.0000000000e+00 1.8676373947e+00
738.41600000 8.1476332650e-01 -6.4171589407e-16 0.0000000000e+00 -6.4171589407e-16 8.1476332650e-01 0.0000000000e+00 0.0000000000e+00 0.0000000000e+00 1.8690992587e+00
738.56800000 8.1737980326e-01 -6.4171589407e-16 0.0000000000e+00 -6.4171589407e-16 8.1737980326e-01 0.0000000000e+00 0.0000000000e+00 0.0000000000e+00 1.8705599566e+00
738.72000000 8.1999356780e-01 -6.4171589407e-16 0.0000000000e+00 -6.4171589407e-16 8.1999356780e-01 0.0000000000e+00 0.0000000000e+00 0.0000000000e+00 1.8720194896e+00
738.87200000 8.2260462429e-01 -6.0160865069e-16 0.0000000000e+00 -6.0160865069e-16 8.2260462429e-01 0.0000000000e+00 0.0000000000e+00 0.0000000000e+00 1.8734778590e+00
739.02400000 8.2521297692e-01 -6.0160865069e-16 0.0000000000e+00 -6.0160865069e-16 8.2521297692e-01 0.0000000000e+00 0.0000000000e+00 0.0000000000e+00 1.8749350662e+00
739.17600000 8.2781862986e-01 -6.4171589407e-16 0.0000000000e+00 -6.4171589407e-16 8.2781862986e-01 0.0000000000e+00 0.0000000000e+00 0.0000000000e+00 1.8763911125e+00
739.32800000 8.3042158728e-01 -6.4171589407e-16 0.0000000000e+00 -6.4171589407e-16 8.3042158728e-01 0.0000000000e+00 0.0000000000e+00 0.0000000000e+00 1.8778459991e+00
739.48000000 8.3302185334e-01 -6.4171589407e-16 0.0000000000e+00 -6.4171589407e-16 8.3302185334e-01 0.0000000000e+00 0.0000000000e+00 0.0000000000e+00 1.8792997273e+00
739.63200000 8.3561943217e-01 -6.4171589407e-16 0.0000000000e+00 -6.4171589407e-16 8.3561943217e-01 0.0000000000e+00 0.0000000000e+00 0.0000000000e+00 1.8807522984e+00
739.78400000 8.3821432791e-01 -6.4171589407e-16 0.0000000000e+00 -6.4171589407e-16 8.3821432791e-01 0.0000000000e+00 0.0000000000e+00 0.0000000000e+00 1.8822037138e+00
739.93600000 8.4080654471e-01 -6.4171589407e-16 0.0000000000e+00 -6.4171589407e-16 8.4080654471e-01 0.0000000000e+00 0.0000000000e+00 0.0000000000e+00 1.8836539746e+00
740.08800000 8.4339608667e-01 -6.4171589407e-16 0.0000000000e+00 -6.4171589407e-16 8.4339608667e-01 0.0000000000e+00 0.0000000000e+00 0.0000000000e+00 1.8851030823e+00
740.24000000 8.4598295791e-01 -6.4171589407e-16 0.0000000000e+00 -6.4171589407e-16 8.4598295791e-01 0.0000000000e+00 0.0000000000e+00 0.0000000000e+00 1.8865510380e+00
740.39200000 8.4856716253e-01 -6.0160865069e-16 0.0000000000e+00 -6.0160865069e-16 8.4856716253e-01 0.0000000000e+00 0.0000000000e+00 0.0000000000e+00 1.8879978430e+00
740.54400000 8.5114870463e-01 -6.4171589407e-16 0.0000000000e+00 -6.4171589407e-16 8.5114870463e-01 0.0000000000e+00 0.0000000000e+00 0.0000000000e+00 1.8894434987e+00
740.69600000 8.5372758830e-01 -6.0160865069e-16 0.0000000000e+00 -6.0160865069e-16 8.5372758830e-01 0.0000000000e+00 0.0000000000e+00 0.0000000000e+00 1.8908880063e+00
740.84800000 8.5630381761e-01 -6.0160865069e-16 0.0000000000e+00 -6.0160865069e-16 8.5630381761e-01 0.0000000000e+00 0.0000000000e+00 0.0000000000e+00 1.8923313670e+00
741.00000000 8.5887739663e-01 -6.4171589407e-16 0.0000000000e+00 -6.4171589407e-16 8.5887739663e-01 0.0000000000e+00 0.0000000000e+00 0.0000000000e+00 1.8937735822e+00
741.15200000 8.6144832943e-01 -6.0160865069e-16 0.0000000000e+00 -6.0160865069e-16 8.6144832943e-01 0.0000000000e+00 0.0000000000e+00 0.0000000000e+00 1.8952146532e+00
741.30400000 8.6401662005e-01 -6.4171589407e-16 0.0000000000e+00 -6.4171589407e-16 8.6401662005e-01 0.0000000000e+00 0.0000000000e+00 0.0000000000e+00 1.8966545811e+00
741.45600000 8.6658227255e-01 -6.0160865069e-16 0.0000000000e+00 -6.0160865069e-16 8.6658227255e-01 0.0000000000e+00 0.0000000000e+00 0.0000000000e+00 1.8980933673e+00
741.60800000 8.6914529095e-01 -6.0160865069e-16 0.0000000000e+00 -6.0160865069e-16 8.6914529095e-01 0.0000000000e+00 0.0000000000e+00 0.0000000000e+00 1.8995310131e+00
741.76000000 8.7170567929e-01 -6.4171589407e-16 0.0000000000e+00 -6.4171589407e-16 8.7170567929e-01 0.0000000000e+00 0.0000000000e+00 0.0000000000e+00 1.9009675196e+00
741.91200000 8.7426344159e-01 -6.0160865069e-16 0.0000000000e+00 -6.0160865069e-16 8.7426344159e-01 0.0000000000e+00 0.0000000000e+00 0.0000000000e+00 1.9024028882e+00
742.06400000 8.7681858185e-01 -6.4171589407e-16 0.0000000000e+00 -6.4171589407e-16 8.7681858185e-01 0.0000000000e+00 0.0000000000e+00 0.0000000000e+00 1.9038371201e+00
742.21600000 8.7937110407e-01 -6.4171589407e-16 0.0000000000e+00 -6.4171589407e-16 8.7937110407e-01 0.0000000000e+00 0.0000000000e+00 0.0000000000e+00 1.9052702166e+00
742.36800000 8.8192101226e-01 -6.0160865069e-16 0.0000000000e+00 -6.0160865069e-16 8.8192101226e-01 0.0000000000e+00 0.0000000000e+00 0.0000000000e+00 1.9067021790e+00
742.52000000 8.8446831041e-01 -6.0160865069e-16 0.0000000000e+00 -6.0160865069e-16 8.8446831041e-01 0.0000000000e+00 0.0000000000e+00 0.0000000000e+00 1.9081330084e+00
742.67200000 8.8701300247e-01 -6.4171589407e-16 0.0000000000e+00 -6.4171589407e-16 8.8701300247e-01 0.0000000000e+00 0.0000000000e+00 0.0000000000e+00 1.9095627062e+00
742.82400000 8.8955509244e-01 -6.0160865069e-16 0.0000000000e+00 -6.0160865069e-16 8.8955509244e-01 0.0000000000e+00 0.0000000000e+00 0.0000000000e+00 1.9109912736e+00
742.97600000 8.9209458426e-01 -6.4171589407e-16 0.0000000000e+00 -6.4171589407e-16 8.9209458426e-01 0.0000000000e+00 0.0000000000e+00 0.0000000000e+00 1.9124187118e+00
743.12800000 8.9463148190e-01 -6.4171589407e-16 0.0000000000e+00 -6.4171589407e-16 8.9463148190e-01 0.0000000000e+00 0.0000000000e+00 0.0000000000e+00 1.9138450222e+00
743.28000000 8.9716578930e-01 -6.4171589407e-16 0.0000000000e+00 -6.4171589407e-16 8.9716578930e-01 0.0000000000e+00 0.0000000000e+00 0.0000000000e+00 1.9152702059e+00
743.43200000 8.9969751039e-01 -6.0160865069e-16 0.0000000000e+00 -6.0160865069e-16 8.9969751039e-01 0.0000000000e+00 0.0000000000e+00 0.0000000000e+00 1.9166942642e+00
743.58400000 9.0222664910e-01 -6.0160865069e-16 0.0000000000e+00 -6.0160865069e-16 9.0222664910e-01 0.0000000000e+00 0.0000000000e+00 0.0000000000e+00 1.9181171983e+00
743.73600000 9.0475320936e-01 -6.4171589407e-16 0.0000000000e+00 -6.4171589407e-16 9.0475320936e-01 0.0000000000e+00 0.0000000000e+00 0.0000000000e+00 1.9195390095e+00
743.88800000 9.0727719508e-01 -6.4171589407e-16 0.0000000000e+00 -6.4171589407e-16 9.0727719508e-01 0.0000000000e+00 0.0000000000e+00 0.0000000000e+00 1.9209596990e+00
744.04000000 9.0979861017e-01 -6.0160865069e-16 0.0000000000e+00 -6.0160865069e-16 9.0979861017e-01 0.0000000000e+00 0.0000000000e+00 0.0000000000e+00 1.9223792681e+00
744.19200000 9.1231745851e-01 -6.0160865069e-16 0.0000000000e+00 -6.0160865069e-16 9.1231745851e-01 0.0000000000e+00 0.0000000000e+00 0.0000000000e+00 1.9237977179e+00
744.34400000 9.1483374400e-01 -6.0160865069e-16 0.0000000000e+00 -6.0160865069e-16 9.1483374400e-01 0.0000000000e+00 0.0000000000e+00 0.0000000000e+00 1.9252150498e+00
744.49600000 9.1734747053e-01 -6.4171589407e-16 0.0000000000e+00 -6.4171589407e-16 9.1734747053e-01 0.0000000000e+00 0.0000000000e+00 0.0000000000e+00 1.9266312649e+00
744.64800000 9.1985864195e-01 -6.0160865069e-16 0.0000000000e+00 -6.0160865069e-16 9.1985864195e-01 0.0000000000e+00 0.0000000000e+00 0.0000000000e+00 1.9280463646e+00
744.80000000 9.2236726215e-01 -6.4171589407e-16 0.0000000000e+00 -6.4171589407e-16 9.2236726215e-01 0.0000000000e+00 0.0000000000e+00 0.0000000000e+00 1.9294603499e+00
744.95200000 9.2487333497e-01 -6.0160865069e-16 0.0000000000e+00 -6.0160865069e-16 9.2487333497e-01 0.0000000000e+00 0.0000000000e+00 0.0000000000e+00 1.9308732222e+00
745.10400000 9.2737686427e-01 -6.0160865069e-16 0.0000000000e+00 -6.0160865069e-16 9.2737686427e-01 0.0000000000e+00 0.0000000000e+00 0.0000000000e+00 1.9322849827e+00
745.25600000 9.2987785388e-01 -6.0160865069e-16 0.0000000000e+00 -6.0160865069e-16 9.2987785388e-01 0.0000000000e+00 0.0000000000e+00 0.0000000000e+00 1.9336956325e+00
745.40800000 9.3237630765e-01 -6.0160865069e-16 0.0000000000e+00 -6.0160865069e-16 9.3237630765e-01 0.0000000000e+00 0.0000000000e+00 0.0000000000e+00 1.9351051730e+00
745.56000000 9.3487222939e-01 -6.0160865069e-16 0.0000000000e+00 -6.0160865069e-16 9.3487222939e-01 0.0000000000e+00 0.0000000000e+00 0.0000000000e+00 1.9365136053e+00
745.71200000 9.3736562292e-01 -6.0160865069e-16 0.0000000000e+00 -6.0160865069e-16 9.3736562292e-01 0.0000000000e+00 0.0000000000e+00 0.0000000000e+00 1.9379209307e+00
745.86400000 9.3985649206e-01 -6.0160865069e-16 0.0000000000e+00 -6.0160865069e-16 9.3985649206e-01 0.0000000000e+00 0.0000000000e+00 0.0000000000e+00 1.9393271503e+00
746.01600000 9.4234484061e-01 -6.0160865069e-16 0.0000000000e+00 -6.0160865069e-16 9.4234484061e-01 0.0000000000e+00 0.0000000000e+00 0.0000000000e+00 1.9407322654e+00
746.16800000 9.4483067236e-01 -6.0160865069e-16 0.0000000000e+00 -6.0160865069e-16 9.4483067236e-01 0.0000000000e+00 0.0000000000e+00 0.0000000000e+00 1.9421362773e+00
746.32000000 9.4731399110e-01 -6.4171589407e-16 0.0000000000e+00 -6.4171589407e-16 9.4731399110e-01 0.0000000000e+00 0.0000000000e+00 0.0000000000e+00 1.9435391870e+00
746.47200000 9.4979480060e-01 -6.0160865069e-16 0.0000000000e+00 -6.0160865069e-16 9.4979480060e-01 0.0000000000e+00 0.0000000000e+00 0.0000000000e+00 1.9449409959e+00
746.62400000 9.5227310464e-01 -6.0160865069e-16 0.0000000000e+00 -6.0160865069e-16 9.5227310464e-01 0.0000000000e+00 0.0000000000e+00 0.0000000000e+00 1.9463417050e+00
746.77600000 9.5474890699e-01 -6.0160865069e-16 0.0000000000e+00 -6.0160865069e-16 9.5474890699e-01 0.0000000000e+00 0.0000000000e+00 0.0000000000e+00 1.9477413158e+00
746.92800000 9.5722221140e-01 -6.0160865069e-16 0.0000000000e+00 -6.0160865069e-16 9.5722221140e-01 0.0000000000e+00 0.0000000000e+00 0.0000000000e+00 1.9491398292e+00
747.08000000 9.5969302161e-01 -6.0160865069e-16 0.0000000000e+00 -6.0160865069e-16 9.5969302161e-01 0.0000000000e+00 0.0000000000e+00 0.0000000000e+00 1.9505372466e+00
747.23200000 9.6216134138e-01 -6.0160865069e-16 0.0000000000e+00 -6.0160865069e-16 9.6216134138e-01 0.0000000000e+00 0.0000000000e+00 0.0000000000e+00 1.9519335692e+00
747.38400000 9.6462717443e-01 -6.0160865069e-16 0.0000000000e+00 -6.0160865069e-16 9.6462717443e-01 0.0000000000e+00 0.0000000000e+00 0.0000000000e+00 1.9533287981e+00
747.53600000 9.6709052448e-01 -6.0160865069e-16 0.0000000000e+00 -6.0160865069e-16 9.6709052448e-01 0.0000000000e+00 0.0000000000e+00 0.0000000000e+00 1.9547229345e+00
747.68800000 9.6955139526e-01 -6.0160865069e-16 0.0000000000e+00 -6.0160865069e-16 9.6955139526e-01 0.0000000000e+00 0.0000000000e+00 0.0000000000e+00 1.9561159797e+00
747.84000000 9.7200979048e-01 -6.0160865069e-16 0.0000000000e+00 -6.0160865069e-16 9.7200979048e-01 0.0000000000e+00 0.0000000000e+00 0.0000000000e+00 1.9575079348e+00
747.99200000 9.7446571384e-01 -6.0160865069e-16 0.0000000000e+00 -6.0160865069e-16 9.7446571384e-01 0.0000000000e+00 0.0000000000e+00 0.0000000000e+00 1.9588988011e+00
748.14400000 9.7691916904e-01 -6.0160865069e-16 0.0000000000e+00 -6.0160865069e-16 9.7691916904e-01 0.0000000000e+00 0.0000000000e+00 0.0000000000e+00 1.9602885796e+00
748.29600000 9.7937015976e-01 -6.0160865069e-16 0.0000000000e+00 -6.0160865069e-16 9.7937015976e-01 0.0000000000e+00 0.0000000000e+00 0.0000000000e+00 1.9616772717e+00
748.44800000 9.8181868969e-01 -6.0160865069e-16 0.0000000000e+00 -6.0160865069e-16 9.8181868969e-01 0.0000000000e+00 0.0000000000e+00 0.0000000000e+00 1.9630648784e+00
748.60000000 9.8426476250e-01 -6.0160865069e-16 0.0000000000e+00 -6.0160865069e-16 9.8426476250e-01 0.0000000000e+00 0.0000000000e+00 0.0000000000e+00 1.9644514011e+00
748.75200000 9.8670838185e-01 -6.0160865069e-16 0.0000000000e+00 -6.0160865069e-16 9.8670838185e-01 0.0000000000e+00 0.0000000000e+00 0.0000000000e+00 1.9658368408e+00
748.90400000 9.8914955141e-01 -6.0160865069e-16 0.0000000000e+00 -6.0160865069e-16 9.8914955141e-01 0.0000000000e+00 0.0000000000e+00 0.0000000000e+00 1.9672211987e+00
749.05600000 9.9158827482e-01 -6.0160865069e-16 0.0000000000e+00 -6.0160865069e-16 9.9158827482e-01 0.0000000000e+00 0.0000000000e+00 0.0000000000e+00 1.9686044761e+00
749.20800000 9.9402455573e-01 -6.0160865069e-16 0.0000000000e+00 -6.0160865069e-16 9.9402455573e-01 0.0000000000e+00 0.0000000000e+00 0.0000000000e+00 1.9699866741e+00
749.36000000 9.9645839777e-01 -5.6150140731e-16 0.0000000000e+00 -5.6150140731e-16 9.9645839777e-01 0.0000000000e+00 0.0000000000e+00 0.0000000000e+00 1.9713677938e+00
749.51200000 9.9888980458e-01 -6.0160865069e-16 0.0000000000e+00 -6.0160865069e-16 9.9888980458e-01 0.0000000000e+00 0.0000000000e+00 0.0000000000e+00 1.9727478366e+00
749.66400000 1.0013187798e+00 -6.0160865069e-16 0.0000000000e+00 -6.0160865069e-16 1.0013187798e+00 0.0000000000e+00 0.0000000000e+00 0.0000000000e+00 1.9741268034e+00
749.81600000 1.0037453270e+00 -5.6150140731e-16 0.0000000000e+00 -5.6150140731e-16 1.0037453270e+00 0.0000000000e+00 0.0000000000e+00 0.0000000000e+00 1.9755046956e+00
749.96800000 1.0061694498e+00 -6.0160865069e-16 0.0000000000e+00 -6.0160865069e-16 1.0061694498e+00 0.0000000000e+00 0.0000000000e+00 0.0000000000e+00 1.9768815142e+00
750.12000000 1.0085911518e+00 -5.6150140731e-16 0.0000000000e+00 -5.6150140731e-16 1.0085911518e+00 0.0000000000e+00 0.0000000000e+00 0.0000000000e+00 1.9782572605e+00
750.27200000 1.0110104366e+00 -6.0160865069e-16 0.0000000000e+00 -6.0160865069e-16 1.0110104366e+00 0.0000000000e+00 0.0000000000e+00 0.0000000000e+00 1.9796319356e+00
750.42400000 1.0134273078e+00 -5.6150140731e-16 0.0000000000e+00 -5.6150140731e-16 1.0134273078e+00 0.0000000000e+00 0.0000000000e+00 0.0000000000e+00 1.9810055407e+00
750.57600000 1.0158417690e+00 -5.6150140731e-16 0.0000000000e+00 -5.6150140731e-16 1.0158417690e+00 0.0000000000e+00 0.0000000000e+00 0.0000000000e+00 1.9823780770e+00
750.72800000 1.0182538237e+00 -5.6150140731e-16 0.0000000000e+00 -5.6150140731e-16 1.0182538237e+00 0.0000000000e+00 0.0000000000e+00 0.0000000000e+00 1.9837495455e+00
750.88000000 1.0206634755e+00 -6.0160865069e-16 0.0000000000e+00 -6.0160865069e-16 1.0206634755e+00 0.0000000000e+00 0.0000000000e+00 0.0000000000e+00 1.9851199475e+00
751.03200000 1.0230707279e+00 -5.6150140731e-16 0.0000000000e+00 -5.6150140731e-16 1.0230707279e+00 0.0000000000e+00 0.0000000000e+00 0.0000000000e+00 1.9864892842e+00
751.18400000 1.0254755846e+00 -6.0160865069e-16 0.0000000000e+00 -6.0160865069e-16 1.0254755846e+00 0.0000000000e+00 0.0000000000e+00 0.0000000000e+00 1.9878575566e+00
751.33600000 1.0278780490e+00 -6.0160865069e-16 0.0000000000e+00 -6.0160865069e-16 1.0278780490e+00 0.0000000000e+00 0.0000000000e+00 0.0000000000e+00 1.9892247660e+00
751.48800000 1.0302781247e+00 -5.6150140731e-16 0.0000000000e+00 -5.6150140731e-16 1.0302781247e+00 0.0000000000e+00 0.0000000000e+00 0.0000000000e+00 1.9905909134e+00
751.64000000 1.0326758153e+00 -5.6150140731e-16 0.0000000000e+00 -5.6150140731e-16 1.0326758153e+00 0.0000000000e+00 0.0000000000e+00 0.0000000000e+00 1.9919560002e+00
751.79200000 1.0350711241e+00 -5.6150140731e-16 0.0000000000e+00 -5.6150140731e-16 1.0350711241e+00 0.0000000000e+00 0.0000000000e+00 0.0000000000e+00 1.9933200273e+00
751.94400000 1.0374640548e+00 -5.6150140731e-16 0.0000000000e+00 -5.6150140731e-16 1.0374640548e+00 0.0000000000e+00 0.0000000000e+00 0.0000000000e+00 1.9946829959e+00
752.09600000 1.0398546109e+00 -5.6150140731e-16 0.0000000000e+00 -5.6150140731e-16 1.0398546109e+00 0.0000000000e+00 0.0000000000e+00 0.0000000000e+00 1.9960449073e+00
752.24800000 1.0422427958e+00 -5.6150140731e-16 0.0000000000e+00 -5.6150140731e-16 1.0422427958e+00 0.0000000000e+00 0.0000000000e+00 0.0000000000e+00 1.9974057625e+00
752.40000000 1.0446286131e+00 -5.6150140731e-16 0.0000000000e+00 -5.6150140731e-16 1.0446286131e+00 0.0000000000e+00 0.0000000000e+00 0.0000000000e+00 1.9987655627e+00
752.55200000 1.0470120662e+00 -5.6150140731e-16 0.0000000000e+00 -5.6150140731e-16 1.0470120662e+00 0.0000000000e+00 0.0000000000e+00 0.0000000000e+00 2.0001243091e+00
752.70400000 1.0493931587e+00 -5.6150140731e-16 0.0000000000e+00 -5.6150140731e-16 1.0493931587e+00 0.0000000000e+00 0.0000000000e+00 0.0000000000e+00 2.0014820027e+00
752.85600000 1.0517718939e+00 -5.6150140731e-16 0.0000000000e+00 -5.6150140731e-16 1.0517718939e+00 0.0000000000e+00 0.0000000000e+00 0.0000000000e+00 2.0028386447e+00
753.00800000 1.0541482754e+00 -6.0160865069e-16 0.0000000000e+00 -6.0160865069e-16 1.0541482754e+00 0.0000000000e+00 0.0000000000e+00 0.0000000000e+00 2.0041942363e+00
753.16000000 1.0565223066e+00 -5.6150140731e-16 0.0000000000e+00 -5.6150140731e-16 1.0565223066e+00 0.0000000000e+00 0.0000000000e+00 0.0000000000e+00 2.0055487786e+00
753.31200000 1.0588939909e+00 -6.0160865069e-16 0.0000000000e+00 -6.0160865069e-16 1.0588939909e+00 0.0000000000e+00 0.0000000000e+00 0.0000000000e+00 2.0069022727e+00
753.46400000 1.0612633319e+00 -6.0160865069e-16 0.0000000000e+00 -6.0160865069e-16 1.0612633319e+00 0.0000000000e+00 0.0000000000e+00 0.0000000000e+00 2.0082547197e+00
753.61600000 1.0636303330e+00 -5.6150140731e-16 0.0000000000e+00 -5.6150140731e-16 1.0636303330e+00 0.0000000000e+00 0.0000000000e+00 0.0000000000e+00 2.0096061209e+00
753.76800000 1.0659949975e+00 -5.6150140731e-16 0.0000000000e+00 -5.6150140731e-16 1.0659949975e+00 0.0000000000e+00 0.0000000000e+00 0.0000000000e+00 2.0109564772e+00
753.92000000 1.0683573289e+00 -6.0160865069e-16 0.0000000000e+00 -6.0160865069e-16 1.0683573289e+00 0.0000000000e+00 0.0000000000e+00 0.0000000000e+00 2.0123057899e+00
754.07200000 1.0707173307e+00 -5.6150140731e-16 0.0000000000e+00 -5.6150140731e-16 1.0707173307e+00 0.0000000000e+00 0.0000000000e+00 0.0000000000e+00 2.0136540601e+00
754.22400000 1.0730750062e+00 -5.6150140731e-16 0.0000000000e+00 -5.6150140731e-16 1.0730750062e+00 0.0000000000e+00 0.0000000000e+00 0.0000000000e+00 2.0150012889e+00
754.37600000 1.0754303588e+00 -5.6150140731e-16 0.0000000000e+00 -5.6150140731e-16 1.0754303588e+00 0.0000000000e+00 0.0000000000e+00 0.0000000000e+00 2.0163474774e+00
754.52800000 1.0777833920e+00 -5.6150140731e-16 0.0000000000e+00 -5.6150140731e-16 1.0777833920e+00 0.0000000000e+00 0.0000000000e+00 0.0000000000e+00 2.0176926268e+00
754.68000000 1.0801341091e+00 -5.6150140731e-16 0.0000000000e+00 -5.6150140731e-16 1.0801341091e+00 0.0000000000e+00 0.0000000000e+00 0.0000000000e+00 2.0190367381e+00
754.83200000 1.0824825135e+00 -6.0160865069e-16 0.0000000000e+00 -6.0160865069e-16 1.0824825135e+00 0.0000000000e+00 0.0000000000e+00 0.0000000000e+00 2.0203798126e+00
754.98400000 1.0848286086e+00 -5.6150140731e-16 0.0000000000e+00 -5.6150140731e-16 1.0848286086e+00 0.0000000000e+00 0.0000000000e+00 0.0000000000e+00 2.0217218512e+00
755.13600000 1.0871723978e+00 -5.6150140731e-16 0.0000000000e+00 -5.6150140731e-16 1.0871723978e+00 0.0000000000e+00 0.0000000000e+00 0.0000000000e+00 2.0230628551e+00
755.28800000 1.0895138844e+00 -5.6150140731e-16 0.0000000000e+00 -5.6150140731e-16 1.0895138844e+00 0.0000000000e+00 0.0000000000e+00 0.0000000000e+00 2.0244028255e+00
755.44000000 1.0918530717e+00 -5.6150140731e-16 0.0000000000e+00 -5.6150140731e-16 1.0918530717e+00 0.0000000000e+00 0.0000000000e+00 0.0000000000e+00 2.0257417635e+00
755.59200000 1.0941899633e+00 -5.6150140731e-16 0.0000000000e+00 -5.6150140731e-16 1.0941899633e+00 0.0000000000e+00 0.0000000000e+00 0.0000000000e+00 2.0270796701e+00
755.74400000 1.0965245623e+00 -5.6150140731e-16 0.0000000000e+00 -5.6150140731e-16 1.0965245623e+00 0.0000000000e+00 0.0000000000e+00 0.0000000000e+00 2.0284165465e+00
755.89600000 1.0988568721e+00 -5.6150140731e-16 0.0000000000e+00 -5.6150140731e-16 1.0988568721e+00 0.0000000000e+00 0.0000000000e+00 0.0000000000e+00 2.0297523937e+00
756.04800000 1.1011868961e+00 -5.6150140731e-16 0.0000000000e+00 -5.6150140731e-16 1.1011868961e+00 0.0000000000e+00 0.0000000000e+00 0.0000000000e+00 2.0310872130e+00
756.20000000 1.1035146375e+00 -5.6150140731e-16 0.0000000000e+00 -5.6150140731e-16 1.1035146375e+00 0.0000000000e+00 0.0000000000e+00 0.0000000000e+00 2.0324210053e+00
756.35200000 1.1058400997e+00 -5.6150140731e-16 0.0000000000e+00 -5.6150140731e-16 1.1058400997e+00 0.0000000000e+00 0.0000000000e+00 0.0000000000e+00 2.0337537718e+00
756.50400000 1.1081632861e+00 -5.6150140731e-16 0.0000000000e+00 -5.6150140731e-16 1.1081632861e+00 0.0000000000e+00 0.0000000000e+00 0.0000000000e+00 2.0350855137e+00
756.65600000 1.1104841998e+00 -5.6150140731e-16 0.0000000000e+00 -5.6150140731e-16 1.1104841998e+00 0.0000000000e+00 0.0000000000e+00 0.0000000000e+00 2.0364162319e+00
756.80800000 1.1128028443e+00 -5.6150140731e-16 0.0000000000e+00 -5.6150140731e-16 1.1128028443e+00 0.0000000000e+00 0.0000000000e+00 0.0000000000e+00 2.0377459276e+00
756.96000000 1.1151192228e+00 -5.6150140731e-16 0.0000000000e+00 -5.6150140731e-16 1.1151192228e+00 0.0000000000e+00 0.0000000000e+00 0.0000000000e+00 2.0390746020e+00
757.11200000 1.1174333385e+00 -5.6150140731e-16 0.0000000000e+00 -5.6150140731e-16 1.1174333385e+00 0.0000000000e+00 0.0000000000e+00 0.0000000000e+00 2.0404022560e+00
757.26400000 1.1197451948e+00 -5.6150140731e-16 0.0000000000e+00 -5.6150140731e-16 1.1197451948e+00 0.0000000000e+00 0.0000000000e+00 0.0000000000e+00 2.0417288908e+00
757.41600000 1.1220547950e+00 -5.6150140731e-16 0.0000000000e+00 -5.6150140731e-16 1.1220547950e+00 0.0000000000e+00 0.0000000000e+00 0.0000000000e+00 2.0430545075e+00
757.56800000 1.1243621422e+00 -5.6150140731e-16 0.0000000000e+00 -5.6150140731e-16 1.1243621422e+00 0.0000000000e+00 0.0000000000e+00 0.0000000000e+00 2.0443791071e+00
757.72000000 1.1266672398e+00 -5.6150140731e-16 0.0000000000e+00 -5.6150140731e-16 1.1266672398e+00 0.0000000000e+00 0.0000000000e+00 0.0000000000e+00 2.0457026909e+00
757.87200000 1.1289700911e+00 -5.6150140731e-16 0.0000000000e+00 -5.6150140731e-16 1.1289700911e+00 0.0000000000e+00 0.0000000000e+00 0.0000000000e+00 2.0470252597e+00
758.02400000 1.1312706992e+00 -5.2139416393e-16 0.0000000000e+00 -5.2139416393e-16 1.1312706992e+00 0.0000000000e+00 0.0000000000e+00 0.0000000000e+00 2.0483468148e+00
758.17600000 1.1335690674e+00 -5.6150140731e-16 0.0000000000e+00 -5.6150140731e-16 1.1335690674e+00 0.0000000000e+00 0.0000000000e+00 0.0000000000e+00 2.0496673573e+00
758.32800000 1.1358651989e+00 -5.6150140731e-16 0.0000000000e+00 -5.6150140731e-16 1.1358651989e+00 0.0000000000e+00 0.0000000000e+00 0.0000000000e+00 2.0509868881e+00
758.48000000 1.1381590971e+00 -5.6150140731e-16 0.0000000000e+00 -5.6150140731e-16 1.1381590971e+00 0.0000000000e+00 0.0000000000e+00 0.0000000000e+00 2.0523054084e+00
758.63200000 1.1404507650e+00 -5.6150140731e-16 0.0000000000e+00 -5.6150140731e-16 1.1404507650e+00 0.0000000000e+00 0.0000000000e+00 0.0000000000e+00 2.0536229193e+00
758.78400000 1.1427402059e+00 -5.6150140731e-16 0.0000000000e+00 -5.6150140731e-16 1.1427402059e+00 0.0000000000e+00 0.0000000000e+00 0.0000000000e+00 2.0549394219e+00
758.93600000 1.1450274230e+00 -5.6150140731e-16 0.0000000000e+00 -5.6150140731e-16 1.1450274230e+00 0.0000000000e+00 0.0000000000e+00 0.0000000000e+00 2.0562549171e+00
759.08800000 1.1473124196e+00 -5.6150140731e-16 0.0000000000e+00 -5.6150140731e-16 1.1473124196e+00 0.0000000000e+00 0.0000000000e+00 0.0000000000e+00 2.0575694062e+00
759.24000000 1.1495951988e+00 -5.6150140731e-16 0.0000000000e+00 -5.6150140731e-16 1.1495951988e+00 0.0000000000e+00 0.0000000000e+00 0.0000000000e+00 2.0588828901e+00
759.39200000 1.1518757638e+00 -5.6150140731e-16 0.0000000000e+00 -5.6150140731e-16 1.1518757638e+00 0.0000000000e+00 0.0000000000e+00 0.0000000000e+00 2.0601953700e+00
759.54400000 1.1541541177e+00 -5.6150140731e-16 0.0000000000e+00 -5.6150140731e-16 1.1541541177e+00 0.0000000000e+00 0.0000000000e+00 0.0000000000e+00 2.0615068470e+00
759.69600000 1.1564302639e+00 -5.6150140731e-16 0.0000000000e+00 -5.6150140731e-16 1.1564302639e+00 0.0000000000e+00 0.0000000000e+00 0.0000000000e+00 2.0628173220e+00
759.84800000 1.1587042054e+00 -5.6150140731e-16 0.0000000000e+00 -5.6150140731e-16 1.1587042054e+00 0.0000000000e+00 0.0000000000e+00 0.0000000000e+00 2.0641267962e+00
760.00000000 1.1609759454e+00 -5.2139416393e-16 0.0000000000e+00 -5.2139416393e-16 1.1609759454e+00 0.0000000000e+00 0.0000000000e+00 0.0000000000e+00 2.0654352706e+00
